代码,名称,最新价,买入,卖出,昨收,今开,最高,最低,成交量,成交额,涨跌幅,涨跌额
920000,XD安徽凤,14.98,14.91,14.98,15.12,15.11,15.42,14.83,397262.0,5970162.0,-0.926,-0.14
920001,纬达光电,17.35,17.34,17.35,17.34,17.0,17.95,16.62,11330558.0,195468452.0,0.058,0.01
920002,万达轴承,92.93,92.93,92.97,92.2,92.26,93.99,91.0,909943.0,84190430.0,0.792,0.73
920003,中诚咨询,29.83,29.83,29.84,30.0,30.0,30.28,29.61,170441.0,5085290.0,-0.567,-0.17
920005,鼎佳精密,33.06,33.05,33.06,34.1,34.03,34.07,32.88,434821.0,14487348.0,-3.05,-1.04
920006,晟楠科技,17.99,17.98,17.99,18.13,18.28,18.42,17.9,1058480.0,19121394.0,-0.772,-0.14
920007,酉立智能,47.25,46.95,47.25,48.8,48.86,49.8,46.69,274223.0,13055397.0,-3.176,-1.55
920008,成电光信,24.19,24.15,24.19,25.15,25.14,25.22,23.93,1219563.0,29819637.0,-3.817,-0.96
920009,丹娜生物,40.49,40.49,40.5,41.79,41.97,42.35,40.06,401146.0,16402295.0,-3.111,-1.3
920010,凯添燃气,11.41,11.41,11.42,11.93,11.89,11.9,11.22,8173316.0,93811798.0,-4.359,-0.52
920011,晨光电机,26.86,26.85,26.86,27.85,27.5,27.61,26.69,3455815.0,93377245.0,-3.555,-0.99
920012,创达新材,70.15,70.15,70.17,67.27,67.68,70.86,65.13,2687157.0,185379907.0,4.281,2.88
920014,特瑞斯,10.5,10.49,10.5,10.8,10.8,10.86,10.4,2098868.0,22182125.0,-2.778,-0.3
920015,锦华新材,46.48,46.47,46.48,47.83,47.21,48.87,45.46,3818029.0,178155993.0,-2.822,-1.35
920016,中草香料,15.39,15.27,15.39,15.64,15.77,15.85,15.2,578176.0,8926773.0,-1.598,-0.25
920017,星昊医药,16.87,16.61,16.87,16.94,16.98,16.98,16.53,1019741.0,17030139.0,-0.413,-0.07
920018,宏远股份,26.35,26.35,26.39,26.32,26.76,27.13,26.3,994323.0,26415407.0,0.114,0.03
920019,铜冠矿建,17.83,17.83,17.84,17.05,17.43,18.72,17.38,5163866.0,93623839.0,4.575,0.78
920020,泰凯英,15.12,15.12,15.17,15.33,15.33,15.37,15.09,643967.0,9774378.0,-1.37,-0.21
920021,流金科技,9.59,9.59,9.6,9.95,9.95,10.15,9.48,17797239.0,172825101.0,-3.618,-0.36
920022,世昌股份,24.11,24.11,24.13,24.53,25.0,25.0,23.88,414203.0,10046467.0,-1.712,-0.42
920023,*ST田野,2.3,2.29,2.3,2.4,2.4,2.4,2.26,8056330.0,18626648.0,-4.167,-0.1
920026,卓兆点胶,33.36,33.31,33.36,34.59,34.45,34.47,33.21,1542356.0,51963826.0,-3.556,-1.23
920027,交大铁发,16.92,16.92,16.98,17.37,17.45,17.45,16.66,1158997.0,19744406.0,-2.591,-0.45
920028,新恒泰,20.51,20.51,20.53,22.05,22.05,22.09,20.2,7534774.0,155216791.0,-6.984,-1.54
920029,开发科技,67.28,67.28,67.29,64.76,64.77,67.28,64.77,1135360.0,75605867.0,3.891,2.52
920030,德众汽车,5.27,5.27,5.29,5.32,5.34,5.63,5.18,3053067.0,16526545.0,-0.94,-0.05
920033,康普化学,16.07,16.06,16.07,16.17,16.17,16.42,15.92,580877.0,9387717.0,-0.618,-0.1
920035,精创电气,28.53,28.53,28.56,29.21,29.31,29.97,28.39,533626.0,15394414.0,-2.328,-0.68
920036,觅睿科技,42.94,42.91,42.94,45.0,44.95,45.49,42.75,1290947.0,56019490.0,-4.578,-2.06
920037,广信科技,48.4,48.39,48.4,48.98,49.35,50.25,48.26,1325852.0,64925509.0,-1.184,-0.58
920039,国义招标,8.49,8.47,8.49,8.7,8.76,8.79,8.39,1232942.0,10512859.0,-2.414,-0.21
920045,蘅东光,573.98,573.6,573.98,501.37,520.0,580.0,514.02,1864725.0,1022777858.0,14.482,72.61
920046,亿能电力,29.5,29.49,29.5,28.66,28.88,30.31,28.88,7327774.0,216406900.0,2.931,0.84
920047,诺思兰德,30.5,30.47,30.5,30.32,30.62,31.53,30.03,3353101.0,102605106.0,0.594,0.18
920050,爱舍伦,32.03,32.03,32.04,32.12,32.0,32.33,31.73,267569.0,8555936.0,-0.28,-0.09
920055,隆源股份,32.75,32.75,32.8,33.72,33.59,33.83,32.66,875128.0,28882641.0,-2.877,-0.97
920056,能之光,21.34,21.34,21.47,21.82,21.78,21.95,21.26,796304.0,17133111.0,-2.2,-0.48
920057,百甲科技,5.58,5.58,5.6,5.73,5.73,5.75,5.51,1412547.0,7941032.0,-2.618,-0.15
920058,华洋赛车,28.03,0.0,0.0,28.03,0.0,0.0,0.0,0.0,0.0,0.0,0.0
920060,万源通,31.74,31.74,31.75,32.09,32.48,32.98,31.46,4013650.0,128658651.0,-1.091,-0.35
920061,西磁科技,23.72,23.72,23.73,24.16,24.5,24.5,23.26,1130510.0,26853874.0,-1.821,-0.44
920062,科润智控,10.09,10.08,10.09,10.27,10.27,10.5,9.96,4705060.0,47980177.0,-1.753,-0.18
920066,科拜尔,23.35,23.34,23.35,22.48,22.33,23.48,22.04,1663670.0,38403477.0,3.87,0.87
920068,天工股份,18.81,18.77,18.81,19.05,19.13,19.57,18.6,1716985.0,32466147.0,-1.26,-0.24
920069,普昂医疗,37.52,37.44,37.52,38.48,38.31,38.45,37.0,808819.0,30431277.0,-2.495,-0.96
920075,柏星龙,20.2,20.13,20.2,20.58,20.56,20.58,19.82,1015259.0,20321229.0,-1.846,-0.38
920076,国亮新材,20.46,20.39,20.46,20.92,20.97,21.0,20.18,1282753.0,26282145.0,-2.199,-0.46
920077,吉林碳谷,16.59,16.58,16.59,16.89,16.99,17.06,16.4,6013435.0,99806403.0,-1.776,-0.3
920078,族兴新材,33.88,33.6,33.88,33.77,33.25,35.78,32.56,6371097.0,216494545.0,0.326,0.11
920080,奥美森,23.56,23.55,23.56,24.47,24.48,24.6,23.39,722057.0,17226209.0,-3.719,-0.91
920082,方正阀门,13.75,13.72,13.75,14.12,14.12,14.24,13.65,913201.0,12650862.0,-2.62,-0.37
920086,科马材料,28.21,28.21,28.23,29.32,29.6,29.8,28.14,1569358.0,44904828.0,-3.786,-1.11
920087,秋乐种业,11.73,11.73,11.74,11.97,12.0,12.12,11.65,3419169.0,40492576.0,-2.005,-0.24
920088,科力股份,35.7,35.7,35.73,40.12,38.07,38.45,35.28,5258524.0,192149683.0,-11.017,-4.42
920089,禾昌聚合,16.17,16.15,16.17,16.37,16.37,16.39,16.02,908498.0,14668806.0,-1.222,-0.2
920090,*ST同辉,4.19,4.17,4.19,4.3,4.32,4.35,4.15,2999690.0,12677074.0,-2.558,-0.11
920091,大鹏工业,44.45,44.44,44.45,46.8,47.39,47.39,44.0,1017561.0,46065049.0,-5.021,-2.35
920092,汉鑫科技,33.06,33.06,33.08,33.8,33.0,34.48,32.6,2497439.0,82960528.0,-2.189,-0.74
920096,嘉晨智能,66.56,66.56,66.57,77.0,73.0,74.9,65.81,5929080.0,410566241.0,-13.558,-10.44
920098,科隆新材,23.48,23.48,23.5,23.11,23.44,24.48,23.36,869966.0,20797862.0,1.601,0.37
920099,瑞华技术,32.88,32.88,32.98,33.55,33.36,34.66,32.1,2072136.0,69936993.0,-1.997,-0.67
920100,三协电机,65.66,65.66,65.69,68.05,66.89,68.58,64.88,4054134.0,269773119.0,-3.512,-2.39
920101,志高机械,31.39,31.39,31.45,31.8,32.2,32.25,31.36,422760.0,13368993.0,-1.289,-0.41
920106,林泰新材,46.88,46.78,46.88,47.91,47.9,48.38,46.52,629431.0,29762753.0,-2.15,-1.03
920108,宏海科技,10.68,10.68,10.71,10.85,10.87,10.95,10.66,1128579.0,12165155.0,-1.567,-0.17
920110,雷特科技,28.86,28.86,29.0,29.96,29.9,30.15,28.7,192418.0,5609553.0,-3.672,-1.1
920111,聚星科技,30.0,29.76,30.0,30.0,29.91,30.65,29.16,4365229.0,130435602.0,0.0,0.0
920112,巴兰仕,30.05,29.95,30.05,30.42,30.72,30.72,29.84,301955.0,9065040.0,-1.216,-0.37
920116,星图测控,69.06,69.03,69.06,68.1,68.3,70.2,67.75,2733144.0,188733987.0,1.41,0.96
920118,太湖远大,20.77,20.68,20.77,21.0,21.18,21.22,20.38,520946.0,10804917.0,-1.095,-0.23
920119,美德乐,60.66,60.66,60.69,63.22,63.03,63.8,60.2,1073795.0,65994756.0,-4.049,-2.56
920121,江天科技,34.66,34.65,34.78,35.14,35.14,35.34,34.51,223987.0,7777654.0,-1.366,-0.48
920122,中纺标,23.55,23.49,23.55,23.87,23.81,24.28,23.27,451594.0,10678416.0,-1.341,-0.32
920123,芭薇股份,11.54,11.54,11.61,11.73,11.73,11.81,11.47,745097.0,8641262.0,-1.62,-0.19
920124,南特科技,15.81,15.81,15.82,16.23,16.16,16.33,15.8,2105849.0,33719289.0,-2.588,-0.42
920125,鸿仕达,160.28,160.25,160.28,133.2,139.0,166.98,134.16,3716228.0,574146893.0,20.33,27.08
920128,胜业电气,26.02,26.01,26.02,26.5,26.3,26.59,25.9,2047666.0,53688093.0,-1.811,-0.48
920130,立方控股,17.45,17.45,17.46,17.77,17.9,18.1,17.27,986647.0,17307280.0,-1.801,-0.32
920132,泰鹏智能,12.73,12.72,12.73,13.04,13.05,13.14,12.54,467637.0,5960550.0,-2.377,-0.31
920139,华岭股份,19.91,19.89,19.91,19.01,18.9,20.18,18.51,11705033.0,228819404.0,4.734,0.9
920145,恒合股份,13.49,12.88,13.49,13.34,13.37,14.83,12.51,2608697.0,35409219.0,1.124,0.15
920146,华阳变速,6.19,6.19,6.21,6.37,6.34,6.43,6.15,1548955.0,9684693.0,-2.826,-0.18
920149,旭杰科技,9.15,9.15,9.23,9.44,9.53,9.57,9.07,716016.0,6641934.0,-3.072,-0.29
920152,昆工科技,16.95,16.9,16.95,18.07,18.06,18.18,16.7,3169039.0,55148745.0,-6.198,-1.12
920156,海昌智能,62.88,62.87,62.88,63.15,62.5,64.86,61.0,3037439.0,190885856.0,-0.428,-0.27
920158,长江能科,10.37,10.37,10.38,10.76,10.9,10.9,10.22,3714928.0,38685642.0,-3.625,-0.39
920159,农大科技,35.71,35.66,35.71,36.53,36.3,36.66,35.55,1013879.0,36315004.0,-2.245,-0.82
920160,北矿检测,21.98,21.97,21.98,22.13,22.14,22.29,21.82,660752.0,14525177.0,-0.678,-0.15
920163,方大新材,11.09,11.09,11.1,11.4,11.41,11.6,11.04,681401.0,7632738.0,-2.719,-0.31
920166,海圣医疗,24.13,24.13,24.17,25.09,25.0,25.0,24.03,520116.0,12690664.0,-3.826,-0.96
920167,同享科技,18.69,18.69,18.7,19.08,19.3,19.3,18.45,1809231.0,33928382.0,-2.044,-0.39
920168,通宝光电,20.2,20.18,20.2,20.91,20.66,20.93,20.11,1417757.0,28918223.0,-3.396,-0.71
920169,七丰精工,24.66,24.66,24.67,25.35,25.29,25.7,24.55,1556535.0,38825733.0,-2.722,-0.69
920171,志晟信息,20.67,20.67,20.68,20.33,20.42,21.28,20.26,3300448.0,68289159.0,1.672,0.34
920174,五新隧装,37.62,37.61,37.62,37.6,38.5,39.28,37.57,1223331.0,46751005.0,0.053,0.02
920175,东方碳素,9.61,9.6,9.61,9.61,9.7,9.78,9.52,665888.0,6407674.0,0.0,0.0
920177,恒道科技,34.05,34.05,34.06,36.04,35.81,35.99,33.86,1945429.0,67070215.0,-5.522,-1.99
920178,锐翔智能,193.1,193.1,193.11,249.12,238.22,241.0,191.0,6055966.0,1262811329.0,-22.487,-56.02
920179,凯德石英,71.59,71.53,71.59,66.63,68.2,76.8,63.97,8821423.0,613266589.0,7.444,4.96
920180,爱得科技,14.09,14.07,14.09,14.47,14.54,14.55,14.01,812996.0,11546896.0,-2.626,-0.38
920181,赛英电子,115.64,115.64,115.65,108.38,108.01,117.0,106.01,2051685.0,232038562.0,6.699,7.26
920183,海菲曼,39.11,39.11,39.12,41.0,40.86,41.18,38.6,1067369.0,42177664.0,-4.61,-1.89
920184,国源科技,13.61,13.61,13.64,13.94,13.99,14.22,13.41,1904372.0,26060861.0,-2.367,-0.33
920185,贝特瑞,27.62,27.61,27.62,28.3,28.3,28.43,27.11,8339754.0,230749105.0,-2.403,-0.68
920186,中科仪,101.0,100.99,101.0,100.5,97.0,105.56,92.92,16253265.0,1611685471.0,0.498,0.5
920187,通领科技,34.76,34.76,34.77,34.89,35.0,35.29,34.35,438098.0,15185770.0,-0.373,-0.13
920188,悦龙科技,27.37,27.28,27.37,28.36,28.17,28.28,27.05,1690331.0,46423174.0,-3.491,-0.99
920190,雷神科技,22.09,22.07,22.09,22.39,22.85,22.92,21.99,1524611.0,34009935.0,-1.34,-0.3
920191,瑞尔竞达,11.9,11.89,11.9,12.51,12.55,12.56,11.76,5443648.0,65366209.0,-4.876,-0.61
920195,三祥科技,15.06,15.0,15.06,15.16,15.89,15.89,14.96,823776.0,12564237.0,-0.66,-0.1
920198,微创光电,9.52,9.52,9.53,8.99,8.91,9.64,8.77,9366854.0,87804658.0,5.895,0.53
920199,倍益康,31.99,31.95,31.99,31.91,31.91,32.29,31.32,887519.0,28060197.0,0.251,0.08
920200,振宏股份,56.08,56.08,56.09,61.31,59.0,60.64,55.31,5325182.0,305682146.0,-8.53,-5.23
920204,沪江材料,15.07,15.06,15.07,14.98,15.2,15.24,14.83,655095.0,9830538.0,0.601,0.09
920207,众诚科技,26.8,26.78,26.8,26.38,27.29,27.66,26.46,2556278.0,68976905.0,1.592,0.42
920208,青矩技术,20.56,20.55,20.56,20.9,20.97,21.09,20.3,765577.0,15842804.0,-1.627,-0.34
920212,智新电子,11.51,11.48,11.51,11.66,11.69,11.83,11.36,610154.0,7044400.0,-1.286,-0.15
920220,朗信电气,101.73,101.73,101.75,138.8,125.0,125.0,98.1,6570317.0,722020868.0,-26.707,-37.07
920221,易实精密,16.73,16.71,16.73,16.4,16.6,17.55,16.0,3204036.0,53302447.0,2.012,0.33
920223,荣亿精密,15.18,15.18,15.2,15.72,15.99,16.04,15.05,1949487.0,29975865.0,-3.435,-0.54
920225,利通科技,23.26,23.19,23.26,23.97,24.26,24.48,22.67,2082242.0,48164643.0,-2.962,-0.71
920227,美登科技,59.0,59.0,59.06,59.58,59.45,60.21,58.6,339532.0,20080420.0,-0.973,-0.58
920230,欧康医药,11.0,11.0,11.01,11.12,11.17,11.33,10.84,1125193.0,12439768.0,-1.079,-0.12
920237,力佳科技,16.36,16.35,16.36,16.79,16.79,16.85,16.21,1059429.0,17426910.0,-2.561,-0.43
920239,长虹能源,27.44,27.44,27.47,27.66,27.8,27.96,27.06,1630881.0,44674652.0,-0.795,-0.22
920242,建邦科技,24.41,24.38,24.41,24.5,24.52,24.86,24.11,429899.0,10465356.0,-0.367,-0.09
920245,威博液压,22.4,22.4,22.55,22.87,23.11,23.24,22.27,451247.0,10257065.0,-2.055,-0.47
920247,华密新材,18.5,18.5,18.51,18.64,18.62,18.94,18.36,1648127.0,30626254.0,-0.751,-0.14
920249,利尔达,9.72,9.71,9.72,9.68,9.74,9.87,9.44,6732917.0,65231628.0,0.413,0.04
920252,天宏锂电,22.11,22.07,22.11,22.44,22.56,22.7,21.74,2091482.0,46042248.0,-1.471,-0.33
920260,中寰股份,8.81,8.79,8.81,8.94,8.97,9.04,8.72,1255934.0,11139713.0,-1.454,-0.13
920261,一诺威,14.07,14.05,14.07,14.2,14.34,14.34,13.93,1353983.0,19094900.0,-0.915,-0.13
920262,太湖雪,14.91,14.91,14.96,15.25,15.28,15.38,14.82,528053.0,7919401.0,-2.23,-0.34
920263,中航泰达,9.55,9.55,9.56,9.78,9.8,9.89,9.48,939771.0,9059331.0,-2.352,-0.23
920266,生物谷,7.37,7.37,7.39,7.54,7.53,7.54,7.32,732331.0,5422627.0,-2.255,-0.17
920267,鑫汇科,17.07,17.07,17.12,17.5,17.5,17.85,16.91,440754.0,7617806.0,-2.457,-0.43
920270,天铭科技,16.48,16.45,16.48,16.85,16.89,16.96,16.41,2374586.0,39440717.0,-2.196,-0.37
920271,邦德股份,11.35,11.27,11.35,11.6,11.6,11.7,11.12,1256062.0,14265377.0,-2.155,-0.25
920273,一致魔芋,18.19,18.14,18.19,18.1,18.3,18.33,17.93,954759.0,17344145.0,0.497,0.09
920274,宏裕包材,20.82,20.8,20.82,21.19,21.55,21.6,20.65,1061019.0,22186382.0,-1.746,-0.37
920275,驱动力,6.36,6.35,6.36,6.54,6.6,6.61,6.27,1341848.0,8567553.0,-2.752,-0.18
920278,鹿得医疗,7.03,7.02,7.03,7.23,7.23,7.29,6.97,1468161.0,10393090.0,-2.766,-0.2
920284,灵鸽科技,31.25,31.25,31.28,32.7,32.24,32.6,31.0,3595327.0,113336361.0,-4.434,-1.45
920299,灿能电力,22.9,22.9,22.92,22.65,22.7,23.36,22.45,1746647.0,39877015.0,1.104,0.25
920300,辰光医疗,10.92,10.92,10.93,11.15,11.1,11.27,10.89,1846454.0,20393867.0,-2.063,-0.23
920304,迪尔化工,10.49,10.49,10.5,11.09,11.12,11.12,10.33,2143734.0,22784004.0,-5.41,-0.6
920305,*ST云创,3.57,0.0,0.0,3.57,0.0,0.0,0.0,0.0,0.0,0.0,0.0
920339,恒太照明,8.97,8.97,8.98,8.46,8.57,8.98,8.4,2833757.0,24915579.0,6.028,0.51
920344,三元基因,20.63,20.63,20.67,20.43,20.45,20.98,20.45,457065.0,9430122.0,0.979,0.2
920346,威贸电子,18.91,18.86,18.91,19.53,19.72,19.82,18.62,923221.0,17555040.0,-3.175,-0.62
920351,华光源海,14.86,14.86,14.88,14.97,15.19,15.36,14.63,1532510.0,22900090.0,-0.735,-0.11
920357,雅葆轩,19.12,19.12,19.16,19.09,19.3,19.44,18.72,1799383.0,34329705.0,0.157,0.03
920363,莱赛激光,15.6,15.58,15.6,15.72,15.91,16.23,15.55,703316.0,11155326.0,-0.763,-0.12
920367,新赣江,16.97,16.95,16.97,17.2,17.27,17.38,16.85,576573.0,9829514.0,-1.337,-0.23
920368,连城数控,37.88,37.87,37.88,39.7,39.7,39.7,37.71,7945505.0,305352229.0,-4.584,-1.82
920370,新安洁,3.17,3.15,3.17,3.2,3.2,3.23,3.14,1513850.0,4791702.0,-0.938,-0.03
920371,欧福蛋业,8.15,8.15,8.17,8.24,8.27,8.32,8.05,1407232.0,11468087.0,-1.092,-0.09
920374,云里物里,19.06,19.05,19.06,20.15,20.13,20.13,18.94,1834935.0,35265634.0,-5.409,-1.09
920375,派诺科技,13.34,13.34,13.36,13.66,13.58,13.93,13.3,4130862.0,55806134.0,-2.343,-0.32
920378,泰德股份,9.03,9.02,9.03,9.25,9.21,9.46,8.97,3102049.0,28476487.0,-2.378,-0.22
920392,佳合科技,17.14,17.13,17.14,17.61,17.64,17.86,16.99,705723.0,12203366.0,-2.669,-0.47
920394,民士达,49.97,49.97,49.99,49.24,48.94,52.22,48.75,2331794.0,118166493.0,1.483,0.73
920395,朗鸿科技,8.68,8.67,8.68,9.09,9.09,9.09,8.66,1788396.0,15734346.0,-4.51,-0.41
920396,常辅股份,25.69,25.64,25.69,26.33,26.37,26.77,25.35,1493108.0,38514787.0,-2.431,-0.64
920402,硅烷科技,9.93,9.93,9.94,10.06,10.1,10.14,9.78,5933667.0,58947759.0,-1.292,-0.13
920403,康农种业,21.6,21.59,21.6,21.48,21.69,21.88,21.02,996608.0,21425395.0,0.559,0.12
920405,海希通讯,14.94,14.94,14.95,15.33,15.39,15.53,14.3,2229721.0,33077734.0,-2.544,-0.39
920407,驰诚股份,16.46,16.44,16.46,16.56,16.78,16.97,16.21,769965.0,12729951.0,-0.604,-0.1
920414,欧普泰,10.83,10.81,10.83,11.12,11.21,11.21,10.75,1975208.0,21584648.0,-2.608,-0.29
920415,恒拓开源,11.4,11.4,11.41,11.53,11.57,11.74,11.32,1515320.0,17432781.0,-1.127,-0.13
920418,苏轴股份,23.43,23.43,23.44,23.97,24.21,24.36,23.24,1969541.0,46913522.0,-2.253,-0.54
920419,路斯股份,11.4,11.4,11.48,11.65,11.65,11.72,11.26,882100.0,10112148.0,-2.146,-0.25
920422,润普食品,10.6,10.6,10.65,10.66,10.65,10.85,10.44,1475142.0,15726007.0,-0.563,-0.06
920425,乐创技术,27.02,27.02,27.07,26.76,26.68,27.6,26.21,3363777.0,90514115.0,0.972,0.26
920427,华维设计,12.38,12.38,12.39,11.9,12.06,12.43,11.58,2567195.0,30953211.0,4.034,0.48
920429,康比特,11.33,11.32,11.33,11.6,11.69,11.7,11.2,1261836.0,14397247.0,-2.328,-0.27
920433,大唐药业,4.91,4.9,4.91,5.04,5.03,5.05,4.9,1627979.0,8073042.0,-2.579,-0.13
920436,大地电气,13.18,13.18,13.2,13.54,13.68,13.68,13.06,1137546.0,15047289.0,-2.659,-0.36
920438,戈碧迦,72.38,72.38,72.39,68.92,68.5,75.0,66.5,10445781.0,753515192.0,5.02,3.46
920445,龙竹科技,8.1,8.1,8.12,8.4,8.44,8.46,8.02,1954849.0,15968288.0,-3.571,-0.3
920454,同心传动,13.62,13.46,13.62,13.85,13.85,13.85,13.28,771893.0,10424788.0,-1.661,-0.23
920455,汇隆活塞,7.18,7.16,7.18,7.3,7.29,7.33,7.13,502159.0,3622770.0,-1.644,-0.12
920469,富恒新材,6.78,6.77,6.78,7.13,7.27,7.27,6.69,5600484.0,38265461.0,-4.909,-0.35
920471,美邦科技,12.68,12.65,12.68,12.96,13.15,13.15,12.49,2444677.0,30984838.0,-2.16,-0.28
920475,三友科技,14.73,14.71,14.73,14.82,14.79,15.06,14.41,1279580.0,18809795.0,-0.607,-0.09
920476,海能技术,17.6,17.6,17.62,18.15,18.3,18.3,17.5,1838262.0,32541416.0,-3.03,-0.55
920478,峆一药业,10.3,10.3,10.36,10.13,10.12,10.51,10.12,1850273.0,19096153.0,1.678,0.17
920489,佳先股份,16.62,16.61,16.62,16.18,16.27,17.38,16.04,4724440.0,78335693.0,2.719,0.44
920491,奥迪威,24.46,24.46,24.47,25.13,24.88,25.18,24.22,3646680.0,89843543.0,-2.666,-0.67
920493,并行科技,146.39,146.39,146.4,149.8,149.8,151.2,145.0,1583226.0,232150053.0,-2.276,-3.41
920496,许昌智能,7.9,7.9,7.91,8.15,8.2,8.21,7.81,2382603.0,19022417.0,-3.067,-0.25
920504,博迅生物,19.31,19.31,19.39,19.98,19.82,20.28,19.05,563137.0,11039674.0,-3.353,-0.67
920505,九菱科技,36.43,36.43,36.5,36.3,36.17,36.6,35.53,855201.0,30791617.0,0.358,0.13
920508,殷图网联,17.47,17.46,17.47,17.84,17.84,18.09,17.25,553091.0,9739995.0,-2.074,-0.37
920509,同惠电子,33.95,33.95,33.96,34.23,34.33,35.1,33.57,3381895.0,115572920.0,-0.818,-0.28
920510,丰光精密,16.12,16.04,16.12,16.56,16.59,16.85,15.91,2171398.0,35427793.0,-2.657,-0.44
920519,万德股份,11.19,11.1,11.19,11.46,11.48,11.59,10.99,598474.0,6691665.0,-2.356,-0.27
920522,纳科诺尔,46.44,46.44,46.45,49.51,49.52,49.68,46.08,5379053.0,254295343.0,-6.201,-3.07
920523,德瑞锂电,20.15,20.15,20.16,20.68,20.8,20.83,20.04,1262548.0,25591313.0,-2.563,-0.53
920526,凯华材料,26.93,26.93,26.94,26.64,26.53,27.64,25.5,5868041.0,154863044.0,1.089,0.29
920527,夜光明,15.74,15.74,15.8,16.0,15.99,16.29,15.58,623969.0,9870682.0,-1.625,-0.26
920533,骏创科技,23.66,23.66,23.74,24.38,24.5,24.62,22.72,2724461.0,65076618.0,-2.953,-0.72
920541,铁大科技,11.46,11.43,11.46,11.58,11.58,11.63,11.39,789742.0,9072619.0,-1.036,-0.12
920547,无锡晶海,21.12,21.12,21.15,21.51,21.51,21.77,21.02,276361.0,5861720.0,-1.813,-0.39
920553,凯腾精工,7.88,7.87,7.88,8.17,8.17,8.29,7.84,1208180.0,9659920.0,-3.55,-0.29
920556,雅达股份,8.23,8.23,8.24,8.4,8.4,8.57,8.11,2369738.0,19672471.0,-2.024,-0.17
920564,天润科技,22.7,22.69,22.7,22.98,22.97,23.3,22.61,851587.0,19435900.0,-1.218,-0.28
920566,梓橦宫,10.03,10.02,10.03,10.23,10.25,10.27,9.93,1252955.0,12610845.0,-1.955,-0.2
920570,坤博精工,28.4,28.4,28.42,28.66,28.58,28.99,27.85,606104.0,17188534.0,-0.907,-0.26
920571,国航远洋,10.56,10.55,10.56,10.58,10.9,11.11,10.53,19341945.0,208600940.0,-0.189,-0.02
920575,*ST康乐,3.5,3.5,3.51,3.76,3.75,3.8,3.47,8095295.0,28957962.0,-6.915,-0.26
920576,天力复合,63.23,63.23,63.24,65.79,66.8,66.98,63.0,1998444.0,128743638.0,-3.891,-2.56
920578,巨能股份,17.79,17.79,17.81,18.22,18.29,18.51,17.77,1097654.0,19783393.0,-2.36,-0.43
920579,机科股份,18.17,18.17,18.21,18.28,18.27,18.5,18.01,1242179.0,22571213.0,-0.602,-0.11
920580,科创新材,14.03,14.02,14.03,14.31,14.14,14.49,13.91,4434368.0,62913075.0,-1.957,-0.28
920592,华信永道,29.85,29.78,29.85,29.63,29.85,30.85,29.31,1129265.0,33669787.0,0.742,0.22
920593,鼎智科技,31.25,31.25,31.26,31.69,31.8,32.01,30.9,4245324.0,132379196.0,-1.388,-0.44
920599,同力股份,16.63,16.58,16.63,16.77,16.87,17.08,16.42,3443881.0,57554751.0,-0.835,-0.14
920608,丰安股份,15.32,15.2,15.35,15.59,15.73,15.73,15.03,317248.0,4863406.0,-1.732,-0.27
920627,力王股份,18.23,18.23,18.24,18.67,18.87,18.87,18.08,1130068.0,20651739.0,-2.357,-0.44
920634,新威凌,17.74,17.74,17.8,18.18,18.21,18.53,17.66,567124.0,10234167.0,-2.42,-0.44
920639,晨光电缆,7.43,7.43,7.44,7.53,7.52,7.61,7.35,2257681.0,16798284.0,-1.328,-0.1
920640,富士达,36.6,36.6,36.61,35.89,35.61,37.31,35.19,7645558.0,278480722.0,1.978,0.71
920641,格利尔,16.26,16.24,16.26,16.64,16.74,16.78,16.0,1291425.0,21009215.0,-2.284,-0.38
920642,通易航天,11.99,11.98,11.99,12.28,12.28,12.56,11.84,2130472.0,25751438.0,-2.362,-0.29
920651,天罡股份,24.26,24.18,24.26,24.41,24.51,24.78,23.99,414777.0,10080544.0,-0.615,-0.15
920656,海昇药业,14.57,14.5,14.57,14.98,15.06,15.13,14.36,652164.0,9580235.0,-2.737,-0.41
920662,方盛股份,22.69,22.68,22.69,23.49,23.39,23.79,22.35,1312843.0,30087161.0,-3.406,-0.8
920663,明阳科技,15.19,15.19,15.25,15.72,15.68,15.85,15.15,648307.0,9928458.0,-3.372,-0.53
920665,科强股份,12.57,12.56,12.57,12.95,12.58,12.98,12.4,6387265.0,80757523.0,-2.934,-0.38
920670,数字人,14.81,14.8,14.81,15.1,15.1,15.34,14.69,2419709.0,35997317.0,-1.921,-0.29
920675,秉扬科技,8.33,8.33,8.37,8.51,8.53,8.75,8.27,1690560.0,14299952.0,-2.115,-0.18
920679,前进科技,16.94,16.94,16.95,17.42,17.4,17.42,16.65,264487.0,4495874.0,-2.755,-0.48
920682,球冠电缆,6.7,6.69,6.7,6.81,6.82,6.9,6.62,3271528.0,21983259.0,-1.615,-0.11
920685,新芝生物,11.9,11.9,11.94,12.39,12.41,12.48,11.86,1015189.0,12252317.0,-3.955,-0.49
920689,XD克莱特,25.84,25.84,25.85,25.96,26.22,26.6,25.7,484620.0,12590029.0,-0.462,-0.12
920690,捷众科技,27.46,27.46,27.47,27.8,27.81,28.2,27.08,1621961.0,44614870.0,-1.223,-0.34
920693,阿为特,29.99,29.98,29.99,31.15,30.93,31.47,29.93,1234384.0,37391417.0,-3.724,-1.16
920694,中裕科技,16.19,16.19,16.2,16.43,16.57,16.73,16.05,618782.0,10069626.0,-1.461,-0.24
920699,海达尔,73.52,73.51,73.52,78.6,81.88,82.0,71.15,2555612.0,194686817.0,-6.463,-5.08
920701,豪声电子,14.44,14.34,14.44,14.65,14.6,14.78,14.26,644387.0,9309707.0,-1.433,-0.21
920703,广厦环能,10.65,10.62,10.65,10.89,10.95,11.09,10.45,1003599.0,10718580.0,-2.204,-0.24
920706,铁拓机械,22.35,22.34,22.35,20.88,21.46,22.5,20.82,3180295.0,69384292.0,7.04,1.47
920717,瑞星股份,8.19,8.18,8.19,8.41,8.51,8.51,8.12,750265.0,6201228.0,-2.616,-0.22
920718,合肥高科,12.55,12.55,12.56,13.4,13.35,13.35,12.5,3843727.0,49002366.0,-6.343,-0.85
920719,宁新新材,10.82,10.82,10.83,10.52,10.77,11.17,10.69,3093337.0,33746315.0,2.852,0.3
920720,吉冈精密,11.0,11.0,11.01,11.33,11.33,11.4,10.88,1852625.0,20468069.0,-2.913,-0.33
920725,惠丰钻石,38.52,38.5,38.52,34.7,35.5,41.6,34.0,9715178.0,365308078.0,11.009,3.82
920726,朱老六,16.49,16.47,16.49,16.42,16.36,16.77,16.3,1131104.0,18727880.0,0.426,0.07
920729,永顺生物,7.67,7.61,7.67,7.65,7.65,7.71,7.61,538073.0,4114575.0,0.261,0.02
920735,德源药业,25.3,25.3,25.31,26.06,26.13,26.26,25.13,1591811.0,40638571.0,-2.916,-0.76
920748,路桥信息,29.9,29.9,29.97,30.78,30.99,30.99,29.59,730005.0,21966283.0,-2.859,-0.88
920751,惠同新材,24.19,24.18,24.19,23.18,23.18,24.3,23.17,1572684.0,37606385.0,4.357,1.01
920753,天纺标,17.01,17.0,17.01,17.27,17.27,17.54,16.83,360344.0,6153026.0,-1.506,-0.26
920765,美之高,14.25,14.25,14.3,14.4,14.68,14.69,14.08,1161292.0,16549977.0,-1.042,-0.15
920768,拾比佰,11.78,11.78,11.79,11.96,11.95,12.05,11.57,1093566.0,12846058.0,-1.505,-0.18
920770,艾能聚,12.93,12.92,12.93,13.38,13.38,13.6,12.86,3825798.0,50149673.0,-3.363,-0.45
920779,武汉蓝电,29.25,29.18,29.25,30.31,30.5,30.56,29.02,846601.0,24933861.0,-3.497,-1.06
920781,瑞奇智造,6.65,6.64,6.65,6.83,6.88,6.9,6.55,1936920.0,12907807.0,-2.635,-0.18
920786,骑士乳业,7.34,7.33,7.34,7.43,7.36,7.44,7.25,2681237.0,19644083.0,-1.211,-0.09
920790,联迪信息,20.4,20.4,20.43,20.89,21.26,21.44,20.18,1056924.0,21722393.0,-2.346,-0.49
920792,东和新材,10.5,10.43,10.5,10.68,10.7,10.77,10.4,909335.0,9600221.0,-1.685,-0.18
920799,艾融软件,32.03,32.0,32.03,31.93,31.9,32.43,31.5,2442662.0,77921174.0,0.313,0.1
920802,保丽洁,13.23,13.23,13.24,13.75,13.73,13.84,13.23,681767.0,9155605.0,-3.782,-0.52
920806,云星宇,11.15,11.15,11.2,11.31,11.33,11.47,11.07,2741417.0,30807520.0,-1.415,-0.16
920807,奔朗新材,10.99,10.99,11.0,10.79,10.76,11.08,10.46,3835438.0,41214225.0,1.854,0.2
920808,曙光数创,85.08,85.08,85.09,83.56,84.0,85.77,82.51,3055845.0,257511743.0,1.819,1.52
920809,安达科技,8.67,8.67,8.68,9.24,9.26,9.26,8.47,31194617.0,273850532.0,-6.169,-0.57
920810,春光智能,10.17,10.17,10.27,10.24,10.23,10.4,10.1,576667.0,5920238.0,-0.684,-0.07
920819,颖泰生物,3.06,3.06,3.07,3.12,3.12,3.15,3.01,5538209.0,16995884.0,-1.923,-0.06
920821,则成电子,22.6,22.58,22.6,23.28,23.44,23.89,22.5,2689967.0,61932485.0,-2.921,-0.68
920826,盖世食品,10.04,10.0,10.04,10.06,10.04,10.13,9.91,3112260.0,31148450.0,-0.199,-0.02
920832,齐鲁华信,6.17,6.17,6.18,6.27,6.26,6.35,6.1,1356939.0,8403080.0,-1.595,-0.1
920833,美心翼申,14.3,14.3,14.33,14.52,14.53,14.66,14.15,964270.0,13792441.0,-1.515,-0.22
920834,三维装备,11.12,11.1,11.12,11.57,11.56,11.61,11.01,1568572.0,17618483.0,-3.889,-0.45
920837,华原股份,11.91,11.91,11.95,12.08,12.12,12.28,11.8,1147655.0,13708160.0,-1.407,-0.17
920839,万通液压,29.76,29.76,29.82,29.84,29.87,30.41,28.91,746093.0,22084455.0,-0.268,-0.08
920855,浙江大农,15.21,15.17,15.21,15.04,15.03,15.6,14.65,1139059.0,17225682.0,1.13,0.17
920856,浩淼科技,10.87,10.87,10.93,11.29,11.34,11.37,10.76,1031798.0,11322711.0,-3.72,-0.42
920857,泓禧科技,16.56,16.51,16.56,16.75,17.21,17.21,16.4,547266.0,9098892.0,-1.134,-0.19
920866,绿亨科技,6.88,6.88,6.89,7.05,7.01,7.06,6.82,1047440.0,7249452.0,-2.411,-0.17
920870,恒进感应,14.38,14.37,14.38,14.97,14.94,15.11,14.25,1783277.0,26047324.0,-3.941,-0.59
920871,XD派特尔,12.85,12.78,12.85,12.98,13.0,13.12,12.53,499337.0,6403078.0,-1.002,-0.13
920873,中设咨询,8.6,8.53,8.6,8.51,8.74,8.77,8.36,2969253.0,25269989.0,1.058,0.09
920876,慧为智能,20.48,20.48,20.49,20.8,20.88,21.09,20.31,908571.0,18662649.0,-1.538,-0.32
920879,基康技术,16.56,16.56,16.58,16.92,17.15,17.2,16.44,960298.0,16051918.0,-2.128,-0.36
920885,星辰科技,15.97,15.97,15.98,15.97,16.0,16.37,15.72,2049684.0,32700392.0,0.0,0.0
920892,广咨国际,13.05,13.01,13.05,13.24,13.2,13.33,12.87,848505.0,11080108.0,-1.435,-0.19
920895,花溪科技,14.21,14.21,14.34,14.63,14.63,14.82,14.1,432847.0,6242157.0,-2.871,-0.42
920896,旺成科技,15.95,15.95,15.96,16.13,16.11,16.3,15.78,563968.0,9017668.0,-1.116,-0.18
920906,舜宇精工,21.3,21.3,21.36,22.08,22.08,22.19,21.13,1008648.0,21588309.0,-3.533,-0.78
920914,远航精密,22.54,22.54,22.55,22.97,23.01,23.26,22.5,1696724.0,38711334.0,-1.872,-0.43
920924,广脉科技,18.98,18.98,18.99,19.21,19.3,19.41,18.8,1412301.0,26797508.0,-1.197,-0.23
920925,锦好医疗,13.55,13.52,13.55,13.67,13.65,13.78,13.3,1435418.0,19296749.0,-0.878,-0.12
920926,鸿智科技,13.24,13.14,13.24,13.51,13.53,13.62,12.8,608340.0,8005348.0,-1.999,-0.27
920931,无锡鼎邦,11.18,11.18,11.19,11.52,11.51,11.63,11.05,628217.0,7083219.0,-2.951,-0.34
920932,科达自控,15.88,15.87,15.88,13.98,17.2,17.68,15.85,11188784.0,188836508.0,13.591,1.9
920942,恒立钻具,22.35,22.29,22.35,22.49,22.79,22.92,22.18,714880.0,16049820.0,-0.622,-0.14
920943,优机股份,15.54,15.5,15.54,15.5,15.88,15.89,15.13,724919.0,11166185.0,0.258,0.04
920946,森萱医药,9.65,9.65,9.66,9.64,9.63,9.85,9.57,1641563.0,15898353.0,0.104,0.01
920950,XD迅安科,14.86,14.7,14.86,15.02,15.19,15.29,14.57,215716.0,3207133.0,-1.065,-0.16
920953,国子软件,28.1,28.1,28.11,28.25,28.44,28.88,27.92,922351.0,26050294.0,-0.531,-0.15
920957,汉维科技,10.58,10.58,10.77,10.85,10.84,10.94,10.42,730315.0,7769875.0,-2.488,-0.27
920961,创远信科,18.36,18.33,18.36,18.38,18.38,18.77,18.06,1974443.0,36132345.0,-0.109,-0.02
920964,润农节水,5.21,5.2,5.21,5.34,5.39,5.43,5.17,1994150.0,10505593.0,-2.434,-0.13
920970,大禹生物,6.52,6.5,6.52,6.62,6.61,6.67,6.44,1122640.0,7351100.0,-1.511,-0.1
920971,天马新材,36.62,36.61,36.62,34.44,35.81,38.3,35.41,9867189.0,363403097.0,6.33,2.18
920974,凯大催化,7.65,7.64,7.65,7.61,7.61,7.72,7.24,4759555.0,35548113.0,0.526,0.04
920976,XD视声智,28.47,28.35,28.47,28.47,28.5,28.88,28.21,511201.0,14494385.0,0.0,0.0
920978,开特股份,23.77,23.77,23.87,23.94,24.01,24.24,23.62,1722065.0,41143398.0,-0.71,-0.17
920981,晶赛科技,40.9,40.89,40.9,38.34,38.8,42.0,36.78,5833658.0,227349117.0,6.677,2.56
920982,锦波生物,156.87,156.87,156.89,158.37,158.5,159.95,156.08,555986.0,87583336.0,-0.947,-1.5
920985,海泰新能,5.86,5.86,5.87,6.07,6.08,6.11,5.75,4352314.0,25648784.0,-3.46,-0.21
920992,中科美菱,13.68,13.66,13.68,14.02,14.13,14.13,13.58,831884.0,11457951.0,-2.425,-0.34
600000,浦发银行,9.08,9.08,9.09,8.96,8.94,9.12,8.91,92598961.0,839416293.0,1.339,0.12
600004,白云机场,8.29,8.29,8.3,8.23,8.38,8.38,8.27,7169684.0,59530629.0,0.729,0.06
600006,东风股份,6.36,6.36,6.37,6.5,6.45,6.53,6.32,16429201.0,104981616.0,-2.154,-0.14
600007,中国国贸,21.21,21.21,21.23,21.24,21.11,21.32,20.88,1859815.0,39212816.0,-0.141,-0.03
600008,首创环保,3.08,3.07,3.08,3.06,3.06,3.09,3.06,46402045.0,142492321.0,0.654,0.02
600009,上海机场,25.55,25.55,25.56,25.2,25.48,25.84,25.31,10565794.0,270447886.0,1.389,0.35
600010,包钢股份,2.53,2.53,2.54,2.53,2.54,2.57,2.51,502127662.0,1271199515.0,0.0,0.0
600011,华能国际,7.46,7.46,7.47,7.32,7.3,7.55,7.28,138509202.0,1030128184.0,1.913,0.14
600012,皖通高速,16.0,16.0,16.01,15.72,15.72,16.05,15.41,4130500.0,64998042.0,1.781,0.28
600015,华夏银行,6.75,6.75,6.76,6.75,6.73,6.81,6.72,54185884.0,366923300.0,0.0,0.0
600016,民生银行,3.52,3.52,3.53,3.52,3.52,3.55,3.51,120460848.0,425123810.0,0.0,0.0
600017,日照港,2.79,2.79,2.8,2.78,2.79,2.81,2.77,20158376.0,56280391.0,0.36,0.01
600018,上港集团,5.08,5.08,5.09,5.11,5.1,5.13,5.05,40909671.0,208462553.0,-0.587,-0.03
600019,宝钢股份,5.95,5.95,5.96,5.9,5.91,6.0,5.9,70914266.0,421823432.0,0.847,0.05
600020,中原高速,3.96,3.96,3.97,3.92,3.94,3.97,3.91,12597622.0,49770605.0,1.02,0.04
600021,上海电力,18.54,18.54,18.55,17.6,17.61,18.98,17.61,113287805.0,2082146425.0,5.341,0.94
600022,山东钢铁,1.35,1.35,1.36,1.34,1.35,1.36,1.34,77351479.0,104501906.0,0.746,0.01
600023,浙能电力,5.91,5.91,5.92,5.75,5.72,5.95,5.66,101532156.0,591901720.0,2.783,0.16
600025,华能水电,9.32,9.31,9.32,9.23,9.23,9.33,9.2,26657612.0,247374102.0,0.975,0.09
600026,中远海能,21.88,21.87,21.88,22.8,23.1,23.99,21.83,97816342.0,2209800825.0,-4.035,-0.92
600027,华电国际,5.17,5.16,5.17,5.13,5.11,5.19,5.08,87914903.0,452161431.0,0.78,0.04
600028,中国石化,4.92,4.92,4.93,4.96,4.96,4.99,4.92,200977587.0,994113415.0,-0.806,-0.04
600029,南方航空,5.54,5.54,5.55,5.29,5.43,5.58,5.42,202095313.0,1113305046.0,4.726,0.25
600030,中信证券,26.19,26.19,26.2,25.87,26.05,26.44,25.91,128779397.0,3365988148.0,1.237,0.32
600031,三一重工,18.83,18.82,18.83,18.96,19.11,19.44,18.69,72783760.0,1377019641.0,-0.686,-0.13
600032,浙江新能,9.93,9.93,9.94,10.32,10.22,10.43,9.63,85016716.0,843231440.0,-3.779,-0.39
600033,福建高速,3.53,3.53,3.54,3.54,3.54,3.56,3.51,16757180.0,59174951.0,-0.282,-0.01
600035,楚天高速,3.83,3.82,3.83,3.82,3.82,3.85,3.81,6189596.0,23701738.0,0.262,0.01
600036,招商银行,36.94,36.94,36.95,37.02,37.01,37.26,36.9,71066833.0,2631256789.0,-0.216,-0.08
600037,歌华有线,7.65,7.65,7.66,7.59,7.69,7.8,7.59,18896400.0,145121884.0,0.791,0.06
600038,中直股份,28.14,28.14,28.15,28.08,27.96,28.3,27.9,6097775.0,171258109.0,0.214,0.06
600039,四川路桥,8.31,8.3,8.31,8.1,8.1,8.33,8.01,40400231.0,331062858.0,2.593,0.21
600048,保利发展,5.87,5.87,5.88,5.82,5.79,5.96,5.79,80232962.0,471239873.0,0.859,0.05
600050,中国联通,4.46,4.46,4.47,4.46,4.45,4.47,4.43,186587585.0,829106390.0,0.0,0.0
600051,宁波联合,7.13,7.12,7.13,7.16,7.2,7.29,7.05,5482388.0,39129760.0,-0.419,-0.03
600052,东望时代,4.51,4.51,4.52,4.55,4.5,4.72,4.47,28722401.0,130912631.0,-0.879,-0.04
600053,*ST九鼎,9.28,0.0,9.28,9.77,9.72,9.78,9.28,7128400.0,66861677.0,-5.015,-0.49
600054,黄山旅游,10.9,10.9,10.91,10.99,10.97,11.12,10.81,8196450.0,89791505.0,-0.819,-0.09
600055,万东医疗,13.54,13.54,13.55,13.65,13.68,14.38,13.51,9060712.0,125715330.0,-0.806,-0.11
600056,中国医药,9.82,9.82,9.83,9.84,9.83,9.85,9.76,10493014.0,102714060.0,-0.203,-0.02
600057,厦门象屿,6.31,6.31,6.32,6.34,6.36,6.39,6.28,16272899.0,102885749.0,-0.473,-0.03
600058,五矿发展,10.4,10.4,10.41,10.52,10.52,10.69,10.3,8578793.0,89378012.0,-1.141,-0.12
600059,古越龙山,8.3,8.3,8.32,8.3,8.31,8.34,8.23,5826200.0,48305788.0,0.0,0.0
600060,海信视像,26.32,26.31,26.32,24.92,24.9,26.5,24.83,18130045.0,470796669.0,5.618,1.4
600061,国投资本,6.42,6.41,6.42,6.35,6.38,6.42,6.35,28719134.0,183319181.0,1.102,0.07
600062,华润双鹤,16.81,16.8,16.81,16.91,16.95,16.95,16.72,4429616.0,74402209.0,-0.591,-0.1
600063,皖维高新,6.67,6.67,6.68,6.38,6.48,6.72,6.21,84319593.0,548062436.0,4.545,0.29
600064,南京高科,7.45,7.44,7.45,7.39,7.4,7.45,7.35,12193501.0,90333194.0,0.812,0.06
600066,宇通客车,32.01,32.01,32.02,31.55,31.55,32.91,31.52,12523139.0,404924379.0,1.458,0.46
600067,冠城新材,3.17,3.17,3.18,3.2,3.2,3.23,3.14,17210100.0,54820417.0,-0.938,-0.03
600071,凤凰光学,18.9,18.9,18.91,18.93,18.98,19.08,18.61,3141661.0,59191602.0,-0.158,-0.03
600072,中船科技,12.38,12.37,12.38,12.52,12.52,12.6,12.21,24329259.0,300598115.0,-1.118,-0.14
600073,光明肉业,5.35,5.35,5.36,5.36,5.38,5.39,5.33,5213500.0,27947001.0,-0.187,-0.01
600075,新疆天业,5.32,5.32,5.33,5.39,5.41,5.53,5.3,16870241.0,91197237.0,-1.299,-0.07
600076,康欣新材,3.94,3.93,3.94,3.96,4.0,4.0,3.86,51288639.0,200975221.0,-0.505,-0.02
600078,澄星股份,13.75,13.74,13.75,14.53,14.35,14.44,13.44,37632700.0,516858641.0,-5.368,-0.78
600079,ST人福,17.63,17.63,17.64,17.88,17.85,17.94,17.58,11392666.0,201710584.0,-1.398,-0.25
600080,ST金花,5.51,5.51,5.52,5.73,5.7,5.71,5.45,7866361.0,43611697.0,-3.839,-0.22
600081,东风科技,12.01,12.0,12.01,12.11,12.12,12.13,11.85,6326858.0,75878108.0,-0.826,-0.1
600082,ST海泰,3.83,3.83,3.84,3.77,3.81,3.87,3.78,9122154.0,34875383.0,1.592,0.06
600084,*ST尼雅,4.96,4.93,4.96,4.91,4.91,4.96,4.77,4489965.0,21793269.0,1.018,0.05
600085,同仁堂,25.25,25.25,25.26,25.22,25.22,25.32,25.01,5535055.0,139485208.0,0.119,0.03
600088,中视传媒,15.2,15.19,15.2,15.68,15.55,16.05,14.98,15978092.0,245509840.0,-3.061,-0.48
600089,特变电工,26.56,26.56,26.57,26.02,26.44,26.99,26.31,128785060.0,3423470957.0,2.075,0.54
600094,大名城,4.63,4.63,4.64,4.64,4.6,4.68,4.55,19478530.0,89853091.0,-0.216,-0.01
600095,湘财股份,8.89,8.88,8.89,9.05,8.96,9.14,8.81,29774109.0,265958509.0,-1.768,-0.16
600096,云天化,30.9,30.9,30.91,32.16,32.0,32.32,30.75,42768721.0,1336998468.0,-3.918,-1.26
600097,开创国际,9.63,9.62,9.63,9.76,9.75,9.89,9.53,2429700.0,23486327.0,-1.332,-0.13
600098,广州发展,7.33,7.33,7.34,7.2,7.19,7.35,7.13,35383342.0,257096939.0,1.806,0.13
600099,林海股份,10.52,10.52,10.54,10.77,10.77,10.94,10.42,4924900.0,52219664.0,-2.321,-0.25
600100,同方股份,8.32,8.32,8.33,8.26,8.28,8.41,8.23,32688900.0,272079514.0,0.726,0.06
600101,明星电力,9.82,9.81,9.82,9.66,9.67,9.86,9.65,15213629.0,148694005.0,1.656,0.16
600103,XD青山纸,4.11,4.1,4.11,4.21,4.18,4.21,4.07,91522675.0,377076315.0,-2.375,-0.1
600104,上汽集团,12.33,12.33,12.34,12.48,12.49,12.59,12.29,32973926.0,408624248.0,-1.202,-0.15
600105,永鼎股份,47.2,47.19,47.2,47.31,47.08,47.31,45.93,107139725.0,5008337174.0,-0.233,-0.11
600106,重庆路桥,5.61,5.61,5.62,5.66,5.61,5.73,5.54,14831937.0,83210981.0,-0.883,-0.05
600107,*ST尔雅,6.65,6.65,6.66,6.6,6.68,6.8,6.54,4066500.0,27210434.0,0.758,0.05
600108,亚盛集团,3.61,3.6,3.61,3.69,3.69,3.71,3.59,54362725.0,197528466.0,-2.168,-0.08
600109,国金证券,8.77,8.77,8.78,8.74,8.75,8.82,8.66,21173778.0,185052781.0,0.343,0.03
600110,诺德股份,10.08,10.07,10.08,9.98,10.17,10.65,10.03,104991651.0,1076024138.0,1.002,0.1
600111,北方稀土,51.11,51.11,51.12,51.09,51.65,51.65,50.09,102692065.0,5206265204.0,0.039,0.02
600113,浙江东日,37.47,37.47,37.49,39.12,39.4,39.4,37.09,6164400.0,233556886.0,-4.218,-1.65
600114,XD东睦股,39.06,39.06,39.08,37.45,37.7,39.29,36.36,48881171.0,1842333547.0,4.299,1.61
600115,中国东航,4.4,4.39,4.4,4.14,4.3,4.53,4.29,385273301.0,1693585218.0,6.28,0.26
600116,三峡水利,6.69,6.68,6.69,6.57,6.6,6.75,6.52,31721301.0,211350604.0,1.826,0.12
600117,西宁特钢,2.39,2.38,2.39,2.32,2.32,2.4,2.32,17965753.0,42674491.0,3.017,0.07
600118,中国卫星,87.84,87.83,87.84,85.19,86.0,88.34,85.0,51641031.0,4480014228.0,3.111,2.65
600119,*ST长投,5.94,5.94,5.95,5.92,5.91,5.99,5.85,4693300.0,27730078.0,0.338,0.02
600120,浙江东方,5.03,5.03,5.04,5.12,5.07,5.1,4.97,48334234.0,243548074.0,-1.758,-0.09
600121,郑州煤电,4.29,4.28,4.29,4.11,4.51,4.52,4.21,115779636.0,507618418.0,4.38,0.18
600123,兰花科创,6.41,6.41,6.42,6.25,6.38,6.56,6.36,34051334.0,219181059.0,2.56,0.16
600125,铁龙物流,5.83,5.83,5.84,5.86,5.86,5.88,5.78,10972254.0,63866403.0,-0.512,-0.03
600126,杭钢股份,8.22,8.21,8.22,8.29,8.38,8.44,8.12,63938288.0,525131293.0,-0.844,-0.07
600127,金健米业,6.23,6.22,6.23,6.29,6.25,6.29,6.18,10652201.0,66460468.0,-0.954,-0.06
600128,苏豪弘业,9.52,9.5,9.52,9.55,9.57,9.68,9.42,3048907.0,29006975.0,-0.314,-0.03
600129,太极集团,14.44,14.43,14.44,14.29,14.3,14.62,14.13,7263100.0,104244829.0,1.05,0.15
600130,波导股份,5.21,5.2,5.21,5.37,5.35,5.37,5.12,64765837.0,337972508.0,-2.98,-0.16
600131,国网信通,18.07,18.07,18.08,17.62,17.91,18.26,17.76,15929071.0,287237049.0,2.554,0.45
600132,重庆啤酒,51.06,51.06,51.07,51.81,51.91,52.05,50.83,3905181.0,199714265.0,-1.448,-0.75
600133,东湖高新,9.18,9.17,9.18,9.06,9.04,9.4,8.74,38220167.0,346654263.0,1.325,0.12
600135,乐凯胶片,10.83,10.82,10.83,10.9,10.91,11.15,10.72,18293900.0,199876102.0,-0.642,-0.07
600136,ST明诚,1.69,1.68,1.69,1.68,1.68,1.69,1.67,9618200.0,16144695.0,0.595,0.01
600137,浪莎股份,21.39,21.37,21.39,21.95,22.12,22.27,21.15,1974800.0,42406187.0,-2.551,-0.56
600138,中青旅,7.92,7.92,7.93,8.05,8.05,8.06,7.91,11929515.0,95030580.0,-1.615,-0.13
600141,兴发集团,32.01,32.01,32.02,32.87,32.9,33.06,31.85,24320403.0,787174927.0,-2.616,-0.86
600143,金发科技,17.6,17.59,17.6,17.7,17.83,17.99,17.45,60208342.0,1065911775.0,-0.565,-0.1
600148,长春一东,18.48,18.48,18.53,18.78,18.84,19.15,18.2,2058500.0,38314331.0,-1.597,-0.3
600149,廊坊发展,5.99,5.99,6.0,5.99,6.03,6.11,5.89,19883602.0,119300841.0,0.0,0.0
600150,中国船舶,37.9,37.9,37.91,38.4,38.33,38.94,37.65,79827874.0,3030048378.0,-1.302,-0.5
600151,航天机电,14.7,14.7,14.71,15.19,15.3,15.36,14.4,63728224.0,937791824.0,-3.226,-0.49
600152,维科技术,12.39,12.39,12.4,13.09,13.1,13.3,12.18,55573911.0,697849696.0,-5.348,-0.7
600153,建发股份,9.6,9.6,9.61,9.45,9.42,9.76,9.41,22423885.0,214756001.0,1.587,0.15
600155,华创云信,5.81,5.8,5.81,5.81,5.81,5.86,5.72,26026800.0,150484816.0,0.0,0.0
600156,华升股份,12.23,0.0,12.23,13.59,13.6,13.85,12.23,67050898.0,846867259.0,-10.007,-1.36
600157,永泰能源,1.77,1.77,1.78,1.73,1.74,1.78,1.73,761865157.0,1342200075.0,2.312,0.04
600158,中体产业,10.72,10.71,10.72,11.67,11.43,11.54,10.53,115388258.0,1252246346.0,-8.141,-0.95
600159,大龙地产,2.98,2.97,2.98,3.01,3.0,3.07,2.94,25135300.0,75317350.0,-0.997,-0.03
600160,巨化股份,35.26,35.26,35.27,35.84,35.84,36.06,35.18,57022469.0,2023625340.0,-1.618,-0.58
600161,天坛生物,13.39,13.39,13.4,13.25,13.21,13.57,13.2,9792937.0,131226446.0,1.057,0.14
600162,香江控股,1.91,1.91,0.0,1.74,1.74,1.91,1.74,91914994.0,171714205.0,9.77,0.17
600163,中闽能源,6.54,6.53,6.54,6.32,6.35,6.63,6.32,46242446.0,299812101.0,3.481,0.22
600165,ST宁科,3.0,3.0,3.02,3.08,3.07,3.09,2.99,4848303.0,14704290.0,-2.597,-0.08
600166,福田汽车,3.11,3.11,3.12,3.13,3.12,3.15,3.08,100359769.0,312058703.0,-0.639,-0.02
600167,联美控股,6.84,6.83,6.84,6.73,6.76,6.84,6.7,9303080.0,63027927.0,1.634,0.11
600168,武汉控股,4.72,4.72,4.73,4.71,4.71,4.74,4.68,3861140.0,18169517.0,0.212,0.01
600169,ST太重,2.29,2.29,2.3,2.3,2.3,2.3,2.28,9085000.0,20790921.0,-0.435,-0.01
600170,上海建工,2.57,2.57,2.58,2.55,2.55,2.6,2.53,113517678.0,291150394.0,0.784,0.02
600171,上海贝岭,30.58,30.57,30.58,29.55,29.6,30.67,29.1,32291493.0,975665859.0,3.486,1.03
600172,黄河旋风,12.09,12.09,0.0,10.99,11.5,12.09,11.16,189011724.0,2206864851.0,10.009,1.1
600173,卧龙新能,6.74,6.74,6.75,6.73,6.73,6.78,6.63,6584102.0,44120635.0,0.149,0.01
600176,中国巨石,39.42,39.41,39.42,38.35,38.97,39.5,37.8,158069610.0,6115003343.0,2.79,1.07
600177,雅戈尔,7.43,7.42,7.43,7.37,7.35,7.43,7.29,20687641.0,151815868.0,0.814,0.06
600178,东安动力,9.4,9.39,9.4,9.67,9.6,9.65,9.3,4850050.0,45683794.0,-2.792,-0.27
600179,安通控股,4.32,4.32,4.33,4.4,4.37,4.41,4.3,35257573.0,152846662.0,-1.818,-0.08
600180,*ST瑞茂,1.42,0.0,1.42,1.49,1.42,1.46,1.42,52925272.0,75193794.0,-4.698,-0.07
600182,S佳通,14.03,14.03,14.04,14.32,14.25,14.42,13.91,4239101.0,59904110.0,-2.025,-0.29
600183,生益科技,116.52,116.51,116.52,108.01,114.0,117.81,110.35,79441086.0,9102370340.0,7.879,8.51
600184,光电股份,26.39,26.38,26.39,26.82,26.86,27.2,25.33,32905180.0,856633464.0,-1.603,-0.43
600185,珠免集团,5.58,5.58,5.59,5.5,5.53,5.72,5.4,30253478.0,167537421.0,1.455,0.08
600186,莲花控股,12.93,12.93,0.0,11.75,12.05,12.93,12.04,252240977.0,3218485446.0,10.043,1.18
600187,*ST国中,1.3,1.3,1.31,1.36,1.35,1.35,1.29,44618172.0,58528504.0,-4.412,-0.06
600188,兖矿能源,20.77,20.77,20.78,20.01,21.2,21.6,20.22,73012140.0,1529371921.0,3.798,0.76
600189,泉阳泉,8.24,8.24,8.25,8.41,8.41,8.43,8.18,9662490.0,79901395.0,-2.021,-0.17
600191,华资实业,11.31,11.31,11.32,11.73,11.67,11.67,11.16,10454130.0,118432084.0,-3.581,-0.42
600192,长城电工,8.14,8.13,8.14,8.12,8.15,8.33,8.05,6283605.0,51166716.0,0.246,0.02
600193,*ST创兴,2.17,0.0,0.0,2.17,0.0,0.0,0.0,0.0,0.0,0.0,0.0
600195,中牧股份,6.81,6.81,6.82,6.9,6.9,6.93,6.77,6983138.0,47620142.0,-1.304,-0.09
600196,复星医药,23.3,23.29,23.3,23.4,23.37,23.48,23.08,14951299.0,347333653.0,-0.427,-0.1
600197,伊力特,12.47,12.46,12.47,12.24,12.21,12.55,12.03,8284623.0,102331827.0,1.879,0.23
600198,大唐电信,8.95,8.95,8.96,8.78,8.82,8.98,8.78,35831435.0,318761077.0,1.936,0.17
600199,金种子酒,8.62,8.62,8.63,8.22,8.12,8.82,8.11,39601427.0,338559256.0,4.866,0.4
600201,生物股份,12.92,12.91,12.92,12.86,12.86,13.01,12.36,32077052.0,405866949.0,0.467,0.06
600202,哈空调,5.9,5.9,5.92,6.08,6.09,6.18,5.86,10653000.0,63647058.0,-2.961,-0.18
600203,福日电子,13.17,13.17,13.18,12.32,12.32,13.55,12.32,79458745.0,1050755380.0,6.899,0.85
600206,有研新材,30.38,30.37,30.38,29.76,30.21,30.4,29.03,68477702.0,2043038509.0,2.083,0.62
600207,安彩高科,6.85,6.85,6.86,6.73,6.85,7.08,6.8,72606447.0,500548098.0,1.783,0.12
600208,衢州发展,3.11,3.1,3.11,3.18,3.16,3.2,3.06,272829597.0,845698876.0,-2.201,-0.07
600210,紫江企业,6.66,6.66,6.67,6.73,6.71,6.73,6.63,16474317.0,109824531.0,-1.04,-0.07
600211,西藏药业,39.18,39.18,39.19,39.67,39.67,39.67,38.77,3056213.0,119611402.0,-1.235,-0.49
600212,绿能慧充,6.67,6.66,6.67,6.78,6.84,7.06,6.64,13506506.0,91654799.0,-1.622,-0.11
600215,派斯林,6.94,6.93,6.94,7.02,7.02,7.03,6.89,9420349.0,65507702.0,-1.14,-0.08
600216,浙江医药,13.21,13.21,13.22,13.61,13.55,13.6,13.12,19184369.0,254782512.0,-2.939,-0.4
600217,中再资环,3.53,3.53,3.54,3.39,3.38,3.68,3.38,29866733.0,105127311.0,4.13,0.14
600218,全柴动力,8.85,8.84,8.85,9.08,9.08,9.11,8.78,6284800.0,55916624.0,-2.533,-0.23
600219,南山铝业,5.22,5.22,5.23,5.28,5.32,5.37,5.18,163072802.0,859072175.0,-1.136,-0.06
600221,海航控股,1.51,1.5,1.51,1.46,1.5,1.52,1.48,406142136.0,610206604.0,3.425,0.05
600222,太龙药业,7.88,7.88,7.89,7.98,8.02,8.36,7.8,26364102.0,210065597.0,-1.253,-0.1
600223,福瑞达,6.2,6.2,6.21,6.2,6.23,6.26,6.13,4760400.0,29408832.0,0.0,0.0
600226,亨通股份,6.48,6.48,6.49,6.07,6.08,6.68,6.02,229004587.0,1471756069.0,6.755,0.41
600227,赤天化,3.15,3.15,3.16,3.16,3.1,3.17,3.09,53723100.0,167894747.0,-0.316,-0.01
600228,*ST返利,6.49,6.48,6.49,6.5,6.48,6.59,6.42,4435001.0,28866858.0,-0.154,-0.01
600229,城市传媒,5.93,5.93,5.95,5.87,5.85,6.04,5.85,4854201.0,28858679.0,1.022,0.06
600230,沧州大化,15.8,15.79,15.8,16.35,16.49,16.51,15.71,11740086.0,187532577.0,-3.364,-0.55
600231,凌钢股份,2.05,2.05,2.06,2.05,2.05,2.07,2.04,7519981.0,15464547.0,0.0,0.0
600232,金鹰股份,7.91,7.9,7.91,8.07,8.12,8.27,7.8,7141600.0,56910508.0,-1.983,-0.16
600233,圆通速递,18.51,18.51,18.52,18.71,18.79,18.9,18.32,15204439.0,283030605.0,-1.069,-0.2
600234,科新发展,28.58,28.58,0.0,25.98,25.98,28.58,25.63,12892014.0,353844484.0,10.008,2.6
600235,民丰特纸,6.42,6.42,6.45,6.5,6.56,6.66,6.35,5673900.0,36726053.0,-1.231,-0.08
600236,桂冠电力,10.78,10.77,10.78,10.65,10.7,10.88,10.64,22398770.0,241226448.0,1.221,0.13
600237,铜峰电子,10.03,10.02,10.03,10.02,10.02,10.38,9.9,76709418.0,774562448.0,0.1,0.01
600238,*ST椰岛,5.29,5.29,5.3,5.27,5.31,5.35,5.2,4267000.0,22483457.0,0.38,0.02
600239,ST云城,1.52,1.51,1.52,1.54,1.53,1.54,1.5,16284246.0,24726766.0,-1.299,-0.02
600241,时代万恒,8.24,8.22,8.24,8.5,8.51,8.61,8.1,6604600.0,54723611.0,-3.059,-0.26
600243,*ST海华,3.71,3.71,3.72,3.75,3.82,3.91,3.64,13761700.0,51813098.0,-1.067,-0.04
600246,万通发展,15.5,15.5,15.51,15.69,15.7,15.97,14.78,245178930.0,3757232084.0,-1.211,-0.19
600248,陕建股份,3.25,3.25,3.26,3.26,3.27,3.27,3.22,12892700.0,41888658.0,-0.307,-0.01
600249,两面针,5.43,5.42,5.43,5.51,5.53,5.56,5.38,9837000.0,53653802.0,-1.452,-0.08
600250,南京商旅,9.47,9.46,9.47,9.59,9.65,9.67,9.41,5974000.0,56794811.0,-1.251,-0.12
600251,冠农股份,10.28,10.27,10.28,10.53,10.54,10.59,10.17,12039198.0,124152033.0,-2.374,-0.25
600252,中恒集团,2.24,2.24,2.25,2.21,2.21,2.25,2.2,28552363.0,63505067.0,1.357,0.03
600255,鑫科材料,3.6,3.59,3.6,3.62,3.65,3.69,3.55,42891821.0,154753089.0,-0.552,-0.02
600256,广汇能源,6.17,6.16,6.17,5.97,6.0,6.32,5.99,199708210.0,1231175675.0,3.35,0.2
600257,大湖股份,5.55,5.55,5.56,5.56,5.58,5.63,5.49,10021950.0,55713965.0,-0.18,-0.01
600258,首旅酒店,13.18,13.18,13.19,13.2,13.19,13.37,13.11,10613257.0,140377143.0,-0.152,-0.02
600259,中稀有色,86.94,86.94,86.95,87.07,87.08,88.88,84.45,12053932.0,1044766234.0,-0.149,-0.13
600261,阳光照明,3.45,3.45,3.46,3.51,3.51,3.53,3.42,18109813.0,62702247.0,-1.709,-0.06
600262,北方股份,24.12,24.11,24.12,24.18,24.39,25.13,23.92,5081043.0,124209301.0,-0.248,-0.06
600265,*ST景谷,20.11,20.11,20.26,20.2,20.26,20.37,19.83,1154579.0,23087023.0,-0.446,-0.09
600266,城建发展,4.95,4.95,4.96,4.73,4.75,5.07,4.75,48433063.0,239266933.0,4.651,0.22
600267,海正药业,10.53,10.53,10.54,10.65,10.64,10.67,10.45,13783143.0,145211214.0,-1.127,-0.12
600268,国电南自,14.12,14.12,14.13,13.98,14.05,14.45,14.0,17862823.0,253327029.0,1.001,0.14
600269,赣粤高速,4.28,4.28,4.29,4.31,4.31,4.34,4.27,10891171.0,46790858.0,-0.696,-0.03
600271,航天信息,8.02,8.02,8.03,7.95,7.96,8.08,7.89,13302653.0,106126071.0,0.881,0.07
600272,开开实业,11.66,11.65,11.66,11.9,11.9,11.94,11.5,2966757.0,34552565.0,-2.017,-0.24
600273,XD嘉化能,7.54,7.54,7.55,7.57,7.63,7.65,7.52,14409210.0,109230529.0,-0.396,-0.03
600276,恒瑞医药,49.43,49.43,49.44,50.47,50.01,50.02,49.02,83835491.0,4132036880.0,-2.061,-1.04
600278,东方创业,6.94,6.93,6.94,6.87,6.88,6.97,6.85,4786200.0,33094254.0,1.019,0.07
600279,重庆港,4.91,4.9,4.91,4.91,4.91,4.95,4.87,5673288.0,27852352.0,0.0,0.0
600280,中央商场,2.92,2.92,2.93,2.9,2.87,2.94,2.87,12795875.0,37208656.0,0.69,0.02
600281,华阳新材,5.21,5.21,5.22,5.38,5.38,5.47,5.14,9788497.0,51399377.0,-3.16,-0.17
600282,南钢股份,4.72,4.72,4.73,4.75,4.74,4.8,4.7,33605514.0,159203393.0,-0.632,-0.03
600283,钱江水利,9.05,9.04,9.05,8.82,8.82,9.13,8.78,6583132.0,59045925.0,2.608,0.23
600284,浦东建设,6.99,6.98,6.99,6.95,6.94,7.13,6.9,18481700.0,129756980.0,0.576,0.04
600285,羚锐制药,21.23,21.23,21.24,21.37,21.37,21.52,21.19,5087586.0,108467920.0,-0.655,-0.14
600287,苏豪时尚,5.35,5.35,5.38,5.46,5.44,5.54,5.29,5917500.0,31837369.0,-2.015,-0.11
600288,大恒科技,14.14,14.14,14.15,14.39,14.39,14.43,13.99,8097630.0,114879516.0,-1.737,-0.25
600289,ST信通,6.34,6.33,6.34,6.28,6.29,6.36,6.17,4580220.0,28673836.0,0.955,0.06
600292,电投水电,14.89,14.89,14.9,14.27,14.49,15.45,14.43,30785288.0,462516545.0,4.345,0.62
600293,三峡新材,3.37,3.36,3.37,3.22,3.24,3.42,3.24,71055411.0,238216471.0,4.658,0.15
600295,鄂尔多斯,13.79,13.79,13.8,13.74,13.94,14.08,13.69,7443496.0,102894300.0,0.364,0.05
600298,安琪酵母,36.15,36.15,36.16,36.22,36.23,36.49,35.74,6032030.0,217846902.0,-0.193,-0.07
600299,安迪苏,11.24,11.23,11.24,11.64,11.5,11.85,11.09,20370067.0,231660981.0,-3.436,-0.4
600300,维维股份,3.38,3.37,3.38,3.41,3.4,3.42,3.34,24114001.0,81425872.0,-0.88,-0.03
600301,华锡有色,55.65,55.65,55.66,53.76,54.87,58.0,54.07,16842901.0,941579712.0,3.516,1.89
600302,ST标准,10.28,10.28,0.0,9.79,9.7,10.28,9.6,11098900.0,111090332.0,5.005,0.49
600303,曙光股份,3.73,3.72,3.73,3.83,4.0,4.0,3.62,191171161.0,727473639.0,-2.611,-0.1
600305,恒顺醋业,7.27,7.27,7.28,7.22,7.32,7.34,7.22,6142230.0,44645186.0,0.693,0.05
600307,酒钢宏兴,1.64,1.64,1.65,1.63,1.64,1.66,1.63,49276600.0,80946823.0,0.613,0.01
600308,华泰股份,3.58,3.58,3.59,3.61,3.63,3.64,3.57,8052248.0,28936131.0,-0.831,-0.03
600309,万华化学,76.85,76.85,76.86,77.99,78.5,79.4,76.5,28384366.0,2204057504.0,-1.462,-1.14
600310,广西能源,5.61,5.61,0.0,5.1,5.12,5.61,5.11,194083241.0,1062763499.0,10.0,0.51
600312,平高电气,22.03,22.02,22.03,21.26,21.78,22.37,21.6,27148256.0,595838597.0,3.622,0.77
600313,农发种业,6.13,6.13,6.14,6.22,6.2,6.21,6.1,21801838.0,133744353.0,-1.447,-0.09
600315,上海家化,17.94,17.93,17.94,18.15,18.1,18.1,17.6,5833101.0,103774662.0,-1.157,-0.21
600316,洪都航空,30.68,30.68,30.69,31.15,31.15,31.4,30.27,15370024.0,470767578.0,-1.509,-0.47
600318,新力金融,7.12,7.12,7.13,7.16,7.21,7.24,7.03,10569982.0,75320692.0,-0.559,-0.04
600319,亚星化学,7.7,7.7,7.72,7.81,7.87,7.92,7.56,4237400.0,32621406.0,-1.408,-0.11
600320,振华重工,4.94,4.94,4.95,4.86,4.88,4.96,4.86,38074100.0,186917106.0,1.646,0.08
600322,津投城开,2.48,2.47,2.48,2.47,2.48,2.51,2.44,26066210.0,64473634.0,0.405,0.01
600323,瀚蓝环境,29.99,29.99,30.02,30.48,30.55,30.6,29.91,7198001.0,216502517.0,-1.608,-0.49
600325,华发股份,2.86,2.86,2.87,2.83,2.82,2.89,2.81,45936427.0,131197346.0,1.06,0.03
600326,西藏天路,8.3,8.3,8.31,8.38,8.45,8.45,8.22,16452535.0,136629728.0,-0.955,-0.08
600327,大东方,3.68,3.68,3.69,3.72,3.73,3.74,3.66,8599369.0,31758755.0,-1.075,-0.04
600328,中盐化工,7.16,7.16,7.17,7.26,7.31,7.35,7.1,24170124.0,173706801.0,-1.377,-0.1
600329,达仁堂,39.95,39.95,39.97,40.67,40.5,40.64,39.63,4766300.0,190206967.0,-1.77,-0.72
600330,天通股份,31.31,31.3,31.31,29.26,29.63,31.43,28.94,172480153.0,5256597912.0,7.006,2.05
600331,宏达股份,15.3,15.3,15.31,16.06,16.26,16.44,15.21,61017702.0,952229155.0,-4.732,-0.76
600332,白云山,21.49,21.48,21.49,21.64,21.65,21.69,21.43,7587571.0,163307652.0,-0.693,-0.15
600333,长春燃气,5.75,5.74,5.75,5.88,5.9,5.9,5.7,12928995.0,74631063.0,-2.211,-0.13
600335,国机汽车,5.7,5.7,5.71,5.69,5.69,5.72,5.64,8606200.0,48915194.0,0.176,0.01
600336,澳柯玛,8.59,8.58,8.59,8.65,8.54,8.72,8.37,20654079.0,176042389.0,-0.694,-0.06
600337,ST美克,2.97,2.96,2.97,3.02,3.0,3.03,2.93,26754228.0,79578560.0,-1.656,-0.05
600338,西藏珠峰,19.77,19.77,19.78,20.46,20.5,20.64,19.66,54699420.0,1092863608.0,-3.372,-0.69
600339,中油工程,3.7,3.7,3.71,3.95,3.86,3.88,3.66,135352498.0,505749419.0,-6.329,-0.25
600340,*ST华幸,1.16,1.16,1.17,1.14,1.14,1.19,1.13,102688920.0,119269959.0,1.754,0.02
600343,航天动力,32.84,32.84,32.85,32.43,32.9,33.75,32.42,23355631.0,770465430.0,1.264,0.41
600345,长江通信,52.17,52.16,52.17,52.31,53.0,53.3,50.8,9073560.0,468786621.0,-0.268,-0.14
600346,恒力石化,18.47,18.46,18.47,18.53,18.74,19.29,18.43,34624012.0,651002057.0,-0.324,-0.06
600348,华阳股份,9.13,9.13,9.14,8.88,9.05,9.21,9.0,39977104.0,363518895.0,2.815,0.25
600350,山东高速,12.5,12.49,12.5,12.23,12.21,12.6,11.8,12461375.0,152961306.0,2.208,0.27
600351,亚宝药业,6.39,6.38,6.39,6.45,6.45,6.48,6.33,9769094.0,62444894.0,-0.93,-0.06
600352,浙江龙盛,11.37,11.37,11.38,11.63,11.56,11.65,11.22,45319899.0,515912192.0,-2.236,-0.26
600353,旭光电子,23.69,23.69,23.7,23.53,23.7,24.21,23.2,54081341.0,1278379056.0,0.68,0.16
600354,敦煌种业,5.61,5.61,5.62,5.63,5.63,5.65,5.55,10397605.0,58174675.0,-0.355,-0.02
600356,恒丰纸业,9.35,9.33,9.35,9.36,9.32,9.48,9.24,5985700.0,56033467.0,-0.107,-0.01
600358,国旅联合,6.1,6.1,6.11,6.28,6.3,6.31,6.02,16703756.0,101923659.0,-2.866,-0.18
600359,新农开发,6.68,6.68,6.69,6.76,6.75,6.82,6.61,5761850.0,38625803.0,-1.183,-0.08
600360,华微电子,11.49,11.49,11.5,11.92,11.85,11.89,11.18,91655755.0,1046958748.0,-3.607,-0.43
600361,创新新材,4.42,4.41,4.42,4.45,4.47,4.55,4.37,49581213.0,220077886.0,-0.674,-0.03
600362,江西铜业,45.03,45.03,45.04,45.28,46.19,46.34,44.7,39679995.0,1802157265.0,-0.552,-0.25
600363,联创光电,41.08,41.07,41.08,39.71,39.94,41.13,39.21,15623265.0,630396675.0,3.45,1.37
600365,ST通葡,2.8,2.79,2.8,2.87,2.87,2.87,2.75,7544900.0,21158109.0,-2.439,-0.07
600366,宁波韵升,13.29,13.29,13.3,13.11,13.13,13.32,13.01,23558851.0,310346318.0,1.373,0.18
600367,红星发展,27.07,27.07,27.08,26.27,27.55,28.09,26.6,43136557.0,1177887574.0,3.045,0.8
600368,五洲交通,3.96,3.95,3.96,3.91,3.91,3.96,3.9,12747956.0,50149210.0,1.279,0.05
600369,西南证券,4.06,4.06,4.07,4.01,4.02,4.07,3.99,39580826.0,159240734.0,1.247,0.05
600370,*ST三房,1.38,1.38,0.0,1.31,1.28,1.38,1.28,148160194.0,198090984.0,5.344,0.07
600371,万向德农,7.91,7.91,7.92,8.05,8.02,8.1,7.87,3747887.0,29780937.0,-1.739,-0.14
600372,中航机载,11.86,11.86,11.87,11.79,11.8,11.98,11.73,29775513.0,352308291.0,0.594,0.07
600373,中文传媒,7.73,7.73,7.74,7.89,7.89,7.91,7.66,9660854.0,74807369.0,-2.028,-0.16
600375,汉马科技,4.51,4.51,4.52,4.66,4.66,4.68,4.48,22410434.0,101861519.0,-3.219,-0.15
600376,首开股份,4.77,4.77,0.0,4.34,4.34,4.77,4.34,189734411.0,890641908.0,9.908,0.43
600377,宁沪高速,12.36,12.35,12.36,12.22,12.2,12.38,12.18,6544900.0,80635904.0,1.146,0.14
600378,昊华科技,35.68,35.67,35.68,36.47,36.4,36.99,35.11,22075166.0,792475035.0,-2.166,-0.79
600379,宝光股份,13.34,13.34,13.35,13.54,13.54,13.68,13.19,24144788.0,323234357.0,-1.477,-0.2
600380,健康元,10.05,10.04,10.05,10.12,10.11,10.15,9.97,11870681.0,119001546.0,-0.692,-0.07
600381,*ST春天,4.92,4.92,0.0,4.69,4.76,4.92,4.76,4619900.0,22524912.0,4.904,0.23
600382,XD广东明,9.2,9.2,9.21,9.36,9.2,9.4,8.93,39485823.0,363968222.0,-1.709,-0.16
600383,金地集团,2.72,2.72,2.73,2.69,2.68,2.75,2.68,52270946.0,141705337.0,1.115,0.03
600386,北巴传媒,3.93,3.92,3.93,3.94,3.94,3.97,3.88,11054500.0,43288557.0,-0.254,-0.01
600388,龙净环保,19.18,19.18,19.2,19.43,19.42,19.59,19.08,13919233.0,267976908.0,-1.287,-0.25
600389,江山股份,25.29,25.29,25.3,25.62,25.67,26.09,25.19,5875649.0,150730509.0,-1.288,-0.33
600390,五矿资本,4.88,4.87,4.88,4.84,4.87,4.89,4.8,28186669.0,136393291.0,0.826,0.04
600391,航发科技,42.26,42.26,42.27,43.57,44.01,44.63,42.01,13628788.0,585633586.0,-3.007,-1.31
600392,盛和资源,23.48,23.48,23.49,23.8,23.98,24.17,23.15,49574812.0,1164867081.0,-1.345,-0.32
600395,盘江股份,5.67,5.67,0.0,5.15,5.44,5.67,5.37,38337216.0,214839815.0,10.097,0.52
600396,华电辽能,16.02,16.02,0.0,14.56,14.75,16.02,14.58,274766604.0,4258079379.0,10.027,1.46
600397,江钨装备,13.1,13.1,13.11,13.34,13.34,13.56,13.07,26092700.0,346142739.0,-1.799,-0.24
600398,海澜之家,5.79,5.79,5.8,5.85,5.83,5.86,5.75,27880877.0,161681103.0,-1.026,-0.06
600399,抚顺特钢,5.06,5.06,5.07,5.11,5.16,5.24,5.0,34406348.0,175065117.0,-0.978,-0.05
600400,红豆股份,3.09,3.09,3.1,3.16,3.15,3.15,2.98,97426690.0,297886512.0,-2.215,-0.07
600403,大有能源,5.17,5.17,5.18,5.17,5.39,5.43,5.13,26055900.0,136914120.0,0.0,0.0
600405,动力源,4.86,4.86,4.87,4.78,4.8,5.08,4.8,14881578.0,72893522.0,1.674,0.08
600406,国电南瑞,26.26,26.26,26.27,25.83,26.15,26.69,26.15,84292308.0,2222017797.0,1.665,0.43
600408,安泰集团,3.0,2.99,3.0,2.98,3.15,3.16,2.97,62191060.0,190823479.0,0.671,0.02
600409,三友化工,6.44,6.44,6.45,6.65,6.66,6.68,6.39,35215496.0,229619053.0,-3.158,-0.21
600410,华胜天成,20.94,20.94,20.95,21.25,21.28,21.47,20.62,70978771.0,1485537101.0,-1.459,-0.31
600415,小商品城,13.62,13.61,13.62,13.35,13.31,13.79,13.15,97175079.0,1320099021.0,2.022,0.27
600416,湘电股份,13.05,13.05,13.06,12.98,13.21,13.38,12.95,73209276.0,960821571.0,0.539,0.07
600418,江淮汽车,42.7,42.69,42.7,45.05,44.84,44.85,40.55,106303342.0,4479985378.0,-5.216,-2.35
600419,天润乳业,8.82,8.82,8.83,8.8,8.8,8.9,8.73,4326000.0,38137973.0,0.227,0.02
600420,国药现代,9.0,9.0,9.01,9.08,9.08,9.13,8.97,5968305.0,53874450.0,-0.881,-0.08
600421,*ST华嵘,4.08,0.0,0.0,4.08,0.0,0.0,0.0,0.0,0.0,0.0,0.0
600422,昆药集团,8.36,8.36,8.37,8.43,8.44,8.47,8.3,8322502.0,69800463.0,-0.83,-0.07
600423,*ST柳化,2.81,2.8,2.81,2.75,2.78,2.82,2.74,8697401.0,24184847.0,2.182,0.06
600425,青松建化,3.86,3.85,3.86,3.83,3.81,3.86,3.81,11235100.0,43160933.0,0.783,0.03
600426,华鲁恒升,29.91,29.91,29.92,31.41,31.1,31.56,29.36,59160975.0,1784863776.0,-4.776,-1.5
600428,中远海特,7.75,7.75,7.76,7.87,7.87,7.93,7.66,31194000.0,242289611.0,-1.525,-0.12
600429,三元股份,5.06,5.06,5.07,5.07,5.06,5.14,5.0,10546700.0,53502463.0,-0.197,-0.01
600433,冠豪高新,4.39,4.39,4.4,4.32,4.32,4.46,4.29,73650915.0,323959759.0,1.62,0.07
600435,北方导航,12.85,12.84,12.85,12.72,12.76,12.96,12.65,17672560.0,226173708.0,1.022,0.13
600436,片仔癀,123.96,123.95,123.96,124.08,124.5,125.8,123.22,3061816.0,380952908.0,-0.097,-0.12
600438,通威股份,15.6,15.6,15.61,16.1,15.86,15.86,15.44,54988560.0,855960384.0,-3.106,-0.5
600439,瑞贝卡,2.49,2.48,2.49,2.44,2.43,2.54,2.43,19372564.0,48110094.0,2.049,0.05
600444,国机通用,16.28,16.26,16.28,16.55,16.69,16.71,16.1,2818900.0,46139051.0,-1.631,-0.27
600446,金证股份,13.86,13.86,13.87,13.67,13.69,14.29,13.61,23115200.0,321810286.0,1.39,0.19
600448,华纺股份,3.22,3.22,3.23,3.31,3.32,3.38,3.2,23621940.0,77209335.0,-2.719,-0.09
600449,宁夏建材,14.96,14.96,14.97,14.86,14.82,15.12,14.72,9240748.0,137995995.0,0.673,0.1
600452,涪陵电力,13.25,13.24,13.25,12.68,12.8,13.41,12.8,80377100.0,1059043906.0,4.495,0.57
600455,博通股份,29.03,29.03,29.18,28.95,29.26,29.83,28.6,1900800.0,55353460.0,0.276,0.08
600456,宝钛股份,33.26,33.25,33.26,33.13,33.4,33.88,32.8,7850778.0,260834323.0,0.392,0.13
600458,时代新材,12.66,12.66,12.67,12.88,12.9,12.95,12.56,19238808.0,244316037.0,-1.708,-0.22
600459,贵研铂业,21.16,21.16,21.17,19.85,20.2,21.49,20.15,34519299.0,725216196.0,6.599,1.31
600460,士兰微,34.19,34.18,34.19,32.16,32.17,34.23,31.92,120514608.0,4050908488.0,6.312,2.03
600461,洪城环境,10.28,10.28,10.34,10.4,10.44,10.44,10.27,6152403.0,63700869.0,-1.154,-0.12
600463,空港股份,10.19,10.18,10.19,10.32,10.32,10.42,10.06,3946800.0,40355282.0,-1.26,-0.13
600467,好当家,2.3,2.29,2.3,2.29,2.29,2.31,2.27,22832500.0,52343913.0,0.437,0.01
600468,百利电气,6.93,6.93,6.94,6.85,6.88,7.02,6.79,19965900.0,137792222.0,1.168,0.08
600469,风神股份,6.06,6.06,6.09,6.17,6.13,6.21,6.03,7157889.0,43678913.0,-1.783,-0.11
600470,六国化工,5.72,5.72,5.73,5.85,5.85,5.86,5.62,17549801.0,100063109.0,-2.222,-0.13
600475,华光环能,18.54,18.53,18.54,19.12,18.9,19.0,18.18,20278709.0,374754885.0,-3.033,-0.58
600476,*ST湘邮,11.94,11.92,11.94,12.05,11.88,12.14,11.8,2435434.0,29039897.0,-0.913,-0.11
600477,杭萧钢构,2.83,2.83,2.84,2.83,2.83,2.86,2.81,26064092.0,73870907.0,0.0,0.0
600478,科力远,6.34,6.33,6.34,6.56,6.56,6.58,6.25,42909996.0,273324307.0,-3.354,-0.22
600479,千金药业,10.31,10.3,10.31,10.19,10.16,10.33,10.16,4663328.0,47723675.0,1.178,0.12
600480,凌云股份,11.88,11.88,11.89,11.88,12.0,12.05,11.75,39806163.0,472238911.0,0.0,0.0
600481,双良节能,7.32,7.32,7.33,7.65,7.6,7.6,7.16,226862215.0,1668191836.0,-4.314,-0.33
600482,中国动力,36.43,36.42,36.43,35.83,35.5,36.59,34.62,32314241.0,1152532494.0,1.675,0.6
600483,福能股份,11.09,11.08,11.09,10.75,10.7,11.12,10.7,28896358.0,317103521.0,3.163,0.34
600486,扬农化工,59.6,59.59,59.6,61.07,60.93,60.95,59.1,6101679.0,364651055.0,-2.407,-1.47
600487,亨通光电,73.41,73.41,73.42,73.05,73.1,73.74,69.67,146251848.0,10447795702.0,0.493,0.36
600488,津药药业,5.24,5.23,5.24,5.42,5.38,5.46,5.16,87459795.0,459235857.0,-3.321,-0.18
600489,中金黄金,23.78,23.77,23.78,23.29,23.7,24.16,23.47,55940360.0,1328355610.0,2.104,0.49
600490,鹏欣资源,7.91,7.91,7.92,8.13,8.16,8.29,7.84,44461707.0,355728679.0,-2.706,-0.22
600491,ST龙元,1.35,1.34,1.35,1.33,1.32,1.4,1.32,55340266.0,75124677.0,1.504,0.02
600493,凤竹纺织,6.94,6.94,6.95,7.18,7.16,7.24,6.92,5388524.0,37840027.0,-3.343,-0.24
600495,晋西车轴,4.09,4.09,4.1,4.08,4.08,4.14,4.07,8669813.0,35606537.0,0.245,0.01
600496,精工钢构,4.11,4.1,4.11,4.05,4.06,4.13,4.0,31488647.0,127842290.0,1.481,0.06
600497,驰宏锌锗,10.07,10.06,10.07,10.16,10.3,10.4,9.97,202917203.0,2053856868.0,-0.886,-0.09
600498,烽火通信,54.92,54.91,54.92,55.15,55.78,55.78,53.32,77723494.0,4202166412.0,-0.417,-0.23
600499,科达制造,16.58,16.57,16.58,16.9,16.96,17.04,16.43,21252937.0,352967666.0,-1.893,-0.32
600500,中化国际,5.71,5.7,5.71,6.31,6.25,6.28,5.68,124984238.0,727657492.0,-9.509,-0.6
600501,航天晨光,20.34,20.34,20.35,20.7,20.72,21.08,20.08,7550555.0,154149729.0,-1.739,-0.36
600502,安徽建工,5.1,5.1,5.11,5.09,5.1,5.14,5.04,19137477.0,97414770.0,0.196,0.01
600503,华丽家族,2.86,2.86,0.0,2.6,2.69,2.86,2.66,81715392.0,231175001.0,10.0,0.26
600505,西昌电力,12.62,12.62,12.63,12.41,12.41,12.72,12.39,7256800.0,91219990.0,1.692,0.21
600506,统一股份,17.67,17.66,17.67,18.3,18.2,18.33,17.42,16189030.0,286545786.0,-3.443,-0.63
600507,方大特钢,4.73,4.73,4.74,4.72,4.75,4.82,4.7,27681848.0,131829850.0,0.212,0.01
600508,上海能源,13.62,13.61,13.62,12.88,13.14,14.17,13.14,20005003.0,274931791.0,5.745,0.74
600509,天富能源,9.82,9.81,9.82,9.64,9.64,9.93,9.56,83926611.0,822413643.0,1.867,0.18
600510,黑牡丹,8.72,8.71,8.72,8.98,8.98,9.03,8.62,15912596.0,139382723.0,-2.895,-0.26
600511,国药股份,26.99,26.99,27.0,27.07,27.1,27.15,26.89,2975214.0,80307654.0,-0.296,-0.08
600512,腾达建设,2.26,2.26,2.27,2.26,2.26,2.27,2.24,15012000.0,33821872.0,0.0,0.0
600513,联环药业,18.49,18.49,18.5,18.93,18.92,19.12,18.29,10701912.0,198690380.0,-2.324,-0.44
600515,海南机场,3.27,3.26,3.27,3.22,3.23,3.3,3.23,87822586.0,287324905.0,1.553,0.05
600516,方大炭素,5.13,5.12,5.13,5.15,5.13,5.19,5.04,36157225.0,184668528.0,-0.388,-0.02
600517,国网英大,5.62,5.62,5.63,5.54,5.59,5.65,5.57,21394502.0,120072238.0,1.444,0.08
600518,康美药业,1.57,1.56,1.57,1.56,1.55,1.59,1.55,173531279.0,272309966.0,0.641,0.01
600519,贵州茅台,1285.88,1285.88,1285.89,1290.2,1287.0,1304.79,1277.0,4635276.0,5978725158.0,-0.335,-4.32
600520,三佳科技,33.47,33.47,0.0,30.43,30.44,33.47,30.31,13910741.0,450996903.0,9.99,3.04
600521,华海药业,15.79,15.78,15.79,16.42,16.31,16.32,15.6,33214212.0,526482653.0,-3.837,-0.63
600522,中天科技,42.89,42.88,42.89,43.82,44.29,44.66,41.8,280949630.0,11914000728.0,-2.122,-0.93
600523,贵航股份,12.7,12.7,12.71,12.83,12.84,12.95,12.6,3878000.0,49280317.0,-1.013,-0.13
600525,ST长园,5.52,5.52,5.53,5.55,5.55,5.68,5.44,13143975.0,72822841.0,-0.541,-0.03
600526,菲达环保,4.95,4.94,4.95,5.0,5.0,5.04,4.91,7493000.0,37189726.0,-1.0,-0.05
600527,江南高纤,2.62,2.61,2.62,2.71,2.69,2.72,2.58,80319780.0,211109512.0,-3.321,-0.09
600528,中铁工业,7.53,7.52,7.53,7.48,7.5,7.55,7.47,11200023.0,84089249.0,0.668,0.05
600529,山东药玻,19.44,19.44,19.45,18.58,18.41,19.95,18.38,29124147.0,563146489.0,4.629,0.86
600530,交大昂立,7.31,7.31,7.33,7.52,7.49,7.74,7.29,46647523.0,347576516.0,-2.793,-0.21
600531,豫光金铅,13.9,13.89,13.9,13.92,14.17,14.48,13.77,43236454.0,605800161.0,-0.144,-0.02
600533,栖霞建设,2.37,2.37,2.38,2.35,2.35,2.41,2.33,19930100.0,47239452.0,0.851,0.02
600535,天士力,14.09,14.09,14.1,14.19,14.18,14.25,14.0,7422620.0,104735382.0,-0.705,-0.1
600536,中国软件,39.1,39.1,39.11,38.3,38.41,39.39,37.68,16908778.0,651373782.0,2.089,0.8
600537,*ST亿晶,3.05,3.04,3.05,3.15,3.15,3.15,3.02,39024979.0,119178340.0,-3.175,-0.1
600538,国发股份,6.83,6.83,6.84,6.96,7.04,7.07,6.77,21495000.0,148130866.0,-1.868,-0.13
600539,狮头股份,16.34,16.34,0.0,14.85,16.34,16.34,14.94,40726695.0,638827889.0,10.034,1.49
600540,新赛股份,4.95,4.95,4.96,5.05,5.02,5.09,4.92,14177800.0,70701565.0,-1.98,-0.1
600543,*ST莫高,4.78,4.76,4.78,4.85,4.82,4.84,4.68,5337200.0,25347615.0,-1.443,-0.07
600545,卓郎智能,6.65,6.64,6.65,6.38,6.38,6.85,6.22,237264979.0,1558628458.0,4.232,0.27
600546,山煤国际,13.48,13.48,13.49,13.09,13.5,13.87,13.33,30928410.0,420487515.0,2.979,0.39
600547,山东黄金,30.06,30.06,30.07,30.05,30.35,30.84,29.89,48280866.0,1465750535.0,0.033,0.01
600548,深高速,8.83,8.82,8.83,8.79,8.79,8.86,8.75,1955301.0,17257653.0,0.455,0.04
600549,厦门钨业,51.9,51.9,51.91,52.04,53.08,53.35,51.45,40516819.0,2110161482.0,-0.269,-0.14
600550,保变电气,14.29,14.29,14.3,14.14,14.26,14.57,14.14,36249976.0,519683538.0,1.061,0.15
600551,时代出版,7.5,7.5,7.51,7.55,7.53,7.65,7.44,4793438.0,35927703.0,-0.662,-0.05
600552,凯盛科技,20.03,20.03,20.04,18.55,18.85,20.29,18.81,106404648.0,2084857900.0,7.978,1.48
600556,天下秀,5.34,5.34,5.35,5.44,5.44,5.53,5.27,54851040.0,292986865.0,-1.838,-0.1
600557,康缘药业,12.31,12.31,12.32,12.18,12.18,12.4,12.11,5148170.0,62927168.0,1.067,0.13
600558,大西洋,5.6,5.6,5.61,5.59,5.62,5.64,5.49,11724185.0,64987959.0,0.179,0.01
600559,老白干酒,12.91,12.9,12.91,12.9,12.89,13.1,12.56,13292701.0,171070098.0,0.078,0.01
600560,金自天正,14.23,14.22,14.23,14.31,14.43,14.67,14.12,4529201.0,64804378.0,-0.559,-0.08
600561,江西长运,6.57,6.57,6.58,6.79,6.77,6.94,6.54,5715744.0,38136091.0,-3.24,-0.22
600562,国睿科技,24.96,24.96,24.97,24.65,24.65,24.97,24.23,8979314.0,221177970.0,1.258,0.31
600563,法拉电子,172.43,172.43,172.44,174.2,176.0,176.58,167.35,15545369.0,2654472709.0,-1.016,-1.77
600566,济川药业,28.85,28.85,28.86,28.0,27.92,28.97,27.86,5384061.0,153950736.0,3.036,0.85
600567,山鹰国际,1.39,1.38,1.39,1.37,1.36,1.4,1.36,72264246.0,99853382.0,1.46,0.02
600568,ST中珠,2.5,2.5,2.51,2.52,2.52,2.53,2.49,8821400.0,22146079.0,-0.794,-0.02
600569,安阳钢铁,1.92,1.91,1.92,1.91,1.91,1.93,1.89,14264128.0,27280891.0,0.524,0.01
600570,恒生电子,26.15,26.14,26.15,25.83,25.75,26.37,25.72,26519243.0,690539305.0,1.239,0.32
600571,信雅达,11.94,11.93,11.94,11.91,11.92,12.04,11.72,8085800.0,96021788.0,0.252,0.03
600572,康恩贝,4.26,4.26,4.27,4.17,4.16,4.28,4.13,41858163.0,175517373.0,2.158,0.09
600573,惠泉啤酒,12.14,12.14,12.15,12.29,12.26,12.36,11.95,8363263.0,101241387.0,-1.221,-0.15
600575,淮河能源,4.04,4.04,4.05,3.99,3.98,4.13,3.97,119784571.0,485550695.0,1.253,0.05
600576,祥源文旅,5.97,5.96,5.97,5.86,5.82,6.1,5.82,15740800.0,94406413.0,1.877,0.11
600577,精达股份,14.99,14.99,15.0,14.87,14.88,15.14,14.7,85009666.0,1264408184.0,0.807,0.12
600578,京能电力,9.04,9.04,0.0,8.22,8.38,9.04,8.38,242873432.0,2151900336.0,9.976,0.82
600579,中化装备,6.93,6.93,6.94,7.09,7.05,7.15,6.85,4954600.0,34367659.0,-2.257,-0.16
600580,卧龙电驱,42.49,42.49,42.5,41.09,41.17,42.78,40.88,88351702.0,3719841932.0,3.407,1.4
600581,*ST八钢,2.67,2.66,2.67,2.65,2.65,2.68,2.64,9377260.0,24919495.0,0.755,0.02
600582,天地科技,5.62,5.61,5.62,5.38,5.8,5.81,5.55,83499225.0,474977922.0,4.461,0.24
600583,海油工程,5.85,5.84,5.85,6.02,5.96,6.01,5.84,41488160.0,244012588.0,-2.824,-0.17
600584,长电科技,80.17,80.17,0.0,72.88,74.0,80.17,71.0,275139063.0,21048787141.0,10.003,7.29
600585,海螺水泥,19.38,19.37,19.38,19.68,19.68,19.76,19.33,26557176.0,516360756.0,-1.524,-0.3
600586,金晶科技,5.54,5.54,5.55,5.46,5.64,5.86,5.48,68233306.0,384014155.0,1.465,0.08
600587,新华医疗,13.3,13.3,13.31,13.19,13.2,13.38,12.94,6558478.0,86063519.0,0.834,0.11
600588,用友网络,10.94,10.94,10.95,10.87,10.96,11.01,10.75,36382048.0,396082104.0,0.644,0.07
600589,大位科技,12.92,12.91,12.92,12.88,13.0,13.08,12.25,187355701.0,2373714610.0,0.311,0.04
600590,泰豪科技,14.03,14.03,14.04,14.21,14.5,15.29,13.91,51154377.0,734528963.0,-1.267,-0.18
600592,龙溪股份,21.26,21.26,0.0,19.33,20.1,21.26,20.1,30887632.0,650257212.0,9.984,1.93
600593,大连圣亚,34.92,34.92,34.93,34.49,34.49,35.3,34.32,2053100.0,71553716.0,1.247,0.43
600594,益佰制药,3.7,3.7,3.71,3.72,3.74,3.77,3.64,18120694.0,66849246.0,-0.538,-0.02
600595,中孚实业,7.14,7.14,7.15,7.4,7.45,7.53,7.11,80111614.0,582627875.0,-3.514,-0.26
600596,新安股份,13.1,13.1,13.11,13.26,13.67,13.76,12.98,85561707.0,1138277438.0,-1.207,-0.16
600597,光明乳业,6.91,6.91,6.92,6.99,6.98,7.0,6.86,7600299.0,52591136.0,-1.144,-0.08
600598,北大荒,15.09,15.09,15.1,15.15,15.1,15.15,14.91,19354278.0,290739976.0,-0.396,-0.06
600599,*ST熊猫,3.95,0.0,0.0,3.95,0.0,0.0,0.0,0.0,0.0,0.0,0.0
600600,青岛啤酒,60.26,60.26,60.27,60.83,60.84,61.0,60.0,6831212.0,412171280.0,-0.937,-0.57
600601,方正科技,13.01,13.0,13.01,12.79,13.02,13.35,12.71,321302813.0,4172685746.0,1.72,0.22
600602,云赛智联,20.91,20.9,20.91,21.26,21.27,21.48,20.51,37880804.0,789845816.0,-1.646,-0.35
600603,广汇物流,5.85,5.85,0.0,5.32,5.35,5.85,5.35,23630150.0,136168275.0,9.962,0.53
600604,市北高新,5.02,5.01,5.02,5.29,5.2,5.29,4.95,70891574.0,360255268.0,-5.104,-0.27
600605,汇通能源,33.14,33.14,33.16,32.21,32.22,34.4,32.22,7679026.0,257125216.0,2.887,0.93
600606,绿地控股,1.45,1.44,1.45,1.41,1.4,1.45,1.39,103345883.0,146950957.0,2.837,0.04
600608,*ST沪科,2.07,0.0,0.0,2.07,0.0,0.0,0.0,0.0,0.0,0.0,0.0
600609,金杯汽车,3.7,3.69,3.7,3.76,3.76,3.78,3.68,18573293.0,68847599.0,-1.596,-0.06
600610,中毅达,9.16,9.16,9.17,8.69,8.79,9.29,8.67,34282162.0,310002093.0,5.409,0.47
600611,大众交通,6.14,6.13,6.14,6.13,6.59,6.59,5.85,363309044.0,2259568073.0,0.163,0.01
600612,老凤祥,36.39,36.38,36.39,36.75,36.81,36.98,36.36,851498.0,31101716.0,-0.98,-0.36
600613,神奇制药,5.4,5.4,5.41,5.43,5.44,5.47,5.35,5301599.0,28685638.0,-0.552,-0.03
600615,鑫源智造,11.94,11.94,11.95,12.04,12.04,12.17,11.87,9056399.0,108416741.0,-0.831,-0.1
600616,金枫酒业,4.68,4.67,4.68,4.65,4.65,4.7,4.58,9363176.0,43488353.0,0.645,0.03
600617,国新能源,3.58,3.58,3.59,3.6,3.61,3.7,3.54,39564832.0,143290815.0,-0.556,-0.02
600618,氯碱化工,10.88,10.88,10.89,11.31,11.37,11.38,10.81,10381657.0,114028163.0,-3.802,-0.43
600619,海立股份,17.75,17.75,17.76,18.51,18.4,18.46,17.63,45554330.0,814815615.0,-4.106,-0.76
600620,天宸股份,5.11,5.1,5.11,5.11,5.1,5.19,5.04,5856765.0,29779860.0,0.0,0.0
600621,华鑫股份,13.77,13.76,13.77,13.67,13.7,13.88,13.57,9864464.0,135239362.0,0.732,0.1
600622,光大嘉宝,2.55,2.55,2.56,2.5,2.49,2.57,2.49,16306471.0,41360538.0,2.0,0.05
600623,华谊集团,9.13,9.13,9.14,9.54,9.47,9.68,9.09,29113692.0,271583030.0,-4.298,-0.41
600624,ST复华,4.39,4.38,4.39,4.56,4.55,4.56,4.33,7376788.0,32595409.0,-3.728,-0.17
600626,申达股份,4.14,4.13,4.14,4.11,4.14,4.2,4.07,28142013.0,116447409.0,0.73,0.03
600628,新世界,6.49,6.49,6.5,6.48,6.49,6.54,6.44,5112519.0,33134069.0,0.154,0.01
600629,华建集团,19.25,19.25,19.26,19.81,19.6,19.68,19.02,18540890.0,357042862.0,-2.827,-0.56
600630,龙头股份,7.96,7.96,7.97,8.06,8.06,8.25,7.91,7226800.0,57969574.0,-1.241,-0.1
600633,浙数文化,12.65,12.64,12.65,12.86,12.92,12.96,12.55,24354436.0,308237497.0,-1.633,-0.21
600635,大众公用,5.48,5.48,5.49,5.64,5.65,5.72,5.42,90844806.0,501855042.0,-2.837,-0.16
600636,*ST国化,4.51,0.0,0.0,4.51,0.0,0.0,0.0,0.0,0.0,0.0,0.0
600637,东方明珠,11.44,11.44,0.0,10.4,11.39,11.44,11.22,126795972.0,1446814921.0,10.0,1.04
600638,新黄浦,5.75,5.74,5.75,5.8,5.79,5.82,5.7,8098160.0,46645786.0,-0.862,-0.05
600639,浦东金桥,9.92,9.92,9.93,9.95,9.94,9.99,9.88,4298300.0,42700690.0,-0.302,-0.03
600640,国脉文化,12.19,12.18,12.19,12.34,12.2,12.55,12.08,16245701.0,199564973.0,-1.216,-0.15
600641,先导基电,28.56,28.56,28.57,27.93,27.97,29.06,26.68,75912603.0,2135153955.0,2.256,0.63
600642,申能股份,9.65,9.65,9.66,9.43,9.43,9.73,9.41,29055037.0,279039661.0,2.333,0.22
600643,爱建集团,4.49,4.49,4.5,4.56,4.56,4.64,4.39,22040255.0,98962543.0,-1.535,-0.07
600644,乐山电力,11.33,11.32,11.33,11.17,11.18,11.36,11.18,12571102.0,142026494.0,1.432,0.16
600645,中源协和,20.9,20.9,20.91,20.93,21.0,21.11,20.66,6885727.0,143771787.0,-0.143,-0.03
600648,外高桥,9.78,9.77,9.78,9.81,9.76,9.83,9.72,1396500.0,13647342.0,-0.306,-0.03
600649,城投控股,3.89,3.89,3.9,3.83,3.83,3.9,3.81,18145917.0,70124116.0,1.567,0.06
600650,锦江在线,12.3,12.3,12.31,12.91,12.52,12.85,12.21,11451481.0,142526214.0,-4.725,-0.61
600651,飞乐音响,6.83,6.82,6.83,7.0,7.05,7.11,6.75,22949404.0,156875115.0,-2.429,-0.17
600653,申华控股,1.74,1.74,1.75,1.71,1.72,1.76,1.71,24144026.0,41916400.0,1.754,0.03
600654,中安科,3.53,3.53,3.54,3.58,3.59,3.63,3.5,65852640.0,233060993.0,-1.397,-0.05
600655,豫园股份,4.7,4.69,4.7,4.57,4.57,4.72,4.57,15205536.0,70840699.0,2.845,0.13
600657,信达地产,2.86,2.85,2.86,2.8,2.79,2.89,2.78,19608200.0,55878377.0,2.143,0.06
600658,电子城,5.0,4.99,5.0,5.09,5.06,5.12,4.86,23388801.0,116105381.0,-1.768,-0.09
600660,福耀玻璃,53.83,53.82,53.83,55.27,55.27,55.27,53.63,15068018.0,814502533.0,-2.605,-1.44
600661,昂立教育,8.92,8.92,8.95,8.98,8.98,9.09,8.84,3849600.0,34442497.0,-0.668,-0.06
600662,外服控股,4.59,4.59,4.6,4.61,4.65,4.68,4.56,8730961.0,40294762.0,-0.434,-0.02
600663,陆家嘴,7.13,7.12,7.13,7.05,7.06,7.16,7.04,9448571.0,67186894.0,1.135,0.08
600664,哈药股份,3.39,3.39,3.4,3.38,3.34,3.42,3.34,39255144.0,132537717.0,0.296,0.01
600665,天地源,3.36,3.36,3.37,3.38,3.32,3.6,3.31,24861914.0,84712794.0,-0.592,-0.02
600666,奥瑞德,5.08,5.07,5.08,5.34,5.34,5.35,4.94,228583920.0,1164694917.0,-4.869,-0.26
600667,太极实业,13.34,13.33,13.34,12.61,12.75,13.35,12.36,241141064.0,3130322245.0,5.789,0.73
600668,尖峰集团,8.32,8.32,8.33,8.45,8.45,8.5,8.2,6466540.0,53965655.0,-1.538,-0.13
600671,天目药业,18.55,18.55,18.59,18.92,18.93,19.2,18.47,2187000.0,40905867.0,-1.956,-0.37
600673,东阳光,38.32,38.32,38.33,38.78,38.77,39.76,37.33,81187903.0,3104488278.0,-1.186,-0.46
600674,川投能源,14.97,14.96,14.97,14.86,14.86,15.03,14.79,28741750.0,429440891.0,0.74,0.11
600675,中华企业,2.42,2.42,2.43,2.44,2.44,2.45,2.4,18723802.0,45380182.0,-0.82,-0.02
600676,交运股份,6.68,6.67,6.68,7.09,7.02,7.09,6.61,29625141.0,201127941.0,-5.783,-0.41
600678,ST金顶,6.1,6.1,6.11,6.39,6.56,6.59,6.07,31209446.0,193946761.0,-4.538,-0.29
600679,上海凤凰,10.13,10.13,10.14,10.24,10.23,10.29,10.01,3594000.0,36382303.0,-1.074,-0.11
600681,百川能源,3.78,3.78,3.79,3.87,3.86,3.9,3.75,18446763.0,70343154.0,-2.326,-0.09
600682,南京新百,5.74,5.74,5.75,5.81,5.82,5.85,5.69,9830200.0,56503133.0,-1.205,-0.07
600683,京投发展,16.56,16.56,16.57,15.96,16.76,17.36,15.76,51774200.0,856869755.0,3.759,0.6
600684,珠江股份,3.81,3.8,3.81,3.76,3.82,3.89,3.76,13345977.0,50842124.0,1.33,0.05
600685,中船防务,29.53,29.53,29.54,30.0,30.0,30.4,29.25,12117350.0,358094002.0,-1.567,-0.47
600686,金龙汽车,13.91,13.9,13.91,14.57,14.51,14.64,13.8,26037018.0,367116107.0,-4.53,-0.66
600688,上海石化,2.84,2.84,2.85,2.83,2.82,2.85,2.8,34920063.0,98793889.0,0.353,0.01
600689,上海三毛,12.67,12.67,12.68,12.89,12.89,13.03,12.57,3033200.0,38446371.0,-1.707,-0.22
600690,海尔智家,20.31,20.31,20.32,20.38,20.34,20.47,20.18,29105307.0,591383775.0,-0.343,-0.07
600691,潞化科技,2.78,2.78,2.79,2.8,2.81,2.84,2.76,25424920.0,71083128.0,-0.714,-0.02
600692,亚通股份,7.3,7.3,7.32,7.36,7.4,7.49,7.22,7160646.0,52544465.0,-0.815,-0.06
600693,东百集团,9.46,9.46,9.47,9.5,9.39,9.55,9.28,26426302.0,249042519.0,-0.421,-0.04
600694,大商股份,17.65,17.64,17.65,17.48,17.65,17.72,17.48,3137930.0,55237550.0,0.973,0.17
600696,*ST岩石,1.31,0.0,0.0,1.31,0.0,0.0,0.0,0.0,0.0,0.0,0.0
600697,欧亚集团,11.86,11.86,11.88,12.1,12.09,12.28,11.78,2832662.0,33946740.0,-1.983,-0.24
600698,湖南天雁,6.98,6.97,6.98,7.04,7.03,7.09,6.88,10704116.0,74359009.0,-0.852,-0.06
600699,均胜电子,32.26,32.26,32.27,30.82,30.9,32.9,30.53,109299778.0,3494679775.0,4.672,1.44
600702,舍得酒业,41.18,41.17,41.18,40.41,40.01,42.08,40.0,7072917.0,291749115.0,1.905,0.77
600703,三安光电,16.13,16.13,16.14,16.2,16.25,16.53,15.75,220695384.0,3562450756.0,-0.432,-0.07
600704,物产中大,4.91,4.91,4.92,4.91,4.9,4.94,4.87,38994286.0,191063257.0,0.0,0.0
600706,曲江文旅,8.72,8.72,8.73,8.64,8.66,8.85,8.62,4917340.0,42888262.0,0.926,0.08
600707,彩虹股份,11.6,11.6,11.61,11.1,11.1,11.88,10.77,253021622.0,2880512851.0,4.505,0.5
600708,光明地产,3.39,3.38,3.39,3.38,3.37,3.42,3.33,19918814.0,67212482.0,0.296,0.01
600710,苏美达,11.9,11.89,11.9,12.08,12.08,12.18,11.78,9773041.0,116793893.0,-1.49,-0.18
600711,盛屯矿业,12.4,12.39,12.4,12.45,12.68,12.72,12.34,61824537.0,770707794.0,-0.402,-0.05
600712,南宁百货,6.04,6.04,6.05,5.96,5.93,6.05,5.89,6113662.0,36473637.0,1.342,0.08
600713,南京医药,5.06,5.06,5.07,5.12,5.08,5.1,5.03,11627002.0,58830977.0,-1.172,-0.06
600714,金瑞矿业,32.05,32.04,32.05,29.87,30.89,32.5,30.64,30469053.0,971978702.0,7.298,2.18
600715,文投控股,1.94,1.94,1.95,1.91,1.91,1.99,1.86,32374600.0,62051029.0,1.571,0.03
600716,凤凰股份,3.85,3.85,3.86,3.92,3.94,3.96,3.82,9038200.0,35048733.0,-1.786,-0.07
600717,天津港,4.43,4.42,4.43,4.4,4.41,4.45,4.39,17846167.0,78921106.0,0.682,0.03
600718,东软集团,8.64,8.64,8.65,8.61,8.69,8.71,8.52,10260046.0,88337784.0,0.348,0.03
600719,大连热电,9.2,9.2,9.21,8.87,9.15,9.5,8.84,79749192.0,729671012.0,3.72,0.33
600720,中交设计,6.12,6.12,6.13,6.14,6.18,6.18,6.1,4868200.0,29797830.0,-0.326,-0.02
600721,百花医药,7.68,7.67,7.69,7.79,7.81,7.84,7.62,5685300.0,43717847.0,-1.412,-0.11
600722,金牛化工,11.17,11.17,11.18,11.43,11.35,11.42,11.01,33646903.0,375563517.0,-2.275,-0.26
600724,宁波富达,7.15,7.14,7.15,7.38,7.38,7.39,7.04,12868417.0,92242497.0,-3.117,-0.23
600725,云维股份,4.09,4.08,4.09,4.07,4.14,4.15,4.01,14592990.0,59429373.0,0.491,0.02
600726,华电能源,6.92,6.92,0.0,6.29,6.29,6.92,6.27,141526027.0,950619584.0,10.016,0.63
600727,鲁北化工,8.02,8.02,8.03,8.31,8.26,8.35,7.95,20527000.0,165806333.0,-3.49,-0.29
600728,佳都科技,5.19,5.19,5.2,5.25,5.24,5.29,5.14,31154885.0,161533208.0,-1.143,-0.06
600729,重百集团,19.27,19.21,19.27,19.29,19.3,19.31,19.08,2140301.0,41047765.0,-0.104,-0.02
600730,*ST高科,12.97,12.97,0.0,12.35,12.7,12.97,12.65,15592672.0,201408319.0,5.02,0.62
600731,湖南海利,5.91,5.91,5.92,6.01,6.02,6.04,5.83,8765480.0,51826640.0,-1.664,-0.1
600732,爱旭股份,12.74,12.73,12.74,12.71,12.72,12.76,12.2,44131656.0,551053983.0,0.236,0.03
600733,北汽蓝谷,6.63,6.63,6.64,6.58,6.58,6.72,6.55,50226336.0,333243795.0,0.76,0.05
600734,*ST实达,2.13,2.12,2.13,2.22,2.22,2.23,2.12,76986153.0,165866481.0,-4.054,-0.09
600735,ST新华锦,6.81,6.81,0.0,6.49,6.8,6.81,6.71,4021550.0,27368256.0,4.931,0.32
600736,苏州高新,7.53,7.52,7.53,7.55,7.49,7.66,7.29,49823889.0,371725908.0,-0.265,-0.02
600737,中粮糖业,13.62,13.61,13.62,14.35,14.39,14.44,13.33,40213226.0,554548674.0,-5.087,-0.73
600738,丽尚国潮,4.38,4.38,4.39,4.36,4.36,4.41,4.32,8108400.0,35427159.0,0.459,0.02
600739,辽宁成大,11.09,11.09,11.1,11.08,11.11,11.17,10.97,8417894.0,92981524.0,0.09,0.01
600740,山西焦化,3.84,3.84,3.85,3.73,3.9,3.97,3.82,65218278.0,254795324.0,2.949,0.11
600741,华域汽车,16.96,16.95,16.96,17.04,17.04,17.13,16.93,22694429.0,386433455.0,-0.469,-0.08
600742,富维股份,8.44,8.43,8.44,8.67,8.68,8.7,8.41,7365447.0,62735576.0,-2.653,-0.23
600743,华远控股,2.49,2.49,2.5,2.46,2.46,2.55,2.45,37470109.0,93549585.0,1.22,0.03
600744,华银电力,8.05,8.05,8.06,7.7,7.67,8.05,7.65,116544778.0,922192106.0,4.545,0.35
600745,*ST闻泰,17.01,17.01,0.0,16.2,16.39,17.01,16.33,36339479.0,612949545.0,5.0,0.81
600746,江苏索普,6.9,6.89,6.9,7.04,7.04,7.08,6.84,8416400.0,58237311.0,-1.989,-0.14
600748,上实发展,5.04,5.03,5.04,4.97,5.0,5.19,4.99,20555795.0,104151883.0,1.408,0.07
600749,西藏旅游,15.08,15.07,15.08,15.31,15.25,15.47,14.97,6508900.0,98695104.0,-1.502,-0.23
600750,华润江中,22.8,22.8,22.86,22.82,22.73,22.89,22.45,4768935.0,108209745.0,-0.088,-0.02
600751,海航科技,3.44,3.43,3.44,3.45,3.45,3.51,3.4,50061092.0,173182956.0,-0.29,-0.01
600753,*ST海钦,13.88,13.87,13.88,14.18,14.29,14.3,13.86,3857000.0,54133691.0,-2.116,-0.3
600754,锦江酒店,20.28,20.28,20.29,20.89,20.81,20.92,20.15,23652191.0,483789630.0,-2.92,-0.61
600755,厦门国贸,6.03,6.03,6.04,6.04,6.05,6.06,5.98,17779888.0,106968588.0,-0.166,-0.01
600756,浪潮软件,15.91,15.9,15.91,15.33,15.28,16.29,15.06,14359050.0,224309584.0,3.783,0.58
600757,长江传媒,7.96,7.95,7.96,8.05,8.05,8.08,7.89,8709943.0,69319396.0,-1.118,-0.09
600758,辽宁能源,4.69,4.68,4.69,4.66,4.93,4.95,4.66,148538286.0,709471057.0,0.644,0.03
600759,ST洲际,2.52,0.0,2.52,2.65,2.52,2.52,2.52,22587700.0,56921004.0,-4.906,-0.13
600760,中航沈飞,44.22,44.22,44.23,45.44,45.45,45.45,44.0,23745053.0,1054345778.0,-2.685,-1.22
600761,安徽合力,18.2,18.2,18.21,18.48,18.5,18.72,18.01,13417488.0,245073656.0,-1.515,-0.28
600763,通策医疗,36.63,36.62,36.63,37.0,36.97,37.17,36.35,6537815.0,239291844.0,-1.0,-0.37
600764,中国海防,21.71,21.71,21.72,21.65,21.65,21.79,21.52,3715700.0,80379975.0,0.277,0.06
600765,中航重机,14.89,14.89,14.9,14.97,15.07,15.2,14.81,16870345.0,252481384.0,-0.534,-0.08
600768,宁波富邦,17.4,17.4,17.41,18.08,18.42,18.79,17.28,6469200.0,114802246.0,-3.761,-0.68
600769,祥龙电业,16.43,16.42,16.43,17.6,17.21,17.94,16.21,52385600.0,882481391.0,-6.648,-1.17
600770,综艺股份,6.77,6.76,6.77,6.77,6.71,6.78,6.53,45644844.0,304389536.0,0.0,0.0
600771,广誉远,14.9,14.9,14.92,15.17,15.11,15.13,14.81,6664810.0,99461247.0,-1.78,-0.27
600773,西藏城投,19.21,19.2,19.21,20.0,20.04,20.11,19.08,34088322.0,659759984.0,-3.95,-0.79
600774,汉商集团,7.92,7.91,7.92,8.06,8.07,8.23,7.82,4099254.0,32688074.0,-1.737,-0.14
600775,南京熊猫,11.75,11.74,11.75,11.9,11.95,11.99,11.58,18969426.0,222362766.0,-1.261,-0.15
600776,东方通信,15.83,15.83,15.84,15.73,15.88,15.96,15.56,18251814.0,287774384.0,0.636,0.1
600777,*ST新潮,5.61,5.6,5.61,5.77,5.69,5.71,5.56,21079901.0,118794624.0,-2.773,-0.16
600778,友好集团,6.5,6.5,6.51,6.6,6.55,6.67,6.4,6569500.0,42790262.0,-1.515,-0.1
600779,水井坊,30.87,30.87,30.88,30.36,30.0,31.45,30.0,4384683.0,135296417.0,1.68,0.51
600780,通宝能源,7.18,7.17,7.18,7.05,7.04,7.24,7.01,31383544.0,224167475.0,1.844,0.13
600782,新钢股份,2.85,2.85,2.86,2.82,2.83,2.88,2.82,35728723.0,102045744.0,1.064,0.03
600783,鲁信创投,23.96,23.96,23.97,24.41,24.04,24.96,23.65,36817857.0,891108148.0,-1.844,-0.45
600784,鲁银投资,8.12,8.12,8.13,7.83,8.0,8.61,8.0,37819130.0,310186325.0,3.704,0.29
600785,新华百货,16.19,16.19,16.2,16.52,16.33,16.56,16.06,5415300.0,87847964.0,-1.998,-0.33
600787,中储股份,4.84,4.84,4.85,4.81,4.81,4.85,4.77,13833347.0,66527831.0,0.624,0.03
600789,鲁抗医药,8.1,8.09,8.1,8.11,8.14,8.17,8.07,8267860.0,67040421.0,-0.123,-0.01
600790,轻纺城,4.27,4.27,4.28,4.23,4.21,4.28,4.16,25150330.0,106068644.0,0.946,0.04
600791,京能置业,16.45,16.45,16.46,15.78,15.79,16.74,15.78,20880500.0,341291887.0,4.246,0.67
600792,云煤能源,3.96,3.95,3.96,3.95,4.1,4.19,3.93,31467090.0,126971000.0,0.253,0.01
600793,宜宾纸业,14.86,14.85,14.86,15.13,15.13,15.25,14.68,2449460.0,36448833.0,-1.785,-0.27
600794,保税科技,3.35,3.35,3.36,3.37,3.37,3.4,3.32,8981730.0,30083567.0,-0.593,-0.02
600795,国电电力,4.97,4.96,4.97,4.9,4.91,4.98,4.89,144394239.0,714095819.0,1.429,0.07
600796,钱江生化,5.48,5.47,5.48,5.52,5.52,5.57,5.41,6320410.0,34604306.0,-0.725,-0.04
600797,浙大网新,8.51,8.5,8.51,8.7,8.7,8.72,8.49,22980411.0,196259480.0,-2.184,-0.19
600798,宁波海运,3.69,3.69,3.7,3.69,3.7,3.75,3.65,21625752.0,79826772.0,0.0,0.0
600800,渤海化学,4.35,4.34,4.35,4.22,4.2,4.36,4.17,30506200.0,130196841.0,3.081,0.13
600801,华新建材,18.55,18.55,18.56,18.63,18.64,18.85,18.3,8750660.0,162102404.0,-0.429,-0.08
600802,福建水泥,5.32,5.31,5.32,5.4,5.44,5.49,5.27,5186460.0,27705705.0,-1.481,-0.08
600803,新奥股份,19.33,19.33,19.34,19.86,19.81,19.91,19.22,6737716.0,131148219.0,-2.669,-0.53
600805,悦达投资,4.87,4.86,4.87,4.89,4.88,4.91,4.82,6444700.0,31253901.0,-0.409,-0.02
600807,济高发展,2.94,2.93,2.94,2.89,2.91,2.97,2.86,20964300.0,60935147.0,1.73,0.05
600808,马钢股份,3.13,3.13,3.14,3.12,3.15,3.22,3.1,52806020.0,166213475.0,0.321,0.01
600809,山西汾酒,128.63,128.63,128.64,128.25,127.49,130.8,125.36,8327282.0,1070665354.0,0.296,0.38
600810,神马股份,6.5,6.49,6.5,6.78,6.84,6.84,6.46,16877164.0,110957735.0,-4.13,-0.28
600812,华北制药,4.62,4.61,4.62,4.67,4.68,4.71,4.56,17487555.0,80730268.0,-1.071,-0.05
600814,杭州解百,7.19,7.19,7.2,7.21,7.19,7.24,7.15,3534762.0,25426788.0,-0.277,-0.02
600815,厦工股份,3.74,3.74,3.75,3.89,3.96,4.07,3.69,77901000.0,298473989.0,-3.856,-0.15
600816,建元信托,3.2,3.19,3.2,3.16,3.16,3.21,3.14,77522233.0,246275998.0,1.266,0.04
600817,宇通重工,10.27,10.27,10.29,10.25,10.31,10.43,10.18,3214800.0,33116491.0,0.195,0.02
600818,ST中路,5.96,5.95,5.96,5.95,5.9,6.12,5.81,10468946.0,62406987.0,0.168,0.01
600819,耀皮玻璃,7.19,7.19,7.2,7.11,7.12,7.28,7.05,14039742.0,100928002.0,1.125,0.08
600820,隧道股份,5.8,5.8,5.81,5.57,5.58,5.94,5.58,37209536.0,215069973.0,4.129,0.23
600821,金开新能,8.41,8.41,8.42,8.13,8.15,8.58,8.15,167626664.0,1399234446.0,3.444,0.28
600822,上海物贸,9.21,9.21,9.22,9.34,9.36,9.44,9.19,2901453.0,26862377.0,-1.392,-0.13
600824,益民集团,3.87,3.87,3.88,3.86,3.86,3.89,3.83,7931383.0,30572692.0,0.259,0.01
600825,新华传媒,5.4,5.4,5.41,5.42,5.42,5.47,5.33,5798901.0,31146692.0,-0.369,-0.02
600826,兰生股份,8.77,8.77,8.78,8.94,8.89,8.92,8.74,4676492.0,41183756.0,-1.902,-0.17
600827,百联股份,7.91,7.91,7.92,8.03,8.02,8.03,7.89,10443189.0,83000144.0,-1.494,-0.12
600828,茂业商业,4.45,4.42,4.45,4.38,4.39,4.45,4.31,12533043.0,54690409.0,1.598,0.07
600829,人民同泰,8.87,8.86,8.87,8.94,8.94,9.06,8.76,4091300.0,36346983.0,-0.783,-0.07
600830,香溢融通,9.06,9.06,9.07,9.21,9.25,9.34,8.98,6493111.0,59130172.0,-1.629,-0.15
600831,广电网络,4.41,4.41,0.0,4.01,4.12,4.41,4.07,34004152.0,147643314.0,9.975,0.4
600833,第一医药,11.17,11.17,11.18,11.22,11.22,11.35,11.1,2633900.0,29499778.0,-0.446,-0.05
600834,申通地铁,8.22,8.21,8.22,7.91,7.92,8.56,7.87,8364910.0,68834783.0,3.919,0.31
600835,上海机电,25.08,25.07,25.08,26.0,25.71,25.81,24.9,14325412.0,360506666.0,-3.538,-0.92
600838,上海九百,8.45,8.45,8.46,8.53,8.51,8.62,8.38,6041400.0,51190818.0,-0.938,-0.08
600839,四川长虹,8.16,8.16,8.17,8.17,8.18,8.26,8.0,90184993.0,729989988.0,-0.122,-0.01
600841,动力新科,7.47,7.46,7.47,7.53,7.5,7.63,7.36,16408000.0,122529192.0,-0.797,-0.06
600843,上工申贝,8.46,8.45,8.46,8.53,8.6,8.68,8.34,7257117.0,61422419.0,-0.821,-0.07
600844,金煤科技,3.14,3.13,3.14,3.21,3.21,3.26,3.11,25249604.0,79644816.0,-2.181,-0.07
600845,宝信软件,22.01,22.0,22.01,22.84,22.85,22.92,21.81,35956472.0,796239587.0,-3.634,-0.83
600846,同济科技,12.16,12.16,12.18,12.15,12.17,12.31,12.04,2035610.0,24781545.0,0.082,0.01
600847,万里股份,16.45,16.43,16.45,16.66,16.91,17.09,15.84,6640350.0,108359170.0,-1.261,-0.21
600848,上海临港,8.76,8.76,8.77,8.71,8.7,8.83,8.66,11447428.0,99989021.0,0.574,0.05
600850,电科数字,21.61,21.61,21.62,21.7,21.38,22.04,21.3,25605049.0,552612814.0,-0.415,-0.09
600851,海欣股份,8.0,8.0,0.0,7.27,7.27,8.0,7.26,17655400.0,136599087.0,10.041,0.73
600853,龙建股份,3.65,3.65,3.66,3.7,3.7,3.73,3.65,10091981.0,37046592.0,-1.351,-0.05
600854,春兰股份,5.17,5.16,5.17,5.26,5.3,5.34,5.1,12915300.0,67081503.0,-1.711,-0.09
600855,航天长峰,17.73,17.73,17.74,18.04,18.1,18.32,17.52,15414157.0,273421452.0,-1.718,-0.31
600857,宁波中百,13.99,13.99,14.0,14.25,14.15,14.25,13.8,7949994.0,111147245.0,-1.825,-0.26
600858,银座股份,5.27,5.26,5.27,5.29,5.29,5.35,5.22,7050702.0,37244983.0,-0.378,-0.02
600859,王府井,10.98,10.98,10.99,10.76,10.63,11.02,10.63,17015970.0,184456595.0,2.045,0.22
600860,京城股份,10.01,10.01,10.02,10.29,10.36,10.36,9.9,7908019.0,79657187.0,-2.721,-0.28
600861,北京人力,14.48,14.48,14.49,14.7,14.77,14.77,14.41,2907623.0,42207668.0,-1.497,-0.22
600862,中航高科,18.91,18.9,18.91,18.97,19.1,19.26,18.58,22130940.0,416382644.0,-0.316,-0.06
600863,华能蒙电,5.93,5.93,0.0,5.39,5.34,5.93,5.34,373801503.0,2127525480.0,10.019,0.54
600864,哈投股份,5.6,5.59,5.6,5.56,5.58,5.62,5.51,24870900.0,138408099.0,0.719,0.04
600865,百大集团,10.3,10.28,10.3,10.39,10.39,10.45,10.18,4687500.0,48262603.0,-0.866,-0.09
600866,星湖科技,5.26,5.25,5.26,5.38,5.39,5.4,5.22,20147492.0,106421019.0,-2.23,-0.12
600867,通化东宝,8.31,8.3,8.31,8.42,8.41,8.43,8.22,23189024.0,192489734.0,-1.306,-0.11
600868,梅雁吉祥,3.33,3.33,3.34,3.28,3.28,3.35,3.26,40577536.0,134875007.0,1.524,0.05
600869,远东股份,21.0,20.99,21.0,21.18,21.14,21.21,20.15,90577425.0,1886489652.0,-0.85,-0.18
600871,石化油服,2.43,2.43,2.44,2.44,2.4,2.44,2.38,115591121.0,279168431.0,-0.41,-0.01
600872,中炬高新,19.15,19.15,19.16,19.59,19.5,19.79,18.97,23559351.0,454580910.0,-2.246,-0.44
600873,梅花生物,9.5,9.49,9.5,9.57,9.57,9.58,9.4,14339750.0,135982990.0,-0.731,-0.07
600874,创业环保,5.88,5.88,5.89,5.88,5.86,5.91,5.83,6702694.0,39394101.0,0.0,0.0
600875,东方电气,37.02,37.01,37.02,36.05,36.5,37.05,35.55,64374659.0,2337660820.0,2.691,0.97
600876,凯盛新能,9.05,9.05,9.06,8.95,8.97,9.24,8.97,4680320.0,42466023.0,1.117,0.1
600877,电科芯片,16.42,16.41,16.42,16.23,16.1,16.58,16.06,22821343.0,372551895.0,1.171,0.19
600879,航天电子,22.29,22.28,22.29,22.4,22.7,22.95,21.8,118151947.0,2630779586.0,-0.491,-0.11
600880,博瑞传播,4.57,4.56,4.57,4.66,4.66,4.71,4.53,25079871.0,114894132.0,-1.931,-0.09
600881,亚泰集团,1.53,1.52,1.53,1.49,1.49,1.54,1.46,45997435.0,69335039.0,2.685,0.04
600882,妙可蓝多,18.5,18.5,18.52,18.25,18.26,18.7,18.09,5991210.0,110094394.0,1.37,0.25
600883,博闻科技,8.99,8.98,8.99,9.15,9.18,9.29,8.86,5050050.0,45475684.0,-1.749,-0.16
600884,杉杉股份,14.49,14.49,14.5,14.88,14.88,14.95,14.34,73413222.0,1066158580.0,-2.621,-0.39
600885,宏发股份,34.58,34.58,34.59,33.66,33.9,34.96,33.45,25907696.0,887084587.0,2.733,0.92
600886,国投电力,13.49,13.49,13.5,13.35,13.35,13.62,13.26,30789329.0,414509947.0,1.049,0.14
600887,伊利股份,26.27,26.27,26.28,26.2,26.21,26.57,26.01,45918161.0,1208937241.0,0.267,0.07
600888,新疆众和,11.05,11.04,11.05,10.31,10.74,11.34,10.5,233149657.0,2601390136.0,7.177,0.74
600889,*ST京化,16.25,16.25,0.0,15.48,15.6,16.25,15.6,10509242.0,169823757.0,4.974,0.77
600892,*ST大晟,4.13,4.12,4.13,4.04,4.08,4.21,4.03,10944200.0,44976727.0,2.228,0.09
600893,航发动力,45.0,45.0,45.01,45.81,46.13,46.31,44.4,34001625.0,1529990949.0,-1.768,-0.81
600894,广日股份,8.55,8.55,8.56,8.37,8.4,8.57,8.37,7280602.0,61769894.0,2.151,0.18
600895,张江高科,40.37,40.37,40.38,39.65,39.02,40.79,38.86,99678805.0,3970168298.0,1.816,0.72
600897,厦门空港,14.73,14.73,14.74,14.64,14.66,14.84,14.66,2002620.0,29530071.0,0.615,0.09
600900,长江电力,26.67,26.66,26.67,26.56,26.6,26.83,26.55,84154393.0,2245695731.0,0.414,0.11
600901,江苏金租,6.24,6.24,6.25,6.31,6.28,6.3,6.16,52142235.0,324999798.0,-1.109,-0.07
600903,贵州燃气,9.9,9.9,9.91,10.42,10.08,10.35,9.77,83332361.0,830969213.0,-4.99,-0.52
600905,三峡能源,4.12,4.11,4.12,4.11,4.11,4.13,4.1,102613446.0,422233615.0,0.243,0.01
600906,财达证券,6.36,6.35,6.36,6.26,6.28,6.38,6.23,27232018.0,171547909.0,1.597,0.1
600908,无锡银行,5.43,5.43,5.44,5.46,5.46,5.49,5.42,9406600.0,51256972.0,-0.549,-0.03
600909,华安证券,7.34,7.34,7.35,7.32,7.4,7.49,7.21,236748002.0,1731544362.0,0.273,0.02
600916,中国黄金,8.15,8.15,8.16,8.18,8.21,8.35,8.12,19306379.0,157915408.0,-0.367,-0.03
600917,重庆燃气,5.32,5.32,5.33,5.46,5.42,5.45,5.28,12252913.0,65520618.0,-2.564,-0.14
600918,中泰证券,5.64,5.64,5.65,5.64,5.63,5.66,5.58,19249986.0,108153751.0,0.0,0.0
600919,江苏银行,11.15,11.14,11.15,11.13,11.1,11.21,11.06,78286626.0,872369556.0,0.18,0.02
600925,苏能股份,4.61,4.61,4.62,4.56,4.6,4.66,4.59,9936600.0,45933929.0,1.096,0.05
600926,杭州银行,16.14,16.14,16.15,16.05,16.05,16.32,15.97,30744072.0,496549815.0,0.561,0.09
600927,永安期货,14.45,14.45,14.46,14.26,14.39,14.85,14.27,6746000.0,97684828.0,1.332,0.19
600928,西安银行,3.54,3.54,3.55,3.56,3.56,3.59,3.53,17380998.0,61840347.0,-0.562,-0.02
600929,雪天盐业,5.93,5.93,5.94,6.08,6.1,6.2,5.89,25834800.0,155195981.0,-2.467,-0.15
600930,华电新能,6.14,6.14,6.15,6.05,6.08,6.18,6.07,110771246.0,678713973.0,1.488,0.09
600933,爱柯迪,17.75,17.74,17.75,17.61,17.7,17.98,17.58,14746515.0,261399015.0,0.795,0.14
600935,华塑股份,2.47,2.46,2.47,2.45,2.44,2.47,2.43,18102800.0,44351652.0,0.816,0.02
600936,北投科技,6.12,6.12,6.13,5.78,5.78,6.25,5.69,189526359.0,1132911965.0,5.882,0.34
600938,中国海油,34.62,34.62,34.63,35.83,34.91,35.59,34.51,60717880.0,2121145136.0,-3.377,-1.21
600939,重庆建工,2.8,2.8,2.81,2.79,2.78,2.81,2.76,9762100.0,27205923.0,0.358,0.01
600941,中国移动,96.62,96.62,96.63,95.98,96.11,96.8,95.65,8188863.0,787307457.0,0.667,0.64
600955,维远股份,17.01,17.0,17.01,17.32,17.38,17.52,16.9,4977700.0,85063887.0,-1.79,-0.31
600956,新天绿能,8.66,8.65,8.66,8.45,8.39,8.67,8.34,15177357.0,130028866.0,2.485,0.21
600958,东方证券,9.56,9.56,9.57,9.58,9.59,9.69,9.42,65424885.0,623458463.0,-0.209,-0.02
600959,江苏有线,3.82,3.81,3.82,3.79,3.8,3.88,3.76,39867454.0,152055701.0,0.792,0.03
600960,渤海汽车,4.75,4.75,4.76,4.66,4.73,4.87,4.67,17112100.0,81363536.0,1.931,0.09
600961,株冶集团,27.44,27.44,27.45,27.13,27.58,27.9,26.62,41616618.0,1130408019.0,1.143,0.31
600962,国投中鲁,26.74,26.74,26.75,26.36,26.2,27.05,26.0,8875401.0,236356733.0,1.442,0.38
600963,岳阳林纸,4.21,4.21,4.22,4.17,4.2,4.23,4.16,19611580.0,82215384.0,0.959,0.04
600965,*ST福成,3.27,3.26,3.27,3.39,3.42,3.48,3.25,15144900.0,50770608.0,-3.54,-0.12
600966,博汇纸业,5.91,5.91,5.92,5.88,5.88,6.01,5.87,11001100.0,65406003.0,0.51,0.03
600967,内蒙一机,13.12,13.11,13.12,13.31,13.25,13.36,13.01,16544400.0,216731987.0,-1.427,-0.19
600968,海油发展,3.95,3.95,3.96,4.17,4.14,4.14,3.93,102189249.0,408175541.0,-5.276,-0.22
600969,郴电国际,11.35,11.35,0.0,10.32,10.33,11.35,10.2,24852351.0,270075152.0,9.981,1.03
600970,中材国际,8.78,8.77,8.78,8.57,8.7,8.86,8.64,22715270.0,198848171.0,2.45,0.21
600971,恒源煤电,7.53,7.53,7.54,7.26,7.51,7.73,7.41,25471768.0,192459693.0,3.719,0.27
600973,宝胜股份,7.34,7.34,7.35,7.18,7.2,7.4,7.19,27772884.0,202820642.0,2.228,0.16
600975,新五丰,5.25,5.24,5.25,5.27,5.24,5.26,5.19,9044102.0,47283894.0,-0.38,-0.02
600976,健民集团,31.27,31.27,31.28,31.15,31.01,31.67,31.01,888600.0,27744423.0,0.385,0.12
600977,中国电影,14.7,14.7,14.71,14.8,14.88,15.26,14.51,37047619.0,551974974.0,-0.676,-0.1
600979,广安爱众,4.74,4.74,4.75,4.64,4.6,4.79,4.6,42650409.0,201412815.0,2.155,0.1
600980,北矿科技,23.05,23.04,23.05,23.0,23.13,23.65,22.63,2975400.0,68517154.0,0.217,0.05
600981,苏豪汇鸿,2.56,2.55,2.56,2.58,2.59,2.61,2.53,13444280.0,34466222.0,-0.775,-0.02
600982,宁波能源,6.24,6.23,6.24,6.14,6.09,6.24,6.08,42822800.0,264815293.0,1.629,0.1
600983,惠而浦,8.87,8.87,8.88,8.85,8.84,8.92,8.78,2363600.0,20934109.0,0.226,0.02
600984,建设机械,5.07,5.06,5.07,4.92,4.92,5.19,4.88,62142795.0,315333115.0,3.049,0.15
600985,淮北矿业,14.13,14.13,14.14,12.85,13.64,14.14,13.63,53867460.0,756268760.0,9.961,1.28
600986,浙文互联,9.27,9.27,9.28,9.43,9.51,9.66,9.2,64034552.0,598291854.0,-1.697,-0.16
600987,航民股份,6.65,6.65,6.66,6.65,6.66,6.72,6.61,7365708.0,49030624.0,0.0,0.0
600988,赤峰黄金,36.03,36.02,36.03,35.15,36.2,37.14,35.57,43308073.0,1567695674.0,2.504,0.88
600989,宝丰能源,24.9,24.89,24.9,26.54,25.7,25.96,24.62,149147281.0,3754560463.0,-6.179,-1.64
600990,四创电子,20.83,20.82,20.83,20.75,20.8,21.06,20.53,3630909.0,75508250.0,0.386,0.08
600992,贵绳股份,12.4,12.4,12.41,12.26,12.27,12.69,12.17,14616070.0,181248724.0,1.142,0.14
600993,马应龙,23.9,23.89,23.9,24.11,24.1,24.23,23.85,3743201.0,89825420.0,-0.871,-0.21
600995,南网储能,14.32,14.31,14.32,14.25,14.28,14.45,14.16,16852588.0,241188394.0,0.491,0.07
600996,贵广网络,9.63,9.63,0.0,8.75,8.65,9.63,8.65,46279363.0,434013640.0,10.057,0.88
600997,开滦股份,5.42,5.41,5.42,5.28,5.47,5.53,5.35,11847262.0,64539358.0,2.652,0.14
600998,九州通,4.79,4.79,4.8,4.79,4.78,4.8,4.73,22304351.0,106219133.0,0.0,0.0
600999,招商证券,17.5,17.49,17.5,17.34,17.5,17.9,17.32,76723042.0,1345575130.0,0.923,0.16
601000,唐山港,4.7,4.69,4.7,4.64,4.65,4.7,4.58,33604688.0,156464604.0,1.293,0.06
601001,晋控煤业,17.31,17.31,17.35,16.8,17.6,18.04,17.2,28125820.0,493457155.0,3.036,0.51
601002,晋亿实业,5.24,5.24,5.25,5.33,5.35,5.41,5.2,18947361.0,99806433.0,-1.689,-0.09
601003,柳钢股份,3.77,3.77,3.78,3.75,3.73,3.85,3.72,16237800.0,61470294.0,0.533,0.02
601005,重庆钢铁,1.34,1.33,1.34,1.33,1.33,1.34,1.32,41469318.0,55176599.0,0.752,0.01
601006,大秦铁路,5.35,5.35,5.36,5.42,5.4,5.41,5.33,107313172.0,575802860.0,-1.292,-0.07
601007,金陵饭店,6.99,6.99,7.0,7.05,7.05,7.1,6.93,5420800.0,37967438.0,-0.851,-0.06
601008,连云港,4.61,4.6,4.61,4.6,4.61,4.63,4.57,8293296.0,38094116.0,0.217,0.01
601009,南京银行,10.82,10.82,10.83,10.84,10.84,10.9,10.81,31618062.0,342646594.0,-0.185,-0.02
601010,ST文峰,1.54,1.53,1.54,1.6,1.61,1.61,1.52,79697965.0,123001169.0,-3.75,-0.06
601011,宝泰隆,2.86,2.85,2.86,2.82,2.91,2.96,2.84,40334644.0,117370719.0,1.418,0.04
601012,隆基绿能,14.85,14.84,14.85,15.04,15.04,15.08,14.73,112444468.0,1667808837.0,-1.263,-0.19
601015,陕西黑猫,3.63,3.62,3.63,3.54,3.8,3.85,3.58,64880084.0,240005715.0,2.542,0.09
601016,节能风电,4.78,4.78,4.79,4.62,4.63,4.8,4.6,362018075.0,1711420883.0,3.463,0.16
601018,XD宁波港,3.57,3.56,3.57,3.52,3.55,3.59,3.53,51049834.0,181950092.0,1.42,0.05
601019,山东出版,7.27,7.26,7.27,7.24,7.21,7.29,7.21,5089947.0,36884713.0,0.414,0.03
601020,华钰矿业,26.76,26.76,26.77,26.9,27.27,27.6,26.48,20725633.0,557912005.0,-0.52,-0.14
601021,春秋航空,48.36,48.36,48.38,46.43,48.0,49.35,47.6,15989459.0,776143483.0,4.157,1.93
601022,宁波远洋,8.76,8.75,8.76,8.73,8.83,8.92,8.6,13273030.0,116013527.0,0.344,0.03
601026,道生天合,17.98,17.98,17.99,17.62,17.68,18.19,17.51,4595500.0,82377072.0,2.043,0.36
601033,永兴股份,14.45,14.45,14.46,14.52,14.48,14.59,14.37,3821500.0,55330638.0,-0.482,-0.07
601038,一拖股份,13.08,13.08,13.09,12.68,12.78,13.19,12.65,5506447.0,71563341.0,3.155,0.4
601058,赛轮轮胎,13.1,13.1,13.11,12.79,12.95,13.25,12.93,39959516.0,524709828.0,2.424,0.31
601059,信达证券,17.26,17.26,17.27,17.13,17.19,17.28,17.13,9343420.0,160663193.0,0.759,0.13
601061,中信金属,13.8,13.8,13.81,13.62,13.78,14.0,13.56,15671525.0,215794533.0,1.322,0.18
601065,江盐集团,7.83,7.82,7.83,7.82,7.79,7.85,7.76,2683000.0,20946303.0,0.128,0.01
601066,中信建投,22.45,22.44,22.45,22.0,22.17,22.46,22.1,17210076.0,384010805.0,2.045,0.45
601068,中铝国际,5.56,5.56,5.57,5.64,5.64,5.69,5.51,10981100.0,61240425.0,-1.418,-0.08
601069,西部黄金,28.38,28.38,28.39,28.13,28.68,29.34,28.17,15062856.0,431211637.0,0.889,0.25
601077,渝农商行,6.8,6.8,6.81,6.83,6.82,6.87,6.73,45350771.0,307790868.0,-0.439,-0.03
601083,锦江航运,11.87,11.86,11.87,11.69,11.69,11.97,11.61,9432343.0,111511800.0,1.54,0.18
601086,国芳集团,8.02,8.01,8.02,8.11,8.13,8.14,7.94,8101500.0,64921282.0,-1.11,-0.09
601088,中国神华,44.78,44.78,44.79,44.98,45.48,46.98,44.72,54312396.0,2479043573.0,-0.445,-0.2
601089,福元医药,19.07,19.07,19.08,18.8,18.79,19.1,18.65,2914200.0,55156515.0,1.436,0.27
601096,宏盛华源,5.26,5.25,5.26,5.19,5.25,5.36,5.22,24025966.0,126947798.0,1.349,0.07
601098,中南传媒,11.05,11.05,11.06,11.08,11.07,11.14,10.97,5165730.0,57092064.0,-0.271,-0.03
601099,太平洋,3.5,3.5,3.51,3.5,3.5,3.54,3.46,95023356.0,331635336.0,0.0,0.0
601100,恒立液压,111.0,110.99,111.0,117.05,117.09,118.0,110.75,15115511.0,1707220578.0,-5.169,-6.05
601101,昊华能源,10.79,10.78,10.79,10.25,10.67,11.17,10.35,38610124.0,417725154.0,5.268,0.54
601106,中国一重,3.98,3.98,3.99,3.95,3.93,4.0,3.92,54029525.0,214159336.0,0.759,0.03
601107,四川成渝,6.22,6.22,6.23,6.24,6.28,6.31,6.19,10668500.0,66693842.0,-0.321,-0.02
601108,财通证券,8.01,8.01,8.02,7.92,7.99,8.11,7.92,42424494.0,339939492.0,1.136,0.09
601111,中国国航,6.94,6.94,6.95,6.68,6.88,7.01,6.79,176804865.0,1222346042.0,3.892,0.26
601112,振石股份,19.58,19.58,19.59,19.48,19.52,19.66,19.4,8659966.0,169218763.0,0.513,0.1
601113,华鼎股份,4.24,4.24,4.25,4.33,4.34,4.36,4.21,11741100.0,50017043.0,-2.079,-0.09
601116,三江购物,12.07,12.06,12.07,12.17,12.11,12.22,11.88,7175061.0,86243805.0,-0.822,-0.1
601117,中国化学,7.85,7.85,7.86,7.91,7.9,7.98,7.82,67837198.0,534737393.0,-0.759,-0.06
601118,海南橡胶,6.19,6.18,6.19,6.2,6.22,6.27,6.09,37149716.0,229767757.0,-0.161,-0.01
601121,宝地矿业,6.86,6.85,6.86,6.96,6.97,7.03,6.8,8098200.0,55785054.0,-1.437,-0.1
601126,四方股份,80.88,80.87,80.88,82.34,82.5,83.59,76.4,46661085.0,3677382716.0,-1.773,-1.46
601127,赛力斯,82.08,82.07,82.08,82.03,82.01,82.89,81.18,21193432.0,1740496509.0,0.061,0.05
601128,常熟银行,7.15,7.15,7.16,7.11,7.11,7.18,7.11,24815728.0,177164658.0,0.563,0.04
601133,柏诚股份,33.7,33.69,33.7,32.99,32.0,34.93,31.31,41700557.0,1389727632.0,2.152,0.71
601136,首创证券,15.18,15.17,15.18,15.17,15.22,15.37,14.97,10068122.0,152264702.0,0.066,0.01
601137,博威合金,21.55,21.55,21.56,21.26,21.54,21.99,21.27,25073690.0,539845174.0,1.364,0.29
601138,工业富联,70.3,70.3,70.31,67.16,68.0,70.5,67.3,265991665.0,18455962193.0,4.675,3.14
601139,深圳燃气,6.46,6.46,6.47,6.55,6.55,6.57,6.41,29163000.0,188281977.0,-1.374,-0.09
601155,新城控股,13.22,13.22,13.23,12.83,12.83,13.49,12.83,32333624.0,425516056.0,3.04,0.39
601156,东航物流,16.4,16.4,16.41,16.05,16.38,16.5,16.13,8022732.0,130986576.0,2.181,0.35
601158,重庆水务,4.27,4.27,4.28,4.24,4.24,4.28,4.23,6902512.0,29425676.0,0.708,0.03
601162,天风证券,3.48,3.48,3.49,3.47,3.48,3.51,3.44,98989416.0,342953625.0,0.288,0.01
601163,三角轮胎,14.8,14.8,14.81,14.56,14.66,14.84,14.52,5428139.0,79839665.0,1.648,0.24
601166,兴业银行,17.64,17.64,17.65,17.46,17.46,17.74,17.42,97725859.0,1725412110.0,1.031,0.18
601168,西部矿业,32.42,32.42,32.43,31.84,32.8,33.3,32.15,53972269.0,1758211637.0,1.822,0.58
601169,北京银行,5.09,5.09,5.1,5.1,5.1,5.13,5.08,86372960.0,440582173.0,-0.196,-0.01
601177,杭齿前进,16.84,16.83,16.84,16.98,16.99,17.07,16.57,12879169.0,216350971.0,-0.824,-0.14
601179,中国西电,16.65,16.64,16.65,16.25,16.55,17.02,16.5,145698878.0,2439052620.0,2.462,0.4
601186,中国铁建,6.35,6.34,6.35,6.37,6.37,6.41,6.33,55238320.0,351232204.0,-0.314,-0.02
601187,厦门银行,7.1,7.1,7.11,7.24,7.25,7.25,7.03,13537695.0,96430318.0,-1.934,-0.14
601188,龙江交通,3.23,3.23,3.24,3.22,3.22,3.24,3.2,11968300.0,38534549.0,0.311,0.01
601198,东兴证券,13.41,13.4,13.41,13.33,13.32,13.45,13.23,19903445.0,265270663.0,0.6,0.08
601199,江南水务,6.12,6.11,6.12,5.96,5.97,6.24,5.95,23983700.0,146689062.0,2.685,0.16
601200,上海环境,7.68,7.68,7.69,7.72,7.7,7.75,7.63,6753974.0,51808866.0,-0.518,-0.04
601208,东材科技,53.74,53.74,53.75,52.45,54.0,55.25,52.8,85985160.0,4627008011.0,2.459,1.29
601211,国泰海通,15.15,15.14,15.15,15.03,15.09,15.22,15.01,78970633.0,1194111700.0,0.798,0.12
601212,白银有色,6.66,6.65,6.66,6.66,6.79,6.93,6.61,88809199.0,596545179.0,0.0,0.0
601216,君正集团,5.37,5.36,5.37,5.43,5.43,5.46,5.33,48232987.0,259969082.0,-1.105,-0.06
601218,吉鑫科技,5.53,5.53,5.54,5.55,5.55,5.62,5.43,25449960.0,140022872.0,-0.36,-0.02
601222,林洋能源,6.5,6.5,6.51,6.48,6.45,6.54,6.42,50187063.0,325264794.0,0.309,0.02
601225,陕西煤业,23.89,23.87,23.89,23.32,24.2,24.84,23.76,83086964.0,2012376686.0,2.444,0.57
601226,华电科工,8.28,8.28,8.29,8.25,8.19,8.38,8.19,10235900.0,84868326.0,0.364,0.03
601228,广州港,3.11,3.1,3.11,3.09,3.09,3.11,3.08,17428100.0,53994190.0,0.647,0.02
601229,上海银行,9.04,9.03,9.04,9.08,9.05,9.13,9.02,29752093.0,269428305.0,-0.441,-0.04
601231,环旭电子,42.2,42.19,42.2,39.45,40.11,42.59,38.98,60583324.0,2469035227.0,6.971,2.75
601233,桐昆股份,19.35,19.35,19.37,19.49,19.6,19.97,19.18,34098050.0,665670760.0,-0.718,-0.14
601236,红塔证券,7.03,7.03,7.04,7.0,7.0,7.04,6.95,9584055.0,67059564.0,0.429,0.03
601238,广汽集团,6.29,6.28,6.29,6.34,6.34,6.4,6.26,16744376.0,105628179.0,-0.789,-0.05
601279,英利汽车,3.73,3.72,3.73,3.73,3.73,3.75,3.68,8612890.0,32008605.0,0.0,0.0
601288,农业银行,6.44,6.44,6.45,6.46,6.43,6.49,6.42,173320631.0,1117369146.0,-0.31,-0.02
601298,青岛港,8.88,8.88,8.89,8.91,8.98,9.07,8.88,11351773.0,101515127.0,-0.337,-0.03
601311,骆驼股份,8.98,8.97,8.98,9.23,9.26,9.26,8.89,28586530.0,257377432.0,-2.709,-0.25
601318,中国平安,54.22,54.22,54.23,53.68,53.83,54.98,53.58,86797664.0,4694584484.0,1.006,0.54
601319,中国人保,7.0,7.0,7.01,6.95,6.94,7.08,6.93,37217352.0,260214211.0,0.719,0.05
601326,秦港股份,3.37,3.37,3.38,3.38,3.39,3.4,3.36,14877200.0,50172680.0,-0.296,-0.01
601328,交通银行,6.61,6.61,6.62,6.64,6.64,6.68,6.6,115715903.0,767436314.0,-0.452,-0.03
601330,绿色动力,8.94,8.93,8.94,8.61,8.57,8.94,8.39,30956300.0,268102855.0,3.833,0.33
601333,广深铁路,3.03,3.03,3.04,3.03,3.03,3.05,3.02,39713901.0,120540509.0,0.0,0.0
601336,新华保险,59.4,59.4,59.41,58.51,58.51,59.99,58.4,16746014.0,990529833.0,1.521,0.89
601339,百隆东方,7.87,7.85,7.87,7.89,7.9,7.97,7.72,9381895.0,73406598.0,-0.253,-0.02
601360,三六零,10.79,10.79,10.8,10.71,10.77,10.85,10.61,72094335.0,774381453.0,0.747,0.08
601366,利群股份,3.81,3.8,3.81,3.76,3.76,3.82,3.74,7817900.0,29552859.0,1.33,0.05
601368,绿城水务,4.72,4.71,4.72,4.73,4.71,4.76,4.68,4734300.0,22312268.0,-0.211,-0.01
601369,陕鼓动力,8.91,8.91,8.92,8.93,8.9,9.04,8.84,8163798.0,72959959.0,-0.224,-0.02
601375,中原证券,3.92,3.92,3.93,3.9,3.92,3.94,3.88,32342987.0,126614854.0,0.513,0.02
601377,兴业证券,5.8,5.79,5.8,5.82,5.82,5.88,5.74,78445829.0,454485955.0,-0.344,-0.02
601388,怡球资源,3.58,3.58,3.59,3.63,3.65,3.69,3.55,43333500.0,155945532.0,-1.377,-0.05
601390,中国中铁,4.73,4.73,4.74,4.73,4.72,4.77,4.69,93998548.0,444368710.0,0.0,0.0
601398,工商银行,7.17,7.17,7.18,7.18,7.17,7.23,7.15,192166148.0,1381586180.0,-0.139,-0.01
601399,国机重装,3.98,3.98,3.99,3.93,3.93,4.01,3.9,66595380.0,264050577.0,1.272,0.05
601456,国联民生,9.08,9.08,9.09,9.07,9.08,9.13,9.02,21590165.0,195733097.0,0.11,0.01
601500,通用股份,4.39,4.39,4.4,4.42,4.43,4.47,4.37,11673080.0,51378227.0,-0.679,-0.03
601512,中新集团,8.9,8.89,8.9,8.67,8.71,8.92,8.69,7279700.0,64130009.0,2.653,0.23
601515,衢州东峰,4.24,4.24,4.25,4.35,4.36,4.37,4.23,31435313.0,134033691.0,-2.529,-0.11
601518,吉林高速,3.07,3.07,3.08,3.11,3.09,3.13,3.01,31293680.0,95764412.0,-1.286,-0.04
601519,大智慧,10.61,10.6,10.61,10.51,10.5,10.89,10.4,40231292.0,427288953.0,0.951,0.1
601528,瑞丰银行,4.74,4.74,4.75,4.8,4.8,4.82,4.73,10161937.0,48421278.0,-1.25,-0.06
601555,东吴证券,7.92,7.92,7.93,7.89,7.95,7.99,7.85,25545857.0,201811623.0,0.38,0.03
601566,九牧王,12.7,12.7,12.71,12.12,12.13,13.33,11.93,38803812.0,488665634.0,4.785,0.58
601567,三星电气,17.74,17.74,17.75,17.87,17.88,18.26,17.63,17869846.0,318868485.0,-0.727,-0.13
601568,北元化工,3.81,3.8,3.81,3.78,3.8,3.82,3.78,10656510.0,40511458.0,0.794,0.03
601577,长沙银行,9.17,9.17,9.18,9.19,9.18,9.24,9.14,11170255.0,102528717.0,-0.218,-0.02
601579,会稽山,17.09,17.09,17.1,17.14,17.09,17.4,17.02,4072200.0,69975833.0,-0.292,-0.05
601588,北辰实业,1.96,1.96,1.97,1.82,1.83,2.0,1.83,99412795.0,192546538.0,7.692,0.14
601595,上海电影,22.12,22.12,22.13,22.1,22.22,22.57,22.0,3259400.0,72558151.0,0.09,0.02
601598,中国外运,6.38,6.37,6.38,6.25,6.25,6.38,6.18,20147357.0,127286430.0,2.08,0.13
601599,浙文影业,3.32,3.31,3.32,3.31,3.32,3.35,3.27,12624200.0,41748756.0,0.302,0.01
601600,中国铝业,10.99,10.98,10.99,11.15,11.25,11.42,10.92,191475517.0,2129372324.0,-1.435,-0.16
601601,中国太保,33.29,33.29,33.3,32.85,32.88,33.74,32.81,44007117.0,1462194923.0,1.339,0.44
601606,长城军工,36.08,36.07,36.08,36.68,36.67,36.67,36.0,9647988.0,348147998.0,-1.636,-0.6
601607,上海医药,16.38,16.38,16.4,16.44,16.41,16.5,16.33,6885141.0,112852833.0,-0.365,-0.06
601608,中信重工,6.24,6.24,0.0,5.67,6.21,6.24,6.13,41275680.0,256954703.0,10.053,0.57
601609,金田股份,13.72,13.71,13.72,13.87,14.14,14.18,13.28,79052070.0,1071628500.0,-1.081,-0.15
601611,中国核建,12.06,12.05,12.06,12.38,12.19,12.37,11.91,44955246.0,541712793.0,-2.585,-0.32
601615,明阳智能,17.53,17.52,17.53,16.79,16.75,17.6,16.16,187015940.0,3175863863.0,4.407,0.74
601616,广电电气,4.45,4.45,4.46,4.49,4.49,4.59,4.42,17419660.0,78096306.0,-0.891,-0.04
601618,中国中冶,2.79,2.79,2.8,2.78,2.78,2.8,2.72,108485165.0,300508322.0,0.36,0.01
601619,嘉泽新能,5.44,5.43,5.44,5.38,5.38,5.5,5.34,31305700.0,169642433.0,1.115,0.06
601628,中国人寿,33.83,33.83,33.84,33.82,33.85,34.5,33.67,26773758.0,908102312.0,0.03,0.01
601633,长城汽车,17.58,17.57,17.58,17.71,17.74,17.85,17.48,16365726.0,288706123.0,-0.734,-0.13
601636,旗滨集团,7.12,7.12,7.13,6.76,6.83,7.33,6.73,160392280.0,1139844072.0,5.325,0.36
601658,邮储银行,4.97,4.96,4.97,4.94,4.93,4.98,4.93,94764470.0,470260866.0,0.607,0.03
601665,齐鲁银行,6.14,6.14,6.15,6.14,6.14,6.17,6.09,29428300.0,180258735.0,0.0,0.0
601666,平煤股份,7.92,7.92,0.0,7.2,7.8,7.92,7.65,70266207.0,553400888.0,10.0,0.72
601668,中国建筑,4.77,4.77,4.78,4.78,4.79,4.81,4.76,147077549.0,703432561.0,-0.209,-0.01
601669,中国电建,5.54,5.53,5.54,5.48,5.52,5.57,5.5,157013869.0,869113308.0,1.095,0.06
601677,明泰铝业,19.16,19.16,19.17,19.21,19.5,19.68,18.8,52098223.0,999891077.0,-0.26,-0.05
601678,滨化股份,5.87,5.86,5.87,6.12,6.08,6.13,5.78,194561518.0,1145834260.0,-4.085,-0.25
601686,友发集团,5.27,5.27,5.28,5.29,5.29,5.32,5.23,3231840.0,17048403.0,-0.378,-0.02
601688,华泰证券,18.43,18.43,18.44,18.16,18.29,18.55,18.2,77451282.0,1421481758.0,1.487,0.27
601689,拓普集团,71.89,71.89,71.9,72.05,73.0,73.1,71.2,43360045.0,3120765889.0,-0.222,-0.16
601696,中银证券,11.83,11.83,11.84,11.71,11.7,11.93,11.67,32890134.0,387629355.0,1.025,0.12
601698,中国卫通,33.4,33.4,33.41,33.37,33.98,34.28,32.8,39763164.0,1330290584.0,0.09,0.03
601699,潞安环能,14.9,14.9,14.91,14.12,14.93,15.42,14.76,50449149.0,758700723.0,5.524,0.78
601700,风范股份,5.53,5.52,5.53,5.49,5.49,5.65,5.48,14395790.0,79745527.0,0.729,0.04
601702,华峰铝业,19.5,19.5,19.54,20.07,20.5,20.78,19.5,16818014.0,336340543.0,-2.84,-0.57
601717,中创智领,19.92,19.91,19.92,18.97,20.0,20.11,19.33,49292507.0,973968838.0,5.008,0.95
601718,ST际华,2.2,2.19,2.2,2.24,2.25,2.25,2.19,27023333.0,59586281.0,-1.786,-0.04
601727,上海电气,8.93,8.93,8.94,8.94,8.98,9.15,8.85,178639141.0,1596549963.0,-0.112,-0.01
601728,中国电信,6.13,6.12,6.13,6.15,6.15,6.16,6.02,233652931.0,1420513104.0,-0.325,-0.02
601766,中国中车,5.76,5.76,5.77,5.77,5.78,5.82,5.73,124217680.0,715949969.0,-0.173,-0.01
601777,千里科技,12.35,12.34,12.35,12.43,12.4,12.58,12.15,54068152.0,667375931.0,-0.644,-0.08
601778,晶科科技,6.6,6.6,6.61,6.33,6.34,6.85,6.33,361488494.0,2402641093.0,4.265,0.27
601788,光大证券,14.33,14.33,14.34,14.32,14.38,14.46,14.1,33134991.0,472726342.0,0.07,0.01
601789,宁波建工,5.52,5.51,5.52,5.78,5.78,5.78,5.43,78549760.0,434616360.0,-4.498,-0.26
601798,蓝科高新,8.37,8.37,8.38,8.56,8.56,8.61,8.29,6139401.0,51608072.0,-2.22,-0.19
601799,星宇股份,144.63,144.63,144.64,143.03,142.0,145.28,140.0,5483640.0,785653857.0,1.119,1.6
601800,中国交建,6.28,6.27,6.28,6.31,6.31,6.38,6.26,56674218.0,357170025.0,-0.475,-0.03
601801,皖新传媒,5.52,5.52,5.53,5.6,5.61,5.64,5.48,9392952.0,52159412.0,-1.429,-0.08
601808,中海油服,13.51,13.51,13.52,13.71,13.54,13.62,13.4,15604409.0,210865720.0,-1.459,-0.2
601811,新华文轩,12.97,12.97,12.98,12.96,12.96,13.03,12.92,1345150.0,17438088.0,0.077,0.01
601816,京沪高铁,4.84,4.84,4.85,4.86,4.86,4.87,4.83,110380467.0,534872824.0,-0.412,-0.02
601818,光大银行,3.1,3.1,3.11,3.1,3.1,3.12,3.09,91995219.0,285687023.0,0.0,0.0
601825,沪农商行,8.51,8.51,8.52,8.6,8.59,8.62,8.51,14451119.0,123492581.0,-1.047,-0.09
601827,三峰环境,8.03,8.02,8.03,7.82,7.84,8.04,7.84,6855700.0,54744448.0,2.685,0.21
601828,美凯龙,2.52,2.52,2.53,2.47,2.47,2.57,2.46,31657601.0,79775350.0,2.024,0.05
601838,成都银行,18.34,18.34,18.41,18.54,18.48,18.56,18.27,19217688.0,353474868.0,-1.079,-0.2
601857,中国石油,10.73,10.73,10.74,11.08,10.78,10.98,10.7,153680284.0,1658814844.0,-3.159,-0.35
601858,中国科传,26.15,26.14,26.15,26.09,26.46,26.99,25.5,10685727.0,279365225.0,0.23,0.06
601860,紫金银行,2.55,2.55,2.56,2.56,2.56,2.57,2.54,18888335.0,48170948.0,-0.391,-0.01
601865,福莱特,12.17,12.17,12.18,12.33,12.4,12.4,12.03,14867494.0,180521446.0,-1.298,-0.16
601866,中远海发,2.62,2.62,2.63,2.61,2.61,2.64,2.58,78259679.0,204053057.0,0.383,0.01
601868,中国能建,3.05,3.04,3.05,2.99,3.01,3.09,2.99,581879277.0,1765327825.0,2.007,0.06
601869,长飞光纤,386.03,386.02,386.03,388.66,388.66,389.88,378.05,10855724.0,4154673434.0,-0.677,-2.63
601872,招商轮船,17.77,17.76,17.77,18.08,18.75,19.5,17.65,201024784.0,3680272143.0,-1.715,-0.31
601877,正泰电器,30.03,30.03,30.04,30.59,30.61,31.21,29.47,46163302.0,1392554891.0,-1.831,-0.56
601878,浙商证券,9.5,9.49,9.5,9.42,9.47,9.56,9.39,22677833.0,214389749.0,0.849,0.08
601880,辽港股份,1.62,1.62,1.63,1.61,1.61,1.63,1.61,91127619.0,147594773.0,0.621,0.01
601881,中国银河,12.23,12.23,12.24,12.13,12.19,12.31,12.11,33356567.0,406907449.0,0.824,0.1
601882,海天精工,23.43,23.42,23.43,23.83,23.93,24.0,23.16,6181334.0,144912251.0,-1.679,-0.4
601886,江河集团,9.25,9.25,9.26,8.89,8.84,9.33,8.84,7094311.0,64773469.0,4.049,0.36
601888,中国中免,56.8,56.8,56.81,56.65,56.53,57.56,56.5,24987739.0,1423216272.0,0.265,0.15
601890,亚星锚链,9.58,9.58,9.59,9.72,9.81,9.81,9.48,24817548.0,237798496.0,-1.44,-0.14
601898,中煤能源,15.53,15.53,15.54,15.58,15.9,16.2,15.31,59560606.0,934530477.0,-0.321,-0.05
601899,紫金矿业,31.35,31.34,31.35,30.96,31.64,32.0,31.09,284046195.0,8946274059.0,1.26,0.39
601900,南方传媒,12.03,12.02,12.03,12.18,12.15,12.17,12.0,5299280.0,63817257.0,-1.232,-0.15
601901,方正证券,7.09,7.09,7.1,7.06,7.06,7.11,7.02,55925672.0,394966519.0,0.425,0.03
601908,京运通,3.81,3.8,3.81,3.83,3.82,3.84,3.75,50274688.0,190208287.0,-0.522,-0.02
601916,浙商银行,2.97,2.97,2.98,2.97,2.97,2.98,2.96,72500630.0,215553172.0,0.0,0.0
601918,新集能源,9.16,9.16,9.17,8.63,8.95,9.23,8.75,77725865.0,702460072.0,6.141,0.53
601919,中远海控,14.65,14.64,14.65,14.61,14.7,14.9,14.6,99129487.0,1462725331.0,0.274,0.04
601921,浙版传媒,7.26,7.25,7.26,7.34,7.34,7.37,7.22,5509224.0,40066322.0,-1.09,-0.08
601928,凤凰传媒,8.98,8.98,8.99,9.07,9.07,9.12,8.97,5055700.0,45584441.0,-0.992,-0.09
601929,吉视传媒,3.1,3.1,3.11,2.89,2.89,3.18,2.88,377516195.0,1174192071.0,7.266,0.21
601933,永辉超市,3.48,3.48,3.49,3.46,3.41,3.57,3.38,127604772.0,442432582.0,0.578,0.02
601939,建设银行,10.14,10.14,10.15,10.1,9.99,10.19,9.99,82406841.0,834786787.0,0.396,0.04
601949,中国出版,5.24,5.24,5.25,5.28,5.31,5.34,5.21,7343599.0,38661593.0,-0.758,-0.04
601952,苏垦农发,8.55,8.55,8.56,8.56,8.52,8.58,8.5,7118535.0,60837515.0,-0.117,-0.01
601956,东贝集团,5.56,5.56,5.57,5.62,5.62,5.67,5.54,5390700.0,30040119.0,-1.068,-0.06
601958,金钼股份,21.12,21.11,21.12,21.79,21.8,22.27,20.99,49293360.0,1055771986.0,-3.075,-0.67
601963,重庆银行,11.34,11.34,11.35,11.25,11.2,11.42,11.13,15477436.0,175228227.0,0.8,0.09
601965,中国汽研,16.32,16.31,16.32,16.59,16.6,16.98,16.12,11241278.0,184380365.0,-1.627,-0.27
601966,玲珑轮胎,12.0,11.99,12.0,12.3,12.25,12.25,11.92,15784284.0,190095426.0,-2.439,-0.3
601968,宝钢包装,4.76,4.76,4.78,4.64,4.61,4.92,4.61,13829700.0,66121377.0,2.586,0.12
601969,海南矿业,10.05,10.05,10.06,10.47,10.39,10.52,10.01,21667444.0,220444596.0,-4.011,-0.42
601975,招商南油,5.55,5.55,5.56,5.8,5.81,5.92,5.3,492144535.0,2738282604.0,-4.31,-0.25
601985,中国核电,8.75,8.74,8.75,8.71,8.71,8.82,8.68,115354677.0,1007554025.0,0.459,0.04
601988,中国银行,5.9,5.9,5.91,5.86,5.84,5.94,5.83,246668351.0,1455806546.0,0.683,0.04
601990,南京证券,6.93,6.93,6.94,6.97,6.99,7.01,6.82,24309400.0,167915452.0,-0.574,-0.04
601991,大唐发电,7.4,7.4,7.41,6.89,6.8,7.44,6.8,879992834.0,6295148312.0,7.402,0.51
601992,金隅集团,1.68,1.68,1.69,1.68,1.69,1.72,1.65,211448700.0,358303953.0,0.0,0.0
601995,中金公司,34.0,34.0,34.01,33.68,33.95,34.14,33.66,12500671.0,423808154.0,0.95,0.32
601996,丰林集团,2.85,2.85,2.86,2.98,2.99,3.02,2.81,42502100.0,122671935.0,-4.362,-0.13
601997,贵阳银行,5.98,5.97,5.98,5.99,5.98,6.0,5.95,26202640.0,156531854.0,-0.167,-0.01
601998,中信银行,7.68,7.68,7.69,7.75,7.76,7.78,7.64,54248684.0,418792094.0,-0.903,-0.07
601999,出版传媒,6.27,6.26,6.27,6.42,6.42,6.45,6.15,8721862.0,54680592.0,-2.336,-0.15
603000,人民网,17.92,17.92,17.93,18.23,18.34,18.39,17.8,16421037.0,295252890.0,-1.7,-0.31
603001,奥康国际,10.66,10.66,0.0,9.69,9.9,10.66,9.73,43313606.0,454234320.0,10.01,0.97
603002,宏昌电子,16.52,16.52,16.53,16.29,16.48,17.03,16.21,69435650.0,1148944183.0,1.412,0.23
603004,鼎龙科技,20.45,20.45,20.5,21.18,21.43,21.43,20.33,3398843.0,70066357.0,-3.447,-0.73
603005,晶方科技,43.05,43.05,0.0,39.14,40.19,43.05,39.63,107073329.0,4510142802.0,9.99,3.91
603006,联明股份,13.53,13.52,13.53,14.25,14.18,14.27,13.48,5202400.0,71398927.0,-5.053,-0.72
603007,顺景科技,6.51,6.5,6.51,6.89,6.9,6.91,6.43,70444137.0,461916213.0,-5.515,-0.38
603008,ST喜临门,8.51,0.0,8.51,8.96,8.7,8.99,8.51,22876845.0,197319724.0,-5.022,-0.45
603009,北特科技,59.59,59.59,59.6,58.8,59.44,60.58,58.23,15501894.0,919185565.0,1.344,0.79
603010,万盛股份,14.98,14.98,0.0,13.62,13.72,14.98,13.62,17275560.0,249974258.0,9.985,1.36
603011,合锻智能,19.83,19.83,19.84,19.81,20.0,20.77,19.5,18411389.0,370414482.0,0.101,0.02
603012,创力集团,10.32,10.32,10.33,9.74,9.99,10.39,9.7,40611963.0,411736723.0,5.955,0.58
603013,亚普股份,20.48,20.48,20.49,20.78,20.9,21.0,20.24,3658800.0,75266122.0,-1.444,-0.3
603014,威高血净,34.12,34.11,34.12,35.29,35.21,35.74,34.0,1555225.0,53398717.0,-3.315,-1.17
603015,弘讯科技,12.74,12.73,12.74,12.69,12.71,13.1,12.55,10658795.0,136610014.0,0.394,0.05
603016,新宏泰,47.07,47.07,47.08,48.6,48.6,49.03,45.0,5054841.0,236830362.0,-3.148,-1.53
603017,中衡设计,13.16,13.16,13.17,13.81,13.81,13.89,12.91,13423600.0,177835102.0,-4.707,-0.65
603018,华设集团,7.38,7.37,7.38,7.32,7.32,7.4,7.28,4969407.0,36494098.0,0.82,0.06
603019,中科曙光,96.45,96.45,96.46,94.8,95.3,96.45,93.6,66580004.0,6353239413.0,1.741,1.65
603020,爱普股份,10.62,10.62,10.63,10.12,10.17,10.69,10.14,9102300.0,95228411.0,4.941,0.5
603021,*ST华鹏,7.13,7.13,0.0,6.79,6.84,7.13,6.81,6678200.0,46426316.0,5.007,0.34
603022,新通联,10.9,10.9,10.91,11.21,11.25,11.34,10.8,4904300.0,53804388.0,-2.765,-0.31
603023,威帝股份,4.81,4.81,4.82,4.91,5.02,5.06,4.79,22312136.0,109321877.0,-2.037,-0.1
603025,大豪科技,16.72,16.71,16.72,16.39,16.29,16.72,16.08,16365719.0,270670387.0,2.013,0.33
603026,石大胜华,93.69,93.67,93.69,97.21,97.15,97.48,92.4,15134318.0,1418917578.0,-3.621,-3.52
603027,千禾味业,7.74,7.73,7.74,7.79,7.7,7.81,7.69,12882524.0,99819595.0,-0.642,-0.05
603028,赛福天,9.12,9.12,9.13,9.28,9.31,9.48,9.02,6556500.0,60132334.0,-1.724,-0.16
603029,天鹅股份,18.29,18.28,18.29,18.58,18.58,18.82,17.98,2667700.0,48840784.0,-1.561,-0.29
603030,全筑股份,2.75,2.75,2.76,2.81,2.82,2.85,2.71,33444500.0,92323212.0,-2.135,-0.06
603031,安孚科技,54.98,54.98,55.0,55.91,56.8,56.8,53.5,16231769.0,884924993.0,-1.663,-0.93
603032,德新科技,22.35,22.35,22.36,23.25,23.11,23.11,21.86,14006165.0,312673523.0,-3.871,-0.9
603033,三维股份,10.87,10.86,10.87,11.04,11.05,11.05,10.76,7705700.0,83986563.0,-1.54,-0.17
603035,常熟汽饰,12.53,12.53,12.54,12.93,12.95,12.96,12.38,6390330.0,80763008.0,-3.094,-0.4
603036,如通股份,14.09,14.08,14.09,14.8,14.8,14.92,14.01,6006700.0,85881293.0,-4.797,-0.71
603037,凯众股份,14.48,14.48,14.49,14.83,14.8,14.87,14.33,9092534.0,132243697.0,-2.36,-0.35
603038,华立股份,16.65,16.64,16.65,16.84,16.91,16.98,16.29,5938770.0,98710485.0,-1.128,-0.19
603039,泛微网络,39.49,39.49,39.5,38.4,38.55,39.96,38.23,8215554.0,321822234.0,2.839,1.09
603040,新坐标,93.75,93.71,93.75,94.0,94.05,102.0,92.51,5971561.0,578703099.0,-0.266,-0.25
603041,美思德,13.53,13.53,13.57,13.92,13.93,14.0,13.33,3267360.0,44371997.0,-2.802,-0.39
603042,华脉科技,21.3,21.3,21.31,21.55,21.73,21.8,20.66,9207810.0,194011061.0,-1.16,-0.25
603043,广州酒家,14.15,14.15,14.18,14.13,14.12,14.31,14.08,2180310.0,30923703.0,0.142,0.02
603045,福达合金,67.14,67.14,67.15,65.29,65.81,67.4,62.2,11090453.0,724329418.0,2.834,1.85
603048,浙江黎明,22.06,22.06,22.08,22.41,22.41,22.7,21.82,1826600.0,40520177.0,-1.562,-0.35
603049,中策橡胶,47.96,47.95,47.96,47.71,47.51,48.3,47.51,1774396.0,85249903.0,0.524,0.25
603050,科林电气,22.19,22.19,22.2,22.97,22.75,23.24,21.53,10099432.0,223765084.0,-3.396,-0.78
603051,鹿山新材,24.27,24.27,24.28,24.42,24.44,24.62,23.72,6512789.0,157294019.0,-0.614,-0.15
603052,可川科技,101.0,100.99,101.0,97.59,99.68,101.99,96.88,9210900.0,919222070.0,3.494,3.41
603053,成都燃气,9.49,9.49,9.5,9.7,9.65,9.7,9.43,4558600.0,43380907.0,-2.165,-0.21
603055,台华新材,8.67,8.67,8.68,8.67,8.68,8.85,8.51,7179764.0,62273258.0,0.0,0.0
603057,紫燕食品,27.01,27.01,27.08,26.87,26.36,28.25,26.36,2941000.0,80794822.0,0.521,0.14
603058,永吉股份,10.33,10.32,10.33,10.68,10.68,10.75,10.15,9032700.0,92884614.0,-3.277,-0.35
603059,倍加洁,29.26,29.21,29.26,29.78,29.69,30.04,29.0,1254000.0,36837898.0,-1.746,-0.52
603060,国检集团,6.81,6.8,6.81,6.82,6.81,6.85,6.68,13674716.0,92594903.0,-0.147,-0.01
603061,金海通,324.91,324.91,324.92,315.5,317.9,333.98,311.0,3249940.0,1051737157.0,2.983,9.41
603062,麦加芯彩,48.2,48.18,48.2,47.82,47.66,48.68,47.06,1128500.0,54079218.0,0.795,0.38
603063,禾望电气,59.9,59.89,59.9,58.13,58.0,60.21,56.22,30486210.0,1802173771.0,3.045,1.77
603065,宿迁联盛,8.14,8.13,8.14,8.12,8.18,8.22,8.04,4078400.0,33091439.0,0.246,0.02
603066,音飞储存,11.72,11.72,11.73,11.8,11.8,11.87,11.56,5443400.0,63690731.0,-0.678,-0.08
603067,振华股份,46.0,46.0,46.01,45.0,44.8,46.95,44.2,33253845.0,1518714308.0,2.222,1.0
603068,博通集成,38.88,38.88,38.89,37.91,38.2,39.01,37.79,5711233.0,220597399.0,2.559,0.97
603069,海汽集团,18.76,18.76,18.77,19.01,18.98,19.0,18.46,9955697.0,186344850.0,-1.315,-0.25
603070,万控智造,17.23,17.22,17.23,16.9,17.11,17.5,16.6,13015246.0,222569920.0,1.953,0.33
603071,物产环能,13.45,13.45,13.46,13.22,13.33,13.63,13.33,2602700.0,35074781.0,1.74,0.23
603072,天和磁材,38.31,38.3,38.31,38.04,38.04,38.54,37.55,2839281.0,108214135.0,0.71,0.27
603073,彩蝶实业,19.26,19.26,19.32,19.89,19.78,20.19,18.5,2175100.0,42126493.0,-3.167,-0.63
603075,热威股份,25.62,25.62,25.63,25.51,25.51,25.75,24.83,4557465.0,115640074.0,0.431,0.11
603076,乐惠国际,26.1,26.1,26.12,27.56,27.35,27.59,26.0,4239419.0,112020701.0,-5.298,-1.46
603077,和邦生物,2.61,2.6,2.61,2.63,2.63,2.65,2.58,117155418.0,304880813.0,-0.76,-0.02
603078,江化微,34.65,34.64,34.65,34.25,34.2,35.57,33.51,46954507.0,1626960764.0,1.168,0.4
603079,圣达生物,14.54,14.54,14.55,14.98,15.07,15.2,14.4,3574572.0,52218933.0,-2.937,-0.44
603080,新疆火炬,22.82,22.82,22.83,23.36,23.37,23.37,22.55,3474700.0,79256182.0,-2.312,-0.54
603081,大丰实业,10.93,10.93,10.94,11.14,11.12,11.2,10.73,5011885.0,54975607.0,-1.885,-0.21
603082,北自科技,40.88,40.88,40.89,42.73,41.6,42.45,40.01,12210376.0,501796769.0,-4.33,-1.85
603083,剑桥科技,209.0,209.0,0.0,190.0,192.0,209.0,183.3,33397149.0,6653010991.0,10.0,19.0
603085,天成自控,14.02,14.01,14.02,14.43,14.43,14.47,13.9,10083785.0,142649408.0,-2.841,-0.41
603086,先达股份,6.6,6.59,6.6,6.74,6.68,6.82,6.54,5897520.0,39163306.0,-2.077,-0.14
603087,甘李药业,53.55,53.55,53.56,54.1,54.1,54.37,53.0,5196816.0,277930716.0,-1.017,-0.55
603088,宁波精达,11.95,11.94,11.95,12.18,12.19,12.33,11.72,16791933.0,200001611.0,-1.888,-0.23
603089,正裕工业,11.38,11.37,11.38,11.19,11.31,11.59,11.22,2795377.0,31810582.0,1.698,0.19
603090,宏盛股份,71.48,71.48,71.49,73.03,73.05,73.4,69.45,8687400.0,618417464.0,-2.122,-1.55
603091,众鑫股份,76.38,76.38,76.4,82.93,82.93,83.0,75.01,1591400.0,124103511.0,-7.898,-6.55
603092,德力佳,69.46,69.46,69.47,71.67,71.66,72.4,69.33,2271828.0,160170432.0,-3.084,-2.21
603093,南华期货,22.59,22.58,22.59,21.58,21.88,23.51,21.88,16870300.0,381649746.0,4.68,1.01
603095,越剑智能,20.81,20.8,20.81,21.63,21.5,22.14,20.76,8145992.0,172496063.0,-3.791,-0.82
603096,新经典,17.39,17.39,17.4,17.92,17.9,18.13,17.26,1688300.0,29627739.0,-2.958,-0.53
603097,江苏华辰,30.31,30.31,30.32,29.82,29.91,31.5,29.91,6091451.0,185854885.0,1.643,0.49
603098,森特股份,12.35,12.35,12.36,12.65,12.8,12.93,12.27,7018020.0,87733000.0,-2.372,-0.3
603099,长白山,37.44,37.43,37.44,37.0,36.82,37.94,36.62,5555800.0,207611132.0,1.189,0.44
603100,XD川仪股,20.21,20.21,20.22,20.01,20.5,20.5,19.71,6313158.0,126132319.0,1.0,0.2
603101,汇嘉时代,7.59,7.58,7.59,7.77,7.78,7.79,7.5,8793025.0,66812237.0,-2.317,-0.18
603102,百合股份,38.95,38.95,38.96,39.4,39.4,39.92,38.63,483400.0,18903388.0,-1.142,-0.45
603103,横店影视,20.0,19.99,20.0,19.75,19.71,20.1,19.67,4005580.0,79555696.0,1.266,0.25
603105,芯能科技,9.41,9.41,9.42,9.4,9.39,9.51,9.3,8251296.0,77543755.0,0.106,0.01
603106,恒银科技,8.4,8.39,8.4,8.39,8.46,8.61,8.28,4894205.0,41309003.0,0.119,0.01
603107,上海汽配,14.1,14.1,14.11,14.14,14.12,14.19,14.05,2000500.0,28244230.0,-0.283,-0.04
603108,润达医疗,14.32,14.32,14.33,14.29,14.48,15.1,14.25,37655702.0,553203977.0,0.21,0.03
603109,神驰机电,20.98,20.98,20.99,21.12,21.21,21.29,20.82,1609017.0,33799012.0,-0.663,-0.14
603110,东方材料,23.49,23.48,23.49,23.84,23.91,24.37,23.28,12631200.0,298529789.0,-1.468,-0.35
603111,康尼机电,6.49,6.49,6.5,6.57,6.62,6.62,6.43,5688900.0,37010043.0,-1.218,-0.08
603112,华翔股份,22.62,22.62,22.63,22.15,22.15,22.89,22.15,11856600.0,268144700.0,2.122,0.47
603113,金能科技,5.24,5.23,5.24,5.27,5.33,5.38,5.21,7029235.0,37101446.0,-0.569,-0.03
603115,海星股份,114.22,114.22,114.23,116.31,121.11,122.0,104.68,17331691.0,1953537719.0,-1.797,-2.09
603116,红蜻蜓,8.16,8.15,8.16,7.86,7.79,8.26,7.79,19941620.0,160725048.0,3.817,0.3
603117,万林物流,4.86,4.86,4.87,4.98,4.99,5.0,4.8,11453240.0,56043505.0,-2.41,-0.12
603118,共进股份,14.18,14.17,14.18,14.22,14.11,14.58,13.91,45566111.0,647683046.0,-0.281,-0.04
603119,浙江荣泰,83.27,83.26,83.27,79.9,80.43,83.63,78.98,25640364.0,2086278631.0,4.218,3.37
603120,肯特催化,54.15,54.14,54.15,55.22,55.63,56.0,52.76,3388200.0,183594981.0,-1.938,-1.07
603121,华培动力,18.31,18.31,18.35,18.22,18.38,18.65,17.33,11564458.0,207980254.0,0.494,0.09
603122,合富中国,13.25,13.24,13.25,13.64,13.64,13.74,13.13,11681300.0,155604057.0,-2.859,-0.39
603123,翠微股份,10.97,10.97,10.98,10.64,11.01,11.19,10.81,22778474.0,250789605.0,3.102,0.33
603124,江南新材,135.8,135.8,135.89,126.01,135.0,137.56,129.5,3961403.0,528220169.0,7.769,9.79
603125,常青科技,26.93,26.93,26.94,26.39,26.38,27.59,26.37,10689270.0,288602500.0,2.046,0.54
603126,中材节能,8.23,8.22,8.23,8.19,8.18,8.4,8.07,14084490.0,116034746.0,0.488,0.04
603127,昭衍新药,40.94,40.94,40.95,41.35,41.95,42.99,40.0,38320723.0,1565980168.0,-0.992,-0.41
603128,华贸物流,5.43,5.43,5.44,5.45,5.47,5.49,5.41,8131328.0,44177502.0,-0.367,-0.02
603129,春风动力,243.3,243.3,243.34,238.15,240.0,246.94,238.19,1405673.0,340163505.0,2.163,5.15
603130,云中马,47.02,46.99,47.02,46.7,46.7,47.4,45.68,2181500.0,102084368.0,0.685,0.32
603131,上海沪工,21.33,21.33,21.34,21.64,21.7,21.97,21.04,8601464.0,183903011.0,-1.433,-0.31
603132,金徽股份,17.76,17.76,17.77,18.07,18.19,18.65,17.6,6892300.0,123893569.0,-1.716,-0.31
603135,中重科技,11.2,11.2,11.21,11.79,11.72,11.81,11.12,5212880.0,59299043.0,-5.004,-0.59
603136,天目湖,9.78,9.77,9.78,9.89,9.88,9.99,9.72,2460599.0,24164070.0,-1.112,-0.11
603137,恒尚节能,13.53,13.43,13.53,13.59,13.56,13.67,13.27,2563083.0,34344212.0,-0.442,-0.06
603138,海量数据,17.48,17.47,17.48,17.98,18.04,18.2,17.22,10081776.0,176165576.0,-2.781,-0.5
603139,康惠股份,38.71,38.71,38.75,39.3,40.09,40.12,37.5,4962800.0,189193622.0,-1.501,-0.59
603150,万朗磁塑,70.95,70.95,71.0,68.35,70.0,72.56,68.5,2957575.0,208778623.0,3.804,2.6
603151,邦基科技,14.3,14.3,14.35,14.52,14.53,14.95,14.27,2489900.0,36032088.0,-1.515,-0.22
603153,上海建科,14.97,14.96,14.97,15.1,15.09,15.09,14.91,1284600.0,19260205.0,-0.861,-0.13
603155,新亚强,20.08,20.08,20.09,19.81,19.84,20.39,19.65,8214089.0,164022785.0,1.363,0.27
603156,养元饮品,44.93,44.93,44.94,44.78,44.4,46.3,42.5,20604414.0,919204817.0,0.335,0.15
603158,腾龙股份,15.8,15.79,15.8,14.53,14.65,15.98,14.65,79091654.0,1231781951.0,8.741,1.27
603159,上海亚虹,28.37,28.37,28.38,28.97,29.12,29.5,28.21,4488626.0,129059374.0,-2.071,-0.6
603160,汇顶科技,67.96,67.96,67.97,64.6,64.63,67.98,64.25,10912110.0,730908075.0,5.201,3.36
603161,科华控股,13.85,13.83,13.85,14.03,13.99,14.26,13.71,3247359.0,45404037.0,-1.283,-0.18
603162,海通发展,11.82,11.82,11.84,12.13,12.22,12.27,11.79,15601882.0,186849337.0,-2.556,-0.31
603163,圣晖集成,109.68,109.68,109.69,112.82,113.04,114.05,108.0,3183950.0,351393788.0,-2.783,-3.14
603165,荣晟环保,17.47,17.47,17.48,17.8,17.79,17.98,17.18,10020850.0,174943147.0,-1.854,-0.33
603166,福达股份,14.06,14.05,14.06,14.32,14.32,14.32,13.92,7876132.0,111016966.0,-1.816,-0.26
603167,渤海轮渡,9.14,9.13,9.14,9.07,9.07,9.19,9.07,3645646.0,33260583.0,0.772,0.07
603168,莎普爱思,6.08,6.08,6.1,6.19,6.2,6.3,6.02,6101262.0,37270299.0,-1.777,-0.11
603169,兰石重装,8.35,8.35,8.36,8.48,8.65,8.65,8.25,15369969.0,128529507.0,-1.533,-0.13
603170,宝立食品,12.45,12.43,12.45,12.24,12.24,12.45,12.08,2275500.0,27985247.0,1.716,0.21
603171,税友股份,52.14,52.13,52.14,53.99,53.97,54.5,51.78,7096887.0,372611788.0,-3.427,-1.85
603172,万丰股份,21.23,21.23,21.25,22.1,22.1,22.23,20.96,3731567.0,79748825.0,-3.937,-0.87
603173,福斯达,37.02,37.02,37.04,37.37,37.39,37.55,36.73,1124400.0,41671287.0,-0.937,-0.35
603175,超颖电子,94.86,94.86,94.87,95.12,96.01,101.93,94.2,7769339.0,760602511.0,-0.273,-0.26
603176,汇通集团,5.49,5.49,5.51,5.59,5.56,5.68,5.46,4749300.0,26397899.0,-1.789,-0.1
603177,德创环保,11.2,11.2,11.25,11.6,11.63,11.88,11.05,6118500.0,69674122.0,-3.448,-0.4
603178,圣龙股份,19.54,19.54,19.55,19.99,19.99,20.48,19.35,18114982.0,357709695.0,-2.251,-0.45
603179,新泉股份,61.46,61.46,61.47,61.1,61.0,63.7,59.83,42979707.0,2636298193.0,0.589,0.36
603180,金牌家居,17.95,17.94,17.95,18.35,18.97,18.97,17.75,1212200.0,21981311.0,-2.18,-0.4
603181,皇马科技,15.05,15.04,15.05,15.25,15.2,15.37,14.88,8034219.0,121367354.0,-1.311,-0.2
603182,嘉华股份,13.97,13.97,13.98,14.22,14.23,14.37,13.88,2483700.0,34773455.0,-1.758,-0.25
603183,建研院,4.42,4.42,4.44,4.53,4.54,4.59,4.38,11487867.0,51303407.0,-2.428,-0.11
603185,弘元绿能,20.04,20.03,20.04,20.7,20.36,20.65,19.75,19199314.0,385504686.0,-3.188,-0.66
603186,华正新材,131.25,131.24,131.25,123.84,124.0,131.5,118.01,24095080.0,2971597167.0,5.984,7.41
603187,海容冷链,13.12,13.11,13.12,13.32,13.32,13.38,13.03,3963780.0,52060144.0,-1.502,-0.2
603188,亚邦股份,4.81,4.81,4.82,4.96,4.94,5.06,4.76,13390700.0,65221036.0,-3.024,-0.15
603189,*ST网达,11.85,11.85,11.86,12.21,12.23,12.42,11.67,5613000.0,67000073.0,-2.948,-0.36
603190,亚通精工,28.45,28.44,28.45,28.66,28.66,29.22,28.1,3194120.0,91192463.0,-0.733,-0.21
603191,望变电气,21.62,21.61,21.62,21.73,21.85,22.86,21.49,19359822.0,426194356.0,-0.506,-0.11
603192,汇得科技,21.07,21.07,21.08,21.74,22.0,22.0,21.04,1209300.0,25760287.0,-3.082,-0.67
603193,润本股份,22.96,22.96,22.97,22.97,23.18,23.18,22.73,2105700.0,48313657.0,-0.044,-0.01
603194,中力股份,36.66,36.58,36.66,36.82,37.2,37.45,36.22,2160288.0,79537473.0,-0.435,-0.16
603195,公牛集团,42.81,42.81,42.82,44.03,43.88,43.88,42.77,4460540.0,192923910.0,-2.771,-1.22
603196,璞源材料,27.52,27.51,27.52,26.62,26.63,27.77,26.38,5241300.0,141863977.0,3.381,0.9
603197,保隆科技,34.44,34.44,34.45,34.73,34.71,35.5,34.34,4392900.0,152643437.0,-0.835,-0.29
603198,迎驾贡酒,37.16,37.15,37.16,35.67,35.38,38.36,35.31,10007746.0,374217185.0,4.177,1.49
603199,九华旅游,32.88,32.88,32.92,33.78,33.3,33.69,32.43,3413586.0,112772552.0,-2.664,-0.9
603200,上海洗霸,52.42,52.42,52.43,54.57,54.05,54.65,51.8,6395883.0,336338335.0,-3.94,-2.15
603201,常润股份,15.72,15.72,15.73,15.8,15.8,15.84,15.45,2574807.0,40341089.0,-0.506,-0.08
603202,天有为,67.42,67.42,67.43,69.23,69.5,69.6,67.15,1434078.0,97289638.0,-2.614,-1.81
603203,快克智能,66.55,66.55,0.0,60.5,60.73,66.55,60.73,13443454.0,854629592.0,10.0,6.05
603205,健尔康,26.15,26.15,26.16,25.91,25.9,26.33,25.8,926518.0,24133582.0,0.926,0.24
603206,嘉环科技,20.13,20.13,20.14,19.04,18.97,20.58,18.97,33412834.0,664398153.0,5.725,1.09
603207,小方制药,24.11,24.11,24.12,24.62,24.67,24.74,23.79,1716435.0,41273539.0,-2.071,-0.51
603208,江山欧派,13.37,13.31,13.37,13.29,13.28,13.49,13.01,1793769.0,23664059.0,0.602,0.08
603209,兴通股份,14.28,14.28,14.29,14.06,14.1,14.31,14.02,3597560.0,51045143.0,1.565,0.22
603210,泰鸿万立,14.77,14.76,14.77,15.16,15.17,15.22,14.66,3351200.0,49854295.0,-2.573,-0.39
603211,晋拓股份,31.01,31.0,31.01,29.76,29.5,31.66,29.5,10996662.0,338026258.0,4.2,1.25
603212,赛伍技术,14.82,14.82,14.83,14.54,14.95,15.0,14.45,16487500.0,243080178.0,1.926,0.28
603213,XD镇洋发,13.97,13.96,13.97,13.57,13.81,14.06,13.71,7973758.0,110747846.0,2.948,0.4
603214,爱婴室,15.46,15.45,15.46,15.78,15.86,15.98,15.4,2374589.0,37009040.0,-2.028,-0.32
603215,比依股份,16.93,16.91,16.93,17.5,17.79,17.85,16.7,3709100.0,63329710.0,-3.257,-0.57
603216,梦天家居,25.91,25.9,25.91,26.11,26.1,26.47,25.4,6614450.0,171777171.0,-0.766,-0.2
603217,元利科技,28.84,28.84,28.86,28.63,28.92,29.7,28.66,4154860.0,120929205.0,0.733,0.21
603218,日月股份,12.21,12.2,12.21,12.27,12.25,12.31,12.1,8721885.0,106253536.0,-0.489,-0.06
603219,富佳股份,17.95,17.94,17.95,18.2,18.2,18.2,17.48,7851820.0,140322223.0,-1.374,-0.25
603220,中贝通信,27.56,0.0,27.56,30.62,30.92,31.2,27.56,39755798.0,1140323632.0,-9.993,-3.06
603221,爱丽家居,12.84,12.84,12.85,12.46,12.61,12.84,12.26,3814200.0,47904785.0,3.05,0.38
603222,济民健康,9.3,9.29,9.3,9.77,9.78,9.95,9.22,19446251.0,184164246.0,-4.811,-0.47
603223,恒通股份,11.32,11.32,11.33,10.7,10.99,11.77,10.98,43455172.0,498140143.0,5.794,0.62
603225,新凤鸣,16.5,16.49,16.5,16.65,16.74,17.32,16.47,14551126.0,245849858.0,-0.901,-0.15
603226,菲林格尔,53.69,53.67,53.69,50.13,52.0,53.96,50.48,4723143.0,250191990.0,7.102,3.56
603227,雪峰科技,8.74,8.73,8.74,8.41,8.39,8.77,8.35,19611791.0,168951694.0,3.924,0.33
603228,景旺电子,86.92,86.92,86.93,82.5,87.99,89.7,84.61,71320528.0,6189897558.0,5.358,4.42
603229,奥翔药业,9.93,9.93,9.94,10.11,10.05,10.27,9.85,13446478.0,134521652.0,-1.78,-0.18
603230,内蒙新华,10.16,10.16,10.17,10.17,10.14,10.23,10.05,1331800.0,13512121.0,-0.098,-0.01
603231,索宝蛋白,16.93,16.91,16.93,16.81,16.81,16.97,16.69,1761300.0,29639564.0,0.714,0.12
603232,格尔软件,20.97,20.97,20.98,20.04,20.0,21.98,19.51,37972848.0,787749039.0,4.641,0.93
603233,大参林,16.95,16.93,16.95,17.28,17.28,17.3,16.78,6196490.0,104968089.0,-1.91,-0.33
603235,天新药业,24.7,24.7,24.73,24.62,24.79,24.89,24.42,513102.0,12616707.0,0.325,0.08
603236,移远通信,76.8,76.79,76.8,74.96,74.38,77.77,74.31,7859034.0,600102003.0,2.455,1.84
603237,五芳斋,16.12,16.11,16.12,16.03,16.09,16.25,15.93,1696884.0,27323032.0,0.561,0.09
603238,诺邦股份,14.24,14.23,14.24,14.42,14.42,14.58,14.1,2309590.0,33068468.0,-1.248,-0.18
603239,浙江仙通,21.74,21.74,21.75,22.32,22.52,23.7,21.69,9473200.0,214696501.0,-2.599,-0.58
603248,锡华科技,29.27,29.27,29.28,29.59,29.06,29.91,28.87,8203894.0,239333287.0,-1.081,-0.32
603255,鼎际得,33.93,33.93,33.95,33.8,33.9,34.28,33.4,1895688.0,64284108.0,0.385,0.13
603256,宏和科技,175.31,175.31,0.0,159.37,167.49,175.31,164.5,20441500.0,3478772548.0,10.002,15.94
603257,中国瑞林,61.3,61.18,61.3,61.77,61.79,62.8,60.55,871568.0,53321540.0,-0.761,-0.47
603258,电魂网络,14.69,14.68,14.69,14.92,14.83,15.06,14.54,2163869.0,31996942.0,-1.542,-0.23
603259,药明康德,102.55,102.54,102.55,103.98,103.0,104.0,101.3,31185588.0,3189243957.0,-1.375,-1.43
603260,合盛硅业,39.81,39.81,39.82,40.65,40.65,40.8,39.48,7262275.0,290009001.0,-2.066,-0.84
603261,*ST立航,37.34,37.34,37.35,37.05,37.42,37.69,36.55,532500.0,19811191.0,0.783,0.29
603262,技源集团,28.48,28.48,28.49,27.49,28.22,28.93,27.71,4779671.0,136416547.0,3.601,0.99
603266,天龙股份,20.55,20.55,20.56,20.8,20.74,21.24,20.28,5993837.0,124532422.0,-1.202,-0.25
603267,鸿远电子,67.79,67.79,67.8,64.89,69.5,69.5,66.81,28635970.0,1946712339.0,4.469,2.9
603268,松发股份,139.0,138.95,139.0,142.0,142.58,142.9,138.66,7161940.0,1003124648.0,-2.113,-3.0
603269,海鸥股份,22.61,22.6,22.61,23.1,23.0,23.84,22.28,29778940.0,676586857.0,-2.121,-0.49
603270,金帝股份,30.8,30.8,30.82,31.74,31.5,32.12,30.5,6502906.0,202363087.0,-2.962,-0.94
603271,永杰新材,49.38,49.35,49.38,48.38,48.71,50.88,48.0,4166400.0,206458788.0,2.067,1.0
603272,*ST联翔,34.63,34.63,0.0,32.98,34.63,34.63,34.63,607296.0,21030660.0,5.003,1.65
603273,天元智能,16.21,16.21,16.26,16.62,16.68,16.99,16.11,2185214.0,35782073.0,-2.467,-0.41
603275,众辰科技,48.05,48.04,48.06,48.77,49.04,49.7,47.44,3298700.0,158293479.0,-1.476,-0.72
603276,恒兴新材,17.56,17.56,17.57,17.78,17.89,17.89,17.16,2656140.0,46325321.0,-1.237,-0.22
603277,银都股份,12.49,12.49,12.5,12.65,12.65,12.79,12.45,1143180.0,14328557.0,-1.265,-0.16
603278,大业股份,13.34,13.34,13.35,14.18,14.4,14.52,13.26,45971800.0,628636576.0,-5.924,-0.84
603279,景津装备,15.49,15.49,15.5,15.21,15.33,15.7,15.15,7730200.0,118655376.0,1.841,0.28
603280,南方路机,30.33,30.32,30.33,30.95,31.28,31.5,30.03,1091600.0,33417845.0,-2.003,-0.62
603281,江瀚新材,38.21,38.21,38.22,38.98,38.79,39.25,37.73,4727200.0,181622153.0,-1.975,-0.77
603282,亚光股份,17.34,17.34,17.37,17.64,17.56,18.15,17.08,2361520.0,41171450.0,-1.701,-0.3
603283,赛腾股份,69.69,69.69,69.7,67.19,67.19,70.65,65.98,23777471.0,1635963884.0,3.721,2.5
603284,林平发展,43.47,43.47,43.49,44.61,44.65,44.75,43.26,1399520.0,61248614.0,-2.555,-1.14
603285,键邦股份,52.0,51.99,52.0,53.38,53.45,55.47,49.72,6916269.0,358751027.0,-2.585,-1.38
603286,日盈电子,70.77,70.77,70.79,70.29,70.33,72.2,69.93,4699431.0,333052784.0,0.683,0.48
603288,海天味业,35.65,35.65,35.66,35.29,35.29,35.94,34.93,19752915.0,701964121.0,1.02,0.36
603289,泰瑞机器,12.39,12.39,12.4,12.13,12.13,12.5,12.07,16278430.0,200151982.0,2.143,0.26
603290,斯达半导,139.56,139.56,139.57,131.75,134.4,139.56,131.0,18478425.0,2526934427.0,5.928,7.81
603291,联合水务,10.99,10.98,10.99,11.27,10.84,11.15,10.66,9776277.0,106275640.0,-2.484,-0.28
603293,埃泰克,51.02,51.01,51.02,54.26,53.93,53.94,51.0,6229043.0,322166525.0,-5.971,-3.24
603296,华勤技术,111.75,111.74,111.75,108.94,110.9,112.18,108.5,14473796.0,1597855053.0,2.579,2.81
603297,永新光学,143.37,143.36,143.37,147.51,147.9,149.0,142.03,2259585.0,324633621.0,-2.807,-4.14
603298,杭叉集团,27.18,27.17,27.18,27.38,27.53,27.85,26.78,6866087.0,185797226.0,-0.73,-0.2
603299,苏盐井神,10.35,10.35,10.38,10.3,10.41,10.45,10.23,5394000.0,55771819.0,0.485,0.05
603300,海南华铁,6.08,6.08,6.09,6.07,6.08,6.16,5.96,45823374.0,277301214.0,0.165,0.01
603301,振德医疗,89.55,89.55,89.6,92.7,93.93,94.5,89.0,3474582.0,317001430.0,-3.398,-3.15
603303,得邦照明,24.82,24.82,0.0,22.56,22.34,24.82,21.88,9698236.0,232554981.0,10.018,2.26
603305,旭升集团,17.08,17.08,17.09,16.89,17.22,17.47,16.74,46154162.0,790406305.0,1.125,0.19
603306,华懋科技,111.87,111.86,111.87,107.92,109.1,113.5,107.5,13665399.0,1513581840.0,3.66,3.95
603307,扬州金泉,42.07,42.07,42.13,44.0,44.0,44.0,41.32,916300.0,38901250.0,-4.386,-1.93
603308,应流股份,73.57,73.56,73.57,70.89,71.92,74.1,71.78,18191440.0,1331075412.0,3.781,2.68
603309,维力医疗,13.46,13.46,13.47,13.9,13.89,14.03,13.32,6164113.0,83473093.0,-3.165,-0.44
603310,巍华新材,17.0,17.0,17.01,17.11,17.1,17.3,16.82,4965256.0,84500409.0,-0.643,-0.11
603311,金海高科,28.74,28.73,28.74,31.46,31.26,31.34,28.31,25458301.0,743650423.0,-8.646,-2.72
603312,西典新能,39.37,39.37,39.4,39.89,40.0,40.5,39.03,1457244.0,57897567.0,-1.304,-0.52
603313,梦百合,5.77,5.77,5.78,5.83,5.84,5.92,5.74,7684460.0,44696649.0,-1.029,-0.06
603315,福鞍股份,16.15,16.15,16.16,16.76,16.81,16.91,15.78,18171000.0,295247207.0,-3.64,-0.61
603316,诚邦股份,25.76,25.75,25.76,26.9,25.81,27.1,25.12,59972628.0,1554615289.0,-4.238,-1.14
603317,天味食品,15.34,15.34,15.39,15.4,15.31,16.0,15.18,10254604.0,157706059.0,-0.39,-0.06
603318,水发燃气,9.68,9.68,9.69,9.97,9.8,9.95,9.56,33056900.0,321500857.0,-2.909,-0.29
603319,美湖股份,31.6,31.6,31.61,31.87,31.75,32.25,30.89,14890353.0,467940606.0,-0.847,-0.27
603320,迪贝电气,25.88,25.83,25.88,25.01,25.13,26.2,24.77,5588419.0,142370522.0,3.479,0.87
603321,梅轮电梯,7.09,7.09,7.1,7.22,7.26,7.3,6.99,4553800.0,32319735.0,-1.801,-0.13
603322,超讯通信,35.35,35.34,35.35,36.37,36.26,36.9,34.56,10193391.0,359584011.0,-2.805,-1.02
603323,苏农银行,4.73,4.72,4.73,4.76,4.77,4.77,4.72,17654267.0,83746908.0,-0.63,-0.03
603324,盛剑科技,30.45,30.44,30.45,30.49,30.0,31.29,29.3,14714880.0,445361874.0,-0.131,-0.04
603325,博隆技术,56.95,56.95,56.96,58.16,58.17,58.46,56.69,653489.0,37344902.0,-2.08,-1.21
603326,我乐家居,7.94,7.94,7.95,7.95,8.02,8.07,7.81,3569260.0,28319216.0,-0.126,-0.01
603327,福蓉科技,10.62,10.62,10.63,10.85,10.84,10.84,10.47,18518064.0,196476168.0,-2.12,-0.23
603328,依顿电子,12.61,12.61,12.62,12.34,12.4,12.66,12.31,35245500.0,440191109.0,2.188,0.27
603329,上海雅仕,11.24,11.24,11.32,11.45,11.45,11.6,11.11,3039570.0,34355400.0,-1.834,-0.21
603330,天洋新材,7.22,7.22,7.23,6.94,6.96,7.45,6.76,25128006.0,179867334.0,4.035,0.28
603331,百达精工,13.94,13.93,13.94,14.36,14.44,14.53,13.71,11360763.0,158600909.0,-2.925,-0.42
603332,苏州龙杰,12.93,12.93,12.94,13.6,13.67,13.67,12.65,7605400.0,98747242.0,-4.926,-0.67
603333,尚纬股份,9.17,9.17,9.18,9.52,9.55,9.67,8.89,37133000.0,341444417.0,-3.676,-0.35
603334,丰倍生物,43.19,43.19,43.2,44.44,44.87,44.87,42.76,1436311.0,62297519.0,-2.813,-1.25
603335,迪生力,6.85,6.84,6.85,7.12,7.17,7.33,6.77,14847497.0,102343525.0,-3.792,-0.27
603336,宏辉果蔬,12.0,11.99,12.0,12.49,12.71,12.79,11.94,22194936.0,272934652.0,-3.923,-0.49
603337,杰克科技,44.72,44.72,44.73,43.36,44.28,45.36,43.0,7601000.0,338824382.0,3.137,1.36
603338,浙江鼎力,55.49,55.48,55.49,55.69,55.74,56.65,55.03,6590109.0,366763334.0,-0.359,-0.2
603339,四方科技,13.49,13.48,13.49,13.39,13.44,13.6,13.36,2735664.0,36825718.0,0.747,0.1
603341,龙旗科技,38.19,38.18,38.19,37.65,37.6,38.45,37.08,7898201.0,300183284.0,1.434,0.54
603344,星德胜,31.72,31.72,31.74,32.0,32.03,32.45,31.06,4455721.0,140707150.0,-0.875,-0.28
603345,安井食品,97.0,97.0,97.2,99.43,99.47,99.84,96.02,4975632.0,483832885.0,-2.444,-2.43
603348,文灿股份,17.07,17.06,17.07,17.55,17.58,17.72,16.88,2901164.0,49903370.0,-2.735,-0.48
603350,安乃达,33.89,33.89,33.9,34.59,34.75,34.86,33.5,1025067.0,34843256.0,-2.024,-0.7
603351,威尔药业,26.01,26.01,26.07,26.72,26.73,26.83,25.81,1090760.0,28725377.0,-2.657,-0.71
603352,至信股份,32.27,32.26,32.27,33.08,33.12,33.2,32.2,1674915.0,54301801.0,-2.449,-0.81
603353,和顺石油,50.06,50.06,50.18,50.66,50.2,53.46,48.66,7120300.0,364285994.0,-1.184,-0.6
603355,莱克电气,29.31,29.31,29.33,29.94,29.94,30.39,29.21,2632600.0,78173478.0,-2.104,-0.63
603356,华菱精工,19.0,18.98,19.0,20.05,20.0,20.81,18.56,9977856.0,193589025.0,-5.237,-1.05
603357,设计总院,7.11,7.1,7.11,7.12,7.12,7.17,7.08,2620964.0,18658439.0,-0.14,-0.01
603358,华达科技,37.59,37.58,37.59,39.1,39.1,39.39,36.51,18168113.0,681705246.0,-3.862,-1.51
603359,*ST东珠,2.95,0.0,2.95,3.1,3.09,3.13,2.95,12827861.0,38606975.0,-4.839,-0.15
603360,百傲化学,25.62,25.62,0.0,23.29,23.17,25.62,22.45,33635152.0,825548642.0,10.004,2.33
603363,傲农生物,3.43,3.42,3.43,3.39,3.39,3.47,3.36,38859900.0,133047248.0,1.18,0.04
603365,水星家纺,18.83,18.81,18.83,18.94,18.98,19.14,18.68,1648641.0,31068712.0,-0.581,-0.11
603366,日出东方,7.57,7.56,7.57,7.82,7.75,7.85,7.49,16458016.0,124718105.0,-3.197,-0.25
603367,辰欣药业,14.15,14.14,14.15,14.45,14.41,14.48,14.02,6542900.0,92709278.0,-2.076,-0.3
603368,柳药集团,16.06,16.05,16.06,16.1,16.12,16.14,15.98,2348064.0,37692003.0,-0.248,-0.04
603369,今世缘,27.96,27.95,27.96,27.09,26.92,28.5,26.53,16600529.0,462332822.0,3.212,0.87
603370,华新精科,47.42,47.41,47.42,46.83,46.52,47.51,46.0,2156179.0,101291029.0,1.26,0.59
603373,安邦护卫,51.11,51.1,51.11,50.15,49.65,51.69,49.65,4643531.0,234700203.0,1.914,0.96
603375,盛景微,54.51,54.51,54.52,52.62,52.59,55.0,49.99,7613940.0,401310171.0,3.592,1.89
603376,大明电子,31.79,31.78,31.79,32.66,32.66,32.66,31.5,2273353.0,72463541.0,-2.664,-0.87
603377,ST东时,3.49,3.49,3.5,3.54,3.54,3.55,3.46,5204903.0,18131504.0,-1.412,-0.05
603378,*ST亚士,5.73,5.73,0.0,5.46,5.3,5.73,5.28,26016462.0,143107712.0,4.945,0.27
603379,三美股份,60.61,60.61,60.62,60.53,61.74,62.2,60.01,15334681.0,934777756.0,0.132,0.08
603380,易德龙,40.88,40.88,40.89,43.12,43.0,43.5,40.34,7303806.0,301465686.0,-5.195,-2.24
603381,永臻股份,22.63,22.63,22.64,22.95,22.9,23.25,22.3,3776138.0,85388836.0,-1.394,-0.32
603382,海阳科技,23.58,23.58,23.59,24.09,24.02,24.32,23.48,1294054.0,30757929.0,-2.117,-0.51
603383,顶点软件,32.91,32.91,32.92,32.8,32.85,33.4,32.43,4749853.0,156058689.0,0.335,0.11
603385,惠达卫浴,6.08,6.08,6.1,6.21,6.21,6.32,6.03,3620900.0,22181221.0,-2.093,-0.13
603386,骏亚科技,16.16,16.16,16.18,16.01,16.45,16.57,15.91,14800880.0,239904987.0,0.937,0.15
603387,基蛋生物,9.21,9.21,9.22,9.22,9.22,9.38,9.11,7675993.0,70601996.0,-0.108,-0.01
603389,*ST亚振,60.0,60.0,60.05,62.9,63.0,63.4,59.76,2030160.0,123413597.0,-4.61,-2.9
603390,通达电气,13.94,13.93,13.94,14.36,14.24,14.37,13.75,20270120.0,284351362.0,-2.925,-0.42
603391,力聚热能,71.2,71.2,71.3,71.31,71.3,73.0,70.65,1444461.0,103269901.0,-0.154,-0.11
603392,万泰生物,35.36,35.36,35.37,36.65,36.46,36.62,35.17,5345420.0,190235402.0,-3.52,-1.29
603393,新天然气,28.4,28.4,28.45,28.76,28.28,28.8,27.69,10607854.0,300485747.0,-1.252,-0.36
603395,红四方,24.93,24.93,24.94,25.08,25.15,25.29,24.75,1546620.0,38616959.0,-0.598,-0.15
603396,金辰股份,34.79,34.79,34.8,35.67,36.18,36.18,34.61,3226100.0,113143973.0,-2.467,-0.88
603398,*ST沐邦,14.03,14.03,14.05,14.74,14.75,14.89,14.03,10603600.0,153187063.0,-4.817,-0.71
603399,永杉锂业,17.56,17.56,17.57,17.95,18.0,18.25,17.53,48969303.0,870371240.0,-2.173,-0.39
603400,华之杰,77.9,77.89,77.9,81.2,82.6,82.69,77.18,1946514.0,153323256.0,-4.064,-3.3
603402,陕西旅游,96.65,96.64,96.65,97.18,97.16,98.27,95.51,728110.0,70301170.0,-0.545,-0.53
603406,天富龙,31.66,31.63,31.66,31.47,31.43,31.88,31.3,898779.0,28322385.0,0.604,0.19
603407,长裕集团,60.37,60.37,60.38,63.23,62.5,62.5,59.2,7067787.0,427585132.0,-4.523,-2.86
603408,建霖家居,10.87,10.87,10.89,11.05,11.1,11.13,10.78,1954700.0,21312718.0,-1.629,-0.18
603409,汇通控股,43.0,43.0,43.07,44.3,44.49,44.7,42.82,2098711.0,91186069.0,-2.935,-1.3
603416,信捷电气,63.3,63.26,63.3,64.7,65.8,65.88,62.9,3865900.0,245902796.0,-2.164,-1.4
603418,友升股份,51.08,51.08,51.09,53.76,53.5,53.65,50.86,2548368.0,132430641.0,-4.985,-2.68
603421,鼎信通讯,7.97,7.97,7.98,7.91,7.89,8.09,7.79,10022499.0,79625520.0,0.759,0.06
603429,*ST集友,9.3,9.3,9.31,9.64,9.63,9.64,9.28,3781240.0,35655561.0,-3.527,-0.34
603435,C嘉德,99.49,99.47,99.49,127.68,108.0,112.0,98.75,21539621.0,2259602006.0,-22.079,-28.19
603439,三力制药,14.76,14.75,14.76,14.29,14.46,14.85,13.83,37162393.0,533001540.0,3.289,0.47
603444,吉比特,341.9,341.89,341.9,355.1,352.98,355.87,339.0,2134276.0,736767795.0,-3.717,-13.2
603456,九洲药业,12.59,12.59,12.6,12.83,12.88,12.88,12.43,15574506.0,196091111.0,-1.871,-0.24
603458,勘设股份,13.55,13.54,13.55,13.98,14.0,14.11,13.31,19766322.0,269421772.0,-3.076,-0.43
603459,红板科技,108.3,108.29,108.3,105.61,105.0,115.15,101.99,33103643.0,3549620176.0,2.547,2.69
603466,风语筑,10.87,10.86,10.87,11.18,11.3,11.3,10.66,51311245.0,557011834.0,-2.773,-0.31
603477,巨星农牧,16.6,16.59,16.6,16.65,16.45,16.84,16.1,10618700.0,175424254.0,-0.3,-0.05
603486,科沃斯,66.91,66.91,66.92,67.76,67.77,67.97,66.39,7759882.0,519391582.0,-1.254,-0.85
603488,展鹏科技,11.35,11.34,11.35,11.55,11.72,11.76,11.17,17837920.0,203061185.0,-1.732,-0.2
603489,八方股份,36.05,36.05,36.06,36.6,36.59,37.22,35.4,3620263.0,130682275.0,-1.503,-0.55
603496,恒为科技,26.91,0.0,26.91,29.9,29.41,29.69,26.91,24146183.0,666989895.0,-10.0,-2.99
603499,翔港科技,21.08,21.07,21.08,21.48,21.48,21.66,21.03,5706740.0,121285309.0,-1.862,-0.4
603500,祥和实业,10.11,10.1,10.11,10.69,10.6,10.7,10.08,12097032.0,124081368.0,-5.426,-0.58
603501,豪威集团,108.94,108.94,108.95,104.25,105.0,109.09,103.9,52947335.0,5688060540.0,4.499,4.69
603505,金石资源,21.5,21.49,21.5,22.76,22.27,22.5,21.28,46900253.0,1015225968.0,-5.536,-1.26
603506,南都物业,12.34,12.34,12.35,12.56,12.56,12.79,12.2,2811990.0,34896061.0,-1.752,-0.22
603507,振江股份,42.42,42.4,42.42,42.5,42.75,43.57,42.14,6452484.0,275834206.0,-0.188,-0.08
603508,思维列控,23.76,23.76,23.77,24.41,24.43,24.49,23.42,5728025.0,136227949.0,-2.663,-0.65
603511,爱慕股份,14.13,14.13,14.15,14.18,14.04,14.37,14.0,1756400.0,24914967.0,-0.353,-0.05
603515,欧普照明,19.8,19.8,19.81,20.05,20.05,20.19,19.46,1293831.0,25531897.0,-1.247,-0.25
603516,淳中科技,120.9,120.9,120.91,121.34,119.95,123.3,119.0,5531616.0,667185383.0,-0.363,-0.44
603517,ST绝味,14.26,14.26,0.0,13.58,13.55,14.26,13.55,11161057.0,157522825.0,5.007,0.68
603518,锦泓集团,9.02,9.02,9.03,9.2,9.21,9.26,8.94,3609280.0,32765501.0,-1.957,-0.18
603519,立霸股份,13.07,13.07,13.09,13.37,13.34,13.39,12.93,4978400.0,65236581.0,-2.244,-0.3
603520,司太立,11.75,11.74,11.75,12.64,12.6,12.6,11.38,60793839.0,724526428.0,-7.041,-0.89
603527,众源新材,13.47,13.46,13.47,13.45,13.48,13.84,13.02,19187506.0,256739190.0,0.149,0.02
603528,多伦科技,7.84,7.84,7.85,7.99,7.97,8.11,7.79,10399686.0,82116183.0,-1.877,-0.15
603529,爱玛科技,21.08,21.07,21.08,21.17,21.17,21.25,20.91,5079131.0,107028965.0,-0.425,-0.09
603530,神马电力,57.72,57.72,57.74,56.72,56.72,58.27,56.7,2663200.0,153057758.0,1.763,1.0
603533,掌阅科技,24.67,24.67,24.68,25.1,25.36,26.1,24.29,19760600.0,494476268.0,-1.713,-0.43
603535,嘉诚国际,7.98,7.97,7.98,8.04,7.99,8.05,7.85,4431472.0,35152163.0,-0.746,-0.06
603536,惠发食品,9.72,9.71,9.72,9.8,9.75,9.95,9.61,3169300.0,30933552.0,-0.816,-0.08
603538,美诺华,46.0,46.0,46.01,50.44,49.18,49.18,45.4,47197651.0,2179423293.0,-8.803,-4.44
603551,奥普科技,11.04,11.04,11.05,11.08,11.0,11.14,10.95,1791000.0,19714217.0,-0.361,-0.04
603556,海兴电力,28.08,28.08,28.09,27.5,27.73,28.81,27.69,5124800.0,145217084.0,2.109,0.58
603557,*ST起步,4.56,4.56,4.57,4.46,4.47,4.65,4.38,13428900.0,60753944.0,2.242,0.1
603558,健盛集团,11.74,11.74,11.76,11.77,11.98,11.98,11.64,3491000.0,41283022.0,-0.255,-0.03
603559,ST通脉,9.57,9.56,9.57,9.44,9.39,9.78,9.39,5765496.0,55463097.0,1.377,0.13
603565,中谷物流,10.55,10.55,10.56,10.69,10.7,10.74,10.55,10385323.0,110362747.0,-1.31,-0.14
603566,普莱柯,10.93,10.93,10.94,11.14,11.13,11.14,10.9,2827531.0,30979724.0,-1.885,-0.21
603567,珍宝岛,7.91,7.9,7.91,7.66,7.66,8.0,7.65,26959437.0,211334689.0,3.264,0.25
603568,伟明环保,19.34,19.34,19.35,19.7,19.71,19.85,19.16,9703297.0,188420144.0,-1.827,-0.36
603569,长久物流,6.38,6.37,6.38,6.37,6.37,6.42,6.3,3117400.0,19806278.0,0.157,0.01
603577,汇金通,11.3,11.3,11.31,11.14,11.23,11.49,11.16,7198370.0,81543717.0,1.436,0.16
603578,三星新材,15.72,15.72,15.73,15.02,14.87,15.85,14.87,6433046.0,99842756.0,4.66,0.7
603579,荣泰健康,20.59,20.59,20.6,21.1,21.12,21.28,20.41,3779970.0,78029161.0,-2.417,-0.51
603580,*ST艾艾,23.42,23.42,23.46,24.56,24.6,25.27,23.33,2708500.0,64644500.0,-4.642,-1.14
603583,捷昌驱动,28.32,28.31,28.32,28.87,28.88,29.0,28.17,6063135.0,172389608.0,-1.905,-0.55
603585,苏利股份,17.01,17.01,17.02,17.25,17.2,17.38,16.9,2808800.0,47997998.0,-1.391,-0.24
603586,金麒麟,16.56,16.55,16.56,16.56,16.6,16.76,16.4,1577684.0,26145926.0,0.0,0.0
603587,地素时尚,13.13,13.12,13.14,12.89,12.87,13.29,12.87,2415100.0,31709615.0,1.862,0.24
603588,高能环境,12.97,12.97,12.98,12.99,13.15,13.25,12.76,29509369.0,381219144.0,-0.154,-0.02
603589,口子窖,21.56,21.56,21.57,20.93,20.93,21.8,20.81,8963203.0,191996737.0,3.01,0.63
603590,康辰药业,38.3,38.3,38.32,37.76,38.0,38.7,37.07,6439363.0,243910864.0,1.43,0.54
603595,ST东尼,23.56,23.56,0.0,22.44,23.24,23.56,22.95,1218933.0,28446843.0,4.991,1.12
603596,伯特利,33.85,33.84,33.85,33.94,33.61,35.04,33.61,48999177.0,1680891014.0,-0.265,-0.09
603598,引力传媒,21.66,21.66,21.67,22.23,22.61,24.0,21.45,24462200.0,548925506.0,-2.564,-0.57
603599,广信股份,11.28,11.27,11.28,11.59,11.55,11.75,11.21,15130367.0,173012535.0,-2.675,-0.31
603600,永艺股份,11.28,11.28,11.29,11.66,11.69,11.79,11.19,8268450.0,94459193.0,-3.259,-0.38
603601,再升科技,19.27,19.26,19.27,19.29,19.3,20.77,18.8,269435151.0,5287629832.0,-0.104,-0.02
603602,纵横通信,13.81,13.81,13.83,13.89,13.95,14.0,13.62,4614755.0,63703036.0,-0.576,-0.08
603605,珀莱雅,58.03,58.03,58.04,58.19,57.91,58.86,57.08,4930942.0,286095330.0,-0.275,-0.16
603606,东方电缆,56.98,56.98,56.99,56.98,57.66,57.66,56.12,9000670.0,510521338.0,0.0,0.0
603607,京华激光,23.99,23.99,24.01,24.41,24.7,24.7,23.83,3970940.0,95615540.0,-1.721,-0.42
603608,天创时尚,17.37,17.36,17.37,16.99,16.88,17.7,16.87,27195000.0,469964101.0,2.237,0.38
603609,禾丰股份,6.58,6.57,6.58,6.57,6.54,6.6,6.54,1994450.0,13092307.0,0.152,0.01
603610,麒盛科技,18.0,18.0,18.11,18.53,18.65,18.91,18.0,6777900.0,124753424.0,-2.86,-0.53
603611,诺力股份,18.59,18.58,18.59,18.75,18.79,18.87,18.46,2076200.0,38724955.0,-0.853,-0.16
603612,索通发展,21.85,21.84,21.85,22.34,22.34,22.45,21.66,13424968.0,293499384.0,-2.193,-0.49
603613,国联股份,24.9,24.89,24.9,25.17,25.3,25.41,24.63,10005587.0,249457326.0,-1.073,-0.27
603615,茶花股份,20.86,20.86,20.87,21.53,21.4,21.53,20.61,5751931.0,120004715.0,-3.112,-0.67
603616,韩建河山,6.6,6.59,6.6,6.94,6.9,6.92,6.58,31471800.0,210462934.0,-4.899,-0.34
603617,君禾股份,7.4,7.39,7.4,7.68,7.72,7.77,7.34,8623300.0,64437532.0,-3.646,-0.28
603618,杭电股份,37.95,37.95,37.96,40.53,40.53,40.53,36.81,86263638.0,3263943655.0,-6.366,-2.58
603619,中曼石油,26.72,26.71,26.72,28.33,27.0,27.4,26.56,21509743.0,579940710.0,-5.683,-1.61
603626,科森科技,27.27,27.27,27.28,28.06,27.94,28.6,26.9,45453461.0,1254878698.0,-2.815,-0.79
603628,清源股份,11.48,11.48,11.49,11.64,11.76,11.76,11.39,4738484.0,54512232.0,-1.375,-0.16
603629,利通电子,202.0,201.99,202.0,195.65,200.9,208.0,185.8,35435951.0,7063167913.0,3.246,6.35
603630,拉芳家化,14.32,14.31,14.32,14.57,14.56,14.64,14.2,2803100.0,40301757.0,-1.716,-0.25
603633,徕木股份,8.06,8.06,8.07,8.05,8.08,8.44,8.03,13519386.0,111007386.0,0.124,0.01
603636,南威软件,10.8,10.79,10.8,11.01,11.16,11.29,10.63,31643211.0,342783680.0,-1.907,-0.21
603637,镇海股份,19.04,19.03,19.04,18.22,18.2,19.95,18.2,12245105.0,234017424.0,4.501,0.82
603638,艾迪精密,25.53,25.53,25.54,25.45,25.71,26.0,24.78,8104790.0,207934254.0,0.314,0.08
603639,海利尔,11.37,11.34,11.37,11.42,11.52,11.55,11.25,1304208.0,14805463.0,-0.438,-0.05
603648,畅联股份,9.51,9.5,9.51,9.67,9.65,9.78,9.46,3825900.0,36733300.0,-1.655,-0.16
603650,彤程新材,61.88,61.88,61.89,58.84,59.4,63.55,57.99,28278183.0,1719518850.0,5.167,3.04
603655,朗博科技,40.6,40.6,40.61,41.37,41.37,41.66,40.28,1567900.0,64027884.0,-1.861,-0.77
603656,泰禾智能,18.66,18.66,18.69,18.72,18.72,18.99,18.56,2531900.0,47505940.0,-0.321,-0.06
603657,春光科技,29.54,29.54,29.57,30.85,30.81,30.85,29.4,4669701.0,139575920.0,-4.246,-1.31
603658,安图生物,32.96,32.95,32.96,32.5,32.71,33.13,32.49,2136700.0,70252803.0,1.415,0.46
603659,璞泰来,30.8,30.8,30.81,32.36,32.29,32.29,30.2,59857946.0,1845572465.0,-4.821,-1.56
603660,苏州科达,12.66,12.66,12.67,12.41,12.65,12.93,12.08,34944864.0,436545120.0,2.015,0.25
603661,恒林股份,35.78,35.78,0.0,32.53,35.78,35.78,35.78,1369880.0,49014306.0,9.991,3.25
603662,柯力传感,67.78,67.77,67.78,67.43,67.75,68.43,66.02,10362027.0,694875835.0,0.519,0.35
603663,三祥新材,55.54,55.54,0.0,50.49,53.0,55.54,51.12,30521881.0,1629108338.0,10.002,5.05
603665,康隆达,30.25,30.25,30.28,30.45,30.4,30.75,29.92,3125500.0,94470644.0,-0.657,-0.2
603666,亿嘉和,32.47,32.46,32.47,31.21,31.36,33.42,31.16,10304815.0,335105431.0,4.037,1.26
603667,五洲新春,87.08,87.07,87.08,88.17,88.0,90.33,85.5,43103926.0,3762265946.0,-1.236,-1.09
603668,天马科技,11.88,11.87,11.88,12.37,12.38,12.38,11.77,6845795.0,81923862.0,-3.961,-0.49
603669,灵康药业,4.34,4.33,4.34,4.3,4.31,4.4,4.25,10223184.0,44194801.0,0.93,0.04
603676,卫信康,9.56,9.56,9.57,9.66,9.65,9.73,9.52,1347100.0,12921644.0,-1.035,-0.1
603677,奇精机械,18.58,18.57,18.58,17.73,17.7,18.61,17.43,9542936.0,172381821.0,4.794,0.85
603678,火炬电子,39.5,39.5,39.51,37.68,41.32,41.34,39.11,55655034.0,2222899913.0,4.83,1.82
603679,华体科技,18.23,18.22,18.23,17.66,17.56,18.5,17.38,10242846.0,184830552.0,3.228,0.57
603680,今创集团,13.32,13.31,13.32,13.83,13.83,13.92,13.2,6560700.0,87800225.0,-3.688,-0.51
603681,永冠新材,22.1,22.1,22.11,22.11,21.97,22.79,21.76,9581495.0,211978237.0,-0.045,-0.01
603682,锦和商管,8.5,8.49,8.5,8.8,8.82,9.0,8.27,14184138.0,120603565.0,-3.409,-0.3
603683,晶华新材,27.5,27.49,27.5,27.2,27.2,27.57,26.81,8580532.0,234310119.0,1.103,0.3
603685,晨丰科技,32.56,32.56,32.59,32.55,32.75,34.3,31.81,2935870.0,96808927.0,0.031,0.01
603686,福龙马,16.8,16.8,16.81,17.11,17.08,17.37,16.69,11030178.0,186948173.0,-1.812,-0.31
603687,大胜达,16.07,16.06,16.07,16.23,16.25,16.96,16.0,34939800.0,570975945.0,-0.986,-0.16
603688,石英股份,76.1,76.1,76.11,74.55,74.56,77.8,70.6,38615277.0,2849278391.0,2.079,1.55
603689,皖天然气,8.35,8.33,8.35,8.44,8.41,8.44,8.26,5007845.0,41768540.0,-1.066,-0.09
603690,至纯科技,30.9,30.9,30.91,29.84,29.73,30.99,28.91,37130363.0,1118275514.0,3.552,1.06
603693,江苏新能,18.38,18.38,18.39,17.69,17.3,19.1,17.22,51636486.0,939268297.0,3.901,0.69
603696,安记食品,14.01,14.01,14.04,14.28,14.34,14.41,13.93,3361800.0,47372999.0,-1.891,-0.27
603697,有友食品,10.75,10.75,10.76,11.08,11.01,11.01,10.58,8413600.0,90193436.0,-2.978,-0.33
603698,航天工程,37.7,37.7,37.71,38.65,39.0,39.32,37.21,15179681.0,577811765.0,-2.458,-0.95
603699,纽威股份,60.6,60.55,60.6,61.0,61.19,61.42,59.38,6177236.0,374879139.0,-0.656,-0.4
603700,宁水集团,11.93,11.92,11.93,12.1,12.11,12.22,11.83,3466250.0,41516252.0,-1.405,-0.17
603701,德宏股份,25.79,25.79,25.8,25.55,25.55,26.16,25.51,4848950.0,125380048.0,0.939,0.24
603703,盛洋科技,14.33,14.33,14.35,14.26,14.35,14.8,14.23,13288140.0,192218413.0,0.491,0.07
603706,东方环宇,22.85,22.85,22.86,23.64,23.65,23.65,22.49,3463100.0,78880645.0,-3.342,-0.79
603707,健友股份,8.22,8.22,8.23,8.21,8.24,8.25,8.1,8665123.0,70714636.0,0.122,0.01
603708,家家悦,9.74,9.74,9.78,9.88,9.95,9.95,9.68,5327041.0,51945020.0,-1.417,-0.14
603709,中源家居,17.46,17.43,17.46,17.86,17.9,18.45,17.32,2602392.0,45970965.0,-2.24,-0.4
603711,香飘飘,14.9,14.9,14.91,14.81,14.8,15.0,14.72,4880200.0,72493116.0,0.608,0.09
603712,七一二,16.43,16.43,16.44,15.78,15.7,16.77,15.7,21416427.0,350122264.0,4.119,0.65
603713,密尔克卫,56.2,56.2,56.29,51.68,52.6,56.85,52.5,6281501.0,349028198.0,8.746,4.52
603716,塞力医疗,18.67,18.67,18.68,19.6,19.4,19.57,18.58,11284543.0,214013186.0,-4.745,-0.93
603717,天域生物,7.07,7.07,7.08,7.05,7.13,7.27,6.98,13305400.0,94578223.0,0.284,0.02
603718,*ST海利,3.28,3.28,3.29,3.34,3.38,3.47,3.18,16501470.0,54661235.0,-1.796,-0.06
603719,良品铺子,10.73,10.71,10.73,10.76,10.79,10.92,10.61,3163700.0,33969691.0,-0.279,-0.03
603721,*ST天择,24.96,24.9,24.96,24.17,24.3,25.08,24.03,3779300.0,93158603.0,3.269,0.79
603722,阿科力,38.65,38.53,38.65,39.35,39.74,40.33,38.0,2060474.0,80451301.0,-1.779,-0.7
603725,天安新材,12.58,12.58,12.59,12.0,12.0,12.9,12.0,34122715.0,427249808.0,4.833,0.58
603726,朗迪集团,30.06,30.06,30.07,29.0,28.95,30.45,28.5,11316480.0,334623840.0,3.655,1.06
603727,博迈科,16.15,16.15,16.16,17.44,17.44,18.0,15.99,8719303.0,144872713.0,-7.397,-1.29
603728,鸣志电器,68.99,68.99,69.0,68.19,69.2,69.99,68.0,12172705.0,836190140.0,1.173,0.8
603729,ST龙韵,13.42,13.41,13.42,13.55,13.49,13.5,13.23,1578181.0,21034040.0,-0.959,-0.13
603730,岱美股份,13.19,13.19,0.0,11.99,12.17,13.19,12.11,47690397.0,619657617.0,10.008,1.2
603733,仙鹤股份,20.92,20.92,20.93,20.77,20.65,21.0,20.65,2208382.0,45994032.0,0.722,0.15
603737,三棵树,37.59,37.59,37.6,37.99,38.2,38.2,37.41,6448978.0,243049235.0,-1.053,-0.4
603738,泰晶科技,49.19,49.19,49.2,50.24,51.74,52.94,48.53,49925195.0,2517501660.0,-2.09,-1.05
603739,蔚蓝生物,13.54,13.53,13.54,13.86,13.85,13.85,13.31,6330400.0,85160789.0,-2.309,-0.32
603755,日辰股份,27.37,27.29,27.37,27.5,27.48,28.01,26.81,1896700.0,51829855.0,-0.473,-0.13
603757,大元泵业,61.17,61.17,61.18,65.04,65.0,65.32,60.76,13401848.0,833287872.0,-5.95,-3.87
603758,秦安股份,12.32,12.32,12.33,12.6,12.63,12.73,12.22,5287500.0,65488539.0,-2.222,-0.28
603759,海天股份,8.31,8.31,8.32,8.48,8.42,8.5,8.23,4197194.0,34935279.0,-2.005,-0.17
603766,隆鑫通用,14.13,14.13,14.15,14.41,14.42,14.64,13.91,18873900.0,268410949.0,-1.943,-0.28
603767,中马传动,22.9,22.89,22.9,24.92,24.0,24.5,22.47,29270631.0,684813576.0,-8.106,-2.02
603768,常青股份,11.34,11.34,11.35,11.72,11.73,11.95,11.22,3201600.0,36762722.0,-3.242,-0.38
603773,沃格光电,83.22,83.22,83.23,80.0,80.0,87.09,79.99,26929294.0,2255649728.0,4.025,3.22
603776,永安行,21.65,21.64,21.65,22.45,22.47,22.63,21.32,4160753.0,90278781.0,-3.563,-0.8
603777,来伊份,19.44,19.41,19.44,20.18,20.48,20.6,18.86,20523430.0,400639355.0,-3.667,-0.74
603778,国晟科技,21.5,0.0,21.5,23.89,22.19,22.68,21.5,44966225.0,973988228.0,-10.004,-2.39
603779,威龙股份,13.82,13.82,13.83,13.07,13.25,13.88,12.93,91086004.0,1228501204.0,5.738,0.75
603786,科博达,56.07,56.06,56.07,57.22,57.68,57.68,55.3,6387646.0,359424752.0,-2.01,-1.15
603787,新日股份,10.87,10.87,10.88,11.09,11.09,11.21,10.74,4523100.0,49384161.0,-1.984,-0.22
603788,宁波高发,17.02,17.02,17.03,16.98,16.99,17.14,16.88,3400760.0,57781586.0,0.236,0.04
603789,ST星农,5.83,5.83,5.84,5.86,5.8,5.9,5.77,3683080.0,21446682.0,-0.512,-0.03
603790,雅运股份,29.59,0.0,29.59,32.88,32.72,32.78,29.59,7511940.0,228019298.0,-10.006,-3.29
603797,联泰环保,4.6,4.59,4.6,4.7,4.76,4.76,4.56,6008660.0,27907195.0,-2.128,-0.1
603798,康普顿,16.81,16.8,16.81,17.46,17.46,17.46,16.55,7232900.0,121610704.0,-3.723,-0.65
603799,华友钴业,57.09,57.08,57.09,58.88,58.88,59.26,56.58,58776717.0,3370901948.0,-3.04,-1.79
603800,洪田股份,64.6,64.6,64.7,62.62,68.42,68.52,62.2,16021717.0,1027621439.0,3.162,1.98
603801,志邦家居,7.85,7.85,7.86,7.92,7.93,7.98,7.8,1834580.0,14450878.0,-0.884,-0.07
603803,瑞斯康达,14.86,14.86,14.87,15.07,15.07,15.11,14.51,23736361.0,350378982.0,-1.393,-0.21
603806,福斯特,18.51,18.51,18.52,17.52,17.98,18.79,17.88,103670985.0,1910669554.0,5.651,0.99
603808,歌力思,9.45,9.45,9.46,9.3,9.43,9.63,9.22,6163900.0,58343912.0,1.613,0.15
603809,豪能股份,11.18,11.17,11.18,11.25,11.29,11.31,11.07,12950748.0,144850051.0,-0.622,-0.07
603810,丰山集团,14.32,14.31,14.32,14.78,14.71,14.9,14.12,2754920.0,39687631.0,-3.112,-0.46
603811,诚意药业,10.95,10.94,10.95,11.11,11.11,11.2,10.83,5083524.0,55791778.0,-1.44,-0.16
603813,*ST原尚,36.48,36.48,36.68,37.49,37.43,37.43,35.62,693700.0,25241674.0,-2.694,-1.01
603815,交建股份,7.03,7.02,7.03,6.95,6.91,7.18,6.91,18862900.0,133120645.0,1.151,0.08
603816,顾家家居,28.92,28.92,28.99,28.79,29.09,29.1,28.29,4002822.0,114765968.0,0.452,0.13
603817,海峡环保,6.49,6.48,6.49,6.66,6.66,6.7,6.45,8995327.0,58737447.0,-2.553,-0.17
603818,曲美家居,3.49,3.48,3.49,3.56,3.58,3.62,3.46,13454700.0,47273786.0,-1.966,-0.07
603819,神力股份,14.32,14.31,14.32,14.7,14.66,14.98,14.28,9181033.0,134063846.0,-2.585,-0.38
603822,ST嘉澳,74.02,74.02,74.04,75.77,76.43,76.56,72.6,1195400.0,88228360.0,-2.31,-1.75
603823,百合花,25.5,25.5,0.0,23.18,24.11,25.5,22.8,13453386.0,331699065.0,10.009,2.32
603825,ST华扬,8.28,8.27,8.28,8.56,8.59,8.6,8.27,2158400.0,18115710.0,-3.271,-0.28
603826,坤彩科技,31.88,31.88,31.89,34.04,34.0,34.39,31.88,14469424.0,472364808.0,-6.345,-2.16
603828,*ST利达,5.75,5.74,5.75,5.71,5.72,5.96,5.72,6492686.0,37877048.0,0.701,0.04
603829,洛凯股份,24.67,24.66,24.67,25.39,25.55,25.91,24.45,4106700.0,101726254.0,-2.836,-0.72
603833,欧派家居,38.8,38.8,38.83,38.83,39.23,39.23,38.36,2517716.0,97326151.0,-0.077,-0.03
603836,海程邦达,13.5,13.5,13.52,13.77,13.83,13.93,13.42,2044400.0,27884084.0,-1.961,-0.27
603838,*ST四通,9.86,9.86,9.89,9.68,9.61,9.98,9.61,1763800.0,17325881.0,1.86,0.18
603839,安正时尚,7.54,7.53,7.54,7.73,7.73,7.91,7.38,4020980.0,30568673.0,-2.458,-0.19
603843,*ST正平,8.8,8.79,8.8,9.0,8.92,9.07,8.79,14079385.0,125720068.0,-2.222,-0.2
603848,好太太,15.23,15.22,15.23,15.5,15.55,15.64,15.07,2148000.0,32854641.0,-1.742,-0.27
603855,华荣股份,18.94,18.94,18.95,18.92,19.36,19.58,18.85,3705126.0,70861450.0,0.106,0.02
603856,东宏股份,12.55,12.55,12.56,12.22,12.35,12.92,12.33,7010400.0,88652969.0,2.7,0.33
603858,步长制药,15.3,15.3,15.31,15.27,15.28,15.37,15.16,3672286.0,56016635.0,0.196,0.03
603859,能科科技,47.25,47.25,47.26,46.09,46.0,48.75,46.0,19258896.0,910499473.0,2.517,1.16
603860,中公高科,30.27,30.27,30.39,30.9,30.95,31.52,30.07,1306400.0,39945035.0,-2.039,-0.63
603861,白云电器,15.95,15.95,15.96,16.03,16.21,16.78,15.51,17812300.0,285445364.0,-0.499,-0.08
603863,松炀资源,17.35,17.34,17.35,17.23,17.18,17.58,16.58,7423200.0,125863423.0,0.696,0.12
603866,桃李面包,4.73,4.73,4.74,4.77,4.77,4.78,4.72,8062062.0,38201060.0,-0.839,-0.04
603867,新化股份,42.07,42.07,42.09,42.15,43.0,43.98,41.6,13256003.0,561356511.0,-0.19,-0.08
603868,飞科电器,36.98,36.98,36.99,38.0,38.0,38.26,36.95,2055100.0,76829653.0,-2.684,-1.02
603869,ST智知,10.79,10.78,10.79,11.1,11.02,11.09,10.77,1368100.0,14862240.0,-2.793,-0.31
603871,嘉友国际,12.12,12.12,0.0,11.02,12.01,12.12,11.91,26259517.0,317517160.0,9.982,1.1
603876,鼎胜新材,27.1,27.09,27.1,27.5,27.66,27.88,26.82,25089172.0,683637679.0,-1.455,-0.4
603877,太平鸟,13.19,13.19,13.2,13.32,13.35,13.52,13.15,1704000.0,22651951.0,-0.976,-0.13
603878,武进不锈,7.2,7.2,7.21,7.24,7.24,7.3,7.07,11590091.0,83324136.0,-0.552,-0.04
603879,永悦科技,5.46,5.45,5.46,5.55,5.59,5.75,5.37,10543104.0,57990439.0,-1.622,-0.09
603880,南卫股份,8.72,8.72,8.73,8.76,8.74,9.1,8.38,17890055.0,154634455.0,-0.457,-0.04
603881,数据港,37.98,37.97,37.98,38.6,38.61,38.85,37.3,45527072.0,1718834134.0,-1.606,-0.62
603882,金域医学,26.79,26.78,26.79,26.14,26.3,28.07,26.14,9500251.0,259129426.0,2.487,0.65
603883,老百姓,12.18,12.18,12.19,12.23,12.24,12.29,12.09,7725300.0,94177644.0,-0.409,-0.05
603885,吉祥航空,11.77,11.77,11.78,11.44,11.69,12.05,11.49,38332716.0,453767551.0,2.885,0.33
603886,元祖股份,10.9,10.9,10.93,11.04,11.11,11.16,10.84,3067800.0,33661823.0,-1.268,-0.14
603887,城地香江,13.7,13.7,13.71,13.95,13.91,14.0,13.46,14647034.0,199338207.0,-1.792,-0.25
603888,新华网,19.06,19.06,19.07,19.15,19.18,19.29,18.94,6872801.0,131028868.0,-0.47,-0.09
603889,DR新澳股,5.6,5.6,5.61,5.72,5.73,5.77,5.57,14570480.0,82472739.0,-2.098,-0.12
603890,春秋电子,23.84,23.84,23.85,22.97,24.0,24.73,23.54,86496198.0,2080196888.0,3.788,0.87
603893,瑞芯微,193.46,193.45,193.46,195.24,199.99,200.96,189.48,15568844.0,3006218944.0,-0.912,-1.78
603895,天永智能,37.05,37.05,37.09,37.89,37.89,39.55,36.8,3517600.0,132197168.0,-2.217,-0.84
603896,寿仙谷,16.17,16.16,16.17,15.8,15.9,16.3,15.8,1854830.0,29864293.0,2.342,0.37
603897,长城科技,53.28,53.27,53.28,57.15,58.24,58.93,52.35,10779882.0,584703914.0,-6.772,-3.87
603898,好莱客,12.35,12.34,12.35,12.4,12.36,12.46,12.07,2490940.0,30379375.0,-0.403,-0.05
603899,晨光股份,21.99,21.99,22.01,22.48,22.03,22.34,21.72,7579081.0,166631263.0,-2.18,-0.49
603900,莱绅通灵,7.06,7.06,7.07,7.15,7.12,7.25,7.01,5447960.0,38611128.0,-1.259,-0.09
603901,永创智能,12.14,12.14,12.15,12.56,12.55,12.65,11.95,12972522.0,158342826.0,-3.344,-0.42
603903,中持股份,12.33,12.33,12.34,12.76,12.85,12.91,11.88,16285736.0,200806296.0,-3.37,-0.43
603906,龙蟠科技,26.81,26.81,26.82,28.58,28.05,28.13,26.48,61489123.0,1664928200.0,-6.193,-1.77
603908,牧高笛,22.24,22.23,22.24,22.63,22.65,23.01,21.9,1677720.0,37425381.0,-1.723,-0.39
603909,建发合诚,11.16,11.15,11.16,11.3,11.31,11.39,11.1,2576100.0,28802194.0,-1.239,-0.14
603912,佳力图,10.52,10.51,10.52,10.71,10.73,10.83,10.21,23253954.0,243313832.0,-1.774,-0.19
603915,国茂股份,18.13,18.13,18.14,17.9,17.95,18.2,17.6,12855740.0,230521624.0,1.285,0.23
603916,苏博特,15.64,15.63,15.64,15.41,15.8,16.51,15.25,24883554.0,394603930.0,1.493,0.23
603917,合力科技,12.65,12.64,12.65,13.15,13.2,13.29,12.58,8928117.0,114777139.0,-3.802,-0.5
603918,金桥信息,12.31,12.31,12.32,12.53,12.53,12.68,12.18,7186973.0,88755678.0,-1.756,-0.22
603919,金徽酒,21.18,21.18,0.0,19.25,19.01,21.18,18.88,17501810.0,361506156.0,10.026,1.93
603920,世运电路,68.48,68.48,68.49,66.65,67.65,69.0,66.0,54013807.0,3657309056.0,2.746,1.83
603922,ST金鸿顺,15.8,15.78,15.8,15.13,15.28,15.89,15.04,3519600.0,54600973.0,4.428,0.67
603926,铁流股份,23.5,23.5,23.51,24.25,24.29,24.96,23.2,9350194.0,221841063.0,-3.093,-0.75
603927,中科软,15.9,15.9,15.91,16.01,15.8,16.01,15.6,11703025.0,184632988.0,-0.687,-0.11
603928,兴业股份,16.36,16.35,16.36,16.55,16.58,16.65,16.25,4376910.0,71878875.0,-1.148,-0.19
603929,亚翔集成,177.69,177.69,177.7,176.01,176.0,181.68,173.15,3773285.0,669673764.0,0.954,1.68
603931,格林达,59.35,59.35,59.36,54.65,57.64,59.98,56.25,11484920.0,670299616.0,8.6,4.7
603933,睿能科技,25.95,25.95,25.96,25.9,26.09,26.46,25.79,10120428.0,264332212.0,0.193,0.05
603936,博敏电子,24.85,24.85,0.0,22.59,23.5,24.85,23.07,61523924.0,1507703970.0,10.004,2.26
603937,丽岛新材,15.09,15.09,15.1,15.4,15.45,15.71,14.8,7829500.0,118525463.0,-2.013,-0.31
603938,三孚股份,47.73,47.73,47.74,49.68,49.68,49.68,46.38,33462824.0,1582375620.0,-3.925,-1.95
603939,益丰药房,20.91,20.9,20.91,20.77,20.8,21.07,20.51,13927724.0,289846359.0,0.674,0.14
603948,建业股份,26.36,26.36,26.4,26.66,26.56,27.09,26.2,2396900.0,63775227.0,-1.125,-0.3
603949,雪龙集团,16.86,16.86,16.87,17.27,17.16,17.39,16.72,3295345.0,55842175.0,-2.374,-0.41
603950,长源东谷,69.24,69.22,69.24,68.85,71.52,71.8,68.17,4523520.0,314327702.0,0.566,0.39
603955,大千生态,22.94,22.94,23.0,22.79,22.8,24.4,22.65,3696900.0,86419060.0,0.658,0.15
603956,威派格,6.53,6.53,0.0,5.94,5.94,6.53,5.94,39647686.0,251749901.0,9.933,0.59
603958,哈森股份,24.31,24.3,24.31,24.71,25.69,26.8,24.24,12777700.0,327299204.0,-1.619,-0.4
603959,ST百利,4.55,4.54,4.55,4.65,4.65,4.76,4.51,11149000.0,51211768.0,-2.151,-0.1
603960,克来机电,24.15,24.15,24.16,23.67,24.44,24.96,23.71,21715623.0,528462637.0,2.028,0.48
603966,法兰泰克,12.95,12.95,12.96,13.04,13.1,13.35,12.75,8602739.0,111216588.0,-0.69,-0.09
603967,中创物流,12.64,12.64,12.65,13.04,12.98,13.1,12.63,3623700.0,46279903.0,-3.067,-0.4
603968,醋化股份,11.2,11.2,11.22,11.44,11.51,11.59,11.1,3893100.0,43930463.0,-2.098,-0.24
603969,银龙股份,8.76,8.75,8.76,9.02,9.02,9.08,8.65,16140400.0,142805395.0,-2.882,-0.26
603970,中农立华,11.99,11.99,12.03,12.18,12.19,12.19,11.94,1670340.0,20100895.0,-1.56,-0.19
603976,正川股份,24.72,24.72,24.74,24.2,26.0,26.09,24.25,13174846.0,329952131.0,2.149,0.52
603977,国泰集团,14.5,14.5,14.51,13.6,14.0,14.96,14.0,48045230.0,708024791.0,6.618,0.9
603978,深圳新星,31.96,31.95,31.96,31.47,31.68,32.6,30.26,15252077.0,482104993.0,1.557,0.49
603979,金诚信,69.85,69.85,69.86,66.33,67.74,71.2,67.51,13879788.0,975611476.0,5.307,3.52
603980,吉华集团,5.83,5.83,5.84,5.95,5.95,6.02,5.78,14284520.0,83584555.0,-2.017,-0.12
603982,泉峰汽车,7.41,7.41,7.42,7.62,7.62,7.7,7.35,6787567.0,50629438.0,-2.756,-0.21
603983,丸美生物,23.86,23.86,23.87,23.79,23.71,23.87,23.32,1617274.0,38144129.0,0.294,0.07
603985,恒润股份,24.59,24.59,24.6,26.01,26.28,26.39,24.25,32145955.0,799538231.0,-5.459,-1.42
603986,兆易创新,515.6,515.59,515.6,468.74,478.11,515.61,461.0,59361411.0,29387713836.0,9.997,46.86
603987,康德莱,7.76,7.76,7.77,7.77,7.78,7.87,7.67,3217100.0,24934059.0,-0.129,-0.01
603988,中电电机,22.0,21.99,22.0,22.17,22.15,22.44,21.31,5339581.0,116716252.0,-0.767,-0.17
603989,艾华集团,30.7,30.69,30.7,28.42,31.26,31.26,29.0,46975836.0,1422328534.0,8.023,2.28
603990,麦迪科技,18.57,18.57,0.0,16.88,17.0,18.57,16.99,24765278.0,453763675.0,10.012,1.69
603991,至正股份,117.65,117.61,117.65,117.31,117.42,119.11,110.33,4195987.0,482014948.0,0.29,0.34
603992,松霖科技,31.3,31.3,31.31,29.72,29.72,32.0,29.67,6608988.0,203714786.0,5.316,1.58
603993,洛阳钼业,19.34,19.33,19.34,18.53,18.95,19.54,18.9,263302043.0,5074342977.0,4.371,0.81
603995,甬金股份,17.98,17.98,17.99,18.28,18.44,18.45,17.83,4027995.0,72852265.0,-1.641,-0.3
603997,继峰股份,13.75,13.75,13.76,13.51,13.45,14.1,13.31,22333136.0,304957209.0,1.776,0.24
603998,方盛制药,10.27,10.27,10.28,10.26,10.3,10.32,10.13,4254300.0,43486870.0,0.097,0.01
603999,读者传媒,7.02,7.02,7.03,6.95,6.95,7.13,6.86,22401060.0,156582353.0,1.007,0.07
605001,威奥股份,6.92,6.92,6.94,7.05,7.05,7.17,6.87,4363510.0,30383910.0,-1.844,-0.13
605003,众望布艺,26.24,26.24,26.32,26.31,26.44,26.98,25.58,1513250.0,39633870.0,-0.266,-0.07
605005,合兴股份,18.34,18.33,18.34,18.6,18.6,18.65,18.0,2760500.0,50479637.0,-1.398,-0.26
605006,山东玻纤,16.29,16.28,16.29,15.74,16.08,16.72,15.4,92753705.0,1493440882.0,3.494,0.55
605007,五洲特纸,14.49,14.49,14.5,14.27,14.38,14.91,14.18,4854457.0,70482414.0,1.542,0.22
605008,长鸿高科,11.7,11.7,11.71,11.93,12.08,12.08,11.6,2289000.0,26963134.0,-1.928,-0.23
605009,豪悦护理,26.13,26.12,26.13,26.18,26.08,26.44,25.9,823755.0,21441095.0,-0.191,-0.05
605011,杭州热电,22.07,22.06,22.07,22.18,22.13,22.58,22.0,5336700.0,118415762.0,-0.496,-0.11
605016,百龙创园,24.59,24.59,24.6,26.51,26.32,26.56,24.33,9612390.0,240143447.0,-7.243,-1.92
605018,长华集团,14.71,14.71,14.72,14.06,14.3,14.98,14.17,15815926.0,232401417.0,4.623,0.65
605020,永和股份,33.05,33.04,33.05,33.69,34.21,34.74,32.23,31602235.0,1042854203.0,-1.9,-0.64
605028,世茂能源,24.2,24.2,24.22,24.81,24.81,24.93,23.81,1976830.0,47765820.0,-2.459,-0.61
605033,美邦股份,21.57,21.56,21.57,21.87,21.97,21.99,21.37,1882700.0,40703496.0,-1.372,-0.3
605050,福然德,11.59,11.59,11.6,11.87,11.81,11.92,11.48,5669388.0,65871077.0,-2.359,-0.28
605055,迎丰股份,13.48,13.47,13.48,13.46,13.46,13.6,13.03,9786000.0,130669677.0,0.149,0.02
605056,咸亨国际,25.4,25.4,25.41,24.77,24.95,27.25,24.92,24402849.0,639242608.0,2.543,0.63
605058,澳弘电子,40.24,40.23,40.24,39.2,39.98,41.0,38.7,5633400.0,223564683.0,2.653,1.04
605060,联德股份,55.39,55.38,55.39,54.15,55.5,56.07,53.53,4787388.0,263361016.0,2.29,1.24
605066,天正电气,7.51,7.5,7.51,7.46,7.5,7.72,7.41,9063550.0,68572395.0,0.67,0.05
605068,明新旭腾,26.02,26.02,26.07,27.05,27.76,27.76,25.87,3147800.0,83192628.0,-3.808,-1.03
605069,正和生态,15.2,15.2,15.22,16.18,16.22,16.49,15.11,7845770.0,122213406.0,-6.057,-0.98
605077,华康股份,18.31,18.31,18.32,17.93,17.8,18.33,17.25,18758618.0,333048173.0,2.119,0.38
605080,浙江自然,26.68,26.68,26.7,26.53,26.54,27.23,26.11,4210340.0,112564354.0,0.565,0.15
605081,*ST太和,5.03,0.0,0.0,5.03,0.0,0.0,0.0,0.0,0.0,0.0,0.0
605086,龙高股份,32.04,32.03,32.04,31.81,31.82,32.69,31.26,3667000.0,116974749.0,0.723,0.23
605088,冠盛股份,35.16,35.16,35.17,35.78,35.6,35.78,34.38,4635623.0,162279201.0,-1.733,-0.62
605089,味知香,22.38,22.36,22.38,22.6,22.89,22.9,22.15,1037092.0,23272192.0,-0.973,-0.22
605090,九丰能源,39.56,39.56,39.6,38.98,38.8,41.48,38.8,22383591.0,898714040.0,1.488,0.58
605098,行动教育,56.0,56.0,56.02,55.06,55.34,56.25,54.72,1308432.0,72526750.0,1.707,0.94
605099,共创草坪,41.81,41.8,41.81,43.29,42.79,43.01,40.93,4725464.0,196983906.0,-3.419,-1.48
605100,XR华丰股,39.55,39.55,39.56,39.54,39.8,42.0,38.8,6247014.0,248110705.0,0.025,0.01
605108,同庆楼,13.75,13.74,13.75,13.66,13.66,13.79,13.55,2123854.0,29131715.0,0.659,0.09
605111,新洁能,63.22,63.22,0.0,57.47,61.0,63.22,61.0,8989189.0,565825294.0,10.005,5.75
605116,奥锐特,20.98,20.98,21.0,21.45,21.4,21.4,20.76,3912001.0,82255399.0,-2.191,-0.47
605117,德业股份,118.36,118.35,118.36,120.7,118.29,119.67,114.06,17480615.0,2051857504.0,-1.939,-2.34
605118,力鼎光电,40.43,40.41,40.43,41.34,41.35,41.46,40.06,2285100.0,92646750.0,-2.201,-0.91
605122,四方新材,14.23,14.23,14.25,14.33,14.21,14.45,14.06,2755060.0,39183220.0,-0.698,-0.1
605123,派克新材,119.75,119.75,119.76,120.58,121.2,123.86,117.38,6893448.0,829784381.0,-0.688,-0.83
605128,上海沿浦,35.67,35.67,35.68,35.69,35.76,36.85,35.46,4664603.0,168406250.0,-0.056,-0.02
605133,嵘泰股份,40.44,40.44,40.45,41.15,41.5,41.84,40.2,11187795.0,457149797.0,-1.725,-0.71
605136,丽人丽妆,9.84,9.84,9.85,9.96,10.19,10.55,9.76,12729600.0,127415398.0,-1.205,-0.12
605138,盛泰集团,7.39,7.38,7.39,7.6,7.67,7.67,7.25,8611300.0,63684705.0,-2.763,-0.21
605151,西上海,23.23,23.23,23.24,22.9,22.97,24.91,22.68,2978400.0,68907487.0,1.441,0.33
605155,西大门,16.55,16.55,16.56,16.04,16.32,16.79,16.0,4687300.0,77112510.0,3.18,0.51
605158,华达新材,7.44,7.44,7.45,7.58,7.58,7.68,7.35,6302300.0,47090313.0,-1.847,-0.14
605162,新中港,10.83,10.83,10.85,10.7,10.65,11.36,10.45,19322039.0,210069804.0,1.215,0.13
605166,聚合顺,11.42,11.42,11.44,11.31,11.39,11.58,11.18,8753579.0,99540605.0,0.973,0.11
605167,利柏特,15.88,15.87,15.88,16.44,16.47,16.56,15.7,8132116.0,130059442.0,-3.406,-0.56
605168,三人行,57.23,0.0,57.23,63.59,63.6,63.7,57.23,12954033.0,765670266.0,-10.002,-6.36
605169,洪通燃气,12.47,12.46,12.47,13.16,13.08,13.17,12.33,5438253.0,68867948.0,-5.243,-0.69
605177,东亚药业,21.83,21.79,21.83,22.19,22.42,22.69,21.43,3345100.0,73200944.0,-1.622,-0.36
605178,时空科技,66.15,66.15,66.17,66.21,66.0,66.7,63.7,2473499.0,160770758.0,-0.091,-0.06
605179,一鸣食品,15.22,15.21,15.22,15.25,15.2,15.3,15.06,2041300.0,30990298.0,-0.197,-0.03
605180,华生科技,15.72,15.71,15.72,16.15,17.59,17.59,15.62,12958038.0,211010463.0,-2.663,-0.43
605183,确成股份,16.09,16.08,16.09,16.12,16.26,16.52,15.95,1946400.0,31496639.0,-0.186,-0.03
605186,健麾信息,24.62,24.62,24.63,24.63,24.78,24.93,24.19,4093100.0,100119257.0,-0.041,-0.01
605188,国光连锁,13.94,13.94,13.95,14.04,14.03,14.04,13.75,4177800.0,58042960.0,-0.712,-0.1
605189,富春染织,16.36,16.36,16.37,17.01,17.04,17.17,16.28,11621242.0,191859726.0,-3.821,-0.65
605196,华通线缆,40.64,40.64,40.65,41.45,42.2,42.7,40.01,7918790.0,324565212.0,-1.954,-0.81
605198,安德利,55.57,55.57,0.0,50.52,51.5,55.57,51.5,2369400.0,127795489.0,9.996,5.05
605199,ST葫芦娃,7.03,7.03,7.04,6.82,6.79,7.08,6.62,6449029.0,44381367.0,3.079,0.21
605208,永茂泰,14.47,14.46,14.47,14.49,14.77,14.8,14.33,9939357.0,144638614.0,-0.138,-0.02
605218,伟时电子,19.92,19.92,19.93,20.3,20.15,20.15,19.57,8616851.0,171096862.0,-1.872,-0.38
605222,起帆电缆,34.06,34.05,34.06,36.52,36.52,37.0,33.88,18806426.0,650390357.0,-6.736,-2.46
605228,神通科技,13.72,13.72,13.73,14.05,14.08,14.24,13.58,7490080.0,103478428.0,-2.349,-0.33
605255,天普股份,92.85,92.82,92.86,96.32,95.0,96.99,92.47,1273407.0,119013500.0,-3.603,-3.47
605258,协和电子,37.57,37.57,37.58,37.26,37.29,37.7,36.7,3841400.0,143388200.0,0.832,0.31
605259,绿田机械,19.71,19.7,19.71,18.51,19.14,20.17,19.14,4298092.0,84279255.0,6.483,1.2
605266,健之佳,18.63,18.63,18.66,18.63,18.69,18.92,18.48,1695963.0,31729113.0,0.0,0.0
605268,王力安防,10.97,10.96,10.97,11.03,11.08,11.14,10.81,3463500.0,37953786.0,-0.544,-0.06
605277,新亚电子,23.06,23.05,23.06,22.92,23.0,23.45,22.72,5569636.0,128075661.0,0.611,0.14
605286,同力天启,38.09,38.09,38.1,39.74,39.95,40.58,38.03,2963300.0,114784950.0,-4.152,-1.65
605287,德才股份,54.0,53.98,54.0,50.24,51.24,55.26,48.62,11163540.0,576783388.0,7.484,3.76
605288,凯迪股份,109.9,109.9,109.93,107.76,107.5,113.4,100.42,2779315.0,303588489.0,1.986,2.14
605289,罗曼股份,110.4,110.4,110.44,105.97,107.99,110.44,104.03,5081110.0,545132950.0,4.18,4.43
605296,神农集团,28.29,28.29,28.3,28.08,27.75,28.54,27.63,2938967.0,82596187.0,0.748,0.21
605298,必得科技,55.9,55.9,55.91,56.75,57.88,58.25,55.56,1334400.0,74804528.0,-1.498,-0.85
605299,舒华体育,17.03,17.02,17.03,17.6,17.61,17.82,16.85,24829252.0,423847694.0,-3.239,-0.57
605300,佳禾食品,10.12,10.11,10.12,10.28,10.21,10.46,10.05,2796208.0,28449399.0,-1.556,-0.16
605303,园林股份,34.42,34.41,34.42,31.9,31.9,35.09,31.38,22511242.0,756956651.0,7.9,2.52
605305,中际联合,41.36,41.36,41.38,41.45,41.79,42.4,41.07,4598413.0,191918194.0,-0.217,-0.09
605318,法狮龙,97.1,97.08,97.1,99.0,100.5,101.8,95.0,1945800.0,190332829.0,-1.919,-1.9
605319,无锡振华,25.11,25.1,25.11,25.75,25.78,25.87,24.74,4748260.0,119166249.0,-2.485,-0.64
605333,沪光股份,22.07,22.06,22.07,23.3,23.3,23.41,21.86,5023834.0,112991588.0,-5.279,-1.23
605336,*ST帅电,16.74,16.74,16.75,16.39,16.56,17.11,16.0,3890419.0,64381353.0,2.135,0.35
605337,李子园,9.95,9.95,9.96,9.99,9.97,10.06,9.86,2134633.0,21244724.0,-0.4,-0.04
605338,巴比食品,20.39,20.39,20.4,20.78,20.78,20.98,20.36,1418300.0,29145197.0,-1.877,-0.39
605339,南侨食品,17.14,17.14,17.15,16.96,16.96,17.15,16.83,1889700.0,32195043.0,1.061,0.18
605358,立昂微,54.16,54.15,54.16,52.23,52.0,54.44,50.51,54411081.0,2902014619.0,3.695,1.93
605365,立达信,18.13,18.13,18.15,18.55,18.88,18.93,17.95,5684700.0,103382014.0,-2.264,-0.42
605366,宏柏新材,12.74,12.74,12.75,12.99,12.99,13.04,12.23,44895367.0,568428460.0,-1.925,-0.25
605368,蓝天燃气,7.13,7.13,7.14,7.24,7.22,7.22,7.09,5175279.0,36838146.0,-1.519,-0.11
605369,拱东医疗,19.35,19.34,19.35,19.87,19.89,19.91,19.2,2007749.0,38953455.0,-2.617,-0.52
605376,博迁新材,166.87,166.87,166.9,153.3,168.63,168.63,163.67,27467595.0,4592788438.0,8.852,13.57
605377,华旺科技,9.25,9.24,9.25,9.16,9.16,9.4,9.12,4789872.0,44310918.0,0.983,0.09
605378,野马电池,17.64,17.63,17.64,18.05,18.24,18.24,17.38,2478501.0,43760523.0,-2.271,-0.41
605388,均瑶健康,6.48,6.47,6.48,6.63,6.69,6.73,6.43,7953794.0,51807189.0,-2.262,-0.15
605389,长龄液压,115.66,115.66,115.8,117.88,120.58,122.17,115.57,1803200.0,212265968.0,-1.883,-2.22
605398,新炬网络,24.8,24.8,24.81,25.67,25.67,25.89,24.65,2422000.0,60395511.0,-3.389,-0.87
605399,晨光新材,15.85,15.84,15.85,15.89,15.93,16.09,15.67,11418700.0,181202221.0,-0.252,-0.04
605488,福莱新材,40.02,40.02,40.03,40.88,40.67,41.08,39.68,15366400.0,616857207.0,-2.104,-0.86
605499,东鹏饮料,145.04,145.04,145.06,144.58,144.0,148.9,142.0,6249135.0,910848275.0,0.318,0.46
605500,森林包装,11.52,11.52,11.53,10.88,10.18,11.95,9.92,50835361.0,546827897.0,5.882,0.64
605507,国邦医药,22.19,22.19,22.22,22.38,22.5,22.58,22.0,2850900.0,63272638.0,-0.849,-0.19
605555,德昌股份,16.61,16.6,16.61,16.55,16.55,16.81,16.4,9378869.0,155929572.0,0.363,0.06
605566,福莱蒽特,40.26,40.26,0.0,36.6,35.02,40.26,35.02,10635342.0,417060224.0,10.0,3.66
605567,春雪食品,10.21,10.21,10.28,10.46,10.51,10.61,10.1,3615700.0,37326117.0,-2.39,-0.25
605577,龙版传媒,10.77,10.77,10.78,10.72,10.71,10.89,10.67,2585700.0,27844386.0,0.466,0.05
605580,恒盛能源,24.31,24.31,0.0,22.1,22.1,24.31,22.1,19732440.0,462764098.0,10.0,2.21
605588,冠石科技,67.64,67.64,0.0,61.49,62.43,67.64,62.11,5265999.0,347225832.0,10.002,6.15
605589,圣泉集团,45.85,45.85,45.86,45.72,46.99,47.22,43.98,54391023.0,2464708447.0,0.284,0.13
605598,上海港湾,52.8,52.8,52.81,51.44,52.47,56.2,52.47,10105900.0,551310276.0,2.644,1.36
605599,菜百股份,16.03,16.03,16.04,16.22,16.36,16.38,16.0,4915493.0,79179428.0,-1.171,-0.19
688001,华兴源创,82.55,82.55,0.0,68.79,75.1,82.55,75.1,16007073.0,1302085141.0,20.003,13.76
688002,睿创微纳,137.02,137.02,137.15,133.78,134.81,137.93,132.0,10542515.0,1429876994.0,2.422,3.24
688003,天准科技,101.32,101.32,101.37,104.3,103.26,103.91,98.88,7613237.0,770583792.0,-2.857,-2.98
688004,博汇科技,23.41,23.41,23.47,23.59,23.89,24.25,23.22,1720894.0,40490181.0,-0.763,-0.18
688005,容百科技,33.2,33.2,33.21,34.91,35.08,35.08,32.87,30384688.0,1017885828.0,-4.898,-1.71
688006,杭可科技,35.0,35.0,35.01,35.2,35.18,35.49,33.9,15472859.0,539083358.0,-0.568,-0.2
688007,光峰科技,15.09,15.09,15.1,15.5,15.58,15.78,14.96,10750688.0,163784992.0,-2.645,-0.41
688008,澜起科技,284.08,284.07,284.08,271.83,267.0,285.68,262.5,89425210.0,24433132286.0,4.506,12.25
688009,中国通号,4.87,4.87,4.88,4.86,4.87,4.88,4.78,41340455.0,199877877.0,0.206,0.01
688010,福光股份,46.28,46.27,46.28,46.75,47.37,47.37,44.86,10609534.0,486207436.0,-1.005,-0.47
688011,新光光电,61.28,61.28,61.3,64.54,65.17,65.81,60.9,2336221.0,145954510.0,-5.051,-3.26
688012,中微公司,485.3,485.29,485.3,469.6,453.36,491.98,438.0,36397918.0,16943297521.0,3.343,15.7
688013,天臣医疗,30.61,30.61,30.62,31.0,31.02,31.36,29.92,1446808.0,44266311.0,-1.258,-0.39
688015,交控科技,20.0,19.99,20.0,20.21,20.21,20.31,19.61,1187025.0,23675436.0,-1.039,-0.21
688016,心脉医疗,101.6,101.58,101.6,99.37,99.36,101.98,98.89,2069619.0,208329732.0,2.244,2.23
688017,绿的谐波,349.0,349.0,349.02,342.0,338.58,359.8,330.23,12253981.0,4191484645.0,2.047,7.0
688018,乐鑫科技,186.11,186.11,186.18,183.0,182.01,187.8,178.98,6273694.0,1156319657.0,1.699,3.11
688019,安集科技,329.22,329.22,329.43,311.19,311.0,344.02,301.21,9330695.0,2998200283.0,5.794,18.03
688020,方邦股份,174.7,174.7,174.71,165.82,180.0,180.0,168.01,10494417.0,1827850760.0,5.355,8.88
688021,奥福科技,26.53,26.53,26.58,27.32,27.18,28.2,26.35,2163788.0,58160117.0,-2.892,-0.79
688022,ST瀚川,9.18,9.18,9.19,9.81,9.85,9.9,9.04,6740351.0,62529691.0,-6.422,-0.63
688023,安恒信息,45.25,45.25,45.28,43.86,43.8,45.91,43.5,2941407.0,131645455.0,3.169,1.39
688025,杰普特,444.63,444.63,444.66,449.45,450.0,454.9,427.2,3838317.0,1683760347.0,-1.072,-4.82
688026,洁特生物,15.12,15.11,15.12,15.8,15.83,16.0,14.89,2703089.0,41241137.0,-4.304,-0.68
688027,国盾量子,641.08,641.08,641.09,592.41,590.0,643.8,583.0,6774816.0,4229371451.0,8.216,48.67
688028,沃尔德,131.6,131.6,131.64,125.21,124.33,133.55,119.0,10179514.0,1288264754.0,5.103,6.39
688029,南微医学,79.65,79.65,79.85,80.42,80.4,81.0,78.42,1661950.0,132519974.0,-0.957,-0.77
688030,山石网科,18.78,18.78,18.8,17.76,17.74,19.03,17.74,6596141.0,121863964.0,5.743,1.02
688031,星环科技,125.97,125.96,125.97,133.19,132.88,134.0,124.4,8319612.0,1059864106.0,-5.421,-7.22
688032,禾迈股份,102.92,102.92,102.93,109.05,109.45,109.45,102.0,2461600.0,256946957.0,-5.621,-6.13
688033,*ST天宜,8.01,8.01,8.02,8.23,8.25,8.29,7.98,11424888.0,92086202.0,-2.673,-0.22
688035,德邦科技,90.92,90.9,90.92,84.26,86.57,92.86,80.39,16396713.0,1430348114.0,7.904,6.66
688036,传音控股,63.38,63.38,63.4,63.36,63.54,64.1,60.97,17757185.0,1109413219.0,0.032,0.02
688037,芯源微,288.75,288.74,288.75,288.74,282.0,307.5,270.01,11093346.0,3179099284.0,0.003,0.01
688038,中科通达,19.31,19.31,19.32,20.39,20.41,20.65,19.08,3594108.0,70419303.0,-5.297,-1.08
688039,当虹科技,46.65,46.65,46.69,46.86,47.0,47.95,45.8,3289495.0,153776340.0,-0.448,-0.21
688041,海光信息,329.68,329.68,329.7,312.4,312.4,330.88,302.18,51693348.0,16619759151.0,5.531,17.28
688045,必易微,72.79,72.79,72.8,71.71,71.16,73.32,69.71,2707414.0,194767196.0,1.506,1.08
688046,药康生物,20.36,20.36,20.38,20.9,20.89,21.17,19.94,4154805.0,84587062.0,-2.584,-0.54
688047,龙芯中科,164.6,164.6,164.63,160.4,160.0,166.82,157.0,14225757.0,2304359564.0,2.618,4.2
688048,长光华芯,375.68,375.68,375.7,376.1,377.91,382.7,365.1,12763081.0,4761215689.0,-0.112,-0.42
688049,炬芯科技,51.68,51.67,51.68,50.31,50.55,51.77,49.84,8132640.0,414623123.0,2.723,1.37
688050,爱博医疗,44.98,44.98,44.99,45.65,45.7,46.1,44.78,2711355.0,122901440.0,-1.468,-0.67
688051,佳华科技,40.52,40.52,40.6,49.39,49.54,50.59,39.51,7626719.0,334573492.0,-17.959,-8.87
688052,纳芯微,260.0,259.86,260.0,236.51,237.79,267.0,237.79,4936189.0,1264779729.0,9.932,23.49
688053,ST思科瑞,41.66,41.61,41.66,40.36,40.55,42.38,40.55,983551.0,40923546.0,3.221,1.3
688055,龙腾光电,5.53,5.52,5.53,5.82,5.63,5.74,5.39,81344202.0,451120276.0,-4.983,-0.29
688056,莱伯泰科,35.92,35.88,35.92,36.06,36.06,37.42,35.59,1237491.0,44762370.0,-0.388,-0.14
688057,金达莱,14.6,14.6,14.61,14.18,14.4,15.37,14.35,10797707.0,160008047.0,2.962,0.42
688058,宝兰德,28.83,28.82,28.83,29.13,28.98,29.85,28.62,1558469.0,45211706.0,-1.03,-0.3
688059,华锐精密,155.9,155.88,155.9,155.38,160.0,163.44,150.0,4320838.0,668244180.0,0.335,0.52
688060,云涌科技,44.11,44.11,44.32,45.25,44.8,46.16,43.7,527499.0,23562490.0,-2.519,-1.14
688061,灿瑞科技,41.98,41.95,41.98,41.39,41.48,42.08,40.63,2780624.0,115505732.0,1.425,0.59
688062,迈威生物,32.28,32.27,32.28,33.31,33.07,33.2,31.7,10000170.0,322514683.0,-3.092,-1.03
688063,派能科技,74.5,74.49,74.5,76.8,76.08,77.49,74.03,12081524.0,908514453.0,-2.995,-2.3
688065,凯赛生物,42.16,42.16,42.17,43.46,43.18,43.39,41.85,6933488.0,293378968.0,-2.991,-1.3
688066,*ST航图,13.13,13.12,13.13,13.36,13.6,13.78,12.92,6939706.0,92303232.0,-1.722,-0.23
688067,爱威科技,26.35,26.35,26.48,27.27,27.3,27.97,26.13,1388027.0,37120809.0,-3.374,-0.92
688068,热景生物,86.8,86.8,86.83,84.5,86.0,89.43,85.54,1578884.0,137728099.0,2.722,2.3
688069,德林海,59.85,59.85,59.87,61.52,60.42,61.88,56.2,6938545.0,410514309.0,-2.715,-1.67
688070,纵横股份,46.77,46.73,46.77,46.31,46.42,47.21,44.61,2607385.0,119447696.0,0.993,0.46
688071,华依科技,38.43,38.43,38.44,38.39,39.01,39.06,37.52,4133704.0,157911894.0,0.104,0.04
688072,拓荆科技,721.0,720.9,721.0,616.98,602.0,740.05,583.85,14630937.0,9722979421.0,16.86,104.02
688073,毕得医药,55.44,55.22,55.45,55.4,56.01,57.33,55.0,997252.0,55545937.0,0.072,0.04
688075,安旭生物,36.15,36.11,36.15,36.27,36.2,36.69,35.62,324092.0,11683686.0,-0.331,-0.12
688076,ST诺泰,31.12,31.11,31.12,30.53,30.73,31.58,29.97,3564321.0,108994153.0,1.933,0.59
688077,大地熊,30.81,30.8,30.81,30.65,30.63,31.28,30.03,2671652.0,81506113.0,0.522,0.16
688078,龙软科技,26.81,26.81,26.83,25.8,28.37,30.82,26.43,3240631.0,90477007.0,3.915,1.01
688079,美迪凯,23.84,23.83,23.84,23.1,22.81,24.08,21.84,48994517.0,1130555030.0,3.203,0.74
688080,映翰通,46.96,46.94,46.96,46.83,47.5,47.6,46.46,1804619.0,84803871.0,0.278,0.13
688081,兴图新科,61.85,61.84,61.85,56.77,58.0,62.38,57.0,4471357.0,268481255.0,8.948,5.08
688082,盛美上海,251.0,250.99,251.0,213.17,214.44,255.8,214.29,19123748.0,4593175359.0,17.746,37.83
688083,中望软件,63.69,63.68,63.69,60.31,60.86,65.1,60.53,6654210.0,422899081.0,5.604,3.38
688084,晶品特装,60.68,60.68,60.69,61.28,60.56,61.8,59.7,1100063.0,66553454.0,-0.979,-0.6
688085,三友医疗,17.22,17.21,17.22,17.77,17.92,18.08,17.01,4780633.0,83437311.0,-3.095,-0.55
688087,英科再生,41.78,41.78,41.81,42.0,41.8,44.0,41.01,3524856.0,148887552.0,-0.524,-0.22
688088,虹软科技,43.99,43.99,44.0,44.56,44.7,44.95,43.53,8981920.0,394863096.0,-1.279,-0.57
688089,嘉必优,13.91,13.9,13.91,14.24,14.29,14.38,13.8,2831127.0,39662294.0,-2.317,-0.33
688090,瑞松科技,94.33,94.32,94.33,89.7,93.0,97.99,90.0,8134394.0,770800500.0,5.162,4.63
688091,上海谊众,57.49,57.49,57.5,55.42,56.14,59.4,56.0,6710293.0,386448246.0,3.735,2.07
688092,爱科科技,29.05,29.05,29.06,29.6,29.64,29.9,28.72,1272126.0,37076952.0,-1.858,-0.55
688093,世华科技,34.75,34.75,34.76,32.81,33.01,35.85,32.82,6435268.0,222396095.0,5.913,1.94
688095,福昕软件,77.29,77.29,77.3,77.4,77.56,79.39,76.06,1753359.0,135663430.0,-0.142,-0.11
688096,京源环保,13.0,13.0,13.01,12.69,12.84,13.68,12.84,21313393.0,280706200.0,2.443,0.31
688097,博众精工,60.5,60.48,60.5,59.53,60.6,62.1,58.08,9194044.0,555838160.0,1.629,0.97
688098,申联生物,8.31,8.31,8.32,8.23,8.2,8.41,8.11,3248388.0,26922159.0,0.972,0.08
688099,晶晨股份,113.1,113.09,113.1,115.21,114.8,115.8,111.8,15719350.0,1785818594.0,-1.831,-2.11
688100,威胜信息,40.2,40.19,40.2,38.45,38.5,40.5,38.5,5140556.0,204348803.0,4.551,1.75
688101,三达膜,18.0,18.0,18.05,18.26,18.22,18.34,17.74,3856985.0,69279148.0,-1.424,-0.26
688102,斯瑞新材,40.39,40.38,40.39,40.58,40.95,41.6,39.52,20150170.0,816897569.0,-0.468,-0.19
688103,国力电子,66.95,66.95,66.96,67.89,67.9,68.5,66.43,2122395.0,142866113.0,-1.385,-0.94
688105,诺唯赞,20.72,20.7,20.72,20.13,20.15,20.9,20.05,2941267.0,60548764.0,2.931,0.59
688106,金宏气体,27.04,27.03,27.04,28.93,28.0,28.0,26.51,44785203.0,1210640430.0,-6.533,-1.89
688107,安路科技,48.78,48.78,48.8,46.77,46.76,49.2,44.51,14589872.0,683338233.0,4.298,2.01
688108,赛诺医疗,19.52,19.52,19.53,20.09,19.99,20.14,19.32,13661944.0,267888740.0,-2.837,-0.57
688109,品茗科技,85.9,85.9,85.91,80.89,83.58,86.2,82.15,1869080.0,158457288.0,6.194,5.01
688110,东芯股份,166.6,166.6,0.0,138.83,142.1,166.6,142.1,32278718.0,5192078911.0,20.003,27.77
688111,金山办公,245.34,245.34,245.35,242.1,243.2,248.44,241.03,7779539.0,1898895118.0,1.338,3.24
688112,鼎阳科技,72.96,72.95,72.96,73.02,74.6,75.17,71.69,4180886.0,306152988.0,-0.082,-0.06
688113,联测科技,45.0,44.92,45.0,46.49,46.6,46.82,44.49,1871977.0,84377085.0,-3.205,-1.49
688114,华大智造,54.54,54.53,54.54,53.13,52.5,55.93,52.5,5138742.0,280577976.0,2.654,1.41
688115,思林杰,60.23,60.18,60.23,59.55,59.32,60.51,58.16,1729313.0,103215695.0,1.142,0.68
688116,天奈科技,41.7,41.7,41.71,42.51,42.5,42.71,41.22,9969842.0,416535948.0,-1.905,-0.81
688117,圣诺生物,35.84,35.84,35.85,35.84,35.78,36.25,35.4,2240656.0,80149207.0,0.0,0.0
688118,普元信息,25.92,25.91,25.92,26.2,26.02,26.6,25.69,3176226.0,82815198.0,-1.069,-0.28
688119,中钢洛耐,4.96,4.96,4.97,4.81,4.88,5.15,4.85,24478964.0,122471918.0,3.119,0.15
688120,华海清科,295.0,295.0,295.1,276.28,274.92,304.68,265.0,14074076.0,3997365907.0,6.776,18.72
688121,卓然股份,6.48,0.0,0.0,6.48,0.0,0.0,0.0,0.0,0.0,0.0,0.0
688122,西部超导,73.29,73.29,73.3,63.83,64.89,73.88,64.17,43492601.0,2975076513.0,14.821,9.46
688123,聚辰股份,155.37,155.36,155.37,156.58,156.5,156.98,149.71,13085172.0,2008230679.0,-0.773,-1.21
688125,安达智能,190.7,190.5,190.7,194.2,195.0,195.0,188.18,1561892.0,296684383.0,-1.802,-3.5
688126,沪硅产业,29.05,29.05,29.06,27.81,27.81,29.86,26.47,218366446.0,6141027496.0,4.459,1.24
688127,蓝特光学,93.98,93.98,93.99,104.29,104.14,104.14,91.18,23162012.0,2221410152.0,-9.886,-10.31
688128,中国电研,27.43,27.42,27.43,27.17,27.09,27.5,26.91,3086894.0,84115799.0,0.957,0.26
688129,东来技术,30.57,30.57,30.58,32.0,32.47,32.64,25.69,3066138.0,91789138.0,-4.469,-1.43
688130,晶华微,29.6,29.6,29.62,28.71,28.99,30.02,28.49,3512234.0,103321043.0,3.1,0.89
688131,皓元医药,73.76,73.76,73.77,75.62,74.81,75.74,72.35,6017200.0,443776697.0,-2.46,-1.86
688132,邦彦技术,17.27,17.26,17.27,17.39,17.38,17.68,16.84,1455064.0,24989186.0,-0.69,-0.12
688133,泰坦科技,27.11,27.1,27.11,27.99,27.6,27.84,25.99,13982697.0,374091646.0,-3.144,-0.88
688135,利扬芯片,41.77,41.77,41.78,40.11,39.7,43.0,39.18,29211341.0,1211892809.0,4.139,1.66
688136,科兴制药,22.08,22.08,22.09,22.86,22.86,23.08,21.91,4836343.0,108273777.0,-3.412,-0.78
688137,近岸蛋白,44.97,44.97,44.98,46.55,46.57,47.77,44.38,678683.0,30733621.0,-3.394,-1.58
688138,清溢光电,35.78,35.77,35.78,33.78,33.88,35.97,33.01,13494778.0,470636218.0,5.921,2.0
688139,海尔生物,37.36,37.35,37.36,36.79,36.51,38.0,36.51,12884219.0,482037698.0,1.549,0.57
688141,杰华特,103.2,103.2,103.23,96.5,102.0,106.98,98.22,20973078.0,2177037690.0,6.943,6.7
688143,长盈通,152.5,152.5,152.58,138.47,143.81,155.0,136.5,10447503.0,1524552517.0,10.132,14.03
688146,中船特气,134.33,134.32,134.33,130.72,131.0,135.8,122.0,18333002.0,2369177599.0,2.762,3.61
688147,微导纳米,91.5,91.46,91.5,86.94,85.98,93.68,84.1,18743127.0,1676576383.0,5.245,4.56
688148,芳源股份,9.22,9.22,9.23,9.87,9.89,9.89,9.21,20889861.0,195800320.0,-6.586,-0.65
688150,莱特光电,71.52,71.52,71.54,68.36,68.1,72.1,67.5,13111789.0,917583304.0,4.623,3.16
688151,华强科技,18.86,18.86,18.88,19.04,19.04,19.17,18.7,1369940.0,25838183.0,-0.945,-0.18
688152,麒麟信安,37.43,37.43,37.45,36.78,36.53,37.96,36.02,1708600.0,62990093.0,1.767,0.65
688153,唯捷创芯,34.14,34.14,34.15,32.89,32.95,34.53,32.53,7304725.0,246288919.0,3.801,1.25
688155,XD先惠技,92.37,92.37,92.38,94.58,94.77,95.05,90.33,3249765.0,300413428.0,-2.337,-2.21
688156,路德科技,26.48,26.48,26.49,27.13,27.83,28.33,26.02,3692597.0,98815441.0,-2.396,-0.65
688157,松井股份,32.29,32.24,32.29,32.87,32.81,33.08,31.3,2623911.0,84639912.0,-1.765,-0.58
688158,优刻得,44.16,44.15,44.16,45.1,44.5,45.0,41.76,48026239.0,2066086480.0,-2.084,-0.94
688159,有方科技,55.38,55.38,55.39,55.57,55.53,55.99,53.88,6610055.0,361967848.0,-0.342,-0.19
688160,步科股份,141.45,141.44,141.45,142.0,140.58,145.0,136.77,4403763.0,615547254.0,-0.387,-0.55
688161,威高骨科,26.78,26.78,26.79,26.27,26.21,26.88,26.0,1261333.0,33382414.0,1.941,0.51
688162,巨一科技,35.67,35.67,35.68,35.35,35.1,36.59,35.0,3464768.0,123753099.0,0.905,0.32
688163,赛伦生物,38.64,38.62,38.64,39.58,40.37,40.41,37.4,2330532.0,89768913.0,-2.375,-0.94
688165,埃夫特,21.4,21.4,21.41,22.1,21.82,21.85,20.8,27429946.0,581155180.0,-3.167,-0.7
688166,博瑞医药,55.15,55.14,55.15,57.3,57.39,57.93,54.0,13722603.0,762732097.0,-3.752,-2.15
688167,炬光科技,504.0,504.0,504.01,466.97,466.97,509.0,453.0,6976746.0,3319623001.0,7.93,37.03
688168,XR安博通,64.26,64.26,64.27,59.09,56.61,66.66,56.61,5490650.0,348684420.0,8.749,5.17
688169,石头科技,125.08,125.07,125.08,126.82,125.8,126.71,123.96,7460731.0,933480507.0,-1.372,-1.74
688170,德龙激光,90.27,90.25,90.27,78.7,81.0,91.99,78.0,15249313.0,1305729317.0,14.701,11.57
688171,纬德信息,61.92,61.92,61.93,55.89,55.55,63.44,54.5,5715357.0,343084039.0,10.789,6.03
688172,燕东微,60.74,60.74,60.78,54.49,54.3,62.8,52.8,29573517.0,1724084342.0,11.47,6.25
688173,希荻微,19.34,19.34,19.35,18.7,18.85,19.53,18.49,14190355.0,272207620.0,3.422,0.64
688175,高凌信息,36.96,36.96,36.97,35.91,36.68,37.14,36.07,1635923.0,59987136.0,2.924,1.05
688176,亚虹医药,12.24,12.23,12.24,12.39,12.51,12.65,12.12,7877784.0,97161416.0,-1.211,-0.15
688177,百奥泰,19.68,19.67,19.68,20.1,20.2,20.24,19.5,2513653.0,49707311.0,-2.09,-0.42
688178,万德斯,34.1,34.01,34.1,34.15,34.88,34.99,33.5,1687656.0,57567926.0,-0.146,-0.05
688179,阿拉丁,23.82,23.81,23.82,23.78,23.99,23.99,23.08,9525818.0,224488894.0,0.168,0.04
688180,君实生物,36.47,36.47,36.48,37.13,36.81,37.22,36.08,13807308.0,503603865.0,-1.778,-0.66
688181,八亿时空,42.9,42.9,42.91,40.9,41.6,43.89,41.06,15094090.0,647186092.0,4.89,2.0
688182,灿勤科技,38.03,38.03,38.04,39.25,38.97,39.25,37.08,14662575.0,554385358.0,-3.108,-1.22
688183,生益电子,110.08,110.07,110.08,108.49,111.2,112.58,104.38,47679109.0,5126667949.0,1.466,1.59
688184,ST帕瓦,13.8,13.79,13.8,13.83,13.86,13.87,13.53,1639223.0,22421682.0,-0.217,-0.03
688185,康希诺,63.79,63.78,63.79,62.4,64.0,65.35,63.36,3038735.0,195502122.0,2.228,1.39
688186,广大特材,21.11,21.09,21.11,19.67,19.68,21.28,19.6,12592690.0,263765101.0,7.321,1.44
688187,时代电气,59.4,59.4,59.45,59.03,59.04,61.5,57.58,24369587.0,1453568463.0,0.627,0.37
688188,柏楚电子,172.9,172.9,172.91,173.19,173.19,176.5,170.13,2660917.0,458886217.0,-0.167,-0.29
688189,南新制药,9.52,9.51,9.52,9.74,9.95,9.98,9.4,9484684.0,91221274.0,-2.259,-0.22
688190,云路股份,119.0,119.0,119.05,106.14,106.16,119.38,106.0,6582899.0,744639235.0,12.116,12.86
688191,智洋创新,57.87,57.87,57.91,58.04,58.0,59.0,56.82,7063898.0,409211473.0,-0.293,-0.17
688192,迪哲医药,54.83,54.83,54.84,54.56,54.3,55.13,53.3,3320148.0,180148472.0,0.495,0.27
688193,仁度生物,54.32,54.2,54.32,54.81,55.0,56.66,53.61,838930.0,46131603.0,-0.894,-0.49
688195,腾景科技,332.03,332.02,332.03,332.1,335.0,336.0,323.01,5396218.0,1777592583.0,-0.021,-0.07
688196,卓越新能,46.11,46.11,46.25,44.9,44.89,47.19,44.66,1614958.0,74749656.0,2.695,1.21
688197,首药控股,39.79,39.7,39.79,40.35,40.16,41.26,38.99,1464140.0,58487642.0,-1.388,-0.56
688198,佰仁医疗,88.21,88.21,88.36,89.96,89.95,89.95,86.61,607753.0,53584849.0,-1.945,-1.75
688199,久日新材,31.78,31.78,31.79,30.24,30.48,32.5,30.42,11002883.0,347024740.0,5.093,1.54
688200,华峰测控,462.5,462.5,464.98,449.95,433.0,477.86,418.0,4904404.0,2180668244.0,2.789,12.55
688201,ST信安,8.74,8.72,8.74,8.9,8.9,8.97,8.67,5195126.0,45604215.0,-1.798,-0.16
688202,美迪西,62.37,62.37,62.38,64.25,63.92,65.7,61.64,3590916.0,226046661.0,-2.926,-1.88
688203,海正生材,13.73,13.73,13.75,14.2,14.19,14.3,13.5,5043135.0,69403082.0,-3.31,-0.47
688205,德科立,260.7,260.7,260.71,256.8,265.0,266.88,250.5,9472299.0,2430565953.0,1.519,3.9
688206,概伦电子,45.15,45.14,45.15,39.89,39.74,47.28,37.56,33836588.0,1460516757.0,13.186,5.26
688207,格灵深瞳,17.95,17.95,17.96,18.05,18.03,18.64,17.68,17905872.0,322144324.0,-0.554,-0.1
688208,道通科技,38.62,38.62,38.65,39.91,39.86,40.37,38.25,20650794.0,804185919.0,-3.232,-1.29
688209,英集芯,26.2,26.19,26.2,25.63,25.7,26.34,24.36,13018308.0,336830786.0,2.224,0.57
688210,统联精密,50.9,50.9,50.95,49.8,49.56,51.5,48.71,8705280.0,436551462.0,2.209,1.1
688211,中科微至,38.05,38.05,38.08,38.26,38.88,38.88,37.3,1889337.0,71505839.0,-0.549,-0.21
688212,澳华内镜,33.58,33.58,33.61,33.99,33.93,34.38,33.02,1248993.0,42052771.0,-1.206,-0.41
688213,思特威,113.12,113.12,113.16,115.07,114.0,115.75,109.0,22995684.0,2570570515.0,-1.695,-1.95
688215,瑞晟智能,74.45,74.42,74.47,74.15,75.42,76.0,73.19,789771.0,58742129.0,0.405,0.3
688216,气派科技,38.0,37.99,38.0,36.0,35.7,38.48,35.7,6764170.0,253294601.0,5.556,2.0
688217,睿昂基因,27.55,27.55,27.69,28.48,28.63,28.98,27.2,1201787.0,33515123.0,-3.265,-0.93
688218,江苏北人,44.85,44.84,44.85,43.9,43.9,44.96,42.64,6879324.0,302042421.0,2.164,0.95
688219,会通股份,12.24,12.23,12.24,12.02,12.08,12.33,11.98,12117543.0,147757003.0,1.83,0.22
688220,翱捷科技,112.2,112.19,112.2,115.75,110.1,115.39,107.3,16994662.0,1895471691.0,-3.067,-3.55
688221,前沿生物,21.23,21.22,21.23,21.87,21.95,22.0,21.01,9901605.0,211770510.0,-2.926,-0.64
688222,成都先导,31.59,31.59,31.6,31.6,31.19,32.6,30.99,22817763.0,721126445.0,-0.032,-0.01
688223,晶科能源,6.41,6.4,6.41,6.7,6.67,6.71,6.36,175545580.0,1132480163.0,-4.328,-0.29
688225,亚信安全,16.49,16.49,16.5,16.54,16.68,16.91,16.28,4319446.0,71540230.0,-0.302,-0.05
688226,威腾电气,59.16,59.15,59.16,60.88,60.5,61.0,58.18,8622956.0,511121570.0,-2.825,-1.72
688227,品高股份,88.63,88.6,88.63,90.05,91.0,91.06,87.2,4038024.0,356986120.0,-1.577,-1.42
688228,开普云,107.22,107.22,107.26,109.21,109.9,110.51,105.5,2141553.0,230210705.0,-1.822,-1.99
688229,博睿数据,94.75,94.7,94.75,97.03,98.81,98.81,92.34,2356001.0,222150185.0,-2.35,-2.28
688230,芯导科技,77.55,77.53,77.55,74.0,74.54,78.38,72.68,2692331.0,205703324.0,4.797,3.55
688231,隆达股份,52.82,52.74,52.82,53.94,54.48,54.52,52.2,4235613.0,224677900.0,-2.076,-1.12
688232,新点软件,21.8,21.8,21.81,21.77,21.82,22.07,21.58,2077585.0,45291136.0,0.138,0.03
688233,神工股份,96.42,96.42,96.44,94.65,93.93,98.58,92.0,9518625.0,907929662.0,1.87,1.77
688234,天岳先进,160.31,160.31,160.32,153.74,154.0,163.56,150.0,23186654.0,3674118000.0,4.273,6.57
688235,百济神州,241.71,241.7,241.71,244.57,244.4,245.25,238.02,3739727.0,898229263.0,-1.169,-2.86
688236,春立医疗,17.3,17.29,17.3,16.69,16.61,17.74,16.26,3298834.0,56256999.0,3.655,0.61
688237,超卓航科,48.58,48.58,48.61,51.77,52.7,52.7,48.58,2065518.0,102566485.0,-6.162,-3.19
688238,和元生物,6.18,6.17,6.18,6.3,6.29,6.34,6.12,9189587.0,56985602.0,-1.905,-0.12
688239,航宇科技,69.92,69.92,70.01,68.07,68.1,71.23,68.0,6120796.0,427775521.0,2.718,1.85
688244,永信至诚,18.88,18.88,18.89,19.29,19.18,19.58,18.61,2047434.0,38761077.0,-2.125,-0.41
688246,嘉和美康,24.58,24.58,24.59,23.85,23.12,24.97,23.12,4892494.0,119977236.0,3.061,0.73
688247,宣泰医药,8.79,8.79,8.8,8.91,8.91,8.92,8.7,1801986.0,15844632.0,-1.347,-0.12
688248,南网科技,61.25,61.25,61.3,61.16,61.07,62.92,59.67,5749268.0,351916018.0,0.147,0.09
688249,晶合集成,42.91,42.9,42.91,39.0,39.12,44.35,39.03,75253525.0,3153650652.0,10.026,3.91
688251,井松智能,28.05,28.05,28.06,29.1,29.79,29.79,27.5,3605354.0,102387183.0,-3.608,-1.05
688252,天德钰,24.8,24.8,24.81,23.99,23.8,24.88,23.49,10850248.0,265661166.0,3.376,0.81
688253,英诺特,65.59,65.5,65.59,65.5,65.83,68.07,64.5,1879604.0,123366611.0,0.137,0.09
688255,凯尔达,33.8,33.79,33.8,33.98,33.86,34.29,33.31,4608311.0,155468767.0,-0.53,-0.18
688256,寒武纪,1406.5,1406.09,1406.5,1286.0,1321.01,1435.0,1321.01,17338398.0,24028347135.0,9.37,120.5
688257,新锐股份,102.53,102.5,102.53,96.84,101.01,104.31,98.5,23748338.0,2403289053.0,5.876,5.69
688258,卓易信息,138.96,138.96,138.98,131.09,132.5,139.87,127.11,8955502.0,1195064098.0,6.004,7.87
688259,创耀科技,41.52,41.52,41.53,40.5,41.49,41.96,40.39,4105951.0,169666550.0,2.519,1.02
688260,昀冢科技,78.74,78.57,78.74,72.71,80.0,84.5,77.59,16639597.0,1327562337.0,8.293,6.03
688261,东微半导,91.25,91.24,91.25,78.79,77.97,92.0,74.92,15058873.0,1300230487.0,15.814,12.46
688262,国芯科技,43.65,43.64,43.65,40.45,40.3,43.99,39.86,26748246.0,1140332166.0,7.911,3.2
688265,南模生物,38.1,38.09,38.1,38.66,38.9,39.36,37.77,404537.0,15504132.0,-1.449,-0.56
688266,泽璟制药,98.99,98.99,99.08,102.07,101.49,103.08,97.61,3455958.0,344389945.0,-3.018,-3.08
688267,中触媒,34.09,34.09,34.1,33.85,34.65,35.0,33.22,2164143.0,73249885.0,0.709,0.24
688268,华特气体,157.93,157.93,157.94,163.88,156.51,161.79,154.0,8398780.0,1325148585.0,-3.631,-5.95
688269,凯立新材,42.38,42.38,42.4,42.45,42.95,42.96,41.78,1889507.0,79727370.0,-0.165,-0.07
688270,ST臻镭,126.0,125.99,126.0,129.2,129.2,130.9,122.1,11755794.0,1472951874.0,-2.477,-3.2
688271,联影医疗,116.88,116.88,116.89,116.01,114.99,117.79,113.0,13649355.0,1581368925.0,0.75,0.87
688272,富吉瑞,38.45,38.45,38.48,37.56,37.97,39.18,37.09,2420698.0,93006586.0,2.37,0.89
688273,麦澜德,43.09,43.08,43.09,43.2,43.8,45.08,42.53,2178536.0,95746153.0,-0.255,-0.11
688275,万润新能,141.5,141.5,141.59,145.2,144.82,146.09,138.4,4736899.0,674430267.0,-2.548,-3.7
688276,百克生物,16.56,16.56,16.58,16.83,16.83,17.04,16.45,2200697.0,36693777.0,-1.604,-0.27
688277,天智航,18.8,18.8,18.83,19.05,19.07,19.9,18.63,8022545.0,153668975.0,-1.312,-0.25
688278,特宝生物,56.44,56.44,56.45,57.52,57.35,57.88,56.07,2378480.0,134329881.0,-1.878,-1.08
688279,峰岹科技,246.19,246.19,246.48,250.19,250.33,259.9,242.21,2158332.0,538176075.0,-1.599,-4.0
688280,精进电动,5.99,5.98,5.99,6.12,6.15,6.19,5.96,13485355.0,81154288.0,-2.124,-0.13
688281,华秦科技,83.53,83.53,83.55,82.8,84.6,85.21,82.13,3978659.0,331953900.0,0.882,0.73
688282,理工导航,89.92,89.92,90.0,88.0,87.29,90.86,85.62,1855131.0,164518088.0,2.182,1.92
688283,坤恒顺维,44.24,44.24,44.29,45.23,45.7,46.51,43.21,2357164.0,104836758.0,-2.189,-0.99
688285,高铁电气,8.83,8.83,8.84,9.0,9.04,9.05,8.71,2902885.0,25581369.0,-1.889,-0.17
688286,敏芯股份,75.78,75.78,75.79,72.82,72.84,75.85,71.81,3061365.0,226374142.0,4.065,2.96
688287,退市观典,0.41,0.4,0.41,0.43,0.42,0.43,0.39,13233743.0,5401568.0,-4.651,-0.02
688288,鸿泉技术,23.04,23.04,23.05,23.65,23.6,23.89,22.78,2120023.0,48945923.0,-2.579,-0.61
688289,圣湘生物,17.54,17.54,17.6,17.41,17.39,17.87,17.39,3567262.0,62810198.0,0.747,0.13
688290,景业智能,70.13,70.13,70.15,70.03,70.22,71.28,68.86,1790542.0,125056341.0,0.143,0.1
688291,金橙子,54.78,54.78,54.79,55.85,56.42,56.69,53.0,4784463.0,261378188.0,-1.916,-1.07
688292,浩瀚深度,25.61,25.61,25.62,25.95,26.01,27.11,25.13,7698141.0,199668583.0,-1.31,-0.34
688293,奥浦迈,45.26,45.24,45.26,45.65,45.66,46.05,44.66,779337.0,35261574.0,-0.854,-0.39
688295,中复神鹰,53.19,53.19,53.2,53.25,53.7,53.98,52.19,9064802.0,481161927.0,-0.113,-0.06
688296,和达科技,16.17,16.17,16.22,16.56,16.5,16.94,15.93,2551349.0,41722271.0,-2.355,-0.39
688297,中无人机,45.85,45.85,45.86,43.21,42.9,46.36,41.99,13697868.0,607221588.0,6.11,2.64
688298,东方生物,21.9,21.89,21.9,21.98,22.15,22.23,21.74,1848450.0,40467378.0,-0.364,-0.08
688299,长阳科技,18.68,18.68,18.69,19.5,19.51,19.83,18.58,12095357.0,229166624.0,-4.205,-0.82
688300,联瑞新材,139.99,139.99,140.0,134.85,136.66,142.58,133.01,11970846.0,1662620957.0,3.812,5.14
688301,奕瑞科技,184.15,184.15,184.2,176.71,180.28,190.88,177.1,14206865.0,2613819587.0,4.21,7.44
688302,海创药业,42.4,42.39,42.4,42.85,43.3,43.68,41.68,1561986.0,66269058.0,-1.05,-0.45
688303,大全能源,19.89,19.88,19.89,20.65,20.45,20.55,19.75,16785657.0,334780896.0,-3.68,-0.76
688305,科德数控,69.3,69.29,69.3,70.85,73.0,73.68,68.85,6357829.0,446519964.0,-2.188,-1.55
688306,均普智能,10.9,10.89,10.9,10.43,10.57,10.98,10.23,25163661.0,267667208.0,4.506,0.47
688307,中润光学,83.21,83.21,83.22,89.08,89.6,89.61,81.7,10126945.0,847608954.0,-6.59,-5.87
688308,欧科亿,132.13,132.13,132.14,132.0,136.99,138.01,124.03,21708014.0,2829824328.0,0.098,0.13
688309,恒誉环保,77.12,76.5,77.12,77.12,77.91,79.22,74.74,1510604.0,116433152.0,0.0,0.0
688310,迈得医疗,18.17,18.17,18.18,16.55,16.73,18.55,16.73,11500882.0,205229611.0,9.789,1.62
688311,盟升电子,31.88,31.88,31.9,32.0,32.7,33.15,31.61,3917364.0,125821348.0,-0.375,-0.12
688312,燕麦科技,100.43,100.43,100.44,98.3,98.36,105.0,94.68,8204315.0,817448347.0,2.167,2.13
688313,仕佳光子,182.12,182.11,182.12,174.72,177.0,184.87,174.18,32905341.0,5907691200.0,4.235,7.4
688314,康拓医疗,39.0,38.99,39.0,40.44,40.49,40.85,38.78,978421.0,38320279.0,-3.561,-1.44
688315,诺禾致源,15.7,15.7,15.71,14.74,14.73,15.72,14.73,6307163.0,96417199.0,6.513,0.96
688316,青云科技,71.93,71.92,71.93,73.57,74.78,75.0,70.83,3670149.0,263929869.0,-2.229,-1.64
688317,之江生物,21.61,21.61,21.62,20.77,22.66,23.36,21.55,12711488.0,287862128.0,4.044,0.84
688318,财富趋势,120.55,120.5,120.55,115.39,116.88,120.89,116.0,5091270.0,606315676.0,4.472,5.16
688319,欧林生物,36.7,36.69,36.7,36.96,37.5,37.64,36.2,7001720.0,258518583.0,-0.703,-0.26
688320,禾川科技,41.28,41.28,41.3,40.54,40.12,42.05,39.28,7969897.0,325658352.0,1.825,0.74
688321,微芯生物,28.15,28.14,28.15,28.6,28.58,28.75,27.68,11864409.0,334085762.0,-1.573,-0.45
688322,奥比中光,118.29,118.29,118.3,118.15,118.0,126.96,116.5,32284913.0,3871218330.0,0.118,0.14
688323,瑞华泰,39.8,39.8,39.84,40.6,39.99,42.2,38.0,24037035.0,947003194.0,-1.97,-0.8
688325,赛微微电,119.01,119.01,119.16,119.54,120.35,122.0,117.99,1548503.0,185762292.0,-0.443,-0.53
688326,经纬恒润,93.5,93.5,93.65,92.72,92.01,95.12,91.5,2946924.0,275624026.0,0.841,0.78
688327,云从科技,14.54,14.53,14.54,14.49,14.49,14.85,14.32,39776115.0,578342011.0,0.345,0.05
688328,深科达,71.03,71.03,71.06,69.32,69.28,71.62,66.74,8557859.0,597672553.0,2.467,1.71
688329,艾隆科技,26.52,26.51,26.52,27.0,27.03,32.4,26.25,3465691.0,93264053.0,-1.778,-0.48
688330,宏力达,41.02,41.01,41.02,40.09,41.95,43.5,40.86,4188956.0,176324990.0,2.32,0.93
688331,荣昌生物,113.88,113.88,113.89,116.7,116.32,116.96,112.33,9024761.0,1029943505.0,-2.416,-2.82
688332,中科蓝讯,90.39,90.39,90.4,90.26,90.01,91.36,89.2,3339929.0,301566351.0,0.144,0.13
688333,铂力特,90.55,90.55,90.56,88.44,89.5,92.17,88.75,11062890.0,1000428992.0,2.386,2.11
688334,西高院,20.69,20.69,20.7,20.48,20.51,20.94,20.43,2234770.0,46129793.0,1.025,0.21
688335,复洁科技,26.57,26.55,26.57,26.75,26.57,27.11,26.26,2670583.0,71028236.0,-0.673,-0.18
688336,三生国健,60.85,60.85,60.86,61.8,61.85,62.76,60.4,3141842.0,192509062.0,-1.537,-0.95
688337,普源精电,67.94,67.94,67.95,65.19,66.24,68.42,63.62,7927401.0,526798350.0,4.218,2.75
688338,赛科希德,27.88,27.88,27.9,28.41,28.38,28.6,27.66,954083.0,26627220.0,-1.866,-0.53
688339,亿华通,24.19,24.19,24.2,25.02,24.8,25.37,23.81,4644808.0,112945637.0,-3.317,-0.83
688343,云天励飞,79.7,79.7,79.71,78.5,78.8,81.44,77.88,12146000.0,965307911.0,1.529,1.2
688345,博力威,59.95,59.93,59.95,54.63,55.5,61.52,54.87,5210633.0,304905843.0,9.738,5.32
688347,华虹公司,214.8,214.8,0.0,179.0,183.0,214.8,179.0,50192191.0,9976682127.0,20.0,35.8
688348,昱能科技,45.6,45.6,45.61,47.86,47.7,47.86,44.88,3537083.0,161444707.0,-4.722,-2.26
688349,三一重能,21.68,21.68,21.7,22.09,22.0,22.23,21.51,8463516.0,184549234.0,-1.856,-0.41
688350,富淼科技,38.93,38.93,38.94,38.55,38.61,40.6,38.23,5002292.0,196196669.0,0.986,0.38
688351,微电生理,27.08,27.08,27.09,27.52,27.2,27.5,26.33,10411475.0,279558340.0,-1.599,-0.44
688352,颀中科技,17.35,17.35,17.36,15.0,15.01,17.43,14.75,56852016.0,943249349.0,15.667,2.35
688353,华盛锂电,92.24,92.23,92.24,95.51,95.45,95.6,91.35,4806795.0,444551888.0,-3.424,-3.27
688355,明志科技,22.96,22.96,22.97,23.73,23.73,24.07,22.44,2754181.0,63093823.0,-3.245,-0.77
688356,键凯科技,81.08,81.07,81.08,81.47,81.81,82.09,79.54,826765.0,66495029.0,-0.479,-0.39
688357,建龙微纳,34.93,34.91,34.93,34.43,34.75,35.66,33.82,1558556.0,54234264.0,1.452,0.5
688358,祥生医疗,38.36,38.34,38.36,33.79,33.79,39.15,33.79,6317111.0,232441013.0,13.525,4.57
688359,三孚新科,144.88,144.77,144.88,136.65,140.0,146.0,134.69,4828289.0,687671890.0,6.023,8.23
688360,德马科技,27.39,27.39,27.4,26.81,26.8,27.59,26.2,20365244.0,548343984.0,2.163,0.58
688361,中科飞测,255.69,255.69,255.88,245.45,244.04,268.07,234.11,15190217.0,3836994180.0,4.172,10.24
688362,甬矽电子,67.56,67.56,0.0,56.3,58.2,67.56,56.66,53281918.0,3341188836.0,20.0,11.26
688363,华熙生物,37.78,37.78,37.79,39.0,39.0,39.26,37.74,3674999.0,140386402.0,-3.128,-1.22
688365,光云科技,20.01,20.01,20.02,20.12,20.35,20.69,19.56,15081853.0,301631064.0,-0.547,-0.11
688366,昊海生科,34.41,34.35,34.41,34.89,34.69,35.27,34.11,599982.0,20670366.0,-1.376,-0.48
688367,工大高科,35.96,35.95,35.96,37.07,36.88,38.07,35.85,2136465.0,78218726.0,-2.994,-1.11
688368,晶丰明源,232.7,232.69,232.7,205.07,205.12,244.88,205.09,5199337.0,1193401708.0,13.473,27.63
688369,致远互联,23.61,23.6,23.61,23.7,23.7,24.1,23.1,3822662.0,90088978.0,-0.38,-0.09
688370,丛麟科技,25.2,25.19,25.2,25.44,25.36,25.93,25.1,1345573.0,34226724.0,-0.943,-0.24
688371,菲沃泰,41.64,41.64,41.67,41.9,41.0,42.98,37.4,24299718.0,987000371.0,-0.621,-0.26
688372,伟测科技,181.5,181.5,181.55,164.57,165.6,183.0,159.1,13013310.0,2246923378.0,10.287,16.93
688373,盟科药业,4.93,4.93,4.94,5.02,5.05,5.08,4.91,10490293.0,52072797.0,-1.793,-0.09
688375,国博电子,106.0,105.98,106.0,106.81,108.0,108.0,103.8,4561542.0,483468438.0,-0.758,-0.81
688376,美埃科技,82.24,82.24,82.25,81.08,83.68,83.68,79.56,2291925.0,187274357.0,1.431,1.16
688377,迪威尔,32.0,32.0,32.01,33.53,33.6,34.3,30.82,4921497.0,158021114.0,-4.563,-1.53
688378,奥来德,52.15,52.15,52.17,50.9,51.7,52.9,50.4,8919584.0,460659936.0,2.456,1.25
688379,华光新材,74.2,74.19,74.2,75.6,75.5,76.46,73.1,3532013.0,261772888.0,-1.852,-1.4
688380,XD中微半,52.49,52.49,52.5,50.22,50.0,52.66,48.6,17072051.0,869828743.0,4.52,2.27
688381,帝奥微,47.35,47.3,47.35,43.95,45.15,52.52,44.51,25754890.0,1256558839.0,7.736,3.4
688382,益方生物,19.65,19.65,19.66,20.38,20.23,20.85,19.31,13236457.0,262132494.0,-3.582,-0.73
688383,新益昌,141.86,141.86,141.99,135.99,136.2,143.68,136.2,3218067.0,450284845.0,4.316,5.87
688385,复旦微电,70.89,70.89,70.9,67.42,67.3,71.98,66.0,25234993.0,1763933981.0,5.147,3.47
688386,泛亚微透,91.34,91.33,91.34,93.13,95.3,97.67,89.94,3207422.0,297832748.0,-1.922,-1.79
688387,信科移动,18.69,18.68,18.69,18.6,18.94,18.97,17.88,63893052.0,1182948579.0,0.484,0.09
688388,嘉元科技,44.6,44.59,44.6,44.8,45.18,46.16,43.79,22469165.0,1005121519.0,-0.446,-0.2
688389,普门科技,12.35,12.35,12.36,12.25,12.23,12.45,12.22,2196140.0,27132069.0,0.816,0.1
688390,固德威,142.59,142.59,142.6,141.72,138.76,143.25,133.21,8161724.0,1137376246.0,0.614,0.87
688391,钜泉科技,34.67,34.65,34.67,33.29,33.62,34.75,33.15,3745644.0,128324987.0,4.145,1.38
688392,骄成超声,165.51,165.5,165.51,157.45,156.0,168.6,152.5,5157021.0,827785858.0,5.119,8.06
688393,安必平,23.72,23.71,23.72,24.44,24.56,25.04,23.38,1651060.0,39513389.0,-2.946,-0.72
688395,正弦电气,30.55,30.54,30.55,31.76,32.01,32.55,30.0,2380446.0,73644904.0,-3.81,-1.21
688396,华润微,66.2,66.19,66.2,62.4,62.5,67.16,61.52,44720343.0,2912556493.0,6.09,3.8
688398,赛特新材,34.5,34.5,34.52,33.04,33.7,34.66,33.27,4494967.0,152896936.0,4.419,1.46
688399,硕世生物,57.89,57.88,57.89,58.89,58.89,60.2,57.5,1182035.0,69141914.0,-1.698,-1.0
688400,凌云光,68.39,68.39,68.4,66.22,67.0,69.27,65.0,24385446.0,1657614978.0,3.277,2.17
688401,路维光电,83.42,83.4,83.42,74.16,73.9,85.37,73.9,10776778.0,854368921.0,12.487,9.26
688403,汇成股份,21.89,21.88,21.89,19.75,19.6,22.5,19.12,108738787.0,2285497736.0,10.835,2.14
688408,中信博,37.75,37.74,37.75,38.77,39.03,39.03,37.26,4055311.0,153036886.0,-2.631,-1.02
688409,富创精密,173.44,173.05,173.44,167.07,165.0,177.5,160.0,8658498.0,1465047671.0,3.813,6.37
688410,山外山,18.14,18.14,18.15,17.48,17.54,18.47,17.47,13331260.0,240855198.0,3.776,0.66
688411,海博思创,272.91,272.91,272.93,252.16,254.0,278.89,254.0,11097456.0,3010756221.0,8.229,20.75
688416,恒烁股份,126.2,126.13,126.2,123.9,124.18,129.0,121.35,4993803.0,628475002.0,1.856,2.3
688418,震有科技,51.88,51.77,51.88,49.89,50.89,52.3,48.48,6601728.0,332525456.0,3.989,1.99
688419,耐科装备,63.81,63.81,63.9,60.44,63.0,70.0,58.6,8431272.0,524992560.0,5.576,3.37
688420,美腾科技,27.72,27.72,27.74,28.16,29.0,29.87,27.26,2200070.0,61781656.0,-1.563,-0.44
688425,铁建重工,4.42,4.42,4.43,4.38,4.47,4.54,4.41,19299535.0,86127076.0,0.913,0.04
688426,康为世纪,20.42,20.42,20.49,20.72,20.61,21.1,20.32,1401595.0,29001689.0,-1.448,-0.3
688428,诺诚健华,25.27,25.26,25.27,25.2,25.13,25.8,24.89,8635264.0,218630600.0,0.278,0.07
688429,时创能源,13.2,13.2,13.26,13.63,13.55,13.65,13.13,2406375.0,31944822.0,-3.155,-0.43
688432,有研硅,19.88,19.88,19.89,19.5,19.8,20.39,19.18,31641850.0,625874583.0,1.949,0.38
688433,XD华曙高,109.5,109.46,109.5,102.16,108.0,110.55,105.1,8522009.0,917877036.0,7.185,7.34
688435,英方软件,42.3,42.3,42.4,41.66,41.77,44.87,41.6,3053524.0,130825854.0,1.536,0.64
688439,振华风光,54.65,54.63,54.65,52.46,52.56,54.8,52.55,4687599.0,253494403.0,4.175,2.19
688443,智翔金泰,29.83,29.83,29.89,29.75,29.8,31.6,29.73,4642054.0,141765369.0,0.269,0.08
688448,磁谷科技,70.15,70.14,70.15,71.78,70.76,72.6,69.64,1382421.0,97929723.0,-2.271,-1.63
688449,联芸科技,84.5,84.5,84.51,87.79,86.0,86.56,79.27,30328990.0,2530614199.0,-3.748,-3.29
688450,光格科技,46.6,46.6,46.61,49.09,49.31,52.88,46.0,2776694.0,132957398.0,-5.072,-2.49
688455,科捷智能,23.11,23.1,23.11,21.16,21.66,23.88,21.55,7858356.0,178088869.0,9.216,1.95
688456,有研粉材,89.6,89.6,89.65,85.57,86.65,94.93,84.66,9214739.0,830599555.0,4.71,4.03
688458,美芯晟,48.77,48.76,48.77,47.49,46.55,49.28,45.7,9830179.0,473055615.0,2.695,1.28
688459,哈铁科技,8.75,8.74,8.75,8.7,8.65,8.76,8.6,1253364.0,10870610.0,0.575,0.05
688466,金科环境,17.52,17.52,17.56,18.14,18.1,18.4,17.37,1359732.0,24031698.0,-3.418,-0.62
688468,科美诊断,7.04,7.04,7.06,7.05,7.07,7.15,6.95,2670044.0,18841361.0,-0.142,-0.01
688469,芯联集成,8.25,8.25,8.26,7.62,7.66,8.28,7.6,314215794.0,2527483704.0,8.268,0.63
688472,阿特斯,13.8,13.8,13.81,14.44,14.44,14.46,13.72,68359333.0,949958647.0,-4.432,-0.64
688475,萤石网络,30.45,30.45,30.48,30.01,29.97,30.72,29.97,4283908.0,130235986.0,1.466,0.44
688478,晶升股份,65.44,65.4,65.44,66.99,65.79,69.0,61.28,11998754.0,779318019.0,-2.314,-1.55
688479,友车科技,40.66,40.66,40.69,40.3,40.67,40.88,39.25,1906095.0,76685863.0,0.893,0.36
688480,赛恩斯,103.91,103.9,103.91,98.0,99.0,104.43,98.97,2927067.0,298407754.0,6.031,5.91
688484,南芯科技,49.29,49.25,49.29,45.33,45.28,49.99,44.38,21823009.0,1046637170.0,8.736,3.96
688485,九州一轨,55.19,55.13,55.19,56.05,56.5,56.97,50.13,10042093.0,534754455.0,-1.534,-0.86
688486,龙迅股份,89.78,89.74,89.78,86.85,88.3,91.88,85.64,3443469.0,307593129.0,3.374,2.93
688488,艾迪药业,15.23,15.22,15.23,15.27,15.6,15.88,15.0,4675081.0,71555992.0,-0.262,-0.04
688489,三未信安,44.9,44.89,44.9,42.64,42.77,45.36,42.77,2249430.0,99830406.0,5.3,2.26
688496,*ST清越,1.2,1.2,1.21,1.41,1.41,1.41,1.18,21779770.0,27901778.0,-14.894,-0.21
688498,源杰科技,1084.16,1084.16,1084.19,1066.4,1067.87,1092.0,1039.33,5273209.0,5633893753.0,1.665,17.76
688499,利元亨,56.1,56.1,56.16,57.78,57.81,57.89,54.9,6977879.0,390936676.0,-2.908,-1.68
688500,慧辰股份,60.46,60.46,60.5,58.69,58.72,60.95,57.8,3476760.0,206790515.0,3.016,1.77
688501,青达环保,23.65,23.6,23.65,24.32,24.37,24.64,23.42,1912512.0,45476802.0,-2.755,-0.67
688502,茂莱光学,522.0,521.48,522.0,537.0,530.4,550.08,500.04,2785480.0,1442632802.0,-2.793,-15.0
688503,聚和材料,114.44,114.44,114.48,108.7,110.0,114.88,102.0,16713559.0,1804799870.0,5.281,5.74
688505,复旦张江,7.73,7.72,7.73,7.67,7.67,7.88,7.63,3601140.0,27906527.0,0.782,0.06
688506,百利天恒,233.0,232.75,233.0,240.06,238.06,241.65,228.22,2787838.0,651646079.0,-2.941,-7.06
688507,索辰科技,186.6,186.58,186.6,162.91,167.0,187.79,165.09,13328100.0,2388645080.0,14.542,23.69
688508,芯朋微,93.96,93.45,93.96,91.0,91.61,105.38,91.23,13520894.0,1321063322.0,3.253,2.96
688509,正元地信,5.13,5.13,5.14,4.85,4.91,5.28,4.9,28805289.0,148019788.0,5.773,0.28
688510,XD航亚科,29.7,29.7,29.73,30.8,30.56,31.3,29.47,6974594.0,209115098.0,-3.571,-1.1
688511,天微电子,27.91,27.91,27.92,26.89,27.2,29.0,26.92,6347516.0,176092641.0,3.793,1.02
688512,慧智微,16.53,16.53,16.54,16.87,17.74,17.89,16.03,49068233.0,811664637.0,-2.015,-0.34
688513,苑东生物,49.51,49.5,49.51,55.16,55.0,55.5,48.0,3602454.0,180487058.0,-10.243,-5.65
688515,裕太微,227.37,227.13,227.37,216.08,215.13,228.3,205.88,5861565.0,1279202716.0,5.225,11.29
688516,奥特维,75.66,75.66,75.67,77.8,78.5,78.79,74.12,12292472.0,926338238.0,-2.751,-2.14
688517,金冠电气,23.83,23.82,23.83,23.43,23.34,24.35,23.3,4470386.0,106598003.0,1.707,0.4
688518,联赢激光,32.57,32.57,32.58,31.21,31.5,33.58,30.6,31642494.0,1018200124.0,4.358,1.36
688519,南亚新材,197.3,197.28,197.3,201.93,208.0,215.44,192.5,9895015.0,1992052290.0,-2.293,-4.63
688520,神州细胞,39.8,39.8,39.82,40.65,40.64,41.77,39.56,2659198.0,107289420.0,-2.091,-0.85
688521,芯原股份,286.27,286.27,286.28,275.75,273.94,289.85,266.0,24755606.0,6986326206.0,3.815,10.52
688522,纳睿雷达,33.67,33.67,33.68,33.9,34.3,34.44,33.36,3261233.0,110236429.0,-0.678,-0.23
688523,航天环宇,68.02,68.02,68.03,68.02,68.5,69.79,66.59,5954873.0,404669302.0,0.0,0.0
688525,佰维存储,320.77,320.77,320.78,312.25,312.0,322.79,303.36,36407198.0,11444187035.0,2.729,8.52
688526,科前生物,14.19,14.19,14.22,14.2,14.18,14.28,14.17,1236469.0,17569836.0,-0.07,-0.01
688528,秦川物联,12.6,12.6,12.64,13.05,12.95,14.58,12.42,5893314.0,75079883.0,-3.448,-0.45
688529,豪森智能,20.65,20.63,20.65,20.61,20.58,20.94,20.33,2174464.0,44830239.0,0.194,0.04
688530,欧莱新材,51.07,51.06,51.07,51.76,52.0,52.28,50.2,7930290.0,405887739.0,-1.333,-0.69
688531,日联科技,172.98,172.98,172.99,168.5,178.0,179.0,170.02,9565014.0,1667689855.0,2.659,4.48
688533,上声电子,27.59,27.55,27.59,27.58,27.61,28.02,27.3,1265545.0,34930660.0,0.036,0.01
688535,华海诚科,137.0,136.99,137.0,134.0,127.33,140.12,121.5,15191468.0,1973993226.0,2.239,3.0
688536,思瑞浦,321.28,321.28,322.0,298.99,305.0,325.0,302.1,6980979.0,2193064051.0,7.455,22.29
688538,和辉光电,2.46,2.46,2.47,2.38,2.38,2.49,2.37,163449819.0,400307864.0,3.361,0.08
688539,高华科技,38.02,38.02,38.03,38.43,38.88,39.6,37.28,2530903.0,96522844.0,-1.067,-0.41
688543,国科军工,47.66,47.66,47.67,47.43,47.27,47.97,46.68,4190587.0,197895079.0,0.485,0.23
688545,兴福电子,81.16,81.16,81.17,82.0,81.8,82.54,78.11,15615683.0,1258850825.0,-1.024,-0.84
688548,广钢气体,30.09,30.09,30.1,29.86,29.86,31.02,28.2,33636437.0,1000417383.0,0.77,0.23
688549,中巨芯,15.99,15.98,15.99,16.3,16.52,16.58,15.38,87753911.0,1392314105.0,-1.902,-0.31
688550,瑞联新材,51.43,51.43,51.45,50.52,50.95,53.58,50.11,8204107.0,427076720.0,1.801,0.91
688551,科威尔,71.92,71.92,71.93,67.01,69.19,75.99,68.0,5867520.0,423207702.0,7.327,4.91
688552,航天南湖,34.7,34.7,34.71,35.22,35.02,35.95,34.03,3593548.0,124521755.0,-1.476,-0.52
688553,汇宇制药,19.32,19.32,19.34,19.87,19.71,20.01,19.11,6898523.0,134310269.0,-2.768,-0.55
688556,高测股份,13.29,13.29,13.3,13.88,13.89,13.96,13.18,41470138.0,554067705.0,-4.251,-0.59
688557,兰剑智能,34.8,34.79,34.8,35.19,36.0,36.48,34.39,1492194.0,52267191.0,-1.108,-0.39
688558,国盛智科,40.78,40.78,40.8,41.09,41.26,41.66,40.1,2744648.0,111344034.0,-0.754,-0.31
688559,海目星,70.84,70.84,70.85,69.29,70.65,72.79,68.4,13248172.0,935580010.0,2.237,1.55
688560,明冠新材,16.18,16.15,16.18,16.3,16.39,16.43,15.84,5068317.0,81521569.0,-0.736,-0.12
688561,奇安信,29.6,29.6,29.61,29.54,29.65,30.13,29.29,5820764.0,172456826.0,0.203,0.06
688562,航天软件,18.97,18.95,18.97,18.04,18.29,19.69,18.29,7962221.0,151321352.0,5.155,0.93
688563,航材股份,56.62,56.62,56.75,56.25,56.38,57.22,55.68,3031540.0,171675425.0,0.658,0.37
688565,力源科技,11.91,11.9,11.91,12.37,12.44,12.59,11.75,3725790.0,44806246.0,-3.719,-0.46
688566,吉贝尔,25.72,25.72,25.74,26.5,26.78,26.81,25.66,1288014.0,33643081.0,-2.943,-0.78
688567,孚能科技,14.12,14.12,14.13,14.7,14.64,14.74,14.03,23660656.0,335990955.0,-3.946,-0.58
688568,中科星图,54.5,54.49,54.5,53.6,53.74,55.5,52.79,13834766.0,748106650.0,1.679,0.9
688569,铁科轨道,20.04,19.95,20.04,20.09,20.28,20.28,19.83,991399.0,19783455.0,-0.249,-0.05
688570,天玛智控,18.42,18.42,18.43,16.66,19.2,19.93,18.39,10079194.0,194607463.0,10.564,1.76
688571,杭华股份,9.79,9.79,9.8,9.97,9.97,10.07,9.6,14922625.0,145859498.0,-1.805,-0.18
688573,信宇人,23.12,23.11,23.12,24.29,24.21,24.93,22.68,5121046.0,119282864.0,-4.817,-1.17
688575,亚辉龙,11.09,11.07,11.09,11.23,11.24,11.33,11.0,7276938.0,80929879.0,-1.247,-0.14
688576,西山科技,79.6,79.6,79.9,80.4,80.4,81.99,78.05,570753.0,45358276.0,-0.995,-0.8
688577,浙海德曼,93.1,93.08,93.1,94.95,94.37,94.95,90.0,2886036.0,265996780.0,-1.948,-1.85
688578,艾力斯,90.37,90.37,90.38,92.26,92.09,92.28,90.2,3992019.0,362792481.0,-2.049,-1.89
688579,地纬智能,9.95,9.92,9.95,9.98,9.91,10.1,9.78,4415161.0,43693140.0,-0.301,-0.03
688580,伟思医疗,57.26,56.8,57.26,57.78,57.88,58.75,56.36,1477217.0,84776942.0,-0.9,-0.52
688581,安杰思,61.41,61.18,61.41,61.86,62.38,62.39,60.8,787222.0,48229756.0,-0.727,-0.45
688582,芯动联科,57.0,57.0,57.02,52.71,52.75,57.57,52.75,11260011.0,625433262.0,8.139,4.29
688583,思看科技,133.8,133.8,133.82,132.5,135.15,136.0,130.5,2397337.0,320106097.0,0.981,1.3
688584,上海合晶,27.73,27.72,27.73,26.65,26.4,28.19,25.6,31775458.0,859598895.0,4.053,1.08
688585,上纬新材,187.0,187.0,187.2,182.98,180.44,189.56,176.28,8702298.0,1583509406.0,2.197,4.02
688586,江航装备,14.51,14.49,14.51,13.86,14.0,14.69,13.99,15792081.0,227814610.0,4.69,0.65
688588,凌志软件,11.9,11.89,11.9,11.95,11.95,12.1,11.75,3523158.0,41757802.0,-0.418,-0.05
688589,力合微,24.95,24.94,24.95,24.3,24.31,25.0,24.08,6353517.0,157361842.0,2.675,0.65
688590,新致软件,16.63,16.63,16.64,17.49,17.2,17.49,16.46,12642669.0,212054558.0,-4.917,-0.86
688591,泰凌微,39.92,39.92,39.93,39.1,39.1,40.13,37.9,10494608.0,410532502.0,2.097,0.82
688592,司南导航,42.65,42.58,42.65,42.73,42.55,42.94,41.7,972422.0,41114402.0,-0.187,-0.08
688593,新相微,40.15,40.14,40.15,41.98,41.98,41.98,38.99,26710040.0,1071625979.0,-4.359,-1.83
688595,芯海科技,38.34,38.33,38.34,36.33,36.38,38.62,35.81,6412774.0,241514604.0,5.533,2.01
688596,正帆科技,46.3,46.29,46.3,46.74,47.04,47.18,44.56,21230902.0,977871416.0,-0.941,-0.44
688597,煜邦电力,8.3,8.29,8.3,8.47,8.48,8.69,8.06,6528351.0,54549636.0,-2.007,-0.17
688598,金博股份,34.47,34.47,34.48,34.62,35.0,35.67,33.5,11551437.0,396927025.0,-0.433,-0.15
688599,天合光能,16.72,16.71,16.72,17.01,16.96,17.13,16.5,42619724.0,713563303.0,-1.705,-0.29
688600,皖仪科技,27.4,27.28,27.4,27.42,27.7,27.81,26.79,3057671.0,83262045.0,-0.073,-0.02
688601,力芯微,64.93,64.92,64.93,65.38,65.31,66.98,63.77,6836359.0,447144331.0,-0.688,-0.45
688602,康鹏科技,7.4,7.4,7.41,7.39,7.42,7.57,7.31,6089426.0,45102087.0,0.135,0.01
688603,天承科技,183.0,183.0,183.05,170.82,186.2,189.66,176.49,12110481.0,2209894404.0,7.13,12.18
688605,先锋精科,79.73,79.73,79.74,80.35,79.18,81.79,76.22,10292120.0,815858952.0,-0.772,-0.62
688606,奥泰生物,49.46,49.46,49.56,49.8,49.82,50.56,49.15,402053.0,19990054.0,-0.683,-0.34
688607,康众医疗,65.15,65.11,65.15,67.49,67.0,67.01,61.64,4956973.0,317987709.0,-3.467,-2.34
688608,恒玄科技,186.78,186.78,186.79,184.97,184.97,188.98,180.12,6371449.0,1170759623.0,0.979,1.81
688609,九联科技,12.67,12.67,12.68,12.66,12.86,13.2,12.46,32189750.0,410404403.0,0.079,0.01
688610,埃科光电,202.28,202.28,202.78,205.0,200.9,202.28,185.02,3113192.0,596080156.0,-1.327,-2.72
688611,杭州柯林,75.37,75.34,75.37,74.72,74.7,76.8,72.68,2154130.0,161277692.0,0.87,0.65
688612,威迈斯,34.61,34.61,34.62,36.14,36.2,36.3,34.35,8034744.0,280994878.0,-4.234,-1.53
688613,奥精医疗,18.6,18.6,18.64,18.91,19.0,19.1,18.35,2658331.0,49729643.0,-1.639,-0.31
688615,合合信息,139.01,139.01,139.02,141.57,142.1,144.45,137.29,5267029.0,735553151.0,-1.808,-2.56
688616,西力科技,13.63,13.63,13.64,13.88,13.94,14.33,13.41,2837441.0,38949066.0,-1.801,-0.25
688617,惠泰医疗,220.45,220.45,220.46,217.2,215.2,224.07,212.21,2233607.0,484268392.0,1.496,3.25
688618,三旺通信,43.04,43.04,43.05,39.31,41.33,43.3,39.6,5566415.0,233068718.0,9.489,3.73
688619,罗普特,20.12,20.12,20.13,20.45,20.95,21.18,19.77,11446551.0,232424948.0,-1.614,-0.33
688620,安凯微,13.92,13.91,13.92,13.78,13.73,14.12,13.49,11477763.0,158408885.0,1.016,0.14
688621,阳光诺和,57.3,57.28,57.3,56.25,56.78,58.77,56.08,1778046.0,101970211.0,1.867,1.05
688622,*ST禾信,80.0,80.0,80.04,79.8,79.24,80.21,76.97,678886.0,53458384.0,0.251,0.2
688623,双元科技,98.1,98.1,98.15,101.78,101.78,101.88,97.79,1186887.0,117047478.0,-3.616,-3.68
688625,呈和科技,101.55,101.5,101.55,100.48,101.65,103.58,96.17,7220876.0,720564190.0,1.065,1.07
688626,翔宇医疗,57.14,57.14,57.2,56.71,57.42,58.74,56.41,1864593.0,107118469.0,0.758,0.43
688627,精智达,430.94,430.94,430.98,416.97,402.66,449.88,398.0,6767808.0,2869002437.0,3.35,13.97
688628,优利德,99.33,99.3,99.33,102.0,102.97,103.3,96.45,6484000.0,644772401.0,-2.618,-2.67
688629,华丰科技,153.92,153.91,153.92,141.03,148.33,159.8,148.0,31405832.0,4804763185.0,9.14,12.89
688630,芯碁微装,306.8,306.8,306.88,298.3,309.93,316.98,289.0,9698587.0,2931468578.0,2.849,8.5
688631,莱斯信息,54.39,54.39,54.4,54.56,54.12,55.05,52.23,2318552.0,124791291.0,-0.312,-0.17
688633,星球石墨,33.95,33.93,33.95,35.05,34.95,35.3,33.4,6730510.0,228511950.0,-3.138,-1.1
688636,智明达,40.54,40.54,40.56,40.69,41.0,41.2,39.5,4782446.0,192050981.0,-0.369,-0.15
688638,誉辰智能,39.45,39.45,39.48,42.04,42.18,42.61,38.8,1495011.0,59689445.0,-6.161,-2.59
688639,华恒生物,25.44,25.44,25.47,25.6,25.3,26.06,25.28,3316883.0,85013476.0,-0.625,-0.16
688646,ST逸飞,74.22,74.22,74.5,73.77,74.77,75.95,72.2,1385368.0,102838644.0,0.61,0.45
688648,中邮科技,45.81,45.81,45.88,46.48,46.7,49.34,45.46,3666410.0,172050723.0,-1.441,-0.67
688651,盛邦安全,42.41,42.41,42.52,42.39,42.51,43.0,41.62,1409473.0,59571614.0,0.047,0.02
688652,京仪装备,154.5,154.5,154.52,153.8,154.84,164.3,151.6,9553893.0,1493339145.0,0.455,0.7
688653,康希通信,16.48,16.48,16.49,15.95,15.88,16.66,15.77,13674406.0,222855186.0,3.323,0.53
688655,迅捷兴,57.12,57.11,57.12,62.14,63.23,63.23,54.46,17050145.0,974016188.0,-8.079,-5.02
688656,浩欧博,123.4,123.4,123.57,125.0,126.98,127.42,121.88,288191.0,35649584.0,-1.28,-1.6
688657,浩辰软件,38.51,38.47,38.51,39.04,38.8,40.8,37.6,2297690.0,88198660.0,-1.358,-0.53
688658,悦康药业,19.0,19.0,19.03,18.66,18.7,19.25,18.07,7396629.0,137662915.0,1.822,0.34
688659,元琛科技,11.59,11.59,11.63,11.77,11.79,12.21,11.38,4649340.0,54294834.0,-1.529,-0.18
688660,电气风电,11.35,11.35,11.36,11.77,11.67,11.74,11.16,23143036.0,262778278.0,-3.568,-0.42
688661,和林微纳,120.36,120.35,120.36,123.0,123.42,123.88,117.22,5294689.0,637813233.0,-2.146,-2.64
688662,富信科技,97.75,97.75,97.76,86.01,87.64,103.0,86.8,10896159.0,1020526493.0,13.65,11.74
688663,新风光,94.4,94.4,94.49,95.0,96.92,98.19,92.38,5671175.0,539078433.0,-0.632,-0.6
688665,四方光电,57.16,57.14,57.16,54.29,54.8,57.5,53.71,2711648.0,150738707.0,5.286,2.87
688667,菱电电控,139.81,139.81,140.4,142.11,142.9,145.67,138.5,1430385.0,201830450.0,-1.618,-2.3
688668,鼎通科技,280.38,280.36,280.38,273.0,276.05,288.86,273.54,5204612.0,1460961427.0,2.703,7.38
688669,聚石化学,38.78,38.77,38.78,36.91,40.11,40.11,36.5,6596390.0,249966465.0,5.066,1.87
688670,金迪克,18.88,18.87,18.88,19.31,19.68,19.86,18.56,1918692.0,36518184.0,-2.227,-0.43
688671,碧兴物联,28.53,28.53,28.54,26.22,26.21,29.27,26.21,4558657.0,128440061.0,8.81,2.31
688676,金盘科技,100.21,100.21,100.22,96.07,98.5,101.89,95.0,21639769.0,2129257794.0,4.309,4.14
688677,海泰新光,135.75,135.75,135.8,136.99,137.17,138.36,130.98,2780303.0,372768416.0,-0.905,-1.24
688678,福立旺,24.75,24.74,24.75,24.92,25.25,25.79,24.38,16936974.0,422235647.0,-0.682,-0.17
688679,通源环境,68.62,68.62,68.66,69.07,67.89,69.98,65.01,6017506.0,408745822.0,-0.652,-0.45
688680,海优新材,47.5,47.5,47.52,46.29,46.5,47.76,44.36,3711452.0,171317613.0,2.614,1.21
688681,科汇股份,19.56,19.56,19.57,20.24,20.26,20.52,19.37,2574157.0,51024503.0,-3.36,-0.68
688682,霍莱沃,51.6,51.59,51.6,49.88,49.9,53.63,49.51,4541862.0,234877220.0,3.448,1.72
688683,莱尔科技,42.5,42.36,42.5,43.67,44.0,44.0,39.97,2388737.0,101461250.0,-2.679,-1.17
688685,迈信林,53.99,53.98,53.99,54.41,55.0,56.33,53.5,5048659.0,273870587.0,-0.772,-0.42
688686,奥普特,152.7,152.69,152.7,154.27,154.27,156.68,141.74,4570156.0,676612033.0,-1.018,-1.57
688687,凯因科技,18.08,18.08,18.1,18.4,18.41,18.53,17.9,2792060.0,50618906.0,-1.739,-0.32
688689,银河微电,43.76,43.76,43.79,42.0,41.72,44.3,40.91,4693732.0,203530742.0,4.19,1.76
688690,纳微科技,35.74,35.74,35.75,36.21,36.66,37.4,35.5,10004262.0,361688192.0,-1.298,-0.47
688691,灿芯股份,133.0,132.99,133.0,122.7,122.5,138.5,122.43,16614293.0,2172358278.0,8.394,10.3
688692,达梦数据,270.02,270.0,270.02,261.68,261.0,275.66,258.01,1827808.0,486768910.0,3.187,8.34
688693,锴威特,123.83,123.83,124.0,119.99,120.05,131.0,116.54,5831899.0,723346892.0,3.2,3.84
688695,中创股份,24.48,24.42,24.48,24.88,24.97,25.33,24.33,1390448.0,34246926.0,-1.608,-0.4
688696,极米科技,83.61,83.61,83.65,83.55,83.5,84.43,80.84,997875.0,82127425.0,0.072,0.06
688697,纽威数控,24.19,24.19,24.2,24.49,24.49,24.5,23.39,15735928.0,375837553.0,-1.225,-0.3
688698,伟创电气,78.96,78.95,78.96,85.4,83.16,83.26,78.51,12782896.0,1027352374.0,-7.541,-6.44
688699,明微电子,68.7,68.7,68.71,64.91,65.22,69.47,62.9,7236191.0,485648353.0,5.839,3.79
688700,东威科技,83.48,83.48,83.49,80.45,84.0,84.99,80.99,18806808.0,1557305676.0,3.766,3.03
688701,卓锦股份,10.1,10.1,10.16,10.53,10.55,10.56,9.94,2741280.0,27961650.0,-4.084,-0.43
688702,盛科通信,317.1,317.09,317.1,305.23,308.0,325.0,290.0,9372032.0,2932421914.0,3.889,11.87
688707,振华新材,15.81,15.81,15.82,16.47,16.38,16.46,15.58,18720398.0,296930207.0,-4.007,-0.66
688708,佳驰科技,54.95,54.94,54.95,51.91,51.91,56.24,51.91,4374152.0,239296836.0,5.856,3.04
688709,成都华微,40.31,40.3,40.31,39.68,39.5,40.59,38.5,8569307.0,341724996.0,1.588,0.63
688710,益诺思,61.11,61.06,61.11,64.82,65.01,66.77,59.0,3223759.0,197114555.0,-5.724,-3.71
688711,宏微科技,36.94,36.94,36.95,33.55,34.0,38.25,33.92,23618211.0,862066364.0,10.104,3.39
688712,北芯生命,46.29,46.28,46.29,47.67,47.86,47.94,45.52,4249013.0,197314920.0,-2.895,-1.38
688716,中研股份,38.06,38.05,38.06,38.35,39.07,39.1,37.5,3003270.0,113960423.0,-0.756,-0.29
688717,艾罗能源,114.17,114.16,114.17,122.88,120.0,120.46,114.0,7775671.0,907024025.0,-7.088,-8.71
688718,唯赛勃,17.77,17.77,17.78,17.63,17.59,18.2,16.92,5088804.0,89219534.0,0.794,0.14
688719,爱科赛博,81.0,80.96,81.0,79.59,80.37,81.77,78.59,3081073.0,247464558.0,1.772,1.41
688720,艾森股份,105.28,105.28,105.3,93.37,97.69,109.6,95.9,10680005.0,1090935982.0,12.756,11.91
688721,龙图光罩,51.71,51.7,51.71,48.5,48.69,52.3,47.0,6539754.0,330031376.0,6.619,3.21
688722,同益中,18.56,18.55,18.56,18.76,18.79,18.98,18.36,3688930.0,68625517.0,-1.066,-0.2
688726,拉普拉斯,68.75,68.75,68.76,70.26,70.0,70.32,67.86,16120141.0,1110143161.0,-2.149,-1.51
688727,恒坤新材,61.88,61.88,61.89,59.7,60.5,62.59,58.7,9032063.0,548826805.0,3.652,2.18
688728,格科微,15.38,15.38,15.39,14.97,14.9,15.45,14.65,36290673.0,550726440.0,2.739,0.41
688729,屹唐股份,29.16,29.16,29.17,27.96,27.8,29.44,27.05,36266395.0,1025496572.0,4.292,1.2
688733,壹石通,36.21,36.21,36.22,36.18,36.28,37.46,35.41,7186068.0,258859995.0,0.083,0.03
688737,中自科技,31.23,31.23,31.3,30.02,29.95,31.37,29.95,3199361.0,98521949.0,4.031,1.21
688739,成大生物,22.19,22.18,22.19,22.39,22.45,22.59,22.02,1757063.0,39041057.0,-0.893,-0.2
688750,金天钛业,18.18,18.16,18.18,18.34,18.58,18.67,17.98,3365232.0,61383564.0,-0.872,-0.16
688755,汉邦科技,37.58,37.49,37.58,37.87,37.67,38.12,37.17,442707.0,16642850.0,-0.766,-0.29
688757,胜科纳米,38.29,38.22,38.29,35.22,35.99,39.75,35.52,11688256.0,439805584.0,8.717,3.07
688758,赛分科技,19.5,19.48,19.5,19.99,20.09,20.18,19.31,3332607.0,65531366.0,-2.451,-0.49
688759,必贝特,37.68,37.67,37.68,36.71,37.18,38.71,36.87,4726674.0,178395695.0,2.642,0.97
688765,禾元生物,55.28,55.28,55.29,55.48,56.0,57.0,54.99,1648643.0,92063752.0,-0.36,-0.2
688766,普冉股份,419.99,419.99,420.0,407.32,409.35,432.92,395.9,7505154.0,3136886448.0,3.111,12.67
688767,博拓生物,38.35,38.35,38.36,40.04,39.78,41.3,37.6,3323196.0,129769859.0,-4.221,-1.69
688768,容知日新,55.7,55.68,55.7,52.49,54.0,56.9,53.18,3922174.0,216262841.0,6.115,3.21
688772,珠海冠宇,16.76,16.76,16.77,17.16,17.25,17.25,16.53,42777885.0,717387218.0,-2.331,-0.4
688775,影石创新,186.75,186.75,186.8,188.91,188.0,189.97,184.15,1520269.0,283179487.0,-1.143,-2.16
688776,国光电气,77.78,77.78,77.8,78.47,78.53,79.62,76.0,2121263.0,164562689.0,-0.879,-0.69
688777,中控技术,87.82,87.82,87.84,86.16,85.64,89.63,83.66,27252269.0,2361339307.0,1.927,1.66
688778,厦钨新能,68.4,68.39,68.4,70.31,70.32,70.8,67.51,5845035.0,399838692.0,-2.717,-1.91
688779,五矿新能,9.42,9.42,9.43,9.68,9.7,9.75,9.29,39496948.0,373207173.0,-2.686,-0.26
688781,视涯科技,52.78,52.78,52.8,49.23,49.98,53.66,48.56,7482084.0,379822289.0,7.211,3.55
688783,西安奕材,33.12,33.12,33.13,33.38,33.02,33.86,31.75,23904540.0,781087985.0,-0.779,-0.26
688785,恒运昌,419.08,419.08,419.88,425.12,426.12,433.0,402.04,1137955.0,471304184.0,-1.421,-6.04
688786,悦安新材,37.45,37.39,37.45,36.58,36.2,38.23,35.56,8609089.0,319488355.0,2.378,0.87
688787,海天瑞声,150.76,150.76,150.77,148.01,153.3,158.0,147.14,3854731.0,586009975.0,1.858,2.75
688788,科思科技,50.08,50.08,50.09,53.0,53.53,53.78,49.28,3598547.0,182068547.0,-5.509,-2.92
688789,宏华数科,57.22,57.22,57.35,58.19,58.5,58.74,56.6,1897548.0,109231834.0,-1.667,-0.97
688790,昂瑞微,153.79,153.79,153.85,150.79,151.0,154.95,148.99,907083.0,138548201.0,1.99,3.0
688793,倍轻松,21.45,21.45,21.6,21.88,22.15,22.42,21.34,2348624.0,50950594.0,-1.965,-0.43
688795,摩尔线程,726.5,726.48,726.5,691.5,693.99,729.98,682.0,4754466.0,3398026146.0,5.061,35.0
688796,百奥赛图,106.66,106.66,106.68,104.53,103.5,108.7,102.6,1773170.0,187974010.0,2.038,2.13
688798,艾为电子,78.45,78.45,78.46,73.18,73.35,79.23,72.27,8434631.0,645472178.0,7.201,5.27
688799,华纳药厂,53.42,53.42,53.47,54.18,54.21,54.88,52.88,3235630.0,173289001.0,-1.403,-0.76
688800,瑞可达,136.23,136.1,136.23,136.73,137.1,139.0,130.3,8775299.0,1176074262.0,-0.366,-0.5
688802,沐曦股份,754.1,754.05,754.1,728.45,724.61,765.0,720.0,2730010.0,2031437222.0,3.521,25.65
688805,健信超导,60.0,60.0,60.01,60.66,61.01,61.01,57.92,5256296.0,313173030.0,-1.088,-0.66
688807,优迅股份,508.82,508.82,508.85,473.56,478.0,508.98,478.0,2504229.0,1239321700.0,7.446,35.26
688808,联讯仪器,1813.48,1813.48,1814.0,1755.0,1713.0,1898.88,1688.98,2895529.0,5196507324.0,3.332,58.48
688809,强一股份,511.14,511.14,511.21,502.0,496.98,525.87,480.8,3200488.0,1597109866.0,1.821,9.14
688811,有研复材,33.84,33.84,33.85,34.22,33.8,34.21,31.8,18162569.0,606535927.0,-1.11,-0.38
688813,泰金新能,145.85,145.85,145.87,144.33,141.4,148.6,137.0,4597851.0,650253486.0,1.053,1.52
688816,易思维,69.09,69.09,69.11,70.75,70.11,70.74,68.5,1920323.0,132560755.0,-2.346,-1.66
688818,电科蓝天,77.19,77.19,77.2,79.85,80.6,80.77,73.82,20808062.0,1600713681.0,-3.331,-2.66
688819,天能股份,25.8,25.8,25.81,26.28,26.38,26.38,25.41,3897577.0,100442881.0,-1.826,-0.48
688820,盛合晶微,213.93,213.93,213.99,187.95,185.0,215.8,180.92,48323091.0,9583830656.0,13.823,25.98
688981,中芯国际,156.0,156.0,156.01,131.33,136.0,157.6,136.0,252180226.0,37253708024.0,18.785,24.67
000001,平安银行,10.68,10.68,10.69,10.68,10.68,10.76,10.64,66310295.0,709614128.0,0.0,0.0
000002,万 科Ａ,3.49,3.48,3.49,3.46,3.46,3.52,3.43,95010058.0,330193189.0,0.867,0.03
000004,*ST国华,2.76,0.0,0.0,2.76,0.0,0.0,0.0,0.0,0.0,0.0,0.0
000006,深振业Ａ,10.42,10.41,10.42,10.88,10.89,10.94,10.13,51773742.0,538019190.0,-4.228,-0.46
000007,全新好,12.59,12.59,12.6,12.46,13.47,13.68,12.12,26407040.0,334385221.0,1.043,0.13
000008,神州高铁,2.61,2.61,2.62,2.62,2.61,2.62,2.59,28622394.0,74494902.0,-0.382,-0.01
000009,中国宝安,7.54,7.54,7.55,7.76,7.73,7.75,7.5,26094412.0,197355217.0,-2.835,-0.22
000010,*ST美丽,2.12,0.0,2.12,2.23,2.2,2.21,2.12,36460482.0,77779150.0,-4.933,-0.11
000011,深物业A,7.49,7.49,7.5,7.56,7.59,7.61,7.44,3032900.0,22745432.0,-0.926,-0.07
000012,南 玻Ａ,4.6,4.6,4.61,4.4,4.41,4.83,4.3,200909347.0,919874599.0,4.545,0.2
000014,沙河股份,11.18,11.17,11.18,11.37,11.33,11.45,11.09,5292161.0,59376693.0,-1.671,-0.19
000016,*ST康佳A,3.47,3.47,0.0,3.3,3.28,3.47,3.25,45871506.0,155324930.0,5.152,0.17
000017,深中华A,5.65,5.65,5.67,5.71,5.7,5.78,5.62,5893948.0,33514640.0,-1.051,-0.06
000019,深粮控股,6.61,6.61,6.62,6.73,6.72,6.75,6.54,10371210.0,68847283.0,-1.783,-0.12
000020,深华发Ａ,12.98,12.98,13.0,13.21,13.29,13.3,12.86,4467000.0,58219863.0,-1.741,-0.23
000021,深科技,41.15,41.15,41.16,37.73,38.21,41.5,37.8,237939794.0,9437023416.0,9.064,3.42
000025,特 力Ａ,14.71,14.7,14.71,14.88,15.0,15.05,14.62,2909633.0,42921241.0,-1.142,-0.17
000026,飞亚达,27.04,27.04,27.05,25.55,25.55,27.79,25.23,43334189.0,1152157629.0,5.832,1.49
000027,深圳能源,7.56,7.56,7.57,7.31,7.31,7.57,7.28,51105681.0,381192946.0,3.42,0.25
000028,国药一致,23.7,23.7,23.71,23.8,23.8,23.91,23.7,1575096.0,37392047.0,-0.42,-0.1
000029,深深房Ａ,24.77,24.77,24.78,25.5,25.58,25.9,24.69,10121777.0,254384205.0,-2.863,-0.73
000030,富奥股份,4.76,4.75,4.76,4.71,4.71,4.78,4.7,10054030.0,47666962.0,1.062,0.05
000031,大悦城,2.66,2.65,2.66,2.64,2.64,2.7,2.62,30245078.0,80282320.0,0.758,0.02
000032,深桑达Ａ,18.9,18.89,18.9,19.19,19.19,19.26,18.51,26494683.0,499485359.0,-1.511,-0.29
000034,神州数码,29.52,29.52,29.53,29.07,29.5,29.8,28.88,56391143.0,1655234409.0,1.548,0.45
000035,中国天楹,5.93,5.93,5.94,5.99,5.99,6.02,5.9,34258261.0,203737738.0,-1.002,-0.06
000036,华联控股,5.38,5.38,5.39,5.44,5.43,5.48,5.29,30574830.0,164151213.0,-1.103,-0.06
000037,深南电A,10.0,10.0,10.01,9.89,9.9,10.14,9.89,14944401.0,149622850.0,1.112,0.11
000039,中集集团,10.12,10.11,10.12,10.33,10.34,10.6,10.08,47909617.0,492484481.0,-2.033,-0.21
000042,中洲控股,10.14,10.13,10.14,10.03,10.12,10.28,10.05,4814736.0,48980349.0,1.097,0.11
000045,深纺织Ａ,12.07,12.06,12.07,12.2,12.25,12.29,11.9,8096700.0,97378522.0,-1.066,-0.13
000048,京基智农,13.42,13.42,13.43,13.61,13.67,13.83,13.33,7787862.0,104980653.0,-1.396,-0.19
000049,德赛电池,26.89,26.89,26.9,27.42,27.39,27.46,26.58,9725718.0,260883781.0,-1.933,-0.53
000050,深天马Ａ,8.06,8.06,8.07,7.95,7.94,8.22,7.89,65138690.0,525165273.0,1.384,0.11
000055,方大集团,3.57,3.57,3.58,3.59,3.61,3.66,3.53,10783388.0,38742197.0,-0.557,-0.02
000056,*ST皇庭,1.32,1.32,0.0,1.26,1.29,1.32,1.29,15517016.0,20338072.0,4.762,0.06
000058,深 赛 格,7.55,7.55,7.56,7.58,7.59,7.65,7.47,5434640.0,41014130.0,-0.396,-0.03
000059,华锦股份,4.58,4.58,4.59,4.71,4.71,4.73,4.55,24836557.0,114723633.0,-2.76,-0.13
000060,中金岭南,7.7,7.7,7.71,7.57,7.76,7.99,7.54,346522204.0,2676028293.0,1.717,0.13
000061,农 产 品,6.56,6.56,6.57,6.53,6.54,6.59,6.46,11699991.0,76394993.0,0.459,0.03
000062,深圳华强,36.18,36.18,36.19,34.63,34.77,37.27,33.42,96069627.0,3418912035.0,4.476,1.55
000063,中兴通讯,36.27,36.27,36.28,35.64,35.85,36.33,35.7,93430940.0,3369327133.0,1.768,0.63
000065,北方国际,13.06,13.06,13.07,12.19,12.61,13.26,12.53,41844236.0,537107913.0,7.137,0.87
000066,中国长城,20.58,20.57,20.58,20.93,20.58,20.78,19.8,269812171.0,5489259964.0,-1.672,-0.35
000068,华控赛格,3.1,3.09,3.1,3.1,3.11,3.16,3.08,11292206.0,35119948.0,0.0,0.0
000069,华侨城Ａ,1.97,1.97,1.98,1.95,1.94,1.99,1.94,36573517.0,71866925.0,1.026,0.02
000070,特发信息,18.32,18.31,18.32,18.48,18.51,18.72,17.9,57108575.0,1039201831.0,-0.866,-0.16
000078,ST海王,1.63,1.63,1.64,1.63,1.56,1.7,1.55,199286184.0,319504973.0,0.0,0.0
000088,盐 田 港,4.48,4.47,4.48,4.48,4.49,4.51,4.46,17126587.0,76775981.0,0.0,0.0
000089,深圳机场,6.78,6.77,6.78,6.7,6.75,6.82,6.75,10413900.0,70640705.0,1.194,0.08
000090,天健集团,3.33,3.33,3.34,3.31,3.32,3.34,3.29,11509595.0,38163548.0,0.604,0.02
000096,广聚能源,8.45,8.45,8.46,8.63,8.62,8.66,8.42,7954078.0,67589146.0,-2.086,-0.18
000099,中信海直,16.82,16.81,16.82,16.57,16.59,17.02,16.55,9894807.0,165681670.0,1.509,0.25
000100,TCL科技,4.44,4.44,4.45,4.38,4.38,4.51,4.33,1238183920.0,5468638541.0,1.37,0.06
000151,中成股份,11.53,11.53,11.54,11.57,11.75,11.85,11.42,6844212.0,79329553.0,-0.346,-0.04
000153,丰原药业,5.95,5.94,5.95,6.0,6.0,6.06,5.87,5976220.0,35563058.0,-0.833,-0.05
000155,川能动力,14.28,14.27,14.28,14.3,14.25,14.46,14.0,41750836.0,594649977.0,-0.14,-0.02
000156,华数传媒,7.33,7.33,7.34,7.22,7.22,7.38,7.2,10995508.0,80362523.0,1.524,0.11
000157,中联重科,7.48,7.47,7.48,7.3,7.35,7.5,7.3,75023045.0,557259397.0,2.466,0.18
000158,常山北明,16.49,16.48,16.49,15.45,15.6,16.91,15.3,60057622.0,973310189.0,6.731,1.04
000159,国际实业,6.92,6.91,6.92,7.09,7.09,7.19,6.86,28212201.0,196506996.0,-2.398,-0.17
000166,申万宏源,4.45,4.45,4.46,4.42,4.44,4.47,4.41,73147050.0,324787403.0,0.679,0.03
000301,东方盛虹,12.39,12.39,12.42,12.39,12.39,12.69,12.28,25403192.0,317195581.0,0.0,0.0
000333,美的集团,79.81,79.81,79.82,80.28,80.0,80.14,78.79,23127455.0,1842662846.0,-0.585,-0.47
000338,潍柴动力,35.1,35.08,35.1,34.01,34.02,35.26,33.25,88161200.0,3047587438.0,3.205,1.09
000400,许继电气,26.7,26.7,26.71,25.92,26.6,27.35,26.38,26560024.0,710238875.0,3.009,0.78
000401,金隅冀东,3.99,3.98,3.99,3.98,3.99,4.0,3.95,6570220.0,26116282.0,0.251,0.01
000402,金 融 街,3.0,2.99,3.0,2.93,2.91,3.01,2.9,54643228.0,162326597.0,2.389,0.07
000403,派林生物,12.16,12.16,12.17,11.51,11.51,12.42,11.46,35057726.0,423874974.0,5.647,0.65
000404,长虹华意,9.19,9.19,9.2,9.73,9.7,9.7,9.08,44498489.0,412934262.0,-5.55,-0.54
000407,胜利股份,4.47,4.46,4.47,4.74,4.68,4.68,4.45,37010480.0,167342995.0,-5.696,-0.27
000408,藏格矿业,79.2,79.2,79.21,80.96,82.16,83.18,79.08,14717680.0,1184290673.0,-2.174,-1.76
000409,云鼎科技,10.51,10.51,0.0,9.55,10.51,10.51,10.51,10533228.0,110704226.0,10.052,0.96
000410,沈阳机床,5.72,5.72,5.73,5.8,5.79,5.84,5.65,20237683.0,115595019.0,-1.379,-0.08
000411,英特集团,12.11,12.11,12.12,12.12,12.03,12.27,11.99,19034621.0,230954111.0,-0.083,-0.01
000415,渤海租赁,4.41,4.4,4.41,4.14,4.2,4.48,4.2,101619120.0,443427039.0,6.522,0.27
000417,合百集团,10.35,10.35,10.36,10.24,9.92,10.79,9.62,229034746.0,2360178092.0,1.074,0.11
000419,通程控股,5.35,5.34,5.35,5.33,5.33,5.45,5.28,8741200.0,46785324.0,0.375,0.02
000420,吉林化纤,4.71,4.71,4.72,4.8,4.84,4.87,4.66,81191665.0,384029861.0,-1.875,-0.09
000421,南京公用,5.97,5.97,5.98,6.07,6.07,6.12,5.94,6517500.0,39094879.0,-1.647,-0.1
000422,湖北宜化,14.23,14.22,14.23,14.37,14.42,14.46,14.18,18835692.0,268924972.0,-0.974,-0.14
000423,东阿阿胶,48.21,48.21,48.23,48.09,48.0,48.54,47.22,5040900.0,242336282.0,0.25,0.12
000425,徐工机械,9.76,9.76,9.77,9.65,9.8,9.98,9.67,105497791.0,1037923518.0,1.14,0.11
000426,兴业银锡,41.76,41.76,41.77,41.47,42.6,43.18,41.12,55359957.0,2317417905.0,0.699,0.29
000428,华天酒店,3.68,3.68,3.69,3.7,3.68,3.77,3.65,14742700.0,54729162.0,-0.541,-0.02
000429,粤高速Ａ,13.53,13.53,13.54,13.29,13.29,13.55,13.15,7187720.0,96495172.0,1.806,0.24
000430,张家界,7.16,7.16,7.17,7.29,7.3,7.35,7.16,6869674.0,49530658.0,-1.783,-0.13
000488,ST晨鸣,2.3,2.29,2.3,2.29,2.29,2.32,2.27,10589121.0,24295847.0,0.437,0.01
000498,山东路桥,5.24,5.24,5.25,5.27,5.28,5.29,5.23,6414228.0,33679123.0,-0.569,-0.03
000501,武商集团,7.63,7.63,7.64,7.52,7.52,7.69,7.51,5232312.0,39831659.0,1.463,0.11
000503,国新健康,7.15,7.14,7.15,7.25,7.25,7.3,7.06,13084561.0,93414924.0,-1.379,-0.1
000504,*ST生物,9.57,9.57,9.58,9.49,9.5,9.61,9.43,3834200.0,36522502.0,0.843,0.08
000505,京粮控股,6.15,6.14,6.15,6.23,6.23,6.24,6.1,7227041.0,44375388.0,-1.284,-0.08
000506,招金黄金,14.0,14.0,14.01,14.2,14.5,14.7,14.0,28403715.0,405533060.0,-1.408,-0.2
000507,珠海港,5.19,5.19,5.2,5.21,5.22,5.25,5.16,13701729.0,71308526.0,-0.384,-0.02
000509,华塑控股,4.31,4.31,0.0,3.92,3.95,4.31,3.95,127960265.0,538588943.0,9.949,0.39
000510,新金路,16.43,16.43,0.0,14.94,15.62,16.43,15.6,114929759.0,1865677569.0,9.973,1.49
000513,丽珠集团,30.69,30.69,30.7,30.8,30.75,30.87,30.54,3194593.0,97882059.0,-0.357,-0.11
000514,渝 开 发,4.53,4.53,4.54,4.5,4.55,4.57,4.49,7396668.0,33549965.0,0.667,0.03
000516,国际医学,4.42,4.41,4.42,4.39,4.39,4.42,4.34,19620499.0,85834379.0,0.683,0.03
000517,荣安地产,1.9,1.9,1.91,1.89,1.91,1.94,1.88,24907643.0,47500986.0,0.529,0.01
000518,四环生物,4.54,4.54,0.0,4.13,3.87,4.54,3.72,322413387.0,1301657902.0,9.927,0.41
000519,中兵红箭,18.93,18.92,18.93,17.91,17.95,18.99,17.89,83179144.0,1547117446.0,5.695,1.02
000520,凤凰航运,3.89,3.88,3.89,3.86,3.89,3.95,3.85,14975840.0,58322202.0,0.777,0.03
000521,长虹美菱,5.45,5.45,5.46,5.47,5.5,5.5,5.42,4621377.0,25195704.0,-0.366,-0.02
000523,红棉股份,3.27,3.27,3.28,3.25,3.25,3.3,3.22,18513422.0,60434182.0,0.615,0.02
000524,岭南控股,9.32,9.31,9.32,9.09,9.11,9.35,9.11,7345200.0,68141165.0,2.53,0.23
000525,红太阳,4.93,4.92,4.93,5.02,5.02,5.05,4.92,15348766.0,76061551.0,-1.793,-0.09
000526,学大教育,31.31,31.31,31.32,31.4,31.68,31.85,31.0,1460201.0,45892727.0,-0.287,-0.09
000528,柳 工,9.24,9.23,9.24,9.16,9.19,9.28,9.15,23624512.0,217667723.0,0.873,0.08
000529,广弘控股,5.24,5.24,5.25,5.27,5.25,5.3,5.19,3118900.0,16316949.0,-0.569,-0.03
000530,冰山冷热,5.65,5.64,5.65,5.74,5.75,5.81,5.62,12699718.0,72202671.0,-1.568,-0.09
000531,穗恒运Ａ,7.17,7.17,7.18,7.03,7.03,7.24,7.02,17888882.0,128018171.0,1.991,0.14
000532,华金资本,13.42,13.42,13.43,13.64,13.9,13.99,13.3,22279904.0,301086068.0,-1.613,-0.22
000533,顺钠股份,12.31,12.31,12.32,12.32,12.45,12.72,12.21,30008356.0,372013907.0,-0.081,-0.01
000534,万泽股份,36.0,36.0,36.01,35.91,35.99,36.78,35.27,16093987.0,578375941.0,0.251,0.09
000536,华映科技,4.39,4.39,4.4,4.38,4.29,4.47,4.2,176135166.0,761467013.0,0.228,0.01
000537,绿发电力,10.42,10.41,10.42,10.26,10.26,10.53,10.25,35212088.0,366286477.0,1.559,0.16
000538,云南白药,49.47,49.46,49.47,49.8,49.74,49.9,49.33,6009888.0,297899793.0,-0.663,-0.33
000539,粤电力Ａ,6.76,6.75,6.76,6.53,6.55,6.78,6.54,87803335.0,588119897.0,3.522,0.23
000541,佛山照明,5.05,5.04,5.05,5.18,5.13,5.16,5.02,12873666.0,65217037.0,-2.51,-0.13
000543,皖能电力,8.98,8.97,8.98,8.73,8.7,9.04,8.66,68400785.0,608648367.0,2.864,0.25
000544,中原环保,8.06,8.05,8.06,8.08,8.06,8.12,8.01,3140886.0,25301308.0,-0.248,-0.02
000545,金浦钛业,2.67,2.66,2.67,2.68,2.71,2.71,2.62,30521300.0,81121027.0,-0.373,-0.01
000546,金圆股份,5.93,5.93,5.94,6.13,6.14,6.18,5.88,36262400.0,216840668.0,-3.263,-0.2
000547,航天发展,23.45,23.44,23.45,23.7,23.96,24.12,23.19,77125941.0,1816636990.0,-1.055,-0.25
000548,湖南投资,5.28,5.27,5.28,5.26,5.31,5.42,5.16,16270802.0,85825071.0,0.38,0.02
000550,江铃汽车,17.14,17.13,17.14,17.56,17.51,17.62,17.02,5035140.0,86774863.0,-2.392,-0.42
000551,创元科技,17.11,17.11,17.12,17.34,17.42,17.78,16.7,25530181.0,435382494.0,-1.326,-0.23
000552,甘肃能化,2.69,2.69,2.7,2.65,2.72,2.76,2.68,65140784.0,176885747.0,1.509,0.04
000553,安道麦A,6.5,6.5,6.51,6.5,6.5,6.63,6.46,9460300.0,61887942.0,0.0,0.0
000554,泰山石油,7.04,7.03,7.04,7.33,7.21,7.22,6.99,18111878.0,128204182.0,-3.956,-0.29
000555,神州信息,14.25,14.24,14.25,13.9,13.52,14.28,13.5,65138754.0,906909557.0,2.518,0.35
000557,西部创业,4.32,4.32,4.33,4.4,4.36,4.4,4.31,9670904.0,42059971.0,-1.818,-0.08
000558,天府文旅,3.75,3.75,3.76,3.75,3.79,3.79,3.69,16987527.0,63360528.0,0.0,0.0
000559,万向钱潮,17.45,17.45,17.46,17.91,17.9,17.99,17.25,99549964.0,1743318604.0,-2.568,-0.46
000560,我爱我家,2.86,2.85,2.86,2.85,2.85,2.88,2.83,61775436.0,175978014.0,0.351,0.01
000561,烽火电子,8.8,8.8,8.81,8.95,8.96,9.04,8.71,9264269.0,81884111.0,-1.676,-0.15
000563,陕国投Ａ,3.03,3.02,3.03,3.03,3.03,3.05,3.01,28782102.0,87015925.0,0.0,0.0
000564,供销大集,1.8,1.8,0.0,1.64,1.6,1.8,1.58,840524577.0,1450774149.0,9.756,0.16
000565,渝三峡Ａ,7.5,7.5,7.52,7.71,7.7,7.78,7.43,10331422.0,78134939.0,-2.724,-0.21
000566,海南海药,4.23,4.22,4.23,4.28,4.27,4.31,4.17,24057500.0,101490861.0,-1.168,-0.05
000567,海德股份,6.18,6.17,6.18,6.11,6.12,6.26,6.07,19208037.0,118290462.0,1.146,0.07
000568,泸州老窖,91.85,91.84,91.85,90.02,89.41,93.5,88.88,13688897.0,1258517274.0,2.033,1.83
000570,苏常柴Ａ,5.91,5.91,5.92,6.13,6.13,6.17,5.88,18710800.0,111559313.0,-3.589,-0.22
000571,新大洲A,5.74,5.74,5.75,5.85,5.96,6.01,5.57,31303905.0,178407235.0,-1.88,-0.11
000572,海马汽车,4.83,4.83,4.84,4.9,4.93,4.98,4.81,28986560.0,140841307.0,-1.429,-0.07
000573,粤宏远Ａ,4.46,4.46,4.47,4.59,4.61,4.64,4.41,20557876.0,92415257.0,-2.832,-0.13
000576,甘化科工,8.08,8.07,8.08,8.2,8.21,8.29,8.0,8877800.0,71875644.0,-1.463,-0.12
000581,威孚高科,19.75,19.75,19.76,19.7,19.75,19.97,19.62,9432038.0,186835169.0,0.254,0.05
000582,北部湾港,12.89,12.89,12.9,12.38,12.3,13.12,12.17,67581858.0,858058982.0,4.12,0.51
000586,汇源通信,17.99,17.99,18.0,17.62,17.62,18.14,17.02,16705742.0,294575146.0,2.1,0.37
000589,贵州轮胎,4.73,4.73,4.75,4.74,4.72,4.77,4.7,19664300.0,93091009.0,-0.211,-0.01
000590,古汉医药,10.33,10.31,10.33,10.44,10.44,10.58,10.24,4383800.0,45660015.0,-1.054,-0.11
000591,太阳能,6.04,6.03,6.04,5.82,5.85,6.05,5.75,201018015.0,1194818150.0,3.78,0.22
000592,平潭发展,9.73,9.73,9.74,10.02,9.99,10.03,9.64,133146449.0,1301860108.0,-2.894,-0.29
000593,德龙汇能,22.3,22.3,22.31,23.21,23.16,23.24,22.01,21389812.0,479306511.0,-3.921,-0.91
000595,*ST宝实,8.05,8.04,8.05,7.93,8.1,8.2,7.84,24691902.0,198055653.0,1.513,0.12
000596,古井贡酒,93.55,93.55,93.56,92.25,92.0,94.89,91.09,3707321.0,347204373.0,1.409,1.3
000597,东北制药,4.76,4.76,4.77,4.76,4.74,4.78,4.72,7641152.0,36289897.0,0.0,0.0
000598,兴蓉环境,6.72,6.71,6.72,6.58,6.6,6.73,6.6,26482280.0,176823540.0,2.128,0.14
000599,青岛双星,5.47,5.46,5.47,5.55,5.54,5.62,5.42,15096500.0,82874737.0,-1.441,-0.08
000600,建投能源,10.28,10.28,10.29,10.13,10.03,10.3,9.85,63731328.0,646521304.0,1.481,0.15
000601,韶能股份,7.56,7.55,7.56,7.33,7.45,7.62,7.34,96733759.0,725838516.0,3.138,0.23
000603,盛达资源,34.02,34.01,34.02,33.05,33.7,34.05,32.88,16710098.0,561789883.0,2.935,0.97
000605,渤海股份,6.67,6.67,6.69,6.8,6.78,6.85,6.59,5936300.0,39838470.0,-1.912,-0.13
000607,华媒控股,3.76,3.76,3.77,3.8,3.85,3.86,3.73,11984600.0,45388206.0,-1.053,-0.04
000608,阳光股份,3.74,3.73,3.74,3.88,3.83,3.86,3.65,31714030.0,118121103.0,-3.608,-0.14
000609,*ST中迪,14.42,14.42,14.43,14.08,13.88,14.68,13.56,14024299.0,198134327.0,2.415,0.34
000610,*ST西旅,7.54,7.53,7.54,7.65,7.63,7.66,7.48,3510600.0,26555632.0,-1.438,-0.11
000612,焦作万方,12.28,12.27,12.28,12.47,12.55,12.6,12.19,36999470.0,456590090.0,-1.524,-0.19
000615,*ST美谷,3.61,3.61,3.62,3.56,3.6,3.7,3.58,18419990.0,66868657.0,1.404,0.05
000617,中油资本,7.99,7.98,7.99,8.13,8.09,8.15,7.89,116256264.0,928527850.0,-1.722,-0.14
000619,海螺新材,5.86,5.86,5.87,5.96,5.95,6.03,5.8,7277300.0,42897790.0,-1.678,-0.1
000620,盈新发展,3.11,3.11,3.12,3.13,3.1,3.18,3.08,175073998.0,546576727.0,-0.639,-0.02
000623,吉林敖东,17.45,17.45,17.46,17.42,17.51,17.58,17.29,7912537.0,137951158.0,0.172,0.03
000625,长安汽车,8.38,8.38,8.39,8.44,8.42,8.44,8.32,67755861.0,567461832.0,-0.711,-0.06
000626,远大控股,7.86,7.86,7.87,8.01,8.05,8.1,7.79,8721800.0,68999432.0,-1.873,-0.15
000628,高新发展,58.8,58.8,58.81,59.38,60.44,60.8,56.4,14440619.0,841786303.0,-0.977,-0.58
000629,钒钛股份,3.66,3.65,3.66,3.74,3.73,3.78,3.62,136338942.0,498553772.0,-2.139,-0.08
000630,铜陵有色,6.74,6.74,6.75,6.36,6.5,6.85,6.45,686901301.0,4627137790.0,5.975,0.38
000631,顺发恒能,3.28,3.27,3.28,3.21,3.2,3.34,3.19,23991073.0,78369960.0,2.181,0.07
000632,ST三木,4.02,4.01,4.02,3.9,3.9,4.08,3.9,21234223.0,84864119.0,3.077,0.12
000633,合金投资,6.18,6.18,6.19,6.18,6.21,6.35,6.12,10687600.0,66442244.0,0.0,0.0
000635,英 力 特,7.38,7.38,7.39,7.52,7.51,7.77,7.34,7334000.0,54952856.0,-1.862,-0.14
000636,风华高科,41.38,41.38,0.0,37.62,41.38,41.38,41.38,8720405.0,360850359.0,9.995,3.76
000637,茂化实华,4.44,4.44,4.45,4.56,4.56,4.62,4.38,10734647.0,47956308.0,-2.632,-0.12
000638,*ST万方,0.89,0.0,0.0,0.89,0.0,0.0,0.0,0.0,0.0,0.0,0.0
000639,ST西王,1.63,1.62,1.63,1.58,1.58,1.66,1.58,53028357.0,86252156.0,3.165,0.05
000650,仁和药业,5.41,5.41,5.42,5.38,5.38,5.43,5.36,9360500.0,50529069.0,0.558,0.03
000651,格力电器,38.63,38.63,38.64,38.74,38.74,39.12,38.4,32513283.0,1261335417.0,-0.284,-0.11
000652,泰达股份,3.8,3.8,3.81,3.83,3.84,3.84,3.75,16992476.0,64256549.0,-0.783,-0.03
000655,金岭矿业,7.62,7.62,7.63,7.59,7.6,7.71,7.47,8596740.0,65182380.0,0.395,0.03
000656,*ST金科,1.44,1.44,1.45,1.47,1.45,1.46,1.44,83601528.0,120933268.0,-2.041,-0.03
000657,中钨高新,64.21,64.2,64.21,62.38,64.8,65.3,62.2,114812248.0,7320851994.0,2.934,1.83
000659,珠海中富,4.05,4.04,4.05,4.14,4.12,4.15,4.02,26699310.0,108316546.0,-2.174,-0.09
000661,长春高新,79.76,79.76,79.77,78.84,78.98,81.0,77.75,4937578.0,391193172.0,1.167,0.92
000663,永安林业,6.39,6.38,6.39,6.47,6.48,6.66,6.32,6864901.0,44235272.0,-1.236,-0.08
000665,湖北广电,4.65,4.65,4.66,4.59,4.59,4.73,4.58,16691460.0,78045269.0,1.307,0.06
000668,*ST荣控,17.77,17.77,17.85,17.9,18.07,18.07,17.65,1037400.0,18468584.0,-0.726,-0.13
000669,ST金鸿,4.16,4.15,4.16,4.17,4.17,4.25,4.06,16464120.0,68118840.0,-0.24,-0.01
000670,盈方微,9.25,9.24,9.25,8.9,9.11,9.79,9.01,186579589.0,1739471490.0,3.933,0.35
000672,上峰水泥,18.11,18.11,18.12,18.64,18.5,18.56,17.87,25547764.0,463619746.0,-2.843,-0.53
000676,智度股份,6.13,0.0,6.13,6.81,6.66,6.75,6.13,53292305.0,333045237.0,-9.985,-0.68
000677,ST海龙,2.04,0.0,2.04,2.15,2.04,2.15,2.04,86319289.0,178287118.0,-5.116,-0.11
000678,襄阳轴承,12.0,12.0,12.01,12.38,12.37,12.43,11.91,16702212.0,201587455.0,-3.069,-0.38
000679,大连友谊,6.73,6.73,6.75,6.77,6.78,6.84,6.66,4405800.0,29716097.0,-0.591,-0.04
000680,山推股份,11.63,11.62,11.63,11.63,11.68,11.87,11.55,15860055.0,184634290.0,0.0,0.0
000681,视觉中国,20.38,20.38,20.39,20.59,20.71,21.15,20.18,22184726.0,454521175.0,-1.02,-0.21
000682,东方电子,14.48,14.47,14.48,13.74,13.9,14.5,13.9,57490488.0,823551075.0,5.386,0.74
000683,博源化工,7.52,7.52,7.53,7.5,7.57,7.71,7.42,28311402.0,213483377.0,0.267,0.02
000685,中山公用,12.15,12.15,12.16,12.19,12.22,12.36,12.03,32552075.0,395529230.0,-0.328,-0.04
000686,东北证券,8.11,8.11,8.12,7.99,8.0,8.14,7.97,18592946.0,149550214.0,1.502,0.12
000688,国城矿业,42.31,42.31,42.32,43.5,43.0,44.0,41.31,23310158.0,987824099.0,-2.736,-1.19
000690,宝新能源,5.51,5.5,5.51,5.21,5.2,5.61,5.16,138494609.0,749509681.0,5.758,0.3
000691,*ST亚太,8.52,8.52,8.53,8.52,8.33,8.68,8.31,7295900.0,61828004.0,0.0,0.0
000692,惠天热电,4.83,4.83,4.84,4.83,4.91,4.92,4.78,13875200.0,67134268.0,0.0,0.0
000695,滨海能源,16.36,16.36,16.37,16.12,15.95,16.5,15.75,27038391.0,435647624.0,1.489,0.24
000697,炼石航空,13.06,13.06,13.07,12.05,12.11,13.26,12.11,50880306.0,666374633.0,8.382,1.01
000698,ST沈化,3.58,3.58,3.59,3.61,3.59,3.64,3.56,4526430.0,16238369.0,-0.831,-0.03
000700,模塑科技,14.87,14.86,14.87,15.45,15.28,15.33,14.81,89163592.0,1337702023.0,-3.754,-0.58
000701,厦门信达,6.12,6.11,6.12,5.9,5.93,6.23,5.93,29819775.0,182200121.0,3.729,0.22
000702,正虹科技,6.53,6.53,6.54,6.59,6.59,6.8,6.44,8314000.0,54659017.0,-0.91,-0.06
000703,恒逸石化,13.41,13.4,13.41,13.84,13.72,13.88,13.16,67971061.0,910486474.0,-3.107,-0.43
000705,浙江震元,7.28,7.27,7.28,7.32,7.33,7.42,7.22,4372700.0,31951504.0,-0.546,-0.04
000707,双环科技,5.21,5.21,5.22,5.28,5.26,5.31,5.14,9187800.0,47870873.0,-1.326,-0.07
000708,中信特钢,13.94,13.94,13.95,14.24,14.26,14.36,13.9,11388336.0,160141588.0,-2.107,-0.3
000709,河钢股份,2.23,2.23,2.24,2.2,2.2,2.24,2.2,70629978.0,157282773.0,1.364,0.03
000710,贝瑞基因,9.42,9.41,9.42,9.48,9.5,9.88,9.31,9301600.0,88913607.0,-0.633,-0.06
000711,ST京蓝,6.08,6.08,0.0,5.79,6.06,6.08,6.0,27869120.0,169087740.0,5.009,0.29
000712,锦龙股份,10.42,10.41,10.42,10.0,10.07,10.88,10.05,38706290.0,406189683.0,4.2,0.42
000713,国投丰乐,5.95,5.94,5.95,5.95,5.97,5.97,5.92,3742240.0,22247361.0,0.0,0.0
000715,中兴商业,5.23,5.23,5.24,5.42,5.38,5.39,5.16,13271786.0,70225430.0,-3.506,-0.19
000716,黑芝麻,5.76,5.76,5.77,5.76,5.6,5.81,5.5,58833655.0,332110310.0,0.0,0.0
000717,中南股份,2.27,2.26,2.27,2.25,2.23,2.28,2.23,15177901.0,34317914.0,0.889,0.02
000718,苏宁环球,2.02,2.01,2.02,1.97,1.97,2.03,1.96,23856210.0,47814024.0,2.538,0.05
000719,中原传媒,13.15,13.15,13.2,13.52,13.52,13.6,13.08,5295909.0,70274120.0,-2.737,-0.37
000720,新能泰山,4.94,4.94,4.95,4.99,5.0,5.17,4.9,62425200.0,311104186.0,-1.002,-0.05
000721,西安饮食,6.49,6.48,6.49,6.4,6.41,6.5,6.4,6074800.0,39200310.0,1.406,0.09
000722,湖南发展,13.97,13.96,13.97,13.63,13.71,14.08,13.62,17009589.0,235585687.0,2.494,0.34
000723,美锦能源,4.12,4.12,4.13,4.07,4.15,4.23,4.1,72528688.0,301769088.0,1.229,0.05
000725,京东方Ａ,5.27,5.26,5.27,5.16,5.17,5.37,5.06,4308875818.0,22498860486.0,2.132,0.11
000726,鲁 泰Ａ,6.0,6.0,6.01,5.99,5.98,6.03,5.95,4789603.0,28674758.0,0.167,0.01
000727,冠捷科技,2.93,2.93,2.94,2.88,2.9,2.96,2.86,155990200.0,454848232.0,1.736,0.05
000728,国元证券,7.19,7.19,7.2,7.17,7.2,7.25,7.08,42126753.0,301898034.0,0.279,0.02
000729,燕京啤酒,12.17,12.17,12.18,12.12,11.99,12.24,11.88,35971438.0,434192767.0,0.413,0.05
000731,四川美丰,6.21,6.2,6.21,6.33,6.32,6.33,6.15,7403500.0,46093978.0,-1.896,-0.12
000733,振华科技,52.08,52.07,52.08,49.17,51.36,53.5,51.33,46816318.0,2446328223.0,5.918,2.91
000735,罗 牛 山,5.88,5.88,5.89,5.95,6.03,6.03,5.83,13733500.0,81011238.0,-1.176,-0.07
000736,*ST中地,5.57,5.57,5.58,5.49,5.5,5.58,5.38,8470700.0,46322745.0,1.457,0.08
000737,北方铜业,14.3,14.3,14.31,14.14,14.3,14.5,14.1,39632500.0,565570625.0,1.132,0.16
000738,航发控制,21.12,21.12,21.13,20.91,21.03,21.58,20.8,19011005.0,401236537.0,1.004,0.21
000739,普洛药业,17.25,17.24,17.25,16.91,16.91,17.29,16.73,9828691.0,168192710.0,2.011,0.34
000750,国海证券,3.77,3.77,3.78,3.74,3.76,3.78,3.72,42415687.0,159187107.0,0.802,0.03
000751,锌业股份,5.46,5.46,5.47,5.51,5.54,5.63,5.41,44004776.0,241542586.0,-0.907,-0.05
000752,*ST西发,8.83,8.83,8.84,9.03,8.98,9.04,8.83,3556900.0,31681789.0,-2.215,-0.2
000753,漳州发展,5.77,5.77,5.78,5.96,5.95,5.95,5.75,20235233.0,117353201.0,-3.188,-0.19
000755,山西高速,5.19,5.19,5.2,5.1,5.09,5.21,5.08,5552691.0,28717276.0,1.765,0.09
000756,新华制药,13.91,13.91,13.92,14.05,14.05,14.09,13.88,4085012.0,56954029.0,-0.996,-0.14
000757,浩物股份,4.41,4.41,4.42,4.42,4.42,4.5,4.38,11497540.0,50933768.0,-0.226,-0.01
000758,中色股份,7.04,7.04,7.05,7.1,7.17,7.24,6.96,35122518.0,248218023.0,-0.845,-0.06
000759,中百集团,5.02,5.02,5.03,4.97,4.96,5.07,4.93,18578300.0,93008661.0,1.006,0.05
000761,本钢板材,2.63,2.63,2.64,2.59,2.6,2.68,2.58,12699300.0,33467131.0,1.544,0.04
000762,西藏矿业,31.4,31.4,31.41,31.88,31.89,32.36,31.3,17293861.0,547124998.0,-1.506,-0.48
000766,通化金马,23.58,23.58,23.59,23.06,23.38,24.1,23.2,19368188.0,459927836.0,2.255,0.52
000767,晋控电力,5.0,4.99,5.0,4.72,4.79,5.02,4.74,371252406.0,1814800934.0,5.932,0.28
000768,中航西飞,21.8,21.8,21.81,21.75,21.69,21.86,21.51,27597932.0,598083162.0,0.23,0.05
000776,广发证券,19.0,19.0,19.01,19.05,19.15,19.23,18.82,41738526.0,792713753.0,-0.262,-0.05
000777,中核科技,18.7,18.7,18.71,18.56,18.58,18.93,18.45,5706306.0,106457397.0,0.754,0.14
000778,新兴铸管,4.46,4.45,4.46,4.22,4.36,4.51,4.36,101837082.0,454185543.0,5.687,0.24
000779,甘咨询,7.71,7.7,7.71,7.74,7.79,7.84,7.64,4811200.0,37113432.0,-0.388,-0.03
000782,恒申新材,7.9,7.9,7.91,7.8,7.75,7.94,7.69,23885240.0,187487706.0,1.282,0.1
000783,长江证券,8.35,8.34,8.35,8.23,8.28,8.36,8.18,82014536.0,677605554.0,1.458,0.12
000785,居然智家,2.4,2.4,2.41,2.36,2.36,2.41,2.34,37229697.0,88691243.0,1.695,0.04
000786,北新建材,23.86,23.86,23.87,23.78,23.8,24.03,23.66,9226433.0,219994983.0,0.336,0.08
000788,北大医药,5.54,5.54,5.55,5.54,5.54,5.57,5.46,11137800.0,61263317.0,0.0,0.0
000789,万年青,4.57,4.56,4.57,4.58,4.57,4.6,4.53,2610450.0,11890052.0,-0.218,-0.01
000790,华神科技,4.29,4.29,4.3,4.31,4.36,4.4,4.22,20177882.0,87198967.0,-0.464,-0.02
000791,甘肃能源,9.01,9.01,9.02,8.78,8.76,9.07,8.76,54784039.0,491420819.0,2.62,0.23
000792,盐湖股份,31.99,31.98,31.99,32.84,32.98,33.0,31.77,82881738.0,2666421896.0,-2.588,-0.85
000793,*ST华闻,2.68,2.67,2.68,2.7,2.7,2.71,2.66,16686781.0,44613998.0,-0.741,-0.02
000795,英洛华,9.08,9.08,9.09,9.1,9.1,9.16,8.93,12218948.0,110315779.0,-0.22,-0.02
000796,凯撒旅业,4.74,4.74,4.75,4.74,4.78,4.83,4.69,37384725.0,178471352.0,0.0,0.0
000797,中国武夷,2.62,2.61,2.62,2.6,2.6,2.64,2.59,16947543.0,44321141.0,0.769,0.02
000798,中水渔业,8.62,8.61,8.62,8.75,8.8,8.81,8.54,6137583.0,52993591.0,-1.486,-0.13
000799,酒鬼酒,40.87,40.87,40.88,39.92,39.71,41.45,39.42,10474682.0,427391738.0,2.38,0.95
000800,一汽解放,6.15,6.14,6.15,6.14,6.15,6.23,6.11,12035651.0,74207294.0,0.163,0.01
000801,四川九洲,13.5,13.5,13.51,13.74,13.78,13.86,13.32,17417500.0,235518579.0,-1.747,-0.24
000802,北京文化,5.07,5.07,5.08,4.97,4.99,5.21,4.96,39202400.0,200069057.0,2.012,0.1
000803,山高环能,7.8,7.8,7.81,7.87,7.95,8.01,7.77,8553852.0,67295106.0,-0.889,-0.07
000807,云铝股份,29.51,29.51,29.52,30.76,30.89,31.1,29.25,75147443.0,2248923618.0,-4.064,-1.25
000809,和展能源,3.99,3.99,4.0,3.93,3.93,4.24,3.92,72496380.0,295018304.0,1.527,0.06
000810,创维数字,12.59,12.58,12.59,12.48,12.5,12.67,12.26,16827991.0,209849129.0,0.881,0.11
000811,冰轮环境,34.5,34.49,34.5,34.45,34.67,35.58,31.26,78928354.0,2602719525.0,0.145,0.05
000812,陕西金叶,3.96,3.95,3.96,3.85,3.86,4.01,3.85,19798924.0,78214252.0,2.857,0.11
000813,德展健康,3.36,3.35,3.36,3.44,3.41,3.59,3.3,81027689.0,277530206.0,-2.326,-0.08
000815,美利云,19.29,19.29,19.3,19.19,19.64,19.68,18.81,56190995.0,1078604140.0,0.521,0.1
000816,智慧农业,2.77,2.77,2.78,2.73,2.73,2.79,2.73,26207749.0,72326562.0,1.465,0.04
000818,航锦科技,16.34,16.33,16.34,16.08,16.78,16.78,16.09,41557630.0,679405833.0,1.617,0.26
000819,岳阳兴长,15.62,15.62,15.63,15.51,15.5,15.72,15.07,10847135.0,166743859.0,0.709,0.11
000820,*ST节能,3.8,3.79,3.8,3.82,3.84,3.88,3.77,8368026.0,31846318.0,-0.524,-0.02
000821,ST京机,9.75,9.75,9.76,9.86,10.1,10.1,9.66,8893900.0,87533937.0,-1.116,-0.11
000822,山东海化,5.09,5.09,5.1,5.17,5.17,5.23,5.06,13396900.0,68526698.0,-1.547,-0.08
000823,超声电子,16.33,16.32,16.33,16.39,16.45,16.87,16.0,51354432.0,841159199.0,-0.366,-0.06
000825,太钢不锈,4.0,4.0,4.01,3.94,3.95,4.02,3.95,24543452.0,98055152.0,1.523,0.06
000826,*ST启环,2.3,2.3,2.31,2.26,2.35,2.37,2.29,49758719.0,115853208.0,1.77,0.04
000828,东莞控股,10.12,10.12,10.13,10.02,10.04,10.14,10.0,4072275.0,41041927.0,0.998,0.1
000829,天音控股,9.09,9.09,9.1,9.27,9.22,9.27,8.9,29373858.0,265696642.0,-1.942,-0.18
000830,鲁西化工,13.31,13.3,13.31,13.77,13.67,13.7,13.12,41025208.0,548086187.0,-3.341,-0.46
000831,中国稀土,51.42,51.42,51.43,51.51,51.95,53.0,50.6,26389010.0,1353992934.0,-0.175,-0.09
000833,粤桂股份,24.44,24.43,24.44,25.73,24.66,24.88,23.67,53870967.0,1306896510.0,-5.014,-1.29
000837,秦川机床,12.46,12.46,12.47,12.65,12.6,12.68,12.35,31757755.0,396059639.0,-1.502,-0.19
000838,*ST发展,1.75,1.75,1.76,1.74,1.77,1.82,1.73,21702450.0,38339360.0,0.575,0.01
000839,国安股份,3.14,3.14,3.15,3.18,3.19,3.2,3.12,72923125.0,229737408.0,-1.258,-0.04
000848,承德露露,8.57,8.56,8.57,8.71,8.71,8.72,8.52,11601463.0,99630087.0,-1.607,-0.14
000850,华茂股份,4.23,4.22,4.23,4.2,4.21,4.24,4.17,6837093.0,28782216.0,0.714,0.03
000852,石化机械,6.27,6.26,6.27,6.39,6.35,6.43,6.18,13960121.0,87768912.0,-1.878,-0.12
000856,冀东装备,10.71,10.7,10.71,10.75,10.71,11.03,10.44,17455342.0,186727308.0,-0.372,-0.04
000858,五 粮 液,84.14,84.14,84.15,84.03,83.63,84.99,83.02,29202467.0,2456799767.0,0.131,0.11
000859,国风新材,11.19,11.19,11.2,10.82,10.7,11.69,10.66,123126538.0,1373991398.0,3.42,0.37
000860,顺鑫农业,11.35,11.35,11.36,11.22,11.18,11.49,11.12,11139631.0,126166271.0,1.159,0.13
000862,银星能源,6.75,6.75,6.76,6.5,6.48,6.9,6.47,39147702.0,261532691.0,3.846,0.25
000863,三湘印象,5.6,5.6,5.61,5.57,5.57,5.74,5.39,35040437.0,193233696.0,0.539,0.03
000868,安凯客车,4.06,4.05,4.06,4.12,4.12,4.18,4.01,12589606.0,51255208.0,-1.456,-0.06
000869,张 裕Ａ,18.58,18.57,18.58,18.74,18.74,18.85,18.5,1448619.0,26985839.0,-0.854,-0.16
000875,电投绿能,6.86,6.86,0.0,6.24,6.25,6.86,6.25,81040044.0,546452923.0,9.936,0.62
000876,新 希 望,8.06,8.06,8.07,8.11,8.11,8.14,8.05,21574881.0,174437987.0,-0.617,-0.05
000877,天山股份,4.59,4.59,4.6,4.48,4.43,4.66,4.39,22892790.0,103533728.0,2.455,0.11
000878,云南铜业,18.17,18.17,18.18,18.06,18.29,18.61,17.9,42864207.0,780225247.0,0.609,0.11
000880,潍柴重机,33.86,33.85,33.86,33.85,34.2,35.68,32.85,47155464.0,1612412399.0,0.03,0.01
000881,中广核技,7.85,7.84,7.85,7.77,7.78,7.97,7.73,10355001.0,81259364.0,1.03,0.08
000882,华联股份,1.51,1.5,1.51,1.45,1.44,1.53,1.43,72753821.0,107757211.0,4.138,0.06
000883,湖北能源,5.11,5.11,5.12,4.89,4.89,5.12,4.88,69888800.0,352693768.0,4.499,0.22
000885,城发环境,13.42,13.41,13.42,13.48,13.54,13.58,13.36,3615895.0,48715257.0,-0.445,-0.06
000886,海南高速,5.03,5.03,5.04,5.08,5.09,5.11,5.0,12673002.0,63833995.0,-0.984,-0.05
000887,中鼎股份,20.88,20.88,20.89,20.47,21.19,21.57,20.69,82839151.0,1744991908.0,2.003,0.41
000888,峨眉山Ａ,10.38,10.38,10.39,10.45,10.3,10.47,10.21,9066475.0,93579791.0,-0.67,-0.07
000889,中嘉博创,4.13,4.12,4.13,4.23,4.26,4.29,4.06,77211277.0,318858345.0,-2.364,-0.1
000890,法尔胜,11.24,11.24,11.25,11.7,11.7,11.7,10.85,52722570.0,594460252.0,-3.932,-0.46
000892,欢瑞世纪,4.16,4.16,4.17,4.16,4.21,4.27,4.11,21658500.0,90429440.0,0.0,0.0
000893,亚钾国际,47.39,47.39,47.4,46.9,46.73,48.35,46.66,13106638.0,624062838.0,1.045,0.49
000895,双汇发展,25.81,25.8,25.81,25.73,25.66,25.85,25.5,9288289.0,238447062.0,0.311,0.08
000897,津滨发展,2.0,1.99,2.0,1.98,1.96,2.02,1.96,19575840.0,39037560.0,1.01,0.02
000898,鞍钢股份,2.07,2.07,2.08,2.03,2.04,2.08,2.03,35696981.0,73667126.0,1.97,0.04
000899,赣能股份,13.19,13.19,13.2,13.08,12.94,13.33,12.94,24353895.0,320900739.0,0.841,0.11
000900,现代投资,3.97,3.96,3.97,3.94,3.95,3.98,3.92,13366283.0,52773038.0,0.761,0.03
000901,航天科技,20.74,20.73,20.74,20.97,21.22,21.35,20.43,21717667.0,451554233.0,-1.097,-0.23
000902,新洋丰,13.69,13.69,13.7,14.22,14.22,14.29,13.66,14582029.0,202639001.0,-3.727,-0.53
000903,ST云动,1.86,1.86,1.87,1.87,1.89,1.92,1.85,25607700.0,48009145.0,-0.535,-0.01
000905,厦门港务,9.7,9.69,9.7,10.0,10.02,10.02,9.68,14142104.0,138554764.0,-3.0,-0.3
000906,浙商中拓,6.44,6.43,6.44,6.32,6.33,6.48,6.3,11252697.0,71979172.0,1.899,0.12
000908,ST景峰,7.32,7.32,7.33,7.38,7.38,7.42,7.3,9590877.0,70456024.0,-0.813,-0.06
000909,*ST数源,4.62,4.62,4.63,4.83,4.85,4.92,4.59,10518262.0,49114181.0,-4.348,-0.21
000910,大亚圣象,6.77,6.76,6.77,6.77,6.79,6.95,6.69,11449854.0,77847715.0,0.0,0.0
000911,*ST广糖,5.5,5.49,5.5,5.75,5.76,5.8,5.46,8959901.0,49903808.0,-4.348,-0.25
000912,泸天化,3.93,3.93,3.94,4.01,4.0,4.01,3.9,21443460.0,84497737.0,-1.995,-0.08
000913,钱江摩托,12.12,12.12,12.13,12.13,12.18,12.23,12.0,4148554.0,50205451.0,-0.082,-0.01
000915,华特达因,27.5,27.49,27.5,27.73,27.7,27.85,27.37,1751230.0,48182796.0,-0.829,-0.23
000917,电广传媒,8.03,8.03,8.04,8.1,8.12,8.19,7.94,27120838.0,217739225.0,-0.864,-0.07
000919,金陵药业,6.49,6.49,6.5,6.56,6.56,6.59,6.45,10415700.0,67736052.0,-1.067,-0.07
000920,沃顿科技,11.69,11.68,11.69,11.3,11.9,12.15,11.4,17737665.0,209316292.0,3.451,0.39
000921,海信家电,24.95,24.94,24.95,24.11,24.05,25.18,23.74,14443887.0,357536562.0,3.484,0.84
000922,佳电股份,14.03,14.03,14.04,13.91,13.88,14.27,13.45,30623230.0,423516037.0,0.863,0.12
000923,河钢资源,15.94,15.94,15.95,15.76,15.96,16.15,15.84,9943987.0,158869541.0,1.142,0.18
000925,众合科技,8.42,8.42,8.43,8.34,8.34,8.48,8.19,47598580.0,398159007.0,0.959,0.08
000926,福星股份,2.27,2.27,0.0,2.06,2.08,2.27,2.06,66049855.0,146659562.0,10.194,0.21
000927,中国铁物,2.68,2.68,2.69,2.68,2.67,2.71,2.67,45938027.0,123424575.0,0.0,0.0
000928,中钢国际,6.32,6.31,6.32,6.29,6.39,6.46,6.27,23204189.0,147385042.0,0.477,0.03
000929,*ST兰黄,10.94,10.94,10.95,11.52,11.51,11.51,10.94,5943700.0,66084983.0,-5.035,-0.58
000930,中粮科技,5.19,5.19,5.2,5.21,5.22,5.26,5.14,13649004.0,70961505.0,-0.384,-0.02
000931,中 关 村,4.39,4.39,4.4,4.38,4.38,4.44,4.36,4951925.0,21789626.0,0.228,0.01
000932,华菱钢铁,4.05,4.05,4.06,4.03,4.05,4.13,4.03,107518646.0,437857038.0,0.496,0.02
000933,神火股份,30.3,30.29,30.3,30.83,31.39,31.95,30.04,46506041.0,1434080011.0,-1.719,-0.53
000935,四川双马,32.8,32.78,32.8,31.6,31.66,32.8,31.41,6989424.0,224849347.0,3.797,1.2
000936,华西股份,7.16,7.16,7.17,7.0,7.05,7.2,6.95,27205680.0,192703655.0,2.286,0.16
000937,冀中能源,5.52,5.52,5.53,5.37,5.47,5.63,5.46,28870171.0,159382303.0,2.793,0.15
000938,紫光股份,31.04,31.03,31.04,29.86,30.51,31.82,30.02,178269230.0,5500116027.0,3.952,1.18
000948,南天信息,14.04,14.04,14.05,14.1,14.2,14.33,13.98,4695102.0,66193505.0,-0.426,-0.06
000949,新乡化纤,7.14,7.14,7.15,7.3,7.26,7.5,7.12,44563268.0,324265934.0,-2.192,-0.16
000950,重药控股,6.19,6.18,6.19,6.18,6.15,6.27,6.08,27605683.0,170195462.0,0.162,0.01
000951,中国重汽,21.23,21.22,21.23,20.89,21.05,21.45,20.93,10017324.0,212070810.0,1.628,0.34
000952,广济药业,7.17,7.16,7.17,7.24,7.24,7.37,7.08,6180140.0,44411955.0,-0.967,-0.07
000953,河化股份,6.9,6.9,6.92,6.98,7.0,7.08,6.89,7368700.0,51171720.0,-1.146,-0.08
000955,欣龙控股,4.45,4.45,4.46,4.57,4.62,4.67,4.42,10840600.0,48731376.0,-2.626,-0.12
000957,中通客车,10.9,10.89,10.9,11.15,11.14,11.21,10.85,14232713.0,156080495.0,-2.242,-0.25
000958,电投产融,6.05,6.05,6.06,6.06,6.08,6.11,6.02,24710047.0,149598349.0,-0.165,-0.01
000959,首钢股份,3.62,3.61,3.63,3.66,3.69,3.73,3.6,35166820.0,128087505.0,-1.093,-0.04
000960,锡业股份,39.84,39.84,39.85,38.01,38.5,40.44,38.21,88619282.0,3483881966.0,4.815,1.83
000962,东方钽业,64.77,64.77,64.8,62.25,67.17,68.38,63.27,40591160.0,2647856693.0,4.048,2.52
000963,华东医药,29.13,29.12,29.13,29.22,29.13,29.36,29.0,7908625.0,230696613.0,-0.308,-0.09
000965,天保基建,3.44,3.44,3.45,3.41,3.41,3.46,3.4,9844010.0,33806449.0,0.88,0.03
000966,长源电力,5.21,5.21,0.0,4.74,4.71,5.21,4.7,202379273.0,1032649004.0,9.916,0.47
000967,盈峰环境,12.92,12.92,12.93,12.98,13.3,13.45,12.55,177676263.0,2293446413.0,-0.462,-0.06
000968,蓝焰控股,7.74,7.74,7.75,7.89,8.31,8.58,7.67,51228491.0,408781548.0,-1.901,-0.15
000969,安泰科技,24.01,24.01,24.02,22.72,23.05,24.1,23.02,92084031.0,2182420152.0,5.678,1.29
000970,中科三环,12.06,12.06,12.07,11.95,11.95,12.07,11.82,18190156.0,217276462.0,0.921,0.11
000972,*ST中基,3.68,3.67,3.68,3.76,3.77,3.78,3.66,8396400.0,31119183.0,-2.128,-0.08
000973,佛塑科技,15.01,15.0,15.01,15.3,15.2,15.24,14.82,60615185.0,906243139.0,-1.895,-0.29
000975,山金国际,24.34,24.34,24.35,23.89,24.38,24.78,24.07,35656697.0,870294618.0,1.884,0.45
000977,浪潮信息,69.2,69.19,69.2,68.25,69.28,70.6,68.02,61035939.0,4219055268.0,1.392,0.95
000978,桂林旅游,6.43,6.42,6.43,6.34,6.34,6.43,6.29,9330059.0,59355191.0,1.42,0.09
000980,众泰汽车,2.84,2.84,0.0,2.58,2.59,2.84,2.57,166342013.0,460899810.0,10.078,0.26
000981,山子高科,3.85,3.85,3.86,3.91,3.89,3.94,3.8,315432677.0,1212627618.0,-1.535,-0.06
000983,山西焦煤,6.63,6.63,6.64,6.41,6.79,6.93,6.59,152027433.0,1022990847.0,3.432,0.22
000985,大庆华科,17.86,17.86,17.89,18.26,18.2,18.46,17.63,1792800.0,32248404.0,-2.191,-0.4
000987,越秀资本,8.15,8.14,8.15,8.21,8.25,8.29,8.05,38376753.0,312452805.0,-0.731,-0.06
000988,华工科技,171.94,171.94,0.0,156.31,157.0,171.94,155.5,109061811.0,17898491776.0,9.999,15.63
000989,九芝堂,8.19,8.19,8.2,8.13,8.16,8.24,8.1,9658200.0,78901175.0,0.738,0.06
000990,诚志股份,9.82,9.82,9.83,10.1,10.0,10.07,9.68,40379613.0,396914132.0,-2.772,-0.28
000993,闽东电力,13.5,13.5,13.51,13.13,13.21,13.56,13.1,22823152.0,305950706.0,2.818,0.37
000995,皇台酒业,14.33,14.33,0.0,13.03,12.71,14.33,12.63,27283754.0,375605843.0,9.977,1.3
000997,新 大 陆,25.74,25.74,25.75,24.81,24.68,25.78,23.9,83887841.0,2092823367.0,3.748,0.93
000998,隆平高科,8.4,8.4,8.41,8.44,8.44,8.52,8.35,10558908.0,89065909.0,-0.474,-0.04
000999,华润三九,24.4,24.39,24.4,24.44,24.43,24.61,24.35,5799457.0,141541755.0,-0.164,-0.04
001201,东瑞股份,12.36,12.35,12.36,12.3,12.29,12.37,12.19,2356520.0,28926171.0,0.488,0.06
001202,炬申股份,16.33,16.32,16.33,16.66,16.87,16.92,16.22,2111096.0,34708504.0,-1.981,-0.33
001203,大中矿业,38.57,38.56,38.57,39.98,39.9,40.38,38.37,28480591.0,1110008197.0,-3.527,-1.41
001205,盛航股份,14.69,14.68,14.69,14.78,14.78,14.93,14.58,4306380.0,63559719.0,-0.609,-0.09
001206,依依股份,17.1,17.08,17.1,17.34,17.48,17.48,16.98,1893840.0,32428689.0,-1.384,-0.24
001207,联科科技,20.16,20.16,20.17,19.54,19.67,20.95,19.67,12314267.0,252259720.0,3.173,0.62
001208,华菱线缆,17.28,17.26,17.28,17.5,17.59,17.8,17.12,11184800.0,194158401.0,-1.257,-0.22
001209,洪兴股份,21.72,21.71,21.72,21.17,21.14,21.85,20.89,3776100.0,80768451.0,2.598,0.55
001210,金房能源,28.78,28.77,28.78,29.77,29.11,30.18,28.26,9087043.0,263230521.0,-3.325,-0.99
001211,双枪科技,48.03,0.0,48.03,53.37,54.53,55.0,48.03,7196700.0,356699508.0,-10.006,-5.34
001212,中旗新材,56.7,56.7,56.71,55.66,56.28,57.77,54.22,8968747.0,501541672.0,1.868,1.04
001213,中铁特货,3.85,3.84,3.85,3.86,3.86,3.88,3.83,7799300.0,29997955.0,-0.259,-0.01
001215,千味央厨,44.01,44.01,44.02,42.5,42.08,44.2,41.84,5362298.0,231936104.0,3.553,1.51
001216,华瓷股份,16.88,16.88,16.89,17.18,17.19,17.39,16.7,3335300.0,56526654.0,-1.746,-0.3
001217,华尔泰,10.5,10.5,10.51,10.84,10.83,10.88,10.45,4155600.0,44078120.0,-3.137,-0.34
001218,丽臣实业,25.71,25.69,25.71,25.93,26.06,26.6,25.4,2402034.0,62330036.0,-0.848,-0.22
001219,青岛食品,13.67,13.67,13.68,13.85,13.85,13.93,13.58,3514153.0,48233770.0,-1.3,-0.18
001220,世盟股份,34.35,34.34,34.35,35.79,35.89,35.92,34.26,1816928.0,63393880.0,-4.023,-1.44
001221,悍高集团,54.44,54.43,54.45,54.82,55.0,55.0,53.53,849296.0,46031584.0,-0.693,-0.38
001222,源飞宠物,17.0,17.0,17.02,17.27,17.18,17.37,16.86,1248180.0,21250567.0,-1.563,-0.27
001223,欧克科技,64.21,64.21,64.31,66.12,65.12,66.0,62.31,2279846.0,145693912.0,-2.889,-1.91
001225,和泰机电,58.0,57.98,58.0,59.14,60.0,65.05,57.3,7207445.0,436605124.0,-1.928,-1.14
001226,拓山重工,50.65,50.65,50.71,51.14,51.14,52.25,50.54,1546500.0,79033851.0,-0.958,-0.49
001227,兰州银行,2.13,2.12,2.13,2.13,2.13,2.14,2.12,22407196.0,47606630.0,0.0,0.0
001228,永泰运,30.55,30.53,30.55,29.98,29.97,31.1,29.92,1780700.0,54355166.0,1.901,0.57
001229,魅视科技,36.31,36.31,36.32,35.18,36.19,36.35,35.31,1535988.0,55284138.0,3.212,1.13
001230,劲旅环境,25.57,25.56,25.57,25.51,25.72,26.02,25.17,2563540.0,65440877.0,0.235,0.06
001231,农心科技,23.95,23.95,24.0,24.32,24.32,24.88,23.72,2161155.0,52344060.0,-1.521,-0.37
001233,海安集团,57.0,57.0,57.01,56.81,55.89,57.19,54.2,4406050.0,244041018.0,0.334,0.19
001234,泰慕士,25.13,25.13,25.17,25.61,25.8,25.9,24.91,1876700.0,47370534.0,-1.874,-0.48
001236,弘业期货,8.95,8.94,8.95,8.88,8.92,9.12,8.82,9338150.0,83571312.0,0.788,0.07
001237,C惠康,88.9,88.9,88.91,111.8,99.0,105.98,88.88,16382235.0,1565430411.0,-20.483,-22.9
001238,浙江正特,44.0,43.84,44.0,44.98,44.96,45.03,43.51,330400.0,14569277.0,-2.179,-0.98
001239,永达股份,14.44,14.43,14.44,14.54,14.61,14.7,14.24,2106527.0,30390190.0,-0.688,-0.1
001255,博菲电气,34.07,34.04,34.07,33.66,33.9,34.89,33.66,1777800.0,60804460.0,1.218,0.41
001256,炜冈科技,24.7,24.7,24.71,25.55,25.57,25.8,24.1,3355331.0,82487948.0,-3.327,-0.85
001257,盛龙股份,23.48,23.47,23.48,24.66,24.89,25.05,23.17,23542035.0,558033413.0,-4.785,-1.18
001258,立新能源,10.21,10.21,10.22,10.4,10.41,10.72,10.2,58819190.0,608655084.0,-1.827,-0.19
001259,利仁科技,71.28,71.28,71.29,79.2,73.14,75.0,71.28,8279453.0,595638913.0,-10.0,-7.92
001260,坤泰股份,20.47,20.47,20.5,21.28,21.46,21.64,20.2,1652000.0,34220071.0,-3.806,-0.81
001266,宏英智能,54.08,54.08,54.11,55.55,55.7,56.45,52.5,10026761.0,539070849.0,-2.646,-1.47
001267,汇绿生态,60.0,60.0,60.01,60.59,60.65,61.1,57.43,42686663.0,2519528410.0,-0.974,-0.59
001268,联合精密,43.38,43.38,43.4,42.9,42.9,44.35,42.4,2801000.0,121837209.0,1.119,0.48
001269,欧晶科技,25.0,24.99,25.0,24.0,23.96,25.3,23.4,11046158.0,269676142.0,4.167,1.0
001270,铖昌科技,143.49,143.49,143.5,143.4,145.0,148.48,136.58,16120756.0,2267537882.0,0.063,0.09
001277,速达股份,35.22,35.21,35.22,35.71,35.87,36.23,34.66,1001100.0,35391654.0,-1.372,-0.49
001278,一彬科技,20.6,20.6,20.61,21.16,21.54,21.55,20.06,3537754.0,72841301.0,-2.647,-0.56
001279,强邦新材,31.5,31.5,31.51,32.3,32.29,32.88,31.01,2325675.0,73250637.0,-2.477,-0.8
001280,中国铀业,74.94,74.93,74.94,75.95,75.61,76.48,74.35,7252338.0,543911692.0,-1.33,-1.01
001282,三联锻造,20.59,20.56,20.59,20.68,20.78,20.8,20.22,3239184.0,66350430.0,-0.435,-0.09
001283,豪鹏科技,79.68,79.67,79.68,82.21,82.21,82.93,78.31,6898523.0,550881814.0,-3.077,-2.53
001285,瑞立科密,50.88,50.88,50.89,51.38,51.38,51.77,50.41,1432451.0,72939965.0,-0.973,-0.5
001286,陕西能源,11.7,11.7,11.71,11.41,11.56,11.73,11.46,21117900.0,245538466.0,2.542,0.29
001287,中电港,28.16,28.15,28.16,27.49,27.67,28.25,27.1,33840086.0,941079249.0,2.437,0.67
001288,运机集团,29.9,29.88,29.9,28.46,29.13,30.33,28.68,9202684.0,273117544.0,5.06,1.44
001289,龙源电力,18.13,18.13,18.14,17.11,17.05,18.3,17.05,12042186.0,215813988.0,5.961,1.02
001296,长江材料,21.2,21.2,21.22,21.61,21.61,21.71,20.98,1729540.0,36729371.0,-1.897,-0.41
001298,好上好,23.55,23.54,23.55,22.9,22.95,23.73,22.62,18111652.0,422609145.0,2.838,0.65
001299,美能能源,12.37,12.36,12.37,12.0,12.0,12.56,11.58,18184685.0,220563524.0,3.083,0.37
001300,三柏硕,16.59,16.59,16.6,17.05,17.13,17.26,16.31,3137700.0,52042809.0,-2.698,-0.46
001301,尚太科技,88.49,88.46,88.49,88.82,88.81,90.0,87.0,5862800.0,518750039.0,-0.372,-0.33
001306,夏厦精密,71.58,71.57,71.58,72.85,72.74,73.5,70.53,827736.0,59357468.0,-1.743,-1.27
001308,康冠科技,21.19,21.19,21.2,21.28,21.3,21.38,20.96,2816876.0,59623840.0,-0.423,-0.09
001309,德明利,695.0,694.99,695.0,674.0,669.99,698.5,657.01,13356748.0,9096243902.0,3.116,21.0
001311,多利科技,28.97,28.97,28.98,28.45,28.54,29.55,27.91,5622368.0,161474923.0,1.828,0.52
001312,福恩股份,22.3,22.29,22.3,22.92,23.07,23.07,22.21,4828735.0,108407030.0,-2.705,-0.62
001313,粤海饲料,8.72,8.72,8.73,9.17,9.11,9.23,8.44,28531911.0,250983267.0,-4.907,-0.45
001314,亿道信息,58.0,57.99,58.0,54.62,55.0,58.37,54.2,5700629.0,323854812.0,6.188,3.38
001316,润贝航科,41.3,41.3,41.31,41.53,41.25,41.83,40.1,3291356.0,134822494.0,-0.554,-0.23
001317,三羊马,55.11,55.11,55.15,55.7,55.35,55.99,53.28,3884310.0,212065824.0,-1.059,-0.59
001318,阳光乳业,12.15,12.14,12.15,12.3,12.31,12.39,12.1,1677500.0,20497655.0,-1.22,-0.15
001319,铭科精技,26.59,26.59,26.6,25.04,24.96,26.65,24.88,9081424.0,235229768.0,6.19,1.55
001322,箭牌家居,6.92,6.91,6.92,7.08,7.05,7.1,6.9,4331200.0,30236677.0,-2.26,-0.16
001323,慕思股份,20.78,20.78,20.8,21.52,21.52,21.55,20.58,1415819.0,29697732.0,-3.439,-0.74
001324,长青科技,20.33,20.33,20.35,20.82,20.91,20.99,20.1,3262783.0,66600001.0,-2.354,-0.49
001325,元创股份,44.69,44.69,44.74,46.42,46.8,46.88,44.5,1686092.0,76237849.0,-3.727,-1.73
001326,联域股份,71.41,71.4,71.42,67.64,67.64,71.5,66.66,3378401.0,232982088.0,5.574,3.77
001328,登康口腔,29.58,29.58,29.62,29.35,29.28,30.0,29.28,1241800.0,36867336.0,0.784,0.23
001330,博纳影业,9.11,9.11,9.12,9.32,9.33,9.68,8.97,93076719.0,863201637.0,-2.253,-0.21
001331,胜通能源,61.66,61.66,61.67,61.52,62.0,66.33,60.39,10524542.0,658972007.0,0.228,0.14
001332,锡装股份,69.5,69.5,69.67,67.19,67.1,71.36,66.51,4064784.0,282835522.0,3.438,2.31
001333,光华股份,25.23,25.23,25.24,26.0,26.08,26.1,24.95,3437698.0,86959748.0,-2.962,-0.77
001335,信凯科技,46.4,46.4,46.46,48.58,48.99,48.99,46.3,1460500.0,69274841.0,-4.487,-2.18
001336,楚环科技,29.52,29.52,29.63,29.73,29.94,30.6,29.22,1743300.0,51732248.0,-0.706,-0.21
001337,四川黄金,56.99,56.99,57.0,55.57,56.68,58.25,55.93,9569320.0,543918517.0,2.555,1.42
001338,永顺泰,11.4,11.39,11.4,11.4,11.35,11.4,11.2,5980745.0,67485652.0,0.0,0.0
001339,智微智能,108.35,108.34,108.35,113.83,113.83,115.98,105.18,15898625.0,1741008139.0,-4.814,-5.48
001356,富岭股份,10.68,10.68,10.69,10.89,10.89,10.98,10.62,3335100.0,35831502.0,-1.928,-0.21
001358,兴欣新材,27.42,27.42,27.43,28.54,28.53,28.75,27.03,1779400.0,49243048.0,-3.924,-1.12
001359,平安电工,109.08,109.07,109.08,104.57,105.02,109.18,103.6,2857391.0,304567529.0,4.313,4.51
001360,南矿集团,21.68,21.67,21.68,20.49,20.52,21.85,20.09,5397367.0,114300391.0,5.808,1.19
001365,天海电子,52.83,0.0,52.83,58.7,55.77,55.96,52.83,12592329.0,674354631.0,-10.0,-5.87
001366,播恩集团,16.92,16.92,16.93,16.51,17.0,17.03,16.21,19468041.0,326405178.0,2.483,0.41
001367,海森药业,21.83,21.83,21.84,22.28,22.33,22.48,21.33,1808265.0,39465276.0,-2.02,-0.45
001368,通达创智,27.08,27.08,27.09,27.26,27.25,27.7,26.62,1597500.0,43141077.0,-0.66,-0.18
001369,双欣材料,14.88,14.87,14.88,15.15,15.14,15.29,14.77,10681100.0,159361249.0,-1.782,-0.27
001373,翔腾新材,41.18,41.18,41.28,41.82,41.99,41.99,40.68,1595534.0,65684311.0,-1.53,-0.64
001376,百通能源,13.89,13.89,13.9,14.11,14.1,14.4,13.75,12836800.0,179813612.0,-1.559,-0.22
001378,德冠新材,21.17,21.17,21.18,21.52,21.62,22.08,20.91,4166664.0,89297729.0,-1.626,-0.35
001379,腾达科技,20.73,20.72,20.73,21.59,21.52,21.83,20.5,3632750.0,76055818.0,-3.983,-0.86
001380,华纬科技,19.56,19.56,19.57,19.98,20.02,20.06,19.4,2485171.0,48838847.0,-2.102,-0.42
001382,新亚电缆,20.44,20.44,20.45,20.74,20.7,21.15,20.31,3272162.0,67523501.0,-1.446,-0.3
001386,马可波罗,17.04,17.03,17.04,17.13,17.17,17.39,16.94,3316700.0,56820541.0,-0.525,-0.09
001387,雪祺电气,13.83,13.81,13.83,13.97,14.12,14.24,13.65,3427501.0,47727833.0,-1.002,-0.14
001388,信通电子,37.72,37.71,37.72,37.96,38.14,38.98,37.32,825862.0,31321189.0,-0.632,-0.24
001389,广合科技,191.0,191.0,191.02,195.01,196.01,197.5,184.0,11588158.0,2196125972.0,-2.056,-4.01
001390,古麒绒材,18.46,18.44,18.46,18.93,19.05,19.21,18.38,1185429.0,22161457.0,-2.483,-0.47
001391,国货航,5.26,5.25,5.26,5.23,5.25,5.27,5.21,12215263.0,63999543.0,0.574,0.03
001393,维通利,74.99,74.98,74.99,83.07,80.0,81.65,74.76,15067442.0,1157257226.0,-9.727,-8.08
001395,亚联机械,37.6,37.58,37.6,37.32,37.32,37.64,36.96,598368.0,22341400.0,0.75,0.28
001396,誉帆科技,46.75,46.75,46.79,46.64,47.11,47.79,46.59,1510424.0,71152373.0,0.236,0.11
001400,江顺科技,170.0,169.99,170.0,168.32,171.69,173.0,166.0,1035400.0,175488134.0,0.998,1.68
001696,宗申动力,15.85,15.85,15.86,15.85,15.88,16.06,15.52,21920468.0,346192530.0,0.0,0.0
001872,招商港口,22.98,22.97,22.98,22.63,22.43,22.98,22.42,1697645.0,38660452.0,1.547,0.35
001896,豫能控股,16.92,16.92,16.93,15.76,16.01,17.3,15.8,238377110.0,3940483471.0,7.36,1.16
001914,招商积余,9.68,9.68,9.7,9.73,9.82,9.83,9.58,6505601.0,62851400.0,-0.514,-0.05
001965,招商公路,10.09,10.09,10.1,10.01,10.01,10.14,9.96,11299366.0,114051032.0,0.799,0.08
001979,招商蛇口,8.64,8.64,8.65,8.48,8.43,8.81,8.41,55691480.0,480206347.0,1.887,0.16
002001,新 和 成,30.61,30.6,30.61,31.59,31.59,31.69,30.34,36535493.0,1126425028.0,-3.102,-0.98
002003,伟星股份,8.95,8.95,8.96,9.29,9.28,9.3,8.86,8405730.0,76184946.0,-3.66,-0.34
002004,华邦健康,4.59,4.59,4.6,4.62,4.63,4.65,4.57,18147536.0,83587801.0,-0.649,-0.03
002005,ST德豪,2.95,2.94,2.95,2.98,2.98,3.03,2.91,16227700.0,48092346.0,-1.007,-0.03
002006,精工科技,18.47,18.47,18.48,18.39,18.44,18.64,18.22,9722274.0,178981954.0,0.435,0.08
002007,华兰生物,13.72,13.71,13.72,13.86,13.85,13.89,13.69,7626212.0,105031032.0,-1.01,-0.14
002008,大族激光,142.23,142.23,142.24,146.28,146.8,147.52,138.15,46237582.0,6573441309.0,-2.769,-4.05
002009,天奇股份,25.59,25.58,25.59,26.43,26.49,26.63,25.55,31769825.0,823606930.0,-3.178,-0.84
002010,传化智联,5.48,5.47,5.48,5.39,5.41,5.48,5.36,27006371.0,146707309.0,1.67,0.09
002011,盾安环境,12.66,12.66,12.67,12.91,13.14,13.2,12.55,22518493.0,287743867.0,-1.936,-0.25
002012,凯恩股份,8.6,8.6,0.0,7.82,8.07,8.6,8.01,40584382.0,345704228.0,9.974,0.78
002014,永新股份,11.25,11.24,11.25,10.87,10.95,11.28,10.95,3089550.0,34320807.0,3.496,0.38
002015,协鑫能科,22.39,22.39,22.4,21.55,21.83,23.0,21.82,170481983.0,3824842294.0,3.898,0.84
002016,世荣兆业,4.8,4.79,4.8,4.82,4.81,4.89,4.75,7215432.0,34782228.0,-0.415,-0.02
002017,东信和平,17.72,17.72,17.73,18.03,17.91,18.17,17.39,11041755.0,195456183.0,-1.719,-0.31
002019,亿帆医药,10.23,10.23,10.24,10.3,10.3,10.32,10.11,9616153.0,98065751.0,-0.68,-0.07
002020,京新药业,13.51,13.51,13.52,13.82,13.86,13.89,13.43,10894394.0,148321108.0,-2.243,-0.31
002021,中捷资源,2.91,2.91,2.92,2.98,3.0,3.02,2.89,39784694.0,116766846.0,-2.349,-0.07
002022,科华生物,5.76,5.75,5.76,5.67,5.72,6.12,5.7,16408582.0,96388328.0,1.587,0.09
002023,海特高新,12.29,12.29,12.3,12.67,12.79,12.82,12.07,26793667.0,329900359.0,-2.999,-0.38
002024,ST易购,1.19,1.18,1.19,1.2,1.2,1.2,1.18,22446700.0,26706930.0,-0.833,-0.01
002025,航天电器,76.7,76.7,76.71,74.8,75.2,77.6,73.35,29379784.0,2234616368.0,2.54,1.9
002026,山东威达,12.81,12.81,12.83,12.92,12.91,12.98,12.75,5923029.0,76075452.0,-0.851,-0.11
002027,分众传媒,5.51,5.51,5.52,5.51,5.51,5.55,5.42,143521347.0,787044841.0,0.0,0.0
002028,思源电气,203.36,203.35,203.36,197.14,198.06,204.6,198.06,10525763.0,2122415808.0,3.155,6.22
002029,七 匹 狼,9.04,9.04,9.05,9.3,9.2,9.25,8.9,21045982.0,190041359.0,-2.796,-0.26
002030,达安基因,6.8,6.8,6.81,6.4,6.62,7.04,6.58,146720693.0,1014455807.0,6.25,0.4
002031,巨轮智能,7.21,7.21,7.22,7.4,7.5,7.5,7.17,221371232.0,1619542960.0,-2.568,-0.19
002032,苏 泊 尔,49.45,49.45,49.46,49.62,49.96,50.0,49.0,1671296.0,82609365.0,-0.343,-0.17
002033,丽江股份,8.58,8.58,8.59,8.56,8.56,8.61,8.52,10477878.0,89753875.0,0.234,0.02
002034,旺能环境,21.1,21.1,21.11,21.18,21.05,21.5,20.68,20610620.0,433952476.0,-0.378,-0.08
002035,华帝股份,5.31,5.31,5.32,5.45,5.47,5.48,5.28,9501674.0,50886429.0,-2.569,-0.14
002036,联创电子,10.32,10.32,10.33,10.3,10.31,10.93,10.13,218776702.0,2297124265.0,0.194,0.02
002037,保利联合,7.75,7.74,7.75,7.87,7.87,7.94,7.66,6141452.0,47622380.0,-1.525,-0.12
002038,双鹭药业,6.02,6.02,6.03,6.11,6.11,6.14,5.97,20730074.0,125098035.0,-1.473,-0.09
002039,黔源电力,20.44,20.43,20.44,19.93,20.19,20.96,20.0,12101580.0,247884287.0,2.559,0.51
002040,南 京 港,9.8,9.79,9.8,9.93,9.95,10.01,9.71,9525350.0,93341887.0,-1.309,-0.13
002041,登海种业,8.84,8.84,8.85,8.82,8.82,8.93,8.78,9301600.0,82286492.0,0.227,0.02
002042,华孚时尚,4.93,4.92,4.93,4.95,4.93,5.02,4.87,48037513.0,236646498.0,-0.404,-0.02
002043,兔 宝 宝,13.21,13.21,13.22,13.14,13.15,13.41,12.98,8280132.0,109364433.0,0.533,0.07
002044,美年健康,5.82,5.82,5.83,5.9,5.88,5.95,5.76,126027279.0,734400154.0,-1.356,-0.08
002045,国光电器,9.86,0.0,9.86,10.96,10.51,10.56,9.86,19908639.0,199037104.0,-10.036,-1.1
002046,国机精工,56.33,56.32,56.33,54.99,56.98,57.74,54.44,26043467.0,1458674947.0,2.437,1.34
002047,宝鹰股份,4.94,4.93,4.94,5.22,5.15,5.15,4.85,60574230.0,300047987.0,-5.364,-0.28
002048,宁波华翔,30.11,30.11,30.12,29.88,29.88,30.55,29.65,25120125.0,757343217.0,0.77,0.23
002049,紫光国微,85.02,85.01,85.02,79.73,82.14,85.07,81.66,68019923.0,5696259638.0,6.635,5.29
002050,三花智控,53.91,53.91,53.92,54.05,54.4,54.98,53.35,203477686.0,10975922831.0,-0.259,-0.14
002051,中工国际,11.72,11.72,0.0,10.65,11.23,11.72,11.06,62464286.0,711845707.0,10.047,1.07
002052,同洲电子,10.75,10.74,10.75,10.81,10.9,11.23,10.66,11418500.0,124957983.0,-0.555,-0.06
002053,云南能投,11.6,11.59,11.6,11.44,11.45,11.65,11.45,7902702.0,91364858.0,1.399,0.16
002054,德美化工,8.32,8.31,8.32,8.2,8.18,8.36,8.03,19023199.0,156570786.0,1.463,0.12
002055,ST得润,7.53,7.53,0.0,7.17,7.53,7.53,7.53,3502939.0,26377131.0,5.021,0.36
002056,横店东磁,22.41,22.41,0.0,20.37,20.51,22.41,20.4,95214886.0,2068790751.0,10.015,2.04
002057,中钢天源,9.44,9.43,9.44,9.33,9.32,9.47,9.22,12318434.0,115198316.0,1.179,0.11
002058,*ST威尔,26.27,26.27,26.28,26.08,25.92,26.44,25.8,1428801.0,37240197.0,0.729,0.19
002059,云南旅游,4.44,4.44,4.45,4.42,4.42,4.45,4.35,8481401.0,37237993.0,0.452,0.02
002060,广东建工,3.54,3.54,3.55,3.57,3.57,3.59,3.52,17907336.0,63537705.0,-0.84,-0.03
002061,浙江交科,3.71,3.71,3.72,3.68,3.7,3.73,3.68,14511127.0,53801104.0,0.815,0.03
002062,宏润建设,9.0,8.99,9.0,9.5,9.66,9.74,8.81,46679512.0,423649243.0,-5.263,-0.5
002063,远光软件,6.44,6.44,6.45,6.37,6.39,6.47,6.39,36041480.0,231716385.0,1.099,0.07
002064,华峰化学,10.46,10.46,10.47,10.4,10.4,10.68,10.28,28410533.0,298718328.0,0.577,0.06
002065,东华软件,8.07,8.07,8.08,8.05,8.05,8.13,7.94,33425137.0,268038016.0,0.248,0.02
002066,瑞泰科技,25.38,25.38,25.4,25.75,25.63,25.63,24.6,8576600.0,214158372.0,-1.437,-0.37
002067,景兴纸业,5.35,5.34,5.35,5.2,5.15,5.37,5.14,108720229.0,574981465.0,2.885,0.15
002068,黑猫股份,10.53,10.53,10.54,10.28,10.53,10.65,10.4,33652163.0,354468581.0,2.432,0.25
002069,獐子岛,3.54,3.54,3.55,3.59,3.61,3.63,3.51,10148850.0,36188621.0,-1.393,-0.05
002072,凯瑞德,7.59,7.59,7.6,7.28,7.33,7.62,7.18,14916400.0,110026940.0,4.258,0.31
002073,软控股份,5.95,5.94,5.95,5.99,6.0,6.03,5.91,15915700.0,94838656.0,-0.668,-0.04
002074,国轩高科,34.56,34.56,34.57,35.3,35.35,35.44,34.33,34106535.0,1180720363.0,-2.096,-0.74
002075,沙钢股份,4.14,4.14,4.15,4.09,4.11,4.17,4.03,31337258.0,128548868.0,1.222,0.05
002076,*ST星光,2.69,2.68,2.69,2.6,2.63,2.72,2.6,63549830.0,168540232.0,3.462,0.09
002077,大港股份,18.97,18.97,18.98,17.96,18.0,18.98,17.86,66289828.0,1230361648.0,5.624,1.01
002078,太阳纸业,13.18,13.17,13.18,13.06,13.07,13.6,13.02,25199279.0,335260609.0,0.919,0.12
002079,苏州固锝,12.76,12.76,12.77,12.6,12.67,12.77,12.21,36716105.0,461922164.0,1.27,0.16
002080,中材科技,74.88,74.88,74.89,71.28,73.0,75.62,71.06,46644426.0,3408610586.0,5.051,3.6
002081,金 螳 螂,5.89,5.89,5.9,5.94,5.94,6.1,5.69,324846318.0,1909794577.0,-0.842,-0.05
002082,ST万邦,13.95,13.94,13.95,14.63,14.02,14.5,13.9,31772869.0,444886960.0,-4.648,-0.68
002083,孚日股份,10.13,10.12,10.13,10.27,10.28,10.35,10.06,20547993.0,208740690.0,-1.363,-0.14
002084,海鸥住工,3.55,3.55,3.56,3.6,3.62,3.68,3.5,15806407.0,56376348.0,-1.389,-0.05
002085,万丰奥威,12.8,12.8,12.81,12.9,12.9,13.04,12.53,39692394.0,506148155.0,-0.775,-0.1
002086,东方海洋,1.88,1.88,1.89,1.84,1.83,1.89,1.82,38399000.0,71584523.0,2.174,0.04
002088,鲁阳节能,9.02,9.01,9.02,9.02,9.16,9.23,8.93,1999510.0,18153197.0,0.0,0.0
002090,金智科技,11.34,11.33,11.34,11.05,11.08,11.35,11.06,10719460.0,120537191.0,2.624,0.29
002091,江苏国泰,8.97,8.97,8.98,9.04,9.03,9.04,8.9,19090103.0,170782131.0,-0.774,-0.07
002092,中泰化学,4.8,4.79,4.8,5.05,5.06,5.08,4.77,91033231.0,442534258.0,-4.95,-0.25
002093,国脉科技,7.84,7.83,7.84,7.94,7.94,7.99,7.73,11545062.0,90336163.0,-1.259,-0.1
002094,青岛金王,5.4,5.39,5.4,5.46,5.48,5.5,5.36,11954050.0,64731093.0,-1.099,-0.06
002095,生 意 宝,14.74,14.73,14.74,15.09,15.09,15.25,14.6,3954396.0,58475938.0,-2.319,-0.35
002096,易普力,10.23,10.23,10.24,10.39,10.42,10.42,10.16,6820898.0,69981624.0,-1.54,-0.16
002097,山河智能,9.19,9.19,9.2,9.12,9.31,9.76,9.14,26629883.0,249978040.0,0.768,0.07
002098,浔兴股份,7.85,7.84,7.85,8.04,8.06,8.15,7.84,3065800.0,24379044.0,-2.363,-0.19
002099,海翔药业,5.6,5.6,5.61,5.53,5.59,5.72,5.53,17688379.0,99516708.0,1.266,0.07
002100,天康生物,6.98,6.97,6.98,6.96,6.95,7.01,6.88,17364579.0,120548162.0,0.287,0.02
002101,广东鸿图,9.35,9.35,9.37,9.41,9.47,9.49,9.3,4420852.0,41473772.0,-0.638,-0.06
002102,ST能特,2.27,2.27,2.28,2.37,2.37,2.39,2.25,29460330.0,67996098.0,-4.219,-0.1
002103,广博股份,7.34,7.34,7.35,7.38,7.37,7.43,7.26,4504140.0,32992782.0,-0.542,-0.04
002104,恒宝股份,12.91,12.91,12.92,13.17,13.32,13.93,12.82,43429704.0,580842372.0,-1.974,-0.26
002105,信隆健康,6.29,6.29,6.3,6.46,6.44,6.62,6.22,7837265.0,49693149.0,-2.632,-0.17
002106,莱宝高科,11.86,11.86,11.87,11.41,11.4,12.22,11.34,34876056.0,410352623.0,3.944,0.45
002107,沃华医药,6.7,6.7,6.71,6.79,6.76,6.86,6.63,9177940.0,61524953.0,-1.325,-0.09
002108,沧州明珠,5.31,5.3,5.31,5.3,5.34,5.44,5.16,62902043.0,333133108.0,0.189,0.01
002109,ST兴化,2.96,2.96,2.97,2.99,2.98,2.99,2.94,13151051.0,38934707.0,-1.003,-0.03
002110,三钢闽光,3.22,3.22,3.23,3.15,3.17,3.25,3.16,19809850.0,63741007.0,2.222,0.07
002111,威海广泰,10.99,10.99,11.0,11.05,11.05,11.16,10.83,8817820.0,96692542.0,-0.543,-0.06
002112,三变科技,19.12,19.12,19.13,19.22,19.59,20.25,18.91,17632664.0,343325262.0,-0.52,-0.1
002114,罗平锌电,8.73,8.72,8.73,8.77,8.84,9.05,8.66,11598600.0,101811120.0,-0.456,-0.04
002115,三维通信,13.68,13.67,13.68,13.53,13.54,13.74,13.15,49476920.0,667002558.0,1.109,0.15
002116,中国海诚,9.13,9.12,9.13,9.12,9.16,9.17,9.05,2062883.0,18798357.0,0.11,0.01
002117,东港股份,9.79,9.78,9.79,9.7,9.65,9.84,9.5,9448211.0,91233673.0,0.928,0.09
002119,康强电子,25.16,25.16,25.17,23.53,23.83,25.3,23.53,59543562.0,1470555332.0,6.927,1.63
002120,韵达股份,7.07,7.06,7.07,7.17,7.17,7.18,7.03,32981559.0,233461700.0,-1.395,-0.1
002121,科陆电子,7.83,7.83,7.84,7.62,7.91,7.99,7.67,112340920.0,878891708.0,2.756,0.21
002122,ST汇洲,2.88,2.87,2.88,2.86,2.91,2.93,2.86,18119000.0,52350729.0,0.699,0.02
002123,梦网科技,9.73,9.73,9.74,9.62,9.73,10.16,9.6,30618803.0,300258995.0,1.143,0.11
002124,天邦食品,2.77,2.77,2.78,2.78,2.75,2.81,2.68,112598880.0,309212358.0,-0.36,-0.01
002125,湘潭电化,14.19,14.19,14.2,14.73,14.7,14.87,13.97,36366588.0,517883735.0,-3.666,-0.54
002126,银轮股份,57.89,57.88,57.89,58.99,59.28,59.51,56.01,25833368.0,1479864561.0,-1.865,-1.1
002127,南极电商,3.15,3.15,3.16,3.11,3.11,3.22,3.09,61280779.0,192760182.0,1.286,0.04
002128,电投能源,29.83,29.82,29.83,29.61,30.28,30.52,29.19,15640627.0,466012737.0,0.743,0.22
002129,TCL中环,9.22,9.21,9.22,9.36,9.37,9.43,9.04,110987421.0,1019772320.0,-1.496,-0.14
002130,沃尔核材,21.67,21.67,21.68,20.99,21.1,21.69,21.1,37364029.0,802153893.0,3.24,0.68
002131,利欧股份,6.42,6.42,6.43,6.65,6.73,6.81,6.31,406973797.0,2631957069.0,-3.459,-0.23
002132,恒星科技,5.38,5.37,5.38,5.46,5.5,5.54,5.27,62561332.0,334756657.0,-1.465,-0.08
002133,广宇集团,3.02,3.02,3.03,3.04,3.03,3.1,2.98,15949400.0,48249868.0,-0.658,-0.02
002134,天津普林,30.6,30.59,30.6,29.64,29.88,31.03,29.31,12405822.0,376319724.0,3.239,0.96
002135,东南网架,8.75,8.74,8.75,8.72,8.81,8.92,8.61,25827110.0,225404944.0,0.344,0.03
002136,安 纳 达,14.44,14.43,14.44,14.9,14.89,15.1,14.23,6521700.0,94639315.0,-3.087,-0.46
002137,实益达,8.83,8.82,8.83,8.63,8.64,8.83,8.47,21732247.0,189012736.0,2.317,0.2
002138,顺络电子,46.13,46.12,46.13,43.3,45.85,46.86,44.68,69577869.0,3181543186.0,6.536,2.83
002139,拓邦股份,11.19,11.19,11.2,11.19,11.2,11.25,11.09,18171156.0,202928497.0,0.0,0.0
002140,东华科技,10.48,10.48,10.49,10.4,10.45,10.54,10.3,6334989.0,65935683.0,0.769,0.08
002141,贤丰控股,3.59,3.58,3.59,3.58,3.64,3.65,3.57,13024235.0,46823997.0,0.279,0.01
002142,宁波银行,30.92,30.92,30.95,31.09,31.07,31.39,30.8,21351867.0,663805712.0,-0.547,-0.17
002144,宏达高科,12.9,12.9,12.91,13.21,13.25,13.49,12.79,4748801.0,61722380.0,-2.347,-0.31
002145,钛能化学,4.5,4.5,4.51,4.3,4.3,4.61,4.3,86830326.0,389229860.0,4.651,0.2
002146,荣盛发展,1.26,1.26,1.27,1.22,1.22,1.28,1.21,108793100.0,136051060.0,3.279,0.04
002148,北纬科技,7.22,7.21,7.22,7.4,7.4,7.48,7.13,11368909.0,82505226.0,-2.432,-0.18
002149,西部材料,69.98,69.97,69.98,72.12,73.98,73.98,69.0,67576489.0,4786718720.0,-2.967,-2.14
002150,正泰电源,33.37,33.37,33.38,34.0,34.36,35.3,32.71,29515034.0,1006570404.0,-1.853,-0.63
002151,北斗星通,38.95,38.95,38.96,38.87,39.22,39.8,38.38,13104815.0,511438811.0,0.206,0.08
002152,广电运通,11.33,11.32,11.33,11.23,11.29,11.38,11.15,20111274.0,226327068.0,0.89,0.1
002153,石基信息,8.83,8.83,8.84,8.82,8.86,8.95,8.7,18330181.0,161414693.0,0.113,0.01
002154,报 喜 鸟,4.35,4.35,4.36,4.3,4.3,4.39,4.27,22624900.0,98126131.0,1.163,0.05
002155,湖南黄金,25.47,25.47,25.48,25.19,25.65,26.1,25.21,35026342.0,895316372.0,1.112,0.28
002156,通富微电,69.78,69.78,0.0,63.44,64.27,69.78,62.8,227939691.0,15342505904.0,9.994,6.34
002157,正邦科技,3.31,3.31,3.32,3.27,3.25,3.35,3.23,188028189.0,618387785.0,1.223,0.04
002158,汉钟精机,33.51,33.51,33.52,35.75,35.75,35.84,32.91,31222988.0,1057462408.0,-6.266,-2.24
002159,三特索道,15.67,15.66,15.67,15.89,15.94,16.05,15.56,4789900.0,75318855.0,-1.385,-0.22
002160,常铝股份,4.71,4.7,4.71,4.74,4.75,4.81,4.67,17591213.0,82938835.0,-0.633,-0.03
002161,远 望 谷,6.72,6.71,6.72,6.54,6.58,6.9,6.43,22621013.0,151201071.0,2.752,0.18
002162,悦心健康,4.03,4.03,4.04,4.08,4.08,4.11,4.01,7616802.0,30807335.0,-1.225,-0.05
002163,海南发展,10.89,10.88,10.89,11.0,10.96,11.08,10.74,18154400.0,197425385.0,-1.0,-0.11
002164,宁波东力,14.31,14.3,14.31,14.56,14.5,14.55,14.16,23203033.0,331222657.0,-1.717,-0.25
002165,红 宝 丽,7.65,7.65,7.66,8.04,7.95,7.98,7.55,68295555.0,525617736.0,-4.851,-0.39
002166,莱茵生物,8.79,8.79,8.8,8.69,8.68,8.79,8.61,8758552.0,76160886.0,1.151,0.1
002167,东方锆业,12.78,12.78,12.79,12.78,12.9,13.19,12.59,35271543.0,452892126.0,0.0,0.0
002168,ST惠程,3.92,3.92,3.93,3.95,3.96,3.96,3.9,4791000.0,18749438.0,-0.759,-0.03
002169,智光电气,18.8,18.8,18.81,18.87,19.55,19.86,18.36,71013715.0,1344642647.0,-0.371,-0.07
002170,芭田股份,11.65,11.65,11.66,11.99,12.01,12.03,11.61,19993501.0,234941908.0,-2.836,-0.34
002171,楚江新材,11.83,11.83,11.84,11.42,11.47,11.85,11.38,56851956.0,663797824.0,3.59,0.41
002172,澳洋健康,3.45,3.45,3.46,3.51,3.5,3.52,3.41,13060101.0,45162454.0,-1.709,-0.06
002173,创新医疗,22.6,22.6,22.61,23.16,22.9,23.33,22.2,25219737.0,570175177.0,-2.418,-0.56
002174,游族网络,11.94,11.93,11.94,12.44,12.32,12.36,11.81,59095318.0,708061622.0,-4.019,-0.5
002175,*ST东智,2.69,2.69,0.0,2.56,2.55,2.69,2.52,41239100.0,108451476.0,5.078,0.13
002176,江特电机,12.36,12.36,12.37,12.87,12.93,12.99,12.32,101573708.0,1270588263.0,-3.963,-0.51
002177,御银股份,7.68,7.68,7.69,7.74,7.72,7.94,7.61,44047344.0,340348221.0,-0.775,-0.06
002178,延华智能,6.22,6.21,6.22,5.79,5.77,6.37,5.74,89621943.0,560406794.0,7.427,0.43
002179,中航光电,41.0,40.99,41.0,41.27,41.38,41.45,39.38,56854117.0,2280275465.0,-0.654,-0.27
002180,奔图科技,17.27,17.26,17.27,17.67,17.72,17.74,17.11,11765609.0,203313096.0,-2.264,-0.4
002181,粤 传 媒,13.17,13.16,13.17,13.75,13.59,13.89,12.98,80307798.0,1061802874.0,-4.218,-0.58
002182,宝武镁业,15.73,15.73,15.74,15.26,15.38,16.04,15.29,26610372.0,418081200.0,3.08,0.47
002183,怡 亚 通,6.95,6.95,6.96,6.94,7.02,7.05,6.81,114466117.0,794507379.0,0.144,0.01
002184,海得控制,12.07,12.06,12.07,12.29,12.34,12.4,11.9,7701800.0,92916356.0,-1.79,-0.22
002185,华天科技,16.97,16.97,0.0,15.43,16.0,16.97,15.91,291241305.0,4834879259.0,9.981,1.54
002186,全 聚 德,9.75,9.75,9.76,9.72,9.7,9.78,9.64,2806300.0,27257833.0,0.309,0.03
002187,广百股份,5.62,5.61,5.62,5.64,5.64,5.68,5.58,8159380.0,45867572.0,-0.355,-0.02
002188,中天服务,6.53,6.52,6.53,6.61,6.64,6.76,6.45,11722451.0,77379417.0,-1.21,-0.08
002189,中光学,23.43,23.42,23.43,22.92,23.14,23.6,22.91,5805221.0,135284700.0,2.225,0.51
002190,成飞集成,29.41,29.41,29.42,30.24,30.18,30.18,29.2,6132669.0,181263523.0,-2.745,-0.83
002191,劲嘉股份,3.78,3.78,3.79,3.77,3.75,3.81,3.71,16388815.0,61502600.0,0.265,0.01
002192,融捷股份,84.33,84.33,84.35,85.54,86.16,87.5,83.88,19004350.0,1617923048.0,-1.415,-1.21
002193,ST如意,5.1,5.1,5.15,5.07,5.2,5.32,4.99,15545998.0,80835329.0,0.592,0.03
002194,武汉凡谷,12.16,12.15,12.16,12.41,12.5,12.57,11.97,30740455.0,373889653.0,-2.015,-0.25
002195,岩山科技,8.05,8.04,8.05,8.15,8.14,8.2,7.93,130380121.0,1045314736.0,-1.227,-0.1
002196,方正电机,16.72,16.71,16.72,16.74,17.0,17.0,16.2,77064047.0,1284012650.0,-0.119,-0.02
002197,证通电子,7.31,7.3,7.31,7.45,7.45,7.55,7.2,16742600.0,122472580.0,-1.879,-0.14
002198,ST嘉应,3.82,3.81,3.82,4.01,4.01,4.03,3.81,19490350.0,75329635.0,-4.738,-0.19
002199,*ST东晶,14.25,14.25,0.0,13.57,14.24,14.25,14.15,1222400.0,17409168.0,5.011,0.68
002200,*ST交投,7.57,7.57,7.58,7.63,7.58,7.69,7.54,1865501.0,14128081.0,-0.786,-0.06
002201,九鼎新材,12.18,12.17,12.18,12.15,12.34,12.4,12.06,35797590.0,437594956.0,0.247,0.03
002202,金风科技,24.88,24.88,24.89,25.2,25.2,25.28,24.3,154789802.0,3820844184.0,-1.27,-0.32
002203,海亮股份,20.98,20.98,21.0,21.42,21.56,21.86,20.2,50224273.0,1041419432.0,-2.054,-0.44
002204,大连重工,6.23,6.23,6.24,6.15,6.18,6.27,6.17,17630100.0,109536154.0,1.301,0.08
002205,国统股份,13.99,13.99,14.0,13.95,13.98,14.22,13.74,3613800.0,50497596.0,0.287,0.04
002206,海 利 得,5.43,5.43,5.44,5.52,5.5,5.55,5.37,11499280.0,62573747.0,-1.63,-0.09
002207,*ST准油,9.12,9.12,0.0,8.69,9.09,9.12,9.05,13456204.0,122605668.0,4.948,0.43
002208,合肥城建,20.2,20.2,20.21,21.67,21.35,21.43,19.68,141253014.0,2859518585.0,-6.784,-1.47
002209,达 意 隆,13.06,13.06,13.07,13.25,13.32,13.42,13.03,3741702.0,49211800.0,-1.434,-0.19
002210,飞马国际,2.71,2.71,2.72,2.78,2.76,2.78,2.69,75320201.0,204542431.0,-2.518,-0.07
002211,ST宏达,3.67,3.66,3.67,3.83,3.8,3.85,3.64,11762900.0,43315108.0,-4.178,-0.16
002212,天融信,7.38,7.37,7.38,7.26,7.25,7.53,7.24,26402593.0,194601287.0,1.653,0.12
002213,大为股份,38.92,38.91,38.92,38.98,38.98,39.3,38.02,18728302.0,726087149.0,-0.154,-0.06
002214,*ST大立,18.25,18.25,18.26,18.59,18.56,18.56,18.15,4160500.0,76197650.0,-1.829,-0.34
002215,诺 普 信,9.12,9.12,9.13,9.37,9.4,9.45,9.03,19635000.0,180620859.0,-2.668,-0.25
002216,三全食品,13.17,13.17,13.18,13.35,13.35,13.35,13.04,5888900.0,77637936.0,-1.348,-0.18
002217,合力泰,2.79,2.79,2.8,2.82,2.81,2.84,2.74,339097700.0,943399627.0,-1.064,-0.03
002218,拓日新能,5.08,5.08,5.09,5.11,5.21,5.22,5.02,41870398.0,213476402.0,-0.587,-0.03
002219,新里程,2.19,2.19,2.2,2.19,2.2,2.2,2.16,49028942.0,106731252.0,0.0,0.0
002221,东华能源,7.25,7.25,7.26,7.15,7.15,7.37,7.13,17765762.0,128967989.0,1.399,0.1
002222,福晶科技,111.89,111.89,111.9,105.56,109.0,114.0,106.91,52071289.0,5761156631.0,5.997,6.33
002223,鱼跃医疗,27.72,27.72,27.74,27.18,27.59,28.74,27.46,18917881.0,528519832.0,1.987,0.54
002224,三 力 士,3.84,3.84,3.85,3.89,3.89,3.92,3.81,9202200.0,35390915.0,-1.285,-0.05
002225,濮耐股份,4.02,4.01,4.02,3.98,3.98,4.08,3.94,33267578.0,132814771.0,1.005,0.04
002226,江南化工,5.76,5.76,5.77,5.91,5.86,5.97,5.67,59269400.0,342207706.0,-2.538,-0.15
002227,*ST特迅,8.41,8.39,8.41,8.61,8.55,8.75,8.18,4193300.0,35346987.0,-2.323,-0.2
002228,合兴包装,3.52,3.52,3.53,3.56,3.55,3.59,3.48,17067062.0,60282783.0,-1.124,-0.04
002229,鸿博股份,14.85,14.85,14.86,15.31,15.52,15.59,14.71,47531410.0,711922385.0,-3.005,-0.46
002230,科大讯飞,48.68,48.68,48.69,47.35,47.7,48.68,47.41,53720367.0,2585302275.0,2.809,1.33
002232,启明信息,17.38,17.37,17.38,17.64,17.59,17.81,17.24,5419301.0,94363742.0,-1.474,-0.26
002233,塔牌集团,8.2,8.2,8.21,8.21,8.21,8.24,8.15,4962841.0,40627881.0,-0.122,-0.01
002234,民和股份,7.78,7.78,7.79,7.8,7.8,7.88,7.68,4670400.0,36281000.0,-0.256,-0.02
002235,安妮股份,10.4,10.4,10.41,10.3,10.48,10.7,10.3,37532517.0,393644514.0,0.971,0.1
002236,大华股份,18.11,18.1,18.11,17.86,17.92,18.25,17.86,35237630.0,636958874.0,1.4,0.25
002237,恒邦股份,14.36,14.36,14.37,14.35,14.55,14.74,14.26,19283650.0,277979934.0,0.07,0.01
002238,天威视讯,6.92,6.91,6.92,6.9,6.91,7.05,6.78,7346981.0,50622000.0,0.29,0.02
002239,奥特佳,2.69,2.69,2.7,2.7,2.7,2.72,2.67,45858395.0,123465085.0,-0.37,-0.01
002240,盛新锂能,48.51,48.5,48.51,49.11,49.45,50.2,48.0,43632995.0,2136098542.0,-1.222,-0.6
002241,歌尔股份,25.49,25.48,25.49,25.56,25.56,25.7,25.18,89736522.0,2278037079.0,-0.274,-0.07
002242,九阳股份,9.38,9.38,9.39,9.6,9.6,9.67,9.3,12199858.0,114975634.0,-2.292,-0.22
002243,力合科创,8.75,8.74,8.75,8.81,8.81,8.89,8.64,13074934.0,114343423.0,-0.681,-0.06
002244,滨江集团,10.49,10.49,10.5,10.11,10.08,10.7,10.07,30285230.0,315992031.0,3.759,0.38
002245,蔚蓝锂芯,20.32,20.31,20.32,20.41,20.99,21.0,18.89,214361075.0,4291993703.0,-0.441,-0.09
002246,北化股份,23.56,23.56,23.57,23.2,23.26,24.65,23.0,31140400.0,742533834.0,1.552,0.36
002247,聚力文化,2.75,2.75,2.76,2.8,2.83,2.86,2.73,21849800.0,60658509.0,-1.786,-0.05
002248,华东数控,11.81,11.81,11.82,12.53,12.61,12.69,11.8,17262700.0,207891711.0,-5.746,-0.72
002249,大洋电机,9.49,9.49,9.5,9.84,9.72,9.76,9.38,84703226.0,806714956.0,-3.557,-0.35
002250,联化科技,14.97,14.97,14.98,15.17,15.09,15.09,14.63,16236400.0,240426735.0,-1.318,-0.2
002251,步步高,3.77,3.76,3.77,3.7,3.7,3.79,3.66,62764233.0,234797428.0,1.892,0.07
002252,上海莱士,5.21,5.21,5.22,5.23,5.23,5.26,5.19,30618918.0,159960933.0,-0.382,-0.02
002253,*ST智胜,11.92,11.91,11.92,11.76,11.87,12.08,11.6,7505400.0,88860250.0,1.361,0.16
002254,泰和新材,15.55,15.55,15.56,15.93,15.99,16.34,15.41,69250070.0,1086946136.0,-2.385,-0.38
002255,海陆重工,10.47,10.46,10.47,10.4,10.4,10.57,10.32,14076041.0,146952735.0,0.673,0.07
002256,兆新股份,4.6,4.6,4.61,4.58,4.59,4.7,4.55,80660949.0,372930759.0,0.437,0.02
002258,利尔化学,12.56,12.56,12.57,12.17,12.38,12.94,12.22,27263240.0,345604714.0,3.205,0.39
002259,升达林业,5.35,5.34,5.35,5.25,5.25,5.42,5.06,28578800.0,150029563.0,1.905,0.1
002261,拓维信息,33.17,33.16,33.17,32.23,32.4,33.45,31.84,81211742.0,2652831184.0,2.917,0.94
002262,恩华药业,20.26,20.26,20.27,20.58,20.55,20.57,20.14,9359754.0,189594227.0,-1.555,-0.32
002263,大东南,3.82,3.82,3.83,3.86,3.84,3.88,3.76,62619446.0,239151722.0,-1.036,-0.04
002264,新 华 都,7.01,7.0,7.01,7.08,7.1,7.17,6.92,11875900.0,83215241.0,-0.989,-0.07
002265,建设工业,22.25,22.25,22.26,22.23,22.23,22.54,21.97,8209421.0,181945245.0,0.09,0.02
002266,浙富控股,5.39,5.39,5.4,5.53,5.54,5.57,5.33,74460837.0,401084218.0,-2.532,-0.14
002267,陕天然气,7.47,7.47,7.48,7.57,7.52,7.56,7.45,5231500.0,39174280.0,-1.321,-0.1
002268,电科网安,15.32,15.32,15.33,15.17,15.18,15.6,15.01,11963126.0,183432566.0,0.989,0.15
002269,美邦服饰,1.61,1.61,1.62,1.56,1.55,1.62,1.54,57477746.0,91370906.0,3.205,0.05
002270,华明装备,23.91,23.91,23.92,22.94,23.3,24.31,23.3,22852240.0,547188216.0,4.228,0.97
002271,东方雨虹,14.1,14.09,14.1,14.11,14.18,14.26,13.83,41552713.0,581916258.0,-0.071,-0.01
002272,川润股份,24.1,24.09,24.1,24.7,24.87,24.96,23.24,105298915.0,2516026217.0,-2.429,-0.6
002273,水晶光电,40.14,40.14,40.15,40.34,40.61,40.7,38.22,116262700.0,4593333265.0,-0.496,-0.2
002274,华昌化工,6.0,5.99,6.0,6.1,5.93,6.03,5.92,17497401.0,104289191.0,-1.639,-0.1
002275,桂林三金,13.5,13.5,13.51,13.54,13.56,13.6,13.41,1773000.0,23931288.0,-0.295,-0.04
002276,万马股份,12.83,12.82,12.83,13.01,13.02,13.2,12.75,17941238.0,231967416.0,-1.384,-0.18
002277,友阿股份,7.02,7.02,7.03,6.81,6.89,7.14,6.78,56736411.0,395327421.0,3.084,0.21
002278,神开股份,9.32,9.31,9.32,9.67,9.72,9.73,9.23,11982275.0,112527836.0,-3.619,-0.35
002279,久其软件,7.05,7.05,7.06,7.09,7.09,7.17,6.97,20092956.0,141357724.0,-0.564,-0.04
002281,光迅科技,223.98,223.98,223.99,215.87,213.0,226.3,203.1,73950020.0,15980200558.0,3.757,8.11
002282,博深股份,6.5,6.49,6.5,6.54,6.53,6.62,6.43,4569500.0,29656336.0,-0.612,-0.04
002283,天润工业,12.35,12.35,12.36,12.07,12.24,12.72,12.23,47069871.0,587894660.0,2.32,0.28
002284,亚太股份,12.72,12.72,12.73,13.05,13.0,13.1,12.71,19926162.0,256350707.0,-2.529,-0.33
002285,世联行,2.81,2.8,2.81,2.84,2.82,2.86,2.79,32074933.0,90231382.0,-1.056,-0.03
002286,保龄宝,8.81,8.8,8.81,8.95,8.95,8.97,8.73,6788900.0,60017523.0,-1.564,-0.14
002287,奇正藏药,21.7,21.7,21.72,21.9,21.9,22.08,21.52,1263485.0,27455153.0,-0.913,-0.2
002289,*ST宇顺,40.47,40.47,40.5,41.32,41.48,42.55,40.3,4069450.0,168929000.0,-2.057,-0.85
002290,禾盛新材,102.58,102.57,102.58,102.57,102.0,103.2,98.0,13652274.0,1371887493.0,0.01,0.01
002291,遥望科技,6.25,6.25,6.26,6.35,6.39,6.45,6.18,30997533.0,194062868.0,-1.575,-0.1
002292,奥飞娱乐,7.74,7.73,7.74,7.69,7.71,7.83,7.63,23914713.0,184809821.0,0.65,0.05
002293,罗莱生活,9.98,9.98,10.02,10.2,10.18,10.29,9.89,9038553.0,90514169.0,-2.157,-0.22
002294,信立泰,34.75,34.75,34.76,35.35,35.1,35.38,34.3,20361791.0,705680157.0,-1.697,-0.6
002295,精艺股份,10.8,10.8,10.82,11.13,11.19,11.29,10.69,4841000.0,52763542.0,-2.965,-0.33
002296,辉煌科技,10.71,10.7,10.71,11.02,11.07,11.14,10.56,13143900.0,141508830.0,-2.813,-0.31
002297,博云新材,29.24,29.24,0.0,26.58,27.38,29.24,27.33,115529437.0,3322352283.0,10.008,2.66
002298,中电鑫龙,10.42,10.42,10.43,10.66,10.71,11.02,10.32,47252751.0,500179633.0,-2.251,-0.24
002299,圣农发展,16.98,16.98,17.0,17.09,17.11,17.26,16.84,9602601.0,163394087.0,-0.644,-0.11
002300,太阳电缆,9.38,9.37,9.38,9.27,9.3,9.56,9.3,28112245.0,264156029.0,1.187,0.11
002301,齐心集团,8.4,8.39,8.4,8.33,8.29,8.45,8.25,22675521.0,189569288.0,0.84,0.07
002302,西部建设,5.27,5.26,5.27,5.31,5.33,5.35,5.24,6696500.0,35356177.0,-0.753,-0.04
002303,美盈森,3.41,3.41,3.42,3.53,3.52,3.54,3.39,21197000.0,73131045.0,-3.399,-0.12
002304,洋河股份,44.47,44.46,44.47,43.61,43.49,44.72,43.32,9210275.0,406488542.0,1.972,0.86
002305,*ST南置,2.47,2.47,2.48,2.38,2.37,2.49,2.37,41779600.0,101724611.0,3.782,0.09
002306,*ST云网,2.11,2.1,2.11,2.17,2.16,2.17,2.07,14305300.0,30247098.0,-2.765,-0.06
002307,北新路桥,4.19,4.18,4.19,4.14,4.19,4.23,4.13,12550602.0,52487436.0,1.208,0.05
002309,中利集团,3.73,3.72,3.73,3.83,3.83,3.87,3.69,192878200.0,721001254.0,-2.611,-0.1
002310,东方新能,2.92,2.91,2.92,2.86,2.87,2.94,2.85,125023070.0,362240816.0,2.098,0.06
002311,海大集团,45.07,45.07,45.08,45.68,46.0,46.0,44.83,7664967.0,345961122.0,-1.335,-0.61
002312,川发龙蟒,9.49,9.49,9.5,9.73,9.77,9.79,9.46,27348780.0,261529158.0,-2.467,-0.24
002313,日海智能,9.8,9.8,9.81,9.91,9.92,9.97,9.68,8144200.0,79674847.0,-1.11,-0.11
002314,南山控股,2.3,2.29,2.3,2.26,2.25,2.32,2.24,17223922.0,39337109.0,1.77,0.04
002315,焦点科技,27.4,27.39,27.4,29.16,29.17,29.3,27.1,15825731.0,438010000.0,-6.036,-1.76
002316,亚联发展,5.41,5.41,5.43,5.5,5.51,5.58,5.28,19692800.0,106266215.0,-1.636,-0.09
002317,众生药业,23.7,23.7,23.71,23.91,23.75,24.35,23.1,44907388.0,1062886367.0,-0.878,-0.21
002318,久立特材,26.16,26.15,26.16,26.4,26.44,26.64,25.92,10732578.0,280666802.0,-0.909,-0.24
002319,乐通股份,12.26,12.25,12.26,12.36,12.47,12.52,12.13,10091102.0,124082164.0,-0.809,-0.1
002320,海峡股份,7.97,7.97,7.98,7.93,8.01,8.12,7.91,17051768.0,136443524.0,0.504,0.04
002321,华英农业,1.95,1.95,1.96,1.93,1.93,1.96,1.92,16700701.0,32402067.0,1.036,0.02
002322,理工能科,11.7,11.69,11.7,11.7,11.68,11.83,11.56,3211300.0,37506821.0,0.0,0.0
002323,*ST雅博,1.21,1.21,0.0,1.15,1.21,1.21,1.21,14713677.0,17803549.0,5.217,0.06
002324,普利特,13.41,13.41,13.42,13.6,13.6,13.73,13.32,17047694.0,229304084.0,-1.397,-0.19
002326,永太科技,22.73,22.73,22.74,24.26,23.84,24.0,22.6,64646414.0,1487900886.0,-6.307,-1.53
002327,富安娜,6.99,6.98,6.99,6.97,6.94,7.07,6.88,4833070.0,33735604.0,0.287,0.02
002328,新朋股份,10.2,10.2,10.21,10.15,10.12,10.55,10.11,51325343.0,526794804.0,0.493,0.05
002329,皇氏集团,4.56,4.56,4.57,4.35,4.39,4.63,4.38,39452145.0,178565171.0,4.828,0.21
002330,得利斯,4.25,4.25,4.26,4.32,4.32,4.35,4.21,10700292.0,45662357.0,-1.62,-0.07
002331,皖通科技,9.31,9.31,9.32,9.46,9.49,9.52,9.05,12037200.0,110958321.0,-1.586,-0.15
002332,仙琚制药,8.48,8.48,8.49,8.56,8.58,8.59,8.47,7458014.0,63452969.0,-0.935,-0.08
002333,罗普斯金,5.29,5.28,5.29,5.32,5.31,5.36,5.24,5169700.0,27266651.0,-0.564,-0.03
002334,英威腾,9.4,9.39,9.4,9.06,8.99,9.57,8.99,76005903.0,713354633.0,3.753,0.34
002335,科华数据,63.82,63.81,63.82,64.09,64.5,64.99,63.01,21264530.0,1353643214.0,-0.421,-0.27
002337,赛象科技,5.64,5.63,5.64,5.71,5.76,5.8,5.55,8131883.0,45846372.0,-1.226,-0.07
002338,奥普光电,65.33,65.33,65.34,65.2,66.21,67.55,64.08,6899171.0,449301765.0,0.199,0.13
002339,积成电子,9.22,9.22,9.23,9.23,9.24,9.58,9.2,15675590.0,146338823.0,-0.108,-0.01
002340,格林美,8.1,8.1,8.11,8.27,8.29,8.3,8.03,109704275.0,888693591.0,-2.056,-0.17
002342,巨力索具,12.76,12.76,12.77,13.17,13.37,13.45,12.45,193473157.0,2467865229.0,-3.113,-0.41
002343,慈文传媒,5.39,5.38,5.39,5.53,5.53,5.61,5.34,11529860.0,62608724.0,-2.532,-0.14
002344,海宁皮城,4.18,4.17,4.18,4.2,4.26,4.27,4.12,8536869.0,35824838.0,-0.476,-0.02
002345,潮宏基,9.2,9.2,9.21,9.23,9.24,9.38,9.13,10577000.0,97939443.0,-0.325,-0.03
002346,柘中股份,21.06,21.06,21.07,20.35,20.35,21.68,20.15,10572200.0,222321985.0,3.489,0.71
002347,泰尔股份,7.92,7.92,7.93,8.18,8.23,8.31,7.88,19840300.0,159490451.0,-3.178,-0.26
002348,高乐股份,12.89,12.89,12.9,12.98,13.3,13.41,12.58,28630268.0,369898049.0,-0.693,-0.09
002349,精华制药,6.96,6.96,6.97,7.05,7.04,7.05,6.9,10535345.0,73286609.0,-1.277,-0.09
002350,北京科锐,15.83,15.82,15.83,16.02,16.07,16.39,15.41,19158115.0,302257190.0,-1.186,-0.19
002351,漫步者,10.88,10.88,10.89,11.02,11.03,11.17,10.8,9228482.0,100774124.0,-1.27,-0.14
002352,顺丰控股,35.62,35.62,35.63,35.15,35.14,35.64,35.0,18278882.0,645927221.0,1.337,0.47
002353,杰瑞股份,137.35,137.35,137.36,133.25,133.69,137.61,130.75,18262597.0,2456165393.0,3.077,4.1
002354,天娱数科,6.87,6.86,6.87,6.76,6.8,7.08,6.77,163891306.0,1132302396.0,1.627,0.11
002355,兴民智通,6.02,6.02,6.03,6.21,6.2,6.23,6.0,24886356.0,151240523.0,-3.06,-0.19
002356,赫美集团,3.03,3.02,3.03,2.99,3.03,3.09,3.0,23361000.0,70933283.0,1.338,0.04
002357,富临运业,11.62,11.61,11.62,11.01,11.05,11.89,11.05,17389302.0,201494673.0,5.54,0.61
002358,森源电气,6.8,6.79,6.8,6.71,6.76,6.95,6.72,20640400.0,140688703.0,1.341,0.09
002360,ST同德,5.97,5.97,5.98,6.15,6.15,6.2,5.92,10923545.0,65945119.0,-2.927,-0.18
002361,神剑股份,17.85,17.84,17.85,17.36,17.71,18.2,17.05,141534042.0,2511926638.0,2.823,0.49
002362,汉王科技,17.97,17.96,17.97,17.85,17.86,18.26,17.66,4533105.0,81180021.0,0.672,0.12
002363,隆基机械,7.68,7.67,7.68,7.84,7.84,7.88,7.57,7353000.0,56530665.0,-2.041,-0.16
002364,中恒电气,56.25,56.21,56.25,52.09,53.46,57.3,53.13,63970003.0,3578703952.0,7.986,4.16
002365,永安药业,12.33,12.33,12.34,12.29,12.41,12.86,12.2,9135541.0,114126633.0,0.325,0.04
002366,融发核电,7.15,7.14,7.15,7.11,7.12,7.25,7.06,33613132.0,240257347.0,0.563,0.04
002367,康力电梯,5.88,5.87,5.88,5.94,5.95,5.98,5.83,9049512.0,53275218.0,-1.01,-0.06
002368,太极股份,16.09,16.09,16.1,16.13,16.14,16.36,15.89,8363360.0,134443013.0,-0.248,-0.04
002369,卓翼科技,6.91,6.91,6.92,7.0,7.0,7.04,6.84,12235600.0,84738159.0,-1.286,-0.09
002370,亚太药业,5.91,5.91,5.92,6.12,6.11,6.12,5.82,27025639.0,159856059.0,-3.431,-0.21
002371,北方华创,698.19,698.16,698.19,669.0,650.13,719.05,626.11,20412185.0,13734699753.0,4.363,29.19
002372,伟星新材,9.87,9.86,9.87,9.87,9.99,10.03,9.85,5733436.0,56908800.0,0.0,0.0
002373,千方科技,8.62,8.62,8.63,8.52,8.5,8.64,8.46,21973954.0,188106624.0,1.174,0.1
002374,中锐股份,3.78,3.78,3.79,3.68,3.66,4.0,3.66,98292295.0,377771074.0,2.717,0.1
002375,亚厦股份,4.51,4.5,4.51,4.44,4.44,4.54,4.4,28833687.0,129231870.0,1.577,0.07
002376,新北洋,7.05,7.05,7.06,6.95,6.95,7.08,6.94,9176102.0,64398821.0,1.439,0.1
002377,国创高新,3.09,3.09,3.1,3.18,3.15,3.21,3.08,24618200.0,76890962.0,-2.83,-0.09
002378,章源钨业,28.5,28.5,28.51,29.05,29.45,29.87,28.31,35857870.0,1031427553.0,-1.893,-0.55
002379,宏桥控股,20.76,20.76,20.77,20.94,20.99,21.27,20.52,23920702.0,498222507.0,-0.86,-0.18
002380,科远智慧,45.59,0.0,45.59,50.66,49.17,49.68,45.59,16275853.0,765363778.0,-10.008,-5.07
002381,双箭股份,6.14,6.14,6.17,6.27,6.31,6.33,6.13,5719305.0,35379967.0,-2.073,-0.13
002382,蓝帆医疗,7.0,6.99,7.0,6.89,6.96,7.14,6.91,20594107.0,144712247.0,1.597,0.11
002383,合众思壮,8.52,8.51,8.52,8.62,8.61,8.68,8.44,9743627.0,83160945.0,-1.16,-0.1
002384,东山精密,226.24,226.23,226.24,220.55,222.91,228.28,218.3,83165125.0,18617374646.0,2.58,5.69
002385,大北农,3.37,3.37,3.38,3.46,3.46,3.47,3.34,82215500.0,278804754.0,-2.601,-0.09
002386,天原股份,5.94,5.94,5.95,6.2,6.15,6.19,5.88,38440069.0,229677311.0,-4.194,-0.26
002387,维信诺,8.78,8.78,8.79,8.64,8.6,8.99,8.46,34631484.0,300510939.0,1.62,0.14
002388,新亚制程,5.85,5.85,0.0,5.32,5.31,5.85,5.31,36408600.0,206650685.0,9.962,0.53
002389,航天彩虹,20.94,20.94,20.95,20.36,21.01,21.43,20.5,21512036.0,447977896.0,2.849,0.58
002390,信邦制药,3.08,3.08,3.09,3.06,3.06,3.1,3.05,19530450.0,60001479.0,0.654,0.02
002391,长青股份,5.93,5.93,5.95,5.97,5.97,6.02,5.87,6651026.0,39482475.0,-0.67,-0.04
002392,北京利尔,9.11,9.11,9.12,9.14,9.32,9.39,9.02,24479050.0,224033935.0,-0.328,-0.03
002393,力生制药,15.07,15.05,15.07,15.18,15.1,15.3,14.88,2198342.0,33076909.0,-0.725,-0.11
002394,联发股份,10.91,10.91,10.92,11.4,11.5,11.54,10.83,8247100.0,91710166.0,-4.298,-0.49
002395,双象股份,15.34,15.34,15.35,16.18,16.18,16.21,15.26,9961670.0,154711569.0,-5.192,-0.84
002396,星网锐捷,23.9,23.9,23.91,24.2,24.23,24.31,23.53,29351249.0,701895232.0,-1.24,-0.3
002397,梦洁股份,4.87,4.86,4.87,5.28,5.31,5.31,4.83,31976861.0,159198077.0,-7.765,-0.41
002398,垒知集团,4.67,4.66,4.67,4.75,4.75,4.79,4.6,13080904.0,61054689.0,-1.684,-0.08
002399,海普瑞,10.08,10.08,10.09,10.19,10.18,10.3,9.97,3956222.0,39960842.0,-1.079,-0.11
002400,省广集团,8.24,8.23,8.24,8.37,8.4,8.5,8.15,72730798.0,601528674.0,-1.553,-0.13
002401,中远海科,14.03,14.03,14.04,14.12,14.14,14.28,13.87,3815657.0,53476200.0,-0.637,-0.09
002402,和而泰,30.6,30.59,30.6,30.92,30.9,31.02,30.23,28453979.0,868149747.0,-1.035,-0.32
002403,爱仕达,11.15,11.15,11.16,11.39,11.38,11.47,11.04,4778413.0,53656603.0,-2.107,-0.24
002404,嘉欣丝绸,6.36,6.35,6.36,6.5,6.47,6.54,6.3,8262520.0,52750287.0,-2.154,-0.14
002405,四维图新,9.55,9.54,9.55,9.46,9.5,9.72,9.45,88337123.0,847714291.0,0.951,0.09
002406,远东传动,7.95,7.94,7.95,8.14,8.13,8.18,7.85,31926104.0,254049821.0,-2.334,-0.19
002407,多氟多,38.43,0.0,38.43,42.7,42.44,42.44,38.43,214347667.0,8438606390.0,-10.0,-4.27
002408,齐翔腾达,5.44,5.44,5.45,5.57,5.58,5.62,5.39,34430973.0,188752490.0,-2.334,-0.13
002409,雅克科技,128.15,128.15,0.0,116.5,119.33,128.15,115.55,39321505.0,4855324835.0,10.0,11.65
002410,广联达,9.96,9.96,9.97,9.92,9.9,10.02,9.76,26631033.0,263551908.0,0.403,0.04
002412,汉森制药,6.76,6.75,6.76,6.93,6.91,6.97,6.69,9818737.0,66903659.0,-2.453,-0.17
002413,雷科防务,11.28,11.28,11.29,11.48,11.52,11.63,11.14,56368633.0,636809403.0,-1.742,-0.2
002414,高德红外,13.92,13.91,13.92,13.95,14.09,14.35,13.74,55180565.0,770340413.0,-0.215,-0.03
002415,海康威视,32.27,32.27,32.28,31.83,32.01,32.4,31.84,47925768.0,1539667239.0,1.382,0.44
002416,爱施德,11.73,11.73,11.74,11.99,11.95,11.99,11.54,28462543.0,332130142.0,-2.168,-0.26
002418,康盛股份,5.27,5.27,5.28,5.6,5.58,5.62,5.22,89709800.0,476884618.0,-5.893,-0.33
002419,天虹股份,4.95,4.94,4.95,4.94,4.95,5.0,4.89,11019250.0,54379895.0,0.202,0.01
002420,毅昌科技,6.51,6.51,6.52,6.72,6.72,6.73,6.47,10655600.0,70027443.0,-3.125,-0.21
002421,达实智能,4.8,4.8,0.0,4.36,4.59,4.8,4.5,774546699.0,3654134241.0,10.092,0.44
002422,科伦药业,34.36,34.36,34.38,34.72,34.7,35.0,33.91,13876255.0,477322495.0,-1.037,-0.36
002423,中粮资本,9.26,9.25,9.26,9.28,9.29,9.34,9.1,14159901.0,130051737.0,-0.216,-0.02
002424,ST百灵,4.64,4.64,4.65,4.72,4.72,4.74,4.55,14607100.0,67452386.0,-1.695,-0.08
002425,凯撒文化,3.24,3.23,3.24,3.34,3.36,3.36,3.2,19949615.0,64960373.0,-2.994,-0.1
002426,胜利精密,3.69,3.68,3.69,3.66,3.66,3.72,3.61,113594209.0,416256961.0,0.82,0.03
002427,尤夫股份,4.83,4.82,4.83,4.98,4.96,5.0,4.8,13398522.0,65056651.0,-3.012,-0.15
002428,云南锗业,89.4,89.4,89.41,87.1,90.52,91.94,88.04,78330322.0,7048028982.0,2.641,2.3
002429,兆驰股份,12.24,12.23,12.24,12.39,12.51,12.54,11.74,158287798.0,1910204807.0,-1.211,-0.15
002430,杭氧股份,27.02,27.02,27.03,27.37,27.35,27.56,26.63,17088750.0,461366115.0,-1.279,-0.35
002431,ST棕榈,1.62,1.62,1.63,1.68,1.66,1.67,1.6,38903192.0,63271267.0,-3.571,-0.06
002432,九安医疗,87.86,87.86,0.0,79.87,80.8,87.86,80.7,31020600.0,2674970914.0,10.004,7.99
002434,万里扬,7.55,7.54,7.55,7.66,7.64,7.7,7.46,23670675.0,178343212.0,-1.436,-0.11
002436,兴森科技,38.12,38.11,38.12,35.42,36.0,38.2,35.43,198868829.0,7418303690.0,7.623,2.7
002437,誉衡药业,3.07,3.06,3.07,3.11,3.08,3.1,3.04,47006336.0,144121609.0,-1.286,-0.04
002438,江苏神通,17.75,17.75,0.0,16.14,16.24,17.75,16.15,21672500.0,378198990.0,9.975,1.61
002439,启明星辰,15.57,15.56,15.57,15.3,15.31,15.64,15.12,29472950.0,455063145.0,1.765,0.27
002440,闰土股份,9.24,9.24,9.25,9.59,9.58,9.59,9.23,23534450.0,219726325.0,-3.65,-0.35
002441,众业达,10.28,10.28,10.29,10.19,10.2,10.55,10.16,7950093.0,82006495.0,0.883,0.09
002442,龙星科技,7.85,7.84,7.85,8.11,8.59,8.92,7.51,130082342.0,1064744252.0,-3.206,-0.26
002443,金洲管道,12.07,12.07,12.08,12.47,12.66,12.71,11.22,57358786.0,681165902.0,-3.208,-0.4
002444,巨星科技,33.37,33.37,33.38,32.44,33.5,34.57,33.12,21284031.0,718675439.0,2.867,0.93
002445,中南文化,3.6,3.6,3.61,3.68,3.69,3.72,3.55,102472117.0,368859996.0,-2.174,-0.08
002446,盛路通信,10.61,10.61,10.62,10.42,10.5,10.73,10.25,36920653.0,388662626.0,1.823,0.19
002448,中原内配,14.65,14.65,14.66,14.13,14.13,14.75,13.96,23631750.0,340739145.0,3.68,0.52
002449,国星光电,8.7,8.7,8.71,8.92,8.77,8.84,8.56,36340239.0,315178792.0,-2.466,-0.22
002451,摩恩电气,8.94,8.94,8.95,9.0,8.99,9.32,8.83,9833500.0,88476115.0,-0.667,-0.06
002452,长高电新,12.23,12.23,12.24,11.54,11.7,12.69,11.65,68833206.0,851632869.0,5.979,0.69
002453,华软科技,6.35,6.34,6.35,6.26,6.39,6.44,6.21,54898301.0,346199292.0,1.438,0.09
002454,松芝股份,6.46,6.46,6.47,6.73,6.73,6.73,6.45,20740208.0,135353699.0,-4.012,-0.27
002455,百川股份,9.25,9.25,9.26,9.71,9.61,9.7,9.19,49867374.0,467204501.0,-4.737,-0.46
002456,欧菲光,9.24,9.24,9.25,8.89,8.85,9.45,8.8,167762819.0,1539408074.0,3.937,0.35
002457,青龙管业,13.25,13.25,13.26,13.4,13.75,13.97,13.15,48356414.0,655907438.0,-1.119,-0.15
002458,益生股份,8.22,8.22,8.23,8.25,8.33,8.34,8.18,14892774.0,122784261.0,-0.364,-0.03
002459,晶澳科技,9.64,9.64,9.65,9.83,9.83,9.85,9.52,45272912.0,436087303.0,-1.933,-0.19
002460,赣锋锂业,75.1,75.1,75.11,75.9,76.5,76.66,74.62,40495164.0,3048265418.0,-1.054,-0.8
002461,珠江啤酒,9.47,9.47,9.48,9.4,9.4,9.47,9.21,10176079.0,95183866.0,0.745,0.07
002462,嘉事堂,13.99,13.99,14.0,13.69,13.69,14.1,13.56,9680696.0,134741713.0,2.191,0.3
002463,沪电股份,122.54,122.54,122.55,114.07,121.02,123.82,119.2,99725433.0,12116950713.0,7.425,8.47
002465,海格通信,17.5,17.5,17.51,16.41,16.42,17.63,16.42,199031787.0,3419121308.0,6.642,1.09
002466,天齐锂业,66.67,66.67,66.68,66.52,67.07,68.08,65.79,53371622.0,3558986436.0,0.225,0.15
002467,二六三,6.08,6.07,6.08,6.34,6.32,6.34,5.99,74306797.0,452814320.0,-4.101,-0.26
002468,申通快递,14.86,14.85,14.86,15.06,15.08,15.1,14.73,20173100.0,300673066.0,-1.328,-0.2
002469,三维化学,6.64,6.64,6.65,6.71,6.71,6.71,6.6,4798595.0,31867901.0,-1.043,-0.07
002470,金正大,2.46,2.45,2.46,2.48,2.47,2.48,2.42,102934069.0,251264844.0,-0.806,-0.02
002471,中超控股,7.84,7.84,7.85,8.08,8.08,8.15,7.81,64483297.0,509950823.0,-2.97,-0.24
002472,双环传动,43.63,43.63,43.64,44.4,44.82,45.0,43.22,33950038.0,1489226975.0,-1.734,-0.77
002474,榕基软件,7.4,7.4,7.41,7.96,7.9,8.0,7.27,46356918.0,352123717.0,-7.035,-0.56
002475,立讯精密,74.7,74.69,74.7,72.4,73.3,74.93,71.5,215299602.0,15835830718.0,3.177,2.3
002476,宝莫股份,5.63,5.63,5.64,5.62,5.56,5.88,5.55,11152900.0,63547718.0,0.178,0.01
002478,常宝股份,7.6,7.6,7.62,7.8,7.8,7.92,7.55,26458821.0,202708706.0,-2.564,-0.2
002479,富春环保,5.37,5.36,5.37,5.27,5.28,5.38,5.22,17584100.0,93473858.0,1.898,0.1
002480,新筑股份,6.07,6.06,6.07,6.23,6.23,6.28,6.0,17430700.0,105749843.0,-2.568,-0.16
002481,双塔食品,4.12,4.11,4.12,4.13,4.13,4.15,4.08,6622307.0,27234877.0,-0.242,-0.01
002482,广田集团,1.57,1.56,1.57,1.56,1.55,1.57,1.54,25552589.0,39763915.0,0.641,0.01
002483,润邦股份,5.93,5.92,5.93,6.04,6.04,6.08,5.91,10814360.0,64739096.0,-1.821,-0.11
002484,江海股份,61.91,61.9,61.91,60.5,63.0,63.73,58.96,59551477.0,3636895785.0,2.331,1.41
002485,ST雪发,4.68,4.68,4.69,4.71,4.73,4.73,4.57,4171200.0,19345367.0,-0.637,-0.03
002486,嘉麟杰,2.64,2.63,2.64,2.64,2.66,2.69,2.56,24933000.0,65776624.0,0.0,0.0
002487,大金重工,78.41,78.4,78.41,74.92,77.01,79.16,77.01,17732582.0,1384891751.0,4.658,3.49
002488,金固股份,10.83,10.83,10.84,11.26,11.37,11.69,10.8,26845810.0,297609282.0,-3.819,-0.43
002489,浙江永强,3.84,3.84,3.85,3.9,3.94,4.0,3.81,44442285.0,172372418.0,-1.538,-0.06
002490,山东墨龙,8.08,8.07,8.08,8.36,8.23,8.28,8.0,28767602.0,233341219.0,-3.349,-0.28
002491,通鼎互联,23.58,23.57,23.58,22.8,23.21,23.76,21.99,142280449.0,3271423729.0,3.421,0.78
002492,恒基达鑫,6.74,6.73,6.74,7.06,7.07,7.15,6.69,12991200.0,88496847.0,-4.533,-0.32
002493,荣盛石化,11.51,11.51,11.52,11.45,11.54,11.98,11.46,38581074.0,448523663.0,0.524,0.06
002494,华斯股份,5.79,5.79,5.82,5.9,6.01,6.07,5.74,12536530.0,73345811.0,-1.864,-0.11
002495,佳隆股份,2.56,2.55,2.56,2.55,2.56,2.63,2.53,30601100.0,78811659.0,0.392,0.01
002496,*ST辉丰,2.68,2.67,2.68,2.63,2.62,2.72,2.6,32641756.0,86824835.0,1.901,0.05
002497,雅化集团,24.94,24.93,24.94,24.21,24.69,25.38,24.36,56711547.0,1410907217.0,3.015,0.73
002498,汉缆股份,9.3,9.29,9.3,8.91,9.07,9.74,9.01,162597196.0,1517296521.0,4.377,0.39
002500,山西证券,5.21,5.21,5.22,5.16,5.2,5.23,5.15,24283675.0,126006388.0,0.969,0.05
002501,*ST利源,1.49,1.49,1.5,1.46,1.5,1.53,1.47,79126200.0,119155329.0,2.055,0.03
002506,协鑫集成,3.77,3.77,3.78,3.83,3.87,3.91,3.73,254075148.0,960264845.0,-1.567,-0.06
002507,涪陵榨菜,11.72,11.72,11.75,11.81,11.81,11.86,11.69,8518817.0,100327936.0,-0.762,-0.09
002508,老板电器,17.33,17.32,17.33,17.36,17.36,17.49,17.2,3631000.0,62998860.0,-0.173,-0.03
002510,天汽模,7.06,7.05,7.06,7.28,7.24,7.32,7.05,37527600.0,267195678.0,-3.022,-0.22
002511,中顺洁柔,7.34,7.34,7.35,7.45,7.45,7.48,7.27,14201502.0,104397566.0,-1.477,-0.11
002512,ST达华,4.84,4.83,4.84,4.8,4.79,4.93,4.76,36506922.0,176750154.0,0.833,0.04
002513,蓝丰生化,6.16,6.15,6.16,6.42,6.45,6.53,6.11,10424176.0,65237577.0,-4.05,-0.26
002514,*ST宝馨,4.49,4.49,0.0,4.28,4.49,4.49,4.49,18492484.0,83031253.0,4.907,0.21
002515,金字火腿,7.0,6.99,7.0,6.93,6.89,7.0,6.64,64336144.0,437877393.0,1.01,0.07
002516,旷达科技,6.31,6.31,6.32,6.05,6.05,6.39,5.99,35795110.0,222200349.0,4.298,0.26
002517,恺英网络,15.94,15.94,15.95,16.46,16.53,16.57,15.73,71766690.0,1144556449.0,-3.159,-0.52
002518,科士达,60.3,60.3,60.31,62.4,63.3,63.44,60.08,17861554.0,1092992098.0,-3.365,-2.1
002519,银河电子,7.26,7.26,7.27,7.41,7.43,7.48,7.16,41587244.0,302357573.0,-2.024,-0.15
002520,日发精机,6.4,6.4,6.41,6.53,6.55,6.61,6.3,29603750.0,189678265.0,-1.991,-0.13
002521,齐峰新材,7.79,7.79,7.82,7.95,7.93,7.97,7.78,4329500.0,33960777.0,-2.013,-0.16
002522,浙江众成,6.74,6.73,6.74,6.81,6.83,6.97,6.65,49418216.0,334601224.0,-1.028,-0.07
002523,天桥起重,3.7,3.69,3.7,3.66,3.67,3.75,3.64,16803510.0,61847481.0,1.093,0.04
002524,光正眼科,4.02,4.02,4.03,4.12,4.14,4.19,3.97,15244651.0,61725224.0,-2.427,-0.1
002526,山东矿机,3.4,3.4,0.0,3.09,3.39,3.4,3.39,57716941.0,196171466.0,10.032,0.31
002527,新时达,14.26,14.26,14.27,14.0,14.01,14.42,13.93,22625767.0,320979802.0,1.857,0.26
002528,*ST英飞,4.58,4.57,4.58,4.56,4.55,4.65,4.42,11777255.0,53751841.0,0.439,0.02
002529,*ST海源,8.43,8.43,8.47,8.68,8.75,8.81,8.4,5206502.0,44315686.0,-2.88,-0.25
002530,金财互联,8.26,8.26,8.27,8.45,8.44,8.54,8.2,14076047.0,116997641.0,-2.249,-0.19
002531,天顺风能,12.44,12.43,12.44,11.63,11.71,12.55,11.58,69992774.0,851549067.0,6.965,0.81
002532,天山铝业,15.39,15.38,15.39,15.82,15.96,16.1,15.28,61862895.0,961454187.0,-2.718,-0.43
002533,金杯电工,13.43,13.42,13.43,13.28,13.5,13.79,13.4,13492353.0,183419286.0,1.13,0.15
002534,西子洁能,19.82,19.82,19.83,18.53,18.91,20.06,18.9,26300023.0,515744174.0,6.962,1.29
002535,林州重机,3.14,3.13,3.14,3.14,3.19,3.26,3.1,18365880.0,58170462.0,0.0,0.0
002536,飞龙股份,45.77,45.77,45.78,46.68,46.68,46.69,44.89,25880521.0,1181764537.0,-1.949,-0.91
002537,海联金汇,6.67,6.66,6.67,6.78,6.81,6.85,6.6,22989708.0,153525586.0,-1.622,-0.11
002538,ST司特,6.37,6.36,6.37,6.49,6.49,6.49,6.35,9084000.0,58094831.0,-1.849,-0.12
002539,云图控股,12.78,12.78,12.79,12.9,12.8,12.98,12.62,18533730.0,236721252.0,-0.93,-0.12
002540,亚太科技,5.7,5.7,5.71,5.6,5.65,5.8,5.61,13035025.0,74366740.0,1.786,0.1
002541,鸿路钢构,18.51,18.51,18.52,17.85,17.92,19.08,17.89,16751188.0,312979935.0,3.697,0.66
002542,*ST中岩,1.6,1.59,1.6,1.66,1.65,1.66,1.58,40784170.0,65603124.0,-3.614,-0.06
002543,万和电气,7.85,7.85,7.86,7.86,7.86,7.94,7.75,3869560.0,30321575.0,-0.127,-0.01
002544,普天科技,23.61,23.6,23.61,23.98,24.3,24.47,23.27,15002906.0,355166181.0,-1.543,-0.37
002545,东方铁塔,22.53,22.53,22.54,23.16,23.66,24.69,22.17,27692605.0,652275407.0,-2.72,-0.63
002546,新联电子,8.04,8.03,8.04,7.91,7.93,8.12,7.93,11273726.0,90438497.0,1.643,0.13
002547,*ST春兴,3.34,3.33,3.34,3.35,3.32,3.38,3.28,31647046.0,105292938.0,-0.299,-0.01
002548,金新农,4.36,4.36,4.37,4.37,4.39,4.45,4.3,20165550.0,87906154.0,-0.229,-0.01
002549,凯美特气,17.8,17.8,17.81,18.03,17.77,18.04,17.67,19892449.0,353818939.0,-1.276,-0.23
002550,千红制药,6.56,6.55,6.56,6.59,6.59,6.62,6.47,9442400.0,61699898.0,-0.455,-0.03
002551,尚荣医疗,3.28,3.28,3.29,3.31,3.32,3.42,3.25,13279823.0,44042893.0,-0.906,-0.03
002552,宝鼎科技,43.8,43.8,0.0,39.82,43.5,43.8,41.02,36879806.0,1569531514.0,9.995,3.98
002553,南方精工,20.0,19.99,20.0,20.56,20.7,20.76,19.79,10120454.0,203698858.0,-2.724,-0.56
002554,惠博普,3.18,3.18,3.19,3.25,3.22,3.25,3.15,25185127.0,80290861.0,-2.154,-0.07
002555,三七互娱,19.23,19.23,19.24,19.69,19.65,19.77,19.09,42795372.0,826062808.0,-2.336,-0.46
002556,辉隆股份,5.32,5.32,5.33,5.43,5.4,5.44,5.31,8127250.0,43477066.0,-2.026,-0.11
002557,洽洽食品,21.06,21.06,21.07,21.24,21.22,21.3,20.95,4610479.0,97149707.0,-0.847,-0.18
002558,巨人网络,26.5,26.5,26.51,27.47,27.4,27.5,26.18,62351089.0,1658829783.0,-3.531,-0.97
002559,亚威股份,10.91,10.91,10.92,11.0,11.02,11.1,10.7,25424452.0,276920065.0,-0.818,-0.09
002560,通达股份,9.27,9.27,9.28,9.49,9.61,9.77,9.16,66845062.0,627094090.0,-2.318,-0.22
002561,徐家汇,7.37,7.36,7.37,7.37,7.38,7.43,7.32,3627200.0,26726766.0,0.0,0.0
002562,兄弟科技,5.39,5.39,5.4,5.53,5.55,5.55,5.35,21116304.0,114198028.0,-2.532,-0.14
002563,森马服饰,5.66,5.66,5.67,5.67,5.68,5.7,5.57,12193100.0,68590093.0,-0.176,-0.01
002564,天沃科技,5.55,5.55,5.56,5.78,5.71,5.72,5.51,18392700.0,102727765.0,-3.979,-0.23
002565,顺灏股份,16.5,16.5,16.51,16.6,16.67,16.82,16.31,58551466.0,967788237.0,-0.602,-0.1
002566,益盛药业,7.68,7.68,7.7,7.82,7.8,7.9,7.61,4672200.0,35973760.0,-1.79,-0.14
002567,唐人神,3.84,3.84,3.85,3.91,3.91,3.92,3.82,18773133.0,72551256.0,-1.79,-0.07
002568,百润股份,18.22,18.22,18.23,17.55,17.43,18.35,17.09,21232469.0,380821153.0,3.818,0.67
002569,*ST步森,16.08,16.08,16.13,16.14,15.91,16.49,15.91,2646164.0,42720005.0,-0.372,-0.06
002570,贝因美,4.86,4.86,4.87,4.82,4.8,4.95,4.78,20133815.0,97643648.0,0.83,0.04
002571,德力股份,12.32,12.31,12.32,11.85,11.95,12.34,11.9,12797000.0,156297854.0,3.966,0.47
002572,索菲亚,9.92,9.92,9.93,10.12,10.12,10.14,9.85,8728348.0,86961799.0,-1.976,-0.2
002573,清新环境,3.43,3.43,3.44,3.41,3.41,3.47,3.41,6575599.0,22641905.0,0.587,0.02
002574,明牌珠宝,5.27,5.26,5.27,5.33,5.36,5.47,5.21,8111800.0,43133918.0,-1.126,-0.06
002575,群兴玩具,6.16,6.16,6.17,6.35,6.34,6.41,6.08,37525100.0,231688671.0,-2.992,-0.19
002576,通达动力,19.48,19.47,19.48,19.65,19.85,20.09,19.22,13389801.0,261389188.0,-0.865,-0.17
002577,雷柏科技,18.82,18.81,18.82,18.94,18.96,19.31,18.61,4083495.0,77138911.0,-0.634,-0.12
002578,闽发铝业,4.06,4.06,4.07,4.03,4.04,4.09,3.95,28043906.0,112933593.0,0.744,0.03
002579,中京电子,13.67,13.66,13.67,13.46,13.85,13.98,13.48,65881015.0,902528825.0,1.56,0.21
002580,圣阳股份,24.19,24.19,24.2,26.08,26.1,26.26,23.89,88482971.0,2167215028.0,-7.247,-1.89
002581,*ST未名,4.61,4.6,4.61,4.39,4.43,4.61,4.27,14876739.0,66520858.0,5.011,0.22
002582,好想你,10.77,10.76,10.77,10.93,10.9,11.0,10.61,16036000.0,172538988.0,-1.464,-0.16
002583,海能达,8.99,8.98,8.99,8.95,8.94,9.05,8.81,18042724.0,160585988.0,0.447,0.04
002584,西陇科学,8.45,8.44,8.45,8.3,8.3,8.5,8.24,36237041.0,304340026.0,1.807,0.15
002585,双星新材,9.88,9.88,0.0,8.98,9.78,9.88,9.62,43571813.0,427925288.0,10.022,0.9
002586,ST围海,4.27,4.26,4.27,4.22,4.23,4.37,4.15,9392200.0,39765886.0,1.185,0.05
002587,奥拓电子,6.99,6.98,6.99,7.0,7.03,7.09,6.88,17372545.0,120963820.0,-0.143,-0.01
002588,史丹利,9.29,9.29,9.3,9.47,9.44,9.51,9.23,11851800.0,110668933.0,-1.901,-0.18
002589,瑞康医药,2.93,2.93,2.94,2.93,2.92,2.95,2.9,20597568.0,60204969.0,0.0,0.0
002590,万安科技,13.07,13.06,13.07,13.0,12.86,13.18,12.7,12056406.0,156150503.0,0.538,0.07
002591,恒大高新,8.4,8.39,8.4,8.64,8.7,9.5,8.3,19514200.0,166094803.0,-2.778,-0.24
002592,ST八菱,7.19,7.19,7.2,7.43,7.45,7.45,7.12,3579300.0,25774264.0,-3.23,-0.24
002593,日上集团,4.96,4.96,4.98,5.0,5.01,5.07,4.91,10774900.0,53575723.0,-0.8,-0.04
002594,比亚迪,95.96,95.96,95.97,93.75,95.0,97.21,95.0,40599516.0,3900848662.0,2.357,2.21
002595,豪迈科技,55.57,55.57,55.59,56.4,56.58,57.0,55.18,5509893.0,306878777.0,-1.472,-0.83
002596,海南瑞泽,3.78,3.78,3.79,3.84,3.84,3.89,3.75,19162931.0,72801683.0,-1.563,-0.06
002597,金禾实业,20.79,20.79,20.8,20.28,20.28,21.5,19.92,9655269.0,200772613.0,2.515,0.51
002598,ST章鼓,7.83,7.83,7.84,7.77,7.86,7.95,7.77,4335901.0,34009051.0,0.772,0.06
002599,盛通股份,6.6,6.59,6.6,6.8,6.81,6.81,6.54,13217400.0,87869895.0,-2.941,-0.2
002600,领益智造,16.09,16.08,16.09,16.31,16.43,16.44,15.62,256750550.0,4083169846.0,-1.349,-0.22
002601,龙佰集团,15.23,15.23,15.24,16.02,16.05,16.06,15.17,42348225.0,652500912.0,-4.931,-0.79
002602,世纪华通,14.17,14.17,14.18,14.41,14.33,14.48,14.12,87388432.0,1247453083.0,-1.666,-0.24
002603,以岭药业,15.98,15.97,15.98,15.85,15.86,15.98,15.74,10853111.0,172188908.0,0.82,0.13
002605,姚记科技,19.08,19.08,19.09,19.38,19.43,19.49,18.85,5988239.0,114287902.0,-1.548,-0.3
002606,大连电瓷,16.78,16.78,16.79,16.45,16.7,17.19,16.4,63801455.0,1068262183.0,2.006,0.33
002607,中公教育,2.45,2.45,2.46,2.42,2.43,2.46,2.39,118875616.0,288374439.0,1.24,0.03
002608,江苏国信,8.24,8.23,8.24,8.02,8.03,8.27,7.98,35497314.0,288959124.0,2.743,0.22
002609,捷顺科技,8.36,8.36,8.37,8.39,8.49,8.49,8.25,6780481.0,56618194.0,-0.358,-0.03
002611,东方精工,19.1,19.09,19.1,19.17,19.41,19.75,19.07,63389569.0,1225079549.0,-0.365,-0.07
002612,朗姿股份,16.7,16.69,16.7,16.5,16.5,16.7,16.18,7447701.0,122328416.0,1.212,0.2
002613,北玻股份,4.59,4.59,0.0,4.17,4.21,4.59,4.21,141660369.0,635973359.0,10.072,0.42
002614,奥佳华,5.37,5.36,5.37,5.36,5.37,5.44,5.31,6763800.0,36250193.0,0.187,0.01
002615,哈尔斯,8.14,8.14,8.15,8.37,8.33,8.61,8.08,13436400.0,110758799.0,-2.748,-0.23
002616,长青集团,5.73,5.72,5.73,5.57,5.57,5.86,5.52,20370944.0,115740664.0,2.873,0.16
002617,露笑科技,9.58,9.58,9.59,9.15,9.3,9.65,9.18,268379648.0,2543232572.0,4.699,0.43
002620,*ST瑞和,7.84,7.83,7.84,8.01,7.88,8.01,7.61,38712852.0,298373928.0,-2.122,-0.17
002622,皓宸医疗,2.65,2.64,2.65,2.66,2.67,2.73,2.62,21544200.0,57432361.0,-0.376,-0.01
002623,亚玛顿,20.74,20.72,20.74,21.39,21.34,21.56,20.56,6794436.0,142005925.0,-3.039,-0.65
002624,完美世界,14.11,14.1,14.11,14.52,14.63,14.73,14.04,50605772.0,719371815.0,-2.824,-0.41
002625,光启技术,40.5,40.49,40.5,38.23,38.02,42.01,37.24,61758306.0,2418269111.0,5.938,2.27
002626,金达威,15.68,15.68,15.69,15.89,15.84,15.97,15.54,4283200.0,67347805.0,-1.322,-0.21
002627,三峡旅游,6.61,6.61,6.62,6.66,6.7,6.8,6.53,11662000.0,77600310.0,-0.751,-0.05
002628,成都路桥,5.51,5.5,5.51,5.64,5.65,5.7,5.41,28589400.0,157070201.0,-2.305,-0.13
002629,仁智股份,5.76,5.75,5.76,6.2,5.94,6.18,5.66,55215296.0,321664350.0,-7.097,-0.44
002630,*ST华西,1.73,1.73,1.74,1.82,1.81,1.81,1.73,38956380.0,67754711.0,-4.945,-0.09
002631,德尔未来,7.65,7.65,7.66,7.62,7.7,8.38,7.49,53652600.0,421768593.0,0.394,0.03
002632,道明光学,10.83,10.82,10.83,10.59,10.7,11.28,10.57,16170244.0,176925907.0,2.266,0.24
002633,申科股份,18.89,18.89,18.9,19.22,19.22,19.55,18.53,3752000.0,71144300.0,-1.717,-0.33
002634,*ST棒杰,4.71,4.71,0.0,4.49,4.65,4.71,4.55,10022900.0,46515527.0,4.9,0.22
002635,安洁科技,18.97,18.97,18.98,18.9,19.2,19.25,18.52,51838182.0,975261137.0,0.37,0.07
002636,金安国纪,45.61,45.61,45.62,46.27,45.9,47.57,45.38,43312766.0,1999448944.0,-1.426,-0.66
002637,赞宇科技,10.58,10.57,10.58,10.7,10.69,10.94,10.47,24878674.0,266180876.0,-1.121,-0.12
002638,勤上股份,4.29,4.28,4.29,4.34,4.34,4.45,4.27,35356100.0,153546520.0,-1.152,-0.05
002639,雪人集团,15.45,15.45,15.46,15.77,15.71,15.86,15.27,33704028.0,522310860.0,-2.029,-0.32
002640,跨境通,3.74,3.73,3.74,3.86,3.84,3.89,3.7,77523107.0,290713502.0,-3.109,-0.12
002641,公元股份,4.19,4.18,4.19,4.16,4.19,4.25,4.18,9477200.0,39950244.0,0.721,0.03
002642,荣联科技,8.87,8.87,8.88,8.56,8.66,8.89,8.66,27687392.0,243387572.0,3.621,0.31
002643,万润股份,17.47,17.47,17.48,17.31,17.35,17.64,17.0,25868898.0,448648437.0,0.924,0.16
002644,佛慈制药,7.63,7.63,7.64,7.63,7.63,7.68,7.48,2899105.0,21968006.0,0.0,0.0
002645,华宏科技,31.97,31.97,0.0,29.06,29.3,31.97,29.09,44859037.0,1397811101.0,10.014,2.91
002646,天佑德酒,7.73,7.72,7.73,7.54,7.55,7.77,7.49,7097657.0,54407310.0,2.52,0.19
002647,仁东控股,11.58,11.58,11.59,11.94,11.94,12.18,11.45,27563400.0,322018387.0,-3.015,-0.36
002648,卫星化学,24.05,24.05,24.06,24.68,24.12,25.18,23.64,69304314.0,1674621760.0,-2.553,-0.63
002649,博彦科技,10.24,10.24,10.26,10.24,10.25,10.35,10.16,8407175.0,86084950.0,0.0,0.0
002650,ST加加,7.73,7.72,7.73,7.83,7.8,7.82,7.65,4618700.0,35609129.0,-1.277,-0.1
002651,利君股份,8.63,8.62,8.63,8.75,8.76,8.82,8.55,6590300.0,56963321.0,-1.371,-0.12
002652,扬子新材,6.48,6.47,6.48,6.38,6.56,6.71,6.32,52519690.0,339664755.0,1.567,0.1
002653,海思科,50.4,50.4,50.42,51.12,51.0,51.86,49.79,3748545.0,189441008.0,-1.408,-0.72
002654,万润科技,17.58,17.58,17.59,17.75,17.75,17.95,17.05,109119238.0,1909695880.0,-0.958,-0.17
002655,共达电声,35.87,35.87,35.88,35.1,35.1,36.49,34.58,36530600.0,1302179484.0,2.194,0.77
002656,*ST摩登,3.58,3.58,3.59,3.48,3.5,3.61,3.5,18134200.0,64520988.0,2.874,0.1
002657,中科金财,19.29,19.28,19.29,19.52,19.52,19.9,19.1,8152689.0,157719474.0,-1.178,-0.23
002658,雪迪龙,8.63,8.62,8.63,8.9,8.88,8.9,8.5,20393100.0,175651666.0,-3.034,-0.27
002659,凯文教育,4.58,4.57,4.58,4.63,4.63,4.67,4.53,11745705.0,53775011.0,-1.08,-0.05
002660,茂硕电源,8.41,8.4,8.41,8.67,8.65,8.73,8.31,6212802.0,52626893.0,-2.999,-0.26
002661,克明食品,8.14,8.14,8.15,8.18,8.2,8.39,8.1,2663291.0,21826375.0,-0.489,-0.04
002662,峰璟股份,3.72,3.72,3.73,3.73,3.76,3.76,3.67,23575115.0,87448544.0,-0.268,-0.01
002663,普邦股份,2.07,2.07,2.08,2.14,2.14,2.14,2.05,59172600.0,123086107.0,-3.271,-0.07
002664,信质集团,23.14,23.14,23.15,22.73,23.0,23.48,22.74,14755241.0,341721531.0,1.804,0.41
002666,德联集团,4.85,4.85,4.86,4.89,4.93,4.94,4.79,8833104.0,42790173.0,-0.818,-0.04
002667,*ST威领,20.25,20.25,0.0,19.29,19.57,20.25,19.57,5399844.0,107613581.0,4.977,0.96
002668,TCL智家,9.41,9.41,9.42,9.49,9.54,9.55,9.38,8168249.0,77257981.0,-0.843,-0.08
002669,康达新材,14.9,14.89,14.9,14.69,15.24,15.4,14.7,36376851.0,546106723.0,1.43,0.21
002670,国盛证券,11.91,11.9,11.91,11.88,11.94,12.07,11.77,10550109.0,125431181.0,0.253,0.03
002671,龙泉股份,4.74,4.73,4.74,4.62,4.66,5.08,4.66,35857418.0,172726470.0,2.597,0.12
002672,东江环保,3.86,3.86,3.87,3.86,3.94,3.96,3.81,7136500.0,27645639.0,0.0,0.0
002673,西部证券,6.84,6.84,6.85,6.77,6.8,6.87,6.74,23454074.0,159385447.0,1.034,0.07
002674,兴业科技,15.97,15.97,0.0,14.52,14.77,15.97,14.67,8704200.0,136806158.0,9.986,1.45
002675,东诚药业,12.51,12.51,12.52,12.69,12.64,12.66,12.43,8252747.0,103347089.0,-1.418,-0.18
002676,顺威股份,5.72,5.71,5.72,5.85,5.84,5.87,5.67,13661800.0,78080939.0,-2.222,-0.13
002677,浙江美大,7.87,7.86,7.87,7.52,7.52,8.2,7.52,11936080.0,94522508.0,4.654,0.35
002678,珠江钢琴,6.29,6.28,6.29,6.18,6.08,6.41,6.06,14203160.0,88850985.0,1.78,0.11
002679,福建金森,9.8,9.79,9.8,10.22,9.82,10.12,9.68,10233585.0,101002626.0,-4.11,-0.42
002681,奋达科技,5.81,5.8,5.81,5.84,5.75,5.84,5.72,70384931.0,406490596.0,-0.514,-0.03
002682,龙洲股份,5.41,5.4,5.41,5.58,5.65,5.66,5.37,15536700.0,84847852.0,-3.047,-0.17
002683,广东宏大,35.83,35.83,35.84,36.26,36.3,36.9,35.56,9037213.0,324393905.0,-1.186,-0.43
002685,华东重机,8.89,8.88,8.89,9.09,9.1,9.35,8.82,59728456.0,536880999.0,-2.2,-0.2
002686,亿利达,7.02,7.01,7.02,7.15,7.19,7.22,6.94,15008500.0,105484864.0,-1.818,-0.13
002687,乔治白,4.65,4.64,4.65,4.74,4.73,4.8,4.6,13587219.0,63176019.0,-1.899,-0.09
002688,金河生物,5.68,5.68,5.69,5.64,5.64,5.77,5.62,5201543.0,29584394.0,0.709,0.04
002689,ST远智,3.24,3.24,3.25,3.3,3.3,3.3,3.23,6594363.0,21428090.0,-1.818,-0.06
002690,美亚光电,16.07,16.06,16.07,16.02,16.03,16.19,15.95,4184265.0,67177041.0,0.312,0.05
002691,*ST冀凯,5.68,5.68,0.0,5.41,5.68,5.68,5.68,1648741.0,9364849.0,4.991,0.27
002692,远程股份,5.13,5.12,5.13,5.2,5.24,5.28,5.06,12737400.0,65407273.0,-1.346,-0.07
002693,双成药业,11.61,11.61,0.0,10.55,11.37,11.61,10.97,40280002.0,462176935.0,10.047,1.06
002694,*ST顾地,2.44,2.43,2.44,2.56,2.57,2.57,2.43,7894400.0,19433074.0,-4.688,-0.12
002695,煌上煌,11.96,11.96,11.97,12.06,12.06,12.39,11.91,6661216.0,80735708.0,-0.829,-0.1
002696,百洋股份,6.32,6.32,6.33,6.43,6.43,6.54,6.23,5783790.0,36740080.0,-1.711,-0.11
002697,红旗连锁,4.75,4.75,4.76,4.77,4.77,4.78,4.73,11475762.0,54543987.0,-0.419,-0.02
002698,博实股份,13.98,13.97,13.98,14.23,14.29,14.32,13.9,14105820.0,198450734.0,-1.757,-0.25
002700,万憬能源,7.08,7.08,7.09,7.01,7.01,7.13,6.96,7030302.0,49547330.0,0.999,0.07
002701,奥瑞金,5.02,5.02,5.03,5.03,5.02,5.05,4.96,16748877.0,83743334.0,-0.199,-0.01
002702,海欣食品,5.52,5.52,5.53,5.61,5.6,5.66,5.47,11703010.0,64762169.0,-1.604,-0.09
002703,浙江世宝,21.99,21.99,22.0,21.29,21.01,22.27,20.83,111952291.0,2411594644.0,3.288,0.7
002705,新宝股份,12.83,12.83,12.84,13.02,13.16,13.17,12.73,10872317.0,139718481.0,-1.459,-0.19
002706,良信股份,13.48,13.47,13.48,12.86,13.41,13.95,13.29,84783132.0,1152089302.0,4.821,0.62
002707,众信旅游,5.73,5.72,5.73,5.66,5.65,5.78,5.64,14043300.0,80286785.0,1.237,0.07
002708,光洋股份,15.6,15.6,15.61,15.98,15.99,16.35,15.4,25748962.0,403423054.0,-2.378,-0.38
002709,天赐材料,53.07,53.07,53.08,58.08,57.4,57.7,52.27,164185777.0,8860670228.0,-8.626,-5.01
002712,思美传媒,5.4,5.39,5.4,5.33,5.47,5.69,5.31,21021510.0,114897560.0,1.313,0.07
002713,*ST东易,13.65,13.65,13.66,13.99,13.87,13.95,13.51,11425329.0,156589237.0,-2.43,-0.34
002714,牧原股份,38.44,38.44,38.45,38.84,38.8,39.28,38.08,38032573.0,1465207629.0,-1.03,-0.4
002715,登云股份,16.8,16.79,16.8,17.19,17.04,17.38,16.32,4531800.0,75940766.0,-2.269,-0.39
002716,湖南白银,10.17,10.17,10.18,10.17,10.42,10.62,10.13,109285619.0,1124214118.0,0.0,0.0
002717,*ST岭南,1.0,0.0,1.0,1.05,1.0,1.0,1.0,8578000.0,8578000.0,-4.762,-0.05
002718,友邦吊顶,88.36,88.36,0.0,80.33,81.01,88.36,81.01,2416558.0,211335691.0,9.996,8.03
002719,ST麦趣,7.55,7.54,7.55,7.5,7.48,7.55,7.36,6867740.0,51090016.0,0.667,0.05
002721,金一文化,2.86,2.86,2.87,2.87,2.87,2.89,2.85,24945000.0,71536604.0,-0.348,-0.01
002722,物产金轮,14.48,14.47,14.48,14.89,14.97,14.97,14.29,4169121.0,60459018.0,-2.754,-0.41
002723,小崧股份,9.18,9.18,9.19,9.15,9.16,9.2,8.98,11019940.0,100080525.0,0.328,0.03
002724,海洋王,5.68,5.68,5.69,5.71,5.72,5.8,5.6,6748427.0,38198046.0,-0.525,-0.03
002725,跃岭股份,16.0,16.0,16.01,16.54,16.63,16.75,15.74,18474902.0,296246339.0,-3.265,-0.54
002726,ST龙大,1.64,0.0,1.64,1.73,1.66,1.71,1.64,37705031.0,62743034.0,-5.202,-0.09
002727,一心堂,11.47,11.47,11.5,11.72,11.76,11.78,11.34,9095334.0,104862308.0,-2.133,-0.25
002728,特一药业,8.91,8.9,8.91,9.02,9.02,9.07,8.81,7587950.0,67569120.0,-1.22,-0.11
002729,好利科技,20.42,20.42,20.43,20.85,21.07,21.3,19.95,10499418.0,214748637.0,-2.062,-0.43
002730,电光科技,31.29,31.28,31.29,30.41,30.74,31.65,30.59,11729900.0,366621669.0,2.894,0.88
002731,ST萃华,4.35,0.0,0.0,4.35,0.0,0.0,0.0,0.0,0.0,0.0,0.0
002732,燕塘乳业,15.1,15.1,15.11,15.24,15.23,15.4,14.93,1542300.0,23343957.0,-0.919,-0.14
002733,雄韬股份,29.32,29.31,29.32,27.75,28.2,29.68,28.11,37905305.0,1106357141.0,5.658,1.57
002734,利民股份,16.51,16.5,16.51,16.35,16.36,16.6,16.0,12733564.0,207367301.0,0.979,0.16
002735,王子新材,14.67,14.67,0.0,13.34,13.7,14.67,13.7,13006499.0,189101445.0,9.97,1.33
002736,国信证券,10.15,10.15,10.16,10.09,10.11,10.21,10.07,22966913.0,232916789.0,0.595,0.06
002737,葵花药业,13.0,13.0,13.02,12.9,12.93,13.27,12.9,3848300.0,50358031.0,0.775,0.1
002738,中矿资源,67.01,67.0,67.01,68.02,68.6,68.9,66.72,22784203.0,1537260555.0,-1.485,-1.01
002739,儒意电影,9.27,9.27,9.28,9.19,9.19,9.43,9.19,27418130.0,255841706.0,0.871,0.08
002741,光华科技,27.9,27.9,0.0,25.36,26.75,27.9,26.68,44388293.0,1228318822.0,10.016,2.54
002742,三圣股份,4.42,4.41,4.42,4.45,4.41,4.49,4.35,9235800.0,40665556.0,-0.674,-0.03
002743,富煌钢构,5.09,5.08,5.09,5.17,5.18,5.32,5.02,8337800.0,42749925.0,-1.547,-0.08
002745,木林森,10.82,10.82,0.0,9.84,9.91,10.82,9.85,114171347.0,1185817039.0,9.959,0.98
002746,仙坛股份,6.15,6.14,6.15,6.14,6.2,6.2,6.08,7514374.0,46073901.0,0.163,0.01
002747,埃斯顿,28.61,28.61,28.62,29.07,28.86,30.5,28.15,102302937.0,2966023449.0,-1.582,-0.46
002748,世龙实业,11.6,11.58,11.6,11.98,12.02,12.15,11.51,4743900.0,55551448.0,-3.172,-0.38
002749,国光股份,9.75,9.74,9.75,9.9,10.0,10.0,9.72,1403198.0,13743325.0,-1.515,-0.15
002752,昇兴股份,7.07,7.06,7.07,7.13,7.09,7.24,6.99,15150805.0,107529230.0,-0.842,-0.06
002753,永东股份,7.42,7.42,7.43,6.97,7.09,7.55,7.03,25583749.0,187986239.0,6.456,0.45
002755,奥赛康,16.22,16.21,16.22,16.65,16.61,16.82,16.1,19421060.0,317844463.0,-2.583,-0.43
002756,永兴材料,66.42,66.42,66.43,67.9,68.17,68.6,65.93,16491144.0,1100144085.0,-2.18,-1.48
002757,南兴股份,27.28,27.28,27.3,28.73,29.3,29.35,27.25,23400737.0,652464602.0,-5.047,-1.45
002758,浙农股份,8.38,8.38,8.39,8.55,8.6,8.62,8.31,7840341.0,65920063.0,-1.988,-0.17
002759,天际股份,32.71,0.0,32.71,36.34,35.64,36.1,32.71,67395088.0,2247000279.0,-9.989,-3.63
002760,凤形股份,21.98,21.98,21.99,22.98,23.0,23.86,21.57,8897200.0,198916991.0,-4.352,-1.0
002761,浙江建投,7.87,7.87,7.88,7.91,7.95,7.98,7.8,10007178.0,78730737.0,-0.506,-0.04
002762,*ST金比,9.68,9.67,9.68,9.25,9.38,9.71,9.38,8597300.0,83186746.0,4.649,0.43
002763,汇洁股份,8.26,8.26,8.27,8.25,8.22,8.41,8.11,9063400.0,74947391.0,0.121,0.01
002765,蓝黛科技,8.95,8.94,8.95,9.17,9.17,9.18,8.91,12111952.0,108870645.0,-2.399,-0.22
002766,索菱股份,5.46,5.46,5.47,5.36,5.3,5.49,5.15,107836459.0,577455680.0,1.866,0.1
002767,先锋电子,19.2,19.2,19.21,19.5,19.51,20.09,19.09,2884000.0,56127134.0,-1.538,-0.3
002768,国恩股份,61.8,61.78,61.8,64.14,64.3,66.99,61.6,10462076.0,673898820.0,-3.648,-2.34
002769,普路通,7.9,7.9,7.91,8.45,8.43,8.43,7.85,19792244.0,158324347.0,-6.509,-0.55
002771,真视通,13.63,13.62,13.63,13.91,13.91,14.04,13.45,7008100.0,95711458.0,-2.013,-0.28
002772,众兴菌业,14.38,14.37,14.38,14.63,14.7,14.86,14.34,7491450.0,108502177.0,-1.709,-0.25
002773,康弘药业,21.12,21.12,21.13,21.18,21.12,21.3,20.93,5071012.0,106868810.0,-0.283,-0.06
002774,快意电梯,12.32,12.31,12.32,12.78,12.76,12.9,12.26,7702188.0,96274557.0,-3.599,-0.46
002775,文科股份,4.24,4.23,4.24,4.14,4.17,4.33,4.1,26502942.0,110788393.0,2.415,0.1
002777,久远银海,15.38,15.37,15.38,15.86,15.86,16.01,15.19,11023274.0,170126748.0,-3.026,-0.48
002778,中晟高科,19.3,19.29,19.3,19.26,19.28,19.31,18.77,2791160.0,53060464.0,0.208,0.04
002779,中坚科技,80.3,80.3,80.31,76.4,77.0,82.3,76.01,5162146.0,409476808.0,5.105,3.9
002780,三夫户外,14.94,14.94,14.95,15.09,15.25,15.48,14.72,5181300.0,77850399.0,-0.994,-0.15
002782,可立克,28.31,28.31,28.32,28.87,29.33,29.89,27.78,29659083.0,838795591.0,-1.94,-0.56
002783,凯龙股份,8.02,8.01,8.02,8.24,8.25,8.26,7.92,11132231.0,89717888.0,-2.67,-0.22
002785,万里石,48.39,48.38,48.39,50.32,50.23,50.32,46.0,10717940.0,514999286.0,-3.835,-1.93
002786,银宝山新,9.0,8.99,9.0,8.73,8.65,9.06,8.54,30415499.0,268776945.0,3.093,0.27
002787,华源控股,26.41,26.41,26.42,26.48,26.47,26.75,25.43,19777040.0,513675002.0,-0.264,-0.07
002788,鹭燕医药,12.03,12.03,12.04,12.36,12.3,12.37,11.92,16151039.0,195162419.0,-2.67,-0.33
002789,*ST建艺,12.85,12.85,12.86,13.23,13.23,13.24,12.68,2306805.0,29618902.0,-2.872,-0.38
002790,瑞尔特,6.8,6.8,6.81,6.88,6.88,7.0,6.74,3881128.0,26614089.0,-1.163,-0.08
002791,坚朗五金,16.29,16.28,16.29,15.77,15.89,16.86,15.76,8366481.0,135028139.0,3.297,0.52
002792,通宇通讯,48.4,48.39,48.4,47.31,48.29,49.0,46.5,36534039.0,1752166721.0,2.304,1.09
002793,罗欣药业,4.41,4.4,4.41,4.5,4.5,4.51,4.35,20115840.0,88482038.0,-2.0,-0.09
002795,永和智控,8.79,8.79,8.8,9.34,9.24,9.48,8.52,45473968.0,403707989.0,-5.889,-0.55
002796,世嘉科技,53.73,53.73,53.74,49.82,50.37,54.6,48.0,24895680.0,1281154792.0,7.848,3.91
002797,第一创业,7.34,7.33,7.34,7.19,7.24,7.34,7.1,134113093.0,970866311.0,2.086,0.15
002798,帝欧水华,8.26,8.26,8.27,8.3,8.41,8.61,8.26,17384569.0,146854371.0,-0.482,-0.04
002799,环球印务,8.07,8.07,8.08,8.36,8.36,8.48,7.95,7382440.0,59824787.0,-3.469,-0.29
002800,天顺股份,17.78,17.77,17.78,18.11,18.09,18.35,17.4,5756368.0,102228034.0,-1.822,-0.33
002801,微光股份,35.62,35.62,35.63,34.75,34.7,35.73,34.03,6738200.0,234170109.0,2.504,0.87
002802,洪汇新材,14.01,14.01,14.02,14.04,14.1,14.6,13.68,6176121.0,86774289.0,-0.214,-0.03
002803,吉宏股份,22.46,22.46,22.49,22.02,22.01,22.6,21.89,9936524.0,220504960.0,1.998,0.44
002805,丰元股份,22.44,22.43,22.44,23.36,23.34,23.63,22.28,17483254.0,397066705.0,-3.938,-0.92
002806,华锋股份,16.48,16.48,16.49,16.79,17.09,17.9,16.33,49514895.0,843859241.0,-1.846,-0.31
002807,江阴银行,4.42,4.41,4.42,4.42,4.42,4.46,4.41,17806640.0,78865501.0,0.0,0.0
002808,*ST恒久,2.83,0.0,0.0,2.83,0.0,0.0,0.0,0.0,0.0,0.0,0.0
002809,红墙股份,9.55,9.54,9.55,9.89,9.9,9.95,9.45,12686804.0,122541346.0,-3.438,-0.34
002810,山东赫达,25.19,25.19,25.2,26.01,26.17,26.95,25.03,8482332.0,218272450.0,-3.153,-0.82
002811,郑中设计,12.6,12.59,12.6,13.35,13.4,13.5,12.58,9232200.0,119237138.0,-5.618,-0.75
002812,恩捷股份,69.4,69.39,69.4,73.27,72.35,72.6,67.06,57731623.0,3985241186.0,-5.282,-3.87
002813,路畅科技,24.34,24.34,24.35,24.95,24.91,25.06,24.08,2495073.0,60856469.0,-2.445,-0.61
002815,崇达技术,16.95,16.94,16.95,16.32,16.55,16.99,16.33,72953816.0,1224531854.0,3.86,0.63
002816,*ST和科,26.26,26.26,26.29,26.57,26.57,26.98,26.09,4635700.0,122850488.0,-1.167,-0.31
002817,黄山胶囊,7.4,7.4,7.43,7.64,7.68,7.7,7.25,9735047.0,72102844.0,-3.141,-0.24
002818,富森美,11.25,11.24,11.25,11.34,11.34,11.46,11.09,5401286.0,60801196.0,-0.794,-0.09
002819,东方中科,26.84,26.84,26.85,26.58,26.6,27.12,26.45,2713500.0,72615919.0,0.978,0.26
002820,桂发祥,10.66,10.66,10.68,10.77,10.76,10.97,10.6,5637500.0,60684221.0,-1.021,-0.11
002821,凯莱英,123.93,123.92,123.93,126.85,125.0,125.87,120.83,7827297.0,960289292.0,-2.302,-2.92
002822,ST中装,3.02,3.01,3.02,3.08,3.09,3.09,3.01,10165176.0,30807727.0,-1.948,-0.06
002823,凯中精密,18.6,18.6,18.61,17.69,18.19,19.33,17.82,41392439.0,767795686.0,5.144,0.91
002824,和胜股份,24.8,24.8,24.81,25.2,25.77,27.21,24.39,11104144.0,280231348.0,-1.587,-0.4
002825,纳尔股份,11.24,11.24,11.25,11.33,11.35,11.41,11.07,7584826.0,85137571.0,-0.794,-0.09
002826,易明医药,19.08,19.07,19.08,19.59,19.95,19.99,19.03,11967500.0,232174320.0,-2.603,-0.51
002827,高争民爆,30.58,30.58,30.59,30.5,30.51,30.95,30.26,2366288.0,72150004.0,0.262,0.08
002828,贝肯能源,9.88,9.87,9.88,10.55,10.29,10.42,9.76,17985550.0,179425642.0,-6.351,-0.67
002829,星网宇达,27.0,26.99,27.0,25.95,26.51,27.7,26.47,15262318.0,412744272.0,4.046,1.05
002830,名雕股份,22.65,22.63,22.65,23.39,23.5,23.72,22.36,3085500.0,70537045.0,-3.164,-0.74
002831,裕同科技,40.8,40.8,40.81,42.5,42.53,42.55,39.1,25804650.0,1047212340.0,-4.0,-1.7
002832,比音勒芬,20.86,20.85,20.86,20.17,20.17,20.93,20.06,13185400.0,271223367.0,3.421,0.69
002833,弘亚数控,19.75,19.75,19.77,20.12,20.2,20.32,19.55,5972930.0,118318768.0,-1.839,-0.37
002835,同为股份,14.21,14.21,14.23,14.54,14.61,14.79,14.0,2829300.0,40344075.0,-2.27,-0.33
002836,新宏泽,12.06,12.05,12.06,12.28,12.27,12.48,11.95,2396136.0,29070814.0,-1.792,-0.22
002837,英维克,106.1,106.09,106.1,104.94,106.33,106.33,103.0,41109101.0,4305803633.0,1.105,1.16
002838,道恩股份,36.26,36.25,36.26,35.6,36.14,36.78,34.2,9584366.0,339222961.0,1.854,0.66
002839,张家港行,4.23,4.23,4.24,4.27,4.27,4.28,4.22,14237860.0,60454505.0,-0.937,-0.04
002840,华统股份,9.64,9.63,9.64,9.78,9.78,9.91,9.52,20993754.0,203858843.0,-1.431,-0.14
002841,视源股份,39.09,39.08,39.09,38.41,38.52,39.13,38.16,5285296.0,204825458.0,1.77,0.68
002842,翔鹭钨业,32.85,32.84,32.85,33.66,33.88,34.21,32.51,32795199.0,1081691475.0,-2.406,-0.81
002843,泰嘉股份,26.8,26.8,26.81,26.14,26.28,27.8,26.24,14364600.0,386391287.0,2.525,0.66
002845,同兴达,16.62,16.61,16.62,15.61,15.88,17.08,15.67,35566790.0,585016293.0,6.47,1.01
002846,英联股份,13.14,13.13,13.14,13.37,13.48,13.51,13.02,5641036.0,74430194.0,-1.72,-0.23
002847,盐津铺子,57.9,57.89,57.9,56.89,57.02,57.9,56.26,2896012.0,164945105.0,1.775,1.01
002848,*ST高斯,16.63,16.63,16.64,16.98,17.0,17.1,16.44,4563000.0,76214621.0,-2.061,-0.35
002849,威星智能,17.85,17.84,17.85,17.69,17.75,18.33,17.48,8155080.0,145904208.0,0.904,0.16
002850,科达利,197.8,197.8,197.82,206.05,207.8,208.19,195.38,6136159.0,1225701093.0,-4.004,-8.25
002851,麦格米特,132.36,132.36,0.0,120.33,123.8,132.36,123.53,30194899.0,3927376347.0,9.998,12.03
002852,道道全,8.3,8.3,8.33,8.44,8.45,8.49,8.24,2943512.0,24581157.0,-1.659,-0.14
002853,皮阿诺,26.91,26.91,26.93,27.47,27.6,28.5,26.35,4365393.0,117338061.0,-2.039,-0.56
002855,捷荣技术,12.34,12.34,12.35,12.17,12.2,12.85,11.95,6706626.0,82653844.0,1.397,0.17
002856,*ST美芝,19.06,19.06,0.0,18.15,18.69,19.06,18.51,6524960.0,124012770.0,5.014,0.91
002857,三晖电气,21.01,21.0,21.01,21.73,21.89,22.13,20.74,3484700.0,73800694.0,-3.313,-0.72
002858,力盛体育,14.03,14.03,14.04,14.17,14.17,14.58,13.83,7332600.0,103377718.0,-0.988,-0.14
002859,洁美科技,64.29,64.28,64.29,60.05,63.91,66.06,62.26,29856773.0,1914480024.0,7.061,4.24
002860,星帅尔,14.49,14.48,14.49,13.61,13.55,14.78,13.18,29548688.0,419155989.0,6.466,0.88
002861,瀛通通讯,19.18,19.17,19.18,18.79,18.88,19.3,18.71,6392692.0,121933850.0,2.076,0.39
002862,实丰文化,17.23,17.21,17.23,17.48,17.69,17.87,17.01,2963240.0,51318390.0,-1.43,-0.25
002863,今飞凯达,5.33,5.33,5.34,5.37,5.37,5.41,5.24,12523684.0,66559105.0,-0.745,-0.04
002864,盘龙药业,29.11,29.1,29.11,29.32,29.29,29.55,28.36,2857491.0,82571883.0,-0.716,-0.21
002865,钧达股份,94.7,94.7,94.71,99.39,100.31,101.66,90.8,23419979.0,2211408672.0,-4.719,-4.69
002866,传艺科技,21.26,21.25,21.26,22.0,22.01,22.05,21.13,12151695.0,260603062.0,-3.364,-0.74
002867,周大生,12.38,12.38,12.39,12.38,12.41,12.45,12.2,6802200.0,83619022.0,0.0,0.0
002868,绿康生化,33.65,33.6,33.65,36.41,36.18,36.18,32.77,4471942.0,154035508.0,-7.58,-2.76
002869,金溢科技,19.31,19.3,19.31,19.71,19.76,19.92,19.26,2365150.0,46118489.0,-2.029,-0.4
002870,香山股份,41.48,41.48,41.5,42.2,42.16,42.6,41.22,3822500.0,159993598.0,-1.706,-0.72
002871,伟隆股份,21.05,21.04,21.05,20.95,20.95,23.05,20.84,4896854.0,103701906.0,0.477,0.1
002872,ST天圣,5.47,5.46,5.47,5.42,5.43,5.48,5.38,3803500.0,20614749.0,0.923,0.05
002873,新天药业,9.24,9.24,9.26,9.41,9.41,9.56,9.2,5278400.0,49147660.0,-1.807,-0.17
002875,安奈儿,23.0,23.0,23.02,22.85,23.31,23.75,22.4,5385702.0,123042073.0,0.656,0.15
002876,三利谱,30.34,30.34,30.35,29.85,30.0,30.7,29.58,5737954.0,172806757.0,1.642,0.49
002877,智能自控,8.84,8.83,8.84,9.06,9.06,9.11,8.73,9178621.0,81528162.0,-2.428,-0.22
002878,元隆雅图,14.69,14.68,14.69,15.14,15.2,15.24,14.4,12708544.0,186463988.0,-2.972,-0.45
002879,长缆科技,16.74,16.74,16.75,17.06,17.34,17.44,16.61,5190900.0,87874284.0,-1.876,-0.32
002880,卫光生物,25.85,25.82,25.85,26.14,26.11,26.24,25.73,1011220.0,26259147.0,-1.109,-0.29
002881,美格智能,46.95,46.95,46.96,47.48,48.05,49.0,46.57,15065158.0,713318828.0,-1.116,-0.53
002882,金龙羽,23.78,23.77,23.78,24.74,24.7,24.85,23.59,4946919.0,118877063.0,-3.88,-0.96
002883,*ST中设,9.86,9.85,9.86,10.03,10.13,10.13,9.79,3791020.0,37814746.0,-1.695,-0.17
002884,凌霄泵业,16.6,16.59,16.6,16.9,16.91,16.99,16.5,3036700.0,50514458.0,-1.775,-0.3
002885,京泉华,51.0,51.0,51.01,53.71,54.0,55.8,49.56,41913711.0,2146430780.0,-5.046,-2.71
002886,沃特股份,28.72,28.71,28.72,27.98,28.6,29.83,27.9,22074643.0,635707222.0,2.645,0.74
002887,绿茵生态,13.77,13.77,13.78,14.7,14.59,15.28,13.58,13184480.0,185658549.0,-6.327,-0.93
002888,惠威科技,20.85,0.0,20.85,23.17,21.21,22.22,20.85,7883940.0,165157885.0,-10.013,-2.32
002889,东方嘉盛,12.8,12.8,12.81,13.15,13.07,13.16,12.71,3821795.0,49065626.0,-2.662,-0.35
002890,弘宇股份,16.21,16.2,16.21,16.74,16.84,16.88,16.06,4054551.0,66070817.0,-3.166,-0.53
002891,中宠股份,30.06,30.05,30.06,30.02,29.92,30.29,29.66,4893216.0,146541348.0,0.133,0.04
002892,科力尔,11.67,11.66,11.67,11.68,11.69,11.98,11.53,26257909.0,307267474.0,-0.086,-0.01
002893,京能热力,12.06,12.05,12.06,11.7,11.69,12.26,11.59,38334951.0,461641758.0,3.077,0.36
002895,川恒股份,32.51,32.51,32.52,32.86,32.88,33.47,32.28,4627900.0,151868105.0,-1.065,-0.35
002896,中大力德,81.53,81.53,81.54,80.36,80.68,82.72,80.0,11740909.0,956700445.0,1.456,1.17
002897,意华股份,79.33,79.33,0.0,72.12,75.0,79.33,74.26,17050566.0,1343791010.0,9.997,7.21
002898,*ST赛隆,8.3,0.0,0.0,8.3,0.0,0.0,0.0,0.0,0.0,0.0,0.0
002899,英派斯,28.88,28.87,28.88,29.84,29.81,30.35,27.67,6695900.0,191961423.0,-3.217,-0.96
002900,哈三联,10.75,10.75,10.76,10.9,10.9,11.05,10.62,2408550.0,26001289.0,-1.376,-0.15
002901,大博医疗,41.25,41.23,41.25,41.17,41.24,41.65,40.61,1268824.0,52048702.0,0.194,0.08
002902,铭普光磁,36.64,36.63,36.64,35.95,36.2,36.86,35.13,29499181.0,1061762294.0,1.919,0.69
002903,宇环数控,44.56,44.56,44.57,44.64,45.38,45.6,43.56,7650850.0,339111446.0,-0.179,-0.08
002905,金逸影视,8.56,8.56,8.57,8.58,8.56,9.18,8.5,5784760.0,50094106.0,-0.233,-0.02
002906,华阳集团,32.17,32.16,32.17,32.06,32.05,32.68,31.85,10776166.0,347413069.0,0.343,0.11
002907,华森制药,12.54,12.54,12.55,12.61,12.69,12.75,12.42,1715655.0,21502703.0,-0.555,-0.07
002908,德生科技,7.95,7.95,7.96,8.04,8.18,8.18,7.85,5619040.0,44736911.0,-1.119,-0.09
002909,集泰股份,6.5,6.5,6.51,6.64,6.68,6.78,6.42,18458125.0,121251563.0,-2.108,-0.14
002910,庄园牧场,10.45,10.43,10.45,10.61,10.57,10.8,10.28,4759700.0,49910463.0,-1.508,-0.16
002911,佛燃能源,11.64,11.64,11.65,11.62,11.88,11.88,11.53,5148400.0,60090241.0,0.172,0.02
002912,中新赛克,23.46,23.46,23.48,23.81,23.98,24.16,23.3,2719012.0,64202333.0,-1.47,-0.35
002913,奥士康,57.13,57.13,57.14,56.06,57.3,57.94,55.95,8114183.0,460967847.0,1.909,1.07
002915,中欣氟材,20.76,20.75,20.76,22.13,22.13,22.16,20.48,24512364.0,517142698.0,-6.191,-1.37
002916,深南电路,400.0,399.99,400.0,378.27,404.02,409.74,387.87,16196269.0,6472786189.0,5.745,21.73
002917,金奥博,14.72,14.72,14.73,14.66,14.7,14.96,14.55,17538523.0,259040690.0,0.409,0.06
002918,蒙娜丽莎,14.7,14.69,14.7,14.63,14.41,15.65,13.17,57729085.0,811688622.0,0.478,0.07
002919,名臣健康,24.47,24.47,24.48,25.67,25.7,26.6,24.23,9344621.0,234240722.0,-4.675,-1.2
002920,德赛西威,108.32,108.32,108.33,110.5,106.21,111.0,106.2,23820865.0,2583161873.0,-1.973,-2.18
002921,联诚精密,28.6,28.59,28.6,27.88,28.38,30.38,28.2,11396777.0,334075867.0,2.582,0.72
002922,伊戈尔,42.63,42.63,42.64,40.46,40.46,43.4,38.4,46140244.0,1865262163.0,5.363,2.17
002923,润都股份,11.37,11.36,11.37,11.73,11.74,11.83,11.22,8787579.0,100430740.0,-3.069,-0.36
002925,盈趣科技,20.99,20.99,21.0,20.59,20.61,21.0,20.49,11383495.0,237336225.0,1.943,0.4
002926,华西证券,8.19,8.19,8.2,8.15,8.18,8.28,8.11,13329700.0,108958417.0,0.491,0.04
002927,泰永长征,23.83,23.83,0.0,21.66,21.77,23.83,21.77,10646355.0,250449551.0,10.018,2.17
002928,华夏航空,7.73,7.73,7.74,7.18,7.47,7.9,7.4,83115167.0,639943496.0,7.66,0.55
002929,润建股份,89.2,89.2,89.21,84.33,88.0,91.69,81.75,44972317.0,3898028415.0,5.775,4.87
002930,宏川智慧,13.87,13.87,13.88,14.07,14.15,14.77,13.75,13193628.0,185956516.0,-1.421,-0.2
002931,锋龙股份,64.69,64.69,64.7,66.04,67.13,69.88,64.48,36592616.0,2459384283.0,-2.044,-1.35
002932,*ST明德,16.26,16.23,16.26,16.36,16.39,16.48,16.1,2978035.0,48523821.0,-0.611,-0.1
002933,新兴装备,29.82,29.82,29.85,30.15,30.16,30.49,29.61,1594399.0,47733860.0,-1.095,-0.33
002935,天奥电子,21.61,21.61,21.62,21.25,21.21,21.96,21.21,9971599.0,215599361.0,1.694,0.36
002936,郑州银行,1.77,1.76,1.77,1.77,1.77,1.78,1.76,41039131.0,72578833.0,0.0,0.0
002937,兴瑞科技,34.13,34.04,34.13,33.82,33.93,35.09,33.41,12133910.0,418119139.0,0.917,0.31
002938,鹏鼎控股,114.32,114.32,0.0,103.93,114.32,114.32,112.27,20909951.0,2390069604.0,9.997,10.39
002939,长城证券,8.88,8.87,8.88,8.78,8.79,8.89,8.72,27207476.0,239417510.0,1.139,0.1
002940,昂利康,36.98,0.0,36.98,41.09,39.2,39.95,36.98,20253560.0,767166175.0,-10.002,-4.11
002941,新疆交建,13.18,13.17,13.18,13.39,13.43,13.47,13.13,8235480.0,109036842.0,-1.568,-0.21
002942,新农股份,18.32,18.32,18.34,18.83,18.83,18.83,18.19,2574600.0,47611231.0,-2.708,-0.51
002943,宇晶股份,81.73,81.73,81.75,85.9,87.0,89.26,78.49,15506347.0,1269884090.0,-4.854,-4.17
002945,华林证券,15.18,15.17,15.18,14.7,14.76,15.19,14.73,14207093.0,213314591.0,3.265,0.48
002946,新乳业,16.88,16.88,16.9,16.71,16.75,17.0,16.59,3973100.0,67069926.0,1.017,0.17
002947,恒铭达,98.34,98.34,0.0,89.4,94.98,98.34,94.0,9577345.0,935174727.0,10.0,8.94
002948,青岛银行,5.63,5.63,5.64,5.67,5.65,5.74,5.61,33405934.0,188971496.0,-0.705,-0.04
002949,华阳国际,13.6,13.55,13.6,13.75,13.75,13.88,13.38,3028700.0,41095915.0,-1.091,-0.15
002950,奥美医疗,10.9,10.9,10.91,10.84,11.04,11.11,10.75,7080600.0,77350603.0,0.554,0.06
002951,金时科技,17.63,17.63,0.0,16.03,16.07,17.63,16.07,7914530.0,138465894.0,9.981,1.6
002952,亚世光电,30.69,30.68,30.69,30.69,29.8,30.81,29.33,15403849.0,462612086.0,0.0,0.0
002953,日丰股份,11.1,11.1,11.11,11.09,11.09,11.3,10.95,3898322.0,43223669.0,0.09,0.01
002955,鸿合科技,24.49,24.49,24.5,24.22,24.23,24.52,23.88,2107065.0,50784789.0,1.115,0.27
002956,西麦食品,20.42,20.42,20.43,21.45,21.08,21.5,20.35,4990138.0,103091151.0,-4.802,-1.03
002957,科瑞技术,48.02,48.02,0.0,43.65,44.6,48.02,44.34,27294776.0,1270406639.0,10.011,4.37
002958,青农商行,2.87,2.86,2.87,2.88,2.88,2.88,2.86,28241334.0,81054626.0,-0.347,-0.01
002959,小熊电器,39.47,39.47,39.48,39.89,39.91,40.02,39.05,885618.0,34892754.0,-1.053,-0.42
002960,青鸟智控,9.35,9.34,9.35,9.53,9.6,9.81,9.24,19142225.0,179684718.0,-1.889,-0.18
002961,瑞达期货,23.36,23.35,23.36,23.19,23.24,23.96,23.11,5546513.0,129779397.0,0.733,0.17
002962,五方光电,19.1,19.1,19.11,18.98,19.31,19.49,18.75,30461620.0,581725818.0,0.632,0.12
002963,豪尔赛,18.75,18.73,18.75,19.2,19.33,19.37,18.57,5006305.0,94565257.0,-2.344,-0.45
002965,祥鑫科技,36.79,36.79,36.8,37.48,37.8,37.85,36.4,9286199.0,343098714.0,-1.841,-0.69
002966,苏州银行,8.28,8.28,8.29,8.4,8.4,8.43,8.27,28190453.0,234975561.0,-1.429,-0.12
002967,广电计量,22.36,22.35,22.36,22.05,22.1,22.5,21.45,13319500.0,293623370.0,1.406,0.31
002968,新大正,10.55,10.53,10.55,10.56,10.58,10.82,10.39,4186180.0,44305426.0,-0.095,-0.01
002969,嘉美包装,19.08,19.07,19.08,19.17,19.27,20.13,18.74,61537952.0,1191677593.0,-0.469,-0.09
002970,锐明技术,70.72,70.72,70.73,72.45,73.05,74.0,69.6,7340100.0,522109795.0,-2.388,-1.73
002971,和远气体,32.54,32.54,32.55,33.94,33.94,34.0,32.32,13453950.0,442843689.0,-4.125,-1.4
002972,科安达,12.44,12.43,12.44,12.75,12.8,12.93,12.2,6088457.0,75838511.0,-2.431,-0.31
002973,侨银股份,14.07,14.06,14.07,13.87,13.86,14.11,13.68,5454811.0,76040649.0,1.442,0.2
002975,博杰股份,133.71,133.71,0.0,121.55,129.2,133.71,128.11,11952430.0,1592940409.0,10.004,12.16
002976,瑞玛精密,36.54,36.54,0.0,33.22,33.23,36.54,33.23,2939700.0,104554615.0,9.994,3.32
002977,*ST天箭,28.41,28.4,28.41,28.39,28.42,29.22,27.69,1736124.0,49070804.0,0.07,0.02
002978,安宁股份,28.44,28.44,28.49,28.66,28.66,28.8,28.19,3208031.0,91138990.0,-0.768,-0.22
002979,雷赛智能,61.1,61.1,61.11,61.03,61.49,62.11,59.87,21889023.0,1330823743.0,0.115,0.07
002980,华盛昌,128.02,128.02,0.0,116.38,121.23,128.02,121.01,11983996.0,1510791259.0,10.002,11.64
002981,朝阳科技,25.75,25.75,25.76,26.04,25.98,26.01,25.31,2422720.0,61990570.0,-1.114,-0.29
002982,湘佳股份,13.23,13.23,13.24,13.46,13.46,13.5,13.04,3285247.0,43518116.0,-1.709,-0.23
002983,芯瑞达,26.4,26.39,26.4,25.77,25.9,26.4,25.32,8512435.0,220480656.0,2.445,0.63
002984,森麒麟,15.43,15.43,15.44,15.63,15.73,15.82,15.32,11685261.0,181002212.0,-1.28,-0.2
002985,北摩高科,32.93,32.93,32.94,32.48,32.77,33.14,32.19,4541821.0,148575500.0,1.385,0.45
002986,宇新股份,12.91,12.9,12.91,12.76,12.71,13.5,12.6,7615400.0,99646429.0,1.176,0.15
002987,京北方,12.34,12.34,12.35,12.41,12.38,12.58,12.22,8701156.0,107868516.0,-0.564,-0.07
002988,豪美新材,32.73,32.73,32.74,33.18,33.5,33.95,32.27,4974912.0,164233724.0,-1.356,-0.45
002989,中天精装,31.7,31.68,31.7,32.51,32.25,32.58,31.3,7647810.0,242800556.0,-2.492,-0.81
002990,盛视科技,59.39,59.39,59.4,63.53,62.9,63.48,58.01,16034284.0,954316413.0,-6.517,-4.14
002991,甘源食品,46.86,46.85,46.86,47.36,47.37,47.67,46.76,461100.0,21768973.0,-1.056,-0.5
002992,宝明科技,46.13,46.13,46.15,47.19,47.01,47.75,45.9,1873900.0,87088842.0,-2.246,-1.06
002993,奥海科技,69.0,69.0,69.03,68.22,72.25,73.18,68.58,13790201.0,961230075.0,1.143,0.78
002995,天地在线,19.64,19.64,19.65,20.09,20.09,20.6,19.42,6321874.0,125321600.0,-2.24,-0.45
002996,顺博合金,7.17,7.17,7.18,7.3,7.31,7.37,7.1,9495980.0,68332610.0,-1.781,-0.13
002997,瑞鹄模具,32.46,32.45,32.46,33.17,33.4,33.66,32.25,6265090.0,205279235.0,-2.14,-0.71
002998,优彩资源,8.95,8.95,8.96,9.12,9.2,9.22,8.75,9274458.0,82818672.0,-1.864,-0.17
002999,天禾股份,6.61,6.61,6.62,6.76,6.8,6.85,6.52,8776100.0,58311063.0,-2.219,-0.15
003000,劲仔食品,10.87,10.87,10.88,10.87,10.95,10.96,10.69,3912803.0,42169630.0,0.0,0.0
003001,中岩大地,21.46,21.45,21.46,22.56,22.34,22.34,21.14,10337280.0,222747469.0,-4.876,-1.1
003002,壶化股份,24.69,24.69,24.7,24.46,25.0,26.39,24.43,3513600.0,88971259.0,0.94,0.23
003003,天元股份,12.96,12.96,12.99,13.25,13.29,13.49,12.82,3683500.0,48086348.0,-2.189,-0.29
003004,声迅股份,49.76,49.76,49.79,49.8,48.58,50.36,47.2,5683382.0,277761696.0,-0.08,-0.04
003005,竞业达,16.32,16.32,16.33,16.29,16.28,16.43,15.95,2368380.0,38259333.0,0.184,0.03
003006,百亚股份,15.57,15.57,15.58,15.46,15.47,15.85,15.43,5482273.0,85638228.0,0.712,0.11
003007,直真科技,51.1,51.1,51.15,52.64,51.51,52.32,49.88,7882200.0,399342455.0,-2.926,-1.54
003008,开普检测,21.57,21.56,21.57,21.93,22.1,22.68,21.21,2204220.0,47950525.0,-1.642,-0.36
003009,中天火箭,55.8,55.77,55.8,56.97,57.2,58.18,55.02,4350499.0,244420288.0,-2.054,-1.17
003010,若羽臣,26.21,26.2,26.21,27.13,27.09,27.25,26.1,6271156.0,166415856.0,-3.391,-0.92
003011,海象新材,23.52,23.52,23.53,25.59,25.65,26.09,23.31,6881148.0,168136447.0,-8.089,-2.07
003012,东鹏控股,5.39,5.39,5.4,5.32,5.35,5.44,5.34,6463404.0,34818194.0,1.316,0.07
003013,地铁设计,14.41,14.41,14.42,14.53,14.53,14.58,14.35,1352444.0,19548210.0,-0.826,-0.12
003015,日久光电,13.85,13.85,13.86,14.09,14.14,14.18,13.77,6405515.0,89260901.0,-1.703,-0.24
003016,欣贺股份,7.69,7.69,7.7,7.77,7.77,7.89,7.61,3871600.0,29940688.0,-1.03,-0.08
003017,大洋生物,29.79,29.79,29.81,30.48,30.46,30.75,29.56,2165100.0,64944160.0,-2.264,-0.69
003018,金富科技,69.0,69.0,69.01,66.6,67.44,69.35,65.71,12737902.0,865744156.0,3.604,2.4
003019,宸展光电,41.4,41.39,41.4,38.1,39.25,41.88,38.81,16024918.0,648445223.0,8.661,3.3
003020,立方制药,20.09,20.08,20.09,20.22,20.27,20.49,19.87,1616000.0,32495935.0,-0.643,-0.13
003021,兆威机电,112.3,112.3,112.31,111.68,111.99,114.28,110.7,7263925.0,815044361.0,0.555,0.62
003022,联泓新科,24.98,24.98,24.99,25.42,25.54,25.68,24.67,24057846.0,601508803.0,-1.731,-0.44
003023,彩虹集团,28.64,28.63,28.64,30.2,29.55,30.05,28.18,6538250.0,188664331.0,-5.166,-1.56
003025,思进智能,14.91,14.9,14.91,15.18,15.19,15.28,14.77,7856501.0,117259091.0,-1.779,-0.27
003026,中晶科技,47.4,47.4,47.41,46.0,46.82,47.79,45.36,9741268.0,454762436.0,3.043,1.4
003027,同兴科技,23.37,23.36,23.37,23.88,24.81,25.45,23.03,9478976.0,227352050.0,-2.136,-0.51
003028,振邦智能,29.39,29.39,29.4,28.75,28.76,29.39,28.15,3266126.0,94524572.0,2.226,0.64
003029,吉大正元,20.79,20.79,20.8,20.93,20.88,21.1,20.56,5415800.0,112482247.0,-0.669,-0.14
003030,祖名股份,26.1,26.09,26.1,26.52,26.55,27.01,25.65,3326900.0,87299124.0,-1.584,-0.42
003031,中瓷电子,156.88,156.88,156.89,158.69,158.69,159.8,150.95,13885777.0,2153244832.0,-1.141,-1.81
003032,*ST传智,7.55,7.54,7.55,7.4,7.53,7.61,7.42,7867500.0,59068445.0,2.027,0.15
003033,征和工业,57.33,57.31,57.33,56.88,56.68,58.59,55.5,1994600.0,113915167.0,0.791,0.45
003035,南网能源,7.05,7.05,7.06,7.02,7.09,7.18,6.96,34977386.0,246854312.0,0.427,0.03
003036,泰坦股份,55.98,55.98,0.0,50.89,50.62,55.98,49.6,14264976.0,754270720.0,10.002,5.09
003037,三和管桩,7.14,7.14,7.15,7.05,7.05,7.29,6.94,10930580.0,77741428.0,1.277,0.09
003038,鑫铂股份,13.3,13.29,13.3,13.38,13.37,13.55,13.15,3575628.0,47429596.0,-0.598,-0.08
003039,顺控发展,13.24,13.24,13.25,13.37,13.47,13.49,13.1,3567700.0,47257170.0,-0.972,-0.13
003040,楚天龙,14.0,14.0,14.01,14.05,13.95,14.25,13.83,5100400.0,71444838.0,-0.356,-0.05
003041,真爱美家,56.76,56.76,56.77,58.06,58.76,59.56,56.1,2754696.0,157129352.0,-2.239,-1.3
003042,中农联合,15.64,15.63,15.64,16.09,16.33,16.33,15.54,3594100.0,56701324.0,-2.797,-0.45
003043,华亚智能,64.11,64.1,64.11,64.76,64.7,67.47,63.02,6897320.0,451074917.0,-1.004,-0.65
003816,中国广核,4.56,4.55,4.56,4.47,4.46,4.56,4.37,112937597.0,506214436.0,2.013,0.09
300001,特锐德,37.61,37.61,37.62,40.0,39.79,39.95,37.06,43286090.0,1639927008.0,-5.975,-2.39
300002,神州泰岳,8.63,8.63,8.64,8.99,8.99,9.05,8.51,66506485.0,578159461.0,-4.004,-0.36
300003,乐普医疗,12.89,12.88,12.89,13.0,12.99,13.07,12.76,22092909.0,284047191.0,-0.846,-0.11
300004,南风股份,17.1,17.09,17.1,16.15,16.24,18.08,16.04,50138454.0,862056977.0,5.882,0.95
300005,探路者,15.3,15.29,15.3,16.5,16.71,16.71,15.0,51356900.0,808122424.0,-7.273,-1.2
300006,莱美药业,5.78,5.78,5.79,5.82,5.79,5.9,5.69,21852170.0,126441933.0,-0.687,-0.04
300007,汉威科技,49.95,49.95,49.96,50.81,51.69,51.83,49.55,21502071.0,1081686116.0,-1.693,-0.86
300008,天海防务,6.91,6.91,6.92,7.03,7.0,7.08,6.83,50378201.0,349154710.0,-1.707,-0.12
300009,安科生物,8.39,8.38,8.39,8.19,8.23,8.39,8.14,15537530.0,128033127.0,2.442,0.2
300010,ST豆神,2.87,2.87,2.88,2.95,2.96,2.99,2.87,46447818.0,135085770.0,-2.712,-0.08
300011,鼎汉技术,6.93,6.93,6.95,6.9,6.9,7.01,6.85,5653002.0,39183030.0,0.435,0.03
300012,华测检测,14.82,14.81,14.82,15.07,15.14,15.24,14.65,22326843.0,332052773.0,-1.659,-0.25
300013,新宁物流,4.73,4.73,4.74,4.82,4.82,4.93,4.7,31822750.0,151867611.0,-1.867,-0.09
300014,亿纬锂能,63.21,63.2,63.21,64.38,64.38,64.66,62.5,55703189.0,3523377709.0,-1.817,-1.17
300015,爱尔眼科,9.34,9.33,9.34,9.18,9.18,9.35,8.99,109100631.0,1002447767.0,1.743,0.16
300016,北陆药业,8.55,8.55,8.56,8.66,8.68,8.71,8.45,11250282.0,96086130.0,-1.27,-0.11
300017,网宿科技,17.18,17.17,17.18,17.23,17.4,17.7,16.7,158853608.0,2707709186.0,-0.29,-0.05
300018,中元股份,14.88,14.88,14.89,14.97,15.0,15.5,14.63,20305467.0,302498318.0,-0.601,-0.09
300019,硅宝科技,18.49,18.49,18.5,18.19,18.12,18.54,18.0,9133504.0,167143412.0,1.649,0.3
300020,ST银江,3.33,3.32,3.33,3.34,3.35,3.36,3.26,8642280.0,28526394.0,-0.299,-0.01
300021,大禹节水,4.22,4.21,4.22,4.14,4.13,4.24,4.13,13508982.0,56764802.0,1.932,0.08
300022,吉峰科技,8.8,8.8,8.81,8.51,8.53,8.84,8.39,18144801.0,156435851.0,3.408,0.29
300024,机器人,16.89,16.89,16.9,16.27,16.09,17.06,16.07,78291157.0,1305562708.0,3.811,0.62
300025,华星创业,5.53,5.53,5.54,5.54,5.58,5.73,5.42,16973950.0,94693631.0,-0.181,-0.01
300026,红日药业,3.26,3.25,3.26,3.27,3.27,3.28,3.24,20690900.0,67357946.0,-0.306,-0.01
300027,ST华谊,1.84,1.84,1.85,1.87,1.85,1.87,1.82,47425341.0,87305134.0,-1.604,-0.03
300029,*ST天龙,2.77,0.0,0.0,2.77,0.0,0.0,0.0,0.0,0.0,0.0,0.0
300030,阳普医疗,7.56,7.56,7.57,7.77,7.71,7.88,7.47,7479800.0,56919154.0,-2.703,-0.21
300031,宝通科技,25.5,25.5,25.51,25.68,26.19,26.88,24.93,23005208.0,586516468.0,-0.701,-0.18
300032,金龙机电,4.81,4.8,4.81,4.91,4.92,4.95,4.76,24656900.0,118954187.0,-2.037,-0.1
300033,同花顺,234.68,234.67,234.68,226.87,229.99,236.7,228.31,18815751.0,4374451621.0,3.443,7.81
300034,钢研高纳,20.17,20.17,20.18,20.02,20.2,20.49,19.81,18273627.0,367615172.0,0.749,0.15
300035,中科电气,18.39,18.39,18.4,19.41,19.42,19.5,18.35,28847624.0,538474952.0,-5.255,-1.02
300036,超图软件,14.48,14.48,14.49,14.29,14.36,14.55,14.29,7857566.0,113291080.0,1.33,0.19
300037,新宙邦,68.41,68.41,68.42,72.92,72.75,73.96,67.58,44975225.0,3131449618.0,-6.185,-4.51
300039,上海凯宝,5.5,5.49,5.5,5.59,5.6,5.61,5.45,9184500.0,50686429.0,-1.61,-0.09
300040,九洲集团,7.42,7.42,7.43,7.29,7.45,7.64,7.35,39414368.0,293942908.0,1.783,0.13
300041,回天新材,14.25,14.25,14.26,12.58,12.64,14.5,12.44,90018825.0,1223954002.0,13.275,1.67
300042,朗科科技,71.72,71.71,71.72,68.04,68.01,72.36,64.64,34656743.0,2389446868.0,5.409,3.68
300043,星辉娱乐,4.81,4.8,4.81,5.04,5.04,5.05,4.7,48801600.0,235876563.0,-4.563,-0.23
300044,*ST赛为,6.16,6.16,6.17,6.33,6.27,6.32,6.15,18455222.0,114345613.0,-2.686,-0.17
300045,华力创通,22.47,22.47,22.48,22.45,22.68,22.88,22.08,17845194.0,400029830.0,0.089,0.02
300046,台基股份,34.88,34.88,34.89,33.67,33.84,35.09,33.35,12279277.0,424437650.0,3.594,1.21
300047,天源迪科,12.83,12.83,12.84,12.13,12.48,13.08,12.47,41082839.0,526161582.0,5.771,0.7
300048,合康新能,5.92,5.91,5.92,5.9,5.94,6.01,5.85,13725020.0,81085383.0,0.339,0.02
300049,福瑞医科,52.07,52.07,52.08,54.82,54.7,55.25,51.6,9514602.0,503292528.0,-5.016,-2.75
300050,世纪鼎利,7.51,7.5,7.51,7.35,7.46,7.68,7.3,34217200.0,256107541.0,2.177,0.16
300051,琏升科技,12.4,12.4,12.41,13.08,13.2,13.2,12.01,32801401.0,405164385.0,-5.199,-0.68
300052,中青宝,14.9,14.89,14.9,15.29,15.24,15.78,14.6,27075300.0,405805631.0,-2.551,-0.39
300053,航宇微,18.27,18.27,18.28,17.75,17.99,18.61,17.99,31658744.0,578509132.0,2.93,0.52
300054,鼎龙股份,77.0,77.0,77.01,73.0,73.08,78.5,69.96,52687452.0,3891080415.0,5.479,4.0
300055,万邦达,9.77,9.77,9.78,10.1,10.11,10.16,9.58,23430002.0,228087531.0,-3.267,-0.33
300056,中创环保,10.99,10.99,11.0,10.88,10.88,11.08,10.67,15700536.0,170953228.0,1.011,0.11
300057,万顺新材,8.81,8.81,8.82,9.0,8.99,9.1,8.75,67035610.0,594725652.0,-2.111,-0.19
300058,蓝色光标,16.78,16.78,16.79,17.11,17.46,17.66,16.66,306160024.0,5189168136.0,-1.929,-0.33
300059,东方财富,19.87,19.87,19.88,19.5,19.72,20.25,19.58,335793512.0,6652045218.0,1.897,0.37
300061,旗天科技,10.91,10.9,10.91,10.49,10.34,11.17,10.09,48315909.0,511272691.0,4.004,0.42
300062,中能电气,7.56,7.56,7.57,7.76,7.78,7.94,7.48,28407422.0,217570784.0,-2.577,-0.2
300063,天龙集团,10.94,10.93,10.94,11.16,11.4,11.56,10.82,42835660.0,476140830.0,-1.971,-0.22
300065,海兰信,24.52,24.51,24.52,24.71,24.71,25.15,24.06,48530505.0,1191279919.0,-0.769,-0.19
300066,三川智慧,5.89,5.88,5.89,5.98,5.98,6.02,5.77,17495941.0,102991705.0,-1.505,-0.09
300067,安诺其,6.48,6.47,6.48,6.71,6.6,6.73,6.41,66402296.0,432023194.0,-3.428,-0.23
300068,ST南都,4.5,4.5,4.51,4.7,4.66,4.73,4.44,61255001.0,279584703.0,-4.255,-0.2
300069,金利华电,53.02,53.02,53.08,52.87,54.0,60.88,52.68,38450547.0,2174745772.0,0.284,0.15
300070,碧水源,3.66,3.65,3.66,3.63,3.63,3.66,3.62,26038169.0,94814071.0,0.826,0.03
300071,福石控股,4.4,4.4,4.41,4.47,4.49,4.58,4.36,31006980.0,137461038.0,-1.566,-0.07
300072,海新能科,4.06,4.06,4.07,4.13,4.13,4.16,4.04,28506635.0,116364050.0,-1.695,-0.07
300073,当升科技,57.6,57.6,57.61,60.03,60.03,60.05,57.21,18373274.0,1064984814.0,-4.048,-2.43
300074,华平股份,4.54,4.54,4.55,4.54,4.55,4.6,4.46,15142020.0,68484777.0,0.0,0.0
300075,数字政通,13.51,13.51,13.52,13.26,13.71,13.95,13.38,11557242.0,157493930.0,1.885,0.25
300076,*ST宁视,4.97,4.97,4.98,5.19,5.2,5.22,4.9,14957800.0,75101383.0,-4.239,-0.22
300077,国民技术,26.47,26.47,26.48,26.31,26.01,26.68,25.36,68953393.0,1801870293.0,0.608,0.16
300078,思创智联,3.66,3.65,3.66,3.69,3.67,3.74,3.59,21174141.0,77269191.0,-0.813,-0.03
300079,数码视讯,5.63,5.63,5.64,5.74,5.75,5.8,5.53,41169694.0,232410806.0,-1.916,-0.11
300080,易成新能,4.18,4.18,4.19,4.26,4.21,4.26,4.14,23280451.0,97446621.0,-1.878,-0.08
300081,ST恒信,3.97,3.97,3.98,4.1,4.07,4.13,3.93,16636377.0,66506921.0,-3.171,-0.13
300082,奥克股份,10.97,10.96,10.97,10.73,10.9,11.66,10.85,32261368.0,362456923.0,2.237,0.24
300083,创世纪,10.67,10.67,10.68,10.94,10.93,10.93,10.51,100463878.0,1069865671.0,-2.468,-0.27
300084,海默科技,12.59,12.59,12.6,12.97,13.09,13.1,12.42,17555900.0,223603390.0,-2.93,-0.38
300085,银之杰,39.51,39.51,39.52,40.0,40.72,41.9,38.96,33471370.0,1345251507.0,-1.225,-0.49
300086,康芝药业,6.83,6.83,6.84,7.01,7.02,7.08,6.77,13966350.0,95957855.0,-2.568,-0.18
300087,荃银高科,7.43,7.42,7.43,7.55,7.56,7.59,7.35,9607666.0,71451350.0,-1.589,-0.12
300088,长信科技,7.37,7.36,7.37,7.19,7.31,7.45,7.17,172831377.0,1267867116.0,2.503,0.18
300091,*ST金灵,2.91,2.9,2.91,2.94,2.92,2.93,2.88,15904877.0,46034661.0,-1.02,-0.03
300092,科新机电,15.12,15.12,15.14,15.52,15.65,15.69,15.03,4830800.0,73629097.0,-2.577,-0.4
300093,*ST金刚,20.8,20.75,20.8,21.1,21.1,21.19,20.03,3436500.0,70994573.0,-1.422,-0.3
300094,国联水产,2.98,2.98,2.99,2.99,2.98,3.02,2.95,20232701.0,60356898.0,-0.334,-0.01
300095,华伍股份,9.94,9.93,9.94,10.18,10.34,10.34,9.83,11030200.0,110565833.0,-2.358,-0.24
300096,ST易联众,9.11,9.11,9.13,9.24,9.31,9.34,8.84,5705300.0,51656168.0,-1.407,-0.13
300097,智云股份,10.13,10.13,10.14,10.48,10.5,10.58,9.95,10843300.0,110356464.0,-3.34,-0.35
300098,高新兴,5.83,5.83,5.84,5.82,5.83,5.9,5.7,51259301.0,297840995.0,0.172,0.01
300099,尤洛卡,8.71,8.71,8.72,8.38,9.12,9.18,8.62,44788318.0,397415191.0,3.938,0.33
300100,双林股份,33.14,33.13,33.14,33.91,34.08,34.17,33.04,15207693.0,507764842.0,-2.271,-0.77
300101,振芯科技,19.19,19.19,19.2,19.26,19.32,19.72,18.9,12833100.0,246960316.0,-0.363,-0.07
300102,乾照光电,27.32,27.31,27.32,27.16,27.48,27.51,26.13,41245440.0,1103681539.0,0.589,0.16
300103,达刚控股,9.0,8.99,9.0,9.1,9.14,9.98,8.89,10682200.0,96730884.0,-1.099,-0.1
300105,龙源技术,6.73,6.73,6.74,6.59,6.63,6.81,6.58,9113780.0,60967343.0,2.124,0.14
300106,西部牧业,13.96,13.96,13.97,13.88,13.88,14.29,13.71,9552100.0,133015652.0,0.576,0.08
300107,建新股份,7.1,7.09,7.1,7.0,7.03,7.12,6.88,11016691.0,77387611.0,1.429,0.1
300109,新开源,17.61,17.61,17.62,18.16,18.2,18.26,17.44,9734324.0,172316251.0,-3.029,-0.55
300110,华仁药业,2.92,2.91,2.92,2.9,2.89,2.93,2.86,12740200.0,36842061.0,0.69,0.02
300111,向日葵,3.56,3.56,3.57,3.62,3.64,3.66,3.51,27620100.0,98116695.0,-1.657,-0.06
300112,万讯自控,7.84,7.83,7.84,8.12,8.15,8.23,7.68,11107372.0,87406550.0,-3.448,-0.28
300113,顺网科技,25.95,25.94,25.95,25.66,25.81,26.07,25.08,35093249.0,894919580.0,1.13,0.29
300115,长盈精密,37.1,37.09,37.1,37.85,38.0,38.11,36.8,64599684.0,2413749841.0,-1.982,-0.75
300118,东方日升,16.41,16.41,16.42,16.88,16.98,17.25,16.35,41922796.0,696128223.0,-2.784,-0.47
300119,瑞普生物,16.27,16.27,16.3,16.49,16.46,16.47,16.08,3754290.0,60974734.0,-1.334,-0.22
300120,经纬辉开,7.18,7.18,7.19,7.13,7.16,7.23,7.08,10135900.0,72505308.0,0.701,0.05
300121,阳谷华泰,12.82,12.82,12.83,12.54,12.6,13.1,12.26,18279334.0,231476511.0,2.233,0.28
300122,智飞生物,13.69,13.69,13.7,14.06,14.01,14.14,13.63,22934374.0,316694542.0,-2.632,-0.37
300123,ST亚光,4.47,4.46,4.47,4.63,4.65,4.73,4.45,37280034.0,170594239.0,-3.456,-0.16
300124,汇川技术,78.83,78.82,78.83,78.99,79.4,79.86,76.9,42818663.0,3361624217.0,-0.203,-0.16
300125,*ST聆达,11.02,11.01,11.02,10.64,10.64,11.04,10.41,8961300.0,96661352.0,3.571,0.38
300126,锐奇股份,7.42,7.42,7.43,7.71,7.67,7.85,7.31,5719500.0,42905541.0,-3.761,-0.29
300127,银河磁体,31.51,31.5,31.51,31.43,31.55,31.75,30.8,4898670.0,152855177.0,0.255,0.08
300128,锦富技术,8.31,8.31,8.32,8.08,8.18,8.78,8.02,100201297.0,841375816.0,2.847,0.23
300129,泰胜风能,10.97,10.97,10.98,11.09,11.1,11.19,10.79,20947397.0,229947102.0,-1.082,-0.12
300130,新国都,24.9,24.9,24.91,24.34,24.15,25.09,24.03,23474235.0,576690117.0,2.301,0.56
300131,英唐智控,20.1,20.1,20.11,19.8,20.1,21.19,19.78,107010468.0,2169594704.0,1.515,0.3
300132,青松股份,8.18,8.17,8.18,7.66,7.68,8.29,7.67,24812064.0,200195739.0,6.789,0.52
300133,华策影视,9.14,9.13,9.14,9.43,9.44,9.5,9.01,104120175.0,956333249.0,-3.075,-0.29
300134,大富科技,11.17,11.17,11.18,11.17,11.26,11.34,10.94,10448637.0,116721136.0,0.0,0.0
300135,宝利国际,3.66,3.66,3.67,3.75,3.74,3.78,3.61,23301100.0,85502803.0,-2.4,-0.09
300136,信维通信,118.63,118.63,118.64,118.98,122.0,124.55,113.8,112108502.0,13338807445.0,-0.294,-0.35
300137,先河环保,19.0,19.0,19.05,20.0,20.0,20.28,18.86,39641600.0,763672428.0,-5.0,-1.0
300138,晨光生物,10.44,10.44,10.45,10.49,10.55,10.58,10.43,3836425.0,40298237.0,-0.477,-0.05
300139,晓程科技,49.19,49.19,49.2,47.22,49.0,50.21,48.08,26855677.0,1321554201.0,4.172,1.97
300140,节能环境,6.3,6.3,6.31,6.37,6.35,6.41,6.23,13658959.0,86004927.0,-1.099,-0.07
300141,和顺电气,12.23,12.21,12.23,12.49,12.68,12.75,12.04,5917000.0,72920043.0,-2.082,-0.26
300142,沃森生物,14.31,14.3,14.31,13.78,13.84,14.32,13.72,98297606.0,1388115406.0,3.846,0.53
300143,盈康生命,10.64,10.63,10.64,10.76,10.74,10.86,10.46,8273460.0,87754885.0,-1.115,-0.12
300144,宋城演艺,6.79,6.78,6.79,6.85,6.87,6.88,6.75,21814515.0,148398577.0,-0.876,-0.06
300145,南方泵业,4.97,4.96,4.97,5.07,5.11,5.17,4.93,54570063.0,272814561.0,-1.972,-0.1
300146,汤臣倍健,9.74,9.73,9.74,9.9,9.88,9.9,9.71,15560392.0,151976576.0,-1.616,-0.16
300147,*ST香雪,9.75,9.75,9.76,10.09,10.09,10.18,9.7,10971149.0,108055654.0,-3.37,-0.34
300148,天舟文化,3.75,3.75,3.76,3.81,3.81,3.85,3.7,20618878.0,77546054.0,-1.575,-0.06
300149,睿智医药,8.86,8.86,8.87,9.0,9.06,9.09,8.72,10877815.0,96505814.0,-1.556,-0.14
300150,世纪瑞尔,4.67,4.67,4.68,4.85,4.85,4.91,4.6,13772800.0,64585749.0,-3.711,-0.18
300151,昌红科技,23.6,23.6,23.61,21.65,22.5,24.15,22.33,42900679.0,999005894.0,9.007,1.95
300152,*ST动力,1.91,1.91,1.92,1.87,1.85,2.0,1.84,43114301.0,83067139.0,2.139,0.04
300153,科泰电源,30.01,30.01,30.02,29.69,29.69,31.0,29.52,13383496.0,402044929.0,1.078,0.32
300154,瑞凌股份,11.09,11.09,11.1,11.07,11.1,11.7,11.0,13521700.0,151770969.0,0.181,0.02
300155,安居宝,4.99,4.99,5.01,5.05,5.05,5.15,4.91,8308300.0,41605646.0,-1.188,-0.06
300157,新锦动力,4.83,4.83,4.84,5.05,5.0,5.05,4.79,34453900.0,167878825.0,-4.356,-0.22
300158,振东制药,5.27,5.26,5.27,5.48,5.48,5.5,5.18,17775345.0,94230137.0,-3.832,-0.21
300159,*ST新研,4.15,4.14,4.15,4.16,4.16,4.25,4.12,33192500.0,138724007.0,-0.24,-0.01
300160,秀强股份,4.97,4.96,4.97,4.94,4.93,4.97,4.9,7158200.0,35352065.0,0.607,0.03
300161,华中数控,37.08,37.08,37.09,37.83,38.2,38.47,36.51,7734329.0,286975432.0,-1.983,-0.75
300162,雷曼光电,10.4,10.39,10.4,9.72,9.7,10.45,9.56,97982100.0,988601852.0,6.996,0.68
300163,先锋新材,6.3,6.29,6.3,5.64,5.76,6.5,5.75,78381797.0,482591685.0,11.702,0.66
300164,通源石油,10.61,10.6,10.61,11.77,11.12,11.22,10.56,84935200.0,916147693.0,-9.856,-1.16
300165,天瑞仪器,6.41,6.41,6.42,6.74,6.75,6.8,6.35,22871200.0,148131908.0,-4.896,-0.33
300166,东方国信,18.87,18.86,18.87,19.17,19.39,19.68,18.38,137019660.0,2578229356.0,-1.565,-0.3
300167,ST迪威迅,5.37,5.37,5.38,5.55,5.62,5.62,5.34,6794800.0,36865908.0,-3.243,-0.18
300168,万达信息,5.58,5.57,5.58,5.64,5.64,5.71,5.5,16342459.0,91314253.0,-1.064,-0.06
300169,天晟新材,6.05,6.04,6.05,6.2,6.32,6.36,5.99,9739600.0,59468117.0,-2.419,-0.15
300170,汉得信息,20.39,20.38,20.39,20.3,20.52,20.94,20.04,51053577.0,1038566163.0,0.443,0.09
300171,东富龙,12.16,12.15,12.16,12.2,12.23,12.35,12.08,6998866.0,85358000.0,-0.328,-0.04
300172,中电环保,5.01,5.0,5.01,5.05,5.04,5.09,4.94,15396115.0,77033226.0,-0.792,-0.04
300173,ST福能,3.79,3.78,3.79,3.91,3.9,3.9,3.73,15253400.0,57851961.0,-3.069,-0.12
300174,元力股份,22.45,22.45,22.46,22.92,25.08,25.87,22.0,62532051.0,1437861015.0,-2.051,-0.47
300175,ST朗源,6.8,6.8,6.81,6.71,6.65,6.83,6.64,7686940.0,51826184.0,1.341,0.09
300176,鸿特科技,6.2,6.2,6.21,6.39,6.39,6.47,6.14,13811600.0,86347984.0,-2.973,-0.19
300177,中海达,8.52,8.51,8.52,8.45,8.49,8.9,8.39,13854340.0,118839296.0,0.828,0.07
300179,四方达,37.21,37.21,37.22,32.42,33.32,37.9,31.61,101355060.0,3491604441.0,14.775,4.79
300180,华峰超纤,4.76,4.75,4.76,4.84,4.85,4.91,4.72,23753801.0,113699079.0,-1.653,-0.08
300181,佐力药业,14.02,14.02,14.03,14.22,14.2,14.21,13.9,9141280.0,128129035.0,-1.406,-0.2
300182,捷成股份,5.57,5.57,5.58,5.57,5.61,5.7,5.53,76319992.0,426969396.0,0.0,0.0
300183,东软载波,13.35,13.34,13.35,12.94,12.96,13.44,12.81,8736559.0,115269464.0,3.168,0.41
300184,力源信息,16.47,16.47,16.48,14.68,14.9,16.95,14.9,193818090.0,3130275320.0,12.193,1.79
300185,通裕重工,2.96,2.96,2.97,2.95,2.94,2.98,2.91,85701806.0,252266285.0,0.339,0.01
300187,永清环保,5.95,5.95,5.96,5.98,5.95,6.07,5.83,21409600.0,126694237.0,-0.502,-0.03
300188,国投智能,11.42,11.42,11.43,11.58,11.5,11.64,11.3,13621418.0,155673993.0,-1.382,-0.16
300189,神农种业,5.32,5.31,5.32,5.41,5.4,5.45,5.29,39915244.0,213184422.0,-1.664,-0.09
300190,维尔利,4.42,4.42,4.43,4.54,4.57,4.59,4.41,31422400.0,141164615.0,-2.643,-0.12
300191,潜能恒信,34.42,34.42,34.43,38.29,38.34,38.43,33.74,17696940.0,623255016.0,-10.107,-3.87
300192,科德教育,18.02,18.01,18.02,18.31,18.25,18.45,17.84,5763700.0,104055230.0,-1.584,-0.29
300193,佳士科技,8.21,8.21,8.22,8.35,8.37,8.43,8.12,7273300.0,60004630.0,-1.677,-0.14
300194,福安药业,3.9,3.89,3.9,3.92,3.93,3.94,3.86,6487100.0,25235435.0,-0.51,-0.02
300195,长荣股份,6.43,6.43,6.44,6.6,6.56,6.66,6.37,9481500.0,61340731.0,-2.576,-0.17
300196,长海股份,23.92,23.92,0.0,19.93,20.06,23.92,20.05,44929771.0,1021056995.0,20.02,3.99
300197,节能铁汉,1.66,1.66,1.67,1.59,1.6,1.67,1.59,59548511.0,97038633.0,4.403,0.07
300198,*ST纳川,2.36,2.36,2.37,2.37,2.37,2.42,2.35,8981313.0,21375916.0,-0.422,-0.01
300199,翰宇药业,25.41,25.41,25.42,24.55,24.86,26.56,24.86,75613904.0,1941013812.0,3.503,0.86
300200,高盟新材,10.91,10.9,10.91,10.53,10.59,10.99,10.38,21189447.0,227676816.0,3.609,0.38
300201,海伦哲,18.92,18.92,18.93,18.34,19.3,19.84,18.8,90903322.0,1747535698.0,3.162,0.58
300203,聚光科技,15.08,15.08,15.09,15.2,15.33,15.56,14.9,29018968.0,440682239.0,-0.789,-0.12
300204,舒泰神,25.12,25.12,25.13,26.22,26.5,26.5,24.75,20721048.0,523774360.0,-4.195,-1.1
300205,*ST天喻,5.8,5.8,5.85,5.88,5.88,5.89,5.7,2970651.0,17224408.0,-1.361,-0.08
300206,理邦仪器,13.81,13.81,13.82,13.78,13.9,14.0,13.5,7346700.0,100669462.0,0.218,0.03
300207,欣旺达,23.98,23.98,23.99,24.49,24.58,24.59,23.7,55824568.0,1334541487.0,-2.082,-0.51
300209,行云科技,29.59,29.58,29.59,30.9,31.2,31.56,25.0,147997042.0,4240477115.0,-4.239,-1.31
300210,森远股份,11.25,11.25,11.26,12.08,12.0,12.03,11.13,34941351.0,400002307.0,-6.871,-0.83
300211,*ST亿通,9.15,9.13,9.15,9.15,9.01,9.15,8.94,5477800.0,49554600.0,0.0,0.0
300212,*ST易录,8.19,8.18,8.19,7.71,7.71,8.3,7.56,40193107.0,320399670.0,6.226,0.48
300213,佳讯飞鸿,8.15,8.14,8.15,8.11,8.12,8.21,7.98,9921700.0,80404505.0,0.493,0.04
300214,日科化学,8.22,8.22,8.23,8.41,8.43,8.46,8.1,11393700.0,93912479.0,-2.259,-0.19
300215,电科院,9.5,9.49,9.5,9.07,9.1,9.52,8.98,44140701.0,410545743.0,4.741,0.43
300217,东方电热,5.55,5.54,5.55,5.53,5.55,5.57,5.35,56456530.0,309614319.0,0.362,0.02
300218,安利股份,14.08,14.07,14.08,14.39,14.31,14.45,13.9,5333500.0,75157680.0,-2.154,-0.31
300219,鸿利智汇,8.98,8.97,8.98,8.43,8.54,9.14,8.47,83455566.0,733548316.0,6.524,0.55
300220,金运激光,13.53,13.53,13.54,14.16,14.18,14.36,13.36,3443760.0,47171844.0,-4.449,-0.63
300221,银禧科技,13.42,13.41,13.42,13.38,13.38,13.6,13.18,44800900.0,598163254.0,0.299,0.04
300222,科大智能,14.76,14.76,14.77,14.14,14.18,14.9,13.87,72807104.0,1047217877.0,4.385,0.62
300223,北京君正,141.92,141.92,141.93,138.4,139.65,142.0,136.08,29716777.0,4158011103.0,2.543,3.52
300224,正海磁材,13.24,13.23,13.24,13.13,13.14,13.24,12.91,17831049.0,233226549.0,0.838,0.11
300225,*ST金泰,9.38,9.37,9.38,8.53,8.77,9.98,8.72,37303240.0,346771049.0,9.965,0.85
300226,上海钢联,24.07,24.07,24.08,24.15,24.16,24.66,23.8,5960157.0,143928403.0,-0.331,-0.08
300227,光韵达,10.86,10.86,10.87,10.91,10.9,11.04,10.59,19764160.0,212394962.0,-0.458,-0.05
300228,富瑞特装,8.74,8.74,8.75,9.24,9.23,9.23,8.63,41033790.0,363214952.0,-5.411,-0.5
300229,拓尔思,18.46,18.45,18.46,18.37,18.54,19.15,18.24,22533683.0,417528559.0,0.49,0.09
300230,永利股份,5.17,5.16,5.17,5.12,5.11,5.17,5.05,19045460.0,97502916.0,0.977,0.05
300231,银信科技,10.8,10.8,10.81,10.96,10.98,11.06,10.64,14109538.0,152267248.0,-1.46,-0.16
300232,洲明科技,6.3,6.3,6.31,6.29,6.36,6.38,6.16,35420991.0,221896991.0,0.159,0.01
300233,金城医药,13.99,13.99,14.0,14.4,14.5,14.5,13.9,7684409.0,108127102.0,-2.847,-0.41
300234,开尔新材,7.44,7.43,7.44,7.59,7.73,8.0,7.34,16144425.0,121369916.0,-1.976,-0.15
300235,方直科技,13.3,13.29,13.3,13.11,13.14,13.37,12.7,9177350.0,119241405.0,1.449,0.19
300236,上海新阳,109.67,109.66,109.67,98.85,98.75,114.77,94.51,27013729.0,2817146554.0,10.946,10.82
300237,ST美晨,2.36,2.35,2.36,2.42,2.41,2.41,2.33,30040760.0,71030377.0,-2.479,-0.06
300238,冠昊生物,12.53,12.52,12.53,12.89,12.89,13.0,12.39,5315900.0,66736697.0,-2.793,-0.36
300239,东宝生物,5.25,5.24,5.25,5.25,5.25,5.29,5.15,6137500.0,32009963.0,0.0,0.0
300240,飞力达,6.19,6.19,6.2,6.45,6.47,6.53,6.13,12269053.0,76562191.0,-4.031,-0.26
300241,瑞丰光电,7.23,7.22,7.23,7.0,7.07,7.24,6.96,59430920.0,423537827.0,3.286,0.23
300242,佳云科技,5.41,5.41,5.42,5.3,5.33,5.49,5.27,40819100.0,220306911.0,2.075,0.11
300243,瑞丰高材,20.78,20.77,20.78,20.87,21.36,21.8,20.5,45328480.0,956022735.0,-0.431,-0.09
300244,迪安诊断,18.31,18.31,18.32,18.32,18.35,19.22,18.11,23799412.0,442450686.0,-0.055,-0.01
300245,ST天玑,6.38,6.38,6.39,6.82,6.85,6.85,6.21,18226373.0,117703350.0,-6.452,-0.44
300246,宝莱特,18.4,18.39,18.4,20.8,20.81,20.85,16.64,49628097.0,884865181.0,-11.538,-2.4
300247,融捷健康,4.54,4.54,4.55,4.79,4.75,4.8,4.49,34315500.0,156853094.0,-5.219,-0.25
300248,新开普,9.82,9.81,9.82,9.83,9.83,9.99,9.63,9660658.0,94659203.0,-0.102,-0.01
300249,依米康,17.37,17.37,17.38,18.01,18.13,18.29,17.16,29461595.0,515062297.0,-3.554,-0.64
300250,初灵信息,18.24,18.24,18.25,18.6,18.61,18.88,18.06,5475757.0,100289153.0,-1.935,-0.36
300251,光线传媒,12.93,12.93,12.94,13.17,13.18,13.35,12.86,40726226.0,530266380.0,-1.822,-0.24
300252,金信诺,16.16,16.15,16.16,15.94,16.0,16.19,15.56,29861082.0,476520686.0,1.38,0.22
300253,卫宁健康,8.55,8.55,8.56,8.62,8.63,8.78,8.45,57967500.0,496718398.0,-0.812,-0.07
300254,仟源医药,12.73,12.73,12.74,13.09,13.18,14.11,12.65,17856968.0,236532178.0,-2.75,-0.36
300255,常山药业,40.37,40.36,40.37,40.68,40.7,40.9,39.23,14785859.0,590601986.0,-0.762,-0.31
300256,星星科技,3.25,3.25,3.26,3.25,3.24,3.29,3.21,20071663.0,65195765.0,0.0,0.0
300257,开山股份,31.39,31.39,31.4,31.55,31.87,32.4,31.04,10813796.0,341812806.0,-0.507,-0.16
300258,精锻科技,15.09,15.08,15.09,13.98,13.99,15.1,13.95,60606058.0,881247001.0,7.94,1.11
300259,新天科技,6.76,6.75,6.76,7.47,7.23,7.28,6.53,135314600.0,917906265.0,-9.505,-0.71
300260,新莱应材,67.94,67.94,67.95,66.8,66.8,69.0,64.11,37469868.0,2514781411.0,1.707,1.14
300261,雅本化学,5.25,5.24,5.25,5.32,5.29,5.36,5.18,9561586.0,50229731.0,-1.316,-0.07
300263,隆华科技,13.92,13.91,13.92,12.93,13.35,14.06,13.26,95014621.0,1295835541.0,7.657,0.99
300264,佳创视讯,9.34,9.33,9.34,9.62,9.55,9.62,9.03,19826735.0,184668331.0,-2.911,-0.28
300265,通光线缆,21.68,21.67,21.68,21.58,21.99,22.65,21.28,47670270.0,1040930343.0,0.463,0.1
300266,兴源环境,2.09,2.09,2.1,2.04,2.04,2.1,2.03,22845200.0,47326660.0,2.451,0.05
300267,尔康制药,4.31,4.3,4.31,4.4,4.43,4.52,4.27,56147729.0,243536146.0,-2.045,-0.09
300268,佳沃食品,13.57,13.57,13.59,13.38,13.63,14.18,13.4,2680562.0,36845607.0,1.42,0.19
300269,联建光电,5.76,5.76,5.77,5.81,5.86,5.96,5.69,35126078.0,203731116.0,-0.861,-0.05
300270,中威电子,13.3,13.3,13.32,13.36,13.7,13.98,13.13,12496902.0,169517254.0,-0.449,-0.06
300271,华宇软件,5.93,5.92,5.93,6.0,6.07,6.08,5.83,10904580.0,64664765.0,-1.167,-0.07
300272,开能健康,6.77,6.77,6.78,6.86,6.84,6.88,6.66,10156116.0,68647091.0,-1.312,-0.09
300274,阳光电源,167.24,167.24,167.25,164.51,165.44,171.03,159.0,90412971.0,14979780137.0,1.659,2.73
300275,梅安森,11.7,11.7,0.0,9.75,11.7,11.7,11.7,11190140.0,130924638.0,20.0,1.95
300276,三丰智能,9.25,9.24,9.25,8.96,8.83,9.4,8.8,133654515.0,1228646912.0,3.237,0.29
300277,汽轮科技,16.18,16.17,16.18,15.84,15.91,16.45,15.55,29681522.0,475384206.0,2.146,0.34
300278,华昌达,5.01,5.01,5.02,5.15,5.14,5.15,4.98,35966512.0,181841726.0,-2.718,-0.14
300279,和晶科技,7.57,7.56,7.57,7.69,7.69,7.75,7.43,15058403.0,113214673.0,-1.56,-0.12
300281,金明精机,7.68,7.68,7.69,7.88,7.91,7.95,7.59,12436150.0,95941295.0,-2.538,-0.2
300283,温州宏丰,18.4,18.39,18.4,18.52,19.19,19.9,17.81,81925942.0,1528522005.0,-0.648,-0.12
300284,苏交科,6.19,6.19,6.2,6.26,6.29,6.31,6.14,9887864.0,61430447.0,-1.118,-0.07
300285,国瓷材料,51.15,51.15,51.16,48.4,52.0,53.08,50.65,113693450.0,5870487008.0,5.682,2.75
300286,安科瑞,32.27,32.27,32.28,29.51,32.97,35.2,31.7,42661574.0,1419733911.0,9.353,2.76
300287,飞利信,4.3,4.29,4.3,4.32,4.29,4.35,4.2,27038236.0,115434632.0,-0.463,-0.02
300288,朗玛信息,10.91,10.9,10.91,11.08,11.1,11.24,10.73,4991700.0,54507785.0,-1.534,-0.17
300289,利德曼,6.36,6.35,6.36,6.23,6.23,6.5,6.23,5635300.0,35936966.0,2.087,0.13
300290,荣科科技,14.68,14.68,14.69,14.49,14.24,15.39,14.24,28732107.0,427594478.0,1.311,0.19
300291,百纳千成,5.73,5.72,5.73,5.8,5.81,5.9,5.66,14185300.0,81441679.0,-1.207,-0.07
300292,吴通控股,5.79,5.79,5.8,5.97,5.97,6.0,5.69,91371500.0,527314302.0,-3.015,-0.18
300293,蓝英装备,20.36,20.36,20.37,19.67,19.55,20.59,19.29,14502563.0,289650752.0,3.508,0.69
300294,博雅生物,15.8,15.8,15.81,15.67,15.68,16.0,15.62,5307496.0,83968997.0,0.83,0.13
300295,*ST三六,11.58,11.56,11.58,11.76,11.85,11.98,11.54,3262296.0,38312228.0,-1.531,-0.18
300296,利亚德,6.91,6.9,6.91,6.63,6.65,7.05,6.54,188937410.0,1291499347.0,4.223,0.28
300298,三诺生物,16.28,16.28,16.29,16.45,16.42,16.6,16.17,4053300.0,66322798.0,-1.033,-0.17
300299,富春股份,5.91,5.9,5.91,5.94,5.99,6.0,5.84,11053230.0,65296547.0,-0.505,-0.03
300300,海峡创新,10.54,10.54,10.55,11.09,11.07,11.08,10.44,54832328.0,583672217.0,-4.959,-0.55
300301,ST长方,3.48,3.48,3.49,3.42,3.5,3.58,3.38,13970000.0,48594022.0,1.754,0.06
300302,同有科技,50.54,50.54,50.55,53.35,52.22,52.95,47.51,52040070.0,2610951760.0,-5.267,-2.81
300303,聚飞光电,9.99,9.98,9.99,9.92,10.08,10.28,9.71,119020544.0,1188025257.0,0.706,0.07
300304,云意电气,13.84,13.84,13.85,13.92,14.05,14.38,13.69,28307359.0,395102720.0,-0.575,-0.08
300305,裕兴股份,7.08,7.08,7.09,6.99,7.18,7.86,7.03,45169800.0,328301928.0,1.288,0.09
300306,远方信息,11.99,11.98,11.99,12.24,12.26,12.43,11.84,3065894.0,36983336.0,-2.042,-0.25
300307,慈星股份,7.23,7.22,7.23,7.32,7.28,7.37,7.16,14625314.0,105635524.0,-1.23,-0.09
300308,中际旭创,1093.0,1092.98,1093.0,1037.98,1054.99,1094.98,1025.55,25076089.0,26633292536.0,5.301,55.02
300310,宜通世纪,6.3,6.29,6.3,6.14,6.15,6.34,6.04,90890230.0,565694853.0,2.606,0.16
300311,ST任子行,5.56,5.55,5.56,5.58,5.57,5.66,5.45,11882279.0,66045230.0,-0.358,-0.02
300313,*ST天山,9.81,9.8,9.81,9.96,9.78,9.88,9.51,5093902.0,49406185.0,-1.506,-0.15
300314,戴维医疗,10.79,10.79,10.8,10.91,10.89,11.09,10.6,3027811.0,32554372.0,-1.1,-0.12
300315,掌趣科技,4.69,4.69,4.7,4.75,4.75,4.79,4.63,61632191.0,289119504.0,-1.263,-0.06
300316,晶盛机电,56.4,56.39,56.4,55.09,55.5,56.65,53.0,46603829.0,2593521937.0,2.378,1.31
300317,珈伟新能,5.2,5.19,5.2,5.28,5.26,5.35,5.17,47848061.0,250771327.0,-1.515,-0.08
300318,博晖创新,5.19,5.18,5.19,5.14,5.21,5.32,5.13,5624819.0,29289881.0,0.973,0.05
300319,麦捷科技,14.99,14.99,15.0,14.13,13.8,15.13,13.67,135746808.0,1951334134.0,6.086,0.86
300320,海达股份,9.28,9.28,9.3,9.22,9.21,9.38,9.21,8132000.0,75496779.0,0.651,0.06
300321,同大股份,40.01,40.01,40.15,41.8,43.0,44.5,39.86,3738700.0,155704940.0,-4.282,-1.79
300322,硕贝德,33.42,33.41,33.42,30.71,31.32,34.12,31.22,56650222.0,1855921741.0,8.824,2.71
300323,华灿光电,17.68,17.68,17.69,18.7,18.71,18.9,17.34,192118901.0,3424523070.0,-5.455,-1.02
300324,旋极信息,4.88,4.88,4.89,4.94,4.92,4.97,4.81,34616792.0,168770190.0,-1.215,-0.06
300326,ST凯利,7.01,7.01,7.02,7.07,7.05,7.12,6.92,8268800.0,57790511.0,-0.849,-0.06
300327,中颖电子,29.15,29.15,29.16,27.85,27.99,29.15,27.62,20923711.0,601112515.0,4.668,1.3
300328,宜安科技,20.26,20.26,20.27,20.57,20.66,21.5,19.69,53530745.0,1080270116.0,-1.507,-0.31
300329,海伦钢琴,13.17,13.17,13.18,13.31,13.33,13.48,13.09,2858700.0,37832455.0,-1.052,-0.14
300331,苏大维格,54.13,54.12,54.13,54.38,54.38,54.77,53.23,12069281.0,651046257.0,-0.46,-0.25
300332,天壕能源,5.18,5.17,5.18,5.3,5.26,5.28,5.06,29073937.0,149494282.0,-2.264,-0.12
300333,兆日科技,11.95,11.95,11.96,11.22,11.45,12.25,11.4,32307610.0,384107563.0,6.506,0.73
300334,津膜科技,8.12,8.12,8.13,8.17,8.21,8.35,7.99,7467800.0,60615498.0,-0.612,-0.05
300335,迪森股份,6.07,6.07,6.08,6.15,6.19,6.21,6.02,16348654.0,99727454.0,-1.301,-0.08
300337,银邦股份,12.97,12.96,12.97,13.38,13.46,13.56,12.81,24507351.0,320000469.0,-3.064,-0.41
300338,*ST开元,3.21,3.2,3.21,3.21,3.22,3.26,3.13,8459883.0,26915212.0,0.0,0.0
300339,润和软件,44.33,44.33,44.34,42.85,42.95,44.98,42.31,37338720.0,1630305885.0,3.454,1.48
300340,科恒股份,10.08,10.08,10.09,10.52,10.56,10.61,9.95,8172840.0,82769338.0,-4.183,-0.44
300341,麦克奥迪,15.92,15.91,15.92,15.7,15.76,15.99,15.49,9170500.0,144831130.0,1.401,0.22
300342,天银机电,56.84,56.84,56.85,58.48,59.0,59.8,55.2,40366849.0,2303847379.0,-2.804,-1.64
300343,ST联创,6.78,6.77,6.78,6.9,6.87,6.91,6.73,19207000.0,130721044.0,-1.739,-0.12
300345,华民股份,6.22,6.22,6.23,6.42,6.44,6.5,6.18,15135960.0,94940622.0,-3.115,-0.2
300346,南大光电,61.0,61.0,61.01,56.63,56.89,63.05,56.32,90242836.0,5391036739.0,7.717,4.37
300347,泰格医药,42.3,42.3,42.31,42.32,41.93,42.53,41.2,16653492.0,697861589.0,-0.047,-0.02
300348,长亮科技,10.89,10.89,10.9,11.03,10.98,11.17,10.77,14775513.0,161338734.0,-1.269,-0.14
300349,金卡智能,15.91,15.9,15.91,14.93,15.0,16.15,14.86,32490316.0,506407954.0,6.564,0.98
300350,华鹏飞,4.87,4.87,4.88,5.02,5.0,5.1,4.81,17831702.0,87492313.0,-2.988,-0.15
300351,永贵电器,23.54,23.54,23.56,25.6,25.65,26.0,21.97,43648431.0,1026697995.0,-8.047,-2.06
300352,ST信源,3.31,3.31,3.32,3.46,3.4,3.47,3.31,39529772.0,132698925.0,-4.335,-0.15
300353,东土科技,20.77,20.76,20.77,20.45,20.53,21.08,20.4,28744083.0,596359697.0,1.565,0.32
300354,东华测试,37.67,37.67,37.68,37.82,37.9,38.55,37.25,2284499.0,86087087.0,-0.397,-0.15
300355,蒙草生态,3.29,3.28,3.29,3.36,3.36,3.37,3.26,22283273.0,73592428.0,-2.083,-0.07
300357,我武生物,22.8,22.79,22.8,23.39,23.37,23.41,22.5,9956949.0,226922369.0,-2.522,-0.59
300358,楚天科技,9.01,9.0,9.01,9.06,9.07,9.16,8.89,11592465.0,104197924.0,-0.552,-0.05
300359,全通教育,4.36,4.36,4.37,4.42,4.44,4.51,4.29,11369300.0,49628223.0,-1.357,-0.06
300360,炬华科技,14.74,14.74,14.75,14.35,14.44,14.78,14.36,7265063.0,106157694.0,2.718,0.39
300363,博腾股份,15.18,15.17,15.18,15.22,15.22,15.31,14.85,12870055.0,194367580.0,-0.263,-0.04
300364,中文在线,26.15,26.14,26.15,26.08,26.38,26.84,25.82,32976558.0,864597819.0,0.268,0.07
300365,恒华科技,6.1,6.1,6.11,5.98,5.95,6.19,5.83,22642841.0,136249055.0,2.007,0.12
300366,ST创意,5.63,5.63,5.64,5.82,5.82,5.82,5.56,11991700.0,68032463.0,-3.265,-0.19
300368,汇金股份,10.69,10.69,10.7,10.85,10.89,11.18,10.58,19808500.0,213999253.0,-1.475,-0.16
300369,绿盟科技,6.99,6.98,6.99,7.01,7.05,7.09,6.91,15722609.0,109811812.0,-0.285,-0.02
300370,安控科技,2.5,2.5,2.51,2.49,2.49,2.55,2.45,21010600.0,52392487.0,0.402,0.01
300371,汇中股份,12.62,12.61,12.62,12.87,12.96,13.1,12.48,4141576.0,52652437.0,-1.943,-0.25
300373,扬杰科技,95.24,95.24,95.25,86.38,89.39,96.3,86.88,44152355.0,4087395350.0,10.257,8.86
300374,中铁装配,12.78,12.78,12.79,12.53,12.63,12.94,12.47,3787200.0,48154778.0,1.995,0.25
300375,鹏翎股份,4.74,4.74,4.75,4.87,4.89,4.91,4.71,19479912.0,93049850.0,-2.669,-0.13
300376,易事特,5.4,5.4,5.41,5.37,5.4,5.57,5.38,20851000.0,113829919.0,0.559,0.03
300377,赢时胜,14.91,14.9,14.91,16.09,15.53,16.18,14.67,53349909.0,808380429.0,-7.334,-1.18
300378,鼎捷数智,40.11,40.11,40.12,40.53,40.63,41.78,39.52,10796430.0,437119341.0,-1.036,-0.42
300380,安硕信息,35.4,35.4,35.41,35.26,35.26,36.47,34.83,2840895.0,100894492.0,0.397,0.14
300381,溢多利,6.87,6.87,6.88,7.05,7.08,7.12,6.78,8452600.0,58382897.0,-2.553,-0.18
300382,斯莱克,16.08,16.08,16.09,16.51,16.55,16.97,15.8,23142235.0,375415691.0,-2.604,-0.43
300383,光环新网,15.74,15.74,15.75,15.66,15.75,15.94,15.18,114597825.0,1772507977.0,0.511,0.08
300384,三联虹普,13.45,13.44,13.45,13.67,13.71,13.85,13.3,3005271.0,40571746.0,-1.609,-0.22
300385,ST雪浪,14.49,14.48,14.49,14.67,14.71,15.09,14.4,8987348.0,132055433.0,-1.227,-0.18
300386,飞天诚信,11.75,11.74,11.75,11.87,11.88,12.07,11.51,5539946.0,65001866.0,-1.011,-0.12
300387,富邦科技,8.28,8.27,8.28,8.45,8.46,8.55,8.2,5502625.0,45789362.0,-2.012,-0.17
300388,节能国祯,7.87,7.86,7.87,7.93,7.91,8.0,7.78,6282915.0,49362972.0,-0.757,-0.06
300389,艾比森,15.05,15.05,15.06,15.15,15.16,15.21,14.82,5832524.0,87420247.0,-0.66,-0.1
300390,天华新能,90.48,90.47,90.48,89.14,89.0,92.26,88.25,45318589.0,4097412665.0,1.503,1.34
300393,中来股份,10.72,10.72,10.73,10.27,10.52,10.89,10.03,58511657.0,616869382.0,4.382,0.45
300394,天孚通信,396.75,396.75,396.76,372.5,372.9,397.77,361.58,52432152.0,20105294385.0,6.51,24.25
300395,菲利华,151.46,151.46,151.47,140.15,141.81,153.58,141.69,51791964.0,7735915495.0,8.07,11.31
300396,ST迪瑞,7.84,7.82,7.84,7.79,7.8,7.9,7.68,3579800.0,27905554.0,0.642,0.05
300397,天和防务,14.67,14.67,14.68,14.52,14.54,15.2,14.39,34668559.0,508469438.0,1.033,0.15
300398,飞凯材料,41.34,41.34,41.35,37.98,38.71,41.55,37.4,78105698.0,3105727263.0,8.847,3.36
300399,天利科技,22.16,22.16,22.17,21.9,21.9,22.89,21.81,3893400.0,86878447.0,1.187,0.26
300400,劲拓股份,33.31,33.3,33.31,31.85,31.86,34.05,31.52,19822400.0,651850898.0,4.584,1.46
300401,花园生物,13.49,13.49,13.5,13.05,13.23,13.55,13.21,11051439.0,148424702.0,3.372,0.44
300402,宝色股份,16.94,16.94,16.95,17.29,17.3,17.51,16.77,3891700.0,66118880.0,-2.024,-0.35
300403,汉宇集团,12.01,12.01,12.02,12.23,12.28,12.41,11.95,17837941.0,215776817.0,-1.799,-0.22
300404,博济医药,10.47,10.47,10.48,10.65,10.66,10.84,10.28,13578441.0,143190019.0,-1.69,-0.18
300405,科隆股份,7.09,7.09,7.1,7.16,7.27,7.37,7.0,12029330.0,85683380.0,-0.978,-0.07
300406,九强生物,13.03,13.03,13.04,12.86,12.86,13.08,12.8,3935563.0,50947524.0,1.322,0.17
300407,凯发电气,13.63,13.63,13.64,13.3,13.3,13.78,13.22,10724800.0,145234529.0,2.481,0.33
300408,三环集团,115.35,115.35,115.37,115.0,121.0,123.0,114.0,89925867.0,10479286155.0,0.304,0.35
300409,道氏技术,24.82,24.82,24.83,25.36,25.03,25.19,24.6,21081780.0,522637834.0,-2.129,-0.54
300410,正业科技,11.35,11.35,11.36,10.94,11.67,12.29,11.03,80730318.0,926163774.0,3.748,0.41
300411,金盾股份,8.81,8.81,8.82,9.9,9.79,9.79,8.67,19469840.0,174501365.0,-11.01,-1.09
300412,迦南科技,4.89,4.89,4.9,5.02,5.02,5.07,4.82,10989180.0,53987990.0,-2.59,-0.13
300413,芒果超媒,17.86,17.86,17.87,18.19,18.18,18.29,17.66,22719996.0,405473471.0,-1.814,-0.33
300414,中光防雷,12.64,12.63,12.64,12.85,12.95,13.07,12.46,5715692.0,72534275.0,-1.634,-0.21
300415,伊之密,24.94,24.94,24.95,25.78,25.79,25.79,24.62,9628268.0,240094632.0,-3.258,-0.84
300416,苏试试验,19.3,19.29,19.3,17.94,18.3,19.46,17.92,53181376.0,994507342.0,7.581,1.36
300417,南华仪器,14.5,14.5,14.52,14.91,14.95,15.06,14.24,3735850.0,54198030.0,-2.75,-0.41
300418,昆仑万维,48.15,48.14,48.15,46.19,46.89,48.46,46.83,52482465.0,2495978708.0,4.243,1.96
300419,ST浩丰,6.86,6.85,6.86,6.84,6.92,6.92,6.68,6616700.0,44904321.0,0.292,0.02
300420,五洋自控,4.83,4.82,4.83,4.55,4.68,5.08,4.67,110606623.0,540325174.0,6.154,0.28
300421,力星股份,27.12,27.11,27.12,27.96,27.83,27.96,26.7,20386130.0,556343564.0,-3.004,-0.84
300422,博世科,5.63,5.62,5.63,5.69,5.69,5.83,5.56,13869400.0,78251993.0,-1.054,-0.06
300423,昇辉科技,6.92,6.92,6.93,7.11,7.12,7.25,6.86,11082730.0,77486859.0,-2.672,-0.19
300424,航新科技,21.58,21.57,21.58,20.79,20.8,21.99,20.77,23371646.0,502114973.0,3.8,0.79
300425,中建环能,4.52,4.52,4.54,4.57,4.6,4.62,4.46,7967360.0,36040609.0,-1.094,-0.05
300426,华智数媒,6.94,6.94,6.95,7.08,7.11,7.28,6.88,10558800.0,74223511.0,-1.977,-0.14
300427,红相股份,9.74,9.74,9.75,9.81,9.97,10.25,9.68,19087420.0,188549854.0,-0.714,-0.07
300428,立中集团,22.58,22.58,22.59,22.23,22.35,22.6,22.11,12615047.0,282094367.0,1.574,0.35
300429,强力新材,16.16,16.15,16.16,15.41,15.41,16.5,15.36,45433536.0,724232252.0,4.867,0.75
300430,*ST益通,5.37,5.37,5.38,5.69,5.71,5.8,5.28,20229814.0,111735251.0,-5.624,-0.32
300432,富临精工,24.14,24.13,24.14,24.68,24.96,25.04,23.8,40267495.0,971986902.0,-2.188,-0.54
300433,蓝思科技,39.52,39.52,39.53,38.4,38.6,40.47,38.6,219945276.0,8700604120.0,2.917,1.12
300434,金石亚药,10.7,10.7,10.71,10.8,10.8,10.92,10.53,8594500.0,91798878.0,-0.926,-0.1
300435,中泰股份,20.14,20.13,20.14,20.55,20.56,20.66,19.92,10987000.0,222120421.0,-1.995,-0.41
300436,广生堂,120.97,120.97,120.98,125.83,124.21,127.78,120.22,7695209.0,948252701.0,-3.862,-4.86
300437,清水源,13.42,13.42,13.43,13.93,13.93,14.05,13.26,8815356.0,119348933.0,-3.661,-0.51
300438,鹏辉能源,78.57,78.57,78.58,84.74,84.04,84.74,77.0,44539664.0,3533175908.0,-7.281,-6.17
300439,美康生物,9.4,9.39,9.4,9.44,9.44,9.62,9.3,3305530.0,31176571.0,-0.424,-0.04
300440,运达科技,17.65,17.63,17.65,17.63,17.79,18.15,17.33,9563900.0,169803165.0,0.113,0.02
300441,鲍斯股份,6.58,6.58,6.6,6.63,6.64,6.77,6.54,4217760.0,27881208.0,-0.754,-0.05
300442,润泽科技,94.58,94.58,94.59,93.35,93.39,94.84,91.2,58251473.0,5406577050.0,1.318,1.23
300443,金雷股份,27.05,27.04,27.05,27.78,27.66,27.76,26.81,9457805.0,257063094.0,-2.628,-0.73
300444,双杰电气,15.44,15.43,15.44,14.91,15.04,16.05,15.04,57011508.0,886957909.0,3.555,0.53
300445,康斯特,25.38,25.38,25.39,25.01,25.33,26.68,24.89,9938360.0,253941548.0,1.479,0.37
300446,航天智造,17.5,17.5,17.51,17.9,17.97,18.07,17.3,9114700.0,160212961.0,-2.235,-0.4
300447,全信股份,17.24,17.24,17.25,17.63,17.89,18.08,17.0,7279660.0,126304019.0,-2.212,-0.39
300448,浩云科技,8.25,8.24,8.25,7.8,7.9,8.5,7.88,43511516.0,354634147.0,5.769,0.45
300449,汉邦高科,8.49,8.48,8.49,8.65,8.7,8.74,8.35,27172720.0,231004130.0,-1.85,-0.16
300450,先导智能,49.87,49.86,49.87,51.25,51.39,51.55,49.33,45959042.0,2297163257.0,-2.693,-1.38
300451,创业慧康,4.06,4.06,4.07,4.09,4.08,4.14,4.02,23208601.0,94479130.0,-0.733,-0.03
300452,山河药辅,12.73,12.73,12.74,12.87,12.98,12.98,12.57,4611107.0,58812727.0,-1.088,-0.14
300453,三鑫医疗,9.72,9.71,9.72,9.91,9.9,10.01,9.56,8494590.0,82699162.0,-1.917,-0.19
300454,深信服,115.79,115.78,115.79,115.79,116.0,118.74,113.53,10434744.0,1203517728.0,0.0,0.0
300455,航天智装,24.71,24.7,24.71,24.85,25.12,25.39,24.35,9093962.0,225154966.0,-0.563,-0.14
300456,赛微电子,48.18,48.17,48.18,46.92,46.92,48.48,45.8,48573488.0,2290082321.0,2.685,1.26
300457,赢合科技,28.3,28.3,28.31,29.5,29.49,29.6,27.83,29824193.0,848891176.0,-4.068,-1.2
300458,全志科技,38.35,38.34,38.35,36.66,36.67,38.43,36.22,54783679.0,2068693277.0,4.61,1.69
300459,汤姆猫,3.98,3.98,3.99,4.04,4.04,4.09,3.95,67543991.0,270049319.0,-1.485,-0.06
300460,ST惠伦,10.27,10.27,10.28,10.33,10.43,10.69,10.09,8624180.0,89414940.0,-0.581,-0.06
300461,田中精机,50.29,50.29,50.3,49.72,50.61,51.6,49.13,6915000.0,348569280.0,1.146,0.57
300462,ST华铭,13.06,13.06,13.12,13.43,13.49,13.57,12.97,2410800.0,31716694.0,-2.755,-0.37
300463,迈克生物,9.8,9.8,9.81,9.85,9.78,9.93,9.72,5180949.0,50803250.0,-0.508,-0.05
300464,星徽股份,9.47,9.47,9.48,9.19,9.2,9.68,9.1,33866950.0,317319421.0,3.047,0.28
300465,高伟达,15.22,15.21,15.22,14.09,14.18,15.32,13.52,35179439.0,510639501.0,8.02,1.13
300466,赛摩智能,9.02,9.01,9.02,9.14,9.14,9.19,8.92,6934861.0,62673706.0,-1.313,-0.12
300467,迅游科技,36.18,36.18,36.19,38.14,38.2,38.38,36.0,9632600.0,355526600.0,-5.139,-1.96
300468,四方精创,26.16,26.15,26.16,26.4,26.55,26.82,25.8,16033960.0,421353389.0,-0.909,-0.24
300469,信息发展,53.36,53.36,53.37,55.27,54.24,55.11,53.1,8406176.0,451735538.0,-3.456,-1.91
300470,中密控股,32.69,32.69,32.72,33.12,33.11,33.35,32.02,3053082.0,99751446.0,-1.298,-0.43
300471,厚普股份,10.68,10.68,10.69,11.02,11.07,11.22,10.62,8618410.0,93171721.0,-3.085,-0.34
300472,*ST新元,8.57,8.56,8.57,9.13,9.0,9.0,8.03,12000760.0,102729108.0,-6.134,-0.56
300473,德尔股份,38.3,38.29,38.3,37.55,37.5,39.18,37.27,9897862.0,378633331.0,1.997,0.75
300474,景嘉微,67.05,67.04,67.05,63.31,63.89,67.5,63.61,19183478.0,1261270862.0,5.907,3.74
300475,香农芯创,204.56,204.56,204.57,187.69,187.69,204.86,184.86,50343431.0,9940248468.0,8.988,16.87
300476,胜宏科技,383.5,383.49,383.5,375.5,390.0,391.01,372.18,72181370.0,27542898132.0,2.13,8.0
300477,ST合纵,2.84,2.84,2.85,2.83,2.82,2.9,2.78,28776050.0,81413854.0,0.353,0.01
300478,杭州高新,41.96,41.96,41.98,40.23,40.66,42.33,40.1,6869000.0,284814790.0,4.3,1.73
300479,神思电子,15.99,15.98,15.99,16.3,16.44,16.48,15.84,4786319.0,76978450.0,-1.902,-0.31
300480,光力科技,39.63,39.62,39.63,37.96,38.8,40.2,37.73,33895666.0,1328506403.0,4.399,1.67
300481,濮阳惠成,16.07,16.07,16.08,15.54,15.7,16.1,15.6,18220330.0,289874553.0,3.411,0.53
300482,万孚生物,17.99,17.99,18.0,17.95,18.1,18.44,17.97,4153960.0,75536898.0,0.223,0.04
300483,首华燃气,20.16,20.16,20.17,22.12,21.42,21.65,19.95,26668197.0,548604782.0,-8.861,-1.96
300484,蓝海华腾,17.9,17.89,17.9,18.24,18.3,18.3,17.66,6589199.0,117678789.0,-1.864,-0.34
300485,赛升药业,8.89,8.89,8.9,9.11,9.14,9.15,8.81,6903668.0,61642500.0,-2.415,-0.22
300486,东杰智能,22.33,22.32,22.33,23.1,23.14,23.58,22.17,13394495.0,303634500.0,-3.333,-0.77
300487,蓝晓科技,60.3,60.3,60.32,60.95,60.95,61.17,59.2,3004243.0,180062625.0,-1.066,-0.65
300488,恒锋工具,35.5,35.49,35.5,36.6,36.36,36.96,35.0,8281779.0,294794793.0,-3.005,-1.1
300489,光智科技,123.2,123.18,123.2,135.0,136.35,143.0,108.0,28926822.0,3497604916.0,-8.741,-11.8
300490,华自科技,17.23,17.23,17.24,17.42,17.33,17.91,17.01,18452400.0,318996500.0,-1.091,-0.19
300491,通合科技,27.24,27.24,27.25,27.55,27.74,28.18,26.64,8704900.0,236985683.0,-1.125,-0.31
300492,华图山鼎,47.15,47.13,47.15,47.1,47.21,49.35,46.93,3356915.0,160372495.0,0.106,0.05
300493,润欣科技,17.78,17.78,17.79,16.99,16.99,17.8,16.99,34803129.0,608641251.0,4.65,0.79
300494,盛天网络,9.9,9.9,9.91,10.07,10.04,10.13,9.63,15674382.0,153541168.0,-1.688,-0.17
300496,中科创达,71.86,71.86,71.87,71.65,72.19,74.25,70.09,33154159.0,2386922979.0,0.293,0.21
300497,富祥股份,15.84,15.83,15.84,15.98,16.05,16.57,15.68,23909800.0,384507692.0,-0.876,-0.14
300498,温氏股份,13.93,13.93,13.94,13.78,13.76,13.97,13.57,49673567.0,685054534.0,1.089,0.15
300499,高澜股份,46.33,46.32,46.33,45.31,45.91,47.54,44.89,44974576.0,2072425934.0,2.251,1.02
300500,启迪设计,11.59,11.59,11.62,11.93,11.93,12.08,11.48,3586510.0,41939831.0,-2.85,-0.34
300501,海顺新材,13.97,13.97,13.98,14.66,14.62,14.96,13.79,12195970.0,173692832.0,-4.707,-0.69
300502,新易盛,659.01,659.01,659.03,606.77,620.13,660.06,595.01,47689344.0,30125178942.0,8.61,52.24
300503,昊志机电,88.1,88.1,88.11,89.34,87.76,91.68,84.3,40514326.0,3524752894.0,-1.388,-1.24
300504,天邑股份,19.0,18.99,19.0,18.51,18.69,19.68,18.56,11717206.0,224125798.0,2.647,0.49
300505,川金诺,22.16,22.16,22.17,22.81,22.81,22.94,21.99,11509055.0,256231828.0,-2.85,-0.65
300506,ST名家汇,5.15,5.15,5.16,5.14,5.14,5.28,5.04,11566080.0,59868649.0,0.195,0.01
300507,苏奥传感,8.92,8.91,8.92,8.88,8.92,9.04,8.77,14655390.0,130357079.0,0.45,0.04
300508,维宏股份,46.61,46.6,46.63,47.52,47.53,48.14,45.7,3996888.0,185899584.0,-1.915,-0.91
300509,新美星,10.57,10.57,10.58,10.73,10.76,10.87,10.45,5805858.0,61748339.0,-1.491,-0.16
300510,金冠股份,4.02,4.02,4.03,3.98,3.98,4.17,3.96,20272650.0,81909931.0,1.005,0.04
300511,雪榕生物,6.24,6.23,6.24,6.47,6.45,6.46,6.18,24722065.0,154603591.0,-3.555,-0.23
300512,中亚股份,8.78,8.78,8.81,8.93,8.94,9.07,8.74,3808250.0,33668184.0,-1.68,-0.15
300513,恒实科技,8.95,8.95,8.96,9.02,9.1,9.22,8.79,7299800.0,65280275.0,-0.776,-0.07
300514,友讯达,11.9,11.9,11.92,12.17,12.23,12.36,11.77,3406862.0,40856299.0,-2.219,-0.27
300515,三德科技,17.96,17.96,17.97,17.49,17.49,18.09,17.26,7136200.0,126426252.0,2.687,0.47
300516,久之洋,37.15,37.15,37.16,37.6,37.89,38.37,36.85,3569305.0,133797471.0,-1.197,-0.45
300517,海波重科,12.42,12.41,12.42,12.92,12.86,13.17,12.18,7520100.0,94492534.0,-3.87,-0.5
300518,新迅达,31.68,31.67,31.68,32.48,32.48,33.0,30.6,13688354.0,429450709.0,-2.463,-0.8
300519,新光药业,14.92,14.92,14.93,15.37,15.37,15.51,14.78,2978100.0,44869993.0,-2.928,-0.45
300520,科大国创,40.24,40.24,40.25,36.99,36.6,40.38,36.6,47258994.0,1854419253.0,8.786,3.25
300521,爱司凯,25.28,25.27,25.28,25.36,25.78,26.63,25.0,5187740.0,133717068.0,-0.315,-0.08
300522,世名科技,13.66,13.65,13.66,13.52,13.65,14.31,13.5,9244808.0,127431244.0,1.036,0.14
300523,辰安科技,23.86,23.86,23.88,23.32,23.6,24.55,23.41,5482900.0,131084644.0,2.316,0.54
300525,博思软件,9.39,9.39,9.4,9.41,9.41,9.54,9.29,10563135.0,99201314.0,-0.213,-0.02
300527,ST应急,7.85,7.85,7.86,7.89,7.94,7.96,7.81,5509946.0,43341919.0,-0.507,-0.04
300528,幸福蓝海,17.77,17.77,17.78,17.28,18.26,18.5,17.51,31573792.0,568383357.0,2.836,0.49
300529,健帆生物,18.57,18.57,18.58,18.79,18.78,18.9,18.38,4675152.0,86979502.0,-1.171,-0.22
300530,领湃科技,22.78,22.78,22.79,22.66,22.66,23.23,21.91,2370228.0,53486725.0,0.53,0.12
300531,优博讯,17.75,17.75,17.76,18.4,18.55,18.55,17.54,14659674.0,261361500.0,-3.533,-0.65
300532,今天国际,7.63,7.63,7.64,7.72,7.69,7.77,7.54,7328194.0,55853106.0,-1.166,-0.09
300533,冰川网络,26.46,26.46,26.47,27.02,27.31,27.31,26.32,5441125.0,144744217.0,-2.073,-0.56
300534,陇神戎发,8.45,8.44,8.45,8.54,8.55,8.64,8.35,4214951.0,35651357.0,-1.054,-0.09
300535,达威股份,17.36,17.35,17.36,18.12,18.15,18.39,17.17,2755334.0,48436165.0,-4.194,-0.76
300536,农尚环境,12.78,12.78,12.79,13.46,13.7,14.54,12.42,43788234.0,584054970.0,-5.052,-0.68
300537,广信材料,31.15,31.14,31.15,30.28,30.19,33.33,30.03,45851110.0,1442911368.0,2.873,0.87
300538,同益股份,17.75,17.75,17.76,17.33,17.31,18.03,17.16,9757000.0,172333602.0,2.424,0.42
300539,横河精密,29.09,29.08,29.09,30.63,30.59,30.75,28.9,10771691.0,318430384.0,-5.028,-1.54
300540,蜀道装备,27.66,27.66,27.67,28.89,28.6,28.89,27.3,10439185.0,288949281.0,-4.258,-1.23
300541,先进数通,12.24,12.24,12.25,12.19,12.27,12.42,12.13,8485327.0,103886832.0,0.41,0.05
300542,新晨科技,14.46,14.46,14.47,14.84,14.84,15.07,14.27,5306920.0,77190919.0,-2.561,-0.38
300543,朗科智能,9.26,9.26,9.27,9.39,9.38,9.54,9.18,5239089.0,48708560.0,-1.384,-0.13
300545,联得装备,37.4,37.4,37.41,35.91,35.77,37.48,35.17,15832746.0,577029951.0,4.149,1.49
300546,雄帝科技,19.07,19.06,19.07,19.76,19.71,19.9,18.82,5565700.0,106916703.0,-3.492,-0.69
300547,川环科技,41.9,41.9,41.92,42.0,42.05,42.58,41.11,10690800.0,446116247.0,-0.238,-0.1
300548,长芯博创,246.0,245.96,246.0,240.3,233.11,246.58,233.0,16562218.0,3978741422.0,2.372,5.7
300549,优德精密,17.14,17.14,17.15,17.95,17.98,18.15,16.8,3793000.0,65210356.0,-4.513,-0.81
300550,和仁科技,15.12,15.12,15.15,13.52,13.6,15.42,13.58,18685429.0,278394483.0,11.834,1.6
300551,古鳌科技,13.37,13.36,13.37,13.45,13.5,13.74,13.15,11302712.0,151243990.0,-0.595,-0.08
300552,万集科技,30.42,30.41,30.42,29.99,29.51,30.64,29.51,10025513.0,303948552.0,1.434,0.43
300553,集智股份,66.26,66.25,66.26,67.26,70.0,71.8,65.48,7964741.0,543296212.0,-1.487,-1.0
300554,三超新材,29.86,29.85,29.86,27.62,27.62,30.0,27.61,10118350.0,295258068.0,8.11,2.24
300555,ST路通,14.22,14.2,14.22,14.36,14.36,14.51,14.05,1830200.0,26116525.0,-0.975,-0.14
300556,丝路视觉,20.91,20.91,20.93,21.04,21.06,21.79,20.78,6308500.0,133312294.0,-0.618,-0.13
300557,理工光科,38.18,38.18,38.19,38.88,39.0,39.36,37.68,3871647.0,148246449.0,-1.8,-0.7
300558,贝达药业,48.22,48.21,48.22,48.66,48.15,48.7,47.38,7634284.0,365456287.0,-0.904,-0.44
300559,佳发教育,12.57,12.57,12.58,12.82,12.79,12.99,12.33,11309050.0,141241352.0,-1.95,-0.25
300560,中富通,18.16,18.16,18.17,17.14,17.63,19.14,17.44,27284640.0,489966071.0,5.951,1.02
300561,*ST汇科,19.41,19.4,19.41,19.41,19.22,19.5,18.92,6660484.0,127512936.0,0.0,0.0
300562,乐心医疗,13.08,13.08,13.09,13.29,13.31,13.52,12.89,6688340.0,87558789.0,-1.58,-0.21
300563,神宇股份,30.75,30.73,30.75,30.9,31.08,31.2,30.31,3109839.0,95172528.0,-0.485,-0.15
300564,筑博设计,15.64,15.64,15.71,16.53,16.55,16.78,15.01,6918450.0,108748192.0,-5.384,-0.89
300565,科信技术,14.64,14.63,14.64,14.75,14.8,15.04,14.37,20033818.0,293829193.0,-0.746,-0.11
300566,激智科技,23.34,23.34,23.35,23.09,23.6,23.98,22.72,34863127.0,806051069.0,1.083,0.25
300567,精测电子,224.45,224.44,224.45,195.3,200.0,232.0,190.8,19550980.0,4109104920.0,14.926,29.15
300568,星源材质,17.34,17.34,17.35,18.23,18.28,18.37,17.25,98097959.0,1727983225.0,-4.882,-0.89
300569,天能重工,5.67,5.67,5.68,5.72,5.73,5.76,5.59,18004351.0,101674313.0,-0.874,-0.05
300570,太辰光,163.2,163.2,163.21,161.42,163.0,163.48,156.66,23642939.0,3805313804.0,1.103,1.78
300571,平治信息,62.2,62.2,62.22,64.71,65.0,67.67,57.73,29528891.0,1831076364.0,-3.879,-2.51
300572,安车检测,33.0,32.88,33.0,33.19,33.22,33.74,32.51,5560600.0,182375718.0,-0.572,-0.19
300573,兴齐眼药,42.25,42.25,42.26,43.55,43.38,43.38,41.53,9689140.0,408918322.0,-2.985,-1.3
300575,中旗股份,6.49,6.48,6.49,6.63,6.63,6.65,6.37,13172200.0,85432445.0,-2.112,-0.14
300576,容大感光,52.2,52.2,52.21,45.78,50.24,54.94,47.88,77816363.0,4008867177.0,14.024,6.42
300577,开润股份,18.33,18.32,18.33,18.73,18.8,18.85,17.66,5110134.0,92397765.0,-2.136,-0.4
300578,会畅科技,19.99,19.99,20.0,20.41,20.95,21.0,19.76,5876900.0,118297820.0,-2.058,-0.42
300579,数字认证,25.3,25.3,25.32,25.29,25.29,25.64,25.02,3035289.0,76810416.0,0.04,0.01
300580,贝斯特,27.75,27.75,27.76,28.67,28.66,28.8,27.46,13104614.0,366385990.0,-3.209,-0.92
300581,晨曦航空,12.02,12.02,12.03,12.06,12.0,12.38,11.89,8098360.0,97874199.0,-0.332,-0.04
300582,英飞特,16.33,16.33,16.34,16.65,16.85,17.18,16.18,15920333.0,265465339.0,-1.922,-0.32
300583,赛托生物,13.98,13.95,13.98,14.35,14.36,14.58,13.83,3588000.0,50619260.0,-2.578,-0.37
300584,海辰药业,35.7,35.67,35.7,37.05,36.97,37.1,35.07,3262100.0,116453169.0,-3.644,-1.35
300585,奥联电子,20.32,20.32,20.33,20.79,20.65,20.69,19.57,13610900.0,274334328.0,-2.261,-0.47
300586,美联新材,11.92,11.91,11.92,12.37,12.69,12.93,11.82,46201549.0,566187407.0,-3.638,-0.45
300587,天铁科技,5.58,5.58,5.59,5.68,5.7,5.73,5.49,22568713.0,125644472.0,-1.761,-0.1
300588,熙菱信息,20.3,20.28,20.3,20.41,20.29,21.06,20.0,3563938.0,72495489.0,-0.539,-0.11
300589,江龙船艇,14.42,14.42,14.43,14.62,14.7,14.81,14.23,9416798.0,135963520.0,-1.368,-0.2
300590,移为通信,16.1,16.1,16.11,15.13,15.47,16.19,15.42,32222720.0,509636532.0,6.411,0.97
300591,万里马,8.21,8.2,8.21,8.06,8.08,8.66,8.06,28294600.0,236193975.0,1.861,0.15
300592,华凯易佰,12.67,12.66,12.67,13.08,13.11,13.24,12.58,12124260.0,155033382.0,-3.135,-0.41
300593,新雷能,39.0,39.0,39.01,33.32,37.21,39.98,36.66,88320853.0,3442206434.0,17.047,5.68
300594,ST朗进,17.57,17.57,17.58,18.33,18.4,18.45,17.3,2887900.0,51227188.0,-4.146,-0.76
300595,欧普康视,12.55,12.55,12.56,12.46,12.42,12.56,12.23,8152012.0,101005822.0,0.722,0.09
300596,利安隆,42.65,42.64,42.65,43.95,42.5,43.9,42.0,5917678.0,252278383.0,-2.958,-1.3
300597,吉大通信,9.83,9.82,9.83,9.89,9.92,10.07,9.61,7485600.0,73425683.0,-0.607,-0.06
300598,诚迈科技,37.38,37.38,37.39,37.1,37.05,37.76,36.28,5727549.0,211920339.0,0.755,0.28
300599,雄塑科技,13.55,13.54,13.55,12.82,13.07,14.48,13.06,26225300.0,362370423.0,5.694,0.73
300600,国瑞科技,11.64,11.64,11.65,11.7,11.71,11.9,11.47,3518300.0,41020360.0,-0.513,-0.06
300601,康泰生物,13.49,13.49,13.5,13.4,13.41,13.5,13.29,9890890.0,132365486.0,0.672,0.09
300602,飞荣达,45.9,45.9,45.91,39.83,43.75,46.6,40.82,73112794.0,3207259701.0,15.24,6.07
300603,立昂技术,10.95,10.94,10.95,11.12,11.12,11.3,10.59,35975617.0,390815491.0,-1.529,-0.17
300604,长川科技,248.0,247.99,248.0,236.02,236.0,258.68,226.03,38332283.0,9208390945.0,5.076,11.98
300605,恒锋信息,11.71,11.71,11.73,12.26,12.21,12.58,11.52,8766724.0,102984064.0,-4.486,-0.55
300606,金太阳,41.26,41.25,41.26,38.24,39.0,42.43,38.29,18647283.0,752609323.0,7.897,3.02
300607,拓斯达,33.89,33.88,33.89,33.8,34.01,34.71,33.71,32773980.0,1116832093.0,0.266,0.09
300608,思特奇,15.13,15.12,15.13,15.89,15.81,16.6,14.9,51941436.0,809041461.0,-4.783,-0.76
300609,汇纳科技,37.6,37.6,37.63,38.67,38.6,39.4,37.37,5064600.0,191947337.0,-2.767,-1.07
300610,晨化股份,11.74,11.74,11.77,12.05,12.07,12.08,11.68,5238337.0,61996417.0,-2.573,-0.31
300611,美力科技,28.6,28.6,28.61,28.96,29.4,29.98,28.43,9043853.0,261875355.0,-1.243,-0.36
300612,宣亚国际,13.82,13.81,13.82,13.89,14.08,14.26,13.67,6152161.0,85496870.0,-0.504,-0.07
300613,富瀚微,66.41,66.41,66.42,63.77,63.65,66.41,62.02,20722084.0,1346579867.0,4.14,2.64
300614,百川畅银,12.75,12.75,12.78,13.14,13.1,13.45,12.66,3450694.0,44657509.0,-2.968,-0.39
300615,欣天科技,13.79,13.78,13.79,14.15,14.13,14.43,13.53,6316926.0,87833364.0,-2.544,-0.36
300616,尚品宅配,17.36,17.36,17.37,17.06,17.21,18.27,16.8,14733336.0,259334800.0,1.758,0.3
300617,安靠智电,66.3,66.29,66.3,63.06,63.52,69.65,63.52,15801286.0,1063327855.0,5.138,3.24
300618,寒锐钴业,41.84,41.83,41.84,42.84,42.4,42.72,41.51,7313121.0,306746273.0,-2.334,-1.0
300619,金银河,44.14,44.14,44.15,45.56,45.52,45.7,43.58,6620844.0,292945206.0,-3.117,-1.42
300620,光库科技,272.8,272.79,272.8,266.18,270.0,273.03,258.09,15481198.0,4139613058.0,2.487,6.62
300621,维业股份,8.29,8.27,8.29,8.52,8.58,8.73,8.19,4686400.0,39425351.0,-2.7,-0.23
300622,博士眼镜,25.08,25.07,25.08,24.84,24.9,25.15,24.48,6625910.0,164674623.0,0.966,0.24
300623,捷捷微电,36.73,36.73,36.74,33.65,33.98,37.87,33.71,89864732.0,3290299633.0,9.153,3.08
300624,万兴科技,64.12,64.12,64.13,62.9,63.89,66.2,63.5,8149984.0,526710397.0,1.94,1.22
300625,三雄极光,12.5,12.49,12.5,12.1,12.1,12.6,12.08,4350807.0,53707281.0,3.306,0.4
300626,华瑞股份,39.02,39.02,0.0,32.52,32.89,39.02,32.89,18516167.0,699907396.0,19.988,6.5
300627,华测导航,29.91,29.9,29.91,29.55,29.66,30.52,29.3,11549296.0,344485783.0,1.218,0.36
300628,亿联网络,38.02,38.02,38.03,38.01,37.95,38.29,37.66,6818424.0,259293611.0,0.026,0.01
300629,新劲刚,26.98,26.97,26.98,26.59,26.5,27.2,26.32,15223738.0,409177175.0,1.467,0.39
300631,久吾高科,27.01,27.01,27.04,27.25,27.1,27.38,26.55,2605800.0,69878028.0,-0.881,-0.24
300632,光莆股份,38.06,38.06,38.07,36.68,36.01,38.4,33.05,66883888.0,2386664177.0,3.762,1.38
300633,开立医疗,21.87,21.86,21.87,22.06,22.0,22.25,21.6,3999136.0,87466009.0,-0.861,-0.19
300634,彩讯股份,27.62,27.62,27.63,27.67,27.81,28.47,27.18,26163487.0,722484704.0,-0.181,-0.05
300635,中达安,14.59,14.59,14.67,14.78,15.07,15.29,14.36,4696880.0,69231878.0,-1.286,-0.19
300636,同和药业,7.11,7.11,7.12,7.24,7.29,7.29,6.97,6748760.0,47878597.0,-1.796,-0.13
300637,扬帆新材,11.74,11.74,11.75,11.39,11.53,11.95,11.48,14771150.0,173193339.0,3.073,0.35
300638,广和通,23.25,23.24,23.25,23.46,23.58,23.94,23.15,15508537.0,363189416.0,-0.895,-0.21
300639,凯普生物,6.28,6.28,6.29,6.18,6.2,6.53,6.17,25022087.0,158551002.0,1.618,0.1
300640,德艺文创,7.22,7.22,7.23,7.33,7.35,7.54,7.11,14244000.0,103629251.0,-1.501,-0.11
300641,正丹股份,15.82,15.81,15.82,15.7,15.71,15.82,15.48,7609787.0,119109482.0,0.764,0.12
300642,透景生命,14.95,14.94,14.95,15.24,15.26,15.53,14.88,2472600.0,37322117.0,-1.903,-0.29
300643,万通智控,17.96,17.96,17.97,18.4,18.39,18.47,17.65,5285000.0,94506120.0,-2.391,-0.44
300644,南京聚隆,27.07,27.07,27.08,27.83,27.95,28.16,26.81,2768990.0,75217497.0,-2.731,-0.76
300645,正元智慧,15.0,14.99,15.01,15.34,15.41,15.58,14.8,3636400.0,54779937.0,-2.216,-0.34
300647,超频三,6.74,6.74,6.75,6.9,6.86,6.94,6.66,15091868.0,101922148.0,-2.319,-0.16
300648,星云股份,56.36,56.36,56.4,55.42,55.6,56.9,54.8,4979274.0,280006260.0,1.696,0.94
300649,杭州园林,21.6,21.6,21.61,21.86,22.23,22.23,21.26,4764061.0,102738168.0,-1.189,-0.26
300650,太龙股份,16.02,16.02,16.03,16.05,16.12,16.33,15.62,8259710.0,132058010.0,-0.187,-0.03
300651,金陵体育,23.99,23.99,24.0,25.38,24.87,25.25,23.71,13081569.0,316532263.0,-5.477,-1.39
300652,雷迪克,52.1,52.1,52.11,49.28,49.7,52.1,49.7,10022356.0,511118138.0,5.722,2.82
300653,正海生物,16.8,16.8,16.84,16.82,16.8,17.09,16.67,1439255.0,24325485.0,-0.119,-0.02
300654,世纪天鸿,10.33,10.33,10.34,10.57,10.57,10.82,10.18,9700370.0,100739192.0,-2.271,-0.24
300655,晶瑞电材,17.88,17.88,17.89,16.79,16.9,18.3,16.68,128339858.0,2259832995.0,6.492,1.09
300656,民德电子,35.16,35.16,35.17,32.26,32.49,35.38,32.36,9512244.0,324019904.0,8.989,2.9
300657,弘信电子,48.9,48.9,48.91,50.25,51.0,52.88,47.0,124655757.0,6179896387.0,-2.687,-1.35
300658,延江股份,12.74,12.74,12.75,12.97,13.05,13.3,12.64,17282198.0,221893846.0,-1.773,-0.23
300659,中孚信息,12.09,12.09,12.1,12.26,12.26,12.36,11.88,5940501.0,71578404.0,-1.387,-0.17
300660,江苏雷利,47.14,47.14,47.15,48.06,47.83,48.09,46.83,11066678.0,523025768.0,-1.914,-0.92
300661,圣邦股份,118.6,118.6,118.61,111.01,111.22,122.62,111.2,30137450.0,3569326479.0,6.837,7.59
300662,科锐国际,22.56,22.56,22.58,22.72,22.84,22.95,22.44,3126063.0,70614595.0,-0.704,-0.16
300663,科蓝软件,8.38,8.38,8.39,8.39,8.47,8.55,8.24,18815586.0,157751414.0,-0.119,-0.01
300664,鹏鹞环保,5.18,5.18,5.19,5.3,5.25,5.27,5.13,12153100.0,63021695.0,-2.264,-0.12
300665,飞鹿股份,10.03,10.03,10.04,9.75,9.75,10.25,9.73,14550832.0,144359888.0,2.872,0.28
300666,江丰电子,207.99,207.99,208.0,196.6,197.9,209.38,189.68,17088255.0,3445613606.0,5.793,11.39
300667,必创科技,19.02,19.02,19.03,19.09,19.09,19.17,18.42,9310200.0,174589831.0,-0.367,-0.07
300668,杰恩股份,60.15,60.15,60.16,61.45,61.97,62.08,57.6,3804900.0,225868482.0,-2.116,-1.3
300669,沪宁股份,35.09,35.09,35.11,34.39,34.73,35.8,34.29,3265075.0,114894591.0,2.035,0.7
300670,大烨智能,6.72,6.72,6.73,7.03,7.01,7.07,6.6,14828350.0,100554430.0,-4.41,-0.31
300671,富满微,52.74,52.74,52.75,50.12,49.91,53.0,49.12,19349700.0,1005227326.0,5.227,2.62
300672,国科微,333.2,333.2,333.33,296.73,303.0,339.0,293.01,19694641.0,6146748510.0,12.291,36.47
300673,佩蒂股份,15.8,15.8,15.81,14.99,15.13,15.86,15.01,5705450.0,87628297.0,5.404,0.81
300674,宇信科技,17.86,17.86,17.87,18.06,18.05,18.22,17.58,11321436.0,201383760.0,-1.107,-0.2
300675,建科院,15.22,15.22,15.25,15.57,15.58,15.85,15.1,2649200.0,40654136.0,-2.248,-0.35
300676,华大基因,38.26,38.26,38.27,37.43,37.46,39.85,37.46,8228527.0,318809645.0,2.217,0.83
300677,英科医疗,46.76,46.75,46.76,47.33,47.58,48.25,45.97,12176296.0,570019843.0,-1.204,-0.57
300678,中科信息,26.52,26.52,26.53,26.88,26.93,27.23,26.16,7304248.0,193960706.0,-1.339,-0.36
300679,电连技术,53.12,53.1,53.12,53.8,54.0,55.96,52.1,22770957.0,1227811190.0,-1.264,-0.68
300680,隆盛科技,43.68,43.68,43.69,43.7,44.21,45.2,43.45,13149644.0,580603373.0,-0.046,-0.02
300681,英搏尔,33.44,33.44,33.49,33.57,33.7,34.09,33.1,10093610.0,339097805.0,-0.387,-0.13
300682,朗新科技,14.36,14.36,14.37,14.27,14.33,15.08,14.21,16454206.0,238591334.0,0.631,0.09
300683,海特生物,30.09,30.09,30.1,31.72,31.72,32.73,29.66,7453700.0,228157179.0,-5.139,-1.63
300684,中石科技,66.55,66.55,66.56,64.25,63.53,66.55,62.9,21754010.0,1407901672.0,3.58,2.3
300685,艾德生物,18.6,18.59,18.6,18.96,18.99,19.03,18.51,7322553.0,136646365.0,-1.899,-0.36
300686,智动力,17.37,17.37,17.39,17.53,17.53,18.03,16.99,9904400.0,172263742.0,-0.913,-0.16
300687,赛意信息,34.02,34.02,34.03,32.85,33.1,34.33,32.31,31063045.0,1043867577.0,3.562,1.17
300688,创业黑马,27.05,27.05,27.06,25.93,25.8,27.37,25.11,10523200.0,277708466.0,4.319,1.12
300689,澄天伟业,59.35,59.29,59.35,57.57,57.84,60.0,57.29,2844780.0,166040539.0,3.092,1.78
300690,双一科技,26.42,26.41,26.42,26.9,27.0,27.17,26.2,4092146.0,108411470.0,-1.784,-0.48
300691,联合光电,18.5,18.49,18.5,18.3,18.23,18.66,18.11,8132985.0,149927117.0,1.093,0.2
300692,中赋科技,8.67,8.66,8.67,8.8,8.76,8.92,8.56,11826480.0,102805664.0,-1.477,-0.13
300693,盛弘股份,58.7,58.7,58.71,58.46,59.94,60.98,57.9,15167215.0,894472224.0,0.411,0.24
300694,蠡湖股份,11.48,11.47,11.48,11.73,11.75,11.87,11.32,5156100.0,59360829.0,-2.131,-0.25
300695,兆丰股份,68.21,68.21,68.28,70.94,70.87,70.97,67.09,1619690.0,110961802.0,-3.848,-2.73
300696,爱乐达,33.59,33.59,33.6,34.83,35.1,35.5,33.25,7706026.0,261475361.0,-3.56,-1.24
300697,电工合金,17.29,17.28,17.29,17.32,17.5,17.65,17.12,8861490.0,153878698.0,-0.173,-0.03
300698,万马科技,39.2,39.2,39.22,39.57,39.06,39.71,38.21,6192900.0,241218814.0,-0.935,-0.37
300699,光威复材,34.47,34.47,34.48,34.07,34.21,34.99,33.76,23619454.0,809063640.0,1.174,0.4
300700,岱勒新材,20.38,20.38,20.4,20.52,20.55,21.12,19.86,16265426.0,329518637.0,-0.682,-0.14
300701,森霸传感,12.65,12.64,12.65,12.44,12.42,12.66,12.34,9068975.0,113551478.0,1.688,0.21
300702,天宇股份,21.43,21.43,21.44,19.56,20.0,21.6,19.99,10613043.0,222949701.0,9.56,1.87
300703,创源股份,16.0,16.0,16.01,16.49,16.58,16.66,15.87,5532275.0,89207794.0,-2.971,-0.49
300705,九典制药,11.88,11.87,11.88,11.58,11.57,11.91,11.4,5562294.0,64759536.0,2.591,0.3
300706,阿石创,50.48,50.47,50.48,51.21,50.78,51.9,49.35,14822260.0,746298005.0,-1.426,-0.73
300707,威唐工业,13.82,13.82,13.83,14.38,14.38,14.46,13.74,7148800.0,99705838.0,-3.894,-0.56
300708,聚灿光电,9.65,9.64,9.65,9.53,9.5,9.71,9.4,50113750.0,479226709.0,1.259,0.12
300709,精研科技,48.62,48.62,48.63,48.98,48.92,50.06,48.0,7476796.0,364366318.0,-0.735,-0.36
300710,万隆光电,38.68,38.68,38.69,37.55,37.38,39.34,37.23,8059711.0,312034181.0,3.009,1.13
300711,广哈通信,20.26,20.26,20.27,20.1,20.08,20.4,19.9,3147940.0,63540044.0,0.796,0.16
300712,永福股份,23.3,23.3,23.31,23.89,23.88,24.2,23.08,2259281.0,53141627.0,-2.47,-0.59
300713,英可瑞,17.68,17.68,17.7,17.91,18.3,18.45,17.41,3717576.0,66503597.0,-1.284,-0.23
300715,凯伦股份,21.83,21.83,21.85,20.34,21.01,22.57,20.68,34429416.0,744976228.0,7.325,1.49
300716,*ST泉为,15.06,15.06,15.07,15.2,15.19,15.63,14.74,3263100.0,49306577.0,-0.921,-0.14
300717,华信新材,20.39,20.38,20.39,21.02,21.07,21.53,20.08,2164000.0,44363636.0,-2.997,-0.63
300718,长盛轴承,79.01,79.01,79.09,79.89,79.8,80.76,78.3,9113498.0,721412543.0,-1.102,-0.88
300719,安达维尔,13.6,13.6,13.61,13.7,13.85,13.98,13.35,4947800.0,67328458.0,-0.73,-0.1
300720,海川智能,71.19,71.01,71.2,69.86,70.58,73.0,68.07,10948059.0,771687714.0,1.904,1.33
300721,怡达股份,30.62,30.62,30.63,32.35,31.96,32.32,30.18,28091025.0,864597148.0,-5.348,-1.73
300722,新余国科,25.44,25.43,25.44,25.75,25.8,26.08,25.09,2308556.0,58813106.0,-1.204,-0.31
300723,一品红,40.65,40.65,40.66,41.06,41.2,42.48,40.21,15733587.0,649279170.0,-0.999,-0.41
300724,捷佳伟创,89.1,89.1,89.11,87.93,88.52,90.44,87.4,11975344.0,1062272135.0,1.331,1.17
300725,药石科技,37.0,37.0,37.02,37.64,37.26,37.93,36.59,6959002.0,258127642.0,-1.7,-0.64
300726,宏达电子,64.42,64.42,64.43,63.23,68.03,69.61,64.1,27814657.0,1830933161.0,1.882,1.19
300727,润禾材料,35.86,35.85,35.86,35.89,35.83,36.27,35.14,5846890.0,208902562.0,-0.084,-0.03
300729,乐歌股份,12.16,12.16,12.17,12.25,12.25,12.34,12.08,2105783.0,25700898.0,-0.735,-0.09
300730,科创信息,16.4,16.4,16.41,16.74,16.75,16.89,16.2,15821025.0,259765965.0,-2.031,-0.34
300731,科创新源,94.52,94.51,94.52,96.0,97.01,97.85,92.33,8497730.0,800651258.0,-1.542,-1.48
300732,设研院,7.29,7.29,7.3,7.38,7.49,7.49,7.19,6489620.0,47394460.0,-1.22,-0.09
300733,西菱动力,17.4,17.4,17.41,19.85,19.66,19.86,16.9,23042696.0,416195790.0,-12.343,-2.45
300735,光弘科技,24.37,24.36,24.37,20.65,20.79,24.78,20.79,62029026.0,1473748762.0,18.015,3.72
300736,百邦科技,38.28,38.28,38.29,38.56,38.98,39.02,37.0,7863500.0,296665924.0,-0.726,-0.28
300737,科顺股份,7.39,7.39,7.4,7.54,7.57,8.2,7.3,22392358.0,166729152.0,-1.989,-0.15
300738,奥飞数据,25.16,25.15,25.16,25.4,25.41,25.73,24.4,69599862.0,1729526077.0,-0.945,-0.24
300739,明阳电路,32.85,32.85,32.86,33.28,33.99,34.58,32.2,38910167.0,1287498970.0,-1.292,-0.43
300740,水羊股份,25.82,25.82,25.83,25.53,25.59,26.57,24.8,11177330.0,285247847.0,1.136,0.29
300741,华宝股份,14.82,14.82,14.84,15.0,15.0,15.07,14.7,1601600.0,23778361.0,-1.2,-0.18
300743,天地数码,18.5,18.46,18.5,19.09,19.09,19.23,18.18,3322138.0,61800773.0,-3.091,-0.59
300745,欣锐科技,48.05,48.05,48.08,49.6,49.11,49.31,46.75,9445171.0,451726544.0,-3.125,-1.55
300746,汉嘉数智,12.72,12.72,12.73,12.91,13.0,13.16,12.44,5424500.0,68891691.0,-1.472,-0.19
300747,锐科激光,39.75,39.75,39.76,39.1,39.1,39.99,37.83,32466213.0,1274404073.0,1.662,0.65
300748,金力永磁,34.95,34.95,34.96,34.34,34.5,35.2,34.05,37132809.0,1285927858.0,1.776,0.61
300749,顶固集创,23.12,23.12,23.13,23.91,23.8,24.25,22.66,6221040.0,144087606.0,-3.304,-0.79
300750,宁德时代,402.88,402.88,402.89,411.16,411.28,414.5,400.0,38197710.0,15479408962.0,-2.014,-8.28
300751,迈为股份,298.23,298.23,298.36,285.19,290.8,303.0,278.75,18034252.0,5250725785.0,4.572,13.04
300752,隆利科技,20.49,20.48,20.49,19.72,19.72,20.65,19.56,9065960.0,184529730.0,3.905,0.77
300753,爱朋医疗,24.69,24.69,24.7,25.17,25.17,25.8,24.2,3696218.0,91356829.0,-1.907,-0.48
300755,华致酒行,17.07,17.06,17.07,16.46,16.46,17.65,16.33,10495859.0,179507931.0,3.706,0.61
300756,金马游乐,48.19,48.18,48.19,49.8,49.51,50.88,47.81,4169000.0,204073925.0,-3.233,-1.61
300757,罗博特科,621.99,621.99,622.0,549.5,556.01,625.0,550.2,10812294.0,6518302317.0,13.192,72.49
300758,七彩化学,15.2,15.19,15.2,14.75,14.95,15.36,14.6,38697217.0,582314106.0,3.051,0.45
300759,康龙化成,25.79,25.78,25.79,25.93,25.72,26.08,25.4,20576537.0,526986420.0,-0.54,-0.14
300760,迈瑞医疗,153.63,153.63,153.64,153.0,152.58,155.17,151.36,6903395.0,1059469930.0,0.412,0.63
300761,立华股份,20.25,20.25,20.27,20.02,19.97,20.59,19.65,10277224.0,206679758.0,1.149,0.23
300762,上海瀚讯,39.67,39.67,39.68,40.18,40.89,40.89,39.14,30142695.0,1196586391.0,-1.269,-0.51
300763,锦浪科技,109.69,109.68,109.69,113.6,112.01,112.46,107.9,15172459.0,1663317562.0,-3.442,-3.91
300765,新诺威,28.11,28.11,28.12,28.84,29.51,29.51,27.84,9052367.0,256156076.0,-2.531,-0.73
300766,每日互动,27.06,27.05,27.06,27.21,27.75,28.21,26.71,18869684.0,514122105.0,-0.551,-0.15
300767,震安科技,21.87,21.86,21.87,20.48,20.7,21.92,20.4,13615344.0,289520924.0,6.787,1.39
300768,迪普科技,17.7,17.7,17.71,17.15,17.2,17.8,17.15,7433516.0,129966334.0,3.207,0.55
300769,德方纳米,69.79,69.79,69.8,73.78,73.2,73.2,69.1,27604575.0,1942646695.0,-5.408,-3.99
300770,新媒股份,35.37,35.37,35.4,35.79,35.81,35.85,35.18,2388580.0,84425093.0,-1.174,-0.42
300771,智莱科技,12.89,12.89,12.9,13.2,13.2,13.47,12.72,4499080.0,58298507.0,-2.348,-0.31
300772,运达股份,15.93,15.92,15.93,16.15,16.28,16.36,15.8,15951504.0,254557514.0,-1.362,-0.22
300773,拉卡拉,26.48,26.48,26.49,26.33,26.31,26.58,25.67,35547796.0,926452733.0,0.57,0.15
300774,倍杰特,15.58,15.57,15.58,15.45,15.45,15.92,14.93,21223955.0,325105525.0,0.841,0.13
300775,三角防务,27.32,27.32,27.33,27.33,27.39,28.06,27.11,15422568.0,424007008.0,-0.037,-0.01
300776,帝尔激光,160.02,160.02,160.2,156.58,158.46,166.58,151.91,17359417.0,2788828549.0,2.197,3.44
300777,中简科技,40.14,40.13,40.14,39.64,40.03,41.65,39.28,22770842.0,917667682.0,1.261,0.5
300778,新城市,13.54,13.53,13.54,13.4,13.49,14.05,13.29,4783670.0,64853661.0,1.045,0.14
300779,惠城环保,82.44,82.44,0.0,68.7,69.89,82.44,69.4,16192529.0,1261717556.0,20.0,13.74
300780,德恩精工,33.15,33.15,33.16,33.15,33.7,34.1,32.13,8382700.0,276347114.0,0.0,0.0
300781,因赛集团,33.49,33.49,33.5,33.59,34.02,34.92,33.15,4514237.0,152338875.0,-0.298,-0.1
300782,卓胜微,123.22,123.2,123.23,125.51,126.0,126.9,120.76,29950787.0,3683446866.0,-1.825,-2.29
300783,三只松鼠,18.34,18.33,18.34,18.63,18.48,18.55,18.0,7515307.0,137511562.0,-1.557,-0.29
300784,利安科技,49.99,49.92,49.99,52.42,52.48,52.77,49.5,1318300.0,66559826.0,-4.636,-2.43
300785,值得买,47.12,47.12,47.13,49.42,49.58,50.65,47.0,10866969.0,521147649.0,-4.654,-2.3
300786,国林科技,20.44,20.44,20.45,19.19,19.21,20.92,19.1,19894903.0,401322853.0,6.514,1.25
300787,海能实业,10.64,10.62,10.64,10.65,10.72,10.86,10.46,4892311.0,52077757.0,-0.094,-0.01
300788,中信出版,28.86,28.85,28.86,29.46,29.48,29.87,28.34,4116500.0,118875179.0,-2.037,-0.6
300789,唐源电气,23.58,23.58,23.61,23.17,23.88,23.88,23.1,2114700.0,49516986.0,1.77,0.41
300790,宇瞳光学,35.94,35.94,35.95,36.85,36.76,36.95,34.81,39130621.0,1396151254.0,-2.469,-0.91
300791,仙乐健康,18.34,18.31,18.34,18.6,18.67,18.77,18.15,1393078.0,25528612.0,-1.398,-0.26
300792,壹网壹创,34.39,34.38,34.39,35.38,35.61,36.36,33.74,8161900.0,282188541.0,-2.798,-0.99
300793,佳禾智能,14.92,14.91,14.92,14.71,14.81,15.02,14.7,8133514.0,121009342.0,1.428,0.21
300795,米奥会展,10.26,10.26,10.29,10.28,10.27,10.45,10.13,3052140.0,31285124.0,-0.195,-0.02
300796,贝斯美,7.82,7.81,7.82,7.91,7.94,7.98,7.75,4878100.0,38240095.0,-1.138,-0.09
300797,钢研纳克,15.1,15.1,15.11,15.16,15.18,15.28,14.86,2865960.0,43063749.0,-0.396,-0.06
300798,锦鸡股份,8.7,8.7,8.71,8.97,8.96,9.03,8.53,21485307.0,186495895.0,-3.01,-0.27
300800,力合科技,11.9,11.89,11.9,12.32,12.32,12.46,11.59,5953353.0,70637607.0,-3.409,-0.42
300801,泰和科技,29.13,29.12,29.13,29.77,29.78,30.03,28.71,6016180.0,175114967.0,-2.15,-0.64
300802,矩子科技,23.85,23.84,23.85,23.18,23.19,23.85,22.92,14260984.0,335478002.0,2.89,0.67
300803,指南针,99.84,99.83,99.84,98.19,98.8,103.18,98.03,21975414.0,2192730832.0,1.68,1.65
300804,广康生化,42.0,42.0,42.11,42.99,43.0,43.49,41.51,1696223.0,71745862.0,-2.303,-0.99
300805,电声股份,9.19,9.18,9.19,9.34,9.4,9.54,9.06,6498600.0,60072966.0,-1.606,-0.15
300806,斯迪克,85.15,85.15,85.16,89.59,88.0,88.7,82.0,26406545.0,2233129624.0,-4.956,-4.44
300807,天迈科技,47.56,47.55,47.56,49.0,49.0,49.49,47.3,1725728.0,82763417.0,-2.939,-1.44
300808,久量股份,25.4,25.4,25.46,26.35,26.38,26.65,25.1,2455700.0,63076200.0,-3.605,-0.95
300809,华辰装备,39.2,39.19,39.2,38.89,39.28,40.39,37.79,12969160.0,503803976.0,0.797,0.31
300810,中科海讯,30.18,30.18,30.2,31.11,31.22,31.31,29.7,2278700.0,68744129.0,-2.989,-0.93
300811,铂科新材,131.92,131.9,131.92,118.88,125.95,132.2,124.0,22991919.0,2935384990.0,10.969,13.04
300812,易天股份,43.76,43.75,43.76,41.63,41.63,43.77,40.58,19153312.0,810553442.0,5.117,2.13
300813,泰林生物,23.37,23.37,23.43,23.77,23.92,24.09,23.25,2217753.0,52219375.0,-1.683,-0.4
300814,中富电路,148.14,148.13,148.16,131.16,139.18,150.6,137.0,9778006.0,1420172951.0,12.946,16.98
300815,玉禾田,21.99,21.98,21.99,22.21,22.22,22.31,21.62,6567980.0,143464873.0,-0.991,-0.22
300816,艾可蓝,85.44,85.38,85.44,88.19,89.48,91.0,84.4,3867996.0,333077200.0,-3.118,-2.75
300817,双飞集团,20.38,20.38,20.39,20.19,20.35,20.8,19.84,3751265.0,76054890.0,0.941,0.19
300818,耐普矿机,25.33,25.33,25.34,25.2,25.42,26.28,24.91,5209904.0,132292466.0,0.516,0.13
300819,聚杰微纤,81.75,81.75,81.76,82.31,84.0,84.0,78.61,9451052.0,768063664.0,-0.68,-0.56
300820,英杰电气,67.4,67.4,67.43,67.86,69.22,69.79,65.55,10275015.0,693144421.0,-0.678,-0.46
300821,东岳硅材,14.98,14.98,14.99,15.21,15.22,15.4,14.79,43000361.0,644200209.0,-1.512,-0.23
300822,贝仕达克,14.97,14.96,14.97,14.97,15.05,15.17,14.75,2454083.0,36574929.0,0.0,0.0
300823,建科智能,18.46,18.45,18.49,19.1,19.1,19.4,18.22,3990880.0,74217086.0,-3.351,-0.64
300824,北鼎股份,8.91,8.91,8.93,9.12,9.08,9.2,8.87,5000650.0,45029799.0,-2.303,-0.21
300825,阿尔特,14.23,14.22,14.23,12.68,12.52,14.51,12.19,79933557.0,1071697977.0,12.224,1.55
300826,测绘股份,16.5,16.47,16.5,16.48,16.56,16.65,16.16,5075370.0,83125918.0,0.121,0.02
300827,上能电气,36.24,36.23,36.24,37.79,37.24,37.39,36.12,28823997.0,1051328823.0,-4.102,-1.55
300828,锐新科技,20.7,20.7,20.75,21.29,21.38,21.48,20.18,6376650.0,131238173.0,-2.771,-0.59
300829,金丹科技,18.99,18.99,19.0,19.44,19.44,19.83,18.93,7895220.0,152728332.0,-2.315,-0.45
300830,金现代,10.69,10.68,10.69,10.77,10.74,11.04,10.6,12485200.0,134072349.0,-0.743,-0.08
300831,派瑞股份,24.1,24.09,24.1,23.62,23.38,25.37,23.1,39303500.0,946387334.0,2.032,0.48
300832,新产业,47.2,47.14,47.2,47.83,47.82,48.2,45.95,7877124.0,369503829.0,-1.317,-0.63
300833,浩洋股份,37.77,37.77,37.78,37.02,37.25,37.88,36.3,1417493.0,52791150.0,2.026,0.75
300834,星辉环材,48.99,48.98,48.99,45.01,45.0,50.5,44.92,8797371.0,423140191.0,8.842,3.98
300835,龙磁科技,170.2,170.2,0.0,141.83,145.38,170.2,144.67,9787004.0,1523203763.0,20.003,28.37
300836,佰奥智能,78.7,78.7,78.72,79.25,79.25,80.6,76.0,2908664.0,228636423.0,-0.694,-0.55
300837,浙矿股份,31.38,31.37,31.38,31.65,32.03,32.38,30.93,2057982.0,64639619.0,-0.853,-0.27
300838,浙江力诺,20.33,20.33,20.34,21.6,21.43,21.7,20.03,8556822.0,175508824.0,-5.88,-1.27
300839,博汇股份,17.65,17.65,17.66,18.4,18.43,18.91,17.36,10400293.0,185040677.0,-4.076,-0.75
300840,酷特智能,25.04,25.04,25.05,24.64,24.57,25.98,24.35,10307800.0,259298999.0,1.623,0.4
300841,康华生物,50.5,50.5,50.53,51.5,51.5,51.51,50.07,2524278.0,127276620.0,-1.942,-1.0
300842,帝科股份,100.66,100.65,100.66,95.2,95.9,101.18,93.81,9525932.0,938387814.0,5.735,5.46
300843,胜蓝股份,95.3,95.26,95.3,98.8,99.96,99.96,93.49,7846881.0,748039174.0,-3.543,-3.5
300844,山水比德,29.82,29.82,29.85,31.12,31.35,31.68,29.66,1461520.0,44301639.0,-4.177,-1.3
300845,捷安高科,15.49,15.44,15.49,15.31,15.6,15.87,14.99,9288988.0,143172687.0,1.176,0.18
300846,首都在线,28.51,28.5,28.51,29.66,29.68,29.79,27.71,41690067.0,1182507005.0,-3.877,-1.15
300847,中船汉光,15.3,15.29,15.3,15.43,15.53,15.55,15.12,1970050.0,30123372.0,-0.843,-0.13
300848,美瑞新材,16.08,16.05,16.08,16.15,16.28,16.28,15.92,5696937.0,91357042.0,-0.433,-0.07
300849,锦盛新材,21.55,21.55,21.6,24.62,24.65,25.96,21.3,9910691.0,223130520.0,-12.47,-3.07
300850,新强联,33.89,33.89,33.9,35.43,35.51,35.65,33.6,18846742.0,644420820.0,-4.347,-1.54
300851,交大思诺,32.4,0.0,0.0,32.4,0.0,0.0,0.0,0.0,0.0,0.0,0.0
300852,四会富仕,54.28,54.28,54.29,52.01,51.89,54.68,51.89,12986734.0,695675897.0,4.365,2.27
300853,申昊科技,35.44,35.44,35.45,33.4,33.4,36.74,32.23,16510160.0,583757565.0,6.108,2.04
300854,中兰环保,39.31,39.31,39.32,38.56,38.38,39.88,36.23,4676764.0,181360950.0,1.945,0.75
300855,图南股份,38.16,38.16,38.2,37.49,37.49,38.95,37.22,6042565.0,229667870.0,1.787,0.67
300856,科思股份,13.49,13.49,13.53,13.71,13.79,13.88,13.4,4320602.0,58483954.0,-1.605,-0.22
300857,协创数据,267.03,267.03,267.04,272.0,270.0,274.0,256.23,25840754.0,6827354510.0,-1.827,-4.97
300858,科拓生物,17.23,17.23,17.24,17.25,17.24,17.49,16.85,6210467.0,106379688.0,-0.116,-0.02
300859,西域旅游,29.02,29.01,29.02,28.09,28.16,29.16,28.09,4148214.0,119661907.0,3.311,0.93
300860,锋尚文化,25.79,25.78,25.79,25.68,25.67,25.85,24.92,2205100.0,55934579.0,0.428,0.11
300861,美畅股份,21.42,21.42,21.43,21.6,22.03,22.56,21.1,22850742.0,490680759.0,-0.833,-0.18
300862,蓝盾光电,26.1,26.09,26.1,25.95,25.96,26.4,25.32,6032694.0,155102515.0,0.578,0.15
300863,卡倍亿,79.85,79.83,79.85,81.8,82.03,82.65,77.2,14622037.0,1166926144.0,-2.384,-1.95
300864,南大环境,24.09,24.09,24.1,24.28,24.37,24.42,23.41,3263246.0,78127058.0,-0.783,-0.19
300865,大宏立,30.3,30.29,30.3,30.75,30.4,31.21,29.83,2678007.0,81267186.0,-1.463,-0.45
300866,安克创新,124.35,124.33,124.35,127.89,126.61,126.61,117.61,6226509.0,762980518.0,-2.768,-3.54
300867,圣元环保,21.75,21.74,21.75,22.48,22.37,22.56,21.57,7970055.0,174618240.0,-3.247,-0.73
300868,杰美特,117.72,117.72,0.0,98.1,102.0,117.72,102.0,2910938.0,331729472.0,20.0,19.62
300869,康泰医学,11.94,11.94,11.95,12.07,12.07,12.22,11.8,2565567.0,30720122.0,-1.077,-0.13
300870,欧陆通,423.0,423.0,423.1,411.2,417.48,431.98,406.0,3268263.0,1376555719.0,2.87,11.8
300871,回盛生物,22.0,21.99,22.0,22.77,22.67,22.9,21.78,5974139.0,132616987.0,-3.382,-0.77
300872,天阳科技,20.52,20.52,20.53,20.5,20.5,21.27,20.25,18028960.0,374749926.0,0.098,0.02
300873,海晨股份,23.51,23.5,23.51,22.69,22.75,23.92,22.75,5925590.0,137940098.0,3.614,0.82
300875,捷强装备,35.07,35.05,35.07,38.63,38.1,38.46,34.7,5893242.0,212945468.0,-9.216,-3.56
300876,蒙泰高新,28.51,28.51,28.52,29.64,29.97,29.97,28.05,3365720.0,96843178.0,-3.812,-1.13
300877,金春股份,32.12,32.12,32.13,33.26,33.76,33.97,31.6,3110150.0,101000553.0,-3.428,-1.14
300878,维康药业,33.62,33.62,33.63,33.79,33.56,34.37,32.94,4477272.0,150230437.0,-0.503,-0.17
300879,大叶股份,19.72,19.71,19.72,20.62,20.7,20.81,19.45,4974718.0,98978663.0,-4.365,-0.9
300880,迦南智能,21.51,21.51,21.52,21.58,21.75,22.28,21.22,5593967.0,121199059.0,-0.324,-0.07
300881,盛德鑫泰,54.7,54.7,54.77,54.98,55.14,55.95,52.58,2531339.0,136644913.0,-0.509,-0.28
300882,万胜智能,18.32,18.31,18.32,18.29,18.32,18.7,18.12,2729772.0,50095695.0,0.164,0.03
300883,龙利得,7.03,7.02,7.03,6.98,6.98,7.09,6.9,29800195.0,208574125.0,0.716,0.05
300884,狄耐克,12.3,12.3,12.31,12.5,12.5,12.78,12.24,4751660.0,58723117.0,-1.6,-0.2
300885,海昌新材,30.96,30.96,30.97,31.65,31.01,31.99,30.13,17932390.0,552932057.0,-2.18,-0.69
300886,华业香料,26.37,26.37,26.43,27.64,27.7,28.08,25.88,2276364.0,60706703.0,-4.595,-1.27
300887,谱尼测试,8.93,8.93,8.94,9.07,9.08,9.13,8.86,8574855.0,76950937.0,-1.544,-0.14
300888,稳健医疗,29.92,29.91,29.92,29.47,29.6,30.12,29.2,3074578.0,91305092.0,1.527,0.45
300889,爱克股份,24.11,24.11,24.12,23.72,24.0,24.49,23.3,10735315.0,258683121.0,1.644,0.39
300890,翔丰华,35.99,35.98,35.99,37.53,37.31,37.53,35.58,9886418.0,357545570.0,-4.103,-1.54
300891,惠云钛业,7.71,7.71,7.72,7.95,7.97,8.08,7.65,7783867.0,60440510.0,-3.019,-0.24
300892,品渥食品,24.66,24.66,24.67,24.99,25.04,25.33,24.39,1268000.0,31358013.0,-1.321,-0.33
300893,松原安全,22.75,22.74,22.75,22.73,22.66,22.94,21.96,2679861.0,60264787.0,0.088,0.02
300894,火星人,10.05,10.04,10.05,10.03,10.09,10.28,9.9,5427347.0,54614590.0,0.199,0.02
300895,铜牛信息,70.86,70.86,70.87,70.92,70.35,71.04,67.5,9512006.0,657325402.0,-0.085,-0.06
300896,爱美客,103.09,103.09,103.11,103.15,103.14,104.27,102.61,2322047.0,239862379.0,-0.058,-0.06
300897,山科智能,27.31,27.31,27.33,27.8,28.07,28.55,27.14,1878391.0,51692805.0,-1.763,-0.49
300898,熊猫乳品,22.47,22.45,22.47,22.69,22.9,22.9,22.22,2278500.0,51156651.0,-0.97,-0.22
300899,上海凯鑫,36.03,35.98,36.04,37.1,37.1,37.44,35.31,1390800.0,49849982.0,-2.884,-1.07
300900,广联航空,38.46,38.46,38.47,40.04,40.79,40.79,37.9,21596884.0,837010501.0,-3.946,-1.58
300901,中胤时尚,15.7,15.7,15.71,15.73,15.73,16.1,15.4,5695200.0,89130228.0,-0.191,-0.03
300902,国安达,17.93,17.93,17.95,17.96,18.11,19.0,17.76,6420729.0,117928003.0,-0.167,-0.03
300903,科翔股份,82.86,82.85,82.86,79.39,79.3,83.88,77.8,39130919.0,3177808370.0,4.371,3.47
300904,威力传动,54.86,54.86,54.92,58.49,58.55,58.91,54.06,2051600.0,113830969.0,-6.206,-3.63
300905,宝丽迪,66.8,66.8,66.81,70.88,71.35,71.5,65.5,12850405.0,864118619.0,-5.756,-4.08
300906,日月明,32.47,32.47,32.48,33.97,33.97,34.4,32.18,1971901.0,64982266.0,-4.416,-1.5
300907,康平科技,42.8,42.8,42.81,41.11,39.33,43.53,39.33,12137958.0,508075477.0,4.111,1.69
300908,仲景食品,25.17,25.15,25.17,26.17,26.11,26.19,24.85,2457936.0,62143259.0,-3.821,-1.0
300909,汇创达,48.0,48.0,48.05,47.43,47.5,49.43,46.96,4458250.0,214396421.0,1.202,0.57
300910,瑞丰新材,48.18,48.18,48.19,45.78,46.17,48.33,45.56,7233604.0,341964093.0,5.242,2.4
300911,亿田智能,30.41,30.4,30.41,31.71,31.54,32.17,30.12,5836403.0,179543521.0,-4.1,-1.3
300912,凯龙高科,29.63,29.63,29.64,30.7,30.6,31.11,28.9,8618116.0,258383491.0,-3.485,-1.07
300913,兆龙互连,54.5,54.46,54.54,52.63,53.5,55.27,52.55,7758550.0,416794102.0,3.553,1.87
300915,海融科技,24.22,24.21,24.22,24.83,25.0,25.08,24.03,1036430.0,25300318.0,-2.457,-0.61
300916,朗特智能,36.66,36.65,36.66,36.74,37.02,37.39,35.07,5385789.0,195589491.0,-0.218,-0.08
300917,特发服务,30.24,30.24,30.25,30.27,30.31,30.62,29.8,3860501.0,116295239.0,-0.099,-0.03
300918,南山智尚,14.46,14.45,14.46,14.83,14.81,14.85,14.37,7774879.0,112802069.0,-2.495,-0.37
300919,中伟新材,53.88,53.87,53.88,54.99,55.01,55.34,53.32,15349723.0,826957261.0,-2.019,-1.11
300920,润阳科技,47.16,47.12,47.16,44.31,45.19,49.0,44.98,3032700.0,144093503.0,6.432,2.85
300921,南凌科技,29.33,29.32,29.33,28.8,28.73,29.55,28.58,12071751.0,351310657.0,1.84,0.53
300922,天秦装备,22.39,22.38,22.39,21.3,21.29,22.84,21.16,10923073.0,244436102.0,5.117,1.09
300923,研奥股份,25.99,25.99,26.01,26.72,26.9,27.07,25.71,1844100.0,48333766.0,-2.732,-0.73
300925,法本信息,17.81,17.81,17.82,17.67,17.69,17.93,17.35,9124543.0,161228286.0,0.792,0.14
300926,博俊科技,20.99,20.98,20.99,21.62,21.84,21.84,20.89,5631495.0,118966389.0,-2.914,-0.63
300927,江天化学,25.94,25.94,25.96,26.95,26.89,26.9,25.75,4282629.0,111638668.0,-3.748,-1.01
300928,华安鑫创,35.16,35.14,35.16,35.5,35.59,35.8,34.7,1614268.0,56710851.0,-0.958,-0.34
300929,华骐环保,13.26,13.26,13.27,13.62,13.63,13.85,12.93,4331100.0,57482726.0,-2.643,-0.36
300930,屹通新材,34.75,34.75,34.76,34.0,33.95,34.79,32.63,3094721.0,104297211.0,2.206,0.75
300931,通用电梯,16.5,16.5,16.51,16.68,16.75,17.33,16.38,7735121.0,129309959.0,-1.079,-0.18
300932,三友联众,10.15,10.15,10.16,10.33,10.26,10.49,10.01,12340750.0,125694017.0,-1.742,-0.18
300933,中辰股份,8.55,8.55,8.56,8.58,8.61,8.84,8.46,15764085.0,135574129.0,-0.35,-0.03
300935,盈建科,42.92,42.89,42.92,42.58,43.33,43.7,40.68,5568656.0,234800203.0,0.798,0.34
300936,中英科技,91.75,91.75,91.78,94.27,94.3,94.79,91.19,2952528.0,273519421.0,-2.673,-2.52
300937,药易购,24.64,24.64,24.7,24.92,24.92,25.2,24.4,1665800.0,41251585.0,-1.124,-0.28
300938,信测标准,58.3,58.3,58.32,61.59,61.98,62.49,56.83,20048652.0,1175427039.0,-5.342,-3.29
300939,秋田微,68.35,68.35,0.0,56.96,57.0,68.35,56.27,14043987.0,896249255.0,19.996,11.39
300940,南极光,19.93,19.92,19.93,20.74,20.65,20.74,19.7,9000468.0,180982800.0,-3.905,-0.81
300941,创识科技,16.59,16.59,16.6,16.83,16.83,17.07,16.3,3109715.0,51581141.0,-1.426,-0.24
300942,易瑞生物,7.19,7.19,7.2,7.23,7.28,7.42,7.11,5440420.0,39318404.0,-0.553,-0.04
300943,春晖智控,41.38,41.37,41.38,40.11,42.94,43.86,40.18,15101381.0,623508962.0,3.166,1.27
300945,曼卡龙,13.49,13.49,13.5,13.66,13.73,13.92,13.38,5949349.0,80650744.0,-1.245,-0.17
300946,恒而达,53.78,53.77,53.78,54.8,55.19,55.2,53.18,2337206.0,126289745.0,-1.861,-1.02
300947,德必集团,16.31,16.3,16.31,16.71,16.71,16.83,16.07,2529313.0,41393676.0,-2.394,-0.4
300948,冠中生态,29.0,28.99,29.0,26.88,26.99,29.47,26.7,14358284.0,406782906.0,7.887,2.12
300949,奥雅股份,38.47,38.43,38.47,38.88,39.11,39.69,38.0,927000.0,35863366.0,-1.055,-0.41
300950,德固特,20.6,20.59,20.6,21.24,21.2,21.6,20.41,2414450.0,50016659.0,-3.013,-0.64
300951,博硕科技,39.62,39.61,39.62,37.75,38.06,39.88,37.88,5227677.0,204450233.0,4.954,1.87
300952,恒辉安防,39.88,39.88,39.92,39.25,39.9,41.28,39.18,10444668.0,419922262.0,1.605,0.63
300953,震裕科技,249.62,249.62,249.63,256.03,254.78,257.99,247.6,7035497.0,1772537054.0,-2.504,-6.41
300955,嘉亨家化,48.8,48.79,48.8,50.7,51.42,51.51,47.9,4863100.0,237462253.0,-3.748,-1.9
300956,英力股份,14.93,14.93,14.94,14.95,14.96,15.2,14.59,4017228.0,59697753.0,-0.134,-0.02
300957,贝泰妮,38.52,38.52,38.53,37.97,37.83,38.94,37.52,5839721.0,224585853.0,1.449,0.55
300958,建工修复,13.73,13.73,13.79,14.08,14.04,14.27,13.66,3014500.0,41784989.0,-2.486,-0.35
300959,线上线下,186.58,186.58,186.61,185.3,180.04,193.02,179.58,6696725.0,1254951435.0,0.691,1.28
300960,通业科技,20.29,20.29,20.3,20.6,20.68,20.97,20.02,1678520.0,34029409.0,-1.505,-0.31
300961,深水海纳,13.28,13.28,13.29,13.61,13.64,14.38,13.25,7998492.0,108861869.0,-2.425,-0.33
300962,中金辐照,13.77,13.77,13.78,13.72,13.79,13.9,13.56,2645917.0,36313089.0,0.364,0.05
300963,中洲特材,16.27,16.27,16.28,16.1,16.12,16.51,15.9,8536528.0,138246085.0,1.056,0.17
300964,本川智能,97.0,96.92,97.0,96.68,95.72,99.5,92.71,7854065.0,754315620.0,0.331,0.32
300965,恒宇信通,67.74,67.74,67.75,70.3,70.0,70.2,66.88,2638967.0,179110462.0,-3.642,-2.56
300966,共同药业,27.4,27.4,27.41,27.64,27.62,28.03,27.0,3574800.0,98183630.0,-0.868,-0.24
300967,晓鸣股份,16.53,16.53,16.54,16.52,16.73,17.12,16.41,4187096.0,69994267.0,0.061,0.01
300968,格林精密,12.17,12.17,12.18,12.12,12.12,12.29,11.95,5433100.0,65912993.0,0.413,0.05
300969,恒帅股份,169.46,169.46,169.47,168.67,172.0,173.5,167.0,3663027.0,623438081.0,0.468,0.79
300970,华绿生物,30.59,30.58,30.59,31.28,31.28,31.39,30.29,3846600.0,117982843.0,-2.206,-0.69
300971,博亚精工,23.71,23.71,23.72,24.28,24.4,24.41,23.3,3397320.0,80657236.0,-2.348,-0.57
300972,万辰集团,206.75,206.75,206.97,209.5,208.99,209.97,202.0,2277063.0,468155199.0,-1.313,-2.75
300973,立高食品,27.05,26.99,27.05,27.18,27.18,27.29,26.82,1497503.0,40497338.0,-0.478,-0.13
300975,商络电子,27.36,27.36,0.0,22.8,23.45,27.36,23.33,108105806.0,2818619817.0,20.0,4.56
300976,达瑞电子,89.39,89.35,89.39,80.08,80.8,89.57,80.54,7583606.0,656555769.0,11.626,9.31
300977,深圳瑞捷,21.3,21.28,21.3,22.14,22.26,22.4,20.95,2445280.0,52150630.0,-3.794,-0.84
300978,东箭科技,10.77,10.77,10.78,10.91,10.88,11.02,10.71,3912014.0,42380358.0,-1.283,-0.14
300979,华利集团,35.15,35.14,35.15,35.23,35.3,35.5,34.8,1756680.0,61745242.0,-0.227,-0.08
300980,祥源新材,30.47,30.47,30.5,30.86,31.44,31.78,30.2,5205061.0,161146798.0,-1.264,-0.39
300981,中红医疗,14.89,14.88,14.89,14.47,14.62,15.8,14.5,11264528.0,170816547.0,2.903,0.42
300982,苏文电能,21.8,21.8,21.85,21.57,21.6,22.5,21.51,4592040.0,100177550.0,1.066,0.23
300983,尤安设计,38.7,38.7,38.71,37.87,38.01,39.32,37.13,2749117.0,105540240.0,2.192,0.83
300984,金沃股份,69.27,69.27,69.28,71.15,71.43,71.78,68.5,3169004.0,220278993.0,-2.642,-1.88
300985,致远新能,21.97,21.96,21.97,23.7,23.79,23.9,21.87,4081167.0,91979226.0,-7.3,-1.73
300986,志特新材,20.41,20.41,20.42,21.05,21.1,21.27,20.21,19442292.0,398903276.0,-3.04,-0.64
300987,川网传媒,15.28,15.28,15.29,15.7,15.74,15.84,15.19,4975963.0,76525122.0,-2.675,-0.42
300988,津荣天宇,29.57,29.56,29.57,29.45,29.71,29.97,28.75,4477700.0,131168515.0,0.407,0.12
300989,蕾奥规划,14.64,14.64,14.65,14.93,15.05,15.05,14.5,2987095.0,43902271.0,-1.942,-0.29
300990,同飞股份,99.33,99.33,99.34,99.7,99.91,101.8,97.68,7424267.0,737945507.0,-0.371,-0.37
300991,创益通,42.96,42.94,42.96,42.96,43.21,43.74,42.22,3501750.0,150371511.0,0.0,0.0
300992,泰福泵业,29.63,29.62,29.63,28.94,29.9,31.1,29.08,3286623.0,98468891.0,2.384,0.69
300993,玉马科技,11.4,11.39,11.41,11.54,11.73,11.73,11.35,3150240.0,36136613.0,-1.213,-0.14
300994,久祺股份,13.23,13.23,13.24,13.31,13.43,13.76,13.09,2508383.0,33553149.0,-0.601,-0.08
300995,奇德新材,37.59,37.59,37.6,38.17,38.16,38.77,37.17,2330400.0,88087490.0,-1.52,-0.58
300996,普联软件,12.84,12.82,12.84,13.1,13.2,13.2,12.65,11478344.0,147665718.0,-1.985,-0.26
300997,欢乐家,17.43,17.42,17.43,17.36,17.5,17.68,17.2,4848334.0,84663451.0,0.403,0.07
300998,宁波方正,28.81,28.81,28.83,28.12,28.25,30.8,28.22,6227089.0,183008428.0,2.454,0.69
300999,金龙鱼,26.14,26.13,26.14,26.15,26.08,26.26,25.91,6713100.0,175122397.0,-0.038,-0.01
301000,肇民科技,35.81,35.8,35.81,36.17,36.27,36.46,34.94,9967206.0,355919325.0,-0.995,-0.36
301001,凯淳股份,28.35,28.35,28.38,28.87,29.29,29.66,28.13,1969000.0,56296381.0,-1.801,-0.52
301002,崧盛股份,56.23,56.22,56.23,57.32,58.8,58.8,55.58,8386629.0,475245661.0,-1.902,-1.09
301003,江苏博云,54.61,54.61,54.62,53.68,54.01,56.44,52.82,4591300.0,251018362.0,1.732,0.93
301004,嘉益股份,39.49,39.3,39.49,40.46,40.66,40.66,39.01,698784.0,27584770.0,-2.397,-0.97
301005,超捷股份,160.65,160.65,160.66,162.65,165.61,166.0,157.0,5600583.0,900685830.0,-1.23,-2.0
301006,迈拓股份,16.37,16.37,16.38,17.26,17.27,17.45,16.07,3507200.0,57760599.0,-5.156,-0.89
301007,德迈仕,41.06,41.06,41.1,41.5,41.53,42.33,40.36,6180166.0,254461999.0,-1.06,-0.44
301008,宏昌科技,28.87,28.87,28.88,29.72,29.5,29.62,28.61,4210146.0,121889498.0,-2.86,-0.85
301009,可靠股份,10.1,10.08,10.1,10.32,10.32,10.41,10.03,2245400.0,22811106.0,-2.132,-0.22
301010,晶雪节能,21.79,21.79,21.8,22.76,22.99,23.23,21.35,3425800.0,75169482.0,-4.262,-0.97
301011,华立科技,17.74,17.73,17.74,18.25,18.38,18.45,17.61,2507284.0,44733239.0,-2.795,-0.51
301012,扬电科技,37.92,37.92,37.93,41.26,40.8,41.04,37.31,25095242.0,966821061.0,-8.095,-3.34
301013,利和兴,43.03,43.03,43.05,42.84,46.02,46.77,41.82,83540373.0,3668854860.0,0.444,0.19
301015,百洋医药,22.92,22.92,22.94,22.82,22.83,23.46,22.57,5606562.0,128975918.0,0.438,0.1
301016,雷尔伟,18.33,18.32,18.33,19.3,19.31,19.68,18.09,8632938.0,160702620.0,-5.026,-0.97
301017,漱玉平民,13.28,13.28,13.29,13.5,13.38,13.73,13.1,7151400.0,95169828.0,-1.63,-0.22
301018,申菱环境,167.29,167.29,167.3,168.18,170.0,170.0,159.19,12643058.0,2074389224.0,-0.529,-0.89
301019,宁波色母,22.71,22.71,22.73,23.24,23.34,23.43,22.36,1861234.0,42298183.0,-2.281,-0.53
301020,密封科技,31.16,31.16,31.17,31.77,31.77,32.88,30.89,11590842.0,367341534.0,-1.92,-0.61
301021,英诺激光,88.17,88.16,88.17,89.98,89.97,89.97,85.3,12076602.0,1058027199.0,-2.012,-1.81
301022,海泰科,31.27,31.27,31.31,31.74,31.62,31.95,30.81,2583719.0,80820969.0,-1.481,-0.47
301023,奕帆传动,49.88,49.87,49.88,51.08,50.3,50.3,48.3,6725040.0,330682921.0,-2.349,-1.2
301024,霍普股份,48.13,48.06,48.13,49.0,49.0,50.3,47.55,1046000.0,50873424.0,-1.776,-0.87
301025,读客文化,10.19,10.18,10.19,10.43,10.45,10.56,10.09,6514361.0,66749341.0,-2.301,-0.24
301026,浩通科技,35.39,35.37,35.39,35.71,36.81,36.84,34.21,12612147.0,441090054.0,-0.896,-0.32
301027,华蓝集团,22.91,22.91,22.93,23.31,23.57,23.63,22.76,4194000.0,96772666.0,-1.716,-0.4
301028,鼎熔岩,20.09,20.08,20.09,20.22,19.94,20.99,19.55,21419015.0,432538932.0,-0.643,-0.13
301029,怡合达,30.83,30.83,30.84,31.18,31.33,31.35,30.4,17759072.0,544843510.0,-1.123,-0.35
301030,*ST仕净,11.92,11.91,11.92,11.35,11.3,11.92,11.2,9333880.0,108127442.0,5.022,0.57
301031,中熔电气,177.47,177.47,177.6,178.33,181.84,186.96,174.55,4691260.0,846829662.0,-0.482,-0.86
301032,新柴股份,12.42,12.41,12.42,12.97,12.97,13.1,12.18,6774700.0,84654630.0,-4.241,-0.55
301033,迈普医学,52.58,52.58,52.6,53.82,53.77,54.11,51.71,1062789.0,55914464.0,-2.304,-1.24
301035,润丰股份,69.14,69.14,69.19,70.88,71.61,71.61,68.86,1204304.0,83803803.0,-2.455,-1.74
301036,双乐股份,27.73,27.73,27.79,27.53,27.6,28.5,27.01,2192430.0,60890584.0,0.726,0.2
301037,保立佳,16.53,16.53,16.65,17.16,17.14,17.49,16.31,2842840.0,47512013.0,-3.671,-0.63
301038,深水规院,20.35,20.35,20.36,21.12,21.25,21.59,20.24,6325472.0,131333377.0,-3.646,-0.77
301039,中集车辆,7.89,7.89,7.91,7.98,7.99,8.05,7.85,13326499.0,105920981.0,-1.128,-0.09
301040,中环海陆,34.22,34.22,34.23,32.25,32.35,34.49,31.51,7364200.0,248986891.0,6.109,1.97
301041,金百泽,34.2,34.2,34.21,34.21,34.6,35.25,33.8,8821765.0,303530222.0,-0.029,-0.01
301042,安联锐视,100.68,99.96,100.68,102.0,101.92,102.3,99.3,1167300.0,117525866.0,-1.294,-1.32
301043,绿岛风,49.7,49.7,49.83,52.07,51.9,53.3,49.26,1037800.0,52247212.0,-4.552,-2.37
301045,天禄科技,58.77,58.7,58.77,58.87,58.86,59.55,56.48,5290658.0,308107171.0,-0.17,-0.1
301046,能辉科技,28.38,28.37,28.38,28.84,28.95,29.29,28.02,4417264.0,126143890.0,-1.595,-0.46
301047,义翘神州,66.21,66.13,66.22,66.8,66.75,67.29,65.6,966926.0,64102505.0,-0.883,-0.59
301048,金鹰重工,10.42,10.42,10.43,10.53,10.53,10.62,10.31,3441500.0,35826719.0,-1.045,-0.11
301049,超越科技,23.44,23.44,23.47,24.19,24.19,24.65,23.1,1780050.0,42070150.0,-3.1,-0.75
301050,雷电微力,38.4,38.39,38.4,37.86,38.18,38.49,37.16,4837359.0,182741160.0,1.426,0.54
301051,信濠光电,26.58,26.57,26.58,26.22,26.37,26.98,25.88,8277812.0,219281142.0,1.373,0.36
301052,果麦文化,29.34,29.32,29.34,29.56,29.56,30.33,29.11,3092728.0,91785611.0,-0.744,-0.22
301053,远信工业,53.04,53.04,53.11,52.11,52.94,55.24,52.09,3377751.0,180471867.0,1.785,0.93
301055,张小泉,37.22,37.22,37.23,39.5,39.11,39.24,36.71,7592596.0,283417735.0,-5.772,-2.28
301056,森赫股份,14.3,14.29,14.3,14.62,14.73,14.76,14.09,2421800.0,34717888.0,-2.189,-0.32
301057,汇隆新材,34.82,34.82,34.85,33.62,33.6,35.54,33.32,3656926.0,126600330.0,3.569,1.2
301058,中粮科工,8.95,8.95,8.96,9.13,9.12,9.13,8.9,4943489.0,44458794.0,-1.972,-0.18
301059,金三江,14.92,14.92,14.94,15.15,15.17,15.2,14.79,3425444.0,51213988.0,-1.518,-0.23
301060,兰卫医学,10.71,10.7,10.71,10.55,10.56,10.99,10.54,8956800.0,96096432.0,1.517,0.16
301061,匠心家居,56.95,56.95,56.98,58.46,58.66,59.19,56.8,916084.0,52953604.0,-2.583,-1.51
301062,上海艾录,7.15,7.15,7.17,7.45,7.39,7.5,7.08,11792900.0,85247450.0,-4.027,-0.3
301063,海锅股份,21.9,21.9,21.94,22.39,22.4,22.69,21.63,2097500.0,46338573.0,-2.188,-0.49
301065,本立科技,22.41,22.41,22.43,22.94,22.95,23.3,22.01,2049150.0,46060200.0,-2.31,-0.53
301066,万事利,15.41,15.4,15.41,15.62,15.53,15.72,15.1,4634444.0,71186710.0,-1.344,-0.21
301067,显盈科技,33.5,33.48,33.5,30.3,30.93,34.48,30.93,7377900.0,246568473.0,10.561,3.2
301068,大地海洋,32.17,32.0,32.17,32.42,32.61,32.79,31.52,1057530.0,33839445.0,-0.771,-0.25
301069,凯盛新材,23.03,23.03,23.04,23.81,23.79,23.95,22.9,15268526.0,353937805.0,-3.276,-0.78
301070,开勒股份,97.06,97.06,97.07,96.09,96.65,97.91,94.5,2818436.0,272526358.0,1.009,0.97
301071,力量钻石,74.61,74.61,74.62,64.96,66.85,77.75,65.5,37365835.0,2619858903.0,14.855,9.65
301072,中捷精工,24.08,24.08,24.09,25.23,25.25,25.59,23.55,3360501.0,81589596.0,-4.558,-1.15
301073,君亭酒店,23.39,23.38,23.39,23.19,23.15,23.5,23.0,3089637.0,71980467.0,0.862,0.2
301075,多瑞医药,80.2,80.13,80.2,88.2,88.29,90.19,79.18,3722370.0,307884146.0,-9.07,-8.0
301076,新瀚新材,31.94,31.94,31.97,32.77,33.09,33.26,31.71,6154428.0,199045280.0,-2.533,-0.83
301077,星华新材,28.86,28.86,28.87,29.39,29.31,29.71,28.5,2976282.0,85904726.0,-1.803,-0.53
301078,孩子王,9.36,9.35,9.36,9.49,9.41,9.75,9.33,38428690.0,364859837.0,-1.37,-0.13
301079,邵阳液压,38.44,38.44,38.45,40.19,40.99,41.38,38.1,5932396.0,229815015.0,-4.354,-1.75
301080,百普赛斯,42.2,42.18,42.2,42.45,42.68,42.84,41.59,1795690.0,75445208.0,-0.589,-0.25
301081,严牌股份,21.34,21.34,21.35,21.15,21.52,21.53,20.38,13802260.0,290558670.0,0.898,0.19
301082,久盛电气,11.28,11.27,11.28,11.5,11.58,11.66,11.14,5851889.0,66093074.0,-1.913,-0.22
301083,百胜智能,16.39,16.38,16.41,16.87,17.0,17.15,16.18,2704066.0,44671872.0,-2.845,-0.48
301085,亚康股份,81.15,81.08,81.16,81.57,84.57,84.66,79.68,3580658.0,292089365.0,-0.515,-0.42
301086,鸿富瀚,249.51,249.5,249.95,247.97,252.0,255.0,242.88,2214830.0,550115835.0,0.621,1.54
301087,可孚医疗,46.78,46.78,46.92,47.3,47.8,47.8,46.4,1538800.0,72238839.0,-1.099,-0.52
301088,戎美股份,16.7,16.7,16.71,16.8,16.78,17.04,16.5,2477600.0,41551713.0,-0.595,-0.1
301089,拓新药业,24.65,24.64,24.65,25.36,25.47,25.65,24.36,2167395.0,53901934.0,-2.8,-0.71
301090,华润材料,7.56,7.55,7.56,7.66,7.6,7.66,7.39,11237113.0,84487569.0,-1.305,-0.1
301091,深城交,20.35,20.35,20.36,20.1,20.15,20.54,19.68,6367783.0,128013494.0,1.244,0.25
301092,争光股份,48.27,48.27,48.28,46.36,46.32,48.88,45.01,7369399.0,348525211.0,4.12,1.91
301093,华兰股份,131.49,131.49,131.5,130.6,130.6,132.55,127.63,5407539.0,704199511.0,0.681,0.89
301095,广立微,112.22,112.22,112.23,102.98,103.75,117.2,98.02,17356765.0,1864292222.0,8.973,9.24
301096,百诚医药,64.6,0.0,0.0,64.6,0.0,0.0,0.0,0.0,0.0,0.0,0.0
301097,天益医疗,61.94,61.94,61.99,61.57,62.12,63.2,61.39,849300.0,52703473.0,0.601,0.37
301098,金埔园林,10.5,10.5,10.52,10.57,10.57,11.21,10.38,13856628.0,148184153.0,-0.662,-0.07
301099,雅创电子,68.59,68.59,68.6,64.25,64.9,69.98,63.85,11053434.0,748849650.0,6.755,4.34
301100,风光股份,17.48,17.47,17.48,17.97,18.0,18.15,17.29,1441400.0,25327944.0,-2.727,-0.49
301101,明月镜片,34.42,34.4,34.42,34.97,34.97,35.27,33.98,2651396.0,91156450.0,-1.573,-0.55
301102,兆讯传媒,10.81,10.79,10.81,10.82,10.82,10.9,10.51,3417935.0,36542775.0,-0.092,-0.01
301103,何氏眼科,18.18,18.18,18.21,18.3,18.3,18.6,18.0,1741949.0,31853608.0,-0.656,-0.12
301105,鸿铭股份,54.0,53.9,54.0,55.62,56.28,56.66,53.4,1177321.0,64059675.0,-2.913,-1.62
301106,骏成科技,36.4,36.4,36.42,34.6,34.58,37.4,34.58,4195939.0,152826384.0,5.202,1.8
301107,瑜欣电子,29.96,29.95,29.96,29.0,29.65,31.24,29.26,4822600.0,144276291.0,3.31,0.96
301108,洁雅股份,24.34,24.3,24.34,24.48,24.5,24.91,24.0,1503995.0,36649488.0,-0.572,-0.14
301109,军信股份,15.05,15.05,15.08,15.06,15.09,15.15,14.97,4214162.0,63405645.0,-0.066,-0.01
301110,青木科技,60.16,60.15,60.16,61.86,61.99,62.49,59.3,5257042.0,316692817.0,-2.748,-1.7
301111,粤万年青,28.25,28.25,28.26,30.13,29.68,30.49,27.1,16177574.0,458464352.0,-6.24,-1.88
301112,信邦智能,36.44,36.4,36.44,37.08,37.6,37.68,35.9,1774700.0,65102388.0,-1.726,-0.64
301113,雅艺科技,25.05,25.02,25.05,26.18,26.24,26.58,24.56,1527540.0,38517327.0,-4.316,-1.13
301115,联检科技,30.06,30.05,30.06,26.85,26.98,30.3,26.18,13866487.0,395560564.0,11.955,3.21
301116,益客食品,9.8,9.8,9.83,9.89,9.98,9.98,9.66,2886000.0,28311719.0,-0.91,-0.09
301117,佳缘科技,39.23,39.23,39.24,41.22,41.23,41.7,38.56,6623169.0,262326249.0,-4.828,-1.99
301118,恒光股份,31.79,31.78,31.79,33.87,33.8,34.18,31.55,8356050.0,270593223.0,-6.141,-2.08
301119,正强股份,39.25,39.21,39.25,40.96,40.96,41.47,38.84,1607030.0,63499521.0,-4.175,-1.71
301120,新特电气,23.39,23.38,23.39,23.6,23.74,24.47,23.09,26311480.0,621668701.0,-0.89,-0.21
301121,紫建电子,40.15,40.15,40.16,41.21,41.21,41.22,39.38,2168600.0,86765212.0,-2.572,-1.06
301122,采纳股份,29.61,29.61,29.66,28.9,28.94,30.5,28.41,3783795.0,110505588.0,2.457,0.71
301123,奕东电子,81.4,81.38,81.4,82.7,81.88,84.56,80.0,11347463.0,926358337.0,-1.572,-1.3
301125,腾亚精工,24.06,24.05,24.06,24.96,25.2,25.27,23.68,3123820.0,75861483.0,-3.606,-0.9
301126,达嘉维康,11.23,11.23,11.27,11.37,11.37,11.57,11.03,4815700.0,54169215.0,-1.231,-0.14
301127,武汉天源,15.16,15.16,15.17,14.33,14.68,15.35,14.68,28280818.0,426376545.0,5.792,0.83
301128,强瑞技术,138.58,138.5,138.58,137.49,137.04,142.0,136.0,5990847.0,830729125.0,0.793,1.09
301129,瑞纳智能,29.19,29.17,29.19,28.64,28.7,29.41,28.22,4651203.0,134257962.0,1.92,0.55
301130,西点药业,29.96,29.95,29.96,31.23,31.23,31.76,29.71,1493680.0,45321700.0,-4.067,-1.27
301131,聚赛龙,41.02,41.0,41.02,42.13,42.2,42.75,40.64,1378051.0,56938489.0,-2.635,-1.11
301132,满坤科技,40.84,40.83,40.84,36.66,38.48,41.97,37.97,13384530.0,542206299.0,11.402,4.18
301133,金钟股份,45.68,45.68,45.75,47.53,47.89,47.92,44.72,3089039.0,141336342.0,-3.892,-1.85
301135,瑞德智能,26.36,26.35,26.36,26.95,27.09,27.15,25.99,1894958.0,50011327.0,-2.189,-0.59
301136,招标股份,14.17,14.17,14.18,14.56,14.56,14.7,14.02,4562924.0,65020842.0,-2.679,-0.39
301137,哈焊华通,42.79,42.79,42.8,42.76,42.22,43.49,41.7,5478799.0,233305621.0,0.07,0.03
301138,华研精机,31.95,31.95,31.96,31.97,31.7,32.6,31.51,831355.0,26515020.0,-0.063,-0.02
301139,*ST元道,5.06,5.06,5.07,6.08,5.98,6.13,5.02,26837555.0,149103487.0,-16.776,-1.02
301141,中科磁业,55.14,55.14,55.15,53.8,54.14,55.9,52.82,3202251.0,173725371.0,2.491,1.34
301148,嘉戎技术,72.02,72.02,72.05,70.5,70.5,73.56,70.07,1685413.0,121528846.0,2.156,1.52
301149,隆华新材,12.95,12.94,12.95,13.12,13.25,13.39,12.8,10073875.0,131004681.0,-1.296,-0.17
301150,中一科技,68.14,68.14,68.15,70.68,70.69,72.48,66.77,12645846.0,872061267.0,-3.594,-2.54
301151,冠龙节能,16.95,16.95,17.01,17.13,17.03,17.36,16.87,1658700.0,28268389.0,-1.051,-0.18
301152,天力锂能,29.73,29.72,29.73,31.09,31.0,31.66,29.49,4902196.0,147487352.0,-4.374,-1.36
301153,中科江南,19.88,19.87,19.88,19.97,20.03,20.18,19.61,4548475.0,90103030.0,-0.451,-0.09
301155,海力风电,68.3,68.3,68.32,70.5,71.0,71.0,67.69,5233980.0,361565925.0,-3.121,-2.2
301156,美农生物,19.63,19.63,19.65,20.12,20.56,20.56,19.36,1862178.0,36724246.0,-2.435,-0.49
301157,华塑科技,74.42,74.42,74.43,76.21,76.11,76.37,72.8,2092895.0,155081157.0,-2.349,-1.79
301158,德石股份,23.5,23.5,23.52,24.51,24.8,24.8,23.18,5642700.0,134345505.0,-4.121,-1.01
301159,三维天地,37.82,37.64,37.82,38.58,38.46,38.75,37.3,1936600.0,73236748.0,-1.97,-0.76
301160,翔楼新材,62.0,62.0,62.05,62.07,62.56,63.0,61.29,2310400.0,143225292.0,-0.113,-0.07
301161,唯万密封,33.3,33.29,33.3,34.28,34.29,34.91,33.04,3855052.0,129655905.0,-2.859,-0.98
301162,国能日新,51.15,51.15,51.19,51.45,51.81,53.03,49.38,4979806.0,253586523.0,-0.583,-0.3
301163,宏德股份,28.51,28.51,28.61,29.74,29.59,30.08,28.12,1898255.0,54911351.0,-4.136,-1.23
301165,锐捷网络,72.0,71.99,72.0,69.98,70.0,72.19,68.08,17008196.0,1202811283.0,2.887,2.02
301166,优宁维,29.94,29.94,29.97,30.23,30.2,30.82,29.53,1419500.0,42677292.0,-0.959,-0.29
301167,建研设计,16.59,16.59,16.6,16.98,17.02,17.24,16.46,2789300.0,46475181.0,-2.297,-0.39
301168,通灵股份,42.16,42.15,42.16,48.36,47.85,47.88,38.69,10483726.0,446649776.0,-12.821,-6.2
301169,零点有数,91.78,91.67,91.78,90.79,90.79,92.76,88.0,2520290.0,228480378.0,1.09,0.99
301170,锡南科技,27.8,27.8,27.9,28.5,28.51,28.71,27.5,1689000.0,47215752.0,-2.456,-0.7
301171,易点天下,41.4,41.4,41.41,41.3,43.1,44.43,40.86,71411486.0,3013936815.0,0.242,0.1
301172,君逸数码,37.04,37.03,37.04,38.5,38.5,38.66,36.05,8158951.0,301829172.0,-3.792,-1.46
301173,毓恬冠佳,38.94,38.73,38.94,39.45,39.44,39.66,38.5,569673.0,22173654.0,-1.293,-0.51
301175,中科环保,5.87,5.87,5.88,5.79,5.83,6.0,5.81,17673115.0,104158881.0,1.382,0.08
301176,逸豪新材,45.76,45.75,45.76,46.47,47.21,48.38,44.82,16585087.0,761919508.0,-1.528,-0.71
301177,迪阿股份,28.09,28.09,28.11,28.6,28.7,28.95,27.84,1303881.0,36839657.0,-1.783,-0.51
301178,天亿马,55.3,55.3,55.31,57.52,57.46,57.97,54.15,2739779.0,151697222.0,-3.86,-2.22
301179,泽宇智能,26.21,26.2,26.21,25.24,25.66,27.48,25.66,15322425.0,405006899.0,3.843,0.97
301180,万祥科技,16.48,16.46,16.48,16.45,16.46,17.29,16.18,5645783.0,93906516.0,0.182,0.03
301181,标榜股份,33.2,33.19,33.2,33.61,34.28,34.28,32.47,3151674.0,104510596.0,-1.22,-0.41
301182,凯旺科技,93.34,93.34,93.35,92.87,91.96,94.37,90.08,6212148.0,572854255.0,0.506,0.47
301183,东田微,261.38,261.38,261.39,248.78,248.75,263.0,242.83,9749585.0,2468649847.0,5.065,12.6
301185,鸥玛软件,17.26,17.25,17.26,17.24,17.3,17.45,16.93,2909400.0,50069131.0,0.116,0.02
301186,超达装备,68.02,68.02,68.05,71.23,71.59,71.98,66.5,2624794.0,178785486.0,-4.507,-3.21
301187,欧圣电气,20.43,20.43,20.44,20.91,20.9,20.92,20.06,2864885.0,58523662.0,-2.296,-0.48
301188,力诺药包,45.4,45.39,45.4,49.15,47.5,48.69,43.21,35553222.0,1601595513.0,-7.63,-3.75
301189,奥尼电子,99.81,99.8,99.81,93.9,94.01,100.97,91.8,6795043.0,660676208.0,6.294,5.91
301190,善水科技,23.9,23.89,23.9,23.86,23.81,24.33,23.62,2558100.0,61267673.0,0.168,0.04
301191,菲菱科思,184.3,184.22,184.3,164.9,173.65,190.0,170.0,8216045.0,1507439306.0,11.765,19.4
301192,泰祥股份,24.75,24.7,24.75,26.01,26.37,26.37,24.28,2308832.0,57811774.0,-4.844,-1.26
301193,家联科技,23.5,23.5,23.52,24.09,24.02,24.72,22.81,13205133.0,312615480.0,-2.449,-0.59
301195,北路智控,34.16,34.15,34.16,31.39,35.88,36.98,33.95,7157195.0,252935942.0,8.824,2.77
301196,唯科科技,147.93,147.93,147.99,146.95,150.6,150.6,143.0,3665850.0,533231824.0,0.667,0.98
301197,工大科雅,32.11,32.11,32.12,33.53,33.39,34.2,31.56,4636177.0,149545288.0,-4.235,-1.42
301198,喜悦智行,18.39,18.35,18.39,18.34,18.64,19.18,17.88,6054505.0,111563458.0,0.273,0.05
301199,迈赫股份,22.82,22.82,22.83,23.21,23.34,23.34,22.52,2156521.0,49221778.0,-1.68,-0.39
301200,大族数控,284.99,284.98,284.99,274.0,279.0,297.5,274.0,8704408.0,2489638775.0,4.011,10.99
301201,诚达药业,35.89,35.89,35.9,35.45,35.55,37.22,35.39,5529435.0,199732473.0,1.241,0.44
301202,朗威股份,42.87,42.87,42.88,42.72,42.75,43.14,41.87,1781900.0,75638197.0,0.351,0.15
301203,国泰环保,46.04,46.02,46.04,46.01,46.48,46.5,45.1,1137600.0,52190787.0,0.065,0.03
301205,联特科技,269.46,269.46,269.47,256.8,256.0,272.9,246.66,10894908.0,2833498003.0,4.93,12.66
301206,三元生物,26.0,25.99,26.0,26.15,26.15,26.38,25.84,979961.0,25517905.0,-0.574,-0.15
301207,华兰疫苗,18.88,18.88,18.89,19.02,19.08,19.5,18.69,6644876.0,126880425.0,-0.736,-0.14
301208,中亦科技,32.63,32.61,32.63,32.78,32.78,33.12,32.05,1288239.0,41875814.0,-0.458,-0.15
301209,联合化学,90.99,90.98,90.99,90.05,90.06,92.8,87.86,1822861.0,164346371.0,1.044,0.94
301210,金杨精密,43.16,43.16,43.17,44.53,44.45,46.34,42.51,4734714.0,205652070.0,-3.077,-1.37
301211,亨迪药业,10.47,10.47,10.48,10.6,10.62,10.71,10.34,2654096.0,27782526.0,-1.226,-0.13
301212,联盛化学,33.82,33.82,33.83,34.73,34.83,35.0,33.6,1983110.0,67663791.0,-2.62,-0.91
301213,观想科技,73.18,73.18,73.19,73.37,75.38,77.75,71.86,2459963.0,182624236.0,-0.259,-0.19
301215,中汽股份,6.19,6.19,6.2,6.17,6.19,6.23,6.1,9424705.0,58201101.0,0.324,0.02
301216,万凯新材,25.83,25.82,25.83,27.1,27.01,27.01,25.67,14177378.0,369997122.0,-4.686,-1.27
301217,铜冠铜箔,95.68,95.67,95.68,90.93,95.0,99.01,89.1,38449847.0,3625350064.0,5.224,4.75
301218,华是科技,36.9,36.9,36.93,37.6,37.67,38.72,36.5,5198250.0,193258035.0,-1.862,-0.7
301219,腾远钴业,81.33,81.32,81.33,83.44,84.0,84.2,80.63,6221650.0,508343790.0,-2.529,-2.11
301220,亚香股份,39.58,39.58,39.61,40.58,40.57,41.04,39.0,1654380.0,65742468.0,-2.464,-1.0
301221,光庭信息,53.3,53.29,53.3,53.2,52.94,53.96,52.64,2933306.0,156451310.0,0.188,0.1
301222,浙江恒威,45.1,45.1,45.12,47.1,46.9,47.52,44.6,3494462.0,158914716.0,-4.246,-2.0
301223,中荣股份,17.71,17.68,17.71,17.97,17.98,18.12,17.56,1601437.0,28443248.0,-1.447,-0.26
301225,恒勃股份,121.98,121.98,121.99,126.33,126.18,126.19,120.8,2371693.0,292291120.0,-3.443,-4.35
301226,祥明智能,40.05,40.05,40.08,38.39,38.46,41.0,38.46,5380103.0,215960998.0,4.324,1.66
301227,森鹰窗业,33.28,33.28,33.3,35.21,35.22,35.54,32.66,2452500.0,82548981.0,-5.481,-1.93
301228,实朴检测,67.71,67.71,67.72,67.98,68.43,69.81,66.1,3509124.0,237001053.0,-0.397,-0.27
301229,纽泰格,16.12,16.1,16.12,16.62,16.67,16.77,15.91,2760493.0,44805729.0,-3.008,-0.5
301230,泓博医药,37.76,37.76,37.77,38.6,38.5,38.99,37.13,4679709.0,176794283.0,-2.176,-0.84
301231,荣信文化,31.98,31.98,31.99,28.97,28.99,32.79,28.99,10140402.0,323102547.0,10.39,3.01
301232,飞沃科技,142.88,142.88,142.89,146.18,148.02,148.5,138.0,5474536.0,779913494.0,-2.257,-3.3
301233,盛帮股份,61.5,61.5,61.51,60.66,60.46,61.59,59.29,1969300.0,119204487.0,1.385,0.84
301234,五洲医疗,38.62,38.55,38.62,39.85,39.85,40.12,37.34,1933200.0,74345521.0,-3.087,-1.23
301235,华康洁净,73.01,73.01,73.04,73.08,73.08,74.5,70.4,5799135.0,420730568.0,-0.096,-0.07
301236,软通动力,39.42,39.42,39.43,38.55,38.93,39.77,38.25,21854750.0,852192338.0,2.257,0.87
301237,和顺科技,74.69,74.67,74.69,73.86,76.3,78.88,73.63,2713010.0,205228001.0,1.124,0.83
301238,瑞泰新材,22.53,22.53,22.54,22.86,23.0,23.19,22.34,14181494.0,320800285.0,-1.444,-0.33
301239,普瑞眼科,41.73,41.73,41.75,42.62,42.76,43.44,41.16,2987421.0,125007103.0,-2.088,-0.89
301246,宏源药业,30.61,30.6,30.61,32.11,32.27,32.43,30.11,19392827.0,601224471.0,-4.671,-1.5
301248,杰创智能,84.01,84.01,84.02,82.74,83.5,85.69,79.5,8812644.0,729334613.0,1.535,1.27
301251,威尔高,75.5,75.5,75.51,72.8,74.13,75.84,72.13,8418499.0,622331018.0,3.709,2.7
301252,同星科技,40.09,40.09,40.1,40.99,40.8,41.17,39.0,4709653.0,186819392.0,-2.196,-0.9
301255,通力科技,34.17,34.17,34.18,34.2,33.32,34.17,32.28,8153303.0,268247800.0,-0.088,-0.03
301256,华融化学,13.32,13.32,13.34,13.22,13.25,13.8,12.82,11847571.0,157637031.0,0.756,0.1
301257,普蕊斯,46.42,46.38,46.42,47.39,47.44,47.99,45.78,1880343.0,87641945.0,-2.047,-0.97
301258,富士莱,28.58,28.58,28.68,29.32,29.4,29.72,28.34,754000.0,21690951.0,-2.524,-0.74
301259,艾布鲁,37.0,36.98,37.0,39.11,39.08,39.42,36.48,6085015.0,227695088.0,-5.395,-2.11
301260,格力博,17.2,17.19,17.2,17.32,17.24,17.7,17.05,5904186.0,101961551.0,-0.693,-0.12
301261,恒工精密,100.38,100.35,100.38,101.83,102.16,103.0,98.0,5167987.0,515490793.0,-1.424,-1.45
301262,海看股份,22.1,22.1,22.11,22.16,22.21,22.45,21.92,2825400.0,62575704.0,-0.271,-0.06
301263,泰恩康,25.69,25.69,25.7,26.61,26.6,26.86,25.4,4320056.0,112199508.0,-3.457,-0.92
301265,华新科技,27.3,27.3,27.31,27.8,28.41,28.49,27.24,11845209.0,328121655.0,-1.799,-0.5
301266,宇邦新材,27.23,27.23,27.24,28.15,28.3,28.46,27.07,4112906.0,112731064.0,-3.268,-0.92
301267,华厦眼科,17.85,17.84,17.85,16.89,16.82,18.09,16.81,10678870.0,188867807.0,5.684,0.96
301268,铭利达,19.4,19.32,19.41,20.07,20.06,20.16,19.1,5019100.0,97386435.0,-3.338,-0.67
301269,华大九天,125.04,125.04,125.05,108.69,107.0,130.43,106.0,51819752.0,6251195544.0,15.043,16.35
301270,汉仪股份,31.26,31.25,31.26,31.18,31.21,31.55,30.58,1937900.0,60142257.0,0.257,0.08
301272,英华特,45.1,44.98,45.11,46.35,46.28,46.65,44.61,958197.0,43406290.0,-2.697,-1.25
301273,瑞晨环保,43.97,43.96,44.07,43.9,44.03,44.64,42.8,1512300.0,65778147.0,0.159,0.07
301275,汉朔科技,47.09,47.08,47.09,46.66,46.58,47.58,45.82,9725866.0,453658014.0,0.922,0.43
301276,嘉曼服饰,24.85,24.81,24.85,25.53,25.72,25.82,24.5,2086920.0,52317105.0,-2.664,-0.68
301277,新天地,10.45,10.44,10.45,10.56,10.64,10.67,10.31,2261144.0,23595223.0,-1.042,-0.11
301278,快可电子,39.15,39.14,39.15,39.88,39.89,40.5,38.51,2122924.0,82852469.0,-1.83,-0.73
301279,金道科技,26.59,26.59,26.6,26.8,26.79,27.06,25.75,3525078.0,92661345.0,-0.784,-0.21
301280,珠城科技,47.55,47.45,47.55,48.91,49.2,49.35,47.0,3441661.0,164239516.0,-2.781,-1.36
301281,科源制药,41.72,41.72,41.78,40.55,41.37,43.34,40.55,7334371.0,305730737.0,2.885,1.17
301282,金禄电子,29.4,29.4,29.41,28.9,29.0,30.55,29.0,17659599.0,524743549.0,1.73,0.5
301283,聚胶股份,29.8,29.76,29.8,30.59,30.51,31.4,29.35,2086626.0,62910099.0,-2.583,-0.79
301285,鸿日达,121.39,121.18,121.39,112.69,114.03,123.04,109.57,9575867.0,1121432609.0,7.72,8.7
301286,侨源股份,58.35,58.35,58.36,56.99,57.57,63.0,57.01,4272058.0,255390748.0,2.386,1.36
301287,康力源,40.47,40.47,40.54,41.98,42.0,42.24,40.05,937500.0,38102563.0,-3.597,-1.51
301288,清研环境,18.6,18.45,18.6,18.7,18.69,19.27,18.0,3006728.0,55906702.0,-0.535,-0.1
301289,国缆检测,53.93,53.93,54.05,54.18,54.95,55.1,53.27,812000.0,43987132.0,-0.461,-0.25
301290,东星医疗,31.52,31.52,31.53,32.07,32.0,33.26,30.99,3194995.0,101508047.0,-1.715,-0.55
301291,明阳电气,58.96,58.95,58.96,55.04,55.5,60.94,55.24,16659943.0,979970266.0,7.122,3.92
301292,海科新源,70.82,70.82,70.83,74.66,73.56,74.37,69.99,12811948.0,916694470.0,-5.143,-3.84
301293,三博脑科,63.93,63.93,63.94,64.69,64.38,65.26,63.06,6803978.0,433911975.0,-1.175,-0.76
301295,美硕科技,47.83,47.6,47.83,49.0,49.67,51.4,47.0,2099060.0,102171604.0,-2.388,-1.17
301296,新巨丰,7.09,7.09,7.1,7.18,7.19,7.23,7.03,2852400.0,20250093.0,-1.253,-0.09
301297,富乐德,49.19,49.19,49.2,50.4,48.81,50.06,47.2,26546442.0,1286302920.0,-2.401,-1.21
301298,东利机械,15.28,15.23,15.28,15.77,15.86,16.02,15.12,2946300.0,45367281.0,-3.107,-0.49
301299,卓创资讯,58.07,58.06,58.07,60.33,59.91,60.25,57.07,2298443.0,133435374.0,-3.746,-2.26
301300,远翔新材,37.85,37.84,37.85,38.83,38.92,39.3,37.53,877619.0,33458353.0,-2.524,-0.98
301301,川宁生物,9.03,9.03,9.04,9.27,9.28,9.3,8.97,12611980.0,114305066.0,-2.589,-0.24
301302,华如科技,28.36,28.36,28.37,27.97,27.86,29.52,27.65,11414250.0,324961635.0,1.394,0.39
301303,真兰仪表,14.08,14.08,14.09,14.24,14.18,14.33,13.93,2294386.0,32197692.0,-1.124,-0.16
301305,朗坤科技,25.61,25.61,25.62,24.5,24.67,25.95,24.52,7100000.0,179014684.0,4.531,1.11
301306,西测测试,141.08,141.07,141.08,141.18,141.2,145.58,138.6,3035826.0,430040981.0,-0.071,-0.1
301307,美利信,64.22,64.22,64.25,59.93,60.01,66.66,58.34,14844065.0,929225409.0,7.158,4.29
301308,江波龙,565.5,565.49,565.5,549.5,547.0,566.66,538.51,18240929.0,10105111845.0,2.912,16.0
301309,万得凯,34.1,34.1,34.17,34.17,34.28,34.81,33.41,2111378.0,72183763.0,-0.205,-0.07
301310,鑫宏业,28.53,28.52,28.53,29.05,29.05,29.29,27.95,5035308.0,143409338.0,-1.79,-0.52
301311,昆船智能,15.91,15.91,15.92,16.1,16.12,16.33,15.8,1803000.0,28829180.0,-1.18,-0.19
301312,智立方,149.0,148.99,149.0,136.2,144.0,150.99,138.96,10382743.0,1500754141.0,9.398,12.8
301313,凡拓数创,51.7,51.7,51.72,47.65,47.02,51.85,47.02,20180152.0,1012553447.0,8.499,4.05
301314,科瑞思,51.41,51.4,51.42,51.74,51.85,52.52,49.58,1135226.0,57670518.0,-0.638,-0.33
301315,威士顿,49.26,49.26,49.27,50.03,50.78,51.41,48.39,2070527.0,102477541.0,-1.539,-0.77
301316,慧博云通,51.27,51.27,51.28,47.19,48.67,52.32,48.67,27353309.0,1397553566.0,8.646,4.08
301317,鑫磊股份,81.63,81.49,81.63,78.68,82.57,87.6,79.79,5764100.0,473913676.0,3.749,2.95
301318,维海德,24.1,24.08,24.1,24.42,24.57,24.82,23.81,1218351.0,29497699.0,-1.31,-0.32
301319,唯特偶,88.2,88.19,88.2,89.24,87.0,89.18,82.68,7436545.0,643459031.0,-1.165,-1.04
301320,豪江智能,15.77,15.76,15.77,16.08,16.11,16.33,15.61,2956300.0,46773159.0,-1.928,-0.31
301321,翰博高新,29.65,29.64,29.65,30.94,31.2,31.21,29.05,8348590.0,249642364.0,-4.169,-1.29
301322,绿通科技,57.36,57.35,57.36,57.0,57.83,59.0,53.5,20143356.0,1130900788.0,0.632,0.36
301323,新莱福,92.01,92.01,92.06,83.1,85.36,97.21,85.19,5077725.0,473546456.0,10.722,8.91
301325,曼恩斯特,45.3,45.29,45.3,46.86,47.0,47.12,44.7,4438346.0,201244302.0,-3.329,-1.56
301326,捷邦科技,186.68,186.68,187.0,185.34,187.0,192.12,180.89,1940118.0,363491853.0,0.723,1.34
301327,华宝新能,56.99,56.99,57.0,58.96,58.74,58.98,55.9,3588414.0,204691596.0,-3.341,-1.97
301328,维峰电子,88.7,88.69,88.7,86.2,86.17,91.0,84.18,3101229.0,271437568.0,2.9,2.5
301329,信音电子,26.74,26.74,26.77,27.05,27.0,27.27,26.4,4865705.0,129874970.0,-1.146,-0.31
301330,熵基科技,29.42,29.41,29.42,29.51,29.52,30.09,29.35,2705603.0,80155820.0,-0.305,-0.09
301331,恩威医药,29.18,29.18,29.19,26.29,26.4,29.26,26.19,5927502.0,167525983.0,10.993,2.89
301332,德尔玛,8.88,8.88,8.89,9.02,9.05,9.06,8.8,2463025.0,21915009.0,-1.552,-0.14
301333,诺思格,51.65,51.65,51.68,53.3,53.78,53.98,50.43,2209108.0,113865760.0,-3.096,-1.65
301335,天元宠物,22.68,22.68,22.69,23.23,23.12,23.41,22.47,1576000.0,35839064.0,-2.368,-0.55
301336,趣睡科技,56.23,56.21,56.23,55.5,55.61,57.17,55.07,1157234.0,65096321.0,1.315,0.73
301337,亚华电子,29.11,29.11,29.12,27.88,27.81,29.15,27.6,3776110.0,107556023.0,4.412,1.23
301338,凯格精机,222.0,221.99,222.0,202.2,205.02,222.0,200.0,5820388.0,1249623293.0,9.792,19.8
301339,通行宝,12.41,12.4,12.41,12.35,12.33,12.54,12.16,3483780.0,42953577.0,0.486,0.06
301345,涛涛车业,225.26,225.26,225.52,221.84,223.01,231.98,222.9,1363300.0,308511679.0,1.542,3.42
301348,蓝箭电子,31.62,31.62,31.63,29.93,29.73,31.68,28.75,38808281.0,1178818002.0,5.647,1.69
301349,信德新材,55.21,55.21,55.22,52.58,53.09,58.88,53.0,10285242.0,576316396.0,5.002,2.63
301353,普莱得,27.83,27.83,27.84,29.07,29.24,29.37,27.36,1810030.0,50729929.0,-4.266,-1.24
301355,南王科技,11.87,11.86,11.87,12.32,12.32,12.44,11.78,3838000.0,46067912.0,-3.653,-0.45
301356,天振股份,25.69,25.69,25.7,26.34,26.09,26.52,25.5,3624398.0,93690011.0,-2.468,-0.65
301357,北方长龙,97.33,97.32,97.33,99.38,99.38,100.0,96.27,1513730.0,147715850.0,-2.063,-2.05
301358,湖南裕能,87.8,87.8,87.81,91.18,90.9,91.18,84.7,35025754.0,3052921659.0,-3.707,-3.38
301359,东南电子,23.06,23.06,23.15,23.56,23.6,24.18,22.81,1637215.0,37999891.0,-2.122,-0.5
301360,荣旗科技,71.0,71.0,71.01,70.58,71.68,72.21,69.5,1912138.0,135637078.0,0.595,0.42
301361,众智科技,43.52,43.52,43.54,46.04,46.1,46.66,43.19,6260046.0,278632332.0,-5.474,-2.52
301362,民爆光电,263.55,263.44,263.55,238.73,254.81,268.88,240.1,6136149.0,1542417572.0,10.397,24.82
301363,美好医疗,27.48,27.48,27.49,27.81,28.63,29.26,27.19,11742144.0,329517077.0,-1.187,-0.33
301365,矩阵股份,35.46,35.46,35.48,35.18,35.19,35.85,35.06,2719489.0,96384652.0,0.796,0.28
301366,一博科技,46.76,46.76,46.77,43.19,43.94,47.3,43.94,16294615.0,750710978.0,8.266,3.57
301367,瑞迈特,66.6,66.6,66.62,67.99,67.99,68.62,66.11,1508647.0,101075539.0,-2.044,-1.39
301368,丰立智能,53.86,53.86,53.87,55.04,55.26,55.5,53.0,3285527.0,177729132.0,-2.144,-1.18
301369,联动科技,201.6,201.6,201.63,189.28,193.0,206.36,185.1,3192773.0,634333512.0,6.509,12.32
301370,国科恒泰,9.49,9.48,9.49,9.52,9.53,9.78,9.37,2717402.0,25838845.0,-0.315,-0.03
301371,敷尔佳,31.86,31.86,31.9,30.22,31.04,32.1,30.58,4767513.0,150602811.0,5.427,1.64
301372,科净源,36.8,36.8,36.82,38.18,38.5,39.6,35.5,3622100.0,134064046.0,-3.614,-1.38
301373,凌玮科技,132.28,132.28,132.3,139.6,140.01,140.62,130.13,7599734.0,1018243646.0,-5.244,-7.32
301376,致欧科技,19.02,19.02,19.03,18.79,19.77,19.86,18.6,7579252.0,145444831.0,1.224,0.23
301377,鼎泰高科,327.49,327.48,327.49,310.63,330.01,332.66,308.11,7499259.0,2414117074.0,5.428,16.86
301378,通达海,33.48,33.36,33.48,33.44,33.54,34.12,32.69,2469642.0,82134029.0,0.12,0.04
301379,天山电子,33.95,33.95,33.96,32.93,32.93,34.32,32.03,30147133.0,1005557490.0,3.097,1.02
301380,挖金客,35.19,35.19,35.2,35.98,35.99,36.45,34.76,2190390.0,77389538.0,-2.196,-0.79
301381,赛维时代,20.63,20.62,20.63,20.9,20.7,20.96,19.72,8911851.0,180265344.0,-1.292,-0.27
301382,蜂助手,51.61,51.61,51.62,50.39,49.8,52.68,49.8,12829602.0,660356803.0,2.421,1.22
301383,天键股份,31.09,31.08,31.09,31.09,31.06,31.28,30.18,2417045.0,74072452.0,0.0,0.0
301386,未来电器,25.23,25.2,25.23,25.25,25.45,25.85,24.85,1517566.0,38248888.0,-0.079,-0.02
301387,光大同创,118.98,118.98,119.0,116.89,118.09,121.48,113.0,4098575.0,483632915.0,1.788,2.09
301388,欣灵电气,30.76,30.76,30.79,31.47,31.91,32.3,30.43,1725915.0,53701063.0,-2.256,-0.71
301389,隆扬电子,84.6,84.6,84.61,77.52,81.45,85.29,79.2,14647787.0,1209996084.0,9.133,7.08
301390,经纬股份,35.77,35.77,35.8,36.41,36.65,37.05,29.2,1598900.0,57592358.0,-1.758,-0.64
301391,卡莱特,70.8,70.79,70.8,71.3,71.3,71.57,69.9,1547826.0,109144375.0,-0.701,-0.5
301392,汇成真空,210.5,210.5,210.51,202.3,200.0,214.97,199.01,5478087.0,1148390982.0,4.053,8.2
301393,昊帆生物,64.16,64.16,64.17,63.5,63.1,64.36,62.32,1985556.0,125890809.0,1.039,0.66
301395,仁信新材,12.78,12.78,12.79,13.1,13.12,13.88,12.66,6212788.0,81528665.0,-2.443,-0.32
301396,宏景科技,287.06,287.05,287.06,312.6,312.0,313.46,268.18,16642308.0,4747454157.0,-8.17,-25.54
301397,溯联股份,36.94,36.94,36.95,39.48,39.8,39.83,35.88,8228454.0,306397595.0,-6.434,-2.54
301398,星源卓镁,45.77,45.75,45.77,45.65,45.52,46.3,44.28,1756851.0,79674667.0,0.263,0.12
301399,英特科技,20.4,20.4,20.49,21.24,21.46,21.5,20.15,3384541.0,69336445.0,-3.955,-0.84
301408,华人健康,17.2,17.2,17.21,17.87,17.93,17.95,16.91,14857790.0,256408019.0,-3.749,-0.67
301413,安培龙,136.05,136.05,136.12,137.8,137.83,139.89,134.6,5213217.0,714676211.0,-1.27,-1.75
301418,协昌科技,43.1,43.04,43.1,43.97,44.1,44.39,42.44,2507867.0,108305987.0,-1.979,-0.87
301419,阿莱德,46.5,46.49,46.5,47.01,47.07,47.8,45.2,7060606.0,325938387.0,-1.085,-0.51
301421,波长光电,132.5,132.5,132.54,131.93,127.0,136.0,122.53,13311336.0,1679011939.0,0.432,0.57
301428,世纪恒通,34.44,34.44,34.45,34.7,34.85,35.28,33.92,3540537.0,121877260.0,-0.749,-0.26
301429,森泰股份,21.75,21.75,21.82,22.53,22.59,22.92,21.42,2002391.0,43956783.0,-3.462,-0.78
301439,泓淋电力,16.93,16.93,16.94,17.04,17.15,17.31,16.79,4105323.0,69737447.0,-0.646,-0.11
301446,福事特,41.82,41.8,41.82,44.07,44.38,44.38,40.66,2154290.0,90200764.0,-5.106,-2.25
301448,开创电气,36.48,36.47,36.48,36.86,37.17,37.24,36.08,838460.0,30622108.0,-1.031,-0.38
301449,天溯计量,65.65,65.65,65.69,69.82,69.52,70.19,64.84,1439945.0,96576329.0,-5.973,-4.17
301456,盘古智能,31.55,31.55,31.57,31.35,31.36,31.86,30.82,1912019.0,59850345.0,0.638,0.2
301458,钧崴电子,47.53,47.52,47.54,44.66,45.87,48.94,45.21,13874321.0,662411321.0,6.426,2.87
301459,丰茂股份,42.05,42.05,42.06,43.05,42.62,42.62,41.39,2814258.0,117719202.0,-2.323,-1.0
301468,博盈特焊,53.92,53.91,53.95,52.27,52.8,55.49,52.8,5772829.0,312304927.0,3.157,1.65
301469,恒达新材,35.63,35.62,35.63,36.35,36.33,36.86,34.8,2043183.0,72733019.0,-1.981,-0.72
301479,弘景光电,117.9,117.9,117.94,120.01,120.3,123.0,114.77,3421206.0,401411256.0,-1.758,-2.11
301486,致尚科技,292.5,292.5,292.52,258.8,258.82,293.0,253.81,11542505.0,3140178231.0,13.022,33.7
301487,盟固利,25.56,25.55,25.56,25.99,25.91,25.93,25.02,16237822.0,412656013.0,-1.654,-0.43
301488,豪恩汽电,156.01,156.01,156.05,161.49,157.0,161.49,154.58,3953447.0,623672778.0,-3.393,-5.48
301489,思泉新材,261.38,261.35,261.5,269.5,269.0,269.58,245.0,5155852.0,1331792607.0,-3.013,-8.12
301491,汉桑科技,48.06,48.06,48.09,48.6,48.75,48.88,47.72,711233.0,34236570.0,-1.111,-0.54
301498,乖宝宠物,44.9,44.9,44.93,45.9,45.76,45.76,44.62,3953091.0,177873600.0,-2.179,-1.0
301499,维科精密,36.51,36.51,36.56,37.63,38.0,38.05,36.25,3051187.0,112765527.0,-2.976,-1.12
301500,飞南资源,26.38,26.37,26.38,27.09,27.4,27.4,26.15,9257854.0,245523419.0,-2.621,-0.71
301501,恒鑫生活,29.62,29.62,29.63,30.66,30.56,30.85,29.26,1407264.0,42003743.0,-3.392,-1.04
301502,华阳智能,86.2,86.2,86.28,84.44,84.45,88.78,84.45,2739153.0,237274778.0,2.084,1.76
301503,智迪科技,34.8,34.77,34.8,35.39,35.45,35.79,34.28,757197.0,26393023.0,-1.667,-0.59
301505,苏州规划,22.14,22.14,22.19,20.82,20.78,22.75,20.78,6270539.0,137831113.0,6.34,1.32
301507,民生健康,13.65,13.63,13.65,13.69,13.68,13.95,13.48,4316409.0,59123052.0,-0.292,-0.04
301508,中机认检,27.91,27.86,27.91,27.97,27.97,28.24,27.4,1476400.0,41015972.0,-0.215,-0.06
301509,金凯生科,31.1,31.1,31.11,32.47,31.78,32.01,30.64,3326014.0,103667490.0,-4.219,-1.37
301510,固高科技,40.63,40.61,40.63,39.99,40.06,41.35,39.9,11105513.0,449085169.0,1.6,0.64
301511,德福科技,108.28,108.25,108.28,108.5,110.6,113.9,105.19,34528148.0,3749210176.0,-0.203,-0.22
301512,智信精密,57.7,57.7,57.74,54.38,54.45,59.8,54.08,4193504.0,237840799.0,6.105,3.32
301513,尚水智能,77.96,77.95,77.96,85.06,85.06,85.99,77.01,5558766.0,439316612.0,-8.347,-7.1
301515,港通医疗,22.61,22.61,22.66,23.56,23.27,23.98,22.13,2990247.0,67911372.0,-4.032,-0.95
301516,中远通,20.62,20.61,20.62,21.29,21.4,21.48,20.36,8672098.0,179890325.0,-3.147,-0.67
301517,陕西华达,64.36,64.36,64.37,65.16,65.62,66.2,62.98,3963044.0,255103034.0,-1.228,-0.8
301518,长华化学,33.71,33.7,33.71,34.79,34.6,35.36,32.7,2397099.0,81043451.0,-3.104,-1.08
301519,舜禹股份,14.67,14.67,14.73,15.01,15.08,15.35,14.37,2771700.0,40733363.0,-2.265,-0.34
301520,万邦医药,39.65,39.57,39.65,40.49,40.43,40.87,39.08,701100.0,27908549.0,-2.075,-0.84
301522,上大股份,31.42,31.42,31.43,31.96,31.91,32.33,31.36,5258822.0,166962683.0,-1.69,-0.54
301525,儒竞科技,82.45,82.42,82.48,84.23,84.25,84.82,80.3,3459494.0,283151694.0,-2.113,-1.78
301526,国际复材,21.56,21.56,21.57,20.49,21.01,21.83,20.45,215763207.0,4564348991.0,5.222,1.07
301528,多浦乐,70.6,70.59,70.69,70.29,70.55,71.4,69.38,810919.0,57142052.0,0.441,0.31
301529,福赛科技,174.27,174.27,174.28,177.61,178.0,179.47,172.5,2016073.0,352945636.0,-1.881,-3.34
301531,春光集团,92.82,92.81,92.82,91.02,89.02,95.28,87.08,13648851.0,1245719228.0,1.978,1.8
301533,威马农机,29.43,29.4,29.43,30.94,30.94,31.2,28.89,1773100.0,52549644.0,-4.88,-1.51
301535,浙江华远,17.92,17.91,17.92,18.44,18.31,18.63,17.79,4463665.0,80877377.0,-2.82,-0.52
301536,星宸科技,92.06,92.03,92.06,89.16,89.0,93.4,89.0,9177681.0,840832893.0,3.253,2.9
301538,骏鼎达,103.87,103.76,103.87,106.49,107.0,109.48,101.33,2046310.0,213466909.0,-2.46,-2.62
301539,宏鑫科技,17.1,17.09,17.14,17.62,17.65,17.79,17.0,1954200.0,33678555.0,-2.951,-0.52
301548,崇德科技,86.86,86.86,86.89,88.41,89.29,90.09,85.81,1700645.0,148351898.0,-1.753,-1.55
301550,斯菱智驱,194.38,194.38,194.4,195.2,196.0,199.98,193.0,6386730.0,1253108921.0,-0.42,-0.82
301551,无线传媒,25.03,25.02,25.03,25.36,25.41,25.59,24.77,4533715.0,113483641.0,-1.301,-0.33
301552,科力装备,29.3,29.3,29.31,29.8,29.82,30.12,28.94,1147510.0,33640400.0,-1.678,-0.5
301555,惠柏新材,43.02,43.02,43.05,41.01,41.31,43.98,40.67,6631012.0,282673294.0,4.901,2.01
301556,托普云农,76.03,76.02,76.03,76.05,76.1,76.8,74.5,1174273.0,88526590.0,-0.026,-0.02
301557,常友科技,118.26,118.26,118.27,115.78,116.0,119.77,114.58,1311200.0,154369422.0,2.142,2.48
301558,三态股份,7.52,7.51,7.52,7.65,7.68,7.73,7.44,5938212.0,44816441.0,-1.699,-0.13
301559,中集环科,15.58,15.58,15.6,15.72,15.72,15.84,15.41,2550800.0,39631574.0,-0.891,-0.14
301560,众捷汽车,39.45,39.45,39.5,39.43,39.45,40.64,38.88,2251800.0,89241630.0,0.051,0.02
301563,云汉芯城,199.62,199.62,199.8,171.1,175.11,204.0,175.11,6170171.0,1186323894.0,16.669,28.52
301565,中仑新材,23.19,23.18,23.19,23.63,23.45,23.61,22.85,8455816.0,195232063.0,-1.862,-0.44
301566,达利凯普,33.97,33.97,33.98,31.42,33.08,34.69,32.48,40431655.0,1355970563.0,8.116,2.55
301567,贝隆精密,47.81,47.81,47.86,47.88,47.99,48.72,47.13,1665895.0,79654528.0,-0.146,-0.07
301568,思泰克,69.11,69.11,69.15,65.1,66.33,70.49,64.96,11580126.0,786946038.0,6.16,4.01
301571,国科天成,62.68,62.68,62.7,63.38,64.0,64.26,61.6,3337356.0,208477814.0,-1.104,-0.7
301575,艾芬达,46.19,46.19,46.2,47.1,47.56,47.56,45.77,889752.0,41121600.0,-1.932,-0.91
301577,美信科技,76.35,76.35,76.36,74.44,75.03,77.47,74.6,1789505.0,135905508.0,2.566,1.91
301578,辰奕智能,35.12,35.1,35.12,35.69,35.9,35.9,34.71,1087430.0,38184746.0,-1.597,-0.57
301580,爱迪特,61.36,61.36,61.37,63.5,63.99,64.36,60.9,2972336.0,183607059.0,-3.37,-2.14
301581,黄山谷捷,50.19,50.15,50.19,49.25,49.45,50.2,49.11,673233.0,33492839.0,1.909,0.94
301584,建发致新,24.11,24.1,24.11,24.27,24.41,24.57,23.79,2099103.0,50566804.0,-0.659,-0.16
301585,蓝宇股份,27.99,27.96,27.99,28.62,28.62,28.71,27.68,1269969.0,35648706.0,-2.201,-0.63
301586,佳力奇,41.55,41.54,41.55,42.31,42.3,42.64,41.06,774100.0,32145467.0,-1.796,-0.76
301587,中瑞股份,29.2,29.2,29.21,29.09,29.5,29.88,28.72,6393658.0,187125467.0,0.378,0.11
301588,美新科技,41.31,41.31,41.33,40.13,40.84,43.33,40.21,17410904.0,723292080.0,2.94,1.18
301589,诺瓦星云,178.66,178.66,178.7,180.2,180.2,181.0,176.0,945412.0,168331068.0,-0.855,-1.54
301590,优优绿能,199.99,199.99,200.0,198.87,200.0,204.76,194.1,658962.0,131315806.0,0.563,1.12
301591,肯特股份,48.9,48.9,48.95,47.17,49.03,50.68,47.8,5607320.0,273979311.0,3.668,1.73
301592,六九一二,124.39,124.39,124.4,124.05,125.0,126.18,122.1,984430.0,122544650.0,0.274,0.34
301595,太力科技,48.24,48.24,48.25,48.92,48.48,50.61,47.58,2010796.0,98482127.0,-1.39,-0.68
301596,瑞迪智驱,89.46,89.46,89.48,89.5,89.0,91.0,86.91,2831515.0,250302951.0,-0.045,-0.04
301598,博科测试,64.16,64.13,64.16,65.95,66.13,66.52,63.35,964800.0,62001048.0,-2.714,-1.79
301599,理奇智能,64.01,64.01,64.02,71.3,67.93,68.78,63.01,21447546.0,1406091599.0,-10.224,-7.29
301600,慧翰股份,113.21,113.2,113.59,116.01,117.08,117.08,112.71,1038007.0,118630201.0,-2.414,-2.8
301601,惠通科技,20.2,20.2,20.21,20.42,20.43,20.78,19.96,1257300.0,25531559.0,-1.077,-0.22
301602,超研股份,17.75,17.75,17.76,17.54,17.54,17.96,17.51,1357688.0,24051419.0,1.197,0.21
301603,乔锋智能,135.3,135.25,135.3,137.8,138.17,139.67,131.26,3695830.0,493695218.0,-1.814,-2.5
301606,绿联科技,77.88,77.88,77.89,76.8,76.78,79.5,76.39,4595135.0,356671917.0,1.406,1.08
301607,富特科技,55.63,55.62,55.63,56.36,54.61,55.7,52.97,8879462.0,481220963.0,-1.295,-0.73
301608,博实结,64.66,64.66,64.72,63.73,64.3,64.98,63.0,2091172.0,133768886.0,1.459,0.93
301609,山大电力,49.05,49.05,49.07,48.74,48.81,50.4,48.12,2359847.0,116184185.0,0.636,0.31
301611,珂玛科技,112.46,112.46,112.47,117.04,117.04,117.04,111.0,15472103.0,1751314370.0,-3.913,-4.58
301613,新铝时代,44.67,44.67,44.7,45.6,45.78,46.1,44.6,1495750.0,67174869.0,-2.039,-0.93
301616,浙江华业,42.62,42.62,42.63,43.77,44.1,44.1,42.04,861400.0,36725530.0,-2.627,-1.15
301617,博苑新材,67.21,67.21,67.28,68.65,68.84,69.5,66.28,2636498.0,177587950.0,-2.098,-1.44
301618,长联科技,53.47,53.46,53.47,55.03,55.12,55.5,52.9,1433181.0,77096378.0,-2.835,-1.56
301622,英思特,60.28,60.26,60.28,60.8,60.35,61.5,58.8,2433600.0,145534114.0,-0.855,-0.52
301626,苏州天脉,309.97,309.96,309.97,288.62,291.72,313.5,287.8,3376112.0,1018012298.0,7.397,21.35
301628,强达电路,135.75,135.75,135.77,135.18,145.99,147.45,134.0,8991120.0,1249054757.0,0.422,0.57
301629,矽电股份,416.5,416.38,416.56,387.53,394.0,428.08,376.23,2240546.0,915389159.0,7.476,28.97
301630,同宇新材,262.6,262.6,262.81,264.51,269.8,273.37,260.52,1249110.0,330730733.0,-0.722,-1.91
301631,壹连科技,133.15,133.12,133.15,136.8,136.87,137.85,130.41,2820860.0,375691012.0,-2.668,-3.65
301632,广东建科,18.37,18.37,18.39,18.62,18.64,18.95,18.29,2246114.0,41610656.0,-1.343,-0.25
301633,港迪技术,56.56,56.38,56.56,57.36,57.97,58.18,55.86,368694.0,20860738.0,-1.395,-0.8
301636,泽润新能,56.8,56.75,56.8,57.98,58.07,58.7,55.64,1244470.0,70455602.0,-2.035,-1.18
301638,南网数字,28.64,28.63,28.64,28.33,28.62,29.35,28.24,22465810.0,644343023.0,1.094,0.31
301656,联合动力,19.29,19.28,19.29,19.72,19.48,19.62,19.22,8510857.0,164834243.0,-2.181,-0.43
301658,首航新能,39.03,39.03,39.05,40.43,40.52,40.8,38.6,8406783.0,329863160.0,-3.463,-1.4
301662,宏工科技,160.57,160.57,160.59,165.33,166.0,166.5,157.7,1877367.0,302684731.0,-2.879,-4.76
301665,泰禾股份,24.8,24.77,24.8,24.69,24.82,25.0,24.45,2287650.0,56580977.0,0.446,0.11
301666,大普微,827.0,826.86,827.0,888.99,850.0,918.88,821.18,6590448.0,5667863078.0,-6.973,-61.99
301667,纳百川,102.81,102.81,102.82,105.23,104.11,107.5,102.0,4072603.0,425074807.0,-2.3,-2.42
301668,昊创瑞通,41.44,41.43,41.44,41.78,42.57,42.68,41.33,829648.0,34617676.0,-0.814,-0.34
301678,新恒汇,67.68,67.68,67.69,65.0,64.5,67.88,62.41,7210184.0,469483443.0,4.123,2.68
301680,固德电材,108.02,108.02,108.09,111.18,112.95,113.15,105.66,2156585.0,233280780.0,-2.842,-3.16
301682,宏明电子,166.7,166.7,166.71,169.65,176.44,177.97,163.0,6590532.0,1111080169.0,-1.739,-2.95
301683,慧谷新材,135.72,135.72,135.74,145.01,146.84,147.55,135.12,3726690.0,516860021.0,-6.406,-9.29
301687,新广益,64.38,64.38,64.39,61.99,62.51,64.64,62.0,5134229.0,324959912.0,3.855,2.39
301696,三瑞智能,148.1,148.09,148.1,151.35,150.98,152.9,146.0,6428914.0,956341868.0,-2.147,-3.25
302132,中航成飞,64.02,64.01,64.02,65.01,65.2,65.98,63.36,8512053.0,548574793.0,-1.523,-0.99
