代码,名称,最新价,买入,卖出,昨收,今开,最高,最低,成交量,成交额,涨跌幅,涨跌额
920000,安徽凤凰,14.39,14.39,14.43,14.37,14.24,14.53,14.24,564816.0,8141717.0,0.139,0.02
920001,纬达光电,11.51,11.51,11.52,11.65,11.72,11.79,11.46,1017565.0,11853121.0,-1.202,-0.14
920002,万达轴承,52.02,52.01,52.02,53.0,53.5,53.5,51.6,647262.0,33952777.0,-1.849,-0.98
920003,中诚咨询,15.59,15.59,15.62,15.95,16.09,16.09,15.59,387305.0,6103387.0,-2.257,-0.36
920005,鼎佳精密,24.56,24.52,24.56,24.68,24.75,24.9,24.31,288250.0,7085466.0,-0.486,-0.12
920006,晟楠科技,20.03,20.02,20.03,20.08,19.5,21.98,19.12,7121205.0,145620236.0,-0.249,-0.05
920007,酉立智能,33.1,33.1,33.2,34.16,34.4,34.4,32.92,203402.0,6797540.0,-3.103,-1.06
920008,成电光信,22.88,22.87,22.88,21.21,21.05,24.96,20.9,4036419.0,92525051.0,7.874,1.67
920009,丹娜生物,34.9,34.9,34.92,35.84,35.68,35.89,34.81,347273.0,12214296.0,-2.623,-0.94
920010,凯添燃气,9.94,9.94,9.96,10.05,10.15,10.56,9.81,14145042.0,144471530.0,-1.095,-0.11
920011,晨光电机,18.69,18.68,18.69,18.66,18.61,18.9,18.56,490538.0,9199441.0,0.161,0.03
920012,创达新材,49.07,49.07,49.2,48.95,49.2,50.76,48.74,656100.0,32696634.0,0.245,0.12
920014,特瑞斯,9.15,9.15,9.17,9.3,9.36,9.38,9.01,2523076.0,23158973.0,-1.613,-0.15
920015,锦华新材,37.99,37.99,38.0,39.01,39.0,39.38,37.77,1422960.0,54900583.0,-2.615,-1.02
920016,中草香料,14.43,14.43,14.44,14.86,14.77,14.79,14.2,1585392.0,22949077.0,-2.894,-0.43
920017,星昊医药,16.37,16.36,16.37,16.64,16.63,16.74,16.31,1116017.0,18378880.0,-1.623,-0.27
920018,宏远股份,15.73,15.73,15.74,15.55,15.51,15.78,15.42,968719.0,15142608.0,1.158,0.18
920019,铜冠矿建,18.17,18.16,18.17,16.11,16.4,19.37,16.01,11098059.0,199285009.0,12.787,2.06
920020,泰凯英,14.95,14.88,14.95,14.99,14.98,15.03,14.88,233698.0,3491155.0,-0.267,-0.04
920021,流金科技,8.05,8.04,8.05,8.97,8.67,8.8,8.03,42009030.0,349320053.0,-10.256,-0.92
920022,世昌股份,19.48,19.45,19.48,19.59,19.66,19.66,19.25,152436.0,2957057.0,-0.562,-0.11
920023,*ST田野,1.52,1.52,1.53,1.55,1.54,1.55,1.52,2406751.0,3689068.0,-1.935,-0.03
920026,卓兆点胶,19.13,19.12,19.13,19.53,19.5,19.5,18.91,2165688.0,41387802.0,-2.048,-0.4
920027,交大铁发,12.27,12.25,12.27,12.34,12.34,12.36,12.15,819890.0,10038908.0,-0.567,-0.07
920028,新恒泰,14.63,14.63,14.69,14.77,14.76,14.98,14.45,1133325.0,16653402.0,-0.948,-0.14
920029,开发科技,33.6,33.6,33.61,34.07,33.81,34.59,33.49,978786.0,33338246.0,-1.38,-0.47
920030,德众汽车,4.9,4.9,4.93,4.94,4.92,4.96,4.87,1065446.0,5234522.0,-0.81,-0.04
920033,康普化学,14.71,14.71,14.73,14.43,14.5,15.28,14.5,1782009.0,26466295.0,1.94,0.28
920035,精创电气,24.5,24.5,24.51,24.84,24.84,25.05,24.46,417691.0,10310884.0,-1.369,-0.34
920036,觅睿科技,31.64,31.64,31.68,32.72,32.99,32.99,31.55,751047.0,24032023.0,-3.301,-1.08
920037,广信科技,39.72,39.71,39.72,39.59,39.58,40.2,39.08,556991.0,22150510.0,0.328,0.13
920038,森合高科,38.39,38.39,38.4,36.95,36.53,38.9,36.5,4996264.0,190457563.0,3.897,1.44
920039,国义招标,8.12,8.11,8.12,8.35,8.28,8.3,8.08,1266171.0,10324832.0,-2.754,-0.23
920045,蘅东光,521.0,521.0,522.0,549.63,576.0,610.0,518.31,2663019.0,1494415990.0,-5.209,-28.63
920046,亿能电力,20.93,20.92,20.93,20.21,20.35,21.17,20.03,5431462.0,112898058.0,3.563,0.72
920047,诺思兰德,15.57,15.57,15.58,16.2,16.06,16.19,15.52,5364486.0,84491966.0,-3.889,-0.63
920050,爱伦医疗,28.84,28.72,28.83,28.75,28.63,28.97,28.41,191773.0,5509918.0,0.313,0.09
920055,隆源股份,26.36,26.36,26.45,26.53,26.54,26.78,26.26,267719.0,7091150.0,-0.641,-0.17
920056,能之光,14.93,14.92,14.93,15.67,15.51,15.74,14.92,1683471.0,25636768.0,-4.722,-0.74
920057,百甲科技,5.0,4.99,5.0,5.13,5.13,5.13,4.98,1424659.0,7165139.0,-2.534,-0.13
920058,华洋赛车,30.57,30.57,30.58,29.6,29.38,31.18,29.0,891825.0,26860998.0,3.277,0.97
920059,双英集团,13.08,13.08,13.09,13.46,13.5,13.58,13.01,3331462.0,44162208.0,-2.823,-0.38
920060,万源通,23.18,23.18,23.2,22.88,23.17,24.18,23.02,4205497.0,99653218.0,1.311,0.3
920061,西磁科技,18.14,18.13,18.14,18.33,18.21,18.55,17.98,777378.0,14153583.0,-1.037,-0.19
920062,科润智控,7.53,7.53,7.54,7.57,7.53,7.63,7.47,1316097.0,9930743.0,-0.528,-0.04
920065,千岸科技,33.85,33.85,33.86,34.77,34.9,34.9,33.7,1903712.0,65068764.0,-2.646,-0.92
920066,科拜尔,18.48,18.4,18.48,18.62,18.62,19.08,18.3,568462.0,10637526.0,-0.752,-0.14
920068,天工股份,17.0,17.0,17.01,17.12,17.12,17.22,16.7,1470316.0,24881295.0,-0.701,-0.12
920069,普昂医疗,33.62,33.62,33.63,33.45,33.49,34.15,33.2,319615.0,10792484.0,0.508,0.17
920071,金钛股份,26.39,26.38,26.39,25.0,24.12,27.47,24.01,15456347.0,400039834.0,5.56,1.39
920072,科莱瑞迪,23.47,23.47,23.51,23.95,24.09,24.09,23.41,725382.0,17132745.0,-2.004,-0.48
920075,柏星龙,17.57,17.57,17.58,19.01,18.5,18.54,17.46,5036667.0,89712157.0,-7.575,-1.44
920076,国亮新材,13.03,12.98,13.03,13.02,12.93,13.1,12.89,580551.0,7545442.0,0.077,0.01
920077,吉林碳谷,14.22,14.22,14.23,14.11,14.04,14.46,14.04,3685866.0,52591518.0,0.78,0.11
920078,族兴新材,18.81,18.81,18.82,19.26,19.23,19.58,18.75,1718430.0,32884424.0,-2.336,-0.45
920079,乔路铭,13.48,13.48,13.49,13.61,13.63,13.66,13.48,1834043.0,24835122.0,-0.955,-0.13
920080,奥美森,21.97,21.75,21.97,22.1,22.1,22.13,21.66,487028.0,10652712.0,-0.588,-0.13
920081,欧伦电气,41.95,41.92,41.95,42.75,42.9,43.24,41.95,799070.0,33846106.0,-1.871,-0.8
920082,方正阀门,8.35,8.3,8.35,8.48,8.44,8.49,8.29,1194199.0,10027386.0,-1.533,-0.13
920083,金戈新材,37.71,37.71,37.72,37.2,36.86,40.15,36.86,3976502.0,153311260.0,1.371,0.51
920086,科马材料,20.62,20.62,20.66,20.86,20.86,20.93,20.4,549354.0,11370462.0,-1.151,-0.24
920087,秋乐种业,18.28,18.28,18.29,19.54,18.85,19.59,18.0,20500043.0,378912293.0,-6.448,-1.26
920088,科力股份,49.1,49.07,49.1,49.87,49.4,50.5,47.51,6136193.0,300545016.0,-1.544,-0.77
920089,禾昌聚合,10.25,10.24,10.25,10.3,10.33,10.36,10.2,770900.0,7923724.0,-0.485,-0.05
920090,*ST同辉,3.6,3.6,3.61,3.61,3.6,3.62,3.58,1082410.0,3890976.0,-0.277,-0.01
920091,大鹏工业,28.47,28.44,28.47,29.03,29.73,29.73,28.29,412856.0,11833861.0,-1.929,-0.56
920092,汉鑫科技,26.66,26.6,26.66,27.11,27.05,27.34,26.41,1820442.0,48824266.0,-1.66,-0.45
920093,信胜科技,19.42,19.42,19.43,19.69,19.61,19.74,19.32,2305907.0,45017951.0,-1.371,-0.27
920096,嘉晨智能,32.71,32.71,32.72,33.37,33.2,33.53,32.57,774223.0,25535616.0,-1.978,-0.66
920098,科隆新材,20.15,20.14,20.15,19.7,19.68,20.5,19.31,2718150.0,54635271.0,2.284,0.45
920099,瑞华技术,17.54,17.54,17.55,17.79,17.75,17.75,17.21,1287272.0,22488587.0,-1.405,-0.25
920100,三协电机,30.82,30.82,30.9,31.18,30.81,31.25,30.5,1186150.0,36618734.0,-1.155,-0.36
920101,志高机械,16.74,16.74,16.82,16.88,16.88,17.02,16.71,221341.0,3728302.0,-0.829,-0.14
920106,林泰新材,37.31,37.31,37.34,37.15,37.57,38.36,36.88,639058.0,24002652.0,0.431,0.16
920107,恒兴股份,19.99,19.99,20.02,20.52,20.58,20.59,19.91,1771685.0,35862375.0,-2.583,-0.53
920108,宏海科技,9.18,9.16,9.18,9.28,9.26,9.32,9.11,520668.0,4794965.0,-1.078,-0.1
920110,雷特科技,26.96,26.96,26.97,26.96,27.14,27.22,26.52,155571.0,4179437.0,0.0,0.0
920111,聚星科技,27.41,27.41,27.44,27.83,27.69,28.13,27.32,1660181.0,45960630.0,-1.509,-0.42
920112,巴兰仕,15.48,15.48,15.52,15.65,15.65,15.77,15.47,258433.0,4023236.0,-1.086,-0.17
920116,星图测控,44.89,44.89,44.9,45.04,45.09,46.26,44.78,1783569.0,81017901.0,-0.333,-0.15
920117,龙鑫智能,26.5,26.49,26.5,27.5,27.52,27.78,26.32,2598523.0,70118699.0,-3.636,-1.0
920118,太湖远大,21.76,21.72,21.76,22.15,22.14,22.18,21.56,510220.0,11143531.0,-1.761,-0.39
920119,美德乐,58.93,58.92,58.93,57.58,57.55,58.96,57.36,1033546.0,60333125.0,2.345,1.35
920121,江天科技,28.29,28.29,28.48,28.83,28.64,28.85,28.23,152235.0,4330435.0,-1.873,-0.54
920122,中纺标,24.16,24.15,24.16,25.01,24.66,25.09,24.12,1100584.0,26979699.0,-3.399,-0.85
920123,芭薇股份,11.4,11.39,11.4,11.88,11.77,11.81,11.32,1535262.0,17694708.0,-4.04,-0.48
920124,南特科技,12.28,12.27,12.28,12.38,12.39,12.45,12.26,461807.0,5694549.0,-0.808,-0.1
920125,鸿仕达,136.0,136.0,136.2,133.48,132.53,137.81,128.51,1636274.0,219948481.0,1.888,2.52
920126,永大股份,10.47,10.46,10.47,10.69,10.77,10.77,10.43,2001192.0,21113217.0,-2.058,-0.22
920128,胜业电气,20.4,20.4,20.41,18.33,18.31,22.44,18.31,6477824.0,134176929.0,11.293,2.07
920130,立方控股,17.39,17.39,17.4,17.7,17.52,17.7,17.11,1692047.0,29447433.0,-1.751,-0.31
920132,泰鹏智能,9.28,9.27,9.28,9.5,9.55,9.63,9.26,543304.0,5095884.0,-2.316,-0.22
920136,永励精密,21.83,21.83,21.84,21.78,21.88,22.12,21.66,1003762.0,21976472.0,0.23,0.05
920138,杰理科技,32.62,32.62,32.63,33.72,33.85,33.88,32.52,3114741.0,103075297.0,-3.262,-1.1
920139,华岭股份,14.94,14.93,14.94,15.19,15.2,15.49,14.91,3841409.0,58437620.0,-1.646,-0.25
920145,恒合股份,10.67,10.67,10.69,10.78,10.78,10.92,10.6,277672.0,2980942.0,-1.02,-0.11
920146,华阳变速,5.23,5.22,5.23,5.35,5.37,5.39,5.21,1515771.0,7980254.0,-2.243,-0.12
920149,旭杰科技,8.95,8.95,8.96,9.13,9.19,9.19,8.82,1055677.0,9472529.0,-1.972,-0.18
920152,昆工科技,12.97,12.97,12.98,13.11,13.11,13.27,12.96,873868.0,11435842.0,-1.068,-0.14
920156,海昌智能,36.29,36.28,36.29,36.34,36.39,36.87,36.14,632215.0,23068871.0,-0.138,-0.05
920158,长江能科,8.63,8.63,8.64,8.96,8.94,8.94,8.61,2575063.0,22420211.0,-3.683,-0.33
920159,农大科技,36.44,36.44,36.46,35.9,35.04,37.61,34.8,3432726.0,124554557.0,1.504,0.54
920160,北矿检测,19.6,19.59,19.6,19.6,19.71,19.83,19.54,256748.0,5062693.0,0.0,0.0
920161,龙辰科技,21.15,21.15,21.16,21.37,21.03,21.96,21.03,3620653.0,77461124.0,-1.029,-0.22
920163,方大新材,10.86,10.86,10.9,11.1,11.08,11.11,10.8,389161.0,4255139.0,-2.162,-0.24
920165,珈凯生物,35.16,35.16,35.19,36.23,35.9,36.15,35.0,890157.0,31618235.0,-2.953,-1.07
920166,海圣医疗,20.31,20.31,20.34,20.53,20.53,20.53,20.21,274947.0,5584889.0,-1.072,-0.22
920167,同享科技,14.18,14.17,14.18,14.45,14.5,14.5,14.13,1164951.0,16617246.0,-1.869,-0.27
920168,通宝光电,16.0,15.99,16.0,16.13,16.06,16.15,15.85,268352.0,4293841.0,-0.806,-0.13
920169,七丰精工,23.0,23.0,23.01,22.1,21.89,23.37,21.61,5222434.0,118432310.0,4.072,0.9
920171,志晟信息,16.36,16.36,16.38,16.82,16.8,16.81,16.29,2127012.0,35135708.0,-2.735,-0.46
920174,五新智能,32.91,32.9,32.91,33.26,33.21,33.6,32.7,1050424.0,34730749.0,-1.052,-0.35
920175,东方碳素,7.98,7.98,8.0,8.04,8.0,8.15,7.95,1163890.0,9338782.0,-0.746,-0.06
920176,维琪科技,65.85,65.85,65.87,71.8,69.39,69.41,65.51,2374931.0,159296165.0,-8.287,-5.95
920177,恒道科技,23.75,23.75,23.78,24.04,24.05,24.13,23.63,188665.0,4509736.0,-1.206,-0.29
920178,锐翔智能,94.78,94.78,94.86,95.62,98.0,103.88,94.78,1813959.0,179911361.0,-0.878,-0.84
920179,凯德石英,55.9,55.9,55.91,54.62,55.15,56.96,55.1,3749950.0,210511963.0,2.343,1.28
920180,爱得科技,12.3,12.26,12.3,11.97,12.03,12.46,11.89,1355936.0,16594360.0,2.757,0.33
920181,赛英电子,68.66,68.66,68.74,68.31,68.42,70.62,68.36,535613.0,37157583.0,0.512,0.35
920183,海菲曼,31.05,31.05,31.09,31.73,31.49,31.87,31.05,327493.0,10301136.0,-2.143,-0.68
920184,国源科技,12.07,12.07,12.13,12.47,12.48,12.64,12.01,3004050.0,36636792.0,-3.208,-0.4
920185,贝特瑞,20.69,20.69,20.7,20.71,20.6,20.82,20.42,2855154.0,58886110.0,-0.097,-0.02
920186,中科仪,72.23,72.22,72.23,74.05,74.26,75.35,72.05,3017135.0,221806618.0,-2.458,-1.82
920187,通领科技,17.85,17.85,17.86,17.92,17.88,18.04,17.76,343527.0,6130780.0,-0.391,-0.07
920188,悦龙科技,23.25,23.25,23.26,23.81,23.57,23.7,23.24,965655.0,22596137.0,-2.352,-0.56
920189,康美特,20.37,20.37,20.38,21.0,20.8,21.28,20.24,4103768.0,85007988.0,-3.0,-0.63
920190,雷神科技,25.24,25.24,25.25,25.6,25.49,25.78,25.0,3480594.0,88261950.0,-1.406,-0.36
920191,瑞尔竞达,9.1,9.1,9.11,9.14,9.18,9.23,9.08,756955.0,6916971.0,-0.438,-0.04
920193,吉和昌,30.11,30.11,30.16,30.54,30.54,31.2,29.88,1856549.0,56576754.0,-1.408,-0.43
920195,三祥科技,13.06,13.06,13.09,13.17,13.15,13.22,13.0,463646.0,6078112.0,-0.835,-0.11
920198,微创光电,8.09,8.08,8.09,8.23,8.17,8.26,8.06,1584957.0,12895331.0,-1.701,-0.14
920199,倍益康,25.05,25.04,25.05,26.23,26.1,26.54,25.05,965953.0,24676659.0,-4.499,-1.18
920200,振宏股份,26.22,26.22,26.27,26.85,26.85,27.1,26.21,936110.0,24959213.0,-2.346,-0.63
920204,沪江材料,13.62,13.62,13.64,13.68,13.56,13.74,13.4,411726.0,5596180.0,-0.439,-0.06
920206,彩客科技,40.67,40.67,40.69,41.77,41.5,42.68,40.6,1810186.0,74953894.0,-2.633,-1.1
920207,众诚科技,21.38,21.38,21.5,22.19,22.0,22.34,21.3,1586562.0,34453552.0,-3.65,-0.81
920208,青矩技术,12.6,12.6,12.64,12.95,12.96,12.97,12.5,3293016.0,41645731.0,-2.703,-0.35
920211,新睿电子,94.3,94.0,94.3,96.25,96.79,97.04,93.05,290175.0,27570804.0,-2.026,-1.95
920212,智新电子,11.42,11.42,11.43,11.7,11.65,11.7,11.36,3114920.0,35775082.0,-2.393,-0.28
920218,新天力,15.3,15.3,15.34,15.58,15.58,15.58,15.2,812965.0,12483015.0,-1.797,-0.28
920220,朗信电气,41.67,41.66,41.67,42.38,42.6,43.03,41.56,594309.0,24957743.0,-1.675,-0.71
920221,易实精密,12.83,12.83,12.9,13.1,13.16,13.17,12.81,752999.0,9778109.0,-2.061,-0.27
920222,益坤电气,28.3,28.29,28.3,30.19,29.65,30.0,28.0,2662314.0,76317246.0,-6.26,-1.89
920223,荣亿精密,14.64,14.64,14.65,15.84,15.6,15.94,14.51,9927577.0,149462708.0,-7.576,-1.2
920225,利通科技,16.7,16.7,16.75,17.39,17.39,17.52,16.62,4435737.0,75464730.0,-3.968,-0.69
920227,美登科技,48.85,48.71,48.85,50.12,49.78,49.78,48.2,449677.0,22044644.0,-2.534,-1.27
920230,欧康医药,11.64,11.62,11.64,11.35,11.35,12.5,11.23,6890192.0,81969337.0,2.555,0.29
920237,力佳科技,11.72,11.7,11.72,11.82,11.85,11.93,11.6,738696.0,8648489.0,-0.846,-0.1
920238,长鹰硬科,65.11,65.11,65.12,67.15,67.29,67.92,65.0,1698632.0,112756249.0,-3.038,-2.04
920239,长虹能源,21.69,21.69,21.74,21.7,21.7,21.83,21.42,628053.0,13561388.0,-0.046,-0.01
920242,建邦科技,14.16,14.16,14.18,14.5,14.5,14.56,14.08,543702.0,7777509.0,-2.345,-0.34
920245,威博液压,14.47,14.47,14.49,14.41,14.35,14.62,14.25,799990.0,11563802.0,0.416,0.06
920247,华密新材,14.72,14.72,14.73,14.85,14.89,14.97,14.6,1569750.0,23154161.0,-0.875,-0.13
920249,利尔达,9.11,9.11,9.12,9.31,9.29,9.46,9.11,4300961.0,39961607.0,-2.148,-0.2
920252,天宏锂电,15.37,15.37,15.38,15.7,15.7,15.74,15.35,860301.0,13333397.0,-2.102,-0.33
920258,聚仁新材,11.04,11.04,11.05,11.24,11.24,11.29,10.98,1841279.0,20460612.0,-1.779,-0.2
920260,中寰股份,8.66,8.57,8.66,8.75,8.75,8.78,8.5,629863.0,5444041.0,-1.029,-0.09
920261,一诺威,13.95,13.95,13.96,14.09,14.14,14.14,13.82,837299.0,11698605.0,-0.994,-0.14
920262,太湖雪,15.03,15.03,15.08,15.52,15.74,15.84,14.96,1628740.0,24805172.0,-3.157,-0.49
920263,中航泰达,6.9,6.89,6.9,7.16,7.12,7.15,6.89,1003054.0,7016280.0,-3.631,-0.26
920266,生物谷,7.37,7.36,7.37,7.54,7.51,7.54,7.33,1818878.0,13481914.0,-2.255,-0.17
920267,鑫汇科,16.52,16.49,16.52,16.83,16.95,16.95,16.3,1013920.0,16757165.0,-1.842,-0.31
920268,N百迈科,26.88,26.88,26.89,17.1,32.86,33.1,26.66,9489804.0,270402182.0,57.193,9.78
920269,杰锋动力,35.15,35.15,35.17,35.85,35.98,36.49,35.0,2401662.0,85441190.0,-1.953,-0.7
920270,天铭科技,11.97,11.97,11.98,12.16,12.08,12.26,11.95,472350.0,5693356.0,-1.563,-0.19
920271,邦德股份,9.42,9.4,9.42,9.49,9.52,9.53,9.32,488816.0,4595296.0,-0.738,-0.07
920273,一致魔芋,20.7,20.7,20.73,21.89,21.25,21.5,20.45,4687870.0,97688601.0,-5.436,-1.19
920274,宏裕包材,16.98,16.96,16.98,17.75,17.75,17.85,16.92,1762436.0,30348775.0,-4.338,-0.77
920275,驱动力,7.5,7.5,7.51,7.34,7.26,7.88,7.2,4467237.0,33699775.0,2.18,0.16
920278,鹿得医疗,6.56,6.52,6.56,6.64,6.63,6.63,6.49,907991.0,5953564.0,-1.205,-0.08
920284,灵鸽科技,16.59,16.57,16.59,16.75,16.74,16.84,16.49,1157701.0,19270313.0,-0.955,-0.16
920288,华大海天,18.05,18.05,18.07,18.39,18.3,18.55,17.76,3192283.0,57809131.0,-1.849,-0.34
920289,华汇智能,26.3,26.3,26.32,26.95,27.08,27.37,26.12,3619857.0,96627355.0,-2.412,-0.65
920299,灿能电力,15.31,15.31,15.32,15.06,15.2,15.5,14.99,1886197.0,28820638.0,1.66,0.25
920300,辰光医疗,9.93,9.91,9.93,10.07,10.1,10.1,9.87,664474.0,6628210.0,-1.39,-0.14
920304,迪尔化工,10.55,10.55,10.56,11.24,10.95,11.3,10.51,6436494.0,69703267.0,-6.139,-0.69
920339,恒太照明,10.68,10.65,10.68,10.71,10.81,10.81,10.55,543453.0,5815514.0,-0.28,-0.03
920344,三元基因,20.45,20.45,20.46,21.2,20.9,20.95,20.29,2461989.0,50754692.0,-3.538,-0.75
920346,威贸电子,15.62,15.62,15.68,15.74,15.71,16.08,15.62,1350754.0,17566373.0,-0.762,-0.12
920351,华光源海,14.27,14.25,14.27,14.38,14.27,15.1,14.05,3601498.0,52828173.0,-0.765,-0.11
920357,雅葆轩,15.26,15.26,15.27,15.49,15.5,15.88,15.23,2061002.0,32041422.0,-1.485,-0.23
920363,莱赛激光,10.43,10.43,10.44,10.64,10.71,10.74,10.33,1575828.0,16518224.0,-1.974,-0.21
920367,新赣江,26.02,26.01,26.02,27.75,26.7,27.48,25.93,4889355.0,130356402.0,-6.234,-1.73
920368,连城数控,23.65,23.64,23.65,23.52,23.48,23.94,23.36,2158837.0,50999332.0,0.553,0.13
920370,新安洁,3.04,3.03,3.04,3.1,3.12,3.12,3.03,2127304.0,6525815.0,-1.935,-0.06
920371,欧福蛋业,9.5,9.49,9.5,10.25,9.6,9.88,9.11,23734365.0,222946300.0,-7.317,-0.75
920374,云里物里,15.82,15.82,15.85,15.97,15.97,16.35,15.8,830447.0,13393196.0,-0.939,-0.15
920375,派诺科技,6.69,6.68,6.69,6.84,6.84,6.87,6.66,1996210.0,13506038.0,-2.193,-0.15
920378,泰德股份,7.21,7.18,7.21,7.31,7.26,7.35,7.17,457394.0,3310530.0,-1.368,-0.1
920392,佳合科技,14.7,14.7,14.71,14.55,14.56,14.71,14.13,1727537.0,24989473.0,1.031,0.15
920394,民士达,45.65,45.65,45.68,46.01,46.39,46.39,45.3,649300.0,29671361.0,-0.782,-0.36
920395,朗鸿科技,7.25,7.19,7.25,7.36,7.33,7.36,7.18,595003.0,4317941.0,-1.495,-0.11
920396,常辅股份,20.05,20.05,20.06,19.82,19.82,20.28,19.71,1215391.0,24363212.0,1.16,0.23
920402,硅烷科技,8.78,8.78,8.79,8.98,8.9,9.04,8.77,5811962.0,51684074.0,-2.227,-0.2
920403,康农种业,23.4,23.4,23.41,24.56,23.5,24.47,23.01,7533725.0,177623174.0,-4.723,-1.16
920405,海希通讯,15.75,15.75,15.8,16.0,15.93,15.97,15.73,348496.0,5521742.0,-1.563,-0.25
920407,驰诚股份,11.17,11.17,11.18,11.56,11.48,11.54,11.12,727938.0,8200012.0,-3.374,-0.39
920414,欧普泰,8.38,8.3,8.38,8.48,8.51,8.51,8.26,799397.0,6701659.0,-1.179,-0.1
920415,恒拓开源,9.41,9.4,9.41,9.65,9.76,9.78,9.38,1679373.0,15941714.0,-2.487,-0.24
920418,苏轴股份,18.41,18.41,18.42,18.77,18.77,18.77,18.36,989761.0,18317843.0,-1.918,-0.36
920419,路斯股份,12.02,12.02,12.03,12.45,12.28,12.55,11.86,2761255.0,33429901.0,-3.454,-0.43
920422,润普食品,10.13,10.13,10.14,10.54,10.32,10.44,10.05,3607829.0,36894764.0,-3.89,-0.41
920425,乐创技术,14.57,14.57,14.58,14.96,14.79,14.96,14.57,1692914.0,24956588.0,-2.607,-0.39
920427,华维设计,8.92,8.9,8.92,9.05,9.05,9.18,8.81,896021.0,8016173.0,-1.436,-0.13
920429,康比特,11.1,11.1,11.14,11.77,11.63,11.68,11.08,2913638.0,32997055.0,-5.692,-0.67
920433,大唐药业,4.93,4.92,4.93,5.1,5.05,5.08,4.91,2865747.0,14310713.0,-3.333,-0.17
920436,大地电气,11.69,11.68,11.69,11.79,11.9,12.0,11.62,1432290.0,16829704.0,-0.848,-0.1
920438,戈碧迦,97.12,97.11,97.12,95.91,97.39,100.5,96.33,3218715.0,317043512.0,1.262,1.21
920445,龙竹科技,7.55,7.54,7.55,7.63,7.62,7.8,7.51,3526844.0,26936808.0,-1.048,-0.08
920454,同心传动,11.53,11.43,11.53,11.72,11.66,11.7,11.4,697562.0,8042167.0,-1.621,-0.19
920455,汇隆活塞,6.65,6.63,6.65,6.72,6.78,6.78,6.61,643666.0,4297727.0,-1.042,-0.07
920469,富恒新材,6.12,6.1,6.12,6.27,6.27,6.31,6.01,3038989.0,18661651.0,-2.392,-0.15
920471,美邦科技,13.15,13.15,13.16,12.99,12.99,13.25,12.67,2841409.0,36939121.0,1.232,0.16
920475,三友科技,12.12,12.06,12.12,12.36,12.23,12.66,12.12,652574.0,8092622.0,-1.942,-0.24
920476,海能技术,23.38,22.95,23.38,23.02,22.99,23.39,22.85,1046225.0,24120771.0,1.564,0.36
920478,峆一药业,10.0,10.0,10.01,10.39,10.31,10.31,9.95,2346978.0,23672110.0,-3.754,-0.39
920489,佳先股份,12.56,12.55,12.56,12.63,12.62,12.94,12.53,2016537.0,25718044.0,-0.554,-0.07
920491,奥迪威,22.49,22.49,22.53,22.56,22.73,23.03,22.42,1554768.0,35295656.0,-0.31,-0.07
920493,并行科技,116.0,116.0,116.07,115.3,115.89,116.87,113.62,1072401.0,123656988.0,0.607,0.7
920496,许昌智能,6.55,6.55,6.56,6.56,6.56,6.63,6.49,1624436.0,10664877.0,-0.152,-0.01
920504,博迅生物,18.93,18.93,19.05,19.47,19.47,19.66,18.82,463629.0,8857880.0,-2.773,-0.54
920505,九菱科技,27.49,27.49,27.5,27.9,27.69,28.29,27.3,583710.0,16183022.0,-1.47,-0.41
920508,殷图网联,15.7,15.69,15.7,15.77,15.6,15.92,15.45,391562.0,6104224.0,-0.444,-0.07
920509,同惠电子,21.65,21.64,21.65,21.21,21.21,22.62,21.01,5125387.0,112691202.0,2.074,0.44
920510,丰光精密,20.43,20.42,20.43,20.89,21.0,21.06,20.41,3228650.0,66744945.0,-2.202,-0.46
920519,万德股份,10.94,10.9,10.94,11.19,11.3,11.3,10.9,995664.0,11033454.0,-2.234,-0.25
920522,纳科诺尔,18.47,18.47,18.48,18.75,18.62,18.98,18.44,3630881.0,67872689.0,-1.493,-0.28
920523,德瑞锂电,15.36,15.33,15.36,15.45,15.39,15.49,15.32,476389.0,7328036.0,-0.583,-0.09
920526,凯华材料,19.6,19.59,19.6,20.09,20.09,20.58,19.22,1586658.0,31815954.0,-2.439,-0.49
920527,夜光明,16.21,16.21,16.22,16.1,16.08,16.79,15.79,2127022.0,34537030.0,0.683,0.11
920533,骏创科技,19.22,19.22,19.25,19.72,19.69,19.83,19.06,2146358.0,41550821.0,-2.535,-0.5
920541,铁大科技,10.15,10.13,10.14,10.16,10.1,10.2,10.05,552309.0,5583575.0,-0.098,-0.01
920547,无锡晶海,19.84,19.8,19.84,20.24,20.48,20.51,19.68,615018.0,12258376.0,-1.976,-0.4
920553,凯腾精工,7.17,7.16,7.17,7.27,7.27,7.34,7.14,874392.0,6321835.0,-1.376,-0.1
920556,雅达股份,6.97,6.97,7.0,7.0,6.99,7.05,6.94,979385.0,6845765.0,-0.429,-0.03
920564,天润科技,14.71,14.7,14.71,15.22,15.08,15.14,14.5,2041906.0,30172768.0,-3.351,-0.51
920566,梓橦宫,9.7,9.7,9.72,9.82,9.76,9.85,9.67,1339542.0,13038896.0,-1.222,-0.12
920570,坤博精工,24.68,24.65,24.68,25.21,25.17,25.32,24.68,362646.0,9041948.0,-2.102,-0.53
920571,国航远洋,10.54,10.54,10.55,10.27,10.2,11.27,10.01,42652528.0,459343336.0,2.629,0.27
920575,*ST康乐,5.11,5.11,5.13,5.15,5.06,5.28,5.05,3958109.0,20451172.0,-0.777,-0.04
920576,天力复合,40.08,40.08,40.09,39.63,39.88,41.36,39.2,2086247.0,84129436.0,1.136,0.45
920578,巨能股份,17.55,17.55,17.59,17.91,17.95,18.16,17.54,917816.0,16337522.0,-2.01,-0.36
920579,机科股份,14.53,14.53,14.59,14.74,14.79,14.81,14.53,472582.0,6926706.0,-1.425,-0.21
920580,科创新材,11.43,11.4,11.43,11.44,11.35,11.58,11.28,845139.0,9657160.0,-0.087,-0.01
920592,华信永道,25.57,25.56,25.57,26.2,26.29,26.77,25.41,4589918.0,119567259.0,-2.405,-0.63
920593,鼎智科技,23.63,23.63,23.69,24.08,24.08,24.27,23.57,1225540.0,29220562.0,-1.869,-0.45
920599,同力股份,18.32,18.32,18.33,18.33,18.3,18.46,18.0,2311395.0,42252305.0,-0.055,-0.01
920608,丰安股份,15.68,15.68,15.69,16.08,15.7,16.6,15.26,3632608.0,57562791.0,-2.488,-0.4
920627,力王股份,14.02,14.02,14.04,14.15,14.24,14.24,13.87,939556.0,13231746.0,-0.919,-0.13
920634,新威凌,17.77,17.77,17.78,17.83,17.54,18.26,17.32,2885560.0,51431838.0,-0.337,-0.06
920639,晨光电缆,6.5,6.49,6.5,6.36,6.33,6.66,6.31,3993954.0,26052670.0,2.201,0.14
920640,富士达,26.72,26.71,26.72,26.26,26.4,27.38,26.19,4147655.0,111488083.0,1.752,0.46
920641,格利尔,14.1,14.1,14.11,14.1,14.21,14.31,13.91,1441741.0,20412706.0,0.0,0.0
920642,通易航天,10.46,10.46,10.47,10.54,10.52,10.95,10.33,4464428.0,47540799.0,-0.759,-0.08
920651,天罡股份,25.42,25.27,25.42,25.41,25.22,25.51,25.1,127027.0,3220932.0,0.039,0.01
920656,海昇药业,15.14,15.12,15.14,15.3,15.2,15.3,14.94,522258.0,7860043.0,-1.046,-0.16
920662,方盛股份,20.3,20.3,20.38,20.56,20.85,20.85,20.18,1433513.0,29361114.0,-1.265,-0.26
920663,明阳科技,13.29,13.25,13.29,13.29,13.23,13.48,13.15,515688.0,6838086.0,0.0,0.0
920665,科强股份,9.05,9.05,9.06,9.23,9.16,9.28,8.99,1142100.0,10403760.0,-1.95,-0.18
920670,数字人,13.19,13.19,13.2,13.54,13.18,13.4,13.06,1824301.0,24106644.0,-2.585,-0.35
920675,秉扬科技,7.95,7.95,7.96,8.15,8.1,8.1,7.87,1248834.0,9957282.0,-2.454,-0.2
920679,前进科技,16.08,16.1,16.2,16.52,16.75,16.75,16.01,342555.0,5544645.0,-2.663,-0.44
920682,球冠电缆,6.26,6.25,6.26,6.06,6.06,6.27,6.02,5312023.0,32850933.0,3.3,0.2
920685,新芝生物,12.41,12.41,12.45,12.74,12.75,12.75,12.36,819062.0,10228600.0,-2.59,-0.33
920689,克莱特,20.91,20.9,20.91,20.86,20.88,21.43,20.57,707946.0,14878770.0,0.24,0.05
920690,捷众科技,15.44,15.44,15.45,16.41,16.33,16.4,15.4,1782623.0,28334700.0,-5.911,-0.97
920693,阿为特,23.92,23.88,23.92,24.6,24.63,24.86,23.76,641300.0,15535955.0,-2.764,-0.68
920694,中裕科技,17.18,17.18,17.19,17.1,17.29,17.6,16.81,1282120.0,22155517.0,0.468,0.08
920699,海达尔,71.39,71.38,71.39,73.68,74.41,75.91,71.1,526331.0,38535402.0,-3.108,-2.29
920701,豪声电子,11.53,11.51,11.53,11.88,11.95,11.95,11.43,1719562.0,19910444.0,-2.946,-0.35
920703,广厦环能,10.11,10.08,10.11,10.28,10.31,10.45,10.08,475631.0,4852340.0,-1.654,-0.17
920706,铁拓机械,15.07,15.07,15.08,15.25,15.25,15.48,14.88,1856932.0,28155613.0,-1.18,-0.18
920717,瑞星股份,7.21,7.21,7.22,7.35,7.35,7.4,7.16,1047968.0,7620954.0,-1.905,-0.14
920718,合肥高科,11.14,11.14,11.15,11.25,11.29,11.43,10.96,1553492.0,17398547.0,-0.978,-0.11
920719,宁新新材,7.37,7.37,7.39,7.53,7.53,7.57,7.36,1027324.0,7681180.0,-2.125,-0.16
920720,吉冈精密,9.34,9.33,9.34,9.62,9.62,9.62,9.27,1488706.0,14019133.0,-2.911,-0.28
920725,惠丰钻石,95.3,95.3,95.31,89.98,87.32,98.88,87.23,7337295.0,693519709.0,5.912,5.32
920726,朱老六,17.49,17.49,17.52,18.48,18.02,18.19,17.37,4556558.0,80521938.0,-5.357,-0.99
920729,永顺生物,7.26,7.26,7.32,7.52,7.42,7.57,7.2,1847864.0,13678107.0,-3.457,-0.26
920735,德源药业,25.95,25.95,25.98,26.67,26.4,26.47,25.86,1915716.0,50047736.0,-2.7,-0.72
920748,路桥信息,31.66,31.65,31.66,34.35,33.87,33.91,31.06,3737548.0,119691779.0,-7.831,-2.69
920751,惠同新材,15.91,15.91,15.95,16.09,15.98,16.14,15.9,609459.0,9752748.0,-1.119,-0.18
920753,天纺标,15.72,15.72,15.77,16.08,16.0,16.07,15.68,683157.0,10825784.0,-2.239,-0.36
920765,美之高,12.19,12.19,12.23,12.21,12.15,12.34,12.1,633965.0,7739718.0,-0.164,-0.02
920768,拾比佰,7.47,7.44,7.47,7.52,7.51,7.57,7.42,1068237.0,7993426.0,-0.665,-0.05
920770,艾能聚,10.66,10.59,10.66,10.55,10.58,10.83,10.42,2365910.0,25183121.0,1.043,0.11
920779,武汉蓝电,23.71,23.71,23.78,23.8,23.84,24.16,23.49,682005.0,16261181.0,-0.378,-0.09
920781,瑞奇智造,6.01,6.0,6.01,6.1,6.13,6.15,5.97,1615397.0,9777488.0,-1.475,-0.09
920786,骑士乳业,9.2,9.2,9.22,9.73,9.39,9.8,9.05,25304095.0,237088256.0,-5.447,-0.53
920790,联迪信息,25.7,25.7,25.71,25.83,25.58,26.2,25.2,2494637.0,63988319.0,-0.503,-0.13
920792,东和新材,9.66,9.66,9.7,9.69,9.76,9.77,9.62,280400.0,2718032.0,-0.31,-0.03
920799,艾融软件,34.17,34.17,34.18,34.43,34.03,34.95,33.5,4784695.0,164291349.0,-0.755,-0.26
920802,保丽洁,11.31,11.3,11.31,11.32,11.32,11.42,11.16,340052.0,3839328.0,-0.088,-0.01
920806,云星宇,10.52,10.51,10.52,10.72,10.7,10.73,10.5,1688477.0,17869321.0,-1.866,-0.2
920807,奔朗新材,9.59,9.59,9.6,9.57,9.52,9.9,9.48,3671775.0,35571494.0,0.209,0.02
920808,曙光数创,62.3,62.3,62.31,62.18,63.0,63.47,61.59,1820280.0,113712415.0,0.193,0.12
920809,安达科技,7.42,7.42,7.43,7.52,7.52,7.55,7.4,5384878.0,40272623.0,-1.33,-0.1
920810,春光智能,9.54,9.54,9.55,9.17,9.17,9.59,9.14,2815631.0,26553674.0,4.035,0.37
920819,颖泰生物,3.41,3.4,3.41,3.38,3.34,3.54,3.34,13823580.0,47204022.0,0.888,0.03
920821,则成电子,23.02,23.02,23.03,22.18,22.77,25.77,22.69,13640476.0,326704740.0,3.787,0.84
920826,盖世食品,9.85,9.85,9.86,10.45,10.3,10.33,9.66,11427426.0,113078655.0,-5.742,-0.6
920832,齐鲁华信,6.59,6.55,6.59,6.62,6.62,6.7,6.52,666099.0,4388691.0,-0.453,-0.03
920833,美心翼申,10.42,10.42,10.48,10.89,11.0,11.15,10.42,1237966.0,13223194.0,-4.316,-0.47
920834,三维装备,9.98,9.98,9.99,10.44,10.21,10.33,9.97,2906703.0,29410349.0,-4.406,-0.46
920837,华原股份,10.23,10.23,10.25,10.48,10.41,10.43,10.17,1220652.0,12548701.0,-2.385,-0.25
920839,万通液压,24.97,24.9,24.97,24.95,25.01,25.35,24.72,534006.0,13375452.0,0.08,0.02
920855,浙江大农,14.49,14.49,14.5,15.8,15.3,15.71,14.44,4533281.0,67474989.0,-8.291,-1.31
920856,浩淼科技,12.48,12.43,12.48,12.43,12.43,12.67,12.21,1078264.0,13399767.0,0.402,0.05
920857,泓禧科技,21.15,20.78,21.15,21.13,20.97,21.54,20.6,737499.0,15533135.0,0.095,0.02
920866,绿亨科技,7.56,7.56,7.58,7.77,7.67,7.83,7.28,9651831.0,72298825.0,-2.703,-0.21
920870,恒进感应,11.82,11.82,11.83,12.03,11.96,12.17,11.82,599628.0,7170128.0,-1.746,-0.21
920871,派特尔,11.36,11.26,11.36,11.54,11.55,11.55,11.23,828104.0,9428193.0,-1.56,-0.18
920873,中设咨询,7.1,7.1,7.11,7.29,7.1,7.25,7.06,1784163.0,12700614.0,-2.606,-0.19
920876,慧为智能,17.54,17.53,17.54,18.25,18.3,18.3,17.48,1781594.0,31636473.0,-3.89,-0.71
920879,基康技术,12.97,12.96,12.97,13.39,13.5,13.5,12.97,1194467.0,15739508.0,-3.137,-0.42
920885,星辰科技,12.7,12.69,12.7,12.74,12.7,13.04,12.52,1958679.0,25024677.0,-0.314,-0.04
920892,广咨国际,11.69,11.6,11.69,11.85,11.74,11.85,11.44,1984350.0,23022271.0,-1.35,-0.16
920895,花溪科技,31.4,31.4,31.41,30.2,28.95,31.4,28.66,9184951.0,276129693.0,3.974,1.2
920896,旺成科技,12.79,12.79,12.84,13.17,13.01,13.16,12.74,708046.0,9153867.0,-2.885,-0.38
920906,舜宇精工,16.25,16.25,16.33,16.46,16.64,16.64,16.2,383278.0,6260645.0,-1.276,-0.21
920914,远航精密,17.25,17.24,17.25,17.25,17.3,17.66,17.16,778393.0,13557460.0,0.0,0.0
920924,广脉科技,15.22,15.22,15.27,15.8,15.65,16.15,15.11,3954877.0,61628912.0,-3.671,-0.58
920925,锦好医疗,11.75,11.72,11.75,12.09,12.09,12.09,11.68,1455864.0,17213966.0,-2.812,-0.34
920926,鸿智科技,10.45,10.45,10.47,10.78,10.71,10.82,10.42,457033.0,4822499.0,-3.061,-0.33
920931,无锡鼎邦,10.79,10.69,10.79,10.93,10.94,10.99,10.61,631447.0,6833983.0,-1.281,-0.14
920932,科达自控,11.06,11.06,11.07,11.4,11.31,11.33,10.96,1548325.0,17300617.0,-2.982,-0.34
920942,恒立钻具,18.08,18.08,18.09,18.47,18.46,18.55,17.97,751297.0,13674246.0,-2.112,-0.39
920943,优机股份,15.35,15.35,15.38,15.34,15.37,15.86,15.22,1649525.0,25571042.0,0.065,0.01
920946,森萱医药,10.7,10.69,10.7,10.58,10.5,10.78,10.34,7633123.0,80837914.0,1.134,0.12
920950,迅安科技,13.7,13.61,13.71,13.81,13.85,13.85,13.52,150338.0,2052898.0,-0.797,-0.11
920953,国子软件,22.83,22.83,22.84,23.4,23.42,23.64,22.66,1031864.0,23809742.0,-2.436,-0.57
920957,汉维科技,10.03,10.01,10.03,10.4,10.43,10.43,10.0,923892.0,9393075.0,-3.558,-0.37
920961,创远信科,20.39,20.39,20.48,22.45,23.51,23.88,20.39,7290700.0,161140305.0,-9.176,-2.06
920964,润农节水,5.59,5.59,5.6,5.87,5.72,5.96,5.58,10653074.0,60778340.0,-4.77,-0.28
920970,大禹生物,7.43,7.42,7.43,7.63,7.51,7.83,7.31,12732854.0,95979675.0,-2.621,-0.2
920971,天马新材,27.16,27.16,27.17,27.56,27.32,28.32,27.03,4244085.0,117307648.0,-1.451,-0.4
920974,凯大催化,6.65,6.6,6.65,6.69,6.75,6.75,6.55,1358925.0,9036235.0,-0.598,-0.04
920976,视声智能,21.5,21.45,21.5,21.95,21.64,22.33,21.11,1403212.0,30508607.0,-2.05,-0.45
920978,开特股份,19.4,19.4,19.41,19.8,19.81,19.86,19.38,779952.0,15234397.0,-2.02,-0.4
920981,晶赛科技,30.46,30.45,30.46,30.07,30.68,31.3,30.01,2483909.0,76336170.0,1.297,0.39
920982,锦波生物,120.54,120.54,120.8,123.0,123.0,123.12,120.05,597171.0,72532790.0,-2.0,-2.46
920985,海泰新能,4.77,4.77,4.78,4.87,4.88,4.88,4.73,2346445.0,11247929.0,-2.053,-0.1
920992,中科美菱,11.83,11.83,11.86,11.97,12.09,12.44,11.75,1121847.0,13534944.0,-1.17,-0.14
600000,浦发银行,9.23,9.23,9.24,9.28,9.25,9.29,9.21,50532458.0,467549947.0,-0.539,-0.05
600004,白云机场,7.82,7.81,7.82,7.81,7.85,7.85,7.76,8589978.0,67049300.0,0.128,0.01
600006,东风股份,5.39,5.39,5.4,5.38,5.38,5.43,5.35,8110551.0,43736829.0,0.186,0.01
600007,中国国贸,19.31,19.31,19.32,19.23,19.25,19.45,19.14,1667995.0,32219419.0,0.416,0.08
600008,首创环保,2.83,2.82,2.83,2.83,2.83,2.84,2.81,51599544.0,145798019.0,0.0,0.0
600009,上海机场,23.78,23.78,23.79,23.85,23.8,23.87,23.62,5348105.0,127053059.0,-0.294,-0.07
600010,包钢股份,2.22,2.21,2.22,2.21,2.21,2.23,2.2,227290429.0,503522931.0,0.452,0.01
600011,华能国际,7.04,7.03,7.04,6.9,6.91,7.05,6.87,117166273.0,818190757.0,2.029,0.14
600012,皖通高速,15.86,15.86,15.87,16.04,16.01,16.06,15.6,9753869.0,154355872.0,-1.122,-0.18
600015,华夏银行,6.35,6.35,6.36,6.31,6.31,6.37,6.29,82190110.0,520704235.0,0.634,0.04
600016,民生银行,3.64,3.64,3.65,3.63,3.63,3.65,3.6,204689788.0,743787391.0,0.275,0.01
600017,日照港,2.92,2.91,2.92,2.88,2.87,2.93,2.86,38693802.0,112464349.0,1.389,0.04
600018,上港集团,5.5,5.49,5.5,5.44,5.43,5.53,5.39,51422103.0,281855426.0,1.103,0.06
600019,宝钢股份,5.9,5.9,5.91,5.83,5.81,5.91,5.79,112941019.0,663389109.0,1.201,0.07
600020,中原高速,3.94,3.93,3.94,3.93,3.92,3.96,3.9,12163594.0,47853034.0,0.254,0.01
600021,上海电力,13.66,13.66,13.67,13.5,13.47,13.67,13.41,27583280.0,374812979.0,1.185,0.16
600022,山东钢铁,1.36,1.36,1.37,1.35,1.35,1.38,1.34,114442019.0,155498266.0,0.741,0.01
600023,浙能电力,5.02,5.01,5.02,4.93,4.93,5.03,4.92,97715552.0,488224324.0,1.826,0.09
600025,华能水电,9.75,9.75,9.76,9.61,9.62,9.76,9.56,29180838.0,282628911.0,1.457,0.14
600026,中远海能,21.43,21.43,21.44,20.23,20.23,21.62,19.99,104276380.0,2207222104.0,5.932,1.2
600027,华电国际,4.9,4.9,4.91,4.84,4.84,4.91,4.81,83886600.0,408557812.0,1.24,0.06
600028,中国石化,5.61,5.61,5.62,5.59,5.58,5.65,5.53,227662290.0,1275247257.0,0.358,0.02
600029,南方航空,5.03,5.02,5.03,5.02,5.01,5.04,4.99,50580847.0,253814253.0,0.199,0.01
600030,中信证券,27.33,27.33,27.34,27.34,27.3,27.43,27.17,72013007.0,1965061395.0,-0.037,-0.01
600031,三一重工,20.22,20.22,20.23,19.97,19.95,20.28,19.72,68220922.0,1371106708.0,1.252,0.25
600032,浙江新能,7.0,6.99,7.0,6.88,6.91,7.04,6.83,18077382.0,125806237.0,1.744,0.12
600033,福建高速,3.66,3.65,3.66,3.64,3.63,3.66,3.6,20883530.0,76023094.0,0.549,0.02
600035,楚天高速,3.74,3.73,3.74,3.74,3.74,3.78,3.72,9809300.0,36742697.0,0.0,0.0
600036,招商银行,41.0,41.0,41.02,40.9,40.85,41.22,40.75,43207363.0,1773818777.0,0.244,0.1
600037,歌华有线,7.07,7.07,7.09,7.21,7.17,7.2,7.02,13960497.0,98767171.0,-1.942,-0.14
600038,中直股份,28.12,28.12,28.13,27.91,27.8,28.44,27.8,6278821.0,176947810.0,0.752,0.21
600039,四川路桥,9.24,9.24,9.25,9.21,9.22,9.3,9.14,12888128.0,118889725.0,0.326,0.03
600048,保利发展,5.22,5.22,5.23,5.28,5.28,5.28,5.19,112462897.0,586902090.0,-1.136,-0.06
600050,中国联通,4.21,4.2,4.21,4.24,4.24,4.26,4.19,110145760.0,463850205.0,-0.708,-0.03
600051,宁波联合,6.49,6.48,6.49,6.47,6.47,6.53,6.42,4262921.0,27625442.0,0.309,0.02
600052,东望时代,3.91,3.91,3.92,3.98,3.98,3.99,3.9,9809201.0,38533126.0,-1.759,-0.07
600053,*ST九鼎,8.02,7.99,8.02,8.17,8.15,8.17,7.92,2231400.0,17900133.0,-1.836,-0.15
600054,黄山旅游,11.71,11.7,11.71,11.76,11.75,11.8,11.55,11626551.0,135769249.0,-0.425,-0.05
600055,万东医疗,10.48,10.48,10.49,10.76,10.77,10.87,10.45,6191200.0,65406098.0,-2.602,-0.28
600056,中国医药,9.1,9.1,9.11,9.17,9.15,9.17,9.09,7250080.0,66069312.0,-0.763,-0.07
600057,厦门象屿,6.5,6.5,6.51,6.56,6.57,6.58,6.43,21614340.0,140438621.0,-0.915,-0.06
600058,五矿发展,9.71,9.71,9.72,9.75,9.7,9.77,9.67,5418800.0,52635503.0,-0.41,-0.04
600059,古越龙山,9.4,9.4,9.41,8.8,9.0,9.68,8.99,88860733.0,840980786.0,6.818,0.6
600060,海信视像,27.87,27.87,27.88,27.59,27.58,28.12,27.4,9375100.0,261224456.0,1.015,0.28
600061,国投资本,6.48,6.47,6.48,6.47,6.46,6.49,6.43,21579184.0,139378296.0,0.155,0.01
600062,华润双鹤,16.21,16.21,16.22,16.2,16.21,16.31,16.09,4550100.0,73798785.0,0.062,0.01
600063,皖维高新,5.64,5.63,5.64,5.61,5.59,5.67,5.58,23438836.0,131929648.0,0.535,0.03
600064,南京高科,7.76,7.76,7.77,7.76,7.76,7.84,7.72,12968759.0,100901194.0,0.0,0.0
600066,宇通客车,27.87,27.87,27.88,27.91,27.91,27.97,27.55,12931800.0,359454578.0,-0.143,-0.04
600067,冠城新材,2.9,2.9,2.91,2.92,2.91,2.93,2.88,17500700.0,50840587.0,-0.685,-0.02
600071,凤凰光学,16.91,16.9,16.91,16.84,16.89,17.1,16.84,2048900.0,34725213.0,0.416,0.07
600072,中船科技,9.15,9.15,9.16,9.03,9.03,9.24,8.98,25151690.0,229799420.0,1.329,0.12
600073,光明肉业,5.85,5.84,5.85,5.92,5.87,5.9,5.81,12822481.0,75154452.0,-1.182,-0.07
600075,新疆天业,5.15,5.15,5.16,5.01,5.01,5.2,4.97,41192563.0,211134989.0,2.794,0.14
600076,康欣新材,2.54,2.54,2.55,2.71,2.67,2.7,2.52,77197953.0,198585136.0,-6.273,-0.17
600078,澄星股份,11.13,11.12,11.13,11.1,11.12,11.18,10.97,21139579.0,234132437.0,0.27,0.03
600079,ST人福,18.61,18.61,18.62,18.8,18.8,18.8,18.58,8030300.0,149792648.0,-1.011,-0.19
600080,ST金花,4.98,4.98,4.99,5.0,5.0,5.07,4.94,2648300.0,13223939.0,-0.4,-0.02
600081,东风科技,10.43,10.42,10.43,10.43,10.43,10.5,10.37,1684117.0,17576835.0,0.0,0.0
600082,ST海泰,3.05,3.04,3.05,3.08,3.07,3.07,3.03,3960500.0,12058528.0,-0.974,-0.03
600084,*ST尼雅,4.33,4.32,4.33,4.38,4.39,4.48,4.3,3644900.0,15976876.0,-1.142,-0.05
600085,同仁堂,23.99,23.99,24.0,24.35,24.29,24.33,23.97,4608200.0,110885754.0,-1.478,-0.36
600088,中视传媒,12.54,12.54,12.55,13.14,13.0,13.08,12.3,17959300.0,225542438.0,-4.566,-0.6
600089,特变电工,19.28,19.28,19.29,19.08,19.09,19.29,18.95,69353235.0,1327074007.0,1.048,0.2
600094,大名城,4.06,4.05,4.06,4.14,4.13,4.16,4.05,22806800.0,93467600.0,-1.932,-0.08
600095,湘财股份,9.19,9.19,9.2,9.47,9.37,9.38,9.13,59251617.0,546511641.0,-2.957,-0.28
600096,云天化,31.62,31.61,31.62,31.91,31.63,31.9,31.11,40323254.0,1268548107.0,-0.909,-0.29
600097,开创国际,10.02,10.02,10.03,9.9,9.71,10.25,9.71,13195000.0,132534803.0,1.212,0.12
600098,广州发展,6.37,6.36,6.37,6.33,6.36,6.38,6.27,18343680.0,116209947.0,0.632,0.04
600099,林海股份,9.49,9.48,9.49,9.42,9.42,9.58,9.4,3428422.0,32542434.0,0.743,0.07
600100,同方股份,6.82,6.82,6.83,6.88,6.86,6.89,6.8,12648647.0,86406746.0,-0.872,-0.06
600101,明星电力,7.95,7.94,7.95,7.87,7.85,7.98,7.81,10479697.0,82893486.0,1.017,0.08
600103,青山纸业,3.94,3.94,3.95,4.05,4.03,4.15,3.9,400122749.0,1588161556.0,-2.716,-0.11
600104,上汽集团,10.93,10.92,10.93,10.71,10.71,10.99,10.67,66668577.0,724944527.0,2.054,0.22
600105,永鼎股份,41.48,41.48,41.49,39.11,40.5,42.32,40.0,173403430.0,7161382095.0,6.06,2.37
600106,重庆路桥,4.64,4.63,4.64,4.64,4.6,4.65,4.59,8775711.0,40524399.0,0.0,0.0
600107,*ST尔雅,6.2,6.17,6.2,6.29,6.1,6.35,6.08,1802100.0,11099398.0,-1.431,-0.09
600108,亚盛集团,5.71,5.71,5.72,5.28,5.78,5.81,5.55,789479606.0,4525026596.0,8.144,0.43
600109,国金证券,8.57,8.57,8.58,8.59,8.6,8.62,8.53,16365966.0,140327465.0,-0.233,-0.02
600110,诺德股份,11.26,11.26,11.27,11.48,11.5,11.62,11.22,112762000.0,1287869347.0,-1.916,-0.22
600111,北方稀土,38.9,38.9,38.91,39.04,38.9,39.15,38.68,25791700.0,1002239676.0,-0.359,-0.14
600113,浙江东日,32.34,32.34,32.35,31.63,31.8,32.79,31.22,11181105.0,358660581.0,2.245,0.71
600114,XD东睦股,28.59,28.58,28.59,28.73,28.7,29.04,28.41,9427357.0,271040924.0,-0.487,-0.14
600115,中国东航,3.51,3.51,3.52,3.49,3.48,3.52,3.45,129071643.0,450336144.0,0.573,0.02
600116,三峡水利,6.4,6.4,6.41,6.3,6.32,6.4,6.26,12942412.0,82209473.0,1.587,0.1
600117,西宁特钢,2.35,2.34,2.35,2.33,2.33,2.35,2.29,13972000.0,32529672.0,0.858,0.02
600118,中国卫星,58.36,58.36,58.37,57.86,57.89,58.89,57.35,22254857.0,1293909498.0,0.864,0.5
600119,*ST长投,5.22,5.19,5.22,5.22,5.19,5.28,5.12,2403000.0,12460740.0,0.0,0.0
600120,浙江东方,4.96,4.96,4.97,4.94,4.92,5.02,4.89,30988094.0,152764226.0,0.405,0.02
600121,郑州煤电,5.7,5.7,0.0,5.18,5.2,5.7,5.08,214930737.0,1165089405.0,10.039,0.52
600123,兰花科创,7.38,7.38,7.39,7.24,7.21,7.45,7.15,34813436.0,255475850.0,1.934,0.14
600125,铁龙物流,5.5,5.49,5.5,5.47,5.47,5.5,5.43,10162511.0,55653082.0,0.548,0.03
600126,杭钢股份,6.56,6.56,6.57,6.38,6.38,6.64,6.27,68198075.0,437172238.0,2.821,0.18
600127,金健米业,14.33,14.33,14.34,14.79,14.5,15.07,14.05,249819544.0,3614297526.0,-3.11,-0.46
600128,苏豪弘业,8.76,8.76,8.78,8.84,8.84,8.84,8.7,3396527.0,29763414.0,-0.905,-0.08
600129,太极集团,13.78,13.78,13.79,14.17,14.16,14.16,13.77,11056481.0,153425514.0,-2.752,-0.39
600130,波导股份,4.55,4.54,4.55,4.67,4.66,4.68,4.51,21874783.0,100044355.0,-2.57,-0.12
600131,国网信通,14.59,14.59,14.6,14.82,14.79,14.81,14.56,6156116.0,90022018.0,-1.552,-0.23
600132,重庆啤酒,39.71,39.71,39.72,40.07,39.97,40.21,39.59,2162182.0,86010712.0,-0.898,-0.36
600133,东湖高新,8.3,8.3,8.31,8.34,8.34,8.39,8.27,9695100.0,80718850.0,-0.48,-0.04
600135,乐凯胶片,7.68,7.67,7.68,7.68,7.67,7.75,7.65,5745010.0,44177042.0,0.0,0.0
600136,ST明诚,1.51,1.5,1.51,1.53,1.53,1.53,1.5,9461400.0,14299928.0,-1.307,-0.02
600137,浪莎股份,18.29,18.29,18.3,18.36,18.45,18.45,18.06,1158575.0,21153839.0,-0.381,-0.07
600138,中青旅,7.56,7.55,7.56,7.57,7.53,7.57,7.42,15217249.0,114113311.0,-0.132,-0.01
600141,兴发集团,31.5,31.49,31.5,31.92,31.5,31.76,31.09,30547008.0,958695003.0,-1.316,-0.42
600143,金发科技,13.54,13.54,13.55,13.76,13.72,13.76,13.53,22405742.0,304743119.0,-1.599,-0.22
600148,长春一东,16.64,16.64,16.65,16.47,16.4,16.9,16.2,3571126.0,59153332.0,1.032,0.17
600149,廊坊发展,5.21,5.2,5.21,5.19,5.16,5.27,5.16,8676238.0,45174967.0,0.385,0.02
600150,中国船舶,39.53,39.52,39.53,39.08,38.84,39.69,38.45,119354224.0,4688484622.0,1.151,0.45
600151,航天机电,9.91,9.9,9.91,9.77,9.77,10.07,9.72,25475701.0,252480488.0,1.433,0.14
600152,维科技术,8.18,8.18,8.19,8.18,8.16,8.24,8.09,8404201.0,68570116.0,0.0,0.0
600153,建发股份,8.42,8.42,8.43,8.42,8.42,8.47,8.32,11866800.0,99872695.0,0.0,0.0
600155,华创云信,6.1,6.1,6.11,6.19,6.17,6.18,6.08,23180329.0,141937462.0,-1.454,-0.09
600156,华升股份,8.69,8.69,8.7,8.83,8.79,8.87,8.61,9198985.0,80175953.0,-1.586,-0.14
600157,永泰能源,1.57,1.57,1.58,1.57,1.56,1.59,1.55,437718750.0,687866757.0,0.0,0.0
600158,中体产业,7.34,7.34,7.35,7.46,7.4,7.43,7.26,26285500.0,192286952.0,-1.609,-0.12
600159,大龙地产,2.8,2.8,2.81,2.85,2.83,2.84,2.78,20680553.0,57935239.0,-1.754,-0.05
600160,巨化股份,38.4,38.4,38.43,38.23,37.93,38.5,37.9,14741538.0,562857095.0,0.445,0.17
600161,天坛生物,12.56,12.56,12.57,12.73,12.67,12.76,12.54,9794560.0,123657010.0,-1.335,-0.17
600162,香江控股,5.22,5.22,5.23,5.5,5.55,5.63,5.18,242929583.0,1302236103.0,-5.091,-0.28
600163,中闽能源,5.4,5.39,5.4,5.26,5.25,5.41,5.21,27756873.0,148543654.0,2.662,0.14
600165,宁科生物,3.25,3.25,3.26,3.34,3.32,3.35,3.23,21293703.0,69915575.0,-2.695,-0.09
600166,福田汽车,2.91,2.91,2.92,2.92,2.92,2.93,2.89,68835102.0,200118796.0,-0.342,-0.01
600167,联美控股,5.9,5.89,5.9,5.84,5.84,5.92,5.78,7628926.0,44637754.0,1.027,0.06
600168,武汉控股,4.52,4.51,4.52,4.53,4.51,4.53,4.46,3735174.0,16813421.0,-0.221,-0.01
600169,ST太重,2.19,2.19,2.2,2.17,2.17,2.23,2.17,14198400.0,31198543.0,0.922,0.02
600170,上海建工,2.29,2.29,2.3,2.32,2.31,2.31,2.28,102037658.0,234251420.0,-1.293,-0.03
600171,上海贝岭,22.42,22.42,22.43,22.52,22.49,22.69,22.34,6598678.0,148507363.0,-0.444,-0.1
600172,黄河旋风,16.93,16.93,16.94,16.5,16.2,17.24,16.03,250564981.0,4197422824.0,2.606,0.43
600173,卧龙新能,6.22,6.22,6.23,6.29,6.29,6.29,6.2,3396600.0,21175835.0,-1.113,-0.07
600176,中国巨石,42.67,42.67,42.68,41.39,42.4,43.45,41.73,197200532.0,8408234978.0,3.093,1.28
600177,雅戈尔,8.32,8.32,8.33,8.27,8.25,8.35,8.23,23412614.0,194184239.0,0.605,0.05
600178,东安动力,10.15,10.15,10.16,10.04,9.99,10.23,9.98,7669511.0,77616187.0,1.096,0.11
600179,安通控股,4.64,4.64,4.65,4.54,4.56,4.66,4.51,40294743.0,185742038.0,2.203,0.1
600180,*ST瑞茂,1.54,1.54,1.55,1.57,1.57,1.59,1.52,13463610.0,20823545.0,-1.911,-0.03
600182,S佳通,12.96,12.96,12.98,13.04,13.04,13.09,12.93,1644700.0,21376622.0,-0.613,-0.08
600183,生益科技,148.16,148.16,148.17,146.28,147.9,151.88,146.51,58997034.0,8801337181.0,1.285,1.88
600184,光电股份,18.59,18.59,18.6,18.08,18.16,18.99,18.08,22632663.0,422203217.0,2.821,0.51
600185,珠免集团,5.3,5.3,5.31,5.39,5.36,5.38,5.21,58428661.0,309587153.0,-1.67,-0.09
600186,莲花控股,12.03,12.03,12.04,12.39,12.4,12.58,12.02,193885831.0,2369164098.0,-2.906,-0.36
600187,*ST国中,1.34,1.34,1.35,1.36,1.36,1.36,1.33,17343500.0,23282576.0,-1.471,-0.02
600188,兖矿能源,22.15,22.14,22.15,21.5,21.5,22.5,21.23,55533383.0,1218918235.0,3.023,0.65
600189,泉阳泉,8.2,8.19,8.2,8.15,8.11,8.29,8.08,10903499.0,89286886.0,0.613,0.05
600191,华资实业,11.2,11.19,11.2,10.88,10.88,11.44,10.77,26097566.0,289424313.0,2.941,0.32
600192,长城电工,7.89,7.89,0.0,7.17,7.17,7.89,7.11,30868609.0,237057143.0,10.042,0.72
600195,中牧股份,7.14,7.13,7.14,7.2,7.16,7.22,7.11,8363995.0,59894233.0,-0.833,-0.06
600196,复星医药,22.44,22.44,22.45,22.75,22.6,22.65,22.4,11926178.0,268035989.0,-1.363,-0.31
600197,伊力特,9.96,9.96,9.97,9.87,9.84,10.04,9.79,8298321.0,82417679.0,0.912,0.09
600198,大唐电信,7.95,7.94,7.95,7.68,7.66,8.26,7.63,39240000.0,313484260.0,3.516,0.27
600199,金种子酒,7.59,7.58,7.59,7.61,7.52,7.72,7.49,25799230.0,196281534.0,-0.263,-0.02
600201,生物股份,12.2,12.2,12.21,12.42,12.39,12.48,12.15,6963928.0,85431152.0,-1.771,-0.22
600202,哈空调,5.2,5.19,5.2,5.23,5.23,5.25,5.15,4018535.0,20884208.0,-0.574,-0.03
600203,福日电子,10.55,10.55,10.56,10.6,10.55,10.64,10.46,16896015.0,178448970.0,-0.472,-0.05
600206,有研新材,46.42,46.42,46.43,46.85,47.79,49.16,46.01,76590800.0,3638522944.0,-0.918,-0.43
600207,安彩高科,4.52,4.52,4.53,4.54,4.52,4.55,4.49,10487159.0,47454736.0,-0.441,-0.02
600208,衢州发展,2.89,2.89,2.9,2.93,2.92,2.93,2.88,65222100.0,189039597.0,-1.365,-0.04
600210,紫江企业,6.28,6.28,6.29,6.29,6.29,6.3,6.23,11137956.0,69793791.0,-0.159,-0.01
600211,西藏药业,38.05,38.05,38.06,38.32,38.4,38.4,37.92,2100878.0,79931305.0,-0.705,-0.27
600212,绿能慧充,6.44,6.43,6.44,6.54,6.55,6.58,6.4,8989294.0,57940574.0,-1.529,-0.1
600215,派斯林,6.68,6.67,6.68,6.79,6.82,6.82,6.65,3814550.0,25542995.0,-1.62,-0.11
600216,浙江医药,12.9,12.9,12.92,12.95,12.96,13.04,12.83,12647594.0,163537152.0,-0.386,-0.05
600217,中再资环,3.4,3.39,3.4,3.35,3.33,3.49,3.33,33466997.0,114539581.0,1.493,0.05
600218,全柴动力,7.94,7.93,7.94,7.92,7.9,8.0,7.87,4635500.0,36798335.0,0.253,0.02
600219,南山铝业,5.07,5.06,5.07,4.98,4.99,5.07,4.95,172495038.0,867580889.0,1.807,0.09
600221,海航控股,1.31,1.3,1.31,1.31,1.3,1.31,1.29,165088898.0,214788169.0,0.0,0.0
600222,太龙药业,8.22,8.21,8.22,8.39,8.39,8.42,8.15,11949300.0,98770224.0,-2.026,-0.17
600223,福瑞达,5.74,5.73,5.74,5.81,5.81,5.81,5.72,5818700.0,33444132.0,-1.205,-0.07
600226,亨通股份,5.9,5.9,5.91,5.86,5.85,6.0,5.84,77716614.0,460416950.0,0.683,0.04
600227,赤天化,4.92,4.91,4.92,4.96,5.08,5.35,4.83,427940366.0,2154320377.0,-0.806,-0.04
600228,返利科技,9.92,9.92,9.93,10.06,10.15,10.23,9.9,17553200.0,175770984.0,-1.392,-0.14
600229,城市传媒,5.56,5.55,5.56,5.75,5.51,5.75,5.46,17482205.0,97089923.0,-3.304,-0.19
600230,沧州大化,14.97,14.97,14.98,14.88,14.82,14.98,14.57,10864400.0,160831993.0,0.605,0.09
600231,凌钢股份,1.8,1.8,1.81,1.79,1.79,1.82,1.76,19464490.0,34924951.0,0.559,0.01
600232,金鹰股份,6.65,6.65,6.66,6.65,6.69,6.69,6.6,3467216.0,23041201.0,0.0,0.0
600233,圆通速递,16.8,16.8,16.81,16.67,16.63,16.84,16.55,15455424.0,257980428.0,0.78,0.13
600234,科新发展,23.02,23.01,23.02,21.54,21.8,23.69,21.73,10045300.0,234183718.0,6.871,1.48
600235,民丰特纸,6.0,6.0,6.01,6.02,6.02,6.04,5.96,2958649.0,17769051.0,-0.332,-0.02
600236,桂冠电力,9.95,9.94,9.95,9.68,9.66,9.98,9.63,13231432.0,130144761.0,2.789,0.27
600237,铜峰电子,8.26,8.26,8.27,8.28,8.29,8.44,8.21,23538596.0,196231186.0,-0.242,-0.02
600238,ST椰岛,4.57,4.57,4.58,4.59,4.6,4.6,4.51,3444700.0,15705322.0,-0.436,-0.02
600239,ST云城,1.47,1.46,1.47,1.46,1.47,1.48,1.45,18436900.0,26994097.0,0.685,0.01
600241,时代万恒,7.61,7.6,7.61,7.6,7.61,7.64,7.56,2495667.0,18965590.0,0.132,0.01
600243,*ST海华,3.52,3.51,3.52,3.65,3.62,3.64,3.48,4695300.0,16678752.0,-3.562,-0.13
600246,万通发展,12.41,12.41,12.42,12.68,12.79,13.0,12.38,78633819.0,997156536.0,-2.129,-0.27
600248,陕建股份,2.95,2.94,2.95,2.95,2.95,2.97,2.92,20509868.0,60513487.0,0.0,0.0
600249,两面针,5.55,5.55,5.56,5.57,5.57,5.71,5.49,9720051.0,54024566.0,-0.359,-0.02
600250,南京商旅,10.08,10.07,10.08,10.28,10.19,10.22,9.82,20129427.0,201212196.0,-1.946,-0.2
600251,冠农股份,12.05,12.05,12.06,11.86,11.68,12.31,11.68,53778562.0,646368589.0,1.602,0.19
600252,中恒集团,2.3,2.3,2.31,2.34,2.32,2.33,2.27,51923800.0,119570416.0,-1.709,-0.04
600255,鑫科材料,3.89,3.89,0.0,3.54,3.52,3.89,3.52,156453809.0,595074365.0,9.887,0.35
600256,广汇能源,7.42,7.41,7.42,7.21,7.24,7.48,7.17,182286070.0,1340129405.0,2.913,0.21
600257,大湖股份,6.08,6.07,6.08,6.04,6.01,6.15,6.0,28495886.0,172966657.0,0.662,0.04
600258,首旅酒店,11.87,11.87,11.88,12.02,12.0,12.0,11.73,20498464.0,242945666.0,-1.248,-0.15
600259,中稀有色,78.11,78.1,78.12,77.31,77.33,78.9,77.1,6730422.0,524076602.0,1.035,0.8
600261,阳光照明,3.26,3.26,3.27,3.27,3.28,3.29,3.25,6444100.0,21068626.0,-0.306,-0.01
600262,北方股份,15.91,15.9,15.91,15.83,15.8,15.99,15.68,5346500.0,84594381.0,0.505,0.08
600265,*ST景谷,22.96,22.96,22.99,23.2,23.2,23.2,22.88,413900.0,9528056.0,-1.034,-0.24
600266,城建发展,4.3,4.29,4.3,4.38,4.36,4.37,4.27,30926940.0,133235409.0,-1.826,-0.08
600267,海正药业,11.61,11.61,11.62,11.74,11.61,11.74,11.52,15580890.0,180900911.0,-1.107,-0.13
600268,国电南自,10.7,10.7,10.71,10.45,10.46,10.76,10.42,14163452.0,150709243.0,2.392,0.25
600269,赣粤高速,3.95,3.95,3.97,3.97,3.97,4.01,3.95,17625899.0,70075477.0,-0.504,-0.02
600271,航天信息,6.89,6.89,6.9,6.94,6.93,6.94,6.86,7417800.0,51138176.0,-0.72,-0.05
600272,开开实业,16.63,16.63,16.64,17.49,17.32,17.4,16.49,27013101.0,452143651.0,-4.917,-0.86
600273,嘉化能源,6.84,6.84,6.85,6.88,6.87,6.89,6.79,9876120.0,67543180.0,-0.581,-0.04
600276,恒瑞医药,44.71,44.71,44.72,45.71,45.6,45.6,44.64,71694388.0,3214392264.0,-2.188,-1.0
600278,东方创业,6.63,6.62,6.63,6.64,6.61,6.67,6.58,4357085.0,28862126.0,-0.151,-0.01
600279,重庆港,4.52,4.52,4.53,4.43,4.43,4.56,4.38,12485900.0,56112425.0,2.032,0.09
600280,中央商场,3.39,3.38,3.39,3.49,3.49,3.53,3.35,116602450.0,396579943.0,-2.865,-0.1
600281,华阳新材,4.96,4.95,4.96,4.88,4.88,4.96,4.87,12134649.0,59762415.0,1.639,0.08
600282,南钢股份,4.83,4.83,4.84,4.78,4.77,4.84,4.73,33744340.0,162160807.0,1.046,0.05
600283,钱江水利,8.31,8.31,8.32,8.32,8.36,8.46,8.3,4054400.0,33866829.0,-0.12,-0.01
600284,浦东建设,5.26,5.26,5.27,5.27,5.3,5.3,5.22,7978765.0,41916522.0,-0.19,-0.01
600285,羚锐制药,19.43,19.43,19.45,19.54,19.51,19.56,19.41,4502100.0,87644008.0,-0.563,-0.11
600287,苏豪时尚,5.14,5.14,5.17,5.19,5.19,5.19,5.12,2606157.0,13454100.0,-0.963,-0.05
600288,大恒科技,11.0,11.0,11.01,11.16,11.11,11.21,10.94,17888243.0,198113413.0,-1.434,-0.16
600289,ST信通,4.33,4.31,4.33,4.33,4.32,4.36,4.27,1226500.0,5300305.0,0.0,0.0
600292,电投水电,11.99,11.99,12.0,11.93,11.92,12.04,11.84,6569752.0,78491846.0,0.503,0.06
600293,三峡新材,3.02,3.01,3.02,3.0,3.01,3.04,2.99,23809436.0,71825757.0,0.667,0.02
600295,鄂尔多斯,14.05,14.05,14.06,13.88,13.84,14.1,13.63,9109488.0,126249711.0,1.225,0.17
600298,安琪酵母,41.61,41.61,41.75,41.9,41.49,41.87,41.08,4180951.0,173679396.0,-0.692,-0.29
600299,安迪苏,8.95,8.94,8.95,8.82,8.76,9.07,8.76,43125891.0,384709036.0,1.474,0.13
600300,维维股份,3.35,3.34,3.35,3.39,3.37,3.39,3.32,41004801.0,137201501.0,-1.18,-0.04
600301,华锡有色,47.45,47.45,47.46,46.11,46.15,48.11,46.15,10320586.0,486956722.0,2.906,1.34
600302,ST标准,7.53,7.52,7.53,7.29,7.36,7.77,7.24,8506459.0,63804479.0,3.292,0.24
600303,曙光股份,3.07,3.06,3.07,3.06,3.06,3.09,3.04,13612702.0,41771350.0,0.327,0.01
600305,恒顺醋业,6.93,6.93,6.94,6.96,7.0,7.01,6.89,8287371.0,57627500.0,-0.431,-0.03
600307,酒钢宏兴,1.56,1.55,1.56,1.54,1.54,1.57,1.52,64919680.0,100842670.0,1.299,0.02
600308,华泰股份,3.36,3.35,3.36,3.37,3.36,3.39,3.33,8687555.0,29153766.0,-0.297,-0.01
600309,万华化学,78.87,78.87,78.88,78.09,77.87,79.06,77.11,26444941.0,2069157360.0,0.999,0.78
600310,广西能源,4.63,4.62,4.63,4.53,4.51,4.63,4.48,43216283.0,197719924.0,2.208,0.1
600312,平高电气,19.73,19.73,19.74,19.62,19.7,19.94,19.46,14140652.0,279127644.0,0.561,0.11
600313,农发种业,8.37,8.37,8.38,7.96,7.8,8.59,7.65,181417589.0,1461751677.0,5.151,0.41
600315,上海家化,18.96,18.96,18.97,19.07,19.01,19.33,18.84,9808500.0,186690231.0,-0.577,-0.11
600316,洪都航空,34.16,34.15,34.16,32.47,32.67,34.94,32.35,22766175.0,775140746.0,5.205,1.69
600318,新力金融,7.35,7.35,7.36,7.52,7.43,7.5,7.24,56007178.0,411740918.0,-2.261,-0.17
600319,亚星化学,6.74,6.74,6.76,6.68,6.71,6.79,6.63,3553450.0,23880200.0,0.898,0.06
600320,振华重工,4.26,4.26,4.27,4.19,4.19,4.28,4.17,47568372.0,201331237.0,1.671,0.07
600322,津投城开,2.83,2.82,2.83,2.8,2.78,2.85,2.76,25824400.0,72511448.0,1.071,0.03
600323,瀚蓝环境,29.9,29.9,29.91,29.56,29.56,29.98,29.43,2662029.0,79229003.0,1.15,0.34
600325,华发股份,2.54,2.53,2.54,2.64,2.63,2.63,2.52,62022035.0,158379412.0,-3.788,-0.1
600326,西藏天路,7.31,7.31,7.32,7.45,7.44,7.45,7.28,22525517.0,165492733.0,-1.879,-0.14
600327,大东方,4.12,4.11,4.12,4.15,4.12,4.14,4.05,16619117.0,68176804.0,-0.723,-0.03
600328,中盐化工,6.45,6.45,6.46,6.49,6.49,6.54,6.43,14270864.0,92295375.0,-0.616,-0.04
600329,达仁堂,35.23,35.22,35.23,35.62,35.62,35.65,35.13,1761500.0,62218598.0,-1.095,-0.39
600330,天通股份,29.36,29.36,29.37,30.08,30.46,31.0,29.29,111381105.0,3337938860.0,-2.394,-0.72
600331,宏达股份,13.0,13.0,13.01,13.2,13.12,13.36,12.75,54395427.0,704601820.0,-1.515,-0.2
600332,白云山,20.19,20.19,20.2,20.28,20.25,20.28,20.13,5788102.0,116869393.0,-0.444,-0.09
600333,长春燃气,7.17,7.16,7.17,7.03,7.03,7.27,6.96,15486041.0,110454420.0,1.991,0.14
600335,国机汽车,5.29,5.29,5.3,5.3,5.29,5.35,5.28,10394722.0,55169115.0,-0.189,-0.01
600336,澳柯玛,6.79,6.79,6.8,6.88,6.83,6.9,6.68,9270257.0,62723450.0,-1.308,-0.09
600337,ST美克,3.11,3.11,3.12,3.16,3.12,3.18,3.1,8939100.0,27916265.0,-1.582,-0.05
600338,西藏珠峰,13.59,13.59,13.6,13.46,13.41,13.68,13.38,31438631.0,425362119.0,0.966,0.13
600339,中油工程,3.48,3.48,3.49,3.49,3.49,3.53,3.46,46430516.0,161964240.0,-0.287,-0.01
600340,*ST华幸,1.08,1.07,1.08,1.08,1.08,1.09,1.07,38016820.0,41034393.0,0.0,0.0
600343,航天动力,19.08,19.08,19.09,18.93,18.78,19.86,18.78,37554776.0,724328720.0,0.792,0.15
600345,长江通信,53.97,53.97,53.98,52.4,54.01,56.3,53.55,19887144.0,1089257181.0,2.996,1.57
600346,恒力石化,19.1,19.1,19.11,18.79,18.71,19.19,18.38,22113099.0,416444616.0,1.65,0.31
600348,华阳股份,9.55,9.54,9.55,8.88,8.88,9.58,8.87,86214199.0,812619176.0,7.545,0.67
600350,山东高速,9.96,9.96,9.97,10.02,9.98,10.03,9.91,12840695.0,127875437.0,-0.599,-0.06
600351,亚宝药业,6.91,6.9,6.91,7.01,6.97,7.02,6.85,22387359.0,155056326.0,-1.427,-0.1
600352,浙江龙盛,12.73,12.73,12.74,12.46,12.6,12.83,12.53,59034185.0,748601347.0,2.167,0.27
600353,旭光电子,32.37,32.37,32.38,31.73,32.28,34.21,32.0,52164787.0,1711623765.0,2.017,0.64
600354,敦煌种业,10.98,10.97,10.98,10.48,10.48,11.51,10.48,240174098.0,2634249226.0,4.771,0.5
600356,恒丰纸业,9.35,9.34,9.35,9.41,9.31,9.46,9.27,5116980.0,47883338.0,-0.638,-0.06
600358,国旅联合,5.27,5.27,5.28,5.31,5.29,5.31,5.18,5326400.0,27895120.0,-0.753,-0.04
600359,新农开发,8.76,8.76,0.0,7.96,7.88,8.76,7.88,39045936.0,335687763.0,10.05,0.8
600360,华微电子,9.9,9.9,9.91,9.78,9.83,10.33,9.8,49823596.0,498821750.0,1.227,0.12
600361,创新新材,3.75,3.74,3.75,3.75,3.74,3.77,3.7,36229352.0,135399872.0,0.0,0.0
600362,江西铜业,49.57,49.56,49.57,48.53,49.01,50.54,48.15,108554639.0,5343000874.0,2.143,1.04
600363,联创光电,15.79,15.78,15.79,16.05,16.05,16.18,15.73,23292086.0,369755667.0,-1.62,-0.26
600365,ST通葡,2.84,2.83,2.84,2.88,2.89,2.91,2.84,1653700.0,4744883.0,-1.389,-0.04
600366,宁波韵升,11.28,11.28,11.29,11.23,11.24,11.32,11.18,18251385.0,205519298.0,0.445,0.05
600367,红星发展,34.99,34.98,34.99,35.46,35.71,36.38,34.55,26263228.0,929364826.0,-1.325,-0.47
600368,五洲交通,4.41,4.41,4.42,4.37,4.38,4.46,4.37,36822371.0,162468454.0,0.915,0.04
600369,西南证券,4.08,4.08,4.09,4.09,4.08,4.1,4.07,24980285.0,101966327.0,-0.244,-0.01
600370,*ST三房,1.52,1.52,1.53,1.53,1.53,1.54,1.51,12235170.0,18596867.0,-0.654,-0.01
600371,万向德农,15.4,15.4,15.41,15.83,14.61,16.1,14.61,81756756.0,1269791878.0,-2.716,-0.43
600372,中航机载,11.94,11.94,11.95,11.78,11.78,12.06,11.72,53212285.0,634990895.0,1.358,0.16
600373,中文传媒,7.5,7.5,7.51,7.79,7.71,7.79,7.46,18587438.0,140146167.0,-3.723,-0.29
600375,汉马科技,3.93,3.93,3.94,3.9,3.9,3.98,3.85,23330500.0,91369362.0,0.769,0.03
600376,首开股份,3.29,3.29,3.3,3.39,3.37,3.37,3.28,59641493.0,197016100.0,-2.95,-0.1
600377,宁沪高速,12.49,12.49,12.5,12.4,12.42,12.6,12.33,7777451.0,97200698.0,0.726,0.09
600378,昊华科技,47.29,47.29,47.3,46.49,47.02,48.42,46.6,57222998.0,2713113346.0,1.721,0.8
600379,宝光股份,14.43,14.43,14.44,14.69,14.74,14.94,14.24,9032500.0,130922689.0,-1.77,-0.26
600380,健康元,9.44,9.44,9.45,9.57,9.51,9.54,9.44,12093899.0,114541562.0,-1.358,-0.13
600381,*ST春天,3.94,3.93,3.94,4.08,4.08,4.13,3.87,6121300.0,24360126.0,-3.431,-0.14
600382,广东明珠,6.57,6.57,6.58,6.5,6.49,6.58,6.44,7704481.0,50287171.0,1.077,0.07
600383,金地集团,2.32,2.32,2.33,2.4,2.38,2.39,2.31,84796836.0,198151608.0,-3.333,-0.08
600386,北巴传媒,3.66,3.66,3.67,3.66,3.67,3.68,3.62,6885900.0,25147108.0,0.0,0.0
600388,紫金龙净,18.74,18.74,18.75,18.81,18.78,18.95,18.65,6695378.0,125607720.0,-0.372,-0.07
600389,江山股份,20.06,20.06,20.07,19.95,20.0,20.49,19.5,28302645.0,567910360.0,0.551,0.11
600390,五矿资本,5.0,5.0,5.01,5.0,4.98,5.01,4.94,22645760.0,112819192.0,0.0,0.0
600391,航发科技,40.88,40.88,40.89,41.19,40.33,44.98,40.33,30910801.0,1295484961.0,-0.753,-0.31
600392,盛和资源,22.27,22.26,22.27,21.87,21.82,22.39,21.79,39798399.0,877852880.0,1.829,0.4
600395,盘江股份,5.72,5.72,5.73,5.43,5.42,5.74,5.38,57312660.0,322035160.0,5.341,0.29
600396,华电辽能,14.75,14.75,14.76,13.96,13.87,15.16,13.82,231003537.0,3349008856.0,5.659,0.79
600397,江钨装备,17.67,17.66,17.67,17.08,17.43,17.95,17.05,86451999.0,1513289516.0,3.454,0.59
600398,海澜之家,6.03,6.03,6.04,5.9,5.9,6.07,5.89,49756621.0,298898718.0,2.203,0.13
600399,抚顺特钢,4.8,4.79,4.8,4.76,4.74,4.89,4.71,48833347.0,234123057.0,0.84,0.04
600400,红豆股份,3.08,3.08,3.09,3.2,3.2,3.2,3.05,71311490.0,222128914.0,-3.75,-0.12
600403,大有能源,7.48,7.48,0.0,6.8,6.78,7.48,6.7,149508942.0,1083284268.0,10.0,0.68
600405,动力源,5.08,5.08,5.09,5.1,5.11,5.13,5.03,8923791.0,45448546.0,-0.392,-0.02
600406,国电南瑞,22.45,22.45,22.46,22.41,22.4,22.54,22.26,25124672.0,563423730.0,0.178,0.04
600408,安泰集团,3.3,3.29,3.3,3.24,3.22,3.33,3.16,64264141.0,209444881.0,1.852,0.06
600409,三友化工,7.04,7.03,7.04,7.0,7.0,7.14,6.93,22429801.0,157398023.0,0.571,0.04
600410,华胜天成,14.22,14.21,14.22,14.57,14.51,14.54,14.05,52313097.0,744886664.0,-2.402,-0.35
600415,小商品城,12.52,12.52,12.53,12.76,12.7,12.72,12.48,37281296.0,468295557.0,-1.881,-0.24
600416,湘电股份,8.84,8.84,8.85,8.78,8.78,9.0,8.75,16870401.0,149799178.0,0.683,0.06
600418,江淮汽车,20.22,20.21,20.22,20.55,20.4,20.48,19.93,58273613.0,1174913043.0,-1.606,-0.33
600419,天润乳业,9.22,9.22,9.23,9.34,9.25,9.35,9.18,7121500.0,65891897.0,-1.285,-0.12
600420,国药现代,8.49,8.49,8.5,8.56,8.53,8.55,8.47,4858300.0,41309315.0,-0.818,-0.07
600422,昆药集团,8.49,8.49,8.5,8.63,8.62,8.64,8.46,4820800.0,41132531.0,-1.622,-0.14
600423,*ST柳化,2.8,2.79,2.8,2.84,2.83,2.85,2.77,4089500.0,11459991.0,-1.408,-0.04
600425,青松建化,3.79,3.78,3.79,3.77,3.76,3.82,3.73,14090732.0,53339731.0,0.531,0.02
600426,华鲁恒升,21.17,21.16,21.17,21.14,21.2,21.5,20.8,31375319.0,662530447.0,0.142,0.03
600428,中远海特,11.75,11.74,11.75,11.34,11.27,11.89,11.21,46104404.0,538843982.0,3.616,0.41
600429,三元股份,4.84,4.83,4.84,4.93,4.93,4.97,4.82,13162000.0,63997043.0,-1.826,-0.09
600433,冠豪高新,3.42,3.42,3.43,3.44,3.43,3.44,3.39,20906829.0,71361972.0,-0.581,-0.02
600435,北方导航,11.94,11.94,11.95,11.8,11.76,12.11,11.68,35331090.0,421811341.0,1.186,0.14
600436,片仔癀,121.88,121.88,121.9,123.34,123.36,123.37,121.3,1882348.0,229805684.0,-1.184,-1.46
600438,通威股份,11.71,11.71,11.72,11.86,11.87,12.11,11.67,30949633.0,366332942.0,-1.265,-0.15
600439,ST瑞贝卡,1.93,1.93,1.94,1.96,1.95,1.96,1.93,9033892.0,17506919.0,-1.531,-0.03
600444,国机通用,14.43,14.43,14.48,14.53,14.53,14.56,14.35,1813474.0,26214837.0,-0.688,-0.1
600446,金证股份,10.89,10.88,10.89,11.09,11.02,11.05,10.84,9938100.0,108649560.0,-1.803,-0.2
600448,华纺股份,3.09,3.09,3.1,3.09,3.08,3.11,3.06,12054123.0,37209354.0,0.0,0.0
600449,宁夏建材,12.57,12.57,12.58,12.71,12.67,12.68,12.48,6024200.0,75551255.0,-1.101,-0.14
600452,涪陵电力,9.17,9.17,9.18,9.14,9.14,9.21,9.05,19775132.0,180776538.0,0.328,0.03
600455,博通股份,24.79,24.72,24.79,25.08,24.98,25.08,24.61,1175500.0,29134076.0,-1.156,-0.29
600456,宝钛股份,27.21,27.21,27.22,26.85,26.9,27.36,26.79,5033332.0,136520389.0,1.341,0.36
600458,时代新材,11.93,11.92,11.93,11.75,11.71,11.94,11.71,16441982.0,194959102.0,1.532,0.18
600459,贵研铂业,20.04,20.04,20.05,19.98,19.97,20.14,19.8,12409276.0,247885204.0,0.3,0.06
600460,士兰微,30.27,30.27,30.28,30.36,30.57,31.03,30.08,48256070.0,1472935227.0,-0.296,-0.09
600461,洪城环境,8.96,8.96,8.98,8.93,8.92,8.99,8.92,7518130.0,67374307.0,0.336,0.03
600463,空港股份,8.37,8.36,8.37,8.63,8.64,8.64,8.32,3687650.0,31114527.0,-3.013,-0.26
600467,好当家,2.69,2.68,2.69,2.6,2.58,2.71,2.56,100436532.0,266595922.0,3.462,0.09
600468,百利电气,6.53,6.53,6.54,6.41,6.39,6.53,6.33,39191400.0,252463726.0,1.872,0.12
600469,风神股份,5.37,5.36,5.37,5.3,5.29,5.39,5.26,9659390.0,51534399.0,1.321,0.07
600470,六国化工,6.63,6.63,6.64,6.65,6.61,6.75,6.5,70772170.0,467565423.0,-0.301,-0.02
600475,华光环能,15.43,15.43,15.46,15.71,15.77,15.91,15.1,11975277.0,184618592.0,-1.782,-0.28
600476,*ST湘邮,10.23,10.19,10.23,10.14,10.1,10.24,10.05,1008300.0,10237694.0,0.888,0.09
600477,杭萧钢构,2.52,2.51,2.52,2.53,2.53,2.53,2.49,29420128.0,73852040.0,-0.395,-0.01
600478,科力远,4.81,4.81,4.82,4.82,4.82,4.84,4.78,14023646.0,67478226.0,-0.207,-0.01
600479,千金药业,14.12,14.11,14.12,14.81,13.9,14.75,13.67,101493879.0,1431494059.0,-4.659,-0.69
600480,凌云股份,8.29,8.29,8.3,8.34,8.33,8.37,8.28,7459530.0,62003434.0,-0.6,-0.05
600481,双良节能,4.35,4.34,4.35,4.37,4.43,4.44,4.31,29760769.0,129693233.0,-0.458,-0.02
600482,中国动力,35.22,35.22,35.23,34.41,34.39,35.73,34.02,20256507.0,710690998.0,2.354,0.81
600483,福能股份,10.95,10.95,10.96,11.04,11.03,11.04,10.84,9369641.0,102391835.0,-0.815,-0.09
600486,扬农化工,58.42,58.42,58.45,58.88,58.88,59.38,57.8,6878909.0,402997974.0,-0.781,-0.46
600487,亨通光电,66.62,66.62,66.63,63.11,64.51,67.5,64.5,218400786.0,14492707429.0,5.562,3.51
600488,津药药业,5.36,5.36,5.37,5.31,5.26,5.6,5.18,92686460.0,499847569.0,0.942,0.05
600489,中金黄金,25.89,25.89,25.9,25.2,24.92,26.0,24.86,86773097.0,2213647524.0,2.738,0.69
600490,鹏欣资源,7.61,7.6,7.61,7.52,7.45,7.73,7.45,45501124.0,344622675.0,1.197,0.09
600491,ST龙元,1.57,1.57,1.58,1.65,1.65,1.65,1.56,56664100.0,90688904.0,-4.848,-0.08
600493,凤竹纺织,6.42,6.42,6.44,6.48,6.47,6.5,6.38,4419199.0,28381903.0,-0.926,-0.06
600495,晋西车轴,4.21,4.2,4.21,4.17,4.16,4.22,4.15,9355720.0,39223971.0,0.959,0.04
600496,精工钢构,3.36,3.36,3.37,3.37,3.36,3.38,3.34,22635500.0,76082091.0,-0.297,-0.01
600497,驰宏锌锗,10.19,10.19,10.2,10.04,10.02,10.23,9.98,128377751.0,1297781270.0,1.494,0.15
600498,烽火通信,41.04,41.03,41.04,40.24,40.8,42.12,40.65,99413530.0,4106069894.0,1.988,0.8
600499,科达制造,15.03,15.02,15.03,14.64,14.64,15.09,14.52,26142669.0,388463678.0,2.664,0.39
600500,中化国际,5.88,5.87,5.88,5.81,5.82,5.92,5.73,137030134.0,801426119.0,1.205,0.07
600501,航天晨光,15.39,15.38,15.39,15.15,15.15,15.5,15.02,7604507.0,116281857.0,1.584,0.24
600502,安徽建工,4.48,4.48,4.49,4.46,4.46,4.49,4.43,18121652.0,80923193.0,0.448,0.02
600503,华丽家族,2.24,2.23,2.24,2.27,2.27,2.28,2.21,32859600.0,73418218.0,-1.322,-0.03
600505,西昌电力,10.76,10.76,10.77,10.65,10.55,10.78,10.51,6341099.0,67800971.0,1.033,0.11
600506,统一股份,18.55,18.55,18.56,17.56,17.39,18.69,16.91,34239293.0,608943630.0,5.638,0.99
600507,方大特钢,4.29,4.29,4.3,4.29,4.28,4.32,4.25,13790978.0,59159393.0,0.0,0.0
600508,上海能源,11.62,11.61,11.62,11.49,11.41,12.03,11.33,48585256.0,565949846.0,1.131,0.13
600509,天富能源,7.46,7.46,7.47,7.4,7.38,7.5,7.36,16632165.0,123697534.0,0.811,0.06
600510,黑牡丹,6.9,6.89,6.9,6.87,6.87,6.93,6.77,3542519.0,24334963.0,0.437,0.03
600511,国药股份,26.89,26.89,26.9,26.92,26.87,26.93,26.72,1912700.0,51359493.0,-0.111,-0.03
600512,腾达建设,2.13,2.13,2.14,2.14,2.13,2.15,2.11,17900520.0,38173669.0,-0.467,-0.01
600513,联环药业,15.31,15.31,15.32,15.58,15.47,15.52,15.26,5222660.0,80282852.0,-1.733,-0.27
600515,海南机场,2.84,2.84,2.85,2.87,2.86,2.87,2.82,75475244.0,214696323.0,-1.045,-0.03
600516,方大炭素,5.29,5.29,5.3,5.26,5.25,5.3,5.22,41726303.0,219720978.0,0.57,0.03
600517,国网英大,5.06,5.06,5.07,5.09,5.07,5.09,5.04,11903400.0,60198182.0,-0.589,-0.03
600518,康美药业,1.42,1.42,1.43,1.45,1.44,1.45,1.41,232921430.0,332390443.0,-2.069,-0.03
600519,贵州茅台,1290.88,1290.86,1290.88,1309.3,1305.01,1309.3,1286.68,3222611.0,4168500462.0,-1.407,-18.42
600520,三佳科技,24.23,24.23,24.24,24.57,24.7,24.94,24.11,5182400.0,126814209.0,-1.384,-0.34
600521,华海药业,15.88,15.88,15.89,15.89,15.81,15.93,15.74,11067222.0,175492043.0,-0.063,-0.01
600522,中天科技,34.12,34.11,34.12,32.51,33.4,34.39,33.21,264496886.0,8996226302.0,4.952,1.61
600523,贵航股份,12.19,12.19,12.21,12.12,12.15,12.31,12.09,3601898.0,43972076.0,0.578,0.07
600525,长园集团,5.02,5.02,5.03,5.02,5.01,5.06,4.99,11620176.0,58348220.0,0.0,0.0
600526,菲达环保,4.77,4.76,4.77,4.75,4.75,4.77,4.72,6057100.0,28771046.0,0.421,0.02
600527,江南高纤,2.31,2.3,2.31,2.33,2.32,2.33,2.29,31986320.0,73787861.0,-0.858,-0.02
600528,中铁工业,7.03,7.03,7.04,7.01,7.02,7.04,6.98,7451100.0,52252577.0,0.285,0.02
600529,山东药玻,18.69,18.69,18.7,18.9,18.9,18.94,18.68,4856680.0,91090228.0,-1.111,-0.21
600530,ST交昂,3.9,3.9,3.91,3.95,3.96,3.96,3.89,2581200.0,10087198.0,-1.266,-0.05
600531,豫光金铅,13.1,13.1,13.11,12.92,12.88,13.22,12.85,41237271.0,537846143.0,1.393,0.18
600533,栖霞建设,2.29,2.28,2.29,2.31,2.3,2.32,2.27,13407087.0,30716344.0,-0.866,-0.02
600535,天士力,14.39,14.39,14.4,14.55,14.5,14.55,14.35,12817880.0,184858351.0,-1.1,-0.16
600536,中国软件,32.54,32.53,32.54,33.13,32.92,33.02,32.38,16260170.0,529078405.0,-1.781,-0.59
600537,*ST亿晶,2.18,2.18,2.19,2.22,2.21,2.24,2.17,18998428.0,41686007.0,-1.802,-0.04
600538,国发股份,5.33,5.32,5.33,5.28,5.3,5.33,5.21,7088900.0,37404472.0,0.947,0.05
600539,狮头股份,13.59,13.58,13.59,13.73,13.73,13.85,13.44,9329500.0,127128181.0,-1.02,-0.14
600540,新赛股份,7.21,7.21,0.0,6.55,6.42,7.21,6.42,186478710.0,1291393679.0,10.076,0.66
600543,*ST莫高,4.39,4.39,4.41,4.44,4.42,4.46,4.37,1189000.0,5251649.0,-1.126,-0.05
600545,卓郎智能,4.17,4.16,4.17,4.13,4.13,4.22,4.1,46777457.0,195122369.0,0.969,0.04
600546,山煤国际,13.87,13.87,13.88,13.09,13.12,13.95,13.09,36684243.0,500042073.0,5.959,0.78
600547,山东黄金,36.25,36.24,36.25,36.01,35.7,36.48,35.4,61229651.0,2204473216.0,0.666,0.24
600548,深高速,8.28,8.27,8.28,8.17,8.18,8.33,8.12,9323765.0,76941800.0,1.346,0.11
600549,厦门钨业,50.78,50.78,50.79,49.87,50.82,51.14,50.02,37176925.0,1884276255.0,1.825,0.91
600550,保变电气,10.98,10.98,10.99,10.94,10.91,11.05,10.85,16608961.0,182285144.0,0.366,0.04
600551,时代出版,7.74,7.73,7.74,8.25,8.15,8.23,7.53,52518268.0,405923748.0,-6.182,-0.51
600552,凯盛科技,16.96,16.95,16.96,16.8,16.9,17.4,16.85,43441107.0,744167504.0,0.952,0.16
600556,天下秀,4.81,4.81,4.82,4.99,4.96,4.97,4.78,48941166.0,236164780.0,-3.607,-0.18
600557,康缘药业,12.5,12.49,12.5,12.63,12.55,12.61,12.45,3664200.0,45861571.0,-1.029,-0.13
600558,大西洋,4.91,4.91,4.92,4.89,4.88,4.92,4.85,9809900.0,47970667.0,0.409,0.02
600559,老白干酒,11.48,11.48,11.49,11.77,11.73,11.73,11.42,16738566.0,192768350.0,-2.464,-0.29
600560,金自天正,11.52,11.52,11.53,11.55,11.63,11.67,11.44,1980300.0,22849368.0,-0.26,-0.03
600561,江西长运,6.17,6.17,6.18,6.25,6.26,6.26,6.13,4676422.0,28898850.0,-1.28,-0.08
600562,国睿科技,29.5,29.5,29.51,29.26,29.11,29.9,28.84,9546465.0,282484057.0,0.82,0.24
600563,法拉电子,123.06,123.05,123.06,123.4,124.0,124.44,122.3,2145895.0,264936652.0,-0.276,-0.34
600566,济川药业,25.76,25.76,25.79,25.86,25.87,26.19,25.6,3427611.0,88737269.0,-0.387,-0.1
600567,山鹰国际,1.37,1.37,1.38,1.38,1.38,1.38,1.36,66278895.0,90769243.0,-0.725,-0.01
600568,ST中珠,2.41,2.4,2.41,2.29,2.29,2.47,2.28,24101320.0,57588863.0,5.24,0.12
600569,安阳钢铁,1.93,1.93,1.94,1.88,1.88,1.95,1.85,49826963.0,95367262.0,2.66,0.05
600570,恒生电子,21.14,21.13,21.14,21.43,21.42,21.42,21.03,14752602.0,312146386.0,-1.353,-0.29
600571,信雅达,11.03,11.03,11.05,11.09,11.02,11.17,11.01,5272707.0,58463385.0,-0.541,-0.06
600572,康恩贝,4.38,4.38,4.39,4.46,4.45,4.45,4.38,37733550.0,166514890.0,-1.794,-0.08
600573,惠泉啤酒,10.3,10.29,10.3,10.42,10.41,10.45,10.22,4438803.0,45750209.0,-1.152,-0.12
600575,淮河能源,3.33,3.33,3.34,3.32,3.31,3.35,3.29,35082920.0,116685063.0,0.301,0.01
600576,祥源文旅,5.93,5.92,5.93,6.06,6.01,6.03,5.8,19773220.0,116261254.0,-2.145,-0.13
600577,精达股份,8.25,8.25,8.26,8.09,8.09,8.35,8.05,63081094.0,520599389.0,1.978,0.16
600578,京能电力,5.56,5.56,5.57,5.44,5.42,5.62,5.39,98124269.0,542207143.0,2.206,0.12
600579,中化装备,7.26,7.25,7.26,7.21,7.22,7.28,7.13,7346200.0,52935662.0,0.693,0.05
600580,卧龙电驱,28.32,28.31,28.32,28.52,28.53,28.88,28.18,19778112.0,561298406.0,-0.701,-0.2
600581,*ST八钢,2.48,2.47,2.48,2.48,2.48,2.5,2.46,5304502.0,13138733.0,0.0,0.0
600582,天地科技,4.78,4.78,4.8,4.76,4.76,4.8,4.74,20436795.0,97577390.0,0.42,0.02
600583,海油工程,6.21,6.21,6.22,6.2,6.22,6.3,6.18,26923508.0,167897807.0,0.161,0.01
600584,长电科技,68.64,68.64,68.65,68.6,69.1,70.28,68.19,61367465.0,4248234360.0,0.058,0.04
600585,海螺水泥,17.86,17.86,17.87,17.92,17.9,17.92,17.76,12757527.0,227535369.0,-0.335,-0.06
600586,金晶科技,4.14,4.14,4.15,4.18,4.2,4.21,4.13,9918961.0,41213148.0,-0.957,-0.04
600587,新华医疗,12.61,12.61,12.62,12.77,12.75,12.79,12.6,3387973.0,42892774.0,-1.253,-0.16
600588,用友网络,9.7,9.7,9.71,9.96,9.92,9.95,9.63,48340444.0,470724909.0,-2.61,-0.26
600589,大位科技,8.66,8.66,8.67,8.37,8.23,8.79,8.23,143710098.0,1235459466.0,3.465,0.29
600590,泰豪科技,9.1,9.09,9.1,8.69,8.69,9.16,8.65,44692100.0,401747532.0,4.718,0.41
600592,龙溪股份,15.55,15.54,15.55,15.29,15.29,15.75,15.17,9061520.0,140866036.0,1.7,0.26
600593,大连圣亚,39.98,39.98,39.99,41.12,40.98,40.98,39.82,5711101.0,229910738.0,-2.772,-1.14
600594,益佰制药,3.83,3.82,3.83,3.91,3.86,3.92,3.78,26332520.0,100715246.0,-2.046,-0.08
600595,中孚实业,6.62,6.62,6.63,6.38,6.4,6.65,6.37,139081629.0,909713025.0,3.762,0.24
600596,新安股份,12.62,12.62,12.63,12.08,12.26,12.94,12.01,181980847.0,2265805531.0,4.47,0.54
600597,光明乳业,7.11,7.11,7.12,7.17,7.15,7.19,7.08,8662020.0,61675731.0,-0.837,-0.06
600598,北大荒,13.92,13.91,13.92,14.06,14.05,14.25,13.77,73527297.0,1025892429.0,-0.996,-0.14
600600,青岛啤酒,51.38,51.38,51.4,51.47,51.2,51.49,51.03,3483818.0,178723499.0,-0.175,-0.09
600601,方正科技,14.62,14.62,14.63,14.48,14.68,15.05,14.14,246663093.0,3618449522.0,0.967,0.14
600602,云赛智联,17.3,17.29,17.3,17.66,17.5,17.71,17.18,27067160.0,469453043.0,-2.039,-0.36
600603,广汇物流,5.05,5.05,5.06,5.0,4.97,5.12,4.92,22321100.0,112212499.0,1.0,0.05
600604,市北高新,4.73,4.72,4.73,4.86,4.84,4.85,4.69,24030826.0,113585094.0,-2.675,-0.13
600605,汇通能源,27.52,27.52,27.54,28.16,28.18,28.49,27.39,4422960.0,123292023.0,-2.273,-0.64
600606,绿地控股,1.34,1.33,1.34,1.35,1.35,1.36,1.33,96557473.0,129286594.0,-0.741,-0.01
600609,金杯汽车,3.43,3.42,3.43,3.44,3.44,3.45,3.39,13081600.0,44735536.0,-0.291,-0.01
600610,中毅达,9.05,9.04,9.05,8.93,8.98,9.42,8.92,79958547.0,730413032.0,1.344,0.12
600611,大众交通,4.78,4.78,4.79,4.92,4.86,4.89,4.75,97038708.0,465600525.0,-2.846,-0.14
600612,老凤祥,35.0,35.0,35.03,34.71,34.71,35.28,34.64,3035886.0,106428815.0,0.835,0.29
600613,神奇制药,9.02,9.02,9.03,9.91,9.7,10.01,8.93,128535341.0,1210970287.0,-8.981,-0.89
600615,鑫源智造,9.81,9.81,9.82,9.78,9.78,9.94,9.78,1745970.0,17183271.0,0.307,0.03
600616,金枫酒业,4.76,4.76,4.77,4.62,4.6,4.88,4.6,29925937.0,142768585.0,3.03,0.14
600617,国新能源,3.55,3.55,3.56,3.52,3.5,3.59,3.49,41074472.0,145565900.0,0.852,0.03
600618,氯碱化工,10.72,10.72,10.73,10.63,10.56,10.77,10.55,7191920.0,76857378.0,0.847,0.09
600619,海立股份,13.55,13.55,13.56,13.71,13.6,13.78,13.5,12792787.0,174361376.0,-1.167,-0.16
600620,天宸股份,4.53,4.53,4.54,4.6,4.6,4.61,4.5,4697401.0,21324055.0,-1.522,-0.07
600621,华鑫股份,13.36,13.36,13.37,13.45,13.43,13.43,13.32,6210499.0,83126714.0,-0.669,-0.09
600622,光大嘉宝,2.49,2.48,2.49,2.58,2.55,2.56,2.47,41846210.0,104740118.0,-3.488,-0.09
600623,华谊集团,8.98,8.97,8.98,8.76,8.76,9.02,8.72,19567004.0,174590542.0,2.511,0.22
600624,ST复华,4.62,4.62,4.63,4.72,4.71,4.71,4.62,3698900.0,17240295.0,-2.119,-0.1
600626,申达股份,3.74,3.74,3.75,3.72,3.7,3.76,3.68,7812724.0,29154846.0,0.538,0.02
600628,新世界,6.63,6.62,6.63,6.59,6.56,6.65,6.46,13285019.0,87479651.0,0.607,0.04
600629,华建集团,18.2,18.2,18.21,17.55,17.56,18.29,17.5,37052771.0,667229091.0,3.704,0.65
600630,龙头股份,7.26,7.25,7.26,7.19,7.2,7.41,7.2,11665581.0,84712149.0,0.974,0.07
600633,浙数文化,10.42,10.41,10.42,10.69,10.62,10.65,10.33,18027700.0,187845197.0,-2.526,-0.27
600635,大众公用,4.78,4.78,4.79,4.79,4.78,4.81,4.72,27304700.0,130286118.0,-0.209,-0.01
600637,东方明珠,8.63,8.63,8.64,8.73,8.67,8.68,8.57,32107820.0,276780105.0,-1.145,-0.1
600638,新黄浦,5.06,5.05,5.06,5.1,5.09,5.09,5.02,9133820.0,46172774.0,-0.784,-0.04
600639,浦东金桥,9.49,9.49,9.51,9.56,9.56,9.58,9.48,2846763.0,27104021.0,-0.732,-0.07
600640,国脉文化,11.06,11.06,11.08,11.36,11.28,11.3,11.03,6573700.0,73128507.0,-2.641,-0.3
600641,先导基电,30.51,30.51,30.52,30.35,31.12,31.65,30.26,43980251.0,1362230354.0,0.527,0.16
600642,申能股份,8.67,8.67,8.68,8.52,8.5,8.7,8.5,17632400.0,152118657.0,1.761,0.15
600643,爱建集团,4.15,4.15,4.16,4.2,4.19,4.2,4.14,9447651.0,39298861.0,-1.19,-0.05
600644,乐山电力,9.2,9.2,9.21,9.15,9.05,9.29,9.01,17093400.0,156697376.0,0.546,0.05
600645,中源协和,18.39,18.38,18.39,18.74,18.6,18.64,18.37,6082001.0,112323305.0,-1.868,-0.35
600648,外高桥,9.37,9.37,9.38,9.37,9.33,9.41,9.3,1423488.0,13318385.0,0.0,0.0
600649,城投控股,3.97,3.97,3.98,4.09,4.07,4.08,3.95,23141124.0,92335400.0,-2.934,-0.12
600650,锦江在线,10.87,10.86,10.87,10.95,10.95,11.0,10.78,4083400.0,44325580.0,-0.731,-0.08
600651,飞乐音响,5.61,5.61,5.62,5.58,5.57,5.69,5.54,14942100.0,83951777.0,0.538,0.03
600653,申华控股,1.77,1.76,1.77,1.78,1.78,1.78,1.75,18627332.0,32919830.0,-0.562,-0.01
600654,中安科,3.2,3.19,3.2,3.25,3.23,3.24,3.16,56581228.0,180178060.0,-1.538,-0.05
600655,豫园股份,4.67,4.67,4.68,4.66,4.67,4.71,4.61,16196014.0,75537743.0,0.215,0.01
600657,信达地产,3.12,3.12,3.13,3.36,3.3,3.31,3.1,134014536.0,423018170.0,-7.143,-0.24
600658,电子城,4.2,4.19,4.2,4.3,4.31,4.33,4.18,14526489.0,61346539.0,-2.326,-0.1
600660,福耀玻璃,55.14,55.14,55.15,54.17,54.3,55.52,53.85,10573948.0,579842248.0,1.791,0.97
600661,昂立教育,8.85,8.84,8.85,8.91,8.94,8.94,8.71,5925440.0,51998969.0,-0.673,-0.06
600662,外服控股,4.35,4.35,4.36,4.39,4.39,4.4,4.33,8815728.0,38375662.0,-0.911,-0.04
600663,陆家嘴,9.11,9.11,9.12,9.03,8.96,9.16,8.94,7965546.0,72331551.0,0.886,0.08
600664,哈药股份,7.63,7.62,7.63,7.75,7.5,8.03,7.46,409354551.0,3163666528.0,-1.548,-0.12
600665,天地源,3.61,3.6,3.61,3.67,3.64,3.64,3.57,10560489.0,38042964.0,-1.635,-0.06
600666,奥瑞德,3.5,3.49,3.5,3.52,3.52,3.54,3.47,44748999.0,156409625.0,-0.568,-0.02
600667,太极实业,18.16,18.16,18.17,18.59,18.64,19.17,18.03,191630864.0,3541489740.0,-2.313,-0.43
600668,尖峰集团,7.54,7.54,7.55,7.6,7.59,7.6,7.51,2992455.0,22583339.0,-0.789,-0.06
600671,天目药业,22.59,22.59,22.6,21.8,21.76,22.65,21.38,3667800.0,80843419.0,3.624,0.79
600673,东阳光,31.6,31.6,31.61,31.18,31.55,31.92,31.3,15312203.0,483681636.0,1.347,0.42
600674,川投能源,15.84,15.83,15.84,15.69,15.71,15.89,15.56,15304633.0,241057930.0,0.956,0.15
600675,中华企业,2.31,2.31,2.32,2.35,2.35,2.37,2.29,41426471.0,95878450.0,-1.702,-0.04
600676,久事动娱,6.8,6.8,6.81,6.72,6.76,6.98,6.73,8318547.0,56738310.0,1.19,0.08
600678,ST金顶,5.88,5.88,5.89,5.91,5.89,5.93,5.82,6681800.0,39175508.0,-0.508,-0.03
600679,上海凤凰,10.37,10.36,10.37,10.32,10.3,10.43,10.28,2568200.0,26618069.0,0.484,0.05
600681,百川能源,3.64,3.63,3.64,3.63,3.63,3.68,3.61,31940393.0,116189408.0,0.275,0.01
600682,南京新百,5.84,5.84,5.85,5.89,5.86,5.9,5.79,11543900.0,67347367.0,-0.849,-0.05
600683,京投发展,9.73,9.73,9.74,10.0,9.99,10.38,9.66,26406266.0,261706888.0,-2.7,-0.27
600684,珠江股份,3.64,3.63,3.64,3.73,3.69,3.72,3.63,17452647.0,63836754.0,-2.413,-0.09
600685,中船防务,28.47,28.46,28.47,27.71,27.61,28.55,27.51,22593264.0,637380179.0,2.743,0.76
600686,金龙汽车,11.17,11.16,11.17,11.19,11.1,11.25,11.04,9592000.0,106912008.0,-0.179,-0.02
600688,上海石化,2.96,2.96,2.97,2.94,2.93,2.97,2.91,73052195.0,215252095.0,0.68,0.02
600689,上海三毛,12.6,12.6,12.61,12.76,12.79,12.8,12.56,3560645.0,45079151.0,-1.254,-0.16
600690,海尔智家,21.3,21.3,21.36,21.42,21.42,21.45,21.17,19884315.0,423662870.0,-0.56,-0.12
600691,潞化科技,3.56,3.56,3.57,3.36,3.5,3.7,3.42,276830101.0,983032213.0,5.952,0.2
600692,亚通股份,6.78,6.78,6.79,6.76,6.75,6.8,6.64,5416944.0,36429460.0,0.296,0.02
600693,东百集团,11.37,11.37,11.38,11.52,11.24,11.69,10.86,126228172.0,1421168530.0,-1.302,-0.15
600694,大商股份,14.87,14.86,14.87,14.99,14.92,14.93,14.73,5782247.0,85791159.0,-0.801,-0.12
600697,欧亚集团,11.75,11.74,11.75,11.66,11.61,11.88,11.43,4845546.0,56629242.0,0.772,0.09
600698,湖南天雁,8.38,8.38,0.0,7.62,7.53,8.38,7.51,101053184.0,822155283.0,9.974,0.76
600699,均胜电子,19.87,19.87,19.88,20.09,19.97,20.45,19.8,32655229.0,653973464.0,-1.095,-0.22
600702,舍得酒业,35.88,35.88,35.89,36.26,36.19,36.36,35.6,4675250.0,167978751.0,-1.048,-0.38
600703,三安光电,12.85,12.84,12.85,12.86,12.92,13.06,12.75,89486909.0,1154668663.0,-0.078,-0.01
600704,物产中大,5.03,5.03,5.04,5.01,5.01,5.08,4.99,56095555.0,282945399.0,0.399,0.02
600706,曲江文旅,9.16,9.15,9.16,8.89,8.87,9.33,8.66,19468700.0,176054114.0,3.037,0.27
600707,彩虹股份,8.64,8.63,8.64,8.61,8.72,9.06,8.58,92305603.0,808860362.0,0.348,0.03
600708,光明地产,3.06,3.06,3.07,3.14,3.13,3.14,3.04,23581513.0,72682228.0,-2.548,-0.08
600710,苏美达,11.2,11.19,11.2,10.79,10.79,11.33,10.73,18978407.0,210543136.0,3.8,0.41
600711,盛屯矿业,12.1,12.09,12.1,11.86,11.9,12.2,11.88,137857273.0,1661288282.0,2.024,0.24
600712,南宁百货,6.21,6.2,6.21,6.13,6.05,6.34,5.9,33183864.0,203962260.0,1.305,0.08
600713,南京医药,5.37,5.36,5.37,5.38,5.37,5.38,5.31,7371100.0,39440654.0,-0.186,-0.01
600714,金瑞矿业,20.59,20.59,20.6,22.6,22.1,22.9,20.49,50731390.0,1082094680.0,-8.894,-2.01
600715,文投控股,1.72,1.72,1.73,1.76,1.76,1.76,1.7,40651099.0,70027312.0,-2.273,-0.04
600716,凤凰股份,3.74,3.74,3.75,3.77,3.75,3.79,3.72,4062900.0,15237737.0,-0.796,-0.03
600717,天津港,4.4,4.4,4.41,4.36,4.36,4.43,4.33,26831635.0,117898332.0,0.917,0.04
600718,东软集团,7.95,7.95,7.96,8.06,8.06,8.06,7.95,6714901.0,53651033.0,-1.365,-0.11
600719,大连热电,7.74,7.74,7.75,7.65,7.64,7.78,7.57,13865928.0,106785810.0,1.176,0.09
600720,中交设计,5.3,5.3,5.31,5.3,5.28,5.31,5.23,7662700.0,40455187.0,0.0,0.0
600721,百花医药,11.55,11.55,11.56,12.28,12.0,12.12,11.37,97821041.0,1145487467.0,-5.945,-0.73
600722,金牛化工,20.0,19.99,20.0,19.77,20.49,21.21,19.59,170338411.0,3465288441.0,1.163,0.23
600724,宁波富达,5.18,5.17,5.18,5.28,5.24,5.28,5.13,6939259.0,35968822.0,-1.894,-0.1
600725,云维股份,3.49,3.48,3.49,3.4,3.38,3.51,3.37,24243110.0,83902173.0,2.647,0.09
600726,华电能源,5.5,5.49,5.5,5.38,5.35,5.57,5.34,117257664.0,641901531.0,2.23,0.12
600727,鲁北化工,8.01,8.01,8.02,8.03,7.98,8.07,7.95,15703800.0,125919101.0,-0.249,-0.02
600728,佳都科技,4.63,4.63,4.64,4.7,4.7,4.71,4.61,17402211.0,80825002.0,-1.489,-0.07
600729,重百集团,19.77,19.76,19.77,19.98,19.96,19.98,19.61,3968524.0,78559495.0,-1.051,-0.21
600730,*ST高科,9.4,9.4,9.41,9.56,9.56,9.59,9.38,5426700.0,51446260.0,-1.674,-0.16
600731,湖南海利,6.08,6.08,6.09,6.11,6.06,6.14,6.04,9914600.0,60315228.0,-0.491,-0.03
600732,爱旭股份,11.0,11.0,11.01,10.99,10.96,11.05,10.82,12935091.0,141194384.0,0.091,0.01
600733,北汽蓝谷,4.94,4.94,4.95,4.97,4.95,4.97,4.88,45624228.0,224614413.0,-0.604,-0.03
600734,*ST实达,2.05,2.04,2.05,1.88,1.86,2.05,1.86,134379501.0,265060596.0,9.043,0.17
600735,ST新华锦,5.92,5.91,5.92,5.93,5.91,5.94,5.88,2414602.0,14280712.0,-0.169,-0.01
600736,苏州高新,6.86,6.85,6.86,6.79,6.82,6.98,6.71,27461227.0,188700009.0,1.031,0.07
600737,中粮糖业,19.8,19.79,19.8,18.16,18.55,19.89,18.1,287438431.0,5479681336.0,9.031,1.64
600738,丽尚国潮,4.52,4.51,4.52,4.48,4.45,4.52,4.4,14246300.0,63823147.0,0.893,0.04
600739,辽宁成大,10.78,10.78,10.79,10.8,10.78,10.82,10.72,8984400.0,96720497.0,-0.185,-0.02
600740,山西焦化,4.08,4.08,4.09,3.97,4.0,4.12,3.95,54703582.0,220968808.0,2.771,0.11
600741,华域汽车,15.49,15.49,15.5,15.5,15.46,15.68,15.44,16046745.0,249550963.0,-0.065,-0.01
600742,富维股份,7.87,7.85,7.87,7.92,7.91,7.91,7.83,2771590.0,21791072.0,-0.631,-0.05
600743,华远控股,2.16,2.16,2.17,2.21,2.2,2.2,2.15,30261177.0,65501337.0,-2.262,-0.05
600744,华银电力,6.36,6.35,6.36,6.26,6.25,6.44,6.19,93049524.0,589452315.0,1.597,0.1
600745,*ST闻泰,17.17,17.17,17.18,17.6,17.5,17.68,17.13,30545084.0,529661924.0,-2.443,-0.43
600746,江苏索普,7.39,7.39,7.4,7.45,7.37,7.53,7.35,11493110.0,85259699.0,-0.805,-0.06
600748,上实发展,3.92,3.92,3.93,3.99,3.97,4.01,3.89,11566413.0,45405745.0,-1.754,-0.07
600749,西藏旅游,15.38,15.37,15.38,15.77,15.68,15.69,15.03,15310250.0,234258154.0,-2.473,-0.39
600750,华润江中,23.12,23.12,23.14,23.27,23.2,23.27,23.0,7222602.0,166857241.0,-0.645,-0.15
600751,海航科技,3.18,3.18,3.19,3.14,3.14,3.2,3.1,28790473.0,91033967.0,1.274,0.04
600753,ST海钦,11.03,11.03,11.05,11.06,11.05,11.22,11.0,850600.0,9441115.0,-0.271,-0.03
600754,锦江酒店,19.6,19.59,19.6,19.59,19.53,19.61,19.08,14034440.0,271311776.0,0.051,0.01
600755,厦门国贸,5.8,5.8,5.81,5.83,5.83,5.84,5.78,11816801.0,68610562.0,-0.515,-0.03
600756,浪潮软件,14.09,14.08,14.09,14.29,14.29,14.29,13.94,6920117.0,97188709.0,-1.4,-0.2
600757,长江传媒,7.48,7.48,7.49,7.62,7.59,7.59,7.38,15169979.0,113374094.0,-1.837,-0.14
600758,辽宁能源,3.94,3.93,3.94,3.8,3.77,4.01,3.75,101675741.0,396559172.0,3.684,0.14
600759,ST洲际,2.55,2.55,2.56,2.6,2.59,2.61,2.54,119841879.0,307877094.0,-1.923,-0.05
600760,中航沈飞,48.91,48.9,48.91,48.11,48.1,49.55,47.8,21254690.0,1039089392.0,1.663,0.8
600761,安徽合力,16.42,16.42,16.43,16.36,16.37,16.5,16.32,5468609.0,89808020.0,0.367,0.06
600763,通策医疗,34.53,34.53,34.54,35.14,34.88,34.94,34.42,5793102.0,200569901.0,-1.736,-0.61
600764,中国海防,19.21,19.2,19.21,18.7,18.64,19.32,18.58,11026477.0,210358444.0,2.727,0.51
600765,中航重机,14.24,14.23,14.24,13.99,13.93,14.36,13.91,29688022.0,421432142.0,1.787,0.25
600768,富邦新材,15.08,15.08,15.09,15.09,15.08,15.14,14.96,2267493.0,34173553.0,-0.066,-0.01
600769,祥龙电业,16.4,16.4,16.41,16.91,16.68,17.06,16.11,20271368.0,336938595.0,-3.016,-0.51
600770,综艺股份,5.69,5.69,5.7,5.9,5.73,5.98,5.66,129309323.0,742305035.0,-3.559,-0.21
600771,广誉远,14.04,14.04,14.05,13.94,13.9,14.2,13.85,7450242.0,104614517.0,0.717,0.1
600773,西藏城投,10.92,10.92,10.93,10.95,10.89,11.08,10.78,17096663.0,186398893.0,-0.274,-0.03
600774,汉商集团,8.04,8.02,8.04,8.1,8.17,8.3,7.97,3997244.0,32222609.0,-0.741,-0.06
600775,南京熊猫,9.92,9.92,9.93,9.97,9.92,10.0,9.86,9793262.0,97207668.0,-0.502,-0.05
600776,东方通信,14.03,14.03,14.04,13.33,13.33,14.66,13.3,71897404.0,1022166456.0,5.251,0.7
600777,新潮能源,4.14,4.13,4.14,4.25,4.24,4.24,4.11,32832104.0,136305780.0,-2.588,-0.11
600778,友好集团,6.64,6.64,0.0,6.04,6.0,6.64,5.94,43963284.0,285223950.0,9.934,0.6
600779,水井坊,27.2,27.19,27.2,27.32,27.3,27.43,27.04,1680989.0,45784897.0,-0.439,-0.12
600780,通宝能源,6.4,6.39,6.4,6.29,6.28,6.41,6.27,14910439.0,94779759.0,1.749,0.11
600782,新钢股份,2.84,2.84,2.85,2.83,2.83,2.86,2.79,33224286.0,93946914.0,0.353,0.01
600783,鲁信创投,15.95,15.94,15.95,16.11,16.1,16.19,15.83,10554950.0,168724407.0,-0.993,-0.16
600784,鲁银投资,7.55,7.54,7.55,7.42,7.4,7.66,7.38,10840100.0,81624658.0,1.752,0.13
600785,新华百货,11.82,11.82,11.83,12.2,12.06,12.21,11.68,48637340.0,576341464.0,-3.115,-0.38
600787,中储股份,4.72,4.72,4.73,4.66,4.66,4.73,4.63,19701181.0,92526209.0,1.288,0.06
600789,鲁抗医药,7.72,7.72,7.73,7.8,7.75,7.78,7.69,15098563.0,116677606.0,-1.026,-0.08
600790,轻纺城,3.49,3.49,3.5,3.47,3.47,3.52,3.42,17046252.0,59355951.0,0.576,0.02
600791,京能置业,7.6,7.59,7.6,7.99,7.96,8.05,7.55,33468160.0,258057559.0,-4.881,-0.39
600792,云煤能源,4.92,4.92,0.0,4.47,4.56,4.92,4.48,115327579.0,539145015.0,10.067,0.45
600793,宜宾纸业,15.91,15.9,15.91,15.81,15.76,15.99,15.68,3695200.0,58571023.0,0.633,0.1
600794,保税科技,3.37,3.36,3.37,3.33,3.33,3.37,3.31,14279602.0,47797749.0,1.201,0.04
600795,国电电力,5.31,5.31,5.32,5.26,5.26,5.33,5.23,81737604.0,432525253.0,0.951,0.05
600796,钱江生化,5.37,5.37,5.38,5.4,5.41,5.47,5.37,6989605.0,37876210.0,-0.556,-0.03
600797,浙大网新,6.86,6.86,6.87,6.92,6.94,6.94,6.78,14643600.0,99843718.0,-0.867,-0.06
600798,宁波海运,3.59,3.59,3.6,3.47,3.48,3.63,3.46,66704000.0,236947725.0,3.458,0.12
600800,渤海化学,3.52,3.51,3.52,3.54,3.54,3.55,3.47,16180403.0,56794303.0,-0.565,-0.02
600801,华新建材,25.1,25.1,25.14,25.01,25.05,25.27,24.82,5235900.0,131193975.0,0.36,0.09
600802,福建水泥,5.36,5.36,5.37,5.2,5.18,5.44,5.09,38064293.0,201349494.0,3.077,0.16
600803,新奥股份,19.0,18.98,19.0,18.96,18.96,19.08,18.8,6701410.0,127027239.0,0.211,0.04
600805,悦达投资,4.65,4.65,4.66,4.68,4.68,4.69,4.64,4542152.0,21180964.0,-0.641,-0.03
600807,济高发展,2.74,2.74,2.75,2.76,2.78,2.78,2.72,10490135.0,28857531.0,-0.725,-0.02
600808,马钢股份,2.67,2.66,2.67,2.64,2.63,2.68,2.59,63509434.0,167789010.0,1.136,0.03
600809,山西汾酒,119.02,119.02,119.03,122.2,121.92,122.02,118.7,5281033.0,632054143.0,-2.602,-3.18
600810,神马股份,6.62,6.61,6.62,6.63,6.63,6.65,6.55,5250066.0,34629003.0,-0.151,-0.01
600812,华北制药,4.8,4.8,4.81,4.87,4.84,4.86,4.76,14744354.0,70781151.0,-1.437,-0.07
600814,杭州解百,7.89,7.88,7.89,7.46,7.37,8.1,7.23,43457305.0,332541365.0,5.764,0.43
600815,厦工股份,3.77,3.77,3.78,4.18,4.15,4.16,3.76,154164100.0,598424959.0,-9.809,-0.41
600816,建元信托,2.49,2.48,2.49,2.5,2.5,2.5,2.47,51081700.0,126863456.0,-0.4,-0.01
600817,宇通重工,9.79,9.78,9.79,10.04,10.04,10.04,9.78,2219167.0,21878290.0,-2.49,-0.25
600818,ST中路,7.67,7.66,7.67,7.72,7.72,7.78,7.61,2174300.0,16716238.0,-0.648,-0.05
600819,耀皮玻璃,5.97,5.97,5.98,5.95,5.95,6.04,5.94,6371572.0,38160384.0,0.336,0.02
600820,隧道股份,5.57,5.57,5.58,5.52,5.52,5.6,5.52,29313300.0,163455980.0,0.906,0.05
600821,金开新能,6.25,6.25,6.26,6.28,6.29,6.35,6.07,85586566.0,530727205.0,-0.478,-0.03
600822,上海物贸,9.03,9.03,9.05,8.99,9.0,9.18,8.88,7525845.0,68244471.0,0.445,0.04
600824,益民集团,3.94,3.93,3.94,3.9,4.06,4.17,3.93,51364031.0,206648704.0,1.026,0.04
600825,新华传媒,5.31,0.0,0.0,5.31,0.0,0.0,0.0,0.0,0.0,0.0,0.0
600826,兰生股份,7.82,7.81,7.82,7.86,7.93,7.93,7.74,3845620.0,30017664.0,-0.509,-0.04
600827,百联股份,7.96,7.96,7.97,8.05,8.0,8.04,7.9,17276465.0,137674616.0,-1.118,-0.09
600828,茂业商业,4.98,4.97,4.98,5.04,5.04,5.09,4.82,66385868.0,327750747.0,-1.19,-0.06
600829,人民同泰,9.96,9.96,9.97,10.32,10.25,10.27,9.85,17046400.0,170434611.0,-3.488,-0.36
600830,香溢融通,9.11,9.11,9.12,9.68,9.39,9.45,9.07,43778534.0,403492540.0,-5.888,-0.57
600831,广电网络,3.44,3.43,3.44,3.53,3.54,3.54,3.38,14799544.0,50623455.0,-2.55,-0.09
600833,第一医药,10.78,10.78,10.79,10.85,10.8,10.81,10.61,5121500.0,54942828.0,-0.645,-0.07
600834,申通地铁,7.8,7.8,7.81,7.79,7.76,7.83,7.73,2636900.0,20541731.0,0.128,0.01
600835,上海机电,18.47,18.45,18.47,18.56,18.47,18.64,18.32,3152055.0,58264024.0,-0.485,-0.09
600838,上海九百,8.8,8.8,8.81,8.77,8.67,8.96,8.55,24762801.0,217608978.0,0.342,0.03
600839,四川长虹,6.92,6.92,6.93,7.0,7.0,7.0,6.9,46252128.0,320525931.0,-1.143,-0.08
600841,动力新科,6.08,6.08,6.09,5.84,5.83,6.16,5.82,23915900.0,143380278.0,4.11,0.24
600843,上工申贝,7.24,7.23,7.24,7.27,7.25,7.3,7.2,4193700.0,30353658.0,-0.413,-0.03
600844,金煤科技,3.85,3.85,3.86,3.82,3.79,3.93,3.74,65357400.0,250491836.0,0.785,0.03
600845,宝信软件,17.1,17.09,17.1,17.17,17.14,17.17,17.03,8232880.0,140577010.0,-0.408,-0.07
600846,同济科技,11.76,11.75,11.76,11.8,11.71,11.99,11.7,3397214.0,40208573.0,-0.339,-0.04
600847,万里股份,12.84,12.84,12.86,12.85,12.89,13.03,12.75,1590951.0,20482473.0,-0.078,-0.01
600848,上海临港,8.76,8.76,8.77,8.7,8.7,8.8,8.64,7131540.0,62189578.0,0.69,0.06
600850,电科数字,14.28,14.28,14.29,14.48,14.42,14.58,14.22,5821232.0,83569398.0,-1.381,-0.2
600851,海欣股份,8.58,8.58,8.59,8.58,8.55,8.63,8.5,6080000.0,52024822.0,0.0,0.0
600853,龙建股份,3.42,3.41,3.42,3.44,3.42,3.43,3.39,8662356.0,29540786.0,-0.581,-0.02
600854,春兰股份,4.82,4.81,4.82,4.81,4.81,4.88,4.75,6263814.0,30054540.0,0.208,0.01
600855,航天长峰,13.89,13.88,13.89,13.5,13.47,14.5,13.17,33051888.0,452373460.0,2.889,0.39
600857,宁波中百,23.53,23.51,23.53,22.97,23.38,23.98,22.67,13056306.0,305356801.0,2.438,0.56
600858,银座股份,5.35,5.35,5.36,5.26,5.26,5.38,5.2,12950100.0,68931902.0,1.711,0.09
600859,王府井,10.28,10.28,10.29,10.37,10.29,10.45,10.19,16460700.0,169445049.0,-0.868,-0.09
600860,京城股份,8.67,8.67,8.68,8.75,8.71,8.8,8.58,6057892.0,52496205.0,-0.914,-0.08
600861,北京人力,13.13,13.11,13.13,13.13,13.16,13.17,13.05,1593700.0,20899162.0,0.0,0.0
600862,中航高科,19.05,19.04,19.05,18.57,18.56,19.24,18.46,25720525.0,488137429.0,2.585,0.48
600863,华能蒙电,4.88,4.88,4.89,4.84,4.78,4.92,4.74,155071836.0,752716339.0,0.826,0.04
600864,哈投股份,5.7,5.69,5.7,5.73,5.71,5.73,5.65,20167017.0,114801653.0,-0.524,-0.03
600865,百大集团,15.11,15.11,0.0,13.74,14.1,15.11,13.82,70691988.0,1038728603.0,9.971,1.37
600866,星湖科技,4.57,4.57,4.58,4.61,4.59,4.64,4.55,42823945.0,196788626.0,-0.868,-0.04
600867,通化东宝,8.01,8.0,8.01,8.08,8.07,8.08,7.99,8630665.0,69210789.0,-0.866,-0.07
600868,梅雁吉祥,2.9,2.89,2.9,2.89,2.87,2.91,2.84,43589065.0,125604929.0,0.346,0.01
600869,远东股份,24.93,24.93,0.0,22.66,22.33,24.93,22.08,312663097.0,7371146996.0,10.018,2.27
600871,石化油服,2.34,2.33,2.34,2.35,2.34,2.37,2.31,154662375.0,361368974.0,-0.426,-0.01
600872,中炬高新,18.24,18.24,18.25,18.56,18.63,18.63,18.13,10798010.0,196957657.0,-1.724,-0.32
600873,梅花生物,7.9,7.9,7.91,7.92,7.92,8.04,7.88,25992848.0,206959470.0,-0.253,-0.02
600874,创业环保,5.69,5.69,5.7,5.7,5.68,5.71,5.66,5732985.0,32615502.0,-0.175,-0.01
600875,东方电气,26.36,26.35,26.36,24.98,25.07,26.38,24.98,83291100.0,2152570941.0,5.524,1.38
600876,凯盛新能,7.19,7.18,7.19,7.22,7.19,7.23,7.13,1916922.0,13775101.0,-0.416,-0.03
600877,电科芯片,11.83,11.82,11.83,11.9,11.9,12.03,11.82,10195597.0,121504602.0,-0.588,-0.07
600879,航天电子,14.46,14.45,14.46,14.3,14.28,14.58,14.2,65668750.0,946717324.0,1.119,0.16
600880,博瑞传播,4.7,4.69,4.7,4.58,4.78,5.02,4.42,141823669.0,658090802.0,2.62,0.12
600881,亚泰集团,2.0,2.0,2.01,2.07,2.07,2.1,1.99,229368640.0,467433181.0,-3.382,-0.07
600882,妙可蓝多,20.42,20.42,20.43,20.84,20.8,20.86,20.21,3976206.0,81212537.0,-2.015,-0.42
600883,博闻科技,8.51,8.51,8.52,8.43,8.38,8.6,8.3,8137970.0,68901492.0,0.949,0.08
600884,杉杉股份,11.55,11.55,11.56,11.62,11.58,11.61,11.5,20692737.0,239062424.0,-0.602,-0.07
600885,宏发股份,35.43,35.43,35.44,34.66,34.67,35.59,34.58,13786883.0,485904528.0,2.222,0.77
600886,国投电力,14.37,14.37,14.38,14.13,14.17,14.42,14.02,21705199.0,309312415.0,1.699,0.24
600887,伊利股份,26.45,26.45,26.46,26.53,26.5,26.58,26.33,44987064.0,1190016032.0,-0.302,-0.08
600888,新疆众和,10.25,10.25,10.26,10.09,10.09,10.27,10.09,36302813.0,370455536.0,1.586,0.16
600889,*ST京化,13.8,13.79,13.8,13.75,13.75,13.8,13.64,805700.0,11047091.0,0.364,0.05
600892,大晟文化,4.42,4.42,4.43,4.91,4.71,4.88,4.42,117568475.0,531859864.0,-9.98,-0.49
600893,航发动力,41.37,41.37,41.38,41.25,40.88,42.3,40.88,48522121.0,2016187447.0,0.291,0.12
600894,广日股份,7.45,7.45,7.46,7.48,7.48,7.49,7.41,2463367.0,18339578.0,-0.401,-0.03
600895,张江高科,29.16,29.15,29.16,29.79,29.48,29.57,29.01,19114135.0,559333392.0,-2.115,-0.63
600897,厦门空港,15.48,15.47,15.48,15.43,15.49,15.56,15.19,2639411.0,40637155.0,0.324,0.05
600900,长江电力,28.05,28.04,28.05,27.87,27.81,28.07,27.7,70031426.0,1956050913.0,0.646,0.18
600901,江苏金租,6.8,6.8,6.81,6.8,6.77,6.85,6.77,18433585.0,125575093.0,0.0,0.0
600903,贵州燃气,7.45,7.44,7.45,7.25,7.52,7.68,7.35,147056347.0,1100580683.0,2.759,0.2
600905,三峡能源,3.7,3.7,3.71,3.7,3.7,3.72,3.68,72473943.0,268321334.0,0.0,0.0
600906,财达证券,6.48,6.48,6.49,6.53,6.5,6.52,6.45,23263127.0,150607804.0,-0.766,-0.05
600908,无锡银行,5.91,5.9,5.91,5.84,5.84,5.94,5.8,21132446.0,124585005.0,1.199,0.07
600909,华安证券,8.07,8.06,8.07,8.02,8.05,8.15,7.99,77081059.0,622628275.0,0.623,0.05
600916,中国黄金,8.05,8.04,8.05,7.98,7.92,8.08,7.87,34210606.0,273414841.0,0.877,0.07
600917,重庆燃气,5.06,5.06,5.07,5.02,5.0,5.08,5.0,7874300.0,39743682.0,0.797,0.04
600918,中泰证券,5.6,5.6,5.61,5.6,5.59,5.62,5.57,22280324.0,124732716.0,0.0,0.0
600919,江苏银行,12.33,12.33,12.34,12.26,12.29,12.4,12.23,53301510.0,657669170.0,0.571,0.07
600925,苏能股份,4.34,4.33,4.34,4.24,4.24,4.34,4.23,20262868.0,87245564.0,2.358,0.1
600926,杭州银行,17.28,17.28,17.3,17.2,17.18,17.37,17.15,24683119.0,426602069.0,0.465,0.08
600927,永安期货,12.75,12.74,12.75,12.78,12.74,12.8,12.69,3835218.0,48859187.0,-0.235,-0.03
600928,西安银行,3.59,3.59,3.6,3.61,3.6,3.62,3.56,20302289.0,72954950.0,-0.554,-0.02
600929,雪天盐业,6.04,0.0,0.0,6.04,0.0,0.0,0.0,0.0,0.0,0.0,0.0
600930,华电新能,3.96,3.95,3.96,3.96,3.95,3.97,3.93,87940970.0,347563141.0,0.0,0.0
600933,爱柯迪,13.33,13.33,13.34,13.53,13.53,13.57,13.27,6976800.0,93184458.0,-1.478,-0.2
600935,华塑股份,2.42,2.42,2.43,2.42,2.43,2.44,2.39,35641142.0,86244491.0,0.0,0.0
600936,北投科技,4.96,4.95,4.96,5.06,5.02,5.1,4.85,79128178.0,392586605.0,-1.976,-0.1
600938,中国海油,34.18,34.18,34.19,34.39,34.45,34.45,33.92,39152090.0,1338951680.0,-0.611,-0.21
600939,重庆建工,2.73,2.73,2.74,2.75,2.75,2.76,2.7,8772500.0,23959668.0,-0.727,-0.02
600941,中国移动,97.11,97.11,97.13,97.7,97.45,97.45,96.81,6925670.0,671900904.0,-0.604,-0.59
600955,维远股份,12.87,12.87,12.88,12.94,12.94,13.06,12.83,1974951.0,25501242.0,-0.541,-0.07
600956,新天绿能,7.36,7.35,7.36,7.23,7.26,7.4,7.19,9359505.0,68575772.0,1.798,0.13
600958,东方证券,9.14,9.13,9.14,9.19,9.16,9.19,9.11,30733904.0,280958227.0,-0.544,-0.05
600959,江苏有线,3.17,3.17,3.18,3.22,3.2,3.21,3.16,40245450.0,127791964.0,-1.553,-0.05
600960,渤海汽车,4.03,4.03,4.04,4.05,4.04,4.06,4.0,7041200.0,28337990.0,-0.494,-0.02
600961,株冶集团,25.6,25.59,25.6,25.34,25.33,25.73,25.06,29833474.0,758271528.0,1.026,0.26
600962,国投中鲁,25.62,25.61,25.62,25.29,25.29,25.64,25.12,3601325.0,91702854.0,1.305,0.33
600963,岳阳林纸,3.56,3.56,3.57,3.59,3.62,3.63,3.54,29944570.0,107223015.0,-0.836,-0.03
600965,*ST福成,2.95,2.94,2.95,2.97,2.95,3.1,2.88,12289100.0,36543505.0,-0.673,-0.02
600966,博汇纸业,5.04,5.03,5.04,4.91,4.92,5.07,4.83,17753530.0,88547344.0,2.648,0.13
600967,内蒙一机,14.43,14.43,14.44,13.87,13.55,15.22,13.41,170715972.0,2433500027.0,4.037,0.56
600968,海油发展,4.07,4.07,4.08,4.02,4.06,4.12,3.98,51590514.0,209500230.0,1.244,0.05
600969,郴电国际,11.13,11.12,11.13,10.72,10.45,11.57,10.21,38566583.0,415495592.0,3.825,0.41
600970,中材国际,7.86,7.86,7.87,7.87,7.87,7.88,7.79,8504100.0,66727960.0,-0.127,-0.01
600971,恒源煤电,8.96,8.96,8.97,8.82,8.76,9.09,8.72,15989690.0,142768176.0,1.587,0.14
600973,宝胜股份,6.27,6.26,6.27,6.06,6.05,6.28,6.04,28558882.0,177365433.0,3.465,0.21
600975,新五丰,5.89,5.88,5.89,5.85,5.8,6.0,5.73,61537709.0,361916181.0,0.684,0.04
600976,健民集团,27.55,27.55,27.58,28.17,28.07,28.08,27.49,1538537.0,42599752.0,-2.201,-0.62
600977,中国电影,12.99,12.99,13.0,13.19,13.1,13.15,12.86,22188009.0,288076304.0,-1.516,-0.2
600979,广安爱众,4.04,4.03,4.04,4.02,4.02,4.05,3.97,19109790.0,76816945.0,0.498,0.02
600980,北矿科技,19.44,19.44,19.45,19.48,19.43,19.49,19.26,1338100.0,25924359.0,-0.205,-0.04
600981,苏豪汇鸿,2.54,2.54,2.55,2.55,2.53,2.56,2.5,17153600.0,43470325.0,-0.392,-0.01
600982,宁波能源,5.01,5.0,5.01,4.92,4.89,5.02,4.87,24017100.0,119444490.0,1.829,0.09
600983,惠而浦,7.44,7.44,7.45,7.66,7.65,7.65,7.42,2470000.0,18538158.0,-2.872,-0.22
600984,建设机械,3.7,3.69,3.7,3.78,3.77,3.77,3.66,30946985.0,114819976.0,-2.116,-0.08
600985,淮北矿业,17.26,17.26,17.27,16.79,16.75,17.49,16.7,24950658.0,428876516.0,2.799,0.47
600986,浙文互联,7.37,7.36,7.37,7.62,7.55,7.59,7.27,54607084.0,402578513.0,-3.281,-0.25
600987,航民股份,6.54,6.53,6.54,6.57,6.56,6.56,6.51,3887300.0,25391716.0,-0.457,-0.03
600988,赤峰黄金,43.88,43.88,43.89,44.2,43.4,44.53,43.17,46553739.0,2037640243.0,-0.724,-0.32
600989,宝丰能源,24.91,24.9,24.91,24.39,24.47,25.23,23.95,91166636.0,2250617619.0,2.132,0.52
600990,四创电子,18.95,18.95,18.96,18.84,18.89,19.28,18.75,2845746.0,54151420.0,0.584,0.11
600992,贵绳股份,10.29,10.27,10.29,10.19,10.25,10.37,10.15,4149100.0,42535072.0,0.981,0.1
600993,马应龙,22.65,22.65,22.66,22.95,23.06,23.06,22.58,3386300.0,76967081.0,-1.307,-0.3
600995,南网储能,12.54,12.54,12.55,12.43,12.48,12.59,12.31,9269757.0,115488036.0,0.885,0.11
600996,贵广网络,7.01,7.01,7.02,7.25,7.22,7.25,6.96,16391324.0,115367033.0,-3.31,-0.24
600997,开滦股份,5.68,5.68,5.7,5.62,5.58,5.76,5.56,13921565.0,78847519.0,1.068,0.06
600998,九州通,5.05,5.05,5.06,5.07,5.07,5.08,5.01,17862472.0,90026034.0,-0.394,-0.02
600999,招商证券,17.91,17.9,17.91,17.97,17.96,18.05,17.82,38753157.0,693028232.0,-0.334,-0.06
601000,唐山港,4.57,4.57,4.58,4.51,4.5,4.59,4.49,43092634.0,196405182.0,1.33,0.06
601001,晋控煤业,17.6,17.59,17.6,16.48,16.49,17.78,16.45,38239849.0,663071107.0,6.796,1.12
601002,晋亿实业,5.38,5.38,5.39,5.35,5.35,5.4,5.33,9095900.0,48807912.0,0.561,0.03
601003,柳钢股份,3.91,3.91,3.92,3.89,3.88,3.92,3.82,24729318.0,95979104.0,0.514,0.02
601005,重庆钢铁,1.25,1.25,1.26,1.24,1.24,1.26,1.23,113791053.0,141903082.0,0.806,0.01
601006,大秦铁路,4.82,4.82,4.83,4.79,4.79,4.83,4.76,91936716.0,441736559.0,0.626,0.03
601007,金陵饭店,7.28,7.27,7.28,7.25,7.26,7.31,7.08,9152100.0,66153783.0,0.414,0.03
601008,连云港,4.83,4.82,4.83,4.57,4.57,4.89,4.55,62904488.0,299800794.0,5.689,0.26
601009,南京银行,12.02,12.02,12.03,12.03,12.0,12.15,12.0,37023473.0,446743648.0,-0.083,-0.01
601010,ST文峰,1.5,1.49,1.5,1.53,1.52,1.53,1.49,12966200.0,19551545.0,-1.961,-0.03
601011,宝泰隆,3.1,3.1,3.11,3.06,3.05,3.13,3.0,87023326.0,267239865.0,1.307,0.04
601012,隆基绿能,11.83,11.83,11.84,11.88,11.9,11.94,11.78,41802933.0,494840020.0,-0.421,-0.05
601015,陕西黑猫,4.08,4.07,4.08,3.9,3.88,4.13,3.83,152509125.0,610742928.0,4.615,0.18
601016,节能风电,3.41,3.4,3.41,3.37,3.36,3.42,3.34,97206128.0,329746189.0,1.187,0.04
601018,宁波港,3.55,3.54,3.55,3.49,3.49,3.56,3.46,71938305.0,253916058.0,1.719,0.06
601019,山东出版,7.04,7.04,7.05,7.25,7.22,7.22,6.99,9336534.0,65991369.0,-2.897,-0.21
601020,华钰矿业,23.22,23.22,23.23,22.51,23.0,23.4,22.33,52249385.0,1199137490.0,3.154,0.71
601021,春秋航空,43.52,43.52,43.53,43.49,43.25,43.58,43.0,3569278.0,154499865.0,0.069,0.03
601022,宁波远洋,8.76,8.76,8.77,8.45,8.45,8.81,8.4,21175061.0,183855009.0,3.669,0.31
601026,道生天合,14.44,14.44,14.45,14.75,14.85,14.85,14.43,3230503.0,47083950.0,-2.102,-0.31
601033,永兴股份,14.62,14.62,14.64,14.61,14.63,14.68,14.56,2033471.0,29744032.0,0.068,0.01
601038,一拖股份,14.89,14.88,14.89,14.92,14.88,15.17,14.8,10481631.0,156798515.0,-0.201,-0.03
601058,赛轮轮胎,14.62,14.62,14.63,14.59,14.45,14.76,14.44,31167015.0,456077310.0,0.206,0.03
601059,信达证券,15.93,15.93,15.94,16.4,15.96,16.06,15.55,17226918.0,273304850.0,-2.866,-0.47
601061,中信金属,12.18,12.17,12.18,11.61,11.61,12.25,11.61,24034098.0,288363952.0,4.91,0.57
601065,江盐集团,7.02,7.01,7.02,7.04,7.04,7.07,6.98,4702400.0,32993143.0,-0.284,-0.02
601066,中信建投,24.25,24.24,24.25,24.36,24.3,24.32,24.06,13299505.0,321662996.0,-0.452,-0.11
601068,中铝国际,4.69,4.69,4.7,4.64,4.66,4.72,4.56,11387000.0,53126142.0,1.078,0.05
601069,西部黄金,29.89,29.89,29.9,29.23,29.0,30.3,28.69,23769393.0,701277336.0,2.258,0.66
601077,渝农商行,6.78,6.77,6.78,6.8,6.78,6.82,6.75,44458100.0,301453110.0,-0.294,-0.02
601083,锦江航运,13.12,13.12,13.13,12.94,12.9,13.26,12.65,16089707.0,209727992.0,1.391,0.18
601086,国芳集团,14.88,14.87,14.88,14.95,14.8,14.9,14.06,90804731.0,1316441018.0,-0.468,-0.07
601088,中国神华,47.33,47.32,47.33,46.32,46.16,47.39,45.95,29753880.0,1394385888.0,2.18,1.01
601089,福元医药,16.26,16.26,16.27,16.39,16.27,16.39,16.22,1579818.0,25730010.0,-0.793,-0.13
601096,宏盛华源,4.2,4.2,4.21,4.2,4.18,4.22,4.17,12243200.0,51344852.0,0.0,0.0
601098,中南传媒,10.22,10.22,10.24,10.39,10.36,10.36,10.13,11911392.0,122011536.0,-1.636,-0.17
601099,太平洋,3.53,3.53,3.54,3.56,3.55,3.56,3.52,77614845.0,274352375.0,-0.843,-0.03
601100,恒立液压,101.63,101.63,101.68,102.13,102.37,102.4,101.02,2841335.0,289205826.0,-0.49,-0.5
601101,昊华能源,14.05,14.04,14.05,13.6,13.55,14.1,13.5,35498864.0,492656096.0,3.309,0.45
601106,中国一重,3.11,3.11,3.12,3.08,3.08,3.14,3.06,59617500.0,185292624.0,0.974,0.03
601107,四川成渝,5.95,5.94,5.95,5.83,5.81,6.02,5.8,10472819.0,62255410.0,2.058,0.12
601108,财通证券,8.47,8.47,8.48,8.52,8.5,8.53,8.43,33822499.0,286648304.0,-0.587,-0.05
601111,中国国航,5.9,5.9,5.91,5.86,5.84,5.91,5.81,54349144.0,319025193.0,0.683,0.04
601112,振石股份,15.32,15.32,15.33,15.56,15.56,15.59,15.26,3352741.0,51610823.0,-1.542,-0.24
601113,华鼎股份,3.55,3.55,3.56,3.56,3.54,3.6,3.52,10885800.0,38747726.0,-0.281,-0.01
601116,三江购物,11.65,11.64,11.65,11.73,11.67,11.72,11.37,20602681.0,238687946.0,-0.682,-0.08
601117,中国化学,7.42,7.41,7.42,7.41,7.4,7.43,7.36,37415860.0,276878753.0,0.135,0.01
601118,海南橡胶,8.15,8.14,8.15,7.87,7.59,8.15,7.27,311203848.0,2363347055.0,3.558,0.28
601121,宝地矿业,7.69,7.68,7.69,7.52,7.5,7.76,7.44,19639472.0,149935189.0,2.261,0.17
601123,马矿股份,17.25,17.25,17.26,17.1,16.93,17.53,16.44,31917433.0,540202713.0,0.877,0.15
601126,四方股份,43.14,43.13,43.14,40.1,40.4,44.11,40.2,53280672.0,2290748016.0,7.581,3.04
601127,赛力斯,48.42,48.41,48.42,49.28,49.16,49.16,48.3,14867980.0,722138331.0,-1.745,-0.86
601128,常熟银行,6.41,6.41,6.42,6.44,6.43,6.46,6.39,37138860.0,238401435.0,-0.466,-0.03
601133,柏诚股份,23.82,23.82,23.83,23.98,24.18,24.98,23.58,8938660.0,216541721.0,-0.667,-0.16
601136,首创证券,15.27,15.26,15.27,15.49,15.46,15.46,15.18,17907899.0,273708427.0,-1.42,-0.22
601137,博威合金,20.09,20.09,20.1,20.15,20.17,20.53,19.93,13436100.0,271380907.0,-0.298,-0.06
601138,工业富联,65.24,65.24,65.25,64.75,64.9,66.08,64.47,76150565.0,4971511293.0,0.757,0.49
601139,深圳燃气,6.59,6.58,6.59,6.52,6.54,6.61,6.49,17057600.0,112105516.0,1.074,0.07
601155,新城控股,11.91,11.9,11.91,12.25,12.26,12.32,11.85,17249062.0,207434696.0,-2.776,-0.34
601156,东航物流,19.1,19.1,19.11,18.88,18.88,19.27,18.8,5466807.0,104354415.0,1.165,0.22
601158,重庆水务,4.13,4.13,4.14,4.13,4.13,4.14,4.11,5385873.0,22229140.0,0.0,0.0
601162,天风证券,3.71,3.71,3.72,3.76,3.75,3.76,3.7,113968713.0,424187802.0,-1.33,-0.05
601163,三角轮胎,12.58,12.57,12.58,12.53,12.5,12.61,12.46,2654967.0,33322079.0,0.399,0.05
601166,兴业银行,18.11,18.11,18.12,18.17,18.17,18.21,18.09,57003235.0,1034245726.0,-0.33,-0.06
601168,西部矿业,41.15,41.15,41.16,40.69,40.69,41.97,40.48,54520295.0,2235797872.0,1.13,0.46
601169,北京银行,5.53,5.53,5.54,5.54,5.51,5.58,5.5,124250232.0,688448253.0,-0.181,-0.01
601177,杭齿前进,13.95,13.94,13.95,13.98,13.98,14.05,13.86,3981510.0,55543522.0,-0.215,-0.03
601179,中国西电,12.56,12.56,12.57,12.42,12.42,12.6,12.36,67904070.0,850160425.0,1.127,0.14
601186,中国铁建,6.14,6.13,6.14,6.1,6.1,6.15,6.07,47091589.0,288241721.0,0.656,0.04
601187,厦门银行,7.27,7.27,7.28,7.28,7.26,7.32,7.23,12462225.0,90615132.0,-0.137,-0.01
601188,龙江交通,2.99,2.98,2.99,2.98,2.99,3.0,2.95,12363400.0,36800628.0,0.336,0.01
601198,东兴证券,13.15,13.15,13.16,13.34,13.33,13.36,12.95,39529700.0,519489147.0,-1.424,-0.19
601199,江南水务,5.86,5.86,5.87,5.85,5.85,5.91,5.8,6458250.0,37853866.0,0.171,0.01
601200,上海环境,7.03,7.03,7.04,7.04,7.04,7.06,7.0,4668338.0,32849584.0,-0.142,-0.01
601208,东材科技,47.17,47.16,47.17,47.41,47.9,48.31,46.71,34585922.0,1644249977.0,-0.506,-0.24
601211,国泰海通,17.52,17.52,17.53,17.5,17.52,17.57,17.36,37265560.0,652264273.0,0.114,0.02
601212,白银有色,7.09,7.09,7.1,7.11,6.99,7.14,6.74,431801744.0,3000128698.0,-0.281,-0.02
601216,君正集团,4.85,4.85,4.86,4.83,4.83,4.88,4.81,45315100.0,219267229.0,0.414,0.02
601218,吉鑫科技,4.56,4.56,4.57,4.55,4.56,4.57,4.51,13830200.0,62862975.0,0.22,0.01
601222,林洋能源,6.05,6.04,6.05,6.0,5.97,6.06,5.96,21722923.0,130701261.0,0.833,0.05
601225,陕西煤业,26.54,26.54,26.55,25.71,25.68,26.6,25.54,42867974.0,1124440403.0,3.228,0.83
601226,华电科工,6.73,6.72,6.73,6.6,6.6,6.73,6.52,11212700.0,74715013.0,1.97,0.13
601228,广州港,3.16,3.16,3.17,3.14,3.14,3.19,3.12,23990660.0,75843924.0,0.637,0.02
601229,上海银行,9.59,9.59,9.6,9.55,9.55,9.68,9.53,34120916.0,327955951.0,0.419,0.04
601231,环旭电子,25.38,25.37,25.38,25.1,25.41,25.78,25.07,19477567.0,496131852.0,1.116,0.28
601233,桐昆股份,24.97,24.97,24.98,25.07,25.08,25.09,24.4,38076386.0,942039740.0,-0.399,-0.1
601236,红塔证券,6.99,6.99,7.01,7.03,7.02,7.03,6.96,10659040.0,74561839.0,-0.569,-0.04
601238,广汽集团,5.18,5.17,5.18,5.2,5.2,5.21,5.15,18344791.0,94977092.0,-0.385,-0.02
601279,英利汽车,3.46,3.46,3.47,3.49,3.5,3.54,3.45,10914000.0,38102464.0,-0.86,-0.03
601288,农业银行,6.81,6.81,6.82,6.76,6.73,6.83,6.71,216489768.0,1467748313.0,0.74,0.05
601298,青岛港,9.46,9.46,9.47,9.28,9.32,9.55,9.26,10596100.0,100085866.0,1.94,0.18
601311,骆驼股份,7.6,7.6,7.61,7.69,7.67,7.67,7.58,9438258.0,71938408.0,-1.17,-0.09
601318,中国平安,56.26,56.26,56.27,55.7,55.7,56.57,55.57,52422242.0,2944585975.0,1.005,0.56
601319,中国人保,7.9,7.9,7.91,7.82,7.78,7.95,7.77,70473100.0,554836757.0,1.023,0.08
601326,秦港股份,3.63,3.63,3.64,3.58,3.58,3.64,3.56,18992827.0,68711967.0,1.397,0.05
601328,交通银行,7.29,7.29,7.3,7.28,7.28,7.32,7.23,100751759.0,733917962.0,0.137,0.01
601330,绿色动力,8.29,8.29,8.3,8.18,8.12,8.36,8.07,23730699.0,195913367.0,1.345,0.11
601333,广深铁路,3.13,3.12,3.13,3.14,3.14,3.15,3.11,50373810.0,157757722.0,-0.318,-0.01
601336,新华保险,59.93,59.92,59.93,60.06,59.88,60.2,59.51,16833379.0,1007182980.0,-0.216,-0.13
601339,百隆东方,7.54,7.53,7.54,7.44,7.41,7.56,7.4,7002700.0,52474813.0,1.344,0.1
601360,三六零,8.82,8.81,8.82,8.97,8.91,8.93,8.77,84297684.0,744888724.0,-1.672,-0.15
601366,利群股份,3.92,3.92,3.93,3.93,3.9,3.95,3.85,15114900.0,59114838.0,-0.254,-0.01
601368,绿城水务,4.62,4.61,4.62,4.63,4.63,4.66,4.58,3615002.0,16685042.0,-0.216,-0.01
601369,陕鼓动力,8.56,8.56,8.57,8.62,8.59,8.65,8.54,5553453.0,47616594.0,-0.696,-0.06
601375,中原证券,4.09,4.09,4.1,4.08,4.08,4.11,4.06,26707432.0,109246124.0,0.245,0.01
601377,兴业证券,5.93,5.93,5.94,5.91,5.9,5.94,5.88,43571843.0,258076955.0,0.338,0.02
601388,怡球资源,3.49,3.49,3.5,3.47,3.47,3.5,3.43,34609421.0,120211268.0,0.576,0.02
601390,中国中铁,4.44,4.44,4.45,4.42,4.42,4.46,4.39,84389206.0,373908893.0,0.452,0.02
601398,工商银行,8.0,8.0,8.01,7.94,7.91,8.02,7.88,215443212.0,1717501611.0,0.756,0.06
601399,国机重装,3.27,3.27,3.28,3.23,3.22,3.28,3.21,60382495.0,196474587.0,1.238,0.04
601456,国联民生,8.83,8.83,8.84,8.84,8.84,8.85,8.79,10937110.0,96465226.0,-0.113,-0.01
601500,通用股份,4.02,4.02,4.03,4.02,4.01,4.04,4.0,10910100.0,43843149.0,0.0,0.0
601512,中新集团,8.75,8.75,8.77,8.78,8.73,8.94,8.71,3766208.0,33240903.0,-0.342,-0.03
601515,衢州东峰,3.34,3.33,3.34,3.36,3.36,3.36,3.31,10132920.0,33798379.0,-0.595,-0.02
601518,吉林高速,2.88,2.88,2.89,2.88,2.87,2.89,2.85,11378943.0,32724703.0,0.0,0.0
601519,大智慧,8.75,8.75,8.76,8.86,8.74,8.9,8.7,25184189.0,220687898.0,-1.242,-0.11
601528,瑞丰银行,5.21,5.21,5.22,5.2,5.18,5.27,5.18,21614714.0,112820360.0,0.192,0.01
601555,东吴证券,8.42,8.42,8.43,8.4,8.43,8.47,8.35,21868538.0,184150042.0,0.238,0.02
601566,九牧王,10.55,10.54,10.55,10.87,10.51,11.18,10.44,39596904.0,421402208.0,-2.944,-0.32
601567,三星电气,13.47,13.47,13.49,13.54,13.5,13.61,13.42,10466300.0,141416537.0,-0.517,-0.07
601568,北元化工,3.93,3.93,3.94,3.89,3.88,3.99,3.88,38316626.0,151418944.0,1.028,0.04
601577,长沙银行,10.05,10.05,10.06,10.04,10.07,10.1,9.99,16295554.0,163826869.0,0.1,0.01
601579,会稽山,25.3,25.3,0.0,23.0,23.47,25.3,23.01,33217116.0,819278150.0,10.0,2.3
601588,北辰实业,1.78,1.77,1.78,1.81,1.8,1.81,1.76,28676981.0,51033823.0,-1.657,-0.03
601595,上海电影,22.5,22.5,22.51,22.69,22.6,22.78,21.19,35308712.0,775541004.0,-0.837,-0.19
601598,中国外运,6.56,6.56,6.58,6.49,6.49,6.59,6.45,8359447.0,54751665.0,1.079,0.07
601599,浙文影业,3.33,3.32,3.33,3.39,3.37,3.38,3.29,24299908.0,80596940.0,-1.77,-0.06
601600,中国铝业,10.03,10.03,10.04,9.74,9.78,10.05,9.73,252535484.0,2506284194.0,2.977,0.29
601601,中国太保,33.43,33.43,33.44,33.56,33.55,33.77,33.27,26639765.0,890819330.0,-0.387,-0.13
601606,长城军工,35.46,35.46,35.47,35.2,34.51,38.0,33.88,70096629.0,2506809720.0,0.739,0.26
601607,上海医药,16.48,16.48,16.49,16.57,16.55,16.58,16.45,5625873.0,92822119.0,-0.543,-0.09
601608,中信重工,4.95,4.94,4.95,4.86,4.87,4.96,4.84,36011477.0,176961611.0,1.852,0.09
601609,金田股份,13.27,13.27,13.28,13.39,13.8,14.02,13.15,46560179.0,624403154.0,-0.896,-0.12
601611,中国核建,11.19,11.19,11.2,10.73,10.77,11.22,10.77,56093116.0,617087028.0,4.287,0.46
601615,明阳智能,9.61,9.61,9.62,9.72,9.68,9.71,9.57,29140782.0,280512089.0,-1.132,-0.11
601616,广电电气,3.88,3.87,3.88,3.85,3.84,3.88,3.81,10453886.0,40196187.0,0.779,0.03
601618,中国中冶,2.62,2.61,2.62,2.62,2.62,2.63,2.6,82566049.0,216002485.0,0.0,0.0
601619,嘉泽新能,4.18,4.18,4.19,4.18,4.16,4.21,4.14,23156215.0,96730375.0,0.0,0.0
601628,中国人寿,38.15,38.15,38.16,38.06,37.95,38.4,37.51,26302511.0,999347862.0,0.236,0.09
601633,长城汽车,14.74,14.74,14.75,15.03,15.03,15.03,14.66,16510277.0,244308517.0,-1.929,-0.29
601636,旗滨集团,5.79,5.79,5.8,5.78,5.8,5.93,5.77,56370472.0,329455386.0,0.173,0.01
601658,邮储银行,5.4,5.4,5.41,5.42,5.4,5.42,5.36,114454800.0,617522697.0,-0.369,-0.02
601665,齐鲁银行,7.13,7.13,7.14,7.08,7.06,7.21,7.05,44032518.0,313838707.0,0.706,0.05
601666,平煤股份,9.65,9.65,9.66,9.4,9.38,9.82,9.32,39903225.0,383493019.0,2.66,0.25
601668,中国建筑,4.39,4.38,4.39,4.37,4.37,4.4,4.35,181929803.0,797158139.0,0.458,0.02
601669,中国电建,4.68,4.68,4.69,4.66,4.65,4.69,4.63,100759944.0,469837245.0,0.429,0.02
601677,明泰铝业,17.14,17.14,17.15,16.61,16.61,17.22,16.61,32526364.0,553080730.0,3.191,0.53
601678,滨化股份,6.1,6.1,6.11,6.18,6.16,6.2,6.03,76244722.0,464476861.0,-1.294,-0.08
601686,友发集团,5.27,5.27,5.28,5.27,5.25,5.29,5.23,4332568.0,22828558.0,0.0,0.0
601688,华泰证券,19.32,19.32,19.33,19.27,19.22,19.35,19.17,27173344.0,523359449.0,0.259,0.05
601689,拓普集团,45.89,45.89,45.9,46.25,46.29,47.1,45.71,14387691.0,665347950.0,-0.778,-0.36
601696,中银证券,11.71,11.7,11.71,11.79,11.75,11.79,11.64,24432671.0,285593948.0,-0.679,-0.08
601698,中国卫通,24.26,24.25,24.26,24.24,24.23,24.44,24.05,15678057.0,380253793.0,0.083,0.02
601699,潞安环能,16.67,16.66,16.67,16.18,16.12,16.99,16.06,31167901.0,516313618.0,3.028,0.49
601700,风范股份,6.62,6.62,6.63,7.01,6.88,6.9,6.6,114836551.0,770622580.0,-5.563,-0.39
601702,华峰铝业,15.8,15.8,15.81,15.63,15.68,15.92,15.63,7392200.0,116683022.0,1.088,0.17
601717,中创智领,14.63,14.63,14.64,14.87,14.8,14.8,14.55,12221728.0,179028087.0,-1.614,-0.24
601718,ST际华,1.99,1.98,1.99,2.01,2.01,2.02,1.97,31049722.0,61862802.0,-0.995,-0.02
601727,上海电气,6.74,6.74,6.75,6.74,6.72,6.79,6.71,56901324.0,384055566.0,0.0,0.0
601728,中国电信,6.28,6.27,6.28,6.31,6.32,6.33,6.23,79528290.0,498732315.0,-0.475,-0.03
601766,中国中车,6.16,6.16,6.17,6.19,6.2,6.21,6.13,88995847.0,548815885.0,-0.485,-0.03
601777,千里科技,8.09,8.09,8.1,8.18,8.18,8.21,8.06,14482500.0,117588319.0,-1.1,-0.09
601778,晶科科技,3.6,3.6,3.61,3.63,3.63,3.65,3.59,68374401.0,247324498.0,-0.826,-0.03
601788,光大证券,14.38,14.38,14.39,14.45,14.44,14.45,14.35,11732019.0,168730989.0,-0.484,-0.07
601789,宁波建工,4.3,4.3,4.31,4.33,4.31,4.33,4.26,22098606.0,94855104.0,-0.693,-0.03
601798,蓝科高新,7.84,7.84,7.85,7.8,7.83,7.9,7.74,4704000.0,36806918.0,0.513,0.04
601799,星宇股份,75.2,75.2,75.21,77.58,77.11,77.22,74.9,5309800.0,402408736.0,-3.068,-2.38
601800,中国交建,6.02,6.02,6.03,6.0,6.01,6.03,5.96,26965785.0,161973939.0,0.333,0.02
601801,皖新传媒,5.38,5.38,5.39,5.51,5.47,5.5,5.33,13704900.0,73864301.0,-2.359,-0.13
601808,中海油服,12.88,12.88,12.89,12.85,12.87,13.0,12.76,13863007.0,178538236.0,0.233,0.03
601811,新华文轩,11.63,11.63,11.64,12.0,11.76,11.82,11.58,3711900.0,43261553.0,-3.083,-0.37
601816,京沪高铁,4.8,4.8,4.81,4.82,4.81,4.82,4.76,124927186.0,598630371.0,-0.415,-0.02
601818,光大银行,3.03,3.02,3.03,3.04,3.04,3.05,3.02,117541510.0,356348468.0,-0.329,-0.01
601825,沪农商行,8.96,8.96,8.97,9.01,9.01,9.07,8.93,17371400.0,156255069.0,-0.555,-0.05
601827,三峰环境,8.17,8.17,8.18,8.06,8.09,8.19,8.04,4463162.0,36250533.0,1.365,0.11
601828,美凯龙,2.3,2.3,2.31,2.31,2.31,2.32,2.28,65994875.0,151825608.0,-0.433,-0.01
601838,成都银行,19.86,19.86,19.88,19.81,19.81,19.95,19.75,11534291.0,229170072.0,0.252,0.05
601857,中国石油,11.32,11.32,11.33,11.3,11.33,11.48,11.18,119202683.0,1351581654.0,0.177,0.02
601858,中国科传,21.01,21.01,21.02,22.9,22.6,22.6,20.75,24367208.0,517158863.0,-8.253,-1.89
601860,紫金银行,2.65,2.65,2.66,2.66,2.66,2.68,2.64,42776500.0,113646299.0,-0.376,-0.01
601865,福莱特,9.84,9.84,9.85,9.99,9.98,10.02,9.81,10673400.0,105559314.0,-1.502,-0.15
601866,中远海发,2.52,2.52,2.53,2.48,2.47,2.54,2.46,110862845.0,278489228.0,1.613,0.04
601868,中国能建,2.51,2.5,2.51,2.49,2.49,2.53,2.48,293442201.0,735815945.0,0.803,0.02
601869,长飞光纤,442.03,442.03,442.04,416.85,430.0,458.54,428.1,19841415.0,8886271897.0,6.041,25.18
601872,招商轮船,20.99,20.99,0.0,19.08,19.08,20.99,19.0,190347993.0,3892801792.0,10.01,1.91
601877,正泰电器,25.75,25.74,25.76,25.54,25.5,25.84,25.38,14029665.0,360280724.0,0.822,0.21
601878,浙商证券,9.32,9.32,9.33,9.37,9.36,9.36,9.29,13783972.0,128474607.0,-0.534,-0.05
601880,辽港股份,1.48,1.48,1.49,1.47,1.47,1.49,1.45,123340895.0,181984583.0,0.68,0.01
601881,中国银河,12.17,12.16,12.17,12.25,12.23,12.23,12.13,18631789.0,226764696.0,-0.653,-0.08
601882,海天精工,22.73,22.73,22.75,22.76,22.74,22.81,22.39,6171048.0,139478284.0,-0.132,-0.03
601886,江河集团,13.4,13.4,13.41,13.41,13.31,13.55,13.21,12299250.0,164842625.0,-0.075,-0.01
601888,中国中免,53.74,53.73,53.74,54.59,54.3,54.3,53.4,21003254.0,1128285920.0,-1.557,-0.85
601890,亚星锚链,10.08,10.08,0.0,9.16,9.11,10.08,9.1,134875773.0,1335611097.0,10.044,0.92
601898,中煤能源,15.13,15.12,15.13,14.9,14.88,15.31,14.75,39611071.0,596654620.0,1.544,0.23
601899,紫金矿业,34.4,34.39,34.4,33.86,33.87,34.53,33.49,199093490.0,6802972940.0,1.595,0.54
601900,南方传媒,12.31,12.31,12.33,12.9,12.82,12.82,12.3,18216612.0,226106050.0,-4.574,-0.59
601901,方正证券,6.88,6.88,6.89,6.91,6.9,6.91,6.85,28029200.0,192750290.0,-0.434,-0.03
601908,京运通,3.0,3.0,3.01,3.03,3.03,3.04,2.99,24316400.0,73169361.0,-0.99,-0.03
601916,浙商银行,2.96,2.95,2.96,2.96,2.96,2.98,2.95,107700093.0,319057465.0,0.0,0.0
601918,新集能源,10.51,10.5,10.51,10.25,10.25,10.6,10.0,53573940.0,556032849.0,2.537,0.26
601919,中远海控,16.54,16.53,16.54,16.14,16.18,16.56,16.05,83947585.0,1377187122.0,2.478,0.4
601921,浙版传媒,7.54,7.54,7.55,7.74,7.72,7.72,7.51,10779000.0,81671748.0,-2.584,-0.2
601928,凤凰传媒,8.59,8.58,8.59,8.88,8.81,8.82,8.54,14518665.0,125178407.0,-3.266,-0.29
601929,吉视传媒,2.53,2.53,2.54,2.66,2.63,2.65,2.48,188495500.0,477195860.0,-4.887,-0.13
601933,永辉超市,3.31,3.3,3.31,3.36,3.36,3.39,3.24,253553447.0,837297020.0,-1.488,-0.05
601939,建设银行,10.82,10.82,10.83,10.68,10.65,10.84,10.6,78734897.0,846217429.0,1.311,0.14
601949,中国出版,6.68,6.68,6.69,7.05,7.05,7.1,6.36,153002479.0,1010387006.0,-5.248,-0.37
601952,苏垦农发,10.28,10.28,10.29,10.59,10.35,10.78,10.19,76384625.0,792972662.0,-2.927,-0.31
601956,东贝集团,5.02,5.01,5.02,5.08,5.07,5.07,4.99,4075000.0,20432187.0,-1.181,-0.06
601958,金钼股份,21.46,21.45,21.46,21.5,21.4,21.68,21.16,25423875.0,544457992.0,-0.186,-0.04
601963,重庆银行,11.19,11.18,11.19,11.11,11.11,11.26,11.09,7488700.0,83715683.0,0.72,0.08
601965,中国汽研,13.67,13.67,13.68,13.82,13.79,13.87,13.59,4465500.0,61062281.0,-1.085,-0.15
601966,玲珑轮胎,10.9,10.9,10.91,10.89,10.87,10.98,10.81,5099620.0,55593197.0,0.092,0.01
601968,宝钢包装,4.72,4.71,4.72,4.72,4.71,4.73,4.68,4587600.0,21591312.0,0.0,0.0
601969,海南矿业,9.88,9.87,9.88,9.68,9.67,9.91,9.61,17349306.0,170007412.0,2.066,0.2
601975,招商南油,4.81,4.8,4.81,4.66,4.65,4.85,4.58,263997201.0,1254712934.0,3.219,0.15
601985,中国核电,9.03,9.03,9.04,8.93,8.94,9.05,8.9,68590060.0,616594672.0,1.12,0.1
601988,中国银行,6.43,6.43,6.44,6.39,6.38,6.44,6.35,146488016.0,938934698.0,0.626,0.04
601990,南京证券,6.76,6.76,6.77,6.79,6.79,6.81,6.74,11108003.0,75212045.0,-0.442,-0.03
601991,大唐发电,5.83,5.82,5.83,5.63,5.61,5.89,5.56,343882542.0,1973936841.0,3.552,0.2
601992,金隅集团,1.42,1.42,1.43,1.43,1.43,1.43,1.41,40905800.0,58109202.0,-0.699,-0.01
601995,中金公司,32.44,32.44,32.45,32.58,32.42,32.62,32.13,20136469.0,651635192.0,-0.43,-0.14
601996,丰林集团,2.89,2.88,2.89,2.94,2.89,3.03,2.8,52909460.0,154026693.0,-1.701,-0.05
601997,贵阳银行,5.64,5.63,5.64,5.61,5.61,5.69,5.58,42389246.0,238982733.0,0.535,0.03
601998,中信银行,8.9,8.9,8.91,8.91,8.84,8.94,8.8,32510300.0,288491046.0,-0.112,-0.01
601999,出版传媒,7.22,0.0,7.22,8.02,7.64,7.65,7.22,48177005.0,350738962.0,-9.975,-0.8
603000,人民网,17.0,17.0,17.01,17.53,17.41,17.43,16.94,24104386.0,411160100.0,-3.023,-0.53
603001,奥康国际,9.15,9.15,9.16,9.23,9.38,9.38,8.9,14615500.0,133146128.0,-0.867,-0.08
603002,宏昌电子,16.41,16.41,16.42,16.42,16.39,16.96,16.25,52234900.0,864213816.0,-0.061,-0.01
603004,鼎龙科技,18.61,18.6,18.61,19.08,19.06,19.06,18.59,1767277.0,33154593.0,-2.463,-0.47
603005,晶方科技,30.25,30.25,30.26,28.97,29.31,30.98,29.31,57039478.0,1723257616.0,4.418,1.28
603006,联明股份,11.2,11.2,11.24,11.34,11.29,11.37,11.13,2496700.0,27963486.0,-1.235,-0.14
603007,顺景科技,5.04,5.04,5.05,5.13,5.1,5.13,5.01,17517243.0,88597989.0,-1.754,-0.09
603008,ST喜临门,9.15,9.14,9.15,9.23,9.22,9.28,9.05,5478500.0,50119164.0,-0.867,-0.08
603009,北特科技,48.0,47.99,48.0,48.66,48.63,49.04,47.43,5770435.0,278088032.0,-1.356,-0.66
603010,万盛股份,11.57,11.56,11.57,11.35,11.36,11.59,11.24,5929765.0,67996774.0,1.938,0.22
603011,合锻智能,26.45,26.44,26.45,26.25,26.67,26.97,26.09,41309510.0,1093719669.0,0.762,0.2
603012,创力集团,9.82,9.82,9.83,9.96,9.95,10.07,9.71,21697300.0,214293147.0,-1.406,-0.14
603013,亚普股份,14.57,14.57,14.58,14.83,14.81,14.81,14.51,3743309.0,54739606.0,-1.753,-0.26
603014,威高血净,31.46,31.46,31.48,31.81,31.8,31.8,31.36,809530.0,25565079.0,-1.1,-0.35
603015,弘讯科技,10.91,10.9,10.91,10.99,10.94,11.05,10.79,3124200.0,34045287.0,-0.728,-0.08
603016,新宏泰,31.34,31.32,31.34,32.47,32.11,32.32,30.85,5374783.0,168173997.0,-3.48,-1.13
603017,中衡设计,10.16,10.15,10.16,10.12,10.14,10.22,10.07,3578654.0,36262573.0,0.395,0.04
603018,华设集团,5.4,5.39,5.4,5.42,5.43,5.43,5.37,6234365.0,33623260.0,-0.369,-0.02
603019,中科曙光,82.43,82.43,82.44,82.54,83.0,83.12,82.08,14049648.0,1159568163.0,-0.133,-0.11
603020,爱普股份,10.66,10.66,10.67,10.71,10.72,11.1,10.5,12026700.0,129407354.0,-0.467,-0.05
603021,*ST华鹏,5.66,5.64,5.66,5.73,5.7,5.72,5.54,4277140.0,23952487.0,-1.222,-0.07
603022,新通联,9.26,9.26,9.28,9.34,9.26,9.36,9.22,2610171.0,24251578.0,-0.857,-0.08
603023,威帝股份,4.16,4.16,4.17,4.25,4.25,4.27,4.15,8365911.0,35106148.0,-2.118,-0.09
603025,大豪科技,13.27,13.27,13.28,13.45,13.45,13.47,13.25,4956391.0,66128822.0,-1.338,-0.18
603026,石大胜华,64.42,64.41,64.42,62.6,62.6,65.2,62.6,8615888.0,553488564.0,2.907,1.82
603027,千禾味业,7.63,7.63,7.64,7.72,7.7,7.71,7.59,13965591.0,106764236.0,-1.166,-0.09
603028,赛福天,7.15,7.14,7.15,7.19,7.22,7.25,7.11,2998873.0,21506783.0,-0.556,-0.04
603029,天鹅股份,17.33,17.33,17.34,17.61,17.47,17.6,17.2,5369909.0,93284150.0,-1.59,-0.28
603030,全筑股份,2.2,2.2,2.21,2.26,2.25,2.27,2.19,51727700.0,114397214.0,-2.655,-0.06
603031,安孚科技,43.38,43.38,43.39,43.9,44.44,44.74,42.92,11208815.0,490396295.0,-1.185,-0.52
603032,德新科技,19.19,19.18,19.19,19.24,19.2,19.28,18.97,4668082.0,89291391.0,-0.26,-0.05
603033,三维股份,7.31,7.3,7.31,7.27,7.24,7.36,7.22,6068106.0,44209726.0,0.55,0.04
603035,常熟汽饰,10.83,10.82,10.83,10.87,10.86,10.91,10.79,2461400.0,26628894.0,-0.368,-0.04
603036,如通股份,13.73,13.72,13.73,13.66,13.66,13.93,13.51,6118300.0,83730973.0,0.512,0.07
603037,凯众股份,10.2,10.2,10.21,10.27,10.28,10.39,10.17,2824512.0,28954821.0,-0.682,-0.07
603038,华立股份,16.82,16.82,16.83,16.49,16.49,16.96,16.35,4738600.0,79493655.0,2.001,0.33
603039,泛微网络,37.19,37.19,37.2,38.0,38.14,38.17,36.85,11217953.0,418290203.0,-2.132,-0.81
603040,新坐标,48.8,48.78,48.8,49.33,49.5,49.74,48.5,921395.0,45169303.0,-1.074,-0.53
603041,美思德,11.58,11.57,11.58,11.47,11.49,11.6,11.44,1950030.0,22488822.0,0.959,0.11
603042,华脉科技,18.67,18.67,0.0,16.97,18.67,18.67,18.67,4568980.0,85302857.0,10.018,1.7
603043,广州酒家,13.99,13.98,13.99,14.07,14.08,14.1,13.88,3552340.0,49641083.0,-0.569,-0.08
603045,福达合金,50.08,50.08,50.09,49.53,49.72,51.92,49.31,7251240.0,366260821.0,1.11,0.55
603048,浙江黎明,23.57,23.57,23.58,23.53,23.39,23.96,23.25,1136600.0,26746625.0,0.17,0.04
603049,中策橡胶,48.13,48.12,48.13,47.91,47.79,48.37,47.72,1810200.0,87103999.0,0.459,0.22
603050,科林电气,18.14,18.13,18.14,18.18,18.18,18.27,17.97,1641740.0,29704594.0,-0.22,-0.04
603051,鹿山新材,22.37,22.36,22.37,21.24,21.24,22.58,21.11,7172201.0,157494553.0,5.32,1.13
603052,可川科技,56.53,56.53,56.54,56.72,57.85,60.29,56.22,5705028.0,333469580.0,-0.335,-0.19
603053,成都燃气,8.99,8.99,9.0,8.97,8.98,9.04,8.93,2897900.0,26055078.0,0.223,0.02
603055,台华新材,9.45,9.45,9.46,9.42,9.4,9.48,9.32,4904400.0,46112379.0,0.318,0.03
603057,紫燕食品,20.13,20.09,20.13,20.4,20.36,20.45,19.94,1678900.0,33860943.0,-1.324,-0.27
603058,永吉股份,9.46,9.45,9.46,9.64,9.6,9.65,9.38,10861700.0,102948077.0,-1.867,-0.18
603059,倍加洁,25.27,25.26,25.27,26.1,27.33,27.33,25.21,2574400.0,66350676.0,-3.18,-0.83
603060,国检集团,5.67,5.67,5.68,5.65,5.66,5.69,5.58,4738577.0,26771730.0,0.354,0.02
603061,金海通,316.2,316.18,316.2,318.04,319.99,329.0,313.55,2111389.0,674975202.0,-0.579,-1.84
603062,麦加芯彩,37.92,37.92,38.08,38.09,37.71,38.36,37.7,214100.0,8138287.0,-0.446,-0.17
603063,禾望电气,31.12,31.12,31.13,31.8,31.75,32.17,30.87,14325628.0,450133994.0,-2.138,-0.68
603065,宿迁联盛,13.95,13.95,13.96,14.26,14.51,14.94,13.85,21820700.0,311263440.0,-2.174,-0.31
603066,音飞储存,9.75,9.75,9.76,9.29,9.26,10.22,9.22,21015400.0,205960322.0,4.952,0.46
603067,振华股份,38.4,38.4,38.41,37.6,38.56,40.89,38.1,39355241.0,1551709875.0,2.128,0.8
603068,博通集成,37.67,37.66,37.67,38.22,38.28,38.51,37.42,6142400.0,232910992.0,-1.439,-0.55
603069,海汽集团,14.03,14.03,14.06,14.03,14.0,14.2,13.82,3582290.0,50346049.0,0.0,0.0
603070,万控智造,11.76,11.76,11.77,11.88,11.93,11.95,11.72,1605200.0,18936904.0,-1.01,-0.12
603071,物产环能,12.77,12.76,12.77,12.66,12.62,12.79,12.6,2325275.0,29559133.0,0.869,0.11
603072,天和磁材,31.26,31.26,31.27,31.58,31.52,31.69,31.16,1192900.0,37455994.0,-1.013,-0.32
603073,彩蝶实业,17.04,17.04,17.14,17.31,17.37,17.37,17.0,1000866.0,17152589.0,-1.56,-0.27
603075,热威股份,20.3,20.3,20.31,20.93,20.88,20.88,20.01,8278796.0,167681625.0,-3.01,-0.63
603076,乐惠国际,20.86,20.85,20.86,20.91,20.95,21.04,20.8,1249871.0,26122831.0,-0.239,-0.05
603077,和邦生物,2.56,2.55,2.56,2.53,2.53,2.58,2.5,598181712.0,1522787387.0,1.186,0.03
603078,江化微,31.87,31.87,31.88,32.26,32.4,33.38,31.79,14317867.0,463888407.0,-1.209,-0.39
603079,圣达生物,13.08,13.08,13.09,13.37,13.31,13.31,13.0,5001100.0,65647805.0,-2.169,-0.29
603080,新疆火炬,20.36,20.36,20.39,20.46,20.5,20.5,20.21,1014100.0,20641547.0,-0.489,-0.1
603081,大丰实业,9.95,9.95,9.96,10.05,10.02,10.09,9.92,1657700.0,16564121.0,-0.995,-0.1
603082,北自科技,47.52,47.51,47.52,48.31,48.1,49.25,47.12,4563658.0,218734412.0,-1.635,-0.79
603083,剑桥科技,218.99,218.99,219.0,222.3,228.0,228.08,217.28,27954924.0,6188605063.0,-1.489,-3.31
603085,天成自控,9.86,9.86,9.87,9.94,9.97,9.97,9.81,3028500.0,29927030.0,-0.805,-0.08
603086,先达股份,6.51,6.5,6.51,6.57,6.56,6.71,6.44,28717235.0,187609406.0,-0.913,-0.06
603087,甘李药业,68.91,68.9,68.91,69.39,69.0,69.38,68.3,3651181.0,251559544.0,-0.692,-0.48
603088,宁波精达,10.31,10.31,10.34,10.24,10.24,10.37,10.16,6956501.0,71345585.0,0.684,0.07
603089,正裕工业,9.73,9.73,9.74,9.88,9.83,9.88,9.71,3192700.0,31164374.0,-1.518,-0.15
603090,宏盛股份,40.98,40.97,40.98,41.84,41.42,42.14,40.72,7844200.0,323462001.0,-2.055,-0.86
603091,众鑫股份,49.91,49.9,50.09,50.48,50.39,50.88,49.66,407602.0,20463331.0,-1.129,-0.57
603092,德力佳,41.5,41.5,41.51,42.04,42.05,42.06,41.47,829133.0,34541266.0,-1.284,-0.54
603093,南华期货,13.33,13.32,13.33,13.29,13.21,13.41,13.03,12939365.0,171824525.0,0.301,0.04
603095,越剑智能,14.89,14.89,14.9,14.99,14.84,15.05,14.46,7389392.0,109197404.0,-0.667,-0.1
603096,新经典,15.84,15.84,15.88,16.49,16.5,16.56,15.8,3000151.0,47880860.0,-3.942,-0.65
603097,江苏华辰,19.32,19.3,19.32,19.21,19.21,19.52,19.11,1519360.0,29431509.0,0.573,0.11
603098,森特股份,11.61,11.61,11.62,11.64,11.77,11.92,11.55,6532000.0,76225806.0,-0.258,-0.03
603099,长白山,38.7,38.7,38.71,39.4,39.23,39.4,38.08,7686088.0,295997606.0,-1.777,-0.7
603100,川仪股份,18.56,18.56,18.6,18.76,18.77,18.84,18.54,2568838.0,47817736.0,-1.066,-0.2
603101,汇嘉时代,8.09,8.08,8.09,7.93,7.89,8.2,7.81,14908895.0,119797198.0,2.018,0.16
603102,百合股份,37.19,37.18,37.19,37.91,37.88,37.88,37.1,1553700.0,58088580.0,-1.899,-0.72
603103,横店影视,16.55,16.55,16.56,16.49,16.4,16.67,15.88,8609336.0,140486675.0,0.364,0.06
603105,芯能科技,7.62,7.61,7.62,7.8,7.79,7.8,7.6,12780354.0,97848446.0,-2.308,-0.18
603106,恒银科技,7.83,7.82,7.83,8.07,8.08,8.08,7.76,17451000.0,136759827.0,-2.974,-0.24
603107,上海汽配,12.06,12.06,12.07,12.21,12.19,12.24,12.04,1328488.0,16086854.0,-1.229,-0.15
603108,润达医疗,9.71,9.71,9.72,10.07,10.04,10.04,9.67,15831230.0,154794762.0,-3.575,-0.36
603109,神驰机电,17.37,17.37,17.38,17.47,17.48,17.54,17.18,815200.0,14129738.0,-0.572,-0.1
603110,东方材料,23.95,23.94,23.95,24.24,24.21,24.76,23.7,7399600.0,177748220.0,-1.196,-0.29
603111,康尼机电,6.27,6.27,6.28,6.32,6.28,6.3,6.23,2279630.0,14282918.0,-0.791,-0.05
603112,华翔股份,17.33,17.33,17.34,17.02,16.85,17.38,16.25,19051802.0,320730010.0,1.821,0.31
603113,金能科技,5.6,5.6,5.61,5.63,5.52,5.77,5.5,34322977.0,192174398.0,-0.533,-0.03
603115,海星股份,83.51,83.51,83.52,78.05,77.23,85.86,77.01,17264300.0,1440406087.0,6.996,5.46
603116,红蜻蜓,6.34,6.34,6.35,6.44,6.44,6.44,6.29,3086920.0,19579196.0,-1.553,-0.1
603117,万林物流,4.19,4.18,4.19,4.23,4.23,4.24,4.16,6873315.0,28815356.0,-0.946,-0.04
603118,共进股份,17.85,17.85,17.86,18.04,18.04,18.49,17.66,89327425.0,1612997602.0,-1.053,-0.19
603119,浙江荣泰,53.97,53.96,53.97,53.7,53.43,54.68,53.09,12091872.0,649968917.0,0.503,0.27
603120,肯特催化,52.7,52.69,52.7,50.5,50.5,53.34,50.5,3832470.0,200903862.0,4.356,2.2
603121,华培动力,13.16,13.15,13.16,13.25,13.15,13.28,13.03,4890000.0,64255348.0,-0.679,-0.09
603122,合富中国,13.35,13.34,13.35,13.38,13.38,13.75,13.04,49230200.0,656378321.0,-0.224,-0.03
603123,翠微股份,11.05,0.0,11.05,12.28,11.68,11.87,11.05,86213602.0,973388118.0,-10.016,-1.23
603124,江南新材,128.81,128.8,128.81,132.0,133.89,138.0,128.5,6097200.0,803388126.0,-2.417,-3.19
603125,常青科技,23.43,23.43,23.44,22.81,22.82,23.58,22.71,4884473.0,113828320.0,2.718,0.62
603126,中材节能,6.46,6.45,6.46,6.44,6.41,6.55,6.39,6136113.0,39651125.0,0.311,0.02
603127,昭衍新药,43.74,43.73,43.74,43.62,43.0,44.08,42.36,29240651.0,1268355907.0,0.275,0.12
603128,华贸物流,5.76,5.76,5.77,5.75,5.76,5.88,5.74,31616639.0,183945726.0,0.174,0.01
603129,春风动力,289.2,289.15,289.2,290.47,290.59,293.0,287.1,603200.0,174901514.0,-0.437,-1.27
603130,云中马,38.2,38.2,38.25,39.03,38.66,39.23,37.98,1005200.0,38604429.0,-2.127,-0.83
603131,上海沪工,14.35,14.34,14.35,14.42,14.54,14.54,14.29,4077200.0,58639619.0,-0.485,-0.07
603132,金徽股份,20.39,20.39,20.4,20.56,20.57,20.58,19.91,7234275.0,146651073.0,-0.827,-0.17
603135,中重科技,9.01,9.01,9.02,9.11,9.16,9.16,8.95,5064440.0,45792385.0,-1.098,-0.1
603136,天目湖,9.79,9.78,9.79,9.68,9.64,9.79,9.49,6485700.0,62800117.0,1.136,0.11
603137,恒尚节能,19.61,19.61,19.62,20.44,20.53,20.64,19.5,11808681.0,234224191.0,-4.061,-0.83
603138,海量数据,13.95,13.95,13.96,14.36,14.22,14.39,13.86,21315438.0,299861109.0,-2.855,-0.41
603139,康惠股份,39.0,39.0,39.01,37.51,37.39,39.46,37.39,3693450.0,143137126.0,3.972,1.49
603150,万朗磁塑,70.14,70.14,70.2,69.89,70.45,71.47,68.92,2778600.0,195169727.0,0.358,0.25
603151,邦基科技,19.3,19.3,19.32,19.35,19.48,20.4,19.17,8658295.0,170247092.0,-0.258,-0.05
603153,上海建科,13.9,13.89,13.9,13.78,13.79,13.92,13.61,2293030.0,31625011.0,0.871,0.12
603155,新亚强,13.7,13.7,13.71,13.91,13.83,14.22,13.65,5922635.0,82187160.0,-1.51,-0.21
603156,养元饮品,41.45,41.44,41.45,41.05,41.06,41.68,40.4,9332154.0,381710259.0,0.974,0.4
603158,腾龙股份,10.93,10.93,10.94,11.01,11.02,11.04,10.75,9016540.0,98589899.0,-0.727,-0.08
603159,上海亚虹,23.74,23.74,23.75,23.78,23.83,23.9,23.02,2480960.0,58268757.0,-0.168,-0.04
603160,汇顶科技,51.68,51.68,51.69,52.6,52.77,52.85,51.6,2721450.0,141872897.0,-1.749,-0.92
603161,科华控股,16.81,16.8,16.81,17.4,17.32,17.38,16.6,5935692.0,100450655.0,-3.391,-0.59
603162,海通发展,15.43,15.43,0.0,14.03,13.73,15.43,13.51,66528740.0,977358273.0,9.979,1.4
603163,圣晖集成,85.08,85.08,85.1,85.61,85.2,92.37,84.75,7362166.0,649472319.0,-0.619,-0.53
603165,荣晟环保,13.94,13.9,13.94,14.16,14.18,14.26,13.76,5599100.0,77910260.0,-1.554,-0.22
603166,福达股份,10.82,10.82,10.83,11.12,11.09,11.16,10.78,8816115.0,96343886.0,-2.698,-0.3
603167,渤海轮渡,8.21,8.21,8.22,8.18,8.18,8.23,8.15,3167576.0,25954572.0,0.367,0.03
603168,莎普爱思,6.0,6.0,6.01,6.07,6.05,6.08,5.96,5262961.0,31641657.0,-1.153,-0.07
603169,兰石重装,6.69,6.69,6.7,6.72,6.75,6.8,6.68,11834001.0,79668716.0,-0.446,-0.03
603170,宝立食品,12.71,12.71,12.72,12.83,12.82,12.9,12.62,1715800.0,21806351.0,-0.935,-0.12
603171,税友股份,41.68,41.67,41.68,42.96,42.51,42.9,41.44,5042213.0,212061227.0,-2.98,-1.28
603172,万丰股份,18.91,18.9,18.91,18.84,19.1,19.12,18.65,1502634.0,28317877.0,0.372,0.07
603173,福斯达,30.41,30.41,30.44,30.73,30.55,30.89,30.21,698000.0,21301413.0,-1.041,-0.32
603175,超颖电子,95.91,95.75,95.91,93.55,92.69,96.0,92.63,2086695.0,196845211.0,2.523,2.36
603176,汇通集团,5.46,5.46,5.48,5.5,5.5,5.55,5.44,2875652.0,15747840.0,-0.727,-0.04
603177,德创环保,11.07,11.07,11.09,11.1,11.01,11.24,10.98,3030300.0,33541242.0,-0.27,-0.03
603178,圣龙股份,17.28,17.27,17.28,17.6,17.45,17.58,17.1,7361397.0,127231185.0,-1.818,-0.32
603179,新泉股份,39.84,39.84,39.85,41.08,41.07,41.66,39.7,16947413.0,682970774.0,-3.019,-1.24
603180,金牌家居,16.01,16.01,16.02,16.09,15.98,16.09,15.83,836443.0,13345543.0,-0.497,-0.08
603181,皇马科技,13.01,13.0,13.01,12.95,12.94,13.26,12.8,6796280.0,88670875.0,0.463,0.06
603182,嘉华股份,14.24,14.24,14.26,14.16,14.14,14.33,14.06,2742386.0,38964214.0,0.565,0.08
603183,建研院,4.94,4.94,4.95,4.92,4.93,4.95,4.86,12201326.0,59967870.0,0.407,0.02
603185,弘元绿能,14.8,14.8,14.81,14.97,14.91,15.1,14.7,4770818.0,70924975.0,-1.136,-0.17
603186,华正新材,212.06,212.06,0.0,192.78,196.64,212.06,193.5,22599874.0,4658624546.0,10.001,19.28
603187,海容冷链,11.15,11.14,11.15,11.09,11.07,11.16,11.02,4705089.0,52245873.0,0.541,0.06
603188,亚邦股份,4.9,4.9,4.91,4.94,4.98,4.99,4.86,11162700.0,54892732.0,-0.81,-0.04
603189,*ST网达,9.84,9.84,9.85,10.03,9.93,10.06,9.76,1661800.0,16359899.0,-1.894,-0.19
603190,亚通精工,16.37,16.36,16.37,16.64,16.59,16.66,16.33,1268190.0,20874686.0,-1.623,-0.27
603191,望变电气,16.01,16.01,16.02,16.07,15.9,16.07,15.76,13178943.0,209736013.0,-0.373,-0.06
603192,汇得科技,20.8,20.77,20.8,21.16,21.06,21.15,20.61,3718347.0,77379220.0,-1.701,-0.36
603193,润本股份,21.0,21.0,21.01,21.38,21.34,21.57,20.98,2608500.0,55162494.0,-1.777,-0.38
603194,中力股份,33.95,33.95,33.97,34.46,34.31,34.57,33.94,880922.0,30082915.0,-1.48,-0.51
603195,公牛集团,38.79,38.77,38.79,38.54,38.59,38.87,38.42,2208075.0,85227347.0,0.649,0.25
603196,璞源材料,19.0,18.98,19.0,18.99,19.27,19.27,18.56,1904300.0,35789718.0,0.053,0.01
603197,保隆科技,29.66,29.65,29.66,29.9,29.77,29.92,29.57,1866000.0,55495259.0,-0.803,-0.24
603198,迎驾贡酒,39.9,39.89,39.9,40.93,40.61,40.69,39.63,3335000.0,133699510.0,-2.516,-1.03
603199,九华旅游,34.35,34.35,34.36,34.67,34.68,34.68,33.98,2203400.0,75385318.0,-0.923,-0.32
603200,上海洗霸,40.35,40.35,40.36,40.89,40.25,40.62,39.5,7471066.0,298211709.0,-1.321,-0.54
603201,常润股份,15.41,15.4,15.41,15.73,15.6,15.7,15.31,2528080.0,39109676.0,-2.034,-0.32
603202,天有为,52.9,52.9,52.91,53.8,53.85,53.85,52.85,648458.0,34469463.0,-1.673,-0.9
603203,快克智能,43.48,43.48,43.49,43.59,44.0,45.62,43.27,8800693.0,390614402.0,-0.252,-0.11
603205,健尔康,22.18,22.18,22.19,22.75,22.75,22.75,22.1,765790.0,17121864.0,-2.505,-0.57
603206,嘉环科技,13.66,13.65,13.66,13.94,13.97,13.97,13.64,2791000.0,38411433.0,-2.009,-0.28
603207,小方制药,25.3,25.3,25.31,26.04,25.5,25.5,25.0,5716611.0,144202534.0,-2.842,-0.74
603208,江山欧派,11.45,11.45,11.47,11.63,11.65,11.67,11.4,1155962.0,13286163.0,-1.548,-0.18
603209,兴通股份,15.04,15.03,15.04,14.58,14.51,15.18,14.41,7895500.0,118054170.0,3.155,0.46
603210,泰鸿万立,13.36,13.36,13.37,13.59,13.53,13.61,13.34,2520030.0,33821853.0,-1.692,-0.23
603211,晋拓股份,20.7,20.7,20.71,20.91,21.01,21.19,20.66,2885200.0,60253608.0,-1.004,-0.21
603212,赛伍技术,11.65,11.64,11.65,11.7,11.7,11.99,11.61,8143308.0,95706878.0,-0.427,-0.05
603213,镇洋发展,13.77,13.76,13.77,13.78,13.81,13.81,13.72,1295661.0,17824096.0,-0.073,-0.01
603214,爱婴室,14.71,14.71,14.72,14.01,15.41,15.41,14.53,21169746.0,319746972.0,4.996,0.7
603215,比依股份,14.44,14.44,14.47,14.65,14.73,14.73,14.39,1123000.0,16260308.0,-1.433,-0.21
603216,梦天家居,22.81,22.81,22.82,21.76,21.54,23.6,20.93,15638822.0,343701593.0,4.825,1.05
603217,元利科技,28.03,28.02,28.03,29.84,29.88,29.92,28.0,3830960.0,110168320.0,-6.066,-1.81
603218,日月股份,9.28,9.28,9.29,9.31,9.28,9.32,9.24,3571806.0,33138031.0,-0.322,-0.03
603219,富佳股份,13.12,13.12,13.15,13.34,13.34,13.44,13.1,2256100.0,29852221.0,-1.649,-0.22
603220,中贝通信,18.65,18.65,18.66,18.54,18.53,18.96,18.21,22084974.0,410751229.0,0.593,0.11
603221,爱丽家居,26.11,26.1,26.11,27.51,27.2,27.6,25.7,13773208.0,365977532.0,-5.089,-1.4
603222,济民健康,8.13,8.13,8.14,8.12,8.1,8.5,8.01,18769880.0,154113584.0,0.123,0.01
603223,恒通股份,10.27,10.27,10.28,10.33,10.28,10.41,10.1,12045085.0,123609148.0,-0.581,-0.06
603225,新凤鸣,18.7,18.7,18.71,18.83,18.8,18.84,18.36,9144771.0,170159625.0,-0.69,-0.13
603226,菲林格尔,34.99,34.98,34.99,34.64,34.59,35.55,34.3,2801542.0,98167869.0,1.01,0.35
603227,雪峰科技,7.91,7.91,7.92,7.78,7.78,8.0,7.74,10525687.0,83164839.0,1.671,0.13
603228,景旺电子,109.59,109.59,109.6,106.97,109.1,113.56,107.0,40753388.0,4506673191.0,2.449,2.62
603229,奥翔药业,7.89,7.89,7.9,7.98,7.95,7.98,7.85,4242300.0,33551380.0,-1.128,-0.09
603230,内蒙新华,9.97,9.97,9.98,10.32,10.09,10.17,9.7,10876005.0,107761448.0,-3.391,-0.35
603231,索宝蛋白,16.99,16.98,16.99,17.05,16.93,17.05,16.81,1963912.0,33253799.0,-0.352,-0.06
603232,格尔软件,15.18,15.18,15.19,15.57,15.48,15.54,15.11,4645400.0,70931113.0,-2.505,-0.39
603233,大参林,18.28,18.27,18.28,18.24,18.14,18.37,18.02,5236043.0,95250959.0,0.219,0.04
603235,天新药业,25.44,25.44,25.45,25.3,25.3,25.5,25.02,941603.0,23907308.0,0.553,0.14
603236,移远通信,61.06,61.06,61.07,62.1,62.1,63.66,60.92,8754858.0,542349032.0,-1.675,-1.04
603237,五芳斋,15.9,15.9,15.91,16.27,16.27,16.27,15.84,2589579.0,41388849.0,-2.274,-0.37
603238,诺邦股份,12.51,12.51,12.53,12.62,12.68,12.69,12.42,1703248.0,21319820.0,-0.872,-0.11
603239,浙江仙通,14.14,14.14,14.15,14.25,14.22,14.42,14.11,1748600.0,24872961.0,-0.772,-0.11
603248,锡华科技,17.36,17.35,17.36,17.64,17.72,17.74,17.35,1756663.0,30739924.0,-1.587,-0.28
603255,鼎际得,30.76,30.65,30.76,31.58,31.67,31.67,30.52,1279700.0,39534023.0,-2.597,-0.82
603256,宏和科技,128.25,128.25,128.26,126.78,128.79,131.54,126.76,13781430.0,1771891314.0,1.159,1.47
603257,中国瑞林,73.72,73.72,73.74,72.86,72.61,74.35,72.25,2070771.0,152411705.0,1.18,0.86
603258,电魂网络,13.8,13.8,13.82,14.25,14.19,14.35,13.75,4265100.0,59434306.0,-3.158,-0.45
603259,药明康德,154.88,154.88,154.89,156.35,155.05,157.17,152.89,28707948.0,4442359326.0,-0.94,-1.47
603260,合盛硅业,33.92,33.91,33.92,33.65,33.57,34.05,33.14,7837179.0,263900702.0,0.802,0.27
603261,立航科技,57.6,57.59,57.6,55.64,55.67,57.67,54.85,2122400.0,120108083.0,3.523,1.96
603262,技源集团,17.96,17.96,17.97,18.82,18.7,18.75,17.95,5578454.0,101463881.0,-4.57,-0.86
603266,天龙股份,16.1,16.09,16.1,16.42,16.38,16.53,16.07,2482400.0,40316981.0,-1.949,-0.32
603267,鸿远电子,47.84,47.83,47.84,47.8,47.86,48.75,47.45,5304394.0,255312683.0,0.084,0.04
603268,松发股份,197.7,197.7,197.71,192.4,193.0,199.43,192.06,5402719.0,1063685764.0,2.755,5.3
603269,海鸥股份,26.03,26.03,26.04,26.91,26.88,27.32,25.89,38288918.0,1012834398.0,-3.27,-0.88
603270,金帝股份,33.76,33.76,33.77,33.0,32.98,34.5,32.4,17763259.0,594049948.0,2.303,0.76
603271,永杰新材,40.64,40.62,40.64,40.92,40.77,40.99,40.55,1210800.0,49329844.0,-0.684,-0.28
603272,*ST联翔,15.86,15.85,15.86,16.82,16.62,16.78,15.82,4246700.0,68526065.0,-5.707,-0.96
603273,天元智能,14.98,14.98,15.0,15.01,15.18,15.19,14.88,1952500.0,29304161.0,-0.2,-0.03
603275,众辰科技,35.92,35.92,35.97,36.66,36.5,36.82,35.76,783314.0,28408894.0,-2.019,-0.74
603276,恒兴新材,16.77,16.73,16.77,16.72,16.88,16.97,16.6,2337493.0,39149152.0,0.299,0.05
603277,银都股份,11.44,11.43,11.44,11.4,11.43,11.48,11.25,1706390.0,19400697.0,0.351,0.04
603278,大业股份,9.42,9.42,9.44,9.54,9.51,9.52,9.37,6613900.0,62425605.0,-1.258,-0.12
603279,景津装备,11.45,11.45,11.46,11.51,11.52,11.52,11.38,5446500.0,62292657.0,-0.521,-0.06
603280,南方路机,26.44,26.43,26.44,27.1,27.03,27.13,26.31,1740400.0,46244553.0,-2.435,-0.66
603281,江瀚新材,19.15,19.15,19.16,19.11,19.15,19.37,19.04,1597626.0,30651444.0,0.209,0.04
603282,亚光股份,16.9,16.89,16.9,16.97,16.97,17.1,16.82,1127000.0,19108433.0,-0.412,-0.07
603283,赛腾股份,45.12,45.11,45.12,45.57,45.94,46.75,44.96,10374787.0,474113620.0,-0.987,-0.45
603284,林平发展,41.7,41.68,41.7,41.42,41.42,41.91,41.11,1173306.0,48649169.0,0.676,0.28
603285,键邦股份,33.54,33.53,33.54,31.37,31.2,34.51,31.2,11912016.0,402740247.0,6.917,2.17
603286,日盈电子,45.5,45.49,45.5,46.01,46.01,46.92,45.42,3562450.0,164052283.0,-1.108,-0.51
603288,海天味业,34.36,34.35,34.36,34.06,34.01,34.44,33.7,14305518.0,487399584.0,0.881,0.3
603289,泰瑞机器,9.65,9.64,9.65,9.42,9.56,9.84,9.34,6333206.0,60976656.0,2.442,0.23
603290,斯达半导,84.47,84.46,84.47,84.68,85.0,86.08,83.78,3070093.0,260519705.0,-0.248,-0.21
603291,联合水务,9.31,9.3,9.31,9.29,9.28,9.38,9.18,4233639.0,39318073.0,0.215,0.02
603293,埃泰克,39.71,39.71,39.72,38.17,38.18,39.71,38.0,4461058.0,173787473.0,4.035,1.54
603296,华勤技术,76.53,76.53,76.54,76.13,76.14,77.14,75.88,8955563.0,684823927.0,0.525,0.4
603297,永新光学,105.65,105.61,105.65,105.72,105.69,108.49,104.66,1075000.0,114743714.0,-0.066,-0.07
603298,杭叉集团,25.16,25.16,25.17,25.31,25.4,25.4,24.9,4683363.0,117586672.0,-0.593,-0.15
603299,苏盐井神,8.99,8.99,9.0,9.02,9.03,9.05,8.95,3374252.0,30355809.0,-0.333,-0.03
603300,海南华铁,4.8,4.8,4.81,4.88,4.87,4.87,4.76,33532800.0,161110287.0,-1.639,-0.08
603301,振德医疗,83.2,83.2,83.21,83.46,84.0,84.84,82.05,1081300.0,89843415.0,-0.312,-0.26
603303,得邦照明,26.01,26.0,26.01,25.08,25.29,26.24,24.8,2792392.0,71987370.0,3.708,0.93
603305,旭升集团,11.17,11.17,11.18,11.32,11.35,11.35,11.12,10414317.0,116826939.0,-1.325,-0.15
603306,华懋科技,76.86,76.86,76.87,75.85,76.97,79.18,75.33,11892924.0,917119218.0,1.332,1.01
603307,扬州金泉,25.47,25.44,25.47,25.22,25.28,25.65,24.89,909975.0,22992386.0,0.991,0.25
603308,应流股份,46.3,46.3,0.0,42.09,42.47,46.3,42.08,31570807.0,1429703265.0,10.002,4.21
603309,维力医疗,11.33,11.33,11.34,11.41,11.41,11.42,11.28,2209500.0,25078012.0,-0.701,-0.08
603310,巍华新材,14.79,14.79,14.81,14.78,14.79,14.82,14.66,1457600.0,21503140.0,0.068,0.01
603311,金海高科,27.48,27.48,27.49,27.32,27.05,27.99,25.3,16740300.0,442867816.0,0.586,0.16
603312,西典新能,33.23,33.22,33.23,33.27,33.26,34.07,33.03,1207432.0,40586489.0,-0.12,-0.04
603313,梦百合,6.66,6.66,6.67,6.98,6.93,6.95,6.66,21571900.0,145935202.0,-4.585,-0.32
603315,福鞍股份,11.55,11.55,11.56,11.69,11.7,11.83,11.55,5303000.0,61899736.0,-1.198,-0.14
603316,诚邦股份,14.29,14.29,14.3,14.62,14.63,14.84,14.25,25226500.0,366997560.0,-2.257,-0.33
603317,天味食品,13.04,13.04,13.05,13.43,13.42,13.43,13.02,10807816.0,141633420.0,-2.904,-0.39
603318,水发燃气,9.41,9.41,9.42,9.5,9.51,9.7,9.33,46469552.0,440071946.0,-0.947,-0.09
603319,美湖股份,29.37,29.37,29.38,29.85,30.07,30.53,29.2,11062952.0,329328183.0,-1.608,-0.48
603320,迪贝电气,18.96,18.95,18.97,18.57,18.57,19.65,18.47,4458500.0,85425613.0,2.1,0.39
603321,梅轮电梯,7.67,7.67,7.68,7.48,7.59,7.77,7.36,20787418.0,158630381.0,2.54,0.19
603322,超讯科技,29.91,29.9,29.91,29.56,29.88,30.73,29.43,12404403.0,373634463.0,1.184,0.35
603323,苏农银行,4.57,4.57,4.58,4.58,4.58,4.62,4.55,34855115.0,159642067.0,-0.218,-0.01
603324,盛剑科技,25.7,25.7,25.73,25.87,25.87,26.86,25.6,2871280.0,74915433.0,-0.657,-0.17
603325,博隆技术,54.0,53.99,54.0,54.55,54.86,54.86,53.8,211740.0,11465930.0,-1.008,-0.55
603326,我乐家居,7.69,7.68,7.69,7.78,7.76,7.82,7.65,2746520.0,21211520.0,-1.157,-0.09
603327,福蓉科技,8.81,8.81,8.82,9.15,9.11,9.15,8.8,26470230.0,235394714.0,-3.716,-0.34
603328,依顿电子,12.1,12.1,0.0,11.0,11.03,12.1,11.03,43023454.0,502327012.0,10.0,1.1
603329,上海雅仕,10.35,10.35,10.38,10.38,10.37,10.41,10.19,2264640.0,23344418.0,-0.289,-0.03
603330,天洋新材,10.3,10.3,10.31,10.19,10.25,11.21,10.2,115867675.0,1251041026.0,1.079,0.11
603331,百达精工,13.87,13.85,13.87,13.6,13.69,13.99,13.37,9111000.0,125179743.0,1.985,0.27
603332,苏州龙杰,11.86,11.85,11.86,11.95,12.02,12.02,11.77,2872593.0,34151170.0,-0.753,-0.09
603333,福华尚纬,9.79,9.78,9.79,9.95,9.95,9.99,9.63,11062300.0,108020520.0,-1.608,-0.16
603334,丰倍生物,31.57,31.56,31.57,32.26,32.07,32.3,31.4,1277555.0,40559473.0,-2.139,-0.69
603335,迪生力,6.36,6.36,6.38,6.53,6.47,6.52,6.32,8570530.0,54765681.0,-2.603,-0.17
603336,宏辉果蔬,9.68,9.68,9.69,9.88,9.8,9.94,9.58,30359213.0,296108845.0,-2.024,-0.2
603337,杰克科技,37.16,37.15,37.16,37.1,37.2,37.5,36.96,1889025.0,70208280.0,0.162,0.06
603338,浙江鼎力,59.56,59.56,59.62,58.49,58.68,59.8,57.71,2988484.0,176159613.0,1.829,1.07
603339,四方科技,12.3,12.3,12.31,12.49,12.5,12.52,12.29,7193564.0,89024924.0,-1.521,-0.19
603341,龙旗科技,36.46,36.45,36.46,37.0,36.92,37.2,36.34,6358330.0,233079172.0,-1.459,-0.54
603344,星德胜,24.84,24.84,24.88,25.01,24.83,25.48,24.68,2344600.0,58873288.0,-0.68,-0.17
603345,安井食品,74.35,74.35,74.36,76.52,76.48,76.48,74.19,6410722.0,479751745.0,-2.836,-2.17
603348,文灿股份,14.74,14.74,14.76,14.93,14.86,15.09,14.68,2209100.0,32813834.0,-1.273,-0.19
603350,安乃达,28.53,28.53,28.54,28.71,28.8,28.98,28.38,322800.0,9245166.0,-0.627,-0.18
603351,威尔药业,25.5,25.46,25.5,25.89,25.85,25.9,25.41,552024.0,14143957.0,-1.506,-0.39
603352,至信股份,25.48,25.48,25.5,25.82,25.82,25.85,25.31,897058.0,22891083.0,-1.317,-0.34
603353,和顺石油,38.57,38.57,38.58,37.96,37.93,39.26,35.79,13852740.0,525975079.0,1.607,0.61
603355,莱克电气,30.09,30.09,30.1,29.7,30.05,30.7,29.73,4058832.0,122395290.0,1.313,0.39
603356,华菱精工,17.21,17.21,17.23,17.19,17.2,17.45,17.15,2037969.0,35251367.0,0.116,0.02
603357,设计总院,6.17,6.17,6.18,6.18,6.16,6.18,6.11,1878369.0,11545221.0,-0.162,-0.01
603358,华达科技,44.65,44.65,44.66,46.13,46.1,46.67,44.55,8609078.0,390006718.0,-3.208,-1.48
603359,*ST东珠,2.41,2.41,2.42,2.5,2.48,2.51,2.4,7433020.0,18131404.0,-3.6,-0.09
603360,百傲化学,13.34,13.34,13.36,13.78,13.78,14.12,13.33,12610586.0,172124274.0,-3.193,-0.44
603363,傲农生物,3.26,3.25,3.26,3.27,3.22,3.32,3.22,58752930.0,192341486.0,-0.306,-0.01
603365,水星家纺,16.8,16.77,16.8,16.66,16.66,16.8,16.6,1101791.0,18439215.0,0.84,0.14
603366,日出东方,7.84,7.84,7.85,7.74,7.68,8.1,7.45,40824686.0,315517816.0,1.292,0.1
603367,辰欣药业,14.6,14.59,14.6,14.84,14.74,14.77,14.52,5826507.0,85255709.0,-1.617,-0.24
603368,柳药集团,15.87,15.87,15.88,15.88,15.81,15.9,15.75,2692600.0,42647068.0,-0.063,-0.01
603369,今世缘,30.41,30.41,30.42,30.65,30.6,30.75,30.16,9088180.0,276391915.0,-0.783,-0.24
603370,华新精科,28.92,28.91,28.92,28.87,28.74,28.96,28.51,1396826.0,40171550.0,0.173,0.05
603373,安邦护卫,39.76,39.75,39.76,40.04,39.91,40.53,39.3,1366713.0,54519804.0,-0.699,-0.28
603375,盛景微,46.69,46.68,46.69,46.79,46.76,47.33,45.86,2492097.0,116114738.0,-0.214,-0.1
603376,大明电子,27.46,27.45,27.46,27.96,28.01,28.08,27.18,2378193.0,65247834.0,-1.788,-0.5
603377,ST东时,3.16,3.16,3.17,3.21,3.19,3.23,3.12,4502300.0,14254287.0,-1.558,-0.05
603378,*ST亚士,6.68,6.68,6.69,6.75,6.82,6.84,6.65,7613300.0,51364060.0,-1.037,-0.07
603379,三美股份,59.32,59.31,59.34,59.48,59.37,59.88,58.9,2735971.0,162106998.0,-0.269,-0.16
603380,易德龙,33.72,33.72,33.73,34.72,34.81,35.89,33.36,4359600.0,149240414.0,-2.88,-1.0
603381,永臻股份,14.91,14.91,14.92,15.06,15.08,15.08,14.81,2716200.0,40524308.0,-0.996,-0.15
603382,海阳科技,19.57,19.56,19.57,19.91,19.83,19.87,19.49,1807101.0,35413831.0,-1.708,-0.34
603383,顶点软件,28.03,28.02,28.03,28.55,28.43,28.45,27.9,2620831.0,73568674.0,-1.821,-0.52
603385,惠达卫浴,5.86,5.85,5.86,5.83,5.84,5.88,5.76,3366067.0,19631640.0,0.515,0.03
603386,骏亚科技,14.81,14.81,14.82,14.6,14.65,15.09,14.63,6907900.0,102930870.0,1.438,0.21
603387,基蛋生物,9.47,9.47,9.48,9.45,9.39,9.54,9.28,6817135.0,64374655.0,0.212,0.02
603389,亚振家居,43.65,43.65,43.68,43.29,43.0,45.23,42.8,2433540.0,107500655.0,0.832,0.36
603390,通达电气,10.94,10.94,10.95,11.01,10.93,11.01,10.84,15218100.0,166126014.0,-0.636,-0.07
603391,力聚热能,67.79,67.79,67.85,69.03,69.3,69.76,66.89,1463393.0,99189142.0,-1.796,-1.24
603392,万泰生物,28.06,28.06,28.07,27.58,27.88,28.24,27.7,8666024.0,242833298.0,1.74,0.48
603393,新天然气,27.11,27.1,27.11,27.4,27.43,27.5,26.96,6700792.0,182188667.0,-1.058,-0.29
603395,红四方,30.36,30.35,30.36,30.97,30.0,30.97,29.8,18134128.0,550003301.0,-1.97,-0.61
603396,金辰股份,28.45,28.45,28.46,29.14,29.05,29.25,28.04,5915789.0,168969540.0,-2.368,-0.69
603398,*ST沐邦,9.83,9.82,9.83,9.99,9.71,10.14,9.57,9584440.0,94409831.0,-1.602,-0.16
603399,永杉锂业,13.87,13.86,13.87,13.95,13.91,13.98,13.69,22647132.0,313432847.0,-0.573,-0.08
603400,华之杰,51.18,51.16,51.18,52.81,52.0,53.25,51.01,4002939.0,208005185.0,-3.087,-1.63
603402,陕西旅游,69.63,69.62,69.63,72.69,71.52,71.88,69.0,3497059.0,244347349.0,-4.21,-3.06
603406,天富龙,29.55,29.54,29.55,30.2,30.3,30.32,29.5,1777808.0,53042470.0,-2.152,-0.65
603407,长裕集团,53.81,53.81,53.86,53.35,53.69,54.86,53.36,3722870.0,201332766.0,0.862,0.46
603408,建霖家居,11.89,11.88,11.89,12.17,12.15,12.26,11.83,1958600.0,23397899.0,-2.301,-0.28
603409,汇通控股,18.12,18.11,18.12,18.38,18.35,18.37,18.04,1236798.0,22466419.0,-1.415,-0.26
603416,信捷电气,47.46,47.44,47.46,47.88,47.68,48.29,47.24,1141812.0,54321780.0,-0.877,-0.42
603418,友升股份,45.6,45.6,45.62,46.63,46.47,47.04,45.5,1391303.0,64235264.0,-2.209,-1.03
603421,鼎信通讯,6.63,6.63,0.0,6.03,6.37,6.63,6.34,26980470.0,176790298.0,9.95,0.6
603429,*ST集友,9.15,9.08,9.15,8.93,8.82,9.15,8.82,1520020.0,13587627.0,2.464,0.22
603435,嘉德利,46.52,46.51,46.52,47.55,47.39,48.05,46.28,1939127.0,91022528.0,-2.166,-1.03
603439,三力制药,11.92,11.92,11.94,12.17,12.05,12.06,11.8,6648248.0,79250175.0,-2.054,-0.25
603444,吉比特,387.78,387.76,387.8,402.87,402.91,403.06,387.02,2047200.0,802654398.0,-3.746,-15.09
603448,C天博,68.22,68.22,68.23,70.01,68.05,72.25,67.61,7577879.0,527235264.0,-2.557,-1.79
603456,九洲药业,15.33,15.33,15.34,15.25,15.16,15.51,15.02,19871631.0,303836096.0,0.525,0.08
603458,勘设股份,10.94,10.93,10.94,10.76,10.7,11.0,10.52,15955238.0,172579817.0,1.673,0.18
603459,红板科技,88.02,88.02,88.03,87.38,88.5,89.5,86.66,9003858.0,795565994.0,0.732,0.64
603466,风语筑,12.91,12.9,12.91,12.62,12.3,12.97,11.68,105113356.0,1289945476.0,2.298,0.29
603468,津富士达,22.71,22.7,22.71,23.13,23.1,23.17,22.7,2553988.0,58374335.0,-1.816,-0.42
603477,巨星农牧,16.24,16.23,16.24,16.04,15.98,16.25,15.96,12111917.0,195822454.0,1.247,0.2
603486,科沃斯,51.42,51.41,51.42,52.26,52.36,52.45,51.02,3732926.0,192555096.0,-1.607,-0.84
603488,展鹏科技,8.66,8.66,8.67,8.57,8.64,8.85,8.35,15841840.0,136883541.0,1.05,0.09
603489,八方股份,27.84,27.84,27.85,27.55,27.53,28.28,27.36,2603524.0,72526158.0,1.053,0.29
603496,恒为科技,22.89,22.88,22.89,22.7,22.71,23.22,22.71,6624154.0,151803905.0,0.837,0.19
603499,翔港科技,14.11,14.1,14.11,14.23,14.12,14.38,13.91,5229486.0,73520190.0,-0.843,-0.12
603500,祥和实业,9.59,9.59,9.6,9.57,9.57,9.64,9.44,4529900.0,43152778.0,0.209,0.02
603501,豪威集团,80.01,80.0,80.01,80.47,80.22,80.87,79.7,12053885.0,966357300.0,-0.572,-0.46
603505,金石资源,15.57,15.56,15.57,15.55,15.56,15.69,15.37,6341528.0,98410742.0,0.129,0.02
603506,南都物业,11.75,11.75,11.77,11.87,11.82,11.83,11.66,3404662.0,40000575.0,-1.011,-0.12
603507,振江股份,22.37,22.36,22.37,22.4,22.39,22.62,22.25,3181610.0,71394905.0,-0.134,-0.03
603508,思维列控,21.33,21.33,21.35,21.54,21.54,21.55,21.28,1818100.0,38860901.0,-0.975,-0.21
603511,爱慕股份,12.77,12.77,12.79,12.85,12.76,13.02,12.73,1022000.0,13080183.0,-0.623,-0.08
603515,欧普照明,15.15,15.15,15.16,15.41,15.39,15.39,15.12,1409778.0,21425551.0,-1.687,-0.26
603516,淳中科技,88.03,88.03,88.04,89.5,90.0,91.28,87.28,4644468.0,413646989.0,-1.642,-1.47
603517,ST绝味,12.01,12.01,12.02,12.06,12.0,12.16,11.91,4958200.0,59517351.0,-0.415,-0.05
603518,锦泓集团,8.28,8.27,8.28,8.25,8.25,8.28,8.17,5015800.0,41251121.0,0.364,0.03
603519,立霸股份,15.19,15.19,15.2,15.25,15.15,15.32,15.08,3679079.0,55840620.0,-0.393,-0.06
603520,司太立,8.74,8.73,8.74,8.88,8.88,8.88,8.7,5092649.0,44585744.0,-1.577,-0.14
603527,众源新材,10.53,10.52,10.53,10.26,10.3,10.7,10.27,12463069.0,131126235.0,2.632,0.27
603528,多伦科技,6.38,6.37,6.38,6.41,6.41,6.52,6.31,7824100.0,50027487.0,-0.468,-0.03
603529,爱玛科技,21.82,21.81,21.82,21.8,21.8,22.05,21.63,3912660.0,85446544.0,0.092,0.02
603530,神马电力,47.75,47.75,47.76,49.3,49.01,49.3,47.61,3968500.0,191384384.0,-3.144,-1.55
603533,掌阅科技,24.01,24.0,24.01,24.71,24.22,24.66,23.7,28995806.0,699089403.0,-2.833,-0.7
603535,嘉诚国际,6.5,6.5,6.51,6.53,6.56,6.57,6.48,2830300.0,18450612.0,-0.459,-0.03
603536,惠发食品,10.36,10.36,10.37,10.59,10.46,10.5,10.25,10176519.0,105392908.0,-2.172,-0.23
603538,美诺华,27.2,27.19,27.2,28.07,28.08,28.4,27.04,39737969.0,1098562027.0,-3.099,-0.87
603551,奥普科技,9.63,9.63,9.64,9.75,9.7,9.73,9.55,2087800.0,20049249.0,-1.231,-0.12
603556,海兴电力,23.8,23.8,23.82,24.41,24.3,24.41,23.52,6871129.0,163925350.0,-2.499,-0.61
603557,*ST起步,3.25,3.24,3.25,3.33,3.3,3.33,3.21,7645800.0,24959411.0,-2.402,-0.08
603558,健盛集团,12.21,12.21,12.23,12.15,12.15,12.27,12.08,1687000.0,20504008.0,0.494,0.06
603559,中通国脉,10.18,10.17,10.18,10.8,10.84,10.86,10.1,23094400.0,240405781.0,-5.741,-0.62
603565,中谷物流,12.41,12.41,12.42,12.02,11.99,12.54,11.93,27899450.0,343737017.0,3.245,0.39
603566,普莱柯,10.69,10.68,10.69,10.8,10.79,10.83,10.65,2677900.0,28754473.0,-1.019,-0.11
603567,珍宝岛,5.54,5.54,5.55,5.69,5.65,5.68,5.52,19066435.0,106404463.0,-2.636,-0.15
603568,伟明环保,14.21,14.21,14.22,14.29,14.35,14.35,14.17,3704515.0,52797924.0,-0.56,-0.08
603569,长久物流,5.98,5.97,5.98,6.02,6.01,6.02,5.89,3827700.0,22815481.0,-0.664,-0.04
603577,汇金通,10.22,10.22,10.23,10.23,10.18,10.32,10.15,2426240.0,24845141.0,-0.098,-0.01
603578,三星新材,13.53,13.53,13.54,13.6,13.6,13.93,13.21,5149041.0,69300895.0,-0.515,-0.07
603579,荣泰健康,18.69,18.69,18.7,18.76,18.8,18.8,18.43,1987800.0,36986477.0,-0.373,-0.07
603580,艾艾精工,68.8,68.8,68.86,73.99,75.0,75.98,68.0,11535776.0,806434484.0,-7.014,-5.19
603583,捷昌驱动,26.47,26.47,26.49,26.8,26.8,26.99,26.36,3987870.0,106062856.0,-1.231,-0.33
603585,苏利股份,11.18,11.17,11.18,11.13,11.08,11.26,11.02,5328284.0,59392712.0,0.449,0.05
603586,金麒麟,14.03,14.0,14.03,14.17,14.25,14.25,13.96,1208000.0,16973057.0,-0.988,-0.14
603587,地素时尚,13.2,13.2,13.21,13.5,13.48,13.55,13.13,3678100.0,48729432.0,-2.222,-0.3
603588,高能环境,15.96,15.95,15.96,15.86,15.86,16.05,15.71,43697983.0,695321172.0,0.631,0.1
603589,口子窖,18.65,18.65,18.66,19.41,19.46,19.46,18.6,12686131.0,238363328.0,-3.916,-0.76
603590,康辰药业,29.88,29.88,29.89,30.33,30.23,30.23,29.72,1442800.0,43180259.0,-1.484,-0.45
603595,ST东尼,29.9,29.86,29.9,30.3,30.35,30.69,29.53,1744200.0,52084480.0,-1.32,-0.4
603596,伯特利,29.67,29.67,29.68,30.13,30.0,30.28,29.52,13732986.0,407920287.0,-1.527,-0.46
603598,引力传媒,18.07,18.06,18.07,18.89,18.57,18.66,17.96,19897000.0,360481909.0,-4.341,-0.82
603599,广信股份,11.41,11.41,11.42,11.43,11.32,11.54,11.26,22583820.0,257012154.0,-0.175,-0.02
603600,永艺股份,11.04,11.04,11.05,10.92,10.94,11.1,10.62,9398650.0,102554675.0,1.099,0.12
603601,再升科技,9.05,9.05,9.06,9.0,9.0,9.19,9.0,43213608.0,392843970.0,0.556,0.05
603602,纵横通信,11.76,11.76,11.77,11.85,11.87,11.89,11.68,2559900.0,30078393.0,-0.759,-0.09
603605,珀莱雅,60.3,60.29,60.3,61.96,61.7,61.83,60.1,4036273.0,244522207.0,-2.679,-1.66
603606,东方电缆,34.1,34.09,34.1,33.99,33.93,34.18,33.55,8387103.0,284893703.0,0.324,0.11
603607,京华激光,22.74,22.73,22.74,22.95,22.99,23.17,22.44,4244000.0,96297249.0,-0.915,-0.21
603608,天创时尚,22.14,22.12,22.14,22.46,22.49,22.88,21.0,21163448.0,467650945.0,-1.425,-0.32
603609,禾丰股份,6.99,6.98,6.99,7.0,6.99,7.07,6.93,8424419.0,58988786.0,-0.143,-0.01
603610,麒盛科技,14.26,14.26,14.27,14.27,14.27,14.34,14.05,3268376.0,46397142.0,-0.07,-0.01
603611,诺力股份,16.3,16.28,16.3,16.37,16.38,16.38,16.21,974000.0,15838242.0,-0.428,-0.07
603612,索通发展,17.54,17.53,17.54,17.18,17.21,17.58,17.12,13444163.0,233748390.0,2.095,0.36
603613,国联股份,19.98,19.98,19.99,20.01,19.99,20.28,19.81,10615500.0,212387449.0,-0.15,-0.03
603615,茶花股份,19.14,19.12,19.14,18.45,18.45,19.24,18.3,7166141.0,135870481.0,3.74,0.69
603616,韩建河山,5.85,5.84,5.85,5.94,5.95,5.98,5.81,10151600.0,59627427.0,-1.515,-0.09
603617,君禾股份,7.16,7.15,7.16,7.12,7.08,7.2,7.06,4325200.0,30848406.0,0.562,0.04
603618,杭电股份,41.58,41.58,41.59,40.11,40.14,44.0,38.72,169171454.0,6910451043.0,3.665,1.47
603619,中曼石油,24.75,24.75,24.76,24.9,25.26,25.49,24.44,40941033.0,1018103495.0,-0.602,-0.15
603626,科森科技,20.09,20.09,20.1,21.69,21.36,21.5,19.96,67647142.0,1386912634.0,-7.377,-1.6
603628,清源股份,10.77,10.77,10.78,10.76,10.71,10.78,10.58,10835711.0,115860936.0,0.093,0.01
603629,利通电子,109.26,109.26,109.27,108.99,112.5,113.88,107.82,22725101.0,2511753997.0,0.248,0.27
603630,拉芳家化,14.49,14.49,14.5,14.92,14.85,14.95,14.45,5940886.0,86486671.0,-2.882,-0.43
603633,徕木股份,6.61,6.61,6.62,6.65,6.62,6.7,6.58,4348586.0,28873419.0,-0.602,-0.04
603636,南威软件,6.99,6.98,6.99,7.09,7.1,7.12,6.92,8575870.0,59844685.0,-1.41,-0.1
603637,镇海股份,14.8,14.79,14.8,14.88,14.82,15.17,14.77,4759450.0,71120853.0,-0.538,-0.08
603638,艾迪精密,18.14,18.14,18.16,18.52,18.53,18.55,18.02,8659335.0,157721408.0,-2.052,-0.38
603639,海利尔,11.12,11.12,11.15,11.13,11.1,11.26,11.02,3553400.0,39703601.0,-0.09,-0.01
603648,畅联股份,9.63,9.63,9.64,9.68,9.66,9.78,9.61,1987400.0,19238692.0,-0.517,-0.05
603650,彤程新材,65.22,65.22,0.0,59.29,59.6,65.22,59.6,33495164.0,2156858320.0,10.002,5.93
603655,朗博科技,30.26,30.26,30.28,30.6,30.46,31.2,30.2,1152800.0,35268637.0,-1.111,-0.34
603656,泰禾智能,17.38,17.38,17.42,17.48,17.37,17.69,17.33,1135900.0,19876161.0,-0.572,-0.1
603657,春光科技,27.15,27.13,27.15,26.8,26.81,27.45,26.21,3620100.0,97413980.0,1.306,0.35
603658,安图生物,32.06,32.06,32.07,32.23,32.25,32.39,31.87,1897255.0,60853270.0,-0.527,-0.17
603659,璞泰来,22.07,22.07,22.08,22.22,22.14,22.16,21.86,20895777.0,459792165.0,-0.675,-0.15
603660,苏州科达,9.66,9.65,9.66,9.93,9.83,9.96,9.6,15899400.0,155030107.0,-2.719,-0.27
603661,恒林股份,31.17,31.16,31.17,32.5,32.32,32.43,30.96,3037200.0,96268004.0,-4.092,-1.33
603662,柯力传感,49.29,49.29,49.3,49.95,50.0,50.2,49.09,2487398.0,123229635.0,-1.321,-0.66
603663,三祥新材,41.93,41.93,41.94,39.11,39.51,43.02,39.32,42817280.0,1807469018.0,7.21,2.82
603665,康隆达,22.27,22.25,22.27,22.33,22.3,22.61,21.9,2570800.0,57185290.0,-0.269,-0.06
603666,亿嘉和,25.51,25.5,25.51,25.71,25.68,26.09,25.4,3226855.0,83027955.0,-0.778,-0.2
603667,五洲新春,49.96,49.95,49.96,50.97,51.0,51.3,49.66,8607929.0,433003587.0,-1.982,-1.01
603668,天马科技,13.01,13.01,13.02,13.06,13.05,13.68,12.87,24128113.0,318821677.0,-0.383,-0.05
603669,灵康药业,5.29,5.29,5.3,5.35,5.39,5.4,5.25,11226900.0,59628532.0,-1.121,-0.06
603676,卫信康,9.18,9.17,9.18,9.24,9.22,9.25,9.11,909400.0,8331110.0,-0.649,-0.06
603677,奇精机械,13.94,13.94,13.95,14.06,14.06,14.28,13.83,1505440.0,21075420.0,-0.853,-0.12
603678,火炬电子,45.93,45.93,45.94,45.77,45.88,47.1,45.54,15379419.0,710652345.0,0.35,0.16
603679,华体科技,25.22,25.22,25.23,26.15,25.89,26.3,24.8,22947109.0,581428802.0,-3.556,-0.93
603680,今创集团,10.1,10.1,10.11,10.07,10.02,10.22,10.02,3574560.0,36184527.0,0.298,0.03
603681,永冠新材,18.37,18.37,18.38,18.26,18.23,18.5,18.19,4850447.0,89172917.0,0.602,0.11
603682,锦和商管,10.39,10.38,10.39,10.53,10.6,10.63,10.29,8033800.0,83907897.0,-1.33,-0.14
603683,晶华新材,15.82,15.82,15.83,16.22,16.22,16.28,15.73,14904200.0,237789527.0,-2.466,-0.4
603685,晨丰科技,28.52,28.48,28.52,28.42,28.4,28.75,28.08,1923300.0,54722931.0,0.352,0.1
603686,福龙马,13.66,13.65,13.66,13.76,13.59,13.78,13.55,14608057.0,199523454.0,-0.727,-0.1
603687,大胜达,16.43,16.43,16.44,15.92,15.81,16.58,15.81,23133186.0,377980288.0,3.204,0.51
603688,石英股份,47.59,47.59,47.6,46.86,47.5,49.81,47.19,17860146.0,862214633.0,1.558,0.73
603689,皖天然气,7.92,7.92,7.93,7.89,7.87,7.99,7.86,5006330.0,39646986.0,0.38,0.03
603690,至纯科技,23.41,23.41,23.42,23.8,23.98,24.22,23.26,12683769.0,299950691.0,-1.639,-0.39
603693,江苏新能,11.51,11.51,11.52,11.37,11.36,11.54,11.3,5851510.0,66995312.0,1.231,0.14
603696,安记食品,16.5,16.5,16.51,17.7,17.69,17.79,15.93,42708846.0,704300600.0,-6.78,-1.2
603697,有友食品,10.17,10.17,10.18,10.19,10.15,10.28,10.01,5802680.0,58955030.0,-0.196,-0.02
603698,航天工程,21.89,21.88,21.89,21.72,21.72,22.14,21.6,8032575.0,176135024.0,0.783,0.17
603699,纽威股份,44.29,44.28,44.29,44.02,43.78,44.56,43.75,3815678.0,168582280.0,0.613,0.27
603700,宁水集团,12.08,12.08,12.11,12.29,12.33,12.36,12.06,3296684.0,40228877.0,-1.709,-0.21
603701,德宏股份,19.82,19.82,19.84,19.92,19.92,19.96,19.5,3972366.0,78287206.0,-0.502,-0.1
603703,盛洋科技,10.39,10.38,10.39,10.24,10.2,10.71,10.2,14208380.0,148964161.0,1.465,0.15
603706,东方环宇,17.73,17.73,17.74,17.81,17.88,17.88,17.65,1007400.0,17879658.0,-0.449,-0.08
603707,健友股份,7.72,7.72,7.73,7.84,7.79,7.8,7.71,7226002.0,55857637.0,-1.531,-0.12
603708,家家悦,9.77,9.77,9.78,9.8,9.76,9.84,9.6,8009663.0,78121245.0,-0.306,-0.03
603709,中源家居,12.59,12.59,12.62,12.69,12.75,12.9,12.57,2386031.0,30213853.0,-0.788,-0.1
603711,香飘飘,11.94,11.94,11.95,12.08,12.01,12.08,11.82,3679600.0,43900027.0,-1.159,-0.14
603712,七一二,11.87,11.87,11.88,11.9,11.87,12.04,11.8,6309800.0,75122726.0,-0.252,-0.03
603713,密尔克卫,66.72,66.71,66.72,66.61,66.99,67.3,65.75,1831579.0,121798834.0,0.165,0.11
603716,塞力医疗,17.43,17.43,17.44,17.65,17.39,17.7,17.2,10504433.0,183018295.0,-1.246,-0.22
603717,天域生物,6.6,6.59,6.6,6.69,6.65,6.74,6.55,8500967.0,56347273.0,-1.345,-0.09
603718,*ST海利,3.21,3.21,3.23,3.27,3.27,3.27,3.2,3993689.0,12904100.0,-1.835,-0.06
603719,良品铺子,9.7,9.69,9.7,9.99,10.03,10.03,9.67,5429800.0,52943231.0,-2.903,-0.29
603721,中广天择,19.17,19.17,19.18,20.35,19.88,20.09,18.99,14572800.0,281079207.0,-5.799,-1.18
603722,阿科力,29.35,29.35,29.37,29.88,30.04,30.04,29.26,893900.0,26425999.0,-1.774,-0.53
603725,天安新材,10.58,10.58,10.59,10.73,10.71,10.79,10.51,7189400.0,76515712.0,-1.398,-0.15
603726,朗迪集团,24.66,24.65,24.66,24.15,24.05,24.77,24.03,3844008.0,93741222.0,2.112,0.51
603727,博迈科,18.15,18.14,18.15,18.27,18.45,18.45,17.95,2221000.0,40351411.0,-0.657,-0.12
603728,鸣志电器,48.88,48.87,48.88,49.99,49.8,49.93,48.56,4882027.0,239802340.0,-2.22,-1.11
603729,ST龙韵,12.8,12.79,12.8,12.89,12.82,13.0,12.71,1259123.0,16164879.0,-0.698,-0.09
603730,岱美股份,11.07,11.07,11.08,11.35,11.33,11.43,11.06,10493000.0,117428263.0,-2.467,-0.28
603733,仙鹤股份,19.25,19.25,19.26,19.0,18.96,19.33,18.9,6524964.0,124507974.0,1.316,0.25
603737,三棵树,22.9,22.9,22.91,23.6,23.66,23.72,22.76,9251760.0,212625496.0,-2.966,-0.7
603738,泰晶科技,35.79,35.79,35.8,35.46,36.0,37.14,35.56,29273024.0,1062884965.0,0.931,0.33
603739,蔚蓝生物,13.37,13.37,13.38,13.59,13.36,13.49,13.27,5368120.0,71715326.0,-1.619,-0.22
603755,日辰股份,25.58,25.58,25.67,25.74,25.64,25.88,25.41,1136040.0,29113857.0,-0.622,-0.16
603757,大元泵业,67.72,67.72,67.73,71.27,70.5,71.0,67.0,10926099.0,748771915.0,-4.981,-3.55
603758,秦安股份,11.04,11.04,11.05,11.3,11.28,11.28,11.01,7395201.0,82163257.0,-2.301,-0.26
603759,海天股份,7.55,7.54,7.55,7.61,7.61,7.61,7.52,2489816.0,18793606.0,-0.788,-0.06
603766,隆鑫通用,14.38,14.38,14.39,14.35,14.33,14.48,14.2,7482950.0,107636979.0,0.209,0.03
603767,中马传动,13.95,13.94,13.95,14.16,14.12,14.2,13.91,2548200.0,35700826.0,-1.483,-0.21
603768,常青股份,11.77,11.77,11.79,11.78,12.0,12.0,11.68,2159824.0,25478234.0,-0.085,-0.01
603773,沃格光电,86.01,86.01,86.02,86.7,89.9,91.75,85.31,19133759.0,1689901017.0,-0.796,-0.69
603776,永安行,20.03,20.03,20.04,19.98,19.98,20.51,19.85,2472881.0,49744947.0,0.25,0.05
603777,来伊份,14.63,14.63,14.64,14.38,14.37,15.36,14.1,15062940.0,221890969.0,1.739,0.25
603778,国晟科技,10.51,10.51,10.52,10.68,10.7,10.77,10.48,51886600.0,550251250.0,-1.592,-0.17
603779,威龙股份,8.59,8.59,8.6,8.85,8.89,8.98,8.53,30341468.0,263658003.0,-2.938,-0.26
603786,科博达,39.0,39.0,39.01,39.46,39.5,39.57,38.8,1376567.0,53763520.0,-1.166,-0.46
603787,新日股份,10.43,10.43,10.45,10.47,10.54,10.55,10.35,1557323.0,16250761.0,-0.382,-0.04
603788,宁波高发,13.67,13.66,13.67,13.78,13.8,13.8,13.61,973500.0,13311572.0,-0.798,-0.11
603789,ST星农,6.09,6.08,6.09,6.22,6.24,6.31,6.08,3261900.0,20071515.0,-2.09,-0.13
603790,雅运股份,23.88,23.88,23.91,23.18,23.19,24.12,23.19,2643850.0,62835227.0,3.02,0.7
603797,联泰环保,4.98,4.98,4.99,4.91,4.86,5.05,4.84,15111944.0,75197849.0,1.426,0.07
603798,康普顿,14.64,14.63,14.64,14.58,14.58,14.7,14.29,3809280.0,55100478.0,0.412,0.06
603799,华友钴业,38.19,38.19,38.2,37.98,38.01,38.4,37.68,44421482.0,1688286625.0,0.553,0.21
603800,洪田股份,57.9,57.89,57.9,57.4,57.9,60.66,57.41,7411176.0,435845987.0,0.871,0.5
603801,志邦家居,6.29,6.29,6.3,6.44,6.43,6.45,6.27,10524900.0,66480770.0,-2.329,-0.15
603803,瑞斯康达,11.21,11.21,11.22,11.39,11.5,11.67,11.13,16583093.0,189132589.0,-1.58,-0.18
603806,福斯特,14.66,14.66,14.67,14.45,14.5,14.73,14.44,18082458.0,265058063.0,1.453,0.21
603808,歌力思,8.9,8.9,8.91,8.92,8.81,8.92,8.78,2119700.0,18754042.0,-0.224,-0.02
603809,豪能股份,8.7,8.69,8.7,8.78,8.78,8.8,8.68,5827181.0,50876207.0,-0.911,-0.08
603810,丰山集团,12.48,12.47,12.48,12.68,12.72,12.72,12.45,2196980.0,27638013.0,-1.577,-0.2
603811,诚意药业,7.19,7.19,7.2,7.32,7.25,7.29,7.18,4098037.0,29625862.0,-1.776,-0.13
603813,原尚股份,27.23,27.23,27.24,27.22,27.22,27.4,26.65,695005.0,18837495.0,0.037,0.01
603815,交建股份,5.54,5.53,5.54,5.53,5.52,5.57,5.43,6965900.0,38186772.0,0.181,0.01
603816,顾家家居,23.51,23.5,23.51,23.05,22.96,23.74,22.77,5853982.0,136283620.0,1.996,0.46
603817,海峡环保,6.0,5.99,6.0,5.98,5.98,6.03,5.88,10786200.0,64308295.0,0.334,0.02
603818,曲美家居,3.74,3.74,3.75,3.67,3.67,3.78,3.66,19073800.0,71316230.0,1.907,0.07
603819,神力股份,16.77,16.77,16.78,16.63,16.56,17.11,16.46,6213074.0,104351540.0,0.842,0.14
603822,ST嘉澳,63.24,63.22,63.24,65.54,65.58,65.58,63.06,612400.0,39277084.0,-3.509,-2.3
603823,百合花,58.38,58.38,58.39,63.84,66.13,67.0,57.5,45247054.0,2746988786.0,-8.553,-5.46
603825,ST华扬,8.4,8.39,8.4,8.43,8.41,8.51,8.36,1757700.0,14778554.0,-0.356,-0.03
603826,坤彩科技,17.19,17.19,17.2,17.03,17.04,17.35,16.55,21352183.0,361375442.0,0.94,0.16
603828,*ST利达,5.71,5.71,5.73,5.69,5.73,5.8,5.34,4948100.0,27585636.0,0.351,0.02
603829,洛凯股份,15.91,15.91,15.92,15.88,15.89,16.12,15.71,2619800.0,41559430.0,0.189,0.03
603833,欧派家居,30.81,30.81,30.82,31.41,31.4,31.41,30.68,3003200.0,92641755.0,-1.91,-0.6
603836,海程邦达,9.59,9.58,9.59,9.54,9.53,9.63,9.48,2595180.0,24818543.0,0.524,0.05
603838,*ST四通,12.18,12.18,12.19,11.93,11.81,12.24,11.81,1777500.0,21412896.0,2.096,0.25
603839,安正时尚,7.01,7.01,7.02,7.14,7.12,7.2,6.97,4199092.0,29539526.0,-1.821,-0.13
603843,*ST正平,7.06,7.06,7.07,7.01,6.95,7.15,6.88,13223644.0,92306363.0,0.713,0.05
603848,好太太,13.85,13.84,13.85,13.98,14.03,14.04,13.72,1713100.0,23674179.0,-0.93,-0.13
603855,华荣股份,17.11,17.1,17.11,17.03,17.06,17.2,16.97,1487500.0,25395230.0,0.47,0.08
603856,东宏股份,11.84,11.83,11.84,11.91,11.91,11.92,11.77,1889200.0,22378028.0,-0.588,-0.07
603858,步长制药,14.78,14.78,14.79,14.84,14.8,14.85,14.7,3545784.0,52428855.0,-0.404,-0.06
603859,能科科技,38.48,38.48,38.49,39.43,39.3,39.33,38.21,6227500.0,240847178.0,-2.409,-0.95
603860,中公高科,26.78,26.69,26.78,26.97,27.09,27.09,26.62,1002421.0,26835158.0,-0.704,-0.19
603861,白云电器,11.71,11.7,11.71,11.74,11.73,11.78,11.62,4531500.0,53006726.0,-0.256,-0.03
603863,松炀资源,12.63,12.62,12.63,12.79,12.8,12.8,12.54,2487200.0,31418733.0,-1.251,-0.16
603866,桃李面包,4.48,4.48,4.49,4.56,4.52,4.54,4.46,12539742.0,56365011.0,-1.754,-0.08
603867,新化股份,30.42,30.42,30.43,30.56,30.6,30.97,30.28,5223400.0,159536395.0,-0.458,-0.14
603868,飞科电器,31.01,31.01,31.08,31.58,31.64,31.8,30.9,1283400.0,40017918.0,-1.805,-0.57
603869,ST智知,8.76,8.76,8.78,8.94,8.88,8.93,8.76,567100.0,5007973.0,-2.013,-0.18
603871,嘉友国际,14.23,14.23,14.24,14.15,14.09,14.41,13.91,9366765.0,133452598.0,0.565,0.08
603876,鼎胜新材,20.06,20.05,20.06,19.8,19.92,20.15,19.72,11412148.0,227654693.0,1.313,0.26
603877,太平鸟,12.72,12.71,12.72,12.8,12.82,12.83,12.6,1734100.0,22001088.0,-0.625,-0.08
603878,武进不锈,5.23,5.22,5.23,5.2,5.2,5.24,5.14,8792700.0,45627730.0,0.577,0.03
603879,永悦科技,5.35,5.34,5.35,5.47,5.44,5.5,5.31,5148582.0,27766650.0,-2.194,-0.12
603880,南卫股份,9.77,9.76,9.77,10.02,10.01,10.2,9.72,9343716.0,92640896.0,-2.495,-0.25
603881,数据港,24.76,24.76,24.77,24.75,24.67,24.9,24.5,18239414.0,450802381.0,0.04,0.01
603882,金域医学,26.64,26.63,26.64,26.51,26.4,26.86,26.26,5252249.0,139688002.0,0.49,0.13
603883,老百姓,13.51,13.51,13.52,13.58,13.58,13.65,13.45,9816368.0,133102589.0,-0.515,-0.07
603885,吉祥航空,10.15,10.15,10.16,10.18,10.11,10.19,10.07,8750594.0,88701073.0,-0.295,-0.03
603886,元祖股份,12.85,12.84,12.85,13.05,13.05,13.1,12.81,2778700.0,35918006.0,-1.533,-0.2
603887,城地香江,9.34,9.34,9.35,9.6,9.62,9.62,9.3,25084894.0,235564030.0,-2.708,-0.26
603888,新华网,17.04,17.04,17.05,17.72,17.3,17.36,16.74,39001593.0,661775501.0,-3.837,-0.68
603889,新澳股份,6.25,6.24,6.25,6.25,6.22,6.29,6.19,5596996.0,34869051.0,0.0,0.0
603890,春秋电子,18.03,18.03,18.04,18.26,18.2,18.38,17.91,28773446.0,520459325.0,-1.26,-0.23
603893,瑞芯微,187.36,187.36,187.37,188.59,189.0,193.26,186.5,8439412.0,1600761385.0,-0.652,-1.23
603895,天永智能,27.31,27.31,27.36,27.55,27.64,28.19,27.15,918900.0,25310614.0,-0.871,-0.24
603896,寿仙谷,15.11,15.1,15.11,15.15,15.16,15.28,15.0,1623100.0,24584931.0,-0.264,-0.04
603897,长城科技,29.92,29.92,29.93,30.75,31.0,31.0,29.77,9422697.0,284267884.0,-2.699,-0.83
603898,好莱客,11.6,11.6,11.61,11.79,11.82,11.86,11.55,1976400.0,23071693.0,-1.612,-0.19
603899,晨光股份,23.65,23.65,23.66,23.57,23.57,23.88,23.36,5356600.0,127218765.0,0.339,0.08
603900,莱绅通灵,7.45,7.45,0.0,6.77,6.7,7.45,6.57,38954826.0,274873571.0,10.044,0.68
603901,永创智能,9.75,9.74,9.75,9.84,9.8,9.86,9.66,6698818.0,65309280.0,-0.915,-0.09
603903,中持股份,15.12,15.12,15.13,14.45,14.45,15.45,14.45,13690768.0,206539197.0,4.637,0.67
603906,龙蟠科技,18.46,18.45,18.46,18.41,18.38,18.65,18.25,9792940.0,180359955.0,0.272,0.05
603908,牧高笛,19.71,19.63,19.71,19.75,19.85,19.86,19.41,1273270.0,24990921.0,-0.203,-0.04
603909,建发合诚,9.94,9.94,9.96,10.02,10.01,10.07,9.86,2003176.0,19981699.0,-0.798,-0.08
603912,佳力图,8.88,8.88,8.89,9.02,9.02,9.03,8.74,18639040.0,164942923.0,-1.552,-0.14
603915,国茂股份,13.25,13.25,13.26,13.42,13.42,13.46,13.21,4148400.0,55176616.0,-1.267,-0.17
603916,苏博特,10.96,10.95,10.96,11.15,11.1,11.15,10.95,6727161.0,74254080.0,-1.704,-0.19
603917,合力科技,13.47,13.47,13.48,13.74,13.67,13.87,13.41,2881100.0,39181800.0,-1.965,-0.27
603918,金桥信息,11.05,11.05,11.06,11.3,11.3,11.3,10.97,7615900.0,84322357.0,-2.212,-0.25
603919,金徽酒,17.53,17.53,17.54,17.94,17.89,17.9,17.41,4626595.0,81563198.0,-2.285,-0.41
603920,世运电路,40.35,40.35,40.36,39.43,39.51,41.36,39.02,33654036.0,1360015588.0,2.333,0.92
603922,ST金鸿顺,14.0,14.0,14.05,14.4,14.39,14.49,13.96,767200.0,10838381.0,-2.778,-0.4
603926,铁流股份,17.75,17.74,17.75,18.18,18.16,18.38,17.61,6919400.0,123525696.0,-2.365,-0.43
603927,中科软,13.84,13.84,13.85,14.0,14.02,14.02,13.8,4780980.0,66353939.0,-1.143,-0.16
603928,兴业股份,11.68,11.67,11.68,11.49,11.47,12.15,11.47,16467560.0,193859127.0,1.654,0.19
603929,亚翔集成,159.65,159.64,159.65,158.39,158.39,165.59,158.2,4862300.0,787593531.0,0.796,1.26
603931,格林达,33.67,33.67,33.72,33.79,33.74,34.8,33.45,3271682.0,111474241.0,-0.355,-0.12
603933,睿能科技,19.12,19.12,19.13,19.14,19.11,19.35,18.98,2063500.0,39604787.0,-0.104,-0.02
603936,博敏电子,18.16,18.15,18.16,17.55,17.59,18.52,17.55,60520708.0,1098963104.0,3.476,0.61
603937,丽岛新材,12.04,12.03,12.04,11.86,11.86,12.08,11.8,3570693.0,42724530.0,1.518,0.18
603938,三孚股份,47.11,47.11,47.12,44.43,46.87,48.87,46.59,55662040.0,2661988529.0,6.032,2.68
603939,益丰药房,22.81,22.8,22.81,22.64,22.55,22.97,22.45,5454068.0,124214918.0,0.751,0.17
603948,建业股份,19.94,19.94,19.97,20.09,20.0,20.18,19.84,667300.0,13352757.0,-0.747,-0.15
603949,雪龙集团,14.39,14.38,14.39,14.6,14.53,14.62,14.29,1752800.0,25297125.0,-1.438,-0.21
603950,长源东谷,61.28,61.28,61.29,61.95,61.34,64.06,60.1,7432805.0,459784803.0,-1.082,-0.67
603955,大千生态,22.4,22.4,22.41,22.2,22.29,22.5,21.91,2229400.0,49535975.0,0.901,0.2
603956,威派格,6.44,6.43,6.44,6.43,6.45,6.64,6.37,22913298.0,148565127.0,0.156,0.01
603958,哈森股份,17.35,17.34,17.35,18.96,18.5,18.5,17.3,18146618.0,320916728.0,-8.492,-1.61
603959,ST百利,4.43,4.43,4.44,4.35,4.36,4.49,4.35,6987700.0,30969051.0,1.839,0.08
603960,克来机电,15.87,15.86,15.87,16.05,15.98,16.11,15.72,3614975.0,57442852.0,-1.121,-0.18
603966,法兰泰克,7.42,7.42,7.43,7.46,7.42,7.47,7.39,3974380.0,29509097.0,-0.536,-0.04
603967,中创物流,11.79,11.79,11.8,11.78,11.77,11.89,11.69,2654680.0,31314423.0,0.085,0.01
603968,醋化股份,11.17,11.17,11.18,11.12,11.11,11.28,11.04,3214303.0,35888216.0,0.45,0.05
603969,银龙股份,8.11,8.1,8.11,8.14,8.14,8.18,8.04,6135762.0,49689740.0,-0.369,-0.03
603970,中农立华,11.79,11.78,11.79,11.9,11.87,12.03,11.75,6020057.0,71504691.0,-0.924,-0.11
603976,正川股份,34.26,34.26,34.28,35.7,35.19,35.68,33.95,8792238.0,303577780.0,-4.034,-1.44
603977,国泰集团,12.07,12.06,12.07,11.99,12.0,12.12,11.91,8498400.0,102237855.0,0.667,0.08
603978,深圳新星,21.43,21.43,21.44,21.6,21.61,21.89,21.06,13512430.0,288329619.0,-0.787,-0.17
603979,金诚信,82.55,82.54,82.55,80.4,79.0,83.02,79.0,7740650.0,630798508.0,2.674,2.15
603980,吉华集团,7.76,7.75,7.76,7.71,7.68,7.99,7.55,58514860.0,455352410.0,0.649,0.05
603982,泉峰汽车,6.34,6.33,6.34,6.39,6.37,6.42,6.31,3408976.0,21680363.0,-0.782,-0.05
603983,丸美生物,33.81,33.8,33.81,34.3,34.3,34.34,33.6,4077390.0,138550172.0,-1.429,-0.49
603985,恒润股份,17.19,17.19,17.2,17.31,17.33,17.58,17.06,7033260.0,121685383.0,-0.693,-0.12
603986,兆易创新,381.87,381.87,381.88,385.96,390.0,392.87,380.0,22904691.0,8816384418.0,-1.06,-4.09
603987,康德莱,7.66,7.65,7.66,7.7,7.65,7.71,7.61,2575100.0,19732444.0,-0.519,-0.04
603988,中电电机,19.18,19.18,19.21,19.25,19.5,19.52,19.1,2956200.0,56828492.0,-0.364,-0.07
603989,艾华集团,33.65,33.65,33.66,34.29,34.3,34.38,32.9,39309234.0,1317066570.0,-1.866,-0.64
603990,麦迪科技,20.54,20.53,20.54,20.41,20.32,20.96,20.1,9915652.0,203267097.0,0.637,0.13
603991,领先股份,180.4,180.39,180.4,177.42,177.42,183.79,174.05,4558106.0,816201108.0,1.68,2.98
603992,XD松霖科,20.01,20.01,20.02,20.02,20.1,20.25,19.9,3220177.0,64602777.0,-0.05,-0.01
603993,XD洛阳钼,19.09,19.08,19.09,18.85,18.94,19.3,18.75,196181897.0,3732174148.0,1.273,0.24
603995,甬金股份,24.43,24.43,24.47,24.3,24.24,24.98,24.03,3296200.0,80584988.0,0.535,0.13
603997,继峰股份,12.3,12.3,12.31,12.29,12.28,12.43,12.05,22135100.0,271894069.0,0.081,0.01
603998,方盛制药,10.84,10.83,10.84,11.05,10.96,10.98,10.79,8227600.0,89434826.0,-1.9,-0.21
603999,读者传媒,6.72,6.72,6.73,7.29,7.28,7.28,6.61,66618802.0,457589258.0,-7.819,-0.57
605001,威奥股份,6.3,6.3,6.31,6.33,6.41,6.41,6.28,5218859.0,33069373.0,-0.474,-0.03
605003,众望布艺,24.0,24.0,24.04,25.47,25.22,25.42,23.76,1934245.0,46893252.0,-5.771,-1.47
605005,合兴股份,16.21,16.21,16.25,16.15,16.17,16.39,16.13,1771200.0,28793168.0,0.372,0.06
605006,山东玻纤,16.34,16.34,16.35,15.43,15.54,16.48,15.33,75192729.0,1196175733.0,5.898,0.91
605007,五洲特纸,14.91,14.91,14.92,14.78,14.75,15.07,14.63,4106600.0,61031390.0,0.88,0.13
605008,长鸿高科,14.05,14.05,14.06,14.13,14.09,14.42,13.96,3997542.0,56453293.0,-0.566,-0.08
605009,豪悦护理,25.4,25.4,25.41,25.12,25.41,25.52,25.05,1696846.0,42949899.0,1.115,0.28
605011,杭州热电,17.54,17.53,17.54,17.04,17.01,18.2,16.89,9021060.0,157798239.0,2.934,0.5
605016,百龙创园,22.49,22.49,22.5,22.64,22.46,22.84,21.88,5760999.0,129380564.0,-0.663,-0.15
605018,长华集团,11.62,11.61,11.62,11.74,11.75,11.82,11.52,2693700.0,31285527.0,-1.022,-0.12
605020,永和股份,32.59,32.59,32.6,32.61,32.44,32.93,32.36,6305817.0,205787264.0,-0.061,-0.02
605028,世茂能源,25.94,25.93,25.94,25.61,25.62,26.31,25.45,1569000.0,40776074.0,1.289,0.33
605033,美邦股份,20.47,20.46,20.47,20.72,20.59,20.92,20.39,4019466.0,82705778.0,-1.207,-0.25
605050,福然德,10.47,10.47,10.48,10.47,10.47,10.61,10.35,1971700.0,20613801.0,0.0,0.0
605055,迎丰股份,9.43,9.42,9.43,9.68,9.75,9.75,9.4,2917700.0,27815371.0,-2.583,-0.25
605056,咸亨国际,13.73,13.72,13.73,13.84,13.79,14.02,13.69,3781500.0,52252618.0,-0.795,-0.11
605058,澳弘电子,29.64,29.63,29.64,28.73,28.85,30.1,28.77,3519816.0,104246277.0,3.167,0.91
605060,联德股份,40.49,40.49,40.5,40.01,40.55,41.38,40.0,2663500.0,108301729.0,1.2,0.48
605066,天正电气,6.95,6.94,6.95,6.96,6.96,7.06,6.89,5578225.0,38834653.0,-0.144,-0.01
605068,明新旭腾,20.89,20.89,20.98,21.82,21.73,22.46,20.77,9447006.0,200511286.0,-4.262,-0.93
605069,正和生态,10.5,10.49,10.5,10.62,10.62,10.7,10.43,3041789.0,32043226.0,-1.13,-0.12
605077,华康股份,13.78,13.78,0.0,12.53,13.1,13.78,12.8,33990280.0,457738082.0,9.976,1.25
605080,浙江自然,24.22,24.21,24.22,24.0,23.87,24.44,23.82,1927500.0,46515414.0,0.917,0.22
605086,龙高股份,24.36,24.31,24.36,24.7,24.56,24.77,24.2,1142100.0,27843849.0,-1.377,-0.34
605088,冠盛股份,21.44,21.44,21.45,21.87,21.88,21.89,21.3,8951000.0,192082621.0,-1.966,-0.43
605089,味知香,22.2,22.2,22.22,22.31,22.31,22.65,21.66,2057709.0,45573472.0,-0.493,-0.11
605090,九丰能源,33.63,33.63,33.65,33.43,33.36,33.76,33.2,7197046.0,241162671.0,0.598,0.2
605098,行动教育,55.27,55.2,55.27,55.3,55.43,55.89,54.68,798200.0,44191329.0,-0.054,-0.03
605099,共创草坪,29.54,29.53,29.54,30.17,30.04,30.13,29.38,1462998.0,43364116.0,-2.088,-0.63
605100,华丰股份,32.22,32.21,32.22,33.12,32.95,33.65,32.17,3334704.0,109335745.0,-2.717,-0.9
605108,同庆楼,13.38,13.38,13.39,13.61,13.51,13.57,13.24,3270343.0,43685249.0,-1.69,-0.23
605111,新洁能,53.95,53.95,53.96,54.17,54.84,55.63,53.7,7743541.0,422108633.0,-0.406,-0.22
605116,奥锐特,19.54,19.54,19.55,19.94,19.95,19.95,19.52,1950800.0,38372754.0,-2.006,-0.4
605117,德业股份,82.2,82.2,82.21,81.33,81.33,82.5,81.0,9062554.0,742276894.0,1.07,0.87
605118,力鼎光电,33.9,33.89,33.9,34.33,34.3,34.9,33.69,5889619.0,201731813.0,-1.253,-0.43
605122,四方新材,11.99,11.99,12.06,12.11,12.17,12.17,11.88,1813288.0,21753663.0,-0.991,-0.12
605123,派克新材,82.3,82.29,82.3,80.3,80.23,82.94,80.12,1726200.0,141394262.0,2.491,2.0
605128,上海沿浦,24.16,24.16,24.17,24.85,24.79,24.99,24.13,5030012.0,122960321.0,-2.777,-0.69
605133,嵘泰股份,25.1,25.1,25.12,25.46,25.47,25.83,25.01,3332600.0,84656698.0,-1.414,-0.36
605136,丽人丽妆,8.72,8.71,8.72,8.87,8.88,8.88,8.67,8043100.0,70125478.0,-1.691,-0.15
605138,盛泰集团,6.35,6.35,6.36,6.31,6.3,6.38,6.22,4645500.0,29341242.0,0.634,0.04
605151,西上海,19.98,19.98,19.99,19.07,19.07,20.53,18.2,3001400.0,59294823.0,4.772,0.91
605155,西大门,14.76,14.76,14.77,14.72,14.66,15.12,14.62,2478196.0,36789001.0,0.272,0.04
605158,华达新材,8.19,8.18,8.19,8.24,8.24,8.24,8.11,3329610.0,27246812.0,-0.607,-0.05
605162,新中港,11.23,11.23,0.0,10.21,10.09,11.23,9.84,64742636.0,697972963.0,9.99,1.02
605166,聚合顺,8.76,8.76,8.77,8.75,8.74,8.87,8.71,3088300.0,27099158.0,0.114,0.01
605167,利柏特,16.49,16.49,16.5,16.48,16.5,16.55,16.27,4719447.0,77534264.0,0.061,0.01
605168,三人行,49.64,0.0,49.64,55.15,55.01,55.37,49.64,7435871.0,377822396.0,-9.991,-5.51
605169,洪通燃气,12.85,12.85,12.86,13.03,13.03,13.09,12.76,3246266.0,41874155.0,-1.381,-0.18
605177,东亚药业,22.78,22.75,22.78,22.06,22.5,23.09,21.55,13364019.0,297649440.0,3.264,0.72
605178,时空科技,66.66,66.66,66.67,67.72,68.5,68.8,65.21,2874200.0,191675977.0,-1.565,-1.06
605179,一鸣食品,26.45,26.45,26.46,28.3,27.7,28.16,26.14,21349071.0,576472431.0,-6.537,-1.85
605180,华生科技,13.35,13.35,13.36,13.35,13.34,13.62,13.2,1427867.0,19026082.0,0.0,0.0
605183,确成股份,16.28,16.28,16.29,16.6,16.64,16.64,16.08,3079740.0,50174275.0,-1.928,-0.32
605186,健麾信息,25.27,25.24,25.27,25.71,25.39,25.7,24.97,1362500.0,34454092.0,-1.711,-0.44
605188,国光连锁,15.36,15.36,15.37,14.87,14.64,16.01,14.34,33729010.0,511552993.0,3.295,0.49
605189,富春染织,13.91,13.91,13.92,13.9,13.87,13.92,13.7,5988552.0,82622578.0,0.072,0.01
605196,华通线缆,36.14,36.14,36.15,35.95,36.05,36.69,35.55,7592400.0,274960732.0,0.529,0.19
605198,安德利,77.0,77.0,0.0,70.0,71.09,77.0,71.09,3951800.0,302336883.0,10.0,7.0
605199,ST葫芦娃,5.99,5.99,6.01,6.06,6.06,6.07,5.97,679900.0,4078891.0,-1.155,-0.07
605208,永茂泰,14.9,14.9,14.91,14.91,14.78,14.97,14.71,5142981.0,76431038.0,-0.067,-0.01
605218,伟时电子,14.31,14.31,14.32,14.76,14.61,14.77,14.3,3439729.0,49766591.0,-3.049,-0.45
605222,起帆电缆,23.43,23.43,23.44,22.08,22.22,23.96,22.09,18753927.0,435300845.0,6.114,1.35
605228,神通科技,10.55,10.54,10.55,10.74,10.68,10.75,10.53,3281400.0,34858886.0,-1.769,-0.19
605255,天普股份,64.86,64.86,64.9,64.67,64.67,65.96,63.45,631300.0,40874450.0,0.294,0.19
605258,协和电子,31.57,31.56,31.57,30.46,30.5,32.2,30.5,3797880.0,119498317.0,3.644,1.11
605259,绿田机械,18.08,18.08,18.09,18.04,18.09,18.15,17.95,685624.0,12368101.0,0.222,0.04
605266,健之佳,16.21,16.21,16.25,16.25,16.32,16.32,16.14,1203680.0,19534988.0,-0.246,-0.04
605268,王力安防,9.85,9.84,9.85,9.8,9.8,9.89,9.77,2732100.0,26855801.0,0.51,0.05
605277,新亚电子,17.36,17.36,17.37,16.39,16.5,18.03,16.5,37558490.0,661669871.0,5.918,0.97
605286,同力天启,25.61,25.61,25.63,26.28,26.39,26.39,25.5,3315100.0,85380321.0,-2.549,-0.67
605287,德才股份,38.0,37.98,38.0,37.42,37.14,38.27,36.88,3023344.0,113060097.0,1.55,0.58
605288,凯迪股份,65.29,65.29,65.3,67.66,67.32,68.68,65.25,1828300.0,121482352.0,-3.503,-2.37
605289,罗曼股份,100.13,100.11,100.13,98.64,99.2,102.7,98.79,2852780.0,287092923.0,1.511,1.49
605296,神农集团,35.5,35.5,35.53,35.9,36.21,36.21,35.26,3033660.0,108012473.0,-1.114,-0.4
605298,必得科技,45.57,45.57,45.6,46.79,46.79,47.0,45.37,678519.0,31184855.0,-2.607,-1.22
605299,舒华体育,12.92,12.92,12.93,13.57,13.51,13.55,12.82,22525599.0,293253066.0,-4.79,-0.65
605300,佳禾食品,10.73,10.72,10.73,11.28,10.98,11.13,10.62,20664213.0,223494772.0,-4.876,-0.55
605303,园林股份,24.75,24.75,24.76,25.2,25.4,25.58,24.35,2565600.0,63656933.0,-1.786,-0.45
605305,中际联合,31.89,31.88,31.89,31.88,31.88,32.05,31.63,2237700.0,71200703.0,0.031,0.01
605318,法狮龙,78.18,78.16,78.18,77.76,77.76,80.0,77.46,743700.0,58443960.0,0.54,0.42
605319,无锡振华,26.35,26.34,26.35,25.48,25.37,26.48,25.37,4211420.0,109997328.0,3.414,0.87
605333,沪光股份,17.19,17.18,17.19,17.73,17.73,17.83,17.17,2732758.0,47486954.0,-3.046,-0.54
605336,*ST帅电,11.33,11.33,11.38,12.08,11.8,11.89,11.31,2288055.0,26291945.0,-6.209,-0.75
605337,李子园,9.64,9.64,9.65,9.76,9.76,9.76,9.56,3381700.0,32666435.0,-1.23,-0.12
605338,巴比食品,19.01,19.0,19.01,19.53,19.35,19.54,18.73,2965900.0,56217833.0,-2.663,-0.52
605339,南侨食品,13.7,13.7,13.72,13.95,13.89,14.03,13.65,2200067.0,30346493.0,-1.792,-0.25
605358,立昂微,42.13,42.12,42.13,41.91,42.1,42.79,41.9,19546250.0,825771856.0,0.525,0.22
605365,立达信,14.71,14.71,14.72,15.07,15.1,15.11,14.61,8881399.0,131117493.0,-2.389,-0.36
605366,宏柏新材,8.23,8.23,8.24,8.04,8.0,8.57,8.0,28027552.0,232758610.0,2.363,0.19
605368,蓝天燃气,7.02,7.01,7.02,7.02,6.98,7.04,6.97,2552400.0,17879049.0,0.0,0.0
605369,拱东医疗,16.63,16.63,16.65,16.79,16.79,16.82,16.53,1019978.0,16952114.0,-0.953,-0.16
605376,博迁新材,133.44,133.43,133.44,134.88,136.02,138.39,132.44,7542587.0,1017115671.0,-1.068,-1.44
605377,XD华旺科,8.07,8.06,8.07,8.02,8.03,8.1,7.95,5433000.0,43600465.0,0.623,0.05
605378,野马电池,14.22,14.21,14.22,14.35,14.41,14.41,14.14,1133292.0,16131918.0,-0.906,-0.13
605388,均瑶健康,6.42,6.42,6.44,6.52,6.5,6.7,6.36,12204040.0,78758424.0,-1.534,-0.1
605389,长龄液压,67.35,67.3,67.35,66.18,66.55,68.24,65.96,822364.0,55429817.0,1.768,1.17
605398,新炬网络,24.09,24.09,24.1,25.38,25.39,25.8,23.49,13106504.0,316489154.0,-5.083,-1.29
605399,晨光新材,11.67,11.67,11.68,11.61,11.61,11.83,11.56,2939000.0,34391426.0,0.517,0.06
605488,福莱新材,30.09,30.09,30.1,29.97,30.04,30.81,29.7,7083648.0,213556873.0,0.4,0.12
605499,东鹏饮料,117.25,117.25,117.26,120.2,119.77,119.77,116.88,6698158.0,790579731.0,-2.454,-2.95
605500,森林包装,7.57,7.55,7.57,7.57,7.58,7.58,7.49,2514256.0,18937900.0,0.0,0.0
605507,国邦医药,15.69,15.69,15.71,15.51,15.51,15.76,15.46,3037301.0,47587421.0,1.161,0.18
605555,德昌股份,12.4,12.4,12.41,12.72,12.75,12.76,12.36,3168800.0,39608508.0,-2.516,-0.32
605566,福莱蒽特,27.45,27.44,27.45,27.96,27.85,28.06,27.13,2833218.0,78066874.0,-1.824,-0.51
605567,春雪食品,10.2,10.2,10.21,9.83,9.79,10.81,9.71,14892308.0,150661048.0,3.764,0.37
605577,龙版传媒,18.67,0.0,0.0,18.67,0.0,0.0,0.0,0.0,0.0,0.0,0.0
605580,恒盛能源,24.0,24.0,24.01,25.05,23.78,26.3,23.1,31663881.0,768443678.0,-4.192,-1.05
605588,冠石科技,45.42,45.33,45.42,45.35,45.67,46.57,45.04,957040.0,43842255.0,0.154,0.07
605589,圣泉集团,38.54,38.53,38.54,38.47,38.58,39.26,38.15,16526973.0,640290568.0,0.182,0.07
605598,上海港湾,25.72,25.7,25.72,25.69,25.68,26.05,25.6,2314400.0,59711176.0,0.117,0.03
605599,菜百股份,14.83,14.83,14.85,15.0,14.89,14.99,14.59,6420841.0,94904007.0,-1.133,-0.17
688001,华兴源创,66.31,66.31,66.36,61.06,62.28,67.88,62.28,19050931.0,1244048584.0,8.598,5.25
688002,睿创微纳,182.02,182.02,182.1,178.7,179.15,188.39,179.15,10450762.0,1921820166.0,1.858,3.32
688003,天准科技,80.04,80.04,80.06,80.41,81.0,83.2,79.3,3123295.0,254043378.0,-0.46,-0.37
688004,博汇科技,20.72,20.72,20.8,21.52,21.49,21.49,20.69,1904303.0,40017033.0,-3.717,-0.8
688005,容百科技,24.33,24.33,24.34,24.35,24.31,24.47,24.06,7141111.0,173589290.0,-0.082,-0.02
688006,杭可科技,20.54,20.53,20.54,20.53,20.59,20.79,20.45,6061013.0,124914184.0,0.049,0.01
688007,光峰科技,10.52,10.51,10.52,10.82,10.78,10.82,10.49,4244602.0,45084175.0,-2.773,-0.3
688008,澜起科技,195.3,195.3,195.32,195.65,199.9,199.96,194.0,18801829.0,3693163431.0,-0.179,-0.35
688009,中国通号,4.88,4.88,4.89,4.92,4.91,4.92,4.88,24042449.0,117672895.0,-0.813,-0.04
688010,福光股份,26.22,26.22,26.28,26.73,26.88,27.68,26.14,3198709.0,85863781.0,-1.908,-0.51
688011,新光光电,79.99,79.99,80.01,79.9,80.4,81.4,79.0,1529260.0,122724311.0,0.113,0.09
688012,中微公司,333.0,333.0,333.01,336.01,339.97,340.9,332.16,10084104.0,3377718853.0,-0.896,-3.01
688013,天臣医疗,23.85,23.85,23.88,24.3,24.3,24.3,23.8,681740.0,16359506.0,-1.852,-0.45
688015,交控科技,16.71,16.71,16.73,16.98,17.29,17.29,16.68,931587.0,15710207.0,-1.59,-0.27
688016,心脉医疗,85.87,85.86,85.87,86.98,86.73,87.12,85.51,1015691.0,87441053.0,-1.276,-1.11
688017,绿的谐波,290.5,290.4,290.5,292.54,294.6,295.6,287.39,3728818.0,1083949812.0,-0.697,-2.04
688018,乐鑫科技,108.38,108.36,108.38,111.13,110.57,111.65,108.12,2915699.0,319804475.0,-2.475,-2.75
688019,安集科技,226.68,226.68,226.7,228.99,229.0,229.76,225.2,3207379.0,728602958.0,-1.009,-2.31
688020,方邦股份,142.05,142.05,142.06,141.36,147.78,148.0,139.72,4804749.0,689579016.0,0.488,0.69
688021,奥福科技,19.92,19.88,19.92,20.29,20.2,20.2,19.69,1210552.0,24186858.0,-1.824,-0.37
688022,ST瀚川,9.24,9.24,9.25,9.42,9.44,9.48,9.24,1565713.0,14620003.0,-1.911,-0.18
688023,安恒信息,41.51,41.51,41.52,42.0,42.02,42.2,41.27,1704155.0,70741486.0,-1.167,-0.49
688025,杰普特,395.85,395.85,396.0,393.06,404.83,414.5,393.93,2540334.0,1024924548.0,0.71,2.79
688026,洁特生物,22.03,22.02,22.03,22.2,22.03,22.68,21.65,8199077.0,182156714.0,-0.766,-0.17
688027,国盾量子,356.8,356.8,356.88,360.15,362.1,364.1,356.2,933472.0,335733700.0,-0.93,-3.35
688028,沃尔德,124.35,124.35,124.36,112.89,116.0,125.58,114.95,14137122.0,1713241342.0,10.151,11.46
688029,南微医学,76.7,76.7,76.73,77.26,77.08,77.95,76.3,928421.0,71633246.0,-0.725,-0.56
688030,山石网科,16.25,16.25,16.29,16.63,16.6,16.68,16.16,2837210.0,46590727.0,-2.285,-0.38
688031,星环科技,105.05,105.04,105.05,109.05,108.01,108.94,104.05,5914437.0,627959852.0,-3.668,-4.0
688032,禾迈股份,71.22,71.22,71.43,71.66,71.96,71.98,70.66,817722.0,58330624.0,-0.614,-0.44
688033,*ST天宜,7.36,7.35,7.36,6.56,6.65,7.69,6.56,16947854.0,121563465.0,12.195,0.8
688035,德邦科技,71.9,71.9,71.91,69.82,72.0,73.89,70.81,8424737.0,610964089.0,2.979,2.08
688036,传音控股,52.9,52.9,52.91,54.27,54.1,54.39,52.71,10186041.0,543719266.0,-2.524,-1.37
688037,芯源微,327.47,327.47,328.08,330.66,337.99,340.66,326.34,2555218.0,847187491.0,-0.965,-3.19
688038,中科通达,18.9,18.9,18.91,18.98,18.95,19.17,18.66,1777196.0,33496611.0,-0.421,-0.08
688039,当虹科技,35.54,35.53,35.54,37.58,37.0,37.0,35.0,8451099.0,301157152.0,-5.428,-2.04
688041,海光信息,235.8,235.8,235.82,236.9,242.0,246.88,234.32,16630780.0,3973502045.0,-0.464,-1.1
688045,必易微,55.03,55.03,55.04,54.53,54.65,56.64,54.22,1619021.0,89975858.0,0.917,0.5
688046,药康生物,31.62,31.6,31.62,32.48,32.29,32.55,31.07,9655570.0,305828133.0,-2.648,-0.86
688047,龙芯中科,101.0,101.0,101.04,102.38,103.79,104.29,100.41,3321279.0,337770782.0,-1.348,-1.38
688048,长光华芯,310.7,310.69,310.7,315.5,325.0,326.0,307.01,11518543.0,3652453246.0,-1.521,-4.8
688049,炬芯科技,40.52,40.52,40.56,40.5,40.71,41.95,40.3,5402778.0,221205547.0,0.049,0.02
688050,爱博医疗,39.28,39.28,39.3,40.25,40.45,40.45,39.26,1828842.0,72464348.0,-2.41,-0.97
688051,佳华科技,25.08,25.07,25.08,25.8,25.67,26.24,24.83,1392318.0,35173725.0,-2.791,-0.72
688052,纳芯微,234.01,234.01,234.47,239.03,242.0,249.9,232.77,2288730.0,550634685.0,-2.1,-5.02
688053,ST思科瑞,38.36,38.19,38.36,39.02,39.02,39.28,38.1,560166.0,21619691.0,-1.691,-0.66
688055,龙腾光电,3.69,3.69,3.7,3.73,3.74,3.74,3.68,6130669.0,22682185.0,-1.072,-0.04
688056,莱伯泰科,40.76,40.72,40.76,40.93,41.1,41.98,40.4,613772.0,25256815.0,-0.415,-0.17
688057,金达莱,18.18,18.18,18.19,18.32,18.3,19.38,18.14,5868710.0,109365308.0,-0.764,-0.14
688058,宝兰德,24.65,24.65,24.68,25.01,25.06,25.27,24.5,893261.0,22154104.0,-1.439,-0.36
688059,华锐精密,86.2,86.2,86.21,88.07,88.17,90.5,85.82,3263661.0,286429797.0,-2.123,-1.87
688060,云涌科技,37.18,37.18,37.22,36.86,36.66,39.87,36.52,765747.0,29166033.0,0.868,0.32
688061,灿瑞科技,45.8,45.76,45.8,47.76,47.77,48.4,45.58,3045756.0,141420539.0,-4.104,-1.96
688062,迈威生物,26.02,26.02,26.03,26.58,26.47,26.5,25.88,5226229.0,136631839.0,-2.107,-0.56
688063,派能科技,41.39,41.39,41.4,41.53,41.63,41.83,41.02,3400893.0,141005150.0,-0.337,-0.14
688065,凯赛生物,40.1,40.1,40.12,40.54,40.26,40.87,40.05,3397521.0,137019033.0,-1.085,-0.44
688066,*ST航图,9.03,9.03,9.04,8.36,8.23,9.23,8.11,14517645.0,125144438.0,8.014,0.67
688067,爱威科技,23.19,23.19,23.35,23.65,23.71,23.71,23.0,1014334.0,23565837.0,-1.945,-0.46
688068,热景生物,90.7,90.7,90.79,92.68,92.01,93.3,90.3,1595056.0,145259473.0,-2.136,-1.98
688069,德林海,38.53,38.53,38.61,37.5,37.5,40.3,37.38,3479061.0,136224995.0,2.747,1.03
688070,纵横股份,34.7,34.7,34.71,35.35,35.22,35.75,34.63,1462874.0,51322644.0,-1.839,-0.65
688071,华依科技,32.07,32.06,32.07,32.67,32.88,33.32,31.73,1969533.0,63405921.0,-1.837,-0.6
688072,拓荆科技,631.18,631.18,631.33,632.0,645.84,646.0,627.01,2715554.0,1719912517.0,-0.13,-0.82
688073,毕得医药,63.71,63.7,63.71,64.2,62.75,64.46,61.96,5067304.0,321012267.0,-0.763,-0.49
688075,安旭生物,29.57,29.57,29.6,30.1,30.01,30.08,29.42,442912.0,13126707.0,-1.761,-0.53
688076,ST诺泰,28.76,28.76,28.77,29.05,28.99,29.0,28.55,1266651.0,36440465.0,-0.998,-0.29
688077,大地熊,27.33,27.33,27.37,27.64,27.75,27.75,27.23,1258278.0,34491748.0,-1.122,-0.31
688078,龙软科技,28.35,28.31,28.35,26.98,26.86,28.6,26.51,2357195.0,65059836.0,5.078,1.37
688079,美迪凯,15.11,15.11,15.13,15.18,15.3,15.64,15.05,7605928.0,116686077.0,-0.461,-0.07
688080,映翰通,37.66,37.48,37.66,37.59,37.45,37.99,37.41,642488.0,24207173.0,0.186,0.07
688081,兴图新科,26.24,26.24,26.3,26.57,26.89,26.89,26.11,959144.0,25308835.0,-1.242,-0.33
688082,盛美上海,276.53,276.53,276.54,280.84,283.15,284.48,275.67,2718702.0,758102210.0,-1.535,-4.31
688083,中望软件,49.92,49.92,49.95,51.67,51.77,51.77,49.82,2263224.0,113985238.0,-3.387,-1.75
688084,晶品特装,46.62,46.62,46.65,45.3,45.08,48.77,45.01,2157256.0,101136767.0,2.914,1.32
688085,三友医疗,13.08,13.08,13.09,13.33,13.4,13.4,12.95,2270522.0,29731897.0,-1.875,-0.25
688087,英科再生,36.84,36.82,36.84,37.0,36.5,37.3,35.85,1455669.0,53330645.0,-0.432,-0.16
688088,虹软科技,29.81,29.81,29.83,30.49,30.3,30.48,29.66,4283558.0,128248000.0,-2.23,-0.68
688089,ST嘉必优,8.93,8.93,8.95,8.83,8.83,9.06,8.79,1712609.0,15351739.0,1.133,0.1
688090,瑞松科技,71.38,71.38,71.47,74.59,76.06,76.8,71.08,8484188.0,623792832.0,-4.304,-3.21
688091,上海谊众,39.15,39.11,39.15,39.9,39.88,39.88,38.66,1646089.0,64489155.0,-1.88,-0.75
688092,爱科科技,22.41,22.41,22.5,22.72,22.75,22.75,22.4,515618.0,11642071.0,-1.364,-0.31
688093,世华科技,21.84,21.84,21.85,21.67,21.75,21.92,21.53,1373508.0,29835603.0,0.784,0.17
688095,福昕软件,60.29,60.29,60.31,61.78,61.2,62.06,59.7,2220505.0,134355692.0,-2.412,-1.49
688096,京源环保,8.08,8.08,8.09,8.15,8.12,8.23,8.05,4452609.0,36159229.0,-0.859,-0.07
688097,博众精工,46.25,46.25,46.27,46.88,47.49,48.1,46.08,5566822.0,261434591.0,-1.344,-0.63
688098,申联生物,8.2,8.18,8.2,8.26,8.27,8.32,8.16,1485052.0,12193673.0,-0.726,-0.06
688099,晶晨股份,87.77,87.77,87.8,88.06,88.12,88.79,87.2,4807402.0,422828310.0,-0.329,-0.29
688100,威胜信息,25.46,25.45,25.46,25.59,25.5,25.86,25.46,1859306.0,47647882.0,-0.508,-0.13
688101,三达膜,14.93,14.9,14.93,14.96,14.95,15.0,14.78,1599720.0,23824238.0,-0.201,-0.03
688102,斯瑞新材,31.44,31.44,31.45,31.5,31.55,32.05,31.21,8387761.0,265067958.0,-0.19,-0.06
688103,国力电子,71.24,71.24,71.53,70.09,69.88,72.8,69.88,1760018.0,126070825.0,1.641,1.15
688105,诺唯赞,20.41,20.41,20.42,20.61,20.49,20.87,20.29,7854258.0,161215038.0,-0.97,-0.2
688106,金宏气体,25.68,25.68,25.69,26.02,26.3,26.62,25.5,20119336.0,524281556.0,-1.307,-0.34
688107,安路科技,29.28,29.27,29.28,29.15,29.35,30.18,29.03,6271272.0,185434651.0,0.446,0.13
688108,赛诺医疗,16.07,16.07,16.08,16.16,16.2,16.21,16.0,5032627.0,80993948.0,-0.557,-0.09
688109,品茗科技,71.45,71.45,71.5,72.1,73.28,73.45,70.28,541002.0,38624001.0,-0.902,-0.65
688110,东芯股份,114.88,114.88,114.9,116.12,116.5,120.44,114.6,14291277.0,1676466530.0,-1.068,-1.24
688111,金山办公,231.69,231.68,231.69,235.27,235.27,235.27,229.2,4624958.0,1069785860.0,-1.522,-3.58
688112,鼎阳科技,71.13,71.0,71.13,69.82,71.5,74.3,70.51,4639667.0,335087928.0,1.876,1.31
688113,联测科技,34.68,34.68,34.7,35.29,34.84,35.15,34.39,747579.0,25991135.0,-1.729,-0.61
688114,华大智造,57.49,57.48,57.49,59.15,58.5,59.86,57.49,7315477.0,426640008.0,-2.806,-1.66
688115,思林杰,58.8,58.8,58.88,63.0,63.8,63.8,58.8,2141178.0,129312813.0,-6.667,-4.2
688116,天奈科技,33.73,33.73,33.74,34.24,34.12,34.31,33.54,4693823.0,159168134.0,-1.489,-0.51
688117,圣诺生物,23.29,23.28,23.29,23.74,23.6,23.61,23.16,4076372.0,95203643.0,-1.896,-0.45
688118,普元信息,20.0,19.98,20.0,20.48,20.46,20.46,19.82,2040331.0,41047062.0,-2.344,-0.48
688119,中钢洛耐,3.96,3.96,3.97,3.98,3.99,4.01,3.94,7747302.0,30771061.0,-0.503,-0.02
688120,华海清科,240.3,240.3,240.33,242.0,246.84,246.84,239.4,4920006.0,1189433123.0,-0.702,-1.7
688121,*ST卓然,1.65,1.65,1.66,1.72,1.72,1.73,1.65,4483510.0,7579275.0,-4.07,-0.07
688122,西部超导,50.73,50.72,50.73,49.0,49.01,50.88,48.83,13514585.0,676320212.0,3.531,1.73
688123,聚辰股份,134.6,134.6,134.61,139.22,141.0,141.62,134.03,5821467.0,799910686.0,-3.318,-4.62
688125,安达智能,120.14,119.96,120.14,119.69,118.73,124.39,118.73,714714.0,86881373.0,0.376,0.45
688126,沪硅产业,22.58,22.58,22.59,22.82,23.08,23.26,22.49,32437008.0,739328365.0,-1.052,-0.24
688127,蓝特光学,71.11,71.1,71.11,66.91,68.18,71.37,67.0,12064575.0,842307647.0,6.277,4.2
688128,XD中国电,21.95,21.95,21.96,21.89,21.92,22.04,21.81,1130303.0,24792907.0,0.274,0.06
688129,东来技术,21.84,21.8,21.84,21.88,21.62,22.19,21.62,768377.0,16786957.0,-0.183,-0.04
688130,晶华微,22.46,22.45,22.46,22.74,22.84,23.22,22.26,1684032.0,38101544.0,-1.231,-0.28
688131,皓元医药,93.74,93.73,93.74,94.67,94.37,95.39,92.88,3185033.0,298642897.0,-0.982,-0.93
688132,邦彦技术,15.97,15.97,15.99,16.37,16.32,16.55,15.95,2037414.0,32967316.0,-2.443,-0.4
688133,泰坦科技,21.1,21.09,21.1,20.77,20.65,21.38,20.59,3675960.0,77112538.0,1.589,0.33
688135,利扬芯片,34.55,34.54,34.55,32.15,32.5,35.0,31.69,24377702.0,820611072.0,7.465,2.4
688136,科兴制药,20.72,20.72,20.73,21.61,21.28,21.4,20.53,5588038.0,116856402.0,-4.118,-0.89
688137,近岸蛋白,71.65,71.65,71.66,71.01,67.32,75.05,67.32,8923424.0,635516050.0,0.901,0.64
688138,清溢光电,34.7,34.68,34.7,33.5,33.55,35.19,33.53,8388538.0,288813909.0,3.582,1.2
688139,海尔生物,32.18,32.18,32.2,32.2,32.0,32.54,31.72,2684579.0,86654203.0,-0.062,-0.02
688141,杰华特,118.4,118.38,118.4,114.85,115.29,120.36,114.74,9052418.0,1060466429.0,3.091,3.55
688143,长盈通,174.2,174.19,174.2,168.0,176.74,181.88,164.0,15096308.0,2615386960.0,3.69,6.2
688146,中船特气,225.7,225.69,225.7,228.36,228.53,235.0,224.08,9618912.0,2199017812.0,-1.165,-2.66
688147,微导纳米,103.22,103.22,103.23,103.05,104.73,107.79,102.8,6310889.0,661802533.0,0.165,0.17
688148,芳源股份,6.05,6.05,6.06,6.1,6.09,6.13,6.03,12743590.0,77262604.0,-0.82,-0.05
688150,莱特光电,39.07,39.07,39.08,38.72,39.0,39.9,38.75,5059686.0,198755716.0,0.904,0.35
688151,华强科技,16.96,16.94,16.96,16.46,16.53,17.26,16.34,6074541.0,102582679.0,3.038,0.5
688152,麒麟信安,34.99,34.99,35.0,37.05,36.65,36.88,34.74,5665796.0,200560243.0,-5.56,-2.06
688153,唯捷创芯,24.84,24.83,24.84,25.04,25.12,25.46,24.8,2489397.0,62411466.0,-0.799,-0.2
688155,先惠技术,49.29,49.28,49.29,49.69,49.65,50.05,48.86,1607908.0,79481906.0,-0.805,-0.4
688156,路德科技,24.35,24.35,24.36,25.0,24.99,25.18,24.03,6420358.0,158014623.0,-2.6,-0.65
688157,松井股份,18.77,18.75,18.77,20.05,19.91,20.03,18.72,3264328.0,62871360.0,-6.384,-1.28
688158,优刻得,29.59,29.58,29.59,29.46,29.8,30.19,29.23,9585365.0,284087955.0,0.441,0.13
688159,有方科技,33.75,33.73,33.75,33.88,34.22,34.97,33.45,2685012.0,92110606.0,-0.384,-0.13
688160,步科股份,96.78,96.78,96.8,98.26,98.31,99.85,96.28,765112.0,74642148.0,-1.506,-1.48
688161,威高骨科,22.32,22.31,22.32,22.41,22.34,22.49,21.97,1360636.0,30205508.0,-0.402,-0.09
688162,巨一科技,23.91,23.81,23.91,24.05,24.21,24.26,23.8,582658.0,13989344.0,-0.582,-0.14
688163,赛伦生物,35.42,35.42,35.46,34.73,34.96,36.07,34.59,1047567.0,37014849.0,1.987,0.69
688165,埃夫特,15.59,15.59,15.6,15.43,15.48,15.75,15.16,5653522.0,87170885.0,1.037,0.16
688166,博瑞医药,36.76,36.76,36.77,37.91,38.14,38.2,36.72,10634326.0,399809377.0,-3.034,-1.15
688167,炬光科技,302.55,302.3,302.55,302.13,315.1,320.0,300.3,9264705.0,2875514785.0,0.139,0.42
688168,安博通,36.3,36.3,36.31,36.24,36.12,37.98,35.92,4370051.0,161477994.0,0.166,0.06
688169,石头科技,126.79,126.77,126.79,126.9,126.31,127.45,124.21,4591390.0,576862065.0,-0.087,-0.11
688170,德龙激光,66.78,66.78,66.8,65.0,68.0,70.16,65.5,11538294.0,782160721.0,2.738,1.78
688171,纬德信息,24.14,24.14,24.15,24.3,24.3,24.51,24.0,911112.0,22061219.0,-0.658,-0.16
688172,燕东微,44.57,44.57,44.58,45.18,45.48,46.29,44.33,9278879.0,418453015.0,-1.35,-0.61
688173,希荻微,12.54,12.54,12.55,12.69,12.75,12.82,12.39,5826707.0,73329385.0,-1.182,-0.15
688175,高凌信息,17.83,17.83,17.84,17.99,18.15,18.19,17.76,1397849.0,25096096.0,-0.889,-0.16
688176,亚虹医药,13.08,13.08,13.1,13.6,13.6,13.6,13.06,13249922.0,174946712.0,-3.824,-0.52
688177,百奥泰,17.07,17.07,17.08,17.41,17.4,17.4,17.01,1856320.0,31873391.0,-1.953,-0.34
688178,万德斯,28.43,28.43,28.45,28.62,28.55,28.82,28.29,574131.0,16408376.0,-0.664,-0.19
688179,阿拉丁,19.58,19.57,19.58,19.41,19.45,19.77,19.22,7011598.0,136866127.0,0.876,0.17
688180,君实生物,32.34,32.34,32.35,33.0,32.5,32.85,32.25,8112266.0,263103720.0,-2.0,-0.66
688181,八亿时空,40.39,40.39,40.4,37.74,37.74,41.18,37.74,12437190.0,499041645.0,7.022,2.65
688182,灿勤科技,27.52,27.51,27.52,27.35,27.22,28.28,27.22,4445744.0,123231640.0,0.622,0.17
688183,生益电子,128.53,128.51,128.53,126.55,128.5,131.75,125.9,16633430.0,2144284100.0,1.565,1.98
688184,ST帕瓦,11.0,10.98,11.0,11.05,11.0,11.08,10.91,307268.0,3376322.0,-0.452,-0.05
688185,康希诺,68.82,68.81,68.82,71.5,69.0,69.8,68.27,6951595.0,478756804.0,-3.748,-2.68
688186,广大特材,13.93,13.93,13.96,14.24,14.12,14.23,13.88,2240665.0,31403895.0,-2.177,-0.31
688187,时代电气,46.1,46.09,46.1,46.31,46.5,46.58,45.91,2171011.0,100376939.0,-0.453,-0.21
688188,柏楚电子,96.18,96.18,96.2,97.58,97.58,98.97,96.0,1616329.0,156290781.0,-1.435,-1.4
688189,ST南新,6.63,6.62,6.63,6.83,6.83,6.84,6.63,3538918.0,23723935.0,-2.928,-0.2
688190,云路股份,72.61,72.61,72.71,72.99,73.0,74.24,72.36,834291.0,61017260.0,-0.521,-0.38
688191,智洋创新,19.64,19.63,19.64,19.69,19.7,20.13,19.53,3404619.0,67421976.0,-0.254,-0.05
688192,迪哲医药,54.9,54.9,54.91,56.44,56.23,56.43,54.9,4448735.0,246511329.0,-2.729,-1.54
688193,仁度生物,47.47,47.47,47.69,47.01,46.98,47.85,46.77,403269.0,19137629.0,0.979,0.46
688195,腾景科技,203.12,203.12,203.13,202.5,209.98,215.5,201.5,13859725.0,2871297839.0,0.306,0.62
688196,卓越新能,38.22,38.22,38.23,39.37,39.6,40.47,38.13,3394843.0,132776213.0,-2.921,-1.15
688197,首药控股,32.08,32.08,32.09,33.02,32.85,33.27,32.05,1536586.0,49801217.0,-2.847,-0.94
688198,佰仁医疗,69.9,69.89,69.9,70.26,70.26,70.49,69.6,348559.0,24360926.0,-0.512,-0.36
688199,久日新材,23.37,23.36,23.37,23.08,23.15,23.98,23.08,4258601.0,100328337.0,1.256,0.29
688200,华峰测控,353.99,353.99,354.0,360.06,363.2,369.99,351.58,3939905.0,1409619010.0,-1.686,-6.07
688201,ST信安,7.43,7.43,7.47,7.56,7.55,7.55,7.41,1258759.0,9409335.0,-1.72,-0.13
688202,美迪西,96.7,96.7,96.71,93.7,92.42,98.65,91.38,9033067.0,866681795.0,3.202,3.0
688203,海正生材,14.94,14.94,14.95,15.56,15.56,15.77,14.8,8210193.0,124344585.0,-3.985,-0.62
688205,德科立,223.3,223.18,223.3,212.0,221.96,234.88,216.24,19351076.0,4344056633.0,5.33,11.3
688206,概伦电子,38.8,38.8,38.81,39.72,39.72,40.98,38.69,7273310.0,287009928.0,-2.316,-0.92
688207,格灵深瞳,19.05,19.02,19.05,19.38,19.4,19.99,18.79,16051621.0,308215296.0,-1.703,-0.33
688208,道通科技,25.27,25.26,25.27,25.71,25.65,25.7,25.2,6763681.0,171727341.0,-1.711,-0.44
688209,英集芯,33.92,33.91,33.92,33.29,33.5,36.25,33.5,31839548.0,1108516843.0,1.892,0.63
688210,统联精密,30.37,30.35,30.37,31.2,31.8,31.8,30.22,3847273.0,118465025.0,-2.66,-0.83
688211,中科微至,30.69,30.69,30.7,30.32,30.45,30.92,30.3,410645.0,12585366.0,1.22,0.37
688212,澳华内镜,30.12,30.12,30.15,30.83,30.55,31.04,29.8,1365797.0,41345889.0,-2.303,-0.71
688213,思特威,92.51,92.51,92.52,91.75,92.26,94.78,91.42,3567713.0,332678022.0,0.828,0.76
688215,瑞晟智能,49.92,49.92,49.97,49.3,48.78,50.5,48.23,1202579.0,59534934.0,1.258,0.62
688216,气派科技,31.01,31.0,31.01,30.44,30.62,31.89,30.62,4424852.0,138438954.0,1.873,0.57
688217,睿昂基因,24.65,24.58,24.65,24.53,24.32,24.85,24.19,1034458.0,25296159.0,0.489,0.12
688218,江苏北人,40.92,40.92,40.94,40.88,41.7,41.7,40.01,1577656.0,63962559.0,0.098,0.04
688219,会通股份,10.38,10.37,10.38,10.48,10.42,10.48,10.32,3537456.0,36777331.0,-0.954,-0.1
688220,翱捷科技,91.11,91.1,91.11,91.11,91.5,93.89,90.63,4627551.0,425781187.0,0.0,0.0
688221,前沿生物,16.58,16.57,16.58,17.01,16.93,16.93,16.52,11612475.0,193550280.0,-2.528,-0.43
688222,成都先导,32.4,32.4,32.41,32.45,31.89,33.3,31.72,19468406.0,634276944.0,-0.154,-0.05
688223,晶科能源,4.04,4.03,4.04,4.04,4.06,4.08,4.02,51295912.0,207571775.0,0.0,0.0
688225,亚信安全,12.85,12.85,12.88,13.06,13.2,13.28,12.75,4691460.0,60363279.0,-1.608,-0.21
688226,威腾电气,30.54,30.53,30.54,28.21,28.26,31.55,28.26,9429796.0,283246313.0,8.259,2.33
688227,品高股份,69.68,69.67,69.68,71.9,72.45,72.98,68.88,2601181.0,183448300.0,-3.088,-2.22
688228,开普云,77.5,77.5,77.53,79.56,79.46,81.08,77.34,1238600.0,97295531.0,-2.589,-2.06
688229,博睿数据,62.49,62.49,62.5,65.05,65.97,65.97,62.08,696077.0,43962334.0,-3.935,-2.56
688230,芯导科技,57.57,57.56,57.57,57.58,57.6,58.82,57.09,824668.0,47842636.0,-0.017,-0.01
688231,隆达股份,33.88,33.81,33.88,32.95,32.61,34.49,32.61,3658224.0,123959192.0,2.822,0.93
688232,新点软件,17.68,17.68,17.69,18.12,18.07,18.14,17.58,2577170.0,45935957.0,-2.428,-0.44
688233,神工股份,93.6,93.6,93.61,95.12,97.01,97.01,93.01,4553750.0,430838230.0,-1.598,-1.52
688234,天岳先进,98.05,98.05,98.06,97.8,98.74,101.8,97.33,5634589.0,559186126.0,0.256,0.25
688235,百济神州,256.8,256.68,256.8,260.1,257.99,259.92,254.54,2228958.0,573002428.0,-1.269,-3.3
688236,春立医疗,13.89,13.88,13.89,14.16,14.06,14.16,13.84,1295643.0,18082928.0,-1.907,-0.27
688237,超卓航科,60.05,60.05,60.08,58.97,59.0,60.28,58.21,1566928.0,93089923.0,1.831,1.08
688238,和元生物,6.56,6.56,6.57,6.68,6.64,6.74,6.53,15858525.0,104953168.0,-1.796,-0.12
688239,航宇科技,56.39,56.38,56.39,54.24,55.0,57.78,55.0,8036680.0,455320532.0,3.964,2.15
688244,永信至诚,14.5,14.48,14.5,14.86,14.86,14.91,14.42,1650281.0,24064969.0,-2.423,-0.36
688246,嘉和美康,16.8,16.8,16.84,17.15,17.0,17.14,16.76,1989286.0,33588200.0,-2.041,-0.35
688247,宣泰医药,9.27,9.26,9.27,9.39,9.31,9.39,9.14,3800352.0,35242270.0,-1.278,-0.12
688248,南网科技,48.8,48.79,48.8,46.8,47.15,49.33,46.5,6207603.0,296987632.0,4.274,2.0
688249,晶合集成,35.5,35.5,35.52,35.6,35.81,36.06,35.13,12410136.0,442047572.0,-0.281,-0.1
688251,井松智能,19.55,19.53,19.55,19.86,19.86,20.05,19.49,1099578.0,21707661.0,-1.561,-0.31
688252,天德钰,20.7,20.7,20.71,20.89,20.95,21.15,20.58,3372852.0,70393595.0,-0.91,-0.19
688253,英诺特,55.65,55.65,55.66,55.9,55.6,57.19,55.3,892297.0,50137812.0,-0.447,-0.25
688255,凯尔达,25.28,25.28,25.32,25.49,25.5,25.7,25.12,1506230.0,38241279.0,-0.824,-0.21
688256,寒武纪,1054.96,1054.96,1054.98,1058.99,1067.0,1070.19,1045.99,6545301.0,6913648256.0,-0.381,-4.03
688257,新锐股份,52.38,52.37,52.38,53.1,53.92,54.44,51.98,9559618.0,507175000.0,-1.356,-0.72
688258,卓易信息,92.0,91.99,92.0,92.0,92.11,95.15,91.33,2887377.0,268857030.0,0.0,0.0
688259,创耀科技,31.62,31.62,31.63,31.2,31.35,31.86,30.93,1056429.0,33179905.0,1.346,0.42
688260,昀冢科技,91.94,91.94,92.0,92.6,93.16,96.26,91.2,3668877.0,343771735.0,-0.713,-0.66
688261,东微半导,66.06,66.05,66.06,66.91,67.0,68.3,66.06,2154812.0,144260942.0,-1.27,-0.85
688262,国芯科技,26.92,26.92,26.98,26.98,27.15,27.79,26.85,5479870.0,149601327.0,-0.222,-0.06
688265,南模生物,39.42,39.41,39.42,40.21,39.9,40.48,39.02,1150809.0,45751909.0,-1.965,-0.79
688266,泽璟制药,109.62,109.58,109.62,116.11,115.0,115.44,108.0,5738640.0,635023497.0,-5.59,-6.49
688267,中触媒,19.29,19.28,19.29,19.66,19.6,19.73,19.19,1831075.0,35573616.0,-1.882,-0.37
688268,华特气体,130.7,130.58,130.7,130.98,132.66,135.52,129.3,3980811.0,527050500.0,-0.214,-0.28
688269,凯立新材,27.7,27.7,27.72,27.55,27.45,28.29,27.45,1325415.0,36981498.0,0.544,0.15
688270,ST臻镭,55.88,55.8,55.88,56.51,56.5,56.81,55.6,3958706.0,221936009.0,-1.115,-0.63
688271,XD联影医,103.5,103.5,103.51,106.87,106.55,106.87,103.37,4003432.0,417796036.0,-3.153,-3.37
688272,富吉瑞,28.04,28.04,28.07,28.08,28.24,28.47,27.86,934213.0,26298211.0,-0.142,-0.04
688273,麦澜德,28.38,28.38,28.43,28.65,28.74,28.77,28.26,818438.0,23314520.0,-0.942,-0.27
688275,万润新能,71.25,71.25,71.3,71.05,71.5,71.95,70.6,2347339.0,167521350.0,0.281,0.2
688276,百克生物,16.1,16.1,16.11,16.48,16.43,16.43,16.04,2286858.0,36894551.0,-2.306,-0.38
688277,天智航,15.11,15.11,15.12,15.31,15.23,15.54,15.1,3080423.0,47001325.0,-1.306,-0.2
688278,特宝生物,55.37,55.35,55.37,56.6,56.31,56.47,55.2,1461578.0,81299106.0,-2.173,-1.23
688279,峰岹科技,179.45,179.45,179.65,184.79,186.34,188.84,177.53,1513772.0,275272830.0,-2.89,-5.34
688280,精进电动,5.14,5.14,5.15,5.29,5.31,5.33,5.11,9937222.0,51634949.0,-2.836,-0.15
688281,华秦科技,51.7,51.7,51.74,50.81,50.66,52.84,50.28,3988406.0,207072143.0,1.752,0.89
688282,理工导航,54.13,54.1,54.13,54.65,54.06,55.29,53.56,550840.0,29929391.0,-0.952,-0.52
688283,坤恒顺维,27.05,27.05,27.12,27.02,27.11,27.74,26.81,1228475.0,33415718.0,0.111,0.03
688285,高铁电气,7.79,7.78,7.79,7.71,7.68,7.8,7.64,2238587.0,17334445.0,1.038,0.08
688286,敏芯股份,45.38,45.38,45.39,46.86,47.22,48.26,45.15,3408620.0,158246665.0,-3.158,-1.48
688288,鸿泉技术,18.47,18.47,18.54,18.97,18.84,19.0,18.42,932097.0,17420142.0,-2.636,-0.5
688289,圣湘生物,16.01,16.01,16.02,16.2,16.09,16.19,15.95,3411924.0,54819216.0,-1.173,-0.19
688290,景业智能,61.53,61.53,61.77,61.0,61.04,62.51,60.76,683909.0,42169328.0,0.869,0.53
688291,金橙子,44.4,0.0,0.0,44.4,0.0,0.0,0.0,0.0,0.0,0.0,0.0
688292,浩瀚深度,18.08,18.07,18.08,18.23,18.23,18.28,17.77,2260910.0,40763852.0,-0.823,-0.15
688293,奥浦迈,70.98,70.98,71.0,68.29,68.96,73.15,65.56,11281686.0,792990599.0,3.939,2.69
688295,中复神鹰,38.61,38.6,38.61,38.6,38.3,39.06,38.2,3944405.0,152426031.0,0.026,0.01
688296,和达科技,24.37,24.37,24.38,23.43,23.45,24.96,23.1,4458204.0,108457856.0,4.012,0.94
688297,中无人机,44.72,44.72,44.73,44.89,44.3,45.04,43.74,12600264.0,559958695.0,-0.379,-0.17
688298,东方生物,18.9,18.88,18.9,19.12,19.04,19.04,18.7,1044172.0,19684263.0,-1.151,-0.22
688299,长阳科技,12.81,12.81,12.82,12.78,12.81,13.03,12.72,3605355.0,46513087.0,0.235,0.03
688300,联瑞新材,181.79,181.79,181.8,167.69,169.99,182.0,168.1,17624981.0,3087333879.0,8.408,14.1
688301,奕瑞科技,90.32,90.32,90.37,91.7,92.3,93.07,89.67,3724341.0,338794533.0,-1.505,-1.38
688302,海创药业,30.65,30.65,30.75,31.16,31.01,31.11,30.57,1052830.0,32388944.0,-1.637,-0.51
688303,大全能源,17.04,17.04,17.05,17.08,17.06,17.3,16.97,4279214.0,73080614.0,-0.234,-0.04
688305,科德数控,57.6,57.59,57.6,57.44,57.44,58.34,57.01,2207991.0,127579560.0,0.279,0.16
688306,均普智能,8.42,8.42,8.43,8.48,8.46,8.54,8.36,4688199.0,39548104.0,-0.708,-0.06
688307,中润光学,45.29,45.29,45.47,45.89,46.8,47.55,45.1,3750379.0,173698591.0,-1.307,-0.6
688308,欧科亿,85.8,85.8,85.81,85.91,86.39,87.3,85.16,5052859.0,435443052.0,-0.128,-0.11
688309,恒誉科技,82.11,82.11,82.14,81.65,82.0,86.57,81.5,2606953.0,219265993.0,0.563,0.46
688310,迈得医疗,14.74,14.68,14.74,14.86,14.93,15.05,14.56,1065086.0,15734285.0,-0.808,-0.12
688311,盟升电子,23.7,23.68,23.7,23.57,23.34,24.4,23.34,3854055.0,92175943.0,0.552,0.13
688312,燕麦科技,49.03,49.03,49.04,49.1,50.76,51.69,48.71,8061677.0,402657640.0,-0.143,-0.07
688313,仕佳光子,147.95,147.94,147.95,150.21,155.01,156.0,147.01,17491730.0,2645743329.0,-1.505,-2.26
688314,康拓医疗,31.3,31.25,31.3,31.87,31.53,31.9,31.05,589407.0,18482909.0,-1.789,-0.57
688315,诺禾致源,13.82,13.82,13.83,14.01,13.88,13.94,13.68,4325839.0,59794346.0,-1.356,-0.19
688316,青云科技,45.36,45.36,45.37,46.1,46.7,46.88,44.94,1277930.0,58200507.0,-1.605,-0.74
688317,之江生物,16.62,16.62,16.64,16.98,16.9,16.91,16.54,1191739.0,19883805.0,-2.12,-0.36
688318,财富趋势,84.6,84.59,84.6,84.67,85.35,85.57,83.58,4535989.0,383103875.0,-0.083,-0.07
688319,欧林生物,29.15,29.13,29.15,28.18,27.9,29.69,27.8,7808291.0,226154065.0,3.442,0.97
688320,禾川科技,31.86,31.82,31.86,32.29,32.23,32.51,31.66,2556084.0,81707431.0,-1.332,-0.43
688321,微芯生物,24.93,24.93,24.94,25.41,25.3,25.39,24.88,6496697.0,162982325.0,-1.889,-0.48
688322,奥比中光,92.5,92.48,92.5,94.93,94.69,95.55,91.33,6005592.0,557800146.0,-2.56,-2.43
688323,瑞华泰,25.55,25.55,25.56,25.27,25.3,26.09,25.07,8315303.0,212474324.0,1.108,0.28
688325,赛微微电,107.0,107.0,107.06,106.88,106.88,107.82,105.69,437257.0,46626293.0,0.112,0.12
688326,经纬恒润,59.11,59.11,59.27,59.86,60.79,61.0,58.9,2040660.0,121965984.0,-1.253,-0.75
688327,云从科技,9.98,9.98,9.99,10.21,10.22,10.25,9.96,13188784.0,132442027.0,-2.253,-0.23
688328,深科达,79.1,79.1,79.11,79.4,80.14,81.56,77.91,4346427.0,346102166.0,-0.378,-0.3
688329,艾隆科技,21.79,21.79,21.85,22.21,22.07,22.33,21.57,1252203.0,27426502.0,-1.891,-0.42
688330,宏力达,36.42,36.39,36.42,36.56,36.35,36.97,36.28,1458677.0,53423070.0,-0.383,-0.14
688331,荣昌生物,117.82,117.81,117.82,122.85,121.92,121.92,117.68,5475928.0,652356349.0,-4.094,-5.03
688332,中科蓝讯,94.5,94.49,94.5,97.7,97.7,98.7,93.56,4077875.0,389528388.0,-3.275,-3.2
688333,铂力特,115.7,115.67,115.7,116.47,117.87,121.22,112.72,12122635.0,1415372654.0,-0.661,-0.77
688334,西高院,18.57,18.56,18.57,18.39,18.29,18.58,18.29,1400485.0,25854903.0,0.979,0.18
688335,复洁科技,19.32,19.3,19.32,19.5,19.58,19.78,19.2,1396683.0,27112351.0,-0.923,-0.18
688336,三生国健,40.4,40.39,40.4,42.1,41.74,41.79,40.36,6061514.0,247798944.0,-4.038,-1.7
688337,普源精电,42.02,42.02,42.07,42.31,43.0,43.5,41.76,2840582.0,121351223.0,-0.685,-0.29
688338,赛科希德,29.28,29.28,29.29,29.8,29.76,29.76,29.14,1086681.0,31915378.0,-1.745,-0.52
688339,亿华通,18.11,18.11,18.14,18.36,18.4,19.11,18.1,4130027.0,76653669.0,-1.362,-0.25
688343,云天励飞,54.5,54.5,54.54,54.78,54.8,55.75,54.18,5574301.0,305466903.0,-0.511,-0.28
688345,博力威,50.96,50.96,50.98,51.44,51.25,52.49,50.38,1019674.0,52195812.0,-0.933,-0.48
688347,华虹宏力,224.0,224.0,224.2,224.8,227.0,231.09,222.5,9625857.0,2178524118.0,-0.356,-0.8
688348,昱能科技,30.57,30.57,30.6,31.25,31.16,31.36,30.56,980928.0,30235213.0,-2.176,-0.68
688349,三一重能,13.01,13.0,13.01,13.11,13.09,13.11,12.9,5695745.0,73941399.0,-0.763,-0.1
688350,富淼科技,30.94,30.94,30.95,28.2,28.48,32.4,27.55,5415483.0,165917306.0,9.716,2.74
688351,微电生理,17.6,17.59,17.6,17.83,17.75,18.08,17.54,2676016.0,47415094.0,-1.29,-0.23
688352,颀中科技,17.7,17.7,17.71,17.42,17.57,18.48,17.42,29204366.0,525843416.0,1.607,0.28
688353,华盛锂电,85.31,85.31,85.33,82.79,82.63,85.8,82.38,3917710.0,330528613.0,3.044,2.52
688355,明志科技,17.23,17.2,17.23,17.28,17.43,17.54,17.1,1074431.0,18600538.0,-0.289,-0.05
688356,键凯科技,79.88,79.87,79.88,84.6,81.7,82.47,79.03,4353458.0,351403902.0,-5.579,-4.72
688357,建龙微纳,26.0,26.0,26.07,26.51,26.52,26.68,25.94,601439.0,15801553.0,-1.924,-0.51
688358,祥生医疗,27.63,27.56,27.63,28.1,28.0,28.09,27.5,772657.0,21408215.0,-1.673,-0.47
688359,三孚新科,97.7,97.7,97.71,98.8,99.0,101.48,96.77,2995391.0,296712930.0,-1.113,-1.1
688360,德马科技,14.77,14.77,14.79,14.74,14.85,14.88,14.63,2355639.0,34800223.0,0.204,0.03
688361,中科飞测,309.17,309.17,309.3,315.55,320.54,322.0,306.4,4841313.0,1505037110.0,-2.022,-6.38
688362,甬矽电子,59.3,59.3,59.31,60.7,61.39,61.98,59.1,14980296.0,904374977.0,-2.306,-1.4
688363,华熙生物,34.73,34.73,34.74,35.32,35.35,35.35,34.7,2308938.0,80497948.0,-1.67,-0.59
688365,光云科技,14.65,14.65,14.66,15.4,15.29,15.39,14.6,11898087.0,177058061.0,-4.87,-0.75
688366,昊海生科,30.14,30.13,30.14,30.61,30.6,30.62,30.03,314708.0,9508115.0,-1.535,-0.47
688367,工大高科,28.68,28.68,28.7,29.36,29.0,29.79,28.28,2035769.0,58927466.0,-2.316,-0.68
688368,晶丰明源,144.0,143.9,144.0,145.91,148.8,154.98,143.2,2987069.0,442139186.0,-1.309,-1.91
688369,致远互联,19.83,19.8,19.83,19.95,19.95,20.06,19.66,2179201.0,43153614.0,-0.602,-0.12
688370,丛麟科技,23.93,23.87,23.93,24.12,24.22,24.23,23.72,272660.0,6516525.0,-0.788,-0.19
688371,菲沃泰,25.06,25.05,25.06,26.04,26.63,26.63,24.89,6902277.0,175760639.0,-3.763,-0.98
688372,伟测科技,113.06,113.06,113.07,113.66,114.52,117.2,112.18,5018592.0,574570914.0,-0.528,-0.6
688373,盟科药业,5.4,5.4,5.41,5.62,5.6,5.6,5.37,10706218.0,58436360.0,-3.915,-0.22
688375,国博电子,73.13,73.13,73.25,72.45,72.88,74.34,72.27,2355608.0,172588419.0,0.939,0.68
688376,美埃科技,64.21,64.21,64.39,64.4,64.78,65.96,63.64,1017039.0,65881353.0,-0.295,-0.19
688377,迪威尔,17.76,17.76,17.79,18.57,18.42,18.73,17.69,2437257.0,43886935.0,-4.362,-0.81
688378,奥来德,43.9,43.9,43.93,43.1,43.25,44.59,42.64,13882719.0,604986643.0,1.856,0.8
688379,华光新材,56.99,56.99,57.0,57.93,57.89,59.56,56.83,3084670.0,179660914.0,-1.623,-0.94
688380,中微半导,38.08,38.08,38.09,38.5,38.77,39.28,37.89,5899882.0,227317109.0,-1.091,-0.42
688381,帝奥微,36.26,36.26,36.31,36.62,37.23,38.25,36.02,8050959.0,298561101.0,-0.983,-0.36
688382,益方生物,18.92,18.92,18.93,19.6,19.6,19.6,18.83,8657563.0,165471130.0,-3.469,-0.68
688383,新益昌,138.8,138.8,138.88,131.6,134.28,139.98,131.9,3371955.0,462953446.0,5.471,7.2
688385,复旦微电,53.64,53.62,53.64,53.61,53.89,54.68,53.35,6741034.0,364360915.0,0.056,0.03
688386,泛亚微透,47.82,47.82,47.98,47.78,47.79,48.9,47.25,1514387.0,72635607.0,0.084,0.04
688387,信科移动,12.37,12.37,12.38,12.48,12.5,12.68,12.23,28160407.0,350376137.0,-0.881,-0.11
688388,嘉元科技,27.3,27.3,27.31,27.18,27.23,28.11,27.16,22060649.0,609296338.0,0.442,0.12
688389,普门科技,11.34,11.33,11.34,11.45,11.48,11.48,11.27,1279032.0,14502852.0,-0.961,-0.11
688390,固德威,59.5,59.5,59.52,59.7,59.78,60.43,58.89,5396894.0,321703614.0,-0.335,-0.2
688391,钜泉科技,25.7,25.7,25.73,26.07,26.39,26.39,25.63,866445.0,22515135.0,-1.419,-0.37
688392,骄成超声,170.5,170.5,170.8,171.9,172.81,178.73,169.83,2550673.0,442570818.0,-0.814,-1.4
688393,安必平,20.4,20.4,20.42,20.51,20.45,20.55,20.11,1197318.0,24357522.0,-0.536,-0.11
688395,正弦电气,23.0,23.0,23.03,23.12,22.89,23.22,22.89,849047.0,19575616.0,-0.519,-0.12
688396,华润微,56.28,56.27,56.28,56.6,56.97,57.45,55.99,9824276.0,556251019.0,-0.565,-0.32
688398,赛特新材,20.48,20.48,20.55,20.31,20.6,20.65,20.07,1119531.0,22766042.0,0.837,0.17
688399,硕世生物,26.13,26.13,26.14,26.94,27.33,27.33,26.11,1224039.0,32257683.0,-3.007,-0.81
688400,凌云光,47.15,47.15,47.16,47.2,48.58,48.99,46.94,12497008.0,592825663.0,-0.106,-0.05
688401,路维光电,66.28,66.28,66.29,64.54,65.0,67.83,64.83,5216281.0,346445968.0,2.696,1.74
688403,汇成股份,25.8,25.8,25.81,26.72,26.89,26.98,25.68,49782210.0,1307930868.0,-3.443,-0.92
688408,中信博,22.91,22.91,22.93,23.66,23.64,23.75,22.85,3952589.0,91532189.0,-3.17,-0.75
688409,富创精密,179.16,179.16,179.46,180.47,182.99,184.86,179.0,3471366.0,629348814.0,-0.726,-1.31
688410,山外山,9.72,9.71,9.72,9.92,9.89,9.89,9.64,7129008.0,69570836.0,-2.016,-0.2
688411,海博思创,172.91,172.91,173.0,175.85,175.0,177.0,171.81,1930648.0,335576571.0,-1.672,-2.94
688416,恒烁股份,74.3,74.29,74.3,75.78,76.88,78.38,73.64,4611722.0,349922991.0,-1.953,-1.48
688418,震有科技,32.12,32.06,32.12,32.4,32.55,33.21,31.84,3219220.0,104766522.0,-0.864,-0.28
688419,耐科装备,47.7,47.68,47.7,48.08,48.46,49.67,46.99,2802434.0,135136630.0,-0.79,-0.38
688420,美腾科技,21.91,21.91,21.93,22.11,22.05,22.21,21.72,739854.0,16216194.0,-0.905,-0.2
688425,铁建重工,4.07,4.07,4.08,4.07,4.06,4.09,4.05,11588701.0,47176665.0,0.0,0.0
688426,康为世纪,21.03,21.01,21.03,21.18,21.05,21.79,20.92,1089248.0,23145634.0,-0.708,-0.15
688428,诺诚健华,28.89,28.86,28.89,30.47,30.01,30.32,28.75,10873792.0,319171158.0,-5.185,-1.58
688429,时创能源,10.13,10.12,10.13,10.5,10.4,10.6,10.11,1304807.0,13428585.0,-3.524,-0.37
688432,有研硅,45.22,0.0,0.0,45.22,0.0,0.0,0.0,0.0,0.0,0.0,0.0
688433,华曙高科,98.9,98.9,99.02,103.22,103.29,104.27,95.3,9404219.0,932585309.0,-4.185,-4.32
688435,英方软件,34.1,34.1,34.12,35.9,35.72,35.8,34.0,5030294.0,174431878.0,-5.014,-1.8
688439,振华风光,38.3,38.3,38.31,38.54,38.54,38.85,38.22,1487198.0,57271440.0,-0.623,-0.24
688443,智翔金泰,22.57,22.57,22.61,23.03,22.91,23.09,22.57,2022972.0,46049081.0,-1.997,-0.46
688448,磁谷科技,67.27,67.09,67.27,66.98,67.13,67.6,65.64,1620476.0,108295236.0,0.433,0.29
688449,联芸科技,61.45,61.45,61.46,61.92,63.0,63.77,61.06,4833228.0,301456336.0,-0.759,-0.47
688450,光格科技,32.44,32.4,32.44,32.71,32.86,33.4,32.1,979747.0,32053016.0,-0.825,-0.27
688455,科捷智能,17.27,17.27,17.28,17.27,17.29,18.2,17.13,2807431.0,49320200.0,0.0,0.0
688456,有研粉材,72.28,72.28,72.29,72.41,72.58,75.0,71.9,4090116.0,299940032.0,-0.18,-0.13
688458,美芯晟,35.63,35.63,35.67,36.04,36.15,36.72,35.3,1205274.0,43482050.0,-1.138,-0.41
688459,哈铁科技,8.2,8.18,8.2,8.18,8.16,8.22,8.14,859798.0,7039049.0,0.244,0.02
688466,金科环境,14.35,14.35,14.37,14.55,14.6,14.6,14.23,868913.0,12500586.0,-1.375,-0.2
688468,科美诊断,6.35,6.35,6.37,6.44,6.42,6.43,6.32,2489804.0,15844864.0,-1.398,-0.09
688469,芯联集成,8.4,8.4,8.41,8.38,8.4,8.48,8.35,55043900.0,463483896.0,0.239,0.02
688472,阿特斯,8.62,8.61,8.62,8.68,8.73,8.73,8.58,24109340.0,208348817.0,-0.691,-0.06
688475,萤石网络,28.21,28.2,28.21,28.32,28.26,28.46,28.08,2266910.0,64037458.0,-0.388,-0.11
688478,晶升股份,41.68,41.67,41.68,41.89,42.33,43.12,41.2,2365630.0,99911607.0,-0.501,-0.21
688479,友车科技,35.3,35.2,35.3,35.97,35.94,35.97,35.07,1482335.0,52462269.0,-1.863,-0.67
688480,赛恩斯,71.38,71.2,71.38,71.01,71.15,71.72,70.29,496208.0,35269197.0,0.521,0.37
688484,南芯科技,33.36,33.35,33.36,33.76,33.99,34.34,32.87,5734268.0,191741209.0,-1.185,-0.4
688485,九州一轨,97.31,97.31,97.4,97.0,97.0,104.98,96.08,7228234.0,726110183.0,0.32,0.31
688486,龙迅股份,42.12,42.11,42.12,40.14,40.32,42.65,40.1,4665901.0,192711821.0,4.933,1.98
688488,艾迪药业,15.08,15.08,15.09,15.41,15.38,15.43,14.99,3501072.0,53071390.0,-2.141,-0.33
688489,三未信安,23.21,23.21,23.23,23.89,23.88,24.0,23.12,1058018.0,24736811.0,-2.846,-0.68
688496,*ST清越,0.73,0.73,0.74,0.91,0.93,0.95,0.73,23371999.0,19100434.0,-19.78,-0.18
688498,源杰科技,1718.0,1718.0,1718.2,1715.0,1759.0,1775.27,1705.0,2576982.0,4491656861.0,0.175,3.0
688499,利元亨,32.48,32.46,32.48,32.26,32.09,33.33,32.09,2956399.0,96704768.0,0.682,0.22
688500,慧辰股份,32.68,32.68,32.78,33.74,33.83,33.83,32.54,1287080.0,42496650.0,-3.142,-1.06
688501,青达环保,13.58,13.56,13.58,13.63,13.63,13.84,13.5,1507995.0,20587353.0,-0.367,-0.05
688502,茂莱光学,414.1,414.1,414.13,418.5,418.56,435.0,411.25,1173339.0,495771620.0,-1.051,-4.4
688503,聚和材料,73.88,73.85,73.88,71.8,71.8,74.9,71.02,20173767.0,1483491778.0,2.897,2.08
688505,复旦张江,7.8,7.8,7.81,7.93,7.91,7.95,7.78,4281157.0,33542456.0,-1.639,-0.13
688506,百利天恒,240.35,240.35,240.77,244.56,240.2,244.79,237.51,1660292.0,399014622.0,-1.721,-4.21
688507,索辰科技,145.27,145.27,145.29,146.9,147.9,149.68,144.0,3746528.0,548494830.0,-1.11,-1.63
688508,芯朋微,84.6,84.5,84.6,84.55,85.08,85.94,82.58,4952853.0,416667679.0,0.059,0.05
688509,正元地信,4.2,4.2,4.21,4.23,4.24,4.24,4.16,5752130.0,24112667.0,-0.709,-0.03
688510,航亚科技,27.3,27.29,27.3,25.86,26.0,27.84,25.53,12740169.0,344743037.0,5.568,1.44
688511,天微电子,22.8,22.8,22.86,22.83,22.79,23.38,22.69,1325773.0,30430292.0,-0.131,-0.03
688512,慧智微,13.57,13.57,13.58,13.43,13.4,14.02,13.39,12644739.0,172678161.0,1.042,0.14
688513,苑东生物,47.6,47.6,47.63,45.39,45.0,50.03,44.81,3102316.0,147323752.0,4.869,2.21
688515,裕太微,146.03,146.03,146.04,142.68,145.49,155.25,143.11,3860379.0,578225080.0,2.348,3.35
688516,奥特维,41.48,41.48,41.49,42.2,41.94,42.87,41.39,4405346.0,185317345.0,-1.706,-0.72
688517,金冠电气,16.01,16.01,16.02,16.05,16.05,16.24,16.0,1327545.0,21370166.0,-0.249,-0.04
688518,联赢激光,20.77,20.77,20.78,20.66,20.71,21.24,20.63,8287007.0,173633825.0,0.532,0.11
688519,南亚新材,291.65,291.65,291.7,284.71,291.98,304.9,288.17,4928453.0,1459502763.0,2.438,6.94
688520,神州细胞,34.02,34.02,34.04,34.37,34.26,34.4,33.95,942983.0,32200971.0,-1.018,-0.35
688521,芯原股份,191.0,191.0,191.01,190.88,196.09,203.58,187.86,16782446.0,3253609805.0,0.063,0.12
688522,纳睿雷达,18.01,18.01,18.03,18.33,18.38,18.5,17.99,3995302.0,72569042.0,-1.746,-0.32
688523,航天环宇,41.49,41.49,41.5,41.09,41.09,42.26,40.69,3067123.0,127597282.0,0.973,0.4
688525,佰维存储,217.7,217.7,217.72,221.5,223.16,224.5,215.95,13075616.0,2875038826.0,-1.716,-3.8
688526,科前生物,12.95,12.9,12.95,12.97,13.07,13.07,12.8,1142214.0,14749421.0,-0.154,-0.02
688528,秦川物联,10.23,10.23,10.25,10.33,10.09,10.66,10.09,1857705.0,19123149.0,-0.968,-0.1
688529,豪森智能,15.29,15.28,15.29,15.51,15.55,15.55,15.05,947035.0,14452649.0,-1.418,-0.22
688530,欧莱新材,55.98,55.97,55.98,55.23,56.33,58.68,55.23,7371940.0,419591045.0,1.358,0.75
688531,日联科技,142.18,142.18,142.23,142.84,145.19,148.8,141.2,3570685.0,518664968.0,-0.462,-0.66
688533,上声电子,19.99,19.99,20.01,20.26,20.16,20.33,19.88,720586.0,14442150.0,-1.333,-0.27
688535,华海诚科,100.26,100.22,100.26,100.88,102.0,104.36,99.8,3912374.0,398771442.0,-0.615,-0.62
688536,思瑞浦,308.72,308.72,309.0,298.33,303.39,316.5,299.55,2223738.0,689189968.0,3.483,10.39
688538,和辉光电,2.18,2.18,2.19,2.19,2.19,2.2,2.18,55881149.0,122260675.0,-0.457,-0.01
688539,高华科技,23.54,23.53,23.54,23.87,23.64,24.1,23.39,1937189.0,45951963.0,-1.382,-0.33
688543,国科军工,45.49,45.48,45.49,41.96,41.74,46.96,41.38,18865710.0,842806074.0,8.413,3.53
688545,兴福电子,73.17,73.16,73.17,73.42,73.98,76.46,72.8,5887010.0,438673454.0,-0.341,-0.25
688548,广钢气体,28.81,28.81,28.82,28.94,29.18,29.69,28.6,14987783.0,435807775.0,-0.449,-0.13
688549,中巨芯,22.54,22.54,22.55,21.9,21.93,23.75,21.9,84490656.0,1935465491.0,2.922,0.64
688550,瑞联新材,36.69,36.68,36.69,36.6,36.89,37.39,36.35,2080610.0,76683330.0,0.246,0.09
688551,科威尔,38.38,38.38,38.44,38.95,38.8,39.71,38.03,2638113.0,102264838.0,-1.463,-0.57
688552,航天南湖,33.29,33.29,33.3,32.45,32.33,33.7,32.02,5655439.0,186658279.0,2.589,0.84
688553,汇宇制药,11.35,11.35,11.37,11.61,11.61,11.61,11.27,5779990.0,65844004.0,-2.239,-0.26
688556,高测股份,8.11,8.1,8.11,8.29,8.3,8.45,8.02,19835812.0,161362599.0,-2.171,-0.18
688557,兰剑智能,19.62,19.62,19.68,19.79,19.87,20.06,19.6,923463.0,18274705.0,-0.859,-0.17
688558,国盛智科,31.89,31.76,31.89,31.54,31.91,31.91,31.43,592987.0,18828408.0,1.11,0.35
688559,海目星,59.03,59.03,59.04,52.47,52.88,59.75,52.88,25451370.0,1467165717.0,12.502,6.56
688560,明冠新材,12.45,12.44,12.45,12.4,12.48,12.78,12.38,3122994.0,39224839.0,0.403,0.05
688561,奇安信,26.85,26.85,26.88,27.54,27.35,27.4,26.72,5276341.0,142829107.0,-2.505,-0.69
688562,航天软件,14.65,14.64,14.65,14.8,14.68,14.89,14.54,2403920.0,35342730.0,-1.014,-0.15
688563,航材股份,55.7,55.69,55.7,54.76,54.5,56.3,54.1,4275762.0,236480537.0,1.717,0.94
688565,力源科技,11.49,11.49,11.54,11.58,11.45,11.65,11.39,1747621.0,20095918.0,-0.777,-0.09
688566,吉贝尔,25.95,25.95,25.96,25.91,25.82,26.51,25.57,2407710.0,62394492.0,0.154,0.04
688567,孚能科技,8.95,8.95,8.97,9.02,9.03,9.06,8.94,6765539.0,60769837.0,-0.776,-0.07
688568,中科星图,30.71,30.7,30.71,31.04,30.98,31.27,30.61,5779624.0,178325442.0,-1.063,-0.33
688569,铁科轨道,18.91,18.9,18.91,18.99,18.99,19.14,18.81,540826.0,10229346.0,-0.421,-0.08
688570,天玛智控,14.74,14.7,14.74,14.86,14.79,14.86,14.66,684038.0,10074043.0,-0.808,-0.12
688571,杭华股份,8.24,8.24,8.27,8.37,8.4,8.53,8.21,4861197.0,40583013.0,-1.553,-0.13
688573,信宇人,16.02,16.02,16.04,16.32,16.32,16.35,15.96,1225188.0,19776791.0,-1.838,-0.3
688575,亚辉龙,9.92,9.91,9.92,10.23,10.23,10.27,9.89,9785797.0,97788674.0,-3.03,-0.31
688576,西山科技,38.99,38.95,38.99,39.62,39.28,39.67,38.53,368705.0,14371165.0,-1.59,-0.63
688577,浙海德曼,42.16,42.16,42.2,42.48,42.7,43.2,41.48,819974.0,34598964.0,-0.753,-0.32
688578,艾力斯,104.3,104.3,104.37,107.3,106.89,106.89,104.08,5490473.0,576476717.0,-2.796,-3.0
688579,地纬智能,7.9,7.9,7.91,8.13,8.24,8.24,7.86,3400350.0,27014443.0,-2.829,-0.23
688580,伟思医疗,42.38,42.37,42.38,43.69,43.64,43.64,42.36,1301202.0,55681476.0,-2.998,-1.31
688581,安杰思,50.89,50.86,50.89,51.09,51.13,51.13,50.6,217909.0,11065866.0,-0.391,-0.2
688582,芯动联科,39.81,39.77,39.81,40.35,40.35,40.69,39.58,3007379.0,120285508.0,-1.338,-0.54
688583,思看科技,77.65,77.65,77.67,81.73,80.2,80.97,77.65,3106982.0,244021740.0,-4.992,-4.08
688584,上海合晶,25.28,25.28,25.3,25.45,25.69,26.06,25.14,4956792.0,126582070.0,-0.668,-0.17
688585,上纬新材,143.88,143.86,143.88,148.45,147.8,150.6,142.1,2256386.0,328885416.0,-3.078,-4.57
688586,江航装备,11.58,11.58,11.59,11.42,11.35,11.79,11.35,6897839.0,80154393.0,1.401,0.16
688588,凌志软件,9.16,9.15,9.16,9.52,9.45,9.51,9.12,6419539.0,59325322.0,-3.782,-0.36
688589,力合微,19.48,19.48,19.5,19.53,19.63,19.82,19.3,1781180.0,34868245.0,-0.256,-0.05
688590,新致软件,11.94,11.93,11.94,12.34,12.35,12.35,11.87,6190266.0,74538434.0,-3.241,-0.4
688591,泰凌微,27.69,27.69,27.72,27.93,28.01,28.39,27.53,2852477.0,79626274.0,-0.859,-0.24
688592,司南导航,23.23,23.18,23.23,23.43,23.5,23.73,22.92,801531.0,18720306.0,-0.854,-0.2
688593,新相微,29.0,28.99,29.0,29.07,29.0,29.2,28.57,8084346.0,233832977.0,-0.241,-0.07
688595,芯海科技,28.85,28.85,28.87,29.06,29.4,29.84,28.81,1846494.0,53890689.0,-0.723,-0.21
688596,正帆科技,61.88,61.86,61.88,63.5,64.01,65.84,61.1,11842382.0,745269718.0,-2.551,-1.62
688597,煜邦电力,6.44,6.44,6.45,6.51,6.53,6.54,6.42,4175056.0,27011340.0,-1.075,-0.07
688598,金博股份,32.65,32.64,32.65,33.04,33.53,34.4,32.43,8491905.0,281628931.0,-1.18,-0.39
688599,天合光能,11.3,11.3,11.31,11.45,11.49,11.53,11.24,21540613.0,244227248.0,-1.31,-0.15
688600,皖仪科技,34.1,34.08,34.1,32.2,32.2,35.38,32.2,9114007.0,312784053.0,5.901,1.9
688601,力芯微,60.87,60.87,60.88,60.36,61.88,62.9,60.51,4418929.0,272071362.0,0.845,0.51
688602,康鹏科技,6.91,6.91,6.92,6.82,6.83,7.15,6.81,7363040.0,51240887.0,1.32,0.09
688603,天承科技,113.39,113.39,113.4,116.48,117.34,119.9,112.35,4792761.0,554388686.0,-2.653,-3.09
688605,先锋精科,79.08,79.03,79.08,73.29,74.11,80.5,73.99,8756240.0,687924721.0,7.9,5.79
688606,奥泰生物,45.77,45.77,45.86,46.33,46.68,46.68,45.0,195244.0,8948185.0,-1.209,-0.56
688607,康众医疗,39.99,39.99,40.15,40.62,40.78,40.88,39.61,1086193.0,43812607.0,-1.551,-0.63
688608,恒玄科技,93.1,93.1,93.11,98.26,98.0,98.56,93.04,4950020.0,470437004.0,-5.251,-5.16
688609,九联科技,9.07,9.07,9.08,9.17,9.21,9.41,9.02,13631266.0,125684612.0,-1.091,-0.1
688610,埃科光电,154.27,154.27,154.3,152.26,153.88,159.5,152.35,1023332.0,159367023.0,1.32,2.01
688611,杭州柯林,62.66,62.65,62.66,61.01,62.83,62.98,60.58,1238755.0,76697849.0,2.704,1.65
688612,威迈斯,39.5,39.5,39.52,39.39,39.39,40.09,38.61,5275287.0,207284990.0,0.279,0.11
688613,奥精医疗,15.83,15.82,15.83,16.0,15.88,16.18,15.73,2225444.0,35370328.0,-1.063,-0.17
688615,合合信息,90.5,90.49,90.5,92.55,92.1,92.94,89.9,2661992.0,242687756.0,-2.215,-2.05
688616,西力科技,11.16,11.11,11.16,11.21,11.19,11.28,11.07,1718059.0,19165911.0,-0.446,-0.05
688617,惠泰医疗,239.21,239.21,239.73,239.6,239.03,242.48,236.0,1070867.0,256855840.0,-0.163,-0.39
688618,三旺通信,29.35,29.35,29.4,29.93,29.85,30.5,29.1,1606795.0,47780514.0,-1.938,-0.58
688619,罗普特,14.42,14.42,14.43,14.2,14.07,14.98,14.05,3836257.0,56011653.0,1.549,0.22
688620,安凯微,15.35,15.34,15.35,15.1,15.0,15.73,15.0,10812041.0,165763841.0,1.656,0.25
688621,阳光诺和,69.0,68.93,69.0,70.23,70.2,70.2,68.01,1678461.0,115569787.0,-1.751,-1.23
688622,*ST禾信,102.19,102.19,102.2,97.9,98.0,105.0,96.33,567857.0,57303401.0,4.382,4.29
688623,双元科技,56.06,55.88,56.06,56.09,55.61,56.23,55.4,276932.0,15466163.0,-0.053,-0.03
688625,呈和科技,56.53,56.53,56.54,56.92,57.65,58.4,55.8,3441821.0,196049503.0,-0.685,-0.39
688626,翔宇医疗,39.12,39.12,39.13,39.9,39.86,39.9,38.91,1671638.0,65761306.0,-1.955,-0.78
688627,精智达,474.21,474.21,474.5,487.95,493.18,499.01,471.58,3174119.0,1529270001.0,-2.816,-13.74
688628,优利德,80.84,80.84,80.88,82.69,84.0,86.48,80.68,4088066.0,339747807.0,-2.237,-1.85
688629,华丰科技,126.29,126.29,126.3,123.57,124.78,131.55,124.57,13340442.0,1701172393.0,2.201,2.72
688630,芯碁微装,410.78,410.75,410.78,405.0,416.0,424.68,405.95,3196826.0,1326688941.0,1.427,5.78
688631,莱斯信息,39.13,39.13,39.23,39.85,39.87,40.05,39.09,862379.0,33968390.0,-1.807,-0.72
688633,星球石墨,22.6,22.6,22.61,22.83,22.95,22.95,22.4,2046987.0,46356951.0,-1.007,-0.23
688635,长进光子,281.5,281.5,281.78,289.0,295.96,300.07,277.6,2275559.0,657642082.0,-2.595,-7.5
688636,智明达,20.67,20.67,20.68,20.38,20.38,20.93,20.2,4958789.0,102263300.0,1.423,0.29
688638,誉辰智能,32.39,32.33,32.39,32.8,32.8,32.86,32.2,441395.0,14345157.0,-1.25,-0.41
688639,华恒生物,17.8,17.79,17.8,18.41,18.3,18.63,17.76,5643511.0,102175046.0,-3.313,-0.61
688646,逸飞激光,79.76,79.66,79.76,77.42,77.4,81.66,76.68,3771709.0,301592856.0,3.022,2.34
688648,中邮科技,32.0,31.96,32.0,32.47,32.24,32.7,31.57,1294896.0,41597999.0,-1.447,-0.47
688651,盛邦安全,23.35,23.35,23.36,24.54,24.35,24.67,23.18,2010657.0,47402118.0,-4.849,-1.19
688652,京仪装备,129.3,129.3,129.32,130.7,133.31,133.31,128.57,2093351.0,272598073.0,-1.071,-1.4
688653,康希通信,13.41,13.4,13.41,13.37,13.46,13.63,13.3,6220673.0,83772552.0,0.299,0.04
688655,迅捷兴,56.52,56.52,56.55,54.86,55.46,58.83,53.55,17939239.0,1013718808.0,3.026,1.66
688656,浩欧博,124.77,124.77,124.99,118.3,120.0,127.5,117.31,1366478.0,169554576.0,5.469,6.47
688657,浩辰软件,32.32,32.32,32.39,32.86,32.56,33.51,32.16,716802.0,23406125.0,-1.643,-0.54
688658,悦康药业,13.01,13.01,13.02,13.43,13.31,13.39,12.96,11349949.0,148631080.0,-3.127,-0.42
688659,元琛科技,9.76,9.76,9.8,9.86,9.86,9.88,9.7,2616430.0,25599484.0,-1.014,-0.1
688660,电气风电,8.89,8.89,8.9,8.95,8.88,9.16,8.83,58430457.0,524117920.0,-0.67,-0.06
688661,和林微纳,104.18,104.18,104.19,101.4,104.49,111.1,103.39,4210909.0,450488892.0,2.742,2.78
688662,富信科技,82.43,82.43,82.45,83.08,86.0,86.16,81.7,6266797.0,524391388.0,-0.782,-0.65
688663,新风光,55.98,55.98,55.99,57.04,56.67,57.85,55.31,2599148.0,146373582.0,-1.858,-1.06
688665,四方光电,43.74,43.65,43.74,43.32,43.32,44.36,43.32,399403.0,17491167.0,0.97,0.42
688667,菱电电控,96.17,96.03,96.17,94.0,94.31,98.0,93.1,730231.0,70159988.0,2.309,2.17
688668,鼎通科技,263.5,263.47,263.5,264.96,270.3,276.48,261.61,3748930.0,1009619993.0,-0.551,-1.46
688669,聚石化学,72.29,72.29,72.3,72.05,72.59,73.32,71.13,1403264.0,101041475.0,0.333,0.24
688670,金迪克,17.23,17.23,17.24,17.07,17.15,17.29,16.8,1450630.0,24791552.0,0.937,0.16
688671,碧兴物联,24.65,24.65,24.71,24.9,24.99,25.17,24.65,715790.0,17800998.0,-1.004,-0.25
688676,金盘科技,67.46,67.45,67.46,65.74,66.08,68.7,65.88,11926630.0,806757125.0,2.616,1.72
688677,海泰新光,89.33,89.32,89.33,94.49,98.0,98.0,89.3,10883775.0,1017424674.0,-5.461,-5.16
688678,福立旺,21.88,21.88,21.89,22.2,22.01,22.3,21.55,15752960.0,344092017.0,-1.441,-0.32
688679,通源环境,42.0,41.98,42.0,41.48,41.82,44.42,41.17,4401004.0,188174695.0,1.254,0.52
688680,海优新材,32.3,32.26,32.3,32.63,32.78,33.19,32.21,733039.0,23904275.0,-1.011,-0.33
688681,科汇股份,15.7,15.7,15.73,15.91,15.85,15.91,15.45,2547188.0,39792181.0,-1.32,-0.21
688682,霍莱沃,30.42,30.42,30.48,30.3,30.02,31.05,30.02,975188.0,29879870.0,0.396,0.12
688683,莱尔科技,28.96,28.96,29.07,28.81,28.81,29.55,28.81,808165.0,23582675.0,0.521,0.15
688685,迈信林,37.79,37.79,37.82,38.46,38.44,38.89,37.66,1739148.0,66323682.0,-1.742,-0.67
688686,奥普特,143.58,143.55,143.58,146.01,145.95,150.0,142.6,1589664.0,231275222.0,-1.664,-2.43
688687,凯因科技,17.58,17.54,17.58,17.82,17.8,17.82,17.45,1572329.0,27680462.0,-1.347,-0.24
688689,银河微电,37.7,37.7,37.71,37.88,38.46,39.19,37.43,3950958.0,151370638.0,-0.475,-0.18
688690,纳微科技,42.8,42.79,42.8,41.4,41.33,43.11,40.43,16665179.0,705411026.0,3.382,1.4
688691,灿芯股份,61.02,61.02,61.03,61.7,61.97,63.56,60.69,2173875.0,134544661.0,-1.102,-0.68
688692,达梦数据,208.18,208.18,208.19,209.05,209.0,209.98,206.28,606676.0,126158705.0,-0.416,-0.87
688693,锴威特,74.7,74.7,74.72,74.1,74.0,77.38,73.88,1532405.0,116046668.0,0.81,0.6
688695,中创股份,19.39,19.33,19.39,19.68,19.98,19.98,19.24,838763.0,16305757.0,-1.474,-0.29
688696,极米科技,86.6,86.48,86.6,89.25,89.3,89.3,86.06,873260.0,76245971.0,-2.969,-2.65
688697,纽威数控,14.64,14.63,14.64,14.74,14.75,14.84,14.4,6184062.0,89986409.0,-0.678,-0.1
688698,伟创电气,42.4,42.4,42.42,43.49,43.49,43.72,42.24,2669273.0,114431359.0,-2.506,-1.09
688699,明微电子,57.2,57.19,57.2,57.35,57.76,58.66,56.6,2226884.0,128567271.0,-0.262,-0.15
688700,东威科技,64.6,64.59,64.6,60.39,61.0,65.1,61.0,19736039.0,1250118280.0,6.971,4.21
688701,卓锦股份,9.17,9.16,9.17,9.28,9.32,9.43,9.13,1991254.0,18380195.0,-1.185,-0.11
688702,盛科通信,313.11,313.1,313.11,315.15,318.0,326.99,310.24,4851856.0,1535596400.0,-0.647,-2.04
688707,振华新材,10.4,10.4,10.41,10.44,10.41,10.5,10.28,4718355.0,49081843.0,-0.383,-0.04
688708,佳驰科技,43.98,43.96,43.98,40.68,40.53,44.99,40.53,4386994.0,188976373.0,8.112,3.3
688709,成都华微,23.81,23.8,23.81,23.92,23.8,24.28,23.7,3004288.0,72028317.0,-0.46,-0.11
688710,益诺思,85.0,85.0,85.01,82.13,82.5,86.18,80.52,4323788.0,364716973.0,3.494,2.87
688711,宏微科技,23.76,23.76,23.77,23.9,24.3,24.58,23.67,4328552.0,104249305.0,-0.586,-0.14
688712,北芯生命,30.22,30.22,30.23,31.02,31.02,31.02,30.15,2310558.0,70362515.0,-2.579,-0.8
688716,中研股份,27.17,27.08,27.17,26.87,26.81,27.6,26.71,1138380.0,30950370.0,1.116,0.3
688717,艾罗能源,44.08,44.08,44.12,44.85,44.95,45.16,43.8,4234426.0,187780064.0,-1.717,-0.77
688718,唯赛勃,13.96,13.96,14.02,13.9,13.97,14.09,13.88,1155553.0,16166889.0,0.432,0.06
688719,爱科赛博,56.7,56.7,56.71,58.2,55.0,57.23,53.62,7902610.0,440333385.0,-2.577,-1.5
688720,艾森股份,60.86,60.81,60.86,59.77,60.28,63.88,60.0,4691636.0,290057109.0,1.824,1.09
688721,龙图光罩,39.63,39.61,39.63,37.48,38.0,39.89,37.01,4438526.0,172148495.0,5.736,2.15
688722,同益中,14.59,14.59,14.6,14.66,14.63,14.73,14.45,2394969.0,34992411.0,-0.477,-0.07
688726,拉普拉斯,42.6,42.6,42.67,44.0,43.88,44.28,42.4,4859534.0,209458617.0,-3.182,-1.4
688727,恒坤新材,45.18,45.18,45.2,44.58,44.7,46.36,44.6,3931085.0,179285469.0,1.346,0.6
688728,格科微,14.02,14.02,14.03,14.09,14.15,14.23,13.97,14483957.0,204297663.0,-0.497,-0.07
688729,屹唐股份,22.34,22.34,22.35,22.52,22.75,22.96,22.2,21180281.0,476881995.0,-0.799,-0.18
688733,壹石通,28.75,28.71,28.75,28.51,28.98,29.57,28.48,4253311.0,123037375.0,0.842,0.24
688737,中自科技,17.16,17.08,17.16,17.29,17.21,17.42,16.99,943163.0,16236800.0,-0.752,-0.13
688739,成大生物,20.46,20.45,20.46,20.62,20.62,20.64,20.42,1183642.0,24277620.0,-0.776,-0.16
688750,金天钛业,14.73,14.72,14.73,14.56,14.52,14.78,14.52,3114395.0,45762545.0,1.168,0.17
688755,汉邦科技,26.15,26.15,26.16,26.58,26.75,26.75,26.02,442408.0,11641123.0,-1.618,-0.43
688757,胜科纳米,30.3,30.3,30.31,31.83,31.84,31.96,30.01,10469272.0,323194744.0,-4.807,-1.53
688758,赛分科技,28.5,28.5,28.51,28.32,28.4,29.08,27.62,7768304.0,221245816.0,0.636,0.18
688759,必贝特,21.5,21.49,21.5,21.83,21.75,21.89,20.95,4514358.0,96552787.0,-1.512,-0.33
688765,禾元生物,37.65,37.65,37.66,38.92,38.68,38.72,37.62,2427616.0,92537192.0,-3.263,-1.27
688766,普冉股份,393.39,393.28,393.39,401.3,407.03,411.85,391.0,7304829.0,2921883124.0,-1.971,-7.91
688767,博拓生物,37.63,37.62,37.63,38.25,38.11,38.11,37.27,1051383.0,39554362.0,-1.621,-0.62
688768,容知日新,42.71,42.71,42.74,43.07,42.99,43.34,42.3,400365.0,17148706.0,-0.836,-0.36
688772,珠海冠宇,15.08,15.08,15.1,14.94,14.93,15.4,14.85,16290356.0,246322026.0,0.937,0.14
688775,影石创新,101.29,101.29,101.31,103.69,103.69,103.9,100.88,2831630.0,289011010.0,-2.315,-2.4
688776,国光电气,46.93,46.93,46.95,47.21,48.04,48.3,46.63,1199193.0,56836129.0,-0.593,-0.28
688777,中控技术,86.52,86.52,86.66,87.67,87.56,88.65,86.47,8392128.0,732135879.0,-1.312,-1.15
688778,厦钨新能,43.96,43.96,43.97,44.4,44.47,44.7,43.54,4367746.0,192244412.0,-0.991,-0.44
688779,五矿新能,7.73,7.73,7.74,7.7,7.69,7.78,7.66,12943534.0,99943522.0,0.39,0.03
688781,视涯科技,38.72,38.71,38.72,40.12,39.75,40.24,38.69,2196027.0,86508610.0,-3.49,-1.4
688783,西安奕材,26.9,26.9,26.92,27.13,27.45,28.08,26.78,15912814.0,435243033.0,-0.848,-0.23
688785,恒运昌,295.61,294.87,295.61,303.88,300.49,305.89,289.11,562456.0,166607936.0,-2.721,-8.27
688786,悦安新材,25.89,25.89,25.9,25.86,25.62,26.57,25.62,2725348.0,71099155.0,0.116,0.03
688787,海天瑞声,92.72,92.7,92.72,94.43,93.99,94.89,91.65,1408610.0,131010792.0,-1.811,-1.71
688788,科思科技,30.02,30.02,30.03,30.0,29.93,30.53,29.83,1856753.0,55925655.0,0.067,0.02
688789,宏华数科,41.1,41.1,41.2,42.26,42.04,42.39,40.81,3111095.0,128353784.0,-2.745,-1.16
688790,昂瑞微,101.3,101.3,101.4,105.0,106.0,107.88,100.25,904186.0,94182476.0,-3.524,-3.7
688793,倍轻松,18.0,18.0,18.02,18.64,18.57,18.64,17.96,1133331.0,20615359.0,-3.433,-0.64
688795,摩尔线程,387.15,387.14,387.15,400.11,395.3,398.7,384.0,9043891.0,3515702664.0,-3.239,-12.96
688796,百奥赛图,126.01,126.01,126.12,128.56,123.0,129.31,119.0,3060291.0,385676022.0,-1.984,-2.55
688797,臻宝科技,256.99,256.98,256.99,264.7,268.0,269.94,254.89,2480223.0,646227118.0,-2.913,-7.71
688798,艾为电子,58.43,58.43,58.44,59.58,59.69,63.7,57.6,6048439.0,366124717.0,-1.93,-1.15
688799,华纳药厂,48.41,48.41,48.49,49.61,49.5,50.25,48.31,1430446.0,70043156.0,-2.419,-1.2
688800,瑞可达,67.68,67.67,67.68,66.3,67.66,69.58,66.0,14633574.0,993892277.0,2.081,1.38
688802,沐曦股份,532.0,531.99,532.0,555.99,555.88,558.94,528.07,1610565.0,868707498.0,-4.315,-23.99
688805,健信超导,40.05,40.04,40.05,41.35,41.13,41.55,39.93,1075907.0,43727802.0,-3.144,-1.3
688806,泰诺麦博,21.67,21.67,21.68,22.49,22.43,22.43,21.61,4209456.0,92026030.0,-3.646,-0.82
688807,优迅股份,335.65,335.63,335.65,333.01,340.0,361.0,333.63,2330612.0,808365283.0,0.793,2.64
688808,联讯仪器,2471.0,2471.0,2471.06,2653.0,2679.53,2679.53,2400.0,1163978.0,2939653025.0,-6.86,-182.0
688809,强一股份,477.0,476.99,477.0,459.02,462.66,486.99,461.2,1923307.0,915727023.0,3.917,17.98
688811,有研复材,20.1,20.1,20.11,20.01,20.01,20.41,19.97,3152927.0,63631847.0,0.45,0.09
688813,泰金新能,117.62,117.59,117.62,121.46,123.0,123.63,117.0,4609552.0,552779413.0,-3.162,-3.84
688816,易思维,47.44,47.44,47.49,48.03,48.01,48.48,47.02,226208.0,10778469.0,-1.228,-0.59
688818,电科蓝天,43.35,43.35,43.38,43.88,44.0,44.2,43.3,4104486.0,179187941.0,-1.208,-0.53
688819,天能股份,21.34,21.33,21.34,21.37,21.39,21.44,21.16,1223058.0,26061710.0,-0.14,-0.03
688820,盛合晶微,124.78,124.78,124.79,129.5,130.61,131.39,124.2,9836252.0,1246308889.0,-3.645,-4.72
688825,长鑫科技,56.87,56.87,56.88,58.39,58.9,59.08,56.47,178739399.0,10277241099.0,-2.603,-1.52
688826,频准激光,776.02,776.02,776.9,800.0,792.01,811.68,761.1,691558.0,544376258.0,-2.998,-23.98
688828,国仪公司,88.02,88.02,88.03,91.0,91.2,92.0,87.17,1916825.0,170449815.0,-3.275,-2.98
688835,高凯技术,258.58,258.58,258.9,270.95,269.0,274.55,255.88,2057130.0,538217360.0,-4.565,-12.37
688836,宇树科技,513.93,513.93,513.94,523.68,521.08,524.99,508.88,3217361.0,1655846761.0,-1.862,-9.75
688981,中芯国际,120.51,120.51,120.52,121.52,122.12,122.96,120.06,21857641.0,2646565747.0,-0.831,-1.01
000001,平安银行,11.7,11.7,11.71,11.78,11.76,11.79,11.69,58230598.0,682946783.0,-0.679,-0.08
000002,万 科Ａ,3.19,3.19,3.2,3.27,3.26,3.27,3.19,112849758.0,362665927.0,-2.446,-0.08
000006,深振业Ａ,7.19,7.19,7.2,7.36,7.31,7.32,7.16,16120031.0,116217137.0,-2.31,-0.17
000007,全新好,11.77,11.77,11.78,11.68,11.56,11.86,11.56,7754600.0,90748372.0,0.771,0.09
000008,神州高铁,2.5,2.5,2.51,2.54,2.54,2.54,2.49,25787997.0,64696110.0,-1.575,-0.04
000009,中国宝安,7.11,7.11,7.12,7.13,7.15,7.17,7.06,9860698.0,70121840.0,-0.281,-0.02
000010,*ST美丽,1.69,1.69,1.7,1.78,1.8,1.81,1.68,30704300.0,52856539.0,-5.056,-0.09
000011,深物业A,9.18,9.17,9.19,9.49,9.44,9.6,9.11,31453898.0,290745286.0,-3.267,-0.31
000012,南 玻Ａ,3.77,3.77,3.78,3.8,3.81,3.82,3.76,13004119.0,49106630.0,-0.789,-0.03
000014,沙河股份,10.86,10.86,10.87,11.05,10.87,11.1,10.86,7859985.0,85968704.0,-1.719,-0.19
000016,*ST康佳A,2.46,0.0,0.0,2.46,0.0,0.0,0.0,0.0,0.0,0.0,0.0
000017,深中华A,9.26,9.26,9.27,9.4,9.18,9.54,9.02,78455627.0,725510042.0,-1.489,-0.14
000019,深粮控股,8.46,8.46,0.0,7.69,7.5,8.46,7.48,70782949.0,581275011.0,10.013,0.77
000020,深华发Ａ,14.9,14.89,14.9,13.7,14.37,15.07,14.32,11881700.0,176812509.0,8.759,1.2
000021,深科技,34.99,34.99,35.0,34.99,35.28,35.63,34.76,44394104.0,1561825501.0,0.0,0.0
000025,特 力Ａ,15.63,15.63,15.64,15.59,15.63,15.78,15.39,6491645.0,101306560.0,0.257,0.04
000026,飞亚达,19.38,19.37,19.38,19.77,19.9,19.98,19.32,7764281.0,152163001.0,-1.973,-0.39
000027,深圳能源,6.41,6.4,6.41,6.36,6.36,6.42,6.33,22336547.0,142663775.0,0.786,0.05
000028,国药一致,20.3,20.29,20.3,20.36,20.33,20.42,20.24,1895343.0,38506103.0,-0.295,-0.06
000029,深深房Ａ,22.8,22.8,22.81,23.0,22.92,23.05,22.55,5056404.0,115027454.0,-0.87,-0.2
000030,富奥股份,4.07,4.07,4.08,4.08,4.09,4.1,4.05,9042400.0,36828906.0,-0.245,-0.01
000031,大悦城,2.28,2.28,2.29,2.37,2.36,2.37,2.26,52796680.0,121231971.0,-3.797,-0.09
000032,深桑达Ａ,14.01,14.01,14.02,14.12,14.12,14.36,13.92,21301562.0,301112704.0,-0.779,-0.11
000034,神州数码,23.17,23.17,23.18,23.45,23.49,23.55,23.08,13509758.0,314247168.0,-1.194,-0.28
000035,中国天楹,5.05,5.05,5.06,5.03,5.04,5.07,4.99,31124600.0,156625853.0,0.398,0.02
000036,华联控股,3.97,3.96,3.97,3.97,3.97,3.98,3.92,16978130.0,67116371.0,0.0,0.0
000037,深南电A,9.47,9.46,9.47,9.42,9.36,9.49,9.29,10006702.0,94215651.0,0.531,0.05
000039,中集集团,9.6,9.6,9.61,9.39,9.34,9.66,9.32,31129660.0,296956517.0,2.236,0.21
000042,中洲控股,8.54,8.53,8.54,8.68,8.63,8.69,8.49,3853600.0,33044441.0,-1.613,-0.14
000045,深纺织Ａ,10.99,10.99,11.0,11.01,10.92,11.01,10.88,2797800.0,30670212.0,-0.182,-0.02
000048,京基智农,21.09,21.06,21.09,21.7,21.72,21.91,19.65,25662750.0,529027333.0,-2.811,-0.61
000049,德赛电池,22.79,22.79,22.8,22.92,22.86,22.93,22.6,4632516.0,105532425.0,-0.567,-0.13
000050,深天马Ａ,6.51,6.51,6.52,6.6,6.6,6.62,6.48,16821700.0,110086539.0,-1.364,-0.09
000055,方大集团,3.61,3.59,3.61,3.65,3.63,3.64,3.59,8207600.0,29608322.0,-1.096,-0.04
000056,*ST皇庭,2.4,2.39,2.4,2.35,2.34,2.4,2.28,21450631.0,50567767.0,2.128,0.05
000058,深 赛 格,7.27,7.27,7.28,7.3,7.25,7.31,7.18,7622700.0,55245260.0,-0.411,-0.03
000059,华锦股份,5.96,5.96,5.97,6.15,6.15,6.15,5.87,80940797.0,481332650.0,-3.089,-0.19
000060,中金岭南,6.68,6.67,6.68,6.59,6.58,6.71,6.56,113855928.0,756072806.0,1.366,0.09
000061,农 产 品,6.8,6.8,6.81,6.7,6.67,6.95,6.61,52430363.0,356022003.0,1.493,0.1
000062,深圳华强,23.42,23.42,23.43,23.66,23.66,23.76,23.2,18608513.0,436643533.0,-1.014,-0.24
000063,中兴通讯,33.09,33.09,33.1,33.21,33.27,33.43,33.0,43898420.0,1455938863.0,-0.361,-0.12
000065,北方国际,9.81,9.81,9.82,9.89,9.86,9.9,9.76,11433527.0,112347444.0,-0.809,-0.08
000066,中国长城,14.55,14.54,14.55,14.59,14.99,15.08,14.5,75570818.0,1110994495.0,-0.274,-0.04
000068,华控赛格,3.31,3.31,3.32,3.35,3.36,3.36,3.28,9580700.0,31713794.0,-1.194,-0.04
000069,华侨城Ａ,1.85,1.84,1.85,1.87,1.87,1.87,1.83,41064400.0,75775558.0,-1.07,-0.02
000070,特发信息,16.69,16.69,16.7,16.5,16.79,17.12,16.5,87336023.0,1466908392.0,1.152,0.19
000078,ST海王,1.55,1.54,1.55,1.6,1.61,1.62,1.54,89819376.0,140624155.0,-3.125,-0.05
000088,盐 田 港,4.64,4.64,4.65,4.6,4.6,4.73,4.58,71674348.0,335311368.0,0.87,0.04
000089,深圳机场,6.65,6.65,6.67,6.65,6.65,6.69,6.58,12561800.0,83509599.0,0.0,0.0
000090,天健集团,3.57,3.57,3.58,3.67,3.67,3.67,3.55,18875500.0,67716290.0,-2.725,-0.1
000096,广聚能源,8.42,8.41,8.42,8.45,8.45,8.48,8.34,4958105.0,41660588.0,-0.355,-0.03
000099,中信海直,13.81,13.81,13.83,13.83,13.83,13.93,13.66,5850497.0,80726803.0,-0.145,-0.02
000100,TCL科技,4.74,4.74,4.75,4.76,4.76,4.77,4.72,282838718.0,1341894815.0,-0.42,-0.02
000151,中成股份,10.42,10.41,10.42,10.48,10.45,10.49,10.33,3596400.0,37383630.0,-0.573,-0.06
000153,丰原药业,6.41,6.41,6.42,6.53,6.44,6.47,6.36,11779126.0,75455296.0,-1.838,-0.12
000155,川能动力,12.11,12.11,12.12,12.16,12.14,12.16,12.01,20924224.0,252974977.0,-0.411,-0.05
000156,华数传媒,7.02,7.02,7.03,7.16,7.13,7.13,6.93,9280000.0,65046530.0,-1.955,-0.14
000157,中联重科,6.66,6.66,6.67,6.68,6.68,6.68,6.62,28477441.0,189444749.0,-0.299,-0.02
000158,常山北明,13.29,13.29,13.3,13.73,13.65,13.65,13.19,40126876.0,535223613.0,-3.205,-0.44
000159,国际实业,5.87,5.86,5.87,5.88,5.85,5.89,5.77,8397700.0,48993201.0,-0.17,-0.01
000166,申万宏源,4.55,4.54,4.55,4.54,4.54,4.56,4.52,44058660.0,199995569.0,0.22,0.01
000301,东方盛虹,14.16,14.16,14.17,14.2,14.02,14.39,13.85,31000012.0,438044860.0,-0.282,-0.04
000333,美的集团,86.02,86.01,86.02,85.15,85.0,86.04,84.44,17978628.0,1537157622.0,1.022,0.87
000338,潍柴动力,27.85,27.84,27.85,26.61,27.0,28.12,27.0,111249466.0,3085515061.0,4.66,1.24
000400,许继电气,21.6,21.6,21.61,21.59,21.59,21.69,21.37,7624549.0,164149632.0,0.046,0.01
000401,金隅冀东,3.65,3.65,3.66,3.68,3.69,3.69,3.64,6514124.0,23819943.0,-0.815,-0.03
000402,金 融 街,2.58,2.57,2.58,2.64,2.62,2.63,2.56,47384778.0,122487867.0,-2.273,-0.06
000403,派林生物,10.51,10.51,10.52,10.65,10.6,10.69,10.5,3829321.0,40470579.0,-1.315,-0.14
000404,长虹华意,7.12,7.11,7.12,7.15,7.15,7.15,7.07,4928650.0,35023219.0,-0.42,-0.03
000407,胜利股份,4.38,4.37,4.38,4.36,4.35,4.42,4.33,18144505.0,79334661.0,0.459,0.02
000408,藏格矿业,78.56,78.55,78.56,76.29,76.55,78.7,76.31,13079463.0,1014689632.0,2.975,2.27
000409,云鼎科技,9.07,9.06,9.07,9.19,9.13,9.16,9.03,3700343.0,33588118.0,-1.306,-0.12
000410,沈阳机床,5.21,5.21,5.22,5.3,5.3,5.31,5.21,13685301.0,71641249.0,-1.698,-0.09
000411,英特集团,10.12,10.12,10.13,10.3,10.2,10.24,10.08,2429820.0,24679688.0,-1.748,-0.18
000415,渤海租赁,4.58,4.57,4.58,4.56,4.57,4.62,4.48,67887414.0,310738028.0,0.439,0.02
000417,合百集团,6.75,6.75,6.76,6.68,6.59,6.97,6.38,82835812.0,550126173.0,1.048,0.07
000419,通程控股,5.33,5.32,5.33,5.3,5.29,5.36,5.2,9765500.0,51727316.0,0.566,0.03
000420,吉林化纤,3.74,3.73,3.74,3.75,3.74,3.75,3.7,42263620.0,157333327.0,-0.267,-0.01
000421,南京公用,5.97,5.96,5.97,5.99,5.97,6.0,5.9,8461850.0,50376861.0,-0.334,-0.02
000422,湖北宜化,13.08,13.07,13.08,12.98,12.86,13.18,12.8,39946070.0,518887069.0,0.77,0.1
000423,东阿阿胶,46.71,46.7,46.71,46.87,46.8,46.95,46.51,3555756.0,166050499.0,-0.341,-0.16
000425,徐工机械,8.38,8.37,8.38,8.33,8.37,8.39,8.23,77167541.0,642588698.0,0.6,0.05
000426,兴业银锡,38.66,38.65,38.66,37.72,37.77,38.88,37.27,48309155.0,1837756120.0,2.492,0.94
000428,华天酒店,5.14,5.13,5.14,5.3,5.09,5.29,4.9,112536752.0,570791785.0,-3.019,-0.16
000429,粤高速Ａ,12.62,12.62,12.63,12.72,12.7,12.73,12.56,9485286.0,119925165.0,-0.786,-0.1
000430,张家界,7.74,7.74,7.75,7.97,7.89,7.89,7.55,35297090.0,272698645.0,-2.886,-0.23
000488,ST晨鸣,2.22,2.21,2.22,2.05,2.05,2.23,2.04,48468992.0,105061240.0,8.293,0.17
000498,山东路桥,4.98,4.98,4.99,4.99,4.99,5.01,4.97,5582000.0,27843245.0,-0.2,-0.01
000501,武商集团,7.76,7.75,7.76,7.72,7.69,7.78,7.56,16826429.0,129442444.0,0.518,0.04
000503,国新健康,6.97,6.97,6.98,7.11,7.1,7.11,6.94,10157521.0,71019948.0,-1.969,-0.14
000504,南华生物,8.65,8.65,8.66,8.72,8.72,8.74,8.52,4733899.0,40930416.0,-0.803,-0.07
000505,京粮控股,7.94,7.93,7.94,7.72,7.44,8.26,7.44,105034018.0,824516011.0,2.85,0.22
000506,招金黄金,19.28,19.28,19.29,19.32,19.05,19.32,18.63,76237244.0,1449175849.0,-0.207,-0.04
000507,珠海港,5.16,5.16,5.17,5.08,5.1,5.2,5.06,20525100.0,105699634.0,1.575,0.08
000509,华塑控股,3.53,3.53,3.54,3.57,3.57,3.59,3.5,14989000.0,53065608.0,-1.12,-0.04
000510,新金路,17.32,17.32,17.33,17.22,17.21,17.5,17.07,23587693.0,407556764.0,0.581,0.1
000513,丽珠集团,27.35,27.35,27.36,27.22,27.27,27.54,27.11,6550841.0,179194629.0,0.478,0.13
000514,渝 开 发,4.34,4.34,4.35,4.39,4.38,4.4,4.32,12223867.0,53179971.0,-1.139,-0.05
000516,国际医学,4.28,4.27,4.28,4.28,4.27,4.29,4.21,22220252.0,94535304.0,0.0,0.0
000517,荣安地产,2.14,2.14,2.15,2.21,2.2,2.2,2.13,24595100.0,52864706.0,-3.167,-0.07
000518,四环生物,3.86,3.86,3.87,3.96,3.94,3.96,3.86,27830701.0,108493751.0,-2.525,-0.1
000519,中兵红箭,16.63,16.63,16.64,16.06,15.79,17.0,15.69,112796540.0,1849440437.0,3.549,0.57
000520,凤凰航运,4.53,4.52,4.53,4.42,4.39,4.6,4.33,88637819.0,399223619.0,2.489,0.11
000521,长虹美菱,4.8,4.8,4.81,4.94,4.92,4.93,4.78,19701993.0,94939940.0,-2.834,-0.14
000523,红棉股份,4.36,4.36,0.0,3.96,4.36,4.36,4.36,24852678.0,108357676.0,10.101,0.4
000524,岭南控股,10.08,10.07,10.08,10.26,10.18,10.25,9.93,10513585.0,105727477.0,-1.754,-0.18
000525,红太阳,5.06,5.05,5.06,5.03,5.0,5.13,4.92,49506996.0,250124777.0,0.596,0.03
000526,学大教育,37.42,37.42,37.46,38.4,38.47,38.62,37.27,3003500.0,112983214.0,-2.552,-0.98
000528,柳 工,8.36,8.36,8.37,8.31,8.29,8.4,8.22,33471335.0,279115688.0,0.602,0.05
000529,广弘控股,5.26,5.26,5.27,5.3,5.26,5.32,5.23,7106774.0,37454571.0,-0.755,-0.04
000530,冰山冷热,5.34,5.33,5.34,5.38,5.34,5.38,5.3,12863156.0,68593798.0,-0.743,-0.04
000531,穗恒运Ａ,5.78,5.77,5.78,5.71,5.7,5.8,5.68,9319180.0,53618299.0,1.226,0.07
000532,华金资本,11.3,11.29,11.3,11.39,11.42,11.42,11.18,3742300.0,42122602.0,-0.79,-0.09
000533,顺钠股份,11.93,11.92,11.93,11.83,11.8,12.0,11.67,54217456.0,642518816.0,0.845,0.1
000534,万泽股份,25.56,25.56,25.57,23.84,23.86,25.9,23.69,28510764.0,718689865.0,7.215,1.72
000536,华映科技,3.57,3.57,3.58,3.66,3.69,3.71,3.54,68904413.0,247169932.0,-2.459,-0.09
000537,绿发电力,7.71,7.7,7.71,7.61,7.6,7.73,7.53,24141505.0,184924173.0,1.314,0.1
000538,云南白药,50.47,50.47,50.5,50.87,50.72,50.79,50.33,5140368.0,259563577.0,-0.786,-0.4
000539,粤电力Ａ,5.34,5.33,5.34,5.18,5.18,5.36,5.15,88785532.0,470297137.0,3.089,0.16
000541,佛山照明,5.0,5.0,5.01,5.02,5.0,5.02,4.98,4253343.0,21241709.0,-0.398,-0.02
000543,皖能电力,7.47,7.47,7.48,7.43,7.44,7.5,7.37,22033352.0,164274207.0,0.538,0.04
000544,中原环保,7.45,7.44,7.45,7.46,7.46,7.47,7.41,2821615.0,21008927.0,-0.134,-0.01
000545,金浦钛业,2.28,2.28,2.29,2.35,2.34,2.37,2.27,53455404.0,123198468.0,-2.979,-0.07
000546,金圆股份,4.79,4.78,4.79,4.71,4.7,4.84,4.67,13225580.0,62762176.0,1.699,0.08
000547,航天发展,14.77,14.76,14.77,14.64,14.6,14.87,14.51,53279096.0,783579350.0,0.888,0.13
000548,湖南投资,4.72,4.72,4.73,4.76,4.75,4.76,4.7,4299134.0,20310655.0,-0.84,-0.04
000550,江铃汽车,17.48,17.47,17.48,17.46,17.4,17.61,17.31,3665330.0,64062971.0,0.115,0.02
000551,创元科技,12.19,12.19,12.2,12.24,12.23,12.32,12.13,7587700.0,92725160.0,-0.408,-0.05
000552,甘肃能化,2.71,2.71,2.72,2.65,2.66,2.74,2.62,116224542.0,312765777.0,2.264,0.06
000553,安道麦A,6.08,6.07,6.08,6.03,6.02,6.19,5.96,15993440.0,97397011.0,0.829,0.05
000554,泰山石油,6.97,6.97,6.98,6.87,6.87,7.03,6.77,33246551.0,229880019.0,1.456,0.1
000555,神州信息,10.79,10.79,10.8,10.98,10.97,11.07,10.7,10068346.0,108696354.0,-1.73,-0.19
000557,西部创业,3.86,3.86,3.87,3.85,3.84,3.87,3.8,7906849.0,30349632.0,0.26,0.01
000558,天府文旅,4.04,4.04,4.05,4.1,4.08,4.08,3.96,41404362.0,166312023.0,-1.463,-0.06
000559,万向钱潮,10.82,10.82,10.83,10.91,10.88,10.94,10.79,19194740.0,208222416.0,-0.825,-0.09
000560,我爱我家,3.12,3.12,3.13,3.44,3.31,3.37,3.1,664082715.0,2100580574.0,-9.302,-0.32
000561,烽火电子,7.93,7.93,7.94,7.9,7.91,8.02,7.88,7136492.0,56740769.0,0.38,0.03
000563,陕国投Ａ,3.02,3.02,3.03,3.04,3.03,3.04,3.01,32229910.0,97430848.0,-0.658,-0.02
000564,供销大集,1.71,1.7,1.71,1.73,1.7,1.75,1.67,572100120.0,975483963.0,-1.156,-0.02
000565,渝三峡Ａ,7.19,7.19,0.0,6.54,6.51,7.19,6.48,38588228.0,270737859.0,9.939,0.65
000566,海南海药,4.88,4.88,4.89,4.99,4.98,4.98,4.86,52433895.0,256618707.0,-2.204,-0.11
000567,海德股份,6.77,6.77,6.78,6.7,6.68,6.85,6.59,34698064.0,234657821.0,1.045,0.07
000568,泸州老窖,76.9,76.9,76.91,77.78,77.65,77.78,76.69,6070052.0,467879488.0,-1.131,-0.88
000570,苏常柴Ａ,5.37,5.37,5.38,5.31,5.31,5.4,5.28,9609350.0,51449538.0,1.13,0.06
000571,新大洲A,5.87,5.86,5.87,5.99,5.95,6.0,5.8,17259445.0,102030607.0,-2.003,-0.12
000572,海马汽车,4.09,4.09,4.1,4.07,4.05,4.13,3.98,48499493.0,197246599.0,0.491,0.02
000573,粤宏远Ａ,3.84,3.84,3.85,3.87,3.86,3.88,3.83,9871120.0,38012330.0,-0.775,-0.03
000576,甘化科工,8.69,8.69,8.7,8.6,8.52,8.72,8.5,22173988.0,191296727.0,1.047,0.09
000581,威孚高科,18.38,18.37,18.38,18.2,18.2,18.41,18.14,7076695.0,129467363.0,0.989,0.18
000582,北部湾港,11.09,11.09,11.1,11.08,11.0,11.39,10.73,72838320.0,803297061.0,0.09,0.01
000586,汇源通信,14.73,14.72,14.73,13.81,13.98,15.19,13.85,23850401.0,351107152.0,6.662,0.92
000589,贵州轮胎,4.4,4.4,4.41,4.38,4.38,4.41,4.35,18781434.0,82342448.0,0.457,0.02
000590,古汉医药,9.46,9.46,9.48,9.55,9.58,9.58,9.42,2402951.0,22802125.0,-0.942,-0.09
000591,太阳能,4.37,4.36,4.37,4.35,4.36,4.38,4.32,37772807.0,164441758.0,0.46,0.02
000592,平潭发展,8.06,8.06,8.07,7.9,7.74,8.6,7.64,506880497.0,4065503141.0,2.025,0.16
000593,德龙汇能,21.87,21.87,21.88,21.67,21.72,22.13,21.55,9583200.0,209795419.0,0.923,0.2
000595,新能股份,5.47,5.47,5.48,5.47,5.45,5.51,5.38,15889300.0,86499180.0,0.0,0.0
000596,古井贡酒,98.21,98.2,98.21,101.0,99.98,100.0,97.31,3576560.0,352163144.0,-2.762,-2.79
000597,东北制药,4.84,4.83,4.84,4.93,4.89,4.92,4.83,11892833.0,57827551.0,-1.826,-0.09
000598,兴蓉环境,7.13,7.12,7.13,7.17,7.17,7.21,7.12,12717500.0,91003197.0,-0.558,-0.04
000599,青岛双星,4.78,4.78,4.79,4.77,4.77,4.79,4.72,9493508.0,45175888.0,0.21,0.01
000600,建投能源,7.52,7.52,7.53,7.44,7.44,7.58,7.42,20463049.0,153727757.0,1.075,0.08
000601,韶能股份,6.32,6.31,6.32,6.2,6.17,6.38,6.16,43126929.0,270866422.0,1.935,0.12
000603,盛达资源,35.3,35.3,35.31,34.5,34.5,35.6,33.8,44083251.0,1528273374.0,2.319,0.8
000605,渤海股份,6.16,6.15,6.16,6.18,6.18,6.19,6.12,3088623.0,18999604.0,-0.324,-0.02
000607,华媒控股,3.93,3.92,3.93,4.02,3.98,4.04,3.87,19315550.0,75580155.0,-2.239,-0.09
000608,阳光股份,7.86,7.85,7.86,7.64,7.64,7.97,7.5,37180480.0,289889725.0,2.88,0.22
000609,*ST中迪,9.68,9.68,9.69,9.86,9.83,9.95,9.59,3687600.0,35930522.0,-1.826,-0.18
000610,*ST西旅,8.43,8.42,8.43,8.11,8.1,8.5,7.8,10867917.0,89326951.0,3.946,0.32
000612,焦作万方,11.39,11.38,11.39,10.99,11.03,11.39,11.01,53260437.0,598869213.0,3.64,0.4
000615,*ST美谷,3.34,3.33,3.34,3.35,3.34,3.35,3.31,3141360.0,10438700.0,-0.299,-0.01
000617,中油资本,7.28,7.28,7.29,7.25,7.36,7.4,7.2,85527162.0,623175879.0,0.414,0.03
000619,海螺新材,5.12,5.12,5.13,5.16,5.17,5.18,5.1,4315057.0,22178946.0,-0.775,-0.04
000620,盈新发展,3.24,3.24,3.25,3.32,3.32,3.4,3.24,594079150.0,1961487243.0,-2.41,-0.08
000623,吉林敖东,18.22,18.22,18.23,18.29,18.26,18.31,18.13,7531896.0,137175768.0,-0.383,-0.07
000625,长安汽车,7.18,7.17,7.18,7.24,7.23,7.23,7.15,38209441.0,274187634.0,-0.829,-0.06
000626,远大控股,10.04,10.04,10.05,10.42,9.98,10.28,9.73,36035800.0,362112514.0,-3.647,-0.38
000628,高新发展,57.46,57.46,57.47,53.2,53.35,57.8,53.21,19266130.0,1078909381.0,8.008,4.26
000629,钒钛股份,3.04,3.04,3.05,3.03,3.03,3.05,3.01,71057900.0,215676624.0,0.33,0.01
000630,铜陵有色,6.57,6.56,6.57,6.54,6.59,6.7,6.49,323875832.0,2129577491.0,0.459,0.03
000631,顺发恒能,3.03,3.02,3.03,3.01,3.0,3.04,2.98,10788018.0,32507351.0,0.664,0.02
000632,ST三木,4.1,4.09,4.1,4.12,4.12,4.16,4.06,9459600.0,38753105.0,-0.485,-0.02
000633,合金投资,5.54,5.54,5.55,5.49,5.5,5.6,5.46,7968799.0,44163854.0,0.911,0.05
000635,英 力 特,7.53,7.53,7.54,7.58,7.47,7.58,7.37,19423554.0,145328810.0,-0.66,-0.05
000636,风华高科,49.7,49.7,49.71,49.83,50.5,51.5,49.36,71174948.0,3588299275.0,-0.261,-0.13
000637,茂化实华,4.38,4.37,4.38,4.44,4.42,4.44,4.34,7896365.0,34578725.0,-1.351,-0.06
000639,ST西王,1.7,1.7,1.71,1.7,1.7,1.71,1.67,35135672.0,59365435.0,0.0,0.0
000650,仁和药业,5.41,5.41,5.42,5.46,5.42,5.45,5.38,13518800.0,73196263.0,-0.916,-0.05
000651,格力电器,38.87,38.86,38.87,38.29,38.35,39.03,38.24,35218328.0,1365525372.0,1.515,0.58
000652,泰达股份,3.61,3.6,3.61,3.59,3.6,3.62,3.55,13532400.0,48611928.0,0.557,0.02
000655,金岭矿业,7.81,7.8,7.81,7.51,7.38,7.86,7.38,16073087.0,123522738.0,3.995,0.3
000656,金科股份,1.25,1.24,1.25,1.27,1.27,1.27,1.24,110605565.0,138348603.0,-1.575,-0.02
000657,中钨高新,60.5,60.49,60.5,59.86,61.02,61.63,59.62,49135790.0,2980208730.0,1.069,0.64
000659,珠海中富,3.01,3.01,3.02,3.03,3.02,3.06,2.96,20640052.0,61848575.0,-0.66,-0.02
000661,长春高新,74.76,74.75,74.76,75.93,75.22,75.8,74.58,3605258.0,270160570.0,-1.541,-1.17
000663,永安林业,6.34,6.34,6.35,6.33,6.24,6.42,6.24,9434802.0,59716858.0,0.158,0.01
000665,湖北广电,4.18,4.18,4.19,4.3,4.26,4.29,4.15,20098100.0,84161422.0,-2.791,-0.12
000668,荣丰控股,21.27,21.27,21.3,21.71,21.61,21.96,21.23,1267160.0,27343320.0,-2.027,-0.44
000669,ST金鸿,4.13,4.12,4.13,4.2,4.2,4.23,4.13,4211858.0,17519231.0,-1.667,-0.07
000670,盈方微,7.17,7.16,7.17,7.12,7.1,7.34,7.09,37371020.0,269178474.0,0.702,0.05
000672,上峰材料,15.28,15.27,15.28,15.18,15.2,15.35,14.93,17495085.0,265605405.0,0.659,0.1
000676,智度股份,6.92,6.92,6.93,7.15,7.08,7.11,6.83,54578033.0,377573059.0,-3.217,-0.23
000677,ST海龙,1.86,1.86,1.87,1.95,1.94,1.94,1.85,40093200.0,75540676.0,-4.615,-0.09
000678,襄阳轴承,9.31,9.3,9.31,9.47,9.45,9.46,9.25,7133126.0,66565603.0,-1.69,-0.16
000679,大连友谊,6.94,6.94,6.95,7.21,7.3,7.4,6.82,36643167.0,256701982.0,-3.745,-0.27
000680,山推股份,10.7,10.7,10.71,10.73,10.7,10.74,10.48,19770737.0,209549703.0,-0.28,-0.03
000681,视觉中国,17.22,17.22,17.23,17.99,17.82,17.96,17.12,42592915.0,737717840.0,-4.28,-0.77
000682,东方电子,11.26,11.26,11.27,11.2,11.21,11.3,11.16,8709200.0,97841192.0,0.536,0.06
000683,博源化工,6.28,6.27,6.28,6.24,6.24,6.31,6.17,47251171.0,295032042.0,0.641,0.04
000685,中山公用,11.39,11.39,11.4,11.4,11.42,11.42,11.33,7067300.0,80373539.0,-0.088,-0.01
000686,东北证券,7.98,7.98,7.99,8.0,7.99,8.02,7.94,11769800.0,93950811.0,-0.25,-0.02
000688,国城矿业,27.56,27.56,27.57,27.72,27.53,27.94,27.24,12331859.0,339768885.0,-0.577,-0.16
000690,宝新能源,5.41,5.4,5.41,5.12,5.11,5.45,5.09,172957922.0,925716819.0,5.664,0.29
000691,亚太实业,9.96,9.95,9.96,10.2,10.22,10.45,9.85,8406600.0,84418540.0,-2.353,-0.24
000692,惠天热电,4.34,4.34,4.35,4.3,4.31,4.35,4.27,12104706.0,52198441.0,0.93,0.04
000695,滨海能源,14.1,14.09,14.1,14.25,14.29,14.29,13.96,5203493.0,73276745.0,-1.053,-0.15
000697,炼石航空,9.43,9.42,9.43,9.28,9.28,9.54,9.22,9103100.0,85758543.0,1.616,0.15
000698,ST沈化,3.72,3.71,3.72,3.71,3.72,3.77,3.69,4056530.0,15095728.0,0.27,0.01
000700,模塑科技,12.16,12.16,12.17,11.91,11.97,12.62,11.97,45074222.0,553043820.0,2.099,0.25
000701,厦门信达,5.32,5.32,5.33,5.29,5.28,5.35,5.2,12576000.0,66301530.0,0.567,0.03
000702,正虹科技,6.22,6.22,6.23,6.25,6.18,6.33,6.15,21847584.0,135895869.0,-0.48,-0.03
000703,恒逸石化,18.65,18.65,18.66,18.89,18.71,19.04,18.14,73984710.0,1370770776.0,-1.271,-0.24
000705,浙江震元,7.33,7.33,7.34,7.43,7.42,7.42,7.3,4205979.0,30889864.0,-1.346,-0.1
000707,双环科技,4.77,4.76,4.77,4.8,4.82,4.84,4.74,10404500.0,49829946.0,-0.625,-0.03
000708,中信特钢,13.71,13.71,13.72,13.66,13.65,13.77,13.55,9157864.0,125228549.0,0.366,0.05
000709,河钢股份,2.15,2.14,2.15,2.14,2.14,2.16,2.12,74536860.0,159478335.0,0.467,0.01
000710,贝瑞基因,8.74,8.74,8.75,8.9,8.85,8.91,8.7,9259800.0,81037525.0,-1.798,-0.16
000711,京蓝科技,5.19,5.18,5.19,5.53,5.52,5.57,5.04,216106436.0,1142618026.0,-6.148,-0.34
000712,锦龙股份,11.14,11.14,11.15,11.85,11.71,11.84,10.95,122016885.0,1367804697.0,-5.992,-0.71
000713,国投丰乐,7.23,7.23,7.24,7.06,6.9,7.6,6.83,66347166.0,481046725.0,2.408,0.17
000715,中兴商业,5.8,5.79,5.8,5.81,5.79,5.87,5.73,11040237.0,63977315.0,-0.172,-0.01
000716,黑芝麻,5.73,5.72,5.73,5.84,5.73,5.84,5.66,55649040.0,318549885.0,-1.884,-0.11
000717,中南股份,2.33,2.32,2.33,2.32,2.33,2.34,2.29,17603121.0,40779914.0,0.431,0.01
000718,苏宁环球,2.03,2.02,2.03,2.05,2.04,2.05,2.01,25529809.0,51778460.0,-0.976,-0.02
000719,中原传媒,12.2,12.19,12.2,12.47,12.38,12.42,12.15,4148800.0,50743787.0,-2.165,-0.27
000720,新能泰山,3.88,3.87,3.88,3.82,3.82,3.9,3.78,25638600.0,98932502.0,1.571,0.06
000721,西安饮食,7.57,7.56,7.57,7.69,7.65,7.65,7.31,38171318.0,285641587.0,-1.56,-0.12
000722,湖南发展,13.4,13.39,13.4,13.32,13.21,13.45,13.06,13759045.0,183029735.0,0.601,0.08
000723,美锦能源,3.89,3.89,3.9,3.88,3.85,3.91,3.8,99540340.0,384523921.0,0.258,0.01
000725,京东方Ａ,5.55,5.54,5.55,5.56,5.61,5.63,5.52,737152500.0,4106974880.0,-0.18,-0.01
000726,鲁 泰Ａ,5.95,5.95,5.96,5.99,5.99,5.99,5.9,3579101.0,21276779.0,-0.668,-0.04
000727,冠捷科技,2.27,2.26,2.27,2.29,2.3,2.3,2.26,52130339.0,118303412.0,-0.873,-0.02
000728,国元证券,7.74,7.74,7.75,7.76,7.79,7.8,7.66,22882236.0,176717071.0,-0.258,-0.02
000729,燕京啤酒,11.22,11.22,11.23,11.31,11.27,11.3,11.13,14511930.0,162533458.0,-0.796,-0.09
000731,四川美丰,7.86,7.85,7.86,7.58,7.5,7.9,7.33,33193596.0,254379952.0,3.694,0.28
000733,振华科技,40.66,40.66,40.67,40.26,40.4,40.87,40.35,8965237.0,364271208.0,0.994,0.4
000735,罗 牛 山,7.02,7.02,7.03,6.81,6.76,7.23,6.6,224102904.0,1552489312.0,3.084,0.21
000736,中交发展,4.7,4.69,4.7,4.88,4.8,4.86,4.67,22881332.0,108335150.0,-3.689,-0.18
000737,北方铜业,16.47,16.47,16.48,15.71,16.21,17.2,15.99,267446959.0,4387931784.0,4.838,0.76
000738,航发控制,20.14,20.13,20.14,19.95,19.75,20.54,19.75,23859005.0,480071784.0,0.952,0.19
000739,普洛药业,22.4,22.4,22.42,22.51,22.3,23.1,22.1,16375142.0,370784774.0,-0.489,-0.11
000750,国海证券,3.8,3.8,3.81,3.81,3.8,3.82,3.79,32880327.0,124989534.0,-0.262,-0.01
000751,锌业股份,5.12,5.12,5.13,5.08,5.1,5.25,5.06,62691276.0,321102768.0,0.787,0.04
000752,*ST西发,8.69,8.69,8.71,8.85,8.85,8.85,8.69,1639900.0,14383525.0,-1.808,-0.16
000753,漳州发展,5.22,5.22,5.23,5.17,5.13,5.29,5.07,36274927.0,188149602.0,0.967,0.05
000755,山西高速,4.85,4.85,4.86,4.85,4.84,4.88,4.78,3798800.0,18361498.0,0.0,0.0
000756,新华制药,13.38,13.37,13.38,13.52,13.43,13.55,13.28,7689264.0,102719329.0,-1.036,-0.14
000757,浩物股份,4.35,4.35,4.36,4.41,4.39,4.42,4.31,9789320.0,42644673.0,-1.361,-0.06
000758,中色股份,6.38,6.38,6.39,6.27,6.26,6.41,6.25,34005677.0,215664814.0,1.754,0.11
000759,中百集团,8.47,8.47,0.0,7.7,8.35,8.47,7.84,186056008.0,1541911510.0,10.0,0.77
000761,本钢板材,2.45,2.44,2.45,2.43,2.42,2.48,2.39,25207512.0,61430000.0,0.823,0.02
000762,西藏矿业,22.85,22.85,22.86,22.69,22.55,22.96,22.53,10506121.0,239466714.0,0.705,0.16
000766,通化金马,16.41,16.41,16.42,17.17,17.14,17.27,16.41,12957700.0,216872247.0,-4.426,-0.76
000767,晋控电力,3.52,3.51,3.52,3.43,3.44,3.55,3.41,132083366.0,462262900.0,2.624,0.09
000768,中航西飞,23.95,23.95,23.96,23.55,23.41,24.36,23.37,39580683.0,948200406.0,1.699,0.4
000776,广发证券,21.64,21.63,21.64,21.63,21.52,21.74,21.4,34337029.0,740523957.0,0.046,0.01
000777,中核科技,17.4,17.39,17.4,17.31,17.32,17.44,17.21,5319132.0,92145225.0,0.52,0.09
000778,新兴铸管,3.78,3.78,3.79,3.81,3.81,3.82,3.76,54895909.0,207723526.0,-0.787,-0.03
000779,甘咨询,9.65,9.65,9.66,10.11,10.11,10.14,9.63,58854516.0,572401600.0,-4.55,-0.46
000782,恒申新材,8.03,8.02,8.03,7.88,7.88,8.09,7.83,20890901.0,166611987.0,1.904,0.15
000783,长江证券,9.05,9.04,9.05,9.08,9.03,9.08,8.96,69492599.0,626487405.0,-0.33,-0.03
000785,居然智家,2.36,2.36,2.37,2.39,2.38,2.39,2.33,50776262.0,119853654.0,-1.255,-0.03
000786,北新建材,16.37,16.37,16.38,16.48,16.48,16.49,16.31,13247300.0,216639849.0,-0.667,-0.11
000788,北大医药,5.63,5.63,5.64,5.69,5.63,5.68,5.57,12936301.0,72582376.0,-1.054,-0.06
000789,万年青,4.27,4.27,4.28,4.38,4.38,4.38,4.25,25628926.0,109855294.0,-2.511,-0.11
000790,华神科技,4.2,4.19,4.2,4.23,4.23,4.25,4.17,11245769.0,47258047.0,-0.709,-0.03
000791,甘肃能源,7.36,7.36,7.37,7.26,7.27,7.39,7.23,20399225.0,149585377.0,1.377,0.1
000792,盐湖股份,26.72,26.72,26.73,26.83,26.6,26.83,26.45,44554099.0,1185965276.0,-0.41,-0.11
000793,ST华闻,2.19,2.18,2.19,2.13,2.14,2.24,2.12,28831000.0,63200209.0,2.817,0.06
000795,英洛华,8.36,8.36,8.37,8.43,8.43,8.43,8.32,9727260.0,81437574.0,-0.83,-0.07
000796,凯撒旅业,4.49,4.49,4.5,4.55,4.54,4.54,4.37,62887310.0,280112911.0,-1.319,-0.06
000797,中国武夷,2.64,2.64,2.65,2.69,2.68,2.68,2.62,29352862.0,77620921.0,-1.859,-0.05
000798,中水渔业,12.67,12.67,0.0,11.52,11.61,12.67,11.51,94469159.0,1150095141.0,9.983,1.15
000799,酒鬼酒,39.13,39.13,39.14,39.52,39.42,39.55,38.9,4280455.0,167610932.0,-0.987,-0.39
000800,一汽解放,6.08,6.07,6.08,6.05,6.05,6.09,6.03,9653499.0,58540076.0,0.496,0.03
000801,四川九洲,12.53,12.53,12.54,12.65,12.63,12.76,12.52,8518300.0,107490193.0,-0.949,-0.12
000802,北京文化,4.25,4.24,4.25,4.32,4.3,4.32,4.13,69798900.0,293158303.0,-1.62,-0.07
000803,山高环能,7.89,7.89,7.9,7.73,7.67,7.96,7.66,13687448.0,107581319.0,2.07,0.16
000807,云铝股份,29.03,29.02,29.03,27.49,27.84,29.1,27.59,128220819.0,3645082710.0,5.602,1.54
000809,和展能源,3.47,3.47,3.48,3.47,3.47,3.49,3.42,10529900.0,36386470.0,0.0,0.0
000810,创维数字,9.48,9.47,9.48,9.71,9.99,10.06,9.43,22792202.0,219201122.0,-2.369,-0.23
000811,冰轮环境,37.94,37.94,37.95,36.81,37.5,39.09,36.85,40688211.0,1549368590.0,3.07,1.13
000812,陕西金叶,3.95,3.94,3.95,3.87,3.86,3.95,3.8,29288420.0,113738620.0,2.067,0.08
000813,德展健康,3.48,3.47,3.48,3.57,3.48,3.53,3.44,81539070.0,283334405.0,-2.521,-0.09
000815,美利云,16.28,16.28,16.29,16.14,16.31,17.1,16.01,52318587.0,854598750.0,0.867,0.14
000816,智慧农业,3.19,3.18,3.19,3.21,3.15,3.22,3.13,103957258.0,329609643.0,-0.623,-0.02
000818,航锦科技,12.24,12.23,12.24,12.26,12.29,12.31,12.03,9579166.0,116551922.0,-0.163,-0.02
000819,岳阳兴长,12.51,12.51,12.52,12.48,12.43,12.56,12.38,3602555.0,44974398.0,0.24,0.03
000820,神雾节能,3.66,3.65,3.66,3.66,3.63,3.68,3.63,7509500.0,27410441.0,0.0,0.0
000821,ST京机,8.04,8.04,8.05,7.7,7.72,8.17,7.69,20354202.0,162868784.0,4.416,0.34
000822,山东海化,4.66,4.66,4.67,4.68,4.65,4.73,4.62,20607915.0,96215509.0,-0.427,-0.02
000823,超声电子,17.0,16.99,17.0,16.53,17.05,17.29,16.57,120069699.0,2033839159.0,2.843,0.47
000825,太钢不锈,3.59,3.59,3.6,3.58,3.56,3.61,3.53,28626512.0,102460836.0,0.279,0.01
000826,*ST启环,1.85,1.85,1.86,1.88,1.87,1.87,1.85,6275100.0,11647498.0,-1.596,-0.03
000828,东莞控股,10.12,10.12,10.13,10.13,10.12,10.29,10.07,5957401.0,60779497.0,-0.099,-0.01
000829,天音控股,9.25,9.25,9.26,9.23,9.2,9.28,9.14,11590410.0,106822623.0,0.217,0.02
000830,鲁西化工,12.83,12.82,12.83,12.91,12.9,13.03,12.68,26063378.0,334675865.0,-0.62,-0.08
000831,中国稀土,54.36,54.36,54.37,54.96,54.77,55.52,54.05,22537397.0,1233325118.0,-1.092,-0.6
000833,粤桂股份,23.22,23.21,23.22,22.83,22.83,24.55,22.27,101946613.0,2369811032.0,1.708,0.39
000837,秦川机床,9.79,9.79,9.8,9.91,9.92,9.94,9.71,12304541.0,120480989.0,-1.211,-0.12
000838,*ST发展,2.38,2.38,2.39,2.56,2.5,2.56,2.35,58328604.0,142962846.0,-7.031,-0.18
000839,国安股份,2.9,2.89,2.9,2.89,2.87,2.9,2.81,81510773.0,232434956.0,0.346,0.01
000848,承德露露,8.25,8.25,8.26,8.37,8.37,8.37,8.22,11607200.0,96078157.0,-1.434,-0.12
000850,华茂股份,4.25,4.24,4.25,4.31,4.29,4.32,4.22,9007650.0,38393732.0,-1.392,-0.06
000852,石化机械,6.03,6.03,6.04,6.03,6.01,6.07,5.84,59621361.0,355579063.0,0.0,0.0
000856,冀东装备,9.1,9.1,9.12,9.23,9.19,9.3,9.03,6366291.0,58263058.0,-1.408,-0.13
000858,五 粮 液,71.16,71.15,71.16,71.65,71.64,71.64,70.95,17867684.0,1270641223.0,-0.684,-0.49
000859,国风新材,8.67,8.67,8.68,8.92,8.89,9.09,8.61,32379141.0,284570932.0,-2.803,-0.25
000860,顺鑫农业,11.12,11.12,11.13,11.24,11.24,11.32,11.06,12854819.0,143516505.0,-1.068,-0.12
000862,银星能源,5.45,5.44,5.45,5.46,5.44,5.45,5.35,14140660.0,76466225.0,-0.183,-0.01
000863,三湘印象,4.43,4.42,4.43,4.34,4.31,4.45,4.16,34522340.0,149240922.0,2.074,0.09
000868,安凯客车,3.69,3.68,3.69,3.66,3.66,3.7,3.63,11120690.0,40789002.0,0.82,0.03
000869,张 裕Ａ,16.9,16.87,16.9,16.68,16.7,17.23,16.51,3553494.0,60254975.0,1.319,0.22
000875,电投绿能,5.01,5.01,5.02,4.92,4.92,5.07,4.9,42433527.0,212103581.0,1.829,0.09
000876,新 希 望,7.91,7.9,7.91,7.82,7.77,8.02,7.71,108587572.0,855480758.0,1.151,0.09
000877,天山股份,3.81,3.81,3.82,3.84,3.86,3.86,3.78,13040192.0,49784976.0,-0.781,-0.03
000878,云南铜业,18.63,18.62,18.63,18.32,18.59,19.19,18.31,102696895.0,1916852286.0,1.692,0.31
000880,潍柴重机,26.46,26.46,26.47,25.22,25.43,26.68,25.3,23610041.0,619565237.0,4.917,1.24
000881,中广核技,6.79,6.79,6.8,6.83,6.8,6.84,6.77,5949700.0,40449241.0,-0.586,-0.04
000882,华联股份,1.58,1.58,1.59,1.62,1.61,1.61,1.56,61013163.0,96745927.0,-2.469,-0.04
000883,湖北能源,4.59,4.59,4.6,4.53,4.52,4.6,4.5,36273837.0,165127665.0,1.325,0.06
000885,城发环境,12.22,12.22,12.24,12.23,12.24,12.24,12.17,2090500.0,25522081.0,-0.082,-0.01
000886,海南高速,4.91,4.91,4.92,4.89,4.89,4.95,4.83,15900900.0,77802941.0,0.409,0.02
000887,中鼎股份,20.52,20.52,20.53,20.87,20.86,21.05,20.45,25242055.0,522351308.0,-1.677,-0.35
000888,峨眉山Ａ,10.61,10.6,10.61,10.7,10.63,10.63,10.36,16111687.0,169284945.0,-0.841,-0.09
000889,中嘉博创,3.98,3.97,3.98,4.01,3.98,4.16,3.96,28819316.0,115700508.0,-0.748,-0.03
000890,法尔胜,8.94,8.94,8.95,9.16,9.37,9.4,8.9,82203391.0,749551699.0,-2.402,-0.22
000892,欢瑞世纪,5.06,5.06,5.07,5.58,5.3,5.4,5.02,187163256.0,954968313.0,-9.319,-0.52
000893,亚钾国际,43.23,43.23,43.25,46.0,45.4,45.9,42.31,29884958.0,1302421086.0,-6.022,-2.77
000895,双汇发展,23.89,23.89,23.9,23.94,23.95,23.97,23.73,9059966.0,216029786.0,-0.209,-0.05
000897,津滨发展,1.93,1.93,1.94,1.94,1.94,1.95,1.91,28764842.0,55468796.0,-0.515,-0.01
000898,鞍钢股份,2.1,2.1,2.11,2.1,2.1,2.12,2.06,46911372.0,98139851.0,0.0,0.0
000899,赣能股份,9.62,9.62,9.63,9.46,9.45,9.68,9.4,11908345.0,114080381.0,1.691,0.16
000900,现代投资,3.72,3.72,3.73,3.71,3.69,3.73,3.67,10538334.0,39093940.0,0.27,0.01
000901,航天科技,14.41,14.41,14.42,14.34,14.31,14.55,14.24,13969811.0,201375574.0,0.488,0.07
000902,新洋丰,14.82,14.82,14.83,14.88,14.88,14.91,14.64,11772524.0,174147113.0,-0.403,-0.06
000903,ST云动,2.13,2.13,2.14,2.07,2.07,2.17,2.07,46513820.0,99066376.0,2.899,0.06
000905,厦门港务,9.43,9.43,9.44,9.19,9.18,9.5,9.03,23001397.0,214489581.0,2.612,0.24
000906,浙商中拓,6.32,6.32,6.33,6.34,6.3,6.34,6.24,11434331.0,71977593.0,-0.315,-0.02
000908,石药景峰,6.23,6.22,6.23,6.34,6.3,6.33,6.22,8305077.0,52005090.0,-1.735,-0.11
000909,*ST数源,5.01,5.01,0.0,4.55,4.57,5.01,4.55,8736762.0,42572898.0,10.11,0.46
000910,大亚圣象,5.45,5.45,5.46,5.49,5.5,5.51,5.43,2828320.0,15446289.0,-0.729,-0.04
000911,*ST广糖,7.19,7.18,7.19,6.66,6.67,7.32,6.67,42736011.0,298988790.0,7.958,0.53
000912,泸天化,5.2,5.2,0.0,4.73,5.2,5.2,5.01,147929894.0,767886021.0,9.937,0.47
000913,钱江摩托,11.12,11.12,11.13,11.2,11.21,11.23,11.1,2009000.0,22405355.0,-0.714,-0.08
000915,华特达因,26.44,26.44,26.48,26.35,26.3,26.94,26.3,8121999.0,216782422.0,0.342,0.09
000917,电广传媒,7.15,7.15,7.16,7.37,7.34,7.35,7.11,25762668.0,184789333.0,-2.985,-0.22
000919,金陵药业,6.7,6.7,6.71,6.79,6.74,6.76,6.63,9888300.0,66194331.0,-1.325,-0.09
000920,沃顿科技,11.65,11.65,11.66,11.42,11.42,11.66,11.36,7309200.0,84626097.0,2.014,0.23
000921,海信家电,27.81,27.81,27.96,27.67,27.6,28.08,27.35,8580090.0,238406144.0,0.506,0.14
000922,佳电股份,11.99,11.98,11.99,11.94,12.03,12.03,11.83,5097944.0,60900768.0,0.419,0.05
000923,河钢资源,18.55,18.54,18.55,17.34,17.68,19.07,17.68,58662077.0,1090406399.0,6.978,1.21
000925,众合科技,8.64,8.64,8.65,8.46,8.43,9.17,8.4,60999189.0,533820434.0,2.128,0.18
000926,福星股份,2.18,2.18,2.19,2.26,2.25,2.25,2.18,34636980.0,76148866.0,-3.54,-0.08
000927,中国铁物,2.55,2.55,2.56,2.54,2.54,2.57,2.52,43471200.0,110760558.0,0.394,0.01
000928,中钢国际,5.74,5.74,5.75,5.96,5.78,5.91,5.73,89812081.0,520344923.0,-3.691,-0.22
000929,兰州黄河,10.07,10.06,10.07,10.26,10.23,10.23,9.98,3845122.0,38852115.0,-1.852,-0.19
000930,中粮科技,6.41,6.41,0.0,5.83,6.31,6.41,6.0,88274204.0,556141698.0,9.949,0.58
000931,中 关 村,4.59,4.59,4.6,4.73,4.67,4.71,4.54,31242186.0,143087920.0,-2.96,-0.14
000932,华菱钢铁,3.68,3.67,3.68,3.65,3.63,3.69,3.61,82912762.0,302987310.0,0.822,0.03
000933,神火股份,28.91,28.91,28.92,27.48,27.49,28.95,27.44,72098901.0,2048421480.0,5.204,1.43
000935,四川双马,22.19,22.18,22.19,21.7,21.68,22.4,21.48,5935080.0,130818270.0,2.258,0.49
000936,华西股份,5.64,5.63,5.64,5.75,5.75,5.76,5.61,17040772.0,96404596.0,-1.913,-0.11
000937,冀中能源,4.8,4.8,4.81,4.82,4.83,4.89,4.75,64876148.0,311556046.0,-0.415,-0.02
000938,紫光股份,33.57,33.57,33.58,33.89,33.92,34.38,33.31,126793416.0,4290572481.0,-0.944,-0.32
000948,南天信息,13.99,13.98,13.99,14.13,14.07,14.18,13.85,5633450.0,78609414.0,-0.991,-0.14
000949,新乡化纤,7.35,7.34,7.35,7.42,7.37,7.43,7.22,44539000.0,325628702.0,-0.943,-0.07
000950,重药控股,5.36,5.36,5.37,5.43,5.43,5.43,5.33,16226700.0,87035604.0,-1.289,-0.07
000951,中国重汽,22.47,22.47,22.48,22.09,22.0,22.61,22.0,9189848.0,205784790.0,1.72,0.38
000952,广济药业,6.69,6.68,6.69,6.85,6.85,6.85,6.66,6103988.0,41137929.0,-2.336,-0.16
000953,中哲精化,6.5,6.5,6.51,6.53,6.46,6.61,6.39,11072840.0,72073728.0,-0.459,-0.03
000955,欣龙控股,4.28,4.27,4.28,4.36,4.36,4.36,4.27,7999932.0,34390629.0,-1.835,-0.08
000957,中通客车,10.53,10.53,10.54,10.36,10.35,10.68,10.34,18680395.0,197016425.0,1.641,0.17
000958,电投产融,5.29,5.29,5.3,5.31,5.29,5.31,5.27,8464700.0,44763596.0,-0.377,-0.02
000959,首钢股份,3.76,3.76,3.77,3.75,3.76,3.78,3.72,18974424.0,71276788.0,0.267,0.01
000960,锡业股份,34.92,34.92,34.93,34.34,34.28,35.28,34.24,29019506.0,1010263249.0,1.689,0.58
000962,东方钽业,52.77,52.77,52.78,53.24,53.63,54.58,52.13,13592373.0,723217027.0,-0.883,-0.47
000963,华东医药,26.98,26.97,26.98,27.3,27.19,27.2,26.88,13870991.0,375003714.0,-1.172,-0.32
000965,天保基建,3.41,3.4,3.41,3.47,3.43,3.47,3.37,32142825.0,109307261.0,-1.729,-0.06
000966,长源电力,4.14,4.14,4.15,4.05,4.06,4.16,4.04,51342967.0,211083038.0,2.222,0.09
000967,盈峰环境,8.04,8.03,8.04,8.06,8.09,8.1,7.97,41444565.0,333019673.0,-0.248,-0.02
000968,蓝焰控股,7.6,7.59,7.6,7.58,7.61,7.79,7.51,35197680.0,267821066.0,0.264,0.02
000969,安泰科技,17.46,17.45,17.46,17.31,17.32,17.57,17.31,15519240.0,271042501.0,0.867,0.15
000970,中科三环,11.79,11.78,11.79,11.83,11.84,11.87,11.71,15909467.0,187388669.0,-0.338,-0.04
000972,中基健康,4.37,4.37,0.0,3.97,3.94,4.37,3.92,46686245.0,202316898.0,10.076,0.4
000973,佛塑科技,12.1,12.1,12.11,12.13,12.15,12.17,12.0,20636632.0,249077461.0,-0.247,-0.03
000975,山金国际,25.98,25.97,25.98,25.8,25.58,26.35,25.41,33350082.0,862658856.0,0.698,0.18
000977,浪潮信息,71.38,71.37,71.38,72.32,72.48,72.8,70.88,70663350.0,5058632842.0,-1.3,-0.94
000978,桂林旅游,8.81,8.81,0.0,8.01,8.24,8.81,7.61,121914955.0,1009111003.0,9.988,0.8
000980,众泰汽车,2.02,2.02,0.0,1.84,1.94,2.02,1.94,173567559.0,347256833.0,9.783,0.18
000981,山子高科,2.71,2.71,2.72,2.76,2.74,2.75,2.7,145972955.0,396255051.0,-1.812,-0.05
000983,山西焦煤,7.08,7.07,7.08,6.89,6.89,7.09,6.79,93705721.0,654472181.0,2.758,0.19
000985,大庆华科,17.83,17.82,17.83,17.9,17.88,17.93,17.51,3047067.0,53889146.0,-0.391,-0.07
000987,越秀资本,7.57,7.57,7.58,7.57,7.57,7.61,7.53,18653557.0,141171049.0,0.0,0.0
000988,华工科技,108.79,108.79,108.8,100.53,108.57,110.58,108.1,101230737.0,11116402001.0,8.216,8.26
000989,九芝堂,9.0,8.99,9.0,9.12,9.05,9.08,8.92,13644238.0,122689690.0,-1.316,-0.12
000990,诚志股份,6.76,6.76,6.77,6.76,6.75,6.82,6.68,35148580.0,237335815.0,0.0,0.0
000993,闽东电力,11.47,11.47,0.0,10.43,10.41,11.47,10.35,29102806.0,327480755.0,9.971,1.04
000995,皇台酒业,11.68,11.68,11.7,11.74,11.55,11.88,11.55,6952565.0,81398724.0,-0.511,-0.06
000997,新 大 陆,20.38,20.37,20.38,20.84,20.81,20.85,20.25,18642869.0,380896449.0,-2.207,-0.46
000998,隆平高科,10.02,10.01,10.02,10.15,9.9,10.25,9.82,90271254.0,902956144.0,-1.281,-0.13
000999,华润三九,24.7,24.69,24.7,24.84,24.69,24.86,24.56,5068719.0,125118747.0,-0.564,-0.14
001201,东瑞股份,13.88,13.87,13.88,13.48,13.81,14.73,13.71,16510094.0,231562738.0,2.967,0.4
001202,炬申股份,14.7,14.7,14.74,14.76,14.75,14.8,14.52,1820299.0,26668603.0,-0.407,-0.06
001203,大中矿业,25.63,25.62,25.63,25.5,25.41,25.86,25.12,13679695.0,348512371.0,0.51,0.13
001205,盛航股份,15.27,15.27,15.28,14.67,14.66,15.3,14.58,8398226.0,126856235.0,4.09,0.6
001206,依依股份,16.81,16.81,16.82,17.09,17.0,17.01,16.71,2984858.0,50245906.0,-1.638,-0.28
001207,联科科技,17.58,17.57,17.58,17.55,17.48,17.63,17.43,2050160.0,35954627.0,0.171,0.03
001208,华菱线缆,14.56,14.55,14.56,14.43,14.35,14.65,14.31,10911000.0,158447670.0,0.901,0.13
001209,洪兴股份,19.15,19.15,19.16,18.86,18.89,19.18,18.65,2148700.0,40536724.0,1.538,0.29
001210,金房能源,28.3,28.3,28.37,30.45,29.93,31.23,28.24,13184382.0,382252685.0,-7.061,-2.15
001211,双枪科技,24.66,24.55,24.66,24.73,24.88,25.1,24.36,2830657.0,69818837.0,-0.283,-0.07
001212,中旗新材,33.0,32.98,33.0,33.08,33.08,33.55,32.82,2070100.0,68720351.0,-0.242,-0.08
001213,中铁特货,3.58,3.57,3.58,3.57,3.56,3.59,3.55,6194334.0,22128569.0,0.28,0.01
001215,千味央厨,30.48,30.48,30.5,30.93,30.93,30.93,30.02,1703025.0,51740247.0,-1.455,-0.45
001216,华瓷股份,14.84,14.83,14.84,15.14,15.08,15.18,14.81,1717500.0,25676319.0,-1.982,-0.3
001217,华尔泰,10.64,10.64,10.65,10.7,10.7,10.77,10.61,3157900.0,33743108.0,-0.561,-0.06
001218,丽臣实业,23.83,23.83,23.85,24.16,24.1,24.28,23.82,961940.0,23029261.0,-1.366,-0.33
001219,青岛食品,13.22,13.22,13.23,13.22,13.1,13.33,13.1,2708205.0,35758146.0,0.0,0.0
001220,世盟股份,32.1,32.1,32.11,32.02,32.09,32.65,31.81,960653.0,30979085.0,0.25,0.08
001221,悍高集团,38.19,38.18,38.19,39.3,39.0,39.27,37.8,3281753.0,125612127.0,-2.824,-1.11
001222,源飞宠物,16.37,16.36,16.37,16.65,16.64,16.67,16.23,6865397.0,112427272.0,-1.682,-0.28
001223,欧克科技,42.06,42.05,42.06,40.11,40.17,43.1,39.9,2994982.0,124950718.0,4.862,1.95
001225,和泰机电,46.99,46.91,46.99,47.53,47.12,47.88,45.79,1061800.0,49342641.0,-1.136,-0.54
001226,拓山重工,46.71,46.71,46.72,46.83,46.6,47.39,46.43,504100.0,23613573.0,-0.256,-0.12
001227,兰州银行,2.17,2.17,2.18,2.18,2.18,2.19,2.16,64366739.0,139820435.0,-0.459,-0.01
001228,永泰运,30.95,30.95,30.98,31.08,31.1,31.3,30.8,1521600.0,47195487.0,-0.418,-0.13
001229,魅视科技,40.41,40.41,40.42,40.11,40.2,41.86,40.07,5826387.0,237822347.0,0.748,0.3
001230,劲旅环境,19.46,19.43,19.46,20.0,19.99,20.19,19.36,3915440.0,76836214.0,-2.7,-0.54
001231,农心科技,21.68,21.68,21.72,23.08,23.85,23.85,21.6,6129600.0,137648237.0,-6.066,-1.4
001232,嘉立创,162.4,162.4,162.41,162.08,164.08,167.56,162.0,3247800.0,535231191.0,0.197,0.32
001233,海安集团,43.88,43.88,43.89,44.01,43.77,44.18,43.52,717779.0,31402314.0,-0.295,-0.13
001234,泰慕士,23.49,23.49,23.54,23.49,23.6,23.66,23.31,1186558.0,27855859.0,0.0,0.0
001236,弘业期货,8.19,8.19,8.2,8.23,8.2,8.24,8.11,10563007.0,86237359.0,-0.486,-0.04
001237,惠康科技,50.65,50.65,50.66,50.82,50.64,50.91,50.33,874705.0,44277031.0,-0.335,-0.17
001238,浙江正特,24.74,24.73,24.74,25.22,25.17,25.3,24.65,466960.0,11614051.0,-1.903,-0.48
001239,永达股份,12.4,12.4,12.41,12.34,12.33,12.49,12.29,1350046.0,16737794.0,0.486,0.06
001248,华润新能,12.03,12.03,12.04,12.07,12.05,12.08,11.99,32544681.0,391298667.0,-0.331,-0.04
001255,博菲电气,27.68,27.68,27.7,27.54,27.55,27.79,27.45,969185.0,26795838.0,0.508,0.14
001256,炜冈科技,22.25,22.23,22.25,22.23,22.3,22.38,22.05,1744500.0,38758757.0,0.09,0.02
001257,盛龙股份,24.5,24.49,24.5,24.43,24.54,24.64,24.12,7149041.0,174141831.0,0.287,0.07
001258,立新能源,12.1,12.1,12.11,12.11,12.03,12.32,11.89,82460064.0,997637076.0,-0.083,-0.01
001259,利仁科技,45.45,45.45,45.47,46.41,46.27,46.4,45.3,633733.0,29025689.0,-2.069,-0.96
001260,坤泰股份,18.65,18.63,18.65,18.83,18.87,18.87,18.45,1208713.0,22543006.0,-0.956,-0.18
001266,宏英智能,33.22,33.21,33.22,33.05,33.07,33.9,32.93,1914123.0,63948811.0,0.514,0.17
001267,汇绿生态,37.03,37.02,37.03,37.51,38.46,39.0,36.85,31809411.0,1206181584.0,-1.28,-0.48
001268,联合精密,25.25,25.25,25.28,25.65,25.51,26.16,25.09,3431864.0,87469310.0,-1.559,-0.4
001269,欧晶科技,19.92,19.91,19.92,19.87,19.94,20.46,19.67,2537500.0,50643962.0,0.252,0.05
001270,铖昌科技,97.02,97.02,97.03,97.35,97.35,99.2,96.33,4521799.0,441344787.0,-0.339,-0.33
001277,速达股份,31.1,31.09,31.1,31.09,31.03,31.38,30.78,2096478.0,65152375.0,0.032,0.01
001278,一彬科技,16.41,16.4,16.41,16.35,16.22,16.42,15.96,6334123.0,102731598.0,0.367,0.06
001279,强邦新材,25.73,25.72,25.73,26.05,26.02,26.12,25.62,878936.0,22701290.0,-1.228,-0.32
001280,中国铀业,69.6,69.59,69.6,65.7,66.0,70.77,65.08,13528671.0,926748797.0,5.936,3.9
001282,三联锻造,16.5,16.49,16.5,16.35,16.28,16.72,16.18,3283128.0,53749198.0,0.917,0.15
001283,豪鹏科技,51.05,51.05,51.06,50.96,50.88,51.12,49.61,3990235.0,200605518.0,0.177,0.09
001285,瑞立科密,43.16,43.15,43.16,43.76,43.7,43.72,43.11,932915.0,40425285.0,-1.371,-0.6
001286,陕西能源,9.68,9.67,9.68,9.53,9.53,9.69,9.44,26421399.0,253602843.0,1.574,0.15
001287,中电港,22.48,22.48,22.49,22.36,22.4,22.74,22.38,11568102.0,261168162.0,0.537,0.12
001288,运机集团,29.97,29.97,29.98,30.09,29.89,30.09,29.4,3216967.0,95652975.0,-0.399,-0.12
001289,龙源电力,15.29,15.28,15.29,15.17,15.17,15.29,15.14,3828008.0,58297769.0,0.791,0.12
001296,长江材料,20.64,20.64,20.67,21.38,20.96,21.2,20.43,7310972.0,151096006.0,-3.461,-0.74
001298,好上好,17.82,17.82,17.83,17.86,17.98,18.03,17.7,7423786.0,132551581.0,-0.224,-0.04
001299,美能能源,10.75,10.75,10.76,11.14,10.92,10.97,10.6,16289135.0,174980978.0,-3.501,-0.39
001300,三柏硕,12.58,12.57,12.58,12.52,12.54,12.74,12.37,3520000.0,44026807.0,0.479,0.06
001301,尚太科技,54.93,54.92,54.93,53.02,53.02,55.26,52.47,6250839.0,338391586.0,3.602,1.91
001306,夏厦精密,54.47,54.31,54.47,55.09,55.09,55.94,54.23,424900.0,23260989.0,-1.125,-0.62
001308,康冠科技,17.66,17.66,17.68,17.95,17.83,18.01,17.63,1328809.0,23613634.0,-1.616,-0.29
001309,德明利,409.66,409.65,409.66,416.82,421.04,425.0,407.22,9511740.0,3950791750.0,-1.718,-7.16
001311,多利科技,17.48,17.47,17.48,17.98,18.01,18.05,17.45,4108220.0,72562177.0,-2.781,-0.5
001312,福恩股份,17.55,17.51,17.55,17.65,17.55,17.64,17.42,1268400.0,22204826.0,-0.567,-0.1
001313,粤海饲料,8.32,8.32,8.33,8.19,8.19,8.45,8.18,25861430.0,214835320.0,1.587,0.13
001314,亿道信息,49.98,49.98,49.99,50.1,49.98,50.83,49.81,2474902.0,124554900.0,-0.24,-0.12
001316,润贝航科,31.01,31.01,31.02,29.57,29.6,32.53,29.2,10788016.0,329386375.0,4.87,1.44
001317,三羊马,51.96,51.95,51.96,52.74,52.52,54.2,51.3,3801129.0,199556540.0,-1.479,-0.78
001318,阳光乳业,12.16,12.15,12.16,12.28,12.42,12.42,12.06,4083700.0,49657539.0,-0.977,-0.12
001319,铭科精技,20.58,20.58,20.6,20.64,20.47,20.71,20.4,1378000.0,28304617.0,-0.291,-0.06
001322,箭牌家居,6.53,6.53,6.54,6.61,6.55,6.63,6.5,2922800.0,19194208.0,-1.21,-0.08
001323,慕思股份,17.91,17.91,17.93,18.25,18.18,18.26,17.65,2540689.0,45348099.0,-1.863,-0.34
001324,长青科技,21.27,21.25,21.27,20.84,20.84,21.58,20.61,5479634.0,116412439.0,2.063,0.43
001325,元创股份,39.5,39.5,39.55,39.8,39.84,39.84,39.21,537400.0,21167339.0,-0.754,-0.3
001326,联域股份,74.31,74.31,74.32,70.82,70.11,75.88,70.11,2176994.0,161306654.0,4.928,3.49
001328,登康口腔,30.81,30.78,30.81,30.51,30.51,30.9,30.15,1615871.0,49520490.0,0.983,0.3
001330,博纳影业,5.86,5.86,5.87,6.12,6.0,6.05,5.78,147313700.0,864069312.0,-4.248,-0.26
001331,胜通能源,43.13,43.12,43.16,43.53,43.97,44.53,42.33,4198961.0,181433469.0,-0.919,-0.4
001332,锡装股份,26.75,26.74,26.79,26.89,26.85,26.97,26.5,1294660.0,34612239.0,-0.521,-0.14
001333,光华股份,19.95,19.94,19.95,20.18,20.25,20.25,19.85,1147400.0,22968267.0,-1.14,-0.23
001335,信凯科技,32.07,32.07,32.09,32.56,32.56,32.78,31.96,531027.0,17152783.0,-1.505,-0.49
001336,楚环科技,18.77,18.71,18.77,18.68,18.68,18.85,18.56,1707586.0,31966948.0,0.482,0.09
001337,四川黄金,51.16,51.16,51.17,50.4,49.99,51.91,49.3,14922538.0,753387893.0,1.508,0.76
001338,永顺泰,9.91,9.91,9.92,9.86,9.8,10.2,9.68,23716421.0,237136413.0,0.507,0.05
001339,智微智能,75.26,75.25,75.26,75.3,75.6,77.43,74.71,4383300.0,332906444.0,-0.053,-0.04
001356,富岭股份,9.26,9.26,9.27,9.61,9.57,9.59,9.23,6423800.0,60084390.0,-3.642,-0.35
001358,兴欣新材,23.92,23.92,23.93,24.79,24.79,24.8,23.88,1917100.0,46350064.0,-3.509,-0.87
001359,平安电工,82.65,82.65,82.69,82.28,82.28,84.99,82.04,2067170.0,172639193.0,0.45,0.37
001360,南矿集团,20.0,20.0,20.01,20.15,20.1,20.51,19.68,7079941.0,142440176.0,-0.744,-0.15
001365,天海电子,33.9,33.89,33.92,34.16,34.13,34.25,33.66,2026016.0,68755305.0,-0.761,-0.26
001366,播恩集团,14.74,0.0,14.74,16.38,14.74,15.38,14.74,26697578.0,397581748.0,-10.012,-1.64
001367,海森药业,20.34,20.34,20.37,20.61,20.66,20.66,20.28,1117000.0,22794636.0,-1.31,-0.27
001368,通达创智,27.23,27.23,27.24,25.54,25.4,27.32,25.2,8077093.0,212386070.0,6.617,1.69
001369,双欣材料,12.35,12.35,12.36,12.57,12.53,12.56,12.32,5783227.0,71638054.0,-1.75,-0.22
001373,翔腾新材,29.01,29.0,29.01,29.28,29.1,29.49,28.92,998300.0,29149223.0,-0.922,-0.27
001376,百通能源,11.92,11.92,11.93,11.96,11.88,12.04,11.71,14064010.0,166566707.0,-0.334,-0.04
001378,德冠新材,19.82,19.81,19.82,20.07,20.11,20.22,19.71,1807600.0,36047185.0,-1.246,-0.25
001379,腾达科技,16.36,16.34,16.36,16.3,16.28,16.45,16.15,1415800.0,23087863.0,0.368,0.06
001380,华纬科技,18.34,18.33,18.34,18.03,18.04,18.39,17.99,2213519.0,40485036.0,1.719,0.31
001382,新亚电缆,16.96,16.96,16.97,16.94,16.9,17.07,16.79,2187319.0,37086434.0,0.118,0.02
001386,马可波罗,15.97,15.96,15.97,16.43,16.51,16.52,15.95,3326800.0,53677882.0,-2.8,-0.46
001387,雪祺电气,12.2,12.17,12.2,12.21,12.08,12.27,12.08,2205160.0,26873008.0,-0.082,-0.01
001388,信通电子,21.82,21.81,21.82,21.29,21.56,22.0,21.15,5890535.0,127570721.0,2.489,0.53
001389,广合科技,173.92,173.92,174.0,169.19,172.1,175.98,170.03,6090005.0,1055371839.0,2.796,4.73
001390,古麒绒材,16.94,16.93,16.94,17.14,17.28,17.28,16.85,1771756.0,30105274.0,-1.167,-0.2
001391,国货航,4.15,4.14,4.15,4.17,4.16,4.17,4.13,11639775.0,48273300.0,-0.48,-0.02
001393,维通利,41.35,41.35,41.36,42.15,42.0,42.95,41.2,2141358.0,89533817.0,-1.898,-0.8
001395,亚联机械,30.14,30.14,30.15,30.58,30.52,30.52,30.07,921941.0,27875668.0,-1.439,-0.44
001396,誉帆科技,32.28,32.28,32.3,32.82,32.6,32.82,32.28,594488.0,19308550.0,-1.645,-0.54
001399,惠科股份,20.86,20.85,20.86,21.34,21.35,21.4,20.56,27635835.0,577387519.0,-2.249,-0.48
001400,江顺科技,77.83,77.81,77.85,79.67,80.01,80.52,77.48,1731443.0,135978919.0,-2.31,-1.84
001696,宗申动力,16.13,16.12,16.13,16.7,16.54,16.72,16.1,49503988.0,811260280.0,-3.413,-0.57
001872,招商港口,23.43,23.42,23.43,23.25,23.3,23.66,23.1,2749700.0,64275694.0,0.774,0.18
001896,豫能控股,11.76,11.76,11.77,11.76,11.77,11.89,11.64,38241179.0,449960501.0,0.0,0.0
001914,招商积余,9.1,9.1,9.11,9.21,9.17,9.21,9.02,6132710.0,55935888.0,-1.194,-0.11
001965,招商公路,9.56,9.56,9.57,9.62,9.6,9.71,9.48,15804517.0,151441778.0,-0.624,-0.06
001979,招商蛇口,6.82,6.82,6.83,6.95,6.94,6.94,6.77,57082478.0,389468681.0,-1.871,-0.13
002001,新 和 成,26.98,26.98,26.99,26.65,26.61,27.05,26.56,18257935.0,491231299.0,1.238,0.33
002003,伟星股份,11.56,11.56,11.59,11.68,11.57,11.74,11.49,14104633.0,163628424.0,-1.027,-0.12
002004,华邦健康,4.59,4.59,4.6,4.57,4.56,4.65,4.51,25208680.0,115793497.0,0.438,0.02
002005,德豪润达,2.39,2.38,2.39,2.41,2.4,2.42,2.38,10383902.0,24855824.0,-0.83,-0.02
002006,精工科技,13.93,13.93,13.94,14.03,14.05,14.13,13.83,7278700.0,101598477.0,-0.713,-0.1
002007,华兰生物,13.33,13.33,13.34,13.34,13.28,13.47,13.27,14249432.0,190488497.0,-0.075,-0.01
002008,大族激光,94.85,94.84,94.85,95.72,95.01,97.7,93.8,53378690.0,5111620691.0,-0.909,-0.87
002009,天奇股份,16.11,16.11,16.12,16.24,16.21,16.3,16.03,6020700.0,97187344.0,-0.8,-0.13
002010,传化智联,4.74,4.74,4.75,4.77,4.76,4.77,4.71,14527400.0,68807758.0,-0.629,-0.03
002011,盾安环境,12.45,12.45,12.46,11.95,11.8,12.5,11.29,103320503.0,1230766149.0,4.184,0.5
002012,凯恩股份,7.36,7.36,7.37,7.41,7.38,7.45,7.32,7647700.0,56440013.0,-0.675,-0.05
002014,永新股份,11.41,11.39,11.41,11.34,11.31,11.46,11.23,3289800.0,37318036.0,0.617,0.07
002015,协鑫能科,16.43,16.43,16.44,16.92,16.83,16.84,16.34,91047920.0,1501164215.0,-2.896,-0.49
002016,世荣兆业,4.76,4.75,4.76,4.84,4.84,4.87,4.73,8751401.0,41725220.0,-1.653,-0.08
002017,东信和平,16.44,16.43,16.44,17.12,17.14,17.26,16.4,51861782.0,859211626.0,-3.972,-0.68
002019,亿帆医药,9.72,9.72,9.73,9.83,9.85,9.86,9.68,6254000.0,60986545.0,-1.119,-0.11
002020,京新药业,11.86,11.86,11.87,11.98,11.91,11.97,11.78,12315362.0,146063153.0,-1.002,-0.12
002021,中捷资源,2.74,2.74,2.75,2.79,2.8,2.8,2.72,23919093.0,65781243.0,-1.792,-0.05
002022,科华生物,5.85,5.85,5.88,5.9,5.85,5.9,5.82,4690548.0,27499796.0,-0.847,-0.05
002023,海特高新,9.7,9.7,9.71,9.74,9.72,9.89,9.67,10062000.0,98319371.0,-0.411,-0.04
002024,ST易购,1.19,1.19,1.2,1.19,1.2,1.21,1.18,22772020.0,27176938.0,0.0,0.0
002025,航天电器,64.2,64.2,64.22,65.57,65.88,66.94,63.69,10910202.0,709756324.0,-2.089,-1.37
002026,山东威达,11.86,11.86,11.87,12.25,12.16,12.22,11.66,10629770.0,126435256.0,-3.184,-0.39
002027,分众传媒,4.88,4.88,4.89,4.93,4.91,4.93,4.86,96955261.0,473362979.0,-1.014,-0.05
002028,思源电气,138.58,138.58,138.59,139.45,139.8,140.38,136.98,10969443.0,1521132081.0,-0.624,-0.87
002029,七 匹 狼,8.83,8.83,8.84,9.1,9.07,9.15,8.78,16351627.0,146461549.0,-2.967,-0.27
002030,达安基因,5.5,5.49,5.5,5.62,5.61,5.61,5.47,16193815.0,89255177.0,-2.135,-0.12
002031,巨轮智能,5.29,5.29,5.3,5.51,5.45,5.46,5.26,112301599.0,599398867.0,-3.993,-0.22
002032,苏 泊 尔,39.11,39.11,39.12,39.42,39.46,39.46,38.88,2149613.0,84054512.0,-0.786,-0.31
002033,丽江股份,9.3,9.29,9.3,9.44,9.4,9.4,9.14,28771882.0,266262318.0,-1.483,-0.14
002034,旺能环境,14.53,14.53,14.54,14.71,14.65,14.68,14.5,6135712.0,89436074.0,-1.224,-0.18
002035,华帝股份,4.7,4.7,4.71,4.67,4.67,4.71,4.62,11262636.0,52607982.0,0.642,0.03
002036,联创电子,6.49,6.49,6.5,6.77,6.75,6.78,6.48,36570474.0,240720103.0,-4.136,-0.28
002037,保利联合,7.17,7.17,7.18,7.19,7.13,7.21,7.1,3569000.0,25534664.0,-0.278,-0.02
002038,双鹭药业,5.9,5.9,5.91,6.07,6.03,6.03,5.88,24103471.0,143015397.0,-2.801,-0.17
002039,黔源电力,19.46,19.45,19.46,19.19,19.19,19.49,19.09,4520180.0,87401805.0,1.407,0.27
002040,南 京 港,9.98,9.98,0.0,9.07,9.0,9.98,8.93,35368355.0,344393198.0,10.033,0.91
002041,登海种业,11.66,11.66,11.67,12.02,11.41,12.12,11.41,74344691.0,870132951.0,-2.995,-0.36
002042,华孚时尚,4.06,4.06,4.07,4.07,4.04,4.11,4.01,26632305.0,107838299.0,-0.246,-0.01
002043,兔 宝 宝,11.58,11.58,11.59,11.65,11.57,11.66,11.38,8476750.0,97780340.0,-0.601,-0.07
002044,美年健康,4.68,4.68,4.69,4.72,4.69,4.74,4.66,45987491.0,215821737.0,-0.847,-0.04
002045,国光电器,9.14,9.14,9.15,9.46,9.41,9.45,9.1,20275000.0,186145333.0,-3.383,-0.32
002046,国机精工,59.44,59.44,0.0,54.04,54.22,59.44,54.22,21472037.0,1252215676.0,9.993,5.4
002047,宝鹰股份,3.47,3.46,3.47,3.55,3.55,3.57,3.45,32418300.0,113176918.0,-2.254,-0.08
002048,宁波华翔,18.71,18.71,18.72,19.06,19.0,19.2,18.66,10474586.0,197738335.0,-1.836,-0.35
002049,紫光国微,61.21,61.2,61.21,61.43,61.54,61.75,60.9,8887833.0,545092719.0,-0.358,-0.22
002050,三花智控,36.19,36.19,36.2,36.22,36.3,36.5,36.1,24026618.0,870939167.0,-0.083,-0.03
002051,中工国际,8.75,8.74,8.75,8.68,8.61,8.77,8.61,17131171.0,149148481.0,0.806,0.07
002052,同洲电子,8.76,8.76,8.77,8.88,8.88,8.98,8.75,8661201.0,76442667.0,-1.351,-0.12
002053,云南能投,9.95,9.94,9.95,9.94,9.93,10.02,9.77,10520077.0,104282128.0,0.101,0.01
002054,德美化工,7.33,7.33,7.34,7.37,7.35,7.38,7.28,6196400.0,45416916.0,-0.543,-0.04
002055,ST得润,6.41,6.41,6.42,6.32,6.29,6.54,6.28,12548902.0,80764050.0,1.424,0.09
002056,横店东磁,19.94,19.93,19.94,20.11,20.1,20.14,19.76,16805315.0,335100801.0,-0.845,-0.17
002057,中钢天源,8.95,8.94,8.95,8.98,8.95,9.03,8.89,13430949.0,120176353.0,-0.334,-0.03
002058,紫竹高科,16.11,16.11,16.12,16.32,16.28,16.38,16.01,1744100.0,28233336.0,-1.287,-0.21
002059,云南旅游,6.01,6.01,6.02,6.28,6.18,6.47,5.77,162275034.0,984848962.0,-4.299,-0.27
002060,广东建工,3.23,3.23,3.24,3.24,3.23,3.25,3.2,12110471.0,39097513.0,-0.309,-0.01
002061,浙江交科,3.44,3.44,3.45,3.51,3.51,3.52,3.43,33525111.0,115641819.0,-1.994,-0.07
002062,宏润建设,9.06,9.06,9.07,8.78,8.78,9.1,8.76,24891148.0,224445750.0,3.189,0.28
002063,远光软件,5.44,5.44,5.45,5.52,5.52,5.53,5.43,17297443.0,94380005.0,-1.449,-0.08
002064,华峰化学,10.93,10.93,10.94,10.91,11.0,11.04,10.76,25795376.0,281053660.0,0.183,0.02
002065,东华软件,6.82,6.82,6.83,6.93,6.91,6.93,6.8,26961200.0,184567830.0,-1.587,-0.11
002066,瑞泰科技,20.9,20.89,20.9,21.2,21.38,21.38,20.75,2830800.0,59278153.0,-1.415,-0.3
002067,景兴纸业,4.16,4.15,4.16,4.23,4.2,4.23,4.14,25258700.0,105158385.0,-1.655,-0.07
002068,黑猫股份,10.01,10.01,0.0,9.1,9.65,10.01,9.1,124482470.0,1192876350.0,10.0,0.91
002069,獐子岛,4.02,4.02,4.03,3.95,3.92,4.05,3.91,20760350.0,83150044.0,1.772,0.07
002072,凯瑞德,8.2,8.19,8.2,8.5,8.42,8.43,8.19,16982100.0,140624111.0,-3.529,-0.3
002073,软控股份,5.84,5.84,5.86,5.86,5.87,5.89,5.81,8716700.0,50948832.0,-0.341,-0.02
002074,国轩高科,25.84,25.83,25.84,25.85,25.84,25.89,25.55,12769189.0,328883499.0,-0.039,-0.01
002075,沙钢股份,3.73,3.73,3.74,3.75,3.75,3.76,3.68,25361780.0,94290634.0,-0.533,-0.02
002076,星光股份,2.18,2.17,2.18,2.2,2.19,2.21,2.17,18857088.0,41193695.0,-0.909,-0.02
002077,大港股份,13.74,13.74,0.0,12.49,12.52,13.74,12.52,83102289.0,1129163508.0,10.008,1.25
002078,太阳纸业,14.5,14.5,14.53,14.41,14.5,14.56,14.31,14414100.0,208303764.0,0.625,0.09
002079,苏州固锝,9.0,9.0,9.01,8.94,8.95,9.04,8.94,22136607.0,199010262.0,0.671,0.06
002080,中材科技,50.53,50.53,50.54,49.87,50.28,51.43,49.76,30917053.0,1562920243.0,1.323,0.66
002081,金 螳 螂,5.18,5.18,5.19,5.56,5.5,5.53,5.16,351125049.0,1860306663.0,-6.835,-0.38
002082,ST万邦,9.42,9.42,9.43,9.39,9.4,9.54,9.29,6315600.0,59450885.0,0.319,0.03
002083,孚日股份,10.05,10.04,10.05,9.9,9.86,10.06,9.85,24461773.0,243255618.0,1.515,0.15
002084,海鸥住工,6.12,0.0,6.12,6.8,6.8,6.92,6.12,129363302.0,822975661.0,-10.0,-0.68
002085,万丰奥威,10.38,10.37,10.38,10.41,10.39,10.55,10.36,14796200.0,154195438.0,-0.288,-0.03
002086,东方海洋,2.27,2.27,2.28,2.27,2.26,2.3,2.23,81025233.0,183540787.0,0.0,0.0
002088,鲁阳节能,7.9,7.9,7.91,8.07,8.07,8.09,7.86,1867854.0,14838572.0,-2.107,-0.17
002090,金智科技,9.28,9.28,9.29,9.33,9.32,9.35,9.23,3048200.0,28306030.0,-0.536,-0.05
002091,江苏国泰,7.68,7.68,7.69,7.73,7.73,7.75,7.66,7749529.0,59686342.0,-0.647,-0.05
002092,中泰化学,4.98,4.98,4.99,4.97,4.99,5.05,4.92,65611983.0,326511971.0,0.201,0.01
002093,国脉科技,7.46,7.46,7.47,7.69,7.67,7.78,7.38,55691353.0,416648928.0,-2.991,-0.23
002094,青岛金王,5.75,5.75,5.76,5.93,5.8,6.1,5.69,65618382.0,383117386.0,-3.035,-0.18
002095,生 意 宝,15.8,15.79,15.8,16.31,15.17,16.0,15.17,22050911.0,341041652.0,-3.127,-0.51
002096,易普力,9.71,9.71,9.73,9.77,9.77,9.79,9.66,3405337.0,33106111.0,-0.614,-0.06
002097,山河智能,7.67,7.67,7.68,7.6,7.6,7.82,7.56,24599331.0,189419885.0,0.921,0.07
002098,浔兴股份,8.15,8.13,8.15,8.17,8.18,8.27,8.03,6050079.0,49117670.0,-0.245,-0.02
002099,海翔药业,5.47,5.47,5.48,5.46,5.6,5.77,5.46,34090752.0,190541968.0,0.183,0.01
002100,天康生物,8.34,8.34,8.35,8.31,8.28,8.47,8.27,22821363.0,191066071.0,0.361,0.03
002101,广东鸿图,8.9,8.9,8.92,8.86,8.8,8.99,8.8,3940700.0,35143126.0,0.451,0.04
002102,ST能特,2.71,2.7,2.71,2.57,2.57,2.75,2.57,32579900.0,87041658.0,5.447,0.14
002103,广博股份,6.83,6.82,6.83,6.95,6.9,6.94,6.77,7734334.0,52644119.0,-1.727,-0.12
002104,恒宝股份,12.88,12.88,12.89,13.28,13.08,13.19,12.68,97409231.0,1253271864.0,-3.012,-0.4
002105,信隆健康,6.32,6.32,6.33,6.32,6.32,6.67,6.27,7273309.0,46072966.0,0.0,0.0
002106,莱宝高科,11.1,11.09,11.1,10.75,10.8,11.25,10.74,26454117.0,292179720.0,3.256,0.35
002107,沃华医药,7.36,7.35,7.36,7.18,7.05,7.43,6.91,46075687.0,333383484.0,2.507,0.18
002108,沧州明珠,4.37,4.37,4.38,4.4,4.39,4.4,4.36,12551905.0,54959391.0,-0.682,-0.03
002109,ST兴化,2.93,2.93,2.94,2.91,2.9,2.98,2.9,6970052.0,20437250.0,0.687,0.02
002110,三钢闽光,3.07,3.07,3.08,3.08,3.07,3.1,3.02,25246891.0,77465392.0,-0.325,-0.01
002111,威海广泰,10.1,10.09,10.1,10.08,10.06,10.16,10.02,6003808.0,60509414.0,0.198,0.02
002112,三变科技,15.11,15.11,15.12,15.08,15.05,15.22,14.96,8076841.0,121979203.0,0.199,0.03
002114,罗平锌电,7.99,7.98,7.99,7.8,7.8,8.04,7.8,10233993.0,81093450.0,2.436,0.19
002115,三维通信,10.55,10.55,10.56,10.78,10.72,10.74,10.45,45050187.0,476319785.0,-2.134,-0.23
002116,中国海诚,7.55,7.54,7.55,7.56,7.53,7.55,7.42,4840100.0,36341782.0,-0.132,-0.01
002117,东港股份,8.19,8.18,8.19,8.27,8.25,8.27,8.13,6577172.0,53712271.0,-0.967,-0.08
002119,康强电子,22.94,22.94,22.95,23.06,23.25,23.65,22.81,21122634.0,490539400.0,-0.52,-0.12
002120,韵达股份,6.85,6.85,6.86,6.86,6.84,6.88,6.79,18351925.0,125579074.0,-0.146,-0.01
002121,科陆电子,5.26,5.25,5.26,4.97,4.97,5.47,4.95,93921209.0,495017175.0,5.835,0.29
002122,ST汇洲,2.8,2.79,2.8,2.82,2.81,2.83,2.77,11523300.0,32174176.0,-0.709,-0.02
002123,梦网科技,8.01,8.01,8.02,8.21,8.21,8.23,7.98,12793100.0,102987523.0,-2.436,-0.2
002124,天邦食品,2.52,2.51,2.52,2.52,2.5,2.55,2.47,165264606.0,415157917.0,0.0,0.0
002125,湘潭电化,12.28,12.28,12.29,12.36,12.34,12.4,12.18,9822100.0,120807135.0,-0.647,-0.08
002126,银轮股份,40.4,40.4,40.41,40.1,40.25,41.05,40.04,9970555.0,403354779.0,0.748,0.3
002127,南极电商,3.06,3.06,3.07,3.09,3.08,3.09,3.03,35956900.0,109959652.0,-0.971,-0.03
002128,电投能源,29.13,29.13,29.14,28.15,28.18,29.18,28.06,14122249.0,404937496.0,3.481,0.98
002129,TCL中环,9.11,9.11,9.12,9.28,9.23,9.28,9.08,46522306.0,426031259.0,-1.832,-0.17
002130,沃尔核材,17.57,17.56,17.57,16.93,16.89,17.75,16.89,62515963.0,1094196161.0,3.78,0.64
002131,利欧股份,4.61,4.61,4.62,4.78,4.75,4.76,4.56,368084451.0,1699995697.0,-3.556,-0.17
002132,恒星科技,4.19,4.19,4.2,4.22,4.21,4.23,4.15,37857248.0,158508173.0,-0.711,-0.03
002133,广宇集团,2.94,2.94,2.95,2.99,2.96,3.0,2.93,25212420.0,74481973.0,-1.672,-0.05
002134,天津普林,22.12,22.12,22.13,21.88,22.09,22.65,21.96,8375380.0,186640198.0,1.097,0.24
002135,东南网架,6.23,6.23,6.25,6.26,6.26,6.28,6.18,7151702.0,44577551.0,-0.479,-0.03
002136,安 纳 达,12.72,12.71,12.72,12.78,12.8,12.82,12.64,3504200.0,44552285.0,-0.469,-0.06
002137,实益达,7.66,7.66,7.67,7.78,7.76,7.81,7.62,11377900.0,87727658.0,-1.542,-0.12
002138,顺络电子,47.83,47.81,47.83,48.1,48.2,48.99,47.21,20984914.0,1007716273.0,-0.561,-0.27
002139,拓邦股份,9.26,9.26,9.27,9.33,9.34,9.35,9.22,7947791.0,73783137.0,-0.75,-0.07
002140,东华科技,9.32,9.31,9.32,9.36,9.34,9.36,9.28,3007100.0,28009031.0,-0.427,-0.04
002141,贤丰控股,6.39,6.39,6.4,6.71,6.71,6.82,6.12,156176253.0,1009923462.0,-4.769,-0.32
002142,宁波银行,34.66,34.66,34.67,34.66,34.64,34.91,34.36,17425068.0,604176358.0,0.0,0.0
002144,宏达高科,11.24,11.24,11.27,11.31,11.31,11.35,11.19,2203485.0,24784537.0,-0.619,-0.07
002145,钛能化学,4.31,4.31,4.32,4.32,4.3,4.34,4.29,27554892.0,118760474.0,-0.231,-0.01
002146,荣盛发展,1.23,1.22,1.23,1.25,1.25,1.25,1.21,128029602.0,157122370.0,-1.6,-0.02
002148,北纬科技,6.53,6.53,6.54,6.6,6.6,6.62,6.5,9418673.0,61569502.0,-1.061,-0.07
002149,西部材料,34.14,34.14,34.15,34.0,34.0,34.65,34.0,13873016.0,475628050.0,0.412,0.14
002150,正泰电源,20.58,20.57,20.58,20.42,20.44,20.69,20.27,4943500.0,101297265.0,0.784,0.16
002151,北斗星通,28.95,28.95,28.96,28.71,28.8,29.26,28.59,11437117.0,330842932.0,0.836,0.24
002152,广电运通,9.53,9.53,9.54,9.65,9.65,9.65,9.48,15003800.0,143071041.0,-1.244,-0.12
002153,石基信息,7.87,7.87,7.88,8.05,8.02,8.03,7.8,16092720.0,126982111.0,-2.236,-0.18
002154,报 喜 鸟,4.12,4.12,4.13,4.09,4.09,4.13,4.04,21383647.0,87289222.0,0.733,0.03
002155,湖南黄金,28.45,28.45,0.0,25.86,25.8,28.45,25.6,148035825.0,4053062628.0,10.015,2.59
002156,通富微电,58.35,58.34,58.35,58.32,59.22,59.8,57.87,47574616.0,2799489891.0,0.051,0.03
002157,正邦科技,3.28,3.27,3.28,3.26,3.25,3.35,3.24,201694141.0,663955662.0,0.613,0.02
002158,汉钟精机,26.9,26.9,26.91,27.03,27.14,27.86,26.7,8874725.0,241355375.0,-0.481,-0.13
002159,三特索道,14.16,14.16,14.18,14.35,14.35,14.35,14.07,2963596.0,41996200.0,-1.324,-0.19
002160,常铝股份,4.17,4.17,4.18,4.13,4.15,4.19,4.13,19417300.0,80902056.0,0.969,0.04
002161,远 望 谷,6.97,6.96,6.97,7.05,7.01,7.12,6.9,13010100.0,90956862.0,-1.135,-0.08
002162,悦心健康,4.51,4.51,0.0,4.1,4.51,4.51,4.27,110202267.0,491451011.0,10.0,0.41
002163,海南发展,9.08,9.08,9.09,8.97,8.97,9.22,8.88,28811995.0,261631999.0,1.226,0.11
002164,宁波东力,10.77,10.76,10.77,10.86,10.9,10.9,10.69,4598920.0,49550387.0,-0.829,-0.09
002165,红 宝 丽,8.09,8.09,8.1,8.44,8.28,8.39,7.99,113655927.0,927912299.0,-4.147,-0.35
002166,莱茵生物,7.15,7.15,7.16,7.25,7.14,7.32,7.11,25284984.0,181955912.0,-1.379,-0.1
002167,东方锆业,15.74,15.74,15.75,15.33,15.32,16.25,15.29,71411498.0,1127578721.0,2.674,0.41
002168,ST惠程,3.78,3.77,3.78,3.83,3.84,3.84,3.75,4304600.0,16269368.0,-1.305,-0.05
002169,智光电气,12.42,12.42,12.43,12.38,12.35,12.53,12.31,10638388.0,132192256.0,0.323,0.04
002170,芭田股份,12.02,12.02,12.03,11.97,11.92,12.09,11.84,24808791.0,297339894.0,0.418,0.05
002171,楚江新材,11.06,11.06,11.07,10.3,10.38,11.18,10.31,134489128.0,1452772585.0,7.379,0.76
002172,澳洋健康,4.88,4.88,4.89,5.09,5.5,5.6,4.82,280594516.0,1463483662.0,-4.126,-0.21
002173,创新医疗,18.06,18.05,18.06,18.46,18.38,18.4,17.95,18766575.0,339567148.0,-2.167,-0.4
002174,游族网络,12.4,12.4,12.41,12.59,12.61,12.64,12.27,25721898.0,319240039.0,-1.509,-0.19
002175,*ST东智,2.56,2.55,2.56,2.57,2.57,2.59,2.55,10538400.0,27033276.0,-0.389,-0.01
002176,江特电机,9.02,9.02,9.03,9.13,9.13,9.15,9.0,36256596.0,328485089.0,-1.205,-0.11
002177,御银股份,5.93,5.93,5.94,6.05,6.12,6.12,5.9,24734800.0,146990208.0,-1.983,-0.12
002178,延华智能,4.72,4.71,4.72,4.77,4.75,4.76,4.69,7508600.0,35412051.0,-1.048,-0.05
002179,中航光电,34.6,34.59,34.6,34.01,34.05,34.74,33.97,17728141.0,610469154.0,1.735,0.59
002180,奔图科技,16.65,16.65,16.66,16.72,16.78,16.8,16.52,6448600.0,107241825.0,-0.419,-0.07
002181,粤 传 媒,9.46,9.46,9.47,10.29,9.88,9.98,9.35,106444342.0,1012950333.0,-8.066,-0.83
002182,宝武镁业,12.1,12.1,12.12,12.3,12.29,12.38,12.02,11117963.0,135235899.0,-1.626,-0.2
002183,怡 亚 通,4.51,4.51,4.52,4.53,4.5,4.59,4.44,50266672.0,226426669.0,-0.442,-0.02
002184,海得控制,9.86,9.86,9.87,9.99,9.99,10.0,9.82,2908583.0,28766685.0,-1.301,-0.13
002185,华天科技,16.17,16.16,16.17,15.97,16.1,16.45,16.01,185387395.0,3006734420.0,1.252,0.2
002186,全 聚 德,10.18,10.18,10.19,10.16,10.15,10.19,9.99,7731705.0,78256979.0,0.197,0.02
002187,广百股份,6.0,6.0,6.01,5.98,5.95,6.05,5.81,20739200.0,123505889.0,0.334,0.02
002188,中天服务,5.67,5.67,5.68,5.77,5.73,5.77,5.66,6515669.0,37172990.0,-1.733,-0.1
002189,中光学,19.51,19.5,19.51,19.29,19.33,19.68,19.17,3623159.0,70547800.0,1.14,0.22
002190,成飞集成,26.46,26.45,26.46,26.24,26.05,26.77,25.85,14469543.0,382102029.0,0.838,0.22
002191,劲嘉股份,3.67,3.66,3.67,3.67,3.66,3.71,3.63,10814627.0,39611697.0,0.0,0.0
002192,融捷股份,65.46,65.46,65.47,64.86,64.84,65.97,64.64,11042829.0,720474513.0,0.925,0.6
002193,ST如意,5.09,5.09,5.12,5.25,5.29,5.29,5.09,3869800.0,20048453.0,-3.048,-0.16
002194,武汉凡谷,10.83,10.82,10.83,11.08,10.97,11.42,10.71,82351262.0,904723745.0,-2.256,-0.25
002195,岩山科技,6.23,6.23,6.24,6.33,6.33,6.33,6.18,82373863.0,513878320.0,-1.58,-0.1
002196,方正电机,10.67,10.67,10.68,10.96,11.0,11.03,10.61,25001502.0,268258326.0,-2.646,-0.29
002197,证通电子,6.87,6.87,6.88,7.05,7.03,7.06,6.83,15466800.0,107290586.0,-2.553,-0.18
002198,ST嘉应,3.73,3.73,3.74,3.82,3.79,3.84,3.71,8439987.0,31689467.0,-2.356,-0.09
002199,东晶电子,12.3,12.29,12.31,12.4,12.32,12.4,12.12,3493300.0,42774654.0,-0.806,-0.1
002200,交投生态,6.98,6.98,6.99,7.06,7.09,7.1,6.94,2863000.0,20049476.0,-1.133,-0.08
002201,九鼎新材,9.16,9.16,9.17,9.3,9.27,9.44,9.1,43875179.0,404345467.0,-1.505,-0.14
002202,金风科技,17.85,17.84,17.85,17.75,17.7,17.94,17.6,56685714.0,1007219238.0,0.563,0.1
002203,海亮股份,19.85,19.85,19.86,19.35,19.39,19.96,19.37,25748944.0,509798061.0,2.584,0.5
002204,大连重工,5.35,5.35,5.36,5.31,5.31,5.36,5.28,19488803.0,103900128.0,0.753,0.04
002205,国统股份,11.23,11.22,11.23,11.24,11.19,11.35,11.1,2548000.0,28542483.0,-0.089,-0.01
002206,海 利 得,5.3,5.29,5.3,5.32,5.29,5.32,5.26,6484200.0,34288233.0,-0.376,-0.02
002207,*ST准油,5.92,5.92,5.93,6.1,6.07,6.08,5.89,9735700.0,58119187.0,-2.951,-0.18
002208,合肥城建,10.22,10.22,10.23,10.5,10.38,10.53,10.17,28669809.0,294678447.0,-2.667,-0.28
002209,达 意 隆,13.79,13.79,13.8,13.74,13.75,13.9,13.61,3623366.0,49813235.0,0.364,0.05
002210,飞马国际,2.3,2.3,2.31,2.33,2.33,2.34,2.28,45665821.0,105091630.0,-1.288,-0.03
002211,ST宏达,3.97,3.97,3.98,3.99,3.98,4.04,3.93,5321200.0,21195927.0,-0.501,-0.02
002212,天融信,6.53,6.52,6.53,6.67,6.62,6.65,6.39,53670482.0,348806118.0,-2.099,-0.14
002213,大为股份,27.66,27.66,27.67,27.97,28.09,28.39,27.45,6548700.0,182444926.0,-1.108,-0.31
002214,大立科技,16.96,16.95,16.96,17.28,17.28,17.5,16.82,7961140.0,135845527.0,-1.852,-0.32
002215,诺 普 信,10.82,10.82,10.83,10.72,10.64,11.15,10.6,41548437.0,452197790.0,0.933,0.1
002216,三全食品,11.98,11.98,12.01,12.12,12.1,12.14,11.86,5746162.0,68705752.0,-1.155,-0.14
002217,ST合力泰,1.46,1.46,1.47,1.48,1.47,1.48,1.45,86378005.0,126199798.0,-1.351,-0.02
002218,拓日新能,4.04,4.03,4.04,4.05,4.04,4.07,3.98,22226909.0,89473524.0,-0.247,-0.01
002219,新里程,2.19,2.19,2.2,2.26,2.25,2.25,2.17,94824193.0,209008927.0,-3.097,-0.07
002221,东华能源,6.12,6.12,6.13,6.19,6.19,6.21,6.09,21796800.0,133735364.0,-1.131,-0.07
002222,福晶科技,66.51,66.5,66.51,66.49,67.76,68.75,66.03,15699517.0,1056122912.0,0.03,0.02
002223,鱼跃医疗,25.71,25.7,25.71,25.65,25.78,25.96,25.52,4383995.0,112697863.0,0.234,0.06
002224,三 力 士,4.13,4.12,4.13,4.15,4.02,4.18,3.96,54247194.0,219910109.0,-0.482,-0.02
002225,濮耐股份,3.7,3.7,3.71,3.71,3.73,3.75,3.69,19125550.0,70998207.0,-0.27,-0.01
002226,江南化工,5.16,5.15,5.16,5.19,5.2,5.21,5.14,11338400.0,58599594.0,-0.578,-0.03
002227,*ST特迅,6.75,6.74,6.76,6.88,6.85,6.89,6.74,897000.0,6092280.0,-1.89,-0.13
002228,合兴包装,3.26,3.26,3.27,3.29,3.28,3.29,3.24,16525600.0,53888889.0,-0.912,-0.03
002229,鸿博股份,11.79,11.79,11.8,12.16,12.17,12.19,11.66,47797256.0,564830851.0,-3.043,-0.37
002230,科大讯飞,39.04,39.04,39.05,39.27,39.27,39.32,38.9,16496817.0,643898448.0,-0.586,-0.23
002232,启明信息,14.32,14.32,14.34,14.48,14.48,14.49,14.29,2178743.0,31342277.0,-1.105,-0.16
002233,塔牌集团,7.14,7.14,7.15,7.19,7.21,7.25,7.11,8261419.0,59134996.0,-0.695,-0.05
002234,民和股份,8.56,8.55,8.56,8.47,8.43,8.65,8.36,7828150.0,66691480.0,1.063,0.09
002235,安妮股份,8.4,8.39,8.4,8.69,8.61,8.65,8.3,24768807.0,208340331.0,-3.337,-0.29
002236,大华股份,16.15,16.15,16.16,16.2,16.15,16.19,16.09,17024991.0,274738570.0,-0.309,-0.05
002237,恒邦股份,14.97,14.96,14.97,14.7,14.67,15.04,14.61,25956233.0,385722401.0,1.837,0.27
002238,天威视讯,6.64,6.63,6.64,6.83,6.78,6.82,6.58,5582300.0,37057636.0,-2.782,-0.19
002239,奥特佳,2.58,2.57,2.58,2.58,2.58,2.59,2.56,35588798.0,91661181.0,0.0,0.0
002240,盛新锂能,28.96,28.95,28.96,28.98,28.99,29.22,28.55,19903890.0,575877858.0,-0.069,-0.02
002241,歌尔股份,23.01,23.0,23.01,23.68,23.53,23.65,22.91,77556789.0,1794164209.0,-2.829,-0.67
002242,九阳股份,8.5,8.5,8.51,8.71,8.66,8.78,8.46,5417300.0,46235248.0,-2.411,-0.21
002243,力合科创,7.44,7.44,7.45,7.58,7.59,7.59,7.42,9119055.0,68099052.0,-1.847,-0.14
002244,滨江集团,8.4,8.4,8.41,8.6,8.57,8.6,8.35,22816063.0,192281255.0,-2.326,-0.2
002245,蔚蓝锂芯,17.8,17.8,17.81,18.11,18.16,18.4,17.7,37798594.0,680270528.0,-1.712,-0.31
002246,北化股份,22.87,22.87,22.88,22.74,22.88,23.24,22.51,15589875.0,356997661.0,0.572,0.13
002247,聚力文化,2.51,2.51,2.52,2.53,2.54,2.55,2.49,15629773.0,39172434.0,-0.791,-0.02
002248,华东数控,9.74,9.74,9.75,9.92,9.9,9.91,9.67,10994500.0,107364610.0,-1.815,-0.18
002249,大洋电机,6.76,6.76,6.77,6.72,6.73,6.84,6.71,28945727.0,195885748.0,0.595,0.04
002250,联化科技,14.83,14.83,14.85,14.74,14.65,14.96,14.61,10638377.0,157572968.0,0.611,0.09
002251,步步高,3.97,3.97,3.98,4.06,4.0,4.04,3.92,145249029.0,578253482.0,-2.217,-0.09
002252,上海莱士,4.99,4.99,5.0,5.06,5.03,5.06,4.98,29921700.0,149870057.0,-1.383,-0.07
002253,川大智胜,10.23,10.23,10.24,10.37,10.39,10.45,10.2,3653599.0,37640565.0,-1.35,-0.14
002254,泰和新材,12.57,12.57,12.58,12.62,12.63,12.82,12.53,13729600.0,173875252.0,-0.396,-0.05
002255,海陆重工,7.88,7.88,7.89,7.88,7.9,7.92,7.83,8116665.0,63924140.0,0.0,0.0
002256,兆新股份,3.35,3.35,3.36,3.39,3.4,3.4,3.33,28631760.0,95856526.0,-1.18,-0.04
002258,利尔化学,15.7,15.7,15.71,15.55,15.96,16.86,15.56,70826511.0,1129816464.0,0.965,0.15
002259,升达林业,4.41,4.41,4.42,4.41,4.41,4.56,4.37,18762500.0,83444167.0,0.0,0.0
002261,拓维信息,25.74,25.74,25.75,25.79,25.64,26.2,25.23,31626703.0,806579571.0,-0.194,-0.05
002262,恩华药业,22.05,22.04,22.08,22.22,22.08,22.28,21.99,4260080.0,94078086.0,-0.765,-0.17
002263,大东南,3.23,3.23,3.24,3.21,3.22,3.25,3.18,37395028.0,120265032.0,0.623,0.02
002264,新 华 都,7.5,7.5,7.51,7.71,7.21,7.51,7.16,91498555.0,671968722.0,-2.724,-0.21
002265,建设工业,21.67,21.66,21.67,21.09,20.94,22.25,20.76,36235004.0,780886384.0,2.75,0.58
002266,浙富控股,4.97,4.96,4.97,4.82,4.81,4.98,4.8,77174764.0,379300717.0,3.112,0.15
002267,陕天然气,7.63,7.62,7.63,7.53,7.53,7.73,7.48,18542644.0,141768286.0,1.328,0.1
002268,电科网安,14.04,14.04,14.06,14.14,14.07,14.13,13.97,5362365.0,75318920.0,-0.707,-0.1
002269,美邦服饰,1.52,1.51,1.52,1.53,1.53,1.54,1.5,49612500.0,75051413.0,-0.654,-0.01
002270,华明装备,19.7,19.7,19.71,19.81,19.7,19.85,19.59,7509100.0,148067961.0,-0.555,-0.11
002271,东方雨虹,10.89,10.89,10.9,10.98,10.93,10.97,10.79,36239296.0,393613826.0,-0.82,-0.09
002272,川润股份,16.7,16.69,16.7,16.58,16.58,16.95,16.43,17540928.0,291815682.0,0.724,0.12
002273,水晶光电,25.49,25.48,25.49,25.22,25.41,25.85,25.19,27775983.0,708497058.0,1.071,0.27
002274,华昌化工,6.62,6.62,6.63,6.69,6.8,7.02,6.55,104482765.0,703957219.0,-1.046,-0.07
002275,桂林三金,12.43,12.43,12.44,12.45,12.38,12.46,12.33,1378001.0,17094211.0,-0.161,-0.02
002276,万马股份,10.3,10.3,10.31,10.26,10.26,10.41,10.21,11905090.0,122923694.0,0.39,0.04
002277,友阿股份,6.12,6.11,6.12,6.15,6.1,6.15,5.96,23889903.0,144912235.0,-0.488,-0.03
002278,神开股份,8.44,8.44,8.45,8.52,8.49,8.56,8.36,14257239.0,120240980.0,-0.939,-0.08
002279,久其软件,6.91,6.91,6.92,7.1,7.1,7.11,6.87,31870800.0,221296788.0,-2.676,-0.19
002281,光迅科技,182.79,182.79,182.8,179.92,186.0,191.99,181.45,39916210.0,7454716651.0,1.595,2.87
002282,博深股份,6.19,6.19,6.2,6.23,6.22,6.24,6.16,2152000.0,13329063.0,-0.642,-0.04
002283,天润工业,8.06,8.06,8.07,7.95,7.96,8.13,7.9,20516453.0,164919660.0,1.384,0.11
002284,亚太股份,10.3,10.3,10.31,10.33,10.29,10.56,10.26,26276684.0,273185903.0,-0.29,-0.03
002285,世联行,2.45,2.44,2.45,2.6,2.6,2.62,2.41,175376138.0,435289676.0,-5.769,-0.15
002286,保龄宝,9.77,9.77,9.78,9.25,9.1,9.97,8.99,66008243.0,631318789.0,5.622,0.52
002287,奇正藏药,19.98,19.98,20.0,20.21,20.2,20.2,19.93,1402900.0,28083898.0,-1.138,-0.23
002289,宇顺电子,36.58,36.57,36.58,35.95,35.95,38.5,35.95,4939700.0,182716368.0,1.752,0.63
002290,禾盛新材,67.43,67.43,67.45,67.62,69.0,69.5,66.91,6709849.0,455864591.0,-0.281,-0.19
002291,遥望科技,5.72,5.71,5.72,5.88,5.85,5.87,5.67,32670630.0,186533805.0,-2.721,-0.16
002292,奥飞娱乐,8.75,8.75,8.76,8.79,8.71,8.88,8.58,55168555.0,482207344.0,-0.455,-0.04
002293,罗莱生活,11.2,11.2,11.21,11.22,11.21,11.26,11.03,3621940.0,40329846.0,-0.178,-0.02
002294,信立泰,31.49,31.48,31.49,31.08,31.0,31.5,30.75,10984979.0,341608693.0,1.319,0.41
002295,精艺股份,11.58,11.58,0.0,10.53,11.58,11.58,11.58,7292662.0,84449026.0,9.972,1.05
002296,辉煌科技,9.17,9.16,9.17,9.19,9.21,9.22,9.13,6304951.0,57870143.0,-0.218,-0.02
002297,博云新材,22.5,22.5,22.51,22.32,21.62,23.5,20.84,180614938.0,4043670228.0,0.806,0.18
002298,中电鑫龙,8.25,8.25,8.26,8.43,8.36,8.4,8.24,21343644.0,176926827.0,-2.135,-0.18
002299,圣农发展,17.22,17.21,17.22,17.12,17.12,17.28,16.96,8695600.0,149294616.0,0.584,0.1
002300,太阳电缆,8.28,8.28,8.29,8.08,7.95,8.8,7.89,115597282.0,963569587.0,2.475,0.2
002301,齐心集团,8.13,8.12,8.13,7.95,7.88,8.14,7.88,11479839.0,92398968.0,2.264,0.18
002302,西部建设,4.84,4.84,4.85,4.87,4.89,4.89,4.78,5431370.0,26192344.0,-0.616,-0.03
002303,美盈森,5.55,5.54,5.55,5.57,5.58,5.66,5.44,43160555.0,237950900.0,-0.359,-0.02
002304,洋河股份,39.12,39.12,39.13,39.68,39.61,39.62,39.1,4529747.0,177890685.0,-1.411,-0.56
002305,*ST南置,2.11,2.1,2.11,2.12,2.12,2.13,2.09,13068000.0,27571586.0,-0.472,-0.01
002306,ST云网,2.45,2.44,2.45,2.37,2.39,2.47,2.39,16719102.0,40663471.0,3.376,0.08
002307,北新路桥,3.16,3.15,3.16,3.19,3.19,3.21,3.14,29186525.0,92555447.0,-0.94,-0.03
002309,中利集团,3.04,3.03,3.04,3.07,3.07,3.07,3.01,62094202.0,188476197.0,-0.977,-0.03
002310,东方新能,2.34,2.34,2.35,2.35,2.35,2.37,2.32,53663687.0,125757869.0,-0.426,-0.01
002311,海大集团,44.09,44.09,44.1,44.43,44.13,44.76,43.83,6843248.0,301895634.0,-0.765,-0.34
002312,川发龙蟒,9.55,9.55,9.56,9.34,9.6,9.87,9.33,140654834.0,1349444701.0,2.248,0.21
002313,日海智能,8.66,8.66,8.67,8.73,8.75,8.91,8.65,6368908.0,55771730.0,-0.802,-0.07
002314,南山控股,2.28,2.28,2.29,2.32,2.31,2.32,2.26,23627900.0,54042518.0,-1.724,-0.04
002315,焦点科技,24.96,24.96,24.97,25.48,25.48,25.49,24.77,7131010.0,178387066.0,-2.041,-0.52
002316,亚联发展,4.66,4.66,4.67,4.68,4.65,4.71,4.58,11178351.0,51855215.0,-0.427,-0.02
002317,众生药业,25.01,25.01,25.02,25.91,25.84,26.0,24.86,18018209.0,454813479.0,-3.474,-0.9
002318,久立特材,19.14,19.14,19.15,19.14,19.19,19.28,18.82,9036600.0,172254067.0,0.0,0.0
002319,乐通股份,10.45,10.45,10.46,10.73,10.65,10.75,10.39,6711291.0,70759132.0,-2.61,-0.28
002320,海峡股份,7.5,7.49,7.5,7.22,7.22,7.6,7.14,96433639.0,716601168.0,3.878,0.28
002321,华英农业,2.21,2.2,2.21,2.25,2.22,2.26,2.19,58627808.0,130420376.0,-1.778,-0.04
002322,理工能科,12.27,12.25,12.27,12.38,12.37,12.39,12.16,4672212.0,57275166.0,-0.889,-0.11
002323,*ST雅博,1.27,1.26,1.27,1.28,1.27,1.28,1.26,24676540.0,31294026.0,-0.781,-0.01
002324,普利特,9.44,9.44,9.45,9.73,9.67,9.73,9.4,36694594.0,349784512.0,-2.98,-0.29
002326,永太科技,17.65,17.65,17.66,17.68,17.65,17.8,17.53,10823886.0,191232923.0,-0.17,-0.03
002327,富安娜,6.32,6.32,6.33,6.37,6.37,6.38,6.3,4429900.0,28031788.0,-0.785,-0.05
002328,新朋股份,9.08,9.08,9.09,9.31,9.32,9.51,9.01,83824654.0,770958290.0,-2.47,-0.23
002329,皇氏集团,3.97,3.96,3.97,4.06,4.08,4.11,3.94,32580500.0,129901476.0,-2.217,-0.09
002330,得利斯,4.33,4.32,4.33,4.38,4.4,4.4,4.3,13022700.0,56604231.0,-1.142,-0.05
002331,皖通科技,7.08,7.07,7.08,7.21,7.2,7.2,7.04,6660926.0,47177735.0,-1.803,-0.13
002332,仙琚制药,8.81,8.81,8.82,8.85,8.8,8.87,8.76,9057003.0,79785484.0,-0.452,-0.04
002333,罗普斯金,5.57,5.57,5.58,5.6,5.57,5.58,5.49,5392200.0,29825682.0,-0.536,-0.03
002334,英威腾,6.64,6.64,6.65,6.72,6.73,6.74,6.62,8395905.0,55957294.0,-1.19,-0.08
002335,科华数据,30.06,30.06,30.07,30.18,30.11,30.44,29.8,12445547.0,374365409.0,-0.398,-0.12
002337,赛象科技,4.78,4.77,4.78,4.82,4.79,4.84,4.76,4868400.0,23271733.0,-0.83,-0.04
002338,奥普光电,40.41,40.4,40.41,40.8,40.8,41.24,40.35,2288652.0,93264187.0,-0.956,-0.39
002339,积成电子,7.47,7.46,7.47,7.53,7.5,7.54,7.44,7353482.0,55038524.0,-0.797,-0.06
002340,格林美,6.4,6.39,6.4,6.42,6.43,6.43,6.37,49677255.0,317947801.0,-0.312,-0.02
002342,巨力索具,8.15,8.14,8.15,8.03,8.16,8.34,7.9,70372397.0,571210750.0,1.494,0.12
002343,慈文传媒,5.97,5.96,5.97,6.19,5.85,6.11,5.57,97857547.0,569757037.0,-3.554,-0.22
002344,海宁皮城,4.15,4.14,4.15,4.17,4.14,4.18,4.1,8474100.0,35069883.0,-0.48,-0.02
002345,潮宏基,9.47,9.47,9.48,9.58,9.5,9.55,9.34,13866211.0,130662213.0,-1.148,-0.11
002346,柘中股份,18.45,18.44,18.45,18.5,18.53,18.65,18.28,4614100.0,85126317.0,-0.27,-0.05
002347,泰尔股份,6.27,6.27,6.28,6.32,6.27,6.31,6.23,8136985.0,51025194.0,-0.791,-0.05
002348,高乐股份,10.82,10.82,10.83,10.75,10.74,10.92,10.6,11020700.0,119020931.0,0.651,0.07
002349,精华制药,9.26,9.26,0.0,8.42,8.81,9.26,8.26,121892603.0,1083827415.0,9.976,0.84
002350,北京科锐,14.6,14.6,14.61,14.61,14.67,14.71,14.4,6394719.0,93140010.0,-0.068,-0.01
002351,漫步者,9.93,9.93,9.94,10.09,10.08,10.12,9.9,6294953.0,62584293.0,-1.586,-0.16
002352,顺丰控股,31.62,31.62,31.63,31.84,31.8,31.8,31.5,13237300.0,418147897.0,-0.691,-0.22
002353,杰瑞股份,125.7,125.7,125.71,125.78,126.73,130.38,125.22,16912987.0,2153702637.0,-0.064,-0.08
002354,天娱数科,7.93,7.92,7.93,8.26,8.29,8.31,7.82,294316601.0,2347418466.0,-3.995,-0.33
002355,兴民智通,4.8,4.8,4.81,4.92,4.92,4.95,4.78,11683117.0,56546200.0,-2.439,-0.12
002356,鹏飞绿能,2.9,2.9,2.91,2.9,2.91,2.92,2.86,12961401.0,37529876.0,0.0,0.0
002357,富临运业,12.99,12.99,13.0,12.6,12.6,13.1,12.49,29729420.0,380584169.0,3.095,0.39
002358,森源电气,5.46,5.45,5.46,5.41,5.41,5.46,5.36,11116800.0,60372384.0,0.924,0.05
002360,ST同德,5.61,5.6,5.61,5.55,5.55,5.72,5.54,4270780.0,24135875.0,1.081,0.06
002361,神剑股份,10.12,10.12,10.13,10.27,10.11,10.29,10.05,77891456.0,790212313.0,-1.461,-0.15
002362,汉王科技,15.78,15.77,15.78,16.21,16.19,16.19,15.71,3700500.0,58703337.0,-2.653,-0.43
002363,隆基机械,6.9,6.89,6.9,6.96,6.96,6.99,6.87,2208100.0,15275984.0,-0.862,-0.06
002364,中恒电气,36.7,36.7,36.71,36.81,36.7,37.84,36.41,24239924.0,898889050.0,-0.299,-0.11
002365,永安药业,15.53,15.53,15.54,16.08,15.95,16.0,15.29,42882811.0,669678186.0,-3.42,-0.55
002366,融发核电,6.15,6.15,6.16,5.94,6.01,6.17,5.92,84064721.0,510083788.0,3.535,0.21
002367,康力电梯,5.78,5.78,5.79,5.85,5.84,5.85,5.75,9348029.0,54043831.0,-1.197,-0.07
002368,太极股份,13.66,13.66,13.67,13.99,13.89,14.0,13.63,7985400.0,109689436.0,-2.359,-0.33
002369,卓翼科技,6.04,6.03,6.04,6.17,6.16,6.17,5.98,14064000.0,85110316.0,-2.107,-0.13
002370,亚太药业,5.57,5.57,5.58,5.75,5.71,5.75,5.53,43471041.0,242774849.0,-3.13,-0.18
002371,北方华创,646.4,646.4,646.41,647.87,655.0,655.6,641.99,3801465.0,2456899586.0,-0.227,-1.47
002372,伟星新材,8.44,8.44,8.45,8.56,8.58,8.59,8.4,6826815.0,57696412.0,-1.402,-0.12
002373,千方科技,7.54,7.53,7.54,7.68,7.66,7.66,7.49,13949500.0,105287635.0,-1.823,-0.14
002374,中锐股份,3.14,3.14,3.15,3.18,3.19,3.19,3.12,11596400.0,36554897.0,-1.258,-0.04
002375,亚厦股份,3.85,3.84,3.85,3.93,3.94,3.94,3.83,12805800.0,49509356.0,-2.036,-0.08
002376,新北洋,6.64,6.63,6.64,6.65,6.63,6.76,6.61,8664271.0,57915752.0,-0.15,-0.01
002377,国创高新,3.15,3.15,0.0,2.86,2.84,3.15,2.84,171862322.0,528317048.0,10.14,0.29
002378,章源钨业,23.84,23.84,23.85,23.87,23.75,24.02,23.5,23629899.0,561623631.0,-0.126,-0.03
002379,宏桥控股,19.68,19.68,19.69,19.01,19.01,19.86,18.95,55975805.0,1087503018.0,3.524,0.67
002380,科远智慧,27.46,27.46,27.47,27.91,27.88,28.0,27.24,3616800.0,99744400.0,-1.612,-0.45
002381,双箭股份,5.7,5.7,5.71,5.75,5.72,5.77,5.68,4535932.0,25964952.0,-0.87,-0.05
002382,蓝帆医疗,6.01,6.0,6.01,6.09,6.09,6.09,5.98,7541701.0,45388956.0,-1.314,-0.08
002383,合众思壮,7.86,7.86,7.87,7.81,7.68,8.36,7.54,75877575.0,592587977.0,0.64,0.05
002384,东山精密,196.06,196.05,196.06,186.42,193.99,198.88,188.7,83403209.0,16160062787.0,5.171,9.64
002385,大北农,3.6,3.6,3.61,3.61,3.52,3.68,3.5,218432505.0,787246492.0,-0.277,-0.01
002386,天原股份,6.0,5.99,6.0,5.97,5.96,6.01,5.93,12854090.0,76780288.0,0.503,0.03
002387,维信诺,7.02,7.02,7.03,7.03,7.01,7.06,6.96,8944500.0,62597908.0,-0.142,-0.01
002388,新亚制程,6.51,6.5,6.51,6.28,6.28,6.55,6.19,31768100.0,202204841.0,3.662,0.23
002389,航天彩虹,19.68,19.68,19.69,19.76,19.5,19.93,19.37,30948781.0,608141483.0,-0.405,-0.08
002390,信邦制药,3.08,3.08,3.09,3.13,3.12,3.12,3.05,25902400.0,79907629.0,-1.597,-0.05
002391,长青股份,5.58,5.58,5.59,5.58,5.54,5.63,5.48,8432550.0,46984115.0,0.0,0.0
002392,北京利尔,7.87,7.87,7.88,7.76,7.76,7.91,7.71,11430700.0,89676620.0,1.418,0.11
002393,力生制药,14.14,14.13,14.14,14.3,14.28,14.28,14.09,1634933.0,23119376.0,-1.119,-0.16
002394,联发股份,10.7,10.69,10.7,10.8,10.88,11.0,10.55,5218600.0,55786269.0,-0.926,-0.1
002395,双象股份,13.17,13.16,13.17,13.36,13.38,13.43,13.06,4830876.0,63832137.0,-1.422,-0.19
002396,星网锐捷,35.81,35.8,35.81,37.33,37.5,38.09,35.41,100727106.0,3669698106.0,-4.072,-1.52
002397,梦洁股份,3.95,3.94,3.95,3.91,3.88,3.96,3.87,16110325.0,63234947.0,1.023,0.04
002398,垒知集团,4.29,4.28,4.29,4.34,4.33,4.34,4.26,8343157.0,35801354.0,-1.152,-0.05
002399,海普瑞,9.99,9.98,9.99,10.03,9.98,10.02,9.9,3358500.0,33474741.0,-0.399,-0.04
002400,省广集团,6.71,6.71,6.72,6.96,6.9,6.93,6.67,80637009.0,543590999.0,-3.592,-0.25
002401,中远海科,12.63,12.62,12.63,12.42,12.4,12.8,12.33,5653632.0,71131382.0,1.691,0.21
002402,和而泰,18.41,18.41,18.42,18.66,18.65,18.73,18.32,14240077.0,263314514.0,-1.34,-0.25
002403,爱仕达,12.41,12.41,12.42,13.65,13.65,13.7,12.29,64769798.0,825753704.0,-9.084,-1.24
002404,嘉欣丝绸,6.07,6.06,6.07,6.05,6.07,6.14,5.97,13159150.0,79625149.0,0.331,0.02
002405,四维图新,6.24,6.24,6.25,6.33,6.34,6.34,6.22,31731322.0,198557905.0,-1.422,-0.09
002406,远东传动,6.77,6.76,6.77,6.82,6.79,6.82,6.71,9277500.0,62680228.0,-0.733,-0.05
002407,多氟多,33.69,33.69,33.7,33.52,33.2,34.13,33.01,76114847.0,2553524070.0,0.507,0.17
002408,齐翔腾达,5.69,5.69,5.7,5.62,5.63,5.74,5.59,30859400.0,174930147.0,1.246,0.07
002409,雅克科技,131.52,131.52,131.53,132.12,132.51,134.55,130.5,13766051.0,1823074444.0,-0.454,-0.6
002410,广联达,8.55,8.55,8.56,8.87,8.85,8.86,8.53,34876191.0,300306773.0,-3.608,-0.32
002412,汉森制药,9.63,9.63,9.64,9.88,9.85,10.07,9.61,64148075.0,626726513.0,-2.53,-0.25
002413,雷科防务,8.18,8.18,8.19,8.18,8.18,8.28,8.12,29658609.0,242885530.0,0.0,0.0
002414,高德红外,12.59,12.59,12.6,12.56,12.55,12.64,12.43,45154230.0,566312827.0,0.239,0.03
002415,海康威视,33.75,33.75,33.76,33.65,33.63,33.87,33.36,64500086.0,2170438700.0,0.297,0.1
002416,爱施德,9.52,9.52,9.53,9.72,9.68,9.72,9.47,14859232.0,141924471.0,-2.058,-0.2
002418,康盛股份,5.16,5.16,5.17,5.51,5.43,5.46,5.12,219930200.0,1148993730.0,-6.352,-0.35
002419,天虹股份,4.92,4.91,4.92,4.94,4.9,4.99,4.83,17453200.0,85989279.0,-0.405,-0.02
002420,毅昌科技,6.26,6.26,6.28,6.27,6.29,6.38,6.23,5529377.0,34784995.0,-0.159,-0.01
002421,达实智能,3.31,3.3,3.31,3.41,3.38,3.4,3.29,117341203.0,389429107.0,-2.933,-0.1
002422,科伦药业,40.37,40.37,40.38,40.76,40.76,40.98,40.12,11140499.0,450863246.0,-0.957,-0.39
002423,中粮资本,9.8,9.8,9.81,9.9,9.83,9.9,9.71,14776565.0,144643908.0,-1.01,-0.1
002424,ST百灵,4.72,4.72,4.73,4.7,4.69,4.72,4.66,8664500.0,40596084.0,0.426,0.02
002425,凯撒文化,3.33,3.32,3.33,3.48,3.46,3.47,3.29,43522880.0,144853038.0,-4.31,-0.15
002426,胜利精密,2.69,2.69,2.7,2.74,2.74,2.74,2.67,56153861.0,151491161.0,-1.825,-0.05
002427,尤夫股份,4.92,4.91,4.92,5.01,5.0,5.04,4.88,17104993.0,84345318.0,-1.796,-0.09
002428,云南锗业,91.43,91.43,91.44,90.05,94.0,94.75,90.65,54614481.0,5073131945.0,1.532,1.38
002429,兆驰股份,7.99,7.99,8.0,7.96,8.03,8.13,7.98,43735893.0,351790073.0,0.377,0.03
002430,杭氧股份,27.09,27.09,27.1,27.46,27.46,27.5,26.94,10020600.0,271747278.0,-1.347,-0.37
002431,ST棕榈,1.37,1.37,1.38,1.41,1.4,1.41,1.37,18773300.0,25943978.0,-2.837,-0.04
002432,九安医疗,65.3,65.3,65.37,67.16,66.66,66.97,63.62,25397238.0,1651498848.0,-2.77,-1.86
002434,万里扬,5.88,5.88,5.89,5.87,5.88,5.98,5.85,13273795.0,78464764.0,0.17,0.01
002436,兴森科技,39.45,39.45,39.46,40.12,40.8,41.08,39.0,172899480.0,6886889693.0,-1.67,-0.67
002437,誉衡药业,3.7,3.7,3.71,4.03,3.9,3.93,3.67,447957558.0,1695950760.0,-8.189,-0.33
002438,江苏神通,13.9,13.89,13.9,13.92,13.82,13.91,13.68,6245472.0,86163966.0,-0.144,-0.02
002439,启明星辰,13.3,13.3,13.31,13.42,13.39,13.46,13.28,8684232.0,115920281.0,-0.894,-0.12
002440,闰土股份,12.69,12.69,12.7,12.72,12.6,12.94,12.5,30174555.0,382811996.0,-0.236,-0.03
002441,众业达,8.22,8.21,8.22,8.18,8.22,8.26,8.14,4447300.0,36503486.0,0.489,0.04
002442,龙星科技,5.57,5.57,5.58,5.37,5.37,5.6,5.33,27645827.0,152958087.0,3.724,0.2
002443,金洲管道,11.48,11.47,11.48,11.42,11.49,11.54,11.25,20830439.0,236969593.0,0.525,0.06
002444,巨星科技,29.43,29.42,29.43,29.12,29.19,29.63,28.9,5814875.0,169888241.0,1.065,0.31
002445,中南文化,3.16,3.15,3.16,3.26,3.25,3.25,3.13,74983251.0,237477379.0,-3.067,-0.1
002446,盛路通信,8.18,8.18,8.19,8.18,8.13,8.37,8.12,27938832.0,230457309.0,0.0,0.0
002448,中原内配,12.1,12.1,12.11,11.66,12.1,12.45,11.78,33300800.0,403165545.0,3.774,0.44
002449,国星光电,6.57,6.57,6.58,6.63,6.61,6.65,6.53,7741170.0,51007433.0,-0.905,-0.06
002451,摩恩电气,7.89,7.88,7.89,7.87,7.8,7.94,7.74,12598837.0,99143316.0,0.254,0.02
002452,长高电气,12.36,12.35,12.36,12.19,12.25,12.41,12.1,16924719.0,207758230.0,1.395,0.17
002453,华软科技,4.61,4.6,4.61,4.61,4.63,4.63,4.57,5968800.0,27435980.0,0.0,0.0
002454,松芝股份,5.12,5.12,5.13,5.13,5.14,5.16,5.09,5775355.0,29605278.0,-0.195,-0.01
002455,百川股份,7.6,7.6,7.61,7.75,7.74,7.77,7.55,25019107.0,191111932.0,-1.935,-0.15
002456,欧菲光,7.27,7.27,7.28,7.45,7.45,7.47,7.25,64465865.0,472684317.0,-2.416,-0.18
002457,青龙管业,12.12,12.12,12.13,12.88,12.7,12.7,12.04,48448301.0,596574307.0,-5.901,-0.76
002458,益生股份,9.45,9.44,9.45,9.34,9.27,9.48,9.27,43539823.0,409528953.0,1.178,0.11
002459,晶澳科技,6.89,6.88,6.89,6.92,6.94,6.96,6.85,18496576.0,127271494.0,-0.434,-0.03
002460,赣锋锂业,49.11,49.11,49.12,49.09,48.85,49.3,48.57,21036398.0,1030109850.0,0.041,0.02
002461,珠江啤酒,8.7,8.7,8.71,8.79,8.76,8.8,8.66,3488900.0,30410812.0,-1.024,-0.09
002462,嘉事堂,12.4,12.39,12.4,12.49,12.45,12.5,12.37,1684600.0,20922666.0,-0.721,-0.09
002463,沪电股份,127.55,127.55,127.56,124.9,127.4,130.86,125.6,47584683.0,6100788161.0,2.122,2.65
002465,海格通信,10.21,10.21,10.22,10.21,10.21,10.36,10.16,44924719.0,460893438.0,0.0,0.0
002466,天齐锂业,45.56,45.56,45.57,45.59,45.34,45.79,45.05,23967013.0,1089616131.0,-0.066,-0.03
002467,二六三,4.74,4.74,4.75,4.83,4.82,4.82,4.7,24682400.0,117217242.0,-1.863,-0.09
002468,申通快递,14.21,14.21,14.22,14.32,14.3,14.42,14.15,10094894.0,143972987.0,-0.768,-0.11
002469,三维化学,6.51,6.5,6.51,6.56,6.58,6.58,6.45,10163100.0,66119390.0,-0.762,-0.05
002470,金正大,2.78,2.78,0.0,2.53,2.78,2.78,2.78,106530895.0,296155888.0,9.881,0.25
002471,中超控股,5.84,5.83,5.84,5.76,5.75,5.85,5.71,50124217.0,289889687.0,1.389,0.08
002472,双环传动,37.22,37.22,37.23,37.06,37.08,37.44,36.68,16260842.0,602051953.0,0.432,0.16
002474,榕基软件,6.45,6.44,6.45,6.58,6.58,6.59,6.4,13090966.0,84648940.0,-1.976,-0.13
002475,立讯精密,55.86,55.86,55.87,55.06,55.53,56.39,55.44,71668035.0,4011223895.0,1.453,0.8
002476,新叶股份,5.23,5.23,5.24,5.33,5.32,5.33,5.21,8164300.0,42859032.0,-1.876,-0.1
002478,常宝股份,6.81,6.81,6.82,6.88,6.88,6.88,6.8,16587696.0,113369840.0,-1.017,-0.07
002479,富春环保,6.2,6.19,6.2,6.19,6.19,6.23,6.12,13493022.0,83438119.0,0.162,0.01
002480,新筑股份,5.38,5.38,5.39,5.45,5.44,5.45,5.37,4390400.0,23676087.0,-1.284,-0.07
002481,双塔食品,4.53,4.53,4.54,4.59,4.55,4.61,4.51,22251048.0,101520562.0,-1.307,-0.06
002482,广田集团,1.37,1.36,1.37,1.38,1.38,1.38,1.35,45039892.0,61518531.0,-0.725,-0.01
002483,润邦股份,6.47,6.47,6.48,6.41,6.42,6.53,6.27,68963454.0,442508502.0,0.936,0.06
002484,江海股份,58.97,58.96,58.97,59.6,60.01,61.61,58.5,34719444.0,2078359488.0,-1.057,-0.63
002485,ST雪发,5.99,5.97,5.99,5.88,5.88,6.03,5.85,2359702.0,14066871.0,1.871,0.11
002486,嘉麟杰,2.88,2.87,2.88,3.0,2.95,2.98,2.83,50402358.0,146098488.0,-4.0,-0.12
002487,大金重工,32.57,32.56,32.57,33.11,33.11,33.29,32.32,16595215.0,543597899.0,-1.631,-0.54
002488,金固股份,7.92,7.92,7.93,8.01,8.0,8.04,7.9,9650600.0,76753422.0,-1.124,-0.09
002489,浙江永强,2.85,2.84,2.85,2.87,2.87,2.87,2.82,13904600.0,39524442.0,-0.697,-0.02
002490,山东墨龙,7.99,7.99,8.0,8.3,8.15,8.25,7.9,56559301.0,454400886.0,-3.735,-0.31
002491,通鼎互联,22.22,22.22,22.23,21.45,21.94,22.57,21.5,195698673.0,4320140679.0,3.59,0.77
002492,恒基达鑫,6.23,6.22,6.23,6.17,6.15,6.34,6.13,8123768.0,50677216.0,0.972,0.06
002493,荣盛石化,15.14,15.13,15.14,14.49,14.35,15.17,14.18,59116093.0,876395162.0,4.486,0.65
002494,华斯股份,4.89,4.89,4.91,4.93,4.94,4.94,4.87,5686389.0,27922378.0,-0.811,-0.04
002495,佳隆股份,2.5,2.49,2.5,2.53,2.52,2.52,2.47,17924245.0,44597729.0,-1.186,-0.03
002496,辉丰股份,2.29,2.28,2.29,2.29,2.28,2.38,2.27,48126160.0,111500716.0,0.0,0.0
002497,雅化集团,17.81,17.81,17.82,17.84,17.74,17.98,17.68,19404523.0,346000950.0,-0.168,-0.03
002498,汉缆股份,7.08,7.08,0.0,6.44,6.52,7.08,6.43,147969537.0,1030267078.0,9.938,0.64
002500,山西证券,5.35,5.35,5.36,5.36,5.37,5.37,5.33,15877553.0,84979438.0,-0.187,-0.01
002501,*ST利源,1.28,1.28,1.29,1.3,1.29,1.3,1.27,21603700.0,27688054.0,-1.538,-0.02
002506,协鑫集成,2.59,2.58,2.59,2.63,2.61,2.63,2.56,148397000.0,384339031.0,-1.521,-0.04
002507,涪陵榨菜,11.39,11.38,11.39,11.53,11.53,11.53,11.32,15046664.0,171463471.0,-1.214,-0.14
002508,老板电器,15.93,15.92,15.93,15.84,15.81,15.98,15.68,6750674.0,107100512.0,0.568,0.09
002510,天汽模,5.66,5.66,5.67,5.7,5.71,5.71,5.64,10706400.0,60690599.0,-0.702,-0.04
002511,中顺洁柔,7.29,7.29,7.3,7.33,7.34,7.35,7.22,7894051.0,57501134.0,-0.546,-0.04
002512,ST达华,4.28,4.27,4.28,4.29,4.26,4.33,4.22,13469700.0,57441194.0,-0.233,-0.01
002513,蓝丰生化,5.8,5.8,5.81,5.68,5.68,5.82,5.6,9466324.0,54338855.0,2.113,0.12
002514,*ST宝馨,2.19,2.18,2.19,2.29,2.33,2.36,2.13,52277400.0,115527411.0,-4.367,-0.1
002515,金字火腿,7.94,7.94,7.95,7.95,8.11,8.19,7.77,93868201.0,747429661.0,-0.126,-0.01
002516,旷达科技,5.99,5.99,6.0,6.1,6.02,6.18,5.98,37268821.0,225176176.0,-1.803,-0.11
002517,恺英网络,17.1,17.1,17.11,17.73,17.6,17.68,17.07,51192583.0,881289603.0,-3.553,-0.63
002518,科士达,35.3,35.3,35.31,35.37,35.21,36.29,35.06,16929031.0,602582680.0,-0.198,-0.07
002519,银河电子,5.75,5.75,5.76,5.71,5.69,5.82,5.67,28905021.0,166217387.0,0.701,0.04
002520,日发精机,6.48,6.48,6.49,6.5,6.49,6.5,6.31,25768830.0,164938674.0,-0.308,-0.02
002521,齐峰新材,6.61,6.61,6.62,6.63,6.63,6.67,6.56,3568700.0,23576053.0,-0.302,-0.02
002522,浙江众成,5.24,5.23,5.24,5.25,5.25,5.3,5.22,16189200.0,85082632.0,-0.19,-0.01
002523,天桥起重,3.56,3.55,3.56,3.59,3.59,3.59,3.54,15176300.0,54000629.0,-0.836,-0.03
002524,光正眼科,4.15,4.15,4.16,4.2,4.19,4.2,4.13,10630710.0,44268843.0,-1.19,-0.05
002526,山东矿机,2.77,2.76,2.77,2.8,2.79,2.82,2.76,18927074.0,52507023.0,-1.071,-0.03
002527,新时达,11.12,11.12,11.13,11.31,11.27,11.35,11.1,6105300.0,68258104.0,-1.68,-0.19
002528,*ST英飞,7.51,7.51,7.52,7.42,7.47,7.73,7.25,23796570.0,178223106.0,1.213,0.09
002529,海源复材,7.2,7.2,7.21,7.25,7.2,7.32,7.18,4861979.0,35230427.0,-0.69,-0.05
002530,金财互联,7.39,7.39,7.4,7.51,7.48,7.51,7.36,10622200.0,78635860.0,-1.598,-0.12
002531,天顺风能,6.28,6.27,6.28,6.34,6.32,6.35,6.23,24425995.0,153144752.0,-0.946,-0.06
002532,天山铝业,14.04,14.04,14.05,13.24,13.51,14.1,13.29,142276081.0,1960839065.0,6.042,0.8
002533,金杯电工,11.27,11.26,11.27,11.23,11.28,11.28,11.14,5488900.0,61643424.0,0.356,0.04
002534,西子洁能,16.4,16.39,16.4,16.62,16.64,16.7,16.18,7933658.0,130147272.0,-1.324,-0.22
002535,林州重机,2.57,2.56,2.57,2.62,2.63,2.64,2.55,13184434.0,34077895.0,-1.908,-0.05
002536,飞龙股份,56.82,56.82,56.83,58.59,58.1,58.3,55.9,56685521.0,3221717326.0,-3.021,-1.77
002537,海联金汇,6.24,6.24,6.25,6.4,6.37,6.42,6.22,36169583.0,227191612.0,-2.5,-0.16
002538,ST司特,7.08,7.08,7.09,7.07,7.05,7.12,7.01,5782100.0,40822203.0,0.141,0.01
002539,云图控股,13.34,13.34,13.35,13.25,13.19,13.5,13.09,13805555.0,184056458.0,0.679,0.09
002540,亚太科技,5.4,5.39,5.4,5.26,5.38,5.47,5.31,16056628.0,86359195.0,2.662,0.14
002541,鸿路钢构,19.68,19.68,19.69,20.17,20.15,20.27,19.59,7480129.0,148090941.0,-2.429,-0.49
002542,*ST中岩,1.68,1.68,1.69,1.72,1.71,1.73,1.68,12013300.0,20377506.0,-2.326,-0.04
002543,万和电气,7.18,7.18,7.19,7.43,7.37,7.4,7.12,11881778.0,85611640.0,-3.365,-0.25
002544,普天科技,16.14,16.14,16.15,16.18,16.13,16.43,16.07,11110064.0,180440863.0,-0.247,-0.04
002545,东方铁塔,17.49,17.49,17.5,17.94,17.91,18.32,17.14,29181219.0,513153004.0,-2.508,-0.45
002546,新联电子,7.77,7.77,7.78,7.77,7.75,7.78,7.71,9761300.0,75623286.0,0.0,0.0
002547,*ST春兴,2.6,2.6,2.61,2.7,2.7,2.71,2.58,25456600.0,66901991.0,-3.704,-0.1
002548,金新农,4.72,4.72,4.73,4.65,4.59,4.8,4.56,78164206.0,367373746.0,1.505,0.07
002549,凯美特气,13.66,13.65,13.66,13.83,13.74,13.95,13.61,12305228.0,169138443.0,-1.229,-0.17
002550,千红制药,6.66,6.66,6.67,6.62,6.6,6.69,6.55,10494020.0,69270821.0,0.604,0.04
002551,尚荣医疗,3.35,3.34,3.35,3.4,3.38,3.39,3.33,10720351.0,35946686.0,-1.471,-0.05
002552,宝鼎科技,47.52,47.52,47.53,47.47,48.02,49.52,47.08,23183075.0,1115400959.0,0.105,0.05
002553,南方精工,17.25,17.24,17.25,17.66,17.66,17.95,17.21,15447745.0,269372488.0,-2.322,-0.41
002554,惠博普,2.98,2.97,2.98,3.01,3.02,3.04,2.97,30577400.0,91719816.0,-0.997,-0.03
002555,三七互娱,18.39,18.39,18.4,18.84,18.71,18.77,18.36,27446597.0,506921035.0,-2.389,-0.45
002556,辉隆股份,5.7,5.7,5.71,5.6,5.55,5.79,5.51,36490271.0,207879869.0,1.786,0.1
002557,洽洽食品,19.0,19.0,19.01,19.47,19.4,19.45,18.93,8493902.0,162083631.0,-2.414,-0.47
002558,巨人网络,26.13,26.12,26.13,27.4,27.35,27.4,26.02,75820318.0,1997179804.0,-4.635,-1.27
002559,亚威股份,9.06,9.06,9.07,9.0,9.01,9.23,8.97,20461950.0,185798667.0,0.667,0.06
002560,通达股份,6.36,6.36,6.37,6.23,6.22,6.38,6.2,24868451.0,157402302.0,2.087,0.13
002561,徐家汇,7.57,7.57,7.58,7.59,7.55,7.64,7.46,9317383.0,70501168.0,-0.264,-0.02
002562,兄弟科技,5.19,5.18,5.19,5.26,5.17,5.22,5.14,30809520.0,159388777.0,-1.331,-0.07
002563,森马服饰,5.77,5.77,5.78,5.81,5.79,5.81,5.68,10534114.0,60501631.0,-0.688,-0.04
002564,天沃科技,5.35,5.35,5.36,5.41,5.41,5.45,5.14,73451267.0,385606089.0,-1.109,-0.06
002565,顺灏股份,8.57,8.57,8.58,8.67,8.63,8.7,8.52,28550779.0,245156903.0,-1.153,-0.1
002566,益盛药业,7.32,7.31,7.32,7.24,7.21,7.41,7.14,10078607.0,73472326.0,1.105,0.08
002567,唐人神,4.14,4.13,4.14,4.14,4.11,4.19,4.1,36535729.0,151359261.0,0.0,0.0
002568,百润股份,18.13,18.13,18.15,18.36,18.42,18.46,18.03,9770626.0,177835978.0,-1.253,-0.23
002569,*ST步森,10.61,10.6,10.61,10.84,10.7,10.89,10.6,748600.0,8030034.0,-2.122,-0.23
002570,贝因美,4.76,4.76,4.77,4.76,5.03,5.05,4.7,80675632.0,388807744.0,0.0,0.0
002571,德力股份,11.64,11.63,11.64,11.79,11.84,11.86,11.52,5375556.0,62918751.0,-1.272,-0.15
002572,索菲亚,7.77,7.77,7.78,7.87,7.87,7.9,7.75,8339400.0,64902528.0,-1.271,-0.1
002573,清新环境,3.3,3.3,3.31,3.31,3.31,3.33,3.28,8955240.0,29544578.0,-0.302,-0.01
002574,明牌珠宝,5.29,5.29,5.3,5.26,5.23,5.34,5.17,11844750.0,62173450.0,0.57,0.03
002575,群兴玩具,5.38,5.38,5.39,5.5,5.5,5.51,5.34,13817600.0,74617013.0,-2.182,-0.12
002576,通达动力,14.66,14.66,14.69,14.78,14.75,14.85,14.6,1609664.0,23682488.0,-0.812,-0.12
002577,雷柏科技,18.43,18.42,18.43,19.07,19.08,19.18,18.33,3580701.0,66813970.0,-3.356,-0.64
002578,闽发铝业,4.23,4.23,4.24,4.24,4.27,4.3,4.14,43229200.0,182316431.0,-0.236,-0.01
002579,中京电子,16.81,16.81,16.82,17.06,17.74,17.97,16.59,184532591.0,3137493829.0,-1.465,-0.25
002580,圣阳股份,20.23,20.23,20.24,21.12,20.9,21.44,20.01,64897601.0,1333247567.0,-4.214,-0.89
002581,*ST未名,5.41,5.41,5.42,5.48,5.45,5.65,5.35,5717143.0,31147566.0,-1.277,-0.07
002582,好想你,10.75,10.75,10.76,10.96,10.87,10.87,10.6,26141502.0,280436863.0,-1.916,-0.21
002583,海能达,8.58,8.58,8.59,8.57,8.59,8.73,8.5,19184655.0,165194408.0,0.117,0.01
002584,西陇科学,8.06,8.05,8.06,8.13,8.11,8.2,8.01,14387600.0,116760255.0,-0.861,-0.07
002585,双星新材,8.98,8.97,8.98,9.01,9.06,9.17,8.93,29142276.0,263694347.0,-0.333,-0.03
002586,围海股份,4.01,4.01,4.02,4.08,4.07,4.1,4.01,7269700.0,29309076.0,-1.716,-0.07
002587,奥拓电子,5.51,5.51,5.52,5.59,5.6,5.6,5.5,9143000.0,50609879.0,-1.431,-0.08
002588,史丹利,8.47,8.47,8.48,8.53,8.4,8.62,8.33,33981486.0,288387506.0,-0.703,-0.06
002589,瑞康医药,3.23,3.23,3.24,3.36,3.32,3.32,3.22,74019577.0,240663702.0,-3.869,-0.13
002590,万安科技,9.82,9.81,9.82,9.92,9.93,9.96,9.78,3635552.0,35852539.0,-1.008,-0.1
002591,恒大高新,6.53,6.52,6.53,6.55,6.59,6.62,6.46,7680067.0,50184634.0,-0.305,-0.02
002592,ST八菱,6.6,6.59,6.6,6.7,6.69,6.71,6.58,2401200.0,15937764.0,-1.493,-0.1
002593,日上集团,4.72,4.72,4.73,4.61,4.59,4.85,4.59,27306199.0,128620481.0,2.386,0.11
002594,比亚迪,85.88,85.87,85.88,86.57,86.57,86.58,85.5,18185775.0,1561326834.0,-0.797,-0.69
002595,豪迈科技,40.86,40.86,40.88,40.92,40.78,41.4,40.11,6271515.0,256729485.0,-0.147,-0.06
002596,海南瑞泽,3.49,3.48,3.49,3.49,3.47,3.5,3.43,16302800.0,56555073.0,0.0,0.0
002597,金禾实业,22.48,22.48,22.5,22.2,22.1,22.91,21.87,18075783.0,408002488.0,1.261,0.28
002598,ST章鼓,7.05,7.05,7.06,7.11,7.09,7.12,7.02,1115900.0,7890652.0,-0.844,-0.06
002599,盛通股份,5.84,5.83,5.84,5.95,5.9,5.94,5.81,8192800.0,47910592.0,-1.849,-0.11
002600,领益智造,12.44,12.44,12.45,12.43,12.43,12.49,12.3,61784803.0,765491702.0,0.08,0.01
002601,龙佰集团,15.74,15.74,15.76,15.74,15.73,15.9,15.61,9637596.0,151924038.0,0.0,0.0
002602,世纪华通,15.78,15.78,15.79,16.13,16.1,16.15,15.73,108209915.0,1716117396.0,-2.17,-0.35
002603,以岭药业,15.7,15.69,15.7,15.89,15.83,15.83,15.63,10681174.0,167760567.0,-1.196,-0.19
002605,姚记科技,17.21,17.21,17.22,17.69,17.63,17.67,17.13,7120537.0,122898421.0,-2.713,-0.48
002606,大连电瓷,12.93,12.93,12.94,12.86,12.9,12.97,12.71,14048302.0,180640829.0,0.544,0.07
002607,中公教育,2.08,2.07,2.08,2.13,2.11,2.13,2.06,140103520.0,290570124.0,-2.347,-0.05
002608,江苏国信,7.61,7.6,7.61,7.59,7.58,7.65,7.52,18100720.0,137159692.0,0.264,0.02
002609,捷顺科技,7.79,7.78,7.79,7.88,7.84,7.87,7.74,3666600.0,28569272.0,-1.142,-0.09
002611,东方精工,14.52,14.52,14.53,14.62,14.58,14.66,14.46,10853023.0,157883549.0,-0.684,-0.1
002612,朗姿股份,16.6,16.59,16.6,16.8,16.72,16.8,16.43,4798800.0,79682528.0,-1.19,-0.2
002613,北玻股份,3.46,3.46,3.47,3.5,3.48,3.5,3.45,13841300.0,47997399.0,-1.143,-0.04
002614,奥佳华,5.72,5.7,5.72,5.81,5.81,5.83,5.68,8151600.0,46762858.0,-1.549,-0.09
002615,哈尔斯,6.54,6.54,6.55,6.58,6.6,6.6,6.48,4856300.0,31695880.0,-0.608,-0.04
002616,长青集团,4.99,4.98,4.99,4.97,4.95,5.0,4.94,8040286.0,40009971.0,0.402,0.02
002617,露笑科技,6.5,6.49,6.5,6.27,6.27,6.52,6.23,155945628.0,998390349.0,3.668,0.23
002620,*ST瑞和,5.8,5.8,5.83,5.96,5.91,5.96,5.78,5920500.0,34491364.0,-2.685,-0.16
002622,皓宸医疗,2.65,2.65,2.66,2.71,2.7,2.71,2.64,17206195.0,45820861.0,-2.214,-0.06
002623,亚玛顿,16.13,16.11,16.13,16.35,16.37,16.51,16.02,4782277.0,77529270.0,-1.346,-0.22
002624,完美世界,10.85,10.85,10.86,11.51,11.4,11.54,10.83,68244214.0,753044574.0,-5.734,-0.66
002625,光启技术,27.9,27.9,27.91,27.88,27.68,28.33,27.68,16916390.0,474168033.0,0.072,0.02
002626,金达威,16.79,16.79,16.8,17.03,17.04,17.08,16.63,3534100.0,59532788.0,-1.409,-0.24
002627,三峡旅游,7.22,7.2,7.22,7.37,7.36,7.37,7.15,12221449.0,88150424.0,-2.035,-0.15
002628,成都路桥,5.17,5.16,5.17,5.21,5.2,5.25,5.12,14429900.0,74613456.0,-0.768,-0.04
002629,仁智股份,4.87,4.87,4.88,5.05,5.02,5.04,4.86,11611066.0,57200822.0,-3.564,-0.18
002630,*ST华西,1.68,1.68,1.69,1.72,1.72,1.72,1.67,11153700.0,18865399.0,-2.326,-0.04
002631,德尔未来,10.87,10.86,10.87,10.99,11.0,11.41,10.81,25577019.0,283277508.0,-1.092,-0.12
002632,道明光学,9.22,9.22,9.23,9.24,9.16,9.24,8.93,29727969.0,270269589.0,-0.216,-0.02
002633,申科股份,14.75,14.73,14.75,14.79,14.78,14.88,14.62,1177469.0,17365194.0,-0.27,-0.04
002634,*ST棒杰,4.31,4.31,4.32,4.35,4.35,4.39,4.29,3420300.0,14797652.0,-0.92,-0.04
002635,安洁科技,14.78,14.77,14.78,14.83,14.84,15.06,14.61,11576500.0,171899463.0,-0.337,-0.05
002636,金安国纪,69.5,69.49,69.5,68.64,69.93,71.5,68.5,49839542.0,3485865080.0,1.253,0.86
002637,赞宇科技,13.43,13.42,13.43,13.55,13.39,13.74,13.18,42184631.0,566847602.0,-0.886,-0.12
002638,勤上股份,4.28,4.27,4.28,4.39,4.4,4.48,4.24,36064300.0,155934589.0,-2.506,-0.11
002639,雪人集团,14.03,14.03,14.04,14.78,14.44,14.46,13.82,104573936.0,1467983874.0,-5.074,-0.75
002640,跨境通,3.48,3.48,3.49,3.54,3.54,3.54,3.45,66658694.0,231465685.0,-1.695,-0.06
002641,公元股份,4.01,4.0,4.02,4.03,4.03,4.04,3.97,5763300.0,23054252.0,-0.496,-0.02
002642,荣联科技,7.16,7.16,7.17,7.2,7.19,7.28,7.13,7780902.0,55939904.0,-0.556,-0.04
002643,万润股份,12.89,12.88,12.89,12.75,12.77,13.01,12.75,14332386.0,184990794.0,1.098,0.14
002644,佛慈制药,8.82,8.82,8.83,8.86,8.78,8.9,8.69,6781400.0,59565986.0,-0.451,-0.04
002645,华宏科技,17.99,17.98,17.99,17.8,17.77,18.13,17.7,15103039.0,270638274.0,1.067,0.19
002646,天佑德酒,7.26,7.26,7.27,7.38,7.36,7.38,7.24,6944511.0,50668077.0,-1.626,-0.12
002647,仁东控股,11.29,11.29,11.3,11.58,11.58,11.58,11.22,16026803.0,182048259.0,-2.504,-0.29
002648,卫星化学,28.18,28.18,28.19,27.69,27.48,28.3,27.35,42869727.0,1197821784.0,1.77,0.49
002649,博彦科技,9.53,9.53,9.54,9.74,9.7,9.75,9.47,11293677.0,107929913.0,-2.156,-0.21
002650,ST加加,6.1,6.1,6.11,6.26,6.26,6.31,6.1,3129100.0,19232425.0,-2.556,-0.16
002651,利君股份,8.81,8.81,8.82,8.76,8.67,8.9,8.6,23536704.0,206469510.0,0.571,0.05
002652,扬子新材,4.94,4.94,4.95,4.59,4.64,4.96,4.56,46380530.0,222053692.0,7.625,0.35
002653,海思科,63.1,63.1,63.11,65.02,63.06,64.9,61.89,7552008.0,477390869.0,-2.953,-1.92
002654,万润科技,13.7,13.7,13.71,13.95,14.06,14.25,13.6,42932019.0,595658302.0,-1.792,-0.25
002655,共达电声,37.0,37.0,37.01,39.1,39.38,39.73,36.87,28982089.0,1098324565.0,-5.371,-2.1
002656,摩登大道,2.91,2.9,2.91,2.96,2.95,2.97,2.9,10330741.0,30204762.0,-1.689,-0.05
002657,中科金财,15.99,15.98,15.99,16.35,16.25,16.34,15.87,6530168.0,104824761.0,-2.202,-0.36
002658,雪迪龙,7.69,7.68,7.69,7.75,7.76,7.78,7.65,5247600.0,40333663.0,-0.774,-0.06
002659,凯文教育,4.69,4.69,4.7,4.82,4.78,4.82,4.65,14895400.0,69920359.0,-2.697,-0.13
002660,茂硕电源,7.89,7.89,7.9,8.08,7.99,8.02,7.83,13168900.0,103971651.0,-2.351,-0.19
002661,克明食品,8.73,8.73,8.74,8.68,8.46,9.2,8.42,23167904.0,205050296.0,0.576,0.05
002662,峰璟股份,3.3,3.3,3.31,3.32,3.33,3.33,3.28,8196500.0,27115918.0,-0.602,-0.02
002663,普邦股份,1.77,1.76,1.77,1.81,1.8,1.8,1.75,20455300.0,36171919.0,-2.21,-0.04
002664,信质集团,15.23,15.23,15.24,15.33,15.33,15.46,15.18,2803093.0,42868153.0,-0.652,-0.1
002666,德联集团,4.33,4.32,4.33,4.36,4.34,4.35,4.29,7691500.0,33203920.0,-0.688,-0.03
002667,*ST威领,18.12,18.11,18.12,18.06,18.03,18.18,18.03,7273100.0,131647819.0,0.332,0.06
002668,TCL智家,9.22,9.21,9.22,9.15,9.16,9.38,9.11,13787338.0,127671823.0,0.765,0.07
002669,康达新材,12.43,12.42,12.43,12.31,12.29,12.54,12.21,10189300.0,126341365.0,0.975,0.12
002670,国盛证券,12.34,12.33,12.34,12.37,12.37,12.46,12.24,22411701.0,276782954.0,-0.243,-0.03
002671,龙泉股份,4.12,4.11,4.12,4.14,4.15,4.17,4.1,9101351.0,37573713.0,-0.483,-0.02
002672,东江环保,3.8,3.8,3.81,3.8,3.8,3.84,3.78,5472300.0,20846073.0,0.0,0.0
002673,西部证券,6.85,6.85,6.86,6.87,6.86,6.88,6.81,14892653.0,101982678.0,-0.291,-0.02
002674,兴业科技,19.37,19.37,19.38,21.05,20.65,21.52,19.31,31878000.0,648334255.0,-7.981,-1.68
002675,东诚药业,12.62,12.62,12.63,12.61,12.6,12.72,12.51,6103310.0,76955284.0,0.079,0.01
002676,顺威股份,5.35,5.35,5.36,5.38,5.36,5.38,5.3,6995200.0,37347064.0,-0.558,-0.03
002677,浙江美大,6.48,6.47,6.48,6.59,6.59,6.59,6.43,3809800.0,24688260.0,-1.669,-0.11
002678,珠江钢琴,4.7,4.7,4.71,4.79,4.76,4.8,4.67,10991050.0,51861646.0,-1.879,-0.09
002679,福建金森,11.37,11.37,11.38,11.47,11.13,11.64,10.96,24315317.0,276477329.0,-0.872,-0.1
002681,奋达科技,4.75,4.75,4.76,4.88,4.86,4.9,4.7,32932539.0,157498718.0,-2.664,-0.13
002682,龙洲股份,5.37,5.36,5.37,5.42,5.42,5.44,5.25,26354630.0,140197768.0,-0.923,-0.05
002683,广东宏大,30.65,30.65,30.66,30.37,30.35,30.92,29.9,10147026.0,308808177.0,0.922,0.28
002685,华东重机,5.37,5.37,5.38,5.43,5.41,5.44,5.34,18544548.0,99673588.0,-1.105,-0.06
002686,亿利达,6.45,6.45,6.46,6.55,6.53,6.55,6.38,9582200.0,61911679.0,-1.527,-0.1
002687,乔治白,6.41,6.4,6.41,6.47,6.5,6.75,6.34,25547211.0,166792575.0,-0.927,-0.06
002688,金河生物,5.49,5.49,5.5,5.48,5.45,5.56,5.42,16467782.0,90676056.0,0.182,0.01
002689,ST远智,2.99,2.99,3.0,3.01,2.99,3.01,2.98,3883700.0,11616186.0,-0.664,-0.02
002690,美亚光电,15.84,15.84,15.85,15.97,16.06,16.08,15.76,3040925.0,48364171.0,-0.814,-0.13
002691,*ST冀凯,4.46,4.44,4.46,4.56,4.56,4.56,4.39,2541300.0,11329442.0,-2.193,-0.1
002692,远程股份,4.47,4.47,4.48,4.42,4.42,4.59,4.4,20504300.0,92347766.0,1.131,0.05
002693,双成药业,8.74,8.73,8.74,8.92,8.87,8.9,8.66,9439300.0,82418258.0,-2.018,-0.18
002694,*ST顾地,2.52,2.52,2.54,2.63,2.63,2.66,2.52,3438100.0,8881166.0,-4.183,-0.11
002695,煌上煌,10.64,10.64,10.65,10.63,10.72,10.91,10.51,6467000.0,69172742.0,0.094,0.01
002696,百洋股份,7.76,7.76,7.77,7.55,7.56,8.14,7.45,60841129.0,473336084.0,2.781,0.21
002697,红旗连锁,4.92,4.92,4.93,4.93,4.9,4.95,4.84,24957600.0,122332201.0,-0.203,-0.01
002698,博实股份,11.7,11.7,11.71,11.99,11.96,12.01,11.62,11067801.0,129989101.0,-2.419,-0.29
002700,万憬能源,6.86,6.85,6.86,6.67,6.67,6.9,6.61,6449700.0,43825284.0,2.849,0.19
002701,奥瑞金,4.54,4.54,4.55,4.57,4.57,4.59,4.53,13481892.0,61404580.0,-0.656,-0.03
002702,海欣食品,6.45,6.45,6.46,6.79,6.79,6.87,6.27,174120499.0,1137994583.0,-5.007,-0.34
002703,浙江世宝,16.52,16.52,16.53,16.93,16.99,17.12,16.41,44240484.0,734696360.0,-2.422,-0.41
002705,新宝股份,11.27,11.27,11.28,11.39,11.39,11.4,11.26,2676200.0,30248604.0,-1.054,-0.12
002706,良信股份,9.19,9.18,9.19,9.17,9.11,9.23,9.06,19896292.0,182205928.0,0.218,0.02
002707,众信旅游,5.71,5.71,5.72,5.74,5.72,5.74,5.55,23132808.0,130781883.0,-0.523,-0.03
002708,光洋股份,16.48,16.48,16.49,16.25,16.25,16.89,16.07,52623650.0,870000121.0,1.415,0.23
002709,天赐材料,33.66,33.66,33.67,33.67,33.54,33.86,33.27,31294372.0,1051129397.0,-0.03,-0.01
002712,思美传媒,5.19,5.18,5.19,5.38,5.3,5.33,5.12,22727900.0,117860203.0,-3.532,-0.19
002713,东易日盛,9.7,9.7,9.71,9.87,9.95,9.99,9.59,16065174.0,156338887.0,-1.722,-0.17
002714,牧原股份,43.25,43.25,43.26,43.23,43.1,43.36,42.87,28524349.0,1231218871.0,0.046,0.02
002715,登云股份,13.99,13.98,13.99,14.21,14.21,14.23,13.87,1846482.0,25881369.0,-1.548,-0.22
002716,湖南白银,10.8,10.79,10.8,10.61,10.57,10.82,10.36,214416887.0,2273881317.0,1.791,0.19
002717,*ST岭南,0.95,0.95,0.96,0.98,0.98,0.99,0.91,58232060.0,55510124.0,-3.061,-0.03
002718,友邦吊顶,82.98,82.68,82.98,84.19,84.18,84.63,81.36,792200.0,65869774.0,-1.437,-1.21
002719,ST麦趣,6.82,6.82,6.86,6.99,6.99,7.04,6.77,3311400.0,22704214.0,-2.432,-0.17
002721,金一文化,2.96,2.95,2.96,3.03,2.98,3.01,2.88,168313100.0,492642964.0,-2.31,-0.07
002722,物产金轮,13.38,13.38,13.39,13.41,13.39,13.64,13.36,2213541.0,29810739.0,-0.224,-0.03
002723,小崧股份,8.08,8.07,8.08,8.07,8.08,8.18,7.98,5206138.0,41885111.0,0.124,0.01
002724,海洋王,7.15,7.14,7.15,7.25,7.19,7.4,7.11,14874860.0,107521816.0,-1.379,-0.1
002725,跃岭股份,11.41,11.41,11.42,11.37,11.42,11.49,11.32,2965900.0,33842005.0,0.352,0.04
002726,ST龙大,2.69,2.69,2.7,2.75,2.73,2.78,2.65,55645282.0,150296326.0,-2.182,-0.06
002727,一心堂,11.28,11.28,11.29,11.35,11.32,11.33,11.22,3621608.0,40766215.0,-0.617,-0.07
002728,特一药业,9.45,9.44,9.45,9.57,9.46,9.57,9.4,16512572.0,156100500.0,-1.254,-0.12
002729,好利科技,14.01,14.0,14.01,13.91,13.99,14.16,13.83,3597160.0,50253535.0,0.719,0.1
002730,电光科技,23.75,23.74,23.75,23.62,23.66,24.13,23.66,6068600.0,145093811.0,0.55,0.13
002731,*ST萃华,0.77,0.0,0.0,0.77,0.0,0.0,0.0,0.0,0.0,0.0,0.0
002732,燕塘乳业,14.59,14.59,14.6,14.77,14.8,14.82,14.55,1916200.0,28121948.0,-1.219,-0.18
002733,雄韬股份,18.17,18.17,18.18,18.18,18.18,18.55,18.08,8997487.0,164148760.0,-0.055,-0.01
002734,利民股份,17.41,17.41,17.43,17.66,17.47,17.83,17.09,20697316.0,360661275.0,-1.416,-0.25
002735,王子新材,11.78,11.77,11.78,11.88,11.86,11.9,11.71,8280700.0,97721057.0,-0.842,-0.1
002736,国信证券,10.1,10.1,10.11,10.12,10.13,10.14,10.06,13654300.0,137813529.0,-0.198,-0.02
002737,葵花药业,11.7,11.7,11.72,11.83,11.81,11.81,11.65,3802015.0,44532179.0,-1.099,-0.13
002738,中矿资源,49.0,49.0,49.01,49.29,49.28,49.98,48.43,14156457.0,695203325.0,-0.588,-0.29
002739,儒意电影,8.99,8.99,9.0,8.77,8.75,9.04,8.58,102617810.0,908871507.0,2.509,0.22
002741,光华科技,23.74,23.74,23.75,23.89,23.97,24.64,23.48,14886800.0,357377630.0,-0.628,-0.15
002742,冀衡医药,4.41,4.4,4.41,4.61,4.51,4.56,4.38,53378500.0,237122705.0,-4.338,-0.2
002743,ST富煌,4.53,4.52,4.53,4.4,4.47,4.66,4.33,53891471.0,241588601.0,2.955,0.13
002745,木林森,11.3,11.29,11.3,11.0,11.05,11.44,11.0,51571106.0,579243495.0,2.727,0.3
002746,仙坛股份,6.88,6.88,6.9,6.86,6.85,6.99,6.8,25125499.0,173631212.0,0.292,0.02
002747,埃斯顿,30.06,30.05,30.06,30.23,30.22,30.47,29.7,24288252.0,729630096.0,-0.562,-0.17
002748,世龙实业,12.39,12.38,12.39,12.53,12.53,12.66,12.3,3183000.0,39473101.0,-1.117,-0.14
002749,国光股份,9.19,9.18,9.19,9.12,9.03,9.23,9.0,6342617.0,58008099.0,0.768,0.07
002752,昇兴股份,6.48,6.48,6.49,6.38,6.38,6.54,6.28,19541059.0,126172819.0,1.567,0.1
002753,永东股份,7.04,7.03,7.04,6.89,6.88,7.2,6.88,9206539.0,64696374.0,2.177,0.15
002755,奥赛康,11.92,11.92,11.93,12.16,12.12,12.16,11.87,6836365.0,81991001.0,-1.974,-0.24
002756,永兴材料,43.26,43.26,43.27,43.1,42.85,43.45,42.61,8558580.0,368558446.0,0.371,0.16
002757,南兴股份,17.31,17.31,17.32,17.65,17.64,17.76,17.12,15528005.0,270245250.0,-1.926,-0.34
002758,浙农股份,9.27,9.27,9.28,9.3,9.2,9.51,9.14,18048246.0,167730771.0,-0.323,-0.03
002759,ST天际,15.84,15.84,15.85,15.94,15.85,15.99,15.6,13985266.0,220530112.0,-0.627,-0.1
002760,凤形股份,18.37,18.35,18.37,18.38,18.4,18.52,18.2,1903722.0,34958378.0,-0.054,-0.01
002761,浙江建投,7.49,7.49,7.5,7.62,7.6,7.65,7.48,14847985.0,111726573.0,-1.706,-0.13
002762,金发拉比,9.39,9.39,9.4,9.43,9.64,9.8,9.11,9143600.0,85931171.0,-0.424,-0.04
002763,汇洁股份,7.59,7.59,7.6,7.66,7.67,7.67,7.54,3218500.0,24414337.0,-0.914,-0.07
002765,蓝黛科技,7.26,7.26,7.27,7.29,7.28,7.48,7.24,11268596.0,82676662.0,-0.412,-0.03
002766,索菱股份,4.17,4.17,4.18,4.27,4.25,4.3,4.17,18182800.0,76440971.0,-2.342,-0.1
002767,先锋电子,18.36,18.33,18.36,18.5,18.52,18.63,18.2,1332200.0,24563455.0,-0.757,-0.14
002768,国恩股份,61.08,61.03,61.08,60.71,60.57,61.46,59.8,4578772.0,277743860.0,0.609,0.37
002769,普路通,7.73,7.73,7.74,7.77,7.73,7.82,7.68,7773437.0,60202516.0,-0.515,-0.04
002771,真视通,14.51,14.5,14.51,14.77,14.78,14.95,14.44,7726400.0,113062116.0,-1.76,-0.26
002772,众兴菌业,12.29,12.29,12.3,12.4,12.09,12.61,12.09,27521311.0,339128518.0,-0.887,-0.11
002773,康弘药业,20.05,20.05,20.07,20.18,20.1,20.2,20.0,3323423.0,66688034.0,-0.644,-0.13
002774,快意电梯,16.1,16.09,16.1,15.7,15.68,16.26,15.58,11687600.0,187378750.0,2.548,0.4
002775,文科股份,3.56,3.56,3.57,3.59,3.59,3.61,3.54,9806439.0,35000590.0,-0.836,-0.03
002777,久远银海,12.78,12.78,12.79,12.97,12.91,12.96,12.73,4623550.0,59246675.0,-1.465,-0.19
002778,中晟高科,17.04,17.0,17.04,16.82,16.86,17.24,16.76,2545266.0,43271936.0,1.308,0.22
002779,中坚科技,80.8,80.79,80.8,82.76,82.7,82.7,79.7,2568646.0,208051875.0,-2.368,-1.96
002780,三夫户外,13.86,13.86,13.91,14.0,13.96,14.0,13.83,4024975.0,55983933.0,-1.0,-0.14
002782,可立克,15.41,15.41,15.42,15.44,15.41,15.75,15.31,7449450.0,115658138.0,-0.194,-0.03
002783,凯龙股份,8.2,8.19,8.2,8.18,8.2,8.26,8.1,8964922.0,73439128.0,0.244,0.02
002785,万里石,35.83,35.83,35.84,36.65,36.59,37.26,35.0,6006600.0,216584178.0,-2.237,-0.82
002786,银宝山新,7.82,7.82,7.84,7.97,7.99,7.99,7.77,6664600.0,52199377.0,-1.882,-0.15
002787,华源控股,24.73,24.72,24.73,24.23,24.52,25.18,24.07,28457214.0,700212470.0,2.064,0.5
002788,鹭燕医药,11.59,11.59,11.6,11.9,11.85,11.87,11.5,15112102.0,175399059.0,-2.605,-0.31
002789,*ST建艺,13.28,13.27,13.28,13.6,13.6,13.85,13.15,3055840.0,41052818.0,-2.353,-0.32
002790,瑞尔特,7.69,7.69,0.0,6.99,7.69,7.69,7.69,22216358.0,170843793.0,10.014,0.7
002791,坚朗五金,15.1,15.09,15.1,15.35,15.32,15.33,15.03,2876100.0,43540647.0,-1.629,-0.25
002792,通宇通讯,30.73,30.73,30.74,31.64,31.2,31.94,30.48,45876803.0,1428948634.0,-2.876,-0.91
002793,罗欣药业,4.74,4.73,4.74,4.82,4.78,4.8,4.68,19583540.0,92883330.0,-1.66,-0.08
002795,永和智控,7.55,7.55,7.56,7.2,7.19,7.7,7.19,31395929.0,235666751.0,4.861,0.35
002796,世嘉科技,29.05,29.05,29.06,29.6,29.67,30.68,28.82,9128700.0,270733149.0,-1.858,-0.55
002797,第一创业,6.43,6.43,6.44,6.49,6.48,6.48,6.41,36100845.0,232532047.0,-0.924,-0.06
002798,帝欧水华,6.85,6.84,6.85,6.88,6.92,6.92,6.68,12288831.0,83612205.0,-0.436,-0.03
002799,环球印务,7.04,7.03,7.04,7.08,7.06,7.14,6.98,4391984.0,30870203.0,-0.565,-0.04
002800,天顺股份,15.3,15.3,15.31,15.59,15.58,15.59,15.22,2417553.0,37152195.0,-1.86,-0.29
002801,微光股份,27.76,27.76,27.77,27.63,27.65,28.07,27.38,1289119.0,35730023.0,0.471,0.13
002802,洪汇新材,12.58,12.58,12.59,12.68,12.72,12.73,12.45,1859922.0,23417157.0,-0.789,-0.1
002803,吉宏股份,20.42,20.41,20.42,20.58,20.56,20.7,20.12,7604542.0,155083020.0,-0.777,-0.16
002805,丰元股份,17.02,17.01,17.02,16.98,16.97,17.24,16.84,6848562.0,116681182.0,0.236,0.04
002806,华锋股份,14.67,14.66,14.67,14.46,14.46,14.86,14.4,4271900.0,62592497.0,1.452,0.21
002807,江阴银行,4.23,4.23,4.24,4.22,4.23,4.26,4.19,39813107.0,168421244.0,0.237,0.01
002809,红墙股份,8.82,8.81,8.82,8.89,8.92,8.92,8.76,4082331.0,36026518.0,-0.787,-0.07
002810,山东赫达,22.0,22.0,22.01,21.68,21.64,22.25,21.51,4551067.0,99471612.0,1.476,0.32
002811,郑中设计,14.5,14.5,14.51,14.66,14.55,14.85,14.41,8778003.0,127953859.0,-1.091,-0.16
002812,恩捷股份,49.16,49.15,49.16,48.03,48.2,49.7,48.0,18417315.0,899053036.0,2.353,1.13
002813,路畅科技,22.16,22.14,22.16,22.33,22.2,22.42,21.98,978400.0,21713766.0,-0.761,-0.17
002815,崇达技术,18.06,18.05,18.06,17.08,17.67,18.63,17.17,134304287.0,2433017444.0,5.738,0.98
002816,*ST和科,22.83,22.82,22.83,23.28,23.09,23.28,22.7,1113900.0,25550570.0,-1.933,-0.45
002817,黄山胶囊,6.9,6.9,6.91,6.87,6.85,6.95,6.82,3648222.0,25115995.0,0.437,0.03
002818,富森美,11.49,11.48,11.49,11.31,11.29,11.5,11.15,5532850.0,62970082.0,1.592,0.18
002819,东方中科,22.46,22.46,22.47,21.78,21.73,22.49,21.7,5194954.0,115361119.0,3.122,0.68
002820,桂发祥,10.46,10.45,10.46,10.68,10.68,10.68,10.36,10022318.0,105200820.0,-2.06,-0.22
002821,凯莱英,173.05,173.05,173.06,174.31,171.0,175.8,170.44,7823501.0,1359020435.0,-0.723,-1.26
002822,ST中装,3.05,3.05,3.06,3.07,3.07,3.09,3.05,3009626.0,9197633.0,-0.651,-0.02
002823,凯中精密,13.1,13.1,13.11,13.14,13.08,13.21,13.01,2635971.0,34523384.0,-0.304,-0.04
002824,和胜股份,25.01,25.0,25.01,25.56,25.31,26.24,24.86,16761965.0,426319103.0,-2.152,-0.55
002825,纳尔股份,10.27,10.26,10.27,10.38,10.35,10.45,10.21,4846404.0,49937981.0,-1.06,-0.11
002826,易明医药,18.09,18.09,18.1,18.03,17.88,18.1,17.8,2824810.0,50851520.0,0.333,0.06
002827,高争民爆,65.61,65.61,65.62,64.15,64.02,65.66,62.5,13246690.0,852495115.0,2.276,1.46
002828,贝肯能源,12.12,12.11,12.12,12.5,12.5,12.5,11.95,16573800.0,201819395.0,-3.04,-0.38
002829,星网宇达,20.49,20.49,20.5,20.67,20.67,20.92,20.46,4834200.0,99711860.0,-0.871,-0.18
002830,名雕股份,15.25,15.25,15.27,15.5,15.63,15.65,15.15,2808115.0,43083479.0,-1.613,-0.25
002831,裕同科技,29.13,29.13,29.14,28.18,28.13,29.39,28.13,16163047.0,466566319.0,3.371,0.95
002832,比音勒芬,26.09,26.09,26.1,26.56,26.4,26.65,25.92,5504956.0,143812680.0,-1.77,-0.47
002833,弘亚数控,18.65,18.64,18.65,18.61,18.6,18.69,18.38,3059216.0,56774063.0,0.215,0.04
002835,同为股份,12.85,12.83,12.85,13.05,13.06,13.13,12.78,1472300.0,18990482.0,-1.533,-0.2
002836,新宏泽,10.46,10.45,10.46,10.42,10.42,10.5,10.29,3022209.0,31408690.0,0.384,0.04
002837,英维克,62.43,62.43,62.44,63.0,63.05,64.1,61.93,36898081.0,2317662601.0,-0.905,-0.57
002838,道恩股份,25.55,25.55,25.56,25.51,25.3,26.0,25.3,4905276.0,125962598.0,0.157,0.04
002839,张家港行,4.48,4.47,4.48,4.41,4.4,4.5,4.38,38753617.0,172706046.0,1.587,0.07
002840,华统股份,9.03,9.03,9.05,9.09,9.09,9.18,8.96,13355743.0,120879256.0,-0.66,-0.06
002841,视源股份,46.72,46.72,46.73,46.9,46.99,47.55,46.56,4453100.0,209476112.0,-0.384,-0.18
002842,翔鹭钨业,34.55,34.55,34.56,34.35,35.0,35.4,34.18,22491838.0,783085274.0,0.582,0.2
002843,泰嘉股份,16.18,16.17,16.18,16.25,16.27,16.53,16.06,5792150.0,94208022.0,-0.431,-0.07
002845,同兴达,13.66,13.65,13.66,13.41,13.33,13.96,13.33,8792420.0,120598318.0,1.864,0.25
002846,英联股份,10.84,10.84,10.85,10.91,10.89,10.96,10.8,3831600.0,41672057.0,-0.642,-0.07
002847,盐津铺子,45.79,45.79,45.81,47.1,47.0,47.1,45.55,2984028.0,137281320.0,-2.781,-1.31
002848,高斯贝尔,13.95,13.95,13.96,13.69,13.71,14.07,13.69,5278600.0,73304553.0,1.899,0.26
002849,威星智能,18.1,18.1,18.11,17.95,17.98,18.3,17.85,5368600.0,96784787.0,0.836,0.15
002850,科达利,175.6,175.6,175.7,177.6,177.71,178.99,174.63,1805532.0,318450768.0,-1.126,-2.0
002851,麦格米特,127.06,127.05,127.06,128.6,129.99,130.88,125.91,22619554.0,2896714818.0,-1.198,-1.54
002852,道道全,9.38,9.38,9.39,9.63,9.51,9.58,9.2,28288424.0,264150386.0,-2.596,-0.25
002853,皮阿诺,21.47,21.46,21.47,21.38,21.37,21.65,20.96,1685100.0,35964314.0,0.421,0.09
002855,捷荣技术,16.65,0.0,16.65,18.5,18.09,18.45,16.65,11976300.0,203963493.0,-10.0,-1.85
002856,*ST美芝,21.3,21.26,21.3,22.35,21.72,22.54,20.83,9003600.0,193584050.0,-4.698,-1.05
002857,三晖电气,18.21,18.2,18.21,18.7,18.41,18.55,18.0,3033300.0,55526231.0,-2.62,-0.49
002858,力盛体育,12.09,12.08,12.09,12.5,12.24,12.45,11.91,6342300.0,76721307.0,-3.28,-0.41
002859,洁美科技,61.66,61.66,61.67,61.78,62.0,62.85,61.11,9451046.0,585697073.0,-0.194,-0.12
002860,星帅尔,16.16,16.15,16.16,17.08,16.95,17.36,15.7,20371670.0,330217106.0,-5.386,-0.92
002861,瀛通通讯,15.26,15.26,15.27,15.75,15.75,15.8,15.2,3526048.0,54445728.0,-3.111,-0.49
002862,实丰文化,16.04,16.04,16.05,16.2,15.98,16.24,15.8,7628560.0,122132943.0,-0.988,-0.16
002863,今飞凯达,4.94,4.94,4.95,4.86,4.86,4.96,4.83,12503939.0,61151161.0,1.646,0.08
002864,盘龙药业,21.86,21.85,21.86,22.14,22.19,22.41,21.71,2358220.0,51698042.0,-1.265,-0.28
002865,钧达股份,38.6,38.59,38.6,39.09,39.3,39.5,38.55,5056693.0,196540897.0,-1.254,-0.49
002866,传艺科技,14.33,14.33,14.34,14.53,14.49,14.53,14.25,3436000.0,49427083.0,-1.376,-0.2
002867,周大生,10.74,10.73,10.74,10.78,10.77,10.78,10.68,6957699.0,74585446.0,-0.371,-0.04
002868,绿康生化,25.28,25.28,25.29,26.49,26.12,26.29,25.05,7424015.0,190203175.0,-4.568,-1.21
002869,金溢科技,15.73,15.72,15.73,16.1,16.05,16.08,15.68,2001900.0,31743573.0,-2.298,-0.37
002870,香山股份,53.0,0.0,0.0,53.0,0.0,0.0,0.0,0.0,0.0,0.0,0.0
002871,伟隆股份,19.2,19.2,19.25,19.4,19.55,19.55,19.01,4052578.0,77960958.0,-1.031,-0.2
002872,ST天圣,5.87,5.87,5.88,6.09,6.06,6.1,5.85,5333650.0,31895208.0,-3.612,-0.22
002873,新天药业,8.52,8.52,8.54,8.67,8.65,8.69,8.52,3817848.0,32755253.0,-1.73,-0.15
002875,安奈儿,13.75,13.75,13.76,13.89,13.97,14.1,13.52,6768400.0,92749705.0,-1.008,-0.14
002876,三利谱,28.73,28.73,28.75,28.56,28.57,28.82,28.42,2280939.0,65274882.0,0.595,0.17
002877,智能自控,7.61,7.61,7.62,7.65,7.64,7.69,7.56,3625200.0,27569280.0,-0.523,-0.04
002878,元隆雅图,13.07,13.07,13.08,13.27,13.29,13.29,12.9,5907600.0,76933738.0,-1.507,-0.2
002879,长缆科技,16.97,16.97,16.98,16.82,16.81,17.2,16.72,7140600.0,121104414.0,0.892,0.15
002880,卫光生物,22.27,22.26,22.27,22.72,22.49,22.49,22.02,2828280.0,62850397.0,-1.981,-0.45
002881,美格智能,44.35,44.35,44.36,47.51,48.5,49.2,44.3,24825128.0,1163371319.0,-6.651,-3.16
002882,金龙羽,24.0,24.0,24.01,24.4,24.05,25.65,23.55,20422602.0,499120030.0,-1.639,-0.4
002883,*ST中设,9.35,9.35,9.38,9.4,9.42,9.44,9.35,747340.0,7017018.0,-0.532,-0.05
002884,凌霄泵业,15.95,15.95,15.96,16.06,16.07,16.07,15.91,1019110.0,16270702.0,-0.685,-0.11
002885,京泉华,28.82,28.82,28.83,28.39,29.8,30.18,28.32,44637401.0,1303468410.0,1.515,0.43
002886,沃特股份,26.01,26.01,26.02,25.0,25.69,27.5,25.31,62590464.0,1653847880.0,4.04,1.01
002887,绿茵生态,9.55,9.52,9.55,9.56,9.56,9.64,9.43,2777011.0,26461242.0,-0.105,-0.01
002888,惠威科技,19.95,19.93,19.95,20.32,20.31,20.5,19.93,3932820.0,79284634.0,-1.821,-0.37
002889,东方嘉盛,12.08,12.07,12.08,12.18,12.15,12.17,12.05,1621732.0,19617592.0,-0.821,-0.1
002890,弘宇股份,14.76,14.75,14.76,15.07,15.05,15.12,14.68,2272500.0,33767866.0,-2.057,-0.31
002891,中宠股份,28.79,28.79,28.8,29.74,29.63,29.71,28.61,7829378.0,226577483.0,-3.194,-0.95
002892,科力尔,9.02,9.02,9.03,9.13,9.1,9.14,8.99,4805440.0,43436570.0,-1.205,-0.11
002893,京能热力,11.15,11.14,11.15,10.67,10.7,11.73,10.61,38841951.0,429921786.0,4.499,0.48
002895,川恒股份,33.82,33.82,33.85,33.71,33.6,34.0,33.01,5614500.0,188410312.0,0.326,0.11
002896,中大力德,62.69,62.69,62.7,63.16,62.98,63.38,62.35,3797712.0,238601623.0,-0.744,-0.47
002897,意华股份,62.92,62.92,62.93,64.3,65.5,65.86,61.44,16625961.0,1054309068.0,-2.146,-1.38
002899,英派斯,20.66,20.66,20.68,20.43,20.23,20.93,20.12,4898927.0,100986193.0,1.126,0.23
002900,哈三联,12.18,12.17,12.18,12.42,12.35,12.37,12.11,8728300.0,106628850.0,-1.932,-0.24
002901,大博医疗,40.24,40.23,40.24,40.99,40.64,40.9,40.16,901700.0,36432155.0,-1.83,-0.75
002902,铭普光磁,26.92,26.91,26.92,26.91,27.35,27.59,26.56,15768649.0,427916016.0,0.037,0.01
002903,宇环数控,27.84,27.84,27.85,28.34,28.24,28.75,27.64,8519201.0,239141833.0,-1.764,-0.5
002905,金逸影视,9.3,9.3,9.31,8.88,8.81,9.5,8.77,19335620.0,177054815.0,4.73,0.42
002906,华阳集团,27.75,27.75,27.77,28.2,28.19,28.36,27.7,5521900.0,154408970.0,-1.596,-0.45
002907,华森制药,14.58,14.57,14.58,14.64,14.55,14.71,14.46,11482600.0,167487292.0,-0.41,-0.06
002908,德生科技,7.22,7.22,7.23,7.36,7.34,7.38,7.18,4415698.0,31972713.0,-1.902,-0.14
002909,集泰股份,8.61,8.6,8.61,8.72,8.99,9.49,8.25,148845933.0,1305067671.0,-1.261,-0.11
002910,庄园牧场,10.97,10.96,10.97,10.8,10.85,11.88,10.7,27577327.0,306604409.0,1.574,0.17
002911,佛燃能源,11.8,11.79,11.8,11.66,11.64,11.85,11.58,4898812.0,57529025.0,1.201,0.14
002912,中新赛克,19.43,19.43,19.45,19.61,19.65,19.65,19.21,1966847.0,38185828.0,-0.918,-0.18
002913,奥士康,71.2,71.18,71.2,64.77,65.41,71.25,64.59,22366651.0,1561049463.0,9.927,6.43
002915,中欣氟材,18.87,18.86,18.87,18.17,18.2,18.91,17.8,24010117.0,441166024.0,3.853,0.7
002916,深南电路,383.3,383.3,383.31,382.5,386.3,391.66,380.0,7565026.0,2913977784.0,0.209,0.8
002917,金奥博,10.62,10.61,10.62,10.65,10.61,10.7,10.53,2889100.0,30661833.0,-0.282,-0.03
002918,蒙娜丽莎,10.75,10.75,10.76,10.99,11.0,11.02,10.64,11504175.0,123808699.0,-2.184,-0.24
002919,名臣健康,17.6,17.58,17.6,18.06,18.05,18.15,17.51,3047600.0,54215262.0,-2.547,-0.46
002920,德赛西威,85.42,85.42,85.43,86.81,86.64,86.84,85.1,4007120.0,343325022.0,-1.601,-1.39
002921,联诚精密,21.48,21.45,21.48,21.64,21.6,21.92,21.3,3533670.0,76150727.0,-0.739,-0.16
002922,伊戈尔,24.69,24.68,24.69,24.86,24.87,25.28,24.26,19999168.0,494942178.0,-0.684,-0.17
002923,润都股份,11.1,11.1,11.11,11.39,11.28,11.31,11.06,5391950.0,60112169.0,-2.546,-0.29
002925,盈趣科技,22.71,22.71,22.72,23.07,23.16,23.25,22.62,8910980.0,203794411.0,-1.56,-0.36
002926,华西证券,8.47,8.46,8.47,8.49,8.49,8.5,8.43,8536598.0,72322516.0,-0.236,-0.02
002927,泰永长征,17.92,17.92,17.93,17.62,17.6,18.59,17.53,7695700.0,139098770.0,1.703,0.3
002928,华夏航空,6.48,6.47,6.48,6.41,6.39,6.49,6.33,19323350.0,124050476.0,1.092,0.07
002929,润建股份,50.31,50.3,50.31,50.5,50.77,51.2,49.74,7830866.0,394515366.0,-0.376,-0.19
002930,宏川智慧,9.61,9.61,9.62,9.58,9.58,9.64,9.49,4309824.0,41291806.0,0.313,0.03
002931,锋龙股份,43.21,43.21,43.22,44.26,44.57,44.62,42.93,4013999.0,174622313.0,-2.372,-1.05
002932,*ST明德,15.54,15.54,15.59,15.6,15.6,15.62,15.43,630118.0,9786740.0,-0.385,-0.06
002933,新兴装备,27.48,27.48,27.49,27.64,27.57,27.88,27.36,1352500.0,37282284.0,-0.579,-0.16
002935,天奥电子,15.84,15.84,15.86,15.8,15.79,16.03,15.75,3268273.0,51933220.0,0.253,0.04
002936,郑州银行,1.8,1.8,1.81,1.8,1.8,1.82,1.79,75498892.0,136035948.0,0.0,0.0
002937,兴瑞科技,28.66,28.64,28.66,28.27,28.31,29.25,28.31,7444102.0,214494827.0,1.38,0.39
002938,鹏鼎控股,92.45,92.45,92.46,89.46,89.98,92.6,89.46,21997668.0,2008319897.0,3.342,2.99
002939,长城证券,8.06,8.06,8.07,8.09,8.07,8.09,8.04,12173700.0,98096156.0,-0.371,-0.03
002940,昂利康,25.2,25.19,25.2,26.0,25.88,25.88,25.15,9573672.0,243696963.0,-3.077,-0.8
002941,新疆交建,11.2,11.19,11.2,11.12,11.12,11.3,11.07,8332700.0,93379786.0,0.719,0.08
002942,新农股份,18.9,18.9,18.91,19.36,18.8,19.59,18.69,11953398.0,226978938.0,-2.376,-0.46
002943,宇晶股份,30.92,30.92,30.96,30.31,30.57,32.1,30.31,12176085.0,381280533.0,2.013,0.61
002945,华林证券,14.75,14.75,14.76,15.02,14.85,15.0,14.68,16864515.0,249155813.0,-1.798,-0.27
002946,新乳业,15.17,15.17,15.18,15.61,15.59,15.63,15.12,5554002.0,84827897.0,-2.819,-0.44
002947,恒铭达,65.05,65.05,65.07,64.53,64.2,66.16,64.2,7497663.0,488410163.0,0.806,0.52
002948,青岛银行,6.18,6.18,6.19,6.19,6.17,6.26,6.14,32648677.0,202416708.0,-0.162,-0.01
002949,华阳国际,13.35,13.35,13.36,13.72,13.73,13.76,13.32,8657897.0,116415539.0,-2.697,-0.37
002950,奥美医疗,9.03,9.02,9.03,9.1,9.0,9.11,8.98,3564500.0,32192406.0,-0.769,-0.07
002951,金时科技,16.05,16.05,16.06,16.17,16.28,16.38,16.0,4495200.0,72822054.0,-0.742,-0.12
002952,亚世光电,19.96,19.95,19.96,20.88,20.65,21.06,19.73,10144000.0,205104881.0,-4.406,-0.92
002953,日丰股份,11.46,11.46,11.47,10.81,10.94,11.89,10.9,48781311.0,564989881.0,6.013,0.65
002955,鸿合科技,39.14,39.11,39.14,38.42,38.4,40.21,37.84,7179870.0,278803981.0,1.874,0.72
002956,西麦食品,16.2,16.2,16.21,16.78,16.69,16.69,15.91,6009760.0,97562222.0,-3.456,-0.58
002957,科瑞技术,41.14,41.14,41.15,41.33,42.12,43.0,40.77,16446511.0,688398777.0,-0.46,-0.19
002958,青农商行,3.03,3.02,3.03,3.03,3.03,3.06,3.01,69803600.0,211540201.0,0.0,0.0
002959,小熊电器,32.55,32.55,32.59,32.96,32.96,32.96,32.41,471849.0,15365220.0,-1.244,-0.41
002960,青鸟智控,8.35,8.34,8.35,8.49,8.47,8.5,8.31,7438713.0,62322120.0,-1.649,-0.14
002961,瑞达期货,20.17,20.17,20.18,20.15,20.1,20.28,19.97,4337598.0,87353310.0,0.099,0.02
002962,五方光电,13.07,13.07,13.08,13.28,13.25,13.35,12.99,7574700.0,99638668.0,-1.581,-0.21
002963,豪尔赛,21.42,21.42,21.43,21.62,21.26,21.7,20.78,10625600.0,225342468.0,-0.925,-0.2
002965,祥鑫科技,29.16,29.15,29.16,29.8,29.9,30.19,29.0,7210050.0,212703512.0,-2.148,-0.64
002966,苏州银行,9.12,9.12,9.13,9.1,9.1,9.24,9.05,23268244.0,213290984.0,0.22,0.02
002967,广电计量,17.4,17.4,17.41,17.44,17.44,17.57,17.3,2972350.0,51783667.0,-0.229,-0.04
002968,新大正,9.7,9.7,9.73,9.87,9.87,9.91,9.68,2482913.0,24252060.0,-1.722,-0.17
002969,嘉美包装,12.23,12.23,12.24,12.82,12.75,12.82,12.13,49495200.0,611730797.0,-4.602,-0.59
002970,锐明技术,47.77,47.76,47.77,49.3,49.25,49.59,47.06,4817963.0,231615375.0,-3.103,-1.53
002971,和远气体,38.32,38.32,38.33,39.89,39.07,39.98,37.9,16731730.0,649068351.0,-3.936,-1.57
002972,科安达,13.27,13.27,13.28,13.46,13.48,13.67,13.18,9104400.0,121995188.0,-1.412,-0.19
002973,侨银股份,12.74,12.74,12.75,12.41,12.43,13.18,12.32,8292600.0,106175896.0,2.659,0.33
002975,博杰股份,101.0,100.99,101.0,100.91,102.88,105.58,100.12,11782400.0,1210828835.0,0.089,0.09
002976,瑞玛精密,24.32,24.31,24.32,25.14,25.1,25.16,24.12,4958456.0,121539165.0,-3.262,-0.82
002977,*ST天箭,21.5,21.44,21.5,21.01,20.86,21.58,20.86,919100.0,19493068.0,2.332,0.49
002978,安宁股份,26.18,26.18,26.22,26.26,26.22,26.4,26.0,1668100.0,43697661.0,-0.305,-0.08
002979,雷赛智能,52.96,52.96,52.97,53.38,53.48,54.46,52.73,4595057.0,245330478.0,-0.787,-0.42
002980,华盛昌,134.32,134.26,134.32,129.91,132.5,137.37,128.08,17090377.0,2276020054.0,3.395,4.41
002981,朝阳科技,24.24,24.23,24.24,24.35,24.4,24.5,24.09,1201800.0,29070277.0,-0.452,-0.11
002982,湘佳股份,13.63,13.63,13.64,13.62,13.66,14.18,13.6,5825354.0,80259944.0,0.073,0.01
002983,芯瑞达,20.83,20.83,20.84,21.08,21.02,21.22,20.7,1688951.0,35348896.0,-1.186,-0.25
002984,森麒麟,13.98,13.98,13.99,14.07,13.95,14.16,13.87,6239585.0,87457583.0,-0.64,-0.09
002985,北摩高科,29.02,29.02,29.03,29.08,29.0,29.67,28.92,5984474.0,175161688.0,-0.206,-0.06
002986,宇新股份,13.79,13.78,13.79,13.68,13.7,13.94,13.5,4579500.0,62957156.0,0.804,0.11
002987,京北方,11.6,11.6,11.61,11.81,11.82,11.85,11.55,12336390.0,143643428.0,-1.778,-0.21
002988,豪美新材,30.51,30.51,30.52,30.17,30.18,32.19,30.0,16073629.0,495241035.0,1.127,0.34
002989,中天精装,23.8,23.8,23.81,23.96,24.01,24.23,23.52,4248200.0,101233144.0,-0.668,-0.16
002990,盛视科技,47.4,47.4,47.42,48.15,48.76,48.98,47.0,5743755.0,275174965.0,-1.558,-0.75
002991,甘源食品,39.56,39.55,39.56,40.25,40.07,40.26,39.46,1064084.0,42316513.0,-1.714,-0.69
002992,宝明科技,33.97,33.97,34.04,34.06,34.1,35.5,33.81,1582600.0,54156354.0,-0.264,-0.09
002993,奥海科技,37.18,37.18,37.19,37.15,37.2,38.0,36.86,4266640.0,159659105.0,0.081,0.03
002995,天地在线,17.81,17.81,17.82,18.37,18.21,18.21,17.68,6436650.0,114720075.0,-3.048,-0.56
002996,顺博合金,6.31,6.3,6.31,6.29,6.29,6.32,6.22,6715110.0,42148656.0,0.318,0.02
002997,瑞鹄模具,29.4,29.39,29.4,28.57,28.58,29.48,28.42,4256299.0,123794463.0,2.905,0.83
002998,优彩资源,8.6,0.0,0.0,8.6,0.0,0.0,0.0,0.0,0.0,0.0,0.0
002999,天禾股份,7.44,7.44,7.45,7.37,7.3,8.1,7.07,95737548.0,714060309.0,0.95,0.07
003000,劲仔食品,9.85,9.84,9.85,9.98,9.97,9.97,9.78,4621466.0,45503584.0,-1.303,-0.13
003001,中岩大地,16.14,16.13,16.14,16.17,16.17,16.24,15.98,2885293.0,46427846.0,-0.186,-0.03
003002,壶化股份,18.47,18.47,18.48,19.19,19.09,19.17,18.29,13973061.0,257921658.0,-3.752,-0.72
003003,天元股份,11.29,11.29,11.3,11.36,11.36,11.4,11.19,2743375.0,31008020.0,-0.616,-0.07
003004,声迅股份,71.24,71.24,71.25,76.45,76.2,76.45,70.0,2473674.0,179608791.0,-6.815,-5.21
003005,竞业达,16.85,0.0,16.85,18.72,18.11,18.37,16.85,24360428.0,419930559.0,-9.989,-1.87
003006,百亚股份,16.66,16.65,16.66,15.8,15.82,16.68,15.78,32677422.0,536124158.0,5.443,0.86
003007,直真科技,39.04,39.03,39.04,39.19,39.24,39.86,38.71,1294900.0,50708266.0,-0.383,-0.15
003008,开普检测,19.89,19.89,19.93,19.97,20.05,20.05,19.75,919769.0,18285243.0,-0.401,-0.08
003009,中天火箭,49.07,49.07,49.08,48.02,47.97,49.8,47.77,5313118.0,260324678.0,2.187,1.05
003010,若羽臣,30.29,30.29,30.3,30.92,30.91,30.91,30.02,5642407.0,170734004.0,-2.038,-0.63
003011,海象新材,20.41,20.4,20.41,20.64,20.63,20.84,20.3,1730058.0,35562931.0,-1.114,-0.23
003012,东鹏控股,4.75,4.75,4.76,4.81,4.82,4.82,4.71,8229600.0,39104091.0,-1.247,-0.06
003013,地铁设计,17.83,17.82,17.83,16.64,16.72,18.08,16.6,20065010.0,346602323.0,7.151,1.19
003015,日久光电,12.12,12.12,12.13,12.21,12.21,12.37,12.09,2843900.0,34814743.0,-0.737,-0.09
003016,欣贺股份,7.56,7.55,7.56,7.51,7.48,7.58,7.41,4534300.0,34080876.0,0.666,0.05
003017,大洋生物,23.02,23.02,23.05,23.09,23.1,23.25,22.91,1279273.0,29526479.0,-0.303,-0.07
003018,金富科技,51.56,51.55,51.56,52.37,52.13,53.77,50.84,17871332.0,928145242.0,-1.547,-0.81
003019,宸展光电,28.14,28.11,28.14,26.81,27.01,29.4,26.88,6845412.0,193341650.0,4.961,1.33
003020,立方制药,17.48,17.47,17.48,17.89,17.76,17.87,17.43,3651768.0,64163230.0,-2.292,-0.41
003021,兆威机电,70.4,70.4,70.43,71.43,71.45,71.7,70.1,1986069.0,140588136.0,-1.442,-1.03
003022,联泓新科,19.63,19.63,19.65,19.55,19.52,19.78,19.45,4603770.0,90626244.0,0.409,0.08
003023,彩虹集团,26.11,26.11,26.17,27.48,27.36,27.58,26.01,4122229.0,109386300.0,-4.985,-1.37
003025,思进智能,11.95,11.95,11.96,12.1,12.14,12.15,11.92,2361870.0,28391203.0,-1.24,-0.15
003026,中晶科技,27.65,27.65,27.66,27.49,27.59,28.35,27.52,4911701.0,137065772.0,0.582,0.16
003027,同兴科技,17.16,17.16,17.18,17.3,17.3,17.35,17.08,1148950.0,19763160.0,-0.809,-0.14
003028,振邦智能,23.23,23.2,23.23,23.45,23.42,23.52,23.1,646360.0,15035236.0,-0.938,-0.22
003029,吉大正元,17.48,17.47,17.48,17.59,17.42,17.8,17.35,2696382.0,47268430.0,-0.625,-0.11
003030,祖名股份,26.09,26.09,26.1,26.51,26.44,26.58,25.77,3341600.0,87321740.0,-1.584,-0.42
003031,中瓷电子,120.6,120.6,120.62,118.75,122.0,124.95,118.01,12414884.0,1504043926.0,1.558,1.85
003032,传智教育,9.55,9.54,9.55,9.98,9.72,9.88,9.25,63537404.0,602478294.0,-4.309,-0.43
003033,征和工业,75.92,75.92,75.93,71.33,72.75,77.88,72.0,4080100.0,307257193.0,6.435,4.59
003035,南网能源,5.73,5.73,5.74,5.69,5.68,5.74,5.6,29003111.0,164722992.0,0.703,0.04
003036,泰坦股份,53.18,53.18,53.19,50.57,51.33,55.15,50.77,9093685.0,481948215.0,5.161,2.61
003037,三和管桩,5.85,5.84,5.85,5.91,5.9,5.92,5.83,3279466.0,19218755.0,-1.015,-0.06
003038,鑫铂股份,11.1,11.08,11.1,11.22,11.22,11.28,11.07,2908140.0,32393236.0,-1.07,-0.12
003039,顺控发展,13.06,13.06,13.07,13.3,13.31,13.54,13.03,14522616.0,192241208.0,-1.805,-0.24
003040,楚天龙,21.0,20.99,21.0,22.25,21.1,22.3,20.48,82218533.0,1743441275.0,-5.618,-1.25
003041,真爱美家,38.62,38.61,38.62,39.27,39.18,39.26,38.37,1417800.0,54922306.0,-1.655,-0.65
003042,中农联合,15.48,15.46,15.48,15.51,15.51,15.84,15.28,7691774.0,119461027.0,-0.193,-0.03
003043,华亚智能,63.9,63.9,63.91,64.38,64.71,65.2,62.67,7432772.0,476029043.0,-0.746,-0.48
003816,中国广核,4.3,4.3,4.31,4.31,4.31,4.33,4.27,77014180.0,331580262.0,-0.232,-0.01
300001,特锐德,33.43,33.43,33.44,33.42,33.29,33.77,33.15,9233721.0,309474884.0,0.03,0.01
300002,神州泰岳,8.26,8.26,8.27,8.45,8.42,8.43,8.21,33529353.0,277757871.0,-2.249,-0.19
300003,乐普医疗,11.49,11.49,11.5,11.73,11.69,11.69,11.45,16125947.0,186023921.0,-2.046,-0.24
300004,南风股份,8.46,8.46,8.47,8.94,8.78,8.88,8.4,31913862.0,274870700.0,-5.369,-0.48
300005,探路者,10.67,10.67,10.68,10.79,10.78,11.07,10.61,33068211.0,356244077.0,-1.112,-0.12
300006,莱美药业,5.21,5.2,5.21,5.32,5.27,5.29,5.16,23385036.0,122086609.0,-2.068,-0.11
300007,汉威科技,30.05,30.05,30.06,30.64,30.63,30.85,29.88,6265607.0,189276632.0,-1.926,-0.59
300008,天海防务,6.58,6.58,6.59,6.39,6.35,6.65,6.32,123578340.0,806002724.0,2.973,0.19
300009,安科生物,8.25,8.25,8.26,8.38,8.33,8.35,8.23,17235510.0,142567839.0,-1.551,-0.13
300010,ST豆神,4.99,4.99,5.0,4.56,4.64,4.99,4.55,167211824.0,800398244.0,9.43,0.43
300011,鼎汉技术,6.07,6.06,6.07,6.15,6.13,6.14,6.04,4370300.0,26593679.0,-1.301,-0.08
300012,华测检测,14.76,14.76,14.77,14.83,14.79,14.83,14.58,17523400.0,257927699.0,-0.472,-0.07
300013,新宁物流,4.22,4.22,4.23,4.22,4.2,4.28,4.16,11336909.0,47776474.0,0.0,0.0
300014,亿纬锂能,50.24,50.24,50.25,50.7,50.48,50.69,49.84,23546638.0,1183255713.0,-0.907,-0.46
300015,爱尔眼科,8.24,8.24,8.25,8.35,8.35,8.35,8.22,38685036.0,319600365.0,-1.317,-0.11
300016,北陆药业,8.6,8.6,8.61,8.68,8.7,8.73,8.56,24248871.0,209229109.0,-0.922,-0.08
300017,网宿科技,15.14,15.14,15.15,15.45,15.48,15.63,15.04,100255417.0,1530139282.0,-2.006,-0.31
300018,中元股份,11.68,11.68,11.69,11.9,11.9,11.96,11.63,6292300.0,73974476.0,-1.849,-0.22
300019,硅宝科技,14.17,14.17,14.18,14.37,14.45,14.45,14.12,2806104.0,39928126.0,-1.392,-0.2
300020,ST银江,4.19,4.19,4.2,4.21,4.2,4.32,4.06,25162885.0,105520767.0,-0.475,-0.02
300021,大禹节水,4.31,4.3,4.31,4.33,4.25,4.42,4.23,40170592.0,173469673.0,-0.462,-0.02
300022,吉峰科技,8.11,8.11,8.13,8.15,8.15,8.23,8.04,6579202.0,53457481.0,-0.491,-0.04
300024,机器人,14.34,14.33,14.34,14.33,14.3,14.45,14.23,16227971.0,232096165.0,0.07,0.01
300025,华星创业,5.97,5.96,5.97,6.04,6.04,6.05,5.9,10337424.0,61848147.0,-1.159,-0.07
300026,红日药业,3.35,3.34,3.35,3.4,3.38,3.39,3.32,41336533.0,138479632.0,-1.471,-0.05
300027,ST华谊,1.84,1.83,1.84,1.83,1.82,1.85,1.82,29943160.0,54896340.0,0.546,0.01
300030,阳普医疗,6.91,6.91,6.93,6.97,6.92,6.95,6.85,4075515.0,28131502.0,-0.861,-0.06
300031,宝通科技,20.35,20.35,20.37,20.78,20.75,20.89,20.29,11180752.0,229653272.0,-2.069,-0.43
300032,金龙机电,3.86,3.86,3.87,3.94,3.92,3.95,3.85,14010600.0,54366829.0,-2.03,-0.08
300033,同花顺,216.46,216.45,216.46,214.97,214.8,217.17,213.66,6844430.0,1474960086.0,0.693,1.49
300034,钢研高纳,16.7,16.7,16.71,16.47,16.45,16.84,16.34,13953950.0,232343664.0,1.396,0.23
300035,中科电气,12.88,12.88,12.89,12.82,12.8,12.9,12.77,7555933.0,97004672.0,0.468,0.06
300036,超图软件,10.45,10.45,10.46,10.63,10.6,10.6,10.41,6262851.0,65664463.0,-1.693,-0.18
300037,新宙邦,68.49,68.48,68.49,67.52,67.6,69.02,67.1,13005910.0,887560935.0,1.437,0.97
300039,上海凯宝,5.44,5.43,5.44,5.48,5.6,5.64,5.41,18876570.0,103555408.0,-0.73,-0.04
300040,九洲集团,5.82,5.82,5.83,5.75,5.72,5.86,5.66,27993500.0,161591411.0,1.217,0.07
300041,回天新材,10.67,10.67,10.68,10.83,10.81,10.86,10.6,14338720.0,153605101.0,-1.477,-0.16
300042,朗科科技,38.75,38.74,38.75,38.9,39.34,39.52,38.38,5971574.0,232674299.0,-0.386,-0.15
300043,星辉娱乐,4.57,4.57,4.58,4.78,4.74,4.75,4.53,47848625.0,219496116.0,-4.393,-0.21
300044,*ST赛为,5.91,5.91,5.92,6.08,6.01,6.02,5.87,17235300.0,102301939.0,-2.796,-0.17
300045,华力创通,12.12,12.12,12.13,12.15,12.08,12.34,12.05,11642089.0,141552745.0,-0.247,-0.03
300046,台基股份,23.86,23.86,23.87,24.01,23.93,24.45,23.78,3651200.0,87993733.0,-0.625,-0.15
300047,天源迪科,9.19,9.19,9.2,9.37,9.38,9.39,9.15,9550200.0,88145389.0,-1.921,-0.18
300048,合康新能,5.07,5.07,5.08,5.05,5.02,5.09,5.02,6623480.0,33528190.0,0.396,0.02
300049,福瑞医科,43.4,43.4,43.42,44.44,44.43,44.78,43.11,7676200.0,336787773.0,-2.34,-1.04
300050,世纪鼎利,7.39,7.39,7.4,7.12,7.18,7.45,7.09,44149800.0,322375792.0,3.792,0.27
300051,琏升科技,8.13,8.12,8.13,8.09,8.05,8.14,8.0,7975960.0,64350308.0,0.494,0.04
300052,中青宝,11.09,11.09,11.1,11.58,11.42,11.5,11.06,15438053.0,172667441.0,-4.231,-0.49
300053,航宇微,12.06,12.06,12.07,12.05,12.05,12.23,12.0,10196051.0,123316466.0,0.083,0.01
300054,鼎龙股份,67.72,67.72,67.73,67.55,68.25,69.24,67.17,14849265.0,1010003795.0,0.252,0.17
300055,万邦达,6.19,6.19,6.2,6.24,6.26,6.35,6.16,19100452.0,119086871.0,-0.801,-0.05
300056,中创环保,8.31,8.31,8.32,8.73,8.65,8.68,8.19,14619700.0,122381259.0,-4.811,-0.42
300057,万顺新材,6.44,6.44,6.45,6.47,6.46,6.49,6.37,15134901.0,97384893.0,-0.464,-0.03
300058,蓝色光标,13.6,13.6,13.61,13.98,13.72,13.88,13.42,235736702.0,3207000562.0,-2.718,-0.38
300059,东方财富,18.91,18.91,18.92,18.84,18.84,18.98,18.76,115969011.0,2189233304.0,0.372,0.07
300061,旗天科技,7.08,7.07,7.08,6.83,6.8,7.08,6.52,81333004.0,553506713.0,3.66,0.25
300062,中能电气,6.41,6.4,6.41,6.36,6.34,6.48,6.24,17573963.0,111841008.0,0.786,0.05
300063,天龙集团,9.2,9.2,9.21,9.5,9.42,9.45,9.11,46426300.0,427184441.0,-3.158,-0.3
300065,海兰信,16.17,16.16,16.17,15.43,15.37,16.28,15.33,54201053.0,865151685.0,4.796,0.74
300066,三川智慧,4.89,4.89,4.9,4.94,4.91,4.95,4.85,10646200.0,52048057.0,-1.012,-0.05
300067,安诺其,5.37,5.37,5.38,5.49,5.48,5.49,5.35,30063029.0,162366044.0,-2.186,-0.12
300068,ST南都,4.08,4.08,4.09,4.2,4.18,4.2,4.06,30771500.0,126459008.0,-2.857,-0.12
300069,金利华电,25.01,25.0,25.01,25.12,24.98,25.25,24.81,3935600.0,98623536.0,-0.438,-0.11
300070,碧水源,3.53,3.52,3.53,3.56,3.55,3.56,3.52,25865446.0,91412407.0,-0.843,-0.03
300071,福石控股,4.29,4.29,4.3,4.51,4.41,4.43,4.25,78496800.0,337711951.0,-4.878,-0.22
300072,海新能科,3.8,3.79,3.8,3.8,3.8,3.83,3.74,27124969.0,102650417.0,0.0,0.0
300073,当升科技,38.11,38.1,38.11,38.0,37.91,38.22,37.57,12005881.0,454656761.0,0.289,0.11
300074,华平股份,3.83,3.83,3.84,3.88,3.87,3.87,3.81,11696461.0,44897476.0,-1.289,-0.05
300075,数字政通,10.67,10.66,10.67,10.92,10.9,10.9,10.62,8124505.0,87086761.0,-2.289,-0.25
300076,*ST宁视,4.5,4.49,4.5,4.51,4.51,4.51,4.45,4219800.0,18877123.0,-0.222,-0.01
300077,国民技术,19.63,19.63,19.64,19.85,19.95,20.41,19.51,27802949.0,554255690.0,-1.108,-0.22
300078,思创智联,2.83,2.83,2.84,2.9,2.88,2.89,2.8,25693850.0,72652436.0,-2.414,-0.07
300079,数码视讯,5.15,5.14,5.15,5.04,5.03,5.34,4.95,80300771.0,415827810.0,2.183,0.11
300080,易成新能,3.81,3.8,3.81,3.84,3.84,3.85,3.76,11906000.0,45337903.0,-0.781,-0.03
300081,ST恒信,3.42,3.41,3.42,3.41,3.43,3.47,3.3,7096800.0,24213147.0,0.293,0.01
300082,奥克股份,8.48,8.47,8.48,8.45,8.37,8.51,8.36,6487200.0,54740039.0,0.355,0.03
300083,创世纪,12.27,12.27,12.28,12.45,12.45,12.67,12.21,40299153.0,498760114.0,-1.446,-0.18
300084,海默科技,10.86,10.85,10.86,11.12,11.13,11.16,10.75,8576990.0,93647160.0,-2.338,-0.26
300085,银之杰,31.59,31.59,31.6,31.82,31.81,32.08,31.3,30386798.0,961411396.0,-0.723,-0.23
300086,康芝药业,6.71,6.7,6.71,6.83,6.96,6.96,6.67,10733000.0,72345548.0,-1.757,-0.12
300087,ST荃银,6.24,6.23,6.24,6.28,6.16,6.4,6.12,26790379.0,167451555.0,-0.637,-0.04
300088,长信科技,7.32,7.31,7.32,6.89,6.93,7.35,6.92,230854936.0,1662892782.0,6.241,0.43
300091,*ST金灵,2.48,2.48,2.49,2.5,2.49,2.53,2.47,4369700.0,10898086.0,-0.8,-0.02
300092,科新机电,11.7,11.7,11.71,11.88,11.89,11.91,11.67,3130800.0,36730090.0,-1.515,-0.18
300093,金刚光伏,22.37,22.36,22.37,23.71,23.71,23.83,22.37,6806771.0,157111093.0,-5.652,-1.34
300094,国联水产,3.49,3.49,3.5,3.4,3.36,3.58,3.34,170554564.0,593725350.0,2.647,0.09
300095,华伍股份,8.62,8.62,8.63,8.61,8.6,8.74,8.57,5143600.0,44422518.0,0.116,0.01
300096,ST易联众,8.95,8.95,8.96,9.18,9.2,9.2,8.84,5568980.0,50052976.0,-2.505,-0.23
300097,智云股份,9.93,9.91,9.93,9.71,9.71,10.1,9.65,12037300.0,119365330.0,2.266,0.22
300098,高新兴,4.41,4.41,4.42,4.48,4.47,4.48,4.39,26014300.0,115324106.0,-1.563,-0.07
300099,尤洛卡,6.23,6.22,6.23,6.32,6.18,6.24,6.15,19294143.0,119492495.0,-1.424,-0.09
300100,双林股份,20.6,20.6,20.62,20.93,20.82,21.01,20.54,3791780.0,78700203.0,-1.577,-0.33
300101,振芯科技,14.35,14.35,14.36,14.49,14.46,14.65,14.34,5889216.0,85306974.0,-0.966,-0.14
300102,乾照光电,17.1,17.1,17.11,17.74,17.01,17.55,16.9,25894000.0,445516093.0,-3.608,-0.64
300103,达刚控股,8.38,8.38,8.39,8.53,8.47,8.6,8.26,8452350.0,70667639.0,-1.758,-0.15
300105,龙源技术,7.42,7.41,7.42,7.47,7.45,7.52,7.36,9866116.0,73293829.0,-0.669,-0.05
300106,西部牧业,11.94,11.93,11.94,12.1,12.02,12.23,11.83,15117906.0,181484343.0,-1.322,-0.16
300107,建新股份,6.97,6.96,6.97,6.99,7.01,7.05,6.9,7267800.0,50632018.0,-0.286,-0.02
300109,新开源,13.47,13.46,13.47,13.69,13.6,13.72,13.33,10201094.0,137602188.0,-1.607,-0.22
300110,华仁药业,2.86,2.85,2.86,2.91,2.9,2.9,2.84,18809000.0,53838575.0,-1.718,-0.05
300111,向日葵,3.12,3.11,3.12,3.2,3.2,3.2,3.1,25987553.0,81303283.0,-2.5,-0.08
300112,万讯自控,8.95,8.95,8.96,9.83,9.74,9.79,8.86,42894988.0,394238843.0,-8.952,-0.88
300113,顺网科技,16.69,16.68,16.69,17.07,17.0,17.11,16.6,14354410.0,240892504.0,-2.226,-0.38
300115,长盈精密,24.01,24.0,24.01,24.3,24.3,24.44,23.78,20429542.0,491720352.0,-1.193,-0.29
300118,东方日升,9.46,9.46,9.47,9.58,9.61,9.65,9.41,15845064.0,150404887.0,-1.253,-0.12
300119,瑞普生物,17.96,17.96,17.97,18.12,18.02,18.18,17.81,3982576.0,71547529.0,-0.883,-0.16
300120,经纬辉开,7.27,7.27,7.28,7.31,7.31,7.46,7.23,20788501.0,152193220.0,-0.547,-0.04
300121,阳谷华泰,9.84,9.83,9.84,9.75,9.76,9.85,9.72,10636500.0,104410966.0,0.923,0.09
300122,智飞生物,13.2,13.2,13.21,13.51,13.39,13.4,13.2,22323841.0,296110626.0,-2.295,-0.31
300123,ST亚光,4.9,4.9,4.91,5.0,5.0,5.02,4.84,29480383.0,144904674.0,-2.0,-0.1
300124,汇川技术,55.92,55.92,55.93,57.15,57.1,57.1,55.26,31916509.0,1783338247.0,-2.152,-1.23
300125,聆达股份,9.22,9.2,9.22,9.15,9.2,9.28,9.06,5643400.0,51758722.0,0.765,0.07
300126,锐奇股份,6.72,6.72,6.73,6.77,6.8,6.83,6.67,2694026.0,18128158.0,-0.739,-0.05
300127,银河磁体,24.24,24.24,24.25,24.45,24.4,24.58,24.04,2486800.0,60482880.0,-0.859,-0.21
300128,锦富技术,5.11,5.11,5.12,5.14,5.14,5.18,5.07,21144142.0,108321915.0,-0.584,-0.03
300129,泰胜风能,7.38,7.38,7.39,7.44,7.44,7.44,7.33,8718985.0,64337957.0,-0.806,-0.06
300130,新国都,19.03,19.03,19.04,19.33,19.31,19.43,18.93,7929423.0,151627385.0,-1.552,-0.3
300131,英唐智控,15.7,15.7,15.71,15.32,15.48,16.76,15.42,97670827.0,1571548995.0,2.48,0.38
300132,诺斯贝尔,6.71,6.71,6.72,6.55,6.52,6.75,6.35,38639505.0,253105952.0,2.443,0.16
300133,华策影视,7.53,7.53,7.54,7.73,7.65,7.7,7.46,65302147.0,491394060.0,-2.587,-0.2
300134,大富科技,8.58,8.58,8.59,8.71,8.72,8.83,8.54,10039419.0,86915150.0,-1.493,-0.13
300135,宝利国际,3.73,3.72,3.73,3.62,3.6,3.83,3.58,51778345.0,191467409.0,3.039,0.11
300136,信维通信,57.05,57.04,57.05,57.54,58.26,58.78,56.68,26039362.0,1497695555.0,-0.852,-0.49
300137,先河环保,10.73,10.72,10.73,11.24,11.24,11.37,10.7,17959210.0,196849670.0,-4.537,-0.51
300138,晨光生物,11.79,11.79,11.8,12.1,11.8,12.24,11.7,12415200.0,147267200.0,-2.562,-0.31
300139,晓程科技,51.4,51.4,51.41,49.62,49.99,51.51,48.4,46721575.0,2338476278.0,3.587,1.78
300140,节能环境,5.51,5.5,5.51,5.53,5.55,5.55,5.46,7600999.0,41787178.0,-0.362,-0.02
300141,和顺电气,10.2,10.2,10.21,10.35,10.3,10.38,10.18,3361300.0,34452873.0,-1.449,-0.15
300142,沃森生物,13.45,13.45,13.46,13.44,13.25,13.58,13.2,72909727.0,975511993.0,0.074,0.01
300143,盈康生命,7.57,7.57,7.58,7.7,7.66,7.73,7.54,5608879.0,42567268.0,-1.688,-0.13
300144,宋城演艺,6.08,6.08,6.09,6.16,6.14,6.14,6.03,38067713.0,231220091.0,-1.299,-0.08
300145,南方泵业,4.85,4.85,4.86,4.84,4.86,4.88,4.79,66571462.0,321977394.0,0.207,0.01
300146,汤臣倍健,9.79,9.78,9.79,9.86,9.86,9.86,9.56,28335435.0,274093059.0,-0.71,-0.07
300147,*ST香雪,6.75,6.74,6.75,6.46,6.43,6.97,6.42,16642003.0,111467027.0,4.489,0.29
300148,天舟文化,3.65,3.64,3.65,3.8,3.76,3.77,3.6,37555865.0,137139212.0,-3.947,-0.15
300149,睿智医药,9.27,9.27,9.28,9.37,9.24,9.38,9.1,18181694.0,167791243.0,-1.067,-0.1
300150,世纪瑞尔,4.25,4.25,4.26,4.31,4.28,4.33,4.24,5065645.0,21635246.0,-1.392,-0.06
300151,昌红科技,16.94,16.93,16.94,16.26,16.26,17.15,16.21,16758161.0,279434137.0,4.182,0.68
300152,*ST动力,1.69,1.69,1.7,1.75,1.75,1.75,1.68,18330100.0,31255931.0,-3.429,-0.06
300153,科泰电源,26.76,26.75,26.76,25.34,25.35,27.12,25.03,28298870.0,750230250.0,5.604,1.42
300154,瑞凌股份,12.91,12.91,12.92,12.53,12.48,12.96,12.41,9141300.0,115843174.0,3.033,0.38
300155,安居宝,4.52,4.51,4.52,4.61,4.6,4.62,4.5,8339281.0,37827609.0,-1.952,-0.09
300157,新锦动力,4.15,4.15,4.16,4.26,4.25,4.26,4.11,32013839.0,133296616.0,-2.582,-0.11
300158,振东制药,5.39,5.38,5.39,5.48,5.46,5.46,5.33,15679400.0,84107845.0,-1.642,-0.09
300159,新研股份,3.07,3.06,3.07,3.08,3.08,3.14,3.05,41828900.0,129236367.0,-0.325,-0.01
300160,秀强股份,4.62,4.61,4.62,4.55,4.55,4.68,4.51,10013200.0,46235983.0,1.538,0.07
300161,华中数控,26.34,26.34,26.35,26.9,26.8,26.8,26.13,2233300.0,58981465.0,-2.082,-0.56
300162,雷曼光电,7.63,7.62,7.63,7.76,7.84,7.88,7.61,15431603.0,119625267.0,-1.675,-0.13
300163,先锋新材,7.88,7.87,7.88,7.8,7.82,7.92,7.62,34509000.0,268865908.0,1.026,0.08
300164,通源石油,11.06,11.06,11.07,11.28,11.26,11.35,10.88,117680990.0,1304599114.0,-1.95,-0.22
300165,天瑞仪器,5.22,5.22,5.23,5.3,5.28,5.3,5.21,8806000.0,46161061.0,-1.509,-0.08
300166,东方国信,12.43,12.43,12.44,12.56,12.6,12.71,12.33,23101503.0,288708364.0,-1.035,-0.13
300167,ST迪威迅,3.9,3.9,3.91,4.05,4.02,4.05,3.89,4628300.0,18219628.0,-3.704,-0.15
300168,万达信息,4.86,4.86,4.87,4.99,4.96,5.0,4.84,19121853.0,93422269.0,-2.605,-0.13
300169,天晟新材,5.71,5.71,5.72,5.81,5.78,5.83,5.7,6676122.0,38339627.0,-1.721,-0.1
300170,汉得信息,15.75,15.74,15.75,16.22,16.05,16.19,15.68,39738369.0,630386044.0,-2.898,-0.47
300171,东富龙,13.73,13.72,13.73,13.96,13.91,14.0,13.6,10479011.0,144007411.0,-1.648,-0.23
300172,中电环保,4.69,4.68,4.69,4.73,4.71,4.72,4.65,9308076.0,43576698.0,-0.846,-0.04
300173,ST福能,3.34,3.34,3.35,3.39,3.39,3.39,3.32,4529700.0,15168019.0,-1.475,-0.05
300174,元力股份,18.47,18.47,18.48,18.22,18.22,18.64,18.02,13459400.0,247275540.0,1.372,0.25
300175,朗源股份,5.98,5.97,5.98,6.11,6.09,6.19,5.88,10632100.0,64087880.0,-2.128,-0.13
300176,鸿特科技,4.58,4.57,4.58,4.59,4.58,4.61,4.52,10678687.0,48788793.0,-0.218,-0.01
300177,中海达,6.49,6.48,6.49,6.44,6.43,6.6,6.39,13760600.0,89023960.0,0.776,0.05
300179,四方达,42.3,42.3,42.31,39.41,40.01,42.8,38.73,75657591.0,3119757434.0,7.333,2.89
300180,华峰超纤,4.67,4.67,4.68,4.75,4.76,4.79,4.62,37326623.0,174403314.0,-1.684,-0.08
300181,佐力药业,13.5,13.5,13.51,13.6,13.57,13.6,13.44,6751076.0,91114640.0,-0.735,-0.1
300182,捷成股份,5.2,5.2,5.21,5.4,5.35,5.39,5.16,127920141.0,667055298.0,-3.704,-0.2
300183,东软载波,10.58,10.58,10.59,10.68,10.72,10.73,10.52,2969764.0,31575133.0,-0.936,-0.1
300184,力源信息,11.88,11.88,11.89,11.9,11.96,12.08,11.81,28936567.0,345597543.0,-0.168,-0.02
300185,通裕重工,2.78,2.77,2.78,2.75,2.74,2.78,2.73,63647200.0,175867170.0,1.091,0.03
300187,永清环保,4.74,4.73,4.74,4.78,4.78,4.78,4.71,4507810.0,21344608.0,-0.837,-0.04
300188,国投智能,10.19,10.18,10.19,10.32,10.31,10.37,10.15,7333455.0,74828954.0,-1.26,-0.13
300189,神农种业,7.78,7.77,7.78,7.68,7.49,7.88,7.49,302194146.0,2312996222.0,1.302,0.1
300190,维尔利,4.11,4.11,4.12,4.11,4.13,4.14,4.07,12393121.0,50877223.0,0.0,0.0
300191,潜能恒信,36.95,36.94,36.95,38.06,37.51,38.29,36.58,14919871.0,556041092.0,-2.916,-1.11
300192,科德教育,18.33,18.33,18.34,18.34,18.35,18.98,17.98,16260070.0,298615898.0,-0.055,-0.01
300193,佳士科技,8.04,8.04,8.05,8.09,8.05,8.13,8.01,2621900.0,21113121.0,-0.618,-0.05
300194,福安药业,3.95,3.94,3.95,4.01,4.01,4.01,3.93,11528730.0,45649665.0,-1.496,-0.06
300195,长荣股份,6.24,6.23,6.24,6.32,6.33,6.35,6.18,6509382.0,40641389.0,-1.266,-0.08
300196,长海股份,16.92,16.92,16.93,16.7,16.85,17.15,16.82,8839468.0,150044714.0,1.317,0.22
300197,节能铁汉,2.09,2.09,2.1,2.15,2.13,2.15,2.08,105684691.0,221606332.0,-2.791,-0.06
300198,*ST纳川,2.46,2.45,2.46,2.42,2.42,2.48,2.41,7839600.0,19201321.0,1.653,0.04
300199,翰宇药业,23.16,23.16,23.17,22.88,22.59,23.78,22.49,39710660.0,922216474.0,1.224,0.28
300200,高盟新材,8.49,8.49,8.5,8.57,8.59,8.63,8.43,6034800.0,51427634.0,-0.933,-0.08
300201,海伦哲,13.67,13.66,13.67,13.17,13.2,14.12,13.19,41938603.0,575580349.0,3.797,0.5
300203,聚光科技,12.5,12.5,12.51,12.63,12.6,12.6,12.43,4553379.0,57007237.0,-1.029,-0.13
300204,舒泰神,20.8,20.8,20.81,21.37,21.19,21.25,20.66,12652685.0,264711298.0,-2.667,-0.57
300205,*ST天喻,4.95,4.95,4.97,5.02,5.0,5.03,4.95,1766200.0,8792761.0,-1.394,-0.07
300206,理邦仪器,11.58,11.58,11.59,11.75,11.75,11.75,11.5,5340149.0,61893276.0,-1.447,-0.17
300207,欣旺达,17.45,17.44,17.45,17.16,17.15,17.65,17.02,46300855.0,805522848.0,1.69,0.29
300209,行云科技,37.69,37.69,37.7,35.54,36.09,37.98,35.7,94216420.0,3472612989.0,6.05,2.15
300210,森远股份,8.01,8.01,8.02,8.17,8.14,8.2,8.0,5267082.0,42498676.0,-1.958,-0.16
300211,*ST亿通,7.4,7.38,7.4,7.48,7.48,7.48,7.3,1417600.0,10481949.0,-1.07,-0.08
300212,*ST易录,8.3,8.3,8.31,8.16,8.16,8.52,8.07,10139693.0,84063930.0,1.716,0.14
300213,佳讯飞鸿,6.61,6.6,6.61,6.57,6.56,6.66,6.51,8892900.0,58565369.0,0.609,0.04
300214,日科化学,11.36,11.35,11.36,11.22,11.11,11.51,10.96,29870560.0,335134868.0,1.248,0.14
300215,电科院,6.57,6.56,6.57,6.62,6.58,6.58,6.51,8828000.0,57770983.0,-0.755,-0.05
300217,东方电热,4.17,4.16,4.17,4.2,4.2,4.22,4.16,14486290.0,60580780.0,-0.714,-0.03
300218,安利股份,12.86,12.85,12.86,13.03,13.09,13.09,12.79,1861900.0,23970969.0,-1.305,-0.17
300219,鸿利智汇,6.88,6.88,6.89,6.89,6.9,6.93,6.82,10735700.0,73833578.0,-0.145,-0.01
300220,金运激光,11.55,11.52,11.55,11.62,11.64,11.76,11.48,2339745.0,27182267.0,-0.602,-0.07
300221,银禧科技,13.83,13.82,13.83,13.92,13.97,14.1,13.7,15918040.0,221628162.0,-0.647,-0.09
300222,科大智能,10.13,10.13,10.14,10.19,10.2,10.26,10.05,15532643.0,157807830.0,-0.589,-0.06
300223,君正股份,131.98,131.98,132.0,133.79,135.72,136.99,131.08,14445034.0,1927931161.0,-1.353,-1.81
300224,正海磁材,11.83,11.82,11.83,12.0,12.01,12.03,11.76,12991137.0,154049654.0,-1.417,-0.17
300225,金力泰,8.08,8.08,8.09,8.05,8.04,8.16,7.96,18127576.0,145895202.0,0.373,0.03
300226,上海钢联,16.89,16.88,16.89,17.38,17.28,17.28,16.84,8608498.0,146068625.0,-2.819,-0.49
300227,光韵达,14.33,14.32,14.33,13.95,14.02,14.68,13.85,26415727.0,378316157.0,2.724,0.38
300228,富瑞特装,6.94,6.94,6.95,6.97,6.95,6.98,6.89,9081600.0,62966730.0,-0.43,-0.03
300229,拓尔思,13.36,13.35,13.36,13.82,13.7,13.78,13.25,19776478.0,265488808.0,-3.329,-0.46
300230,永利股份,4.41,4.41,4.42,4.43,4.42,4.44,4.39,5297000.0,23380315.0,-0.451,-0.02
300231,银信科技,8.21,8.2,8.21,8.34,8.33,8.36,8.15,7180100.0,59026547.0,-1.559,-0.13
300232,洲明科技,5.49,5.49,5.5,5.55,5.54,5.57,5.47,10862400.0,59760495.0,-1.081,-0.06
300233,金城医药,13.39,13.39,13.4,13.79,13.75,13.76,13.32,10523700.0,141690997.0,-2.901,-0.4
300234,开尔新材,10.44,10.44,10.45,10.54,10.54,10.65,10.33,6731900.0,70640193.0,-0.949,-0.1
300235,方直科技,11.17,11.16,11.17,11.47,11.45,11.55,11.07,4667950.0,52459070.0,-2.616,-0.3
300236,上海新阳,83.52,83.52,83.53,83.23,83.97,85.38,83.0,5054400.0,425032719.0,0.348,0.29
300237,ST美晨,2.33,2.33,2.34,2.36,2.38,2.42,2.33,22169306.0,52451819.0,-1.271,-0.03
300238,冠昊生物,11.45,11.45,11.48,11.71,11.69,11.69,11.38,3907920.0,44855890.0,-2.22,-0.26
300239,东宝生物,5.19,5.19,5.2,5.23,5.2,5.21,5.14,4828200.0,25006444.0,-0.765,-0.04
300240,飞力达,6.27,6.26,6.27,6.26,6.23,6.28,6.19,5229234.0,32652561.0,0.16,0.01
300241,瑞丰光电,5.82,5.82,5.83,5.82,5.82,5.85,5.77,10963847.0,63806314.0,0.0,0.0
300242,佳云科技,4.08,4.07,4.08,4.21,4.21,4.21,4.05,20451500.0,83764723.0,-3.088,-0.13
300243,瑞丰高材,16.2,16.2,16.21,16.06,15.98,16.52,15.97,12984770.0,210970320.0,0.872,0.14
300244,迪安诊断,17.66,17.65,17.66,18.19,18.02,18.1,17.56,25228584.0,446486950.0,-2.914,-0.53
300245,ST天玑,5.92,5.92,5.93,6.08,6.08,6.08,5.91,3543400.0,21181577.0,-2.632,-0.16
300246,宝莱特,14.68,14.67,14.68,14.89,14.89,14.93,14.45,4826800.0,70836531.0,-1.41,-0.21
300247,融捷健康,3.77,3.77,3.78,3.82,3.82,3.83,3.75,9718200.0,36715833.0,-1.309,-0.05
300248,新开普,8.56,8.55,8.56,8.77,8.75,8.76,8.52,6693400.0,57585247.0,-2.395,-0.21
300249,依米康,13.28,13.27,13.28,13.31,13.43,13.45,13.12,11052070.0,146654276.0,-0.225,-0.03
300250,初灵信息,15.59,15.59,15.6,15.99,15.97,16.03,15.46,5084400.0,79644253.0,-2.502,-0.4
300251,光线传媒,11.45,11.45,11.46,11.76,11.67,11.71,11.37,42094745.0,482672649.0,-2.636,-0.31
300252,金信诺,12.74,12.74,12.75,12.39,12.41,13.1,12.41,51515177.0,657587759.0,2.825,0.35
300253,卫宁健康,6.9,6.89,6.9,7.08,7.07,7.07,6.86,41663001.0,288446477.0,-2.542,-0.18
300254,仟源医药,9.1,9.08,9.1,9.11,9.03,9.3,8.87,13476158.0,122737230.0,-0.11,-0.01
300255,常山药业,23.11,23.11,23.12,23.78,23.6,23.63,22.95,15894935.0,369893090.0,-2.817,-0.67
300256,星星科技,2.82,2.82,2.83,2.9,2.89,2.9,2.82,21290600.0,60530176.0,-2.759,-0.08
300257,开山股份,18.76,18.75,18.76,17.77,17.77,19.6,17.7,24840002.0,464651177.0,5.571,0.99
300258,精锻科技,9.49,9.48,9.49,9.62,9.6,9.61,9.44,4492841.0,42702367.0,-1.351,-0.13
300259,新天科技,4.32,4.31,4.32,4.43,4.43,4.45,4.28,24536100.0,106564117.0,-2.483,-0.11
300260,新莱应材,54.45,54.45,54.46,55.14,55.03,56.7,54.27,10405508.0,575466552.0,-1.251,-0.69
300261,雅本化学,5.31,5.31,5.32,5.38,5.32,5.49,5.25,37048173.0,197582428.0,-1.301,-0.07
300263,隆华科技,9.89,9.89,9.9,9.86,9.89,10.1,9.84,29574057.0,294707710.0,0.304,0.03
300264,佳创视讯,6.25,6.25,6.26,6.56,6.49,6.7,6.25,34890106.0,222130159.0,-4.726,-0.31
300265,通光线缆,13.89,13.88,13.89,13.68,13.72,14.4,13.7,27753527.0,389341142.0,1.535,0.21
300266,兴源环境,2.05,2.05,2.06,2.07,2.09,2.09,2.02,35513912.0,72813837.0,-0.966,-0.02
300267,尔康制药,3.28,3.28,3.29,3.34,3.35,3.35,3.27,20566400.0,67627325.0,-1.796,-0.06
300268,佳沃食品,12.9,12.89,12.9,13.07,13.0,13.29,12.89,2868800.0,37374461.0,-1.301,-0.17
300269,联建光电,5.0,5.0,5.01,5.07,5.06,5.07,4.99,9505725.0,47752356.0,-1.381,-0.07
300270,中威电子,10.66,10.65,10.66,10.8,10.82,11.1,10.64,8202600.0,89012637.0,-1.296,-0.14
300271,华宇软件,5.69,5.68,5.69,5.82,5.77,5.8,5.64,12320800.0,70088021.0,-2.234,-0.13
300272,开能健康,5.91,5.9,5.91,5.92,5.96,6.1,5.88,7853200.0,46766418.0,-0.169,-0.01
300274,阳光电源,87.0,87.0,87.01,87.85,87.84,88.25,86.23,34610271.0,3007495912.0,-0.968,-0.85
300275,梅安森,9.05,9.04,9.05,9.06,9.01,9.11,8.99,3710700.0,33584083.0,-0.11,-0.01
300276,三丰智能,6.14,6.14,6.15,6.26,6.26,6.28,6.13,18344127.0,113404016.0,-1.917,-0.12
300277,汽轮科技,12.82,12.82,12.83,12.83,12.85,13.07,12.73,21641079.0,278653547.0,-0.078,-0.01
300278,华昌达,3.64,3.63,3.64,3.69,3.68,3.69,3.61,11683187.0,42533254.0,-1.355,-0.05
300279,和晶科技,5.73,5.72,5.73,5.83,5.84,5.88,5.71,6533200.0,37730315.0,-1.715,-0.1
300281,金明精机,6.78,6.78,6.79,6.76,6.81,6.81,6.71,4355700.0,29430470.0,0.296,0.02
300283,温州宏丰,12.95,12.94,12.95,12.89,12.93,13.23,12.83,21894707.0,285342456.0,0.465,0.06
300284,苏交科,5.19,5.19,5.2,5.25,5.25,5.27,5.16,10633800.0,55201137.0,-1.143,-0.06
300285,国瓷材料,60.37,60.37,60.38,60.34,61.78,62.45,59.94,48768890.0,2981898488.0,0.05,0.03
300286,安科瑞,19.6,19.59,19.6,19.82,19.81,19.86,19.5,2618107.0,51503509.0,-1.11,-0.22
300287,飞利信,3.68,3.68,3.69,3.77,3.74,3.76,3.64,31430500.0,115589568.0,-2.387,-0.09
300288,朗玛信息,9.93,9.92,9.93,10.21,10.19,10.2,9.89,4514600.0,44947691.0,-2.742,-0.28
300289,利德曼,5.88,5.88,5.89,5.97,5.95,5.99,5.84,4550200.0,26825894.0,-1.508,-0.09
300290,ST荣科,6.17,6.17,6.18,6.15,6.15,6.24,5.91,33388700.0,202539759.0,0.325,0.02
300291,百纳千成,5.4,5.39,5.4,5.68,5.58,5.64,5.28,58854911.0,317330202.0,-4.93,-0.28
300292,吴通控股,4.39,4.39,4.4,4.38,4.38,4.52,4.35,53665325.0,237437743.0,0.228,0.01
300293,蓝英装备,14.7,14.69,14.7,14.9,14.98,15.06,14.67,3026400.0,44867970.0,-1.342,-0.2
300294,博雅生物,14.76,14.76,14.77,15.13,15.01,15.1,14.74,5026544.0,74687934.0,-2.445,-0.37
300295,*ST三六,11.9,11.89,11.9,11.95,11.91,12.19,11.66,2883000.0,34241636.0,-0.418,-0.05
300296,利亚德,5.03,5.03,5.04,5.08,5.08,5.09,5.01,34583676.0,174407439.0,-0.984,-0.05
300298,三诺生物,15.55,15.55,15.56,15.9,15.86,15.86,15.55,3459907.0,54106498.0,-2.201,-0.35
300299,富春股份,5.75,5.74,5.75,5.93,5.88,5.9,5.68,22467900.0,129043385.0,-3.035,-0.18
300300,海峡创新,9.02,9.01,9.02,8.84,8.85,9.5,8.53,145025509.0,1306486244.0,2.036,0.18
300301,ST长方,3.61,3.6,3.61,3.48,3.48,3.66,3.48,13325300.0,47480495.0,3.736,0.13
300302,同有科技,27.81,27.8,27.81,28.12,28.38,28.65,27.63,13972541.0,392872836.0,-1.102,-0.31
300303,聚飞光电,6.92,6.92,6.93,6.91,6.94,7.01,6.88,28369308.0,197054974.0,0.145,0.01
300304,云意电气,11.57,11.57,11.58,11.34,11.42,12.15,11.42,29579156.0,348127785.0,2.028,0.23
300305,裕兴股份,6.27,6.27,6.28,6.29,6.24,6.32,6.22,5542025.0,34755481.0,-0.318,-0.02
300306,远方信息,10.39,10.39,10.4,10.55,10.5,10.57,10.35,2287300.0,23879526.0,-1.517,-0.16
300307,慈星股份,7.42,7.42,7.43,7.55,7.53,7.58,7.39,13054516.0,97382358.0,-1.722,-0.13
300308,中际旭创,908.9,908.89,908.9,902.37,932.5,934.49,901.0,20110050.0,18420917475.0,0.724,6.53
300310,宜通世纪,4.4,4.4,4.41,4.5,4.5,4.52,4.38,15935402.0,70560330.0,-2.222,-0.1
300311,任子行,5.52,5.52,5.53,5.64,5.6,5.63,5.44,29691475.0,163494949.0,-2.128,-0.12
300313,天山生物,14.99,14.99,15.0,15.9,14.94,16.1,14.94,32170071.0,493128092.0,-5.723,-0.91
300314,戴维医疗,11.42,11.42,11.43,11.75,11.84,12.24,11.31,8288980.0,96223987.0,-2.809,-0.33
300315,掌趣科技,4.17,4.17,4.18,4.34,4.29,4.33,4.15,126255133.0,529186025.0,-3.917,-0.17
300316,晶盛机电,40.33,40.32,40.33,40.24,40.42,41.07,40.05,6231200.0,252685633.0,0.224,0.09
300317,珈伟新能,4.17,4.17,4.18,4.19,4.19,4.22,4.11,35836122.0,149308445.0,-0.477,-0.02
300318,博晖创新,5.16,5.16,5.17,5.17,5.14,5.18,5.08,5318992.0,27357609.0,-0.193,-0.01
300319,麦捷科技,20.05,20.05,20.06,19.77,19.89,20.66,19.68,112528748.0,2271016480.0,1.416,0.28
300320,海达股份,8.3,8.29,8.3,8.18,8.18,8.33,8.14,5204400.0,43006830.0,1.467,0.12
300321,同大股份,32.82,32.82,32.83,32.86,32.88,34.5,32.7,2875500.0,96257011.0,-0.122,-0.04
300322,硕贝德,17.91,17.91,17.92,18.34,18.34,18.5,17.84,23623488.0,427485253.0,-2.345,-0.43
300323,华灿光电,11.03,11.03,11.04,11.32,11.45,11.52,10.97,57422916.0,643657544.0,-2.562,-0.29
300324,旋极信息,3.5,3.5,3.51,3.58,3.57,3.57,3.49,20970451.0,73726763.0,-2.235,-0.08
300326,ST凯利,6.2,6.2,6.21,6.28,6.29,6.29,6.18,5086535.0,31643154.0,-1.274,-0.08
300327,中颖电子,24.2,24.2,24.21,24.2,24.2,24.65,24.05,6390639.0,155399711.0,0.0,0.0
300328,宜安科技,14.54,14.54,14.55,14.91,14.9,14.93,14.41,33866325.0,494699977.0,-2.482,-0.37
300329,海伦钢琴,12.09,12.09,12.12,12.27,12.27,12.36,12.08,1350800.0,16463008.0,-1.467,-0.18
300331,苏大维格,47.17,47.17,47.18,48.0,48.38,50.08,47.02,9945700.0,480973805.0,-1.729,-0.83
300332,天壕能源,5.14,5.13,5.14,5.19,5.19,5.23,5.11,17589444.0,90588586.0,-0.963,-0.05
300333,兆日科技,11.4,11.4,11.41,11.79,11.77,11.77,11.29,27423238.0,313440503.0,-3.308,-0.39
300334,津膜科技,8.36,8.35,8.36,8.51,8.49,8.58,8.32,8357900.0,70339996.0,-1.763,-0.15
300335,迪森股份,5.71,5.71,5.72,5.69,5.7,5.74,5.63,8051400.0,45818052.0,0.351,0.02
300337,银邦股份,9.74,9.74,9.76,9.81,9.81,9.89,9.7,10903800.0,106725572.0,-0.714,-0.07
300338,*ST开元,3.12,3.12,3.13,3.19,3.25,3.25,3.1,4423392.0,13896168.0,-2.194,-0.07
300339,润和软件,34.84,34.83,34.84,34.91,34.88,34.98,34.44,11048792.0,382873159.0,-0.201,-0.07
300340,科恒股份,8.88,8.88,8.89,8.99,8.94,8.99,8.83,2962850.0,26407319.0,-1.224,-0.11
300341,麦克奥迪,12.85,12.85,12.86,13.19,13.1,13.11,12.79,3673225.0,47413473.0,-2.578,-0.34
300342,天银机电,32.22,32.22,32.23,32.46,32.54,32.82,32.12,8015194.0,259880765.0,-0.739,-0.24
300343,联创股份,5.67,5.66,5.67,5.65,5.66,5.71,5.61,11218007.0,63459864.0,0.354,0.02
300345,华民股份,7.36,7.36,7.37,7.64,7.6,7.69,7.31,25887700.0,192403345.0,-3.665,-0.28
300346,南大光电,52.74,52.74,52.75,51.56,51.6,54.1,51.6,33245777.0,1763401245.0,2.289,1.18
300347,泰格医药,54.68,54.68,54.69,53.3,53.24,55.9,52.32,22962049.0,1254363066.0,2.589,1.38
300348,长亮科技,10.0,9.99,10.0,10.18,10.13,10.16,9.95,14717825.0,147451514.0,-1.768,-0.18
300349,金卡智能,10.36,10.36,10.37,10.37,10.35,10.38,10.27,3555200.0,36718775.0,-0.096,-0.01
300350,华鹏飞,4.54,4.54,4.55,4.6,4.63,4.63,4.53,9019100.0,41180169.0,-1.304,-0.06
300351,永贵电器,14.57,14.56,14.57,14.48,14.49,14.73,14.4,5464600.0,79572850.0,0.622,0.09
300352,ST信源,2.6,2.59,2.6,2.64,2.64,2.64,2.56,16516260.0,42801008.0,-1.515,-0.04
300353,东土科技,16.46,16.46,16.47,16.57,16.61,16.68,16.36,7604100.0,125609032.0,-0.664,-0.11
300354,东华测试,27.09,27.09,27.1,27.29,27.49,27.55,26.9,1104000.0,29965255.0,-0.733,-0.2
300355,蒙草生态,2.98,2.98,2.99,3.04,3.01,3.02,2.97,22047200.0,65937818.0,-1.974,-0.06
300357,我武生物,20.01,20.0,20.01,21.94,20.99,21.08,19.44,29007889.0,582232147.0,-8.797,-1.93
300358,楚天科技,8.27,8.26,8.27,8.45,8.41,8.41,8.19,19348260.0,160183679.0,-2.13,-0.18
300359,全通教育,4.25,4.24,4.25,4.39,4.35,4.36,4.2,16366400.0,69375451.0,-3.189,-0.14
300360,炬华科技,11.46,11.45,11.46,11.47,11.47,11.52,11.4,2795075.0,32026081.0,-0.087,-0.01
300363,博腾股份,21.83,21.82,21.83,20.71,20.4,22.3,20.31,34343802.0,742970148.0,5.408,1.12
300364,中文在线,25.1,25.1,25.11,25.97,25.97,26.1,24.8,69383760.0,1748481957.0,-3.35,-0.87
300365,恒华科技,4.66,4.65,4.66,4.77,4.77,4.77,4.65,10775400.0,50422841.0,-2.306,-0.11
300366,ST创意,5.48,5.48,5.49,5.55,5.55,5.56,5.45,5625462.0,30939464.0,-1.261,-0.07
300368,汇金股份,9.47,9.47,9.48,9.7,9.74,9.75,9.35,33809300.0,320433427.0,-2.371,-0.23
300369,绿盟科技,7.91,7.91,7.92,7.9,7.89,7.98,7.74,31906764.0,250487544.0,0.127,0.01
300370,安控科技,2.23,2.23,2.24,2.27,2.26,2.26,2.22,15448499.0,34541852.0,-1.762,-0.04
300371,汇中股份,10.4,10.39,10.4,10.51,10.51,10.55,10.33,1775505.0,18552700.0,-1.047,-0.11
300373,扬杰科技,87.01,87.01,87.02,86.82,87.43,88.5,86.34,5993295.0,523824605.0,0.219,0.19
300374,中铁装配,11.33,11.33,11.34,11.48,11.54,11.55,11.29,2333600.0,26521429.0,-1.307,-0.15
300375,鹏翎股份,4.22,4.22,4.23,4.24,4.25,4.26,4.21,6620500.0,28014444.0,-0.472,-0.02
300376,易事特,4.27,4.27,4.28,4.37,4.37,4.38,4.26,17608000.0,75831347.0,-2.288,-0.1
300377,赢时胜,14.78,14.77,14.78,14.97,14.85,15.0,14.67,21099008.0,312307348.0,-1.269,-0.19
300378,鼎捷数智,37.71,37.71,37.72,38.22,38.51,38.56,37.41,12229912.0,463281501.0,-1.334,-0.51
300380,安硕信息,29.39,29.38,29.39,30.09,29.97,30.01,29.2,2384700.0,70462829.0,-2.326,-0.7
300381,溢多利,6.18,6.17,6.18,6.15,6.1,6.37,6.08,22343200.0,139041022.0,0.488,0.03
300382,斯莱克,18.16,18.15,18.16,18.78,18.78,18.97,17.96,23751543.0,434050937.0,-3.301,-0.62
300383,光环新网,11.72,11.72,11.73,12.06,12.08,12.12,11.7,50373840.0,596983432.0,-2.819,-0.34
300384,三联虹普,12.26,12.26,12.27,12.34,12.33,12.36,12.17,1677716.0,20529398.0,-0.648,-0.08
300385,ST雪浪,13.0,12.99,13.0,13.36,13.18,13.37,12.95,5095600.0,66704139.0,-2.695,-0.36
300386,飞天诚信,11.51,11.51,11.52,11.83,11.72,11.73,11.44,10515408.0,121170561.0,-2.705,-0.32
300387,富邦科技,8.34,8.34,8.35,8.3,8.23,8.47,8.07,25298543.0,209848299.0,0.482,0.04
300388,节能国祯,7.05,7.05,7.06,7.06,7.03,7.08,7.0,5574600.0,39271617.0,-0.142,-0.01
300389,艾比森,12.63,12.62,12.63,12.77,12.82,12.82,12.57,2872758.0,36405400.0,-1.096,-0.14
300390,天华新能,56.91,56.91,56.92,57.45,57.48,57.78,56.51,17982873.0,1026665607.0,-0.94,-0.54
300393,中来股份,6.22,6.21,6.22,6.28,6.28,6.35,6.2,13763100.0,86259942.0,-0.955,-0.06
300394,天孚通信,258.03,258.03,258.04,258.5,270.0,270.88,256.13,30059593.0,7907332901.0,-0.182,-0.47
300395,菲利华,98.39,98.38,98.39,95.29,95.0,98.99,94.53,29522896.0,2874553424.0,3.253,3.1
300396,ST迪瑞,7.23,7.23,7.25,7.38,7.32,7.35,7.2,1659500.0,12078559.0,-2.033,-0.15
300397,天和防务,11.1,11.09,11.1,10.98,10.94,11.3,10.93,16101889.0,179061235.0,1.093,0.12
300398,飞凯材料,33.49,33.48,33.49,32.99,33.26,34.74,33.13,28206576.0,954433091.0,1.516,0.5
300399,天利科技,20.7,20.69,20.7,20.58,20.39,20.96,20.35,7692100.0,158780529.0,0.583,0.12
300400,劲拓股份,35.66,35.65,35.66,34.95,35.2,36.38,34.66,15239373.0,544126722.0,2.031,0.71
300401,花园生物,15.65,15.65,15.66,15.59,15.59,15.86,15.43,22787145.0,355781948.0,0.385,0.06
300402,宝色股份,15.24,15.23,15.24,15.17,15.17,15.42,15.13,2046900.0,31245883.0,0.461,0.07
300403,汉宇集团,9.14,9.14,9.15,9.36,9.29,9.33,9.12,7050000.0,64773253.0,-2.35,-0.22
300404,博济医药,12.9,12.9,12.91,13.15,13.04,13.32,12.78,45716981.0,593961743.0,-1.901,-0.25
300405,科隆股份,5.86,5.86,5.87,5.9,5.9,5.95,5.84,4598900.0,27055784.0,-0.678,-0.04
300406,九强生物,11.72,11.71,11.72,11.8,11.71,11.78,11.65,2768800.0,32400904.0,-0.678,-0.08
300407,凯发电气,11.53,11.53,11.54,11.54,11.48,11.59,11.44,2728200.0,31378403.0,-0.087,-0.01
300408,三环集团,117.77,117.77,117.78,115.17,118.63,121.54,116.71,51656317.0,6136462375.0,2.258,2.6
300409,道氏技术,17.37,17.37,17.38,17.42,17.38,17.56,17.28,9040397.0,157440729.0,-0.287,-0.05
300410,正业科技,8.11,8.11,8.12,8.11,8.07,8.26,8.06,13406154.0,109444597.0,0.0,0.0
300411,金盾股份,8.77,8.76,8.77,8.63,8.6,8.78,8.51,13380375.0,116161233.0,1.622,0.14
300412,迦南科技,4.51,4.51,4.52,4.57,4.56,4.59,4.47,7442188.0,33635761.0,-1.313,-0.06
300413,芒果超媒,18.57,18.57,18.58,20.62,20.1,20.3,18.48,172197340.0,3294277997.0,-9.942,-2.05
300414,中光防雷,11.25,11.24,11.25,11.14,11.2,11.39,11.08,10427113.0,117521469.0,0.987,0.11
300415,伊之密,19.32,19.32,19.35,19.44,19.48,19.52,19.22,4274587.0,82747737.0,-0.617,-0.12
300416,苏试试验,14.16,14.15,14.16,14.19,14.21,14.32,14.11,8394820.0,119363063.0,-0.211,-0.03
300417,南华仪器,11.79,11.79,11.8,11.96,11.89,11.98,11.72,2614053.0,30916309.0,-1.421,-0.17
300418,昆仑万维,45.69,45.69,45.7,46.09,45.98,46.29,45.0,55093388.0,2508710649.0,-0.868,-0.4
300419,ST浩丰,9.15,9.14,9.15,9.22,9.23,9.31,9.08,3305660.0,30238255.0,-0.759,-0.07
300420,五洋自控,7.97,7.97,7.98,8.08,8.08,8.46,7.88,75531919.0,612693403.0,-1.361,-0.11
300421,力星股份,16.8,16.8,16.81,16.82,16.78,17.05,16.66,2967442.0,49977416.0,-0.119,-0.02
300422,博世科,4.32,4.31,4.32,4.23,4.21,4.34,4.19,12426248.0,53170733.0,2.128,0.09
300423,昇辉科技,5.86,5.85,5.86,5.9,5.9,5.91,5.82,6312578.0,36929904.0,-0.678,-0.04
300424,航新科技,14.32,14.32,14.33,14.4,14.34,14.65,14.24,6005009.0,86606627.0,-0.556,-0.08
300425,中建环能,4.15,4.15,4.16,4.18,4.16,4.19,4.13,6299858.0,26173255.0,-0.718,-0.03
300426,华智数媒,7.73,7.73,7.74,7.29,7.16,7.75,6.96,38359192.0,282079346.0,6.036,0.44
300427,红相股份,6.87,6.87,6.88,6.93,6.9,6.94,6.78,22248600.0,152370331.0,-0.866,-0.06
300428,立中集团,20.37,20.37,20.39,20.36,20.35,20.69,20.3,5349355.0,109511640.0,0.049,0.01
300429,强力新材,11.05,11.05,11.06,10.75,10.85,11.4,10.77,22773501.0,252226868.0,2.791,0.3
300430,*ST益通,4.53,4.52,4.53,4.76,4.71,4.73,4.51,8854773.0,40650903.0,-4.832,-0.23
300432,富临精工,14.05,14.05,14.06,13.79,13.78,14.09,13.71,30667814.0,426645460.0,1.885,0.26
300433,蓝思科技,35.12,35.11,35.12,34.6,34.98,35.35,34.55,58426421.0,2047229075.0,1.503,0.52
300434,金石亚药,10.88,10.88,10.89,11.16,11.11,11.13,10.75,15103360.0,165234452.0,-2.509,-0.28
300435,中泰股份,17.14,17.14,17.15,17.4,17.47,17.47,17.1,5130900.0,88502378.0,-1.494,-0.26
300436,广生堂,89.81,89.8,89.81,91.23,90.03,90.94,89.4,2314887.0,208449100.0,-1.557,-1.42
300437,清水源,12.05,12.04,12.05,11.98,11.97,12.25,11.85,9263779.0,111346835.0,0.584,0.07
300438,鹏辉能源,53.77,53.76,53.77,53.91,53.72,54.6,53.01,16220219.0,870988858.0,-0.26,-0.14
300439,美康生物,9.44,9.44,9.46,9.52,9.54,9.54,9.39,1803902.0,17069023.0,-0.84,-0.08
300440,运达科技,20.43,20.43,20.44,20.32,20.35,20.6,20.05,6830600.0,138892707.0,0.541,0.11
300441,鲍斯股份,7.09,7.08,7.09,7.09,7.11,7.17,7.05,3674880.0,26134119.0,0.0,0.0
300442,润泽科技,62.4,62.4,62.41,63.03,63.33,64.03,62.15,13209649.0,831605416.0,-1.0,-0.63
300443,金雷股份,18.61,18.6,18.61,18.83,18.76,18.87,18.55,2725300.0,50941682.0,-1.168,-0.22
300444,双杰电气,9.25,9.25,9.26,9.34,9.34,9.34,9.16,18900100.0,174754439.0,-0.964,-0.09
300445,康斯特,17.85,17.85,17.86,17.65,17.65,18.47,17.62,4901920.0,88317968.0,1.133,0.2
300446,航天智造,13.17,13.17,13.18,13.15,13.14,13.32,13.09,6964200.0,91894905.0,0.152,0.02
300447,全信股份,14.4,14.38,14.4,14.31,14.29,14.58,14.26,3610388.0,52187380.0,0.629,0.09
300448,浩云科技,5.86,5.85,5.86,6.1,6.09,6.12,5.82,30102340.0,178902250.0,-3.934,-0.24
300449,汉邦高科,6.91,6.91,6.92,7.04,7.01,7.08,6.9,7342800.0,51040960.0,-1.847,-0.13
300450,先导智能,30.83,30.82,30.83,30.88,30.74,31.08,30.56,17272901.0,531878986.0,-0.162,-0.05
300451,创业慧康,3.47,3.47,3.48,3.58,3.55,3.57,3.46,24110680.0,84109747.0,-3.073,-0.11
300452,山河药辅,13.07,13.06,13.07,13.18,13.11,13.14,12.97,3085035.0,40261814.0,-0.835,-0.11
300453,三鑫医疗,9.12,9.11,9.12,9.16,9.16,9.16,9.04,5051715.0,46001957.0,-0.437,-0.04
300454,深信服,129.87,129.87,129.89,130.13,129.51,132.2,128.08,7826910.0,1016350246.0,-0.2,-0.26
300455,航天智装,17.41,17.41,17.45,17.52,17.49,17.65,17.33,3790100.0,66262743.0,-0.628,-0.11
300456,赛微电子,37.09,37.09,37.1,37.61,38.0,38.18,36.7,28251890.0,1056658331.0,-1.383,-0.52
300457,赢合科技,20.89,20.89,20.9,21.11,21.03,21.23,20.71,6682610.0,139972028.0,-1.042,-0.22
300458,全志科技,30.64,30.64,30.65,30.79,30.9,31.2,30.45,26319403.0,812127192.0,-0.487,-0.15
300459,汤姆猫,3.69,3.69,3.7,3.82,3.79,3.8,3.67,96600899.0,358348939.0,-3.403,-0.13
300460,ST惠伦,8.6,8.6,8.62,8.82,8.78,8.88,8.59,3357300.0,29203384.0,-2.494,-0.22
300461,田中精机,33.97,33.97,34.04,34.44,35.1,35.58,33.9,5923700.0,204228003.0,-1.365,-0.47
300462,ST华铭,11.31,11.27,11.31,11.58,11.58,11.58,11.2,864600.0,9780844.0,-2.332,-0.27
300463,迈克生物,9.29,9.28,9.29,9.42,9.4,9.4,9.25,3417700.0,31774025.0,-1.38,-0.13
300464,星徽股份,7.98,7.98,7.99,8.03,8.0,8.1,7.91,8097200.0,64738074.0,-0.623,-0.05
300465,高伟达,11.76,11.75,11.76,12.1,12.02,12.07,11.68,12625260.0,149205525.0,-2.81,-0.34
300466,赛摩智能,7.36,7.36,7.37,7.45,7.41,7.48,7.35,3873640.0,28591096.0,-1.208,-0.09
300467,迅游科技,33.44,33.36,33.44,33.54,33.23,33.98,33.01,2596000.0,86837740.0,-0.298,-0.1
300468,四方精创,24.64,24.64,24.65,25.3,24.83,25.18,24.28,57522451.0,1411141558.0,-2.609,-0.66
300469,信息发展,53.41,53.41,53.43,51.96,51.4,55.0,51.4,5183857.0,277327200.0,2.791,1.45
300470,中密控股,27.96,27.96,27.97,27.98,27.9,28.05,27.76,1013800.0,28253467.0,-0.071,-0.02
300471,厚普股份,9.99,9.99,10.0,10.06,10.09,10.14,9.93,4438503.0,44346462.0,-0.696,-0.07
300472,ST新元,7.11,7.11,7.13,7.26,7.26,7.32,7.06,2406200.0,17151318.0,-2.066,-0.15
300473,德尔股份,26.56,26.56,26.57,26.57,26.38,26.94,26.38,2411087.0,64148933.0,-0.038,-0.01
300474,景嘉微,49.4,49.4,49.41,49.4,49.43,49.7,49.18,3270455.0,161613946.0,0.0,0.0
300475,香农芯创,174.52,174.51,174.52,179.66,181.3,182.8,172.74,29722992.0,5259217981.0,-2.861,-5.14
300476,胜宏科技,233.51,233.51,233.52,229.01,233.9,239.2,230.63,26825917.0,6290028923.0,1.965,4.5
300477,ST合纵,2.63,2.63,2.64,2.69,2.68,2.71,2.63,16202200.0,43002590.0,-2.23,-0.06
300478,杭州高新,32.05,32.04,32.05,32.06,32.02,32.48,31.62,2673300.0,85663562.0,-0.031,-0.01
300479,神思电子,14.94,14.93,14.94,15.06,15.06,15.06,14.82,2557984.0,38213522.0,-0.797,-0.12
300480,光力科技,29.98,29.97,29.98,29.56,30.02,30.96,29.67,12123600.0,366602334.0,1.421,0.42
300481,濮阳惠成,13.88,13.88,13.89,13.9,13.87,14.05,13.79,5123806.0,71266022.0,-0.144,-0.02
300482,万孚生物,16.35,16.35,16.36,16.68,16.65,16.65,16.28,3198700.0,52532961.0,-1.978,-0.33
300483,首华燃气,25.28,25.27,25.28,25.15,25.01,25.56,24.84,9628160.0,242637463.0,0.517,0.13
300484,蓝海华腾,12.76,12.76,12.77,13.0,13.01,13.08,12.73,2019400.0,25954837.0,-1.846,-0.24
300485,赛升药业,8.63,8.62,8.63,8.8,8.77,8.77,8.59,3746100.0,32394694.0,-1.932,-0.17
300486,东杰智能,18.5,18.49,18.5,18.41,18.32,18.74,18.24,5541851.0,102749005.0,0.489,0.09
300487,蓝晓科技,67.18,67.18,67.19,63.0,63.0,68.0,62.11,9812982.0,647106718.0,6.635,4.18
300488,恒锋工具,36.15,36.14,36.15,35.12,35.13,36.63,35.05,9646726.0,345854997.0,2.933,1.03
300489,光智科技,220.78,220.78,220.8,220.0,228.99,237.49,220.6,10699400.0,2451814056.0,0.355,0.78
300490,华自科技,10.99,10.99,11.0,11.04,11.1,11.16,10.91,9323281.0,102852146.0,-0.453,-0.05
300491,通合科技,34.59,34.59,34.6,33.56,32.96,35.28,32.96,9900200.0,342865957.0,3.069,1.03
300492,华图山鼎,23.82,23.82,23.83,24.57,24.58,24.75,23.71,3211095.0,76945173.0,-3.053,-0.75
300493,润欣科技,12.41,12.41,12.43,12.64,12.48,12.67,12.37,7225286.0,90214816.0,-1.82,-0.23
300494,盛天网络,8.39,8.38,8.39,8.67,8.58,8.64,8.33,9399680.0,79012896.0,-3.23,-0.28
300496,中科创达,56.42,56.42,56.43,57.25,57.02,57.33,56.24,8048630.0,455860767.0,-1.45,-0.83
300497,富祥股份,19.95,19.94,19.95,19.03,18.98,19.96,18.95,39881732.0,779351949.0,4.834,0.92
300498,温氏股份,15.21,15.2,15.21,15.23,15.14,15.33,15.11,35498431.0,540095039.0,-0.131,-0.02
300499,高澜股份,36.82,36.82,36.83,33.96,33.63,37.0,33.0,52685228.0,1832561067.0,8.422,2.86
300500,启迪设计,9.96,9.96,9.97,10.08,10.08,10.13,9.87,2966744.0,29521787.0,-1.19,-0.12
300501,海顺新材,9.81,9.81,9.83,9.91,9.92,9.98,9.76,2845198.0,28054598.0,-1.009,-0.1
300502,新易盛,414.8,414.8,414.82,416.4,435.0,435.65,411.57,28520157.0,12024951079.0,-0.384,-1.6
300503,昊志机电,65.15,65.14,65.15,65.35,65.55,66.87,64.66,6706780.0,440539720.0,-0.306,-0.2
300504,天邑股份,17.4,17.4,17.41,17.29,17.26,17.8,17.26,6067472.0,106495537.0,0.636,0.11
300505,川金诺,22.9,22.9,22.91,22.93,22.9,23.45,22.4,45341319.0,1038156184.0,-0.131,-0.03
300506,名家汇,4.91,4.91,4.92,5.03,5.01,5.02,4.85,16892380.0,83340140.0,-2.386,-0.12
300507,苏奥传感,6.47,6.47,6.48,6.55,6.53,6.59,6.45,6774134.0,44094515.0,-1.221,-0.08
300508,维宏股份,38.74,38.74,38.77,39.1,39.0,39.95,38.47,1740920.0,68040701.0,-0.921,-0.36
300509,新美星,9.19,9.18,9.19,9.1,9.12,9.35,9.05,5759753.0,53133584.0,0.989,0.09
300510,金冠股份,3.47,3.47,3.48,3.5,3.49,3.5,3.45,14128161.0,49072903.0,-0.857,-0.03
300511,雪榕生物,5.82,5.82,5.83,5.83,5.75,5.95,5.71,50190867.0,293173711.0,-0.172,-0.01
300512,中亚股份,7.39,7.38,7.39,7.44,7.48,7.54,7.35,2605950.0,19287794.0,-0.672,-0.05
300513,恒实科技,7.59,7.56,7.59,7.65,7.71,7.77,7.52,2999684.0,22744345.0,-0.784,-0.06
300514,友讯达,10.42,10.4,10.42,10.56,10.56,10.56,10.33,1747871.0,18219528.0,-1.326,-0.14
300515,三德科技,15.88,15.87,15.88,15.89,15.89,15.97,15.71,2495500.0,39537663.0,-0.063,-0.01
300516,久之洋,36.08,36.07,36.08,35.67,35.65,36.77,35.6,5265440.0,190945590.0,1.149,0.41
300517,海波重科,12.14,12.14,12.15,12.2,12.19,12.73,12.09,11594072.0,143244530.0,-0.492,-0.06
300518,新迅达,26.24,26.24,26.25,25.47,25.5,26.76,25.5,10415054.0,272728769.0,3.023,0.77
300519,新光药业,14.41,14.41,14.42,14.59,14.48,14.58,14.36,2047569.0,29588181.0,-1.234,-0.18
300520,科大国创,23.21,23.21,23.23,23.68,23.91,23.97,23.19,4422158.0,103499274.0,-1.985,-0.47
300521,爱司凯,25.11,25.1,25.11,25.68,25.74,25.94,25.01,2156300.0,54627528.0,-2.22,-0.57
300522,世名科技,13.7,13.7,13.71,13.86,13.87,14.02,13.6,8269000.0,114093398.0,-1.154,-0.16
300523,辰安科技,21.36,21.36,21.37,21.68,21.57,21.68,21.15,2702250.0,57839917.0,-1.476,-0.32
300525,博思软件,8.01,8.01,8.02,8.25,8.24,8.24,8.0,13929972.0,112504780.0,-2.909,-0.24
300527,ST应急,8.35,8.35,8.36,8.38,8.4,8.41,8.34,6279400.0,52588439.0,-0.358,-0.03
300528,幸福蓝海,14.82,14.82,14.83,14.29,14.11,14.98,13.62,40031820.0,577204730.0,3.709,0.53
300529,健帆生物,15.38,15.38,15.39,15.64,15.6,15.61,15.35,4174932.0,64409421.0,-1.662,-0.26
300530,领湃科技,20.72,20.72,20.73,21.88,21.8,21.9,20.57,6044400.0,126643632.0,-5.302,-1.16
300531,优博讯,16.15,16.14,16.15,16.57,16.51,16.59,16.08,9672095.0,157456675.0,-2.535,-0.42
300532,今天国际,7.34,7.34,7.35,7.38,7.4,7.43,7.27,4391450.0,32135458.0,-0.542,-0.04
300533,冰川网络,15.27,15.27,15.28,15.88,15.66,15.82,15.21,10024016.0,153967561.0,-3.841,-0.61
300534,陇神戎发,13.24,13.24,13.25,13.78,13.56,13.72,13.15,43939800.0,587121107.0,-3.919,-0.54
300535,达威股份,16.22,16.22,16.26,16.55,16.4,16.52,16.14,2043248.0,33282877.0,-1.994,-0.33
300536,农尚环境,8.91,8.91,8.92,8.93,8.86,9.05,8.82,4534200.0,40494182.0,-0.224,-0.02
300537,广信材料,19.86,19.84,19.86,19.73,19.71,20.24,19.71,5282668.0,105586806.0,0.659,0.13
300538,同益股份,15.07,15.07,15.08,15.2,15.24,15.44,15.05,3568100.0,54257775.0,-0.855,-0.13
300539,横河精密,17.5,17.5,17.51,18.08,17.76,18.04,17.48,5260400.0,93081025.0,-3.208,-0.58
300540,蜀道装备,26.83,26.83,26.84,27.18,27.01,27.75,26.68,7741340.0,209900114.0,-1.288,-0.35
300541,先进数通,9.86,9.86,9.87,10.04,10.0,10.02,9.81,5974500.0,59030249.0,-1.793,-0.18
300542,新晨科技,12.81,12.8,12.81,13.06,13.06,13.06,12.74,5654200.0,72601334.0,-1.914,-0.25
300543,朗科智能,7.66,7.66,7.68,7.82,7.8,7.83,7.65,3461492.0,26727154.0,-2.046,-0.16
300545,联得装备,27.43,27.43,27.44,27.96,27.98,28.27,27.33,6324643.0,175311651.0,-1.896,-0.53
300546,雄帝科技,17.56,17.55,17.56,17.91,17.79,17.89,17.41,7177620.0,126324810.0,-1.954,-0.35
300547,川环科技,26.65,26.65,26.66,26.87,26.9,27.06,26.23,5376014.0,143318758.0,-0.819,-0.22
300548,长芯博创,215.2,215.2,215.21,211.39,220.01,224.92,213.66,14423035.0,3163383583.0,1.802,3.81
300549,优德精密,14.67,14.67,14.71,14.74,14.66,14.83,14.55,1416699.0,20852837.0,-0.475,-0.07
300550,和仁科技,13.95,13.93,13.95,14.24,14.2,14.29,13.89,4500015.0,63137153.0,-2.037,-0.29
300551,古鳌科技,11.53,11.53,11.54,11.79,11.77,11.77,11.37,13635819.0,157339600.0,-2.205,-0.26
300552,万集科技,21.06,21.05,21.06,21.52,21.47,21.66,20.85,3562332.0,75628454.0,-2.138,-0.46
300553,集智股份,56.81,56.81,56.82,57.86,57.58,58.87,56.18,6475366.0,370402959.0,-1.815,-1.05
300554,三超新材,21.82,21.81,21.82,21.26,21.17,22.06,21.17,3506500.0,76445949.0,2.634,0.56
300555,ST路通,12.56,12.5,12.56,12.47,12.45,12.71,12.45,766100.0,9608600.0,0.722,0.09
300556,丝路视觉,16.7,16.7,16.71,17.78,17.3,17.46,16.62,12629533.0,213150807.0,-6.074,-1.08
300557,理工光科,26.83,26.83,26.85,27.18,27.18,27.58,26.58,2191420.0,59370181.0,-1.288,-0.35
300558,贝达药业,47.2,47.2,47.22,47.98,47.45,47.7,46.85,8384716.0,396097136.0,-1.626,-0.78
300559,佳发教育,12.49,12.49,12.5,12.87,12.98,13.06,12.36,11716600.0,147360791.0,-2.953,-0.38
300560,中富通,18.51,18.5,18.51,18.3,18.41,18.75,18.14,9554300.0,176118849.0,1.148,0.21
300561,汇金科技,15.77,15.77,15.78,15.93,15.96,15.99,15.59,12372871.0,194980302.0,-1.004,-0.16
300562,乐心股份,17.2,17.2,17.21,17.98,17.73,18.17,17.13,12505700.0,217621724.0,-4.338,-0.78
300563,神宇股份,24.1,24.1,24.11,23.36,23.24,25.18,23.24,11956438.0,294075362.0,3.168,0.74
300564,筑博设计,12.57,12.56,12.57,12.7,12.73,12.81,12.45,1758852.0,22157597.0,-1.024,-0.13
300565,科信技术,10.12,10.11,10.12,10.11,10.07,10.39,10.04,8184353.0,83679646.0,0.099,0.01
300566,激智科技,25.36,25.36,25.37,25.33,25.26,25.58,24.96,13136238.0,331891884.0,0.118,0.03
300567,精测电子,193.14,193.13,193.14,196.2,199.0,199.85,191.79,3869933.0,754088740.0,-1.56,-3.06
300568,星源材质,14.97,14.97,14.98,13.88,13.84,15.19,13.84,103745637.0,1523485029.0,7.853,1.09
300569,天能重工,4.74,4.73,4.74,4.74,4.73,4.77,4.69,7687432.0,36343582.0,0.0,0.0
300570,太辰光,201.55,201.55,201.56,201.55,206.83,211.0,200.13,21091011.0,4324081851.0,0.0,0.0
300571,平治信息,28.85,28.85,28.86,29.18,29.55,29.93,28.68,5176800.0,151733340.0,-1.131,-0.33
300572,安车检测,24.76,24.75,24.76,24.23,24.35,24.99,24.32,4922767.0,121464926.0,2.187,0.53
300573,兴齐眼药,36.81,36.81,36.83,37.3,37.29,37.29,36.66,3785776.0,139647971.0,-1.314,-0.49
300575,中旗股份,6.29,6.28,6.29,6.28,6.28,6.34,6.22,11441437.0,71867651.0,0.159,0.01
300576,容大感光,28.0,28.0,28.01,28.04,28.19,28.98,27.9,10686236.0,303036484.0,-0.143,-0.04
300577,开润股份,21.59,21.58,21.59,20.4,20.45,21.88,20.13,6843760.0,143453874.0,5.833,1.19
300578,会畅科技,15.91,15.91,15.92,16.38,16.3,16.38,15.81,3606500.0,57831269.0,-2.869,-0.47
300579,数字认证,23.38,23.37,23.38,23.88,23.87,23.87,23.11,3190349.0,74717166.0,-2.094,-0.5
300580,贝斯特,18.78,18.78,18.79,18.96,19.0,19.1,18.67,3964179.0,74795996.0,-0.949,-0.18
300581,晨曦航空,11.06,11.05,11.06,11.05,10.97,11.26,10.82,25374040.0,280821031.0,0.09,0.01
300582,英飞特,11.11,11.11,11.12,11.18,11.16,11.25,11.08,5367650.0,59752897.0,-0.626,-0.07
300583,赛托生物,13.52,13.52,13.53,13.8,13.66,13.8,13.4,3981600.0,53762223.0,-2.029,-0.28
300584,海辰药业,30.76,30.76,30.77,31.3,31.14,31.2,30.53,1779000.0,54821798.0,-1.725,-0.54
300585,奥联电子,16.1,16.09,16.1,16.8,16.74,17.0,16.07,4484707.0,73623343.0,-4.167,-0.7
300586,美联新材,8.99,8.98,8.99,9.02,9.0,9.17,8.93,9410000.0,84974952.0,-0.333,-0.03
300587,天铁科技,4.89,4.89,4.9,4.91,4.86,4.98,4.86,19145454.0,93989240.0,-0.407,-0.02
300588,熙菱信息,22.41,22.4,22.41,23.94,23.82,23.97,22.0,11013240.0,247668534.0,-6.391,-1.53
300589,江龙船艇,14.65,14.64,14.65,13.98,13.89,15.05,13.76,48189431.0,698707259.0,4.793,0.67
300590,移为通信,11.25,11.24,11.25,11.29,11.26,11.54,11.21,12603800.0,143046900.0,-0.354,-0.04
300591,万里马,7.27,7.27,7.28,7.33,7.28,7.34,7.2,9146800.0,66337017.0,-0.819,-0.06
300592,华凯易佰,18.43,18.43,18.45,18.0,18.18,18.97,17.9,11521159.0,213440172.0,2.389,0.43
300593,新雷能,33.24,33.24,33.25,33.63,33.21,34.85,33.12,16123024.0,544906007.0,-1.16,-0.39
300594,ST朗进,15.2,15.2,15.28,15.7,15.74,15.77,15.2,1942300.0,29904125.0,-3.185,-0.5
300595,欧普康视,10.84,10.84,10.85,11.05,11.05,11.05,10.82,8040150.0,87587135.0,-1.9,-0.21
300596,利安隆,41.67,41.66,41.67,41.23,41.0,42.16,41.0,2868200.0,119891162.0,1.067,0.44
300597,吉大通信,8.05,8.05,8.06,8.06,8.05,8.27,8.0,4678999.0,37910594.0,-0.124,-0.01
300598,诚迈科技,31.75,31.74,31.75,32.81,32.69,32.69,31.47,9008782.0,286923214.0,-3.231,-1.06
300599,雄塑科技,11.5,11.5,11.51,11.45,11.55,11.84,11.25,5247800.0,60333691.0,0.437,0.05
300600,国瑞科技,10.84,10.84,10.85,10.51,10.41,11.08,10.33,14152876.0,151864794.0,3.14,0.33
300601,康泰生物,12.49,12.49,12.5,12.76,12.62,12.64,12.49,12250503.0,153695781.0,-2.116,-0.27
300602,飞荣达,39.7,39.7,39.73,39.74,39.98,40.58,39.15,24002558.0,955322263.0,-0.101,-0.04
300603,立昂技术,8.15,8.15,8.16,8.33,8.29,8.32,8.13,9681139.0,79271839.0,-2.161,-0.18
300604,长川科技,263.11,263.11,263.13,267.46,269.89,272.5,261.56,10242292.0,2724909568.0,-1.626,-4.35
300605,恒锋信息,10.51,10.51,10.52,10.7,10.69,10.69,10.39,5013900.0,52639518.0,-1.776,-0.19
300606,金太阳,33.82,33.81,33.82,34.1,34.14,35.18,33.6,5872900.0,201253344.0,-0.821,-0.28
300607,拓斯达,38.18,38.17,38.18,38.51,39.05,39.39,37.75,32180580.0,1236620880.0,-0.857,-0.33
300608,思特奇,9.86,9.86,9.87,9.96,9.96,9.96,9.78,5316075.0,52365232.0,-1.004,-0.1
300609,汇纳科技,24.26,24.26,24.28,25.08,24.9,25.3,24.23,3111400.0,76654314.0,-3.27,-0.82
300610,晨化股份,10.67,10.65,10.67,10.66,10.7,10.76,10.61,3221300.0,34446494.0,0.094,0.01
300611,美力科技,27.1,27.1,27.11,27.21,26.98,27.6,26.93,3912500.0,106434959.0,-0.404,-0.11
300612,宣亚国际,12.37,12.36,12.37,12.7,12.65,12.65,12.29,4456974.0,55293428.0,-2.598,-0.33
300613,富瀚微,70.3,70.28,70.3,70.64,70.81,73.08,69.8,10042779.0,716297726.0,-0.481,-0.34
300614,百川畅银,10.7,10.7,10.73,10.92,10.92,10.95,10.65,1943603.0,20913854.0,-2.015,-0.22
300615,欣天科技,13.86,13.86,13.87,14.32,14.45,14.7,13.75,13327200.0,186951425.0,-3.212,-0.46
300616,尚品宅配,10.55,10.53,10.55,10.9,10.89,10.95,10.48,5498900.0,58337549.0,-3.211,-0.35
300617,安靠智电,36.6,36.6,36.61,36.4,36.36,37.12,36.11,4514852.0,165745069.0,0.549,0.2
300618,寒锐钴业,33.46,33.46,33.47,33.25,33.3,33.63,33.1,3523634.0,117788375.0,0.632,0.21
300619,金银河,26.34,26.34,26.35,26.94,26.99,27.15,26.21,3356539.0,89222813.0,-2.227,-0.6
300620,光库科技,291.88,291.88,291.9,288.8,301.0,306.0,290.87,11222418.0,3359309051.0,1.066,3.08
300621,维业股份,7.3,7.3,7.32,7.48,7.48,7.48,7.25,3392637.0,24951372.0,-2.406,-0.18
300622,博士眼镜,15.21,15.21,15.22,15.46,15.48,15.5,15.11,5349718.0,81627527.0,-1.617,-0.25
300623,捷捷微电,28.83,28.82,28.83,28.95,29.1,29.4,28.74,10513344.0,305025705.0,-0.415,-0.12
300624,万兴科技,55.35,55.34,55.35,57.24,56.2,56.85,54.6,12682565.0,705542398.0,-3.302,-1.89
300625,三雄极光,9.81,9.81,9.82,9.89,9.81,9.89,9.74,1398307.0,13729235.0,-0.809,-0.08
300626,华瑞股份,26.66,26.65,26.66,26.39,26.25,26.89,26.1,2946500.0,77949261.0,1.023,0.27
300627,华测导航,27.65,27.65,27.68,27.63,27.55,27.96,27.51,4470746.0,123882791.0,0.072,0.02
300628,亿联网络,39.94,39.94,39.95,39.75,39.5,40.03,39.36,7925626.0,314449996.0,0.478,0.19
300629,新劲刚,18.36,18.36,18.37,18.43,18.38,18.65,18.27,4896000.0,90221289.0,-0.38,-0.07
300631,久吾高科,22.05,22.05,22.06,22.25,22.09,22.26,21.78,2038129.0,44842978.0,-0.899,-0.2
300632,光莆股份,18.57,18.56,18.57,18.4,18.7,20.24,18.42,29621660.0,563833804.0,0.924,0.17
300633,开立医疗,20.45,20.45,20.46,21.18,21.08,21.27,20.43,3944410.0,81640566.0,-3.447,-0.73
300634,彩讯股份,19.57,19.57,19.58,20.17,20.03,20.18,19.5,8661736.0,170736028.0,-2.975,-0.6
300635,中达安,12.21,12.21,12.23,12.53,12.51,12.56,12.15,3308202.0,40779595.0,-2.554,-0.32
300636,同和药业,6.94,6.94,6.95,6.95,6.93,7.0,6.9,2855540.0,19844722.0,-0.144,-0.01
300637,扬帆新材,9.52,9.52,9.53,9.52,9.48,9.67,9.42,3760831.0,35926882.0,0.0,0.0
300638,广和通,18.32,18.32,18.33,18.95,18.95,19.07,18.24,12422699.0,230816292.0,-3.325,-0.63
300639,凯普生物,5.85,5.84,5.85,5.97,5.94,5.95,5.82,7602500.0,44542057.0,-2.01,-0.12
300640,德艺文创,6.91,6.9,6.91,6.82,6.79,7.11,6.7,13084475.0,90478982.0,1.32,0.09
300641,正丹股份,13.85,13.85,13.86,14.05,14.05,14.15,13.83,4089800.0,57127190.0,-1.423,-0.2
300642,透景生命,18.04,18.03,18.04,18.47,17.41,18.8,17.41,26827323.0,485179381.0,-2.328,-0.43
300643,万通智控,18.81,18.8,18.81,18.42,18.4,19.23,18.02,16399718.0,305666959.0,2.117,0.39
300644,南京聚隆,20.38,20.38,20.4,20.46,20.46,20.54,20.28,1542317.0,31503225.0,-0.391,-0.08
300645,正元智慧,13.8,13.78,13.8,13.93,13.94,13.95,13.76,2455374.0,34047894.0,-0.933,-0.13
300647,超频三,8.0,8.0,8.01,8.24,8.26,8.3,7.75,56536850.0,450068701.0,-2.913,-0.24
300648,星云股份,39.36,39.3,39.36,39.28,39.78,40.01,38.68,1493427.0,58700612.0,0.204,0.08
300649,杭州园林,24.8,24.79,24.8,27.15,27.04,27.57,24.52,8583499.0,221902255.0,-8.656,-2.35
300650,太龙股份,12.61,12.61,12.62,12.79,12.68,12.99,12.52,10833933.0,137732860.0,-1.407,-0.18
300651,金陵体育,17.13,17.13,17.15,17.96,17.91,17.91,17.12,8521137.0,147771342.0,-4.621,-0.83
300652,雷迪克,27.0,27.0,27.02,27.56,27.56,27.77,26.95,1344390.0,36620691.0,-2.032,-0.56
300653,正海生物,15.61,15.6,15.61,15.9,15.9,15.9,15.43,2363500.0,36798908.0,-1.824,-0.29
300654,世纪天鸿,9.82,9.82,9.83,10.27,10.15,10.2,9.79,13977100.0,138539680.0,-4.382,-0.45
300655,晶瑞电材,12.62,12.61,12.62,12.41,12.47,12.89,12.47,33905015.0,429363826.0,1.692,0.21
300656,民德电子,25.92,25.92,25.93,24.6,24.59,26.66,24.56,7987057.0,207285843.0,5.366,1.32
300657,弘信电子,34.73,34.73,34.74,34.67,35.0,35.17,34.04,15758091.0,546418377.0,0.173,0.06
300658,延江股份,10.44,10.43,10.44,10.6,10.75,10.75,10.43,5844800.0,61520499.0,-1.509,-0.16
300659,中孚信息,10.17,10.17,10.19,10.36,10.22,10.32,10.05,4034100.0,41078400.0,-1.834,-0.19
300660,江苏雷利,24.16,24.15,24.16,24.45,24.5,24.59,24.05,3604792.0,87421253.0,-1.186,-0.29
300661,圣邦股份,107.75,107.74,107.75,107.13,108.37,110.49,107.03,7838910.0,851198631.0,0.579,0.62
300662,科锐国际,21.74,21.74,21.76,22.55,22.33,22.57,21.74,4933500.0,108594864.0,-3.592,-0.81
300663,科蓝软件,8.4,8.4,8.41,8.86,8.76,8.76,8.35,31115655.0,263676004.0,-5.192,-0.46
300664,鹏鹞环保,4.8,4.79,4.8,4.77,4.77,4.81,4.74,4178932.0,19946820.0,0.629,0.03
300665,飞鹿股份,9.3,9.3,9.32,9.31,9.35,9.42,9.15,5723949.0,53153071.0,-0.107,-0.01
300666,江丰电子,231.01,231.01,231.02,234.7,237.01,240.57,229.04,7628687.0,1785034720.0,-1.572,-3.69
300667,必创科技,14.49,14.49,14.5,14.61,14.61,14.77,14.44,2743575.0,40034453.0,-0.821,-0.12
300668,杰恩股份,32.08,32.08,32.09,32.55,32.48,33.05,31.78,2738600.0,88521177.0,-1.444,-0.47
300669,沪宁股份,23.41,23.41,23.43,24.1,23.99,24.6,23.36,1395400.0,33446311.0,-2.863,-0.69
300670,大烨智能,7.08,7.08,7.09,7.09,7.06,7.17,7.04,8385241.0,59564497.0,-0.141,-0.01
300671,富满微,51.85,51.85,51.86,52.25,52.52,53.65,51.57,7653002.0,401570853.0,-0.766,-0.4
300672,国科微,169.02,169.02,169.05,171.88,171.99,175.79,168.1,6468841.0,1106875621.0,-1.664,-2.86
300673,佩蒂股份,14.53,14.51,14.53,14.29,14.22,14.63,14.18,3927682.0,56707932.0,1.679,0.24
300674,宇信科技,17.1,17.1,17.11,17.5,17.42,17.52,17.02,15773340.0,270893356.0,-2.286,-0.4
300675,建科院,13.21,13.2,13.21,13.35,13.39,13.4,13.12,1929029.0,25511509.0,-1.049,-0.14
300676,华大基因,36.83,36.83,36.84,37.3,37.0,37.11,36.63,4040787.0,148808821.0,-1.26,-0.47
300677,英科医疗,53.79,53.79,53.82,53.93,54.1,55.41,53.45,6452454.0,349473396.0,-0.26,-0.14
300678,中科信息,22.15,22.14,22.15,22.42,22.42,22.46,22.03,3366480.0,74679092.0,-1.204,-0.27
300679,电连技术,43.48,43.48,43.49,43.55,44.37,45.15,43.25,11868423.0,522856853.0,-0.161,-0.07
300680,隆盛科技,19.72,19.72,19.74,20.06,20.09,20.19,19.66,4253670.0,84555128.0,-1.695,-0.34
300681,英搏尔,20.86,20.86,20.87,21.0,20.9,21.39,20.78,6372307.0,134030326.0,-0.667,-0.14
300682,朗新科技,9.15,9.15,9.16,9.33,9.32,9.33,9.1,13960167.0,128175488.0,-1.929,-0.18
300683,海特生物,24.45,24.45,24.46,25.08,24.8,24.9,24.2,3766600.0,92138369.0,-2.512,-0.63
300684,中石科技,83.66,83.66,83.67,88.23,87.01,88.98,82.1,27307040.0,2315193396.0,-5.18,-4.57
300685,艾德生物,16.95,16.95,16.96,17.3,17.19,17.22,16.88,5765314.0,98079577.0,-2.023,-0.35
300686,智动力,14.32,14.32,14.33,14.52,14.6,14.65,14.21,3608900.0,51984303.0,-1.377,-0.2
300687,赛意信息,27.93,27.92,27.93,28.39,28.42,28.65,27.69,10862062.0,304932311.0,-1.62,-0.46
300688,创业黑马,30.35,30.35,30.36,29.36,29.5,30.47,29.21,6608800.0,197652735.0,3.372,0.99
300689,澄天伟业,60.15,60.14,60.15,58.95,58.8,60.9,58.8,2970420.0,178697816.0,2.036,1.2
300690,双一科技,22.96,22.96,22.97,23.45,23.5,23.5,22.82,3821607.0,88129768.0,-2.09,-0.49
300691,联合光电,14.39,14.39,14.4,14.43,14.42,14.53,14.28,2723117.0,39247484.0,-0.277,-0.04
300692,中赋科技,9.01,9.0,9.01,9.11,9.03,9.15,8.94,10734500.0,96965154.0,-1.098,-0.1
300693,盛弘股份,39.51,39.51,39.52,39.71,39.71,40.23,39.05,7558116.0,298760573.0,-0.504,-0.2
300694,蠡湖股份,10.7,10.7,10.72,10.89,10.88,10.95,10.64,2905680.0,31209215.0,-1.745,-0.19
300695,兆丰股份,47.52,47.52,47.53,48.6,48.54,49.17,47.3,585695.0,28092480.0,-2.222,-1.08
300696,爱乐达,21.3,21.3,21.32,21.3,21.28,21.97,21.07,7205757.0,155107194.0,0.0,0.0
300697,电工合金,16.25,16.25,16.26,15.96,16.44,17.85,16.19,49778453.0,832519671.0,1.817,0.29
300698,万马科技,26.68,26.68,26.69,26.57,26.51,27.48,26.51,3141700.0,84917734.0,0.414,0.11
300699,光威复材,24.17,24.17,24.19,24.13,24.24,24.48,23.94,7760227.0,187725821.0,0.166,0.04
300700,岱勒新材,19.15,19.15,19.16,19.43,19.58,19.64,19.12,4757406.0,91829388.0,-1.441,-0.28
300701,森霸传感,9.89,9.88,9.89,9.97,10.01,10.03,9.86,2611700.0,25988297.0,-0.802,-0.08
300702,天宇股份,21.5,21.5,21.52,21.47,21.49,21.68,21.29,1323821.0,28466421.0,0.14,0.03
300703,创源股份,14.84,14.82,14.84,14.7,14.62,15.18,14.25,10898000.0,160408954.0,0.952,0.14
300705,九典制药,10.88,10.88,10.89,11.15,11.07,11.14,10.86,5868356.0,64252014.0,-2.422,-0.27
300706,阿石创,47.31,47.31,47.32,47.6,48.01,49.1,46.96,4576200.0,219528870.0,-0.609,-0.29
300707,威唐工业,12.29,12.28,12.29,12.2,12.21,12.35,12.14,2852219.0,34980471.0,0.738,0.09
300708,聚灿光电,8.34,8.34,8.35,8.39,8.4,8.48,8.33,11237785.0,94216756.0,-0.596,-0.05
300709,精研科技,42.34,42.34,42.35,43.22,43.01,43.49,41.92,14075852.0,597612037.0,-2.036,-0.88
300710,万隆光电,31.0,31.0,31.02,31.52,31.53,31.86,30.81,2789425.0,87066017.0,-1.65,-0.52
300711,广哈通信,19.27,19.26,19.27,19.33,19.29,20.25,19.14,17164716.0,336447870.0,-0.31,-0.06
300712,永福股份,19.82,19.81,19.82,20.16,20.14,20.23,19.76,1212824.0,24147196.0,-1.687,-0.34
300713,英可瑞,13.33,13.33,13.35,13.5,13.5,13.55,13.2,1907183.0,25555710.0,-1.259,-0.17
300715,凯伦股份,14.05,14.04,14.05,14.26,14.36,14.37,14.0,4574600.0,64857939.0,-1.473,-0.21
300716,*ST泉为,18.05,18.04,18.05,18.18,18.18,18.4,17.96,1212050.0,21982170.0,-0.715,-0.13
300717,华信新材,18.5,18.5,18.56,18.77,18.68,18.84,18.46,1301263.0,24219041.0,-1.438,-0.27
300718,长盛轴承,54.73,54.72,54.73,55.41,55.4,55.73,54.5,3455382.0,190002417.0,-1.227,-0.68
300719,安达维尔,12.86,12.85,12.86,12.73,12.88,13.08,12.65,4747950.0,61165470.0,1.021,0.13
300720,海川智能,63.33,63.32,63.33,64.4,66.98,67.19,63.0,7667000.0,496451086.0,-1.661,-1.07
300721,怡达股份,21.54,21.54,21.55,21.78,21.72,22.26,21.32,3855453.0,83793387.0,-1.102,-0.24
300722,新余国科,22.9,22.89,22.9,22.55,22.88,23.23,22.3,4774998.0,109067960.0,1.552,0.35
300723,一品红,34.95,34.95,34.96,35.63,35.33,35.51,34.91,5030471.0,176696179.0,-1.909,-0.68
300724,捷佳伟创,53.05,53.05,53.06,53.66,53.65,54.15,52.8,4600891.0,245668233.0,-1.137,-0.61
300725,药石科技,44.03,44.02,44.03,43.83,43.3,44.79,43.11,24758684.0,1089728899.0,0.456,0.2
300726,宏达电子,53.11,53.1,53.11,50.34,50.56,53.58,50.56,15917802.0,835648751.0,5.503,2.77
300727,润禾材料,31.6,31.6,31.61,31.92,31.43,31.76,31.27,6559207.0,207052602.0,-1.003,-0.32
300729,乐歌股份,10.7,10.7,10.72,10.87,10.78,10.86,10.66,1843160.0,19760078.0,-1.564,-0.17
300730,科创信息,11.33,11.32,11.33,11.61,11.55,11.55,11.29,3866500.0,44096311.0,-2.412,-0.28
300731,科创新源,49.36,49.36,49.37,45.83,45.83,50.88,45.35,13584416.0,657241740.0,7.702,3.53
300732,设研院,6.02,6.01,6.02,6.08,6.06,6.1,5.98,4375648.0,26349922.0,-0.987,-0.06
300733,西菱动力,13.11,13.11,13.14,13.2,13.2,13.27,13.11,2800310.0,36882156.0,-0.682,-0.09
300735,光弘科技,18.51,18.51,18.52,18.78,18.77,18.95,18.46,9691899.0,180904556.0,-1.438,-0.27
300736,百邦科技,31.95,31.94,31.95,32.66,32.65,33.19,31.71,3976100.0,128538148.0,-2.174,-0.71
300737,科顺股份,4.83,4.83,4.84,4.91,4.89,4.91,4.82,16336004.0,79388391.0,-1.629,-0.08
300738,奥飞数据,19.74,19.73,19.74,19.65,19.71,19.9,19.55,20470810.0,403528555.0,0.458,0.09
300739,明阳电路,24.78,24.78,24.79,24.4,24.5,25.38,24.36,19195597.0,478328853.0,1.557,0.38
300740,水羊股份,21.23,21.23,21.24,22.19,22.18,22.51,20.98,28066485.0,607373369.0,-4.326,-0.96
300741,华宝股份,19.4,19.4,19.41,19.34,19.34,19.81,18.84,17667008.0,341628674.0,0.31,0.06
300743,天地数码,14.56,14.55,14.56,14.71,14.69,14.77,14.48,1709500.0,25002446.0,-1.02,-0.15
300745,欣锐科技,27.86,27.86,27.87,28.3,28.28,28.86,27.71,5955459.0,167625050.0,-1.555,-0.44
300746,汉嘉数智,13.63,13.62,13.63,14.02,14.01,14.09,13.43,3095900.0,42365661.0,-2.782,-0.39
300747,锐科激光,41.59,41.58,41.59,39.98,40.4,41.88,40.14,27024487.0,1117354505.0,4.027,1.61
300748,金力永磁,25.76,25.76,25.77,25.79,25.54,25.87,25.34,13018743.0,334242775.0,-0.116,-0.03
300749,顶固集创,25.08,25.08,25.1,25.72,25.94,25.94,24.7,4183500.0,105216341.0,-2.488,-0.64
300750,宁德时代,336.84,336.84,336.85,335.49,332.48,337.66,327.1,39024000.0,12957469558.0,0.402,1.35
300751,迈为股份,191.6,191.53,191.7,193.0,196.01,197.0,190.21,3584088.0,691957435.0,-0.725,-1.4
300752,隆利科技,11.72,11.72,11.73,11.91,11.94,12.14,11.66,6683720.0,79198269.0,-1.595,-0.19
300753,爱朋医疗,21.32,21.32,21.33,21.96,21.84,22.18,21.23,5367502.0,115098970.0,-2.914,-0.64
300755,华致酒行,11.7,11.69,11.7,11.9,11.86,11.95,11.61,4404405.0,51721310.0,-1.681,-0.2
300756,金马游乐,30.7,30.7,30.71,31.64,31.57,31.88,30.35,3413840.0,105744095.0,-2.971,-0.94
300757,罗博特科,642.6,642.6,642.66,643.8,660.0,660.0,632.0,5940195.0,3825316217.0,-0.186,-1.2
300758,七彩化学,11.41,11.41,11.42,11.66,11.68,11.69,11.34,7850750.0,90125643.0,-2.144,-0.25
300759,康龙化成,41.69,41.69,41.7,42.76,42.2,42.5,41.51,48963858.0,2049965230.0,-2.502,-1.07
300760,迈瑞医疗,165.2,165.2,165.28,169.95,169.35,169.47,163.11,11313757.0,1868054817.0,-2.795,-4.75
300761,立华股份,21.66,21.66,21.69,21.8,21.61,21.97,21.59,8117641.0,176559626.0,-0.642,-0.14
300762,上海瀚讯,27.24,27.24,27.25,27.52,27.5,27.84,27.19,10925238.0,299850967.0,-1.017,-0.28
300763,锦浪科技,55.9,55.9,55.91,56.61,56.62,57.18,55.46,7478698.0,419870656.0,-1.254,-0.71
300765,石药创新,41.72,41.71,41.72,45.14,44.14,46.66,40.23,28369425.0,1242174804.0,-7.576,-3.42
300766,每日互动,24.22,24.21,24.22,23.86,23.77,24.6,22.81,37923838.0,889469402.0,1.509,0.36
300767,震安科技,19.15,19.14,19.15,19.43,19.37,19.6,18.95,5802200.0,111499622.0,-1.441,-0.28
300768,迪普科技,14.46,14.45,14.46,14.7,14.7,14.72,14.39,4040039.0,58646474.0,-1.633,-0.24
300769,德方纳米,41.56,41.56,41.57,41.51,41.27,41.88,41.02,5885240.0,244260803.0,0.12,0.05
300770,新媒股份,35.12,35.12,35.13,36.07,35.76,35.76,35.02,2608616.0,91815339.0,-2.634,-0.95
300771,智莱科技,11.58,11.57,11.58,11.72,11.7,11.72,11.53,2415500.0,28044441.0,-1.195,-0.14
300772,运达股份,9.24,9.24,9.25,9.39,9.36,9.38,9.22,11605182.0,107651064.0,-1.597,-0.15
300773,拉卡拉,16.03,16.03,16.04,16.19,16.08,16.13,15.79,43987276.0,702881430.0,-0.988,-0.16
300774,倍杰特,11.98,11.95,11.98,11.16,11.39,12.9,11.38,33084096.0,401295659.0,7.348,0.82
300775,三角防务,22.7,22.69,22.7,22.27,22.22,23.15,22.1,20679296.0,468220492.0,1.931,0.43
300776,帝尔激光,113.86,113.86,113.87,113.31,114.0,116.26,112.1,7535117.0,861159854.0,0.485,0.55
300777,中简科技,21.92,21.92,21.93,22.25,22.19,22.43,21.91,7698325.0,169922323.0,-1.483,-0.33
300778,新城市,11.33,11.33,11.35,11.71,11.65,11.7,11.28,5303128.0,60380749.0,-3.245,-0.38
300779,惠城环保,55.28,55.28,55.3,55.19,54.98,56.48,54.61,5074955.0,281689771.0,0.163,0.09
300780,德恩精工,20.79,20.78,20.79,21.13,21.1,21.33,20.51,8215400.0,170472774.0,-1.609,-0.34
300781,因赛集团,28.13,28.13,28.17,29.2,28.87,29.19,27.92,4559798.0,129037211.0,-3.664,-1.07
300782,卓胜微,73.89,73.88,73.89,71.61,72.48,77.25,72.16,15614401.0,1169685264.0,3.184,2.28
300783,三只松鼠,18.01,18.01,18.02,18.19,18.14,18.19,17.89,6028400.0,108556461.0,-0.99,-0.18
300784,利安科技,41.81,41.81,41.87,42.31,42.49,42.5,41.76,363187.0,15280856.0,-1.182,-0.5
300785,值得买,35.47,35.47,35.48,36.87,36.78,36.78,35.08,6983910.0,249120447.0,-3.797,-1.4
300786,国林科技,14.37,14.36,14.37,14.53,14.44,14.66,14.25,4911282.0,71102310.0,-1.101,-0.16
300787,海能实业,10.18,10.18,10.2,10.24,10.21,10.45,10.15,2670124.0,27376668.0,-0.586,-0.06
300788,中信出版,29.7,29.7,29.71,31.75,31.4,31.47,28.5,20804299.0,609332583.0,-6.457,-2.05
300789,唐源电气,16.29,16.28,16.29,16.62,16.64,16.64,16.04,3597157.0,58457365.0,-1.986,-0.33
300790,宇瞳光学,20.5,20.49,20.5,19.39,19.39,20.88,19.2,48795699.0,985390575.0,5.725,1.11
300791,仙乐健康,18.36,18.36,18.37,17.96,17.85,18.39,17.63,2803853.0,50606655.0,2.227,0.4
300792,壹网壹创,25.69,25.68,25.69,26.18,25.91,26.08,25.39,7066500.0,180838578.0,-1.872,-0.49
300793,佳禾智能,11.42,11.42,11.44,11.58,11.6,11.6,11.39,3205200.0,36794436.0,-1.382,-0.16
300795,米奥会展,12.75,12.75,12.76,13.08,13.0,13.0,12.57,14487561.0,184442615.0,-2.523,-0.33
300796,贝斯美,7.18,7.18,7.19,7.3,7.27,7.31,7.17,5122930.0,37009055.0,-1.644,-0.12
300797,钢研纳克,12.98,12.98,12.99,13.15,13.1,13.17,12.94,2935400.0,38291397.0,-1.293,-0.17
300798,锦鸡股份,8.7,8.69,8.7,8.66,8.67,8.93,8.53,32722883.0,284903464.0,0.462,0.04
300800,力合科技,10.32,10.32,10.33,10.5,10.45,10.5,10.3,1974485.0,20496719.0,-1.714,-0.18
300801,泰和科技,21.91,21.91,21.92,22.2,22.12,22.3,21.82,2355983.0,52012954.0,-1.306,-0.29
300802,矩子科技,24.64,24.63,24.64,25.14,25.15,25.49,24.6,9032200.0,225309397.0,-1.989,-0.5
300803,指南针,84.24,84.23,84.24,84.6,84.61,85.06,83.81,11218133.0,945437930.0,-0.426,-0.36
300804,广康生化,44.84,44.84,44.85,45.65,45.6,48.5,44.46,2076200.0,96111993.0,-1.774,-0.81
300805,电声股份,8.52,8.5,8.52,8.74,8.7,8.74,8.43,7923200.0,67374630.0,-2.517,-0.22
300806,斯迪克,49.3,49.29,49.3,46.59,47.1,50.62,46.86,36497918.0,1804896693.0,5.817,2.71
300807,天迈科技,37.05,37.0,37.05,37.85,37.9,37.99,36.9,896500.0,33483917.0,-2.114,-0.8
300808,久量股份,25.16,25.12,25.16,24.98,24.85,25.77,24.73,4649800.0,117355964.0,0.721,0.18
300809,华辰装备,24.07,24.06,24.07,24.58,24.49,24.72,23.93,3372286.0,81835679.0,-2.075,-0.51
300810,中科海讯,27.73,27.72,27.73,24.85,24.85,28.84,24.7,10155603.0,276238445.0,11.59,2.88
300811,铂科新材,83.01,83.01,83.02,81.6,82.19,85.29,81.78,14288101.0,1196199269.0,1.728,1.41
300812,易天股份,19.33,19.33,19.34,19.37,19.45,19.89,19.25,5032582.0,98419963.0,-0.207,-0.04
300813,泰林生物,20.81,20.81,20.82,21.08,20.99,21.12,20.66,1500091.0,31298853.0,-1.281,-0.27
300814,中富电路,137.2,137.2,137.21,135.84,138.29,142.19,136.14,5921232.0,822127943.0,1.001,1.36
300815,玉禾田,15.17,15.17,15.18,15.26,15.23,15.3,15.13,3218124.0,48935291.0,-0.59,-0.09
300816,艾可蓝,65.97,65.96,65.97,66.59,66.0,67.87,65.59,3238300.0,216150112.0,-0.931,-0.62
300817,双飞集团,16.7,16.7,16.72,16.8,16.8,16.97,16.68,1555980.0,26144544.0,-0.595,-0.1
300818,耐普矿机,18.29,18.29,18.31,18.35,18.54,18.88,18.16,2924761.0,54014694.0,-0.327,-0.06
300819,聚杰微纤,45.98,45.98,45.99,46.31,46.66,47.3,45.6,2561400.0,118887004.0,-0.713,-0.33
300820,英杰电气,57.71,57.71,57.75,57.5,58.1,59.87,57.43,5114577.0,299853420.0,0.365,0.21
300821,东岳硅材,15.0,15.0,15.01,15.21,15.37,15.4,14.85,36796438.0,555291562.0,-1.381,-0.21
300822,贝仕达克,11.6,11.6,11.61,11.93,11.94,11.96,11.54,3608720.0,42104006.0,-2.766,-0.33
300823,建科智能,14.72,14.71,14.72,14.97,14.95,15.09,14.61,3605700.0,53415453.0,-1.67,-0.25
300824,北鼎股份,8.1,8.1,8.11,8.37,8.3,8.53,8.03,8009800.0,65314390.0,-3.226,-0.27
300825,阿尔特,12.79,12.79,12.8,12.78,12.92,12.94,12.57,18691371.0,238065295.0,0.078,0.01
300826,测绘股份,15.44,15.43,15.44,15.03,14.96,15.55,14.96,5296890.0,80944274.0,2.728,0.41
300827,上能电气,25.18,25.18,25.19,24.99,24.96,25.3,24.61,9141110.0,228468633.0,0.76,0.19
300828,锐新科技,17.88,17.88,17.89,18.25,18.2,18.48,17.74,5656150.0,101825661.0,-2.027,-0.37
300829,金丹科技,17.28,17.28,17.3,17.25,17.24,17.59,17.1,5129740.0,88826084.0,0.174,0.03
300830,金现代,9.0,9.0,9.01,9.27,9.18,9.23,8.91,30111746.0,271928089.0,-2.913,-0.27
300831,ST派瑞,14.36,14.36,14.37,14.54,14.54,14.59,14.32,3302754.0,47622900.0,-1.238,-0.18
300832,新产业,49.14,49.12,49.14,49.85,49.57,49.85,48.91,2865825.0,141006122.0,-1.424,-0.71
300833,浩洋股份,40.6,40.6,40.61,41.17,41.3,41.3,40.51,615950.0,25173096.0,-1.385,-0.57
300834,星辉环材,40.13,40.13,40.14,40.77,40.76,41.35,40.11,1013600.0,41123317.0,-1.57,-0.64
300835,龙磁科技,176.3,176.3,176.31,172.45,173.2,179.88,173.2,3231768.0,570996693.0,2.233,3.85
300836,佰奥智能,49.15,49.13,49.15,49.33,49.5,52.11,48.73,3379077.0,170277942.0,-0.365,-0.18
300837,浙矿股份,23.41,23.41,23.46,23.66,23.66,24.54,23.32,2581324.0,61485248.0,-1.057,-0.25
300838,浙江力诺,14.59,14.59,14.6,14.56,14.5,14.69,14.46,2241656.0,32749456.0,0.206,0.03
300839,博汇股份,13.56,13.56,13.57,13.49,13.42,13.9,13.33,16781901.0,228174175.0,0.519,0.07
300840,酷特智能,18.93,18.92,18.93,18.86,18.69,19.12,18.43,7809500.0,146670080.0,0.371,0.07
300841,康华生物,50.5,50.5,50.51,51.54,51.16,51.19,50.18,2802874.0,141595146.0,-2.018,-1.04
300842,帝科股份,64.63,64.63,64.65,63.0,63.1,65.5,62.0,5436853.0,346610682.0,2.587,1.63
300843,胜蓝股份,124.61,124.61,124.65,125.75,127.0,128.22,123.77,3566768.0,447848586.0,-0.907,-1.14
300844,山水比德,24.8,24.78,24.8,25.53,25.37,25.68,24.21,2268585.0,56511097.0,-2.859,-0.73
300845,捷安高科,13.41,13.4,13.41,13.96,13.89,13.94,13.22,7427415.0,100005034.0,-3.94,-0.55
300846,首都在线,18.97,18.96,18.97,19.0,19.11,19.25,18.72,12458700.0,236196964.0,-0.158,-0.03
300847,中船汉光,14.35,14.34,14.35,14.27,14.21,14.48,14.15,3879027.0,55657317.0,0.561,0.08
300848,美瑞新材,11.63,11.62,11.63,11.74,11.82,11.82,11.58,1543057.0,17983170.0,-0.937,-0.11
300849,锦盛新材,22.31,22.31,22.36,22.27,22.19,22.42,21.86,2409850.0,53199842.0,0.18,0.04
300850,新强联,26.49,26.49,26.5,27.01,27.0,27.08,26.3,8900894.0,236655864.0,-1.925,-0.52
300851,交大思诺,24.44,24.4,24.44,24.44,24.44,24.56,24.25,793153.0,19364008.0,0.0,0.0
300852,四会富仕,58.0,57.98,58.0,55.52,55.67,59.38,54.77,15286874.0,873052713.0,4.467,2.48
300853,申昊科技,27.6,27.55,27.6,27.51,27.45,28.09,27.22,2811600.0,77794409.0,0.327,0.09
300854,中兰环保,16.36,16.36,16.37,16.8,16.68,16.88,16.32,5068162.0,83761694.0,-2.619,-0.44
300855,图南股份,36.18,36.18,36.19,35.82,35.61,36.85,35.61,4808357.0,174625157.0,1.005,0.36
300856,科思股份,10.64,10.64,10.65,10.84,10.83,10.83,10.61,4064620.0,43392643.0,-1.845,-0.2
300857,协创数据,259.12,259.11,259.12,266.05,272.4,272.4,256.05,16388236.0,4299528663.0,-2.605,-6.93
300858,科拓生物,14.56,14.55,14.56,14.93,14.81,14.9,14.48,2439201.0,35716232.0,-2.478,-0.37
300859,西域旅游,29.42,29.41,29.42,30.35,30.01,30.01,28.98,8066000.0,236482480.0,-3.064,-0.93
300860,锋尚文化,31.81,31.81,31.89,32.16,31.66,32.45,31.41,4014448.0,128188689.0,-1.088,-0.35
300861,美畅股份,16.39,16.39,16.4,16.26,16.33,16.5,16.28,7991348.0,131122856.0,0.8,0.13
300862,蓝盾光电,49.0,49.0,49.03,49.8,50.88,51.69,48.6,17752937.0,889072828.0,-1.606,-0.8
300863,卡倍亿,41.27,41.27,41.28,41.98,42.5,42.73,41.13,4122892.0,172541927.0,-1.691,-0.71
300864,南大环境,27.19,27.19,27.3,29.67,28.93,29.92,27.09,9202200.0,260235588.0,-8.359,-2.48
300865,大宏立,32.61,32.59,32.61,32.92,32.62,33.93,32.3,4340269.0,142727087.0,-0.942,-0.31
300866,安克创新,128.2,128.2,128.21,127.89,128.76,128.8,126.95,2473127.0,316480605.0,0.242,0.31
300867,圣元环保,18.57,18.56,18.57,18.12,17.86,18.88,17.66,12605703.0,231035380.0,2.483,0.45
300868,杰美特,79.39,79.39,79.4,79.73,79.73,82.48,78.7,1777500.0,142929562.0,-0.426,-0.34
300869,康泰医学,11.13,11.11,11.13,11.35,11.28,11.32,11.06,2768200.0,30859988.0,-1.938,-0.22
300870,欧陆通,210.01,210.01,210.02,209.53,215.0,218.29,208.35,5400032.0,1148888711.0,0.229,0.48
300871,回盛生物,22.59,22.59,22.62,22.85,22.85,23.0,22.5,3500780.0,79420856.0,-1.138,-0.26
300872,天阳科技,15.18,15.18,15.19,15.46,15.39,15.46,15.07,7932488.0,120670090.0,-1.811,-0.28
300873,海晨股份,15.51,15.51,15.52,15.88,15.92,16.13,15.48,9749660.0,153219734.0,-2.33,-0.37
300875,捷强装备,34.86,34.86,34.88,35.3,35.0,35.92,34.51,6389731.0,224902008.0,-1.246,-0.44
300876,蒙泰高新,15.2,15.2,15.21,15.44,16.81,16.81,15.13,4356415.0,67584799.0,-1.554,-0.24
300877,金春股份,26.67,26.67,26.7,26.74,26.76,27.53,26.45,1534900.0,41208664.0,-0.262,-0.07
300878,维康药业,34.93,34.92,34.93,34.67,34.15,35.5,34.09,3012577.0,104388509.0,0.75,0.26
300879,大叶股份,17.19,17.18,17.19,18.28,18.0,18.28,17.13,9431598.0,165284086.0,-5.963,-1.09
300880,迦南智能,21.18,21.15,21.18,21.38,21.5,21.52,20.88,3390413.0,71712516.0,-0.935,-0.2
300881,盛德鑫泰,31.15,31.15,31.17,31.55,31.5,31.62,31.0,730579.0,22819433.0,-1.268,-0.4
300882,万胜智能,13.83,13.83,13.86,13.99,13.93,14.0,13.78,1610010.0,22344040.0,-1.144,-0.16
300883,龙利得,6.72,6.71,6.72,6.71,6.71,6.75,6.65,7619276.0,51204563.0,0.149,0.01
300884,狄耐克,12.38,12.38,12.39,13.08,12.96,13.03,12.35,8366817.0,105110833.0,-5.352,-0.7
300885,海昌新材,19.13,19.13,19.15,19.48,19.5,19.6,19.07,2561600.0,49410065.0,-1.797,-0.35
300886,华业香料,23.57,23.57,23.59,23.71,23.61,24.08,23.34,1309526.0,30930464.0,-0.59,-0.14
300887,谱尼测试,7.33,7.33,7.34,7.47,7.45,7.45,7.28,8211062.0,60248599.0,-1.874,-0.14
300888,稳健医疗,29.3,29.3,29.32,29.66,29.66,29.67,29.19,2092995.0,61429084.0,-1.214,-0.36
300889,爱克股份,23.66,23.66,23.68,24.21,23.97,24.65,23.25,8619816.0,206496580.0,-2.272,-0.55
300890,翔丰华,25.56,25.56,25.57,25.81,25.85,25.89,25.39,2558090.0,65625700.0,-0.969,-0.25
300891,惠云钛业,7.74,7.73,7.74,7.7,7.65,7.78,7.65,5021700.0,38758767.0,0.519,0.04
300892,品渥食品,24.8,24.8,24.81,25.24,25.11,25.53,24.38,3184240.0,78826308.0,-1.743,-0.44
300893,松原安全,14.45,14.45,14.47,14.45,14.5,14.59,14.34,1544687.0,22301194.0,0.0,0.0
300894,火星人,10.13,10.12,10.13,10.34,10.28,10.34,10.08,4636700.0,47167380.0,-2.031,-0.21
300895,铜牛信息,54.87,54.86,54.87,56.18,56.58,57.5,54.68,4507164.0,251449887.0,-2.332,-1.31
300896,爱美客,90.83,90.83,90.86,93.1,92.57,92.58,90.38,2524729.0,230076338.0,-2.438,-2.27
300897,山科智能,16.07,16.06,16.07,16.1,16.1,16.33,15.91,1095820.0,17610180.0,-0.186,-0.03
300898,熊猫乳品,21.5,21.5,21.52,21.8,21.65,21.87,21.31,4275976.0,92109536.0,-1.376,-0.3
300899,上海凯鑫,31.13,31.13,31.28,31.31,31.01,31.5,30.95,677075.0,21151591.0,-0.575,-0.18
300900,广联航空,23.47,23.47,23.48,23.66,23.46,23.98,23.36,9817037.0,231982041.0,-0.803,-0.19
300901,中胤时尚,19.59,19.59,19.6,20.29,20.3,21.67,19.05,13489184.0,271737474.0,-3.45,-0.7
300902,国安达,15.85,15.85,15.88,16.13,16.05,16.26,15.77,2372300.0,37903849.0,-1.736,-0.28
300903,科翔股份,86.63,86.63,86.65,88.06,89.0,89.99,86.0,17585627.0,1544302589.0,-1.624,-1.43
300904,威力传动,40.95,40.95,41.0,41.97,41.46,42.18,40.76,517800.0,21426210.0,-2.43,-1.02
300905,宝丽迪,35.14,35.14,35.16,35.46,35.6,35.83,35.07,2668600.0,94466596.0,-0.902,-0.32
300906,日月明,30.05,30.02,30.05,29.37,29.19,30.16,28.88,1182235.0,35037366.0,2.315,0.68
300907,康平科技,52.9,52.89,52.9,52.17,52.45,54.4,52.3,2977357.0,158514989.0,1.399,0.73
300908,仲景食品,25.89,25.89,25.9,26.18,26.1,26.1,25.74,1317397.0,34083785.0,-1.108,-0.29
300909,汇创达,58.88,58.88,58.89,58.87,59.06,59.49,58.02,2266100.0,133603619.0,0.017,0.01
300910,瑞丰新材,28.74,28.74,28.76,29.18,29.2,29.3,28.56,4720920.0,136413705.0,-1.508,-0.44
300911,亿田智能,29.4,29.4,29.41,29.61,29.61,29.96,28.44,15904412.0,465588947.0,-0.709,-0.21
300912,凯龙高科,20.66,20.66,20.67,20.72,20.72,20.92,20.51,1875458.0,38822993.0,-0.29,-0.06
300913,兆龙互连,41.08,41.07,41.08,35.81,36.67,42.97,36.02,42177742.0,1733800812.0,14.717,5.27
300915,海融科技,19.89,19.89,19.96,20.41,20.25,20.4,19.8,1966905.0,39345595.0,-2.548,-0.52
300916,朗特智能,25.31,25.31,25.32,25.9,25.77,26.2,25.19,3210502.0,82647508.0,-2.278,-0.59
300917,特发服务,28.58,28.58,28.59,29.92,29.11,29.53,28.14,12032171.0,344892688.0,-4.479,-1.34
300918,南山智尚,10.82,10.81,10.82,11.0,10.87,11.01,10.77,5389088.0,58547434.0,-1.636,-0.18
300919,中伟新材,39.26,39.25,39.26,38.69,38.58,39.5,38.49,6645884.0,259120855.0,1.473,0.57
300920,润阳科技,35.45,35.45,35.51,35.37,35.37,36.18,35.33,1151570.0,41071951.0,0.226,0.08
300921,南凌科技,15.63,15.63,15.65,15.8,15.79,15.95,15.53,4186148.0,65818191.0,-1.076,-0.17
300922,天秦装备,19.7,19.7,19.71,19.77,19.46,20.73,19.0,18405910.0,365282990.0,-0.354,-0.07
300923,研奥股份,25.0,25.0,25.03,24.81,24.8,26.16,24.65,2217267.0,56099427.0,0.766,0.19
300925,法本信息,14.29,14.28,14.29,14.71,14.61,14.68,14.27,6463038.0,93044224.0,-2.855,-0.42
300926,博俊科技,17.28,17.28,17.3,17.65,17.65,17.79,17.22,2849400.0,49751318.0,-2.096,-0.37
300927,江天化学,30.04,30.04,30.05,32.18,31.29,31.86,30.0,17443706.0,537456915.0,-6.65,-2.14
300928,华安鑫创,25.09,25.07,25.09,25.44,25.27,25.55,24.98,1266900.0,32002480.0,-1.376,-0.35
300929,华骐环保,16.2,16.2,16.21,16.32,16.16,16.34,16.04,2303817.0,37269441.0,-0.735,-0.12
300930,屹通新材,25.5,25.5,25.52,25.47,25.36,25.67,25.22,1026100.0,26121559.0,0.118,0.03
300931,通用电梯,15.99,15.98,15.99,15.45,15.48,16.16,15.31,11678400.0,185833708.0,3.495,0.54
300932,三友联众,11.2,11.19,11.2,11.35,11.32,11.32,11.06,9085694.0,101563939.0,-1.322,-0.15
300933,中辰股份,6.99,6.98,6.99,7.12,7.07,7.15,6.96,9676059.0,67969049.0,-1.826,-0.13
300935,盈建科,28.62,28.6,28.62,28.77,28.85,29.16,28.33,1410861.0,40515603.0,-0.521,-0.15
300936,中英科技,74.33,74.33,74.37,74.9,76.28,77.71,73.52,3013385.0,227350539.0,-0.761,-0.57
300937,药易购,24.83,24.83,24.84,25.56,25.29,25.33,24.61,3505857.0,87236376.0,-2.856,-0.73
300938,信测标准,28.83,28.82,28.83,29.32,29.3,30.17,28.72,10733428.0,315246851.0,-1.671,-0.49
300939,秋田微,71.1,71.1,71.11,74.66,74.77,75.71,69.11,6006658.0,430666922.0,-4.768,-3.56
300940,南极光,14.15,14.15,14.16,14.21,14.2,14.25,13.97,3607350.0,50843094.0,-0.422,-0.06
300941,创识科技,15.29,15.29,15.3,15.74,15.77,15.79,15.22,4679700.0,71903912.0,-2.859,-0.45
300942,易瑞生物,6.51,6.51,6.52,6.67,6.61,6.63,6.5,3831151.0,25054723.0,-2.399,-0.16
300943,春晖智控,36.53,36.53,36.55,38.32,39.0,41.14,30.66,21906026.0,837975323.0,-4.671,-1.79
300945,曼卡龙,13.02,13.02,13.03,12.79,12.7,13.3,12.52,21469531.0,276990327.0,1.798,0.23
300946,恒而达,38.4,38.39,38.4,38.55,38.36,38.78,37.72,1624711.0,62074388.0,-0.389,-0.15
300947,德必集团,15.0,14.99,15.0,15.23,15.1,15.33,14.83,2917067.0,43631348.0,-1.51,-0.23
300948,冠中生态,20.23,20.23,20.24,20.65,20.52,20.77,20.12,1687600.0,34442305.0,-2.034,-0.42
300949,奥雅股份,23.73,23.73,23.75,24.56,24.6,24.77,23.62,2380615.0,56894218.0,-3.379,-0.83
300950,德固特,18.55,18.55,18.56,18.71,18.69,18.94,18.47,2494596.0,46501778.0,-0.855,-0.16
300951,博硕科技,86.27,86.27,86.28,81.99,82.01,86.68,81.56,5088466.0,430462960.0,5.22,4.28
300952,恒辉安防,16.05,16.05,16.07,16.3,16.3,16.42,16.0,2616669.0,42356917.0,-1.534,-0.25
300953,震裕科技,89.12,89.12,89.16,90.59,90.2,91.5,88.74,3087970.0,277776150.0,-1.623,-1.47
300955,嘉亨家化,30.9,30.9,30.93,30.61,31.08,31.59,30.36,1448984.0,44842113.0,0.947,0.29
300956,英力股份,11.2,11.19,11.2,11.31,11.3,11.37,11.12,3150255.0,35478453.0,-0.973,-0.11
300957,贝泰妮,32.18,32.18,32.19,33.06,32.81,32.92,31.97,6498811.0,210040526.0,-2.662,-0.88
300958,建工修复,12.49,12.49,12.52,12.58,12.53,12.59,12.4,1787090.0,22330192.0,-0.715,-0.09
300959,线上线下,92.05,92.04,92.05,94.69,97.07,97.5,91.48,1878300.0,174950168.0,-2.788,-2.64
300960,通业科技,16.82,16.74,16.82,16.93,16.9,17.05,16.69,1201753.0,20273215.0,-0.65,-0.11
300961,深水海纳,12.91,12.9,12.91,13.55,12.8,14.09,12.62,28161766.0,373292630.0,-4.723,-0.64
300962,中金辐照,13.23,13.22,13.23,13.37,13.38,13.38,13.19,1535464.0,20370049.0,-1.047,-0.14
300963,中洲特材,11.54,11.54,11.57,11.59,11.52,11.69,11.48,5478220.0,63360128.0,-0.431,-0.05
300964,本川智能,65.2,65.19,65.2,62.72,73.0,73.0,63.12,15067219.0,995857758.0,3.954,2.48
300965,恒宇信通,43.69,43.6,43.69,44.01,43.92,44.44,43.47,706540.0,30947963.0,-0.727,-0.32
300966,共同药业,23.63,23.63,23.64,23.59,23.73,24.49,23.38,2178800.0,52199766.0,0.17,0.04
300967,晓鸣股份,18.63,18.62,18.63,18.68,18.65,19.45,18.5,12013356.0,226639156.0,-0.268,-0.05
300968,格林精密,10.05,10.05,10.06,10.49,10.49,10.49,10.01,9249997.0,93980037.0,-4.194,-0.44
300969,恒帅股份,84.25,84.25,84.35,83.7,83.7,87.0,83.0,2850208.0,242048316.0,0.657,0.55
300970,华绿生物,20.72,20.72,20.73,20.94,20.5,21.18,20.44,23377373.0,486186723.0,-1.051,-0.22
300971,博亚精工,17.97,17.97,17.98,17.88,17.89,18.32,17.84,1973799.0,35577321.0,0.503,0.09
300972,万辰集团,184.56,184.55,184.57,180.5,180.19,186.08,178.84,1493800.0,274269795.0,2.249,4.06
300973,立高食品,26.61,26.61,26.66,27.05,26.81,27.04,26.4,2690422.0,71716975.0,-1.627,-0.44
300975,商络电子,24.68,24.67,24.68,25.03,25.37,25.63,24.5,28050456.0,701260619.0,-1.398,-0.35
300976,达瑞电子,60.67,60.67,60.68,58.99,59.47,61.59,58.13,7655311.0,458079302.0,2.848,1.68
300977,深圳瑞捷,19.92,19.92,19.93,19.65,19.62,20.08,19.38,2577300.0,51018584.0,1.374,0.27
300978,东箭科技,8.85,8.85,8.86,9.0,9.04,9.04,8.84,2192800.0,19515356.0,-1.667,-0.15
300979,华利集团,33.09,33.09,33.1,33.32,33.32,33.33,32.62,1490600.0,49018958.0,-0.69,-0.23
300980,祥源新材,23.28,23.28,23.29,23.46,23.41,23.62,23.11,2275008.0,53192209.0,-0.767,-0.18
300981,中红医疗,15.45,15.44,15.45,15.79,15.58,15.71,15.28,8932312.0,138040879.0,-2.153,-0.34
300982,苏文电能,14.76,14.76,14.77,14.94,14.91,14.96,14.7,1425700.0,21099434.0,-1.205,-0.18
300983,尤安设计,38.27,38.14,38.27,38.31,38.35,38.39,37.94,505355.0,19296790.0,-0.104,-0.04
300984,金沃股份,30.04,30.04,30.05,29.96,29.82,30.55,29.79,2709453.0,81480163.0,0.267,0.08
300985,致远新能,36.45,36.44,36.45,35.55,35.45,37.56,35.45,2704192.0,98980870.0,2.532,0.9
300986,志特新材,11.83,11.83,11.84,12.18,12.26,12.53,11.76,21361805.0,256017940.0,-2.874,-0.35
300987,川网传媒,14.34,14.34,14.35,15.05,14.8,15.07,14.18,9609487.0,138709236.0,-4.718,-0.71
300988,津荣天宇,15.66,15.65,15.66,15.65,15.66,15.78,15.52,2336380.0,36623773.0,0.064,0.01
300989,蕾奥规划,14.43,14.43,14.44,14.66,14.62,14.7,14.27,2554230.0,36906122.0,-1.569,-0.23
300990,同飞股份,92.75,92.75,92.79,93.35,94.89,95.5,91.53,7303844.0,679905386.0,-0.643,-0.6
300991,创益通,28.51,28.47,28.51,27.1,27.1,31.38,27.06,8720754.0,254532994.0,5.203,1.41
300992,泰福泵业,26.13,26.13,26.18,26.48,26.27,26.81,25.96,1176271.0,30892069.0,-1.322,-0.35
300993,玉马科技,10.1,10.1,10.12,10.29,10.24,10.37,10.1,3569170.0,36396080.0,-1.846,-0.19
300994,久祺股份,11.26,11.26,11.3,11.48,11.4,11.5,11.2,1504900.0,17030584.0,-1.916,-0.22
300995,奇德新材,26.6,26.6,26.62,26.93,26.7,27.15,26.41,1787671.0,47833202.0,-1.225,-0.33
300996,普联软件,13.42,13.42,13.43,13.64,13.53,13.74,13.29,18485047.0,248630111.0,-1.613,-0.22
300997,欢乐家,17.56,17.56,17.57,18.75,18.37,18.49,17.45,21766002.0,387535383.0,-6.347,-1.19
300998,宁波方正,31.34,31.32,31.34,30.95,31.0,31.45,30.78,3422400.0,106404265.0,1.26,0.39
300999,金龙鱼,27.56,27.55,27.56,27.79,27.46,27.96,27.3,15627823.0,430969738.0,-0.828,-0.23
301000,肇民科技,23.95,23.95,23.96,24.18,24.34,24.8,23.93,2597827.0,63072001.0,-0.951,-0.23
301001,凯淳股份,25.76,25.76,25.79,25.78,25.74,25.86,25.45,1262080.0,32398661.0,-0.078,-0.02
301002,崧盛股份,27.42,27.41,27.42,27.92,27.92,28.27,27.33,3108200.0,86170302.0,-1.791,-0.5
301003,江苏博云,61.99,61.99,62.0,61.88,61.9,62.99,61.32,1572900.0,97631351.0,0.178,0.11
301004,嘉益股份,33.34,33.33,33.38,33.65,33.5,33.99,32.85,466112.0,15583895.0,-0.921,-0.31
301005,超捷股份,64.3,64.3,64.33,64.98,64.98,65.65,63.7,4229142.0,273004222.0,-1.046,-0.68
301006,迈拓股份,14.09,14.07,14.09,14.23,14.25,14.29,13.89,1563100.0,21934368.0,-0.984,-0.14
301007,德迈仕,31.66,31.66,31.67,31.9,31.85,32.1,31.36,2760910.0,87380169.0,-0.752,-0.24
301008,宏昌科技,47.36,47.35,47.36,45.94,46.36,48.35,45.3,13803735.0,648167301.0,3.091,1.42
301009,可靠股份,9.3,9.3,9.32,9.39,9.44,9.68,9.27,3438040.0,32220735.0,-0.958,-0.09
301010,晶雪节能,17.8,17.77,17.8,17.98,18.0,18.05,17.72,1118091.0,19937624.0,-1.001,-0.18
301011,华立科技,15.63,15.62,15.63,15.97,15.84,16.06,15.55,2685037.0,42090685.0,-2.129,-0.34
301012,扬电科技,22.88,22.88,22.89,23.02,22.89,23.15,22.75,3921912.0,89806917.0,-0.608,-0.14
301013,利和兴,36.55,36.55,36.56,36.81,36.85,37.96,36.28,13162625.0,488177449.0,-0.706,-0.26
301015,百洋医药,24.6,24.6,24.61,25.02,24.9,25.15,24.58,4891500.0,121343745.0,-1.679,-0.42
301016,雷尔伟,15.7,15.7,15.71,15.53,15.53,15.88,15.32,6280102.0,98479310.0,1.095,0.17
301017,漱玉平民,12.88,12.88,12.89,13.28,13.25,13.25,12.81,4477600.0,58148711.0,-3.012,-0.4
301018,申菱环境,100.7,100.7,100.71,101.41,102.03,104.66,100.05,13271760.0,1351192758.0,-0.7,-0.71
301019,宁波色母,15.32,15.31,15.32,15.5,15.53,15.53,15.18,1189560.0,18227159.0,-1.161,-0.18
301020,密封科技,22.89,22.89,22.9,21.3,23.01,24.99,22.7,9390771.0,221044926.0,7.465,1.59
301021,英诺激光,77.83,77.83,77.86,72.7,74.98,80.59,73.8,12595590.0,985289619.0,7.056,5.13
301022,海泰科,22.52,22.51,22.52,23.09,22.82,23.01,22.41,1415500.0,32078897.0,-2.469,-0.57
301023,奕帆传动,29.18,29.18,29.23,29.36,29.15,29.88,29.0,1116961.0,32748717.0,-0.613,-0.18
301024,霍普股份,33.96,33.95,33.96,33.35,33.6,34.19,33.01,871111.0,29330386.0,1.829,0.61
301025,读客文化,10.02,10.02,10.03,10.75,10.44,10.55,9.81,33580248.0,336105043.0,-6.791,-0.73
301026,浩通科技,20.47,20.46,20.47,20.16,20.16,20.6,20.05,5322061.0,108261492.0,1.538,0.31
301027,华蓝集团,20.65,20.65,20.66,20.46,20.47,20.88,20.33,4253435.0,87639019.0,0.929,0.19
301028,鼎熔岩,13.23,13.23,13.25,13.31,13.33,13.45,13.15,2939400.0,39111898.0,-0.601,-0.08
301029,怡合达,24.29,24.28,24.29,25.39,24.2,24.7,24.07,12320210.0,300046995.0,-4.332,-1.1
301030,*ST仕净,7.49,7.49,7.5,7.35,7.3,7.75,7.28,8080227.0,60516593.0,1.905,0.14
301031,中熔电气,93.1,93.1,93.12,95.02,95.0,96.5,93.01,1818028.0,171538179.0,-2.021,-1.92
301032,新柴股份,10.41,10.41,10.43,10.44,10.49,10.65,10.38,3786536.0,39740812.0,-0.287,-0.03
301033,迈普医学,54.35,54.26,54.35,55.28,55.19,55.19,53.89,701165.0,38141348.0,-1.682,-0.93
301035,润丰股份,56.99,56.98,56.99,57.7,57.7,58.18,56.3,1593634.0,91274188.0,-1.231,-0.71
301036,双乐股份,22.55,22.55,22.56,22.88,22.88,22.9,22.34,826208.0,18698040.0,-1.442,-0.33
301037,保立佳,13.18,13.18,13.19,13.31,13.28,13.35,13.03,1650034.0,21766906.0,-0.977,-0.13
301038,深水规院,17.78,17.77,17.78,18.33,18.32,18.35,17.7,3590417.0,64209645.0,-3.001,-0.55
301039,中集车辆,7.71,7.71,7.72,7.81,7.8,7.82,7.67,8831076.0,68285659.0,-1.28,-0.1
301040,中环海陆,28.0,27.96,28.0,28.28,28.23,28.46,27.8,1369200.0,38514451.0,-0.99,-0.28
301041,金百泽,31.4,31.39,31.4,30.32,30.5,31.92,30.5,6204298.0,195190959.0,3.562,1.08
301042,安联锐视,30.93,30.92,30.93,31.54,31.61,31.65,30.62,3064681.0,95376962.0,-1.934,-0.61
301043,绿岛风,51.64,51.64,51.65,50.88,50.7,52.8,50.04,1719700.0,88034621.0,1.494,0.76
301045,天禄科技,64.58,64.49,64.59,63.88,64.5,65.94,63.61,2051200.0,132655231.0,1.096,0.7
301046,能辉科技,32.42,32.41,32.42,30.42,31.8,32.49,31.11,11018965.0,352222117.0,6.575,2.0
301047,义翘神州,101.8,101.8,101.81,99.63,98.0,102.62,95.82,8755595.0,877096925.0,2.178,2.17
301048,金鹰重工,9.4,9.4,9.41,9.34,9.35,9.43,9.25,4689832.0,43878207.0,0.642,0.06
301049,超越科技,20.88,20.88,20.89,20.7,20.78,20.95,20.61,876081.0,18205991.0,0.87,0.18
301050,雷电微力,29.2,29.2,29.23,29.09,28.96,29.86,28.96,3133332.0,92102938.0,0.378,0.11
301051,信濠光电,17.76,17.76,17.77,18.11,18.14,18.38,17.55,8180273.0,146124631.0,-1.933,-0.35
301052,果麦文化,25.26,25.25,25.26,26.38,25.17,25.8,24.72,6772553.0,170524066.0,-4.246,-1.12
301053,远信工业,32.66,32.65,32.66,32.99,32.77,33.17,32.6,1406747.0,46213974.0,-1.0,-0.33
301055,张小泉,31.19,31.18,31.19,28.08,27.85,31.36,27.85,8573680.0,256672022.0,11.075,3.11
301056,森赫股份,14.82,14.81,14.82,15.17,15.03,15.24,14.25,4475200.0,66336515.0,-2.307,-0.35
301057,汇隆新材,21.52,21.52,21.59,21.77,21.77,22.17,21.39,2163744.0,47112494.0,-1.148,-0.25
301058,中粮科工,9.62,9.62,9.63,9.47,9.32,9.65,9.22,25027647.0,238175125.0,1.584,0.15
301059,金三江,12.34,12.34,12.35,12.52,12.49,12.57,12.26,1334479.0,16521364.0,-1.438,-0.18
301060,兰卫医学,10.56,10.55,10.56,10.61,10.48,10.61,10.38,9904300.0,104179266.0,-0.471,-0.05
301061,匠心家居,36.22,36.22,36.24,37.26,37.26,37.46,35.9,2178555.0,79262646.0,-2.791,-1.04
301062,上海艾录,7.38,7.38,7.39,7.34,7.38,7.45,7.32,4452900.0,32894171.0,0.545,0.04
301063,海锅股份,18.05,18.05,18.08,18.24,18.21,18.3,18.01,1120745.0,20297100.0,-1.042,-0.19
301065,本立科技,19.67,19.66,19.67,19.97,19.87,19.96,19.6,986074.0,19502342.0,-1.502,-0.3
301066,万事利,12.97,12.97,12.98,13.25,13.25,13.25,12.87,4719200.0,61359675.0,-2.113,-0.28
301067,显盈科技,32.46,32.46,32.47,31.6,31.65,32.95,31.21,3845436.0,124385097.0,2.722,0.86
301068,大地海洋,28.74,28.72,28.74,28.33,28.38,29.18,28.27,1040000.0,29857731.0,1.447,0.41
301069,凯盛新材,16.27,16.26,16.27,16.47,16.41,16.47,16.2,3592478.0,58666960.0,-1.214,-0.2
301070,开勒股份,66.38,66.33,66.38,65.94,65.9,67.78,65.08,2036360.0,135504311.0,0.667,0.44
301071,力量钻石,64.97,64.97,64.98,62.07,62.17,65.68,61.3,29588127.0,1900792165.0,4.672,2.9
301072,中捷精工,44.78,44.65,44.78,43.3,43.3,44.88,43.01,2292700.0,100675119.0,3.418,1.48
301073,君亭酒店,20.26,20.26,20.27,21.18,20.89,20.96,20.15,11011451.0,224588966.0,-4.344,-0.92
301075,多瑞医药,59.24,59.03,59.25,60.13,60.14,60.36,59.0,712300.0,42414296.0,-1.48,-0.89
301076,新瀚新材,21.45,21.45,21.46,21.72,21.81,21.83,21.24,3214844.0,69098998.0,-1.243,-0.27
301077,星华新材,21.32,21.32,21.35,21.72,21.6,21.71,21.2,1553811.0,33328186.0,-1.842,-0.4
301078,孩子王,7.51,7.5,7.51,7.44,8.0,8.19,7.47,72124406.0,550751941.0,0.941,0.07
301079,邵阳液压,28.87,28.87,28.88,29.09,29.09,29.35,28.76,3128552.0,90781396.0,-0.756,-0.22
301080,百普赛斯,89.7,89.7,89.72,92.5,90.12,90.98,87.5,11942955.0,1066318176.0,-3.027,-2.8
301081,严牌股份,16.48,16.48,16.5,15.65,15.63,16.62,15.52,7988403.0,129594544.0,5.304,0.83
301082,久盛电气,10.1,10.09,10.1,10.12,10.05,10.16,10.04,3939964.0,39804471.0,-0.198,-0.02
301083,百胜智能,13.97,13.97,13.98,14.0,13.95,14.08,13.86,1367148.0,19113285.0,-0.214,-0.03
301085,亚康股份,72.78,72.77,72.78,69.18,69.86,73.7,69.86,8964494.0,647061766.0,5.204,3.6
301086,鸿富瀚,157.12,157.12,157.15,148.29,149.35,158.8,146.51,7171632.0,1090051908.0,5.955,8.83
301087,可孚医疗,51.87,51.87,51.9,51.73,51.64,52.23,51.2,1824815.0,94593888.0,0.271,0.14
301088,戎美股份,13.58,13.57,13.58,13.78,13.73,13.9,13.56,1233400.0,16856188.0,-1.451,-0.2
301089,拓新药业,22.94,22.93,22.94,23.46,23.44,23.44,22.84,1525400.0,35059065.0,-2.217,-0.52
301090,华润材料,7.09,7.09,7.11,7.21,7.19,7.28,7.08,7226578.0,51710325.0,-1.664,-0.12
301091,深城交,19.95,19.95,19.96,20.45,20.43,20.43,19.88,5376793.0,108038204.0,-2.445,-0.5
301092,争光股份,43.81,43.75,43.81,43.97,43.66,44.56,43.44,1505333.0,66186450.0,-0.364,-0.16
301093,华兰股份,59.98,59.98,60.0,61.73,61.1,62.68,59.84,4170250.0,254838312.0,-2.835,-1.75
301095,广立微,73.83,73.83,73.85,74.85,74.7,76.37,73.3,5082364.0,380267375.0,-1.363,-1.02
301096,百诚医药,46.62,46.57,46.62,44.04,43.68,46.85,43.23,3943271.0,177240652.0,5.858,2.58
301097,天益医疗,34.03,34.03,34.04,34.69,34.51,34.72,33.9,501376.0,17159699.0,-1.903,-0.66
301098,金埔园林,9.5,9.48,9.5,9.46,9.41,9.65,9.35,5704328.0,54025182.0,0.423,0.04
301099,雅创电子,50.12,50.11,50.12,49.7,49.99,51.28,49.61,5016127.0,253322856.0,0.845,0.42
301100,风光股份,15.85,15.85,15.86,16.08,16.13,16.13,15.76,709900.0,11297094.0,-1.43,-0.23
301101,明月镜片,28.9,28.89,28.9,29.4,29.42,29.51,28.77,1475842.0,42826527.0,-1.701,-0.5
301102,兆讯传媒,9.72,9.71,9.72,9.99,9.95,10.05,9.63,2621441.0,25536696.0,-2.703,-0.27
301103,何氏眼科,16.65,16.65,16.66,16.82,16.88,16.98,16.58,1926529.0,32212057.0,-1.011,-0.17
301105,鸿铭股份,51.08,51.08,51.09,53.0,53.19,53.19,50.52,675925.0,34958654.0,-3.623,-1.92
301106,骏成科技,19.22,19.22,19.23,19.63,19.58,19.78,19.05,3734303.0,72407560.0,-2.089,-0.41
301107,瑜欣电子,22.08,22.08,22.11,21.96,22.34,22.5,21.78,1645905.0,36509747.0,0.546,0.12
301108,洁雅股份,41.67,41.6,41.67,41.97,41.58,42.0,41.03,1287672.0,53419180.0,-0.715,-0.3
301109,军信股份,13.13,13.13,13.14,13.0,13.0,13.15,12.95,3476510.0,45431263.0,1.0,0.13
301110,青木科技,36.12,36.11,36.12,37.56,37.32,37.37,35.51,4476444.0,162529410.0,-3.834,-1.44
301111,粤万年青,21.94,21.94,21.97,22.46,22.3,22.31,21.9,4375599.0,96500227.0,-2.315,-0.52
301112,信邦智能,31.56,31.56,31.59,31.78,32.2,32.2,31.23,998200.0,31513459.0,-0.692,-0.22
301113,雅艺科技,17.51,17.51,17.56,17.68,17.68,17.81,17.43,1065968.0,18732937.0,-0.962,-0.17
301115,联检科技,30.73,30.73,30.74,29.39,29.51,31.5,29.24,6010323.0,183145973.0,4.559,1.34
301116,益客食品,9.96,9.94,9.96,10.11,10.01,10.17,9.92,5658015.0,56825517.0,-1.484,-0.15
301117,ST佳缘,13.65,13.64,13.65,14.05,14.05,14.06,13.4,7141749.0,97724191.0,-2.847,-0.4
301118,恒光股份,23.78,23.75,23.78,23.91,23.88,24.11,23.57,2185300.0,51981708.0,-0.544,-0.13
301119,正强股份,26.74,26.74,26.75,27.23,26.84,28.13,26.4,4515697.0,121954482.0,-1.799,-0.49
301120,新特电气,15.09,15.09,15.1,15.07,15.04,15.32,14.95,6062770.0,91589931.0,0.133,0.02
301121,紫建电子,35.74,35.74,35.76,36.11,36.5,36.5,35.57,700043.0,25123368.0,-1.025,-0.37
301122,采纳股份,45.7,45.67,45.7,45.6,46.62,47.6,44.28,6634715.0,304089806.0,0.219,0.1
301123,奕东电子,76.67,76.66,76.67,77.64,79.0,80.28,76.01,8049759.0,628100514.0,-1.249,-0.97
301125,腾亚精工,13.95,13.93,13.95,13.92,13.87,14.16,13.81,2408617.0,33619266.0,0.216,0.03
301126,达嘉维康,10.59,10.59,10.62,10.8,10.81,10.85,10.57,2280157.0,24346564.0,-1.944,-0.21
301127,武汉天源,17.57,17.56,17.57,17.3,17.0,17.73,16.9,21810235.0,377950968.0,1.561,0.27
301128,强瑞技术,117.3,117.29,117.3,117.2,117.8,120.52,114.05,6538898.0,764168919.0,0.085,0.1
301129,瑞纳智能,23.11,23.11,23.12,23.42,23.35,23.49,23.04,1889682.0,43875737.0,-1.324,-0.31
301130,西点药业,27.62,27.61,27.62,28.79,28.3,28.31,27.47,5125077.0,142788809.0,-4.064,-1.17
301131,聚赛龙,33.33,33.33,33.38,33.89,33.87,33.88,33.2,690696.0,23135205.0,-1.652,-0.56
301132,满坤科技,46.85,46.85,46.86,42.59,43.0,47.75,42.3,11680520.0,536567397.0,10.002,4.26
301133,金钟股份,27.37,27.37,27.38,28.82,28.0,29.0,27.01,5952746.0,165512168.0,-5.031,-1.45
301135,瑞德智能,17.13,17.13,17.15,17.38,17.36,17.47,16.99,1391327.0,23899632.0,-1.438,-0.25
301136,招标股份,12.29,12.28,12.29,12.26,12.2,12.44,12.06,8212680.0,100532153.0,0.245,0.03
301137,哈焊华通,32.78,32.78,32.79,32.62,32.78,33.2,32.4,4434427.0,145265048.0,0.49,0.16
301138,华研精机,28.45,28.42,28.45,28.76,28.76,28.93,28.28,628712.0,17939877.0,-1.078,-0.31
301139,*ST元道,3.31,0.0,0.0,3.31,0.0,0.0,0.0,0.0,0.0,0.0,0.0
301141,中科磁业,38.34,38.34,38.35,38.87,38.87,39.0,38.06,1111586.0,42774591.0,-1.364,-0.53
301148,嘉戎技术,56.15,56.1,56.17,56.35,55.8,57.3,55.8,1380215.0,77919827.0,-0.355,-0.2
301149,隆华新材,8.91,8.9,8.91,8.64,8.63,8.99,8.6,14754896.0,130213218.0,3.125,0.27
301150,中一科技,37.99,37.99,38.0,37.39,37.78,38.8,37.63,13465112.0,515108665.0,1.605,0.6
301151,冠龙节能,22.45,22.44,22.45,22.38,22.35,22.82,22.01,6064600.0,135553533.0,0.313,0.07
301152,天力锂能,21.95,21.95,21.96,22.53,22.47,22.65,21.78,4777501.0,105715819.0,-2.574,-0.58
301153,中科江南,17.83,17.82,17.83,18.32,18.27,18.35,17.68,3770918.0,67478946.0,-2.675,-0.49
301155,海力风电,36.87,36.86,36.87,37.6,37.57,37.68,36.73,1999400.0,74172903.0,-1.941,-0.73
301156,美农生物,12.73,12.72,12.73,12.97,12.85,13.32,12.59,7725102.0,99352707.0,-1.85,-0.24
301157,华塑科技,60.07,60.07,60.1,60.94,61.23,61.87,59.55,687100.0,41654458.0,-1.428,-0.87
301158,德石股份,15.38,15.37,15.38,15.72,15.5,15.6,15.29,6605931.0,101837075.0,-2.163,-0.34
301159,三维天地,31.74,31.72,31.74,32.44,32.12,32.48,31.4,1496308.0,47644144.0,-2.158,-0.7
301160,翔楼新材,45.79,45.79,45.8,45.82,46.85,47.06,45.36,3533067.0,163324759.0,-0.065,-0.03
301161,唯万密封,28.79,28.79,28.8,28.39,28.5,29.22,28.39,2625715.0,75633505.0,1.409,0.4
301162,国能日新,35.95,35.9,35.95,36.43,36.08,36.5,35.52,1273255.0,45686567.0,-1.318,-0.48
301163,宏德股份,22.7,22.7,22.8,23.06,22.89,22.97,22.53,1054149.0,23960638.0,-1.561,-0.36
301165,锐捷网络,110.06,110.06,110.08,110.18,112.22,112.66,108.3,10834795.0,1192183193.0,-0.109,-0.12
301166,优宁维,28.9,28.9,28.91,29.19,29.17,29.17,28.65,1065900.0,30815750.0,-0.993,-0.29
301167,建研设计,13.81,13.8,13.81,13.99,13.98,13.98,13.73,1925184.0,26567787.0,-1.287,-0.18
301168,通灵股份,41.07,41.07,41.17,40.63,41.0,41.4,40.51,802921.0,32910372.0,1.083,0.44
301169,零点有数,57.86,57.85,57.91,58.07,58.08,58.93,56.51,1785052.0,103098826.0,-0.362,-0.21
301170,锡南科技,23.0,23.0,23.01,23.02,23.12,23.18,22.84,878076.0,20178827.0,-0.087,-0.02
301171,易点天下,37.18,37.18,37.19,38.59,38.04,38.88,36.87,64711072.0,2438756320.0,-3.654,-1.41
301172,君逸数码,18.78,18.77,18.78,18.19,18.22,19.33,17.91,10259495.0,191318498.0,3.244,0.59
301173,毓恬冠佳,33.56,33.47,33.56,33.59,33.59,33.94,33.25,480500.0,16127504.0,-0.089,-0.03
301175,中科环保,5.81,5.81,5.82,5.75,5.72,5.83,5.72,13876070.0,80360322.0,1.043,0.06
301176,逸豪新材,49.0,48.99,49.0,46.45,47.91,51.0,46.6,11008721.0,542440285.0,5.49,2.55
301177,迪阿股份,23.92,23.92,23.97,24.25,24.11,24.16,23.51,2831488.0,67480460.0,-1.361,-0.33
301178,天亿马,33.85,33.84,33.85,34.43,34.34,34.62,33.73,994339.0,33904954.0,-1.685,-0.58
301179,泽宇智能,19.9,19.9,19.91,20.16,20.16,20.25,19.8,3307520.0,66087164.0,-1.29,-0.26
301180,万祥科技,11.65,11.65,11.66,11.96,11.9,11.94,11.63,4064612.0,47745537.0,-2.592,-0.31
301181,标榜股份,25.61,25.61,25.63,25.89,26.15,26.15,25.23,1983723.0,50700392.0,-1.081,-0.28
301182,凯旺科技,70.05,70.05,70.07,70.48,71.22,73.4,67.85,4784458.0,337686509.0,-0.61,-0.43
301183,东田微,234.0,234.0,234.13,235.69,238.69,241.85,232.58,3507174.0,831531178.0,-0.717,-1.69
301185,鸥玛软件,17.4,17.37,17.4,17.68,17.54,17.6,17.35,1289645.0,22501616.0,-1.584,-0.28
301186,超达装备,35.04,35.04,35.15,34.66,34.8,36.7,34.26,1597162.0,56792613.0,1.096,0.38
301187,欧圣电气,14.19,14.18,14.19,14.41,14.33,14.47,14.17,1242680.0,17728829.0,-1.527,-0.22
301188,力诺药包,33.43,33.43,33.45,32.77,33.05,34.29,32.5,17225814.0,573520951.0,2.014,0.66
301189,奥尼电子,62.75,62.75,62.76,58.46,59.82,65.5,58.47,11545531.0,727480273.0,7.338,4.29
301190,善水科技,18.15,18.15,18.16,19.06,18.86,18.86,18.1,6253076.0,115324209.0,-4.774,-0.91
301191,菲菱科思,82.08,82.08,82.09,82.67,83.08,84.62,81.44,2827277.0,234253747.0,-0.714,-0.59
301192,泰祥股份,19.66,19.66,19.78,19.88,19.88,20.0,19.65,790731.0,15668108.0,-1.107,-0.22
301193,家联科技,20.54,20.54,20.56,20.95,20.84,21.38,20.45,4749526.0,98993840.0,-1.957,-0.41
301195,北路智控,25.87,25.86,25.87,26.2,26.18,26.18,25.64,906200.0,23461512.0,-1.26,-0.33
301196,唯科科技,85.74,85.74,85.79,85.06,88.0,91.6,85.38,6934812.0,611473544.0,0.799,0.68
301197,工大科雅,26.33,26.32,26.33,26.41,26.33,26.95,26.15,1887549.0,50140566.0,-0.303,-0.08
301198,喜悦智行,13.31,13.3,13.31,13.58,13.72,13.79,13.24,2013845.0,26964764.0,-1.988,-0.27
301199,迈赫股份,17.77,17.77,17.78,18.14,18.11,18.16,17.71,1178814.0,21073239.0,-2.04,-0.37
301200,大族数控,263.04,263.03,263.04,264.27,265.08,272.29,261.31,1964620.0,524635115.0,-0.465,-1.23
301201,诚达药业,35.35,35.35,35.36,34.9,34.61,35.48,33.5,4342336.0,150520555.0,1.289,0.45
301202,朗威股份,36.35,36.32,36.35,35.85,35.98,36.57,35.66,1204676.0,43623838.0,1.395,0.5
301203,国泰环保,34.58,34.58,34.62,35.21,35.9,35.9,34.5,448400.0,15644867.0,-1.789,-0.63
301205,联特科技,297.59,297.59,297.6,309.08,314.8,319.6,294.28,6339254.0,1922237948.0,-3.717,-11.49
301206,三元生物,29.0,28.99,29.0,27.0,26.31,29.16,26.08,21534898.0,602649310.0,7.407,2.0
301207,华兰疫苗,18.16,18.16,18.17,18.49,18.31,18.57,18.02,8576630.0,156389372.0,-1.785,-0.33
301208,中亦科技,30.2,30.2,30.21,30.75,30.78,30.89,30.06,880334.0,26703704.0,-1.789,-0.55
301209,联合化学,58.92,58.92,58.93,60.72,61.33,61.9,58.37,2222670.0,132819979.0,-2.964,-1.8
301210,金杨精密,25.25,25.25,25.29,25.47,25.25,25.9,25.1,2491953.0,63502818.0,-0.864,-0.22
301211,亨迪药业,11.66,11.66,11.67,11.91,11.75,11.83,11.56,9078425.0,106084201.0,-2.099,-0.25
301212,联盛化学,25.9,25.9,25.98,26.58,26.11,26.66,25.79,1249907.0,32648256.0,-2.558,-0.68
301213,观想科技,42.1,42.1,42.11,41.45,41.1,43.0,41.08,1963379.0,82679945.0,1.568,0.65
301215,中汽股份,5.37,5.37,5.38,5.45,5.44,5.45,5.35,9565163.0,51493727.0,-1.468,-0.08
301216,万凯新材,19.45,19.45,19.46,20.39,20.11,20.23,19.45,23435390.0,465181928.0,-4.61,-0.94
301217,铜冠铜箔,107.21,107.2,107.21,105.5,107.62,110.54,106.0,27067270.0,2935757055.0,1.621,1.71
301218,华是科技,46.02,46.01,46.02,45.21,45.11,47.88,44.5,15598408.0,727230875.0,1.792,0.81
301219,腾远钴业,43.74,43.73,43.74,43.48,43.5,44.22,43.17,6407012.0,279872525.0,0.598,0.26
301220,亚香股份,27.3,27.3,27.31,26.13,26.15,28.22,25.97,3112304.0,84045128.0,4.478,1.17
301221,光庭信息,27.02,27.02,27.03,27.56,27.54,27.54,26.44,1822880.0,48975001.0,-1.959,-0.54
301222,浙江恒威,25.25,25.24,25.29,25.01,25.1,25.81,24.8,1532621.0,38956954.0,0.96,0.24
301223,中荣股份,18.03,18.0,18.03,17.64,17.5,18.05,17.49,1346744.0,24052269.0,2.211,0.39
301225,恒勃股份,56.98,56.98,57.0,59.11,58.82,59.99,56.76,2447628.0,141471895.0,-3.603,-2.13
301226,祥明智能,32.32,32.32,32.35,32.6,32.82,33.06,32.15,1760718.0,57361383.0,-0.859,-0.28
301227,森鹰窗业,32.81,32.8,32.81,34.35,34.35,34.4,31.3,4924020.0,160579791.0,-4.483,-1.54
301228,实朴检测,59.85,59.83,59.85,58.54,58.72,60.61,58.19,2246000.0,134349482.0,2.238,1.31
301229,纽泰格,12.13,12.13,12.14,12.36,12.34,12.42,12.12,2203764.0,26973267.0,-1.861,-0.23
301230,泓博医药,31.29,31.28,31.29,31.56,31.01,31.9,30.7,17862762.0,557590806.0,-0.856,-0.27
301231,荣信文化,28.78,28.78,28.79,30.03,29.53,29.99,28.5,6737856.0,194666227.0,-4.163,-1.25
301232,飞沃科技,95.82,95.81,95.82,97.44,96.89,98.6,95.5,2453420.0,237604093.0,-1.663,-1.62
301233,盛帮股份,32.61,32.61,32.65,32.71,32.4,33.11,32.4,775976.0,25410324.0,-0.306,-0.1
301234,五洲医疗,101.75,101.75,101.79,106.58,106.0,107.99,100.01,1449131.0,148658101.0,-4.532,-4.83
301235,华康洁净,44.72,44.7,44.73,46.84,46.85,47.87,44.33,7672827.0,351054905.0,-4.526,-2.12
301236,软通动力,36.26,36.26,36.27,37.0,36.86,37.0,35.91,15483424.0,562792849.0,-2.0,-0.74
301237,和顺科技,37.35,37.32,37.35,37.15,38.58,39.37,37.06,3390666.0,129284447.0,0.538,0.2
301238,瑞泰新材,15.93,15.93,15.94,15.77,15.74,16.21,15.66,10038178.0,160080010.0,1.015,0.16
301239,普瑞眼科,33.09,33.09,33.1,33.77,33.47,33.64,32.91,1413900.0,46862053.0,-2.014,-0.68
301246,宏源药业,17.97,17.97,17.98,18.17,18.1,18.17,17.88,6380724.0,114916687.0,-1.101,-0.2
301248,杰创智能,55.72,55.72,55.76,56.6,56.49,57.24,55.4,2093545.0,117616521.0,-1.555,-0.88
301251,威尔高,56.98,56.98,56.99,56.1,56.4,58.95,56.01,5756709.0,330339787.0,1.569,0.88
301252,同星科技,37.62,37.6,37.62,36.39,36.59,37.8,36.23,3972667.0,147814605.0,3.38,1.23
301255,通力科技,19.33,19.33,19.38,19.85,19.85,19.85,19.3,1169900.0,22818591.0,-2.62,-0.52
301256,华融化学,10.31,10.31,10.32,10.8,10.61,10.78,10.25,12759852.0,133564352.0,-4.537,-0.49
301257,普蕊斯,38.95,38.95,38.96,40.01,39.53,39.8,38.55,4594576.0,179319790.0,-2.649,-1.06
301258,富士莱,25.89,25.74,25.89,26.08,26.0,26.07,25.69,554771.0,14367596.0,-0.729,-0.19
301259,艾布鲁,21.38,21.38,21.39,21.21,21.19,21.91,21.01,4314552.0,92349105.0,0.802,0.17
301260,格力博,11.96,11.95,11.96,12.13,12.1,12.17,11.92,2372558.0,28435376.0,-1.401,-0.17
301261,恒工精密,58.41,58.41,58.43,60.07,60.55,60.55,58.1,2115002.0,124978596.0,-2.763,-1.66
301262,海看股份,20.27,20.27,20.28,21.0,20.8,20.8,20.1,9565468.0,194013881.0,-3.476,-0.73
301263,泰恩康,19.94,19.94,20.01,20.17,20.06,20.3,19.9,2115185.0,42416924.0,-1.14,-0.23
301265,华新科技,19.43,19.43,19.44,19.73,20.1,20.22,19.3,5913800.0,116012789.0,-1.521,-0.3
301266,宇邦新材,24.59,24.58,24.59,25.48,25.68,25.68,24.21,8881495.0,218787211.0,-3.493,-0.89
301267,华厦眼科,15.07,15.07,15.08,15.22,15.33,15.33,15.02,2882791.0,43597906.0,-0.986,-0.15
301268,铭利达,12.43,12.43,12.45,12.62,12.64,12.65,12.38,2020868.0,25292206.0,-1.506,-0.19
301269,华大九天,89.5,89.5,89.51,90.36,90.11,90.9,89.02,4144526.0,372269497.0,-0.952,-0.86
301270,汉仪股份,30.9,30.88,30.9,31.45,31.55,31.86,30.7,1982300.0,61708540.0,-1.749,-0.55
301272,英华特,34.42,34.4,34.42,34.68,34.67,34.86,34.23,556184.0,19166350.0,-0.75,-0.26
301273,瑞晨环保,37.0,36.95,37.0,36.9,36.86,37.16,36.09,1367784.0,50159652.0,0.271,0.1
301275,汉朔科技,42.05,42.04,42.05,43.22,43.24,43.24,41.83,4105376.0,174001242.0,-2.707,-1.17
301276,嘉曼服饰,18.0,17.98,18.0,18.32,18.28,18.36,17.94,2278980.0,41231947.0,-1.747,-0.32
301277,新天地,10.1,10.1,10.11,10.3,10.25,10.28,10.05,2409976.0,24434340.0,-1.942,-0.2
301278,快可电子,28.58,28.58,28.6,28.9,28.91,29.22,28.53,931765.0,26889303.0,-1.107,-0.32
301279,金道科技,23.75,23.71,23.75,24.05,24.08,24.28,23.3,2401298.0,57025105.0,-1.247,-0.3
301280,珠城科技,42.32,42.22,42.32,42.28,42.48,43.17,41.92,939236.0,39984586.0,0.095,0.04
301281,科源制药,47.88,47.88,47.99,48.61,48.3,48.63,47.6,1347727.0,64672316.0,-1.502,-0.73
301282,金禄电子,42.88,42.88,42.9,40.3,40.9,43.44,40.6,19914247.0,843709553.0,6.402,2.58
301283,聚胶股份,24.55,24.55,24.64,24.79,24.79,24.9,24.46,614125.0,15147749.0,-0.968,-0.24
301285,鸿日达,83.37,83.37,83.48,83.55,83.55,85.68,81.77,2038900.0,170111017.0,-0.215,-0.18
301286,侨源股份,44.8,44.8,44.89,44.88,44.43,45.45,44.43,1027785.0,46208681.0,-0.178,-0.08
301287,康力源,44.07,44.07,44.33,45.0,45.2,45.5,44.07,765331.0,34261103.0,-2.067,-0.93
301288,清研环境,17.52,17.52,17.54,17.93,17.75,18.09,17.47,1450704.0,25701801.0,-2.287,-0.41
301289,国缆检测,44.49,44.49,44.5,44.49,44.57,44.9,44.2,608600.0,27153744.0,0.0,0.0
301290,东星医疗,27.95,27.95,27.97,28.48,28.58,28.58,27.93,728400.0,20517231.0,-1.861,-0.53
301291,明阳电气,33.59,33.59,33.6,33.33,33.39,33.77,33.19,3237868.0,108583252.0,0.78,0.26
301292,海科新源,64.61,64.6,64.61,62.53,63.12,64.98,62.79,8155063.0,523549374.0,3.326,2.08
301293,三博脑科,50.81,50.8,50.81,51.4,51.4,51.4,50.55,3268400.0,166557431.0,-1.148,-0.59
301295,美硕科技,37.38,37.38,37.4,37.34,37.02,37.7,36.81,956000.0,35573079.0,0.107,0.04
301296,新巨丰,6.54,6.52,6.54,6.62,6.61,6.61,6.5,2528200.0,16533053.0,-1.208,-0.08
301297,富乐德,40.7,40.7,40.71,40.98,40.98,42.01,40.01,21116514.0,865481700.0,-0.683,-0.28
301298,东利机械,12.8,12.8,12.84,13.07,13.06,13.07,12.8,1403600.0,18083981.0,-2.066,-0.27
301299,卓创资讯,46.75,46.75,46.76,46.64,46.58,46.98,45.66,2197700.0,101833671.0,0.236,0.11
301300,远翔新材,33.43,33.43,33.46,33.55,33.66,34.0,33.02,703715.0,23695723.0,-0.358,-0.12
301301,川宁生物,8.25,8.25,8.26,8.44,8.32,8.38,8.22,12517434.0,103738557.0,-2.251,-0.19
301302,华如科技,22.06,22.06,22.07,22.27,22.09,22.45,21.93,3296730.0,72819598.0,-0.943,-0.21
301303,真兰仪表,13.6,13.59,13.6,13.71,13.68,13.72,13.54,1648580.0,22465952.0,-0.802,-0.11
301305,朗坤科技,26.66,26.66,26.67,27.07,26.9,27.2,26.43,6319154.0,168852935.0,-1.515,-0.41
301306,西测测试,98.64,98.64,98.65,98.2,98.04,99.64,96.69,1960081.0,192380574.0,0.448,0.44
301307,美利信,55.98,55.96,55.98,56.92,57.0,58.28,55.8,6484213.0,368736752.0,-1.651,-0.94
301308,江波龙,348.03,348.03,348.04,358.86,359.0,362.77,347.18,9468604.0,3344507400.0,-3.018,-10.83
301309,万得凯,31.95,31.95,31.96,31.83,31.78,32.08,31.51,500900.0,15957176.0,0.377,0.12
301310,鑫宏业,56.27,56.27,56.28,55.9,55.15,57.0,54.96,5498517.0,307829148.0,0.662,0.37
301311,昆船智能,13.97,13.96,13.97,13.85,13.78,14.21,13.78,2917972.0,40795216.0,0.866,0.12
301312,智立方,83.58,83.58,83.59,84.78,86.73,86.9,83.04,6127293.0,520473367.0,-1.415,-1.2
301313,凡拓数创,32.63,32.63,32.64,34.33,33.97,34.33,32.41,7334700.0,242233960.0,-4.952,-1.7
301314,科瑞思,43.9,43.85,43.9,44.56,44.6,45.23,43.81,774061.0,34449442.0,-1.481,-0.66
301315,威士顿,39.63,39.63,39.64,40.3,40.22,40.55,39.17,1768483.0,70103678.0,-1.663,-0.67
301316,慧博云通,37.5,37.5,37.51,36.81,36.96,38.0,36.24,10146054.0,376866124.0,1.874,0.69
301317,鑫磊股份,49.5,49.5,49.52,49.62,49.74,50.57,48.84,2477443.0,123148284.0,-0.242,-0.12
301318,维海德,21.18,21.16,21.18,21.6,21.62,21.62,20.96,879680.0,18662192.0,-1.944,-0.42
301319,唯特偶,92.8,92.8,92.82,94.5,96.01,97.29,91.82,6524272.0,614362570.0,-1.799,-1.7
301320,豪江智能,13.85,13.81,13.85,13.89,13.9,14.02,13.85,1135200.0,15804909.0,-0.288,-0.04
301321,翰博高新,45.51,45.5,45.51,46.14,46.77,48.23,45.41,7325364.0,340701142.0,-1.365,-0.63
301322,绿通科技,45.61,45.6,45.61,40.97,43.06,46.23,42.4,10066002.0,448004427.0,11.325,4.64
301323,新莱福,68.68,68.68,68.69,68.7,68.7,70.44,67.5,1275700.0,88106738.0,-0.029,-0.02
301325,曼恩斯特,29.22,29.22,29.29,29.58,29.47,29.85,29.13,1070063.0,31472675.0,-1.217,-0.36
301326,捷邦科技,102.22,102.11,102.22,102.03,102.51,104.01,100.02,1721270.0,175894734.0,0.186,0.19
301327,华宝新能,42.31,42.31,42.34,43.12,43.13,43.29,42.22,731544.0,31167409.0,-1.878,-0.81
301328,维峰电子,50.68,50.64,50.68,50.3,50.11,51.6,50.1,2382091.0,121226645.0,0.755,0.38
301329,信音电子,19.63,19.63,19.64,19.62,19.68,19.89,19.51,2009800.0,39631418.0,0.051,0.01
301330,熵基科技,24.91,24.91,24.93,25.54,25.55,25.55,24.78,2586211.0,64758664.0,-2.467,-0.63
301331,恩威医药,22.03,22.03,22.04,22.19,22.26,22.4,21.81,1062034.0,23439824.0,-0.721,-0.16
301332,德尔玛,7.86,7.86,7.87,7.95,7.97,7.97,7.83,3438800.0,27031881.0,-1.132,-0.09
301333,诺思格,60.81,60.78,60.81,60.2,59.01,61.78,58.65,4551929.0,276131064.0,1.013,0.61
301335,天元宠物,23.88,23.87,23.88,24.26,24.21,24.28,23.55,1828825.0,43556441.0,-1.566,-0.38
301336,趣睡科技,44.25,44.22,44.34,44.8,45.0,45.28,43.61,1481323.0,65773900.0,-1.228,-0.55
301337,亚华电子,28.75,28.75,28.76,29.13,29.14,29.42,28.45,1909528.0,55111557.0,-1.304,-0.38
301338,凯格精机,100.0,99.99,100.0,99.74,101.88,103.27,98.69,5146305.0,518681737.0,0.261,0.26
301339,通行宝,11.03,11.02,11.03,11.32,11.33,11.33,10.98,7813711.0,86772405.0,-2.562,-0.29
301345,涛涛车业,225.4,225.4,225.47,225.5,224.5,225.97,222.75,420200.0,94380727.0,-0.044,-0.1
301348,蓝箭电子,20.9,20.9,20.91,21.12,21.1,21.53,20.8,5154872.0,108925586.0,-1.042,-0.22
301349,信德新材,43.03,43.03,43.04,42.52,42.52,43.81,42.22,2636996.0,113810467.0,1.199,0.51
301353,普莱得,19.19,19.19,19.23,19.27,19.38,19.38,19.13,1078055.0,20748166.0,-0.415,-0.08
301355,南王科技,11.55,11.55,11.56,11.18,11.11,12.14,11.08,21703338.0,253179029.0,3.309,0.37
301356,天振股份,19.4,19.4,19.5,19.32,19.28,19.76,19.0,1985249.0,38300732.0,0.414,0.08
301357,北方长龙,104.18,104.18,104.2,106.0,103.0,113.56,100.04,8863116.0,943469934.0,-1.717,-1.82
301358,湖南裕能,55.75,55.75,55.76,55.62,55.21,55.98,55.0,10512696.0,583797605.0,0.234,0.13
301359,东南电子,18.58,18.55,18.58,18.74,18.82,19.03,18.42,1063005.0,19819374.0,-0.854,-0.16
301360,荣旗科技,54.65,54.4,54.69,54.1,53.98,55.46,53.62,1454138.0,79347081.0,1.017,0.55
301361,众智科技,26.6,26.59,26.6,26.83,26.84,26.92,26.43,899300.0,23938430.0,-0.857,-0.23
301362,民爆光电,107.97,107.97,107.98,107.43,108.91,111.69,107.02,2172569.0,237009067.0,0.503,0.54
301363,美好医疗,16.06,16.06,16.07,16.25,16.15,16.24,16.0,5497272.0,88328397.0,-1.169,-0.19
301365,矩阵股份,38.92,38.92,38.93,38.95,39.02,39.3,38.6,1450511.0,56284601.0,-0.077,-0.03
301366,一博科技,58.98,58.98,58.99,57.67,58.18,62.1,57.21,16120566.0,963890509.0,2.272,1.31
301367,瑞迈特,46.16,46.1,46.16,46.92,46.64,46.79,45.59,1618581.0,74662272.0,-1.62,-0.76
301368,丰立智能,37.55,37.55,37.56,38.26,38.2,38.38,37.48,1120785.0,42334152.0,-1.856,-0.71
301369,联动科技,126.09,126.09,126.17,126.17,127.27,130.5,125.02,1480585.0,189056808.0,-0.063,-0.08
301370,国科恒泰,8.72,8.71,8.72,8.82,8.82,8.82,8.63,2745800.0,23907975.0,-1.134,-0.1
301371,敷尔佳,21.19,21.18,21.19,21.64,21.53,21.65,21.01,3642207.0,77397437.0,-2.079,-0.45
301372,科净源,32.3,32.25,32.3,32.12,32.45,33.16,31.88,1302534.0,42292519.0,0.56,0.18
301373,凌玮科技,100.18,100.18,100.2,97.15,97.21,103.58,97.21,6162221.0,620842070.0,3.119,3.03
301376,致欧科技,22.62,22.61,22.62,22.06,22.03,22.85,21.81,6438357.0,144916324.0,2.539,0.56
301377,鼎泰高科,392.0,392.0,392.09,399.0,401.55,406.5,390.25,2182700.0,867196835.0,-1.754,-7.0
301378,通达海,24.91,24.91,24.92,25.39,25.39,25.43,24.71,1417550.0,35358516.0,-1.891,-0.48
301379,天山电子,20.65,20.64,20.65,20.96,21.31,21.33,20.45,8825684.0,183951256.0,-1.479,-0.31
301380,挖金客,32.56,32.56,32.58,32.09,32.09,32.8,31.81,3498545.0,113167514.0,1.465,0.47
301381,赛维时代,22.88,22.88,22.9,22.9,22.95,23.1,22.69,2887900.0,66071249.0,-0.087,-0.02
301382,蜂助手,35.82,35.82,35.83,36.43,36.59,37.06,35.41,9115590.0,328387445.0,-1.674,-0.61
301383,天键股份,24.38,24.36,24.38,24.18,24.18,24.56,23.76,2307800.0,55505573.0,0.827,0.2
301386,未来电器,20.1,20.1,20.11,20.35,20.35,20.37,20.0,870800.0,17542353.0,-1.229,-0.25
301387,光大同创,55.41,55.41,55.45,55.3,56.06,58.28,55.0,2409788.0,136414406.0,0.199,0.11
301388,欣灵电气,25.15,25.15,25.19,25.45,25.45,25.54,25.01,1014036.0,25615198.0,-1.179,-0.3
301389,隆扬电子,56.76,56.76,56.79,57.42,58.35,58.76,56.48,5778699.0,332153031.0,-1.149,-0.66
301390,经纬股份,37.5,37.49,37.5,36.8,36.8,37.89,36.22,1305681.0,48660249.0,1.902,0.7
301391,卡莱特,44.51,44.38,44.51,45.28,45.28,45.58,44.2,946800.0,42430263.0,-1.701,-0.77
301392,汇成真空,170.8,170.8,170.82,175.4,176.01,180.97,170.01,2927324.0,512529470.0,-2.623,-4.6
301393,昊帆生物,58.38,58.38,58.4,57.02,56.5,59.17,55.72,3656496.0,211694942.0,2.385,1.36
301395,仁信新材,12.23,12.23,12.24,12.27,12.27,12.39,12.12,3008528.0,36862838.0,-0.326,-0.04
301396,宏景科技,172.65,172.64,172.65,175.83,179.46,180.02,171.01,9061081.0,1586622519.0,-1.809,-3.18
301397,溯联股份,23.5,23.49,23.5,23.78,23.9,23.9,23.46,2043694.0,48292099.0,-1.177,-0.28
301398,星源卓镁,38.06,38.06,38.08,38.4,38.25,39.92,37.81,1536605.0,59317669.0,-0.885,-0.34
301399,英特科技,20.33,20.33,20.34,20.63,20.03,20.68,20.03,5790781.0,117905225.0,-1.454,-0.3
301408,华人健康,14.29,14.29,14.3,14.65,14.58,14.61,14.25,8173126.0,117446504.0,-2.457,-0.36
301413,安培龙,57.71,57.71,57.72,59.19,59.19,60.02,57.38,2090547.0,121876353.0,-2.5,-1.48
301418,协昌科技,34.33,34.31,34.33,34.95,34.71,35.11,34.07,1140900.0,39532464.0,-1.774,-0.62
301419,阿莱德,41.1,41.09,41.1,41.34,42.07,42.5,40.7,6551531.0,270942232.0,-0.581,-0.24
301421,波长光电,75.8,75.78,75.8,76.42,76.8,78.43,75.15,3270815.0,251298146.0,-0.811,-0.62
301428,世纪恒通,28.36,28.36,28.4,28.91,28.81,28.84,28.34,1798600.0,51282534.0,-1.902,-0.55
301429,森泰股份,17.61,17.58,17.61,17.75,17.78,17.83,17.52,1207598.0,21318868.0,-0.789,-0.14
301439,泓淋电力,14.55,14.54,14.55,14.22,14.19,14.56,14.18,8553249.0,123376592.0,2.321,0.33
301446,福事特,37.59,37.59,37.6,36.97,37.18,38.2,37.01,577250.0,21647075.0,1.677,0.62
301448,开创电气,46.83,46.83,46.84,46.88,46.83,48.37,46.4,1623539.0,77024196.0,-0.107,-0.05
301449,天溯计量,40.8,40.78,40.8,42.14,42.29,42.3,40.65,1317665.0,54181007.0,-3.18,-1.34
301456,盘古智能,23.11,23.1,23.11,23.4,23.5,23.55,22.94,1273200.0,29529996.0,-1.239,-0.29
301458,钧崴电子,35.59,35.59,35.6,35.89,35.93,36.83,35.37,4683495.0,168817737.0,-0.836,-0.3
301459,丰茂股份,32.77,32.76,32.77,32.46,32.58,32.78,32.0,1181735.0,38252986.0,0.955,0.31
301468,博盈特焊,31.97,31.94,31.97,31.5,31.7,32.69,31.4,3394690.0,109324559.0,1.492,0.47
301469,恒达新材,28.38,28.3,28.38,28.73,28.91,28.99,28.17,718211.0,20459846.0,-1.218,-0.35
301479,弘景光电,51.06,51.05,51.06,51.98,51.58,52.0,50.74,2449408.0,125674512.0,-1.77,-0.92
301486,致尚科技,195.55,195.51,195.55,188.88,196.95,201.9,190.8,9658732.0,1899678657.0,3.531,6.67
301487,盟固利,15.56,15.56,15.58,15.69,15.7,15.8,15.42,7767680.0,121290413.0,-0.829,-0.13
301488,豪恩汽电,96.0,96.0,96.02,98.28,97.6,99.01,95.72,926306.0,90009022.0,-2.32,-2.28
301489,思泉新材,129.86,129.85,129.86,134.81,134.74,136.28,128.2,7860731.0,1029617098.0,-3.672,-4.95
301491,汉桑科技,37.79,37.79,37.8,38.8,38.58,38.8,37.66,768468.0,29235141.0,-2.603,-1.01
301498,乖宝宠物,39.08,39.08,39.09,40.35,40.1,40.11,38.98,3651300.0,143556476.0,-3.147,-1.27
301499,维科精密,24.91,24.91,24.94,24.91,24.73,25.35,24.73,900385.0,22553579.0,0.0,0.0
301500,飞南资源,24.89,24.89,24.9,24.42,24.53,26.06,24.53,19706993.0,496283586.0,1.925,0.47
301501,恒鑫生活,27.12,27.0,27.12,27.78,27.7,27.8,26.94,1050764.0,28658212.0,-2.376,-0.66
301502,华阳智能,49.49,49.46,49.49,50.03,50.32,50.8,49.05,463200.0,23120929.0,-1.079,-0.54
301503,智迪科技,21.85,21.85,21.91,22.14,22.08,22.45,21.74,1109754.0,24363762.0,-1.31,-0.29
301505,苏州规划,18.96,18.93,18.96,18.41,18.4,19.29,18.13,7130640.0,134021000.0,2.988,0.55
301507,民生健康,12.27,12.27,12.28,12.59,12.5,12.55,12.24,2603800.0,32163626.0,-2.542,-0.32
301508,中机认检,24.88,24.86,24.88,25.0,24.75,25.08,24.72,1018200.0,25369933.0,-0.48,-0.12
301509,金凯生科,28.75,28.75,28.76,29.02,28.88,29.29,28.44,2056883.0,59335636.0,-0.93,-0.27
301510,固高科技,27.1,27.09,27.1,27.53,27.88,27.88,27.04,6783231.0,185917526.0,-1.562,-0.43
301511,德福科技,105.7,105.69,105.73,103.08,105.0,106.48,103.0,33387264.0,3495345685.0,2.542,2.62
301512,智信精密,30.43,30.43,30.47,30.74,30.94,31.01,30.19,852351.0,26029150.0,-1.008,-0.31
301513,尚水智能,43.2,43.2,43.21,43.41,43.38,43.78,42.82,584000.0,25239123.0,-0.484,-0.21
301515,港通医疗,19.36,19.36,19.45,19.52,19.61,19.69,19.15,849633.0,16518676.0,-0.82,-0.16
301516,中远通,19.08,19.07,19.08,19.45,19.8,20.06,18.9,16634506.0,320702741.0,-1.902,-0.37
301517,陕西华达,38.22,38.21,38.22,38.2,38.25,38.85,38.03,1705400.0,65516592.0,0.052,0.02
301518,长华化学,23.67,23.67,23.68,24.17,24.17,24.31,23.58,1363111.0,32506241.0,-2.069,-0.5
301519,舜禹股份,12.24,12.23,12.24,12.32,12.32,12.39,12.18,1545679.0,18955632.0,-0.649,-0.08
301520,万邦医药,63.27,63.27,63.28,66.0,64.58,66.99,61.8,10927608.0,697808351.0,-4.136,-2.73
301522,上大股份,23.56,23.56,23.57,23.54,23.5,23.94,23.4,3565069.0,84421053.0,0.085,0.02
301525,儒竞科技,38.0,38.0,38.07,39.01,39.17,39.17,37.82,692200.0,26534522.0,-2.589,-1.01
301526,国际复材,27.55,27.54,27.55,27.12,27.57,28.43,27.18,121426655.0,3372220075.0,1.586,0.43
301528,多浦乐,60.09,60.09,60.1,59.02,59.2,60.39,58.57,1148188.0,68535519.0,1.813,1.07
301529,福赛科技,122.9,122.9,123.0,126.55,127.0,128.16,121.86,2425715.0,300839557.0,-2.884,-3.65
301531,春光集团,46.1,46.09,46.1,46.64,46.79,47.5,45.95,1119700.0,52166787.0,-1.158,-0.54
301533,威马农机,29.94,29.94,29.99,30.68,30.14,30.88,29.89,2497381.0,75459192.0,-2.412,-0.74
301535,浙江华远,14.02,14.02,14.04,14.43,14.3,14.42,13.96,2513059.0,35450939.0,-2.841,-0.41
301536,星宸科技,117.17,117.17,117.18,119.07,119.01,120.7,116.5,10521520.0,1247469604.0,-1.596,-1.9
301538,骏鼎达,41.08,41.07,41.08,40.71,40.96,41.98,40.57,1849144.0,76275790.0,0.909,0.37
301539,宏鑫科技,15.1,15.1,15.12,15.63,15.48,15.68,15.03,3510182.0,53626360.0,-3.391,-0.53
301548,崇德科技,55.38,55.38,55.39,55.15,55.38,56.32,55.04,1401173.0,77875286.0,0.417,0.23
301550,斯菱智驱,95.85,95.84,95.85,97.41,96.0,99.1,94.5,10331819.0,995056632.0,-1.601,-1.56
301551,无线传媒,21.87,21.87,21.88,22.76,22.42,22.7,21.8,8360390.0,184093560.0,-3.91,-0.89
301552,科力装备,24.68,24.64,24.68,24.95,24.92,25.15,24.55,1175088.0,29088695.0,-1.082,-0.27
301555,惠柏新材,34.81,34.8,34.81,34.63,34.8,35.05,34.22,1165420.0,40566972.0,0.52,0.18
301556,托普云农,66.79,66.79,66.8,69.9,68.01,69.43,66.5,3822253.0,258379903.0,-4.449,-3.11
301557,常友科技,85.98,85.83,85.98,85.39,85.87,86.65,85.0,436332.0,37438605.0,0.691,0.59
301558,三态股份,6.7,6.7,6.71,6.85,6.8,6.83,6.67,7054300.0,47442208.0,-2.19,-0.15
301559,中集环科,13.3,13.3,13.31,13.36,13.31,13.38,13.22,1406200.0,18720310.0,-0.449,-0.06
301560,众捷股份,24.1,24.1,24.11,24.62,24.9,24.91,23.97,1968800.0,47909155.0,-2.112,-0.52
301563,云汉芯城,113.71,113.71,113.8,116.33,116.96,117.75,113.38,982815.0,113276259.0,-2.252,-2.62
301565,中仑新材,19.1,19.1,19.11,19.05,19.01,19.31,18.93,2978423.0,57054840.0,0.262,0.05
301566,达利凯普,24.49,24.49,24.5,24.58,24.8,25.2,24.33,10657793.0,263992554.0,-0.366,-0.09
301567,贝隆精密,35.49,35.45,35.49,35.92,36.0,36.0,35.17,1015200.0,36094488.0,-1.197,-0.43
301568,思泰克,69.65,69.63,69.65,68.28,68.28,71.87,68.28,3231075.0,227440761.0,2.006,1.37
301571,国科天成,73.88,73.88,73.89,72.31,72.37,75.0,71.51,5445079.0,403791427.0,2.171,1.57
301575,艾芬达,25.32,25.32,25.34,26.56,26.48,26.56,25.19,1327413.0,34008961.0,-4.669,-1.24
301577,美信科技,57.3,57.3,57.37,58.31,58.36,59.57,57.1,1011370.0,58886483.0,-1.732,-1.01
301578,辰奕智能,23.87,23.82,23.87,24.04,24.02,24.4,23.61,878118.0,21061548.0,-0.707,-0.17
301580,爱迪特,54.21,54.21,54.24,54.4,54.1,55.66,53.7,2977168.0,162653831.0,-0.349,-0.19
301581,黄山谷捷,35.8,35.8,35.88,36.76,36.44,36.99,35.74,592828.0,21467912.0,-2.612,-0.96
301583,托伦斯,113.28,113.26,113.28,116.25,117.0,117.5,112.49,3040617.0,348543789.0,-2.555,-2.97
301584,建发致新,20.51,20.51,20.52,21.24,21.25,21.25,20.5,1887284.0,39104358.0,-3.437,-0.73
301585,蓝宇股份,28.38,28.36,28.38,28.65,28.65,28.85,28.26,803730.0,22893980.0,-0.942,-0.27
301586,佳力奇,30.87,30.87,30.89,30.77,30.76,31.5,30.54,1137955.0,35272200.0,0.325,0.1
301587,中瑞股份,20.87,20.87,20.9,20.95,20.96,21.11,20.74,1267700.0,26543400.0,-0.382,-0.08
301588,美新科技,28.17,28.16,28.17,28.57,28.6,28.99,27.95,2112100.0,60176160.0,-1.4,-0.4
301589,诺瓦星云,144.5,144.5,144.52,144.27,143.43,144.71,142.01,402889.0,57710764.0,0.159,0.23
301590,优优绿能,69.85,69.85,69.88,71.34,71.13,72.6,69.6,843740.0,59665568.0,-2.089,-1.49
301591,肯特股份,46.79,46.79,46.8,46.22,47.4,50.08,46.28,16224259.0,776377730.0,1.233,0.57
301592,六九一二,101.66,101.66,101.73,103.66,103.3,104.17,100.7,788085.0,80536624.0,-1.929,-2.0
301595,太力科技,43.58,43.58,43.62,41.91,41.92,44.0,41.6,2496748.0,107410363.0,3.985,1.67
301596,瑞迪智驱,47.11,47.1,47.11,48.45,48.42,48.8,46.81,1419413.0,67517014.0,-2.766,-1.34
301598,博科测试,51.1,51.1,51.14,51.99,52.14,52.14,50.8,494369.0,25366447.0,-1.712,-0.89
301599,理奇智能,30.9,30.9,30.91,31.46,31.35,31.66,30.79,2119601.0,66008269.0,-1.78,-0.56
301600,慧翰股份,80.11,80.11,80.18,83.0,83.1,83.66,80.0,925220.0,75645680.0,-3.482,-2.89
301601,惠通科技,15.86,15.85,15.86,16.17,16.15,16.15,15.8,1468731.0,23405521.0,-1.917,-0.31
301602,超研股份,15.68,15.68,15.69,16.1,16.07,16.07,15.6,2830161.0,44587299.0,-2.609,-0.42
301603,乔锋智能,121.6,121.6,121.76,121.85,122.0,124.99,119.11,1983364.0,241045826.0,-0.205,-0.25
301606,绿联科技,55.02,55.02,55.03,54.59,54.15,55.11,53.21,5794457.0,313297834.0,0.788,0.43
301607,富特科技,41.2,41.2,41.22,42.54,42.79,43.36,41.0,6703239.0,279762225.0,-3.15,-1.34
301608,博实结,43.28,43.25,43.28,44.01,43.9,44.18,43.08,923944.0,40242040.0,-1.659,-0.73
301609,山大电力,31.93,31.93,31.96,32.29,32.05,32.43,31.81,1642376.0,52742957.0,-1.115,-0.36
301611,珂玛科技,88.74,88.73,88.74,89.56,90.51,91.88,88.11,4761374.0,426600354.0,-0.916,-0.82
301613,新铝时代,35.75,35.72,35.75,36.08,36.08,36.18,35.53,486846.0,17407273.0,-0.915,-0.33
301616,浙江华业,36.13,36.08,36.13,36.53,36.53,37.1,36.01,622000.0,22655919.0,-1.095,-0.4
301617,博苑新材,48.46,48.46,48.47,48.39,48.1,48.97,47.9,998384.0,48336136.0,0.145,0.07
301618,长联科技,30.97,30.9,30.97,31.35,31.35,31.47,30.81,799840.0,24837276.0,-1.212,-0.38
301622,英思特,37.66,37.66,37.7,38.41,38.39,38.56,37.44,962773.0,36538920.0,-1.953,-0.75
301626,苏州天脉,289.42,289.11,289.42,269.81,270.01,290.84,270.01,2980451.0,837527145.0,7.268,19.61
301628,强达电路,128.32,128.32,128.33,117.44,119.0,135.0,117.0,6331438.0,808091483.0,9.264,10.88
301629,矽电股份,288.75,288.73,288.79,290.26,293.3,298.7,286.8,783751.0,229275966.0,-0.52,-1.51
301630,同宇新材,191.0,191.0,191.05,184.68,187.25,194.88,185.12,1808240.0,346780408.0,3.422,6.32
301631,壹连科技,65.22,65.22,65.24,65.18,69.38,70.5,64.91,5704773.0,382097087.0,0.061,0.04
301632,广东建科,13.57,13.56,13.57,13.86,13.85,13.88,13.53,3045013.0,41574745.0,-2.092,-0.29
301633,港迪技术,57.98,57.98,57.99,61.57,61.02,61.8,57.8,2279191.0,134943504.0,-5.831,-3.59
301636,泽润新能,38.95,38.95,38.96,39.83,39.87,39.96,38.74,881898.0,34601747.0,-2.209,-0.88
301638,南网数字,21.74,21.74,21.75,21.88,21.64,21.99,21.62,4509086.0,98028759.0,-0.64,-0.14
301655,绿控传动,22.51,22.51,22.52,23.4,23.24,23.33,22.33,8298492.0,188675778.0,-3.803,-0.89
301656,联合动力,14.56,14.56,14.57,14.87,14.87,14.89,14.55,4142883.0,60702524.0,-2.085,-0.31
301658,首航新能,22.21,22.21,22.23,22.7,22.54,22.71,22.2,2179971.0,48844982.0,-2.159,-0.49
301662,宏工科技,60.57,60.57,60.6,61.76,61.39,62.18,60.39,2305716.0,140706037.0,-1.927,-1.19
301665,泰禾股份,23.49,23.48,23.49,23.87,23.65,24.15,23.45,3124100.0,74100641.0,-1.592,-0.38
301666,大普微,397.32,397.31,397.32,409.7,413.01,417.77,395.1,2242600.0,908128633.0,-3.022,-12.38
301667,纳百川,58.02,58.02,58.07,59.54,59.26,59.99,57.59,1326039.0,77693942.0,-2.553,-1.52
301668,昊创瑞通,32.77,32.76,32.77,34.44,34.16,34.44,32.55,1702451.0,56805908.0,-4.849,-1.67
301669,高特电子,25.42,25.42,25.43,25.72,25.76,26.2,25.34,3281347.0,84174086.0,-1.166,-0.3
301677,欣兴工具,51.4,51.4,51.46,52.28,52.01,52.39,51.36,1552682.0,80440376.0,-1.683,-0.88
301678,新恒汇,44.16,44.16,44.17,44.7,45.0,45.4,44.06,1670500.0,74587868.0,-1.208,-0.54
301680,固德电材,103.4,103.4,103.41,98.34,99.97,105.78,98.35,2773726.0,284979575.0,5.145,5.06
301682,宏明电子,105.5,105.5,105.51,105.14,105.13,107.28,104.82,965154.0,102432849.0,0.342,0.36
301683,慧谷新材,95.35,95.3,95.35,96.14,95.75,96.78,94.67,435500.0,41623985.0,-0.822,-0.79
301687,新广益,49.21,49.21,49.23,49.83,49.63,50.68,49.02,2431228.0,120885115.0,-1.244,-0.62
301688,格林生物,38.89,38.89,38.9,41.21,39.82,40.35,38.88,7538785.0,297776874.0,-5.63,-2.32
301696,三瑞智能,94.11,94.11,94.12,92.12,92.19,95.49,91.6,2142194.0,201061245.0,2.16,1.99
301697,贝特利,26.22,26.22,26.23,27.0,26.8,27.08,25.75,11217106.0,295810240.0,-2.889,-0.78
301699,N洛轴,31.99,31.99,32.0,15.88,30.0,36.66,30.0,56082986.0,1840767558.0,101.448,16.11
301707,展芯股份,69.71,69.7,69.71,71.64,71.65,71.85,69.47,3118485.0,219287417.0,-2.694,-1.93
301717,超纯应材,321.09,321.08,321.09,351.81,353.67,356.0,319.3,4158245.0,1381127459.0,-8.732,-30.72
302132,中航成飞,65.15,65.14,65.15,62.21,61.9,66.43,61.48,16927977.0,1096335513.0,4.726,2.94
