代码,名称,最新价,买入,卖出,昨收,今开,最高,最低,成交量,成交额,涨跌幅,涨跌额
920000,安徽凤凰,11.65,11.64,11.65,11.25,11.25,11.75,10.92,949988.0,10960411.0,3.556,0.4
920001,纬达光电,13.11,13.06,13.11,13.14,13.14,13.44,13.03,2218992.0,29385089.0,-0.228,-0.03
920002,万达轴承,58.85,58.85,58.86,57.58,57.51,61.5,56.51,2440253.0,143985901.0,2.206,1.27
920003,中诚咨询,17.4,17.39,17.4,17.13,17.02,17.71,16.82,635224.0,11060497.0,1.576,0.27
920005,鼎佳精密,26.11,25.92,26.11,25.45,25.45,26.47,25.27,370052.0,9615505.0,2.593,0.66
920006,XD晟楠科,14.85,14.84,14.85,14.16,14.1,15.3,13.86,1572174.0,23264134.0,4.873,0.69
920007,酉立智能,35.55,35.44,35.55,34.37,34.15,36.2,33.83,242802.0,8568614.0,3.433,1.18
920008,成电光信,19.74,19.73,19.74,19.02,18.91,20.45,18.88,1112097.0,21960488.0,3.785,0.72
920009,丹娜生物,39.15,39.04,39.15,37.78,37.88,39.5,36.57,717135.0,27554798.0,3.626,1.37
920010,凯添燃气,8.12,8.1,8.12,8.2,7.71,8.12,7.46,10684966.0,83896330.0,-0.976,-0.08
920011,晨光电机,20.2,20.18,20.2,20.15,20.22,20.74,19.89,1358837.0,27628911.0,0.248,0.05
920012,创达新材,61.0,61.0,61.1,64.6,64.0,65.98,61.0,2072160.0,130259738.0,-5.573,-3.6
920014,特瑞斯,8.77,8.76,8.77,8.6,8.31,8.84,8.05,4853923.0,41145897.0,1.977,0.17
920015,锦华新材,56.58,56.58,56.6,54.57,57.0,60.91,55.55,4963357.0,288016011.0,3.683,2.01
920016,中草香料,12.58,12.55,12.58,12.09,12.07,12.74,11.82,965277.0,12001524.0,4.053,0.49
920017,星昊医药,16.97,16.95,16.97,16.47,16.31,17.32,16.14,3548262.0,59919591.0,3.036,0.5
920018,宏远股份,14.09,14.08,14.09,13.87,13.75,14.34,13.75,919233.0,12965803.0,1.586,0.22
920019,铜冠矿建,15.51,15.44,15.51,15.19,15.47,15.74,15.08,2501465.0,38732532.0,2.107,0.32
920020,泰凯英,16.48,16.48,16.5,16.16,16.13,16.68,16.02,1190194.0,19619293.0,1.98,0.32
920021,流金科技,7.6,7.59,7.6,7.31,7.17,7.98,7.04,27625388.0,210986965.0,3.967,0.29
920022,世昌股份,20.14,20.13,20.14,19.39,19.49,20.16,19.24,303750.0,6026353.0,3.868,0.75
920023,*ST田野,1.67,1.67,1.68,1.64,1.65,1.71,1.62,5617472.0,9382564.0,1.829,0.03
920026,卓兆点胶,19.12,19.11,19.12,18.92,19.11,19.5,18.52,933146.0,17895603.0,1.057,0.2
920027,交大铁发,11.05,11.05,11.11,10.71,10.87,11.23,10.66,1485893.0,16387410.0,3.175,0.34
920028,新恒泰,15.73,15.72,15.73,14.53,14.5,17.0,14.24,4587440.0,71519895.0,8.259,1.2
920029,开发科技,34.05,34.0,34.05,33.68,33.87,34.75,33.35,1021551.0,34855783.0,1.099,0.37
920030,德众汽车,4.46,4.44,4.46,4.2,4.17,4.53,4.13,2854297.0,12581873.0,6.19,0.26
920033,康普化学,14.24,14.23,14.24,14.19,14.19,14.55,13.9,923468.0,13148904.0,0.352,0.05
920035,精创电气,30.13,30.12,30.13,27.99,28.18,30.5,28.0,2180019.0,64815927.0,7.646,2.14
920036,觅睿科技,32.52,32.51,32.52,32.29,32.28,33.59,31.8,895955.0,29343699.0,0.712,0.23
920037,广信科技,40.23,40.23,40.28,40.15,40.15,41.13,39.78,1208169.0,48667321.0,0.199,0.08
920039,国义招标,7.57,7.56,7.57,7.24,7.21,7.75,7.12,1703368.0,12874899.0,4.558,0.33
920045,蘅东光,379.78,379.78,379.92,416.13,420.0,427.6,379.78,1422808.0,574393405.0,-8.735,-36.35
920046,亿能电力,20.03,20.03,20.06,20.17,20.41,21.18,20.01,3538274.0,72679870.0,-0.694,-0.14
920047,诺思兰德,22.38,22.38,22.39,22.3,22.0,23.01,21.18,11212296.0,248218632.0,0.359,0.08
920050,爱伦医疗,26.4,26.29,26.4,25.92,25.87,26.53,25.6,206585.0,5415968.0,1.852,0.48
920055,隆源股份,27.28,27.27,27.28,26.68,26.65,27.43,26.57,277385.0,7514384.0,2.249,0.6
920056,能之光,17.06,17.02,17.06,16.6,16.69,17.39,16.4,670983.0,11341526.0,2.771,0.46
920057,百甲科技,4.8,4.79,4.8,4.61,4.61,4.91,4.5,1870927.0,8942514.0,4.121,0.19
920058,华洋赛车,21.43,21.43,21.49,21.89,21.64,22.65,20.59,1825375.0,39078879.0,-2.101,-0.46
920060,万源通,24.56,24.56,24.57,24.54,24.7,25.08,24.33,2663258.0,65715361.0,0.081,0.02
920061,西磁科技,18.01,18.01,18.03,17.87,17.81,18.49,17.76,1070636.0,19426996.0,0.783,0.14
920062,科润智控,8.02,8.0,8.02,7.96,7.86,8.15,7.5,4209056.0,33366778.0,0.754,0.06
920066,科拜尔,17.2,17.2,17.24,16.74,16.74,17.42,16.63,686600.0,11746759.0,2.748,0.46
920068,天工股份,16.71,16.71,16.72,15.98,16.13,17.23,15.78,3022643.0,50352969.0,4.568,0.73
920069,普昂医疗,34.75,34.75,34.79,34.0,34.26,35.18,33.35,458476.0,15788525.0,2.206,0.75
920072,科莱瑞迪,27.2,27.2,27.23,27.79,27.89,28.47,26.93,2033747.0,56255895.0,-2.123,-0.59
920075,柏星龙,15.27,15.27,15.32,14.57,14.43,15.59,14.15,1251239.0,18935965.0,4.804,0.7
920076,国亮新材,12.85,12.85,12.86,12.63,12.61,12.97,12.35,1146495.0,14667986.0,1.742,0.22
920077,吉林碳谷,16.76,16.75,16.76,16.58,16.58,17.27,16.33,6633479.0,111188157.0,1.086,0.18
920078,族兴新材,26.76,26.7,26.76,25.68,25.67,28.32,24.51,4099830.0,108328069.0,4.206,1.08
920080,奥美森,22.76,22.72,22.76,22.42,22.39,22.91,22.04,351824.0,7948571.0,1.517,0.34
920081,N欧伦,47.02,47.02,47.03,38.69,55.0,58.88,46.88,15170237.0,782923211.0,21.53,8.33
920082,方正阀门,8.15,8.15,8.16,7.64,7.77,8.23,7.65,2343466.0,18812957.0,6.675,0.51
920083,金戈新材,37.53,37.53,37.57,40.65,40.64,40.84,37.5,4180697.0,163740612.0,-7.675,-3.12
920086,科马材料,22.19,22.11,22.19,21.96,22.18,22.53,21.66,606251.0,13464377.0,1.047,0.23
920087,秋乐种业,9.55,9.55,9.56,9.18,9.21,9.6,9.05,4273709.0,40226448.0,4.031,0.37
920088,科力股份,39.44,39.44,39.45,38.99,36.0,39.49,35.3,7618197.0,283527206.0,1.154,0.45
920089,禾昌聚合,10.2,10.2,10.22,9.88,9.88,10.34,9.77,1538283.0,15613515.0,3.239,0.32
920090,*ST同辉,3.42,3.41,3.42,3.3,3.2,3.61,3.15,6574550.0,21914884.0,3.636,0.12
920091,大鹏工业,36.97,36.96,36.97,35.97,36.29,37.69,35.83,847579.0,31230580.0,2.78,1.0
920092,汉鑫科技,24.2,24.2,24.44,23.78,23.89,25.1,23.43,1011905.0,24728236.0,1.766,0.42
920096,嘉晨智能,42.19,42.18,42.19,43.51,43.6,44.69,42.1,1681287.0,72511122.0,-3.034,-1.32
920098,科隆新材,17.53,17.52,17.53,16.66,16.66,18.11,16.55,1558544.0,27194627.0,5.222,0.87
920099,瑞华技术,22.27,22.21,22.27,21.51,21.44,22.39,21.28,936942.0,20642041.0,3.533,0.76
920100,三协电机,38.8,38.8,38.88,39.08,39.19,41.39,38.0,3132056.0,123909266.0,-0.716,-0.28
920101,志高机械,16.99,16.99,17.05,16.74,16.73,17.31,16.55,392760.0,6672231.0,1.493,0.25
920106,林泰新材,36.7,36.48,36.7,36.2,36.2,37.49,35.53,596521.0,21863747.0,1.381,0.5
920108,宏海科技,9.06,9.06,9.07,8.91,8.86,9.19,8.69,996539.0,8973330.0,1.684,0.15
920110,雷特科技,24.97,24.9,24.97,24.18,24.48,25.3,23.69,180649.0,4481705.0,3.267,0.79
920111,聚星科技,33.16,33.16,33.17,33.12,33.12,33.91,32.58,4513951.0,149436213.0,0.121,0.04
920112,巴兰仕,15.63,15.48,15.63,15.22,15.35,15.76,15.1,405794.0,6270296.0,2.694,0.41
920116,星图测控,71.58,71.57,71.58,65.64,66.56,77.6,64.6,11382932.0,830412762.0,9.049,5.94
920118,太湖远大,17.54,17.53,17.54,17.06,17.06,17.8,16.76,761246.0,13285478.0,2.814,0.48
920119,美德乐,48.6,48.6,48.61,49.04,49.04,49.84,48.52,518777.0,25440585.0,-0.897,-0.44
920121,江天科技,28.36,28.23,28.36,27.8,27.62,28.58,27.44,272862.0,7700600.0,2.014,0.56
920122,中纺标,24.46,24.46,24.48,23.97,23.79,24.67,23.0,1552011.0,37336295.0,2.044,0.49
920123,芭薇股份,10.04,10.03,10.04,9.58,9.61,10.14,9.42,1615743.0,16023165.0,4.802,0.46
920124,南特科技,13.0,12.99,13.0,12.75,12.77,13.18,12.65,1385578.0,17991311.0,1.961,0.25
920125,鸿仕达,139.0,139.0,139.01,154.5,152.47,155.96,137.6,1694518.0,246913146.0,-10.032,-15.5
920126,永大股份,10.43,10.43,10.44,10.46,10.46,10.74,10.32,3121911.0,32901670.0,-0.287,-0.03
920128,胜业电气,19.14,19.13,19.14,19.1,19.19,19.56,19.0,1433818.0,27666621.0,0.209,0.04
920130,立方控股,13.4,13.29,13.4,12.9,12.98,13.64,12.8,1260959.0,16874907.0,3.876,0.5
920132,泰鹏智能,8.14,8.13,8.14,7.69,7.65,8.2,7.52,1197077.0,9586612.0,5.852,0.45
920136,永励精密,25.53,25.53,25.6,34.0,26.0,29.2,25.5,12189886.0,325073718.0,-24.912,-8.47
920139,华岭股份,17.36,17.36,17.37,17.9,17.84,18.32,17.34,7892486.0,140534156.0,-3.017,-0.54
920145,恒合股份,10.39,10.39,10.4,9.85,9.85,10.75,9.34,1348383.0,13766750.0,5.482,0.54
920146,华阳变速,5.15,5.14,5.15,4.91,4.98,5.24,4.83,4124480.0,21212274.0,4.888,0.24
920149,旭杰科技,7.8,7.77,7.8,7.48,7.48,7.86,7.34,1522329.0,11674293.0,4.278,0.32
920152,昆工科技,14.89,14.89,14.97,14.8,15.0,15.19,14.67,1360692.0,20413485.0,0.608,0.09
920156,海昌智能,45.6,45.6,45.63,46.17,46.7,46.78,45.01,1456513.0,66672867.0,-1.235,-0.57
920158,长江能科,8.52,8.52,8.53,8.89,8.68,8.68,8.23,4420846.0,37276822.0,-4.162,-0.37
920159,农大科技,27.07,26.92,27.07,26.52,26.32,27.47,26.09,424581.0,11430139.0,2.074,0.55
920160,北矿检测,19.63,19.62,19.63,19.19,19.14,19.78,19.14,499830.0,9778097.0,2.293,0.44
920161,龙辰科技,29.55,29.55,29.56,31.59,31.98,32.25,29.5,5952974.0,184022848.0,-6.458,-2.04
920163,方大新材,10.2,10.19,10.2,10.03,9.9,10.26,9.43,2843400.0,28201477.0,1.695,0.17
920166,海圣医疗,20.24,20.14,20.24,19.99,19.86,20.55,19.73,320029.0,6478488.0,1.251,0.25
920167,同享科技,16.51,16.51,16.53,16.29,16.29,16.81,16.12,1332251.0,22113232.0,1.351,0.22
920168,通宝光电,15.52,15.45,15.52,15.16,15.24,15.65,14.95,411343.0,6324714.0,2.375,0.36
920169,七丰精工,20.48,20.47,20.48,18.23,18.55,21.99,17.97,4399292.0,89424846.0,12.342,2.25
920171,志晟信息,18.6,18.6,18.62,19.23,19.0,19.15,18.45,3178209.0,59714872.0,-3.276,-0.63
920174,五新智能,29.36,29.36,29.37,28.92,29.1,29.81,28.68,1093512.0,32040981.0,1.521,0.44
920175,东方碳素,9.18,9.18,9.19,9.13,9.13,9.29,9.0,2374534.0,21783484.0,0.548,0.05
920177,恒道科技,24.69,24.45,24.69,24.02,25.0,25.2,24.22,582137.0,14376134.0,2.789,0.67
920178,锐翔智能,111.8,111.79,111.8,119.1,119.91,123.0,111.58,1376518.0,162470719.0,-6.129,-7.3
920179,凯德石英,67.62,67.62,67.64,76.43,76.99,79.2,66.52,6621988.0,481412408.0,-11.527,-8.81
920180,爱得科技,12.2,12.2,12.21,11.89,11.94,12.43,11.85,575954.0,7034413.0,2.607,0.31
920181,赛英电子,88.0,88.0,88.08,93.6,93.79,95.31,88.0,1345610.0,122422236.0,-5.983,-5.6
920183,海菲曼,29.22,29.2,29.22,28.56,28.74,29.55,28.38,212042.0,6167958.0,2.311,0.66
920184,国源科技,11.37,11.37,11.38,11.17,11.1,11.63,10.73,2399176.0,27143665.0,1.791,0.2
920185,贝特瑞,22.7,22.7,22.71,22.44,22.36,23.07,22.27,5925398.0,134280259.0,1.159,0.26
920186,中科仪,96.29,96.29,96.3,101.7,103.4,104.87,96.11,8488089.0,855053510.0,-5.32,-5.41
920187,通领科技,20.63,20.62,20.63,21.05,21.4,21.4,20.5,806409.0,16848823.0,-1.995,-0.42
920188,悦龙科技,22.43,22.37,22.43,22.6,22.68,22.94,22.03,873002.0,19664276.0,-0.752,-0.17
920189,康美特,30.2,30.2,30.21,31.23,33.0,34.55,29.9,17835008.0,573182651.0,-3.298,-1.03
920190,雷神科技,25.52,25.51,25.52,26.27,26.4,27.68,24.58,9753244.0,254649379.0,-2.855,-0.75
920191,瑞尔竞达,8.85,8.85,8.9,8.63,8.65,9.0,8.59,1724598.0,15270047.0,2.549,0.22
920193,吉和昌,39.49,39.48,39.49,40.66,41.35,44.8,39.44,9474989.0,398713360.0,-2.878,-1.17
920195,三祥科技,12.2,12.18,12.2,11.89,11.9,12.42,11.65,1027564.0,12514149.0,2.607,0.31
920198,微创光电,7.43,7.43,7.44,7.26,7.28,7.54,7.11,3154516.0,23246595.0,2.342,0.17
920199,倍益康,23.7,23.68,23.7,22.87,22.67,23.99,22.23,1588102.0,37086203.0,3.629,0.83
920200,振宏股份,28.75,28.75,28.76,28.94,28.81,29.79,28.5,2062892.0,60007446.0,-0.657,-0.19
920204,沪江材料,12.7,12.62,12.7,12.39,12.39,12.79,12.1,807127.0,10185885.0,2.502,0.31
920206,彩客科技,39.78,39.77,39.78,42.19,42.5,42.6,39.77,1739784.0,71549194.0,-5.712,-2.41
920207,众诚科技,24.24,24.2,24.24,24.56,24.56,25.8,23.66,5503254.0,136095750.0,-1.303,-0.32
920208,青矩技术,12.64,12.59,12.64,12.03,12.09,12.85,11.89,2191597.0,27411360.0,5.071,0.61
920211,新睿电子,139.49,139.48,139.49,137.0,137.0,152.94,133.95,1601713.0,228732597.0,1.818,2.49
920212,智新电子,9.44,9.43,9.44,9.03,9.03,9.53,8.98,1268794.0,11880253.0,4.54,0.41
920218,新天力,16.76,16.76,16.79,16.8,16.64,17.25,16.44,1885756.0,31829229.0,-0.238,-0.04
920220,朗信电气,47.9,47.9,47.91,48.9,48.7,49.71,47.89,1208842.0,59074062.0,-2.045,-1.0
920221,易实精密,13.75,13.73,13.75,13.55,13.45,13.94,13.31,3460456.0,47290394.0,1.476,0.2
920222,益坤电气,25.69,25.68,25.69,25.98,25.82,26.82,25.55,1953798.0,50980739.0,-1.116,-0.29
920223,荣亿精密,12.49,12.47,12.49,12.4,12.42,12.78,12.13,2016617.0,25245076.0,0.726,0.09
920225,利通科技,15.49,15.49,15.5,15.47,15.6,16.0,15.15,1746966.0,27298805.0,0.129,0.02
920227,美登科技,50.11,50.11,50.15,47.42,47.0,53.76,45.88,1117209.0,56728679.0,5.673,2.69
920230,欧康医药,10.66,10.66,10.67,9.87,9.81,10.66,9.64,4562482.0,46974951.0,8.004,0.79
920237,力佳科技,13.31,13.31,13.34,13.1,13.01,13.53,12.91,1022768.0,13622368.0,1.603,0.21
920239,长虹能源,22.8,22.77,22.8,22.61,22.83,23.28,22.62,1148754.0,26394503.0,0.84,0.19
920242,建邦科技,13.33,13.28,13.33,12.86,12.94,13.55,12.62,732759.0,9660484.0,3.655,0.47
920245,威博液压,13.18,13.15,13.18,12.88,12.79,13.44,12.69,911160.0,12000482.0,2.329,0.3
920247,华密新材,15.14,15.14,15.15,14.76,14.91,15.38,14.64,2286904.0,34453894.0,2.575,0.38
920249,利尔达,9.99,9.99,10.0,10.36,10.19,10.36,9.99,11441906.0,115847923.0,-3.571,-0.37
920252,天宏锂电,16.99,16.99,17.0,16.64,16.85,17.25,16.46,2102534.0,35452711.0,2.103,0.35
920260,中寰股份,7.67,7.63,7.67,7.33,7.33,7.8,7.13,1260529.0,9533579.0,4.638,0.34
920261,一诺威,13.34,13.3,13.34,13.2,13.3,13.5,13.1,1119563.0,14935875.0,1.061,0.14
920262,太湖雪,12.47,12.46,12.47,11.93,11.95,12.55,11.72,937377.0,11522587.0,4.526,0.54
920263,中航泰达,7.19,7.19,7.2,6.69,6.71,7.24,6.59,1281833.0,9046251.0,7.474,0.5
920266,生物谷,6.48,6.48,6.56,6.25,6.23,6.65,6.1,1463588.0,9463500.0,3.68,0.23
920267,鑫汇科,18.14,18.14,0.0,13.96,13.97,18.14,13.97,7857813.0,137787204.0,29.943,4.18
920270,天铭科技,12.5,12.43,12.5,12.14,12.28,12.68,12.02,1201966.0,14920075.0,2.965,0.36
920271,邦德股份,9.54,9.54,9.58,9.35,9.35,9.75,9.2,1064266.0,10154780.0,2.032,0.19
920273,一致魔芋,17.31,17.29,17.31,16.95,16.89,17.53,16.48,1868530.0,31899392.0,2.124,0.36
920274,宏裕包材,15.2,15.2,15.26,14.92,14.93,15.5,14.78,1089826.0,16640655.0,1.877,0.28
920275,驱动力,7.1,7.08,7.1,6.64,6.39,7.23,6.35,3716027.0,25855650.0,6.928,0.46
920278,鹿得医疗,5.88,5.88,5.89,5.6,5.56,5.91,5.49,2873603.0,16691765.0,5.0,0.28
920284,灵鸽科技,17.77,17.77,17.78,17.68,17.68,18.3,17.4,2029983.0,36308316.0,0.509,0.09
920299,灿能电力,15.98,15.97,15.98,15.74,15.73,16.17,15.59,1365789.0,21780883.0,1.525,0.24
920300,辰光医疗,9.9,9.9,10.0,9.71,9.8,10.16,9.59,2753801.0,27482603.0,1.957,0.19
920304,迪尔化工,8.59,8.59,8.6,8.3,8.28,8.67,8.18,1137879.0,9663805.0,3.494,0.29
920305,云创退,0.56,0.56,0.57,0.69,0.6,0.65,0.54,15518010.0,8948040.0,-18.841,-0.13
920339,恒太照明,11.4,11.4,11.44,11.98,11.87,11.98,11.28,1407802.0,16314143.0,-4.841,-0.58
920344,三元基因,20.4,20.4,20.44,19.5,19.49,20.8,18.8,2795276.0,56373227.0,4.615,0.9
920346,威贸电子,15.28,15.28,15.29,14.85,14.85,15.59,14.66,732035.0,11229858.0,2.896,0.43
920351,XD华光源,11.24,11.21,11.24,10.7,10.7,11.44,10.45,1364094.0,15025276.0,5.047,0.54
920357,雅葆轩,17.1,17.1,17.12,17.53,17.58,17.76,17.1,2649306.0,46420553.0,-2.453,-0.43
920363,莱赛激光,11.04,11.04,11.24,11.03,11.06,11.73,10.84,3165298.0,35821883.0,0.091,0.01
920367,新赣江,24.45,24.45,24.46,22.29,22.09,24.5,21.19,9515590.0,222435379.0,9.69,2.16
920368,XD连城数,27.12,27.12,27.13,25.81,26.13,28.2,25.8,7383716.0,200550672.0,5.076,1.31
920370,新安洁,2.59,2.58,2.59,2.46,2.45,2.63,2.42,5127838.0,13173372.0,5.285,0.13
920371,欧福蛋业,6.97,6.96,6.97,6.76,6.72,7.06,6.64,2450635.0,16985130.0,3.107,0.21
920374,云里物里,15.07,15.06,15.07,14.51,14.55,15.39,14.23,1295046.0,19395784.0,3.859,0.56
920375,派诺科技,7.19,7.19,7.2,7.23,7.16,7.35,6.82,5380549.0,38374374.0,-0.553,-0.04
920378,泰德股份,7.03,6.96,7.03,6.67,6.63,7.04,6.55,1115577.0,7695235.0,5.397,0.36
920392,佳合科技,13.81,13.79,13.81,13.52,13.89,14.06,13.3,489947.0,6766368.0,2.145,0.29
920394,民士达,52.52,52.52,52.62,53.07,53.0,56.0,52.06,2751942.0,148131848.0,-1.036,-0.55
920395,朗鸿科技,7.17,7.12,7.17,6.9,6.86,7.18,6.8,1038845.0,7376044.0,3.913,0.27
920396,常辅股份,19.75,19.75,19.76,19.25,19.25,20.23,19.01,1546729.0,30541759.0,2.597,0.5
920402,硅烷科技,11.14,11.13,11.14,12.17,12.01,12.61,11.06,16353542.0,191040249.0,-8.463,-1.03
920403,康农种业,15.93,15.93,15.98,15.49,15.64,16.2,15.21,1388086.0,22072787.0,2.841,0.44
920405,海希通讯,18.25,18.24,18.25,18.85,19.26,19.38,18.06,1359215.0,24930771.0,-3.183,-0.6
920407,DR驰诚股,10.5,10.49,10.5,10.15,11.37,11.37,10.27,1691203.0,17867441.0,3.448,0.35
920414,欧普泰,8.24,8.23,8.24,7.74,7.78,8.37,7.65,3509463.0,28753768.0,6.46,0.5
920415,恒拓开源,9.0,9.0,9.01,8.72,8.69,9.24,8.51,2913179.0,26009629.0,3.211,0.28
920418,苏轴股份,20.49,20.33,20.49,20.2,20.0,21.05,19.85,2855271.0,58324445.0,1.436,0.29
920419,路斯股份,9.67,9.61,9.67,9.52,9.46,9.83,9.23,1245854.0,12003642.0,1.576,0.15
920422,润普食品,9.21,9.17,9.21,8.73,8.67,9.26,8.51,1209881.0,10951218.0,5.498,0.48
920425,乐创技术,21.13,21.11,21.13,21.2,21.21,21.73,21.0,1486989.0,31805782.0,-0.33,-0.07
920427,华维设计,9.56,9.56,9.58,9.04,9.09,10.38,8.9,3839023.0,37448830.0,5.752,0.52
920429,康比特,9.51,9.51,9.52,9.21,9.21,9.62,9.07,1634247.0,15401391.0,3.257,0.3
920433,大唐药业,4.49,4.48,4.49,4.27,4.3,4.53,4.18,3809410.0,16909200.0,5.152,0.22
920436,大地电气,10.6,10.6,10.64,10.2,10.21,10.79,10.07,1104457.0,11673001.0,3.922,0.4
920438,XD戈碧迦,140.8,140.65,140.8,156.77,160.0,162.03,140.8,6862695.0,1035402454.0,-10.187,-15.97
920445,龙竹科技,6.45,6.45,6.46,6.18,6.09,6.48,6.05,2773962.0,17553034.0,4.369,0.27
920454,同心传动,11.47,11.46,11.47,11.3,11.21,11.66,11.11,721198.0,8281058.0,1.504,0.17
920455,汇隆活塞,5.97,5.96,5.97,5.55,5.55,5.98,5.46,1624833.0,9537237.0,7.568,0.42
920469,富恒新材,5.82,5.8,5.82,5.6,5.56,5.88,5.55,2875615.0,16612832.0,3.929,0.22
920471,美邦科技,11.64,11.64,11.65,11.27,11.26,11.68,11.25,1911696.0,21973054.0,3.283,0.37
920475,三友科技,11.76,11.72,11.76,11.38,11.3,11.9,11.2,579616.0,6740944.0,3.339,0.38
920476,海能技术,21.03,21.03,21.04,21.85,21.8,22.25,20.83,1110550.0,24033048.0,-3.753,-0.82
920478,峆一药业,11.32,11.31,11.32,10.18,10.2,11.77,9.97,10210101.0,112856220.0,11.198,1.14
920489,佳先股份,15.79,15.78,15.79,17.1,17.45,17.87,15.75,7805831.0,129999920.0,-7.661,-1.31
920491,奥迪威,26.35,26.34,26.35,27.34,27.97,27.99,26.26,4024382.0,108908040.0,-3.621,-0.99
920493,并行科技,115.5,115.49,115.5,113.71,111.0,121.38,109.88,2686504.0,312245484.0,1.574,1.79
920496,许昌智能,6.18,6.18,6.2,5.99,5.95,6.27,5.88,2284607.0,14001863.0,3.172,0.19
920504,博迅生物,16.86,16.81,16.86,15.88,15.85,17.12,15.75,690803.0,11529423.0,6.171,0.98
920505,九菱科技,27.78,27.77,27.78,27.55,27.47,28.28,27.17,681703.0,19003930.0,0.835,0.23
920508,殷图网联,14.04,14.04,14.22,13.51,13.43,14.54,13.21,888043.0,12484142.0,3.923,0.53
920509,同惠电子,23.83,23.83,23.88,24.45,24.28,24.95,23.8,2876819.0,70275845.0,-2.536,-0.62
920510,丰光精密,26.55,26.55,26.57,25.78,26.0,28.28,24.82,15929598.0,426296599.0,2.987,0.77
920519,万德股份,10.15,10.1,10.15,9.84,9.96,10.17,9.56,872125.0,8717395.0,3.15,0.31
920522,纳科诺尔,21.51,21.51,21.53,21.66,21.66,22.19,21.23,4822692.0,104553777.0,-0.693,-0.15
920523,德瑞锂电,15.96,15.95,15.96,15.59,15.61,16.46,15.3,1086036.0,17369350.0,2.373,0.37
920526,凯华材料,23.91,23.91,23.92,27.3,27.4,27.78,23.78,4902799.0,126132098.0,-12.418,-3.39
920527,夜光明,15.89,15.89,15.9,17.0,16.99,17.39,15.7,4784738.0,78484671.0,-6.529,-1.11
920533,骏创科技,19.62,19.62,19.71,19.5,19.39,20.17,19.39,1673484.0,33092246.0,0.615,0.12
920541,铁大科技,9.9,9.9,9.91,9.22,9.16,9.92,8.95,2898614.0,27734797.0,7.375,0.68
920547,无锡晶海,18.09,18.01,18.09,17.5,17.3,18.3,17.22,729365.0,13129056.0,3.371,0.59
920553,凯腾精工,6.58,6.57,6.58,6.3,6.27,6.71,6.07,1662764.0,10889937.0,4.444,0.28
920556,雅达股份,6.8,6.79,6.8,6.54,6.55,6.92,6.43,2796194.0,18904115.0,3.976,0.26
920564,天润科技,15.9,15.89,15.9,15.21,15.35,16.72,14.76,2505167.0,40041636.0,4.536,0.69
920566,梓橦宫,9.94,9.93,9.94,9.51,9.59,10.0,9.35,3573904.0,35025487.0,4.522,0.43
920570,坤博精工,24.3,24.24,24.3,23.66,23.48,24.66,23.1,672310.0,16189981.0,2.705,0.64
920571,国航远洋,8.15,8.14,8.15,8.11,8.0,8.18,7.77,12163915.0,97716475.0,0.493,0.04
920575,*ST康乐,3.66,3.66,3.67,3.66,3.67,3.8,3.59,5546295.0,20532608.0,0.0,0.0
920576,天力复合,61.9,61.9,61.91,53.56,54.1,69.59,52.3,7745795.0,482174134.0,15.571,8.34
920578,巨能股份,19.75,19.72,19.75,19.82,19.82,20.8,19.6,2786347.0,56104761.0,-0.353,-0.07
920579,机科股份,15.5,15.43,15.5,15.39,15.49,15.95,15.27,1120552.0,17579586.0,0.715,0.11
920580,科创新材,10.65,10.63,10.65,10.41,10.33,10.85,10.3,1585441.0,16795505.0,2.305,0.24
920592,华信永道,21.5,21.5,21.52,21.18,20.9,22.1,20.38,2431798.0,51997558.0,1.511,0.32
920593,鼎智科技,28.61,28.6,28.61,29.13,29.22,30.1,28.6,4786327.0,140501736.0,-1.785,-0.52
920599,同力股份,17.34,17.34,17.35,17.6,17.6,17.73,17.33,2811039.0,49306054.0,-1.477,-0.26
920608,丰安股份,12.94,12.82,12.94,12.09,12.08,13.03,11.75,879047.0,11119479.0,7.031,0.85
920627,力王股份,14.54,14.54,14.55,14.34,14.34,14.65,14.02,1978496.0,28497387.0,1.395,0.2
920634,新威凌,16.4,16.4,16.43,15.99,15.87,16.57,15.51,1463109.0,23693804.0,2.564,0.41
920639,晨光电缆,6.1,6.1,6.12,5.92,5.9,6.2,5.83,1954496.0,11898105.0,3.041,0.18
920640,富士达,31.78,31.78,31.79,29.72,29.95,33.66,29.43,8202236.0,260536355.0,6.931,2.06
920641,格利尔,12.87,12.85,12.87,12.73,12.75,13.2,12.45,1462975.0,18902934.0,1.1,0.14
920642,通易航天,12.2,12.2,12.24,11.48,11.5,12.98,11.22,8902450.0,108413964.0,6.272,0.72
920651,天罡股份,18.68,18.66,18.68,17.63,17.8,19.19,17.43,701029.0,12962054.0,5.956,1.05
920656,海昇药业,13.79,13.79,13.88,13.41,13.32,13.92,13.23,552657.0,7596819.0,2.834,0.38
920662,方盛股份,22.78,22.78,22.8,24.23,23.51,24.6,22.4,3717239.0,87371460.0,-5.984,-1.45
920663,明阳科技,12.8,12.8,12.85,12.66,12.77,13.15,12.43,612850.0,7900801.0,1.106,0.14
920665,科强股份,9.36,9.36,9.37,8.82,8.76,9.77,8.67,3485502.0,32713195.0,6.122,0.54
920670,数字人,13.04,13.04,13.05,12.89,12.83,13.3,12.63,1725604.0,22611381.0,1.164,0.15
920675,秉扬科技,7.65,7.59,7.65,7.63,7.32,7.67,7.2,3249584.0,24184851.0,0.262,0.02
920679,前进科技,15.37,15.37,15.46,14.41,14.44,15.49,14.2,449094.0,6787399.0,6.662,0.96
920682,球冠电缆,5.86,5.86,5.87,5.69,5.77,5.93,5.66,2364306.0,13751471.0,2.988,0.17
920685,新芝生物,10.47,10.41,10.47,10.0,10.09,10.53,9.9,881156.0,9145961.0,4.7,0.47
920689,克莱特,20.7,20.68,20.7,20.0,19.85,21.18,19.69,960717.0,19841832.0,3.5,0.7
920690,捷众科技,15.08,15.08,15.09,14.75,14.66,15.47,14.45,940330.0,14188585.0,2.237,0.33
920693,阿为特,26.14,26.12,26.14,25.79,25.88,26.6,25.68,1223382.0,31915331.0,1.357,0.35
920694,中裕科技,13.48,13.39,13.48,13.01,13.02,13.7,12.92,791119.0,10596718.0,3.613,0.47
920699,DR海达尔,89.9,89.89,89.9,99.01,101.0,101.99,81.0,2014997.0,189398019.0,-9.201,-9.11
920701,豪声电子,10.76,10.65,10.76,10.43,10.35,10.95,10.05,1250039.0,13246085.0,3.164,0.33
920703,广厦环能,9.6,9.55,9.6,9.37,9.37,9.75,9.28,550481.0,5252088.0,2.455,0.23
920706,铁拓机械,15.1,15.09,15.1,14.79,14.94,15.45,14.75,1320337.0,20013509.0,2.096,0.31
920717,瑞星股份,6.67,6.65,6.67,6.26,6.21,6.75,6.05,2696200.0,17593716.0,6.55,0.41
920718,合肥高科,9.87,9.84,9.87,9.5,9.44,10.04,9.26,1329442.0,12979002.0,3.895,0.37
920719,宁新新材,8.86,8.86,8.88,8.6,8.62,8.94,8.47,1904870.0,16723016.0,3.023,0.26
920720,吉冈精密,10.17,10.16,10.17,10.0,10.1,10.35,9.82,2009580.0,20304548.0,1.7,0.17
920725,惠丰钻石,98.68,98.68,98.7,107.16,105.61,110.88,95.0,8295713.0,855848843.0,-7.913,-8.48
920726,朱老六,17.08,17.08,17.09,16.48,16.32,17.2,16.13,2699945.0,45174081.0,3.641,0.6
920729,永顺生物,6.4,6.38,6.4,6.24,6.31,6.5,6.11,777549.0,4966640.0,2.564,0.16
920735,德源药业,25.9,25.9,25.92,24.95,24.71,26.5,24.64,4506639.0,115756126.0,3.808,0.95
920748,路桥信息,22.85,22.85,22.86,22.0,21.81,23.35,21.41,1224957.0,27729449.0,3.864,0.85
920751,惠同新材,19.32,19.31,19.32,18.7,18.88,20.18,18.42,1062483.0,20628732.0,3.316,0.62
920753,天纺标,15.4,15.33,15.4,15.0,14.99,15.66,14.66,939730.0,14403759.0,2.667,0.4
920765,美之高,10.78,10.78,10.8,10.38,10.5,11.05,10.1,1686050.0,18226394.0,3.854,0.4
920768,拾比佰,7.1,7.09,7.1,6.93,6.93,7.17,6.78,1997882.0,14083912.0,2.453,0.17
920770,艾能聚,10.1,10.05,10.1,9.58,9.7,10.33,9.53,3910141.0,39117511.0,5.428,0.52
920779,武汉蓝电,21.91,21.9,21.91,20.91,20.91,22.43,20.9,876214.0,19114878.0,4.782,1.0
920781,瑞奇智造,5.45,5.45,5.46,5.14,5.13,5.67,5.01,3816851.0,20666469.0,6.031,0.31
920786,骑士乳业,5.96,5.95,5.96,5.74,5.69,6.05,5.63,4466297.0,26345992.0,3.833,0.22
920790,联迪信息,25.24,25.22,25.24,26.97,25.5,26.97,25.24,5037338.0,131038586.0,-6.415,-1.73
920792,东和新材,9.85,9.84,9.85,9.51,9.51,9.91,9.35,909076.0,8860083.0,3.575,0.34
920799,艾融软件,31.93,31.92,31.93,34.29,33.99,34.45,31.26,6135699.0,203596045.0,-6.882,-2.36
920802,保丽洁,11.18,11.15,11.18,11.54,11.43,11.55,10.93,3721663.0,41987708.0,-3.12,-0.36
920806,云星宇,10.14,10.13,10.14,9.86,9.99,10.24,9.83,2889694.0,29080945.0,2.84,0.28
920807,奔朗新材,10.91,10.91,10.93,11.03,11.1,11.33,10.84,5739824.0,63201521.0,-1.088,-0.12
920808,曙光数创,80.72,80.71,80.72,79.6,79.0,84.18,79.0,4810524.0,395951337.0,1.407,1.12
920809,安达科技,7.79,7.79,7.8,7.87,7.88,7.98,7.75,13779552.0,108220604.0,-1.017,-0.08
920810,春光智能,8.15,8.15,8.16,7.69,7.71,8.36,7.47,1870090.0,15210966.0,5.982,0.46
920819,颖泰生物,2.74,2.73,2.74,2.67,2.7,2.76,2.65,6911974.0,18808353.0,2.622,0.07
920821,则成电子,17.78,17.78,17.79,17.67,17.43,17.95,17.43,1565357.0,27703679.0,0.623,0.11
920826,盖世食品,7.82,7.82,7.85,7.54,7.52,7.92,7.43,2101483.0,16308148.0,3.714,0.28
920832,齐鲁华信,6.2,6.14,6.2,6.01,6.12,6.22,5.82,1065896.0,6524263.0,3.161,0.19
920833,美心翼申,9.18,9.16,9.18,8.95,8.95,9.25,8.74,955116.0,8661806.0,2.57,0.23
920834,三维装备,8.71,8.66,8.71,8.51,8.47,8.84,8.36,1266328.0,10975029.0,2.35,0.2
920837,华原股份,9.54,9.53,9.54,9.04,9.2,9.88,8.99,1908158.0,18081162.0,5.531,0.5
920839,万通液压,26.71,26.7,26.71,26.51,26.77,27.14,25.83,930432.0,24675921.0,0.754,0.2
920855,浙江大农,11.92,11.9,11.92,11.29,11.2,11.98,11.0,551796.0,6477671.0,5.58,0.63
920856,浩淼科技,8.88,8.78,8.88,8.18,8.18,9.15,8.08,2085685.0,18201997.0,8.557,0.7
920857,泓禧科技,17.78,17.77,17.78,19.3,18.92,18.98,17.0,4739843.0,84780029.0,-7.876,-1.52
920866,绿亨科技,5.62,5.61,5.62,5.41,5.4,5.62,5.35,2522148.0,13958999.0,3.882,0.21
920870,恒进感应,12.19,12.13,12.19,11.92,11.91,12.42,11.91,1430858.0,17462924.0,2.265,0.27
920871,派特尔,10.8,10.71,10.8,10.28,10.28,10.86,10.12,623119.0,6591634.0,5.058,0.52
920873,中设咨询,7.21,7.15,7.21,7.03,6.98,7.22,6.88,2100379.0,14992456.0,2.56,0.18
920876,慧为智能,16.66,16.59,16.66,16.39,16.23,17.1,16.01,1611454.0,26863433.0,1.647,0.27
920879,基康技术,14.03,14.01,14.03,13.55,13.61,14.19,13.35,2037934.0,28447142.0,3.542,0.48
920885,星辰科技,14.13,14.13,14.14,11.83,11.83,15.37,11.64,9961748.0,139453229.0,19.442,2.3
920892,广咨国际,10.84,10.84,10.87,10.46,10.61,11.06,10.38,1064488.0,11523977.0,3.633,0.38
920895,花溪科技,11.95,11.89,11.95,11.07,11.07,11.99,11.01,964475.0,11260981.0,7.949,0.88
920896,旺成科技,12.33,12.23,12.33,11.86,12.02,12.49,11.67,703597.0,8596830.0,3.963,0.47
920906,舜宇精工,17.27,17.23,17.27,16.82,16.88,17.49,16.59,794289.0,13533232.0,2.675,0.45
920914,远航精密,17.31,17.3,17.31,16.66,16.78,17.88,16.4,2259582.0,38612112.0,3.902,0.65
920924,广脉科技,15.21,15.21,15.22,15.48,14.85,15.88,14.85,3819266.0,58683573.0,-1.744,-0.27
920925,锦好医疗,11.29,11.28,11.29,10.25,10.29,12.2,10.15,5392952.0,61433501.0,10.146,1.04
920926,鸿智科技,10.2,10.2,10.29,9.8,9.8,10.3,9.37,812427.0,8219821.0,4.082,0.4
920931,无锡鼎邦,9.62,9.62,9.65,9.1,9.3,9.7,8.94,739503.0,7014708.0,5.714,0.52
920932,科达自控,12.29,12.29,12.32,12.14,12.42,12.6,12.05,2217697.0,27441341.0,1.236,0.15
920942,恒立钻具,17.75,17.63,17.75,17.1,17.0,17.95,16.83,885326.0,15586345.0,3.801,0.65
920943,优机股份,15.82,15.82,0.0,12.17,12.27,15.82,12.0,3269677.0,48775207.0,29.992,3.65
920946,森萱医药,9.72,9.71,9.72,9.45,9.49,9.81,9.36,3613644.0,34858452.0,2.857,0.27
920950,迅安科技,12.64,12.58,12.64,11.89,12.04,12.71,11.6,707462.0,8777721.0,6.308,0.75
920953,国子软件,21.5,21.5,21.51,20.66,20.82,22.09,20.3,2011751.0,43132281.0,4.066,0.84
920957,汉维科技,8.79,8.79,8.81,8.42,8.38,8.86,8.24,1213790.0,10500689.0,4.394,0.37
920961,创远信科,24.3,24.3,24.32,23.15,22.98,26.9,22.73,7548768.0,187242701.0,4.968,1.15
920964,润农节水,4.57,4.57,4.58,4.4,4.4,4.64,4.28,4890973.0,22124082.0,3.864,0.17
920970,大禹生物,6.12,6.1,6.12,5.73,5.83,6.13,5.5,6036934.0,35786344.0,6.806,0.39
920971,天马新材,29.96,29.95,29.96,32.96,33.0,33.81,29.92,6841360.0,217311425.0,-9.102,-3.0
920974,凯大催化,6.06,6.01,6.06,5.88,5.9,6.13,5.81,1676392.0,10110719.0,3.061,0.18
920976,视声智能,16.02,16.02,16.1,15.4,15.48,16.44,15.13,1112563.0,17735586.0,4.026,0.62
920978,开特股份,20.41,20.4,20.41,20.22,20.41,20.71,20.1,1522342.0,31064703.0,0.94,0.19
920981,晶赛科技,36.21,36.2,36.21,40.21,40.4,41.36,35.9,6444683.0,245896829.0,-9.948,-4.0
920982,锦波生物,118.2,118.18,118.2,115.3,115.0,121.7,113.09,1345845.0,158464553.0,2.515,2.9
920985,海泰新能,4.72,4.71,4.72,4.52,4.55,4.79,4.48,3246912.0,15227609.0,4.425,0.2
920992,中科美菱,12.03,12.02,12.03,11.27,11.28,12.06,10.98,2056698.0,24084526.0,6.744,0.76
600000,浦发银行,9.06,9.06,9.07,8.98,8.98,9.11,8.92,76502191.0,691188280.0,0.891,0.08
600004,白云机场,7.48,7.47,7.48,7.4,7.45,7.52,7.34,8870125.0,66011843.0,1.081,0.08
600006,东风股份,5.27,5.26,5.27,5.11,5.1,5.33,5.07,20798500.0,108972555.0,3.131,0.16
600007,中国国贸,19.62,19.61,19.62,19.62,19.59,19.7,19.36,1453800.0,28435170.0,0.0,0.0
600008,首创环保,2.81,2.8,2.81,2.79,2.8,2.83,2.75,64015748.0,178734973.0,0.717,0.02
600009,上海机场,22.84,22.84,22.85,22.48,22.54,23.02,22.19,14161623.0,321995497.0,1.601,0.36
600010,包钢股份,2.17,2.16,2.17,2.09,2.08,2.19,2.05,709710154.0,1518520707.0,3.828,0.08
600011,华能国际,6.84,6.84,6.85,6.7,6.7,6.92,6.62,137354090.0,935617332.0,2.09,0.14
600012,皖通高速,16.62,16.61,16.62,17.1,17.02,17.13,16.52,5140595.0,85930464.0,-2.807,-0.48
600015,华夏银行,6.78,6.77,6.78,6.73,6.74,6.81,6.71,52788626.0,356646187.0,0.743,0.05
600016,民生银行,3.34,3.33,3.34,3.31,3.3,3.35,3.29,194741636.0,646964260.0,0.906,0.03
600017,日照港,2.6,2.6,2.61,2.59,2.58,2.62,2.56,21697150.0,56333849.0,0.386,0.01
600018,上港集团,5.06,5.05,5.06,5.07,5.04,5.09,5.0,52182174.0,263637032.0,-0.197,-0.01
600019,宝钢股份,5.48,5.48,5.49,5.46,5.47,5.53,5.37,85815597.0,467968468.0,0.366,0.02
600020,中原高速,3.76,3.76,3.77,3.74,3.73,3.78,3.71,9837034.0,36912111.0,0.535,0.02
600021,上海电力,14.0,13.99,14.0,13.86,13.84,14.25,13.67,39020980.0,547449647.0,1.01,0.14
600022,山东钢铁,1.29,1.28,1.29,1.26,1.26,1.3,1.24,110381589.0,140595954.0,2.381,0.03
600023,浙能电力,5.4,5.4,5.41,5.31,5.31,5.47,5.28,48595697.0,261976204.0,1.695,0.09
600025,华能水电,9.62,9.61,9.62,9.6,9.61,9.65,9.47,35531620.0,340092653.0,0.208,0.02
600026,中远海能,15.77,15.76,15.77,15.93,15.5,15.97,15.18,60615187.0,951366684.0,-1.004,-0.16
600027,华电国际,4.5,4.5,4.51,4.43,4.43,4.54,4.39,78908307.0,353500770.0,1.58,0.07
600028,中国石化,4.76,4.75,4.76,4.81,4.76,4.77,4.7,228977560.0,1086701401.0,-1.04,-0.05
600029,南方航空,5.11,5.1,5.11,5.05,5.06,5.13,4.99,86505230.0,438314596.0,1.188,0.06
600030,中信证券,28.4,28.39,28.4,28.68,28.6,28.74,28.25,167482393.0,4762803819.0,-0.976,-0.28
600031,三一重工,18.86,18.86,18.87,18.57,18.5,19.35,18.35,80412319.0,1518889781.0,1.562,0.29
600032,浙江新能,6.65,6.65,6.66,6.49,6.49,6.79,6.43,32182890.0,214217129.0,2.465,0.16
600033,福建高速,3.42,3.42,3.43,3.38,3.39,3.44,3.34,22760300.0,77314833.0,1.183,0.04
600035,楚天高速,3.48,3.48,3.49,3.47,3.48,3.51,3.43,6443400.0,22411203.0,0.288,0.01
600036,XD招商银,36.88,36.88,36.89,36.55,36.61,36.92,36.33,79377153.0,2911440764.0,0.903,0.33
600037,歌华有线,6.35,6.35,6.36,6.18,6.17,6.42,6.1,18909901.0,119426365.0,2.751,0.17
600038,中直股份,25.41,25.41,25.44,25.0,24.96,26.19,24.55,9158111.0,233536683.0,1.64,0.41
600039,四川路桥,8.44,8.44,8.45,8.5,8.54,8.55,8.36,12944953.0,109383166.0,-0.706,-0.06
600048,保利发展,4.81,4.81,4.82,4.6,4.61,4.84,4.58,209426558.0,996278176.0,4.565,0.21
600050,中国联通,4.2,4.19,4.2,4.1,4.09,4.29,4.07,271019329.0,1139393725.0,2.439,0.1
600051,宁波联合,5.88,5.88,5.89,5.74,5.75,5.97,5.66,4397701.0,25783261.0,2.439,0.14
600052,东望时代,3.72,3.72,3.73,3.57,3.56,3.83,3.49,18267308.0,67814948.0,4.202,0.15
600053,*ST九鼎,8.08,8.08,8.1,8.01,8.01,8.16,7.9,2500501.0,20137433.0,0.874,0.07
600054,黄山旅游,10.88,10.87,10.88,10.78,10.74,10.95,10.67,5841300.0,63277344.0,0.928,0.1
600055,万东医疗,10.87,10.87,10.88,10.34,10.39,11.13,10.16,11755493.0,126616775.0,5.126,0.53
600056,中国医药,9.09,9.09,9.1,9.0,9.0,9.17,8.84,15505786.0,140117752.0,1.0,0.09
600057,厦门象屿,5.75,5.75,5.76,5.7,5.71,5.76,5.6,14502383.0,82576799.0,0.877,0.05
600058,五矿发展,11.38,11.38,11.39,11.3,11.14,11.52,11.0,18552318.0,208896791.0,0.708,0.08
600059,古越龙山,7.65,7.65,7.66,7.42,7.43,7.68,7.35,9953586.0,75320307.0,3.1,0.23
600060,海信视像,26.95,26.94,26.95,27.29,27.05,27.96,26.76,12393255.0,337600097.0,-1.246,-0.34
600061,国投资本,6.5,6.49,6.5,6.55,6.55,6.55,6.42,36902285.0,238995206.0,-0.763,-0.05
600062,华润双鹤,16.57,16.57,16.58,16.43,16.42,16.71,16.18,9233476.0,152121272.0,0.852,0.14
600063,皖维高新,6.07,6.07,6.08,6.18,6.18,6.33,6.07,95402237.0,589294896.0,-1.78,-0.11
600064,南京高科,7.32,7.32,7.33,7.32,7.36,7.41,7.24,13766384.0,100845219.0,0.0,0.0
600066,宇通客车,28.4,28.4,28.45,28.21,28.28,28.81,27.43,14480458.0,408913143.0,0.674,0.19
600067,冠城新材,2.75,2.74,2.75,2.73,2.73,2.83,2.68,23187400.0,64171327.0,0.733,0.02
600071,凤凰光学,15.98,15.98,15.99,15.91,15.87,16.37,15.71,3581656.0,57285967.0,0.44,0.07
600072,中船科技,8.91,8.91,0.0,8.1,8.1,8.91,8.01,35284024.0,302170740.0,10.0,0.81
600073,光明肉业,5.01,5.01,5.02,4.89,4.88,5.05,4.82,7102300.0,35257928.0,2.454,0.12
600075,新疆天业,4.13,4.13,4.14,4.21,4.17,4.22,4.12,38898904.0,162107747.0,-1.9,-0.08
600076,康欣新材,3.22,3.21,3.22,3.22,3.21,3.31,3.15,31250736.0,101485532.0,0.0,0.0
600078,澄星股份,10.86,10.86,10.87,10.72,10.66,10.95,10.55,22079101.0,238499740.0,1.306,0.14
600079,ST人福,17.33,17.31,17.33,17.26,17.24,17.45,17.13,9605262.0,166215657.0,0.406,0.07
600080,ST金花,4.77,4.77,4.78,4.7,4.7,4.88,4.64,3655300.0,17482070.0,1.489,0.07
600081,东风科技,9.27,9.27,9.29,9.09,9.09,9.41,8.99,3250420.0,30098206.0,1.98,0.18
600082,ST海泰,2.79,2.79,2.8,2.75,2.75,2.82,2.68,6984000.0,19301297.0,1.455,0.04
600084,*ST尼雅,4.32,4.32,4.33,4.1,4.12,4.37,4.04,7357400.0,31053464.0,5.366,0.22
600085,同仁堂,23.68,23.67,23.68,23.12,23.07,23.81,22.7,12337778.0,289621551.0,2.422,0.56
600088,中视传媒,11.45,11.44,11.45,11.1,11.15,11.63,10.89,8228400.0,93794105.0,3.153,0.35
600089,特变电工,20.06,20.06,20.07,20.04,20.06,20.49,19.91,114146759.0,2310744886.0,0.1,0.02
600094,大名城,3.96,3.96,3.97,4.07,3.91,4.07,3.88,59857151.0,237283861.0,-2.703,-0.11
600095,湘财股份,7.46,7.46,7.47,7.6,7.57,7.57,7.3,26811924.0,199498480.0,-1.842,-0.14
600096,云天化,27.27,27.27,27.28,27.76,27.58,27.85,26.96,30893194.0,848108979.0,-1.765,-0.49
600097,开创国际,8.08,8.07,8.08,7.85,7.85,8.18,7.7,3161499.0,25318500.0,2.93,0.23
600098,广州发展,6.02,6.01,6.02,5.96,5.95,6.06,5.87,20673830.0,123725022.0,1.007,0.06
600099,林海股份,8.34,8.33,8.34,8.09,8.02,8.43,7.97,4338900.0,35822816.0,3.09,0.25
600100,同方股份,6.96,6.96,6.97,6.83,6.79,7.08,6.74,39080248.0,272541300.0,1.903,0.13
600101,明星电力,7.93,7.93,7.94,7.71,7.65,8.01,7.65,12849968.0,101303823.0,2.853,0.22
600103,青山纸业,2.89,2.89,2.9,2.83,2.84,2.98,2.78,95504175.0,276918058.0,2.12,0.06
600104,上汽集团,10.12,10.11,10.12,9.91,9.92,10.25,9.82,71374913.0,720398487.0,2.119,0.21
600105,永鼎股份,49.04,49.04,49.05,50.66,50.75,53.33,49.0,139138620.0,7169817753.0,-3.198,-1.62
600106,XD重庆路,4.65,4.64,4.65,4.46,4.55,4.71,4.44,19104661.0,88230462.0,4.26,0.19
600107,*ST尔雅,6.3,6.29,6.3,6.37,6.33,6.4,6.2,2167871.0,13662949.0,-1.099,-0.07
600108,亚盛集团,2.92,2.92,2.93,2.88,2.86,2.99,2.83,73760286.0,215699928.0,1.389,0.04
600109,国金证券,8.54,8.53,8.54,8.72,8.69,8.69,8.52,32405313.0,278191889.0,-2.064,-0.18
600110,诺德股份,12.82,12.81,12.82,13.44,13.44,14.07,12.79,150755838.0,2014604744.0,-4.613,-0.62
600111,北方稀土,42.51,42.51,42.52,42.98,42.17,43.3,40.51,97668995.0,4130830851.0,-1.094,-0.47
600113,浙江东日,33.08,33.08,0.0,30.07,30.26,33.08,29.85,8078500.0,252556701.0,10.01,3.01
600114,东睦股份,32.74,32.74,32.75,34.29,34.3,34.55,32.66,22514742.0,755701441.0,-4.52,-1.55
600115,中国东航,3.66,3.66,3.67,3.61,3.61,3.7,3.58,169834390.0,619866504.0,1.385,0.05
600116,三峡水利,5.74,5.73,5.74,5.7,5.72,5.78,5.6,16295888.0,93034739.0,0.702,0.04
600117,西宁特钢,2.18,2.17,2.18,2.11,2.11,2.22,2.06,28825165.0,62390275.0,3.318,0.07
600118,中国卫星,90.02,90.02,0.0,81.84,81.19,90.02,78.6,62560095.0,5310186109.0,9.995,8.18
600119,*ST长投,4.52,4.51,4.52,4.45,4.41,4.56,4.33,1094500.0,4906060.0,1.573,0.07
600120,浙江东方,4.84,4.83,4.84,4.82,4.75,4.88,4.63,82993141.0,396271586.0,0.415,0.02
600121,郑州煤电,3.54,3.54,3.55,3.45,3.41,3.63,3.35,62205027.0,219341586.0,2.609,0.09
600123,兰花科创,5.67,5.67,5.68,5.69,5.65,5.73,5.53,18751780.0,106048948.0,-0.351,-0.02
600125,铁龙物流,5.28,5.27,5.28,5.23,5.22,5.31,5.17,10873200.0,57004844.0,0.956,0.05
600126,杭钢股份,5.96,5.95,5.96,5.76,5.76,6.15,5.66,80589958.0,482147505.0,3.472,0.2
600127,金健米业,5.45,5.45,5.46,5.34,5.34,5.49,5.23,15051637.0,81431918.0,2.06,0.11
600128,苏豪弘业,7.8,7.79,7.8,7.62,7.62,7.94,7.52,4286400.0,33360214.0,2.362,0.18
600129,太极集团,16.58,16.57,16.58,15.39,15.0,16.6,14.57,52807665.0,826850323.0,7.732,1.19
600130,波导股份,4.14,4.13,4.14,4.0,4.0,4.21,4.0,29754300.0,122769497.0,3.5,0.14
600131,国网信通,14.6,14.59,14.6,14.37,14.38,15.09,14.18,10734196.0,158150421.0,1.601,0.23
600132,重庆啤酒,41.75,41.74,41.75,41.24,41.18,41.95,41.0,4086062.0,169954931.0,1.237,0.51
600133,东湖高新,7.93,7.93,7.94,7.8,7.78,8.09,7.68,24655460.0,195219550.0,1.667,0.13
600135,乐凯胶片,7.68,7.68,7.69,7.52,7.55,7.97,7.4,12125112.0,93786763.0,2.128,0.16
600136,ST明诚,1.41,1.4,1.41,1.39,1.39,1.43,1.36,11111500.0,15490929.0,1.439,0.02
600137,浪莎股份,16.74,16.73,16.74,16.2,16.24,17.01,15.94,2097700.0,34983432.0,3.333,0.54
600138,中青旅,6.85,6.84,6.85,6.64,6.67,6.88,6.53,11251099.0,76241862.0,3.163,0.21
600141,兴发集团,34.03,34.02,34.03,36.2,36.39,37.15,33.95,57784188.0,2051145606.0,-5.994,-2.17
600143,金发科技,15.21,15.21,15.22,15.12,15.12,15.55,14.85,48355473.0,736674212.0,0.595,0.09
600148,长春一东,14.73,14.72,14.73,14.52,14.85,15.14,14.43,2095900.0,31033349.0,1.446,0.21
600149,廊坊发展,4.64,4.63,4.64,4.53,4.52,4.73,4.42,11440100.0,52892149.0,2.428,0.11
600150,中国船舶,37.04,37.04,37.05,36.06,36.0,38.26,35.73,194667295.0,7247729676.0,2.718,0.98
600151,航天机电,11.27,11.26,11.27,10.44,10.44,11.48,10.39,99749587.0,1115566639.0,7.95,0.83
600152,维科技术,8.46,8.45,8.46,8.5,8.51,8.67,8.41,20036192.0,171140719.0,-0.471,-0.04
600153,建发股份,8.58,8.58,8.59,8.57,8.6,8.69,8.42,13847902.0,118671782.0,0.117,0.01
600155,华创云信,5.35,5.35,5.36,5.44,5.43,5.43,5.25,32756600.0,174880398.0,-1.654,-0.09
600156,华升股份,8.39,8.38,8.39,8.34,8.33,8.64,8.18,14244600.0,120242307.0,0.6,0.05
600157,永泰能源,1.55,1.55,1.56,1.53,1.54,1.57,1.52,454260657.0,703678204.0,1.307,0.02
600158,中体产业,6.54,6.54,6.55,6.34,6.35,6.66,6.27,53222537.0,346548367.0,3.155,0.2
600159,大龙地产,2.33,2.32,2.33,2.25,2.25,2.38,2.19,22577600.0,52343677.0,3.556,0.08
600160,巨化股份,43.42,43.42,43.43,46.0,45.97,46.97,43.35,103947637.0,4660570248.0,-5.609,-2.58
600161,天坛生物,12.08,12.08,12.09,11.81,11.82,12.2,11.63,17509692.0,210532430.0,2.286,0.27
600162,香江控股,2.41,2.41,2.42,2.38,2.37,2.51,2.33,133258636.0,326428439.0,1.261,0.03
600163,中闽能源,4.81,4.81,4.82,4.72,4.76,4.9,4.69,21951900.0,105828883.0,1.907,0.09
600165,ST宁科,2.71,2.71,2.72,2.74,2.74,2.75,2.69,5676080.0,15383194.0,-1.095,-0.03
600166,福田汽车,3.17,3.17,3.18,3.15,3.17,3.23,3.13,110648453.0,352589340.0,0.635,0.02
600167,联美控股,5.61,5.61,5.63,5.54,5.54,5.7,5.43,8970160.0,50334437.0,1.264,0.07
600168,武汉控股,4.18,4.18,4.19,4.14,4.16,4.22,4.06,5209429.0,21650381.0,0.966,0.04
600169,ST太重,2.02,2.01,2.02,1.99,1.99,2.03,1.98,11887636.0,23857710.0,1.508,0.03
600170,上海建工,2.28,2.28,2.29,2.22,2.22,2.31,2.2,184038214.0,417594990.0,2.703,0.06
600171,上海贝岭,28.28,28.28,28.29,29.37,29.38,29.78,28.27,33186768.0,967706075.0,-3.711,-1.09
600172,黄河旋风,17.0,17.0,17.01,18.7,18.35,19.8,16.92,323449370.0,5935782022.0,-9.091,-1.7
600173,卧龙新能,5.88,5.88,5.89,5.76,5.76,6.01,5.64,7169004.0,42215591.0,2.083,0.12
600176,中国巨石,55.7,55.7,55.71,58.7,58.38,63.0,55.67,245116639.0,14561806614.0,-5.111,-3.0
600177,雅戈尔,7.61,7.61,7.62,7.72,7.71,7.71,7.59,24093776.0,184024817.0,-1.425,-0.11
600178,东安动力,8.9,8.9,8.91,8.83,8.83,9.06,8.71,5699200.0,50708838.0,0.793,0.07
600179,安通控股,4.5,4.5,4.51,4.56,4.52,4.55,4.45,42042104.0,188996857.0,-1.316,-0.06
600180,*ST瑞茂,1.41,1.4,1.41,1.4,1.4,1.44,1.34,28402858.0,39623706.0,0.714,0.01
600182,S佳通,13.48,13.48,13.49,13.65,13.68,13.79,13.42,2345300.0,31882484.0,-1.245,-0.17
600183,生益科技,149.39,149.39,149.4,157.4,160.0,163.48,149.25,63401261.0,9972337689.0,-5.089,-8.01
600184,光电股份,21.95,21.95,21.96,22.32,22.3,23.24,21.93,28438291.0,638378270.0,-1.658,-0.37
600185,珠免集团,4.48,4.48,4.49,4.36,4.35,4.53,4.25,29636200.0,131894038.0,2.752,0.12
600186,莲花控股,10.92,10.92,10.93,11.0,11.0,11.51,10.88,183470438.0,2061420695.0,-0.727,-0.08
600187,*ST国中,1.48,1.48,1.49,1.5,1.46,1.52,1.43,42706886.0,63052726.0,-1.333,-0.02
600188,兖矿能源,18.16,18.16,18.17,17.88,17.44,18.31,17.31,58449361.0,1045921997.0,1.566,0.28
600189,泉阳泉,7.08,7.08,7.09,7.16,7.15,7.2,7.03,11165000.0,79411586.0,-1.117,-0.08
600191,华资实业,8.85,8.85,8.86,8.77,8.77,9.04,8.62,5379642.0,47857158.0,0.912,0.08
600192,长城电工,6.66,6.66,0.0,6.05,6.13,6.66,5.99,11622776.0,74609381.0,10.083,0.61
600195,中牧股份,6.09,6.09,6.1,6.01,6.01,6.15,5.93,5722901.0,34749115.0,1.331,0.08
600196,复星医药,23.45,23.44,23.45,22.95,22.88,23.74,22.47,37760611.0,878157121.0,2.179,0.5
600197,伊力特,9.79,9.79,9.8,9.54,9.54,9.92,9.47,5152703.0,50259728.0,2.621,0.25
600198,大唐电信,8.4,8.4,8.41,8.45,8.38,8.75,8.33,35954400.0,306528411.0,-0.592,-0.05
600199,金种子酒,6.46,6.45,6.46,6.15,6.12,6.61,6.03,25137569.0,160810365.0,5.041,0.31
600201,生物股份,12.18,12.18,12.19,12.18,12.11,12.42,11.95,20438562.0,248357549.0,0.0,0.0
600202,哈空调,4.58,4.58,4.6,4.44,4.43,4.69,4.37,10864300.0,49711072.0,3.153,0.14
600203,福日电子,12.72,12.72,12.73,13.4,13.12,13.4,12.66,69451640.0,908537217.0,-5.075,-0.68
600206,有研新材,60.0,59.99,60.0,59.38,62.0,64.13,59.67,161116088.0,10043089102.0,1.044,0.62
600207,安彩高科,4.61,4.61,4.62,4.58,4.59,4.77,4.53,21857844.0,102086042.0,0.655,0.03
600208,衢州发展,2.91,2.91,2.92,3.0,2.96,3.0,2.9,125618415.0,370726320.0,-3.0,-0.09
600210,紫江企业,6.2,6.2,6.21,6.14,6.14,6.25,6.11,14361624.0,88964300.0,0.977,0.06
600211,西藏药业,38.03,38.03,38.04,37.11,36.97,38.65,36.61,5291526.0,201066002.0,2.479,0.92
600212,绿能慧充,5.03,5.03,5.04,4.84,4.83,5.18,4.8,18671000.0,94505067.0,3.926,0.19
600215,派斯林,6.01,6.01,6.02,5.96,5.97,6.18,5.86,11329960.0,68564492.0,0.839,0.05
600216,浙江医药,11.83,11.82,11.83,11.61,11.62,11.95,11.32,21537758.0,252346544.0,1.895,0.22
600217,中再资环,2.91,2.91,2.92,2.84,2.82,2.97,2.78,15191769.0,44042505.0,2.465,0.07
600218,全柴动力,7.29,7.28,7.29,7.11,7.11,7.41,7.01,6144800.0,44685075.0,2.532,0.18
600219,南山铝业,4.08,4.08,4.09,4.01,4.0,4.17,3.96,187766004.0,764785480.0,1.746,0.07
600221,海航控股,1.34,1.34,1.35,1.32,1.32,1.35,1.31,273148859.0,364510396.0,1.515,0.02
600222,太龙药业,7.41,7.41,7.42,7.39,7.3,7.54,7.21,17132219.0,127073955.0,0.271,0.02
600223,福瑞达,5.38,5.38,5.39,5.29,5.28,5.44,5.19,8290373.0,44324962.0,1.701,0.09
600226,亨通股份,8.21,8.21,8.22,8.48,8.47,8.83,8.16,185788681.0,1576096752.0,-3.184,-0.27
600227,赤天化,2.56,2.56,2.57,2.43,2.41,2.67,2.37,143193330.0,368109144.0,5.35,0.13
600228,返利科技,6.81,6.8,6.81,7.04,7.04,7.06,6.53,49292800.0,336737722.0,-3.267,-0.23
600229,城市传媒,4.82,4.82,4.83,4.68,4.65,4.89,4.6,8858900.0,42571049.0,2.991,0.14
600230,沧州大化,13.12,13.11,13.12,12.88,12.66,13.42,12.59,18013774.0,234595510.0,1.863,0.24
600231,凌钢股份,1.65,1.64,1.65,1.59,1.59,1.68,1.56,24092726.0,39324151.0,3.774,0.06
600232,金鹰股份,5.99,5.97,5.99,5.89,5.87,6.12,5.8,7451600.0,44618959.0,1.698,0.1
600233,圆通速递,16.74,16.73,16.74,16.66,16.66,17.06,16.3,41793144.0,701670212.0,0.48,0.08
600234,科新发展,23.72,23.71,23.72,24.01,24.01,24.36,23.7,2227300.0,53487085.0,-1.208,-0.29
600235,民丰特纸,5.2,5.19,5.2,5.07,5.07,5.26,4.98,5852601.0,30139059.0,2.564,0.13
600236,桂冠电力,9.49,9.48,9.49,9.5,9.53,9.62,9.34,13768850.0,130943351.0,-0.105,-0.01
600237,铜峰电子,10.66,10.65,10.66,11.2,11.21,11.55,10.65,51396285.0,572047691.0,-4.821,-0.54
600238,*ST椰岛,4.57,4.56,4.57,4.48,4.48,4.57,4.45,2038600.0,9209480.0,2.009,0.09
600239,ST云城,1.44,1.43,1.44,1.44,1.42,1.46,1.4,14192499.0,20294229.0,0.0,0.0
600241,时代万恒,6.6,6.6,6.64,6.51,6.54,6.76,6.35,8011562.0,53258826.0,1.382,0.09
600243,*ST海华,3.43,3.43,3.44,3.4,3.36,3.44,3.36,3741300.0,12728309.0,0.882,0.03
600246,万通发展,19.8,19.8,19.81,20.79,20.3,21.31,19.8,177566543.0,3653312432.0,-4.762,-0.99
600248,陕建股份,2.8,2.8,2.81,2.76,2.76,2.83,2.72,18409140.0,51345548.0,1.449,0.04
600249,两面针,4.72,4.72,4.73,4.63,4.61,4.81,4.56,8433600.0,39853533.0,1.944,0.09
600250,南京商旅,7.9,7.9,7.91,7.66,7.58,8.0,7.47,12059800.0,94360023.0,3.133,0.24
600251,冠农股份,8.75,8.75,8.76,8.56,8.6,8.93,8.45,9585782.0,83920157.0,2.22,0.19
600252,中恒集团,1.97,1.96,1.97,1.9,1.89,2.01,1.86,79130161.0,154916831.0,3.684,0.07
600255,鑫科材料,3.03,3.03,3.04,3.01,3.0,3.12,2.97,95349007.0,291118584.0,0.664,0.02
600256,广汇能源,5.23,5.22,5.23,5.17,5.09,5.27,4.99,102412470.0,528771736.0,1.161,0.06
600257,大湖股份,4.46,4.45,4.46,4.34,4.36,4.52,4.23,14669800.0,64940914.0,2.765,0.12
600258,首旅酒店,11.24,11.24,11.25,11.19,11.19,11.39,11.03,16642954.0,187194996.0,0.447,0.05
600259,中稀有色,83.83,83.82,83.83,85.4,84.4,87.8,83.65,12719610.0,1089017248.0,-1.838,-1.57
600261,阳光照明,2.95,2.95,2.96,2.9,2.91,2.99,2.89,9145600.0,26927446.0,1.724,0.05
600262,北方股份,19.92,19.92,19.93,19.37,19.45,20.28,19.39,3870743.0,77080111.0,2.839,0.55
600265,*ST景谷,22.19,22.19,22.21,22.51,22.3,22.68,22.0,988400.0,22025634.0,-1.422,-0.32
600266,城建发展,4.08,4.07,4.08,3.95,3.94,4.16,3.91,41431322.0,168711760.0,3.291,0.13
600267,海正药业,10.77,10.76,10.77,10.43,10.39,10.84,10.21,33341917.0,355108079.0,3.26,0.34
600268,国电南自,10.76,10.75,10.76,10.68,10.69,11.08,10.55,14621493.0,158869694.0,0.749,0.08
600269,赣粤高速,4.06,4.06,4.07,4.06,4.06,4.07,4.0,13937170.0,56287378.0,0.0,0.0
600271,航天信息,6.86,6.86,6.87,6.54,6.53,7.1,6.46,35579513.0,243379526.0,4.893,0.32
600272,开开实业,10.79,10.78,10.79,10.53,10.68,10.93,10.31,3161600.0,33929397.0,2.469,0.26
600273,嘉化能源,6.56,6.56,6.57,6.48,6.48,6.66,6.41,17244677.0,112879953.0,1.235,0.08
600276,恒瑞医药,55.75,55.74,55.75,55.61,54.6,57.48,54.55,133618942.0,7492062043.0,0.252,0.14
600278,东方创业,6.1,6.09,6.1,6.07,6.0,6.2,5.97,4512401.0,27582422.0,0.494,0.03
600279,重庆港,3.95,3.95,3.96,3.82,3.82,4.03,3.76,15473104.0,60888009.0,3.403,0.13
600280,中央商场,2.72,2.71,2.72,2.57,2.57,2.79,2.53,57344200.0,154774060.0,5.837,0.15
600281,华阳新材,3.97,3.97,3.98,3.88,3.9,4.07,3.79,11330400.0,45067480.0,2.32,0.09
600282,南钢股份,4.64,4.64,4.65,4.55,4.53,4.68,4.48,35460003.0,163458112.0,1.978,0.09
600283,XD钱江水,8.45,8.45,8.46,8.66,8.58,8.58,8.22,10515831.0,88546395.0,-2.425,-0.21
600284,浦东建设,4.92,4.92,4.93,4.81,4.79,5.01,4.75,17762222.0,87242860.0,2.287,0.11
600285,羚锐制药,21.72,21.71,21.72,21.79,21.85,22.02,21.39,8968614.0,194676801.0,-0.321,-0.07
600287,苏豪时尚,4.53,4.49,4.53,4.38,4.37,4.57,4.26,4323205.0,19305539.0,3.425,0.15
600288,大恒科技,16.54,16.54,16.55,16.78,16.53,17.73,16.37,107508937.0,1834283719.0,-1.43,-0.24
600289,ST信通,5.77,5.76,5.77,5.66,5.66,5.85,5.59,2520665.0,14420626.0,1.943,0.11
600292,电投水电,12.11,12.1,12.11,12.03,12.02,12.32,11.76,10859203.0,131003298.0,0.665,0.08
600293,三峡新材,2.79,2.79,0.0,2.54,2.71,2.79,2.71,45017699.0,125261771.0,9.843,0.25
600295,鄂尔多斯,11.55,11.54,11.55,11.34,11.34,11.73,11.16,8670876.0,99886060.0,1.852,0.21
600298,安琪酵母,36.53,36.53,36.54,36.5,36.44,37.08,36.11,8478171.0,310537288.0,0.082,0.03
600299,XD安迪苏,7.9,7.9,7.91,7.74,7.78,8.03,7.62,18738730.0,147917046.0,2.067,0.16
600300,维维股份,2.97,2.96,2.97,2.91,2.91,2.99,2.86,22672800.0,66725676.0,2.062,0.06
600301,华锡有色,49.39,49.38,49.39,51.2,51.33,51.85,49.3,11053377.0,558382302.0,-3.535,-1.81
600302,ST标准,8.14,8.12,8.14,7.99,7.91,8.3,7.84,5123900.0,41670751.0,1.877,0.15
600303,曙光股份,2.55,2.55,2.56,2.46,2.46,2.61,2.42,33148710.0,84310336.0,3.659,0.09
600305,恒顺醋业,6.51,6.51,6.52,6.46,6.44,6.55,6.38,7272401.0,47103640.0,0.774,0.05
600307,酒钢宏兴,1.41,1.41,1.42,1.38,1.38,1.44,1.36,70175713.0,99005588.0,2.174,0.03
600308,华泰股份,3.21,3.2,3.21,3.12,3.11,3.24,3.09,9493804.0,30101857.0,2.885,0.09
600309,万华化学,68.71,68.71,68.72,68.88,68.5,70.16,66.73,41039014.0,2820229907.0,-0.247,-0.17
600310,广西能源,3.97,3.97,3.98,3.84,3.82,4.07,3.81,68108888.0,269875712.0,3.385,0.13
600312,平高电气,16.49,16.48,16.49,16.43,16.4,16.82,16.3,14588403.0,241726012.0,0.365,0.06
600313,农发种业,5.25,5.25,5.26,5.1,5.08,5.31,5.02,21874200.0,113974185.0,2.941,0.15
600315,上海家化,17.68,17.68,17.69,17.6,17.5,17.85,17.26,5222700.0,91594417.0,0.455,0.08
600316,洪都航空,28.61,28.61,28.62,28.0,27.8,29.65,27.23,19033300.0,546875464.0,2.179,0.61
600318,新力金融,6.08,6.07,6.08,5.98,5.97,6.18,5.83,14788400.0,89360095.0,1.672,0.1
600319,亚星化学,6.02,6.02,6.03,6.0,5.99,6.17,5.85,4368400.0,26379040.0,0.333,0.02
600320,振华重工,4.1,4.1,4.11,4.0,4.0,4.17,3.96,54653560.0,222402276.0,2.5,0.1
600322,津投城开,2.84,2.84,2.85,2.82,2.8,2.97,2.76,49078746.0,141374757.0,0.709,0.02
600323,瀚蓝环境,27.9,27.9,27.92,28.53,28.54,28.8,27.77,5614865.0,157286341.0,-2.208,-0.63
600325,华发股份,2.47,2.46,2.47,2.29,2.29,2.52,2.25,123829201.0,302341780.0,7.86,0.18
600326,西藏天路,6.43,6.43,6.44,6.28,6.25,6.56,6.18,28653282.0,184580558.0,2.389,0.15
600327,大东方,3.37,3.37,3.38,3.27,3.26,3.41,3.2,16655348.0,55768083.0,3.058,0.1
600328,中盐化工,5.97,5.97,5.98,5.84,5.82,6.04,5.76,18783261.0,111255981.0,2.226,0.13
600329,XD达仁堂,37.05,37.05,37.06,37.86,37.8,37.9,36.6,6483944.0,241144396.0,-2.139,-0.81
600330,天通股份,23.9,23.9,23.91,25.12,25.27,25.88,23.89,100424783.0,2506947301.0,-4.857,-1.22
600331,宏达股份,10.64,10.64,10.65,10.83,10.83,11.04,10.57,39294688.0,423205412.0,-1.754,-0.19
600332,白云山,21.29,21.28,21.29,21.22,21.12,21.47,20.91,8888040.0,188903081.0,0.33,0.07
600333,长春燃气,5.58,5.58,5.59,5.49,5.5,5.63,5.44,12227778.0,68222339.0,1.639,0.09
600335,国机汽车,4.96,4.96,4.97,4.9,4.9,5.03,4.83,10243300.0,50624190.0,1.224,0.06
600336,澳柯玛,6.08,6.08,6.09,5.91,5.89,6.2,5.81,10294800.0,62327003.0,2.876,0.17
600337,ST美克,3.13,3.12,3.13,3.15,3.14,3.15,3.08,10548136.0,32836238.0,-0.635,-0.02
600338,西藏珠峰,13.25,13.25,13.26,13.4,13.36,13.68,13.17,45224176.0,607162495.0,-1.119,-0.15
600339,中油工程,3.17,3.17,3.18,3.11,3.05,3.2,3.0,84233676.0,262905494.0,1.929,0.06
600340,*ST华幸,1.16,1.15,1.16,1.16,1.16,1.17,1.13,46530320.0,53710309.0,0.0,0.0
600343,航天动力,27.72,27.72,0.0,25.2,25.1,27.72,24.35,42049100.0,1105496525.0,10.0,2.52
600345,长江通信,61.88,61.87,61.88,59.45,60.95,64.18,59.43,20870158.0,1285150177.0,4.087,2.43
600346,恒力石化,15.79,15.79,15.8,16.28,16.1,16.1,15.42,67786875.0,1069075348.0,-3.01,-0.49
600348,华阳股份,8.38,8.37,8.38,8.57,8.5,8.5,8.31,23119773.0,194242701.0,-2.217,-0.19
600350,山东高速,11.87,11.86,11.87,12.14,11.2,12.09,11.2,15709900.0,183784427.0,-2.224,-0.27
600351,亚宝药业,6.26,6.25,6.26,6.09,6.05,6.28,6.01,15588946.0,96314326.0,2.791,0.17
600352,浙江龙盛,11.92,11.92,11.93,11.59,11.5,12.15,11.33,61728257.0,723620666.0,2.847,0.33
600353,旭光电子,42.2,42.2,42.21,40.88,43.96,44.97,42.11,70241032.0,3100799743.0,3.229,1.32
600354,敦煌种业,4.95,4.95,4.96,4.84,4.82,5.0,4.78,10904922.0,53699624.0,2.273,0.11
600356,恒丰纸业,7.95,7.95,7.96,7.9,7.91,8.08,7.8,4117400.0,32748332.0,0.633,0.05
600358,国旅联合,5.26,5.26,5.27,5.19,5.18,5.32,5.11,5559000.0,29187170.0,1.349,0.07
600359,新农开发,5.7,5.7,5.71,5.56,5.57,5.78,5.47,6082100.0,34498745.0,2.518,0.14
600360,华微电子,16.79,16.78,16.79,15.99,15.78,17.59,15.78,278950065.0,4791002850.0,5.003,0.8
600361,创新新材,3.45,3.44,3.45,3.43,3.42,3.51,3.38,49123000.0,169948517.0,0.583,0.02
600362,江西铜业,42.89,42.88,42.89,40.74,41.29,43.96,40.77,77493037.0,3285475276.0,5.277,2.15
600363,联创光电,34.11,34.11,34.12,32.69,32.53,35.96,32.3,36433731.0,1258227683.0,4.344,1.42
600365,ST通葡,2.62,2.62,2.63,2.51,2.5,2.63,2.47,4280300.0,10965436.0,4.382,0.11
600366,宁波韵升,15.25,15.24,15.25,15.22,15.22,16.22,15.09,71218050.0,1119121224.0,0.197,0.03
600367,红星发展,41.18,41.18,41.19,43.27,43.34,44.8,41.11,31936364.0,1370913936.0,-4.83,-2.09
600368,五洲交通,3.61,3.61,3.62,3.55,3.54,3.63,3.52,11795072.0,42256081.0,1.69,0.06
600369,西南证券,4.09,4.08,4.09,4.13,4.13,4.13,4.06,38181946.0,156146650.0,-0.969,-0.04
600370,*ST三房,1.82,1.82,1.83,1.72,1.72,1.82,1.72,51223650.0,91931970.0,5.814,0.1
600371,万向德农,6.67,6.67,6.68,6.5,6.52,6.79,6.39,5792600.0,38617791.0,2.615,0.17
600372,中航机载,11.58,11.58,11.59,11.26,11.27,11.87,11.12,76667899.0,884769722.0,2.842,0.32
600373,中文传媒,6.79,6.79,6.8,6.67,6.63,6.84,6.59,13048635.0,88035842.0,1.799,0.12
600375,汉马科技,3.98,3.97,3.98,3.82,3.82,4.06,3.77,39920550.0,158088084.0,4.188,0.16
600376,首开股份,3.66,3.66,0.0,3.33,3.27,3.66,3.22,140965037.0,491321097.0,9.91,0.33
600377,宁沪高速,12.52,12.51,12.52,12.69,12.61,12.67,12.4,15228700.0,191393073.0,-1.34,-0.17
600378,昊华科技,60.58,60.57,60.58,66.2,66.25,70.5,60.53,95524255.0,6221047413.0,-8.489,-5.62
600379,宝光股份,14.78,14.77,14.78,14.84,14.8,15.9,14.71,29408822.0,446842218.0,-0.404,-0.06
600380,健康元,10.03,10.03,10.04,9.88,9.86,10.21,9.73,19357643.0,193803970.0,1.518,0.15
600381,*ST春天,4.39,4.39,4.4,4.33,4.33,4.57,4.27,5038800.0,22264570.0,1.386,0.06
600382,广东明珠,6.17,6.17,6.18,6.28,6.3,6.35,6.12,11743990.0,73160667.0,-1.752,-0.11
600383,金地集团,2.24,2.23,2.24,2.12,2.12,2.27,2.09,117096993.0,258395389.0,5.66,0.12
600386,北巴传媒,3.25,3.25,3.26,3.16,3.16,3.3,3.1,9858528.0,31805779.0,2.848,0.09
600388,龙净环保,15.89,15.89,15.9,16.08,16.08,16.08,15.6,16475917.0,260844292.0,-1.182,-0.19
600389,江山股份,18.5,18.5,18.51,18.28,18.82,19.1,18.32,16699168.0,311594549.0,1.204,0.22
600390,五矿资本,4.75,4.74,4.75,4.7,4.71,4.77,4.62,32821608.0,154507913.0,1.064,0.05
600391,航发科技,30.89,30.88,30.89,30.29,30.3,32.73,29.86,22736922.0,714780765.0,1.981,0.6
600392,盛和资源,24.29,24.29,24.3,24.85,24.59,25.87,24.29,90010260.0,2254496801.0,-2.254,-0.56
600395,盘江股份,4.6,4.6,4.61,4.63,4.58,4.66,4.51,26917467.0,123608274.0,-0.648,-0.03
600396,华电辽能,12.9,12.9,12.91,12.22,12.2,13.44,12.03,202944280.0,2639452717.0,5.565,0.68
600397,江钨装备,18.84,18.84,18.85,19.86,19.55,20.54,18.82,72606901.0,1434194423.0,-5.136,-1.02
600398,海澜之家,5.6,5.59,5.6,5.59,5.6,5.63,5.51,21001766.0,117160128.0,0.179,0.01
600399,抚顺特钢,4.13,4.13,4.14,3.9,3.9,4.29,3.83,99709428.0,414039570.0,5.897,0.23
600400,红豆股份,3.08,3.07,3.08,3.09,3.08,3.2,3.02,45134808.0,140093446.0,-0.324,-0.01
600403,大有能源,4.91,4.91,4.92,4.76,4.68,5.05,4.6,52712146.0,258205681.0,3.151,0.15
600405,动力源,4.61,0.0,0.0,4.61,0.0,0.0,0.0,0.0,0.0,0.0,0.0
600406,国电南瑞,22.04,22.04,22.05,21.68,21.74,22.29,21.53,70265588.0,1546334061.0,1.661,0.36
600408,安泰集团,2.49,2.48,2.49,2.39,2.38,2.54,2.31,65211501.0,160684824.0,4.184,0.1
600409,三友化工,5.51,5.51,5.52,5.61,5.6,5.64,5.44,35476528.0,196060846.0,-1.783,-0.1
600410,华胜天成,16.56,16.56,0.0,15.05,15.05,16.56,14.91,112945738.0,1840304250.0,10.033,1.51
600415,小商品城,10.17,10.17,10.18,9.95,9.93,10.39,9.79,68338390.0,694280244.0,2.211,0.22
600416,湘电股份,9.28,9.27,9.28,8.99,8.95,9.52,8.91,28178306.0,261633705.0,3.226,0.29
600418,江淮汽车,24.67,24.67,24.68,24.45,24.44,25.79,24.41,100369989.0,2512653255.0,0.9,0.22
600419,天润乳业,7.73,7.72,7.73,7.59,7.52,7.78,7.47,4623889.0,35432212.0,1.845,0.14
600420,国药现代,8.69,8.69,8.7,8.56,8.55,8.77,8.41,10464000.0,90286702.0,1.519,0.13
600422,昆药集团,8.28,8.28,8.29,8.13,8.05,8.32,7.96,8854149.0,72707085.0,1.845,0.15
600423,*ST柳化,2.45,2.45,2.46,2.44,2.45,2.49,2.38,8448500.0,20612802.0,0.41,0.01
600425,青松建化,3.33,3.33,3.34,3.27,3.25,3.37,3.22,11090404.0,36760556.0,1.835,0.06
600426,DR华鲁恒,18.63,18.63,18.64,18.48,18.4,18.99,17.88,48972392.0,907817800.0,0.812,0.15
600428,中远海特,8.99,8.99,0.0,8.17,8.98,8.99,8.8,40442087.0,363417231.0,10.037,0.82
600429,三元股份,4.13,4.13,4.14,4.04,4.0,4.18,3.99,14020599.0,57578739.0,2.228,0.09
600433,冠豪高新,3.23,3.22,3.23,3.19,3.18,3.29,3.14,35045246.0,113198386.0,1.254,0.04
600435,北方导航,11.39,11.38,11.39,10.77,10.74,11.83,10.67,47019814.0,534399603.0,5.757,0.62
600436,片仔癀,117.05,117.04,117.05,110.31,110.0,119.34,108.72,8328306.0,957155046.0,6.11,6.74
600438,通威股份,11.36,11.36,11.37,11.09,11.19,11.68,11.11,75258713.0,858417153.0,2.435,0.27
600439,瑞贝卡,2.17,2.16,2.17,2.11,2.1,2.2,2.07,25257380.0,54470771.0,2.844,0.06
600444,国机通用,12.99,12.99,13.04,12.66,12.63,13.25,12.5,2422200.0,31366999.0,2.607,0.33
600446,金证股份,10.17,10.17,10.18,10.21,10.18,10.48,9.96,18709135.0,191982835.0,-0.392,-0.04
600448,华纺股份,2.6,2.6,2.61,2.52,2.52,2.66,2.47,19713600.0,50984828.0,3.175,0.08
600449,宁夏建材,12.65,12.65,12.68,12.79,12.8,13.48,12.65,7725801.0,100386661.0,-1.095,-0.14
600452,涪陵电力,9.09,9.08,9.09,8.88,8.94,9.28,8.88,29766828.0,271674364.0,2.365,0.21
600455,博通股份,22.45,22.41,22.45,21.84,21.87,22.74,21.4,1855400.0,41279287.0,2.793,0.61
600456,宝钛股份,27.8,27.8,27.81,26.39,26.39,28.87,26.02,14341030.0,396779354.0,5.343,1.41
600458,时代新材,12.62,12.62,12.63,13.39,13.34,13.57,12.61,48606107.0,633494255.0,-5.751,-0.77
600459,贵研铂业,21.52,21.52,21.53,21.82,21.8,23.14,21.52,41178098.0,918980012.0,-1.375,-0.3
600460,士兰微,44.51,44.51,44.52,48.4,48.89,49.96,44.32,185733228.0,8822886010.0,-8.037,-3.89
600461,洪城环境,8.99,8.99,9.01,9.02,9.01,9.08,8.89,9329191.0,83886626.0,-0.333,-0.03
600463,空港股份,7.7,7.7,7.71,7.48,7.46,7.87,7.3,3761881.0,28964505.0,2.941,0.22
600467,好当家,2.09,2.09,2.1,2.05,2.04,2.12,2.01,32293053.0,67283420.0,1.951,0.04
600468,百利电气,5.25,5.25,5.26,5.12,5.09,5.38,5.06,25444300.0,133287676.0,2.539,0.13
600469,风神股份,5.4,5.4,5.41,5.41,5.4,5.47,5.3,7333800.0,39592491.0,-0.185,-0.01
600470,六国化工,6.96,6.95,6.96,6.77,6.6,7.26,6.47,79399500.0,540011469.0,2.806,0.19
600475,华光环能,13.34,13.34,13.35,13.28,13.28,13.64,13.08,7740423.0,103692257.0,0.452,0.06
600476,*ST湘邮,8.99,8.98,8.99,8.86,8.76,9.1,8.58,1660109.0,14765208.0,1.467,0.13
600477,杭萧钢构,2.39,2.39,2.4,2.3,2.3,2.46,2.24,68003988.0,161297167.0,3.913,0.09
600478,科力远,4.72,4.71,4.72,4.68,4.69,4.79,4.6,24673597.0,116461587.0,0.855,0.04
600479,千金药业,9.55,9.54,9.55,9.45,9.43,9.59,9.35,4413740.0,41938318.0,1.058,0.1
600480,凌云股份,8.8,8.8,8.81,8.6,8.63,9.03,8.56,23336887.0,206293012.0,2.326,0.2
600481,双良节能,4.6,4.6,4.61,4.33,4.36,4.76,4.29,130358492.0,601853757.0,6.236,0.27
600482,中国动力,33.05,33.04,33.05,33.65,33.65,34.49,33.03,33407016.0,1128213043.0,-1.783,-0.6
600483,福能股份,10.34,10.33,10.34,10.4,10.38,10.45,10.22,15296917.0,158096864.0,-0.577,-0.06
600486,扬农化工,49.67,49.67,49.68,49.61,49.49,50.5,48.39,5995032.0,297485726.0,0.121,0.06
600487,亨通光电,77.79,77.79,77.8,80.06,80.8,86.39,77.39,259314841.0,21320396181.0,-2.835,-2.27
600488,津药药业,5.58,5.57,5.58,5.29,5.18,5.78,5.13,155986568.0,861751135.0,5.482,0.29
600489,中金黄金,20.34,20.34,20.35,19.95,20.1,21.06,19.71,85907547.0,1747419555.0,1.955,0.39
600490,鹏欣资源,5.91,5.91,5.92,5.86,5.86,6.09,5.8,42868954.0,254992537.0,0.853,0.05
600491,ST龙元,1.12,1.12,0.0,1.02,1.12,1.12,1.12,745501.0,834961.0,9.804,0.1
600493,XD凤竹纺,5.87,5.87,5.88,5.76,5.79,5.97,5.61,9614702.0,56158710.0,1.91,0.11
600495,XD晋西车,3.64,3.64,3.65,3.56,3.55,3.68,3.49,15591858.0,56118170.0,2.247,0.08
600496,精工钢构,3.22,3.22,3.23,3.18,3.18,3.25,3.09,37314817.0,118588967.0,1.258,0.04
600497,驰宏锌锗,9.51,9.51,9.52,9.79,9.79,10.13,9.51,193224537.0,1894264186.0,-2.86,-0.28
600498,XD烽火通,56.87,56.87,56.88,56.8,57.05,61.27,56.27,156292325.0,9105364980.0,0.123,0.07
600499,科达制造,14.43,14.43,14.44,15.27,15.21,15.29,14.41,36011615.0,535155555.0,-5.501,-0.84
600500,中化国际,6.45,6.45,6.46,6.6,6.58,6.96,6.44,120794283.0,807102051.0,-2.273,-0.15
600501,航天晨光,15.81,15.8,15.81,14.52,14.55,15.97,14.31,22321213.0,347406183.0,8.884,1.29
600502,安徽建工,4.51,4.51,4.52,4.45,4.45,4.54,4.4,23917100.0,107353198.0,1.348,0.06
600503,华丽家族,2.06,2.05,2.06,2.0,1.99,2.11,1.96,35839475.0,73794202.0,3.0,0.06
600505,西昌电力,10.47,10.47,10.48,10.24,10.21,10.64,10.12,8048999.0,84079208.0,2.246,0.23
600506,统一股份,14.04,14.03,14.04,13.48,13.75,14.38,13.56,9608080.0,134451640.0,4.154,0.56
600507,方大特钢,4.04,4.03,4.04,3.97,3.97,4.1,3.93,23551746.0,94920511.0,1.763,0.07
600508,上海能源,8.03,8.03,8.04,8.03,8.03,8.13,7.86,6300120.0,50400756.0,0.0,0.0
600509,天富能源,7.42,7.41,7.42,7.4,7.4,7.63,7.29,34853101.0,260238697.0,0.27,0.02
600510,黑牡丹,6.9,6.9,6.91,6.69,6.7,7.04,6.6,10662477.0,73667845.0,3.139,0.21
600511,国药股份,26.86,26.83,26.86,26.8,26.72,27.0,26.45,3298850.0,88308060.0,0.224,0.06
600512,腾达建设,1.96,1.95,1.96,1.9,1.9,1.99,1.87,32124100.0,62467622.0,3.158,0.06
600513,联环药业,15.49,15.49,0.0,14.08,14.01,15.49,13.76,17209501.0,256467560.0,10.014,1.41
600515,海南机场,2.81,2.8,2.81,2.71,2.71,2.84,2.67,142984220.0,398213485.0,3.69,0.1
600516,方大炭素,5.15,5.15,5.16,5.14,5.16,5.24,5.08,73627192.0,381023652.0,0.195,0.01
600517,国网英大,4.71,4.71,4.72,4.64,4.64,4.77,4.58,24509798.0,115025599.0,1.509,0.07
600518,康美药业,1.28,1.28,1.29,1.25,1.25,1.3,1.23,236002014.0,299937666.0,2.4,0.03
600519,贵州茅台,1204.98,1204.98,1204.99,1182.19,1182.2,1204.98,1170.28,5221255.0,6223343642.0,1.928,22.79
600520,三佳科技,35.0,34.99,35.0,37.98,37.77,38.39,34.97,26001700.0,949557266.0,-7.846,-2.98
600521,华海药业,16.84,16.83,16.84,16.26,16.06,17.07,15.9,54648828.0,911726951.0,3.567,0.58
600522,中天科技,45.91,45.9,45.91,47.14,47.34,49.78,45.89,318389244.0,15248745979.0,-2.609,-1.23
600523,贵航股份,11.38,11.38,11.39,11.33,11.22,11.6,11.12,8139223.0,92657950.0,0.441,0.05
600525,ST长园,5.11,5.1,5.11,5.04,5.02,5.14,4.9,13783813.0,69106343.0,1.389,0.07
600526,菲达环保,4.26,4.25,4.26,4.17,4.16,4.31,4.12,8498671.0,36051004.0,2.158,0.09
600527,江南高纤,2.1,2.09,2.1,2.06,2.05,2.13,2.02,52306160.0,109462795.0,1.942,0.04
600528,中铁工业,6.8,6.79,6.8,6.71,6.73,6.84,6.64,10821215.0,73100865.0,1.341,0.09
600529,山东药玻,18.16,18.16,18.17,18.25,18.31,18.31,17.96,8562201.0,155448425.0,-0.493,-0.09
600530,交大昂立,5.34,5.34,5.35,5.33,5.25,5.45,5.24,8588450.0,46033179.0,0.188,0.01
600531,豫光金铅,13.48,13.47,13.48,13.51,13.48,14.21,13.28,63124177.0,866859359.0,-0.222,-0.03
600533,栖霞建设,1.98,1.98,1.99,1.89,1.87,2.05,1.85,25925500.0,51194909.0,4.762,0.09
600535,天士力,14.08,14.07,14.08,14.04,14.03,14.2,13.8,11098404.0,155689462.0,0.285,0.04
600536,中国软件,29.32,29.32,29.33,28.6,28.32,30.4,28.01,26629192.0,784711562.0,2.517,0.72
600537,*ST亿晶,2.57,2.56,2.57,2.54,2.5,2.62,2.5,14712700.0,37913266.0,1.181,0.03
600538,国发股份,5.27,5.27,5.28,5.41,5.44,5.48,5.25,11856100.0,63640996.0,-2.588,-0.14
600539,狮头股份,17.2,17.2,17.21,17.45,17.8,17.89,17.1,11867400.0,207246700.0,-1.433,-0.25
600540,新赛股份,3.38,3.37,3.38,3.25,3.25,3.45,3.2,28181100.0,94777168.0,4.0,0.13
600543,*ST莫高,3.94,3.93,3.94,3.89,3.83,4.03,3.82,2790610.0,10954319.0,1.285,0.05
600545,卓郎智能,5.41,5.4,5.41,5.66,5.67,5.79,5.41,108236520.0,605688355.0,-4.417,-0.25
600546,山煤国际,11.78,11.77,11.78,12.09,12.09,12.09,11.65,17792888.0,210961598.0,-2.564,-0.31
600547,山东黄金,24.96,24.96,24.97,24.28,24.5,25.96,23.98,78924803.0,1969727409.0,2.801,0.68
600548,深高速,8.64,8.64,8.65,8.7,8.68,8.74,8.6,2213200.0,19147720.0,-0.69,-0.06
600549,厦门钨业,63.35,63.35,63.36,64.71,64.0,67.66,63.16,64714006.0,4219621203.0,-2.102,-1.36
600550,保变电气,10.89,10.88,10.89,10.65,10.63,11.16,10.57,33892023.0,370389568.0,2.254,0.24
600551,时代出版,6.6,6.6,6.61,6.58,6.56,6.68,6.47,4898800.0,32327950.0,0.304,0.02
600552,凯盛科技,22.13,22.12,22.13,23.33,23.54,24.35,22.13,101740568.0,2374494632.0,-5.144,-1.2
600556,天下秀,4.46,4.46,4.47,4.25,4.23,4.52,4.17,84062975.0,371820287.0,4.941,0.21
600557,康缘药业,12.4,12.4,12.41,12.17,12.14,12.54,11.95,9584844.0,118011768.0,1.89,0.23
600558,大西洋,4.76,4.75,4.76,4.72,4.7,4.82,4.66,10599791.0,50326715.0,0.847,0.04
600559,老白干酒,11.2,11.2,11.21,10.91,10.91,11.32,10.77,16139177.0,179824897.0,2.658,0.29
600560,金自天正,10.73,10.71,10.73,10.5,10.47,10.95,10.45,3050800.0,32727258.0,2.19,0.23
600561,江西长运,5.13,5.11,5.13,4.96,4.97,5.24,4.85,6539300.0,33250528.0,3.427,0.17
600562,国睿科技,21.31,21.31,21.32,21.4,21.05,22.45,20.89,17072487.0,368356972.0,-0.421,-0.09
600563,法拉电子,143.65,143.65,143.67,150.88,151.47,154.26,143.65,8836140.0,1317190548.0,-4.792,-7.23
600566,济川药业,23.96,23.95,23.96,24.1,23.9,24.3,23.5,6180996.0,147671261.0,-0.581,-0.14
600567,山鹰国际,1.36,1.35,1.36,1.33,1.34,1.37,1.32,83928422.0,113104189.0,2.256,0.03
600568,ST中珠,2.46,2.45,2.46,2.49,2.49,2.49,2.41,9311200.0,22795995.0,-1.205,-0.03
600569,安阳钢铁,1.68,1.68,1.69,1.64,1.64,1.72,1.61,27280704.0,45799542.0,2.439,0.04
600570,恒生电子,21.32,21.32,21.33,21.15,21.08,21.95,20.65,35554746.0,762396486.0,0.804,0.17
600571,信雅达,9.81,9.8,9.81,9.51,9.44,10.06,9.33,11866571.0,115879778.0,3.155,0.3
600572,康恩贝,4.12,4.11,4.12,4.07,4.04,4.14,4.01,36321763.0,148553950.0,1.229,0.05
600573,惠泉啤酒,8.97,8.97,8.98,8.77,8.75,9.12,8.64,9610250.0,86122064.0,2.281,0.2
600575,淮河能源,3.18,3.18,3.19,3.15,3.15,3.26,3.1,57643404.0,183651698.0,0.952,0.03
600576,祥源文旅,5.81,5.81,5.82,5.73,5.69,5.96,5.66,15046900.0,87997785.0,1.396,0.08
600577,精达股份,8.63,8.62,8.63,8.64,8.6,8.92,8.51,69804864.0,608217752.0,-0.116,-0.01
600578,京能电力,5.89,5.88,5.89,5.82,5.82,6.04,5.75,102491622.0,608760667.0,1.203,0.07
600579,中化装备,7.79,7.79,7.8,8.07,8.0,8.0,7.7,13530500.0,105830287.0,-3.47,-0.28
600580,卧龙电驱,33.65,33.65,33.66,33.2,33.0,34.58,32.72,56477666.0,1909158589.0,1.355,0.45
600581,*ST八钢,2.27,2.26,2.27,2.25,2.25,2.3,2.22,8587800.0,19462127.0,0.889,0.02
600582,天地科技,4.64,4.64,4.65,4.65,4.67,4.69,4.58,14810800.0,68719053.0,-0.215,-0.01
600583,海油工程,5.19,5.19,5.2,5.11,5.05,5.24,4.95,48272502.0,247739605.0,1.566,0.08
600584,长电科技,101.11,101.1,101.11,103.52,108.88,113.87,101.11,305852847.0,33213191229.0,-2.328,-2.41
600585,海螺水泥,17.11,17.1,17.11,16.74,16.7,17.27,16.59,31373102.0,533544943.0,2.21,0.37
600586,金晶科技,4.29,4.29,4.3,4.19,4.19,4.39,4.15,22737288.0,97364266.0,2.387,0.1
600587,新华医疗,12.02,12.02,12.03,11.91,11.85,12.18,11.7,6253734.0,74928035.0,0.924,0.11
600588,用友网络,9.67,9.67,9.68,9.43,9.35,10.1,9.26,75884439.0,740736427.0,2.545,0.24
600589,大位科技,8.71,8.71,8.72,8.84,8.8,9.14,8.58,79837972.0,713050181.0,-1.471,-0.13
600590,泰豪科技,9.23,9.23,9.24,8.98,9.04,9.62,8.88,32674241.0,303824490.0,2.784,0.25
600592,龙溪股份,14.55,14.55,14.56,13.62,13.94,14.98,13.73,24708653.0,359918627.0,6.828,0.93
600593,大连圣亚,38.4,38.4,38.41,37.5,37.13,38.72,36.53,7050600.0,268193843.0,2.4,0.9
600594,益佰制药,3.32,3.31,3.32,3.15,3.17,3.38,3.07,35226991.0,115953178.0,5.397,0.17
600595,中孚实业,5.94,5.94,5.95,5.7,5.74,6.18,5.71,153162559.0,912480519.0,4.211,0.24
600596,新安股份,12.59,12.58,12.59,13.42,13.5,13.61,12.59,93174522.0,1216207237.0,-6.185,-0.83
600597,光明乳业,6.37,6.37,6.38,6.29,6.28,6.43,6.22,7403047.0,46904856.0,1.272,0.08
600598,北大荒,11.92,11.91,11.92,11.93,11.75,11.96,11.66,25655467.0,303947884.0,-0.084,-0.01
600600,青岛啤酒,53.5,53.49,53.5,52.88,52.8,53.67,52.38,5911118.0,314497975.0,1.172,0.62
600601,方正科技,13.18,13.18,13.19,13.88,14.08,14.45,13.13,242650506.0,3375423530.0,-5.043,-0.7
600602,云赛智联,17.17,17.16,17.17,17.08,16.68,17.66,16.52,59578712.0,1021983934.0,0.527,0.09
600603,广汇物流,4.46,4.45,4.46,4.39,4.34,4.5,4.29,9703449.0,42919027.0,1.595,0.07
600604,市北高新,4.2,4.2,4.21,3.97,4.02,4.3,4.02,24523506.0,102697898.0,5.793,0.23
600605,汇通能源,26.49,26.45,26.49,26.15,25.99,27.1,25.99,2296700.0,61203577.0,1.3,0.34
600606,绿地控股,1.27,1.26,1.27,1.23,1.23,1.28,1.21,159196902.0,199939352.0,3.252,0.04
600609,金杯汽车,3.16,3.16,3.17,3.08,3.07,3.21,3.03,21646798.0,68105575.0,2.597,0.08
600610,中毅达,6.35,6.35,6.36,6.22,6.21,6.48,6.14,16761600.0,106548695.0,2.09,0.13
600611,大众交通,3.73,3.73,3.74,3.61,3.62,3.79,3.62,42117050.0,156675305.0,3.324,0.12
600612,老凤祥,34.02,34.02,34.06,33.8,33.66,34.21,33.22,1387300.0,46892275.0,0.651,0.22
600613,神奇制药,4.73,4.73,4.74,4.55,4.54,4.79,4.45,11632200.0,54446332.0,3.956,0.18
600615,鑫源智造,9.39,9.38,9.39,9.54,9.51,9.65,9.3,2767580.0,26304624.0,-1.572,-0.15
600616,金枫酒业,3.88,3.87,3.88,3.78,3.78,3.95,3.74,7506100.0,29053110.0,2.646,0.1
600617,国新能源,2.78,2.78,2.79,2.74,2.73,2.85,2.68,25540512.0,71053884.0,1.46,0.04
600618,氯碱化工,10.03,10.03,10.05,10.05,10.0,10.18,9.83,7569032.0,75861055.0,-0.199,-0.02
600619,海立股份,13.87,13.86,13.87,13.39,13.39,14.38,13.18,28176329.0,393149397.0,3.585,0.48
600620,天宸股份,3.99,3.98,3.99,3.89,3.89,4.09,3.81,7771500.0,30973636.0,2.571,0.1
600621,华鑫股份,13.42,13.42,13.43,13.75,13.59,13.59,13.2,20264609.0,270864441.0,-2.4,-0.33
600622,光大嘉宝,2.03,2.03,2.04,1.95,1.94,2.09,1.9,36565266.0,73841995.0,4.103,0.08
600623,华谊集团,8.2,8.2,8.21,8.12,8.09,8.31,7.98,19138960.0,155976562.0,0.985,0.08
600624,ST复华,3.71,3.71,3.72,3.66,3.62,3.75,3.59,7029129.0,25941481.0,1.366,0.05
600626,申达股份,3.21,3.21,3.22,3.14,3.15,3.27,3.1,13571000.0,43404397.0,2.229,0.07
600628,新世界,5.85,5.85,5.86,5.71,5.72,5.9,5.66,9266135.0,53942428.0,2.452,0.14
600629,华建集团,12.75,12.75,0.0,11.59,11.63,12.75,11.47,27519146.0,339502814.0,10.009,1.16
600630,龙头股份,6.85,6.85,6.86,6.86,6.8,6.96,6.66,31510092.0,215951886.0,-0.146,-0.01
600633,浙数文化,10.53,10.53,10.54,10.25,10.2,10.83,10.11,33661100.0,354784666.0,2.732,0.28
600635,大众公用,4.35,4.35,4.36,4.27,4.28,4.42,4.21,43565684.0,189297342.0,1.874,0.08
600637,东方明珠,8.16,8.15,8.16,7.89,7.87,8.38,7.79,66758870.0,544725004.0,3.422,0.27
600638,XD新黄浦,4.48,4.47,4.48,4.38,4.4,4.59,4.3,12282820.0,54991696.0,2.283,0.1
600639,浦东金桥,9.42,9.41,9.42,9.29,9.35,9.46,9.22,3728238.0,34917195.0,1.399,0.13
600640,国脉文化,10.46,10.46,10.47,10.16,10.14,10.59,10.02,10124300.0,105528889.0,2.953,0.3
600641,先导基电,42.7,42.7,42.71,43.24,41.56,46.48,41.39,93865706.0,4140764228.0,-1.249,-0.54
600642,申能股份,8.87,8.87,8.88,8.88,8.87,8.98,8.77,19926985.0,176891555.0,-0.113,-0.01
600643,爱建集团,3.87,3.87,3.88,3.81,3.8,3.92,3.71,16935074.0,65207712.0,1.575,0.06
600644,乐山电力,7.93,7.93,7.94,7.7,7.7,8.11,7.61,16702702.0,132450844.0,2.987,0.23
600645,中源协和,18.37,18.37,18.38,17.65,17.5,18.86,17.27,15509174.0,282401628.0,4.079,0.72
600648,外高桥,8.54,8.53,8.54,8.33,8.33,8.59,8.25,2725725.0,23111801.0,2.521,0.21
600649,城投控股,3.57,3.56,3.57,3.47,3.47,3.63,3.4,26343268.0,93476740.0,2.882,0.1
600650,锦江在线,9.96,9.96,9.97,9.69,9.68,10.09,9.55,3956400.0,39200986.0,2.786,0.27
600651,飞乐音响,5.65,5.65,5.66,5.47,5.47,5.8,5.42,30822757.0,174600130.0,3.291,0.18
600653,申华控股,1.6,1.6,1.61,1.56,1.56,1.64,1.53,28804438.0,46094259.0,2.564,0.04
600654,中安科,2.67,2.66,2.67,2.6,2.56,2.74,2.55,74805756.0,200188198.0,2.692,0.07
600655,豫园股份,4.35,4.35,4.36,4.31,4.29,4.4,4.24,15751633.0,68494811.0,0.928,0.04
600657,信达地产,2.39,2.39,2.4,2.32,2.3,2.45,2.27,39730501.0,94876069.0,3.017,0.07
600658,电子城,4.03,4.02,4.03,3.94,3.93,4.2,3.84,21811200.0,88881693.0,2.284,0.09
600660,福耀玻璃,50.79,50.79,50.8,50.68,50.58,51.63,49.89,11495420.0,585248558.0,0.217,0.11
600661,昂立教育,7.33,7.32,7.33,7.13,7.16,7.45,7.0,7589500.0,55354037.0,2.805,0.2
600662,外服控股,4.15,4.15,4.16,4.07,4.06,4.2,4.01,17134408.0,70802468.0,1.966,0.08
600663,陆家嘴,6.59,6.58,6.59,6.35,6.31,6.61,6.27,12973530.0,84507452.0,3.78,0.24
600664,哈药股份,3.37,3.37,0.0,3.06,3.33,3.37,3.33,100032231.0,336874466.0,10.131,0.31
600665,天地源,3.07,3.07,3.08,3.0,3.0,3.3,2.94,26358920.0,82663690.0,2.333,0.07
600666,奥瑞德,3.67,3.67,3.68,3.56,3.55,3.83,3.51,141258932.0,522131142.0,3.09,0.11
600667,太极实业,25.26,25.25,25.26,26.27,26.82,27.95,25.24,432936178.0,11644398633.0,-3.845,-1.01
600668,尖峰集团,7.17,7.17,7.18,6.98,6.98,7.3,6.88,8248615.0,58893007.0,2.722,0.19
600671,天目药业,19.21,19.21,19.26,19.29,19.45,19.59,18.88,3365702.0,64693065.0,-0.415,-0.08
600673,东阳光,37.15,37.15,37.16,38.34,37.58,39.76,37.1,84302111.0,3240346669.0,-3.104,-1.19
600674,川投能源,14.67,14.67,14.68,14.68,14.65,14.74,14.33,37837618.0,550819221.0,-0.068,-0.01
600675,中华企业,2.14,2.13,2.14,2.09,2.08,2.19,2.05,44902821.0,95993544.0,2.392,0.05
600676,交运股份,6.88,6.88,6.89,6.96,6.9,6.99,6.82,10757943.0,74300735.0,-1.149,-0.08
600678,ST金顶,6.36,6.36,6.37,6.34,6.22,6.5,6.13,14686200.0,93124165.0,0.315,0.02
600679,上海凤凰,8.99,8.98,8.99,8.84,8.79,9.1,8.7,2767503.0,24775035.0,1.697,0.15
600681,百川能源,3.38,3.38,3.39,3.38,3.37,3.41,3.28,19593673.0,65778152.0,0.0,0.0
600682,南京新百,5.46,5.46,5.47,5.27,5.27,5.53,5.17,21794638.0,118167083.0,3.605,0.19
600683,京投发展,10.35,10.35,10.37,10.5,10.55,10.65,10.3,14094800.0,147703626.0,-1.429,-0.15
600684,珠江股份,3.07,3.06,3.07,2.95,2.93,3.12,2.9,23995397.0,73086289.0,4.068,0.12
600685,中船防务,28.6,28.6,0.0,26.0,26.02,28.6,25.98,19488581.0,536875226.0,10.0,2.6
600686,金龙汽车,11.43,11.42,11.43,11.25,11.25,11.58,11.0,15862600.0,179959971.0,1.6,0.18
600688,上海石化,2.9,2.89,2.9,2.88,2.86,2.93,2.81,87115783.0,251174692.0,0.694,0.02
600689,上海三毛,9.95,9.93,9.95,9.67,9.7,10.08,9.5,3312400.0,32766000.0,2.896,0.28
600690,海尔智家,20.35,20.35,20.36,20.01,20.0,20.37,19.66,49171365.0,988919715.0,1.699,0.34
600691,潞化科技,2.25,2.24,2.25,2.2,2.19,2.3,2.15,34116320.0,76669658.0,2.273,0.05
600692,亚通股份,5.51,5.5,5.51,5.31,5.3,5.59,5.23,8633919.0,47121440.0,3.766,0.2
600693,东百集团,8.17,8.17,8.18,7.81,7.8,8.28,7.77,42737000.0,346510807.0,4.609,0.36
600694,大商股份,14.04,14.02,14.04,13.96,13.96,14.17,13.81,2946383.0,41351090.0,0.573,0.08
600697,欧亚集团,9.85,9.83,9.85,9.58,9.59,10.0,9.46,4580499.0,44930667.0,2.818,0.27
600698,湖南天雁,5.89,5.89,5.9,5.75,5.74,6.02,5.65,12277270.0,72233368.0,2.435,0.14
600699,均胜电子,21.55,21.55,21.56,21.21,21.12,22.45,21.0,38481617.0,835690636.0,1.603,0.34
600702,舍得酒业,34.59,34.59,34.6,33.28,33.36,35.75,32.83,11231466.0,387283617.0,3.936,1.31
600703,三安光电,16.94,16.93,16.94,17.8,18.1,18.69,16.93,332210685.0,5930869249.0,-4.831,-0.86
600704,XD物产中,4.79,4.78,4.79,4.75,4.77,4.8,4.7,35777181.0,170355611.0,0.842,0.04
600706,曲江文旅,6.99,6.99,7.0,6.73,6.74,7.12,6.55,10934819.0,75934884.0,3.863,0.26
600707,彩虹股份,11.95,11.94,11.95,12.49,12.68,13.45,11.95,250298725.0,3201029260.0,-4.323,-0.54
600708,光明地产,3.32,3.32,3.33,3.21,3.17,3.35,3.16,26352810.0,86421936.0,3.427,0.11
600710,苏美达,9.95,9.95,9.96,9.92,9.97,10.11,9.76,9998224.0,99489856.0,0.302,0.03
600711,盛屯矿业,10.74,10.74,10.75,10.48,10.58,11.08,10.4,95140143.0,1024000612.0,2.481,0.26
600712,南宁百货,4.84,4.83,4.84,4.72,4.75,4.96,4.63,7777420.0,37651687.0,2.542,0.12
600713,南京医药,5.09,5.08,5.09,5.05,5.01,5.12,4.98,12476184.0,63123520.0,0.792,0.04
600714,金瑞矿业,15.68,15.68,15.69,15.59,15.57,16.13,15.43,15591000.0,246322307.0,0.577,0.09
600715,文投控股,1.56,1.56,1.57,1.51,1.49,1.58,1.47,41324762.0,63882226.0,3.311,0.05
600716,凤凰股份,3.35,3.35,3.36,3.31,3.31,3.45,3.27,6755600.0,22816506.0,1.208,0.04
600717,天津港,4.04,4.03,4.04,4.0,4.0,4.07,3.96,19601951.0,78758963.0,1.0,0.04
600718,东软集团,8.0,8.0,8.01,7.33,7.5,8.06,7.48,44416433.0,348839308.0,9.141,0.67
600719,大连热电,7.79,7.78,7.79,7.54,7.53,8.05,7.41,21747200.0,170816437.0,3.316,0.25
600720,中交设计,5.0,4.99,5.0,4.93,4.91,5.04,4.85,10435456.0,51844036.0,1.42,0.07
600721,百花医药,6.8,6.79,6.8,6.55,6.49,6.88,6.38,14040601.0,94661293.0,3.817,0.25
600722,金牛化工,8.04,8.04,8.05,7.78,7.57,8.29,7.43,56313590.0,449358410.0,3.342,0.26
600724,宁波富达,5.43,5.42,5.43,5.28,5.3,5.64,5.24,16614602.0,91162512.0,2.841,0.15
600725,云维股份,3.19,3.18,3.19,3.14,3.11,3.27,3.06,20479459.0,65233916.0,1.592,0.05
600726,华电能源,6.2,6.2,6.21,6.06,6.07,6.63,6.04,218567400.0,1392542140.0,2.31,0.14
600727,鲁北化工,6.81,6.81,6.84,6.7,6.7,7.0,6.65,24558014.0,168565494.0,1.642,0.11
600728,佳都科技,4.29,4.28,4.29,4.18,4.16,4.4,4.12,48712722.0,209742284.0,2.632,0.11
600729,重百集团,19.33,19.33,19.34,19.23,19.28,19.43,19.0,2173900.0,41852247.0,0.52,0.1
600730,*ST高科,10.35,10.35,10.36,10.61,10.41,10.75,10.35,9859500.0,103916533.0,-2.451,-0.26
600731,湖南海利,5.53,5.52,5.53,5.2,5.16,5.55,5.11,14068123.0,76146774.0,6.346,0.33
600732,爱旭股份,11.91,11.91,11.92,11.86,11.84,12.45,11.75,31156055.0,378614773.0,0.422,0.05
600733,北汽蓝谷,4.83,4.83,4.84,4.64,4.63,4.94,4.59,130828505.0,630973571.0,4.095,0.19
600734,*ST实达,1.73,1.73,1.74,1.76,1.73,1.76,1.68,48179601.0,83389180.0,-1.705,-0.03
600735,ST新华锦,6.3,6.29,6.3,6.28,6.23,6.37,6.22,5534100.0,34825869.0,0.318,0.02
600736,XD苏州高,6.97,6.97,6.98,6.8,6.76,7.11,6.7,45025405.0,313583115.0,2.5,0.17
600737,中粮糖业,12.28,12.27,12.28,11.48,11.46,12.54,11.26,45649913.0,548781290.0,6.969,0.8
600738,丽尚国潮,3.78,3.77,3.78,3.7,3.65,3.84,3.62,11112200.0,41749825.0,2.162,0.08
600739,辽宁成大,10.1,10.09,10.1,10.06,10.03,10.19,9.88,16890001.0,169844306.0,0.398,0.04
600740,山西焦化,3.34,3.34,3.35,3.29,3.24,3.4,3.2,32843075.0,108878534.0,1.52,0.05
600741,华域汽车,15.96,15.95,15.96,15.79,15.8,16.13,15.62,14260241.0,227015884.0,1.077,0.17
600742,富维股份,7.23,7.23,7.24,7.07,7.06,7.28,6.98,5334206.0,38215100.0,2.263,0.16
600743,华远控股,2.14,2.14,2.15,2.1,2.08,2.21,2.06,40920902.0,88392570.0,1.905,0.04
600744,华银电力,5.57,5.57,5.58,5.49,5.48,5.7,5.43,62611790.0,350091202.0,1.457,0.08
600745,*ST闻泰,20.84,20.83,20.84,19.31,19.4,21.24,18.74,113967896.0,2294426650.0,7.923,1.53
600746,江苏索普,5.27,5.27,5.28,5.18,5.18,5.36,5.06,13132400.0,68979700.0,1.737,0.09
600748,上实发展,3.7,3.69,3.7,3.57,3.56,3.79,3.5,20031689.0,73795707.0,3.641,0.13
600749,西藏旅游,14.85,14.85,14.86,14.65,14.38,14.95,13.55,16319500.0,236790632.0,1.365,0.2
600750,华润江中,23.53,23.53,23.58,23.7,23.63,23.99,23.36,3227059.0,76131694.0,-0.717,-0.17
600751,海航科技,2.84,2.84,2.85,2.79,2.78,2.9,2.75,31691400.0,90312025.0,1.792,0.05
600753,ST海钦,11.2,11.16,11.2,11.35,11.3,11.42,11.1,1520820.0,17066272.0,-1.322,-0.15
600754,锦江酒店,18.07,18.07,18.08,17.78,17.73,18.3,17.53,12087901.0,218108989.0,1.631,0.29
600755,厦门国贸,5.95,5.94,5.95,6.07,6.04,6.04,5.89,20181084.0,120163229.0,-1.977,-0.12
600756,浪潮软件,13.91,13.9,13.91,13.72,13.48,14.25,13.1,29102340.0,399716495.0,1.385,0.19
600757,长江传媒,7.41,7.41,7.42,7.38,7.36,7.46,7.3,6748910.0,49942444.0,0.407,0.03
600758,辽宁能源,3.07,3.06,3.07,2.93,2.9,3.14,2.88,66966100.0,204259794.0,4.778,0.14
600759,ST洲际,2.52,2.51,2.52,2.46,2.26,2.58,2.26,384952598.0,909507199.0,2.439,0.06
600760,中航沈飞,40.35,40.34,40.35,39.75,39.53,41.35,39.25,22686437.0,916372353.0,1.509,0.6
600761,安徽合力,16.3,16.3,16.31,16.1,16.13,16.45,15.93,8525753.0,138740581.0,1.242,0.2
600763,通策医疗,34.34,34.34,34.35,33.87,33.74,35.06,33.26,9541264.0,328318541.0,1.388,0.47
600764,中国海防,18.26,18.26,18.27,17.66,17.56,18.78,17.42,7734681.0,140997577.0,3.398,0.6
600765,中航重机,13.26,13.25,13.26,12.96,12.93,13.7,12.76,30808203.0,411211992.0,2.315,0.3
600768,宁波富邦,15.21,15.21,15.22,14.97,14.98,15.35,14.61,4183801.0,63018967.0,1.603,0.24
600769,祥龙电业,17.62,17.61,17.62,17.5,17.78,18.5,17.52,15656400.0,280438646.0,0.686,0.12
600770,综艺股份,6.62,6.62,6.63,6.64,6.62,6.82,6.54,93261231.0,625331264.0,-0.301,-0.02
600771,广誉远,14.23,14.23,14.24,13.76,13.73,14.68,13.5,12620170.0,178673384.0,3.416,0.47
600773,西藏城投,12.2,12.19,12.2,13.41,13.31,13.8,12.12,65009125.0,817552681.0,-9.023,-1.21
600774,汉商集团,6.54,6.54,6.58,6.35,6.35,6.72,6.24,5679400.0,37243964.0,2.992,0.19
600775,南京熊猫,9.38,9.37,9.38,9.07,9.06,9.6,8.97,24051315.0,224824616.0,3.418,0.31
600776,东方通信,12.99,12.98,12.99,12.5,12.45,13.4,12.43,26745832.0,347841353.0,3.92,0.49
600777,新潮能源,4.14,4.13,4.14,4.22,4.11,4.17,4.05,28822600.0,118496438.0,-1.896,-0.08
600778,友好集团,5.06,5.05,5.06,4.92,4.86,5.15,4.79,8811828.0,44305244.0,2.846,0.14
600779,水井坊,27.6,27.6,27.61,26.61,26.74,27.87,26.3,4994933.0,136746117.0,3.72,0.99
600780,通宝能源,5.81,5.81,5.82,5.75,5.76,5.87,5.68,9868980.0,57241483.0,1.043,0.06
600782,新钢股份,2.6,2.6,2.61,2.53,2.53,2.62,2.48,51026868.0,131142001.0,2.767,0.07
600783,鲁信创投,19.95,19.95,19.96,19.37,18.95,21.18,18.65,43451776.0,871757733.0,2.994,0.58
600784,鲁银投资,7.45,7.44,7.45,7.63,7.56,7.67,7.39,12191228.0,91897916.0,-2.359,-0.18
600785,新华百货,9.51,9.5,9.51,9.4,9.35,9.83,9.24,7701260.0,74169222.0,1.17,0.11
600787,中储股份,4.4,4.4,4.41,4.33,4.33,4.44,4.28,22473725.0,98579623.0,1.617,0.07
600789,鲁抗医药,6.93,6.92,6.93,6.76,6.73,7.01,6.63,29944336.0,206289924.0,2.515,0.17
600790,轻纺城,3.27,3.26,3.27,3.19,3.19,3.31,3.15,13435496.0,43644027.0,2.508,0.08
600791,京能置业,8.25,8.25,8.26,7.99,8.19,8.38,7.81,24048090.0,196203018.0,3.254,0.26
600792,云煤能源,3.3,3.29,3.3,3.22,3.18,3.37,3.13,25455702.0,83670848.0,2.484,0.08
600793,宜宾纸业,16.44,16.43,16.44,16.67,16.87,17.62,15.83,17996004.0,299155539.0,-1.38,-0.23
600794,保税科技,3.01,3.01,3.02,2.96,2.94,3.06,2.91,12859302.0,38611732.0,1.689,0.05
600795,国电电力,4.76,4.76,4.77,4.73,4.72,4.78,4.66,159062903.0,752640189.0,0.634,0.03
600796,钱江生化,4.79,4.78,4.79,4.65,4.63,4.84,4.58,7840990.0,37208491.0,3.011,0.14
600797,XD浙大网,6.48,6.48,6.49,6.3,6.25,6.66,6.17,28461187.0,184812934.0,2.857,0.18
600798,宁波海运,3.07,3.06,3.07,3.03,3.02,3.1,3.0,11303801.0,34585874.0,1.32,0.04
600800,渤海化学,3.21,3.21,0.0,2.92,2.94,3.21,2.88,46044542.0,144306986.0,9.932,0.29
600801,华新建材,17.2,17.2,17.21,16.9,17.03,17.29,16.54,16234966.0,277321970.0,1.775,0.3
600802,福建水泥,4.27,4.27,4.28,4.13,4.1,4.36,4.03,9904812.0,42009696.0,3.39,0.14
600803,新奥股份,15.5,15.5,15.52,15.42,15.4,15.66,15.15,9062733.0,139797602.0,0.519,0.08
600805,悦达投资,4.23,4.22,4.23,4.1,4.09,4.26,4.04,8621933.0,36109544.0,3.171,0.13
600807,济高发展,2.43,2.43,2.44,2.34,2.35,2.47,2.28,20640300.0,49729001.0,3.846,0.09
600808,马钢股份,2.45,2.45,2.46,2.4,2.4,2.5,2.33,85051721.0,207445944.0,2.083,0.05
600809,山西汾酒,110.3,110.3,110.34,105.08,105.0,111.3,103.64,18416049.0,2003136325.0,4.968,5.22
600810,神马股份,5.82,5.82,5.83,5.78,5.79,5.94,5.66,11835000.0,69074919.0,0.692,0.04
600812,华北制药,4.61,4.6,4.61,4.51,4.49,4.64,4.41,25216001.0,115164165.0,2.217,0.1
600814,杭州解百,6.4,6.39,6.4,6.24,6.26,6.46,6.18,6985324.0,44458758.0,2.564,0.16
600815,厦工股份,2.63,2.62,2.63,2.55,2.57,2.69,2.5,47312900.0,124020235.0,3.137,0.08
600816,建元信托,2.44,2.44,2.45,2.43,2.41,2.49,2.39,69747368.0,170808490.0,0.412,0.01
600817,宇通重工,9.1,9.09,9.1,9.04,9.0,9.18,8.91,1562142.0,14213322.0,0.664,0.06
600818,ST中路,5.71,5.7,5.71,5.71,5.68,5.87,5.62,6585000.0,37811526.0,0.0,0.0
600819,耀皮玻璃,5.38,5.37,5.38,5.33,5.33,5.45,5.28,6408200.0,34487965.0,0.938,0.05
600820,隧道股份,5.39,5.39,5.4,5.37,5.36,5.42,5.31,15789084.0,84860369.0,0.372,0.02
600821,金开新能,6.11,6.11,0.0,5.55,5.6,6.11,5.49,93625745.0,555091511.0,10.09,0.56
600822,上海物贸,7.96,7.95,7.96,7.75,7.85,8.09,7.65,3953000.0,31435903.0,2.71,0.21
600824,益民集团,3.48,3.47,3.48,3.41,3.4,3.52,3.35,9660100.0,33435509.0,2.053,0.07
600825,新华传媒,4.91,4.9,4.91,4.84,4.78,5.02,4.71,18105801.0,88811362.0,1.446,0.07
600826,兰生股份,9.0,9.0,9.01,9.02,9.02,9.12,8.78,7133765.0,64096980.0,-0.222,-0.02
600827,百联股份,7.57,7.57,7.58,7.47,7.48,7.62,7.38,9412568.0,70809228.0,1.339,0.1
600828,茂业商业,3.63,3.63,3.64,3.49,3.49,3.7,3.46,26916757.0,97383224.0,4.011,0.14
600829,人民同泰,8.16,8.16,8.17,7.97,7.92,8.25,7.84,7112700.0,57766832.0,2.384,0.19
600830,香溢融通,8.06,8.06,8.07,7.97,7.98,8.19,7.88,3657700.0,29515833.0,1.129,0.09
600831,广电网络,3.13,3.13,3.14,3.05,3.01,3.2,2.95,16963812.0,53184803.0,2.623,0.08
600833,第一医药,9.62,9.61,9.62,9.36,9.39,9.75,9.22,3199400.0,30572164.0,2.778,0.26
600834,申通地铁,6.76,6.76,6.78,6.67,6.63,6.85,6.59,1761200.0,11890789.0,1.349,0.09
600835,上海机电,21.48,21.48,21.49,21.61,21.67,21.96,21.23,7555589.0,163044087.0,-0.602,-0.13
600838,上海九百,7.06,7.06,7.1,7.04,7.02,7.32,6.92,13344170.0,95539419.0,0.284,0.02
600839,四川长虹,6.83,6.83,6.84,6.6,6.6,6.99,6.51,135867005.0,929862066.0,3.485,0.23
600841,动力新科,6.34,6.32,6.34,6.18,6.21,6.52,6.01,17789702.0,112409138.0,2.589,0.16
600843,上工申贝,7.36,7.35,7.36,7.23,7.15,7.53,7.05,13065169.0,95882132.0,1.798,0.13
600844,金煤科技,2.53,2.53,2.54,2.48,2.45,2.58,2.4,30730100.0,77358490.0,2.016,0.05
600845,宝信软件,20.0,20.0,20.01,20.19,19.82,20.39,19.5,33527736.0,668578268.0,-0.941,-0.19
600846,同济科技,11.31,11.31,11.33,11.43,11.3,11.5,11.2,4536900.0,51600645.0,-1.05,-0.12
600847,万里股份,12.41,12.41,12.42,12.34,12.35,12.74,12.11,1919600.0,23944674.0,0.567,0.07
600848,上海临港,7.71,7.71,7.72,7.52,7.53,7.75,7.44,7800643.0,59653528.0,2.527,0.19
600850,电科数字,15.5,15.5,15.51,14.99,14.91,15.53,14.76,17302619.0,265002029.0,3.402,0.51
600851,海欣股份,8.78,8.78,8.79,8.71,8.4,8.99,8.4,28833677.0,253319254.0,0.804,0.07
600853,龙建股份,3.13,3.12,3.13,3.03,3.03,3.16,2.98,13088276.0,40566839.0,3.3,0.1
600854,春兰股份,4.2,4.19,4.2,4.09,4.09,4.26,4.04,8932100.0,37320976.0,2.689,0.11
600855,航天长峰,13.82,13.82,13.83,13.01,13.0,14.31,12.73,26734224.0,369774895.0,6.226,0.81
600857,宁波中百,20.19,20.18,20.19,19.4,19.49,21.34,19.05,13025251.0,270442622.0,4.072,0.79
600858,银座股份,4.59,4.59,4.6,4.47,4.44,4.67,4.38,9053900.0,41342355.0,2.685,0.12
600859,王府井,9.53,9.53,9.54,9.28,9.27,9.67,9.22,21873987.0,207849677.0,2.694,0.25
600860,京城股份,8.2,8.2,8.21,8.05,8.04,8.37,7.92,7310500.0,59996302.0,1.863,0.15
600861,北京人力,12.57,12.57,12.58,12.6,12.52,12.65,12.34,1801866.0,22534953.0,-0.238,-0.03
600862,中航高科,19.63,19.63,19.64,19.69,19.57,20.87,19.38,46456794.0,933123256.0,-0.305,-0.06
600863,华能蒙电,4.77,4.76,4.77,4.49,4.47,4.84,4.4,261567607.0,1222072868.0,6.236,0.28
600864,哈投股份,5.25,5.25,5.26,5.28,5.25,5.32,5.13,28487994.0,148958881.0,-0.568,-0.03
600865,百大集团,8.46,8.46,8.47,8.18,8.18,8.63,8.1,8898100.0,75171825.0,3.423,0.28
600866,星湖科技,4.6,4.6,4.61,4.53,4.51,4.65,4.44,16476754.0,75281377.0,1.545,0.07
600867,通化东宝,8.11,8.11,8.12,7.96,7.97,8.2,7.83,32210267.0,259749774.0,1.884,0.15
600868,梅雁吉祥,2.53,2.53,2.54,2.44,2.44,2.61,2.4,62131038.0,157145794.0,3.689,0.09
600869,XD远东股,22.38,22.38,22.39,23.08,23.5,24.73,22.25,122068437.0,2876941235.0,-3.033,-0.7
600871,石化油服,2.1,2.1,2.11,2.06,2.02,2.13,1.99,224927585.0,467979730.0,1.942,0.04
600872,XD中炬高,17.8,17.8,17.81,17.55,17.39,17.91,17.22,16649522.0,293719763.0,1.425,0.25
600873,梅花生物,8.06,8.06,8.07,8.13,8.13,8.19,8.01,17004544.0,137792991.0,-0.861,-0.07
600874,创业环保,5.55,5.54,5.55,5.49,5.47,5.57,5.41,9552701.0,52615686.0,1.093,0.06
600875,东方电气,28.14,28.14,28.15,27.87,28.25,29.33,28.04,56059722.0,1605245499.0,0.969,0.27
600876,凯盛新能,6.89,6.88,6.89,6.77,6.73,7.07,6.66,5871608.0,40689546.0,1.773,0.12
600877,电科芯片,16.93,16.93,16.94,17.1,17.0,17.68,16.65,59627419.0,1025506080.0,-0.994,-0.17
600879,XD航天电,23.29,23.29,0.0,21.17,21.18,23.29,20.07,262189285.0,5817465442.0,10.014,2.12
600880,博瑞传播,3.9,3.9,3.91,3.72,3.71,4.01,3.66,32956765.0,127969411.0,4.839,0.18
600881,亚泰集团,1.5,1.49,1.5,1.46,1.46,1.51,1.45,40628485.0,60502014.0,2.74,0.04
600882,妙可蓝多,19.38,19.37,19.38,19.63,19.38,19.7,18.93,13628131.0,263959928.0,-1.274,-0.25
600883,博闻科技,7.05,7.05,7.06,6.85,6.84,7.19,6.78,5104364.0,35899611.0,2.92,0.2
600884,杉杉股份,11.76,11.76,11.77,11.94,12.0,12.07,11.6,63693369.0,756492877.0,-1.508,-0.18
600885,宏发股份,34.7,34.7,34.71,36.23,36.5,36.92,34.4,21671265.0,771109489.0,-4.223,-1.53
600886,国投电力,13.73,13.73,13.74,13.73,13.65,13.79,13.45,33267947.0,453406932.0,0.0,0.0
600887,伊利股份,24.88,24.87,24.88,24.85,24.8,24.9,24.38,70410517.0,1738990123.0,0.121,0.03
600888,新疆众和,11.75,11.74,11.75,12.17,12.3,12.53,11.75,69673435.0,842156361.0,-3.451,-0.42
600889,*ST京化,15.77,15.76,15.77,15.83,15.9,15.94,15.69,2390200.0,37802948.0,-0.379,-0.06
600892,大晟文化,3.37,3.37,3.38,3.45,3.5,3.5,3.29,20497252.0,69331860.0,-2.319,-0.08
600893,航发动力,35.77,35.76,35.77,35.75,35.7,37.61,35.25,53813071.0,1963673938.0,0.056,0.02
600894,广日股份,7.54,7.53,7.54,7.46,7.48,7.63,7.41,4244100.0,32016921.0,1.072,0.08
600895,张江高科,35.17,35.16,35.17,35.02,35.34,37.11,35.08,54034033.0,1954448876.0,0.428,0.15
600897,厦门空港,14.67,14.67,14.68,14.53,14.8,14.8,14.45,1542706.0,22609710.0,0.964,0.14
600900,长江电力,28.03,28.02,28.03,27.77,27.75,28.12,27.6,147074295.0,4103252830.0,0.936,0.26
600901,江苏金租,5.96,5.95,5.96,6.11,6.12,6.13,5.93,32742090.0,196204684.0,-2.455,-0.15
600903,贵州燃气,6.19,6.19,6.2,6.18,6.18,6.26,6.07,22544320.0,139710425.0,0.162,0.01
600905,三峡能源,3.74,3.73,3.74,3.68,3.69,3.75,3.65,105177774.0,390488726.0,1.63,0.06
600906,财达证券,7.12,7.12,7.13,7.36,7.3,7.32,7.11,64525524.0,464457703.0,-3.261,-0.24
600908,无锡银行,5.18,5.18,5.2,5.18,5.18,5.21,5.11,12929500.0,66776046.0,0.0,0.0
600909,华安证券,9.43,9.43,9.44,10.1,10.2,10.39,9.42,391226349.0,3854871774.0,-6.634,-0.67
600916,中国黄金,7.12,7.12,7.13,7.02,6.99,7.2,6.89,29610447.0,209507315.0,1.425,0.1
600917,重庆燃气,4.78,4.78,4.79,4.75,4.74,4.81,4.69,3182100.0,15168302.0,0.632,0.03
600918,中泰证券,5.3,5.3,5.31,5.37,5.34,5.36,5.23,32894620.0,174355387.0,-1.304,-0.07
600919,XD江苏银,11.08,11.08,11.09,11.14,11.2,11.24,11.05,100638423.0,1120171094.0,-0.539,-0.06
600925,苏能股份,4.29,4.28,4.29,4.26,4.27,4.31,4.2,9011000.0,38444028.0,0.704,0.03
600926,杭州银行,15.14,15.14,15.15,15.22,15.25,15.25,15.03,37144115.0,561747230.0,-0.526,-0.08
600927,永安期货,12.93,12.93,12.94,12.75,12.8,13.06,12.62,5348008.0,68736226.0,1.412,0.18
600928,XD西安银,3.43,3.42,3.43,3.38,3.4,3.44,3.35,21573079.0,73436458.0,1.479,0.05
600929,雪天盐业,4.64,4.64,4.65,4.61,4.59,4.72,4.55,17614601.0,81703591.0,0.651,0.03
600930,华电新能,4.68,4.68,4.69,4.62,4.62,4.74,4.55,69665620.0,325235185.0,1.299,0.06
600933,爱柯迪,13.86,13.86,13.87,13.51,13.5,14.17,13.49,14450989.0,200437986.0,2.591,0.35
600935,华塑股份,2.24,2.23,2.24,2.2,2.19,2.25,2.18,17974200.0,39906140.0,1.818,0.04
600936,北投科技,4.6,4.6,4.61,4.56,4.53,4.7,4.46,60978256.0,282669746.0,0.877,0.04
600938,XD中国海,28.15,28.15,28.16,27.87,27.5,28.4,27.5,50112154.0,1400957333.0,1.005,0.28
600939,重庆建工,2.55,2.54,2.55,2.45,2.45,2.59,2.41,15057298.0,37977145.0,4.082,0.1
600941,中国移动,89.98,89.98,89.99,88.71,88.71,90.0,88.0,10540106.0,940676263.0,1.432,1.27
600955,维远股份,14.57,14.57,14.58,14.47,14.4,14.79,14.13,4210883.0,61174188.0,0.691,0.1
600956,新天绿能,6.87,6.87,6.88,6.76,6.77,6.93,6.6,10323000.0,70295211.0,1.627,0.11
600958,东方证券,9.12,9.12,9.13,9.27,9.24,9.25,9.1,70071932.0,640816396.0,-1.618,-0.15
600959,江苏有线,3.0,3.0,3.01,2.93,2.93,3.05,2.89,46662703.0,139557869.0,2.389,0.07
600960,渤海汽车,3.9,3.89,3.9,3.93,3.9,4.0,3.83,18514408.0,72560037.0,-0.763,-0.03
600961,株冶集团,26.52,26.51,26.52,27.65,27.58,28.05,26.28,61482377.0,1666237878.0,-4.087,-1.13
600962,国投中鲁,24.63,24.63,24.7,23.59,23.85,25.95,23.61,16264825.0,412284036.0,4.409,1.04
600963,岳阳林纸,3.07,3.07,3.08,3.04,3.09,3.14,2.96,64391811.0,197155088.0,0.987,0.03
600965,*ST福成,2.73,2.72,2.73,2.65,2.68,2.73,2.59,5245100.0,14013098.0,3.019,0.08
600966,博汇纸业,4.9,4.9,4.91,4.91,4.93,4.99,4.82,14671915.0,71942442.0,-0.204,-0.01
600967,内蒙一机,10.92,10.91,10.92,10.55,10.51,11.17,10.42,26831887.0,292395325.0,3.507,0.37
600968,海油发展,3.48,3.48,3.49,3.48,3.42,3.53,3.35,46767700.0,162040513.0,0.0,0.0
600969,郴电国际,7.43,7.42,7.43,7.28,7.28,7.57,7.18,6664357.0,49577704.0,2.06,0.15
600970,中材国际,7.24,7.24,7.25,7.15,7.15,7.33,7.06,20472361.0,147755660.0,1.259,0.09
600971,恒源煤电,7.03,7.03,7.04,7.05,7.01,7.14,6.9,10878159.0,76470384.0,-0.284,-0.02
600973,宝胜股份,6.27,6.27,6.28,6.13,6.06,6.34,6.06,22983377.0,142609013.0,2.284,0.14
600975,新五丰,5.17,5.17,5.18,4.94,4.9,5.17,4.79,25745200.0,130098819.0,4.656,0.23
600976,健民集团,27.61,27.61,27.7,27.2,27.15,27.79,26.62,3176888.0,86948027.0,1.507,0.41
600977,中国电影,13.88,13.88,13.89,13.75,13.75,14.35,13.52,76406312.0,1071126744.0,0.945,0.13
600979,广安爱众,3.78,3.78,3.79,3.69,3.69,3.85,3.64,27235170.0,102550590.0,2.439,0.09
600980,北矿科技,17.32,17.32,17.33,17.17,17.0,17.74,16.9,2982700.0,51917344.0,0.874,0.15
600981,苏豪汇鸿,2.27,2.27,2.28,2.21,2.19,2.35,2.16,34520737.0,78680488.0,2.715,0.06
600982,宁波能源,4.65,4.64,4.65,4.57,4.55,4.72,4.53,22538100.0,104922877.0,1.751,0.08
600983,惠而浦,7.21,7.21,7.22,7.16,7.14,7.36,7.06,2661550.0,19254884.0,0.698,0.05
600984,建设机械,3.83,3.82,3.83,3.87,3.87,4.04,3.82,42067520.0,165124265.0,-1.034,-0.04
600985,淮北矿业,13.97,13.96,13.97,14.19,13.91,14.27,13.75,19593700.0,273984567.0,-1.55,-0.22
600986,浙文互联,7.0,6.99,7.0,6.55,6.55,7.21,6.42,142900601.0,1003665694.0,6.87,0.45
600987,航民股份,6.37,6.37,6.38,6.4,6.37,6.42,6.3,4754558.0,30259014.0,-0.469,-0.03
600988,赤峰黄金,32.84,32.84,32.85,31.35,31.81,33.64,30.45,86180698.0,2781976823.0,4.753,1.49
600989,宝丰能源,20.32,20.31,20.32,20.1,19.85,20.64,19.6,77503657.0,1567722109.0,1.095,0.22
600990,四创电子,19.26,19.26,19.27,19.16,19.08,19.8,18.73,11831642.0,228687280.0,0.522,0.1
600992,贵绳股份,10.65,10.65,0.0,9.68,9.78,10.65,9.78,17226134.0,177555040.0,10.021,0.97
600993,马应龙,23.25,23.25,23.26,23.8,23.65,23.77,23.12,7708440.0,179802138.0,-2.311,-0.55
600995,南网储能,11.98,11.98,11.99,11.69,11.81,12.16,11.81,19848689.0,238740657.0,2.481,0.29
600996,贵广网络,6.47,6.46,6.47,6.06,6.08,6.65,5.96,44302725.0,283129962.0,6.766,0.41
600997,开滦股份,5.01,5.01,5.04,5.01,5.01,5.07,4.87,7290000.0,36420536.0,0.0,0.0
600998,九州通,5.01,5.0,5.01,5.0,5.0,5.03,4.91,30611093.0,152398072.0,0.2,0.01
600999,招商证券,20.56,20.56,20.57,21.75,21.54,21.59,20.54,145334070.0,3055926482.0,-5.471,-1.19
601000,唐山港,4.16,4.16,4.17,4.2,4.18,4.21,4.13,24559996.0,102398850.0,-0.952,-0.04
601001,晋控煤业,17.08,17.08,17.09,17.77,17.39,17.5,16.66,24102500.0,413158563.0,-3.883,-0.69
601002,晋亿实业,4.41,4.41,4.42,4.3,4.3,4.48,4.25,11133453.0,48816890.0,2.558,0.11
601003,柳钢股份,3.41,3.41,3.42,3.33,3.33,3.46,3.26,19995801.0,67870921.0,2.402,0.08
601005,重庆钢铁,1.18,1.17,1.18,1.16,1.16,1.19,1.15,96529801.0,113274412.0,1.724,0.02
601006,XD大秦铁,4.68,4.67,4.68,4.67,4.69,4.71,4.62,110499500.0,515797817.0,0.214,0.01
601007,金陵饭店,6.23,6.23,6.24,6.08,6.08,6.32,6.01,5290699.0,32862429.0,2.467,0.15
601008,连云港,4.16,4.15,4.16,4.12,4.12,4.19,4.06,5767866.0,23920927.0,0.971,0.04
601009,南京银行,10.64,10.63,10.64,10.64,10.64,10.72,10.5,43382365.0,459767602.0,0.0,0.0
601010,ST文峰,1.69,1.68,1.69,1.66,1.62,1.73,1.57,48344478.0,80062512.0,1.807,0.03
601011,宝泰隆,2.65,2.64,2.65,2.56,2.53,2.72,2.5,43247527.0,113866449.0,3.516,0.09
601012,隆基绿能,12.11,12.1,12.11,11.83,11.89,12.42,11.8,137675099.0,1668151008.0,2.367,0.28
601015,陕西黑猫,3.04,3.03,3.04,2.91,2.88,3.1,2.83,59496196.0,178046767.0,4.467,0.13
601016,节能风电,3.44,3.43,3.44,3.37,3.37,3.49,3.34,174881670.0,600736403.0,2.077,0.07
601018,宁波港,3.28,3.28,3.29,3.26,3.26,3.31,3.23,48345603.0,158282170.0,0.613,0.02
601019,山东出版,6.89,6.89,6.9,6.84,6.84,6.92,6.74,6627400.0,45407557.0,0.731,0.05
601020,XD华钰矿,20.8,20.8,20.81,20.84,21.0,21.52,20.54,21419024.0,448924530.0,-0.192,-0.04
601021,春秋航空,46.03,46.03,46.09,45.86,46.0,46.5,45.38,7683546.0,353507125.0,0.371,0.17
601022,宁波远洋,7.7,7.68,7.7,7.57,7.55,7.7,7.5,3961699.0,30221080.0,1.717,0.13
601026,道生天合,13.94,13.94,13.95,13.82,13.7,14.18,13.61,3602589.0,50245024.0,0.868,0.12
601033,永兴股份,13.33,13.33,13.35,13.38,13.41,13.43,13.15,4944677.0,65744981.0,-0.374,-0.05
601038,一拖股份,11.84,11.83,11.84,11.64,11.77,11.94,11.48,7213500.0,84748549.0,1.718,0.2
601058,赛轮轮胎,12.44,12.44,12.45,12.17,12.28,12.53,12.05,30278217.0,373803768.0,2.219,0.27
601059,信达证券,16.59,16.59,16.6,16.79,16.69,16.69,16.54,7145100.0,118626044.0,-1.191,-0.2
601061,中信金属,10.66,10.65,10.66,10.67,10.72,10.88,10.62,12741284.0,136916309.0,-0.094,-0.01
601065,江盐集团,6.8,6.8,6.81,6.74,6.73,6.86,6.65,3565400.0,24142763.0,0.89,0.06
601066,中信建投,27.25,27.24,27.25,29.3,29.04,29.06,27.24,72452260.0,2043485666.0,-6.997,-2.05
601068,中铝国际,4.28,4.28,4.29,4.2,4.13,4.37,4.13,13895600.0,59520496.0,1.905,0.08
601069,西部黄金,24.9,24.9,24.91,24.65,24.76,25.8,23.91,26725915.0,664832349.0,1.014,0.25
601077,渝农商行,6.3,6.29,6.3,6.37,6.33,6.4,6.26,54548957.0,343802525.0,-1.099,-0.07
601083,锦江航运,10.25,10.25,10.26,10.24,10.25,10.3,10.14,3372700.0,34486368.0,0.098,0.01
601086,国芳集团,6.9,6.89,6.9,6.68,6.68,7.0,6.61,9368000.0,64490055.0,3.293,0.22
601088,中国神华,42.04,42.03,42.04,42.13,41.89,42.16,41.45,30245890.0,1265554003.0,-0.214,-0.09
601089,福元医药,17.3,17.3,17.31,16.86,16.75,17.84,16.5,4963600.0,85557136.0,2.61,0.44
601096,宏盛华源,4.14,4.14,4.15,4.08,4.08,4.22,4.03,26638804.0,110438793.0,1.471,0.06
601098,XD中南传,9.82,9.82,9.83,9.82,9.83,9.99,9.74,8439693.0,83265322.0,0.0,0.0
601099,太平洋,3.4,3.4,3.41,3.43,3.42,3.44,3.36,94119931.0,320021174.0,-0.875,-0.03
601100,XD恒立液,111.01,111.01,111.05,107.14,107.82,113.49,106.84,9950990.0,1099966172.0,3.612,3.87
601101,昊华能源,10.58,10.57,10.58,11.3,10.82,11.1,10.51,42234106.0,455229323.0,-6.372,-0.72
601106,中国一重,3.06,3.06,3.07,3.0,3.0,3.16,2.95,94496516.0,289571084.0,2.0,0.06
601107,四川成渝,5.19,5.19,5.2,5.18,5.17,5.2,5.13,9529189.0,49271521.0,0.193,0.01
601108,财通证券,8.53,8.53,8.54,8.72,8.81,8.96,8.5,84925990.0,739708304.0,-2.179,-0.19
601111,中国国航,6.0,5.99,6.0,5.93,5.93,6.03,5.87,68056196.0,405979918.0,1.18,0.07
601112,振石股份,15.88,15.87,15.88,15.9,15.82,16.15,15.82,4848026.0,77598401.0,-0.126,-0.02
601113,华鼎股份,3.24,3.24,3.25,3.21,3.21,3.31,3.17,11238300.0,36540741.0,0.935,0.03
601116,三江购物,9.95,9.95,9.96,9.68,9.61,10.14,9.61,11772200.0,117616750.0,2.789,0.27
601117,中国化学,7.39,7.39,7.4,7.32,7.3,7.47,7.21,66923567.0,492082177.0,0.956,0.07
601118,海南橡胶,4.94,4.94,4.95,4.84,4.82,5.04,4.75,48507711.0,238860854.0,2.066,0.1
601121,宝地矿业,6.42,6.42,6.43,6.4,6.25,6.52,6.24,31816025.0,202868518.0,0.312,0.02
601126,四方股份,54.55,54.54,54.55,56.0,56.1,57.2,54.49,21601151.0,1206592562.0,-2.589,-1.45
601127,赛力斯,59.9,59.9,59.91,58.97,58.74,61.39,58.11,32148192.0,1933126190.0,1.577,0.93
601128,常熟银行,6.05,6.05,6.06,6.02,6.02,6.06,5.97,28464567.0,171432281.0,0.498,0.03
601133,柏诚股份,36.07,36.07,36.08,35.55,35.55,38.61,34.98,42436854.0,1568728893.0,1.463,0.52
601136,首创证券,14.15,14.15,14.16,14.3,14.2,14.35,14.04,9910515.0,140506090.0,-1.049,-0.15
601137,博威合金,19.14,19.14,19.16,19.32,19.76,20.36,19.1,24885294.0,490649815.0,-0.932,-0.18
601138,工业富联,66.27,66.26,66.27,69.53,71.0,71.0,66.2,208238407.0,14277350494.0,-4.689,-3.26
601139,深圳燃气,5.86,5.85,5.86,5.89,5.87,5.89,5.77,16908900.0,98531119.0,-0.509,-0.03
601155,新城控股,10.83,10.83,10.84,10.66,10.72,11.03,10.4,18026231.0,194921400.0,1.595,0.17
601156,东航物流,16.46,16.46,16.5,16.42,16.68,16.71,16.13,8590723.0,141725407.0,0.244,0.04
601158,重庆水务,4.06,4.05,4.06,4.04,4.08,4.08,4.0,4393450.0,17743504.0,0.495,0.02
601162,天风证券,3.72,3.72,3.73,3.8,3.74,3.77,3.65,301286173.0,1116992133.0,-2.105,-0.08
601163,XD三角轮,12.93,12.9,12.93,12.82,12.9,13.01,12.77,2922998.0,37711848.0,0.858,0.11
601166,兴业银行,17.33,17.33,17.34,17.19,17.18,17.35,17.1,95555075.0,1649227548.0,0.814,0.14
601168,西部矿业,30.44,30.43,30.44,28.99,30.38,31.39,30.08,65527965.0,2009955107.0,5.002,1.45
601169,XD北京银,4.9,4.89,4.9,4.83,4.87,4.91,4.84,147935999.0,720985559.0,1.449,0.07
601177,杭齿前进,13.82,13.81,13.82,13.16,13.18,13.98,13.17,16610356.0,224796604.0,5.015,0.66
601179,中国西电,13.42,13.42,13.43,13.31,13.32,13.74,13.12,123713774.0,1667555443.0,0.826,0.11
601186,中国铁建,6.17,6.17,6.18,6.1,6.09,6.2,6.05,49771952.0,305996572.0,1.148,0.07
601187,厦门银行,7.08,7.08,7.09,6.93,6.96,7.09,6.85,19037227.0,132678998.0,2.165,0.15
601188,龙江交通,2.83,2.83,2.84,2.77,2.76,2.85,2.74,11757100.0,33036527.0,2.166,0.06
601198,东兴证券,13.78,13.78,13.79,14.02,13.97,13.98,13.75,22476588.0,310681972.0,-1.712,-0.24
601199,江南水务,5.83,5.83,5.84,6.05,6.08,6.09,5.82,28162837.0,166418825.0,-3.636,-0.22
601200,上海环境,6.83,6.83,6.84,6.78,6.78,6.89,6.72,7575017.0,51616207.0,0.737,0.05
601208,东材科技,54.61,54.61,54.65,58.38,58.9,60.66,54.61,66615807.0,3851865775.0,-6.458,-3.77
601211,国泰海通,18.3,18.3,18.31,18.87,18.85,18.86,18.24,145894884.0,2692662452.0,-3.021,-0.57
601212,白银有色,4.94,4.93,4.94,4.84,4.88,5.06,4.77,143719139.0,709734590.0,2.066,0.1
601216,君正集团,4.35,4.35,4.36,4.42,4.41,4.44,4.32,56942262.0,249243985.0,-1.584,-0.07
601218,吉鑫科技,4.19,4.18,4.19,4.08,4.07,4.29,4.02,26491800.0,110641193.0,2.696,0.11
601222,林洋能源,5.44,5.44,5.45,5.45,5.45,5.48,5.36,17617200.0,95738796.0,-0.183,-0.01
601225,陕西煤业,22.92,22.91,22.92,22.81,22.58,23.22,22.24,37585400.0,855517387.0,0.482,0.11
601226,华电科工,6.18,6.18,6.19,6.11,6.09,6.37,6.0,15639757.0,97413047.0,1.146,0.07
601228,广州港,2.95,2.94,2.95,2.92,2.91,2.96,2.88,28907768.0,84493365.0,1.027,0.03
601229,上海银行,8.91,8.9,8.91,8.95,8.95,9.01,8.87,46973282.0,418660021.0,-0.447,-0.04
601231,环旭电子,30.36,30.36,30.37,31.0,31.12,31.86,30.28,36032133.0,1125229125.0,-2.065,-0.64
601233,桐昆股份,20.66,20.66,20.67,21.02,21.02,21.13,20.44,36998146.0,768938920.0,-1.713,-0.36
601236,红塔证券,6.9,6.9,6.91,6.96,6.95,6.96,6.84,12456307.0,85996200.0,-0.862,-0.06
601238,广汽集团,5.19,5.19,5.2,5.1,5.1,5.28,5.03,37539828.0,194949973.0,1.765,0.09
601279,英利汽车,3.04,3.04,3.05,2.97,2.97,3.11,2.93,15396800.0,46915421.0,2.357,0.07
601288,农业银行,6.23,6.22,6.23,6.11,6.08,6.23,6.07,409298160.0,2524140732.0,1.964,0.12
601298,青岛港,8.1,8.1,8.11,8.06,8.03,8.14,7.97,14434900.0,116403036.0,0.496,0.04
601311,骆驼股份,7.6,7.6,7.61,7.59,7.59,7.68,7.48,11215629.0,85049570.0,0.132,0.01
601318,中国平安,49.48,49.48,49.49,49.49,49.47,49.97,48.97,76494557.0,3787725071.0,-0.02,-0.01
601319,中国人保,7.06,7.06,7.07,7.13,7.1,7.17,6.95,111222773.0,782266179.0,-0.982,-0.07
601326,秦港股份,3.27,3.26,3.27,3.26,3.25,3.28,3.19,18130200.0,58731183.0,0.307,0.01
601328,XD交通银,6.61,6.6,6.61,6.51,6.54,6.65,6.51,171067567.0,1126976726.0,1.536,0.1
601330,绿色动力,6.94,6.93,6.94,6.79,6.79,7.02,6.68,11833700.0,81697734.0,2.209,0.15
601333,广深铁路,2.93,2.93,2.94,2.94,2.94,2.96,2.91,50939600.0,149578238.0,-0.34,-0.01
601336,新华保险,62.98,62.97,62.98,62.52,61.85,63.3,61.4,25003919.0,1564784019.0,0.736,0.46
601339,百隆东方,7.26,7.26,7.27,7.24,7.22,7.33,7.1,13538244.0,97646751.0,0.276,0.02
601360,三六零,9.06,9.06,9.07,8.84,8.77,9.53,8.72,151333349.0,1383615968.0,2.489,0.22
601366,利群股份,3.44,3.44,3.45,3.33,3.32,3.47,3.28,12008000.0,40859737.0,3.303,0.11
601368,绿城水务,4.31,4.31,4.32,4.28,4.28,4.38,4.15,11200100.0,48003622.0,0.701,0.03
601369,陕鼓动力,9.05,0.0,0.0,9.05,0.0,0.0,0.0,0.0,0.0,0.0,0.0
601375,中原证券,4.03,4.03,4.04,4.08,4.07,4.07,4.0,42260707.0,170343272.0,-1.225,-0.05
601377,兴业证券,6.16,6.15,6.16,6.13,6.1,6.21,6.02,116141578.0,712102732.0,0.489,0.03
601388,怡球资源,2.84,2.84,2.85,2.81,2.81,2.9,2.76,41858239.0,119005115.0,1.068,0.03
601390,中国中铁,4.28,4.28,4.29,4.21,4.2,4.3,4.17,127208889.0,540558021.0,1.663,0.07
601398,工商银行,7.33,7.32,7.33,7.27,7.24,7.33,7.23,406838242.0,2963875395.0,0.825,0.06
601399,国机重装,3.22,3.22,3.23,3.14,3.15,3.32,3.1,108271691.0,349011927.0,2.548,0.08
601456,国联民生,8.87,8.87,8.88,8.9,8.86,8.9,8.75,17910579.0,158315614.0,-0.337,-0.03
601500,通用股份,3.82,3.82,3.83,3.78,3.78,3.87,3.75,11354320.0,43388499.0,1.058,0.04
601512,中新集团,7.93,7.92,7.93,7.78,7.8,8.01,7.7,2529079.0,19983477.0,1.928,0.15
601515,衢州东峰,3.11,3.11,3.12,3.1,3.09,3.2,3.06,17768059.0,55713626.0,0.323,0.01
601518,吉林高速,2.68,2.68,2.69,2.67,2.66,2.7,2.64,12760880.0,34098952.0,0.375,0.01
601519,大智慧,8.02,8.02,8.03,8.52,8.4,8.4,7.67,69934517.0,558314465.0,-5.869,-0.5
601528,瑞丰银行,4.56,4.55,4.56,4.57,4.56,4.59,4.52,12247230.0,55800849.0,-0.219,-0.01
601555,东吴证券,8.0,8.0,8.01,8.13,8.14,8.15,7.98,35879415.0,287811828.0,-1.599,-0.13
601566,九牧王,8.27,8.26,8.27,8.26,8.23,8.4,8.14,5990457.0,49808741.0,0.121,0.01
601567,三星电气,13.95,13.94,13.95,13.5,13.39,14.23,13.35,18258921.0,253616792.0,3.333,0.45
601568,北元化工,3.44,3.44,3.45,3.39,3.39,3.46,3.34,17889010.0,60964164.0,1.475,0.05
601577,长沙银行,8.95,8.94,8.95,8.92,8.94,8.99,8.87,14112384.0,126076787.0,0.336,0.03
601579,会稽山,14.74,14.74,14.75,14.42,14.51,15.05,14.26,5157822.0,76193723.0,2.219,0.32
601588,北辰实业,1.65,1.64,1.65,1.6,1.6,1.68,1.58,39279800.0,64480827.0,3.125,0.05
601595,上海电影,17.18,17.18,17.19,16.64,16.5,17.55,16.4,10987500.0,188815660.0,3.245,0.54
601598,中国外运,5.3,5.29,5.3,5.32,5.31,5.34,5.24,8736655.0,46282684.0,-0.376,-0.02
601599,浙文影业,2.93,2.92,2.93,2.86,2.86,2.97,2.81,22490400.0,65501587.0,2.448,0.07
601600,中国铝业,8.35,8.34,8.35,8.1,8.18,8.55,8.11,294424790.0,2456801767.0,3.086,0.25
601601,中国太保,29.62,29.61,29.62,29.29,29.29,30.02,28.83,51758344.0,1529810551.0,1.127,0.33
601606,长城军工,28.02,28.01,28.02,26.92,26.83,28.78,26.53,24758242.0,688167377.0,4.086,1.1
601607,上海医药,16.13,16.12,16.13,16.07,16.08,16.24,15.8,14126089.0,226641838.0,0.373,0.06
601608,中信重工,5.04,5.04,0.0,4.58,4.56,5.04,4.5,77992429.0,376969926.0,10.044,0.46
601609,金田股份,10.7,10.7,10.71,10.86,10.79,11.11,10.7,38929651.0,423693909.0,-1.473,-0.16
601611,中国核建,10.32,10.32,10.33,10.08,10.05,10.59,9.95,41738005.0,431867585.0,2.381,0.24
601615,明阳智能,11.37,11.36,11.37,10.6,10.54,11.66,10.41,133225255.0,1496463536.0,7.264,0.77
601616,广电电气,3.37,3.37,3.38,3.27,3.25,3.51,3.22,25415800.0,86000618.0,3.058,0.1
601618,中国中冶,2.57,2.57,2.58,2.51,2.51,2.6,2.48,148835161.0,380106087.0,2.39,0.06
601619,嘉泽新能,4.21,4.21,4.22,4.12,4.12,4.29,4.09,40094040.0,168833414.0,2.184,0.09
601628,中国人寿,37.42,37.42,37.43,37.2,36.9,37.83,36.53,37152525.0,1381031463.0,0.591,0.22
601633,长城汽车,15.26,15.26,15.27,15.06,15.07,15.45,14.81,17284801.0,262643531.0,1.328,0.2
601636,旗滨集团,7.08,7.08,7.09,7.21,7.3,7.76,7.08,220625639.0,1625664390.0,-1.803,-0.13
601658,邮储银行,5.04,5.03,5.04,5.0,4.98,5.04,4.97,147035511.0,736226108.0,0.8,0.04
601665,齐鲁银行,5.93,5.93,5.94,5.97,5.92,5.96,5.84,43303383.0,255045124.0,-0.67,-0.04
601666,平煤股份,7.61,7.61,7.62,7.72,7.62,7.81,7.49,34370632.0,262417596.0,-1.425,-0.11
601668,中国建筑,4.59,4.58,4.59,4.56,4.56,4.6,4.5,204627087.0,932640280.0,0.658,0.03
601669,XD中国电,4.66,4.66,4.67,4.6,4.62,4.69,4.59,99884604.0,464265026.0,1.304,0.06
601677,明泰铝业,15.29,15.29,15.3,15.22,15.29,15.83,15.2,35092248.0,543522989.0,0.46,0.07
601678,滨化股份,5.44,5.43,5.44,5.74,5.56,5.73,5.42,167810701.0,933477254.0,-5.226,-0.3
601686,友发集团,5.01,5.0,5.01,4.96,4.94,5.04,4.89,4688288.0,23328983.0,1.008,0.05
601688,华泰证券,20.18,20.18,20.19,20.39,20.3,20.5,19.85,70010674.0,1412549525.0,-1.03,-0.21
601689,拓普集团,57.36,57.36,57.37,55.83,56.0,59.15,55.78,53105400.0,3056677840.0,2.74,1.53
601696,中银证券,11.8,11.8,11.81,11.96,11.88,12.14,11.69,47901903.0,568372542.0,-1.338,-0.16
601698,中国卫通,32.88,32.88,0.0,29.89,29.82,32.88,28.91,65581883.0,2073521845.0,10.003,2.99
601699,潞安环能,14.83,14.82,14.83,14.77,14.43,15.02,14.15,35023451.0,512600713.0,0.406,0.06
601700,风范股份,4.47,4.46,4.47,4.43,4.44,4.58,4.36,14194550.0,63687975.0,0.903,0.04
601702,华峰铝业,14.44,14.43,14.44,13.8,13.8,14.74,13.68,15799270.0,226639039.0,4.638,0.64
601717,中创智领,14.3,14.3,14.31,14.24,14.25,14.52,14.05,10771910.0,154373222.0,0.421,0.06
601718,ST际华,1.78,1.77,1.78,1.78,1.75,1.79,1.7,54170300.0,95012659.0,0.0,0.0
601727,上海电气,6.82,6.81,6.82,6.73,6.7,6.92,6.67,100086626.0,683696307.0,1.337,0.09
601728,中国电信,5.64,5.64,5.65,5.57,5.55,5.69,5.55,118266200.0,665594599.0,1.257,0.07
601766,中国中车,5.5,5.5,5.51,5.4,5.38,5.52,5.35,173527130.0,947752309.0,1.852,0.1
601777,千里科技,7.79,7.79,7.8,7.73,7.73,8.02,7.7,32070673.0,252423282.0,0.776,0.06
601778,晶科科技,3.96,3.95,3.96,3.83,3.83,4.09,3.77,176489887.0,699793662.0,3.394,0.13
601788,光大证券,14.98,14.97,14.98,15.14,15.01,15.12,14.83,31457787.0,471127953.0,-1.057,-0.16
601789,XD宁波建,4.06,4.06,4.07,3.94,3.95,4.14,3.91,48814403.0,198553346.0,3.046,0.12
601798,蓝科高新,6.94,6.94,6.95,6.83,6.83,7.11,6.73,7522900.0,52274405.0,1.611,0.11
601799,星宇股份,93.34,93.34,93.4,94.93,94.93,96.93,92.9,3547416.0,334750790.0,-1.675,-1.59
601800,中国交建,5.94,5.93,5.94,5.85,5.82,5.96,5.77,46684733.0,275111109.0,1.538,0.09
601801,皖新传媒,5.03,5.03,5.04,4.98,4.96,5.09,4.9,9280074.0,46507650.0,1.004,0.05
601808,中海油服,11.29,11.29,11.3,11.28,11.0,11.3,10.83,28039945.0,311904155.0,0.089,0.01
601811,新华文轩,11.39,11.39,11.41,11.31,11.34,11.51,11.22,1610300.0,18354131.0,0.707,0.08
601816,京沪高铁,4.66,4.65,4.66,4.62,4.62,4.67,4.58,142829243.0,661531740.0,0.866,0.04
601818,光大银行,3.06,3.05,3.06,3.04,3.04,3.06,3.02,139633510.0,425004082.0,0.658,0.02
601825,沪农商行,7.66,7.66,7.67,7.75,7.75,7.8,7.63,26739511.0,206112109.0,-1.161,-0.09
601827,三峰环境,7.57,7.56,7.57,7.49,7.57,7.68,7.42,6069400.0,45754253.0,1.068,0.08
601828,美凯龙,2.13,2.12,2.13,2.05,2.05,2.15,2.03,46412549.0,97712134.0,3.902,0.08
601838,成都银行,19.0,18.99,19.0,18.89,18.87,19.21,18.79,26856794.0,509934202.0,0.582,0.11
601857,中国石油,9.27,9.26,9.27,9.4,9.29,9.3,9.12,163520099.0,1508465628.0,-1.383,-0.13
601858,中国科传,18.68,18.68,0.0,16.98,16.9,18.68,16.77,13323766.0,240282304.0,10.012,1.7
601860,紫金银行,2.49,2.49,2.5,2.46,2.47,2.5,2.44,32312000.0,79961103.0,1.22,0.03
601865,福莱特,9.73,9.73,9.74,9.43,9.44,10.06,9.37,26992998.0,264491658.0,3.181,0.3
601866,中远海发,2.33,2.32,2.33,2.28,2.28,2.35,2.26,78715150.0,182099973.0,2.193,0.05
601868,中国能建,2.55,2.54,2.55,2.53,2.53,2.58,2.51,310173983.0,790667296.0,0.791,0.02
601869,长飞光纤,415.03,415.03,415.04,441.26,441.26,466.98,414.93,18271456.0,8114342660.0,-5.944,-26.23
601872,XD招商轮,15.47,15.47,15.48,15.85,15.5,15.9,15.34,95680095.0,1496139395.0,-2.397,-0.38
601877,正泰电器,24.29,24.29,24.3,24.04,24.18,24.78,23.75,17989788.0,437879125.0,1.04,0.25
601878,浙商证券,9.57,9.57,9.58,9.63,9.58,9.64,9.46,26068309.0,249037960.0,-0.623,-0.06
601880,辽港股份,1.42,1.42,1.43,1.39,1.4,1.43,1.39,108332156.0,153093841.0,2.158,0.03
601881,中国银河,12.94,12.94,12.95,13.19,13.08,13.11,12.9,53551422.0,695849728.0,-1.895,-0.25
601882,海天精工,19.12,19.12,19.13,19.3,19.33,19.65,18.98,6203000.0,120043682.0,-0.933,-0.18
601886,江河集团,7.85,7.84,7.86,7.87,7.78,7.96,7.77,2867200.0,22571492.0,-0.254,-0.02
601888,中国中免,52.73,52.72,52.73,50.99,51.0,53.16,50.32,43252812.0,2261932783.0,3.412,1.74
601890,亚星锚链,8.39,8.39,8.4,8.04,8.0,8.59,7.95,29678691.0,247783339.0,4.353,0.35
601898,中煤能源,12.67,12.66,12.67,12.93,12.78,12.89,12.59,49010944.0,623373385.0,-2.011,-0.26
601899,紫金矿业,27.72,27.72,27.73,27.62,28.0,28.45,27.08,265710031.0,7383491289.0,0.362,0.1
601900,南方传媒,11.26,11.26,11.27,11.15,11.17,11.34,10.97,5441467.0,61020300.0,0.987,0.11
601901,方正证券,7.14,7.13,7.14,7.22,7.19,7.2,7.09,59707899.0,426457110.0,-1.108,-0.08
601908,京运通,3.04,3.04,3.05,2.94,2.92,3.11,2.92,67969953.0,206911836.0,3.401,0.1
601916,浙商银行,2.75,2.75,2.76,2.71,2.72,2.77,2.7,133271888.0,364710512.0,1.476,0.04
601918,新集能源,9.41,9.41,9.42,9.41,9.32,9.6,9.17,36791217.0,345852438.0,0.0,0.0
601919,中远海控,13.98,13.97,13.98,13.92,13.92,14.01,13.8,56804499.0,791783894.0,0.431,0.06
601921,浙版传媒,6.94,6.94,6.95,7.02,7.02,7.04,6.89,5758900.0,40118017.0,-1.14,-0.08
601928,凤凰传媒,9.13,9.13,9.14,9.09,9.08,9.19,8.99,6711500.0,61049995.0,0.44,0.04
601929,吉视传媒,2.34,2.33,2.34,2.22,2.21,2.41,2.17,193344502.0,451460664.0,5.405,0.12
601933,永辉超市,3.2,3.19,3.2,3.06,3.06,3.24,3.05,254374689.0,807915872.0,4.575,0.14
601939,建设银行,10.03,10.03,10.04,9.89,9.84,10.05,9.77,132220831.0,1318090038.0,1.416,0.14
601949,中国出版,4.82,4.82,4.83,4.75,4.72,4.89,4.68,11950900.0,57613495.0,1.474,0.07
601952,苏垦农发,7.74,7.73,7.74,7.64,7.72,7.76,7.52,8674600.0,66586950.0,1.309,0.1
601956,东贝集团,4.79,4.79,4.8,4.7,4.72,4.88,4.63,7827240.0,37430144.0,1.915,0.09
601958,金钼股份,22.4,22.4,22.41,23.1,23.17,23.74,22.4,69010991.0,1592361970.0,-3.03,-0.7
601963,重庆银行,9.79,9.78,9.79,9.77,9.73,9.82,9.7,12048912.0,117655910.0,0.205,0.02
601965,中国汽研,12.81,12.81,12.82,11.94,11.96,12.87,11.9,18433923.0,232257253.0,7.286,0.87
601966,玲珑轮胎,10.6,10.6,10.61,10.45,10.45,10.68,10.3,10071345.0,106263281.0,1.435,0.15
601968,宝钢包装,4.15,4.14,4.15,4.11,4.1,4.21,4.05,10978237.0,45393749.0,0.973,0.04
601969,海南矿业,7.94,7.94,7.95,7.91,7.84,8.06,7.7,17618607.0,139371748.0,0.379,0.03
601975,招商南油,3.44,3.43,3.44,3.4,3.38,3.5,3.3,186129833.0,637867126.0,1.176,0.04
601985,中国核电,8.91,8.9,8.91,8.91,8.89,8.95,8.82,93947251.0,834816388.0,0.0,0.0
601988,XD中国银,5.79,5.78,5.79,5.71,5.71,5.81,5.68,265787225.0,1529200991.0,1.401,0.08
601990,南京证券,6.63,6.62,6.63,6.66,6.65,6.65,6.52,21483734.0,141743455.0,-0.45,-0.03
601991,大唐发电,6.64,6.64,6.65,6.57,6.48,6.84,6.3,653578547.0,4356785135.0,1.065,0.07
601992,金隅集团,1.4,1.4,1.41,1.37,1.36,1.42,1.35,68033695.0,94798118.0,2.19,0.03
601995,中金公司,36.17,36.17,36.18,37.05,37.12,37.33,36.11,36876891.0,1352145849.0,-2.375,-0.88
601996,丰林集团,2.23,2.23,2.24,2.28,2.26,2.32,2.19,50129100.0,113019135.0,-2.193,-0.05
601997,贵阳银行,5.27,5.27,5.28,5.26,5.25,5.29,5.21,47044091.0,247167355.0,0.19,0.01
601998,中信银行,7.15,7.14,7.15,7.13,7.13,7.18,7.07,48548744.0,346091618.0,0.281,0.02
601999,出版传媒,5.92,5.92,5.93,5.74,5.75,6.01,5.64,7089122.0,41714099.0,3.136,0.18
603000,人民网,15.71,15.71,15.72,14.91,14.74,16.2,14.68,32441789.0,507278036.0,5.366,0.8
603001,奥康国际,7.24,7.23,7.24,7.54,7.28,7.58,7.21,47391281.0,348948893.0,-3.979,-0.3
603002,宏昌电子,19.0,18.99,19.0,20.06,20.05,21.1,18.99,65449300.0,1308510639.0,-5.284,-1.06
603004,鼎龙科技,22.69,22.68,22.69,22.11,22.2,24.3,22.11,6212700.0,144881616.0,2.623,0.58
603005,晶方科技,43.97,43.96,43.97,45.19,46.5,49.18,43.97,103249123.0,4850668899.0,-2.7,-1.22
603006,联明股份,12.47,12.47,12.48,12.92,12.88,13.22,12.34,6757900.0,85206400.0,-3.483,-0.45
603007,顺景科技,5.26,5.26,5.27,5.24,5.23,5.39,5.21,28725636.0,152737069.0,0.382,0.02
603008,ST喜临门,8.12,8.11,8.12,7.99,8.01,8.15,7.88,4709607.0,37877983.0,1.627,0.13
603009,北特科技,48.15,48.15,48.18,46.38,47.98,50.87,47.07,10516581.0,515420338.0,3.816,1.77
603010,万盛股份,15.09,15.09,15.11,15.62,16.35,17.18,15.05,34961661.0,570815903.0,-3.393,-0.53
603011,合锻智能,24.6,24.6,24.65,24.98,25.21,25.98,24.59,30594217.0,772124579.0,-1.521,-0.38
603012,创力集团,8.26,8.25,8.26,8.22,8.26,8.4,8.09,13685001.0,113033671.0,0.487,0.04
603013,亚普股份,16.49,16.49,16.5,16.28,16.25,16.8,16.11,3126763.0,51651696.0,1.29,0.21
603014,威高血净,33.63,33.63,33.64,33.15,33.16,33.9,32.23,2948116.0,97950651.0,1.448,0.48
603015,弘讯科技,10.6,10.6,10.61,10.56,10.45,10.81,10.45,4896972.0,52007547.0,0.379,0.04
603016,新宏泰,30.84,30.84,30.89,30.5,30.99,31.32,29.8,2570710.0,78983941.0,1.115,0.34
603017,中衡设计,9.87,9.86,9.87,9.29,9.3,10.22,9.17,21985643.0,218712243.0,6.243,0.58
603018,华设集团,5.28,5.27,5.28,5.28,5.28,5.37,5.23,7849917.0,41671687.0,0.0,0.0
603019,中科曙光,107.5,107.49,107.5,103.99,103.48,113.0,102.7,159883792.0,17409082477.0,3.375,3.51
603020,爱普股份,14.03,14.03,14.05,13.19,13.32,14.11,13.13,13761500.0,188948880.0,6.368,0.84
603021,*ST华鹏,7.0,7.0,7.02,7.04,6.87,7.15,6.87,4295860.0,30234937.0,-0.568,-0.04
603022,新通联,8.04,8.03,8.04,7.84,7.84,8.2,7.71,4136900.0,33138356.0,2.551,0.2
603023,威帝股份,3.65,3.65,3.66,3.55,3.55,3.74,3.48,9144200.0,33337706.0,2.817,0.1
603025,大豪科技,13.5,13.5,13.51,13.64,13.5,14.0,13.45,11162666.0,153688534.0,-1.026,-0.14
603026,石大胜华,68.66,68.66,68.67,70.8,70.8,72.36,68.61,11656467.0,818157560.0,-3.023,-2.14
603027,千禾味业,7.03,7.03,7.04,7.03,7.02,7.15,6.9,15888589.0,111930621.0,0.0,0.0
603028,赛福天,6.59,6.59,6.6,6.38,6.38,6.82,6.3,5875300.0,38757977.0,3.292,0.21
603029,天鹅股份,14.33,14.33,14.34,13.91,13.91,14.5,13.73,2139100.0,30445665.0,3.019,0.42
603030,全筑股份,2.01,2.0,2.01,1.95,1.94,2.06,1.9,49470600.0,99123953.0,3.077,0.06
603031,安孚科技,47.67,47.67,47.68,47.4,49.15,50.65,47.53,18281130.0,900809249.0,0.57,0.27
603032,德新科技,21.4,21.39,21.4,22.19,22.0,24.0,21.31,24901004.0,567268200.0,-3.56,-0.79
603033,三维股份,8.3,8.3,8.31,8.47,8.47,8.57,8.27,11720200.0,98310074.0,-2.007,-0.17
603035,常熟汽饰,10.79,10.79,10.8,10.72,10.66,10.89,10.58,4173200.0,44935561.0,0.653,0.07
603036,如通股份,12.84,12.83,12.84,13.14,13.14,13.26,12.82,5249900.0,68402971.0,-2.283,-0.3
603037,凯众股份,9.82,9.81,9.82,9.74,9.66,10.04,9.61,3694380.0,36395765.0,0.821,0.08
603038,华立股份,14.81,14.8,14.81,15.21,15.1,15.32,14.8,3442318.0,51869967.0,-2.63,-0.4
603039,泛微网络,33.83,33.83,33.84,34.74,34.85,36.1,33.33,20180121.0,702217552.0,-2.619,-0.91
603040,新坐标,63.8,63.8,63.84,62.42,63.4,66.15,62.35,3483555.0,225573951.0,2.211,1.38
603041,美思德,10.43,10.43,10.49,10.3,10.35,10.65,10.15,2123900.0,22288785.0,1.262,0.13
603042,华脉科技,12.22,12.21,12.22,12.23,12.23,12.57,12.11,12167729.0,149978050.0,-0.082,-0.01
603043,广州酒家,13.2,13.2,13.21,13.16,13.25,13.3,12.97,2861460.0,37660555.0,0.304,0.04
603045,福达合金,71.25,71.25,71.26,69.82,69.79,75.5,69.35,8022185.0,581531498.0,2.048,1.43
603048,浙江黎明,18.07,18.04,18.13,18.15,17.72,18.48,17.5,992200.0,18019488.0,-0.441,-0.08
603049,中策橡胶,47.6,47.6,47.61,47.59,47.59,48.2,46.9,2483629.0,118273142.0,0.021,0.01
603050,科林电气,19.22,19.21,19.22,19.6,19.57,19.77,19.21,3682006.0,71682579.0,-1.939,-0.38
603051,鹿山新材,22.88,22.87,22.88,22.89,22.82,23.5,22.29,10524137.0,243071183.0,-0.044,-0.01
603052,可川科技,69.48,69.48,69.52,71.8,71.13,73.89,69.24,3766075.0,271341423.0,-3.231,-2.32
603053,成都燃气,8.5,8.5,8.52,8.52,8.5,8.57,8.41,1343000.0,11412967.0,-0.235,-0.02
603055,台华新材,8.38,8.37,8.38,8.4,8.45,8.45,8.25,4929600.0,41274764.0,-0.238,-0.02
603057,紫燕食品,22.31,22.18,22.31,22.06,21.98,22.5,21.69,1659900.0,36779155.0,1.133,0.25
603058,永吉股份,8.9,8.9,8.91,8.55,8.55,9.31,8.4,6729100.0,59652589.0,4.094,0.35
603059,倍加洁,24.59,24.59,24.6,23.98,24.27,24.89,23.7,1107925.0,27088826.0,2.544,0.61
603060,国检集团,5.43,5.43,5.44,5.34,5.36,5.54,5.25,8270646.0,44941437.0,1.685,0.09
603061,金海通,448.75,448.75,449.0,487.54,500.0,509.01,448.75,3852640.0,1849161781.0,-7.956,-38.79
603062,麦加芯彩,38.9,38.88,38.9,38.26,38.85,39.18,37.66,700200.0,27094276.0,1.673,0.64
603063,禾望电气,42.45,42.45,42.46,44.16,44.99,45.98,42.42,18145164.0,801905747.0,-3.872,-1.71
603065,宿迁联盛,19.45,19.45,19.46,20.98,20.0,20.85,18.89,48409165.0,967734165.0,-7.293,-1.53
603066,音飞储存,10.1,10.09,10.1,10.06,10.16,10.31,9.85,4994000.0,50719800.0,0.398,0.04
603067,振华股份,40.26,40.25,40.26,43.21,42.89,43.65,40.1,28672809.0,1201080735.0,-6.827,-2.95
603068,XD博通集,39.05,39.04,39.05,40.07,40.12,41.21,39.04,13719290.0,549556650.0,-2.546,-1.02
603069,海汽集团,12.6,12.59,12.6,12.18,12.15,12.79,11.99,4685900.0,58662276.0,3.448,0.42
603070,万控智造,11.48,11.47,11.48,11.35,11.33,11.64,11.11,3900046.0,44849218.0,1.145,0.13
603071,物产环能,11.41,11.41,11.42,11.34,11.41,11.55,11.24,2043800.0,23362814.0,0.617,0.07
603072,天和磁材,33.57,33.56,33.57,33.8,33.38,34.28,33.01,3670818.0,124055498.0,-0.68,-0.23
603073,彩蝶实业,15.22,15.22,15.23,14.79,14.79,15.49,14.55,1508536.0,22818977.0,2.907,0.43
603075,热威股份,22.58,22.57,22.58,22.68,22.69,22.84,22.13,2453140.0,55181061.0,-0.441,-0.1
603076,乐惠国际,20.7,20.68,20.7,20.63,20.9,21.16,20.45,1996802.0,41670854.0,0.339,0.07
603077,和邦生物,2.16,2.16,2.17,2.15,2.15,2.2,2.1,134151610.0,290312073.0,0.465,0.01
603078,江化微,46.58,46.58,46.59,51.01,51.45,53.5,46.58,48597236.0,2445826454.0,-8.685,-4.43
603079,圣达生物,11.32,11.32,11.33,10.94,10.95,11.55,10.74,4163000.0,47028491.0,3.473,0.38
603080,新疆火炬,19.52,19.52,19.53,19.42,19.34,19.65,19.01,1774900.0,34365731.0,0.515,0.1
603081,大丰实业,8.7,8.7,8.71,8.6,8.62,8.89,8.51,2761000.0,24154265.0,1.163,0.1
603082,北自科技,37.45,37.4,37.45,37.82,37.82,38.75,37.0,4372010.0,165855447.0,-0.978,-0.37
603083,剑桥科技,199.09,199.08,199.09,202.0,218.88,222.2,198.99,34498264.0,7347089276.0,-1.441,-2.91
603085,天成自控,10.96,10.96,10.97,10.79,10.77,11.22,10.57,6922900.0,75725011.0,1.576,0.17
603086,先达股份,5.35,5.34,5.35,5.24,5.24,5.42,5.13,7914300.0,42173868.0,2.099,0.11
603087,甘李药业,66.47,66.46,66.47,62.74,62.29,67.26,61.72,19130211.0,1257703822.0,5.945,3.73
603088,宁波精达,9.34,9.33,9.34,9.31,9.43,9.64,9.26,9118739.0,86402446.0,0.322,0.03
603089,正裕工业,8.33,8.31,8.33,8.06,8.06,8.49,8.0,3435700.0,28425435.0,3.35,0.27
603090,宏盛股份,48.5,48.49,48.5,50.05,49.4,50.98,48.5,3034000.0,151302779.0,-3.097,-1.55
603091,众鑫股份,50.85,50.85,50.88,50.15,50.75,51.6,49.81,992820.0,50324482.0,1.396,0.7
603092,德力佳,50.88,50.84,50.88,50.49,50.2,52.1,49.98,1066561.0,54488019.0,0.772,0.39
603093,南华期货,17.04,17.04,17.05,17.06,16.96,17.37,16.7,8704276.0,148775399.0,-0.117,-0.02
603095,越剑智能,13.35,13.32,13.35,13.02,12.96,13.7,12.9,4396820.0,58662038.0,2.535,0.33
603096,新经典,13.72,13.71,13.72,13.52,13.51,13.97,13.32,2215900.0,30483958.0,1.479,0.2
603097,江苏华辰,16.75,16.75,16.76,16.64,16.65,17.22,16.3,2183509.0,36871249.0,0.661,0.11
603098,森特股份,10.02,10.01,10.02,9.72,9.7,10.37,9.65,6180200.0,62277559.0,3.086,0.3
603099,XD长白山,35.04,35.03,35.04,33.97,33.98,35.32,33.26,6684104.0,231550246.0,3.15,1.07
603100,川仪股份,17.71,17.71,17.75,17.22,17.1,17.86,17.07,5873394.0,102836154.0,2.846,0.49
603101,汇嘉时代,6.87,6.86,6.87,6.66,6.57,6.95,6.51,16622937.0,112427256.0,3.153,0.21
603102,百合股份,32.43,32.28,32.43,31.6,31.51,32.75,31.25,528700.0,16968984.0,2.627,0.83
603103,横店影视,14.88,14.88,14.89,14.35,14.34,15.18,14.19,10206320.0,151484331.0,3.693,0.53
603105,芯能科技,6.71,6.71,6.72,6.57,6.56,6.85,6.45,9626561.0,64481431.0,2.131,0.14
603106,恒银科技,6.85,6.84,6.85,6.71,6.67,6.98,6.57,8380519.0,57442052.0,2.086,0.14
603107,上海汽配,11.49,11.49,11.5,11.38,11.4,11.66,11.23,1736898.0,19957219.0,0.967,0.11
603108,润达医疗,9.39,9.39,9.4,8.93,8.95,9.71,8.79,25880031.0,242651959.0,5.151,0.46
603109,神驰机电,16.6,16.59,16.6,16.29,16.28,16.92,16.19,2036500.0,33820955.0,1.903,0.31
603110,东方材料,23.19,23.19,0.0,21.08,21.02,23.19,20.7,20013392.0,455149757.0,10.009,2.11
603111,康尼机电,5.9,5.9,5.91,5.86,5.86,5.94,5.8,4686000.0,27586486.0,0.683,0.04
603112,华翔股份,15.97,15.97,15.98,16.21,16.16,16.39,15.9,5094474.0,82396072.0,-1.481,-0.24
603113,金能科技,4.17,4.17,4.18,4.1,4.09,4.27,4.02,14337001.0,59900352.0,1.707,0.07
603115,海星股份,94.83,94.83,94.84,100.65,100.38,105.88,94.73,7846258.0,778499176.0,-5.782,-5.82
603116,红蜻蜓,5.95,5.95,5.98,5.98,5.95,6.16,5.85,7731020.0,46603369.0,-0.502,-0.03
603117,万林物流,3.49,3.48,3.49,3.37,3.36,3.53,3.33,10860960.0,37608206.0,3.561,0.12
603118,共进股份,14.2,14.19,14.2,13.42,13.46,14.43,13.41,93560672.0,1311391074.0,5.812,0.78
603119,浙江荣泰,60.99,60.98,60.99,61.85,63.0,65.7,60.88,14236247.0,893442427.0,-1.39,-0.86
603120,肯特催化,50.08,50.07,50.08,51.87,52.32,54.16,50.07,3546715.0,183778608.0,-3.451,-1.79
603121,华培动力,11.64,11.64,11.65,11.38,11.38,12.1,11.19,7702431.0,90069531.0,2.285,0.26
603122,合富中国,10.7,10.7,10.71,10.26,10.18,10.9,10.06,14619617.0,155782293.0,4.288,0.44
603123,翠微股份,8.16,8.16,8.17,7.83,7.83,8.37,7.63,21705114.0,176221260.0,4.215,0.33
603124,江南新材,149.81,149.81,149.87,156.22,158.79,162.58,149.6,3176523.0,497211203.0,-4.103,-6.41
603125,常青科技,26.8,26.8,26.81,28.2,28.07,28.9,26.8,8191472.0,226153081.0,-4.965,-1.4
603126,中材节能,5.99,5.99,6.0,5.92,5.93,6.1,5.86,8271623.0,49672539.0,1.182,0.07
603127,昭衍新药,43.22,43.22,0.0,39.29,38.65,43.22,38.64,53574855.0,2273105195.0,10.003,3.93
603128,华贸物流,5.2,5.2,5.22,5.23,5.24,5.27,5.16,11125484.0,58124541.0,-0.574,-0.03
603129,春风动力,252.01,252.0,252.01,258.32,258.53,261.08,251.48,1095521.0,279499745.0,-2.443,-6.31
603130,云中马,38.59,38.59,38.63,38.72,38.72,41.36,38.03,2062900.0,81639870.0,-0.336,-0.13
603131,上海沪工,18.34,18.3,18.34,16.69,16.6,18.36,16.5,27539327.0,494704560.0,9.886,1.65
603132,金徽股份,14.9,14.9,14.93,15.03,15.07,15.38,14.81,5438400.0,81881497.0,-0.865,-0.13
603135,中重科技,12.83,12.82,12.83,12.75,12.75,13.63,12.51,21778023.0,281933269.0,0.627,0.08
603136,天目湖,8.58,8.56,8.58,8.46,8.48,8.71,8.33,3892489.0,33416183.0,1.418,0.12
603137,恒尚节能,26.75,26.75,26.77,25.2,27.72,27.72,26.54,38703169.0,1067006648.0,6.151,1.55
603138,海量数据,13.56,13.56,13.57,13.3,13.17,14.12,13.04,8108310.0,111323793.0,1.955,0.26
603139,康惠股份,40.84,40.84,40.9,40.26,40.12,41.99,39.98,3820900.0,157293771.0,1.441,0.58
603150,万朗磁塑,65.5,65.5,65.57,64.36,64.05,66.28,63.2,1907802.0,123629779.0,1.771,1.14
603151,邦基科技,11.9,11.9,0.0,10.82,10.92,11.9,10.63,4815300.0,55358369.0,9.982,1.08
603153,上海建科,13.43,13.42,13.43,13.11,13.08,13.63,13.02,2166782.0,29191751.0,2.441,0.32
603155,新亚强,28.28,28.28,0.0,25.71,26.8,28.28,26.47,10674777.0,297119433.0,9.996,2.57
603156,养元饮品,45.8,45.8,45.81,48.71,49.59,49.98,45.8,17478884.0,828031179.0,-5.974,-2.91
603158,腾龙股份,11.32,11.32,11.33,11.33,11.33,11.64,11.21,15302500.0,175363018.0,-0.088,-0.01
603159,上海亚虹,18.36,18.36,18.43,17.9,18.07,19.29,17.75,4678910.0,87752312.0,2.57,0.46
603160,汇顶科技,58.5,58.49,58.5,60.49,60.49,61.1,58.44,10716718.0,643853478.0,-3.29,-1.99
603161,科华控股,12.76,12.76,12.77,12.78,12.78,13.11,12.72,2209544.0,28544248.0,-0.156,-0.02
603162,海通发展,10.12,10.12,0.0,9.2,9.21,10.12,9.15,41297819.0,401603801.0,10.0,0.92
603163,圣晖集成,114.99,114.99,115.0,113.61,115.99,122.16,113.87,6182800.0,730266827.0,1.215,1.38
603165,荣晟环保,13.75,13.75,13.76,13.71,13.63,14.05,13.2,5683334.0,78081746.0,0.292,0.04
603166,福达股份,10.87,10.86,10.87,10.9,10.92,11.23,10.78,16358432.0,179318939.0,-0.275,-0.03
603167,XD渤海轮,8.37,8.37,8.38,8.45,8.4,8.43,8.22,5018400.0,41965703.0,-0.947,-0.08
603168,莎普爱思,4.98,4.98,4.99,4.77,4.75,5.08,4.68,11498325.0,57038679.0,4.403,0.21
603169,兰石重装,6.32,6.31,6.32,6.1,6.1,6.5,5.99,22032500.0,138188889.0,3.607,0.22
603170,宝立食品,11.69,11.68,11.7,11.62,11.62,11.82,11.51,1507782.0,17620665.0,0.602,0.07
603171,税友股份,40.52,40.52,40.53,39.72,39.3,42.6,38.9,7524531.0,308087765.0,2.014,0.8
603172,万丰股份,16.57,16.56,16.57,16.2,16.09,16.98,16.01,2046900.0,33953556.0,2.284,0.37
603173,福斯达,33.21,33.21,33.24,33.6,33.23,33.82,33.11,1435100.0,47935689.0,-1.161,-0.39
603175,超颖电子,81.02,81.02,81.03,82.55,82.88,84.83,81.0,3422255.0,281989590.0,-1.853,-1.53
603176,汇通集团,4.35,4.35,4.36,4.23,4.18,4.43,4.15,5231921.0,22718841.0,2.837,0.12
603177,德创环保,8.65,8.64,8.65,7.96,7.92,8.76,7.82,12285400.0,105235956.0,8.668,0.69
603178,圣龙股份,16.78,16.77,16.78,16.7,16.2,16.96,15.62,23876963.0,391357547.0,0.479,0.08
603179,新泉股份,46.56,46.56,46.58,47.0,47.26,48.8,46.56,17717677.0,845689757.0,-0.936,-0.44
603180,金牌家居,14.34,14.32,14.34,14.14,14.05,14.49,13.92,1094200.0,15651741.0,1.414,0.2
603181,皇马科技,13.87,13.87,13.88,14.09,14.0,14.28,13.81,10250320.0,144080826.0,-1.561,-0.22
603182,嘉华股份,11.8,11.8,11.82,11.45,11.45,11.92,11.3,1726453.0,20233729.0,3.057,0.35
603183,建研院,4.44,4.43,4.44,4.25,4.22,4.68,4.17,83198236.0,375186127.0,4.471,0.19
603185,弘元绿能,14.8,14.8,14.82,14.55,14.33,15.34,14.33,20491116.0,308373803.0,1.718,0.25
603186,华正新材,178.8,178.77,178.8,188.66,189.5,193.58,178.0,12243294.0,2303606856.0,-5.226,-9.86
603187,海容冷链,11.94,11.94,11.95,11.8,11.71,12.08,11.63,3745370.0,44601216.0,1.186,0.14
603188,亚邦股份,3.89,3.89,3.9,3.81,3.81,4.0,3.76,12430400.0,48354183.0,2.1,0.08
603189,*ST网达,10.05,10.05,10.07,10.18,10.06,10.28,9.98,3499100.0,35373204.0,-1.277,-0.13
603190,亚通精工,24.05,24.04,24.05,24.22,24.25,24.43,23.9,1498200.0,36224643.0,-0.702,-0.17
603191,望变电气,14.41,14.41,14.42,14.21,14.21,14.73,14.01,6398689.0,92656397.0,1.407,0.2
603192,汇得科技,17.41,17.41,17.46,16.94,16.96,18.17,16.93,2160601.0,38241959.0,2.774,0.47
603193,润本股份,18.67,18.66,18.69,18.56,18.41,18.94,18.28,2175100.0,40680944.0,0.593,0.11
603194,中力股份,33.13,33.13,33.14,33.22,33.22,33.49,32.58,1513034.0,50080450.0,-0.271,-0.09
603195,公牛集团,37.47,37.47,37.48,37.45,37.61,37.79,36.91,3547752.0,132719711.0,0.053,0.02
603196,璞源材料,21.8,21.77,21.8,22.04,21.87,22.22,21.7,1841500.0,40465431.0,-1.089,-0.24
603197,保隆科技,28.01,28.01,28.02,27.72,27.69,28.34,27.48,2277749.0,63782801.0,1.046,0.29
603198,迎驾贡酒,32.31,32.31,32.32,31.11,30.88,32.75,30.68,6893869.0,220829348.0,3.857,1.2
603199,九华旅游,31.19,31.19,31.28,31.05,31.0,31.54,30.6,1252000.0,39107579.0,0.451,0.14
603200,上海洗霸,38.91,38.91,38.92,38.88,39.0,40.0,38.38,4686928.0,182956085.0,0.077,0.03
603201,常润股份,13.64,13.63,13.64,13.63,13.55,13.98,13.37,4775900.0,65421893.0,0.073,0.01
603202,天有为,50.75,50.74,50.76,49.72,49.99,51.5,49.07,1164510.0,58945022.0,2.072,1.03
603203,快克智能,59.49,59.48,59.49,66.07,65.01,68.77,59.46,27304999.0,1764861960.0,-9.959,-6.58
603205,健尔康,21.26,21.26,21.28,21.01,21.03,21.39,20.8,613230.0,12980844.0,1.19,0.25
603206,嘉环科技,14.11,14.1,14.11,14.05,13.98,14.38,13.88,5288000.0,75099015.0,0.427,0.06
603207,小方制药,23.23,23.22,23.23,22.65,22.65,23.43,22.19,1682310.0,38699260.0,2.561,0.58
603208,江山欧派,10.7,10.7,10.72,10.49,10.5,10.95,10.31,2932204.0,31590461.0,2.002,0.21
603209,兴通股份,13.44,13.44,13.45,13.2,13.12,13.5,13.02,3255700.0,43477889.0,1.818,0.24
603210,泰鸿万立,13.31,13.3,13.31,13.1,13.15,13.48,12.96,2482506.0,32956748.0,1.603,0.21
603211,晋拓股份,37.88,37.88,0.0,34.44,33.92,37.88,33.8,12007900.0,436807713.0,9.988,3.44
603212,赛伍技术,11.52,11.52,11.53,10.94,10.92,12.03,10.88,28454503.0,332255504.0,5.302,0.58
603213,镇洋发展,14.46,14.46,14.47,14.86,14.76,14.76,14.39,6120176.0,88745625.0,-2.692,-0.4
603214,爱婴室,12.57,12.57,12.58,12.27,12.27,12.74,12.1,3280426.0,41098023.0,2.445,0.3
603215,比依股份,14.45,14.44,14.45,14.28,14.32,14.7,14.12,1260600.0,18302009.0,1.19,0.17
603216,梦天家居,20.36,20.36,20.37,19.99,19.85,20.72,19.66,3008300.0,61150032.0,1.851,0.37
603217,元利科技,20.25,20.25,20.27,20.15,20.13,20.49,19.68,2669068.0,53882298.0,0.496,0.1
603218,日月股份,9.6,9.59,9.6,9.42,9.42,9.81,9.34,8905239.0,85496617.0,1.911,0.18
603219,富佳股份,14.83,14.83,14.84,14.4,14.4,15.29,14.29,5588153.0,83672414.0,2.986,0.43
603220,中贝通信,20.61,20.6,20.61,19.75,19.59,21.39,19.5,29395735.0,610182269.0,4.354,0.86
603221,爱丽家居,12.05,12.05,12.06,11.71,11.58,12.21,11.5,3596100.0,43064020.0,2.904,0.34
603222,济民健康,9.88,9.88,9.9,10.12,10.48,10.9,9.82,69546822.0,717286982.0,-2.372,-0.24
603223,恒通股份,13.72,13.72,0.0,12.47,12.53,13.72,12.4,14923668.0,199771341.0,10.024,1.25
603225,新凤鸣,17.6,17.6,17.63,17.95,17.88,18.19,17.6,18699471.0,334471885.0,-1.95,-0.35
603226,菲林格尔,50.85,50.84,50.85,50.9,51.85,52.2,50.13,1959700.0,100541393.0,-0.098,-0.05
603227,雪峰科技,7.11,7.1,7.11,7.03,7.0,7.19,6.96,8156399.0,57812498.0,1.138,0.08
603228,景旺电子,70.05,70.05,70.06,68.25,68.73,73.69,68.26,44001674.0,3171854647.0,2.637,1.8
603229,奥翔药业,8.09,8.09,8.1,7.91,7.89,8.25,7.72,8750076.0,70751566.0,2.276,0.18
603230,内蒙新华,8.93,8.93,8.94,8.86,8.85,9.05,8.74,2699699.0,24125353.0,0.79,0.07
603231,索宝蛋白,15.21,15.21,15.26,15.02,14.98,15.45,14.83,1453826.0,22081823.0,1.265,0.19
603232,格尔软件,14.98,14.98,14.99,14.52,14.36,15.2,14.35,9783000.0,145795180.0,3.168,0.46
603233,大参林,17.65,17.65,17.68,17.65,17.54,17.95,17.4,7824491.0,138262136.0,0.0,0.0
603235,天新药业,22.91,22.91,22.96,22.85,22.82,23.11,22.51,297400.0,6803758.0,0.263,0.06
603236,移远通信,54.46,54.46,0.0,49.51,49.51,54.46,49.16,21076845.0,1124477235.0,9.998,4.95
603237,五芳斋,12.87,12.86,12.87,12.58,12.58,13.13,12.41,1425217.0,18263086.0,2.305,0.29
603238,诺邦股份,11.33,11.31,11.33,11.13,11.1,11.49,10.97,3462300.0,39128815.0,1.797,0.2
603239,浙江仙通,13.85,13.85,13.86,13.64,13.67,14.16,13.56,4279744.0,59562764.0,1.54,0.21
603248,XD锡华科,19.54,19.53,19.54,19.03,19.59,19.93,19.02,3971844.0,77535526.0,2.68,0.51
603255,鼎际得,33.0,32.99,33.0,32.0,31.78,33.48,31.78,1512600.0,49514533.0,3.125,1.0
603256,宏和科技,206.03,206.03,206.05,213.65,215.0,224.14,206.0,14410828.0,3116922589.0,-3.567,-7.62
603257,中国瑞林,72.63,72.6,72.63,69.8,69.8,75.44,68.51,2660970.0,192371192.0,4.054,2.83
603258,电魂网络,11.91,11.91,11.92,11.51,11.48,12.24,11.21,6338909.0,75614335.0,3.475,0.4
603259,药明康德,123.3,123.3,123.31,121.07,120.0,126.73,120.0,68307583.0,8472889065.0,1.842,2.23
603260,合盛硅业,40.78,40.78,40.79,43.43,42.78,44.75,40.74,25094793.0,1069813897.0,-6.102,-2.65
603261,立航科技,55.87,55.77,55.87,55.65,56.66,58.0,54.73,4209900.0,237365671.0,0.395,0.22
603262,技源集团,24.69,24.69,24.7,24.06,24.32,24.93,23.8,2118755.0,51728636.0,2.618,0.63
603266,天龙股份,16.65,16.65,16.66,16.55,16.47,17.01,16.25,2901600.0,48482253.0,0.604,0.1
603267,鸿远电子,61.22,61.21,61.22,62.86,62.86,64.99,61.03,17392715.0,1102150715.0,-2.609,-1.64
603268,松发股份,159.68,159.65,159.68,157.0,157.87,168.57,155.87,13149700.0,2137670959.0,1.707,2.68
603269,海鸥股份,16.87,16.87,16.88,16.97,16.73,17.54,16.51,34297222.0,584574025.0,-0.589,-0.1
603270,金帝股份,31.04,31.04,0.0,28.22,28.22,31.04,28.22,5694760.0,170777544.0,9.993,2.82
603271,永杰新材,44.04,44.04,44.05,44.59,44.43,45.4,44.0,2658292.0,118919536.0,-1.233,-0.55
603272,*ST联翔,22.08,22.08,22.1,22.1,22.41,23.49,21.85,4106114.0,92704267.0,-0.09,-0.02
603273,天元智能,13.54,13.54,13.55,13.3,13.47,13.86,13.17,2847785.0,38600564.0,1.805,0.24
603275,众辰科技,37.65,37.65,37.7,37.3,37.18,38.77,37.11,1341342.0,50987337.0,0.938,0.35
603276,恒兴新材,15.5,15.5,15.51,15.44,15.42,15.75,15.18,2161129.0,33538306.0,0.389,0.06
603277,银都股份,10.39,10.34,10.39,10.18,10.18,10.45,9.89,1887980.0,19373042.0,2.063,0.21
603278,大业股份,10.05,10.05,10.06,9.57,9.41,10.53,9.41,30218080.0,306457953.0,5.016,0.48
603279,景津装备,12.3,12.3,12.33,12.05,12.0,12.46,11.87,6031788.0,73823702.0,2.075,0.25
603280,南方路机,25.25,25.22,25.25,24.8,24.9,25.64,24.49,1059100.0,26661646.0,1.815,0.45
603281,江瀚新材,22.25,22.25,22.26,24.47,24.31,25.09,22.13,15018474.0,345918093.0,-9.072,-2.22
603282,亚光股份,13.93,13.93,13.95,13.7,13.69,14.16,13.44,1284900.0,17879398.0,1.679,0.23
603283,赛腾股份,65.95,65.94,65.95,72.09,72.99,74.3,65.9,40523082.0,2851620293.0,-8.517,-6.14
603284,林平发展,37.03,37.03,37.06,36.77,36.2,37.38,36.2,864309.0,32019244.0,0.707,0.26
603285,键邦股份,41.65,41.6,41.65,44.78,43.58,44.5,40.45,7729436.0,322742146.0,-6.99,-3.13
603286,日盈电子,53.67,53.67,0.0,48.79,50.44,53.67,49.5,3884900.0,200099297.0,10.002,4.88
603288,海天味业,33.72,33.71,33.72,33.33,33.27,34.07,32.97,17662115.0,594080030.0,1.17,0.39
603289,泰瑞机器,8.35,8.35,8.36,8.23,8.18,8.62,8.15,5925430.0,49670750.0,1.458,0.12
603290,斯达半导,123.81,123.8,123.81,133.4,133.98,137.97,123.79,16265679.0,2132033999.0,-7.189,-9.59
603291,联合水务,8.23,8.22,8.23,8.0,8.0,8.41,7.89,4835200.0,39510897.0,2.875,0.23
603293,埃泰克,38.95,38.94,38.95,38.9,38.56,39.81,38.38,1839170.0,72233937.0,0.129,0.05
603296,华勤技术,82.8,82.8,82.81,82.14,81.66,86.03,80.56,49274251.0,4115824203.0,0.804,0.66
603297,永新光学,120.85,120.83,120.85,123.2,123.27,128.5,120.78,1683609.0,210039533.0,-1.907,-2.35
603298,杭叉集团,24.97,24.96,24.97,24.74,24.73,25.34,24.44,6616971.0,165647934.0,0.93,0.23
603299,苏盐井神,9.08,9.05,9.08,8.91,8.93,9.16,8.83,5527891.0,49864689.0,1.908,0.17
603300,海南华铁,4.5,4.5,4.51,4.41,4.45,4.57,4.31,54367185.0,244693296.0,2.041,0.09
603301,振德医疗,87.29,87.12,87.29,88.0,87.35,88.73,84.89,2231100.0,193611586.0,-0.807,-0.71
603303,得邦照明,24.8,24.8,24.85,24.68,24.98,25.24,23.93,4992200.0,124070796.0,0.486,0.12
603305,旭升集团,12.07,12.07,12.08,11.8,11.8,12.37,11.77,25542264.0,309252540.0,2.288,0.27
603306,华懋科技,89.46,89.46,89.48,96.28,97.66,100.0,89.3,13667016.0,1286776579.0,-7.084,-6.82
603307,扬州金泉,23.97,23.95,23.97,23.27,23.25,24.29,23.03,803775.0,19117784.0,3.008,0.7
603308,XD应流股,53.95,53.94,53.95,54.56,54.02,56.43,53.7,23402486.0,1290837502.0,-1.118,-0.61
603309,维力医疗,11.82,11.82,11.83,11.73,11.65,12.09,11.53,4448410.0,52743318.0,0.767,0.09
603310,巍华新材,14.88,14.87,14.88,14.88,14.88,15.1,14.73,2643200.0,39489068.0,0.0,0.0
603311,金海高科,30.71,30.7,30.71,29.74,30.33,32.5,29.67,7771000.0,239810776.0,3.262,0.97
603312,西典新能,33.32,33.32,33.35,33.15,33.21,33.79,32.82,1062500.0,35539496.0,0.513,0.17
603313,梦百合,7.26,7.25,7.26,7.26,6.91,7.29,6.91,49675790.0,354728400.0,0.0,0.0
603315,福鞍股份,13.3,13.3,13.32,13.33,13.31,13.65,13.26,6866900.0,92702689.0,-0.225,-0.03
603316,诚邦股份,18.6,18.6,18.62,18.9,18.9,19.8,18.41,16992720.0,322800554.0,-1.587,-0.3
603317,天味食品,13.85,13.83,13.85,13.32,13.58,13.95,13.13,21913999.0,297863261.0,3.979,0.53
603318,水发燃气,7.77,7.76,7.77,7.77,7.68,7.99,7.55,33496502.0,261891431.0,0.0,0.0
603319,美湖股份,31.4,31.4,31.42,31.44,31.46,32.89,31.26,16401006.0,527912492.0,-0.127,-0.04
603320,迪贝电气,16.66,16.66,16.68,16.65,16.5,17.15,16.43,2214200.0,37299591.0,0.06,0.01
603321,梅轮电梯,5.87,5.85,5.87,5.71,5.68,5.95,5.63,4428400.0,25801369.0,2.802,0.16
603322,超讯科技,31.06,31.06,0.0,28.24,27.8,31.06,27.79,7884817.0,239652287.0,9.986,2.82
603323,苏农银行,4.04,4.04,4.05,4.03,4.05,4.06,4.0,26978562.0,108917100.0,0.248,0.01
603324,盛剑科技,40.75,40.75,40.76,42.99,43.18,44.55,40.71,6664200.0,285015617.0,-5.211,-2.24
603325,博隆技术,51.72,51.71,51.74,52.5,51.14,53.34,50.11,990234.0,51466569.0,-1.486,-0.78
603326,我乐家居,6.29,6.28,6.29,6.16,6.08,6.38,6.04,2896400.0,18157710.0,2.11,0.13
603327,福蓉科技,8.2,8.2,8.21,8.23,8.09,8.35,8.06,21442898.0,176108354.0,-0.365,-0.03
603328,依顿电子,10.89,10.88,10.89,11.16,11.16,11.46,10.89,24685770.0,276514963.0,-2.419,-0.27
603329,上海雅仕,9.91,9.91,9.94,10.16,9.7,10.2,9.69,16420809.0,163146895.0,-2.461,-0.25
603330,天洋新材,7.83,7.83,7.84,7.96,8.02,8.57,7.83,31988349.0,260103924.0,-1.633,-0.13
603331,百达精工,10.89,10.89,10.9,10.48,10.48,11.08,10.31,7400000.0,80019002.0,3.912,0.41
603332,苏州龙杰,10.22,10.22,10.23,10.08,10.08,10.38,9.92,2918982.0,29853075.0,1.389,0.14
603333,福华尚纬,7.92,7.92,7.93,8.1,8.07,8.08,7.89,14272100.0,113464876.0,-2.222,-0.18
603334,丰倍生物,32.13,32.13,32.14,32.33,32.19,32.94,31.86,1397624.0,45372592.0,-0.619,-0.2
603335,迪生力,7.11,7.1,7.11,7.29,7.31,7.57,7.11,22248751.0,162050672.0,-2.469,-0.18
603336,宏辉果蔬,7.62,7.61,7.62,7.37,7.34,7.83,7.28,13289434.0,101197132.0,3.392,0.25
603337,杰克科技,37.2,37.2,37.22,37.05,37.05,38.7,37.0,4816700.0,182401801.0,0.405,0.15
603338,浙江鼎力,51.0,50.99,51.0,51.82,51.7,51.79,50.38,6083934.0,310596336.0,-1.582,-0.82
603339,四方科技,16.25,16.24,16.25,15.33,15.0,16.34,15.0,37356265.0,586428571.0,6.001,0.92
603341,龙旗科技,42.47,42.46,42.47,42.38,41.96,44.0,41.9,16940605.0,727311423.0,0.212,0.09
603344,星德胜,24.22,24.22,24.23,23.81,23.7,24.68,23.53,2617280.0,63677646.0,1.722,0.41
603345,安井食品,81.51,81.51,81.58,79.75,79.75,82.3,78.0,4629138.0,373589370.0,2.207,1.76
603348,文灿股份,13.53,13.52,13.53,13.25,13.25,13.72,13.04,2323731.0,31229700.0,2.113,0.28
603350,安乃达,29.86,29.86,29.87,29.56,29.58,30.39,29.22,590363.0,17656401.0,1.015,0.3
603351,威尔药业,25.78,25.78,25.79,25.36,25.11,26.3,24.72,1494940.0,38397251.0,1.656,0.42
603352,至信股份,25.43,25.43,25.46,25.03,25.05,25.86,24.82,845240.0,21533603.0,1.598,0.4
603353,和顺石油,33.95,33.95,33.98,34.7,34.09,34.97,33.66,4397036.0,151074810.0,-2.161,-0.75
603355,莱克电气,28.36,28.36,28.37,25.81,25.5,28.39,25.3,5506988.0,148970647.0,9.88,2.55
603356,华菱精工,16.3,16.3,16.31,16.56,16.72,16.86,16.27,3720900.0,61349139.0,-1.57,-0.26
603357,设计总院,6.23,6.22,6.23,6.16,6.16,6.29,6.11,4145356.0,25769715.0,1.136,0.07
603358,华达科技,41.15,41.15,41.18,42.42,42.41,43.37,41.15,8880347.0,373496739.0,-2.994,-1.27
603359,*ST东珠,2.38,2.37,2.38,2.27,2.23,2.39,2.21,9350164.0,21786502.0,4.846,0.11
603360,百傲化学,14.86,14.85,14.86,14.69,14.79,15.55,14.67,14630520.0,220233164.0,1.157,0.17
603363,傲农生物,2.94,2.93,2.94,2.84,2.82,2.97,2.75,56767400.0,164092698.0,3.521,0.1
603365,水星家纺,16.68,16.68,16.69,16.61,16.59,16.99,16.49,1284000.0,21508265.0,0.421,0.07
603366,日出东方,6.6,6.6,6.61,6.49,6.48,6.69,6.33,16293700.0,106745419.0,1.695,0.11
603367,辰欣药业,13.68,13.67,13.68,13.21,13.1,13.86,13.02,11783100.0,159456306.0,3.558,0.47
603368,柳药集团,15.28,15.27,15.28,15.14,15.15,15.42,14.92,3005337.0,45770539.0,0.925,0.14
603369,今世缘,24.85,24.84,24.85,23.8,23.79,25.27,23.41,20996611.0,516461503.0,4.412,1.05
603370,华新精科,33.91,33.91,33.92,33.47,33.42,34.54,32.71,843468.0,28438250.0,1.315,0.44
603373,安邦护卫,33.64,33.63,33.64,34.53,34.41,35.54,32.9,2502000.0,84422012.0,-2.577,-0.89
603375,XD盛景微,45.5,45.49,45.5,48.9,48.96,49.49,45.5,3960815.0,188209142.0,-6.953,-3.4
603376,大明电子,24.37,24.37,24.39,23.93,24.18,24.85,23.65,1183047.0,28812455.0,1.839,0.44
603377,ST东时,2.88,2.87,2.88,2.91,2.91,2.92,2.83,5165615.0,14819755.0,-1.031,-0.03
603378,*ST亚士,5.84,5.84,5.85,5.94,5.91,5.98,5.68,13194268.0,76754365.0,-1.684,-0.1
603379,三美股份,62.05,62.05,62.08,66.78,66.82,67.96,61.97,27267169.0,1757923741.0,-7.083,-4.73
603380,易德龙,41.31,41.31,41.32,42.56,41.0,43.75,40.47,9279750.0,391606525.0,-2.937,-1.25
603381,永臻股份,14.72,14.72,14.73,14.41,14.37,15.22,14.28,4327100.0,64111352.0,2.151,0.31
603382,海阳科技,16.74,16.72,16.74,16.42,16.44,17.02,16.1,1822295.0,30461326.0,1.949,0.32
603383,顶点软件,27.05,27.04,27.05,26.97,26.85,27.67,26.55,4037660.0,109960225.0,0.297,0.08
603385,惠达卫浴,5.02,5.02,5.03,4.87,4.86,5.15,4.79,5386820.0,27038649.0,3.08,0.15
603386,骏亚科技,15.31,15.31,15.32,16.05,16.05,16.38,15.3,15618399.0,247431516.0,-4.611,-0.74
603387,基蛋生物,8.28,8.27,8.28,8.12,8.11,8.32,7.98,9524942.0,78242046.0,1.97,0.16
603389,亚振家居,57.98,57.95,57.98,60.28,60.0,61.15,57.7,2234400.0,133310676.0,-3.816,-2.3
603390,通达电气,10.15,10.15,10.16,10.08,10.08,10.38,9.96,5544000.0,56624012.0,0.694,0.07
603391,力聚热能,57.06,57.05,57.06,55.8,55.45,58.32,55.24,1572600.0,89983742.0,2.258,1.26
603392,万泰生物,28.74,28.74,28.75,27.85,27.85,29.07,27.28,7034572.0,201006143.0,3.196,0.89
603393,新天然气,22.25,22.25,22.26,22.12,21.75,22.44,21.4,6051022.0,133550604.0,0.588,0.13
603395,红四方,20.61,20.61,20.62,20.05,19.9,20.88,19.8,2935195.0,60264752.0,2.793,0.56
603396,金辰股份,24.8,24.79,24.8,24.3,24.28,25.4,24.01,3258000.0,81057129.0,2.058,0.5
603398,*ST沐邦,13.57,13.57,13.58,14.13,14.0,14.05,13.5,6371320.0,87444306.0,-3.963,-0.56
603399,永杉锂业,16.22,16.21,16.22,16.88,16.55,17.02,16.2,52499801.0,870884182.0,-3.91,-0.66
603400,华之杰,51.15,51.12,51.15,51.33,51.39,52.93,50.51,1175700.0,60783401.0,-0.351,-0.18
603402,陕西旅游,60.11,60.11,60.13,58.9,58.0,61.2,57.6,1994976.0,119252414.0,2.054,1.21
603406,天富龙,25.79,25.78,25.79,25.37,25.36,26.15,25.01,1053088.0,27113203.0,1.655,0.42
603407,长裕集团,68.44,68.44,68.45,72.53,72.64,75.97,68.4,5316275.0,383801761.0,-5.639,-4.09
603408,建霖家居,9.92,9.9,9.92,9.85,9.81,10.0,9.71,1452300.0,14367415.0,0.711,0.07
603409,汇通控股,18.03,18.03,18.06,17.76,17.68,18.43,17.58,1693177.0,30555301.0,1.52,0.27
603416,信捷电气,56.97,56.96,56.97,57.85,58.69,59.65,56.9,4603419.0,269081977.0,-1.521,-0.88
603418,友升股份,43.96,43.95,43.96,43.74,43.78,44.52,43.5,866965.0,38200034.0,0.503,0.22
603421,鼎信通讯,5.95,5.95,5.96,5.89,5.9,6.13,5.81,9799003.0,58789322.0,1.019,0.06
603429,*ST集友,7.7,7.68,7.7,7.74,7.79,7.82,7.49,3720660.0,28314094.0,-0.517,-0.04
603435,嘉德利,52.85,52.85,52.86,53.79,53.4,55.81,52.71,3917914.0,212699570.0,-1.748,-0.94
603439,三力制药,11.98,11.98,12.0,12.25,12.18,12.4,11.95,9660600.0,117389190.0,-2.204,-0.27
603444,吉比特,360.2,360.2,360.21,354.01,351.0,369.99,341.91,2733646.0,976809287.0,1.749,6.19
603456,九洲药业,14.77,14.77,14.78,13.95,13.75,15.06,13.62,36587694.0,530663783.0,5.878,0.82
603458,勘设股份,8.69,8.69,8.7,9.0,9.01,9.07,8.69,18625256.0,165403047.0,-3.444,-0.31
603459,红板科技,91.05,91.05,91.06,93.8,94.0,99.93,91.05,17929014.0,1701985101.0,-2.932,-2.75
603466,风语筑,11.6,11.59,11.6,11.33,11.1,12.05,11.1,68694797.0,809288175.0,2.383,0.27
603477,巨星农牧,15.65,15.65,15.66,15.38,15.06,16.0,15.05,20653275.0,322973969.0,1.756,0.27
603486,科沃斯,51.68,51.68,51.7,50.81,51.0,52.76,50.11,6329421.0,327827156.0,1.712,0.87
603488,展鹏科技,8.91,8.91,8.92,8.66,8.66,9.28,8.6,9735200.0,87997011.0,2.887,0.25
603489,八方股份,25.49,25.48,25.49,25.76,25.83,26.19,25.48,2339771.0,60501402.0,-1.048,-0.27
603496,恒为科技,25.72,25.72,25.73,25.81,24.85,26.33,24.81,30534571.0,782752904.0,-0.349,-0.09
603499,翔港科技,12.77,12.77,12.79,12.88,12.8,13.18,12.6,5874603.0,75617655.0,-0.854,-0.11
603500,祥和实业,10.19,10.19,10.2,10.1,10.13,10.61,10.04,11229004.0,116148198.0,0.891,0.09
603501,豪威集团,103.21,103.21,103.22,107.14,105.94,109.8,103.2,44859982.0,4794866740.0,-3.668,-3.93
603505,金石资源,16.71,16.71,16.72,17.12,17.02,17.82,16.66,43447914.0,743477461.0,-2.395,-0.41
603506,南都物业,9.7,9.7,9.73,9.56,9.51,9.91,9.4,3862440.0,37582402.0,1.464,0.14
603507,振江股份,30.94,30.93,30.94,31.43,31.43,31.99,30.85,5168453.0,162148317.0,-1.559,-0.49
603508,思维列控,21.97,21.97,21.98,21.81,21.81,22.2,21.48,3187618.0,69894620.0,0.734,0.16
603511,爱慕股份,11.92,11.92,11.94,12.02,11.95,12.22,11.81,2296946.0,27549845.0,-0.832,-0.1
603515,欧普照明,17.25,17.25,17.26,17.18,17.1,17.41,16.93,834284.0,14382541.0,0.407,0.07
603516,淳中科技,106.52,106.51,106.52,107.82,106.46,111.41,106.46,5724469.0,622503354.0,-1.206,-1.3
603517,ST绝味,10.1,10.1,10.11,9.81,9.81,10.14,9.64,5895800.0,58604884.0,2.956,0.29
603518,锦泓集团,7.81,7.8,7.81,7.77,7.7,7.93,7.65,6802716.0,53099537.0,0.515,0.04
603519,立霸股份,14.72,14.72,14.73,14.55,14.54,15.1,14.27,9651068.0,140732130.0,1.168,0.17
603520,司太立,9.64,9.63,9.64,9.45,9.39,9.88,9.23,18855880.0,181832290.0,2.011,0.19
603527,众源新材,10.23,10.23,10.24,10.35,10.33,10.55,10.23,10256618.0,106284001.0,-1.159,-0.12
603528,多伦科技,5.95,5.94,5.95,5.81,5.79,6.08,5.63,14256625.0,84135291.0,2.41,0.14
603529,爱玛科技,20.28,20.28,20.29,19.98,19.85,20.29,19.54,7316265.0,146486696.0,1.502,0.3
603530,神马电力,48.27,48.22,48.27,48.98,48.99,50.6,48.11,2977500.0,146038490.0,-1.45,-0.71
603533,掌阅科技,19.33,19.33,19.34,18.89,18.54,20.28,18.35,30000400.0,585039354.0,2.329,0.44
603535,嘉诚国际,6.07,6.07,6.08,5.94,5.93,6.21,5.82,5403109.0,32903894.0,2.189,0.13
603536,惠发食品,8.1,8.09,8.1,7.93,7.94,8.21,7.75,4367599.0,35247310.0,2.144,0.17
603538,美诺华,30.88,30.88,0.0,28.07,27.8,30.88,27.31,71533500.0,2134658734.0,10.011,2.81
603551,奥普科技,9.2,9.19,9.2,9.03,8.94,9.3,8.9,1533500.0,14053119.0,1.883,0.17
603556,海兴电力,22.9,22.9,0.0,20.82,20.76,22.9,20.66,8817920.0,195029470.0,9.99,2.08
603557,*ST起步,4.29,4.29,4.3,4.29,4.25,4.34,4.22,3356100.0,14356005.0,0.0,0.0
603558,健盛集团,11.64,11.63,11.64,11.62,11.64,11.86,11.43,4316300.0,50051884.0,0.172,0.02
603559,中通国脉,8.78,8.78,0.0,7.98,8.05,8.78,8.01,7945500.0,68745569.0,10.025,0.8
603565,中谷物流,9.92,9.91,9.92,9.82,9.85,9.95,9.75,6616534.0,65313624.0,1.018,0.1
603566,普莱柯,10.22,10.22,10.23,10.12,10.17,10.32,9.97,2421800.0,24689044.0,0.988,0.1
603567,珍宝岛,4.78,4.77,4.78,4.62,4.57,4.88,4.47,31605973.0,149690283.0,3.463,0.16
603568,伟明环保,15.95,15.95,15.96,15.85,15.87,16.05,15.6,7658125.0,121378641.0,0.631,0.1
603569,长久物流,5.48,5.48,5.49,5.36,5.37,5.55,5.3,5968380.0,32685167.0,2.239,0.12
603577,汇金通,9.35,9.35,9.36,9.26,9.29,9.45,9.08,3712500.0,34571303.0,0.972,0.09
603578,三星新材,13.37,13.37,0.0,12.15,12.34,13.37,12.25,5151810.0,67180351.0,10.041,1.22
603579,荣泰健康,17.82,17.82,17.83,17.65,17.65,18.15,17.31,3105378.0,55392935.0,0.963,0.17
603580,艾艾精工,30.68,0.0,0.0,30.68,0.0,0.0,0.0,0.0,0.0,0.0,0.0
603583,捷昌驱动,23.5,23.5,23.52,22.75,22.53,24.47,22.53,6537093.0,154609268.0,3.297,0.75
603585,苏利股份,9.36,9.35,9.36,9.29,9.3,9.54,9.11,5273961.0,49556544.0,0.753,0.07
603586,金麒麟,12.89,12.89,12.9,12.79,12.79,13.12,12.66,1428900.0,18496356.0,0.782,0.1
603587,地素时尚,11.46,11.46,11.49,11.53,11.6,11.63,11.36,2207663.0,25372448.0,-0.607,-0.07
603588,高能环境,14.81,14.81,14.82,15.85,15.6,15.72,14.8,95310899.0,1457658435.0,-6.562,-1.04
603589,口子窖,18.64,18.63,18.64,18.1,18.15,18.77,17.86,6610144.0,122152384.0,2.983,0.54
603590,康辰药业,31.93,31.93,31.94,31.67,31.82,32.75,31.07,4483200.0,143524826.0,0.821,0.26
603595,ST东尼,29.9,29.9,29.92,31.82,31.61,32.79,29.9,3085900.0,96678457.0,-6.034,-1.92
603596,伯特利,25.75,25.7,25.75,25.81,25.6,26.27,25.27,17884408.0,460665539.0,-0.232,-0.06
603598,引力传媒,16.64,16.64,16.65,16.18,16.04,17.15,15.7,18265300.0,304417193.0,2.843,0.46
603599,广信股份,9.69,9.68,9.69,9.48,9.48,9.83,9.3,12869709.0,123497280.0,2.215,0.21
603600,永艺股份,9.2,9.19,9.2,9.17,9.17,9.34,9.03,4118100.0,37875336.0,0.327,0.03
603601,再升科技,10.61,10.61,10.62,10.28,10.25,11.29,10.15,149034253.0,1605286698.0,3.21,0.33
603602,纵横通信,10.9,10.9,10.91,10.6,10.65,11.18,10.46,4971760.0,54456079.0,2.83,0.3
603605,珀莱雅,57.72,57.72,57.75,57.01,56.51,58.54,56.18,3709796.0,213813216.0,1.245,0.71
603606,东方电缆,39.98,39.97,39.98,39.0,38.62,40.77,38.31,16862390.0,666049881.0,2.513,0.98
603607,京华激光,23.56,23.56,23.58,24.7,24.2,24.96,23.46,6454600.0,155892001.0,-4.615,-1.14
603608,天创时尚,26.06,26.06,26.07,25.43,25.3,27.17,24.8,27052217.0,704810583.0,2.477,0.63
603609,禾丰股份,6.5,6.48,6.5,6.25,6.29,6.5,6.15,4501885.0,28798074.0,4.0,0.25
603610,麒盛科技,14.67,14.66,14.67,14.48,14.77,15.28,13.91,12647069.0,183613869.0,1.312,0.19
603611,诺力股份,17.03,17.02,17.03,16.85,16.85,17.34,16.66,2040680.0,34771302.0,1.068,0.18
603612,索通发展,16.01,16.0,16.01,16.09,16.1,16.38,15.91,12548264.0,202854238.0,-0.497,-0.08
603613,国联股份,18.21,18.21,18.22,18.02,18.09,18.66,17.75,10978385.0,200677922.0,1.054,0.19
603615,茶花股份,16.9,16.9,16.91,16.7,16.86,17.37,16.45,3645500.0,61847372.0,1.198,0.2
603616,韩建河山,5.7,5.69,5.7,5.53,5.5,5.78,5.3,35591294.0,198998697.0,3.074,0.17
603617,君禾股份,6.54,6.54,6.55,6.51,6.45,6.64,6.44,8358231.0,54578802.0,0.461,0.03
603618,杭电股份,35.21,35.21,35.22,36.61,36.3,39.07,35.2,80225104.0,2979396704.0,-3.824,-1.4
603619,中曼石油,19.13,19.12,19.13,19.01,18.12,19.39,17.87,49774701.0,932207646.0,0.631,0.12
603626,科森科技,17.01,17.0,17.01,16.9,17.0,17.89,16.86,23064795.0,399324756.0,0.651,0.11
603628,清源股份,9.25,9.25,9.26,9.11,9.12,9.47,9.0,3843700.0,35725848.0,1.537,0.14
603629,利通电子,116.6,116.6,116.61,123.35,122.11,127.62,115.66,35843029.0,4387649292.0,-5.472,-6.75
603630,拉芳家化,13.39,13.39,13.42,13.2,13.2,13.65,12.9,4417800.0,59185623.0,1.439,0.19
603633,徕木股份,6.56,6.56,6.57,6.48,6.49,6.83,6.45,14243170.0,95309787.0,1.235,0.08
603636,南威软件,7.95,7.95,7.96,7.72,7.66,8.12,7.6,14370499.0,114278355.0,2.979,0.23
603637,镇海股份,13.55,13.54,13.55,13.45,13.24,13.95,13.24,8027660.0,109295448.0,0.743,0.1
603638,艾迪精密,22.73,22.73,22.74,22.55,22.69,23.82,22.34,27172153.0,626256250.0,0.798,0.18
603639,海利尔,10.23,10.22,10.23,10.13,10.13,10.37,10.01,1258320.0,12874806.0,0.987,0.1
603648,畅联股份,9.43,9.43,9.44,9.31,9.24,9.65,9.21,6434273.0,61149367.0,1.289,0.12
603650,彤程新材,82.75,82.75,82.76,89.56,90.92,92.85,82.56,40044018.0,3529144285.0,-7.604,-6.81
603655,朗博科技,30.08,30.03,30.08,28.81,28.81,30.59,28.5,1634300.0,49048457.0,4.408,1.27
603656,泰禾智能,17.0,17.0,17.01,17.05,16.99,17.33,16.83,1543100.0,26396641.0,-0.293,-0.05
603657,春光科技,22.98,22.97,23.0,23.16,23.3,23.6,22.73,2485100.0,57521505.0,-0.777,-0.18
603658,安图生物,30.78,30.78,30.79,30.59,30.61,31.18,30.04,2481960.0,76165229.0,0.621,0.19
603659,璞泰来,24.6,24.59,24.6,25.46,25.54,25.89,24.59,35927826.0,902319458.0,-3.378,-0.86
603660,苏州科达,10.5,10.5,10.51,10.26,10.51,11.05,10.19,22729521.0,241745502.0,2.339,0.24
603661,恒林股份,38.1,38.1,38.12,40.3,40.16,40.16,37.77,6403253.0,247811139.0,-5.459,-2.2
603662,柯力传感,63.84,63.84,63.85,63.63,63.63,67.6,63.5,15671782.0,1023565627.0,0.33,0.21
603663,三祥新材,73.98,73.98,73.99,79.63,80.45,81.91,73.97,15702329.0,1220917777.0,-7.095,-5.65
603665,康隆达,26.68,26.65,26.68,26.29,26.29,27.38,26.05,2036092.0,54379370.0,1.483,0.39
603666,亿嘉和,28.65,28.65,28.66,28.45,29.1,30.0,28.45,14270440.0,418190402.0,0.703,0.2
603667,五洲新春,61.5,61.5,61.51,59.65,59.0,63.58,59.0,31211920.0,1918351788.0,3.101,1.85
603668,天马科技,11.94,11.94,11.95,12.29,12.39,12.39,11.85,8618119.0,103623106.0,-2.848,-0.35
603669,灵康药业,6.18,6.18,6.19,6.16,6.1,6.45,6.01,41331140.0,259034508.0,0.325,0.02
603676,卫信康,8.76,8.76,8.77,8.66,8.62,8.86,8.5,2393691.0,20864613.0,1.155,0.1
603677,奇精机械,12.56,12.56,12.61,12.31,12.22,12.87,12.18,2153500.0,27123596.0,2.031,0.25
603678,火炬电子,59.45,59.45,59.46,63.5,62.94,67.24,59.3,33955155.0,2152478747.0,-6.378,-4.05
603679,华体科技,18.88,18.87,18.88,18.15,18.1,19.4,17.95,6431323.0,121209269.0,4.022,0.73
603680,今创集团,9.92,9.92,9.93,9.81,9.75,10.13,9.6,4033243.0,40002434.0,1.121,0.11
603681,XD永冠新,19.28,19.27,19.28,19.28,19.3,20.3,19.25,8178570.0,161410192.0,0.0,0.0
603682,锦和商管,8.68,8.68,8.69,7.95,7.93,8.75,7.89,29004700.0,249167209.0,9.182,0.73
603683,晶华新材,30.5,30.49,30.5,30.58,30.5,30.72,29.6,11567000.0,349281773.0,-0.262,-0.08
603685,晨丰科技,29.75,29.75,29.78,28.64,28.62,31.4,28.54,5974231.0,179633384.0,3.876,1.11
603686,福龙马,12.85,12.84,12.85,12.56,12.68,13.11,12.36,14341096.0,184011731.0,2.309,0.29
603687,大胜达,15.18,15.17,15.18,16.83,16.18,16.7,15.17,43599600.0,692387016.0,-9.804,-1.65
603688,石英股份,65.5,65.5,65.57,67.17,68.98,71.17,65.5,26228059.0,1802634393.0,-2.486,-1.67
603689,皖天然气,7.21,7.21,7.22,7.2,7.13,7.25,7.1,3068380.0,22058586.0,0.139,0.01
603690,至纯科技,33.32,33.31,33.32,33.62,34.0,36.98,33.3,63208432.0,2247391487.0,-0.892,-0.3
603693,江苏新能,11.73,11.73,11.74,11.39,11.41,11.95,11.26,8734255.0,102028445.0,2.985,0.34
603696,安记食品,11.6,11.59,11.6,11.27,11.35,11.78,11.07,4882782.0,56444228.0,2.928,0.33
603697,有友食品,10.3,10.3,10.31,9.81,9.78,10.6,9.65,10690320.0,109838722.0,4.995,0.49
603698,航天工程,44.09,44.09,0.0,40.08,40.22,44.09,38.08,34449251.0,1439611706.0,10.005,4.01
603699,纽威股份,46.8,46.8,46.82,47.63,47.63,48.49,46.8,4116294.0,195055014.0,-1.743,-0.83
603700,宁水集团,11.52,11.5,11.52,11.43,11.41,11.63,11.27,3807600.0,43648444.0,0.787,0.09
603701,德宏股份,21.52,21.51,21.52,21.81,21.78,21.98,21.45,3331900.0,72147796.0,-1.33,-0.29
603703,盛洋科技,10.15,10.15,10.16,9.93,10.1,10.58,10.02,15306900.0,157226386.0,2.216,0.22
603706,东方环宇,18.58,18.58,18.59,18.58,18.43,18.83,18.23,858800.0,15925498.0,0.0,0.0
603707,健友股份,7.49,7.49,7.5,7.24,7.24,7.61,7.14,15218960.0,113314673.0,3.453,0.25
603708,家家悦,9.02,9.02,9.03,8.92,8.95,9.11,8.78,3246200.0,29140950.0,1.121,0.1
603709,中源家居,13.58,13.58,13.59,13.28,13.12,13.89,13.02,2491201.0,33822401.0,2.259,0.3
603711,香飘飘,11.34,11.33,11.34,11.37,11.29,11.6,11.15,3584600.0,40862950.0,-0.264,-0.03
603712,七一二,12.81,12.81,12.82,11.92,11.94,13.11,11.86,32606462.0,416372556.0,7.466,0.89
603713,密尔克卫,74.59,74.56,74.59,76.01,76.9,77.2,74.17,4517521.0,339671888.0,-1.868,-1.42
603716,塞力医疗,14.36,14.35,14.36,13.47,13.26,14.76,13.07,17577881.0,250435866.0,6.607,0.89
603717,天域生物,6.47,6.47,6.48,6.37,6.33,6.68,6.26,16638899.0,107845537.0,1.57,0.1
603718,*ST海利,2.87,2.87,2.88,2.79,2.79,2.91,2.76,6076300.0,17308554.0,2.867,0.08
603719,良品铺子,9.0,8.99,9.0,8.71,8.71,9.04,8.54,6956299.0,61551676.0,3.33,0.29
603721,中广天择,16.46,16.46,16.47,16.15,16.2,16.85,15.94,2897700.0,47856850.0,1.92,0.31
603722,阿科力,37.46,37.46,37.5,38.15,38.06,41.38,37.12,9087157.0,352183397.0,-1.809,-0.69
603725,XD天安新,13.64,13.64,13.65,13.3,13.11,13.92,12.99,23081156.0,312928009.0,2.556,0.34
603726,朗迪集团,32.71,32.7,32.71,33.5,35.31,35.31,32.68,17033886.0,582070242.0,-2.358,-0.79
603727,博迈科,16.31,16.3,16.31,16.05,16.06,16.7,15.7,4148000.0,67216979.0,1.62,0.26
603728,鸣志电器,60.36,60.36,60.38,59.65,60.48,63.99,60.03,12905537.0,799751142.0,1.19,0.71
603729,ST龙韵,10.94,10.91,10.94,10.75,10.74,11.05,10.5,1295900.0,14038293.0,1.767,0.19
603730,岱美股份,10.89,10.89,10.9,11.19,11.3,11.89,10.88,21569070.0,241264336.0,-2.681,-0.3
603733,仙鹤股份,21.37,21.37,21.38,22.5,22.43,22.58,21.35,10011300.0,218463035.0,-5.022,-1.13
603737,三棵树,23.04,23.04,23.05,22.88,22.77,23.77,22.43,11622238.0,269945933.0,0.699,0.16
603738,泰晶科技,46.57,46.57,46.58,48.1,49.5,51.48,46.5,39332923.0,1922022707.0,-3.181,-1.53
603739,蔚蓝生物,11.85,11.85,11.88,11.71,11.65,12.03,11.42,2436680.0,28825538.0,1.196,0.14
603755,日辰股份,23.17,23.17,23.18,22.55,22.36,23.34,22.05,1075400.0,24655225.0,2.749,0.62
603757,大元泵业,77.53,77.52,77.53,77.12,77.12,80.14,76.35,16148000.0,1265023904.0,0.532,0.41
603758,秦安股份,9.61,9.61,9.63,9.6,9.6,9.9,9.57,4538950.0,44201630.0,0.104,0.01
603759,海天股份,7.11,7.11,7.12,7.02,7.02,7.23,6.94,4541800.0,32282415.0,1.282,0.09
603766,隆鑫通用,11.85,11.84,11.85,12.3,12.17,12.36,11.68,30757300.0,365133439.0,-3.659,-0.45
603767,中马传动,14.76,14.76,14.77,14.32,14.18,15.19,14.18,8338513.0,123512361.0,3.073,0.44
603768,常青股份,9.86,9.86,9.89,9.9,9.84,10.09,9.77,3792599.0,37693982.0,-0.404,-0.04
603773,沃格光电,118.14,118.14,118.17,125.6,129.06,136.66,118.14,30186852.0,3874319057.0,-5.939,-7.46
603776,永安行,19.5,19.5,19.51,20.15,20.15,20.3,19.5,2145652.0,42680644.0,-3.226,-0.65
603777,来伊份,15.6,15.6,15.63,15.45,15.47,16.16,15.23,8207900.0,129753655.0,0.971,0.15
603778,国晟科技,11.32,11.32,11.33,11.02,11.01,11.86,10.82,94830702.0,1079845680.0,2.722,0.3
603779,威龙股份,7.88,7.87,7.88,7.57,7.59,8.07,7.45,19181200.0,150895243.0,4.095,0.31
603786,科博达,41.4,41.4,41.41,41.44,41.5,42.55,41.24,2000573.0,83637653.0,-0.097,-0.04
603787,新日股份,9.5,9.49,9.5,9.33,9.26,9.63,9.21,2622500.0,24885955.0,1.822,0.17
603788,宁波高发,13.6,13.59,13.6,13.38,13.34,13.85,13.22,1961918.0,26733293.0,1.644,0.22
603789,ST星农,6.78,6.78,6.79,7.06,6.93,7.27,6.75,12349590.0,86598457.0,-3.966,-0.28
603790,雅运股份,21.95,21.95,21.96,22.0,21.96,22.7,21.7,3239200.0,71933806.0,-0.227,-0.05
603797,联泰环保,3.89,3.89,3.9,3.84,3.82,3.98,3.76,6067980.0,23570447.0,1.302,0.05
603798,康普顿,13.14,13.14,13.15,13.08,13.0,13.43,12.84,3957830.0,52172803.0,0.459,0.06
603799,华友钴业,41.51,41.51,41.52,42.19,41.9,43.09,41.5,56024500.0,2364782392.0,-1.612,-0.68
603800,洪田股份,84.38,84.25,84.38,82.6,83.0,90.5,81.13,12575923.0,1077517401.0,2.155,1.78
603801,志邦家居,5.5,5.5,5.51,5.38,5.39,5.59,5.27,7612320.0,41739280.0,2.23,0.12
603803,瑞斯康达,11.45,11.45,11.46,11.13,11.1,11.79,11.1,24690880.0,285121755.0,2.875,0.32
603806,福斯特,14.24,14.23,14.24,14.69,14.61,14.79,14.22,35257173.0,512287091.0,-3.063,-0.45
603808,歌力思,7.6,7.6,7.62,7.54,7.47,7.75,7.38,5345450.0,40698153.0,0.796,0.06
603809,豪能股份,9.11,9.11,9.12,8.79,8.78,9.37,8.74,17100449.0,155365447.0,3.641,0.32
603810,丰山集团,11.23,11.23,11.27,11.01,11.01,11.5,10.81,2354620.0,26472100.0,1.998,0.22
603811,诚意药业,7.31,7.3,7.31,7.23,7.23,7.42,7.1,4998812.0,36445071.0,1.107,0.08
603813,原尚股份,34.99,34.87,34.99,36.42,38.69,38.69,34.41,1591666.0,57464016.0,-3.926,-1.43
603815,交建股份,6.79,6.78,6.79,6.75,6.75,6.89,6.6,18086429.0,122170477.0,0.593,0.04
603816,顾家家居,22.34,22.34,22.35,22.11,21.96,22.5,21.6,6334235.0,140564013.0,1.04,0.23
603817,海峡环保,5.36,5.36,5.37,5.27,5.29,5.45,5.18,10279500.0,55074132.0,1.708,0.09
603818,曲美家居,3.45,3.45,3.46,3.35,3.33,3.58,3.33,43342400.0,151396912.0,2.985,0.1
603819,神力股份,13.58,13.58,13.6,13.41,13.44,14.02,13.3,12073810.0,166486000.0,1.268,0.17
603822,ST嘉澳,61.99,61.99,62.0,62.74,63.88,64.51,61.66,887600.0,55527834.0,-1.195,-0.75
603823,百合花,66.16,66.15,66.16,69.12,67.38,72.27,64.8,25467517.0,1731849620.0,-4.282,-2.96
603825,ST华扬,6.99,6.98,6.99,6.78,6.72,6.99,6.65,2214600.0,15163047.0,3.097,0.21
603826,坤彩科技,22.51,22.51,22.58,22.0,22.0,23.16,21.86,9554917.0,216435148.0,2.318,0.51
603828,*ST利达,4.33,4.33,4.34,4.4,4.4,4.46,4.27,2236492.0,9697497.0,-1.591,-0.07
603829,洛凯股份,15.29,15.29,15.3,15.05,15.05,15.64,14.92,3366100.0,51700719.0,1.595,0.24
603833,欧派家居,32.34,32.34,32.35,31.81,31.62,32.44,31.03,3105901.0,99447470.0,1.666,0.53
603836,海程邦达,8.19,8.18,8.19,7.95,7.91,8.31,7.86,6239020.0,50631582.0,3.019,0.24
603838,*ST四通,8.55,8.55,8.56,8.6,8.54,8.7,8.49,1487300.0,12736115.0,-0.581,-0.05
603839,安正时尚,5.81,5.8,5.81,5.72,5.66,5.97,5.57,4137640.0,24116903.0,1.573,0.09
603843,*ST正平,6.49,6.48,6.49,6.21,6.16,6.79,6.1,28383160.0,183430669.0,4.509,0.28
603848,好太太,14.33,14.32,14.33,14.4,14.26,14.59,14.2,2002200.0,28901527.0,-0.486,-0.07
603855,华荣股份,16.54,16.53,16.54,16.65,16.6,16.72,16.27,1428100.0,23588768.0,-0.661,-0.11
603856,东宏股份,13.09,13.09,13.1,12.87,12.88,13.27,12.8,5322205.0,69676753.0,1.709,0.22
603858,步长制药,15.49,15.49,15.5,15.61,15.43,15.69,15.2,8444825.0,130590574.0,-0.769,-0.12
603859,能科科技,45.66,45.65,45.66,45.25,45.0,47.9,44.0,14700977.0,682349839.0,0.906,0.41
603860,中公高科,24.4,24.4,24.45,23.95,24.05,24.74,23.58,1375600.0,33474859.0,1.879,0.45
603861,白云电器,13.04,13.04,13.05,13.51,13.4,13.59,13.04,22939300.0,305022631.0,-3.479,-0.47
603863,松炀资源,12.99,12.99,13.0,12.71,12.6,13.48,12.6,6569700.0,85484819.0,2.203,0.28
603866,桃李面包,3.85,3.85,3.86,3.79,3.8,3.88,3.73,12584773.0,48101143.0,1.583,0.06
603867,新化股份,31.66,31.66,31.68,32.96,33.77,34.48,31.61,8549247.0,280584275.0,-3.944,-1.3
603868,飞科电器,30.3,30.29,30.3,29.98,30.2,30.6,29.71,746100.0,22596607.0,1.067,0.32
603869,ST智知,8.45,8.4,8.45,8.25,8.24,8.48,8.16,863255.0,7239437.0,2.424,0.2
603871,嘉友国际,11.25,11.25,11.26,11.14,11.06,11.4,10.8,10147498.0,113492851.0,0.987,0.11
603876,鼎胜新材,21.0,21.0,21.01,21.8,21.66,21.99,21.0,28178087.0,605425932.0,-3.67,-0.8
603877,太平鸟,12.81,12.8,12.81,12.66,12.6,12.92,12.49,1184966.0,15091974.0,1.185,0.15
603878,武进不锈,4.95,4.94,4.95,4.84,4.81,5.07,4.76,15993900.0,79217965.0,2.273,0.11
603879,永悦科技,4.46,4.45,4.46,4.29,4.29,4.64,4.21,15044100.0,67237334.0,3.963,0.17
603880,南卫股份,7.1,7.1,7.11,7.2,7.1,7.29,7.06,8989660.0,64491935.0,-1.389,-0.1
603881,数据港,25.32,25.31,25.32,24.42,24.04,26.33,23.95,59125064.0,1503064681.0,3.686,0.9
603882,金域医学,24.62,24.61,24.62,22.89,22.97,25.18,22.61,13233441.0,324254389.0,7.558,1.73
603883,老百姓,11.41,11.41,11.42,11.26,11.33,11.57,11.12,8232395.0,93636024.0,1.332,0.15
603885,吉祥航空,10.28,10.28,10.29,10.16,10.16,10.32,10.03,17257266.0,176036410.0,1.181,0.12
603886,元祖股份,12.31,12.31,12.32,12.23,12.15,12.47,11.9,4064500.0,49643159.0,0.654,0.08
603887,城地香江,9.08,9.08,9.09,8.86,8.85,9.49,8.73,25524736.0,234355765.0,2.483,0.22
603888,新华网,17.6,17.59,17.6,17.05,16.93,18.08,16.74,15286999.0,268413853.0,3.226,0.55
603889,新澳股份,5.23,5.22,5.23,5.17,5.17,5.34,5.1,10117159.0,52917014.0,1.161,0.06
603890,春秋电子,22.92,22.91,22.92,22.92,22.85,23.74,22.69,29535723.0,688471855.0,0.0,0.0
603893,瑞芯微,208.8,208.78,208.8,207.36,210.0,227.0,207.0,29823496.0,6470294920.0,0.694,1.44
603895,天永智能,30.08,30.05,30.08,30.68,30.46,31.13,30.0,1729900.0,52670837.0,-1.956,-0.6
603896,寿仙谷,13.85,13.85,13.86,13.64,13.59,13.98,13.39,1237400.0,17058348.0,1.54,0.21
603897,长城科技,28.03,28.02,28.03,28.32,28.04,28.8,28.03,7431367.0,210864804.0,-1.024,-0.29
603898,好莱客,15.27,15.27,0.0,13.88,14.49,15.27,14.44,5681400.0,85651945.0,10.014,1.39
603899,晨光股份,21.45,21.45,21.52,21.38,21.38,21.76,21.1,3512451.0,75434516.0,0.327,0.07
603900,莱绅通灵,5.73,5.72,5.73,5.6,5.57,5.86,5.51,9263780.0,53057198.0,2.321,0.13
603901,永创智能,10.11,10.11,10.12,10.2,10.2,10.32,10.07,10044613.0,102329584.0,-0.882,-0.09
603903,中持股份,15.92,15.91,15.92,16.15,15.88,16.5,15.6,17983510.0,288973748.0,-1.424,-0.23
603906,龙蟠科技,22.16,22.16,22.17,24.62,23.91,24.62,22.16,65914596.0,1524730618.0,-9.992,-2.46
603908,牧高笛,17.52,17.52,17.55,16.88,16.96,17.91,16.65,1496140.0,26048965.0,3.791,0.64
603909,建发合诚,8.75,8.75,8.76,8.63,8.63,8.94,8.46,2804031.0,24541605.0,1.39,0.12
603912,佳力图,7.51,7.5,7.51,7.3,7.4,7.75,7.19,23382444.0,176589550.0,2.877,0.21
603915,国茂股份,14.17,14.17,14.19,14.07,14.01,14.72,13.98,10348461.0,148976499.0,0.711,0.1
603916,苏博特,11.56,11.56,11.57,11.64,11.65,11.93,11.56,11150080.0,130635621.0,-0.687,-0.08
603917,合力科技,12.97,12.97,12.98,13.11,13.18,13.75,12.97,4975600.0,65596375.0,-1.068,-0.14
603918,金桥信息,9.67,9.67,9.68,9.36,9.28,9.87,9.18,11797935.0,114138657.0,3.312,0.31
603919,金徽酒,14.63,14.63,14.64,14.14,14.12,14.88,13.9,8488591.0,123490397.0,3.465,0.49
603920,世运电路,41.76,41.76,41.77,42.98,43.13,44.24,41.76,28194493.0,1222057417.0,-2.839,-1.22
603922,ST金鸿顺,12.38,12.37,12.38,12.65,12.6,12.95,12.38,1573100.0,19904902.0,-2.134,-0.27
603926,铁流股份,17.05,17.05,17.06,16.74,16.82,17.72,16.6,5047230.0,86705848.0,1.852,0.31
603927,中科软,13.0,13.0,13.02,12.81,12.77,13.32,12.6,12953591.0,169299526.0,1.483,0.19
603928,兴业股份,18.8,18.8,18.81,18.0,17.36,19.8,17.0,82903538.0,1516056639.0,4.444,0.8
603929,亚翔集成,214.58,214.58,214.59,209.58,216.0,230.54,214.55,10059687.0,2240361894.0,2.386,5.0
603931,格林达,57.98,57.98,57.99,55.6,55.96,61.0,50.41,22426014.0,1251567652.0,4.281,2.38
603933,睿能科技,22.46,22.46,22.51,23.2,23.68,23.68,22.46,9323528.0,216524849.0,-3.19,-0.74
603936,博敏电子,19.38,19.38,19.39,19.83,20.0,21.28,19.35,48915288.0,994487159.0,-2.269,-0.45
603937,丽岛新材,11.18,11.18,11.19,12.34,11.11,11.78,11.11,21113245.0,237002991.0,-9.4,-1.16
603938,三孚股份,52.79,52.79,52.8,55.92,56.51,58.99,52.79,22008453.0,1227152028.0,-5.597,-3.13
603939,益丰药房,20.11,20.11,20.12,20.14,20.01,20.62,19.8,9925596.0,201175470.0,-0.149,-0.03
603948,建业股份,23.0,22.99,23.0,23.55,23.31,23.77,22.85,5841600.0,135599663.0,-2.335,-0.55
603949,雪龙集团,18.88,18.86,18.88,18.68,18.68,19.35,18.66,6488000.0,123700394.0,1.071,0.2
603950,长源东谷,71.5,71.5,71.51,77.2,78.73,82.0,71.1,12896880.0,973039710.0,-7.383,-5.7
603955,大千生态,19.05,19.04,19.05,18.91,18.93,19.63,18.52,2048230.0,39301261.0,0.74,0.14
603956,威派格,5.95,5.95,5.96,5.85,5.85,6.11,5.76,26648430.0,159020046.0,1.709,0.1
603958,哈森股份,15.63,15.63,15.66,16.25,16.14,16.38,15.63,4982200.0,79177820.0,-3.815,-0.62
603959,ST百利,4.62,4.61,4.62,4.55,4.5,4.63,4.46,7605796.0,34534825.0,1.538,0.07
603960,克来机电,16.15,16.14,16.15,15.89,15.88,16.58,15.77,6517921.0,106129822.0,1.636,0.26
603966,法兰泰克,8.34,8.34,8.35,8.48,8.45,8.57,8.33,8144252.0,68747780.0,-1.651,-0.14
603967,中创物流,11.11,11.11,11.13,11.17,11.2,11.3,11.04,2433000.0,27141831.0,-0.537,-0.06
603968,醋化股份,9.34,9.34,9.35,9.12,9.08,9.45,8.92,3274900.0,30367208.0,2.412,0.22
603969,银龙股份,7.67,7.67,7.68,7.55,7.5,7.76,7.22,17332441.0,130801826.0,1.589,0.12
603970,中农立华,10.03,10.03,10.04,10.01,10.04,10.2,9.85,2269483.0,22814938.0,0.2,0.02
603976,正川股份,26.59,26.58,26.59,27.69,27.69,27.83,25.61,9620127.0,254863931.0,-3.973,-1.1
603977,国泰集团,12.83,12.82,12.83,12.8,12.95,13.3,12.65,24954219.0,323225353.0,0.234,0.03
603978,深圳新星,22.92,22.92,22.93,23.86,23.63,24.68,22.9,13952407.0,327368019.0,-3.94,-0.94
603979,金诚信,65.25,65.25,65.29,65.84,65.35,66.99,62.09,10682505.0,696152128.0,-0.896,-0.59
603980,吉华集团,6.03,6.03,6.04,6.24,6.17,6.28,6.03,21890360.0,134718311.0,-3.365,-0.21
603982,泉峰汽车,5.65,5.64,5.65,5.51,5.53,5.77,5.46,6155885.0,34738932.0,2.541,0.14
603983,丸美生物,29.55,29.55,29.56,30.49,30.0,30.6,29.27,5859401.0,175365809.0,-3.083,-0.94
603985,恒润股份,21.38,21.38,21.39,21.27,21.27,22.68,20.9,16367536.0,359558696.0,0.517,0.11
603986,兆易创新,612.0,611.99,612.0,663.49,688.0,707.97,607.18,88745662.0,59381239201.0,-7.76,-51.49
603987,康德莱,7.23,7.22,7.23,7.09,7.13,7.3,7.01,3916250.0,28158072.0,1.975,0.14
603988,中电电机,16.21,16.2,16.21,15.75,15.83,16.6,15.52,4863300.0,78952508.0,2.921,0.46
603989,艾华集团,38.3,38.3,38.32,41.5,42.1,42.51,38.19,24372754.0,983694256.0,-7.711,-3.2
603990,麦迪科技,20.25,20.25,20.26,20.95,20.99,21.7,20.12,25543858.0,531587403.0,-3.341,-0.7
603991,领先股份,161.31,161.3,161.34,167.06,174.09,178.0,161.16,11714617.0,1994550763.0,-3.442,-5.75
603992,松霖科技,25.82,25.82,25.83,26.45,26.21,26.45,25.82,4117883.0,107359135.0,-2.382,-0.63
603993,洛阳钼业,17.5,17.49,17.5,17.19,17.54,18.1,17.26,260316433.0,4587975820.0,1.803,0.31
603995,甬金股份,21.89,21.84,21.89,21.82,21.79,22.39,21.54,7061885.0,155581088.0,0.321,0.07
603997,继峰股份,11.36,11.36,11.37,11.33,11.48,11.59,11.21,9575800.0,109117625.0,0.265,0.03
603998,方盛制药,9.29,9.29,9.3,9.18,9.18,9.45,9.02,8258657.0,76763531.0,1.198,0.11
603999,XD读者传,5.19,5.18,5.19,5.02,5.03,5.28,4.97,9611700.0,49797780.0,3.386,0.17
605001,威奥股份,5.51,5.5,5.51,5.41,5.39,5.62,5.34,6068030.0,33458560.0,1.848,0.1
605003,众望布艺,20.64,20.64,20.65,20.13,20.33,20.95,19.78,918353.0,18840552.0,2.534,0.51
605005,合兴股份,15.59,15.58,15.6,15.41,15.41,15.66,15.2,1307040.0,20249615.0,1.168,0.18
605006,山东玻纤,16.75,16.75,16.76,17.52,17.95,18.27,16.72,58823524.0,1032619848.0,-4.395,-0.77
605007,五洲特纸,15.0,14.99,15.0,15.05,14.87,15.33,14.87,6723152.0,101475226.0,-0.332,-0.05
605008,长鸿高科,11.85,11.84,11.85,12.02,12.02,12.04,11.8,1779300.0,21206678.0,-1.414,-0.17
605009,豪悦护理,23.56,23.56,23.57,23.54,23.38,23.74,23.01,1534443.0,35965295.0,0.085,0.02
605011,杭州热电,16.33,16.33,16.34,15.88,15.86,16.76,15.73,5691800.0,93060148.0,2.834,0.45
605016,百龙创园,23.02,23.01,23.02,23.91,23.75,24.09,22.96,5436053.0,127235545.0,-3.722,-0.89
605018,长华集团,13.12,13.12,13.13,13.25,13.17,13.6,13.1,5739900.0,76652938.0,-0.981,-0.13
605020,永和股份,35.37,35.37,35.38,37.75,37.9,38.78,35.37,35538179.0,1312350464.0,-6.305,-2.38
605028,世茂能源,21.28,21.27,21.28,21.66,21.72,21.89,21.28,1160326.0,25025856.0,-1.754,-0.38
605033,美邦股份,17.37,17.32,17.37,17.06,17.05,17.62,16.7,2044700.0,35332172.0,1.817,0.31
605050,福然德,9.61,9.61,9.63,9.52,9.48,9.68,9.39,2195300.0,21032098.0,0.945,0.09
605055,迎丰股份,10.0,9.99,10.0,9.61,9.78,10.29,9.37,8098600.0,79779026.0,4.058,0.39
605056,咸亨国际,14.77,14.77,14.8,14.92,14.98,15.34,14.75,5760278.0,86662627.0,-1.005,-0.15
605058,澳弘电子,28.66,28.66,28.67,29.65,29.64,30.13,28.6,3066994.0,90308590.0,-3.339,-0.99
605060,联德股份,49.2,49.19,49.21,52.55,52.26,53.43,49.08,6193700.0,318660605.0,-6.375,-3.35
605066,天正电气,6.4,6.4,6.41,6.36,6.34,6.52,6.22,7152275.0,45808427.0,0.629,0.04
605068,明新旭腾,16.48,16.48,16.49,15.66,15.7,17.23,15.46,5932600.0,98767003.0,5.236,0.82
605069,正和生态,12.93,12.93,12.94,12.92,12.72,13.72,12.6,5806200.0,76464989.0,0.077,0.01
605077,华康股份,10.54,10.54,10.56,10.35,10.33,10.67,10.22,5979991.0,62829185.0,1.836,0.19
605080,浙江自然,19.9,19.9,19.93,19.7,19.5,20.4,19.21,1684150.0,33600828.0,1.015,0.2
605086,龙高股份,23.7,23.7,23.71,23.55,23.5,24.3,23.23,1341360.0,32046198.0,0.637,0.15
605088,冠盛股份,28.81,28.81,28.82,29.84,29.7,30.4,28.8,3641760.0,106693949.0,-3.452,-1.03
605089,味知香,19.83,19.83,19.84,19.54,19.77,20.14,19.59,1206470.0,24035718.0,1.484,0.29
605090,九丰能源,37.98,37.98,0.0,34.53,34.15,37.98,33.46,35820968.0,1318940237.0,9.991,3.45
605098,行动教育,53.37,53.37,53.52,52.96,52.96,54.18,52.25,678800.0,36272779.0,0.774,0.41
605099,共创草坪,32.14,32.14,32.15,31.3,30.96,32.63,30.92,1988038.0,63550019.0,2.684,0.84
605100,华丰股份,35.65,35.64,35.65,36.5,37.9,37.9,35.5,4084434.0,149467422.0,-2.329,-0.85
605108,同庆楼,11.72,11.71,11.72,11.47,11.46,11.87,11.3,3036000.0,35451543.0,2.18,0.25
605111,新洁能,73.34,73.34,73.35,79.58,80.5,82.5,73.2,35921850.0,2805742663.0,-7.841,-6.24
605116,奥锐特,20.21,20.2,20.21,19.18,19.19,20.55,18.9,5721600.0,114384738.0,5.37,1.03
605117,德业股份,84.0,83.99,84.0,86.19,85.98,88.3,83.84,19783760.0,1705822621.0,-2.541,-2.19
605118,力鼎光电,33.62,33.62,33.63,34.74,35.5,35.79,33.62,7467205.0,257660032.0,-3.224,-1.12
605122,四方新材,10.76,10.76,10.78,10.45,10.45,10.97,10.27,2934300.0,31453092.0,2.967,0.31
605123,派克新材,94.3,94.3,94.5,91.0,91.0,99.73,90.1,5316717.0,508122608.0,3.626,3.3
605128,上海沿浦,23.19,23.19,23.2,23.6,23.6,23.83,23.11,2683529.0,62720406.0,-1.737,-0.41
605133,嵘泰股份,33.8,33.79,33.8,34.3,33.87,35.5,33.51,9858240.0,340712217.0,-1.458,-0.5
605136,丽人丽妆,7.26,7.26,7.27,7.09,7.04,7.42,6.96,8814900.0,64142121.0,2.398,0.17
605138,盛泰集团,5.86,5.86,5.88,5.83,5.8,5.96,5.72,5050400.0,29483403.0,0.515,0.03
605151,西上海,18.41,18.41,18.43,17.9,17.7,18.94,17.7,2335200.0,43022945.0,2.849,0.51
605155,西大门,12.33,12.32,12.34,12.2,12.14,12.61,11.97,2160492.0,26703845.0,1.066,0.13
605158,华达新材,6.38,6.36,6.38,6.29,6.25,6.54,6.22,3652900.0,23394116.0,1.431,0.09
605162,新中港,7.55,7.54,7.55,7.38,7.47,7.74,7.26,10622200.0,80616450.0,2.304,0.17
605166,聚合顺,8.49,8.49,8.5,8.41,8.44,8.72,8.31,5352100.0,45897082.0,0.951,0.08
605167,利柏特,16.05,16.05,16.06,16.18,15.78,16.42,15.78,9603184.0,154399139.0,-0.803,-0.13
605168,三人行,44.82,44.82,44.83,46.22,46.25,47.11,44.8,5498338.0,252293805.0,-3.029,-1.4
605169,洪通燃气,9.07,9.07,9.08,8.96,8.96,9.25,8.76,2288948.0,20767582.0,1.228,0.11
605177,东亚药业,16.39,16.38,16.39,15.94,15.9,16.76,15.54,2930900.0,47926026.0,2.823,0.45
605178,时空科技,101.55,101.55,0.0,92.32,96.01,101.55,92.5,1864890.0,185083729.0,9.998,9.23
605179,一鸣食品,13.05,13.05,13.06,12.75,12.76,13.25,12.63,2841100.0,37012387.0,2.353,0.3
605180,华生科技,11.54,11.51,11.54,11.3,11.27,11.77,11.01,1952441.0,22442977.0,2.124,0.24
605183,确成股份,14.31,14.31,14.33,14.25,14.15,14.46,14.05,1596400.0,22823627.0,0.421,0.06
605186,健麾信息,32.78,32.75,32.78,32.72,33.5,33.55,31.57,3338000.0,108993205.0,0.183,0.06
605188,国光连锁,11.75,11.74,11.75,11.45,11.42,11.91,11.31,5155600.0,60453452.0,2.62,0.3
605189,富春染织,13.97,13.96,13.97,13.7,13.7,14.05,13.2,18258858.0,252207160.0,1.971,0.27
605196,华通线缆,24.32,24.31,24.4,23.44,23.87,25.05,22.9,20725479.0,501045890.0,3.754,0.88
605198,安德利,59.01,59.01,59.08,59.0,58.85,62.09,58.14,2307400.0,139494677.0,0.017,0.01
605199,ST葫芦娃,5.79,5.79,5.8,5.8,5.75,5.86,5.68,1732200.0,10056730.0,-0.172,-0.01
605208,永茂泰,18.86,18.86,18.87,18.3,18.1,19.39,17.87,29109919.0,545563596.0,3.06,0.56
605218,伟时电子,14.74,14.73,14.74,14.83,14.9,15.35,14.7,3626249.0,54491090.0,-0.607,-0.09
605222,起帆电缆,20.9,20.9,20.91,20.34,20.32,21.65,20.02,12176200.0,254910113.0,2.753,0.56
605228,神通科技,14.31,14.31,14.32,14.73,14.73,14.9,14.31,9227299.0,134555195.0,-2.851,-0.42
605255,天普股份,70.62,70.61,70.63,73.23,71.55,72.83,69.78,1018200.0,72320475.0,-3.564,-2.61
605258,协和电子,27.13,27.13,27.14,27.13,27.1,28.29,27.1,2770262.0,76681925.0,0.0,0.0
605259,绿田机械,17.81,17.81,17.85,17.75,17.68,18.04,17.53,696100.0,12401620.0,0.338,0.06
605266,健之佳,15.55,15.52,15.55,15.45,15.51,15.84,15.2,1823793.0,28387425.0,0.647,0.1
605268,王力安防,9.43,9.43,9.44,9.06,9.07,9.55,9.01,4849500.0,45431307.0,4.084,0.37
605277,新亚电子,16.11,16.11,16.12,16.2,16.15,16.54,15.9,8174241.0,132676196.0,-0.556,-0.09
605286,同力天启,25.03,25.03,25.04,24.87,24.62,25.48,24.53,2098700.0,52575716.0,0.643,0.16
605287,德才股份,43.5,43.5,43.52,42.14,42.6,44.64,41.9,4216000.0,183095986.0,3.227,1.36
605288,凯迪股份,72.72,72.72,72.73,75.01,75.01,78.6,72.72,1636900.0,122901284.0,-3.053,-2.29
605289,罗曼股份,125.07,125.07,125.08,129.28,131.2,133.34,125.0,4436971.0,574314555.0,-3.256,-4.21
605296,神农集团,28.83,28.82,28.83,28.66,28.35,29.28,28.04,2423200.0,69918136.0,0.593,0.17
605298,必得科技,49.29,49.29,49.3,49.78,49.09,50.68,49.09,1271600.0,63394920.0,-0.984,-0.49
605299,舒华体育,12.6,12.58,12.6,12.51,12.52,12.91,12.31,7290100.0,92350180.0,0.719,0.09
605300,佳禾食品,8.82,8.82,8.83,8.69,8.65,8.94,8.56,4000545.0,35202638.0,1.496,0.13
605303,园林股份,22.59,22.57,22.59,21.27,21.2,22.97,21.14,6733100.0,149849695.0,6.206,1.32
605305,中际联合,42.63,42.62,42.63,44.4,44.01,45.5,42.55,7199625.0,315708621.0,-3.986,-1.77
605318,法狮龙,90.78,90.78,90.79,91.71,91.1,93.3,89.4,1709400.0,156243545.0,-1.014,-0.93
605319,无锡振华,24.69,24.68,24.69,24.23,24.54,25.05,24.35,6652821.0,164627136.0,1.898,0.46
605333,沪光股份,16.63,16.63,16.64,16.2,16.27,16.87,15.9,3308400.0,54802794.0,2.654,0.43
605336,*ST帅电,10.3,10.3,10.31,10.41,10.22,10.55,10.15,2765539.0,28695303.0,-1.057,-0.11
605337,李子园,8.54,8.53,8.54,8.37,8.45,8.63,8.24,2954968.0,25079022.0,2.031,0.17
605338,巴比食品,18.82,18.82,18.85,18.08,17.9,19.05,17.85,3237900.0,60443117.0,4.093,0.74
605339,南侨食品,11.88,11.87,11.88,11.8,11.77,12.04,11.68,1490594.0,17794636.0,0.678,0.08
605358,立昂微,61.06,61.05,61.06,63.77,64.01,68.18,61.02,84796676.0,5527282352.0,-4.25,-2.71
605365,立达信,13.82,13.81,13.82,13.65,13.65,14.09,13.4,3913800.0,54145699.0,1.245,0.17
605366,宏柏新材,10.31,10.31,10.32,10.76,10.62,10.91,10.3,30482225.0,320755471.0,-4.182,-0.45
605368,蓝天燃气,6.44,6.43,6.44,6.36,6.36,6.5,6.3,4525537.0,29004448.0,1.258,0.08
605369,拱东医疗,17.8,17.77,17.8,17.51,17.53,17.99,17.16,2903115.0,51123898.0,1.656,0.29
605376,博迁新材,199.75,199.75,199.79,206.95,213.0,225.0,199.0,14786025.0,3145468549.0,-3.479,-7.2
605377,华旺科技,10.13,10.12,10.13,9.43,9.43,10.19,9.23,25658691.0,252677436.0,7.423,0.7
605378,野马电池,13.5,13.5,13.51,13.42,13.43,13.78,13.18,2112027.0,28595337.0,0.596,0.08
605388,均瑶健康,4.98,4.98,4.99,4.82,4.78,5.08,4.75,9935445.0,49327643.0,3.32,0.16
605389,长龄液压,88.64,88.59,88.64,89.01,90.0,91.41,87.66,1593540.0,142900910.0,-0.416,-0.37
605398,新炬网络,20.88,20.88,20.89,20.32,20.2,21.26,20.2,3205313.0,67075981.0,2.756,0.56
605399,晨光新材,13.38,13.38,13.39,14.1,14.13,14.49,13.38,12180505.0,169262474.0,-5.106,-0.72
605488,福莱新材,29.91,29.91,29.93,29.75,29.98,31.29,29.49,9122164.0,276024712.0,0.538,0.16
605499,东鹏饮料,121.51,121.51,121.52,121.44,121.44,124.3,118.23,7101276.0,862354068.0,0.058,0.07
605500,森林包装,6.41,6.41,6.42,6.26,6.2,6.49,6.15,5144040.0,32778536.0,2.396,0.15
605507,国邦医药,15.08,15.08,15.09,14.75,14.7,15.29,14.56,5161956.0,77502659.0,2.237,0.33
605555,德昌股份,12.46,12.45,12.46,12.28,12.29,12.78,12.21,5550242.0,69548344.0,1.466,0.18
605566,福莱蒽特,28.78,28.78,28.79,28.42,28.49,29.78,28.02,5836870.0,169859886.0,1.267,0.36
605567,春雪食品,8.31,8.29,8.31,8.07,8.06,8.39,7.86,4551500.0,37413169.0,2.974,0.24
605577,龙版传媒,9.1,9.1,9.11,8.96,8.88,9.25,8.81,3629700.0,33009323.0,1.562,0.14
605580,恒盛能源,20.51,20.51,20.54,21.81,21.4,21.5,20.51,10909290.0,228112660.0,-5.961,-1.3
605588,冠石科技,59.07,59.06,59.07,59.76,58.97,64.46,58.97,3362300.0,207351784.0,-1.155,-0.69
605589,圣泉集团,52.38,52.37,52.38,55.31,55.5,57.16,52.38,44571698.0,2442099001.0,-5.297,-2.93
605598,上海港湾,37.4,37.4,0.0,34.0,34.0,37.4,33.5,6792600.0,244683554.0,10.0,3.4
605599,菜百股份,13.88,13.88,13.89,13.53,13.55,13.98,13.4,6538208.0,89989550.0,2.587,0.35
688001,华兴源创,64.38,64.38,64.49,68.11,69.47,70.19,64.13,8906980.0,600309898.0,-5.476,-3.73
688002,睿创微纳,149.0,148.93,149.0,164.32,161.01,168.45,149.0,25189618.0,3975219070.0,-9.323,-15.32
688003,天准科技,96.49,96.49,96.5,102.87,104.66,106.69,96.0,6282583.0,639039179.0,-6.202,-6.38
688004,博汇科技,17.81,17.81,17.86,17.54,17.78,18.33,17.19,1276052.0,22897327.0,1.539,0.27
688005,容百科技,26.69,26.68,26.69,27.11,27.15,27.35,26.66,17472862.0,472441095.0,-1.549,-0.42
688006,杭可科技,25.91,25.91,25.92,27.46,27.33,27.73,25.83,11814755.0,316163111.0,-5.645,-1.55
688007,光峰科技,11.75,11.74,11.75,11.69,11.69,12.18,11.63,6873387.0,81874141.0,0.513,0.06
688008,澜起科技,268.06,268.06,268.08,285.8,291.51,297.96,267.99,83099251.0,23714307633.0,-6.207,-17.74
688009,中国通号,4.99,4.98,4.99,4.9,4.91,5.02,4.87,35979509.0,178549357.0,1.837,0.09
688010,福光股份,40.52,40.48,40.52,40.69,40.5,42.9,40.0,7149343.0,297380665.0,-0.418,-0.17
688011,新光光电,63.0,62.58,63.0,62.55,62.61,66.5,61.16,3158485.0,202482199.0,0.719,0.45
688012,中微公司,434.51,434.51,434.95,471.59,471.59,492.05,434.0,37994710.0,17798376508.0,-7.863,-37.08
688013,天臣医疗,24.46,24.46,24.48,23.95,24.87,25.06,23.6,1253968.0,30787952.0,2.129,0.51
688015,交控科技,16.1,16.1,16.14,15.63,15.56,16.36,15.46,1594100.0,25456607.0,3.007,0.47
688016,心脉医疗,90.07,90.07,90.08,89.63,89.22,91.98,88.17,1810937.0,164100063.0,0.491,0.44
688017,XD绿的谐,405.0,405.0,405.01,408.07,391.0,437.51,390.99,16042463.0,6682046907.0,-0.752,-3.07
688018,乐鑫科技,123.77,123.77,123.78,121.3,122.06,131.77,121.51,12836604.0,1632314830.0,2.036,2.47
688019,安集科技,312.8,312.8,312.84,343.9,344.0,362.49,312.5,14006155.0,4759414291.0,-9.043,-31.1
688020,方邦股份,193.04,192.98,193.04,206.39,206.41,209.99,191.0,3641516.0,739469845.0,-6.468,-13.35
688021,奥福科技,19.8,19.77,19.8,19.56,19.58,20.25,19.19,1719119.0,33998741.0,1.227,0.24
688022,ST瀚川,8.06,8.06,8.07,7.9,7.89,8.21,7.77,2762846.0,22273714.0,2.025,0.16
688023,安恒信息,37.76,37.76,37.8,37.29,37.05,39.35,36.81,2871388.0,109739066.0,1.26,0.47
688025,杰普特,414.02,414.02,414.5,445.0,444.0,461.65,410.0,4186570.0,1843757471.0,-6.962,-30.98
688026,洁特生物,14.0,14.0,14.05,13.99,13.85,14.44,13.47,3019305.0,42556140.0,0.071,0.01
688027,国盾量子,446.7,446.67,446.7,451.9,450.0,464.5,446.25,2939464.0,1339593752.0,-1.151,-5.2
688028,沃尔德,132.0,132.0,132.05,135.88,136.0,140.88,132.0,5390593.0,737129693.0,-2.855,-3.88
688029,南微医学,73.12,73.12,73.16,73.61,73.28,74.99,72.18,1980870.0,145894432.0,-0.666,-0.49
688030,山石网科,15.21,15.21,15.24,15.55,15.41,16.26,15.14,4658163.0,72910439.0,-2.186,-0.34
688031,星环科技,108.06,108.05,108.06,103.85,102.67,113.99,102.6,7228255.0,792657798.0,4.054,4.21
688032,禾迈股份,79.3,79.26,79.3,77.98,78.32,80.26,77.38,920095.0,72984978.0,1.693,1.32
688033,*ST天宜,6.9,6.89,6.9,6.67,6.68,6.95,6.59,4398979.0,29823176.0,3.448,0.23
688035,德邦科技,88.5,88.5,88.6,98.11,98.44,105.25,88.5,12487754.0,1218383387.0,-9.795,-9.61
688036,传音控股,68.5,68.5,68.54,66.37,66.4,71.58,64.66,35608504.0,2431228819.0,3.209,2.13
688037,芯源微,383.23,383.2,383.23,431.62,431.11,441.0,383.23,8269615.0,3422775056.0,-11.211,-48.39
688038,中科通达,17.79,17.78,17.79,16.69,16.57,18.11,16.42,3058786.0,53178923.0,6.591,1.1
688039,当虹科技,41.16,41.16,41.18,40.2,39.8,42.91,39.5,4500117.0,186535310.0,2.388,0.96
688041,海光信息,353.0,352.99,353.0,363.46,366.0,395.17,352.51,51342374.0,19281652935.0,-2.878,-10.46
688045,必易微,71.31,71.31,71.65,72.95,72.63,77.77,71.0,2364197.0,177440816.0,-2.248,-1.64
688046,药康生物,25.46,25.38,25.46,24.23,23.99,26.17,23.6,13023124.0,328078086.0,5.076,1.23
688047,龙芯中科,147.1,147.1,147.18,149.91,149.0,153.89,147.03,11516490.0,1738182338.0,-1.874,-2.81
688048,长光华芯,445.6,445.6,445.62,472.44,485.0,506.7,445.21,16477992.0,7932624283.0,-5.681,-26.84
688049,炬芯科技,44.75,44.73,44.75,45.36,45.57,47.08,44.71,10304351.0,474574537.0,-1.345,-0.61
688050,爱博医疗,41.56,41.56,41.57,41.39,41.3,42.68,40.39,4546399.0,189092524.0,0.411,0.17
688051,佳华科技,22.45,22.4,22.45,22.16,21.98,23.18,21.26,1126954.0,25265340.0,1.309,0.29
688052,纳芯微,250.6,250.57,250.6,256.3,259.72,270.0,249.0,4821789.0,1261816253.0,-2.224,-5.7
688053,ST思科瑞,40.36,40.26,40.36,37.99,37.98,43.3,37.98,2165018.0,88293899.0,6.238,2.37
688055,龙腾光电,4.67,4.66,4.67,4.53,4.56,5.25,4.5,42531265.0,206988816.0,3.091,0.14
688056,莱伯泰科,51.88,51.88,51.93,54.18,55.15,56.5,51.88,2429518.0,132007841.0,-4.245,-2.3
688057,XD金达莱,17.98,17.96,17.98,19.76,19.59,19.74,17.7,13491277.0,250606976.0,-9.008,-1.78
688058,宝兰德,21.3,21.3,21.4,20.91,20.8,21.85,20.53,1051612.0,22469720.0,1.865,0.39
688059,华锐精密,167.1,167.0,167.1,173.4,175.66,178.98,166.98,3872749.0,671616960.0,-3.633,-6.3
688060,云涌科技,33.7,33.7,33.9,33.29,33.1,34.69,32.69,601578.0,20412702.0,1.232,0.41
688061,灿瑞科技,51.06,51.03,51.06,47.57,47.49,54.41,46.56,5336278.0,278794924.0,7.337,3.49
688062,迈威生物,31.87,31.87,31.89,31.05,30.66,33.5,30.21,13651087.0,436540377.0,2.641,0.82
688063,派能科技,47.22,47.21,47.22,47.1,47.5,48.42,46.81,6358860.0,303269489.0,0.255,0.12
688065,凯赛生物,44.85,44.85,44.9,45.74,45.58,47.14,44.73,6904078.0,317053545.0,-1.946,-0.89
688066,*ST航图,11.53,11.52,11.53,11.35,11.3,12.48,11.09,9798189.0,115541678.0,1.586,0.18
688067,爱威科技,20.45,20.44,20.45,19.96,19.94,20.75,19.58,1194545.0,24245393.0,2.455,0.49
688068,热景生物,124.3,124.3,124.31,119.84,116.66,128.45,115.11,7092594.0,866518173.0,3.722,4.46
688069,德林海,35.2,35.2,35.25,35.85,35.5,36.97,35.1,4492459.0,161369502.0,-1.813,-0.65
688070,纵横股份,38.19,38.19,38.27,36.22,36.81,40.39,35.75,2837651.0,108544887.0,5.439,1.97
688071,华依科技,33.7,33.69,33.7,35.91,35.68,35.99,33.7,3480495.0,121783000.0,-6.154,-2.21
688072,拓荆科技,832.0,0.0,0.0,832.0,0.0,0.0,0.0,0.0,0.0,0.0,0.0
688073,毕得医药,53.05,53.03,53.05,49.98,49.38,54.58,48.72,4442936.0,234306340.0,6.142,3.07
688075,安旭生物,29.0,29.0,29.12,28.83,28.67,29.66,28.1,1537355.0,44497503.0,0.59,0.17
688076,ST诺泰,28.54,28.54,28.55,28.3,28.24,29.26,27.9,2647832.0,75909014.0,0.848,0.24
688077,大地熊,28.35,28.34,28.35,28.15,28.38,29.95,28.21,5147766.0,149633034.0,0.71,0.2
688078,龙软科技,21.97,21.84,21.97,21.25,21.03,22.3,20.7,1035098.0,22531030.0,3.388,0.72
688079,美迪凯,22.35,22.34,22.35,23.03,23.29,24.39,22.26,18439293.0,432128622.0,-2.953,-0.68
688080,映翰通,38.06,38.06,38.14,37.59,37.89,38.94,37.12,1621589.0,62139965.0,1.25,0.47
688081,兴图新科,38.36,38.25,38.36,37.74,37.57,39.99,37.09,2011299.0,77801941.0,1.643,0.62
688082,盛美上海,392.89,392.89,392.9,432.6,432.5,445.65,385.0,9495597.0,3964805985.0,-9.179,-39.71
688083,中望软件,55.88,55.87,55.88,55.6,55.1,58.95,55.1,4745498.0,270932287.0,0.504,0.28
688084,晶品特装,48.75,48.75,48.84,46.71,46.71,51.14,46.71,2004555.0,98756896.0,4.367,2.04
688085,三友医疗,12.39,12.38,12.39,12.04,12.19,12.64,11.81,4626318.0,56699299.0,2.907,0.35
688087,英科再生,36.2,36.2,36.31,35.56,35.87,37.01,35.01,1379606.0,50048729.0,1.8,0.64
688088,虹软科技,35.76,35.75,35.76,35.05,35.05,37.67,34.78,10128540.0,368359112.0,2.026,0.71
688089,嘉必优,10.71,10.71,10.75,10.5,10.5,10.98,10.31,2959697.0,31823778.0,2.0,0.21
688090,瑞松科技,91.88,91.85,91.88,93.0,95.0,100.6,91.52,6862551.0,657927867.0,-1.204,-1.12
688091,上海谊众,42.9,42.9,42.91,41.62,41.0,43.85,40.64,5235366.0,223275058.0,3.075,1.28
688092,爱科科技,21.98,21.98,21.99,21.7,21.83,22.24,21.39,895276.0,19593812.0,1.29,0.28
688093,世华科技,30.59,30.59,30.6,30.8,30.82,33.44,30.57,6490233.0,207984940.0,-0.682,-0.21
688095,福昕软件,60.95,60.94,60.95,59.01,57.05,63.01,57.05,3244631.0,198524949.0,3.288,1.94
688096,京源环保,9.24,9.23,9.24,9.24,9.22,9.33,8.76,13134908.0,118545129.0,0.0,0.0
688097,博众精工,54.66,54.66,54.78,57.15,57.16,58.97,54.6,6715151.0,381034155.0,-4.357,-2.49
688098,申联生物,9.15,9.15,9.16,9.2,9.2,9.43,9.01,4917297.0,45391910.0,-0.543,-0.05
688099,晶晨股份,101.35,101.35,101.37,102.4,102.26,108.55,100.0,24445314.0,2543958435.0,-1.025,-1.05
688100,威胜信息,28.93,28.93,28.94,28.62,28.43,29.69,28.37,2883588.0,84186588.0,1.083,0.31
688101,三达膜,17.11,17.1,17.11,15.36,15.62,18.43,15.62,18287850.0,324835009.0,11.393,1.75
688102,斯瑞新材,46.09,46.09,46.1,41.39,41.0,49.5,40.59,53990102.0,2470028185.0,11.355,4.7
688103,国力电子,103.0,103.0,103.13,100.97,101.46,112.99,100.0,11693315.0,1234574928.0,2.01,2.03
688105,诺唯赞,18.06,18.05,18.06,17.25,17.24,18.68,16.94,9628918.0,173495723.0,4.696,0.81
688106,金宏气体,34.39,34.38,34.39,38.05,38.0,38.99,34.39,63895543.0,2335242021.0,-9.619,-3.66
688107,安路科技,43.18,43.18,43.19,45.12,45.55,46.35,43.18,13473529.0,604952213.0,-4.3,-1.94
688108,赛诺医疗,19.39,19.38,19.39,19.57,19.5,20.49,19.27,20485922.0,407106626.0,-0.92,-0.18
688109,品茗科技,75.87,75.87,75.88,73.19,72.29,78.43,72.29,986786.0,75018743.0,3.662,2.68
688110,东芯股份,164.0,164.0,164.01,176.34,178.11,180.88,164.0,22473104.0,3901992595.0,-6.998,-12.34
688111,金山办公,233.76,233.76,233.79,227.6,225.0,242.8,222.68,14520676.0,3396556463.0,2.707,6.16
688112,鼎阳科技,69.02,69.02,69.18,72.6,72.93,74.98,69.02,4550972.0,326711168.0,-4.931,-3.58
688113,联测科技,36.1,36.1,36.28,35.2,35.08,37.2,35.08,1290351.0,46752236.0,2.557,0.9
688114,华大智造,56.5,56.49,56.5,55.88,55.74,58.88,55.41,8286033.0,475049048.0,1.11,0.62
688115,思林杰,76.97,76.97,77.0,75.9,74.0,79.4,74.0,1813182.0,140259953.0,1.41,1.07
688116,天奈科技,36.88,36.88,36.9,37.94,38.3,38.3,36.8,8427845.0,313929501.0,-2.794,-1.06
688117,圣诺生物,29.21,29.2,29.21,28.43,28.2,30.3,27.78,11288683.0,333124587.0,2.744,0.78
688118,普元信息,20.79,20.79,20.8,20.99,20.8,21.77,20.4,4244900.0,89651560.0,-0.953,-0.2
688119,中钢洛耐,4.38,4.38,4.39,4.23,4.23,4.59,4.18,20458115.0,90042059.0,3.546,0.15
688120,华海清科,324.6,324.6,324.77,344.0,342.92,374.85,324.0,22505671.0,7895429882.0,-5.64,-19.4
688121,*ST卓然,3.13,3.13,3.14,3.33,3.16,3.36,3.11,24004132.0,77048989.0,-6.006,-0.2
688122,西部超导,56.73,56.72,56.73,54.37,54.01,59.22,53.53,25992482.0,1483068657.0,4.341,2.36
688123,聚辰股份,204.01,204.01,204.1,217.12,218.02,235.99,204.01,17419192.0,3791054003.0,-6.038,-13.11
688125,安达智能,153.36,153.32,153.36,162.05,162.99,162.99,153.18,803227.0,126628360.0,-5.363,-8.69
688126,沪硅产业,36.4,36.4,36.41,37.25,38.23,40.35,36.28,212238711.0,8166724685.0,-2.282,-0.85
688127,蓝特光学,79.1,79.1,79.13,82.66,83.0,87.2,79.01,9737687.0,811707845.0,-4.307,-3.56
688128,中国电研,22.82,22.81,22.82,22.86,22.77,23.42,22.62,3539133.0,81579089.0,-0.175,-0.04
688129,东来技术,22.49,22.49,22.53,22.73,22.64,23.3,22.44,1770364.0,40445228.0,-1.056,-0.24
688130,晶华微,27.48,27.48,27.51,29.86,29.81,30.15,27.45,7473421.0,216849200.0,-7.971,-2.38
688131,皓元医药,87.82,87.82,87.83,84.8,83.96,90.27,83.3,7565322.0,662866873.0,3.561,3.02
688132,邦彦技术,13.24,13.24,13.3,12.85,12.73,13.6,12.53,1582594.0,20889162.0,3.035,0.39
688133,泰坦科技,20.27,20.27,20.28,19.28,19.57,21.32,18.96,5334032.0,108016865.0,5.135,0.99
688135,利扬芯片,42.53,42.53,42.54,43.35,43.86,48.56,42.51,45021297.0,2036163542.0,-1.892,-0.82
688136,科兴制药,21.43,21.43,21.44,20.2,19.8,21.78,19.65,9539046.0,201628945.0,6.089,1.23
688137,近岸蛋白,39.0,38.98,39.0,37.27,37.2,39.93,36.62,1522736.0,59253369.0,4.642,1.73
688138,清溢光电,43.8,43.79,43.8,47.96,48.0,49.2,43.8,18251854.0,856604650.0,-8.674,-4.16
688139,海尔生物,27.3,27.3,27.31,26.96,26.99,27.78,26.23,4800328.0,130403950.0,1.261,0.34
688141,杰华特,152.65,152.65,152.71,174.23,174.0,179.47,152.65,17571809.0,2970524333.0,-12.386,-21.58
688143,长盈通,156.6,156.6,156.62,157.8,158.01,168.9,153.68,12201518.0,1956988071.0,-0.76,-1.2
688146,中船特气,293.99,293.98,293.99,363.6,341.0,352.99,291.8,19870666.0,6477248049.0,-19.145,-69.61
688147,微导纳米,138.97,138.85,138.97,157.0,157.0,159.88,138.97,13994520.0,2093340244.0,-11.484,-18.03
688148,芳源股份,7.51,7.51,7.52,7.64,7.64,7.75,7.49,20271987.0,154784205.0,-1.702,-0.13
688150,莱特光电,54.56,54.56,54.57,58.5,58.5,60.8,54.5,10172030.0,587980659.0,-6.735,-3.94
688151,华强科技,15.39,15.39,15.4,14.96,15.21,15.75,14.7,2523898.0,38666312.0,2.874,0.43
688152,麒麟信安,27.37,27.35,27.37,27.15,26.76,28.33,26.69,1559746.0,43190860.0,0.81,0.22
688153,唯捷创芯,33.88,33.87,33.88,31.91,32.75,36.07,31.95,15479893.0,522578979.0,6.174,1.97
688155,先惠技术,66.43,66.43,66.5,68.93,69.18,70.19,66.43,3392472.0,231692518.0,-3.627,-2.5
688156,路德科技,26.0,26.0,26.01,27.09,26.91,27.3,26.0,3816508.0,101271944.0,-4.024,-1.09
688157,松井股份,20.5,20.5,20.52,20.59,20.83,21.22,20.4,2188619.0,45587962.0,-0.437,-0.09
688158,优刻得,37.19,37.19,37.2,36.9,36.3,39.27,36.3,40167637.0,1519684126.0,0.786,0.29
688159,有方科技,38.16,38.16,38.18,37.55,36.86,39.95,36.86,4151859.0,161607665.0,1.625,0.61
688160,步科股份,120.12,120.12,120.72,115.52,116.76,131.0,116.76,4659086.0,572333610.0,3.982,4.6
688161,威高骨科,22.07,22.02,22.07,21.55,21.72,22.35,21.25,1234495.0,27164882.0,2.413,0.52
688162,巨一科技,23.27,23.27,23.29,22.8,23.0,24.0,22.51,1456044.0,34077373.0,2.061,0.47
688163,赛伦生物,38.8,38.78,38.8,39.57,40.0,41.34,38.68,2118992.0,84516610.0,-1.946,-0.77
688165,埃夫特,19.96,19.95,19.96,19.71,19.5,21.05,19.5,17471960.0,355700643.0,1.268,0.25
688166,博瑞医药,31.19,31.17,31.19,29.8,29.56,31.98,29.25,9774359.0,302478132.0,4.664,1.39
688167,炬光科技,282.1,282.1,282.37,289.0,299.0,313.5,281.0,8456614.0,2534152611.0,-2.388,-6.9
688168,安博通,59.5,59.5,59.55,59.86,59.8,62.05,58.5,4054022.0,243169418.0,-0.601,-0.36
688169,石头科技,100.02,100.02,100.03,97.05,96.74,101.58,95.7,7727941.0,768385018.0,3.06,2.97
688170,德龙激光,62.58,62.57,62.58,69.78,70.0,72.38,62.55,8235700.0,554726812.0,-10.318,-7.2
688171,DR纬德信,27.98,27.91,27.98,27.79,28.03,28.87,27.81,2068688.0,58583027.0,0.684,0.19
688172,燕东微,78.32,78.31,78.32,88.3,87.59,89.5,77.9,30281318.0,2531460263.0,-11.302,-9.98
688173,希荻微,18.17,18.17,18.19,18.96,18.8,19.47,18.12,18948822.0,359114939.0,-4.167,-0.79
688175,高凌信息,28.69,28.69,28.7,28.5,28.71,30.49,28.33,5754108.0,169665679.0,0.667,0.19
688176,亚虹医药,12.8,12.8,12.81,12.47,12.16,13.27,12.16,25003931.0,320463139.0,2.646,0.33
688177,百奥泰,18.65,18.63,18.65,17.8,18.11,19.01,17.51,4903544.0,90183958.0,4.775,0.85
688178,万德斯,32.27,32.2,32.27,34.48,34.58,34.58,32.27,1471175.0,49340878.0,-6.41,-2.21
688179,阿拉丁,25.92,25.91,25.92,28.31,28.0,28.73,25.91,23923485.0,655677041.0,-8.442,-2.39
688180,君实生物,37.6,37.59,37.6,36.0,35.7,38.35,35.43,24225568.0,903731488.0,4.444,1.6
688181,八亿时空,52.3,52.29,52.3,55.79,56.8,57.7,52.3,11761838.0,649378762.0,-6.256,-3.49
688182,灿勤科技,37.31,37.31,37.38,37.25,37.66,39.42,37.21,9315409.0,356425463.0,0.161,0.06
688183,生益电子,123.0,122.99,123.0,126.2,127.99,131.33,122.46,19559290.0,2503006225.0,-2.536,-3.2
688184,ST帕瓦,11.27,11.1,11.27,11.38,11.3,11.45,11.0,2394307.0,26710904.0,-0.967,-0.11
688185,康希诺,51.28,51.24,51.28,49.13,49.46,52.5,48.15,2544847.0,130216748.0,4.376,2.15
688186,广大特材,15.17,15.16,15.17,14.36,14.22,15.6,14.22,11706180.0,178181228.0,5.641,0.81
688187,时代电气,50.92,50.92,50.93,54.79,54.78,55.5,50.91,21882162.0,1164220229.0,-7.063,-3.87
688188,柏楚电子,101.5,101.5,101.52,102.27,101.18,105.95,100.81,4175440.0,431667469.0,-0.753,-0.77
688189,ST南新,6.42,6.42,6.43,6.3,6.33,6.5,6.14,5152056.0,32765217.0,1.905,0.12
688190,云路股份,75.39,75.35,75.39,77.43,77.42,78.67,75.0,1754018.0,135151864.0,-2.635,-2.04
688191,智洋创新,26.73,26.72,26.73,27.45,27.1,28.69,26.67,7577187.0,210173087.0,-2.623,-0.72
688192,迪哲医药,46.76,46.76,46.78,46.28,45.8,48.9,44.69,8422093.0,396501303.0,1.037,0.48
688193,仁度生物,48.54,48.54,48.55,48.21,48.3,49.47,47.69,313025.0,15249157.0,0.685,0.33
688195,腾景科技,159.51,159.51,159.54,162.7,162.33,172.0,159.4,7139838.0,1185122653.0,-1.961,-3.19
688196,卓越新能,34.39,34.39,34.48,33.72,33.2,35.27,33.02,1616386.0,55618504.0,1.987,0.67
688197,首药控股,41.09,41.09,41.1,37.77,37.77,43.65,37.18,6163176.0,253693004.0,8.79,3.32
688198,佰仁医疗,85.88,85.88,85.9,85.36,85.34,88.58,83.77,792231.0,68220514.0,0.609,0.52
688199,久日新材,29.07,29.05,29.07,30.13,30.13,32.4,29.02,10548020.0,322805386.0,-3.518,-1.06
688200,华峰测控,505.0,505.0,505.1,543.0,535.0,564.65,501.0,6245590.0,3395409060.0,-6.998,-38.0
688201,ST信安,7.33,7.3,7.33,7.18,7.17,7.36,7.06,3322961.0,24170494.0,2.089,0.15
688202,美迪西,87.0,87.0,87.02,77.15,76.5,91.8,76.2,11916306.0,1022123038.0,12.767,9.85
688203,海正生材,9.77,9.77,9.78,9.61,9.61,10.0,9.46,2532824.0,24815071.0,1.665,0.16
688205,德科立,169.7,169.7,169.73,178.92,178.85,183.88,169.21,7323795.0,1302067427.0,-5.153,-9.22
688206,概伦电子,47.16,47.15,47.16,53.0,52.83,54.83,47.0,24813713.0,1269752496.0,-11.019,-5.84
688207,格灵深瞳,22.68,22.67,22.68,23.06,23.6,24.5,22.64,28528851.0,664525911.0,-1.648,-0.38
688208,道通科技,25.05,25.05,25.06,24.95,24.98,25.87,24.45,10929200.0,276517196.0,0.401,0.1
688209,英集芯,27.65,27.64,27.65,28.79,28.7,29.39,27.65,19205028.0,551908433.0,-3.96,-1.14
688210,统联精密,36.21,36.21,36.22,35.87,35.8,37.81,35.6,3826963.0,140562918.0,0.948,0.34
688211,中科微至,35.93,35.93,35.95,35.11,35.5,36.82,35.3,2365079.0,85794062.0,2.336,0.82
688212,澳华内镜,27.93,27.93,27.94,26.88,26.61,28.38,26.2,2958463.0,81481567.0,3.906,1.05
688213,思特威,99.36,99.36,99.47,105.88,105.0,108.7,99.28,19160555.0,2006577285.0,-6.158,-6.52
688215,瑞晟智能,38.57,38.57,38.61,38.48,38.89,39.88,37.01,996695.0,38664155.0,0.234,0.09
688216,气派科技,37.3,37.3,37.31,39.54,39.11,42.35,37.0,10777703.0,432609733.0,-5.665,-2.24
688217,睿昂基因,22.12,22.12,22.17,21.32,21.43,22.5,20.78,937770.0,20506646.0,3.752,0.8
688218,江苏北人,46.7,46.7,46.93,47.47,47.47,48.03,46.0,3469484.0,163723551.0,-1.622,-0.77
688219,会通股份,11.47,11.46,11.47,11.34,11.28,11.82,11.22,13849101.0,160239079.0,1.146,0.13
688220,翱捷科技,118.26,118.26,118.3,125.68,125.76,128.0,118.18,15381065.0,1914036046.0,-5.904,-7.42
688221,前沿生物,27.3,27.3,27.31,25.6,25.0,28.98,24.98,32341547.0,886658846.0,6.641,1.7
688222,成都先导,35.87,35.86,35.87,33.45,32.9,36.9,32.6,33818051.0,1193793946.0,7.235,2.42
688223,晶科能源,4.39,4.39,4.4,4.29,4.3,4.55,4.26,145614444.0,645156863.0,2.331,0.1
688225,亚信安全,13.14,13.13,13.14,12.82,12.68,13.58,12.5,6850305.0,90500649.0,2.496,0.32
688226,威腾电气,36.93,36.93,36.99,37.61,36.84,38.65,36.84,5207609.0,196817371.0,-1.808,-0.68
688227,品高股份,93.5,93.38,93.5,94.36,95.0,99.5,93.0,4813984.0,461623804.0,-0.911,-0.86
688228,开普云,76.31,76.31,76.39,73.72,73.8,79.2,72.27,2281626.0,175748305.0,3.513,2.59
688229,博睿数据,76.5,76.5,76.51,78.98,78.0,81.78,76.5,1422377.0,112401826.0,-3.14,-2.48
688230,芯导科技,74.3,74.3,74.36,75.18,75.8,78.7,74.3,2997638.0,229361767.0,-1.171,-0.88
688231,隆达股份,36.87,36.85,36.87,37.8,37.82,40.08,36.56,8143727.0,313244928.0,-2.46,-0.93
688232,新点软件,18.42,18.41,18.42,17.96,17.88,18.88,17.71,3307758.0,61012309.0,2.561,0.46
688233,神工股份,173.01,173.01,173.13,196.9,199.83,204.69,173.0,16482847.0,3097168682.0,-12.133,-23.89
688234,天岳先进,141.78,141.7,141.78,156.67,157.0,161.61,141.43,16238748.0,2467372149.0,-9.504,-14.89
688235,百济神州,267.84,267.84,267.85,260.78,257.72,272.63,253.89,6950681.0,1853048688.0,2.707,7.06
688236,春立医疗,14.81,14.81,14.83,14.76,14.7,15.18,14.43,2266176.0,33688750.0,0.339,0.05
688237,超卓航科,53.32,53.3,53.32,52.42,52.21,54.68,52.21,2934805.0,157208497.0,1.717,0.9
688238,和元生物,6.71,6.71,6.72,5.75,5.85,6.9,5.8,69496590.0,466462602.0,16.696,0.96
688239,航宇科技,55.4,55.4,55.41,52.68,52.59,60.43,51.68,14960180.0,839702759.0,5.163,2.72
688244,永信至诚,14.91,14.91,14.92,14.36,14.11,15.35,14.11,2807774.0,41984753.0,3.83,0.55
688246,嘉和美康,19.5,19.5,19.58,19.04,19.27,20.47,18.8,3524374.0,69642944.0,2.416,0.46
688247,宣泰医药,8.91,8.9,8.91,8.47,8.42,9.07,8.29,8433867.0,74360669.0,5.195,0.44
688248,南网科技,58.7,58.61,58.7,61.0,60.95,62.28,58.52,3865518.0,233859086.0,-3.77,-2.3
688249,晶合集成,54.12,54.11,54.12,65.21,65.21,65.21,53.96,108938625.0,6385492739.0,-17.007,-11.09
688251,井松智能,22.65,22.62,22.65,22.95,22.78,23.18,22.5,1303339.0,29795996.0,-1.307,-0.3
688252,天德钰,22.17,22.17,22.18,23.39,23.38,23.87,22.1,12377854.0,285968414.0,-5.216,-1.22
688253,英诺特,53.93,53.82,53.93,55.05,55.05,55.93,53.8,1095671.0,59923609.0,-2.035,-1.12
688255,凯尔达,25.93,25.93,25.94,25.84,25.8,27.3,25.8,4020957.0,106557951.0,0.348,0.09
688256,寒武纪,1400.0,1400.0,1401.44,1535.01,1542.98,1569.97,1400.0,13195045.0,19901970613.0,-8.795,-135.01
688257,新锐股份,82.32,82.32,82.38,85.27,88.97,91.59,81.9,23201154.0,2034139173.0,-3.46,-2.95
688258,卓易信息,135.71,135.71,135.72,137.99,135.0,143.69,132.94,8674916.0,1209698041.0,-1.652,-2.28
688259,创耀科技,37.83,37.82,37.83,38.49,38.49,39.94,37.78,3609625.0,140687017.0,-1.715,-0.66
688260,昀冢科技,98.88,98.86,98.88,100.26,100.28,103.85,96.51,3967195.0,396557250.0,-1.376,-1.38
688261,东微半导,88.01,88.01,88.02,96.1,96.82,99.8,87.5,12812964.0,1209038711.0,-8.418,-8.09
688262,国芯科技,44.0,44.0,44.01,46.61,46.7,47.66,43.93,26876870.0,1234778666.0,-5.6,-2.61
688265,南模生物,36.3,36.3,36.32,34.97,34.96,37.06,34.35,1341500.0,48555459.0,3.803,1.33
688266,泽璟制药,145.0,144.29,145.0,136.86,133.5,145.85,133.34,11211772.0,1576829037.0,5.948,8.14
688267,中触媒,18.19,18.18,18.19,18.41,18.5,18.65,18.06,1842397.0,33884888.0,-1.195,-0.22
688268,华特气体,195.22,195.2,195.22,229.21,229.21,233.33,194.0,10694672.0,2320445357.0,-14.829,-33.99
688269,凯立新材,30.75,30.74,30.75,30.79,30.81,31.44,30.3,1377188.0,42597654.0,-0.13,-0.04
688270,ST臻镭,95.68,95.68,95.69,92.05,91.74,109.87,91.2,28899914.0,2904833075.0,3.944,3.63
688271,联影医疗,109.0,109.0,109.02,108.14,107.43,110.43,106.4,8279965.0,902197746.0,0.795,0.86
688272,富吉瑞,35.77,35.76,35.77,35.02,35.67,38.78,34.4,3590962.0,131189441.0,2.142,0.75
688273,麦澜德,38.15,38.15,38.2,36.3,36.0,39.25,36.0,2273339.0,84719332.0,5.096,1.85
688275,万润新能,97.39,97.39,97.4,103.0,103.0,104.92,97.08,4747929.0,478898518.0,-5.447,-5.61
688276,百克生物,14.7,14.7,14.71,14.12,14.14,15.02,13.8,3215513.0,46924603.0,4.108,0.58
688277,天智航,18.44,18.43,18.44,17.21,17.5,18.78,17.0,11046496.0,200160254.0,7.147,1.23
688278,特宝生物,55.7,55.67,55.7,54.88,54.76,57.38,53.69,3548144.0,198136074.0,1.494,0.82
688279,峰岹科技,228.01,228.01,228.33,234.32,231.0,244.42,226.07,2442587.0,578335974.0,-2.693,-6.31
688280,精进电动,5.14,5.14,5.15,4.95,4.97,5.27,4.95,14980351.0,77131181.0,3.838,0.19
688281,华秦科技,49.7,49.67,49.7,49.4,49.39,51.8,48.89,5503469.0,277247652.0,0.607,0.3
688282,理工导航,64.31,64.31,64.32,61.24,61.68,69.61,60.98,2549933.0,167635512.0,5.013,3.07
688283,坤恒顺维,33.15,33.13,33.15,31.21,31.03,34.5,30.9,2547501.0,83872898.0,6.216,1.94
688285,高铁电气,7.16,7.16,7.18,7.06,7.04,7.31,6.96,2536316.0,18199073.0,1.416,0.1
688286,敏芯股份,66.82,66.82,66.85,69.91,69.5,71.95,66.71,5310961.0,368851948.0,-4.42,-3.09
688288,鸿泉技术,17.66,17.62,17.66,17.04,17.02,17.82,16.75,1900099.0,33167521.0,3.638,0.62
688289,圣湘生物,14.99,14.99,15.0,14.67,14.67,15.13,14.35,6132090.0,91103916.0,2.181,0.32
688290,景业智能,63.0,62.36,63.0,62.44,62.0,65.26,60.15,1437345.0,90243228.0,0.897,0.56
688291,金橙子,49.38,49.38,49.48,48.6,49.57,54.22,48.34,5873113.0,299011658.0,1.605,0.78
688292,浩瀚深度,18.3,18.3,18.32,17.95,17.95,19.1,17.74,3165861.0,58688540.0,1.95,0.35
688293,XD奥浦迈,48.39,48.38,48.39,43.1,43.32,49.51,42.6,4308973.0,204023107.0,12.274,5.29
688295,中复神鹰,49.67,49.66,49.67,47.59,47.1,52.49,46.7,14473827.0,720045917.0,4.371,2.08
688296,和达科技,13.05,13.05,13.06,12.55,12.45,13.69,12.19,5464112.0,71441749.0,3.984,0.5
688297,中无人机,42.08,42.08,42.09,41.81,41.5,43.5,41.16,10703018.0,453533235.0,0.646,0.27
688298,东方生物,19.3,19.29,19.3,18.76,18.71,19.67,18.38,1882205.0,36091455.0,2.878,0.54
688299,长阳科技,14.01,14.0,14.01,14.2,14.2,14.6,14.0,8541073.0,122081946.0,-1.338,-0.19
688300,联瑞新材,183.17,183.17,183.47,196.16,199.7,205.48,183.17,10619975.0,2088987281.0,-6.622,-12.99
688301,奕瑞科技,105.2,105.2,105.21,114.96,115.47,118.48,105.01,12290339.0,1366597164.0,-8.49,-9.76
688302,海创药业,38.6,38.6,38.68,37.8,37.72,39.5,36.5,1976869.0,75957966.0,2.116,0.8
688303,大全能源,16.52,16.52,16.53,16.2,16.37,17.0,16.3,14221572.0,237778660.0,1.975,0.32
688305,科德数控,67.23,67.23,67.24,65.76,67.08,70.2,66.0,7612711.0,520351295.0,2.235,1.47
688306,均普智能,10.1,10.09,10.1,9.81,9.74,10.33,9.68,24080734.0,241743285.0,2.956,0.29
688307,中润光学,65.47,65.47,65.48,70.85,70.92,71.1,65.2,6820088.0,469299341.0,-7.594,-5.38
688308,欧科亿,133.0,133.0,133.3,144.62,145.1,150.95,133.0,10919288.0,1562053766.0,-8.035,-11.62
688309,恒誉环保,64.93,64.93,64.97,65.4,65.29,66.58,64.0,1666505.0,108624018.0,-0.719,-0.47
688310,迈得医疗,15.66,15.65,15.66,16.23,16.11,16.58,15.61,4023544.0,65019913.0,-3.512,-0.57
688311,盟升电子,32.39,32.39,32.4,30.54,29.89,35.0,29.37,18501957.0,590161597.0,6.058,1.85
688312,燕麦科技,64.12,64.12,64.13,66.2,66.0,71.1,64.12,5828194.0,395950790.0,-3.142,-2.08
688313,仕佳光子,147.63,147.62,147.63,154.56,159.0,162.62,147.55,23079449.0,3608055006.0,-4.484,-6.93
688314,康拓医疗,31.93,31.92,31.93,31.58,31.58,32.73,31.08,796196.0,25605058.0,1.108,0.35
688315,诺禾致源,13.13,13.13,13.15,12.71,12.76,13.5,12.41,5284915.0,69469672.0,3.304,0.42
688316,青云科技,54.48,54.48,54.5,52.66,52.01,56.67,52.01,4167470.0,228247558.0,3.456,1.82
688317,之江生物,15.67,15.66,15.67,15.22,15.2,15.96,15.04,2362522.0,37070462.0,2.957,0.45
688318,财富趋势,71.86,71.86,71.88,74.0,73.2,75.75,71.5,6975887.0,514112322.0,-2.892,-2.14
688319,欧林生物,44.38,44.36,44.38,39.79,39.64,44.9,39.11,19543299.0,839633389.0,11.536,4.59
688320,禾川科技,35.41,35.41,35.42,35.67,35.4,36.95,34.9,6765085.0,243477338.0,-0.729,-0.26
688321,微芯生物,27.74,27.74,27.75,27.08,26.91,28.44,26.5,13424951.0,372578007.0,2.437,0.66
688322,奥比中光,117.0,117.0,117.01,119.77,119.0,125.98,117.0,16361084.0,1997722207.0,-2.313,-2.77
688323,瑞华泰,37.61,37.6,37.61,38.03,39.93,41.88,37.36,27213237.0,1066632392.0,-1.104,-0.42
688325,赛微微电,121.33,121.33,121.55,127.12,126.87,129.0,121.0,1469844.0,184832550.0,-4.555,-5.79
688326,经纬恒润,69.37,69.11,69.37,67.95,67.51,71.71,67.03,1730711.0,120682225.0,2.09,1.42
688327,云从科技,12.1,12.09,12.1,11.66,11.65,12.59,11.45,37316835.0,454580212.0,3.774,0.44
688328,深科达,118.23,118.23,118.24,102.02,112.14,122.42,112.11,20367444.0,2451972412.0,15.889,16.21
688329,艾隆科技,20.55,20.54,20.55,20.25,19.85,21.09,19.72,1617310.0,33252139.0,1.481,0.3
688330,宏力达,32.7,32.68,32.7,32.72,32.97,33.63,32.38,950377.0,31428571.0,-0.061,-0.02
688331,荣昌生物,134.02,134.02,134.1,132.01,130.6,139.0,129.5,11734379.0,1587204612.0,1.523,2.01
688332,中科蓝讯,137.05,137.05,137.08,148.32,149.29,149.82,137.02,4644998.0,667871567.0,-7.598,-11.27
688333,铂力特,111.05,111.05,111.09,108.01,109.73,125.0,109.73,36163511.0,4220011515.0,2.815,3.04
688334,西高院,18.03,18.03,18.05,17.84,17.88,18.43,17.73,1570223.0,28441080.0,1.065,0.19
688335,复洁科技,22.5,22.5,22.51,21.13,20.9,23.56,20.9,4226058.0,94309841.0,6.484,1.37
688336,三生国健,52.8,52.78,52.8,51.08,50.28,55.95,49.01,21168273.0,1126116870.0,3.367,1.72
688337,普源精电,54.58,54.58,54.59,55.57,55.58,58.88,54.32,7672347.0,434592192.0,-1.782,-0.99
688338,赛科希德,29.4,29.37,29.4,27.4,27.59,30.33,27.01,2543769.0,74356786.0,7.299,2.0
688339,亿华通,19.05,19.05,19.09,18.76,18.61,19.78,18.42,5498533.0,105737966.0,1.546,0.29
688343,云天励飞,87.13,87.13,87.14,88.88,87.11,92.57,85.1,26291703.0,2331799326.0,-1.969,-1.75
688345,博力威,51.3,51.3,51.35,53.08,53.1,54.79,50.93,2094737.0,110473298.0,-3.353,-1.78
688347,华虹宏力,369.87,369.87,370.0,400.5,393.03,407.98,368.0,30607895.0,11872100141.0,-7.648,-30.63
688348,昱能科技,32.0,32.0,32.01,31.41,31.69,32.93,31.12,2116616.0,68232511.0,1.878,0.59
688349,三一重能,14.33,14.33,14.34,14.04,14.12,14.87,13.94,12254549.0,176700847.0,2.066,0.29
688350,富淼科技,29.38,29.38,29.51,29.19,29.82,30.41,28.6,2574981.0,76188035.0,0.651,0.19
688351,微电生理,21.91,21.9,21.91,21.59,21.65,22.65,21.1,5913012.0,130565560.0,1.482,0.32
688352,颀中科技,22.0,21.99,22.0,23.49,23.7,24.68,21.97,44038290.0,1031906675.0,-6.343,-1.49
688353,华盛锂电,93.72,93.72,93.78,98.38,97.92,99.95,93.6,5669189.0,550140169.0,-4.737,-4.66
688355,明志科技,21.0,20.99,21.0,19.84,19.84,21.42,19.52,3845630.0,79919464.0,5.847,1.16
688356,键凯科技,77.8,77.73,77.8,74.29,76.3,79.19,73.06,1534320.0,118457318.0,4.725,3.51
688357,建龙微纳,25.53,25.53,25.54,25.15,25.22,26.12,24.96,962477.0,24637640.0,1.511,0.38
688358,祥生医疗,33.29,33.29,33.3,32.41,32.11,34.0,31.7,2358867.0,78345042.0,2.715,0.88
688359,三孚新科,190.1,190.1,190.32,193.87,200.06,213.68,190.0,5764547.0,1175582179.0,-1.945,-3.77
688360,德马科技,16.64,16.64,16.65,16.34,16.33,17.22,16.32,6346505.0,106780080.0,1.836,0.3
688361,中科飞测,422.74,421.93,422.74,446.5,440.0,455.0,414.0,12149953.0,5355646780.0,-5.321,-23.76
688362,甬矽电子,107.2,107.18,107.2,114.8,115.0,120.8,106.16,50193009.0,5732655970.0,-6.62,-7.6
688363,华熙生物,35.71,35.71,35.72,34.95,34.95,36.16,34.13,3954794.0,140325716.0,2.175,0.76
688365,光云科技,16.05,16.04,16.05,15.24,15.04,17.39,15.03,22895519.0,374285692.0,5.315,0.81
688366,昊海生科,30.96,30.96,30.98,30.59,30.5,31.48,29.6,1188529.0,36454777.0,1.21,0.37
688367,工大高科,29.65,29.6,29.65,30.29,27.54,30.55,27.54,1851362.0,55502668.0,-2.113,-0.64
688368,晶丰明源,181.02,181.02,181.03,198.99,197.69,202.49,180.9,3474948.0,669347342.0,-9.031,-17.97
688369,致远互联,19.25,19.25,19.26,18.94,19.04,20.11,18.5,3833225.0,74663467.0,1.637,0.31
688370,丛麟科技,22.0,22.0,22.02,21.43,21.43,22.47,21.05,839658.0,18451543.0,2.66,0.57
688371,菲沃泰,45.05,45.05,45.07,42.01,42.85,48.8,42.11,21505273.0,989138302.0,7.236,3.04
688372,伟测科技,173.69,173.55,173.69,188.88,191.5,199.73,171.0,17991605.0,3355551222.0,-8.042,-15.19
688373,盟科药业,5.19,5.18,5.19,5.0,4.98,5.37,4.83,29797364.0,154114113.0,3.8,0.19
688375,国博电子,113.01,113.0,113.01,104.01,104.11,120.04,102.6,14177027.0,1615596624.0,8.653,9.0
688376,美埃科技,96.57,96.57,96.59,98.7,102.82,111.9,96.51,7647980.0,798806544.0,-2.158,-2.13
688377,迪威尔,22.17,22.17,22.19,22.72,22.5,22.85,21.91,2391703.0,53542510.0,-2.421,-0.55
688378,奥来德,51.24,51.23,51.24,53.98,55.0,56.06,51.11,10220553.0,552170110.0,-5.076,-2.74
688379,XD华光新,65.75,65.75,65.76,68.35,67.65,71.5,65.68,3847473.0,263675402.0,-3.804,-2.6
688380,中微半导,58.03,58.03,58.06,62.86,63.0,65.65,58.0,23059840.0,1443681739.0,-7.684,-4.83
688381,帝奥微,41.37,41.28,41.37,44.9,45.0,45.71,41.0,12892537.0,561942421.0,-7.862,-3.53
688382,益方生物,22.41,22.4,22.41,21.54,21.43,23.58,21.06,23073231.0,522384982.0,4.039,0.87
688383,新益昌,153.35,153.35,153.71,160.2,162.0,167.87,153.0,2063444.0,331978510.0,-4.276,-6.85
688385,复旦微电,74.0,73.99,74.0,72.35,71.48,80.83,69.91,55364836.0,4137945418.0,2.281,1.65
688386,泛亚微透,76.86,76.86,76.88,79.16,79.0,80.31,76.78,3003366.0,235874920.0,-2.906,-2.3
688387,信科移动,22.28,22.27,22.28,20.62,20.51,24.44,20.1,195673422.0,4381006177.0,8.05,1.66
688388,嘉元科技,33.61,33.61,33.64,34.97,35.37,36.8,33.6,44135327.0,1552971637.0,-3.889,-1.36
688389,普门科技,10.51,10.49,10.51,10.49,10.5,10.71,10.33,3207884.0,33784251.0,0.191,0.02
688390,固德威,73.5,73.5,73.54,80.58,80.6,80.67,73.2,9963977.0,758730524.0,-8.786,-7.08
688391,钜泉科技,34.29,34.27,34.29,34.99,34.61,36.49,34.22,3817556.0,135604471.0,-2.001,-0.7
688392,骄成超声,203.89,203.0,203.89,241.8,241.81,248.0,203.89,7604182.0,1732468453.0,-15.678,-37.91
688393,安必平,18.44,18.43,18.44,17.72,17.75,18.97,17.2,2014071.0,36948205.0,4.063,0.72
688395,正弦电气,21.2,21.2,21.35,20.76,20.9,21.84,20.67,1520347.0,32399785.0,2.119,0.44
688396,华润微,79.1,79.09,79.1,92.7,92.9,94.6,78.98,59051334.0,5095354535.0,-14.671,-13.6
688398,赛特新材,25.88,25.87,25.88,25.3,25.25,26.75,25.18,1825815.0,47760219.0,2.292,0.58
688399,XR硕世生,32.29,32.26,32.29,30.22,31.76,33.58,29.68,3027644.0,97581325.0,6.85,2.07
688400,XD凌云光,54.58,54.58,54.59,55.97,56.1,59.63,54.58,17047483.0,977365526.0,-2.483,-1.39
688401,路维光电,84.0,84.0,84.04,95.99,96.0,98.44,84.0,14252500.0,1297923040.0,-12.491,-11.99
688403,汇成股份,35.6,35.59,35.6,39.65,39.66,40.44,35.6,86566181.0,3302880485.0,-10.214,-4.05
688408,中信博,27.44,27.42,27.44,26.18,26.06,28.05,25.92,6026729.0,165029363.0,4.813,1.26
688409,富创精密,260.0,259.87,260.0,286.66,281.0,295.0,258.0,11107756.0,3081076954.0,-9.3,-26.66
688410,DR山外山,10.3,10.3,10.31,10.21,10.31,10.68,10.22,7410169.0,77618904.0,0.881,0.09
688411,海博思创,217.31,217.31,217.33,249.01,253.0,253.0,217.11,9026624.0,2082320291.0,-12.73,-31.7
688416,恒烁股份,116.74,116.74,116.75,126.0,126.32,130.49,116.52,6264572.0,777448042.0,-7.349,-9.26
688418,震有科技,49.0,49.0,49.01,46.91,46.9,51.93,45.87,9339905.0,457751137.0,4.455,2.09
688419,耐科装备,68.38,68.33,68.38,75.2,73.89,76.68,68.38,6625707.0,483343597.0,-9.069,-6.82
688420,美腾科技,20.94,20.82,20.94,20.35,20.35,21.33,20.1,696117.0,14487368.0,2.899,0.59
688425,铁建重工,4.12,4.12,4.13,4.07,4.06,4.16,4.03,21714840.0,89211444.0,1.229,0.05
688426,康为世纪,17.12,17.02,17.12,16.72,16.21,17.43,16.21,1565165.0,26635737.0,2.392,0.4
688428,诺诚健华,29.78,29.77,29.78,29.1,29.09,30.91,28.6,15278849.0,458077417.0,2.337,0.68
688429,时创能源,9.84,9.81,9.84,9.47,9.34,10.16,9.32,3299295.0,32479015.0,3.907,0.37
688432,有研硅,56.6,56.59,56.6,53.77,52.31,60.78,50.02,83542509.0,4705614208.0,5.263,2.83
688433,华曙高科,84.57,84.4,84.57,84.69,83.97,91.0,83.02,8052022.0,699747536.0,-0.142,-0.12
688435,英方软件,30.25,30.25,30.27,29.91,30.0,31.66,29.31,2236703.0,68634772.0,1.137,0.34
688439,振华风光,46.45,46.44,46.45,46.78,46.77,48.82,46.41,4489550.0,212679119.0,-0.705,-0.33
688443,智翔金泰,24.69,24.68,24.69,23.91,23.77,25.76,23.3,4947224.0,122797957.0,3.262,0.78
688448,磁谷科技,60.52,60.38,60.52,66.54,65.65,66.09,60.0,8656608.0,547527293.0,-9.047,-6.02
688449,联芸科技,78.0,77.97,78.0,81.9,83.9,88.77,77.81,15272841.0,1271213124.0,-4.762,-3.9
688450,光格科技,54.07,54.05,54.07,62.53,62.72,64.99,52.19,5764304.0,342572306.0,-13.53,-8.46
688455,科捷智能,17.05,17.05,17.06,16.43,16.85,17.33,16.47,2239658.0,38011551.0,3.774,0.62
688456,有研粉材,109.0,109.0,109.1,112.41,114.66,118.99,109.0,7688834.0,876470746.0,-3.034,-3.41
688458,美芯晟,38.15,38.11,38.15,39.89,40.16,41.06,38.05,3219901.0,127814566.0,-4.362,-1.74
688459,哈铁科技,8.15,8.15,8.16,8.09,8.09,8.2,8.01,956447.0,7770982.0,0.742,0.06
688466,金科环境,12.8,12.77,12.8,12.5,12.58,13.03,12.23,1363619.0,17374952.0,2.4,0.3
688468,科美诊断,6.01,6.01,6.02,5.91,5.92,6.11,5.81,3743759.0,22560264.0,1.692,0.1
688469,芯联集成,9.01,9.01,9.02,10.18,10.24,10.37,9.0,419014580.0,4065232459.0,-11.493,-1.17
688472,阿特斯,10.11,10.11,10.12,9.94,9.94,10.48,9.9,57162260.0,582304065.0,1.71,0.17
688475,萤石网络,27.75,27.75,27.76,27.97,27.97,28.57,27.65,7062259.0,198230663.0,-0.787,-0.22
688478,晶升股份,66.6,66.58,66.6,72.69,72.8,75.0,66.33,6161673.0,438483658.0,-8.378,-6.09
688479,友车科技,36.77,36.74,36.77,36.71,36.86,37.75,36.36,2505175.0,92909137.0,0.163,0.06
688480,赛恩斯,84.0,84.0,84.18,76.98,78.16,88.56,75.67,3988714.0,327605287.0,9.119,7.02
688484,南芯科技,44.27,44.27,44.3,47.36,47.1,47.88,44.17,16493718.0,761678079.0,-6.524,-3.09
688485,九州一轨,52.13,52.13,52.14,52.36,53.0,55.24,51.95,4778441.0,255439631.0,-0.439,-0.23
688486,龙迅股份,58.24,58.24,58.25,61.32,61.61,63.54,58.01,7004249.0,428384192.0,-5.023,-3.08
688488,艾迪药业,14.32,14.32,14.33,14.01,13.7,14.87,13.6,9065121.0,130065058.0,2.213,0.31
688489,三未信安,24.8,24.74,24.8,24.04,24.02,25.88,24.02,2766046.0,69657519.0,3.161,0.76
688496,*ST清越,0.92,0.91,0.92,0.9,0.89,0.93,0.85,8720033.0,7689274.0,2.222,0.02
688498,源杰科技,1609.0,1608.99,1609.0,1746.01,1793.12,1829.0,1601.0,4722569.0,8180780072.0,-7.847,-137.01
688499,利元亨,41.4,41.4,41.43,41.61,41.62,44.58,41.24,6252553.0,266455718.0,-0.505,-0.21
688500,慧辰股份,40.71,40.71,40.75,40.04,39.53,41.85,39.07,2026933.0,82500094.0,1.673,0.67
688501,青达环保,18.17,18.16,18.17,17.78,17.8,18.57,17.57,3082841.0,56276667.0,2.193,0.39
688502,茂莱光学,611.93,610.64,611.93,600.21,605.11,698.27,605.11,3379147.0,2208130915.0,1.953,11.72
688503,聚和材料,100.05,100.04,100.05,111.61,113.8,116.2,99.8,27060464.0,2945767741.0,-10.357,-11.56
688505,复旦张江,7.76,7.76,7.77,7.54,7.54,7.96,7.36,11436455.0,88710124.0,2.918,0.22
688506,百利天恒,310.9,310.6,310.9,306.55,307.0,316.5,297.1,2815922.0,871600983.0,1.419,4.35
688507,索辰科技,208.0,207.68,208.0,210.68,208.98,223.93,207.01,8149897.0,1759113386.0,-1.272,-2.68
688508,芯朋微,89.18,89.18,89.19,101.0,102.0,103.48,89.03,12863384.0,1239109525.0,-11.703,-11.82
688509,正元地信,3.99,3.99,4.0,3.9,3.89,4.08,3.85,7212117.0,28874525.0,2.308,0.09
688510,航亚科技,24.86,24.73,24.86,24.0,24.0,25.93,23.8,6764356.0,169385420.0,3.583,0.86
688511,天微电子,30.38,30.38,30.39,27.58,27.89,31.8,27.5,4451844.0,135466769.0,10.152,2.8
688512,慧智微,15.33,15.33,15.35,16.09,16.0,16.6,15.27,25888616.0,414544519.0,-4.723,-0.76
688513,苑东生物,55.87,55.87,55.88,51.5,51.26,58.16,50.34,5064035.0,280776168.0,8.485,4.37
688515,裕太微,204.8,204.8,204.96,222.09,225.0,232.0,204.8,5271699.0,1149985596.0,-7.785,-17.29
688516,奥特维,50.0,50.0,50.01,48.35,48.35,52.5,48.03,12110069.0,612343251.0,3.413,1.65
688517,金冠电气,17.05,17.05,17.08,16.93,16.95,17.55,16.8,2203739.0,37875872.0,0.709,0.12
688518,联赢激光,23.45,23.45,23.46,25.09,24.91,26.1,23.38,26844793.0,663758566.0,-6.536,-1.64
688519,南亚新材,332.0,331.99,332.0,351.23,353.33,366.25,331.0,5469839.0,1921069778.0,-5.475,-19.23
688520,神州细胞,37.37,37.37,37.4,36.27,36.15,38.5,35.36,4124215.0,154192700.0,3.033,1.1
688521,芯原股份,292.0,291.99,292.0,328.56,321.99,326.89,291.99,31267173.0,9741094444.0,-11.127,-36.56
688522,纳睿雷达,21.85,21.85,21.86,20.94,20.97,22.78,20.56,11277534.0,245918780.0,4.346,0.91
688523,航天环宇,61.18,61.18,0.0,50.98,49.99,61.18,49.34,16229979.0,929854518.0,20.008,10.2
688525,佰维存储,388.5,388.5,388.51,418.88,430.0,430.0,388.06,33927280.0,14027464060.0,-7.253,-30.38
688526,科前生物,12.85,12.84,12.85,12.66,12.74,12.97,12.48,1303241.0,16668175.0,1.501,0.19
688528,秦川物联,8.93,8.92,8.93,8.77,8.77,9.09,8.51,2368093.0,21082428.0,1.824,0.16
688529,豪森智能,15.0,15.0,15.02,14.74,15.2,15.43,14.5,1803047.0,27048928.0,1.764,0.26
688530,欧莱新材,76.7,76.7,76.71,88.15,88.16,91.5,76.6,15175710.0,1289424776.0,-12.989,-11.45
688531,日联科技,178.86,178.5,178.86,194.6,199.05,199.05,176.0,8721775.0,1647171663.0,-8.088,-15.74
688533,上声电子,21.4,21.4,21.41,21.11,21.14,21.77,20.94,892353.0,19109826.0,1.374,0.29
688535,华海诚科,169.59,169.58,169.59,179.2,176.0,192.66,169.0,15973398.0,2906604441.0,-5.363,-9.61
688536,思瑞浦,309.0,309.0,309.77,328.69,331.83,337.0,309.0,4609554.0,1494000791.0,-5.99,-19.69
688538,和辉光电,2.51,2.5,2.51,2.38,2.39,2.74,2.38,335901015.0,870581016.0,5.462,0.13
688539,高华科技,34.6,34.6,34.65,30.5,30.65,36.6,30.26,10296918.0,357119842.0,13.443,4.1
688543,国科军工,39.95,39.95,39.96,38.3,38.01,41.49,37.82,10186424.0,407189054.0,4.308,1.65
688545,兴福电子,111.0,111.0,111.09,119.59,120.5,126.58,109.99,18396295.0,2186480025.0,-7.183,-8.59
688548,广钢气体,43.6,43.57,43.6,50.9,51.51,52.5,43.1,65836772.0,3141526867.0,-14.342,-7.3
688549,中巨芯,29.33,29.33,29.34,35.38,34.3,35.44,29.0,130943228.0,4211699558.0,-17.1,-6.05
688550,瑞联新材,52.58,52.58,52.6,53.4,52.9,58.13,52.03,11109949.0,608259038.0,-1.536,-0.82
688551,科威尔,54.3,54.27,54.3,54.5,55.41,58.95,54.3,4227123.0,238567811.0,-0.367,-0.2
688552,航天南湖,28.19,28.19,28.2,27.15,27.13,29.47,26.53,6571227.0,185787140.0,3.831,1.04
688553,汇宇制药,12.63,12.63,12.64,12.27,11.98,13.03,11.76,22375587.0,281743169.0,2.934,0.36
688556,高测股份,10.8,10.79,10.8,10.8,10.66,11.4,10.61,34007951.0,376325314.0,0.0,0.0
688557,兰剑智能,21.1,21.1,21.13,21.38,21.5,22.08,21.0,2219814.0,47831215.0,-1.31,-0.28
688558,国盛智科,34.44,34.44,34.47,33.0,33.76,35.74,33.28,3772915.0,131328531.0,4.364,1.44
688559,海目星,61.52,61.51,61.52,65.78,65.59,68.39,61.52,13273964.0,864117271.0,-6.476,-4.26
688560,明冠新材,11.3,11.3,11.31,11.13,11.13,11.68,10.97,4064857.0,46332869.0,1.527,0.17
688561,奇安信,25.89,25.89,25.9,25.3,25.06,26.24,24.91,13072255.0,336463795.0,2.332,0.59
688562,航天软件,15.24,15.23,15.24,14.45,14.26,16.02,14.26,9244108.0,141543167.0,5.467,0.79
688563,XD航材股,50.9,50.9,50.91,49.49,49.49,52.73,49.0,3965113.0,202443976.0,2.849,1.41
688565,力源科技,9.27,9.17,9.27,8.95,8.95,9.41,8.85,2724711.0,24980601.0,3.575,0.32
688566,吉贝尔,26.15,26.15,26.16,25.29,25.02,26.67,24.8,2522383.0,65558711.0,3.401,0.86
688567,孚能科技,9.5,9.49,9.5,9.49,9.59,9.74,9.42,12520389.0,120308306.0,0.105,0.01
688568,中科星图,41.95,41.93,41.95,38.28,38.0,44.19,37.61,33126736.0,1377427179.0,9.587,3.67
688569,铁科轨道,16.88,16.84,16.88,16.5,16.4,17.18,16.21,817194.0,13684395.0,2.303,0.38
688570,天玛智控,14.84,14.84,14.87,14.78,14.64,15.02,14.52,1022819.0,15161989.0,0.406,0.06
688571,杭华股份,9.26,9.25,9.26,9.58,9.57,9.82,9.23,15188320.0,143373174.0,-3.34,-0.32
688573,信宇人,16.0,16.0,16.02,15.66,15.55,16.3,15.39,1746421.0,27855528.0,2.171,0.34
688575,亚辉龙,9.11,9.1,9.11,8.88,8.85,9.21,8.73,8343803.0,75452473.0,2.59,0.23
688576,西山科技,42.22,42.11,42.15,41.16,41.1,43.11,40.5,722519.0,30585683.0,2.575,1.06
688577,浙海德曼,50.22,50.15,50.22,50.36,50.98,52.3,50.0,1858767.0,95275080.0,-0.278,-0.14
688578,艾力斯,122.94,122.94,122.95,121.64,119.26,126.88,118.6,14118308.0,1749433652.0,1.069,1.3
688579,地纬智能,7.88,7.88,7.9,7.64,7.66,8.01,7.46,4798595.0,37735639.0,3.141,0.24
688580,伟思医疗,58.12,58.1,58.12,57.05,56.99,59.33,55.71,2732007.0,159345434.0,1.876,1.07
688581,安杰思,52.9,52.79,52.9,52.0,52.0,53.35,51.22,619037.0,32601696.0,1.731,0.9
688582,芯动联科,57.4,57.39,57.4,57.61,57.65,61.69,57.3,13885681.0,825002445.0,-0.365,-0.21
688583,思看科技,74.1,74.06,74.1,73.1,73.34,76.8,73.02,1508264.0,113453001.0,1.368,1.0
688584,上海合晶,43.38,43.38,43.39,40.27,44.0,48.32,43.18,55180243.0,2517332461.0,7.723,3.11
688585,上纬新材,143.0,142.98,143.0,145.91,147.0,149.99,143.0,3757644.0,553458980.0,-1.994,-2.91
688586,江航装备,11.1,11.1,11.11,10.9,11.03,11.65,10.78,13130569.0,147964447.0,1.835,0.2
688588,凌志软件,9.09,9.09,9.1,8.99,8.9,9.33,8.78,5570427.0,50722576.0,1.112,0.1
688589,力合微,21.52,21.51,21.52,22.18,21.9,22.76,21.5,7956547.0,176416891.0,-2.976,-0.66
688590,新致软件,12.7,12.7,12.71,12.87,12.75,13.27,12.67,9194413.0,118948950.0,-1.321,-0.17
688591,泰凌微,34.66,34.64,34.66,35.35,35.2,35.9,34.66,9514058.0,336172453.0,-1.952,-0.69
688592,司南导航,27.91,27.88,27.91,26.46,26.21,29.69,26.21,2942337.0,82129407.0,5.48,1.45
688593,新相微,33.77,33.76,33.77,36.0,36.65,37.01,33.5,19457851.0,689503102.0,-6.194,-2.23
688595,芯海科技,40.46,40.46,40.5,43.35,43.0,44.01,40.37,11174350.0,475939958.0,-6.667,-2.89
688596,正帆科技,68.03,68.03,68.3,80.33,80.67,81.0,68.03,42303016.0,3142666349.0,-15.312,-12.3
688597,煜邦电力,6.86,6.85,6.86,6.75,6.81,7.03,6.56,5896333.0,40500045.0,1.63,0.11
688598,金博股份,44.5,44.5,44.53,45.5,45.0,46.74,44.3,15933802.0,720666310.0,-2.198,-1.0
688599,天合光能,12.98,12.97,12.98,12.55,12.53,13.44,12.45,40459654.0,526400013.0,3.426,0.43
688600,皖仪科技,28.58,28.58,28.59,28.6,29.15,29.84,28.56,2732710.0,79688603.0,-0.07,-0.02
688601,力芯微,56.45,56.45,56.49,58.47,58.16,60.35,56.45,7458660.0,436477068.0,-3.455,-2.02
688602,康鹏科技,7.42,7.41,7.42,7.54,7.5,7.84,7.39,10322926.0,78331484.0,-1.592,-0.12
688603,天承科技,140.02,140.02,140.04,149.37,153.9,155.54,140.01,5057660.0,750305631.0,-6.26,-9.35
688605,先锋精科,101.85,101.85,101.91,116.9,123.0,130.0,101.85,15361613.0,1785901888.0,-12.874,-15.05
688606,奥泰生物,42.29,42.29,42.5,41.61,41.86,43.2,40.57,673622.0,28500348.0,1.634,0.68
688607,康众医疗,47.72,47.71,47.72,47.95,48.05,49.32,47.68,1641572.0,79489988.0,-0.48,-0.23
688608,恒玄科技,118.2,118.2,118.22,117.15,116.0,124.66,115.84,8004614.0,967296019.0,0.896,1.05
688609,九联科技,10.37,10.36,10.37,10.41,10.49,11.08,10.3,27549037.0,294153220.0,-0.384,-0.04
688610,埃科光电,226.1,226.1,226.6,231.5,245.38,255.0,225.0,4215686.0,1020672970.0,-2.333,-5.4
688611,杭州柯林,67.17,67.0,67.17,68.23,68.2,69.5,66.8,1052896.0,71964218.0,-1.554,-1.06
688612,威迈斯,32.76,32.76,32.8,29.95,30.04,34.26,30.0,9672752.0,315146345.0,9.382,2.81
688613,奥精医疗,15.93,15.9,15.93,14.57,14.53,16.1,14.33,5745830.0,89696696.0,9.334,1.36
688615,合合信息,114.64,114.6,114.64,113.85,112.0,120.5,111.6,6172721.0,721534997.0,0.694,0.79
688616,西力科技,10.26,10.26,10.28,10.18,10.24,10.43,9.9,2017239.0,20581092.0,0.786,0.08
688617,惠泰医疗,204.88,204.88,205.0,197.35,197.39,207.99,193.26,2337020.0,475937458.0,3.816,7.53
688618,三旺通信,28.28,28.28,28.41,28.16,28.09,29.64,27.94,2581042.0,73937367.0,0.426,0.12
688619,罗普特,13.8,13.8,13.82,13.85,13.65,14.75,13.65,4439489.0,62813857.0,-0.361,-0.05
688620,安凯微,16.7,16.69,16.7,16.92,16.8,17.7,16.68,32736231.0,563552153.0,-1.3,-0.22
688621,阳光诺和,51.61,51.56,51.61,49.25,49.47,53.23,48.09,3340806.0,172541725.0,4.792,2.36
688622,*ST禾信,113.32,113.32,113.57,113.96,113.64,119.49,110.5,472031.0,53624389.0,-0.562,-0.64
688623,双元科技,66.0,65.87,66.0,66.53,66.2,68.0,65.72,559273.0,37465494.0,-0.797,-0.53
688625,呈和科技,70.5,70.46,70.5,73.5,74.97,75.75,70.1,4531901.0,330588376.0,-4.082,-3.0
688626,翔宇医疗,47.48,47.47,47.48,46.01,45.09,48.58,45.02,2428717.0,115072942.0,3.195,1.47
688627,精智达,599.99,598.52,599.99,647.88,649.93,675.0,592.96,6042562.0,3880651264.0,-7.392,-47.89
688628,优利德,87.64,87.61,87.64,90.88,91.53,97.5,87.64,4365923.0,404029819.0,-3.565,-3.24
688629,华丰科技,202.0,202.0,202.03,209.68,220.0,228.16,201.35,27909134.0,6026049207.0,-3.663,-7.68
688630,芯碁微装,465.02,465.01,465.02,517.8,517.12,525.0,464.0,6144537.0,3044887302.0,-10.193,-52.78
688631,莱斯信息,44.44,44.4,44.44,42.12,41.28,45.87,41.28,3106903.0,137642980.0,5.508,2.32
688633,星球石墨,26.05,26.05,26.06,25.9,26.0,26.8,25.82,4666202.0,122265241.0,0.579,0.15
688635,长进光子,391.0,391.0,391.39,403.24,403.24,416.66,390.0,2333256.0,945547886.0,-3.035,-12.24
688636,智明达,41.0,40.99,41.0,40.69,40.22,44.28,39.7,14889177.0,627246826.0,0.762,0.31
688638,誉辰智能,29.7,29.7,29.73,29.28,30.0,30.41,28.51,698567.0,20784690.0,1.434,0.42
688639,华恒生物,16.41,16.41,16.42,16.34,16.22,16.82,16.2,3831984.0,63212708.0,0.428,0.07
688646,ST逸飞,67.66,67.01,67.66,69.77,69.77,70.1,66.88,1075545.0,73111885.0,-3.024,-2.11
688648,中邮科技,32.76,32.52,32.76,32.6,32.29,33.9,31.97,2067327.0,68484511.0,0.491,0.16
688651,XR盛邦安,23.93,23.9,23.93,22.62,22.98,25.09,22.6,2871894.0,68766541.0,5.791,1.31
688652,京仪装备,208.0,207.26,208.0,230.55,225.0,233.87,205.21,11608384.0,2568279068.0,-9.781,-22.55
688653,康希通信,16.3,16.3,16.31,17.23,17.2,17.51,16.3,27015231.0,460997085.0,-5.398,-0.93
688655,迅捷兴,37.89,37.89,37.9,38.62,39.22,41.99,37.88,7613424.0,304094478.0,-1.89,-0.73
688656,浩欧博,96.72,96.72,97.16,91.96,91.46,98.6,90.5,715069.0,68967337.0,5.176,4.76
688657,浩辰软件,35.92,35.9,35.92,35.48,35.5,36.78,35.31,2493582.0,90200062.0,1.24,0.44
688658,悦康药业,13.95,13.95,13.97,13.53,13.25,14.42,13.06,19697632.0,273822455.0,3.104,0.42
688659,元琛科技,10.12,10.12,10.13,10.1,10.07,10.46,9.89,4294379.0,43902247.0,0.198,0.02
688660,电气风电,8.6,8.6,8.61,7.88,7.87,9.31,7.81,47041997.0,409677499.0,9.137,0.72
688661,和林微纳,140.38,140.38,140.49,154.44,156.0,159.8,140.24,3961536.0,604587578.0,-9.104,-14.06
688662,富信科技,108.56,108.56,108.61,115.0,118.1,123.55,108.5,11441396.0,1331615356.0,-5.6,-6.44
688663,新风光,81.46,81.46,81.54,83.95,83.5,84.5,80.79,3442852.0,283657891.0,-2.966,-2.49
688665,四方光电,55.66,55.56,55.66,56.32,58.36,59.0,55.38,1182198.0,67729369.0,-1.172,-0.66
688667,菱电电控,112.77,112.6,112.77,112.71,112.71,117.21,111.72,843271.0,96434041.0,0.053,0.06
688668,鼎通科技,332.61,332.61,332.94,341.69,351.08,366.18,331.0,4799563.0,1684797226.0,-2.657,-9.08
688669,聚石化学,86.89,86.89,87.0,92.0,92.3,94.99,86.4,3129437.0,286231734.0,-5.554,-5.11
688670,金迪克,15.56,15.5,15.56,14.86,14.76,15.97,14.61,1861779.0,28838238.0,4.711,0.7
688671,碧兴物联,26.52,26.52,26.58,27.62,27.32,28.02,26.37,2240885.0,60728739.0,-3.983,-1.1
688676,金盘科技,77.81,77.8,77.81,82.04,81.5,81.98,77.78,13457549.0,1072685250.0,-5.156,-4.23
688677,海泰新光,87.58,87.58,87.87,88.37,89.38,92.09,87.58,3599063.0,322485293.0,-0.894,-0.79
688678,福立旺,21.13,21.12,21.13,21.0,21.24,22.54,20.95,16653695.0,363127869.0,0.619,0.13
688679,通源环境,33.25,33.15,33.25,35.62,36.0,36.0,33.02,3555843.0,121734092.0,-6.654,-2.37
688680,海优新材,37.31,37.31,37.39,37.12,36.84,38.88,36.55,1621593.0,61644715.0,0.512,0.19
688681,科汇股份,14.65,14.62,14.65,14.28,14.48,14.94,13.96,1981365.0,28808420.0,2.591,0.37
688682,霍莱沃,38.1,38.1,38.13,35.53,34.96,40.72,34.96,4187971.0,160954800.0,7.233,2.57
688683,莱尔科技,33.88,33.8,33.88,31.47,31.72,34.01,31.06,3296803.0,108823561.0,7.658,2.41
688685,迈信林,48.55,48.55,48.56,51.01,52.54,52.54,48.06,7633530.0,382788007.0,-4.823,-2.46
688686,奥普特,151.39,151.39,152.0,156.05,156.03,161.0,151.37,1921423.0,302080026.0,-2.986,-4.66
688687,凯因科技,16.76,16.76,16.77,16.22,16.19,17.09,15.88,3679762.0,61568754.0,3.329,0.54
688689,银河微电,58.31,58.3,58.31,67.34,65.33,67.82,57.93,16098820.0,1008191403.0,-13.41,-9.03
688690,纳微科技,40.1,40.1,40.11,40.45,40.01,42.32,39.6,14935356.0,614518928.0,-0.865,-0.35
688691,灿芯股份,107.51,107.51,107.52,116.05,117.56,120.7,107.51,12371185.0,1406449078.0,-7.359,-8.54
688692,达梦数据,242.27,241.66,242.27,239.35,238.02,252.32,237.78,2302627.0,565899976.0,1.22,2.92
688693,锴威特,86.05,86.05,86.22,90.21,90.16,93.17,86.02,2454441.0,220479682.0,-4.611,-4.16
688695,中创股份,18.5,18.5,18.52,18.02,18.01,18.86,17.68,1223278.0,22575679.0,2.664,0.48
688696,极米科技,64.38,64.37,64.38,60.81,60.66,66.35,60.07,1955491.0,124966869.0,5.871,3.57
688697,纽威数控,14.05,14.05,14.06,13.7,13.97,14.89,13.9,14633564.0,210897402.0,2.555,0.35
688698,伟创电气,54.69,54.69,54.7,53.45,53.68,58.22,53.0,7598144.0,425093630.0,2.32,1.24
688699,明微电子,72.86,72.81,72.86,78.69,78.32,84.64,72.77,8214179.0,648681946.0,-7.409,-5.83
688700,东威科技,72.42,72.42,72.45,76.11,77.43,78.75,72.35,12810944.0,971628891.0,-4.848,-3.69
688701,卓锦股份,7.13,7.13,7.15,7.0,6.94,7.39,6.89,2475097.0,17719555.0,1.857,0.13
688702,盛科通信,378.68,378.68,378.87,422.0,417.0,429.6,378.68,12917115.0,5257511589.0,-10.265,-43.32
688707,振华新材,10.82,10.82,10.84,10.79,10.79,11.08,10.69,9298333.0,101400863.0,0.278,0.03
688708,佳驰科技,50.16,50.16,50.18,51.63,51.1,52.52,50.16,2459639.0,126023879.0,-2.847,-1.47
688709,成都华微,36.76,36.75,36.76,37.48,37.49,39.5,36.52,12532442.0,474382378.0,-1.921,-0.72
688710,益诺思,77.87,77.87,0.0,64.89,65.88,77.87,64.0,6857749.0,503467138.0,20.003,12.98
688711,宏微科技,33.3,33.3,33.33,36.58,36.58,37.87,33.3,16882777.0,610103225.0,-8.967,-3.28
688712,北芯生命,37.56,37.56,37.58,36.86,36.86,38.19,36.07,2178801.0,81681126.0,1.899,0.7
688716,中研股份,35.18,35.18,35.21,34.45,33.2,37.33,33.2,6783831.0,242165474.0,2.119,0.73
688717,艾罗能源,66.7,66.7,66.77,67.38,68.35,68.98,66.7,3744914.0,253886261.0,-1.009,-0.68
688718,唯赛勃,15.0,15.0,15.02,14.37,14.38,15.63,14.18,4444178.0,67548172.0,4.384,0.63
688719,爱科赛博,65.53,65.52,65.53,68.0,66.71,70.5,65.52,4219737.0,286718450.0,-3.632,-2.47
688720,艾森股份,105.33,105.33,105.4,105.6,110.99,120.0,105.0,15923307.0,1810199650.0,-0.256,-0.27
688721,龙图光罩,57.38,57.3,57.38,60.9,61.1,62.9,57.08,6986085.0,422449190.0,-5.78,-3.52
688722,同益中,18.31,18.31,0.0,15.26,15.4,18.31,15.4,20667438.0,360849629.0,19.987,3.05
688726,拉普拉斯,49.57,49.57,49.58,44.57,45.0,53.44,45.0,20434580.0,1028357387.0,11.218,5.0
688727,恒坤新材,63.15,63.15,63.2,68.68,70.5,70.87,63.0,8155369.0,553139535.0,-8.052,-5.53
688728,格科微,21.75,21.74,21.75,24.14,23.62,24.32,21.62,80685694.0,1871171930.0,-9.901,-2.39
688729,屹唐股份,36.58,36.58,36.59,37.57,38.0,40.44,36.45,115026868.0,4478450415.0,-2.635,-0.99
688733,壹石通,41.5,41.41,41.5,43.15,44.13,46.0,41.5,19738300.0,866703780.0,-3.824,-1.65
688737,中自科技,17.73,17.73,17.82,17.73,17.75,18.08,17.71,1330417.0,23806860.0,0.0,0.0
688739,成大生物,19.86,19.85,19.86,19.49,19.46,20.13,19.21,2380912.0,47165869.0,1.898,0.37
688750,金天钛业,15.13,15.13,15.15,14.82,14.84,15.52,14.65,4879895.0,73789595.0,2.092,0.31
688755,汉邦科技,25.06,25.06,25.08,24.78,24.89,25.71,24.57,1235292.0,31183121.0,1.13,0.28
688757,胜科纳米,50.96,50.96,50.98,54.5,54.9,56.9,50.96,8822898.0,475976205.0,-6.495,-3.54
688758,赛分科技,21.22,21.19,21.22,20.45,20.21,21.79,19.97,8521273.0,180478829.0,3.765,0.77
688759,必贝特,31.43,31.43,31.45,30.44,30.43,32.88,30.06,4685286.0,149266884.0,3.252,0.99
688765,禾元生物,50.8,50.8,50.82,48.7,48.59,52.68,47.96,2999466.0,153218136.0,4.312,2.1
688766,普冉股份,703.0,703.0,703.14,762.07,762.0,784.48,701.0,8111102.0,6015481348.0,-7.751,-59.07
688767,博拓生物,37.18,37.05,37.18,37.08,36.83,38.78,36.36,2102833.0,79288679.0,0.27,0.1
688768,容知日新,45.0,45.0,45.1,44.97,45.42,46.37,44.35,1115128.0,50541177.0,0.067,0.03
688772,珠海冠宇,17.94,17.93,17.94,17.33,17.25,18.61,17.16,53348322.0,959020242.0,3.52,0.61
688775,影石创新,138.6,138.6,138.65,135.98,135.11,142.0,135.11,4043327.0,563092915.0,1.927,2.62
688776,国光电气,57.2,57.2,57.33,54.22,54.22,60.7,53.5,4783167.0,277108927.0,5.496,2.98
688777,中控技术,105.88,105.88,105.91,113.36,112.96,114.99,105.88,18050281.0,1984460974.0,-6.598,-7.48
688778,厦钨新能,49.65,49.64,49.65,50.09,50.78,50.8,48.48,9887415.0,490486447.0,-0.878,-0.44
688779,五矿新能,7.48,7.48,7.49,7.61,7.61,7.68,7.48,28754422.0,217885033.0,-1.708,-0.13
688781,视涯科技,44.95,44.95,44.97,46.98,46.98,48.44,44.88,3231242.0,150044705.0,-4.321,-2.03
688783,西安奕材,51.2,51.17,51.2,53.53,54.79,59.75,51.2,32847148.0,1835003106.0,-4.353,-2.33
688785,恒运昌,398.97,398.5,398.97,424.0,424.0,429.0,388.0,931789.0,379351462.0,-5.903,-25.03
688786,悦安新材,36.6,36.5,36.6,38.97,40.0,40.27,36.39,9868371.0,377543908.0,-6.082,-2.37
688787,海天瑞声,128.27,128.25,128.27,128.04,127.13,137.8,125.11,4151997.0,546802358.0,0.18,0.23
688788,科思科技,41.9,41.89,41.9,42.4,42.36,44.17,41.6,4676965.0,200476627.0,-1.179,-0.5
688789,宏华数科,48.89,48.89,48.98,49.0,48.82,49.57,48.24,1173980.0,57583198.0,-0.224,-0.11
688790,昂瑞微,127.68,127.68,127.71,130.1,129.65,132.0,127.27,1219585.0,157930623.0,-1.86,-2.42
688793,倍轻松,16.03,15.99,16.03,15.64,15.62,16.4,15.33,1550337.0,24807526.0,2.494,0.39
688795,摩尔线程,701.01,701.01,701.02,759.0,744.0,765.84,699.99,4800219.0,3550166822.0,-7.64,-57.99
688796,百奥赛图,112.4,112.38,112.4,106.5,105.2,118.5,103.2,2767851.0,315259303.0,5.54,5.9
688797,臻宝科技,445.25,445.25,445.27,515.12,530.1,555.0,445.0,9185140.0,4587797987.0,-13.564,-69.87
688798,艾为电子,69.0,69.0,69.01,72.5,72.49,73.64,69.0,5879437.0,421353892.0,-4.828,-3.5
688799,华纳药厂,53.1,53.07,53.1,49.87,49.19,55.99,48.05,5852330.0,310534914.0,6.477,3.23
688800,瑞可达,79.16,79.16,79.5,81.73,81.7,88.58,79.16,18152179.0,1536387842.0,-3.145,-2.57
688802,沐曦股份,909.35,909.35,909.98,981.88,933.0,987.0,909.0,4028710.0,3822289798.0,-7.387,-72.53
688805,健信超导,42.6,42.55,42.6,42.62,42.48,43.5,41.8,1249518.0,53686706.0,-0.047,-0.02
688807,优迅股份,348.0,347.98,348.0,359.94,368.05,378.88,346.92,1233116.0,449322679.0,-3.317,-11.94
688808,联讯仪器,2084.96,2082.87,2084.96,2253.6,2280.0,2385.0,2084.96,1168655.0,2642142539.0,-7.483,-168.64
688809,强一股份,546.0,545.6,546.0,594.8,587.0,603.95,546.0,2957226.0,1723774930.0,-8.204,-48.8
688811,有研复材,29.07,29.07,29.08,28.34,28.48,31.13,27.18,20910933.0,605183327.0,2.576,0.73
688813,泰金新能,169.93,169.38,169.93,169.16,169.16,191.97,168.17,5632631.0,1013714613.0,0.455,0.77
688816,易思维,56.07,56.07,56.15,55.1,55.2,56.69,54.5,436337.0,24370772.0,1.76,0.97
688818,电科蓝天,78.3,78.29,78.3,71.42,71.0,85.49,69.59,34596986.0,2706326734.0,9.633,6.88
688819,天能股份,21.74,21.74,21.75,21.49,21.51,21.94,21.12,4053405.0,87331862.0,1.163,0.25
688820,盛合晶微,191.96,191.96,191.97,210.94,215.0,219.0,191.95,37989890.0,7906459838.0,-8.998,-18.98
688981,中芯国际,163.02,163.02,163.05,173.0,173.0,176.34,162.58,112708895.0,19217464804.0,-5.769,-9.98
000001,平安银行,10.45,10.44,10.45,10.49,10.5,10.51,10.4,95732035.0,999718249.0,-0.381,-0.04
000002,万 科Ａ,3.11,3.11,3.12,2.98,2.99,3.14,2.95,216014513.0,665318286.0,4.362,0.13
000004,国华退,0.46,0.46,0.0,0.42,0.45,0.46,0.45,3630589.0,1667187.0,9.524,0.04
000006,深振业Ａ,7.08,7.08,7.09,6.84,6.86,7.39,6.83,32970544.0,237936459.0,3.509,0.24
000007,全新好,11.1,11.07,11.1,10.85,10.85,11.42,10.8,7131900.0,79701603.0,2.304,0.25
000008,神州高铁,2.36,0.0,0.0,2.36,0.0,0.0,0.0,0.0,0.0,0.0,0.0
000009,中国宝安,6.17,6.17,6.18,6.09,6.06,6.25,6.0,20662988.0,127000397.0,1.314,0.08
000010,*ST美丽,1.76,1.75,1.76,1.82,1.78,1.8,1.7,23051100.0,40442653.0,-3.297,-0.06
000011,深物业A,6.43,6.43,6.44,6.27,6.23,6.56,6.18,5060757.0,32536641.0,2.552,0.16
000012,南 玻Ａ,4.17,4.17,4.18,4.31,4.29,4.34,4.17,59096388.0,250341770.0,-3.248,-0.14
000014,沙河股份,9.2,9.19,9.2,8.9,8.88,9.43,8.76,7728102.0,71440869.0,3.371,0.3
000016,*ST康佳A,2.49,2.48,2.49,2.47,2.44,2.51,2.39,17028359.0,42125748.0,0.81,0.02
000017,深中华A,5.99,5.98,5.99,6.55,6.23,6.28,5.9,33190526.0,199248263.0,-8.55,-0.56
000019,深粮控股,5.9,5.9,5.91,5.81,5.81,5.95,5.73,4784074.0,28089093.0,1.549,0.09
000020,深华发Ａ,10.6,10.6,10.61,10.59,10.55,10.9,10.36,4340200.0,46366492.0,0.094,0.01
000021,深科技,57.91,57.91,57.92,56.24,59.88,61.86,57.9,303101637.0,18369597544.0,2.969,1.67
000025,特 力Ａ,13.34,13.33,13.34,13.18,13.15,13.54,13.03,4477901.0,59819771.0,1.214,0.16
000026,飞亚达,19.54,19.54,19.55,18.75,18.86,20.49,18.68,14459559.0,283935104.0,4.213,0.79
000027,深圳能源,6.02,6.01,6.02,5.98,5.95,6.07,5.91,25143532.0,151115817.0,0.669,0.04
000028,国药一致,20.22,20.22,20.24,20.18,20.2,20.36,19.87,2781337.0,56078307.0,0.198,0.04
000029,深深房Ａ,22.62,22.61,22.62,23.92,23.58,24.56,22.58,9043306.0,208613498.0,-5.435,-1.3
000030,富奥股份,3.98,3.98,3.99,3.94,3.94,4.03,3.88,10621540.0,42149267.0,1.015,0.04
000031,大悦城,2.18,2.18,2.19,2.11,2.11,2.24,2.07,51173922.0,111608939.0,3.318,0.07
000032,深桑达Ａ,21.68,21.68,21.69,22.42,22.1,23.5,21.66,69795067.0,1578883026.0,-3.301,-0.74
000034,神州数码,29.62,29.61,29.62,28.83,28.6,30.58,28.38,104167824.0,3102850221.0,2.74,0.79
000035,中国天楹,4.58,4.57,4.58,4.52,4.52,4.63,4.45,33369149.0,152147370.0,1.327,0.06
000036,华联控股,4.1,4.09,4.1,4.06,4.06,4.24,4.0,24877831.0,102914206.0,0.985,0.04
000037,深南电A,8.4,8.39,8.4,8.2,8.15,8.55,8.08,15222299.0,128034189.0,2.439,0.2
000039,中集集团,8.2,8.2,8.21,8.08,8.13,8.39,7.87,41774186.0,341739003.0,1.485,0.12
000042,中洲控股,7.78,7.78,7.79,7.69,7.63,7.93,7.57,5985422.0,46490714.0,1.17,0.09
000045,深纺织Ａ,9.62,9.62,9.63,9.58,9.63,9.86,9.51,4595183.0,44756447.0,0.418,0.04
000048,京基智农,24.1,24.1,0.0,21.91,22.48,24.1,22.44,22350305.0,534113404.0,9.995,2.19
000049,德赛电池,23.88,23.87,23.88,24.04,24.01,24.42,23.82,5974137.0,143987631.0,-0.666,-0.16
000050,深天马Ａ,7.75,7.75,7.76,8.04,8.0,8.16,7.75,66005750.0,525539443.0,-3.607,-0.29
000055,方大集团,3.26,3.26,3.27,3.17,3.18,3.35,3.13,16533231.0,53807227.0,2.839,0.09
000056,*ST皇庭,2.1,2.1,2.11,2.21,2.22,2.24,2.09,32129400.0,69224818.0,-4.977,-0.11
000058,深 赛 格,6.12,6.12,6.13,5.99,5.97,6.25,5.91,8447100.0,51706947.0,2.17,0.13
000059,华锦股份,4.06,4.06,4.07,4.02,4.01,4.12,3.91,28342560.0,114250267.0,0.995,0.04
000060,中金岭南,6.49,6.49,6.5,6.49,6.51,6.67,6.46,132769438.0,871630330.0,0.0,0.0
000061,农 产 品,5.65,5.65,5.66,5.54,5.53,5.77,5.45,21168800.0,119319179.0,1.986,0.11
000062,深圳华强,31.51,31.5,31.51,32.14,31.08,33.25,30.61,60135797.0,1921786538.0,-1.96,-0.63
000063,中兴通讯,40.53,40.52,40.53,40.33,39.8,43.0,39.63,450271803.0,18634061412.0,0.496,0.2
000065,北方国际,8.92,8.92,8.93,8.88,8.83,9.09,8.65,17657868.0,157003493.0,0.45,0.04
000066,中国长城,19.45,19.45,19.46,19.88,19.58,20.4,19.15,332777595.0,6581771501.0,-2.163,-0.43
000068,华控赛格,2.72,2.72,2.73,2.68,2.68,2.77,2.63,17917229.0,48504888.0,1.493,0.04
000069,华侨城Ａ,1.69,1.69,1.7,1.62,1.62,1.72,1.6,85830300.0,144202102.0,4.321,0.07
000070,特发信息,18.0,17.99,18.0,18.18,18.15,18.92,17.88,116470513.0,2139452466.0,-0.99,-0.18
000078,ST海王,1.89,1.88,1.89,1.86,1.76,1.96,1.68,247020755.0,444851360.0,1.613,0.03
000088,盐 田 港,4.22,4.21,4.22,4.18,4.18,4.32,4.13,23598804.0,99427887.0,0.957,0.04
000089,深圳机场,6.23,6.23,6.24,6.26,6.26,6.28,6.17,9885400.0,61508680.0,-0.479,-0.03
000090,天健集团,3.25,3.24,3.25,3.05,3.05,3.35,3.02,40173309.0,129811478.0,6.557,0.2
000096,广聚能源,7.26,7.25,7.26,7.17,7.06,7.34,7.0,7744467.0,55916897.0,1.255,0.09
000099,中信海直,13.93,13.92,13.93,13.55,13.53,14.18,13.37,13423049.0,186007998.0,2.804,0.38
000100,TCL科技,5.12,5.12,5.13,5.36,5.37,5.49,5.12,1307688952.0,6951893698.0,-4.478,-0.24
000151,中成股份,9.34,9.34,9.35,9.24,9.23,9.5,9.14,8166400.0,76506329.0,1.082,0.1
000153,丰原药业,5.49,5.48,5.49,5.23,5.38,5.57,5.21,17755800.0,96027005.0,4.971,0.26
000155,川能动力,10.9,10.9,10.91,10.98,10.96,11.12,10.73,28206561.0,309273803.0,-0.729,-0.08
000156,华数传媒,6.54,6.53,6.54,6.44,6.42,6.67,6.34,11443299.0,74958454.0,1.553,0.1
000157,中联重科,7.26,7.25,7.26,7.1,7.1,7.33,7.05,71474344.0,516428261.0,2.254,0.16
000158,常山北明,13.38,13.38,13.39,12.98,12.91,13.72,12.7,56640630.0,757655593.0,3.082,0.4
000159,国际实业,5.54,5.53,5.54,5.5,5.46,5.57,5.42,8619700.0,47534566.0,0.727,0.04
000166,申万宏源,4.51,4.5,4.51,4.59,4.57,4.57,4.46,121321219.0,546138465.0,-1.743,-0.08
000301,东方盛虹,12.55,12.55,12.56,12.48,12.04,12.56,11.64,45395848.0,548075462.0,0.561,0.07
000333,美的集团,78.99,78.98,78.99,79.33,79.14,79.3,77.86,27961858.0,2201420876.0,-0.429,-0.34
000338,潍柴动力,27.57,27.57,27.58,27.84,28.03,28.52,27.4,87715460.0,2460997969.0,-0.97,-0.27
000400,许继电气,20.29,20.29,20.3,20.04,20.12,20.63,19.88,16229334.0,330031743.0,1.248,0.25
000401,金隅冀东,3.49,3.48,3.49,3.42,3.43,3.53,3.36,8477855.0,29376788.0,2.047,0.07
000402,金 融 街,2.48,2.47,2.48,2.4,2.38,2.53,2.36,57948614.0,142693994.0,3.333,0.08
000403,派林生物,9.22,9.22,9.23,9.02,8.98,9.53,8.84,15941460.0,147419936.0,2.217,0.2
000404,长虹华意,7.55,7.55,7.56,7.67,7.51,7.72,7.43,18113729.0,137364806.0,-1.565,-0.12
000407,胜利股份,3.77,3.76,3.77,3.7,3.68,3.82,3.67,13036000.0,49031015.0,1.892,0.07
000408,藏格矿业,69.3,69.3,69.32,68.84,69.41,72.05,68.26,18445198.0,1291695539.0,0.668,0.46
000409,云鼎科技,8.3,8.3,8.31,8.11,8.11,8.39,7.97,7698339.0,63676922.0,2.343,0.19
000410,沈阳机床,4.6,4.6,4.61,4.54,4.51,4.71,4.48,18369276.0,84362059.0,1.322,0.06
000411,英特集团,9.31,9.31,9.32,9.1,9.13,9.37,9.01,4978847.0,46112114.0,2.308,0.21
000415,渤海租赁,4.19,4.18,4.19,4.36,4.42,4.43,4.18,104619800.0,446978053.0,-3.899,-0.17
000417,合百集团,7.78,7.78,7.79,8.18,8.3,8.5,7.77,101466583.0,827498847.0,-4.89,-0.4
000419,通程控股,4.68,4.68,4.69,4.61,4.6,4.74,4.53,9357939.0,43802549.0,1.518,0.07
000420,吉林化纤,3.78,3.78,3.79,3.75,3.76,3.87,3.69,58484585.0,221631370.0,0.8,0.03
000421,南京公用,5.18,5.18,5.19,5.1,5.09,5.25,5.04,7153579.0,36973113.0,1.569,0.08
000422,湖北宜化,13.22,13.22,13.23,13.17,13.07,13.39,12.87,26163290.0,344091556.0,0.38,0.05
000423,东阿阿胶,46.79,46.79,46.8,46.8,46.65,47.15,46.06,4030400.0,188286112.0,-0.021,-0.01
000425,徐工机械,8.43,8.43,8.44,8.35,8.36,8.56,8.18,94021632.0,791749930.0,0.958,0.08
000426,兴业银锡,33.0,32.99,33.0,32.35,32.8,34.29,32.24,55653483.0,1848310955.0,2.009,0.65
000428,华天酒店,3.11,3.11,3.12,3.04,3.04,3.15,2.99,13572595.0,42073542.0,2.303,0.07
000429,粤高速Ａ,13.5,13.5,13.51,13.88,13.7,13.96,13.45,7518432.0,102415620.0,-2.738,-0.38
000430,张家界,6.88,6.88,6.89,6.74,6.85,7.07,6.84,14265256.0,99221964.0,2.077,0.14
000488,ST晨鸣,2.0,1.98,2.0,2.0,2.01,2.02,1.94,12638887.0,25049002.0,0.0,0.0
000498,山东路桥,4.87,4.87,4.88,4.85,4.86,4.89,4.77,7616934.0,36869043.0,0.412,0.02
000501,武商集团,6.87,6.86,6.87,6.9,6.89,6.98,6.78,9025243.0,62414385.0,-0.435,-0.03
000503,国新健康,6.4,6.4,6.41,6.3,6.31,6.56,6.11,16095900.0,103270014.0,1.587,0.1
000504,南华生物,8.06,8.05,8.06,8.07,7.99,8.2,7.75,9329700.0,74366686.0,-0.124,-0.01
000505,京粮控股,5.34,5.33,5.34,5.21,5.2,5.42,5.11,9491658.0,50501879.0,2.495,0.13
000506,招金黄金,13.74,13.73,13.74,13.41,13.43,14.1,13.0,77466973.0,1054247482.0,2.461,0.33
000507,珠海港,4.65,4.65,4.66,4.63,4.6,4.7,4.58,5540280.0,25754533.0,0.432,0.02
000509,华塑控股,3.21,3.2,3.21,3.2,3.17,3.33,3.15,43884216.0,142967116.0,0.312,0.01
000510,新金路,18.9,18.9,18.91,19.48,19.52,20.15,18.76,44037501.0,855904398.0,-2.977,-0.58
000513,丽珠集团,30.24,30.24,30.25,29.86,29.83,30.52,29.36,6651306.0,199893885.0,1.273,0.38
000514,渝 开 发,3.78,3.78,3.79,3.7,3.7,3.88,3.63,13397615.0,50861454.0,2.162,0.08
000516,国际医学,4.1,4.1,4.11,4.03,4.02,4.15,3.92,54003139.0,220299664.0,1.737,0.07
000517,荣安地产,1.76,1.75,1.76,1.71,1.71,1.8,1.68,35810181.0,62760204.0,2.924,0.05
000518,四环生物,4.06,4.06,4.07,3.99,3.87,4.23,3.85,137707903.0,562103332.0,1.754,0.07
000519,中兵红箭,17.52,17.52,17.53,17.91,17.8,18.44,17.51,84964036.0,1521533813.0,-2.178,-0.39
000520,凤凰航运,4.34,4.34,4.35,4.32,4.28,4.43,4.24,23341000.0,101858252.0,0.463,0.02
000521,长虹美菱,5.48,5.48,5.49,5.44,5.4,5.56,5.28,21601180.0,117828498.0,0.735,0.04
000523,红棉股份,2.69,2.69,2.7,2.64,2.63,2.74,2.58,27366356.0,73520353.0,1.894,0.05
000524,岭南控股,9.87,9.86,9.87,9.68,9.29,10.19,8.71,38792789.0,354803183.0,1.963,0.19
000525,红太阳,4.06,4.06,4.07,4.1,4.16,4.21,3.95,36477276.0,149138382.0,-0.976,-0.04
000526,学大教育,28.06,28.05,28.11,25.91,26.13,28.5,25.83,5166300.0,142665203.0,8.298,2.15
000528,柳 工,7.9,7.9,7.91,7.9,7.86,8.0,7.7,29285867.0,230250131.0,0.0,0.0
000529,广弘控股,4.6,4.6,4.61,4.51,4.51,4.67,4.43,6687830.0,30710209.0,1.996,0.09
000530,冰山冷热,5.05,5.04,5.05,4.93,4.91,5.13,4.86,16331910.0,82175063.0,2.434,0.12
000531,穗恒运Ａ,5.66,5.66,5.67,5.59,5.6,5.74,5.49,10782220.0,60972344.0,1.252,0.07
000532,华金资本,10.53,10.53,10.54,10.37,10.4,10.78,10.22,6206239.0,65514830.0,1.543,0.16
000533,顺钠股份,8.9,8.89,8.9,8.77,8.74,9.14,8.7,22605703.0,202670846.0,1.482,0.13
000534,万泽股份,29.11,29.11,29.13,29.25,29.03,30.47,28.62,20711613.0,612248419.0,-0.479,-0.14
000536,华映科技,3.4,3.39,3.4,3.49,3.45,3.54,3.4,97260788.0,338158924.0,-2.579,-0.09
000537,绿发电力,7.13,7.12,7.13,6.94,6.94,7.22,6.85,24421130.0,172891380.0,2.738,0.19
000538,云南白药,48.82,48.82,48.83,48.36,48.36,49.0,47.8,9416241.0,457178339.0,0.951,0.46
000539,粤电力Ａ,6.04,6.04,6.05,5.92,5.87,6.18,5.82,92452461.0,561997472.0,2.027,0.12
000541,佛山照明,4.98,4.97,4.98,4.91,4.89,5.04,4.87,8761827.0,43611461.0,1.426,0.07
000543,皖能电力,7.65,7.65,7.66,7.56,7.57,7.75,7.44,30521047.0,232626686.0,1.19,0.09
000544,中原环保,7.07,7.06,7.07,7.08,7.08,7.14,6.98,6187150.0,43706717.0,-0.141,-0.01
000545,金浦钛业,2.68,2.68,2.69,2.65,2.62,2.75,2.56,78831538.0,210776148.0,1.132,0.03
000546,金圆股份,4.58,4.57,4.58,4.54,4.55,4.68,4.44,19374100.0,88892402.0,0.881,0.04
000547,航天发展,18.17,18.17,0.0,16.52,16.45,18.17,16.23,133312450.0,2343222112.0,9.988,1.65
000548,湖南投资,4.18,4.18,4.19,4.08,4.06,4.25,4.02,7156700.0,29791284.0,2.451,0.1
000550,江铃汽车,16.28,16.28,16.29,16.22,16.36,16.41,15.94,3173600.0,51491165.0,0.37,0.06
000551,创元科技,18.65,18.65,18.66,18.44,18.24,19.77,18.18,39500409.0,751784523.0,1.139,0.21
000552,甘肃能化,2.39,2.39,2.4,2.37,2.35,2.43,2.31,54755847.0,130126514.0,0.844,0.02
000553,安道麦A,5.77,5.77,5.78,5.79,5.79,5.88,5.68,6478573.0,37451714.0,-0.345,-0.02
000554,泰山石油,5.93,5.93,5.94,6.18,5.81,5.99,5.66,37104377.0,217050292.0,-4.045,-0.25
000555,神州信息,10.14,10.14,10.15,9.91,9.84,10.42,9.71,27283702.0,277859830.0,2.321,0.23
000557,西部创业,3.57,3.57,3.58,3.5,3.52,3.64,3.47,10102655.0,36068118.0,2.0,0.07
000558,天府文旅,3.27,3.27,3.28,3.18,3.13,3.33,3.11,45734864.0,149197587.0,2.83,0.09
000559,万向钱潮,12.02,12.02,12.05,11.94,11.96,12.42,11.94,58647362.0,713519930.0,0.67,0.08
000560,我爱我家,2.07,2.07,2.08,2.0,1.99,2.11,1.96,100218450.0,206870706.0,3.5,0.07
000561,烽火电子,7.58,7.58,7.59,7.1,7.07,7.81,6.95,39882056.0,302215695.0,6.761,0.48
000563,陕国投Ａ,2.87,2.87,2.88,2.85,2.85,2.9,2.8,42516469.0,121431932.0,0.702,0.02
000564,供销大集,1.36,1.36,1.37,1.3,1.3,1.4,1.28,366063798.0,494770397.0,4.615,0.06
000565,渝三峡Ａ,5.85,5.85,5.86,5.73,5.67,5.97,5.6,11074628.0,64612020.0,2.094,0.12
000566,海南海药,4.95,4.94,4.95,4.73,4.58,5.19,4.45,274572609.0,1344186898.0,4.651,0.22
000567,海德股份,5.97,5.96,5.97,5.89,5.91,6.04,5.71,24309040.0,143980754.0,1.358,0.08
000568,泸州老窖,78.18,78.18,78.19,74.91,75.0,78.21,74.03,19818522.0,1523502862.0,4.365,3.27
000570,苏常柴Ａ,4.86,4.86,4.87,4.83,4.75,4.95,4.69,14497700.0,70369308.0,0.621,0.03
000571,新大洲A,6.4,6.4,6.42,6.49,6.6,6.69,6.37,29667534.0,193604946.0,-1.387,-0.09
000572,海马汽车,3.57,3.57,3.58,3.44,3.4,3.69,3.36,107195708.0,382729954.0,3.779,0.13
000573,粤宏远Ａ,3.69,3.69,0.0,3.35,3.35,3.69,3.32,28485860.0,102537265.0,10.149,0.34
000576,甘化科工,7.13,7.13,7.14,6.98,6.94,7.38,6.91,24901601.0,178419488.0,2.149,0.15
000581,威孚高科,17.6,17.59,17.6,17.53,17.53,17.86,17.52,8119903.0,144034260.0,0.399,0.07
000582,北部湾港,11.16,11.15,11.16,11.05,10.95,11.3,10.88,28693770.0,319526989.0,0.995,0.11
000586,汇源通信,12.28,12.28,12.29,12.56,12.46,12.73,12.23,7219400.0,90185912.0,-2.229,-0.28
000589,贵州轮胎,4.24,4.24,4.26,4.27,4.27,4.29,4.19,19301762.0,81971579.0,-0.703,-0.03
000590,古汉医药,8.19,8.18,8.19,7.95,7.95,8.39,7.86,5324000.0,43777089.0,3.019,0.24
000591,太阳能,4.27,4.26,4.27,4.22,4.24,4.32,4.18,53130295.0,226667867.0,1.185,0.05
000592,平潭发展,6.11,6.1,6.12,5.92,5.87,6.31,5.82,133586626.0,818108752.0,3.209,0.19
000593,德龙汇能,22.26,22.25,22.26,22.23,21.6,23.62,21.22,28862077.0,652170127.0,0.135,0.03
000595,宝塔实业,5.64,5.63,5.64,5.5,5.54,5.71,5.4,26887500.0,150600500.0,2.545,0.14
000596,古井贡酒,79.79,79.78,79.79,76.0,76.2,80.65,75.2,5769352.0,454991490.0,4.987,3.79
000597,东北制药,4.51,4.51,4.52,4.45,4.45,4.57,4.36,14005950.0,62922365.0,1.348,0.06
000598,兴蓉环境,6.73,6.73,6.74,6.71,6.74,6.74,6.63,19268999.0,129108631.0,0.298,0.02
000599,青岛双星,4.38,4.37,4.38,4.25,4.23,4.43,4.21,15470938.0,67327703.0,3.059,0.13
000600,建投能源,8.03,8.03,8.04,7.97,8.01,8.23,7.98,25697154.0,208234358.0,0.753,0.06
000601,韶能股份,6.43,6.42,6.43,6.21,6.25,6.65,6.16,86054459.0,555889718.0,3.543,0.22
000603,盛达资源,22.6,22.6,22.61,21.91,22.24,23.7,21.75,38748833.0,881526175.0,3.149,0.69
000605,渤海股份,5.52,5.52,5.53,5.39,5.37,5.65,5.31,6399422.0,35427947.0,2.412,0.13
000607,华媒控股,3.28,3.28,3.29,3.18,3.16,3.34,3.11,19655600.0,64363025.0,3.145,0.1
000608,阳光股份,6.04,6.04,6.05,6.04,6.09,6.13,5.92,27590720.0,165969241.0,0.0,0.0
000609,*ST中迪,11.73,11.73,11.74,12.19,12.02,12.23,11.68,7612511.0,90845954.0,-3.774,-0.46
000610,*ST西旅,5.62,5.62,5.63,5.61,5.51,5.68,5.33,3874200.0,21507561.0,0.178,0.01
000612,焦作万方,10.01,10.0,10.01,9.8,9.86,10.25,9.72,33234789.0,333016672.0,2.143,0.21
000615,*ST美谷,3.17,3.16,3.17,3.11,3.11,3.18,3.06,4489658.0,14088686.0,1.929,0.06
000617,中油资本,6.77,6.76,6.77,6.66,6.63,6.85,6.5,92016702.0,619195761.0,1.652,0.11
000619,海螺新材,4.4,4.4,4.41,4.33,4.33,4.51,4.25,11686860.0,51807744.0,1.617,0.07
000620,盈新发展,3.63,3.63,0.0,3.3,3.35,3.63,3.33,603642881.0,2156761961.0,10.0,0.33
000623,吉林敖东,17.64,17.64,17.65,17.83,17.76,17.87,17.32,14006300.0,247250646.0,-1.066,-0.19
000625,长安汽车,7.11,7.11,7.12,6.94,6.93,7.18,6.87,94776820.0,669637243.0,2.45,0.17
000626,远大控股,6.45,6.44,6.45,6.38,6.34,6.6,6.22,8452302.0,54839954.0,1.097,0.07
000628,高新发展,41.95,41.94,41.95,44.28,41.38,43.96,40.12,20811610.0,879981412.0,-5.262,-2.33
000629,钒钛股份,3.09,3.09,3.1,3.09,3.1,3.15,3.05,108010274.0,335191967.0,0.0,0.0
000630,铜陵有色,6.1,6.1,6.11,6.02,6.08,6.29,6.01,297022281.0,1821118537.0,1.329,0.08
000631,顺发恒能,2.86,2.85,2.86,2.83,2.83,2.88,2.77,10889633.0,31020255.0,1.06,0.03
000632,ST三木,3.37,3.37,3.38,3.45,3.43,3.48,3.32,14230800.0,48385829.0,-2.319,-0.08
000633,合金投资,4.85,4.85,4.86,4.77,4.78,4.97,4.69,9914800.0,48204294.0,1.677,0.08
000635,英 力 特,6.03,6.03,6.04,5.94,5.94,6.19,5.85,5686000.0,34463252.0,1.515,0.09
000636,风华高科,60.01,60.01,60.02,64.45,64.7,66.28,60.0,104472653.0,6618035708.0,-6.889,-4.44
000637,茂化实华,3.56,3.56,3.57,3.5,3.5,3.66,3.42,11728500.0,41879773.0,1.714,0.06
000639,ST西王,1.39,1.38,1.39,1.37,1.32,1.42,1.3,68359829.0,93625225.0,1.46,0.02
000650,仁和药业,5.26,5.26,5.27,5.22,5.22,5.34,5.15,17241642.0,90469831.0,0.766,0.04
000651,格力电器,38.25,38.24,38.25,38.24,38.18,38.48,37.75,38663225.0,1475262145.0,0.026,0.01
000652,泰达股份,3.37,3.37,3.38,3.28,3.29,3.42,3.24,14036954.0,47079538.0,2.744,0.09
000655,金岭矿业,6.3,6.29,6.3,6.24,6.23,6.42,6.17,6458400.0,40686525.0,0.962,0.06
000656,金科股份,1.31,1.3,1.31,1.28,1.26,1.34,1.23,312792754.0,402973656.0,2.344,0.03
000657,中钨高新,74.71,74.71,74.72,75.99,75.99,80.11,74.6,78360624.0,6049043156.0,-1.684,-1.28
000659,珠海中富,2.75,2.75,2.76,2.78,2.79,2.81,2.72,34709500.0,96369789.0,-1.079,-0.03
000661,长春高新,69.5,69.5,69.51,65.89,65.54,71.17,64.5,14762440.0,1016176326.0,5.479,3.61
000663,永安林业,5.16,5.15,5.16,5.01,5.02,5.3,4.91,7385200.0,38179955.0,2.994,0.15
000665,湖北广电,3.84,3.83,3.84,3.65,3.61,4.0,3.6,35361983.0,135702485.0,5.205,0.19
000668,荣丰控股,22.22,21.8,22.22,22.38,22.39,22.66,21.32,2770500.0,60217318.0,-0.715,-0.16
000669,ST金鸿,3.65,3.65,3.66,3.69,3.66,3.7,3.61,4782200.0,17451416.0,-1.084,-0.04
000670,盈方微,7.11,7.11,7.12,7.01,6.95,7.34,6.91,46160020.0,330830640.0,1.427,0.1
000672,上峰材料,19.65,19.65,19.69,21.8,22.36,22.87,19.65,50396632.0,1069884685.0,-9.862,-2.15
000676,智度股份,5.33,5.33,5.34,5.17,5.13,5.49,5.04,47664719.0,254147277.0,3.095,0.16
000677,ST海龙,1.64,1.63,1.64,1.68,1.57,1.66,1.52,67734553.0,108245816.0,-2.381,-0.04
000678,襄阳轴承,8.47,8.47,8.48,8.09,8.05,8.69,7.99,18056763.0,151916749.0,4.697,0.38
000679,大连友谊,5.98,5.98,5.99,5.86,5.84,6.08,5.75,10345700.0,62029417.0,2.048,0.12
000680,山推股份,10.19,10.19,10.2,10.13,10.1,10.42,9.98,15964610.0,163029268.0,0.592,0.06
000681,视觉中国,18.5,18.5,18.51,18.28,17.9,19.17,17.66,41581910.0,771980079.0,1.204,0.22
000682,东方电子,12.06,12.06,12.07,11.71,11.74,12.15,11.66,20489718.0,245321910.0,2.989,0.35
000683,博源化工,5.5,5.49,5.5,5.46,5.44,5.59,5.33,54063100.0,296554485.0,0.733,0.04
000685,中山公用,11.22,11.22,11.23,11.53,11.5,11.5,11.07,25349288.0,285362530.0,-2.689,-0.31
000686,东北证券,8.15,8.15,8.16,8.52,8.47,8.47,8.14,44625243.0,367222912.0,-4.343,-0.37
000688,国城矿业,31.07,31.06,31.07,32.53,32.34,32.46,31.07,25645131.0,810068300.0,-4.488,-1.46
000690,宝新能源,4.53,4.53,4.54,4.51,4.5,4.61,4.45,49848082.0,226427539.0,0.443,0.02
000691,亚太实业,11.38,11.37,11.38,11.6,11.5,11.94,11.3,14707500.0,170582368.0,-1.897,-0.22
000692,惠天热电,3.88,3.87,3.88,3.83,3.82,3.94,3.77,13931300.0,54215029.0,1.305,0.05
000695,滨海能源,12.51,12.51,12.52,12.34,12.32,12.81,12.31,8573213.0,107309246.0,1.378,0.17
000697,炼石航空,9.01,9.01,9.02,9.08,9.1,9.35,8.95,12865475.0,117740814.0,-0.771,-0.07
000698,ST沈化,3.13,3.13,3.14,3.12,3.1,3.16,3.05,4166110.0,12969500.0,0.321,0.01
000700,模塑科技,15.61,15.61,15.62,15.18,15.32,16.4,15.19,72941628.0,1153488104.0,2.833,0.43
000701,厦门信达,4.68,4.68,4.7,4.5,4.5,4.85,4.4,21027700.0,98664439.0,4.0,0.18
000702,正虹科技,5.09,5.08,5.09,4.96,4.96,5.17,4.86,9765400.0,49661350.0,2.621,0.13
000703,恒逸石化,13.73,13.72,13.73,13.59,13.43,14.03,13.01,71555830.0,979810942.0,1.03,0.14
000705,浙江震元,6.22,6.22,6.23,6.06,6.06,6.31,5.93,8139200.0,50312115.0,2.64,0.16
000707,双环科技,4.25,4.25,4.26,4.18,4.17,4.33,4.09,9686671.0,41132550.0,1.675,0.07
000708,中信特钢,12.8,12.8,12.81,12.68,12.69,12.94,12.54,11988944.0,152775094.0,0.946,0.12
000709,河钢股份,1.98,1.98,1.99,1.94,1.94,2.0,1.91,111488131.0,218723089.0,2.062,0.04
000710,贝瑞基因,7.83,7.82,7.83,7.44,7.43,7.98,7.24,16374500.0,127136139.0,5.242,0.39
000711,ST京蓝,5.34,5.33,5.34,5.28,5.17,5.4,5.07,99075040.0,518926824.0,1.136,0.06
000712,锦龙股份,8.56,8.56,8.57,8.49,8.44,8.7,8.27,17648910.0,150466749.0,0.824,0.07
000713,国投丰乐,5.51,5.5,5.51,5.43,5.38,5.55,5.35,5700635.0,31302269.0,1.473,0.08
000715,中兴商业,4.77,4.77,4.78,4.64,4.62,4.83,4.59,7168389.0,34053759.0,2.802,0.13
000716,黑芝麻,4.39,4.39,4.4,4.28,4.29,4.43,4.19,20018536.0,87214439.0,2.57,0.11
000717,中南股份,2.11,2.1,2.11,2.06,2.05,2.15,2.02,20745920.0,43502636.0,2.427,0.05
000718,苏宁环球,1.82,1.81,1.82,1.75,1.75,1.85,1.73,38684210.0,69800075.0,4.0,0.07
000719,中原传媒,11.35,11.35,11.4,11.45,11.42,11.49,11.15,4757751.0,53942075.0,-0.873,-0.1
000720,新能泰山,3.35,3.35,3.36,3.29,3.28,3.44,3.25,39767401.0,133995360.0,1.824,0.06
000721,西安饮食,5.6,5.6,5.61,5.46,5.43,5.71,5.34,14580089.0,81623024.0,2.564,0.14
000722,湖南发展,11.0,11.0,11.01,10.76,10.78,11.2,10.56,12661736.0,139401817.0,2.23,0.24
000723,美锦能源,3.37,3.37,3.38,3.28,3.27,3.43,3.19,71635124.0,239644246.0,2.744,0.09
000725,京东方Ａ,7.59,7.58,7.59,8.15,8.16,8.34,7.59,3804619925.0,30277260674.0,-6.871,-0.56
000726,鲁 泰Ａ,5.56,5.56,5.58,5.58,5.54,5.64,5.49,6240300.0,34819674.0,-0.358,-0.02
000727,冠捷科技,2.33,2.33,2.34,2.32,2.32,2.37,2.29,82796840.0,193857418.0,0.431,0.01
000728,国元证券,7.25,7.25,7.26,7.44,7.44,7.44,7.23,39173715.0,285415811.0,-2.554,-0.19
000729,燕京啤酒,10.85,10.85,10.86,10.75,10.76,10.95,10.65,27553414.0,298260833.0,0.93,0.1
000731,四川美丰,5.8,5.79,5.8,5.81,5.77,5.86,5.52,15117902.0,86359470.0,-0.172,-0.01
000733,振华科技,47.14,47.13,47.14,48.36,48.88,49.78,47.0,43853354.0,2125052777.0,-2.523,-1.22
000735,罗 牛 山,5.0,5.0,5.01,4.86,4.86,5.08,4.76,25770300.0,128298297.0,2.881,0.14
000736,中交发展,3.91,3.91,3.92,3.81,3.8,3.98,3.75,13120000.0,51164811.0,2.625,0.1
000737,北方铜业,12.47,12.47,12.48,12.44,12.55,12.84,12.29,42625519.0,536050738.0,0.241,0.03
000738,航发控制,17.96,17.95,17.96,17.45,17.33,18.62,17.1,30040592.0,542526968.0,2.923,0.51
000739,普洛药业,18.0,18.0,18.03,17.84,17.84,18.45,17.4,12494163.0,225331938.0,0.897,0.16
000750,国海证券,3.72,3.71,3.72,3.74,3.75,3.75,3.68,44583043.0,165420330.0,-0.535,-0.02
000751,锌业股份,4.84,4.84,4.85,4.92,4.93,5.0,4.84,69998500.0,344214068.0,-1.626,-0.08
000752,*ST西发,7.82,7.81,7.82,7.7,7.64,7.99,7.6,3417001.0,26689013.0,1.558,0.12
000753,漳州发展,4.47,4.46,4.47,4.36,4.33,4.56,4.26,23545302.0,105039335.0,2.523,0.11
000755,山西高速,4.52,4.52,4.53,4.48,4.47,4.58,4.41,4812200.0,21671279.0,0.893,0.04
000756,新华制药,14.36,14.36,14.37,13.95,13.79,14.54,13.69,19248602.0,273876982.0,2.939,0.41
000757,浩物股份,3.64,3.63,3.64,3.59,3.57,3.73,3.53,15630600.0,57021737.0,1.393,0.05
000758,中色股份,5.76,5.76,5.77,5.77,5.76,5.88,5.67,33221816.0,192401775.0,-0.173,-0.01
000759,中百集团,6.66,6.66,6.67,6.58,6.51,6.88,6.4,104094129.0,688821163.0,1.216,0.08
000761,本钢板材,2.24,2.24,2.25,2.16,2.15,2.29,2.11,22491280.0,50084510.0,3.704,0.08
000762,西藏矿业,23.49,23.48,23.49,23.49,23.52,23.72,22.88,21555818.0,502024956.0,0.0,0.0
000766,通化金马,16.5,16.49,16.5,15.47,15.35,16.85,14.94,46763501.0,748772926.0,6.658,1.03
000767,晋控电力,3.47,3.47,3.48,3.38,3.36,3.56,3.34,143598152.0,499498201.0,2.663,0.09
000768,中航西飞,20.49,20.48,20.49,20.09,20.01,20.93,19.8,37800742.0,772592924.0,1.991,0.4
000776,广发证券,21.75,21.75,21.76,22.52,22.3,22.4,21.72,81342137.0,1790655379.0,-3.419,-0.77
000777,中核科技,17.01,17.01,17.02,16.95,16.8,17.46,16.64,12234825.0,209046438.0,0.354,0.06
000778,新兴铸管,3.64,3.64,3.65,3.61,3.6,3.67,3.53,47489952.0,171659855.0,0.831,0.03
000779,甘咨询,10.6,10.59,10.6,9.81,9.63,10.76,9.6,85204799.0,883126758.0,8.053,0.79
000782,恒申新材,7.47,7.47,7.48,7.6,7.6,7.73,7.47,18769970.0,142924811.0,-1.711,-0.13
000783,长江证券,8.74,8.74,8.75,9.36,9.15,9.15,8.7,212600222.0,1906840661.0,-6.624,-0.62
000785,居然智家,2.1,2.09,2.1,2.02,2.01,2.12,1.96,92089874.0,190584287.0,3.96,0.08
000786,北新建材,17.27,17.27,17.28,16.7,16.75,17.36,16.53,37037970.0,632182839.0,3.413,0.57
000788,北大医药,5.23,5.22,5.23,5.06,5.06,5.27,4.97,20291301.0,105127117.0,3.36,0.17
000789,万年青,3.87,3.86,3.87,3.84,3.84,3.94,3.79,5587700.0,21673387.0,0.781,0.03
000790,华神科技,3.69,3.69,3.7,3.57,3.58,3.77,3.52,21266021.0,78604318.0,3.361,0.12
000791,甘肃能源,7.28,7.27,7.28,7.4,7.29,7.47,7.22,30427004.0,223535057.0,-1.622,-0.12
000792,盐湖股份,25.4,25.39,25.4,26.09,26.1,26.4,25.37,97237808.0,2511833784.0,-2.645,-0.69
000793,*ST华闻,2.5,2.5,2.51,2.5,2.55,2.55,2.48,12886902.0,32369140.0,0.0,0.0
000795,英洛华,8.62,8.61,8.62,8.35,8.35,8.85,8.29,28644425.0,247141932.0,3.234,0.27
000796,凯撒旅业,3.72,3.72,3.73,3.63,3.6,3.79,3.55,54880400.0,204154724.0,2.479,0.09
000797,中国武夷,2.3,2.3,2.31,2.22,2.22,2.37,2.18,37819206.0,86845818.0,3.604,0.08
000798,中水渔业,7.34,7.34,7.35,7.17,7.19,7.45,7.05,6523600.0,47736810.0,2.371,0.17
000799,酒鬼酒,39.66,39.66,39.67,38.4,38.35,40.34,37.8,12761434.0,503162139.0,3.281,1.26
000800,一汽解放,6.14,6.13,6.14,6.1,6.12,6.17,6.03,13911810.0,85038727.0,0.656,0.04
000801,四川九洲,11.77,11.76,11.77,11.35,11.25,12.15,11.16,25532552.0,299370221.0,3.7,0.42
000802,北京文化,3.82,3.81,3.82,3.74,3.73,3.99,3.7,51221700.0,198886258.0,2.139,0.08
000803,山高环能,6.61,6.61,6.63,6.55,6.5,6.78,6.47,10162596.0,67566789.0,0.916,0.06
000807,云铝股份,23.15,23.15,23.16,21.89,22.3,23.64,22.0,115827480.0,2658244135.0,5.756,1.26
000809,和展能源,3.06,3.06,3.07,3.03,3.06,3.14,2.97,16070250.0,49509848.0,0.99,0.03
000810,创维数字,12.84,12.84,0.0,11.67,11.68,12.84,11.68,38751286.0,490119838.0,10.026,1.17
000811,冰轮环境,53.47,53.47,53.48,55.11,57.0,57.76,53.3,53938305.0,3014154514.0,-2.976,-1.64
000812,陕西金叶,3.2,3.2,3.21,3.13,3.13,3.25,3.06,15731300.0,50242107.0,2.236,0.07
000813,德展健康,3.23,3.23,3.24,3.15,3.11,3.29,3.08,49601274.0,159536979.0,2.54,0.08
000815,美利云,14.07,14.07,14.08,13.77,13.72,14.4,13.55,53136191.0,747335048.0,2.179,0.3
000816,智慧农业,2.45,2.44,2.45,2.37,2.37,2.49,2.33,30043409.0,73207639.0,3.376,0.08
000818,航锦科技,14.23,14.22,14.23,14.02,13.75,14.67,13.61,52158668.0,742728706.0,1.498,0.21
000819,岳阳兴长,11.28,11.28,11.3,10.82,11.05,11.75,10.86,7900582.0,89502743.0,4.251,0.46
000820,*ST节能,2.89,2.88,2.89,2.86,2.86,2.92,2.78,4298300.0,12258492.0,1.049,0.03
000821,ST京机,7.74,7.73,7.74,7.71,7.6,7.99,7.5,10119000.0,78604052.0,0.389,0.03
000822,山东海化,4.02,4.02,4.03,3.91,3.92,4.07,3.83,20743132.0,82752497.0,2.813,0.11
000823,超声电子,18.05,18.04,18.05,19.19,19.27,19.82,18.03,79930453.0,1516315863.0,-5.941,-1.14
000825,太钢不锈,3.41,3.41,3.42,3.33,3.33,3.49,3.29,43643956.0,148923343.0,2.402,0.08
000826,*ST启环,1.88,1.88,1.89,1.89,1.87,1.9,1.8,20699016.0,38243184.0,-0.529,-0.01
000828,东莞控股,9.54,9.54,9.55,9.63,9.6,9.64,9.46,5057400.0,48318868.0,-0.935,-0.09
000829,天音控股,7.93,7.92,7.93,7.67,7.61,8.36,7.58,31236665.0,250824073.0,3.39,0.26
000830,鲁西化工,11.74,11.73,11.74,11.68,11.61,11.89,11.37,25871145.0,302842427.0,0.514,0.06
000831,中国稀土,47.82,47.81,47.82,48.29,48.07,49.31,47.33,31811499.0,1543805961.0,-0.973,-0.47
000833,粤桂股份,20.64,20.64,20.65,20.83,20.65,21.0,20.41,23012168.0,477065875.0,-0.912,-0.19
000837,秦川机床,10.72,10.72,10.73,10.62,10.61,11.15,10.51,31432483.0,341900745.0,0.942,0.1
000838,*ST发展,2.21,2.21,0.0,2.01,1.96,2.21,1.96,67767604.0,142955487.0,9.95,0.2
000839,国安股份,2.47,2.47,2.48,2.45,2.43,2.51,2.39,47036833.0,116192301.0,0.816,0.02
000848,承德露露,7.93,7.93,7.94,8.02,8.02,8.08,7.93,10331847.0,82527895.0,-1.122,-0.09
000850,华茂股份,3.76,3.76,3.77,3.75,3.74,3.87,3.73,14418300.0,54739511.0,0.267,0.01
000852,石化机械,5.0,5.0,5.01,4.92,4.91,5.09,4.79,17075741.0,85007210.0,1.626,0.08
000856,冀东装备,7.39,7.39,7.4,7.17,7.15,7.55,7.01,5855500.0,42876393.0,3.068,0.22
000858,五 粮 液,73.69,73.68,73.69,70.9,71.11,74.31,70.69,55965462.0,4085872493.0,3.935,2.79
000859,国风新材,8.62,8.62,8.63,8.64,8.66,8.88,8.61,36093173.0,315011318.0,-0.231,-0.02
000860,顺鑫农业,10.05,10.04,10.05,9.78,9.78,10.13,9.67,10362530.0,103592175.0,2.761,0.27
000862,银星能源,4.7,4.7,4.71,4.6,4.58,4.79,4.53,18275540.0,85934983.0,2.174,0.1
000863,三湘印象,4.26,4.26,4.27,4.23,4.18,4.42,4.12,23004350.0,98156405.0,0.709,0.03
000868,安凯客车,3.4,3.4,3.41,3.36,3.35,3.47,3.28,12876180.0,43893237.0,1.19,0.04
000869,张 裕Ａ,16.29,16.29,16.3,16.27,16.29,16.45,16.01,891000.0,14482403.0,0.123,0.02
000875,电投绿能,4.93,4.93,4.94,4.89,4.88,5.03,4.86,42092414.0,208773177.0,0.818,0.04
000876,新 希 望,7.14,7.13,7.14,7.06,7.02,7.22,6.84,59896549.0,423041423.0,1.133,0.08
000877,天山股份,3.66,3.66,3.67,3.62,3.6,3.71,3.55,15431175.0,56393838.0,1.105,0.04
000878,云南铜业,15.24,15.23,15.24,15.06,15.2,15.63,14.93,41121588.0,630038791.0,1.195,0.18
000880,潍柴重机,24.18,24.17,24.18,22.71,22.6,24.98,22.39,38992129.0,950883445.0,6.473,1.47
000881,中广核技,6.19,6.19,6.2,6.15,6.13,6.29,6.05,9230200.0,57149535.0,0.65,0.04
000882,华联股份,1.35,1.35,1.36,1.31,1.3,1.38,1.28,100003628.0,133670509.0,3.053,0.04
000883,湖北能源,4.48,4.48,4.49,4.45,4.45,4.52,4.4,26503172.0,118372800.0,0.674,0.03
000885,城发环境,12.27,12.26,12.27,12.27,12.25,12.37,12.09,3162900.0,38684735.0,0.0,0.0
000886,海南高速,4.28,4.27,4.28,4.15,4.16,4.34,4.07,23357499.0,99319008.0,3.133,0.13
000887,中鼎股份,20.68,20.68,0.0,18.8,19.57,20.68,19.42,108474160.0,2234005909.0,10.0,1.88
000888,峨眉山Ａ,9.25,9.25,9.26,9.04,9.08,9.33,8.91,9366988.0,86004834.0,2.323,0.21
000889,中嘉博创,3.09,3.09,3.1,3.02,3.02,3.2,2.98,44810946.0,140133182.0,2.318,0.07
000890,法尔胜,7.38,7.37,7.38,7.08,7.01,7.56,7.0,25017201.0,183737676.0,4.237,0.3
000892,欢瑞世纪,4.2,4.2,0.0,3.82,3.89,4.2,3.83,143713647.0,575396790.0,9.948,0.38
000893,亚钾国际,39.65,39.64,39.65,39.22,38.8,40.69,38.08,12537750.0,495943099.0,1.096,0.43
000895,双汇发展,23.37,23.37,23.38,23.06,23.03,23.43,22.83,13700032.0,317681132.0,1.344,0.31
000897,津滨发展,1.69,1.69,1.7,1.63,1.63,1.72,1.61,49945321.0,83892769.0,3.681,0.06
000898,鞍钢股份,1.91,1.9,1.91,1.86,1.85,1.93,1.83,47276421.0,89237950.0,2.688,0.05
000899,赣能股份,9.64,9.63,9.64,9.54,9.58,9.79,9.44,11278759.0,109022389.0,1.048,0.1
000900,现代投资,3.6,3.6,3.61,3.6,3.61,3.63,3.55,10534660.0,37897964.0,0.0,0.0
000901,航天科技,17.93,17.93,0.0,16.3,16.4,17.93,15.95,61371680.0,1074674422.0,10.0,1.63
000902,新洋丰,12.0,12.0,12.01,11.77,11.78,12.06,11.58,14862732.0,176298467.0,1.954,0.23
000903,ST云动,1.82,1.82,1.83,1.8,1.79,1.84,1.76,17983753.0,32423685.0,1.111,0.02
000905,厦门港务,7.89,7.89,7.9,7.73,7.72,8.0,7.58,11182562.0,87740179.0,2.07,0.16
000906,浙商中拓,5.24,5.23,5.24,5.22,5.2,5.3,5.15,5511636.0,28865394.0,0.383,0.02
000908,石药景峰,6.75,6.75,6.76,6.69,6.65,7.06,6.47,51686140.0,349144182.0,0.897,0.06
000909,*ST数源,4.39,4.38,4.39,4.2,4.25,4.42,4.16,4492900.0,19372904.0,4.524,0.19
000910,大亚圣象,5.37,5.37,5.38,5.3,5.3,5.51,5.19,5216500.0,28154562.0,1.321,0.07
000911,*ST广糖,4.29,4.29,4.3,4.22,4.25,4.36,4.04,6750800.0,28331489.0,1.659,0.07
000912,泸天化,3.37,3.37,3.38,3.28,3.26,3.4,3.2,22771900.0,76050079.0,2.744,0.09
000913,钱江摩托,10.35,10.34,10.35,10.24,10.14,10.44,10.02,4310098.0,44372218.0,1.074,0.11
000915,华特达因,24.52,24.51,24.52,24.41,24.36,24.81,23.93,2250700.0,54917692.0,0.451,0.11
000917,电广传媒,6.8,6.79,6.8,6.6,6.56,6.98,6.45,48061022.0,326164954.0,3.03,0.2
000919,金陵药业,6.13,6.12,6.13,5.99,5.96,6.18,5.89,12459902.0,75817904.0,2.337,0.14
000920,沃顿科技,12.75,12.75,0.0,11.59,11.97,12.75,11.97,14148205.0,178943742.0,10.009,1.16
000921,海信家电,24.78,24.77,24.78,24.82,24.82,25.37,24.7,8059030.0,201755916.0,-0.161,-0.04
000922,佳电股份,12.16,12.16,12.17,12.4,12.39,12.58,12.13,18575572.0,229257441.0,-1.935,-0.24
000923,河钢资源,13.15,13.15,13.16,12.23,12.35,13.45,12.24,28274124.0,371306495.0,7.522,0.92
000925,众合科技,8.43,8.43,8.44,8.19,8.14,8.94,8.13,51644700.0,438417074.0,2.93,0.24
000926,福星股份,1.99,1.98,1.99,1.93,1.93,2.01,1.9,38279042.0,75583443.0,3.109,0.06
000927,中国铁物,2.35,2.35,2.36,2.31,2.31,2.38,2.29,48982728.0,114759222.0,1.732,0.04
000928,中钢国际,4.89,4.89,4.9,4.8,4.8,4.96,4.76,16788703.0,81846331.0,1.875,0.09
000929,兰州黄河,8.76,8.76,8.77,8.84,8.84,8.95,8.57,6494866.0,56832650.0,-0.905,-0.08
000930,中粮科技,4.47,4.47,4.48,4.37,4.37,4.53,4.3,17446329.0,77478613.0,2.288,0.1
000931,中 关 村,4.25,4.25,4.26,4.1,4.09,4.29,4.0,12051126.0,50581514.0,3.659,0.15
000932,华菱钢铁,3.5,3.49,3.5,3.4,3.38,3.52,3.32,133865894.0,460979325.0,2.941,0.1
000933,神火股份,23.49,23.49,0.0,21.35,22.01,23.49,21.91,105820209.0,2426165549.0,10.023,2.14
000935,四川双马,26.68,26.67,26.68,26.98,26.83,27.13,26.4,6471630.0,173169249.0,-1.112,-0.3
000936,华西股份,5.12,5.12,5.13,5.09,5.08,5.25,4.98,16738000.0,86288168.0,0.589,0.03
000937,冀中能源,4.24,4.23,4.24,4.21,4.18,4.26,4.13,15853250.0,66774818.0,0.713,0.03
000938,紫光股份,38.41,38.41,38.42,35.68,36.2,39.25,36.2,482836141.0,18573421372.0,7.651,2.73
000948,南天信息,13.3,13.29,13.3,13.56,13.19,13.48,13.03,18656921.0,247085172.0,-1.917,-0.26
000949,新乡化纤,5.51,5.51,5.52,5.7,5.6,5.72,5.35,62318520.0,343135227.0,-3.333,-0.19
000950,重药控股,5.18,5.18,5.19,5.08,5.08,5.22,5.0,32633881.0,167699041.0,1.969,0.1
000951,中国重汽,21.31,21.31,21.33,21.38,21.37,21.73,21.01,7117283.0,152401101.0,-0.327,-0.07
000952,广济药业,5.64,5.64,5.65,5.43,5.43,5.74,5.33,10701380.0,60095088.0,3.867,0.21
000953,中哲精化,5.29,5.29,5.3,5.12,5.11,5.36,4.98,8323500.0,43677030.0,3.32,0.17
000955,欣龙控股,4.26,4.26,4.27,4.18,4.14,4.37,4.11,20652279.0,88426830.0,1.914,0.08
000957,中通客车,9.32,9.31,9.32,9.26,9.26,9.44,9.03,7067956.0,65633069.0,0.648,0.06
000958,电投产融,5.34,5.34,5.35,5.32,5.33,5.4,5.27,18785607.0,100466478.0,0.376,0.02
000959,首钢股份,3.4,3.4,3.41,3.33,3.33,3.48,3.28,35476195.0,120550199.0,2.102,0.07
000960,锡业股份,36.45,36.44,36.45,37.27,37.13,38.3,36.36,64754013.0,2417802647.0,-2.2,-0.82
000962,东方钽业,65.02,65.01,65.02,65.3,65.3,68.88,64.44,37722000.0,2518379887.0,-0.429,-0.28
000963,华东医药,29.38,29.38,29.39,28.81,28.52,29.75,28.04,26744101.0,777789096.0,1.978,0.57
000965,天保基建,3.05,3.05,3.06,2.96,2.97,3.11,2.91,20741064.0,63188136.0,3.041,0.09
000966,长源电力,3.78,3.78,3.79,3.71,3.69,3.83,3.68,53459050.0,201896455.0,1.887,0.07
000967,盈峰环境,9.08,9.07,9.08,9.2,9.18,9.5,9.05,77592569.0,720818279.0,-1.304,-0.12
000968,蓝焰控股,6.25,6.25,6.26,6.28,6.08,6.33,5.98,34502190.0,213095538.0,-0.478,-0.03
000969,安泰科技,19.98,19.97,19.98,20.52,20.58,20.86,19.97,47610834.0,970406513.0,-2.632,-0.54
000970,中科三环,15.52,15.52,15.53,15.04,15.3,16.54,15.0,125347724.0,2008015950.0,3.191,0.48
000972,中基健康,3.58,3.57,3.58,3.56,3.56,3.62,3.5,8262766.0,29401879.0,0.562,0.02
000973,佛塑科技,12.15,12.15,12.16,12.5,12.5,12.73,12.15,54154450.0,676987019.0,-2.8,-0.35
000975,山金国际,20.03,20.03,20.04,19.22,19.31,20.98,19.01,72726985.0,1453814089.0,4.214,0.81
000977,浪潮信息,89.52,89.52,89.53,85.99,92.0,94.38,89.0,284173551.0,26082771322.0,4.105,3.53
000978,桂林旅游,5.38,5.38,5.39,5.29,5.26,5.47,5.18,14708200.0,78528833.0,1.701,0.09
000980,众泰汽车,1.78,1.78,1.79,1.71,1.7,1.84,1.67,181304531.0,321692267.0,4.094,0.07
000981,山子高科,2.74,2.74,2.75,2.68,2.67,2.82,2.62,293244627.0,805742751.0,2.239,0.06
000983,山西焦煤,6.12,6.12,6.13,6.09,6.08,6.17,5.95,55471610.0,336930617.0,0.493,0.03
000985,大庆华科,14.46,14.46,14.47,14.18,14.17,14.75,13.85,1447100.0,20860793.0,1.975,0.28
000987,越秀资本,8.09,8.08,8.09,8.0,7.95,8.37,7.76,69581570.0,562834044.0,1.125,0.09
000988,华工科技,158.07,158.06,158.07,159.0,165.98,168.98,157.8,73761429.0,12113923352.0,-0.585,-0.93
000989,九芝堂,8.16,8.16,8.17,8.08,8.06,8.24,7.93,12094170.0,98211229.0,0.99,0.08
000990,诚志股份,8.75,8.74,8.75,8.61,8.74,8.87,8.45,42152641.0,365851688.0,1.626,0.14
000993,闽东电力,9.8,9.8,9.81,9.44,9.49,9.99,9.39,11439756.0,112002055.0,3.814,0.36
000995,皇台酒业,9.97,9.97,9.98,9.33,9.28,10.26,9.16,19663397.0,195795749.0,6.86,0.64
000997,新 大 陆,16.33,16.33,16.34,16.29,16.2,16.73,16.04,21040845.0,346287203.0,0.246,0.04
000998,隆平高科,7.83,7.83,7.84,7.74,7.74,7.87,7.63,15009383.0,117126567.0,1.163,0.09
000999,华润三九,23.76,23.75,23.76,23.66,23.5,24.04,23.21,11327589.0,268334174.0,0.423,0.1
001201,东瑞股份,11.75,11.74,11.75,11.5,11.55,11.91,11.4,3252040.0,38194959.0,2.174,0.25
001202,炬申股份,14.19,14.18,14.19,13.74,13.6,14.25,13.56,3224100.0,45127201.0,3.275,0.45
001203,大中矿业,28.9,28.9,28.93,30.12,30.2,30.2,27.75,34097579.0,986209405.0,-4.05,-1.22
001205,盛航股份,13.31,13.3,13.31,13.19,13.33,13.57,13.22,5166100.0,69471817.0,0.91,0.12
001206,依依股份,20.07,20.07,20.08,20.23,20.42,20.68,19.73,10602763.0,213272040.0,-0.791,-0.16
001207,联科科技,15.49,15.49,15.5,16.1,16.1,16.1,15.41,8578815.0,133811301.0,-3.789,-0.61
001208,华菱线缆,15.99,15.99,0.0,14.54,14.75,15.99,14.29,43822150.0,672074766.0,9.972,1.45
001209,洪兴股份,16.29,16.28,16.29,15.86,15.86,16.56,15.62,1965500.0,31896446.0,2.711,0.43
001210,金房能源,20.34,20.32,20.34,19.86,19.65,20.6,19.65,5011269.0,101418453.0,2.417,0.48
001211,双枪科技,21.41,21.4,21.44,21.49,21.5,22.03,21.2,3543320.0,76894172.0,-0.372,-0.08
001212,中旗新材,39.07,39.06,39.07,39.69,39.4,40.38,39.05,4293959.0,170688386.0,-1.562,-0.62
001213,中铁特货,3.45,3.45,3.46,3.41,3.41,3.48,3.38,8807100.0,30356326.0,1.173,0.04
001215,千味央厨,34.73,34.72,34.73,34.0,33.51,35.98,33.51,4342950.0,150974982.0,2.147,0.73
001216,华瓷股份,13.94,13.94,13.95,13.92,13.92,14.19,13.67,2473360.0,34511233.0,0.144,0.02
001217,华尔泰,8.59,8.58,8.59,8.56,8.48,8.84,8.4,4417400.0,38241078.0,0.35,0.03
001218,丽臣实业,23.74,23.74,23.79,23.44,23.46,24.43,22.94,3349008.0,79555003.0,1.28,0.3
001219,青岛食品,11.94,11.93,11.95,11.75,11.78,12.01,11.53,1761900.0,20846112.0,1.617,0.19
001220,世盟股份,28.15,28.15,28.16,28.04,28.03,28.66,27.6,722165.0,20410855.0,0.392,0.11
001221,悍高集团,37.25,37.25,37.28,37.32,37.41,38.13,36.4,3282347.0,122773427.0,-0.188,-0.07
001222,源飞宠物,13.45,13.45,13.47,13.1,13.14,13.65,12.9,3170200.0,42458529.0,2.672,0.35
001223,欧克科技,37.31,37.31,37.33,37.9,37.5,38.54,37.27,1625608.0,61518343.0,-1.557,-0.59
001225,和泰机电,40.15,40.15,40.19,39.46,39.31,41.17,39.16,781700.0,31593843.0,1.749,0.69
001226,拓山重工,45.43,45.34,45.44,44.61,44.63,46.8,44.13,1050972.0,47859099.0,1.838,0.82
001227,兰州银行,2.03,2.03,2.04,2.02,2.02,2.05,2.0,56792940.0,115178643.0,0.495,0.01
001228,永泰运,26.9,26.89,26.9,26.73,26.74,27.5,26.57,966500.0,26163609.0,0.636,0.17
001229,魅视科技,47.56,47.56,47.57,45.47,46.1,49.0,45.5,12291760.0,581893570.0,4.596,2.09
001230,劲旅环境,17.6,17.6,17.65,17.91,17.9,18.78,17.6,7938990.0,143752952.0,-1.731,-0.31
001231,农心科技,18.74,18.73,18.76,18.18,18.25,18.93,17.91,1476800.0,27537144.0,3.08,0.56
001233,海安集团,41.55,41.55,41.56,40.22,40.3,42.77,40.01,2087870.0,86326903.0,3.307,1.33
001234,泰慕士,20.03,20.01,20.03,19.73,19.74,20.3,19.42,1638699.0,32761829.0,1.521,0.3
001236,弘业期货,6.99,6.98,6.99,6.9,6.88,7.09,6.72,10868100.0,75587821.0,1.304,0.09
001237,惠康科技,59.16,59.16,59.17,59.42,58.89,60.4,58.68,3506503.0,208646981.0,-0.438,-0.26
001238,浙江正特,26.71,26.71,26.74,27.16,27.16,27.9,26.62,711160.0,19226912.0,-1.657,-0.45
001239,永达股份,12.76,12.76,12.78,13.14,13.0,13.04,12.54,3518896.0,45098569.0,-2.892,-0.38
001248,华润新能,14.5,14.49,14.5,14.78,14.63,15.28,14.48,240691371.0,3568236725.0,-1.894,-0.28
001255,博菲电气,24.39,24.39,24.5,24.12,24.32,24.89,23.83,1507400.0,36908287.0,1.119,0.27
001256,炜冈科技,27.71,27.7,27.71,28.95,28.81,29.27,26.1,9448300.0,259803057.0,-4.283,-1.24
001257,盛龙股份,25.16,25.16,25.17,25.83,25.81,26.27,25.16,15857359.0,408171536.0,-2.594,-0.67
001258,立新能源,6.68,6.68,6.69,6.51,6.53,6.82,6.46,15416400.0,103135396.0,2.611,0.17
001259,利仁科技,59.81,59.8,59.81,60.33,60.9,61.76,59.5,1057100.0,64146481.0,-0.862,-0.52
001260,坤泰股份,16.26,16.26,16.32,15.86,15.91,16.6,15.38,1306300.0,21154748.0,2.522,0.4
001266,宏英智能,40.4,40.4,40.42,42.57,42.54,42.79,40.31,2745400.0,114225172.0,-5.097,-2.17
001267,汇绿生态,43.39,43.39,43.4,43.55,44.01,47.07,43.34,36899021.0,1656065924.0,-0.367,-0.16
001268,联合精密,25.6,25.55,25.6,25.38,25.78,26.7,24.99,3233744.0,83269415.0,0.867,0.22
001269,欧晶科技,19.79,19.79,19.8,19.23,19.1,20.32,19.0,5873720.0,117221337.0,2.912,0.56
001270,铖昌科技,166.3,166.3,166.31,164.22,161.27,180.64,158.2,22613931.0,3841714135.0,1.267,2.08
001277,速达股份,27.0,26.95,27.0,26.65,26.64,27.58,26.12,984055.0,26597891.0,1.313,0.35
001278,一彬科技,15.02,15.02,15.03,14.72,14.6,15.41,14.42,2746998.0,41201225.0,2.038,0.3
001279,强邦新材,26.88,26.88,26.94,26.7,26.68,27.2,26.02,860100.0,23027802.0,0.674,0.18
001280,中国铀业,62.06,62.05,62.06,60.79,60.7,63.33,59.91,8818427.0,545616209.0,2.089,1.27
001282,三联锻造,17.22,17.22,17.23,17.2,17.07,17.66,16.94,3835831.0,66555049.0,0.116,0.02
001283,豪鹏科技,44.7,44.7,44.71,45.85,45.95,46.19,44.7,3772220.0,171458353.0,-2.508,-1.15
001285,瑞立科密,40.9,40.9,40.92,40.04,39.95,41.06,39.68,1138877.0,46127912.0,2.148,0.86
001286,陕西能源,9.91,9.91,9.92,10.02,9.79,10.08,9.66,38034896.0,375630254.0,-1.098,-0.11
001287,中电港,31.03,31.02,31.03,30.76,31.0,32.57,30.55,76352309.0,2425389582.0,0.878,0.27
001288,运机集团,23.29,23.29,23.3,22.99,22.99,23.6,22.42,3674000.0,84328710.0,1.305,0.3
001289,龙源电力,15.66,15.66,15.67,15.6,15.6,15.94,15.47,7749464.0,121447131.0,0.385,0.06
001296,长江材料,17.91,17.9,17.91,17.28,17.29,18.68,17.06,4376792.0,78411444.0,3.646,0.63
001298,好上好,21.42,21.42,21.43,20.83,20.81,22.18,20.63,24966669.0,537732695.0,2.832,0.59
001299,美能能源,9.97,9.96,9.97,9.93,9.86,10.15,9.8,3063089.0,30617680.0,0.403,0.04
001300,三柏硕,11.82,11.82,11.85,11.59,11.61,11.96,11.38,3329200.0,39194154.0,1.984,0.23
001301,尚太科技,48.89,48.89,48.9,52.74,52.12,52.73,48.29,11869420.0,592704156.0,-7.3,-3.85
001306,夏厦精密,54.71,54.71,54.72,53.26,52.01,57.48,52.01,1316700.0,72300816.0,2.722,1.45
001308,康冠科技,19.01,19.0,19.01,19.4,19.33,20.0,19.0,4809109.0,93491918.0,-2.01,-0.39
001309,德明利,799.98,799.97,799.98,860.48,859.99,878.99,799.9,15089058.0,12724728442.0,-7.031,-60.5
001311,多利科技,18.0,18.0,18.01,18.73,18.49,18.8,17.99,10148668.0,185114432.0,-3.897,-0.73
001312,福恩股份,18.07,18.07,18.08,17.64,17.64,18.3,17.43,3197097.0,57661958.0,2.438,0.43
001313,粤海饲料,8.1,8.09,8.1,8.11,8.04,8.24,7.95,18137000.0,147287921.0,-0.123,-0.01
001314,亿道信息,61.24,61.24,61.25,60.28,61.08,64.51,59.64,8367200.0,521482381.0,1.593,0.96
001316,润贝航科,31.25,31.24,31.25,30.75,30.7,32.52,30.4,3476343.0,108959866.0,1.626,0.5
001317,三羊马,44.79,44.79,44.8,43.13,42.36,46.27,41.7,7918617.0,349168971.0,3.849,1.66
001318,阳光乳业,10.18,10.18,10.19,9.99,10.0,10.34,9.87,2339700.0,23792053.0,1.902,0.19
001319,铭科精技,20.97,20.95,20.97,20.86,20.88,21.2,20.64,2350600.0,49277821.0,0.527,0.11
001322,箭牌家居,6.19,6.19,6.2,6.35,6.34,6.34,6.19,4431100.0,27620873.0,-2.52,-0.16
001323,慕思股份,16.24,16.24,16.28,15.98,16.0,16.44,15.7,1675040.0,27176917.0,1.627,0.26
001324,长青科技,19.44,19.44,19.49,19.76,19.77,20.18,19.4,3964053.0,77984689.0,-1.619,-0.32
001325,元创股份,35.18,35.16,35.18,34.68,35.33,35.64,34.34,830022.0,29180933.0,1.442,0.5
001326,联域股份,53.81,53.81,54.12,53.86,53.29,56.92,52.2,1620800.0,89651698.0,-0.093,-0.05
001328,登康口腔,26.43,26.42,26.44,26.0,26.0,26.86,25.63,1142447.0,30163519.0,1.654,0.43
001330,博纳影业,5.32,5.31,5.32,5.09,5.09,5.47,5.05,90593000.0,480806524.0,4.519,0.23
001331,胜通能源,61.71,61.71,61.72,59.5,59.25,65.45,57.73,13669619.0,870432364.0,3.714,2.21
001332,锡装股份,31.89,31.89,31.9,32.08,32.5,32.71,31.68,2101831.0,67749487.0,-0.592,-0.19
001333,光华股份,19.0,19.0,19.03,18.93,18.9,19.3,18.64,1213088.0,23132341.0,0.37,0.07
001335,信凯科技,32.76,32.76,32.77,33.03,33.03,33.63,32.66,1068000.0,35284735.0,-0.817,-0.27
001336,楚环科技,21.95,21.95,21.97,21.45,21.42,22.39,21.15,1290196.0,28334277.0,2.331,0.5
001337,四川黄金,37.88,37.88,37.89,37.65,37.86,39.2,36.46,14056905.0,532553222.0,0.611,0.23
001338,永顺泰,8.59,8.58,8.59,8.42,8.41,8.68,8.34,4894144.0,41912338.0,2.019,0.17
001339,智微智能,97.03,97.02,97.03,98.8,98.0,105.39,96.9,16533320.0,1671815281.0,-1.791,-1.77
001356,富岭股份,8.39,8.38,8.39,8.25,8.22,8.52,8.16,2585799.0,21662805.0,1.697,0.14
001358,兴欣新材,24.15,24.13,24.15,24.29,24.24,25.12,24.02,2098500.0,51295922.0,-0.576,-0.14
001359,平安电工,117.77,117.63,117.77,113.1,113.1,124.41,113.1,6417998.0,777149484.0,4.129,4.67
001360,南矿集团,15.61,15.61,15.62,15.64,15.73,16.04,15.4,2821401.0,44356143.0,-0.192,-0.03
001365,天海电子,50.0,49.99,50.0,47.34,44.97,51.0,44.97,22515295.0,1082306430.0,5.619,2.66
001366,播恩集团,11.18,11.15,11.18,10.77,10.74,11.27,10.5,4324500.0,47555262.0,3.807,0.41
001367,海森药业,18.89,18.89,18.9,18.5,18.57,19.13,18.22,1518924.0,28638480.0,2.108,0.39
001368,通达创智,21.12,21.08,21.12,20.7,20.71,21.36,20.38,1590300.0,33374625.0,2.029,0.42
001369,双欣材料,12.05,12.04,12.05,12.03,11.96,12.24,11.73,9525805.0,114736030.0,0.166,0.02
001373,翔腾新材,27.44,27.44,27.46,26.91,26.91,28.57,26.81,2513000.0,69838895.0,1.97,0.53
001376,百通能源,10.09,10.09,10.1,9.86,9.91,10.29,9.71,9154300.0,92488344.0,2.333,0.23
001378,德冠新材,20.49,20.48,20.49,19.27,19.29,20.9,19.26,8069408.0,164849572.0,6.331,1.22
001379,腾达科技,15.66,15.65,15.66,15.19,15.15,16.16,14.95,2991705.0,46789422.0,3.094,0.47
001380,华纬科技,15.9,15.89,15.9,15.69,15.66,16.25,15.53,1323553.0,21115752.0,1.338,0.21
001382,新亚电缆,15.12,15.12,15.13,14.87,14.9,15.35,14.7,2318779.0,35006942.0,1.681,0.25
001386,马可波罗,14.33,14.33,14.34,13.94,13.87,14.56,13.74,4318494.0,61694174.0,2.798,0.39
001387,雪祺电气,12.03,12.03,12.05,12.17,12.17,12.42,11.95,4012160.0,48958185.0,-1.15,-0.14
001388,信通电子,26.81,26.8,26.81,26.19,26.01,27.36,25.81,1596749.0,42746832.0,2.367,0.62
001389,广合科技,175.26,175.26,175.27,182.67,183.88,190.18,174.38,11788287.0,2151720836.0,-4.056,-7.41
001390,古麒绒材,18.35,18.34,18.35,19.74,19.68,19.68,17.99,5791307.0,107229846.0,-7.042,-1.39
001391,国货航,4.15,4.15,4.16,4.11,4.1,4.19,4.06,26624730.0,110414968.0,0.973,0.04
001393,维通利,47.91,47.91,47.92,46.91,46.91,50.0,46.82,3858121.0,186875625.0,2.132,1.0
001395,亚联机械,28.63,28.63,0.0,26.03,28.11,28.63,27.85,3796548.0,107968402.0,9.988,2.6
001396,誉帆科技,35.29,35.29,35.3,34.88,34.8,35.92,34.2,1547792.0,54198271.0,1.175,0.41
001399,惠科股份,37.03,37.03,37.04,38.56,39.01,40.96,37.0,117846933.0,4593485406.0,-3.968,-1.53
001400,江顺科技,103.9,103.9,103.95,99.06,98.98,108.97,97.68,5431969.0,572522768.0,4.886,4.84
001696,宗申动力,18.62,18.61,18.62,19.07,18.8,19.75,18.59,58435329.0,1115419753.0,-2.36,-0.45
001872,招商港口,20.55,20.55,20.65,20.84,20.76,20.87,20.46,2810822.0,57930846.0,-1.392,-0.29
001896,豫能控股,14.32,14.31,14.32,14.1,14.07,15.17,13.87,106289785.0,1548378169.0,1.56,0.22
001914,招商积余,8.52,8.52,8.53,8.34,8.38,8.59,8.28,7760399.0,65684362.0,2.158,0.18
001965,招商公路,9.6,9.6,9.62,9.69,9.69,9.79,9.46,10610345.0,101857126.0,-0.929,-0.09
001979,招商蛇口,6.62,6.62,6.63,6.39,6.5,6.71,6.32,97017401.0,639112497.0,3.599,0.23
002001,新 和 成,28.7,28.69,28.7,28.69,28.6,29.24,28.03,32664705.0,938103450.0,0.035,0.01
002003,伟星股份,8.41,8.41,8.42,8.55,8.52,8.55,8.32,13747093.0,115691881.0,-1.637,-0.14
002004,华邦健康,4.13,4.13,4.14,4.08,4.07,4.18,4.03,19998185.0,82388854.0,1.225,0.05
002005,ST德豪,2.41,2.41,2.42,2.37,2.36,2.42,2.34,11303000.0,26927147.0,1.688,0.04
002006,精工科技,14.79,14.79,14.8,14.58,14.5,15.09,14.46,11136400.0,164607070.0,1.44,0.21
002007,华兰生物,12.8,12.79,12.8,12.63,12.63,12.96,12.42,12973152.0,165351713.0,1.346,0.17
002008,大族激光,130.3,130.29,130.3,130.9,138.88,140.68,127.0,117239342.0,15786531022.0,-0.458,-0.6
002009,天奇股份,18.62,18.61,18.62,18.43,18.29,19.2,18.08,18544461.0,347126543.0,1.031,0.19
002010,传化智联,4.59,4.58,4.59,4.53,4.5,4.63,4.45,22950909.0,104555342.0,1.325,0.06
002011,盾安环境,10.2,10.19,10.2,10.29,10.3,10.36,10.05,13952149.0,142724732.0,-0.875,-0.09
002012,凯恩股份,6.11,6.1,6.11,6.07,6.07,6.27,6.03,12362000.0,75982466.0,0.659,0.04
002014,永新股份,10.64,10.63,10.64,10.59,10.53,10.72,10.42,2240687.0,23739580.0,0.472,0.05
002015,协鑫能科,14.88,14.87,14.88,14.36,14.54,15.35,14.41,74352689.0,1117034940.0,3.621,0.52
002016,世荣兆业,4.04,4.04,4.05,3.97,3.96,4.14,3.88,12204813.0,49239074.0,1.763,0.07
002017,东信和平,13.67,13.67,13.69,13.49,13.45,14.13,13.29,11797993.0,162901638.0,1.334,0.18
002019,亿帆医药,9.87,9.86,9.87,9.72,9.67,9.99,9.54,13855299.0,136237396.0,1.543,0.15
002020,京新药业,14.32,14.31,14.32,13.71,13.58,14.45,13.4,34035598.0,477828883.0,4.449,0.61
002021,中捷资源,2.46,2.46,2.47,2.42,2.4,2.5,2.35,39021708.0,94900907.0,1.653,0.04
002022,科华生物,4.87,4.87,4.88,4.72,4.72,4.94,4.64,7925683.0,38493650.0,3.178,0.15
002023,海特高新,11.57,11.57,11.58,11.53,11.56,12.15,11.26,42975649.0,503045376.0,0.347,0.04
002024,ST易购,1.21,1.2,1.21,1.2,1.19,1.22,1.18,27123289.0,32642425.0,0.833,0.01
002025,航天电器,79.29,79.26,79.29,83.76,83.63,88.84,79.29,49520282.0,4164465021.0,-5.337,-4.47
002026,山东威达,10.57,10.57,10.59,10.58,10.58,10.87,10.45,5393693.0,57667933.0,-0.095,-0.01
002027,分众传媒,4.81,4.81,4.82,4.74,4.73,4.87,4.63,202057620.0,963683564.0,1.477,0.07
002028,思源电气,151.73,151.73,151.75,159.3,159.39,162.0,151.36,12548802.0,1940071072.0,-4.752,-7.57
002029,七 匹 狼,8.0,7.99,8.0,7.76,7.67,8.19,7.61,20443400.0,162465403.0,3.093,0.24
002030,达安基因,5.11,5.1,5.11,4.96,4.96,5.14,4.87,23968740.0,121387441.0,3.024,0.15
002031,巨轮智能,5.48,5.48,5.49,5.43,5.43,5.63,5.36,99686638.0,549162774.0,0.921,0.05
002032,苏 泊 尔,42.45,42.45,42.46,42.82,42.9,43.2,42.2,1222796.0,52060150.0,-0.864,-0.37
002033,丽江股份,8.36,8.36,8.37,8.27,8.21,8.45,8.15,17323876.0,144239014.0,1.088,0.09
002034,旺能环境,14.15,14.14,14.15,14.2,14.22,14.41,14.02,8637291.0,122737588.0,-0.352,-0.05
002035,华帝股份,4.61,4.61,4.62,4.52,4.52,4.67,4.47,10226758.0,47044536.0,1.991,0.09
002036,联创电子,6.76,6.76,6.77,6.72,6.67,6.89,6.6,32402286.0,219285481.0,0.595,0.04
002037,保利联合,6.07,6.07,6.08,5.96,5.95,6.22,5.84,7994100.0,48572394.0,1.846,0.11
002038,双鹭药业,6.38,6.38,0.0,5.8,5.89,6.38,5.71,72123250.0,447833058.0,10.0,0.58
002039,黔源电力,18.83,18.82,18.83,19.95,19.76,19.76,18.67,18246551.0,348258586.0,-5.614,-1.12
002040,南 京 港,7.74,7.73,7.74,7.55,7.54,7.81,7.47,6643141.0,51088581.0,2.517,0.19
002041,登海种业,8.2,8.2,8.21,8.03,8.02,8.27,7.94,13638900.0,111160386.0,2.117,0.17
002042,华孚时尚,3.69,3.69,3.7,3.64,3.62,3.75,3.57,41766374.0,154089874.0,1.374,0.05
002043,兔 宝 宝,11.01,11.0,11.01,10.81,10.77,11.09,10.6,8288769.0,90644104.0,1.85,0.2
002044,美年健康,4.64,4.63,4.64,4.42,4.39,4.86,4.34,220081683.0,1037387340.0,4.977,0.22
002045,国光电器,7.67,7.66,7.67,7.55,7.55,7.86,7.48,17146895.0,132437822.0,1.589,0.12
002046,国机精工,62.76,62.76,62.8,66.09,66.3,68.65,62.7,16377393.0,1073033423.0,-5.039,-3.33
002047,宝鹰股份,4.0,4.0,4.01,4.07,4.06,4.13,3.95,20127692.0,81472227.0,-1.72,-0.07
002048,宁波华翔,23.04,23.03,23.04,22.6,22.65,23.83,22.61,24498337.0,567125182.0,1.947,0.44
002049,紫光国微,85.83,85.83,85.84,87.09,85.63,90.2,85.58,89230953.0,7841136990.0,-1.447,-1.26
002050,三花智控,43.2,43.2,43.21,42.85,43.0,44.69,42.85,112009564.0,4893732979.0,0.817,0.35
002051,中工国际,8.95,8.95,8.96,8.93,8.91,9.25,8.62,43374876.0,386571331.0,0.224,0.02
002052,同洲电子,8.08,8.07,8.08,8.08,8.01,8.37,7.95,14506939.0,118651470.0,0.0,0.0
002053,云南能投,9.39,9.38,9.39,9.01,9.01,9.65,8.91,14495325.0,134643434.0,4.218,0.38
002054,德美化工,7.02,7.01,7.02,6.93,6.95,7.16,6.72,19332204.0,134706171.0,1.299,0.09
002055,ST得润,6.69,6.69,6.7,6.78,6.8,6.84,6.63,16001758.0,107495473.0,-1.327,-0.09
002056,横店东磁,26.75,26.75,26.76,27.91,27.76,28.09,26.66,73637982.0,2020936754.0,-4.156,-1.16
002057,中钢天源,9.13,9.13,9.14,9.7,9.72,9.87,9.13,65759025.0,624338622.0,-5.876,-0.57
002058,威尔泰,18.08,18.06,18.08,18.25,18.26,18.45,18.0,2345100.0,42664385.0,-0.932,-0.17
002059,云南旅游,4.32,4.31,4.32,4.24,4.24,4.36,4.18,10501735.0,45200370.0,1.887,0.08
002060,广东建工,3.14,3.14,3.15,3.1,3.09,3.17,3.06,17338640.0,54149094.0,1.29,0.04
002061,浙江交科,3.51,3.51,3.52,3.51,3.52,3.53,3.44,11897708.0,41554610.0,0.0,0.0
002062,宏润建设,7.54,7.53,7.54,7.26,7.26,7.7,7.24,21301500.0,159482598.0,3.857,0.28
002063,远光软件,5.19,5.19,5.2,5.12,5.11,5.27,5.07,31448396.0,163695695.0,1.367,0.07
002064,华峰化学,10.11,10.11,10.12,10.2,10.2,10.35,9.96,36219728.0,368297075.0,-0.882,-0.09
002065,东华软件,7.16,7.16,7.17,6.97,6.97,7.31,6.93,57486353.0,413125352.0,2.726,0.19
002066,瑞泰科技,20.27,20.25,20.27,21.0,20.91,21.0,20.15,5262200.0,107212749.0,-3.476,-0.73
002067,景兴纸业,4.08,4.08,4.09,4.05,4.01,4.2,3.93,117123846.0,478381189.0,0.741,0.03
002068,黑猫股份,10.97,10.97,10.98,11.56,11.85,11.91,10.96,34454070.0,390898775.0,-5.104,-0.59
002069,獐子岛,3.13,3.12,3.13,3.05,3.04,3.17,2.99,13478701.0,42029315.0,2.623,0.08
002072,凯瑞德,7.41,7.41,7.42,7.73,7.59,7.8,7.4,18437500.0,139367895.0,-4.14,-0.32
002073,软控股份,5.23,5.23,5.24,5.16,5.16,5.34,5.09,15596600.0,81777659.0,1.357,0.07
002074,国轩高科,25.36,25.36,25.37,25.82,25.75,26.05,25.36,24312404.0,624700613.0,-1.782,-0.46
002075,沙钢股份,3.4,3.39,3.4,3.3,3.3,3.43,3.23,41160737.0,138074255.0,3.03,0.1
002076,星光股份,2.15,2.14,2.15,2.16,2.15,2.2,2.11,35543799.0,76868671.0,-0.463,-0.01
002077,大港股份,19.17,19.16,19.17,20.13,20.0,20.3,19.12,86704553.0,1710103604.0,-4.769,-0.96
002078,太阳纸业,13.1,13.1,13.11,12.89,12.91,13.19,12.76,22133719.0,287821193.0,1.629,0.21
002079,苏州固锝,13.6,13.6,13.61,13.81,13.81,14.83,13.6,61503590.0,875194664.0,-1.521,-0.21
002080,中材科技,70.89,70.89,70.9,74.75,74.74,78.08,70.5,52303681.0,3917563037.0,-5.164,-3.86
002081,金 螳 螂,4.08,4.08,4.09,4.02,4.0,4.18,3.95,109489371.0,447750256.0,1.493,0.06
002082,ST万邦,12.29,12.28,12.29,12.26,11.9,12.54,11.75,13824500.0,168034092.0,0.245,0.03
002083,孚日股份,9.3,9.3,9.31,9.45,9.44,9.46,9.28,25639099.0,239984819.0,-1.587,-0.15
002084,海鸥住工,3.8,3.79,3.8,3.71,3.72,3.84,3.68,22494454.0,84659087.0,2.426,0.09
002085,万丰奥威,10.56,10.55,10.56,10.42,10.41,10.83,10.3,37807194.0,399874177.0,1.344,0.14
002086,东方海洋,1.78,1.78,1.79,1.73,1.73,1.82,1.7,57811733.0,103066960.0,2.89,0.05
002088,鲁阳节能,7.66,7.65,7.66,7.52,7.47,7.79,7.36,3368149.0,25735590.0,1.862,0.14
002090,金智科技,8.98,8.98,8.99,8.97,8.93,9.17,8.82,8345880.0,75283126.0,0.111,0.01
002091,江苏国泰,7.3,7.3,7.31,7.35,7.35,7.36,7.21,9857700.0,71835575.0,-0.68,-0.05
002092,中泰化学,3.9,3.89,3.9,3.82,3.84,3.94,3.75,40242600.0,155782797.0,2.094,0.08
002093,国脉科技,6.46,6.46,6.47,6.49,6.45,6.59,6.3,26531632.0,171431537.0,-0.462,-0.03
002094,青岛金王,4.38,4.38,4.39,4.29,4.3,4.46,4.21,21108700.0,92448023.0,2.098,0.09
002095,生 意 宝,13.03,13.03,13.04,12.78,12.68,13.26,12.5,3583849.0,46743196.0,1.956,0.25
002096,易普力,8.8,8.8,8.81,8.72,8.68,8.91,8.55,7746901.0,67808864.0,0.917,0.08
002097,山河智能,7.13,7.13,7.14,6.94,6.95,7.27,6.81,23279656.0,165510036.0,2.738,0.19
002098,浔兴股份,6.46,6.46,6.47,6.36,6.29,6.57,6.22,3476800.0,22416281.0,1.572,0.1
002099,海翔药业,5.24,5.24,5.25,5.12,5.1,5.34,5.04,24551564.0,128864967.0,2.344,0.12
002100,天康生物,6.45,6.45,6.46,6.41,6.4,6.61,6.29,22815600.0,147756638.0,0.624,0.04
002101,广东鸿图,8.95,8.95,8.96,8.88,8.93,9.09,8.89,4785674.0,43010308.0,0.788,0.07
002102,ST能特,2.46,2.45,2.46,2.4,2.4,2.5,2.4,21060000.0,51742460.0,2.5,0.06
002103,广博股份,6.0,6.0,6.01,5.88,5.82,6.12,5.81,9316200.0,55979089.0,2.041,0.12
002104,恒宝股份,10.06,10.05,10.06,9.66,9.66,10.48,9.49,67493105.0,680208260.0,4.141,0.4
002105,信隆健康,5.04,5.04,5.06,4.9,4.86,5.19,4.78,8759851.0,44266331.0,2.857,0.14
002106,莱宝高科,11.64,11.64,11.65,12.08,12.06,12.5,11.64,49661891.0,602240910.0,-3.642,-0.44
002107,沃华医药,6.27,6.26,6.27,6.28,6.22,6.34,6.06,15561804.0,96808730.0,-0.159,-0.01
002108,沧州明珠,4.1,4.1,4.11,4.08,4.06,4.13,4.02,26942833.0,110098341.0,0.49,0.02
002109,ST兴化,2.6,2.6,2.61,2.59,2.56,2.65,2.53,6256100.0,16295192.0,0.386,0.01
002110,三钢闽光,2.92,2.91,2.92,2.85,2.85,2.95,2.8,23911101.0,69256093.0,2.456,0.07
002111,威海广泰,9.26,9.25,9.26,8.98,8.95,9.46,8.89,8948720.0,82398516.0,3.118,0.28
002112,三变科技,15.49,15.48,15.49,15.19,15.24,15.89,15.1,11040926.0,171492296.0,1.975,0.3
002114,罗平锌电,6.48,6.48,6.49,6.45,6.45,6.63,6.33,9315400.0,60622370.0,0.465,0.03
002115,三维通信,10.95,10.95,0.0,9.95,10.95,10.95,10.95,9659888.0,105775774.0,10.05,1.0
002116,中国海诚,6.78,6.78,6.8,6.63,6.66,6.88,6.54,2910660.0,19654699.0,2.262,0.15
002117,东港股份,7.99,7.99,8.0,7.88,7.9,8.1,7.73,6572327.0,52454633.0,1.396,0.11
002119,康强电子,32.23,32.23,32.24,34.85,35.23,36.76,32.2,59247885.0,2052241876.0,-7.518,-2.62
002120,韵达股份,6.72,6.72,6.73,6.66,6.66,6.79,6.58,33703515.0,225956987.0,0.901,0.06
002121,科陆电子,5.34,5.34,0.0,4.85,5.34,5.34,5.34,19909450.0,106316463.0,10.103,0.49
002122,ST汇洲,2.46,2.45,2.46,2.45,2.44,2.5,2.39,19218300.0,47068826.0,0.408,0.01
002123,梦网科技,8.66,8.66,8.67,8.65,8.54,9.05,8.42,42226337.0,366073131.0,0.116,0.01
002124,天邦食品,2.31,2.3,2.31,2.25,2.23,2.35,2.17,90161040.0,205698339.0,2.667,0.06
002125,湘潭电化,11.76,11.76,11.77,11.85,11.84,12.12,11.68,24116294.0,287138013.0,-0.759,-0.09
002126,银轮股份,54.5,54.5,54.51,54.09,54.6,57.08,53.6,28841452.0,1601184000.0,0.758,0.41
002127,南极电商,2.82,2.82,2.83,2.77,2.75,2.87,2.73,35531450.0,100213446.0,1.805,0.05
002128,电投能源,24.0,24.0,24.01,23.09,23.13,24.28,22.58,17755065.0,420894283.0,3.941,0.91
002129,TCL中环,10.66,10.66,10.67,11.03,11.03,11.39,10.65,343544008.0,3801721944.0,-3.354,-0.37
002130,沃尔核材,17.62,17.62,17.63,17.15,17.31,18.15,17.03,57258842.0,1019822251.0,2.741,0.47
002131,利欧股份,4.61,4.61,4.62,4.35,4.29,4.79,4.25,754494579.0,3512791185.0,5.977,0.26
002132,恒星科技,5.44,5.44,5.45,5.61,5.5,5.9,5.42,134544740.0,753078767.0,-3.03,-0.17
002133,广宇集团,2.5,2.5,2.51,2.43,2.42,2.58,2.38,23104101.0,57938000.0,2.881,0.07
002134,天津普林,27.25,27.25,27.26,28.18,28.26,29.19,27.21,16951199.0,476916601.0,-3.3,-0.93
002135,东南网架,6.3,6.29,6.3,6.15,6.18,6.37,6.01,17744952.0,111108996.0,2.439,0.15
002136,安 纳 达,11.98,11.98,11.99,12.2,12.25,12.26,11.97,6768400.0,81857807.0,-1.803,-0.22
002137,实益达,12.02,12.01,12.02,12.25,11.7,12.43,11.59,115499694.0,1371063496.0,-1.878,-0.23
002138,顺络电子,54.11,54.11,54.15,58.48,59.0,60.08,54.0,45104945.0,2578474022.0,-7.473,-4.37
002139,拓邦股份,9.82,9.82,9.83,9.76,9.71,10.1,9.69,25215420.0,250517934.0,0.615,0.06
002140,东华科技,8.83,8.82,8.83,8.78,8.75,8.97,8.63,5735493.0,50736617.0,0.569,0.05
002141,贤丰控股,5.15,5.14,5.15,5.35,5.22,5.48,5.12,128374190.0,675974725.0,-3.738,-0.2
002142,宁波银行,30.7,30.69,30.7,30.75,30.83,30.9,30.47,20529453.0,630045374.0,-0.163,-0.05
002144,宏达高科,10.77,10.77,0.0,9.79,9.82,10.77,9.79,17162400.0,181831480.0,10.01,0.98
002145,钛能化学,4.32,4.32,4.33,4.39,4.37,4.4,4.31,44130599.0,191938605.0,-1.595,-0.07
002146,荣盛发展,1.11,1.1,1.11,1.07,1.07,1.12,1.05,121141469.0,131849093.0,3.738,0.04
002148,北纬科技,6.33,6.33,6.34,6.23,6.14,6.47,6.07,34256772.0,217003662.0,1.605,0.1
002149,西部材料,45.2,45.19,45.2,42.52,42.29,46.77,41.72,72837662.0,3298897507.0,6.303,2.68
002150,正泰电源,24.7,24.69,24.7,24.43,24.43,25.48,23.99,9744454.0,241042580.0,1.105,0.27
002151,北斗星通,32.61,32.6,32.61,30.46,30.27,33.51,29.84,45738422.0,1486232781.0,7.058,2.15
002152,广电运通,10.27,10.27,10.28,10.6,10.47,10.69,10.27,73541482.0,772651794.0,-3.113,-0.33
002153,石基信息,7.74,7.74,7.75,7.55,7.55,7.92,7.48,28204152.0,219364462.0,2.517,0.19
002154,报 喜 鸟,3.68,3.68,3.69,3.7,3.68,3.75,3.62,24696475.0,91239016.0,-0.541,-0.02
002155,湖南黄金,23.76,23.76,23.77,24.26,24.3,24.65,23.51,53685636.0,1286571850.0,-2.061,-0.5
002156,通富微电,70.95,70.95,70.96,72.17,74.0,77.67,70.78,202527658.0,15122588934.0,-1.69,-1.22
002157,正邦科技,2.97,2.97,2.98,2.93,2.89,3.01,2.83,173052047.0,511284748.0,1.365,0.04
002158,汉钟精机,36.89,36.89,36.9,34.59,34.51,38.05,34.26,39102422.0,1463427597.0,6.649,2.3
002159,三特索道,12.64,12.64,12.65,12.39,12.36,12.8,12.16,3129301.0,39461536.0,2.018,0.25
002160,常铝股份,3.62,3.61,3.62,3.53,3.52,3.69,3.47,21430893.0,77350868.0,2.55,0.09
002161,远 望 谷,5.28,5.27,5.28,5.2,5.15,5.45,5.15,16492930.0,87638971.0,1.538,0.08
002162,悦心健康,3.59,3.59,3.6,3.53,3.52,3.65,3.48,13318549.0,47902790.0,1.7,0.06
002163,海南发展,8.22,8.22,8.23,7.78,7.79,8.56,7.7,53096380.0,438358351.0,5.656,0.44
002164,宁波东力,11.32,11.31,11.32,11.22,11.23,11.75,11.11,13380260.0,152658669.0,0.891,0.1
002165,红 宝 丽,5.75,5.75,5.76,5.65,5.61,5.89,5.56,42003780.0,241990393.0,1.77,0.1
002166,莱茵生物,6.34,6.33,6.34,6.2,6.2,6.42,6.12,9854197.0,62358462.0,2.258,0.14
002167,东方锆业,19.65,19.64,19.65,19.65,19.61,21.62,19.3,128964680.0,2648980209.0,0.0,0.0
002168,ST惠程,3.58,3.58,3.59,3.59,3.61,3.62,3.55,4456220.0,15979818.0,-0.279,-0.01
002169,智光电气,13.16,13.15,13.16,12.95,13.0,13.48,12.94,23141363.0,305871159.0,1.622,0.21
002170,芭田股份,10.71,10.71,10.72,10.85,10.81,10.95,10.61,20066260.0,215904224.0,-1.29,-0.14
002171,楚江新材,11.8,11.79,11.8,11.8,11.78,12.24,11.68,79492461.0,947347250.0,0.0,0.0
002172,澳洋健康,2.97,2.97,2.98,2.87,2.87,3.02,2.82,21563300.0,63598939.0,3.484,0.1
002173,创新医疗,17.57,17.56,17.57,16.84,16.5,17.88,16.19,42402822.0,733001169.0,4.335,0.73
002174,游族网络,12.74,12.73,12.74,12.51,12.51,13.13,12.45,58616513.0,755993641.0,1.839,0.23
002175,*ST东智,2.78,2.78,2.79,2.84,2.78,2.85,2.71,41839800.0,115865848.0,-2.113,-0.06
002176,江特电机,8.66,8.66,8.67,8.63,8.65,8.84,8.45,71902391.0,625143597.0,0.348,0.03
002177,御银股份,5.36,5.36,5.37,5.23,5.18,5.51,5.14,31923934.0,171745119.0,2.486,0.13
002178,延华智能,4.39,4.38,4.39,4.27,4.26,4.48,4.2,15487508.0,67994728.0,2.81,0.12
002179,中航光电,39.1,39.1,39.11,40.13,40.6,41.6,39.0,62780255.0,2543127505.0,-2.567,-1.03
002180,奔图科技,16.54,16.53,16.54,16.25,16.25,17.0,16.11,24332457.0,406003077.0,1.785,0.29
002181,粤 传 媒,9.1,9.1,9.11,8.67,8.6,9.36,8.53,62597126.0,568469707.0,4.96,0.43
002182,宝武镁业,12.84,12.84,12.85,12.88,12.8,13.33,12.8,28139339.0,367602698.0,-0.311,-0.04
002183,怡 亚 通,4.85,4.84,4.85,4.7,4.72,5.12,4.66,114610108.0,565167765.0,3.191,0.15
002184,海得控制,9.34,9.33,9.34,9.23,9.22,9.49,9.12,7663970.0,71562631.0,1.192,0.11
002185,华天科技,25.31,25.31,25.32,23.73,26.1,26.1,25.1,494881704.0,12764273172.0,6.658,1.58
002186,全 聚 德,8.59,8.59,8.6,8.48,8.43,8.73,8.34,4060107.0,34993346.0,1.297,0.11
002187,广百股份,4.8,4.8,4.81,4.66,4.63,4.88,4.57,14860800.0,71175331.0,3.004,0.14
002188,中天服务,4.86,4.86,4.87,4.77,4.77,4.99,4.69,12655900.0,61811698.0,1.887,0.09
002189,中光学,19.85,19.84,19.85,19.61,19.62,20.22,19.44,3611367.0,72010491.0,1.224,0.24
002190,成飞集成,22.77,22.77,22.78,22.15,22.15,23.48,21.84,6774158.0,154686705.0,2.799,0.62
002191,劲嘉股份,3.76,3.76,3.77,3.78,3.77,3.8,3.73,11574400.0,43654687.0,-0.529,-0.02
002192,融捷股份,71.15,0.0,71.15,79.06,74.0,74.88,71.15,36972714.0,2661277605.0,-10.005,-7.91
002193,ST如意,4.24,4.24,4.25,4.15,4.14,4.3,4.08,3788400.0,15931545.0,2.169,0.09
002194,武汉凡谷,8.96,8.95,8.96,8.74,8.76,9.24,8.68,25316389.0,227509317.0,2.517,0.22
002195,岩山科技,6.34,6.34,6.35,6.22,6.2,6.59,6.12,212032833.0,1360943287.0,1.929,0.12
002196,方正电机,11.96,11.96,11.97,11.86,11.88,12.32,11.84,32600890.0,393296416.0,0.843,0.1
002197,证通电子,5.71,5.71,5.72,5.64,5.61,5.92,5.54,21703903.0,125644707.0,1.241,0.07
002198,ST嘉应,3.43,3.43,3.44,3.32,3.3,3.43,3.26,7310800.0,24637242.0,3.313,0.11
002199,*ST东晶,11.97,11.95,11.97,11.88,11.88,12.49,11.61,2817200.0,34096475.0,0.758,0.09
002200,交投生态,6.35,6.33,6.35,6.35,6.3,6.57,6.09,4818799.0,30780642.0,0.0,0.0
002201,九鼎新材,8.92,8.91,8.92,8.7,8.8,9.28,8.66,34311175.0,308581949.0,2.529,0.22
002202,金风科技,22.36,22.36,0.0,20.33,20.47,22.36,19.93,267662061.0,5809635624.0,9.985,2.03
002203,海亮股份,19.5,19.5,19.51,20.08,20.08,20.55,19.5,32043728.0,641759250.0,-2.888,-0.58
002204,大连重工,5.2,5.2,5.21,5.12,5.07,5.3,5.04,24068817.0,124957394.0,1.563,0.08
002205,国统股份,10.31,10.31,10.32,9.99,9.96,10.55,9.83,5140320.0,52934821.0,3.203,0.32
002206,海 利 得,5.24,5.24,5.25,5.22,5.23,5.31,5.17,7629400.0,39991362.0,0.383,0.02
002207,*ST准油,6.05,6.05,6.06,5.88,5.7,6.19,5.63,14894700.0,88055114.0,2.891,0.17
002208,合肥城建,19.43,19.43,19.44,19.12,20.94,20.94,19.4,134742961.0,2689524948.0,1.621,0.31
002209,达 意 隆,10.17,10.17,10.18,9.99,10.04,10.34,9.87,4198200.0,42690827.0,1.802,0.18
002210,飞马国际,2.17,2.17,2.18,2.11,2.09,2.23,2.07,73952741.0,160467916.0,2.844,0.06
002211,ST宏达,3.77,3.77,3.78,3.75,3.72,3.8,3.69,6354500.0,23757503.0,0.533,0.02
002212,天融信,5.78,5.77,5.78,5.61,5.58,5.97,5.54,48640599.0,283038713.0,3.03,0.17
002213,大为股份,32.98,32.97,32.98,33.59,33.66,34.19,32.98,13340788.0,448296385.0,-1.816,-0.61
002214,*ST大立,13.12,13.11,13.12,12.4,12.45,13.6,12.42,9319249.0,122286833.0,5.806,0.72
002215,诺 普 信,8.82,8.82,8.83,9.35,9.22,9.24,8.81,24885460.0,222312826.0,-5.668,-0.53
002216,三全食品,12.21,12.21,12.22,12.31,12.27,12.39,12.11,6427982.0,78691415.0,-0.812,-0.1
002217,ST合力泰,1.61,1.6,1.61,1.67,1.65,1.68,1.57,294643500.0,474397940.0,-3.593,-0.06
002218,拓日新能,3.73,3.72,3.73,3.62,3.63,3.87,3.54,52910700.0,197591123.0,3.039,0.11
002219,新里程,1.98,1.97,1.98,1.8,1.79,1.98,1.76,193066207.0,370670305.0,10.0,0.18
002221,东华能源,5.3,5.29,5.3,5.17,5.15,5.39,5.04,24269647.0,127416728.0,2.515,0.13
002222,福晶科技,77.45,77.45,77.46,81.37,81.57,84.5,77.44,27779850.0,2255726356.0,-4.818,-3.92
002223,鱼跃医疗,26.02,26.02,26.03,25.55,25.42,26.16,25.08,12991429.0,335294511.0,1.84,0.47
002224,三 力 士,3.35,3.35,3.36,3.28,3.26,3.4,3.21,12730800.0,42421648.0,2.134,0.07
002225,濮耐股份,4.32,4.32,4.33,4.28,4.24,4.48,4.19,47184608.0,204836441.0,0.935,0.04
002226,江南化工,4.48,4.48,4.49,4.47,4.45,4.54,4.4,14732398.0,66005630.0,0.224,0.01
002227,*ST特迅,6.46,6.45,6.46,6.23,6.21,6.46,6.1,3334900.0,21104342.0,3.692,0.23
002228,合兴包装,3.06,3.05,3.06,2.99,2.97,3.1,2.94,26476346.0,80816463.0,2.341,0.07
002229,鸿博股份,10.02,10.01,10.02,9.73,9.66,10.34,9.48,33661442.0,338642099.0,2.98,0.29
002230,科大讯飞,43.19,43.19,43.2,42.37,41.99,44.3,41.5,79759649.0,3446061916.0,1.935,0.82
002232,启明信息,14.35,14.35,14.36,14.22,14.06,14.59,13.88,6289954.0,90288512.0,0.914,0.13
002233,塔牌集团,7.47,7.47,7.49,7.54,7.51,7.57,7.44,7360320.0,55158958.0,-0.928,-0.07
002234,民和股份,7.19,7.18,7.19,6.98,6.96,7.3,6.86,7589709.0,54544928.0,3.009,0.21
002235,安妮股份,8.68,8.68,8.69,8.99,8.81,8.92,8.64,29721569.0,260719835.0,-3.448,-0.31
002236,大华股份,17.29,17.29,17.3,17.25,17.24,17.84,17.12,70417561.0,1230625113.0,0.232,0.04
002237,恒邦股份,12.84,12.84,12.85,12.93,12.96,13.18,12.66,22988797.0,296348572.0,-0.696,-0.09
002238,天威视讯,5.61,5.61,5.62,5.46,5.42,5.72,5.33,11403337.0,63936349.0,2.747,0.15
002239,奥特佳,2.42,2.42,2.43,2.38,2.38,2.45,2.35,54762792.0,132333571.0,1.681,0.04
002240,盛新锂能,34.1,34.1,34.11,35.55,35.0,35.69,34.05,67277482.0,2340681487.0,-4.079,-1.45
002241,歌尔股份,22.57,22.56,22.57,21.37,21.21,23.51,21.13,225519647.0,5133046379.0,5.615,1.2
002242,九阳股份,8.07,8.06,8.07,7.96,7.96,8.17,7.89,5580682.0,45040300.0,1.382,0.11
002243,力合科创,6.56,6.56,6.57,6.43,6.45,6.69,6.33,15148698.0,99434116.0,2.022,0.13
002244,滨江集团,8.08,8.07,8.08,7.65,7.7,8.14,7.54,46087493.0,367374483.0,5.621,0.43
002245,蔚蓝锂芯,19.14,19.14,19.15,20.52,20.21,20.94,19.11,124338384.0,2470316794.0,-6.725,-1.38
002246,北化股份,17.85,17.84,17.85,18.0,17.88,18.39,17.7,11791428.0,212810018.0,-0.833,-0.15
002247,聚力文化,2.17,2.17,2.18,2.12,2.11,2.23,2.07,30580213.0,66245513.0,2.358,0.05
002248,华东数控,8.84,8.83,8.84,8.7,8.68,9.08,8.67,10855500.0,96461455.0,1.609,0.14
002249,大洋电机,7.32,7.32,7.33,7.07,7.05,7.57,7.04,98512937.0,722503143.0,3.536,0.25
002250,联化科技,14.34,14.34,14.35,14.1,14.13,14.73,13.9,17331851.0,248670102.0,1.702,0.24
002251,步步高,3.49,3.49,3.5,3.34,3.34,3.54,3.3,135601610.0,468967845.0,4.491,0.15
002252,上海莱士,4.58,4.57,4.58,4.48,4.47,4.63,4.41,72494392.0,330011807.0,2.232,0.1
002253,川大智胜,9.48,9.48,9.49,9.36,9.32,9.73,9.24,5605957.0,53470799.0,1.282,0.12
002254,泰和新材,14.2,14.2,14.21,14.07,14.15,15.16,14.08,54835123.0,798847792.0,0.924,0.13
002255,海陆重工,8.45,8.44,8.45,8.42,8.39,8.7,8.3,17927438.0,152280428.0,0.356,0.03
002256,兆新股份,3.44,3.44,3.45,3.34,3.31,3.57,3.31,79535811.0,275164381.0,2.994,0.1
002258,利尔化学,13.43,13.42,13.43,13.76,13.61,13.77,13.2,16917539.0,227586029.0,-2.398,-0.33
002259,升达林业,3.63,3.63,3.64,3.62,3.6,3.74,3.53,15172700.0,55266583.0,0.276,0.01
002261,拓维信息,32.08,32.07,32.08,31.92,31.61,32.98,30.8,138923365.0,4454398424.0,0.501,0.16
002262,恩华药业,19.94,19.93,19.94,19.53,19.48,20.12,19.27,11422301.0,226270356.0,2.099,0.41
002263,大东南,2.9,2.9,2.91,2.88,2.88,2.97,2.86,57957992.0,169138048.0,0.694,0.02
002264,新 华 都,5.93,5.93,5.94,5.78,5.76,6.12,5.7,19178000.0,114545177.0,2.595,0.15
002265,建设工业,17.5,17.49,17.5,17.07,17.04,18.05,16.92,10114955.0,177691055.0,2.519,0.43
002266,浙富控股,5.21,5.21,5.22,5.2,5.19,5.43,5.15,145064579.0,768157680.0,0.192,0.01
002267,陕天然气,6.87,6.87,6.9,6.88,6.87,6.91,6.82,4243100.0,29161372.0,-0.145,-0.01
002268,电科网安,15.34,15.34,15.35,15.15,14.95,15.49,14.75,26166058.0,395495739.0,1.254,0.19
002269,美邦服饰,1.38,1.38,1.39,1.34,1.33,1.41,1.32,85105456.0,116831397.0,2.985,0.04
002270,华明装备,18.19,18.19,18.2,18.02,17.95,18.84,17.71,18270204.0,334510418.0,0.943,0.17
002271,东方雨虹,11.5,11.49,11.5,11.26,11.22,11.64,11.1,38735680.0,443385850.0,2.131,0.24
002272,川润股份,23.74,23.73,23.74,22.58,22.91,24.84,22.59,74057538.0,1787043625.0,5.137,1.16
002273,水晶光电,30.91,30.9,30.91,32.88,33.01,33.99,30.87,73401667.0,2387264761.0,-5.991,-1.97
002274,华昌化工,5.76,5.76,5.77,5.43,5.4,5.9,5.23,79448734.0,441580970.0,6.077,0.33
002275,桂林三金,13.12,13.11,13.12,13.17,13.05,13.26,12.86,2173251.0,28440535.0,-0.38,-0.05
002276,万马股份,9.75,9.75,9.76,9.6,9.58,10.0,9.51,22555479.0,220916850.0,1.563,0.15
002277,友阿股份,5.85,5.85,5.86,5.94,5.9,5.98,5.81,21983275.0,129825258.0,-1.515,-0.09
002278,神开股份,7.64,7.63,7.64,7.4,7.36,7.85,7.22,16211925.0,123438667.0,3.243,0.24
002279,久其软件,5.75,5.74,5.75,5.61,5.58,5.86,5.51,27644279.0,158865807.0,2.496,0.14
002281,光迅科技,233.45,233.45,233.46,238.49,250.96,258.66,233.45,58693329.0,14555128138.0,-2.113,-5.04
002282,博深股份,5.71,5.71,5.72,5.61,5.6,5.8,5.53,4905926.0,27887519.0,1.783,0.1
002283,天润工业,9.3,9.29,9.3,9.55,9.5,9.83,9.29,27937470.0,267944406.0,-2.618,-0.25
002284,亚太股份,9.47,9.46,9.47,9.43,9.41,9.7,9.31,15499356.0,147892111.0,0.424,0.04
002285,世联行,2.09,2.09,2.1,2.01,2.01,2.19,1.96,70288052.0,147822636.0,3.98,0.08
002286,保龄宝,8.13,8.13,8.14,8.02,7.99,8.24,7.93,4458200.0,36240304.0,1.372,0.11
002287,奇正藏药,20.04,20.03,20.04,19.98,20.0,20.3,19.59,2546794.0,50952944.0,0.3,0.06
002289,宇顺电子,43.03,43.03,43.12,45.61,44.9,47.4,43.0,5538770.0,251052273.0,-5.657,-2.58
002290,禾盛新材,82.52,82.5,82.52,85.16,87.5,88.58,82.3,6970440.0,596665300.0,-3.1,-2.64
002291,遥望科技,4.84,4.84,4.85,4.68,4.66,4.93,4.55,38092059.0,183387208.0,3.419,0.16
002292,奥飞娱乐,7.74,7.74,7.75,7.62,7.51,7.83,7.36,91763467.0,702964864.0,1.575,0.12
002293,罗莱生活,10.81,10.8,10.81,10.82,10.81,10.89,10.62,4833037.0,52096636.0,-0.092,-0.01
002294,信立泰,37.13,37.12,37.13,35.21,34.56,38.51,34.0,56314289.0,2059037657.0,5.453,1.92
002295,精艺股份,8.35,8.35,8.36,8.2,8.11,8.54,8.06,3730000.0,31176498.0,1.829,0.15
002296,辉煌科技,8.98,8.98,8.99,9.1,9.07,9.18,8.96,7581109.0,68675165.0,-1.319,-0.12
002297,博云新材,24.03,24.03,24.04,24.53,25.01,25.89,23.98,95022098.0,2381969233.0,-2.038,-0.5
002298,中电鑫龙,7.18,7.18,7.19,7.06,7.07,7.38,6.94,26873019.0,194264395.0,1.7,0.12
002299,圣农发展,15.77,15.76,15.77,15.55,15.46,15.87,15.28,8264106.0,129549010.0,1.415,0.22
002300,太阳电缆,6.38,6.38,6.39,6.25,6.22,6.54,6.16,19463609.0,124329776.0,2.08,0.13
002301,齐心集团,8.25,8.25,8.26,8.32,8.3,8.45,8.18,15511350.0,129245341.0,-0.841,-0.07
002302,西部建设,4.43,4.43,4.44,4.32,4.3,4.5,4.24,8261207.0,36422345.0,2.546,0.11
002303,美盈森,4.53,4.53,4.55,4.33,4.25,4.67,4.21,96328214.0,436183294.0,4.619,0.2
002304,洋河股份,38.65,38.64,38.65,37.64,37.66,38.9,37.29,8950393.0,343712940.0,2.683,1.01
002305,*ST南置,2.01,2.0,2.01,1.95,1.94,2.02,1.92,19733443.0,39171522.0,3.077,0.06
002306,ST云网,1.91,1.9,1.91,1.94,1.93,1.94,1.88,7999300.0,15273988.0,-1.546,-0.03
002307,北新路桥,2.99,2.99,3.0,2.93,2.91,3.04,2.87,28198095.0,83953018.0,2.048,0.06
002309,中利集团,2.58,2.58,2.59,2.5,2.5,2.63,2.45,118523067.0,304562080.0,3.2,0.08
002310,东方新能,2.15,2.14,2.15,2.09,2.09,2.17,2.06,96953165.0,206957401.0,2.871,0.06
002311,海大集团,44.91,44.9,44.91,44.6,44.5,45.52,43.85,8617060.0,386319667.0,0.695,0.31
002312,川发龙蟒,8.19,8.19,8.2,8.15,8.1,8.3,7.91,27252995.0,221877596.0,0.491,0.04
002313,日海智能,8.03,8.03,8.04,7.78,7.71,8.28,7.6,16891800.0,135912805.0,3.213,0.25
002314,南山控股,2.05,2.04,2.05,1.98,1.96,2.08,1.93,30123050.0,61237531.0,3.535,0.07
002315,焦点科技,23.56,23.56,23.57,23.13,23.13,24.08,22.75,7380018.0,174442296.0,1.859,0.43
002316,亚联发展,4.11,4.1,4.11,4.01,3.98,4.23,3.9,15373400.0,63221380.0,2.494,0.1
002317,众生药业,29.54,29.54,0.0,26.85,26.71,29.54,26.03,70676875.0,2042138875.0,10.019,2.69
002318,久立特材,18.81,18.81,18.82,19.5,19.46,19.5,18.76,18375324.0,349814128.0,-3.538,-0.69
002319,乐通股份,11.2,11.19,11.2,11.32,11.37,11.62,11.12,7213400.0,82016555.0,-1.06,-0.12
002320,海峡股份,6.38,6.37,6.38,6.19,6.19,6.47,6.12,19234790.0,122203537.0,3.069,0.19
002321,华英农业,1.88,1.88,1.89,1.82,1.81,1.93,1.78,41637000.0,77947968.0,3.297,0.06
002322,理工能科,9.86,9.86,9.87,9.71,9.7,10.04,9.59,2794200.0,27566811.0,1.545,0.15
002323,*ST雅博,1.43,1.43,1.44,1.48,1.41,1.46,1.36,72958149.0,103791244.0,-3.378,-0.05
002324,普利特,10.48,10.48,10.49,10.35,10.3,11.02,10.21,27567936.0,292031018.0,1.256,0.13
002326,永太科技,20.01,20.0,20.01,20.81,20.78,20.87,20.0,54680519.0,1115657446.0,-3.844,-0.8
002327,富安娜,6.14,6.14,6.16,6.21,6.19,6.22,6.11,5149200.0,31714730.0,-1.127,-0.07
002328,新朋股份,7.34,7.34,7.35,7.31,7.28,7.72,7.23,29676192.0,221434420.0,0.41,0.03
002329,皇氏集团,3.25,3.25,3.26,3.13,3.13,3.31,3.09,52358265.0,168639738.0,3.834,0.12
002330,得利斯,3.66,3.66,3.67,3.54,3.53,3.72,3.49,17106712.0,62178531.0,3.39,0.12
002331,皖通科技,7.02,7.02,7.03,6.83,6.78,7.27,6.73,15318060.0,108631893.0,2.782,0.19
002332,仙琚制药,8.25,8.25,8.26,8.18,8.18,8.32,8.08,10764989.0,88529805.0,0.856,0.07
002333,罗普斯金,4.86,4.86,4.87,4.85,4.85,4.93,4.78,3749102.0,18263705.0,0.206,0.01
002334,英威腾,7.03,7.03,7.04,6.91,6.93,7.21,6.89,17385973.0,122602558.0,1.737,0.12
002335,科华数据,36.1,36.1,36.11,35.8,35.6,37.89,35.5,34068454.0,1256523090.0,0.838,0.3
002337,赛象科技,4.46,4.45,4.46,4.39,4.38,4.55,4.28,7593800.0,33824148.0,1.595,0.07
002338,奥普光电,54.93,54.93,54.95,53.13,53.13,57.85,52.91,12735200.0,706549501.0,3.388,1.8
002339,积成电子,6.7,6.7,6.71,6.63,6.63,6.87,6.52,13515728.0,91071087.0,1.056,0.07
002340,格林美,6.54,6.53,6.54,6.5,6.5,6.62,6.39,114180029.0,744665195.0,0.615,0.04
002342,巨力索具,11.07,11.07,0.0,10.06,10.26,11.07,10.1,171512773.0,1848465039.0,10.04,1.01
002343,慈文传媒,4.72,4.72,4.73,4.51,4.51,4.85,4.39,20189300.0,94906204.0,4.656,0.21
002344,海宁皮城,3.63,3.62,3.63,3.53,3.52,3.7,3.48,12039707.0,43589761.0,2.833,0.1
002345,潮宏基,10.06,10.05,10.06,9.93,9.97,10.25,9.6,22374200.0,223263730.0,1.309,0.13
002346,柘中股份,21.81,21.81,0.0,19.83,21.09,21.81,20.75,9531498.0,205978125.0,9.985,1.98
002347,泰尔股份,5.65,5.65,5.66,5.44,5.47,5.82,5.36,21592900.0,121536881.0,3.86,0.21
002348,高乐股份,10.98,10.98,10.99,10.9,10.9,11.28,10.87,24835600.0,274898255.0,0.734,0.08
002349,精华制药,6.57,6.57,6.58,6.5,6.5,6.64,6.4,11027132.0,72227156.0,1.077,0.07
002350,北京科锐,14.74,14.74,14.75,14.69,14.65,15.02,14.4,17238361.0,255362929.0,0.34,0.05
002351,漫步者,9.38,9.38,9.39,9.21,9.19,9.5,9.14,8699682.0,81490809.0,1.846,0.17
002352,顺丰控股,32.03,32.02,32.03,31.91,31.84,32.29,31.48,18864931.0,602999032.0,0.376,0.12
002353,杰瑞股份,151.2,151.2,151.21,168.0,170.0,170.0,151.2,19755423.0,3093496149.0,-10.0,-16.8
002354,天娱数科,8.54,8.54,8.55,8.08,8.23,8.89,8.02,537867343.0,4654743548.0,5.693,0.46
002355,兴民智通,4.25,4.25,4.26,4.14,4.1,4.37,4.04,23177700.0,98336035.0,2.657,0.11
002356,赫美集团,2.82,2.81,2.82,2.67,2.67,2.92,2.65,50114900.0,141938754.0,5.618,0.15
002357,富临运业,8.96,8.96,8.97,8.97,8.88,9.12,8.72,8586800.0,76729829.0,-0.111,-0.01
002358,森源电气,5.31,5.31,5.32,5.25,5.24,5.44,5.17,17056500.0,90941140.0,1.143,0.06
002360,ST同德,5.19,5.18,5.19,5.13,5.11,5.23,5.08,3309600.0,17110551.0,1.17,0.06
002361,神剑股份,12.73,12.73,0.0,11.57,11.69,12.73,11.44,88148907.0,1070588623.0,10.026,1.16
002362,汉王科技,15.49,15.49,15.5,15.16,15.13,15.68,14.96,6121851.0,94572687.0,2.177,0.33
002363,隆基机械,6.26,6.26,6.27,6.05,6.0,6.58,5.93,10350870.0,64841480.0,3.471,0.21
002364,中恒电气,56.05,56.04,56.05,54.42,56.62,59.86,56.0,84083598.0,4894399298.0,2.995,1.63
002365,永安药业,10.46,10.46,10.47,10.08,10.07,10.67,9.88,13156940.0,136955546.0,3.77,0.38
002366,融发核电,5.27,5.27,5.28,5.22,5.26,5.42,5.16,39768795.0,210902046.0,0.958,0.05
002367,康力电梯,6.07,6.07,6.08,6.15,6.1,6.28,6.01,17120509.0,105047450.0,-1.301,-0.08
002368,太极股份,14.44,14.43,14.44,13.96,13.96,14.8,13.91,18443756.0,266583581.0,3.438,0.48
002369,卓翼科技,5.36,5.36,5.37,5.25,5.25,5.54,5.17,21435790.0,115664333.0,2.095,0.11
002370,亚太药业,5.44,5.44,5.45,5.23,5.24,5.75,5.12,45024166.0,246854545.0,4.015,0.21
002371,北方华创,801.0,800.99,801.0,878.43,886.46,905.0,800.99,19385845.0,16711117543.0,-8.815,-77.43
002372,伟星新材,7.98,7.98,7.99,7.96,7.97,8.04,7.8,24899382.0,196994178.0,0.251,0.02
002373,千方科技,7.25,7.24,7.25,7.03,7.03,7.42,6.99,30192529.0,219695209.0,3.129,0.22
002374,中锐股份,3.01,3.01,3.02,3.08,3.06,3.09,2.99,16923960.0,51468572.0,-2.273,-0.07
002375,亚厦股份,3.37,3.37,3.38,3.32,3.31,3.43,3.29,12989900.0,43840164.0,1.506,0.05
002376,新北洋,6.05,6.05,6.06,5.87,6.0,6.17,5.95,15410331.0,93634502.0,3.066,0.18
002377,国创高新,2.75,2.75,2.76,2.84,2.79,2.87,2.73,42998400.0,119813185.0,-3.169,-0.09
002378,章源钨业,27.37,27.37,27.38,27.87,28.1,28.83,27.33,40577978.0,1137444682.0,-1.794,-0.5
002379,宏桥控股,14.45,14.45,14.46,14.15,14.16,14.89,13.98,26243528.0,380044330.0,2.12,0.3
002380,科远智慧,31.87,31.86,31.87,32.11,31.83,32.7,31.73,4824854.0,155810637.0,-0.747,-0.24
002381,双箭股份,5.23,5.23,5.24,5.18,5.19,5.34,5.11,6697303.0,35224763.0,0.965,0.05
002382,蓝帆医疗,5.24,5.23,5.24,5.13,5.11,5.32,5.0,16209684.0,84360175.0,2.144,0.11
002383,合众思壮,7.14,7.14,7.15,6.8,6.75,7.42,6.66,26933291.0,191734866.0,5.0,0.34
002384,东山精密,242.3,242.3,242.32,261.32,269.37,274.5,240.0,118895991.0,31097426521.0,-7.278,-19.02
002385,大北农,3.0,3.0,3.01,2.93,2.94,3.04,2.87,104442709.0,311287462.0,2.389,0.07
002386,天原股份,5.65,5.64,5.65,5.62,5.6,5.68,5.48,18915831.0,105872136.0,0.534,0.03
002387,维信诺,8.08,8.07,8.08,8.09,8.08,8.18,8.0,24543031.0,198379027.0,-0.124,-0.01
002388,新亚制程,4.49,4.48,4.49,4.47,4.5,4.7,4.46,33228900.0,152084679.0,0.447,0.02
002389,航天彩虹,18.41,18.41,18.42,17.76,17.65,18.9,17.41,33092354.0,606063369.0,3.66,0.65
002390,信邦制药,2.78,2.78,2.79,2.71,2.71,2.82,2.67,32403000.0,89586284.0,2.583,0.07
002391,长青股份,5.09,5.08,5.09,5.07,5.05,5.18,4.99,7690778.0,39218693.0,0.394,0.02
002392,北京利尔,7.37,7.37,7.38,7.36,7.42,7.53,7.3,24443094.0,180779308.0,0.136,0.01
002393,力生制药,14.58,14.57,14.58,14.3,14.21,14.7,13.96,3432278.0,49621337.0,1.958,0.28
002394,联发股份,9.2,9.2,9.22,9.13,9.13,9.39,9.1,6805300.0,62905091.0,0.767,0.07
002395,双象股份,12.43,12.43,12.44,12.06,12.1,12.74,12.09,5016900.0,62426240.0,3.068,0.37
002396,星网锐捷,27.47,27.46,27.47,28.96,28.6,29.7,27.47,133207924.0,3830870945.0,-5.145,-1.49
002397,梦洁股份,3.73,3.73,3.74,3.71,3.72,3.83,3.57,25250800.0,94109661.0,0.539,0.02
002398,垒知集团,3.78,3.78,3.79,3.7,3.68,3.85,3.65,14450230.0,54547550.0,2.162,0.08
002399,海普瑞,9.54,9.53,9.54,9.31,9.31,9.64,9.22,5744990.0,54456081.0,2.47,0.23
002400,省广集团,6.19,6.19,6.2,5.98,5.93,6.38,5.84,111183753.0,688785409.0,3.512,0.21
002401,中远海科,11.68,11.68,11.69,11.45,11.4,11.85,11.26,4102371.0,47912697.0,2.009,0.23
002402,和而泰,26.32,26.32,0.0,23.93,24.0,26.32,23.73,71252017.0,1840787154.0,9.987,2.39
002403,爱仕达,9.81,9.8,9.81,9.69,9.55,10.04,9.38,10483900.0,102243036.0,1.238,0.12
002404,嘉欣丝绸,5.75,5.75,5.76,5.66,5.65,5.81,5.58,8859300.0,50807859.0,1.59,0.09
002405,四维图新,6.67,6.66,6.67,6.38,6.38,6.81,6.35,81877093.0,545169221.0,4.545,0.29
002406,远东传动,6.51,6.51,6.52,6.51,6.55,6.67,6.49,23574184.0,155271464.0,0.0,0.0
002407,多氟多,41.1,41.09,41.1,43.65,43.49,45.69,40.97,198188800.0,8593072372.0,-5.842,-2.55
002408,齐翔腾达,4.9,4.89,4.9,4.7,4.68,4.93,4.55,31296174.0,149701626.0,4.255,0.2
002409,雅克科技,207.17,207.16,207.17,209.0,220.0,229.0,207.0,45595906.0,10021061824.0,-0.876,-1.83
002410,广联达,8.43,8.43,8.44,8.21,8.2,8.73,8.1,43148888.0,365748477.0,2.68,0.22
002412,汉森制药,6.0,5.99,6.0,6.26,6.21,6.23,5.83,30858414.0,184923118.0,-4.153,-0.26
002413,雷科防务,9.62,9.62,9.63,8.99,8.95,9.89,8.89,160680193.0,1548543110.0,7.008,0.63
002414,高德红外,14.64,14.64,0.0,13.31,14.64,14.64,14.21,203991546.0,2979367023.0,9.992,1.33
002415,海康威视,34.45,34.45,34.46,35.39,35.2,35.86,34.43,115613820.0,4054309987.0,-2.656,-0.94
002416,爱施德,8.86,8.85,8.86,8.57,8.51,9.0,8.48,24109341.0,212774497.0,3.384,0.29
002418,康盛股份,3.64,3.64,3.65,3.55,3.55,3.74,3.53,61161398.0,223797311.0,2.535,0.09
002419,天虹股份,4.39,4.39,4.4,4.28,4.25,4.45,4.22,12715027.0,55682783.0,2.57,0.11
002420,毅昌科技,5.35,5.35,5.36,5.27,5.27,5.52,5.18,12634800.0,68074299.0,1.518,0.08
002421,达实智能,3.15,3.15,3.16,3.08,3.07,3.27,3.05,184776613.0,588993443.0,2.273,0.07
002422,科伦药业,44.07,44.07,44.08,42.7,41.81,45.65,41.55,52022595.0,2295106180.0,3.208,1.37
002423,中粮资本,8.77,8.77,8.78,8.66,8.71,8.84,8.53,17317842.0,151062440.0,1.27,0.11
002424,ST百灵,4.51,4.5,4.51,4.44,4.43,4.55,4.39,9323700.0,41690155.0,1.577,0.07
002425,凯撒文化,2.75,2.75,2.76,2.68,2.67,2.82,2.6,32026426.0,88175856.0,2.612,0.07
002426,胜利精密,3.36,3.35,3.36,3.42,3.39,3.47,3.34,127446994.0,434152210.0,-1.754,-0.06
002427,尤夫股份,4.34,4.33,4.34,4.18,4.15,4.58,4.02,31426589.0,135179875.0,3.828,0.16
002428,云南锗业,100.26,100.26,100.27,102.98,103.0,106.89,100.0,77716085.0,8047085655.0,-2.641,-2.72
002429,兆驰股份,10.3,10.3,10.31,11.3,11.3,11.49,10.3,169549681.0,1838520957.0,-8.85,-1.0
002430,杭氧股份,25.99,25.98,25.99,25.31,25.35,26.5,24.96,26689788.0,683287239.0,2.687,0.68
002431,ST棕榈,1.33,1.33,1.34,1.3,1.32,1.36,1.3,26802100.0,35679248.0,2.308,0.03
002432,九安医疗,58.8,58.8,58.81,58.36,58.92,60.58,58.27,16195066.0,963535647.0,0.754,0.44
002434,万里扬,6.0,6.0,6.01,6.0,5.97,6.2,5.89,25099908.0,152042861.0,0.0,0.0
002436,兴森科技,41.13,41.12,41.13,44.45,45.6,45.97,41.05,137551812.0,6034656578.0,-7.469,-3.32
002437,誉衡药业,3.13,3.12,3.13,2.96,2.96,3.2,2.88,152759468.0,470460967.0,5.743,0.17
002438,江苏神通,13.43,13.43,13.44,13.28,13.3,13.84,13.26,6696804.0,90499676.0,1.13,0.15
002439,启明星辰,13.38,13.38,13.39,13.43,13.31,13.65,13.23,34971528.0,469736721.0,-0.372,-0.05
002440,闰土股份,9.78,9.78,9.79,9.53,9.54,10.05,9.29,45982932.0,444638824.0,2.623,0.25
002441,众业达,7.61,7.61,7.62,7.51,7.51,7.75,7.45,5828118.0,44424808.0,1.332,0.1
002442,龙星科技,4.9,4.9,4.91,4.87,4.8,5.02,4.75,18479803.0,90831479.0,0.616,0.03
002443,金洲管道,9.41,9.4,9.41,9.55,9.43,9.67,9.27,16954705.0,160004129.0,-1.466,-0.14
002444,巨星科技,29.88,29.87,29.88,29.76,29.41,30.64,28.02,30549542.0,899901697.0,0.403,0.12
002445,中南文化,2.77,2.76,2.77,2.72,2.72,2.82,2.66,66862000.0,185095056.0,1.838,0.05
002446,盛路通信,10.52,10.52,10.53,10.34,10.29,11.06,10.13,67844219.0,722032601.0,1.741,0.18
002448,中原内配,11.32,11.31,11.32,11.64,11.65,11.72,11.32,17350685.0,199915591.0,-2.749,-0.32
002449,国星光电,6.84,6.84,6.85,6.83,6.81,6.98,6.8,12217056.0,84127914.0,0.146,0.01
002451,摩恩电气,6.81,6.81,6.82,6.73,6.7,6.98,6.6,9316900.0,63555528.0,1.189,0.08
002452,长高电气,11.18,11.18,11.19,11.48,11.3,11.58,11.12,30151702.0,342041391.0,-2.613,-0.3
002453,华软科技,4.13,4.13,4.14,4.12,4.09,4.26,4.06,15852105.0,66424493.0,0.243,0.01
002454,松芝股份,4.82,4.81,4.82,4.79,4.79,4.91,4.67,10347140.0,49946955.0,0.626,0.03
002455,百川股份,6.71,6.7,6.71,6.55,6.54,6.87,6.43,34821822.0,232953740.0,2.443,0.16
002456,欧菲光,9.47,9.46,9.47,9.51,9.5,9.99,9.25,338653445.0,3241203108.0,-0.421,-0.04
002457,青龙管业,15.76,15.75,15.76,15.06,14.7,16.5,14.48,77064778.0,1188318777.0,4.648,0.7
002458,益生股份,8.84,8.83,8.84,8.36,8.26,8.84,8.15,77321045.0,666434269.0,5.742,0.48
002459,晶澳科技,7.61,7.61,7.62,7.5,7.53,7.82,7.44,55460387.0,424450691.0,1.467,0.11
002460,赣锋锂业,53.63,53.63,53.64,55.99,55.98,55.98,53.61,56388717.0,3088124721.0,-4.215,-2.36
002461,珠江啤酒,7.79,7.79,7.8,7.69,7.65,7.86,7.61,7773995.0,60556150.0,1.3,0.1
002462,嘉事堂,11.25,11.25,11.26,10.96,11.17,11.47,10.94,4631600.0,52224052.0,2.646,0.29
002463,沪电股份,129.44,129.43,129.44,137.3,137.6,141.89,129.2,75894295.0,10329849886.0,-5.725,-7.86
002465,海格通信,13.58,13.58,13.59,12.47,12.44,13.72,12.17,197135606.0,2636053540.0,8.901,1.11
002466,天齐锂业,47.8,47.79,47.8,49.79,49.0,50.15,47.77,68829754.0,3356970288.0,-3.997,-1.99
002467,二六三,4.67,4.67,4.68,4.58,4.57,4.83,4.52,98395740.0,462460859.0,1.965,0.09
002468,申通快递,16.16,16.16,16.17,16.09,16.17,16.47,15.88,27268830.0,440874052.0,0.435,0.07
002469,三维化学,5.61,5.61,5.62,5.55,5.53,5.68,5.41,6666000.0,37216785.0,1.081,0.06
002470,金正大,1.93,1.93,1.94,1.9,1.89,1.97,1.86,110317225.0,212957811.0,1.579,0.03
002471,中超控股,5.82,5.81,5.82,5.53,5.49,6.08,5.43,151563269.0,888567003.0,5.244,0.29
002472,双环传动,43.55,43.55,43.56,42.52,42.53,45.34,42.12,66003281.0,2894436037.0,2.422,1.03
002474,榕基软件,5.79,5.79,5.8,5.65,5.6,5.9,5.53,22530998.0,130437176.0,2.478,0.14
002475,立讯精密,62.14,62.13,62.14,64.46,64.38,65.66,62.06,142232648.0,9121289842.0,-3.599,-2.32
002476,新叶股份,4.52,4.52,4.53,4.52,4.5,4.61,4.42,9800202.0,44345425.0,0.0,0.0
002478,常宝股份,6.09,6.09,6.1,5.91,5.87,6.31,5.83,33708920.0,206645333.0,3.046,0.18
002479,富春环保,4.86,4.86,0.0,4.42,4.86,4.86,4.71,25337548.0,122306288.0,9.955,0.44
002480,新筑股份,5.07,5.06,5.07,5.09,5.09,5.12,4.96,8877799.0,44857014.0,-0.393,-0.02
002481,双塔食品,4.0,3.99,4.0,3.95,3.91,4.05,3.87,12659400.0,50425028.0,1.266,0.05
002482,广田集团,1.26,1.25,1.26,1.22,1.22,1.28,1.19,101287651.0,126214691.0,3.279,0.04
002483,润邦股份,5.0,5.0,5.01,4.91,4.93,5.11,4.86,9081799.0,45328099.0,1.833,0.09
002484,江海股份,86.7,86.69,86.7,90.54,93.0,96.3,85.8,39279060.0,3585416023.0,-4.241,-3.84
002485,ST雪发,5.8,5.74,5.8,5.8,5.76,5.87,5.63,4276959.0,24575788.0,0.0,0.0
002486,嘉麟杰,2.32,2.31,2.32,2.26,2.24,2.36,2.2,39254807.0,90320197.0,2.655,0.06
002487,大金重工,46.21,46.21,46.22,47.0,46.96,47.85,45.81,17447489.0,816361929.0,-1.681,-0.79
002488,金固股份,8.93,8.93,8.95,8.76,8.75,9.19,8.7,16602700.0,149150780.0,1.941,0.17
002489,浙江永强,2.75,2.75,2.76,2.74,2.72,2.8,2.69,24492984.0,67474139.0,0.365,0.01
002490,山东墨龙,7.68,7.68,7.69,7.67,7.31,7.88,7.31,102826998.0,778171651.0,0.13,0.01
002491,通鼎互联,22.08,22.08,22.09,23.3,23.34,24.3,22.0,146744768.0,3415920506.0,-5.236,-1.22
002492,恒基达鑫,5.31,5.3,5.31,5.21,5.23,5.45,5.09,8193400.0,43744410.0,1.919,0.1
002493,荣盛石化,10.95,10.95,10.96,10.98,10.87,11.09,10.55,63590762.0,690156834.0,-0.273,-0.03
002494,华斯股份,4.61,4.61,4.63,4.55,4.46,4.7,4.41,11060447.0,50849474.0,1.319,0.06
002495,佳隆股份,2.17,2.17,2.18,2.11,2.1,2.22,2.06,27949006.0,60467635.0,2.844,0.06
002496,辉丰股份,2.08,2.07,2.08,2.03,2.04,2.1,2.0,27833018.0,57075466.0,2.463,0.05
002497,雅化集团,18.7,18.69,18.7,20.2,19.9,20.05,18.65,110626804.0,2139109894.0,-7.426,-1.5
002498,汉缆股份,6.08,6.08,6.09,6.04,6.03,6.26,5.96,55757299.0,342141957.0,0.662,0.04
002500,山西证券,5.3,5.3,5.31,5.35,5.34,5.34,5.24,18839320.0,99554706.0,-0.935,-0.05
002501,*ST利源,1.31,1.31,1.32,1.32,1.31,1.33,1.27,28535202.0,37369144.0,-0.758,-0.01
002506,协鑫集成,2.7,2.7,2.71,2.62,2.62,2.79,2.58,324863699.0,879959233.0,3.053,0.08
002507,涪陵榨菜,11.02,11.02,11.03,10.99,11.0,11.09,10.86,7305200.0,80314093.0,0.273,0.03
002508,老板电器,15.15,15.14,15.15,14.91,14.86,15.32,14.65,5542601.0,83472979.0,1.61,0.24
002510,天汽模,5.36,5.35,5.36,5.25,5.2,5.43,5.18,23625100.0,125762307.0,2.095,0.11
002511,中顺洁柔,6.98,6.98,6.99,6.94,6.93,7.08,6.86,10582899.0,73863454.0,0.576,0.04
002512,ST达华,3.57,3.56,3.57,3.44,3.38,3.72,3.38,42587741.0,151766863.0,3.779,0.13
002513,蓝丰生化,4.88,4.88,4.89,4.81,4.76,4.98,4.71,15189100.0,73896553.0,1.455,0.07
002514,*ST宝馨,2.03,2.02,2.03,1.93,1.9,2.04,1.87,40682809.0,79877714.0,5.181,0.1
002515,金字火腿,8.39,8.39,8.4,8.83,8.92,9.2,8.39,63854229.0,557481211.0,-4.983,-0.44
002516,旷达科技,5.25,5.25,5.26,5.23,5.24,5.49,5.21,18558900.0,99555954.0,0.382,0.02
002517,恺英网络,16.92,16.91,16.92,16.35,16.16,17.48,15.9,110242854.0,1851307481.0,3.486,0.57
002518,科士达,40.99,40.98,40.99,42.29,42.29,43.17,40.97,12802157.0,539284054.0,-3.074,-1.3
002519,银河电子,5.98,5.98,5.99,5.47,5.49,6.02,5.38,117363762.0,690928892.0,9.324,0.51
002520,日发精机,6.72,6.72,6.73,6.67,6.6,6.98,6.54,88226064.0,595875067.0,0.75,0.05
002521,齐峰新材,6.7,6.69,6.7,7.11,7.0,7.1,6.67,12113499.0,82587150.0,-5.767,-0.41
002522,浙江众成,5.2,5.2,5.21,5.36,5.31,5.43,5.2,45750907.0,243430237.0,-2.985,-0.16
002523,天桥起重,2.99,2.99,3.0,2.94,2.94,3.05,2.88,18119316.0,54065226.0,1.701,0.05
002524,光正眼科,3.78,3.78,0.0,3.44,3.43,3.78,3.36,34531647.0,126794128.0,9.884,0.34
002526,山东矿机,2.58,2.57,2.58,2.51,2.51,2.64,2.49,33395815.0,86028708.0,2.789,0.07
002527,新时达,11.52,11.51,11.52,11.78,11.46,12.05,11.2,22839002.0,266167148.0,-2.207,-0.26
002528,*ST英飞,4.43,4.42,4.43,4.44,4.46,4.48,4.39,4852000.0,21491447.0,-0.225,-0.01
002529,海源复材,6.77,6.76,6.78,6.73,6.75,6.89,6.6,5452100.0,36960313.0,0.594,0.04
002530,金财互联,6.71,6.71,6.72,6.58,6.53,6.86,6.53,16266296.0,109652022.0,1.976,0.13
002531,天顺风能,7.56,7.56,7.57,7.52,7.48,7.73,7.38,38535708.0,291792333.0,0.532,0.04
002532,天山铝业,11.17,11.17,11.18,10.67,10.74,11.51,10.61,139996090.0,1556972342.0,4.686,0.5
002533,金杯电工,10.53,10.52,10.53,10.47,10.47,10.71,10.33,7661366.0,80750785.0,0.573,0.06
002534,西子洁能,17.51,17.51,17.52,16.99,16.85,17.94,16.82,27842643.0,486581558.0,3.061,0.52
002535,林州重机,2.3,2.3,2.31,2.22,2.23,2.36,2.16,21167940.0,48536735.0,3.604,0.08
002536,飞龙股份,52.84,52.84,52.85,52.69,54.09,57.27,52.1,55325083.0,3015272769.0,0.285,0.15
002537,海联金汇,5.35,5.35,5.36,5.28,5.27,5.47,5.2,27796484.0,149440393.0,1.326,0.07
002538,ST司特,6.11,6.11,6.12,6.22,6.21,6.24,6.07,12368791.0,75904181.0,-1.768,-0.11
002539,云图控股,10.21,10.21,10.22,10.59,10.5,10.63,10.2,25385000.0,264168303.0,-3.588,-0.38
002540,亚太科技,4.76,4.76,4.77,4.73,4.72,4.85,4.62,9649850.0,45748032.0,0.634,0.03
002541,鸿路钢构,19.66,19.6,19.66,18.87,18.79,19.98,18.19,12116482.0,234518500.0,4.187,0.79
002542,*ST中岩,1.39,1.39,1.4,1.38,1.34,1.41,1.3,46780900.0,63905203.0,0.725,0.01
002543,万和电气,6.48,6.48,6.49,6.35,6.34,6.52,6.23,5650313.0,36368566.0,2.047,0.13
002544,普天科技,18.87,18.87,0.0,17.15,17.16,18.87,16.81,23369945.0,423591082.0,10.029,1.72
002545,东方铁塔,16.53,16.53,16.54,16.61,16.6,17.05,16.25,18083600.0,301631726.0,-0.482,-0.08
002546,新联电子,7.69,7.68,7.69,7.88,7.73,7.84,7.52,48378940.0,369775593.0,-2.411,-0.19
002547,*ST春兴,2.53,2.52,2.53,2.5,2.44,2.6,2.43,28881501.0,73053685.0,1.2,0.03
002548,金新农,4.19,4.19,0.0,3.81,3.78,4.19,3.71,42757510.0,171963737.0,9.974,0.38
002549,凯美特气,16.31,16.31,16.32,16.68,16.53,17.01,16.3,47323097.0,787939556.0,-2.218,-0.37
002550,千红制药,6.87,6.86,6.87,6.52,6.47,6.95,6.38,43660339.0,294804703.0,5.368,0.35
002551,尚荣医疗,2.88,2.88,2.89,2.78,2.78,2.93,2.73,17420800.0,50059980.0,3.597,0.1
002552,宝鼎科技,60.34,60.32,60.34,64.54,68.0,70.99,60.05,34521330.0,2327191918.0,-6.508,-4.2
002553,南方精工,15.8,15.8,15.81,15.22,15.26,16.25,15.12,11094364.0,174949245.0,3.811,0.58
002554,惠博普,3.02,3.01,3.02,2.96,2.93,3.07,2.86,39891691.0,119497545.0,2.027,0.06
002555,三七互娱,19.18,19.18,19.19,18.72,18.51,19.6,18.11,69212041.0,1315645416.0,2.457,0.46
002556,辉隆股份,4.59,4.59,4.6,4.52,4.53,4.65,4.45,7406022.0,33924637.0,1.549,0.07
002557,洽洽食品,19.8,19.8,19.81,19.6,19.51,19.91,19.2,5864543.0,115252176.0,1.02,0.2
002558,巨人网络,29.56,29.55,29.56,28.32,27.9,29.88,27.4,145541103.0,4206352830.0,4.379,1.24
002559,亚威股份,11.79,11.78,11.79,11.96,12.5,13.16,11.78,108033550.0,1353105392.0,-1.421,-0.17
002560,通达股份,6.86,6.86,6.87,6.81,6.8,7.1,6.75,31833580.0,220633180.0,0.734,0.05
002561,徐家汇,6.42,6.42,6.43,6.31,6.25,6.57,6.22,6214700.0,39936741.0,1.743,0.11
002562,兄弟科技,4.3,4.3,4.31,4.24,4.24,4.4,4.17,21824219.0,94129304.0,1.415,0.06
002563,森马服饰,5.54,5.53,5.54,5.58,5.58,5.6,5.49,14225958.0,78675449.0,-0.717,-0.04
002564,天沃科技,4.33,4.33,4.34,4.21,4.2,4.46,4.13,21508800.0,93422792.0,2.85,0.12
002565,顺灏股份,11.15,11.15,11.16,10.67,10.62,11.74,10.55,105866043.0,1198166232.0,4.499,0.48
002566,益盛药业,6.11,6.1,6.11,5.99,5.97,6.26,5.83,7820100.0,47799957.0,2.003,0.12
002567,唐人神,3.61,3.6,3.61,3.51,3.53,3.64,3.45,24049561.0,86014980.0,2.849,0.1
002568,百润股份,17.29,17.29,17.3,16.0,16.33,17.55,16.23,23702736.0,401963012.0,8.063,1.29
002569,*ST步森,14.52,14.48,14.52,14.45,14.57,14.69,14.21,1032750.0,14964116.0,0.484,0.07
002570,贝因美,4.02,4.02,4.03,3.93,3.9,4.07,3.85,24011548.0,96085856.0,2.29,0.09
002571,德力股份,10.41,10.41,10.42,10.19,10.22,10.61,10.1,7569700.0,78961295.0,2.159,0.22
002572,索菲亚,7.69,7.67,7.69,7.5,7.5,7.74,7.36,11298411.0,86075581.0,2.533,0.19
002573,清新环境,3.1,3.1,3.11,3.07,3.07,3.14,3.01,8630160.0,26690561.0,0.977,0.03
002574,明牌珠宝,4.29,4.29,4.3,4.22,4.21,4.45,4.13,16776040.0,72716422.0,1.659,0.07
002575,群兴玩具,4.87,4.87,4.88,4.68,4.64,5.02,4.56,44941879.0,217078557.0,4.06,0.19
002576,通达动力,13.92,13.91,13.92,13.78,13.76,14.2,13.58,3488049.0,48638320.0,1.016,0.14
002577,雷柏科技,18.48,18.47,18.48,18.87,18.78,19.3,18.48,3893469.0,73847154.0,-2.067,-0.39
002578,闽发铝业,3.03,3.03,3.04,2.96,2.93,3.11,2.89,33213300.0,100731135.0,2.365,0.07
002579,中京电子,17.74,17.73,17.74,18.06,18.61,19.41,17.72,126296628.0,2369229574.0,-1.772,-0.32
002580,圣阳股份,18.38,18.38,18.39,17.83,17.95,18.98,17.74,48672132.0,896213778.0,3.085,0.55
002581,*ST未名,3.3,3.3,3.31,3.23,3.22,3.33,3.1,6246339.0,20229349.0,2.167,0.07
002582,好想你,8.85,8.84,8.85,8.62,8.55,8.91,8.48,14278600.0,125087073.0,2.668,0.23
002583,海能达,8.24,8.24,8.25,8.07,8.07,8.42,7.99,29080166.0,239104685.0,2.107,0.17
002584,西陇科学,8.76,8.76,8.77,9.12,8.95,9.41,8.76,81294800.0,735561118.0,-3.947,-0.36
002585,双星新材,9.99,9.98,9.99,10.57,10.6,10.81,9.98,73000230.0,760260968.0,-5.487,-0.58
002586,ST围海,3.95,3.94,3.95,3.69,3.7,3.97,3.64,7742800.0,29724477.0,7.046,0.26
002587,奥拓电子,5.86,5.86,5.87,5.9,5.81,6.0,5.77,25805699.0,152360913.0,-0.678,-0.04
002588,史丹利,8.14,8.14,8.15,8.16,8.07,8.23,7.95,10656608.0,86290077.0,-0.245,-0.02
002589,瑞康医药,2.64,2.64,2.65,2.57,2.54,2.69,2.51,50173990.0,132102457.0,2.724,0.07
002590,万安科技,9.55,9.55,9.56,9.58,9.58,9.77,9.44,8244799.0,79046408.0,-0.313,-0.03
002591,恒大高新,6.18,6.18,6.2,6.13,6.13,6.35,6.03,14670100.0,91433049.0,0.816,0.05
002592,ST八菱,6.23,6.22,6.23,6.1,6.06,6.29,5.97,3706900.0,22868164.0,2.131,0.13
002593,日上集团,4.09,4.09,4.1,3.99,3.98,4.15,3.88,16199400.0,65635516.0,2.506,0.1
002594,比亚迪,90.0,89.99,90.0,86.87,86.84,90.83,84.88,70933247.0,6283278804.0,3.603,3.13
002595,豪迈科技,45.77,45.77,45.79,45.7,45.84,46.4,44.0,5708196.0,260623567.0,0.153,0.07
002596,海南瑞泽,2.85,2.85,2.86,2.77,2.77,2.91,2.7,29380822.0,83645071.0,2.888,0.08
002597,金禾实业,19.59,19.58,19.59,19.2,19.2,20.0,18.86,7659224.0,149010569.0,2.031,0.39
002598,ST章鼓,6.8,6.8,6.81,6.6,6.65,6.86,6.5,3679300.0,24698524.0,3.03,0.2
002599,盛通股份,5.3,5.3,5.31,5.23,5.2,5.42,5.15,11084100.0,59107391.0,1.338,0.07
002600,领益智造,15.16,15.16,15.17,15.6,15.54,16.15,15.16,234048388.0,3662716015.0,-2.821,-0.44
002601,龙佰集团,16.0,16.0,16.01,15.82,15.8,16.2,15.47,21916244.0,348096982.0,1.138,0.18
002602,世纪华通,14.04,14.04,14.05,13.89,13.77,14.53,13.54,149871949.0,2109555897.0,1.08,0.15
002603,以岭药业,15.51,15.51,15.55,15.19,15.17,15.79,14.96,23366861.0,362702455.0,2.107,0.32
002605,姚记科技,20.41,20.4,20.41,19.55,19.55,20.42,19.15,20098500.0,400882278.0,4.399,0.86
002606,大连电瓷,13.7,13.7,0.0,12.45,13.7,13.7,13.67,12919605.0,176997956.0,10.04,1.25
002607,中公教育,1.9,1.89,1.9,1.88,1.82,1.93,1.81,268772273.0,504989828.0,1.064,0.02
002608,江苏国信,6.83,6.82,6.83,6.77,6.76,6.91,6.69,23929402.0,163335663.0,0.886,0.06
002609,捷顺科技,7.33,7.33,7.34,7.18,7.15,7.5,7.09,8223166.0,60613240.0,2.089,0.15
002611,东方精工,17.31,17.3,17.31,17.28,17.29,17.49,17.11,20194318.0,349331543.0,0.174,0.03
002612,朗姿股份,11.13,11.13,11.14,10.88,10.88,11.25,10.73,6027551.0,66893796.0,2.298,0.25
002613,北玻股份,3.33,3.32,3.33,3.3,3.3,3.41,3.28,43625700.0,146474571.0,0.909,0.03
002614,奥佳华,4.56,4.56,4.57,4.5,4.5,4.67,4.43,9659804.0,44320215.0,1.333,0.06
002615,哈尔斯,7.38,7.38,7.39,7.11,7.13,7.82,6.98,28595000.0,215488976.0,3.797,0.27
002616,长青集团,4.64,4.64,4.65,4.67,4.67,4.72,4.53,11239888.0,52217973.0,-0.642,-0.03
002617,露笑科技,8.44,0.0,8.44,9.38,9.53,9.55,8.44,327248843.0,2939208489.0,-10.021,-0.94
002620,*ST瑞和,5.26,5.26,5.27,5.27,5.24,5.38,5.15,7908675.0,41588043.0,-0.19,-0.01
002622,皓宸医疗,2.16,2.16,2.17,2.07,2.07,2.22,2.01,37841000.0,81457703.0,4.348,0.09
002623,亚玛顿,16.23,16.23,0.0,14.75,14.89,16.23,14.75,5579231.0,88501955.0,10.034,1.48
002624,完美世界,11.38,11.38,11.39,11.03,10.89,11.7,10.72,117790548.0,1333000231.0,3.173,0.35
002625,光启技术,29.86,29.85,29.86,29.56,29.41,31.22,28.95,44946264.0,1354406772.0,1.015,0.3
002626,金达威,13.69,13.68,13.69,13.64,13.6,13.98,13.4,3922783.0,53783684.0,0.367,0.05
002627,三峡旅游,5.71,5.7,5.71,5.67,5.63,5.83,5.55,14459061.0,82791852.0,0.705,0.04
002628,成都路桥,5.17,5.17,5.18,5.27,5.32,5.39,5.17,24580100.0,128927608.0,-1.898,-0.1
002629,仁智股份,4.56,4.56,4.57,4.37,4.35,4.75,4.29,21379700.0,97678578.0,4.348,0.19
002630,*ST华西,1.68,1.67,1.68,1.67,1.66,1.7,1.63,11294443.0,18800633.0,0.599,0.01
002631,德尔未来,9.68,9.67,9.68,9.62,9.64,9.9,9.52,28486881.0,276849076.0,0.624,0.06
002632,道明光学,8.9,8.89,8.9,9.15,9.04,9.2,8.66,36232460.0,322650269.0,-2.732,-0.25
002633,申科股份,15.04,15.03,15.04,14.8,14.88,15.49,14.53,2248301.0,33934597.0,1.622,0.24
002634,*ST棒杰,4.3,4.3,4.31,4.32,4.29,4.37,4.24,4818200.0,20795792.0,-0.463,-0.02
002635,安洁科技,17.36,17.36,17.37,17.81,17.76,18.27,17.35,42304891.0,753879957.0,-2.527,-0.45
002636,金安国纪,96.64,96.64,96.66,99.56,100.57,109.51,96.2,42756212.0,4384335000.0,-2.933,-2.92
002637,赞宇科技,10.67,10.67,10.68,10.37,10.27,10.88,10.09,15465014.0,162623570.0,2.893,0.3
002638,勤上股份,3.88,3.88,3.89,3.84,3.8,3.93,3.75,29575449.0,114310219.0,1.042,0.04
002639,雪人集团,12.59,12.58,12.59,12.17,12.17,12.92,12.05,43966944.0,551427966.0,3.451,0.42
002640,跨境通,2.93,2.92,2.93,2.84,2.82,2.99,2.77,88601800.0,258525068.0,3.169,0.09
002641,公元股份,4.09,4.08,4.09,4.02,4.01,4.17,4.0,14506224.0,59242467.0,1.741,0.07
002642,荣联科技,6.84,6.84,6.85,7.13,6.99,7.0,6.76,34998442.0,240954424.0,-4.067,-0.29
002643,万润股份,17.92,17.92,17.93,19.14,19.09,19.58,17.92,40070955.0,750063737.0,-6.374,-1.22
002644,佛慈制药,7.21,7.2,7.21,7.15,7.15,7.35,7.04,3801500.0,27511970.0,0.839,0.06
002645,华宏科技,22.16,22.16,22.17,22.46,22.49,23.38,22.12,30492848.0,694023129.0,-1.336,-0.3
002646,天佑德酒,6.45,6.45,6.46,6.25,6.31,6.56,6.16,7345403.0,47156878.0,3.2,0.2
002647,仁东控股,11.65,11.65,11.66,12.12,12.07,12.34,11.58,43664090.0,524123894.0,-3.878,-0.47
002648,卫星化学,22.68,22.67,22.68,22.74,22.7,23.15,22.22,53558963.0,1219160894.0,-0.264,-0.06
002649,博彦科技,8.26,8.26,8.27,8.16,8.12,8.44,8.05,11422643.0,94888373.0,1.225,0.1
002650,ST加加,6.07,6.07,6.09,6.07,6.14,6.19,6.02,2421500.0,14740882.0,0.0,0.0
002651,利君股份,7.56,7.56,7.57,7.37,7.37,7.77,7.22,9708300.0,73429687.0,2.578,0.19
002652,扬子新材,4.13,4.13,4.14,4.27,4.25,4.31,4.07,46406300.0,194836749.0,-3.279,-0.14
002653,海思科,69.33,69.33,69.34,69.03,67.41,71.7,66.71,18785281.0,1310161930.0,0.435,0.3
002654,万润科技,17.76,17.75,17.76,18.45,18.76,19.25,17.76,65378762.0,1213988210.0,-3.74,-0.69
002655,共达电声,36.77,36.77,36.78,38.8,38.81,39.68,36.71,18935879.0,727063609.0,-5.232,-2.03
002656,*ST摩登,2.85,2.84,2.85,2.84,2.82,2.9,2.78,7029600.0,20010229.0,0.352,0.01
002657,中科金财,16.38,16.38,16.39,15.03,15.1,16.53,14.7,38398298.0,617091704.0,8.982,1.35
002658,雪迪龙,7.28,7.28,7.29,7.27,7.3,7.42,7.2,5951337.0,43607419.0,0.138,0.01
002659,凯文教育,3.96,3.96,3.97,3.78,3.75,4.11,3.68,22404600.0,88309389.0,4.762,0.18
002660,茂硕电源,6.46,6.45,6.46,6.3,6.26,6.61,6.17,6388703.0,41285972.0,2.54,0.16
002661,克明食品,7.23,7.23,7.25,7.16,7.15,7.33,7.05,3581372.0,25898367.0,0.978,0.07
002662,峰璟股份,3.35,3.35,3.36,3.45,3.41,3.42,3.31,23656597.0,79668997.0,-2.899,-0.1
002663,普邦股份,1.49,1.48,1.49,1.43,1.42,1.53,1.4,53873341.0,79548470.0,4.196,0.06
002664,信质集团,17.71,17.71,17.72,17.4,17.39,18.19,17.3,7575800.0,134920593.0,1.782,0.31
002666,德联集团,3.88,3.88,3.89,3.82,3.83,3.97,3.77,13033600.0,50592140.0,1.571,0.06
002667,*ST威领,11.25,11.25,11.26,11.6,11.8,12.25,11.23,27451900.0,323449468.0,-3.017,-0.35
002668,TCL智家,10.48,10.47,10.48,10.57,10.54,10.71,10.31,19650000.0,205921706.0,-0.851,-0.09
002669,康达新材,13.54,13.54,13.55,13.95,13.99,14.34,13.51,23474501.0,327491640.0,-2.939,-0.41
002670,国盛证券,11.56,11.55,11.56,11.87,11.8,11.8,11.43,24557475.0,284984626.0,-2.612,-0.31
002671,龙泉股份,3.88,3.88,3.89,3.78,3.77,3.93,3.72,18385900.0,71074953.0,2.646,0.1
002672,东江环保,3.41,3.4,3.41,3.34,3.34,3.48,3.22,17667227.0,60223207.0,2.096,0.07
002673,西部证券,6.51,6.5,6.51,6.57,6.56,6.58,6.46,24617283.0,160429432.0,-0.913,-0.06
002674,兴业科技,30.8,30.79,30.8,30.81,29.5,31.7,29.0,31965757.0,961602357.0,-0.032,-0.01
002675,东诚药业,12.83,12.82,12.83,12.37,12.31,12.92,12.25,13045699.0,165561722.0,3.719,0.46
002676,顺威股份,4.99,4.99,5.0,4.93,4.91,5.1,4.8,13961100.0,69566693.0,1.217,0.06
002677,浙江美大,7.23,0.0,0.0,7.23,0.0,0.0,0.0,0.0,0.0,0.0,0.0
002678,珠江钢琴,4.27,4.27,4.28,4.21,4.18,4.34,4.13,10562600.0,45130685.0,1.425,0.06
002679,福建金森,8.07,8.07,8.08,7.88,7.88,8.21,7.76,3804799.0,30663644.0,2.411,0.19
002681,奋达科技,4.98,4.98,0.0,4.53,4.57,4.98,4.55,84521493.0,412973055.0,9.934,0.45
002682,龙洲股份,4.3,4.3,4.31,4.2,4.2,4.44,4.1,23841560.0,102688733.0,2.381,0.1
002683,广东宏大,28.61,28.61,28.64,28.34,28.38,29.79,27.9,9774102.0,282300157.0,0.953,0.27
002685,华东重机,5.82,5.81,5.82,5.62,5.59,6.05,5.56,49008559.0,286187981.0,3.559,0.2
002686,亿利达,5.32,5.32,5.33,5.31,5.26,5.47,5.26,8659003.0,46732262.0,0.188,0.01
002687,乔治白,5.85,5.85,5.86,5.33,5.4,5.86,5.25,42021378.0,239545066.0,9.756,0.52
002688,金河生物,4.91,4.9,4.91,4.88,4.88,4.97,4.77,8362500.0,40901684.0,0.615,0.03
002689,ST远智,2.64,2.63,2.64,2.59,2.59,2.68,2.53,6071090.0,15903375.0,1.931,0.05
002690,美亚光电,14.36,14.36,14.39,14.52,14.58,14.58,14.06,6965836.0,99749243.0,-1.102,-0.16
002691,*ST冀凯,4.16,4.15,4.16,4.1,4.08,4.22,3.97,2422302.0,9947563.0,1.463,0.06
002692,远程股份,3.78,3.78,3.79,3.64,3.64,3.89,3.55,18544700.0,70040860.0,3.846,0.14
002693,双成药业,10.45,10.45,0.0,9.5,9.41,10.45,9.31,57385822.0,587879517.0,10.0,0.95
002694,*ST顾地,2.14,2.13,2.14,2.1,2.11,2.16,2.05,3366000.0,7145736.0,1.905,0.04
002695,煌上煌,10.58,10.56,10.58,10.44,10.44,10.79,10.39,5993812.0,63503803.0,1.341,0.14
002696,百洋股份,5.38,5.37,5.38,5.19,5.17,5.47,5.08,14155600.0,75590469.0,3.661,0.19
002697,红旗连锁,4.42,4.41,4.42,4.35,4.35,4.44,4.3,14138029.0,62028035.0,1.609,0.07
002698,博实股份,12.49,12.49,12.5,12.24,12.17,13.0,12.0,20370394.0,255869411.0,2.042,0.25
002700,万憬能源,5.73,5.73,5.74,5.69,5.66,5.9,5.61,11281752.0,65012020.0,0.703,0.04
002701,奥瑞金,4.6,4.6,4.61,4.6,4.58,4.66,4.52,25049641.0,115145089.0,0.0,0.0
002702,海欣食品,4.53,4.53,4.54,4.39,4.39,4.61,4.32,19881840.0,89737697.0,3.189,0.14
002703,浙江世宝,13.47,13.47,13.48,13.32,13.32,13.79,13.25,22063603.0,299086014.0,1.126,0.15
002705,新宝股份,11.23,11.23,11.24,11.04,11.06,11.39,10.9,6130449.0,68410928.0,1.721,0.19
002706,良信股份,10.18,10.17,10.18,9.83,9.84,10.64,9.79,32677059.0,336737004.0,3.561,0.35
002707,众信旅游,4.85,4.85,4.86,4.74,4.7,4.95,4.65,23033536.0,111511610.0,2.321,0.11
002708,光洋股份,11.3,11.29,11.3,11.32,11.3,11.77,11.18,23389020.0,267931036.0,-0.177,-0.02
002709,天赐材料,40.06,40.06,40.07,41.46,43.54,44.34,39.9,135428467.0,5708737280.0,-3.377,-1.4
002712,思美传媒,4.31,4.31,4.32,4.16,4.12,4.41,4.06,21433420.0,92148704.0,3.606,0.15
002713,*ST东易,10.97,10.96,10.97,10.88,10.88,11.3,10.73,10594200.0,117464352.0,0.827,0.09
002714,牧原股份,38.14,38.14,38.15,37.11,36.74,38.46,36.01,86220786.0,3244878734.0,2.776,1.03
002715,登云股份,14.45,14.43,14.45,14.0,14.08,14.69,13.44,6727101.0,94567783.0,3.214,0.45
002716,湖南白银,7.93,7.93,7.94,7.81,7.91,8.14,7.7,119593269.0,948955594.0,1.536,0.12
002717,*ST岭南,1.02,1.02,1.03,1.01,1.0,1.04,0.99,59611450.0,60103120.0,0.99,0.01
002718,友邦吊顶,104.03,104.03,104.05,103.11,104.82,106.71,102.68,1052600.0,110317424.0,0.892,0.92
002719,ST麦趣,5.83,5.82,5.83,5.56,5.48,5.95,5.36,7717680.0,43937265.0,4.856,0.27
002721,金一文化,2.27,2.26,2.27,2.22,2.22,2.31,2.17,53281024.0,120248659.0,2.252,0.05
002722,物产金轮,12.1,12.07,12.1,12.05,12.06,12.29,11.86,3753738.0,45466254.0,0.415,0.05
002723,小崧股份,8.58,8.58,8.59,8.44,8.5,8.89,8.34,9255840.0,80288454.0,1.659,0.14
002724,海洋王,4.9,4.9,4.91,4.77,4.75,5.03,4.69,9209400.0,45103038.0,2.725,0.13
002725,跃岭股份,11.53,11.53,11.54,11.68,11.58,11.8,11.39,7720000.0,89383294.0,-1.284,-0.15
002726,ST龙大,1.58,1.57,1.58,1.52,1.53,1.64,1.49,120668636.0,188859399.0,3.947,0.06
002727,一心堂,10.12,10.12,10.15,10.05,10.11,10.29,9.9,6570582.0,66614718.0,0.697,0.07
002728,特一药业,9.56,9.56,9.57,9.18,9.13,9.56,8.96,34411387.0,322391747.0,4.139,0.38
002729,好利科技,14.19,14.19,14.2,14.59,14.55,14.71,14.17,8529952.0,123401248.0,-2.742,-0.4
002730,电光科技,28.1,28.08,28.1,26.15,26.42,28.77,26.2,21681600.0,601307106.0,7.457,1.95
002731,*ST萃华,2.86,0.0,2.86,3.18,2.86,2.86,2.86,1003200.0,2869152.0,-10.063,-0.32
002732,燕塘乳业,12.75,12.75,12.76,12.5,12.5,12.93,12.28,1361531.0,17300594.0,2.0,0.25
002733,雄韬股份,23.31,23.31,23.32,23.05,23.55,24.54,23.06,24438622.0,585161257.0,1.128,0.26
002734,利民股份,15.65,15.65,15.66,15.82,15.76,15.98,15.57,10738497.0,169644917.0,-1.075,-0.17
002735,王子新材,12.59,12.59,12.6,12.41,12.41,13.05,12.34,22892620.0,292223539.0,1.45,0.18
002736,国信证券,10.05,10.05,10.06,10.26,10.22,10.23,10.0,35260727.0,355878416.0,-2.047,-0.21
002737,葵花药业,12.53,12.52,12.53,12.41,12.41,12.72,12.2,5586867.0,69845058.0,0.967,0.12
002738,中矿资源,51.8,51.79,51.8,53.19,52.93,54.94,51.66,34708925.0,1840686283.0,-2.613,-1.39
002739,儒意电影,10.43,10.43,10.44,9.68,9.69,10.6,9.65,188480634.0,1938597587.0,7.748,0.75
002741,光华科技,30.42,30.41,30.42,32.5,33.15,33.33,30.42,36639633.0,1166756400.0,-6.4,-2.08
002742,冀衡医药,3.69,3.69,3.7,3.48,3.46,3.74,3.41,17624936.0,63933140.0,6.034,0.21
002743,富煌钢构,3.96,3.95,3.96,3.82,3.83,4.08,3.77,10938300.0,43419193.0,3.665,0.14
002745,木林森,12.84,12.84,12.85,12.72,13.66,13.98,12.76,188325420.0,2505063727.0,0.943,0.12
002746,仙坛股份,5.32,5.32,5.33,5.27,5.29,5.37,5.19,8820587.0,46803143.0,0.949,0.05
002747,埃斯顿,42.78,42.78,42.79,41.53,40.34,43.98,40.3,150968243.0,6376657799.0,3.01,1.25
002748,世龙实业,11.22,11.21,11.22,11.85,11.8,11.99,11.16,10609400.0,122450183.0,-5.316,-0.63
002749,国光股份,7.97,7.96,7.97,7.86,7.89,8.08,7.79,2816775.0,22438267.0,1.399,0.11
002752,昇兴股份,6.17,6.16,6.17,6.17,6.14,6.28,6.06,13988982.0,86637923.0,0.0,0.0
002753,永东股份,5.93,5.93,5.94,5.93,5.92,6.05,5.81,3217729.0,19187137.0,0.0,0.0
002755,奥赛康,14.75,14.75,14.76,14.27,14.27,15.03,13.96,13510156.0,197640479.0,3.364,0.48
002756,永兴材料,48.26,48.26,48.27,50.77,49.98,50.66,48.2,21222034.0,1043988695.0,-4.944,-2.51
002757,南兴股份,18.0,18.0,18.01,17.91,17.68,18.78,17.51,25687100.0,468379939.0,0.503,0.09
002758,浙农股份,7.55,7.54,7.55,7.4,7.48,7.57,7.37,4316000.0,32282372.0,2.027,0.15
002759,天际股份,21.08,21.08,21.09,21.05,21.01,21.7,20.98,26959527.0,573578713.0,0.143,0.03
002760,凤形股份,16.54,16.54,16.55,16.3,16.34,16.95,16.01,3230300.0,53649798.0,1.472,0.24
002761,浙江建投,6.94,6.94,6.95,6.9,6.91,7.02,6.8,12252209.0,84824205.0,0.58,0.04
002762,金发拉比,8.03,8.02,8.03,8.11,8.34,8.34,7.94,2678903.0,21507750.0,-0.986,-0.08
002763,汇洁股份,6.97,6.97,6.98,6.92,6.9,7.08,6.84,5050780.0,35253112.0,0.723,0.05
002765,蓝黛科技,7.37,7.37,7.38,7.26,7.27,7.52,7.18,14038410.0,103463553.0,1.515,0.11
002766,索菱股份,3.57,3.56,3.57,3.48,3.48,3.65,3.42,22891000.0,81621054.0,2.586,0.09
002767,先锋电子,18.2,18.2,18.21,18.66,18.45,18.8,18.2,5890200.0,108842194.0,-2.465,-0.46
002768,国恩股份,56.85,56.84,56.85,59.55,59.39,60.49,56.0,14773492.0,860275792.0,-4.534,-2.7
002769,普路通,6.49,6.48,6.49,6.38,6.37,6.63,6.24,7683300.0,50040460.0,1.724,0.11
002771,真视通,13.2,13.19,13.2,13.32,13.21,13.95,13.11,12512700.0,168242582.0,-0.901,-0.12
002772,众兴菌业,12.72,12.72,12.73,12.6,12.45,13.05,12.2,11595300.0,146824139.0,0.952,0.12
002773,康弘药业,22.31,22.31,22.32,21.88,21.66,22.96,21.35,16176354.0,362337742.0,1.965,0.43
002774,快意电梯,15.9,15.9,0.0,14.45,14.59,15.9,14.23,8546403.0,131868414.0,10.035,1.45
002775,文科股份,3.24,3.23,3.24,3.16,3.17,3.33,3.13,12688940.0,41438592.0,2.532,0.08
002777,久远银海,12.37,12.36,12.37,12.08,12.0,12.52,11.86,8330771.0,102762752.0,2.401,0.29
002778,中晟高科,15.08,15.07,15.08,14.71,14.7,15.22,14.44,1957018.0,29373275.0,2.515,0.37
002779,中坚科技,75.0,75.0,75.14,76.18,76.14,78.21,75.0,2935500.0,224123076.0,-1.549,-1.18
002780,三夫户外,12.59,12.59,12.62,12.51,12.5,12.84,12.2,5578500.0,70159317.0,0.639,0.08
002782,可立克,17.4,17.38,17.4,17.75,17.72,18.02,17.37,11810763.0,209262431.0,-1.972,-0.35
002783,凯龙股份,7.05,7.04,7.05,7.0,6.95,7.15,6.88,6633012.0,46672641.0,0.714,0.05
002785,万里石,36.43,36.4,36.43,36.92,36.55,37.89,36.43,6516966.0,242338917.0,-1.327,-0.49
002786,银宝山新,7.59,7.59,7.6,7.56,7.56,7.77,7.48,7615973.0,58235073.0,0.397,0.03
002787,华源控股,27.17,27.17,27.18,26.51,26.96,29.0,26.08,20021500.0,556260268.0,2.49,0.66
002788,鹭燕医药,10.28,10.28,10.29,9.75,9.75,10.45,9.66,23265964.0,236363329.0,5.436,0.53
002789,*ST建艺,10.21,10.21,10.25,10.38,10.39,10.5,10.17,2096200.0,21641065.0,-1.638,-0.17
002790,瑞尔特,5.54,5.54,5.56,5.45,5.4,5.68,5.31,4514300.0,25078349.0,1.651,0.09
002791,坚朗五金,15.17,15.16,15.17,14.59,14.44,15.65,14.05,10679207.0,158623250.0,3.975,0.58
002792,通宇通讯,34.4,34.4,34.41,32.77,32.78,36.05,32.65,39930935.0,1388074033.0,4.974,1.63
002793,罗欣药业,4.6,4.6,4.61,4.51,4.44,4.75,4.41,52002978.0,240104772.0,1.996,0.09
002795,永和智控,6.45,6.45,6.46,6.36,6.2,6.6,6.2,18602398.0,119857936.0,1.415,0.09
002796,世嘉科技,33.51,33.51,33.52,33.65,33.92,34.71,33.51,10527234.0,358585430.0,-0.416,-0.14
002797,第一创业,6.48,6.48,6.49,6.56,6.55,6.55,6.42,49773294.0,322697407.0,-1.22,-0.08
002798,帝欧水华,5.17,5.17,5.18,5.33,5.29,5.34,5.15,11723557.0,61374342.0,-3.002,-0.16
002799,环球印务,6.09,6.09,6.1,5.95,5.92,6.2,5.84,5206200.0,31645371.0,2.353,0.14
002800,天顺股份,12.82,12.82,12.83,12.18,12.18,13.0,11.98,3655588.0,46535460.0,5.255,0.64
002801,微光股份,28.18,28.17,28.18,27.61,27.61,28.67,27.31,1972700.0,55565488.0,2.064,0.57
002802,洪汇新材,10.59,10.59,10.6,10.29,10.33,10.89,9.99,4053650.0,42938151.0,2.915,0.3
002803,吉宏股份,22.81,22.81,22.84,23.42,23.81,24.24,22.7,10217392.0,240645942.0,-2.605,-0.61
002805,丰元股份,22.07,22.07,22.08,23.48,23.82,23.89,22.02,20135270.0,459868904.0,-6.005,-1.41
002806,华锋股份,15.72,15.72,15.73,16.3,16.26,16.33,15.72,9639169.0,155001266.0,-3.558,-0.58
002807,江阴银行,3.86,3.86,3.87,3.88,3.88,3.9,3.83,26578411.0,102781238.0,-0.515,-0.02
002808,恒久退,0.21,0.21,0.0,0.19,0.19,0.21,0.19,11618975.0,2382516.0,10.526,0.02
002809,红墙股份,7.6,7.6,7.61,7.32,7.3,7.73,7.2,9449463.0,71458698.0,3.825,0.28
002810,山东赫达,20.65,20.65,20.66,21.2,21.16,21.52,20.65,11240010.0,235482161.0,-2.594,-0.55
002811,郑中设计,11.07,11.07,11.08,10.95,10.9,11.36,10.56,4047500.0,44799002.0,1.096,0.12
002812,恩捷股份,54.8,54.8,54.81,59.33,61.3,62.24,54.71,51674905.0,2941917802.0,-7.635,-4.53
002813,路畅科技,19.13,19.13,19.14,18.78,18.66,19.53,18.5,1317800.0,25223949.0,1.864,0.35
002815,崇达技术,18.08,18.08,18.09,17.15,17.7,18.87,17.68,175185413.0,3266486802.0,5.423,0.93
002816,*ST和科,28.97,28.97,28.98,28.83,28.85,29.98,28.59,2849100.0,84016442.0,0.486,0.14
002817,黄山胶囊,6.11,6.11,6.12,5.95,5.93,6.21,5.8,8355457.0,50696054.0,2.689,0.16
002818,富森美,10.43,10.42,10.43,10.37,10.37,10.52,10.26,2444520.0,25467264.0,0.579,0.06
002819,东方中科,20.74,20.73,20.74,20.22,20.22,21.25,19.96,3447300.0,71847234.0,2.572,0.52
002820,桂发祥,8.65,8.65,8.66,8.26,8.32,8.82,8.19,6063051.0,52082478.0,4.722,0.39
002821,凯莱英,165.41,165.41,165.42,161.23,159.0,171.54,156.5,15536742.0,2593572151.0,2.593,4.18
002822,ST中装,3.27,3.26,3.27,3.15,3.12,3.3,3.1,17679653.0,57352639.0,3.81,0.12
002823,凯中精密,13.78,13.78,13.79,13.74,13.72,14.13,13.62,6292784.0,87575426.0,0.291,0.04
002824,和胜股份,30.69,30.69,30.71,31.5,31.34,32.57,30.61,20323288.0,642126761.0,-2.571,-0.81
002825,纳尔股份,8.17,8.17,8.19,8.08,8.01,8.36,7.96,3207958.0,26401458.0,1.114,0.09
002826,易明医药,16.7,16.7,16.71,16.77,16.77,17.2,16.55,4473800.0,75542351.0,-0.417,-0.07
002827,高争民爆,22.86,22.85,22.86,22.55,22.39,23.23,22.2,3065045.0,70174662.0,1.375,0.31
002828,贝肯能源,13.48,13.48,0.0,12.25,11.49,13.48,11.49,45502385.0,590259563.0,10.041,1.23
002829,星网宇达,19.5,19.5,0.0,17.73,18.1,19.5,18.08,14912938.0,280119365.0,9.983,1.77
002830,名雕股份,16.41,16.4,16.41,16.95,16.26,17.18,16.25,9689020.0,162187619.0,-3.186,-0.54
002831,裕同科技,28.93,28.93,28.96,29.69,29.7,30.46,28.92,9606605.0,283800540.0,-2.56,-0.76
002832,比音勒芬,20.69,20.69,20.7,20.32,20.22,20.84,19.66,9040404.0,184983904.0,1.821,0.37
002833,弘亚数控,16.8,16.79,16.8,17.09,17.01,17.51,16.62,11325799.0,191996234.0,-1.697,-0.29
002835,同为股份,11.56,11.56,11.58,11.41,11.37,11.79,11.23,2507000.0,29077343.0,1.315,0.15
002836,新宏泽,9.28,9.28,9.29,9.09,9.03,9.48,8.93,2780700.0,25836424.0,2.09,0.19
002837,英维克,73.54,73.53,73.54,75.87,74.87,78.5,73.38,72001743.0,5495359760.0,-3.071,-2.33
002838,道恩股份,33.46,33.46,33.47,31.29,31.54,34.42,31.33,14020191.0,472700424.0,6.935,2.17
002839,张家港行,4.09,4.09,4.1,4.09,4.09,4.12,4.05,17538220.0,71704910.0,0.0,0.0
002840,华统股份,7.85,7.85,7.86,7.58,7.58,8.03,7.36,26988644.0,209673517.0,3.562,0.27
002841,视源股份,52.45,52.45,52.46,52.13,53.87,55.98,52.41,44704494.0,2425018408.0,0.614,0.32
002842,翔鹭钨业,35.35,35.35,35.36,36.3,36.06,37.33,35.29,32341944.0,1172185879.0,-2.617,-0.95
002843,泰嘉股份,23.3,23.3,23.31,23.3,23.31,24.19,22.98,18798383.0,446448973.0,0.0,0.0
002845,同兴达,15.56,15.56,15.57,16.05,17.48,17.5,15.56,51588807.0,844329846.0,-3.053,-0.49
002846,英联股份,9.88,9.88,9.89,9.94,9.92,10.1,9.78,5265020.0,52454080.0,-0.604,-0.06
002847,盐津铺子,45.01,45.01,45.04,44.33,44.2,45.56,43.43,2927700.0,130866463.0,1.534,0.68
002848,高斯贝尔,13.8,13.79,13.8,13.84,13.85,14.02,13.65,6629600.0,91768418.0,-0.289,-0.04
002849,威星智能,14.96,14.95,14.96,15.24,15.14,15.68,14.88,9011461.0,137703417.0,-1.837,-0.28
002850,科达利,200.45,200.45,200.53,200.29,201.9,208.46,198.33,8739303.0,1782374175.0,0.08,0.16
002851,麦格米特,161.79,161.78,161.79,159.59,167.56,173.86,161.56,49405854.0,8328978969.0,1.379,2.2
002852,道道全,7.42,7.42,7.43,7.32,7.31,7.53,7.18,3885200.0,28803552.0,1.366,0.1
002853,皮阿诺,22.3,22.29,22.3,21.8,21.62,22.68,21.27,2985056.0,65763755.0,2.294,0.5
002855,捷荣技术,9.47,9.47,9.49,9.15,9.33,9.79,9.04,6389300.0,60789751.0,3.497,0.32
002856,*ST美芝,17.96,17.95,17.96,17.0,17.0,18.48,17.0,7327360.0,130451536.0,5.647,0.96
002857,三晖电气,15.75,15.74,15.75,15.65,15.88,16.12,15.36,2705350.0,42712440.0,0.639,0.1
002858,力盛体育,10.73,10.73,10.75,10.5,10.5,10.92,10.3,5671347.0,60943597.0,2.19,0.23
002859,洁美科技,78.4,78.4,78.43,82.84,84.1,87.62,78.06,18469100.0,1541130345.0,-5.36,-4.44
002860,星帅尔,16.32,16.32,16.34,16.68,16.54,17.0,16.31,19070381.0,316544550.0,-2.158,-0.36
002861,瀛通通讯,21.15,21.15,21.17,21.76,22.08,22.3,21.11,5584610.0,120917359.0,-2.803,-0.61
002862,实丰文化,12.92,12.92,12.93,12.69,12.75,13.22,12.43,3909360.0,50671203.0,1.812,0.23
002863,今飞凯达,4.3,4.3,4.31,4.21,4.18,4.4,4.14,12965173.0,55461670.0,2.138,0.09
002864,盘龙药业,28.22,28.22,28.23,30.16,30.16,30.16,27.87,8373115.0,238227038.0,-6.432,-1.94
002865,钧达股份,55.94,55.94,0.0,50.85,50.99,55.94,50.55,13877867.0,752345454.0,10.01,5.09
002866,传艺科技,14.53,14.53,14.55,14.56,14.51,14.88,14.42,6693846.0,98174992.0,-0.206,-0.03
002867,周大生,11.86,11.86,11.87,11.97,11.94,12.01,11.8,4397945.0,52297351.0,-0.919,-0.11
002868,绿康生化,24.38,24.32,24.38,23.55,23.43,25.44,23.15,3578690.0,87750428.0,3.524,0.83
002869,金溢科技,15.48,15.47,15.48,15.2,15.21,15.93,15.01,2599000.0,40557920.0,1.842,0.28
002870,香山股份,37.8,37.8,37.82,38.14,38.2,38.6,37.61,1867390.0,71345971.0,-0.891,-0.34
002871,伟隆股份,19.86,19.86,19.87,20.0,19.64,20.58,19.32,7432043.0,148682709.0,-0.7,-0.14
002872,ST天圣,4.88,4.88,4.91,4.85,4.8,4.94,4.78,1943900.0,9502972.0,0.619,0.03
002873,新天药业,7.68,7.68,7.69,7.45,7.46,7.8,7.29,7685025.0,58848743.0,3.087,0.23
002875,安奈儿,13.54,13.54,13.55,12.82,12.7,14.1,12.69,13210838.0,179473478.0,5.616,0.72
002876,三利谱,31.56,31.55,31.56,31.0,31.45,33.69,31.15,11324865.0,367805459.0,1.806,0.56
002877,智能自控,7.12,7.12,7.13,7.0,7.0,7.28,6.93,5246025.0,37482577.0,1.714,0.12
002878,元隆雅图,11.52,11.52,11.53,11.09,11.04,11.72,10.93,10321350.0,118708530.0,3.877,0.43
002879,长缆科技,13.1,13.1,13.11,12.85,12.8,13.41,12.68,5168400.0,67721162.0,1.946,0.25
002880,卫光生物,21.15,21.12,21.15,20.73,20.73,21.64,20.39,1821800.0,38513549.0,2.026,0.42
002881,美格智能,37.71,37.71,37.72,36.38,36.12,40.02,35.91,14206477.0,551016962.0,3.656,1.33
002882,金龙羽,17.65,17.65,17.66,17.4,17.24,18.09,17.15,5018100.0,88633729.0,1.437,0.25
002883,*ST中设,8.59,8.57,8.59,8.53,8.53,8.68,8.39,1195400.0,10229801.0,0.703,0.06
002884,凌霄泵业,16.15,16.15,16.16,16.05,16.09,16.2,15.81,2918940.0,46775573.0,0.623,0.1
002885,京泉华,34.07,34.06,34.07,35.43,35.19,36.06,34.0,18564416.0,650770162.0,-3.839,-1.36
002886,沃特股份,22.41,22.41,22.42,22.68,22.7,23.88,22.41,12656140.0,292421818.0,-1.19,-0.27
002887,绿茵生态,10.35,10.35,10.36,10.72,10.6,10.83,10.35,3564550.0,37654571.0,-3.451,-0.37
002888,惠威科技,18.48,18.48,18.49,18.55,18.55,19.0,18.46,2545200.0,47607754.0,-0.377,-0.07
002889,东方嘉盛,11.38,11.38,11.39,11.43,11.39,11.63,11.27,3088016.0,35378264.0,-0.437,-0.05
002890,弘宇股份,14.24,14.24,14.3,14.49,14.49,14.7,14.16,1470485.0,21196736.0,-1.725,-0.25
002891,中宠股份,27.1,27.1,27.11,25.92,25.93,27.98,25.76,10003350.0,270608252.0,4.552,1.18
002892,科力尔,9.2,9.2,9.21,9.16,9.17,9.36,9.05,7564750.0,69718877.0,0.437,0.04
002893,京能热力,9.52,9.51,9.52,9.54,9.45,9.67,9.32,6666800.0,63505952.0,-0.21,-0.02
002895,川恒股份,28.55,28.54,28.55,28.8,28.78,28.95,28.1,8186269.0,233337839.0,-0.868,-0.25
002896,中大力德,75.97,75.97,75.98,74.6,74.6,77.78,73.84,13824218.0,1052590897.0,1.836,1.37
002897,意华股份,82.33,82.32,82.33,88.55,88.51,91.0,82.33,22187903.0,1926373755.0,-7.024,-6.22
002898,赛隆退,0.35,0.35,0.36,0.34,0.34,0.36,0.34,5350840.0,1852989.0,2.941,0.01
002899,英派斯,20.38,20.38,20.41,20.34,20.19,21.0,20.08,3621822.0,74630445.0,0.197,0.04
002900,哈三联,9.8,9.79,9.8,9.51,9.61,9.93,9.32,5293550.0,51657851.0,3.049,0.29
002901,大博医疗,44.76,44.76,44.79,44.97,44.77,45.25,43.61,2811708.0,124947480.0,-0.467,-0.21
002902,铭普光磁,27.42,27.41,27.42,26.31,26.95,28.94,26.67,33813080.0,953987452.0,4.219,1.11
002903,宇环数控,33.36,0.0,33.36,37.07,37.09,38.15,33.36,17186116.0,607617546.0,-10.008,-3.71
002905,金逸影视,7.47,7.46,7.47,7.14,7.08,7.59,7.03,11939260.0,88565648.0,4.622,0.33
002906,华阳集团,24.61,24.61,24.62,24.7,24.71,25.09,24.34,6526284.0,161471047.0,-0.364,-0.09
002907,华森制药,14.18,14.18,14.19,14.36,14.58,14.8,14.0,19180437.0,276218171.0,-1.253,-0.18
002908,德生科技,6.48,6.48,6.49,6.41,6.35,6.62,6.27,7592351.0,49436203.0,1.092,0.07
002909,集泰股份,4.8,4.8,4.81,4.75,4.75,4.93,4.67,8483711.0,40925349.0,1.053,0.05
002910,庄园牧场,10.64,10.64,10.65,11.58,10.87,11.5,10.42,43765527.0,472649226.0,-8.117,-0.94
002911,佛燃能源,9.96,9.96,10.0,9.96,9.98,10.08,9.82,3650208.0,36374630.0,0.0,0.0
002912,中新赛克,18.47,18.47,18.48,18.26,18.28,18.96,17.96,2947500.0,54889285.0,1.15,0.21
002913,奥士康,54.34,54.34,54.36,56.1,56.1,57.4,54.34,6365290.0,355747203.0,-3.137,-1.76
002915,中欣氟材,18.41,18.4,18.41,18.28,18.32,18.73,18.0,10710834.0,196949398.0,0.711,0.13
002916,深南电路,426.0,426.0,426.18,442.56,443.0,459.8,425.0,13074219.0,5828007644.0,-3.742,-16.56
002917,金奥博,10.12,10.11,10.12,10.07,10.0,10.32,9.92,3531300.0,35886588.0,0.497,0.05
002918,蒙娜丽莎,9.4,9.4,9.41,9.17,9.16,9.69,9.1,12035553.0,114132089.0,2.508,0.23
002919,名臣健康,19.05,19.05,19.07,19.32,19.51,19.68,18.65,6675400.0,127826629.0,-1.398,-0.27
002920,德赛西威,88.98,88.97,88.98,88.38,87.5,91.35,86.85,11150751.0,993023363.0,0.679,0.6
002921,联诚精密,26.94,26.94,27.02,27.46,27.3,28.5,26.7,7260852.0,199390929.0,-1.894,-0.52
002922,伊戈尔,28.72,28.71,28.72,28.88,28.62,29.97,28.51,18011296.0,526482401.0,-0.554,-0.16
002923,润都股份,10.67,10.67,10.68,10.42,10.31,10.77,10.07,11605440.0,122189651.0,2.399,0.25
002925,盈趣科技,22.5,22.49,22.5,22.9,23.23,24.38,22.48,25500742.0,604428217.0,-1.747,-0.4
002926,华西证券,8.29,8.29,8.3,8.39,8.37,8.37,8.24,13589100.0,112525395.0,-1.192,-0.1
002927,泰永长征,17.3,17.29,17.3,16.79,16.8,18.07,16.57,10493482.0,182149312.0,3.038,0.51
002928,华夏航空,6.46,6.45,6.46,6.39,6.42,6.5,6.29,33894834.0,217454468.0,1.095,0.07
002929,润建股份,61.5,61.49,61.5,58.8,58.12,64.68,57.66,24378684.0,1521637311.0,4.592,2.7
002930,宏川智慧,8.95,8.95,8.96,9.0,8.99,9.19,8.73,13017479.0,117223619.0,-0.556,-0.05
002931,锋龙股份,58.64,58.62,58.64,60.21,58.92,61.78,58.0,20204980.0,1206391328.0,-2.608,-1.57
002932,*ST明德,14.3,14.3,14.38,14.05,14.07,14.67,13.92,1502142.0,21584994.0,1.779,0.25
002933,新兴装备,26.5,26.49,26.5,25.6,25.6,27.29,25.3,2395091.0,63603452.0,3.516,0.9
002935,天奥电子,21.64,21.64,21.65,20.96,20.79,22.33,20.7,15455018.0,334678271.0,3.244,0.68
002936,郑州银行,1.69,1.68,1.69,1.68,1.67,1.7,1.66,79700597.0,134180694.0,0.595,0.01
002937,兴瑞科技,41.8,41.79,41.8,43.82,44.0,44.03,41.59,7506662.0,323175428.0,-4.61,-2.02
002938,鹏鼎控股,98.47,98.46,98.47,95.38,97.99,100.9,96.31,54221404.0,5364082450.0,3.24,3.09
002939,长城证券,8.12,8.11,8.12,8.16,8.13,8.19,8.03,18662391.0,151314417.0,-0.49,-0.04
002940,昂利康,27.11,27.11,27.12,25.96,25.42,28.13,25.2,17360735.0,469601335.0,4.43,1.15
002941,新疆交建,9.51,9.5,9.51,9.33,9.27,9.63,9.18,10675560.0,101105863.0,1.929,0.18
002942,新农股份,14.47,14.47,14.48,14.16,14.13,14.71,13.91,1668300.0,24084373.0,2.189,0.31
002943,宇晶股份,43.56,43.56,43.57,42.68,43.02,45.8,41.88,20450264.0,905359408.0,2.062,0.88
002945,华林证券,13.16,13.16,13.17,13.3,13.2,13.35,13.0,7867800.0,103813253.0,-1.053,-0.14
002946,新乳业,13.92,13.9,13.92,14.03,13.93,14.19,13.7,8274220.0,115333615.0,-0.784,-0.11
002947,恒铭达,70.69,70.68,70.69,74.28,74.27,77.2,70.5,8318399.0,615902916.0,-4.833,-3.59
002948,青岛银行,5.35,5.35,5.36,5.42,5.37,5.44,5.33,41847438.0,224621416.0,-1.292,-0.07
002949,华阳国际,10.06,10.06,10.07,9.98,9.93,10.31,9.76,3518400.0,35591930.0,0.802,0.08
002950,奥美医疗,8.81,8.8,8.81,8.7,8.69,9.02,8.5,9862450.0,86910734.0,1.264,0.11
002951,金时科技,14.51,14.5,14.51,15.8,14.93,15.25,14.22,22217122.0,323890563.0,-8.165,-1.29
002952,亚世光电,20.02,20.02,20.06,19.92,19.88,20.62,19.82,3843650.0,77801851.0,0.502,0.1
002953,日丰股份,8.8,8.8,8.81,8.79,8.78,8.99,8.6,4990054.0,44115974.0,0.114,0.01
002955,鸿合科技,31.92,31.85,31.92,32.98,32.8,33.58,31.66,4938260.0,160751087.0,-3.214,-1.06
002956,西麦食品,21.35,21.34,21.35,20.6,20.35,21.83,20.1,6056324.0,128379076.0,3.641,0.75
002957,科瑞技术,44.71,44.7,44.71,47.06,47.5,48.2,44.71,15839956.0,738799191.0,-4.994,-2.35
002958,青农商行,2.79,2.78,2.79,2.77,2.78,2.79,2.74,36848541.0,101960009.0,0.722,0.02
002959,小熊电器,32.12,32.12,32.13,32.02,32.02,32.54,31.6,832760.0,26782546.0,0.312,0.1
002960,青鸟智控,8.39,8.39,8.4,8.28,8.69,8.75,8.38,15839551.0,134910974.0,1.329,0.11
002961,瑞达期货,18.98,18.96,18.98,19.04,19.01,19.34,18.64,5022800.0,95559926.0,-0.315,-0.06
002962,五方光电,14.4,14.4,14.41,14.8,14.66,15.16,14.4,21884497.0,325431988.0,-2.703,-0.4
002963,豪尔赛,19.45,19.45,19.48,18.28,18.58,19.9,18.13,6024900.0,114687978.0,6.4,1.17
002965,祥鑫科技,51.41,51.4,51.41,51.25,51.0,55.48,50.86,15729149.0,830284806.0,0.312,0.16
002966,苏州银行,7.32,7.31,7.32,7.3,7.33,7.38,7.27,36049643.0,263825770.0,0.274,0.02
002967,广电计量,18.47,18.47,18.49,18.09,18.02,18.88,17.75,12380500.0,227467163.0,2.101,0.38
002968,新大正,8.44,8.43,8.44,8.26,8.3,8.64,8.1,4964700.0,41962455.0,2.179,0.18
002969,嘉美包装,13.26,13.26,13.27,12.85,12.79,13.78,12.66,33497469.0,444637993.0,3.191,0.41
002970,锐明技术,58.86,58.86,0.0,53.51,54.0,58.86,53.6,7132350.0,411493190.0,9.998,5.35
002971,和远气体,53.49,53.49,53.5,58.76,58.5,59.3,53.41,21371500.0,1199368965.0,-8.969,-5.27
002972,科安达,16.96,16.96,16.97,17.19,17.19,17.57,16.8,6400660.0,109593730.0,-1.338,-0.23
002973,侨银股份,10.15,10.14,10.15,9.94,9.85,10.8,9.72,12164100.0,125577038.0,2.113,0.21
002975,博杰股份,120.8,120.8,120.88,121.35,123.53,130.3,120.8,12673314.0,1595249508.0,-0.453,-0.55
002976,瑞玛精密,26.65,26.63,26.65,25.15,25.13,27.67,25.0,24851220.0,675013030.0,5.964,1.5
002977,*ST天箭,24.1,24.1,24.24,23.58,23.59,25.84,23.31,3267553.0,80215105.0,2.205,0.52
002978,安宁股份,25.6,25.6,25.61,25.39,25.51,26.06,25.14,3086505.0,78928625.0,0.827,0.21
002979,雷赛智能,66.01,66.01,66.04,65.14,64.77,70.5,64.64,24737282.0,1669961210.0,1.336,0.87
002980,华盛昌,96.43,96.43,96.45,98.54,99.69,105.37,96.3,8665380.0,873277649.0,-2.141,-2.11
002981,朝阳科技,20.43,20.42,20.43,20.23,20.19,20.8,19.95,3190540.0,65413863.0,0.989,0.2
002982,湘佳股份,12.15,12.15,12.16,11.7,11.6,12.4,11.45,6373668.0,77144406.0,3.846,0.45
002983,芯瑞达,24.17,24.17,24.18,23.78,23.61,26.16,23.49,6899846.0,173157531.0,1.64,0.39
002984,森麒麟,13.58,13.57,13.58,13.4,13.41,13.73,13.18,6799717.0,91898307.0,1.343,0.18
002985,北摩高科,26.36,26.35,26.36,25.54,25.5,27.41,25.05,8870492.0,234182383.0,3.211,0.82
002986,宇新股份,12.38,12.38,12.39,12.05,12.05,12.49,11.81,5787600.0,70479947.0,2.739,0.33
002987,京北方,9.7,9.7,9.71,9.57,9.5,9.94,9.38,14992053.0,146129090.0,1.358,0.13
002988,豪美新材,21.24,21.24,21.25,21.31,21.31,21.88,20.91,4425400.0,94939590.0,-0.328,-0.07
002989,中天精装,31.26,31.26,0.0,28.42,28.49,31.26,28.48,6836160.0,209342863.0,9.993,2.84
002990,盛视科技,58.96,58.96,58.98,62.81,60.53,64.6,58.96,21629017.0,1332749955.0,-6.13,-3.85
002991,甘源食品,41.03,41.03,41.08,40.54,40.5,41.5,39.9,790514.0,32312970.0,1.209,0.49
002992,宝明科技,40.2,40.2,40.21,41.13,41.27,42.11,39.9,1635000.0,66643151.0,-2.261,-0.93
002993,奥海科技,55.79,55.79,55.8,60.51,60.0,61.11,55.35,9942425.0,576078956.0,-7.8,-4.72
002995,天地在线,16.78,16.78,16.79,16.25,16.06,17.4,15.94,12929200.0,217743737.0,3.262,0.53
002996,顺博合金,6.04,6.04,6.05,5.91,5.9,6.19,5.84,10997100.0,66805997.0,2.2,0.13
002997,瑞鹄模具,28.85,28.85,28.86,29.1,29.0,29.41,28.8,3306455.0,96323616.0,-0.859,-0.25
002998,优彩资源,7.13,7.13,7.14,6.81,6.77,7.2,6.7,16208400.0,113814278.0,4.699,0.32
002999,天禾股份,5.52,5.52,5.53,5.41,5.37,5.6,5.34,6589244.0,36270641.0,2.033,0.11
003000,劲仔食品,10.09,10.08,10.09,10.03,10.03,10.19,9.91,2854400.0,28752595.0,0.598,0.06
003001,中岩大地,14.21,14.21,0.0,12.92,12.92,14.21,12.78,5812207.0,80467587.0,9.985,1.29
003002,壶化股份,16.82,16.79,16.82,16.61,16.44,17.2,16.44,2128800.0,35864982.0,1.264,0.21
003003,天元股份,10.17,10.17,10.18,10.03,9.93,10.35,9.86,4077400.0,41572322.0,1.396,0.14
003004,声迅股份,83.01,83.01,83.02,84.49,84.28,89.45,82.82,4933412.0,421527406.0,-1.752,-1.48
003005,竞业达,12.64,12.64,12.65,12.11,11.56,12.83,11.29,14809742.0,178675330.0,4.377,0.53
003006,百亚股份,13.69,13.69,13.7,13.65,13.67,13.88,13.31,9985700.0,136108914.0,0.293,0.04
003007,直真科技,38.8,38.79,38.8,37.92,37.96,39.7,37.51,3297800.0,128153690.0,2.321,0.88
003008,开普检测,17.51,17.47,17.54,17.2,17.32,17.75,17.01,1664621.0,29071523.0,1.802,0.31
003009,中天火箭,60.64,60.64,0.0,55.13,54.75,60.64,53.3,9765911.0,564822979.0,9.995,5.51
003010,若羽臣,22.69,22.69,22.71,22.44,22.33,23.39,22.14,6319856.0,144436274.0,1.114,0.25
003011,海象新材,18.66,18.66,18.69,18.5,18.34,18.98,18.2,2393356.0,44719120.0,0.865,0.16
003012,东鹏控股,4.56,4.55,4.56,4.5,4.5,4.62,4.42,8793995.0,39794443.0,1.333,0.06
003013,地铁设计,15.31,15.31,15.32,15.9,15.85,16.35,15.3,10541043.0,166770229.0,-3.711,-0.59
003015,日久光电,11.59,11.59,11.6,11.68,11.67,11.86,11.59,6510316.0,76450667.0,-0.771,-0.09
003016,欣贺股份,6.3,6.3,6.31,6.19,6.14,6.44,6.08,4922400.0,31072925.0,1.777,0.11
003017,大洋生物,22.35,22.3,22.35,22.49,22.49,22.77,22.11,2804380.0,62867818.0,-0.622,-0.14
003018,金富科技,64.6,64.6,64.61,68.31,68.86,69.29,64.2,9490900.0,627514755.0,-5.431,-3.71
003019,宸展光电,27.6,27.6,27.63,27.42,27.57,29.15,27.55,8121777.0,230974718.0,0.656,0.18
003020,立方制药,18.74,18.74,0.0,17.04,17.05,18.74,17.05,17835696.0,324444106.0,9.977,1.7
003021,兆威机电,86.73,86.72,86.73,86.9,87.4,90.7,86.68,4934535.0,436470047.0,-0.196,-0.17
003022,联泓新科,20.79,20.79,20.8,21.66,21.73,21.74,20.77,20439047.0,434163159.0,-4.017,-0.87
003023,彩虹集团,19.08,19.07,19.08,18.85,18.7,19.53,18.55,2683400.0,51293030.0,1.22,0.23
003025,思进智能,13.0,13.0,13.01,12.58,12.78,13.63,12.65,10670196.0,140262757.0,3.339,0.42
003026,中晶科技,38.87,38.86,38.87,41.97,41.22,42.72,38.86,24893347.0,1017478408.0,-7.386,-3.1
003027,同兴科技,16.13,16.13,16.15,15.96,15.98,16.42,15.9,2217800.0,35912672.0,1.065,0.17
003028,振邦智能,22.32,22.29,22.32,22.14,22.15,22.69,21.78,1485800.0,33174530.0,0.813,0.18
003029,吉大正元,16.29,16.28,16.29,15.95,15.78,16.64,15.65,4135500.0,67555640.0,2.132,0.34
003030,祖名股份,21.66,21.64,21.66,21.75,21.74,22.22,21.5,2100000.0,45812465.0,-0.414,-0.09
003031,中瓷电子,142.04,142.04,142.05,150.5,152.01,155.76,141.5,10358831.0,1552601628.0,-5.621,-8.46
003032,传智教育,5.2,5.2,5.21,5.1,5.09,5.32,5.01,12782300.0,66512868.0,1.961,0.1
003033,征和工业,70.21,70.21,70.22,69.5,69.81,71.39,68.14,2877729.0,201348228.0,1.022,0.71
003035,南网能源,5.51,5.51,5.52,5.4,5.36,5.62,5.36,32314332.0,178685307.0,2.037,0.11
003036,泰坦股份,79.13,79.13,79.29,80.43,81.2,88.47,78.01,9603402.0,813871950.0,-1.616,-1.3
003037,三和管桩,6.19,6.19,6.2,6.13,6.04,6.29,6.01,11364496.0,69741799.0,0.979,0.06
003038,鑫铂股份,10.93,10.92,10.93,10.75,10.75,11.15,10.61,3693420.0,40522268.0,1.674,0.18
003039,顺控发展,11.06,11.06,11.07,10.94,10.96,11.18,10.78,3837300.0,42339200.0,1.097,0.12
003040,楚天龙,10.46,10.46,10.48,10.23,10.28,10.78,10.09,12705663.0,133879428.0,2.248,0.23
003041,真爱美家,43.66,43.66,43.67,41.27,41.39,45.15,40.9,4395164.0,192856255.0,5.791,2.39
003042,中农联合,12.47,12.45,12.47,12.08,12.1,12.63,11.83,3756590.0,46462492.0,3.228,0.39
003043,华亚智能,94.05,0.0,94.05,104.5,103.0,104.34,94.05,11398432.0,1120382795.0,-10.0,-10.45
003816,中国广核,3.86,3.86,3.87,3.83,3.85,3.89,3.78,107930369.0,415256256.0,0.783,0.03
300001,特锐德,32.17,32.17,32.24,32.92,33.19,33.5,32.17,19575984.0,638442171.0,-2.278,-0.75
300002,神州泰岳,8.4,8.39,8.4,8.49,8.35,8.62,8.16,115560692.0,968589341.0,-1.06,-0.09
300003,乐普医疗,12.3,12.29,12.3,11.99,12.0,12.39,11.74,31360601.0,381007267.0,2.585,0.31
300004,南风股份,9.35,9.34,9.35,8.77,8.94,9.99,8.67,29761040.0,280224519.0,6.613,0.58
300005,探路者,21.0,21.0,21.01,20.8,21.0,22.14,20.83,33783591.0,724409958.0,0.962,0.2
300006,莱美药业,4.85,4.85,4.86,4.73,4.68,5.07,4.61,31125700.0,151876110.0,2.537,0.12
300007,汉威科技,38.31,38.31,38.32,37.16,37.55,40.65,37.3,17811768.0,694166067.0,3.095,1.15
300008,天海防务,6.25,6.25,6.26,5.96,5.95,6.49,5.87,88120238.0,550133209.0,4.866,0.29
300009,安科生物,8.23,8.22,8.23,8.1,8.1,8.31,7.96,23379639.0,191084294.0,1.605,0.13
300010,ST豆神,2.13,2.13,2.14,2.12,2.1,2.17,2.05,39730529.0,84242760.0,0.472,0.01
300011,鼎汉技术,5.81,5.8,5.81,5.71,5.65,5.88,5.62,5706200.0,33016601.0,1.751,0.1
300012,华测检测,13.53,13.53,13.54,13.48,13.42,13.79,13.32,43749913.0,594203240.0,0.371,0.05
300013,新宁物流,3.87,3.87,3.88,3.83,3.8,3.99,3.75,18464701.0,71813308.0,1.044,0.04
300014,亿纬锂能,54.94,54.93,54.94,56.89,56.47,56.94,54.86,51118777.0,2858632185.0,-3.428,-1.95
300015,爱尔眼科,8.35,8.35,8.36,8.18,8.14,8.44,8.05,107404872.0,891781900.0,2.078,0.17
300016,北陆药业,8.19,8.18,8.19,7.92,7.9,8.25,7.76,22383200.0,181522166.0,3.409,0.27
300017,网宿科技,15.16,15.15,15.16,15.33,15.14,16.05,14.9,307947360.0,4759351013.0,-1.109,-0.17
300018,中元股份,13.51,13.5,13.51,13.15,13.28,14.08,12.93,34261831.0,466139598.0,2.738,0.36
300019,硅宝科技,20.11,20.11,20.12,21.45,20.65,21.1,19.8,38528586.0,787703914.0,-6.247,-1.34
300020,ST银江,3.19,3.18,3.19,3.49,2.9,3.29,2.9,46343121.0,144923244.0,-8.596,-0.3
300021,大禹节水,4.15,4.14,4.15,4.03,3.97,4.2,3.91,30667747.0,124810447.0,2.978,0.12
300022,吉峰科技,7.69,7.68,7.69,7.7,7.69,7.77,7.61,8173599.0,62825452.0,-0.13,-0.01
300024,机器人,16.33,16.33,16.34,16.66,16.68,17.1,16.33,88437028.0,1480536935.0,-1.981,-0.33
300025,华星创业,4.37,4.37,4.38,4.19,4.15,4.5,4.1,18573900.0,81041650.0,4.296,0.18
300026,红日药业,3.17,3.17,3.18,3.09,3.09,3.21,3.05,69937600.0,220271413.0,2.589,0.08
300027,ST华谊,1.71,1.7,1.71,1.7,1.68,1.75,1.66,35067805.0,59675090.0,0.588,0.01
300030,阳普医疗,6.17,6.16,6.17,5.98,5.97,6.3,5.88,8878201.0,54724585.0,3.177,0.19
300031,宝通科技,22.7,22.7,22.71,23.19,23.08,23.73,22.68,24002755.0,557709552.0,-2.113,-0.49
300032,金龙机电,3.61,3.61,3.62,3.57,3.53,3.71,3.48,24255800.0,87879951.0,1.12,0.04
300033,同花顺,226.82,226.82,226.84,230.3,227.49,235.51,224.53,16172273.0,3716049226.0,-1.511,-3.48
300034,钢研高纳,16.68,16.68,16.69,16.15,16.18,17.6,15.97,25443257.0,430129554.0,3.282,0.53
300035,中科电气,13.23,13.23,13.24,13.1,13.09,13.5,12.93,17977927.0,238248211.0,0.992,0.13
300036,超图软件,11.25,11.25,11.26,10.9,10.88,11.58,10.74,15070900.0,169471231.0,3.211,0.35
300037,新宙邦,72.58,72.58,72.59,81.11,81.97,82.48,72.58,41335807.0,3169906253.0,-10.517,-8.53
300039,上海凯宝,4.49,4.49,4.5,4.39,4.35,4.54,4.29,20654638.0,92141920.0,2.278,0.1
300040,九洲集团,5.46,5.45,5.46,5.33,5.3,5.56,5.22,22431041.0,122039638.0,2.439,0.13
300041,回天新材,15.06,15.06,15.07,16.88,16.74,16.89,15.0,107130149.0,1719836188.0,-10.782,-1.82
300042,朗科科技,63.3,63.3,63.31,62.53,62.54,69.68,62.53,25851253.0,1700736146.0,1.231,0.77
300043,星辉娱乐,5.8,5.79,5.8,5.29,5.24,5.81,5.19,168910525.0,943339487.0,9.641,0.51
300044,*ST赛为,5.75,5.75,5.76,5.55,5.55,5.95,5.52,24740340.0,141315985.0,3.604,0.2
300045,华力创通,17.7,17.7,17.71,16.58,16.55,18.6,16.18,45621362.0,806920927.0,6.755,1.12
300046,台基股份,29.34,29.34,29.35,30.27,30.1,31.28,29.3,10523592.0,319906588.0,-3.072,-0.93
300047,天源迪科,9.51,9.51,9.52,9.43,9.35,9.73,9.23,29587049.0,281693481.0,0.848,0.08
300048,合康新能,4.77,4.77,4.78,4.52,4.53,4.98,4.53,24590540.0,117612221.0,5.531,0.25
300049,福瑞医科,43.25,43.24,43.25,41.64,41.26,44.72,40.61,10223048.0,442267313.0,3.866,1.61
300050,世纪鼎利,5.38,5.38,5.39,5.33,5.3,5.52,5.23,19142200.0,103684071.0,0.938,0.05
300051,琏升科技,8.29,8.29,8.3,8.11,8.03,8.66,7.81,16028402.0,133207376.0,2.219,0.18
300052,中青宝,11.3,11.3,11.31,11.29,11.21,11.65,11.11,15062100.0,172053629.0,0.089,0.01
300053,航宇微,16.88,16.88,16.89,15.92,15.78,17.85,15.6,57744870.0,978366692.0,6.03,0.96
300054,鼎龙股份,83.1,83.09,83.1,95.99,96.0,98.0,82.88,98034184.0,8889697828.0,-13.428,-12.89
300055,万邦达,5.91,5.91,5.92,5.86,5.79,6.1,5.74,23403078.0,139419121.0,0.853,0.05
300056,中创环保,7.7,7.7,7.72,7.69,7.65,7.96,7.57,8331540.0,64851887.0,0.13,0.01
300057,万顺新材,6.99,6.98,6.99,7.37,7.4,7.45,6.99,55597282.0,400001407.0,-5.156,-0.38
300058,蓝色光标,13.81,13.8,13.81,12.93,12.65,14.78,12.59,551012203.0,7676051790.0,6.806,0.88
300059,东方财富,20.19,20.19,20.2,20.59,20.4,20.5,20.1,328290460.0,6652015325.0,-1.943,-0.4
300061,旗天科技,6.44,6.44,6.45,6.16,6.15,6.65,6.02,34823544.0,224528177.0,4.545,0.28
300062,中能电气,5.51,5.51,5.52,5.35,5.29,5.68,5.24,20865586.0,114993531.0,2.991,0.16
300063,天龙集团,8.5,8.5,8.51,8.13,8.0,9.02,7.85,74303625.0,634551886.0,4.551,0.37
300065,海兰信,28.79,28.79,0.0,23.99,23.57,28.79,23.32,123507106.0,3279324851.0,20.008,4.8
300066,三川智慧,5.21,5.21,5.22,5.17,5.16,5.32,5.09,16707267.0,87468153.0,0.774,0.04
300067,安诺其,4.83,4.83,4.84,4.79,4.74,4.97,4.69,39085955.0,189658650.0,0.835,0.04
300068,ST南都,4.61,4.61,4.62,4.48,4.55,4.75,4.43,82086034.0,376712787.0,2.902,0.13
300069,金利华电,36.86,36.86,0.0,30.72,30.31,36.86,30.11,15519210.0,541282273.0,19.987,6.14
300070,碧水源,3.44,3.43,3.44,3.23,3.23,3.53,3.21,89847264.0,306131960.0,6.502,0.21
300071,福石控股,4.91,4.9,4.91,4.12,4.08,4.94,4.04,320129520.0,1493332631.0,19.175,0.79
300072,海新能科,3.4,3.39,3.4,3.32,3.3,3.47,3.27,37322583.0,126552501.0,2.41,0.08
300073,当升科技,42.88,42.87,42.88,44.25,44.0,44.49,42.86,13841244.0,604889553.0,-3.096,-1.37
300074,华平股份,3.48,3.48,3.49,3.46,3.43,3.61,3.35,23384396.0,82420909.0,0.578,0.02
300075,数字政通,10.44,10.44,10.45,10.26,10.23,10.63,10.11,15334585.0,160565570.0,1.754,0.18
300076,*ST宁视,4.43,4.4,4.43,4.36,4.33,4.43,4.26,3089900.0,13469868.0,1.606,0.07
300077,国民技术,25.59,25.59,25.6,27.65,27.7,28.64,25.58,80131241.0,2175426892.0,-7.45,-2.06
300078,思创智联,2.91,2.91,2.92,2.85,2.82,2.98,2.79,36476149.0,106464123.0,2.105,0.06
300079,数码视讯,4.25,4.25,4.26,4.17,4.14,4.35,4.09,38959230.0,166110997.0,1.918,0.08
300080,易成新能,3.47,3.47,3.48,3.39,3.38,3.58,3.35,19835500.0,69157747.0,2.36,0.08
300081,ST恒信,3.63,3.63,3.64,3.62,3.6,3.69,3.6,7019205.0,25651619.0,0.276,0.01
300082,奥克股份,7.78,7.77,7.78,7.81,7.74,7.94,7.64,8739820.0,68140098.0,-0.384,-0.03
300083,创世纪,13.31,13.3,13.31,13.51,13.53,14.13,13.06,105010459.0,1421966185.0,-1.48,-0.2
300084,海默科技,11.5,11.5,11.51,11.96,11.85,11.85,11.2,18710898.0,215037446.0,-3.846,-0.46
300085,银之杰,31.1,31.09,31.1,31.55,31.0,32.28,30.52,44035087.0,1385990137.0,-1.426,-0.45
300086,康芝药业,6.25,6.25,6.26,5.96,5.91,6.42,5.78,38442000.0,238950698.0,4.866,0.29
300087,ST荃银,4.81,4.81,4.82,4.79,4.79,4.87,4.68,17420647.0,83432161.0,0.418,0.02
300088,长信科技,8.5,8.49,8.5,8.9,8.98,9.3,8.5,247799018.0,2215564732.0,-4.494,-0.4
300091,*ST金灵,2.67,2.67,2.68,2.68,2.66,2.71,2.64,6630111.0,17779265.0,-0.373,-0.01
300092,科新机电,11.43,11.42,11.43,11.26,11.17,11.73,11.1,7685050.0,87399548.0,1.51,0.17
300093,金刚光伏,21.21,21.21,21.22,22.88,22.04,22.63,21.1,7583534.0,166807188.0,-7.299,-1.67
300094,国联水产,2.64,2.64,2.65,2.55,2.53,2.68,2.49,43117443.0,113175249.0,3.529,0.09
300095,华伍股份,9.12,9.12,9.13,8.74,8.7,9.38,8.63,17048858.0,155043487.0,4.348,0.38
300096,ST易联众,9.03,9.03,9.04,9.1,9.09,9.17,8.93,2850178.0,25711888.0,-0.769,-0.07
300097,智云股份,8.48,8.47,8.48,8.59,8.66,8.85,8.48,6394298.0,55124367.0,-1.281,-0.11
300098,高新兴,4.5,4.49,4.5,4.41,4.4,4.63,4.34,45729101.0,206523842.0,2.041,0.09
300099,尤洛卡,6.29,6.29,6.3,6.04,5.97,6.66,5.87,29550826.0,185469227.0,4.139,0.25
300100,双林股份,25.37,25.36,25.37,25.52,25.27,26.76,25.13,13917619.0,358842164.0,-0.588,-0.15
300101,振芯科技,16.43,16.42,16.43,15.66,15.67,17.05,15.41,21534918.0,353942104.0,4.917,0.77
300102,乾照光电,24.13,24.13,24.14,21.51,21.33,25.81,21.08,126508715.0,3096766126.0,12.18,2.62
300103,达刚控股,7.42,7.4,7.42,7.64,7.63,7.65,7.37,8225300.0,61829180.0,-2.88,-0.22
300105,龙源技术,8.18,8.17,8.18,6.91,6.91,8.29,6.82,79012987.0,630405097.0,18.379,1.27
300106,西部牧业,9.68,9.68,9.69,9.64,9.74,10.0,9.46,7923500.0,77280115.0,0.415,0.04
300107,建新股份,5.77,5.77,5.78,5.5,5.44,5.92,5.42,13782355.0,79019821.0,4.909,0.27
300109,新开源,14.06,14.06,14.07,14.2,14.17,14.34,13.9,6856345.0,96993789.0,-0.986,-0.14
300110,华仁药业,2.69,2.68,2.69,2.61,2.6,2.72,2.55,30848082.0,82336257.0,3.065,0.08
300111,向日葵,2.9,2.9,2.91,2.81,2.78,2.97,2.69,96886610.0,278622498.0,3.203,0.09
300112,万讯自控,6.1,6.09,6.1,5.98,5.96,6.22,5.88,6871000.0,41837261.0,2.007,0.12
300113,顺网科技,18.2,18.19,18.2,17.78,17.79,19.1,17.53,40097787.0,738770028.0,2.362,0.42
300115,长盈精密,29.88,29.87,29.88,28.47,28.35,32.1,28.29,75633413.0,2283228540.0,4.953,1.41
300118,东方日升,10.98,10.98,10.99,10.49,10.49,11.62,10.41,67911689.0,754040142.0,4.671,0.49
300119,瑞普生物,15.57,15.56,15.57,15.33,15.34,15.74,15.21,3680700.0,57128638.0,1.566,0.24
300120,经纬辉开,7.93,7.93,7.94,8.23,8.15,8.52,7.93,58144347.0,478033471.0,-3.645,-0.3
300121,阳谷华泰,11.67,11.67,11.68,12.94,12.67,12.75,11.61,60930519.0,731707847.0,-9.815,-1.27
300122,智飞生物,12.17,12.16,12.17,11.37,11.36,12.34,11.16,44090459.0,527940978.0,7.036,0.8
300123,ST亚光,4.0,4.0,4.01,3.82,3.81,4.12,3.77,51514145.0,203125660.0,4.712,0.18
300124,汇川技术,63.43,63.43,63.44,64.32,64.48,65.9,63.35,37847704.0,2441773904.0,-1.384,-0.89
300125,*ST聆达,8.43,8.42,8.43,8.37,8.43,8.58,8.3,3754400.0,31764322.0,0.717,0.06
300126,锐奇股份,5.77,5.76,5.77,5.62,5.6,5.96,5.5,5421200.0,31220873.0,2.669,0.15
300127,银河磁体,25.61,25.6,25.61,25.39,25.4,26.62,25.26,6107921.0,159011377.0,0.866,0.22
300128,锦富技术,5.07,5.06,5.07,5.15,5.15,5.28,5.05,38195579.0,197555869.0,-1.553,-0.08
300129,泰胜风能,9.52,9.52,9.53,8.44,8.42,10.05,8.25,83424673.0,775304558.0,12.796,1.08
300130,新国都,18.04,18.03,18.04,18.03,18.03,18.65,17.71,10309919.0,188359367.0,0.055,0.01
300131,英唐智控,18.9,18.89,18.9,20.83,20.54,20.68,18.82,109032439.0,2174089158.0,-9.265,-1.93
300132,青松股份,5.7,5.69,5.7,5.62,5.6,5.81,5.51,11461200.0,65441163.0,1.423,0.08
300133,华策影视,7.47,7.47,7.48,7.37,7.31,7.74,7.3,93602248.0,706857937.0,1.357,0.1
300134,大富科技,8.07,8.07,8.08,7.98,7.94,8.34,7.91,12413378.0,101408139.0,1.128,0.09
300135,宝利国际,3.13,3.13,3.14,3.04,3.04,3.19,2.97,23110968.0,71852750.0,2.961,0.09
300136,信维通信,99.38,99.37,99.38,99.71,98.87,109.63,95.33,132612353.0,13520255287.0,-0.331,-0.33
300137,先河环保,17.05,17.05,17.06,17.26,17.3,17.54,16.72,21119660.0,362936083.0,-1.217,-0.21
300138,晨光生物,9.81,9.8,9.81,9.62,9.52,9.89,9.47,5352215.0,52154187.0,1.975,0.19
300139,晓程科技,38.18,38.17,38.18,37.14,37.38,40.18,36.5,34977630.0,1338953114.0,2.8,1.04
300140,节能环境,5.04,5.04,5.05,5.0,5.0,5.15,4.94,11181002.0,56648958.0,0.8,0.04
300141,和顺电气,9.5,9.5,9.52,8.99,8.91,9.97,8.78,10883600.0,102508554.0,5.673,0.51
300142,沃森生物,13.14,13.14,13.15,12.5,12.42,13.38,12.2,100659352.0,1302527438.0,5.12,0.64
300143,盈康生命,7.01,7.01,7.03,6.75,6.69,7.09,6.5,12160674.0,84193565.0,3.852,0.26
300144,宋城演艺,5.96,5.96,5.97,5.78,5.76,6.0,5.7,54428053.0,321016172.0,3.114,0.18
300145,南方泵业,6.2,6.2,6.21,6.36,6.3,6.42,6.09,200319183.0,1251372503.0,-2.516,-0.16
300146,汤臣倍健,9.31,9.3,9.31,9.1,9.07,9.32,9.0,11509551.0,106031775.0,2.308,0.21
300147,*ST香雪,9.17,9.17,9.18,9.24,9.2,9.47,9.16,8472820.0,78690273.0,-0.758,-0.07
300148,天舟文化,3.26,3.26,3.27,3.16,3.15,3.33,3.08,39720611.0,129058408.0,3.165,0.1
300149,睿智医药,8.95,8.94,8.95,8.45,8.33,9.25,8.21,38306821.0,341126345.0,5.917,0.5
300150,世纪瑞尔,3.9,3.89,3.9,3.83,3.79,4.01,3.74,9252400.0,36172557.0,1.828,0.07
300151,昌红科技,21.76,21.75,21.76,22.71,23.0,23.69,21.5,21512584.0,485641908.0,-4.183,-0.95
300152,*ST动力,1.58,1.57,1.58,1.55,1.55,1.59,1.5,22773030.0,35288414.0,1.935,0.03
300153,科泰电源,23.91,23.9,23.91,22.8,22.6,25.5,22.42,22568562.0,543773241.0,4.868,1.11
300154,瑞凌股份,8.63,8.62,8.63,9.17,9.09,9.33,8.63,15029200.0,134456894.0,-5.889,-0.54
300155,安居宝,4.02,4.01,4.02,3.9,3.93,4.11,3.83,9401800.0,37805051.0,3.077,0.12
300157,新锦动力,3.9,3.9,3.91,3.86,3.71,4.04,3.59,92326491.0,353490788.0,1.036,0.04
300158,振东制药,4.9,4.89,4.9,4.74,4.73,4.96,4.65,20391122.0,99231496.0,3.376,0.16
300159,新研股份,3.18,3.18,3.19,3.12,3.09,3.27,3.09,53737933.0,170920770.0,1.923,0.06
300160,秀强股份,4.31,4.3,4.31,4.18,4.18,4.38,4.13,9027000.0,38763469.0,3.11,0.13
300161,华中数控,28.68,28.68,28.7,28.59,28.61,29.25,28.41,4022000.0,116576261.0,0.315,0.09
300162,雷曼光电,10.57,10.56,10.57,11.25,11.01,11.57,10.57,59973237.0,670057441.0,-6.044,-0.68
300163,先锋新材,6.29,6.29,6.3,6.5,6.5,6.58,6.12,50181297.0,318467008.0,-3.231,-0.21
300164,通源石油,8.86,8.86,8.87,9.18,8.45,9.03,8.22,186029646.0,1624578892.0,-3.486,-0.32
300165,天瑞仪器,5.09,5.09,5.1,5.06,5.06,5.28,4.95,11974330.0,61776605.0,0.593,0.03
300166,东方国信,16.0,15.99,16.0,16.2,15.97,16.96,15.72,98006083.0,1613550228.0,-1.235,-0.2
300167,ST迪威迅,4.51,4.51,4.52,4.52,4.45,4.57,4.43,3439300.0,15484570.0,-0.221,-0.01
300168,万达信息,4.78,4.77,4.78,4.62,4.6,4.88,4.51,33390641.0,159394952.0,3.463,0.16
300169,天晟新材,4.71,4.71,4.72,4.6,4.57,4.85,4.52,9736000.0,46006043.0,2.391,0.11
300170,汉得信息,15.76,15.76,15.77,15.01,14.78,16.66,14.74,87921859.0,1391858363.0,4.997,0.75
300171,东富龙,11.68,11.68,11.69,11.16,11.08,12.04,10.98,14589169.0,169658101.0,4.659,0.52
300172,中电环保,4.22,4.21,4.22,4.11,4.09,4.29,4.05,14502348.0,60915370.0,2.676,0.11
300173,ST福能,3.27,3.26,3.27,3.22,3.22,3.31,3.18,6293500.0,20478320.0,1.553,0.05
300174,元力股份,23.24,23.24,23.25,24.88,25.02,25.77,23.24,30485726.0,743978064.0,-6.592,-1.64
300175,朗源股份,5.42,5.41,5.42,5.51,5.59,5.65,5.39,9300541.0,51233346.0,-1.633,-0.09
300176,鸿特科技,4.94,4.94,4.95,4.81,4.81,5.04,4.78,11927300.0,58747305.0,2.703,0.13
300177,中海达,6.23,6.23,6.24,6.0,6.04,6.42,5.94,19009868.0,118069101.0,3.833,0.23
300179,四方达,48.25,48.25,48.26,50.67,50.0,52.75,48.23,45911128.0,2309544539.0,-4.776,-2.42
300180,华峰超纤,4.01,4.01,4.02,3.95,3.96,4.12,3.87,31025493.0,125021465.0,1.519,0.06
300181,佐力药业,13.46,13.46,13.49,13.32,13.26,13.79,13.18,15083300.0,204402689.0,1.051,0.14
300182,捷成股份,4.86,4.86,4.87,4.76,4.7,4.96,4.65,107737919.0,522716973.0,2.101,0.1
300183,东软载波,10.13,10.13,10.14,9.98,9.94,10.41,9.87,7039756.0,71793945.0,1.503,0.15
300184,力源信息,16.83,16.83,16.84,15.58,15.63,18.3,15.58,209027556.0,3621264289.0,8.023,1.25
300185,通裕重工,2.74,2.73,2.74,2.71,2.69,2.77,2.66,75600008.0,205765537.0,1.107,0.03
300187,永清环保,5.04,5.04,5.05,5.05,5.03,5.17,4.86,18745307.0,94487014.0,-0.198,-0.01
300188,国投智能,10.15,10.15,10.16,9.98,9.98,10.33,9.89,15165012.0,154308695.0,1.703,0.17
300189,神农种业,4.25,4.25,4.26,4.12,4.13,4.34,4.04,66285321.0,281205269.0,3.155,0.13
300190,维尔利,4.02,4.02,4.03,4.11,4.1,4.12,4.01,16620360.0,67503077.0,-2.19,-0.09
300191,潜能恒信,26.22,26.22,26.23,28.21,25.0,26.9,25.0,26004236.0,679265311.0,-7.054,-1.99
300192,科德教育,11.34,11.34,11.35,11.47,11.48,11.77,11.25,9684172.0,111589224.0,-1.133,-0.13
300193,佳士科技,7.71,7.7,7.71,7.6,7.58,7.79,7.51,4516460.0,34649385.0,1.447,0.11
300194,福安药业,3.61,3.61,3.62,3.55,3.55,3.65,3.46,18406700.0,65997542.0,1.69,0.06
300195,长荣股份,5.33,5.33,5.34,5.06,5.03,5.52,4.96,28803956.0,153254784.0,5.336,0.27
300196,长海股份,20.61,20.61,20.62,21.79,21.8,22.56,20.61,27584275.0,596355777.0,-5.415,-1.18
300197,节能铁汉,1.91,1.9,1.91,1.84,1.83,1.96,1.81,177472648.0,338288349.0,3.804,0.07
300198,*ST纳川,2.18,2.17,2.18,2.16,2.15,2.2,2.13,7431520.0,16058402.0,0.926,0.02
300199,翰宇药业,25.44,25.44,25.45,25.78,25.79,26.78,25.06,88655723.0,2303918423.0,-1.319,-0.34
300200,高盟新材,9.88,9.88,9.89,9.91,9.85,10.23,9.74,19925944.0,198915437.0,-0.303,-0.03
300201,海伦哲,16.23,16.22,16.23,17.0,17.0,17.12,16.19,31646718.0,527440063.0,-4.529,-0.77
300203,聚光科技,12.63,12.63,12.65,12.63,12.62,12.99,12.49,9497530.0,121410285.0,0.0,0.0
300204,舒泰神,24.21,24.21,24.22,23.18,22.78,25.12,22.38,53563173.0,1287245903.0,4.443,1.03
300205,*ST天喻,4.7,4.7,4.71,4.62,4.6,4.72,4.52,1893400.0,8815439.0,1.732,0.08
300206,理邦仪器,12.04,12.04,12.06,12.16,12.09,12.37,11.93,7049500.0,85695261.0,-0.987,-0.12
300207,欣旺达,17.31,17.31,17.32,17.34,17.3,17.68,17.01,41952025.0,729659005.0,-0.173,-0.03
300209,行云科技,25.06,25.06,25.07,26.34,26.0,28.15,25.02,60388999.0,1612963971.0,-4.86,-1.28
300210,森远股份,8.78,8.77,8.78,8.45,8.4,8.94,8.29,14795900.0,129217789.0,3.905,0.33
300211,*ST亿通,7.65,7.65,7.66,7.57,7.5,7.85,7.44,3548360.0,27288681.0,1.057,0.08
300212,*ST易录,9.2,9.19,9.2,8.82,8.8,9.24,8.67,20469114.0,183136591.0,4.308,0.38
300213,佳讯飞鸿,6.12,6.12,6.13,5.95,5.9,6.31,5.82,19651535.0,120541739.0,2.857,0.17
300214,日科化学,10.25,0.0,0.0,10.25,0.0,0.0,0.0,0.0,0.0,0.0,0.0
300215,电科院,6.29,6.28,6.29,6.18,6.16,6.42,6.13,12871900.0,81093071.0,1.78,0.11
300217,东方电热,4.44,4.44,4.45,4.15,4.17,4.53,4.11,51206187.0,224112416.0,6.988,0.29
300218,安利股份,12.94,12.94,12.95,12.8,12.75,13.28,12.66,3400100.0,44196252.0,1.094,0.14
300219,鸿利智汇,7.6,7.59,7.6,7.78,7.72,8.06,7.56,35858441.0,281882608.0,-2.314,-0.18
300220,金运激光,10.11,10.11,10.12,9.92,9.92,10.41,9.74,3225621.0,32741504.0,1.915,0.19
300221,银禧科技,14.53,14.53,14.54,15.1,15.2,15.42,14.52,31754974.0,474599580.0,-3.775,-0.57
300222,科大智能,11.43,11.43,11.44,11.6,11.58,11.96,11.43,34594056.0,405405830.0,-1.466,-0.17
300223,北京君正,219.9,219.9,219.92,236.02,237.29,244.92,219.8,36908110.0,8615027378.0,-6.83,-16.12
300224,正海磁材,12.28,12.28,12.29,12.31,12.18,12.83,12.13,23845359.0,297844013.0,-0.244,-0.03
300225,金力泰,7.3,7.29,7.3,7.33,7.46,7.56,7.2,15754800.0,116054711.0,-0.409,-0.03
300226,上海钢联,16.1,16.09,16.1,15.32,15.32,16.94,15.08,15745777.0,255154042.0,5.091,0.78
300227,光韵达,9.93,9.93,9.94,10.07,10.0,10.5,9.91,24799984.0,252741479.0,-1.39,-0.14
300228,富瑞特装,7.71,7.71,7.72,7.56,7.5,7.95,7.37,28541260.0,219856427.0,1.984,0.15
300229,拓尔思,13.72,13.72,13.73,13.42,13.3,14.37,13.06,39562581.0,549436548.0,2.235,0.3
300230,永利股份,4.14,4.14,4.15,4.05,4.04,4.2,4.02,7758095.0,32044787.0,2.222,0.09
300231,银信科技,7.83,7.82,7.83,7.7,7.66,7.99,7.55,10109312.0,79392499.0,1.688,0.13
300232,洲明科技,5.07,5.06,5.07,5.07,5.05,5.21,5.02,17542279.0,90141530.0,0.0,0.0
300233,金城医药,13.25,13.25,13.26,13.0,12.95,13.5,12.66,18535190.0,244715728.0,1.923,0.25
300234,开尔新材,9.86,9.86,9.87,9.85,9.85,10.1,9.73,12614000.0,125072682.0,0.102,0.01
300235,方直科技,11.95,11.95,11.96,11.75,11.68,12.06,11.2,7442800.0,87295347.0,1.702,0.2
300236,上海新阳,119.7,119.7,119.71,131.32,130.01,132.67,119.17,19734112.0,2501306176.0,-8.849,-11.62
300237,ST美晨,1.95,1.94,1.95,1.87,1.88,1.95,1.86,26310840.0,50390762.0,4.278,0.08
300238,冠昊生物,11.6,11.6,11.61,11.29,11.27,11.82,11.0,7995600.0,92388255.0,2.746,0.31
300239,东宝生物,5.26,5.26,5.27,5.0,5.0,5.34,4.91,20608561.0,107631975.0,5.2,0.26
300240,飞力达,5.18,5.17,5.18,5.06,5.02,5.27,4.96,8081000.0,41744067.0,2.372,0.12
300241,瑞丰光电,5.96,5.96,5.97,6.04,5.95,6.13,5.92,36902453.0,222551762.0,-1.325,-0.08
300242,佳云科技,4.47,4.46,4.47,4.39,4.35,4.59,4.28,23376700.0,104658860.0,1.822,0.08
300243,瑞丰高材,15.41,15.41,15.42,16.11,16.11,16.5,15.4,20180626.0,322250532.0,-4.345,-0.7
300244,迪安诊断,20.46,20.45,20.46,18.34,18.23,21.28,18.03,71938781.0,1454661046.0,11.559,2.12
300245,ST天玑,5.63,5.63,5.64,5.6,5.58,5.73,5.44,8043300.0,45129169.0,0.536,0.03
300246,宝莱特,15.07,15.07,15.11,14.91,15.0,15.53,14.76,10477150.0,158856124.0,1.073,0.16
300247,融捷健康,3.71,3.71,3.72,3.65,3.65,3.76,3.58,11132524.0,41232002.0,1.644,0.06
300248,新开普,7.68,7.68,7.7,7.53,7.49,7.87,7.4,9840047.0,75787723.0,1.992,0.15
300249,依米康,16.91,16.9,16.91,16.04,15.83,17.74,15.75,56593787.0,963492142.0,5.424,0.87
300250,初灵信息,14.49,14.48,14.49,14.18,13.93,14.89,13.87,7764802.0,113117703.0,2.186,0.31
300251,光线传媒,12.75,12.75,12.76,12.26,12.2,12.85,12.06,114673252.0,1446038675.0,3.997,0.49
300252,金信诺,14.25,14.25,14.26,14.31,14.27,14.78,14.03,48278200.0,694395946.0,-0.419,-0.06
300253,卫宁健康,7.13,7.13,7.14,6.77,6.73,7.29,6.64,93182918.0,659744582.0,5.318,0.36
300254,仟源医药,8.24,8.23,8.24,7.95,7.9,8.36,7.74,12730841.0,103921679.0,3.648,0.29
300255,常山药业,26.34,26.34,0.0,21.95,21.57,26.34,21.43,70269030.0,1766605471.0,20.0,4.39
300256,星星科技,2.6,2.59,2.6,2.55,2.54,2.66,2.5,30627717.0,79677338.0,1.961,0.05
300257,开山股份,27.2,27.2,27.23,28.06,28.06,29.38,27.2,14255167.0,403111545.0,-3.065,-0.86
300258,精锻科技,10.84,10.84,10.85,10.75,10.73,11.19,10.65,11135200.0,121330433.0,0.837,0.09
300259,新天科技,5.32,5.31,5.32,5.42,5.43,5.54,5.29,30210920.0,163304820.0,-1.845,-0.1
300260,新莱应材,83.35,83.35,83.36,95.0,96.0,96.0,83.14,28312448.0,2540023148.0,-12.263,-11.65
300261,雅本化学,4.49,4.49,4.5,4.37,4.35,4.57,4.27,15814500.0,70891421.0,2.746,0.12
300263,隆华科技,13.04,13.03,13.04,13.93,13.94,14.48,13.04,86521045.0,1184872293.0,-6.389,-0.89
300264,佳创视讯,7.8,7.79,7.8,7.67,7.68,7.99,7.51,16424500.0,128415449.0,1.695,0.13
300265,通光线缆,15.83,15.83,15.84,15.57,15.49,16.77,15.24,48654258.0,777891424.0,1.67,0.26
300266,兴源环境,1.83,1.82,1.83,1.76,1.76,1.85,1.73,25943280.0,46896077.0,3.977,0.07
300267,尔康制药,3.29,3.29,3.3,3.17,3.16,3.34,3.11,42464538.0,138765961.0,3.785,0.12
300268,佳沃食品,10.9,10.9,10.93,10.62,10.61,11.08,10.24,3135600.0,33744702.0,2.637,0.28
300269,联建光电,5.2,5.19,5.2,5.13,5.07,5.42,5.0,41996438.0,219093028.0,1.365,0.07
300270,中威电子,13.23,13.23,13.24,12.99,12.7,13.5,12.6,28788900.0,379081352.0,1.848,0.24
300271,华宇软件,5.03,5.03,5.04,4.91,4.93,5.1,4.8,14081392.0,70676302.0,2.444,0.12
300272,开能健康,5.43,5.42,5.43,5.29,5.22,5.51,5.19,9405824.0,50925498.0,2.647,0.14
300274,阳光电源,114.79,114.78,114.79,124.01,123.17,123.8,114.0,93937977.0,11128134507.0,-7.435,-9.22
300275,梅安森,8.08,8.08,8.09,7.83,7.85,8.31,7.7,7692560.0,62083896.0,3.193,0.25
300276,三丰智能,7.05,7.05,7.06,6.99,6.96,7.29,6.9,58187295.0,414275282.0,0.858,0.06
300277,汽轮科技,13.91,13.91,13.92,13.77,13.69,14.39,13.6,23053041.0,323130617.0,1.017,0.14
300278,华昌达,3.81,3.8,3.81,3.75,3.75,3.93,3.71,28654234.0,110161890.0,1.6,0.06
300279,和晶科技,5.68,5.68,5.69,5.6,5.59,5.77,5.5,13198600.0,74828636.0,1.429,0.08
300281,金明精机,6.33,6.33,6.34,6.3,6.27,6.6,6.19,9089000.0,58358449.0,0.476,0.03
300283,温州宏丰,17.2,17.2,17.21,18.0,18.0,18.77,17.2,46495840.0,835741695.0,-4.444,-0.8
300284,苏交科,5.2,5.2,5.21,5.02,5.0,5.3,4.96,22674969.0,117693031.0,3.586,0.18
300285,国瓷材料,74.1,74.09,74.1,80.8,80.5,84.82,74.06,112645499.0,8928253474.0,-8.292,-6.7
300286,安科瑞,20.86,20.85,20.86,20.86,20.89,21.57,20.63,7448000.0,157137692.0,0.0,0.0
300287,飞利信,3.88,3.87,3.88,3.77,3.74,3.92,3.7,100433919.0,386183529.0,2.918,0.11
300288,朗玛信息,9.09,9.09,9.1,8.88,8.86,9.35,8.69,6753700.0,61502878.0,2.365,0.21
300289,利德曼,5.54,5.53,5.54,5.3,5.25,5.61,5.21,11283800.0,61919152.0,4.528,0.24
300290,ST荣科,4.26,4.25,4.26,4.25,4.21,4.37,4.18,30975806.0,132757069.0,0.235,0.01
300291,百纳千成,5.04,5.04,5.05,4.82,4.75,5.17,4.71,44717500.0,224940479.0,4.564,0.22
300292,吴通控股,4.48,4.48,4.49,4.44,4.44,4.61,4.43,73835400.0,334350404.0,0.901,0.04
300293,蓝英装备,17.9,17.89,17.9,17.97,17.9,18.6,17.8,9107093.0,165820469.0,-0.39,-0.07
300294,博雅生物,14.7,14.7,14.72,14.38,14.41,14.95,14.08,7292500.0,106743936.0,2.225,0.32
300295,*ST三六,10.08,10.08,10.1,10.1,10.1,10.22,9.95,1808766.0,18291613.0,-0.198,-0.02
300296,利亚德,5.27,5.26,5.27,5.25,5.22,5.42,5.2,67317464.0,357916046.0,0.381,0.02
300298,三诺生物,14.53,14.53,14.54,14.24,14.22,14.77,14.02,7308233.0,105740057.0,2.037,0.29
300299,富春股份,5.07,5.07,5.08,4.95,4.9,5.15,4.83,27101147.0,137025699.0,2.424,0.12
300300,海峡创新,7.27,7.27,7.28,6.96,6.91,7.55,6.85,56261783.0,408985122.0,4.454,0.31
300301,ST长方,3.63,3.61,3.63,3.67,3.69,3.71,3.58,7720900.0,28172031.0,-1.09,-0.04
300302,同有科技,40.31,40.31,40.34,42.25,42.65,44.37,40.3,38285751.0,1628734998.0,-4.592,-1.94
300303,聚飞光电,8.81,8.8,8.81,9.05,8.98,9.32,8.81,74806449.0,680186360.0,-2.652,-0.24
300304,云意电气,14.47,14.47,14.48,14.58,14.39,15.42,14.28,41697562.0,622319496.0,-0.754,-0.11
300305,裕兴股份,5.13,5.13,5.15,5.18,5.2,5.33,5.09,12963700.0,67551746.0,-0.965,-0.05
300306,远方信息,9.32,9.31,9.32,9.27,9.28,9.54,9.15,4027020.0,37783931.0,0.539,0.05
300307,慈星股份,6.83,6.82,6.83,6.66,6.65,6.93,6.5,19035900.0,129279050.0,2.553,0.17
300308,中际旭创,1093.98,1093.89,1093.98,1194.9,1210.0,1218.0,1093.98,42326242.0,49028023215.0,-8.446,-100.92
300310,宜通世纪,4.15,4.14,4.15,4.04,4.02,4.26,3.96,31969218.0,132652447.0,2.723,0.11
300311,ST任子行,5.47,5.47,5.48,5.38,5.36,5.55,5.3,10851061.0,59104414.0,1.673,0.09
300313,天山生物,8.41,8.4,8.41,8.0,8.0,8.73,7.83,9625600.0,80296591.0,5.125,0.41
300314,戴维医疗,9.43,9.43,9.47,9.24,9.24,9.65,9.04,3663400.0,34644312.0,2.056,0.19
300315,掌趣科技,4.08,4.08,4.09,3.98,3.96,4.15,3.91,104118436.0,424059857.0,2.513,0.1
300316,晶盛机电,47.28,47.17,47.28,49.5,49.88,51.1,47.02,29715028.0,1457817684.0,-4.485,-2.22
300317,珈伟新能,3.71,3.71,3.72,3.61,3.6,3.85,3.57,53886911.0,201287936.0,2.77,0.1
300318,博晖创新,4.55,4.54,4.55,4.41,4.41,4.63,4.32,11705484.0,53162501.0,3.175,0.14
300319,麦捷科技,20.62,20.61,20.62,22.22,22.83,23.18,20.59,108988360.0,2388501953.0,-7.201,-1.6
300320,海达股份,8.43,8.43,8.44,8.49,8.5,8.63,8.35,10080464.0,85486794.0,-0.707,-0.06
300321,同大股份,47.12,47.08,47.12,47.26,46.56,50.44,46.17,4010748.0,194623394.0,-0.296,-0.14
300322,硕贝德,22.22,22.22,22.23,22.08,22.0,23.18,21.7,28304555.0,638000724.0,0.634,0.14
300323,华灿光电,15.85,15.85,15.86,16.17,16.59,18.0,15.83,145783749.0,2482169799.0,-1.979,-0.32
300324,旋极信息,3.98,3.97,3.98,3.83,3.81,4.05,3.73,79017418.0,312145591.0,3.916,0.15
300326,ST凯利,6.03,6.02,6.03,5.99,5.98,6.08,5.91,4243400.0,25522719.0,0.668,0.04
300327,中颖电子,28.82,28.81,28.82,30.28,30.65,31.19,28.82,27496212.0,829550107.0,-4.822,-1.46
300328,宜安科技,12.05,12.05,12.06,11.93,11.82,12.59,11.72,62541195.0,762568110.0,1.006,0.12
300329,海伦钢琴,10.97,10.97,10.98,10.89,11.06,11.62,10.95,3055300.0,34079633.0,0.735,0.08
300331,苏大维格,65.0,65.0,65.02,66.1,66.01,67.48,64.51,12827665.0,848286517.0,-1.664,-1.1
300332,天壕能源,4.43,4.42,4.43,4.8,4.53,4.61,4.33,59834397.0,266276825.0,-7.708,-0.37
300333,兆日科技,7.69,7.68,7.69,7.65,7.66,7.93,7.48,9720099.0,75411082.0,0.523,0.04
300334,津膜科技,9.23,9.22,9.23,9.15,9.14,9.68,9.06,13590000.0,127646020.0,0.874,0.08
300335,迪森股份,4.88,4.88,4.89,4.75,4.72,4.99,4.67,12326765.0,60228026.0,2.737,0.13
300337,银邦股份,11.21,11.21,11.22,10.79,10.73,11.94,10.57,44958638.0,512317100.0,3.892,0.42
300338,*ST开元,2.9,2.9,2.91,2.95,2.91,2.95,2.85,5738700.0,16657612.0,-1.695,-0.05
300339,润和软件,38.88,38.87,38.88,38.31,38.0,40.58,37.72,38819457.0,1528384921.0,1.488,0.57
300340,科恒股份,8.06,8.06,8.07,7.94,7.72,8.27,7.72,5904443.0,47878944.0,1.511,0.12
300341,麦克奥迪,12.59,12.58,12.59,12.61,12.65,12.96,12.35,7795300.0,98754242.0,-0.159,-0.02
300342,天银机电,46.54,46.54,46.55,42.92,42.6,50.49,42.01,59530457.0,2793562064.0,8.434,3.62
300343,联创股份,5.71,5.71,5.72,5.74,5.7,5.84,5.68,37055800.0,212823284.0,-0.523,-0.03
300345,华民股份,6.84,6.84,6.85,6.88,6.83,7.28,6.78,34639902.0,241754435.0,-0.581,-0.04
300346,南大光电,74.27,74.27,74.28,80.18,81.39,84.2,74.02,92806926.0,7405300268.0,-7.371,-5.91
300347,泰格医药,47.27,47.26,47.27,43.45,42.8,48.8,42.3,34072791.0,1574220806.0,8.792,3.82
300348,长亮科技,8.64,8.63,8.64,8.5,8.46,8.87,8.35,16594783.0,144092830.0,1.647,0.14
300349,金卡智能,10.27,10.27,10.28,10.16,10.11,10.54,10.02,7216231.0,74492500.0,1.083,0.11
300350,华鹏飞,4.03,4.03,4.04,3.91,3.91,4.12,3.85,22336200.0,90227228.0,3.069,0.12
300351,永贵电器,14.81,14.81,14.82,14.42,14.25,15.41,14.21,19755377.0,294546852.0,2.705,0.39
300352,ST信源,2.62,2.62,2.63,2.61,2.58,2.67,2.53,26885616.0,70198986.0,0.383,0.01
300353,东土科技,19.8,19.79,19.8,20.83,20.66,20.84,19.79,21144793.0,430888620.0,-4.945,-1.03
300354,东华测试,34.9,34.9,34.94,35.03,34.73,36.7,34.54,4487900.0,160014170.0,-0.371,-0.13
300355,蒙草生态,2.79,2.79,2.8,2.71,2.71,2.84,2.66,33097701.0,91943356.0,2.952,0.08
300357,我武生物,23.63,23.63,23.65,22.99,22.75,24.24,22.5,13892859.0,327353150.0,2.784,0.64
300358,楚天科技,8.11,8.1,8.11,7.89,7.86,8.28,7.72,23669380.0,191076459.0,2.788,0.22
300359,全通教育,3.63,3.62,3.63,3.47,3.44,3.7,3.38,25692700.0,92520591.0,4.611,0.16
300360,炬华科技,11.5,11.5,11.51,11.35,11.33,11.71,11.15,5314158.0,60759093.0,1.322,0.15
300363,博腾股份,18.42,18.41,18.42,16.94,16.62,18.98,16.62,53974988.0,980550679.0,8.737,1.48
300364,中文在线,24.75,24.75,24.76,24.33,23.62,25.73,23.62,73374655.0,1831349637.0,1.726,0.42
300365,恒华科技,4.51,4.51,4.52,4.43,4.43,4.63,4.36,12569300.0,57043597.0,1.806,0.08
300366,ST创意,4.78,4.77,4.78,4.66,4.6,4.87,4.55,8892800.0,42102608.0,2.575,0.12
300368,汇金股份,7.75,7.75,7.76,7.66,7.65,8.0,7.46,19532700.0,152348673.0,1.175,0.09
300369,绿盟科技,6.61,6.6,6.61,6.69,6.63,6.9,6.51,81011902.0,537886057.0,-1.196,-0.08
300370,安控科技,2.08,2.08,2.09,2.01,2.01,2.12,1.98,41059600.0,84892628.0,3.483,0.07
300371,汇中股份,9.93,9.93,9.95,9.82,9.82,10.2,9.66,2206820.0,22028113.0,1.12,0.11
300373,扬杰科技,118.67,118.66,118.67,136.62,135.5,139.13,118.1,37669519.0,4896700289.0,-13.139,-17.95
300374,中铁装配,10.09,10.09,10.1,9.85,9.8,10.29,9.7,4838730.0,48822076.0,2.437,0.24
300375,鹏翎股份,3.92,3.92,3.93,3.86,3.9,4.0,3.82,8760834.0,34397355.0,1.554,0.06
300376,易事特,5.08,5.08,5.09,5.2,5.09,5.22,5.02,33615600.0,171978773.0,-2.308,-0.12
300377,赢时胜,13.92,13.91,13.92,14.16,14.0,14.4,13.73,35503509.0,500759259.0,-1.695,-0.24
300378,鼎捷数智,34.08,34.08,34.09,33.05,32.64,35.98,32.24,16393498.0,570346851.0,3.116,1.03
300380,安硕信息,28.8,28.8,28.81,28.82,28.83,29.72,27.86,3102800.0,90054750.0,-0.069,-0.02
300381,溢多利,5.85,5.85,5.88,5.74,5.72,6.0,5.58,9700900.0,56756491.0,1.916,0.11
300382,斯莱克,19.92,19.92,19.93,21.77,21.89,22.03,19.92,35411955.0,745433008.0,-8.498,-1.85
300383,光环新网,13.07,13.07,13.08,12.96,12.9,13.52,12.79,88180849.0,1166675452.0,0.849,0.11
300384,三联虹普,11.91,11.9,11.91,11.86,11.85,12.17,11.63,3299970.0,39506783.0,0.422,0.05
300385,ST雪浪,11.8,11.79,11.8,11.22,11.32,12.35,11.23,9940544.0,117142456.0,5.169,0.58
300386,飞天诚信,10.27,10.27,10.28,9.8,9.8,10.65,9.69,11680796.0,120388160.0,4.796,0.47
300387,富邦科技,6.99,6.98,6.99,6.86,6.86,7.1,6.73,5917657.0,41225110.0,1.895,0.13
300388,节能国祯,6.82,6.81,6.82,6.76,6.71,6.88,6.65,5295663.0,35871076.0,0.888,0.06
300389,艾比森,12.73,12.72,12.73,12.56,12.95,13.6,12.72,9798457.0,128419271.0,1.354,0.17
300390,天华新能,65.7,65.7,65.71,69.1,68.59,70.6,65.7,74788758.0,5106767343.0,-4.92,-3.4
300393,中来股份,6.54,6.54,6.55,6.53,6.53,6.82,6.44,28988927.0,192505303.0,0.153,0.01
300394,天孚通信,271.12,271.11,271.12,271.5,281.0,291.8,270.91,64623102.0,18290722004.0,-0.14,-0.38
300395,菲利华,103.15,103.14,103.15,107.25,108.25,111.8,102.98,26448483.0,2851053347.0,-3.823,-4.1
300396,ST迪瑞,6.49,6.49,6.5,6.36,6.3,6.57,6.19,3101000.0,19980173.0,2.044,0.13
300397,天和防务,12.48,12.48,12.49,12.45,12.3,13.09,12.26,31024931.0,393504663.0,0.241,0.03
300398,飞凯材料,46.75,46.74,46.75,49.72,50.99,52.86,46.75,70916060.0,3555179644.0,-5.973,-2.97
300399,天利科技,18.25,18.25,18.26,17.79,17.8,18.48,17.16,5985400.0,108368474.0,2.586,0.46
300400,劲拓股份,30.66,30.65,30.66,31.29,32.02,32.68,30.58,11129000.0,351795193.0,-2.013,-0.63
300401,花园生物,16.56,16.56,16.57,17.14,16.75,17.11,16.5,35254605.0,591969890.0,-3.384,-0.58
300402,宝色股份,14.16,14.15,14.16,13.57,13.6,14.6,13.5,5220695.0,73818719.0,4.348,0.59
300403,汉宇集团,10.01,10.0,10.01,9.88,9.85,10.35,9.73,17395603.0,175684158.0,1.316,0.13
300404,博济医药,9.48,9.47,9.48,9.11,9.02,9.66,8.87,19864142.0,186254441.0,4.061,0.37
300405,科隆股份,5.11,5.11,5.12,5.01,4.99,5.25,4.92,10779870.0,55198553.0,1.996,0.1
300406,九强生物,11.23,11.23,11.25,11.17,11.18,11.46,10.97,4582200.0,51678078.0,0.537,0.06
300407,凯发电气,10.41,10.4,10.41,10.09,10.19,10.59,9.94,5984900.0,61757006.0,3.171,0.32
300408,三环集团,127.05,127.04,127.05,133.81,136.11,144.49,126.17,73435631.0,9970462156.0,-5.052,-6.76
300409,道氏技术,18.63,18.63,18.64,18.58,18.59,19.42,18.51,21459641.0,405627387.0,0.269,0.05
300410,正业科技,8.47,8.47,8.48,8.65,8.77,9.01,8.46,27006700.0,236451799.0,-2.081,-0.18
300411,金盾股份,6.98,6.98,6.99,6.71,6.73,7.19,6.65,13720180.0,95872785.0,4.024,0.27
300412,迦南科技,4.18,4.17,4.18,4.09,4.08,4.3,3.97,16547210.0,69200376.0,2.2,0.09
300413,芒果超媒,15.35,15.34,15.35,14.62,14.68,15.64,14.56,27740194.0,423450469.0,4.993,0.73
300414,中光防雷,10.76,10.76,10.77,10.55,10.56,11.3,10.43,9111030.0,99318744.0,1.991,0.21
300415,伊之密,20.73,20.72,20.73,20.22,20.21,21.55,20.11,10538917.0,219668657.0,2.522,0.51
300416,苏试试验,18.54,18.54,18.55,18.82,18.71,19.59,18.36,39202710.0,742616242.0,-1.488,-0.28
300417,南华仪器,10.29,10.29,10.3,10.13,10.11,10.56,9.9,4032000.0,41426323.0,1.579,0.16
300418,昆仑万维,49.42,49.42,49.43,50.42,48.47,53.53,47.8,162146028.0,8195979371.0,-1.983,-1.0
300419,ST浩丰,7.29,7.28,7.29,7.11,7.15,7.44,7.06,10627100.0,77708504.0,2.532,0.18
300420,五洋自控,8.35,8.34,8.35,8.3,8.39,8.77,8.21,106217271.0,906007110.0,0.602,0.05
300421,力星股份,19.17,19.17,19.18,18.15,18.16,19.9,18.09,17924522.0,342848062.0,5.62,1.02
300422,博世科,4.44,4.44,4.45,4.35,4.35,4.52,4.25,14283982.0,63225336.0,2.069,0.09
300423,昇辉科技,5.62,5.62,5.63,5.49,5.46,5.78,5.38,11333998.0,63911675.0,2.368,0.13
300424,航新科技,15.02,15.01,15.02,15.05,14.9,15.69,14.85,13279366.0,202266678.0,-0.199,-0.03
300425,中建环能,3.86,3.86,3.87,3.76,3.73,3.94,3.71,9337196.0,35967562.0,2.66,0.1
300426,华智数媒,5.59,5.59,5.6,5.38,5.3,5.78,5.21,24249723.0,134551390.0,3.903,0.21
300427,红相股份,6.43,6.43,6.45,6.13,6.12,6.72,5.99,28278596.0,182141135.0,4.894,0.3
300428,立中集团,17.77,17.76,17.77,17.36,17.26,18.49,17.13,10020351.0,178818616.0,2.362,0.41
300429,强力新材,14.78,14.78,14.79,15.09,15.28,17.13,14.78,65563211.0,1045457506.0,-2.054,-0.31
300430,*ST益通,4.66,4.65,4.66,4.55,4.47,4.76,4.4,10676500.0,48993278.0,2.418,0.11
300432,富临精工,16.69,16.68,16.69,17.2,17.16,17.33,16.64,42537740.0,722456872.0,-2.965,-0.51
300433,蓝思科技,43.64,43.64,43.65,46.73,46.33,47.12,43.6,147441966.0,6702278391.0,-6.612,-3.09
300434,金石亚药,11.96,11.95,11.96,11.48,11.4,12.26,11.18,41789230.0,490024287.0,4.181,0.48
300435,中泰股份,20.56,20.55,20.56,21.1,21.06,21.33,20.45,17816733.0,370074140.0,-2.559,-0.54
300436,广生堂,98.39,98.39,98.4,96.08,94.01,101.11,93.03,8511175.0,832515571.0,2.404,2.31
300437,清水源,10.54,10.54,10.55,10.41,10.3,10.76,10.2,8564807.0,90473874.0,1.249,0.13
300438,鹏辉能源,64.97,64.97,65.0,67.15,67.68,68.44,64.97,20166438.0,1347930650.0,-3.246,-2.18
300439,美康生物,8.46,8.45,8.46,8.31,8.35,8.6,8.04,3955400.0,33309729.0,1.805,0.15
300440,运达科技,21.31,21.3,21.31,19.78,19.73,21.89,19.72,21336296.0,451375058.0,7.735,1.53
300441,鲍斯股份,6.72,6.71,6.72,6.18,6.17,7.03,6.1,22610700.0,150386721.0,8.738,0.54
300442,润泽科技,82.25,82.24,82.25,80.08,80.0,86.31,79.5,55082928.0,4597054234.0,2.71,2.17
300443,金雷股份,19.65,19.65,19.66,19.3,19.3,20.18,19.08,6446302.0,126888913.0,1.813,0.35
300444,双杰电气,11.29,11.29,11.3,11.08,11.09,11.63,11.05,31076185.0,353513380.0,1.895,0.21
300445,康斯特,20.06,20.05,20.06,19.8,20.0,20.97,19.71,4374400.0,88823830.0,1.313,0.26
300446,航天智造,16.62,16.62,16.63,15.62,15.6,17.23,15.2,24503990.0,401221405.0,6.402,1.0
300447,全信股份,14.1,14.1,14.11,13.5,13.48,14.96,13.34,9141559.0,129816940.0,4.444,0.6
300448,浩云科技,5.52,5.51,5.52,5.45,5.4,5.68,5.35,15736017.0,87472953.0,1.284,0.07
300449,汉邦高科,6.96,6.95,6.96,6.8,6.8,7.09,6.76,12321240.0,85566368.0,2.353,0.16
300450,先导智能,36.25,36.25,36.26,37.05,37.3,37.6,36.14,45852177.0,1694649004.0,-2.159,-0.8
300451,创业慧康,3.41,3.41,3.42,3.23,3.21,3.63,3.17,66861143.0,230087244.0,5.573,0.18
300452,山河药辅,12.02,12.01,12.02,11.81,11.81,12.16,11.61,4166345.0,49865537.0,1.778,0.21
300453,三鑫医疗,9.35,9.34,9.35,9.19,9.14,9.42,8.99,6633991.0,61394346.0,1.741,0.16
300454,深信服,111.24,111.24,111.25,107.28,108.02,115.38,106.23,24168591.0,2704382994.0,3.691,3.96
300455,航天智装,23.1,23.09,23.1,21.05,21.04,24.0,20.58,24006406.0,545262561.0,9.739,2.05
300456,赛微电子,40.78,40.77,40.78,38.82,39.08,43.95,38.83,67892885.0,2855678701.0,5.049,1.96
300457,赢合科技,19.7,19.7,19.71,20.03,20.0,20.24,19.69,10328310.0,206401166.0,-1.648,-0.33
300458,全志科技,40.03,40.03,40.04,40.63,41.01,43.13,40.0,141778206.0,5913809921.0,-1.477,-0.6
300459,汤姆猫,3.55,3.54,3.55,3.41,3.38,3.6,3.34,167496422.0,590050692.0,4.106,0.14
300460,ST惠伦,9.9,9.89,9.9,9.93,9.98,10.08,9.73,7094161.0,70308353.0,-0.302,-0.03
300461,田中精机,35.43,35.43,35.46,34.64,34.41,36.66,34.41,5317100.0,189954395.0,2.281,0.79
300462,ST华铭,10.42,10.36,10.42,10.14,10.13,10.65,10.0,852000.0,8844978.0,2.761,0.28
300463,迈克生物,8.94,8.93,8.94,8.93,8.8,9.04,8.63,14342437.0,127258461.0,0.112,0.01
300464,星徽股份,6.27,6.26,6.27,6.28,6.29,6.49,6.24,10994300.0,69826499.0,-0.159,-0.01
300465,高伟达,10.72,10.72,10.73,10.38,10.44,11.13,10.2,18326835.0,198036840.0,3.276,0.34
300466,赛摩智能,7.17,7.17,7.18,7.05,6.99,7.33,6.95,7200540.0,51661489.0,1.702,0.12
300467,迅游科技,34.7,34.68,34.7,34.55,34.3,35.48,34.28,4597200.0,160493892.0,0.434,0.15
300468,四方精创,20.07,20.06,20.07,19.8,19.76,20.63,19.36,21427374.0,432581391.0,1.364,0.27
300469,信息发展,59.8,59.78,59.8,59.64,61.29,63.02,59.65,15237922.0,932619415.0,0.268,0.16
300470,中密控股,28.8,28.8,28.81,28.41,28.42,29.14,28.1,1677800.0,48356279.0,1.373,0.39
300471,厚普股份,9.38,9.37,9.38,8.98,8.98,9.6,8.77,14639439.0,136138716.0,4.454,0.4
300472,*ST新元,6.54,6.53,6.54,6.54,6.52,6.65,6.35,2840400.0,18419727.0,0.0,0.0
300473,德尔股份,25.41,25.41,25.42,26.18,26.18,26.87,25.4,5132100.0,133686991.0,-2.941,-0.77
300474,景嘉微,63.63,63.62,63.63,62.6,61.9,65.48,61.13,28213689.0,1777304431.0,1.645,1.03
300475,香农芯创,271.0,271.0,271.01,267.98,266.67,283.1,263.02,43433313.0,11918910029.0,1.127,3.02
300476,胜宏科技,272.0,272.0,272.01,296.7,297.17,305.45,271.72,49283048.0,14287381945.0,-8.325,-24.7
300477,ST合纵,2.34,2.33,2.34,2.3,2.28,2.35,2.26,14152907.0,32724667.0,1.739,0.04
300478,杭州高新,35.0,35.0,35.01,36.25,36.26,37.54,35.0,2470600.0,89643252.0,-3.448,-1.25
300479,神思电子,13.3,13.29,13.3,13.02,13.0,13.55,12.76,4583931.0,60894351.0,2.151,0.28
300480,光力科技,38.77,38.74,38.77,41.0,41.01,42.65,38.56,25894153.0,1054114091.0,-5.439,-2.23
300481,濮阳惠成,16.91,16.91,16.93,16.99,17.01,19.19,16.88,36203892.0,646890391.0,-0.471,-0.08
300482,万孚生物,16.84,16.84,16.85,16.5,16.45,17.06,16.14,9279732.0,155284040.0,2.061,0.34
300483,首华燃气,17.63,17.63,17.64,17.54,16.65,17.95,16.5,22459474.0,388822061.0,0.513,0.09
300484,蓝海华腾,13.8,13.79,13.8,12.55,12.59,14.8,12.44,14239995.0,198637776.0,9.96,1.25
300485,赛升药业,9.73,9.73,9.74,9.5,9.49,9.89,9.27,17279336.0,167584409.0,2.421,0.23
300486,东杰智能,21.15,21.15,21.16,21.23,21.03,21.55,20.8,11486900.0,242937876.0,-0.377,-0.08
300487,蓝晓科技,80.89,80.89,80.9,70.98,75.01,85.17,74.35,29024366.0,2354589745.0,13.962,9.91
300488,恒锋工具,40.11,40.1,40.11,40.17,40.12,41.3,39.5,7466909.0,303170046.0,-0.149,-0.06
300489,光智科技,255.0,253.26,255.0,268.0,268.0,272.66,250.92,11453350.0,2993983687.0,-4.851,-13.0
300490,华自科技,12.24,12.23,12.24,12.12,12.05,12.66,11.95,12807735.0,158356430.0,0.99,0.12
300491,通合科技,32.13,32.13,32.14,31.32,31.25,34.0,30.88,11561200.0,377533808.0,2.586,0.81
300492,华图山鼎,24.46,24.46,24.55,23.76,23.71,25.27,23.08,4615841.0,112551451.0,2.946,0.7
300493,润欣科技,13.81,13.81,13.82,13.79,13.77,14.5,13.7,19182422.0,270557173.0,0.145,0.02
300494,盛天网络,8.62,8.62,8.63,8.38,8.35,8.75,8.16,17708135.0,151824891.0,2.864,0.24
300496,中科创达,59.9,59.89,59.9,59.17,59.6,62.31,58.68,17176888.0,1043493688.0,1.234,0.73
300497,富祥股份,18.32,18.32,18.33,18.96,18.9,19.17,18.28,34542168.0,646719359.0,-3.376,-0.64
300498,温氏股份,13.34,13.33,13.34,13.15,13.18,13.48,12.87,62699911.0,831320979.0,1.445,0.19
300499,高澜股份,38.6,38.6,38.62,39.09,38.88,40.87,38.3,38695979.0,1535769416.0,-1.254,-0.49
300500,启迪设计,8.97,8.95,8.97,8.65,8.63,9.15,8.49,4073200.0,36331054.0,3.699,0.32
300501,海顺新材,12.19,12.17,12.19,12.33,12.1,12.51,12.09,4365948.0,53406402.0,-1.135,-0.14
300502,新易盛,523.05,523.05,523.08,545.5,564.0,570.98,520.58,51067761.0,28030566299.0,-4.115,-22.45
300503,昊志机电,91.57,91.57,91.58,90.56,91.04,97.38,89.36,38907516.0,3625007143.0,1.115,1.01
300504,天邑股份,16.58,16.58,16.59,16.86,16.77,17.5,16.58,13245900.0,224856270.0,-1.661,-0.28
300505,川金诺,20.91,20.91,20.92,20.09,20.32,21.8,19.5,33664164.0,690648588.0,4.082,0.82
300506,名家汇,6.57,6.57,6.58,6.41,6.43,6.63,6.29,54582586.0,352718503.0,2.496,0.16
300507,苏奥传感,7.22,7.22,7.23,7.22,7.15,7.33,7.11,10499024.0,76010201.0,0.0,0.0
300508,维宏股份,47.3,47.3,47.31,47.79,47.98,49.51,47.0,4187947.0,201438939.0,-1.025,-0.49
300509,新美星,8.25,8.25,8.26,8.16,8.14,8.45,8.01,7665000.0,63514129.0,1.103,0.09
300510,金冠股份,3.19,3.19,3.2,3.09,3.08,3.27,3.03,23401371.0,74480314.0,3.236,0.1
300511,雪榕生物,5.48,5.47,5.48,5.35,5.34,5.58,5.25,19377800.0,105860370.0,2.43,0.13
300512,中亚股份,6.77,6.77,6.78,6.64,6.63,6.93,6.55,3973000.0,26942557.0,1.958,0.13
300513,恒实科技,7.05,7.04,7.05,6.88,6.88,7.2,6.75,6674399.0,47129882.0,2.471,0.17
300514,友讯达,9.22,9.22,9.24,9.01,9.05,9.44,8.88,3302700.0,30552350.0,2.331,0.21
300515,三德科技,13.06,13.06,13.07,12.96,12.95,13.4,12.73,2857500.0,37429190.0,0.772,0.1
300516,久之洋,33.41,33.4,33.41,32.14,32.0,35.65,31.6,10833321.0,366369296.0,3.951,1.27
300517,海波重科,9.92,9.91,9.92,9.14,9.14,10.25,9.0,8196060.0,80372554.0,8.534,0.78
300518,新迅达,28.28,28.28,28.29,29.26,29.17,31.79,28.2,14566882.0,438209772.0,-3.349,-0.98
300519,新光药业,12.49,12.49,12.5,12.17,12.16,12.69,11.93,2668200.0,33157321.0,2.629,0.32
300520,科大国创,26.65,26.65,26.66,26.31,26.1,27.56,25.92,11889334.0,319882906.0,1.292,0.34
300521,爱司凯,23.93,23.93,23.95,24.57,24.7,25.38,23.93,3181000.0,77632757.0,-2.605,-0.64
300522,世名科技,17.47,17.47,17.48,19.28,18.11,18.75,17.05,41225061.0,742701302.0,-9.388,-1.81
300523,辰安科技,19.54,19.54,19.55,20.2,20.0,21.06,19.51,6490462.0,130065250.0,-3.267,-0.66
300525,博思软件,7.62,7.62,7.63,7.45,7.39,7.8,7.31,17453959.0,132995529.0,2.282,0.17
300527,ST应急,7.66,7.66,7.67,7.39,7.5,7.71,7.46,15666949.0,118611903.0,3.654,0.27
300528,幸福蓝海,15.9,15.89,15.9,14.35,14.22,16.33,14.2,27591041.0,425010908.0,10.801,1.55
300529,健帆生物,16.05,16.05,16.1,16.0,15.84,16.29,15.7,6902530.0,110732784.0,0.313,0.05
300530,领湃科技,16.5,16.47,16.5,16.2,16.2,16.94,15.84,4493864.0,73923165.0,1.852,0.3
300531,优博讯,16.09,16.09,16.1,16.85,16.5,16.8,15.91,22664150.0,371285331.0,-4.51,-0.76
300532,今天国际,6.29,6.29,6.3,6.25,6.2,6.41,6.14,8239752.0,52060263.0,0.64,0.04
300533,冰川网络,17.9,17.89,17.9,17.2,16.9,17.93,16.23,23895810.0,411545852.0,4.07,0.7
300534,陇神戎发,7.5,7.5,7.51,7.39,7.29,7.62,7.2,10654050.0,79510380.0,1.488,0.11
300535,达威股份,13.7,13.69,13.7,13.39,13.38,14.05,13.08,2488471.0,33976079.0,2.315,0.31
300536,农尚环境,8.97,8.97,8.98,9.11,9.16,9.37,8.96,11850000.0,108428048.0,-1.537,-0.14
300537,广信材料,25.43,25.43,25.44,27.1,27.12,28.6,25.38,20057800.0,538865335.0,-6.162,-1.67
300538,同益股份,14.85,14.85,14.86,15.85,15.82,16.38,14.85,9950500.0,154164187.0,-6.309,-1.0
300539,横河精密,21.54,21.54,21.55,20.84,20.63,21.99,20.63,10463732.0,223744303.0,3.359,0.7
300540,蜀道装备,44.94,44.93,44.94,47.33,46.97,51.22,44.75,32215737.0,1522789149.0,-5.05,-2.39
300541,先进数通,10.23,10.23,10.24,10.34,10.2,10.53,10.08,16005368.0,164811947.0,-1.064,-0.11
300542,新晨科技,11.14,11.14,11.15,10.89,10.9,11.45,10.69,6631802.0,74225701.0,2.296,0.25
300543,朗科智能,7.23,7.22,7.23,6.89,6.93,7.35,6.81,10120110.0,72663919.0,4.935,0.34
300545,联得装备,32.32,32.32,32.33,33.5,33.83,34.38,32.3,14060946.0,471131219.0,-3.522,-1.18
300546,雄帝科技,14.82,14.81,14.82,14.58,14.61,15.22,14.4,3997840.0,59625492.0,1.646,0.24
300547,川环科技,35.8,35.79,35.8,36.18,35.6,37.44,35.12,13421200.0,490215704.0,-1.05,-0.38
300548,长芯博创,221.79,221.77,221.79,232.7,236.0,241.99,221.49,14069987.0,3279124135.0,-4.688,-10.91
300549,优德精密,13.37,13.37,13.38,13.22,13.19,13.71,13.01,3470600.0,46573500.0,1.135,0.15
300550,和仁科技,14.52,14.51,14.52,14.53,14.5,14.84,14.35,7660400.0,111783875.0,-0.069,-0.01
300551,古鳌科技,9.42,9.42,9.43,9.17,9.09,9.79,9.02,11685600.0,110380410.0,2.726,0.25
300552,万集科技,21.82,21.82,21.85,21.39,21.41,22.46,21.36,4394691.0,96736520.0,2.01,0.43
300553,集智股份,78.69,78.69,78.77,72.86,75.12,83.99,75.09,9957917.0,800122639.0,8.002,5.83
300554,三超新材,23.14,23.14,23.15,23.48,23.2,25.58,23.14,7092202.0,171217000.0,-1.448,-0.34
300555,ST路通,13.0,13.0,13.1,13.42,13.43,13.49,13.0,2094900.0,27712615.0,-3.13,-0.42
300556,丝路视觉,16.47,16.47,16.48,16.26,16.13,16.85,16.11,6478700.0,107283283.0,1.292,0.21
300557,理工光科,30.53,30.53,30.54,31.3,31.0,31.77,30.5,5454797.0,170420862.0,-2.46,-0.77
300558,贝达药业,65.86,65.86,65.87,64.82,64.46,69.1,63.6,23493331.0,1570182034.0,1.604,1.04
300559,佳发教育,10.35,10.35,10.36,10.22,10.17,10.67,10.1,8364475.0,87552788.0,1.272,0.13
300560,中富通,18.9,18.89,18.9,19.91,19.72,20.07,18.88,14213000.0,277498891.0,-5.073,-1.01
300561,汇金科技,17.03,17.03,17.04,17.64,17.42,18.44,17.01,39687525.0,700575082.0,-3.458,-0.61
300562,乐心医疗,14.68,14.67,14.68,14.35,14.3,15.22,14.12,11655559.0,171651132.0,2.3,0.33
300563,神宇股份,26.51,26.51,26.55,26.5,26.55,27.76,26.47,5446256.0,147026180.0,0.038,0.01
300564,筑博设计,12.32,12.32,12.35,12.44,12.4,12.64,12.12,2082400.0,25899427.0,-0.965,-0.12
300565,科信技术,9.65,9.65,9.66,9.47,9.4,10.11,9.4,15336250.0,150539545.0,1.901,0.18
300566,激智科技,30.71,30.71,30.72,33.9,34.32,35.24,30.71,23145283.0,757608961.0,-9.41,-3.19
300567,精测电子,297.1,0.0,0.0,297.1,0.0,0.0,0.0,0.0,0.0,0.0,0.0
300568,星源材质,17.57,17.57,17.59,18.11,18.47,19.25,17.51,88950046.0,1623847663.0,-2.982,-0.54
300569,天能重工,4.67,4.66,4.67,4.62,4.61,4.79,4.48,19403702.0,90378741.0,1.082,0.05
300570,太辰光,211.64,211.64,211.66,210.83,215.15,222.2,210.92,21883912.0,4775639535.0,0.384,0.81
300571,平治信息,37.43,37.43,37.46,37.92,37.48,39.8,37.4,10785395.0,415106439.0,-1.292,-0.49
300572,安车检测,22.93,22.93,22.94,23.46,23.31,23.94,22.91,5900716.0,138238410.0,-2.259,-0.53
300573,兴齐眼药,40.59,40.58,40.59,39.7,39.37,41.12,38.83,10006035.0,403817681.0,2.242,0.89
300575,中旗股份,5.12,5.11,5.12,4.96,4.98,5.29,4.91,14742244.0,75650810.0,3.226,0.16
300576,容大感光,39.81,39.81,39.82,42.85,42.86,44.35,39.8,26052756.0,1093978772.0,-7.095,-3.04
300577,开润股份,16.9,16.89,16.9,16.6,16.6,17.07,16.22,2104174.0,35210922.0,1.807,0.3
300578,会畅科技,16.27,16.27,16.28,16.4,16.64,17.05,16.06,5924099.0,97946194.0,-0.793,-0.13
300579,数字认证,20.9,20.89,20.9,20.75,20.71,21.5,20.3,5361477.0,112812141.0,0.723,0.15
300580,贝斯特,22.92,22.91,22.92,22.98,23.1,24.5,22.56,25727800.0,602032887.0,-0.261,-0.06
300581,晨曦航空,10.15,10.15,10.16,9.84,9.76,10.66,9.59,26016923.0,264321355.0,3.15,0.31
300582,英飞特,11.72,11.72,11.73,11.76,11.72,12.14,11.54,6822098.0,81005968.0,-0.34,-0.04
300583,赛托生物,11.82,11.82,11.83,11.53,11.49,12.12,11.29,3778420.0,44585753.0,2.515,0.29
300584,海辰药业,34.41,34.41,34.42,33.6,33.5,35.32,32.82,4809800.0,165383083.0,2.411,0.81
300585,奥联电子,14.82,14.82,14.84,14.7,14.7,15.31,14.66,3756300.0,56340408.0,0.816,0.12
300586,美联新材,11.77,11.77,11.78,12.41,12.43,12.94,11.72,40244005.0,496394686.0,-5.157,-0.64
300587,天铁科技,3.63,3.63,3.64,3.6,3.56,3.73,3.55,29882736.0,109026031.0,0.833,0.03
300588,熙菱信息,24.8,24.77,24.8,23.09,22.4,24.88,21.91,14948471.0,355227389.0,7.406,1.71
300589,江龙船艇,12.48,12.48,12.49,11.75,11.67,12.98,11.52,23372343.0,290913779.0,6.213,0.73
300590,移为通信,14.98,14.97,14.98,14.86,14.87,15.32,14.77,24681587.0,371967660.0,0.808,0.12
300591,万里马,6.44,6.44,6.45,6.35,6.35,6.63,6.29,13479800.0,87421280.0,1.417,0.09
300592,华凯易佰,18.74,18.74,18.78,18.49,18.31,19.18,18.2,19070840.0,358713313.0,1.352,0.25
300593,新雷能,27.37,27.33,27.37,26.99,26.88,28.5,26.53,30617433.0,842574655.0,1.408,0.38
300594,ST朗进,14.13,14.13,14.17,13.84,13.84,14.38,13.57,1386700.0,19549025.0,2.095,0.29
300595,欧普康视,10.71,10.7,10.71,10.54,10.47,10.93,10.29,13307782.0,141968609.0,1.613,0.17
300596,利安隆,45.31,45.31,45.32,46.5,46.18,47.1,44.83,9583503.0,440337561.0,-2.559,-1.19
300597,吉大通信,7.22,7.21,7.22,7.03,7.01,7.4,6.91,7886800.0,56876857.0,2.703,0.19
300598,诚迈科技,28.27,28.27,28.28,27.77,27.5,29.33,27.08,6828403.0,194559103.0,1.801,0.5
300599,雄塑科技,9.79,9.79,9.8,9.8,9.77,9.96,9.57,6095500.0,59782363.0,-0.102,-0.01
300600,国瑞科技,9.91,9.9,9.91,9.38,9.3,10.3,9.13,14573773.0,143610403.0,5.65,0.53
300601,康泰生物,11.85,11.84,11.85,11.36,11.3,12.04,11.15,22368085.0,262499698.0,4.313,0.49
300602,飞荣达,45.82,45.82,45.83,46.87,46.88,49.37,45.82,27815397.0,1323084842.0,-2.24,-1.05
300603,立昂技术,7.58,7.57,7.58,7.4,7.38,7.74,7.3,15852301.0,120351449.0,2.432,0.18
300604,长川科技,352.31,352.31,352.49,374.0,379.6,395.0,349.18,38716235.0,14616432988.0,-5.799,-21.69
300605,恒锋信息,9.29,9.28,9.29,8.99,9.03,9.52,8.81,6937395.0,64303446.0,3.337,0.3
300606,金太阳,34.98,34.98,34.99,36.85,36.92,38.31,34.97,8444619.0,308898020.0,-5.075,-1.87
300607,拓斯达,38.57,38.57,38.58,38.82,38.88,40.13,38.03,46733742.0,1835166245.0,-0.644,-0.25
300608,思特奇,9.87,9.86,9.87,9.65,9.56,10.22,9.46,15671679.0,155537301.0,2.28,0.22
300609,汇纳科技,29.0,29.0,29.01,29.17,29.0,29.89,28.57,2980800.0,87251071.0,-0.583,-0.17
300610,晨化股份,9.44,9.43,9.44,9.38,9.27,9.59,9.23,3349030.0,31645675.0,0.64,0.06
300611,美力科技,24.1,24.1,24.12,24.5,24.72,24.94,24.06,3808700.0,92990220.0,-1.633,-0.4
300612,宣亚国际,11.25,11.24,11.25,10.78,10.8,11.54,10.46,10379400.0,116697565.0,4.36,0.47
300613,富瀚微,68.17,68.17,68.18,72.07,72.11,73.09,68.1,14453522.0,1025656400.0,-5.411,-3.9
300614,百川畅银,9.76,9.76,9.78,9.51,9.41,10.03,9.37,3463929.0,33814840.0,2.629,0.25
300615,欣天科技,9.67,9.67,9.68,9.44,9.35,10.03,9.31,5326400.0,51775673.0,2.436,0.23
300616,尚品宅配,10.26,10.26,10.28,10.09,10.01,10.51,9.89,6420600.0,65941139.0,1.685,0.17
300617,安靠智电,47.86,47.86,47.92,47.92,48.19,50.3,47.6,5411798.0,265219177.0,-0.125,-0.06
300618,寒锐钴业,33.11,33.11,33.13,33.17,33.0,33.92,32.86,5362400.0,179002653.0,-0.181,-0.06
300619,金银河,28.31,28.31,28.34,29.62,29.75,30.54,28.31,7038086.0,207663688.0,-4.423,-1.31
300620,光库科技,290.8,290.8,290.9,315.45,316.46,324.5,290.0,15145890.0,4733384744.0,-7.814,-24.65
300621,维业股份,6.49,6.48,6.49,6.26,6.26,6.62,6.13,5745476.0,37069164.0,3.674,0.23
300622,博士眼镜,13.91,13.91,13.93,13.87,13.85,14.3,13.58,5669534.0,79608784.0,0.288,0.04
300623,捷捷微电,37.15,37.15,37.16,39.98,39.6,40.85,37.06,54578647.0,2137042360.0,-7.079,-2.83
300624,万兴科技,52.13,52.12,52.13,50.96,50.6,54.8,50.15,14217832.0,750406912.0,2.296,1.17
300625,三雄极光,9.08,9.06,9.08,8.91,8.91,9.23,8.72,2102900.0,19059110.0,1.908,0.17
300626,华瑞股份,31.9,31.9,31.93,33.35,34.5,34.63,31.8,13580120.0,444524890.0,-4.348,-1.45
300627,华测导航,28.9,28.9,28.91,27.35,27.18,30.24,26.85,24442140.0,704399273.0,5.667,1.55
300628,亿联网络,34.43,34.43,34.44,34.26,34.15,35.44,34.06,10600853.0,369461626.0,0.496,0.17
300629,新劲刚,19.37,19.36,19.37,18.81,18.62,20.27,18.55,13074541.0,255060721.0,2.977,0.56
300631,久吾高科,22.31,22.3,22.31,21.8,21.75,22.92,21.53,2760075.0,61963537.0,2.339,0.51
300632,光莆股份,21.58,21.58,21.6,22.29,22.5,23.79,21.58,19560671.0,440433316.0,-3.185,-0.71
300633,开立医疗,18.94,18.93,18.94,18.33,18.26,19.25,18.06,6060026.0,114295355.0,3.328,0.61
300634,彩讯股份,19.72,19.71,19.72,19.35,19.15,20.65,18.93,16974482.0,338573393.0,1.912,0.37
300635,中达安,10.63,10.62,10.63,10.45,10.32,10.96,10.3,5839700.0,62445120.0,1.722,0.18
300636,同和药业,6.67,6.67,6.68,6.52,6.47,6.77,6.41,7052283.0,46938810.0,2.301,0.15
300637,扬帆新材,8.82,8.82,8.83,8.92,8.85,9.32,8.82,7184876.0,64739795.0,-1.121,-0.1
300638,广和通,18.11,18.1,18.11,17.7,17.69,19.16,17.31,23204389.0,426001621.0,2.316,0.41
300639,凯普生物,5.23,5.23,5.24,5.09,5.07,5.33,4.96,15624546.0,81353034.0,2.75,0.14
300640,德艺文创,6.22,6.19,6.22,5.82,5.82,6.39,5.65,20616899.0,126325683.0,6.873,0.4
300641,正丹股份,14.57,14.57,14.58,14.43,14.4,14.82,14.33,8134310.0,118663469.0,0.97,0.14
300642,透景生命,12.55,12.54,12.55,12.05,12.01,12.84,11.73,4892238.0,60985384.0,4.149,0.5
300643,万通智控,17.47,17.47,17.48,17.75,17.57,18.31,17.43,4424936.0,78905398.0,-1.577,-0.28
300644,南京聚隆,22.76,22.76,22.77,22.64,22.63,23.44,22.44,2484400.0,56968943.0,0.53,0.12
300645,正元智慧,11.94,11.93,11.94,11.75,11.62,12.19,11.47,3579700.0,42806849.0,1.617,0.19
300647,超频三,5.37,5.37,5.38,5.36,5.31,5.52,5.3,11783400.0,63922720.0,0.187,0.01
300648,星云股份,40.49,40.48,40.49,42.04,41.5,42.32,40.49,2143073.0,89089343.0,-3.687,-1.55
300649,杭州园林,30.09,30.09,30.1,29.85,29.56,31.48,29.56,6672201.0,203893629.0,0.804,0.24
300650,太龙股份,12.76,12.76,12.77,13.1,12.91,13.46,12.75,12908900.0,169810553.0,-2.595,-0.34
300651,金陵体育,16.92,16.92,16.93,16.38,16.39,17.33,16.2,7891066.0,133425778.0,3.297,0.54
300652,雷迪克,32.23,32.21,32.23,31.1,31.1,32.97,30.94,2779260.0,89230335.0,3.633,1.13
300653,正海生物,14.48,14.48,14.49,14.02,13.91,14.68,13.81,2487450.0,35793707.0,3.281,0.46
300654,世纪天鸿,10.38,10.38,10.4,10.23,10.1,10.7,9.98,24040047.0,251699942.0,1.466,0.15
300655,晶瑞电材,17.59,17.58,17.59,18.96,19.2,19.83,17.59,127126813.0,2376160265.0,-7.226,-1.37
300656,民德电子,33.38,33.38,33.39,35.7,36.01,41.5,33.38,17547807.0,660200410.0,-6.499,-2.32
300657,弘信电子,39.94,39.93,39.94,38.44,39.77,42.96,39.11,52319200.0,2150657356.0,3.902,1.5
300658,延江股份,11.14,11.14,11.15,10.81,11.16,11.54,10.75,12854352.0,144360447.0,3.053,0.33
300659,中孚信息,9.65,9.64,9.65,9.48,9.4,9.85,9.29,7507400.0,72730247.0,1.793,0.17
300660,江苏雷利,28.88,28.88,28.89,28.58,28.55,30.22,28.3,13776820.0,404480483.0,1.05,0.3
300661,圣邦股份,124.25,124.25,124.27,134.86,133.0,136.3,124.0,17974190.0,2340571542.0,-7.867,-10.61
300662,科锐国际,17.5,17.5,17.51,17.29,17.33,17.91,17.02,3352243.0,58950756.0,1.215,0.21
300663,科蓝软件,6.63,6.63,6.64,6.38,6.3,6.84,6.19,25353964.0,168632288.0,3.918,0.25
300664,鹏鹞环保,4.36,4.35,4.36,4.27,4.24,4.42,4.19,10435800.0,45211339.0,2.108,0.09
300665,飞鹿股份,9.44,9.44,9.45,9.19,9.18,9.84,9.11,16338780.0,157100004.0,2.72,0.25
300666,江丰电子,340.44,340.44,340.45,364.48,369.0,385.0,340.44,22397011.0,8158757306.0,-6.596,-24.04
300667,必创科技,16.39,16.39,16.4,15.49,15.46,17.46,15.32,16797507.0,282880647.0,5.81,0.9
300668,杰恩股份,56.79,56.79,56.94,59.03,58.23,62.5,56.5,4828200.0,286165437.0,-3.795,-2.24
300669,沪宁股份,24.92,24.92,25.0,24.88,24.9,25.29,24.54,917200.0,22797928.0,0.161,0.04
300670,大烨智能,6.44,6.44,6.45,6.34,6.33,6.7,6.19,10313300.0,67065826.0,1.577,0.1
300671,富满微,88.0,88.0,88.01,96.8,95.11,97.23,88.0,25282168.0,2341026061.0,-9.091,-8.8
300672,国科微,241.39,241.36,241.39,255.4,256.01,258.0,241.39,9305188.0,2326306704.0,-5.486,-14.01
300673,佩蒂股份,13.37,13.37,13.38,13.19,13.12,13.62,13.06,2905600.0,38762644.0,1.365,0.18
300674,宇信科技,14.73,14.72,14.73,14.58,14.47,15.11,14.35,12421493.0,184725369.0,1.029,0.15
300675,建科院,11.91,11.91,11.96,11.65,11.53,12.2,11.46,2710200.0,32358770.0,2.232,0.26
300676,华大基因,36.21,36.21,36.22,34.75,34.5,36.98,34.07,10754282.0,389215804.0,4.201,1.46
300677,英科医疗,46.0,46.0,46.01,44.6,44.6,46.36,44.01,12389835.0,564080939.0,3.139,1.4
300678,中科信息,22.48,22.47,22.48,21.88,21.89,22.98,21.49,8306257.0,187066252.0,2.742,0.6
300679,电连技术,56.87,56.86,56.87,59.25,59.5,61.66,56.7,19116692.0,1135603407.0,-4.017,-2.38
300680,隆盛科技,25.85,25.85,25.86,23.33,23.33,26.78,23.2,23276996.0,585917140.0,10.802,2.52
300681,英搏尔,26.51,26.51,26.53,27.07,27.03,27.77,26.51,9015765.0,244291330.0,-2.069,-0.56
300682,朗新科技,10.11,10.11,10.12,9.88,10.05,10.42,9.8,21931064.0,223663708.0,2.328,0.23
300683,海特生物,25.92,25.91,25.92,24.62,24.59,26.77,24.05,8996400.0,233780215.0,5.28,1.3
300684,中石科技,69.61,69.61,69.62,68.36,69.18,74.63,68.37,26187520.0,1884613771.0,1.829,1.25
300685,艾德生物,17.42,17.42,17.43,16.95,16.9,17.75,16.68,9967460.0,173366148.0,2.773,0.47
300686,智动力,15.07,15.06,15.07,16.15,15.92,16.32,15.07,11853800.0,186619118.0,-6.687,-1.08
300687,赛意信息,30.47,30.46,30.47,30.21,29.87,31.59,29.6,35865646.0,1107645977.0,0.861,0.26
300688,创业黑马,26.26,26.26,26.27,26.24,26.05,27.5,25.36,6533100.0,173008354.0,0.076,0.02
300689,澄天伟业,74.0,74.0,74.01,70.01,69.37,78.92,68.86,9130531.0,683105800.0,5.699,3.99
300690,双一科技,21.8,21.78,21.8,21.3,21.38,22.54,20.96,4515676.0,98807955.0,2.347,0.5
300691,联合光电,14.17,14.16,14.17,14.31,14.23,14.64,14.17,5957752.0,85744505.0,-0.978,-0.14
300692,中赋科技,8.18,8.18,8.19,8.34,8.29,8.39,8.17,10013602.0,82832669.0,-1.918,-0.16
300693,盛弘股份,40.5,40.49,40.5,40.31,40.49,41.76,39.9,12816383.0,523164040.0,0.471,0.19
300694,蠡湖股份,11.31,11.31,11.33,11.53,11.51,11.67,11.31,8552000.0,98077104.0,-1.908,-0.22
300695,兆丰股份,55.7,55.7,55.72,56.07,56.18,57.98,55.01,1823285.0,102998490.0,-0.66,-0.37
300696,爱乐达,23.55,23.49,23.55,22.86,22.85,24.37,22.62,9763011.0,229940378.0,3.018,0.69
300697,电工合金,13.9,13.9,13.91,13.81,13.85,14.15,13.73,7640707.0,106753797.0,0.652,0.09
300698,万马科技,26.3,26.3,26.32,25.79,25.9,27.2,25.55,2361500.0,62690789.0,1.978,0.51
300699,光威复材,28.71,28.71,28.72,27.0,26.95,30.03,26.31,38839806.0,1104981523.0,6.333,1.71
300700,岱勒新材,20.58,20.58,20.6,21.48,21.7,21.94,20.55,12238950.0,258470709.0,-4.19,-0.9
300701,森霸传感,9.4,9.4,9.42,9.42,9.33,9.64,9.33,3711450.0,35212979.0,-0.212,-0.02
300702,天宇股份,20.68,20.68,20.69,20.26,20.05,21.46,20.05,3016382.0,62751553.0,2.073,0.42
300703,创源股份,12.66,12.66,12.67,12.32,12.56,12.94,12.15,5971300.0,75700528.0,2.76,0.34
300705,九典制药,10.41,10.41,10.42,10.17,10.1,10.6,9.98,9204684.0,95518817.0,2.36,0.24
300706,阿石创,65.08,65.08,65.09,73.15,73.98,75.66,65.0,22762437.0,1620591781.0,-11.032,-8.07
300707,威唐工业,11.16,11.16,11.17,10.89,10.89,11.38,10.74,4483400.0,49956096.0,2.479,0.27
300708,聚灿光电,7.9,7.9,7.91,7.87,7.83,8.04,7.78,19186186.0,152022164.0,0.381,0.03
300709,精研科技,47.44,47.44,47.45,46.62,46.53,48.76,45.21,16155160.0,761271633.0,1.759,0.82
300710,万隆光电,29.34,29.32,29.34,29.34,29.02,30.1,29.01,3062885.0,90159715.0,0.0,0.0
300711,广哈通信,15.97,15.96,15.97,15.56,15.5,16.56,15.32,4261835.0,68310514.0,2.635,0.41
300712,永福股份,22.96,22.96,22.97,22.64,22.64,23.0,22.17,2266213.0,51420236.0,1.413,0.32
300713,英可瑞,12.64,12.61,12.64,12.2,12.36,12.98,12.0,3629130.0,45580549.0,3.607,0.44
300715,凯伦股份,15.19,15.19,15.2,15.82,16.0,16.4,15.15,16229822.0,254544789.0,-3.982,-0.63
300716,*ST泉为,17.5,17.5,17.54,17.8,17.8,20.98,17.0,8409303.0,151516532.0,-1.685,-0.3
300717,华信新材,24.1,24.1,24.11,24.92,24.68,24.79,23.9,7358960.0,178853746.0,-3.291,-0.82
300718,长盛轴承,65.5,65.49,65.5,63.69,64.01,67.33,63.07,14059165.0,916664919.0,2.842,1.81
300719,安达维尔,11.44,11.43,11.44,11.1,11.14,11.84,10.91,6160175.0,70691126.0,3.063,0.34
300720,海川智能,94.78,94.78,94.96,100.51,102.8,107.31,94.78,8676650.0,875927375.0,-5.701,-5.73
300721,怡达股份,28.22,28.22,28.23,31.33,32.33,32.68,28.1,23202717.0,712709966.0,-9.927,-3.11
300722,新余国科,23.31,23.3,23.31,21.46,21.32,24.46,21.07,10598276.0,246274777.0,8.621,1.85
300723,一品红,39.75,39.75,39.76,37.84,37.1,40.2,36.5,20104880.0,786289667.0,5.048,1.91
300724,捷佳伟创,64.43,64.43,64.45,63.99,63.8,68.27,63.31,13978495.0,921299888.0,0.688,0.44
300725,药石科技,38.28,38.28,38.29,36.3,36.07,39.31,35.6,18615498.0,707352836.0,5.455,1.98
300726,宏达电子,67.45,67.45,67.46,70.08,71.81,73.97,67.28,17337725.0,1225299589.0,-3.753,-2.63
300727,润禾材料,33.79,33.79,33.8,37.1,37.2,37.28,33.5,10608777.0,375238620.0,-8.922,-3.31
300729,乐歌股份,9.71,9.7,9.71,9.63,9.57,9.86,9.44,3703030.0,35977154.0,0.831,0.08
300730,科创信息,12.79,12.79,12.8,12.81,12.76,13.08,12.54,5732125.0,73847734.0,-0.156,-0.02
300731,科创新源,52.1,52.1,52.11,53.98,53.6,54.97,52.09,6352016.0,341852369.0,-3.483,-1.88
300732,设研院,5.87,5.86,5.87,5.67,5.66,5.98,5.58,9307366.0,54450246.0,3.527,0.2
300733,西菱动力,11.79,11.79,11.8,11.68,11.68,12.25,11.57,5948090.0,71005375.0,0.942,0.11
300735,光弘科技,22.95,22.94,22.95,22.18,21.97,24.05,21.8,44249615.0,1020079745.0,3.472,0.77
300736,百邦科技,30.27,30.27,30.31,31.28,32.0,32.0,30.2,6409100.0,199793791.0,-3.229,-1.01
300737,科顺股份,5.86,5.85,5.86,5.91,5.9,6.05,5.76,29512317.0,174931372.0,-0.846,-0.05
300738,奥飞数据,20.83,20.82,20.83,20.4,20.06,21.75,19.94,74549281.0,1572955211.0,2.108,0.43
300739,明阳电路,28.38,28.37,28.38,29.74,29.6,30.72,28.33,13268133.0,393656155.0,-4.573,-1.36
300740,水羊股份,20.01,20.0,20.01,19.67,19.42,20.77,19.22,21513474.0,429391900.0,1.729,0.34
300741,华宝股份,12.78,12.78,12.79,12.61,12.56,12.94,12.39,2410000.0,30654541.0,1.348,0.17
300743,天地数码,14.36,14.35,14.36,14.35,14.22,14.65,14.09,2097440.0,30272028.0,0.07,0.01
300745,欣锐科技,47.92,47.86,47.92,49.18,49.4,53.0,47.37,11866552.0,588987072.0,-2.562,-1.26
300746,汉嘉数智,10.06,10.05,10.06,9.82,9.82,10.31,9.7,3059700.0,30888949.0,2.444,0.24
300747,锐科激光,40.77,40.76,40.77,41.57,41.7,43.18,40.77,30712809.0,1289903918.0,-1.924,-0.8
300748,金力永磁,28.69,28.69,28.7,28.58,28.8,29.74,28.35,35133797.0,1024274092.0,0.385,0.11
300749,顶固集创,23.5,23.5,23.51,23.84,24.08,25.1,23.01,6855000.0,164719862.0,-1.426,-0.34
300750,宁德时代,348.76,348.66,348.76,375.5,375.0,375.2,346.16,55601355.0,19867664607.0,-7.121,-26.74
300751,迈为股份,267.0,267.0,267.01,278.61,276.49,287.68,267.0,9489109.0,2636694030.0,-4.167,-11.61
300752,隆利科技,11.91,11.91,11.93,12.3,12.2,12.77,11.87,12040725.0,149012150.0,-3.171,-0.39
300753,爱朋医疗,19.48,19.48,19.49,18.6,18.59,19.94,18.15,7489240.0,144847452.0,4.731,0.88
300755,华致酒行,11.47,11.47,11.48,10.83,10.74,11.78,10.65,7866693.0,89199917.0,5.91,0.64
300756,金马游乐,28.12,28.12,28.13,28.39,28.1,29.15,28.09,4071900.0,116647619.0,-0.951,-0.27
300757,罗博特科,489.0,488.88,489.0,521.27,524.0,536.0,488.44,5932427.0,3046966369.0,-6.191,-32.27
300758,七彩化学,11.06,11.06,11.07,11.06,11.05,11.28,10.95,9372530.0,104191598.0,0.0,0.0
300759,康龙化成,33.94,33.94,33.95,30.98,30.63,34.9,30.09,102202462.0,3394611018.0,9.555,2.96
300760,迈瑞医疗,141.57,141.52,141.57,139.5,139.29,143.5,137.23,11217021.0,1581801418.0,1.484,2.07
300761,立华股份,18.57,18.57,18.58,18.35,18.27,18.78,18.0,9058969.0,167564028.0,1.199,0.22
300762,上海瀚讯,45.43,45.43,45.44,42.72,42.47,49.94,41.3,94725193.0,4301176437.0,6.344,2.71
300763,锦浪科技,64.06,64.04,64.06,66.01,65.99,66.6,64.0,14845276.0,967181261.0,-2.954,-1.95
300765,石药创新,38.7,38.7,38.71,36.38,36.1,39.58,35.8,28252463.0,1082989489.0,6.377,2.32
300766,每日互动,21.5,21.5,21.51,20.3,20.26,22.8,20.07,32653382.0,709349680.0,5.911,1.2
300767,震安科技,20.28,20.28,20.3,21.4,21.36,21.37,20.28,12746800.0,264787477.0,-5.234,-1.12
300768,迪普科技,16.11,16.11,16.12,16.68,16.44,16.55,16.04,18264101.0,296492987.0,-3.417,-0.57
300769,德方纳米,51.24,51.23,51.24,54.06,53.97,54.1,51.24,17930390.0,945830834.0,-5.216,-2.82
300770,新媒股份,32.43,32.41,32.43,31.71,31.7,32.78,31.4,2320239.0,74990622.0,2.271,0.72
300771,智莱科技,10.52,10.5,10.52,10.35,10.3,10.74,10.21,3782700.0,39947115.0,1.643,0.17
300772,运达股份,11.37,11.36,11.37,11.05,11.05,11.71,10.89,20056222.0,228134776.0,2.896,0.32
300773,拉卡拉,14.95,14.94,14.95,14.91,14.9,15.28,14.56,34468113.0,517296175.0,0.268,0.04
300774,倍杰特,10.32,10.31,10.32,9.98,9.96,10.7,9.88,9626400.0,100019124.0,3.407,0.34
300775,三角防务,22.25,22.24,22.25,20.81,20.8,23.55,20.53,33983575.0,756582872.0,6.92,1.44
300776,帝尔激光,157.01,157.0,157.16,170.54,172.0,176.25,156.95,12180691.0,2049100757.0,-7.934,-13.53
300777,中简科技,27.89,27.88,27.89,27.29,27.2,28.8,26.77,21863406.0,613471632.0,2.199,0.6
300778,新城市,9.51,9.5,9.51,9.27,9.32,9.74,9.12,5098500.0,48526529.0,2.589,0.24
300779,惠城环保,56.5,56.5,56.51,56.5,57.0,58.16,55.88,7177740.0,409558970.0,0.0,0.0
300780,德恩精工,34.45,34.45,34.46,31.8,32.5,36.05,32.0,15525049.0,532035145.0,8.333,2.65
300781,因赛集团,26.44,26.43,26.44,25.68,25.63,27.49,24.95,8661708.0,230276006.0,2.96,0.76
300782,卓胜微,94.69,94.69,94.7,92.83,92.49,99.88,91.8,28902079.0,2789560493.0,2.004,1.86
300783,三只松鼠,16.4,16.39,16.4,15.9,15.85,16.5,15.75,6564000.0,106643230.0,3.145,0.5
300784,利安科技,40.03,40.03,40.16,38.95,39.25,41.49,39.02,1013920.0,40933281.0,2.773,1.08
300785,值得买,36.68,36.68,36.69,35.0,34.5,38.32,34.2,13368251.0,492723318.0,4.8,1.68
300786,国林科技,23.9,23.9,0.0,19.92,20.25,23.9,20.2,10345179.0,237383545.0,19.98,3.98
300787,海能实业,8.68,8.68,8.72,8.67,8.63,8.87,8.53,4510568.0,39363943.0,0.115,0.01
300788,中信出版,23.65,23.65,23.66,23.05,22.82,24.04,22.55,3074700.0,72591108.0,2.603,0.6
300789,唐源电气,16.5,16.5,16.52,16.16,16.16,17.09,16.02,3857742.0,64279944.0,2.104,0.34
300790,宇瞳光学,21.67,21.67,21.68,22.8,23.5,24.23,21.65,32822154.0,743454831.0,-4.956,-1.13
300791,仙乐健康,16.12,16.12,16.14,15.64,15.71,16.21,15.41,1436586.0,22943919.0,3.069,0.48
300792,壹网壹创,24.95,24.93,24.95,24.33,24.3,25.87,23.82,7303440.0,183626112.0,2.548,0.62
300793,佳禾智能,10.82,10.82,10.83,10.74,10.64,11.11,10.64,7003020.0,76461255.0,0.745,0.08
300795,米奥会展,8.42,8.42,8.43,8.33,8.32,8.61,8.16,3922340.0,33223598.0,1.08,0.09
300796,贝斯美,6.3,6.3,6.32,6.19,6.14,6.42,6.08,4913856.0,30963437.0,1.777,0.11
300797,钢研纳克,12.82,12.82,12.84,12.63,12.5,13.3,12.5,4568200.0,58901940.0,1.504,0.19
300798,锦鸡股份,6.44,6.43,6.44,6.28,6.2,6.62,6.2,16003900.0,103686972.0,2.548,0.16
300800,力合科技,9.48,9.45,9.48,9.28,9.24,9.63,9.16,3192900.0,30168221.0,2.155,0.2
300801,泰和科技,26.0,25.99,26.0,26.74,26.6,27.28,26.0,9334663.0,248785503.0,-2.767,-0.74
300802,矩子科技,21.16,21.16,21.17,21.84,21.7,22.45,21.16,10662520.0,233458540.0,-3.114,-0.68
300803,指南针,81.31,81.31,81.32,83.78,83.0,84.19,81.27,18551791.0,1530115202.0,-2.948,-2.47
300804,广康生化,32.08,32.08,32.15,30.17,29.98,32.8,29.22,1698187.0,53634944.0,6.331,1.91
300805,电声股份,7.46,7.46,7.47,7.22,7.19,7.66,7.05,10618000.0,79349464.0,3.324,0.24
300806,斯迪克,82.81,82.8,82.81,90.0,90.01,92.13,82.62,21093968.0,1842049450.0,-7.989,-7.19
300807,天迈科技,38.47,38.47,38.48,38.18,38.49,39.01,37.93,1289900.0,49749667.0,0.76,0.29
300808,久量股份,19.6,19.6,19.69,20.15,19.72,20.49,19.58,2078201.0,41618929.0,-2.73,-0.55
300809,华辰装备,25.71,25.7,25.71,25.76,25.7,26.76,25.6,5533122.0,144922338.0,-0.194,-0.05
300810,中科海讯,25.1,25.1,25.11,24.12,23.87,25.95,23.68,3520156.0,88452887.0,4.063,0.98
300811,铂科新材,84.93,84.93,84.94,90.4,91.01,91.9,84.85,16984049.0,1504307347.0,-6.051,-5.47
300812,易天股份,22.79,22.79,22.8,23.63,23.63,24.45,22.7,12518540.0,296442239.0,-3.555,-0.84
300813,泰林生物,22.0,22.0,22.01,21.37,21.3,22.43,20.92,3313758.0,72344325.0,2.948,0.63
300814,中富电路,163.8,163.79,163.8,177.45,177.52,180.58,163.0,7268285.0,1247890748.0,-7.692,-13.65
300815,玉禾田,16.92,16.91,16.92,16.79,16.79,17.13,16.53,4288200.0,72485862.0,0.774,0.13
300816,艾可蓝,60.15,60.15,60.26,61.65,61.83,63.09,60.12,1702200.0,104555205.0,-2.433,-1.5
300817,双飞集团,16.05,16.05,16.06,15.75,15.58,16.71,15.47,4642166.0,74926575.0,1.905,0.3
300818,耐普矿机,17.86,17.8,17.86,17.55,17.71,18.58,17.44,4824880.0,87028248.0,1.766,0.31
300819,聚杰微纤,59.0,58.96,59.0,61.7,61.71,63.8,58.9,4291400.0,263558458.0,-4.376,-2.7
300820,英杰电气,67.51,67.51,67.52,72.75,74.0,74.36,67.5,6531573.0,459693657.0,-7.203,-5.24
300821,东岳硅材,26.96,26.96,26.97,30.33,29.33,30.49,26.82,220658315.0,6259761221.0,-11.111,-3.37
300822,贝仕达克,11.41,11.4,11.41,11.21,11.21,11.66,11.06,2928863.0,33478226.0,1.784,0.2
300823,建科智能,14.58,14.55,14.58,14.33,14.33,14.98,14.04,2933860.0,42787157.0,1.745,0.25
300824,北鼎股份,7.29,7.29,7.31,7.2,7.17,7.47,7.08,3551418.0,26001335.0,1.25,0.09
300825,阿尔特,11.93,11.92,11.93,11.95,11.95,12.76,11.9,26020408.0,320128615.0,-0.167,-0.02
300826,测绘股份,12.54,12.54,12.55,12.63,12.58,12.98,12.45,6550380.0,83036023.0,-0.713,-0.09
300827,上能电气,24.94,24.94,24.95,24.9,25.15,25.55,24.58,12668422.0,318303527.0,0.161,0.04
300828,锐新科技,17.38,17.38,17.41,17.33,17.33,17.93,17.29,4351100.0,76607707.0,0.289,0.05
300829,金丹科技,14.03,14.03,14.05,13.95,13.95,14.3,13.83,2806338.0,39468541.0,0.573,0.08
300830,金现代,7.8,7.8,7.81,7.61,7.61,7.99,7.43,15088600.0,118103211.0,2.497,0.19
300831,ST派瑞,17.19,17.19,17.2,17.92,17.9,18.14,17.11,9740895.0,172073624.0,-4.074,-0.73
300832,新产业,43.58,43.58,43.59,42.01,41.73,43.92,40.59,8999351.0,383981126.0,3.737,1.57
300833,浩洋股份,35.9,35.82,35.9,34.69,34.4,36.1,34.31,1987992.0,70165148.0,3.488,1.21
300834,星辉环材,39.8,39.8,39.81,40.17,40.3,41.14,39.49,1448413.0,58487472.0,-0.921,-0.37
300835,龙磁科技,169.55,169.55,169.56,178.76,179.48,179.99,169.15,4983600.0,866793453.0,-5.152,-9.21
300836,佰奥智能,68.68,68.68,69.0,69.1,69.03,70.99,66.69,1478319.0,101061225.0,-0.608,-0.42
300837,浙矿股份,22.86,22.86,22.9,22.49,22.31,23.43,22.27,1559003.0,35775974.0,1.645,0.37
300838,浙江力诺,12.8,12.79,12.8,12.62,12.55,13.13,12.22,3771900.0,48366498.0,1.426,0.18
300839,博汇股份,11.5,11.5,11.52,11.36,11.21,11.92,11.0,8692473.0,100849030.0,1.232,0.14
300840,酷特智能,21.4,21.4,21.41,21.54,21.55,22.6,21.23,7133400.0,156055987.0,-0.65,-0.14
300841,康华生物,47.68,47.64,47.68,45.0,44.79,48.69,43.69,4502566.0,209793970.0,5.956,2.68
300842,帝科股份,78.0,78.0,78.02,81.0,81.97,83.5,77.68,5753845.0,467476107.0,-3.704,-3.0
300843,胜蓝股份,142.77,142.77,142.97,148.71,150.45,154.94,142.54,5528100.0,823716728.0,-3.994,-5.94
300844,山水比德,22.4,22.4,22.48,21.38,21.44,22.72,21.14,1638669.0,36398970.0,4.771,1.02
300845,捷安高科,11.95,11.95,11.96,12.97,12.59,13.1,11.95,13089885.0,162130120.0,-7.864,-1.02
300846,首都在线,21.35,21.34,21.35,20.17,20.04,22.35,20.0,48908915.0,1050137995.0,5.85,1.18
300847,中船汉光,13.33,13.33,13.34,13.1,13.01,13.64,12.92,3670346.0,49137437.0,1.756,0.23
300848,美瑞新材,12.85,12.85,12.86,13.05,12.94,13.14,12.85,4927769.0,63935042.0,-1.533,-0.2
300849,锦盛新材,23.75,23.74,23.75,23.28,23.02,24.01,23.02,2633150.0,61892711.0,2.019,0.47
300850,新强联,24.74,24.74,24.75,24.24,24.3,25.44,23.88,11807779.0,292649938.0,2.063,0.5
300851,交大思诺,22.48,22.48,22.49,21.77,21.77,22.87,21.57,1654536.0,37048400.0,3.261,0.71
300852,四会富仕,55.52,55.52,55.55,59.24,59.49,60.98,55.31,10752568.0,627052791.0,-6.28,-3.72
300853,申昊科技,27.87,27.85,27.87,27.93,27.68,28.84,27.45,5475100.0,154719351.0,-0.215,-0.06
300854,中兰环保,17.32,17.32,17.44,17.23,17.24,17.88,16.4,8038160.0,140035550.0,0.522,0.09
300855,图南股份,31.81,31.81,31.84,32.68,32.46,33.9,31.8,8817843.0,289125788.0,-2.662,-0.87
300856,科思股份,10.42,10.42,10.43,10.32,10.31,10.6,10.21,3615562.0,37828443.0,0.969,0.1
300857,协创数据,277.96,277.96,277.97,292.36,292.37,309.65,276.0,20697470.0,6068984913.0,-4.925,-14.4
300858,科拓生物,14.62,14.62,14.63,14.01,14.05,14.69,13.87,5169100.0,74928816.0,4.354,0.61
300859,西域旅游,26.05,26.05,26.07,25.33,25.05,26.57,24.79,3971600.0,103282004.0,2.842,0.72
300860,锋尚文化,25.33,25.33,25.38,25.2,25.17,25.68,24.89,2040019.0,51588601.0,0.516,0.13
300861,美畅股份,21.95,21.95,21.96,20.79,21.42,24.95,21.2,84470652.0,1983375751.0,5.58,1.16
300862,蓝盾光电,18.85,18.85,18.86,18.63,18.48,19.68,18.48,4343220.0,83434343.0,1.181,0.22
300863,卡倍亿,54.16,54.16,54.17,53.54,53.53,56.3,53.14,8461470.0,460956543.0,1.158,0.62
300864,南大环境,20.03,20.03,20.05,19.91,19.79,20.66,19.58,2517598.0,50826731.0,0.603,0.12
300865,大宏立,22.58,22.58,22.62,21.83,21.49,23.15,21.49,2057192.0,46069398.0,3.436,0.75
300866,安克创新,105.92,105.92,106.02,108.6,107.8,109.58,105.78,3843138.0,412852189.0,-2.468,-2.68
300867,圣元环保,16.88,16.88,16.89,16.89,16.96,17.24,16.86,4636700.0,79078823.0,-0.059,-0.01
300868,杰美特,129.0,129.0,129.01,137.55,141.8,144.84,129.0,3231711.0,442992643.0,-6.216,-8.55
300869,康泰医学,10.57,10.56,10.57,10.27,10.2,10.73,10.03,5359752.0,56336089.0,2.921,0.3
300870,欧陆通,273.6,273.6,273.73,292.0,292.51,301.8,273.0,6247770.0,1798310454.0,-6.301,-18.4
300871,回盛生物,22.61,22.61,22.64,22.79,22.53,23.48,22.37,6083584.0,139757233.0,-0.79,-0.18
300872,天阳科技,15.98,15.98,15.99,15.42,15.54,17.1,15.42,18596538.0,300975863.0,3.632,0.56
300873,海晨股份,29.7,29.7,29.71,29.78,28.8,32.23,28.8,29096381.0,899000056.0,-0.269,-0.08
300875,捷强装备,30.34,30.32,30.34,29.29,29.29,31.26,28.71,4042510.0,122017434.0,3.585,1.05
300876,蒙泰高新,14.92,14.91,14.92,15.0,14.95,15.4,14.61,2934928.0,44171853.0,-0.533,-0.08
300877,金春股份,30.01,30.01,30.02,31.05,30.96,31.5,29.96,3046636.0,93673286.0,-3.349,-1.04
300878,维康药业,33.01,33.01,33.08,33.05,32.69,33.97,32.11,3540441.0,117810465.0,-0.121,-0.04
300879,大叶股份,15.57,15.56,15.57,15.53,15.43,15.99,15.29,3404904.0,53518527.0,0.258,0.04
300880,迦南智能,20.06,20.06,20.07,19.94,19.94,20.28,19.61,4077789.0,81594271.0,0.602,0.12
300881,盛德鑫泰,36.55,36.55,36.58,36.71,36.58,37.87,36.2,2311100.0,85401953.0,-0.436,-0.16
300882,万胜智能,15.23,15.22,15.23,15.1,15.15,15.47,14.75,3648743.0,55432925.0,0.861,0.13
300883,龙利得,6.03,6.03,6.04,6.02,6.01,6.14,5.99,13447300.0,81409495.0,0.166,0.01
300884,狄耐克,11.6,11.6,11.61,11.7,11.68,11.97,11.5,5828968.0,68576624.0,-0.855,-0.1
300885,海昌新材,23.74,23.71,23.74,22.46,22.41,24.74,22.23,9740244.0,228978603.0,5.699,1.28
300886,华业香料,22.26,22.26,22.29,20.76,20.76,23.18,20.11,4055174.0,90556711.0,7.225,1.5
300887,谱尼测试,7.14,7.13,7.14,6.81,6.81,7.46,6.7,14597381.0,104522574.0,4.846,0.33
300888,稳健医疗,27.67,27.66,27.67,27.62,27.5,28.06,27.06,3438738.0,95203721.0,0.181,0.05
300889,爱克股份,22.4,22.4,22.42,22.76,22.65,22.8,22.0,3190240.0,71506248.0,-1.582,-0.36
300890,翔丰华,27.85,27.85,27.86,28.51,28.3,28.75,27.84,5679621.0,160815989.0,-2.315,-0.66
300891,惠云钛业,6.47,6.46,6.47,6.28,6.23,6.59,6.14,9612881.0,61729737.0,3.025,0.19
300892,品渥食品,19.33,19.33,19.34,18.75,18.64,19.64,18.42,1769824.0,34056271.0,3.093,0.58
300893,松原安全,15.98,15.98,15.99,15.95,15.85,16.12,15.58,2449086.0,38865682.0,0.188,0.03
300894,火星人,12.33,12.33,12.34,12.33,12.15,12.75,11.99,10993348.0,136214038.0,0.0,0.0
300895,铜牛信息,52.2,52.18,52.2,49.13,48.91,53.76,47.99,9042012.0,467609389.0,6.249,3.07
300896,爱美客,89.45,89.44,89.45,85.89,85.97,91.32,84.45,5015066.0,445355501.0,4.145,3.56
300897,山科智能,14.07,14.06,14.08,14.13,14.04,14.42,13.91,1891340.0,26820684.0,-0.425,-0.06
300898,熊猫乳品,18.94,18.93,18.94,18.37,18.34,19.26,18.15,2827400.0,53305973.0,3.103,0.57
300899,上海凯鑫,27.91,27.91,28.01,27.16,27.73,28.5,26.82,925600.0,25870451.0,2.761,0.75
300900,广联航空,41.23,41.23,41.24,39.71,39.4,46.15,37.72,53583596.0,2275060951.0,3.828,1.52
300901,中胤时尚,14.1,14.1,14.11,14.2,14.09,14.4,13.96,1781100.0,25257320.0,-0.704,-0.1
300902,国安达,15.61,15.61,15.62,15.31,15.65,16.27,15.41,4735180.0,74746790.0,1.96,0.3
300903,科翔股份,84.51,84.51,84.59,86.4,86.97,92.8,84.34,20687820.0,1837993548.0,-2.188,-1.89
300904,威力传动,39.01,39.01,39.35,38.37,38.75,40.46,37.96,1167342.0,46012827.0,1.668,0.64
300905,宝丽迪,45.06,45.06,45.07,44.78,44.35,46.8,44.35,5890789.0,269184683.0,0.625,0.28
300906,日月明,24.05,23.99,24.05,23.73,23.72,24.55,23.2,1369800.0,32924111.0,1.349,0.32
300907,康平科技,51.63,51.63,51.64,51.86,51.96,53.57,51.26,3353900.0,175821915.0,-0.444,-0.23
300908,仲景食品,23.02,22.99,23.02,22.8,22.88,23.19,22.51,1016900.0,23311514.0,0.965,0.22
300909,汇创达,56.0,56.0,56.03,56.57,56.01,58.49,55.5,5198795.0,294792435.0,-1.008,-0.57
300910,瑞丰新材,27.96,27.96,27.97,27.93,27.84,28.62,27.71,2737008.0,77244523.0,0.107,0.03
300911,亿田智能,22.21,22.21,22.22,19.5,19.45,23.23,19.43,18655841.0,404804252.0,13.897,2.71
300912,凯龙高科,25.12,25.11,25.12,24.88,24.6,26.05,24.24,7711763.0,196132671.0,0.965,0.24
300913,兆龙互连,39.21,39.21,39.22,39.18,39.0,40.72,38.98,10406184.0,415599297.0,0.077,0.03
300915,海融科技,19.99,19.99,20.0,19.6,19.45,20.44,19.28,1190640.0,23878564.0,1.99,0.39
300916,朗特智能,21.51,21.48,21.51,20.94,20.9,22.24,20.3,3613150.0,77971483.0,2.722,0.57
300917,特发服务,23.73,23.72,23.73,22.8,22.8,24.39,22.53,7286907.0,173128978.0,4.079,0.93
300918,南山智尚,12.37,12.36,12.37,10.35,10.45,12.42,10.38,38544544.0,457713079.0,19.517,2.02
300919,中伟新材,38.6,38.59,38.6,39.55,39.54,39.85,38.53,12232442.0,479799605.0,-2.402,-0.95
300920,润阳科技,33.38,33.38,33.4,31.83,31.83,34.0,31.55,2345420.0,77250406.0,4.87,1.55
300921,南凌科技,16.26,16.26,16.28,16.11,16.03,16.93,15.94,13155723.0,217352369.0,0.931,0.15
300922,天秦装备,17.4,17.4,17.44,16.69,17.02,18.2,17.02,15628868.0,276161625.0,4.254,0.71
300923,研奥股份,21.16,21.14,21.16,20.65,20.7,21.65,20.38,1492200.0,31532478.0,2.47,0.51
300925,法本信息,14.36,14.36,14.37,13.98,14.0,14.97,13.77,12489048.0,181340332.0,2.718,0.38
300926,博俊科技,17.09,17.09,17.1,17.02,16.93,17.45,16.77,4671769.0,80159493.0,0.411,0.07
300927,江天化学,21.21,21.21,21.22,20.99,20.78,21.62,20.52,3223479.0,68344541.0,1.048,0.22
300928,华安鑫创,26.31,26.31,26.35,26.33,26.28,27.03,26.02,1031400.0,27357881.0,-0.076,-0.02
300929,华骐环保,12.61,12.61,12.62,13.19,13.06,13.13,12.5,6249801.0,80096498.0,-4.397,-0.58
300930,屹通新材,25.03,25.03,25.07,25.02,25.1,25.84,24.91,2313501.0,58615593.0,0.04,0.01
300931,通用电梯,16.24,16.23,16.24,15.85,15.67,16.87,15.61,9466408.0,155327530.0,2.461,0.39
300932,三友联众,9.69,9.68,9.69,9.8,9.81,10.12,9.67,19448180.0,191458994.0,-1.122,-0.11
300933,中辰股份,6.58,6.57,6.58,5.79,5.79,6.61,5.7,32866195.0,206399432.0,13.644,0.79
300935,盈建科,25.4,25.4,25.5,25.49,25.93,26.6,25.08,2332660.0,60182162.0,-0.353,-0.09
300936,中英科技,98.1,98.1,98.15,105.7,105.68,107.52,97.91,2824461.0,292891496.0,-7.19,-7.6
300937,药易购,19.55,19.55,19.56,19.07,19.01,19.87,18.62,2766757.0,53853978.0,2.517,0.48
300938,信测标准,43.09,43.08,43.09,44.84,44.84,47.0,43.05,17433452.0,783108238.0,-3.903,-1.75
300939,秋田微,57.1,57.1,57.14,59.0,59.9,61.27,56.91,3898259.0,230533876.0,-3.22,-1.9
300940,南极光,13.99,13.99,14.0,13.97,13.97,14.5,13.87,5126700.0,72869984.0,0.143,0.02
300941,创识科技,13.76,13.76,13.78,13.47,13.64,14.04,13.18,3492800.0,47982768.0,2.153,0.29
300942,易瑞生物,6.17,6.16,6.17,6.06,5.99,6.29,5.87,13727895.0,84372523.0,1.815,0.11
300943,春晖智控,41.98,41.98,41.99,45.41,45.45,45.97,41.98,11429500.0,501397634.0,-7.553,-3.43
300945,曼卡龙,10.75,10.75,10.76,10.53,10.52,10.98,10.37,9650743.0,103861177.0,2.089,0.22
300946,恒而达,39.61,39.51,39.61,38.64,38.21,40.88,38.21,2011910.0,79684869.0,2.51,0.97
300947,德必集团,12.55,12.55,12.58,12.31,12.28,12.97,12.11,2824877.0,35775731.0,1.95,0.24
300948,冠中生态,23.3,23.3,23.32,24.1,24.49,24.49,23.2,4695769.0,111570271.0,-3.32,-0.8
300949,奥雅股份,20.61,20.61,20.65,20.13,20.18,21.08,19.7,1171865.0,24166358.0,2.385,0.48
300950,德固特,16.29,16.29,16.3,16.0,16.16,16.65,16.02,2275500.0,37167539.0,1.812,0.29
300951,博硕科技,44.95,44.95,44.97,47.5,47.4,48.44,44.85,2314560.0,108685306.0,-5.368,-2.55
300952,恒辉安防,18.93,18.93,18.94,17.26,17.69,19.78,17.31,13183391.0,247102530.0,9.676,1.67
300953,震裕科技,125.48,125.47,125.48,121.65,121.02,132.65,120.7,11717990.0,1479963286.0,3.148,3.83
300955,嘉亨家化,34.91,34.91,35.21,35.05,35.05,35.66,34.5,1428000.0,50055133.0,-0.399,-0.14
300956,英力股份,10.62,10.62,10.63,10.55,10.41,10.91,10.32,6689830.0,71529403.0,0.664,0.07
300957,贝泰妮,31.7,31.7,31.71,30.95,30.93,32.34,30.58,7390132.0,234290304.0,2.423,0.75
300958,建工修复,11.02,11.02,11.05,10.85,10.79,11.14,10.62,3863500.0,42431580.0,1.567,0.17
300959,线上线下,123.81,123.81,123.87,125.2,125.47,128.28,123.0,2429000.0,306293175.0,-1.11,-1.39
300960,通业科技,15.32,15.27,15.32,14.83,15.0,15.67,14.65,1922479.0,29307712.0,3.304,0.49
300961,深水海纳,13.56,13.56,13.57,13.35,13.31,13.95,12.96,12298148.0,166940788.0,1.573,0.21
300962,中金辐照,12.73,12.73,12.81,12.58,12.55,13.0,12.45,2233198.0,28537279.0,1.192,0.15
300963,中洲特材,12.09,12.08,12.09,11.77,11.77,12.46,11.63,10094771.0,122389740.0,2.719,0.32
300964,本川智能,68.4,68.39,68.4,75.05,75.0,75.76,68.11,9173586.0,664521217.0,-8.861,-6.65
300965,恒宇信通,42.35,42.35,42.36,40.1,39.79,43.88,39.5,1615420.0,68166398.0,5.611,2.25
300966,共同药业,30.13,30.13,30.15,29.1,28.5,31.5,28.39,8893349.0,267995998.0,3.54,1.03
300967,晓鸣股份,15.83,15.82,15.83,15.1,15.1,16.11,14.81,7239825.0,114270563.0,4.834,0.73
300968,格林精密,8.84,8.84,8.88,8.82,8.9,9.17,8.72,7351300.0,66026394.0,0.227,0.02
300969,恒帅股份,100.18,100.16,100.18,95.63,98.18,106.41,96.39,5154002.0,528256420.0,4.758,4.55
300970,华绿生物,17.94,17.94,17.97,17.72,17.64,18.45,17.43,5896980.0,106630425.0,1.242,0.22
300971,博亚精工,18.94,18.94,18.96,18.55,18.45,19.5,18.36,2773720.0,52571213.0,2.102,0.39
300972,万辰集团,194.19,194.17,194.19,195.8,194.91,199.8,192.2,1808937.0,354423277.0,-0.822,-1.61
300973,立高食品,24.55,24.54,24.55,23.85,23.8,24.77,23.3,3452873.0,83819143.0,2.935,0.7
300975,商络电子,35.7,35.7,35.71,37.55,37.61,39.72,35.3,69019254.0,2620214809.0,-4.927,-1.85
300976,达瑞电子,69.38,69.36,69.38,71.47,73.0,74.18,69.32,4066815.0,291627320.0,-2.924,-2.09
300977,深圳瑞捷,15.15,15.15,15.19,14.85,14.85,15.43,14.58,1713800.0,25913276.0,2.02,0.3
300978,东箭科技,8.2,8.2,8.22,8.07,8.06,8.33,7.95,3971000.0,32476533.0,1.611,0.13
300979,华利集团,30.1,30.1,30.15,30.08,30.2,30.42,29.54,2754600.0,82853968.0,0.066,0.02
300980,祥源新材,30.57,30.57,30.59,30.09,30.0,32.1,29.68,9777201.0,305021266.0,1.595,0.48
300981,中红医疗,10.09,10.09,10.11,9.88,9.88,10.25,9.67,5052834.0,50743393.0,2.126,0.21
300982,苏文电能,15.56,15.56,15.58,15.55,15.5,15.92,15.26,2573281.0,40270212.0,0.064,0.01
300983,尤安设计,36.5,36.36,36.5,35.36,34.99,37.87,34.99,2513511.0,91608643.0,3.224,1.14
300984,金沃股份,43.89,43.88,43.9,39.73,40.37,46.31,40.12,8011614.0,349658800.0,10.471,4.16
300985,致远新能,46.1,46.09,46.1,46.88,46.64,48.8,45.6,7133444.0,333265724.0,-1.664,-0.78
300986,志特新材,11.88,11.87,11.88,11.34,11.3,12.26,11.07,31681448.0,374966252.0,4.762,0.54
300987,川网传媒,12.67,12.66,12.67,12.19,12.24,13.07,11.93,6079589.0,76859655.0,3.938,0.48
300988,津荣天宇,14.81,14.81,14.82,14.96,14.95,15.3,14.78,3806692.0,57383486.0,-1.003,-0.15
300989,蕾奥规划,12.59,12.59,12.6,12.6,12.7,12.95,12.38,3603766.0,45792529.0,-0.079,-0.01
300990,同飞股份,109.04,109.02,109.04,105.62,105.67,113.5,104.69,9072467.0,994320035.0,3.238,3.42
300991,创益通,31.55,31.55,31.64,30.69,30.35,33.19,30.35,4687603.0,149969735.0,2.802,0.86
300992,泰福泵业,25.57,25.56,25.57,24.69,24.8,26.1,24.32,3312340.0,83817819.0,3.564,0.88
300993,玉马科技,9.54,9.54,9.55,9.45,9.44,9.72,9.29,2540520.0,24276491.0,0.952,0.09
300994,久祺股份,10.41,10.4,10.41,10.31,10.31,10.66,10.18,2005620.0,20998065.0,0.97,0.1
300995,奇德新材,26.58,26.53,26.59,26.19,26.19,27.77,25.93,1516300.0,40592982.0,1.489,0.39
300996,普联软件,11.16,11.15,11.16,10.88,10.89,11.63,10.77,12166851.0,137420173.0,2.574,0.28
300997,欢乐家,14.12,14.1,14.12,13.64,13.5,14.39,13.47,7034384.0,99045622.0,3.519,0.48
300998,宁波方正,28.18,28.18,28.2,28.25,28.25,28.96,27.5,5110200.0,144351452.0,-0.248,-0.07
300999,金龙鱼,24.41,24.4,24.41,24.12,24.15,24.7,23.77,10858243.0,264925690.0,1.202,0.29
301000,肇民科技,28.02,28.02,28.03,28.2,27.95,29.38,27.32,8873329.0,249787491.0,-0.638,-0.18
301001,凯淳股份,22.72,22.7,22.72,21.75,21.75,23.05,21.39,1478820.0,33328345.0,4.46,0.97
301002,崧盛股份,37.46,37.46,37.47,37.67,37.65,38.69,36.89,5223693.0,197874784.0,-0.557,-0.21
301003,江苏博云,52.5,52.5,52.51,51.65,51.51,53.59,51.03,2282536.0,119952027.0,1.646,0.85
301004,嘉益股份,31.74,31.71,31.74,31.0,31.43,32.27,30.53,643844.0,20393544.0,2.387,0.74
301005,超捷股份,114.88,114.87,114.88,102.9,102.0,123.48,99.26,29093358.0,3347213636.0,11.642,11.98
301006,迈拓股份,12.81,12.81,12.86,12.49,12.47,13.1,12.3,1877500.0,23985327.0,2.562,0.32
301007,德迈仕,30.8,30.8,30.81,30.47,30.4,32.2,30.1,3518926.0,110010520.0,1.083,0.33
301008,宏昌科技,32.7,32.7,32.71,33.43,32.86,34.3,32.45,11541091.0,385076675.0,-2.184,-0.73
301009,可靠股份,8.32,8.3,8.32,8.21,8.2,8.49,8.04,2918999.0,24346903.0,1.34,0.11
301010,晶雪节能,15.77,15.77,15.8,15.41,15.45,16.14,15.18,2045700.0,32339740.0,2.336,0.36
301011,华立科技,14.31,14.3,14.31,13.89,14.0,14.57,13.53,3021800.0,42970064.0,3.024,0.42
301012,扬电科技,23.64,23.64,23.65,22.31,22.25,25.42,22.25,13724020.0,330128475.0,5.961,1.33
301013,利和兴,55.7,55.69,55.7,60.2,59.81,60.93,55.6,32558014.0,1887131836.0,-7.475,-4.5
301015,百洋医药,22.92,22.91,22.92,22.08,21.8,23.24,21.6,12988420.0,294056547.0,3.804,0.84
301016,雷尔伟,13.35,13.34,13.35,13.17,13.06,13.75,13.0,3814588.0,51172070.0,1.367,0.18
301017,漱玉平民,12.81,12.81,12.82,12.51,12.52,13.08,12.35,6750600.0,86464061.0,2.398,0.3
301018,申菱环境,119.56,119.56,119.58,123.55,121.34,128.61,119.3,20034170.0,2495793442.0,-3.229,-3.99
301019,宁波色母,15.63,15.62,15.63,15.46,15.38,16.08,15.25,4013047.0,62510279.0,1.1,0.17
301020,密封科技,20.33,20.33,20.35,20.61,20.55,20.99,20.32,2592500.0,53547868.0,-1.359,-0.28
301021,英诺激光,95.31,95.3,95.38,99.44,99.19,103.66,95.31,7163093.0,709304635.0,-4.153,-4.13
301022,海泰科,22.92,22.92,22.97,22.78,22.78,23.4,22.4,1437618.0,33043777.0,0.615,0.14
301023,奕帆传动,30.88,30.88,30.89,31.06,31.01,31.86,30.5,2254069.0,70691378.0,-0.58,-0.18
301024,霍普股份,31.57,31.57,31.65,31.58,31.46,32.87,31.26,1052287.0,33766239.0,-0.032,-0.01
301025,读客文化,8.21,8.2,8.21,8.03,8.11,8.43,7.82,8770300.0,72231898.0,2.242,0.18
301026,浩通科技,17.72,17.72,17.73,17.66,17.59,18.18,17.4,6007761.0,107569035.0,0.34,0.06
301027,华蓝集团,19.58,19.58,19.6,19.11,19.11,20.13,19.11,5566573.0,109931769.0,2.459,0.47
301028,鼎熔岩,15.78,15.78,15.83,15.99,15.81,16.49,15.72,6365751.0,101747139.0,-1.313,-0.21
301029,怡合达,28.98,28.98,28.99,29.9,29.9,31.25,28.98,17670728.0,533307257.0,-3.077,-0.92
301030,*ST仕净,9.15,9.15,9.16,8.94,8.79,9.24,8.69,8692700.0,78290547.0,2.349,0.21
301031,中熔电气,106.25,106.25,106.32,109.56,109.61,114.3,106.16,3477234.0,383584034.0,-3.021,-3.31
301032,新柴股份,9.93,9.93,9.95,9.63,9.6,10.15,9.45,4851016.0,48104001.0,3.115,0.3
301033,迈普医学,55.91,55.91,55.98,53.9,53.96,57.14,51.51,1906679.0,105799012.0,3.729,2.01
301035,润丰股份,46.2,46.2,46.31,45.99,45.99,46.88,44.65,1358369.0,62198298.0,0.457,0.21
301036,双乐股份,20.74,20.74,20.8,20.82,20.63,21.39,20.56,1445225.0,30409902.0,-0.384,-0.08
301037,保立佳,11.57,11.57,11.63,11.31,11.27,11.94,11.11,2908832.0,33627247.0,2.299,0.26
301038,深水规院,19.04,19.04,19.05,18.57,18.1,19.1,17.85,11169988.0,208328365.0,2.531,0.47
301039,中集车辆,6.97,6.97,6.98,6.84,6.86,7.05,6.71,15176359.0,104872819.0,1.901,0.13
301040,中环海陆,24.68,24.68,24.69,23.59,23.6,24.86,23.1,3722060.0,90641235.0,4.621,1.09
301041,金百泽,27.63,27.62,27.63,28.28,28.33,29.71,27.63,4880013.0,139799900.0,-2.298,-0.65
301042,安联锐视,69.07,69.07,69.08,68.53,68.04,70.9,67.33,2694555.0,185634769.0,0.788,0.54
301043,绿岛风,48.61,48.61,48.68,47.5,47.35,50.48,46.62,1423700.0,69290206.0,2.337,1.11
301045,天禄科技,93.0,93.0,93.03,93.0,92.88,99.5,89.0,8029636.0,768144459.0,0.0,0.0
301046,能辉科技,26.53,26.53,26.55,26.77,26.71,27.2,26.29,2934100.0,78278653.0,-0.897,-0.24
301047,义翘神州,70.07,70.07,70.08,68.74,68.27,71.28,67.53,2544260.0,178385995.0,1.935,1.33
301048,金鹰重工,8.7,8.7,8.71,8.55,8.59,8.85,8.43,3382300.0,29376087.0,1.754,0.15
301049,超越科技,18.17,18.13,18.17,18.31,17.75,18.55,17.38,3187400.0,57379486.0,-0.765,-0.14
301050,雷电微力,34.5,34.5,34.51,32.77,32.5,36.38,32.28,11156013.0,385627348.0,5.279,1.73
301051,信濠光电,20.6,20.6,20.62,21.59,21.38,21.76,20.13,16604364.0,345949072.0,-4.585,-0.99
301052,果麦文化,22.82,22.81,22.82,22.1,21.96,23.68,21.66,4765705.0,109625891.0,3.258,0.72
301053,远信工业,41.7,41.69,41.7,41.7,41.7,42.34,38.99,10375005.0,422794041.0,0.0,0.0
301055,张小泉,37.09,37.09,37.13,38.08,38.49,38.49,37.07,2879400.0,108673983.0,-2.6,-0.99
301056,森赫股份,10.68,10.67,10.68,10.38,10.28,11.03,10.28,3111667.0,33360782.0,2.89,0.3
301057,汇隆新材,21.37,21.37,21.42,21.32,21.13,21.9,21.04,3542343.0,76137669.0,0.235,0.05
301058,中粮科工,7.95,7.95,7.96,7.76,7.74,8.02,7.68,5006829.0,39585289.0,2.448,0.19
301059,金三江,12.5,12.49,12.5,11.84,11.78,12.53,11.72,7752740.0,95122929.0,5.574,0.66
301060,兰卫医学,8.64,8.64,8.66,8.41,8.32,8.82,8.23,8134203.0,70305864.0,2.735,0.23
301061,匠心家居,34.03,34.03,34.07,32.7,32.43,34.48,32.1,2875531.0,96990300.0,4.067,1.33
301062,上海艾录,5.71,5.7,5.71,5.68,5.68,5.85,5.57,7191322.0,41218132.0,0.528,0.03
301063,海锅股份,16.42,16.42,16.43,15.98,16.08,16.89,15.84,2186600.0,35976752.0,2.753,0.44
301065,本立科技,18.13,18.13,18.17,17.9,17.85,18.38,17.66,1369707.0,24736007.0,1.285,0.23
301066,万事利,11.69,11.68,11.69,11.51,11.51,12.04,11.3,5365800.0,63050882.0,1.564,0.18
301067,显盈科技,30.4,30.39,30.4,29.7,28.38,32.23,28.1,8688893.0,268139239.0,2.357,0.7
301068,大地海洋,29.8,29.75,29.8,29.38,29.29,30.23,28.25,2127565.0,61681750.0,1.43,0.42
301069,凯盛新材,18.23,18.22,18.23,18.12,18.28,18.72,18.03,10614244.0,195327960.0,0.607,0.11
301070,开勒股份,87.34,87.34,87.35,89.19,89.0,91.8,87.15,4442165.0,396193885.0,-2.074,-1.85
301071,力量钻石,77.37,77.37,77.38,81.0,82.46,85.6,77.37,18013894.0,1460740034.0,-4.481,-3.63
301072,中捷精工,41.38,41.38,41.44,41.41,41.41,43.88,41.0,4395900.0,186917790.0,-0.072,-0.03
301073,君亭酒店,17.15,17.15,17.17,16.77,16.6,17.45,16.46,5391380.0,92410369.0,2.266,0.38
301075,多瑞医药,63.4,63.4,63.42,58.65,58.65,64.0,58.0,2565041.0,158244667.0,8.099,4.75
301076,新瀚新材,24.6,24.59,24.6,24.28,24.31,25.69,23.93,6113779.0,152526432.0,1.318,0.32
301077,星华新材,22.2,22.2,22.22,22.14,22.17,22.87,21.81,2291800.0,51383459.0,0.271,0.06
301078,孩子王,6.72,6.71,6.72,6.53,6.54,6.79,6.53,27661634.0,185351684.0,2.91,0.19
301079,邵阳液压,33.3,33.29,33.3,30.87,30.5,35.38,30.5,9620125.0,320237781.0,7.872,2.43
301080,百普赛斯,50.6,50.59,50.6,48.05,47.7,52.3,47.09,7259935.0,367706592.0,5.307,2.55
301081,严牌股份,13.18,13.18,13.2,13.13,12.9,13.59,12.67,5741522.0,75578141.0,0.381,0.05
301082,久盛电气,8.61,8.6,8.61,8.42,8.34,8.81,8.29,6458150.0,55623608.0,2.257,0.19
301083,百胜智能,13.06,13.06,13.07,12.94,13.0,13.33,12.69,3325900.0,43228644.0,0.927,0.12
301085,亚康股份,61.05,61.05,61.06,60.66,60.0,63.6,59.8,2838611.0,175903926.0,0.643,0.39
301086,鸿富瀚,164.0,163.99,164.0,180.11,185.0,185.23,163.0,3922289.0,679711002.0,-8.945,-16.11
301087,可孚医疗,48.67,48.66,48.76,48.38,48.39,49.78,47.46,1734380.0,84618996.0,0.599,0.29
301088,戎美股份,12.03,12.03,12.04,11.75,11.74,12.15,11.68,984000.0,11803075.0,2.383,0.28
301089,拓新药业,22.81,22.81,22.85,21.93,21.83,23.34,21.47,3839012.0,87647938.0,4.013,0.88
301090,华润材料,6.37,6.37,6.39,6.31,6.28,6.51,6.22,7713100.0,49307525.0,0.951,0.06
301091,深城交,16.02,16.02,16.05,15.48,15.63,16.43,15.52,8488808.0,136544656.0,3.488,0.54
301092,争光股份,55.0,54.99,55.0,47.5,51.0,57.0,50.5,14340501.0,773792518.0,15.789,7.5
301093,华兰股份,107.57,107.57,107.59,108.94,109.65,119.96,106.3,3648989.0,413978637.0,-1.258,-1.37
301095,广立微,104.43,104.43,104.47,115.07,117.0,118.65,104.11,16399155.0,1833458691.0,-9.247,-10.64
301096,百诚医药,50.7,50.66,50.7,49.22,49.04,52.36,48.72,3390073.0,173431130.0,3.007,1.48
301097,天益医疗,34.13,34.13,34.17,33.89,33.76,35.22,33.4,611321.0,21068248.0,0.708,0.24
301098,金埔园林,8.63,8.63,8.64,8.28,8.12,8.94,8.05,16339451.0,140628040.0,4.227,0.35
301099,雅创电子,95.6,95.6,95.64,92.84,91.0,103.63,91.0,17618412.0,1730769291.0,2.973,2.76
301100,风光股份,14.45,14.45,14.48,14.36,14.29,14.73,14.15,1287400.0,18688426.0,0.627,0.09
301101,明月镜片,28.56,28.55,28.56,28.73,28.44,29.31,28.43,2483367.0,71723314.0,-0.592,-0.17
301102,兆讯传媒,9.12,9.11,9.12,8.89,8.81,9.25,8.74,2083759.0,18927137.0,2.587,0.23
301103,何氏眼科,15.74,15.74,15.75,15.23,15.25,16.14,14.96,2812080.0,44121027.0,3.349,0.51
301105,鸿铭股份,43.21,43.19,43.21,41.75,42.68,44.52,41.68,541300.0,23372828.0,3.497,1.46
301106,骏成科技,17.81,17.77,17.81,18.01,18.01,18.45,17.7,2814980.0,51075898.0,-1.11,-0.2
301107,瑜欣电子,21.3,21.3,21.32,21.42,21.5,22.29,20.95,2813284.0,61147700.0,-0.56,-0.12
301108,洁雅股份,30.54,30.53,30.54,30.46,30.05,31.88,29.75,4338383.0,134343683.0,0.263,0.08
301109,军信股份,13.21,13.21,13.22,13.11,13.01,13.38,12.95,3836132.0,50399482.0,0.763,0.1
301110,青木科技,36.67,36.67,36.68,37.47,37.91,38.1,35.57,7057590.0,260046959.0,-2.135,-0.8
301111,粤万年青,22.75,22.75,22.76,22.67,22.8,23.47,22.21,4207900.0,96716444.0,0.353,0.08
301112,信邦智能,34.67,34.6,34.67,33.36,33.57,35.96,33.15,2219300.0,77948650.0,3.927,1.31
301113,雅艺科技,15.61,15.55,15.61,15.42,15.29,15.74,14.95,2938938.0,45417419.0,1.232,0.19
301115,联检科技,31.6,31.59,31.6,30.03,30.8,32.94,30.08,5568200.0,176747377.0,5.228,1.57
301116,益客食品,8.95,8.94,8.95,8.87,8.87,9.07,8.68,3528100.0,31487142.0,0.902,0.08
301117,佳缘科技,20.29,20.29,0.0,16.91,15.86,20.29,15.86,31457350.0,570694109.0,19.988,3.38
301118,恒光股份,23.08,23.08,23.14,23.53,23.41,23.76,23.0,4754296.0,111036555.0,-1.912,-0.45
301119,正强股份,23.61,23.6,23.61,23.45,23.04,24.35,22.92,2895584.0,68811707.0,0.682,0.16
301120,新特电气,15.4,15.4,15.41,15.12,15.3,15.91,15.19,9413082.0,146060604.0,1.852,0.28
301121,紫建电子,36.98,36.98,36.99,36.5,37.18,37.5,36.01,1810760.0,66812294.0,1.315,0.48
301122,采纳股份,28.13,28.13,28.23,28.86,28.83,29.0,28.0,2206400.0,62968945.0,-2.529,-0.73
301123,奕东电子,104.91,104.91,104.92,102.17,106.51,113.88,104.9,12607204.0,1372438100.0,2.682,2.74
301125,腾亚精工,12.65,12.64,12.66,12.7,12.59,13.25,12.57,2679581.0,34640464.0,-0.394,-0.05
301126,达嘉维康,8.99,8.99,9.0,8.71,8.69,9.25,8.52,4240200.0,37878392.0,3.215,0.28
301127,武汉天源,18.01,18.0,18.04,18.31,18.68,19.31,17.94,25371355.0,468632002.0,-1.638,-0.3
301128,强瑞技术,146.1,146.1,146.12,142.52,142.82,153.8,140.12,6588359.0,978998674.0,2.512,3.58
301129,瑞纳智能,20.4,20.4,20.41,20.03,19.89,20.89,19.82,1967219.0,40206687.0,1.847,0.37
301130,西点药业,24.86,24.86,24.9,24.19,24.19,25.31,23.8,1187014.0,29480566.0,2.77,0.67
301131,聚赛龙,31.8,31.8,31.81,31.28,31.28,32.45,30.81,1148430.0,36560783.0,1.662,0.52
301132,满坤科技,41.02,41.02,41.05,44.13,44.02,44.5,41.02,8384740.0,359344254.0,-7.047,-3.11
301133,金钟股份,35.39,35.37,35.39,35.9,35.48,36.4,35.01,2583148.0,92680505.0,-1.421,-0.51
301135,瑞德智能,15.82,15.81,15.82,15.55,15.49,16.16,15.35,1703580.0,27046869.0,1.736,0.27
301136,招标股份,11.59,11.59,11.6,10.99,11.0,12.1,10.78,15146685.0,174765970.0,5.46,0.6
301137,哈焊华通,32.3,32.29,32.3,31.39,31.88,32.99,31.13,4418598.0,142214404.0,2.899,0.91
301138,华研精机,29.44,29.41,29.44,29.16,29.01,29.78,28.05,2387857.0,69245023.0,0.96,0.28
301139,*ST元道,3.26,3.25,3.26,3.39,3.28,3.4,3.18,12359798.0,40308411.0,-3.835,-0.13
301141,中科磁业,37.91,37.91,37.95,37.39,37.85,38.97,37.26,2118113.0,80964161.0,1.391,0.52
301148,嘉戎技术,49.5,49.5,49.55,48.8,48.98,50.5,48.63,1077900.0,53422955.0,1.434,0.7
301149,隆华新材,8.01,8.01,8.02,8.02,7.98,8.23,7.88,7218380.0,58342747.0,-0.125,-0.01
301150,中一科技,49.35,49.35,49.38,50.25,50.25,54.36,49.27,17036444.0,881725125.0,-1.791,-0.9
301151,冠龙节能,22.98,22.97,22.98,21.41,21.22,23.58,20.78,14343368.0,322045879.0,7.333,1.57
301152,天力锂能,21.7,21.69,21.7,22.0,21.89,22.42,21.64,3697200.0,81558558.0,-1.364,-0.3
301153,中科江南,16.38,16.38,16.4,16.19,16.01,16.76,15.9,4784740.0,78533487.0,1.174,0.19
301155,海力风电,41.0,41.0,41.01,40.0,40.47,42.42,39.2,4494432.0,184403843.0,2.5,1.0
301156,美农生物,10.9,10.87,10.93,10.79,10.69,11.2,10.51,3202943.0,35077175.0,1.019,0.11
301157,华塑科技,58.74,58.74,58.75,59.64,59.03,60.65,58.3,728317.0,43467792.0,-1.509,-0.9
301158,德石股份,14.12,14.12,14.14,13.87,13.67,14.46,13.48,6008130.0,84322034.0,1.802,0.25
301159,三维天地,30.0,29.96,30.0,28.66,28.64,30.96,28.09,2339700.0,69893021.0,4.676,1.34
301160,翔楼新材,43.11,43.11,43.12,44.05,44.12,44.96,42.93,4404660.0,194197272.0,-2.134,-0.94
301161,唯万密封,40.21,40.2,40.21,38.16,38.78,42.18,38.1,9312417.0,381171636.0,5.372,2.05
301162,国能日新,39.6,39.59,39.6,39.3,39.3,40.68,38.66,2626471.0,104642841.0,0.763,0.3
301163,宏德股份,22.62,22.62,22.64,22.08,22.0,23.29,21.92,2371100.0,53797689.0,2.446,0.54
301165,锐捷网络,103.61,103.61,103.62,109.18,108.1,114.99,103.6,40174904.0,4349731615.0,-5.102,-5.57
301166,优宁维,26.56,26.56,26.57,25.93,25.89,27.14,25.5,1538000.0,40883117.0,2.43,0.63
301167,建研设计,12.56,12.56,12.57,12.17,12.15,12.75,11.97,2796640.0,34840069.0,3.205,0.39
301168,通灵股份,40.14,40.14,40.15,39.8,39.81,40.57,39.6,1708074.0,68587810.0,0.854,0.34
301169,零点有数,63.17,63.15,63.22,64.57,65.05,66.79,63.07,1145600.0,74559599.0,-2.168,-1.4
301170,锡南科技,21.78,21.78,21.79,21.4,21.33,22.24,21.1,1252300.0,27305942.0,1.776,0.38
301171,易点天下,31.11,31.11,31.12,29.91,29.15,33.71,29.01,71960269.0,2279590244.0,4.012,1.2
301172,君逸数码,26.62,26.62,26.67,28.06,27.91,28.17,26.45,10005721.0,273274910.0,-5.132,-1.44
301173,毓恬冠佳,30.28,30.28,30.3,29.73,30.28,30.83,29.11,881600.0,26554433.0,1.85,0.55
301175,中科环保,4.95,4.95,4.96,4.9,4.88,5.05,4.84,17255505.0,85641464.0,1.02,0.05
301176,逸豪新材,51.19,51.16,51.19,53.18,53.18,54.96,51.15,6240570.0,331937220.0,-3.742,-1.99
301177,迪阿股份,22.33,22.33,22.34,22.32,22.31,22.84,21.85,1799114.0,40396962.0,0.045,0.01
301178,天亿马,36.95,36.93,36.95,35.1,34.55,39.88,34.37,5619886.0,212564262.0,5.271,1.85
301179,泽宇智能,20.28,20.28,20.29,19.76,19.58,20.58,19.58,4660303.0,94457873.0,2.632,0.52
301180,万祥科技,11.82,11.82,11.83,11.76,11.7,12.14,11.64,4344000.0,51918782.0,0.51,0.06
301181,标榜股份,21.75,21.75,21.76,21.5,21.58,22.41,21.15,2902940.0,63417797.0,1.163,0.25
301182,凯旺科技,88.6,88.6,88.65,94.29,94.6,94.6,88.6,3166201.0,290464096.0,-6.035,-5.69
301183,东田微,222.3,222.29,222.3,224.98,228.0,241.9,221.04,5550897.0,1283683810.0,-1.191,-2.68
301185,鸥玛软件,15.5,15.5,15.56,14.79,14.76,16.29,14.6,4982522.0,77563365.0,4.801,0.71
301186,超达装备,36.25,36.22,36.25,36.46,36.45,37.53,36.02,1414785.0,51880506.0,-0.576,-0.21
301187,欧圣电气,14.42,14.42,14.46,14.3,14.37,14.79,14.02,2325002.0,33717259.0,0.839,0.12
301188,力诺药包,45.73,45.73,45.74,50.01,51.52,51.89,45.65,24079175.0,1157540973.0,-8.558,-4.28
301189,奥尼电子,53.81,53.81,53.84,55.54,55.66,59.0,53.6,5035191.0,284072090.0,-3.115,-1.73
301190,善水科技,15.62,15.61,15.62,15.3,15.47,16.04,15.06,3455100.0,53932503.0,2.092,0.32
301191,菲菱科思,122.83,122.83,122.84,125.99,128.52,134.88,122.0,13358779.0,1722835418.0,-2.508,-3.16
301192,泰祥股份,18.53,18.53,18.55,18.09,18.68,18.98,17.91,1366850.0,25373303.0,2.432,0.44
301193,家联科技,17.83,17.83,17.84,17.38,17.19,18.0,17.06,3861794.0,68172721.0,2.589,0.45
301195,北路智控,27.04,27.04,27.08,26.9,26.9,27.69,26.47,1708257.0,46562809.0,0.52,0.14
301196,唯科科技,113.99,113.98,113.99,105.71,105.6,119.5,104.92,9572878.0,1098756061.0,7.833,8.28
301197,工大科雅,24.19,24.19,24.2,23.92,23.69,25.0,23.25,5641920.0,137016421.0,1.129,0.27
301198,喜悦智行,12.01,12.01,12.04,11.79,11.92,12.38,11.53,3624238.0,43698749.0,1.866,0.22
301199,迈赫股份,19.99,19.98,19.99,20.05,19.46,20.64,19.46,5749650.0,115618874.0,-0.299,-0.06
301200,大族数控,336.0,336.0,336.01,328.0,341.0,362.3,335.8,5131044.0,1791649715.0,2.439,8.0
301201,诚达药业,36.88,36.88,36.96,34.7,34.36,38.55,33.5,18190054.0,664789977.0,6.282,2.18
301202,朗威股份,37.83,37.83,37.85,37.43,36.69,38.79,36.0,6803094.0,257322294.0,1.069,0.4
301203,国泰环保,38.9,38.9,38.93,38.88,38.88,40.1,38.37,600000.0,23613106.0,0.051,0.02
301205,联特科技,264.56,264.56,264.57,272.0,280.01,299.19,264.4,8518152.0,2423262880.0,-2.735,-7.44
301206,三元生物,23.21,23.21,23.22,23.02,23.0,23.6,22.69,1490700.0,34589559.0,0.825,0.19
301207,华兰疫苗,16.91,16.9,16.91,16.42,16.25,17.05,16.1,6051957.0,101457984.0,2.984,0.49
301208,中亦科技,28.5,28.5,28.53,28.57,28.22,29.24,27.92,1619919.0,46655880.0,-0.245,-0.07
301209,联合化学,48.6,48.59,48.6,48.84,49.34,50.73,48.52,1374388.0,68133148.0,-0.491,-0.24
301210,金杨精密,29.11,29.11,29.12,28.88,29.0,30.88,28.79,6110952.0,182359161.0,0.796,0.23
301211,亨迪药业,11.65,11.65,11.66,11.1,11.01,11.98,10.75,17458827.0,199966643.0,4.955,0.55
301212,联盛化学,24.08,24.07,24.08,24.5,24.57,24.65,24.01,1274500.0,31023932.0,-1.714,-0.42
301213,观想科技,45.51,45.5,45.51,44.87,44.9,47.4,43.8,2345832.0,107279775.0,1.426,0.64
301215,中汽股份,5.16,5.16,5.17,5.09,5.06,5.25,5.0,9846600.0,50660139.0,1.375,0.07
301216,万凯新材,18.39,18.39,18.4,19.51,19.42,19.71,18.33,23984653.0,454258194.0,-5.741,-1.12
301217,铜冠铜箔,132.09,132.08,132.09,139.68,139.88,146.15,132.01,35791188.0,4993446134.0,-5.434,-7.59
301218,华是科技,42.42,42.42,42.44,37.82,37.37,45.38,37.2,15024863.0,634574184.0,12.163,4.6
301219,腾远钴业,47.89,47.89,47.9,49.07,49.1,49.84,47.89,7734679.0,377927071.0,-2.405,-1.18
301220,亚香股份,29.77,29.77,29.81,30.51,29.9,30.79,29.76,1410760.0,42599476.0,-2.425,-0.74
301221,光庭信息,28.18,28.18,28.19,27.81,28.0,28.78,27.43,1943906.0,55018572.0,1.33,0.37
301222,浙江恒威,29.25,29.25,29.28,28.88,28.89,31.0,28.74,4492860.0,133159309.0,1.281,0.37
301223,中荣股份,16.01,16.01,16.04,16.04,16.03,16.18,15.67,988699.0,15844144.0,-0.187,-0.03
301225,恒勃股份,63.5,63.5,63.55,58.98,59.6,67.35,57.9,4939961.0,312731486.0,7.664,4.52
301226,祥明智能,30.61,30.6,30.61,29.58,30.17,32.22,29.44,3082500.0,96135155.0,3.482,1.03
301227,森鹰窗业,25.8,25.8,25.81,28.02,27.98,28.11,25.7,3904420.0,105061572.0,-7.923,-2.22
301228,实朴检测,74.1,74.1,74.14,75.26,74.88,78.48,74.05,2731244.0,208955606.0,-1.541,-1.16
301229,纽泰格,12.09,12.07,12.09,11.84,11.86,12.42,11.66,3251795.0,39407090.0,2.111,0.25
301230,泓博医药,40.16,40.15,40.16,35.5,34.8,41.32,34.64,18243791.0,710397767.0,13.127,4.66
301231,荣信文化,25.6,25.59,25.6,23.66,23.39,26.98,23.08,8056615.0,205859392.0,8.199,1.94
301232,飞沃科技,179.2,179.2,179.22,168.55,164.01,194.59,163.9,12943138.0,2346600070.0,6.319,10.65
301233,盛帮股份,33.38,33.38,33.4,31.71,31.52,34.35,31.52,1293980.0,43201878.0,5.266,1.67
301234,五洲医疗,34.0,0.0,0.0,34.0,0.0,0.0,0.0,0.0,0.0,0.0,0.0
301235,华康洁净,56.48,56.33,56.48,57.85,57.3,62.44,56.48,9053503.0,540797077.0,-2.368,-1.37
301236,软通动力,41.83,41.82,41.83,40.43,40.02,43.88,39.88,53512877.0,2260741501.0,3.463,1.4
301237,和顺科技,67.49,67.47,67.49,67.92,68.78,69.48,65.54,2965446.0,200418526.0,-0.633,-0.43
301238,瑞泰新材,17.38,17.38,17.39,17.87,17.89,18.08,17.36,17850152.0,316605365.0,-2.742,-0.49
301239,普瑞眼科,29.8,29.8,29.82,29.09,29.09,30.35,28.35,3262107.0,96675871.0,2.441,0.71
301246,宏源药业,22.28,22.28,22.29,22.63,22.59,23.03,22.28,11665400.0,264451542.0,-1.547,-0.35
301248,杰创智能,78.82,78.82,78.85,76.88,78.0,85.9,77.0,9466642.0,771659961.0,2.523,1.94
301251,威尔高,51.95,51.94,51.95,58.01,57.79,57.79,51.95,17632016.0,967747338.0,-10.446,-6.06
301252,同星科技,39.43,39.4,39.43,37.26,36.71,40.8,36.51,7822238.0,303630158.0,5.824,2.17
301255,通力科技,21.0,20.95,21.0,20.77,20.74,21.67,20.53,1674158.0,35350422.0,1.107,0.23
301256,华融化学,11.18,11.17,11.18,11.35,11.23,11.56,11.17,7636566.0,86441675.0,-1.498,-0.17
301257,普蕊斯,50.18,50.18,50.19,47.08,46.0,51.2,45.2,8138326.0,400847426.0,6.585,3.1
301258,富士莱,24.0,23.99,24.0,23.57,23.48,24.5,23.07,858700.0,20601603.0,1.824,0.43
301259,艾布鲁,25.51,25.51,25.53,26.9,26.94,27.13,25.5,8045976.0,211001964.0,-5.167,-1.39
301260,格力博,13.68,13.68,13.69,13.7,13.63,13.96,13.5,2949160.0,40674385.0,-0.146,-0.02
301261,恒工精密,79.02,79.02,79.3,77.83,77.84,82.5,77.46,3205195.0,257062115.0,1.529,1.19
301262,海看股份,19.06,19.05,19.06,18.51,18.45,19.35,18.22,4404503.0,83570464.0,2.971,0.55
301263,泰恩康,20.97,20.96,20.97,20.55,20.62,21.47,20.41,5846734.0,122820569.0,2.044,0.42
301265,华新科技,26.02,26.02,26.05,25.65,25.67,27.16,25.65,7346842.0,194123992.0,1.442,0.37
301266,宇邦新材,20.85,20.85,20.86,20.72,20.7,21.56,20.51,3425492.0,72214116.0,0.627,0.13
301267,华厦眼科,14.98,14.98,15.0,14.68,14.66,15.25,14.5,5476875.0,81870885.0,2.044,0.3
301268,铭利达,13.55,13.53,13.55,13.19,13.17,13.96,13.06,5113500.0,69255187.0,2.729,0.36
301269,华大九天,112.4,112.39,112.4,123.41,122.56,124.06,112.4,28360622.0,3370297599.0,-8.921,-11.01
301270,汉仪股份,26.15,26.15,26.18,26.59,26.55,27.2,25.7,2559100.0,67791784.0,-1.655,-0.44
301272,英华特,33.13,33.09,33.16,32.0,32.0,33.5,31.42,841900.0,27638296.0,3.531,1.13
301273,瑞晨环保,28.95,28.94,28.95,29.67,29.61,31.6,28.95,1959341.0,59072183.0,-2.427,-0.72
301275,汉朔科技,41.97,41.96,41.97,40.98,41.01,42.19,40.42,6492120.0,270335627.0,2.416,0.99
301276,嘉曼服饰,25.27,25.26,25.27,24.9,24.91,25.89,24.67,2662067.0,67675832.0,1.486,0.37
301277,新天地,9.87,9.86,9.87,9.71,9.54,10.07,9.4,9291365.0,91083876.0,1.648,0.16
301278,快可电子,26.55,26.55,26.61,26.25,26.26,27.28,25.85,1342353.0,35898315.0,1.143,0.3
301279,金道科技,21.2,21.2,21.25,21.27,21.4,22.13,21.04,3332907.0,71539282.0,-0.329,-0.07
301280,珠城科技,48.25,48.25,48.51,49.65,49.78,51.12,48.23,3616593.0,180258051.0,-2.82,-1.4
301281,科源制药,50.42,50.42,50.43,50.99,50.78,52.35,49.5,4229300.0,215710773.0,-1.118,-0.57
301282,金禄电子,25.48,25.48,25.49,25.7,25.45,26.3,25.08,11517262.0,295674659.0,-0.856,-0.22
301283,聚胶股份,23.94,23.93,23.94,24.0,23.9,24.5,23.49,1029635.0,24732864.0,-0.25,-0.06
301285,鸿日达,103.0,103.0,103.06,109.38,110.64,111.88,102.1,3909479.0,420788273.0,-5.833,-6.38
301286,侨源股份,51.3,51.2,51.3,51.49,51.07,54.37,51.07,2785468.0,146148967.0,-0.369,-0.19
301287,康力源,32.46,32.4,32.46,31.5,31.46,32.99,31.1,651831.0,21018904.0,3.048,0.96
301288,清研环境,16.46,16.46,16.49,16.35,16.09,16.94,16.09,1374600.0,22746839.0,0.673,0.11
301289,国缆检测,45.09,45.09,45.12,44.52,44.6,45.95,44.02,801499.0,36179365.0,1.28,0.57
301290,东星医疗,26.8,26.8,26.83,26.59,26.5,27.28,26.25,1710498.0,46019590.0,0.79,0.21
301291,明阳电气,36.98,36.95,36.98,37.05,37.02,38.12,36.17,9960496.0,370125644.0,-0.189,-0.07
301292,海科新源,61.04,61.03,61.04,63.76,63.68,64.29,61.02,8480040.0,530671347.0,-4.266,-2.72
301293,三博脑科,50.45,50.44,50.45,49.21,49.0,51.37,48.0,8070385.0,404433867.0,2.52,1.24
301295,美硕科技,49.91,49.84,49.91,48.66,48.5,50.54,47.77,4549534.0,226145603.0,2.569,1.25
301296,新巨丰,6.42,6.41,6.42,6.3,6.24,6.47,6.18,4073038.0,25895795.0,1.905,0.12
301297,富乐德,46.33,46.33,46.35,50.45,51.4,52.07,46.3,30271101.0,1494059416.0,-8.167,-4.12
301298,东利机械,11.71,11.71,11.72,11.38,11.43,11.95,11.24,2289800.0,26664558.0,2.9,0.33
301299,卓创资讯,43.05,43.05,43.06,42.97,42.8,44.36,42.03,1079171.0,46828868.0,0.186,0.08
301300,远翔新材,29.82,29.82,29.88,29.59,28.99,30.48,28.99,1053800.0,31498855.0,0.777,0.23
301301,川宁生物,8.42,8.41,8.42,8.21,8.2,8.53,8.1,13857129.0,116382256.0,2.558,0.21
301302,华如科技,24.19,24.18,24.19,24.07,24.01,25.22,23.76,8439600.0,206395467.0,0.499,0.12
301303,真兰仪表,15.47,15.47,15.48,16.22,16.06,16.5,15.35,11292038.0,177157165.0,-4.624,-0.75
301305,朗坤科技,24.44,24.43,24.44,23.65,24.64,25.28,24.04,9469465.0,232723106.0,3.34,0.79
301306,西测测试,167.8,167.79,167.8,154.86,158.5,180.0,155.3,7017521.0,1194333497.0,8.356,12.94
301307,美利信,94.04,94.04,94.05,92.84,88.66,101.5,88.66,22012148.0,2139820842.0,1.293,1.2
301308,江波龙,587.6,587.58,587.6,620.0,628.0,645.09,587.6,19251575.0,11918267712.0,-5.226,-32.4
301309,万得凯,29.82,29.79,29.82,28.71,28.97,30.2,28.43,1128620.0,33127588.0,3.866,1.11
301310,鑫宏业,58.64,58.63,58.64,52.62,54.01,60.78,52.2,13970057.0,818511611.0,11.441,6.02
301311,昆船智能,13.12,13.11,13.12,12.71,12.65,13.43,12.52,2404200.0,31426402.0,3.226,0.41
301312,智立方,92.71,92.71,92.77,95.5,98.01,102.74,92.26,6837690.0,673618521.0,-2.921,-2.79
301313,凡拓数创,40.8,40.8,40.84,41.0,41.03,42.72,40.41,8152704.0,340294508.0,-0.488,-0.2
301314,科瑞思,41.94,41.94,41.99,41.92,41.93,43.45,41.65,1072481.0,45496290.0,0.048,0.02
301315,威士顿,37.99,37.96,37.99,36.94,36.92,38.76,36.24,1836687.0,69788415.0,2.842,1.05
301316,慧博云通,43.7,43.7,43.71,44.82,44.46,45.65,43.47,24285308.0,1081039096.0,-2.499,-1.12
301317,鑫磊股份,62.0,62.0,62.03,57.49,56.92,65.8,56.92,9266300.0,577903497.0,7.845,4.51
301318,维海德,20.19,20.18,20.19,19.74,19.73,20.72,19.48,1318520.0,26724248.0,2.28,0.45
301319,唯特偶,131.3,131.29,131.3,138.43,138.5,147.66,131.22,12694309.0,1776238008.0,-5.151,-7.13
301320,豪江智能,12.39,12.39,12.45,12.34,12.18,12.7,12.11,2001100.0,24989508.0,0.405,0.05
301321,翰博高新,47.7,47.7,47.72,52.73,55.39,56.66,47.6,17148804.0,895308094.0,-9.539,-5.03
301322,绿通科技,45.17,45.17,45.2,48.14,48.05,49.18,45.0,3403224.0,161207273.0,-6.17,-2.97
301323,新莱福,80.8,80.7,80.8,82.9,82.08,84.57,79.0,2867374.0,234883781.0,-2.533,-2.1
301325,曼恩斯特,32.21,32.21,32.22,32.12,32.0,33.28,31.95,2180626.0,71174715.0,0.28,0.09
301326,捷邦科技,149.97,149.7,149.97,127.7,142.01,151.01,138.51,3990900.0,582911395.0,17.439,22.27
301327,华宝新能,45.46,45.46,45.61,45.33,45.33,46.31,45.03,1175640.0,53756030.0,0.287,0.13
301328,维峰电子,70.53,70.53,70.56,69.8,69.01,74.3,68.66,3664794.0,265047722.0,1.046,0.73
301329,信音电子,20.76,20.71,20.76,20.77,20.65,21.38,20.65,4611025.0,96870510.0,-0.048,-0.01
301330,熵基科技,24.24,24.24,24.26,23.87,23.76,24.95,23.55,3097763.0,75648145.0,1.55,0.37
301331,恩威医药,20.22,20.22,20.23,19.9,19.9,20.86,19.49,2194400.0,44439048.0,1.608,0.32
301332,德尔玛,7.76,7.74,7.76,7.68,7.61,7.85,7.56,1532399.0,11846848.0,1.042,0.08
301333,诺思格,52.44,52.43,52.44,48.3,47.55,53.46,47.15,5629300.0,288918323.0,8.571,4.14
301335,天元宠物,19.61,19.61,19.62,19.19,19.19,19.94,18.9,1320765.0,25902789.0,2.189,0.42
301336,趣睡科技,38.22,38.22,38.23,35.79,35.71,38.58,35.31,1481643.0,55773425.0,6.79,2.43
301337,亚华电子,26.15,26.14,26.15,27.17,27.17,27.17,26.14,2546000.0,67607338.0,-3.754,-1.02
301338,凯格精机,122.62,122.62,122.67,130.24,132.01,136.18,116.96,5442749.0,707713160.0,-5.851,-7.62
301339,通行宝,10.3,10.3,10.31,10.2,10.16,10.53,10.02,4211675.0,43613610.0,0.98,0.1
301345,涛涛车业,258.0,258.0,258.2,271.93,263.86,276.27,258.0,2035182.0,536593505.0,-5.123,-13.93
301348,蓝箭电子,27.34,27.34,27.36,28.19,28.12,29.2,27.2,23671126.0,673611211.0,-3.015,-0.85
301349,信德新材,50.73,50.73,50.75,52.5,52.49,53.9,50.62,5164946.0,269950224.0,-3.371,-1.77
301353,普莱得,16.64,16.63,16.64,16.3,16.14,16.99,16.11,1376232.0,22905087.0,2.086,0.34
301355,南王科技,9.6,9.59,9.6,9.46,9.48,9.8,9.25,3056600.0,29341781.0,1.48,0.14
301356,天振股份,23.61,23.61,23.62,25.2,24.8,24.89,23.6,6229959.0,150966434.0,-6.31,-1.59
301357,北方长龙,79.47,79.46,79.47,76.22,75.1,82.47,75.0,3187730.0,253039427.0,4.264,3.25
301358,湖南裕能,63.15,63.15,63.16,65.8,65.6,66.59,63.15,20685050.0,1333834584.0,-4.027,-2.65
301359,东南电子,15.54,15.54,15.55,15.31,15.28,16.04,15.15,2212800.0,34576127.0,1.502,0.23
301360,荣旗科技,63.98,63.95,63.98,66.56,66.55,67.35,63.98,2150390.0,141946312.0,-3.876,-2.58
301361,众智科技,28.7,28.69,28.7,28.46,28.4,29.48,28.4,1182500.0,34218241.0,0.843,0.24
301362,民爆光电,142.03,142.03,142.04,147.77,152.21,163.34,142.03,5182808.0,790469893.0,-3.884,-5.74
301363,美好医疗,19.99,19.99,20.0,19.63,19.35,20.76,19.13,18434896.0,371502810.0,1.834,0.36
301365,矩阵股份,36.23,36.23,36.28,36.86,37.26,37.26,35.25,3343324.0,120955212.0,-1.709,-0.63
301366,一博科技,51.63,51.63,51.64,55.48,55.18,56.5,51.62,10342039.0,560642331.0,-6.939,-3.85
301367,瑞迈特,44.99,44.98,44.99,38.58,38.51,46.02,37.78,7101643.0,303984767.0,16.615,6.41
301368,丰立智能,42.7,42.69,42.7,42.05,42.15,43.96,41.85,3712461.0,159477595.0,1.546,0.65
301369,联动科技,221.39,221.39,221.98,241.77,236.01,247.99,221.0,3902745.0,928936614.0,-8.429,-20.38
301370,国科恒泰,8.5,8.49,8.5,8.21,8.16,8.57,8.08,3813335.0,32084172.0,3.532,0.29
301371,敷尔佳,25.98,25.93,25.98,25.86,25.83,26.55,25.66,2212850.0,57968537.0,0.464,0.12
301372,科净源,30.37,30.37,30.46,29.72,29.72,31.48,29.58,1495900.0,45868580.0,2.187,0.65
301373,凌玮科技,119.38,119.38,119.4,124.41,124.95,129.39,119.2,5910273.0,734010243.0,-4.043,-5.03
301376,致欧科技,18.81,18.81,18.85,19.09,18.9,19.3,18.8,1910903.0,36324614.0,-1.467,-0.28
301377,鼎泰高科,466.94,466.93,467.0,484.08,490.0,505.98,465.0,5022966.0,2452993162.0,-3.541,-17.14
301378,通达海,23.72,23.71,23.72,23.24,23.29,24.33,22.75,2199055.0,52324102.0,2.065,0.48
301379,天山电子,35.6,35.6,35.61,36.97,37.63,39.3,35.43,52921331.0,1972230808.0,-3.706,-1.37
301380,挖金客,26.82,26.82,26.83,26.41,26.41,27.59,25.91,1700781.0,45898718.0,1.552,0.41
301381,赛维时代,18.1,18.1,18.12,18.04,18.2,18.66,17.94,4007226.0,73525123.0,0.333,0.06
301382,蜂助手,41.0,41.0,41.01,42.38,42.81,43.16,40.8,16436432.0,689187471.0,-3.256,-1.38
301383,天键股份,22.47,22.47,22.5,22.35,23.01,24.24,22.35,2472700.0,56636466.0,0.537,0.12
301386,未来电器,20.11,20.11,20.13,20.05,19.99,20.6,19.66,1077666.0,21778926.0,0.299,0.06
301387,光大同创,73.88,73.86,74.0,76.44,76.97,79.0,73.88,2430874.0,186258476.0,-3.349,-2.56
301388,欣灵电气,22.79,22.79,22.87,22.55,22.5,23.36,22.23,1318210.0,30107873.0,1.064,0.24
301389,隆扬电子,67.08,67.06,67.08,69.82,70.14,71.86,67.04,7691168.0,535447373.0,-3.924,-2.74
301390,经纬股份,31.15,31.15,31.17,31.03,30.97,31.6,30.63,779100.0,24318339.0,0.387,0.12
301391,卡莱特,53.03,53.03,53.26,52.89,52.93,55.13,52.2,1512499.0,81515515.0,0.265,0.14
301392,汇成真空,273.05,273.05,273.06,274.64,271.37,295.0,271.37,6190653.0,1745948640.0,-0.579,-1.59
301393,昊帆生物,66.48,66.47,66.48,62.55,62.37,68.76,61.33,4062400.0,270057012.0,6.283,3.93
301395,仁信新材,11.22,11.22,11.25,11.1,11.0,11.44,10.97,2505993.0,28062004.0,1.081,0.12
301396,宏景科技,260.16,260.16,260.3,285.0,285.3,302.98,258.0,15096649.0,4234707003.0,-8.716,-24.84
301397,溯联股份,37.28,37.26,37.28,37.77,37.58,38.54,37.0,3933164.0,148752669.0,-1.297,-0.49
301398,星源卓镁,39.64,39.62,39.69,38.83,38.8,41.0,38.37,2384720.0,95365476.0,2.086,0.81
301399,英特科技,16.43,16.43,16.44,15.86,15.71,16.93,15.71,2948461.0,48846571.0,3.594,0.57
301408,华人健康,14.58,14.58,14.59,14.15,14.0,14.96,13.77,13416200.0,195608531.0,3.039,0.43
301413,安培龙,68.88,68.88,68.9,68.1,69.0,72.2,67.01,5824528.0,408189556.0,1.145,0.78
301418,协昌科技,42.65,42.65,42.66,43.05,42.69,44.79,42.42,3027700.0,132004484.0,-0.929,-0.4
301419,阿莱德,38.18,38.17,38.18,40.5,40.12,41.78,38.17,6177205.0,246494698.0,-5.728,-2.32
301421,波长光电,103.93,103.93,103.94,101.8,102.14,116.69,100.8,10827962.0,1191539609.0,2.092,2.13
301428,世纪恒通,31.28,31.28,31.29,30.95,30.58,32.18,30.16,4996102.0,157284675.0,1.066,0.33
301429,森泰股份,16.0,15.93,16.0,15.77,15.82,16.27,15.41,1442700.0,22987936.0,1.458,0.23
301439,泓淋电力,14.31,14.3,14.31,14.2,14.14,14.69,14.0,8424879.0,121085760.0,0.775,0.11
301446,福事特,34.53,34.52,34.53,34.65,34.55,35.83,34.28,1071377.0,37548419.0,-0.346,-0.12
301448,开创电气,38.85,38.85,38.9,39.06,38.94,40.15,38.38,1199400.0,46855392.0,-0.538,-0.21
301449,天溯计量,35.48,35.47,35.48,35.2,35.03,36.39,34.74,991480.0,35307811.0,0.795,0.28
301456,盘古智能,22.87,22.87,22.88,22.36,22.36,23.29,21.6,1382800.0,31554425.0,2.281,0.51
301458,钧崴电子,46.94,46.94,46.95,50.32,50.31,51.15,46.66,11148090.0,548828060.0,-6.717,-3.38
301459,丰茂股份,33.88,33.88,34.0,34.02,34.03,35.0,33.72,923832.0,31651626.0,-0.412,-0.14
301468,博盈特焊,36.81,36.81,36.82,37.15,36.85,38.2,36.75,6032804.0,225899878.0,-0.915,-0.34
301469,恒达新材,26.63,26.63,26.64,26.32,26.35,26.99,25.88,1092400.0,29012429.0,1.178,0.31
301479,弘景光电,57.23,57.22,57.23,57.47,57.01,59.6,57.0,2576084.0,150165177.0,-0.418,-0.24
301486,致尚科技,198.7,198.7,198.71,206.22,206.99,209.87,198.01,5478849.0,1122611054.0,-3.647,-7.52
301487,盟固利,17.28,17.28,17.3,17.56,17.56,17.85,17.26,11224163.0,197421216.0,-1.595,-0.28
301488,豪恩汽电,117.03,117.03,117.6,117.3,117.0,121.72,116.49,1445226.0,172169479.0,-0.23,-0.27
301489,思泉新材,154.0,153.99,154.0,162.22,162.42,165.98,153.9,5354253.0,857322587.0,-5.067,-8.22
301491,汉桑科技,38.42,38.42,38.43,38.1,37.89,39.3,37.27,630608.0,24258741.0,0.84,0.32
301498,乖宝宠物,39.06,39.06,39.07,37.64,37.4,39.8,37.0,5475394.0,211476763.0,3.773,1.42
301499,维科精密,28.53,28.52,28.53,28.75,28.75,30.04,28.41,4155174.0,121439717.0,-0.765,-0.22
301500,飞南资源,26.29,26.28,26.29,25.79,25.72,27.06,25.66,12139180.0,320382415.0,1.939,0.5
301501,恒鑫生活,27.32,27.31,27.32,26.18,26.12,27.65,25.68,1429452.0,38424027.0,4.354,1.14
301502,华阳智能,67.8,67.5,67.8,68.64,68.04,70.94,67.06,958138.0,65599992.0,-1.224,-0.84
301503,智迪科技,26.71,26.71,26.74,26.34,26.32,27.24,26.03,684800.0,18369072.0,1.405,0.37
301505,苏州规划,15.65,15.65,15.67,15.36,15.37,16.06,15.07,2429929.0,38148191.0,1.888,0.29
301507,民生健康,12.1,12.1,12.11,11.88,11.84,12.25,11.61,4757259.0,57324088.0,1.852,0.22
301508,中机认检,22.96,22.96,22.97,22.55,22.46,23.34,22.31,1242451.0,28528865.0,1.818,0.41
301509,金凯生科,30.65,30.64,30.65,29.9,29.51,31.23,28.58,4780565.0,144577637.0,2.508,0.75
301510,固高科技,32.92,32.92,32.94,32.54,32.38,34.98,32.38,13761017.0,465891997.0,1.168,0.38
301511,德福科技,116.52,116.51,116.52,120.99,121.6,124.6,116.16,26997147.0,3273348671.0,-3.695,-4.47
301512,智信精密,42.25,42.15,42.25,41.25,41.25,43.3,41.13,1560096.0,65871517.0,2.424,1.0
301513,尚水智能,56.63,56.63,56.65,56.78,56.6,58.1,56.01,1809279.0,103268349.0,-0.264,-0.15
301515,港通医疗,17.64,17.64,17.67,17.18,17.14,17.98,16.9,1410506.0,24752350.0,2.678,0.46
301516,中远通,20.65,20.65,20.67,19.13,19.02,21.78,19.0,23767005.0,492685223.0,7.946,1.52
301517,陕西华达,50.76,50.72,50.76,47.52,46.98,53.39,46.89,11370312.0,575150415.0,6.818,3.24
301518,长华化学,24.5,24.5,24.51,24.04,24.3,25.15,23.87,2987700.0,73219951.0,1.913,0.46
301519,舜禹股份,11.14,11.14,11.15,10.9,10.9,11.37,10.69,2398297.0,26549735.0,2.202,0.24
301520,万邦医药,45.18,45.18,45.19,41.6,40.1,45.58,39.06,15060651.0,644817883.0,8.606,3.58
301522,上大股份,25.18,25.16,25.18,24.39,24.29,26.61,24.08,9952555.0,254067473.0,3.239,0.79
301525,儒竞科技,45.7,45.7,45.75,45.7,45.83,47.85,45.42,1840222.0,85854293.0,0.0,0.0
301526,国际复材,37.77,37.76,37.77,38.85,40.12,43.0,37.5,197919165.0,7966116159.0,-2.78,-1.08
301528,多浦乐,72.23,72.2,72.23,73.18,74.64,75.06,71.2,2362874.0,172814128.0,-1.298,-0.95
301529,福赛科技,111.71,111.71,111.87,110.68,111.41,119.98,110.82,4103831.0,472876991.0,0.931,1.03
301531,春光集团,57.21,57.21,57.24,58.52,58.68,60.25,57.2,4243977.0,250143292.0,-2.239,-1.31
301533,威马农机,24.18,24.18,24.19,23.58,23.65,24.72,23.22,1354410.0,32704809.0,2.545,0.6
301535,浙江华远,13.28,13.27,13.28,13.13,13.17,13.61,12.91,2595940.0,34597986.0,1.142,0.15
301536,星宸科技,118.01,118.01,118.06,122.6,122.93,127.5,117.6,11517993.0,1420108761.0,-3.744,-4.59
301538,骏鼎达,44.31,44.31,44.4,44.02,43.9,45.7,43.9,3370971.0,151230403.0,0.659,0.29
301539,宏鑫科技,14.05,14.05,14.06,13.52,13.72,14.2,13.24,3158512.0,43625110.0,3.92,0.53
301548,崇德科技,82.39,82.39,82.4,84.34,85.0,86.6,82.1,1751034.0,147896943.0,-2.312,-1.95
301550,斯菱智驱,90.5,90.5,90.51,86.8,86.99,94.44,86.99,9789120.0,890883975.0,4.263,3.7
301551,无线传媒,20.54,20.52,20.54,19.63,19.4,20.96,19.25,8500850.0,173202110.0,4.636,0.91
301552,科力装备,22.28,22.26,22.28,21.91,22.04,22.64,21.58,1126824.0,25128873.0,1.689,0.37
301555,惠柏新材,37.73,37.73,37.74,37.49,37.55,40.1,37.31,4168500.0,160655224.0,0.64,0.24
301556,托普云农,57.98,57.98,57.99,56.48,56.56,59.43,55.77,1553000.0,90423424.0,2.656,1.5
301557,常友科技,88.68,88.65,88.68,87.7,87.7,90.18,86.81,1174311.0,104619832.0,1.117,0.98
301558,三态股份,6.24,6.24,6.25,6.11,6.12,6.35,6.0,8096542.0,50434494.0,2.128,0.13
301559,中集环科,12.89,12.89,12.9,12.29,12.21,13.14,12.14,3266258.0,41812779.0,4.882,0.6
301560,众捷汽车,25.58,25.58,25.6,24.85,25.0,26.59,24.53,2151390.0,55819555.0,2.938,0.73
301563,云汉芯城,154.58,154.58,154.6,158.19,158.22,166.7,154.09,3307750.0,531375357.0,-2.282,-3.61
301565,中仑新材,20.76,20.76,20.77,21.11,21.12,21.38,20.5,5881763.0,123639610.0,-1.658,-0.35
301566,达利凯普,27.49,27.49,27.5,28.27,28.55,30.4,27.45,22850722.0,662793730.0,-2.759,-0.78
301567,贝隆精密,34.65,34.65,34.66,34.32,34.3,35.68,33.82,1139700.0,39815654.0,0.962,0.33
301568,思泰克,93.5,93.5,93.65,97.5,98.36,100.34,93.5,3676900.0,357584290.0,-4.103,-4.0
301571,国科天成,67.51,67.51,67.53,67.2,66.71,70.58,65.9,9453505.0,648053414.0,0.461,0.31
301575,艾芬达,27.01,26.97,27.01,26.54,26.54,27.48,26.11,571702.0,15385513.0,1.771,0.47
301577,美信科技,61.6,61.6,61.7,62.4,62.0,64.85,61.01,1545400.0,97356863.0,-1.282,-0.8
301578,辰奕智能,20.73,20.7,20.73,20.38,20.27,21.2,20.11,1206561.0,25007436.0,1.717,0.35
301580,爱迪特,53.9,53.9,53.91,56.08,55.33,57.66,53.79,7934362.0,441844473.0,-3.887,-2.18
301581,黄山谷捷,38.36,38.36,38.38,39.0,39.5,41.69,38.36,1419827.0,56565082.0,-1.641,-0.64
301583,N托伦斯,216.7,216.69,216.7,22.6,203.4,264.42,203.4,25081168.0,5943898887.0,858.85,194.1
301584,建发致新,20.54,20.54,20.56,20.23,20.0,20.8,19.57,3664489.0,74816853.0,1.532,0.31
301585,蓝宇股份,24.99,24.99,25.0,24.91,24.9,25.6,24.8,910187.0,23023160.0,0.321,0.08
301586,佳力奇,31.87,31.86,31.87,30.88,30.63,33.28,30.3,1440200.0,45953411.0,3.206,0.99
301587,中瑞股份,20.56,20.56,20.57,20.64,20.6,21.14,20.4,2732000.0,56692175.0,-0.388,-0.08
301588,美新科技,55.43,55.43,55.44,48.3,48.5,57.15,47.55,11694619.0,621321934.0,14.762,7.13
301589,诺瓦星云,148.1,148.04,148.1,145.67,144.95,152.66,143.74,1416450.0,211403594.0,1.668,2.43
301590,优优绿能,139.3,139.29,139.3,132.06,138.02,155.32,134.2,1457585.0,215209099.0,5.482,7.24
301591,肯特股份,35.87,35.87,35.9,36.75,36.93,37.71,35.81,5113330.0,188357515.0,-2.395,-0.88
301592,六九一二,124.8,124.79,124.8,130.19,130.0,132.87,124.65,2214920.0,283936857.0,-4.14,-5.39
301595,太力科技,42.89,42.88,42.89,41.15,40.7,45.36,40.5,2270379.0,97332753.0,4.228,1.74
301596,瑞迪智驱,58.92,58.92,58.97,56.38,55.86,62.62,55.86,5329523.0,314380889.0,4.505,2.54
301598,博科测试,49.83,49.81,49.83,49.05,48.71,50.66,48.51,514629.0,25666716.0,1.59,0.78
301599,理奇智能,39.63,39.62,39.63,39.5,39.2,40.9,39.08,4341169.0,173999893.0,0.329,0.13
301600,慧翰股份,82.75,82.74,82.75,81.7,81.92,84.95,80.52,1245100.0,103639397.0,1.285,1.05
301601,惠通科技,15.35,15.32,15.35,15.09,14.98,15.79,14.93,2532500.0,39179308.0,1.723,0.26
301602,超研股份,13.93,13.93,13.96,13.63,13.67,14.24,13.4,2517901.0,35134412.0,2.201,0.3
301603,乔锋智能,139.07,139.07,139.27,143.5,144.05,147.8,138.73,2761340.0,396651938.0,-3.087,-4.43
301606,绿联科技,57.53,57.53,57.67,57.17,57.0,58.99,56.89,2267434.0,131587494.0,0.63,0.36
301607,富特科技,55.56,55.56,55.6,57.37,60.81,62.6,55.2,22688228.0,1339820923.0,-3.155,-1.81
301608,博实结,47.7,47.66,47.7,47.99,47.67,49.61,47.5,1678424.0,81859381.0,-0.604,-0.29
301609,山大电力,31.36,31.36,31.38,30.43,30.34,32.15,30.15,2095472.0,65858763.0,3.056,0.93
301611,珂玛科技,145.57,145.56,145.57,156.3,155.02,161.56,145.45,14957033.0,2324702122.0,-6.865,-10.73
301613,新铝时代,40.53,40.51,40.53,41.06,41.07,41.79,40.47,2111700.0,86780827.0,-1.291,-0.53
301616,浙江华业,36.2,36.2,36.21,33.3,33.71,37.05,33.01,1735736.0,61698671.0,8.709,2.9
301617,博苑新材,53.67,53.67,53.68,55.19,55.3,55.99,53.18,4159877.0,227316136.0,-2.754,-1.52
301618,长联科技,42.57,42.56,42.57,41.77,42.27,44.44,41.48,3886164.0,166651144.0,1.915,0.8
301622,英思特,42.39,42.39,42.4,42.56,42.42,43.69,42.22,1535102.0,66069470.0,-0.399,-0.17
301626,苏州天脉,313.01,313.01,313.09,325.9,325.9,330.66,312.0,1340675.0,432086391.0,-3.955,-12.89
301628,强达电路,87.85,87.85,87.98,89.85,89.88,92.18,87.52,1792696.0,161897706.0,-2.226,-2.0
301629,矽电股份,360.0,358.13,360.0,376.0,380.0,407.83,360.0,1856795.0,719264038.0,-4.255,-16.0
301630,同宇新材,215.8,215.76,215.8,226.3,229.0,238.61,215.55,1906627.0,435332416.0,-4.64,-10.5
301631,壹连科技,70.97,70.97,71.16,73.1,72.42,74.31,70.37,1730182.0,125749930.0,-2.914,-2.13
301632,广东建科,14.91,14.91,14.92,14.61,14.5,15.14,14.36,2971011.0,44222304.0,2.053,0.3
301633,港迪技术,45.6,45.58,45.6,45.3,44.8,46.8,44.8,643000.0,29539659.0,0.662,0.3
301636,泽润新能,40.22,40.21,40.22,39.0,38.69,41.77,38.25,1499561.0,60453878.0,3.128,1.22
301638,南网数字,22.31,22.3,22.31,22.15,22.16,22.78,22.0,12881385.0,289918457.0,0.722,0.16
301656,联合动力,18.26,18.26,18.4,17.69,17.4,18.87,17.1,16837180.0,306018767.0,3.222,0.57
301658,首航新能,24.84,24.83,24.84,23.93,23.91,25.55,23.65,5598882.0,138896414.0,3.803,0.91
301662,宏工科技,77.49,77.48,77.5,79.16,78.28,80.42,77.49,1787060.0,141348738.0,-2.11,-1.67
301665,泰禾股份,23.25,23.18,23.25,23.7,23.3,23.68,23.01,3968119.0,92319648.0,-1.899,-0.45
301666,大普微,562.3,562.3,562.36,611.0,600.11,627.0,562.01,4272076.0,2543505314.0,-7.971,-48.7
301667,纳百川,63.42,63.42,63.44,62.64,62.54,65.6,62.01,2282309.0,146603785.0,1.245,0.78
301668,昊创瑞通,31.1,31.1,31.11,30.4,30.51,31.77,30.07,1111880.0,34603141.0,2.303,0.7
301669,高特电子,33.96,33.96,33.97,34.0,34.37,35.75,33.96,12534732.0,435246006.0,-0.118,-0.04
301678,新恒汇,59.4,59.4,59.43,63.04,63.54,65.27,59.4,7633062.0,476972456.0,-5.774,-3.64
301680,固德电材,104.11,104.08,104.11,107.01,106.0,107.38,104.06,873680.0,92405450.0,-2.71,-2.9
301682,宏明电子,149.01,149.0,149.01,148.64,147.21,155.55,144.54,3981735.0,594041706.0,0.249,0.37
301683,慧谷新材,123.52,123.51,123.52,123.49,123.0,127.77,121.0,1986286.0,247338291.0,0.024,0.03
301687,新广益,58.6,58.6,58.64,61.91,61.19,65.5,58.6,5404651.0,333337859.0,-5.346,-3.31
301696,三瑞智能,125.19,125.19,125.2,115.41,115.61,127.85,115.61,6912481.0,858368260.0,8.474,9.78
302132,中航成飞,57.1,57.09,57.1,55.81,55.25,58.5,54.85,11252361.0,642376101.0,2.311,1.29
