代码,名称,最新价,买入,卖出,昨收,今开,最高,最低,成交量,成交额,涨跌幅,涨跌额
920000,安徽凤凰,13.42,13.4,13.42,13.54,13.41,13.55,13.36,382607.0,5144534.0,-0.886,-0.12
920001,纬达光电,11.85,11.85,11.87,11.78,11.68,12.34,11.56,2507946.0,29718156.0,0.594,0.07
920002,万达轴承,52.64,52.63,52.64,53.46,52.61,54.31,52.61,926577.0,49521179.0,-1.534,-0.82
920003,中诚咨询,15.49,15.49,15.5,16.89,15.82,16.14,15.1,1232650.0,19105983.0,-8.289,-1.4
920005,鼎佳精密,23.93,23.93,23.94,23.63,23.68,23.99,23.48,441981.0,10371985.0,1.27,0.3
920006,晟楠科技,15.11,15.11,15.14,15.37,15.38,15.42,14.91,919259.0,13975267.0,-1.692,-0.26
920007,酉立智能,32.75,32.75,32.93,33.36,33.01,33.26,32.4,304147.0,9966488.0,-1.829,-0.61
920008,成电光信,18.85,18.85,18.86,18.98,18.8,19.09,18.6,291178.0,5486312.0,-0.685,-0.13
920009,丹娜生物,37.86,37.85,37.86,39.73,38.59,38.59,36.81,1189263.0,44727548.0,-4.707,-1.87
920010,凯添燃气,8.6,8.6,8.61,8.35,8.38,8.9,8.33,8192140.0,71084004.0,2.994,0.25
920011,晨光电机,18.6,18.59,18.6,19.2,19.23,19.23,18.45,1184895.0,22093387.0,-3.125,-0.6
920012,创达新材,53.8,53.79,53.8,56.24,56.8,56.85,53.13,1493465.0,81113097.0,-4.339,-2.44
920014,特瑞斯,8.72,8.72,8.73,8.75,8.69,8.91,8.68,1149255.0,10113491.0,-0.343,-0.03
920015,锦华新材,39.05,39.05,39.1,39.33,39.21,40.03,38.97,1148134.0,45077934.0,-0.712,-0.28
920016,中草香料,12.92,12.92,12.93,13.01,12.99,12.99,12.72,351075.0,4510972.0,-0.692,-0.09
920017,星昊医药,16.9,16.9,16.91,17.29,16.95,17.17,16.78,3449635.0,58399637.0,-2.256,-0.39
920018,宏远股份,15.0,15.0,15.06,14.95,15.0,15.36,14.73,848866.0,12809319.0,0.334,0.05
920019,铜冠矿建,14.74,14.74,14.75,14.64,14.68,14.87,14.55,1445723.0,21287218.0,0.683,0.1
920020,泰凯英,14.85,14.85,14.86,15.32,15.41,15.41,14.8,562330.0,8445176.0,-3.068,-0.47
920021,流金科技,6.57,6.56,6.57,6.51,6.45,6.59,6.41,5237951.0,34133215.0,0.922,0.06
920022,世昌股份,18.66,18.65,18.66,19.12,19.48,19.48,18.62,171949.0,3237907.0,-2.406,-0.46
920023,*ST田野,1.89,1.89,1.9,1.93,1.93,1.93,1.88,3946271.0,7473340.0,-2.073,-0.04
920026,卓兆点胶,20.81,20.81,20.82,20.44,20.26,21.66,19.68,4472740.0,92369590.0,1.81,0.37
920027,交大铁发,11.92,11.91,11.92,11.63,11.6,11.92,11.45,1651936.0,19411990.0,2.494,0.29
920028,新恒泰,13.96,13.96,13.97,14.3,14.16,14.43,13.91,1264135.0,17802507.0,-2.378,-0.34
920029,开发科技,34.5,34.47,34.5,35.1,35.13,35.42,34.33,780841.0,27156378.0,-1.709,-0.6
920030,德众汽车,4.37,4.37,4.39,4.44,4.44,4.44,4.33,938194.0,4101717.0,-1.577,-0.07
920033,康普化学,14.42,14.42,14.45,14.36,14.7,14.75,14.27,801075.0,11618210.0,0.418,0.06
920035,精创电气,23.19,23.19,23.2,23.39,23.3,23.8,23.19,406514.0,9488314.0,-0.855,-0.2
920036,觅睿科技,28.62,28.62,28.7,28.55,28.27,28.77,27.5,475081.0,13371479.0,0.245,0.07
920037,广信科技,41.4,41.32,41.4,40.0,40.37,41.72,40.0,721257.0,29524707.0,3.5,1.4
920038,森合高科,38.71,38.71,38.72,36.24,36.0,39.38,35.99,5139982.0,193859421.0,6.816,2.47
920039,国义招标,8.7,8.68,8.7,8.59,8.52,8.7,8.36,1544363.0,13124632.0,1.281,0.11
920045,蘅东光,401.49,401.43,401.49,382.05,371.0,406.88,371.0,1771739.0,698584469.0,5.088,19.44
920046,亿能电力,20.07,20.06,20.07,20.05,20.03,20.54,19.98,2152865.0,43594967.0,0.1,0.02
920047,诺思兰德,17.04,16.99,17.04,17.51,16.79,17.28,16.79,5248967.0,89048540.0,-2.684,-0.47
920050,爱伦医疗,29.45,29.43,29.45,29.4,29.4,29.79,29.07,179080.0,5270721.0,0.17,0.05
920055,隆源股份,26.43,26.34,26.43,26.46,26.7,26.7,26.13,169474.0,4476833.0,-0.113,-0.03
920056,能之光,15.94,15.91,15.94,16.08,16.02,16.22,15.94,149780.0,2400251.0,-0.871,-0.14
920057,百甲科技,4.88,4.86,4.88,4.88,4.88,4.92,4.83,566652.0,2759040.0,0.0,0.0
920058,华洋赛车,29.48,29.31,29.48,29.7,29.96,30.16,28.7,652292.0,19199707.0,-0.741,-0.22
920059,双英集团,15.62,15.62,15.63,17.33,15.8,16.48,15.15,13671666.0,215257404.0,-9.867,-1.71
920060,万源通,21.37,21.35,21.37,21.39,21.23,21.78,21.21,1195828.0,25616349.0,-0.094,-0.02
920061,西磁科技,17.39,17.39,17.49,17.32,17.36,17.56,17.05,588851.0,10254463.0,0.404,0.07
920062,科润智控,7.23,7.23,7.25,7.34,7.34,7.34,7.2,1346260.0,9758030.0,-1.499,-0.11
920065,千岸科技,33.48,33.48,33.52,34.06,34.01,34.38,33.4,1295402.0,43693437.0,-1.703,-0.58
920066,科拜尔,17.09,17.0,17.09,17.45,17.87,17.87,16.93,797363.0,13715429.0,-2.063,-0.36
920068,天工股份,15.27,15.24,15.27,15.58,15.43,15.54,14.71,1480842.0,22651936.0,-1.99,-0.31
920069,普昂医疗,33.22,33.13,33.22,33.64,33.5,33.5,32.8,302199.0,9991232.0,-1.249,-0.42
920072,科莱瑞迪,25.57,25.57,25.59,26.13,25.6,25.8,25.24,966629.0,24634070.0,-2.143,-0.56
920075,柏星龙,15.34,15.33,15.34,15.22,15.09,15.43,14.94,455012.0,6940656.0,0.788,0.12
920076,国亮新材,12.65,12.65,12.66,12.78,12.67,12.72,12.41,370586.0,4674815.0,-1.017,-0.13
920077,吉林碳谷,13.8,13.8,13.81,14.06,13.93,14.05,13.71,3435125.0,47545046.0,-1.849,-0.26
920078,族兴新材,19.92,19.92,19.93,18.01,17.98,21.12,17.6,6142307.0,120970331.0,10.605,1.91
920079,乔路铭,13.57,13.57,13.58,13.75,13.6,13.71,13.4,3299615.0,44668550.0,-1.309,-0.18
920080,奥美森,21.26,21.26,21.28,22.16,21.99,21.99,21.18,280777.0,6040209.0,-4.061,-0.9
920081,欧伦电气,41.37,41.37,41.38,40.91,40.8,41.55,40.5,1235602.0,50823539.0,1.124,0.46
920082,方正阀门,8.03,8.03,8.05,8.08,8.08,8.14,8.03,426940.0,3445677.0,-0.619,-0.05
920083,金戈新材,41.04,41.04,41.05,44.2,42.8,44.37,40.0,6033233.0,254380857.0,-7.149,-3.16
920086,科马材料,20.36,20.33,20.36,20.25,20.43,20.43,20.14,343593.0,6963191.0,0.543,0.11
920087,秋乐种业,14.27,14.26,14.27,16.83,16.2,16.29,14.19,22287796.0,335254749.0,-15.211,-2.56
920088,科力股份,46.2,46.2,46.22,45.8,47.2,48.63,45.45,6665452.0,315531469.0,0.873,0.4
920089,禾昌聚合,9.99,9.96,9.99,10.0,10.01,10.09,9.9,531855.0,5295497.0,-0.1,-0.01
920090,*ST同辉,3.93,3.93,3.94,3.88,3.83,4.09,3.81,4481797.0,17790365.0,1.289,0.05
920091,大鹏工业,28.33,28.32,28.33,28.9,28.9,28.96,28.03,502094.0,14268317.0,-1.972,-0.57
920092,汉鑫科技,27.68,27.68,27.69,27.43,27.45,27.99,27.0,1459608.0,40355007.0,0.911,0.25
920093,N信胜,23.19,23.18,23.19,14.35,28.0,31.8,23.1,23437995.0,637029856.0,61.603,8.84
920096,嘉晨智能,34.04,34.04,34.05,34.14,34.06,34.26,33.1,651053.0,21959561.0,-0.293,-0.1
920098,科隆新材,17.0,17.0,17.01,16.93,16.91,17.11,16.49,790131.0,13223708.0,0.413,0.07
920099,瑞华技术,18.29,18.27,18.29,17.63,17.63,18.33,17.49,844167.0,15274484.0,3.744,0.66
920100,三协电机,32.09,32.09,32.1,32.16,31.89,32.39,31.7,867534.0,27839459.0,-0.218,-0.07
920101,志高机械,16.24,16.23,16.24,16.55,16.5,16.64,16.21,328154.0,5377270.0,-1.873,-0.31
920106,林泰新材,35.69,35.68,35.69,35.66,35.62,35.98,35.53,202927.0,7262475.0,0.084,0.03
920107,恒兴股份,21.25,21.23,21.25,21.61,21.66,21.78,20.93,2310790.0,49139868.0,-1.666,-0.36
920108,宏海科技,9.03,9.0,9.03,9.12,9.1,9.1,8.97,335473.0,3024439.0,-0.987,-0.09
920110,雷特科技,25.92,25.86,25.92,26.38,26.18,26.34,25.82,61114.0,1591709.0,-1.744,-0.46
920111,聚星科技,29.15,29.12,29.15,31.9,33.5,33.88,28.0,5330993.0,160707762.0,-8.621,-2.75
920112,巴兰仕,15.53,15.52,15.53,15.7,15.69,15.89,15.5,111262.0,1741633.0,-1.083,-0.17
920116,星图测控,45.24,45.22,45.24,45.43,45.07,45.97,44.41,1707614.0,77077317.0,-0.418,-0.19
920117,龙鑫智能,29.88,29.88,29.9,29.39,28.88,30.57,28.88,3482534.0,103978732.0,1.667,0.49
920118,太湖远大,19.89,19.88,19.89,20.8,20.67,20.7,19.85,1028125.0,20713743.0,-4.375,-0.91
920119,美德乐,50.3,50.09,50.3,49.09,48.74,50.48,48.74,457848.0,22890533.0,2.465,1.21
920121,江天科技,28.3,28.3,28.31,28.04,28.11,28.42,27.89,195064.0,5512342.0,0.927,0.26
920122,中纺标,22.98,22.96,22.98,23.02,23.6,23.6,22.63,1012262.0,23247449.0,-0.174,-0.04
920123,芭薇股份,10.41,10.32,10.41,10.6,10.54,10.56,10.32,735741.0,7653790.0,-1.792,-0.19
920124,南特科技,12.53,12.53,12.55,12.63,12.55,12.68,12.45,499796.0,6271247.0,-0.792,-0.1
920125,鸿仕达,120.5,120.49,120.5,120.49,118.75,122.93,116.0,1115192.0,134535495.0,0.008,0.01
920126,永大股份,10.01,10.01,10.03,10.09,10.01,10.09,9.86,1317125.0,13140603.0,-0.793,-0.08
920128,胜业电气,17.56,17.5,17.56,17.68,17.55,17.79,17.4,488953.0,8592147.0,-0.679,-0.12
920130,立方控股,17.13,17.1,17.13,17.07,16.99,17.18,16.61,1754402.0,29756380.0,0.351,0.06
920132,泰鹏智能,8.4,8.4,8.41,8.6,8.65,8.65,8.4,599763.0,5075187.0,-2.326,-0.2
920136,永励精密,20.38,20.31,20.38,20.25,20.1,20.42,19.76,991502.0,19986829.0,0.642,0.13
920138,杰理科技,39.54,39.54,39.58,39.07,39.0,41.5,38.88,4109390.0,164650824.0,1.203,0.47
920139,华岭股份,14.69,14.69,14.7,14.66,14.74,14.97,14.62,2134539.0,31533492.0,0.205,0.03
920145,恒合股份,9.96,9.95,9.96,9.89,9.98,9.99,9.81,193970.0,1923797.0,0.708,0.07
920146,华阳变速,4.97,4.97,4.99,5.01,5.05,5.05,4.96,728621.0,3641268.0,-0.798,-0.04
920149,旭杰科技,7.71,7.69,7.71,7.78,7.73,7.74,7.63,347632.0,2670374.0,-0.9,-0.07
920152,昆工科技,12.71,12.7,12.71,12.82,12.77,13.04,12.27,987393.0,12556648.0,-0.858,-0.11
920156,海昌智能,38.06,38.01,38.06,37.82,37.41,38.16,36.88,791589.0,29752895.0,0.635,0.24
920158,长江能科,8.08,8.08,8.09,8.07,8.0,8.15,7.98,833935.0,6745948.0,0.124,0.01
920159,农大科技,28.39,28.38,28.39,30.26,29.88,29.88,28.23,1370378.0,39184552.0,-6.18,-1.87
920160,北矿检测,20.2,20.17,20.2,20.07,20.09,20.34,19.87,299208.0,6017728.0,0.648,0.13
920161,龙辰科技,26.5,26.5,26.51,27.03,26.77,26.77,25.4,3810917.0,99693425.0,-1.961,-0.53
920163,方大新材,11.0,10.98,11.0,11.2,11.11,11.26,10.9,640383.0,7117051.0,-1.786,-0.2
920165,珈凯生物,37.35,37.35,37.36,36.55,36.76,37.4,36.52,1006438.0,37235830.0,2.189,0.8
920166,海圣医疗,21.14,21.14,21.2,21.9,22.0,22.0,20.82,585146.0,12398648.0,-3.47,-0.76
920167,同享科技,14.78,14.72,14.78,14.79,14.64,14.82,14.54,835506.0,12263700.0,-0.068,-0.01
920168,通宝光电,15.2,15.2,15.22,15.39,15.3,15.37,15.12,193229.0,2944304.0,-1.235,-0.19
920169,七丰精工,20.86,20.86,20.89,20.38,19.61,22.45,19.61,6147180.0,132360068.0,2.355,0.48
920171,志晟信息,16.12,16.12,16.16,16.13,16.05,16.51,16.04,1301491.0,21168382.0,-0.062,-0.01
920174,五新智能,28.23,28.22,28.23,28.98,28.98,29.27,28.2,953176.0,27223145.0,-2.588,-0.75
920175,东方碳素,7.71,7.7,7.71,7.8,7.74,7.76,7.67,464838.0,3586606.0,-1.154,-0.09
920176,维琪科技,54.78,54.78,54.79,55.88,55.87,56.68,54.56,863398.0,47644108.0,-1.969,-1.1
920177,恒道科技,24.79,24.74,24.79,24.99,25.0,25.27,24.7,155315.0,3868439.0,-0.8,-0.2
920178,锐翔智能,90.81,90.78,90.81,92.22,89.6,93.18,89.06,639584.0,58202335.0,-1.529,-1.41
920179,凯德石英,52.45,52.44,52.45,51.69,51.35,52.95,50.26,2205136.0,114512396.0,1.47,0.76
920180,爱得科技,12.25,12.25,12.27,12.38,12.37,12.38,12.1,406912.0,4961991.0,-1.05,-0.13
920181,赛英电子,73.69,73.69,73.9,73.09,72.8,74.99,71.5,572331.0,41915956.0,0.821,0.6
920183,海菲曼,28.14,28.1,28.14,28.25,28.53,28.54,28.0,95656.0,2696620.0,-0.389,-0.11
920184,国源科技,10.96,10.92,10.96,11.05,10.99,11.08,10.76,854433.0,9317398.0,-0.814,-0.09
920185,贝特瑞,20.4,20.4,20.41,20.17,20.07,20.57,20.03,2999548.0,61162828.0,1.14,0.23
920186,中科仪,73.4,73.37,73.4,70.81,70.78,74.22,70.5,3940086.0,285271640.0,3.658,2.59
920187,通领科技,18.86,18.86,18.87,18.9,18.8,19.02,18.78,224937.0,4246521.0,-0.212,-0.04
920188,悦龙科技,21.5,21.42,21.5,21.41,21.4,21.53,21.02,362675.0,7723550.0,0.42,0.09
920189,康美特,20.76,20.75,20.76,19.83,19.89,21.21,19.89,5723722.0,118025353.0,4.69,0.93
920190,雷神科技,25.25,25.25,25.26,24.9,25.38,25.53,24.7,4222577.0,106332366.0,1.406,0.35
920191,瑞尔竞达,8.75,8.75,8.77,8.77,8.77,8.8,8.7,362611.0,3170445.0,-0.228,-0.02
920193,吉和昌,32.53,32.53,32.54,32.83,32.51,32.68,31.53,2682343.0,86052323.0,-0.914,-0.3
920195,三祥科技,12.11,12.09,12.11,12.21,12.07,12.19,12.01,493427.0,5952720.0,-0.819,-0.1
920198,微创光电,7.64,7.64,7.65,7.44,7.44,7.68,7.38,2196582.0,16656688.0,2.688,0.2
920199,倍益康,25.32,25.32,25.4,26.0,25.68,25.74,25.2,1016493.0,25871595.0,-2.615,-0.68
920200,振宏股份,26.77,26.76,26.77,27.49,27.0,27.38,26.58,1297114.0,34760795.0,-2.619,-0.72
920204,沪江材料,12.72,12.61,12.72,12.87,12.81,12.87,12.6,299637.0,3798157.0,-1.166,-0.15
920206,彩客科技,42.6,42.59,42.6,43.56,41.88,43.5,41.03,2955338.0,123977418.0,-2.204,-0.96
920207,众诚科技,20.42,20.42,20.46,21.36,20.36,20.62,19.8,2532246.0,51269989.0,-4.401,-0.94
920208,青矩技术,12.24,12.23,12.24,12.28,12.29,12.46,12.18,2088222.0,25683806.0,-0.326,-0.04
920211,新睿电子,108.5,108.48,108.5,111.5,109.5,112.56,107.36,528283.0,57583984.0,-2.691,-3.0
920212,智新电子,9.66,9.65,9.66,9.75,9.76,9.77,9.56,577423.0,5586442.0,-0.923,-0.09
920218,新天力,16.44,16.44,16.45,16.78,16.78,16.78,16.25,1240073.0,20321823.0,-2.026,-0.34
920220,朗信电气,39.49,39.49,39.5,40.08,39.83,40.04,38.9,702847.0,27652387.0,-1.472,-0.59
920221,易实精密,12.7,12.7,12.77,12.74,12.63,12.84,12.63,525263.0,6680777.0,-0.314,-0.04
920222,益坤电气,25.05,25.02,25.05,25.8,25.51,25.51,24.68,1167182.0,29202478.0,-2.907,-0.75
920223,荣亿精密,11.1,11.1,11.12,10.74,10.86,11.32,10.59,1902180.0,21045160.0,3.352,0.36
920225,利通科技,14.74,14.73,14.74,15.03,15.0,15.0,14.52,1400086.0,20569701.0,-1.929,-0.29
920227,美登科技,47.1,47.09,47.1,48.25,47.91,48.0,46.76,250960.0,11842869.0,-2.383,-1.15
920230,欧康医药,10.77,10.77,10.78,11.22,10.82,11.0,10.73,3249126.0,35213009.0,-4.011,-0.45
920237,力佳科技,11.86,11.86,11.87,12.08,12.08,12.16,11.85,600981.0,7197540.0,-1.821,-0.22
920238,长鹰硬科,65.99,65.98,65.99,62.79,62.5,68.0,62.12,3123204.0,204875421.0,5.096,3.2
920239,长虹能源,21.19,21.19,21.25,21.15,21.05,21.49,21.02,671438.0,14295710.0,0.189,0.04
920242,建邦科技,13.68,13.67,13.68,13.92,13.92,14.05,13.65,284825.0,3927742.0,-1.724,-0.24
920245,威博液压,12.73,12.73,12.74,13.29,13.4,13.4,12.7,1222769.0,15689619.0,-4.214,-0.56
920247,华密新材,13.76,13.73,13.76,14.08,14.11,14.24,13.55,2141114.0,29663577.0,-2.273,-0.32
920249,利尔达,9.21,9.21,9.22,9.53,9.43,9.61,9.16,6024056.0,55963804.0,-3.358,-0.32
920252,天宏锂电,15.49,15.49,15.5,15.25,15.21,16.1,15.09,2160963.0,33813486.0,1.574,0.24
920258,聚仁新材,11.6,11.6,11.61,12.01,11.99,11.99,11.52,3724383.0,43334520.0,-3.414,-0.41
920260,中寰股份,7.97,7.96,7.97,8.03,7.96,7.98,7.9,297348.0,2356985.0,-0.747,-0.06
920261,一诺威,13.69,13.69,13.75,13.72,13.77,13.9,13.65,956679.0,13168292.0,-0.219,-0.03
920262,太湖雪,13.44,13.44,13.45,13.61,13.51,13.58,13.36,533027.0,7175584.0,-1.249,-0.17
920263,中航泰达,6.8,6.8,6.82,6.87,6.74,6.87,6.73,221615.0,1504842.0,-1.019,-0.07
920266,生物谷,7.57,7.57,7.58,7.84,7.57,7.69,7.38,5027994.0,37869324.0,-3.444,-0.27
920267,鑫汇科,15.69,15.69,15.71,16.22,16.37,16.37,15.63,1195663.0,18893049.0,-3.268,-0.53
920270,天铭科技,13.12,13.12,13.13,12.74,12.58,13.2,12.26,1909393.0,24376904.0,2.983,0.38
920271,邦德股份,9.04,9.04,9.06,9.2,9.22,9.22,9.03,405101.0,3676994.0,-1.739,-0.16
920273,一致魔芋,17.64,17.64,17.65,18.14,18.0,18.41,17.5,1679847.0,29677405.0,-2.756,-0.5
920274,宏裕包材,15.34,15.34,15.35,15.5,15.35,15.45,15.2,621415.0,9511264.0,-1.032,-0.16
920275,驱动力,6.36,6.36,6.38,6.55,6.5,6.53,6.33,812592.0,5193938.0,-2.901,-0.19
920278,鹿得医疗,6.29,6.29,6.35,6.45,6.44,6.45,6.29,1245030.0,7918323.0,-2.481,-0.16
920284,灵鸽科技,16.81,16.77,16.81,16.85,16.68,17.17,16.61,1629151.0,27463307.0,-0.237,-0.04
920299,灿能电力,14.67,14.67,14.74,14.71,14.84,14.97,14.6,723610.0,10691228.0,-0.272,-0.04
920300,辰光医疗,9.32,9.32,9.34,9.47,9.41,9.58,9.25,1112443.0,10441180.0,-1.584,-0.15
920304,迪尔化工,9.44,9.44,9.46,9.28,9.2,9.88,9.09,3496852.0,33021107.0,1.724,0.16
920339,恒太照明,11.04,10.86,11.04,11.04,10.97,11.05,10.75,853418.0,9354149.0,0.0,0.0
920344,三元基因,26.8,26.78,26.8,24.76,23.5,27.6,23.15,13521391.0,346776081.0,8.239,2.04
920346,威贸电子,14.43,14.42,14.43,14.63,14.64,14.68,14.4,230333.0,3342107.0,-1.367,-0.2
920351,华光源海,13.3,13.3,13.31,12.92,13.0,13.48,12.53,4056761.0,53034679.0,2.941,0.38
920357,雅葆轩,15.49,15.49,15.5,15.64,15.81,15.81,15.37,877364.0,13611464.0,-0.959,-0.15
920363,莱赛激光,10.05,10.05,10.06,10.15,10.15,10.15,9.95,870167.0,8719469.0,-0.985,-0.1
920367,新赣江,27.53,27.53,27.55,29.63,27.01,28.87,26.72,7388549.0,203573581.0,-7.087,-2.1
920368,连城数控,23.32,23.32,23.33,23.39,23.21,23.6,23.05,2091740.0,48806949.0,-0.299,-0.07
920370,新安洁,2.77,2.75,2.77,2.79,2.81,2.82,2.75,2207586.0,6125180.0,-0.717,-0.02
920371,欧福蛋业,7.41,7.41,7.42,8.12,7.98,7.99,7.38,5054863.0,38337764.0,-8.744,-0.71
920374,云里物里,14.44,14.44,14.46,14.51,14.36,14.61,14.31,334569.0,4832740.0,-0.482,-0.07
920375,派诺科技,6.89,6.89,6.92,6.92,6.85,6.97,6.84,1266204.0,8745197.0,-0.434,-0.03
920378,泰德股份,6.9,6.86,6.89,6.99,6.99,6.99,6.83,374547.0,2575483.0,-1.288,-0.09
920392,佳合科技,13.59,13.58,13.59,13.78,13.92,13.92,13.56,315851.0,4324685.0,-1.379,-0.19
920394,民士达,42.87,42.87,42.88,44.7,43.67,43.67,41.91,1417420.0,60932701.0,-4.094,-1.83
920395,朗鸿科技,6.89,6.86,6.89,6.95,6.81,6.98,6.81,363986.0,2502445.0,-0.863,-0.06
920396,常辅股份,19.4,19.39,19.4,19.3,19.11,19.68,19.0,743568.0,14427062.0,0.518,0.1
920402,硅烷科技,8.78,8.78,8.79,8.75,8.5,9.08,8.4,7873802.0,69217931.0,0.343,0.03
920403,康农种业,19.31,19.31,19.33,21.31,20.68,20.7,19.2,5860617.0,114574926.0,-9.385,-2.0
920405,海希通讯,18.43,18.24,18.43,18.57,18.4,18.98,18.15,535055.0,9884610.0,-0.754,-0.14
920407,驰诚股份,10.87,10.86,10.87,11.1,11.02,11.28,10.77,813103.0,8874085.0,-2.072,-0.23
920414,欧普泰,7.71,7.71,7.75,7.82,7.82,7.86,7.7,774281.0,5998627.0,-1.407,-0.11
920415,恒拓开源,8.6,8.58,8.6,8.67,8.65,8.68,8.51,634834.0,5454708.0,-0.807,-0.07
920418,苏轴股份,17.97,17.97,18.01,18.05,17.89,18.23,17.89,806197.0,14560922.0,-0.443,-0.08
920419,路斯股份,10.82,10.82,10.83,11.2,11.08,11.19,10.71,1348642.0,14564704.0,-3.393,-0.38
920422,润普食品,9.32,9.32,9.36,9.4,9.34,9.46,9.3,538716.0,5045900.0,-0.851,-0.08
920425,乐创技术,14.56,14.56,14.57,15.49,15.18,15.27,14.52,4639914.0,68605011.0,-6.004,-0.93
920427,华维设计,8.33,8.3,8.33,8.49,8.53,8.53,8.25,656044.0,5458990.0,-1.885,-0.16
920429,康比特,11.06,11.05,11.06,10.33,10.36,11.49,10.22,5166505.0,56528904.0,7.067,0.73
920433,大唐药业,4.89,4.89,4.91,5.07,5.04,5.04,4.83,4025959.0,19747625.0,-3.55,-0.18
920436,大地电气,10.15,10.09,10.15,10.23,10.28,10.28,10.0,494529.0,4994210.0,-0.782,-0.08
920438,戈碧迦,122.18,122.17,122.18,124.0,121.09,124.69,120.01,3092626.0,376943920.0,-1.468,-1.82
920445,龙竹科技,6.91,6.91,6.92,7.11,7.05,7.2,6.88,2867489.0,19951954.0,-2.813,-0.2
920454,同心传动,10.8,10.8,10.81,10.92,10.85,10.98,10.65,414551.0,4458067.0,-1.099,-0.12
920455,汇隆活塞,5.82,5.82,5.83,5.91,5.86,5.9,5.8,374339.0,2185157.0,-1.523,-0.09
920469,富恒新材,5.48,5.48,5.5,5.5,5.5,5.5,5.34,992055.0,5351148.0,-0.364,-0.02
920471,美邦科技,11.66,11.65,11.66,12.16,12.17,12.17,11.62,2633549.0,30976721.0,-4.112,-0.5
920475,三友科技,11.98,11.95,11.98,11.88,11.99,12.03,11.71,568862.0,6769719.0,0.842,0.1
920476,海能技术,24.73,24.73,24.75,25.65,25.91,25.96,24.7,1769530.0,44726812.0,-3.587,-0.92
920478,峆一药业,11.45,11.45,11.46,11.89,11.47,11.59,11.11,4502633.0,51125020.0,-3.701,-0.44
920489,佳先股份,13.54,13.54,13.55,13.42,13.5,13.75,13.32,1605463.0,21770063.0,0.894,0.12
920491,奥迪威,21.52,21.52,21.53,21.42,21.42,21.87,21.21,1156509.0,24989177.0,0.467,0.1
920493,并行科技,114.18,114.17,114.18,112.99,113.33,114.18,111.55,836819.0,94742122.0,1.053,1.19
920496,许昌智能,6.18,6.18,6.19,6.24,6.26,6.32,6.16,1183461.0,7327891.0,-0.962,-0.06
920504,博迅生物,17.3,17.28,17.3,17.9,17.9,17.9,17.24,751649.0,13139450.0,-3.352,-0.6
920505,九菱科技,28.04,28.04,28.07,27.65,27.43,28.28,26.91,840890.0,23310331.0,1.41,0.39
920508,殷图网联,14.16,14.16,14.24,14.27,14.18,14.39,13.76,243267.0,3467324.0,-0.771,-0.11
920509,同惠电子,20.0,19.99,20.0,20.07,19.91,20.41,19.71,1735133.0,34774990.0,-0.349,-0.07
920510,丰光精密,22.55,22.55,22.57,22.61,22.8,23.18,22.33,5914320.0,134348964.0,-0.265,-0.06
920519,万德股份,9.72,9.72,9.77,9.84,9.78,9.82,9.64,445820.0,4343861.0,-1.22,-0.12
920522,纳科诺尔,19.05,19.04,19.05,19.45,19.3,19.88,19.04,3511360.0,68252491.0,-2.057,-0.4
920523,德瑞锂电,15.15,15.15,15.18,15.23,15.18,15.39,15.02,608489.0,9273275.0,-0.525,-0.08
920526,凯华材料,19.34,19.34,19.37,19.47,19.47,19.57,19.01,708083.0,13710199.0,-0.668,-0.13
920527,夜光明,13.91,13.9,13.91,13.95,14.39,14.39,13.81,1193093.0,16833302.0,-0.287,-0.04
920533,骏创科技,17.88,17.8,17.88,17.62,17.99,18.65,17.88,1398867.0,25440609.0,1.476,0.26
920541,铁大科技,9.61,9.61,9.66,9.65,9.5,9.72,9.49,402457.0,3867923.0,-0.415,-0.04
920547,无锡晶海,18.9,18.9,18.92,18.91,18.69,19.3,18.42,724143.0,13644672.0,-0.053,-0.01
920553,凯腾精工,7.02,7.02,7.03,7.3,7.27,7.31,6.88,3064021.0,21749718.0,-3.836,-0.28
920556,雅达股份,6.66,6.66,6.68,6.66,6.73,6.87,6.6,2535192.0,17153682.0,0.0,0.0
920564,天润科技,13.36,13.33,13.36,13.54,13.54,13.54,13.23,524086.0,6990946.0,-1.329,-0.18
920566,梓橦宫,9.89,9.89,9.9,10.22,10.0,10.0,9.82,3208048.0,31716652.0,-3.229,-0.33
920570,坤博精工,23.55,23.52,23.55,23.85,23.61,23.88,23.4,240889.0,5685996.0,-1.258,-0.3
920571,国航远洋,9.6,9.59,9.6,9.15,9.09,9.66,9.06,33952730.0,322779289.0,4.918,0.45
920575,*ST康乐,5.61,5.61,5.62,5.92,5.62,5.78,5.56,9106555.0,51478852.0,-5.236,-0.31
920576,天力复合,39.87,39.87,39.88,39.63,39.8,40.24,38.86,1746999.0,69325740.0,0.606,0.24
920578,巨能股份,16.38,16.37,16.38,16.59,16.44,16.73,16.22,798662.0,13136166.0,-1.266,-0.21
920579,机科股份,14.65,14.65,14.67,14.84,14.81,14.86,14.49,623233.0,9155377.0,-1.28,-0.19
920580,科创新材,10.76,10.76,10.78,10.75,10.67,10.9,10.63,623862.0,6718126.0,0.093,0.01
920592,华信永道,19.66,19.66,19.68,20.07,20.21,20.26,19.61,1473089.0,29231373.0,-2.043,-0.41
920593,鼎智科技,23.69,23.68,23.69,23.84,23.8,24.18,23.5,1680611.0,40022357.0,-0.629,-0.15
920599,同力股份,17.0,17.0,17.01,16.8,16.8,17.14,16.76,1760985.0,29940929.0,1.19,0.2
920608,丰安股份,13.36,13.36,13.37,13.73,13.63,13.85,13.35,411875.0,5550892.0,-2.695,-0.37
920627,力王股份,13.62,13.6,13.62,13.55,13.42,14.02,13.35,834775.0,11432535.0,0.517,0.07
920634,新威凌,16.67,16.63,16.67,16.32,16.3,16.78,16.15,936084.0,15487000.0,2.145,0.35
920639,晨光电缆,6.15,6.15,6.16,6.2,6.2,6.2,6.12,780357.0,4791902.0,-0.806,-0.05
920640,富士达,25.09,25.09,25.1,25.14,25.06,25.46,25.0,1746574.0,43990537.0,-0.199,-0.05
920641,格利尔,13.98,13.95,13.98,14.13,13.96,14.55,13.75,2821488.0,39863522.0,-1.062,-0.15
920642,通易航天,9.85,9.85,9.89,9.92,9.92,9.96,9.75,1215825.0,11985892.0,-0.706,-0.07
920651,天罡股份,26.77,26.75,26.77,25.73,25.48,26.8,25.0,816590.0,21456473.0,4.042,1.04
920656,海昇药业,14.36,14.36,14.37,14.66,14.85,14.85,14.29,993226.0,14339251.0,-2.046,-0.3
920662,方盛股份,18.33,18.33,18.37,18.3,18.18,18.8,17.9,1179121.0,21647958.0,0.164,0.03
920663,明阳科技,12.94,12.9,12.94,12.71,12.6,12.99,12.59,550921.0,7074461.0,1.81,0.23
920665,科强股份,8.4,8.4,8.41,8.57,8.57,8.62,8.35,991017.0,8402157.0,-1.984,-0.17
920670,数字人,12.48,12.47,12.48,12.6,12.6,12.61,12.3,726660.0,9040704.0,-0.952,-0.12
920675,秉扬科技,7.28,7.25,7.28,7.29,7.22,7.32,7.21,452847.0,3283464.0,-0.137,-0.01
920679,前进科技,15.15,15.15,15.16,15.54,15.61,15.61,15.02,201135.0,3056086.0,-2.51,-0.39
920682,球冠电缆,5.72,5.72,5.73,5.71,5.68,5.75,5.64,1005207.0,5725020.0,0.175,0.01
920685,新芝生物,12.17,12.17,12.18,12.55,12.18,12.26,12.0,2080017.0,25224577.0,-3.028,-0.38
920689,克莱特,19.55,19.51,19.55,19.91,19.93,19.93,19.47,434557.0,8517988.0,-1.808,-0.36
920690,捷众科技,15.95,15.95,15.96,16.45,16.16,16.5,15.91,1491442.0,24027016.0,-3.04,-0.5
920693,阿为特,22.36,22.33,22.36,22.49,22.27,22.5,22.06,389389.0,8664758.0,-0.578,-0.13
920694,中裕科技,15.9,15.84,15.9,15.14,17.0,17.38,15.81,2791611.0,45844843.0,5.02,0.76
920699,海达尔,85.0,84.98,85.0,83.08,82.25,86.0,81.3,676876.0,57310950.0,2.311,1.92
920701,豪声电子,14.02,14.0,14.02,13.63,13.5,14.14,13.18,2532937.0,35101649.0,2.861,0.39
920703,广厦环能,9.99,9.99,10.0,9.81,9.81,10.06,9.76,649553.0,6486597.0,1.835,0.18
920706,铁拓机械,13.72,13.71,13.72,13.59,13.5,13.75,13.33,678414.0,9194647.0,0.957,0.13
920717,瑞星股份,7.62,7.62,7.64,8.14,8.14,8.14,7.61,1669737.0,13141584.0,-6.388,-0.52
920718,合肥高科,9.44,9.38,9.44,9.7,9.62,9.62,9.38,491506.0,4654872.0,-2.68,-0.26
920719,宁新新材,7.15,7.14,7.15,7.36,7.34,7.34,7.1,2005238.0,14391118.0,-2.853,-0.21
920720,吉冈精密,9.29,9.28,9.29,9.4,9.32,9.51,9.26,645432.0,6026568.0,-1.17,-0.11
920725,惠丰钻石,73.95,73.95,73.96,74.5,73.03,75.68,72.02,2718475.0,201216684.0,-0.738,-0.55
920726,朱老六,16.12,16.12,16.13,16.22,16.26,16.58,16.12,2302700.0,37561212.0,-0.617,-0.1
920729,永顺生物,6.94,6.94,6.95,7.4,7.3,7.31,6.94,2049096.0,14466534.0,-6.216,-0.46
920735,德源药业,24.5,24.5,24.54,24.72,24.23,24.64,23.81,2449637.0,59418603.0,-0.89,-0.22
920748,路桥信息,24.91,24.9,24.91,23.99,24.06,25.5,23.99,2072300.0,51243532.0,3.835,0.92
920751,惠同新材,15.89,15.89,15.97,15.97,15.89,16.07,15.73,275981.0,4382582.0,-0.501,-0.08
920753,天纺标,15.18,15.18,15.21,15.33,15.33,15.59,15.09,564036.0,8567651.0,-0.978,-0.15
920765,美之高,14.2,14.2,14.22,14.59,14.24,14.47,14.03,1281052.0,18229480.0,-2.673,-0.39
920768,拾比佰,7.0,6.98,7.0,7.05,7.0,7.04,6.93,475180.0,3319497.0,-0.709,-0.05
920770,艾能聚,9.91,9.91,9.92,9.98,10.0,10.04,9.9,1036725.0,10318271.0,-0.701,-0.07
920779,武汉蓝电,21.96,21.96,21.98,22.29,22.2,22.82,21.88,524456.0,11740838.0,-1.48,-0.33
920781,瑞奇智造,5.45,5.44,5.45,5.52,5.53,5.54,5.42,647046.0,3539044.0,-1.268,-0.07
920786,骑士乳业,7.3,7.3,7.31,7.2,7.23,7.47,7.15,9501479.0,69455436.0,1.389,0.1
920790,联迪信息,20.75,20.75,20.77,20.61,20.63,21.4,20.62,1840454.0,38659853.0,0.679,0.14
920792,东和新材,9.84,9.8,9.84,9.62,9.74,9.89,9.61,460102.0,4492616.0,2.287,0.22
920799,艾融软件,31.19,31.18,31.19,32.07,32.32,33.49,31.19,5615478.0,182217337.0,-2.744,-0.88
920802,保丽洁,10.33,10.24,10.33,10.33,10.23,10.51,10.23,600461.0,6220177.0,0.0,0.0
920806,云星宇,10.1,10.09,10.1,10.08,10.03,10.27,10.03,1345046.0,13658577.0,0.198,0.02
920807,奔朗新材,9.22,9.22,9.26,9.34,9.21,9.33,9.15,1698102.0,15682416.0,-1.285,-0.12
920808,曙光数创,59.94,59.92,59.94,59.29,59.0,60.57,58.67,1010199.0,60454289.0,1.096,0.65
920809,安达科技,7.66,7.65,7.66,7.48,7.49,7.72,7.42,8361133.0,63755915.0,2.406,0.18
920810,春光智能,9.6,9.59,9.6,9.18,9.37,9.6,9.1,3798895.0,35682669.0,4.575,0.42
920819,颖泰生物,2.99,2.99,3.0,3.01,2.98,3.03,2.97,4911890.0,14718582.0,-0.664,-0.02
920821,则成电子,17.56,17.56,17.63,17.7,17.58,18.04,17.52,1254602.0,22238737.0,-0.791,-0.14
920826,盖世食品,8.64,8.63,8.64,8.84,8.88,8.91,8.54,3258463.0,28282142.0,-2.262,-0.2
920832,齐鲁华信,6.15,6.09,6.15,6.15,6.12,6.15,6.08,257201.0,1573443.0,0.0,0.0
920833,美心翼申,9.76,9.73,9.76,9.62,9.63,9.83,9.63,677995.0,6618384.0,1.455,0.14
920834,三维装备,9.62,9.62,9.63,9.45,9.18,9.68,9.08,790717.0,7489648.0,1.799,0.17
920837,华原股份,9.44,9.4,9.44,9.54,9.54,9.59,9.37,498197.0,4693663.0,-1.048,-0.1
920839,万通液压,23.99,23.99,24.09,24.15,24.01,24.55,23.62,636028.0,15302301.0,-0.663,-0.16
920855,浙江大农,12.3,12.3,12.31,12.44,12.34,12.5,12.0,246787.0,3029700.0,-1.125,-0.14
920856,浩淼科技,14.02,14.01,14.02,14.24,14.14,14.39,13.73,2836238.0,39699391.0,-1.545,-0.22
920857,泓禧科技,21.36,21.12,21.36,21.49,21.44,21.5,20.7,962895.0,20291491.0,-0.605,-0.13
920866,绿亨科技,6.05,6.05,6.08,6.41,6.34,6.35,6.02,4716845.0,28806162.0,-5.616,-0.36
920870,恒进感应,11.52,11.52,11.6,11.58,11.45,11.64,11.34,638436.0,7341001.0,-0.518,-0.06
920871,派特尔,10.87,10.86,10.87,10.9,11.11,11.11,10.78,368917.0,4027175.0,-0.275,-0.03
920873,中设咨询,6.93,6.9,6.93,6.94,6.93,6.99,6.87,579380.0,4008704.0,-0.144,-0.01
920876,慧为智能,15.68,15.67,15.68,16.12,16.06,16.06,15.6,670260.0,10595722.0,-2.73,-0.44
920879,基康技术,12.46,12.46,12.49,12.59,12.69,12.69,12.4,458309.0,5749041.0,-1.033,-0.13
920885,星辰科技,12.18,12.18,12.23,12.22,12.18,12.39,12.14,1302315.0,15970832.0,-0.327,-0.04
920892,广咨国际,10.13,10.1,10.13,10.39,10.32,10.32,10.08,506178.0,5161222.0,-2.502,-0.26
920895,花溪科技,12.34,12.32,12.34,12.76,12.77,12.77,12.3,428573.0,5339176.0,-3.292,-0.42
920896,旺成科技,11.82,11.82,11.83,12.01,11.9,12.0,11.81,235049.0,2794133.0,-1.582,-0.19
920906,舜宇精工,15.73,15.73,15.79,15.85,15.9,15.9,15.62,416982.0,6561070.0,-0.757,-0.12
920914,远航精密,17.1,17.1,17.12,17.29,17.12,17.53,16.7,1037183.0,17781592.0,-1.099,-0.19
920924,广脉科技,14.38,14.37,14.38,14.4,14.39,14.45,14.06,1034047.0,14761555.0,-0.139,-0.02
920925,锦好医疗,11.81,11.8,11.81,12.06,12.06,12.24,11.81,1233574.0,14739061.0,-2.073,-0.25
920926,鸿智科技,9.96,9.96,10.01,10.07,10.09,10.11,9.81,243393.0,2422146.0,-1.092,-0.11
920931,无锡鼎邦,10.9,10.9,10.92,10.89,10.78,11.25,10.45,2503662.0,27298033.0,0.092,0.01
920932,科达自控,11.14,11.14,11.18,11.82,11.53,11.65,11.0,2952240.0,33241863.0,-5.753,-0.68
920942,恒立钻具,16.6,16.59,16.6,16.73,16.6,16.74,16.41,328054.0,5420891.0,-0.777,-0.13
920943,优机股份,15.57,15.57,15.59,16.06,15.9,16.38,15.54,3083397.0,48654574.0,-3.051,-0.49
920946,森萱医药,10.19,10.19,10.2,11.2,9.72,10.6,9.72,22947420.0,232117354.0,-9.018,-1.01
920950,迅安科技,12.38,12.31,12.38,12.79,12.7,12.7,12.21,224564.0,2811472.0,-3.206,-0.41
920953,国子软件,21.85,21.85,21.89,22.38,22.08,22.6,21.8,1616330.0,35617192.0,-2.368,-0.53
920957,汉维科技,9.48,9.47,9.48,9.46,9.41,9.5,9.23,943428.0,8864046.0,0.211,0.02
920961,创远信科,19.73,19.72,19.73,19.12,19.79,20.76,19.6,3232790.0,65070889.0,3.19,0.61
920964,润农节水,4.68,4.68,4.69,4.77,4.74,4.8,4.59,4512409.0,20923847.0,-1.887,-0.09
920970,大禹生物,6.03,6.03,6.04,6.31,6.21,6.21,6.01,2826237.0,17188667.0,-4.437,-0.28
920971,天马新材,26.15,26.15,26.16,25.99,25.88,26.43,25.18,1864928.0,48449594.0,0.616,0.16
920974,凯大催化,6.12,6.12,6.13,6.21,6.18,6.18,6.09,1113911.0,6819305.0,-1.449,-0.09
920976,视声智能,16.65,16.51,16.65,16.8,16.68,16.79,16.24,328527.0,5457151.0,-0.893,-0.15
920978,开特股份,19.97,19.96,19.97,19.4,19.35,20.03,19.32,955803.0,18930758.0,2.938,0.57
920981,晶赛科技,29.18,29.18,29.19,29.06,29.07,29.73,28.31,1224939.0,35711706.0,0.413,0.12
920982,锦波生物,121.65,121.65,121.69,123.75,121.07,123.5,120.01,847364.0,103261139.0,-1.697,-2.1
920985,海泰新能,4.56,4.56,4.57,4.62,4.65,4.65,4.55,1634516.0,7490078.0,-1.299,-0.06
920992,中科美菱,11.36,11.36,11.38,11.6,11.5,11.5,11.21,834551.0,9444604.0,-2.069,-0.24
600000,浦发银行,9.05,9.04,9.05,9.11,9.09,9.15,9.03,51270289.0,465159863.0,-0.659,-0.06
600004,白云机场,7.38,7.38,7.39,7.55,7.54,7.57,7.36,12708551.0,94223073.0,-2.252,-0.17
600006,东风股份,5.28,5.28,5.29,5.31,5.3,5.31,5.23,8728589.0,45921737.0,-0.565,-0.03
600007,中国国贸,18.6,18.6,18.64,18.93,18.93,18.96,18.56,1948000.0,36330519.0,-1.743,-0.33
600008,首创环保,2.81,2.81,2.82,2.83,2.83,2.83,2.8,46987197.0,132114515.0,-0.707,-0.02
600009,上海机场,22.92,22.92,22.93,23.27,23.29,23.29,22.88,9077844.0,208577322.0,-1.504,-0.35
600010,包钢股份,2.19,2.19,2.2,2.18,2.17,2.21,2.16,305319112.0,666752757.0,0.459,0.01
600011,华能国际,6.6,6.6,6.61,6.66,6.66,6.66,6.54,77541151.0,510386575.0,-0.901,-0.06
600012,皖通高速,15.5,15.5,15.51,15.65,15.7,15.8,15.47,4021652.0,62642975.0,-0.958,-0.15
600015,华夏银行,6.71,6.71,6.72,6.73,6.72,6.78,6.69,54056376.0,363770475.0,-0.297,-0.02
600016,民生银行,3.47,3.46,3.47,3.47,3.47,3.49,3.45,159924231.0,554961179.0,0.0,0.0
600017,日照港,2.64,2.64,2.65,2.68,2.68,2.68,2.63,26193600.0,69329243.0,-1.493,-0.04
600018,上港集团,5.18,5.18,5.19,5.2,5.2,5.23,5.16,33666604.0,174592168.0,-0.385,-0.02
600019,宝钢股份,5.81,5.81,5.82,5.89,5.89,5.91,5.8,79202174.0,463032323.0,-1.358,-0.08
600020,中原高速,3.74,3.74,3.75,3.78,3.77,3.77,3.72,10615322.0,39690832.0,-1.058,-0.04
600021,上海电力,13.66,13.65,13.66,13.63,13.59,13.66,13.48,15585591.0,211817472.0,0.22,0.03
600022,山东钢铁,1.32,1.32,1.33,1.32,1.32,1.33,1.3,90826559.0,119725308.0,0.0,0.0
600023,浙能电力,4.86,4.86,4.87,4.88,4.88,4.88,4.85,14844272.0,72216631.0,-0.41,-0.02
600025,华能水电,9.58,9.58,9.59,9.65,9.67,9.76,9.58,19929277.0,192043078.0,-0.725,-0.07
600026,中远海能,19.58,19.57,19.58,18.31,18.46,19.69,18.42,111915824.0,2160216975.0,6.936,1.27
600027,华电国际,4.46,4.45,4.46,4.51,4.51,4.52,4.45,55130547.0,246274820.0,-1.109,-0.05
600028,中国石化,5.1,5.09,5.1,5.14,5.14,5.19,5.07,210261034.0,1077681782.0,-0.778,-0.04
600029,南方航空,4.99,4.99,5.0,5.03,5.01,5.01,4.98,38968750.0,194566380.0,-0.795,-0.04
600030,中信证券,27.12,27.12,27.13,27.04,27.15,27.24,26.93,77412806.0,2098133831.0,0.296,0.08
600031,三一重工,18.8,18.79,18.8,19.05,19.05,19.09,18.78,33909865.0,639653668.0,-1.312,-0.25
600032,浙江新能,6.75,6.74,6.75,6.78,6.78,6.78,6.66,13999100.0,94062787.0,-0.442,-0.03
600033,福建高速,3.52,3.51,3.52,3.55,3.55,3.57,3.5,20260383.0,71387635.0,-0.845,-0.03
600035,楚天高速,3.36,3.36,3.37,3.38,3.37,3.37,3.34,5813234.0,19507937.0,-0.592,-0.02
600036,招商银行,38.9,38.9,38.91,38.86,38.8,39.1,38.76,51421949.0,2002588255.0,0.103,0.04
600037,歌华有线,6.81,6.81,6.82,6.86,6.83,6.87,6.77,8849690.0,60283067.0,-0.729,-0.05
600038,中直股份,26.53,26.52,26.53,26.51,26.49,26.57,26.22,3764835.0,99586845.0,0.075,0.02
600039,四川路桥,8.34,8.34,8.35,8.35,8.31,8.39,8.29,9769776.0,81454546.0,-0.12,-0.01
600048,保利发展,5.19,5.19,5.2,5.25,5.22,5.23,5.08,144093517.0,741294933.0,-1.143,-0.06
600050,中国联通,4.22,4.22,4.23,4.25,4.23,4.29,4.21,98044408.0,415321768.0,-0.706,-0.03
600051,宁波联合,6.31,6.3,6.31,6.36,6.33,6.33,6.16,4943800.0,30851040.0,-0.786,-0.05
600052,东望时代,3.85,3.85,3.86,3.88,3.88,3.88,3.78,6597804.0,25290099.0,-0.773,-0.03
600053,*ST九鼎,6.95,6.95,6.96,6.91,6.83,6.99,6.78,1023869.0,7064776.0,0.579,0.04
600054,黄山旅游,11.15,11.15,11.16,11.25,11.22,11.22,11.02,6502582.0,72300179.0,-0.889,-0.1
600055,万东医疗,11.15,11.15,11.16,11.54,11.54,11.64,11.1,5704000.0,63881968.0,-3.38,-0.39
600056,中国医药,9.2,9.2,9.21,9.6,9.51,9.53,9.17,27612083.0,256257965.0,-4.167,-0.4
600057,厦门象屿,6.21,6.21,6.22,6.26,6.25,6.27,6.17,8596068.0,53470981.0,-0.799,-0.05
600058,五矿发展,10.25,10.24,10.25,10.6,10.7,10.75,10.25,9109535.0,94948044.0,-3.302,-0.35
600059,古越龙山,7.88,7.88,7.89,7.94,7.91,7.94,7.77,11416131.0,89362715.0,-0.756,-0.06
600060,海信视像,25.74,25.72,25.74,25.93,26.01,26.16,25.55,4036022.0,103860405.0,-0.733,-0.19
600061,国投资本,6.25,6.25,6.26,6.25,6.23,6.28,6.2,18652092.0,116414862.0,0.0,0.0
600062,华润双鹤,15.67,15.66,15.67,16.21,16.1,16.11,15.57,12586305.0,197712621.0,-3.331,-0.54
600063,皖维高新,5.8,5.8,5.81,5.86,5.8,5.85,5.68,36810917.0,213246564.0,-1.024,-0.06
600064,南京高科,7.47,7.47,7.48,7.74,7.69,7.69,7.37,29255581.0,218006720.0,-3.488,-0.27
600066,宇通客车,29.49,29.48,29.49,30.05,29.85,30.09,29.2,12575694.0,371156713.0,-1.864,-0.56
600067,冠城新材,2.8,2.79,2.8,2.79,2.8,2.81,2.72,12794685.0,35465966.0,0.358,0.01
600071,凤凰光学,15.83,15.83,15.85,15.69,15.61,15.91,15.42,1840692.0,28934378.0,0.892,0.14
600072,中船科技,8.65,8.65,8.66,8.61,8.6,8.67,8.5,8295000.0,71346043.0,0.465,0.04
600073,光明肉业,5.27,5.26,5.27,5.43,5.39,5.4,5.21,13713427.0,72274786.0,-2.947,-0.16
600075,新疆天业,4.63,4.62,4.63,4.66,4.66,4.69,4.59,20630727.0,95537553.0,-0.644,-0.03
600076,康欣新材,3.09,3.09,3.1,3.11,3.12,3.12,3.02,11675370.0,35755449.0,-0.643,-0.02
600078,澄星股份,10.58,10.58,10.59,10.67,10.78,10.79,10.24,14628701.0,153417999.0,-0.843,-0.09
600079,ST人福,17.89,17.89,17.9,17.86,17.82,17.9,17.63,8281319.0,147066453.0,0.168,0.03
600080,ST金花,4.79,4.78,4.79,4.79,4.73,4.79,4.65,1914500.0,9057576.0,0.0,0.0
600081,东风科技,10.1,10.09,10.1,10.1,10.07,10.1,9.95,2113204.0,21152760.0,0.0,0.0
600082,ST海泰,2.83,2.82,2.83,2.74,2.72,2.86,2.67,7844200.0,21667963.0,3.285,0.09
600084,*ST尼雅,4.09,4.09,4.1,4.06,4.0,4.1,3.98,1552000.0,6284032.0,0.739,0.03
600085,同仁堂,23.77,23.77,23.78,24.44,24.35,24.35,23.71,7747240.0,184943248.0,-2.741,-0.67
600088,中视传媒,11.36,11.36,11.37,11.45,11.4,11.4,11.22,2163806.0,24496714.0,-0.786,-0.09
600089,特变电工,20.05,20.05,20.06,20.05,19.92,20.11,19.87,44415503.0,889222329.0,0.0,0.0
600094,大名城,3.86,3.86,3.87,3.94,3.93,3.93,3.81,15473100.0,59860019.0,-2.03,-0.08
600095,湘财股份,7.77,7.77,7.78,7.73,7.71,7.79,7.65,16048766.0,123859999.0,0.517,0.04
600096,云天化,29.67,29.67,29.68,29.83,29.61,29.86,29.1,23503800.0,693720340.0,-0.536,-0.16
600097,开创国际,8.57,8.57,8.59,8.57,8.54,8.61,8.39,3112000.0,26451318.0,0.0,0.0
600098,广州发展,6.24,6.24,6.25,6.25,6.25,6.28,6.22,12985902.0,81133327.0,-0.16,-0.01
600099,林海股份,9.02,9.0,9.02,9.0,8.91,9.05,8.78,2006706.0,17860156.0,0.222,0.02
600100,同方股份,6.68,6.67,6.68,6.66,6.7,6.7,6.57,13866808.0,92152217.0,0.3,0.02
600101,明星电力,7.81,7.81,7.82,7.85,7.84,7.84,7.75,4197087.0,32693769.0,-0.51,-0.04
600103,青山纸业,2.88,2.87,2.88,2.87,2.85,2.89,2.79,51247039.0,146131138.0,0.348,0.01
600104,上汽集团,10.14,10.13,10.14,10.18,10.15,10.15,10.03,28209212.0,284756473.0,-0.393,-0.04
600105,永鼎股份,39.72,39.72,39.73,38.85,38.53,40.66,37.97,115503244.0,4571342213.0,2.239,0.87
600106,重庆路桥,4.29,4.28,4.29,4.32,4.32,4.32,4.24,8169695.0,35017875.0,-0.694,-0.03
600107,*ST尔雅,5.78,5.78,5.79,5.81,5.82,5.82,5.72,563700.0,3254162.0,-0.516,-0.03
600108,亚盛集团,3.3,3.3,3.31,3.41,3.38,3.39,3.2,146458569.0,479945150.0,-3.226,-0.11
600109,国金证券,8.47,8.46,8.47,8.5,8.5,8.5,8.42,11713268.0,99014100.0,-0.353,-0.03
600110,诺德股份,10.74,10.74,0.0,9.76,9.7,10.74,9.47,220283218.0,2285226619.0,10.041,0.98
600111,北方稀土,40.17,40.16,40.17,39.78,39.28,40.28,39.11,41837992.0,1665709129.0,0.98,0.39
600113,浙江东日,30.43,30.42,30.43,30.85,30.86,31.2,29.78,5624248.0,170746960.0,-1.361,-0.42
600114,东睦股份,30.22,30.22,30.23,29.8,29.8,30.8,29.27,15718070.0,475745286.0,1.409,0.42
600115,中国东航,3.44,3.44,3.45,3.48,3.45,3.46,3.43,107158067.0,368702016.0,-1.149,-0.04
600116,三峡水利,6.12,6.12,6.13,6.31,6.29,6.32,6.07,26804499.0,164430899.0,-3.011,-0.19
600117,西宁特钢,2.26,2.25,2.26,2.26,2.25,2.27,2.21,11443202.0,25608536.0,0.0,0.0
600118,中国卫星,62.1,62.1,62.11,61.44,61.0,62.88,60.9,35299741.0,2189438224.0,1.074,0.66
600119,*ST长投,4.71,4.7,4.71,4.59,4.53,4.73,4.52,2324200.0,10792495.0,2.614,0.12
600120,浙江东方,4.77,4.77,4.78,4.8,4.8,4.81,4.7,23770704.0,113191620.0,-0.625,-0.03
600121,郑州煤电,3.97,3.96,3.97,3.97,3.93,3.99,3.81,75203821.0,294048850.0,0.0,0.0
600123,兰花科创,7.24,7.23,7.24,7.27,7.21,7.31,7.14,21185640.0,153104178.0,-0.413,-0.03
600125,铁龙物流,5.38,5.37,5.38,5.46,5.45,5.46,5.36,8974648.0,48337625.0,-1.465,-0.08
600126,杭钢股份,6.78,6.78,6.79,6.97,6.81,6.88,6.66,55472446.0,376207317.0,-2.726,-0.19
600127,金健米业,8.2,8.2,8.21,8.6,9.39,9.45,8.0,272183943.0,2334481868.0,-4.651,-0.4
600128,苏豪弘业,8.29,8.29,8.3,8.26,8.25,8.31,8.1,3689451.0,30318613.0,0.363,0.03
600129,太极集团,15.07,15.07,15.08,16.63,16.18,16.22,15.02,43329383.0,663681111.0,-9.381,-1.56
600130,波导股份,4.33,4.33,4.34,4.31,4.28,4.35,4.21,15777200.0,67872429.0,0.464,0.02
600131,国网信通,15.4,15.39,15.4,15.45,15.42,15.48,15.25,3930800.0,60412258.0,-0.324,-0.05
600132,重庆啤酒,40.28,40.28,40.3,41.15,41.16,41.25,40.26,4624988.0,187412158.0,-2.114,-0.87
600133,东湖高新,8.24,8.23,8.24,8.26,8.25,8.27,8.15,7423210.0,61040453.0,-0.242,-0.02
600135,乐凯胶片,7.32,7.31,7.32,7.25,7.19,7.32,7.09,4815133.0,34851054.0,0.966,0.07
600136,ST明诚,1.41,1.41,1.42,1.41,1.4,1.42,1.39,7196200.0,10115236.0,0.0,0.0
600137,浪莎股份,18.05,18.04,18.05,17.95,17.92,18.22,17.5,956200.0,17086661.0,0.557,0.1
600138,中青旅,6.96,6.96,6.97,7.05,7.05,7.05,6.9,6415300.0,44640698.0,-1.277,-0.09
600141,兴发集团,30.68,30.68,30.69,30.86,30.58,30.96,30.05,24757815.0,757212852.0,-0.583,-0.18
600143,金发科技,14.31,14.3,14.31,14.14,14.02,14.36,13.88,33929741.0,480528316.0,1.202,0.17
600148,长春一东,15.31,15.31,15.33,15.33,15.35,15.41,15.0,1182900.0,17971621.0,-0.13,-0.02
600149,廊坊发展,4.95,4.95,4.96,5.05,4.99,5.0,4.85,15012900.0,73840232.0,-1.98,-0.1
600150,中国船舶,33.68,33.68,33.69,32.99,32.83,33.79,32.59,76020695.0,2543460716.0,2.092,0.69
600151,航天机电,10.16,10.16,10.17,9.6,9.63,10.25,9.55,35940980.0,358430182.0,5.833,0.56
600152,维科技术,8.01,8.0,8.01,7.84,7.8,8.05,7.66,14470363.0,114521248.0,2.168,0.17
600153,建发股份,8.9,8.9,8.91,9.15,9.25,9.3,8.87,21665328.0,195634468.0,-2.732,-0.25
600155,华创云信,5.75,5.75,5.76,5.77,5.79,5.8,5.73,13784300.0,79350236.0,-0.347,-0.02
600156,华升股份,8.03,8.03,8.04,7.89,7.85,8.07,7.7,8031000.0,63557561.0,1.774,0.14
600157,永泰能源,1.55,1.55,1.56,1.55,1.55,1.56,1.54,237676270.0,368087079.0,0.0,0.0
600158,中体产业,6.87,6.87,6.88,6.91,6.89,6.9,6.76,15169422.0,103797331.0,-0.579,-0.04
600159,大龙地产,2.54,2.53,2.54,2.54,2.52,2.55,2.44,16250100.0,40452732.0,0.0,0.0
600160,巨化股份,38.7,38.7,38.71,38.7,38.51,39.01,38.1,25429491.0,980411228.0,0.0,0.0
600161,天坛生物,12.15,12.15,12.16,12.7,12.51,12.6,12.13,30758278.0,378726172.0,-4.331,-0.55
600162,香江控股,4.18,4.18,4.19,4.19,4.29,4.44,4.06,177788422.0,748925412.0,-0.239,-0.01
600163,中闽能源,4.9,4.9,4.91,4.94,4.94,4.94,4.87,9927000.0,48625494.0,-0.81,-0.04
600165,ST宁科,3.31,3.3,3.31,3.23,3.2,3.34,3.11,29052850.0,94448903.0,2.477,0.08
600166,福田汽车,2.89,2.89,2.9,2.97,2.96,2.96,2.87,106660645.0,309228539.0,-2.694,-0.08
600167,联美控股,5.6,5.6,5.61,5.63,5.6,5.64,5.55,4731100.0,26429204.0,-0.533,-0.03
600168,武汉控股,4.42,4.41,4.42,4.48,4.47,4.47,4.37,6266536.0,27625117.0,-1.339,-0.06
600169,ST太重,2.05,2.04,2.05,2.04,2.03,2.05,2.03,4908300.0,10009271.0,0.49,0.01
600170,上海建工,2.25,2.24,2.25,2.27,2.26,2.27,2.23,70591859.0,158282988.0,-0.881,-0.02
600171,上海贝岭,22.66,22.66,22.67,22.46,22.33,23.04,22.3,9633774.0,218767274.0,0.89,0.2
600172,黄河旋风,13.54,13.54,13.55,13.44,13.05,13.68,12.72,149948035.0,2005010708.0,0.744,0.1
600173,卧龙新能,6.06,6.06,6.07,6.16,6.14,6.14,5.96,5674970.0,34271862.0,-1.623,-0.1
600176,中国巨石,42.04,42.03,42.04,41.42,40.8,42.33,39.15,209471410.0,8593956086.0,1.497,0.62
600177,雅戈尔,7.89,7.89,7.9,8.0,7.98,8.0,7.88,20385748.0,161656361.0,-1.375,-0.11
600178,东安动力,9.2,9.2,9.21,9.25,9.2,9.24,9.07,2492601.0,22855085.0,-0.541,-0.05
600179,安通控股,4.38,4.37,4.38,4.3,4.28,4.39,4.27,39144853.0,170055391.0,1.86,0.08
600180,*ST瑞茂,1.59,1.58,1.59,1.55,1.52,1.62,1.5,25270300.0,39801942.0,2.581,0.04
600182,S佳通,13.19,13.18,13.19,13.33,13.2,13.33,13.08,2968500.0,39036573.0,-1.05,-0.14
600183,生益科技,132.8,132.79,132.8,126.28,126.03,134.86,124.88,66475836.0,8723369047.0,5.163,6.52
600184,光电股份,17.61,17.61,17.62,17.39,17.35,17.83,17.04,8372128.0,146583546.0,1.265,0.22
600185,珠免集团,4.5,4.49,4.5,4.56,4.55,4.55,4.45,16798900.0,75512950.0,-1.316,-0.06
600186,莲花控股,11.62,11.61,11.62,11.02,11.02,11.71,10.94,278167787.0,3160128371.0,5.445,0.6
600187,*ST国中,1.39,1.38,1.39,1.32,1.33,1.4,1.32,45540500.0,62363552.0,5.303,0.07
600188,兖矿能源,21.41,21.41,21.42,21.36,21.39,21.73,21.16,30228632.0,649775422.0,0.234,0.05
600189,泉阳泉,7.42,7.42,7.43,7.47,7.39,7.53,7.3,8565128.0,63338575.0,-0.669,-0.05
600191,华资实业,10.62,10.62,10.63,10.57,10.51,10.72,10.33,7642359.0,80788421.0,0.473,0.05
600192,长城电工,6.91,6.9,6.91,6.81,6.81,6.91,6.4,7988581.0,54558033.0,1.468,0.1
600195,中牧股份,6.71,6.7,6.71,6.85,6.81,6.82,6.66,8141347.0,54611432.0,-2.044,-0.14
600196,复星医药,23.56,23.56,23.57,24.84,24.16,24.31,23.52,61168598.0,1457016063.0,-5.153,-1.28
600197,XD伊力特,9.84,9.84,9.85,10.13,10.08,10.09,9.78,7790573.0,76679815.0,-2.863,-0.29
600198,大唐电信,7.47,7.46,7.47,7.58,7.42,7.49,7.3,20386777.0,151354446.0,-1.451,-0.11
600199,金种子酒,6.98,6.98,6.99,7.14,7.14,7.14,6.92,12619321.0,87982242.0,-2.241,-0.16
600201,生物股份,12.65,12.65,12.67,13.0,12.86,12.95,12.55,16702564.0,212101374.0,-2.692,-0.35
600202,哈空调,5.05,5.05,5.06,5.01,5.03,5.08,4.88,5799946.0,28923785.0,0.798,0.04
600203,福日电子,10.07,10.06,10.07,9.8,9.74,10.1,9.57,17899681.0,177209956.0,2.755,0.27
600206,XD有研新,54.24,54.24,54.25,56.66,54.1,56.18,53.44,102120775.0,5576391370.0,-4.271,-2.42
600207,安彩高科,4.36,4.35,4.36,4.29,4.3,4.38,4.21,12832875.0,55382537.0,1.632,0.07
600208,衢州发展,2.93,2.93,2.94,2.98,2.95,2.96,2.9,60740300.0,177622055.0,-1.678,-0.05
600210,紫江企业,5.98,5.98,5.99,6.0,6.0,6.01,5.95,7681565.0,45914784.0,-0.333,-0.02
600211,西藏药业,38.99,38.99,39.0,41.86,41.39,41.39,38.98,14362805.0,568472381.0,-6.856,-2.87
600212,绿能慧充,5.63,5.63,5.64,5.56,5.56,5.67,5.42,6875563.0,38248066.0,1.259,0.07
600215,派斯林,6.52,6.5,6.52,6.5,6.51,6.58,6.36,4570776.0,29728606.0,0.308,0.02
600216,浙江医药,13.23,13.22,13.23,14.52,14.05,14.15,13.22,62000952.0,838087074.0,-8.884,-1.29
600217,中再资环,3.13,3.13,3.14,3.14,3.12,3.14,3.07,9956483.0,30942015.0,-0.318,-0.01
600218,全柴动力,7.56,7.56,7.57,7.57,7.57,7.62,7.44,4018712.0,30240262.0,-0.132,-0.01
600219,南山铝业,4.75,4.75,4.76,4.65,4.64,4.77,4.63,209494339.0,985521988.0,2.151,0.1
600221,海航控股,1.3,1.3,1.31,1.31,1.3,1.31,1.29,250822952.0,325891024.0,-0.763,-0.01
600222,太龙药业,7.84,7.83,7.84,8.11,8.11,8.11,7.75,22550080.0,176619790.0,-3.329,-0.27
600223,福瑞达,5.48,5.47,5.48,5.61,5.58,5.59,5.45,9047106.0,49802748.0,-2.317,-0.13
600226,亨通股份,6.21,6.21,6.22,6.03,6.0,6.24,5.93,117072032.0,718968443.0,2.985,0.18
600227,赤天化,3.95,3.94,3.95,3.74,3.66,3.99,3.51,287413897.0,1082423915.0,5.615,0.21
600228,返利科技,8.21,8.21,8.22,8.2,8.18,8.76,8.05,36692788.0,308780314.0,0.122,0.01
600229,城市传媒,5.1,5.09,5.1,5.16,5.17,5.17,5.01,2763974.0,14002583.0,-1.163,-0.06
600230,沧州大化,14.62,14.62,14.63,14.69,14.6,14.69,14.39,8580395.0,124841477.0,-0.477,-0.07
600231,凌钢股份,1.7,1.69,1.7,1.68,1.68,1.7,1.65,11779147.0,19777573.0,1.19,0.02
600232,金鹰股份,6.31,6.31,6.33,6.32,6.27,6.41,6.21,4683120.0,29512262.0,-0.158,-0.01
600233,圆通速递,17.42,17.42,17.44,17.5,17.61,17.79,17.15,26129879.0,455742867.0,-0.457,-0.08
600234,科新发展,21.45,21.45,21.46,21.53,21.89,21.89,21.01,1193800.0,25611532.0,-0.372,-0.08
600235,民丰特纸,5.74,5.73,5.74,5.72,5.67,5.77,5.57,4706600.0,26656992.0,0.35,0.02
600236,桂冠电力,9.9,9.9,9.91,9.88,9.84,9.95,9.7,8767324.0,86526778.0,0.202,0.02
600237,铜峰电子,8.42,8.41,8.42,8.4,8.31,8.48,8.14,19079721.0,159992683.0,0.238,0.02
600238,ST椰岛,5.06,5.05,5.06,4.88,4.89,5.06,4.76,7257295.0,36008633.0,3.689,0.18
600239,ST云城,1.41,1.41,1.42,1.39,1.38,1.42,1.37,13319420.0,18606224.0,1.439,0.02
600241,时代万恒,7.44,7.42,7.44,7.29,7.28,7.44,7.13,3914900.0,28576096.0,2.058,0.15
600243,*ST海华,3.75,3.74,3.75,3.7,3.68,3.77,3.63,3839700.0,14253343.0,1.351,0.05
600246,万通发展,12.12,12.12,12.13,11.7,11.73,12.33,11.59,102884834.0,1236858506.0,3.59,0.42
600248,陕建股份,2.85,2.85,2.87,2.9,2.9,2.9,2.82,18572300.0,53024288.0,-1.724,-0.05
600249,两面针,5.25,5.24,5.25,5.27,5.27,5.27,5.16,5559478.0,29037574.0,-0.38,-0.02
600250,南京商旅,9.15,9.14,9.15,9.24,9.8,10.16,9.12,54535738.0,528110023.0,-0.974,-0.09
600251,冠农股份,10.31,10.3,10.31,10.51,10.33,10.38,10.08,14852720.0,151497535.0,-1.903,-0.2
600252,中恒集团,2.22,2.21,2.22,2.36,2.3,2.32,2.2,90782800.0,204275054.0,-5.932,-0.14
600255,鑫科材料,3.24,3.23,3.24,3.19,3.17,3.25,3.14,42252732.0,135523060.0,1.567,0.05
600256,广汇能源,6.23,6.23,6.24,6.12,6.2,6.29,6.13,169812973.0,1055265868.0,1.797,0.11
600257,大湖股份,5.48,5.47,5.48,5.57,5.56,5.57,5.4,14748066.0,80578216.0,-1.616,-0.09
600258,首旅酒店,12.23,12.23,12.24,12.31,12.32,12.34,12.11,10292900.0,125592645.0,-0.65,-0.08
600259,中稀有色,85.3,85.29,85.3,84.75,83.04,85.58,82.36,8490514.0,714540128.0,0.649,0.55
600261,阳光照明,3.24,3.23,3.24,3.2,3.18,3.24,3.15,15991900.0,51233199.0,1.25,0.04
600262,北方股份,14.52,14.52,14.53,14.65,14.52,14.63,14.27,3708979.0,53600005.0,-0.887,-0.13
600265,*ST景谷,22.9,22.89,22.9,22.7,22.59,23.16,22.34,711500.0,16208692.0,0.881,0.2
600266,城建发展,4.19,4.18,4.19,4.31,4.26,4.3,4.15,41705297.0,174665052.0,-2.784,-0.12
600267,海正药业,13.08,13.07,13.08,14.02,13.75,13.88,12.96,71798056.0,952198175.0,-6.705,-0.94
600268,国电南自,10.51,10.51,10.52,10.5,10.51,10.56,10.37,9313901.0,97640898.0,0.095,0.01
600269,赣粤高速,3.76,3.75,3.76,3.79,3.79,3.79,3.74,13470118.0,50640340.0,-0.792,-0.03
600271,航天信息,6.71,6.7,6.71,6.74,6.7,6.72,6.62,7219362.0,48203644.0,-0.445,-0.03
600272,开开实业,16.5,0.0,16.5,18.33,16.5,16.94,16.5,14542501.0,240174145.0,-9.984,-1.83
600273,嘉化能源,6.74,6.74,6.75,6.83,6.81,6.85,6.72,15186287.0,102882793.0,-1.318,-0.09
600276,恒瑞医药,47.74,47.74,47.75,49.5,48.51,48.8,47.55,127415292.0,6108715052.0,-3.556,-1.76
600278,东方创业,6.16,6.15,6.16,6.23,6.21,6.25,6.09,3065695.0,18793148.0,-1.124,-0.07
600279,重庆港,4.31,4.3,4.31,4.27,4.26,4.32,4.21,7145500.0,30479402.0,0.937,0.04
600280,中央商场,2.98,2.97,2.98,2.99,2.99,2.99,2.91,18299839.0,54012259.0,-0.334,-0.01
600281,华阳新材,4.62,4.61,4.62,4.68,4.62,4.81,4.55,32042300.0,149057281.0,-1.282,-0.06
600282,南钢股份,4.61,4.6,4.61,4.77,4.73,4.75,4.6,37392892.0,174152836.0,-3.354,-0.16
600283,钱江水利,7.79,7.78,7.79,7.83,7.8,7.82,7.72,1793877.0,13928282.0,-0.511,-0.04
600284,浦东建设,5.01,5.01,5.02,5.09,5.07,5.07,4.96,9454695.0,47406832.0,-1.572,-0.08
600285,羚锐制药,19.54,19.54,19.55,19.79,19.73,19.73,19.35,8717863.0,169881784.0,-1.263,-0.25
600287,苏豪时尚,4.8,4.79,4.8,4.86,4.84,4.84,4.69,3504100.0,16648433.0,-1.235,-0.06
600288,XD大恒科,11.45,11.45,11.46,11.24,11.19,11.54,10.99,26487126.0,296849007.0,1.868,0.21
600289,ST信通,4.34,4.33,4.34,4.32,4.32,4.35,4.26,1578236.0,6807230.0,0.463,0.02
600292,电投水电,12.09,12.08,12.09,12.23,12.2,12.2,12.02,5973845.0,72180870.0,-1.145,-0.14
600293,三峡新材,2.84,2.83,2.84,2.82,2.8,2.84,2.73,19448274.0,54529223.0,0.709,0.02
600295,鄂尔多斯,13.08,13.05,13.08,13.15,13.0,13.25,12.91,8291628.0,108310959.0,-0.532,-0.07
600298,安琪酵母,41.29,41.29,41.3,42.31,42.62,42.64,41.01,8437693.0,349516273.0,-2.411,-1.02
600299,安迪苏,8.49,8.49,8.5,8.61,8.61,8.63,8.43,29502769.0,251367080.0,-1.394,-0.12
600300,维维股份,3.18,3.18,3.19,3.24,3.22,3.23,3.15,24092432.0,76626398.0,-1.852,-0.06
600301,华锡有色,47.71,47.71,47.72,47.34,47.79,47.89,46.52,9002204.0,426296857.0,0.782,0.37
600302,ST标准,6.46,6.45,6.46,6.46,6.4,6.5,6.28,2184500.0,13967930.0,0.0,0.0
600303,曙光股份,2.87,2.86,2.87,2.86,2.85,2.89,2.79,16923300.0,48116285.0,0.35,0.01
600305,恒顺醋业,6.59,6.59,6.6,6.72,6.72,6.72,6.57,8819956.0,58210407.0,-1.935,-0.13
600307,酒钢宏兴,1.43,1.42,1.43,1.42,1.41,1.43,1.4,26548070.0,37607746.0,0.704,0.01
600308,华泰股份,3.22,3.21,3.22,3.24,3.23,3.23,3.16,8011634.0,25621859.0,-0.617,-0.02
600309,万华化学,73.98,73.98,73.99,75.16,75.0,75.0,73.52,23056817.0,1706429325.0,-1.57,-1.18
600310,广西能源,4.09,4.09,4.1,4.12,4.07,4.1,4.03,22068073.0,89857673.0,-0.728,-0.03
600312,平高电气,19.73,19.72,19.73,19.29,19.31,20.07,19.11,22662779.0,449145545.0,2.281,0.44
600313,农发种业,6.5,6.5,6.51,6.92,6.6,6.74,6.32,117386385.0,764188842.0,-6.069,-0.42
600315,上海家化,18.09,18.09,18.11,18.4,18.53,18.6,18.06,13093184.0,239527089.0,-1.685,-0.31
600316,洪都航空,28.35,28.35,28.36,28.31,28.1,28.52,27.91,6697377.0,188963098.0,0.141,0.04
600318,新力金融,6.47,6.46,6.47,6.51,6.49,6.5,6.37,7012458.0,45086510.0,-0.614,-0.04
600319,亚星化学,6.31,6.31,6.33,6.25,6.2,6.58,6.11,7384600.0,46687224.0,0.96,0.06
600320,振华重工,4.03,4.03,4.04,4.04,4.04,4.05,4.0,20930064.0,84119940.0,-0.248,-0.01
600322,津投城开,2.64,2.64,2.65,2.66,2.65,2.65,2.59,14564580.0,38179673.0,-0.752,-0.02
600323,瀚蓝环境,29.26,29.26,29.31,29.6,29.61,29.83,29.24,3327001.0,97782618.0,-1.149,-0.34
600325,华发股份,2.31,2.31,2.32,2.39,2.38,2.39,2.28,90040239.0,208103725.0,-3.347,-0.08
600326,西藏天路,7.02,7.01,7.02,7.04,6.98,7.04,6.75,24090616.0,166340153.0,-0.284,-0.02
600327,大东方,4.08,4.08,4.09,4.24,4.23,4.29,4.06,55839014.0,230677196.0,-3.774,-0.16
600328,中盐化工,6.33,6.33,6.34,6.28,6.29,6.35,6.2,11666040.0,73338168.0,0.796,0.05
600329,达仁堂,35.35,35.34,35.35,36.28,36.18,36.18,35.32,3129900.0,111039608.0,-2.563,-0.93
600330,天通股份,27.27,27.27,27.28,27.89,27.84,28.47,26.86,108381294.0,2988868325.0,-2.223,-0.62
600331,宏达股份,12.93,12.93,12.94,12.69,12.8,13.07,12.61,44925433.0,578865048.0,1.891,0.24
600332,白云山,20.91,20.91,20.92,21.51,21.37,21.4,20.9,12296038.0,258564259.0,-2.789,-0.6
600333,长春燃气,6.31,6.31,6.32,6.25,6.25,6.34,6.2,10427700.0,65532561.0,0.96,0.06
600335,国机汽车,5.26,5.25,5.26,5.04,5.4,5.54,5.21,62535286.0,338957303.0,4.365,0.22
600336,澳柯玛,6.18,6.17,6.18,6.17,6.17,6.21,6.05,4606258.0,28263513.0,0.162,0.01
600337,ST美克,3.2,3.2,3.21,3.12,3.1,3.21,3.1,22115610.0,70331677.0,2.564,0.08
600338,西藏珠峰,13.85,13.84,13.85,13.1,13.15,13.96,13.02,57677356.0,786960731.0,5.725,0.75
600339,中油工程,3.38,3.38,3.39,3.34,3.36,3.42,3.33,55754130.0,188657721.0,1.198,0.04
600340,*ST华幸,1.09,1.09,1.1,1.09,1.08,1.1,1.08,27107340.0,29514675.0,0.0,0.0
600343,航天动力,18.31,18.31,18.32,18.04,18.07,18.47,17.68,19734493.0,359657592.0,1.497,0.27
600345,长江通信,47.6,47.59,47.6,46.0,45.9,48.18,45.67,7286462.0,344201175.0,3.478,1.6
600346,恒力石化,18.87,18.87,18.88,18.84,18.8,19.04,18.55,35556439.0,669199796.0,0.159,0.03
600348,华阳股份,8.96,8.96,8.97,8.88,8.84,9.04,8.78,24517928.0,219307707.0,0.901,0.08
600350,山东高速,10.56,10.55,10.56,10.51,10.54,10.6,10.38,9133681.0,95982113.0,0.476,0.05
600351,亚宝药业,6.87,6.87,6.88,7.15,7.07,7.07,6.84,30607954.0,211543573.0,-3.916,-0.28
600352,浙江龙盛,12.54,12.54,12.55,12.91,12.82,12.84,12.46,38969981.0,489270344.0,-2.866,-0.37
600353,旭光电子,38.28,38.28,0.0,34.8,34.8,38.28,33.5,102185991.0,3782619189.0,10.0,3.48
600354,敦煌种业,6.43,6.43,6.44,6.84,6.76,6.76,6.23,85972653.0,551050047.0,-5.994,-0.41
600356,恒丰纸业,8.86,8.86,8.87,8.9,8.87,8.91,8.72,3269320.0,28777732.0,-0.449,-0.04
600358,国旅联合,5.02,5.02,5.03,5.07,5.08,5.1,4.97,3722300.0,18656041.0,-0.986,-0.05
600359,新农开发,6.56,6.55,6.56,6.63,6.63,6.72,6.39,15399440.0,100457323.0,-1.056,-0.07
600360,华微电子,10.72,10.72,10.73,10.89,10.7,11.13,10.65,69702713.0,757287988.0,-1.561,-0.17
600361,创新新材,3.66,3.66,3.67,3.62,3.62,3.67,3.58,35911120.0,130626923.0,1.105,0.04
600362,江西铜业,45.86,45.86,45.87,44.57,44.86,46.09,44.5,45704978.0,2076863586.0,2.894,1.29
600363,联创光电,18.21,18.2,18.21,18.36,18.18,18.35,17.78,25319059.0,458812241.0,-0.817,-0.15
600365,ST通葡,2.79,2.79,2.8,2.77,2.76,2.81,2.74,2040300.0,5674497.0,0.722,0.02
600366,宁波韵升,11.78,11.78,11.79,11.75,11.65,11.82,11.45,26610279.0,310547765.0,0.255,0.03
600367,红星发展,34.68,34.68,34.69,35.89,34.17,35.79,33.51,47780235.0,1658657540.0,-3.371,-1.21
600368,五洲交通,4.02,4.02,4.03,3.96,4.1,4.15,4.0,42695343.0,172671281.0,1.515,0.06
600369,西南证券,4.0,3.99,4.0,4.01,4.01,4.01,3.97,20852818.0,83202953.0,-0.249,-0.01
600370,*ST三房,1.5,1.49,1.5,1.47,1.45,1.51,1.44,17996700.0,26594999.0,2.041,0.03
600371,万向德农,7.74,0.0,7.74,8.6,8.11,8.14,7.74,29677476.0,231340606.0,-10.0,-0.86
600372,中航机载,10.81,10.81,10.82,10.9,10.88,10.88,10.68,17845031.0,192572186.0,-0.826,-0.09
600373,中文传媒,6.96,6.95,6.96,7.05,7.05,7.07,6.92,7509241.0,52277074.0,-1.277,-0.09
600375,汉马科技,3.9,3.9,3.91,3.94,3.94,3.95,3.85,14591200.0,56670784.0,-1.015,-0.04
600376,首开股份,3.53,3.52,3.53,3.51,3.4,3.59,3.38,84173300.0,292178233.0,0.57,0.02
600377,宁沪高速,11.92,11.92,11.93,12.02,12.03,12.1,11.89,7954502.0,95192980.0,-0.832,-0.1
600378,昊华科技,47.24,47.23,47.24,44.54,44.78,47.55,44.16,55269463.0,2568093993.0,6.062,2.7
600379,宝光股份,15.52,15.51,15.52,14.45,14.39,15.61,14.08,28015972.0,420017309.0,7.405,1.07
600380,健康元,9.88,9.87,9.88,10.37,10.3,10.35,9.84,33196473.0,331016149.0,-4.725,-0.49
600381,*ST春天,4.94,4.92,4.94,4.91,4.8,5.06,4.75,9290900.0,45687784.0,0.611,0.03
600382,广东明珠,6.28,6.28,6.29,6.25,6.21,6.31,6.11,8323451.0,51847008.0,0.48,0.03
600383,金地集团,2.21,2.2,2.21,2.27,2.25,2.26,2.18,99344100.0,218801749.0,-2.643,-0.06
600386,北巴传媒,3.38,3.37,3.38,3.38,3.39,3.4,3.3,7504382.0,25111376.0,0.0,0.0
600388,紫金龙净,17.73,17.72,17.73,17.4,17.59,17.88,17.23,12033797.0,211995997.0,1.897,0.33
600389,江山股份,18.54,18.54,18.55,18.46,18.45,18.55,18.11,6880039.0,126053112.0,0.433,0.08
600390,五矿资本,4.84,4.84,4.85,4.81,4.82,4.87,4.77,21897035.0,105460557.0,0.624,0.03
600391,航发科技,30.71,30.71,30.74,29.69,29.64,31.18,29.15,9231820.0,280951659.0,3.436,1.02
600392,盛和资源,22.73,22.73,22.74,22.28,22.0,22.74,21.82,49942973.0,1120274102.0,2.02,0.45
600395,盘江股份,5.46,5.46,5.47,5.25,5.25,5.47,5.18,57577440.0,310456687.0,4.0,0.21
600396,华电辽能,14.28,14.28,14.29,14.67,14.45,14.65,14.05,128517737.0,1836261026.0,-2.658,-0.39
600397,江钨装备,18.14,18.14,0.0,16.49,16.37,18.14,16.37,102479600.0,1812964039.0,10.006,1.65
600398,海澜之家,5.9,5.9,5.91,6.01,6.01,6.02,5.87,20084075.0,118925670.0,-1.83,-0.11
600399,抚顺特钢,4.33,4.33,4.34,4.25,4.23,4.45,4.15,52051305.0,222940668.0,1.882,0.08
600400,红豆股份,3.13,3.13,3.14,3.04,3.05,3.22,3.04,78056098.0,243262372.0,2.961,0.09
600403,大有能源,6.64,6.64,6.65,7.11,6.89,6.97,6.4,130631473.0,863644267.0,-6.61,-0.47
600405,动力源,4.58,4.57,4.58,4.51,4.59,4.59,4.49,10413060.0,47305137.0,1.552,0.07
600406,国电南瑞,23.17,23.16,23.17,23.07,23.05,23.2,22.93,24899230.0,575021579.0,0.433,0.1
600408,安泰集团,2.87,2.86,2.87,2.81,2.72,2.87,2.7,96098620.0,269382619.0,2.135,0.06
600409,三友化工,6.71,6.7,6.71,6.65,6.65,6.73,6.58,18482668.0,123147079.0,0.902,0.06
600410,华胜天成,13.56,13.55,13.56,13.56,13.42,13.58,13.2,26495038.0,356550814.0,0.0,0.0
600415,小商品城,12.48,12.47,12.48,12.58,12.58,12.68,12.36,72385264.0,903089731.0,-0.795,-0.1
600416,湘电股份,8.4,8.4,8.41,8.42,8.41,8.45,8.31,8973135.0,75282370.0,-0.238,-0.02
600418,江淮汽车,20.84,20.84,20.85,21.12,21.12,21.12,20.28,55977778.0,1156991616.0,-1.326,-0.28
600419,天润乳业,8.75,8.75,8.76,8.89,8.83,8.87,8.62,5196410.0,45317401.0,-1.575,-0.14
600420,国药现代,8.46,8.45,8.46,8.8,8.8,8.8,8.4,16785909.0,143061626.0,-3.864,-0.34
600422,昆药集团,8.54,8.54,8.55,8.81,8.76,8.76,8.46,12705901.0,108527690.0,-3.065,-0.27
600423,*ST柳化,2.81,2.81,2.82,2.81,2.81,2.82,2.76,2835600.0,7904118.0,0.0,0.0
600425,青松建化,3.56,3.56,3.57,3.59,3.58,3.59,3.52,10159565.0,36044309.0,-0.836,-0.03
600426,华鲁恒升,20.77,20.77,20.78,20.86,20.78,20.99,20.44,32548782.0,674688731.0,-0.431,-0.09
600428,中远海特,11.83,11.82,11.83,11.48,11.51,11.9,11.3,42166776.0,494833264.0,3.049,0.35
600429,三元股份,4.5,4.5,4.51,4.6,4.56,4.58,4.44,10194000.0,45746819.0,-2.174,-0.1
600433,冠豪高新,3.29,3.28,3.29,3.3,3.27,3.3,3.22,20916208.0,68284598.0,-0.303,-0.01
600435,北方导航,10.49,10.49,10.5,10.6,10.54,10.54,10.31,20413405.0,212503158.0,-1.038,-0.11
600436,片仔癀,124.1,124.09,124.1,129.65,128.0,128.35,123.46,6005815.0,749738896.0,-4.281,-5.55
600438,通威股份,12.43,12.43,12.44,12.32,12.3,12.63,12.26,45863393.0,571513995.0,0.893,0.11
600439,ST瑞贝卡,1.85,1.85,1.86,1.85,1.84,1.86,1.83,13213000.0,24407635.0,0.0,0.0
600444,国机通用,14.17,14.17,14.19,14.18,13.96,14.3,13.83,4623011.0,65248144.0,-0.071,-0.01
600446,金证股份,10.68,10.67,10.68,10.49,10.44,10.78,10.37,13669548.0,144789886.0,1.811,0.19
600448,华纺股份,2.94,2.94,2.95,2.93,2.91,2.96,2.86,9301603.0,27096790.0,0.341,0.01
600449,宁夏建材,12.3,12.3,12.31,11.96,11.81,12.4,11.72,17733994.0,216185153.0,2.843,0.34
600452,涪陵电力,9.07,9.07,9.08,9.19,9.21,9.21,8.98,20766647.0,188231581.0,-1.306,-0.12
600455,博通股份,24.29,24.25,24.29,24.3,24.13,24.33,23.78,1061200.0,25492329.0,-0.041,-0.01
600456,宝钛股份,27.35,27.34,27.35,26.38,26.3,27.54,26.16,8262566.0,223819621.0,3.677,0.97
600458,时代新材,11.54,11.54,11.55,11.66,11.56,11.67,11.4,16846900.0,194555561.0,-1.029,-0.12
600459,贵研铂业,21.87,21.87,21.88,21.3,21.2,22.26,21.2,35968616.0,784149718.0,2.676,0.57
600460,士兰微,35.89,35.89,0.0,32.63,32.22,35.89,32.22,77100458.0,2699276814.0,9.991,3.26
600461,洪城环境,8.83,8.82,8.83,8.9,8.92,8.92,8.81,5708900.0,50476347.0,-0.787,-0.07
600463,空港股份,8.12,8.1,8.12,8.15,8.1,8.14,7.97,2725200.0,21928113.0,-0.368,-0.03
600467,好当家,2.34,2.33,2.34,2.37,2.36,2.37,2.3,29526440.0,68573093.0,-1.266,-0.03
600468,百利电气,5.89,5.89,5.9,5.87,5.86,5.9,5.75,12428686.0,72667640.0,0.341,0.02
600469,风神股份,5.24,5.23,5.24,5.22,5.2,5.25,5.14,5939275.0,30889653.0,0.383,0.02
600470,六国化工,5.55,5.54,5.55,5.53,5.5,5.57,5.33,27664258.0,151185967.0,0.362,0.02
600475,华光环能,14.98,14.97,14.98,14.9,14.76,15.09,14.41,8949974.0,132541032.0,0.537,0.08
600476,*ST湘邮,9.69,9.69,9.7,9.37,9.31,9.69,9.21,1585392.0,15047064.0,3.415,0.32
600477,杭萧钢构,2.39,2.38,2.39,2.39,2.38,2.4,2.33,19546425.0,46253954.0,0.0,0.0
600478,科力远,4.88,4.87,4.88,4.8,4.8,4.9,4.73,19274761.0,93280820.0,1.667,0.08
600479,千金药业,9.76,9.75,9.76,10.07,10.0,10.02,9.71,8268200.0,81004148.0,-3.078,-0.31
600480,凌云股份,8.33,8.32,8.33,8.34,8.35,8.37,8.23,7514650.0,62483594.0,-0.12,-0.01
600481,双良节能,4.21,4.21,4.22,4.16,4.15,4.34,4.12,41965288.0,177290406.0,1.202,0.05
600482,中国动力,31.93,31.92,31.93,31.31,31.03,32.2,30.9,12606856.0,401161631.0,1.98,0.62
600483,福能股份,10.27,10.26,10.27,10.25,10.25,10.29,10.17,8990245.0,91959331.0,0.195,0.02
600486,扬农化工,54.96,54.95,54.98,55.5,55.39,55.39,54.38,2757604.0,151473111.0,-0.973,-0.54
600487,亨通光电,62.18,62.18,62.19,62.02,60.89,63.3,59.48,166256614.0,10263631641.0,0.258,0.16
600488,津药药业,5.51,5.5,5.51,5.91,5.76,5.76,5.45,86632001.0,480338184.0,-6.768,-0.4
600489,中金黄金,27.18,27.18,27.19,26.37,26.79,27.3,26.47,121692430.0,3284121962.0,3.072,0.81
600490,鹏欣资源,7.37,7.36,7.37,7.25,7.35,7.39,7.22,55899341.0,408797014.0,1.655,0.12
600491,ST龙元,1.81,1.81,1.82,1.71,1.67,1.85,1.67,147469031.0,262400863.0,5.848,0.1
600493,凤竹纺织,6.08,6.06,6.08,6.04,6.06,6.1,5.93,5516400.0,33181579.0,0.662,0.04
600495,晋西车轴,4.05,4.04,4.05,4.13,4.09,4.14,4.01,10365775.0,41920798.0,-1.937,-0.08
600496,精工钢构,3.34,3.34,3.35,3.38,3.34,3.37,3.28,28227508.0,93758013.0,-1.183,-0.04
600497,驰宏锌锗,10.12,10.11,10.12,9.75,9.8,10.12,9.75,142834127.0,1429076132.0,3.795,0.37
600498,烽火通信,40.7,40.7,40.71,38.5,38.0,42.0,37.95,106594159.0,4326127670.0,5.714,2.2
600499,科达制造,14.22,14.22,14.23,13.83,13.84,14.29,13.72,25221450.0,355842298.0,2.82,0.39
600500,中化国际,5.51,5.5,5.51,5.09,5.07,5.6,4.99,272479018.0,1475695573.0,8.251,0.42
600501,航天晨光,14.18,14.18,14.19,13.91,14.0,14.25,13.85,5257567.0,74220072.0,1.941,0.27
600502,安徽建工,4.42,4.42,4.43,4.47,4.47,4.48,4.4,20516435.0,90655638.0,-1.119,-0.05
600503,华丽家族,2.13,2.13,2.14,2.18,2.18,2.18,2.1,23739662.0,50577302.0,-2.294,-0.05
600505,西昌电力,10.43,10.42,10.43,10.44,10.33,10.45,10.25,4017159.0,41657095.0,-0.096,-0.01
600506,统一股份,14.82,14.82,14.83,14.61,14.53,14.95,14.41,4423335.0,64902928.0,1.437,0.21
600507,方大特钢,4.17,4.17,4.18,4.2,4.22,4.22,4.16,11730014.0,48972966.0,-0.714,-0.03
600508,上海能源,8.98,8.97,8.98,8.8,8.78,9.0,8.7,13221592.0,117991560.0,2.045,0.18
600509,天富能源,7.29,7.29,7.3,7.25,7.25,7.32,7.18,16159139.0,117401472.0,0.552,0.04
600510,黑牡丹,6.85,6.85,6.86,6.51,6.51,7.0,6.34,14464700.0,97264383.0,5.223,0.34
600511,国药股份,26.4,26.4,26.43,26.84,26.73,26.73,26.23,5195106.0,137127361.0,-1.639,-0.44
600512,腾达建设,2.02,2.02,2.03,2.04,2.03,2.04,1.99,18853828.0,37926383.0,-0.98,-0.02
600513,联环药业,16.64,16.64,16.65,17.45,17.26,17.27,16.26,16682664.0,277457933.0,-4.642,-0.81
600515,海南机场,2.81,2.81,2.82,2.86,2.84,2.85,2.8,61254135.0,172611650.0,-1.748,-0.05
600516,方大炭素,5.08,5.08,5.09,5.08,5.08,5.09,4.99,28687524.0,144743172.0,0.0,0.0
600517,国网英大,4.85,4.85,4.86,4.92,4.92,4.92,4.85,12970750.0,63180025.0,-1.423,-0.07
600518,康美药业,1.36,1.35,1.36,1.39,1.38,1.39,1.35,150346789.0,204324878.0,-2.158,-0.03
600519,贵州茅台,1272.83,1272.83,1272.9,1291.5,1291.5,1291.5,1272.01,3347231.0,4278311022.0,-1.446,-18.67
600520,三佳科技,24.68,24.67,24.68,24.55,24.54,24.95,23.88,4593600.0,112914331.0,0.53,0.13
600521,华海药业,16.62,16.62,16.63,17.37,17.06,17.1,16.48,50559380.0,845585091.0,-4.318,-0.75
600522,中天科技,33.43,33.42,33.43,32.84,32.4,33.8,32.02,154790475.0,5131414273.0,1.797,0.59
600523,贵航股份,11.82,11.82,11.83,11.6,11.5,11.86,11.39,5560500.0,64984505.0,1.897,0.22
600525,ST长园,5.77,5.77,5.78,5.57,5.54,5.79,5.46,17512093.0,98620451.0,3.591,0.2
600526,菲达环保,4.61,4.61,4.62,4.59,4.56,4.64,4.51,12420802.0,56878068.0,0.436,0.02
600527,江南高纤,2.15,2.14,2.15,2.13,2.12,2.15,2.09,31171610.0,66188009.0,0.939,0.02
600528,中铁工业,6.94,6.94,6.95,7.01,7.03,7.03,6.91,8221440.0,57051405.0,-0.999,-0.07
600529,山东药玻,18.74,18.74,18.75,19.19,19.1,19.12,18.64,12846500.0,242173672.0,-2.345,-0.45
600530,ST交昂,3.7,3.7,3.71,3.7,3.71,3.72,3.67,3950988.0,14596760.0,0.0,0.0
600531,豫光金铅,13.9,13.9,13.91,13.09,13.23,13.97,13.03,90653210.0,1237244607.0,6.188,0.81
600533,栖霞建设,2.18,2.18,2.19,2.17,2.17,2.2,2.1,12374733.0,26626952.0,0.461,0.01
600535,天士力,14.97,14.96,14.97,15.47,15.36,15.48,14.94,20310094.0,306572585.0,-3.232,-0.5
600536,中国软件,33.9,33.9,33.91,35.95,35.1,35.2,33.65,45617666.0,1553022909.0,-5.702,-2.05
600537,*ST亿晶,2.13,2.12,2.13,2.11,2.1,2.14,2.07,15067682.0,31896945.0,0.948,0.02
600538,国发股份,5.21,5.21,5.22,5.28,5.23,5.24,5.15,8989500.0,46687875.0,-1.326,-0.07
600539,狮头股份,15.11,15.11,15.13,15.36,15.36,15.65,14.05,30107301.0,449958855.0,-1.628,-0.25
600540,新赛股份,3.95,3.95,3.96,4.07,4.03,4.07,3.92,30217570.0,119834610.0,-2.948,-0.12
600543,*ST莫高,4.04,4.01,4.04,4.01,4.0,4.05,3.95,1282900.0,5125522.0,0.748,0.03
600545,卓郎智能,4.25,4.25,4.26,4.15,4.16,4.27,4.03,60458898.0,253738612.0,2.41,0.1
600546,山煤国际,13.21,13.2,13.21,13.08,13.0,13.36,12.82,21836511.0,287784468.0,0.994,0.13
600547,XD山东黄,37.05,37.05,37.06,35.3,35.85,37.2,34.8,149358676.0,5440377565.0,4.958,1.75
600548,深高速,8.18,8.18,8.19,8.28,8.28,8.31,8.17,2499700.0,20534147.0,-1.208,-0.1
600549,厦门钨业,55.58,55.58,55.59,53.29,53.82,56.19,53.29,59876365.0,3300039130.0,4.297,2.29
600550,保变电气,11.03,11.03,11.04,10.97,10.91,11.07,10.85,15619902.0,171790567.0,0.547,0.06
600551,时代出版,6.86,6.86,6.87,6.98,6.94,6.95,6.77,5161527.0,35318965.0,-1.719,-0.12
600552,凯盛科技,18.08,18.07,18.08,18.05,17.91,18.24,17.43,48135129.0,862957085.0,0.166,0.03
600556,天下秀,4.58,4.57,4.58,4.61,4.57,4.6,4.49,25937746.0,117972649.0,-0.651,-0.03
600557,康缘药业,12.06,12.06,12.07,12.82,12.7,12.71,12.04,16127063.0,197222491.0,-5.928,-0.76
600558,大西洋,4.78,4.77,4.78,4.72,4.7,4.78,4.65,11824416.0,55757583.0,1.271,0.06
600559,老白干酒,11.4,11.4,11.41,11.62,11.61,11.61,11.36,8736383.0,99893140.0,-1.893,-0.22
600560,金自天正,11.11,11.1,11.11,11.1,10.97,11.14,10.88,1581654.0,17410710.0,0.09,0.01
600561,江西长运,5.72,5.72,5.73,5.72,5.67,5.74,5.56,3459178.0,19517048.0,0.0,0.0
600562,国睿科技,26.01,26.0,26.01,26.07,25.88,26.5,25.27,8523813.0,219916537.0,-0.23,-0.06
600563,法拉电子,133.07,133.07,133.1,128.52,127.94,134.55,127.67,4694931.0,619670161.0,3.54,4.55
600566,济川药业,24.39,24.38,24.39,25.11,25.09,25.19,24.37,7541381.0,186035738.0,-2.867,-0.72
600567,山鹰国际,1.33,1.33,1.34,1.33,1.33,1.34,1.32,25841681.0,34335814.0,0.0,0.0
600568,ST中珠,2.21,2.21,2.22,2.21,2.21,2.22,2.19,3557500.0,7834352.0,0.0,0.0
600569,安阳钢铁,1.75,1.74,1.75,1.74,1.74,1.75,1.72,11963635.0,20751492.0,0.575,0.01
600570,恒生电子,21.31,21.31,21.32,21.25,21.07,21.45,21.01,17574599.0,372812681.0,0.282,0.06
600571,信雅达,10.35,10.34,10.35,10.22,10.14,10.37,10.07,6950024.0,71130016.0,1.272,0.13
600572,康恩贝,4.32,4.32,4.33,4.51,4.45,4.46,4.29,103518394.0,450149806.0,-4.213,-0.19
600573,惠泉啤酒,9.74,9.74,9.75,9.92,9.89,9.95,9.57,6466000.0,62582781.0,-1.815,-0.18
600575,淮河能源,3.28,3.28,3.29,3.32,3.31,3.32,3.27,28861214.0,94815670.0,-1.205,-0.04
600576,祥源文旅,5.45,5.44,5.45,5.44,5.38,5.47,5.34,4229355.0,22831577.0,0.184,0.01
600577,精达股份,8.66,8.66,0.0,7.87,7.82,8.66,7.73,121986510.0,1025608078.0,10.038,0.79
600578,京能电力,5.53,5.53,5.54,5.62,5.58,5.58,5.47,59410920.0,327682252.0,-1.601,-0.09
600579,中化装备,6.96,6.96,6.97,7.02,6.93,7.02,6.86,3526079.0,24451413.0,-0.855,-0.06
600580,卧龙电驱,30.92,30.92,30.93,31.0,30.38,31.48,30.38,41781309.0,1292227634.0,-0.258,-0.08
600581,*ST八钢,2.26,2.25,2.26,2.26,2.25,2.26,2.23,5720000.0,12815213.0,0.0,0.0
600582,天地科技,4.77,4.77,4.78,4.85,4.85,4.86,4.76,43563296.0,208971718.0,-1.649,-0.08
600583,海油工程,6.12,6.11,6.12,6.1,6.17,6.19,6.08,47421996.0,291004030.0,0.328,0.02
600584,长电科技,78.57,78.57,78.58,79.48,78.29,80.5,77.51,97015960.0,7646217741.0,-1.145,-0.91
600585,海螺水泥,17.41,17.41,17.42,17.61,17.52,17.53,17.38,16530735.0,288085668.0,-1.136,-0.2
600586,金晶科技,4.27,4.26,4.27,4.14,4.14,4.28,4.1,20728125.0,87419614.0,3.14,0.13
600587,新华医疗,12.41,12.41,12.42,12.79,12.7,12.74,12.32,8779217.0,109421347.0,-2.971,-0.38
600588,用友网络,10.75,10.75,10.76,10.88,10.76,10.86,10.65,36233545.0,389497194.0,-1.195,-0.13
600589,大位科技,7.68,7.67,7.68,7.69,7.62,7.73,7.47,37069499.0,282560495.0,-0.13,-0.01
600590,泰豪科技,8.29,8.29,8.3,8.18,8.1,8.33,8.01,18663237.0,153192506.0,1.345,0.11
600592,龙溪股份,13.93,13.93,13.95,13.81,13.74,14.01,13.62,4297697.0,59487757.0,0.869,0.12
600593,大连圣亚,40.11,40.11,40.12,40.06,40.0,40.5,39.46,2909341.0,116330131.0,0.125,0.05
600594,益佰制药,3.72,3.72,3.73,3.88,3.83,3.88,3.66,35855619.0,133683440.0,-4.124,-0.16
600595,中孚实业,6.19,6.18,6.19,5.98,6.03,6.21,5.94,88230417.0,539088411.0,3.512,0.21
600596,新安股份,10.62,10.62,10.63,10.53,10.53,10.68,10.41,21499990.0,227420482.0,0.855,0.09
600597,光明乳业,6.62,6.62,6.63,6.77,6.77,6.77,6.57,9370340.0,62072437.0,-2.216,-0.15
600598,北大荒,12.52,12.52,12.53,13.31,13.15,13.18,12.44,64493037.0,814911804.0,-5.935,-0.79
600600,青岛啤酒,50.82,50.82,50.83,51.44,51.45,51.52,50.64,4629694.0,235391603.0,-1.205,-0.62
600601,方正科技,12.46,12.45,12.46,12.32,12.25,12.68,12.01,144133187.0,1789444728.0,1.136,0.14
600602,云赛智联,18.3,18.29,18.3,18.97,18.62,18.7,18.08,32374630.0,593198801.0,-3.532,-0.67
600603,广汇物流,4.61,4.61,4.62,4.68,4.63,4.72,4.58,12623590.0,58496424.0,-1.496,-0.07
600604,市北高新,4.49,4.48,4.49,4.56,4.51,4.55,4.41,16174100.0,72277524.0,-1.535,-0.07
600605,汇通能源,24.55,24.54,24.55,24.49,24.24,24.69,23.83,2089568.0,50821830.0,0.245,0.06
600606,绿地控股,1.27,1.26,1.27,1.28,1.27,1.28,1.25,75571202.0,95408235.0,-0.781,-0.01
600609,金杯汽车,3.21,3.21,3.23,3.24,3.22,3.23,3.16,15817866.0,50606495.0,-0.926,-0.03
600610,中毅达,7.87,7.87,7.88,8.02,7.64,8.2,7.23,84092447.0,638592446.0,-1.87,-0.15
600611,大众交通,4.43,4.43,4.44,4.46,4.42,4.45,4.26,55713069.0,243468701.0,-0.673,-0.03
600612,老凤祥,35.05,35.03,35.05,34.96,35.14,35.27,34.68,1394500.0,48720613.0,0.257,0.09
600613,神奇制药,9.0,8.99,9.0,8.56,7.7,9.19,7.7,176322147.0,1501931621.0,5.14,0.44
600615,鑫源智造,9.37,9.36,9.37,9.31,9.3,9.44,9.13,1714280.0,15951359.0,0.644,0.06
600616,金枫酒业,4.23,4.23,4.24,4.31,4.3,4.31,4.17,6328792.0,26675455.0,-1.856,-0.08
600617,国新能源,3.36,3.36,3.37,3.35,3.36,3.39,3.31,22928843.0,76881169.0,0.299,0.01
600618,氯碱化工,10.11,10.1,10.11,10.11,10.11,10.18,9.96,4731633.0,47622766.0,0.0,0.0
600619,海立股份,13.89,13.88,13.89,13.79,13.83,13.96,13.6,10540419.0,145670064.0,0.725,0.1
600620,天宸股份,4.37,4.37,4.38,4.41,4.35,4.44,4.28,5147571.0,22390199.0,-0.907,-0.04
600621,华鑫股份,12.75,12.75,12.76,12.78,12.73,12.78,12.63,4715802.0,59893936.0,-0.235,-0.03
600622,光大嘉宝,2.26,2.26,2.27,2.26,2.25,2.29,2.18,24431444.0,54573140.0,0.0,0.0
600623,华谊集团,8.17,8.17,8.18,8.21,8.2,8.31,8.13,12310156.0,100986699.0,-0.487,-0.04
600624,ST复华,4.06,4.05,4.06,4.18,4.17,4.17,4.06,3774801.0,15487225.0,-2.871,-0.12
600626,申达股份,3.52,3.52,3.53,3.55,3.54,3.55,3.48,8192257.0,28783112.0,-0.845,-0.03
600628,新世界,6.12,6.11,6.12,6.24,6.2,6.23,6.05,7880748.0,48098421.0,-1.923,-0.12
600629,华建集团,16.6,16.59,16.6,16.55,16.55,16.77,15.91,26053338.0,424327227.0,0.302,0.05
600630,龙头股份,6.66,6.65,6.66,6.65,6.6,6.67,6.51,6636236.0,43823308.0,0.15,0.01
600633,浙数文化,10.16,10.16,10.17,10.21,10.18,10.2,10.07,9820400.0,99565113.0,-0.49,-0.05
600635,大众公用,4.49,4.49,4.5,4.49,4.49,4.53,4.45,22329528.0,100385048.0,0.0,0.0
600637,东方明珠,7.98,7.97,7.98,7.97,7.94,7.99,7.83,19447792.0,154100020.0,0.125,0.01
600638,新黄浦,4.88,4.88,4.89,4.97,4.93,4.94,4.77,13869285.0,67195966.0,-1.811,-0.09
600639,浦东金桥,9.34,9.34,9.35,9.56,9.51,9.51,9.29,5952175.0,55609878.0,-2.301,-0.22
600640,国脉文化,10.63,10.63,10.65,10.6,10.55,10.66,10.42,4315605.0,45477062.0,0.283,0.03
600641,先导基电,32.55,32.55,32.56,32.84,32.84,33.96,32.1,54328008.0,1789950500.0,-0.883,-0.29
600642,申能股份,8.34,8.34,8.35,8.49,8.5,8.5,8.33,18774098.0,157688695.0,-1.767,-0.15
600643,爱建集团,3.93,3.92,3.93,3.92,3.93,3.96,3.86,11434265.0,44687805.0,0.255,0.01
600644,乐山电力,8.69,8.69,8.7,8.87,8.84,8.84,8.63,12953186.0,112687333.0,-2.029,-0.18
600645,中源协和,20.03,20.03,20.04,21.08,20.5,20.5,19.71,19622475.0,393671684.0,-4.981,-1.05
600648,外高桥,8.99,8.98,8.99,9.09,9.01,9.06,8.9,2436497.0,21807127.0,-1.1,-0.1
600649,城投控股,3.88,3.88,3.89,4.16,3.98,4.12,3.8,91606241.0,358708853.0,-6.731,-0.28
600650,锦江在线,10.34,10.33,10.34,10.36,10.3,10.36,10.15,1678400.0,17229499.0,-0.193,-0.02
600651,飞乐音响,5.7,5.7,5.71,5.69,5.67,5.73,5.62,10988167.0,62442299.0,0.176,0.01
600653,申华控股,1.67,1.67,1.68,1.66,1.66,1.68,1.64,19322756.0,32069816.0,0.602,0.01
600654,中安科,2.85,2.85,2.86,2.85,2.84,2.86,2.79,30902699.0,87431615.0,0.0,0.0
600655,豫园股份,4.5,4.5,4.51,4.61,4.61,4.62,4.48,16999483.0,76874822.0,-2.386,-0.11
600657,信达地产,2.59,2.59,2.6,2.68,2.64,2.65,2.5,42124342.0,107930308.0,-3.358,-0.09
600658,电子城,4.0,4.0,4.01,4.01,3.97,4.01,3.86,10496551.0,41343943.0,-0.249,-0.01
600660,福耀玻璃,56.76,56.76,56.77,57.82,57.82,58.52,56.69,7655998.0,438226014.0,-1.833,-1.06
600661,昂立教育,8.52,8.52,8.53,8.79,8.71,8.71,8.49,6197646.0,53005937.0,-3.072,-0.27
600662,外服控股,4.11,4.1,4.11,4.28,4.25,4.26,4.01,25061330.0,102577820.0,-3.972,-0.17
600663,陆家嘴,9.37,9.37,9.38,9.55,9.5,9.5,9.33,14392827.0,135203670.0,-1.885,-0.18
600664,哈药股份,8.17,8.17,8.18,9.08,8.17,8.55,8.17,448660775.0,3679904452.0,-10.022,-0.91
600665,天地源,3.44,3.44,3.45,3.44,3.43,3.45,3.33,9907890.0,33580167.0,0.0,0.0
600666,奥瑞德,3.48,3.48,3.49,3.51,3.48,3.52,3.38,76403247.0,264439337.0,-0.855,-0.03
600667,太极实业,21.44,21.43,21.44,21.21,21.11,21.95,20.8,194789990.0,4181014946.0,1.084,0.23
600668,尖峰集团,7.33,7.32,7.33,7.48,7.41,7.46,7.23,4979072.0,36378976.0,-2.005,-0.15
600671,天目药业,20.51,20.51,20.52,21.05,20.91,21.03,20.24,1882201.0,38531543.0,-2.565,-0.54
600673,东阳光,33.74,33.74,33.75,33.68,33.63,33.9,32.98,21399369.0,717673978.0,0.178,0.06
600674,川投能源,15.25,15.25,15.26,15.5,15.5,15.56,15.25,15863347.0,243724148.0,-1.613,-0.25
600675,中华企业,2.21,2.21,2.22,2.3,2.28,2.29,2.18,54473895.0,120138337.0,-3.913,-0.09
600676,久事动娱,6.6,6.59,6.6,6.59,6.54,6.62,6.46,5389900.0,35318975.0,0.152,0.01
600678,ST金顶,5.46,5.46,5.47,5.36,5.35,5.51,5.23,6331700.0,34268318.0,1.866,0.1
600679,上海凤凰,9.39,9.39,9.4,9.49,9.5,9.5,9.3,1747400.0,16357334.0,-1.054,-0.1
600681,百川能源,3.42,3.41,3.42,3.43,3.42,3.45,3.39,13508977.0,46139802.0,-0.292,-0.01
600682,南京新百,5.66,5.66,5.67,5.92,5.86,5.89,5.62,23272302.0,132602751.0,-4.392,-0.26
600683,京投发展,10.01,10.01,10.02,10.65,10.32,10.6,9.9,51865895.0,523768261.0,-6.009,-0.64
600684,珠江股份,3.46,3.46,3.47,3.5,3.47,3.49,3.36,14634569.0,50018141.0,-1.143,-0.04
600685,中船防务,25.59,25.58,25.59,25.29,25.17,25.66,25.06,6008860.0,152707381.0,1.186,0.3
600686,金龙汽车,11.03,11.02,11.03,11.11,11.09,11.12,10.9,9039300.0,99335383.0,-0.72,-0.08
600688,上海石化,2.83,2.83,2.84,2.81,2.81,2.84,2.78,57842962.0,163087817.0,0.712,0.02
600689,上海三毛,10.79,10.78,10.79,10.72,10.69,10.84,10.51,2668800.0,28450702.0,0.653,0.07
600690,XD海尔智,20.86,20.86,20.87,20.9,20.92,21.16,20.74,39463127.0,826106868.0,-0.191,-0.04
600691,潞化科技,2.56,2.55,2.56,2.51,2.52,2.58,2.47,38328565.0,96665707.0,1.992,0.05
600692,亚通股份,6.3,6.29,6.3,6.49,6.49,6.49,6.21,11767700.0,74340657.0,-2.928,-0.19
600693,东百集团,8.95,8.94,8.95,8.95,8.91,8.99,8.67,33793145.0,298098131.0,0.0,0.0
600694,大商股份,14.36,14.36,14.37,14.55,14.48,14.54,14.3,3480271.0,50040331.0,-1.306,-0.19
600697,欧亚集团,10.68,10.68,10.73,10.76,10.72,10.78,10.47,2592500.0,27490616.0,-0.743,-0.08
600698,湖南天雁,6.58,6.57,6.58,6.64,6.64,6.64,6.38,10705700.0,69599421.0,-0.904,-0.06
600699,均胜电子,19.42,19.41,19.42,19.31,19.21,19.42,19.01,13209491.0,254738513.0,0.57,0.11
600702,舍得酒业,34.92,34.91,34.92,35.28,35.23,35.24,34.56,4092000.0,142420490.0,-1.02,-0.36
600703,三安光电,13.79,13.79,13.8,13.75,13.58,13.95,13.4,110000948.0,1513699531.0,0.291,0.04
600704,物产中大,4.85,4.84,4.85,4.89,4.89,4.9,4.83,32682328.0,158488616.0,-0.818,-0.04
600706,曲江文旅,7.88,7.88,7.9,7.94,7.87,7.93,7.74,4586805.0,35884138.0,-0.756,-0.06
600707,彩虹股份,9.76,9.76,9.77,9.79,9.61,10.05,9.5,122056321.0,1191940185.0,-0.306,-0.03
600708,光明地产,3.04,3.04,3.05,3.08,3.04,3.08,2.96,14955785.0,45211760.0,-1.299,-0.04
600710,苏美达,10.16,10.16,10.17,10.21,10.22,10.24,10.05,6876745.0,69659546.0,-0.49,-0.05
600711,盛屯矿业,12.1,12.1,12.11,11.64,11.6,12.13,11.6,128337739.0,1525455537.0,3.952,0.46
600712,南宁百货,5.23,5.23,5.24,5.37,5.37,5.42,5.16,10255972.0,53660518.0,-2.607,-0.14
600713,南京医药,5.2,5.19,5.2,5.37,5.29,5.29,5.15,20216853.0,105238716.0,-3.166,-0.17
600714,金瑞矿业,15.63,15.63,15.64,14.75,14.82,16.23,14.71,27810100.0,432524128.0,5.966,0.88
600715,文投控股,1.57,1.56,1.57,1.57,1.55,1.57,1.53,17459788.0,27105526.0,0.0,0.0
600716,凤凰股份,3.53,3.53,3.54,3.56,3.56,3.56,3.47,4969700.0,17431690.0,-0.843,-0.03
600717,天津港,4.23,4.23,4.24,4.27,4.28,4.28,4.2,16750653.0,70814677.0,-0.937,-0.04
600718,东软集团,8.07,8.07,8.08,8.13,8.11,8.16,8.02,5678015.0,45853489.0,-0.738,-0.06
600719,大连热电,7.04,7.04,7.05,7.05,6.9,7.1,6.9,7050300.0,49346187.0,-0.142,-0.01
600720,中交设计,5.09,5.09,5.1,5.23,5.22,5.23,5.05,11154450.0,56860391.0,-2.677,-0.14
600721,百花医药,13.25,13.25,13.26,13.66,12.89,13.6,12.29,109011101.0,1409860145.0,-3.001,-0.41
600722,金牛化工,14.15,14.14,14.15,13.24,12.81,14.49,12.6,148848068.0,2008878058.0,6.873,0.91
600724,宁波富达,5.03,5.03,5.04,5.07,5.01,5.07,4.92,5969251.0,29740052.0,-0.789,-0.04
600725,云维股份,3.17,3.17,3.18,3.16,3.14,3.19,3.1,13836740.0,43663342.0,0.316,0.01
600726,华电能源,5.58,5.57,5.58,5.65,5.6,5.62,5.51,73742732.0,411004636.0,-1.239,-0.07
600727,鲁北化工,7.43,7.42,7.43,7.37,7.35,7.44,7.21,11574600.0,84981479.0,0.814,0.06
600728,佳都科技,4.58,4.58,4.59,4.58,4.55,4.59,4.5,23334900.0,106224279.0,0.0,0.0
600729,重百集团,19.03,19.03,19.04,19.45,19.53,19.53,19.01,2682600.0,51252156.0,-2.159,-0.42
600730,*ST高科,10.33,10.31,10.33,10.21,10.09,10.36,9.83,10512220.0,105944190.0,1.175,0.12
600731,湖南海利,5.85,5.83,5.85,5.92,5.91,5.91,5.75,5868730.0,34111007.0,-1.182,-0.07
600732,爱旭股份,11.82,11.82,11.83,11.76,11.76,12.0,11.62,17058959.0,201384000.0,0.51,0.06
600733,北汽蓝谷,5.06,5.05,5.06,5.21,5.15,5.15,4.91,79722300.0,400513820.0,-2.879,-0.15
600734,*ST实达,1.66,1.65,1.66,1.63,1.63,1.67,1.62,26662059.0,44034236.0,1.84,0.03
600735,ST新华锦,6.05,6.04,6.05,5.95,5.92,6.05,5.92,2653400.0,15906847.0,1.681,0.1
600736,苏州高新,6.67,6.67,6.68,6.76,6.72,6.72,6.53,17621034.0,116937854.0,-1.331,-0.09
600737,中粮糖业,14.56,14.55,14.56,15.85,15.41,15.5,14.43,102973376.0,1517422100.0,-8.139,-1.29
600738,丽尚国潮,4.0,4.0,4.01,4.09,4.07,4.08,3.96,17452466.0,69921338.0,-2.2,-0.09
600739,辽宁成大,10.66,10.66,10.68,10.96,10.92,10.93,10.6,23755396.0,254012959.0,-2.737,-0.3
600740,山西焦化,3.61,3.6,3.61,3.58,3.56,3.64,3.51,49093797.0,175725745.0,0.838,0.03
600741,华域汽车,15.26,15.26,15.27,15.45,15.46,15.46,15.2,10152285.0,155131474.0,-1.23,-0.19
600742,富维股份,7.55,7.55,7.56,7.57,7.57,7.58,7.48,2843297.0,21432845.0,-0.264,-0.02
600743,华远控股,2.23,2.22,2.23,2.26,2.25,2.26,2.19,21004800.0,46415477.0,-1.327,-0.03
600744,华银电力,6.39,6.39,6.4,6.39,6.38,6.42,6.27,51110601.0,325019701.0,0.0,0.0
600745,*ST闻泰,16.67,16.67,16.68,16.52,16.42,16.87,16.33,20570056.0,342080007.0,0.908,0.15
600746,江苏索普,6.59,6.59,6.6,6.57,6.51,6.6,6.45,8914356.0,58238272.0,0.304,0.02
600748,上实发展,3.88,3.87,3.88,3.88,3.84,3.89,3.73,12655883.0,48242894.0,0.0,0.0
600749,西藏旅游,13.71,13.71,13.72,13.75,13.61,13.74,13.42,3952495.0,53803872.0,-0.291,-0.04
600750,华润江中,24.62,24.62,24.63,24.2,24.29,24.64,23.8,6634102.0,160994442.0,1.736,0.42
600751,海航科技,3.16,3.15,3.16,3.17,3.18,3.18,3.14,17308100.0,54726590.0,-0.315,-0.01
600753,ST海钦,10.0,10.0,10.01,9.86,9.76,10.14,9.7,1008900.0,9993890.0,1.42,0.14
600754,锦江酒店,18.98,18.97,18.98,19.24,19.17,19.17,18.88,8264802.0,157024365.0,-1.351,-0.26
600755,厦门国贸,5.65,5.65,5.66,5.68,5.67,5.68,5.61,7183800.0,40494844.0,-0.528,-0.03
600756,浪潮软件,14.23,14.22,14.23,14.42,14.25,14.3,13.86,11799122.0,166290455.0,-1.318,-0.19
600757,长江传媒,7.54,7.54,7.56,7.71,7.7,7.72,7.53,7193400.0,54561352.0,-2.205,-0.17
600758,辽宁能源,3.34,3.33,3.34,3.35,3.31,3.48,3.16,77764900.0,256951592.0,-0.299,-0.01
600759,ST洲际,2.58,2.57,2.58,2.51,2.51,2.62,2.49,138285964.0,355244177.0,2.789,0.07
600760,中航沈飞,44.05,44.05,44.06,43.5,43.5,44.46,43.28,12668995.0,558912464.0,1.264,0.55
600761,安徽合力,16.51,16.51,16.52,16.55,16.56,16.61,16.36,5841643.0,96382373.0,-0.242,-0.04
600763,通策医疗,35.37,35.37,35.38,36.54,36.1,36.12,35.05,11556007.0,409592906.0,-3.202,-1.17
600764,中国海防,17.4,17.39,17.4,17.4,17.35,17.44,17.16,2692273.0,46674880.0,0.0,0.0
600765,中航重机,13.1,13.1,13.11,13.09,13.04,13.14,12.9,7780603.0,101481218.0,0.076,0.01
600768,富邦新材,15.21,15.21,15.22,14.95,14.83,15.27,14.61,4072700.0,61171811.0,1.739,0.26
600769,祥龙电业,15.35,15.34,15.35,15.18,15.19,15.74,14.94,7093600.0,108887620.0,1.12,0.17
600770,综艺股份,5.07,5.06,5.07,5.03,5.04,5.08,4.96,14803000.0,74521974.0,0.795,0.04
600771,广誉远,13.44,13.44,13.45,13.92,13.81,13.83,13.42,10007901.0,135339835.0,-3.448,-0.48
600773,西藏城投,11.2,11.19,11.2,10.67,10.66,11.35,10.57,28548256.0,313378986.0,4.967,0.53
600774,汉商集团,7.32,7.32,7.33,7.39,7.32,7.36,7.13,4658300.0,33698432.0,-0.947,-0.07
600775,南京熊猫,9.39,9.39,9.4,9.46,9.37,9.42,9.22,8198773.0,76678132.0,-0.74,-0.07
600776,东方通信,12.54,12.53,12.54,12.38,12.33,12.62,12.28,8906262.0,111371215.0,1.292,0.16
600777,新潮能源,4.11,4.11,4.12,4.1,4.12,4.19,4.09,22778360.0,94502176.0,0.244,0.01
600778,友好集团,5.55,5.55,5.56,5.56,5.56,5.59,5.41,5270800.0,28936371.0,-0.18,-0.01
600779,水井坊,26.88,26.88,26.89,27.18,27.02,27.18,26.75,1514300.0,40672337.0,-1.104,-0.3
600780,通宝能源,5.79,5.79,5.8,5.82,5.8,5.81,5.75,6327989.0,36613724.0,-0.515,-0.03
600782,新钢股份,2.73,2.72,2.73,2.72,2.71,2.73,2.68,32138800.0,87019921.0,0.368,0.01
600783,鲁信创投,17.1,17.1,17.11,18.62,18.37,18.51,16.99,32331501.0,563918054.0,-8.163,-1.52
600784,鲁银投资,7.78,7.78,7.79,7.86,7.84,7.92,7.73,7887920.0,61714263.0,-1.018,-0.08
600785,新华百货,9.74,9.74,0.0,8.85,9.74,9.74,9.74,5098904.0,49663325.0,10.056,0.89
600787,中储股份,4.51,4.51,4.52,4.57,4.58,4.58,4.48,13870377.0,62548495.0,-1.313,-0.06
600789,鲁抗医药,7.33,7.33,7.34,7.69,7.59,7.6,7.27,45745775.0,337727519.0,-4.681,-0.36
600790,轻纺城,3.33,3.32,3.33,3.38,3.36,3.37,3.28,11335003.0,37514591.0,-1.479,-0.05
600791,京能置业,7.48,7.47,7.48,7.4,7.35,7.59,7.13,10607600.0,78437776.0,1.081,0.08
600792,云煤能源,3.66,3.66,3.67,3.6,3.59,3.68,3.51,26857450.0,97224832.0,1.667,0.06
600793,宜宾纸业,14.21,14.2,14.21,14.33,14.37,14.4,13.81,5102006.0,71638733.0,-0.837,-0.12
600794,保税科技,3.15,3.15,3.16,3.19,3.18,3.18,3.09,15498044.0,48585766.0,-1.254,-0.04
600795,国电电力,5.11,5.11,5.12,5.16,5.17,5.18,5.1,119939052.0,617826073.0,-0.969,-0.05
600796,钱江生化,5.08,5.07,5.08,5.14,5.13,5.13,4.98,5592588.0,28225520.0,-1.167,-0.06
600797,浙大网新,6.76,6.76,6.77,6.81,6.7,6.79,6.61,12562614.0,84290441.0,-0.734,-0.05
600798,宁波海运,3.34,3.34,3.35,3.29,3.29,3.36,3.25,30959701.0,102289085.0,1.52,0.05
600800,渤海化学,3.37,3.37,3.38,3.3,3.3,3.38,3.28,27478743.0,91598974.0,2.121,0.07
600801,华新建材,23.18,23.16,23.18,22.77,22.72,23.22,22.32,9803323.0,224449129.0,1.801,0.41
600802,福建水泥,4.6,4.6,4.62,4.59,4.59,4.65,4.49,5677680.0,25944550.0,0.218,0.01
600803,新奥股份,17.51,17.51,17.52,17.62,17.6,17.92,17.45,6563348.0,115380022.0,-0.624,-0.11
600805,悦达投资,4.47,4.46,4.47,4.42,4.41,4.47,4.38,8294370.0,36767931.0,1.131,0.05
600807,济高发展,2.62,2.61,2.62,2.6,2.58,2.64,2.54,13613289.0,35276726.0,0.769,0.02
600808,马钢股份,2.51,2.5,2.51,2.51,2.49,2.52,2.45,38454647.0,95556694.0,0.0,0.0
600809,山西汾酒,116.55,116.55,116.56,118.5,118.5,118.5,116.01,4519369.0,527450148.0,-1.646,-1.95
600810,神马股份,6.26,6.26,6.27,6.2,6.19,6.28,6.1,6530650.0,40439793.0,0.968,0.06
600812,华北制药,4.91,4.91,4.92,5.14,5.08,5.08,4.86,30827784.0,152261619.0,-4.475,-0.23
600814,杭州解百,6.67,6.67,6.68,6.75,6.73,6.76,6.62,4439964.0,29574031.0,-1.185,-0.08
600815,厦工股份,3.92,3.91,3.92,3.91,3.9,3.96,3.81,55329459.0,216024035.0,0.256,0.01
600816,建元信托,2.46,2.46,2.47,2.48,2.46,2.49,2.44,42230602.0,103694333.0,-0.806,-0.02
600817,宇通重工,9.54,9.53,9.54,9.53,9.39,9.59,9.39,1881405.0,17896770.0,0.105,0.01
600818,ST中路,7.23,7.21,7.23,6.9,6.9,7.27,6.79,4514700.0,31760382.0,4.783,0.33
600819,耀皮玻璃,5.51,5.5,5.51,5.45,5.41,5.52,5.36,6265009.0,34276141.0,1.101,0.06
600820,隧道股份,5.3,5.3,5.31,5.41,5.4,5.41,5.28,19839566.0,105436637.0,-2.033,-0.11
600821,金开新能,5.93,5.92,5.93,5.96,5.95,6.0,5.85,37988855.0,225133958.0,-0.503,-0.03
600822,上海物贸,8.3,8.27,8.3,8.36,8.36,8.36,8.16,2037700.0,16807960.0,-0.718,-0.06
600824,益民集团,3.55,3.55,3.56,3.63,3.67,3.71,3.49,20989152.0,74738528.0,-2.204,-0.08
600825,新华传媒,4.94,4.94,4.95,4.95,4.89,4.98,4.85,6555660.0,32177386.0,-0.202,-0.01
600826,兰生股份,7.88,7.87,7.88,7.87,7.86,7.88,7.7,3388308.0,26343239.0,0.127,0.01
600827,百联股份,7.46,7.46,7.47,7.59,7.57,7.59,7.43,12404031.0,92654694.0,-1.713,-0.13
600828,茂业商业,3.94,3.93,3.94,3.93,3.96,3.99,3.84,11118113.0,43435134.0,0.254,0.01
600829,人民同泰,9.62,9.62,9.63,10.27,9.74,10.05,9.52,38220723.0,370576934.0,-6.329,-0.65
600830,香溢融通,8.14,8.13,8.14,8.12,8.1,8.14,7.97,3394711.0,27316724.0,0.246,0.02
600831,广电网络,3.37,3.36,3.37,3.32,3.31,3.38,3.26,13437900.0,44517530.0,1.506,0.05
600833,第一医药,10.58,10.58,10.59,11.04,10.82,10.98,10.47,9503221.0,101057882.0,-4.167,-0.46
600834,申通地铁,7.36,7.35,7.36,7.56,7.43,7.59,7.25,4585292.0,33778485.0,-2.646,-0.2
600835,上海机电,18.26,18.26,18.28,18.23,18.14,18.38,18.13,2672500.0,48828457.0,0.165,0.03
600838,上海九百,7.42,7.42,7.43,7.51,7.45,7.49,7.34,7273129.0,53743646.0,-1.198,-0.09
600839,四川长虹,6.83,6.83,6.84,6.96,6.9,6.9,6.77,57444974.0,392635830.0,-1.868,-0.13
600841,动力新科,5.66,5.65,5.66,5.66,5.66,5.66,5.55,8458906.0,47599407.0,0.0,0.0
600843,上工申贝,6.92,6.9,6.92,6.86,6.81,6.95,6.71,4630956.0,31742397.0,0.875,0.06
600844,金煤科技,3.53,3.53,3.54,3.52,3.52,3.56,3.41,44049700.0,154035879.0,0.284,0.01
600845,宝信软件,17.35,17.35,17.36,17.69,17.55,17.59,17.3,11551671.0,200879941.0,-1.922,-0.34
600846,同济科技,11.47,11.46,11.47,11.96,11.85,11.88,11.39,4786727.0,55329806.0,-4.097,-0.49
600847,万里股份,12.84,12.84,12.88,12.74,12.66,12.97,12.41,1861513.0,23766770.0,0.785,0.1
600848,上海临港,8.42,8.41,8.42,8.5,8.5,8.51,8.32,7298080.0,61127826.0,-0.941,-0.08
600850,电科数字,14.38,14.38,14.39,14.3,14.31,14.46,14.1,6144392.0,87794868.0,0.559,0.08
600851,海欣股份,8.76,8.75,8.76,8.96,8.23,8.96,8.23,27773600.0,239807028.0,-2.232,-0.2
600853,龙建股份,3.25,3.25,3.26,3.3,3.29,3.3,3.19,14284410.0,46067941.0,-1.515,-0.05
600854,春兰股份,4.55,4.53,4.55,4.53,4.54,4.58,4.44,6161300.0,27781420.0,0.442,0.02
600855,航天长峰,11.92,11.92,11.94,11.92,11.86,12.01,11.72,4670029.0,55668790.0,0.0,0.0
600857,宁波中百,20.84,20.84,20.85,20.25,20.19,21.0,19.65,7466233.0,152304630.0,2.914,0.59
600858,银座股份,4.86,4.85,4.86,4.95,4.92,4.92,4.79,6837197.0,33085115.0,-1.818,-0.09
600859,王府井,9.68,9.68,9.69,9.9,9.88,9.89,9.64,12320419.0,119546483.0,-2.222,-0.22
600860,京城股份,8.3,8.3,8.31,8.29,8.25,8.31,8.1,4595002.0,37742406.0,0.121,0.01
600861,北京人力,12.9,12.9,12.91,13.16,13.12,13.15,12.81,2259593.0,29193266.0,-1.976,-0.26
600862,中航高科,17.38,17.38,17.39,17.37,17.34,17.47,17.19,6525174.0,113108332.0,0.058,0.01
600863,华能蒙电,4.61,4.6,4.61,4.75,4.72,4.73,4.57,95169466.0,440285058.0,-2.947,-0.14
600864,哈投股份,5.37,5.37,5.38,5.31,5.31,5.44,5.25,30753602.0,163852697.0,1.13,0.06
600865,百大集团,8.56,8.55,8.56,8.68,8.7,8.7,8.44,4532700.0,38575978.0,-1.382,-0.12
600866,星湖科技,4.25,4.25,4.26,4.46,4.38,4.39,4.22,43171749.0,184131207.0,-4.709,-0.21
600867,通化东宝,8.11,8.11,8.12,8.5,8.36,8.38,8.08,48817233.0,398562383.0,-4.588,-0.39
600868,梅雁吉祥,2.73,2.72,2.73,2.71,2.69,2.74,2.67,34427122.0,93459781.0,0.738,0.02
600869,远东股份,16.92,16.91,16.92,16.6,16.56,17.3,16.01,216341080.0,3598340517.0,1.928,0.32
600871,石化油服,2.22,2.22,2.23,2.22,2.22,2.27,2.21,129309900.0,289862343.0,0.0,0.0
600872,中炬高新,18.37,18.37,18.38,18.73,18.71,18.73,18.3,10547813.0,194241154.0,-1.922,-0.36
600873,梅花生物,7.76,7.76,7.77,7.85,7.81,7.83,7.7,24739008.0,191621145.0,-1.146,-0.09
600874,创业环保,5.57,5.56,5.57,5.64,5.63,5.64,5.52,5827625.0,32410809.0,-1.241,-0.07
600875,东方电气,26.23,26.23,26.24,25.68,25.53,26.27,25.41,26460019.0,686632368.0,2.142,0.55
600876,凯盛新能,7.12,7.11,7.12,7.03,6.98,7.14,6.95,2804434.0,19817905.0,1.28,0.09
600877,电科芯片,12.24,12.23,12.24,12.19,12.18,12.34,12.06,8452892.0,103190414.0,0.41,0.05
600879,航天电子,14.56,14.55,14.56,14.38,14.23,14.69,14.23,59997840.0,870547421.0,1.252,0.18
600880,博瑞传播,3.83,3.83,3.84,3.85,3.82,3.84,3.76,10051821.0,38197544.0,-0.519,-0.02
600881,亚泰集团,1.96,1.96,1.97,1.99,1.93,1.99,1.91,204159029.0,398567513.0,-1.508,-0.03
600882,妙可蓝多,20.17,20.17,20.18,20.85,20.77,20.8,20.17,5746150.0,116814329.0,-3.261,-0.68
600883,博闻科技,7.81,7.8,7.81,7.84,7.8,7.84,7.62,4296200.0,33213222.0,-0.383,-0.03
600884,杉杉股份,11.93,11.93,11.94,11.65,11.53,11.94,11.51,42502639.0,501407340.0,2.403,0.28
600885,宏发股份,35.14,35.14,35.15,34.84,34.55,35.48,34.15,11928011.0,418870856.0,0.861,0.3
600886,国投电力,13.76,13.76,13.77,13.94,13.92,14.0,13.73,22173414.0,306310209.0,-1.291,-0.18
600887,伊利股份,25.4,25.4,25.41,25.52,25.45,25.61,25.26,43318241.0,1099774054.0,-0.47,-0.12
600888,新疆众和,10.25,10.24,10.25,9.81,9.92,10.3,9.76,61708379.0,623985768.0,4.485,0.44
600889,*ST京化,13.27,13.23,13.27,13.4,13.4,13.45,13.14,1807300.0,24015848.0,-0.97,-0.13
600892,大晟文化,3.83,3.83,3.84,3.75,3.72,3.86,3.68,22276700.0,84356991.0,2.133,0.08
600893,航发动力,36.32,36.32,36.33,35.78,35.51,36.55,35.33,17228394.0,621034552.0,1.509,0.54
600894,广日股份,7.75,7.75,7.76,7.88,7.87,7.87,7.7,3474211.0,26963540.0,-1.65,-0.13
600895,张江高科,30.89,30.88,30.89,30.77,30.66,31.15,30.33,17240293.0,530421011.0,0.39,0.12
600897,厦门空港,14.65,14.62,14.65,14.85,14.85,14.86,14.58,1687048.0,24727035.0,-1.347,-0.2
600900,长江电力,27.96,27.96,27.97,28.16,28.15,28.23,27.93,63514724.0,1779819532.0,-0.71,-0.2
600901,江苏金租,6.54,6.53,6.54,6.46,6.48,6.57,6.43,35821967.0,233278655.0,1.238,0.08
600903,贵州燃气,6.11,6.11,6.12,6.16,6.27,6.45,6.1,48626259.0,303498664.0,-0.812,-0.05
600905,三峡能源,3.69,3.69,3.7,3.72,3.71,3.72,3.69,36657099.0,135498642.0,-0.806,-0.03
600906,财达证券,6.43,6.43,6.44,6.42,6.39,6.45,6.32,21361847.0,136761292.0,0.156,0.01
600908,无锡银行,5.38,5.38,5.39,5.4,5.39,5.46,5.35,14385500.0,77469748.0,-0.37,-0.02
600909,华安证券,8.17,8.17,8.18,8.04,8.03,8.21,7.98,76612223.0,622947539.0,1.617,0.13
600916,中国黄金,8.14,8.14,8.15,7.69,7.72,8.16,7.63,108555391.0,865850347.0,5.852,0.45
600917,重庆燃气,4.82,4.82,4.83,4.84,4.85,4.86,4.8,4378550.0,21152045.0,-0.413,-0.02
600918,中泰证券,5.54,5.54,5.55,5.6,5.59,5.62,5.49,34982912.0,193637723.0,-1.071,-0.06
600919,江苏银行,11.94,11.94,11.96,12.1,12.06,12.16,11.93,81732504.0,980902126.0,-1.322,-0.16
600925,苏能股份,4.35,4.35,4.36,4.36,4.34,4.38,4.31,9404300.0,40925382.0,-0.229,-0.01
600926,杭州银行,16.63,16.63,16.64,16.81,16.82,16.91,16.61,35281812.0,588988954.0,-1.071,-0.18
600927,永安期货,12.88,12.87,12.88,12.91,12.95,12.95,12.71,3435248.0,44078094.0,-0.232,-0.03
600928,西安银行,3.54,3.53,3.54,3.56,3.55,3.56,3.49,21030313.0,74022599.0,-0.562,-0.02
600929,雪天盐业,5.31,5.3,5.31,5.27,5.22,5.34,5.18,15869400.0,83663623.0,0.759,0.04
600930,华电新能,3.93,3.92,3.93,3.91,3.9,3.94,3.86,93570389.0,365231367.0,0.512,0.02
600933,爱柯迪,13.73,13.72,13.73,13.65,13.68,13.78,13.52,5109000.0,69718278.0,0.586,0.08
600935,华塑股份,2.26,2.25,2.26,2.27,2.26,2.26,2.23,10330000.0,23190731.0,-0.441,-0.01
600936,北投科技,4.94,4.93,4.94,4.93,4.84,5.01,4.7,69982733.0,340666536.0,0.203,0.01
600938,中国海油,33.86,33.86,33.87,33.3,33.55,34.49,33.55,44539938.0,1515581614.0,1.682,0.56
600939,重庆建工,2.6,2.59,2.6,2.59,2.58,2.61,2.52,9957829.0,25568777.0,0.386,0.01
600941,中国移动,96.25,96.25,96.3,96.7,96.57,96.97,96.09,6270677.0,604745754.0,-0.465,-0.45
600955,维远股份,12.57,12.56,12.57,12.85,12.76,12.82,12.45,4198758.0,52832929.0,-2.179,-0.28
600956,新天绿能,7.01,7.01,7.02,7.04,7.04,7.09,6.99,4297771.0,30206708.0,-0.426,-0.03
600958,东方证券,8.91,8.91,8.92,8.92,8.91,8.93,8.85,26848331.0,238912609.0,-0.112,-0.01
600959,XD江苏有,3.0,3.0,3.01,3.0,3.0,3.01,2.96,15628457.0,46650023.0,0.0,0.0
600960,渤海汽车,4.01,4.01,4.02,3.96,3.93,4.02,3.89,7964643.0,31586369.0,1.263,0.05
600961,株冶集团,28.41,28.41,28.42,27.09,27.09,28.75,27.09,64219765.0,1814383280.0,4.873,1.32
600962,国投中鲁,25.43,25.43,25.44,25.22,25.23,25.55,24.62,4795613.0,120482295.0,0.833,0.21
600963,岳阳林纸,3.34,3.34,3.35,3.32,3.32,3.39,3.27,26145091.0,87246331.0,0.602,0.02
600965,*ST福成,2.76,2.75,2.76,2.79,2.76,2.77,2.66,8425026.0,22898156.0,-1.075,-0.03
600966,博汇纸业,4.8,4.79,4.8,4.82,4.82,4.85,4.72,6879209.0,32905096.0,-0.415,-0.02
600967,内蒙一机,10.81,10.81,10.82,10.81,10.73,10.84,10.62,10215592.0,109724482.0,0.0,0.0
600968,海油发展,4.0,4.0,4.01,4.01,4.03,4.06,3.99,30664013.0,123397967.0,-0.249,-0.01
600969,郴电国际,8.68,8.67,8.68,8.59,8.52,8.79,8.42,7476800.0,64578015.0,1.048,0.09
600970,中材国际,7.71,7.71,7.72,7.78,7.79,7.79,7.67,8406154.0,64766197.0,-0.9,-0.07
600971,恒源煤电,8.7,8.7,8.71,8.67,8.67,8.76,8.44,25927106.0,223663290.0,0.346,0.03
600973,宝胜股份,6.07,6.06,6.07,6.04,5.99,6.08,5.97,9068907.0,54714550.0,0.497,0.03
600975,新五丰,4.9,4.89,4.9,5.0,4.96,4.97,4.85,13337500.0,65286442.0,-2.0,-0.1
600976,健民集团,27.54,27.54,27.59,28.63,28.53,28.53,27.06,4123277.0,113413371.0,-3.807,-1.09
600977,中国电影,11.95,11.94,11.95,11.93,11.84,11.95,11.8,13287766.0,158018331.0,0.168,0.02
600979,广安爱众,3.84,3.84,3.85,3.84,3.82,3.85,3.78,11016206.0,42124097.0,0.0,0.0
600980,北矿科技,20.02,20.02,20.03,19.6,19.9,20.07,19.52,4035505.0,80064674.0,2.143,0.42
600981,苏豪汇鸿,2.4,2.4,2.41,2.41,2.41,2.42,2.36,12757994.0,30452190.0,-0.415,-0.01
600982,宁波能源,4.79,4.78,4.79,4.81,4.81,4.81,4.74,13704100.0,65347911.0,-0.416,-0.02
600983,惠而浦,7.76,7.76,7.77,7.84,7.8,7.86,7.63,2229065.0,17173795.0,-1.02,-0.08
600984,建设机械,4.49,0.0,0.0,4.49,0.0,0.0,0.0,0.0,0.0,0.0,0.0
600985,淮北矿业,18.03,18.02,18.03,17.6,17.35,18.57,17.05,39212676.0,710351723.0,2.443,0.43
600986,浙文互联,7.06,7.06,7.07,7.06,7.0,7.08,6.87,37599371.0,263475575.0,0.0,0.0
600987,航民股份,6.44,6.44,6.45,6.53,6.51,6.53,6.4,4904791.0,31616208.0,-1.378,-0.09
600988,赤峰黄金,49.43,49.43,49.44,46.1,46.98,49.88,46.11,101361453.0,4924164708.0,7.223,3.33
600989,宝丰能源,24.06,24.05,24.06,23.4,23.6,24.27,23.36,83684372.0,2001897827.0,2.821,0.66
600990,四创电子,17.97,17.96,17.97,17.8,17.78,18.04,17.66,2245052.0,40272230.0,0.955,0.17
600992,贵绳股份,9.62,9.62,9.63,9.67,9.58,9.68,9.49,3595750.0,34490102.0,-0.517,-0.05
600993,马应龙,23.01,23.01,23.03,23.49,23.4,23.4,22.8,5612711.0,129221719.0,-2.043,-0.48
600995,南网储能,12.32,12.32,12.33,12.33,12.37,12.44,12.23,9289600.0,114316632.0,-0.081,-0.01
600996,贵广网络,6.58,6.57,6.58,6.57,6.54,6.61,6.44,11740556.0,76795510.0,0.152,0.01
600997,开滦股份,5.53,5.52,5.53,5.56,5.6,5.62,5.42,14132246.0,78269935.0,-0.54,-0.03
600998,九州通,4.91,4.9,4.91,5.04,5.0,5.02,4.83,47400300.0,232564449.0,-2.579,-0.13
600999,招商证券,17.82,17.82,17.83,17.83,17.84,17.9,17.7,27901027.0,497154711.0,-0.056,-0.01
601000,唐山港,4.48,4.48,4.49,4.61,4.62,4.64,4.47,36228454.0,164164568.0,-2.82,-0.13
601001,晋控煤业,16.84,16.84,16.85,17.15,17.1,17.58,16.81,26798951.0,459431173.0,-1.808,-0.31
601002,晋亿实业,5.27,5.27,5.28,5.21,5.21,5.3,5.12,10944794.0,57174248.0,1.152,0.06
601003,柳钢股份,3.58,3.58,3.59,3.6,3.58,3.6,3.54,9920269.0,35356540.0,-0.556,-0.02
601005,重庆钢铁,1.18,1.18,1.19,1.18,1.18,1.19,1.17,31054500.0,36585903.0,0.0,0.0
601006,大秦铁路,4.67,4.66,4.67,4.8,4.76,4.77,4.66,193599596.0,908931104.0,-2.708,-0.13
601007,金陵饭店,6.71,6.71,6.72,6.78,6.74,6.77,6.62,5651027.0,37752223.0,-1.032,-0.07
601008,连云港,4.33,4.33,4.34,4.41,4.39,4.4,4.26,23393319.0,101060166.0,-1.814,-0.08
601009,南京银行,11.78,11.77,11.78,11.92,11.9,11.99,11.72,71612530.0,845030555.0,-1.174,-0.14
601010,ST文峰,1.43,1.43,1.44,1.42,1.42,1.45,1.4,13621965.0,19450668.0,0.704,0.01
601011,宝泰隆,2.88,0.0,2.88,3.2,2.88,2.91,2.88,63273100.0,182243574.0,-10.0,-0.32
601012,隆基绿能,12.42,12.42,12.43,12.41,12.36,12.58,12.33,54447596.0,678302545.0,0.081,0.01
601015,陕西黑猫,3.56,3.56,3.57,3.6,3.57,3.6,3.45,94499887.0,333542334.0,-1.111,-0.04
601016,节能风电,3.36,3.35,3.36,3.38,3.38,3.38,3.32,55161951.0,184950370.0,-0.592,-0.02
601018,宁波港,3.38,3.38,3.39,3.39,3.4,3.43,3.36,52838985.0,179258410.0,-0.295,-0.01
601019,山东出版,6.88,6.88,6.89,7.02,7.0,7.02,6.83,7995600.0,55206187.0,-1.994,-0.14
601020,华钰矿业,22.14,22.13,22.14,21.27,21.43,22.26,21.13,32695192.0,713515487.0,4.09,0.87
601021,春秋航空,43.59,43.58,43.59,44.28,44.15,44.15,43.57,5128845.0,224009434.0,-1.558,-0.69
601022,宁波远洋,8.29,8.29,8.3,8.2,8.2,8.3,8.14,7760400.0,63928929.0,1.098,0.09
601026,道生天合,15.6,15.6,15.61,16.33,16.05,16.11,15.43,8368557.0,130828541.0,-4.47,-0.73
601033,永兴股份,14.23,14.23,14.26,14.35,14.35,14.36,14.16,1954400.0,27853239.0,-0.836,-0.12
601038,一拖股份,12.7,12.7,12.72,12.93,12.86,12.93,12.65,5648694.0,71903256.0,-1.779,-0.23
601058,赛轮轮胎,13.82,13.82,13.83,14.15,14.0,14.2,13.73,26718125.0,371108460.0,-2.332,-0.33
601059,信达证券,16.44,16.44,16.45,16.35,16.41,16.54,16.38,6947516.0,114307059.0,0.55,0.09
601061,中信金属,12.0,11.99,12.0,11.96,12.2,12.39,11.89,25123379.0,303271652.0,0.334,0.04
601065,江盐集团,6.75,6.74,6.75,6.78,6.79,6.79,6.68,3032900.0,20388258.0,-0.442,-0.03
601066,中信建投,24.78,24.78,24.79,24.81,24.82,24.93,24.62,11995478.0,296523480.0,-0.121,-0.03
601068,中铝国际,4.45,4.44,4.45,4.44,4.4,4.46,4.38,9010086.0,39904608.0,0.225,0.01
601069,西部黄金,32.07,32.07,32.08,30.9,31.52,32.68,31.0,42891213.0,1374270432.0,3.786,1.17
601077,渝农商行,6.81,6.81,6.83,6.82,6.78,6.86,6.75,42428050.0,288838362.0,-0.147,-0.01
601083,锦江航运,11.92,11.91,11.92,11.62,11.64,12.06,11.52,15197258.0,180865257.0,2.582,0.3
601086,国芳集团,7.51,7.51,7.52,7.64,7.6,7.66,7.36,6696997.0,49898872.0,-1.702,-0.13
601088,中国神华,46.41,46.41,46.42,46.55,46.34,46.9,46.29,18121401.0,844225228.0,-0.301,-0.14
601089,福元医药,16.66,16.66,16.67,18.14,17.92,17.92,16.65,14879100.0,253663866.0,-8.159,-1.48
601096,宏盛华源,4.11,4.1,4.11,4.13,4.1,4.13,4.07,13579270.0,55634001.0,-0.484,-0.02
601098,中南传媒,10.15,10.15,10.16,10.26,10.24,10.26,10.08,6738945.0,68248255.0,-1.072,-0.11
601099,太平洋,3.34,3.34,3.35,3.34,3.33,3.36,3.3,60684898.0,202284105.0,0.0,0.0
601100,恒立液压,105.79,105.79,105.8,101.4,101.03,105.94,100.7,7744983.0,810276965.0,4.329,4.39
601101,昊华能源,12.72,12.72,12.73,12.75,12.78,12.95,12.41,46417122.0,588725692.0,-0.235,-0.03
601106,中国一重,3.05,3.04,3.05,3.04,3.03,3.06,2.99,31197100.0,94507187.0,0.329,0.01
601107,四川成渝,5.5,5.5,5.52,5.56,5.57,5.57,5.48,8152156.0,44897489.0,-1.079,-0.06
601108,财通证券,8.45,8.44,8.45,8.38,8.33,8.5,8.24,51664154.0,433901215.0,0.835,0.07
601111,中国国航,5.8,5.8,5.81,5.85,5.83,5.84,5.79,32726932.0,189872063.0,-0.855,-0.05
601112,振石股份,15.22,15.21,15.22,15.16,15.16,15.23,14.93,3332473.0,50361747.0,0.396,0.06
601113,华鼎股份,3.38,3.38,3.39,3.37,3.35,3.4,3.3,8919947.0,29938037.0,0.297,0.01
601116,三江购物,10.46,10.45,10.46,10.58,10.51,10.54,10.27,13209443.0,137437600.0,-1.134,-0.12
601117,中国化学,7.52,7.52,7.53,7.51,7.48,7.55,7.42,45251767.0,339036711.0,0.133,0.01
601118,海南橡胶,6.15,6.15,6.16,6.2,6.02,6.22,5.73,175985952.0,1050650581.0,-0.806,-0.05
601121,宝地矿业,7.45,7.45,7.46,7.31,7.29,7.47,7.17,11731041.0,86182831.0,1.915,0.14
601126,四方股份,45.45,45.45,45.46,43.49,43.31,47.5,43.15,34438514.0,1576301998.0,4.507,1.96
601127,赛力斯,50.5,50.5,50.51,51.49,51.1,51.1,50.35,13988909.0,708483081.0,-1.923,-0.99
601128,常熟银行,6.24,6.24,6.25,6.26,6.26,6.3,6.21,38451960.0,240142988.0,-0.319,-0.02
601133,柏诚股份,25.35,25.34,25.35,25.18,25.18,25.86,24.69,7855376.0,199119681.0,0.675,0.17
601136,首创证券,13.73,13.72,13.73,13.81,13.81,13.81,13.63,5003029.0,68603508.0,-0.579,-0.08
601137,博威合金,19.19,19.18,19.19,18.91,18.79,19.37,18.66,15968886.0,305698714.0,1.481,0.28
601138,工业富联,62.84,62.83,62.84,62.13,61.65,63.38,61.38,79434785.0,4961497062.0,1.143,0.71
601139,深圳燃气,6.28,6.27,6.28,6.33,6.34,6.36,6.25,13369700.0,84104746.0,-0.79,-0.05
601155,新城控股,10.94,10.94,10.95,11.31,11.2,11.32,10.77,24517127.0,268736193.0,-3.271,-0.37
601156,东航物流,18.56,18.52,18.56,18.36,18.28,18.69,18.11,9606128.0,177461046.0,1.089,0.2
601158,重庆水务,4.1,4.09,4.1,4.14,4.15,4.15,4.08,5654410.0,23208319.0,-0.966,-0.04
601162,天风证券,3.61,3.6,3.61,3.6,3.59,3.62,3.55,83880749.0,301103896.0,0.278,0.01
601163,三角轮胎,12.74,12.74,12.75,13.03,13.0,13.0,12.7,3043557.0,38925897.0,-2.226,-0.29
601166,兴业银行,18.1,18.1,18.11,18.17,18.15,18.28,18.06,72343100.0,1312120030.0,-0.385,-0.07
601168,西部矿业,37.85,37.85,37.86,36.66,37.0,37.99,36.8,52468628.0,1972495379.0,3.246,1.19
601169,北京银行,5.09,5.08,5.09,5.06,5.05,5.1,5.04,113006053.0,573871931.0,0.593,0.03
601177,杭齿前进,13.95,13.95,0.0,12.68,13.88,13.95,13.88,9228168.0,128693980.0,10.016,1.27
601179,中国西电,12.88,12.87,12.88,12.81,12.72,12.95,12.64,56741927.0,729347183.0,0.546,0.07
601186,中国铁建,6.0,6.0,6.01,6.07,6.05,6.05,5.99,23846851.0,143241312.0,-1.153,-0.07
601187,厦门银行,7.23,7.23,7.24,7.3,7.3,7.34,7.2,12899600.0,93515059.0,-0.959,-0.07
601188,龙江交通,2.84,2.83,2.84,2.85,2.84,2.85,2.79,14065044.0,39641429.0,-0.351,-0.01
601198,东兴证券,13.6,13.6,13.62,13.54,13.62,13.75,13.56,19868332.0,271144819.0,0.443,0.06
601199,江南水务,6.46,6.46,6.47,6.4,6.37,6.52,6.24,14773653.0,93991476.0,0.937,0.06
601200,上海环境,6.9,6.9,6.91,6.98,6.95,6.98,6.84,6273175.0,43196042.0,-1.146,-0.08
601208,东材科技,45.73,45.73,45.74,45.72,45.4,47.17,45.23,46565512.0,2141887754.0,0.022,0.01
601211,国泰海通,17.38,17.37,17.38,17.49,17.47,17.54,17.31,71160173.0,1240235873.0,-0.629,-0.11
601212,白银有色,6.09,6.09,0.0,5.54,5.64,6.09,5.56,336471144.0,2015909278.0,9.928,0.55
601216,君正集团,4.38,4.38,4.39,4.43,4.43,4.43,4.34,36808808.0,161444456.0,-1.129,-0.05
601218,吉鑫科技,4.38,4.38,4.39,4.39,4.38,4.4,4.31,15276623.0,66618381.0,-0.228,-0.01
601222,林洋能源,5.45,5.45,5.46,5.46,5.47,5.48,5.41,9843000.0,53623445.0,-0.183,-0.01
601225,陕西煤业,25.73,25.73,25.74,25.55,25.44,26.11,25.3,30070542.0,775724734.0,0.705,0.18
601226,华电科工,6.11,6.1,6.11,6.11,6.1,6.13,5.98,7487800.0,45432612.0,0.0,0.0
601228,广州港,3.01,3.01,3.02,3.05,3.05,3.05,2.99,21834892.0,65879962.0,-1.311,-0.04
601229,上海银行,9.74,9.74,9.75,9.84,9.85,9.89,9.72,38603173.0,377402877.0,-1.016,-0.1
601231,环旭电子,27.22,27.22,27.24,27.27,27.01,27.88,26.73,19086539.0,522119614.0,-0.183,-0.05
601233,桐昆股份,24.71,24.7,24.71,23.62,23.61,24.78,23.08,41357548.0,994083589.0,4.615,1.09
601236,红塔证券,6.76,6.76,6.77,6.81,6.81,6.82,6.73,7329400.0,49523906.0,-0.734,-0.05
601238,广汽集团,5.11,5.11,5.12,5.41,5.31,5.34,5.08,60955313.0,314156514.0,-5.545,-0.3
601279,英利汽车,3.21,3.21,3.22,3.22,3.21,3.23,3.16,6789900.0,21699993.0,-0.311,-0.01
601288,农业银行,6.78,6.77,6.78,6.81,6.79,6.85,6.73,364661786.0,2469445603.0,-0.441,-0.03
601298,青岛港,8.87,8.86,8.87,8.92,8.9,9.01,8.84,6685085.0,59448886.0,-0.561,-0.05
601311,骆驼股份,7.67,7.67,7.68,7.69,7.7,7.74,7.6,7792600.0,59739257.0,-0.26,-0.02
601318,中国平安,53.35,53.34,53.35,52.14,53.01,53.59,52.8,111599029.0,5940991679.0,2.321,1.21
601319,中国人保,6.95,6.95,6.96,6.92,6.92,6.99,6.91,50666097.0,352337725.0,0.434,0.03
601326,秦港股份,3.33,3.33,3.35,3.38,3.39,3.39,3.33,15679899.0,52521261.0,-1.479,-0.05
601328,交通银行,7.12,7.12,7.13,7.11,7.12,7.17,7.09,132615698.0,946369920.0,0.141,0.01
601330,绿色动力,6.99,6.98,6.99,7.02,7.0,7.01,6.94,3772049.0,26302950.0,-0.427,-0.03
601333,广深铁路,2.9,2.89,2.9,2.95,2.96,2.96,2.89,63233581.0,184220404.0,-1.695,-0.05
601336,新华保险,58.79,58.78,58.79,58.08,58.36,59.09,57.96,18712769.0,1097080116.0,1.222,0.71
601339,百隆东方,7.88,7.88,7.89,7.97,7.9,7.96,7.77,5477100.0,42940179.0,-1.129,-0.09
601360,三六零,8.76,8.76,8.77,8.8,8.73,8.79,8.63,55369969.0,483352426.0,-0.455,-0.04
601366,利群股份,3.55,3.55,3.56,3.63,3.65,3.69,3.52,19518442.0,69650483.0,-2.204,-0.08
601368,绿城水务,4.6,4.59,4.6,4.6,4.59,4.62,4.5,5035100.0,22942099.0,0.0,0.0
601369,陕鼓动力,8.73,8.73,8.74,8.72,8.73,8.78,8.67,5996500.0,52316560.0,0.115,0.01
601375,中原证券,3.99,3.99,4.0,4.02,4.02,4.02,3.96,21451000.0,85566518.0,-0.746,-0.03
601377,兴业证券,5.79,5.78,5.79,5.78,5.78,5.81,5.73,38504952.0,222264562.0,0.173,0.01
601388,怡球资源,3.31,3.3,3.31,3.31,3.28,3.31,3.25,29646925.0,97298846.0,0.0,0.0
601390,中国中铁,4.3,4.3,4.31,4.36,4.35,4.35,4.29,67613817.0,291213867.0,-1.376,-0.06
601398,工商银行,7.77,7.77,7.78,7.78,7.75,7.84,7.75,266529315.0,2075489886.0,-0.129,-0.01
601399,国机重装,3.1,3.1,3.11,3.1,3.08,3.11,3.06,41568522.0,128507432.0,0.0,0.0
601456,国联民生,8.75,8.75,8.76,8.81,8.8,8.8,8.72,10236440.0,89644624.0,-0.681,-0.06
601500,通用股份,3.96,3.96,3.97,4.05,4.04,4.04,3.94,14114383.0,56002338.0,-2.222,-0.09
601512,中新集团,7.66,7.65,7.66,7.84,7.79,7.8,7.6,3282200.0,25126959.0,-2.296,-0.18
601515,衢州东峰,3.36,3.35,3.36,3.31,3.29,3.41,3.24,16543640.0,55186441.0,1.511,0.05
601518,吉林高速,2.75,2.75,2.76,2.77,2.77,2.77,2.74,7978920.0,21950475.0,-0.722,-0.02
601519,大智慧,7.99,7.99,8.0,7.68,7.68,8.04,7.63,39694611.0,311852042.0,4.036,0.31
601528,瑞丰银行,4.87,4.87,4.89,4.91,4.93,4.94,4.85,11814708.0,57652801.0,-0.815,-0.04
601555,东吴证券,7.83,7.83,7.84,7.91,7.89,7.92,7.79,28557148.0,223802806.0,-1.011,-0.08
601566,九牧王,8.37,8.36,8.37,8.47,8.44,8.45,8.28,4498070.0,37545607.0,-1.181,-0.1
601567,三星电气,14.84,14.84,14.85,15.09,15.03,15.06,14.76,7893279.0,117318800.0,-1.657,-0.25
601568,北元化工,3.7,3.7,3.71,3.71,3.7,3.72,3.65,13474256.0,49741986.0,-0.27,-0.01
601577,长沙银行,9.52,9.52,9.53,9.54,9.54,9.64,9.46,17048547.0,162378055.0,-0.21,-0.02
601579,会稽山,18.66,18.66,18.67,18.65,18.36,19.08,18.27,16171291.0,301550265.0,0.054,0.01
601588,北辰实业,1.69,1.69,1.7,1.73,1.72,1.72,1.67,28935933.0,48960439.0,-2.312,-0.04
601595,上海电影,16.35,16.35,16.36,16.42,16.35,16.38,16.15,3264900.0,53160454.0,-0.426,-0.07
601598,中国外运,6.52,6.51,6.52,6.64,6.64,6.66,6.47,14897380.0,97278583.0,-1.807,-0.12
601599,浙文影业,3.02,3.01,3.02,3.04,3.04,3.04,2.98,10698322.0,32137708.0,-0.658,-0.02
601600,中国铝业,9.42,9.41,9.42,9.17,9.12,9.42,9.11,177131600.0,1650187727.0,2.726,0.25
601601,中国太保,30.42,30.41,30.42,30.17,30.25,30.75,30.17,46104473.0,1404202336.0,0.829,0.25
601606,长城军工,30.15,30.15,30.16,30.46,30.3,30.35,29.7,14795103.0,444072692.0,-1.018,-0.31
601607,上海医药,16.19,16.19,16.2,16.66,16.52,16.6,16.1,19485836.0,316872768.0,-2.821,-0.47
601608,中信重工,4.66,4.66,4.67,4.65,4.6,4.68,4.59,21076298.0,97800840.0,0.215,0.01
601609,金田股份,13.23,13.22,13.23,12.87,12.86,13.46,12.78,106105775.0,1401406868.0,2.797,0.36
601611,中国核建,10.71,10.7,10.71,10.72,10.66,10.75,10.59,16725367.0,178839360.0,-0.093,-0.01
601615,明阳智能,10.95,10.95,10.96,10.75,10.68,11.14,10.58,37071100.0,403619867.0,1.86,0.2
601616,广电电气,3.82,3.81,3.82,3.76,3.73,3.82,3.69,26232800.0,99430920.0,1.596,0.06
601618,中国中冶,2.55,2.55,2.56,2.58,2.58,2.59,2.54,54466296.0,139189047.0,-1.163,-0.03
601619,嘉泽新能,4.08,4.08,4.09,4.1,4.07,4.11,4.04,28929322.0,117993063.0,-0.488,-0.02
601628,中国人寿,37.03,37.03,37.04,36.89,36.93,37.3,36.77,32506048.0,1204357368.0,0.38,0.14
601633,长城汽车,15.21,15.2,15.21,15.55,15.53,15.53,15.17,12522503.0,191303008.0,-2.186,-0.34
601636,旗滨集团,5.94,5.93,5.94,5.93,5.89,6.02,5.78,49701398.0,295393978.0,0.169,0.01
601658,邮储银行,4.98,4.97,4.98,4.97,4.96,4.98,4.95,89519840.0,444641614.0,0.201,0.01
601665,齐鲁银行,6.52,6.52,6.53,6.54,6.51,6.57,6.45,39854017.0,258911665.0,-0.306,-0.02
601666,平煤股份,9.61,9.61,9.62,9.46,9.37,9.76,9.28,35534863.0,340880094.0,1.586,0.15
601668,中国建筑,4.39,4.39,4.4,4.43,4.43,4.44,4.38,150615405.0,662329466.0,-0.903,-0.04
601669,中国电建,4.61,4.61,4.62,4.63,4.62,4.63,4.59,54944419.0,253037936.0,-0.432,-0.02
601677,明泰铝业,16.62,16.61,16.62,16.65,16.65,16.88,16.46,21207785.0,353020680.0,-0.18,-0.03
601678,滨化股份,6.47,6.47,6.48,6.44,6.48,6.51,6.33,80302843.0,516821361.0,0.466,0.03
601686,友发集团,5.15,5.14,5.15,5.17,5.15,5.17,5.09,4429268.0,22679695.0,-0.387,-0.02
601688,XD华泰证,18.6,18.59,18.6,18.34,18.4,18.61,18.33,43624061.0,807125308.0,1.418,0.26
601689,拓普集团,46.92,46.91,46.92,46.2,46.0,46.92,45.75,11743946.0,545615955.0,1.558,0.72
601696,中银证券,11.62,11.61,11.62,11.64,11.58,11.72,11.42,20098009.0,232633666.0,-0.172,-0.02
601698,中国卫通,24.43,24.43,24.44,24.36,24.18,24.65,24.1,17412997.0,424855429.0,0.287,0.07
601699,潞安环能,16.69,16.69,16.7,16.26,16.25,16.82,16.1,33798021.0,561194454.0,2.645,0.43
601700,风范股份,7.01,7.0,7.01,7.5,7.53,7.57,6.76,206541676.0,1440705806.0,-6.533,-0.49
601702,华峰铝业,16.02,16.01,16.02,16.2,16.15,16.22,15.86,8388800.0,134658785.0,-1.111,-0.18
601717,中创智领,14.87,14.87,14.88,14.99,15.0,15.01,14.72,27573551.0,408632232.0,-0.801,-0.12
601718,ST际华,1.83,1.83,1.84,1.84,1.83,1.84,1.81,15282900.0,27928894.0,-0.543,-0.01
601727,上海电气,6.53,6.53,6.54,6.52,6.49,6.54,6.42,36830117.0,239086776.0,0.153,0.01
601728,中国电信,6.43,6.43,6.44,6.56,6.51,6.65,6.43,106403271.0,693868603.0,-1.982,-0.13
601766,中国中车,6.04,6.04,6.05,6.19,6.16,6.22,6.04,138621700.0,846277298.0,-2.423,-0.15
601777,千里科技,8.04,8.04,8.05,8.17,8.19,8.2,7.97,20356742.0,163942937.0,-1.591,-0.13
601778,晶科科技,3.6,3.6,3.61,3.55,3.56,3.62,3.51,89161101.0,319428283.0,1.408,0.05
601788,光大证券,14.23,14.23,14.24,14.22,14.22,14.27,14.16,8947403.0,127167549.0,0.07,0.01
601789,宁波建工,4.23,4.22,4.23,4.26,4.21,4.25,4.15,27616317.0,116221803.0,-0.704,-0.03
601798,蓝科高新,7.73,7.72,7.73,7.6,7.56,7.75,7.51,4115647.0,31434902.0,1.711,0.13
601799,星宇股份,86.5,86.46,86.5,88.3,88.22,88.45,86.28,2563619.0,222788718.0,-2.039,-1.8
601800,中国交建,5.86,5.86,5.87,5.93,5.89,5.92,5.84,20568777.0,120696174.0,-1.18,-0.07
601801,皖新传媒,5.5,5.5,5.51,5.5,5.47,5.54,5.37,12846602.0,69942777.0,0.0,0.0
601808,中海油服,12.46,12.46,12.47,12.31,12.4,12.59,12.28,19191100.0,239377690.0,1.219,0.15
601811,新华文轩,11.9,11.9,11.92,12.04,11.98,12.0,11.8,1851309.0,21984005.0,-1.163,-0.14
601816,京沪高铁,4.87,4.87,4.88,4.96,4.96,4.98,4.86,96461923.0,473709194.0,-1.815,-0.09
601818,光大银行,3.02,3.02,3.03,3.02,3.01,3.04,3.01,145090274.0,438243813.0,0.0,0.0
601825,沪农商行,8.76,8.76,8.77,8.77,8.72,8.89,8.72,22029030.0,193854577.0,-0.114,-0.01
601827,三峰环境,8.19,8.19,8.2,8.29,8.28,8.28,8.09,5575700.0,45515963.0,-1.206,-0.1
601828,美凯龙,2.14,2.14,2.15,2.18,2.17,2.18,2.12,33409359.0,71514946.0,-1.835,-0.04
601838,成都银行,18.65,18.63,18.65,18.59,18.55,18.72,18.51,18995473.0,353739482.0,0.323,0.06
601857,中国石油,11.2,11.2,11.21,10.99,11.05,11.39,11.05,137336836.0,1546461378.0,1.911,0.21
601858,中国科传,22.07,22.07,22.08,22.17,21.77,22.25,21.31,7522668.0,164485276.0,-0.451,-0.1
601860,紫金银行,2.52,2.52,2.53,2.54,2.54,2.56,2.51,45041800.0,113945055.0,-0.787,-0.02
601865,福莱特,10.56,10.55,10.56,10.27,10.3,10.65,10.15,23241682.0,242703118.0,2.824,0.29
601866,中远海发,2.39,2.39,2.4,2.37,2.37,2.4,2.35,62294150.0,148449714.0,0.844,0.02
601868,中国能建,2.51,2.51,2.52,2.52,2.52,2.52,2.5,125201367.0,314519860.0,-0.397,-0.01
601869,XD长飞光,363.6,363.59,363.6,357.71,355.0,366.9,350.88,9843919.0,3545818635.0,1.647,5.89
601872,招商轮船,19.78,19.78,19.79,18.46,18.49,20.1,18.49,193604854.0,3808373132.0,7.151,1.32
601877,正泰电器,25.82,25.82,25.83,26.28,26.77,26.77,25.75,52313583.0,1365121158.0,-1.75,-0.46
601878,浙商证券,9.17,9.16,9.17,9.2,9.18,9.22,9.13,11005300.0,100887168.0,-0.326,-0.03
601880,辽港股份,1.45,1.45,1.46,1.47,1.46,1.47,1.45,37258611.0,54216445.0,-1.361,-0.02
601881,中国银河,12.07,12.07,12.08,11.95,11.91,12.1,11.86,19678485.0,236182366.0,1.004,0.12
601882,海天精工,20.1,20.1,20.11,20.48,20.42,20.43,20.05,4845300.0,97788667.0,-1.855,-0.38
601886,江河集团,13.09,13.09,13.1,12.86,12.5,13.26,12.33,28732664.0,370925566.0,1.788,0.23
601888,中国中免,52.29,52.29,52.3,53.1,52.92,52.98,52.02,17242816.0,901540551.0,-1.525,-0.81
601890,亚星锚链,8.5,8.5,8.51,8.47,8.4,8.52,8.3,15872000.0,134001844.0,0.354,0.03
601898,中煤能源,14.3,14.3,14.31,14.26,14.3,14.53,14.14,39667744.0,569438417.0,0.281,0.04
601899,XD紫金矿,34.74,34.73,34.74,33.83,34.25,34.87,33.6,300701690.0,10338560003.0,2.69,0.91
601900,南方传媒,11.75,11.75,11.79,11.76,11.75,11.83,11.61,4249500.0,49833451.0,-0.085,-0.01
601901,方正证券,6.72,6.72,6.73,6.74,6.73,6.76,6.69,27314435.0,183392954.0,-0.297,-0.02
601908,京运通,2.97,2.96,2.97,2.96,2.95,2.99,2.92,21725708.0,64153099.0,0.338,0.01
601916,浙商银行,2.92,2.92,2.93,2.95,2.94,2.96,2.91,90559460.0,265046275.0,-1.017,-0.03
601918,新集能源,10.1,10.1,10.11,9.93,9.91,10.2,9.83,29078467.0,292236787.0,1.712,0.17
601919,中远海控,17.01,17.0,17.01,16.64,16.7,17.08,16.64,112188030.0,1898838124.0,2.224,0.37
601921,浙版传媒,7.33,7.33,7.34,7.54,7.43,7.53,7.31,13078811.0,96546360.0,-2.785,-0.21
601928,XD凤凰传,8.79,8.78,8.79,8.98,9.01,9.02,8.78,10615169.0,94165853.0,-2.116,-0.19
601929,吉视传媒,2.29,2.28,2.29,2.29,2.27,2.3,2.23,45299550.0,102688959.0,0.0,0.0
601933,永辉超市,3.07,3.06,3.07,3.16,3.14,3.15,3.05,129089851.0,396435642.0,-2.848,-0.09
601939,建设银行,10.53,10.52,10.53,10.58,10.56,10.64,10.43,96020667.0,1010236743.0,-0.473,-0.05
601949,中国出版,5.09,5.09,5.1,5.13,5.13,5.14,5.04,7178600.0,36467076.0,-0.78,-0.04
601952,苏垦农发,8.44,8.44,8.45,8.88,8.84,8.85,8.42,26619000.0,226074974.0,-4.955,-0.44
601956,东贝集团,4.98,4.97,4.98,4.95,4.95,5.0,4.91,5044690.0,25044252.0,0.606,0.03
601958,金钼股份,21.94,21.93,21.94,21.8,21.8,22.22,21.68,37025369.0,813126722.0,0.642,0.14
601963,重庆银行,11.09,11.09,11.1,11.25,11.23,11.27,11.03,16071876.0,178749904.0,-1.422,-0.16
601965,中国汽研,14.04,14.03,14.04,14.2,14.19,14.2,13.87,4500122.0,62983198.0,-1.127,-0.16
601966,玲珑轮胎,10.9,10.9,10.91,11.14,11.12,11.12,10.88,8430960.0,92243476.0,-2.154,-0.24
601968,宝钢包装,4.37,4.36,4.37,4.42,4.41,4.46,4.32,5553043.0,24210177.0,-1.131,-0.05
601969,海南矿业,9.46,9.46,9.47,9.23,9.14,9.48,9.12,16119100.0,151091232.0,2.492,0.23
601975,招商南油,3.97,3.96,3.97,3.77,3.77,4.02,3.75,293188783.0,1151240013.0,5.305,0.2
601985,中国核电,8.71,8.71,8.72,8.73,8.72,8.73,8.7,34983022.0,304644111.0,-0.229,-0.02
601988,中国银行,6.05,6.05,6.06,6.05,6.03,6.09,6.02,193812663.0,1173944187.0,0.0,0.0
601990,南京证券,6.56,6.56,6.57,6.6,6.6,6.61,6.53,10178092.0,66734715.0,-0.606,-0.04
601991,大唐发电,5.91,5.91,5.92,6.05,6.0,6.0,5.82,213121991.0,1258899621.0,-2.314,-0.14
601992,金隅集团,1.38,1.38,1.39,1.39,1.38,1.39,1.37,14986200.0,20673716.0,-0.719,-0.01
601995,中金公司,34.06,34.05,34.06,34.06,34.0,34.17,33.9,9301556.0,316551665.0,0.0,0.0
601996,丰林集团,2.53,2.52,2.53,2.46,2.44,2.54,2.37,22903082.0,56494899.0,2.846,0.07
601997,贵阳银行,5.73,5.72,5.73,5.75,5.75,5.78,5.69,38695547.0,221402806.0,-0.348,-0.02
601998,中信银行,8.39,8.39,8.4,8.32,8.28,8.44,8.28,61039544.0,512145027.0,0.841,0.07
601999,出版传媒,6.1,6.09,6.1,6.05,6.0,6.11,5.91,5843000.0,35271719.0,0.826,0.05
603000,人民网,15.93,15.93,15.94,16.04,15.96,16.0,15.73,7133578.0,113059696.0,-0.686,-0.11
603001,奥康国际,8.25,8.25,8.29,8.13,8.15,8.44,7.92,15392100.0,126560323.0,1.476,0.12
603002,宏昌电子,16.52,16.52,16.53,16.32,16.28,16.85,15.89,57887227.0,955338463.0,1.225,0.2
603004,鼎龙科技,19.9,19.9,19.92,20.09,20.0,20.15,19.7,1676429.0,33422993.0,-0.946,-0.19
603005,晶方科技,32.75,32.75,32.76,32.9,32.85,33.36,32.18,23724143.0,778106384.0,-0.456,-0.15
603006,联明股份,11.37,11.37,11.38,11.15,11.16,11.41,10.89,2877550.0,32215226.0,1.973,0.22
603007,顺景科技,4.62,4.62,4.63,4.59,4.56,4.64,4.49,11743634.0,53711702.0,0.654,0.03
603008,ST喜临门,8.18,8.17,8.18,7.99,8.02,8.22,7.95,5666437.0,45901071.0,2.378,0.19
603009,北特科技,44.85,44.85,44.9,45.0,45.19,45.66,43.84,7438327.0,334254419.0,-0.333,-0.15
603010,万盛股份,11.76,11.76,11.77,11.9,11.9,11.94,11.41,6591810.0,77100209.0,-1.176,-0.14
603011,合锻智能,23.78,23.77,23.78,23.38,23.01,23.96,22.68,33948268.0,795717946.0,1.711,0.4
603012,创力集团,8.79,8.78,8.79,8.73,8.73,8.82,8.5,19224736.0,166883275.0,0.687,0.06
603013,亚普股份,16.23,16.21,16.23,16.17,16.25,16.25,15.99,1144700.0,18430901.0,0.371,0.06
603014,威高血净,32.49,32.49,32.5,33.4,33.1,33.42,32.43,1562201.0,50967742.0,-2.725,-0.91
603015,弘讯科技,10.84,10.83,10.84,10.92,11.0,11.05,10.7,6343276.0,68767109.0,-0.733,-0.08
603016,新宏泰,30.08,30.08,30.09,30.68,31.0,31.09,29.25,9342650.0,279874792.0,-1.956,-0.6
603017,中衡设计,9.44,9.44,9.46,9.5,9.44,9.5,9.28,3410000.0,32081711.0,-0.632,-0.06
603018,华设集团,5.21,5.2,5.21,5.24,5.23,5.24,5.15,5663900.0,29412715.0,-0.573,-0.03
603019,中科曙光,84.11,84.11,84.12,84.34,83.88,84.65,83.29,22044853.0,1852548873.0,-0.273,-0.23
603020,爱普股份,10.06,10.05,10.06,10.05,9.95,10.13,9.8,3324140.0,33157530.0,0.1,0.01
603021,*ST华鹏,5.34,5.34,5.35,5.25,5.3,5.41,5.18,6954820.0,36856759.0,1.714,0.09
603022,新通联,8.81,8.8,8.81,8.75,8.75,8.83,8.55,2281400.0,19834794.0,0.686,0.06
603023,威帝股份,4.06,4.05,4.06,4.02,4.0,4.09,3.94,9292800.0,37395979.0,0.995,0.04
603025,大豪科技,13.81,13.81,13.82,13.9,13.88,13.88,13.71,8481347.0,117024850.0,-0.647,-0.09
603026,石大胜华,65.27,65.26,65.27,63.33,63.33,66.36,62.72,8711536.0,566477642.0,3.063,1.94
603027,千禾味业,7.22,7.22,7.23,7.35,7.35,7.36,7.18,11994132.0,86560956.0,-1.769,-0.13
603028,赛福天,7.01,7.0,7.01,7.0,6.97,7.05,6.84,2345300.0,16334473.0,0.143,0.01
603029,天鹅股份,15.82,15.82,15.83,15.88,15.82,15.98,15.5,1968500.0,31040175.0,-0.378,-0.06
603030,全筑股份,2.09,2.08,2.09,2.07,2.06,2.09,2.01,26773400.0,54974181.0,0.966,0.02
603031,安孚科技,39.18,39.18,39.19,39.29,38.91,39.8,38.25,8305535.0,324642776.0,-0.28,-0.11
603032,德新科技,18.38,18.37,18.38,18.15,17.98,18.54,17.63,4770723.0,86982959.0,1.267,0.23
603033,三维股份,7.58,7.58,7.6,7.49,7.65,7.71,7.39,5893600.0,44663432.0,1.202,0.09
603035,常熟汽饰,11.02,11.02,11.04,11.1,11.1,11.1,10.95,2870719.0,31654526.0,-0.721,-0.08
603036,如通股份,15.79,15.79,15.83,15.49,15.8,16.05,15.0,19961400.0,314144105.0,1.937,0.3
603037,凯众股份,10.19,10.17,10.19,10.08,9.97,10.23,9.93,2285879.0,23082867.0,1.091,0.11
603038,华立股份,16.74,16.73,16.74,16.41,16.59,16.82,16.12,12149272.0,201149744.0,2.011,0.33
603039,泛微网络,42.9,42.88,42.9,42.95,41.59,43.19,40.92,19652185.0,832116603.0,-0.116,-0.05
603040,新坐标,54.06,54.06,54.09,53.45,53.41,54.72,52.5,999161.0,53723157.0,1.141,0.61
603041,美思德,11.14,11.13,11.14,11.12,11.09,11.19,10.76,1279900.0,14132437.0,0.18,0.02
603042,华脉科技,13.82,13.82,13.83,13.74,13.66,13.98,13.5,8701456.0,120245252.0,0.582,0.08
603043,广州酒家,13.5,13.5,13.51,13.81,13.89,13.89,13.5,3884922.0,52807798.0,-2.245,-0.31
603045,福达合金,57.24,57.24,0.0,52.04,51.91,57.24,51.36,8543613.0,477820950.0,9.992,5.2
603048,浙江黎明,21.44,21.44,21.45,21.79,19.61,22.1,19.61,1738700.0,37484881.0,-1.606,-0.35
603049,中策橡胶,49.26,49.25,49.26,50.45,50.22,50.39,49.13,2077786.0,102741411.0,-2.359,-1.19
603050,科林电气,18.53,18.52,18.53,18.49,18.38,18.72,18.21,2494873.0,45794314.0,0.216,0.04
603051,鹿山新材,21.17,21.14,21.17,20.96,21.32,21.62,20.43,5372078.0,112624425.0,1.002,0.21
603052,可川科技,61.46,61.46,0.0,55.87,55.01,61.46,55.0,4525880.0,271758774.0,10.005,5.59
603053,成都燃气,8.71,8.71,8.72,8.72,8.74,8.8,8.68,2012400.0,17570652.0,-0.115,-0.01
603055,台华新材,8.71,8.71,8.72,8.74,8.75,8.75,8.59,6213000.0,53761763.0,-0.343,-0.03
603057,紫燕食品,21.84,21.83,21.84,21.82,22.12,22.23,21.41,1737852.0,37977052.0,0.092,0.02
603058,永吉股份,8.94,8.94,8.95,9.0,8.98,9.07,8.78,6078536.0,54158226.0,-0.667,-0.06
603059,倍加洁,25.57,25.57,25.58,25.76,25.8,25.84,24.9,1177000.0,29807331.0,-0.738,-0.19
603060,国检集团,5.49,5.48,5.49,5.5,5.47,5.54,5.4,4019154.0,21889129.0,-0.182,-0.01
603061,金海通,365.99,365.98,365.99,353.76,348.03,371.98,338.9,5685792.0,2004138215.0,3.457,12.23
603062,麦加芯彩,39.44,39.44,39.46,39.2,39.15,39.6,38.92,235380.0,9227541.0,0.612,0.24
603063,禾望电气,31.72,31.72,31.73,31.42,31.35,32.5,30.97,14549734.0,461604397.0,0.955,0.3
603065,宿迁联盛,17.33,17.33,0.0,15.75,15.66,17.33,15.48,34681800.0,585270279.0,10.032,1.58
603066,音飞储存,9.0,8.99,9.0,9.11,9.02,9.07,8.87,3749114.0,33601502.0,-1.207,-0.11
603067,振华股份,34.18,34.18,34.19,34.2,33.86,34.35,32.85,15370889.0,521000695.0,-0.058,-0.02
603068,博通集成,38.6,38.6,38.62,41.4,40.4,41.42,37.68,13524944.0,527194598.0,-6.763,-2.8
603069,海汽集团,12.92,12.92,12.96,13.06,12.93,12.99,12.66,2536187.0,32573467.0,-1.072,-0.14
603070,万控智造,11.61,11.59,11.61,11.61,11.52,11.62,11.38,1990494.0,22907235.0,0.0,0.0
603071,物产环能,12.46,12.46,12.47,12.41,12.35,12.64,12.35,6048371.0,75490544.0,0.403,0.05
603072,天和磁材,31.51,31.51,31.53,31.52,32.29,32.3,31.11,1746000.0,55064583.0,-0.032,-0.01
603073,彩蝶实业,16.73,16.7,16.73,16.71,16.58,16.78,16.32,1233379.0,20419759.0,0.12,0.02
603075,热威股份,19.25,19.24,19.25,19.01,18.91,19.25,18.66,1780685.0,33900479.0,1.262,0.24
603076,乐惠国际,20.44,20.44,20.45,20.65,20.4,20.74,20.15,1596200.0,32572224.0,-1.017,-0.21
603077,和邦生物,2.37,2.37,2.38,2.38,2.37,2.39,2.32,119929602.0,282707708.0,-0.42,-0.01
603078,江化微,36.08,36.07,36.08,35.28,35.6,36.36,34.38,23193291.0,828126322.0,2.268,0.8
603079,圣达生物,14.03,14.03,0.0,12.75,13.01,14.03,12.8,11910136.0,160811789.0,10.039,1.28
603080,新疆火炬,19.39,19.38,19.39,19.35,19.31,19.59,19.2,1590800.0,30858899.0,0.207,0.04
603081,大丰实业,9.41,9.4,9.41,9.34,9.35,9.42,9.2,2284980.0,21320230.0,0.749,0.07
603082,北自科技,40.9,40.9,40.92,39.44,39.22,41.36,38.51,4089518.0,164449715.0,3.702,1.46
603083,剑桥科技,180.97,180.96,180.97,179.09,179.14,190.85,177.48,26301001.0,4834369326.0,1.05,1.88
603085,天成自控,9.93,9.91,9.93,10.0,9.8,10.05,9.74,3794640.0,37420077.0,-0.7,-0.07
603086,先达股份,5.64,5.64,5.65,5.64,5.6,5.66,5.48,5459035.0,30424301.0,0.0,0.0
603087,甘李药业,68.43,68.43,68.44,71.87,70.03,71.7,68.1,16008003.0,1109789729.0,-4.786,-3.44
603088,宁波精达,9.61,9.6,9.61,8.88,8.84,9.71,8.73,18411595.0,172962495.0,8.221,0.73
603089,正裕工业,9.57,9.57,9.58,10.0,9.5,9.89,9.21,11497531.0,109031523.0,-4.3,-0.43
603090,宏盛股份,37.7,37.7,37.74,36.98,36.71,38.33,36.13,2206673.0,82649061.0,1.947,0.72
603091,众鑫股份,49.49,49.45,49.49,49.54,49.3,50.65,49.0,599201.0,29848223.0,-0.101,-0.05
603092,德力佳,43.11,43.11,43.12,47.34,46.0,46.0,42.9,4111544.0,178912432.0,-8.935,-4.23
603093,南华期货,11.3,11.3,11.31,11.27,11.22,11.42,11.06,9150131.0,103102965.0,0.266,0.03
603095,越剑智能,15.26,15.26,0.0,13.87,13.91,15.26,13.91,7820975.0,116838526.0,10.022,1.39
603096,新经典,15.06,15.05,15.06,15.34,15.2,15.3,14.88,1535560.0,23115807.0,-1.825,-0.28
603097,江苏华辰,19.62,19.61,19.62,18.48,18.44,19.84,18.13,3723740.0,71579619.0,6.169,1.14
603098,森特股份,10.05,10.05,10.07,10.18,10.13,10.16,9.93,2979941.0,29924579.0,-1.277,-0.13
603099,长白山,39.73,39.73,39.74,39.34,39.47,40.27,39.01,7015329.0,278186072.0,0.991,0.39
603100,川仪股份,17.36,17.36,17.37,17.43,17.41,17.44,17.24,2351900.0,40778750.0,-0.402,-0.07
603101,汇嘉时代,7.16,7.16,7.17,7.37,7.3,7.38,7.07,9754924.0,69969543.0,-2.849,-0.21
603102,百合股份,39.72,0.0,39.72,44.13,43.23,44.8,39.72,6896000.0,284086910.0,-9.993,-4.41
603103,横店影视,14.54,14.53,14.55,14.64,14.57,14.64,14.38,3483292.0,50547957.0,-0.683,-0.1
603105,芯能科技,7.04,7.03,7.04,6.99,6.93,7.05,6.88,4238683.0,29603542.0,0.715,0.05
603106,恒银科技,7.36,7.36,7.37,7.21,7.1,7.4,7.01,23851660.0,173003533.0,2.08,0.15
603107,上海汽配,11.82,11.82,11.85,11.88,11.8,11.88,11.67,1637361.0,19245428.0,-0.505,-0.06
603108,润达医疗,9.87,9.86,9.87,10.34,10.19,10.26,9.75,26633926.0,265231804.0,-4.545,-0.47
603109,神驰机电,17.53,17.52,17.53,17.4,17.37,17.57,17.1,1265633.0,22021747.0,0.747,0.13
603110,东方材料,25.5,25.49,25.5,25.28,25.0,25.94,24.56,10670140.0,269495709.0,0.87,0.22
603111,康尼机电,5.75,5.75,5.76,5.78,5.76,5.77,5.67,3100741.0,17745844.0,-0.519,-0.03
603112,华翔股份,16.25,16.25,16.26,16.08,16.07,16.45,15.5,12917157.0,207182867.0,1.057,0.17
603113,金能科技,5.09,5.08,5.09,5.55,5.28,5.35,5.02,44962900.0,230826402.0,-8.288,-0.46
603115,海星股份,78.37,78.36,78.37,77.36,76.58,79.8,74.86,6562891.0,510158516.0,1.306,1.01
603116,红蜻蜓,6.26,6.26,6.27,6.37,6.31,6.33,6.12,5185295.0,32338726.0,-1.727,-0.11
603117,万林物流,3.83,3.83,3.84,3.8,3.8,3.85,3.72,6785529.0,25684996.0,0.789,0.03
603118,共进股份,17.79,17.78,17.79,17.0,17.17,18.49,17.1,149380884.0,2648535363.0,4.647,0.79
603119,浙江荣泰,49.89,49.88,49.9,49.5,49.67,50.15,48.5,6002692.0,297335781.0,0.788,0.39
603120,肯特催化,48.22,48.21,48.22,47.65,47.67,48.7,46.33,1446763.0,69255603.0,1.196,0.57
603121,华培动力,12.33,12.32,12.33,12.18,12.2,12.46,12.03,3619838.0,44459359.0,1.232,0.15
603122,合富中国,11.85,11.85,11.86,12.53,12.48,12.5,11.82,20544783.0,245323566.0,-5.427,-0.68
603123,翠微股份,9.46,9.46,9.47,9.23,9.54,10.0,9.39,73126940.0,704123374.0,2.492,0.23
603124,江南新材,132.42,132.42,132.43,129.9,131.73,135.8,127.8,4134737.0,547347450.0,1.94,2.52
603125,常青科技,23.02,23.01,23.02,22.8,22.77,23.06,22.31,2790796.0,63680768.0,0.965,0.22
603126,中材节能,5.99,5.99,6.0,5.98,5.95,6.02,5.85,4913529.0,29152777.0,0.167,0.01
603127,昭衍新药,49.27,49.26,49.27,52.57,50.24,51.46,48.66,51907934.0,2589876762.0,-6.277,-3.3
603128,华贸物流,5.33,5.33,5.34,5.36,5.36,5.37,5.3,5553342.0,29571482.0,-0.56,-0.03
603129,春风动力,309.01,309.01,309.38,316.38,313.21,316.96,305.19,1272998.0,394560998.0,-2.329,-7.37
603130,云中马,40.07,40.07,40.08,39.8,40.3,40.41,39.27,659262.0,26341541.0,0.678,0.27
603131,上海沪工,14.47,14.46,14.47,14.45,14.3,14.57,14.16,4532381.0,65291551.0,0.138,0.02
603132,XD金徽股,18.94,18.93,18.94,18.27,18.3,18.97,18.04,6727538.0,125262267.0,3.667,0.67
603135,中重科技,9.05,9.05,9.09,9.03,8.94,9.1,8.78,4593599.0,41247703.0,0.221,0.02
603136,天目湖,9.04,9.01,9.04,9.16,9.09,9.16,8.92,4306385.0,38813840.0,-1.31,-0.12
603137,恒尚节能,23.39,23.39,23.4,23.88,23.5,23.76,22.73,14825587.0,345213850.0,-2.052,-0.49
603138,海量数据,12.92,12.91,12.92,12.92,12.8,12.95,12.56,3203511.0,41024160.0,0.0,0.0
603139,康惠股份,34.88,34.88,35.0,35.38,34.84,35.36,34.18,1581200.0,55023390.0,-1.413,-0.5
603150,万朗磁塑,53.91,53.91,53.93,52.31,52.83,54.88,51.06,1472826.0,78875068.0,3.059,1.6
603151,邦基科技,15.6,15.6,15.62,15.73,15.75,15.78,15.33,3763462.0,58475441.0,-0.826,-0.13
603153,上海建科,13.12,13.12,13.14,13.15,13.13,13.15,12.91,962116.0,12531166.0,-0.228,-0.03
603155,新亚强,13.75,13.74,13.75,13.59,13.59,13.76,13.28,5657164.0,76956369.0,1.177,0.16
603156,养元饮品,53.03,53.03,53.04,51.0,51.66,53.6,49.8,18090365.0,928236585.0,3.98,2.03
603158,腾龙股份,10.07,10.06,10.07,9.79,9.72,10.2,9.54,17003756.0,169816672.0,2.86,0.28
603159,上海亚虹,21.8,21.8,21.81,21.19,21.04,22.18,20.73,3195940.0,69264686.0,2.879,0.61
603160,汇顶科技,48.87,48.87,48.88,49.71,49.2,49.38,48.44,5645802.0,275173564.0,-1.69,-0.84
603161,科华控股,15.93,15.93,15.94,15.55,15.55,16.08,15.3,4771110.0,75092198.0,2.444,0.38
603162,海通发展,12.34,12.33,12.34,11.82,11.72,12.68,11.66,42568642.0,525743042.0,4.399,0.52
603163,圣晖集成,82.29,82.26,82.29,82.86,82.54,83.79,80.9,2787350.0,229523364.0,-0.688,-0.57
603165,荣晟环保,13.82,13.81,13.82,13.8,13.85,13.86,13.56,2035833.0,27931452.0,0.145,0.02
603166,福达股份,10.97,10.96,10.97,10.79,10.89,11.07,10.6,7885327.0,86156896.0,1.668,0.18
603167,渤海轮渡,8.68,8.68,8.69,8.7,8.7,8.71,8.62,2431722.0,21056789.0,-0.23,-0.02
603168,莎普爱思,5.58,5.58,5.59,5.75,5.7,5.7,5.47,7945664.0,44128713.0,-2.957,-0.17
603169,兰石重装,6.29,6.28,6.29,6.26,6.27,6.32,6.18,7352200.0,46065535.0,0.479,0.03
603170,宝立食品,12.28,12.28,12.29,12.59,12.58,12.58,12.22,2006900.0,24707048.0,-2.462,-0.31
603171,税友股份,42.58,42.58,42.59,43.34,43.76,44.25,42.07,6166516.0,263959667.0,-1.754,-0.76
603172,万丰股份,17.5,17.48,17.5,17.56,17.55,17.6,17.09,1308800.0,22686527.0,-0.342,-0.06
603173,福斯达,31.46,31.45,31.46,31.39,31.32,31.53,30.66,826923.0,25671232.0,0.223,0.07
603175,超颖电子,91.88,91.77,91.89,89.58,90.0,93.66,87.81,1818272.0,165971097.0,2.568,2.3
603176,汇通集团,4.91,4.91,4.92,4.89,4.87,4.96,4.78,3437400.0,16771935.0,0.409,0.02
603177,德创环保,10.42,10.42,10.43,11.0,10.61,10.78,10.18,14333300.0,148517503.0,-5.273,-0.58
603178,圣龙股份,16.07,16.07,16.08,16.3,15.88,16.27,15.76,5269195.0,84683165.0,-1.411,-0.23
603179,新泉股份,36.73,36.72,36.73,35.05,34.6,36.83,34.5,18042013.0,645176205.0,4.793,1.68
603180,金牌家居,15.38,15.38,15.39,15.53,15.45,15.6,15.18,1221472.0,18764839.0,-0.966,-0.15
603181,皇马科技,12.67,12.67,12.68,12.73,12.73,12.76,12.45,3480019.0,43881334.0,-0.471,-0.06
603182,嘉华股份,13.16,13.16,13.18,13.2,13.19,13.27,12.91,2822700.0,36894600.0,-0.303,-0.04
603183,建研院,4.77,4.76,4.77,4.58,4.58,4.78,4.52,13228949.0,61526029.0,4.148,0.19
603185,弘元绿能,16.83,16.82,16.83,16.77,16.6,16.95,16.51,4876030.0,81954463.0,0.358,0.06
603186,华正新材,172.37,172.37,172.38,164.0,163.38,180.4,163.38,26841216.0,4631855023.0,5.104,8.37
603187,海容冷链,10.97,10.97,10.98,11.16,11.16,11.16,10.92,7044961.0,77369789.0,-1.703,-0.19
603188,亚邦股份,4.58,4.57,4.58,4.56,4.59,4.6,4.46,13671300.0,62025280.0,0.439,0.02
603189,*ST网达,9.02,9.02,9.03,9.2,9.08,9.2,8.9,3065800.0,27616966.0,-1.957,-0.18
603190,亚通精工,16.5,16.48,16.5,16.53,16.58,16.69,16.26,1119800.0,18408810.0,-0.181,-0.03
603191,望变电气,14.73,14.72,14.73,14.71,14.55,14.8,14.27,7701153.0,112428774.0,0.136,0.02
603192,汇得科技,20.13,20.13,20.17,20.13,20.0,20.25,19.75,1150697.0,23056874.0,0.0,0.0
603193,润本股份,20.96,20.96,21.05,21.36,22.46,22.8,20.87,7855548.0,170634935.0,-1.873,-0.4
603194,中力股份,33.27,33.25,33.27,33.46,33.13,33.42,33.01,589685.0,19578540.0,-0.568,-0.19
603195,公牛集团,40.0,40.0,40.05,40.07,39.92,40.13,39.42,2838792.0,113007272.0,-0.175,-0.07
603196,璞源材料,19.61,19.61,19.63,19.5,19.49,19.69,19.1,1280594.0,25025908.0,0.564,0.11
603197,保隆科技,30.68,30.67,30.68,30.45,30.33,30.71,30.0,2025881.0,61617809.0,0.755,0.23
603198,迎驾贡酒,38.97,38.96,38.97,39.95,39.7,39.85,38.9,5543300.0,216815483.0,-2.453,-0.98
603199,九华旅游,33.45,33.45,33.5,34.0,34.26,34.26,33.12,3471692.0,116318671.0,-1.618,-0.55
603200,上海洗霸,35.57,35.55,35.57,35.23,34.88,35.98,34.63,2815994.0,99965403.0,0.965,0.34
603201,常润股份,15.13,15.13,15.14,15.24,15.15,15.2,14.82,1995020.0,30042999.0,-0.722,-0.11
603202,天有为,51.15,51.15,51.19,51.79,51.59,52.0,51.0,713500.0,36530193.0,-1.236,-0.64
603203,快克智能,43.63,43.63,43.64,42.86,42.6,44.34,42.08,5531071.0,240363453.0,1.797,0.77
603205,健尔康,21.51,21.51,21.53,21.94,21.94,21.94,21.36,757577.0,16304052.0,-1.96,-0.43
603206,嘉环科技,13.69,13.69,13.7,13.7,13.6,13.74,13.4,2290544.0,31204774.0,-0.073,-0.01
603207,小方制药,23.46,23.46,23.49,24.88,24.1,24.8,23.37,5704875.0,135968875.0,-5.707,-1.42
603208,江山欧派,11.4,11.4,11.41,11.43,11.4,11.48,11.16,2258839.0,25594361.0,-0.262,-0.03
603209,兴通股份,14.42,14.41,14.42,14.07,14.06,14.55,13.84,12611499.0,179709833.0,2.488,0.35
603210,泰鸿万立,13.28,13.28,13.3,13.59,13.52,13.58,13.25,2454480.0,32744929.0,-2.281,-0.31
603211,晋拓股份,23.07,23.06,23.07,23.25,22.91,23.36,22.51,9778921.0,224721819.0,-0.774,-0.18
603212,赛伍技术,11.51,11.51,11.52,11.43,11.38,11.59,11.28,4883500.0,56079615.0,0.7,0.08
603213,镇洋发展,13.97,13.96,13.97,13.82,13.81,14.05,13.71,2788300.0,38816586.0,1.085,0.15
603214,爱婴室,13.81,13.8,13.81,13.89,13.85,13.92,13.54,1672000.0,22910979.0,-0.576,-0.08
603215,比依股份,14.34,14.33,14.42,14.44,14.42,14.51,14.08,945800.0,13545127.0,-0.693,-0.1
603216,梦天家居,21.06,21.06,21.1,21.14,21.07,21.28,20.49,5143739.0,107478711.0,-0.378,-0.08
603217,元利科技,26.5,26.5,26.51,26.48,26.8,27.75,26.0,5198457.0,138858905.0,0.076,0.02
603218,日月股份,9.64,9.64,9.65,9.7,9.69,9.69,9.59,2999484.0,28914149.0,-0.619,-0.06
603219,富佳股份,13.52,13.51,13.52,13.62,13.49,13.75,13.3,2116240.0,28679696.0,-0.734,-0.1
603220,中贝通信,18.47,18.46,18.47,17.89,17.71,18.74,17.51,26100270.0,474719099.0,3.242,0.58
603221,爱丽家居,26.26,26.25,26.26,28.6,27.3,28.35,25.76,22987880.0,620551398.0,-8.182,-2.34
603222,济民健康,8.22,8.22,8.23,8.55,8.34,8.49,8.16,20315828.0,168591261.0,-3.86,-0.33
603223,恒通股份,10.46,10.46,10.48,10.5,10.5,10.6,10.38,6162937.0,64714365.0,-0.381,-0.04
603225,新凤鸣,19.02,19.01,19.02,18.97,18.75,19.2,18.36,19214594.0,360664919.0,0.264,0.05
603226,菲林格尔,44.6,44.59,44.6,44.7,44.7,45.3,43.27,1617316.0,72146445.0,-0.224,-0.1
603227,雪峰科技,7.65,7.65,7.67,7.69,7.69,7.74,7.57,6239195.0,47695248.0,-0.52,-0.04
603228,景旺电子,94.84,94.83,94.84,89.22,88.4,96.82,88.4,43891028.0,4112276823.0,6.299,5.62
603229,奥翔药业,8.1,8.1,8.11,8.35,8.27,8.34,7.99,11664937.0,94818930.0,-2.994,-0.25
603230,内蒙新华,9.08,9.08,9.09,9.21,9.19,9.19,9.02,1417800.0,12874055.0,-1.412,-0.13
603231,索宝蛋白,16.09,16.09,16.1,16.1,16.1,16.15,15.65,2996401.0,47481993.0,-0.062,-0.01
603232,格尔软件,14.74,14.73,14.74,14.63,14.55,14.78,14.33,5014800.0,73208405.0,0.752,0.11
603233,大参林,17.66,17.66,17.67,18.19,18.1,18.18,17.61,5848260.0,103615497.0,-2.914,-0.53
603235,天新药业,22.9,22.88,22.9,23.39,23.3,23.38,22.78,517600.0,11863280.0,-2.095,-0.49
603236,移远通信,58.01,58.01,58.02,59.88,59.28,60.33,57.0,17753159.0,1036122380.0,-3.123,-1.87
603237,五芳斋,14.15,14.15,14.18,14.28,14.18,14.28,13.98,1120500.0,15798885.0,-0.91,-0.13
603238,诺邦股份,12.3,12.3,12.31,12.4,12.3,12.35,12.1,1517200.0,18541916.0,-0.806,-0.1
603239,浙江仙通,14.35,14.35,14.36,14.47,14.25,14.44,14.25,1946513.0,27938574.0,-0.829,-0.12
603248,锡华科技,18.11,18.11,18.16,18.31,18.4,18.4,17.98,1953905.0,35442969.0,-1.092,-0.2
603255,鼎际得,27.55,27.5,27.55,27.84,27.57,28.01,27.1,1020600.0,28061051.0,-1.042,-0.29
603256,宏和科技,140.41,140.41,140.42,137.4,137.42,143.03,134.31,14590957.0,2035374682.0,2.191,3.01
603257,中国瑞林,63.99,63.99,64.0,62.4,62.0,64.15,61.19,1316269.0,82705759.0,2.548,1.59
603258,电魂网络,12.65,12.65,12.66,12.72,12.56,12.69,12.4,1921705.0,24158335.0,-0.55,-0.07
603259,药明康德,162.86,162.86,162.87,167.9,164.0,166.39,162.11,57244517.0,9385096691.0,-3.002,-5.04
603260,合盛硅业,35.19,35.18,35.19,35.06,34.98,35.45,34.53,6099396.0,214006986.0,0.371,0.13
603261,立航科技,50.67,50.65,50.67,49.9,50.4,50.83,48.96,1269800.0,63534615.0,1.543,0.77
603262,技源集团,17.67,17.66,17.67,17.9,17.9,17.94,17.6,2306501.0,40810385.0,-1.285,-0.23
603266,天龙股份,15.61,15.6,15.61,15.6,15.39,15.78,15.33,1732400.0,26909243.0,0.064,0.01
603267,鸿远电子,49.19,49.18,49.19,48.61,47.9,49.44,47.55,5140169.0,251132610.0,1.193,0.58
603268,松发股份,182.81,182.81,182.84,176.21,176.21,186.6,176.03,6083602.0,1117895614.0,3.746,6.6
603269,海鸥股份,17.81,17.81,17.82,17.49,17.4,18.18,17.09,17213187.0,306728525.0,1.83,0.32
603270,金帝股份,27.87,27.86,27.87,27.73,27.71,28.26,26.98,2131730.0,59179289.0,0.505,0.14
603271,永杰新材,43.34,43.33,43.34,42.92,42.99,43.38,42.5,1344875.0,57964776.0,0.979,0.42
603272,*ST联翔,14.25,14.25,14.26,13.74,13.74,14.35,13.33,3451700.0,47863306.0,3.712,0.51
603273,天元智能,14.5,14.5,14.51,14.35,14.39,14.73,14.22,2382691.0,34466603.0,1.045,0.15
603275,众辰科技,35.52,35.48,35.52,35.41,35.41,35.65,34.71,480193.0,16972101.0,0.311,0.11
603276,恒兴新材,16.13,16.12,16.13,16.38,16.38,16.39,15.75,2588848.0,41432818.0,-1.526,-0.25
603277,银都股份,12.5,12.49,12.5,11.92,11.78,12.8,11.27,11573295.0,139829234.0,4.866,0.58
603278,大业股份,9.06,9.06,9.07,8.92,8.81,9.09,8.71,8254241.0,73869500.0,1.57,0.14
603279,景津装备,12.47,12.46,12.47,12.53,12.53,12.55,12.26,5170360.0,64120404.0,-0.479,-0.06
603280,南方路机,26.56,26.56,26.57,26.96,26.88,26.88,25.78,2255506.0,59222141.0,-1.484,-0.4
603281,江瀚新材,19.33,19.33,19.34,19.17,18.98,19.48,18.87,3560203.0,68662423.0,0.835,0.16
603282,亚光股份,15.61,15.59,15.62,15.42,15.42,15.66,15.22,1318300.0,20406313.0,1.232,0.19
603283,赛腾股份,46.75,46.74,46.75,46.82,46.56,47.82,45.77,16269442.0,761132989.0,-0.15,-0.07
603284,林平发展,41.8,41.8,41.81,42.77,42.24,42.52,41.4,1799244.0,75314050.0,-2.268,-0.97
603285,键邦股份,35.65,35.64,35.65,37.51,38.41,38.41,34.7,11283797.0,402605880.0,-4.959,-1.86
603286,日盈电子,41.06,41.06,41.09,41.1,40.68,41.35,40.17,1863594.0,76202857.0,-0.097,-0.04
603288,海天味业,35.05,35.05,35.06,35.75,35.58,35.69,34.65,16063929.0,562650489.0,-1.958,-0.7
603289,泰瑞机器,8.65,8.65,8.66,8.68,8.68,8.7,8.54,3236957.0,27958782.0,-0.346,-0.03
603290,斯达半导,97.96,97.96,97.97,95.62,95.61,99.92,95.61,16321521.0,1604339545.0,2.447,2.34
603291,联合水务,9.43,9.43,9.44,9.2,9.25,9.45,8.94,6483412.0,59640467.0,2.5,0.23
603293,埃泰克,34.9,34.9,34.93,35.2,35.1,35.15,34.6,759611.0,26493849.0,-0.852,-0.3
603296,华勤技术,78.24,78.23,78.24,78.32,78.0,79.17,77.5,15515913.0,1215674441.0,-0.102,-0.08
603297,永新光学,106.87,106.87,106.88,107.26,106.68,109.66,105.28,1279228.0,137560123.0,-0.364,-0.39
603298,杭叉集团,25.9,25.9,25.92,26.32,26.34,26.35,25.71,3145716.0,81656098.0,-1.596,-0.42
603299,苏盐井神,8.98,8.98,8.99,9.09,9.09,9.12,8.94,4521130.0,40666463.0,-1.21,-0.11
603300,海南华铁,4.77,4.77,4.78,4.86,4.84,4.85,4.74,29934980.0,143150448.0,-1.852,-0.09
603301,振德医疗,81.82,81.82,81.9,82.6,82.47,82.7,80.61,1280800.0,104552550.0,-0.944,-0.78
603303,得邦照明,22.97,22.97,23.0,23.56,23.18,23.48,21.85,4176020.0,95289580.0,-2.504,-0.59
603305,旭升集团,11.23,11.23,11.24,11.23,11.2,11.28,11.08,11212249.0,125492802.0,0.0,0.0
603306,华懋科技,74.26,74.26,74.27,74.28,74.2,75.65,72.24,10508753.0,781333567.0,-0.027,-0.02
603307,扬州金泉,25.61,25.61,25.7,25.44,25.28,26.0,24.82,782071.0,19911425.0,0.668,0.17
603308,应流股份,44.28,44.28,44.3,44.56,44.5,45.36,43.66,21107603.0,939236115.0,-0.628,-0.28
603309,维力医疗,11.56,11.56,11.57,11.96,11.86,11.9,11.55,6752622.0,78658516.0,-3.344,-0.4
603310,巍华新材,14.7,14.7,14.71,14.77,14.8,14.8,14.62,981739.0,14423016.0,-0.474,-0.07
603311,金海高科,28.98,28.98,29.0,29.0,28.72,29.49,28.29,3030500.0,87524257.0,-0.069,-0.02
603312,西典新能,31.06,31.06,31.08,30.87,30.68,31.2,30.2,732823.0,22561951.0,0.615,0.19
603313,梦百合,6.08,6.08,6.09,6.12,6.1,6.16,5.99,10509172.0,63673782.0,-0.654,-0.04
603315,福鞍股份,11.67,11.66,11.67,11.51,11.65,11.69,11.24,3649200.0,42062728.0,1.39,0.16
603316,诚邦股份,14.05,14.04,14.05,13.91,13.91,14.18,13.63,6776500.0,94935343.0,1.006,0.14
603317,天味食品,13.44,13.44,13.45,14.66,14.69,14.71,13.4,20785305.0,286216758.0,-8.322,-1.22
603318,水发燃气,9.54,9.54,0.0,8.67,8.72,9.54,8.67,44188630.0,416796181.0,10.035,0.87
603319,美湖股份,26.22,26.22,26.23,24.61,24.61,26.45,23.74,18936309.0,474641129.0,6.542,1.61
603320,迪贝电气,16.54,16.54,16.61,16.52,16.63,16.67,16.09,1182900.0,19457862.0,0.121,0.02
603321,梅轮电梯,6.32,6.31,6.32,6.35,6.35,6.35,6.2,2721772.0,17089677.0,-0.472,-0.03
603322,超讯科技,26.21,26.21,26.22,26.34,26.21,26.47,25.83,3069540.0,80107338.0,-0.494,-0.13
603323,苏农银行,4.19,4.18,4.19,4.21,4.21,4.23,4.17,21115422.0,88494515.0,-0.475,-0.02
603324,盛剑科技,27.45,27.45,27.46,27.46,27.21,27.86,26.6,4027602.0,110107016.0,-0.036,-0.01
603325,博隆技术,52.38,52.27,52.38,51.96,52.52,52.55,51.5,290579.0,15100735.0,0.808,0.42
603326,我乐家居,6.99,6.99,7.0,6.99,6.99,7.02,6.76,4183300.0,28870617.0,0.0,0.0
603327,福蓉科技,9.33,9.32,9.33,8.86,8.85,9.7,8.73,54728705.0,508118431.0,5.305,0.47
603328,依顿电子,11.07,11.06,11.07,11.1,11.03,11.22,10.91,14637300.0,162115305.0,-0.27,-0.03
603329,上海雅仕,10.44,10.44,10.45,10.59,10.52,10.64,10.26,3226399.0,33519804.0,-1.416,-0.15
603330,天洋新材,9.97,9.97,0.0,9.06,8.59,9.97,8.59,117289878.0,1127323852.0,10.044,0.91
603331,百达精工,12.49,12.48,12.49,12.44,12.39,12.55,12.35,3199290.0,39909862.0,0.402,0.05
603332,苏州龙杰,11.61,11.61,11.62,11.49,11.4,11.68,11.25,5249400.0,60238255.0,1.044,0.12
603333,福华尚纬,9.85,9.85,0.0,8.95,9.56,9.85,9.4,18605641.0,182185418.0,10.056,0.9
603334,丰倍生物,32.67,32.66,32.67,34.29,34.29,34.49,32.35,3363656.0,110552802.0,-4.724,-1.62
603335,迪生力,6.73,6.72,6.73,6.53,6.5,6.75,6.39,11546950.0,75893447.0,3.063,0.2
603336,宏辉果蔬,9.25,9.24,9.25,9.26,9.1,9.32,8.82,17398000.0,157750185.0,-0.108,-0.01
603337,杰克科技,37.9,37.9,37.91,37.5,37.19,38.0,36.9,2978043.0,111792237.0,1.067,0.4
603338,浙江鼎力,53.76,53.74,53.76,54.23,54.23,54.3,53.0,3162354.0,169933099.0,-0.867,-0.47
603339,四方科技,13.92,13.91,13.92,13.8,13.73,14.0,13.55,4658835.0,64379527.0,0.87,0.12
603341,龙旗科技,37.29,37.28,37.29,36.6,36.5,37.95,36.17,8246589.0,306361793.0,1.885,0.69
603344,星德胜,22.66,22.64,22.66,22.45,22.47,22.77,21.99,1639798.0,36838796.0,0.935,0.21
603345,安井食品,79.0,79.0,79.02,81.46,81.11,81.27,78.85,5959637.0,472832535.0,-3.02,-2.46
603348,文灿股份,14.12,14.12,14.13,14.34,14.3,14.32,13.93,2029144.0,28586646.0,-1.534,-0.22
603350,安乃达,28.13,28.03,28.13,28.1,28.38,28.38,27.66,355548.0,9937781.0,0.107,0.03
603351,威尔药业,26.74,26.74,26.81,27.4,27.1,27.1,26.34,1568780.0,41829188.0,-2.409,-0.66
603352,至信股份,25.91,25.9,25.91,25.69,25.67,25.93,25.48,768819.0,19799347.0,0.856,0.22
603353,和顺石油,30.66,30.66,30.67,30.2,30.53,31.42,30.13,3076500.0,94698744.0,1.523,0.46
603355,莱克电气,28.51,28.51,28.53,27.56,27.9,29.2,27.78,3938202.0,113033899.0,3.447,0.95
603356,华菱精工,17.03,17.02,17.03,16.75,16.75,17.08,16.36,2413900.0,40529167.0,1.672,0.28
603357,设计总院,5.92,5.92,5.93,5.99,5.96,5.96,5.87,2677344.0,15805834.0,-1.169,-0.07
603358,华达科技,47.19,47.19,47.2,45.2,45.7,47.7,44.8,13304938.0,621254761.0,4.403,1.99
603359,*ST东珠,2.15,2.14,2.15,2.11,2.09,2.16,2.05,4763940.0,10090702.0,1.896,0.04
603360,百傲化学,12.65,12.64,12.65,12.37,12.33,12.79,12.14,10358846.0,129701964.0,2.264,0.28
603363,傲农生物,2.89,2.89,2.9,2.93,2.91,2.92,2.85,22301400.0,64209754.0,-1.365,-0.04
603365,水星家纺,17.91,17.9,17.91,17.66,17.45,17.95,17.37,2340600.0,41314254.0,1.416,0.25
603366,日出东方,7.18,7.17,7.18,7.41,7.39,7.4,7.12,28574381.0,205488157.0,-3.104,-0.23
603367,辰欣药业,14.1,14.1,14.11,14.91,14.7,14.73,14.01,14319830.0,203077442.0,-5.433,-0.81
603368,柳药集团,15.88,15.88,15.89,16.54,16.37,16.45,15.88,7414360.0,118857269.0,-3.99,-0.66
603369,今世缘,27.89,27.89,27.9,28.72,28.61,28.67,27.84,13234035.0,371581280.0,-2.89,-0.83
603370,华新精科,32.78,32.71,32.78,32.9,32.96,33.0,32.18,469609.0,15264836.0,-0.365,-0.12
603373,安邦护卫,38.61,38.6,38.61,38.71,38.52,38.92,37.71,1132260.0,43432983.0,-0.258,-0.1
603375,盛景微,39.21,39.21,39.31,38.77,38.47,39.4,38.1,1335046.0,51890618.0,1.135,0.44
603376,大明电子,26.9,26.9,26.95,28.4,28.4,28.4,26.83,4823766.0,131859449.0,-5.282,-1.5
603377,ST东时,2.89,2.88,2.89,2.9,2.95,2.95,2.86,1607222.0,4650125.0,-0.345,-0.01
603378,*ST亚士,6.13,6.13,6.14,5.63,5.63,6.19,5.53,22910907.0,138018030.0,8.881,0.5
603379,三美股份,61.45,61.45,61.46,61.19,61.17,62.15,60.92,3787680.0,232577024.0,0.425,0.26
603380,易德龙,35.47,35.47,35.48,33.72,33.25,36.0,33.01,3920402.0,135306742.0,5.19,1.75
603381,永臻股份,15.27,15.27,15.28,15.14,15.1,15.38,14.84,3985580.0,60505135.0,0.859,0.13
603382,海阳科技,20.34,0.0,20.34,22.6,22.36,22.5,20.34,7694905.0,159601048.0,-10.0,-2.26
603383,顶点软件,28.59,28.58,28.59,28.13,28.0,28.79,27.61,3868839.0,109383018.0,1.635,0.46
603385,惠达卫浴,5.49,5.49,5.5,5.55,5.49,5.54,5.35,3887300.0,21178691.0,-1.081,-0.06
603386,骏亚科技,13.85,13.85,13.86,13.68,13.73,13.99,13.34,6084256.0,84077898.0,1.243,0.17
603387,基蛋生物,9.42,9.42,9.44,9.65,9.51,9.56,9.23,13284135.0,124496817.0,-2.383,-0.23
603389,亚振家居,45.85,45.85,45.86,46.23,46.74,47.38,45.08,2657660.0,121916030.0,-0.822,-0.38
603390,通达电气,10.12,10.11,10.12,10.08,10.04,10.17,9.92,3797155.0,38187219.0,0.397,0.04
603391,力聚热能,68.57,68.57,68.6,70.5,70.0,71.0,68.02,2791200.0,192766960.0,-2.738,-1.93
603392,万泰生物,30.59,30.59,30.6,30.81,30.6,32.55,29.96,20173729.0,629942960.0,-0.714,-0.22
603393,新天然气,24.37,24.37,24.38,23.8,23.94,24.95,23.86,12679031.0,311194506.0,2.395,0.57
603395,红四方,27.58,0.0,27.58,30.64,29.0,29.46,27.58,9766464.0,272837713.0,-9.987,-3.06
603396,金辰股份,25.65,25.65,25.72,25.55,25.36,25.85,25.08,2202700.0,56354500.0,0.391,0.1
603398,*ST沐邦,10.82,10.81,10.82,10.49,10.51,10.96,10.12,8624600.0,90091409.0,3.146,0.33
603399,永杉锂业,15.06,15.05,15.06,14.07,14.09,15.29,13.9,74812840.0,1107132168.0,7.036,0.99
603400,华之杰,48.85,48.84,48.85,50.78,49.09,49.33,46.01,5399604.0,259977373.0,-3.801,-1.93
603402,陕西旅游,61.84,61.84,61.9,63.33,62.13,62.9,61.03,1473880.0,91289216.0,-2.353,-1.49
603406,天富龙,29.16,29.16,29.17,29.02,29.0,29.95,28.84,4317199.0,126657687.0,0.482,0.14
603407,长裕集团,59.61,59.61,59.62,60.28,58.69,60.2,57.33,5548802.0,328221551.0,-1.111,-0.67
603408,建霖家居,10.29,10.28,10.29,10.39,10.34,10.34,10.1,1894700.0,19347986.0,-0.962,-0.1
603409,汇通控股,17.91,17.9,17.91,17.89,17.89,17.97,17.55,1541580.0,27458412.0,0.112,0.02
603416,信捷电气,45.37,45.37,45.38,45.71,45.25,45.64,44.66,2099464.0,94522279.0,-0.744,-0.34
603418,友升股份,42.82,42.82,42.86,43.2,43.29,43.32,42.6,584465.0,25034475.0,-0.88,-0.38
603421,鼎信通讯,5.88,5.87,5.88,5.85,5.82,5.9,5.71,8231080.0,48017343.0,0.513,0.03
603429,*ST集友,9.05,9.02,9.05,8.3,8.39,9.05,8.3,5343236.0,46497211.0,9.036,0.75
603435,嘉德利,50.38,50.37,50.38,50.58,49.99,50.86,49.0,1810868.0,90686979.0,-0.395,-0.2
603439,三力制药,12.41,12.41,12.42,12.92,12.67,12.92,11.9,18404400.0,228776547.0,-3.947,-0.51
603444,吉比特,383.81,383.8,383.81,393.91,390.0,391.47,380.1,2017859.0,777464186.0,-2.564,-10.1
603456,九洲药业,16.6,16.6,16.61,17.26,16.83,16.97,16.11,44321794.0,734454846.0,-3.824,-0.66
603458,勘设股份,9.2,9.2,9.21,9.86,9.84,9.84,9.1,19372361.0,181091406.0,-6.694,-0.66
603459,红板科技,87.25,87.25,87.26,87.0,86.0,88.76,85.34,7726986.0,673900318.0,0.287,0.25
603466,风语筑,11.31,11.3,11.31,11.51,11.47,11.49,11.16,32404434.0,366084307.0,-1.738,-0.2
603468,津富士达,23.85,23.84,23.85,24.19,24.11,24.11,23.71,3269408.0,78008139.0,-1.406,-0.34
603477,巨星农牧,14.35,14.35,14.36,14.36,14.23,14.5,14.14,11172944.0,159924522.0,-0.07,-0.01
603486,科沃斯,61.15,61.14,61.15,61.5,61.2,61.88,60.35,4114422.0,250756470.0,-0.569,-0.35
603488,展鹏科技,8.18,8.18,8.19,8.21,8.28,8.28,8.02,6179900.0,50484185.0,-0.365,-0.03
603489,八方股份,27.66,27.65,27.66,27.29,27.09,27.74,26.75,1575707.0,43058536.0,1.356,0.37
603496,恒为科技,24.22,24.22,24.23,24.14,23.85,24.4,23.3,9486732.0,226876673.0,0.331,0.08
603499,翔港科技,11.82,11.82,11.83,11.72,11.6,11.85,11.39,4160282.0,48589045.0,0.853,0.1
603500,祥和实业,9.51,9.5,9.51,9.37,9.37,9.58,9.15,5276920.0,49435168.0,1.494,0.14
603501,豪威集团,85.82,85.82,85.83,85.99,85.44,86.61,85.01,10579596.0,909045832.0,-0.198,-0.17
603505,金石资源,15.28,15.28,15.29,15.39,15.15,15.36,14.97,10091973.0,153081733.0,-0.715,-0.11
603506,南都物业,10.83,10.83,10.9,10.95,10.75,11.17,10.65,13094554.0,142842401.0,-1.096,-0.12
603507,振江股份,23.04,23.03,23.04,23.15,23.05,23.31,22.8,4337118.0,100042233.0,-0.475,-0.11
603508,思维列控,21.2,21.2,21.21,21.42,21.39,21.4,21.11,3058212.0,64820175.0,-1.027,-0.22
603511,爱慕股份,12.62,12.6,12.62,12.84,12.78,12.78,12.47,1117029.0,14044690.0,-1.713,-0.22
603515,欧普照明,16.3,16.29,16.3,16.29,16.11,16.35,16.04,1239400.0,20064039.0,0.061,0.01
603516,淳中科技,98.26,98.26,98.28,93.67,93.94,99.98,92.18,6530908.0,634520347.0,4.9,4.59
603517,ST绝味,11.33,11.32,11.33,11.25,11.26,11.44,11.13,5641100.0,63712606.0,0.711,0.08
603518,锦泓集团,8.01,8.01,8.02,8.15,8.09,8.15,7.93,6117000.0,48911794.0,-1.718,-0.14
603519,立霸股份,16.41,16.4,16.41,16.53,16.53,17.1,16.14,22518294.0,371460443.0,-0.726,-0.12
603520,司太立,8.86,8.86,8.87,9.1,9.0,9.0,8.73,8914024.0,78922755.0,-2.637,-0.24
603527,众源新材,10.0,9.99,10.0,9.79,9.72,10.01,9.65,5372081.0,53174953.0,2.145,0.21
603528,多伦科技,6.2,6.19,6.2,6.2,6.18,6.23,6.08,6376171.0,39296020.0,0.0,0.0
603529,爱玛科技,21.27,21.26,21.27,21.35,21.35,21.39,21.13,3157499.0,67020451.0,-0.375,-0.08
603530,神马电力,49.38,49.38,49.39,48.88,48.89,50.35,48.17,3352700.0,165552408.0,1.023,0.5
603533,掌阅科技,20.95,20.95,20.96,21.33,21.01,21.19,20.66,9387479.0,196455487.0,-1.782,-0.38
603535,嘉诚国际,6.33,6.33,6.34,6.37,6.34,6.38,6.2,3800919.0,23973939.0,-0.628,-0.04
603536,惠发食品,9.5,9.5,9.51,9.71,9.72,9.72,9.36,4816600.0,45686215.0,-2.163,-0.21
603538,美诺华,28.51,0.0,28.51,31.68,29.92,30.0,28.51,43157519.0,1236127843.0,-10.006,-3.17
603551,奥普科技,9.27,9.26,9.27,9.5,9.45,9.45,9.12,3985799.0,36762820.0,-2.421,-0.23
603556,海兴电力,25.75,25.75,25.76,26.43,26.13,26.57,25.6,9886886.0,256666839.0,-2.573,-0.68
603557,*ST起步,3.63,3.62,3.63,3.66,3.67,3.67,3.56,4183472.0,15093150.0,-0.82,-0.03
603558,健盛集团,11.85,11.85,11.86,12.07,12.07,12.07,11.72,3693844.0,43710661.0,-1.823,-0.22
603559,中通国脉,9.02,9.02,9.03,8.86,8.68,9.08,8.33,14014956.0,122304274.0,1.806,0.16
603565,中谷物流,12.29,12.29,12.3,12.06,11.97,12.37,11.81,31525306.0,382545325.0,1.907,0.23
603566,普莱柯,10.29,10.28,10.29,10.6,10.6,10.6,10.17,4638961.0,47694463.0,-2.925,-0.31
603567,珍宝岛,5.64,5.63,5.64,6.21,6.0,6.02,5.63,61219796.0,350858042.0,-9.179,-0.57
603568,伟明环保,14.6,14.6,14.61,14.9,14.9,14.9,14.6,6039625.0,88715973.0,-2.013,-0.3
603569,长久物流,5.86,5.86,5.87,5.91,5.91,5.92,5.79,3236804.0,18933375.0,-0.846,-0.05
603577,汇金通,10.17,10.16,10.17,10.04,10.0,10.18,9.9,3023000.0,30414733.0,1.295,0.13
603578,三星新材,13.49,13.49,13.5,13.75,13.8,13.84,13.0,10412920.0,139501768.0,-1.891,-0.26
603579,荣泰健康,18.03,18.01,18.03,17.97,17.9,18.14,17.48,2305817.0,41135232.0,0.334,0.06
603580,艾艾精工,80.78,80.78,80.79,74.79,77.1,82.27,73.0,18128656.0,1443238964.0,8.009,5.99
603583,捷昌驱动,23.17,23.15,23.17,23.06,23.0,23.2,22.81,1885890.0,43446737.0,0.477,0.11
603585,苏利股份,10.03,10.02,10.03,10.15,10.06,10.11,9.9,2693035.0,26864174.0,-1.182,-0.12
603586,金麒麟,13.41,13.41,13.42,13.46,13.46,13.56,13.23,1455655.0,19448309.0,-0.371,-0.05
603587,地素时尚,11.64,11.63,11.64,11.8,11.68,11.82,11.53,1324927.0,15400291.0,-1.356,-0.16
603588,高能环境,13.83,13.82,13.83,13.66,13.7,14.09,13.4,51935774.0,718057252.0,1.245,0.17
603589,口子窖,18.94,18.94,18.96,19.26,19.3,19.3,18.87,4058500.0,76940896.0,-1.661,-0.32
603590,康辰药业,32.21,32.21,32.25,34.33,36.26,36.26,32.21,10286184.0,347873917.0,-6.175,-2.12
603595,ST东尼,26.13,26.12,26.13,26.0,26.08,26.31,25.03,1635720.0,42076777.0,0.5,0.13
603596,伯特利,25.12,25.12,25.13,25.3,25.0,25.3,24.79,6396270.0,160397460.0,-0.711,-0.18
603598,引力传媒,16.97,16.96,16.97,17.15,17.0,17.05,16.54,7770423.0,130881813.0,-1.05,-0.18
603599,广信股份,10.11,10.11,10.12,10.14,10.14,10.14,9.98,6291383.0,63232324.0,-0.296,-0.03
603600,永艺股份,9.6,9.6,9.61,9.7,9.68,9.71,9.46,3442562.0,32857027.0,-1.031,-0.1
603601,再升科技,8.95,8.94,8.95,8.84,8.78,9.0,8.64,44798818.0,398343512.0,1.244,0.11
603602,纵横通信,11.62,11.61,11.62,11.62,11.51,11.66,11.41,2386419.0,27500504.0,0.0,0.0
603605,珀莱雅,57.0,57.0,57.01,57.39,57.7,57.71,56.8,2507138.0,143003085.0,-0.68,-0.39
603606,东方电缆,34.11,34.1,34.11,35.86,35.51,35.51,34.0,24946951.0,856707284.0,-4.88,-1.75
603607,京华激光,21.59,21.59,21.6,21.59,21.47,21.62,20.81,3433200.0,72785821.0,0.0,0.0
603608,天创时尚,18.53,18.53,18.54,17.87,18.05,18.66,17.29,15767032.0,284645781.0,3.693,0.66
603609,禾丰股份,6.26,6.26,6.27,6.36,6.3,6.35,6.18,3112342.0,19390597.0,-1.572,-0.1
603610,麒盛科技,15.26,15.26,15.27,15.36,15.25,15.5,15.06,4502484.0,68578851.0,-0.651,-0.1
603611,诺力股份,16.8,16.8,16.81,16.76,16.68,16.84,16.54,1055660.0,17605290.0,0.239,0.04
603612,索通发展,16.66,16.65,16.66,16.44,16.35,16.74,16.18,7051907.0,116822660.0,1.338,0.22
603613,国联股份,18.24,18.24,18.25,18.59,18.51,18.56,18.13,6407166.0,116955484.0,-1.883,-0.35
603615,茶花股份,16.92,16.92,16.93,17.14,17.1,17.1,16.5,2251609.0,37929238.0,-1.284,-0.22
603616,韩建河山,5.45,5.44,5.45,5.37,5.36,5.48,5.26,8023600.0,43195623.0,1.49,0.08
603617,君禾股份,6.76,6.76,6.77,6.71,6.67,6.82,6.59,5230372.0,35064691.0,0.745,0.05
603618,杭电股份,28.53,28.52,28.53,27.74,27.45,29.17,26.8,72830714.0,2050278739.0,2.848,0.79
603619,中曼石油,23.48,23.47,23.48,22.46,22.85,23.95,22.51,51497826.0,1207461535.0,4.541,1.02
603626,科森科技,18.65,18.65,0.0,16.95,17.5,18.65,17.49,43655310.0,800520926.0,10.029,1.7
603628,清源股份,9.54,9.54,9.55,9.52,9.47,9.59,9.36,2381500.0,22616908.0,0.21,0.02
603629,利通电子,125.97,125.96,125.97,130.57,127.96,130.8,125.0,33940925.0,4313479823.0,-3.523,-4.6
603630,拉芳家化,14.41,14.41,14.43,14.97,14.78,14.9,14.21,6588205.0,94768836.0,-3.741,-0.56
603633,徕木股份,6.39,6.39,6.4,6.36,6.35,6.43,6.23,4674279.0,29672724.0,0.472,0.03
603636,南威软件,6.87,6.87,6.88,6.92,6.92,6.96,6.71,10558700.0,71887228.0,-0.723,-0.05
603637,镇海股份,13.04,13.04,13.07,14.06,14.08,14.2,12.66,17539312.0,230363166.0,-7.255,-1.02
603638,艾迪精密,19.0,19.0,19.01,18.9,18.81,19.03,18.69,4595600.0,86771970.0,0.529,0.1
603639,海利尔,10.56,10.56,10.58,10.76,10.69,10.71,10.5,2445080.0,25796820.0,-1.859,-0.2
603648,畅联股份,9.37,9.37,9.38,9.28,9.24,9.41,9.17,2785698.0,25920151.0,0.97,0.09
603650,彤程新材,64.47,64.47,64.48,65.36,65.47,66.65,63.92,14440702.0,937259095.0,-1.362,-0.89
603655,朗博科技,33.16,33.16,33.18,33.1,32.87,33.22,32.24,1770262.0,57939145.0,0.181,0.06
603656,泰禾智能,17.53,17.53,17.54,17.37,17.36,17.59,17.11,1340400.0,23330789.0,0.921,0.16
603657,春光科技,27.97,27.95,27.97,27.26,27.47,28.36,26.81,3834520.0,105956159.0,2.605,0.71
603658,安图生物,34.6,34.6,34.65,34.9,34.45,34.99,34.15,5013601.0,173198874.0,-0.86,-0.3
603659,璞泰来,24.18,24.17,24.18,23.73,23.73,24.77,23.52,38660428.0,938333823.0,1.896,0.45
603660,苏州科达,11.41,11.41,11.42,11.28,11.28,11.56,11.0,22300804.0,251702919.0,1.152,0.13
603661,恒林股份,33.0,33.0,33.03,32.47,32.32,33.3,31.82,1550515.0,50482349.0,1.632,0.53
603662,柯力传感,49.48,49.48,49.49,49.05,48.92,49.64,48.13,3602200.0,176599328.0,0.877,0.43
603663,三祥新材,43.11,43.11,43.12,40.76,40.6,43.52,39.9,25952764.0,1088686869.0,5.765,2.35
603665,康隆达,20.92,20.91,20.92,20.91,20.71,20.95,20.4,1719248.0,35656020.0,0.048,0.01
603666,亿嘉和,26.57,26.57,26.58,26.07,26.28,26.8,25.2,9111976.0,239616477.0,1.918,0.5
603667,五洲新春,51.73,51.73,51.74,49.18,48.5,52.2,48.1,18001404.0,913774497.0,5.185,2.55
603668,天马科技,10.16,10.16,10.17,10.16,10.16,10.21,9.84,4955529.0,49748497.0,0.0,0.0
603669,灵康药业,5.48,5.47,5.48,6.05,6.08,6.09,5.46,43698487.0,247695158.0,-9.421,-0.57
603676,卫信康,9.33,9.33,9.34,9.62,9.58,9.58,9.19,3862214.0,36131471.0,-3.015,-0.29
603677,奇精机械,13.69,13.67,13.69,13.67,13.67,13.72,13.4,1016786.0,13787960.0,0.146,0.02
603678,火炬电子,48.88,48.87,48.88,46.0,46.0,48.96,45.69,23205836.0,1111667057.0,6.261,2.88
603679,华体科技,22.31,22.31,22.32,21.6,21.4,22.68,21.2,7041440.0,154896280.0,3.287,0.71
603680,今创集团,10.23,10.22,10.23,10.3,10.2,10.31,10.08,4212606.0,42911335.0,-0.68,-0.07
603681,永冠新材,18.19,18.19,18.2,18.14,18.0,18.24,17.72,3307288.0,59727281.0,0.276,0.05
603682,锦和商管,11.42,11.41,11.42,11.46,11.48,11.67,11.15,13103114.0,149460249.0,-0.349,-0.04
603683,晶华新材,15.88,15.88,15.89,15.43,15.4,16.0,15.18,19860543.0,312621805.0,2.916,0.45
603685,晨丰科技,24.82,24.81,24.82,24.9,24.9,25.13,24.41,1209500.0,30014089.0,-0.321,-0.08
603686,福龙马,12.68,12.68,12.69,12.7,12.66,12.71,12.4,7030222.0,88472205.0,-0.157,-0.02
603687,大胜达,13.4,13.4,13.41,13.14,13.15,13.59,13.0,10225481.0,136353815.0,1.979,0.26
603688,石英股份,48.75,48.75,48.76,47.83,47.41,49.58,46.88,9345782.0,453874247.0,1.923,0.92
603689,皖天然气,7.59,7.58,7.59,7.58,7.58,7.62,7.53,2909240.0,22033440.0,0.132,0.01
603690,至纯科技,25.41,25.41,25.42,25.36,25.18,25.86,24.8,16947252.0,430980833.0,0.197,0.05
603693,江苏新能,11.19,11.19,11.2,11.29,11.3,11.3,11.13,3843909.0,43062980.0,-0.886,-0.1
603696,安记食品,13.15,13.14,13.15,13.32,13.31,13.32,12.9,11263866.0,147429055.0,-1.276,-0.17
603697,有友食品,9.26,9.26,9.27,9.46,9.39,9.41,9.12,5442293.0,50212015.0,-2.114,-0.2
603698,航天工程,22.0,22.0,22.01,21.85,21.95,22.1,21.59,15287600.0,334433033.0,0.686,0.15
603699,纽威股份,55.65,55.65,55.66,54.17,54.75,56.44,53.84,6378602.0,353748493.0,2.732,1.48
603700,宁水集团,11.42,11.41,11.42,11.62,11.54,11.6,11.3,4526300.0,51788211.0,-1.721,-0.2
603701,德宏股份,19.2,19.2,19.22,19.08,18.98,19.35,18.77,1717128.0,32819452.0,0.629,0.12
603703,盛洋科技,9.67,9.67,9.7,9.66,9.67,9.87,9.48,11075521.0,107096784.0,0.104,0.01
603706,东方环宇,19.5,19.5,19.53,19.69,19.69,19.75,19.31,942300.0,18378993.0,-0.965,-0.19
603707,健友股份,7.96,7.95,7.96,8.53,8.42,8.45,7.95,28321969.0,229532117.0,-6.682,-0.57
603708,家家悦,9.02,9.02,9.03,9.22,9.15,9.22,8.97,11008814.0,99546954.0,-2.169,-0.2
603709,中源家居,11.86,11.86,11.88,11.7,11.58,11.99,11.35,5562360.0,65040664.0,1.368,0.16
603711,香飘飘,11.36,11.35,11.36,11.5,11.39,11.46,11.19,5235009.0,59045433.0,-1.217,-0.14
603712,七一二,11.16,11.16,11.17,11.2,11.19,11.29,11.01,6885900.0,76779802.0,-0.357,-0.04
603713,密尔克卫,66.27,66.25,66.27,67.4,67.99,68.11,65.88,1840404.0,122698856.0,-1.677,-1.13
603716,塞力医疗,15.84,15.83,15.84,17.3,16.76,16.77,15.83,24911623.0,399800224.0,-8.439,-1.46
603717,天域生物,6.35,6.35,6.36,6.35,6.35,6.52,6.23,8021199.0,50855797.0,0.0,0.0
603718,*ST海利,2.99,2.98,2.99,2.98,2.98,3.0,2.91,6357422.0,18733416.0,0.336,0.01
603719,良品铺子,9.53,9.53,9.54,9.73,9.65,9.78,9.5,3823600.0,36578930.0,-2.055,-0.2
603721,中广天择,18.05,18.04,18.05,17.25,17.35,18.17,17.01,3984800.0,70006090.0,4.638,0.8
603722,阿科力,29.72,29.69,29.73,29.43,29.4,29.82,28.69,941101.0,27708394.0,0.985,0.29
603725,天安新材,11.9,11.89,11.9,12.15,12.03,12.26,11.72,13576240.0,162037673.0,-2.058,-0.25
603726,朗迪集团,23.25,23.24,23.25,22.95,22.77,23.26,22.42,2604869.0,59822663.0,1.307,0.3
603727,博迈科,18.63,18.63,18.64,18.42,18.3,18.68,18.12,2149132.0,39746994.0,1.14,0.21
603728,鸣志电器,47.4,47.4,47.41,47.0,46.6,47.65,46.0,5158265.0,241452043.0,0.851,0.4
603729,ST龙韵,11.24,11.24,11.25,11.16,11.11,11.24,10.93,702900.0,7801191.0,0.717,0.08
603730,岱美股份,10.02,10.02,10.03,9.69,9.69,10.15,9.51,14491150.0,143757664.0,3.406,0.33
603733,仙鹤股份,21.58,21.58,21.59,21.68,21.51,21.86,21.09,6789910.0,145914845.0,-0.461,-0.1
603737,三棵树,25.29,25.29,25.3,25.17,25.17,25.91,24.35,15538068.0,387534991.0,0.477,0.12
603738,泰晶科技,37.57,37.57,37.58,36.33,35.9,38.28,35.9,38644923.0,1441963357.0,3.413,1.24
603739,蔚蓝生物,12.29,12.29,12.3,12.68,12.54,12.55,12.18,7275268.0,89383599.0,-3.076,-0.39
603755,日辰股份,23.55,23.55,23.6,23.63,23.5,23.55,22.92,633400.0,14682041.0,-0.339,-0.08
603757,大元泵业,62.36,62.35,62.36,58.28,57.83,64.11,57.83,15225431.0,950210584.0,7.001,4.08
603758,秦安股份,11.76,11.76,0.0,10.69,10.51,11.76,10.51,34527235.0,383461390.0,10.009,1.07
603759,海天股份,7.44,7.44,7.45,7.42,7.37,7.46,7.31,2284023.0,16900471.0,0.27,0.02
603766,隆鑫通用,13.86,13.86,13.87,13.97,13.99,14.0,13.57,13153600.0,181915350.0,-0.787,-0.11
603767,中马传动,14.48,14.48,14.49,14.3,14.24,14.53,14.04,4662900.0,67033725.0,1.259,0.18
603768,常青股份,11.19,11.19,11.23,11.19,11.06,11.4,11.0,1648331.0,18396069.0,0.0,0.0
603773,沃格光电,100.99,100.99,101.0,103.24,103.01,103.61,98.2,19579930.0,1970762973.0,-2.179,-2.25
603776,永安行,20.3,20.3,20.31,20.16,20.35,20.4,19.85,1613534.0,32542974.0,0.694,0.14
603777,来伊份,13.81,13.81,13.84,13.73,13.73,13.99,13.4,3963840.0,54465992.0,0.583,0.08
603778,国晟科技,9.41,9.4,9.41,9.35,9.28,9.5,9.05,24961300.0,233383014.0,0.642,0.06
603779,威龙股份,7.72,7.72,7.73,7.7,7.62,7.76,7.51,7734350.0,59184720.0,0.26,0.02
603786,科博达,40.29,40.29,40.3,40.18,40.1,40.29,39.51,1662289.0,66431572.0,0.274,0.11
603787,新日股份,10.17,10.16,10.17,10.17,10.18,10.2,9.97,1969224.0,19828140.0,0.0,0.0
603788,宁波高发,13.9,13.89,13.9,13.86,13.89,13.93,13.66,737760.0,10194472.0,0.289,0.04
603789,ST星农,6.11,6.11,6.13,6.18,6.18,6.18,6.08,2223100.0,13593074.0,-1.133,-0.07
603790,雅运股份,24.29,24.29,24.37,24.47,24.2,24.68,23.7,3396130.0,82441889.0,-0.736,-0.18
603797,联泰环保,4.75,4.75,4.76,4.81,4.75,4.81,4.68,11084400.0,52505030.0,-1.247,-0.06
603798,康普顿,12.71,12.71,12.72,12.7,12.57,12.77,12.33,2899000.0,36501892.0,0.079,0.01
603799,华友钴业,40.59,40.59,40.6,39.35,39.05,41.08,39.05,63580276.0,2566543538.0,3.151,1.24
603800,洪田股份,67.1,67.1,67.11,67.89,67.8,68.88,65.5,3730034.0,251635333.0,-1.164,-0.79
603801,志邦家居,6.95,6.94,6.95,7.23,7.65,7.95,6.9,72566593.0,546822233.0,-3.873,-0.28
603803,瑞斯康达,11.32,11.32,0.0,10.29,10.18,11.32,10.08,23724336.0,261119318.0,10.01,1.03
603806,福斯特,15.45,15.45,15.46,15.59,15.53,15.65,15.3,25215514.0,390567640.0,-0.898,-0.14
603808,歌力思,8.45,8.45,8.46,8.54,8.51,8.51,8.32,2408500.0,20211924.0,-1.054,-0.09
603809,豪能股份,8.9,8.9,8.91,8.86,8.88,8.92,8.74,4552398.0,40263234.0,0.451,0.04
603810,丰山集团,12.29,12.24,12.29,12.22,12.12,12.29,11.96,1480551.0,17996159.0,0.573,0.07
603811,诚意药业,7.4,7.39,7.4,7.63,7.57,7.6,7.34,7102871.0,52638699.0,-3.014,-0.23
603813,原尚股份,29.21,29.21,29.36,29.36,29.3,29.83,29.0,551200.0,16207199.0,-0.511,-0.15
603815,交建股份,5.2,5.19,5.2,5.21,5.17,5.23,5.09,5126524.0,26482424.0,-0.192,-0.01
603816,顾家家居,24.83,24.83,24.84,24.77,24.63,25.15,24.32,6601796.0,163308805.0,0.242,0.06
603817,海峡环保,5.66,5.65,5.66,5.7,5.7,5.7,5.54,7502585.0,42086308.0,-0.702,-0.04
603818,曲美家居,3.79,3.79,3.8,3.77,3.75,3.81,3.65,22510700.0,84197207.0,0.531,0.02
603819,神力股份,13.62,13.62,13.64,13.69,13.68,13.91,13.57,4546100.0,62208644.0,-0.511,-0.07
603822,ST嘉澳,57.55,57.55,57.56,57.76,56.5,57.76,55.81,544800.0,31005733.0,-0.364,-0.21
603823,百合花,77.75,0.0,77.75,86.39,88.1,89.88,77.75,9793820.0,802521779.0,-10.001,-8.64
603825,ST华扬,8.16,8.16,8.17,7.98,7.89,8.18,7.86,2218886.0,17876672.0,2.256,0.18
603826,坤彩科技,16.54,16.54,16.55,16.73,16.8,16.8,16.44,4496342.0,74564690.0,-1.136,-0.19
603828,*ST利达,5.19,5.19,5.2,4.98,5.08,5.4,4.99,9704300.0,50157559.0,4.217,0.21
603829,洛凯股份,15.13,15.12,15.13,15.03,15.11,15.22,14.67,2853379.0,42902680.0,0.665,0.1
603833,欧派家居,32.07,32.07,32.08,32.57,32.4,32.43,31.72,2783867.0,89182273.0,-1.535,-0.5
603836,海程邦达,9.04,9.04,9.05,9.02,8.99,9.04,8.81,2466950.0,22026460.0,0.222,0.02
603838,*ST四通,11.72,11.72,0.0,10.65,10.6,11.72,10.51,5742800.0,65202096.0,10.047,1.07
603839,安正时尚,7.08,7.07,7.08,7.18,7.11,7.18,6.96,3248700.0,22883551.0,-1.393,-0.1
603843,*ST正平,7.17,7.16,7.17,6.89,6.93,7.29,6.81,12701760.0,89788289.0,4.064,0.28
603848,好太太,13.03,13.03,13.04,13.66,13.68,13.69,13.0,6912555.0,90881461.0,-4.612,-0.63
603855,华荣股份,16.03,16.03,16.04,16.02,16.02,16.09,15.78,1075006.0,17129368.0,0.062,0.01
603856,东宏股份,11.57,11.56,11.57,11.46,11.39,11.58,11.2,3749360.0,42868614.0,0.96,0.11
603858,步长制药,15.52,15.51,15.52,16.19,16.01,16.1,15.5,11680267.0,182609609.0,-4.138,-0.67
603859,能科科技,38.02,38.01,38.02,38.08,38.0,38.18,37.07,3625031.0,136919475.0,-0.158,-0.06
603860,中公高科,26.25,26.25,26.3,26.33,26.08,26.49,25.7,814500.0,21240294.0,-0.304,-0.08
603861,白云电器,11.96,11.95,11.96,11.86,11.75,11.97,11.66,5274099.0,62590368.0,0.843,0.1
603863,松炀资源,12.45,12.45,12.46,12.49,12.4,12.55,12.15,3784000.0,46692182.0,-0.32,-0.04
603866,桃李面包,4.13,4.12,4.13,4.22,4.22,4.22,4.09,12041420.0,49709575.0,-2.133,-0.09
603867,新化股份,28.2,28.2,28.21,28.86,28.57,29.33,28.06,7594666.0,217236218.0,-2.287,-0.66
603868,飞科电器,29.99,29.99,30.01,30.25,30.21,30.28,29.76,677100.0,20282150.0,-0.86,-0.26
603869,ST智知,8.91,8.9,8.91,8.9,8.85,8.91,8.76,484045.0,4287952.0,0.112,0.01
603871,嘉友国际,12.72,12.72,12.74,12.53,12.52,12.89,12.41,11130340.0,141765665.0,1.516,0.19
603876,鼎胜新材,22.97,22.97,22.98,22.34,22.22,23.58,22.08,26647021.0,613512863.0,2.82,0.63
603877,太平鸟,12.5,12.5,12.53,12.88,12.82,12.85,12.45,1704100.0,21418617.0,-2.95,-0.38
603878,武进不锈,5.04,5.04,5.05,4.97,4.97,5.06,4.87,8341050.0,41560244.0,1.408,0.07
603879,永悦科技,5.43,5.43,5.44,5.35,5.31,5.45,5.2,5476174.0,29271185.0,1.495,0.08
603880,南卫股份,8.7,8.7,8.71,8.2,8.3,8.82,7.9,18841570.0,160043894.0,6.098,0.5
603881,数据港,27.33,27.32,27.33,30.2,28.68,28.95,27.18,88179179.0,2459191529.0,-9.503,-2.87
603882,金域医学,31.35,31.34,31.35,30.76,30.3,32.32,30.17,29518108.0,928127056.0,1.918,0.59
603883,老百姓,13.2,13.2,13.21,13.27,13.12,13.59,12.88,23388930.0,311689097.0,-0.528,-0.07
603885,吉祥航空,10.38,10.38,10.39,10.53,10.48,10.5,10.35,7576435.0,78780197.0,-1.425,-0.15
603886,元祖股份,12.09,12.09,12.1,12.36,12.18,12.5,11.85,11363390.0,137295775.0,-2.184,-0.27
603887,城地香江,9.0,9.0,9.01,9.1,8.9,9.08,8.72,31455271.0,280086471.0,-1.099,-0.1
603888,新华网,15.97,15.97,15.98,16.01,15.99,16.0,15.8,3364512.0,53564101.0,-0.25,-0.04
603889,新澳股份,5.54,5.54,5.55,5.69,5.69,5.69,5.43,16968573.0,94104979.0,-2.636,-0.15
603890,春秋电子,18.07,18.06,18.07,17.74,17.65,18.18,17.25,24249973.0,433810486.0,1.86,0.33
603893,瑞芯微,180.61,180.61,180.62,182.65,181.18,182.65,178.18,8896843.0,1607785302.0,-1.117,-2.04
603895,天永智能,25.08,25.0,25.08,24.8,24.8,25.2,24.24,1236200.0,30684886.0,1.129,0.28
603896,寿仙谷,14.99,14.98,14.99,15.41,15.31,15.35,14.86,2216122.0,33239738.0,-2.726,-0.42
603897,长城科技,30.66,30.65,30.66,29.87,29.5,30.98,29.04,14713606.0,445921304.0,2.645,0.79
603898,好莱客,11.23,11.23,11.24,11.25,11.26,11.47,11.02,2406000.0,26883070.0,-0.178,-0.02
603899,晨光股份,22.21,22.21,22.22,22.76,22.71,22.82,22.14,2910811.0,64869028.0,-2.417,-0.55
603900,莱绅通灵,6.42,6.42,6.43,6.19,6.19,6.48,6.08,15294100.0,96173698.0,3.716,0.23
603901,永创智能,9.42,9.41,9.42,9.36,9.27,9.46,9.13,5410449.0,50475435.0,0.641,0.06
603903,中持股份,14.19,14.19,14.2,14.55,14.55,14.65,14.16,9791380.0,140686131.0,-2.474,-0.36
603906,龙蟠科技,19.65,19.65,19.66,18.9,18.87,19.9,18.76,25159851.0,490894195.0,3.968,0.75
603908,牧高笛,19.16,19.16,19.25,19.11,18.96,19.48,18.71,1250045.0,23858117.0,0.262,0.05
603909,建发合诚,9.58,9.58,9.62,9.68,9.64,9.78,9.15,2416515.0,23070676.0,-1.033,-0.1
603912,佳力图,8.48,8.48,8.49,8.36,8.32,8.5,8.17,24490013.0,205813153.0,1.435,0.12
603915,国茂股份,13.1,13.09,13.1,13.15,13.12,13.15,12.89,3016120.0,39398896.0,-0.38,-0.05
603916,苏博特,11.74,11.73,11.74,11.76,11.64,11.8,11.39,9061101.0,105093762.0,-0.17,-0.02
603917,合力科技,12.3,12.29,12.3,12.25,12.39,12.39,12.09,2211798.0,27055801.0,0.408,0.05
603918,金桥信息,10.2,10.19,10.2,10.07,9.96,10.22,9.86,8315672.0,83694274.0,1.291,0.13
603919,金徽酒,16.11,16.11,16.13,16.71,16.55,16.64,16.11,6838841.0,111317392.0,-3.591,-0.6
603920,世运电路,38.86,38.86,38.87,38.13,37.8,39.93,37.7,22131590.0,864907410.0,1.915,0.73
603922,ST金鸿顺,13.78,13.78,13.79,13.33,13.04,13.78,13.04,1976900.0,26624726.0,3.376,0.45
603926,铁流股份,15.45,15.45,15.46,15.34,15.55,15.55,14.88,3623404.0,55337354.0,0.717,0.11
603927,中科软,13.24,13.23,13.24,13.26,13.25,13.29,13.09,5995477.0,79087459.0,-0.151,-0.02
603928,兴业股份,12.52,12.51,12.52,12.5,12.31,12.63,12.13,11079250.0,137818107.0,0.16,0.02
603929,亚翔集成,166.99,166.99,167.0,168.67,166.65,171.29,164.26,4501756.0,754430904.0,-0.996,-1.68
603931,格林达,35.6,35.6,35.66,35.43,35.4,36.26,34.72,3796374.0,134902397.0,0.48,0.17
603933,睿能科技,19.2,19.19,19.2,19.22,19.02,19.35,18.8,3661348.0,70016663.0,-0.104,-0.02
603936,博敏电子,17.6,17.6,17.61,17.54,17.5,17.99,16.8,59205625.0,1038535654.0,0.342,0.06
603937,丽岛新材,11.65,11.65,11.66,11.68,11.56,11.75,11.34,5710536.0,65921190.0,-0.257,-0.03
603938,三孚股份,43.16,43.16,43.2,43.13,43.19,46.17,43.0,16540556.0,729159900.0,0.07,0.03
603939,益丰药房,23.93,23.9,23.93,24.13,24.13,24.15,23.72,6439170.0,154097439.0,-0.829,-0.2
603948,建业股份,20.55,20.54,20.55,20.49,20.42,20.67,19.99,788800.0,16090426.0,0.293,0.06
603949,雪龙集团,14.04,14.03,14.04,13.99,13.95,14.08,13.66,2141428.0,29796415.0,0.357,0.05
603950,长源东谷,60.02,60.02,60.05,57.04,57.03,60.98,56.24,6606308.0,389465233.0,5.224,2.98
603955,大千生态,18.75,18.75,18.8,18.92,18.77,18.87,18.32,1448060.0,26953442.0,-0.899,-0.17
603956,威派格,6.48,6.48,6.49,6.58,6.66,6.66,6.45,13594980.0,88694713.0,-1.52,-0.1
603958,哈森股份,20.55,20.55,0.0,18.68,20.0,20.55,19.72,15342030.0,313260442.0,10.011,1.87
603959,ST百利,5.08,5.07,5.08,4.76,4.86,5.08,4.76,12765533.0,63079569.0,6.723,0.32
603960,克来机电,15.93,15.93,15.94,15.86,15.86,16.0,15.58,2562185.0,40579667.0,0.441,0.07
603966,法兰泰克,7.77,7.77,7.78,7.77,7.79,7.83,7.65,3733711.0,28883604.0,0.0,0.0
603967,中创物流,11.71,11.7,11.71,11.54,11.56,11.72,11.31,3221437.0,37143589.0,1.473,0.17
603968,醋化股份,10.4,10.39,10.4,10.42,10.42,10.47,10.18,1643610.0,16974652.0,-0.192,-0.02
603969,银龙股份,7.3,7.3,7.31,7.23,7.19,7.47,7.16,19522674.0,143464080.0,0.968,0.07
603970,中农立华,10.62,10.61,10.62,10.73,10.67,10.71,10.45,3382713.0,35757523.0,-1.025,-0.11
603976,正川股份,27.77,27.76,27.77,27.07,27.1,27.9,26.4,2954161.0,80937276.0,2.586,0.7
603977,国泰集团,11.65,11.64,11.65,11.56,11.49,11.68,11.33,4775775.0,55241504.0,0.779,0.09
603978,深圳新星,18.96,18.96,18.97,18.5,18.35,19.08,18.2,6765700.0,127246305.0,2.486,0.46
603979,金诚信,75.1,75.1,75.11,74.9,75.58,76.37,74.21,5227357.0,394134375.0,0.267,0.2
603980,吉华集团,6.62,6.61,6.62,6.73,6.67,6.72,6.57,15940539.0,105956479.0,-1.634,-0.11
603982,泉峰汽车,6.1,6.1,6.11,6.07,6.07,6.12,5.96,3612217.0,21827866.0,0.494,0.03
603983,丸美生物,26.76,26.75,26.76,26.56,26.46,27.16,26.11,2557500.0,68151751.0,0.753,0.2
603985,恒润股份,16.77,16.77,16.78,16.78,16.59,16.9,16.31,7313783.0,121877535.0,-0.06,-0.01
603986,兆易创新,409.06,409.06,409.07,403.5,405.0,411.0,400.1,34076661.0,13868009484.0,1.378,5.56
603987,康德莱,7.48,7.48,7.49,7.7,7.66,7.66,7.37,5929386.0,44321985.0,-2.857,-0.22
603988,中电电机,20.79,20.79,20.8,21.2,21.78,21.78,20.14,16426420.0,342237956.0,-1.934,-0.41
603989,艾华集团,28.69,28.69,28.7,28.21,27.99,28.88,27.17,20283448.0,574085727.0,1.702,0.48
603990,麦迪科技,22.9,22.88,22.9,22.26,22.49,22.9,21.89,12506235.0,281250581.0,2.875,0.64
603991,领先股份,134.54,134.54,134.58,133.8,133.9,135.96,131.66,1320960.0,177556546.0,0.553,0.74
603992,松霖科技,20.76,20.76,20.77,20.66,20.79,21.08,20.46,2844992.0,59231853.0,0.484,0.1
603993,洛阳钼业,18.62,18.62,18.63,18.27,18.39,18.73,18.19,175804884.0,3255228804.0,1.916,0.35
603995,甬金股份,25.27,25.27,25.28,25.49,25.3,25.43,24.69,7573433.0,189099399.0,-0.863,-0.22
603997,继峰股份,11.58,11.57,11.58,11.51,11.55,11.8,11.4,11402265.0,131532952.0,0.608,0.07
603998,方盛制药,9.93,9.93,9.94,10.43,10.3,10.35,9.81,18769813.0,186932220.0,-4.794,-0.5
603999,读者传媒,5.58,5.57,5.58,5.6,5.58,5.6,5.46,5395100.0,29829165.0,-0.357,-0.02
605001,威奥股份,5.7,5.7,5.71,5.82,5.76,5.9,5.65,12697520.0,72671630.0,-2.062,-0.12
605003,众望布艺,22.35,22.35,22.41,22.19,22.04,22.52,21.67,1219825.0,27086268.0,0.721,0.16
605005,合兴股份,15.59,15.58,15.59,15.76,15.71,15.76,15.45,877012.0,13630669.0,-1.079,-0.17
605006,山东玻纤,14.19,14.19,14.2,13.95,13.88,14.24,13.5,25843451.0,362308182.0,1.72,0.24
605007,五洲特纸,15.09,15.09,15.1,15.06,15.0,15.26,14.9,2682716.0,40337380.0,0.199,0.03
605008,长鸿高科,12.94,12.93,12.94,12.85,12.85,13.51,12.72,14426815.0,189336079.0,0.7,0.09
605009,豪悦护理,24.07,24.05,24.07,23.95,24.0,24.3,23.25,2385560.0,56758073.0,0.501,0.12
605011,杭州热电,16.73,16.72,16.73,17.04,17.04,17.1,16.68,2942200.0,49320777.0,-1.819,-0.31
605016,百龙创园,19.96,19.95,19.96,19.74,19.71,20.06,19.33,4218858.0,83185974.0,1.114,0.22
605018,长华集团,12.86,12.86,12.9,12.21,12.05,13.43,12.05,15599900.0,203522074.0,5.324,0.65
605020,永和股份,32.33,32.33,32.34,32.52,32.68,32.88,32.1,8457169.0,274109589.0,-0.584,-0.19
605028,世茂能源,24.36,24.36,24.4,24.26,24.26,24.49,23.88,931003.0,22495753.0,0.412,0.1
605033,美邦股份,18.9,18.89,18.9,20.13,19.63,19.65,18.56,5490292.0,104048913.0,-6.11,-1.23
605050,福然德,10.33,10.31,10.33,10.26,10.32,10.36,10.13,1306320.0,13423691.0,0.682,0.07
605055,迎丰股份,9.64,9.64,9.65,9.57,9.46,9.89,9.37,3726350.0,36023590.0,0.731,0.07
605056,咸亨国际,14.19,14.19,14.2,14.15,14.2,14.28,13.88,3380500.0,47749071.0,0.283,0.04
605058,澳弘电子,26.89,26.84,26.89,26.64,26.68,27.0,26.11,1643900.0,43932581.0,0.938,0.25
605060,联德股份,42.73,42.72,42.73,42.48,41.3,44.48,41.3,4582081.0,196564549.0,0.589,0.25
605066,天正电气,7.53,7.52,7.53,7.47,7.46,7.55,7.31,14938755.0,110801518.0,0.803,0.06
605068,明新旭腾,17.19,17.19,17.2,17.16,17.23,17.28,16.85,2884427.0,49398705.0,0.175,0.03
605069,正和生态,10.47,10.46,10.47,10.43,10.35,10.55,10.13,2575550.0,26738569.0,0.384,0.04
605077,华康股份,10.78,10.77,10.78,11.03,10.92,10.98,10.6,4519500.0,48423552.0,-2.267,-0.25
605080,浙江自然,22.0,21.99,22.0,22.34,21.43,22.48,21.43,7593400.0,166827173.0,-1.522,-0.34
605086,龙高股份,25.43,25.43,25.44,24.24,23.94,26.35,23.53,5024660.0,127479370.0,4.909,1.19
605088,冠盛股份,21.0,21.0,21.01,20.9,20.75,21.08,20.32,2814502.0,58416459.0,0.478,0.1
605089,味知香,20.0,20.0,20.08,20.34,20.18,20.29,19.69,692304.0,13797284.0,-1.672,-0.34
605090,九丰能源,35.68,35.68,35.7,35.06,34.96,36.32,34.81,14694790.0,526232559.0,1.768,0.62
605098,行动教育,55.0,55.0,55.02,55.52,55.52,55.52,54.55,975289.0,53663743.0,-0.937,-0.52
605099,共创草坪,33.88,33.86,33.88,33.34,33.14,34.19,32.6,1952712.0,65645013.0,1.62,0.54
605100,华丰股份,33.08,33.07,33.08,32.51,32.74,33.2,32.06,2614591.0,85568107.0,1.753,0.57
605108,同庆楼,12.48,12.47,12.48,12.61,12.81,12.81,12.29,2439182.0,30297859.0,-1.031,-0.13
605111,新洁能,61.05,61.04,61.05,59.45,59.67,63.85,59.02,20847283.0,1287982900.0,2.691,1.6
605116,奥锐特,19.95,19.95,19.97,22.0,21.33,21.33,19.83,12379900.0,249996281.0,-9.318,-2.05
605117,德业股份,96.2,96.2,96.24,93.73,93.56,97.5,93.01,12963228.0,1248923593.0,2.635,2.47
605118,力鼎光电,29.0,29.0,29.05,29.0,28.97,29.25,28.35,1783000.0,51498908.0,0.0,0.0
605122,四方新材,11.59,11.59,11.62,11.7,11.64,11.75,11.39,2865840.0,33094070.0,-0.94,-0.11
605123,派克新材,76.46,76.46,76.47,75.08,74.32,76.48,74.11,1896043.0,143505856.0,1.838,1.38
605128,上海沿浦,23.27,23.27,23.29,23.33,23.25,23.36,22.89,2774403.0,64290544.0,-0.257,-0.06
605133,嵘泰股份,28.33,28.33,28.35,27.7,27.84,29.0,27.0,8431100.0,237941318.0,2.274,0.63
605136,丽人丽妆,8.06,8.06,8.07,8.26,8.27,8.28,7.96,8000416.0,64445002.0,-2.421,-0.2
605138,盛泰集团,5.86,5.86,5.87,5.89,5.89,5.89,5.76,2650000.0,15433364.0,-0.509,-0.03
605151,西上海,19.43,19.42,19.43,19.27,19.27,19.48,19.03,1405800.0,27115743.0,0.83,0.16
605155,西大门,14.08,14.06,14.08,14.04,14.04,14.1,13.72,1923424.0,26773041.0,0.285,0.04
605158,华达新材,7.53,7.53,7.54,7.3,7.31,7.55,7.2,5541180.0,41077055.0,3.151,0.23
605162,新中港,9.21,9.2,9.21,9.01,8.99,9.9,8.94,39663649.0,373159618.0,2.22,0.2
605166,聚合顺,8.35,8.35,8.36,8.37,8.39,8.4,8.19,4053407.0,33614210.0,-0.239,-0.02
605167,利柏特,14.63,14.63,14.64,15.4,15.25,15.38,14.35,11380062.0,166726383.0,-5.0,-0.77
605168,三人行,46.97,46.97,47.0,47.01,47.03,47.38,45.27,4587125.0,213630979.0,-0.085,-0.04
605169,洪通燃气,11.07,11.06,11.07,10.97,10.98,11.4,10.89,5657868.0,62708146.0,0.912,0.1
605177,东亚药业,20.73,20.73,20.74,20.77,20.19,20.76,19.56,7636509.0,153900603.0,-0.193,-0.04
605178,时空科技,67.36,67.35,67.36,65.68,65.19,67.88,63.86,3664520.0,244589755.0,2.558,1.68
605179,一鸣食品,31.55,0.0,31.55,35.05,31.56,32.9,31.55,19114700.0,609121015.0,-9.986,-3.5
605180,华生科技,12.65,12.65,12.68,12.53,12.54,12.85,12.2,4369100.0,54626256.0,0.958,0.12
605183,确成股份,14.39,14.39,14.41,14.54,14.54,14.54,14.25,752395.0,10801220.0,-1.032,-0.15
605186,健麾信息,26.32,26.32,26.35,26.36,26.24,26.48,25.68,1554900.0,40738757.0,-0.152,-0.04
605188,国光连锁,12.33,12.33,12.34,12.47,12.32,12.48,12.16,3445000.0,42295678.0,-1.123,-0.14
605189,富春染织,14.45,14.45,14.46,14.31,14.21,14.5,13.85,8211138.0,117311088.0,0.978,0.14
605196,华通线缆,35.2,35.2,35.21,34.1,34.47,35.38,33.88,10838725.0,377715299.0,3.226,1.1
605198,安德利,58.9,58.87,58.9,60.03,58.65,60.66,56.72,4157666.0,244245010.0,-1.882,-1.13
605199,ST葫芦娃,5.87,5.86,5.87,5.89,5.85,5.9,5.73,839500.0,4883259.0,-0.34,-0.02
605208,永茂泰,13.84,13.83,13.84,14.04,14.11,14.11,13.6,9463824.0,130969481.0,-1.425,-0.2
605218,伟时电子,14.66,14.66,14.67,14.7,14.57,14.78,14.38,2389969.0,34827840.0,-0.272,-0.04
605222,起帆电缆,19.67,19.65,19.67,19.63,19.6,19.78,19.13,6221745.0,121698435.0,0.204,0.04
605228,神通科技,10.53,10.53,10.54,10.48,10.41,10.57,10.38,2577882.0,27040202.0,0.477,0.05
605255,天普股份,67.67,67.61,67.67,65.78,65.5,68.15,64.55,667400.0,44717061.0,2.873,1.89
605258,协和电子,27.93,27.93,27.94,26.97,26.88,27.97,26.45,1881945.0,51588664.0,3.56,0.96
605259,绿田机械,17.65,17.65,17.66,17.8,17.2,17.94,17.0,1569493.0,27582341.0,-0.843,-0.15
605266,健之佳,16.53,16.53,16.56,16.9,16.76,16.79,16.24,1714515.0,28208068.0,-2.189,-0.37
605268,王力安防,9.25,9.25,9.26,9.45,9.4,9.5,9.07,5430435.0,50034644.0,-2.116,-0.2
605277,新亚电子,14.72,14.71,14.72,14.77,14.69,14.8,14.52,2673202.0,39311532.0,-0.339,-0.05
605286,同力天启,24.92,24.92,24.93,25.28,24.62,24.98,23.9,5965384.0,146178246.0,-1.424,-0.36
605287,德才股份,39.27,39.24,39.27,39.27,39.27,39.48,37.58,2704500.0,105153060.0,0.0,0.0
605288,凯迪股份,57.11,57.1,57.11,54.92,54.92,57.65,53.53,1585020.0,89108448.0,3.988,2.19
605289,罗曼股份,107.94,107.94,107.95,107.21,106.8,112.92,104.51,3718493.0,403341128.0,0.681,0.73
605296,神农集团,30.23,30.23,30.24,30.42,30.7,31.25,30.13,2462523.0,75172455.0,-0.625,-0.19
605298,必得科技,48.66,48.66,48.74,46.37,46.06,49.06,45.49,1275611.0,61077594.0,4.939,2.29
605299,舒华体育,12.5,12.5,12.51,12.57,12.5,12.59,12.28,7354000.0,91678265.0,-0.557,-0.07
605300,佳禾食品,9.58,9.58,9.59,9.75,9.85,9.85,9.46,2587334.0,24716584.0,-1.744,-0.17
605303,园林股份,20.59,20.59,20.6,20.7,20.9,20.98,20.12,1920072.0,39391266.0,-0.531,-0.11
605305,中际联合,37.19,37.18,37.19,37.08,36.96,37.31,36.31,2188109.0,80769629.0,0.297,0.11
605318,法狮龙,76.16,76.16,76.18,75.05,74.0,76.67,73.55,855100.0,64607103.0,1.479,1.11
605319,无锡振华,24.13,24.13,24.14,24.06,23.89,24.29,23.1,3491080.0,82685174.0,0.291,0.07
605333,沪光股份,17.57,17.57,17.58,17.81,17.78,17.85,17.43,5538600.0,97421858.0,-1.348,-0.24
605336,*ST帅电,10.67,10.67,10.68,10.79,10.62,10.68,10.2,1429400.0,14985105.0,-1.112,-0.12
605337,李子园,9.27,9.26,9.27,9.64,9.5,9.53,9.13,5573165.0,51548076.0,-3.838,-0.37
605338,巴比食品,18.78,18.77,18.78,20.0,19.4,19.78,18.5,5341600.0,100934038.0,-6.1,-1.22
605339,南侨食品,13.89,13.89,13.9,14.04,13.62,14.19,13.56,2764100.0,38123901.0,-1.068,-0.15
605358,立昂微,44.1,44.1,44.11,43.85,43.44,45.09,43.4,37693217.0,1664956276.0,0.57,0.25
605365,立达信,13.84,13.84,13.85,13.79,13.79,13.95,13.56,4661999.0,64428349.0,0.363,0.05
605366,宏柏新材,7.97,7.96,7.97,8.03,8.04,8.1,7.84,16313282.0,130271158.0,-0.747,-0.06
605368,蓝天燃气,6.69,6.68,6.69,6.73,6.72,6.74,6.63,3134603.0,20928827.0,-0.594,-0.04
605369,拱东医疗,17.27,17.26,17.27,17.71,17.71,17.71,17.0,1272290.0,22012965.0,-2.484,-0.44
605376,博迁新材,153.8,153.8,153.81,148.02,148.01,154.8,145.88,11581795.0,1759565780.0,3.905,5.78
605377,华旺科技,8.87,8.86,8.87,8.88,8.87,8.9,8.64,7348459.0,64533278.0,-0.113,-0.01
605378,野马电池,14.14,14.13,14.14,14.11,14.33,14.33,13.78,1411433.0,19814430.0,0.213,0.03
605388,均瑶健康,5.97,5.96,5.97,6.05,6.08,6.08,5.87,9852500.0,58507578.0,-1.322,-0.08
605389,长龄液压,70.5,70.47,70.61,69.72,69.02,72.03,68.88,675781.0,47508826.0,1.119,0.78
605398,新炬网络,20.42,20.42,20.43,20.24,20.02,20.49,19.85,1105334.0,22358599.0,0.889,0.18
605399,晨光新材,10.8,10.79,10.8,10.67,10.55,10.84,10.51,2403358.0,25753461.0,1.218,0.13
605488,福莱新材,29.55,29.55,29.57,29.25,29.07,30.55,29.06,6293400.0,186521329.0,1.026,0.3
605499,东鹏饮料,120.03,120.03,120.04,123.07,122.05,122.4,119.05,5755087.0,692466358.0,-2.47,-3.04
605500,森林包装,6.95,6.95,6.96,6.95,6.93,6.98,6.79,2511047.0,17329352.0,0.0,0.0
605507,国邦医药,15.58,15.55,15.58,16.0,15.91,15.94,15.23,7222420.0,112106293.0,-2.625,-0.42
605555,德昌股份,11.91,11.91,11.92,11.94,11.88,12.01,11.8,2512636.0,29866541.0,-0.251,-0.03
605566,福莱蒽特,25.8,25.8,25.81,25.54,25.48,25.88,24.83,1672939.0,42677827.0,1.018,0.26
605567,春雪食品,9.1,9.1,9.12,9.15,9.15,9.17,8.91,2431900.0,21983614.0,-0.546,-0.05
605577,龙版传媒,9.73,9.73,9.76,9.95,9.9,9.92,9.61,7347884.0,71380859.0,-2.211,-0.22
605580,恒盛能源,17.79,17.79,17.8,17.71,17.67,17.88,17.36,2767787.0,48976791.0,0.452,0.08
605588,冠石科技,47.7,47.7,47.84,47.4,47.99,48.09,46.25,946542.0,44902916.0,0.633,0.3
605589,圣泉集团,38.9,38.9,38.91,38.16,37.74,39.44,37.51,22831019.0,885027701.0,1.939,0.74
605598,上海港湾,26.46,26.45,26.48,26.23,26.34,26.65,25.74,3198862.0,84154286.0,0.877,0.23
605599,菜百股份,16.86,16.86,16.87,15.79,16.18,16.95,15.79,12629433.0,207012441.0,6.776,1.07
688001,华兴源创,52.99,52.99,53.03,53.32,52.59,55.49,51.72,7228010.0,386751010.0,-0.619,-0.33
688002,睿创微纳,160.41,160.41,160.45,159.88,161.0,167.0,159.2,9499818.0,1545468272.0,0.331,0.53
688003,天准科技,85.0,85.0,85.03,87.16,86.28,89.87,83.01,6788380.0,585703912.0,-2.478,-2.16
688004,博汇科技,21.91,21.82,21.91,21.7,21.31,21.98,21.0,1766003.0,38201661.0,0.968,0.21
688005,容百科技,26.7,26.69,26.7,26.18,26.08,27.26,25.85,11181910.0,298600588.0,1.986,0.52
688006,杭可科技,22.68,22.68,22.69,22.88,22.74,23.2,22.43,9394902.0,214350360.0,-0.874,-0.2
688007,光峰科技,10.64,10.63,10.64,10.66,10.55,10.68,10.42,3638181.0,38407828.0,-0.188,-0.02
688008,澜起科技,200.55,200.55,200.56,199.11,200.22,204.18,199.11,21159032.0,4259877036.0,0.723,1.44
688009,中国通号,4.89,4.89,4.9,4.95,4.94,4.95,4.88,19003865.0,93164418.0,-1.212,-0.06
688010,福光股份,26.38,26.38,26.39,26.18,25.95,26.71,25.71,2933567.0,76994944.0,0.764,0.2
688011,新光光电,79.58,79.58,79.7,78.67,78.98,80.58,76.0,1999456.0,157733121.0,1.157,0.91
688012,中微公司,362.5,362.5,362.51,365.5,365.9,369.75,359.5,14627381.0,5329720075.0,-0.821,-3.0
688013,天臣医疗,25.3,25.15,25.3,26.4,26.16,26.18,25.3,949865.0,24378933.0,-4.167,-1.1
688015,交控科技,15.73,15.72,15.73,15.74,15.74,15.75,15.42,933331.0,14551502.0,-0.064,-0.01
688016,心脉医疗,92.46,92.46,92.5,93.52,93.5,93.65,91.85,1392228.0,128837785.0,-1.133,-1.06
688017,绿的谐波,314.35,314.3,314.35,310.0,303.0,319.2,303.0,6806087.0,2129429817.0,1.403,4.35
688018,乐鑫科技,112.21,112.2,112.21,112.2,111.32,112.8,109.31,2772403.0,309027406.0,0.009,0.01
688019,安集科技,241.07,241.05,241.07,248.41,248.98,248.98,239.2,5287155.0,1286466855.0,-2.955,-7.34
688020,方邦股份,129.88,129.88,129.89,127.7,126.48,131.5,123.12,3519648.0,451740199.0,1.707,2.18
688021,奥福科技,21.47,21.47,21.51,21.17,21.0,21.56,20.21,1531619.0,32054273.0,1.417,0.3
688022,ST瀚川,8.35,8.35,8.36,8.38,8.28,8.35,8.07,2550279.0,20872227.0,-0.358,-0.03
688023,安恒信息,38.61,38.61,38.64,38.42,38.19,38.68,37.51,1422324.0,54263525.0,0.495,0.19
688025,杰普特,410.89,410.61,410.89,408.9,407.01,424.23,403.0,3237311.0,1335262394.0,0.487,1.99
688026,洁特生物,16.47,16.47,16.48,16.67,16.4,16.73,16.01,4019393.0,65539216.0,-1.2,-0.2
688027,国盾量子,386.6,386.6,386.68,386.2,374.83,396.27,373.0,1296536.0,498799117.0,0.104,0.4
688028,沃尔德,91.44,91.44,91.45,89.0,90.23,93.82,86.8,4480503.0,409522616.0,2.742,2.44
688029,南微医学,74.14,74.14,74.25,75.62,75.0,77.12,73.61,2740673.0,205742767.0,-1.957,-1.48
688030,山石网科,16.52,16.52,16.53,16.5,16.57,16.62,16.01,2282501.0,37296979.0,0.121,0.02
688031,星环科技,105.53,105.53,105.6,106.35,105.7,107.7,102.51,3589289.0,378523422.0,-0.771,-0.82
688032,禾迈股份,75.5,75.5,75.54,75.7,75.7,76.76,75.21,722494.0,54985050.0,-0.264,-0.2
688033,*ST天宜,5.95,5.95,5.96,5.94,5.94,5.96,5.86,2116323.0,12548574.0,0.168,0.01
688035,德邦科技,66.36,66.36,66.37,65.74,65.01,67.48,63.35,5962628.0,392030604.0,0.943,0.62
688036,传音控股,57.81,57.81,57.83,58.89,58.2,58.58,57.33,12840041.0,743725686.0,-1.834,-1.08
688037,芯源微,366.5,366.5,366.57,367.59,363.0,375.5,353.23,5098743.0,1860782174.0,-0.297,-1.09
688038,中科通达,18.08,17.98,18.08,18.12,18.0,18.08,17.57,1144361.0,20474349.0,-0.221,-0.04
688039,当虹科技,33.45,33.4,33.45,33.45,33.45,33.83,32.53,1451087.0,48309902.0,0.0,0.0
688041,海光信息,246.21,246.21,246.23,246.33,245.0,249.32,242.22,21440767.0,5256072873.0,-0.049,-0.12
688045,必易微,60.1,60.1,60.11,61.26,60.53,61.4,59.18,2788806.0,167773706.0,-1.894,-1.16
688046,药康生物,34.35,34.35,34.38,36.7,35.13,35.8,33.36,23446175.0,806765812.0,-6.403,-2.35
688047,龙芯中科,107.38,107.34,107.38,107.0,106.36,108.45,105.93,2405049.0,258003198.0,0.355,0.38
688048,长光华芯,307.23,307.23,307.25,301.89,301.9,322.0,295.73,9917298.0,3076789122.0,1.769,5.34
688049,炬芯科技,39.17,39.17,39.18,39.67,39.66,39.98,38.8,4288158.0,168147663.0,-1.26,-0.5
688050,爱博医疗,40.48,40.48,40.49,42.2,41.75,41.99,40.44,4222665.0,173173093.0,-4.076,-1.72
688051,佳华科技,24.45,24.45,24.49,25.0,24.53,24.89,23.86,1311565.0,32005329.0,-2.2,-0.55
688052,纳芯微,244.36,244.36,244.37,245.3,242.83,250.68,240.69,3094547.0,759070877.0,-0.383,-0.94
688053,ST思科瑞,34.86,34.83,34.86,33.7,33.77,35.0,33.38,556256.0,19216855.0,3.442,1.16
688055,龙腾光电,3.79,3.79,3.8,3.8,3.77,3.82,3.7,9311323.0,35049701.0,-0.263,-0.01
688056,莱伯泰科,42.84,42.84,42.85,42.42,41.58,43.12,41.14,774764.0,32913786.0,0.99,0.42
688057,金达莱,17.89,17.89,17.9,19.16,19.16,19.21,17.86,5272294.0,96232408.0,-6.628,-1.27
688058,宝兰德,22.83,22.83,22.9,22.88,22.55,23.08,22.26,630411.0,14281143.0,-0.219,-0.05
688059,华锐精密,91.39,91.35,91.39,90.8,90.9,93.18,89.0,3498692.0,319919542.0,0.65,0.59
688060,云涌科技,34.35,34.35,34.49,34.65,34.34,34.6,33.83,329859.0,11307200.0,-0.866,-0.3
688061,灿瑞科技,37.3,37.3,37.34,37.48,37.23,38.23,36.52,1350542.0,50332313.0,-0.48,-0.18
688062,迈威生物,31.17,31.17,31.2,34.1,33.59,33.75,31.13,13491839.0,432604206.0,-8.592,-2.93
688063,派能科技,44.59,44.59,44.6,43.98,43.9,45.24,43.3,5554376.0,246704722.0,1.387,0.61
688065,凯赛生物,45.27,45.27,45.29,46.29,46.67,46.7,45.15,4469402.0,203396698.0,-2.203,-1.02
688066,*ST航图,8.44,8.44,8.45,8.41,8.4,8.59,8.34,3760531.0,31739137.0,0.357,0.03
688067,爱威科技,22.88,22.88,22.91,23.14,22.9,23.07,22.29,1029226.0,23264357.0,-1.124,-0.26
688068,热景生物,106.49,106.49,106.6,111.18,109.0,110.1,103.68,4038431.0,430447877.0,-4.218,-4.69
688069,德林海,31.78,31.77,31.78,31.32,31.47,32.5,30.3,2333214.0,73971662.0,1.469,0.46
688070,纵横股份,34.54,34.54,34.55,33.95,33.9,35.49,33.25,1904429.0,65877830.0,1.738,0.59
688071,华依科技,33.67,33.62,33.67,32.74,32.42,34.23,32.36,1813484.0,60870594.0,2.841,0.93
688072,拓荆科技,673.5,673.5,673.8,671.26,677.0,699.66,670.3,5047090.0,3454963895.0,0.334,2.24
688073,毕得医药,71.6,71.6,71.63,74.91,74.29,75.29,70.94,5354161.0,388800056.0,-4.419,-3.31
688075,安旭生物,29.55,29.46,29.55,30.29,30.34,30.69,29.35,884859.0,26364913.0,-2.443,-0.74
688076,ST诺泰,27.33,27.33,27.38,28.2,27.9,28.28,26.96,6891310.0,189283194.0,-3.085,-0.87
688077,大地熊,28.8,28.8,28.82,29.14,29.01,29.22,28.27,3327735.0,95116935.0,-1.167,-0.34
688078,龙软科技,23.33,23.33,23.41,23.69,23.88,23.88,22.81,913888.0,21203539.0,-1.52,-0.36
688079,美迪凯,15.97,15.97,15.98,15.67,15.6,16.12,15.16,9952737.0,157768338.0,1.914,0.3
688080,映翰通,36.57,36.5,36.57,36.8,37.4,37.4,36.4,830275.0,30488278.0,-0.625,-0.23
688081,兴图新科,28.76,28.76,28.86,28.42,28.75,28.97,27.65,1387394.0,39729847.0,1.196,0.34
688082,盛美上海,301.1,301.02,301.1,295.0,294.5,306.69,290.5,5460617.0,1640017380.0,2.068,6.1
688083,中望软件,53.73,53.73,53.76,53.63,53.25,54.9,52.3,2279367.0,122159437.0,0.186,0.1
688084,晶品特装,44.05,44.05,44.16,44.12,43.59,44.48,42.69,927801.0,40507587.0,-0.159,-0.07
688085,三友医疗,13.5,13.49,13.5,13.57,13.57,13.59,13.13,3121123.0,41682250.0,-0.516,-0.07
688087,英科再生,40.21,40.21,40.22,39.89,39.37,41.26,38.06,1679313.0,67026841.0,0.802,0.32
688088,虹软科技,31.61,31.61,31.63,31.75,31.55,31.88,31.22,3126466.0,98688675.0,-0.441,-0.14
688089,ST嘉必优,7.51,7.5,7.51,7.46,7.4,7.53,7.31,1503119.0,11147568.0,0.67,0.05
688090,瑞松科技,71.5,71.49,71.5,72.8,71.0,73.84,70.8,5768598.0,414705223.0,-1.786,-1.3
688091,上海谊众,40.02,40.02,40.06,42.48,40.99,41.88,39.71,5438840.0,220370317.0,-5.791,-2.46
688092,爱科科技,22.6,22.6,22.65,22.73,22.87,22.87,22.2,526461.0,11884767.0,-0.572,-0.13
688093,世华科技,25.34,25.31,25.34,25.33,25.09,25.7,24.77,1590696.0,40158986.0,0.039,0.01
688095,福昕软件,59.05,59.05,59.06,59.89,59.0,59.43,58.02,2151827.0,126369711.0,-1.403,-0.84
688096,京源环保,8.8,8.79,8.8,9.07,8.92,9.16,8.62,11388293.0,100695881.0,-2.977,-0.27
688097,博众精工,49.1,49.09,49.1,46.95,46.16,49.96,46.16,7700989.0,375215716.0,4.579,2.15
688098,申联生物,8.25,8.25,8.27,8.72,8.7,8.7,8.22,7259734.0,60531372.0,-5.39,-0.47
688099,晶晨股份,91.92,91.91,91.92,93.25,93.45,94.37,91.24,8310273.0,769235236.0,-1.426,-1.33
688100,威胜信息,25.66,25.66,25.68,25.91,25.83,26.1,25.44,3513429.0,90396319.0,-0.965,-0.25
688101,三达膜,14.69,14.69,14.7,15.57,15.0,15.0,14.21,6601326.0,96573072.0,-5.652,-0.88
688102,斯瑞新材,34.16,34.15,34.16,33.1,33.14,35.1,33.14,23065870.0,786952844.0,3.202,1.06
688103,国力电子,74.93,74.89,74.93,74.04,73.38,76.3,72.68,1998293.0,149386817.0,1.202,0.89
688105,诺唯赞,24.24,24.24,24.25,25.52,24.9,27.6,24.24,38666488.0,993558106.0,-5.016,-1.28
688106,金宏气体,27.93,27.93,27.94,27.36,27.36,28.9,27.12,19368757.0,542841735.0,2.083,0.57
688107,安路科技,31.3,31.29,31.3,31.41,31.43,32.0,30.93,5226670.0,164025554.0,-0.35,-0.11
688108,赛诺医疗,18.48,18.47,18.48,18.58,18.59,18.64,18.12,9628989.0,176800661.0,-0.538,-0.1
688109,品茗科技,73.03,72.93,73.03,73.6,72.5,74.35,72.0,733559.0,53580887.0,-0.774,-0.57
688110,东芯股份,120.7,120.68,120.7,114.32,114.35,122.0,113.28,20365602.0,2396839013.0,5.581,6.38
688111,金山办公,240.5,240.49,240.5,241.64,241.26,243.14,237.3,5094665.0,1220494691.0,-0.472,-1.14
688112,鼎阳科技,71.11,71.1,71.11,70.5,70.49,73.25,68.85,5471980.0,388097205.0,0.865,0.61
688113,联测科技,36.05,35.9,36.05,35.92,35.5,36.08,34.93,511230.0,18186417.0,0.362,0.13
688114,华大智造,74.79,74.6,74.79,69.11,69.05,80.5,68.1,31793380.0,2422252545.0,8.219,5.68
688115,思林杰,68.26,68.24,68.26,69.68,71.07,71.14,67.0,1632457.0,111386739.0,-2.038,-1.42
688116,天奈科技,32.2,32.18,32.2,31.54,31.72,32.86,31.34,5701641.0,183288446.0,2.093,0.66
688117,圣诺生物,25.79,25.79,25.8,26.6,26.0,26.49,25.33,13374124.0,345071249.0,-3.045,-0.81
688118,普元信息,20.15,20.14,20.15,20.19,19.92,20.23,19.52,2258224.0,45161211.0,-0.198,-0.04
688119,中钢洛耐,3.9,3.89,3.9,3.89,3.89,3.92,3.8,7622318.0,29488752.0,0.257,0.01
688120,华海清科,271.7,271.69,271.7,280.5,278.35,280.5,268.76,7994935.0,2188381467.0,-3.137,-8.8
688121,*ST卓然,1.74,1.73,1.74,1.87,1.82,1.88,1.74,8844200.0,15850087.0,-6.952,-0.13
688122,西部超导,49.2,49.2,49.21,48.77,48.95,49.32,48.16,4985746.0,243979058.0,0.882,0.43
688123,聚辰股份,138.89,138.89,138.9,140.93,141.98,143.98,136.02,9006197.0,1256528181.0,-1.448,-2.04
688125,安达智能,123.6,123.2,123.6,122.62,126.39,127.98,118.04,997993.0,123103076.0,0.799,0.98
688126,沪硅产业,24.63,24.62,24.63,24.45,24.45,25.15,23.93,64006007.0,1574686196.0,0.736,0.18
688127,蓝特光学,65.73,65.73,65.74,69.8,66.4,67.79,64.1,12549959.0,826614354.0,-5.831,-4.07
688128,中国电研,21.95,21.95,21.96,21.86,21.94,21.98,21.49,1394213.0,30411851.0,0.412,0.09
688129,东来技术,20.96,20.89,20.96,21.23,20.9,21.3,20.7,709252.0,14811946.0,-1.272,-0.27
688130,晶华微,24.15,24.13,24.15,24.27,24.01,24.28,23.53,1630068.0,39081890.0,-0.494,-0.12
688131,皓元医药,97.39,97.39,97.49,100.09,98.46,99.8,96.3,6345531.0,619174781.0,-2.698,-2.7
688132,邦彦技术,13.4,13.39,13.4,13.38,13.3,13.53,13.07,888756.0,11827822.0,0.149,0.02
688133,泰坦科技,23.33,23.33,23.35,24.11,23.91,23.91,23.13,3107882.0,72789735.0,-3.235,-0.78
688135,利扬芯片,25.44,25.43,25.44,25.7,25.28,25.99,25.06,6797541.0,173429775.0,-1.012,-0.26
688136,科兴制药,20.55,20.55,20.57,21.58,21.04,21.5,20.11,8571056.0,177277212.0,-4.773,-1.03
688137,近岸蛋白,80.99,80.99,0.0,67.49,66.07,80.99,66.07,10573288.0,794653561.0,20.003,13.5
688138,清溢光电,33.98,33.97,33.98,34.4,33.98,35.08,33.52,5803966.0,198685514.0,-1.221,-0.42
688139,海尔生物,29.54,29.53,29.54,30.04,30.04,30.19,29.22,4901330.0,145490660.0,-1.664,-0.5
688141,杰华特,124.35,124.35,124.38,121.81,121.97,126.42,119.57,9920638.0,1224657699.0,2.085,2.54
688143,长盈通,158.8,158.8,158.85,149.5,150.53,164.67,147.0,24639889.0,3847777629.0,6.221,9.3
688146,中船特气,263.09,263.09,263.1,260.88,261.5,274.99,256.57,14649013.0,3885688039.0,0.847,2.21
688147,微导纳米,119.72,119.72,119.73,117.0,118.42,121.99,115.5,6887321.0,821601096.0,2.325,2.72
688148,芳源股份,6.31,6.31,6.32,6.25,6.21,6.38,6.11,14855285.0,93216018.0,0.96,0.06
688150,莱特光电,38.33,38.33,38.34,38.35,38.15,38.95,36.8,6770708.0,258022869.0,-0.052,-0.02
688151,华强科技,15.91,15.91,15.92,16.39,16.35,16.35,15.86,2649880.0,42287457.0,-2.929,-0.48
688152,麒麟信安,33.1,33.1,33.11,35.54,35.01,35.2,32.0,6660743.0,219999910.0,-6.866,-2.44
688153,唯捷创芯,25.63,25.62,25.63,25.82,26.18,26.25,25.56,2225397.0,57440661.0,-0.736,-0.19
688155,先惠技术,60.02,60.02,60.09,58.98,58.64,61.62,57.88,2683564.0,161261202.0,1.763,1.04
688156,路德科技,19.72,19.72,19.74,19.49,19.49,19.94,18.97,2201702.0,43098982.0,1.18,0.23
688157,松井股份,18.99,18.99,19.05,19.31,19.15,19.27,18.55,1451662.0,27452113.0,-1.657,-0.32
688158,优刻得,32.63,32.63,32.64,32.36,32.1,32.73,31.42,14263983.0,458886472.0,0.834,0.27
688159,有方科技,32.35,32.33,32.35,32.08,31.56,32.55,31.16,2476724.0,79420374.0,0.842,0.27
688160,步科股份,99.85,99.85,99.86,99.96,97.83,101.02,97.24,900439.0,89590229.0,-0.11,-0.11
688161,威高骨科,22.08,22.08,22.09,22.71,22.59,22.59,21.94,1213014.0,26861635.0,-2.774,-0.63
688162,巨一科技,23.17,23.15,23.17,23.07,22.9,23.3,22.51,907008.0,20873414.0,0.433,0.1
688163,赛伦生物,34.0,34.0,34.01,34.98,34.15,34.45,32.81,1285495.0,43296665.0,-2.802,-0.98
688165,埃夫特,16.4,16.4,16.41,16.4,16.36,16.55,16.06,5760943.0,94068162.0,0.0,0.0
688166,博瑞医药,36.67,36.67,36.68,38.85,37.8,37.98,36.05,15655282.0,577343895.0,-5.611,-2.18
688167,炬光科技,281.07,281.07,281.19,283.0,284.09,293.99,276.0,11241517.0,3205935200.0,-0.682,-1.93
688168,安博通,35.63,35.63,35.66,35.76,35.32,35.85,34.33,2817008.0,99537149.0,-0.364,-0.13
688169,石头科技,116.46,116.44,116.46,119.6,119.23,119.84,116.02,3389451.0,397153037.0,-2.625,-3.14
688170,德龙激光,52.95,52.92,52.95,53.01,53.0,53.33,51.05,2944605.0,154796778.0,-0.113,-0.06
688171,纬德信息,27.0,27.0,27.01,27.57,27.52,27.55,26.51,1050765.0,28375430.0,-2.067,-0.57
688172,燕东微,55.65,55.65,55.66,55.55,55.55,56.34,54.45,8748283.0,484919274.0,0.18,0.1
688173,希荻微,13.81,13.8,13.81,13.48,13.48,13.98,13.32,7786746.0,106673380.0,2.448,0.33
688175,高凌信息,19.37,19.36,19.37,19.65,19.09,19.5,18.95,1746093.0,33586504.0,-1.425,-0.28
688176,亚虹医药,12.2,12.2,12.22,12.86,12.68,12.7,12.03,15601553.0,191342940.0,-5.132,-0.66
688177,百奥泰,20.71,20.71,20.75,21.75,21.32,21.75,20.61,4869704.0,102083891.0,-4.782,-1.04
688178,万德斯,28.7,28.7,28.75,28.74,28.03,28.97,27.45,1122488.0,31854048.0,-0.139,-0.04
688179,阿拉丁,20.89,20.88,20.89,22.76,21.79,22.38,20.17,24503487.0,516547805.0,-8.216,-1.87
688180,君实生物,37.42,37.42,37.43,40.45,39.5,39.79,37.33,30755163.0,1176459001.0,-7.491,-3.03
688181,八亿时空,38.72,38.72,38.73,38.8,38.5,39.4,37.51,3907983.0,150601737.0,-0.206,-0.08
688182,灿勤科技,28.2,28.2,28.22,28.15,27.9,28.6,27.34,6244035.0,175325038.0,0.178,0.05
688183,生益电子,107.58,107.58,107.64,104.4,103.89,109.95,102.52,11692741.0,1251465842.0,3.046,3.18
688184,ST帕瓦,11.07,11.02,11.07,11.1,11.06,11.09,10.89,592521.0,6497810.0,-0.27,-0.03
688185,康希诺,77.32,77.31,77.32,64.43,70.06,77.32,67.5,25593388.0,1891019107.0,20.006,12.89
688186,广大特材,13.88,13.87,13.88,13.75,13.75,13.91,13.51,2581943.0,35647980.0,0.945,0.13
688187,时代电气,47.6,47.59,47.6,46.95,46.58,48.45,46.58,5118694.0,244740945.0,1.384,0.65
688188,柏楚电子,101.6,101.59,101.6,102.34,102.27,102.86,100.58,1832168.0,185959516.0,-0.723,-0.74
688189,ST南新,6.5,6.47,6.5,6.62,6.53,6.6,6.3,5727012.0,36781941.0,-1.813,-0.12
688190,云路股份,73.06,73.06,73.19,73.54,73.58,74.53,72.7,676164.0,49635066.0,-0.653,-0.48
688191,智洋创新,21.74,21.72,21.74,21.67,21.73,21.98,20.66,4772111.0,102844133.0,0.323,0.07
688192,迪哲医药,59.0,59.0,59.01,62.15,60.45,61.1,58.1,9050663.0,538007693.0,-5.068,-3.15
688193,仁度生物,48.06,48.06,48.2,48.54,48.04,48.21,46.55,451164.0,21434829.0,-0.989,-0.48
688195,腾景科技,172.0,172.0,172.01,176.28,179.86,180.0,168.88,11052522.0,1921638705.0,-2.428,-4.28
688196,卓越新能,34.5,34.49,34.5,35.38,35.03,35.28,34.11,2382065.0,82201887.0,-2.487,-0.88
688197,首药控股,37.71,37.71,37.72,38.96,38.43,39.93,36.67,3787327.0,143843230.0,-3.208,-1.25
688198,佰仁医疗,78.5,78.5,78.52,81.5,80.69,80.69,78.1,937144.0,74007378.0,-3.681,-3.0
688199,久日新材,23.16,23.16,23.18,23.03,22.9,23.27,22.48,2505859.0,57699002.0,0.564,0.13
688200,华峰测控,412.52,412.5,412.52,415.6,418.09,418.09,402.2,2577186.0,1057649578.0,-0.741,-3.08
688201,ST信安,7.09,7.09,7.1,7.12,7.08,7.14,6.99,1208806.0,8534564.0,-0.421,-0.03
688202,美迪西,100.47,100.47,100.5,110.0,104.0,107.92,99.38,9016307.0,925904281.0,-8.664,-9.53
688203,海正生材,11.73,11.73,11.75,11.56,11.56,11.81,11.42,2777997.0,32320146.0,1.471,0.17
688205,德科立,159.36,159.36,159.38,166.99,169.95,171.99,158.14,12517164.0,2035279673.0,-4.569,-7.63
688206,概伦电子,43.3,43.3,43.32,39.08,39.18,43.8,38.81,15812342.0,664083299.0,10.798,4.22
688207,格灵深瞳,19.38,19.37,19.38,19.44,19.3,19.45,18.75,7418247.0,142246413.0,-0.309,-0.06
688208,道通科技,25.06,25.06,25.1,25.2,25.27,25.31,24.81,7088841.0,177598580.0,-0.556,-0.14
688209,英集芯,23.02,23.01,23.02,21.88,21.6,23.38,21.47,13765053.0,313360779.0,5.21,1.14
688210,统联精密,30.99,30.98,30.99,31.4,30.46,32.22,30.11,6460966.0,200704849.0,-1.306,-0.41
688211,中科微至,30.88,30.88,30.99,31.07,31.01,31.5,30.58,434202.0,13408243.0,-0.612,-0.19
688212,澳华内镜,28.27,28.27,28.3,28.82,28.82,28.9,27.96,3650725.0,102973286.0,-1.908,-0.55
688213,思特威,98.0,98.0,98.07,97.3,97.16,99.36,96.32,4909950.0,480310395.0,0.719,0.7
688215,瑞晟智能,45.35,45.34,45.35,44.17,45.0,45.8,43.18,1281552.0,56945395.0,2.671,1.18
688216,气派科技,30.53,30.53,30.57,30.33,30.34,31.1,29.71,2798717.0,85265196.0,0.659,0.2
688217,睿昂基因,24.77,24.77,24.79,25.26,24.6,25.22,24.09,1430518.0,35215347.0,-1.94,-0.49
688218,江苏北人,41.32,41.32,41.37,40.08,39.9,42.08,38.9,4281675.0,173135366.0,3.094,1.24
688219,会通股份,10.36,10.35,10.36,10.26,10.27,10.37,10.1,4410686.0,45289226.0,0.975,0.1
688220,翱捷科技,94.38,94.38,94.4,95.26,94.88,96.35,93.0,6080218.0,573363139.0,-0.924,-0.88
688221,前沿生物,20.0,19.99,20.0,22.07,21.45,21.49,19.8,25341330.0,514245948.0,-9.379,-2.07
688222,成都先导,36.16,36.16,36.2,38.7,37.16,38.0,35.66,24474052.0,894492601.0,-6.563,-2.54
688223,晶科能源,4.39,4.38,4.39,4.39,4.35,4.42,4.33,46506950.0,203500719.0,0.0,0.0
688225,亚信安全,11.86,11.84,11.86,12.07,11.92,11.98,11.74,4307369.0,51055453.0,-1.74,-0.21
688226,威腾电气,29.24,29.23,29.24,28.96,28.5,29.82,28.34,2757003.0,80440533.0,0.967,0.28
688227,品高股份,72.35,72.31,72.35,72.3,70.86,72.9,70.03,2122738.0,152774788.0,0.069,0.05
688228,开普云,79.5,79.48,79.5,74.68,73.19,80.27,73.19,2615108.0,202213786.0,6.454,4.82
688229,博睿数据,66.49,66.31,66.49,65.73,65.73,67.25,63.5,444958.0,29304872.0,1.156,0.76
688230,芯导科技,54.5,54.5,54.52,54.7,54.16,55.15,53.76,972138.0,52893614.0,-0.366,-0.2
688231,隆达股份,29.63,29.63,29.7,29.43,29.14,30.15,28.98,1978880.0,58728076.0,0.68,0.2
688232,新点软件,18.16,18.16,18.18,18.37,18.47,18.47,18.08,1257847.0,22886820.0,-1.143,-0.21
688233,神工股份,113.19,113.18,113.19,113.0,113.52,114.94,109.8,7320143.0,823941993.0,0.168,0.19
688234,天岳先进,109.95,109.93,109.95,108.2,106.0,113.53,106.0,11688190.0,1289601758.0,1.617,1.75
688235,百济神州,289.25,289.24,289.25,298.88,290.04,294.54,283.8,5761754.0,1660779605.0,-3.222,-9.63
688236,春立医疗,14.49,14.49,14.51,15.09,14.85,14.94,14.39,2016001.0,29330918.0,-3.976,-0.6
688237,超卓航科,56.2,56.2,56.27,55.8,55.94,56.72,55.1,910984.0,50954462.0,0.717,0.4
688238,和元生物,7.28,7.28,7.3,8.04,7.71,7.83,7.13,71438458.0,530086534.0,-9.453,-0.76
688239,航宇科技,48.21,48.2,48.21,44.88,44.53,48.35,44.5,9499997.0,450844138.0,7.42,3.33
688244,永信至诚,14.96,14.96,14.97,15.07,14.89,15.11,14.68,1217606.0,18086464.0,-0.73,-0.11
688246,嘉和美康,17.41,17.41,17.46,17.8,17.59,17.9,17.17,2275024.0,39545686.0,-2.191,-0.39
688247,宣泰医药,9.76,9.76,9.77,10.21,9.86,10.05,9.68,11070288.0,108774565.0,-4.407,-0.45
688248,南网科技,41.34,41.34,41.35,42.24,41.7,42.47,40.6,4996701.0,206573676.0,-2.131,-0.9
688249,晶合集成,39.12,39.11,39.12,39.39,39.27,40.28,38.74,14644155.0,575822851.0,-0.685,-0.27
688251,井松智能,21.43,21.42,21.43,21.34,21.3,21.57,21.04,897209.0,19107860.0,0.422,0.09
688252,天德钰,20.1,20.09,20.1,20.39,20.1,20.46,19.97,5016084.0,101196910.0,-1.422,-0.29
688253,英诺特,56.23,56.2,56.23,57.16,57.33,57.39,55.36,1530799.0,86028707.0,-1.627,-0.93
688255,凯尔达,25.74,25.74,25.75,25.5,25.5,25.78,24.83,2084027.0,52975090.0,0.941,0.24
688256,寒武纪,1035.0,1034.98,1035.0,1010.88,999.98,1061.47,996.0,12033293.0,12446848997.0,2.386,24.12
688257,新锐股份,58.05,58.04,58.05,57.1,56.73,58.87,55.63,10011217.0,576934565.0,1.664,0.95
688258,卓易信息,97.29,97.27,97.29,97.8,97.75,98.6,95.08,1766825.0,171300224.0,-0.521,-0.51
688259,创耀科技,31.01,30.92,31.01,30.81,30.6,31.11,30.3,859068.0,26420061.0,0.649,0.2
688260,昀冢科技,107.09,107.09,107.1,107.56,105.78,111.07,104.01,6503217.0,702807848.0,-0.437,-0.47
688261,东微半导,74.81,74.81,74.83,73.68,72.66,77.21,72.66,7546751.0,568410032.0,1.534,1.13
688262,国芯科技,26.93,26.93,26.94,26.77,26.69,27.33,26.25,6573353.0,176418892.0,0.598,0.16
688265,南模生物,42.3,42.29,42.3,44.85,43.0,44.98,41.9,3687861.0,157940123.0,-5.686,-2.55
688266,泽璟制药,128.71,128.7,128.71,138.34,134.0,135.46,125.54,8739361.0,1134744189.0,-6.961,-9.63
688267,中触媒,18.65,18.65,18.66,18.94,18.65,18.85,18.5,995450.0,18543372.0,-1.531,-0.29
688268,华特气体,145.2,145.2,145.21,141.35,141.11,153.49,140.58,6689285.0,981243908.0,2.724,3.85
688269,凯立新材,32.16,32.1,32.16,31.29,31.1,32.31,30.6,1656422.0,52622412.0,2.78,0.87
688270,ST臻镭,61.89,61.89,61.9,61.46,60.85,63.64,60.81,5870023.0,366194911.0,0.7,0.43
688271,联影医疗,106.0,106.0,106.01,109.99,108.46,109.0,105.77,5286227.0,563288891.0,-3.628,-3.99
688272,富吉瑞,28.42,28.42,28.48,28.45,27.8,30.0,27.61,1286499.0,36592144.0,-0.105,-0.03
688273,麦澜德,30.41,30.41,30.5,31.24,31.33,31.33,30.0,1134442.0,34535239.0,-2.657,-0.83
688275,万润新能,85.91,85.91,85.92,79.08,78.88,90.28,78.02,8211594.0,700308441.0,8.637,6.83
688276,百克生物,17.36,17.36,17.38,18.71,18.7,19.35,17.29,19977242.0,366983575.0,-7.215,-1.35
688277,天智航,15.74,15.74,15.75,16.06,15.93,16.06,15.63,4515073.0,71488323.0,-1.993,-0.32
688278,特宝生物,61.88,61.71,61.88,64.99,63.41,63.99,60.88,8361454.0,518006527.0,-4.785,-3.11
688279,峰岹科技,177.74,177.74,178.0,168.04,175.0,184.98,174.01,2804595.0,502241433.0,5.772,9.7
688280,精进电动,5.48,5.48,5.49,5.49,5.51,5.52,5.34,8930174.0,48546696.0,-0.182,-0.01
688281,华秦科技,45.18,45.18,45.19,45.45,45.02,45.98,44.21,2634546.0,118767186.0,-0.594,-0.27
688282,理工导航,55.79,55.79,55.93,55.81,55.69,56.95,54.22,582402.0,32447608.0,-0.036,-0.02
688283,坤恒顺维,28.3,28.3,28.31,28.55,28.49,28.74,27.86,1126152.0,31883646.0,-0.876,-0.25
688285,高铁电气,7.62,7.62,7.65,7.69,7.63,7.72,7.51,2240314.0,17053591.0,-0.91,-0.07
688286,敏芯股份,49.0,48.99,49.0,51.28,50.09,51.0,48.52,9361950.0,464028837.0,-4.446,-2.28
688288,鸿泉技术,18.53,18.53,18.55,18.47,18.18,18.66,17.96,1326541.0,24265935.0,0.325,0.06
688289,圣湘生物,15.78,15.78,15.79,17.45,16.87,16.93,15.77,18857249.0,305710689.0,-9.57,-1.67
688290,景业智能,66.6,66.6,66.8,66.86,66.8,67.95,65.55,891263.0,59479702.0,-0.389,-0.26
688291,金橙子,42.53,42.49,42.53,43.01,43.44,43.87,41.38,1369854.0,57905988.0,-1.116,-0.48
688292,浩瀚深度,17.05,17.05,17.1,17.21,17.3,17.3,16.85,1495724.0,25497364.0,-0.93,-0.16
688293,奥浦迈,61.75,61.75,61.81,63.9,62.0,64.37,59.88,4548146.0,280883850.0,-3.365,-2.15
688295,中复神鹰,38.86,38.86,38.87,38.47,38.24,39.0,37.9,3264729.0,126232476.0,1.014,0.39
688296,和达科技,26.39,26.39,26.4,26.25,26.91,27.15,25.09,6761914.0,178869276.0,0.533,0.14
688297,中无人机,38.8,38.8,38.81,38.89,38.8,38.94,38.32,3585079.0,138566236.0,-0.231,-0.09
688298,东方生物,19.43,19.43,19.44,20.06,19.85,19.97,19.2,2682415.0,52227107.0,-3.141,-0.63
688299,长阳科技,12.91,12.9,12.91,12.84,12.73,12.98,12.4,3993069.0,51114796.0,0.545,0.07
688300,联瑞新材,145.31,145.31,145.32,142.57,143.44,151.38,137.18,12798401.0,1841604115.0,1.922,2.74
688301,奕瑞科技,100.94,100.94,100.95,98.95,98.4,101.46,97.39,5963874.0,593900811.0,2.011,1.99
688302,海创药业,36.47,36.47,36.48,38.08,37.5,37.8,36.09,2040213.0,74973443.0,-4.228,-1.61
688303,大全能源,18.02,18.02,18.03,17.86,18.06,18.45,17.84,9685215.0,175060329.0,0.896,0.16
688305,科德数控,63.21,63.21,63.22,64.31,64.0,64.25,62.8,3342958.0,211858914.0,-1.71,-1.1
688306,均普智能,8.68,8.68,8.69,8.7,8.71,8.75,8.56,5446540.0,47306852.0,-0.23,-0.02
688307,中润光学,49.78,49.78,49.8,51.26,50.53,52.47,48.72,5115728.0,257564635.0,-2.887,-1.48
688308,欧科亿,97.28,97.27,97.28,95.43,95.19,99.76,94.32,6711043.0,653230563.0,1.939,1.85
688309,恒誉科技,74.48,74.48,74.5,73.78,73.84,76.25,71.8,1802007.0,134180760.0,0.949,0.7
688310,迈得医疗,15.7,15.66,15.7,15.19,15.11,15.8,14.86,1952536.0,30151967.0,3.357,0.51
688311,盟升电子,22.88,22.88,22.9,22.95,22.68,23.31,22.68,3726211.0,85528447.0,-0.305,-0.07
688312,燕麦科技,49.72,49.7,49.72,49.15,49.2,52.2,47.99,6559718.0,330033941.0,1.16,0.57
688313,仕佳光子,158.0,158.0,158.01,164.0,163.0,167.18,156.78,28972883.0,4676195109.0,-3.659,-6.0
688314,康拓医疗,32.39,32.25,32.39,32.65,32.26,32.58,31.39,854196.0,27261835.0,-0.796,-0.26
688315,诺禾致源,15.95,15.95,15.96,17.1,16.47,17.49,15.75,30386001.0,497813381.0,-6.725,-1.15
688316,青云科技,48.88,48.87,48.88,48.38,48.1,49.14,46.43,1805292.0,86355264.0,1.033,0.5
688317,之江生物,17.7,17.7,17.72,18.15,17.97,18.2,17.21,4273609.0,75704800.0,-2.479,-0.45
688318,财富趋势,76.63,76.61,76.63,75.63,75.42,77.19,74.21,4366889.0,331303044.0,1.322,1.0
688319,欧林生物,30.05,30.05,30.06,29.4,28.6,31.12,27.89,12674398.0,375785150.0,2.211,0.65
688320,禾川科技,33.64,33.64,33.65,32.65,32.68,34.05,32.11,2830590.0,94616466.0,3.032,0.99
688321,微芯生物,27.95,27.95,27.96,29.95,29.59,29.95,27.83,20890261.0,595008257.0,-6.678,-2.0
688322,奥比中光,101.0,100.82,101.0,100.0,99.0,101.5,98.32,7440872.0,745452695.0,1.0,1.0
688323,瑞华泰,29.34,29.34,29.35,29.66,29.0,30.85,28.64,18226278.0,539154264.0,-1.079,-0.32
688325,赛微微电,109.75,109.12,109.75,108.55,107.0,112.0,105.6,739412.0,80374938.0,1.105,1.2
688326,经纬恒润,64.2,64.2,64.22,64.34,63.41,64.2,62.58,774260.0,49239429.0,-0.218,-0.14
688327,云从科技,10.16,10.16,10.17,10.27,10.2,10.28,10.07,12495840.0,127013190.0,-1.071,-0.11
688328,深科达,91.16,91.16,0.0,75.97,76.03,91.16,76.01,12782159.0,1103203320.0,19.995,15.19
688329,艾隆科技,20.95,20.95,21.0,20.56,20.27,21.1,19.9,1386925.0,28571485.0,1.897,0.39
688330,宏力达,33.08,33.08,33.1,33.1,33.0,33.18,32.39,604346.0,19869859.0,-0.06,-0.02
688331,荣昌生物,125.5,125.5,125.52,133.38,129.7,130.8,125.02,9582459.0,1216525282.0,-5.908,-7.88
688332,中科蓝讯,91.12,91.12,91.13,91.41,90.27,93.28,89.0,3376625.0,307534667.0,-0.317,-0.29
688333,铂力特,105.46,105.46,105.48,106.68,108.7,112.88,103.28,12077506.0,1282000772.0,-1.144,-1.22
688334,西高院,17.94,17.94,17.95,18.09,17.93,18.13,17.88,1069801.0,19192988.0,-0.829,-0.15
688335,复洁科技,19.95,19.94,19.95,20.09,20.28,20.41,19.52,1866085.0,37022159.0,-0.697,-0.14
688336,三生国健,47.65,47.64,47.65,48.61,48.01,50.8,45.68,16853805.0,810407787.0,-1.975,-0.96
688337,普源精电,44.82,44.81,44.82,45.03,44.3,45.96,43.55,3841137.0,171579223.0,-0.466,-0.21
688338,赛科希德,31.6,31.6,31.62,30.76,30.31,32.25,30.01,2980073.0,93675092.0,2.731,0.84
688339,亿华通,17.04,17.03,17.04,17.05,16.99,17.12,16.63,1787013.0,30246735.0,-0.059,-0.01
688343,云天励飞,57.12,57.12,57.16,56.55,56.0,58.15,55.45,5887404.0,335890143.0,1.008,0.57
688345,博力威,53.52,53.51,53.52,54.83,54.99,54.99,52.8,1622914.0,86959374.0,-2.389,-1.31
688347,华虹宏力,233.22,233.22,233.29,232.68,232.76,238.5,229.02,13707418.0,3204219144.0,0.232,0.54
688348,昱能科技,32.38,32.31,32.38,32.1,32.07,32.5,31.68,796124.0,25665652.0,0.872,0.28
688349,三一重能,14.0,13.99,14.0,14.13,14.07,14.2,13.97,4876819.0,68444299.0,-0.92,-0.13
688350,富淼科技,29.25,29.25,29.26,28.92,28.99,29.56,27.95,1509590.0,43759223.0,1.141,0.33
688351,微电生理,20.2,20.2,20.21,20.55,20.45,20.69,19.91,3867813.0,78364484.0,-1.703,-0.35
688352,颀中科技,18.52,18.52,18.55,18.36,18.4,19.27,18.35,19347655.0,362244810.0,0.871,0.16
688353,华盛锂电,91.2,91.2,91.23,90.0,88.0,93.99,87.0,7071899.0,643184770.0,1.333,1.2
688355,明志科技,17.34,17.3,17.34,17.45,17.52,17.54,17.11,1177995.0,20402863.0,-0.63,-0.11
688356,键凯科技,107.34,107.34,0.0,89.45,107.34,107.34,107.34,3270246.0,351028206.0,20.0,17.89
688357,建龙微纳,26.9,26.85,26.9,27.15,27.28,27.3,26.44,635295.0,16985220.0,-0.921,-0.25
688358,祥生医疗,29.0,28.99,29.0,29.89,29.51,29.7,28.4,1159576.0,33431265.0,-2.978,-0.89
688359,三孚新科,95.98,95.97,95.98,95.12,94.85,97.32,90.53,4069891.0,385080319.0,0.904,0.86
688360,德马科技,15.72,15.72,15.73,15.48,15.18,15.78,15.14,2804716.0,43675610.0,1.55,0.24
688361,中科飞测,349.46,349.46,349.5,355.59,358.93,358.93,342.0,7608141.0,2653998020.0,-1.724,-6.13
688362,甬矽电子,64.88,64.88,64.89,64.61,64.0,66.96,62.53,18345934.0,1190685385.0,0.418,0.27
688363,华熙生物,36.38,36.38,36.39,37.02,36.63,36.63,36.0,3152240.0,114663888.0,-1.729,-0.64
688365,光云科技,14.31,14.31,14.32,14.57,14.35,14.48,14.06,7356771.0,105167183.0,-1.784,-0.26
688366,昊海生科,31.4,31.4,31.41,32.68,32.34,32.88,31.4,964135.0,30566732.0,-3.917,-1.28
688367,工大高科,30.04,30.02,30.04,29.69,30.35,30.35,29.13,1091680.0,32476352.0,1.179,0.35
688368,晶丰明源,126.84,126.84,126.85,129.41,128.0,135.0,126.18,3857560.0,497076941.0,-1.986,-2.57
688369,致远互联,19.66,19.66,19.67,19.85,19.65,19.8,19.26,3272918.0,64017958.0,-0.957,-0.19
688370,丛麟科技,23.55,23.55,23.56,23.42,23.2,23.55,22.89,352955.0,8208480.0,0.555,0.13
688371,菲沃泰,27.9,27.9,27.93,27.85,27.74,28.87,27.07,6972385.0,194948719.0,0.18,0.05
688372,伟测科技,123.05,123.05,123.09,125.73,127.61,129.27,122.71,7180050.0,900991335.0,-2.132,-2.68
688373,盟科药业,5.44,5.44,5.45,5.66,5.65,5.65,5.29,18716935.0,101795032.0,-3.887,-0.22
688375,国博电子,79.62,79.62,79.72,79.26,79.01,81.02,78.0,2845671.0,226726931.0,0.454,0.36
688376,美埃科技,67.16,67.16,67.23,67.48,67.99,68.35,65.1,1210107.0,81070933.0,-0.474,-0.32
688377,迪威尔,20.31,20.31,20.34,20.34,20.14,20.46,19.83,1409869.0,28487953.0,-0.147,-0.03
688378,奥来德,45.81,45.81,45.84,47.25,46.73,47.22,45.34,9200624.0,424823707.0,-3.048,-1.44
688379,华光新材,53.7,53.68,53.7,52.51,52.1,54.32,51.55,3171731.0,168607996.0,2.266,1.19
688380,中微半导,42.08,42.08,42.09,42.51,42.53,43.1,41.6,11672105.0,493282794.0,-1.012,-0.43
688381,帝奥微,33.62,33.61,33.62,33.31,33.13,34.22,32.32,8130141.0,271451445.0,0.931,0.31
688382,益方生物,20.0,20.0,20.01,21.41,20.79,20.9,18.67,33344704.0,658271936.0,-6.586,-1.41
688383,新益昌,127.25,127.2,127.25,128.0,127.0,128.7,121.18,2447655.0,308153886.0,-0.586,-0.75
688385,复旦微电,53.6,53.59,53.6,53.63,53.23,54.88,53.08,11227245.0,605591206.0,-0.056,-0.03
688386,泛亚微透,52.16,52.16,52.24,51.93,50.71,53.3,50.13,1587076.0,82122097.0,0.443,0.23
688387,信科移动,13.02,13.01,13.02,12.8,12.75,13.3,12.66,36710980.0,478167467.0,1.719,0.22
688388,嘉元科技,29.68,29.68,29.69,28.09,27.9,29.94,27.66,30896825.0,904570476.0,5.66,1.59
688389,普门科技,11.16,11.13,11.16,11.42,11.24,11.37,11.05,2062708.0,22996974.0,-2.277,-0.26
688390,固德威,66.21,66.21,66.22,65.15,65.45,67.55,63.92,6219408.0,413415019.0,1.627,1.06
688391,钜泉科技,25.67,25.63,25.67,25.49,25.53,25.8,25.03,1013213.0,25789607.0,0.706,0.18
688392,骄成超声,192.72,192.71,192.72,191.32,189.26,197.32,186.98,5443317.0,1048771083.0,0.732,1.4
688393,安必平,20.26,20.26,20.27,20.72,20.35,20.39,19.71,2086929.0,41860760.0,-2.22,-0.46
688395,正弦电气,22.65,22.65,22.7,22.58,22.37,22.84,22.12,1469958.0,33054086.0,0.31,0.07
688396,华润微,62.16,62.16,62.18,59.39,59.1,63.88,59.01,28045238.0,1745037145.0,4.664,2.77
688398,赛特新材,21.37,21.37,21.4,21.22,21.29,21.59,20.62,1338721.0,28322798.0,0.707,0.15
688399,硕世生物,28.64,28.62,28.64,29.65,29.29,29.65,28.25,1809510.0,51879238.0,-3.406,-1.01
688400,凌云光,47.26,47.25,47.26,47.11,46.77,47.85,45.86,7161540.0,336833338.0,0.318,0.15
688401,路维光电,68.15,68.15,68.16,68.85,68.76,69.36,66.76,3971008.0,270313566.0,-1.017,-0.7
688403,汇成股份,23.01,23.0,23.01,23.1,23.29,23.72,22.51,31819678.0,733971789.0,-0.39,-0.09
688408,中信博,25.48,25.48,25.49,25.66,25.47,25.95,25.17,2336290.0,59767505.0,-0.701,-0.18
688409,富创精密,209.0,208.99,209.0,208.11,209.86,213.96,206.21,4783688.0,1003311984.0,0.428,0.89
688410,山外山,10.91,10.9,10.91,11.41,11.3,11.53,10.86,7089389.0,78024411.0,-4.382,-0.5
688411,海博思创,202.51,202.51,202.78,199.98,200.27,206.96,199.0,1628709.0,331806559.0,1.265,2.53
688416,恒烁股份,75.45,75.43,75.45,74.45,73.92,77.49,73.92,4188691.0,316757681.0,1.343,1.0
688418,震有科技,32.81,32.77,32.81,32.61,32.43,33.1,31.96,2474045.0,81011131.0,0.613,0.2
688419,耐科装备,48.83,48.82,48.83,47.7,47.28,49.87,46.62,2866043.0,139168291.0,2.369,1.13
688420,美腾科技,22.44,22.43,22.44,22.34,22.07,22.59,21.71,608046.0,13481593.0,0.448,0.1
688425,铁建重工,4.05,4.05,4.06,4.1,4.1,4.1,4.05,10829791.0,43987163.0,-1.22,-0.05
688426,康为世纪,22.42,22.42,22.49,22.87,22.99,23.39,20.5,9045555.0,197332591.0,-1.968,-0.45
688428,诺诚健华,29.6,29.6,29.65,31.9,31.01,31.21,29.5,13607238.0,409624405.0,-7.21,-2.3
688429,时创能源,10.62,10.62,10.63,10.49,10.46,10.67,10.32,1079252.0,11360008.0,1.239,0.13
688432,有研硅,44.2,44.2,44.21,44.98,44.98,45.75,43.37,48507701.0,2160680964.0,-1.734,-0.78
688433,华曙高科,104.86,104.86,105.0,103.25,103.0,107.86,99.59,10535854.0,1097692597.0,1.559,1.61
688435,英方软件,30.51,30.5,30.51,30.42,30.42,30.73,29.6,1171879.0,35484487.0,0.296,0.09
688439,振华风光,38.38,38.38,38.39,38.72,38.62,39.25,38.28,2053555.0,79658604.0,-0.878,-0.34
688443,智翔金泰,25.95,25.93,25.95,26.78,26.28,26.75,25.77,4616382.0,120651326.0,-3.099,-0.83
688448,磁谷科技,64.38,64.3,64.38,62.74,63.19,64.79,60.5,2975879.0,188097234.0,2.614,1.64
688449,联芸科技,68.15,68.15,68.18,68.2,67.89,69.91,67.0,8765758.0,599150948.0,-0.073,-0.05
688450,光格科技,33.68,33.68,33.7,33.2,33.0,33.89,32.22,1229164.0,40932452.0,1.446,0.48
688455,科捷智能,16.24,16.24,16.26,15.24,15.18,16.58,14.71,4088982.0,64940357.0,6.562,1.0
688456,有研粉材,82.9,82.88,82.9,81.9,81.44,84.36,79.7,5001600.0,412549855.0,1.221,1.0
688458,美芯晟,33.5,33.47,33.5,33.67,33.2,33.98,32.84,1286958.0,43042813.0,-0.505,-0.17
688459,哈铁科技,7.95,7.94,7.95,7.96,7.98,7.99,7.86,750208.0,5949207.0,-0.126,-0.01
688466,金科环境,13.91,13.91,13.93,14.08,14.04,14.07,13.6,1509354.0,20794135.0,-1.207,-0.17
688468,科美诊断,6.29,6.29,6.31,6.5,6.43,6.46,6.23,3384571.0,21332698.0,-3.231,-0.21
688469,芯联集成,8.88,8.87,8.88,8.85,8.8,9.03,8.78,91493181.0,814178602.0,0.339,0.03
688472,阿特斯,10.47,10.46,10.47,10.26,10.2,10.58,10.16,34681198.0,361281393.0,2.047,0.21
688475,萤石网络,29.51,29.49,29.51,29.62,29.62,29.72,29.33,2789131.0,82233014.0,-0.371,-0.11
688478,晶升股份,49.96,49.96,50.06,49.7,49.36,52.88,49.02,5741477.0,291659799.0,0.523,0.26
688479,友车科技,33.07,33.07,33.1,33.52,26.83,34.46,26.83,2896430.0,95277227.0,-1.342,-0.45
688480,赛恩斯,79.88,79.78,79.88,76.8,75.62,79.98,75.27,1019899.0,80034983.0,4.01,3.08
688484,南芯科技,36.11,36.11,36.14,36.43,36.32,37.72,35.78,6831303.0,249142719.0,-0.878,-0.32
688485,九州一轨,83.12,83.11,83.12,84.59,82.96,85.0,81.5,5855619.0,486666879.0,-1.738,-1.47
688486,龙迅股份,45.42,45.42,45.45,44.21,43.58,45.73,43.36,4046442.0,181640758.0,2.737,1.21
688488,艾迪药业,16.49,16.48,16.49,17.16,16.66,17.37,16.36,12046815.0,200775706.0,-3.904,-0.67
688489,三未信安,24.15,24.12,24.15,23.27,24.1,24.32,23.2,1608678.0,38348345.0,3.782,0.88
688496,*ST清越,0.9,0.9,0.91,0.9,0.92,0.96,0.9,7117792.0,6588229.0,0.0,0.0
688498,源杰科技,1587.0,1586.99,1587.0,1545.0,1560.0,1606.99,1540.01,3468627.0,5466088310.0,2.718,42.0
688499,利元亨,35.1,35.1,35.12,34.67,34.1,35.58,34.05,3270544.0,114365380.0,1.24,0.43
688500,慧辰股份,36.72,36.72,36.75,36.4,36.26,37.16,35.66,1342034.0,49066580.0,0.879,0.32
688501,青达环保,13.28,13.28,13.31,13.27,13.27,13.36,12.93,1310366.0,17253425.0,0.075,0.01
688502,茂莱光学,447.86,447.86,447.88,455.0,450.0,461.6,438.55,1242317.0,557991879.0,-1.569,-7.14
688503,聚和材料,91.76,91.75,91.76,94.53,93.0,94.66,89.33,19029799.0,1748140142.0,-2.93,-2.77
688505,复旦张江,8.64,8.64,8.65,8.85,8.73,8.82,8.49,16785612.0,145282395.0,-2.373,-0.21
688506,百利天恒,282.71,282.71,282.86,295.86,288.0,291.91,279.31,1858332.0,527902486.0,-4.445,-13.15
688507,索辰科技,158.46,158.46,158.47,155.52,154.84,160.88,152.81,3666551.0,578576701.0,1.89,2.94
688508,芯朋微,85.4,85.4,85.46,83.35,83.35,88.7,83.35,6294686.0,541198342.0,2.46,2.05
688509,正元地信,4.19,4.18,4.19,4.26,4.24,4.24,4.16,3668328.0,15361060.0,-1.643,-0.07
688510,航亚科技,23.81,23.81,23.85,23.51,23.17,24.1,23.0,3738383.0,88780469.0,1.276,0.3
688511,天微电子,22.1,22.1,22.11,21.53,21.31,22.11,21.1,1730123.0,37635596.0,2.647,0.57
688512,慧智微,14.4,14.4,14.41,14.45,14.32,14.7,14.15,8179805.0,117979794.0,-0.346,-0.05
688513,苑东生物,45.56,45.56,45.65,48.1,47.62,47.65,44.91,2857949.0,131492158.0,-5.281,-2.54
688515,裕太微,157.18,157.18,157.2,149.83,150.2,161.27,150.2,3915128.0,614700616.0,4.906,7.35
688516,奥特维,41.51,41.51,41.6,40.92,41.19,42.19,40.18,6188270.0,256668738.0,1.442,0.59
688517,金冠电气,16.14,16.1,16.14,16.1,15.91,16.31,15.8,2265806.0,36495229.0,0.248,0.04
688518,联赢激光,19.81,19.81,19.82,19.46,19.33,19.97,19.08,8298139.0,163056651.0,1.799,0.35
688519,南亚新材,289.83,289.83,289.84,282.0,279.0,298.6,277.89,5452702.0,1583193220.0,2.777,7.83
688520,神州细胞,37.89,37.89,37.91,40.94,39.36,39.97,37.82,6602566.0,255480254.0,-7.45,-3.05
688521,芯原股份,178.38,178.37,178.38,178.37,177.97,182.92,175.0,14193208.0,2537211817.0,0.006,0.01
688522,纳睿雷达,18.6,18.57,18.6,18.48,18.47,18.66,18.16,3168316.0,58502785.0,0.649,0.12
688523,航天环宇,42.03,42.03,42.04,41.67,41.67,42.78,41.0,4486594.0,188051230.0,0.864,0.36
688525,佰维存储,238.96,238.95,238.96,234.67,235.0,240.8,232.27,17656921.0,4182984197.0,1.828,4.29
688526,科前生物,13.09,13.09,13.12,13.55,13.4,13.45,13.04,2518671.0,33076163.0,-3.395,-0.46
688528,秦川物联,9.85,9.82,9.85,9.8,9.73,9.96,9.44,1575311.0,15292815.0,0.51,0.05
688529,豪森智能,16.23,16.23,16.24,15.75,15.89,16.42,15.44,1678265.0,26867604.0,3.048,0.48
688530,欧莱新材,62.86,62.86,62.88,64.73,63.5,64.71,61.51,7646372.0,482677132.0,-2.889,-1.87
688531,日联科技,136.37,136.37,136.41,133.73,135.51,140.27,130.54,4661948.0,632926498.0,1.974,2.64
688533,上声电子,20.85,20.85,20.9,21.05,20.79,21.12,20.71,563704.0,11749518.0,-0.95,-0.2
688535,华海诚科,100.5,100.5,100.51,100.63,100.62,102.89,98.07,4279455.0,430563208.0,-0.129,-0.13
688536,思瑞浦,311.33,311.33,311.5,309.94,312.22,321.5,309.02,5075880.0,1590432317.0,0.448,1.39
688538,和辉光电,2.31,2.31,2.32,2.31,2.32,2.33,2.3,42807982.0,98946503.0,0.0,0.0
688539,高华科技,25.57,25.56,25.57,25.93,25.7,26.18,25.34,1985112.0,51134092.0,-1.388,-0.36
688543,国科军工,38.6,38.58,38.6,37.94,37.95,38.88,37.32,3812618.0,146056590.0,1.74,0.66
688545,兴福电子,80.79,80.79,80.8,82.16,81.0,83.08,79.68,9952753.0,808062596.0,-1.667,-1.37
688548,广钢气体,37.28,37.27,37.28,38.0,38.11,39.17,36.48,30372018.0,1144770224.0,-1.895,-0.72
688549,中巨芯,27.2,27.2,27.21,26.2,26.0,28.99,25.77,93954027.0,2572408623.0,3.817,1.0
688550,瑞联新材,38.79,38.78,38.79,38.97,38.26,39.58,37.88,4995621.0,192048747.0,-0.462,-0.18
688551,科威尔,40.3,40.29,40.3,38.98,38.5,41.39,38.11,2535443.0,101717910.0,3.386,1.32
688552,航天南湖,26.33,26.3,26.33,25.97,25.75,26.99,25.45,2171943.0,56940038.0,1.386,0.36
688553,汇宇制药,11.92,11.92,11.93,12.55,12.24,12.3,11.65,15093606.0,180171508.0,-5.02,-0.63
688556,高测股份,8.13,8.12,8.13,8.17,8.18,8.22,7.94,17568262.0,142510044.0,-0.49,-0.04
688557,兰剑智能,21.24,21.23,21.24,22.23,21.64,21.77,20.36,3422941.0,72203015.0,-4.453,-0.99
688558,国盛智科,32.03,32.03,32.09,32.2,31.82,32.31,31.65,841652.0,26955035.0,-0.528,-0.17
688559,海目星,52.59,52.59,52.6,53.41,53.24,54.07,51.44,7899965.0,416575564.0,-1.535,-0.82
688560,明冠新材,12.1,12.1,12.11,11.93,12.05,12.17,11.75,2641778.0,31697146.0,1.425,0.17
688561,奇安信,25.45,25.45,25.46,25.54,25.28,25.5,25.03,3438087.0,86989201.0,-0.352,-0.09
688562,航天软件,13.99,13.99,14.0,13.87,13.73,14.05,13.62,2456548.0,34153785.0,0.865,0.12
688563,航材股份,49.95,49.95,50.1,49.9,49.59,50.4,49.36,899287.0,44864074.0,0.1,0.05
688565,力源科技,11.16,11.13,11.16,11.06,11.06,11.25,10.8,1562215.0,17262583.0,0.904,0.1
688566,吉贝尔,26.28,26.28,26.29,26.96,26.9,26.9,25.85,3078807.0,80835886.0,-2.522,-0.68
688567,孚能科技,9.62,9.61,9.62,9.6,9.55,9.81,9.5,6651845.0,64232469.0,0.208,0.02
688568,中科星图,32.8,32.8,32.83,33.04,32.84,33.26,32.5,5609750.0,184273323.0,-0.726,-0.24
688569,铁科轨道,18.45,18.44,18.45,19.14,18.85,19.18,18.34,2490890.0,46172464.0,-3.605,-0.69
688570,天玛智控,15.25,15.25,15.29,15.5,15.2,15.51,15.2,809464.0,12398106.0,-1.613,-0.25
688571,杭华股份,8.69,8.68,8.69,8.69,8.66,8.88,8.47,7310973.0,63513327.0,0.0,0.0
688573,信宇人,16.3,16.3,16.33,16.17,16.02,16.49,15.75,1417041.0,22948693.0,0.804,0.13
688575,亚辉龙,9.55,9.55,9.56,9.86,9.68,9.83,9.5,11754299.0,113050392.0,-3.144,-0.31
688576,西山科技,41.14,41.14,41.26,42.38,42.38,42.51,40.89,418927.0,17284711.0,-2.926,-1.24
688577,浙海德曼,42.08,42.08,42.14,41.35,41.59,42.77,40.59,936219.0,39185724.0,1.765,0.73
688578,艾力斯,116.5,116.5,116.51,120.78,118.9,119.0,114.16,9301374.0,1082886777.0,-3.544,-4.28
688579,地纬智能,7.96,7.96,7.98,8.03,7.93,8.01,7.84,3397168.0,26928106.0,-0.872,-0.07
688580,伟思医疗,48.24,48.24,48.26,50.44,49.65,49.92,48.06,1536575.0,74688637.0,-4.362,-2.2
688581,安杰思,51.66,51.65,51.66,53.36,53.45,53.9,51.6,827234.0,43088511.0,-3.186,-1.7
688582,芯动联科,41.6,41.58,41.6,42.61,42.05,42.8,41.21,3917528.0,163446558.0,-2.37,-1.01
688583,思看科技,87.63,87.62,87.63,84.4,84.0,87.63,82.61,2371481.0,202037404.0,3.827,3.23
688584,上海合晶,29.11,29.1,29.11,29.63,29.7,30.22,28.89,11295846.0,332809650.0,-1.755,-0.52
688585,上纬新材,143.86,143.83,143.86,141.9,138.0,146.0,136.28,5326739.0,760697095.0,1.381,1.96
688586,江航装备,10.33,10.33,10.35,10.36,10.27,10.44,10.21,3324740.0,34384965.0,-0.29,-0.03
688588,凌志软件,9.49,9.49,9.5,9.44,9.48,9.54,9.27,2177435.0,20497183.0,0.53,0.05
688589,力合微,19.9,19.9,19.91,18.32,19.64,20.43,19.5,11353417.0,226245143.0,8.624,1.58
688590,新致软件,13.01,13.0,13.01,12.58,12.45,13.18,12.25,7621886.0,97368302.0,3.418,0.43
688591,泰凌微,26.94,26.94,26.96,26.8,26.98,27.19,26.4,2731826.0,73449858.0,0.522,0.14
688592,司南导航,24.8,24.8,24.81,24.72,24.45,24.91,24.23,637811.0,15707988.0,0.324,0.08
688593,新相微,34.18,34.18,34.2,32.39,32.22,34.63,31.03,18853217.0,631132450.0,5.526,1.79
688595,芯海科技,28.01,28.01,28.03,27.97,27.88,28.16,27.34,1986388.0,55413938.0,0.143,0.04
688596,正帆科技,66.3,66.3,66.36,66.2,67.33,69.37,65.67,20657104.0,1388830472.0,0.151,0.1
688597,煜邦电力,6.75,6.75,6.76,6.79,6.72,6.78,6.54,5228877.0,34987645.0,-0.589,-0.04
688598,金博股份,39.85,39.85,39.86,34.79,34.56,39.88,33.6,33554844.0,1271627461.0,14.544,5.06
688599,天合光能,12.9,12.89,12.9,12.79,12.73,13.04,12.66,20533179.0,263789070.0,0.86,0.11
688600,皖仪科技,26.79,26.77,26.79,27.06,26.51,26.93,25.88,1649624.0,43710087.0,-0.998,-0.27
688601,力芯微,48.49,48.49,48.5,46.35,46.12,48.92,45.2,3557576.0,169271994.0,4.617,2.14
688602,康鹏科技,6.77,6.77,6.78,6.82,6.75,6.82,6.64,4386520.0,29562757.0,-0.733,-0.05
688603,天承科技,106.87,106.84,106.87,105.0,104.5,109.8,101.72,3593048.0,383087659.0,1.781,1.87
688605,先锋精科,71.6,71.6,71.61,72.7,72.02,73.2,70.49,3441289.0,246931664.0,-1.513,-1.1
688606,奥泰生物,47.96,47.95,47.96,49.3,48.9,49.15,47.64,431323.0,20736272.0,-2.718,-1.34
688607,康众医疗,42.88,42.88,43.06,43.13,43.97,43.97,41.23,1049596.0,44617613.0,-0.58,-0.25
688608,恒玄科技,107.49,107.49,107.5,110.77,109.67,109.79,106.3,3840034.0,412381645.0,-2.961,-3.28
688609,九联科技,8.96,8.96,8.97,8.98,8.94,9.1,8.85,11685906.0,104747777.0,-0.223,-0.02
688610,埃科光电,168.9,168.9,168.99,166.84,166.29,177.77,162.29,1892762.0,324175211.0,1.235,2.06
688611,杭州柯林,64.21,63.94,64.21,64.92,64.66,65.16,63.02,958937.0,61541505.0,-1.094,-0.71
688612,威迈斯,33.18,33.18,33.19,33.4,33.31,33.72,32.5,3772447.0,124828912.0,-0.659,-0.22
688613,奥精医疗,15.45,15.45,15.46,15.79,15.72,15.72,15.2,2355484.0,36296113.0,-2.153,-0.34
688615,合合信息,93.94,93.8,93.94,96.79,96.79,97.2,93.01,6475269.0,609793792.0,-2.945,-2.85
688616,西力科技,10.88,10.86,10.88,10.99,10.83,10.93,10.63,1866414.0,20138000.0,-1.001,-0.11
688617,惠泰医疗,263.5,263.5,263.9,266.22,266.15,268.8,258.67,2315598.0,612887187.0,-1.022,-2.72
688618,三旺通信,31.41,31.41,31.42,31.26,31.68,32.22,30.1,3486198.0,108686563.0,0.48,0.15
688619,罗普特,15.39,15.39,15.41,15.41,15.33,15.56,15.04,3438502.0,52459845.0,-0.13,-0.02
688620,安凯微,15.27,15.27,15.28,15.42,15.5,15.59,15.05,10262288.0,157112242.0,-0.973,-0.15
688621,阳光诺和,66.01,66.01,66.09,66.45,67.0,71.48,64.66,6301560.0,428724586.0,-0.662,-0.44
688622,*ST禾信,104.2,104.16,104.39,104.02,104.31,107.0,101.07,283341.0,29382570.0,0.173,0.18
688623,双元科技,57.82,57.43,57.82,58.68,58.69,58.69,57.01,429235.0,24812612.0,-1.466,-0.86
688625,呈和科技,59.1,59.09,59.1,57.24,54.99,59.95,54.99,6530568.0,379971613.0,3.249,1.86
688626,翔宇医疗,43.7,43.69,43.7,45.58,45.67,46.02,43.58,2091100.0,92131548.0,-4.125,-1.88
688627,精智达,484.79,484.43,484.79,483.66,478.0,492.5,470.99,4789039.0,2312317807.0,0.234,1.13
688628,优利德,86.49,86.48,86.49,82.34,82.27,89.67,82.0,7263027.0,626104470.0,5.04,4.15
688629,华丰科技,139.09,139.08,139.09,135.6,135.0,143.23,134.51,10654681.0,1489127288.0,2.574,3.49
688630,芯碁微装,429.58,429.58,429.6,433.0,428.43,455.6,419.04,4707950.0,2052986537.0,-0.79,-3.42
688631,莱斯信息,39.69,39.69,39.74,40.16,40.0,40.2,39.38,926221.0,36859878.0,-1.17,-0.47
688633,星球石墨,24.08,24.02,24.08,24.1,24.01,24.23,23.6,2122509.0,50881661.0,-0.083,-0.02
688635,长进光子,321.36,321.3,321.36,336.47,331.5,340.0,320.0,2634061.0,868148652.0,-4.491,-15.11
688636,智明达,20.08,20.08,20.09,19.91,19.65,20.24,19.45,6010994.0,120064671.0,0.854,0.17
688638,誉辰智能,33.56,33.56,33.6,33.53,33.27,33.8,32.44,435331.0,14422381.0,0.089,0.03
688639,华恒生物,16.69,16.68,16.69,17.35,17.26,17.37,16.6,6266984.0,105193575.0,-3.804,-0.66
688646,逸飞激光,73.18,73.18,73.19,71.12,72.0,73.45,70.18,1779384.0,128193580.0,2.897,2.06
688648,XD中邮科,32.33,32.33,32.34,31.83,31.57,33.2,30.78,2630997.0,84394109.0,1.571,0.5
688651,盛邦安全,22.9,22.89,22.9,23.0,22.67,23.03,22.35,899763.0,20406184.0,-0.435,-0.1
688652,京仪装备,143.48,143.48,143.5,145.04,147.62,149.0,140.01,5199640.0,751456488.0,-1.076,-1.56
688653,康希通信,15.74,15.72,15.74,14.73,14.6,15.84,14.6,29845257.0,461476106.0,6.857,1.01
688655,迅捷兴,42.36,42.35,42.36,42.94,41.21,44.5,40.69,11447879.0,483350682.0,-1.351,-0.58
688656,浩欧博,101.78,101.78,101.8,95.41,95.88,102.6,94.2,1390977.0,138065853.0,6.676,6.37
688657,浩辰软件,32.78,32.66,32.78,32.98,32.81,33.1,32.24,1008157.0,32989752.0,-0.606,-0.2
688658,悦康药业,14.31,14.3,14.31,15.49,14.4,14.95,13.54,52082762.0,744160835.0,-7.618,-1.18
688659,元琛科技,10.69,10.68,10.69,10.65,10.58,10.74,10.34,1989736.0,21036298.0,0.376,0.04
688660,电气风电,7.74,7.74,7.75,7.9,7.87,7.88,7.66,12215377.0,94661034.0,-2.025,-0.16
688661,和林微纳,101.01,101.0,101.01,96.66,97.15,103.4,94.15,4483906.0,450476536.0,4.5,4.35
688662,富信科技,91.82,91.81,91.82,94.66,92.97,95.65,90.14,9856708.0,911888579.0,-3.0,-2.84
688663,新风光,55.94,55.9,55.94,55.34,55.34,56.55,54.2,2718429.0,151425502.0,1.084,0.6
688665,四方光电,43.7,43.58,43.7,43.88,43.84,44.21,42.76,507293.0,22124519.0,-0.41,-0.18
688667,菱电电控,90.9,90.84,90.9,92.13,92.23,92.23,89.0,583258.0,52760126.0,-1.335,-1.23
688668,鼎通科技,251.78,251.78,251.89,245.75,242.24,258.1,241.0,4427281.0,1116060706.0,2.454,6.03
688669,聚石化学,79.49,79.49,79.5,76.71,77.39,79.74,73.5,3365561.0,261606934.0,3.624,2.78
688670,金迪克,15.95,15.95,16.0,17.43,15.7,16.89,15.17,6110259.0,96486952.0,-8.491,-1.48
688671,碧兴物联,24.62,24.62,24.7,24.43,24.27,24.87,23.69,936517.0,22781658.0,0.778,0.19
688676,金盘科技,76.0,76.0,76.02,67.31,71.53,76.99,70.68,36840280.0,2752942219.0,12.91,8.69
688677,海泰新光,91.93,91.93,91.99,87.5,87.36,94.87,83.34,12492203.0,1133666222.0,5.063,4.43
688678,福立旺,19.4,19.4,19.41,19.7,19.75,19.86,19.06,12613799.0,245724807.0,-1.523,-0.3
688679,通源环境,40.3,40.3,40.32,39.49,38.69,40.74,38.31,4521870.0,180322958.0,2.051,0.81
688680,海优新材,34.18,34.18,34.25,34.0,34.28,34.36,33.03,752119.0,25435464.0,0.529,0.18
688681,科汇股份,17.01,17.01,17.02,16.86,16.66,17.08,16.47,1222107.0,20532022.0,0.89,0.15
688682,霍莱沃,31.74,31.74,31.83,31.3,31.89,31.89,30.86,985221.0,31027064.0,1.406,0.44
688683,莱尔科技,30.26,30.26,30.3,30.01,29.53,30.49,28.82,1561047.0,46485098.0,0.833,0.25
688685,迈信林,40.95,40.94,40.95,40.81,41.0,41.8,39.98,2454552.0,100321158.0,0.343,0.14
688686,奥普特,123.01,123.01,123.05,123.67,122.51,125.97,118.2,2119833.0,260625487.0,-0.534,-0.66
688687,凯因科技,18.18,18.18,18.19,18.69,18.45,18.48,17.78,5057134.0,91676031.0,-2.729,-0.51
688689,银河微电,40.33,40.33,40.35,39.69,39.36,40.8,39.16,5143484.0,206378589.0,1.612,0.64
688690,纳微科技,43.4,43.4,43.42,45.37,44.0,44.6,42.95,12913703.0,563406003.0,-4.342,-1.97
688691,灿芯股份,64.5,64.49,64.5,64.02,63.66,65.77,62.64,2977336.0,191792912.0,0.75,0.48
688692,达梦数据,240.09,240.09,240.66,248.5,247.6,247.6,238.3,1195097.0,288306083.0,-3.384,-8.41
688693,锴威特,76.46,76.46,76.5,77.26,76.2,79.52,75.37,2114194.0,162941257.0,-1.035,-0.8
688695,中创股份,19.41,19.41,19.46,19.4,19.4,19.52,18.8,900264.0,17260292.0,0.052,0.01
688696,极米科技,68.82,68.82,68.96,70.51,70.5,70.69,68.5,506793.0,35002842.0,-2.397,-1.69
688697,纽威数控,14.63,14.63,14.65,14.44,14.33,14.79,14.12,6837525.0,98938769.0,1.316,0.19
688698,伟创电气,45.08,45.08,45.09,45.0,45.0,45.37,44.09,1741583.0,78258988.0,0.178,0.08
688699,明微电子,60.52,60.51,60.52,61.7,62.45,62.45,60.16,3091344.0,188406378.0,-1.912,-1.18
688700,东威科技,57.45,57.44,57.45,57.22,57.48,59.22,55.71,9354994.0,537985541.0,0.402,0.23
688701,卓锦股份,8.45,8.45,8.46,8.36,8.37,8.57,8.18,1879353.0,15764153.0,1.077,0.09
688702,盛科通信,375.8,375.75,375.8,372.95,374.2,386.88,373.0,5356773.0,2034067742.0,0.764,2.85
688707,振华新材,10.41,10.4,10.41,10.3,10.17,10.5,10.07,5778459.0,59733338.0,1.068,0.11
688708,佳驰科技,42.3,42.23,42.3,42.47,42.1,42.47,41.87,647448.0,27314518.0,-0.4,-0.17
688709,成都华微,25.61,25.61,25.62,25.92,25.53,26.11,25.35,3034961.0,78012533.0,-1.196,-0.31
688710,益诺思,95.25,95.17,95.25,100.1,95.3,98.9,93.8,3938985.0,378082992.0,-4.845,-4.85
688711,宏微科技,25.9,25.89,25.9,24.75,24.6,26.24,24.53,11305901.0,289880084.0,4.646,1.15
688712,北芯生命,33.22,33.22,33.23,33.95,33.93,33.93,32.44,1830363.0,60543349.0,-2.15,-0.73
688716,中研股份,27.69,27.69,27.7,27.41,27.88,27.88,26.66,1332374.0,36377527.0,1.022,0.28
688717,艾罗能源,59.8,59.8,59.81,57.65,57.02,61.06,57.02,7866969.0,468765143.0,3.729,2.15
688718,唯赛勃,14.28,14.28,14.38,14.11,14.22,14.43,13.94,1733624.0,24657909.0,1.205,0.17
688719,爱科赛博,51.6,51.6,51.66,49.05,48.5,52.22,48.0,3764971.0,190148178.0,5.199,2.55
688720,艾森股份,67.34,67.34,67.35,67.05,67.0,68.56,65.31,3398926.0,228763898.0,0.433,0.29
688721,龙图光罩,42.51,42.51,42.52,42.5,42.0,42.98,41.59,2764533.0,117013918.0,0.024,0.01
688722,同益中,13.85,13.83,13.85,13.81,13.7,13.91,13.52,1921765.0,26440456.0,0.29,0.04
688726,拉普拉斯,45.21,45.21,45.22,44.8,44.69,46.29,44.08,4250739.0,192254078.0,0.915,0.41
688727,恒坤新材,47.75,47.66,47.75,48.0,47.8,48.82,46.81,2197102.0,104989852.0,-0.521,-0.25
688728,格科微,15.85,15.84,15.85,15.99,15.88,16.18,15.65,23119559.0,366325490.0,-0.876,-0.14
688729,屹唐股份,24.33,24.32,24.33,24.21,24.01,24.87,23.97,18964390.0,462270229.0,0.496,0.12
688733,壹石通,30.4,30.38,30.4,30.0,29.6,31.16,29.25,4669052.0,141234348.0,1.333,0.4
688737,中自科技,17.94,17.92,17.94,17.85,17.75,17.99,17.38,948153.0,16813356.0,0.504,0.09
688739,成大生物,20.68,20.68,20.75,21.54,21.39,21.49,20.66,5305228.0,110958552.0,-3.993,-0.86
688750,金天钛业,14.06,14.05,14.06,13.91,13.8,14.11,13.7,2193566.0,30621585.0,1.078,0.15
688755,汉邦科技,27.46,27.46,27.56,27.7,27.25,27.74,26.67,1730298.0,47086923.0,-0.866,-0.24
688757,胜科纳米,31.94,31.92,31.94,32.17,32.1,32.96,31.5,7534772.0,241930744.0,-0.715,-0.23
688758,赛分科技,27.33,27.32,27.33,29.3,28.15,28.8,26.51,14505939.0,397423605.0,-6.724,-1.97
688759,必贝特,26.7,26.67,26.7,27.18,27.1,27.17,26.22,4745707.0,126567714.0,-1.766,-0.48
688765,禾元生物,37.27,37.26,37.27,38.81,38.38,38.38,36.84,3754915.0,140711405.0,-3.968,-1.54
688766,普冉股份,463.65,463.63,463.65,480.36,470.0,481.86,454.71,12566234.0,5894942391.0,-3.479,-16.71
688767,博拓生物,40.72,40.59,40.72,40.6,40.98,40.98,39.27,1369135.0,54723372.0,0.296,0.12
688768,容知日新,42.59,42.59,42.88,42.92,43.35,43.75,42.33,696317.0,29824512.0,-0.769,-0.33
688772,珠海冠宇,14.84,14.84,14.85,14.87,14.8,15.51,14.75,25247082.0,379934722.0,-0.202,-0.03
688775,XD影石创,121.17,121.15,121.17,119.15,117.0,123.83,116.66,3124539.0,376532075.0,1.695,2.02
688776,国光电气,47.28,47.28,47.36,46.74,46.25,47.5,45.85,966392.0,45263235.0,1.155,0.54
688777,中控技术,91.11,91.11,91.12,91.7,91.7,91.79,89.89,7615557.0,692037968.0,-0.643,-0.59
688778,厦钨新能,45.88,45.88,45.94,45.94,46.21,47.23,45.2,5620731.0,259623981.0,-0.131,-0.06
688779,五矿新能,8.16,8.16,8.17,8.13,8.09,8.32,7.98,32453294.0,265051148.0,0.369,0.03
688781,视涯科技,37.72,37.71,37.72,39.28,39.2,39.78,37.54,2245869.0,85837575.0,-3.971,-1.56
688783,西安奕材,31.44,31.43,31.44,31.5,31.43,32.2,30.8,28412533.0,895930621.0,-0.19,-0.06
688785,恒运昌,268.9,268.23,268.9,270.5,270.0,272.66,262.43,538598.0,144427454.0,-0.591,-1.6
688786,悦安新材,27.8,27.8,27.81,27.68,27.5,28.21,26.92,3387991.0,93785191.0,0.434,0.12
688787,海天瑞声,104.37,104.37,104.38,105.82,105.87,105.87,101.51,1551372.0,160764205.0,-1.37,-1.45
688788,科思科技,29.87,29.86,29.87,30.46,30.89,31.37,29.3,4394290.0,132381428.0,-1.937,-0.59
688789,宏华数科,46.23,46.23,46.28,47.89,47.64,48.25,45.96,2047580.0,95384591.0,-3.466,-1.66
688790,昂瑞微,96.27,96.13,96.27,96.76,96.5,97.33,95.22,217730.0,20962260.0,-0.506,-0.49
688793,倍轻松,21.51,21.51,21.53,20.63,20.44,21.59,20.17,2298894.0,48115431.0,4.266,0.88
688795,摩尔线程,542.89,542.88,542.89,546.99,542.1,550.0,538.03,709741.0,386136050.0,-0.75,-4.1
688796,百奥赛图,134.24,134.24,134.3,138.18,135.37,138.79,132.0,2908736.0,392667047.0,-2.851,-3.94
688797,臻宝科技,308.21,308.21,308.8,307.31,307.76,319.8,302.0,2186343.0,681395628.0,0.293,0.9
688798,艾为电子,54.05,54.05,54.36,53.99,54.0,55.0,53.41,2111258.0,114368198.0,0.111,0.06
688799,华纳药厂,43.65,43.65,43.66,45.24,44.01,44.53,42.42,3425853.0,148917890.0,-3.515,-1.59
688800,瑞可达,63.56,63.56,63.57,61.05,61.05,67.63,59.79,18561722.0,1196023250.0,4.111,2.51
688802,沐曦股份,700.0,699.9,700.0,711.99,711.99,720.0,693.0,907424.0,640414882.0,-1.684,-11.99
688805,健信超导,38.38,38.37,38.38,39.75,39.08,39.5,38.1,983028.0,38079223.0,-3.447,-1.37
688806,泰诺麦博,25.56,25.56,25.57,27.95,27.0,27.67,25.56,9343887.0,243991843.0,-8.551,-2.39
688807,优迅股份,319.1,319.1,319.13,310.0,306.8,327.99,300.0,2746947.0,867931296.0,2.935,9.1
688808,联讯仪器,2322.22,2322.22,2330.0,2314.01,2299.0,2389.9,2252.84,788542.0,1842707875.0,0.355,8.21
688809,强一股份,447.15,447.15,447.76,454.23,453.01,459.94,438.33,1247344.0,557967049.0,-1.559,-7.08
688811,有研复材,21.5,21.5,21.51,21.58,21.53,21.95,21.13,3109586.0,66981606.0,-0.371,-0.08
688813,泰金新能,113.61,113.61,113.64,113.53,113.48,121.33,112.07,4319823.0,505905553.0,0.07,0.08
688816,易思维,48.1,48.09,48.1,48.6,48.85,48.98,47.92,248833.0,11991406.0,-1.029,-0.5
688818,电科蓝天,46.92,46.92,46.93,45.88,45.9,47.18,45.44,7556348.0,351935951.0,2.267,1.04
688819,天能股份,21.78,21.76,21.78,21.7,21.62,21.86,21.45,1507195.0,32712780.0,0.369,0.08
688820,盛合晶微,127.5,127.5,127.51,127.98,126.11,130.88,125.07,11996393.0,1539954891.0,-0.375,-0.48
688825,长鑫科技,58.0,58.0,58.01,57.57,57.21,59.56,57.21,275847845.0,16107953634.0,0.747,0.43
688826,C频准,947.45,946.2,947.45,946.92,920.01,995.46,885.0,1579252.0,1494535045.0,0.056,0.53
688828,国仪公司,89.59,89.59,89.6,81.16,79.95,97.39,79.0,11098568.0,1024157456.0,10.387,8.43
688836,C宇树,672.41,672.41,672.45,687.0,659.0,706.98,636.0,7605734.0,5138831982.0,-2.124,-14.59
688981,中芯国际,124.8,124.8,124.81,125.5,124.32,126.86,124.2,30566366.0,3830637505.0,-0.558,-0.7
000001,平安银行,11.41,11.41,11.42,11.4,11.36,11.46,11.32,86912763.0,990112066.0,0.088,0.01
000002,万 科Ａ,3.08,3.08,3.09,3.14,3.12,3.13,3.05,102872610.0,316006688.0,-1.911,-0.06
000006,深振业Ａ,7.06,7.06,7.07,7.14,7.08,7.11,6.9,12732000.0,89357393.0,-1.12,-0.08
000007,全新好,12.48,12.48,12.49,12.09,12.44,12.62,11.89,23936050.0,295438013.0,3.226,0.39
000008,神州高铁,2.46,2.46,2.47,2.42,2.42,2.54,2.4,67735500.0,166504653.0,1.653,0.04
000009,中国宝安,7.33,7.33,7.34,7.5,7.6,7.6,7.29,19988451.0,147394399.0,-2.267,-0.17
000010,*ST美丽,1.5,1.49,1.5,1.48,1.49,1.51,1.46,16134104.0,24106268.0,1.351,0.02
000011,深物业A,8.09,8.09,8.1,8.21,8.2,8.2,7.94,6305899.0,50604194.0,-1.462,-0.12
000012,南 玻Ａ,3.72,3.72,3.73,3.75,3.73,3.74,3.68,14013204.0,52040483.0,-0.8,-0.03
000014,沙河股份,10.09,10.09,10.1,10.13,10.0,10.14,9.87,4006320.0,40054460.0,-0.395,-0.04
000016,*ST康佳A,2.33,2.33,2.34,2.31,2.31,2.39,2.3,14274300.0,33516430.0,0.866,0.02
000017,深中华A,7.11,7.11,0.0,6.46,7.11,7.11,6.7,41570096.0,294182280.0,10.062,0.65
000019,深粮控股,6.36,6.36,6.37,6.86,6.68,6.7,6.31,32378988.0,206800837.0,-7.289,-0.5
000020,深华发Ａ,11.74,11.74,11.75,12.37,11.7,12.11,11.13,26107533.0,297765068.0,-5.093,-0.63
000021,深科技,37.9,37.9,37.91,37.53,37.16,38.2,36.83,61852891.0,2332260173.0,0.986,0.37
000025,特 力Ａ,15.34,15.34,15.35,15.48,15.33,15.55,14.8,12903711.0,195046567.0,-0.904,-0.14
000026,飞亚达,21.16,21.16,21.17,21.16,21.0,21.3,20.35,14334052.0,300175635.0,0.0,0.0
000027,深圳能源,6.15,6.15,6.16,6.14,6.12,6.16,6.09,13077588.0,80093137.0,0.163,0.01
000028,国药一致,19.47,19.47,19.48,19.84,19.8,19.8,19.4,3254148.0,63423337.0,-1.865,-0.37
000029,深深房Ａ,22.76,22.76,22.77,22.3,22.22,22.94,21.96,4545677.0,102378156.0,2.063,0.46
000030,富奥股份,4.26,4.26,4.27,4.33,4.33,4.33,4.24,7159594.0,30505316.0,-1.617,-0.07
000031,大悦城,2.15,2.15,2.17,2.21,2.19,2.2,2.12,37894080.0,81307093.0,-2.715,-0.06
000032,深桑达Ａ,14.8,14.8,14.81,14.44,14.37,14.96,14.1,33873397.0,494525295.0,2.493,0.36
000034,神州数码,23.71,23.71,23.72,23.82,23.6,23.82,23.25,16202531.0,382347590.0,-0.462,-0.11
000035,中国天楹,4.57,4.57,4.58,4.57,4.56,4.6,4.53,17579400.0,80296503.0,0.0,0.0
000036,华联控股,4.04,4.04,4.05,3.99,3.97,4.05,3.88,23776711.0,94942978.0,1.253,0.05
000037,深南电A,9.39,9.38,9.39,9.36,9.4,9.49,9.23,10026808.0,93512108.0,0.321,0.03
000039,中集集团,9.34,9.33,9.34,9.2,9.16,9.39,9.03,30773207.0,284439918.0,1.522,0.14
000042,中洲控股,8.76,8.75,8.76,9.05,8.91,9.03,8.58,13450383.0,118099462.0,-3.204,-0.29
000045,深纺织Ａ,10.37,10.37,10.38,10.24,10.13,10.37,9.92,6549637.0,66569250.0,1.27,0.13
000048,京基智农,22.33,22.33,22.36,22.43,22.3,22.74,22.13,10798515.0,241522304.0,-0.446,-0.1
000049,德赛电池,23.73,23.73,23.74,23.53,23.34,23.9,23.05,6886314.0,162443072.0,0.85,0.2
000050,深天马Ａ,6.54,6.53,6.54,6.53,6.48,6.63,6.37,23959037.0,155892429.0,0.153,0.01
000055,方大集团,3.55,3.54,3.55,3.55,3.53,3.55,3.47,6858100.0,24071651.0,0.0,0.0
000056,*ST皇庭,2.01,2.0,2.01,1.94,1.94,2.02,1.92,21243200.0,42335729.0,3.608,0.07
000058,深 赛 格,6.7,6.7,6.71,6.73,6.73,6.73,6.56,4916102.0,32698449.0,-0.446,-0.03
000059,华锦股份,4.71,4.71,4.72,4.87,4.87,4.88,4.67,68802745.0,325766286.0,-3.285,-0.16
000060,中金岭南,6.68,6.67,6.68,6.51,6.52,6.68,6.46,115477668.0,764060591.0,2.611,0.17
000061,农 产 品,5.69,5.69,5.7,5.8,5.78,5.83,5.64,26219328.0,149432261.0,-1.897,-0.11
000062,深圳华强,22.39,22.38,22.39,22.24,22.04,22.45,21.85,12658958.0,281770962.0,0.674,0.15
000063,中兴通讯,33.78,33.78,33.79,33.84,33.51,33.92,33.43,48771693.0,1645509962.0,-0.177,-0.06
000065,北方国际,9.07,9.07,9.08,8.93,8.92,9.1,8.86,11467429.0,103220026.0,1.568,0.14
000066,中国长城,14.27,14.26,14.27,14.15,14.04,14.35,13.85,56892728.0,805104088.0,0.848,0.12
000068,华控赛格,3.07,3.06,3.07,3.04,3.03,3.08,2.98,11489235.0,34861292.0,0.987,0.03
000069,华侨城Ａ,1.77,1.76,1.77,1.79,1.78,1.79,1.74,38329115.0,67447569.0,-1.117,-0.02
000070,特发信息,15.06,15.05,15.06,14.6,14.47,15.15,14.42,47898856.0,713858467.0,3.151,0.46
000078,ST海王,1.62,1.62,1.63,1.64,1.6,1.64,1.57,63496969.0,101620231.0,-1.22,-0.02
000088,盐 田 港,4.44,4.44,4.45,4.47,4.45,4.48,4.41,19897556.0,88173870.0,-0.671,-0.03
000089,深圳机场,6.39,6.39,6.4,6.47,6.47,6.49,6.37,14457801.0,92551925.0,-1.236,-0.08
000090,天健集团,3.44,3.44,3.45,3.5,3.49,3.49,3.36,17942598.0,61384677.0,-1.714,-0.06
000096,广聚能源,7.96,7.95,7.96,7.92,7.91,7.97,7.84,5169100.0,40892438.0,0.505,0.04
000099,中信海直,13.73,13.73,13.74,13.8,13.78,13.79,13.61,3734100.0,51205671.0,-0.507,-0.07
000100,TCL科技,5.03,5.03,5.04,5.03,5.01,5.06,4.95,290153067.0,1457082712.0,0.0,0.0
000151,中成股份,10.08,10.07,10.08,10.01,10.02,10.14,9.83,5427013.0,54238125.0,0.699,0.07
000153,丰原药业,6.07,6.07,6.08,6.25,6.09,6.19,5.88,48747257.0,295358755.0,-2.88,-0.18
000155,川能动力,12.18,12.18,12.19,11.76,11.67,12.22,11.62,42205184.0,508393173.0,3.571,0.42
000156,华数传媒,6.65,6.65,6.67,6.68,6.66,6.68,6.58,5805100.0,38519000.0,-0.449,-0.03
000157,中联重科,6.96,6.96,6.97,7.02,7.01,7.02,6.93,29979041.0,208567115.0,-0.855,-0.06
000158,常山北明,12.67,12.66,12.67,12.9,12.78,12.87,12.52,24595493.0,311403955.0,-1.783,-0.23
000159,国际实业,5.8,5.79,5.8,5.73,5.68,5.8,5.65,7706502.0,44250033.0,1.222,0.07
000166,申万宏源,4.41,4.4,4.41,4.43,4.42,4.43,4.38,35352147.0,155658688.0,-0.451,-0.02
000301,东方盛虹,13.66,13.66,13.67,13.52,13.52,13.79,13.34,30223165.0,411657851.0,1.036,0.14
000333,美的集团,84.3,84.3,84.33,85.38,85.38,85.99,84.25,18021093.0,1530494658.0,-1.265,-1.08
000338,潍柴动力,29.16,29.15,29.16,28.3,28.29,29.21,28.16,52583593.0,1518557239.0,3.039,0.86
000400,许继电气,21.67,21.66,21.67,21.86,21.76,22.06,21.6,13046872.0,284211141.0,-0.869,-0.19
000401,金隅冀东,3.52,3.52,3.53,3.53,3.51,3.54,3.47,6813300.0,23882857.0,-0.283,-0.01
000402,金 融 街,2.46,2.46,2.47,2.5,2.49,2.51,2.43,29784342.0,73111407.0,-1.6,-0.04
000403,派林生物,10.63,10.63,10.64,11.04,10.95,10.96,10.62,15115809.0,162325288.0,-3.714,-0.41
000404,长虹华意,7.03,7.03,7.04,7.08,7.08,7.08,6.99,8317600.0,58361408.0,-0.706,-0.05
000407,胜利股份,4.11,4.1,4.11,4.14,4.15,4.19,4.09,19486907.0,80368330.0,-0.725,-0.03
000408,藏格矿业,78.19,78.18,78.19,77.1,77.58,79.1,77.16,13367500.0,1045516778.0,1.414,1.09
000409,云鼎科技,8.46,8.46,8.47,8.52,8.48,8.5,8.35,2421515.0,20443545.0,-0.704,-0.06
000410,沈阳机床,5.08,5.07,5.08,5.03,5.0,5.1,4.95,17421529.0,87810447.0,0.994,0.05
000411,英特集团,9.67,9.67,9.68,9.95,9.85,9.9,9.61,4377487.0,42388469.0,-2.814,-0.28
000415,渤海租赁,4.6,4.6,4.61,4.61,4.6,4.64,4.54,45647766.0,209418974.0,-0.217,-0.01
000417,合百集团,5.58,5.57,5.58,5.62,5.58,5.63,5.47,14861508.0,82686090.0,-0.712,-0.04
000419,通程控股,4.9,4.89,4.9,4.98,4.96,4.97,4.83,6323302.0,30885736.0,-1.606,-0.08
000420,吉林化纤,3.67,3.66,3.67,3.66,3.64,3.68,3.61,25742768.0,93964848.0,0.273,0.01
000421,南京公用,5.64,5.64,5.65,5.88,5.74,5.86,5.64,33951693.0,193690560.0,-4.082,-0.24
000422,湖北宜化,12.25,12.25,12.26,12.46,12.45,12.45,12.14,18273887.0,223662413.0,-1.685,-0.21
000423,东阿阿胶,48.35,48.35,48.36,51.6,50.0,50.6,48.18,20176959.0,987659254.0,-6.298,-3.25
000425,徐工机械,8.01,8.0,8.01,8.11,8.08,8.1,7.97,68829183.0,552212509.0,-1.233,-0.1
000426,兴业银锡,40.88,40.88,40.89,38.56,39.58,41.02,39.22,126004317.0,5061402066.0,6.017,2.32
000428,华天酒店,3.98,3.98,3.99,4.03,4.07,4.08,3.92,23396000.0,93192225.0,-1.241,-0.05
000429,粤高速Ａ,13.04,13.03,13.04,13.08,13.1,13.15,13.0,4801759.0,62693662.0,-0.306,-0.04
000430,张家界,6.61,6.6,6.61,6.63,6.6,6.61,6.46,5995500.0,39277393.0,-0.302,-0.02
000488,ST晨鸣,1.88,1.87,1.88,1.87,1.87,1.88,1.85,6497212.0,12095438.0,0.535,0.01
000498,山东路桥,4.92,4.92,4.93,4.97,4.97,4.98,4.9,6142600.0,30256011.0,-1.006,-0.05
000501,武商集团,7.02,7.01,7.02,7.13,7.09,7.11,6.95,5688970.0,39812778.0,-1.543,-0.11
000503,国新健康,6.87,6.87,6.88,7.2,7.13,7.19,6.84,27992157.0,194262283.0,-4.583,-0.33
000504,南华生物,8.43,8.43,8.44,8.66,8.51,8.62,8.37,4842700.0,40908631.0,-2.656,-0.23
000505,京粮控股,6.74,0.0,6.74,7.49,7.11,7.25,6.74,62043206.0,425335840.0,-10.013,-0.75
000506,招金黄金,20.77,20.77,20.78,19.45,19.65,21.0,18.75,126454967.0,2529818455.0,6.787,1.32
000507,珠海港,4.95,4.95,4.96,5.01,5.02,5.02,4.93,9932572.0,49261454.0,-1.198,-0.06
000509,华塑控股,3.34,3.33,3.34,3.29,3.26,3.34,3.21,18306879.0,60207477.0,1.52,0.05
000510,新金路,16.66,16.66,16.67,16.26,16.4,16.75,15.7,35241568.0,575439784.0,2.46,0.4
000513,丽珠集团,29.26,29.26,29.27,30.6,30.37,30.46,29.23,13146377.0,388893310.0,-4.379,-1.34
000514,渝 开 发,3.99,3.99,4.0,4.05,4.03,4.04,3.9,10149469.0,40161009.0,-1.481,-0.06
000516,国际医学,4.19,4.18,4.19,4.31,4.26,4.28,4.08,36186164.0,150319534.0,-2.784,-0.12
000517,荣安地产,2.37,2.37,2.38,2.47,2.44,2.46,2.32,44811464.0,105958486.0,-4.049,-0.1
000518,四环生物,3.8,3.79,3.8,3.69,3.71,3.9,3.63,88798577.0,333783342.0,2.981,0.11
000519,中兵红箭,14.19,14.18,14.19,14.21,14.1,14.22,13.88,22787127.0,321183720.0,-0.141,-0.02
000520,凤凰航运,4.27,4.27,4.28,4.41,4.41,4.41,4.16,67604325.0,287131955.0,-3.175,-0.14
000521,长虹美菱,4.81,4.81,4.82,4.82,4.82,4.9,4.81,6209400.0,30057048.0,-0.207,-0.01
000523,红棉股份,3.18,0.0,3.18,3.53,3.53,3.53,3.18,144846110.0,477337484.0,-9.915,-0.35
000524,岭南控股,9.75,9.74,9.75,9.69,9.67,9.8,9.55,14872925.0,144415794.0,0.619,0.06
000525,红太阳,4.26,4.25,4.26,4.6,4.53,4.54,4.2,46155097.0,198459514.0,-7.391,-0.34
000526,学大教育,35.6,35.6,35.67,37.55,37.49,37.5,35.45,9658322.0,349265784.0,-5.193,-1.95
000528,柳 工,8.05,8.04,8.05,8.07,8.08,8.08,7.98,14046170.0,112669745.0,-0.248,-0.02
000529,广弘控股,4.9,4.9,4.91,5.0,4.99,5.07,4.86,3816852.0,18726773.0,-2.0,-0.1
000530,冰山冷热,4.9,4.9,4.91,4.89,4.88,4.93,4.79,7218950.0,35127752.0,0.204,0.01
000531,穗恒运Ａ,5.6,5.59,5.6,5.61,5.6,5.61,5.55,3578213.0,19964918.0,-0.178,-0.01
000532,华金资本,10.98,10.97,10.98,11.04,11.25,11.36,10.82,9404262.0,103442878.0,-0.543,-0.06
000533,顺钠股份,10.72,10.71,10.72,10.83,10.79,10.83,10.5,34065422.0,363567792.0,-1.016,-0.11
000534,万泽股份,27.03,27.03,27.04,27.08,26.52,27.4,25.01,15664298.0,414702322.0,-0.185,-0.05
000536,华映科技,3.22,3.22,3.23,3.16,3.13,3.23,3.09,30907340.0,98019650.0,1.899,0.06
000537,绿发电力,7.6,7.6,7.61,7.91,7.85,7.86,7.56,25004800.0,191239347.0,-3.919,-0.31
000538,云南白药,49.33,49.33,49.34,50.21,50.01,50.08,49.31,8603005.0,425984874.0,-1.753,-0.88
000539,粤电力Ａ,5.35,5.35,5.36,5.34,5.3,5.36,5.23,36203284.0,192190971.0,0.187,0.01
000541,佛山照明,4.94,4.93,4.94,4.87,4.87,4.98,4.82,8189359.0,40308371.0,1.437,0.07
000543,皖能电力,7.39,7.39,7.4,7.48,7.45,7.48,7.36,17363259.0,128358255.0,-1.203,-0.09
000544,中原环保,7.23,7.22,7.23,7.35,7.33,7.33,7.18,3611300.0,26095739.0,-1.633,-0.12
000545,金浦钛业,2.53,2.52,2.53,2.51,2.5,2.53,2.45,29703600.0,74154541.0,0.797,0.02
000546,金圆股份,4.77,4.76,4.77,4.65,4.6,4.79,4.56,15899200.0,74945884.0,2.581,0.12
000547,航天发展,13.88,13.87,13.88,13.86,13.7,13.98,13.58,45587339.0,629715062.0,0.144,0.02
000548,湖南投资,4.48,4.46,4.48,4.49,4.49,4.49,4.38,4533002.0,20077539.0,-0.223,-0.01
000550,江铃汽车,16.13,16.13,16.14,16.37,16.37,16.44,16.08,2665100.0,43079975.0,-1.466,-0.24
000551,创元科技,12.52,12.51,12.52,12.6,12.6,12.65,12.27,14433629.0,180256493.0,-0.635,-0.08
000552,甘肃能化,2.59,2.59,2.6,2.57,2.56,2.62,2.54,64988300.0,167819443.0,0.778,0.02
000553,安道麦A,5.55,5.54,5.55,5.5,5.51,5.6,5.45,8489001.0,46891382.0,0.909,0.05
000554,泰山石油,6.48,6.47,6.48,6.39,6.44,6.5,6.35,14121519.0,91142292.0,1.408,0.09
000555,神州信息,10.34,10.34,10.35,10.16,10.11,10.38,10.02,16811802.0,172250459.0,1.772,0.18
000557,西部创业,3.62,3.62,3.63,3.67,3.66,3.66,3.57,7360700.0,26536602.0,-1.362,-0.05
000558,天府文旅,3.41,3.41,3.42,3.44,3.43,3.43,3.34,16805371.0,56904675.0,-0.872,-0.03
000559,万向钱潮,10.96,10.96,10.97,10.88,10.79,11.0,10.71,19938680.0,217803074.0,0.735,0.08
000560,我爱我家,2.23,2.23,2.24,2.33,2.33,2.35,2.19,248345533.0,553192907.0,-4.292,-0.1
000561,烽火电子,7.42,7.41,7.42,7.39,7.36,7.43,7.3,4612865.0,34053737.0,0.406,0.03
000563,陕国投Ａ,2.94,2.94,2.95,2.95,2.94,2.96,2.92,24526298.0,72117818.0,-0.339,-0.01
000564,供销大集,1.43,1.43,1.44,1.47,1.47,1.47,1.41,282395894.0,403662534.0,-2.721,-0.04
000565,渝三峡Ａ,6.01,6.01,6.02,6.02,5.94,6.05,5.87,11771619.0,70169814.0,-0.166,-0.01
000566,海南海药,4.84,4.83,4.84,5.18,5.0,5.04,4.73,114373020.0,553220214.0,-6.564,-0.34
000567,海德股份,5.93,5.92,5.93,6.02,5.96,6.04,5.89,11867061.0,70382485.0,-1.495,-0.09
000568,泸州老窖,85.2,85.2,85.21,86.11,86.01,86.3,84.8,5678984.0,484553347.0,-1.057,-0.91
000570,苏常柴Ａ,5.02,5.02,5.03,5.06,5.05,5.05,4.94,13093939.0,65323741.0,-0.791,-0.04
000571,新大洲A,5.99,5.99,6.0,6.02,5.92,6.05,5.82,15900100.0,94478874.0,-0.498,-0.03
000572,海马汽车,3.82,3.82,3.83,3.84,3.84,3.84,3.72,24756710.0,93855265.0,-0.521,-0.02
000573,粤宏远Ａ,3.67,3.66,3.67,3.67,3.64,3.67,3.57,10493287.0,37986660.0,0.0,0.0
000576,甘化科工,7.13,7.13,7.14,7.13,7.1,7.16,7.01,5208296.0,36920242.0,0.0,0.0
000581,威孚高科,17.29,17.28,17.29,17.38,17.41,17.42,17.21,3529900.0,60909674.0,-0.518,-0.09
000582,北部湾港,10.91,10.9,10.91,10.87,10.79,10.97,10.58,30122085.0,325324171.0,0.368,0.04
000586,汇源通信,12.58,12.57,12.58,12.51,12.51,12.72,12.27,3486010.0,43696697.0,0.56,0.07
000589,贵州轮胎,4.23,4.23,4.24,4.25,4.25,4.25,4.21,13067179.0,55231844.0,-0.471,-0.02
000590,古汉医药,9.05,9.05,9.06,9.69,9.5,9.52,8.83,12323731.0,111013341.0,-6.605,-0.64
000591,太阳能,4.21,4.21,4.22,4.24,4.23,4.24,4.2,25166866.0,106080132.0,-0.708,-0.03
000592,平潭发展,6.08,6.08,6.09,6.14,6.06,6.13,5.92,86095229.0,520620720.0,-0.977,-0.06
000593,德龙汇能,24.15,24.15,24.17,24.56,24.63,24.74,23.9,19234236.0,467572376.0,-1.669,-0.41
000595,新能股份,5.56,5.56,5.57,5.47,5.48,5.58,5.35,28603200.0,157125440.0,1.645,0.09
000596,古井贡酒,90.65,90.65,90.66,92.42,92.01,93.2,90.6,3490384.0,318580179.0,-1.915,-1.77
000597,东北制药,5.01,5.01,5.02,5.17,5.14,5.15,4.92,43204637.0,216161320.0,-3.095,-0.16
000598,兴蓉环境,7.13,7.12,7.13,7.2,7.19,7.2,7.07,14431401.0,102757608.0,-0.972,-0.07
000599,青岛双星,4.66,4.66,4.67,4.7,4.66,4.73,4.59,9968900.0,46296855.0,-0.851,-0.04
000600,建投能源,7.95,7.94,7.95,7.89,7.88,7.96,7.81,15462600.0,122248917.0,0.76,0.06
000601,韶能股份,6.2,6.19,6.2,6.08,6.06,6.22,5.97,25974659.0,159175593.0,1.974,0.12
000603,盛达资源,36.61,36.61,0.0,33.28,34.25,36.61,33.55,95124393.0,3354818490.0,10.006,3.33
000605,渤海股份,5.89,5.88,5.89,5.94,5.91,5.95,5.79,4224000.0,24739096.0,-0.842,-0.05
000607,华媒控股,3.63,3.62,3.63,3.64,3.64,3.65,3.54,10280788.0,36952846.0,-0.275,-0.01
000608,阳光股份,7.53,7.52,7.53,7.38,7.38,7.54,7.2,24074850.0,177581881.0,2.033,0.15
000609,*ST中迪,10.63,10.62,10.63,10.26,10.23,10.68,9.9,6224100.0,64204048.0,3.606,0.37
000610,*ST西旅,6.06,6.04,6.06,6.2,6.18,6.18,5.91,3682500.0,22233664.0,-2.258,-0.14
000612,焦作万方,11.13,11.13,11.14,10.86,10.88,11.16,10.83,30760011.0,339019392.0,2.486,0.27
000615,*ST美谷,3.37,3.36,3.37,3.37,3.36,3.38,3.28,5627850.0,18850375.0,0.0,0.0
000617,中油资本,6.98,6.97,6.98,6.8,6.78,7.3,6.77,162356503.0,1138730265.0,2.647,0.18
000619,海螺新材,4.85,4.85,4.86,4.85,4.81,4.89,4.74,5371400.0,25848545.0,0.0,0.0
000620,盈新发展,3.15,3.14,3.15,3.25,3.23,3.24,3.08,400734513.0,1259124473.0,-3.077,-0.1
000623,吉林敖东,17.97,17.97,17.98,18.16,18.13,18.14,17.83,10788241.0,193357585.0,-1.046,-0.19
000625,长安汽车,7.07,7.06,7.07,7.15,7.12,7.13,7.04,33249107.0,234892252.0,-1.119,-0.08
000626,远大控股,8.11,8.11,8.12,8.34,8.26,8.27,7.95,16786346.0,135631738.0,-2.758,-0.23
000628,高新发展,45.35,45.35,0.0,41.23,41.24,45.35,40.8,16764014.0,731645346.0,9.993,4.12
000629,钒钛股份,3.05,3.05,3.06,3.01,3.0,3.06,2.97,83249639.0,251655217.0,1.329,0.04
000630,铜陵有色,6.59,6.58,6.59,6.41,6.39,6.59,6.36,271857492.0,1771665533.0,2.808,0.18
000631,顺发恒能,2.93,2.92,2.93,2.93,2.89,2.95,2.89,8339479.0,24399259.0,0.0,0.0
000632,ST三木,3.9,3.89,3.9,3.7,3.73,3.95,3.65,16817600.0,64840031.0,5.405,0.2
000633,合金投资,5.31,5.3,5.31,5.3,5.3,5.33,5.17,5498700.0,28953565.0,0.189,0.01
000635,英 力 特,6.32,6.32,6.33,6.33,6.32,6.39,6.19,4158998.0,26210819.0,-0.158,-0.01
000636,风华高科,54.67,54.67,54.68,53.09,53.12,55.12,51.88,125661252.0,6781464751.0,2.976,1.58
000637,茂化实华,4.04,4.04,4.05,3.98,3.98,4.06,3.93,7660965.0,30582170.0,1.508,0.06
000639,ST西王,1.98,1.97,1.98,1.87,1.84,1.98,1.81,100689471.0,190006415.0,5.882,0.11
000650,仁和药业,5.37,5.37,5.38,5.62,5.55,5.57,5.35,40977238.0,221683787.0,-4.448,-0.25
000651,格力电器,41.24,41.24,41.25,41.42,41.43,41.73,41.24,43480715.0,1801513600.0,-0.435,-0.18
000652,泰达股份,3.43,3.42,3.43,3.45,3.42,3.44,3.36,8982745.0,30572329.0,-0.58,-0.02
000655,金岭矿业,6.95,6.94,6.95,6.89,6.86,6.97,6.78,6436022.0,44433627.0,0.871,0.06
000656,金科股份,1.24,1.24,1.25,1.26,1.25,1.26,1.22,126797740.0,156740581.0,-1.587,-0.02
000657,中钨高新,68.14,68.14,68.15,64.45,64.51,68.6,63.91,83571162.0,5579749736.0,5.725,3.69
000659,珠海中富,2.71,2.71,2.72,2.72,2.72,2.72,2.63,26223667.0,70430270.0,-0.368,-0.01
000661,长春高新,79.5,79.49,79.5,84.3,82.35,84.0,79.49,12589629.0,1018463249.0,-5.694,-4.8
000663,永安林业,5.64,5.64,5.65,5.65,5.63,5.69,5.53,4588940.0,25717057.0,-0.177,-0.01
000665,湖北广电,3.84,3.83,3.84,3.85,3.81,3.86,3.76,10828280.0,41320456.0,-0.26,-0.01
000668,荣丰控股,22.22,22.22,22.28,22.24,21.6,22.64,21.6,3218500.0,71793069.0,-0.09,-0.02
000669,ST金鸿,4.45,4.44,4.45,4.25,4.28,4.48,4.25,11657200.0,51478801.0,4.706,0.2
000670,盈方微,7.11,7.11,7.12,7.17,7.06,7.19,7.03,37205769.0,264156434.0,-0.837,-0.06
000672,上峰材料,13.99,13.99,14.0,13.69,13.66,14.03,13.52,12092984.0,167041664.0,2.191,0.3
000676,智度股份,6.47,6.47,6.48,6.49,6.41,6.48,6.36,39978420.0,257080732.0,-0.308,-0.02
000677,ST海龙,1.69,1.69,1.7,1.66,1.65,1.71,1.62,25643350.0,42881340.0,1.807,0.03
000678,襄阳轴承,8.61,8.61,8.62,8.58,8.56,8.69,8.32,23768237.0,202371816.0,0.35,0.03
000679,大连友谊,6.03,6.01,6.03,6.03,6.03,6.05,5.88,3911000.0,23308600.0,0.0,0.0
000680,山推股份,10.19,10.19,10.2,10.39,10.39,10.43,10.13,17212003.0,175878961.0,-1.925,-0.2
000681,视觉中国,17.01,17.0,17.01,17.01,16.86,17.02,16.69,12158114.0,205533616.0,0.0,0.0
000682,东方电子,11.52,11.52,11.53,11.63,11.63,11.64,11.45,10330800.0,119201963.0,-0.946,-0.11
000683,博源化工,6.05,6.05,6.06,6.08,6.05,6.1,5.96,46730320.0,281604172.0,-0.493,-0.03
000685,中山公用,10.98,10.97,10.98,10.92,10.9,11.0,10.86,6822359.0,74589357.0,0.549,0.06
000686,东北证券,7.81,7.8,7.81,7.86,7.86,7.88,7.75,14664200.0,114313705.0,-0.636,-0.05
000688,国城矿业,33.28,33.28,33.29,30.76,30.78,33.79,30.57,29595921.0,971341563.0,8.192,2.52
000690,宝新能源,4.77,4.77,4.78,4.75,4.75,4.84,4.7,53509183.0,255037652.0,0.421,0.02
000691,亚太实业,10.51,10.5,10.51,10.28,10.3,10.56,10.02,7963200.0,82584039.0,2.237,0.23
000692,惠天热电,4.19,4.18,4.19,4.13,4.14,4.2,4.06,20366924.0,84453632.0,1.453,0.06
000695,滨海能源,13.72,13.72,13.73,13.87,13.77,13.96,13.6,5922400.0,81453418.0,-1.081,-0.15
000697,炼石航空,8.18,8.18,8.19,8.1,8.15,8.33,8.04,6137401.0,50096839.0,0.988,0.08
000698,ST沈化,3.54,3.54,3.55,3.51,3.49,3.55,3.49,2693470.0,9498633.0,0.855,0.03
000700,模塑科技,10.92,10.92,10.93,10.75,10.67,11.04,10.65,26188690.0,285231007.0,1.581,0.17
000701,厦门信达,5.09,5.08,5.09,5.11,5.06,5.13,5.0,13613391.0,68848904.0,-0.391,-0.02
000702,正虹科技,5.48,5.47,5.48,5.53,5.5,5.5,5.36,6193000.0,33619627.0,-0.904,-0.05
000703,恒逸石化,20.8,20.8,20.81,20.1,20.12,20.93,19.7,116239125.0,2374865003.0,3.483,0.7
000705,浙江震元,7.04,7.04,7.06,7.17,7.11,7.15,6.94,7660599.0,53954829.0,-1.813,-0.13
000707,双环科技,4.63,4.63,4.64,4.62,4.62,4.67,4.55,6241917.0,28790023.0,0.216,0.01
000708,中信特钢,13.64,13.63,13.64,14.04,13.85,13.93,13.6,14948070.0,204886536.0,-2.849,-0.4
000709,河钢股份,2.07,2.07,2.08,2.09,2.09,2.09,2.06,70141736.0,145587462.0,-0.957,-0.02
000710,贝瑞基因,10.31,10.31,0.0,9.37,10.17,10.31,9.6,58158200.0,591543041.0,10.032,0.94
000711,ST京蓝,6.44,6.43,6.44,6.11,6.3,6.47,6.2,140183919.0,891783880.0,5.401,0.33
000712,锦龙股份,8.58,8.58,8.59,8.55,8.55,8.61,8.4,13490178.0,114991920.0,0.351,0.03
000713,国投丰乐,5.88,5.88,5.9,6.08,6.0,6.03,5.78,17314033.0,101841074.0,-3.289,-0.2
000715,中兴商业,5.15,5.15,5.16,5.17,5.14,5.17,5.06,7333389.0,37497502.0,-0.387,-0.02
000716,黑芝麻,4.8,4.8,4.81,5.02,4.95,4.95,4.73,47029259.0,225988463.0,-4.382,-0.22
000717,中南股份,2.21,2.21,2.22,2.22,2.21,2.22,2.17,12794362.0,28096795.0,-0.45,-0.01
000718,苏宁环球,1.87,1.87,1.88,1.9,1.9,1.9,1.85,20241989.0,37855330.0,-1.579,-0.03
000719,中原传媒,12.05,12.05,12.07,12.3,12.32,12.37,11.94,4276200.0,51564818.0,-2.033,-0.25
000720,新能泰山,3.7,3.7,3.71,3.68,3.64,3.76,3.5,37563600.0,136516075.0,0.543,0.02
000721,西安饮食,6.42,6.42,6.43,6.57,6.47,6.57,6.37,10371031.0,66624063.0,-2.283,-0.15
000722,湖南发展,12.8,12.8,12.81,12.93,12.96,12.98,12.65,6859382.0,87614388.0,-1.005,-0.13
000723,美锦能源,3.54,3.54,3.55,3.61,3.58,3.58,3.46,115006831.0,404392187.0,-1.939,-0.07
000725,京东方Ａ,6.0,5.99,6.0,5.9,5.88,6.05,5.79,1313130817.0,7789062424.0,1.695,0.1
000726,鲁 泰Ａ,5.86,5.86,5.87,5.98,5.97,5.97,5.79,7204794.0,42147443.0,-2.007,-0.12
000727,冠捷科技,2.21,2.2,2.21,2.18,2.17,2.22,2.14,67253700.0,147015564.0,1.376,0.03
000728,国元证券,7.04,7.03,7.04,7.04,7.03,7.06,7.0,11892010.0,83585828.0,0.0,0.0
000729,燕京啤酒,11.41,11.41,11.42,12.26,12.12,12.17,11.21,64797894.0,743063657.0,-6.933,-0.85
000731,四川美丰,6.12,6.11,6.12,6.1,6.1,6.13,5.97,5834439.0,35289038.0,0.328,0.02
000733,振华科技,39.85,39.84,39.85,39.16,38.75,39.97,38.68,10315800.0,407634950.0,1.762,0.69
000735,罗 牛 山,5.43,5.42,5.43,5.98,5.76,5.8,5.38,123708528.0,677460753.0,-9.197,-0.55
000736,中交发展,4.35,4.35,4.36,4.47,4.36,4.39,4.21,28494300.0,122705578.0,-2.685,-0.12
000737,北方铜业,14.7,14.69,14.7,14.06,14.18,14.84,14.06,101993577.0,1481340112.0,4.552,0.64
000738,航发控制,17.86,17.85,17.86,17.68,17.54,17.92,17.35,10211504.0,180565021.0,1.018,0.18
000739,普洛药业,20.72,20.72,20.73,21.94,21.51,22.7,20.66,36979594.0,787493736.0,-5.561,-1.22
000750,国海证券,3.68,3.68,3.69,3.7,3.69,3.7,3.66,29583777.0,108812098.0,-0.541,-0.02
000751,锌业股份,5.14,5.14,5.15,4.93,4.9,5.15,4.87,69646527.0,351441324.0,4.26,0.21
000752,*ST西发,8.98,8.97,8.98,8.97,9.01,9.01,8.91,861500.0,7723696.0,0.111,0.01
000753,漳州发展,4.66,4.66,4.67,4.69,4.69,4.69,4.59,9255205.0,42983863.0,-0.64,-0.03
000755,山西高速,4.78,4.77,4.78,4.8,4.78,4.79,4.72,3311500.0,15762486.0,-0.417,-0.02
000756,新华制药,13.57,13.56,13.57,14.5,14.11,14.13,13.41,21523421.0,293274808.0,-6.414,-0.93
000757,浩物股份,4.31,4.3,4.31,4.29,4.24,4.39,4.17,14517800.0,62115153.0,0.466,0.02
000758,中色股份,6.07,6.07,6.08,5.95,5.96,6.08,5.93,26026302.0,156884135.0,2.017,0.12
000759,中百集团,5.85,5.84,5.85,6.14,6.07,6.11,5.7,61828121.0,360467263.0,-4.723,-0.29
000761,本钢板材,2.33,2.33,2.34,2.35,2.35,2.35,2.29,15310400.0,35539089.0,-0.851,-0.02
000762,西藏矿业,23.2,23.2,23.21,22.18,22.12,23.47,22.01,20230074.0,464603168.0,4.599,1.02
000766,通化金马,15.85,15.84,15.85,16.86,16.53,16.53,15.57,29911984.0,478764077.0,-5.991,-1.01
000767,晋控电力,3.44,3.43,3.44,3.41,3.39,3.44,3.34,65013700.0,221289241.0,0.88,0.03
000768,中航西飞,20.96,20.96,20.97,20.94,20.84,21.07,20.72,11583241.0,242569770.0,0.096,0.02
000776,广发证券,20.56,20.56,20.57,20.3,20.3,20.65,20.21,34154677.0,699038307.0,1.281,0.26
000777,中核科技,16.85,16.85,16.86,16.75,16.67,16.89,16.5,3699981.0,61971054.0,0.597,0.1
000778,新兴铸管,3.69,3.68,3.69,3.7,3.69,3.7,3.67,28253592.0,104094004.0,-0.27,-0.01
000779,甘咨询,9.73,9.72,9.73,9.55,9.59,10.12,9.46,66803970.0,653372351.0,1.885,0.18
000782,恒申新材,7.71,7.71,7.72,7.78,7.73,7.78,7.55,17135958.0,131451871.0,-0.9,-0.07
000783,长江证券,8.6,8.59,8.6,8.54,8.52,8.63,8.45,61131052.0,523239378.0,0.703,0.06
000785,居然智家,2.22,2.21,2.22,2.25,2.23,2.25,2.18,40310523.0,89018115.0,-1.333,-0.03
000786,北新建材,16.98,16.98,16.99,18.65,17.56,17.72,16.79,63261518.0,1070218074.0,-8.954,-1.67
000788,北大医药,5.63,5.63,5.64,5.89,5.76,5.84,5.54,40771539.0,230410763.0,-4.414,-0.26
000789,万年青,4.09,4.08,4.09,4.1,4.09,4.09,4.0,3981800.0,16098518.0,-0.244,-0.01
000790,华神科技,4.08,4.07,4.08,4.2,4.14,4.15,4.02,17998891.0,73163386.0,-2.857,-0.12
000791,甘肃能源,7.2,7.2,7.21,7.21,7.21,7.24,7.14,10449075.0,75104355.0,-0.139,-0.01
000792,盐湖股份,28.81,28.8,28.81,27.93,27.82,28.94,27.51,77054038.0,2200771412.0,3.151,0.88
000793,ST华闻,2.18,2.17,2.18,2.15,2.15,2.18,2.13,13926101.0,30032729.0,1.395,0.03
000795,英洛华,8.41,8.41,8.42,8.39,8.31,8.43,8.31,6623100.0,55445132.0,0.238,0.02
000796,凯撒旅业,3.85,3.85,3.86,3.85,3.83,3.87,3.73,30126600.0,114823944.0,0.0,0.0
000797,中国武夷,2.4,2.4,2.41,2.43,2.44,2.44,2.35,19380227.0,46203801.0,-1.235,-0.03
000798,中水渔业,8.72,8.72,8.73,8.48,8.55,8.84,8.48,17526721.0,151885325.0,2.83,0.24
000799,酒鬼酒,38.52,38.52,38.53,38.77,38.7,38.7,38.06,3928908.0,150620999.0,-0.645,-0.25
000800,一汽解放,6.13,6.13,6.14,6.18,6.18,6.19,6.1,8345056.0,51192561.0,-0.809,-0.05
000801,四川九洲,11.1,11.1,11.11,11.0,10.96,11.15,10.85,7576089.0,83778727.0,0.909,0.1
000802,北京文化,3.99,3.99,4.0,4.13,4.08,4.09,3.98,107853275.0,433407631.0,-3.39,-0.14
000803,山高环能,7.42,7.42,7.43,7.31,7.31,7.47,7.12,13155245.0,96290890.0,1.505,0.11
000807,云铝股份,25.88,25.87,25.88,25.26,25.47,25.95,25.17,65051523.0,1670967909.0,2.454,0.62
000809,和展能源,3.44,3.44,3.45,3.44,3.41,3.46,3.33,11798768.0,39994521.0,0.0,0.0
000810,创维数字,9.42,9.42,9.43,9.41,9.35,9.45,9.23,9020124.0,84510676.0,0.106,0.01
000811,冰轮环境,41.01,41.01,41.02,39.25,40.04,42.3,39.36,39575451.0,1624689611.0,4.484,1.76
000812,陕西金叶,3.57,3.56,3.57,3.59,3.57,3.58,3.48,12950153.0,45723280.0,-0.557,-0.02
000813,德展健康,3.27,3.26,3.27,3.48,3.36,3.4,3.25,73867026.0,244840388.0,-6.034,-0.21
000815,美利云,16.48,16.47,16.48,16.11,16.06,16.52,15.62,59933199.0,970908137.0,2.297,0.37
000816,智慧农业,2.78,2.78,2.79,2.79,2.77,2.8,2.72,26718138.0,73811559.0,-0.358,-0.01
000818,航锦科技,12.02,12.02,12.03,11.96,11.9,12.02,11.66,13881904.0,164956044.0,0.502,0.06
000819,岳阳兴长,11.91,11.9,11.91,11.92,11.78,11.97,11.64,3536222.0,41855928.0,-0.084,-0.01
000820,神雾节能,3.51,3.5,3.51,3.4,3.39,3.52,3.33,23279456.0,80211343.0,3.235,0.11
000821,ST京机,6.96,6.95,6.96,6.86,6.85,6.97,6.83,5199300.0,36008082.0,1.458,0.1
000822,山东海化,4.33,4.33,4.34,4.35,4.33,4.35,4.26,7951100.0,34289040.0,-0.46,-0.02
000823,超声电子,15.1,15.1,15.11,14.69,14.5,15.26,14.29,39369556.0,586175420.0,2.791,0.41
000825,太钢不锈,3.41,3.4,3.41,3.41,3.4,3.42,3.36,23269344.0,78938239.0,0.0,0.0
000826,*ST启环,1.96,1.96,1.97,1.92,1.91,2.01,1.9,26089960.0,51220763.0,2.083,0.04
000828,东莞控股,9.49,9.49,9.51,9.54,9.55,9.57,9.42,7775710.0,73628078.0,-0.524,-0.05
000829,天音控股,8.31,8.31,8.32,8.21,8.2,8.35,8.08,17423052.0,143790633.0,1.218,0.1
000830,鲁西化工,11.91,11.9,11.91,11.88,11.82,11.97,11.66,17073171.0,202012516.0,0.253,0.03
000831,中国稀土,56.33,56.32,56.33,57.95,55.29,56.75,55.1,39521305.0,2213142519.0,-2.796,-1.62
000833,粤桂股份,21.65,21.64,21.65,21.04,21.1,21.69,20.92,27835086.0,596716703.0,2.899,0.61
000837,秦川机床,10.05,10.05,10.06,10.07,10.0,10.16,9.97,16968503.0,170784703.0,-0.199,-0.02
000838,*ST发展,2.81,2.8,2.81,2.75,2.74,2.87,2.73,44578294.0,124967606.0,2.182,0.06
000839,国安股份,2.68,2.68,2.69,2.7,2.67,2.7,2.61,39218750.0,104248488.0,-0.741,-0.02
000848,承德露露,8.28,8.28,8.29,8.43,8.41,8.48,8.18,14532810.0,120023825.0,-1.779,-0.15
000850,华茂股份,4.18,4.18,4.19,4.19,4.19,4.2,4.11,7401278.0,30766400.0,-0.239,-0.01
000852,石化机械,5.26,5.26,5.27,5.24,5.22,5.29,5.16,19843561.0,104062573.0,0.382,0.02
000856,冀东装备,8.53,8.52,8.53,8.28,8.19,8.68,8.19,14534300.0,123724837.0,3.019,0.25
000858,五 粮 液,71.19,71.19,71.2,72.09,71.96,72.0,71.11,19709758.0,1405498852.0,-1.248,-0.9
000859,国风新材,8.87,8.87,8.88,8.83,8.83,8.93,8.65,24979328.0,220775401.0,0.453,0.04
000860,顺鑫农业,10.25,10.25,10.26,10.46,10.47,10.5,10.2,5888160.0,60465026.0,-2.008,-0.21
000862,银星能源,5.15,5.15,5.16,5.12,5.08,5.16,5.05,10511226.0,53737040.0,0.586,0.03
000863,三湘印象,4.21,4.2,4.21,4.09,4.09,4.28,3.95,20581273.0,84940626.0,2.934,0.12
000868,安凯客车,3.49,3.48,3.49,3.48,3.47,3.5,3.4,12243200.0,42201503.0,0.287,0.01
000869,张 裕Ａ,16.0,16.0,16.01,17.35,17.32,17.35,15.95,5117821.0,83023752.0,-7.781,-1.35
000875,电投绿能,4.94,4.94,4.95,4.96,4.95,4.97,4.91,18610425.0,91861151.0,-0.403,-0.02
000876,新 希 望,6.9,6.89,6.9,7.03,7.0,7.0,6.84,31402051.0,216301232.0,-1.849,-0.13
000877,天山股份,3.65,3.65,3.66,3.69,3.66,3.69,3.6,8241700.0,29986335.0,-1.084,-0.04
000878,云南铜业,16.58,16.57,16.58,16.09,16.1,16.58,16.02,38776615.0,635422787.0,3.045,0.49
000880,潍柴重机,23.64,23.64,23.65,23.51,23.49,23.91,23.02,7945797.0,187265933.0,0.553,0.13
000881,中广核技,6.45,6.45,6.46,6.48,6.45,6.46,6.36,4624133.0,29694708.0,-0.463,-0.03
000882,华联股份,1.43,1.42,1.43,1.45,1.44,1.45,1.41,43642400.0,62140067.0,-1.379,-0.02
000883,湖北能源,4.43,4.42,4.43,4.45,4.43,4.45,4.39,15808370.0,69780988.0,-0.449,-0.02
000885,城发环境,12.3,12.29,12.3,13.02,12.2,12.4,12.18,12213882.0,149465462.0,-5.53,-0.72
000886,海南高速,4.54,4.54,4.55,4.55,4.52,4.55,4.47,11040280.0,49752904.0,-0.22,-0.01
000887,中鼎股份,22.41,22.41,22.42,22.15,21.98,22.65,21.71,51202360.0,1140288842.0,1.174,0.26
000888,峨眉山Ａ,9.77,9.76,9.77,9.86,9.81,9.87,9.64,8421765.0,81990912.0,-0.913,-0.09
000889,中嘉博创,3.86,3.86,3.87,3.82,3.78,3.88,3.7,26723000.0,101719160.0,1.047,0.04
000890,法尔胜,7.3,7.29,7.3,7.11,7.4,7.41,6.96,15933900.0,114832819.0,2.672,0.19
000892,欢瑞世纪,3.74,3.74,3.75,3.76,3.75,3.79,3.66,24819041.0,92400068.0,-0.532,-0.02
000893,亚钾国际,47.37,47.36,47.37,47.82,47.67,48.25,47.12,9594742.0,455871543.0,-0.941,-0.45
000895,双汇发展,24.9,24.9,24.92,25.08,25.08,25.15,24.8,6783536.0,169240604.0,-0.718,-0.18
000897,津滨发展,1.76,1.76,1.77,1.79,1.78,1.79,1.72,32815090.0,57464529.0,-1.676,-0.03
000898,鞍钢股份,2.0,1.99,2.0,2.0,2.0,2.0,1.97,26261378.0,52130385.0,0.0,0.0
000899,赣能股份,9.96,9.95,9.96,10.05,10.03,10.05,9.87,7497199.0,74567912.0,-0.896,-0.09
000900,现代投资,3.61,3.6,3.61,3.67,3.67,3.67,3.6,12323405.0,44641804.0,-1.635,-0.06
000901,航天科技,13.66,13.65,13.66,13.6,13.57,13.7,13.4,10697002.0,145381648.0,0.441,0.06
000902,新洋丰,13.62,13.62,13.63,13.69,13.8,13.84,13.5,8695128.0,118614884.0,-0.511,-0.07
000903,ST云动,1.9,1.89,1.9,1.79,1.78,1.9,1.76,31119674.0,57454572.0,6.145,0.11
000905,厦门港务,8.57,8.56,8.57,8.51,8.53,8.59,8.41,6043592.0,51466772.0,0.705,0.06
000906,浙商中拓,5.3,5.3,5.31,5.33,5.31,5.32,5.24,3697394.0,19543056.0,-0.563,-0.03
000908,石药景峰,6.69,6.69,6.7,7.0,6.87,6.88,6.62,23563100.0,157974442.0,-4.429,-0.31
000909,*ST数源,4.28,4.27,4.28,4.28,4.27,4.32,4.2,2077900.0,8864873.0,0.0,0.0
000910,大亚圣象,5.32,5.31,5.32,5.38,5.35,5.37,5.24,3633400.0,19231543.0,-1.115,-0.06
000911,*ST广糖,4.91,4.91,4.93,5.18,5.06,5.06,4.84,10656500.0,52560629.0,-5.212,-0.27
000912,泸天化,3.75,3.75,3.76,3.73,3.7,3.77,3.65,23400394.0,87026817.0,0.536,0.02
000913,钱江摩托,11.24,11.24,11.25,11.36,11.36,11.44,11.21,3165100.0,35678103.0,-1.056,-0.12
000915,华特达因,23.7,23.69,23.7,26.2,25.06,25.06,23.58,14071056.0,335774212.0,-9.542,-2.5
000917,电广传媒,7.06,7.05,7.06,6.86,6.83,7.1,6.71,23221902.0,159636624.0,2.915,0.2
000919,金陵药业,6.64,6.63,6.64,7.05,6.88,6.9,6.5,34038218.0,226205892.0,-5.816,-0.41
000920,沃顿科技,11.5,11.5,11.51,11.09,11.15,11.64,11.11,11401320.0,130177902.0,3.697,0.41
000921,海信家电,25.0,25.0,25.02,25.63,25.59,25.74,24.9,5196078.0,130858160.0,-2.458,-0.63
000922,佳电股份,12.05,12.04,12.05,11.83,11.83,12.05,11.53,10934926.0,129970291.0,1.86,0.22
000923,河钢资源,15.19,15.19,15.2,15.25,15.25,15.3,15.0,8756752.0,132821645.0,-0.393,-0.06
000925,众合科技,8.15,8.14,8.15,7.85,7.8,8.15,7.66,27965005.0,223424503.0,3.822,0.3
000926,福星股份,2.26,2.26,2.27,2.28,2.3,2.3,2.22,75674700.0,171641191.0,-0.877,-0.02
000927,中国铁物,2.4,2.4,2.41,2.43,2.44,2.44,2.39,35046588.0,84212749.0,-1.235,-0.03
000928,中钢国际,4.94,4.93,4.94,4.97,4.95,4.97,4.91,7775380.0,38330328.0,-0.604,-0.03
000929,兰州黄河,8.98,8.98,8.99,8.94,8.86,9.16,8.69,2251100.0,20108540.0,0.447,0.04
000930,中粮科技,4.72,4.72,4.73,4.85,4.8,4.82,4.66,24179487.0,114033688.0,-2.68,-0.13
000931,中 关 村,5.09,5.09,0.0,4.63,5.08,5.09,4.91,62728450.0,318517401.0,9.935,0.46
000932,华菱钢铁,3.59,3.58,3.59,3.59,3.58,3.6,3.54,59083918.0,210971610.0,0.0,0.0
000933,神火股份,25.78,25.77,25.78,25.25,25.32,25.82,25.17,41274803.0,1052930897.0,2.099,0.53
000935,四川双马,22.74,22.74,22.76,23.26,23.1,23.25,22.55,3650435.0,83071770.0,-2.236,-0.52
000936,华西股份,5.49,5.48,5.49,5.52,5.41,5.53,5.24,36631600.0,198768929.0,-0.543,-0.03
000937,冀中能源,4.7,4.69,4.7,4.69,4.67,4.75,4.65,21377847.0,100545303.0,0.213,0.01
000938,紫光股份,36.44,36.44,36.45,35.66,35.6,36.58,35.2,152479170.0,5509755645.0,2.187,0.78
000948,南天信息,13.92,13.92,13.93,13.74,13.61,13.97,13.46,11823800.0,163323962.0,1.31,0.18
000949,新乡化纤,6.92,6.92,6.93,6.64,6.58,6.93,6.53,65128787.0,443149258.0,4.217,0.28
000950,重药控股,5.48,5.48,5.49,5.77,5.69,5.69,5.43,56736726.0,313336889.0,-5.026,-0.29
000951,中国重汽,21.17,21.17,21.18,21.93,21.72,21.85,20.96,8490604.0,180313853.0,-3.466,-0.76
000952,广济药业,6.38,6.38,6.39,6.56,6.43,6.54,6.32,10009240.0,64032698.0,-2.744,-0.18
000953,中哲精化,6.25,6.25,6.26,6.24,6.16,6.28,6.05,8572600.0,52822255.0,0.16,0.01
000955,欣龙控股,4.17,4.16,4.17,4.22,4.2,4.21,4.11,9697300.0,40308883.0,-1.185,-0.05
000957,中通客车,10.27,10.26,10.27,10.35,10.3,10.35,10.09,6242336.0,63667871.0,-0.773,-0.08
000958,电投产融,5.25,5.25,5.26,5.28,5.25,5.27,5.21,11089900.0,58060411.0,-0.568,-0.03
000959,首钢股份,3.47,3.47,3.48,3.5,3.49,3.5,3.43,20213520.0,69973217.0,-0.857,-0.03
000960,锡业股份,37.1,37.1,37.11,36.95,37.0,37.56,36.5,40013027.0,1480175051.0,0.406,0.15
000962,东方钽业,53.01,53.01,53.02,51.8,51.84,53.19,50.96,19405353.0,1018357523.0,2.336,1.21
000963,华东医药,28.1,28.1,28.11,29.92,29.39,29.39,28.0,55310486.0,1570298770.0,-6.083,-1.82
000965,天保基建,3.15,3.14,3.15,3.21,3.19,3.19,3.09,15881349.0,49617748.0,-1.869,-0.06
000966,长源电力,3.97,3.96,3.97,3.96,3.94,3.99,3.91,27845076.0,110065255.0,0.253,0.01
000967,盈峰环境,8.33,8.33,8.34,8.2,8.12,8.39,8.0,62383039.0,511502661.0,1.585,0.13
000968,蓝焰控股,7.17,7.16,7.17,6.98,7.08,7.44,6.98,52840031.0,382666331.0,2.722,0.19
000969,安泰科技,16.68,16.67,16.68,16.46,16.4,16.79,16.31,15438715.0,256488652.0,1.337,0.22
000970,中科三环,12.4,12.4,12.41,12.41,12.3,12.42,12.16,19484570.0,240150990.0,-0.081,-0.01
000972,中基健康,3.64,3.64,3.65,3.6,3.57,3.66,3.5,13871824.0,49803612.0,1.111,0.04
000973,佛塑科技,14.43,14.42,14.43,14.4,14.45,14.69,14.03,54959346.0,789137390.0,0.208,0.03
000975,山金国际,28.58,28.58,28.59,27.9,28.3,28.8,27.64,71647354.0,2032401883.0,2.437,0.68
000977,浪潮信息,76.35,76.34,76.35,75.08,75.49,76.69,74.25,52176188.0,3964558425.0,1.692,1.27
000978,桂林旅游,6.11,6.1,6.11,6.14,6.09,6.15,6.03,6460900.0,39320909.0,-0.489,-0.03
000980,众泰汽车,1.66,1.66,1.67,1.62,1.62,1.67,1.58,86562900.0,141053163.0,2.469,0.04
000981,山子高科,2.65,2.64,2.65,2.62,2.6,2.66,2.57,144945388.0,380482062.0,1.145,0.03
000983,山西焦煤,7.32,7.31,7.32,6.99,6.94,7.34,6.91,126481689.0,911724434.0,4.721,0.33
000985,大庆华科,16.43,16.43,16.45,15.97,15.87,16.46,15.75,2228443.0,36126232.0,2.88,0.46
000987,越秀资本,7.43,7.42,7.43,7.41,7.38,7.44,7.32,16538671.0,122244304.0,0.27,0.02
000988,华工科技,106.78,106.77,106.78,104.18,103.71,108.0,103.5,34757473.0,3698670968.0,2.496,2.6
000989,九芝堂,9.04,9.04,9.05,9.52,9.36,9.37,8.96,38583700.0,350601821.0,-5.042,-0.48
000990,诚志股份,6.39,6.38,6.39,6.57,6.44,6.47,6.26,47932126.0,304626938.0,-2.74,-0.18
000993,闽东电力,9.71,9.71,9.72,9.76,9.75,9.75,9.61,4568738.0,44232703.0,-0.512,-0.05
000995,皇台酒业,10.65,10.65,10.66,10.58,10.5,10.75,10.32,5976100.0,63045294.0,0.662,0.07
000997,新 大 陆,18.42,18.42,18.43,18.13,18.13,18.5,17.91,21188484.0,386155830.0,1.6,0.29
000998,隆平高科,8.35,8.35,8.36,8.84,8.8,8.81,8.29,57417311.0,480488345.0,-5.543,-0.49
000999,华润三九,24.14,24.14,24.15,25.06,24.72,24.98,24.08,16117197.0,392967041.0,-3.671,-0.92
001201,东瑞股份,11.86,11.85,11.86,12.0,11.98,11.98,11.74,2442340.0,28934238.0,-1.167,-0.14
001202,炬申股份,13.67,13.67,13.68,13.62,13.6,13.7,13.32,1522230.0,20583817.0,0.367,0.05
001203,大中矿业,28.36,28.36,28.37,26.45,26.39,29.1,26.22,54007721.0,1531102015.0,7.221,1.91
001205,盛航股份,14.47,14.47,14.48,14.41,14.39,14.56,14.23,2679200.0,38546226.0,0.416,0.06
001206,依依股份,16.49,16.49,16.5,16.95,16.9,16.9,16.22,4622702.0,76125477.0,-2.714,-0.46
001207,联科科技,16.71,16.71,16.72,16.95,16.85,17.01,16.65,4459724.0,74781205.0,-1.416,-0.24
001208,华菱线缆,13.58,13.57,13.58,13.46,13.32,13.65,13.23,13142708.0,177122075.0,0.892,0.12
001209,洪兴股份,17.86,17.86,17.88,17.52,17.44,17.86,17.21,2096500.0,36824039.0,1.941,0.34
001210,金房能源,28.65,28.64,28.65,29.76,29.76,29.76,27.51,18441027.0,523717638.0,-3.73,-1.11
001211,双枪科技,24.32,24.32,24.34,23.87,23.63,24.88,23.45,5579377.0,135332674.0,1.885,0.45
001212,中旗新材,33.7,33.7,33.72,33.69,33.12,34.1,32.61,2615024.0,87780571.0,0.03,0.01
001213,中铁特货,3.48,3.48,3.49,3.52,3.52,3.53,3.47,5835862.0,20355336.0,-1.136,-0.04
001215,千味央厨,31.67,31.66,31.67,31.66,31.47,31.85,30.88,1352911.0,42351120.0,0.032,0.01
001216,华瓷股份,14.5,14.49,14.5,14.53,14.42,14.54,14.24,1192991.0,17226015.0,-0.206,-0.03
001217,华尔泰,10.01,9.99,10.01,9.96,9.9,10.05,9.74,3259184.0,32245994.0,0.502,0.05
001218,丽臣实业,24.33,24.33,24.34,24.32,24.31,24.62,23.72,2269984.0,54678904.0,0.041,0.01
001219,青岛食品,12.61,12.57,12.61,12.7,12.6,12.66,12.28,3700137.0,46144521.0,-0.709,-0.09
001220,世盟股份,31.3,31.3,31.34,31.14,31.0,31.42,30.49,542374.0,16806354.0,0.514,0.16
001221,悍高集团,41.52,41.52,41.53,43.59,43.2,43.2,41.28,3852662.0,161452796.0,-4.749,-2.07
001222,源飞宠物,14.5,14.5,14.52,14.77,14.67,14.76,14.21,3581294.0,51634726.0,-1.828,-0.27
001223,欧克科技,40.68,40.68,40.8,40.79,40.8,41.79,39.71,1716720.0,70155866.0,-0.27,-0.11
001225,和泰机电,46.91,46.85,46.91,46.57,46.57,47.19,44.01,3208200.0,146545080.0,0.73,0.34
001226,拓山重工,47.27,47.27,47.39,46.24,46.24,48.21,45.28,1259500.0,59192609.0,2.228,1.03
001227,兰州银行,2.11,2.1,2.11,2.13,2.13,2.13,2.1,57562381.0,121477785.0,-0.939,-0.02
001228,永泰运,28.72,28.71,28.72,27.16,27.33,29.0,27.16,3678000.0,104032039.0,5.744,1.56
001229,魅视科技,45.35,45.35,45.38,47.0,46.11,46.29,44.88,5255927.0,238811810.0,-3.511,-1.65
001230,劲旅环境,21.42,21.42,21.43,21.62,21.34,22.05,21.16,4527441.0,97327406.0,-0.925,-0.2
001231,农心科技,21.13,21.12,21.13,21.37,21.33,21.33,20.71,1724200.0,36243779.0,-1.123,-0.24
001232,嘉立创,149.86,149.85,149.86,149.91,148.7,151.08,146.99,3210983.0,479979522.0,-0.033,-0.05
001233,海安集团,44.07,44.06,44.07,44.35,44.09,44.2,43.24,1176131.0,51451435.0,-0.631,-0.28
001234,泰慕士,22.44,22.44,22.45,22.75,22.76,22.9,22.23,1546999.0,34775120.0,-1.363,-0.31
001236,弘业期货,7.53,7.53,7.54,7.47,7.46,7.59,7.43,7766000.0,58300229.0,0.803,0.06
001237,惠康科技,52.17,52.17,52.18,52.38,51.81,52.39,51.51,913068.0,47430455.0,-0.401,-0.21
001238,浙江正特,25.09,25.09,25.15,25.3,25.64,25.64,24.67,546382.0,13696092.0,-0.83,-0.21
001239,永达股份,11.96,11.96,11.97,12.08,11.8,12.15,11.8,1339916.0,15993597.0,-0.993,-0.12
001248,华润新能,12.18,12.17,12.18,12.24,12.23,12.23,12.08,32512471.0,395145710.0,-0.49,-0.06
001255,博菲电气,26.11,26.09,26.11,25.8,25.8,26.19,25.37,796600.0,20557135.0,1.202,0.31
001256,炜冈科技,23.23,23.23,23.26,23.35,23.08,23.5,22.72,2695046.0,62480613.0,-0.514,-0.12
001257,盛龙股份,25.2,25.19,25.2,24.15,23.88,25.31,23.86,13150973.0,323228068.0,4.348,1.05
001258,立新能源,12.21,12.21,12.22,12.31,12.7,12.7,11.74,102267932.0,1235159677.0,-0.812,-0.1
001259,利仁科技,46.34,46.3,46.34,46.02,46.23,46.8,44.05,1216400.0,55777942.0,0.695,0.32
001260,坤泰股份,17.67,17.66,17.67,17.2,17.41,17.77,17.0,4048479.0,70572193.0,2.733,0.47
001266,宏英智能,34.38,34.38,34.39,33.75,33.86,34.56,33.04,1622048.0,55149333.0,1.867,0.63
001267,汇绿生态,37.47,37.47,37.48,37.01,36.65,38.68,36.32,24293356.0,910572957.0,1.243,0.46
001268,联合精密,20.38,20.37,20.38,20.12,20.04,20.56,19.67,2198020.0,44520246.0,1.292,0.26
001269,欧晶科技,19.11,19.1,19.11,18.99,19.0,19.19,18.62,1498900.0,28519516.0,0.632,0.12
001270,铖昌科技,103.9,103.89,103.9,100.16,100.19,107.68,99.08,9498333.0,988362292.0,3.734,3.74
001277,速达股份,35.43,35.43,35.45,36.27,38.07,39.9,34.51,13771745.0,529328787.0,-2.316,-0.84
001278,一彬科技,16.03,16.03,16.1,15.99,15.85,16.16,15.59,2105100.0,33498073.0,0.25,0.04
001279,强邦新材,25.16,25.16,25.18,25.31,25.14,25.25,24.7,564000.0,14104661.0,-0.593,-0.15
001280,中国铀业,67.03,67.02,67.03,67.55,66.53,67.53,66.05,4769393.0,319400901.0,-0.77,-0.52
001282,三联锻造,15.91,15.9,15.91,15.8,15.73,16.04,15.52,1503176.0,23783558.0,0.696,0.11
001283,豪鹏科技,43.75,43.74,43.75,43.45,43.3,44.19,43.07,2473292.0,108172606.0,0.69,0.3
001285,瑞立科密,40.41,40.4,40.41,40.09,39.88,40.64,39.56,800416.0,32163392.0,0.798,0.32
001286,陕西能源,9.51,9.51,9.52,10.56,9.8,9.88,9.5,75489660.0,724965710.0,-9.943,-1.05
001287,中电港,22.97,22.97,22.98,23.15,22.99,23.55,22.64,22412806.0,516738042.0,-0.778,-0.18
001288,运机集团,25.54,25.53,25.54,24.01,24.01,26.21,23.45,4856900.0,122005084.0,6.372,1.53
001289,龙源电力,15.64,15.63,15.64,15.63,15.58,15.65,15.45,3552921.0,55267652.0,0.064,0.01
001296,长江材料,19.47,19.46,19.47,19.48,19.49,19.57,19.03,1603559.0,31071369.0,-0.051,-0.01
001298,好上好,17.49,17.49,17.5,17.49,17.46,17.57,17.14,4344770.0,75631561.0,0.0,0.0
001299,美能能源,10.13,10.12,10.13,9.91,9.8,10.13,9.8,4107786.0,41148907.0,2.22,0.22
001300,三柏硕,11.28,11.26,11.28,11.19,11.16,11.32,10.95,2627936.0,29295189.0,0.804,0.09
001301,尚太科技,63.2,63.2,63.22,64.18,63.86,65.33,63.0,7910670.0,504983544.0,-1.527,-0.98
001306,夏厦精密,53.56,53.56,53.69,53.3,53.51,53.95,52.17,498450.0,26564351.0,0.488,0.26
001308,康冠科技,17.9,17.89,17.9,17.96,17.8,17.95,17.66,1115800.0,19920469.0,-0.334,-0.06
001309,德明利,415.12,415.12,415.15,398.1,398.1,423.0,393.0,15218364.0,6207753486.0,4.275,17.02
001311,多利科技,17.78,17.77,17.78,17.86,17.87,17.96,17.54,3058581.0,54418004.0,-0.448,-0.08
001312,福恩股份,17.35,17.34,17.35,17.52,17.41,17.49,17.21,1238316.0,21440248.0,-0.97,-0.17
001313,粤海饲料,7.84,7.84,7.85,7.91,7.85,7.9,7.66,11041955.0,86074553.0,-0.885,-0.07
001314,亿道信息,53.84,53.8,53.84,53.7,53.5,54.25,52.6,2254600.0,120899592.0,0.261,0.14
001316,润贝航科,25.92,25.91,25.92,26.04,25.81,26.05,25.47,1343634.0,34724817.0,-0.461,-0.12
001317,三羊马,53.3,53.3,53.33,53.78,53.66,54.84,52.53,5897611.0,314919222.0,-0.893,-0.48
001318,阳光乳业,11.08,11.07,11.08,11.25,11.22,11.23,10.99,4196119.0,46489571.0,-1.511,-0.17
001319,铭科精技,19.84,19.84,19.85,19.37,19.19,21.31,19.07,5205400.0,104062706.0,2.426,0.47
001322,箭牌家居,6.28,6.28,6.29,6.22,6.22,6.32,6.11,3816100.0,23766576.0,0.965,0.06
001323,慕思股份,18.4,18.39,18.4,19.32,19.08,19.19,18.16,3667177.0,67663020.0,-4.762,-0.92
001324,长青科技,18.51,18.51,18.52,18.9,18.88,18.9,18.23,2820500.0,52063655.0,-2.063,-0.39
001325,元创股份,38.29,38.29,38.3,37.8,37.44,38.35,37.0,939900.0,35534236.0,1.296,0.49
001326,联域股份,61.48,61.48,61.6,61.0,61.18,62.38,59.06,1153000.0,70364564.0,0.787,0.48
001328,登康口腔,28.4,28.4,28.41,29.3,29.62,29.9,28.34,1730917.0,49785106.0,-3.072,-0.9
001330,博纳影业,4.8,4.79,4.8,4.8,4.76,4.82,4.66,36048300.0,171360963.0,0.0,0.0
001331,胜通能源,44.72,44.72,44.73,44.63,45.0,46.41,44.0,6395785.0,288851415.0,0.202,0.09
001332,锡装股份,30.73,30.73,30.74,30.73,30.5,30.87,29.81,1464468.0,44625002.0,0.0,0.0
001333,光华股份,21.52,21.52,21.6,22.19,22.5,22.87,21.22,7648773.0,167905764.0,-3.019,-0.67
001335,信凯科技,31.34,31.34,31.41,31.68,31.87,31.9,30.98,513900.0,16106388.0,-1.073,-0.34
001336,楚环科技,18.72,18.69,18.72,18.57,18.42,18.73,18.08,1268090.0,23383674.0,0.808,0.15
001337,四川黄金,51.47,51.47,51.48,48.57,49.0,51.88,48.03,31262848.0,1564955575.0,5.971,2.9
001338,永顺泰,8.86,8.86,8.87,9.15,9.08,9.13,8.79,16990835.0,150835100.0,-3.169,-0.29
001339,智微智能,78.48,78.48,78.49,78.76,78.03,79.28,76.8,5171633.0,404424142.0,-0.356,-0.28
001356,富岭股份,9.1,9.1,9.11,9.15,9.05,9.14,8.91,5877832.0,53079503.0,-0.546,-0.05
001358,兴欣新材,25.49,25.49,25.5,25.71,25.77,25.98,25.05,2371140.0,60194451.0,-0.856,-0.22
001359,平安电工,92.0,92.0,92.01,93.63,92.7,93.3,89.01,4627978.0,423375012.0,-1.741,-1.63
001360,南矿集团,18.22,18.22,18.23,18.11,18.62,18.7,17.62,12970282.0,234630986.0,0.607,0.11
001365,天海电子,35.03,35.03,35.04,35.36,35.03,35.14,34.6,2736995.0,95557384.0,-0.933,-0.33
001366,播恩集团,12.3,12.29,12.3,11.92,11.61,12.42,11.51,17280516.0,208385468.0,3.188,0.38
001367,海森药业,21.8,21.77,21.8,19.97,20.65,21.97,20.37,11009851.0,236157370.0,9.164,1.83
001368,通达创智,23.42,23.42,23.49,24.35,23.96,24.88,23.42,3180200.0,76130353.0,-3.819,-0.93
001369,双欣材料,12.37,12.37,12.38,12.33,12.27,12.39,12.12,4201663.0,51567816.0,0.324,0.04
001373,翔腾新材,28.5,28.49,28.5,28.35,28.13,28.65,27.4,1319784.0,37036143.0,0.529,0.15
001376,百通能源,10.31,10.31,10.32,10.34,10.2,10.35,10.13,6755915.0,69418532.0,-0.29,-0.03
001378,德冠新材,20.11,20.11,20.12,20.08,19.9,20.26,19.56,3293780.0,65867517.0,0.149,0.03
001379,腾达科技,16.1,16.1,16.11,16.51,16.35,16.42,15.79,2580800.0,41388713.0,-2.483,-0.41
001380,华纬科技,16.86,16.85,16.86,16.51,16.56,16.92,16.26,1272787.0,21198674.0,2.12,0.35
001382,新亚电缆,16.85,16.84,16.85,16.89,16.75,16.88,16.56,1734101.0,28974987.0,-0.237,-0.04
001386,马可波罗,15.6,15.59,15.6,15.55,15.59,15.62,15.33,3425352.0,53093560.0,0.322,0.05
001387,雪祺电气,12.12,12.11,12.12,12.15,12.05,12.13,11.88,2006610.0,24060240.0,-0.247,-0.03
001388,信通电子,21.32,21.32,21.33,21.47,21.2,21.44,20.72,3214545.0,67990871.0,-0.699,-0.15
001389,广合科技,155.95,155.91,155.95,152.87,152.8,157.34,148.8,5668517.0,876687988.0,2.015,3.08
001390,古麒绒材,17.4,17.38,17.4,17.55,17.55,17.55,17.2,1025625.0,17803226.0,-0.855,-0.15
001391,国货航,4.07,4.07,4.08,4.13,4.12,4.14,4.07,15161404.0,61933336.0,-1.453,-0.06
001393,维通利,42.27,42.27,42.28,42.25,42.09,42.3,41.16,1461106.0,61274570.0,0.047,0.02
001395,亚联机械,29.03,29.02,29.03,29.21,29.7,29.87,28.26,3056240.0,88190708.0,-0.616,-0.18
001396,誉帆科技,33.42,33.35,33.42,33.2,33.2,33.6,32.59,617596.0,20416766.0,0.663,0.22
001399,惠科股份,23.08,23.08,23.09,23.03,22.8,23.19,22.37,21506608.0,492445504.0,0.217,0.05
001400,江顺科技,80.33,80.31,80.33,82.25,78.1,81.4,75.11,4207594.0,327631834.0,-2.334,-1.92
001696,宗申动力,15.3,15.29,15.3,15.39,15.19,15.46,14.93,28904113.0,439837608.0,-0.585,-0.09
001872,招商港口,22.84,22.84,22.85,22.89,22.9,23.38,22.81,3030272.0,69834004.0,-0.218,-0.05
001896,豫能控股,11.92,11.91,11.92,11.82,11.71,11.93,11.59,35089323.0,414762708.0,0.846,0.1
001914,招商积余,8.67,8.67,8.68,8.89,8.84,8.84,8.63,7594100.0,65967338.0,-2.475,-0.22
001965,招商公路,9.17,9.17,9.18,9.17,9.16,9.18,9.09,9381047.0,85845194.0,0.0,0.0
001979,招商蛇口,7.46,7.46,7.47,7.64,7.61,7.63,7.28,79575701.0,589811247.0,-2.356,-0.18
002001,新 和 成,27.82,27.82,27.83,28.25,28.0,28.48,27.78,36583270.0,1022605484.0,-1.522,-0.43
002003,伟星股份,10.45,10.45,10.46,10.52,10.48,10.52,10.32,10569828.0,110448692.0,-0.665,-0.07
002004,华邦健康,4.5,4.5,4.51,4.56,4.63,4.7,4.48,50523795.0,231366262.0,-1.316,-0.06
002005,德豪润达,2.43,2.42,2.43,2.4,2.4,2.43,2.33,11212904.0,26838452.0,1.25,0.03
002006,精工科技,13.15,13.15,13.16,13.26,13.13,13.25,12.93,4601912.0,60445313.0,-0.83,-0.11
002007,华兰生物,13.17,13.17,13.18,13.54,13.37,13.57,13.11,29210445.0,388184009.0,-2.733,-0.37
002008,大族激光,90.9,90.9,90.91,91.56,91.0,93.0,88.81,30428198.0,2767607974.0,-0.721,-0.66
002009,天奇股份,16.53,16.53,16.55,16.48,16.41,16.66,16.2,7537666.0,124286292.0,0.303,0.05
002010,传化智联,4.65,4.65,4.66,4.67,4.65,4.68,4.6,10453500.0,48543060.0,-0.428,-0.02
002011,盾安环境,9.88,9.87,9.88,9.9,9.91,9.92,9.8,5716200.0,56377878.0,-0.202,-0.02
002012,凯恩股份,6.73,6.72,6.73,6.61,6.58,6.74,6.42,9712844.0,64177349.0,1.815,0.12
002014,永新股份,10.86,10.86,10.87,10.95,10.94,10.95,10.75,2776284.0,30076168.0,-0.822,-0.09
002015,协鑫能科,14.15,14.15,14.16,14.03,13.91,14.23,13.76,31255343.0,438581774.0,0.855,0.12
002016,世荣兆业,4.52,4.52,4.53,4.61,4.62,4.62,4.45,8903818.0,40197735.0,-1.952,-0.09
002017,东信和平,14.53,14.53,0.0,13.21,13.42,14.53,13.42,33064541.0,470577316.0,9.992,1.32
002019,亿帆医药,10.13,10.13,10.14,10.71,10.58,10.6,10.13,28786627.0,295107710.0,-5.415,-0.58
002020,京新药业,13.18,13.18,13.19,13.85,13.67,13.7,13.02,21414203.0,283848998.0,-4.838,-0.67
002021,中捷资源,2.67,2.66,2.67,2.64,2.65,2.68,2.58,23357639.0,61667703.0,1.136,0.03
002022,科华生物,5.62,5.62,5.63,5.8,5.61,5.73,5.5,17458303.0,98052199.0,-3.103,-0.18
002023,海特高新,10.13,10.13,10.15,10.18,9.99,10.2,9.7,25646751.0,255550293.0,-0.491,-0.05
002024,ST易购,1.18,1.17,1.18,1.18,1.18,1.18,1.17,10503086.0,12331943.0,0.0,0.0
002025,航天电器,62.67,62.67,62.68,60.78,60.29,63.59,59.31,16541020.0,1027888215.0,3.11,1.89
002026,山东威达,10.3,10.3,10.31,10.4,10.38,10.44,10.21,3965431.0,40912113.0,-0.962,-0.1
002027,分众传媒,4.9,4.89,4.9,4.97,4.95,4.98,4.84,148603457.0,725000890.0,-1.408,-0.07
002028,思源电气,176.69,176.69,176.7,173.63,172.0,176.82,170.26,9194339.0,1609484294.0,1.762,3.06
002029,七 匹 狼,8.75,8.74,8.75,8.75,8.74,8.88,8.56,16118944.0,140446122.0,0.0,0.0
002030,达安基因,5.6,5.59,5.6,5.97,5.84,5.9,5.57,62546830.0,355366152.0,-6.198,-0.37
002031,巨轮智能,5.14,5.14,5.15,5.12,5.1,5.21,4.96,99296914.0,509293355.0,0.391,0.02
002032,苏 泊 尔,40.92,40.92,40.94,41.37,41.38,41.43,40.85,1096265.0,44969015.0,-1.088,-0.45
002033,丽江股份,8.93,8.92,8.93,8.96,8.95,8.96,8.8,19155678.0,170229276.0,-0.335,-0.03
002034,旺能环境,13.66,13.66,13.67,13.83,13.78,13.78,13.57,3955437.0,54005831.0,-1.229,-0.17
002035,华帝股份,4.69,4.69,4.7,4.89,4.85,4.88,4.68,21540800.0,101830329.0,-4.09,-0.2
002036,联创电子,6.56,6.56,6.57,6.66,6.55,6.63,6.4,30326062.0,197837583.0,-1.502,-0.1
002037,保利联合,6.76,6.76,6.77,6.78,6.7,6.79,6.62,4573625.0,30676375.0,-0.295,-0.02
002038,双鹭药业,7.08,7.08,0.0,6.44,7.08,7.08,6.93,58576037.0,414613846.0,9.938,0.64
002039,黔源电力,19.06,19.06,19.07,19.02,18.91,19.1,18.72,5025935.0,95254328.0,0.21,0.04
002040,南 京 港,8.9,8.9,8.91,9.12,8.77,9.07,8.65,31421688.0,278189054.0,-2.412,-0.22
002041,登海种业,9.26,9.26,9.27,10.18,9.71,9.72,9.18,51719158.0,479956351.0,-9.037,-0.92
002042,华孚时尚,3.75,3.75,3.76,3.77,3.75,3.77,3.69,13904688.0,51940222.0,-0.531,-0.02
002043,兔 宝 宝,13.15,13.13,13.15,13.6,13.48,13.5,12.84,19366710.0,253215745.0,-3.309,-0.45
002044,美年健康,4.69,4.68,4.69,4.81,4.71,4.75,4.65,70251300.0,329445326.0,-2.495,-0.12
002045,国光电器,9.11,9.11,0.0,8.28,8.29,9.11,8.19,55534952.0,490236855.0,10.024,0.83
002046,国机精工,49.21,49.21,49.22,48.0,47.29,50.78,46.5,12176506.0,594701388.0,2.521,1.21
002047,宝鹰股份,3.21,3.21,3.22,3.14,3.1,3.25,3.04,54822903.0,172643399.0,2.229,0.07
002048,宁波华翔,19.33,19.33,19.34,19.0,18.85,19.38,18.7,12488341.0,238572681.0,1.737,0.33
002049,紫光国微,62.65,62.64,62.65,62.81,62.51,63.12,62.25,12242648.0,767255062.0,-0.255,-0.16
002050,三花智控,36.71,36.7,36.71,36.14,35.98,36.9,35.9,37359869.0,1362165762.0,1.577,0.57
002051,中工国际,8.36,8.35,8.36,8.33,8.29,8.37,8.18,14324990.0,118730094.0,0.36,0.03
002052,同洲电子,8.25,8.25,8.26,8.35,8.36,8.4,8.18,6128853.0,50647553.0,-1.198,-0.1
002053,云南能投,9.11,9.11,9.12,9.17,9.16,9.16,8.99,5722732.0,51995607.0,-0.654,-0.06
002054,德美化工,7.29,7.29,7.3,7.23,7.18,7.31,7.09,8937031.0,64516555.0,0.83,0.06
002055,ST得润,6.04,6.03,6.04,5.87,5.77,6.38,5.77,28147800.0,172765621.0,2.896,0.17
002056,横店东磁,21.53,21.53,21.54,21.48,21.38,21.68,21.0,17275902.0,370217568.0,0.233,0.05
002057,中钢天源,8.65,8.64,8.65,8.53,8.54,8.74,8.53,15780163.0,136792748.0,1.407,0.12
002058,威尔泰,16.33,16.33,16.37,16.16,16.0,16.4,15.85,1953100.0,31518424.0,1.052,0.17
002059,云南旅游,4.52,4.51,4.52,4.49,4.47,4.53,4.4,9575849.0,42839849.0,0.668,0.03
002060,广东建工,3.22,3.22,3.24,3.25,3.24,3.25,3.21,9647800.0,31135000.0,-0.923,-0.03
002061,浙江交科,3.43,3.43,3.44,3.51,3.5,3.51,3.37,25271220.0,86892220.0,-2.279,-0.08
002062,宏润建设,7.85,7.85,7.86,7.83,7.73,7.88,7.47,17855961.0,137557030.0,0.255,0.02
002063,远光软件,5.29,5.29,5.3,5.33,5.31,5.33,5.26,12743422.0,67377872.0,-0.75,-0.04
002064,华峰化学,11.7,11.69,11.7,11.81,11.7,11.79,11.46,33947116.0,395035502.0,-0.931,-0.11
002065,东华软件,6.91,6.91,6.92,6.9,6.85,6.99,6.77,31246616.0,214430384.0,0.145,0.01
002066,瑞泰科技,21.66,21.65,21.66,21.48,21.79,21.9,21.04,2183401.0,46969346.0,0.838,0.18
002067,景兴纸业,4.01,4.01,4.02,4.02,3.97,4.04,3.94,31649005.0,126487923.0,-0.249,-0.01
002068,黑猫股份,7.76,7.76,7.77,7.62,7.6,7.79,7.46,19491551.0,149394250.0,1.837,0.14
002069,獐子岛,3.46,3.44,3.46,3.47,3.45,3.46,3.37,10719400.0,36580427.0,-0.288,-0.01
002072,凯瑞德,7.24,7.24,7.25,7.26,7.23,7.28,7.11,4643570.0,33391738.0,-0.275,-0.02
002073,软控股份,5.94,5.94,5.95,5.7,5.89,6.12,5.83,64046537.0,381688846.0,4.211,0.24
002074,国轩高科,26.86,26.86,26.87,26.42,26.31,27.2,26.2,19539387.0,524511203.0,1.665,0.44
002075,沙钢股份,3.7,3.7,3.71,3.65,3.64,3.77,3.59,53707877.0,197503436.0,1.37,0.05
002076,星光股份,2.09,2.08,2.09,2.07,2.06,2.1,2.03,23975100.0,49563173.0,0.966,0.02
002077,大港股份,12.28,12.28,12.29,12.27,12.16,12.36,12.04,14025084.0,171608670.0,0.081,0.01
002078,太阳纸业,13.67,13.67,13.7,14.04,13.93,13.98,13.59,12666452.0,173608220.0,-2.635,-0.37
002079,苏州固锝,9.58,9.58,9.59,9.54,9.48,9.62,9.37,17742456.0,168985058.0,0.419,0.04
002080,中材科技,53.91,53.91,53.92,53.59,53.0,54.2,51.69,34513495.0,1840645614.0,0.597,0.32
002081,金 螳 螂,5.15,5.15,5.16,5.55,5.44,5.48,5.05,408993764.0,2128232618.0,-7.207,-0.4
002082,ST万邦,9.81,9.81,9.82,9.97,9.77,9.87,9.51,8482100.0,82416287.0,-1.605,-0.16
002083,孚日股份,10.53,10.53,10.54,10.42,10.31,10.64,10.14,44627050.0,465415631.0,1.056,0.11
002084,海鸥住工,3.59,0.0,0.0,3.59,0.0,0.0,0.0,0.0,0.0,0.0,0.0
002085,万丰奥威,10.23,10.23,10.24,10.23,10.16,10.25,10.09,10978918.0,111952377.0,0.0,0.0
002086,东方海洋,2.0,2.0,2.01,2.01,1.99,2.03,1.97,61751200.0,123542598.0,-0.498,-0.01
002088,鲁阳节能,8.23,8.23,8.24,8.21,8.21,8.27,7.99,2245889.0,18302565.0,0.244,0.02
002090,金智科技,9.25,9.25,9.26,9.13,9.1,9.29,8.99,5129842.0,46907617.0,1.314,0.12
002091,江苏国泰,7.7,7.7,7.71,7.78,7.77,7.78,7.68,8801600.0,67879088.0,-1.028,-0.08
002092,中泰化学,4.46,4.46,4.47,4.45,4.42,4.47,4.36,40702501.0,179525278.0,0.225,0.01
002093,国脉科技,6.63,6.63,6.64,6.63,6.61,6.64,6.52,5603700.0,36927450.0,0.0,0.0
002094,青岛金王,4.61,4.61,4.62,4.65,4.61,4.64,4.55,11880104.0,54608158.0,-0.86,-0.04
002095,生 意 宝,14.1,14.08,14.1,14.23,14.03,14.18,13.92,1453822.0,20384084.0,-0.914,-0.13
002096,易普力,9.22,9.22,9.24,9.28,9.28,9.28,9.16,3243843.0,29849697.0,-0.647,-0.06
002097,山河智能,7.19,7.18,7.19,7.1,7.1,7.2,7.02,11389225.0,81150466.0,1.268,0.09
002098,浔兴股份,7.07,7.06,7.07,7.1,7.09,7.17,6.99,3344678.0,23611860.0,-0.423,-0.03
002099,海翔药业,5.24,5.23,5.24,5.48,5.43,5.45,5.22,27801010.0,147828757.0,-4.38,-0.24
002100,天康生物,7.15,7.15,7.17,7.17,7.16,7.21,7.08,12726481.0,90838783.0,-0.279,-0.02
002101,广东鸿图,8.55,8.55,8.56,8.61,8.65,8.65,8.51,3170534.0,27114461.0,-0.697,-0.06
002102,ST能特,2.21,2.2,2.21,2.19,2.2,2.22,2.18,6346797.0,13966942.0,0.913,0.02
002103,广博股份,6.48,6.48,6.49,6.58,6.53,6.6,6.42,5047631.0,32664185.0,-1.52,-0.1
002104,恒宝股份,10.74,10.73,10.74,10.01,10.06,11.0,10.05,102365800.0,1086133424.0,7.293,0.73
002105,信隆健康,5.84,5.82,5.84,5.86,5.81,5.86,5.69,6207210.0,35887741.0,-0.341,-0.02
002106,莱宝高科,10.22,10.21,10.23,10.21,10.12,10.27,9.8,13805920.0,139843574.0,0.098,0.01
002107,沃华医药,6.25,6.25,6.26,6.48,6.33,6.39,6.14,11093201.0,69098483.0,-3.549,-0.23
002108,沧州明珠,4.31,4.3,4.31,4.28,4.26,4.31,4.22,19754000.0,84305671.0,0.701,0.03
002109,ST兴化,2.75,2.74,2.75,2.62,2.62,2.75,2.6,8131670.0,21866632.0,4.962,0.13
002110,三钢闽光,2.95,2.95,2.96,2.94,2.93,2.96,2.89,21493490.0,62831090.0,0.34,0.01
002111,威海广泰,9.5,9.49,9.5,9.42,9.38,9.53,9.31,6567983.0,61928539.0,0.849,0.08
002112,三变科技,15.7,15.7,15.71,15.85,15.6,15.87,15.5,12684980.0,198990339.0,-0.946,-0.15
002114,罗平锌电,7.32,7.31,7.32,7.19,7.17,7.33,7.09,7095500.0,51223816.0,1.808,0.13
002115,三维通信,10.4,10.4,10.41,10.43,10.43,10.45,10.16,33554081.0,347309905.0,-0.288,-0.03
002116,中国海诚,7.05,7.05,7.06,7.12,7.08,7.14,6.98,2794380.0,19646010.0,-0.983,-0.07
002117,东港股份,7.83,7.82,7.83,7.87,7.82,7.86,7.7,4164092.0,32387298.0,-0.508,-0.04
002119,康强电子,23.5,23.49,23.5,23.34,23.12,23.72,22.78,23966042.0,560326617.0,0.686,0.16
002120,韵达股份,6.6,6.6,6.61,6.67,6.64,6.7,6.59,25184233.0,166548795.0,-1.049,-0.07
002121,科陆电子,4.94,4.94,4.95,4.89,4.87,4.97,4.84,17361528.0,85563416.0,1.022,0.05
002122,ST汇洲,2.75,2.74,2.75,2.75,2.74,2.76,2.7,13380900.0,36508528.0,0.0,0.0
002123,梦网科技,8.01,8.01,8.02,7.84,7.8,8.16,7.73,22237910.0,177546413.0,2.168,0.17
002124,天邦食品,2.27,2.27,2.28,2.34,2.32,2.32,2.26,73353922.0,167056894.0,-2.991,-0.07
002125,湘潭电化,12.7,12.7,12.71,12.68,12.61,12.85,12.44,17725218.0,224693374.0,0.158,0.02
002126,银轮股份,40.07,40.07,40.08,39.96,39.7,40.86,39.4,13022371.0,522161649.0,0.275,0.11
002127,南极电商,2.81,2.81,2.82,2.86,2.87,2.88,2.8,29818600.0,84230919.0,-1.748,-0.05
002128,电投能源,27.12,27.12,27.13,26.92,26.79,27.25,26.79,5269671.0,142840843.0,0.743,0.2
002129,TCL中环,9.5,9.49,9.5,9.53,9.49,9.66,9.44,69640308.0,663192292.0,-0.315,-0.03
002130,沃尔核材,16.29,16.29,16.3,16.28,16.12,16.36,16.0,12796262.0,207817394.0,0.061,0.01
002131,利欧股份,4.57,4.57,4.58,4.6,4.57,4.6,4.45,257158236.0,1168032640.0,-0.652,-0.03
002132,恒星科技,4.77,4.76,4.77,4.46,4.4,4.83,4.35,91193357.0,419041978.0,6.951,0.31
002133,广宇集团,2.7,2.7,2.71,2.73,2.71,2.72,2.64,13326100.0,35658521.0,-1.099,-0.03
002134,天津普林,21.26,21.26,21.28,21.13,20.81,21.45,20.52,5202061.0,109979557.0,0.615,0.13
002135,东南网架,5.94,5.94,5.95,5.86,5.82,6.04,5.74,9636237.0,57069270.0,1.365,0.08
002136,安 纳 达,12.18,12.17,12.18,11.87,11.78,12.23,11.73,5799500.0,69936611.0,2.612,0.31
002137,实益达,7.6,7.59,7.6,7.6,7.5,7.7,7.32,14161812.0,106513834.0,0.0,0.0
002138,顺络电子,49.94,49.94,49.95,48.41,48.54,50.38,47.95,25724573.0,1270582170.0,3.161,1.53
002139,拓邦股份,9.5,9.49,9.5,9.52,9.48,9.55,9.39,8858200.0,84023224.0,-0.21,-0.02
002140,东华科技,9.09,9.09,9.1,9.07,9.07,9.12,8.93,4239771.0,38357393.0,0.221,0.02
002141,贤丰控股,6.45,6.45,6.46,6.27,6.21,6.56,6.11,144751600.0,926652809.0,2.871,0.18
002142,宁波银行,34.06,34.06,34.07,34.18,34.18,34.29,33.75,25428048.0,864371138.0,-0.351,-0.12
002144,宏达高科,11.0,11.0,11.01,10.9,10.88,11.02,10.67,3384300.0,36730322.0,0.917,0.1
002145,钛能化学,4.3,4.3,4.31,4.31,4.29,4.32,4.23,31724365.0,135965333.0,-0.232,-0.01
002146,荣盛发展,1.14,1.14,1.15,1.16,1.16,1.16,1.12,94164304.0,107001811.0,-1.724,-0.02
002148,北纬科技,6.2,6.2,6.21,6.26,6.19,6.23,6.08,10375644.0,63999393.0,-0.958,-0.06
002149,西部材料,37.32,37.31,37.32,36.71,36.55,37.66,36.11,23978189.0,891153686.0,1.662,0.61
002150,正泰电源,22.9,22.89,22.9,22.28,22.1,23.19,21.95,9405239.0,214823353.0,2.783,0.62
002151,北斗星通,28.0,28.0,28.01,27.95,27.7,28.2,27.57,8155595.0,227894572.0,0.179,0.05
002152,广电运通,9.59,9.58,9.59,9.46,9.44,9.61,9.37,20180175.0,191824332.0,1.374,0.13
002153,石基信息,7.68,7.68,7.69,7.72,7.63,7.71,7.55,19552038.0,149320924.0,-0.518,-0.04
002154,报 喜 鸟,4.07,4.07,4.08,4.2,4.18,4.2,4.02,27241194.0,110609209.0,-3.095,-0.13
002155,湖南黄金,24.56,0.0,0.0,24.56,0.0,0.0,0.0,0.0,0.0,0.0,0.0
002156,通富微电,63.88,63.88,63.89,63.15,63.82,65.92,63.01,96905063.0,6236622862.0,1.156,0.73
002157,正邦科技,2.93,2.92,2.93,2.96,2.94,2.95,2.91,109595469.0,320133825.0,-1.014,-0.03
002158,汉钟精机,26.35,26.35,26.36,26.23,26.0,26.52,25.66,5935041.0,155399382.0,0.457,0.12
002159,三特索道,13.38,13.38,13.39,13.48,13.4,13.46,13.16,2230239.0,29589756.0,-0.742,-0.1
002160,常铝股份,3.96,3.95,3.96,3.9,3.87,3.97,3.85,12208021.0,47884301.0,1.538,0.06
002161,远 望 谷,5.78,5.78,5.79,5.75,5.7,5.8,5.61,9435796.0,53930190.0,0.522,0.03
002162,悦心健康,4.0,4.0,4.01,4.07,4.04,4.04,3.94,11336683.0,45101566.0,-1.72,-0.07
002163,海南发展,7.93,7.93,7.94,8.11,8.14,8.14,7.77,20652500.0,163318484.0,-2.219,-0.18
002164,宁波东力,11.12,11.11,11.12,11.13,11.06,11.17,10.96,7103600.0,78810479.0,-0.09,-0.01
002165,红 宝 丽,7.72,7.72,7.73,7.79,7.5,8.19,7.3,166685768.0,1275700038.0,-0.899,-0.07
002166,莱茵生物,6.74,6.74,6.75,6.94,6.85,6.88,6.65,14827539.0,99818632.0,-2.882,-0.2
002167,东方锆业,16.74,16.73,16.74,16.4,16.17,16.79,15.9,44063978.0,725308848.0,2.073,0.34
002168,ST惠程,3.84,3.83,3.84,3.82,3.77,3.87,3.75,3307600.0,12592346.0,0.524,0.02
002169,智光电气,12.57,12.56,12.57,12.75,12.69,12.75,12.38,14416802.0,181101408.0,-1.412,-0.18
002170,芭田股份,11.23,11.22,11.23,11.21,11.17,11.25,11.05,11595600.0,129460263.0,0.178,0.02
002171,楚江新材,9.65,9.65,9.66,9.52,9.42,9.66,9.33,27532272.0,262663608.0,1.366,0.13
002172,澳洋健康,4.04,4.03,4.04,4.44,4.13,4.26,4.0,173381498.0,710228609.0,-9.009,-0.4
002173,创新医疗,18.33,18.33,18.34,19.06,18.98,19.06,18.0,29733960.0,543826493.0,-3.83,-0.73
002174,游族网络,12.3,12.29,12.3,12.3,12.16,12.38,12.1,19115700.0,234142533.0,0.0,0.0
002175,*ST东智,2.59,2.59,2.6,2.62,2.61,2.61,2.56,13333454.0,34418616.0,-1.145,-0.03
002176,江特电机,9.04,9.04,9.05,8.84,8.8,9.22,8.71,53131629.0,478590773.0,2.262,0.2
002177,御银股份,5.77,5.77,5.78,5.51,5.62,5.94,5.56,68364317.0,391787408.0,4.719,0.26
002178,延华智能,4.44,4.44,4.45,4.48,4.43,4.48,4.32,11572100.0,50965787.0,-0.893,-0.04
002179,中航光电,34.42,34.41,34.42,34.19,34.03,34.6,33.88,12763489.0,438134772.0,0.673,0.23
002180,奔图科技,17.7,17.7,17.71,17.82,17.75,17.75,17.0,13156079.0,229170607.0,-0.673,-0.12
002181,粤 传 媒,8.27,8.27,8.28,8.34,8.3,8.33,8.12,15189936.0,125145457.0,-0.839,-0.07
002182,宝武镁业,11.89,11.89,11.9,11.76,11.7,11.94,11.63,10426522.0,123389025.0,1.105,0.13
002183,怡 亚 通,4.37,4.37,4.38,4.38,4.36,4.4,4.29,30483500.0,132758118.0,-0.228,-0.01
002184,海得控制,10.01,10.01,10.02,10.07,9.99,10.04,9.77,4684344.0,46478203.0,-0.596,-0.06
002185,华天科技,17.42,17.42,17.43,17.35,17.25,17.62,17.02,154722508.0,2687470177.0,0.403,0.07
002186,全 聚 德,9.36,9.34,9.36,9.47,9.46,9.46,9.21,3682262.0,34276140.0,-1.162,-0.11
002187,广百股份,5.31,5.3,5.31,5.33,5.3,5.35,5.2,7362296.0,38713848.0,-0.375,-0.02
002188,中天服务,5.47,5.47,5.48,5.49,5.42,5.5,5.35,11913250.0,64611464.0,-0.364,-0.02
002189,中光学,18.2,18.19,18.2,18.18,18.18,18.28,17.81,1152900.0,20848431.0,0.11,0.02
002190,成飞集成,22.81,22.81,22.82,23.02,22.88,22.9,22.3,3571374.0,80821629.0,-0.912,-0.21
002191,劲嘉股份,3.65,3.64,3.65,3.7,3.69,3.7,3.63,10293197.0,37561836.0,-1.351,-0.05
002192,融捷股份,72.51,72.51,0.0,65.92,65.92,72.51,65.33,27871347.0,1971905868.0,9.997,6.59
002193,ST如意,4.74,4.74,4.75,4.63,4.61,4.79,4.49,4254700.0,19928951.0,2.376,0.11
002194,武汉凡谷,10.05,10.04,10.05,10.03,9.85,10.12,9.66,26100535.0,258431958.0,0.199,0.02
002195,岩山科技,6.33,6.33,6.34,6.35,6.3,6.36,6.21,75513397.0,475123221.0,-0.315,-0.02
002196,方正电机,10.42,10.42,10.43,10.32,10.27,10.5,10.2,14970500.0,155263612.0,0.969,0.1
002197,证通电子,6.58,6.57,6.58,6.57,6.51,6.59,6.34,16044000.0,104459735.0,0.152,0.01
002198,ST嘉应,3.37,3.37,3.38,3.37,3.37,3.4,3.29,4842400.0,16170019.0,0.0,0.0
002199,东晶电子,12.47,12.47,12.48,12.14,12.18,12.65,12.0,8001800.0,98784243.0,2.718,0.33
002200,交投生态,6.7,6.67,6.7,6.77,6.7,6.84,6.51,3638600.0,24165258.0,-1.034,-0.07
002201,九鼎新材,8.08,8.07,8.08,8.03,8.0,8.12,7.81,11399423.0,91518157.0,0.623,0.05
002202,金风科技,19.19,19.19,19.2,19.84,19.24,19.5,18.9,158841040.0,3043127508.0,-3.276,-0.65
002203,海亮股份,18.84,18.84,18.85,18.37,18.35,18.94,18.02,16127685.0,300839253.0,2.559,0.47
002204,大连重工,5.16,5.16,5.17,5.21,5.21,5.21,5.14,13954907.0,72025238.0,-0.96,-0.05
002205,国统股份,10.66,10.62,10.66,10.64,10.56,10.71,10.36,1883000.0,19853901.0,0.188,0.02
002206,海 利 得,5.21,5.2,5.21,5.21,5.22,5.22,5.16,5354766.0,27800286.0,0.0,0.0
002207,*ST准油,5.75,5.75,5.76,5.65,5.63,5.83,5.55,5902400.0,33719652.0,1.77,0.1
002208,合肥城建,10.81,10.81,10.82,10.84,10.72,10.9,10.52,23308611.0,250487165.0,-0.277,-0.03
002209,达 意 隆,13.16,13.16,0.0,11.96,13.16,13.16,12.95,15687300.0,206290574.0,10.033,1.2
002210,飞马国际,2.22,2.21,2.22,2.23,2.21,2.23,2.16,41881189.0,92052437.0,-0.448,-0.01
002211,ST宏达,3.82,3.82,3.83,3.74,3.71,3.84,3.68,6289900.0,23777193.0,2.139,0.08
002212,天融信,6.23,6.23,6.24,6.19,6.15,6.26,6.01,31769605.0,195266297.0,0.646,0.04
002213,大为股份,29.89,29.89,29.9,29.4,29.21,29.96,28.9,11710102.0,346794873.0,1.667,0.49
002214,大立科技,14.78,14.78,14.79,14.35,14.21,14.8,14.12,11839760.0,172258581.0,2.997,0.43
002215,诺 普 信,9.2,9.2,9.21,9.43,9.35,9.43,9.11,24000694.0,221550479.0,-2.439,-0.23
002216,三全食品,12.34,12.34,12.35,12.68,12.61,12.67,12.29,6224636.0,77169454.0,-2.681,-0.34
002217,ST合力泰,1.45,1.45,1.46,1.45,1.44,1.46,1.43,69822552.0,100943449.0,0.0,0.0
002218,拓日新能,3.86,3.86,3.87,3.83,3.81,3.88,3.76,25053110.0,96022443.0,0.783,0.03
002219,新里程,2.23,2.23,2.24,2.35,2.3,2.31,2.22,150402540.0,338001469.0,-5.106,-0.12
002221,东华能源,5.69,5.69,5.7,5.64,5.73,5.75,5.59,29041045.0,164558500.0,0.887,0.05
002222,福晶科技,64.61,64.6,64.61,63.59,63.52,66.6,62.0,21714711.0,1400730487.0,1.604,1.02
002223,鱼跃医疗,25.47,25.47,25.48,26.27,26.17,26.17,25.35,11130652.0,284695269.0,-3.045,-0.8
002224,三 力 士,3.72,3.72,3.73,3.67,3.64,3.84,3.55,31649600.0,117042165.0,1.362,0.05
002225,濮耐股份,3.61,3.6,3.61,3.51,3.49,3.62,3.43,26915703.0,95542866.0,2.849,0.1
002226,江南化工,5.0,5.0,5.01,5.02,5.02,5.02,4.94,12447760.0,61928035.0,-0.398,-0.02
002227,*ST特迅,6.33,6.33,6.34,6.79,6.55,6.57,6.18,7240000.0,45919272.0,-6.775,-0.46
002228,合兴包装,3.12,3.11,3.12,3.11,3.11,3.12,3.04,16213869.0,49932779.0,0.322,0.01
002229,鸿博股份,10.99,10.98,10.99,10.82,10.75,11.01,10.39,50478938.0,544463736.0,1.571,0.17
002230,科大讯飞,39.19,39.19,39.2,39.91,39.64,39.64,38.96,36267110.0,1423300174.0,-1.804,-0.72
002232,启明信息,13.91,13.91,13.92,13.76,13.82,13.97,13.71,3270000.0,45226461.0,1.09,0.15
002233,塔牌集团,7.05,7.05,7.06,7.06,7.07,7.08,6.99,7045100.0,49530140.0,-0.142,-0.01
002234,民和股份,7.94,7.93,7.94,7.83,7.83,8.37,7.83,13153624.0,105298056.0,1.405,0.11
002235,安妮股份,8.72,8.72,8.73,8.71,8.69,8.79,8.49,25829487.0,223394242.0,0.115,0.01
002236,大华股份,16.11,16.11,16.12,16.14,16.03,16.13,15.87,28526100.0,456668824.0,-0.186,-0.03
002237,恒邦股份,15.45,15.44,15.45,15.0,15.11,15.56,14.91,53452901.0,816046706.0,3.0,0.45
002238,天威视讯,6.02,6.02,6.03,6.06,6.05,6.05,5.91,3828326.0,22873399.0,-0.66,-0.04
002239,奥特佳,2.47,2.46,2.47,2.46,2.45,2.48,2.43,37362700.0,91759190.0,0.407,0.01
002240,盛新锂能,33.75,33.74,33.75,31.67,31.65,34.65,31.46,62867813.0,2105448556.0,6.568,2.08
002241,歌尔股份,23.4,23.39,23.4,22.02,22.44,23.64,22.29,170966058.0,3945733506.0,6.267,1.38
002242,九阳股份,8.84,8.83,8.84,8.99,8.95,8.95,8.76,5039721.0,44484386.0,-1.669,-0.15
002243,力合科创,7.34,7.34,7.35,7.16,7.28,7.38,7.15,15811900.0,114714107.0,2.514,0.18
002244,滨江集团,9.16,9.16,9.17,9.46,9.41,9.47,9.05,31230692.0,287491587.0,-3.171,-0.3
002245,蔚蓝锂芯,18.3,18.29,18.3,18.0,17.96,18.55,17.73,55952456.0,1020264469.0,1.667,0.3
002246,北化股份,20.15,20.14,20.15,19.98,19.97,20.31,19.6,11574912.0,231878904.0,0.851,0.17
002247,聚力文化,2.37,2.37,2.38,2.39,2.38,2.38,2.28,28996000.0,67513021.0,-0.837,-0.02
002248,华东数控,9.97,9.97,9.98,10.08,9.81,10.2,9.61,45700938.0,453077951.0,-1.091,-0.11
002249,大洋电机,7.07,7.07,7.08,7.03,7.01,7.15,7.0,19354824.0,136492911.0,0.569,0.04
002250,联化科技,15.75,15.75,15.76,16.11,15.85,16.1,15.56,14026509.0,221273499.0,-2.235,-0.36
002251,步步高,3.54,3.54,3.55,3.64,3.61,3.62,3.52,66562695.0,236324162.0,-2.747,-0.1
002252,上海莱士,4.82,4.82,4.83,5.03,4.99,5.0,4.8,78708640.0,382800200.0,-4.175,-0.21
002253,川大智胜,9.52,9.52,9.54,9.5,9.48,9.57,9.28,4025200.0,38025674.0,0.211,0.02
002254,泰和新材,12.4,12.39,12.4,12.18,12.11,12.61,11.91,15773436.0,193979802.0,1.806,0.22
002255,海陆重工,7.72,7.72,7.73,7.78,7.76,7.76,7.6,8979782.0,69073471.0,-0.771,-0.06
002256,兆新股份,3.37,3.36,3.37,3.34,3.31,3.37,3.24,37698218.0,125048590.0,0.898,0.03
002258,利尔化学,14.59,14.58,14.59,14.81,14.68,14.7,14.42,18453979.0,268715148.0,-1.485,-0.22
002259,升达林业,3.85,3.85,3.86,3.76,3.76,3.87,3.71,11803300.0,44960233.0,2.394,0.09
002261,拓维信息,25.5,25.5,25.51,25.67,25.44,25.8,25.01,28494823.0,723281988.0,-0.662,-0.17
002262,恩华药业,21.95,21.94,21.95,22.79,22.54,22.58,21.87,13067775.0,288238961.0,-3.686,-0.84
002263,大东南,2.98,2.98,2.99,2.96,2.94,2.99,2.87,30154331.0,88825004.0,0.676,0.02
002264,新 华 都,6.51,6.51,6.52,6.65,6.58,6.62,6.45,13129776.0,85468602.0,-2.105,-0.14
002265,建设工业,18.29,18.29,18.3,18.67,18.47,18.55,18.15,7084112.0,129677614.0,-2.035,-0.38
002266,浙富控股,4.83,4.82,4.83,4.82,4.8,4.85,4.77,45727090.0,220076351.0,0.207,0.01
002267,陕天然气,6.97,6.97,6.99,6.97,7.0,7.03,6.94,4963900.0,34674640.0,0.0,0.0
002268,电科网安,13.58,13.58,13.59,13.56,13.57,13.65,13.38,4969800.0,67277621.0,0.147,0.02
002269,美邦服饰,1.43,1.43,1.44,1.44,1.43,1.44,1.4,29026837.0,41314782.0,-0.694,-0.01
002270,华明装备,19.26,19.26,19.28,19.3,19.26,19.52,19.03,8177993.0,157160229.0,-0.207,-0.04
002271,东方雨虹,11.14,11.13,11.14,11.37,11.28,11.29,10.96,57274450.0,636109143.0,-2.023,-0.23
002272,川润股份,15.59,15.59,15.6,14.44,14.31,15.77,14.31,51569107.0,788679301.0,7.964,1.15
002273,水晶光电,27.48,27.48,27.49,27.13,26.99,27.99,26.65,39448094.0,1084990347.0,1.29,0.35
002274,华昌化工,5.82,5.82,5.83,5.92,5.9,5.94,5.7,39705256.0,231801848.0,-1.689,-0.1
002275,桂林三金,13.23,13.23,13.24,13.62,13.5,13.55,12.97,4198300.0,55302803.0,-2.863,-0.39
002276,万马股份,10.05,10.04,10.05,10.16,10.1,10.16,9.97,9819906.0,98708120.0,-1.083,-0.11
002277,友阿股份,5.85,5.84,5.85,5.69,5.65,5.88,5.55,19419444.0,111673621.0,2.812,0.16
002278,神开股份,8.15,8.14,8.15,8.0,7.96,8.17,7.88,7385700.0,59705116.0,1.875,0.15
002279,久其软件,6.28,6.27,6.28,6.33,6.32,6.32,6.18,18900792.0,117917611.0,-0.79,-0.05
002281,光迅科技,178.58,178.57,178.58,173.15,173.26,182.93,173.26,33851262.0,6043137399.0,3.136,5.43
002282,博深股份,5.91,5.9,5.91,5.96,5.96,5.96,5.82,3726146.0,21875461.0,-0.839,-0.05
002283,天润工业,8.83,8.83,8.84,8.83,8.78,8.95,8.6,10607937.0,93461557.0,0.0,0.0
002284,亚太股份,9.33,9.33,9.34,9.55,9.46,9.55,9.28,28360577.0,265508874.0,-2.304,-0.22
002285,世联行,2.15,2.14,2.15,2.16,2.17,2.19,2.06,46686839.0,98655889.0,-0.463,-0.01
002286,保龄宝,7.88,7.88,7.89,8.3,8.18,8.18,7.8,13690200.0,108320802.0,-5.06,-0.42
002287,奇正藏药,19.86,19.86,19.87,20.67,20.45,20.46,19.76,4274565.0,85478537.0,-3.919,-0.81
002289,宇顺电子,41.41,41.41,41.43,41.5,41.5,41.99,40.26,6024400.0,249497124.0,-0.217,-0.09
002290,禾盛新材,63.85,63.82,63.85,65.59,67.89,67.9,60.54,11225608.0,711125086.0,-2.653,-1.74
002291,遥望科技,5.17,5.16,5.17,5.24,5.19,5.19,5.08,15711913.0,80776911.0,-1.336,-0.07
002292,奥飞娱乐,7.88,7.88,7.89,8.09,8.03,8.04,7.83,26515616.0,209878993.0,-2.596,-0.21
002293,罗莱生活,11.31,11.3,11.31,11.36,11.35,11.37,11.04,5573906.0,62477383.0,-0.44,-0.05
002294,信立泰,32.68,32.67,32.68,34.53,33.97,33.97,32.34,30782223.0,1009756997.0,-5.358,-1.85
002295,精艺股份,9.05,9.05,9.06,8.9,8.93,9.07,8.71,3251600.0,29035835.0,1.685,0.15
002296,辉煌科技,8.85,8.85,8.86,8.77,8.73,8.98,8.7,6543116.0,57844743.0,0.912,0.08
002297,博云新材,17.78,17.77,17.78,17.29,17.18,17.94,16.9,39524616.0,695366704.0,2.834,0.49
002298,中电鑫龙,7.97,7.97,7.98,7.98,7.95,8.02,7.8,18085833.0,143479081.0,-0.125,-0.01
002299,圣农发展,16.0,16.0,16.01,16.48,16.25,16.7,15.99,17538695.0,284354358.0,-2.913,-0.48
002300,太阳电缆,6.72,6.72,6.73,6.7,6.66,6.73,6.57,11954438.0,79785394.0,0.299,0.02
002301,齐心集团,7.37,7.36,7.37,7.46,7.42,7.42,7.23,9270687.0,67887837.0,-1.206,-0.09
002302,西部建设,4.63,4.62,4.63,4.7,4.66,4.68,4.54,8035916.0,36877264.0,-1.489,-0.07
002303,美盈森,4.71,4.7,4.71,4.61,4.65,4.74,4.55,40295345.0,186976581.0,2.169,0.1
002304,洋河股份,38.83,38.83,38.84,39.41,39.41,39.44,38.73,3725199.0,144863224.0,-1.472,-0.58
002305,*ST南置,2.12,2.11,2.12,2.11,2.09,2.14,2.07,16489500.0,34665310.0,0.474,0.01
002306,ST云网,2.12,2.12,2.13,1.95,1.95,2.15,1.95,40745001.0,85762934.0,8.718,0.17
002307,北新路桥,2.88,2.87,2.88,2.91,2.89,2.9,2.85,14596837.0,41898241.0,-1.031,-0.03
002309,中利集团,2.98,2.98,2.99,2.99,2.96,3.0,2.9,80709976.0,239286353.0,-0.334,-0.01
002310,东方新能,2.31,2.31,2.32,2.32,2.3,2.32,2.29,52355558.0,120601210.0,-0.431,-0.01
002311,海大集团,45.79,45.79,45.8,46.4,46.3,47.0,45.73,7877698.0,364471490.0,-1.315,-0.61
002312,川发龙蟒,8.27,8.26,8.27,8.27,8.21,8.31,8.12,11614058.0,95441483.0,0.0,0.0
002313,日海智能,8.84,8.84,8.85,8.78,8.55,9.2,8.55,41498001.0,368265363.0,0.683,0.06
002314,南山控股,2.13,2.13,2.14,2.16,2.14,2.15,2.09,19788380.0,41933359.0,-1.389,-0.03
002315,焦点科技,25.87,25.87,25.88,25.37,25.19,25.99,24.88,6882246.0,175198474.0,1.971,0.5
002316,亚联发展,4.45,4.44,4.45,4.44,4.42,4.48,4.32,8371300.0,36810644.0,0.225,0.01
002317,众生药业,26.17,26.16,26.17,27.39,26.65,26.88,25.45,36673768.0,955104545.0,-4.454,-1.22
002318,久立特材,19.28,19.28,19.3,19.28,19.28,19.4,19.02,3997138.0,76942392.0,0.0,0.0
002319,乐通股份,11.29,11.28,11.29,11.2,11.2,11.4,10.85,11305800.0,126134331.0,0.804,0.09
002320,海峡股份,6.39,6.38,6.39,6.49,6.48,6.49,6.36,12190517.0,78021414.0,-1.541,-0.1
002321,华英农业,2.03,2.03,2.04,2.04,2.03,2.05,1.99,29121998.0,58815231.0,-0.49,-0.01
002322,理工能科,11.75,11.75,11.76,11.79,11.68,11.79,11.54,11467767.0,133804702.0,-0.339,-0.04
002323,*ST雅博,1.3,1.3,1.31,1.27,1.27,1.31,1.26,40929280.0,52895895.0,2.362,0.03
002324,普利特,8.97,8.97,8.98,8.91,8.88,9.0,8.73,12154421.0,108239263.0,0.673,0.06
002326,永太科技,20.13,20.12,20.13,20.16,20.0,20.56,19.83,29271326.0,590342895.0,-0.149,-0.03
002327,富安娜,6.55,6.55,6.57,6.63,6.58,6.62,6.47,3192700.0,20855209.0,-1.207,-0.08
002328,新朋股份,7.16,7.15,7.16,7.1,7.05,7.18,6.95,17115338.0,121452985.0,0.845,0.06
002329,皇氏集团,3.7,3.7,3.71,3.51,3.52,3.78,3.41,113611590.0,409528590.0,5.413,0.19
002330,得利斯,4.02,4.02,4.03,4.11,4.07,4.09,3.96,13029723.0,52135846.0,-2.19,-0.09
002331,皖通科技,6.86,6.86,6.88,6.89,6.89,6.9,6.76,5498241.0,37615843.0,-0.435,-0.03
002332,仙琚制药,8.44,8.44,8.45,8.61,8.53,8.57,8.34,16061225.0,135570170.0,-1.974,-0.17
002333,罗普斯金,5.21,5.21,5.22,5.71,5.46,5.46,5.14,42646396.0,222973311.0,-8.757,-0.5
002334,英威腾,6.46,6.45,6.46,6.45,6.39,6.48,6.34,6433905.0,41347417.0,0.155,0.01
002335,科华数据,30.3,30.29,30.3,29.92,29.69,30.6,29.51,12130663.0,366319910.0,1.27,0.38
002337,赛象科技,4.63,4.62,4.63,4.62,4.62,4.65,4.52,5200197.0,23881410.0,0.216,0.01
002338,奥普光电,42.94,42.91,42.94,42.8,42.6,43.25,41.86,3512271.0,150080456.0,0.327,0.14
002339,积成电子,7.06,7.06,7.09,7.1,7.1,7.11,6.96,7512706.0,52925740.0,-0.563,-0.04
002340,格林美,6.52,6.51,6.52,6.46,6.46,6.55,6.4,62361299.0,404756862.0,0.929,0.06
002342,巨力索具,7.52,7.51,7.52,7.41,7.41,7.55,7.27,33161226.0,247450757.0,1.484,0.11
002343,慈文传媒,4.99,4.99,5.0,5.09,5.03,5.08,4.91,16816891.0,83660578.0,-1.965,-0.1
002344,海宁皮城,3.85,3.84,3.85,3.9,3.88,3.89,3.79,9374354.0,35890664.0,-1.282,-0.05
002345,潮宏基,9.97,9.97,9.98,10.17,10.18,10.27,9.93,27041845.0,272521523.0,-1.967,-0.2
002346,柘中股份,23.07,23.07,23.08,23.67,23.11,23.8,22.56,18606549.0,431648274.0,-2.535,-0.6
002347,泰尔股份,5.99,5.98,5.99,5.92,5.9,6.0,5.8,12410300.0,73418218.0,1.182,0.07
002348,高乐股份,11.33,11.33,11.34,11.31,11.27,11.38,10.88,15472898.0,172842711.0,0.177,0.02
002349,精华制药,6.92,6.92,6.93,7.2,7.1,7.13,6.87,17470780.0,121243449.0,-3.889,-0.28
002350,北京科锐,14.45,14.45,14.46,14.55,14.49,14.64,14.2,6048960.0,87112359.0,-0.687,-0.1
002351,漫步者,9.87,9.87,9.88,10.08,10.01,10.05,9.82,8384776.0,83077395.0,-2.083,-0.21
002352,顺丰控股,32.5,32.5,32.51,32.84,32.75,32.78,32.48,11796780.0,383969319.0,-1.035,-0.34
002353,杰瑞股份,152.5,152.5,152.51,153.25,152.47,157.23,150.58,13131697.0,2015690218.0,-0.489,-0.75
002354,天娱数科,7.24,7.23,7.24,7.29,7.26,7.32,7.09,124052337.0,895095136.0,-0.686,-0.05
002355,兴民智通,4.81,4.81,4.82,4.83,4.77,4.83,4.73,13188400.0,63055539.0,-0.414,-0.02
002356,鹏飞绿能,2.76,2.76,2.77,2.71,2.7,2.8,2.67,28553693.0,78365844.0,1.845,0.05
002357,富临运业,10.95,10.94,10.95,10.86,10.8,11.04,10.68,8888112.0,96974329.0,0.829,0.09
002358,森源电气,5.32,5.32,5.33,5.31,5.28,5.33,5.21,8341507.0,44116266.0,0.188,0.01
002360,ST同德,5.77,5.76,5.77,5.41,5.43,5.82,5.34,4604809.0,25731035.0,6.654,0.36
002361,神剑股份,10.46,10.45,10.46,10.25,10.27,10.52,10.0,113102295.0,1168361327.0,2.049,0.21
002362,汉王科技,15.79,15.78,15.79,15.74,15.6,15.84,15.38,2521027.0,39487894.0,0.318,0.05
002363,隆基机械,6.44,6.43,6.44,6.43,6.43,6.44,6.32,3126963.0,19948089.0,0.156,0.01
002364,中恒电气,39.19,39.19,39.2,39.73,39.1,40.25,38.63,34034390.0,1341468320.0,-1.359,-0.54
002365,永安药业,16.59,16.59,16.6,15.76,15.93,17.13,15.22,92272911.0,1490578867.0,5.266,0.83
002366,融发核电,5.67,5.67,5.68,5.63,5.62,5.72,5.51,25663600.0,144395855.0,0.71,0.04
002367,康力电梯,5.34,5.34,5.35,5.37,5.36,5.38,5.28,5370662.0,28625291.0,-0.559,-0.03
002368,太极股份,13.96,13.96,13.97,14.02,13.9,14.22,13.81,5928178.0,83017702.0,-0.428,-0.06
002369,卓翼科技,5.94,5.94,5.95,5.68,5.6,5.95,5.57,32655750.0,190560005.0,4.577,0.26
002370,亚太药业,5.66,5.66,5.67,5.83,5.72,5.78,5.55,33557937.0,189636195.0,-2.916,-0.17
002371,北方华创,714.43,714.43,714.45,712.55,712.0,725.68,709.0,5798436.0,4154125728.0,0.264,1.88
002372,伟星新材,8.28,8.28,8.3,8.5,8.51,8.54,8.23,10895599.0,90452289.0,-2.588,-0.22
002373,千方科技,7.47,7.46,7.47,7.6,7.58,7.6,7.41,13671700.0,102074084.0,-1.711,-0.13
002374,中锐股份,3.09,3.08,3.09,3.05,3.05,3.11,2.99,15694456.0,48072597.0,1.311,0.04
002375,亚厦股份,3.6,3.6,3.61,3.65,3.63,3.64,3.55,12189352.0,43673541.0,-1.37,-0.05
002376,新北洋,6.72,6.72,6.73,6.75,6.75,6.84,6.66,12888579.0,86571123.0,-0.444,-0.03
002377,国创高新,2.71,2.71,2.72,2.69,2.69,2.73,2.65,18197952.0,48978117.0,0.743,0.02
002378,章源钨业,26.2,26.19,26.2,25.2,25.2,26.26,25.15,34603194.0,897477095.0,3.968,1.0
002379,宏桥控股,18.23,18.23,18.24,17.6,17.65,18.47,17.53,50194512.0,904672468.0,3.58,0.63
002380,科远智慧,27.27,27.27,27.28,27.22,27.0,27.61,26.66,3801738.0,103213640.0,0.184,0.05
002381,双箭股份,5.5,5.49,5.5,5.5,5.49,5.51,5.35,4228500.0,23009881.0,0.0,0.0
002382,蓝帆医疗,5.89,5.89,5.9,6.01,5.96,6.01,5.82,14170924.0,83453391.0,-1.997,-0.12
002383,合众思壮,6.82,6.81,6.82,6.82,6.84,6.86,6.7,5503748.0,37307452.0,0.0,0.0
002384,东山精密,201.08,201.08,201.09,197.67,198.08,205.0,196.0,51629424.0,10401811549.0,1.725,3.41
002385,大北农,3.18,3.18,3.19,3.41,3.31,3.33,3.17,180349332.0,577890617.0,-6.745,-0.23
002386,天原股份,5.85,5.84,5.85,5.76,5.76,5.86,5.72,16519494.0,96086474.0,1.563,0.09
002387,维信诺,7.41,7.4,7.41,7.24,7.1,7.53,6.97,36663413.0,268795602.0,2.348,0.17
002388,新亚制程,6.06,6.06,6.07,5.93,5.86,6.09,5.76,37060120.0,218667678.0,2.192,0.13
002389,航天彩虹,17.66,17.66,17.67,17.61,17.57,17.67,17.41,7383403.0,129808892.0,0.284,0.05
002390,信邦制药,3.04,3.04,3.05,3.16,3.12,3.13,3.0,33060063.0,100705622.0,-3.797,-0.12
002391,长青股份,5.09,5.09,5.1,5.17,5.13,5.13,5.02,8097870.0,41024423.0,-1.547,-0.08
002392,北京利尔,7.53,7.53,7.54,7.41,7.36,7.54,7.33,9294400.0,69289691.0,1.619,0.12
002393,力生制药,14.42,14.41,14.42,15.1,14.84,14.97,14.23,5808241.0,84124966.0,-4.503,-0.68
002394,联发股份,9.49,9.49,9.52,9.59,9.61,9.68,9.36,3445300.0,32667248.0,-1.043,-0.1
002395,双象股份,12.3,12.3,12.31,12.28,12.21,12.35,12.0,1861390.0,22691222.0,0.163,0.02
002396,星网锐捷,33.17,33.17,0.0,30.15,30.6,33.17,30.35,74234594.0,2406313239.0,10.017,3.02
002397,梦洁股份,3.55,3.55,3.56,3.55,3.51,3.58,3.4,26155499.0,91664073.0,0.0,0.0
002398,垒知集团,4.09,4.09,4.1,4.12,4.1,4.12,4.03,8956361.0,36431633.0,-0.728,-0.03
002399,海普瑞,10.47,10.47,10.48,11.28,11.51,11.57,10.45,22933199.0,249184847.0,-7.181,-0.81
002400,省广集团,6.43,6.42,6.43,6.48,6.41,6.44,6.31,48627295.0,310865841.0,-0.772,-0.05
002401,中远海科,12.23,12.23,12.24,12.13,12.1,12.24,12.02,2720547.0,33021489.0,0.824,0.1
002402,和而泰,18.95,18.94,18.95,19.01,18.91,19.05,18.58,20321128.0,383693118.0,-0.316,-0.06
002403,爱仕达,9.49,9.49,9.5,9.44,9.37,9.55,9.25,2837900.0,26772398.0,0.53,0.05
002404,嘉欣丝绸,6.06,6.05,6.06,6.1,6.09,6.09,5.93,8501950.0,51124672.0,-0.656,-0.04
002405,四维图新,6.32,6.32,6.33,6.33,6.3,6.35,6.26,22678971.0,143010297.0,-0.158,-0.01
002406,远东传动,6.66,6.66,6.67,6.6,6.56,6.7,6.47,10146465.0,66943607.0,0.909,0.06
002407,多氟多,36.15,36.14,36.15,36.01,35.48,36.78,34.87,123149080.0,4432999862.0,0.389,0.14
002408,齐翔腾达,5.22,5.22,5.23,5.23,5.21,5.25,5.1,30533172.0,158421234.0,-0.191,-0.01
002409,雅克科技,138.5,138.5,138.51,138.38,137.89,140.88,135.46,19076582.0,2639938007.0,0.087,0.12
002410,广联达,9.01,9.01,9.02,9.11,9.05,9.07,8.86,17543188.0,157042835.0,-1.098,-0.1
002412,汉森制药,10.19,10.19,0.0,9.26,10.19,10.19,10.19,22525058.0,229530341.0,10.043,0.93
002413,雷科防务,7.76,7.76,7.77,7.71,7.64,7.79,7.55,29558500.0,227599685.0,0.649,0.05
002414,高德红外,13.52,13.52,13.53,13.09,13.0,13.55,12.86,58458594.0,777637509.0,3.285,0.43
002415,海康威视,34.4,34.4,34.41,34.07,33.92,34.5,33.8,46321505.0,1586257492.0,0.969,0.33
002416,爱施德,9.31,9.31,9.32,9.41,9.56,9.56,9.18,13146780.0,122533526.0,-1.063,-0.1
002418,康盛股份,3.69,3.69,3.7,3.56,3.51,3.72,3.47,58019299.0,210997423.0,3.652,0.13
002419,天虹股份,4.58,4.58,4.59,4.67,4.65,4.66,4.53,9235309.0,42217642.0,-1.927,-0.09
002420,毅昌科技,5.83,5.83,5.84,5.83,5.77,5.86,5.76,5836357.0,33920564.0,0.0,0.0
002421,达实智能,3.1,3.1,3.11,3.1,3.06,3.11,3.02,109774952.0,337413131.0,0.0,0.0
002422,科伦药业,44.87,44.86,44.87,47.15,45.9,46.58,44.49,29197395.0,1323263305.0,-4.836,-2.28
002423,中粮资本,8.97,8.97,8.98,9.05,9.03,9.14,8.88,15440550.0,138597232.0,-0.884,-0.08
002424,ST百灵,4.52,4.52,4.53,4.52,4.51,4.53,4.44,5323250.0,23857479.0,0.0,0.0
002425,凯撒文化,3.06,3.06,3.07,3.08,3.04,3.08,3.0,30932545.0,94151374.0,-0.649,-0.02
002426,胜利精密,2.62,2.62,2.63,2.59,2.56,2.63,2.51,61797614.0,160240988.0,1.158,0.03
002427,尤夫股份,4.53,4.53,4.54,4.61,4.57,4.64,4.42,38281191.0,172461173.0,-1.735,-0.08
002428,云南锗业,100.88,100.87,100.88,103.56,103.0,105.0,99.69,61238715.0,6230669095.0,-2.588,-2.68
002429,兆驰股份,8.25,8.24,8.25,8.32,8.05,8.45,7.85,79378647.0,646092382.0,-0.841,-0.07
002430,杭氧股份,23.18,23.17,23.18,22.87,22.87,23.39,22.77,9280500.0,215015708.0,1.355,0.31
002431,ST棕榈,1.38,1.38,1.39,1.35,1.34,1.39,1.33,21767400.0,29780295.0,2.222,0.03
002432,九安医疗,70.7,70.69,70.7,69.66,69.01,71.68,69.0,16842877.0,1186794293.0,1.493,1.04
002434,万里扬,5.73,5.72,5.73,5.78,5.78,5.79,5.69,10212301.0,58468391.0,-0.865,-0.05
002436,兴森科技,35.35,35.35,35.36,33.81,33.5,35.99,33.4,126148749.0,4411142083.0,4.555,1.54
002437,誉衡药业,4.35,4.35,4.36,4.73,4.7,4.75,4.33,668639264.0,2994888034.0,-8.034,-0.38
002438,江苏神通,13.85,13.85,13.86,13.91,13.77,14.04,13.63,4574175.0,63350495.0,-0.431,-0.06
002439,启明星辰,13.32,13.32,13.33,13.31,13.23,13.35,13.09,11657207.0,154376092.0,0.075,0.01
002440,闰土股份,12.3,12.3,12.31,12.54,12.54,12.67,12.15,22808175.0,280503630.0,-1.914,-0.24
002441,众业达,7.8,7.79,7.8,7.81,7.8,7.81,7.71,3556656.0,27593859.0,-0.128,-0.01
002442,龙星科技,4.97,4.97,4.98,4.95,4.91,5.0,4.84,7700278.0,37990146.0,0.404,0.02
002443,金洲管道,9.27,9.26,9.27,9.47,9.38,9.4,9.1,21196000.0,195218014.0,-2.112,-0.2
002444,巨星科技,29.41,29.41,29.43,30.51,30.35,30.53,29.3,9633443.0,285559803.0,-3.605,-1.1
002445,中南文化,3.06,0.0,0.0,3.06,0.0,0.0,0.0,0.0,0.0,0.0,0.0
002446,盛路通信,8.52,8.52,8.53,8.52,8.41,8.57,8.33,16799915.0,142294081.0,0.0,0.0
002448,中原内配,12.76,12.75,12.76,12.36,12.42,12.8,12.11,24586001.0,308924288.0,3.236,0.4
002449,国星光电,7.07,7.07,0.0,6.43,6.4,7.07,6.3,44047567.0,305651205.0,9.953,0.64
002451,摩恩电气,7.18,7.18,7.19,7.24,7.22,7.25,7.06,5203033.0,37282519.0,-0.829,-0.06
002452,长高电气,11.22,11.22,11.23,11.16,11.07,11.28,10.99,6802355.0,76005554.0,0.538,0.06
002453,华软科技,4.39,4.39,4.4,4.39,4.39,4.42,4.26,9032200.0,39289458.0,0.0,0.0
002454,松芝股份,4.98,4.98,4.99,4.95,4.94,5.0,4.84,9429622.0,46469158.0,0.606,0.03
002455,百川股份,7.2,7.19,7.2,7.16,7.1,7.23,6.98,20262191.0,144594632.0,0.559,0.04
002456,欧菲光,7.09,7.08,7.09,6.83,6.77,7.14,6.73,97856040.0,685484402.0,3.807,0.26
002457,青龙管业,10.61,10.61,10.62,10.52,10.53,10.69,10.3,10946800.0,115633711.0,0.856,0.09
002458,益生股份,8.89,8.88,8.89,9.24,9.15,9.23,8.88,38456240.0,345302091.0,-3.788,-0.35
002459,晶澳科技,7.3,7.29,7.3,7.3,7.24,7.37,7.23,23425397.0,170975786.0,0.0,0.0
002460,赣锋锂业,54.12,54.12,54.13,51.27,51.15,54.97,50.81,61417110.0,3291579501.0,5.559,2.85
002461,珠江啤酒,8.48,8.48,8.51,8.74,8.7,8.72,8.42,5343050.0,45375093.0,-2.975,-0.26
002462,嘉事堂,12.1,12.1,12.11,12.34,12.26,12.33,11.9,4177982.0,50340098.0,-1.945,-0.24
002463,沪电股份,121.21,121.2,121.21,114.32,113.67,122.51,113.39,49927178.0,5952246112.0,6.027,6.89
002465,海格通信,9.89,9.89,9.9,9.8,9.71,9.97,9.69,33082778.0,326270119.0,0.918,0.09
002466,天齐锂业,48.38,48.37,48.38,46.03,45.9,48.93,45.8,66099307.0,3165705200.0,5.105,2.35
002467,二六三,4.5,4.5,4.51,4.53,4.49,4.51,4.42,22375437.0,100025629.0,-0.662,-0.03
002468,申通快递,14.19,14.19,14.21,14.39,14.37,14.44,14.16,10485291.0,149464539.0,-1.39,-0.2
002469,三维化学,6.49,6.49,6.5,6.03,6.08,6.5,6.04,32719083.0,206082812.0,7.629,0.46
002470,金正大,1.94,1.94,1.95,1.92,1.91,1.95,1.87,116401400.0,222553588.0,1.042,0.02
002471,中超控股,5.29,5.29,5.3,5.21,5.19,5.32,5.08,42452156.0,221855776.0,1.536,0.08
002472,双环传动,36.08,36.07,36.08,35.92,35.5,36.15,35.19,13163600.0,471920624.0,0.445,0.16
002474,榕基软件,6.09,6.08,6.09,6.14,6.06,6.12,5.92,14241271.0,85841820.0,-0.814,-0.05
002475,立讯精密,54.65,54.65,54.66,53.34,52.98,55.22,52.81,98812265.0,5382824019.0,2.456,1.31
002476,新叶股份,5.01,5.01,5.02,4.9,4.87,5.04,4.81,12708753.0,62888017.0,2.245,0.11
002478,常宝股份,6.31,6.3,6.31,6.35,6.3,6.34,6.16,15045875.0,94370135.0,-0.63,-0.04
002479,富春环保,5.98,5.98,5.99,5.79,5.81,5.99,5.76,37177030.0,220168113.0,3.282,0.19
002480,新筑股份,5.43,5.42,5.43,5.4,5.36,5.43,5.28,6310807.0,33845918.0,0.556,0.03
002481,双塔食品,4.15,4.15,4.16,4.22,4.18,4.2,4.09,14022973.0,58051200.0,-1.659,-0.07
002482,广田集团,1.27,1.26,1.27,1.28,1.27,1.28,1.25,35343779.0,44604259.0,-0.781,-0.01
002483,润邦股份,5.42,5.42,5.43,5.47,5.46,5.46,5.36,10768197.0,58111957.0,-0.914,-0.05
002484,江海股份,64.33,64.33,64.34,59.97,59.7,64.53,59.11,53247969.0,3333906125.0,7.27,4.36
002485,ST雪发,5.97,5.92,5.97,5.98,5.93,5.98,5.87,1459000.0,8644082.0,-0.167,-0.01
002486,嘉麟杰,2.57,2.56,2.57,2.56,2.55,2.6,2.5,19266000.0,49120617.0,0.391,0.01
002487,大金重工,39.18,39.17,39.18,39.19,38.75,39.72,38.1,12967780.0,506709380.0,-0.026,-0.01
002488,金固股份,8.25,8.25,8.26,8.19,8.19,8.36,8.12,18700026.0,154535371.0,0.733,0.06
002489,浙江永强,2.71,2.71,2.72,2.72,2.71,2.73,2.67,12819600.0,34558494.0,-0.368,-0.01
002490,山东墨龙,8.16,8.16,8.17,7.85,8.0,8.3,7.73,84727799.0,687728953.0,3.949,0.31
002491,通鼎互联,21.2,21.2,0.0,19.27,20.06,21.2,19.47,358326052.0,7263185994.0,10.016,1.93
002492,恒基达鑫,5.56,5.56,5.58,5.49,5.49,5.59,5.39,4207000.0,23107742.0,1.275,0.07
002493,荣盛石化,13.76,13.76,13.77,13.53,13.57,13.84,13.31,49956017.0,681379981.0,1.7,0.23
002494,华斯股份,4.83,4.83,4.84,4.85,4.85,4.87,4.73,7285500.0,34952673.0,-0.412,-0.02
002495,佳隆股份,2.38,2.38,2.39,2.4,2.39,2.4,2.32,16779920.0,39519400.0,-0.833,-0.02
002496,辉丰股份,2.09,2.09,2.1,2.09,2.11,2.12,2.02,28796880.0,59289613.0,0.0,0.0
002497,雅化集团,19.48,19.47,19.48,18.6,18.5,19.69,18.4,53464082.0,1030951366.0,4.731,0.88
002498,汉缆股份,6.27,6.27,6.28,6.22,6.22,6.32,6.13,47464465.0,296620775.0,0.804,0.05
002500,山西证券,5.22,5.22,5.23,5.22,5.21,5.23,5.17,10446828.0,54378064.0,0.0,0.0
002501,*ST利源,1.3,1.3,1.31,1.26,1.26,1.32,1.25,29621609.0,38157058.0,3.175,0.04
002506,协鑫集成,2.61,2.61,2.62,2.57,2.55,2.63,2.53,138503477.0,359510998.0,1.556,0.04
002507,涪陵榨菜,11.19,11.19,11.2,11.39,11.37,11.38,11.16,10340170.0,115969573.0,-1.756,-0.2
002508,老板电器,16.18,16.16,16.18,16.34,16.3,16.33,16.03,6097365.0,98505372.0,-0.979,-0.16
002510,天汽模,5.52,5.52,5.53,5.46,5.42,5.53,5.38,11483763.0,62713746.0,1.099,0.06
002511,中顺洁柔,7.03,7.03,7.04,7.19,7.21,7.22,6.95,17788834.0,124854986.0,-2.225,-0.16
002512,ST达华,4.11,4.11,4.12,4.05,4.01,4.17,3.98,24971700.0,101935390.0,1.481,0.06
002513,蓝丰生化,5.34,5.34,5.35,5.36,5.28,5.37,5.18,7308567.0,38670978.0,-0.373,-0.02
002514,*ST宝馨,1.74,1.74,1.75,1.73,1.71,1.76,1.7,28874574.0,49988521.0,0.578,0.01
002515,金字火腿,8.24,8.24,8.25,8.08,8.07,8.38,7.86,76331764.0,625610308.0,1.98,0.16
002516,旷达科技,5.22,5.21,5.22,5.17,5.16,5.22,5.11,7751200.0,40162248.0,0.967,0.05
002517,恺英网络,16.62,16.62,16.63,16.65,16.49,16.63,16.3,54794294.0,902987876.0,-0.18,-0.03
002518,科士达,33.38,33.38,33.39,32.75,32.66,34.34,32.5,10174868.0,341658819.0,1.924,0.63
002519,银河电子,5.29,5.29,5.3,5.27,5.24,5.32,5.15,17806094.0,93583450.0,0.38,0.02
002520,日发精机,5.94,5.94,5.95,5.99,5.9,5.98,5.82,30112573.0,178012130.0,-0.835,-0.05
002521,齐峰新材,6.71,6.71,6.73,6.78,6.79,6.82,6.68,2924200.0,19662761.0,-1.032,-0.07
002522,浙江众成,5.11,5.1,5.11,5.14,5.09,5.15,5.02,28487266.0,145146667.0,-0.584,-0.03
002523,天桥起重,3.34,3.34,3.35,3.34,3.32,3.35,3.27,16779836.0,55536710.0,0.0,0.0
002524,光正眼科,4.03,4.02,4.03,4.0,3.96,4.05,3.91,17334000.0,68917613.0,0.75,0.03
002526,山东矿机,2.65,2.65,2.66,2.66,2.64,2.67,2.59,20861961.0,54879903.0,-0.376,-0.01
002527,新时达,11.23,11.23,11.24,11.13,11.12,11.26,10.95,4668814.0,52030557.0,0.898,0.1
002528,*ST英飞,5.63,5.63,0.0,5.12,5.1,5.63,5.06,29932452.0,163230088.0,9.961,0.51
002529,海源复材,7.04,7.02,7.04,7.05,7.02,7.14,6.83,4685642.0,32620334.0,-0.142,-0.01
002530,金财互联,7.05,7.05,7.06,7.04,7.04,7.09,6.92,7445999.0,52272132.0,0.142,0.01
002531,天顺风能,6.15,6.15,6.16,6.11,6.07,6.18,6.04,24202690.0,148200531.0,0.655,0.04
002532,天山铝业,12.67,12.66,12.67,12.4,12.4,12.72,12.34,82393641.0,1032150098.0,2.177,0.27
002533,金杯电工,11.22,11.22,11.23,11.22,11.22,11.23,11.11,3584196.0,40032048.0,0.0,0.0
002534,西子洁能,15.38,15.38,15.39,15.48,15.32,15.53,15.18,5735593.0,88108749.0,-0.646,-0.1
002535,林州重机,2.53,2.53,2.54,2.51,2.49,2.55,2.44,15004630.0,37465188.0,0.797,0.02
002536,飞龙股份,46.97,46.97,0.0,42.7,44.83,46.97,44.7,35954362.0,1653153384.0,10.0,4.27
002537,海联金汇,5.76,5.76,5.77,5.69,5.76,5.97,5.68,39673113.0,229980147.0,1.23,0.07
002538,ST司特,7.27,7.27,7.28,7.23,7.22,7.29,7.13,5611115.0,40459248.0,0.553,0.04
002539,云图控股,12.85,12.84,12.85,12.82,12.8,12.99,12.6,17277523.0,221494472.0,0.234,0.03
002540,亚太科技,5.14,5.13,5.14,5.12,5.12,5.15,5.01,6378318.0,32630877.0,0.391,0.02
002541,鸿路钢构,20.18,20.18,20.19,20.65,20.65,20.83,20.01,9209698.0,186392570.0,-2.276,-0.47
002542,*ST中岩,1.9,1.9,1.91,1.82,1.8,1.92,1.77,52574322.0,98424669.0,4.396,0.08
002543,万和电气,7.31,7.31,7.32,7.6,7.64,7.7,7.25,27820975.0,205841070.0,-3.816,-0.29
002544,普天科技,16.1,16.1,16.12,16.15,15.99,16.25,15.84,8042398.0,129228392.0,-0.31,-0.05
002545,东方铁塔,17.42,17.42,17.43,17.33,17.25,17.69,17.13,12645097.0,219957619.0,0.519,0.09
002546,新联电子,7.97,7.96,7.97,7.93,7.86,7.97,7.75,11797900.0,93176128.0,0.504,0.04
002547,*ST春兴,2.62,2.62,2.63,2.53,2.52,2.64,2.51,31575636.0,81908866.0,3.557,0.09
002548,金新农,4.08,4.08,4.09,4.22,4.18,4.18,4.02,28895301.0,117640886.0,-3.318,-0.14
002549,凯美特气,13.73,13.73,13.74,13.57,13.57,13.93,13.4,15467610.0,212116700.0,1.179,0.16
002550,千红制药,6.73,6.73,6.74,7.1,7.01,7.01,6.72,37709714.0,256088558.0,-5.211,-0.37
002551,尚荣医疗,3.3,3.3,3.31,3.35,3.31,3.32,3.25,15949938.0,52427827.0,-1.493,-0.05
002552,宝鼎科技,55.14,55.14,55.15,57.04,57.0,57.04,52.5,38480473.0,2113658932.0,-3.331,-1.9
002553,南方精工,15.3,15.29,15.3,15.41,15.2,15.45,15.02,8990700.0,137247527.0,-0.714,-0.11
002554,惠博普,2.88,2.88,2.89,2.82,2.83,2.9,2.79,25403144.0,72714005.0,2.128,0.06
002555,三七互娱,18.59,18.59,18.6,18.54,18.42,18.63,18.21,19469195.0,359316986.0,0.27,0.05
002556,辉隆股份,5.04,5.04,5.05,5.18,5.13,5.14,5.0,10822912.0,54514149.0,-2.703,-0.14
002557,洽洽食品,18.55,18.54,18.56,18.82,18.82,18.84,18.46,5621125.0,104449031.0,-1.435,-0.27
002558,巨人网络,26.13,26.13,26.14,26.41,26.01,26.22,25.74,40734292.0,1060979004.0,-1.06,-0.28
002559,亚威股份,9.46,9.45,9.46,9.45,9.43,9.52,9.19,13318215.0,125287272.0,0.106,0.01
002560,通达股份,6.02,6.02,6.03,6.09,5.99,6.07,5.84,23733560.0,141672794.0,-1.149,-0.07
002561,徐家汇,6.66,6.65,6.66,6.78,6.74,6.78,6.59,4364484.0,28993399.0,-1.77,-0.12
002562,兄弟科技,4.9,4.89,4.9,5.01,4.95,4.96,4.8,32459100.0,157846564.0,-2.196,-0.11
002563,森马服饰,5.71,5.7,5.71,5.88,5.87,5.9,5.69,17402711.0,100233947.0,-2.891,-0.17
002564,天沃科技,4.42,4.42,4.43,4.4,4.35,4.44,4.31,9253972.0,40535694.0,0.455,0.02
002565,顺灏股份,8.58,8.58,8.59,8.52,8.43,8.66,8.36,30677584.0,262223759.0,0.704,0.06
002566,益盛药业,6.79,6.79,6.8,7.02,6.91,6.92,6.64,9203900.0,62357429.0,-3.276,-0.23
002567,唐人神,3.63,3.62,3.63,3.7,3.67,3.69,3.57,20444125.0,73845681.0,-1.892,-0.07
002568,百润股份,18.15,18.14,18.15,18.55,18.34,18.5,18.0,7591299.0,137759260.0,-2.156,-0.4
002569,*ST步森,12.37,12.37,12.38,12.13,12.1,12.43,11.85,1113900.0,13511910.0,1.979,0.24
002570,贝因美,4.45,4.44,4.45,4.5,4.48,4.5,4.42,11931223.0,53081790.0,-1.111,-0.05
002571,德力股份,10.91,10.91,10.92,10.65,10.65,10.99,10.45,4388100.0,47080667.0,2.441,0.26
002572,索菲亚,8.09,8.09,8.1,8.21,8.19,8.22,7.99,9199655.0,74311784.0,-1.462,-0.12
002573,清新环境,3.17,3.17,3.18,3.19,3.15,3.2,3.11,12830000.0,40460363.0,-0.627,-0.02
002574,明牌珠宝,4.72,4.71,4.72,4.66,4.65,4.72,4.58,8021502.0,37492439.0,1.288,0.06
002575,群兴玩具,4.96,4.96,4.97,4.97,4.91,4.98,4.83,17580975.0,86580634.0,-0.201,-0.01
002576,通达动力,14.17,14.17,14.18,14.1,13.99,14.23,13.8,1982300.0,27847268.0,0.496,0.07
002577,雷柏科技,18.87,18.87,18.88,18.41,18.25,19.01,18.05,6465565.0,119724504.0,2.499,0.46
002578,闽发铝业,3.73,3.73,3.74,3.75,3.74,3.8,3.66,34586500.0,128615083.0,-0.533,-0.02
002579,中京电子,14.86,14.85,14.86,15.29,15.62,15.66,14.23,97062664.0,1434419327.0,-2.812,-0.43
002580,圣阳股份,19.14,19.13,19.14,19.92,19.5,19.85,18.87,47029519.0,907881346.0,-3.916,-0.78
002581,*ST未名,5.79,5.78,5.79,5.72,5.5,5.98,5.38,27406547.0,156254175.0,1.224,0.07
002582,好想你,10.35,10.35,10.36,10.59,10.46,10.47,10.15,23708837.0,244409046.0,-2.266,-0.24
002583,海能达,8.12,8.12,8.13,8.02,8.03,8.15,7.97,13146800.0,106310162.0,1.247,0.1
002584,西陇科学,8.05,8.05,8.06,8.06,8.0,8.08,7.85,14169343.0,113379907.0,-0.124,-0.01
002585,双星新材,10.03,10.02,10.03,9.76,9.78,10.07,9.51,62221955.0,616436292.0,2.766,0.27
002586,ST围海,4.66,4.66,4.67,4.4,4.31,4.71,4.31,13005408.0,59506611.0,5.909,0.26
002587,奥拓电子,5.39,5.39,5.4,5.37,5.32,5.42,5.23,11461600.0,61245202.0,0.372,0.02
002588,史丹利,7.81,7.8,7.81,7.96,7.88,7.89,7.67,18843724.0,146243554.0,-1.884,-0.15
002589,瑞康医药,3.18,3.17,3.18,3.38,3.26,3.3,3.15,158883419.0,507301790.0,-5.917,-0.2
002590,万安科技,9.33,9.33,9.34,9.27,9.25,9.37,9.19,3651173.0,33913406.0,0.647,0.06
002591,恒大高新,6.33,6.32,6.33,6.35,6.29,6.35,6.15,7399896.0,46284017.0,-0.315,-0.02
002592,ST八菱,6.86,6.85,6.86,6.47,6.5,7.03,6.5,11466020.0,78031652.0,6.028,0.39
002593,日上集团,4.44,4.44,4.45,4.46,4.45,4.45,4.38,9106793.0,40240272.0,-0.448,-0.02
002594,比亚迪,90.47,90.47,90.48,90.48,90.35,91.08,89.72,17886205.0,1612726254.0,-0.011,-0.01
002595,豪迈科技,48.42,48.42,48.5,49.65,49.61,49.7,48.0,4050220.0,197456929.0,-2.477,-1.23
002596,海南瑞泽,3.26,3.26,3.27,3.2,3.22,3.31,3.14,25292500.0,81387134.0,1.875,0.06
002597,金禾实业,19.83,19.82,19.83,19.99,19.93,19.98,19.72,3008900.0,59709954.0,-0.8,-0.16
002598,ST章鼓,6.55,6.55,6.56,6.5,6.43,6.57,6.42,1536560.0,9984400.0,0.769,0.05
002599,盛通股份,5.78,5.78,5.79,5.87,5.83,5.86,5.75,5605319.0,32472519.0,-1.533,-0.09
002600,领益智造,12.24,12.24,12.25,12.2,12.02,12.29,11.88,68861754.0,837387148.0,0.328,0.04
002601,龙佰集团,15.77,15.77,15.78,15.57,15.5,16.0,15.45,19880822.0,313761441.0,1.285,0.2
002602,世纪华通,13.82,13.82,13.83,13.84,13.71,13.89,13.51,60228594.0,825213887.0,-0.145,-0.02
002603,以岭药业,16.45,16.45,16.46,17.38,17.16,17.2,16.38,46658610.0,775608979.0,-5.351,-0.93
002605,姚记科技,17.48,17.48,17.49,17.67,17.59,17.62,17.32,3413600.0,59530278.0,-1.075,-0.19
002606,大连电瓷,13.65,13.65,13.66,13.39,13.24,13.68,13.15,14700523.0,198567182.0,1.942,0.26
002607,中公教育,2.02,2.02,2.03,2.03,2.02,2.04,1.99,91034767.0,183417145.0,-0.493,-0.01
002608,江苏国信,6.97,6.96,6.97,7.04,7.0,7.01,6.93,9669601.0,67350624.0,-0.994,-0.07
002609,捷顺科技,7.66,7.66,7.67,7.69,7.69,7.71,7.58,5239780.0,39982132.0,-0.39,-0.03
002611,东方精工,14.95,14.94,14.95,14.75,14.7,15.07,14.52,14863749.0,220425342.0,1.356,0.2
002612,朗姿股份,14.94,14.94,14.95,15.48,15.36,15.4,14.84,6661700.0,100048317.0,-3.488,-0.54
002613,北玻股份,3.4,3.39,3.4,3.34,3.33,3.41,3.28,22819200.0,76764615.0,1.796,0.06
002614,奥佳华,5.08,5.08,5.09,5.0,4.98,5.09,4.96,10495250.0,52748563.0,1.6,0.08
002615,哈尔斯,6.5,6.5,6.51,6.56,6.55,6.56,6.4,6740292.0,43521788.0,-0.915,-0.06
002616,长青集团,4.75,4.75,4.76,4.81,4.77,4.79,4.72,6127744.0,29085379.0,-1.247,-0.06
002617,露笑科技,6.16,6.16,6.17,6.19,6.1,6.23,6.08,49758382.0,306468870.0,-0.485,-0.03
002620,*ST瑞和,5.19,5.18,5.19,4.92,4.88,5.26,4.77,8315500.0,42090718.0,5.488,0.27
002622,皓宸医疗,2.51,2.5,2.51,2.56,2.53,2.56,2.43,29001200.0,72055670.0,-1.953,-0.05
002623,亚玛顿,15.38,15.38,15.39,15.31,15.3,15.42,15.0,2504836.0,38180952.0,0.457,0.07
002624,完美世界,10.88,10.88,10.89,11.15,11.08,11.08,10.8,38204800.0,417591579.0,-2.422,-0.27
002625,光启技术,28.11,28.11,28.14,28.31,28.0,28.31,27.61,11851549.0,333259698.0,-0.706,-0.2
002626,金达威,16.63,16.62,16.63,16.48,16.34,16.75,16.01,9025464.0,148582317.0,0.91,0.15
002627,三峡旅游,6.51,6.5,6.51,6.53,6.48,6.52,6.34,9404953.0,60359417.0,-0.306,-0.02
002628,成都路桥,4.91,4.9,4.91,4.9,4.86,4.91,4.8,11383552.0,55359279.0,0.204,0.01
002629,仁智股份,4.74,4.73,4.74,4.7,4.7,4.8,4.65,7334800.0,34550566.0,0.851,0.04
002630,*ST华西,1.63,1.63,1.64,1.64,1.64,1.64,1.61,7338240.0,11917746.0,-0.61,-0.01
002631,德尔未来,9.54,9.54,0.0,8.67,8.67,9.54,8.45,41079195.0,376896749.0,10.035,0.87
002632,道明光学,8.43,8.42,8.43,8.69,8.42,8.45,8.14,19592717.0,163110248.0,-2.992,-0.26
002633,申科股份,14.47,14.47,14.48,14.47,14.35,14.61,14.07,1515556.0,21823520.0,0.0,0.0
002634,*ST棒杰,4.35,4.35,4.36,4.28,4.31,4.36,4.21,4137700.0,17778180.0,1.636,0.07
002635,安洁科技,15.6,15.6,15.61,15.62,15.47,15.78,15.15,16517114.0,256571879.0,-0.128,-0.02
002636,金安国纪,63.74,63.74,63.75,61.71,61.5,64.68,60.26,36612173.0,2304239406.0,3.29,2.03
002637,赞宇科技,11.53,11.52,11.53,12.1,12.04,12.16,11.39,29582347.0,344000331.0,-4.711,-0.57
002638,勤上股份,4.13,4.13,0.0,3.75,3.7,4.13,3.65,79812643.0,317387502.0,10.133,0.38
002639,雪人集团,11.59,11.59,11.6,11.31,11.31,11.64,11.16,18203230.0,208998925.0,2.476,0.28
002640,跨境通,3.2,3.2,3.21,3.2,3.14,3.21,3.08,58075894.0,183295120.0,0.0,0.0
002641,公元股份,3.96,3.95,3.96,3.93,3.91,3.96,3.87,7868610.0,30873143.0,0.763,0.03
002642,荣联科技,7.05,7.05,7.06,7.03,7.02,7.07,6.87,9679523.0,67644857.0,0.284,0.02
002643,万润股份,13.88,13.88,13.89,13.98,13.85,13.95,13.57,12592639.0,173679678.0,-0.715,-0.1
002644,佛慈制药,8.2,8.19,8.2,8.52,8.37,8.41,8.1,13221737.0,108501962.0,-3.756,-0.32
002645,华宏科技,19.45,19.44,19.45,19.2,19.1,19.55,18.73,27655442.0,530999856.0,1.302,0.25
002646,天佑德酒,6.77,6.77,6.78,6.9,6.86,6.86,6.66,5097694.0,34318221.0,-1.884,-0.13
002647,仁东控股,12.58,12.58,12.59,12.52,12.4,12.73,12.1,34394727.0,429786130.0,0.479,0.06
002648,卫星化学,27.0,26.99,27.0,27.1,27.09,27.18,26.75,36166835.0,975806861.0,-0.369,-0.1
002649,博彦科技,9.52,9.52,9.53,9.46,9.37,9.54,9.24,11721323.0,110391142.0,0.634,0.06
002650,ST加加,6.14,6.14,6.15,6.07,6.06,6.18,5.98,3360400.0,20453736.0,1.153,0.07
002651,利君股份,7.83,7.83,7.84,7.82,7.74,7.86,7.65,16499615.0,128352367.0,0.128,0.01
002652,扬子新材,3.97,3.97,3.99,3.94,3.92,4.01,3.84,13980000.0,55085052.0,0.761,0.03
002653,海思科,66.55,66.52,66.55,69.28,67.28,68.07,65.6,5774128.0,385220915.0,-3.941,-2.73
002654,万润科技,13.48,13.47,13.48,13.15,13.13,13.8,13.1,47134754.0,637054397.0,2.51,0.33
002655,共达电声,37.77,37.77,0.0,34.34,33.82,37.77,33.82,32739890.0,1201894595.0,9.988,3.43
002656,摩登大道,2.92,2.92,2.93,2.93,2.94,2.94,2.88,7724000.0,22487221.0,-0.341,-0.01
002657,中科金财,15.05,15.05,15.06,14.8,14.79,15.19,14.51,8905308.0,133194482.0,1.689,0.25
002658,雪迪龙,7.55,7.55,7.56,7.85,7.78,7.78,7.51,9654004.0,73195147.0,-3.822,-0.3
002659,凯文教育,4.41,4.4,4.41,4.44,4.41,4.46,4.31,8866076.0,38818408.0,-0.676,-0.03
002660,茂硕电源,7.41,7.41,7.43,7.48,7.43,7.49,7.28,6551478.0,48329493.0,-0.936,-0.07
002661,克明食品,7.89,7.89,7.9,8.13,8.02,8.12,7.85,4589091.0,36387539.0,-2.952,-0.24
002662,峰璟股份,3.19,3.18,3.19,3.16,3.15,3.2,3.11,9631258.0,30422459.0,0.949,0.03
002663,普邦股份,1.67,1.66,1.67,1.66,1.65,1.67,1.61,21008549.0,34459084.0,0.602,0.01
002664,信质集团,15.25,15.24,15.25,15.23,15.11,15.31,14.96,3052600.0,46337718.0,0.131,0.02
002666,德联集团,4.23,4.22,4.23,4.22,4.19,4.25,4.12,7243612.0,30305015.0,0.237,0.01
002667,*ST威领,19.21,19.21,0.0,17.46,19.21,19.21,19.01,30480993.0,585393314.0,10.023,1.75
002668,TCL智家,9.25,9.25,9.26,9.37,9.3,9.34,9.15,13963276.0,128987565.0,-1.281,-0.12
002669,康达新材,12.29,12.29,12.3,12.09,12.01,12.3,11.75,9170105.0,111308209.0,1.654,0.2
002670,国盛证券,10.68,10.68,10.69,10.95,10.9,10.92,10.65,17147649.0,184222750.0,-2.466,-0.27
002671,龙泉股份,3.94,3.94,3.95,3.93,3.94,3.97,3.86,8741488.0,34164062.0,0.254,0.01
002672,东江环保,3.65,3.65,3.66,3.65,3.62,3.67,3.56,7215791.0,26107389.0,0.0,0.0
002673,西部证券,6.46,6.46,6.47,6.49,6.48,6.49,6.42,14959171.0,96540019.0,-0.462,-0.03
002674,兴业科技,28.29,28.29,28.3,28.41,28.02,29.62,28.0,15827180.0,452053214.0,-0.422,-0.12
002675,东诚药业,13.04,13.04,13.05,13.39,13.16,13.3,13.0,9355193.0,122730659.0,-2.614,-0.35
002676,顺威股份,5.07,5.07,5.08,5.06,5.07,5.14,4.96,17479234.0,88548295.0,0.198,0.01
002677,浙江美大,6.8,6.8,6.81,6.86,6.82,6.85,6.7,4685995.0,31725675.0,-0.875,-0.06
002678,珠江钢琴,4.9,4.89,4.9,4.89,4.87,5.01,4.71,25551800.0,124421443.0,0.204,0.01
002679,福建金森,9.23,9.23,9.24,9.33,9.28,9.35,9.0,4002500.0,36508545.0,-1.072,-0.1
002681,奋达科技,4.43,4.43,4.44,4.38,4.36,4.45,4.3,26649284.0,117229531.0,1.142,0.05
002682,龙洲股份,4.59,4.59,4.6,4.55,4.5,4.63,4.41,35731309.0,161664984.0,0.879,0.04
002683,广东宏大,29.79,29.79,29.8,29.85,29.82,29.9,29.2,6465421.0,191233332.0,-0.201,-0.06
002685,华东重机,5.41,5.41,5.42,5.39,5.33,5.43,5.25,25626747.0,137583584.0,0.371,0.02
002686,亿利达,6.72,6.72,0.0,6.11,6.25,6.72,6.25,35618917.0,237551515.0,9.984,0.61
002687,乔治白,6.14,6.14,6.15,6.13,6.05,6.17,5.98,17401468.0,105923971.0,0.163,0.01
002688,金河生物,5.17,5.17,5.18,5.36,5.3,5.32,5.12,12520001.0,64911471.0,-3.545,-0.19
002689,ST远智,2.86,2.85,2.86,2.81,2.81,2.86,2.8,6485265.0,18381975.0,1.779,0.05
002690,美亚光电,15.32,15.32,15.33,15.56,15.58,15.59,15.25,3859551.0,59166011.0,-1.542,-0.24
002691,*ST冀凯,4.26,4.25,4.26,4.15,4.09,4.26,4.08,1925800.0,8054619.0,2.651,0.11
002692,远程股份,4.29,4.28,4.29,4.17,4.14,4.3,4.08,15867294.0,67189952.0,2.878,0.12
002693,双成药业,9.41,9.41,9.42,9.98,9.68,9.92,9.29,45257825.0,430260367.0,-5.711,-0.57
002694,*ST顾地,2.11,2.1,2.11,2.07,2.05,2.12,2.03,1806500.0,3764224.0,1.932,0.04
002695,煌上煌,11.15,11.15,11.16,11.22,11.2,11.3,10.9,8914793.0,99107238.0,-0.624,-0.07
002696,百洋股份,5.95,5.95,5.96,6.06,6.02,6.05,5.9,17960300.0,107231063.0,-1.815,-0.11
002697,红旗连锁,4.47,4.47,4.48,4.56,4.53,4.54,4.42,16549215.0,73829363.0,-1.974,-0.09
002698,博实股份,12.72,12.71,12.72,11.93,11.9,12.86,11.77,24740283.0,307079366.0,6.622,0.79
002700,万憬能源,6.4,6.39,6.4,6.31,6.32,6.43,6.32,5057700.0,32182132.0,1.426,0.09
002701,奥瑞金,4.64,4.64,4.65,4.69,4.68,4.7,4.62,14330412.0,66563287.0,-1.066,-0.05
002702,海欣食品,4.86,4.86,4.87,4.91,4.85,4.9,4.77,18632570.0,89927384.0,-1.018,-0.05
002703,浙江世宝,13.65,13.65,13.66,13.44,13.3,13.75,13.19,20215744.0,273958359.0,1.563,0.21
002705,新宝股份,11.2,11.18,11.2,11.3,11.29,11.3,11.11,4766121.0,53281825.0,-0.885,-0.1
002706,良信股份,10.0,10.0,10.01,10.12,10.0,10.15,9.91,33828300.0,338242758.0,-1.186,-0.12
002707,众信旅游,5.24,5.23,5.24,5.3,5.27,5.3,5.13,21108702.0,109836763.0,-1.132,-0.06
002708,光洋股份,11.13,11.13,11.14,10.87,10.75,11.25,10.53,15252700.0,166845083.0,2.392,0.26
002709,天赐材料,37.96,37.96,37.97,37.08,37.25,38.93,36.15,71027574.0,2699536943.0,2.373,0.88
002712,思美传媒,4.69,4.68,4.69,4.71,4.67,4.72,4.6,10361000.0,48257402.0,-0.425,-0.02
002713,东易日盛,9.31,9.31,9.32,9.45,9.35,9.48,9.16,11958913.0,111375480.0,-1.481,-0.14
002714,牧原股份,39.07,39.07,39.08,39.82,39.56,39.92,39.03,36889992.0,1449569575.0,-1.883,-0.75
002715,登云股份,14.15,14.15,14.24,14.27,14.26,14.3,13.95,2081000.0,29422628.0,-0.841,-0.12
002716,湖南白银,10.42,10.42,0.0,9.47,9.65,10.42,9.4,424831682.0,4312985678.0,10.032,0.95
002717,*ST岭南,0.97,0.97,0.98,0.98,0.97,0.98,0.95,36892530.0,35610190.0,-1.02,-0.01
002718,友邦吊顶,86.66,86.66,86.67,86.4,86.4,87.0,84.5,660188.0,56727864.0,0.301,0.26
002719,ST麦趣,6.24,6.23,6.24,6.05,6.05,6.26,5.94,4328760.0,26582632.0,3.14,0.19
002721,金一文化,2.73,2.72,2.73,2.59,2.63,2.82,2.61,204945529.0,553394918.0,5.405,0.14
002722,物产金轮,12.86,12.86,12.88,13.01,12.95,13.08,12.8,2393307.0,30859577.0,-1.153,-0.15
002723,小崧股份,7.28,7.28,7.29,7.12,7.1,7.3,6.9,8657960.0,61520604.0,2.247,0.16
002724,海洋王,6.16,6.16,6.17,5.9,5.93,6.26,5.82,40982659.0,249086033.0,4.407,0.26
002725,跃岭股份,11.29,11.29,11.3,11.19,11.17,11.36,10.95,3368547.0,37752386.0,0.894,0.1
002726,ST龙大,2.77,2.77,2.78,2.95,2.94,3.02,2.66,155057470.0,432778997.0,-6.102,-0.18
002727,一心堂,11.61,11.6,11.61,11.9,11.8,11.86,11.43,9723927.0,112364950.0,-2.437,-0.29
002728,特一药业,8.9,8.9,8.91,9.45,9.23,9.24,8.76,23601507.0,210354674.0,-5.82,-0.55
002729,好利科技,13.67,13.66,13.67,13.56,13.59,13.73,13.32,2725299.0,36935178.0,0.811,0.11
002730,电光科技,21.25,21.24,21.25,21.04,21.11,21.74,20.67,5938930.0,126149179.0,0.998,0.21
002731,*ST萃华,1.16,0.0,1.16,1.29,1.16,1.23,1.16,37949253.0,44523129.0,-10.078,-0.13
002732,燕塘乳业,13.79,13.78,13.79,13.99,13.86,13.95,13.55,1116600.0,15313826.0,-1.43,-0.2
002733,雄韬股份,18.47,18.46,18.47,18.29,18.29,18.77,17.91,10429649.0,192653864.0,0.984,0.18
002734,利民股份,14.58,14.58,14.59,14.7,14.6,14.68,14.34,9012690.0,130667625.0,-0.816,-0.12
002735,王子新材,11.6,11.6,11.61,11.08,11.15,11.73,10.96,19600505.0,224507113.0,4.693,0.52
002736,国信证券,9.82,9.82,9.83,9.86,9.88,9.89,9.79,13846234.0,136011487.0,-0.406,-0.04
002737,葵花药业,13.04,13.04,13.06,13.62,13.62,13.62,12.88,8299605.0,108906634.0,-4.258,-0.58
002738,中矿资源,54.3,54.29,54.3,51.63,51.41,55.7,51.01,29977911.0,1619280435.0,5.171,2.67
002739,儒意电影,8.41,8.4,8.41,8.5,8.46,8.47,8.28,46575500.0,389940673.0,-1.059,-0.09
002741,光华科技,26.04,26.04,26.05,25.56,25.27,27.0,24.82,27946090.0,726550885.0,1.878,0.48
002742,冀衡医药,4.06,4.06,4.07,4.34,4.15,4.19,4.0,34687000.0,141681064.0,-6.452,-0.28
002743,富煌钢构,4.6,4.6,4.62,4.42,4.59,4.81,4.47,79793060.0,368327221.0,4.072,0.18
002745,木林森,11.36,11.36,11.37,11.05,10.95,11.48,10.81,53086585.0,595136527.0,2.805,0.31
002746,仙坛股份,6.2,6.2,6.21,6.32,6.32,6.33,6.1,19950817.0,123705276.0,-1.899,-0.12
002747,埃斯顿,33.57,33.56,33.57,32.77,32.88,33.97,32.27,53398977.0,1776850918.0,2.441,0.8
002748,世龙实业,11.75,11.75,11.79,11.73,11.7,11.89,11.55,4118500.0,48252627.0,0.171,0.02
002749,国光股份,8.59,8.58,8.59,8.82,8.83,8.83,8.57,4227300.0,36411764.0,-2.608,-0.23
002752,昇兴股份,5.94,5.93,5.94,5.93,5.89,5.94,5.84,6097217.0,35915071.0,0.169,0.01
002753,永东股份,6.67,6.67,6.68,6.64,6.65,6.68,6.54,4643262.0,30822142.0,0.452,0.03
002755,奥赛康,12.91,12.91,12.92,14.0,13.99,14.19,12.89,26395100.0,349315620.0,-7.786,-1.09
002756,永兴材料,47.69,47.69,47.7,46.2,46.03,48.96,45.61,14442399.0,687526365.0,3.225,1.49
002757,南兴股份,16.1,16.1,16.11,16.25,16.05,16.18,15.73,7514744.0,120399549.0,-0.923,-0.15
002758,浙农股份,7.9,7.9,7.91,8.17,8.07,8.16,7.85,9398791.0,74555266.0,-3.305,-0.27
002759,ST天际,18.47,18.47,18.48,17.62,17.5,18.88,17.44,28857092.0,529085678.0,4.824,0.85
002760,凤形股份,17.51,17.51,17.52,17.5,17.44,17.58,17.02,3229100.0,55892405.0,0.057,0.01
002761,浙江建投,7.09,7.08,7.09,7.26,7.21,7.24,6.98,12510215.0,88293596.0,-2.342,-0.17
002762,金发拉比,10.23,10.23,10.24,10.21,10.08,10.27,9.8,7832664.0,79260581.0,0.196,0.02
002763,汇洁股份,7.34,7.34,7.36,7.61,7.36,7.43,7.1,10351900.0,74966468.0,-3.548,-0.27
002765,蓝黛科技,7.05,7.05,7.06,7.02,6.98,7.07,6.88,5684039.0,39820118.0,0.427,0.03
002766,索菱股份,4.17,4.16,4.17,4.15,4.12,4.18,4.08,16465438.0,68200205.0,0.482,0.02
002767,先锋电子,18.2,18.18,18.2,18.21,18.17,18.2,17.78,1642800.0,29548015.0,-0.055,-0.01
002768,国恩股份,65.21,65.2,65.21,65.5,65.93,65.99,63.68,6325344.0,410741238.0,-0.443,-0.29
002769,普路通,6.99,6.98,6.99,6.9,6.87,7.01,6.82,5542851.0,38381260.0,1.304,0.09
002771,真视通,12.32,12.32,12.33,12.45,12.35,12.44,12.14,3666038.0,45025527.0,-1.044,-0.13
002772,众兴菌业,10.43,10.43,10.44,10.74,10.65,10.65,10.34,12729097.0,132827515.0,-2.886,-0.31
002773,康弘药业,21.11,21.11,21.12,22.45,22.25,22.36,21.03,14085230.0,300425586.0,-5.969,-1.34
002774,快意电梯,16.31,16.31,16.32,16.15,16.11,16.85,15.72,12674956.0,207909892.0,0.991,0.16
002775,文科股份,3.54,3.54,3.55,3.49,3.47,3.56,3.42,11750840.0,41013542.0,1.433,0.05
002777,久远银海,12.51,12.51,12.52,12.6,12.5,12.54,12.34,4604439.0,57228927.0,-0.714,-0.09
002778,中晟高科,15.76,15.76,15.77,15.63,15.63,15.79,15.38,1438460.0,22416715.0,0.832,0.13
002779,中坚科技,74.75,74.75,74.8,74.15,74.14,75.5,71.8,2357810.0,174870205.0,0.809,0.6
002780,三夫户外,13.06,13.06,13.08,13.27,13.16,13.24,12.78,3768745.0,48898178.0,-1.583,-0.21
002782,可立克,15.34,15.33,15.34,15.11,15.0,15.55,14.85,7464467.0,114221887.0,1.522,0.23
002783,凯龙股份,7.82,7.82,7.83,7.83,7.8,7.85,7.63,7005335.0,54454619.0,-0.128,-0.01
002785,万里石,32.58,32.58,32.7,32.5,32.5,32.87,31.81,3682149.0,119674622.0,0.246,0.08
002786,银宝山新,7.75,7.75,7.76,7.6,7.56,7.8,7.45,7860428.0,60247444.0,1.974,0.15
002787,华源控股,21.95,21.95,21.96,21.4,21.27,23.11,21.0,17606926.0,392263819.0,2.57,0.55
002788,鹭燕医药,10.92,10.91,10.92,11.43,11.35,11.39,10.83,14966379.0,164617236.0,-4.462,-0.51
002789,*ST建艺,10.16,10.15,10.16,9.97,9.84,10.2,9.78,1533200.0,15306445.0,1.906,0.19
002790,瑞尔特,5.89,5.89,5.9,5.95,5.9,5.94,5.78,4424386.0,25959183.0,-1.008,-0.06
002791,坚朗五金,14.9,14.9,14.91,15.15,15.16,15.16,14.57,3881200.0,57476407.0,-1.65,-0.25
002792,通宇通讯,31.59,31.59,31.6,31.73,31.3,32.09,30.83,25084888.0,791360893.0,-0.441,-0.14
002793,罗欣药业,5.0,5.0,5.01,5.31,5.25,5.27,4.98,48973921.0,247547984.0,-5.838,-0.31
002795,永和智控,7.14,7.14,7.15,7.03,7.07,7.17,6.92,11458160.0,80996561.0,1.565,0.11
002796,世嘉科技,30.25,30.25,30.26,29.89,29.88,31.14,29.3,8359739.0,253246321.0,1.204,0.36
002797,第一创业,6.32,6.31,6.32,6.32,6.3,6.33,6.26,24688800.0,155651009.0,0.0,0.0
002798,帝欧水华,5.75,5.75,5.76,5.74,5.76,5.8,5.66,5485300.0,31364159.0,0.174,0.01
002799,环球印务,6.76,6.73,6.76,6.77,6.71,6.77,6.6,4063942.0,27177933.0,-0.148,-0.01
002800,天顺股份,14.15,14.15,14.16,13.61,13.51,14.15,13.32,3617352.0,49887553.0,3.968,0.54
002801,微光股份,26.78,26.78,26.82,27.01,27.01,27.01,26.48,644650.0,17227855.0,-0.852,-0.23
002802,洪汇新材,12.4,12.39,12.4,11.65,11.66,12.69,11.65,7860701.0,95056492.0,6.438,0.75
002803,吉宏股份,18.53,18.53,18.54,18.54,18.48,18.57,18.0,7746653.0,142197354.0,-0.054,-0.01
002805,丰元股份,19.42,19.41,19.42,18.62,18.59,19.86,18.17,14494360.0,277818832.0,4.296,0.8
002806,华锋股份,14.28,14.27,14.28,13.74,13.75,14.38,13.42,7410503.0,104046641.0,3.93,0.54
002807,江阴银行,4.01,4.0,4.01,3.97,4.05,4.07,3.98,65568463.0,263872258.0,1.008,0.04
002809,红墙股份,8.44,8.44,8.45,8.48,8.5,8.53,8.24,5521161.0,46339150.0,-0.472,-0.04
002810,山东赫达,20.96,20.95,20.96,21.27,20.93,21.34,20.62,5075922.0,106261765.0,-1.457,-0.31
002811,郑中设计,13.54,13.54,13.55,13.32,13.32,13.56,12.72,25551286.0,334687443.0,1.652,0.22
002812,恩捷股份,56.82,56.82,56.83,55.84,55.84,58.46,55.19,23417626.0,1335361370.0,1.755,0.98
002813,路畅科技,20.36,20.31,20.36,20.3,20.3,20.46,19.88,1212595.0,24443275.0,0.296,0.06
002815,崇达技术,13.82,13.82,13.83,12.93,12.85,14.22,12.83,74681007.0,1030111792.0,6.883,0.89
002816,*ST和科,24.92,24.92,24.93,25.0,25.0,25.09,24.39,890100.0,22062154.0,-0.32,-0.08
002817,黄山胶囊,6.69,6.69,6.7,6.72,6.65,6.72,6.53,5211300.0,34474868.0,-0.446,-0.03
002818,富森美,10.88,10.88,10.89,10.95,10.92,10.92,10.77,3006149.0,32615204.0,-0.639,-0.07
002819,东方中科,20.91,20.91,20.93,21.85,21.6,21.67,20.85,4571800.0,96230510.0,-4.302,-0.94
002820,桂发祥,9.4,9.4,9.41,9.94,9.5,9.68,8.95,38282614.0,352726509.0,-5.433,-0.54
002821,凯莱英,168.1,168.09,168.1,182.4,178.12,178.12,166.22,20533769.0,3507334546.0,-7.84,-14.3
002822,ST中装,3.19,3.19,3.2,3.19,3.16,3.19,3.15,4242118.0,13446470.0,0.0,0.0
002823,凯中精密,12.78,12.78,12.79,12.76,12.59,12.83,12.5,3385895.0,42973309.0,0.157,0.02
002824,和胜股份,23.95,23.95,23.96,23.96,23.84,25.0,23.07,13946892.0,334817974.0,-0.042,-0.01
002825,纳尔股份,9.04,9.03,9.04,9.03,8.9,9.09,8.83,3249800.0,29233435.0,0.111,0.01
002826,易明医药,17.34,17.34,17.36,17.78,17.49,17.69,17.11,4014378.0,69622799.0,-2.475,-0.44
002827,高争民爆,55.0,54.99,55.0,57.78,55.5,55.59,52.0,19846304.0,1071943117.0,-4.811,-2.78
002828,贝肯能源,12.08,12.07,12.08,12.05,12.04,12.78,11.9,19295550.0,236576687.0,0.249,0.03
002829,星网宇达,19.6,19.6,19.61,19.79,19.56,19.83,19.21,6535300.0,127865057.0,-0.96,-0.19
002830,名雕股份,13.69,13.69,13.74,13.65,13.52,13.83,13.32,2242260.0,30566440.0,0.293,0.04
002831,裕同科技,25.53,25.53,25.57,25.55,25.35,25.8,25.26,5919860.0,151324585.0,-0.078,-0.02
002832,比音勒芬,24.29,24.28,24.29,24.97,24.98,25.13,23.87,16243881.0,396482036.0,-2.723,-0.68
002833,弘亚数控,18.2,18.18,18.2,18.4,18.3,18.3,17.95,2256367.0,40914361.0,-1.087,-0.2
002835,同为股份,12.45,12.44,12.45,12.56,12.48,12.59,12.29,1992707.0,24710666.0,-0.876,-0.11
002836,新宏泽,9.9,9.9,9.95,10.07,9.92,10.19,9.76,2563223.0,25381632.0,-1.688,-0.17
002837,英维克,54.12,54.12,54.13,52.93,52.92,55.32,52.52,36850706.0,1994156539.0,2.248,1.19
002838,道恩股份,25.23,25.23,25.24,24.22,24.23,25.5,23.65,10907490.0,267943444.0,4.17,1.01
002839,张家港行,4.33,4.33,4.34,4.36,4.37,4.39,4.31,24514780.0,106308509.0,-0.688,-0.03
002840,华统股份,8.25,8.25,8.26,8.3,8.23,8.35,8.11,13059293.0,107838999.0,-0.602,-0.05
002841,视源股份,49.15,49.14,49.15,49.51,49.51,49.75,48.7,4198971.0,206548393.0,-0.727,-0.36
002842,翔鹭钨业,39.47,39.47,39.48,37.38,37.71,39.7,37.41,38236546.0,1488701794.0,5.591,2.09
002843,泰嘉股份,16.33,16.33,16.34,15.58,15.33,16.47,15.31,11818005.0,190598455.0,4.814,0.75
002845,同兴达,13.18,13.17,13.18,13.22,13.14,13.27,12.75,9116517.0,119453901.0,-0.303,-0.04
002846,英联股份,10.32,10.32,10.33,10.24,10.17,10.37,10.02,4485522.0,45984298.0,0.781,0.08
002847,盐津铺子,44.29,44.28,44.29,45.19,44.9,45.09,44.0,4300760.0,190593289.0,-1.992,-0.9
002848,高斯贝尔,13.31,13.31,13.32,13.2,13.16,13.45,12.9,5308200.0,69972361.0,0.833,0.11
002849,威星智能,18.35,18.35,18.37,17.7,17.62,18.72,17.3,7641933.0,138673930.0,3.672,0.65
002850,科达利,183.82,183.82,183.83,180.46,180.0,186.45,179.0,2902000.0,533494601.0,1.862,3.36
002851,麦格米特,128.06,128.05,128.06,118.28,118.83,129.98,117.06,34277790.0,4259089802.0,8.269,9.78
002852,道道全,8.01,8.01,8.02,8.49,8.27,8.34,7.97,15389927.0,124045515.0,-5.654,-0.48
002853,皮阿诺,20.5,20.5,20.56,20.7,20.47,21.05,20.35,960000.0,19805749.0,-0.966,-0.2
002855,捷荣技术,10.15,10.13,10.15,10.04,9.91,10.16,9.84,2366000.0,23726161.0,1.096,0.11
002856,*ST美芝,14.73,14.73,14.74,14.04,13.9,14.77,13.45,5377800.0,76011846.0,4.915,0.69
002857,三晖电气,18.76,18.76,18.77,18.6,18.39,18.83,17.97,2760900.0,50910817.0,0.86,0.16
002858,力盛体育,11.6,11.6,11.62,11.68,11.61,11.66,11.38,2278500.0,26277330.0,-0.685,-0.08
002859,洁美科技,67.47,67.47,67.48,66.7,66.31,69.2,64.52,16172716.0,1089032872.0,1.154,0.77
002860,星帅尔,17.4,17.4,17.41,17.82,17.62,17.65,17.11,16907931.0,293493892.0,-2.357,-0.42
002861,瀛通通讯,15.9,15.9,15.93,15.98,16.01,16.17,15.59,4005620.0,63403477.0,-0.501,-0.08
002862,实丰文化,13.45,13.45,13.47,13.47,13.36,13.52,13.1,2137040.0,28449873.0,-0.148,-0.02
002863,今飞凯达,4.7,4.69,4.7,4.69,4.66,4.72,4.63,15257673.0,71285882.0,0.213,0.01
002864,盘龙药业,21.61,21.6,21.61,22.56,22.17,22.51,21.43,4957892.0,107569887.0,-4.211,-0.95
002865,钧达股份,41.9,41.88,41.9,41.68,41.67,42.05,40.84,7597076.0,316415342.0,0.528,0.22
002866,传艺科技,14.71,14.7,14.71,14.69,14.51,14.77,14.28,5116401.0,74573079.0,0.136,0.02
002867,周大生,12.31,12.31,12.32,12.33,12.33,12.4,12.2,5540100.0,68152792.0,-0.162,-0.02
002868,绿康生化,22.09,22.09,22.1,22.4,22.38,22.38,21.7,1233800.0,27154152.0,-1.384,-0.31
002869,金溢科技,15.96,15.95,15.96,15.87,15.82,15.99,15.58,1834229.0,29014841.0,0.567,0.09
002870,香山股份,48.2,48.2,48.22,47.54,47.16,48.35,46.15,4385400.0,206464592.0,1.388,0.66
002871,伟隆股份,16.65,16.65,16.66,16.52,16.55,16.78,16.04,2090706.0,34602655.0,0.787,0.13
002872,ST天圣,5.3,5.28,5.3,5.3,5.29,5.32,5.24,1993750.0,10533748.0,0.0,0.0
002873,新天药业,8.44,8.44,8.46,8.65,8.49,8.56,8.34,9402769.0,79290183.0,-2.428,-0.21
002875,安奈儿,13.18,13.17,13.18,13.34,13.23,13.35,12.95,3713000.0,48854389.0,-1.199,-0.16
002876,三利谱,29.92,29.92,29.94,30.15,30.0,30.18,29.11,4309192.0,128601689.0,-0.763,-0.23
002877,智能自控,7.33,7.33,7.34,7.35,7.35,7.36,7.2,2879653.0,20990966.0,-0.272,-0.02
002878,元隆雅图,12.43,12.43,12.44,12.31,12.31,12.5,12.13,4121720.0,50921356.0,0.975,0.12
002879,长缆科技,15.9,15.9,15.91,15.96,16.03,16.15,15.63,5740950.0,91169651.0,-0.376,-0.06
002880,卫光生物,21.12,21.12,21.14,21.89,22.2,22.64,20.97,5665127.0,121485753.0,-3.518,-0.77
002881,美格智能,37.85,37.85,37.87,38.02,37.71,38.45,37.31,3732242.0,141469095.0,-0.447,-0.17
002882,金龙羽,21.6,21.6,21.61,21.02,20.7,21.83,20.7,8445300.0,181984565.0,2.759,0.58
002883,*ST中设,9.15,9.15,9.19,9.18,9.17,9.25,9.02,544100.0,4968781.0,-0.327,-0.03
002884,凌霄泵业,15.98,15.98,16.0,16.18,16.11,16.14,15.97,1611900.0,25820829.0,-1.236,-0.2
002885,京泉华,28.77,28.77,28.78,28.31,28.03,29.78,27.57,15988117.0,460579138.0,1.625,0.46
002886,沃特股份,21.24,21.24,0.0,19.31,19.22,21.24,18.89,17344155.0,350051260.0,9.995,1.93
002887,绿茵生态,9.22,9.21,9.22,9.29,9.21,9.3,8.89,6671796.0,61102355.0,-0.753,-0.07
002888,惠威科技,17.78,17.78,17.79,17.59,17.5,17.95,17.2,1365408.0,24069889.0,1.08,0.19
002889,东方嘉盛,12.67,12.67,12.68,12.63,12.48,12.7,12.38,3669332.0,46122040.0,0.317,0.04
002890,弘宇股份,14.53,14.53,14.54,14.56,14.49,14.78,14.21,1495800.0,21542340.0,-0.206,-0.03
002891,中宠股份,29.25,29.25,29.26,29.53,29.45,29.52,28.93,5947323.0,173227431.0,-0.948,-0.28
002892,科力尔,9.01,9.0,9.01,9.06,9.06,9.08,8.93,4132918.0,37178070.0,-0.552,-0.05
002893,京能热力,9.83,9.83,9.84,9.89,9.88,9.89,9.73,4705282.0,46137376.0,-0.607,-0.06
002895,川恒股份,33.7,33.69,33.7,32.6,32.6,34.0,32.45,8537173.0,286355365.0,3.374,1.1
002896,中大力德,68.62,68.6,68.62,68.76,67.15,69.4,65.58,11355765.0,766721460.0,-0.204,-0.14
002897,意华股份,57.71,57.7,57.71,56.52,56.16,58.36,55.15,6024105.0,345062307.0,2.105,1.19
002899,英派斯,19.6,19.55,19.6,19.39,19.16,19.86,19.0,2625700.0,50970930.0,1.083,0.21
002900,哈三联,13.77,0.0,13.77,15.3,13.77,14.29,13.77,19035300.0,262288328.0,-10.0,-1.53
002901,大博医疗,44.21,44.21,44.32,44.4,44.01,44.48,43.34,1877801.0,82585673.0,-0.428,-0.19
002902,铭普光磁,24.76,24.76,24.77,24.89,24.75,25.24,24.29,8100097.0,201290411.0,-0.522,-0.13
002903,宇环数控,33.74,33.74,0.0,30.67,31.7,33.74,30.76,26529407.0,857018771.0,10.01,3.07
002905,金逸影视,7.75,7.75,7.76,7.72,7.74,7.76,7.51,5506587.0,42043772.0,0.389,0.03
002906,华阳集团,25.66,0.0,0.0,25.66,0.0,0.0,0.0,0.0,0.0,0.0,0.0
002907,华森制药,14.26,14.26,14.27,15.15,14.48,14.83,13.64,27593170.0,391304330.0,-5.875,-0.89
002908,德生科技,6.94,6.93,6.94,6.94,6.9,6.96,6.84,3743156.0,25852513.0,0.0,0.0
002909,集泰股份,5.22,5.21,5.22,5.19,5.17,5.25,5.06,4643527.0,23995314.0,0.578,0.03
002910,庄园牧场,9.52,9.52,9.53,9.52,9.44,9.56,9.3,5542800.0,52326332.0,0.0,0.0
002911,佛燃能源,10.71,10.7,10.71,10.76,10.76,10.89,10.63,4495458.0,48271443.0,-0.465,-0.05
002912,中新赛克,18.81,18.79,18.81,19.02,18.85,19.01,18.61,2150600.0,40267843.0,-1.104,-0.21
002913,奥士康,60.37,60.33,60.37,58.79,58.21,60.78,57.33,5486618.0,326690436.0,2.688,1.58
002915,中欣氟材,16.91,16.9,16.91,16.86,16.86,16.96,16.61,4001744.0,67341590.0,0.297,0.05
002916,深南电路,358.25,358.25,358.26,345.0,342.98,362.0,342.98,8019937.0,2856073480.0,3.841,13.25
002917,金奥博,10.26,10.26,10.27,10.27,10.29,10.32,10.11,1926747.0,19656031.0,-0.097,-0.01
002918,蒙娜丽莎,10.13,10.12,10.13,9.99,9.91,10.17,9.74,9087628.0,90758646.0,1.401,0.14
002919,名臣健康,17.3,17.27,17.3,17.54,17.3,17.49,17.0,2803407.0,48315705.0,-1.368,-0.24
002920,德赛西威,86.42,86.42,86.44,84.69,84.37,87.3,83.43,5653134.0,485734215.0,2.043,1.73
002921,联诚精密,22.22,22.22,22.23,21.5,21.55,22.41,21.0,4752767.0,104023984.0,3.349,0.72
002922,伊戈尔,25.41,25.4,25.41,25.3,24.6,26.58,24.14,25200456.0,639576635.0,0.435,0.11
002923,润都股份,11.28,11.25,11.28,11.76,11.93,11.94,11.01,12925180.0,145734679.0,-4.082,-0.48
002925,盈趣科技,22.36,22.36,22.37,22.19,22.0,22.55,21.76,10495887.0,232132463.0,0.766,0.17
002926,华西证券,8.21,8.21,8.22,8.26,8.25,8.25,8.17,8884122.0,72851413.0,-0.605,-0.05
002927,泰永长征,16.13,16.13,16.14,16.19,16.0,16.24,15.75,4706900.0,75534523.0,-0.371,-0.06
002928,华夏航空,6.15,6.14,6.15,6.15,6.1,6.15,6.04,13739300.0,83763979.0,0.0,0.0
002929,润建股份,53.65,53.65,53.66,55.21,54.19,55.14,53.0,10952978.0,590371517.0,-2.826,-1.56
002930,宏川智慧,8.72,8.71,8.72,8.7,8.66,8.75,8.58,4293153.0,37213637.0,0.23,0.02
002931,锋龙股份,48.23,48.22,48.23,47.23,47.22,48.78,46.8,5923504.0,283848975.0,2.117,1.0
002932,*ST明德,15.26,15.26,15.28,15.29,15.2,15.38,15.06,617740.0,9403266.0,-0.196,-0.03
002933,新兴装备,26.68,26.68,26.69,26.59,26.33,26.75,26.02,1009357.0,26659605.0,0.338,0.09
002935,天奥电子,15.94,15.93,15.94,15.62,15.62,15.97,15.52,4036555.0,63853214.0,2.049,0.32
002936,郑州银行,1.75,1.75,1.76,1.78,1.78,1.78,1.74,91988832.0,161562560.0,-1.685,-0.03
002937,兴瑞科技,29.7,29.69,29.7,30.03,29.45,30.07,28.66,7485496.0,220116146.0,-1.099,-0.33
002938,鹏鼎控股,89.2,89.2,89.21,87.57,87.57,89.98,85.01,18658959.0,1654086754.0,1.861,1.63
002939,长城证券,7.93,7.93,7.94,7.94,7.92,7.95,7.86,12170201.0,96273909.0,-0.126,-0.01
002940,昂利康,26.39,26.38,26.39,28.41,27.86,27.86,25.65,21459375.0,568720001.0,-7.11,-2.02
002941,新疆交建,10.29,10.29,10.3,10.37,10.34,10.39,10.17,6292800.0,64529239.0,-0.771,-0.08
002942,新农股份,15.88,15.88,15.92,15.84,15.7,16.01,15.47,1715500.0,27028111.0,0.253,0.04
002943,宇晶股份,33.96,33.96,33.98,35.33,35.0,35.2,33.2,12815597.0,437816781.0,-3.878,-1.37
002945,华林证券,14.0,14.0,14.01,14.11,14.01,14.07,13.82,7878850.0,109833223.0,-0.78,-0.11
002946,新乳业,15.58,15.57,15.58,15.94,15.93,15.98,15.46,4968900.0,77489453.0,-2.258,-0.36
002947,恒铭达,57.2,57.2,57.21,57.42,56.9,58.55,56.03,4817528.0,276944803.0,-0.383,-0.22
002948,青岛银行,5.95,5.94,5.95,5.98,5.97,6.0,5.89,31491540.0,186657988.0,-0.502,-0.03
002949,华阳国际,10.79,10.74,10.79,10.74,10.7,10.79,10.48,2741293.0,29219395.0,0.466,0.05
002950,奥美医疗,9.31,9.31,9.32,9.57,9.5,9.53,9.23,6882944.0,64262814.0,-2.717,-0.26
002951,金时科技,16.39,16.39,16.41,16.07,15.88,16.57,15.88,7194100.0,117530456.0,1.991,0.32
002952,亚世光电,19.82,19.82,19.86,19.85,19.7,19.96,19.31,1914125.0,37720908.0,-0.151,-0.03
002953,日丰股份,10.82,10.81,10.82,11.16,10.71,11.21,10.62,29718535.0,323339303.0,-3.047,-0.34
002955,鸿合科技,35.22,35.21,35.22,34.83,35.0,35.53,34.11,3107302.0,108598778.0,1.12,0.39
002956,西麦食品,16.95,16.94,16.96,17.43,17.27,17.45,16.66,4584340.0,77492105.0,-2.754,-0.48
002957,科瑞技术,42.41,42.41,42.42,40.72,40.8,43.84,39.91,23437939.0,997838000.0,4.15,1.69
002958,青农商行,2.91,2.91,2.92,2.94,2.93,2.95,2.9,65847600.0,191910871.0,-1.02,-0.03
002959,小熊电器,33.09,33.08,33.1,33.68,33.81,33.81,33.09,682850.0,22741872.0,-1.752,-0.59
002960,青鸟智控,8.44,8.44,8.46,8.45,8.42,8.49,8.37,5566987.0,46979346.0,-0.118,-0.01
002961,瑞达期货,18.63,18.63,18.64,18.35,18.36,18.67,18.12,3872700.0,71438658.0,1.526,0.28
002962,五方光电,12.8,12.79,12.8,12.74,12.6,12.89,12.39,7815539.0,99387430.0,0.471,0.06
002963,豪尔赛,17.46,17.46,17.48,17.18,17.12,17.67,16.65,3338800.0,57936677.0,1.63,0.28
002965,祥鑫科技,31.56,31.56,31.57,30.13,30.1,31.87,29.76,16262254.0,504666293.0,4.746,1.43
002966,苏州银行,8.58,8.57,8.58,8.65,8.63,8.64,8.51,29913356.0,256485128.0,-0.809,-0.07
002967,广电计量,17.23,17.22,17.23,17.51,17.44,17.48,17.06,3611400.0,62301979.0,-1.599,-0.28
002968,新大正,9.25,9.23,9.26,9.34,9.28,9.31,9.04,2880090.0,26409386.0,-0.964,-0.09
002969,嘉美包装,13.21,13.2,13.21,12.9,12.79,13.72,12.66,30984517.0,408983344.0,2.403,0.31
002970,锐明技术,50.46,50.46,50.47,49.7,49.49,50.79,48.68,2102548.0,104860325.0,1.529,0.76
002971,和远气体,46.61,46.61,0.0,42.37,41.6,46.61,41.6,7098325.0,323853607.0,10.007,4.24
002972,科安达,13.44,13.43,13.44,13.63,13.45,13.67,13.25,3906720.0,52517878.0,-1.394,-0.19
002973,侨银股份,10.73,10.73,10.75,10.62,10.51,11.15,10.46,7015029.0,75798972.0,1.036,0.11
002975,博杰股份,100.55,100.55,100.56,95.7,96.8,103.0,93.6,11960369.0,1189748207.0,5.068,4.85
002976,瑞玛精密,23.09,23.09,23.15,22.75,22.65,23.34,22.15,3590262.0,82420723.0,1.495,0.34
002977,*ST天箭,21.29,21.29,21.3,20.24,19.99,21.73,19.97,1609305.0,33688890.0,5.188,1.05
002978,安宁股份,26.11,26.1,26.11,25.8,25.81,26.15,25.61,1876430.0,48727712.0,1.202,0.31
002979,雷赛智能,55.42,55.42,55.43,54.54,54.49,56.2,53.55,10548044.0,582551933.0,1.613,0.88
002980,华盛昌,98.44,98.44,98.46,97.99,98.03,107.79,97.41,18301032.0,1877164033.0,0.459,0.45
002981,朝阳科技,23.55,23.55,23.57,23.47,23.34,23.65,23.02,2180240.0,51054820.0,0.341,0.08
002982,湘佳股份,12.35,12.35,12.36,12.62,12.48,12.6,12.26,3516117.0,43489570.0,-2.139,-0.27
002983,芯瑞达,19.54,19.54,19.56,19.41,19.41,19.65,19.05,1517998.0,29466958.0,0.67,0.13
002984,森麒麟,14.0,14.0,14.01,14.21,14.15,14.19,13.8,10798810.0,150483955.0,-1.478,-0.21
002985,北摩高科,25.21,25.21,25.22,25.23,25.07,25.33,24.87,2004430.0,50451707.0,-0.079,-0.02
002986,宇新股份,13.3,13.3,13.31,13.45,13.39,13.45,13.18,2583984.0,34333992.0,-1.115,-0.15
002987,京北方,11.08,11.08,11.09,10.98,10.95,11.35,10.88,24855827.0,275769463.0,0.911,0.1
002988,豪美新材,24.11,24.11,0.0,21.92,21.8,24.11,21.68,11864974.0,280388777.0,9.991,2.19
002989,中天精装,24.67,24.67,24.68,25.0,24.66,25.28,23.8,5574278.0,137057317.0,-1.32,-0.33
002990,盛视科技,50.05,50.05,50.06,50.5,50.2,51.46,49.1,7764600.0,389600874.0,-0.891,-0.45
002991,甘源食品,41.42,41.4,41.42,42.2,42.11,42.11,40.63,923400.0,38052264.0,-1.848,-0.78
002992,宝明科技,34.24,34.24,34.26,34.52,34.1,34.58,33.6,780600.0,26714682.0,-0.811,-0.28
002993,奥海科技,38.38,38.38,38.39,37.76,37.48,38.55,36.84,4575799.0,174026925.0,1.642,0.62
002995,天地在线,16.79,16.78,16.79,16.87,16.73,16.87,16.35,2975293.0,49538478.0,-0.474,-0.08
002996,顺博合金,6.26,6.25,6.26,6.21,6.21,6.27,6.08,6535360.0,40603988.0,0.805,0.05
002997,瑞鹄模具,28.16,28.15,28.16,27.19,27.75,28.34,27.56,4687820.0,131277216.0,3.567,0.97
002998,优彩资源,7.8,7.79,7.8,7.78,7.76,7.82,7.62,5911800.0,45717034.0,0.257,0.02
002999,天禾股份,5.99,5.98,5.99,6.04,6.0,6.04,5.87,6598839.0,39211165.0,-0.828,-0.05
003000,劲仔食品,10.17,10.17,10.18,10.43,10.4,10.41,10.16,3963546.0,40522144.0,-2.493,-0.26
003001,中岩大地,15.6,15.59,15.6,15.9,15.86,15.87,15.37,6484968.0,100894945.0,-1.887,-0.3
003002,壶化股份,16.45,16.45,16.46,16.1,15.91,16.55,15.8,2788100.0,44990918.0,2.174,0.35
003003,天元股份,11.07,11.07,11.09,11.07,10.98,11.14,10.81,2621900.0,28799795.0,0.0,0.0
003004,声迅股份,71.03,71.03,71.2,71.41,70.88,72.53,69.6,1168212.0,83012751.0,-0.532,-0.38
003005,竞业达,13.39,13.38,13.39,13.53,13.53,13.54,13.2,2056880.0,27421748.0,-1.035,-0.14
003006,百亚股份,13.6,13.59,13.6,13.5,13.49,13.65,13.35,7600100.0,102767109.0,0.741,0.1
003007,直真科技,37.31,37.3,37.32,37.16,37.16,37.55,36.56,1280404.0,47569345.0,0.404,0.15
003008,开普检测,19.45,19.45,19.51,19.49,19.6,19.6,18.95,1343900.0,25874238.0,-0.205,-0.04
003009,中天火箭,47.12,47.11,47.12,46.83,46.63,47.3,46.16,2899507.0,135935063.0,0.619,0.29
003010,若羽臣,29.14,29.14,29.15,29.16,29.16,29.48,27.98,15585904.0,449841222.0,-0.069,-0.02
003011,海象新材,20.65,20.64,20.65,20.71,20.73,20.84,20.3,1775129.0,36603639.0,-0.29,-0.06
003012,东鹏控股,4.68,4.68,4.69,4.77,4.77,4.77,4.62,6776659.0,31661797.0,-1.887,-0.09
003013,地铁设计,18.67,18.64,18.67,18.56,18.27,18.87,18.12,6911223.0,127746648.0,0.593,0.11
003015,日久光电,12.31,12.3,12.31,12.41,12.25,12.42,12.13,5169100.0,63500792.0,-0.806,-0.1
003016,欣贺股份,6.9,6.87,6.9,6.99,6.98,6.98,6.78,3427800.0,23494688.0,-1.288,-0.09
003017,大洋生物,22.42,22.4,22.42,22.42,22.23,22.46,21.95,1362920.0,30288712.0,0.0,0.0
003018,金富科技,43.02,43.02,0.0,39.11,38.79,43.02,38.79,8991753.0,376032224.0,9.997,3.91
003019,宸展光电,24.07,24.07,24.09,23.67,23.64,24.28,23.15,3203325.0,75958848.0,1.69,0.4
003020,立方制药,18.15,18.15,18.16,18.98,18.5,18.78,18.0,11565321.0,210873485.0,-4.373,-0.83
003021,兆威机电,68.31,68.31,68.33,68.04,67.55,68.88,66.17,4030171.0,272552212.0,0.397,0.27
003022,联泓新科,20.11,20.11,20.12,20.26,20.12,20.29,19.9,7794481.0,156744134.0,-0.74,-0.15
003023,彩虹集团,27.55,27.55,27.58,27.63,27.65,27.99,27.03,3161660.0,86694649.0,-0.29,-0.08
003025,思进智能,12.46,12.45,12.46,12.28,12.27,12.5,12.08,3293709.0,40784877.0,1.466,0.18
003026,中晶科技,29.4,29.39,29.4,29.35,29.22,29.74,28.83,4847960.0,142084262.0,0.17,0.05
003027,同兴科技,16.52,16.52,16.53,16.43,16.32,16.55,16.03,1490034.0,24285920.0,0.548,0.09
003028,振邦智能,22.57,22.53,22.58,22.39,22.4,22.64,22.11,631321.0,14165313.0,0.804,0.18
003029,吉大正元,16.65,16.64,16.65,16.33,16.25,16.69,16.15,2976011.0,49062217.0,1.96,0.32
003030,祖名股份,21.68,21.68,21.7,21.97,21.85,22.05,21.33,2553700.0,55198602.0,-1.32,-0.29
003031,中瓷电子,142.04,142.04,0.0,129.13,128.19,142.04,126.11,16117945.0,2202510037.0,9.998,12.91
003032,传智教育,10.76,0.0,10.76,11.95,11.5,11.7,10.76,46574306.0,514787973.0,-9.958,-1.19
003033,征和工业,69.0,68.95,69.0,65.54,65.03,69.28,65.03,2124642.0,144573691.0,5.279,3.46
003035,南网能源,5.21,5.21,5.22,5.18,5.16,5.22,5.11,13614611.0,70463639.0,0.579,0.03
003036,泰坦股份,53.12,53.12,53.13,53.1,52.27,55.86,51.38,8040202.0,433168835.0,0.038,0.02
003037,三和管桩,5.64,5.63,5.64,5.66,5.61,5.66,5.54,2055640.0,11512712.0,-0.353,-0.02
003038,鑫铂股份,10.76,10.76,10.77,10.75,10.7,10.81,10.55,3595541.0,38415012.0,0.093,0.01
003039,顺控发展,11.9,11.9,11.91,11.96,11.94,11.97,11.74,2437000.0,28873228.0,-0.502,-0.06
003040,楚天龙,12.79,12.79,0.0,11.63,12.48,12.79,12.48,31153562.0,397633804.0,9.974,1.16
003041,真爱美家,39.81,39.75,39.92,40.56,40.56,40.64,39.4,1552348.0,61942602.0,-1.849,-0.75
003042,中农联合,14.17,14.17,14.22,14.46,14.2,14.45,13.35,15223269.0,210683472.0,-2.006,-0.29
003043,华亚智能,71.63,71.63,71.65,73.77,72.86,75.2,70.0,5136433.0,372298289.0,-2.901,-2.14
003816,中国广核,3.84,3.84,3.85,3.87,3.86,3.87,3.83,55073943.0,211617269.0,-0.775,-0.03
300001,特锐德,36.27,36.27,36.28,35.87,35.8,37.08,35.58,14129074.0,515939952.0,1.115,0.4
300002,神州泰岳,7.95,7.94,7.95,8.04,8.01,8.03,7.92,22971263.0,182966298.0,-1.119,-0.09
300003,乐普医疗,12.17,12.16,12.17,12.8,12.61,12.68,12.13,41425622.0,508235803.0,-4.922,-0.63
300004,南风股份,9.88,9.87,9.88,8.78,8.78,10.54,8.58,94192210.0,924804183.0,12.528,1.1
300005,探路者,10.85,10.84,10.85,10.79,10.77,11.05,10.5,45408067.0,491721451.0,0.556,0.06
300006,莱美药业,5.27,5.27,5.28,5.94,5.64,5.82,5.15,132952278.0,719014814.0,-11.279,-0.67
300007,汉威科技,31.36,31.35,31.36,31.26,31.25,31.48,30.69,6727685.0,209810048.0,0.32,0.1
300008,天海防务,6.1,6.1,6.11,6.04,6.01,6.12,5.95,27086061.0,164052169.0,0.993,0.06
300009,安科生物,8.97,8.96,8.97,10.15,9.55,9.6,8.84,152129719.0,1383934677.0,-11.626,-1.18
300010,ST豆神,2.17,2.17,2.18,2.15,2.14,2.19,2.09,23743200.0,50885558.0,0.93,0.02
300011,鼎汉技术,6.01,6.0,6.01,5.95,5.95,6.02,5.85,7194733.0,42764003.0,1.008,0.06
300012,华测检测,15.13,15.13,15.14,15.26,15.24,15.25,14.75,46290674.0,693941349.0,-0.852,-0.13
300013,新宁物流,4.07,4.07,4.08,4.01,3.99,4.08,3.96,13523000.0,54339416.0,1.496,0.06
300014,亿纬锂能,55.79,55.79,55.8,55.06,55.3,57.05,54.53,42965923.0,2408140003.0,1.326,0.73
300015,爱尔眼科,8.33,8.33,8.34,8.58,8.52,8.53,8.32,73497023.0,615540528.0,-2.914,-0.25
300016,北陆药业,10.44,10.44,0.0,8.7,8.61,10.44,8.48,127350753.0,1230292514.0,20.0,1.74
300017,网宿科技,15.54,15.53,15.54,15.86,15.92,16.03,15.27,146328236.0,2265028940.0,-2.018,-0.32
300018,中元股份,11.65,11.65,11.66,11.5,11.8,12.41,11.54,23620446.0,282639787.0,1.304,0.15
300019,硅宝科技,14.54,14.54,14.55,14.48,14.42,14.55,14.21,3398497.0,49049722.0,0.414,0.06
300020,ST银江,3.44,3.43,3.44,3.36,3.35,3.46,3.29,7322800.0,24948137.0,2.381,0.08
300021,大禹节水,3.85,3.85,3.86,3.96,3.92,3.95,3.82,17721900.0,68235055.0,-2.778,-0.11
300022,吉峰科技,8.11,8.09,8.11,8.11,8.13,8.17,8.03,5071684.0,41031312.0,0.0,0.0
300024,机器人,14.88,14.88,14.89,14.94,14.82,15.05,14.7,23501227.0,350459786.0,-0.402,-0.06
300025,华星创业,5.13,5.13,5.14,5.12,5.1,5.16,5.03,8761200.0,44692322.0,0.195,0.01
300026,红日药业,3.4,3.4,3.41,3.61,3.56,3.58,3.37,116325287.0,399702969.0,-5.817,-0.21
300027,ST华谊,1.8,1.79,1.8,1.77,1.77,1.8,1.76,25151801.0,44934104.0,1.695,0.03
300030,阳普医疗,6.83,6.81,6.83,7.01,6.97,6.97,6.7,10455200.0,70954123.0,-2.568,-0.18
300031,宝通科技,21.25,21.25,21.26,21.26,21.13,21.42,20.69,14039003.0,295762085.0,-0.047,-0.01
300032,金龙机电,3.8,3.8,3.81,3.71,3.7,3.81,3.63,18104065.0,67818060.0,2.426,0.09
300033,同花顺,222.13,222.13,222.14,220.22,219.0,223.77,218.01,8801361.0,1945462489.0,0.867,1.91
300034,钢研高纳,15.54,15.53,15.54,15.41,15.26,15.57,15.15,6563410.0,101115173.0,0.844,0.13
300035,中科电气,13.85,13.85,13.86,14.19,14.03,14.2,13.73,30388656.0,424222367.0,-2.396,-0.34
300036,超图软件,11.02,11.01,11.02,11.04,11.0,11.07,10.84,5359355.0,58741593.0,-0.181,-0.02
300037,新宙邦,63.35,63.35,63.36,65.15,64.05,66.31,62.5,18395556.0,1179148650.0,-2.763,-1.8
300039,上海凯宝,5.54,5.54,5.55,5.89,5.74,5.79,5.45,55633019.0,309861967.0,-5.942,-0.35
300040,九洲集团,5.8,5.8,5.81,5.81,5.75,5.83,5.65,17281053.0,99497861.0,-0.172,-0.01
300041,回天新材,10.84,10.84,10.85,10.83,10.73,10.94,10.5,15046517.0,162203288.0,0.092,0.01
300042,朗科科技,40.24,40.24,40.25,39.51,39.12,40.55,38.54,11149014.0,444309512.0,1.848,0.73
300043,星辉娱乐,4.44,4.43,4.44,4.49,4.45,4.49,4.39,17515509.0,77520307.0,-1.114,-0.05
300044,*ST赛为,5.15,5.14,5.15,5.09,5.06,5.18,5.02,9047944.0,46107398.0,1.179,0.06
300045,华力创通,12.75,12.74,12.75,12.6,12.5,12.82,12.4,9444702.0,119849485.0,1.19,0.15
300046,台基股份,25.62,25.61,25.62,24.62,24.14,26.42,24.13,12846478.0,329147608.0,4.062,1.0
300047,天源迪科,9.06,9.06,9.07,9.1,9.11,9.14,8.93,9299606.0,84055748.0,-0.44,-0.04
300048,合康新能,5.0,4.99,5.0,5.11,5.05,5.06,4.95,9471894.0,47334642.0,-2.153,-0.11
300049,福瑞医科,41.67,41.66,41.67,42.98,42.28,42.89,41.22,6388575.0,268114474.0,-3.048,-1.31
300050,世纪鼎利,6.86,6.85,6.86,6.95,6.95,6.95,6.69,20870740.0,142322155.0,-1.295,-0.09
300051,琏升科技,8.33,8.33,8.34,8.33,8.26,8.38,8.03,13830600.0,114149513.0,0.0,0.0
300052,中青宝,10.56,10.56,10.57,10.72,10.58,10.7,10.3,9522697.0,100012935.0,-1.493,-0.16
300053,航宇微,11.9,11.9,11.91,11.9,11.72,12.03,11.6,12653497.0,150242157.0,0.0,0.0
300054,鼎龙股份,73.84,73.84,73.85,74.46,74.0,75.3,73.0,18820346.0,1394117471.0,-0.833,-0.62
300055,万邦达,6.04,6.04,6.05,5.89,5.9,6.11,5.77,19284639.0,115471933.0,2.547,0.15
300056,中创环保,8.5,8.5,8.51,8.49,8.53,8.64,8.4,9141997.0,77852084.0,0.118,0.01
300057,万顺新材,6.55,6.55,6.56,6.35,6.28,6.57,6.22,27248321.0,175336647.0,3.15,0.2
300058,蓝色光标,13.68,13.67,13.68,13.64,13.61,13.72,13.26,164323225.0,2227467583.0,0.293,0.04
300059,东方财富,18.91,18.9,18.91,18.8,18.74,18.99,18.63,158647946.0,2986012581.0,0.585,0.11
300061,旗天科技,6.31,6.3,6.31,6.28,6.22,6.36,6.11,13320882.0,83370883.0,0.478,0.03
300062,中能电气,6.22,6.21,6.22,6.22,6.13,6.22,6.09,12896576.0,79740754.0,0.0,0.0
300063,天龙集团,8.87,8.86,8.87,8.95,8.8,8.87,8.61,23230473.0,203901638.0,-0.894,-0.08
300065,海兰信,15.12,15.12,15.13,15.11,15.01,15.35,14.88,25837355.0,390517627.0,0.066,0.01
300066,三川智慧,4.99,4.99,5.0,4.96,4.92,5.01,4.87,9312147.0,46156677.0,0.605,0.03
300067,安诺其,5.19,5.18,5.19,5.2,5.13,5.2,5.02,27686511.0,142285104.0,-0.192,-0.01
300068,ST南都,3.99,3.98,3.99,3.98,3.92,4.04,3.86,29419600.0,116173563.0,0.251,0.01
300069,金利华电,27.0,27.0,27.01,30.71,29.51,29.6,26.53,24077929.0,660125797.0,-12.081,-3.71
300070,碧水源,3.43,3.43,3.44,3.45,3.44,3.45,3.39,21979877.0,75156178.0,-0.58,-0.02
300071,福石控股,3.98,3.98,3.99,4.04,3.99,4.02,3.88,37996117.0,150408846.0,-1.485,-0.06
300072,海新能科,3.81,3.8,3.81,3.86,3.83,3.88,3.76,42824833.0,162846978.0,-1.295,-0.05
300073,当升科技,41.31,41.31,41.33,40.71,40.72,42.1,40.32,11150118.0,461585457.0,1.474,0.6
300074,华平股份,3.81,3.8,3.81,3.8,3.77,3.83,3.71,12444600.0,46920050.0,0.263,0.01
300075,数字政通,10.75,10.75,10.76,10.76,10.7,10.81,10.56,7216121.0,77253190.0,-0.093,-0.01
300076,*ST宁视,4.51,4.51,4.52,4.5,4.49,4.55,4.43,3380000.0,15214313.0,0.222,0.01
300077,国民技术,19.41,19.4,19.41,19.19,19.01,19.71,18.96,23095452.0,448218361.0,1.146,0.22
300078,思创智联,3.09,3.09,3.1,3.19,3.16,3.17,2.98,33605295.0,103327768.0,-3.135,-0.1
300079,数码视讯,4.38,4.37,4.38,4.41,4.38,4.42,4.33,13101519.0,57183709.0,-0.68,-0.03
300080,易成新能,3.73,3.73,3.74,3.7,3.69,3.75,3.65,10338816.0,38382363.0,0.811,0.03
300081,ST恒信,3.2,3.19,3.2,3.11,3.06,3.24,3.03,15269727.0,48234650.0,2.894,0.09
300082,奥克股份,7.81,7.8,7.81,7.83,7.69,7.83,7.61,8235800.0,63699888.0,-0.255,-0.02
300083,创世纪,13.53,13.52,13.53,13.41,13.36,14.03,13.14,64044420.0,871403668.0,0.895,0.12
300084,海默科技,10.47,10.47,10.48,10.38,10.51,10.54,10.2,6664600.0,69542416.0,0.867,0.09
300085,银之杰,29.3,29.29,29.3,28.62,28.41,29.5,28.09,30075476.0,871337659.0,2.376,0.68
300086,康芝药业,6.62,6.61,6.62,6.89,6.8,6.83,6.49,18210766.0,120162667.0,-3.919,-0.27
300087,ST荃银,5.47,5.46,5.47,5.71,5.65,5.65,5.43,16975990.0,93070227.0,-4.203,-0.24
300088,长信科技,7.31,7.31,7.32,7.3,7.24,7.35,7.1,81949210.0,595545828.0,0.137,0.01
300091,*ST金灵,2.57,2.56,2.57,2.55,2.55,2.61,2.53,4401600.0,11326508.0,0.784,0.02
300092,科新机电,11.66,11.65,11.66,11.61,11.47,11.69,11.4,2688115.0,31116504.0,0.431,0.05
300093,金刚光伏,25.93,25.93,25.96,23.82,23.7,27.28,22.63,25995321.0,664965801.0,8.858,2.11
300094,国联水产,2.82,2.82,2.83,2.86,2.87,2.89,2.75,46117229.0,129692870.0,-1.399,-0.04
300095,华伍股份,7.99,7.99,8.0,7.91,7.91,8.03,7.75,3936778.0,31230147.0,1.011,0.08
300096,ST易联众,9.61,9.6,9.61,9.48,9.45,9.67,9.41,2229700.0,21396461.0,1.371,0.13
300097,智云股份,10.6,10.6,10.61,10.05,10.17,10.99,9.83,39930962.0,420551493.0,5.473,0.55
300098,高新兴,4.44,4.44,4.45,4.45,4.42,4.5,4.4,24780361.0,110040284.0,-0.225,-0.01
300099,尤洛卡,5.95,5.95,5.96,5.94,5.89,5.98,5.82,7077204.0,41888397.0,0.168,0.01
300100,双林股份,20.78,20.78,20.79,20.85,20.68,20.92,20.46,5537932.0,114895261.0,-0.336,-0.07
300101,振芯科技,14.06,14.06,14.07,14.02,13.97,14.14,13.81,4610748.0,64697492.0,0.285,0.04
300102,乾照光电,18.13,18.13,18.14,17.79,17.52,18.37,17.5,25909702.0,465882240.0,1.911,0.34
300103,达刚控股,7.87,7.87,7.88,7.76,7.68,7.9,7.4,5803200.0,44565080.0,1.418,0.11
300105,龙源技术,7.6,7.59,7.6,7.6,7.61,7.65,7.43,17405531.0,131505759.0,0.0,0.0
300106,西部牧业,9.87,9.87,9.88,9.94,9.84,10.05,9.69,11795200.0,115755611.0,-0.704,-0.07
300107,建新股份,6.44,6.44,6.45,6.39,6.38,6.48,6.23,9156122.0,58327396.0,0.782,0.05
300109,新开源,16.4,16.39,16.4,15.98,14.88,16.76,14.87,88461413.0,1409358304.0,2.628,0.42
300110,华仁药业,2.86,2.85,2.86,2.96,2.93,2.94,2.8,33963791.0,96762600.0,-3.378,-0.1
300111,向日葵,3.0,3.0,3.01,3.12,3.05,3.07,2.94,52887571.0,158362420.0,-3.846,-0.12
300112,万讯自控,9.32,9.32,9.33,9.91,9.75,9.92,8.78,47035372.0,442024964.0,-5.954,-0.59
300113,顺网科技,16.69,16.69,16.7,16.79,16.69,16.77,16.39,10335091.0,171742462.0,-0.596,-0.1
300115,长盈精密,26.06,26.05,26.06,24.94,24.67,26.49,24.45,36889054.0,940326683.0,4.491,1.12
300118,东方日升,9.78,9.78,9.79,9.73,9.62,9.86,9.5,19606200.0,190767047.0,0.514,0.05
300119,瑞普生物,17.92,17.92,17.95,18.61,18.35,18.42,17.72,8362207.0,150133547.0,-3.708,-0.69
300120,经纬辉开,9.0,9.0,9.01,9.0,9.2,9.26,8.8,53598783.0,483482931.0,0.0,0.0
300121,阳谷华泰,9.61,9.61,9.62,9.69,9.6,9.68,9.41,7171400.0,68666567.0,-0.826,-0.08
300122,智飞生物,13.9,13.9,13.91,14.48,13.4,14.46,13.2,111535099.0,1551344061.0,-4.006,-0.58
300123,ST亚光,4.5,4.49,4.5,4.36,4.31,4.51,4.27,23124324.0,101693164.0,3.211,0.14
300124,汇川技术,59.03,59.03,59.04,59.12,58.8,59.52,58.3,14306789.0,844334114.0,-0.152,-0.09
300125,聆达股份,8.51,8.51,8.52,8.29,8.26,8.59,8.17,6028500.0,50873316.0,2.654,0.22
300126,锐奇股份,6.44,6.44,6.48,6.39,6.37,6.49,6.2,4173124.0,26608547.0,0.782,0.05
300127,银河磁体,24.71,24.71,24.72,24.75,24.59,24.82,24.18,3181639.0,78215246.0,-0.162,-0.04
300128,锦富技术,4.95,4.95,4.96,4.4,4.37,5.09,4.32,77583807.0,369238165.0,12.5,0.55
300129,泰胜风能,7.47,7.47,7.48,7.4,7.34,7.53,7.29,11851094.0,88181521.0,0.946,0.07
300130,新国都,18.25,18.24,18.25,17.96,18.1,18.49,17.88,13211007.0,239880378.0,1.615,0.29
300131,英唐智控,16.84,16.83,16.84,16.47,16.54,17.35,16.2,57350049.0,963642300.0,2.247,0.37
300132,诺斯贝尔,6.28,6.28,6.29,6.4,6.26,6.36,6.14,16046531.0,100116178.0,-1.875,-0.12
300133,华策影视,6.91,6.91,6.92,6.84,7.04,7.08,6.86,51546118.0,358054619.0,1.023,0.07
300134,大富科技,8.17,8.16,8.17,8.11,8.02,8.21,7.96,11095614.0,90142157.0,0.74,0.06
300135,宝利国际,3.38,3.37,3.38,3.28,3.25,3.4,3.24,24634192.0,82527501.0,3.049,0.1
300136,信维通信,60.96,60.95,60.96,59.62,58.76,61.78,58.58,42473142.0,2571520273.0,2.248,1.34
300137,先河环保,11.75,11.75,11.76,11.86,11.73,11.96,11.53,12084300.0,141937259.0,-0.927,-0.11
300138,晨光生物,10.98,10.98,11.0,11.34,11.34,11.34,10.92,6473513.0,71276737.0,-3.175,-0.36
300139,晓程科技,53.68,53.67,53.68,49.45,50.69,54.0,49.46,68631938.0,3557725607.0,8.554,4.23
300140,节能环境,5.38,5.37,5.38,5.38,5.38,5.41,5.31,7815300.0,41829334.0,0.0,0.0
300141,和顺电气,9.84,9.84,9.85,9.84,9.8,9.92,9.64,4337700.0,42552648.0,0.0,0.0
300142,沃森生物,16.1,16.1,16.11,15.12,15.72,16.97,15.3,509265315.0,8179433603.0,6.481,0.98
300143,盈康生命,7.69,7.69,7.7,7.9,7.79,7.85,7.63,12445125.0,95929052.0,-2.658,-0.21
300144,宋城演艺,5.97,5.97,5.98,6.03,6.02,6.03,5.94,20687570.0,123701799.0,-0.995,-0.06
300145,南方泵业,4.2,4.19,4.2,4.05,4.01,4.3,3.98,69163982.0,288066871.0,3.704,0.15
300146,汤臣倍健,9.72,9.72,9.73,9.94,9.9,9.92,9.64,12886901.0,125301319.0,-2.213,-0.22
300147,*ST香雪,6.88,6.88,6.89,7.09,7.0,7.08,6.87,7873000.0,54498565.0,-2.962,-0.21
300148,天舟文化,3.36,3.35,3.36,3.38,3.35,3.37,3.3,12437721.0,41483769.0,-0.592,-0.02
300149,睿智医药,10.38,10.37,10.38,11.35,10.98,11.13,10.33,52730303.0,557959499.0,-8.546,-0.97
300150,世纪瑞尔,4.27,4.27,4.28,4.25,4.27,4.28,4.16,3569415.0,15074619.0,0.471,0.02
300151,昌红科技,16.88,16.88,16.89,16.04,15.86,17.23,15.4,28232311.0,466425870.0,5.237,0.84
300152,*ST动力,1.62,1.62,1.63,1.61,1.6,1.64,1.57,13770500.0,22169964.0,0.621,0.01
300153,科泰电源,21.51,21.51,21.53,21.5,21.5,21.8,20.8,10573001.0,226453032.0,0.047,0.01
300154,瑞凌股份,11.75,11.74,11.75,11.93,11.77,11.94,11.4,16892100.0,196567137.0,-1.509,-0.18
300155,安居宝,4.43,4.43,4.44,4.27,4.23,4.44,4.18,30300133.0,131490062.0,3.747,0.16
300157,新锦动力,3.97,3.96,3.97,3.84,3.83,3.99,3.76,33954916.0,132916476.0,3.385,0.13
300158,振东制药,5.22,5.22,5.23,5.5,5.41,5.42,5.16,29476400.0,154449490.0,-5.091,-0.28
300159,新研股份,2.93,2.92,2.93,2.87,2.85,2.97,2.83,30513527.0,88630901.0,2.091,0.06
300160,秀强股份,4.34,4.34,4.35,4.34,4.36,4.37,4.28,5764088.0,24944907.0,0.0,0.0
300161,华中数控,27.2,27.2,27.21,27.55,27.4,27.5,26.82,3530579.0,96252834.0,-1.27,-0.35
300162,雷曼光电,7.73,7.73,7.74,7.49,7.39,7.92,7.24,26563577.0,202363338.0,3.204,0.24
300163,先锋新材,6.72,6.72,6.73,6.55,6.54,6.83,6.44,21896000.0,145607911.0,2.595,0.17
300164,通源石油,10.22,10.22,10.23,10.42,10.42,10.82,10.2,136419690.0,1432705697.0,-1.919,-0.2
300165,天瑞仪器,5.11,5.1,5.11,5.16,5.08,5.13,4.92,11809400.0,59675861.0,-0.969,-0.05
300166,东方国信,13.17,13.16,13.17,13.02,13.02,13.2,12.72,28438932.0,370110445.0,1.152,0.15
300167,ST迪威迅,4.26,4.26,4.27,4.23,4.23,4.31,4.14,5064000.0,21444296.0,0.709,0.03
300168,万达信息,4.98,4.98,4.99,5.04,5.0,5.02,4.93,12076885.0,60057830.0,-1.19,-0.06
300169,天晟新材,5.55,5.54,5.55,5.61,5.55,5.59,5.43,7585900.0,41840170.0,-1.07,-0.06
300170,汉得信息,15.53,15.53,15.54,15.6,15.48,15.6,15.18,24352720.0,376357810.0,-0.449,-0.07
300171,东富龙,14.43,14.43,14.44,14.9,14.26,14.88,14.09,31663694.0,457428240.0,-3.154,-0.47
300172,中电环保,4.6,4.6,4.61,4.61,4.6,4.62,4.52,9532502.0,43501075.0,-0.217,-0.01
300173,ST福能,3.3,3.3,3.31,3.25,3.28,3.36,3.26,7943600.0,26289491.0,1.538,0.05
300174,元力股份,19.83,19.83,19.84,19.34,19.23,20.05,18.75,12336340.0,241009418.0,2.534,0.49
300175,朗源股份,5.93,5.93,5.94,5.97,5.97,5.97,5.83,5664300.0,33381303.0,-0.67,-0.04
300176,鸿特科技,4.68,4.68,4.69,4.72,4.95,5.16,4.66,43777117.0,212524125.0,-0.847,-0.04
300177,中海达,6.17,6.17,6.18,6.16,6.09,6.22,6.01,5757950.0,35321124.0,0.162,0.01
300179,四方达,35.77,35.77,35.78,34.78,34.4,36.25,33.88,26922807.0,953396941.0,2.846,0.99
300180,华峰超纤,4.53,4.52,4.53,4.23,4.27,4.94,4.21,139432322.0,644993244.0,7.092,0.3
300181,佐力药业,14.15,14.14,14.15,14.84,14.6,14.61,14.02,33060601.0,469665862.0,-4.65,-0.69
300182,捷成股份,4.83,4.83,4.84,4.84,4.81,4.86,4.75,53005528.0,255273940.0,-0.207,-0.01
300183,东软载波,10.44,10.44,10.45,10.35,10.3,10.46,10.16,2410411.0,24874543.0,0.87,0.09
300184,力源信息,11.96,11.95,11.96,11.9,11.8,12.05,11.62,32780551.0,390198561.0,0.504,0.06
300185,通裕重工,2.67,2.67,2.68,2.66,2.66,2.68,2.62,43982720.0,116668862.0,0.376,0.01
300187,永清环保,4.56,4.56,4.57,4.6,4.53,4.59,4.48,6290100.0,28580524.0,-0.87,-0.04
300188,国投智能,10.16,10.16,10.17,10.23,10.22,10.28,10.04,6121472.0,62240543.0,-0.684,-0.07
300189,神农种业,5.59,5.59,5.6,6.34,6.08,6.15,5.55,267050802.0,1509844224.0,-11.83,-0.75
300190,维尔利,3.69,3.68,3.69,3.65,3.62,3.74,3.55,12206500.0,44741000.0,1.096,0.04
300191,潜能恒信,33.44,33.44,33.45,33.2,33.57,34.39,32.77,15846757.0,532052584.0,0.723,0.24
300192,科德教育,15.96,15.95,15.96,15.0,14.94,16.04,14.93,33983013.0,536197927.0,6.4,0.96
300193,佳士科技,7.67,7.67,7.68,7.72,7.66,7.72,7.57,2855725.0,21844162.0,-0.648,-0.05
300194,福安药业,3.93,3.93,3.94,4.09,4.03,4.04,3.89,28625471.0,112943664.0,-3.912,-0.16
300195,长荣股份,5.54,5.54,5.55,5.48,5.45,5.59,5.32,8413800.0,46106925.0,1.095,0.06
300196,长海股份,17.65,17.65,17.66,17.49,17.35,17.69,16.94,9643600.0,168380347.0,0.915,0.16
300197,节能铁汉,2.02,2.02,2.03,2.06,2.03,2.04,1.99,89144779.0,179630348.0,-1.942,-0.04
300198,*ST纳川,2.36,2.35,2.36,2.36,2.34,2.45,2.34,11907600.0,28382282.0,0.0,0.0
300199,翰宇药业,23.1,23.1,23.11,24.1,24.0,24.08,22.95,50297202.0,1172070717.0,-4.149,-1.0
300200,高盟新材,8.49,8.49,8.5,8.64,8.51,8.56,8.27,8755818.0,73896873.0,-1.736,-0.15
300201,海伦哲,15.25,15.24,15.25,14.48,14.5,15.28,14.25,33925312.0,503545951.0,5.318,0.77
300203,聚光科技,13.21,13.2,13.21,13.23,13.13,13.39,13.08,5949090.0,78624805.0,-0.151,-0.02
300204,舒泰神,22.18,22.18,22.19,24.08,23.45,23.52,21.8,36828446.0,821370405.0,-7.89,-1.9
300205,*ST天喻,4.87,4.86,4.87,4.81,4.8,4.98,4.8,1567300.0,7669968.0,1.247,0.06
300206,理邦仪器,12.13,12.13,12.14,12.21,12.12,12.22,11.92,4500222.0,54183327.0,-0.655,-0.08
300207,欣旺达,18.01,18.0,18.01,17.87,17.78,18.29,17.7,30484216.0,549105374.0,0.783,0.14
300209,行云科技,32.3,32.3,32.31,32.92,32.98,33.15,31.8,60559168.0,1960486029.0,-1.883,-0.62
300210,森远股份,8.54,8.53,8.54,8.3,8.2,8.64,8.2,7980365.0,67618373.0,2.892,0.24
300211,*ST亿通,7.48,7.47,7.48,7.57,7.48,7.55,7.39,3220800.0,24034839.0,-1.189,-0.09
300212,*ST易录,7.67,7.67,7.68,8.69,8.0,8.17,7.34,30603484.0,238883262.0,-11.738,-1.02
300213,佳讯飞鸿,6.24,6.24,6.25,6.26,6.27,6.29,6.1,8422812.0,52405223.0,-0.319,-0.02
300214,日科化学,12.9,12.9,0.0,10.75,10.99,12.9,10.67,65874905.0,790411158.0,20.0,2.15
300215,电科院,6.02,6.01,6.02,6.01,6.0,6.04,5.92,5822644.0,34859719.0,0.166,0.01
300217,东方电热,4.29,4.28,4.29,4.3,4.27,4.31,4.22,12808605.0,54713529.0,-0.233,-0.01
300218,安利股份,12.57,12.57,12.58,12.56,12.43,12.63,12.28,1358600.0,16978824.0,0.08,0.01
300219,鸿利智汇,6.93,6.92,6.93,6.82,6.76,6.96,6.64,11361104.0,77948365.0,1.613,0.11
300220,金运激光,10.88,10.88,10.9,10.85,10.83,10.94,10.56,1996600.0,21548820.0,0.276,0.03
300221,银禧科技,14.4,14.4,14.41,13.11,13.11,14.41,13.11,38421126.0,536894891.0,9.84,1.29
300222,科大智能,10.2,10.2,10.21,10.1,10.0,10.24,9.87,14252631.0,144087392.0,0.99,0.1
300223,君正股份,138.48,138.48,138.49,138.3,138.09,140.46,136.71,24581699.0,3403767440.0,0.13,0.18
300224,正海磁材,11.05,11.05,11.06,11.02,10.93,11.08,10.85,6792450.0,74784630.0,0.272,0.03
300225,金力泰,7.37,7.37,7.38,7.3,7.38,7.51,7.15,9754700.0,71931266.0,0.959,0.07
300226,上海钢联,15.73,15.72,15.73,15.78,15.66,15.78,15.44,3477078.0,54357199.0,-0.317,-0.05
300227,光韵达,11.75,11.75,11.76,11.67,11.68,11.92,11.41,14096700.0,165668180.0,0.686,0.08
300228,富瑞特装,7.27,7.27,7.28,7.26,7.2,7.29,7.1,8294202.0,60061168.0,0.138,0.01
300229,拓尔思,13.47,13.47,13.48,13.52,13.42,13.58,13.17,14716435.0,197105499.0,-0.37,-0.05
300230,永利股份,4.27,4.26,4.27,4.28,4.27,4.29,4.21,6960590.0,29583999.0,-0.234,-0.01
300231,银信科技,8.18,8.18,8.19,8.17,8.12,8.2,7.96,7930887.0,64153722.0,0.122,0.01
300232,洲明科技,5.19,5.18,5.19,5.09,5.04,5.19,5.0,12327205.0,63132039.0,1.965,0.1
300233,金城医药,13.77,13.77,13.79,14.42,14.21,14.21,13.6,14327842.0,197797193.0,-4.508,-0.65
300234,开尔新材,9.53,9.53,9.54,9.42,9.52,9.65,9.16,10693200.0,101130369.0,1.168,0.11
300235,方直科技,10.82,10.82,10.83,10.78,10.75,10.88,10.54,3930400.0,42178884.0,0.371,0.04
300236,上海新阳,88.7,88.69,88.7,95.77,92.24,93.2,86.78,17375219.0,1547693062.0,-7.382,-7.07
300237,ST美晨,1.98,1.98,1.99,1.95,1.95,1.99,1.93,10251180.0,20062432.0,1.538,0.03
300238,冠昊生物,11.95,11.95,11.98,12.43,12.12,12.31,11.78,9573129.0,114777387.0,-3.862,-0.48
300239,东宝生物,5.27,5.26,5.27,5.22,5.11,5.31,5.0,20900815.0,107503170.0,0.958,0.05
300240,飞力达,6.08,6.08,6.1,6.15,6.12,6.15,5.99,9583137.0,58101853.0,-1.138,-0.07
300241,瑞丰光电,5.73,5.72,5.73,5.73,5.65,5.8,5.53,22766642.0,129116118.0,0.0,0.0
300242,佳云科技,4.03,4.03,4.04,4.06,4.02,4.04,3.96,12403378.0,49688770.0,-0.739,-0.03
300243,瑞丰高材,16.76,16.76,16.77,17.0,16.8,17.18,16.43,29495462.0,493938175.0,-1.412,-0.24
300244,迪安诊断,20.65,20.65,20.66,20.87,20.8,21.85,20.28,50295878.0,1063225835.0,-1.054,-0.22
300245,ST天玑,5.61,5.61,5.62,5.65,5.64,5.66,5.52,3530944.0,19709320.0,-0.708,-0.04
300246,宝莱特,15.07,15.07,15.08,15.71,15.25,15.72,14.81,20489165.0,309550281.0,-4.074,-0.64
300247,融捷健康,3.69,3.68,3.69,3.72,3.71,3.72,3.63,9903652.0,36301254.0,-0.806,-0.03
300248,新开普,8.84,8.83,8.84,8.6,8.57,9.05,8.53,17732653.0,157297396.0,2.791,0.24
300249,依米康,12.81,12.8,12.81,12.67,12.51,13.12,12.25,16618200.0,212273224.0,1.105,0.14
300250,初灵信息,14.96,14.95,14.96,14.89,14.95,15.0,14.6,5036200.0,74668742.0,0.47,0.07
300251,光线传媒,10.98,10.97,10.98,10.94,10.89,10.99,10.76,20038026.0,218150286.0,0.366,0.04
300252,金信诺,11.63,11.63,11.64,11.39,11.28,11.76,11.26,19988854.0,231529697.0,2.107,0.24
300253,卫宁健康,7.17,7.17,7.18,7.37,7.28,7.4,7.13,47492015.0,343072223.0,-2.714,-0.2
300254,仟源医药,8.88,8.88,8.89,9.06,8.94,9.05,8.66,12052488.0,106269695.0,-1.987,-0.18
300255,常山药业,24.53,24.52,24.53,25.55,24.99,25.2,23.73,34917180.0,851174439.0,-3.992,-1.02
300256,星星科技,2.73,2.72,2.73,2.68,2.65,2.73,2.63,24238500.0,65299717.0,1.866,0.05
300257,开山股份,17.35,17.35,17.36,17.44,17.28,17.53,16.91,9617126.0,166425096.0,-0.516,-0.09
300258,精锻科技,9.86,9.86,9.87,9.9,9.83,9.91,9.69,5123080.0,50396789.0,-0.404,-0.04
300259,新天科技,4.04,4.04,4.05,4.05,4.04,4.08,3.93,24353458.0,97962559.0,-0.247,-0.01
300260,新莱应材,58.1,58.1,58.11,58.03,57.3,59.58,56.56,9244576.0,536967122.0,0.121,0.07
300261,雅本化学,5.0,4.99,5.0,5.15,5.1,5.13,4.93,15902000.0,79308853.0,-2.913,-0.15
300263,隆华科技,9.96,9.95,9.96,9.88,9.77,10.04,9.57,35177490.0,346859061.0,0.81,0.08
300264,佳创视讯,6.43,6.42,6.43,6.41,6.35,6.46,6.27,8471319.0,54085594.0,0.312,0.02
300265,通光线缆,13.67,13.66,13.67,13.48,13.34,13.75,13.13,12931235.0,175212869.0,1.409,0.19
300266,兴源环境,1.86,1.86,1.87,1.85,1.84,1.87,1.82,15420400.0,28426838.0,0.541,0.01
300267,尔康制药,3.22,3.22,3.23,3.33,3.27,3.28,3.14,47470521.0,152440527.0,-3.303,-0.11
300268,佳沃食品,12.0,12.0,12.01,11.95,11.96,12.16,11.7,3116900.0,37240369.0,0.418,0.05
300269,联建光电,4.82,4.81,4.82,4.76,4.72,4.84,4.61,11512410.0,54745495.0,1.261,0.06
300270,中威电子,11.62,11.62,11.63,11.86,12.06,12.06,11.31,10509700.0,121940062.0,-2.024,-0.24
300271,华宇软件,5.35,5.34,5.35,5.38,5.38,5.38,5.26,6690100.0,35656119.0,-0.558,-0.03
300272,开能健康,5.87,5.87,5.89,6.02,5.92,5.93,5.78,10268732.0,59948497.0,-2.492,-0.15
300274,阳光电源,113.08,113.07,113.08,110.89,109.93,114.59,109.71,30231867.0,3412042117.0,1.975,2.19
300275,梅安森,9.11,9.1,9.11,8.85,8.79,9.11,8.65,5350579.0,47886192.0,2.938,0.26
300276,三丰智能,6.29,6.29,6.3,6.28,6.27,6.34,6.17,14449996.0,90544243.0,0.159,0.01
300277,汽轮科技,12.02,12.01,12.02,11.92,11.86,12.06,11.72,7476892.0,89258941.0,0.839,0.1
300278,华昌达,3.75,3.75,3.77,3.76,3.75,3.78,3.7,10123296.0,37876697.0,-0.266,-0.01
300279,和晶科技,5.62,5.6,5.62,5.62,5.65,5.65,5.45,6574600.0,36595201.0,0.0,0.0
300281,金明精机,6.37,6.36,6.37,6.28,6.22,6.43,6.11,6832300.0,43188419.0,1.433,0.09
300283,温州宏丰,13.42,13.41,13.42,13.11,13.0,13.56,12.75,30002000.0,398920247.0,2.365,0.31
300284,苏交科,5.2,5.19,5.2,5.24,5.22,5.24,5.12,8042912.0,41581307.0,-0.763,-0.04
300285,国瓷材料,67.86,67.85,67.86,62.92,64.42,69.48,63.73,136846459.0,9172724540.0,7.851,4.94
300286,安科瑞,20.02,20.02,20.03,19.89,19.74,20.13,19.63,2767208.0,55268367.0,0.654,0.13
300287,飞利信,3.52,3.51,3.52,3.51,3.48,3.53,3.44,17236200.0,60337587.0,0.285,0.01
300288,朗玛信息,9.83,9.83,9.84,9.99,9.92,9.99,9.68,4320367.0,42288464.0,-1.602,-0.16
300289,利德曼,5.94,5.94,5.95,6.04,5.9,5.97,5.8,8480500.0,49994830.0,-1.656,-0.1
300290,ST荣科,6.23,6.23,6.24,6.03,5.98,6.38,5.95,27204400.0,169388166.0,3.317,0.2
300291,百纳千成,4.89,4.89,4.9,5.13,5.03,5.05,4.86,41142530.0,201965292.0,-4.678,-0.24
300292,吴通控股,4.18,4.18,4.19,4.19,4.16,4.22,4.11,29971394.0,125132042.0,-0.239,-0.01
300293,蓝英装备,15.63,15.62,15.63,15.59,15.54,15.69,15.29,2847114.0,44283273.0,0.257,0.04
300294,博雅生物,15.18,15.18,15.19,15.8,15.51,15.7,15.13,13312374.0,204539854.0,-3.924,-0.62
300295,*ST三六,12.58,12.57,12.58,11.79,11.72,12.65,11.43,4240200.0,51315210.0,6.701,0.79
300296,利亚德,5.09,5.08,5.09,5.07,5.03,5.11,4.98,38403549.0,194273501.0,0.394,0.02
300298,三诺生物,16.05,16.05,16.06,16.4,16.26,16.33,15.92,5723600.0,92137235.0,-2.134,-0.35
300299,富春股份,5.27,5.27,5.28,5.36,5.33,5.34,5.2,14960815.0,78417511.0,-1.679,-0.09
300300,海峡创新,7.39,7.38,7.39,7.47,7.43,7.44,7.24,26366492.0,194126898.0,-1.071,-0.08
300301,ST长方,3.34,3.34,3.35,3.28,3.28,3.36,3.25,4011080.0,13338661.0,1.829,0.06
300302,同有科技,29.42,29.42,29.43,29.25,29.01,29.81,28.62,14466156.0,424087691.0,0.581,0.17
300303,聚飞光电,7.1,7.09,7.1,6.97,6.93,7.14,6.82,38593250.0,271577974.0,1.865,0.13
300304,云意电气,11.86,11.85,11.86,11.52,11.28,11.95,11.2,19694312.0,228810839.0,2.951,0.34
300305,裕兴股份,6.1,6.09,6.1,6.05,6.0,6.1,5.91,8808000.0,53270030.0,0.826,0.05
300306,远方信息,10.18,10.18,10.19,10.11,10.05,10.21,9.89,2789929.0,28113697.0,0.692,0.07
300307,慈星股份,7.46,7.46,7.47,7.23,7.15,7.53,7.1,30371582.0,224453167.0,3.181,0.23
300308,中际旭创,943.0,942.99,943.0,904.2,909.0,943.88,901.4,28703867.0,26686400633.0,4.291,38.8
300310,宜通世纪,4.34,4.33,4.34,4.32,4.3,4.36,4.23,14492937.0,62424441.0,0.463,0.02
300311,任子行,5.52,5.52,5.53,6.11,6.0,6.02,5.35,71677208.0,403137413.0,-9.656,-0.59
300313,天山生物,12.8,12.8,12.83,14.14,13.54,13.82,12.1,43218958.0,556324821.0,-9.477,-1.34
300314,戴维医疗,13.11,13.11,13.12,13.82,13.71,13.74,12.99,16887984.0,223739285.0,-5.137,-0.71
300315,掌趣科技,3.9,3.89,3.9,4.06,4.0,4.01,3.89,72054229.0,282413841.0,-3.941,-0.16
300316,晶盛机电,42.53,42.53,42.54,42.12,41.79,42.81,41.15,11613986.0,490359452.0,0.973,0.41
300317,珈伟新能,4.09,4.09,4.1,4.12,4.06,4.13,4.0,32136800.0,131078229.0,-0.728,-0.03
300318,博晖创新,4.98,4.98,4.99,5.34,5.15,5.2,4.92,26092234.0,130746496.0,-6.742,-0.36
300319,麦捷科技,18.29,18.29,18.3,18.45,18.22,18.85,18.0,103704831.0,1903484818.0,-0.867,-0.16
300320,海达股份,8.49,8.49,8.51,8.6,8.55,8.59,8.35,4810100.0,40911067.0,-1.279,-0.11
300321,同大股份,33.7,33.65,33.7,32.61,32.32,34.1,31.76,2240850.0,74103148.0,3.343,1.09
300322,硕贝德,17.62,17.62,17.63,17.39,17.14,17.89,17.04,14975260.0,263121222.0,1.323,0.23
300323,华灿光电,12.86,12.86,12.87,12.1,12.01,13.0,11.7,112999480.0,1415314161.0,6.281,0.76
300324,旋极信息,3.65,3.65,3.66,3.6,3.58,3.67,3.54,21173457.0,76526647.0,1.389,0.05
300326,ST凯利,6.03,6.03,6.04,6.03,6.01,6.05,5.91,4914900.0,29361321.0,0.0,0.0
300327,中颖电子,22.74,22.73,22.74,22.65,22.43,23.05,22.41,5163135.0,117488187.0,0.397,0.09
300328,宜安科技,15.59,15.59,15.6,15.19,15.04,15.96,14.82,63947565.0,987351895.0,2.633,0.4
300329,海伦钢琴,12.09,12.09,12.1,12.09,12.0,12.18,11.87,2204400.0,26550647.0,0.0,0.0
300331,苏大维格,48.51,48.51,48.54,49.0,48.47,49.1,46.91,9618414.0,463485815.0,-1.0,-0.49
300332,天壕能源,4.99,4.98,4.99,4.88,4.96,5.17,4.9,58583877.0,294390643.0,2.254,0.11
300333,兆日科技,11.05,11.04,11.05,10.94,10.73,11.19,10.4,28508704.0,308604898.0,1.005,0.11
300334,津膜科技,8.46,8.46,8.47,8.42,8.38,8.56,8.24,4406100.0,37126257.0,0.475,0.04
300335,迪森股份,5.25,5.25,5.26,5.27,5.22,5.28,5.16,6792037.0,35443863.0,-0.38,-0.02
300337,银邦股份,9.72,9.71,9.72,9.56,9.5,9.78,9.45,11617393.0,112374457.0,1.674,0.16
300338,*ST开元,2.89,2.88,2.89,2.83,2.84,2.91,2.81,5082400.0,14558737.0,2.12,0.06
300339,润和软件,36.23,36.23,36.24,37.52,36.94,36.95,35.7,27534823.0,996519394.0,-3.438,-1.29
300340,科恒股份,8.81,8.8,8.81,8.46,8.39,8.99,8.31,13418450.0,117763638.0,4.137,0.35
300341,麦克奥迪,12.79,12.79,12.8,12.73,12.71,12.81,12.42,3129234.0,39557962.0,0.471,0.06
300342,天银机电,32.29,32.29,32.3,32.17,32.01,32.94,31.56,14319347.0,462904265.0,0.373,0.12
300343,联创股份,5.73,5.73,5.74,5.83,5.72,5.78,5.66,17451801.0,99938900.0,-1.715,-0.1
300345,华民股份,9.37,9.37,9.38,8.47,8.38,9.37,8.31,86076928.0,768711254.0,10.626,0.9
300346,南大光电,56.85,56.85,56.86,57.03,56.67,57.98,55.9,26143730.0,1489105778.0,-0.316,-0.18
300347,泰格医药,54.37,54.37,54.38,55.52,54.0,55.26,52.74,22440928.0,1213739281.0,-2.071,-1.15
300348,长亮科技,9.38,9.37,9.38,9.19,9.27,9.6,9.14,24692450.0,231453635.0,2.067,0.19
300349,金卡智能,10.3,10.3,10.31,10.35,10.26,10.34,10.12,4106627.0,42060373.0,-0.483,-0.05
300350,华鹏飞,4.34,4.34,4.35,4.37,4.35,4.37,4.26,8510056.0,36666863.0,-0.686,-0.03
300351,永贵电器,13.86,13.86,13.87,13.6,13.42,13.9,13.38,7718600.0,106216892.0,1.912,0.26
300352,ST信源,2.27,2.26,2.27,2.26,2.24,2.28,2.21,14279100.0,32119806.0,0.442,0.01
300353,东土科技,18.01,18.01,18.02,18.18,18.14,18.19,17.77,7763762.0,139914514.0,-0.935,-0.17
300354,东华测试,29.15,29.14,29.15,29.05,28.97,29.78,28.6,1526200.0,44632628.0,0.344,0.1
300355,蒙草生态,2.91,2.91,2.92,2.93,2.92,2.93,2.87,13816895.0,40043118.0,-0.683,-0.02
300357,我武生物,24.65,24.65,24.66,25.95,25.5,25.7,24.58,19624995.0,488922689.0,-5.01,-1.3
300358,楚天科技,9.0,9.0,9.01,9.25,9.19,9.25,8.88,36945303.0,333544506.0,-2.703,-0.25
300359,全通教育,4.04,4.04,4.05,4.08,4.07,4.07,3.96,13132387.0,52766565.0,-0.98,-0.04
300360,炬华科技,11.71,11.7,11.71,11.78,11.75,11.8,11.66,3373230.0,39514595.0,-0.594,-0.07
300363,博腾股份,21.89,21.89,21.9,24.48,23.33,23.33,21.38,68148616.0,1497714433.0,-10.58,-2.59
300364,中文在线,23.09,23.08,23.09,23.1,22.65,23.17,22.45,23285832.0,532678703.0,-0.043,-0.01
300365,恒华科技,4.59,4.58,4.59,4.58,4.58,4.63,4.48,8186224.0,37307723.0,0.218,0.01
300366,ST创意,5.13,5.13,5.14,5.19,5.16,5.22,5.06,6063100.0,31164070.0,-1.156,-0.06
300368,汇金股份,7.64,7.64,7.65,7.63,7.6,7.69,7.35,17993939.0,135853250.0,0.131,0.01
300369,绿盟科技,6.92,6.92,6.93,6.93,6.87,7.0,6.65,31905977.0,218615102.0,-0.144,-0.01
300370,安控科技,2.19,2.18,2.19,2.18,2.16,2.2,2.13,14088420.0,30551943.0,0.459,0.01
300371,汇中股份,10.52,10.52,10.53,10.41,10.31,10.56,10.21,2331808.0,24273503.0,1.057,0.11
300373,扬杰科技,103.04,103.04,103.05,96.29,94.55,103.5,94.5,25129512.0,2546927341.0,7.01,6.75
300374,中铁装配,10.66,10.64,10.66,10.76,10.64,10.74,10.46,2350368.0,24835724.0,-0.929,-0.1
300375,鹏翎股份,3.98,3.98,3.99,3.97,3.97,4.03,3.88,10867148.0,43017445.0,0.252,0.01
300376,易事特,4.44,4.44,4.45,4.43,4.41,4.46,4.37,13294661.0,58858772.0,0.226,0.01
300377,赢时胜,13.99,13.99,14.0,13.68,13.64,14.08,13.43,23576517.0,325958721.0,2.266,0.31
300378,鼎捷数智,31.45,31.45,31.47,32.41,32.28,32.88,31.37,7856312.0,249245062.0,-2.962,-0.96
300380,安硕信息,28.29,28.29,28.3,27.83,27.55,28.42,27.31,1879016.0,52583694.0,1.653,0.46
300381,溢多利,6.29,6.28,6.29,6.46,6.37,6.39,6.24,7598947.0,47813636.0,-2.632,-0.17
300382,斯莱克,17.58,17.57,17.58,15.86,15.8,17.69,15.75,40162545.0,675363340.0,10.845,1.72
300383,光环新网,12.35,12.35,12.36,12.29,12.15,12.37,11.99,33679233.0,412360567.0,0.488,0.06
300384,三联虹普,12.75,12.75,12.76,12.84,12.68,12.77,12.41,4510761.0,57056559.0,-0.701,-0.09
300385,ST雪浪,12.4,12.4,12.41,12.03,11.97,12.55,11.8,5795000.0,70647537.0,3.076,0.37
300386,飞天诚信,11.43,11.43,11.44,11.49,11.14,11.68,11.04,15754245.0,179269942.0,-0.522,-0.06
300387,富邦科技,7.31,7.31,7.32,7.37,7.32,7.35,7.18,7941500.0,57764939.0,-0.814,-0.06
300388,节能国祯,6.85,6.83,6.85,6.87,6.8,6.87,6.69,6003311.0,40740649.0,-0.291,-0.02
300389,艾比森,12.37,12.36,12.37,12.15,12.07,12.39,11.92,3456709.0,42170482.0,1.811,0.22
300390,天华新能,65.47,65.46,65.47,60.8,60.77,68.54,60.02,61674894.0,4032540665.0,7.681,4.67
300393,中来股份,6.22,6.22,6.23,6.15,6.12,6.33,6.03,15415284.0,95711297.0,1.138,0.07
300394,天孚通信,273.08,273.08,273.09,276.25,276.1,288.0,269.65,50444269.0,14055654906.0,-1.148,-3.17
300395,菲利华,87.99,87.99,88.0,89.02,88.0,89.59,86.6,14685243.0,1295313469.0,-1.157,-1.03
300396,ST迪瑞,7.26,7.26,7.27,7.2,7.12,7.28,7.05,2654033.0,18964820.0,0.833,0.06
300397,天和防务,11.29,11.28,11.29,11.08,11.19,11.35,10.83,14162327.0,158208025.0,1.895,0.21
300398,飞凯材料,35.67,35.67,35.68,35.37,35.0,36.07,34.38,23514264.0,833895575.0,0.848,0.3
300399,天利科技,18.71,18.71,18.72,16.93,18.3,20.3,18.3,19617116.0,374821178.0,10.514,1.78
300400,劲拓股份,28.34,28.34,28.35,28.56,28.12,29.0,27.71,8323551.0,236096917.0,-0.77,-0.22
300401,花园生物,15.44,15.44,15.45,15.58,15.4,15.66,14.89,32454358.0,498608216.0,-0.899,-0.14
300402,宝色股份,15.01,15.01,15.02,14.35,14.13,15.18,13.92,6380394.0,93994738.0,4.599,0.66
300403,汉宇集团,9.22,9.22,9.23,9.22,9.13,9.26,9.04,5319088.0,48857942.0,0.0,0.0
300404,博济医药,14.43,14.43,14.44,15.74,15.44,15.5,14.3,72931269.0,1067142697.0,-8.323,-1.31
300405,科隆股份,5.74,5.73,5.74,5.65,5.61,5.75,5.52,6521000.0,36798276.0,1.593,0.09
300406,九强生物,11.7,11.7,11.71,12.14,11.92,11.97,11.58,7210137.0,84564164.0,-3.624,-0.44
300407,凯发电气,12.26,12.25,12.26,11.58,11.58,12.49,11.43,13368821.0,162472003.0,5.872,0.68
300408,三环集团,113.9,113.9,113.91,111.51,111.01,115.5,109.64,42305079.0,4805231758.0,2.143,2.39
300409,道氏技术,18.38,18.38,18.39,18.27,18.12,18.56,17.95,15047381.0,275430619.0,0.602,0.11
300410,正业科技,7.9,7.9,7.91,7.8,7.69,7.91,7.62,10385635.0,81245012.0,1.282,0.1
300411,金盾股份,7.6,7.59,7.6,7.6,7.54,7.61,7.38,7040208.0,52908190.0,0.0,0.0
300412,迦南科技,4.58,4.58,4.59,4.58,4.52,4.6,4.43,13148160.0,59388713.0,0.0,0.0
300413,芒果超媒,15.03,15.02,15.03,15.25,15.15,15.16,14.89,9655949.0,144834325.0,-1.443,-0.22
300414,中光防雷,10.8,10.8,10.81,10.77,10.66,10.86,10.51,4781211.0,51228221.0,0.279,0.03
300415,伊之密,19.8,19.79,19.8,19.58,19.55,19.87,19.39,2963800.0,58283495.0,1.124,0.22
300416,苏试试验,14.7,14.69,14.7,15.02,15.05,15.05,14.42,14503965.0,213265491.0,-2.13,-0.32
300417,南华仪器,11.1,11.07,11.1,11.02,10.9,11.18,10.76,2377786.0,26089394.0,0.726,0.08
300418,昆仑万维,43.82,43.82,43.83,45.05,44.1,44.7,42.97,72837449.0,3200260681.0,-2.73,-1.23
300419,ST浩丰,8.94,8.94,8.95,8.71,8.71,8.99,8.63,7967100.0,70454676.0,2.641,0.23
300420,五洋自控,7.94,7.94,7.95,7.43,7.36,8.2,7.17,116253658.0,913941555.0,6.864,0.51
300421,力星股份,16.43,16.42,16.43,16.25,16.08,16.49,15.92,4402142.0,71844497.0,1.108,0.18
300422,博世科,4.11,4.1,4.11,4.08,4.05,4.12,4.01,11250390.0,45814301.0,0.735,0.03
300423,昇辉科技,5.81,5.81,5.82,5.79,5.77,5.84,5.66,6882987.0,39595663.0,0.345,0.02
300424,航新科技,14.02,14.02,14.05,14.05,13.91,14.08,13.77,4981185.0,69586811.0,-0.214,-0.03
300425,中建环能,4.03,4.02,4.03,4.01,4.0,4.05,3.93,8854019.0,35362869.0,0.499,0.02
300426,华智数媒,6.18,6.18,6.19,6.25,6.18,6.21,6.0,15172417.0,92823153.0,-1.12,-0.07
300427,红相股份,6.49,6.49,6.5,6.44,6.42,6.52,6.32,18149400.0,116838127.0,0.776,0.05
300428,立中集团,18.24,18.23,18.24,18.23,18.09,18.34,18.01,3748741.0,68248232.0,0.055,0.01
300429,强力新材,10.59,10.58,10.59,10.45,10.32,10.68,10.2,13355022.0,140667421.0,1.34,0.14
300430,*ST益通,4.37,4.37,4.38,4.35,4.34,4.39,4.25,3923081.0,16962506.0,0.46,0.02
300432,富临精工,15.98,15.98,15.99,15.79,15.69,16.21,15.51,23542718.0,375148954.0,1.203,0.19
300433,蓝思科技,37.19,37.19,37.2,37.98,37.3,37.8,36.47,102922703.0,3835453852.0,-2.08,-0.79
300434,金石亚药,11.84,11.84,11.85,12.42,12.2,12.27,11.75,29095790.0,348063645.0,-4.67,-0.58
300435,中泰股份,17.07,17.07,17.08,16.79,16.67,17.23,16.58,8714210.0,147818047.0,1.668,0.28
300436,广生堂,93.12,93.12,93.13,96.51,95.31,95.88,91.26,5733272.0,534171769.0,-3.513,-3.39
300437,清水源,11.01,11.0,11.01,10.98,10.89,11.09,10.71,5023884.0,55063549.0,0.273,0.03
300438,鹏辉能源,61.75,61.75,61.76,59.66,59.79,64.15,59.19,23523413.0,1460944173.0,3.503,2.09
300439,美康生物,9.34,9.33,9.34,9.59,9.42,9.5,9.25,4614658.0,43079441.0,-2.607,-0.25
300440,运达科技,18.55,18.53,18.55,18.21,18.15,18.58,17.76,7796800.0,142017021.0,1.867,0.34
300441,鲍斯股份,6.82,6.81,6.82,6.85,6.8,6.86,6.71,3903400.0,26520681.0,-0.438,-0.03
300442,润泽科技,64.38,64.38,64.39,64.58,63.98,64.81,63.2,15800885.0,1014139335.0,-0.31,-0.2
300443,金雷股份,19.72,19.72,19.73,19.76,19.72,19.76,19.45,2577153.0,50624818.0,-0.202,-0.04
300444,双杰电气,9.85,9.85,9.86,9.85,9.79,9.9,9.65,19161297.0,187793170.0,0.0,0.0
300445,康斯特,18.3,18.29,18.3,18.11,18.12,18.35,17.85,1303471.0,23640725.0,1.049,0.19
300446,航天智造,12.91,12.91,12.92,12.93,12.87,13.0,12.79,4141733.0,53465902.0,-0.155,-0.02
300447,全信股份,13.63,13.63,13.64,13.4,13.45,13.68,13.11,3329621.0,44752948.0,1.716,0.23
300448,浩云科技,5.76,5.76,5.77,5.7,5.67,5.81,5.56,11086330.0,62975322.0,1.053,0.06
300449,汉邦高科,7.03,7.02,7.03,7.01,6.95,7.04,6.83,5189200.0,36155644.0,0.285,0.02
300450,先导智能,33.91,33.9,33.91,33.33,33.12,34.47,33.01,26089180.0,885441479.0,1.74,0.58
300451,创业慧康,3.45,3.45,3.46,3.53,3.48,3.49,3.4,20304800.0,69906449.0,-2.266,-0.08
300452,山河药辅,12.77,12.77,12.78,13.96,13.5,13.57,12.63,16655035.0,215052836.0,-8.524,-1.19
300453,三鑫医疗,9.89,9.88,9.89,10.22,10.06,10.08,9.73,13200067.0,130903377.0,-3.229,-0.33
300454,深信服,120.6,120.54,120.6,118.58,117.2,121.0,115.39,14852454.0,1759931125.0,1.703,2.02
300455,航天智装,17.72,17.72,17.74,17.68,17.53,17.99,17.49,5311010.0,94300594.0,0.226,0.04
300456,赛微电子,31.39,31.38,31.39,31.55,31.31,32.0,30.92,13040803.0,410471933.0,-0.507,-0.16
300457,赢合科技,19.95,19.95,19.96,19.92,19.81,20.27,19.57,7832000.0,156307121.0,0.151,0.03
300458,全志科技,31.46,31.45,31.46,31.36,31.15,31.65,30.82,28048777.0,877847373.0,0.319,0.1
300459,汤姆猫,3.45,3.45,3.46,3.5,3.47,3.48,3.41,57715602.0,198809797.0,-1.429,-0.05
300460,ST惠伦,8.73,8.72,8.73,8.31,8.28,8.75,8.23,4015000.0,34489407.0,5.054,0.42
300461,田中精机,31.33,31.32,31.33,30.84,30.77,31.68,30.43,4230527.0,131396449.0,1.589,0.49
300462,ST华铭,11.2,11.15,11.2,11.15,11.15,11.22,11.01,420500.0,4682421.0,0.448,0.05
300463,迈克生物,9.36,9.36,9.37,9.64,9.54,9.6,9.27,11070646.0,104092474.0,-2.905,-0.28
300464,星徽股份,6.75,6.75,6.76,6.67,6.61,6.8,6.5,6386000.0,42697555.0,1.199,0.08
300465,高伟达,12.44,12.43,12.44,12.25,12.27,12.56,11.78,24411444.0,297450081.0,1.551,0.19
300466,赛摩智能,7.26,7.25,7.26,7.23,7.15,7.27,7.1,3819394.0,27474605.0,0.415,0.03
300467,迅游科技,32.79,32.78,32.79,33.17,33.03,33.04,32.18,2802513.0,91223589.0,-1.146,-0.38
300468,四方精创,22.21,22.21,22.22,21.1,21.91,23.22,21.41,62315078.0,1380070448.0,5.261,1.11
300469,信息发展,56.99,56.99,57.0,57.1,56.86,57.3,54.58,4440045.0,249723459.0,-0.193,-0.11
300470,中密控股,28.14,28.12,28.14,28.17,28.1,28.17,27.89,794167.0,22236015.0,-0.106,-0.03
300471,厚普股份,9.7,9.7,9.71,9.71,9.61,9.7,9.49,4288431.0,41139467.0,-0.103,-0.01
300472,*ST新元,6.75,6.75,6.76,6.62,6.63,6.77,6.47,2381300.0,15809171.0,1.964,0.13
300473,德尔股份,21.91,21.9,21.91,21.75,21.78,22.01,21.17,2698292.0,58607126.0,0.736,0.16
300474,景嘉微,50.66,50.66,50.67,50.34,50.0,51.18,49.05,5863798.0,293437531.0,0.636,0.32
300475,香农芯创,158.1,158.1,158.11,157.15,157.16,161.04,154.6,19327866.0,3054274243.0,0.605,0.95
300476,胜宏科技,253.74,253.74,253.75,253.45,251.01,257.0,248.51,22856712.0,5798753724.0,0.114,0.29
300477,ST合纵,2.53,2.53,2.54,2.52,2.5,2.6,2.47,17596752.0,44648963.0,0.397,0.01
300478,杭州高新,30.17,30.17,30.19,29.7,29.84,30.41,28.56,2633400.0,77917692.0,1.582,0.47
300479,神思电子,14.67,14.67,14.68,14.84,14.78,15.0,14.55,5611135.0,82524321.0,-1.146,-0.17
300480,光力科技,32.82,32.82,32.83,33.09,33.04,33.76,32.14,13224647.0,436596145.0,-0.816,-0.27
300481,濮阳惠成,14.22,14.21,14.22,14.19,14.1,14.26,13.83,7067656.0,99742516.0,0.211,0.03
300482,万孚生物,17.4,17.4,17.41,17.77,17.45,17.65,17.15,8151938.0,142096294.0,-2.082,-0.37
300483,首华燃气,22.94,22.94,22.95,22.63,22.8,23.73,22.64,16316300.0,377007927.0,1.37,0.31
300484,蓝海华腾,12.75,12.75,12.78,12.94,12.82,12.86,12.49,2873158.0,36529170.0,-1.468,-0.19
300485,赛升药业,9.91,9.91,9.92,10.3,10.2,10.24,9.64,15895337.0,157174876.0,-3.786,-0.39
300486,东杰智能,22.66,22.65,22.66,21.83,21.79,22.97,21.41,21591996.0,482405220.0,3.802,0.83
300487,蓝晓科技,66.89,66.89,66.9,69.96,69.05,69.67,66.03,9687264.0,651279635.0,-4.388,-3.07
300488,恒锋工具,31.33,31.31,31.33,31.12,31.01,31.49,30.05,2883900.0,89168037.0,0.675,0.21
300489,光智科技,216.55,216.54,216.55,228.63,230.0,233.5,211.81,12435710.0,2720734689.0,-5.284,-12.08
300490,华自科技,11.52,11.52,11.53,11.29,11.36,11.61,11.06,9653524.0,110281843.0,2.037,0.23
300491,通合科技,29.59,29.58,29.59,29.85,29.93,30.26,28.69,6761078.0,200265536.0,-0.871,-0.26
300492,华图山鼎,23.72,23.71,23.72,23.81,23.71,23.96,23.3,2681911.0,63401815.0,-0.378,-0.09
300493,润欣科技,12.01,12.01,12.02,11.98,11.94,12.1,11.77,6564000.0,78610950.0,0.25,0.03
300494,盛天网络,8.19,8.19,8.2,8.28,8.23,8.24,8.11,4517413.0,36971008.0,-1.087,-0.09
300496,中科创达,56.9,56.9,56.91,57.46,56.8,57.1,56.09,7465618.0,422953750.0,-0.975,-0.56
300497,富祥股份,17.32,17.31,17.32,17.36,17.26,17.51,16.68,23230479.0,399063287.0,-0.23,-0.04
300498,温氏股份,13.59,13.59,13.6,13.79,13.75,13.8,13.53,32480933.0,442068814.0,-1.45,-0.2
300499,高澜股份,28.26,28.26,28.27,27.23,27.06,28.93,26.87,16500555.0,464446944.0,3.783,1.03
300500,启迪设计,9.63,9.62,9.63,9.53,9.43,9.67,9.23,3194700.0,30304708.0,1.049,0.1
300501,海顺新材,10.14,10.13,10.14,10.1,10.01,10.2,9.83,2435745.0,24501191.0,0.396,0.04
300502,新易盛,442.0,441.99,442.0,414.02,427.01,443.67,420.06,47780764.0,20792810916.0,6.758,27.98
300503,昊志机电,69.65,69.65,69.66,70.19,69.01,70.94,68.3,13110546.0,912894392.0,-0.769,-0.54
300504,天邑股份,14.96,14.95,14.96,14.91,14.92,15.15,14.61,5325500.0,79597916.0,0.335,0.05
300505,川金诺,19.27,19.26,19.27,20.02,19.75,19.76,19.02,17041257.0,328394186.0,-3.746,-0.75
300506,名家汇,5.2,5.2,5.21,5.23,5.2,5.26,5.09,22870115.0,118465682.0,-0.574,-0.03
300507,苏奥传感,6.35,6.35,6.36,6.37,6.34,6.39,6.22,4597847.0,29085568.0,-0.314,-0.02
300508,维宏股份,43.43,43.43,43.53,43.7,43.8,44.33,42.17,2939615.0,127469086.0,-0.618,-0.27
300509,新美星,8.83,8.82,8.83,8.58,8.59,8.89,8.44,6535011.0,56874299.0,2.914,0.25
300510,金冠股份,3.4,3.4,3.41,3.41,3.38,3.42,3.35,12556121.0,42532118.0,-0.293,-0.01
300511,雪榕生物,5.61,5.61,5.62,5.92,5.76,5.78,5.48,49630329.0,276707513.0,-5.236,-0.31
300512,中亚股份,7.22,7.21,7.22,7.21,7.15,7.22,7.0,2903801.0,20688458.0,0.139,0.01
300513,恒实科技,7.26,7.24,7.26,7.28,7.28,7.38,7.1,4509900.0,32493030.0,-0.275,-0.02
300514,友讯达,9.81,9.81,9.82,9.83,9.79,9.9,9.63,1990915.0,19407683.0,-0.203,-0.02
300515,三德科技,16.42,16.42,16.43,15.66,15.88,16.78,15.88,10192787.0,167573883.0,4.853,0.76
300516,久之洋,31.15,31.15,31.16,31.6,31.5,31.89,30.9,2878585.0,89952005.0,-1.424,-0.45
300517,海波重科,10.09,10.07,10.09,10.09,10.03,10.13,9.8,2273460.0,22697450.0,0.0,0.0
300518,新迅达,23.23,23.23,23.24,22.98,23.22,23.46,22.22,6922192.0,159394055.0,1.088,0.25
300519,新光药业,14.29,14.29,14.3,14.91,14.61,14.7,14.11,5240300.0,74966302.0,-4.158,-0.62
300520,科大国创,24.12,24.12,24.13,23.92,23.66,24.56,23.32,6803544.0,163857042.0,0.836,0.2
300521,爱司凯,23.31,23.31,23.35,23.36,22.98,23.59,22.68,2005941.0,46647267.0,-0.214,-0.05
300522,世名科技,14.82,14.82,14.83,13.76,13.6,14.95,13.45,24389523.0,352940030.0,7.703,1.06
300523,辰安科技,19.94,19.94,19.95,19.95,19.88,20.15,19.5,1622200.0,32264804.0,-0.05,-0.01
300525,博思软件,8.12,8.12,8.13,8.2,8.19,8.19,8.03,7485600.0,60729300.0,-0.976,-0.08
300527,ST应急,7.89,7.89,7.9,7.83,7.81,7.9,7.8,4349834.0,34160344.0,0.766,0.06
300528,幸福蓝海,12.93,12.92,12.93,12.94,12.83,12.99,12.66,6752980.0,86886131.0,-0.077,-0.01
300529,健帆生物,15.76,15.76,15.77,16.28,16.15,16.26,15.76,10455620.0,166222394.0,-3.194,-0.52
300530,领湃科技,18.09,18.09,18.1,18.13,17.98,18.29,17.7,2868000.0,51746837.0,-0.221,-0.04
300531,优博讯,16.1,16.09,16.1,15.95,15.87,16.14,15.75,5734803.0,91716691.0,0.94,0.15
300532,今天国际,6.93,6.92,6.93,6.91,6.89,6.99,6.79,5485613.0,37701414.0,0.289,0.02
300533,冰川网络,14.2,14.2,14.21,14.43,14.59,14.59,14.0,3487755.0,49365896.0,-1.594,-0.23
300534,陇神戎发,18.35,18.35,18.36,18.57,17.7,19.0,16.88,69457138.0,1244499415.0,-1.185,-0.22
300535,达威股份,17.12,17.1,17.12,16.45,16.46,17.27,16.45,4926785.0,83534782.0,4.073,0.67
300536,农尚环境,8.92,8.92,8.93,8.8,8.81,8.96,8.63,5584400.0,49170427.0,1.364,0.12
300537,广信材料,19.64,19.64,19.65,19.58,19.39,19.8,19.05,4629730.0,90342021.0,0.306,0.06
300538,同益股份,15.38,15.37,15.38,15.11,15.35,15.4,14.78,3849692.0,58397448.0,1.787,0.27
300539,横河精密,18.18,18.17,18.18,17.73,17.53,18.26,17.22,4493692.0,80108892.0,2.538,0.45
300540,蜀道装备,29.36,29.36,29.37,29.23,29.37,31.18,29.08,19146318.0,571409096.0,0.445,0.13
300541,先进数通,9.78,9.78,9.79,9.58,9.58,9.96,9.53,8262909.0,80349532.0,2.088,0.2
300542,新晨科技,12.08,12.08,12.09,11.85,11.89,12.25,11.77,6388735.0,76792447.0,1.941,0.23
300543,朗科智能,7.69,7.68,7.69,7.72,7.67,7.73,7.57,5996400.0,45878032.0,-0.389,-0.03
300545,联得装备,34.08,34.08,34.09,32.21,31.21,34.48,31.21,24912764.0,831981068.0,5.806,1.87
300546,雄帝科技,17.82,17.81,17.82,16.69,16.7,19.3,16.7,17536602.0,320641829.0,6.771,1.13
300547,川环科技,25.13,25.12,25.13,24.46,24.22,25.62,24.1,5186121.0,129861990.0,2.739,0.67
300548,长芯博创,197.42,197.42,197.43,204.0,201.01,211.3,197.0,19551454.0,3967889134.0,-3.225,-6.58
300549,优德精密,14.32,14.3,14.32,14.29,14.23,14.43,13.9,1137000.0,16123272.0,0.21,0.03
300550,和仁科技,11.9,11.9,11.91,11.88,11.89,12.1,11.62,3640522.0,43258140.0,0.168,0.02
300551,古鳌科技,9.93,9.92,9.93,9.96,10.19,10.36,9.85,8791454.0,87908858.0,-0.301,-0.03
300552,万集科技,20.22,20.22,20.23,20.15,20.16,20.39,19.98,3342352.0,67442874.0,0.347,0.07
300553,集智股份,40.6,40.57,40.6,40.71,40.27,41.79,39.77,3401500.0,138546661.0,-0.27,-0.11
300554,三超新材,20.6,20.6,20.61,20.41,20.28,20.75,19.93,2556800.0,52369484.0,0.931,0.19
300555,ST路通,12.31,12.31,12.33,12.6,12.51,12.66,12.2,1323480.0,16336811.0,-2.302,-0.29
300556,丝路视觉,16.12,16.12,16.13,16.2,16.14,16.21,15.8,2593526.0,41566154.0,-0.494,-0.08
300557,理工光科,25.62,25.6,25.62,25.82,25.85,26.13,25.32,2048695.0,52730250.0,-0.775,-0.2
300558,贝达药业,51.18,51.18,51.19,55.7,51.58,52.7,49.5,31277450.0,1594823175.0,-8.115,-4.52
300559,佳发教育,10.35,10.35,10.36,10.34,10.3,10.42,10.13,4281964.0,44052084.0,0.097,0.01
300560,中富通,17.93,17.93,17.94,17.92,17.95,18.29,17.62,11876800.0,212930464.0,0.056,0.01
300561,汇金科技,15.28,15.27,15.28,15.0,14.91,15.35,14.7,14275502.0,215756748.0,1.867,0.28
300562,乐心医疗,15.03,15.02,15.03,15.18,15.01,15.17,14.68,8034273.0,119473290.0,-0.988,-0.15
300563,神宇股份,23.26,23.25,23.26,23.09,23.19,23.38,22.52,2113200.0,48781097.0,0.736,0.17
300564,筑博设计,12.42,12.42,12.45,12.43,12.27,12.49,12.09,1815600.0,22350770.0,-0.08,-0.01
300565,科信技术,9.63,9.61,9.63,9.57,9.57,9.72,9.41,6150725.0,59028284.0,0.627,0.06
300566,激智科技,28.99,28.99,29.0,28.1,27.7,29.5,27.52,21833341.0,623750376.0,3.167,0.89
300567,精测电子,217.09,217.0,217.1,217.9,216.99,221.0,210.0,5604371.0,1213335233.0,-0.372,-0.81
300568,星源材质,14.48,14.48,14.49,14.57,14.49,15.0,14.38,48581614.0,712561090.0,-0.618,-0.09
300569,天能重工,4.72,4.71,4.72,4.69,4.68,4.72,4.62,6587838.0,30855133.0,0.64,0.03
300570,太辰光,214.46,214.46,214.47,213.4,213.0,230.46,205.48,35216134.0,7667732234.0,0.497,1.06
300571,平治信息,30.72,30.71,30.72,30.88,30.31,31.02,29.76,4920100.0,150281452.0,-0.518,-0.16
300572,安车检测,19.06,19.06,19.07,18.95,18.77,19.2,18.55,3312783.0,62882242.0,0.58,0.11
300573,兴齐眼药,39.75,39.75,39.76,40.88,40.55,40.55,39.1,8436367.0,333777619.0,-2.764,-1.13
300575,中旗股份,5.87,5.86,5.87,6.03,5.9,5.94,5.78,17152666.0,100227109.0,-2.653,-0.16
300576,容大感光,30.61,30.6,30.61,30.82,30.55,31.31,30.1,11684063.0,358542876.0,-0.681,-0.21
300577,开润股份,17.58,17.58,17.59,17.92,17.81,17.81,17.4,1669000.0,29304574.0,-1.897,-0.34
300578,会畅科技,15.72,15.71,15.72,15.53,15.5,15.75,15.23,3539936.0,55099070.0,1.223,0.19
300579,数字认证,21.66,21.65,21.66,21.16,21.26,22.08,21.17,5232820.0,113308106.0,2.363,0.5
300580,贝斯特,20.04,20.04,20.05,19.85,19.75,20.14,19.5,6708760.0,133452430.0,0.957,0.19
300581,晨曦航空,9.87,9.87,9.88,9.78,9.73,9.9,9.51,6650200.0,65086034.0,0.92,0.09
300582,英飞特,11.23,11.23,11.24,11.21,11.19,11.25,10.9,4297351.0,47736379.0,0.178,0.02
300583,赛托生物,12.89,12.88,12.89,13.14,13.01,13.01,12.66,3210969.0,41175456.0,-1.903,-0.25
300584,海辰药业,32.9,32.9,32.91,34.5,34.0,34.05,32.11,5295096.0,174142897.0,-4.638,-1.6
300585,奥联电子,15.65,15.65,15.66,15.48,15.32,15.7,15.0,4834500.0,74658311.0,1.098,0.17
300586,美联新材,9.09,9.09,9.1,8.91,8.86,9.15,8.7,13570609.0,122038598.0,2.02,0.18
300587,天铁科技,5.22,5.22,5.23,5.1,5.09,5.25,5.05,25409141.0,131693447.0,2.353,0.12
300588,熙菱信息,22.45,22.44,22.45,20.14,20.02,22.65,19.97,8990180.0,194978021.0,11.47,2.31
300589,江龙船艇,13.13,13.13,13.14,12.92,12.85,13.19,12.69,11286059.0,146350579.0,1.625,0.21
300590,移为通信,10.93,10.93,10.94,10.95,10.81,10.98,10.73,7705782.0,83925406.0,-0.183,-0.02
300591,万里马,6.67,6.66,6.67,6.66,6.64,6.82,6.4,31990850.0,212151006.0,0.15,0.01
300592,华凯易佰,14.91,14.91,14.92,14.81,14.62,15.06,14.41,9281770.0,136683406.0,0.675,0.1
300593,新雷能,30.92,30.92,30.94,29.3,29.11,31.66,29.0,25141784.0,776167993.0,5.529,1.62
300594,ST朗进,14.63,14.59,14.63,14.39,14.3,14.69,13.95,1084700.0,15616784.0,1.668,0.24
300595,欧普康视,11.0,11.0,11.01,11.37,11.26,11.32,10.93,11048893.0,122124598.0,-3.254,-0.37
300596,利安隆,43.3,43.3,43.32,45.0,44.41,44.51,42.98,4774304.0,208227030.0,-3.778,-1.7
300597,吉大通信,7.79,7.78,7.79,7.76,7.75,7.83,7.62,3613200.0,27940849.0,0.387,0.03
300598,诚迈科技,32.93,32.93,32.94,36.5,35.29,35.56,32.62,23619454.0,785309198.0,-9.781,-3.57
300599,雄塑科技,12.01,12.0,12.01,11.95,11.86,12.05,11.68,5189092.0,61597319.0,0.502,0.06
300600,国瑞科技,9.96,9.96,9.97,9.92,9.9,9.99,9.73,2818100.0,27835367.0,0.403,0.04
300601,康泰生物,13.03,13.03,13.04,14.47,13.2,13.58,12.81,82383844.0,1081016659.0,-9.952,-1.44
300602,飞荣达,41.57,41.56,41.57,40.52,40.6,42.85,40.0,20304000.0,847437768.0,2.591,1.05
300603,立昂技术,7.73,7.72,7.73,7.72,7.7,7.76,7.49,12795622.0,97868817.0,0.13,0.01
300604,长川科技,279.42,279.42,279.43,275.74,274.05,284.58,270.02,12882692.0,3587691576.0,1.335,3.68
300605,恒锋信息,10.22,10.22,10.23,10.11,10.07,10.27,9.85,5969138.0,60238517.0,1.088,0.11
300606,金太阳,36.2,36.2,36.21,35.41,35.0,36.46,34.17,6180109.0,219585446.0,2.231,0.79
300607,拓斯达,35.57,35.57,35.58,32.69,32.1,36.15,31.94,41538203.0,1429623176.0,8.81,2.88
300608,思特奇,10.15,10.14,10.15,10.02,9.97,10.17,9.78,6179259.0,61891271.0,1.297,0.13
300609,汇纳科技,25.16,25.16,25.17,24.91,24.99,25.25,24.4,2714300.0,67667684.0,1.004,0.25
300610,晨化股份,10.42,10.42,10.44,10.41,10.32,10.46,10.16,3037107.0,31340527.0,0.096,0.01
300611,美力科技,22.92,22.92,22.93,22.66,22.66,23.2,22.51,1598913.0,36641409.0,1.147,0.26
300612,宣亚国际,11.69,11.69,11.72,11.8,11.76,11.8,11.51,4555278.0,53039902.0,-0.932,-0.11
300613,富瀚微,70.53,70.53,70.55,70.85,70.45,71.56,69.8,7528021.0,531198911.0,-0.452,-0.32
300614,百川畅银,10.75,10.74,10.75,10.71,10.67,10.83,10.44,1890329.0,20148528.0,0.373,0.04
300615,欣天科技,16.15,16.15,16.2,16.53,18.09,19.46,16.0,51431885.0,918089575.0,-2.299,-0.38
300616,尚品宅配,10.56,10.56,10.57,10.6,10.57,10.64,10.3,4058422.0,42689597.0,-0.377,-0.04
300617,安靠智电,40.73,40.73,40.74,40.5,40.36,41.23,39.93,3158502.0,128312600.0,0.568,0.23
300618,寒锐钴业,34.99,34.99,35.0,34.34,33.98,35.39,33.79,7866236.0,274023153.0,1.893,0.65
300619,金银河,26.7,26.69,26.7,25.65,25.65,26.74,25.13,5238855.0,137263667.0,4.094,1.05
300620,光库科技,305.03,305.03,305.08,310.96,307.56,316.19,302.0,10031838.0,3090545115.0,-1.907,-5.93
300621,维业股份,7.35,7.35,7.37,7.24,7.21,7.42,7.05,4341700.0,31507807.0,1.519,0.11
300622,博士眼镜,14.73,14.73,14.75,14.73,14.61,14.95,14.37,8304345.0,121860424.0,0.0,0.0
300623,捷捷微电,29.62,29.62,29.63,29.43,29.59,30.44,29.14,36334219.0,1080030314.0,0.646,0.19
300624,万兴科技,51.24,51.24,51.25,52.04,51.29,51.84,50.64,5035195.0,257492574.0,-1.537,-0.8
300625,三雄极光,9.79,9.79,9.81,9.7,9.63,9.83,9.56,1810800.0,17569290.0,0.928,0.09
300626,华瑞股份,31.24,31.24,31.28,30.68,30.68,31.75,29.26,4951500.0,152016646.0,1.825,0.56
300627,华测导航,27.13,27.13,27.14,27.25,27.22,27.3,26.92,4989198.0,135296583.0,-0.44,-0.12
300628,亿联网络,41.73,41.73,41.74,42.4,42.45,42.51,41.13,16295624.0,678608829.0,-1.58,-0.67
300629,新劲刚,16.93,16.92,16.93,16.66,16.65,17.0,16.46,3623005.0,61029086.0,1.621,0.27
300631,久吾高科,21.65,21.62,21.65,21.48,21.4,21.77,20.99,1431957.0,30744870.0,0.791,0.17
300632,光莆股份,18.74,18.74,18.75,18.49,18.4,18.94,17.96,10513976.0,195486512.0,1.352,0.25
300633,开立医疗,20.69,20.69,20.7,20.7,20.44,21.2,20.3,5904600.0,122544233.0,-0.048,-0.01
300634,彩讯股份,19.48,19.48,19.49,19.65,19.45,19.55,19.07,7247893.0,140485006.0,-0.865,-0.17
300635,中达安,12.24,12.23,12.24,12.28,12.16,12.33,11.9,3622500.0,43779227.0,-0.326,-0.04
300636,同和药业,6.95,6.95,6.96,7.16,7.05,7.07,6.77,9510320.0,65722689.0,-2.933,-0.21
300637,扬帆新材,9.05,9.04,9.05,9.01,8.92,9.1,8.78,2940700.0,26389515.0,0.444,0.04
300638,广和通,18.88,18.88,18.89,18.83,18.67,19.0,18.58,7682293.0,144527042.0,0.266,0.05
300639,凯普生物,6.18,6.18,6.19,6.29,6.2,6.31,6.1,22961294.0,142080880.0,-1.749,-0.11
300640,德艺文创,6.83,6.82,6.83,6.71,6.71,6.85,6.57,7803270.0,52462331.0,1.788,0.12
300641,正丹股份,13.95,13.95,13.96,14.15,14.07,14.12,13.89,4760600.0,66551947.0,-1.413,-0.2
300642,透景生命,13.71,13.71,13.72,13.94,13.94,14.08,13.35,4240840.0,57762466.0,-1.65,-0.23
300643,万通智控,18.08,18.08,18.14,17.98,17.77,18.38,17.71,3593958.0,64898173.0,0.556,0.1
300644,南京聚隆,21.28,21.28,21.29,21.03,20.92,21.28,20.62,1451700.0,30462529.0,1.189,0.25
300645,正元智慧,12.97,12.96,12.97,12.94,12.89,12.98,12.62,2356900.0,30181610.0,0.232,0.03
300647,超频三,5.63,5.62,5.63,5.65,5.63,5.67,5.51,10790350.0,60494021.0,-0.354,-0.02
300648,星云股份,40.65,40.62,40.66,38.35,38.36,41.39,37.54,2932584.0,117861593.0,5.997,2.3
300649,杭州园林,25.36,25.36,25.38,25.87,25.94,26.76,25.16,5723900.0,148153495.0,-1.971,-0.51
300650,太龙股份,11.77,11.77,11.78,11.61,11.55,11.84,11.33,3943000.0,45954695.0,1.378,0.16
300651,金陵体育,17.11,17.11,17.12,17.09,16.91,17.16,16.7,2743900.0,46482840.0,0.117,0.02
300652,雷迪克,28.96,28.96,28.97,28.56,28.65,29.04,28.14,1176500.0,33791617.0,1.401,0.4
300653,正海生物,15.07,15.06,15.07,15.77,15.35,15.44,14.89,4024986.0,60692069.0,-4.439,-0.7
300654,世纪天鸿,10.17,10.17,10.18,10.0,9.96,10.17,9.85,8000817.0,80493726.0,1.7,0.17
300655,晶瑞电材,12.8,12.8,12.81,12.7,12.62,12.97,12.47,27563703.0,352471811.0,0.787,0.1
300656,民德电子,26.95,26.93,26.95,27.13,27.09,28.38,26.44,5461456.0,149301476.0,-0.663,-0.18
300657,弘信电子,35.03,35.03,35.04,35.37,34.5,35.28,33.0,27633266.0,945152109.0,-0.961,-0.34
300658,延江股份,10.58,10.58,10.59,10.59,10.66,10.66,10.3,5410434.0,56957272.0,-0.094,-0.01
300659,中孚信息,10.2,10.2,10.21,10.24,10.17,10.23,9.98,2608600.0,26393195.0,-0.391,-0.04
300660,江苏雷利,24.18,24.18,24.19,24.37,24.36,24.37,23.74,5287413.0,127422505.0,-0.78,-0.19
300661,圣邦股份,116.6,116.6,116.61,116.58,116.0,118.12,114.01,8611144.0,997675115.0,0.017,0.02
300662,科锐国际,19.9,19.9,19.92,20.15,20.0,20.0,19.72,1497421.0,29729988.0,-1.241,-0.25
300663,科蓝软件,8.15,8.15,8.16,8.0,7.94,8.21,7.77,23632884.0,189711880.0,1.875,0.15
300664,鹏鹞环保,4.55,4.55,4.56,4.63,4.56,4.59,4.48,7973338.0,36105707.0,-1.728,-0.08
300665,飞鹿股份,9.42,9.41,9.42,9.49,9.41,9.56,9.26,5078000.0,47853053.0,-0.738,-0.07
300666,江丰电子,246.7,246.7,246.71,249.05,247.0,253.36,243.56,10347109.0,2559848899.0,-0.944,-2.35
300667,必创科技,14.62,14.61,14.62,14.93,14.84,14.89,14.5,8364500.0,122683999.0,-2.076,-0.31
300668,杰恩股份,33.5,33.5,33.51,34.39,34.07,34.56,32.74,6151200.0,206673672.0,-2.588,-0.89
300669,沪宁股份,23.88,23.88,23.9,23.49,23.5,24.08,23.1,1294100.0,30539662.0,1.66,0.39
300670,大烨智能,6.36,6.36,6.37,6.35,6.33,6.4,6.21,5350900.0,33824527.0,0.157,0.01
300671,富满微,59.47,59.47,59.48,60.08,59.74,61.7,57.8,12395159.0,739559681.0,-1.015,-0.61
300672,国科微,163.32,163.32,163.33,163.55,162.65,166.3,159.59,7521139.0,1226097947.0,-0.141,-0.23
300673,佩蒂股份,12.9,12.87,12.9,13.02,13.0,13.0,12.7,1925802.0,24657144.0,-0.922,-0.12
300674,宇信科技,15.82,15.81,15.82,15.24,15.34,15.92,15.34,24317090.0,382124675.0,3.806,0.58
300675,建科院,12.85,12.85,12.87,12.82,12.77,12.86,12.45,1724400.0,21814820.0,0.234,0.03
300676,华大基因,42.2,42.2,42.21,43.78,41.41,43.77,41.0,32103903.0,1362387728.0,-3.609,-1.58
300677,英科医疗,48.41,48.37,48.41,48.98,48.45,49.28,47.8,6043487.0,293188542.0,-1.164,-0.57
300678,中科信息,21.64,21.64,21.65,21.81,21.63,21.69,21.28,3000796.0,64567534.0,-0.779,-0.17
300679,电连技术,51.45,51.45,51.46,50.45,50.09,53.38,49.08,32351892.0,1661810951.0,1.982,1.0
300680,隆盛科技,20.49,20.48,20.49,20.07,19.97,20.92,19.9,6218788.0,126989338.0,2.093,0.42
300681,英搏尔,21.4,21.39,21.4,21.18,21.01,21.48,20.61,4526999.0,95997828.0,1.039,0.22
300682,朗新科技,9.35,9.35,9.36,9.47,9.39,9.51,9.23,14184200.0,132915540.0,-1.267,-0.12
300683,海特生物,29.1,29.1,29.11,30.38,29.9,30.0,28.6,8799701.0,256710977.0,-4.213,-1.28
300684,中石科技,84.1,84.1,84.11,90.67,87.98,88.1,80.92,24548126.0,2086649394.0,-7.246,-6.57
300685,艾德生物,18.99,18.99,19.02,19.71,19.59,19.63,18.9,13059380.0,250813402.0,-3.653,-0.72
300686,智动力,14.67,14.67,14.68,14.02,13.96,14.83,13.7,13253300.0,190463316.0,4.636,0.65
300687,赛意信息,26.84,26.84,26.85,27.98,28.32,28.5,26.62,31930962.0,870429990.0,-4.074,-1.14
300688,创业黑马,29.67,29.66,29.67,30.28,30.01,30.1,28.91,10929709.0,320850147.0,-2.015,-0.61
300689,澄天伟业,53.89,53.89,53.9,53.35,52.86,55.56,51.87,2571289.0,138463987.0,1.012,0.54
300690,双一科技,20.62,20.62,20.63,20.58,20.52,20.71,20.12,1677324.0,34320461.0,0.194,0.04
300691,联合光电,14.47,14.47,14.48,14.1,14.17,14.5,13.78,4524697.0,64343854.0,2.624,0.37
300692,中赋科技,9.55,9.55,9.56,9.56,9.5,9.6,9.23,24018296.0,225891879.0,-0.105,-0.01
300693,盛弘股份,42.9,42.89,42.9,41.3,41.28,43.57,41.07,14123534.0,602707350.0,3.874,1.6
300694,蠡湖股份,10.53,10.53,10.54,10.64,10.55,10.64,10.3,3720100.0,38944218.0,-1.034,-0.11
300695,兆丰股份,49.06,49.06,49.08,49.18,49.71,50.0,48.24,665293.0,32627068.0,-0.244,-0.12
300696,爱乐达,20.23,20.23,20.25,20.04,20.0,20.34,19.7,3817036.0,76865077.0,0.948,0.19
300697,电工合金,16.22,16.21,16.22,15.16,15.16,16.28,14.82,27772836.0,437041332.0,6.992,1.06
300698,万马科技,24.87,24.86,24.87,25.0,24.6,25.11,24.47,2168000.0,53742778.0,-0.52,-0.13
300699,光威复材,24.39,24.39,24.4,24.38,24.32,24.56,24.1,7020139.0,171131428.0,0.041,0.01
300700,岱勒新材,19.08,19.08,19.09,19.28,19.02,19.44,18.7,7477929.0,142615572.0,-1.037,-0.2
300701,森霸传感,9.72,9.71,9.72,9.77,9.73,9.77,9.52,2989281.0,28895938.0,-0.512,-0.05
300702,天宇股份,22.03,22.03,22.04,22.41,22.31,22.49,21.68,4223157.0,93188328.0,-1.696,-0.38
300703,创源股份,13.45,13.45,13.46,13.31,13.16,13.5,13.0,3158228.0,41903621.0,1.052,0.14
300705,九典制药,11.57,11.57,11.58,12.43,12.09,12.18,11.4,24481098.0,284803374.0,-6.919,-0.86
300706,阿石创,52.42,52.41,52.42,52.28,52.19,53.52,51.0,5711700.0,299182664.0,0.268,0.14
300707,威唐工业,12.1,12.1,12.11,11.98,11.9,12.14,11.76,3041795.0,36415349.0,1.002,0.12
300708,聚灿光电,7.85,7.85,7.86,7.81,7.75,7.93,7.61,13673165.0,106506491.0,0.512,0.04
300709,精研科技,40.76,40.76,40.78,40.21,39.49,41.66,39.01,14169920.0,573531447.0,1.368,0.55
300710,万隆光电,31.82,31.82,31.83,32.27,33.16,36.33,31.66,13334267.0,448925323.0,-1.394,-0.45
300711,广哈通信,17.59,17.59,17.6,16.99,16.8,17.76,16.6,7660458.0,131848161.0,3.531,0.6
300712,永福股份,20.63,20.59,20.64,20.47,20.11,20.74,20.04,1313659.0,26901214.0,0.782,0.16
300713,英可瑞,13.12,13.12,13.14,13.08,12.86,13.23,12.71,1686400.0,21896904.0,0.306,0.04
300715,凯伦股份,14.48,14.47,14.48,14.06,14.07,15.09,13.81,10610723.0,154380494.0,2.987,0.42
300716,*ST泉为,19.03,19.03,19.04,16.18,15.94,19.42,15.86,5851301.0,105549785.0,17.614,2.85
300717,华信新材,18.23,18.23,18.25,18.22,18.04,18.29,17.64,1814300.0,32754739.0,0.055,0.01
300718,长盛轴承,57.63,57.62,57.63,57.05,56.49,59.3,55.55,7757765.0,446732615.0,1.017,0.58
300719,安达维尔,11.53,11.52,11.53,11.43,11.29,11.56,11.25,2266081.0,25887594.0,0.875,0.1
300720,海川智能,76.59,76.59,76.6,78.61,78.79,79.79,75.88,10206589.0,791043885.0,-2.57,-2.02
300721,怡达股份,22.74,22.74,22.75,22.56,22.3,22.84,21.81,7168682.0,161694234.0,0.798,0.18
300722,新余国科,20.88,20.87,20.88,20.68,20.47,20.89,20.28,1536852.0,31800609.0,0.967,0.2
300723,一品红,36.75,36.74,36.75,38.34,38.0,38.14,35.6,15911502.0,582346887.0,-4.147,-1.59
300724,捷佳伟创,57.73,57.73,57.74,58.31,57.5,58.32,56.61,7951762.0,458243317.0,-0.995,-0.58
300725,药石科技,51.46,51.46,51.47,54.38,53.24,53.58,51.28,30840402.0,1612258584.0,-5.37,-2.92
300726,宏达电子,52.84,52.83,52.84,51.9,51.51,53.15,50.82,7835018.0,411221806.0,1.811,0.94
300727,润禾材料,27.17,27.17,27.18,26.74,26.6,27.42,26.25,2037213.0,55088428.0,1.608,0.43
300729,乐歌股份,10.1,10.09,10.1,10.21,10.2,10.2,9.99,2216860.0,22308168.0,-1.077,-0.11
300730,科创信息,11.35,11.35,11.36,11.27,11.18,11.42,11.04,2769645.0,31252733.0,0.71,0.08
300731,科创新源,39.04,39.04,39.05,36.56,36.41,39.46,36.09,7284289.0,277659688.0,6.783,2.48
300732,设研院,6.02,6.01,6.02,6.02,5.95,6.05,5.85,6643101.0,39458834.0,0.0,0.0
300733,西菱动力,14.11,14.08,14.11,14.11,14.12,14.19,13.96,2976293.0,41866162.0,0.0,0.0
300735,光弘科技,20.17,20.17,20.18,19.7,19.54,20.68,19.45,11753782.0,236482113.0,2.386,0.47
300736,百邦科技,29.64,29.62,29.64,28.96,28.99,29.85,27.88,5047200.0,147441216.0,2.348,0.68
300737,科顺股份,4.81,4.8,4.81,4.87,4.8,4.85,4.69,17518645.0,84074390.0,-1.232,-0.06
300738,奥飞数据,20.83,20.83,20.84,20.96,20.7,20.97,20.22,35243166.0,728102249.0,-0.62,-0.13
300739,明阳电路,22.8,22.8,22.81,22.56,22.58,23.08,22.1,7152947.0,162753355.0,1.064,0.24
300740,水羊股份,21.07,21.06,21.07,20.81,20.78,21.56,20.45,28288124.0,593808456.0,1.249,0.26
300741,华宝股份,13.43,13.43,13.44,13.64,13.59,13.6,13.18,2493873.0,33327705.0,-1.54,-0.21
300743,天地数码,14.73,14.73,14.77,14.87,14.75,14.82,14.57,1728400.0,25392678.0,-0.941,-0.14
300745,欣锐科技,28.97,28.96,28.97,28.54,28.46,29.53,27.99,4890662.0,141226562.0,1.507,0.43
300746,汉嘉数智,13.5,13.49,13.5,13.51,13.38,13.56,13.0,4198697.0,55587183.0,-0.074,-0.01
300747,锐科激光,36.63,36.63,36.64,35.38,35.11,37.8,34.63,19445802.0,711511897.0,3.533,1.25
300748,金力永磁,27.57,27.56,27.57,27.24,27.11,27.68,26.91,18760523.0,513230540.0,1.211,0.33
300749,顶固集创,23.94,23.94,23.95,23.38,23.76,24.57,23.07,6617380.0,159219102.0,2.395,0.56
300750,宁德时代,391.15,391.15,391.16,385.0,386.0,397.83,383.05,20449615.0,8013769872.0,1.597,6.15
300751,迈为股份,193.66,193.66,193.67,196.04,194.2,197.04,188.56,6119944.0,1180698362.0,-1.214,-2.38
300752,隆利科技,11.2,11.2,11.21,10.96,10.9,11.29,10.76,10258486.0,113764898.0,2.19,0.24
300753,爱朋医疗,22.15,22.14,22.15,23.18,22.87,23.01,21.84,6750462.0,149616313.0,-4.443,-1.03
300755,华致酒行,11.11,11.1,11.11,11.27,11.26,11.26,10.97,2431700.0,26962515.0,-1.42,-0.16
300756,金马游乐,28.95,28.9,28.95,28.91,28.82,29.58,27.85,3986660.0,115028282.0,0.138,0.04
300757,罗博特科,504.6,504.6,504.61,503.11,511.02,524.7,501.0,5507811.0,2822376853.0,0.296,1.49
300758,七彩化学,10.78,10.78,10.79,10.68,10.72,10.79,10.42,4363229.0,46593922.0,0.936,0.1
300759,康龙化成,47.98,47.97,47.98,50.9,48.93,49.8,47.19,92851253.0,4492983648.0,-5.737,-2.92
300760,迈瑞医疗,154.45,154.45,154.46,158.07,158.0,159.0,153.89,7971103.0,1240797634.0,-2.29,-3.62
300761,立华股份,18.77,18.77,18.79,18.71,18.66,18.96,18.53,7543269.0,141530248.0,0.321,0.06
300762,上海瀚讯,28.49,28.49,28.5,28.7,28.44,29.07,28.11,20246454.0,578435825.0,-0.732,-0.21
300763,锦浪科技,63.16,63.15,63.16,60.9,60.68,64.19,60.32,10332625.0,648549412.0,3.711,2.26
300765,石药创新,49.0,49.0,49.03,51.78,47.88,51.47,47.6,60463541.0,2962139563.0,-5.369,-2.78
300766,每日互动,21.62,21.62,21.63,21.6,21.5,21.65,21.0,11153743.0,238565096.0,0.093,0.02
300767,震安科技,18.93,18.93,18.97,18.84,18.86,19.59,18.54,7580335.0,144037561.0,0.478,0.09
300768,迪普科技,14.62,14.62,14.63,14.74,14.61,14.73,14.31,4706032.0,68327138.0,-0.814,-0.12
300769,德方纳米,47.15,47.15,47.16,45.35,45.06,48.11,44.71,14542631.0,682366312.0,3.969,1.8
300770,新媒股份,33.61,33.61,33.62,34.38,34.3,34.3,33.48,1697631.0,57258245.0,-2.24,-0.77
300771,智莱科技,11.27,11.27,11.28,11.38,11.28,11.35,11.13,2849794.0,32046548.0,-0.967,-0.11
300772,运达股份,11.33,11.33,11.34,11.34,11.32,11.39,11.18,6705836.0,75834290.0,-0.088,-0.01
300773,拉卡拉,15.41,15.41,15.42,14.79,15.08,15.97,14.93,76816281.0,1178637524.0,4.192,0.62
300774,倍杰特,11.16,11.15,11.16,11.0,11.08,11.18,10.76,6871919.0,75671021.0,1.455,0.16
300775,三角防务,20.85,20.85,20.86,20.89,20.77,20.91,20.42,6439625.0,133680992.0,-0.191,-0.04
300776,帝尔激光,114.0,114.0,114.01,114.85,114.56,117.01,110.33,6576851.0,748648696.0,-0.74,-0.85
300777,中简科技,23.18,23.18,23.19,23.15,23.17,23.36,22.86,4734366.0,109558100.0,0.13,0.03
300778,新城市,10.36,10.36,10.37,10.35,10.32,10.44,10.15,1956654.0,20119838.0,0.097,0.01
300779,惠城环保,68.2,68.19,68.2,67.4,69.87,70.6,67.5,8095331.0,558593245.0,1.187,0.8
300780,德恩精工,19.81,19.81,19.83,19.72,19.6,19.98,19.14,4935484.0,97207614.0,0.456,0.09
300781,因赛集团,26.9,26.89,26.9,27.16,27.07,27.19,26.24,2096878.0,55958373.0,-0.957,-0.26
300782,卓胜微,77.14,77.13,77.14,76.7,76.0,78.58,75.93,7366268.0,568210615.0,0.574,0.44
300783,三只松鼠,16.8,16.8,16.81,17.13,17.0,17.11,16.64,4832800.0,81013974.0,-1.926,-0.33
300784,利安科技,40.95,40.94,40.95,41.17,40.66,41.12,39.87,771901.0,31279085.0,-0.534,-0.22
300785,值得买,35.8,35.8,35.81,36.41,36.06,36.34,35.23,4472340.0,159509309.0,-1.675,-0.61
300786,国林科技,15.57,15.56,15.57,15.56,15.31,15.69,15.16,5509900.0,85446993.0,0.064,0.01
300787,海能实业,10.04,10.03,10.04,10.14,10.06,10.18,9.89,4814199.0,48214564.0,-0.986,-0.1
300788,中信出版,23.9,23.9,23.93,23.98,23.96,24.12,23.15,6055269.0,143088229.0,-0.334,-0.08
300789,唐源电气,17.39,17.37,17.39,17.7,17.42,17.49,17.1,2872366.0,49697316.0,-1.751,-0.31
300790,宇瞳光学,20.2,20.19,20.2,19.71,19.31,20.65,19.0,26393683.0,528398197.0,2.486,0.49
300791,仙乐健康,16.54,16.54,16.55,17.18,17.0,17.02,16.45,2699839.0,44846697.0,-3.725,-0.64
300792,壹网壹创,23.28,23.27,23.28,23.45,23.3,23.38,22.8,3500497.0,81020585.0,-0.725,-0.17
300793,佳禾智能,11.0,11.0,11.01,10.88,10.81,11.02,10.66,4069616.0,44341012.0,1.103,0.12
300795,米奥会展,13.7,13.7,13.71,14.02,13.92,14.06,13.4,24111324.0,330317737.0,-2.282,-0.32
300796,贝斯美,6.7,6.7,6.71,6.73,6.7,6.74,6.57,3574289.0,23764688.0,-0.446,-0.03
300797,钢研纳克,14.5,14.49,14.5,14.63,14.54,14.66,14.23,7859850.0,113170870.0,-0.889,-0.13
300798,锦鸡股份,7.13,7.12,7.13,7.16,7.1,7.14,6.94,9416894.0,66645334.0,-0.419,-0.03
300800,力合科技,10.0,9.99,10.0,10.08,10.08,10.11,9.82,2917500.0,29062463.0,-0.794,-0.08
300801,泰和科技,22.77,22.77,22.78,22.82,22.6,22.87,22.08,4160223.0,94066267.0,-0.219,-0.05
300802,矩子科技,23.6,23.6,23.61,22.35,22.06,23.77,21.73,9024000.0,205751610.0,5.593,1.25
300803,指南针,81.88,81.87,81.88,79.32,79.0,82.52,78.36,16220945.0,1312906620.0,3.227,2.56
300804,广康生化,43.15,43.1,43.15,43.16,43.29,43.99,42.35,728400.0,31186246.0,-0.023,-0.01
300805,电声股份,7.89,7.89,7.9,7.95,7.88,7.9,7.7,5725701.0,44773765.0,-0.755,-0.06
300806,斯迪克,50.05,50.05,50.06,46.9,46.5,50.55,46.13,33328561.0,1630736537.0,6.716,3.15
300807,天迈科技,35.92,35.92,35.93,35.57,35.15,36.15,34.89,820800.0,29205436.0,0.984,0.35
300808,久量股份,19.18,19.17,19.18,19.02,18.99,19.33,18.61,1386000.0,26355969.0,0.841,0.16
300809,华辰装备,23.75,23.75,23.76,23.67,23.62,23.95,23.3,3797329.0,89875763.0,0.338,0.08
300810,中科海讯,23.93,23.92,23.93,23.66,23.5,24.04,23.15,1238900.0,29333048.0,1.141,0.27
300811,铂科新材,77.3,77.3,77.34,76.93,76.61,78.88,75.15,9232617.0,714276402.0,0.481,0.37
300812,易天股份,19.44,19.44,19.47,19.4,19.26,19.61,18.83,6134960.0,118637920.0,0.206,0.04
300813,泰林生物,21.13,21.12,21.13,21.71,21.35,21.45,20.75,4733552.0,99677602.0,-2.672,-0.58
300814,中富电路,139.45,139.45,139.46,137.2,137.62,145.44,133.5,6492828.0,909942078.0,1.64,2.25
300815,玉禾田,15.89,15.89,15.91,16.06,16.06,16.07,15.71,3151225.0,49920041.0,-1.059,-0.17
300816,艾可蓝,51.4,51.32,51.4,50.78,49.84,52.13,49.27,2102161.0,106509922.0,1.221,0.62
300817,双飞集团,15.23,15.23,15.25,15.3,15.29,15.44,14.95,1995290.0,30246257.0,-0.458,-0.07
300818,耐普矿机,19.29,19.29,19.33,18.96,18.8,19.95,18.44,3621178.0,69854608.0,1.741,0.33
300819,聚杰微纤,46.89,46.89,46.9,46.02,46.1,47.5,45.05,3090000.0,144157040.0,1.89,0.87
300820,英杰电气,52.71,52.71,52.72,52.26,52.02,53.13,51.35,2619992.0,137520274.0,0.861,0.45
300821,东岳硅材,16.95,16.94,16.95,17.31,17.03,17.44,16.77,73814560.0,1255854520.0,-2.08,-0.36
300822,贝仕达克,11.42,11.42,11.43,11.58,11.47,11.52,11.25,2339899.0,26626442.0,-1.382,-0.16
300823,建科智能,15.05,15.05,15.1,15.07,14.93,15.2,14.63,2313800.0,34533233.0,-0.133,-0.02
300824,北鼎股份,7.63,7.63,7.64,7.75,7.68,7.7,7.55,3492656.0,26603897.0,-1.548,-0.12
300825,阿尔特,10.57,10.57,10.58,10.58,10.45,10.64,10.26,10340951.0,108578146.0,-0.095,-0.01
300826,测绘股份,14.75,14.75,14.76,15.02,15.0,15.2,14.65,6903858.0,102329658.0,-1.798,-0.27
300827,上能电气,25.89,25.88,25.89,25.41,25.29,26.15,25.19,9475131.0,244945487.0,1.889,0.48
300828,锐新科技,16.97,16.97,16.98,16.92,16.63,17.3,16.49,5862800.0,98839740.0,0.296,0.05
300829,金丹科技,15.04,15.04,15.05,15.08,15.01,15.09,14.75,3670274.0,54660989.0,-0.265,-0.04
300830,金现代,8.01,8.01,8.03,8.05,8.17,8.18,7.82,6559271.0,52192880.0,-0.497,-0.04
300831,ST派瑞,14.08,14.07,14.08,14.32,14.27,14.45,13.97,4797100.0,67820993.0,-1.676,-0.24
300832,新产业,51.87,51.87,51.88,54.57,53.7,54.05,51.7,9806367.0,516499363.0,-4.948,-2.7
300833,浩洋股份,36.24,36.24,36.26,35.8,35.94,36.24,35.14,553865.0,19734822.0,1.229,0.44
300834,星辉环材,39.36,39.28,39.36,38.6,38.77,39.8,37.81,1007643.0,39389995.0,1.969,0.76
300835,龙磁科技,159.32,159.32,159.33,157.26,156.87,160.87,155.03,1872672.0,296981801.0,1.31,2.06
300836,佰奥智能,48.42,48.42,48.43,49.3,48.84,49.69,47.4,1790246.0,86696516.0,-1.785,-0.88
300837,浙矿股份,23.12,23.12,23.13,23.25,23.02,23.27,22.43,1579239.0,36130576.0,-0.559,-0.13
300838,浙江力诺,13.9,13.87,13.9,13.75,13.65,14.04,13.5,1988400.0,27400490.0,1.091,0.15
300839,博汇股份,12.47,12.47,0.0,10.39,10.37,12.47,10.32,19090840.0,225948952.0,20.019,2.08
300840,酷特智能,18.96,18.96,19.01,19.02,18.78,19.17,18.65,5616809.0,106223606.0,-0.315,-0.06
300841,康华生物,56.5,56.5,56.51,60.31,56.15,59.27,55.68,12159944.0,690292382.0,-6.317,-3.81
300842,帝科股份,62.6,62.55,62.6,61.47,61.0,63.2,59.99,3072126.0,190396146.0,1.838,1.13
300843,胜蓝股份,139.5,139.49,139.5,145.38,145.35,145.79,137.68,9443173.0,1328542306.0,-4.045,-5.88
300844,山水比德,23.5,23.5,23.52,23.47,23.27,23.65,22.75,868096.0,20191059.0,0.128,0.03
300845,捷安高科,12.32,12.32,12.33,12.27,12.1,12.39,11.92,6630682.0,80759407.0,0.407,0.05
300846,首都在线,19.41,19.4,19.41,18.85,18.65,19.58,18.19,30129783.0,569525138.0,2.971,0.56
300847,中船汉光,13.8,13.8,13.81,13.82,13.72,13.86,13.57,2298500.0,31520078.0,-0.145,-0.02
300848,美瑞新材,12.62,12.62,12.63,12.59,12.57,12.67,12.31,2486688.0,31168785.0,0.238,0.03
300849,锦盛新材,20.67,20.67,20.68,20.52,20.3,20.9,19.7,2687700.0,54783130.0,0.731,0.15
300850,新强联,25.28,25.28,25.29,25.3,25.29,25.65,24.85,6107321.0,154332848.0,-0.079,-0.02
300851,交大思诺,24.4,24.4,24.41,24.26,24.01,24.4,23.74,935800.0,22550161.0,0.577,0.14
300852,四会富仕,46.49,46.49,46.5,45.36,44.91,47.46,44.76,6621422.0,306917506.0,2.491,1.13
300853,申昊科技,27.5,27.5,27.51,27.2,27.34,28.0,26.46,5171934.0,140704379.0,1.103,0.3
300854,中兰环保,17.8,17.79,17.8,18.21,17.93,18.06,17.38,4861561.0,86165778.0,-2.252,-0.41
300855,图南股份,33.82,33.8,33.82,32.31,32.16,34.02,31.75,11691736.0,387345640.0,4.673,1.51
300856,科思股份,10.93,10.92,10.93,11.03,11.0,11.0,10.76,5425641.0,58934843.0,-0.907,-0.1
300857,协创数据,247.41,247.4,247.41,247.38,244.9,253.0,244.03,11339136.0,2815551888.0,0.012,0.03
300858,科拓生物,15.4,15.39,15.4,15.85,15.56,15.91,15.31,6607410.0,102607021.0,-2.839,-0.45
300859,西域旅游,26.44,26.43,26.44,26.55,26.35,26.59,25.92,1860655.0,48855105.0,-0.414,-0.11
300860,锋尚文化,27.23,27.18,27.23,27.05,27.0,27.25,26.6,1122784.0,30190388.0,0.665,0.18
300861,美畅股份,16.8,16.8,16.81,16.85,16.69,16.95,16.47,8129427.0,136206482.0,-0.297,-0.05
300862,蓝盾光电,56.5,0.0,0.0,56.5,0.0,0.0,0.0,0.0,0.0,0.0,0.0
300863,卡倍亿,42.88,42.88,42.9,41.27,41.32,43.53,41.06,6876118.0,292113967.0,3.901,1.61
300864,南大环境,24.1,24.09,24.1,20.96,20.51,24.3,20.5,10095588.0,230377874.0,14.981,3.14
300865,大宏立,28.84,28.84,28.85,29.32,28.08,29.5,27.88,6708582.0,191884974.0,-1.637,-0.48
300866,安克创新,118.5,118.49,118.5,115.58,116.2,119.69,116.0,2684005.0,318507591.0,2.526,2.92
300867,圣元环保,18.18,18.17,18.18,17.8,17.35,18.8,17.34,15994841.0,290955498.0,2.135,0.38
300868,杰美特,88.0,87.99,88.0,87.82,84.85,91.66,82.22,3428825.0,297569639.0,0.205,0.18
300869,康泰医学,11.52,11.52,11.53,11.79,11.6,11.66,11.35,4862851.0,55882719.0,-2.29,-0.27
300870,欧陆通,210.69,210.6,210.69,214.15,208.0,216.68,204.03,6139841.0,1291311314.0,-1.616,-3.46
300871,回盛生物,23.34,23.34,23.35,23.99,23.7,24.01,23.03,6312867.0,147296624.0,-2.709,-0.65
300872,天阳科技,15.16,15.15,15.16,14.75,15.06,15.63,14.85,19840721.0,300778233.0,2.78,0.41
300873,海晨股份,15.4,15.4,15.41,15.49,15.29,15.75,15.05,7884660.0,121971922.0,-0.581,-0.09
300875,捷强装备,32.24,32.21,32.24,32.37,32.08,32.36,31.56,1950499.0,62562985.0,-0.402,-0.13
300876,蒙泰高新,15.65,15.64,15.65,15.43,15.33,15.72,15.16,2066901.0,31989978.0,1.426,0.22
300877,金春股份,31.21,31.21,31.23,29.37,29.22,31.43,28.18,4804805.0,143415059.0,6.265,1.84
300878,维康药业,33.32,33.32,33.36,33.33,32.79,33.99,32.42,2391300.0,79686595.0,-0.03,-0.01
300879,大叶股份,16.63,16.63,16.64,16.72,16.59,16.82,16.38,1738171.0,28867141.0,-0.538,-0.09
300880,迦南智能,19.46,19.46,19.47,19.39,19.17,19.56,19.0,1620658.0,31211671.0,0.361,0.07
300881,盛德鑫泰,33.04,33.03,33.04,33.1,33.04,33.21,32.26,1080620.0,35479825.0,-0.181,-0.06
300882,万胜智能,14.4,14.36,14.4,14.34,14.27,14.45,14.08,1438318.0,20547679.0,0.418,0.06
300883,龙利得,6.55,6.55,6.57,6.44,6.39,6.62,6.34,17895832.0,115638291.0,1.708,0.11
300884,狄耐克,12.35,12.33,12.35,12.38,12.23,12.41,12.15,3812494.0,46745430.0,-0.242,-0.03
300885,海昌新材,19.89,19.89,19.9,19.61,19.8,19.89,19.26,2646279.0,52086861.0,1.428,0.28
300886,华业香料,24.54,24.54,24.7,24.8,24.8,24.85,23.85,2290100.0,55672405.0,-1.048,-0.26
300887,谱尼测试,7.14,7.14,7.15,7.28,7.17,7.2,6.99,10123300.0,71856280.0,-1.923,-0.14
300888,稳健医疗,29.02,29.01,29.02,29.93,29.85,29.85,28.86,3702849.0,107974629.0,-3.04,-0.91
300889,爱克股份,21.21,21.21,21.24,21.07,21.04,21.4,20.52,2730184.0,57401106.0,0.664,0.14
300890,翔丰华,26.78,26.77,26.78,26.15,26.1,26.82,25.68,3950952.0,104535190.0,2.409,0.63
300891,惠云钛业,7.29,7.28,7.29,7.19,7.14,7.31,7.08,5328705.0,38405435.0,1.391,0.1
300892,品渥食品,22.64,22.64,22.66,23.0,22.88,23.11,22.31,2223450.0,50148086.0,-1.565,-0.36
300893,松原安全,14.95,14.95,14.96,15.15,15.15,15.16,14.78,2691304.0,40118279.0,-1.32,-0.2
300894,火星人,11.15,11.15,11.16,11.12,11.0,11.3,10.88,4951179.0,55101106.0,0.27,0.03
300895,铜牛信息,52.49,52.49,52.5,54.73,52.13,53.3,50.85,6107771.0,319076542.0,-4.093,-2.24
300896,爱美客,92.36,92.35,92.36,97.12,97.25,98.0,92.32,5130936.0,480594548.0,-4.901,-4.76
300897,山科智能,15.81,15.81,15.84,15.65,15.88,15.88,15.49,1804337.0,28349073.0,1.022,0.16
300898,熊猫乳品,20.71,20.71,20.72,21.25,21.03,21.37,20.52,2476532.0,51426543.0,-2.541,-0.54
300899,上海凯鑫,29.15,29.12,29.15,29.15,29.06,29.31,28.28,433200.0,12544900.0,0.0,0.0
300900,广联航空,22.04,22.04,22.05,21.86,21.92,22.29,21.46,15392524.0,338210147.0,0.823,0.18
300901,中胤时尚,18.16,18.16,18.17,18.57,18.58,18.7,17.35,6730300.0,120877391.0,-2.208,-0.41
300902,国安达,15.91,15.91,15.92,16.1,15.91,16.07,15.3,3314369.0,52242990.0,-1.18,-0.19
300903,科翔股份,78.62,78.62,78.63,78.82,77.42,79.98,75.0,23220921.0,1811862659.0,-0.254,-0.2
300904,威力传动,41.17,41.14,41.17,40.95,40.52,41.35,40.04,532896.0,21704858.0,0.537,0.22
300905,宝丽迪,36.2,36.2,36.23,36.0,35.87,36.53,35.01,5171558.0,186116963.0,0.556,0.2
300906,日月明,30.58,30.58,30.59,30.74,30.32,34.12,29.9,4966179.0,158353198.0,-0.52,-0.16
300907,康平科技,51.3,51.3,51.33,51.08,50.41,51.92,48.79,3237200.0,163978783.0,0.431,0.22
300908,仲景食品,24.51,24.51,24.53,25.0,24.8,24.93,24.28,2151417.0,52615422.0,-1.96,-0.49
300909,汇创达,54.79,54.78,54.79,55.75,55.19,55.4,52.2,4707527.0,254910413.0,-1.722,-0.96
300910,瑞丰新材,25.15,25.15,25.18,26.46,26.6,26.6,25.15,7602283.0,194367244.0,-4.951,-1.31
300911,亿田智能,24.39,24.39,24.4,24.66,24.22,24.78,23.58,16155807.0,390434891.0,-1.095,-0.27
300912,凯龙高科,19.69,19.68,19.69,19.12,19.12,19.78,18.55,4317400.0,83060806.0,2.981,0.57
300913,兆龙互连,35.91,35.91,35.92,35.34,34.85,36.46,34.73,7670705.0,274526015.0,1.613,0.57
300915,海融科技,20.25,20.14,20.25,20.57,20.36,20.38,19.8,828900.0,16654289.0,-1.556,-0.32
300916,朗特智能,26.0,25.99,26.0,25.3,25.02,26.5,24.61,7804436.0,202257658.0,2.767,0.7
300917,特发服务,26.47,26.47,26.48,26.9,26.9,26.97,25.51,10815175.0,282179127.0,-1.599,-0.43
300918,南山智尚,10.27,10.27,10.28,10.21,10.19,10.35,10.06,3621280.0,37061672.0,0.588,0.06
300919,中伟新材,40.47,40.47,40.48,39.75,39.56,41.37,39.41,11972895.0,485943776.0,1.811,0.72
300920,润阳科技,33.76,33.75,33.76,33.7,33.89,34.05,32.94,1276430.0,42932970.0,0.178,0.06
300921,南凌科技,15.24,15.24,15.25,15.33,15.34,15.39,14.94,4821656.0,73224069.0,-0.587,-0.09
300922,天秦装备,17.07,17.06,17.07,17.09,16.93,17.24,16.72,2077100.0,35354246.0,-0.117,-0.02
300923,研奥股份,24.7,24.7,24.71,24.68,24.68,24.82,24.04,887200.0,21680271.0,0.081,0.02
300925,法本信息,14.43,14.43,14.45,14.31,14.21,14.59,14.09,5359100.0,77034078.0,0.839,0.12
300926,博俊科技,17.19,17.18,17.19,17.45,17.39,17.39,17.1,2380200.0,40948139.0,-1.49,-0.26
300927,江天化学,27.01,27.01,27.02,25.94,25.94,29.98,24.63,22555535.0,628114759.0,4.125,1.07
300928,华安鑫创,25.13,25.13,25.16,25.31,25.22,25.39,24.75,949500.0,23892356.0,-0.711,-0.18
300929,华骐环保,15.35,15.35,15.36,15.33,15.3,15.53,14.79,6645240.0,100713802.0,0.13,0.02
300930,屹通新材,25.33,25.32,25.33,25.18,25.1,25.58,24.22,1049000.0,26389629.0,0.596,0.15
300931,通用电梯,15.33,15.33,15.34,15.65,15.9,16.08,15.3,6960598.0,108955512.0,-2.045,-0.32
300932,三友联众,10.42,10.42,10.43,10.62,10.6,10.6,10.22,9132647.0,95058599.0,-1.883,-0.2
300933,中辰股份,6.27,6.27,6.28,6.3,6.24,6.31,6.17,6269493.0,39229772.0,-0.476,-0.03
300935,盈建科,30.18,30.16,30.18,30.96,31.08,31.28,29.77,2281924.0,69084044.0,-2.519,-0.78
300936,中英科技,86.86,86.85,86.86,88.14,87.76,96.0,84.0,8501350.0,760273930.0,-1.452,-1.28
300937,药易购,26.12,26.12,26.14,27.75,27.21,27.33,25.96,7998651.0,211079940.0,-5.874,-1.63
300938,信测标准,28.0,28.0,28.02,27.75,27.6,28.28,27.05,9155350.0,254768211.0,0.901,0.25
300939,秋田微,61.7,61.7,61.71,62.55,62.17,63.5,60.27,2936229.0,181910568.0,-1.359,-0.85
300940,南极光,13.74,13.74,13.75,13.74,13.7,13.85,13.39,2598892.0,35411496.0,0.0,0.0
300941,创识科技,15.04,15.04,15.05,14.4,14.31,15.07,14.3,8463846.0,125681059.0,4.444,0.64
300942,易瑞生物,6.72,6.72,6.73,6.91,6.81,6.95,6.62,7176580.0,48127459.0,-2.75,-0.19
300943,春晖智控,30.78,30.78,30.79,31.0,30.71,31.74,30.4,9271769.0,287783783.0,-0.71,-0.22
300945,曼卡龙,12.72,12.72,12.73,12.36,12.57,12.88,12.3,18822686.0,236862425.0,2.913,0.36
300946,恒而达,38.87,38.79,38.87,36.6,36.31,38.99,36.06,1832603.0,68784238.0,6.202,2.27
300947,德必集团,14.17,14.17,14.18,14.23,14.2,14.28,13.72,2980824.0,41883837.0,-0.422,-0.06
300948,冠中生态,20.48,20.48,20.53,20.99,20.83,20.95,20.23,3835800.0,78764494.0,-2.43,-0.51
300949,奥雅股份,22.45,22.39,22.45,22.54,22.52,22.59,21.82,942100.0,20956028.0,-0.399,-0.09
300950,德固特,16.71,16.71,16.72,16.67,16.62,16.78,16.24,1226100.0,20302454.0,0.24,0.04
300951,博硕科技,70.97,70.89,70.97,70.7,70.38,74.0,68.78,5395533.0,384882544.0,0.382,0.27
300952,恒辉安防,16.46,16.45,16.46,16.3,16.15,16.54,15.94,3025590.0,49354802.0,0.982,0.16
300953,震裕科技,100.01,100.01,100.02,99.51,99.88,101.21,98.18,3637836.0,363388245.0,0.502,0.5
300955,嘉亨家化,30.75,30.7,30.75,30.89,30.89,31.23,30.32,1377000.0,42460046.0,-0.453,-0.14
300956,英力股份,11.16,11.16,11.17,11.1,11.01,11.17,10.81,3209818.0,35436598.0,0.541,0.06
300957,贝泰妮,31.68,31.67,31.68,32.35,32.1,32.1,31.5,4749562.0,150704307.0,-2.071,-0.67
300958,建工修复,12.47,12.47,12.48,12.0,12.05,12.49,12.0,6720684.0,82378426.0,3.917,0.47
300959,线上线下,94.06,94.05,94.06,93.62,93.18,94.35,90.4,1762572.0,163987679.0,0.47,0.44
300960,通业科技,16.37,16.37,16.4,16.31,16.24,16.48,15.91,1406317.0,22833889.0,0.368,0.06
300961,深水海纳,11.57,11.56,11.57,11.53,11.4,11.58,11.32,4156000.0,47589088.0,0.347,0.04
300962,中金辐照,12.76,12.76,12.77,12.86,12.81,12.88,12.5,2696134.0,34184452.0,-0.778,-0.1
300963,中洲特材,11.2,11.19,11.2,11.13,11.02,11.24,10.85,5005220.0,55532572.0,0.629,0.07
300964,本川智能,56.92,56.92,56.95,56.64,56.0,57.95,55.06,2668540.0,151614337.0,0.494,0.28
300965,恒宇信通,43.46,43.45,43.46,43.16,43.42,43.65,42.41,631100.0,27244506.0,0.695,0.3
300966,共同药业,25.17,25.17,25.22,25.95,25.7,26.06,25.05,2175633.0,54949368.0,-3.006,-0.78
300967,晓鸣股份,16.45,16.44,16.45,16.74,16.72,16.75,16.1,9993029.0,163164098.0,-1.732,-0.29
300968,格林精密,10.31,10.31,10.32,10.27,10.17,10.4,9.97,6864087.0,70171947.0,0.389,0.04
300969,恒帅股份,73.55,73.55,73.66,72.18,71.5,75.68,70.88,1487767.0,109461474.0,1.898,1.37
300970,华绿生物,19.18,19.17,19.18,21.74,20.5,20.53,18.75,30032607.0,577699766.0,-11.776,-2.56
300971,博亚精工,18.8,18.78,18.8,18.94,18.82,18.95,18.25,2416095.0,45075347.0,-0.739,-0.14
300972,万辰集团,201.06,201.0,201.06,201.68,200.98,201.78,197.89,1012810.0,202544165.0,-0.307,-0.62
300973,立高食品,24.44,24.44,24.45,25.17,24.81,24.91,24.18,3721419.0,90971739.0,-2.9,-0.73
300975,商络电子,25.6,25.59,25.6,25.45,25.35,25.94,24.66,32168964.0,819076019.0,0.589,0.15
300976,达瑞电子,58.0,57.99,58.0,60.0,60.0,60.05,57.1,7414533.0,433080148.0,-3.333,-2.0
300977,深圳瑞捷,16.38,16.38,16.4,16.22,16.2,16.5,15.73,1681783.0,27106623.0,0.986,0.16
300978,东箭科技,8.54,8.53,8.54,8.56,8.59,8.59,8.41,2424100.0,20586988.0,-0.234,-0.02
300979,华利集团,33.24,33.24,33.26,34.41,34.0,34.5,32.31,5961330.0,197309345.0,-3.4,-1.17
300980,祥源新材,22.6,22.6,22.61,21.81,21.81,22.88,21.44,4822518.0,107802165.0,3.622,0.79
300981,中红医疗,14.73,14.73,14.74,15.4,15.16,15.28,14.7,12978664.0,192937403.0,-4.351,-0.67
300982,苏文电能,14.78,14.77,14.78,14.76,14.72,14.85,14.48,1723900.0,25339031.0,0.136,0.02
300983,尤安设计,39.94,39.8,39.94,40.1,39.98,40.27,39.0,776276.0,30824003.0,-0.399,-0.16
300984,金沃股份,32.24,32.22,32.24,31.0,30.71,32.4,30.67,2977077.0,94541866.0,4.0,1.24
300985,致远新能,39.55,39.55,39.59,39.13,39.8,39.9,38.02,4179870.0,162568118.0,1.073,0.42
300986,志特新材,11.9,11.9,11.91,12.27,12.1,12.18,11.7,24654885.0,293120263.0,-3.015,-0.37
300987,川网传媒,13.24,13.24,13.26,13.3,13.15,13.31,13.01,2235400.0,29402145.0,-0.451,-0.06
300988,津荣天宇,14.66,14.65,14.66,14.51,14.36,14.68,14.23,2324324.0,33637276.0,1.034,0.15
300989,蕾奥规划,14.4,14.39,14.4,13.43,13.64,14.58,13.01,9578748.0,135509763.0,7.223,0.97
300990,同飞股份,73.13,73.13,73.15,68.85,68.5,77.0,67.69,7625806.0,555634318.0,6.216,4.28
300991,创益通,28.75,28.63,28.75,29.41,29.6,29.6,28.14,4631341.0,133323334.0,-2.244,-0.66
300992,泰福泵业,24.17,24.12,24.17,24.04,23.7,24.34,23.4,815904.0,19580746.0,0.541,0.13
300993,玉马科技,9.94,9.93,9.94,9.99,9.94,9.99,9.78,1664480.0,16442329.0,-0.501,-0.05
300994,久祺股份,11.17,11.17,11.18,11.25,11.19,11.25,11.01,1466300.0,16302107.0,-0.711,-0.08
300995,奇德新材,26.12,26.12,26.2,25.99,25.78,26.4,25.18,845181.0,21863929.0,0.5,0.13
300996,普联软件,14.37,14.36,14.37,14.5,14.4,14.5,14.07,25384839.0,363171365.0,-0.897,-0.13
300997,欢乐家,16.39,16.38,16.39,16.8,16.78,16.97,16.23,5994679.0,98132143.0,-2.44,-0.41
300998,宁波方正,26.4,26.39,26.4,26.4,26.52,26.64,25.72,3430200.0,89818123.0,0.0,0.0
300999,金龙鱼,25.01,25.0,25.01,25.51,25.4,25.46,24.95,11146659.0,279601671.0,-1.96,-0.5
301000,肇民科技,23.89,23.89,23.91,23.52,23.51,23.98,23.25,2665578.0,63190901.0,1.573,0.37
301001,凯淳股份,23.69,23.69,23.78,23.84,23.68,24.06,23.12,838607.0,19711844.0,-0.629,-0.15
301002,崧盛股份,27.96,27.96,27.97,27.45,27.07,28.5,27.07,7584744.0,211439378.0,1.858,0.51
301003,江苏博云,55.96,55.95,55.96,56.4,55.23,56.64,54.8,1691810.0,94410540.0,-0.78,-0.44
301004,嘉益股份,33.76,33.73,33.76,34.66,34.55,34.55,33.36,682360.0,23021838.0,-2.597,-0.9
301005,超捷股份,73.01,73.01,73.06,71.92,71.26,74.74,70.13,13871738.0,1009727149.0,1.516,1.09
301006,迈拓股份,13.75,13.74,13.75,13.8,13.73,13.89,13.37,1370800.0,18655813.0,-0.362,-0.05
301007,德迈仕,27.16,27.16,27.18,26.83,26.54,27.16,26.1,1949900.0,52018135.0,1.23,0.33
301008,宏昌科技,40.3,40.29,40.3,39.66,39.51,41.97,38.88,10754827.0,434446355.0,1.614,0.64
301009,可靠股份,9.03,9.02,9.03,9.15,9.09,9.16,8.85,2981908.0,26775423.0,-1.311,-0.12
301010,晶雪节能,17.47,17.46,17.47,17.48,17.36,17.63,16.96,1098800.0,19005903.0,-0.057,-0.01
301011,华立科技,14.8,14.8,14.87,15.07,15.02,15.08,14.62,1578166.0,23348391.0,-1.792,-0.27
301012,扬电科技,25.25,25.24,25.25,25.2,24.98,25.46,24.77,5650973.0,141849301.0,0.198,0.05
301013,利和兴,41.96,41.96,41.97,41.0,40.84,42.85,40.55,18774786.0,786522275.0,2.341,0.96
301015,百洋医药,25.86,25.86,25.87,26.2,25.75,25.99,25.07,10964555.0,280663574.0,-1.298,-0.34
301016,雷尔伟,11.96,11.95,11.96,11.83,11.8,12.08,11.46,3125456.0,36926623.0,1.099,0.13
301017,漱玉平民,13.2,13.2,13.21,13.36,13.24,13.31,12.84,6857250.0,89755106.0,-1.198,-0.16
301018,申菱环境,89.6,89.6,89.61,86.5,85.23,93.09,85.23,14549074.0,1308096396.0,3.584,3.1
301019,宁波色母,15.07,15.06,15.07,14.91,14.97,15.1,14.53,1826393.0,27165222.0,1.073,0.16
301020,密封科技,20.4,20.4,20.43,20.41,20.21,20.58,20.08,1161300.0,23622023.0,-0.049,-0.01
301021,英诺激光,75.8,75.8,75.82,77.33,75.06,77.61,72.17,10106765.0,757680646.0,-1.979,-1.53
301022,海泰科,23.12,23.12,23.13,22.95,22.0,23.18,22.0,1350308.0,30709198.0,0.741,0.17
301023,奕帆传动,29.31,29.31,29.33,29.24,29.28,29.72,28.56,1026421.0,30007145.0,0.239,0.07
301024,霍普股份,31.46,31.46,31.47,31.73,31.48,31.76,30.61,622600.0,19481111.0,-0.851,-0.27
301025,读客文化,9.01,9.0,9.01,9.18,9.08,9.12,8.9,8891656.0,80040032.0,-1.852,-0.17
301026,浩通科技,21.48,21.47,21.48,21.13,21.58,21.71,21.17,9966794.0,214263040.0,1.656,0.35
301027,华蓝集团,19.97,19.96,19.97,18.8,18.64,20.08,18.34,5340590.0,103279442.0,6.223,1.17
301028,鼎熔岩,13.25,13.24,13.25,12.68,12.8,13.31,12.61,8645365.0,112792492.0,4.495,0.57
301029,怡合达,24.76,24.76,24.77,24.84,24.7,25.05,24.27,7642600.0,189112837.0,-0.322,-0.08
301030,*ST仕净,8.69,8.69,8.7,8.47,8.39,8.83,8.35,6344500.0,55025023.0,2.597,0.22
301031,中熔电气,92.78,92.78,92.79,89.71,88.92,92.86,88.33,2122200.0,193864103.0,3.422,3.07
301032,新柴股份,10.04,10.01,10.04,10.06,9.99,10.05,9.81,2428912.0,24136416.0,-0.199,-0.02
301033,迈普医学,56.82,56.8,56.82,60.32,59.88,61.13,56.74,3157389.0,184763364.0,-5.802,-3.5
301035,润丰股份,52.48,52.48,52.54,52.75,52.21,52.78,51.79,1036710.0,54290807.0,-0.512,-0.27
301036,双乐股份,22.33,22.3,22.33,22.29,22.07,22.37,21.59,800462.0,17659141.0,0.179,0.04
301037,保立佳,13.51,13.5,13.51,13.1,13.01,13.72,12.7,2587116.0,34241110.0,3.13,0.41
301038,深水规院,15.89,15.88,15.89,15.95,15.95,15.96,15.5,1632430.0,25711689.0,-0.376,-0.06
301039,中集车辆,7.98,7.97,7.98,8.06,8.03,8.04,7.89,12176384.0,96765768.0,-0.993,-0.08
301040,中环海陆,27.33,27.33,27.34,26.94,26.57,27.61,26.1,1546200.0,41689590.0,1.448,0.39
301041,金百泽,25.6,25.6,25.63,25.18,24.91,25.76,24.55,2882700.0,72898078.0,1.668,0.42
301042,安联锐视,32.87,32.87,32.9,32.37,32.0,33.05,31.24,3841080.0,124472937.0,1.545,0.5
301043,绿岛风,43.98,43.92,43.98,43.88,43.88,44.11,42.89,877569.0,38274462.0,0.228,0.1
301045,天禄科技,65.83,65.82,65.83,65.2,65.0,67.5,63.3,2648863.0,173453056.0,0.966,0.63
301046,能辉科技,21.85,21.85,21.86,21.94,21.83,22.04,21.0,3550959.0,76719815.0,-0.41,-0.09
301047,义翘神州,118.8,118.8,118.88,131.51,124.31,130.0,117.02,16942111.0,2084355925.0,-9.665,-12.71
301048,金鹰重工,9.46,9.46,9.47,9.19,9.13,9.77,8.93,12830377.0,119855411.0,2.938,0.27
301049,超越科技,20.3,20.3,20.33,20.14,19.98,20.4,19.45,1248400.0,24948039.0,0.794,0.16
301050,雷电微力,31.08,31.08,31.09,30.78,30.73,31.5,30.4,3091100.0,96067728.0,0.975,0.3
301051,信濠光电,20.6,20.6,20.61,20.34,20.23,20.98,19.52,10947662.0,221941460.0,1.278,0.26
301052,果麦文化,22.81,22.81,22.82,23.0,22.83,22.85,22.17,2123576.0,47950144.0,-0.826,-0.19
301053,远信工业,41.18,41.0,41.18,41.9,41.39,41.7,40.36,6062420.0,248953933.0,-1.718,-0.72
301055,张小泉,29.2,29.2,29.22,29.34,29.0,29.73,28.49,1992594.0,58044475.0,-0.477,-0.14
301056,森赫股份,10.98,10.98,11.0,10.88,10.72,11.04,10.7,2344400.0,25484097.0,0.919,0.1
301057,汇隆新材,21.55,21.54,21.55,21.44,21.4,21.7,20.96,1764200.0,37734985.0,0.513,0.11
301058,中粮科工,8.26,8.26,8.27,8.53,8.43,8.47,8.2,9949900.0,82244167.0,-3.165,-0.27
301059,金三江,11.3,11.28,11.3,11.42,11.31,11.38,11.12,1907900.0,21423022.0,-1.051,-0.12
301060,兰卫医学,11.5,11.5,11.51,12.16,11.75,12.0,11.44,37599308.0,438667826.0,-5.428,-0.66
301061,匠心家居,34.71,34.71,34.75,35.0,34.63,34.98,33.8,3391343.0,116463713.0,-0.829,-0.29
301062,上海艾录,7.3,7.3,7.31,6.69,6.69,7.4,6.56,16833450.0,118975582.0,9.118,0.61
301063,海锅股份,18.03,18.02,18.03,18.03,17.97,18.11,17.53,1085400.0,19353899.0,0.0,0.0
301065,本立科技,19.18,19.16,19.18,19.43,19.43,19.43,18.71,1404817.0,26646807.0,-1.287,-0.25
301066,万事利,11.93,11.93,11.95,12.01,12.01,12.02,11.73,2480693.0,29468974.0,-0.666,-0.08
301067,显盈科技,29.25,29.25,29.3,29.15,28.88,29.67,28.28,1780339.0,52003015.0,0.343,0.1
301068,大地海洋,27.02,26.97,27.02,28.32,27.99,28.02,26.81,1160950.0,31595248.0,-4.59,-1.3
301069,凯盛新材,16.26,16.25,16.26,16.16,16.04,16.35,15.81,3818550.0,61764148.0,0.619,0.1
301070,开勒股份,69.07,69.07,69.08,63.82,63.81,70.27,62.53,5095575.0,342206368.0,8.226,5.25
301071,力量钻石,59.19,59.19,59.2,58.57,58.38,60.19,57.19,10197088.0,601328086.0,1.059,0.62
301072,中捷精工,43.43,43.43,43.44,42.54,42.54,43.43,40.8,2893900.0,122236620.0,2.092,0.89
301073,君亭酒店,18.04,18.03,18.04,18.34,18.2,18.64,17.82,4926047.0,88890188.0,-1.636,-0.3
301075,多瑞医药,53.7,53.7,53.74,54.42,54.45,54.48,51.77,899439.0,47650336.0,-1.323,-0.72
301076,新瀚新材,20.4,20.39,20.4,20.19,20.03,20.5,19.79,2365924.0,47773819.0,1.04,0.21
301077,星华新材,21.05,21.05,21.06,21.23,21.23,21.23,20.6,1889603.0,39581218.0,-0.848,-0.18
301078,孩子王,6.96,6.95,6.96,7.1,7.06,7.1,6.9,15063867.0,104957515.0,-1.972,-0.14
301079,邵阳液压,27.9,27.89,27.9,27.63,27.46,28.03,27.1,2366151.0,65560741.0,0.977,0.27
301080,百普赛斯,98.92,98.92,98.95,96.66,96.0,100.97,91.78,27197043.0,2614848648.0,2.338,2.26
301081,严牌股份,13.38,13.38,13.39,13.47,13.37,13.56,12.9,9035275.0,119956282.0,-0.668,-0.09
301082,久盛电气,9.46,9.46,9.47,9.5,9.43,9.54,9.19,6449162.0,60745801.0,-0.421,-0.04
301083,百胜智能,14.03,14.0,14.03,14.08,13.9,14.13,13.72,1241910.0,17317703.0,-0.355,-0.05
301085,亚康股份,58.39,58.39,58.4,59.95,57.99,58.48,55.86,4427049.0,253780129.0,-2.602,-1.56
301086,鸿富瀚,123.89,123.87,123.89,119.97,118.6,126.52,116.2,2616280.0,321591184.0,3.267,3.92
301087,可孚医疗,48.03,48.03,48.09,50.09,49.57,49.99,47.96,1648800.0,79971383.0,-4.113,-2.06
301088,戎美股份,12.48,12.47,12.48,12.71,12.77,12.77,12.32,1244438.0,15471003.0,-1.81,-0.23
301089,拓新药业,24.2,24.2,24.21,25.75,24.25,24.94,24.0,7347648.0,178910088.0,-6.019,-1.55
301090,华润材料,6.8,6.79,6.8,6.78,6.77,6.86,6.69,11287414.0,76285950.0,0.295,0.02
301091,深城交,18.23,18.22,18.26,18.48,18.4,18.5,17.93,4712087.0,85712967.0,-1.353,-0.25
301092,争光股份,44.45,44.41,44.45,44.84,44.44,45.36,43.26,1992359.0,88262968.0,-0.87,-0.39
301093,华兰股份,81.99,81.99,82.0,82.96,80.45,83.9,78.76,8908659.0,725594750.0,-1.169,-0.97
301095,广立微,74.31,74.3,74.32,73.85,73.63,75.58,72.65,4039277.0,299628901.0,0.623,0.46
301096,百诚医药,49.77,49.76,49.78,50.9,49.88,50.1,48.8,2471508.0,122380683.0,-2.22,-1.13
301097,天益医疗,34.58,34.58,34.59,35.92,35.02,35.78,33.89,1141370.0,39431313.0,-3.731,-1.34
301098,金埔园林,8.88,8.87,8.88,8.62,8.59,8.97,8.42,10644724.0,93487973.0,3.016,0.26
301099,雅创电子,49.8,49.8,49.81,49.45,49.11,50.61,48.83,5089841.0,253528374.0,0.708,0.35
301100,风光股份,16.12,16.12,16.15,16.12,16.15,16.2,15.7,1068700.0,17080884.0,0.0,0.0
301101,明月镜片,29.45,29.42,29.45,29.64,29.44,29.85,28.98,1860500.0,54716165.0,-0.641,-0.19
301102,兆讯传媒,9.34,9.34,9.35,9.49,9.38,9.46,9.25,1335165.0,12488432.0,-1.581,-0.15
301103,何氏眼科,16.74,16.74,16.75,17.32,17.18,17.21,16.5,2696430.0,45204425.0,-3.349,-0.58
301105,鸿铭股份,47.35,47.11,47.35,47.29,47.29,48.14,46.0,376800.0,17675211.0,0.127,0.06
301106,骏成科技,23.35,23.34,23.35,22.54,22.54,24.11,20.28,18093535.0,395349507.0,3.594,0.81
301107,瑜欣电子,20.11,20.11,20.12,20.01,19.84,20.25,19.4,1349820.0,26852823.0,0.5,0.1
301108,洁雅股份,37.79,37.79,37.8,37.15,36.75,40.0,36.0,1781560.0,66968214.0,1.723,0.64
301109,军信股份,13.33,13.33,13.34,13.49,13.46,13.52,13.3,2940750.0,39281132.0,-1.186,-0.16
301110,青木科技,34.9,34.9,34.91,35.07,35.09,35.09,34.19,1347204.0,46683994.0,-0.485,-0.17
301111,粤万年青,21.73,21.73,21.74,21.77,21.43,22.18,21.1,6197155.0,134224862.0,-0.184,-0.04
301112,信邦智能,30.58,30.58,30.6,30.34,30.33,30.75,29.59,775800.0,23445353.0,0.791,0.24
301113,雅艺科技,16.66,16.66,16.71,16.74,16.61,16.84,16.14,1350495.0,22273414.0,-0.478,-0.08
301115,联检科技,29.92,29.9,29.92,30.58,31.18,31.18,28.35,6198896.0,182775262.0,-2.158,-0.66
301116,益客食品,9.33,9.33,9.34,9.51,9.5,9.5,9.12,10754300.0,99678773.0,-1.893,-0.18
301117,佳缘科技,17.72,17.71,17.72,17.76,17.48,17.88,17.17,4839784.0,85356119.0,-0.225,-0.04
301118,恒光股份,22.36,22.36,22.37,22.14,21.93,22.45,21.71,1718600.0,38115388.0,0.994,0.22
301119,正强股份,22.79,22.79,22.8,21.44,21.13,22.99,21.13,4405253.0,98485357.0,6.297,1.35
301120,新特电气,14.78,14.78,14.79,14.58,14.42,14.95,14.4,6730133.0,99199874.0,1.372,0.2
301121,紫建电子,34.83,34.82,34.83,34.45,34.55,34.98,33.95,641857.0,22155066.0,1.103,0.38
301122,采纳股份,39.5,39.49,39.5,39.0,39.23,40.56,37.22,9187524.0,360441059.0,1.282,0.5
301123,奕东电子,75.45,75.45,75.46,72.37,71.6,78.5,71.02,9153355.0,691402207.0,4.256,3.08
301125,腾亚精工,12.2,12.2,12.22,12.04,12.01,12.33,11.89,3796644.0,46106248.0,1.329,0.16
301126,达嘉维康,10.17,10.17,10.18,10.33,10.2,10.28,9.9,4131075.0,41583070.0,-1.549,-0.16
301127,武汉天源,18.82,18.81,18.82,18.45,18.87,19.2,18.3,29774107.0,555192136.0,2.005,0.37
301128,强瑞技术,109.48,109.47,109.48,108.0,106.86,111.92,104.37,5221643.0,568082806.0,1.37,1.48
301129,瑞纳智能,25.55,25.55,25.56,23.98,23.58,26.02,23.4,11562287.0,291113801.0,6.547,1.57
301130,西点药业,31.38,31.38,31.4,33.45,33.04,33.37,29.55,14043916.0,430611251.0,-6.188,-2.07
301131,聚赛龙,34.2,34.12,34.2,34.13,34.01,34.28,33.16,809458.0,27347177.0,0.205,0.07
301132,满坤科技,36.64,36.64,36.65,36.5,35.91,37.49,35.51,4326822.0,157725754.0,0.384,0.14
301133,金钟股份,28.18,28.18,28.3,27.55,27.3,28.46,26.76,2507429.0,70071135.0,2.287,0.63
301135,瑞德智能,16.88,16.87,16.88,16.83,16.75,16.92,16.43,1358003.0,22727379.0,0.297,0.05
301136,招标股份,11.37,11.37,11.4,11.39,11.27,11.45,11.09,3790100.0,42804666.0,-0.176,-0.02
301137,哈焊华通,31.5,31.5,31.51,31.53,31.2,31.65,30.79,2248890.0,70489206.0,-0.095,-0.03
301138,华研精机,26.73,26.73,26.74,26.91,26.67,26.97,26.46,844696.0,22629599.0,-0.669,-0.18
301139,*ST元道,3.4,3.4,3.41,3.63,3.59,3.65,3.37,11566300.0,40249102.0,-6.336,-0.23
301141,中科磁业,41.16,41.15,41.16,40.73,40.26,41.2,39.76,1644382.0,67004537.0,1.056,0.43
301148,嘉戎技术,51.89,51.8,51.89,51.49,51.21,51.93,50.08,813300.0,41619694.0,0.777,0.4
301149,隆华新材,7.8,7.8,7.81,7.8,7.79,7.83,7.62,4185526.0,32425169.0,0.0,0.0
301150,中一科技,39.45,39.44,39.45,38.1,37.76,40.18,37.2,14238908.0,557102009.0,3.543,1.35
301151,冠龙节能,16.25,16.25,16.28,16.28,16.28,16.34,15.95,1948000.0,31515150.0,-0.184,-0.03
301152,天力锂能,19.43,19.43,19.44,19.06,18.85,19.53,18.68,2853200.0,54852125.0,1.941,0.37
301153,中科江南,16.95,16.92,16.95,16.85,16.82,17.1,16.55,2710906.0,45679982.0,0.593,0.1
301155,海力风电,42.03,42.03,42.04,42.49,42.49,42.49,41.7,1866675.0,78379490.0,-1.083,-0.46
301156,美农生物,11.74,11.72,11.74,11.91,11.76,11.8,11.41,9453417.0,109797734.0,-1.427,-0.17
301157,华塑科技,62.95,62.95,62.99,61.69,63.35,63.49,60.39,834748.0,52227462.0,2.042,1.26
301158,德石股份,15.35,15.35,15.36,15.46,15.25,15.62,15.06,6556299.0,100968838.0,-0.712,-0.11
301159,三维天地,31.86,31.82,31.86,32.57,32.0,32.5,31.47,1947997.0,62009854.0,-2.18,-0.71
301160,翔楼新材,45.42,45.42,45.47,44.65,44.0,45.7,43.18,4139181.0,185371388.0,1.725,0.77
301161,唯万密封,28.49,28.48,28.49,28.41,27.92,29.0,27.56,2505939.0,70690130.0,0.282,0.08
301162,国能日新,36.27,36.26,36.27,36.9,36.78,36.88,36.11,1653058.0,60142752.0,-1.707,-0.63
301163,宏德股份,23.64,23.6,23.64,23.54,23.27,23.71,22.86,1102200.0,25706798.0,0.425,0.1
301165,锐捷网络,126.97,126.97,126.98,123.3,122.99,129.46,122.7,23041145.0,2922812323.0,2.976,3.67
301166,优宁维,30.64,30.62,30.64,34.06,33.83,34.29,30.03,10729078.0,336265241.0,-10.041,-3.42
301167,建研设计,14.37,14.37,14.39,14.07,13.99,14.44,13.75,2302261.0,32600433.0,2.132,0.3
301168,通灵股份,42.73,42.73,42.74,41.08,41.75,43.2,40.88,1434178.0,60758393.0,4.017,1.65
301169,零点有数,52.02,52.01,52.02,51.59,51.59,52.44,49.93,1007207.0,51929878.0,0.833,0.43
301170,锡南科技,22.93,22.93,23.04,23.15,22.99,23.15,22.53,629396.0,14383087.0,-0.95,-0.22
301171,易点天下,36.34,36.34,36.35,36.51,35.98,36.85,34.62,53502335.0,1923549060.0,-0.466,-0.17
301172,君逸数码,17.54,17.54,17.55,17.56,17.4,17.58,16.98,3657332.0,63592457.0,-0.114,-0.02
301173,毓恬冠佳,32.04,31.91,32.04,31.94,31.87,32.17,31.09,574517.0,18129494.0,0.313,0.1
301175,中科环保,5.44,5.44,5.45,5.43,5.42,5.46,5.36,10272900.0,55555353.0,0.184,0.01
301176,逸豪新材,46.85,46.85,46.87,45.91,45.35,47.99,44.29,4964176.0,230481378.0,2.047,0.94
301177,迪阿股份,23.19,23.19,23.2,22.94,23.22,23.86,22.51,3094255.0,71399368.0,1.09,0.25
301178,天亿马,34.85,34.8,34.85,36.05,36.32,36.32,34.27,3289398.0,114459269.0,-3.329,-1.2
301179,泽宇智能,20.02,20.01,20.02,19.95,19.93,20.22,19.65,1981185.0,39491251.0,0.351,0.07
301180,万祥科技,11.73,11.73,11.74,11.63,11.55,11.78,11.32,2681222.0,31015036.0,0.86,0.1
301181,标榜股份,22.8,22.8,22.82,22.52,22.52,22.95,22.04,1191608.0,26817751.0,1.243,0.28
301182,凯旺科技,68.1,68.1,68.15,65.7,65.39,70.18,63.7,2476956.0,167565824.0,3.653,2.4
301183,东田微,242.41,242.41,242.48,225.38,227.23,268.88,226.55,11581632.0,2898747224.0,7.556,17.03
301185,鸥玛软件,16.3,16.3,16.33,16.35,16.26,16.4,16.01,1381795.0,22405894.0,-0.306,-0.05
301186,超达装备,34.42,34.4,34.42,34.07,34.0,34.49,33.21,966865.0,32862728.0,1.027,0.35
301187,欧圣电气,14.65,14.63,14.65,14.79,14.71,14.79,14.41,1240684.0,18116488.0,-0.947,-0.14
301188,力诺药包,39.0,39.0,39.01,38.54,38.24,39.78,37.03,14227731.0,549003677.0,1.194,0.46
301189,奥尼电子,52.9,52.81,52.9,51.34,50.95,53.18,49.9,3787754.0,195701035.0,3.039,1.56
301190,善水科技,19.74,19.74,19.75,20.85,19.65,20.6,18.5,13009240.0,253511608.0,-5.324,-1.11
301191,菲菱科思,92.95,92.93,92.95,90.7,89.91,94.65,89.11,4028669.0,374044325.0,2.481,2.25
301192,泰祥股份,19.94,19.94,19.95,20.07,19.86,20.12,19.48,1133600.0,22439005.0,-0.648,-0.13
301193,家联科技,18.06,18.06,18.08,18.11,18.1,18.19,17.75,1865200.0,33598606.0,-0.276,-0.05
301195,北路智控,26.4,26.4,26.41,26.41,26.2,26.42,25.88,616824.0,16169630.0,-0.038,-0.01
301196,唯科科技,87.37,87.36,87.37,90.34,88.0,90.9,86.0,7323847.0,645040458.0,-3.288,-2.97
301197,工大科雅,25.38,25.37,25.38,24.42,24.65,26.28,23.81,4996616.0,127023490.0,3.931,0.96
301198,喜悦智行,12.43,12.39,12.43,12.33,12.25,12.57,12.02,2783200.0,34238597.0,0.811,0.1
301199,迈赫股份,17.81,17.81,17.82,17.8,17.73,17.88,17.35,1235640.0,21835442.0,0.056,0.01
301200,大族数控,282.01,282.0,282.01,286.93,286.9,292.99,281.16,2779769.0,793462710.0,-1.715,-4.92
301201,诚达药业,35.8,35.8,35.81,38.77,36.51,37.92,35.77,15623379.0,571285318.0,-7.661,-2.97
301202,朗威股份,39.77,39.77,39.79,36.68,36.55,40.28,35.35,5539256.0,212774168.0,8.424,3.09
301203,国泰环保,34.12,34.07,34.12,34.08,34.18,34.29,33.15,586757.0,19837606.0,0.117,0.04
301205,联特科技,302.8,302.78,302.8,299.5,300.01,320.1,292.36,9173189.0,2797866044.0,1.102,3.3
301206,三元生物,23.94,23.94,23.95,24.78,24.5,24.57,23.84,1909350.0,45964188.0,-3.39,-0.84
301207,华兰疫苗,17.85,17.85,17.86,20.25,18.55,18.99,17.67,22152730.0,400390293.0,-11.852,-2.4
301208,中亦科技,29.85,29.81,29.85,29.5,29.2,29.9,28.92,1406500.0,41506041.0,1.186,0.35
301209,联合化学,59.76,59.76,59.82,59.82,59.29,60.5,58.0,2104454.0,124853056.0,-0.1,-0.06
301210,金杨精密,24.06,24.05,24.06,24.29,24.0,24.35,23.62,3213025.0,77303632.0,-0.947,-0.23
301211,亨迪药业,12.47,12.46,12.47,13.48,12.9,13.0,12.04,35227436.0,438375033.0,-7.493,-1.01
301212,联盛化学,24.87,24.87,24.89,24.03,23.61,25.98,22.9,7652301.0,187291713.0,3.496,0.84
301213,观想科技,43.62,43.62,43.64,43.25,42.84,43.78,42.25,960182.0,41414192.0,0.855,0.37
301215,中汽股份,5.22,5.21,5.22,5.12,5.11,5.25,5.03,11428315.0,58939055.0,1.953,0.1
301216,万凯新材,16.51,16.51,16.52,16.57,16.41,16.76,16.12,10811850.0,177936470.0,-0.362,-0.06
301217,铜冠铜箔,114.8,114.8,114.81,113.19,112.22,115.92,110.08,27359425.0,3115052432.0,1.422,1.61
301218,华是科技,42.27,42.26,42.27,40.7,40.51,42.58,39.96,5636636.0,234466218.0,3.857,1.57
301219,腾远钴业,46.81,46.8,46.81,47.46,46.5,47.42,44.6,13228071.0,609325482.0,-1.37,-0.65
301220,亚香股份,27.67,27.67,27.7,27.71,27.44,27.85,27.12,779758.0,21437208.0,-0.144,-0.04
301221,光庭信息,27.23,27.23,27.27,26.83,26.75,27.37,26.1,1647886.0,44285556.0,1.491,0.4
301222,浙江恒威,24.58,24.58,24.62,24.46,24.45,24.68,23.81,1247420.0,30369700.0,0.491,0.12
301223,中荣股份,16.54,16.54,16.57,16.78,16.66,16.79,16.35,932688.0,15390812.0,-1.43,-0.24
301225,恒勃股份,58.7,58.62,58.7,56.9,55.88,60.71,55.8,3408979.0,198304876.0,3.163,1.8
301226,祥明智能,28.65,28.65,28.67,28.8,28.57,28.93,28.15,1154820.0,33068127.0,-0.521,-0.15
301227,森鹰窗业,30.4,30.39,30.4,28.88,28.59,30.67,27.6,4148259.0,122875823.0,5.263,1.52
301228,实朴检测,58.82,58.82,58.9,57.49,56.92,59.24,55.6,1821178.0,105304389.0,2.313,1.33
301229,纽泰格,12.11,12.11,12.15,12.06,12.02,12.21,11.78,2570761.0,30894514.0,0.415,0.05
301230,泓博医药,35.72,35.72,35.75,37.53,36.18,36.48,34.86,23862451.0,853706840.0,-4.823,-1.81
301231,荣信文化,27.09,27.09,27.1,27.52,27.71,28.08,26.65,3800100.0,102896055.0,-1.563,-0.43
301232,飞沃科技,103.36,103.35,103.36,102.16,102.0,106.55,99.0,8286002.0,852573737.0,1.175,1.2
301233,盛帮股份,33.07,32.95,33.07,32.83,32.45,33.23,32.16,686440.0,22593672.0,0.731,0.24
301234,五洲医疗,96.1,96.05,96.1,92.48,90.55,96.55,88.0,2819118.0,262043486.0,3.914,3.62
301235,华康洁净,43.35,43.35,43.36,43.73,43.62,44.7,42.86,6639941.0,289929291.0,-0.869,-0.38
301236,软通动力,37.18,37.18,37.19,37.36,36.97,37.51,36.58,12519659.0,464094089.0,-0.482,-0.18
301237,和顺科技,53.76,53.76,53.79,53.48,53.05,53.96,51.72,918700.0,48859351.0,0.524,0.28
301238,瑞泰新材,15.9,15.9,15.93,15.97,15.86,16.1,15.58,8953859.0,142143784.0,-0.438,-0.07
301239,普瑞眼科,35.0,35.0,35.02,35.17,34.47,35.8,34.4,2768486.0,97173447.0,-0.483,-0.17
301246,宏源药业,21.11,21.11,21.12,21.22,21.0,21.56,20.57,7769885.0,163603098.0,-0.518,-0.11
301248,杰创智能,61.45,61.45,61.46,61.89,61.95,62.28,59.81,3524418.0,216026355.0,-0.711,-0.44
301251,威尔高,47.75,47.75,47.76,48.42,48.99,49.18,46.0,7132831.0,341446686.0,-1.384,-0.67
301252,同星科技,34.02,34.01,34.02,32.91,32.91,34.35,32.55,2804561.0,94335107.0,3.373,1.11
301255,通力科技,20.36,20.33,20.36,20.23,20.1,20.47,19.88,915533.0,18523152.0,0.643,0.13
301256,华融化学,10.09,10.09,10.1,10.04,10.0,10.09,9.83,3277893.0,32741859.0,0.498,0.05
301257,普蕊斯,48.52,48.52,48.55,52.21,51.5,53.11,48.1,5856819.0,289991107.0,-7.068,-3.69
301258,富士莱,26.49,26.47,26.49,27.01,26.74,26.74,25.8,1211694.0,31715283.0,-1.925,-0.52
301259,艾布鲁,23.3,23.3,23.32,23.54,23.4,23.7,23.02,5772871.0,134379550.0,-1.02,-0.24
301260,格力博,13.47,13.47,13.49,13.48,13.28,13.54,13.18,1550808.0,20782497.0,-0.074,-0.01
301261,恒工精密,55.29,55.29,55.3,54.85,54.83,55.6,53.6,1610478.0,88281176.0,0.802,0.44
301262,海看股份,18.57,18.57,18.58,18.93,18.8,18.82,18.43,3795461.0,70512795.0,-1.902,-0.36
301263,泰恩康,19.03,19.03,19.05,19.83,19.56,19.72,19.02,5421060.0,104153898.0,-4.034,-0.8
301265,华新科技,19.73,19.73,19.74,19.7,19.59,19.9,19.19,4277962.0,84012101.0,0.152,0.03
301266,宇邦新材,23.45,23.44,23.45,23.3,23.16,23.6,22.58,6157120.0,143038327.0,0.644,0.15
301267,华厦眼科,16.04,16.04,16.05,16.6,16.42,16.58,15.98,4945350.0,79964355.0,-3.373,-0.56
301268,铭利达,13.2,13.19,13.2,13.2,13.12,13.28,12.92,2205981.0,28984181.0,0.0,0.0
301269,华大九天,95.2,95.2,95.22,94.64,94.99,96.69,94.32,5079935.0,485021073.0,0.592,0.56
301270,汉仪股份,32.1,32.1,32.12,31.74,31.76,32.2,31.13,2148034.0,67952177.0,1.134,0.36
301272,英华特,34.35,34.32,34.35,34.28,34.22,34.63,33.38,590500.0,20129055.0,0.204,0.07
301273,瑞晨环保,40.13,40.13,40.14,38.45,38.38,40.67,37.4,3106215.0,121312703.0,4.369,1.68
301275,汉朔科技,41.44,41.44,41.45,41.37,41.06,41.65,40.64,2992645.0,123653892.0,0.169,0.07
301276,嘉曼服饰,20.21,20.21,20.22,20.9,20.9,20.9,20.0,2322908.0,47027581.0,-3.301,-0.69
301277,新天地,10.59,10.58,10.59,11.19,10.9,10.98,10.55,10901675.0,116424930.0,-5.362,-0.6
301278,快可电子,27.83,27.83,27.84,27.43,27.21,27.86,26.85,860823.0,23663985.0,1.458,0.4
301279,金道科技,20.39,20.39,20.42,20.07,20.2,20.47,19.65,1335720.0,26928961.0,1.594,0.32
301280,珠城科技,42.18,42.14,42.18,42.2,42.45,43.2,41.35,1762690.0,74404112.0,-0.047,-0.02
301281,科源制药,44.06,44.06,44.07,44.16,43.48,44.68,42.92,2271021.0,99672151.0,-0.226,-0.1
301282,金禄电子,35.77,35.77,35.78,36.71,36.58,36.9,35.23,23723756.0,848681449.0,-2.561,-0.94
301283,聚胶股份,26.01,26.01,26.04,26.31,26.05,26.48,25.53,1071904.0,27809391.0,-1.14,-0.3
301285,鸿日达,87.78,87.78,87.79,87.68,87.5,88.3,83.88,2412414.0,209404645.0,0.114,0.1
301286,侨源股份,43.06,43.05,43.06,43.14,42.65,44.35,42.4,1466390.0,63646366.0,-0.185,-0.08
301287,康力源,40.62,40.59,40.62,40.03,39.8,40.79,38.77,888600.0,35382706.0,1.474,0.59
301288,清研环境,17.0,16.99,17.0,17.18,17.02,17.24,16.86,1937900.0,32966689.0,-1.048,-0.18
301289,国缆检测,43.07,43.04,43.07,42.95,42.7,43.17,41.85,585238.0,24922639.0,0.279,0.12
301290,东星医疗,29.07,29.06,29.07,29.5,29.3,29.32,28.63,1866650.0,54222227.0,-1.458,-0.43
301291,明阳电气,38.04,38.04,38.05,37.36,37.0,38.5,36.81,5362133.0,202842207.0,1.82,0.68
301292,海科新源,66.68,66.68,66.69,65.49,65.29,69.08,64.45,9598409.0,640091526.0,1.817,1.19
301293,三博脑科,51.97,51.97,51.98,53.05,52.12,52.45,51.0,6119272.0,316632868.0,-2.036,-1.08
301295,美硕科技,38.47,38.47,38.49,38.26,37.5,40.13,37.4,2031500.0,77641284.0,0.549,0.21
301296,新巨丰,6.36,6.36,6.37,6.43,6.39,6.41,6.29,2467100.0,15664377.0,-1.089,-0.07
301297,富乐德,34.96,34.96,34.97,34.66,34.59,35.41,34.01,9165052.0,319559044.0,0.866,0.3
301298,东利机械,12.92,12.91,12.92,12.76,12.71,12.97,12.51,1418998.0,18117933.0,1.254,0.16
301299,卓创资讯,43.41,43.39,43.41,43.97,43.6,44.3,42.88,839683.0,36388362.0,-1.274,-0.56
301300,远翔新材,32.23,32.23,32.25,32.23,32.2,32.36,31.45,445900.0,14263589.0,0.0,0.0
301301,川宁生物,9.02,9.02,9.03,9.45,9.25,9.3,8.88,26182631.0,235351341.0,-4.55,-0.43
301302,华如科技,21.66,21.66,21.68,21.73,21.57,21.86,21.1,3063864.0,66165227.0,-0.322,-0.07
301303,真兰仪表,14.01,14.01,14.02,14.08,13.91,14.12,13.73,3166700.0,43999778.0,-0.497,-0.07
301305,朗坤科技,24.4,24.39,24.4,24.39,24.27,24.64,23.68,5731516.0,138397155.0,0.041,0.01
301306,西测测试,88.98,88.98,88.99,87.0,86.12,89.67,85.06,3795782.0,334466499.0,2.276,1.98
301307,美利信,52.71,52.71,52.72,51.96,51.35,53.09,50.66,4988714.0,261271663.0,1.443,0.75
301308,江波龙,380.66,380.66,380.67,379.01,379.02,382.9,373.62,10466432.0,3971121805.0,0.435,1.65
301309,万得凯,29.66,29.66,29.8,29.88,29.71,29.94,29.31,805497.0,23904724.0,-0.736,-0.22
301310,鑫宏业,52.62,52.6,52.62,51.37,51.38,53.15,50.5,5952158.0,308170132.0,2.433,1.25
301311,昆船智能,13.48,13.48,13.49,13.28,13.28,13.51,13.06,1430000.0,19061132.0,1.506,0.2
301312,智立方,70.03,70.03,70.04,69.63,68.53,72.05,67.77,3986910.0,280052619.0,0.574,0.4
301313,凡拓数创,34.08,34.07,34.08,33.82,33.38,34.35,32.75,3691791.0,124789825.0,0.769,0.26
301314,科瑞思,43.44,43.44,43.49,42.71,42.84,43.69,41.9,566380.0,24300539.0,1.709,0.73
301315,威士顿,40.59,40.59,40.6,40.21,39.65,41.08,39.39,2609546.0,104938830.0,0.945,0.38
301316,慧博云通,39.18,39.16,39.18,39.15,38.84,39.65,38.34,7440178.0,289996371.0,0.077,0.03
301317,鑫磊股份,43.16,43.16,43.17,42.56,42.34,43.93,41.28,1856805.0,79636959.0,1.41,0.6
301318,维海德,20.65,20.63,20.65,20.66,20.65,20.78,20.33,726400.0,14957076.0,-0.048,-0.01
301319,唯特偶,110.15,110.15,110.16,112.62,112.31,116.56,108.2,10864603.0,1216806068.0,-2.193,-2.47
301320,豪江智能,13.19,13.19,13.21,13.07,13.12,13.27,12.91,1942088.0,25499355.0,0.918,0.12
301321,翰博高新,39.07,39.07,39.13,37.32,37.17,41.15,36.45,7778307.0,304610728.0,4.689,1.75
301322,绿通科技,41.84,41.84,41.86,40.1,39.52,41.88,39.18,4113373.0,169509830.0,4.339,1.74
301323,新莱福,72.98,72.98,72.99,70.09,70.0,74.6,70.0,1809281.0,131457787.0,4.123,2.89
301325,曼恩斯特,30.14,30.14,30.17,29.76,29.43,30.38,29.19,1127000.0,33802038.0,1.277,0.38
301326,捷邦科技,109.72,109.72,109.75,108.28,109.36,114.57,106.15,2029629.0,224266795.0,1.33,1.44
301327,华宝新能,43.72,43.72,43.74,43.43,43.37,43.97,43.07,690226.0,30109083.0,0.668,0.29
301328,维峰电子,59.0,59.0,59.01,59.43,58.88,60.41,57.41,2079427.0,122523274.0,-0.724,-0.43
301329,信音电子,19.32,19.32,19.33,19.45,19.3,19.48,18.91,2301080.0,44301423.0,-0.668,-0.13
301330,熵基科技,23.9,23.9,23.91,24.16,24.18,24.25,23.66,1392406.0,33224119.0,-1.076,-0.26
301331,恩威医药,22.13,22.1,22.13,22.81,22.33,22.78,21.86,1988778.0,44083301.0,-2.981,-0.68
301332,德尔玛,7.81,7.81,7.83,7.89,7.88,7.88,7.72,2263497.0,17620832.0,-1.014,-0.08
301333,诺思格,58.75,58.72,58.75,61.16,59.91,61.08,58.25,2850336.0,169238203.0,-3.94,-2.41
301335,天元宠物,24.55,24.55,24.56,24.17,24.1,24.68,23.16,5016050.0,120408443.0,1.572,0.38
301336,趣睡科技,42.19,42.19,42.2,42.28,42.0,42.54,41.3,787980.0,33005310.0,-0.213,-0.09
301337,亚华电子,26.38,26.38,26.46,26.68,26.12,26.56,25.7,1250042.0,32728475.0,-1.124,-0.3
301338,凯格精机,101.51,101.51,101.53,96.66,96.0,102.3,93.81,6342889.0,631836766.0,5.018,4.85
301339,通行宝,10.95,10.94,10.95,10.93,10.91,10.98,10.75,2649293.0,28769263.0,0.183,0.02
301345,涛涛车业,250.17,249.99,250.17,250.1,248.0,251.25,243.3,710104.0,175511221.0,0.028,0.07
301348,蓝箭电子,20.85,20.85,20.86,20.79,20.5,20.94,20.34,6645667.0,137918792.0,0.289,0.06
301349,信德新材,44.39,44.35,44.39,43.98,43.49,44.7,42.36,3291339.0,144428476.0,0.932,0.41
301353,普莱得,19.03,19.0,19.03,19.09,19.09,19.19,18.53,1344219.0,25399280.0,-0.314,-0.06
301355,南王科技,10.09,10.08,10.09,10.1,10.08,10.15,9.92,1917924.0,19231546.0,-0.099,-0.01
301356,天振股份,19.98,19.97,19.98,19.7,19.67,20.15,19.3,1479048.0,29300970.0,1.421,0.28
301357,北方长龙,88.68,88.66,88.68,89.82,89.82,89.82,87.2,2000458.0,176945886.0,-1.269,-1.14
301358,湖南裕能,67.28,67.27,67.28,64.96,65.9,70.7,64.1,32571135.0,2197166889.0,3.571,2.32
301359,东南电子,16.76,16.76,16.78,16.8,16.71,16.88,16.37,1400105.0,23267958.0,-0.238,-0.04
301360,荣旗科技,57.14,57.14,57.15,55.79,57.49,58.47,55.18,7118416.0,404758026.0,2.42,1.35
301361,众智科技,26.51,26.51,26.53,26.62,26.28,26.78,26.16,716509.0,18935794.0,-0.413,-0.11
301362,民爆光电,120.37,120.37,120.49,119.67,119.0,123.2,115.56,2267022.0,272116087.0,0.585,0.7
301363,美好医疗,16.86,16.86,16.87,17.0,16.83,17.58,16.43,16285434.0,275115638.0,-0.824,-0.14
301365,矩阵股份,39.18,39.17,39.18,38.46,38.09,39.5,37.4,2975513.0,115653764.0,1.872,0.72
301366,一博科技,56.38,56.38,56.39,56.76,57.5,58.34,55.76,9080730.0,514529159.0,-0.669,-0.38
301367,瑞迈特,43.62,43.62,43.63,44.35,43.76,43.88,42.64,1276463.0,55364221.0,-1.646,-0.73
301368,丰立智能,39.94,39.93,39.94,39.63,39.63,40.11,38.7,1232868.0,48666160.0,0.782,0.31
301369,联动科技,134.5,134.5,134.52,134.6,132.9,137.56,130.75,1629768.0,219432630.0,-0.074,-0.1
301370,国科恒泰,8.82,8.82,8.83,9.06,8.97,8.97,8.67,4011600.0,35273432.0,-2.649,-0.24
301371,敷尔佳,22.29,22.29,22.3,23.5,23.17,23.3,22.24,7008985.0,157865396.0,-5.149,-1.21
301372,科净源,29.72,29.72,29.75,30.33,30.13,30.13,29.06,1055800.0,31250993.0,-2.011,-0.61
301373,凌玮科技,98.36,98.35,98.36,95.49,97.4,102.0,92.84,5725818.0,559277683.0,3.006,2.87
301376,致欧科技,20.37,20.36,20.38,20.55,20.6,20.68,20.05,1564300.0,31746577.0,-0.876,-0.18
301377,鼎泰高科,416.5,416.5,416.6,412.0,413.97,425.78,404.11,2963793.0,1232890213.0,1.092,4.5
301378,通达海,24.6,24.6,24.62,24.72,24.49,24.87,24.09,1462659.0,35792152.0,-0.485,-0.12
301379,天山电子,22.04,22.04,22.05,21.77,21.56,22.5,21.14,13140420.0,287407815.0,1.24,0.27
301380,挖金客,30.15,30.14,30.18,30.6,30.26,30.46,29.32,2753186.0,82424245.0,-1.471,-0.45
301381,赛维时代,22.81,22.81,22.84,23.37,23.33,23.41,22.51,4276700.0,97932530.0,-2.396,-0.56
301382,蜂助手,40.91,40.9,40.91,42.09,42.09,42.69,40.5,9943730.0,410333824.0,-2.804,-1.18
301383,天键股份,22.43,22.43,22.46,22.4,22.26,22.55,21.86,1246020.0,27751014.0,0.134,0.03
301386,未来电器,20.23,20.23,20.3,20.41,20.2,20.44,19.93,635249.0,12817712.0,-0.882,-0.18
301387,光大同创,58.02,58.02,58.03,56.2,55.96,59.5,54.41,2583962.0,148866839.0,3.238,1.82
301388,欣灵电气,23.81,23.81,23.93,24.04,23.8,24.08,23.44,666289.0,15839561.0,-0.957,-0.23
301389,隆扬电子,56.13,56.13,56.14,53.8,52.78,56.55,52.38,13169188.0,720877512.0,4.331,2.33
301390,经纬股份,31.3,31.3,31.32,31.16,31.0,31.44,30.38,493100.0,15249684.0,0.449,0.14
301391,卡莱特,47.48,47.48,47.54,47.1,46.03,47.74,46.03,862250.0,40581808.0,0.807,0.38
301392,汇成真空,168.52,168.52,168.54,160.09,159.58,173.88,156.59,4327300.0,722556762.0,5.266,8.43
301393,昊帆生物,65.43,65.43,65.48,68.9,68.39,68.8,64.9,3686804.0,243694664.0,-5.036,-3.47
301395,仁信新材,12.26,12.26,12.28,12.16,12.21,12.36,11.86,2739712.0,33393474.0,0.822,0.1
301396,宏景科技,186.06,186.05,186.06,190.0,185.07,190.24,180.42,12525535.0,2325301310.0,-2.074,-3.94
301397,溯联股份,25.41,25.41,25.46,25.41,25.26,25.57,24.54,3278807.0,82410820.0,0.0,0.0
301398,星源卓镁,31.41,31.41,31.42,31.26,31.17,31.52,30.53,853407.0,26619563.0,0.48,0.15
301399,英特科技,17.34,17.33,17.34,17.06,17.07,17.37,16.68,1882891.0,32211712.0,1.641,0.28
301408,华人健康,15.49,15.48,15.49,16.31,15.98,16.0,15.4,13736940.0,214027798.0,-5.028,-0.82
301413,安培龙,62.09,62.09,62.1,62.43,61.64,63.6,60.84,2959053.0,184080226.0,-0.545,-0.34
301418,协昌科技,37.61,37.61,37.62,37.47,37.1,37.75,36.68,1269200.0,47335438.0,0.374,0.14
301419,阿莱德,40.39,40.37,40.39,40.2,39.8,40.95,38.22,9463704.0,375903046.0,0.473,0.19
301421,波长光电,76.8,76.8,76.81,76.55,76.24,78.87,74.47,3756652.0,289078569.0,0.327,0.25
301428,世纪恒通,28.14,28.14,28.15,28.18,28.15,28.34,27.51,1737440.0,48685124.0,-0.142,-0.04
301429,森泰股份,17.29,17.29,17.33,17.34,17.25,17.41,16.88,1033200.0,17770051.0,-0.288,-0.05
301439,泓淋电力,14.88,14.88,14.89,14.87,14.75,14.97,14.57,3570484.0,52760037.0,0.067,0.01
301446,福事特,36.16,36.16,36.18,35.54,35.55,36.17,34.51,1010500.0,35769012.0,1.745,0.62
301448,开创电气,41.52,41.5,41.52,41.79,41.8,41.98,40.28,1093410.0,45014934.0,-0.646,-0.27
301449,天溯计量,41.0,41.0,41.01,39.84,39.8,41.08,38.45,2348253.0,93738869.0,2.912,1.16
301456,盘古智能,23.02,23.02,23.03,22.96,22.9,23.12,22.56,753700.0,17246287.0,0.261,0.06
301458,钧崴电子,37.9,37.89,37.9,38.1,37.72,38.74,37.03,5179323.0,196437501.0,-0.525,-0.2
301459,丰茂股份,31.35,31.34,31.35,31.23,31.01,31.48,30.51,1586243.0,48981052.0,0.384,0.12
301468,博盈特焊,33.68,33.65,33.68,33.19,32.83,33.83,32.4,2936109.0,97951416.0,1.476,0.49
301469,恒达新材,28.42,28.38,28.42,28.57,28.75,28.75,28.01,734700.0,20795329.0,-0.525,-0.15
301479,弘景光电,48.28,48.25,48.28,48.77,48.02,48.88,47.02,1535702.0,73911493.0,-1.005,-0.49
301486,致尚科技,173.1,173.1,173.12,175.0,171.0,183.6,168.01,5907834.0,1039595258.0,-1.086,-1.9
301487,盟固利,16.2,16.19,16.2,15.97,15.87,16.36,15.71,8176863.0,131649771.0,1.44,0.23
301488,豪恩汽电,97.32,97.32,97.35,96.44,95.97,98.0,94.6,906622.0,87768542.0,0.912,0.88
301489,思泉新材,105.25,105.25,105.3,102.05,101.9,108.8,99.8,5321729.0,559478997.0,3.136,3.2
301491,汉桑科技,39.21,39.21,39.22,39.84,39.63,39.7,38.85,545699.0,21376113.0,-1.581,-0.63
301498,乖宝宠物,38.41,38.41,38.42,39.3,39.2,39.2,38.22,3389812.0,130324216.0,-2.265,-0.89
301499,维科精密,24.64,24.63,24.64,24.65,24.69,24.78,23.83,1236044.0,30179378.0,-0.041,-0.01
301500,飞南资源,23.15,23.14,23.15,22.73,22.51,23.28,22.33,11332674.0,259148491.0,1.848,0.42
301501,恒鑫生活,28.1,28.1,28.13,28.97,28.89,28.91,28.01,1676862.0,47219374.0,-3.003,-0.87
301502,华阳智能,51.71,51.71,51.88,51.3,51.31,51.91,49.65,675700.0,34425763.0,0.799,0.41
301503,智迪科技,22.07,22.07,22.08,22.33,22.35,22.35,21.53,903500.0,19757277.0,-1.164,-0.26
301505,苏州规划,16.47,16.44,16.47,16.51,16.51,16.54,16.06,1335976.0,21790096.0,-0.242,-0.04
301507,民生健康,12.88,12.87,12.88,13.23,13.15,13.17,12.79,4614788.0,59677345.0,-2.646,-0.35
301508,中机认检,23.69,23.69,23.7,23.84,23.81,23.84,23.33,729238.0,17166400.0,-0.629,-0.15
301509,金凯生科,30.82,30.82,30.83,32.69,31.28,31.48,30.16,6206948.0,190796489.0,-5.72,-1.87
301510,固高科技,26.16,26.16,26.19,26.45,26.24,26.39,25.73,4868400.0,127154059.0,-1.096,-0.29
301511,德福科技,90.64,90.63,90.64,88.41,88.41,92.5,85.0,27556082.0,2467029876.0,2.522,2.23
301512,智信精密,31.16,31.16,31.2,31.02,31.29,31.35,30.21,888960.0,27440665.0,0.451,0.14
301513,尚水智能,48.56,48.52,48.56,47.81,47.5,48.63,46.9,730343.0,35083617.0,1.569,0.75
301515,港通医疗,19.52,19.38,19.52,19.71,19.52,19.61,19.0,1421294.0,27428945.0,-0.964,-0.19
301516,中远通,24.22,24.21,24.22,23.5,24.9,26.27,23.75,19176960.0,468404350.0,3.064,0.72
301517,陕西华达,38.38,38.38,38.42,37.96,38.3,38.73,37.39,1995347.0,76315966.0,1.106,0.42
301518,长华化学,25.44,25.44,25.45,25.71,25.48,25.65,25.0,1559397.0,39614613.0,-1.05,-0.27
301519,舜禹股份,12.05,12.04,12.05,12.14,12.11,12.12,11.8,2629519.0,31490239.0,-0.741,-0.09
301520,万邦医药,71.15,71.15,71.17,74.0,71.52,73.48,67.36,11370430.0,793862468.0,-3.851,-2.85
301522,上大股份,22.76,22.76,22.77,22.61,22.5,22.92,22.27,3128000.0,71006800.0,0.663,0.15
301525,儒竞科技,39.74,39.74,39.76,39.69,39.58,39.92,38.85,563545.0,22234577.0,0.126,0.05
301526,国际复材,32.43,32.43,32.44,32.49,32.49,32.85,31.13,125944987.0,4052831746.0,-0.185,-0.06
301528,多浦乐,56.06,56.06,56.08,55.54,54.78,56.41,53.08,1612834.0,88910692.0,0.936,0.52
301529,福赛科技,107.31,107.31,107.34,99.15,100.0,107.6,97.66,5282480.0,552169977.0,8.23,8.16
301531,春光集团,49.85,49.85,49.86,50.35,49.52,50.32,48.75,1858263.0,92257344.0,-0.993,-0.5
301533,威马农机,26.94,26.9,26.94,26.98,26.88,27.2,26.3,817756.0,21873039.0,-0.148,-0.04
301535,浙江华远,14.7,14.7,14.73,14.25,14.38,14.97,13.95,4632733.0,67325224.0,3.158,0.45
301536,星宸科技,117.1,117.1,117.11,117.4,116.91,119.3,115.5,8388474.0,981838227.0,-0.256,-0.3
301538,骏鼎达,38.0,38.0,38.03,38.3,37.24,38.35,36.91,2159360.0,81754532.0,-0.783,-0.3
301539,宏鑫科技,14.6,14.6,14.62,14.73,14.72,14.76,14.28,919900.0,13370309.0,-0.883,-0.13
301548,崇德科技,61.91,61.91,61.95,60.9,61.8,63.13,60.5,1209961.0,74939320.0,1.658,1.01
301550,斯菱智驱,88.22,88.21,88.22,84.03,82.77,89.5,82.77,12764459.0,1109684262.0,4.986,4.19
301551,无线传媒,20.03,20.03,20.04,20.25,20.1,20.12,19.7,4365200.0,87040061.0,-1.086,-0.22
301552,科力装备,24.39,24.38,24.39,25.05,24.89,24.89,24.1,1261494.0,30740261.0,-2.635,-0.66
301555,惠柏新材,31.0,31.0,31.05,30.62,30.46,31.19,29.88,1306000.0,40247257.0,1.241,0.38
301556,托普云农,58.0,58.0,58.01,59.8,59.21,59.75,57.0,2108559.0,121909016.0,-3.01,-1.8
301557,常友科技,86.8,86.79,86.8,86.96,86.1,88.0,84.5,1240548.0,106840050.0,-0.184,-0.16
301558,三态股份,6.57,6.56,6.57,6.61,6.61,6.61,6.45,4675759.0,30438118.0,-0.605,-0.04
301559,中集环科,13.05,13.05,13.07,13.09,13.04,13.09,12.9,1074288.0,13977013.0,-0.306,-0.04
301560,众捷汽车,22.64,22.64,22.65,22.61,22.49,22.74,21.88,1146308.0,25743424.0,0.133,0.03
301563,云汉芯城,122.83,122.83,122.84,122.82,122.1,123.5,119.31,1350203.0,164932698.0,0.008,0.01
301565,中仑新材,19.69,19.69,19.7,19.49,19.32,19.72,19.23,2742960.0,53639288.0,1.026,0.2
301566,达利凯普,25.6,25.6,25.61,25.35,25.16,26.05,24.68,18060411.0,461276687.0,0.986,0.25
301567,贝隆精密,35.8,35.76,35.8,36.02,35.51,36.07,34.91,914462.0,32434714.0,-0.611,-0.22
301568,思泰克,72.9,72.86,72.9,69.65,69.17,73.3,67.51,3146023.0,223257614.0,4.666,3.25
301571,国科天成,65.52,65.51,65.52,65.86,65.7,67.12,63.8,2611433.0,171326211.0,-0.516,-0.34
301575,艾芬达,25.58,25.58,25.59,26.08,26.03,26.03,25.2,747629.0,19061530.0,-1.917,-0.5
301577,美信科技,56.61,56.54,56.61,56.42,55.4,57.77,53.27,1876164.0,105002148.0,0.337,0.19
301578,辰奕智能,22.75,22.71,22.75,22.92,22.84,22.92,22.35,731843.0,16542670.0,-0.742,-0.17
301580,爱迪特,51.34,51.34,51.35,50.19,49.43,52.3,48.91,4696691.0,238469684.0,2.291,1.15
301581,黄山谷捷,37.2,37.15,37.2,36.58,36.36,37.42,35.95,667210.0,24680786.0,1.695,0.62
301583,托伦斯,130.11,130.11,130.13,130.86,129.04,135.96,128.0,5695310.0,751932359.0,-0.573,-0.75
301584,建发致新,22.05,22.05,22.06,23.3,22.98,23.09,21.96,4736666.0,105240237.0,-5.365,-1.25
301585,蓝宇股份,26.9,26.88,26.91,26.55,26.28,27.14,25.95,886902.0,23563749.0,1.318,0.35
301586,佳力奇,31.23,31.23,31.25,31.25,31.01,31.32,30.62,499712.0,15491548.0,-0.064,-0.02
301587,中瑞股份,21.17,21.16,21.17,20.92,20.71,21.19,20.53,2003745.0,41975143.0,1.195,0.25
301588,美新科技,27.5,27.5,27.52,27.61,27.28,28.12,26.7,3860479.0,105822898.0,-0.398,-0.11
301589,诺瓦星云,136.9,136.9,136.94,136.9,136.0,137.9,135.28,433883.0,59282720.0,0.0,0.0
301590,优优绿能,74.48,74.45,74.48,73.95,73.55,74.7,72.09,379645.0,28048681.0,0.717,0.53
301591,肯特股份,37.78,37.78,0.0,31.48,31.48,37.78,30.51,11130499.0,381200707.0,20.013,6.3
301592,六九一二,104.2,104.18,104.2,105.71,105.64,106.43,103.01,741600.0,77787687.0,-1.428,-1.51
301595,太力科技,38.6,38.59,38.6,38.7,38.75,38.99,37.61,704647.0,27094108.0,-0.258,-0.1
301596,瑞迪智驱,48.25,48.25,48.26,47.8,47.24,48.47,46.61,1576932.0,75315287.0,0.941,0.45
301598,博科测试,47.37,47.37,47.42,47.89,47.49,47.87,46.81,343103.0,16227136.0,-1.086,-0.52
301599,理奇智能,34.08,34.08,34.09,34.61,34.0,36.21,33.6,5636261.0,194267556.0,-1.531,-0.53
301600,慧翰股份,85.0,85.0,85.03,83.8,83.79,85.75,82.12,774645.0,65497225.0,1.432,1.2
301601,惠通科技,16.16,16.15,16.16,16.26,16.05,16.23,15.88,1003161.0,16105403.0,-0.615,-0.1
301602,超研股份,16.64,16.64,16.65,17.98,17.63,17.75,16.55,11577593.0,194258621.0,-7.453,-1.34
301603,乔锋智能,120.01,120.0,120.01,120.76,122.5,123.52,117.07,1878100.0,226272844.0,-0.621,-0.75
301606,绿联科技,50.59,50.58,50.59,50.51,50.33,51.45,50.03,1771200.0,89803983.0,0.158,0.08
301607,富特科技,44.86,44.86,44.87,43.5,43.3,44.87,42.66,9355505.0,409923565.0,3.126,1.36
301608,博实结,46.75,46.75,46.76,46.38,47.0,47.0,45.55,1050565.0,48605863.0,0.798,0.37
301609,山大电力,32.28,32.28,32.3,32.69,32.06,32.54,31.83,1498197.0,48318839.0,-1.254,-0.41
301611,珂玛科技,98.27,98.26,98.27,99.8,99.91,101.8,95.64,10777950.0,1060395107.0,-1.533,-1.53
301613,新铝时代,36.99,36.98,36.99,37.43,36.95,37.43,36.61,846300.0,31340059.0,-1.176,-0.44
301616,浙江华业,34.48,34.48,34.51,34.53,34.3,34.73,33.87,340800.0,11726783.0,-0.145,-0.05
301617,博苑新材,49.5,49.5,49.51,49.01,48.99,50.18,48.23,2105760.0,104078058.0,1.0,0.49
301618,长联科技,33.2,33.2,33.21,34.39,33.5,33.77,31.88,2459566.0,80752175.0,-3.46,-1.19
301622,英思特,40.29,40.29,40.3,40.53,40.24,40.52,39.68,796777.0,31999858.0,-0.592,-0.24
301626,苏州天脉,255.89,255.89,255.9,259.59,253.0,263.0,248.8,1515838.0,387349301.0,-1.425,-3.7
301628,强达电路,90.7,90.7,90.71,91.06,91.0,91.66,87.58,2051184.0,184042688.0,-0.395,-0.36
301629,矽电股份,255.01,255.0,255.01,251.81,248.0,260.18,246.06,843795.0,214504460.0,1.271,3.2
301630,同宇新材,166.22,166.22,166.4,167.25,164.38,168.94,162.02,926974.0,153673013.0,-0.616,-1.03
301631,壹连科技,66.83,66.83,66.88,67.09,66.58,68.52,65.28,2634012.0,175997311.0,-0.388,-0.26
301632,广东建科,13.87,13.87,13.88,14.13,14.1,14.1,13.83,3415943.0,47458322.0,-1.84,-0.26
301633,港迪技术,55.09,55.09,55.26,54.96,54.25,55.73,53.56,643189.0,35081474.0,0.237,0.13
301636,泽润新能,40.02,40.02,40.04,39.14,38.84,40.5,38.42,893872.0,35383283.0,2.248,0.88
301638,南网数字,22.23,22.23,22.24,22.16,22.0,22.25,21.8,5042981.0,111574987.0,0.316,0.07
301655,C绿控,26.6,26.59,26.6,32.49,28.5,29.1,26.57,28100120.0,779564954.0,-18.129,-5.89
301656,联合动力,16.58,16.57,16.58,16.73,16.75,16.75,16.47,2563271.0,42434208.0,-0.897,-0.15
301658,首航新能,23.7,23.7,23.73,23.63,23.34,23.9,23.29,2515465.0,59503716.0,0.296,0.07
301662,宏工科技,67.78,67.75,67.78,66.9,66.48,68.35,65.11,1367654.0,91833866.0,1.315,0.88
301665,泰禾股份,24.01,24.01,24.02,23.9,23.68,24.26,23.15,3507963.0,83306310.0,0.46,0.11
301666,大普微,422.66,422.65,422.66,418.13,415.0,423.87,409.0,1809630.0,757415474.0,1.083,4.53
301667,纳百川,63.2,63.17,63.2,63.06,62.39,63.67,60.98,1712337.0,107481228.0,0.222,0.14
301668,昊创瑞通,33.85,33.85,33.87,35.67,35.33,35.33,33.5,1638656.0,55874757.0,-5.102,-1.82
301669,高特电子,27.97,27.97,27.98,27.94,27.49,28.22,27.2,3734763.0,104112797.0,0.107,0.03
301677,欣兴工具,55.03,55.02,55.04,55.45,55.0,55.58,54.23,2264510.0,124351706.0,-0.757,-0.42
301678,新恒汇,44.47,44.47,44.48,44.68,44.13,45.07,43.3,2846937.0,126171217.0,-0.47,-0.21
301680,固德电材,93.79,93.75,93.79,93.27,92.47,94.21,90.12,832564.0,77148032.0,0.558,0.52
301682,宏明电子,123.4,123.39,123.4,124.46,123.0,125.19,121.02,1262777.0,155643466.0,-0.852,-1.06
301683,慧谷新材,98.78,98.76,98.78,98.7,98.0,98.97,96.7,535756.0,52505527.0,0.081,0.08
301687,新广益,49.33,49.32,49.33,49.65,49.21,50.36,48.4,1863191.0,92104265.0,-0.645,-0.32
301696,三瑞智能,99.14,99.13,99.14,98.53,98.4,99.89,97.58,1458394.0,144345224.0,0.619,0.61
301707,展芯股份,80.02,80.01,80.02,79.72,77.98,81.49,77.18,5473263.0,434690025.0,0.376,0.3
301717,超纯应材,385.14,385.12,385.15,389.29,382.54,404.89,377.0,4341551.0,1699065401.0,-1.066,-4.15
302132,中航成飞,56.84,56.83,56.84,57.09,56.58,57.22,56.31,4479600.0,254040080.0,-0.438,-0.25
