代码,名称,最新价,买入,卖出,昨收,今开,最高,最低,成交量,成交额,涨跌幅,涨跌额
920000,安徽凤凰,11.71,11.71,11.72,11.32,11.35,11.76,10.7,1056462.0,11863549.0,3.445,0.39
920001,纬达光电,11.21,11.2,11.21,11.05,11.05,11.3,10.26,1897885.0,20635773.0,1.448,0.16
920002,万达轴承,50.43,50.43,50.44,49.15,48.86,50.44,46.93,1347345.0,66256099.0,2.604,1.28
920003,中诚咨询,16.0,16.0,16.04,15.8,15.8,16.09,15.05,439864.0,6879903.0,1.266,0.2
920005,鼎佳精密,23.7,23.7,23.72,23.26,23.45,23.89,22.17,349181.0,8086016.0,1.892,0.44
920006,晟楠科技,14.06,14.03,14.06,14.0,13.91,14.13,13.2,1105572.0,15089606.0,0.429,0.06
920007,酉立智能,33.76,33.58,33.76,34.18,34.85,34.85,32.11,213062.0,7050897.0,-1.229,-0.42
920008,成电光信,18.04,18.03,18.04,17.66,17.78,18.14,16.83,699370.0,12181158.0,2.152,0.38
920009,丹娜生物,35.0,35.0,35.04,36.28,36.04,36.44,32.6,674659.0,23225521.0,-3.528,-1.28
920010,凯添燃气,8.24,8.23,8.24,8.73,8.3,8.31,7.93,11090588.0,90209513.0,-5.613,-0.49
920011,晨光电机,18.05,18.03,18.05,17.9,17.85,18.06,17.01,1089911.0,19191322.0,0.838,0.15
920012,创达新材,48.75,48.68,48.75,46.16,46.86,48.96,43.5,1404486.0,66505054.0,5.611,2.59
920014,特瑞斯,9.19,9.19,9.2,9.56,9.25,9.29,8.7,4974963.0,44775914.0,-3.87,-0.37
920015,锦华新材,49.77,49.77,49.78,46.76,46.55,50.47,43.89,5105721.0,241260299.0,6.437,3.01
920016,中草香料,11.89,11.89,11.93,11.84,11.89,11.95,11.2,1132084.0,13007243.0,0.422,0.05
920017,星昊医药,16.11,16.1,16.11,16.19,16.09,16.23,15.39,2732002.0,43209337.0,-0.494,-0.08
920018,宏远股份,13.43,13.42,13.43,13.71,13.69,13.72,12.82,2091707.0,27638309.0,-2.042,-0.28
920019,铜冠矿建,13.8,13.76,13.8,13.74,13.94,13.94,13.03,2255079.0,30394173.0,0.437,0.06
920020,泰凯英,15.15,15.15,15.18,15.25,15.19,15.33,14.63,627911.0,9444729.0,-0.656,-0.1
920021,流金科技,6.55,6.54,6.55,6.47,6.67,6.67,6.03,11950125.0,76185701.0,1.236,0.08
920022,世昌股份,18.42,18.4,18.42,18.74,19.02,19.02,17.34,384013.0,6915265.0,-1.708,-0.32
920023,*ST田野,1.72,1.72,1.73,1.76,1.74,1.74,1.62,9065738.0,15187348.0,-2.273,-0.04
920026,卓兆点胶,16.88,16.86,16.88,16.58,16.64,17.11,15.71,973624.0,15962685.0,1.809,0.3
920027,交大铁发,10.79,10.79,10.8,10.79,10.92,10.95,10.22,1819859.0,19292583.0,0.0,0.0
920028,新恒泰,13.64,13.62,13.64,13.41,13.43,13.71,12.79,1837205.0,24504845.0,1.715,0.23
920029,开发科技,31.23,31.13,31.23,31.4,31.66,31.91,30.54,1124016.0,34976438.0,-0.541,-0.17
920030,德众汽车,4.2,4.2,4.22,4.15,4.15,4.27,3.89,2151949.0,8816147.0,1.205,0.05
920033,康普化学,13.5,13.47,13.5,13.33,13.41,13.61,12.5,1377151.0,17815957.0,1.275,0.17
920035,精创电气,23.57,23.53,23.57,23.39,23.41,23.58,21.8,1545193.0,35552579.0,0.77,0.18
920036,觅睿科技,28.02,28.02,28.09,27.7,28.25,28.49,25.79,736023.0,20108982.0,1.155,0.32
920037,广信科技,36.15,36.15,36.2,36.35,36.46,36.46,34.72,1020620.0,36270593.0,-0.55,-0.2
920039,国义招标,7.28,7.22,7.28,7.16,7.16,7.36,6.66,1621415.0,11356521.0,1.676,0.12
920045,蘅东光,319.91,319.91,319.93,288.93,289.99,319.99,278.0,1496330.0,452772247.0,10.722,30.98
920046,亿能电力,22.66,22.66,22.7,23.6,23.37,23.5,21.01,11327345.0,250191377.0,-3.983,-0.94
920047,诺思兰德,17.91,17.9,17.91,17.66,17.6,18.06,16.66,6555539.0,113693253.0,1.416,0.25
920050,爱伦医疗,25.1,25.1,25.15,25.05,25.06,25.3,24.59,183380.0,4577556.0,0.2,0.05
920055,隆源股份,25.53,25.53,25.6,25.32,25.31,25.64,24.42,603524.0,15091538.0,0.829,0.21
920056,能之光,15.44,15.44,15.45,15.71,15.71,15.71,14.52,1057148.0,15916392.0,-1.719,-0.27
920057,百甲科技,4.59,4.57,4.59,4.56,4.54,4.6,4.22,2197663.0,9684767.0,0.658,0.03
920058,华洋赛车,22.8,22.8,22.86,23.18,23.61,23.9,21.4,1036559.0,23130202.0,-1.639,-0.38
920060,万源通,21.25,21.21,21.25,20.67,20.59,21.27,19.53,2967529.0,60899273.0,2.806,0.58
920061,西磁科技,16.11,16.1,16.11,15.6,15.81,16.2,14.73,999021.0,15466024.0,3.269,0.51
920062,科润智控,7.47,7.47,7.48,7.53,7.53,7.63,6.91,5072134.0,36748636.0,-0.797,-0.06
920066,科拜尔,16.11,16.11,16.19,16.44,16.5,16.5,15.04,881789.0,13870977.0,-2.007,-0.33
920068,天工股份,14.2,14.17,14.2,14.21,14.35,14.43,13.46,1524810.0,21374332.0,-0.07,-0.01
920069,普昂医疗,33.02,33.02,33.12,33.54,33.69,34.29,31.21,1118788.0,36696407.0,-1.55,-0.52
920072,科莱瑞迪,27.5,27.5,27.51,27.66,27.6,27.86,25.01,2914359.0,77004851.0,-0.578,-0.16
920075,柏星龙,14.5,14.5,14.63,14.05,14.19,14.84,13.21,1263456.0,17587723.0,3.203,0.45
920076,国亮新材,12.22,12.18,12.22,12.35,12.3,12.3,11.54,1122826.0,13418974.0,-1.053,-0.13
920077,吉林碳谷,13.9,13.89,13.9,13.75,13.65,13.98,12.9,7878074.0,106112554.0,1.091,0.15
920078,族兴新材,21.65,21.65,21.68,22.64,23.0,23.15,19.98,3344078.0,70967233.0,-4.373,-0.99
920080,奥美森,20.12,20.11,20.12,20.29,20.2,20.35,19.03,526631.0,10392612.0,-0.838,-0.17
920081,欧伦电气,38.7,38.7,38.71,37.89,37.5,38.85,36.4,2976986.0,112311166.0,2.138,0.81
920082,方正阀门,7.77,7.75,7.77,7.69,7.65,7.8,7.24,1431497.0,10772664.0,1.04,0.08
920083,金戈新材,33.73,33.73,33.75,30.93,30.84,33.9,30.05,3440051.0,111158061.0,9.053,2.8
920086,科马材料,20.21,20.21,20.47,20.4,20.8,20.88,19.28,814065.0,16261194.0,-0.931,-0.19
920087,秋乐种业,8.64,8.64,8.65,8.68,8.6,8.73,8.08,4451825.0,37496885.0,-0.461,-0.04
920088,科力股份,49.62,49.62,49.63,55.0,49.0,51.97,47.55,9387478.0,462857133.0,-9.782,-5.38
920089,禾昌聚合,9.95,9.95,9.96,9.85,9.79,9.98,9.4,1426673.0,13851764.0,1.015,0.1
920090,*ST同辉,3.47,3.47,3.49,3.63,3.46,3.59,3.26,6732518.0,23207070.0,-4.408,-0.16
920091,大鹏工业,30.0,29.96,30.0,28.36,28.48,30.24,27.0,1137738.0,32785406.0,5.783,1.64
920092,汉鑫科技,23.0,23.0,23.04,22.74,22.12,23.06,20.75,1794527.0,39273767.0,1.143,0.26
920096,嘉晨智能,35.24,35.24,35.25,34.45,34.49,35.53,32.1,1252884.0,42870854.0,2.293,0.79
920098,科隆新材,15.9,15.89,15.9,16.1,16.04,16.29,15.12,808288.0,12602380.0,-1.242,-0.2
920099,瑞华技术,21.0,20.8,21.0,21.2,20.96,21.0,19.5,939623.0,19069998.0,-0.943,-0.2
920100,三协电机,33.25,33.24,33.25,32.57,32.68,33.68,30.2,1961014.0,64198819.0,2.088,0.68
920101,志高机械,16.06,16.0,16.06,16.13,16.13,16.13,15.29,732521.0,11447569.0,-0.434,-0.07
920106,林泰新材,34.1,34.1,34.41,34.18,34.48,34.58,32.68,639128.0,21560357.0,-0.234,-0.08
920108,宏海科技,8.64,8.63,8.64,8.57,8.62,8.65,8.01,841083.0,7022997.0,0.817,0.07
920110,雷特科技,24.39,24.38,24.39,23.96,23.83,24.7,22.37,233149.0,5496603.0,1.795,0.43
920111,聚星科技,27.46,27.46,27.47,26.82,27.09,27.49,25.41,3372280.0,89117149.0,2.386,0.64
920112,巴兰仕,15.21,15.21,15.22,14.99,14.97,15.23,14.32,563477.0,8325987.0,1.468,0.22
920116,星图测控,45.49,45.48,45.49,44.92,44.59,46.03,42.37,3140562.0,139894416.0,1.269,0.57
920117,龙鑫智能,28.52,28.52,28.53,25.03,25.33,28.52,25.19,8416663.0,226353271.0,13.943,3.49
920118,太湖远大,16.71,16.53,16.71,16.53,16.44,16.78,15.75,472616.0,7688855.0,1.089,0.18
920119,美德乐,44.92,44.92,44.94,43.67,43.5,44.92,43.06,304096.0,13411725.0,2.862,1.25
920121,江天科技,27.2,27.12,27.2,26.97,26.99,27.39,26.16,215779.0,5807251.0,0.853,0.23
920122,中纺标,21.72,21.69,21.72,22.11,21.83,21.83,20.67,1605491.0,34185258.0,-1.764,-0.39
920123,芭薇股份,9.65,9.64,9.65,9.53,9.53,9.75,9.0,1593093.0,14827120.0,1.259,0.12
920124,南特科技,12.6,12.6,12.7,11.77,11.76,12.6,11.38,2002075.0,23395106.0,7.052,0.83
920125,鸿仕达,141.99,141.99,142.0,132.92,132.01,145.0,121.0,2211148.0,303950369.0,6.824,9.07
920126,永大股份,9.53,9.52,9.53,9.4,9.4,9.64,8.99,3403564.0,31677067.0,1.383,0.13
920128,胜业电气,17.02,17.0,17.02,16.75,16.88,17.5,15.56,1671046.0,27469981.0,1.612,0.27
920130,立方控股,17.76,17.72,17.76,18.13,16.57,17.98,15.26,6990520.0,114093357.0,-2.041,-0.37
920132,泰鹏智能,7.74,7.68,7.74,7.64,7.67,7.8,7.05,965520.0,7179980.0,1.309,0.1
920136,永励精密,20.16,20.15,20.16,19.61,19.6,20.24,18.63,3184819.0,62287296.0,2.805,0.55
920139,华岭股份,14.5,14.49,14.5,13.8,13.95,14.55,13.21,6469232.0,90869609.0,5.072,0.7
920145,恒合股份,9.28,9.21,9.28,9.0,9.07,9.3,8.26,1183694.0,10409366.0,3.111,0.28
920146,华阳变速,4.8,4.79,4.8,4.73,4.77,4.84,4.42,2408205.0,11124244.0,1.48,0.07
920149,旭杰科技,7.45,7.42,7.45,7.36,7.35,7.49,6.77,1097703.0,7860732.0,1.223,0.09
920152,昆工科技,13.0,13.0,13.03,12.98,12.49,13.1,11.99,2023455.0,25618859.0,0.154,0.02
920156,海昌智能,38.8,38.8,38.82,37.63,37.63,38.95,35.58,1227852.0,45987908.0,3.109,1.17
920158,长江能科,8.0,7.98,8.0,8.3,8.1,8.19,7.65,3870758.0,30451038.0,-3.614,-0.3
920159,农大科技,25.27,25.2,25.27,25.47,25.27,25.84,23.94,803316.0,19911516.0,-0.785,-0.2
920160,北矿检测,18.66,18.66,18.71,18.92,18.81,19.15,17.9,699221.0,12847134.0,-1.374,-0.26
920161,龙辰科技,23.41,23.4,23.41,21.8,22.06,23.8,21.58,4884236.0,111052576.0,7.385,1.61
920163,方大新材,11.0,10.9,11.0,10.19,10.13,11.22,9.56,2198080.0,23129620.0,7.949,0.81
920166,海圣医疗,18.48,18.48,18.5,18.9,18.52,18.85,17.5,479759.0,8690884.0,-2.222,-0.42
920167,同享科技,14.45,14.45,14.46,14.38,14.5,14.52,13.4,1353438.0,18941130.0,0.487,0.07
920168,通宝光电,14.89,14.89,14.9,14.73,14.67,14.89,14.02,486538.0,7004119.0,1.086,0.16
920169,七丰精工,16.47,16.47,16.48,16.23,16.23,16.49,14.7,2398240.0,37578112.0,1.479,0.24
920171,志晟信息,17.93,17.93,17.94,17.65,17.5,17.96,17.0,2522809.0,44223535.0,1.586,0.28
920174,五新智能,26.02,26.02,26.03,25.93,26.21,26.5,24.54,1282345.0,32756850.0,0.347,0.09
920175,东方碳素,7.84,7.83,7.84,7.75,7.79,7.88,7.28,2498717.0,18927390.0,1.161,0.09
920177,恒道科技,23.2,23.18,23.2,23.22,23.3,23.4,22.07,453466.0,10323717.0,-0.086,-0.02
920178,锐翔智能,98.89,98.89,99.0,93.65,94.96,100.89,86.03,1669922.0,157777324.0,5.595,5.24
920179,凯德石英,57.29,57.29,57.3,49.21,50.01,57.77,48.0,5091070.0,273811970.0,16.419,8.08
920180,爱得科技,11.06,11.03,11.06,11.03,11.08,11.08,10.4,914636.0,9820459.0,0.272,0.03
920181,赛英电子,76.2,76.19,76.2,71.08,72.43,76.44,68.88,1106577.0,81443089.0,7.203,5.12
920183,海菲曼,27.52,27.5,27.52,26.95,26.8,27.91,25.6,374163.0,9925702.0,2.115,0.57
920184,国源科技,11.86,11.85,11.86,11.14,11.18,11.88,10.4,3086818.0,34723121.0,6.463,0.72
920185,贝特瑞,20.51,20.5,20.51,20.23,20.03,20.68,19.71,6714966.0,136369446.0,1.384,0.28
920186,中科仪,81.27,81.26,81.27,75.18,76.0,82.1,70.33,9403145.0,725966328.0,8.101,6.09
920187,通领科技,20.8,20.79,20.8,18.34,18.58,21.18,17.7,2021291.0,39635732.0,13.413,2.46
920188,悦龙科技,21.0,21.0,21.06,21.56,21.5,21.5,19.91,1111203.0,22986842.0,-2.597,-0.56
920189,康美特,27.0,27.0,27.01,23.68,23.59,29.0,22.51,15272880.0,395401312.0,14.02,3.32
920190,雷神科技,24.17,24.16,24.17,23.32,23.11,24.6,21.92,8602684.0,200489187.0,3.645,0.85
920191,瑞尔竞达,8.38,8.38,8.39,8.32,8.32,8.42,7.98,1919714.0,15717352.0,0.721,0.06
920193,吉和昌,32.12,32.1,32.12,30.21,30.42,32.96,28.0,6180199.0,192037823.0,6.322,1.91
920195,三祥科技,11.8,11.8,11.81,11.73,11.8,11.84,11.05,981487.0,11195449.0,0.597,0.07
920198,微创光电,7.29,7.28,7.29,7.01,6.96,7.29,6.45,4137893.0,28374371.0,3.994,0.28
920199,倍益康,24.24,24.24,24.3,24.9,24.2,24.24,21.5,2737358.0,62753770.0,-2.651,-0.66
920200,振宏股份,25.77,25.74,25.77,25.23,25.03,25.88,23.57,2086455.0,52181490.0,2.14,0.54
920204,沪江材料,11.96,11.91,11.96,11.91,11.86,12.1,11.16,1014807.0,11809359.0,0.42,0.05
920206,彩客科技,34.4,34.4,34.42,32.55,32.44,34.4,31.1,1534557.0,50405248.0,5.684,1.85
920207,众诚科技,22.8,22.75,22.8,22.75,22.55,23.33,20.83,4704953.0,103197374.0,0.22,0.05
920208,青矩技术,12.19,12.16,12.19,12.12,12.24,12.41,11.89,1627643.0,19660677.0,0.578,0.07
920211,新睿电子,120.08,120.08,120.09,126.0,118.2,126.0,106.35,1504923.0,174323517.0,-4.698,-5.92
920212,智新电子,8.97,8.97,9.09,8.74,8.73,9.14,8.05,1030848.0,8911272.0,2.632,0.23
920218,新天力,16.12,16.12,16.15,15.73,15.7,16.28,14.77,2178776.0,33918105.0,2.479,0.39
920220,朗信电气,40.06,40.05,40.06,38.94,39.3,40.2,36.3,1124501.0,43250041.0,2.876,1.12
920221,易实精密,12.14,12.13,12.14,11.9,11.99,12.17,11.1,2446734.0,28571062.0,2.017,0.24
920222,益坤电气,22.51,22.51,22.52,22.39,22.6,22.74,21.18,1247895.0,27470131.0,0.536,0.12
920223,荣亿精密,10.91,10.91,10.92,10.55,10.56,10.92,9.72,2780266.0,28635354.0,3.412,0.36
920225,利通科技,13.4,13.4,13.42,13.46,13.17,13.49,12.22,2331366.0,30089028.0,-0.446,-0.06
920227,美登科技,47.02,47.02,47.06,46.02,45.95,47.13,43.0,525086.0,23728511.0,2.173,1.0
920230,欧康医药,10.1,10.1,10.11,9.88,9.8,10.1,9.3,2764078.0,26740639.0,2.227,0.22
920237,力佳科技,12.15,12.14,12.15,11.65,11.61,12.16,10.98,1307326.0,15132334.0,4.292,0.5
920239,长虹能源,20.49,20.49,20.5,20.12,20.38,20.58,19.22,1392521.0,28056368.0,1.839,0.37
920242,建邦科技,13.0,12.98,13.0,13.03,12.96,13.1,12.25,476328.0,5993290.0,-0.23,-0.03
920245,威博液压,12.08,12.08,12.2,11.85,12.19,12.26,11.1,666591.0,7834301.0,1.941,0.23
920247,华密新材,13.78,13.78,13.8,13.41,13.58,13.92,12.65,2028689.0,27061322.0,2.759,0.37
920249,利尔达,8.78,8.77,8.78,8.41,8.34,8.87,8.06,8031964.0,68235109.0,4.4,0.37
920252,天宏锂电,14.71,14.71,14.74,14.18,14.33,14.83,13.66,2092296.0,30156986.0,3.738,0.53
920260,中寰股份,7.55,7.54,7.55,7.4,7.4,7.55,6.9,1607297.0,11587409.0,2.027,0.15
920261,一诺威,12.65,12.65,12.75,12.4,12.51,12.79,12.32,1601299.0,20121118.0,2.016,0.25
920262,太湖雪,13.55,13.55,13.56,13.79,13.62,13.92,13.0,2460285.0,32788043.0,-1.74,-0.24
920263,中航泰达,6.72,6.7,6.72,6.67,6.57,6.74,6.08,977904.0,6310175.0,0.75,0.05
920266,生物谷,8.31,8.31,8.33,8.38,8.03,8.42,7.51,12543575.0,100285623.0,-0.835,-0.07
920267,鑫汇科,21.02,21.02,0.0,16.17,15.91,21.02,15.03,5734294.0,106043128.0,29.994,4.85
920270,天铭科技,11.23,11.21,11.23,11.25,11.19,11.28,10.49,980481.0,10695700.0,-0.178,-0.02
920271,邦德股份,8.91,8.9,8.91,8.78,8.78,8.94,8.27,1651587.0,14228448.0,1.481,0.13
920273,一致魔芋,15.95,15.95,16.07,16.32,16.03,16.49,14.9,2904639.0,45079463.0,-2.267,-0.37
920274,宏裕包材,14.18,14.16,14.18,13.97,13.89,14.28,13.0,1001533.0,13645661.0,1.503,0.21
920275,驱动力,6.0,6.0,6.02,6.12,6.13,6.2,5.67,1520092.0,8993366.0,-1.961,-0.12
920278,鹿得医疗,5.95,5.93,5.95,5.79,5.8,5.95,5.5,2038303.0,11683816.0,2.763,0.16
920284,灵鸽科技,15.36,15.36,15.39,15.25,15.19,15.52,14.26,2510401.0,37386135.0,0.721,0.11
920299,灿能电力,16.69,16.68,16.69,17.45,16.97,17.44,15.68,5087933.0,82947704.0,-4.355,-0.76
920300,辰光医疗,9.18,9.18,9.23,9.24,9.35,9.35,8.67,1708955.0,15463284.0,-0.649,-0.06
920304,迪尔化工,7.99,7.99,8.0,7.92,7.92,8.0,7.36,1384569.0,10648464.0,0.884,0.07
920305,云创退,1.0,0.0,1.0,1.42,1.0,1.0,1.0,823954.0,823954.0,-29.577,-0.42
920339,恒太照明,10.87,10.81,10.87,10.79,10.5,10.99,10.22,1649623.0,17411396.0,0.741,0.08
920344,三元基因,18.44,18.38,18.44,18.22,18.07,18.5,17.27,1360156.0,24190451.0,1.207,0.22
920346,威贸电子,14.75,14.75,14.79,14.33,14.38,14.83,13.61,741102.0,10578543.0,2.931,0.42
920351,华光源海,10.78,10.73,10.78,10.77,10.71,10.84,9.71,1190876.0,12296881.0,0.093,0.01
920357,雅葆轩,15.47,15.47,15.48,14.72,14.97,15.47,13.9,2493703.0,36744396.0,5.095,0.75
920363,莱赛激光,9.77,9.77,9.78,9.73,9.72,9.79,9.0,2095695.0,19680128.0,0.411,0.04
920367,新赣江,28.17,28.17,28.18,25.28,25.53,28.2,23.81,9774985.0,251737128.0,11.432,2.89
920368,连城数控,23.26,23.26,23.27,22.26,22.47,23.33,20.98,5376731.0,118836211.0,4.492,1.0
920370,新安洁,2.56,2.55,2.56,2.53,2.54,2.56,2.37,3337548.0,8277717.0,1.186,0.03
920371,欧福蛋业,6.6,6.59,6.6,6.7,6.73,6.76,6.28,2261070.0,14702586.0,-1.493,-0.1
920374,云里物里,14.67,14.67,14.68,14.2,14.07,14.71,13.04,1464623.0,20425389.0,3.31,0.47
920375,派诺科技,7.05,7.05,7.07,6.84,6.95,7.08,6.39,3975097.0,26800509.0,3.07,0.21
920378,泰德股份,6.78,6.76,6.78,6.57,6.69,6.78,6.2,1123824.0,7317244.0,3.196,0.21
920392,佳合科技,12.88,12.87,12.88,12.76,12.9,13.0,12.0,580134.0,7270541.0,0.94,0.12
920394,民士达,47.5,47.47,47.5,44.25,44.03,48.28,44.03,2608457.0,121409203.0,7.345,3.25
920395,朗鸿科技,6.66,6.66,6.67,6.44,6.51,6.68,6.06,1156035.0,7445483.0,3.416,0.22
920396,常辅股份,17.18,17.15,17.18,17.4,17.39,17.39,15.9,1583193.0,26411219.0,-1.264,-0.22
920402,硅烷科技,8.95,8.95,8.96,8.6,8.68,9.0,8.22,10363181.0,90301521.0,4.07,0.35
920403,康农种业,16.0,15.99,16.0,16.36,16.26,16.57,15.5,1403432.0,22261193.0,-2.2,-0.36
920405,海希通讯,17.09,17.09,17.1,17.0,16.99,17.36,15.51,1336341.0,21825405.0,0.529,0.09
920407,驰诚股份,9.87,9.8,9.87,9.51,9.53,9.9,8.89,1144745.0,10794073.0,3.785,0.36
920414,欧普泰,7.65,7.63,7.65,7.59,7.6,7.65,6.99,2185668.0,16052343.0,0.791,0.06
920415,恒拓开源,9.39,9.39,9.4,8.31,8.37,9.9,8.23,8044363.0,73892659.0,12.996,1.08
920418,苏轴股份,18.04,18.04,18.06,17.67,17.8,18.14,17.24,1964912.0,34844321.0,2.094,0.37
920419,路斯股份,9.44,9.44,9.47,9.54,9.51,9.55,9.1,1287320.0,11941471.0,-1.048,-0.1
920422,润普食品,8.65,8.6,8.65,8.53,8.53,8.69,7.82,1070131.0,8918597.0,1.407,0.12
920425,乐创技术,19.92,19.92,19.93,19.3,19.36,20.0,18.58,1681762.0,32572021.0,3.212,0.62
920427,华维设计,8.43,8.43,8.5,8.09,8.17,8.53,7.5,2115054.0,17188340.0,4.203,0.34
920429,康比特,8.45,8.45,8.46,8.45,8.58,8.58,7.91,1329340.0,10895346.0,0.0,0.0
920433,大唐药业,4.85,4.84,4.85,4.99,4.9,5.02,4.55,7134548.0,33819808.0,-2.806,-0.14
920436,大地电气,9.57,9.57,9.62,9.45,9.65,9.65,8.85,1424923.0,13130962.0,1.27,0.12
920438,戈碧迦,126.61,126.61,126.66,101.0,103.1,128.87,100.1,8524718.0,951046697.0,25.356,25.61
920445,龙竹科技,5.83,5.82,5.83,5.85,5.85,5.88,5.43,2574845.0,14519780.0,-0.342,-0.02
920454,同心传动,10.51,10.46,10.51,10.66,10.69,10.8,9.8,1279868.0,13065814.0,-1.407,-0.15
920455,汇隆活塞,5.58,5.55,5.58,5.4,5.38,5.6,5.07,1376167.0,7372250.0,3.333,0.18
920469,富恒新材,5.0,4.98,5.0,4.95,4.95,5.05,4.48,3203018.0,15400634.0,1.01,0.05
920471,美邦科技,10.93,10.93,10.98,11.08,11.01,11.07,9.97,2761215.0,29256479.0,-1.354,-0.15
920475,三友科技,10.85,10.8,10.85,10.61,10.75,10.96,9.91,947779.0,9899737.0,2.262,0.24
920476,海能技术,20.3,20.28,20.3,20.3,20.39,20.57,19.55,1630965.0,32802684.0,0.0,0.0
920478,峆一药业,11.56,11.54,11.56,11.1,11.0,11.7,10.2,7861698.0,85407063.0,4.144,0.46
920489,佳先股份,13.11,13.1,13.11,12.68,12.84,13.11,12.02,3458884.0,43940160.0,3.391,0.43
920491,奥迪威,23.42,23.4,23.42,22.94,23.09,23.78,21.96,4178045.0,96190244.0,2.092,0.48
920493,并行科技,120.29,120.28,120.29,116.68,111.7,123.2,110.11,3594234.0,416360129.0,3.094,3.61
920496,许昌智能,5.95,5.95,5.96,5.9,5.9,5.99,5.46,3043508.0,17337113.0,0.847,0.05
920504,博迅生物,16.11,16.11,16.18,15.68,15.68,16.33,14.61,870589.0,13760481.0,2.742,0.43
920505,九菱科技,24.25,24.25,24.3,23.47,23.45,24.39,22.31,893463.0,21030725.0,3.323,0.78
920508,殷图网联,15.4,15.4,15.42,15.0,15.35,15.49,13.69,2622926.0,38119775.0,2.667,0.4
920509,同惠电子,19.2,19.17,19.2,18.76,18.86,19.3,17.88,2837974.0,52985157.0,2.345,0.44
920510,丰光精密,22.72,22.72,22.75,21.75,21.5,23.23,20.43,12094548.0,265131815.0,4.46,0.97
920519,万德股份,9.35,9.33,9.35,9.33,9.37,9.39,8.56,908013.0,8177753.0,0.214,0.02
920522,纳科诺尔,19.13,19.12,19.13,17.85,18.6,19.18,17.71,5947761.0,109512891.0,7.171,1.28
920523,德瑞锂电,14.44,14.44,14.45,14.46,14.65,14.65,13.72,1568044.0,22032853.0,-0.138,-0.02
920526,凯华材料,20.47,20.46,20.47,19.29,19.12,20.5,18.5,2811536.0,55293654.0,6.117,1.18
920527,夜光明,13.71,13.69,13.71,13.03,13.49,13.77,12.08,1558965.0,20073477.0,5.219,0.68
920533,骏创科技,17.45,17.45,17.48,17.1,17.19,17.51,16.11,1695184.0,28650451.0,2.047,0.35
920541,铁大科技,9.33,9.33,9.34,9.3,9.29,9.35,8.81,1174085.0,10696440.0,0.323,0.03
920547,无锡晶海,17.2,17.08,17.2,17.17,17.18,17.26,16.17,813122.0,13675594.0,0.175,0.03
920553,凯腾精工,6.23,6.21,6.23,6.15,6.14,6.23,5.7,1416125.0,8463081.0,1.301,0.08
920556,雅达股份,6.35,6.34,6.35,6.3,6.29,6.37,5.88,2093270.0,12893151.0,0.794,0.05
920564,天润科技,13.68,13.61,13.68,13.43,13.34,13.74,12.46,1388375.0,18222554.0,1.862,0.25
920566,梓橦宫,9.66,9.66,9.67,9.66,9.72,9.78,9.24,3649197.0,34449815.0,0.0,0.0
920570,坤博精工,23.6,23.58,23.6,23.16,23.01,23.63,21.35,696048.0,15657755.0,1.9,0.44
920571,国航远洋,8.1,8.1,8.11,8.39,8.25,8.3,7.77,17335553.0,138306376.0,-3.456,-0.29
920575,*ST康乐,3.5,3.5,3.51,3.72,3.7,3.75,3.3,7827089.0,27390087.0,-5.914,-0.22
920576,天力复合,41.63,41.63,41.65,41.08,41.08,41.98,38.0,2142020.0,87048403.0,1.339,0.55
920578,巨能股份,16.7,16.7,16.71,16.48,16.62,16.77,15.35,1304086.0,21167628.0,1.335,0.22
920579,机科股份,14.21,14.2,14.21,13.99,14.17,14.29,13.1,1554135.0,21317819.0,1.573,0.22
920580,科创新材,9.74,9.7,9.74,9.49,9.6,9.88,8.9,1698683.0,15988494.0,2.634,0.25
920592,华信永道,20.19,20.19,20.2,19.6,19.55,20.2,18.36,2656503.0,51463801.0,3.01,0.59
920593,鼎智科技,25.33,25.32,25.33,25.0,25.15,25.46,23.84,3716897.0,92398732.0,1.32,0.33
920599,同力股份,16.1,16.1,16.12,16.09,15.96,16.34,15.77,3697026.0,59127385.0,0.062,0.01
920608,丰安股份,13.8,13.47,13.8,13.55,13.79,13.85,12.29,2437796.0,32395240.0,1.845,0.25
920627,力王股份,13.16,13.16,13.19,12.94,13.01,13.27,12.04,1329249.0,16825770.0,1.7,0.22
920634,新威凌,15.18,15.18,15.2,15.25,15.25,15.36,13.93,1437200.0,21022569.0,-0.459,-0.07
920639,晨光电缆,5.89,5.86,5.89,5.93,5.92,5.92,5.52,2503035.0,14364709.0,-0.675,-0.04
920640,富士达,24.98,24.97,24.98,24.18,24.46,24.98,23.18,3769555.0,91377144.0,3.309,0.8
920641,格利尔,11.59,11.56,11.59,11.33,11.5,11.65,10.5,1417644.0,15878920.0,2.295,0.26
920642,通易航天,10.04,10.04,10.05,10.03,10.23,10.23,9.1,4368449.0,42188627.0,0.1,0.01
920651,天罡股份,19.36,19.32,19.36,18.55,18.43,19.4,17.71,1046713.0,19297349.0,4.367,0.81
920656,海昇药业,13.18,13.18,13.19,13.36,13.43,13.43,12.7,666614.0,8669411.0,-1.347,-0.18
920662,方盛股份,18.77,18.76,18.77,18.3,18.18,18.78,17.21,1729447.0,31433652.0,2.568,0.47
920663,明阳科技,11.88,11.86,11.88,11.9,11.9,11.98,11.02,908974.0,10437335.0,-0.168,-0.02
920665,科强股份,8.36,8.36,8.37,8.31,8.26,8.37,7.78,1741592.0,14162825.0,0.602,0.05
920670,数字人,13.08,13.08,13.09,12.88,12.8,13.09,12.36,2731615.0,34690882.0,1.553,0.2
920675,秉扬科技,6.92,6.92,6.93,6.89,6.85,6.98,6.31,1658952.0,11033374.0,0.435,0.03
920679,前进科技,14.44,14.33,14.44,14.27,14.21,14.51,13.08,399711.0,5546675.0,1.191,0.17
920682,球冠电缆,5.55,5.55,5.56,5.55,5.54,5.58,5.25,3032965.0,16438395.0,0.0,0.0
920685,新芝生物,10.5,0.0,0.0,10.5,0.0,0.0,0.0,0.0,0.0,0.0,0.0
920689,克莱特,18.42,18.42,18.44,18.08,18.08,18.6,16.88,804930.0,14321370.0,1.881,0.34
920690,捷众科技,13.83,13.83,13.86,13.6,13.61,13.93,12.62,961538.0,12798262.0,1.691,0.23
920693,阿为特,21.84,21.84,21.85,21.59,21.59,21.99,20.47,985576.0,21138612.0,1.158,0.25
920694,中裕科技,13.01,13.01,13.04,12.89,12.81,13.05,12.05,949350.0,11937409.0,0.931,0.12
920699,海达尔,81.13,81.13,81.18,71.58,71.29,83.98,67.18,1464294.0,109779800.0,13.342,9.55
920701,豪声电子,14.06,14.06,14.07,11.96,11.79,14.47,11.28,9441927.0,119211981.0,17.559,2.1
920703,广厦环能,8.84,8.75,8.84,8.7,8.77,8.85,8.22,823420.0,7048465.0,1.609,0.14
920706,铁拓机械,13.4,13.38,13.4,13.39,13.3,13.55,12.55,1073358.0,14038250.0,0.075,0.01
920717,瑞星股份,6.6,6.6,6.61,6.6,6.56,6.61,6.06,2004952.0,12839402.0,0.0,0.0
920718,合肥高科,9.02,9.02,9.1,8.92,8.99,9.15,8.25,794958.0,6956455.0,1.121,0.1
920719,宁新新材,7.72,7.71,7.72,7.62,7.72,7.75,7.12,1908777.0,14217455.0,1.312,0.1
920720,吉冈精密,9.17,9.17,9.18,9.17,9.24,9.24,8.53,2195055.0,19550096.0,0.0,0.0
920725,惠丰钻石,78.0,78.0,78.01,67.1,68.31,78.8,61.18,9159665.0,639428200.0,16.244,10.9
920726,朱老六,15.71,15.71,15.72,16.65,16.51,16.59,15.06,3954393.0,62119678.0,-5.646,-0.94
920729,永顺生物,6.2,6.2,6.21,6.23,6.37,6.37,5.97,837187.0,5105499.0,-0.482,-0.03
920735,德源药业,23.78,23.78,23.8,25.97,25.68,25.68,22.64,6532696.0,154354517.0,-8.433,-2.19
920748,路桥信息,22.0,21.99,22.0,23.06,22.51,22.88,20.11,2256025.0,48234024.0,-4.597,-1.06
920751,惠同新材,16.28,16.28,16.4,16.11,16.23,16.45,15.07,1264156.0,19995607.0,1.055,0.17
920753,天纺标,14.87,14.87,14.88,15.05,14.75,14.94,14.06,1167006.0,16868128.0,-1.196,-0.18
920765,美之高,11.37,11.37,11.38,10.8,10.5,11.59,9.7,3366402.0,35962946.0,5.278,0.57
920768,拾比佰,6.65,6.65,6.66,6.6,6.59,6.68,6.1,1957685.0,12482893.0,0.758,0.05
920770,艾能聚,10.46,10.45,10.46,11.15,10.7,10.89,9.88,6961325.0,72208372.0,-6.188,-0.69
920779,武汉蓝电,19.27,19.23,19.27,19.2,19.3,19.4,18.16,720889.0,13609680.0,0.365,0.07
920781,瑞奇智造,5.13,5.12,5.13,5.09,5.14,5.15,4.72,2687447.0,13314923.0,0.786,0.04
920786,骑士乳业,6.18,6.17,6.18,5.8,5.79,6.2,5.26,12585426.0,71945382.0,6.552,0.38
920790,联迪信息,30.82,30.81,30.82,28.81,28.61,30.91,27.4,7982680.0,234084911.0,6.977,2.01
920792,东和新材,9.4,9.4,9.43,9.5,9.47,9.54,9.03,1125422.0,10333684.0,-1.053,-0.1
920799,艾融软件,30.33,30.26,30.33,29.83,29.02,30.95,29.02,5064880.0,151538364.0,1.676,0.5
920802,保丽洁,10.06,9.98,10.06,9.74,9.79,10.06,9.09,940105.0,9051272.0,3.285,0.32
920806,云星宇,9.54,9.54,9.55,9.35,9.47,9.56,9.06,2387159.0,22251584.0,2.032,0.19
920807,奔朗新材,9.0,9.0,9.01,8.8,8.91,9.07,8.24,3554053.0,31054966.0,2.273,0.2
920808,曙光数创,70.0,70.0,70.01,68.03,68.01,70.35,63.9,3797294.0,255992723.0,2.896,1.97
920809,安达科技,7.39,7.38,7.39,7.14,7.2,7.39,7.1,12783298.0,92587314.0,3.501,0.25
920810,春光智能,7.8,7.71,7.8,7.66,7.76,7.85,7.1,1370437.0,10272342.0,1.828,0.14
920819,颖泰生物,2.63,2.62,2.63,2.65,2.65,2.68,2.52,6746912.0,17491779.0,-0.755,-0.02
920821,则成电子,21.34,21.33,21.34,19.58,19.0,21.48,19.0,7200277.0,149400118.0,8.989,1.76
920826,盖世食品,7.3,7.27,7.3,7.21,7.35,7.35,6.86,2148178.0,15244924.0,1.248,0.09
920832,齐鲁华信,5.78,5.78,5.81,5.73,5.73,5.86,5.23,1017731.0,5719752.0,0.873,0.05
920833,美心翼申,8.28,8.28,8.31,8.17,8.24,8.32,7.53,1787086.0,14192587.0,1.346,0.11
920834,三维装备,7.93,7.92,7.93,7.87,7.85,7.94,7.2,1332318.0,10043525.0,0.762,0.06
920837,华原股份,9.22,9.21,9.22,9.15,9.23,9.29,8.63,1335273.0,11998832.0,0.765,0.07
920839,万通液压,23.6,23.6,23.63,23.36,23.31,23.68,22.54,641632.0,14921835.0,1.027,0.24
920855,浙江大农,11.27,11.19,11.25,11.09,11.18,11.32,10.2,435661.0,4702962.0,1.623,0.18
920856,浩淼科技,8.59,8.58,8.59,8.26,8.22,8.63,7.7,2196452.0,17928831.0,3.995,0.33
920857,泓禧科技,14.85,14.83,14.85,14.0,14.0,15.28,12.65,3057868.0,43731697.0,6.071,0.85
920866,绿亨科技,5.46,5.44,5.46,5.49,5.49,5.49,5.19,1961402.0,10446762.0,-0.546,-0.03
920870,恒进感应,10.99,10.99,11.0,11.15,11.09,11.11,10.15,1422502.0,15155127.0,-1.435,-0.16
920871,派特尔,9.97,9.96,9.97,9.99,10.06,10.13,9.14,752528.0,7309736.0,-0.2,-0.02
920873,中设咨询,6.22,6.22,6.23,6.1,6.11,6.22,5.72,2483900.0,14774433.0,1.967,0.12
920876,慧为智能,15.4,15.4,15.41,14.87,15.0,15.55,13.93,1859468.0,27593440.0,3.564,0.53
920879,基康技术,12.42,12.42,12.46,12.47,12.59,12.72,11.63,1659332.0,20283209.0,-0.401,-0.05
920885,星辰科技,11.12,11.12,11.13,10.79,10.69,11.17,10.16,2561199.0,27397590.0,3.058,0.33
920892,广咨国际,10.07,10.02,10.07,9.98,10.12,10.12,9.42,820106.0,8010320.0,0.902,0.09
920895,花溪科技,11.02,10.96,11.02,11.08,11.15,11.32,10.24,1129589.0,12157666.0,-0.542,-0.06
920896,旺成科技,11.35,11.35,11.38,11.14,11.16,11.49,10.31,679233.0,7480008.0,1.885,0.21
920906,舜宇精工,16.05,16.02,16.05,15.84,15.88,16.1,14.56,779688.0,12007303.0,1.326,0.21
920914,远航精密,16.04,16.03,16.04,15.57,15.72,16.07,14.8,1348184.0,20740515.0,3.019,0.47
920924,广脉科技,13.88,13.78,13.88,13.48,13.42,13.88,12.4,1846320.0,24163931.0,2.967,0.4
920925,锦好医疗,13.58,13.58,13.64,12.14,12.3,13.72,12.21,8477849.0,110287048.0,11.862,1.44
920926,鸿智科技,9.39,9.38,9.39,9.39,9.52,9.52,8.51,672304.0,6129519.0,0.0,0.0
920931,无锡鼎邦,9.14,9.04,9.14,8.93,9.01,9.18,8.35,592840.0,5202640.0,2.352,0.21
920932,科达自控,10.95,10.95,10.98,10.65,10.8,10.98,10.15,1790381.0,19027396.0,2.817,0.3
920942,恒立钻具,16.35,16.26,16.35,16.09,16.09,16.47,14.85,1040589.0,16321319.0,1.616,0.26
920943,优机股份,15.53,15.52,15.53,16.17,15.98,16.33,14.0,4471717.0,67636986.0,-3.958,-0.64
920946,森萱医药,9.08,9.07,9.08,9.22,9.14,9.25,8.76,4310174.0,38735060.0,-1.518,-0.14
920950,迅安科技,12.26,12.24,12.26,12.0,11.89,12.28,11.14,384739.0,4506845.0,2.167,0.26
920953,国子软件,21.1,21.08,21.1,21.09,20.91,21.5,19.5,2320432.0,47315511.0,0.047,0.01
920957,汉维科技,9.86,9.85,9.86,8.22,8.23,10.5,8.23,6867219.0,66508303.0,19.951,1.64
920961,创远信科,18.72,18.71,18.72,18.0,18.17,18.94,17.11,3180369.0,57093554.0,4.0,0.72
920964,润农节水,4.2,4.2,4.21,4.2,4.2,4.23,3.92,3196888.0,13022760.0,0.0,0.0
920970,大禹生物,5.8,5.8,5.81,5.73,5.79,5.83,5.28,5405625.0,29894008.0,1.222,0.07
920971,天马新材,26.15,26.14,26.15,24.21,24.59,26.18,24.0,4226667.0,106843561.0,8.013,1.94
920974,凯大催化,5.73,5.71,5.73,5.7,5.7,5.78,5.42,1612137.0,9021075.0,0.526,0.03
920976,视声智能,16.37,16.36,16.37,15.78,15.8,16.45,14.51,1617403.0,24790681.0,3.739,0.59
920978,开特股份,18.5,18.47,18.5,18.18,18.3,18.66,17.57,1833622.0,33261192.0,1.76,0.32
920981,晶赛科技,30.47,30.45,30.47,29.2,29.15,30.66,27.18,3247581.0,95738335.0,4.349,1.27
920982,锦波生物,124.91,124.9,124.91,129.86,127.98,130.78,119.08,1768449.0,219761486.0,-3.812,-4.95
920985,海泰新能,4.44,4.44,4.46,4.47,4.57,4.57,4.28,3195491.0,14023377.0,-0.671,-0.03
920992,中科美菱,11.45,11.44,11.45,11.25,11.18,11.56,10.5,1315597.0,14507903.0,1.778,0.2
600000,浦发银行,8.95,8.94,8.95,9.14,9.12,9.22,8.9,109608680.0,990231573.0,-2.079,-0.19
600004,白云机场,7.91,7.91,7.92,7.95,7.96,8.19,7.89,26022658.0,209710755.0,-0.503,-0.04
600006,东风股份,5.32,5.32,5.33,5.28,5.28,5.41,5.27,24487896.0,131159464.0,0.758,0.04
600007,中国国贸,18.93,18.92,18.93,19.07,19.15,19.5,18.86,3447903.0,65994000.0,-0.734,-0.14
600008,首创环保,2.88,2.88,2.89,2.9,2.89,2.96,2.88,115345842.0,336940237.0,-0.69,-0.02
600009,上海机场,23.62,23.62,23.65,23.94,23.96,24.55,23.6,24440971.0,587655856.0,-1.337,-0.32
600010,包钢股份,2.17,2.17,2.18,2.14,2.14,2.18,2.14,444238909.0,957731951.0,1.402,0.03
600011,华能国际,7.23,7.23,7.24,7.43,7.39,7.43,7.11,250880103.0,1812881380.0,-2.692,-0.2
600012,皖通高速,18.06,18.06,18.2,18.78,18.56,19.57,17.69,14276925.0,262377858.0,-3.834,-0.72
600015,华夏银行,6.86,6.86,6.87,6.98,6.97,7.05,6.84,113199022.0,786189240.0,-1.719,-0.12
600016,民生银行,3.5,3.5,3.51,3.53,3.54,3.59,3.5,500079027.0,1768932649.0,-0.85,-0.03
600017,日照港,2.71,2.7,2.71,2.73,2.73,2.77,2.69,49601100.0,135498356.0,-0.733,-0.02
600018,上港集团,5.22,5.22,5.23,5.22,5.25,5.3,5.19,99642501.0,522551228.0,0.0,0.0
600019,宝钢股份,5.81,5.81,5.82,5.89,5.86,5.99,5.79,163484891.0,962916101.0,-1.358,-0.08
600020,中原高速,3.77,3.77,3.78,3.83,3.82,3.86,3.75,25115701.0,95457434.0,-1.567,-0.06
600021,上海电力,15.59,15.59,15.6,16.35,16.0,16.31,15.06,137071678.0,2137706830.0,-4.648,-0.76
600022,山东钢铁,1.33,1.33,1.34,1.34,1.34,1.37,1.33,125337118.0,169015157.0,-0.746,-0.01
600023,浙能电力,5.32,5.32,5.33,5.34,5.33,5.41,5.24,68630627.0,365452381.0,-0.375,-0.02
600025,华能水电,10.19,10.18,10.19,10.14,10.13,10.38,10.06,62614852.0,638447643.0,0.493,0.05
600026,中远海能,14.88,14.87,14.88,14.52,14.65,14.89,14.15,73410468.0,1068833680.0,2.479,0.36
600027,华电国际,4.74,4.74,4.75,4.81,4.75,4.82,4.71,125514198.0,596485064.0,-1.455,-0.07
600028,中国石化,5.12,5.12,5.13,5.24,5.19,5.22,5.09,402613887.0,2073781911.0,-2.29,-0.12
600029,南方航空,5.06,5.06,5.07,5.02,5.02,5.12,5.01,97273381.0,493031328.0,0.797,0.04
600030,中信证券,28.34,28.33,28.34,28.28,28.5,28.5,27.95,169076845.0,4772798395.0,0.212,0.06
600031,三一重工,19.69,19.68,19.69,19.56,20.2,20.2,19.35,118171693.0,2324242274.0,0.665,0.13
600032,浙江新能,7.45,7.44,7.45,7.78,7.6,7.65,7.17,77882263.0,574932827.0,-4.242,-0.33
600033,福建高速,3.57,3.57,3.58,3.62,3.6,3.65,3.57,32419229.0,116965158.0,-1.381,-0.05
600035,楚天高速,3.52,3.51,3.52,3.58,3.58,3.61,3.5,18247896.0,64629688.0,-1.676,-0.06
600036,招商银行,37.99,37.99,38.0,38.91,39.18,39.4,37.9,156012742.0,6018519241.0,-2.364,-0.92
600037,歌华有线,6.62,6.62,6.63,6.69,6.66,6.77,6.56,25976129.0,172849664.0,-1.046,-0.07
600038,中直股份,25.92,25.92,25.94,25.78,25.66,26.46,25.66,10604601.0,277100868.0,0.543,0.14
600039,四川路桥,8.86,8.86,8.87,8.84,8.8,9.26,8.78,37508122.0,338257400.0,0.226,0.02
600048,保利发展,5.01,5.01,5.02,5.04,5.0,5.09,4.99,152070817.0,765107497.0,-0.595,-0.03
600050,中国联通,4.39,4.39,4.4,4.4,4.44,4.44,4.35,237502824.0,1043539486.0,-0.227,-0.01
600051,宁波联合,5.63,5.63,5.64,5.77,5.77,5.78,5.52,7526600.0,42469735.0,-2.426,-0.14
600052,东望时代,3.46,3.46,3.47,3.56,3.57,3.58,3.36,17831550.0,61499213.0,-2.809,-0.1
600053,*ST九鼎,6.79,6.78,6.79,6.96,6.97,7.02,6.5,2455700.0,16518355.0,-2.443,-0.17
600054,黄山旅游,11.09,11.08,11.09,10.98,10.97,11.12,10.9,7769556.0,85742299.0,1.002,0.11
600055,万东医疗,10.49,10.49,10.51,10.66,10.6,10.78,10.4,9132051.0,96376594.0,-1.595,-0.17
600056,中国医药,9.45,9.45,9.46,9.61,9.59,9.71,9.44,24236999.0,231336141.0,-1.665,-0.16
600057,厦门象屿,6.24,6.24,6.25,6.36,6.37,6.5,6.24,31187934.0,198779767.0,-1.887,-0.12
600058,五矿发展,8.22,8.22,8.23,8.06,8.05,8.33,7.89,12542211.0,101914064.0,1.985,0.16
600059,古越龙山,7.81,7.81,7.82,7.89,7.92,8.0,7.79,11432698.0,90097237.0,-1.014,-0.08
600060,海信视像,27.65,27.65,27.66,26.28,26.3,28.05,26.15,21127070.0,581842718.0,5.213,1.37
600061,国投资本,6.47,6.47,6.48,6.55,6.54,6.61,6.4,79213408.0,514507400.0,-1.221,-0.08
600062,华润双鹤,17.08,17.08,17.09,17.3,17.19,17.55,17.04,13381719.0,230767508.0,-1.272,-0.22
600063,皖维高新,5.54,5.53,5.54,5.28,5.26,5.57,5.24,75796019.0,411550933.0,4.924,0.26
600064,南京高科,7.49,7.49,7.5,7.45,7.45,7.67,7.44,27444944.0,207848594.0,0.537,0.04
600066,宇通客车,31.48,31.48,31.49,32.09,32.0,32.7,30.4,28549348.0,893952800.0,-1.901,-0.61
600067,冠城新材,2.54,2.54,2.55,2.63,2.63,2.63,2.47,31246305.0,79273835.0,-3.422,-0.09
600071,凤凰光学,14.63,14.63,14.64,14.42,14.46,14.66,13.95,2814003.0,40472249.0,1.456,0.21
600072,中船科技,8.27,8.26,8.27,8.19,8.22,8.27,8.15,24291184.0,199414678.0,0.977,0.08
600073,光明肉业,5.09,5.08,5.09,5.23,5.23,5.26,5.07,12006331.0,61810080.0,-2.677,-0.14
600075,新疆天业,4.32,4.32,4.33,4.39,4.4,4.41,4.29,28005362.0,121558581.0,-1.595,-0.07
600076,康欣新材,2.74,2.73,2.74,2.67,2.68,2.75,2.5,24538849.0,64477481.0,2.622,0.07
600078,澄星股份,9.26,9.26,9.27,8.95,8.93,9.32,8.28,26951796.0,239137716.0,3.464,0.31
600079,ST人福,17.51,17.5,17.51,17.69,17.62,17.76,17.33,15006701.0,262913662.0,-1.018,-0.18
600080,ST金花,4.55,4.53,4.55,4.6,4.62,4.64,4.38,3125546.0,14067087.0,-1.087,-0.05
600081,东风科技,9.5,9.49,9.5,9.66,9.7,9.73,9.32,4563968.0,43134128.0,-1.656,-0.16
600082,ST海泰,2.5,2.49,2.5,2.53,2.52,2.53,2.39,7017684.0,17178075.0,-1.186,-0.03
600084,*ST尼雅,4.01,4.01,4.02,4.18,4.11,4.22,3.98,6550800.0,26587255.0,-4.067,-0.17
600085,同仁堂,25.9,25.9,25.91,26.36,26.06,26.83,25.72,19490787.0,510392394.0,-1.745,-0.46
600088,中视传媒,10.94,10.94,10.95,11.01,10.91,11.11,10.7,7676325.0,83818291.0,-0.636,-0.07
600089,特变电工,19.5,19.49,19.5,19.2,19.51,19.52,19.02,128655621.0,2479933597.0,1.563,0.3
600094,大名城,3.74,3.74,3.75,3.73,3.72,3.8,3.59,23142713.0,85853698.0,0.268,0.01
600095,湘财股份,8.98,8.98,8.99,9.12,8.9,9.03,8.51,120379709.0,1059595108.0,-1.535,-0.14
600096,云天化,28.84,28.84,28.85,28.12,28.2,29.18,27.99,39562896.0,1134850325.0,2.56,0.72
600097,开创国际,7.6,7.6,7.61,7.86,7.9,7.92,7.47,5854739.0,44629916.0,-3.308,-0.26
600098,广州发展,6.23,6.23,6.24,6.34,6.28,6.37,6.17,43449333.0,272107590.0,-1.735,-0.11
600099,林海股份,7.76,7.74,7.76,7.92,7.88,7.92,7.44,6161856.0,47273048.0,-2.02,-0.16
600100,同方股份,6.69,6.69,6.7,6.57,6.53,6.71,6.53,43823683.0,291179059.0,1.826,0.12
600101,明星电力,8.53,8.53,8.54,9.06,8.8,8.84,8.31,44415659.0,378873246.0,-5.85,-0.53
600103,青山纸业,2.61,2.61,2.62,2.57,2.53,2.62,2.4,108254724.0,272456939.0,1.556,0.04
600104,上汽集团,10.46,10.46,10.47,10.6,10.6,10.81,10.43,87625462.0,929561250.0,-1.321,-0.14
600105,永鼎股份,38.28,38.27,38.28,36.07,36.66,38.32,32.46,178085757.0,6261486089.0,6.127,2.21
600106,重庆路桥,4.22,4.22,4.23,4.26,4.26,4.28,4.18,14497769.0,61208589.0,-0.939,-0.04
600107,*ST尔雅,5.37,5.36,5.37,5.28,5.28,5.45,5.1,1756300.0,9303574.0,1.705,0.09
600108,亚盛集团,2.86,2.86,2.87,2.91,2.91,2.92,2.74,99771377.0,281349941.0,-1.718,-0.05
600109,国金证券,8.74,8.74,8.75,8.59,8.56,8.84,8.56,46156428.0,402662880.0,1.746,0.15
600110,诺德股份,9.34,9.33,9.34,8.96,8.99,9.37,8.06,163357467.0,1423449578.0,4.241,0.38
600111,北方稀土,39.36,39.35,39.36,37.58,38.2,39.46,37.65,89458950.0,3452370871.0,4.737,1.78
600113,浙江东日,29.59,29.59,29.61,29.63,28.82,30.82,28.62,14469816.0,431666932.0,-0.135,-0.04
600114,东睦股份,27.13,27.13,27.14,25.17,25.4,27.21,24.15,28217827.0,733343302.0,7.787,1.96
600115,中国东航,3.57,3.57,3.58,3.52,3.51,3.6,3.51,201618162.0,718155602.0,1.42,0.05
600116,三峡水利,6.35,6.35,6.36,6.42,6.35,6.53,6.25,46007699.0,293861408.0,-1.09,-0.07
600117,西宁特钢,2.18,2.17,2.18,2.22,2.22,2.23,2.16,16054161.0,35035323.0,-1.802,-0.04
600118,中国卫星,61.29,61.29,61.3,59.48,59.48,61.68,54.71,56820123.0,3331966155.0,3.043,1.81
600119,*ST长投,4.02,4.01,4.02,4.1,4.06,4.1,3.84,2331099.0,9214397.0,-1.951,-0.08
600120,浙江东方,5.07,5.06,5.07,4.99,4.97,5.15,4.95,92263752.0,468520029.0,1.603,0.08
600121,郑州煤电,3.68,3.68,3.69,3.76,3.93,3.94,3.58,117448510.0,439122419.0,-2.128,-0.08
600123,兰花科创,6.29,6.29,6.3,6.42,6.35,6.45,6.27,32635432.0,207091405.0,-2.025,-0.13
600125,铁龙物流,5.44,5.44,5.45,5.5,5.48,5.55,5.42,14188827.0,77723878.0,-1.091,-0.06
600126,杭钢股份,6.74,6.74,6.75,6.23,6.3,6.76,6.25,233771518.0,1534358325.0,8.186,0.51
600127,金健米业,5.49,5.48,5.49,5.56,5.56,5.57,5.43,12604185.0,69116067.0,-1.259,-0.07
600128,苏豪弘业,7.39,7.38,7.39,7.53,7.53,7.53,7.18,6795696.0,49838921.0,-1.859,-0.14
600129,太极集团,15.3,15.3,15.31,15.59,15.34,15.64,14.78,37151214.0,563073368.0,-1.86,-0.29
600130,波导股份,3.55,3.55,3.56,3.45,3.46,3.56,3.2,30674096.0,104039349.0,2.899,0.1
600131,国网信通,15.13,15.13,15.14,15.05,14.89,15.52,14.87,16790732.0,256159801.0,0.532,0.08
600132,重庆啤酒,43.67,43.67,43.69,44.31,44.36,45.49,43.46,6024381.0,267666561.0,-1.444,-0.64
600133,东湖高新,7.56,7.56,7.57,7.5,7.44,7.63,7.44,14723950.0,110895851.0,0.8,0.06
600135,乐凯胶片,6.59,6.59,6.6,6.57,6.57,6.65,6.16,12397357.0,79740653.0,0.304,0.02
600136,ST明诚,1.36,1.35,1.36,1.37,1.37,1.38,1.33,13101300.0,17754306.0,-0.73,-0.01
600137,浪莎股份,15.26,15.26,15.29,15.79,15.65,15.75,14.71,2284224.0,34733723.0,-3.357,-0.53
600138,中青旅,6.98,6.97,6.98,7.05,7.05,7.13,6.94,11451722.0,80270537.0,-0.993,-0.07
600141,兴发集团,29.26,29.25,29.26,27.66,27.98,29.32,27.35,45749921.0,1300290210.0,5.785,1.6
600143,金发科技,14.21,14.2,14.21,13.41,13.43,14.22,13.43,58271017.0,812023190.0,5.966,0.8
600148,长春一东,13.79,13.78,13.79,13.94,14.0,14.07,13.08,2490400.0,33843978.0,-1.076,-0.15
600149,廊坊发展,4.35,4.35,4.36,4.5,4.4,4.44,4.14,19099043.0,81757366.0,-3.333,-0.15
600150,中国船舶,32.96,32.95,32.96,33.01,33.7,33.7,32.54,93280069.0,3072219854.0,-0.151,-0.05
600151,航天机电,8.7,8.7,8.71,8.68,8.64,8.78,8.22,39817410.0,341819609.0,0.23,0.02
600152,维科技术,7.2,7.2,7.21,6.96,6.91,7.22,6.38,40528012.0,278712754.0,3.448,0.24
600153,建发股份,8.64,8.64,8.66,8.58,8.6,8.9,8.58,28215758.0,246921010.0,0.699,0.06
600155,华创云信,5.74,5.73,5.74,5.81,5.79,5.86,5.68,41033196.0,236463576.0,-1.205,-0.07
600156,华升股份,6.8,6.79,6.8,6.73,6.79,6.82,6.07,17922401.0,116327130.0,1.04,0.07
600157,永泰能源,1.58,1.57,1.58,1.57,1.57,1.59,1.55,567509158.0,892506307.0,0.637,0.01
600158,中体产业,6.44,6.43,6.44,6.32,6.31,6.45,6.18,40597152.0,257028927.0,1.899,0.12
600159,大龙地产,2.19,2.18,2.19,2.23,2.22,2.23,2.11,22768300.0,49166212.0,-1.794,-0.04
600160,巨化股份,40.38,40.37,40.38,37.9,37.9,40.4,36.78,61020901.0,2372418577.0,6.544,2.48
600161,天坛生物,12.49,12.49,12.5,12.84,12.8,13.02,12.48,22632483.0,288457260.0,-2.726,-0.35
600162,香江控股,2.61,2.61,2.62,2.75,2.57,2.76,2.48,262437617.0,673301078.0,-5.091,-0.14
600163,中闽能源,5.15,5.14,5.15,5.19,5.1,5.2,5.03,38018939.0,193998158.0,-0.771,-0.04
600165,ST宁科,2.25,2.24,2.25,2.19,2.2,2.27,2.15,7980700.0,17736639.0,2.74,0.06
600166,福田汽车,2.94,2.94,2.95,2.95,2.94,2.99,2.92,151683513.0,446291042.0,-0.339,-0.01
600167,XD联美控,5.83,5.82,5.83,5.76,5.71,5.95,5.68,16996451.0,99365169.0,1.215,0.07
600168,武汉控股,4.21,4.2,4.21,4.29,4.29,4.32,4.19,7754540.0,32808197.0,-1.865,-0.08
600169,ST太重,2.0,1.99,2.0,2.0,2.0,2.02,1.98,10835200.0,21623079.0,0.0,0.0
600170,上海建工,2.32,2.32,2.33,2.31,2.3,2.34,2.3,137247424.0,318888113.0,0.433,0.01
600171,上海贝岭,23.45,23.44,23.45,22.49,22.49,23.46,21.95,20791477.0,475758431.0,4.269,0.96
600172,黄河旋风,11.49,11.49,11.5,10.7,10.76,11.5,9.63,215052365.0,2274073760.0,7.383,0.79
600173,卧龙新能,5.6,5.6,5.61,5.65,5.68,5.69,5.41,6175137.0,34247024.0,-0.885,-0.05
600176,中国巨石,43.0,43.0,43.01,39.44,40.24,43.25,35.95,270976607.0,10929813696.0,9.026,3.56
600177,雅戈尔,7.85,7.84,7.85,7.91,7.87,8.07,7.79,51943577.0,412380574.0,-0.759,-0.06
600178,东安动力,8.35,8.35,8.36,8.41,8.43,8.47,8.15,5336401.0,44382934.0,-0.713,-0.06
600179,安通控股,4.26,4.26,4.27,4.26,4.25,4.33,4.24,34694300.0,148499631.0,0.0,0.0
600180,*ST瑞茂,1.32,1.31,1.32,1.31,1.27,1.35,1.22,31479299.0,40672906.0,0.763,0.01
600182,S佳通,12.89,12.88,12.89,12.86,12.82,12.96,12.58,2382500.0,30504242.0,0.233,0.03
600183,生益科技,135.67,135.67,0.0,123.34,129.32,135.67,117.5,89821844.0,11505130561.0,9.997,12.33
600184,光电股份,17.11,17.1,17.11,15.86,16.0,17.26,14.6,27549187.0,442585851.0,7.881,1.25
600185,珠免集团,4.5,4.49,4.5,4.5,4.49,4.55,4.47,25292300.0,113914204.0,0.0,0.0
600186,莲花控股,8.61,8.61,8.62,8.14,8.3,8.63,7.51,225390903.0,1843732996.0,5.774,0.47
600187,*ST国中,1.45,1.45,1.46,1.48,1.45,1.49,1.38,44292700.0,63309749.0,-2.027,-0.03
600188,兖矿能源,20.94,20.94,20.96,20.79,21.1,21.45,19.98,86500996.0,1784255501.0,0.722,0.15
600189,泉阳泉,7.12,7.12,7.13,7.2,7.26,7.3,7.08,18485059.0,132140257.0,-1.111,-0.08
600191,华资实业,8.62,8.6,8.62,8.8,8.8,8.8,8.11,9024604.0,75507784.0,-2.045,-0.18
600192,长城电工,5.95,5.95,5.96,6.13,6.16,6.17,5.6,10266906.0,60007158.0,-2.936,-0.18
600195,中牧股份,6.42,6.41,6.42,6.69,6.71,6.72,6.4,13183360.0,85993877.0,-4.036,-0.27
600196,复星医药,23.69,23.69,23.7,24.0,23.79,24.02,23.33,32191142.0,761378120.0,-1.292,-0.31
600197,伊力特,10.13,10.13,10.14,10.33,10.28,10.35,10.1,7327170.0,74569053.0,-1.936,-0.2
600198,大唐电信,7.04,7.04,7.05,6.86,6.87,7.05,6.47,29175700.0,198172396.0,2.624,0.18
600199,金种子酒,6.93,6.92,6.93,7.16,7.05,7.07,6.7,37280983.0,256098250.0,-3.212,-0.23
600201,生物股份,11.51,11.51,11.52,11.44,11.44,11.72,11.26,16312746.0,187454540.0,0.612,0.07
600202,哈空调,4.27,4.27,4.28,4.34,4.34,4.35,4.11,9999900.0,42256766.0,-1.613,-0.07
600203,福日电子,9.78,9.77,9.78,9.66,9.14,9.88,8.7,40170848.0,371660716.0,1.242,0.12
600206,有研新材,39.46,39.46,0.0,35.87,35.87,39.46,32.28,118150026.0,4278407488.0,10.008,3.59
600207,安彩高科,3.96,3.96,3.97,3.88,3.94,3.98,3.56,30834036.0,116670502.0,2.062,0.08
600208,衢州发展,2.82,2.82,2.83,2.79,2.78,2.85,2.78,100373864.0,282463154.0,1.075,0.03
600210,紫江企业,6.55,6.54,6.55,6.56,6.55,6.64,6.5,30056264.0,197434649.0,-0.152,-0.01
600211,西藏药业,38.88,38.88,38.89,39.4,39.33,39.84,38.6,5977836.0,233868622.0,-1.32,-0.52
600212,绿能慧充,4.91,4.91,4.92,4.87,4.89,4.98,4.73,14195498.0,68957538.0,0.821,0.04
600215,派斯林,5.24,5.24,5.25,5.37,5.35,5.41,5.08,13262325.0,69229315.0,-2.421,-0.13
600216,浙江医药,12.26,12.26,12.27,12.32,12.32,12.44,12.11,20398754.0,250450196.0,-0.487,-0.06
600217,中再资环,3.04,3.03,3.04,3.11,3.11,3.12,3.02,14584147.0,44550231.0,-2.251,-0.07
600218,全柴动力,7.14,7.14,7.15,7.24,7.24,7.29,6.95,9084070.0,64464442.0,-1.381,-0.1
600219,南山铝业,4.18,4.17,4.18,4.16,4.12,4.2,4.11,200009815.0,830411780.0,0.481,0.02
600221,海航控股,1.34,1.33,1.34,1.33,1.33,1.35,1.33,285489399.0,381938215.0,0.752,0.01
600222,太龙药业,7.06,7.05,7.06,7.22,7.32,7.32,6.5,29062500.0,199432041.0,-2.216,-0.16
600223,福瑞达,5.38,5.37,5.38,5.48,5.47,5.53,5.36,11891699.0,64531114.0,-1.825,-0.1
600226,亨通股份,5.92,5.92,5.93,5.55,5.59,5.93,5.02,233272187.0,1287581648.0,6.667,0.37
600227,赤天化,3.03,0.0,3.03,3.37,3.13,3.15,3.03,108805800.0,331535269.0,-10.089,-0.34
600228,返利科技,5.9,5.89,5.9,5.77,5.9,5.94,5.29,30810149.0,172315894.0,2.253,0.13
600229,城市传媒,4.73,4.73,4.74,4.81,4.85,4.85,4.67,6300901.0,29789622.0,-1.663,-0.08
600230,沧州大化,12.21,12.2,12.21,12.2,12.1,12.23,11.62,16141993.0,192500745.0,0.082,0.01
600231,凌钢股份,1.61,1.6,1.61,1.62,1.62,1.63,1.58,11687925.0,18706201.0,-0.617,-0.01
600232,金鹰股份,5.38,5.38,5.39,5.41,5.34,5.45,5.07,10732201.0,56720967.0,-0.555,-0.03
600233,圆通速递,17.8,17.76,17.8,17.4,17.55,18.1,17.36,29198685.0,518991248.0,2.299,0.4
600234,科新发展,17.81,17.8,17.81,16.69,16.69,17.98,15.02,8349000.0,135572961.0,6.711,1.12
600235,民丰特纸,4.89,4.89,4.91,5.01,4.97,5.0,4.74,9160408.0,44680950.0,-2.395,-0.12
600236,桂冠电力,11.25,11.25,11.26,11.68,11.68,11.79,10.65,75021764.0,834644023.0,-3.682,-0.43
600237,铜峰电子,8.0,7.99,8.0,7.51,7.63,8.14,7.01,48620526.0,372040244.0,6.525,0.49
600238,*ST椰岛,4.04,4.03,4.04,4.11,4.05,4.12,3.93,4721900.0,19036244.0,-1.703,-0.07
600239,ST云城,1.33,1.33,1.34,1.36,1.36,1.36,1.29,16607899.0,21979274.0,-2.206,-0.03
600241,时代万恒,6.17,6.17,6.18,6.44,6.45,6.45,5.87,7902100.0,48231631.0,-4.193,-0.27
600243,*ST海华,2.84,2.83,2.84,2.86,2.84,2.9,2.58,8475675.0,23326681.0,-0.699,-0.02
600246,万通发展,15.05,15.05,15.06,15.78,14.83,15.78,14.2,251326223.0,3697692945.0,-4.626,-0.73
600248,陕建股份,2.86,2.86,2.87,2.93,2.9,2.97,2.85,26529970.0,76973721.0,-2.389,-0.07
600249,两面针,4.76,4.76,4.77,4.91,4.91,4.94,4.7,10590550.0,50609362.0,-3.055,-0.15
600250,南京商旅,7.65,7.65,7.66,7.73,7.75,7.8,7.5,8589100.0,65581342.0,-1.035,-0.08
600251,冠农股份,8.99,8.98,8.99,8.77,8.75,8.99,8.64,14642703.0,128654572.0,2.509,0.22
600252,中恒集团,2.14,2.14,2.15,2.17,2.16,2.17,2.12,63195743.0,135531884.0,-1.382,-0.03
600255,鑫科材料,3.04,3.04,3.05,2.96,2.95,3.04,2.8,93706195.0,274091731.0,2.703,0.08
600256,广汇能源,5.47,5.47,5.48,5.58,5.48,5.58,5.43,124694802.0,684378949.0,-1.971,-0.11
600257,大湖股份,4.79,4.79,4.8,5.11,4.98,4.99,4.6,44124943.0,209271151.0,-6.262,-0.32
600258,首旅酒店,11.89,11.88,11.89,11.92,11.95,12.27,11.85,24828504.0,299249345.0,-0.252,-0.03
600259,中稀有色,73.16,73.16,73.17,69.97,70.45,73.35,67.19,16224274.0,1156777435.0,4.559,3.19
600261,阳光照明,2.93,2.92,2.93,2.94,2.95,2.98,2.89,12847500.0,37624591.0,-0.34,-0.01
600262,北方股份,13.15,13.12,13.15,12.79,12.88,13.35,12.49,7540907.0,97620699.0,2.815,0.36
600265,*ST景谷,20.65,20.64,20.65,20.75,20.57,20.85,19.18,1476253.0,29625750.0,-0.482,-0.1
600266,城建发展,3.98,3.98,3.99,3.95,3.93,4.05,3.91,41217301.0,164751478.0,0.759,0.03
600267,海正药业,12.18,12.18,12.19,12.45,12.17,12.27,11.71,93013505.0,1114001710.0,-2.169,-0.27
600268,国电南自,10.83,10.83,10.84,10.8,10.78,10.84,10.44,27143502.0,288397227.0,0.278,0.03
600269,赣粤高速,4.0,3.99,4.0,4.07,4.05,4.13,3.99,34086400.0,138516299.0,-1.72,-0.07
600271,航天信息,6.61,6.61,6.62,6.56,6.53,6.69,6.52,18215700.0,120255308.0,0.762,0.05
600272,开开实业,10.46,10.46,10.47,10.85,10.8,10.82,10.21,4814424.0,50223077.0,-3.594,-0.39
600273,嘉化能源,6.7,6.69,6.7,6.72,6.69,6.83,6.67,22570662.0,152364399.0,-0.298,-0.02
600276,恒瑞医药,54.93,54.93,54.94,55.57,55.99,55.99,53.76,96439027.0,5269033286.0,-1.152,-0.64
600278,东方创业,6.03,6.03,6.04,6.07,6.07,6.09,5.95,6303100.0,37906111.0,-0.659,-0.04
600279,重庆港,4.04,4.04,4.05,4.13,4.13,4.16,4.01,12145654.0,49256672.0,-2.179,-0.09
600280,中央商场,2.57,2.57,2.58,2.79,2.7,2.74,2.51,97619098.0,248255441.0,-7.885,-0.22
600281,华阳新材,3.74,3.73,3.74,3.71,3.71,3.75,3.51,12414230.0,45244581.0,0.809,0.03
600282,南钢股份,4.7,4.7,4.72,4.73,4.72,4.86,4.69,49378640.0,236197480.0,-0.634,-0.03
600283,钱江水利,7.65,7.65,7.66,7.7,7.71,7.71,7.56,2562425.0,19556081.0,-0.649,-0.05
600284,浦东建设,4.89,4.88,4.89,4.92,4.9,4.96,4.8,19350487.0,94387876.0,-0.61,-0.03
600285,羚锐制药,22.41,22.4,22.41,22.8,22.69,22.98,22.36,13282304.0,300782898.0,-1.711,-0.39
600287,苏豪时尚,4.16,4.15,4.16,4.3,4.3,4.31,4.08,6489501.0,27028123.0,-3.256,-0.14
600288,大恒科技,10.29,10.29,10.3,11.27,10.2,10.72,10.14,106073987.0,1092069095.0,-8.696,-0.98
600289,ST信通,4.25,4.24,4.25,4.4,4.4,4.48,4.0,5666600.0,23962260.0,-3.409,-0.15
600292,电投水电,12.41,12.41,12.42,12.68,12.6,12.64,12.15,18523321.0,229071076.0,-2.129,-0.27
600293,三峡新材,2.58,2.58,2.59,2.58,2.57,2.6,2.39,60698999.0,151568216.0,0.0,0.0
600295,鄂尔多斯,12.68,12.68,12.69,12.96,12.95,13.21,12.52,16746200.0,215580563.0,-2.16,-0.28
600298,安琪酵母,39.51,39.5,39.51,38.85,38.63,40.0,38.47,18904880.0,746051105.0,1.699,0.66
600299,安迪苏,7.97,7.97,7.98,8.06,8.03,8.3,7.92,63047446.0,508715524.0,-1.117,-0.09
600300,维维股份,3.08,3.07,3.08,3.12,3.12,3.14,3.06,30112121.0,93209444.0,-1.282,-0.04
600301,华锡有色,39.72,39.71,39.72,36.79,37.09,39.88,35.4,17194974.0,657244239.0,7.964,2.93
600302,ST标准,5.1,0.0,5.1,5.67,5.48,5.55,5.1,10779000.0,55781166.0,-10.053,-0.57
600303,曙光股份,2.36,2.36,2.37,2.42,2.41,2.41,2.25,36342701.0,84543945.0,-2.479,-0.06
600305,恒顺醋业,6.7,6.7,6.71,6.79,6.8,6.92,6.68,14059829.0,95654176.0,-1.325,-0.09
600307,酒钢宏兴,1.4,1.4,1.41,1.4,1.41,1.44,1.39,61495100.0,86505714.0,0.0,0.0
600308,华泰股份,3.12,3.11,3.12,3.15,3.15,3.16,3.1,13609620.0,42554550.0,-0.952,-0.03
600309,万华化学,71.75,71.74,71.75,71.99,72.0,73.0,70.88,51952211.0,3731768424.0,-0.333,-0.24
600310,广西能源,4.44,4.43,4.44,4.83,4.65,4.69,4.35,158113561.0,705115717.0,-8.075,-0.39
600312,平高电气,18.6,18.6,18.61,18.52,18.34,18.8,18.0,32056232.0,590280117.0,0.432,0.08
600313,农发种业,5.32,5.32,5.33,5.37,5.34,5.37,5.26,21295504.0,113000199.0,-0.931,-0.05
600315,上海家化,17.87,17.87,17.88,17.9,17.86,18.31,17.75,6392530.0,115567734.0,-0.168,-0.03
600316,洪都航空,25.88,25.88,25.89,26.5,26.67,26.96,25.5,13654900.0,357443258.0,-2.34,-0.62
600318,新力金融,6.19,6.19,6.2,6.13,6.08,6.21,6.07,17633890.0,108492188.0,0.979,0.06
600319,亚星化学,5.22,5.21,5.22,5.29,5.27,5.32,4.87,9411531.0,47822469.0,-1.323,-0.07
600320,振华重工,4.13,4.12,4.13,4.08,4.07,4.17,4.07,50866953.0,210209504.0,1.225,0.05
600322,津投城开,2.43,2.42,2.43,2.46,2.45,2.46,2.35,32853202.0,78806271.0,-1.22,-0.03
600323,瀚蓝环境,30.19,30.19,30.3,30.6,30.8,31.3,30.07,9726349.0,297575739.0,-1.34,-0.41
600325,华发股份,2.37,2.37,2.38,2.42,2.41,2.44,2.36,65742834.0,157347277.0,-2.066,-0.05
600326,西藏天路,6.23,6.22,6.23,6.21,6.2,6.26,6.1,27797223.0,172006293.0,0.322,0.02
600327,大东方,3.43,3.43,3.44,3.53,3.53,3.54,3.41,16204800.0,56002920.0,-2.833,-0.1
600328,中盐化工,6.08,6.07,6.08,6.16,6.14,6.22,6.06,20397305.0,125181553.0,-1.299,-0.08
600329,达仁堂,38.11,38.11,38.13,38.86,38.66,39.39,38.03,5671663.0,219725380.0,-1.93,-0.75
600330,天通股份,19.13,19.13,0.0,17.39,17.89,19.13,15.68,100553615.0,1757421598.0,10.006,1.74
600331,宏达股份,11.5,11.5,11.51,10.72,10.78,11.54,10.72,78912598.0,886983774.0,7.276,0.78
600332,白云山,22.08,22.08,22.09,22.39,22.28,22.72,22.02,19388746.0,433518720.0,-1.385,-0.31
600333,长春燃气,5.37,5.37,5.38,5.46,5.46,5.47,5.24,17750151.0,94758053.0,-1.648,-0.09
600335,国机汽车,5.06,5.06,5.07,5.13,5.12,5.22,5.04,14654800.0,75333476.0,-1.365,-0.07
600336,澳柯玛,5.57,5.57,5.58,5.6,5.58,5.61,5.38,12603379.0,69256857.0,-0.536,-0.03
600337,ST美克,3.18,3.17,3.18,3.46,3.4,3.44,3.11,52734620.0,168243417.0,-8.092,-0.28
600338,西藏珠峰,12.14,12.13,12.14,11.18,11.19,12.24,11.05,74695436.0,869186323.0,8.587,0.96
600339,中油工程,3.29,3.29,3.3,3.33,3.26,3.33,3.23,89619301.0,294128912.0,-1.201,-0.04
600340,*ST华幸,1.06,1.06,1.07,1.09,1.09,1.09,1.04,55466339.0,58758059.0,-2.752,-0.03
600343,航天动力,17.4,17.4,17.41,17.32,16.9,17.95,15.71,52559287.0,895237807.0,0.462,0.08
600345,长江通信,47.35,47.35,47.36,46.3,45.8,47.67,41.67,19381201.0,865430957.0,2.268,1.05
600346,恒力石化,15.64,15.64,15.65,15.48,15.35,15.94,15.28,60744734.0,946438952.0,1.034,0.16
600348,华阳股份,8.49,8.49,8.5,8.59,8.43,8.72,8.42,34707400.0,297012195.0,-1.164,-0.1
600350,山东高速,11.94,11.93,11.94,12.48,12.13,12.42,11.81,18359214.0,221343153.0,-4.327,-0.54
600351,亚宝药业,6.5,6.5,6.51,6.59,6.6,6.6,6.4,24164200.0,156909504.0,-1.366,-0.09
600352,浙江龙盛,13.2,13.2,13.21,13.11,13.1,13.76,12.99,117043400.0,1561857778.0,0.686,0.09
600353,旭光电子,28.62,28.62,28.63,27.09,27.3,29.0,24.38,74200417.0,1967089161.0,5.648,1.53
600354,敦煌种业,5.37,5.37,5.38,5.48,5.44,5.52,5.27,30893444.0,166432508.0,-2.007,-0.11
600356,恒丰纸业,7.46,7.45,7.46,7.61,7.65,7.66,7.38,6995500.0,52394602.0,-1.971,-0.15
600358,国旅联合,4.89,4.89,4.9,4.95,4.95,5.01,4.82,5197600.0,25474982.0,-1.212,-0.06
600359,新农开发,5.58,5.58,5.59,5.66,5.63,5.65,5.39,8762601.0,48199643.0,-1.413,-0.08
600360,华微电子,11.01,11.01,11.02,10.43,10.5,11.18,9.45,138483666.0,1441921863.0,5.561,0.58
600361,创新新材,3.57,3.57,3.58,3.53,3.53,3.6,3.52,58035390.0,207071512.0,1.133,0.04
600362,江西铜业,40.8,40.79,40.8,38.62,39.2,40.88,38.8,58557975.0,2326575946.0,5.645,2.18
600363,联创光电,26.1,26.09,26.1,25.63,25.75,26.26,24.73,17212367.0,442412748.0,1.834,0.47
600365,ST通葡,2.51,2.5,2.51,2.51,2.52,2.52,2.41,3188600.0,7852263.0,0.0,0.0
600366,宁波韵升,10.92,10.91,10.92,10.6,10.71,11.0,10.0,73146562.0,776376686.0,3.019,0.32
600367,红星发展,31.27,31.27,31.28,29.59,29.59,31.5,26.63,42361746.0,1222358560.0,5.678,1.68
600368,五洲交通,3.72,3.71,3.72,3.78,3.78,3.81,3.7,21904359.0,82171287.0,-1.587,-0.06
600369,西南证券,4.12,4.12,4.13,4.13,4.11,4.22,4.1,72030680.0,299815993.0,-0.242,-0.01
600370,*ST三房,1.63,1.62,1.63,1.68,1.69,1.7,1.51,51845711.0,82074774.0,-2.976,-0.05
600371,万向德农,6.32,6.32,6.33,6.44,6.45,6.49,6.16,6713750.0,42241413.0,-1.863,-0.12
600372,中航机载,11.28,11.27,11.28,11.07,11.07,11.3,11.07,34487219.0,387110925.0,1.897,0.21
600373,中文传媒,7.3,7.3,7.31,7.29,7.3,7.51,7.27,21339265.0,158310602.0,0.137,0.01
600375,汉马科技,3.76,3.76,3.77,3.81,3.82,3.82,3.71,24604834.0,92339897.0,-1.312,-0.05
600376,首开股份,3.2,3.19,3.2,3.16,3.15,3.2,2.98,80841368.0,251559147.0,1.266,0.04
600377,宁沪高速,12.06,12.06,12.07,12.18,12.19,12.47,12.0,22151571.0,270587096.0,-0.985,-0.12
600378,昊华科技,44.98,44.98,44.99,42.19,42.2,45.09,38.56,76717882.0,3232378648.0,6.613,2.79
600379,宝光股份,10.23,10.23,10.24,10.08,10.17,10.3,9.21,20022280.0,197510644.0,1.488,0.15
600380,健康元,10.36,10.35,10.36,10.48,10.46,10.6,10.3,19555560.0,203786820.0,-1.145,-0.12
600381,*ST春天,3.71,3.7,3.71,3.78,3.7,3.87,3.55,6833566.0,25469538.0,-1.852,-0.07
600382,广东明珠,5.72,5.72,5.73,5.62,5.62,5.73,5.29,18828622.0,103793398.0,1.779,0.1
600383,金地集团,2.19,2.19,2.2,2.22,2.21,2.23,2.16,59966532.0,131347339.0,-1.351,-0.03
600386,北巴传媒,3.1,3.1,3.11,3.17,3.17,3.19,3.0,12899426.0,40014246.0,-2.208,-0.07
600388,龙净环保,16.62,16.62,16.67,16.78,16.76,16.88,16.45,14531165.0,242125808.0,-0.954,-0.16
600389,江山股份,17.4,17.4,17.44,17.67,17.64,17.71,17.33,10057659.0,175971928.0,-1.528,-0.27
600390,五矿资本,5.0,4.99,5.0,4.94,4.92,5.08,4.91,68582756.0,343213813.0,1.215,0.06
600391,航发科技,26.45,26.45,26.46,26.43,26.6,26.75,25.24,12085277.0,316610902.0,0.076,0.02
600392,盛和资源,21.43,21.43,21.44,19.81,20.1,21.64,19.6,111662131.0,2303989672.0,8.178,1.62
600395,盘江股份,4.64,4.63,4.64,4.75,4.73,4.75,4.62,43139050.0,201464718.0,-2.316,-0.11
600396,华电辽能,13.56,13.56,13.57,12.82,12.98,13.99,11.8,332667893.0,4244638748.0,5.772,0.74
600397,江钨装备,15.05,15.05,15.06,14.1,14.25,15.21,12.69,100729593.0,1393127360.0,6.738,0.95
600398,海澜之家,5.95,5.95,5.96,5.99,5.98,6.18,5.94,59231994.0,359715400.0,-0.668,-0.04
600399,抚顺特钢,3.85,3.84,3.85,3.81,3.82,3.89,3.75,41426048.0,158491232.0,1.05,0.04
600400,红豆股份,2.47,2.47,2.48,2.47,2.49,2.49,2.22,84421645.0,198918937.0,0.0,0.0
600403,大有能源,5.18,5.18,5.19,5.28,5.45,5.55,4.8,122332377.0,625414440.0,-1.894,-0.1
600405,动力源,3.86,3.86,3.87,3.96,3.94,3.96,3.7,15553839.0,59267053.0,-2.525,-0.1
600406,国电南瑞,23.8,23.79,23.8,23.56,23.6,23.93,23.23,134540206.0,3181526221.0,1.019,0.24
600408,安泰集团,2.43,2.42,2.43,2.54,2.49,2.49,2.32,71595601.0,170917947.0,-4.331,-0.11
600409,三友化工,5.92,5.91,5.92,5.75,5.78,6.04,5.74,48429897.0,287151233.0,2.957,0.17
600410,华胜天成,13.38,13.37,13.38,13.01,13.01,13.39,11.95,75952970.0,975583061.0,2.844,0.37
600415,小商品城,11.59,11.59,11.6,10.86,11.06,11.88,11.02,183735687.0,2127023285.0,6.722,0.73
600416,湘电股份,8.65,8.65,8.66,8.59,8.57,8.81,8.5,27257748.0,236041874.0,0.698,0.06
600418,江淮汽车,20.8,20.79,20.8,21.05,20.76,21.35,20.38,70689368.0,1467584447.0,-1.188,-0.25
600419,天润乳业,7.72,7.72,7.73,7.89,7.85,7.86,7.65,9032360.0,69839254.0,-2.155,-0.17
600420,国药现代,8.71,8.71,8.73,8.9,8.89,9.01,8.7,14679538.0,129392357.0,-2.135,-0.19
600422,昆药集团,8.78,8.78,8.79,9.15,9.14,9.18,8.78,16186569.0,144629837.0,-4.044,-0.37
600423,*ST柳化,2.45,2.45,2.46,2.48,2.41,2.48,2.37,5579300.0,13482357.0,-1.21,-0.03
600425,青松建化,3.36,3.35,3.36,3.38,3.38,3.42,3.34,18484885.0,62400584.0,-0.592,-0.02
600426,华鲁恒升,20.38,20.38,20.39,20.38,20.18,20.68,19.83,66593479.0,1351530327.0,0.0,0.0
600428,中远海特,10.9,10.89,10.9,11.17,11.01,11.11,10.55,117823660.0,1272586240.0,-2.417,-0.27
600429,三元股份,4.09,4.08,4.09,4.2,4.2,4.2,4.06,19866400.0,81577537.0,-2.619,-0.11
600433,冠豪高新,3.15,3.15,3.16,3.17,3.12,3.16,3.04,51001900.0,158151861.0,-0.631,-0.02
600435,北方导航,10.01,10.0,10.01,9.86,9.87,10.03,9.82,18169595.0,180637339.0,1.521,0.15
600436,片仔癀,145.05,145.05,145.06,140.02,137.11,147.74,135.0,17578761.0,2516625213.0,3.592,5.03
600438,通威股份,10.72,10.72,10.73,10.6,10.61,10.74,10.52,54148245.0,575392276.0,1.132,0.12
600439,瑞贝卡,2.07,2.06,2.07,2.11,2.1,2.11,2.02,22707160.0,46711192.0,-1.896,-0.04
600444,国机通用,12.18,12.18,12.2,12.35,12.39,12.44,11.77,4057701.0,49085429.0,-1.377,-0.17
600446,金证股份,10.34,10.34,10.35,10.13,10.08,10.55,10.08,25115857.0,259719986.0,2.073,0.21
600448,华纺股份,2.4,2.4,2.41,2.46,2.45,2.46,2.32,21424273.0,51092832.0,-2.439,-0.06
600449,宁夏建材,11.0,11.0,11.01,11.1,11.22,11.23,10.6,8711800.0,94917456.0,-0.901,-0.1
600452,涪陵电力,9.99,9.99,10.0,10.0,10.07,10.3,9.83,92842890.0,931231454.0,-0.1,-0.01
600455,博通股份,20.53,20.52,20.53,20.7,20.7,20.92,19.67,2599900.0,52833148.0,-0.821,-0.17
600456,宝钛股份,28.22,28.22,28.23,27.75,27.39,28.22,27.39,8346913.0,233512452.0,1.694,0.47
600458,时代新材,10.73,10.72,10.73,10.2,10.27,10.73,10.02,36426642.0,380010792.0,5.196,0.53
600459,贵研铂业,18.15,18.15,18.16,17.16,17.4,18.16,16.97,30998066.0,548769581.0,5.769,0.99
600460,士兰微,32.87,32.87,0.0,29.88,30.48,32.87,27.85,134532748.0,4112902333.0,10.007,2.99
600461,洪城环境,9.26,9.26,9.28,9.37,9.33,9.5,9.24,16699926.0,156688910.0,-1.174,-0.11
600463,空港股份,7.3,7.29,7.3,7.41,7.34,7.44,7.0,5589600.0,40486795.0,-1.484,-0.11
600467,好当家,2.1,2.09,2.1,2.13,2.13,2.14,2.06,29567400.0,62013535.0,-1.408,-0.03
600468,百利电气,5.16,5.15,5.16,5.19,5.16,5.2,4.98,27244940.0,138702790.0,-0.578,-0.03
600469,风神股份,5.22,5.21,5.22,5.29,5.25,5.29,5.11,8406422.0,43597552.0,-1.323,-0.07
600470,六国化工,5.13,5.13,5.14,5.44,5.29,5.32,4.9,39489116.0,199110307.0,-5.699,-0.31
600475,华光环能,12.88,12.88,12.89,12.69,12.82,13.0,12.2,11706712.0,148000281.0,1.497,0.19
600476,*ST湘邮,7.76,7.75,7.76,7.9,7.93,7.99,7.28,2752500.0,20963523.0,-1.772,-0.14
600477,杭萧钢构,2.33,2.32,2.33,2.3,2.31,2.33,2.25,37783661.0,86483664.0,1.304,0.03
600478,科力远,4.71,4.71,4.72,4.62,4.59,4.75,4.59,31952570.0,149811202.0,1.948,0.09
600479,千金药业,9.72,9.71,9.72,9.94,9.89,9.94,9.63,9038600.0,87986705.0,-2.213,-0.22
600480,凌云股份,8.32,8.31,8.32,8.23,8.21,8.38,8.2,17988753.0,149295245.0,1.094,0.09
600481,双良节能,3.77,3.76,3.77,3.73,3.68,3.78,3.55,62521496.0,229807375.0,1.072,0.04
600482,中国动力,28.84,28.84,28.85,28.68,29.2,29.2,28.21,26559537.0,765261051.0,0.558,0.16
600483,福能股份,11.14,11.14,11.15,11.4,11.2,11.3,11.01,26046397.0,290366559.0,-2.281,-0.26
600486,扬农化工,54.58,54.58,54.6,54.9,54.95,55.8,53.5,8329040.0,454803998.0,-0.583,-0.32
600487,亨通光电,59.96,59.96,59.97,56.56,57.0,60.26,50.9,335881880.0,18720185558.0,6.011,3.4
600488,津药药业,5.06,5.06,5.07,5.23,5.0,5.17,4.71,143266526.0,699235829.0,-3.25,-0.17
600489,中金黄金,20.78,20.77,20.78,19.53,19.83,20.85,19.75,110257123.0,2236722832.0,6.4,1.25
600490,鹏欣资源,6.11,6.1,6.11,5.84,5.89,6.14,5.82,53281832.0,319717680.0,4.623,0.27
600491,ST龙元,1.23,1.22,1.23,1.23,1.22,1.26,1.15,100895001.0,122281640.0,0.0,0.0
600493,凤竹纺织,5.19,5.19,5.2,5.42,5.47,5.47,4.88,15464674.0,79423949.0,-4.244,-0.23
600495,晋西车轴,3.71,3.71,3.72,3.71,3.71,3.75,3.64,11558161.0,42752136.0,0.0,0.0
600496,精工钢构,3.19,3.19,3.2,3.21,3.21,3.23,3.16,32759206.0,104579382.0,-0.623,-0.02
600497,驰宏锌锗,9.21,9.2,9.21,8.47,8.55,9.24,8.23,209363302.0,1837981640.0,8.737,0.74
600498,烽火通信,39.06,39.05,39.06,36.5,36.99,39.11,32.85,121153246.0,4388033688.0,7.014,2.56
600499,科达制造,14.86,14.85,14.86,14.52,14.46,15.09,14.46,26189938.0,389067722.0,2.342,0.34
600500,中化国际,4.94,4.94,4.95,4.65,4.65,4.99,4.34,142106832.0,667012160.0,6.237,0.29
600501,航天晨光,13.0,13.0,13.01,12.84,12.8,13.03,12.0,11551596.0,145438857.0,1.246,0.16
600502,安徽建工,4.57,4.56,4.57,4.62,4.59,4.66,4.56,36895846.0,170034134.0,-1.082,-0.05
600503,华丽家族,1.95,1.95,1.96,2.0,2.0,2.0,1.91,43498084.0,84582347.0,-2.5,-0.05
600505,西昌电力,11.58,11.58,11.59,12.37,12.01,12.09,11.16,26741751.0,308784665.0,-6.386,-0.79
600506,统一股份,13.28,13.28,13.3,13.39,13.25,13.38,12.55,8495240.0,110429421.0,-0.822,-0.11
600507,方大特钢,4.29,4.29,4.3,4.43,4.4,4.45,4.28,36307412.0,158250301.0,-3.16,-0.14
600508,上海能源,8.45,8.44,8.45,8.55,8.51,8.56,8.33,12420368.0,104591042.0,-1.17,-0.1
600509,天富能源,7.54,7.54,7.55,7.55,7.44,7.56,7.31,36825560.0,273032974.0,-0.132,-0.01
600510,黑牡丹,5.82,5.82,5.83,5.65,5.76,5.83,5.33,16116000.0,90051328.0,3.009,0.17
600511,国药股份,27.78,27.78,27.79,27.85,27.85,28.53,27.75,9417185.0,264975239.0,-0.251,-0.07
600512,腾达建设,1.93,1.93,1.94,1.96,1.96,1.97,1.9,29595301.0,57086466.0,-1.531,-0.03
600513,联环药业,15.35,15.34,15.35,16.6,16.44,16.44,14.94,32564202.0,500886401.0,-7.53,-1.25
600515,XD海南机,2.76,2.76,2.77,2.77,2.77,2.82,2.75,115831651.0,321798656.0,-0.361,-0.01
600516,方大炭素,5.18,5.17,5.18,5.04,5.0,5.18,4.97,62281249.0,318017401.0,2.778,0.14
600517,国网英大,4.9,4.9,4.91,4.86,4.87,5.01,4.86,41883824.0,207071976.0,0.823,0.04
600518,康美药业,1.34,1.34,1.35,1.37,1.37,1.37,1.33,165291658.0,222792041.0,-2.19,-0.03
600519,贵州茅台,1308.0,1307.99,1308.0,1327.5,1338.98,1344.7,1296.87,7714770.0,10174304108.0,-1.469,-19.5
600520,三佳科技,24.76,24.75,24.76,23.39,23.71,24.79,21.05,21878300.0,506381317.0,5.857,1.37
600521,华海药业,16.63,16.62,16.63,16.57,16.51,16.76,16.1,46135016.0,758202910.0,0.362,0.06
600522,中天科技,34.63,34.63,34.64,32.22,32.86,34.73,29.0,409442091.0,13037775624.0,7.48,2.41
600523,贵航股份,11.18,11.17,11.18,11.21,11.18,11.39,11.05,6207231.0,69512921.0,-0.268,-0.03
600525,ST长园,4.67,4.67,4.68,4.48,4.55,4.71,4.33,12331900.0,55925308.0,4.241,0.19
600526,菲达环保,4.29,4.28,4.29,4.33,4.33,4.35,4.26,9861400.0,42426543.0,-0.924,-0.04
600527,江南高纤,2.05,2.04,2.05,2.05,2.05,2.06,1.99,51349120.0,103610125.0,0.0,0.0
600528,中铁工业,7.08,7.08,7.09,7.15,7.11,7.24,7.07,17934813.0,128223324.0,-0.979,-0.07
600529,山东药玻,18.91,18.91,18.92,19.04,19.04,19.27,18.77,17010499.0,323969734.0,-0.683,-0.13
600530,交大昂立,4.83,4.83,4.84,4.82,4.83,4.94,4.54,10308950.0,48715464.0,0.207,0.01
600531,豫光金铅,11.44,11.44,11.45,10.87,10.93,11.45,10.62,53851060.0,598871383.0,5.244,0.57
600533,栖霞建设,1.88,1.87,1.88,1.91,1.91,1.93,1.82,18527889.0,34516413.0,-1.571,-0.03
600535,天士力,15.96,15.95,15.96,16.06,15.9,16.19,15.72,31164923.0,496457939.0,-0.623,-0.1
600536,中国软件,33.63,33.63,33.64,34.43,33.24,34.67,31.8,51743994.0,1736822818.0,-2.324,-0.8
600537,*ST亿晶,2.09,2.08,2.09,2.18,2.11,2.12,1.96,32839948.0,66759529.0,-4.128,-0.09
600538,国发股份,4.4,4.39,4.4,4.65,4.68,4.68,4.19,24600100.0,106594287.0,-5.376,-0.25
600539,狮头股份,16.12,16.12,16.13,15.19,15.04,16.18,14.6,15418110.0,238140913.0,6.122,0.93
600540,新赛股份,3.17,3.17,3.18,3.19,3.16,3.2,3.04,25983702.0,81235376.0,-0.627,-0.02
600543,*ST莫高,3.44,3.44,3.45,3.49,3.49,3.5,3.32,3391599.0,11532627.0,-1.433,-0.05
600545,卓郎智能,3.97,3.96,3.97,3.66,3.74,3.98,3.29,134024004.0,491766076.0,8.47,0.31
600546,山煤国际,12.36,12.36,12.38,12.8,12.63,12.82,12.22,32946500.0,410897790.0,-3.438,-0.44
600547,山东黄金,25.87,25.86,25.87,24.42,24.6,26.08,24.4,96524499.0,2428276746.0,5.938,1.45
600548,深高速,8.56,8.55,8.56,8.72,8.71,8.84,8.5,6757299.0,58376270.0,-1.835,-0.16
600549,厦门钨业,50.18,50.17,50.18,47.15,47.15,50.39,43.04,84218945.0,3996291527.0,6.426,3.03
600550,保变电气,10.57,10.56,10.57,10.36,10.36,10.57,10.08,47993494.0,496843440.0,2.027,0.21
600551,时代出版,6.71,6.71,6.72,6.8,6.82,6.92,6.69,5702960.0,38769485.0,-1.324,-0.09
600552,凯盛科技,16.07,16.07,0.0,14.61,14.79,16.07,13.8,88087161.0,1316311258.0,9.993,1.46
600556,天下秀,4.26,4.26,4.27,4.19,4.19,4.3,4.06,60554954.0,253931739.0,1.671,0.07
600557,康缘药业,12.75,12.74,12.75,13.02,13.0,13.13,12.65,11525427.0,148216012.0,-2.074,-0.27
600558,大西洋,4.57,4.57,4.58,4.6,4.6,4.62,4.47,13127002.0,59660584.0,-0.652,-0.03
600559,老白干酒,11.85,11.85,11.86,11.99,11.93,12.16,11.82,19199992.0,230064651.0,-1.168,-0.14
600560,金自天正,10.09,10.09,10.12,10.09,10.13,10.18,9.7,3566727.0,35559572.0,0.0,0.0
600561,江西长运,4.75,4.75,4.76,4.87,4.86,4.9,4.56,8097600.0,38144127.0,-2.464,-0.12
600562,国睿科技,24.15,24.15,24.16,24.02,23.7,24.85,23.6,18854684.0,456336656.0,0.541,0.13
600563,法拉电子,130.48,130.48,130.49,121.8,122.5,131.31,120.18,7890546.0,998414087.0,7.126,8.68
600566,济川药业,27.19,27.19,27.2,26.8,26.6,28.33,26.56,17225567.0,472877342.0,1.455,0.39
600567,山鹰国际,1.32,1.32,1.33,1.34,1.33,1.34,1.31,69160420.0,91557852.0,-1.493,-0.02
600568,ST中珠,2.21,2.2,2.21,2.2,2.19,2.24,2.13,8541921.0,18632188.0,0.455,0.01
600569,安阳钢铁,1.69,1.68,1.69,1.69,1.71,1.72,1.67,14398287.0,24345326.0,0.0,0.0
600570,恒生电子,21.48,21.48,21.49,20.64,20.7,21.85,20.69,44739942.0,957022137.0,4.07,0.84
600571,信雅达,9.9,9.9,9.91,9.66,9.59,10.05,9.59,15388749.0,151895189.0,2.484,0.24
600572,康恩贝,4.29,4.29,4.3,4.34,4.33,4.39,4.27,68714360.0,296959922.0,-1.152,-0.05
600573,惠泉啤酒,8.98,8.98,8.99,9.08,9.01,9.09,8.85,8573771.0,76877439.0,-1.101,-0.1
600575,淮河能源,3.29,3.29,3.3,3.29,3.26,3.31,3.23,73061742.0,239250850.0,0.0,0.0
600576,祥源文旅,5.58,5.57,5.58,5.6,5.62,5.65,5.48,13441000.0,74443823.0,-0.357,-0.02
600577,精达股份,7.21,7.2,7.21,7.05,7.03,7.24,6.72,87149500.0,612710293.0,2.27,0.16
600578,京能电力,6.11,6.1,6.11,5.72,5.73,6.25,5.31,326908896.0,1858395672.0,6.818,0.39
600579,中化装备,6.85,6.84,6.85,6.9,7.1,7.15,6.62,7509100.0,51457365.0,-0.725,-0.05
600580,卧龙电驱,29.52,29.52,29.53,27.95,28.19,29.6,27.77,43269976.0,1245333862.0,5.617,1.57
600581,*ST八钢,2.19,2.18,2.19,2.17,2.17,2.2,2.15,8356200.0,18144972.0,0.922,0.02
600582,天地科技,4.84,4.84,4.85,4.9,4.91,5.03,4.82,39293848.0,193568130.0,-1.224,-0.06
600583,XD海油工,5.34,5.34,5.35,5.39,5.32,5.49,5.23,66168180.0,355728603.0,-0.928,-0.05
600584,长电科技,84.69,84.69,0.0,76.99,76.7,84.69,69.29,268854169.0,20904684925.0,10.001,7.7
600585,海螺水泥,17.59,17.59,17.6,17.82,17.8,18.14,17.53,49887887.0,887507679.0,-1.291,-0.23
600586,金晶科技,3.89,3.89,3.9,3.91,3.92,3.93,3.75,18472094.0,71320961.0,-0.512,-0.02
600587,新华医疗,12.96,12.96,12.97,13.33,13.28,13.39,12.93,12103484.0,158875459.0,-2.776,-0.37
600588,用友网络,9.34,9.33,9.34,9.14,9.06,9.47,9.06,66082532.0,611424369.0,2.188,0.2
600589,大位科技,7.22,7.22,7.23,7.01,6.98,7.22,6.4,94838007.0,656865396.0,2.996,0.21
600590,泰豪科技,7.61,7.61,7.62,7.57,7.51,7.7,6.89,45757972.0,336095553.0,0.528,0.04
600592,龙溪股份,13.05,13.05,13.06,12.84,12.91,13.05,12.34,9949653.0,127257589.0,1.636,0.21
600593,大连圣亚,36.29,36.29,36.3,35.56,35.17,36.57,34.78,4946596.0,177826433.0,2.053,0.73
600594,益佰制药,3.24,3.24,3.25,3.33,3.32,3.32,3.15,26139157.0,84125795.0,-2.703,-0.09
600595,中孚实业,6.16,6.15,6.16,6.34,6.27,6.27,6.06,136902062.0,842611421.0,-2.839,-0.18
600596,新安股份,10.22,10.22,10.23,9.87,9.88,10.28,9.53,55851037.0,558010698.0,3.546,0.35
600597,光明乳业,6.71,6.71,6.72,6.83,6.83,6.95,6.69,16712500.0,114036411.0,-1.757,-0.12
600598,北大荒,11.54,11.54,11.55,11.65,11.53,11.81,11.47,24123300.0,280060522.0,-0.944,-0.11
600600,青岛啤酒,53.56,53.56,53.57,54.05,54.0,55.22,53.33,11691017.0,634135066.0,-0.907,-0.49
600601,方正科技,10.53,10.52,10.53,9.72,9.77,10.64,8.92,288813913.0,2874155762.0,8.333,0.81
600602,云赛智联,19.14,19.13,19.14,19.27,18.6,19.71,17.45,99372968.0,1869151414.0,-0.675,-0.13
600603,广汇物流,4.19,4.19,4.2,4.33,4.37,4.38,4.14,16266472.0,68586733.0,-3.233,-0.14
600604,市北高新,4.14,4.13,4.14,4.21,4.2,4.2,4.06,12536008.0,51650381.0,-1.663,-0.07
600605,汇通能源,28.35,28.35,28.5,26.11,26.2,28.35,23.62,5474874.0,137786360.0,8.579,2.24
600606,绿地控股,1.25,1.25,1.26,1.25,1.25,1.26,1.23,101401747.0,126595912.0,0.0,0.0
600609,金杯汽车,3.15,3.15,3.16,3.19,3.2,3.22,3.12,21066309.0,66660194.0,-1.254,-0.04
600610,中毅达,6.3,6.3,6.31,6.25,6.18,6.32,5.96,21579790.0,132795956.0,0.8,0.05
600611,大众交通,3.99,3.99,4.0,3.82,3.8,4.08,3.75,90849688.0,358954806.0,4.45,0.17
600612,老凤祥,35.01,35.01,35.08,35.63,35.65,36.48,35.0,3603771.0,128764518.0,-1.74,-0.62
600613,神奇制药,4.77,4.77,4.78,4.92,4.92,4.92,4.66,12844618.0,60977430.0,-3.049,-0.15
600615,鑫源智造,8.23,8.23,8.24,8.2,8.18,8.35,7.76,3444006.0,27889715.0,0.366,0.03
600616,金枫酒业,3.88,3.88,3.89,3.99,3.99,4.01,3.85,10580690.0,41337143.0,-2.757,-0.11
600617,国新能源,2.88,2.88,2.89,2.93,2.89,2.92,2.83,29335288.0,84198230.0,-1.706,-0.05
600618,氯碱化工,10.06,10.06,10.07,9.97,9.95,10.1,9.91,8933181.0,89566226.0,0.903,0.09
600619,海立股份,12.59,12.58,12.59,12.15,12.22,12.6,12.0,19538900.0,241811721.0,3.621,0.44
600620,天宸股份,3.9,3.89,3.9,4.0,3.98,4.08,3.82,10278570.0,40203137.0,-2.5,-0.1
600621,华鑫股份,13.59,13.59,13.6,13.66,13.6,13.82,13.36,14525657.0,197309058.0,-0.512,-0.07
600622,光大嘉宝,1.98,1.98,1.99,2.01,2.01,2.03,1.95,22760238.0,45085533.0,-1.493,-0.03
600623,华谊集团,8.0,8.0,8.01,7.85,7.85,8.23,7.84,26089973.0,210453229.0,1.911,0.15
600624,ST复华,3.36,3.35,3.36,3.36,3.35,3.39,3.26,4116365.0,13696998.0,0.0,0.0
600626,申达股份,3.24,3.24,3.25,3.29,3.31,3.31,3.19,14093981.0,45605989.0,-1.52,-0.05
600628,新世界,5.89,5.89,5.9,6.0,6.04,6.04,5.86,10271800.0,60861230.0,-1.833,-0.11
600629,华建集团,12.3,12.3,12.31,12.03,11.93,12.45,11.7,28488357.0,343904373.0,2.244,0.27
600630,龙头股份,6.15,6.15,6.16,6.12,6.1,6.16,5.87,18801171.0,113450697.0,0.49,0.03
600633,浙数文化,11.18,11.18,11.19,10.68,10.52,11.2,10.47,52770361.0,573765184.0,4.682,0.5
600635,大众公用,4.45,4.45,4.46,4.37,4.35,4.5,4.33,53279338.0,236598867.0,1.831,0.08
600637,东方明珠,7.83,7.83,7.84,7.68,7.65,7.83,7.62,39028570.0,302923476.0,1.953,0.15
600638,新黄浦,4.41,4.4,4.41,4.47,4.45,4.51,4.33,13647340.0,60138585.0,-1.342,-0.06
600639,浦东金桥,9.28,9.28,9.29,9.46,9.4,9.62,9.25,6713515.0,63195985.0,-1.903,-0.18
600640,国脉文化,10.3,10.29,10.3,10.22,10.11,10.4,10.08,8263396.0,84520736.0,0.783,0.08
600641,先导基电,31.83,31.83,0.0,28.94,28.3,31.83,26.05,121973470.0,3494916437.0,9.986,2.89
600642,申能股份,8.71,8.7,8.71,8.53,8.5,8.91,8.43,44817136.0,391429025.0,2.11,0.18
600643,爱建集团,3.94,3.94,3.95,3.94,3.95,3.99,3.91,15505463.0,61235222.0,0.0,0.0
600644,乐山电力,9.64,9.64,9.65,9.91,9.85,10.08,8.92,84498119.0,802310145.0,-2.725,-0.27
600645,中源协和,18.22,18.21,18.22,18.37,18.21,18.36,17.84,10070278.0,181899638.0,-0.817,-0.15
600648,外高桥,8.48,8.47,8.48,8.55,8.58,8.62,8.4,2601401.0,22088718.0,-0.819,-0.07
600649,城投控股,3.61,3.61,3.62,3.63,3.63,3.69,3.6,19811701.0,72078192.0,-0.551,-0.02
600650,锦江在线,9.83,9.83,9.85,9.94,9.93,10.08,9.77,5177300.0,51098888.0,-1.107,-0.11
600651,飞乐音响,5.25,5.25,5.26,5.16,5.17,5.31,5.09,22308300.0,116382716.0,1.744,0.09
600653,申华控股,1.56,1.55,1.56,1.57,1.57,1.58,1.51,23020470.0,35628940.0,-0.637,-0.01
600654,中安科,2.68,2.67,2.68,2.59,2.59,2.68,2.54,75779064.0,198776913.0,3.475,0.09
600655,豫园股份,4.37,4.37,4.39,4.42,4.41,4.52,4.36,21714535.0,96540746.0,-1.131,-0.05
600657,信达地产,2.37,2.37,2.38,2.42,2.43,2.44,2.36,21862445.0,52305731.0,-2.066,-0.05
600658,电子城,3.68,3.68,3.69,3.74,3.73,3.75,3.53,19288260.0,70046596.0,-1.604,-0.06
600660,福耀玻璃,54.8,54.8,54.81,54.94,54.98,56.66,54.17,18047840.0,998730521.0,-0.255,-0.14
600661,昂立教育,7.63,7.63,7.65,7.66,7.64,7.71,7.48,8072834.0,61310802.0,-0.392,-0.03
600662,外服控股,4.19,4.19,4.2,4.23,4.21,4.31,4.18,19001432.0,80488855.0,-0.946,-0.04
600663,陆家嘴,6.93,6.93,6.94,6.93,6.9,7.19,6.9,17008032.0,119651103.0,0.0,0.0
600664,哈药股份,5.84,5.84,0.0,5.31,4.89,5.84,4.78,726647396.0,3818317248.0,9.981,0.53
600665,天地源,2.77,2.76,2.77,2.86,2.85,2.86,2.66,18957621.0,52129361.0,-3.147,-0.09
600666,奥瑞德,3.15,3.15,3.16,3.05,3.05,3.16,2.81,148151870.0,446876961.0,3.279,0.1
600667,太极实业,16.69,16.69,0.0,15.17,15.27,16.69,13.65,368533647.0,5580862849.0,10.02,1.52
600668,尖峰集团,7.01,7.0,7.01,7.12,7.12,7.14,6.96,7343532.0,51533745.0,-1.545,-0.11
600671,天目药业,20.4,20.4,20.45,20.13,19.9,20.5,18.87,7188000.0,142939367.0,1.341,0.27
600673,东阳光,30.41,30.4,30.41,29.49,29.41,31.0,26.54,85349459.0,2420412853.0,3.12,0.92
600674,川投能源,16.15,16.14,16.15,16.18,16.2,16.49,15.98,65477121.0,1060559537.0,-0.185,-0.03
600675,中华企业,2.15,2.15,2.16,2.18,2.18,2.21,2.14,32937159.0,71559624.0,-1.376,-0.03
600676,交运股份,6.3,6.3,6.31,6.25,6.27,6.34,5.86,14671641.0,89404655.0,0.8,0.05
600678,ST金顶,5.03,5.02,5.03,5.22,5.13,5.16,4.72,16443850.0,81202297.0,-3.64,-0.19
600679,上海凤凰,9.01,9.0,9.02,9.18,9.19,9.26,8.94,3392000.0,30615777.0,-1.852,-0.17
600681,百川能源,3.35,3.35,3.36,3.42,3.42,3.43,3.34,21095400.0,71233025.0,-2.047,-0.07
600682,南京新百,5.43,5.42,5.43,5.55,5.52,5.54,5.37,17923479.0,97262325.0,-2.162,-0.12
600683,京投发展,7.8,7.79,7.8,7.55,7.7,7.86,6.8,29511900.0,215912034.0,3.311,0.25
600684,珠江股份,3.11,3.11,3.12,3.15,3.15,3.17,3.02,22844604.0,70592961.0,-1.27,-0.04
600685,中船防务,25.31,25.31,25.32,24.97,25.05,25.46,25.02,12861297.0,324790802.0,1.362,0.34
600686,金龙汽车,10.55,10.54,10.55,10.43,10.4,10.63,10.32,20939069.0,219945141.0,1.151,0.12
600688,上海石化,2.76,2.76,2.77,2.79,2.76,2.78,2.74,95347615.0,262766714.0,-1.075,-0.03
600689,上海三毛,9.1,9.1,9.11,9.26,9.26,9.35,8.68,4316699.0,38836499.0,-1.728,-0.16
600690,海尔智家,21.85,21.84,21.85,21.46,21.45,22.32,21.35,94521945.0,2074448868.0,1.817,0.39
600691,潞化科技,2.27,2.27,2.28,2.35,2.32,2.33,2.22,42227152.0,95521700.0,-3.404,-0.08
600692,亚通股份,5.27,5.27,5.28,5.36,5.38,5.4,5.08,9272500.0,48588711.0,-1.679,-0.09
600693,东百集团,7.7,7.69,7.7,7.66,7.6,7.7,7.16,47565300.0,352628953.0,0.522,0.04
600694,大商股份,14.3,14.29,14.3,14.58,14.58,14.73,14.22,5868555.0,84899950.0,-1.92,-0.28
600697,欧亚集团,9.47,9.47,9.48,9.73,9.66,9.73,9.28,6528400.0,61798773.0,-2.672,-0.26
600698,湖南天雁,5.66,5.66,5.67,5.68,5.62,5.68,5.45,10003643.0,55802268.0,-0.352,-0.02
600699,均胜电子,20.4,20.39,20.4,19.97,20.0,20.49,19.98,33135498.0,671565311.0,2.153,0.43
600702,舍得酒业,33.05,33.05,33.06,33.58,33.52,33.8,32.7,9186750.0,304595786.0,-1.578,-0.53
600703,三安光电,12.48,12.47,12.48,11.6,11.78,12.5,10.84,262741757.0,3087776749.0,7.586,0.88
600704,物产中大,4.97,4.97,4.98,4.93,4.93,5.06,4.92,71880247.0,359401038.0,0.811,0.04
600706,曲江文旅,6.64,6.64,6.65,6.76,6.75,6.75,6.42,9790500.0,64461508.0,-1.775,-0.12
600707,彩虹股份,9.25,9.25,9.26,8.55,8.65,9.28,7.88,180942676.0,1575780309.0,8.187,0.7
600708,光明地产,2.92,2.91,2.92,2.96,2.99,3.0,2.8,31530867.0,91179768.0,-1.351,-0.04
600710,苏美达,10.72,10.71,10.72,10.73,10.65,10.93,10.64,14119351.0,152213774.0,-0.093,-0.01
600711,盛屯矿业,9.7,9.7,9.71,9.1,9.2,9.73,9.07,119273274.0,1124842409.0,6.593,0.6
600712,南宁百货,4.44,4.44,4.45,4.56,4.53,4.55,4.3,9871651.0,43712641.0,-2.632,-0.12
600713,南京医药,5.01,5.0,5.01,5.14,5.11,5.13,4.99,22535376.0,113372039.0,-2.529,-0.13
600714,金瑞矿业,13.18,13.18,13.19,12.58,12.46,13.2,11.32,20960601.0,256319530.0,4.769,0.6
600715,文投控股,1.47,1.47,1.48,1.48,1.48,1.5,1.43,29208700.0,42663505.0,-0.676,-0.01
600716,凤凰股份,3.03,3.02,3.03,3.16,3.15,3.16,2.93,14757942.0,44550567.0,-4.114,-0.13
600717,天津港,4.27,4.27,4.28,4.28,4.29,4.35,4.26,33413993.0,143962399.0,-0.234,-0.01
600718,东软集团,8.0,8.0,8.01,7.9,7.85,8.08,7.84,20148642.0,161293662.0,1.266,0.1
600719,大连热电,6.86,6.86,6.87,7.35,7.22,7.23,6.62,30106240.0,203536248.0,-6.667,-0.49
600720,XD中交设,5.1,5.1,5.11,5.23,5.23,5.28,5.06,17204514.0,88748614.0,-2.486,-0.13
600721,百花医药,6.86,6.86,6.87,7.26,7.14,7.17,6.53,34486989.0,234495294.0,-5.51,-0.4
600722,金牛化工,9.01,9.01,9.02,9.38,9.56,9.56,8.44,127999910.0,1120406359.0,-3.945,-0.37
600724,宁波富达,4.68,4.67,4.68,4.75,4.77,4.77,4.48,16686300.0,77291101.0,-1.474,-0.07
600725,云维股份,3.08,3.07,3.08,3.08,3.05,3.08,2.94,16051654.0,48281760.0,0.0,0.0
600726,华电能源,6.0,6.0,6.01,5.83,6.24,6.24,5.3,389645133.0,2257142630.0,2.916,0.17
600727,鲁北化工,6.86,6.86,6.87,6.86,6.82,6.87,6.61,15957300.0,107777867.0,0.0,0.0
600728,佳都科技,4.45,4.45,4.46,4.24,4.24,4.49,4.24,68132072.0,301042240.0,4.953,0.21
600729,重百集团,20.08,20.08,20.09,20.42,20.42,21.01,20.05,7814846.0,160956511.0,-1.665,-0.34
600730,*ST高科,8.0,0.0,8.0,8.89,8.42,8.6,8.0,25821931.0,209046815.0,-10.011,-0.89
600731,湖南海利,5.18,5.18,5.19,5.25,5.25,5.28,5.12,8991230.0,46645083.0,-1.333,-0.07
600732,爱旭股份,11.59,11.58,11.59,11.36,11.37,11.59,11.17,27490765.0,313543515.0,2.025,0.23
600733,北汽蓝谷,4.66,4.66,4.67,4.7,4.7,4.77,4.63,67221948.0,314795939.0,-0.851,-0.04
600734,*ST实达,1.57,1.57,1.58,1.6,1.59,1.6,1.5,43100705.0,66954728.0,-1.875,-0.03
600735,ST新华锦,5.9,5.9,5.91,5.92,5.81,5.93,5.57,7764600.0,44530234.0,-0.338,-0.02
600736,苏州高新,6.16,6.16,6.17,6.19,6.18,6.2,5.9,29425729.0,178509258.0,-0.485,-0.03
600737,中粮糖业,12.15,12.15,12.16,11.97,11.89,12.45,11.83,44392146.0,540479735.0,1.504,0.18
600738,丽尚国潮,3.7,3.69,3.7,3.79,3.8,3.81,3.66,13860659.0,51404380.0,-2.375,-0.09
600739,辽宁成大,10.99,10.99,11.0,11.0,10.93,11.16,10.82,23590946.0,259090436.0,-0.091,-0.01
600740,山西焦化,3.47,3.47,3.48,3.56,3.53,3.55,3.44,34696039.0,120765277.0,-2.528,-0.09
600741,华域汽车,17.24,17.23,17.24,17.05,17.05,17.68,16.98,38903685.0,675845751.0,1.114,0.19
600742,富维股份,7.15,7.14,7.15,7.2,7.25,7.25,7.1,7878321.0,56420777.0,-0.694,-0.05
600743,华远控股,1.96,1.95,1.96,1.98,1.99,1.99,1.88,32293500.0,62501886.0,-1.01,-0.02
600744,华银电力,7.22,7.22,0.0,6.56,7.0,7.22,6.5,369924707.0,2551519243.0,10.061,0.66
600745,*ST闻泰,17.12,17.11,17.12,17.19,17.21,17.59,15.83,67256540.0,1128728906.0,-0.407,-0.07
600746,江苏索普,6.54,6.54,6.55,6.64,6.7,6.83,6.27,53897937.0,347152405.0,-1.506,-0.1
600748,上实发展,3.42,3.42,3.43,3.44,3.43,3.47,3.3,16708033.0,56482431.0,-0.581,-0.02
600749,西藏旅游,13.42,13.42,13.43,13.53,13.67,13.68,13.2,7590300.0,101651287.0,-0.813,-0.11
600750,华润江中,25.6,25.6,25.67,25.74,25.72,26.66,25.58,8050427.0,210311368.0,-0.544,-0.14
600751,海航科技,2.9,2.9,2.91,2.83,2.83,2.91,2.81,42981255.0,123246057.0,2.473,0.07
600753,ST海钦,10.0,9.99,10.0,10.18,10.18,10.37,9.58,2247800.0,22399474.0,-1.768,-0.18
600754,锦江酒店,18.49,18.49,18.5,18.33,18.29,19.22,18.26,23232845.0,435468090.0,0.873,0.16
600755,厦门国贸,5.83,5.83,5.84,5.79,5.79,5.92,5.77,28353556.0,165461981.0,0.691,0.04
600756,浪潮软件,14.78,14.78,14.79,14.05,14.05,14.88,13.77,44114167.0,636560076.0,5.196,0.73
600757,长江传媒,7.71,7.71,7.75,7.84,7.84,8.0,7.69,15824700.0,124499840.0,-1.658,-0.13
600758,辽宁能源,3.12,3.12,3.13,3.3,3.28,3.28,3.02,105701152.0,328139811.0,-5.455,-0.18
600759,ST洲际,2.54,2.54,2.55,2.76,2.6,2.66,2.49,313277804.0,800154431.0,-7.971,-0.22
600760,中航沈飞,42.12,42.12,42.13,41.99,42.56,42.98,41.8,25559277.0,1084877812.0,0.31,0.13
600761,安徽合力,17.16,17.15,17.16,16.94,16.9,17.63,16.86,18461893.0,319953772.0,1.299,0.22
600763,通策医疗,35.49,35.49,35.5,36.0,35.7,36.16,35.1,10552897.0,374939344.0,-1.417,-0.51
600764,中国海防,17.55,17.55,17.56,17.34,17.36,17.7,17.34,6199849.0,108785172.0,1.211,0.21
600765,中航重机,13.15,13.15,13.16,12.94,12.95,13.3,12.9,23924599.0,314017630.0,1.623,0.21
600768,宁波富邦,12.67,12.65,12.67,12.62,12.8,12.81,11.86,6220191.0,77045930.0,0.396,0.05
600769,祥龙电业,13.5,13.49,13.5,13.21,13.21,13.6,11.89,25187500.0,323027836.0,2.195,0.29
600770,综艺股份,4.96,4.96,4.97,4.91,4.86,4.99,4.43,58395631.0,276948217.0,1.018,0.05
600771,广誉远,14.79,14.79,14.8,15.09,15.02,15.25,14.76,12753953.0,191209942.0,-1.988,-0.3
600773,西藏城投,10.16,10.15,10.16,9.97,9.96,10.17,9.3,39374900.0,385347725.0,1.906,0.19
600774,汉商集团,6.15,6.14,6.15,6.35,6.32,6.39,5.84,10248286.0,62395442.0,-3.15,-0.2
600775,南京熊猫,8.55,8.54,8.55,8.37,8.36,8.55,7.99,16788903.0,139558438.0,2.151,0.18
600776,东方通信,11.79,11.79,11.8,11.49,11.47,11.8,11.16,18551051.0,214962095.0,2.611,0.3
600777,新潮能源,4.0,3.99,4.0,4.16,4.12,4.12,3.92,35389460.0,141456657.0,-3.846,-0.16
600778,友好集团,4.76,4.76,4.77,4.87,4.82,4.9,4.61,11487000.0,54408349.0,-2.259,-0.11
600779,水井坊,27.15,27.14,27.15,27.55,27.56,27.88,26.83,4301594.0,117304513.0,-1.452,-0.4
600780,通宝能源,6.18,6.17,6.18,6.26,6.2,6.21,6.07,20439036.0,125279167.0,-1.278,-0.08
600782,新钢股份,2.81,2.81,2.82,2.85,2.84,2.9,2.8,67420200.0,192159909.0,-1.404,-0.04
600783,鲁信创投,14.54,14.54,14.55,14.45,14.5,14.78,13.66,20734076.0,297384078.0,0.623,0.09
600784,鲁银投资,6.73,6.73,6.74,6.81,6.81,6.92,6.4,17142900.0,114471626.0,-1.175,-0.08
600785,新华百货,7.95,7.94,7.95,8.05,7.99,8.07,7.46,30871667.0,239624577.0,-1.242,-0.1
600787,中储股份,4.56,4.56,4.57,4.63,4.64,4.68,4.55,28063288.0,129616062.0,-1.512,-0.07
600789,鲁抗医药,7.22,7.21,7.22,7.3,7.26,7.33,7.14,24570435.0,177315868.0,-1.096,-0.08
600790,轻纺城,3.11,3.1,3.11,3.14,3.14,3.15,3.05,18277161.0,56586507.0,-0.955,-0.03
600791,京能置业,6.36,6.35,6.36,6.24,6.1,6.4,5.62,25066090.0,150750850.0,1.923,0.12
600792,云煤能源,3.26,3.26,3.27,3.35,3.35,3.36,3.16,27994772.0,90425598.0,-2.687,-0.09
600793,宜宾纸业,12.6,12.6,12.62,12.66,12.66,12.69,11.97,9172800.0,113513691.0,-0.474,-0.06
600794,保税科技,3.02,3.02,3.03,3.03,3.04,3.05,2.97,14169801.0,42671456.0,-0.33,-0.01
600795,国电电力,4.85,4.85,4.86,4.88,4.88,4.93,4.8,193773006.0,941109737.0,-0.615,-0.03
600796,钱江生化,4.75,4.74,4.75,4.86,4.86,4.86,4.7,8569700.0,40839993.0,-2.263,-0.11
600797,浙大网新,6.81,6.81,6.82,6.85,6.91,6.97,6.65,94687901.0,643121903.0,-0.584,-0.04
600798,宁波海运,3.07,3.06,3.07,3.07,3.08,3.09,3.01,14974000.0,45739372.0,0.0,0.0
600800,渤海化学,2.86,2.86,2.87,2.89,2.86,2.88,2.68,33109240.0,92642267.0,-1.038,-0.03
600801,华新建材,20.6,20.59,20.6,21.0,20.51,20.79,19.99,24054860.0,491670172.0,-1.905,-0.4
600802,福建水泥,3.9,3.9,3.91,3.97,3.98,4.0,3.65,13111920.0,49903486.0,-1.763,-0.07
600803,新奥股份,16.98,16.96,16.98,16.93,16.88,17.44,16.71,13332250.0,227533125.0,0.295,0.05
600805,悦达投资,4.12,4.11,4.12,4.24,4.22,4.24,4.1,10038156.0,41674782.0,-2.83,-0.12
600807,济高发展,2.3,2.29,2.3,2.31,2.32,2.33,2.22,17529769.0,39677584.0,-0.433,-0.01
600808,马钢股份,2.5,2.5,2.51,2.5,2.5,2.63,2.49,100436500.0,255610905.0,0.0,0.0
600809,山西汾酒,121.09,121.08,121.09,122.43,122.77,125.23,120.44,16639007.0,2034161778.0,-1.095,-1.34
600810,神马股份,6.09,6.09,6.1,6.05,6.01,6.12,5.94,14707431.0,88867071.0,0.661,0.04
600812,华北制药,4.8,4.8,4.81,4.86,4.9,4.93,4.76,27893350.0,134779458.0,-1.235,-0.06
600814,杭州解百,6.36,6.35,6.36,6.48,6.52,6.53,6.32,7594400.0,48622104.0,-1.852,-0.12
600815,厦工股份,2.42,2.41,2.42,2.39,2.42,2.46,2.23,53122800.0,124156422.0,1.255,0.03
600816,建元信托,2.5,2.5,2.51,2.42,2.42,2.55,2.42,121223422.0,302478859.0,3.306,0.08
600817,宇通重工,8.99,8.99,9.0,9.13,9.1,9.23,8.96,3648000.0,33135112.0,-1.533,-0.14
600818,ST中路,5.66,5.65,5.66,5.71,5.71,5.72,5.53,4808700.0,26881889.0,-0.876,-0.05
600819,耀皮玻璃,4.92,4.91,4.92,4.86,4.83,4.93,4.68,10895905.0,52575113.0,1.235,0.06
600820,隧道股份,5.57,5.57,5.58,5.57,5.57,5.74,5.56,31579939.0,178497662.0,0.0,0.0
600821,金开新能,6.73,6.72,6.73,6.24,6.52,6.8,6.24,258228146.0,1675494650.0,7.853,0.49
600822,上海物贸,7.99,7.98,7.99,8.11,8.11,8.19,7.96,3910399.0,31475390.0,-1.48,-0.12
600824,益民集团,3.39,3.39,3.4,3.44,3.45,3.47,3.37,11210810.0,38213783.0,-1.453,-0.05
600825,新华传媒,4.85,4.84,4.85,4.75,4.79,4.9,4.67,21095425.0,100693393.0,2.105,0.1
600826,兰生股份,7.72,7.72,7.73,7.74,7.78,7.88,7.45,10431469.0,79291858.0,-0.258,-0.02
600827,百联股份,7.67,7.67,7.68,7.78,7.75,7.85,7.65,17343025.0,134319409.0,-1.414,-0.11
600828,茂业商业,3.45,3.44,3.45,3.51,3.48,3.53,3.35,20553312.0,70467715.0,-1.709,-0.06
600829,人民同泰,9.01,9.01,9.02,8.75,8.52,9.03,8.43,34117051.0,297084514.0,2.971,0.26
600830,香溢融通,7.87,7.86,7.87,7.89,7.89,7.97,7.77,4969300.0,39009155.0,-0.253,-0.02
600831,广电网络,2.8,2.8,2.81,2.91,2.86,2.91,2.7,15065849.0,41905227.0,-3.78,-0.11
600833,第一医药,9.48,9.47,9.48,9.67,9.62,9.66,9.22,5596000.0,52676547.0,-1.965,-0.19
600834,申通地铁,6.9,6.89,6.9,7.0,7.0,7.03,6.85,2010963.0,13897967.0,-1.429,-0.1
600835,上海机电,18.77,18.77,18.81,18.41,18.44,19.1,18.32,7591378.0,142029712.0,1.955,0.36
600838,上海九百,6.76,6.76,6.77,6.89,6.9,6.91,6.6,10551000.0,71111297.0,-1.887,-0.13
600839,四川长虹,6.99,6.99,7.0,6.97,6.94,7.04,6.76,115031975.0,795294280.0,0.287,0.02
600841,动力新科,5.43,5.43,5.44,5.42,5.42,5.51,5.22,17674450.0,95320776.0,0.185,0.01
600843,上工申贝,6.34,6.33,6.34,6.23,6.19,6.37,5.96,10475117.0,64915921.0,1.766,0.11
600844,金煤科技,2.69,2.69,2.7,2.92,2.78,2.79,2.63,92115560.0,245297037.0,-7.877,-0.23
600845,宝信软件,19.02,19.02,19.03,18.72,18.66,19.15,18.51,22024865.0,417284431.0,1.603,0.3
600846,同济科技,11.78,11.78,0.0,10.71,10.65,11.78,10.57,9028656.0,100876393.0,9.991,1.07
600847,万里股份,10.59,10.58,10.59,10.47,10.54,10.73,9.66,3747000.0,38372144.0,1.146,0.12
600848,上海临港,8.09,8.09,8.1,8.26,8.21,8.46,8.09,15193680.0,125661484.0,-2.058,-0.17
600850,电科数字,14.62,14.61,14.62,14.25,14.17,14.68,14.11,12582704.0,182727662.0,2.596,0.37
600851,海欣股份,7.96,7.96,7.97,7.76,7.77,7.96,7.4,19406459.0,149275938.0,2.577,0.2
600853,XD龙建股,3.08,3.08,3.09,3.12,3.14,3.16,3.05,14236696.0,44002213.0,-1.282,-0.04
600854,春兰股份,4.04,4.03,4.04,4.11,4.12,4.12,3.94,12109101.0,48584212.0,-1.703,-0.07
600855,航天长峰,11.3,11.29,11.3,11.24,11.23,11.35,10.56,10652801.0,117465319.0,0.534,0.06
600857,宁波中百,17.26,17.26,17.29,17.2,16.33,17.56,15.48,18321506.0,297528886.0,0.349,0.06
600858,银座股份,4.51,4.51,4.52,4.65,4.65,4.69,4.47,10624399.0,48280360.0,-3.011,-0.14
600859,王府井,9.78,9.78,9.79,9.9,9.89,10.04,9.76,20452759.0,201989294.0,-1.212,-0.12
600860,京城股份,7.48,7.48,7.49,7.39,7.41,7.55,7.17,7785058.0,57453445.0,1.218,0.09
600861,北京人力,12.85,12.85,12.86,13.11,13.13,13.31,12.81,3949100.0,51542039.0,-1.983,-0.26
600862,中航高科,18.76,18.76,18.77,18.39,18.34,18.99,18.34,18251413.0,342368105.0,2.012,0.37
600863,华能蒙电,5.16,5.15,5.16,5.02,5.0,5.34,4.8,412034486.0,2081941287.0,2.789,0.14
600864,哈投股份,5.42,5.42,5.43,5.4,5.38,5.48,5.35,39970620.0,216649908.0,0.37,0.02
600865,百大集团,7.88,7.87,7.88,7.99,8.02,8.02,7.61,10698300.0,83470160.0,-1.377,-0.11
600866,星湖科技,5.03,5.03,5.04,5.07,5.07,5.18,5.0,34927000.0,177836239.0,-0.789,-0.04
600867,通化东宝,8.17,8.17,8.18,8.24,8.16,8.3,8.06,30994200.0,252922864.0,-0.85,-0.07
600868,梅雁吉祥,2.57,2.56,2.57,2.65,2.62,2.62,2.47,78368554.0,198001315.0,-3.019,-0.08
600869,远东股份,16.12,16.11,16.12,15.35,15.4,16.2,13.82,169047506.0,2516333263.0,5.016,0.77
600871,石化油服,2.13,2.12,2.13,2.17,2.11,2.15,2.09,212927351.0,451122240.0,-1.843,-0.04
600872,中炬高新,19.05,19.04,19.05,18.74,18.82,19.18,18.71,26461194.0,502770978.0,1.654,0.31
600873,梅花生物,8.83,8.83,8.84,8.78,8.74,9.11,8.7,37694521.0,336301961.0,0.569,0.05
600874,创业环保,5.45,5.45,5.46,5.49,5.49,5.56,5.43,12108400.0,66380563.0,-0.729,-0.04
600875,东方电气,26.18,26.17,26.18,25.19,25.38,26.47,24.88,56753095.0,1458491853.0,3.93,0.99
600876,凯盛新能,6.22,6.21,6.22,6.31,6.33,6.33,6.05,5088497.0,31504230.0,-1.426,-0.09
600877,电科芯片,11.89,11.89,11.9,11.33,11.48,11.91,10.83,30435273.0,349475691.0,4.943,0.56
600879,航天电子,15.14,15.13,15.14,14.65,14.67,15.29,13.85,172713326.0,2520544222.0,3.345,0.49
600880,博瑞传播,3.72,3.72,3.73,3.74,3.72,3.75,3.6,27666402.0,101756233.0,-0.535,-0.02
600881,亚泰集团,1.7,0.0,1.7,1.89,1.75,1.79,1.7,70424500.0,121662530.0,-10.053,-0.19
600882,妙可蓝多,21.42,21.42,21.43,21.47,21.33,21.73,20.89,13658838.0,291564100.0,-0.233,-0.05
600883,博闻科技,6.49,6.49,6.5,6.62,6.66,6.68,6.23,5945875.0,38318819.0,-1.964,-0.13
600884,杉杉股份,12.45,12.45,0.0,11.32,11.58,12.45,11.41,98001997.0,1187212773.0,9.982,1.13
600885,宏发股份,32.8,32.8,32.81,31.7,31.85,33.61,31.7,20768074.0,679323146.0,3.47,1.1
600886,国投电力,15.03,15.03,15.04,14.95,15.03,15.46,14.74,78347745.0,1184390576.0,0.535,0.08
600887,伊利股份,27.07,27.06,27.07,27.0,27.31,27.68,26.92,115257956.0,3139262606.0,0.259,0.07
600888,新疆众和,9.36,9.35,9.36,8.86,9.01,9.43,8.44,90762726.0,817207931.0,5.643,0.5
600889,*ST京化,14.24,14.24,14.25,14.07,14.19,14.26,13.5,2886962.0,40243579.0,1.208,0.17
600892,大晟文化,3.08,3.08,3.09,3.15,3.15,3.17,2.97,10629300.0,32540025.0,-2.222,-0.07
600893,航发动力,33.79,33.79,33.8,33.15,33.17,33.83,32.81,38166979.0,1272548328.0,1.931,0.64
600894,广日股份,7.65,7.65,7.67,7.71,7.71,7.82,7.61,6120611.0,47079280.0,-0.778,-0.06
600895,张江高科,28.58,28.58,28.59,27.73,27.99,28.64,26.78,32253218.0,900606313.0,3.065,0.85
600897,厦门空港,14.52,14.52,14.53,14.47,14.49,14.58,14.4,2109200.0,30561032.0,0.346,0.05
600900,长江电力,28.73,28.72,28.73,28.98,29.0,29.54,28.51,255005593.0,7372431513.0,-0.863,-0.25
600901,江苏金租,6.56,6.56,6.57,6.56,6.55,6.73,6.52,55261539.0,366493047.0,0.0,0.0
600903,贵州燃气,5.76,5.76,5.77,5.9,5.89,5.89,5.52,42103169.0,239460881.0,-2.373,-0.14
600905,三峡能源,3.95,3.94,3.95,3.93,3.93,4.0,3.87,212343914.0,837936383.0,0.509,0.02
600906,财达证券,7.22,7.22,7.23,7.22,7.2,7.31,7.07,58484174.0,420844440.0,0.0,0.0
600908,无锡银行,5.4,5.4,5.41,5.52,5.54,5.58,5.38,28761820.0,157723641.0,-2.174,-0.12
600909,华安证券,8.45,8.45,8.46,8.08,8.08,8.5,7.79,278891897.0,2270266375.0,4.579,0.37
600916,中国黄金,7.32,7.32,7.33,7.26,7.25,7.38,7.2,31259587.0,227967445.0,0.826,0.06
600917,重庆燃气,4.8,4.8,4.81,4.92,4.93,4.93,4.78,6259225.0,30359750.0,-2.439,-0.12
600918,中泰证券,5.68,5.68,5.69,5.7,5.7,5.83,5.65,65141294.0,373177246.0,-0.351,-0.02
600919,江苏银行,11.32,11.32,11.33,11.51,11.5,11.61,11.26,130693535.0,1491906774.0,-1.651,-0.19
600925,苏能股份,4.34,4.34,4.35,4.37,4.36,4.44,4.31,15484154.0,67785114.0,-0.686,-0.03
600926,杭州银行,15.49,15.49,15.5,15.75,15.76,15.97,15.45,55910336.0,876716657.0,-1.651,-0.26
600927,永安期货,12.93,12.93,12.94,12.77,12.7,13.1,12.7,9498200.0,122625728.0,1.253,0.16
600928,西安银行,3.53,3.53,3.54,3.61,3.6,3.65,3.52,31665572.0,113655862.0,-2.216,-0.08
600929,雪天盐业,5.22,5.22,5.23,4.95,4.94,5.33,4.94,59052447.0,303992152.0,5.455,0.27
600930,华电新能,4.31,4.3,4.31,4.39,4.37,4.38,4.25,240111200.0,1032212570.0,-1.822,-0.08
600933,爱柯迪,13.4,13.4,13.41,13.42,13.5,13.66,13.3,16502350.0,221497116.0,-0.149,-0.02
600935,华塑股份,2.23,2.22,2.23,2.23,2.23,2.24,2.19,10841498.0,24007032.0,0.0,0.0
600936,北投科技,4.61,4.61,4.62,4.5,4.45,4.61,4.37,47665444.0,214147483.0,2.444,0.11
600938,中国海油,30.93,30.93,30.94,31.87,31.8,31.98,30.76,105543363.0,3292878684.0,-2.949,-0.94
600939,重庆建工,2.46,2.45,2.46,2.53,2.53,2.53,2.45,12871300.0,31950729.0,-2.767,-0.07
600941,中国移动,94.94,94.94,94.95,95.8,95.81,96.47,94.01,19419588.0,1849703274.0,-0.898,-0.86
600955,维远股份,11.76,11.76,11.77,11.87,11.86,11.99,11.33,6982339.0,81065229.0,-0.927,-0.11
600956,新天绿能,7.3,7.29,7.3,7.3,7.23,7.34,7.15,15822571.0,114857429.0,0.0,0.0
600958,东方证券,9.12,9.11,9.12,9.09,9.03,9.2,9.03,55091439.0,501805266.0,0.33,0.03
600959,江苏有线,3.03,3.02,3.03,3.05,3.05,3.09,3.01,38178571.0,116111744.0,-0.656,-0.02
600960,渤海汽车,3.52,3.5,3.52,3.51,3.45,3.56,3.42,17860802.0,62082622.0,0.285,0.01
600961,株冶集团,23.42,23.41,23.42,21.53,21.54,23.48,20.22,64797029.0,1423057153.0,8.778,1.89
600962,国投中鲁,20.81,20.81,20.83,20.19,20.48,20.95,18.9,9957300.0,199485616.0,3.071,0.62
600963,岳阳林纸,3.12,3.11,3.12,3.17,3.13,3.18,3.09,43247621.0,135352431.0,-1.577,-0.05
600965,*ST福成,2.46,2.45,2.46,2.49,2.47,2.5,2.38,5283490.0,12896378.0,-1.205,-0.03
600966,博汇纸业,4.43,4.42,4.43,4.6,4.6,4.65,4.4,26074611.0,117127915.0,-3.696,-0.17
600967,内蒙一机,10.49,10.49,10.5,10.36,10.38,10.57,10.37,18360424.0,192392875.0,1.255,0.13
600968,海油发展,3.76,3.76,3.77,3.87,3.83,3.88,3.75,65523439.0,249471833.0,-2.842,-0.11
600969,郴电国际,8.23,8.22,8.23,8.87,8.55,8.56,7.98,26233724.0,215335689.0,-7.215,-0.64
600970,中材国际,7.67,7.66,7.67,7.64,7.67,7.89,7.64,35693679.0,277044763.0,0.393,0.03
600971,恒源煤电,7.69,7.69,7.7,7.87,7.8,7.94,7.64,24919813.0,193732622.0,-2.287,-0.18
600973,宝胜股份,5.58,5.57,5.58,5.5,5.45,5.58,5.27,21818123.0,118766717.0,1.455,0.08
600975,新五丰,4.84,4.83,4.84,4.94,4.95,4.98,4.74,23712212.0,114365939.0,-2.024,-0.1
600976,健民集团,28.56,28.56,28.6,29.31,29.2,29.2,28.2,4474100.0,127753198.0,-2.559,-0.75
600977,中国电影,12.14,12.14,12.15,12.07,12.0,12.24,11.95,30288914.0,366374439.0,0.58,0.07
600979,广安爱众,3.97,3.97,3.98,4.17,4.09,4.1,3.88,54185261.0,215472061.0,-4.796,-0.2
600980,北矿科技,16.22,16.22,16.23,15.85,15.88,16.35,15.25,3253900.0,51570384.0,2.334,0.37
600981,苏豪汇鸿,2.2,2.2,2.21,2.23,2.22,2.24,2.15,23151020.0,50604078.0,-1.345,-0.03
600982,宁波能源,5.14,5.13,5.14,5.52,5.29,5.3,4.97,89382010.0,455388102.0,-6.884,-0.38
600983,惠而浦,7.3,7.3,7.31,7.4,7.4,7.48,7.26,3544000.0,26079440.0,-1.351,-0.1
600984,建设机械,3.17,3.17,3.18,3.29,3.26,3.26,2.97,46123324.0,142582264.0,-3.647,-0.12
600985,淮北矿业,14.88,14.88,14.9,15.62,15.55,15.57,14.76,34491472.0,521359816.0,-4.738,-0.74
600986,浙文互联,6.72,6.71,6.72,6.68,6.5,6.78,6.25,100269167.0,658829079.0,0.599,0.04
600987,航民股份,6.46,6.45,6.46,6.55,6.55,6.6,6.41,7707673.0,49991031.0,-1.374,-0.09
600988,赤峰黄金,35.48,35.48,0.0,32.25,33.1,35.48,32.81,81191187.0,2782582595.0,10.016,3.23
600989,宝丰能源,22.57,22.57,22.58,23.28,22.6,22.95,22.01,139955581.0,3141096429.0,-3.05,-0.71
600990,四创电子,15.98,15.98,15.99,16.22,16.18,16.18,15.41,4642806.0,73126840.0,-1.48,-0.24
600992,贵绳股份,9.93,0.0,9.93,11.03,10.9,10.9,9.93,26087481.0,261841852.0,-9.973,-1.1
600993,马应龙,23.63,23.63,23.64,23.9,23.79,24.2,23.54,7572087.0,180689001.0,-1.13,-0.27
600995,南网储能,12.45,12.45,12.46,12.49,12.26,12.56,12.21,27638217.0,342840455.0,-0.32,-0.04
600996,贵广网络,6.21,6.2,6.21,6.24,6.24,6.31,6.01,23035299.0,142001532.0,-0.481,-0.03
600997,开滦股份,5.25,5.25,5.26,5.38,5.36,5.44,5.24,16731724.0,89255120.0,-2.416,-0.13
600998,九州通,5.07,5.07,5.08,5.17,5.13,5.23,5.06,42898072.0,220495327.0,-1.934,-0.1
600999,招商证券,18.94,18.93,18.94,18.84,18.88,19.0,18.42,101128004.0,1893232352.0,0.531,0.1
601000,唐山港,4.55,4.55,4.56,4.56,4.53,4.72,4.52,69593580.0,321226923.0,-0.219,-0.01
601001,晋控煤业,18.88,18.88,18.89,19.28,19.11,19.32,18.23,27530343.0,512711977.0,-2.075,-0.4
601002,晋亿实业,4.67,4.67,4.68,4.84,4.76,4.77,4.56,25109639.0,116723405.0,-3.512,-0.17
601003,柳钢股份,3.46,3.46,3.47,3.52,3.52,3.57,3.45,17441800.0,61188235.0,-1.705,-0.06
601005,重庆钢铁,1.19,1.19,1.2,1.21,1.21,1.22,1.19,83674759.0,100684151.0,-1.653,-0.02
601006,大秦铁路,4.8,4.79,4.8,4.85,4.83,4.91,4.77,160032547.0,774752054.0,-1.031,-0.05
601007,金陵饭店,6.2,6.2,6.21,6.31,6.29,6.34,6.14,6262190.0,38924424.0,-1.743,-0.11
601008,连云港,4.31,4.3,4.31,4.41,4.42,4.43,4.28,16769499.0,72616508.0,-2.268,-0.1
601009,南京银行,11.1,11.09,11.1,11.27,11.25,11.39,11.01,69500301.0,777353964.0,-1.508,-0.17
601010,ST文峰,1.29,1.29,1.3,1.4,1.3,1.36,1.26,112315794.0,144885502.0,-7.857,-0.11
601011,宝泰隆,2.39,2.39,2.4,2.46,2.44,2.44,2.34,36748941.0,87628446.0,-2.846,-0.07
601012,隆基绿能,11.93,11.92,11.93,12.0,12.14,12.14,11.8,104863003.0,1247505506.0,-0.583,-0.07
601015,陕西黑猫,3.04,3.04,3.05,3.16,3.1,3.13,2.99,56958441.0,172674536.0,-3.797,-0.12
601016,节能风电,3.68,3.68,3.69,3.79,3.7,3.75,3.55,356625868.0,1297531662.0,-2.902,-0.11
601018,宁波港,3.39,3.38,3.39,3.44,3.44,3.48,3.37,90332415.0,309018581.0,-1.453,-0.05
601019,山东出版,7.27,7.27,7.28,7.4,7.31,7.64,7.24,22304000.0,165783138.0,-1.757,-0.13
601020,华钰矿业,18.01,18.01,18.02,17.53,17.51,18.04,17.02,27879119.0,492445078.0,2.738,0.48
601021,春秋航空,45.56,45.56,45.57,45.92,46.08,46.98,45.34,7943972.0,366398004.0,-0.784,-0.36
601022,宁波远洋,7.99,7.98,7.99,8.11,8.1,8.17,7.96,8291600.0,66906167.0,-1.48,-0.12
601026,道生天合,14.7,14.69,14.7,14.54,15.11,15.57,14.51,14111127.0,209691981.0,1.1,0.16
601033,永兴股份,14.12,14.12,14.13,14.25,14.21,14.45,14.08,6796000.0,96982420.0,-0.912,-0.13
601038,一拖股份,13.79,13.79,0.0,12.54,12.66,13.79,12.6,18327204.0,249755760.0,9.968,1.25
601058,赛轮轮胎,13.41,13.41,13.42,13.3,13.3,13.87,13.27,62372469.0,841722929.0,0.827,0.11
601059,信达证券,16.64,16.64,16.65,16.74,16.61,16.89,16.5,10345500.0,172399394.0,-0.597,-0.1
601061,中信金属,10.36,10.36,10.37,10.0,10.13,10.38,10.03,20142242.0,205628891.0,3.6,0.36
601065,江盐集团,6.68,6.67,6.68,6.8,6.76,6.86,6.65,7834561.0,52807484.0,-1.765,-0.12
601066,中信建投,26.65,26.65,26.66,26.66,26.7,26.93,25.95,40679627.0,1073868835.0,-0.038,-0.01
601068,中铝国际,4.31,4.31,4.32,4.28,4.29,4.34,4.25,16736229.0,71917678.0,0.701,0.03
601069,西部黄金,22.98,22.98,22.99,21.88,22.0,23.0,21.63,25495389.0,570850309.0,5.027,1.1
601077,渝农商行,6.58,6.58,6.59,6.81,6.8,6.9,6.56,104524544.0,699261410.0,-3.377,-0.23
601083,锦江航运,10.64,10.64,10.65,10.59,10.59,10.74,10.52,7337984.0,78262214.0,0.472,0.05
601086,国芳集团,6.92,6.91,6.92,6.99,6.98,6.99,6.8,9649500.0,66498685.0,-1.001,-0.07
601088,中国神华,45.1,45.09,45.1,46.14,46.15,46.8,44.3,62161100.0,2812898499.0,-2.254,-1.04
601089,福元医药,16.85,16.84,16.85,17.4,17.25,17.4,16.72,5702248.0,96561557.0,-3.161,-0.55
601096,宏盛华源,4.16,4.16,4.17,4.14,4.14,4.19,4.1,28481765.0,118254244.0,0.483,0.02
601098,中南传媒,10.16,10.16,10.17,10.27,10.25,10.63,10.16,23133521.0,241010345.0,-1.071,-0.11
601099,太平洋,3.47,3.46,3.47,3.44,3.42,3.49,3.42,132542169.0,458848944.0,0.872,0.03
601100,恒立液压,106.55,106.54,106.55,103.51,102.96,107.15,102.96,7731087.0,813416313.0,2.937,3.04
601101,昊华能源,10.77,10.76,10.77,11.14,11.2,11.2,10.4,46489449.0,492921137.0,-3.321,-0.37
601106,中国一重,2.89,2.89,2.9,2.82,2.82,2.9,2.8,85445902.0,244426288.0,2.482,0.07
601107,四川成渝,5.56,5.56,5.57,5.61,5.64,5.77,5.54,19763070.0,111978670.0,-0.891,-0.05
601108,财通证券,8.61,8.6,8.61,8.68,8.61,8.81,8.55,63434686.0,548185604.0,-0.806,-0.07
601111,中国国航,5.91,5.91,5.92,5.87,5.88,6.0,5.86,88781689.0,526377394.0,0.681,0.04
601112,振石股份,14.79,14.79,14.8,14.58,14.66,14.84,14.22,5331855.0,77896495.0,1.44,0.21
601113,华鼎股份,3.21,3.21,3.22,3.24,3.24,3.26,3.18,10861600.0,34938986.0,-0.926,-0.03
601116,三江购物,9.46,9.46,9.47,9.42,9.43,9.54,9.14,15640290.0,145646523.0,0.425,0.04
601117,中国化学,7.66,7.65,7.66,7.67,7.63,7.73,7.54,94850435.0,725210726.0,-0.13,-0.01
601118,海南橡胶,4.68,4.68,4.69,4.68,4.62,4.72,4.61,52805921.0,246699176.0,0.0,0.0
601121,宝地矿业,6.44,6.43,6.44,6.41,6.45,6.46,6.26,16770300.0,107017463.0,0.468,0.03
601126,四方股份,44.84,44.84,44.86,41.4,42.22,44.95,37.96,37786143.0,1579920806.0,8.309,3.44
601127,赛力斯,55.51,55.51,55.52,55.61,56.4,56.74,55.17,26532926.0,1479572181.0,-0.18,-0.1
601128,常熟银行,6.21,6.21,6.22,6.28,6.28,6.39,6.21,68321665.0,431294276.0,-1.115,-0.07
601133,柏诚股份,28.76,28.75,28.78,27.4,26.37,28.94,24.66,35165985.0,929195676.0,4.964,1.36
601136,首创证券,14.42,14.41,14.42,14.33,14.34,14.66,14.24,17013936.0,245707147.0,0.628,0.09
601137,博威合金,17.33,17.33,17.34,16.32,16.42,17.41,15.83,26582832.0,443976817.0,6.189,1.01
601138,工业富联,60.98,60.98,60.99,56.5,57.5,61.9,55.31,185678570.0,10894852394.0,7.929,4.48
601139,深圳燃气,6.38,6.38,6.39,6.37,6.33,6.53,6.31,42644800.0,274962830.0,0.157,0.01
601155,新城控股,10.89,10.89,10.9,11.09,11.06,11.28,10.85,17268871.0,190871627.0,-1.803,-0.2
601156,东航物流,16.36,16.36,16.38,15.95,16.0,16.45,15.77,14436800.0,233558804.0,2.571,0.41
601158,重庆水务,4.21,4.2,4.21,4.21,4.22,4.29,4.18,19185639.0,81301493.0,0.0,0.0
601162,天风证券,3.72,3.72,3.73,3.79,3.75,3.82,3.68,295979191.0,1106879340.0,-1.847,-0.07
601163,三角轮胎,12.62,12.62,12.63,12.65,12.66,12.86,12.56,5839998.0,74106457.0,-0.237,-0.03
601166,兴业银行,17.89,17.89,17.9,18.34,18.38,18.53,17.86,168736914.0,3065077204.0,-2.454,-0.45
601168,西部矿业,33.87,33.87,33.88,31.96,32.51,33.87,32.36,60555846.0,2001970096.0,5.976,1.91
601169,北京银行,5.03,5.03,5.04,5.12,5.11,5.15,5.02,195428955.0,992914773.0,-1.758,-0.09
601177,杭齿前进,12.25,12.25,12.26,12.09,12.16,12.25,11.68,7431961.0,89328651.0,1.323,0.16
601179,中国西电,12.35,12.35,12.36,12.33,12.36,12.37,11.75,189226875.0,2281571595.0,0.162,0.02
601186,中国铁建,6.45,6.45,6.46,6.48,6.47,6.57,6.43,92492681.0,600659344.0,-0.463,-0.03
601187,厦门银行,7.48,7.48,7.49,7.67,7.6,7.82,7.46,30235258.0,231164367.0,-2.477,-0.19
601188,龙江交通,2.82,2.82,2.83,2.88,2.88,2.9,2.79,17444365.0,49560296.0,-2.083,-0.06
601198,东兴证券,13.79,13.79,13.8,13.69,13.7,13.94,13.62,27039473.0,372297392.0,0.73,0.1
601199,江南水务,5.86,5.85,5.86,6.1,6.04,6.06,5.49,46489168.0,265713281.0,-3.934,-0.24
601200,上海环境,6.99,6.99,7.01,7.05,7.05,7.14,6.98,11831576.0,83494572.0,-0.851,-0.06
601208,东材科技,43.0,42.99,43.0,39.51,38.75,43.07,35.56,101572259.0,4004547028.0,8.833,3.49
601211,国泰海通,18.82,18.82,18.83,19.03,19.2,19.2,18.51,109797935.0,2063504582.0,-1.104,-0.21
601212,白银有色,4.66,4.66,4.67,4.48,4.47,4.67,4.38,148727067.0,678148895.0,4.018,0.18
601216,君正集团,4.6,4.59,4.6,4.55,4.53,4.71,4.52,89761970.0,415880770.0,1.099,0.05
601218,吉鑫科技,4.0,3.99,4.0,4.02,4.03,4.05,3.86,31144937.0,122743644.0,-0.498,-0.02
601222,林洋能源,5.56,5.56,5.57,5.54,5.5,5.62,5.49,29909378.0,166473647.0,0.361,0.02
601225,陕西煤业,23.98,23.97,23.98,25.0,24.7,25.05,23.8,81285932.0,1965085891.0,-4.08,-1.02
601226,华电科工,5.7,5.7,5.71,5.69,5.7,5.72,5.47,17386271.0,97499833.0,0.176,0.01
601228,广州港,3.04,3.03,3.04,3.07,3.06,3.12,3.02,34116700.0,104901516.0,-0.977,-0.03
601229,上海银行,9.1,9.09,9.1,9.28,9.3,9.43,9.08,89209591.0,825544129.0,-1.94,-0.18
601231,环旭电子,25.29,25.28,25.29,23.73,24.03,25.38,21.83,42447938.0,1008905096.0,6.574,1.56
601233,桐昆股份,21.17,21.16,21.17,20.8,20.5,21.44,20.5,41633285.0,878650072.0,1.779,0.37
601236,红塔证券,7.12,7.12,7.13,7.2,7.21,7.32,7.09,30341474.0,218153227.0,-1.111,-0.08
601238,广汽集团,5.1,5.1,5.11,5.18,5.18,5.28,5.09,36094024.0,186761812.0,-1.544,-0.08
601279,英利汽车,2.91,2.91,2.92,2.99,2.97,3.0,2.87,17712617.0,51780606.0,-2.676,-0.08
601288,农业银行,6.43,6.43,6.44,6.61,6.65,6.66,6.4,533115842.0,3475939309.0,-2.723,-0.18
601298,青岛港,8.63,8.63,8.65,8.73,8.72,8.87,8.58,19925181.0,173900357.0,-1.145,-0.1
601311,骆驼股份,7.98,7.98,7.99,7.78,7.73,8.06,7.73,24458062.0,194155241.0,2.571,0.2
601318,中国平安,52.89,52.89,52.9,53.23,53.68,54.65,52.51,159979523.0,8540611562.0,-0.639,-0.34
601319,中国人保,7.41,7.41,7.42,7.54,7.56,7.67,7.37,146035326.0,1091175152.0,-1.724,-0.13
601326,秦港股份,3.48,3.47,3.48,3.49,3.48,3.54,3.45,34442500.0,120109091.0,-0.287,-0.01
601328,交通银行,6.81,6.81,6.82,7.03,7.05,7.08,6.8,308789492.0,2139447136.0,-3.129,-0.22
601330,绿色动力,7.08,7.08,7.09,7.18,7.11,7.14,6.97,17340089.0,122202748.0,-1.393,-0.1
601333,广深铁路,3.01,3.01,3.02,3.01,3.01,3.05,3.0,84006700.0,254239122.0,0.0,0.0
601336,新华保险,64.64,64.64,64.65,64.84,64.89,65.89,63.66,29051421.0,1876402238.0,-0.308,-0.2
601339,百隆东方,7.84,7.84,7.85,7.65,7.67,7.84,7.47,13665671.0,104975634.0,2.484,0.19
601360,三六零,8.98,8.97,8.98,8.76,8.71,9.01,8.68,118829777.0,1056493038.0,2.511,0.22
601366,利群股份,3.37,3.36,3.37,3.47,3.48,3.5,3.34,13259400.0,44967809.0,-2.882,-0.1
601368,绿城水务,4.27,4.26,4.27,4.35,4.36,4.38,4.25,7673100.0,32878183.0,-1.839,-0.08
601369,陕鼓动力,9.59,9.58,9.59,9.68,9.6,9.7,9.34,33355147.0,316367811.0,-0.93,-0.09
601375,中原证券,4.14,4.13,4.15,4.15,4.13,4.21,4.12,63126800.0,262690893.0,-0.241,-0.01
601377,兴业证券,6.18,6.17,6.18,6.2,6.2,6.25,6.13,105493352.0,652167557.0,-0.323,-0.02
601388,怡球资源,2.98,2.98,2.99,3.03,2.99,3.0,2.9,45711347.0,134824223.0,-1.65,-0.05
601390,中国中铁,4.49,4.49,4.5,4.53,4.52,4.61,4.48,179096469.0,811712171.0,-0.883,-0.04
601398,工商银行,7.56,7.56,7.57,7.74,7.79,7.81,7.51,575878524.0,4397171023.0,-2.326,-0.18
601399,国机重装,3.12,3.11,3.12,3.07,3.07,3.13,3.07,93094347.0,288842547.0,1.629,0.05
601456,国联民生,9.09,9.09,9.1,9.12,9.11,9.25,9.07,29938404.0,273742410.0,-0.329,-0.03
601500,通用股份,3.84,3.84,3.85,3.91,3.91,3.96,3.81,21536040.0,83658095.0,-1.79,-0.07
601512,中新集团,7.7,7.7,7.71,7.69,7.66,7.8,7.63,3433000.0,26423083.0,0.13,0.01
601515,衢州东峰,3.05,3.05,3.06,3.1,3.09,3.11,2.95,22531132.0,68152692.0,-1.613,-0.05
601518,吉林高速,2.74,2.74,2.75,2.79,2.79,2.81,2.72,23897006.0,66013157.0,-1.792,-0.05
601519,大智慧,8.0,8.0,8.01,8.02,8.0,8.12,7.81,46658604.0,371858466.0,-0.249,-0.02
601528,瑞丰银行,4.76,4.76,4.77,4.85,4.85,4.94,4.76,28670609.0,139487253.0,-1.856,-0.09
601555,东吴证券,8.02,8.02,8.03,8.01,8.01,8.19,7.97,65073767.0,523865106.0,0.125,0.01
601566,九牧王,7.63,7.62,7.63,7.85,7.81,7.87,7.57,10430914.0,80108002.0,-2.803,-0.22
601567,三星电气,14.55,14.55,14.56,14.24,14.2,15.17,14.15,34277525.0,504524336.0,2.177,0.31
601568,北元化工,3.61,3.61,3.62,3.62,3.62,3.7,3.59,25617300.0,93515944.0,-0.276,-0.01
601577,长沙银行,9.15,9.15,9.16,9.28,9.28,9.48,9.13,29379682.0,273793899.0,-1.401,-0.13
601579,会稽山,14.14,14.14,14.15,14.53,14.42,14.5,14.04,8174504.0,116090549.0,-2.684,-0.39
601588,北辰实业,1.6,1.6,1.61,1.62,1.6,1.62,1.57,33542200.0,53409319.0,-1.235,-0.02
601595,上海电影,17.07,17.07,17.08,17.67,17.33,17.9,16.92,13906540.0,239343142.0,-3.396,-0.6
601598,中国外运,5.96,5.96,5.97,5.79,5.78,6.09,5.76,31751147.0,189332743.0,2.936,0.17
601599,浙文影业,2.91,2.9,2.91,2.91,2.91,2.93,2.85,17187100.0,49778734.0,0.0,0.0
601600,中国铝业,9.16,9.16,9.17,9.17,9.17,9.3,8.93,403587224.0,3680455784.0,-0.109,-0.01
601601,中国太保,31.63,31.63,31.64,31.63,31.8,32.41,31.11,93055089.0,2946586464.0,0.0,0.0
601606,长城军工,26.29,26.28,26.29,26.09,26.01,26.29,25.46,13191270.0,342408958.0,0.767,0.2
601607,上海医药,16.64,16.64,16.65,16.92,16.85,17.05,16.61,21471451.0,361052903.0,-1.655,-0.28
601608,中信重工,4.61,4.61,4.62,4.56,4.52,4.61,4.45,73196240.0,332070897.0,1.096,0.05
601609,金田股份,9.64,9.64,9.65,9.23,9.26,9.7,9.03,38800655.0,365418940.0,4.442,0.41
601611,中国核建,10.09,10.08,10.09,10.05,10.0,10.21,9.94,33017635.0,331943976.0,0.398,0.04
601615,明阳智能,11.08,11.08,11.09,10.6,10.7,11.1,10.6,71626233.0,777544373.0,4.528,0.48
601616,广电电气,3.25,3.25,3.26,3.23,3.25,3.27,3.08,20308100.0,64701393.0,0.619,0.02
601618,中国中冶,2.66,2.66,2.67,2.67,2.68,2.7,2.64,114679387.0,306342392.0,-0.375,-0.01
601619,嘉泽新能,4.29,4.29,4.3,4.22,4.22,4.35,4.13,59406202.0,252415684.0,1.659,0.07
601628,中国人寿,40.17,40.17,40.18,40.6,40.17,41.63,39.5,59365707.0,2395326614.0,-1.059,-0.43
601633,长城汽车,16.09,16.08,16.09,16.36,16.37,16.84,16.06,29238860.0,479699485.0,-1.65,-0.27
601636,旗滨集团,5.83,5.83,5.84,5.72,5.72,5.92,5.48,136306748.0,781841087.0,1.923,0.11
601658,邮储银行,5.05,5.05,5.06,5.18,5.2,5.22,5.04,226240506.0,1159267590.0,-2.51,-0.13
601665,齐鲁银行,6.03,6.03,6.04,6.16,6.15,6.27,6.02,76964466.0,472870299.0,-2.11,-0.13
601666,平煤股份,7.65,7.65,7.66,7.98,7.9,8.1,7.58,63162685.0,490618168.0,-4.135,-0.33
601668,中国建筑,4.63,4.63,4.64,4.65,4.69,4.74,4.61,439425039.0,2053405054.0,-0.43,-0.02
601669,中国电建,4.8,4.8,4.81,4.83,4.85,4.87,4.76,174703215.0,840213755.0,-0.621,-0.03
601677,明泰铝业,15.79,15.79,15.8,15.82,15.75,15.87,15.56,32915185.0,517858010.0,-0.19,-0.03
601678,滨化股份,5.9,5.89,5.9,5.56,5.48,5.9,5.36,208870118.0,1187207971.0,6.115,0.34
601686,友发集团,5.1,5.1,5.11,5.11,5.11,5.17,5.08,7224926.0,36972803.0,-0.196,-0.01
601688,华泰证券,20.63,20.63,20.64,20.47,20.85,20.86,20.28,80330716.0,1647878700.0,0.782,0.16
601689,拓普集团,50.36,50.36,50.37,48.52,48.83,50.36,47.98,31634650.0,1562559374.0,3.792,1.84
601696,中银证券,11.66,11.66,11.67,11.58,11.65,11.82,11.45,57943550.0,674193456.0,0.691,0.08
601698,中国卫通,25.18,25.18,25.19,24.55,24.62,25.33,23.57,38160475.0,938510567.0,2.566,0.63
601699,潞安环能,14.95,14.95,14.96,15.61,15.4,15.63,14.77,45737598.0,691794813.0,-4.228,-0.66
601700,风范股份,4.51,4.51,4.52,4.65,4.6,4.62,4.34,26075600.0,116454952.0,-3.011,-0.14
601702,华峰铝业,14.27,14.27,14.28,14.57,14.68,14.8,14.22,13466727.0,195073365.0,-2.059,-0.3
601717,中创智领,15.31,15.31,15.32,15.07,15.12,15.81,15.02,31845500.0,493522107.0,1.593,0.24
601718,ST际华,1.71,1.71,1.72,1.71,1.7,1.74,1.66,48619711.0,82371778.0,0.0,0.0
601727,上海电气,6.58,6.58,6.59,6.41,6.41,6.58,6.41,101443023.0,661254557.0,2.652,0.17
601728,中国电信,6.1,6.09,6.1,6.24,6.3,6.3,6.04,225663416.0,1384253538.0,-2.244,-0.14
601766,中国中车,5.99,5.98,5.99,6.03,6.03,6.11,5.94,386945207.0,2328962404.0,-0.663,-0.04
601777,千里科技,7.4,7.4,7.41,7.31,7.32,7.57,7.32,40287444.0,299913795.0,1.231,0.09
601778,晶科科技,3.51,3.51,3.52,3.42,3.43,3.52,3.26,202446782.0,687391510.0,2.632,0.09
601788,光大证券,14.95,14.94,14.95,14.85,14.89,15.08,14.79,37205971.0,555208098.0,0.673,0.1
601789,宁波建工,4.03,4.02,4.03,4.04,4.03,4.03,3.9,42744036.0,170037056.0,-0.248,-0.01
601798,蓝科高新,6.85,6.85,6.86,7.07,7.06,7.06,6.55,11320700.0,76662700.0,-3.112,-0.22
601799,星宇股份,90.05,90.04,90.05,88.42,89.3,92.58,88.78,4748616.0,428486868.0,1.843,1.63
601800,中国交建,6.22,6.22,6.23,6.24,6.25,6.4,6.16,87766204.0,550832747.0,-0.321,-0.02
601801,皖新传媒,5.27,5.27,5.29,5.36,5.34,5.44,5.26,13761202.0,73630178.0,-1.679,-0.09
601808,中海油服,12.01,12.0,12.01,12.27,12.08,12.26,11.88,38976912.0,469000446.0,-2.119,-0.26
601811,新华文轩,12.15,12.15,12.17,12.33,12.38,12.63,12.03,4028300.0,49602698.0,-1.46,-0.18
601816,京沪高铁,4.94,4.94,4.95,4.94,4.93,5.03,4.93,346828148.0,1725201207.0,0.0,0.0
601818,光大银行,3.12,3.11,3.12,3.18,3.17,3.2,3.11,314200600.0,992021351.0,-1.887,-0.06
601825,沪农商行,8.22,8.22,8.24,8.29,8.21,8.4,8.08,46041862.0,379695477.0,-0.844,-0.07
601827,三峰环境,7.84,7.84,7.85,7.91,7.88,7.98,7.79,9472700.0,74581824.0,-0.885,-0.07
601828,美凯龙,2.13,2.13,2.14,2.16,2.14,2.16,2.09,33699610.0,71576513.0,-1.389,-0.03
601838,成都银行,18.12,18.12,18.14,18.48,18.48,18.75,18.09,29692553.0,546771850.0,-1.948,-0.36
601857,中国石油,10.67,10.66,10.67,11.01,10.85,10.89,10.54,300265801.0,3210226834.0,-3.088,-0.34
601858,中国科传,17.3,17.29,17.3,17.27,17.1,17.55,16.71,10638174.0,182262996.0,0.174,0.03
601860,紫金银行,2.55,2.55,2.56,2.6,2.6,2.64,2.54,68860339.0,178555026.0,-1.923,-0.05
601865,福莱特,9.33,9.33,9.34,9.23,9.18,9.59,9.18,22740887.0,213729496.0,1.083,0.1
601866,中远海发,2.4,2.4,2.41,2.4,2.4,2.45,2.39,84882110.0,205850938.0,0.0,0.0
601868,中国能建,2.57,2.56,2.57,2.57,2.59,2.59,2.55,352433751.0,903187335.0,0.0,0.0
601869,长飞光纤,406.38,406.37,406.38,382.0,379.26,408.6,343.8,26978308.0,10104965233.0,6.382,24.38
601872,招商轮船,14.72,14.72,14.73,14.29,14.3,14.79,13.86,108763559.0,1555576344.0,3.009,0.43
601877,正泰电器,24.34,24.34,24.35,23.98,24.01,24.6,23.98,26296754.0,639346998.0,1.501,0.36
601878,浙商证券,9.68,9.67,9.68,9.67,9.67,9.79,9.59,41275596.0,400076228.0,0.103,0.01
601880,辽港股份,1.46,1.45,1.46,1.47,1.47,1.49,1.45,120002179.0,176716567.0,-0.68,-0.01
601881,中国银河,12.85,12.84,12.85,12.79,12.77,12.98,12.68,57537855.0,737636056.0,0.469,0.06
601882,海天精工,18.24,18.24,18.25,17.91,18.02,18.36,17.73,7373148.0,133271529.0,1.843,0.33
601886,江河集团,8.49,8.49,8.5,7.96,7.96,8.6,7.93,10158829.0,84385048.0,6.658,0.53
601888,中国中免,54.08,54.08,54.09,54.67,54.7,54.96,53.65,42228454.0,2285640838.0,-1.079,-0.59
601890,亚星锚链,8.17,8.17,8.18,8.05,8.06,8.17,8.02,18884155.0,153208842.0,1.491,0.12
601898,中煤能源,13.79,13.79,13.8,13.79,13.8,13.99,13.33,104809167.0,1435070899.0,0.0,0.0
601899,紫金矿业,30.21,30.21,30.22,29.35,29.95,30.33,29.13,342666967.0,10194288610.0,2.93,0.86
601900,南方传媒,12.07,12.07,12.08,12.13,12.14,12.38,12.0,11042512.0,134326808.0,-0.495,-0.06
601901,方正证券,7.05,7.05,7.06,7.06,7.03,7.14,6.99,73404796.0,517992755.0,-0.142,-0.01
601908,京运通,2.94,2.94,2.95,2.94,2.91,2.96,2.88,38654475.0,112963099.0,0.0,0.0
601916,浙商银行,2.84,2.83,2.84,2.88,2.87,2.91,2.83,182277900.0,522492259.0,-1.389,-0.04
601918,新集能源,10.22,10.22,10.23,10.45,10.26,10.39,9.86,58572065.0,591488332.0,-2.201,-0.23
601919,中远海控,14.87,14.86,14.87,14.93,15.05,15.07,14.77,119873154.0,1787520124.0,-0.402,-0.06
601921,浙版传媒,7.08,7.08,7.11,7.08,7.09,7.26,7.05,10423397.0,74723373.0,0.0,0.0
601928,凤凰传媒,9.53,9.53,9.55,9.64,9.65,9.95,9.53,23030213.0,224947260.0,-1.141,-0.11
601929,吉视传媒,2.2,2.2,2.21,2.18,2.18,2.22,2.09,110227923.0,238540312.0,0.917,0.02
601933,永辉超市,3.12,3.11,3.12,3.11,3.08,3.12,3.04,147663950.0,455333616.0,0.322,0.01
601939,建设银行,10.19,10.19,10.2,10.44,10.38,10.51,10.13,150109317.0,1545823664.0,-2.395,-0.25
601949,中国出版,5.11,5.11,5.12,5.19,5.18,5.3,5.1,14208150.0,73617173.0,-1.541,-0.08
601952,苏垦农发,7.89,7.89,7.9,8.02,8.01,8.1,7.87,13616800.0,108482995.0,-1.621,-0.13
601956,东贝集团,4.44,4.44,4.45,4.5,4.5,4.56,4.36,8529700.0,37764928.0,-1.333,-0.06
601958,金钼股份,21.2,21.2,21.21,20.39,20.43,21.28,19.08,77561100.0,1583052240.0,3.973,0.81
601963,重庆银行,10.93,10.92,10.93,11.01,10.9,11.35,10.84,28830489.0,319380774.0,-0.727,-0.08
601965,中国汽研,13.36,13.36,13.37,13.35,13.31,13.78,13.25,13919100.0,188387074.0,0.075,0.01
601966,玲珑轮胎,11.07,11.07,11.08,11.15,11.15,11.49,11.04,20718070.0,233719896.0,-0.717,-0.08
601968,宝钢包装,4.16,4.16,4.17,4.28,4.27,4.28,4.13,14008100.0,58733256.0,-2.804,-0.12
601969,海南矿业,8.49,8.49,8.5,8.58,8.44,8.59,8.35,34557254.0,292346983.0,-1.049,-0.09
601975,招商南油,3.42,3.42,3.43,3.38,3.34,3.43,3.31,192302257.0,647207901.0,1.183,0.04
601985,中国核电,8.97,8.97,8.98,9.07,9.04,9.15,8.93,190338321.0,1721055879.0,-1.103,-0.1
601988,中国银行,5.88,5.88,5.89,6.08,6.08,6.08,5.87,434694602.0,2591402585.0,-3.289,-0.2
601990,南京证券,6.87,6.87,6.88,6.92,6.9,7.02,6.85,34985294.0,242392406.0,-0.723,-0.05
601991,大唐发电,6.62,6.61,6.62,6.38,6.32,6.81,6.0,1012262272.0,6448105296.0,3.762,0.24
601992,金隅集团,1.42,1.42,1.43,1.41,1.42,1.43,1.39,53035234.0,74969066.0,0.709,0.01
601995,中金公司,35.73,35.73,35.74,35.99,36.06,36.32,35.27,35777730.0,1277988813.0,-0.722,-0.26
601996,丰林集团,1.95,1.95,1.96,1.99,2.0,2.03,1.88,43077440.0,83273245.0,-2.01,-0.04
601997,贵阳银行,5.47,5.47,5.48,5.53,5.51,5.62,5.46,72709473.0,403020476.0,-1.085,-0.06
601998,中信银行,7.48,7.47,7.48,7.55,7.54,7.62,7.37,92073850.0,689708027.0,-0.927,-0.07
601999,出版传媒,5.73,5.72,5.73,5.79,5.8,5.88,5.63,6396554.0,36643293.0,-1.036,-0.06
603000,人民网,15.85,15.85,15.86,15.76,15.55,16.08,15.55,22343708.0,354346936.0,0.571,0.09
603001,奥康国际,6.07,6.06,6.07,5.82,5.8,6.08,5.37,28893000.0,166564369.0,4.296,0.25
603002,宏昌电子,14.46,14.45,14.46,14.36,13.69,14.48,12.92,103553900.0,1417376024.0,0.696,0.1
603004,鼎龙科技,17.79,17.79,17.8,17.79,18.0,18.0,16.69,5800380.0,100442234.0,0.0,0.0
603005,晶方科技,31.05,31.05,0.0,28.23,28.7,31.05,26.37,68194030.0,1970211165.0,9.989,2.82
603006,联明股份,9.8,9.8,9.81,9.87,9.9,9.97,9.18,4960170.0,47659808.0,-0.709,-0.07
603007,顺景科技,4.56,4.55,4.56,4.5,4.51,4.58,4.15,29690846.0,131246480.0,1.333,0.06
603008,ST喜临门,7.77,7.77,7.78,7.87,7.88,7.89,7.64,4774700.0,36857312.0,-1.271,-0.1
603009,北特科技,42.36,42.36,42.37,41.28,42.29,42.62,40.72,7494619.0,314205481.0,2.616,1.08
603010,万盛股份,10.22,10.21,10.22,10.06,10.13,10.32,9.41,18130320.0,180144107.0,1.59,0.16
603011,合锻智能,18.1,18.1,18.11,18.23,17.99,18.37,16.41,51334882.0,895609646.0,-0.713,-0.13
603012,创力集团,8.46,8.45,8.46,7.94,7.95,8.49,7.8,20748694.0,169017685.0,6.549,0.52
603013,亚普股份,15.99,15.99,16.04,15.76,15.76,16.15,15.6,3430760.0,54587735.0,1.459,0.23
603014,威高血净,31.46,31.46,31.48,31.99,31.73,32.02,30.88,2597606.0,81352456.0,-1.657,-0.53
603015,弘讯科技,9.17,9.16,9.17,8.96,8.96,9.5,8.39,7573702.0,67037849.0,2.344,0.21
603016,新宏泰,26.18,26.17,26.18,26.02,26.05,26.6,24.11,4830400.0,123294120.0,0.615,0.16
603017,中衡设计,8.44,8.44,8.45,8.43,8.48,8.51,7.87,8835700.0,72824086.0,0.119,0.01
603018,华设集团,5.2,5.2,5.21,5.3,5.31,5.36,5.18,10130360.0,53333499.0,-1.887,-0.1
603019,中科曙光,97.88,97.88,97.89,91.04,93.18,98.2,85.05,114298219.0,10553374488.0,7.513,6.84
603020,爱普股份,9.93,9.93,9.94,9.62,9.67,10.26,8.87,15705521.0,150375354.0,3.222,0.31
603021,*ST华鹏,6.41,6.41,6.43,6.48,6.25,6.56,5.83,13467660.0,82905454.0,-1.08,-0.07
603022,新通联,7.43,7.43,7.44,7.63,7.62,7.62,7.12,7081800.0,52105820.0,-2.621,-0.2
603023,威帝股份,3.3,3.3,3.31,3.31,3.31,3.34,3.09,12168456.0,39254698.0,-0.302,-0.01
603025,大豪科技,12.58,12.57,12.58,12.33,12.29,12.6,12.24,9372267.0,116786630.0,2.028,0.25
603026,石大胜华,58.77,58.77,58.78,56.01,56.61,58.88,54.58,11563416.0,661279334.0,4.928,2.76
603027,千禾味业,7.35,7.35,7.36,7.4,7.4,7.52,7.28,18845264.0,139281381.0,-0.676,-0.05
603028,赛福天,5.93,5.93,5.94,5.96,5.94,5.98,5.53,6570700.0,38065543.0,-0.503,-0.03
603029,天鹅股份,13.35,13.34,13.35,13.66,13.65,13.65,12.88,3129510.0,41485141.0,-2.269,-0.31
603030,全筑股份,1.77,1.77,1.78,1.8,1.8,1.8,1.65,52514700.0,90623629.0,-1.667,-0.03
603031,安孚科技,40.38,40.38,40.39,39.72,39.0,40.45,35.75,25597017.0,967162820.0,1.662,0.66
603032,德新科技,17.32,17.31,17.32,16.55,16.97,17.4,15.5,12504136.0,207776847.0,4.653,0.77
603033,三维股份,7.68,7.68,7.69,7.65,7.66,7.9,7.57,9866185.0,76055175.0,0.392,0.03
603035,常熟汽饰,10.76,10.75,10.76,10.85,10.9,10.96,10.7,4063193.0,43875923.0,-0.829,-0.09
603036,如通股份,11.34,11.34,11.35,11.54,11.55,11.62,10.73,6059994.0,67437542.0,-1.733,-0.2
603037,凯众股份,8.95,8.95,8.96,9.03,9.03,9.14,8.6,6231152.0,55145390.0,-0.886,-0.08
603038,华立股份,12.1,12.1,12.11,12.45,12.45,12.52,11.22,10049000.0,119449465.0,-2.811,-0.35
603039,泛微网络,29.86,29.86,29.87,28.89,29.0,29.89,28.31,10169921.0,297916256.0,3.358,0.97
603040,新坐标,54.77,54.77,54.78,50.61,50.6,55.55,47.05,4336246.0,223685913.0,8.22,4.16
603041,美思德,9.65,9.63,9.65,9.91,9.9,9.97,9.23,4481200.0,42792395.0,-2.624,-0.26
603042,华脉科技,10.92,10.92,10.93,10.63,10.84,10.94,9.58,17457672.0,179829982.0,2.728,0.29
603043,广州酒家,13.31,13.31,13.32,13.63,13.63,13.82,13.24,4943663.0,67069568.0,-2.348,-0.32
603045,福达合金,53.98,53.97,53.98,50.63,50.0,53.99,45.57,13770247.0,674437784.0,6.617,3.35
603048,浙江黎明,15.3,15.3,15.37,15.75,15.86,15.86,14.83,2233000.0,33970862.0,-2.857,-0.45
603049,中策橡胶,48.33,48.33,48.35,48.27,48.06,49.32,48.06,4015772.0,195888857.0,0.124,0.06
603050,科林电气,17.05,17.04,17.05,17.73,17.56,17.71,16.4,6618743.0,112071731.0,-3.835,-0.68
603051,鹿山新材,18.27,18.27,18.28,18.43,18.86,18.86,17.02,9424252.0,167903840.0,-0.868,-0.16
603052,可川科技,52.6,52.6,52.66,49.31,50.11,53.0,44.38,7355035.0,357185338.0,6.672,3.29
603053,成都燃气,8.68,8.68,8.69,8.8,8.78,8.92,8.65,3768219.0,32992060.0,-1.364,-0.12
603055,台华新材,8.39,8.39,8.4,8.65,8.63,8.7,8.36,6861140.0,58232832.0,-3.006,-0.26
603057,紫燕食品,20.3,20.3,20.31,20.11,20.13,20.82,19.87,3640112.0,73579989.0,0.945,0.19
603058,永吉股份,7.9,7.86,7.9,7.7,7.78,7.9,7.1,9815512.0,74377889.0,2.597,0.2
603059,倍加洁,22.32,22.31,22.32,22.6,22.57,22.74,21.6,1193100.0,26434127.0,-1.239,-0.28
603060,国检集团,5.19,5.18,5.19,5.32,5.28,5.33,5.03,10526336.0,54283113.0,-2.444,-0.13
603061,金海通,311.39,311.39,0.0,283.08,287.58,311.39,258.35,4142164.0,1198040286.0,10.001,28.31
603062,麦加芯彩,34.35,34.35,34.42,34.05,33.92,34.5,32.84,723736.0,24380260.0,0.881,0.3
603063,禾望电气,30.45,30.43,30.45,29.03,29.65,30.65,26.82,36207388.0,1054000691.0,4.891,1.42
603065,宿迁联盛,13.9,0.0,13.9,15.44,13.9,14.78,13.9,45073079.0,633277130.0,-9.974,-1.54
603066,音飞储存,8.62,8.62,8.63,8.72,8.79,8.79,8.32,6999696.0,59811019.0,-1.147,-0.1
603067,振华股份,32.44,32.44,32.45,31.0,31.42,33.3,28.6,34351886.0,1067305480.0,4.645,1.44
603068,博通集成,33.92,33.91,33.92,32.68,32.68,34.0,30.7,8252691.0,270113156.0,3.794,1.24
603069,海汽集团,11.95,11.95,11.96,12.09,12.01,12.15,11.69,4270200.0,50822416.0,-1.158,-0.14
603070,万控智造,10.6,10.6,10.61,10.48,10.48,10.6,9.9,4366802.0,44743287.0,1.145,0.12
603071,物产环能,11.76,11.76,11.77,11.86,11.75,11.96,11.52,5016200.0,59008223.0,-0.843,-0.1
603072,天和磁材,31.02,31.02,31.04,30.31,30.94,31.18,29.82,2835857.0,86913699.0,2.342,0.71
603073,彩蝶实业,14.02,14.02,14.04,14.47,14.4,14.43,13.49,2395849.0,33366149.0,-3.11,-0.45
603075,热威股份,22.43,22.43,22.44,22.69,22.4,22.72,21.78,3960151.0,88750617.0,-1.146,-0.26
603076,乐惠国际,18.34,18.34,18.35,18.6,18.66,18.93,17.59,3828624.0,69486812.0,-1.398,-0.26
603077,和邦生物,2.31,2.3,2.31,2.28,2.26,2.33,2.25,187581444.0,429588851.0,1.316,0.03
603078,江化微,34.12,34.11,34.12,31.67,31.4,34.23,28.5,44880523.0,1402985518.0,7.736,2.45
603079,圣达生物,10.38,10.37,10.38,10.72,10.75,10.82,10.1,6597700.0,68488656.0,-3.172,-0.34
603080,新疆火炬,17.9,17.9,17.91,18.26,18.27,18.36,17.31,2555700.0,45471171.0,-1.972,-0.36
603081,大丰实业,8.25,8.25,8.26,8.44,8.48,8.52,8.14,5318600.0,44103746.0,-2.251,-0.19
603082,北自科技,31.11,31.11,31.12,30.49,30.51,31.11,28.07,5090413.0,151461099.0,2.033,0.62
603083,剑桥科技,171.05,171.05,171.07,158.52,154.5,174.0,142.67,36900969.0,5770570498.0,7.904,12.53
603085,天成自控,9.16,9.15,9.16,9.14,9.37,9.37,8.69,10068476.0,91129898.0,0.219,0.02
603086,先达股份,5.14,5.14,5.15,5.23,5.23,5.27,5.1,9384136.0,48499063.0,-1.721,-0.09
603087,甘李药业,65.92,65.92,65.93,65.6,65.05,66.44,64.3,10992338.0,717978906.0,0.488,0.32
603088,宁波精达,8.52,8.52,8.53,8.44,8.41,8.6,7.91,10765671.0,89128812.0,0.948,0.08
603089,正裕工业,7.96,7.95,7.96,8.06,8.06,8.13,7.81,3665655.0,29166032.0,-1.241,-0.1
603090,宏盛股份,37.92,37.85,37.92,36.0,36.18,37.92,32.45,7754400.0,274885063.0,5.333,1.92
603091,众鑫股份,43.76,43.76,43.77,44.17,44.21,44.32,40.86,1836960.0,78019513.0,-0.928,-0.41
603092,德力佳,48.6,48.6,48.61,48.51,49.01,49.01,48.0,1492730.0,72341363.0,0.186,0.09
603093,南华期货,16.81,16.8,16.81,16.46,16.38,16.82,16.35,9423675.0,156296674.0,2.126,0.35
603095,越剑智能,11.59,11.58,11.59,11.48,11.4,11.64,10.63,7171180.0,80428242.0,0.958,0.11
603096,新经典,13.3,13.3,13.33,13.67,13.64,13.9,13.16,1991053.0,26706716.0,-2.707,-0.37
603097,江苏华辰,14.64,14.64,14.65,14.64,14.1,14.64,13.18,6622024.0,90946114.0,0.0,0.0
603098,森特股份,9.25,9.25,9.26,9.35,9.35,9.45,8.98,7149569.0,65552993.0,-1.07,-0.1
603099,长白山,36.15,36.15,36.16,35.4,35.4,36.9,35.12,6991021.0,253729259.0,2.119,0.75
603100,川仪股份,17.48,17.48,17.49,17.45,17.48,17.85,17.41,8058990.0,141596688.0,0.172,0.03
603101,汇嘉时代,6.82,6.82,6.83,6.87,6.9,6.95,6.73,10060940.0,68598089.0,-0.728,-0.05
603102,百合股份,31.16,31.16,31.3,31.79,31.79,31.79,30.46,1018599.0,31687693.0,-1.982,-0.63
603103,横店影视,13.42,13.41,13.42,13.42,13.43,13.6,12.93,9486000.0,126044649.0,0.0,0.0
603105,芯能科技,6.85,6.85,6.86,7.01,6.99,6.99,6.71,14315436.0,97472471.0,-2.282,-0.16
603106,恒银科技,6.42,6.42,6.43,6.37,6.34,6.5,6.2,7140700.0,45531223.0,0.785,0.05
603107,上海汽配,11.33,11.33,11.34,11.5,11.32,11.6,11.26,2947147.0,33571472.0,-1.478,-0.17
603108,润达医疗,9.43,9.42,9.43,9.81,9.75,9.76,8.96,35939143.0,334556390.0,-3.874,-0.38
603109,神驰机电,16.05,16.05,16.06,16.22,16.01,16.23,15.45,3412300.0,54126829.0,-1.048,-0.17
603110,东方材料,19.75,19.75,19.76,19.1,19.42,19.79,17.39,18665469.0,347312883.0,3.403,0.65
603111,康尼机电,5.7,5.69,5.7,5.8,5.78,5.86,5.69,8959700.0,51424726.0,-1.724,-0.1
603112,华翔股份,13.7,13.7,13.71,13.38,13.43,14.0,12.91,9821169.0,132654874.0,2.392,0.32
603113,金能科技,4.17,4.17,4.18,4.28,4.26,4.3,4.12,12284391.0,51348197.0,-2.57,-0.11
603115,海星股份,69.9,69.9,69.91,65.66,66.97,69.99,59.09,13417300.0,875554941.0,6.458,4.24
603116,红蜻蜓,5.01,5.01,5.02,5.18,5.15,5.24,4.76,11520681.0,57121102.0,-3.282,-0.17
603117,万林物流,3.36,3.36,3.37,3.4,3.38,3.43,3.26,11928180.0,39851663.0,-1.176,-0.04
603118,共进股份,14.93,14.93,0.0,13.57,13.13,14.93,12.73,133315517.0,1852146213.0,10.022,1.36
603119,浙江荣泰,49.11,49.11,49.12,48.34,48.36,49.66,46.02,12559549.0,605890778.0,1.593,0.77
603120,肯特催化,44.4,0.0,44.4,49.33,44.4,47.03,44.4,6594137.0,295084032.0,-9.994,-4.93
603121,华培动力,10.22,10.22,10.23,10.22,10.28,10.35,9.5,9246286.0,92374380.0,0.0,0.0
603122,合富中国,9.76,9.75,9.76,9.9,9.89,9.9,9.07,22712000.0,215952741.0,-1.414,-0.14
603123,翠微股份,8.67,8.67,0.0,7.88,7.89,8.67,7.85,45476404.0,386701914.0,10.025,0.79
603124,江南新材,114.95,114.95,0.0,104.5,107.0,114.95,98.86,4963375.0,525956682.0,10.0,10.45
603125,常青科技,20.8,20.79,20.8,19.59,19.69,20.8,18.31,9144495.0,179717981.0,6.177,1.21
603126,中材节能,5.61,5.6,5.61,5.68,5.69,5.71,5.43,11831369.0,66034296.0,-1.232,-0.07
603127,昭衍新药,49.12,49.12,49.13,47.0,44.28,49.4,42.5,78079535.0,3612501784.0,4.511,2.12
603128,华贸物流,5.29,5.29,5.3,5.31,5.29,5.38,5.26,11435002.0,60809192.0,-0.377,-0.02
603129,春风动力,274.7,274.55,274.7,287.0,282.5,288.49,269.0,2926015.0,812165039.0,-4.286,-12.3
603130,云中马,33.62,33.61,33.62,34.15,33.7,34.34,31.6,1681700.0,55473619.0,-1.552,-0.53
603131,上海沪工,13.79,13.79,13.8,13.7,13.65,13.82,12.69,11128675.0,148652600.0,0.657,0.09
603132,金徽股份,14.58,14.58,14.59,14.39,14.54,14.66,14.12,5771344.0,83125213.0,1.32,0.19
603135,中重科技,8.7,8.7,8.71,8.53,8.61,8.75,8.02,16464350.0,139476745.0,1.993,0.17
603136,天目湖,8.45,8.45,8.46,8.61,8.59,8.65,8.37,4701030.0,39868490.0,-1.858,-0.16
603137,恒尚节能,23.4,23.4,23.41,25.97,23.37,25.79,23.37,40052972.0,950159838.0,-9.896,-2.57
603138,海量数据,11.75,11.75,11.76,11.62,11.61,11.8,10.8,10859504.0,123420701.0,1.119,0.13
603139,康惠股份,32.26,32.22,32.26,32.37,31.93,32.35,29.13,6049660.0,184659188.0,-0.34,-0.11
603150,万朗磁塑,50.39,50.37,50.39,48.8,48.51,51.5,44.03,3297600.0,157632598.0,3.258,1.59
603151,邦基科技,11.73,11.73,11.75,12.67,12.67,12.69,11.4,12223151.0,143839158.0,-7.419,-0.94
603153,上海建科,12.97,12.97,12.99,13.18,13.31,13.31,12.92,2241200.0,29263685.0,-1.593,-0.21
603155,新亚强,13.6,13.59,13.6,12.81,12.81,13.6,11.53,22251400.0,281310266.0,6.167,0.79
603156,养元饮品,35.46,35.46,35.48,33.68,34.1,35.66,33.0,12675888.0,438308670.0,5.285,1.78
603158,腾龙股份,8.91,8.9,8.91,8.64,8.72,9.06,7.97,30296568.0,260950052.0,3.125,0.27
603159,上海亚虹,18.22,18.22,18.23,19.48,20.25,20.3,17.8,8419060.0,156810173.0,-6.468,-1.26
603160,汇顶科技,51.47,51.46,51.47,49.39,49.93,51.7,49.09,8727879.0,442778525.0,4.211,2.08
603161,科华控股,14.52,14.52,0.0,13.2,13.35,14.52,12.97,8367967.0,114815451.0,10.0,1.32
603162,海通发展,10.25,10.25,10.26,10.2,10.1,10.33,9.88,41655279.0,422102908.0,0.49,0.05
603163,圣晖集成,80.11,80.11,80.18,73.82,73.82,80.19,66.44,6509850.0,474612461.0,8.521,6.29
603165,荣晟环保,12.45,12.45,12.46,12.33,12.39,12.56,12.1,7638972.0,94405455.0,0.973,0.12
603166,福达股份,9.85,9.85,9.86,9.54,9.54,9.87,9.28,11716007.0,112858881.0,3.249,0.31
603167,渤海轮渡,8.48,8.47,8.48,8.57,8.57,8.6,8.46,5941000.0,50571633.0,-1.05,-0.09
603168,莎普爱思,4.8,4.79,4.8,4.92,4.94,4.94,4.6,11979600.0,56831574.0,-2.439,-0.12
603169,兰石重装,5.96,5.96,5.97,5.91,5.96,6.03,5.73,18161123.0,107511654.0,0.846,0.05
603170,宝立食品,12.06,12.03,12.06,12.31,12.32,12.37,11.9,3689056.0,44682500.0,-2.031,-0.25
603171,税友股份,37.16,37.16,37.18,36.7,36.58,37.57,35.88,5913916.0,218492204.0,1.253,0.46
603172,万丰股份,14.66,14.66,14.68,14.82,15.01,15.01,13.34,2887440.0,41467538.0,-1.08,-0.16
603173,福斯达,30.47,30.47,30.48,29.9,29.9,30.65,29.01,1051200.0,31503261.0,1.906,0.57
603175,超颖电子,78.0,78.0,78.01,72.52,72.22,78.47,67.59,4085616.0,301322800.0,7.557,5.48
603176,汇通集团,3.95,3.94,3.95,4.04,4.07,4.07,3.75,7195000.0,27891310.0,-2.228,-0.09
603177,德创环保,7.9,7.9,7.91,8.13,8.03,8.11,7.32,9164000.0,70360159.0,-2.829,-0.23
603178,圣龙股份,16.08,16.07,16.08,16.29,16.0,16.79,14.66,23754420.0,366011241.0,-1.289,-0.21
603179,新泉股份,42.61,42.6,42.61,40.81,40.98,43.24,39.95,20382022.0,846985111.0,4.411,1.8
603180,金牌家居,13.75,13.71,13.75,13.91,14.05,14.14,13.57,1053383.0,14477798.0,-1.15,-0.16
603181,皇马科技,12.15,12.15,12.16,11.92,11.86,12.32,11.68,10118218.0,121379721.0,1.93,0.23
603182,嘉华股份,11.08,11.07,11.08,11.42,11.58,11.58,10.93,3033245.0,33759999.0,-2.977,-0.34
603183,建研院,3.72,3.72,3.73,3.8,3.81,3.82,3.5,33067344.0,120645826.0,-2.105,-0.08
603185,弘元绿能,13.19,13.18,13.19,13.06,12.91,13.28,12.49,15264668.0,197563112.0,0.995,0.13
603186,华正新材,148.0,147.93,148.0,143.37,140.51,149.49,129.03,26373264.0,3652064653.0,3.229,4.63
603187,海容冷链,11.75,11.74,11.75,11.75,11.76,11.87,11.54,6855060.0,80324314.0,0.0,0.0
603188,亚邦股份,3.68,3.67,3.68,3.76,3.81,3.82,3.38,20930101.0,75367665.0,-2.128,-0.08
603189,*ST网达,8.29,8.28,8.29,8.11,8.5,8.5,7.74,4259961.0,34430185.0,2.219,0.18
603190,亚通精工,14.58,14.57,14.58,14.84,14.88,14.88,14.04,3126800.0,45164710.0,-1.752,-0.26
603191,望变电气,12.52,12.51,12.52,12.42,12.44,12.54,11.68,9587200.0,116720392.0,0.805,0.1
603192,汇得科技,21.01,21.01,0.0,19.1,19.02,21.01,18.29,4215810.0,82993652.0,10.0,1.91
603193,润本股份,19.32,19.32,19.33,19.41,19.41,19.87,19.24,3407147.0,66603885.0,-0.464,-0.09
603194,中力股份,33.92,33.92,33.94,33.29,33.52,34.42,33.34,2117477.0,71933331.0,1.892,0.63
603195,公牛集团,38.79,38.78,38.79,38.3,38.34,39.61,38.3,8316616.0,323469294.0,1.279,0.49
603196,璞源材料,19.84,19.83,19.86,19.03,19.19,19.98,18.16,4557810.0,87595803.0,4.256,0.81
603197,保隆科技,29.15,29.15,29.16,28.72,28.85,29.32,28.28,5566273.0,160890758.0,1.497,0.43
603198,迎驾贡酒,34.83,34.83,34.85,35.03,35.0,35.54,34.5,11418237.0,399567090.0,-0.571,-0.2
603199,九华旅游,31.45,31.44,31.45,31.71,31.65,31.97,31.16,1924900.0,60503230.0,-0.82,-0.26
603200,上海洗霸,33.07,33.07,33.08,32.47,32.45,33.2,30.85,4699440.0,151302866.0,1.848,0.6
603201,常润股份,15.23,15.23,15.24,16.05,14.8,15.94,14.45,11406017.0,169723162.0,-5.109,-0.82
603202,天有为,51.0,50.99,51.0,51.61,51.51,52.42,50.89,1917514.0,98828493.0,-1.182,-0.61
603203,快克智能,42.5,42.5,42.51,39.34,39.34,42.65,35.41,18481838.0,721327267.0,8.033,3.16
603205,健尔康,20.5,20.49,20.5,21.2,21.56,21.56,20.31,1798922.0,37089916.0,-3.302,-0.7
603206,嘉环科技,12.73,12.73,12.74,12.72,12.57,12.8,11.91,6667700.0,82785591.0,0.079,0.01
603207,小方制药,22.11,22.11,22.14,22.94,22.94,23.12,21.91,2755318.0,61375294.0,-3.618,-0.83
603208,江山欧派,9.5,9.49,9.5,9.93,10.01,10.01,9.34,3274911.0,31505569.0,-4.33,-0.43
603209,兴通股份,13.04,13.04,13.05,13.21,13.22,13.28,12.93,4387480.0,57395584.0,-1.287,-0.17
603210,泰鸿万立,13.28,13.28,13.29,13.32,13.28,13.45,13.13,2828894.0,37586485.0,-0.3,-0.04
603211,晋拓股份,26.89,26.88,26.89,29.16,27.26,28.02,26.24,17635600.0,472023962.0,-7.785,-2.27
603212,赛伍技术,9.7,9.69,9.7,9.51,9.51,9.85,9.02,15602820.0,148249915.0,1.998,0.19
603213,镇洋发展,13.43,13.42,13.43,13.61,13.66,13.68,13.32,5130750.0,69141960.0,-1.323,-0.18
603214,爱婴室,12.06,12.05,12.06,12.38,12.23,12.48,11.91,4717100.0,57144962.0,-2.585,-0.32
603215,比依股份,13.33,13.33,13.36,13.57,13.61,13.69,13.06,1521600.0,20263407.0,-1.769,-0.24
603216,梦天家居,18.38,18.37,18.38,18.57,18.62,19.16,17.29,6700191.0,121593478.0,-1.023,-0.19
603217,元利科技,17.67,17.65,17.67,17.46,17.59,17.8,16.69,4450959.0,76889532.0,1.203,0.21
603218,日月股份,9.84,9.84,9.85,9.73,9.73,9.88,9.7,11476593.0,112390947.0,1.131,0.11
603219,富佳股份,12.4,12.4,12.41,12.3,12.22,12.51,11.63,6698600.0,81549080.0,0.813,0.1
603220,中贝通信,18.13,18.12,18.13,17.58,17.57,18.13,16.4,25531231.0,445080468.0,3.129,0.55
603221,爱丽家居,10.52,10.52,0.0,9.56,10.52,10.52,10.52,278100.0,2925612.0,10.042,0.96
603222,济民健康,8.61,8.61,8.62,8.97,8.72,8.78,8.07,40974235.0,344477945.0,-4.013,-0.36
603223,恒通股份,10.63,10.62,10.63,10.84,10.85,11.24,10.15,20767640.0,219239447.0,-1.937,-0.21
603225,新凤鸣,18.28,18.27,18.28,18.39,18.4,19.1,18.01,27675039.0,511634707.0,-0.598,-0.11
603226,菲林格尔,45.54,45.4,45.54,43.26,45.67,46.0,38.93,9647174.0,406123795.0,5.27,2.28
603227,雪峰科技,7.13,7.12,7.13,7.08,7.1,7.22,7.04,10446636.0,74543813.0,0.706,0.05
603228,景旺电子,73.86,73.86,73.87,71.8,71.21,75.0,64.62,67693570.0,4752076089.0,2.869,2.06
603229,奥翔药业,7.84,7.83,7.84,8.05,8.05,8.05,7.76,11658180.0,91637191.0,-2.609,-0.21
603230,内蒙新华,8.83,8.83,8.84,8.88,8.92,8.96,8.7,2483300.0,21881911.0,-0.563,-0.05
603231,索宝蛋白,13.93,13.93,13.95,14.17,14.3,14.3,13.81,3066202.0,42831252.0,-1.694,-0.24
603232,格尔软件,13.39,13.39,13.4,13.05,13.19,13.4,12.4,7808058.0,101773566.0,2.605,0.34
603233,大参林,18.91,18.91,18.94,18.82,18.82,19.49,18.61,10096000.0,192478700.0,0.478,0.09
603235,天新药业,25.02,25.01,25.02,24.39,24.75,25.04,24.42,1075294.0,26669860.0,2.583,0.63
603236,移远通信,49.75,49.75,49.76,48.35,48.35,50.16,48.3,11950468.0,590647744.0,2.896,1.4
603237,五芳斋,13.69,13.69,13.7,14.04,14.03,14.15,13.57,1630380.0,22424654.0,-2.493,-0.35
603238,诺邦股份,10.92,10.92,10.93,11.24,11.16,11.28,10.71,4977725.0,54429033.0,-2.847,-0.32
603239,浙江仙通,12.92,12.92,12.93,12.94,12.82,13.04,12.34,5395436.0,68827344.0,-0.155,-0.02
603248,锡华科技,17.15,17.14,17.15,17.24,17.24,17.39,16.43,4867490.0,82627982.0,-0.522,-0.09
603255,鼎际得,25.9,25.89,25.9,27.9,27.8,28.0,25.11,3289600.0,84338159.0,-7.168,-2.0
603256,宏和科技,158.68,158.68,0.0,144.25,152.13,158.68,134.01,14464088.0,2144931112.0,10.003,14.43
603257,中国瑞林,66.74,66.74,66.79,64.99,64.64,66.95,61.2,2038100.0,131155109.0,2.693,1.75
603258,电魂网络,11.28,11.28,11.29,11.32,11.42,11.48,10.9,4218400.0,47170955.0,-0.353,-0.04
603259,药明康德,126.45,126.45,126.46,124.22,126.0,126.83,120.8,64827986.0,8016853067.0,1.795,2.23
603260,合盛硅业,33.3,33.3,33.31,32.19,32.3,33.54,31.66,16331891.0,534171837.0,3.448,1.11
603261,立航科技,41.17,41.11,41.17,42.62,42.48,42.48,38.36,2847900.0,113471605.0,-3.402,-1.45
603262,技源集团,21.8,21.8,21.85,21.65,21.05,21.99,20.43,2629440.0,55302879.0,0.693,0.15
603266,天龙股份,14.91,14.91,14.92,14.81,14.98,15.0,14.23,3227900.0,47406492.0,0.675,0.1
603267,鸿远电子,47.03,47.02,47.03,43.49,44.23,47.11,41.4,14547209.0,650905346.0,8.14,3.54
603268,松发股份,155.69,155.68,155.69,147.4,149.68,155.87,144.56,10057482.0,1512974839.0,5.624,8.29
603269,海鸥股份,11.68,11.65,11.68,11.49,11.72,12.02,10.34,33935712.0,382283743.0,1.654,0.19
603270,金帝股份,24.26,24.26,24.28,24.22,24.25,24.62,22.23,7365829.0,173065875.0,0.165,0.04
603271,永杰新材,42.76,42.76,42.77,41.88,42.11,43.17,41.31,2293691.0,97225355.0,2.101,0.88
603272,*ST联翔,13.91,13.9,13.91,13.91,14.1,14.25,12.52,7194800.0,94264084.0,0.0,0.0
603273,天元智能,12.8,12.8,12.81,12.87,12.87,12.99,12.23,3559347.0,44979424.0,-0.544,-0.07
603275,众辰科技,34.25,34.25,34.26,33.74,33.78,34.39,32.39,1422148.0,47725066.0,1.512,0.51
603276,恒兴新材,13.44,13.44,13.46,13.55,13.66,13.74,12.77,3199500.0,42343326.0,-0.812,-0.11
603277,银都股份,10.0,10.0,10.01,10.25,10.25,10.45,9.92,4283580.0,43481467.0,-2.439,-0.25
603278,大业股份,8.2,8.19,8.2,8.08,8.08,8.25,7.38,18261783.0,143570300.0,1.485,0.12
603279,景津装备,12.58,12.58,12.59,12.79,12.83,12.93,12.52,9848234.0,125389943.0,-1.642,-0.21
603280,南方路机,23.61,23.6,23.61,23.69,23.69,23.94,22.81,1338800.0,31319755.0,-0.338,-0.08
603281,江瀚新材,19.43,19.42,19.43,18.61,18.7,19.43,17.78,7090549.0,132789969.0,4.406,0.82
603282,亚光股份,13.03,13.03,13.08,13.16,13.29,13.39,12.47,2373900.0,30498048.0,-0.988,-0.13
603283,赛腾股份,45.86,45.86,45.87,42.17,42.48,46.05,38.0,40307897.0,1704046494.0,8.75,3.69
603284,林平发展,39.59,39.59,39.6,37.66,37.6,39.98,37.3,3072725.0,120121452.0,5.125,1.93
603285,键邦股份,30.43,30.43,30.44,29.06,29.03,31.0,26.15,8204701.0,232950027.0,4.714,1.37
603286,日盈电子,41.0,40.96,41.02,39.93,40.8,41.13,36.32,6081350.0,238242466.0,2.68,1.07
603288,海天味业,36.52,36.52,36.53,37.0,36.8,37.64,36.15,32347750.0,1188769089.0,-1.297,-0.48
603289,泰瑞机器,7.57,7.56,7.57,7.65,7.65,7.68,7.18,6592852.0,49106037.0,-1.046,-0.08
603290,斯达半导,88.77,88.77,88.78,81.74,83.64,88.87,76.88,12805946.0,1071861556.0,8.6,7.03
603291,联合水务,7.82,7.82,7.83,7.97,7.98,7.99,7.6,5295300.0,41086875.0,-1.882,-0.15
603293,埃泰克,34.89,34.89,34.9,34.85,34.7,34.94,33.33,1996683.0,68545501.0,0.115,0.04
603296,华勤技术,79.7,79.69,79.7,73.28,74.5,79.88,72.4,35883549.0,2751709027.0,8.761,6.42
603297,永新光学,95.48,95.48,95.49,90.0,92.89,96.47,87.4,2098991.0,194706065.0,6.089,5.48
603298,杭叉集团,26.15,26.15,26.16,26.77,26.84,27.35,25.7,9915544.0,261881090.0,-2.316,-0.62
603299,苏盐井神,9.27,9.26,9.27,9.36,9.36,9.49,9.2,6871983.0,64343240.0,-0.962,-0.09
603300,海南华铁,4.8,4.79,4.8,4.81,4.75,4.9,4.71,70618028.0,339738257.0,-0.208,-0.01
603301,振德医疗,87.2,87.2,87.3,85.1,85.26,88.4,84.06,2070012.0,179135585.0,2.468,2.1
603303,得邦照明,18.54,0.0,18.54,20.6,20.1,20.28,18.54,12502940.0,233243014.0,-10.0,-2.06
603305,旭升集团,10.95,10.95,10.96,10.8,10.8,11.06,10.69,24899572.0,271617451.0,1.389,0.15
603306,华懋科技,70.65,70.65,0.0,64.23,63.89,70.65,58.59,23367030.0,1512876984.0,9.995,6.42
603307,扬州金泉,21.67,21.65,21.67,22.42,23.11,23.11,20.93,1118455.0,24129982.0,-3.345,-0.75
603308,应流股份,46.61,46.6,46.61,43.9,44.55,47.11,41.81,24435254.0,1102367719.0,6.173,2.71
603309,维力医疗,11.76,11.76,11.77,11.93,11.85,12.03,11.58,5209550.0,61268153.0,-1.425,-0.17
603310,巍华新材,14.43,14.43,14.44,14.52,14.45,14.56,14.18,2103559.0,30173290.0,-0.62,-0.09
603311,金海高科,24.71,24.71,0.0,22.46,23.0,24.71,20.38,9468100.0,214402915.0,10.018,2.25
603312,西典新能,30.82,30.82,30.85,30.87,30.65,31.0,29.76,1115800.0,33883060.0,-0.162,-0.05
603313,梦百合,5.62,5.61,5.62,6.23,5.61,5.67,5.61,30908809.0,173459049.0,-9.791,-0.61
603315,福鞍股份,10.87,10.86,10.87,10.72,10.75,10.89,9.96,9328600.0,98245734.0,1.399,0.15
603316,诚邦股份,13.2,13.19,13.2,12.89,12.57,13.23,11.6,26223090.0,322652875.0,2.405,0.31
603317,天味食品,13.81,13.81,13.82,13.85,13.83,14.1,13.61,17363000.0,240201272.0,-0.289,-0.04
603318,水发燃气,8.0,7.99,8.0,8.73,8.3,8.33,7.86,64566681.0,512924943.0,-8.362,-0.73
603319,美湖股份,24.79,24.79,24.8,24.41,24.83,25.16,23.02,17047579.0,413254463.0,1.557,0.38
603320,迪贝电气,15.35,15.33,15.36,16.08,15.92,16.1,14.47,6233553.0,93675229.0,-4.54,-0.73
603321,梅轮电梯,5.56,5.55,5.56,5.69,5.64,5.67,5.35,7048900.0,38780006.0,-2.285,-0.13
603322,超讯科技,25.33,25.32,25.33,25.38,25.59,25.68,22.89,9786400.0,239651045.0,-0.197,-0.05
603323,苏农银行,4.2,4.2,4.22,4.28,4.27,4.32,4.18,48388789.0,205766745.0,-1.869,-0.08
603324,盛剑科技,28.18,28.18,28.19,26.47,27.44,28.33,23.82,11574700.0,305377615.0,6.46,1.71
603325,博隆技术,51.31,51.31,51.34,52.0,52.4,52.6,50.84,553771.0,28579680.0,-1.327,-0.69
603326,我乐家居,5.74,5.74,5.75,5.95,5.95,5.99,5.53,6433600.0,36863424.0,-3.529,-0.21
603327,福蓉科技,8.18,8.18,8.19,8.18,7.97,8.25,7.68,46762778.0,372443795.0,0.0,0.0
603328,依顿电子,8.9,8.89,8.9,8.45,8.46,8.94,8.04,30153900.0,259006461.0,5.325,0.45
603329,上海雅仕,9.15,9.15,9.19,9.35,9.36,9.39,8.91,5173946.0,47273956.0,-2.139,-0.2
603330,天洋新材,6.12,6.12,6.13,6.06,6.07,6.14,5.51,27085140.0,158715184.0,0.99,0.06
603331,百达精工,10.06,10.06,10.07,10.08,10.08,10.18,9.45,8101200.0,79890571.0,-0.198,-0.02
603332,苏州龙杰,10.08,10.08,10.09,10.25,10.18,10.3,9.71,4894952.0,48866585.0,-1.659,-0.17
603333,福华尚纬,8.1,8.09,8.1,7.98,8.0,8.1,7.85,13461483.0,107285568.0,1.504,0.12
603334,丰倍生物,30.64,30.64,30.65,31.14,31.07,31.14,29.6,2167550.0,65943778.0,-1.606,-0.5
603335,迪生力,5.49,5.49,5.5,5.34,5.4,5.5,4.83,21546584.0,112148241.0,2.809,0.15
603336,宏辉果蔬,7.99,7.98,7.99,8.06,8.0,8.12,7.25,32066773.0,246376368.0,-0.868,-0.07
603337,杰克科技,40.32,40.31,40.32,38.43,38.01,40.97,38.01,7552310.0,301173812.0,4.918,1.89
603338,浙江鼎力,52.22,52.21,52.22,51.87,51.36,53.73,50.88,7147280.0,376469271.0,0.675,0.35
603339,四方科技,11.3,11.3,11.31,10.69,10.8,11.59,10.43,13441012.0,147646853.0,5.706,0.61
603341,龙旗科技,38.81,38.8,38.81,38.04,38.2,39.15,37.23,12888183.0,495969901.0,2.024,0.77
603344,星德胜,20.4,20.4,20.43,20.3,20.1,20.51,19.02,2627874.0,52336136.0,0.493,0.1
603345,安井食品,86.8,86.79,86.8,87.78,86.91,88.75,85.79,6091595.0,529934754.0,-1.116,-0.98
603348,文灿股份,13.19,13.19,13.2,13.4,13.4,13.54,13.05,3014804.0,39859326.0,-1.567,-0.21
603350,安乃达,28.4,28.4,28.43,28.0,27.99,28.55,26.8,1225200.0,34048270.0,1.429,0.4
603351,威尔药业,22.85,22.85,22.89,23.33,23.4,23.4,21.9,1583140.0,35645000.0,-2.057,-0.48
603352,至信股份,24.08,24.08,24.1,23.99,23.81,24.17,23.5,1369699.0,32703609.0,0.375,0.09
603353,和顺石油,27.98,27.98,27.99,28.08,27.41,28.19,25.27,6554300.0,175203283.0,-0.356,-0.1
603355,莱克电气,25.38,25.34,25.38,24.77,24.97,25.5,24.39,2914724.0,72917861.0,2.463,0.61
603356,华菱精工,13.3,13.28,13.3,13.0,13.15,13.5,11.76,5201900.0,65154928.0,2.308,0.3
603357,设计总院,5.8,5.79,5.8,5.88,5.88,5.88,5.73,4878684.0,28241335.0,-1.361,-0.08
603358,华达科技,33.9,33.9,33.91,33.75,33.75,34.5,30.38,15341000.0,496573543.0,0.444,0.15
603359,*ST东珠,1.99,1.98,1.99,2.06,2.07,2.07,1.88,10211379.0,19914608.0,-3.398,-0.07
603360,百傲化学,12.26,12.25,12.26,11.65,11.7,12.29,11.18,18992947.0,224746976.0,5.236,0.61
603363,傲农生物,2.71,2.71,2.72,2.75,2.75,2.75,2.67,31755226.0,85799204.0,-1.455,-0.04
603365,水星家纺,18.34,18.32,18.34,18.5,18.11,18.92,18.0,4354208.0,80072744.0,-0.865,-0.16
603366,日出东方,6.46,6.46,6.47,6.55,6.55,6.56,6.39,12125405.0,78448110.0,-1.374,-0.09
603367,辰欣药业,14.05,14.05,14.06,14.63,14.36,14.36,13.76,21577778.0,302851997.0,-3.964,-0.58
603368,柳药集团,15.35,15.35,15.37,15.71,15.71,15.74,15.31,6118975.0,94611227.0,-2.292,-0.36
603369,今世缘,26.39,26.39,26.4,26.7,26.51,27.01,26.22,18919885.0,501681931.0,-1.161,-0.31
603370,华新精科,34.76,34.76,34.77,34.3,34.3,34.89,33.65,973975.0,33505623.0,1.341,0.46
603373,安邦护卫,34.7,34.7,34.71,35.1,36.13,36.13,34.08,5074466.0,176836881.0,-1.14,-0.4
603375,盛景微,33.44,33.42,33.44,33.16,33.6,33.97,29.84,3462983.0,111488945.0,0.844,0.28
603376,大明电子,23.91,23.9,23.91,23.93,23.78,24.2,23.43,1060046.0,25216525.0,-0.084,-0.02
603377,ST东时,2.69,2.69,2.7,2.64,2.63,2.76,2.6,4512130.0,12105266.0,1.894,0.05
603378,*ST亚士,4.18,0.0,4.18,4.64,4.34,4.44,4.18,12896042.0,54249599.0,-9.914,-0.46
603379,三美股份,59.76,59.75,59.76,58.17,58.0,60.68,57.11,13112816.0,775404985.0,2.733,1.59
603380,易德龙,35.02,35.0,35.02,33.6,33.44,35.11,30.46,5661523.0,186750380.0,4.226,1.42
603381,永臻股份,13.49,13.49,13.5,13.55,13.55,13.64,13.09,5147658.0,68955442.0,-0.443,-0.06
603382,海阳科技,16.24,16.24,16.25,16.66,16.62,16.69,16.04,2841806.0,46158296.0,-2.521,-0.42
603383,顶点软件,26.67,26.67,26.68,26.1,26.2,26.89,26.04,4316590.0,114350430.0,2.184,0.57
603385,惠达卫浴,4.62,4.62,4.63,4.71,4.76,4.8,4.48,6809290.0,31361573.0,-1.911,-0.09
603386,骏亚科技,11.49,11.48,11.49,11.17,11.1,11.53,10.05,17975900.0,194238090.0,2.865,0.32
603387,基蛋生物,8.62,8.62,8.63,8.94,8.8,8.82,8.45,19047175.0,164301207.0,-3.579,-0.32
603389,亚振家居,43.04,43.02,43.04,44.0,44.0,44.5,39.7,5521580.0,233345915.0,-2.182,-0.96
603390,通达电气,8.93,8.93,8.94,8.97,8.91,9.01,8.54,9473000.0,83475982.0,-0.446,-0.04
603391,力聚热能,52.38,52.38,0.0,47.62,42.86,52.38,42.86,2588084.0,119219993.0,9.996,4.76
603392,万泰生物,28.96,28.96,28.97,29.24,29.25,29.63,28.73,7134940.0,207843492.0,-0.958,-0.28
603393,新天然气,24.54,24.54,24.55,25.37,24.82,24.95,24.1,12642675.0,310971181.0,-3.272,-0.83
603395,红四方,22.18,22.18,22.19,22.98,22.74,22.93,22.08,5316394.0,119228130.0,-3.481,-0.8
603396,金辰股份,22.28,22.28,22.29,22.16,21.79,22.35,21.18,4218877.0,92240101.0,0.542,0.12
603398,*ST沐邦,9.15,0.0,9.15,10.17,9.36,9.84,9.15,12731323.0,117259799.0,-10.029,-1.02
603399,永杉锂业,12.34,12.34,12.35,11.59,11.76,12.38,10.69,60690142.0,708076881.0,6.471,0.75
603400,华之杰,34.19,34.19,34.28,33.04,32.73,34.66,30.92,2203610.0,72653755.0,3.481,1.15
603402,陕西旅游,59.95,59.95,59.97,60.69,60.5,61.35,59.36,1552780.0,93614191.0,-1.219,-0.74
603406,天富龙,27.05,27.04,27.05,26.26,26.26,27.4,26.11,2063533.0,54957554.0,3.008,0.79
603407,长裕集团,58.49,58.49,0.0,53.17,56.15,58.49,54.68,5475281.0,314855531.0,10.006,5.32
603408,建霖家居,9.85,9.84,9.85,9.91,9.92,10.03,9.72,3187200.0,31445086.0,-0.605,-0.06
603409,汇通控股,16.33,16.33,16.34,16.37,16.3,16.68,15.87,3082656.0,50052274.0,-0.244,-0.04
603416,信捷电气,48.68,48.68,48.69,47.86,47.99,49.1,46.89,3722100.0,179204593.0,1.713,0.82
603418,友升股份,43.74,43.74,43.75,43.47,43.48,43.89,43.2,846255.0,36921692.0,0.621,0.27
603421,鼎信通讯,5.23,5.23,5.24,5.17,5.18,5.28,4.83,12735220.0,64882546.0,1.161,0.06
603429,*ST集友,7.39,7.38,7.39,7.6,7.6,7.89,7.08,5479439.0,40496638.0,-2.763,-0.21
603435,嘉德利,45.05,45.05,0.0,40.95,40.63,45.05,38.96,4570818.0,192398781.0,10.012,4.1
603439,三力制药,10.13,10.12,10.13,10.5,10.35,10.37,9.51,18542500.0,183624806.0,-3.524,-0.37
603444,吉比特,356.0,355.99,356.0,351.94,350.98,360.5,348.12,1964649.0,699837264.0,1.154,4.06
603456,九洲药业,14.73,14.73,14.74,15.08,14.98,15.1,14.52,28241166.0,416353101.0,-2.321,-0.35
603458,勘设股份,7.0,6.99,7.0,6.88,6.96,7.05,6.19,22709308.0,151642065.0,1.744,0.12
603459,红板科技,77.0,76.99,77.0,74.08,71.06,77.99,66.67,16933798.0,1220527737.0,3.942,2.92
603466,风语筑,11.82,11.81,11.82,12.02,11.84,11.98,11.01,75248635.0,868756335.0,-1.664,-0.2
603477,巨星农牧,14.7,14.7,14.71,15.27,15.09,15.2,14.58,19337595.0,286790130.0,-3.733,-0.57
603486,科沃斯,56.35,56.35,56.36,55.3,54.6,57.9,54.2,10701897.0,603934093.0,1.899,1.05
603488,展鹏科技,7.11,7.11,7.12,6.97,7.14,7.15,6.27,12867180.0,86130256.0,2.009,0.14
603489,八方股份,24.34,24.33,24.34,24.29,24.33,24.62,22.91,4062918.0,96764117.0,0.206,0.05
603496,恒为科技,24.53,24.53,24.54,24.09,23.89,24.85,22.01,26541468.0,630323221.0,1.826,0.44
603499,翔港科技,10.53,10.53,10.54,10.4,10.4,10.59,9.66,8432498.0,86004565.0,1.25,0.13
603500,祥和实业,8.15,8.14,8.15,7.76,7.9,8.3,7.56,12561594.0,100083424.0,5.026,0.39
603501,豪威集团,102.42,102.42,102.43,101.16,104.0,104.0,98.24,34127642.0,3472224638.0,1.246,1.26
603505,金石资源,15.13,15.13,15.14,14.82,14.64,15.32,14.06,22884319.0,337781581.0,2.092,0.31
603506,南都物业,8.85,8.85,8.86,9.07,9.15,9.15,8.61,5409978.0,47723491.0,-2.426,-0.22
603507,振江股份,21.29,21.28,21.29,20.9,20.48,21.32,19.63,10836533.0,222896207.0,1.866,0.39
603508,思维列控,22.56,22.56,22.57,22.55,22.41,22.88,22.36,5760258.0,130348750.0,0.044,0.01
603511,爱慕股份,11.33,11.33,11.36,11.5,11.62,11.64,11.2,1814250.0,20576678.0,-1.478,-0.17
603515,欧普照明,17.26,17.25,17.26,16.99,17.0,17.63,17.0,2584330.0,44926441.0,1.589,0.27
603516,淳中科技,91.09,91.09,0.0,82.81,88.0,91.09,83.0,10783344.0,957705351.0,9.999,8.28
603517,ST绝味,10.08,10.08,10.09,10.22,10.27,10.44,10.08,5864901.0,59870057.0,-1.37,-0.14
603518,锦泓集团,7.49,7.49,7.5,7.69,7.66,7.68,7.43,7311230.0,54916500.0,-2.601,-0.2
603519,立霸股份,15.84,0.0,15.84,17.6,16.6,16.6,15.84,5884400.0,94086007.0,-10.0,-1.76
603520,司太立,8.67,8.67,8.68,8.56,8.46,8.68,8.22,14623214.0,123258631.0,1.285,0.11
603527,众源新材,8.75,8.74,8.75,8.48,8.51,8.75,8.04,10473216.0,88486218.0,3.184,0.27
603528,多伦科技,5.68,5.68,5.69,5.62,5.62,5.74,5.41,14156800.0,79391014.0,1.068,0.06
603529,爱玛科技,21.07,21.06,21.07,21.4,21.37,21.88,21.02,9882703.0,211755170.0,-1.542,-0.33
603530,神马电力,44.07,44.05,44.07,42.85,42.66,44.08,41.63,3664085.0,157501351.0,2.847,1.22
603533,掌阅科技,19.83,19.83,19.84,19.69,18.94,20.1,18.53,43171558.0,836608823.0,0.711,0.14
603535,嘉诚国际,5.92,5.92,5.93,5.97,5.92,5.99,5.83,6077851.0,35881011.0,-0.838,-0.05
603536,惠发食品,7.94,7.93,7.94,8.11,8.09,8.09,7.7,9170256.0,72339202.0,-2.096,-0.17
603538,美诺华,27.96,0.0,27.96,31.07,28.08,29.37,27.96,71103221.0,2006674026.0,-10.01,-3.11
603551,奥普科技,9.14,9.14,9.15,9.27,9.27,9.37,9.04,2926900.0,26836592.0,-1.402,-0.13
603556,海兴电力,23.15,23.15,23.16,24.59,24.41,24.41,22.9,14078591.0,330625273.0,-5.856,-1.44
603557,*ST起步,4.03,4.02,4.03,4.01,3.96,4.09,3.93,5440400.0,21838921.0,0.499,0.02
603558,健盛集团,11.76,11.76,11.78,11.73,11.78,11.93,11.62,4110500.0,48287496.0,0.256,0.03
603559,中通国脉,7.56,7.56,7.57,7.34,7.39,7.56,6.62,10387700.0,73740079.0,2.997,0.22
603565,中谷物流,10.5,10.5,10.51,10.26,10.27,10.66,10.2,22084339.0,232351594.0,2.339,0.24
603566,普莱柯,10.31,10.31,10.32,10.52,10.41,10.57,10.2,4506026.0,46604270.0,-1.996,-0.21
603567,珍宝岛,6.17,6.17,6.18,5.75,5.57,6.23,5.29,105025084.0,595489078.0,7.304,0.42
603568,伟明环保,14.59,14.59,14.6,14.82,14.76,15.18,14.5,13187720.0,195964529.0,-1.552,-0.23
603569,长久物流,5.61,5.61,5.62,5.7,5.81,5.81,5.55,5951700.0,33530315.0,-1.579,-0.09
603577,汇金通,9.1,9.1,9.11,9.2,9.29,9.32,8.28,12184940.0,106714955.0,-1.087,-0.1
603578,三星新材,10.66,10.66,10.67,10.94,11.11,11.15,9.91,8063455.0,84434206.0,-2.559,-0.28
603579,荣泰健康,16.37,16.37,16.39,16.51,16.52,16.62,15.92,3272050.0,53320066.0,-0.848,-0.14
603580,艾艾精工,36.39,0.0,36.39,40.43,36.39,38.0,36.39,5485700.0,199919171.0,-9.993,-4.04
603583,捷昌驱动,24.1,24.1,24.11,23.82,23.83,24.36,23.75,5592206.0,134270599.0,1.175,0.28
603585,苏利股份,9.21,9.21,9.22,9.27,9.27,9.38,8.89,5647686.0,51551070.0,-0.647,-0.06
603586,金麒麟,12.25,12.2,12.25,12.3,12.27,12.35,11.71,2768800.0,33293101.0,-0.407,-0.05
603587,地素时尚,11.53,11.53,11.54,11.74,11.8,11.84,11.47,2939700.0,34118062.0,-1.789,-0.21
603588,高能环境,12.25,12.25,12.26,11.65,11.7,12.39,11.05,89127287.0,1055249638.0,5.15,0.6
603589,口子窖,19.68,19.68,19.69,20.11,19.91,20.43,19.63,10606711.0,212328030.0,-2.138,-0.43
603590,康辰药业,33.26,33.23,33.26,34.0,34.0,34.0,31.88,5203003.0,170394561.0,-2.176,-0.74
603595,ST东尼,22.36,22.36,22.4,21.33,21.0,22.8,19.2,5400600.0,112336871.0,4.829,1.03
603596,伯特利,23.5,23.5,23.51,23.0,23.48,24.1,23.3,20525961.0,485589105.0,2.174,0.5
603598,引力传媒,15.22,15.21,15.22,15.11,14.98,15.24,14.07,12864799.0,189808505.0,0.728,0.11
603599,广信股份,10.1,10.1,10.11,10.29,10.17,10.41,10.03,13976260.0,142436883.0,-1.846,-0.19
603600,永艺股份,9.12,9.11,9.12,9.19,9.19,9.29,9.01,6031300.0,55158840.0,-0.762,-0.07
603601,再升科技,8.05,8.04,8.05,7.62,7.75,8.07,6.86,107328439.0,808616610.0,5.643,0.43
603602,纵横通信,9.78,9.78,9.8,9.76,9.85,9.93,9.2,6253360.0,60033404.0,0.205,0.02
603605,珀莱雅,57.81,57.81,57.83,57.5,57.5,59.31,57.29,5961728.0,347475562.0,0.539,0.31
603606,东方电缆,39.63,39.63,39.64,39.45,39.18,40.18,39.16,14037507.0,557310415.0,0.456,0.18
603607,京华激光,19.38,19.38,19.39,19.03,19.22,19.4,18.0,6724900.0,126667034.0,1.839,0.35
603608,天创时尚,19.02,19.01,19.02,20.1,21.13,21.35,18.09,39636037.0,749878334.0,-5.373,-1.08
603609,禾丰股份,6.26,6.26,6.27,6.44,6.46,6.5,6.19,6250199.0,39372468.0,-2.795,-0.18
603610,麒盛科技,12.6,12.6,12.61,13.75,13.82,14.0,12.38,18061008.0,227910776.0,-8.364,-1.15
603611,诺力股份,16.26,16.26,16.3,16.2,16.23,16.49,16.05,3053326.0,49534300.0,0.37,0.06
603612,索通发展,15.82,15.81,15.82,14.76,14.93,15.83,14.87,22261758.0,342801947.0,7.182,1.06
603613,国联股份,18.19,18.19,18.2,17.64,17.6,18.74,17.5,18884575.0,345603226.0,3.118,0.55
603615,茶花股份,14.3,14.29,14.3,14.5,14.63,14.78,13.66,5578500.0,78986313.0,-1.379,-0.2
603616,韩建河山,4.61,4.6,4.61,4.58,4.58,4.63,4.28,18204620.0,81669926.0,0.655,0.03
603617,君禾股份,6.05,6.05,6.06,6.06,6.07,6.17,5.63,14126946.0,82873442.0,-0.165,-0.01
603618,杭电股份,27.28,27.27,27.28,26.29,26.33,27.35,23.66,82636508.0,2112971657.0,3.766,0.99
603619,中曼石油,19.4,19.4,19.41,19.51,19.38,19.58,18.47,52615658.0,1002091871.0,-0.564,-0.11
603626,科森科技,13.3,13.3,13.31,12.54,12.68,13.32,11.47,32550683.0,408134124.0,6.061,0.76
603628,清源股份,8.87,8.86,8.87,8.99,8.94,9.06,8.71,4967073.0,43914491.0,-1.335,-0.12
603629,利通电子,107.58,107.58,0.0,97.8,100.0,107.58,98.86,36952077.0,3824670429.0,10.0,9.78
603630,拉芳家化,14.0,13.99,14.0,14.63,14.35,14.49,13.7,11961630.0,167226143.0,-4.306,-0.63
603633,徕木股份,5.5,5.5,5.51,5.47,5.52,5.52,5.07,16921859.0,90099419.0,0.548,0.03
603636,南威软件,6.19,6.18,6.19,6.11,6.15,6.25,5.67,40606010.0,237772880.0,1.309,0.08
603637,镇海股份,11.19,11.16,11.19,10.83,11.26,11.26,9.93,12272026.0,129471880.0,3.324,0.36
603638,艾迪精密,19.65,19.64,19.65,19.28,19.19,19.75,18.5,15470869.0,297368034.0,1.919,0.37
603639,海利尔,10.35,10.35,10.36,10.45,10.5,10.51,10.28,1890866.0,19558810.0,-0.957,-0.1
603648,畅联股份,8.72,8.71,8.72,8.8,8.79,8.83,8.47,3788100.0,32750889.0,-0.909,-0.08
603650,彤程新材,66.5,66.5,66.52,60.75,61.0,66.5,56.13,31115693.0,1926542430.0,9.465,5.75
603655,朗博科技,24.98,24.93,24.98,23.85,24.24,25.18,22.07,2679100.0,63791740.0,4.738,1.13
603656,泰禾智能,16.71,16.71,16.72,16.8,16.78,16.8,15.97,3120600.0,51265726.0,-0.536,-0.09
603657,春光科技,19.9,19.88,19.9,20.0,20.0,20.3,18.2,4156100.0,80365316.0,-0.5,-0.1
603658,安图生物,32.68,32.68,32.69,32.62,32.66,33.46,32.5,4912698.0,162374206.0,0.184,0.06
603659,璞泰来,22.98,22.98,22.99,21.42,21.66,23.12,21.55,46963552.0,1063932264.0,7.283,1.56
603660,苏州科达,7.98,7.97,7.98,7.9,8.11,8.11,7.11,34243338.0,259246528.0,1.013,0.08
603661,恒林股份,28.28,28.28,28.29,27.35,27.8,28.32,26.0,4309873.0,117258573.0,3.4,0.93
603662,柯力传感,50.71,50.71,50.72,48.52,49.26,50.78,46.84,9342911.0,460520706.0,4.514,2.19
603663,三祥新材,42.0,42.0,0.0,38.18,39.33,42.0,37.01,19342140.0,766360010.0,10.005,3.82
603665,康隆达,21.99,21.99,22.05,23.21,23.03,23.1,21.0,4232244.0,92704748.0,-5.256,-1.22
603666,亿嘉和,20.81,20.81,20.82,20.6,20.5,21.25,18.55,8512894.0,169530630.0,1.019,0.21
603667,五洲新春,55.36,55.35,55.36,53.52,53.52,55.37,50.22,21192568.0,1131101386.0,3.438,1.84
603668,天马科技,10.77,10.75,10.77,10.66,10.68,10.88,10.05,14698340.0,154074641.0,1.032,0.11
603669,灵康药业,5.32,0.0,5.32,5.91,5.32,5.32,5.32,11916300.0,63394716.0,-9.983,-0.59
603676,卫信康,8.62,8.62,8.63,8.95,8.95,8.96,8.52,3668800.0,31814214.0,-3.687,-0.33
603677,奇精机械,13.52,13.52,13.54,14.49,14.33,14.34,13.04,5527298.0,74727517.0,-6.694,-0.97
603678,火炬电子,46.76,46.76,0.0,42.51,43.36,46.76,38.3,33581936.0,1434146774.0,9.998,4.25
603679,华体科技,15.66,15.62,15.66,14.4,14.5,15.75,12.96,18181180.0,256794241.0,8.75,1.26
603680,今创集团,9.08,9.08,9.09,9.14,9.18,9.18,8.82,7476000.0,67336932.0,-0.656,-0.06
603681,永冠新材,17.35,17.35,17.37,16.92,16.92,17.58,15.7,11246200.0,188303680.0,2.541,0.43
603682,锦和商管,7.73,7.72,7.73,7.51,7.53,7.76,6.76,21081100.0,152332628.0,2.929,0.22
603683,晶华新材,18.63,0.0,18.63,20.7,18.63,18.63,18.63,1062500.0,19794375.0,-10.0,-2.07
603685,晨丰科技,26.5,26.42,26.5,25.73,25.11,26.96,23.27,3905767.0,97822902.0,2.993,0.77
603686,福龙马,12.0,11.99,12.0,12.0,11.92,12.08,11.49,17239940.0,203947804.0,0.0,0.0
603687,大胜达,12.69,12.69,12.7,12.3,12.15,13.49,11.19,35122726.0,429849972.0,3.171,0.39
603688,石英股份,48.97,48.97,48.98,44.9,45.43,49.25,40.88,27136607.0,1233414146.0,9.065,4.07
603689,皖天然气,7.39,7.38,7.39,7.51,7.53,7.57,7.37,5371226.0,40002883.0,-1.598,-0.12
603690,至纯科技,22.21,22.2,22.21,21.62,21.03,22.27,19.46,57773885.0,1199676326.0,2.729,0.59
603693,江苏新能,12.3,12.29,12.3,12.65,12.35,12.44,11.89,21806537.0,264268413.0,-2.767,-0.35
603696,安记食品,10.4,10.4,10.41,10.71,10.7,10.99,10.05,9177900.0,95126491.0,-2.894,-0.31
603697,有友食品,9.38,9.38,9.39,9.87,9.8,9.84,9.2,13458820.0,126486019.0,-4.965,-0.49
603698,航天工程,24.18,24.18,24.19,23.48,24.0,24.73,21.86,44072921.0,1040470733.0,2.981,0.7
603699,纽威股份,41.62,41.6,41.62,40.35,40.89,41.68,39.88,9574000.0,392345450.0,3.147,1.27
603700,宁水集团,11.2,11.2,11.21,10.99,11.08,11.27,10.0,11347091.0,119377511.0,1.911,0.21
603701,德宏股份,16.99,16.98,16.99,16.91,16.91,17.47,15.75,5448610.0,90559820.0,0.473,0.08
603703,盛洋科技,8.07,8.06,8.07,7.89,7.99,8.22,7.31,13681020.0,106159354.0,2.281,0.18
603706,东方环宇,18.37,18.33,18.37,19.77,19.68,19.69,18.01,3966678.0,73946533.0,-7.081,-1.4
603707,健友股份,7.93,7.93,7.94,8.01,7.96,8.12,7.9,16217256.0,129547802.0,-0.999,-0.08
603708,家家悦,9.19,9.19,9.2,9.47,9.47,9.5,9.16,6756090.0,62712940.0,-2.957,-0.28
603709,中源家居,12.46,12.46,12.47,12.64,12.69,12.97,11.72,3410300.0,41897261.0,-1.424,-0.18
603711,香飘飘,10.09,10.09,10.1,10.38,10.34,10.39,10.02,7492899.0,76002180.0,-2.794,-0.29
603712,七一二,11.14,11.14,11.15,11.13,11.13,11.27,10.76,11300498.0,124951191.0,0.09,0.01
603713,密尔克卫,66.05,66.05,66.06,62.7,62.37,66.5,61.88,4811217.0,313404006.0,5.343,3.35
603716,塞力医疗,14.31,14.31,14.32,15.9,15.22,15.28,14.31,26982734.0,389800758.0,-10.0,-1.59
603717,天域生物,5.06,5.06,5.07,5.25,5.19,5.25,4.74,25833440.0,128483606.0,-3.619,-0.19
603718,*ST海利,2.67,2.67,2.68,2.73,2.7,2.74,2.57,8015199.0,21240817.0,-2.198,-0.06
603719,良品铺子,8.46,8.46,8.47,8.79,8.78,8.86,8.32,11124524.0,94508741.0,-3.754,-0.33
603721,中广天择,14.76,14.76,14.79,15.11,15.02,15.16,13.98,4220900.0,61636693.0,-2.316,-0.35
603722,阿科力,27.78,27.78,27.79,27.0,27.0,27.79,25.18,3943700.0,104730171.0,2.889,0.78
603725,天安新材,12.25,12.25,12.3,12.3,11.8,12.38,11.07,33160492.0,384544471.0,-0.407,-0.05
603726,朗迪集团,23.07,23.06,23.07,21.67,22.02,23.25,20.27,10400800.0,227429579.0,6.461,1.4
603727,博迈科,16.2,16.2,16.22,16.6,16.6,16.6,14.95,10484245.0,163218807.0,-2.41,-0.4
603728,鸣志电器,50.0,49.98,50.0,47.86,47.86,50.09,47.31,7924181.0,388019779.0,4.471,2.14
603729,ST龙韵,9.67,9.67,9.68,9.81,9.82,9.86,9.21,1977000.0,18833854.0,-1.427,-0.14
603730,岱美股份,10.54,10.53,10.54,10.44,10.35,10.82,9.71,18585186.0,191109072.0,0.958,0.1
603733,仙鹤股份,20.05,20.05,20.06,18.82,19.2,20.5,19.04,24907123.0,489296816.0,6.536,1.23
603737,三棵树,22.3,22.28,22.3,21.96,21.83,22.97,21.7,15489471.0,348283788.0,1.548,0.34
603738,泰晶科技,33.21,33.21,33.22,30.62,31.08,33.27,27.56,48174734.0,1460136328.0,8.459,2.59
603739,蔚蓝生物,11.2,11.2,11.22,11.52,11.49,11.5,10.98,4708180.0,52597712.0,-2.778,-0.32
603755,日辰股份,20.91,20.88,20.91,21.43,21.58,21.58,20.21,1511898.0,31536086.0,-2.427,-0.52
603757,大元泵业,65.15,65.15,65.16,68.72,61.85,66.98,61.85,23692332.0,1505168461.0,-5.195,-3.57
603758,秦安股份,8.65,8.65,8.66,8.75,8.8,8.8,8.39,4390501.0,37809076.0,-1.143,-0.1
603759,海天股份,6.85,6.85,6.86,6.87,6.84,6.91,6.69,5812590.0,39433799.0,-0.291,-0.02
603766,隆鑫通用,13.4,13.4,13.41,13.58,13.5,14.28,13.29,33826263.0,462189732.0,-1.325,-0.18
603767,中马传动,13.15,13.14,13.15,13.11,12.99,13.22,12.41,5431300.0,70103135.0,0.305,0.04
603768,常青股份,9.25,9.25,9.26,9.48,9.67,9.68,9.02,3718500.0,34470275.0,-2.426,-0.23
603773,沃格光电,84.65,84.65,0.0,76.95,78.05,84.65,69.26,26139822.0,2013768881.0,10.006,7.7
603776,永安行,18.72,18.72,18.74,18.99,18.81,19.19,18.11,3934328.0,73236331.0,-1.422,-0.27
603777,来伊份,11.91,11.91,11.92,11.9,11.88,12.09,10.85,15086724.0,174460630.0,0.084,0.01
603778,国晟科技,8.57,8.57,8.58,8.4,8.42,8.6,7.56,90919928.0,738513806.0,2.024,0.17
603779,威龙股份,8.61,8.61,8.62,8.68,8.96,9.25,8.26,77112177.0,670726521.0,-0.806,-0.07
603786,科博达,40.68,40.68,40.7,40.18,40.18,41.44,40.18,2490318.0,101958975.0,1.244,0.5
603787,新日股份,9.22,9.22,9.23,9.3,9.3,9.35,9.09,4469700.0,41085344.0,-0.86,-0.08
603788,宁波高发,12.94,12.94,12.95,13.18,13.15,13.23,12.81,2346477.0,30448081.0,-1.821,-0.24
603789,ST星农,5.73,5.72,5.73,5.69,5.6,5.89,5.32,6834190.0,38107520.0,0.703,0.04
603790,雅运股份,19.75,19.72,19.75,19.46,19.64,19.88,17.53,5841413.0,110851162.0,1.49,0.29
603797,联泰环保,3.72,3.72,3.73,3.81,3.8,3.81,3.63,8493320.0,31501751.0,-2.362,-0.09
603798,康普顿,11.07,11.07,11.08,10.63,10.9,11.18,9.9,8431740.0,88903680.0,4.139,0.44
603799,华友钴业,39.53,39.52,39.53,36.21,37.58,39.68,37.58,109589388.0,4262397879.0,9.169,3.32
603800,洪田股份,65.16,65.16,65.17,60.39,59.2,65.18,54.35,13022800.0,766761328.0,7.899,4.77
603801,志邦家居,5.35,5.35,5.36,5.53,5.55,5.62,5.3,8523600.0,46382667.0,-3.255,-0.18
603803,瑞斯康达,9.15,9.15,9.16,9.02,9.02,9.19,8.12,22377819.0,194056660.0,1.441,0.13
603806,福斯特,14.24,14.23,14.24,13.68,13.68,14.27,13.55,42208191.0,588119233.0,4.094,0.56
603808,歌力思,7.2,7.19,7.2,7.36,7.3,7.39,7.05,6107249.0,43856636.0,-2.174,-0.16
603809,豪能股份,8.82,8.82,8.83,8.73,8.74,8.91,8.67,11391745.0,100374345.0,1.031,0.09
603810,丰山集团,10.45,10.45,10.47,10.57,10.57,10.65,9.99,4158456.0,42852962.0,-1.135,-0.12
603811,诚意药业,7.09,7.08,7.09,7.26,7.21,7.25,6.83,11718520.0,82451207.0,-2.342,-0.17
603813,原尚股份,29.01,29.0,29.01,30.57,30.26,30.57,27.52,1207700.0,34473527.0,-5.103,-1.56
603815,交建股份,5.22,5.21,5.22,5.34,5.37,5.37,5.03,17584900.0,91581212.0,-2.247,-0.12
603816,顾家家居,23.69,23.69,23.7,23.54,23.5,24.8,23.33,12357749.0,297802428.0,0.637,0.15
603817,海峡环保,5.34,5.33,5.34,5.44,5.47,5.47,5.27,14711600.0,78484592.0,-1.838,-0.1
603818,曲美家居,2.78,2.77,2.78,2.96,2.93,3.0,2.66,42772600.0,117745341.0,-6.081,-0.18
603819,神力股份,11.03,11.02,11.03,10.97,11.16,11.39,10.21,9446682.0,102142657.0,0.547,0.06
603822,ST嘉澳,54.49,54.48,54.49,54.15,54.0,54.83,51.06,1449300.0,76514584.0,0.628,0.34
603823,百合花,81.93,81.93,81.94,77.2,77.25,84.0,70.0,32748195.0,2541039870.0,6.127,4.73
603825,ST华扬,6.68,6.67,6.68,6.28,6.32,6.7,6.08,4017620.0,25543244.0,6.369,0.4
603826,坤彩科技,15.03,15.03,15.05,14.72,14.72,15.24,14.1,11350378.0,167560556.0,2.106,0.31
603828,*ST利达,4.2,4.2,4.21,4.13,4.06,4.21,3.95,3362021.0,13641064.0,1.695,0.07
603829,洛凯股份,13.44,13.44,13.45,13.52,13.38,13.58,12.61,6692300.0,88106168.0,-0.592,-0.08
603833,欧派家居,31.99,31.99,32.05,32.82,32.63,33.99,31.82,6006510.0,196476711.0,-2.529,-0.83
603836,海程邦达,7.9,7.9,7.91,8.2,8.16,8.2,7.78,6082000.0,48340626.0,-3.659,-0.3
603838,*ST四通,6.98,6.94,6.98,7.18,7.18,7.18,6.48,2405700.0,16177774.0,-2.786,-0.2
603839,安正时尚,5.96,5.96,5.97,6.13,6.08,6.12,5.78,11050820.0,65686386.0,-2.773,-0.17
603843,*ST正平,5.27,5.27,5.28,5.63,5.57,5.6,5.07,26751080.0,140698761.0,-6.394,-0.36
603848,好太太,12.67,12.67,12.68,12.83,12.8,13.25,12.5,3705600.0,47486261.0,-1.247,-0.16
603855,华荣股份,16.09,16.08,16.09,15.99,15.93,16.19,15.91,2145770.0,34431161.0,0.625,0.1
603856,东宏股份,11.14,11.14,11.15,10.94,11.11,11.18,10.82,3722400.0,41049978.0,1.828,0.2
603858,步长制药,15.8,15.8,15.81,15.83,15.8,16.19,15.7,9565716.0,152380137.0,-0.19,-0.03
603859,能科科技,37.41,37.41,37.42,35.32,35.4,37.41,33.33,10283323.0,367264269.0,5.917,2.09
603860,中公高科,22.81,22.8,22.81,23.29,23.29,23.31,22.0,2069300.0,46959300.0,-2.061,-0.48
603861,白云电器,11.1,11.1,11.11,10.79,10.8,11.15,10.26,16715897.0,180278026.0,2.873,0.31
603863,松炀资源,11.4,11.39,11.4,11.54,11.48,11.55,10.63,5761700.0,64414455.0,-1.213,-0.14
603866,桃李面包,3.98,3.98,3.99,4.09,4.09,4.14,3.96,17939951.0,72481744.0,-2.689,-0.11
603867,新化股份,26.9,26.89,26.9,25.88,25.9,27.05,23.99,9227146.0,236793605.0,3.941,1.02
603868,飞科电器,30.37,30.37,30.42,30.76,30.79,30.95,30.26,1325300.0,40442460.0,-1.268,-0.39
603869,ST智知,7.68,7.67,7.68,7.76,7.76,7.76,7.44,1410135.0,10725405.0,-1.031,-0.08
603871,嘉友国际,11.6,11.6,11.61,11.82,11.71,12.28,11.5,21860226.0,260012304.0,-1.861,-0.22
603876,鼎胜新材,19.62,19.62,19.63,18.67,18.67,19.76,17.8,32598305.0,617833205.0,5.088,0.95
603877,太平鸟,12.64,12.61,12.64,12.66,12.61,12.8,12.51,3074710.0,38893133.0,-0.158,-0.02
603878,武进不锈,4.44,4.44,4.45,4.56,4.56,4.58,4.3,19584011.0,86706939.0,-2.632,-0.12
603879,永悦科技,3.92,3.9,3.92,3.93,4.0,4.0,3.6,18810130.0,71561410.0,-0.254,-0.01
603880,南卫股份,5.86,5.86,5.88,5.89,6.0,6.0,5.3,10058653.0,56731829.0,-0.509,-0.03
603881,数据港,26.19,26.18,26.19,24.59,24.7,26.22,24.42,66518810.0,1693460085.0,6.507,1.6
603882,金域医学,26.71,26.7,26.71,26.69,26.4,26.71,25.39,11278077.0,293072196.0,0.075,0.02
603883,老百姓,12.3,12.3,12.31,12.39,12.41,12.65,12.27,15064405.0,187562346.0,-0.726,-0.09
603885,吉祥航空,10.46,10.46,10.47,10.35,10.36,10.76,10.35,29187726.0,308105927.0,1.063,0.11
603886,元祖股份,10.0,10.0,10.01,10.36,10.45,10.49,9.74,7861100.0,78386758.0,-3.475,-0.36
603887,城地香江,8.28,8.28,8.29,8.25,8.2,8.4,7.86,25119004.0,205554858.0,0.364,0.03
603888,新华网,17.44,17.44,17.45,17.25,17.12,17.5,17.12,8640389.0,149682557.0,1.101,0.19
603889,新澳股份,5.34,5.34,5.35,5.32,5.29,5.35,5.24,15029816.0,79555586.0,0.376,0.02
603890,春秋电子,19.99,19.99,0.0,18.17,18.44,19.99,16.42,33380769.0,608248423.0,10.017,1.82
603893,瑞芯微,208.05,208.04,208.05,208.0,206.91,212.88,190.0,34333852.0,6993016911.0,0.024,0.05
603895,天永智能,22.48,22.48,22.5,22.95,22.48,23.44,20.66,2484160.0,54144176.0,-2.048,-0.47
603896,寿仙谷,14.66,14.65,14.66,15.18,15.02,15.11,14.57,3121601.0,45986004.0,-3.426,-0.52
603897,长城科技,23.45,23.45,23.46,22.44,22.43,23.46,20.69,12171213.0,271101952.0,4.501,1.01
603898,XD好莱客,10.54,10.53,10.54,11.14,10.95,11.18,10.03,8348208.0,87865309.0,-5.386,-0.6
603899,晨光股份,22.29,22.29,22.33,22.34,22.42,23.13,22.24,7652917.0,173543181.0,-0.224,-0.05
603900,莱绅通灵,5.25,5.25,5.26,5.36,5.36,5.4,5.08,10886720.0,56696162.0,-2.052,-0.11
603901,永创智能,8.89,8.89,8.9,8.92,9.01,9.06,8.55,12216605.0,108068811.0,-0.336,-0.03
603903,中持股份,12.52,12.52,12.53,12.37,12.37,12.71,11.15,18146248.0,217500875.0,1.213,0.15
603906,龙蟠科技,17.76,17.75,17.76,17.16,17.46,17.85,16.36,30627811.0,528819509.0,3.497,0.6
603908,牧高笛,15.98,15.98,15.99,16.46,16.46,16.55,15.58,2040806.0,32662772.0,-2.916,-0.48
603909,建发合诚,8.16,8.16,8.18,8.38,8.31,8.36,7.9,4411880.0,35746218.0,-2.625,-0.22
603912,佳力图,6.8,6.79,6.8,6.73,6.69,6.86,6.13,22635336.0,148179378.0,1.04,0.07
603915,国茂股份,12.66,12.66,12.67,12.45,12.45,12.78,12.16,6920356.0,86665649.0,1.687,0.21
603916,苏博特,9.35,9.35,9.36,9.32,9.32,9.39,8.45,16838862.0,150653803.0,0.322,0.03
603917,合力科技,11.15,11.13,11.15,11.14,11.18,11.28,10.25,7989500.0,86026369.0,0.09,0.01
603918,金桥信息,9.64,9.63,9.64,9.53,9.45,9.65,9.23,14404217.0,136464872.0,1.154,0.11
603919,金徽酒,14.52,14.51,14.52,14.98,14.75,14.97,14.41,11177610.0,163749609.0,-3.071,-0.46
603920,世运电路,35.87,35.87,35.88,32.93,33.58,35.98,32.19,37078972.0,1274311943.0,8.928,2.94
603922,ST金鸿顺,10.1,10.09,10.1,10.33,10.01,10.21,9.3,2604760.0,25378853.0,-2.227,-0.23
603926,铁流股份,14.34,14.32,14.34,14.04,14.37,14.41,13.12,6032097.0,83529929.0,2.137,0.3
603927,中科软,13.46,13.46,13.47,13.07,13.0,13.63,12.95,22242551.0,299068868.0,2.984,0.39
603928,兴业股份,10.79,10.79,10.8,10.24,10.44,10.86,9.68,35719876.0,372670826.0,5.371,0.55
603929,亚翔集成,169.59,169.59,0.0,154.17,158.84,169.59,147.06,8647401.0,1378952908.0,10.002,15.42
603931,格林达,38.0,38.0,38.01,38.78,37.81,38.52,34.9,17295940.0,625159757.0,-2.011,-0.78
603933,睿能科技,17.26,17.25,17.26,16.73,16.72,17.36,15.26,9724491.0,160627264.0,3.168,0.53
603936,博敏电子,14.04,14.04,0.0,12.76,12.83,14.04,11.48,74133244.0,936911576.0,10.031,1.28
603937,丽岛新材,9.49,9.48,9.49,9.35,9.39,9.5,8.66,8917300.0,81444406.0,1.497,0.14
603938,三孚股份,43.02,43.02,43.03,40.88,41.7,43.15,36.79,32183787.0,1282804761.0,5.235,2.14
603939,益丰药房,21.66,21.65,21.66,21.53,21.16,22.5,21.16,18376525.0,402475393.0,0.604,0.13
603948,建业股份,18.24,18.23,18.24,18.24,18.32,18.47,17.4,2262584.0,40721085.0,0.0,0.0
603949,雪龙集团,12.5,12.5,12.51,12.44,12.45,12.68,11.63,6792339.0,82866606.0,0.482,0.06
603950,长源东谷,62.81,62.81,0.0,57.1,57.56,62.81,51.41,11880707.0,694701341.0,10.0,5.71
603955,大千生态,17.32,17.32,17.33,18.05,18.04,18.18,16.5,3227600.0,55089065.0,-4.044,-0.73
603956,威派格,5.2,5.2,5.21,5.23,5.33,5.33,4.89,19894300.0,101358015.0,-0.574,-0.03
603958,哈森股份,13.17,13.16,13.17,12.88,12.75,13.18,11.77,9780300.0,122475025.0,2.252,0.29
603959,ST百利,4.12,4.12,4.13,4.36,4.35,4.35,3.92,13663684.0,55444478.0,-5.505,-0.24
603960,克来机电,13.89,13.89,13.9,13.56,13.55,13.9,12.77,7069500.0,94695676.0,2.434,0.33
603966,法兰泰克,7.35,7.34,7.35,7.32,7.38,7.43,7.03,9073466.0,65823788.0,0.41,0.03
603967,中创物流,11.04,11.04,11.06,11.28,11.2,11.33,11.0,5114800.0,56942170.0,-2.128,-0.24
603968,醋化股份,8.88,8.87,8.88,8.95,8.95,9.05,8.64,4380200.0,38682020.0,-0.782,-0.07
603969,银龙股份,7.41,7.41,7.42,7.2,7.23,7.43,7.05,18859379.0,136789693.0,2.917,0.21
603970,中农立华,9.85,9.84,9.85,10.05,10.1,10.15,9.76,3261960.0,32367902.0,-1.99,-0.2
603976,正川股份,23.18,23.17,23.18,22.48,22.48,23.6,20.93,7561215.0,169788975.0,3.114,0.7
603977,国泰集团,11.09,11.08,11.09,10.71,10.75,11.09,10.28,16130192.0,172288035.0,3.548,0.38
603978,深圳新星,17.63,17.63,17.64,17.04,17.2,17.68,15.34,16989503.0,281838104.0,3.462,0.59
603979,金诚信,66.33,66.3,66.33,63.19,63.66,67.36,63.43,10760299.0,714781227.0,4.969,3.14
603980,吉华集团,6.07,6.06,6.07,6.05,6.2,6.34,5.73,54955420.0,327582140.0,0.331,0.02
603982,泉峰汽车,5.27,5.27,5.28,5.4,5.42,5.43,5.14,8863946.0,46530121.0,-2.407,-0.13
603983,丸美生物,29.44,29.43,29.44,29.5,29.28,29.97,28.91,6953504.0,204766874.0,-0.203,-0.06
603985,恒润股份,15.95,15.94,15.95,15.77,15.72,16.06,14.19,22822687.0,348003638.0,1.141,0.18
603986,兆易创新,475.53,475.53,0.0,432.3,446.0,475.53,401.0,74390185.0,33087873791.0,10.0,43.23
603987,康德莱,7.18,7.17,7.18,7.31,7.31,7.33,7.11,6570365.0,47235734.0,-1.778,-0.13
603988,中电电机,14.19,14.19,14.2,13.92,13.91,14.21,13.13,6967270.0,95731578.0,1.94,0.27
603989,艾华集团,29.47,29.47,29.48,28.51,27.42,29.7,25.66,29841088.0,824535973.0,3.367,0.96
603990,麦迪科技,16.75,16.75,16.76,17.33,17.8,17.8,15.6,27429297.0,449439386.0,-3.347,-0.58
603991,领先股份,128.34,128.3,128.34,126.71,127.0,128.76,114.04,8394236.0,1014089943.0,1.286,1.63
603992,松霖科技,23.09,23.07,23.09,21.91,22.02,23.13,21.45,5037657.0,112217349.0,5.386,1.18
603993,洛阳钼业,18.68,18.67,18.68,17.99,18.4,18.83,17.8,324879638.0,5936825874.0,3.835,0.69
603995,甬金股份,19.29,19.29,19.3,19.0,19.2,19.31,18.41,7570195.0,143502362.0,1.526,0.29
603997,继峰股份,11.99,11.98,11.99,12.14,12.12,12.34,11.93,16160346.0,196307882.0,-1.236,-0.15
603998,方盛制药,9.55,9.55,9.56,9.75,9.84,9.84,9.44,11130400.0,106601968.0,-2.051,-0.2
603999,读者传媒,5.18,5.18,5.19,5.26,5.25,5.27,5.09,9217300.0,47639166.0,-1.521,-0.08
605001,威奥股份,4.92,4.91,4.92,5.12,5.1,5.18,4.8,9657757.0,47456114.0,-3.906,-0.2
605003,众望布艺,18.07,18.07,18.11,18.37,18.21,18.56,17.02,1870100.0,33219298.0,-1.633,-0.3
605005,合兴股份,14.68,14.68,14.69,14.83,14.56,14.91,14.5,1481200.0,21690415.0,-1.011,-0.15
605006,山东玻纤,13.23,13.23,13.24,12.32,12.32,13.25,11.09,42963534.0,526185336.0,7.386,0.91
605007,五洲特纸,14.37,14.37,14.38,14.94,14.82,15.04,14.28,6122437.0,89083550.0,-3.815,-0.57
605008,长鸿高科,12.04,12.04,12.05,11.9,11.94,12.07,11.73,2454737.0,29232783.0,1.176,0.14
605009,豪悦护理,23.62,23.62,23.63,24.06,24.37,24.38,23.44,1757679.0,41884630.0,-1.829,-0.44
605011,杭州热电,18.19,18.19,18.2,20.04,19.17,19.17,18.04,20915084.0,381437839.0,-9.232,-1.85
605016,百龙创园,23.35,23.35,23.38,22.77,22.96,24.2,22.56,5498367.0,129231571.0,2.547,0.58
605018,长华集团,11.1,11.09,11.1,10.84,10.92,11.26,10.0,9475000.0,101015263.0,2.399,0.26
605020,永和股份,33.39,33.38,33.39,31.54,31.71,33.43,30.5,24057392.0,776159209.0,5.866,1.85
605028,世茂能源,22.15,22.14,22.15,23.45,22.71,23.15,21.11,5053151.0,110222416.0,-5.544,-1.3
605033,美邦股份,16.2,16.19,16.2,16.65,16.67,16.75,15.81,2428800.0,39290453.0,-2.703,-0.45
605050,福然德,9.91,9.91,9.92,10.0,9.95,10.12,9.75,4178231.0,41190505.0,-0.9,-0.09
605055,迎丰股份,8.07,8.06,8.07,8.32,8.32,8.37,7.6,8596500.0,68864292.0,-3.005,-0.25
605056,咸亨国际,13.05,13.05,13.06,12.86,12.87,13.1,12.25,7031768.0,90006937.0,1.477,0.19
605058,澳弘电子,24.04,24.04,24.05,22.65,22.8,24.19,21.31,4320618.0,98758170.0,6.137,1.39
605060,联德股份,36.96,36.96,37.0,35.53,35.42,37.58,32.0,6718853.0,239991819.0,4.025,1.43
605066,天正电气,6.11,6.1,6.11,6.14,6.15,6.18,5.87,9685000.0,58509330.0,-0.489,-0.03
605068,明新旭腾,13.97,13.97,13.98,13.94,13.94,14.18,12.94,3726400.0,50857429.0,0.215,0.03
605069,正和生态,9.73,9.73,9.75,9.59,9.56,9.79,8.63,11373070.0,104789104.0,1.46,0.14
605077,华康股份,10.11,10.11,10.12,10.26,10.28,10.34,9.98,6449314.0,65159598.0,-1.462,-0.15
605080,浙江自然,19.78,19.78,19.79,20.2,20.4,20.45,19.21,3469500.0,67947190.0,-2.079,-0.42
605086,龙高股份,21.08,21.08,21.1,21.33,21.47,21.49,20.0,2942440.0,60878405.0,-1.172,-0.25
605088,冠盛股份,20.68,20.68,20.7,20.19,20.01,21.05,19.32,11045400.0,224514456.0,2.427,0.49
605089,味知香,17.68,17.68,17.69,18.61,18.5,18.63,17.24,2324375.0,41110852.0,-4.997,-0.93
605090,九丰能源,34.4,34.4,34.41,34.38,33.52,34.44,30.98,50441756.0,1656920339.0,0.058,0.02
605098,行动教育,53.37,53.11,53.37,52.97,52.97,53.5,52.3,1008000.0,53408518.0,0.755,0.4
605099,共创草坪,30.13,30.1,30.13,30.04,30.02,30.5,29.5,1559300.0,46798800.0,0.3,0.09
605100,华丰股份,28.24,28.24,28.25,26.52,26.98,28.58,23.87,10891364.0,283580389.0,6.486,1.72
605108,同庆楼,11.49,11.49,11.5,11.86,11.88,11.96,11.46,3484440.0,40567987.0,-3.12,-0.37
605111,新洁能,53.85,53.85,0.0,48.95,50.02,53.85,45.14,25993108.0,1287225137.0,10.01,4.9
605116,奥锐特,19.43,19.43,19.45,20.2,20.1,20.1,19.16,3950787.0,77181412.0,-3.812,-0.77
605117,德业股份,81.27,81.27,81.28,79.4,79.01,81.65,77.48,14437961.0,1151921992.0,2.355,1.87
605118,力鼎光电,28.8,28.8,28.82,28.34,28.22,28.91,26.32,4313021.0,120158171.0,1.623,0.46
605122,四方新材,9.62,9.62,9.63,10.3,10.22,10.3,9.27,7818730.0,75311222.0,-6.602,-0.68
605123,派克新材,73.89,73.88,73.89,73.73,73.65,74.92,70.4,2859986.0,209401858.0,0.217,0.16
605128,上海沿浦,21.01,21.01,21.2,20.57,20.57,21.36,19.05,4248323.0,85123881.0,2.139,0.44
605133,嵘泰股份,25.84,25.84,0.0,23.49,23.23,25.84,21.14,20990703.0,485424570.0,10.004,2.35
605136,丽人丽妆,7.24,7.23,7.24,7.34,7.31,7.41,7.04,11529100.0,82965408.0,-1.362,-0.1
605138,盛泰集团,5.1,5.09,5.1,5.21,5.2,5.23,4.97,8558700.0,43568456.0,-2.111,-0.11
605151,西上海,15.69,15.64,15.69,16.09,15.94,16.28,14.48,4681942.0,71110109.0,-2.486,-0.4
605155,西大门,11.61,11.61,11.62,11.96,11.85,12.26,11.15,4958363.0,57347630.0,-2.926,-0.35
605158,华达新材,6.21,6.2,6.21,6.12,6.16,6.22,6.0,4228820.0,25852866.0,1.471,0.09
605162,新中港,6.98,6.97,6.98,7.27,7.2,7.2,6.66,19429993.0,133453420.0,-3.989,-0.29
605166,聚合顺,7.82,7.82,7.83,8.02,8.02,8.05,7.49,9466902.0,73055136.0,-2.494,-0.2
605167,利柏特,13.4,13.39,13.4,13.32,13.3,13.46,11.99,14158362.0,179413240.0,0.601,0.08
605168,三人行,35.69,35.69,35.72,33.8,33.81,35.83,30.42,12174636.0,403242114.0,5.592,1.89
605169,洪通燃气,9.27,9.27,9.29,9.53,9.57,9.57,9.19,3389568.0,31504925.0,-2.728,-0.26
605177,东亚药业,14.44,14.44,14.45,15.06,14.8,15.06,13.71,4483700.0,64004101.0,-4.117,-0.62
605178,时空科技,72.6,72.6,72.65,79.79,74.5,75.95,71.81,7618479.0,554078289.0,-9.011,-7.19
605179,一鸣食品,14.35,14.34,14.35,15.7,15.01,15.22,14.13,14879112.0,215080528.0,-8.599,-1.35
605180,华生科技,10.28,10.27,10.28,10.49,10.49,10.53,9.78,2955159.0,29969038.0,-2.002,-0.21
605183,确成股份,13.87,13.87,13.88,13.81,13.82,13.96,13.64,1943000.0,26832603.0,0.434,0.06
605186,健麾信息,24.19,24.19,24.2,25.92,24.39,24.89,23.33,8277200.0,197030929.0,-6.674,-1.73
605188,国光连锁,11.02,11.02,11.03,11.19,11.27,11.27,10.69,5647100.0,61929936.0,-1.519,-0.17
605189,富春染织,14.18,14.18,14.19,14.26,14.25,14.33,13.14,22781048.0,315248071.0,-0.561,-0.08
605196,华通线缆,26.94,26.94,26.95,25.6,25.53,26.97,24.86,32882892.0,851259628.0,5.234,1.34
605198,安德利,49.52,49.52,49.53,48.0,48.9,50.23,45.1,4364600.0,209761725.0,3.167,1.52
605199,ST葫芦娃,5.48,5.47,5.48,5.66,5.6,5.65,5.31,2149600.0,11708115.0,-3.18,-0.18
605208,永茂泰,13.58,13.57,13.58,14.73,14.88,14.94,13.26,32764654.0,446110194.0,-7.807,-1.15
605218,伟时电子,12.45,12.45,12.46,12.1,12.11,12.49,11.34,4822006.0,58082138.0,2.893,0.35
605222,起帆电缆,17.58,17.58,17.59,17.16,17.18,17.63,16.02,10516633.0,177942774.0,2.448,0.42
605228,神通科技,10.82,10.82,10.83,10.78,10.75,10.96,10.1,14351447.0,151759955.0,0.371,0.04
605255,天普股份,66.8,66.79,66.8,64.0,64.98,67.99,63.89,1478114.0,97661740.0,4.375,2.8
605258,协和电子,23.49,23.49,23.5,22.19,22.4,23.55,20.81,3131760.0,70193405.0,5.858,1.3
605259,绿田机械,17.07,17.07,17.08,17.07,17.05,17.07,16.48,1339480.0,22429652.0,0.0,0.0
605266,健之佳,15.88,15.87,15.88,16.43,16.43,16.55,15.77,2622532.0,42070052.0,-3.348,-0.55
605268,王力安防,8.71,8.7,8.71,8.9,8.92,8.99,8.62,4053900.0,35436770.0,-2.135,-0.19
605277,新亚电子,14.0,13.99,14.0,13.39,13.43,14.03,12.82,9541380.0,129077211.0,4.556,0.61
605286,同力天启,21.2,21.2,21.24,21.35,21.57,21.76,20.28,3743200.0,79000027.0,-0.703,-0.15
605287,德才股份,31.81,31.8,31.81,30.5,30.15,31.85,27.47,5374600.0,160112822.0,4.295,1.31
605288,凯迪股份,60.74,60.74,0.0,55.22,58.31,60.74,53.75,1464600.0,83733798.0,9.996,5.52
605289,罗曼股份,106.98,106.98,106.99,100.5,102.0,107.24,93.2,7479330.0,753481285.0,6.448,6.48
605296,神农集团,30.49,30.49,30.5,31.65,30.85,31.53,30.23,4476038.0,137546673.0,-3.665,-1.16
605298,必得科技,42.13,42.05,42.13,39.9,40.56,42.5,37.36,1815701.0,72574539.0,5.589,2.23
605299,舒华体育,10.77,10.76,10.77,10.71,10.72,10.8,9.84,14035700.0,145827739.0,0.56,0.06
605300,佳禾食品,8.83,8.83,8.85,9.02,8.93,9.03,8.72,4630403.0,40893118.0,-2.106,-0.19
605303,园林股份,18.85,18.84,18.85,17.51,17.5,18.85,15.78,7348147.0,128179374.0,7.653,1.34
605305,中际联合,38.09,38.09,38.1,37.95,38.27,38.3,36.91,5065860.0,190821321.0,0.369,0.14
605318,法狮龙,79.2,79.2,0.0,72.0,73.11,79.2,66.33,3097300.0,221627397.0,10.0,7.2
605319,无锡振华,20.74,20.74,20.75,20.4,20.3,20.83,19.71,3801780.0,77560982.0,1.667,0.34
605333,沪光股份,16.17,16.17,16.2,16.06,16.11,16.41,16.07,3772900.0,61359830.0,0.685,0.11
605336,*ST帅电,9.16,9.16,9.19,9.55,9.48,9.8,8.62,1721300.0,15641710.0,-4.084,-0.39
605337,李子园,8.64,8.63,8.64,8.86,8.87,8.91,8.57,4622396.0,40082066.0,-2.483,-0.22
605338,巴比食品,18.07,18.07,18.08,18.64,18.63,18.72,18.01,2635900.0,48196486.0,-3.058,-0.57
605339,南侨食品,11.78,11.75,11.78,11.92,11.92,12.0,11.63,1506400.0,17689426.0,-1.174,-0.14
605358,立昂微,43.83,43.83,43.84,40.95,40.98,44.04,36.86,75846190.0,3075295831.0,7.033,2.88
605365,立达信,12.33,12.32,12.33,12.25,12.25,12.39,11.58,6413729.0,77433905.0,0.653,0.08
605366,宏柏新材,7.31,7.3,7.31,7.1,7.2,7.31,6.39,47027107.0,324405270.0,2.958,0.21
605368,蓝天燃气,6.62,6.61,6.62,6.78,6.79,6.84,6.59,6410131.0,42761360.0,-2.36,-0.16
605369,拱东医疗,15.38,15.38,15.4,15.78,15.68,15.9,15.2,2374580.0,36664099.0,-2.535,-0.4
605376,博迁新材,147.93,147.93,0.0,134.48,133.04,147.93,121.03,20007472.0,2711664334.0,10.001,13.45
605377,华旺科技,9.22,9.21,9.22,9.23,9.29,9.39,8.87,12235697.0,111328748.0,-0.108,-0.01
605378,野马电池,12.6,12.6,12.61,12.55,12.55,12.79,12.01,2401240.0,29836143.0,0.398,0.05
605388,均瑶健康,4.83,4.83,4.84,4.94,4.99,4.99,4.74,13542739.0,65313668.0,-2.227,-0.11
605389,长龄液压,74.58,74.58,74.63,70.61,68.51,76.99,63.58,2867367.0,199851555.0,5.622,3.97
605398,新炬网络,18.67,18.67,18.68,18.82,18.97,19.08,17.64,3493780.0,64019164.0,-0.797,-0.15
605399,晨光新材,9.56,9.55,9.56,9.58,9.68,9.68,8.92,7781956.0,72635130.0,-0.209,-0.02
605488,福莱新材,23.65,23.65,23.66,22.8,23.17,23.66,21.25,8777268.0,198888126.0,3.728,0.85
605499,东鹏饮料,130.8,130.8,130.82,126.57,126.0,133.65,125.01,10593630.0,1382887501.0,3.342,4.23
605500,森林包装,6.19,6.19,6.2,6.23,6.23,6.24,5.9,8899033.0,53951537.0,-0.642,-0.04
605507,国邦医药,16.18,16.18,16.2,16.75,16.68,16.89,16.12,9868420.0,162152691.0,-3.403,-0.57
605555,德昌股份,11.71,11.71,11.72,11.23,11.23,11.92,11.05,7740873.0,88996580.0,4.274,0.48
605566,福莱蒽特,22.84,22.84,22.85,22.25,22.3,22.89,20.07,6083000.0,131094060.0,2.652,0.59
605567,春雪食品,7.82,7.82,7.83,7.96,7.98,8.02,7.55,7395971.0,57262967.0,-1.759,-0.14
605577,龙版传媒,9.18,9.18,9.19,9.4,9.39,9.5,9.15,3626200.0,33651841.0,-2.34,-0.22
605580,恒盛能源,16.59,16.58,16.59,16.28,16.39,16.67,14.97,8986400.0,143098769.0,1.904,0.31
605588,冠石科技,41.2,41.2,41.21,38.58,38.92,41.41,34.82,4061000.0,154688269.0,6.791,2.62
605589,圣泉集团,40.68,40.68,40.69,37.66,38.41,40.83,34.5,55328316.0,2115081216.0,8.019,3.02
605598,上海港湾,25.9,25.9,25.92,25.71,26.01,26.18,23.82,7816596.0,198126626.0,0.739,0.19
605599,菜百股份,14.38,14.38,14.39,14.68,14.58,14.93,14.3,8942654.0,130499636.0,-2.044,-0.3
688001,华兴源创,57.36,57.36,0.0,47.8,48.55,57.36,44.49,19092475.0,982788644.0,20.0,9.56
688002,睿创微纳,150.67,150.67,0.0,125.56,140.0,150.67,135.43,29958687.0,4332885409.0,19.998,25.11
688003,天准科技,79.75,79.75,0.0,66.46,67.79,79.75,62.77,9573339.0,681116728.0,19.997,13.29
688004,博汇科技,18.12,18.12,18.15,17.85,17.51,18.32,16.78,3053641.0,53472280.0,1.513,0.27
688005,容百科技,26.66,26.66,26.67,24.69,24.7,26.68,24.69,26833001.0,697569853.0,7.979,1.97
688006,杭可科技,21.27,21.27,21.28,20.28,20.28,21.28,19.46,20238604.0,417399512.0,4.882,0.99
688007,光峰科技,10.62,10.61,10.62,10.49,10.49,10.71,10.03,8893437.0,92947955.0,1.239,0.13
688008,澜起科技,219.6,219.59,219.6,189.94,197.77,220.6,181.0,92938640.0,18811111102.0,15.615,29.66
688009,中国通号,5.23,5.23,5.24,5.16,5.14,5.27,5.05,77247761.0,399547154.0,1.357,0.07
688010,福光股份,27.0,26.99,27.0,25.09,25.78,27.0,22.0,8385755.0,210042928.0,7.613,1.91
688011,新光光电,57.87,57.8,57.87,56.76,56.76,58.59,47.06,3359213.0,183904203.0,1.956,1.11
688012,中微公司,407.89,407.88,407.89,342.5,352.97,409.0,341.02,44991412.0,16645555544.0,19.092,65.39
688013,天臣医疗,22.62,22.6,22.62,22.76,22.7,22.87,21.11,1824190.0,40208678.0,-0.615,-0.14
688015,交控科技,14.82,14.82,14.83,14.98,14.98,15.07,14.38,1784826.0,26345893.0,-1.068,-0.16
688016,心脉医疗,92.49,92.44,92.49,92.86,92.88,93.88,91.67,1513080.0,140101798.0,-0.398,-0.37
688017,绿的谐波,326.66,326.65,326.66,300.88,307.0,326.96,278.88,13670726.0,4218686145.0,8.568,25.78
688018,乐鑫科技,106.0,106.0,106.1,102.17,103.48,106.0,98.56,9748707.0,1002874109.0,3.749,3.83
688019,安集科技,262.0,261.98,262.0,224.58,229.0,263.0,213.88,12576518.0,2998415874.0,16.662,37.42
688020,方邦股份,120.88,120.88,120.9,113.6,109.94,121.65,94.72,7748366.0,858945272.0,6.408,7.28
688021,奥福科技,16.87,16.82,16.87,16.85,16.77,17.5,15.56,2369689.0,39095976.0,0.119,0.02
688022,ST瀚川,7.09,7.08,7.09,7.13,7.14,7.16,6.7,3120560.0,21771399.0,-0.561,-0.04
688023,安恒信息,36.43,36.43,36.44,35.5,35.5,36.6,34.0,3005395.0,106276947.0,2.62,0.93
688025,杰普特,338.51,338.51,338.7,295.7,307.0,338.86,272.55,5695086.0,1764136643.0,14.478,42.81
688026,洁特生物,12.36,12.35,12.36,12.13,12.08,12.57,11.26,4748078.0,56497275.0,1.896,0.23
688027,国盾量子,398.88,398.88,398.96,389.93,388.85,399.95,379.23,2659524.0,1041479754.0,2.295,8.95
688028,沃尔德,89.89,89.57,89.89,80.98,82.8,90.58,69.05,10882879.0,869959456.0,11.003,8.91
688029,南微医学,76.0,75.98,76.0,78.32,78.0,78.68,75.45,2866199.0,219322109.0,-2.962,-2.32
688030,山石网科,14.3,14.29,14.3,14.62,14.7,14.7,13.1,5574911.0,77380408.0,-2.189,-0.32
688031,星环科技,90.12,90.11,90.12,85.79,87.0,90.5,78.18,6887408.0,582895206.0,5.047,4.33
688032,禾迈股份,73.98,73.98,74.0,74.33,73.01,75.7,73.01,1549633.0,115569430.0,-0.471,-0.35
688033,*ST天宜,6.29,6.28,6.29,6.17,6.1,6.4,5.94,4098322.0,25294247.0,1.945,0.12
688035,德邦科技,64.29,64.27,64.29,58.1,59.05,64.5,52.33,8465757.0,503224726.0,10.654,6.19
688036,传音控股,59.96,59.96,59.97,61.05,61.9,62.0,58.3,24724842.0,1478944630.0,-1.785,-1.09
688037,芯源微,358.5,358.5,0.0,298.75,304.78,358.5,287.17,10056533.0,3252884526.0,20.0,59.75
688038,中科通达,15.21,15.18,15.21,15.11,15.11,15.6,13.75,3106097.0,45332897.0,0.662,0.1
688039,当虹科技,32.43,32.43,32.45,31.29,31.06,32.5,29.1,2723598.0,85112654.0,3.643,1.14
688041,海光信息,344.53,344.52,344.53,320.12,326.2,344.53,306.23,41679318.0,13621516039.0,7.625,24.41
688045,必易微,51.85,51.85,52.14,47.99,48.89,52.47,42.01,3706404.0,177135661.0,8.043,3.86
688046,药康生物,24.4,24.4,24.5,22.52,22.0,24.99,20.7,18866836.0,424896011.0,8.348,1.88
688047,龙芯中科,117.47,117.47,117.5,114.11,114.0,118.48,108.0,8790519.0,1000880474.0,2.945,3.36
688048,长光华芯,325.6,325.57,325.6,301.0,308.0,330.0,254.01,19225950.0,5686182456.0,8.173,24.6
688049,炬芯科技,37.1,37.09,37.1,34.99,35.65,37.26,34.02,8088965.0,291401575.0,6.03,2.11
688050,爱博医疗,40.95,40.95,41.07,41.49,41.54,42.23,40.85,4100888.0,170084434.0,-1.302,-0.54
688051,佳华科技,20.37,20.37,20.41,20.41,20.2,20.55,18.51,1957267.0,38620454.0,-0.196,-0.04
688052,纳芯微,202.19,202.19,202.35,188.5,190.29,203.6,177.77,3753721.0,726739725.0,7.263,13.69
688053,ST思科瑞,29.53,29.52,29.53,29.56,29.13,30.2,27.0,1524097.0,43268028.0,-0.101,-0.03
688055,龙腾光电,3.89,3.88,3.89,3.7,3.67,3.89,3.62,22553970.0,84971803.0,5.135,0.19
688056,莱伯泰科,39.02,39.02,39.03,37.7,37.24,40.0,33.02,2731011.0,101157519.0,3.501,1.32
688057,金达莱,15.7,15.7,15.71,16.81,16.91,17.14,13.93,17719955.0,270847620.0,-6.603,-1.11
688058,宝兰德,19.9,19.9,19.95,19.47,19.46,19.9,18.13,1425553.0,27178055.0,2.209,0.43
688059,华锐精密,81.18,81.18,81.6,68.15,69.0,81.78,61.5,14617979.0,1037528720.0,19.12,13.03
688060,云涌科技,30.49,30.13,30.49,30.18,30.53,30.97,28.66,659099.0,19635969.0,1.027,0.31
688061,灿瑞科技,38.13,38.13,38.14,34.45,35.61,38.28,31.86,4294341.0,152185748.0,10.682,3.68
688062,迈威生物,32.68,32.68,32.7,33.29,32.99,33.15,30.95,12718939.0,408045382.0,-1.832,-0.61
688063,派能科技,41.61,41.61,41.62,40.88,40.57,41.92,39.86,8040239.0,331169071.0,1.786,0.73
688065,凯赛生物,45.8,45.8,45.86,46.29,45.8,47.31,45.35,6887364.0,317487965.0,-1.059,-0.49
688066,*ST航图,7.52,7.52,7.53,7.79,7.79,7.96,6.82,10599728.0,77535453.0,-3.466,-0.27
688067,爱威科技,18.87,18.79,18.87,18.94,18.86,19.04,17.63,1768012.0,32574380.0,-0.37,-0.07
688068,热景生物,131.54,131.54,131.55,129.34,128.96,133.5,117.59,5118901.0,643847493.0,1.701,2.2
688069,德林海,33.29,33.29,33.35,31.76,31.2,33.44,28.0,4144226.0,127174857.0,4.817,1.53
688070,纵横股份,31.05,31.05,31.1,31.61,31.86,31.97,30.03,2164256.0,66703303.0,-1.772,-0.56
688071,华依科技,31.43,31.43,31.5,30.37,30.24,32.5,28.4,5348894.0,163114768.0,3.49,1.06
688072,拓荆科技,764.46,764.46,0.0,637.05,657.0,764.46,613.81,11723892.0,8077980589.0,20.0,127.41
688073,毕得医药,49.68,49.68,49.7,50.12,49.66,49.88,46.03,2784342.0,134290148.0,-0.878,-0.44
688075,安旭生物,27.9,27.9,27.92,28.63,28.4,28.47,27.5,973575.0,27147750.0,-2.55,-0.73
688076,ST诺泰,27.06,27.05,27.06,27.71,27.7,27.79,26.69,3241483.0,87811374.0,-2.346,-0.65
688077,大地熊,22.13,22.13,22.14,21.24,22.0,22.17,20.42,3151016.0,67706460.0,4.19,0.89
688078,龙软科技,22.38,22.38,22.44,21.62,21.62,22.44,20.61,1696908.0,36626190.0,3.515,0.76
688079,美迪凯,15.25,15.25,15.26,13.89,13.96,15.38,12.15,28691660.0,401502253.0,9.791,1.36
688080,映翰通,32.63,32.63,32.71,32.44,32.43,32.99,30.52,1910403.0,61201052.0,0.586,0.19
688081,兴图新科,28.22,28.18,28.22,27.05,28.16,28.57,24.45,3794555.0,101923458.0,4.325,1.17
688082,盛美上海,326.0,326.0,326.01,282.45,288.0,328.65,267.0,11419556.0,3428532925.0,15.419,43.55
688083,中望软件,49.4,49.33,49.4,47.5,48.21,49.7,46.32,4500646.0,217780097.0,4.0,1.9
688084,晶品特装,40.62,40.6,40.62,40.76,40.8,41.05,37.61,2023542.0,80105531.0,-0.343,-0.14
688085,三友医疗,12.27,12.27,12.29,12.62,12.87,12.89,11.95,5357478.0,65754684.0,-2.773,-0.35
688087,英科再生,38.38,38.38,38.39,38.57,38.89,41.47,37.3,2866506.0,111454362.0,-0.493,-0.19
688088,虹软科技,33.36,33.36,33.37,32.56,32.24,33.65,32.11,8840079.0,292441164.0,2.457,0.8
688089,嘉必优,10.22,10.21,10.22,10.44,10.4,10.5,10.01,4456652.0,45502274.0,-2.107,-0.22
688090,瑞松科技,65.15,65.15,65.21,61.5,62.21,65.68,52.16,13823383.0,822376646.0,5.935,3.65
688091,上海谊众,39.91,39.91,39.99,40.6,40.32,40.62,38.66,4633851.0,184126111.0,-1.7,-0.69
688092,爱科科技,20.23,20.09,20.23,20.97,20.55,20.77,19.2,1400133.0,27881031.0,-3.529,-0.74
688093,世华科技,26.34,26.34,26.35,25.39,25.6,26.35,24.13,3693889.0,93856306.0,3.742,0.95
688095,福昕软件,54.5,54.41,54.5,53.39,53.55,54.69,51.12,3973398.0,211339669.0,2.079,1.11
688096,京源环保,7.25,7.24,7.25,7.6,7.6,7.7,6.16,15253520.0,104143859.0,-4.605,-0.35
688097,博众精工,45.2,45.2,45.23,43.15,44.13,45.6,40.37,8901270.0,387169477.0,4.751,2.05
688098,申联生物,8.4,8.4,8.41,8.21,8.25,8.42,7.71,4204110.0,33770629.0,2.314,0.19
688099,晶晨股份,88.0,88.0,88.01,85.0,85.49,89.62,84.02,18494200.0,1612145381.0,3.529,3.0
688100,威胜信息,29.51,29.5,29.51,28.38,28.57,29.84,28.33,5125902.0,150524062.0,3.982,1.13
688101,三达膜,16.04,16.01,16.04,17.01,17.07,17.18,14.77,14663035.0,229989503.0,-5.703,-0.97
688102,XD斯瑞新,28.92,28.92,28.94,26.95,27.66,29.1,25.01,23601150.0,647406041.0,7.31,1.97
688103,国力电子,80.78,80.5,80.78,73.5,74.15,81.65,67.8,6882887.0,515289766.0,9.905,7.28
688105,诺唯赞,17.26,17.25,17.26,16.84,16.8,17.27,15.96,9623413.0,159676120.0,2.494,0.42
688106,金宏气体,30.74,30.74,30.75,28.47,28.79,30.85,25.83,51000412.0,1444405888.0,7.973,2.27
688107,安路科技,30.55,30.54,30.55,28.92,29.2,30.67,26.61,13138987.0,382446082.0,5.636,1.63
688108,赛诺医疗,15.42,15.42,15.43,15.85,15.96,15.99,14.59,14940403.0,227833080.0,-2.713,-0.43
688109,品茗科技,64.85,64.85,64.93,63.04,62.41,65.0,57.71,1171403.0,72321834.0,2.871,1.81
688110,东芯股份,120.46,120.46,0.0,100.38,109.59,120.46,101.11,39503781.0,4389051826.0,20.004,20.08
688111,金山办公,247.55,247.55,247.56,244.27,240.98,249.37,240.0,16421644.0,4026813311.0,1.343,3.28
688112,鼎阳科技,53.04,53.04,53.17,49.51,50.0,53.3,45.0,4668083.0,233840419.0,7.13,3.53
688113,联测科技,30.65,30.64,30.65,30.78,30.51,31.0,28.82,1604271.0,48200774.0,-0.422,-0.13
688114,华大智造,49.5,49.5,49.53,49.12,48.29,49.78,47.89,4674819.0,228785219.0,0.774,0.38
688115,思林杰,41.91,41.91,41.94,41.26,39.16,42.98,34.86,3620070.0,142694677.0,1.575,0.65
688116,天奈科技,33.43,33.43,33.48,31.76,32.0,33.93,32.0,11309558.0,375154498.0,5.258,1.67
688117,圣诺生物,24.65,24.64,24.65,24.76,24.58,24.99,22.27,13923739.0,328131138.0,-0.444,-0.11
688118,普元信息,18.2,18.06,18.2,17.88,17.79,18.26,16.7,2716328.0,47717542.0,1.79,0.32
688119,中钢洛耐,3.69,3.68,3.69,3.62,3.62,3.7,3.43,18736906.0,66993836.0,1.934,0.07
688120,华海清科,273.56,273.56,0.0,227.97,235.0,273.56,216.0,22365263.0,5423931401.0,19.998,45.59
688121,*ST卓然,2.31,2.31,2.32,2.42,2.3,2.43,2.11,15570911.0,35020346.0,-4.545,-0.11
688122,西部超导,52.52,52.51,52.52,51.78,51.0,53.13,50.82,14842014.0,774055851.0,1.429,0.74
688123,聚辰股份,133.92,133.9,133.92,118.5,121.1,135.31,105.4,20433517.0,2464110612.0,13.013,15.42
688125,安达智能,114.52,114.52,114.68,102.5,107.03,116.77,87.16,2843413.0,288302641.0,11.727,12.02
688126,沪硅产业,27.68,27.67,27.68,25.3,25.8,27.89,23.33,178312781.0,4583831172.0,9.407,2.38
688127,蓝特光学,66.61,66.61,66.63,58.62,59.8,66.73,54.8,14522914.0,892434391.0,13.63,7.99
688128,中国电研,21.63,21.62,21.63,21.2,21.19,21.69,20.98,3377102.0,72207382.0,2.028,0.43
688129,东来技术,19.41,19.41,19.49,19.15,18.83,19.66,17.85,1436129.0,27065125.0,1.358,0.26
688130,晶华微,18.45,18.42,18.45,17.2,17.41,18.45,15.9,5005339.0,87015607.0,7.267,1.25
688131,皓元医药,72.88,72.87,72.88,73.6,73.6,73.6,67.0,8578225.0,608883790.0,-0.978,-0.72
688132,邦彦技术,11.57,11.56,11.57,11.8,11.78,11.91,10.94,2010670.0,22815360.0,-1.949,-0.23
688133,泰坦科技,21.9,21.88,21.9,20.8,20.9,22.09,19.2,9847971.0,204193013.0,5.288,1.1
688135,利扬芯片,24.76,24.75,24.76,22.46,22.8,24.8,20.1,27044312.0,619117739.0,10.24,2.3
688136,科兴制药,18.59,18.58,18.59,19.07,18.7,19.07,17.82,6574266.0,120897648.0,-2.517,-0.48
688137,近岸蛋白,35.7,35.7,35.72,36.65,36.66,37.3,34.1,1211485.0,42805317.0,-2.592,-0.95
688138,清溢光电,33.89,33.88,33.89,29.96,30.5,34.56,27.36,17668814.0,548485138.0,13.117,3.93
688139,海尔生物,27.71,27.71,27.72,27.44,27.4,27.9,27.22,4716516.0,130225914.0,0.984,0.27
688141,杰华特,137.36,137.36,0.0,114.47,120.0,137.36,113.32,20053692.0,2520382175.0,19.997,22.89
688143,长盈通,110.0,110.0,110.28,103.0,105.05,111.88,84.84,18026216.0,1799050468.0,6.796,7.0
688146,中船特气,212.0,211.99,212.0,200.8,192.48,215.0,161.37,27227310.0,5087864503.0,5.578,11.2
688147,微导纳米,125.84,125.84,0.0,104.87,107.93,125.84,99.0,11334138.0,1284028781.0,19.996,20.97
688148,芳源股份,6.06,6.05,6.06,5.84,5.9,6.08,5.47,23829990.0,138703027.0,3.767,0.22
688150,莱特光电,44.57,44.34,44.57,41.6,42.6,44.85,35.92,15360011.0,626834209.0,7.139,2.97
688151,华强科技,13.98,13.97,13.98,14.33,14.35,14.41,13.68,3715335.0,51833451.0,-2.442,-0.35
688152,麒麟信安,25.52,25.52,25.54,24.98,25.0,25.65,23.76,1951320.0,48427992.0,2.162,0.54
688153,唯捷创芯,25.0,24.99,25.0,24.08,24.03,25.19,22.8,7205542.0,174993650.0,3.821,0.92
688155,先惠技术,57.1,57.08,57.1,54.01,54.22,57.37,52.74,4507155.0,249777678.0,5.721,3.09
688156,路德科技,20.73,20.63,20.73,19.68,20.39,20.73,17.71,5959161.0,114967384.0,5.335,1.05
688157,松井股份,17.21,17.21,17.24,16.68,17.0,17.6,15.71,4107599.0,68075685.0,3.177,0.53
688158,优刻得,31.55,31.55,31.56,30.61,30.75,31.67,28.37,27370335.0,832949835.0,3.071,0.94
688159,有方科技,30.82,30.8,30.82,29.71,29.82,31.0,26.69,5736917.0,167651395.0,3.736,1.11
688160,步科股份,109.41,109.41,109.42,105.48,105.0,110.8,98.0,3045846.0,321490678.0,3.726,3.93
688161,威高骨科,21.22,21.15,21.22,21.5,21.5,21.52,20.84,1314625.0,27726950.0,-1.302,-0.28
688162,巨一科技,20.26,20.26,20.29,20.3,20.6,20.6,19.01,2635353.0,52461045.0,-0.197,-0.04
688163,赛伦生物,31.35,31.33,31.35,30.21,31.97,31.97,27.71,2708199.0,81220831.0,3.774,1.14
688165,埃夫特,16.87,16.87,16.88,16.27,16.37,16.89,15.68,12030580.0,198718284.0,3.688,0.6
688166,博瑞医药,35.09,35.08,35.09,36.4,35.88,36.39,33.36,25588370.0,886780887.0,-3.599,-1.31
688167,炬光科技,223.2,223.11,223.2,194.13,197.91,224.81,182.65,10994462.0,2240150987.0,14.975,29.07
688168,安博通,41.02,41.02,41.03,39.8,40.29,41.54,35.2,7099257.0,275013873.0,3.065,1.22
688169,石头科技,103.82,103.81,103.82,102.2,101.51,107.49,101.51,10488638.0,1097641480.0,1.585,1.62
688170,德龙激光,51.01,51.0,51.01,47.6,47.89,51.18,41.2,7822520.0,369987635.0,7.164,3.41
688171,纬德信息,23.57,23.55,23.57,23.26,23.94,23.99,21.21,2670343.0,60919168.0,1.333,0.31
688172,燕东微,63.2,63.2,63.21,54.1,55.18,63.21,49.97,33823291.0,1913786532.0,16.821,9.1
688173,希荻微,12.94,12.93,12.94,11.91,12.05,13.02,11.0,22077605.0,266257160.0,8.648,1.03
688175,高凌信息,16.46,16.46,16.48,16.07,16.43,16.54,14.24,7453879.0,116501481.0,2.427,0.39
688176,亚虹医药,13.66,13.66,13.67,13.87,13.85,13.95,12.77,24396079.0,325437039.0,-1.514,-0.21
688177,百奥泰,17.42,17.42,17.46,17.88,17.81,17.96,17.13,3853809.0,67235709.0,-2.573,-0.46
688178,万德斯,23.52,23.52,23.56,22.65,22.97,23.52,19.38,3861443.0,84207434.0,3.841,0.87
688179,阿拉丁,18.69,18.69,18.7,17.11,17.32,18.82,15.65,22752269.0,398339628.0,9.234,1.58
688180,君实生物,36.63,36.63,36.64,35.86,35.5,36.83,34.51,19087725.0,680580181.0,2.147,0.77
688181,八亿时空,39.4,39.25,39.4,35.7,36.43,39.6,32.23,11836419.0,430280855.0,10.364,3.7
688182,灿勤科技,25.88,25.88,25.89,23.59,23.76,25.89,21.68,12303881.0,294738691.0,9.708,2.29
688183,生益电子,110.23,110.21,110.23,102.02,104.02,112.0,92.1,24886146.0,2553857125.0,8.047,8.21
688184,ST帕瓦,10.19,10.14,10.19,10.2,10.1,10.22,9.69,1108078.0,11080549.0,-0.098,-0.01
688185,康希诺,50.15,50.13,50.15,49.66,49.68,50.44,48.21,2075913.0,102466342.0,0.987,0.49
688186,广大特材,13.57,13.57,13.58,13.51,13.51,13.66,13.0,5815133.0,77536877.0,0.444,0.06
688187,时代电气,49.29,49.29,49.3,48.08,47.2,49.62,47.2,12615178.0,612035315.0,2.517,1.21
688188,柏楚电子,100.63,100.6,100.63,95.72,94.02,102.7,93.8,6022702.0,598341129.0,5.13,4.91
688189,ST南新,6.71,6.71,6.79,7.34,7.34,7.54,6.52,8604706.0,58280083.0,-8.583,-0.63
688190,云路股份,66.37,66.35,66.37,64.86,64.02,67.01,62.47,2178232.0,142204636.0,2.328,1.51
688191,智洋创新,19.24,19.21,19.24,17.77,18.2,19.24,15.59,16975060.0,298320919.0,8.272,1.47
688192,迪哲医药,61.78,61.76,61.78,62.88,60.76,61.8,56.78,20804670.0,1240204476.0,-1.749,-1.1
688193,仁度生物,41.76,41.76,41.99,42.89,43.0,43.0,40.67,528539.0,22088796.0,-2.635,-1.13
688195,腾景科技,121.2,121.2,121.5,112.8,115.38,122.48,98.68,10184381.0,1131497965.0,7.447,8.4
688196,卓越新能,31.51,31.51,31.52,31.52,31.18,31.52,30.24,1975957.0,61226078.0,-0.032,-0.01
688197,首药控股,37.63,37.63,37.69,38.05,38.3,38.3,34.24,4648101.0,168802420.0,-1.104,-0.42
688198,佰仁医疗,78.36,78.36,78.45,80.2,80.05,80.05,76.66,984789.0,76612649.0,-2.294,-1.84
688199,久日新材,20.36,20.35,20.36,19.23,19.64,20.39,18.03,10444825.0,202594174.0,5.876,1.13
688200,华峰测控,406.96,406.83,406.96,353.06,361.89,408.88,328.15,8798846.0,3310626578.0,15.267,53.9
688201,ST信安,6.57,6.55,6.57,6.48,6.51,6.65,6.3,2647801.0,17208441.0,1.389,0.09
688202,美迪西,80.33,80.33,80.34,73.52,74.0,80.5,67.87,10952604.0,810231373.0,9.263,6.81
688203,海正生材,8.9,8.9,8.91,8.94,8.94,8.96,8.38,4046363.0,35211876.0,-0.447,-0.04
688205,德科立,136.75,136.7,136.75,127.3,129.09,136.99,111.86,10805490.0,1369797326.0,7.423,9.45
688206,概伦电子,37.1,37.09,37.1,34.75,34.86,37.33,33.02,14280135.0,510568529.0,6.763,2.35
688207,格灵深瞳,16.13,16.13,16.14,15.78,15.78,16.23,13.33,34291767.0,511910867.0,2.218,0.35
688208,道通科技,26.9,26.9,26.92,26.56,26.47,27.43,26.17,18140716.0,489357962.0,1.28,0.34
688209,英集芯,22.23,22.23,22.25,21.32,21.61,22.44,19.95,17489767.0,377087086.0,4.268,0.91
688210,统联精密,27.34,27.32,27.34,26.7,26.69,27.39,23.68,5521984.0,141027851.0,2.397,0.64
688211,中科微至,28.36,28.36,28.37,27.74,28.0,28.48,26.82,1297282.0,35858284.0,2.235,0.62
688212,澳华内镜,25.96,25.95,25.96,26.32,26.49,26.5,25.3,3110253.0,80023090.0,-1.368,-0.36
688213,思特威,96.12,96.12,96.14,92.55,91.85,96.94,91.85,11255086.0,1067338568.0,3.857,3.57
688215,瑞晟智能,32.29,32.2,32.29,31.11,31.54,33.06,29.0,2055267.0,64139648.0,3.793,1.18
688216,气派科技,30.5,30.5,30.51,26.97,27.5,30.82,23.77,11204217.0,308172649.0,13.089,3.53
688217,睿昂基因,19.41,19.41,19.46,20.3,20.2,20.2,17.81,2864832.0,54019255.0,-4.384,-0.89
688218,江苏北人,38.88,38.88,38.91,33.64,33.56,39.0,32.98,8104726.0,292933104.0,15.577,5.24
688219,会通股份,10.56,10.55,10.56,10.33,10.23,10.6,9.98,7395991.0,76345140.0,2.227,0.23
688220,翱捷科技,107.78,107.78,108.26,100.39,100.76,109.4,93.8,15632588.0,1597485402.0,7.361,7.39
688221,前沿生物,20.38,20.37,20.38,20.7,20.59,20.88,18.23,27558491.0,540479848.0,-1.546,-0.32
688222,成都先导,28.92,28.92,28.93,28.43,28.23,29.18,25.85,23090104.0,638297987.0,1.724,0.49
688223,晶科能源,4.18,4.17,4.18,4.17,4.13,4.19,4.06,130612768.0,538666843.0,0.24,0.01
688225,亚信安全,12.0,11.99,12.0,12.01,11.82,12.3,11.3,7086875.0,83806077.0,-0.083,-0.01
688226,威腾电气,28.83,28.83,28.85,27.55,27.14,28.83,24.65,9521509.0,255510957.0,4.646,1.28
688227,品高股份,77.22,77.21,77.22,75.79,76.22,78.9,66.58,6282991.0,464739257.0,1.887,1.43
688228,开普云,63.73,63.73,63.74,61.85,61.86,63.73,56.91,2376473.0,144677842.0,3.04,1.88
688229,博睿数据,62.86,62.8,62.86,61.99,62.0,64.6,56.9,1100176.0,66801077.0,1.403,0.87
688230,芯导科技,52.15,52.11,52.15,48.9,49.15,52.24,44.0,2976548.0,145304345.0,6.646,3.25
688231,隆达股份,27.29,27.29,27.32,25.5,26.15,28.12,23.37,10680316.0,275781883.0,7.02,1.79
688232,新点软件,17.85,17.85,17.86,18.1,18.08,18.37,17.57,5280525.0,94523717.0,-1.381,-0.25
688233,神工股份,123.3,123.22,123.3,108.8,112.5,124.32,94.78,21189172.0,2365653212.0,13.327,14.5
688234,天岳先进,101.12,101.11,101.12,93.0,94.81,101.98,84.01,19459184.0,1831500437.0,8.731,8.12
688235,百济神州,275.5,275.5,275.6,259.3,257.01,276.0,251.08,7843799.0,2066830639.0,6.248,16.2
688236,春立医疗,13.78,13.78,13.79,14.39,14.55,14.55,13.66,3916883.0,54535218.0,-4.239,-0.61
688237,超卓航科,53.5,0.0,0.0,53.5,0.0,0.0,0.0,0.0,0.0,0.0,0.0
688238,和元生物,5.72,5.72,5.73,5.86,6.01,6.05,5.36,24169677.0,135233982.0,-2.389,-0.14
688239,航宇科技,41.5,41.49,41.5,40.63,40.63,42.05,38.08,7607316.0,306987279.0,2.141,0.87
688244,永信至诚,13.72,13.72,13.76,13.08,13.02,13.86,12.33,3242201.0,42462549.0,4.893,0.64
688246,嘉和美康,16.66,16.66,16.69,17.14,17.14,17.21,15.26,5149431.0,83244801.0,-2.8,-0.48
688247,宣泰医药,8.7,8.7,8.71,8.93,8.8,8.93,8.39,6585768.0,56668405.0,-2.576,-0.23
688248,南网科技,43.35,43.35,43.41,42.99,43.2,43.84,40.0,9464540.0,398931629.0,0.837,0.36
688249,晶合集成,49.8,49.8,49.82,43.4,44.29,50.09,40.4,68619328.0,3117666101.0,14.747,6.4
688251,井松智能,18.61,18.6,18.61,18.49,18.36,18.99,16.94,2735903.0,49205089.0,0.649,0.12
688252,天德钰,16.97,16.97,16.99,16.01,16.27,17.14,15.5,8289001.0,136752026.0,5.996,0.96
688253,英诺特,52.6,52.5,52.6,50.0,50.0,53.13,47.01,2712823.0,136048525.0,5.2,2.6
688255,凯尔达,24.41,24.41,24.43,23.5,23.56,25.2,21.84,6099185.0,143151248.0,3.872,0.91
688256,寒武纪,1350.02,1350.01,1350.02,1209.0,1260.0,1357.46,1208.0,17184383.0,22090557774.0,11.664,141.02
688257,新锐股份,65.39,65.38,65.39,58.44,59.61,65.88,51.66,28125929.0,1680396246.0,11.893,6.95
688258,卓易信息,107.73,107.73,107.84,100.0,100.0,109.0,88.01,6658583.0,658521230.0,7.73,7.73
688259,创耀科技,28.96,28.95,28.96,27.77,27.9,28.96,26.11,2538414.0,70673733.0,4.285,1.19
688260,昀冢科技,75.81,75.78,75.81,65.14,63.86,76.6,53.01,9118021.0,581514406.0,16.38,10.67
688261,东微半导,71.81,71.81,0.0,59.84,62.45,71.81,55.14,12149757.0,798975497.0,20.003,11.97
688262,国芯科技,26.84,26.83,26.84,24.57,24.89,27.0,22.62,22653801.0,570400303.0,9.239,2.27
688265,南模生物,33.6,33.59,33.6,34.42,34.13,34.26,31.75,1526946.0,50274270.0,-2.382,-0.82
688266,泽璟制药,141.2,141.2,141.26,138.48,135.6,142.2,133.5,7338395.0,1011489920.0,1.964,2.72
688267,中触媒,16.5,16.49,16.5,16.32,16.3,16.62,15.58,2185797.0,35310176.0,1.103,0.18
688268,华特气体,156.08,156.08,156.1,146.9,131.28,156.13,123.0,15174584.0,2106122327.0,6.249,9.18
688269,凯立新材,28.76,28.76,28.78,28.42,28.7,29.0,27.27,1845974.0,52179073.0,1.196,0.34
688270,ST臻镭,63.5,63.49,63.5,59.0,59.99,64.2,55.5,12167764.0,734729025.0,7.627,4.5
688271,联影医疗,114.52,114.52,114.53,118.0,116.82,118.05,113.23,11734830.0,1352517892.0,-2.949,-3.48
688272,富吉瑞,25.98,25.96,25.98,24.83,25.14,26.38,22.02,3199253.0,78573870.0,4.631,1.15
688273,麦澜德,29.29,29.29,29.31,30.01,30.86,30.86,27.18,2592706.0,74935967.0,-2.399,-0.72
688275,万润新能,75.06,75.05,75.06,72.15,72.01,75.47,66.76,6072955.0,437254093.0,4.033,2.91
688276,百克生物,14.57,14.55,14.57,14.73,14.62,14.85,14.35,2595728.0,37741642.0,-1.086,-0.16
688277,天智航,19.09,0.0,0.0,19.09,0.0,0.0,0.0,0.0,0.0,0.0,0.0
688278,特宝生物,60.2,60.18,60.2,60.11,59.5,61.6,59.21,4801780.0,289439146.0,0.15,0.09
688279,峰岹科技,184.6,184.6,185.5,181.43,182.22,191.02,174.74,2635580.0,484498837.0,1.747,3.17
688280,精进电动,4.5,4.49,4.5,4.47,4.5,4.52,4.15,14415666.0,63035947.0,0.671,0.03
688281,华秦科技,45.07,45.0,45.07,44.5,44.06,45.55,43.5,4465378.0,199564494.0,1.281,0.57
688282,理工导航,48.04,48.04,48.05,47.13,47.13,49.39,42.9,1482201.0,68360883.0,1.931,0.91
688283,坤恒顺维,25.17,25.17,25.18,23.95,24.63,25.21,22.46,3756411.0,90350027.0,5.094,1.22
688285,高铁电气,6.83,6.83,6.84,6.92,6.94,6.95,6.64,3496421.0,23768427.0,-1.301,-0.09
688286,敏芯股份,44.81,44.81,44.82,40.84,41.66,44.97,36.6,9405953.0,386670087.0,9.721,3.97
688288,鸿泉技术,15.89,15.88,15.89,15.83,15.69,16.1,14.85,2030209.0,31509968.0,0.379,0.06
688289,圣湘生物,15.39,15.39,15.4,15.71,15.87,15.87,15.32,6044737.0,93723353.0,-2.037,-0.32
688290,景业智能,51.0,51.0,51.35,51.0,50.72,53.11,47.25,1388757.0,69789922.0,0.0,0.0
688291,金橙子,38.4,38.4,38.41,35.32,36.02,38.48,32.14,3815289.0,136914499.0,8.72,3.08
688292,浩瀚深度,15.6,15.57,15.6,15.2,15.21,15.66,14.07,4017255.0,60084604.0,2.632,0.4
688293,奥浦迈,56.22,56.22,56.27,54.0,53.05,56.75,51.52,4605190.0,248355109.0,4.111,2.22
688295,中复神鹰,40.3,40.3,40.31,38.21,38.01,40.4,37.81,8389066.0,330439832.0,5.47,2.09
688296,和达科技,12.75,12.72,12.75,12.35,12.24,12.79,11.51,5791936.0,70764629.0,3.239,0.4
688297,中无人机,40.15,40.15,40.19,40.65,40.02,41.5,39.91,9444660.0,382769156.0,-1.23,-0.5
688298,东方生物,18.64,18.64,18.65,19.26,19.08,19.22,18.2,2549645.0,47412174.0,-3.219,-0.62
688299,长阳科技,11.68,11.68,11.69,11.42,11.44,11.86,10.74,10599650.0,121314485.0,2.277,0.26
688300,联瑞新材,135.3,135.3,135.44,121.79,127.99,135.98,111.12,13820918.0,1735617950.0,11.093,13.51
688301,奕瑞科技,93.87,93.82,93.87,86.16,86.51,94.48,82.09,11874179.0,1066507831.0,8.948,7.71
688302,海创药业,36.21,36.21,36.24,36.83,36.83,36.83,34.44,2468902.0,87900587.0,-1.683,-0.62
688303,大全能源,16.59,16.59,16.6,16.61,16.45,16.75,16.37,11679481.0,193362688.0,-0.12,-0.02
688305,科德数控,54.53,54.53,54.54,52.22,52.74,54.53,50.65,3545219.0,187029700.0,4.424,2.31
688306,均普智能,8.9,8.9,8.92,8.51,8.48,9.05,8.45,14362523.0,125891397.0,4.583,0.39
688307,中润光学,45.19,45.19,45.2,40.13,41.51,45.34,35.41,9147949.0,374555107.0,12.609,5.06
688308,欧科亿,101.68,101.67,101.68,85.6,86.04,101.73,75.11,18657077.0,1644405896.0,18.785,16.08
688309,恒誉环保,57.65,57.65,57.68,55.01,57.68,59.88,45.9,3757296.0,198106392.0,4.799,2.64
688310,迈得医疗,13.0,12.97,13.0,12.59,12.78,13.06,11.66,3989217.0,49503147.0,3.257,0.41
688311,盟升电子,22.98,22.98,22.99,22.89,22.7,23.39,20.83,7395314.0,164885550.0,0.393,0.09
688312,燕麦科技,47.86,47.86,47.98,43.88,44.5,48.2,37.81,9769777.0,425528779.0,9.07,3.98
688313,仕佳光子,121.9,121.9,121.94,111.5,113.6,122.87,95.99,32684699.0,3607735968.0,9.327,10.4
688314,康拓医疗,30.88,30.88,30.95,31.14,30.98,31.38,28.0,1994148.0,59833972.0,-0.835,-0.26
688315,诺禾致源,12.58,12.58,12.59,12.8,12.71,12.86,12.19,4332205.0,54108011.0,-1.719,-0.22
688316,青云科技,46.08,46.08,46.09,44.62,44.1,46.1,41.05,2963265.0,130557464.0,3.272,1.46
688317,之江生物,15.3,15.3,15.32,15.59,15.39,15.43,14.82,2987395.0,45217554.0,-1.86,-0.29
688318,财富趋势,71.58,71.58,71.59,69.74,69.05,71.6,68.33,6171450.0,434138177.0,2.638,1.84
688319,欧林生物,26.83,26.83,26.84,26.04,26.31,27.6,25.69,15852101.0,422599488.0,3.034,0.79
688320,禾川科技,28.02,28.02,28.04,25.98,25.98,28.1,24.38,6465837.0,171245043.0,7.852,2.04
688321,微芯生物,28.98,28.98,28.99,28.79,28.58,29.27,27.35,18730193.0,530106333.0,0.66,0.19
688322,奥比中光,97.65,97.65,97.66,92.8,94.97,97.99,86.14,16926978.0,1582797717.0,5.226,4.85
688323,瑞华泰,26.28,26.28,26.29,23.92,24.12,27.1,20.73,14690120.0,354470955.0,9.866,2.36
688325,赛微微电,106.21,106.15,106.21,106.0,107.0,110.88,93.2,2321502.0,238518330.0,0.198,0.21
688326,经纬恒润,65.83,65.83,65.85,63.61,63.74,66.2,63.2,1971161.0,128127213.0,3.49,2.22
688327,云从科技,10.93,10.93,10.94,10.72,10.7,11.05,10.3,26868662.0,289257099.0,1.959,0.21
688328,深科达,78.94,78.94,0.0,65.78,67.62,78.94,57.18,12271118.0,843611881.0,20.006,13.16
688329,艾隆科技,17.06,17.06,17.16,16.79,17.0,17.28,15.3,3418646.0,55677693.0,1.608,0.27
688330,宏力达,31.22,31.22,31.29,31.52,31.28,31.78,30.71,1164108.0,36227402.0,-0.952,-0.3
688331,荣昌生物,127.65,127.65,127.66,123.11,123.0,128.01,118.01,9098279.0,1118616466.0,3.688,4.54
688332,中科蓝讯,86.1,86.1,86.12,81.72,82.18,86.59,72.71,8971435.0,732897556.0,5.36,4.38
688333,铂力特,101.0,101.0,101.03,96.5,97.56,105.5,94.0,21342144.0,2131036403.0,4.663,4.5
688334,西高院,17.25,17.25,17.26,17.2,17.2,17.35,17.07,2463521.0,42423668.0,0.291,0.05
688335,复洁科技,18.55,18.51,18.55,18.1,18.2,18.66,16.51,3489716.0,61729458.0,2.486,0.45
688336,三生国健,44.22,44.22,44.23,43.96,43.75,44.29,40.6,17978712.0,764745626.0,0.591,0.26
688337,普源精电,42.19,42.19,42.2,38.52,39.2,42.29,35.31,7133887.0,279751722.0,9.528,3.67
688338,赛科希德,26.5,26.5,26.51,29.21,29.01,29.58,25.51,3080946.0,82808600.0,-9.278,-2.71
688339,亿华通,16.86,16.86,16.87,15.95,16.29,16.95,15.49,5734062.0,93169514.0,5.705,0.91
688343,云天励飞,71.0,71.0,71.01,67.89,69.0,71.27,64.14,17228417.0,1177860165.0,4.581,3.11
688345,博力威,40.77,40.76,40.77,39.99,41.5,41.5,36.0,2899492.0,112896290.0,1.95,0.78
688347,华虹宏力,397.78,397.78,0.0,331.48,338.5,397.78,335.0,35406568.0,12877385753.0,20.001,66.3
688348,昱能科技,29.71,29.71,29.81,29.56,29.44,29.93,28.88,1881105.0,55383560.0,0.507,0.15
688349,三一重能,14.5,14.5,14.51,14.53,14.52,15.0,14.36,14091864.0,206361732.0,-0.206,-0.03
688350,富淼科技,23.96,23.96,23.97,23.53,23.98,24.13,21.34,3600983.0,82339999.0,1.827,0.43
688351,微电生理,19.94,19.94,19.95,20.12,20.0,20.18,19.3,5315935.0,105423760.0,-0.895,-0.18
688352,颀中科技,14.19,14.19,14.2,13.0,13.36,14.65,12.21,51617742.0,703235260.0,9.154,1.19
688353,华盛锂电,89.32,89.3,89.32,82.4,82.0,89.77,77.0,8844154.0,740863809.0,8.398,6.92
688355,明志科技,15.44,15.4,15.44,15.46,15.31,15.74,13.86,4426237.0,65677932.0,-0.129,-0.02
688356,键凯科技,74.16,74.15,74.16,77.9,77.76,77.76,68.55,2109567.0,153299356.0,-4.801,-3.74
688357,建龙微纳,23.8,23.79,23.8,23.25,23.4,24.01,22.68,1211647.0,28304699.0,2.366,0.55
688358,祥生医疗,26.85,26.85,26.89,26.91,27.63,27.63,25.03,1895608.0,49588499.0,-0.223,-0.06
688359,三孚新科,124.0,123.0,124.0,105.82,105.78,124.98,87.02,12758101.0,1332538389.0,17.18,18.18
688360,德马科技,14.0,13.99,14.0,13.8,13.98,14.17,13.0,7786044.0,106478810.0,1.449,0.2
688361,中科飞测,366.46,366.46,0.0,305.38,313.01,366.46,300.53,16630097.0,5569561889.0,20.001,61.08
688362,甬矽电子,83.2,83.2,83.27,71.42,75.19,83.97,66.0,48581977.0,3699031612.0,16.494,11.78
688363,华熙生物,36.86,36.84,36.86,36.66,36.58,37.17,36.25,5126480.0,188047865.0,0.546,0.2
688365,光云科技,13.6,13.6,13.61,13.33,13.26,13.68,12.3,14127682.0,185460604.0,2.026,0.27
688366,昊海生科,31.51,31.51,31.7,32.7,32.75,32.98,31.35,1119401.0,35572066.0,-3.639,-1.19
688367,工大高科,24.98,24.98,24.99,24.2,24.2,25.27,21.75,2156185.0,50925885.0,3.223,0.78
688368,晶丰明源,129.33,129.33,129.39,120.01,122.0,129.84,107.77,7172994.0,867107706.0,7.766,9.32
688369,致远互联,16.5,16.5,16.51,16.39,16.39,16.68,15.38,2632810.0,42461975.0,0.671,0.11
688370,丛麟科技,20.65,20.64,20.65,20.99,21.0,21.13,19.6,1093446.0,22161377.0,-1.62,-0.34
688371,菲沃泰,27.43,27.43,0.0,22.86,23.2,27.43,20.97,16188275.0,389828842.0,19.991,4.57
688372,伟测科技,132.03,132.03,132.1,120.5,122.0,133.1,110.33,15073744.0,1878972862.0,9.568,11.53
688373,盟科药业,4.72,4.71,4.72,4.83,4.82,4.83,4.43,19995810.0,92502036.0,-2.277,-0.11
688375,国博电子,75.3,75.3,75.31,71.1,70.05,75.43,67.01,8562222.0,614740153.0,5.907,4.2
688376,美埃科技,72.09,72.03,72.09,64.02,67.0,72.09,60.88,6005950.0,402404363.0,12.605,8.07
688377,迪威尔,19.2,19.2,19.21,18.88,18.58,19.32,17.59,4083316.0,75550662.0,1.695,0.32
688378,奥来德,42.06,42.05,42.06,38.25,38.96,42.8,33.5,16466685.0,625358187.0,9.961,3.81
688379,华光新材,50.31,50.31,50.32,46.0,46.62,50.47,41.6,5948696.0,277188576.0,9.37,4.31
688380,中微半导,38.75,38.75,38.76,35.92,36.35,38.85,32.8,23839627.0,875082744.0,7.879,2.83
688381,帝奥微,31.33,31.33,31.35,29.0,29.73,31.33,25.0,16364833.0,467881154.0,8.034,2.33
688382,益方生物,25.99,25.98,25.99,26.04,25.34,26.2,23.81,35547512.0,883625649.0,-0.192,-0.05
688383,新益昌,107.98,107.81,107.98,99.65,101.97,108.0,86.45,3812511.0,377021596.0,8.359,8.33
688385,复旦微电,53.32,53.32,53.33,50.01,50.65,53.34,47.83,29626343.0,1517556807.0,6.619,3.31
688386,泛亚微透,57.82,57.82,57.85,56.02,58.43,59.0,48.02,4857519.0,261527697.0,3.213,1.8
688387,信科移动,13.32,13.31,13.32,12.26,12.36,13.5,11.22,83268603.0,1039596596.0,8.646,1.06
688388,嘉元科技,26.7,26.69,26.7,24.08,24.88,26.86,21.93,60107449.0,1479522202.0,10.88,2.62
688389,普门科技,10.75,10.75,10.79,10.94,10.98,11.19,10.73,2424159.0,26348140.0,-1.737,-0.19
688390,固德威,62.5,62.5,62.61,63.85,63.75,64.13,58.59,10024093.0,613400235.0,-2.114,-1.35
688391,钜泉科技,24.4,24.4,24.43,23.41,24.01,24.44,22.5,2593096.0,61380508.0,4.229,0.99
688392,骄成超声,166.24,166.23,166.24,140.49,143.28,167.57,133.0,7249907.0,1089806260.0,18.329,25.75
688393,安必平,16.83,16.83,16.84,17.23,17.24,17.46,15.7,3069469.0,50963710.0,-2.322,-0.4
688395,正弦电气,19.32,19.32,19.33,18.97,19.12,19.5,18.02,2223169.0,41770954.0,1.845,0.35
688396,华润微,65.28,65.28,65.29,59.53,60.0,65.38,55.0,43794010.0,2666622584.0,9.659,5.75
688398,赛特新材,19.85,19.83,19.85,20.24,20.1,20.7,18.06,5746051.0,111168659.0,-1.927,-0.39
688399,硕世生物,29.36,29.36,29.38,29.89,29.61,30.04,27.5,3057671.0,88181473.0,-1.773,-0.53
688400,凌云光,47.02,47.02,47.08,43.54,44.64,47.29,40.56,18731718.0,833502414.0,7.993,3.48
688401,路维光电,68.65,68.64,68.65,59.3,60.48,68.87,56.2,11796391.0,746934103.0,15.767,9.35
688403,汇成股份,27.57,27.57,27.58,23.56,24.02,27.77,21.18,98714904.0,2436921313.0,17.02,4.01
688408,中信博,24.65,24.63,24.65,24.44,24.28,24.78,23.9,4981327.0,121446202.0,0.859,0.21
688409,富创精密,204.1,204.1,204.29,170.7,175.96,204.84,151.0,16047510.0,2870692799.0,19.566,33.4
688410,山外山,10.22,10.22,10.23,10.34,10.3,10.34,9.71,10470953.0,105633267.0,-1.161,-0.12
688411,海博思创,187.2,187.2,187.21,181.35,181.3,188.58,180.0,3873226.0,716582604.0,3.226,5.85
688416,恒烁股份,71.67,71.67,71.68,62.14,63.95,71.96,54.32,11854975.0,756826328.0,15.336,9.53
688418,震有科技,33.62,33.58,33.62,31.1,31.17,33.88,27.35,8472885.0,260986604.0,8.103,2.52
688419,耐科装备,43.51,43.51,43.52,39.04,39.59,43.63,33.56,7734325.0,305346779.0,11.45,4.47
688420,美腾科技,19.42,19.39,19.42,19.71,19.63,19.73,18.73,960424.0,18440536.0,-1.471,-0.29
688425,铁建重工,4.23,4.22,4.23,4.2,4.18,4.29,4.18,34112944.0,144665617.0,0.714,0.03
688426,康为世纪,15.77,15.76,15.77,15.71,15.71,15.81,14.42,1949877.0,29857533.0,0.382,0.06
688428,诺诚健华,29.07,29.06,29.07,27.82,27.95,29.07,26.63,14036821.0,390153047.0,4.493,1.25
688429,时创能源,8.99,8.99,9.01,9.13,9.08,9.13,8.74,2824372.0,25267422.0,-1.533,-0.14
688432,有研硅,46.51,46.5,46.51,42.27,40.3,47.16,33.82,76678691.0,3196121088.0,10.031,4.24
688433,华曙高科,81.21,81.21,81.42,75.61,77.6,83.0,70.0,6409950.0,497143927.0,7.406,5.6
688435,英方软件,26.33,26.33,26.36,26.02,26.06,26.65,23.92,2783534.0,70745312.0,1.191,0.31
688439,振华风光,39.31,39.3,39.31,37.89,38.01,39.38,36.97,3224047.0,123691863.0,3.748,1.42
688443,智翔金泰,25.03,25.03,25.08,24.83,24.84,25.18,23.98,4998164.0,123062019.0,0.805,0.2
688448,磁谷科技,47.31,47.31,47.5,43.0,43.56,47.31,36.41,6475077.0,271776244.0,10.023,4.31
688449,联芸科技,58.36,58.35,58.36,53.01,53.01,58.59,50.8,15202093.0,836361430.0,10.092,5.35
688450,光格科技,29.8,29.75,29.8,27.96,28.39,29.9,24.19,5554211.0,151399662.0,6.581,1.84
688455,科捷智能,13.33,13.32,13.33,13.0,13.07,13.38,11.97,3297760.0,42545199.0,2.538,0.33
688456,有研粉材,78.0,77.99,78.0,70.94,71.93,78.0,63.09,10486607.0,752922245.0,9.952,7.06
688458,美芯晟,32.56,32.52,32.56,30.71,30.64,32.83,28.14,4466618.0,136874587.0,6.024,1.85
688459,哈铁科技,8.1,8.1,8.11,8.12,8.15,8.16,8.01,1447849.0,11685910.0,-0.246,-0.02
688466,金科环境,11.85,11.85,11.86,12.28,12.05,12.11,11.21,2276892.0,26523337.0,-3.502,-0.43
688468,科美诊断,5.8,5.79,5.8,5.91,5.93,5.93,5.65,4594216.0,26477472.0,-1.861,-0.11
688469,芯联集成,7.86,7.85,7.86,7.16,7.11,7.89,7.05,299028855.0,2229138985.0,9.777,0.7
688472,阿特斯,10.03,10.02,10.03,9.47,9.38,10.05,9.31,88702910.0,852535843.0,5.913,0.56
688475,萤石网络,28.36,28.35,28.36,27.73,27.47,28.5,27.4,8149905.0,228387103.0,2.272,0.63
688478,晶升股份,47.28,47.27,47.28,42.82,43.68,47.88,36.38,10095829.0,427055295.0,10.416,4.46
688479,友车科技,30.18,30.07,30.18,28.4,29.11,30.2,25.5,4217233.0,118085245.0,6.268,1.78
688480,赛恩斯,68.48,68.48,68.88,64.72,64.64,69.63,61.0,2283889.0,149862464.0,5.81,3.76
688484,南芯科技,36.1,36.1,36.11,34.32,34.62,36.3,32.1,14793449.0,514444477.0,5.186,1.78
688485,九州一轨,49.48,49.48,49.49,44.8,44.0,49.55,39.89,5206808.0,232635285.0,10.446,4.68
688486,龙迅股份,43.48,43.45,43.48,39.09,39.26,43.55,37.88,9128584.0,377035718.0,11.23,4.39
688488,艾迪药业,15.61,15.61,15.72,15.98,15.65,15.92,14.73,15213487.0,232040380.0,-2.315,-0.37
688489,三未信安,22.11,22.11,22.13,21.4,21.6,22.5,21.27,1658312.0,36429395.0,3.318,0.71
688496,*ST清越,0.79,0.79,0.8,0.83,0.83,0.85,0.76,9446484.0,7478533.0,-4.819,-0.04
688498,源杰科技,1510.0,1509.0,1510.0,1403.42,1401.63,1548.0,1188.0,9927525.0,13300473665.0,7.594,106.58
688499,利元亨,33.77,33.74,33.77,32.56,33.18,33.77,29.9,5454350.0,176744503.0,3.716,1.21
688500,慧辰股份,30.22,30.22,30.5,27.46,27.46,32.87,25.79,7327770.0,205946575.0,10.051,2.76
688501,青达环保,16.05,16.05,16.07,15.91,15.69,16.34,14.81,3138270.0,49265403.0,0.88,0.14
688502,茂莱光学,417.6,417.39,417.6,363.92,369.4,417.99,327.96,3210303.0,1209143780.0,14.75,53.68
688503,聚和材料,71.6,71.6,71.63,65.03,66.0,71.71,59.99,22488015.0,1495520334.0,10.103,6.57
688505,复旦张江,7.45,7.44,7.45,7.59,7.57,7.57,7.13,10906873.0,79880597.0,-1.845,-0.14
688506,百利天恒,341.7,341.67,341.7,336.2,332.2,344.6,324.0,2820361.0,945210379.0,1.636,5.5
688507,索辰科技,159.7,159.7,159.77,147.5,150.77,159.91,127.5,9513103.0,1382690604.0,8.271,12.2
688508,芯朋微,68.12,68.12,68.14,61.0,62.19,68.34,55.97,12461663.0,784189024.0,11.672,7.12
688509,正元地信,3.79,3.79,3.8,3.69,3.63,3.79,3.58,7528490.0,27688262.0,2.71,0.1
688510,航亚科技,21.18,21.17,21.18,20.76,21.0,21.59,20.08,6305873.0,131951044.0,2.023,0.42
688511,天微电子,19.15,19.15,19.16,17.87,18.47,19.38,16.53,3890550.0,70989102.0,7.163,1.28
688512,慧智微,11.9,11.89,11.9,10.99,11.18,12.14,10.2,23798061.0,268557119.0,8.28,0.91
688513,苑东生物,54.35,54.33,54.35,57.6,55.43,56.45,51.1,5041409.0,269229549.0,-5.642,-3.25
688515,裕太微,140.48,140.45,140.48,126.92,129.97,140.63,115.78,5358911.0,694823805.0,10.684,13.56
688516,奥特维,39.49,39.49,39.5,37.45,37.44,39.65,35.46,11828775.0,446759288.0,5.447,2.04
688517,金冠电气,14.39,14.39,14.4,14.61,14.52,14.61,13.48,3457243.0,48685632.0,-1.506,-0.22
688518,联赢激光,18.2,18.19,18.2,17.24,17.31,18.33,16.22,21394515.0,371813009.0,5.568,0.96
688519,南亚新材,255.0,255.0,255.07,231.73,235.0,256.66,195.0,12702333.0,2889893631.0,10.042,23.27
688520,神州细胞,36.05,36.04,36.05,36.95,36.89,37.1,35.58,3054177.0,110142857.0,-2.436,-0.9
688521,芯原股份,244.7,244.62,244.7,225.0,228.28,248.89,203.67,31000422.0,7088831009.0,8.756,19.7
688522,纳睿雷达,19.36,19.35,19.36,19.26,19.1,19.68,18.48,9062751.0,173545899.0,0.519,0.1
688523,航天环宇,42.7,42.7,42.72,41.75,42.62,42.98,38.49,7287267.0,300957512.0,2.275,0.95
688525,佰维存储,270.97,270.97,270.98,244.0,245.0,271.39,219.09,56283261.0,13983683916.0,11.053,26.97
688526,科前生物,12.76,12.74,12.76,12.79,12.79,12.87,12.64,1558841.0,19827473.0,-0.235,-0.03
688528,秦川物联,7.82,7.8,7.82,7.87,7.88,7.94,7.26,2948464.0,22466827.0,-0.635,-0.05
688529,豪森智能,12.68,12.58,12.68,12.7,12.95,13.07,11.55,3299479.0,40624385.0,-0.157,-0.02
688530,欧莱新材,56.2,56.12,56.2,48.47,49.11,56.96,42.12,13933818.0,690423905.0,15.948,7.73
688531,日联科技,131.0,130.99,131.0,118.0,121.53,132.5,113.84,9286987.0,1159828525.0,11.017,13.0
688533,上声电子,20.6,20.53,20.6,20.22,20.41,20.87,19.98,1256004.0,25528674.0,1.879,0.38
688535,华海诚科,112.0,112.0,112.01,97.2,99.45,112.21,87.0,16227231.0,1619288185.0,15.226,14.8
688536,思瑞浦,258.97,258.04,258.97,229.0,232.3,266.8,215.0,7457468.0,1797161189.0,13.087,29.97
688538,和辉光电,2.4,2.4,2.41,2.37,2.35,2.42,2.34,114882955.0,273533733.0,1.266,0.03
688539,高华科技,23.84,23.84,23.9,23.14,23.31,23.98,21.36,3652887.0,83289556.0,3.025,0.7
688543,国科军工,34.7,34.7,34.73,34.3,34.48,35.18,33.88,6520043.0,225746910.0,1.166,0.4
688545,兴福电子,79.77,79.76,79.77,69.91,72.05,80.0,63.8,21418450.0,1558221794.0,14.104,9.86
688548,广钢气体,37.2,37.2,37.23,35.0,35.0,38.0,31.68,52663517.0,1847784543.0,6.286,2.2
688549,中巨芯,23.85,23.84,23.85,21.28,21.88,24.0,18.5,133935195.0,2864649150.0,12.077,2.57
688550,瑞联新材,42.75,42.74,42.75,41.5,41.59,42.95,38.2,7342721.0,302338390.0,3.012,1.25
688551,科威尔,39.58,39.58,39.6,35.28,36.0,39.8,32.08,6592007.0,236904338.0,12.188,4.3
688552,航天南湖,23.92,23.9,23.92,23.85,23.85,24.12,22.8,4678617.0,110537026.0,0.294,0.07
688553,汇宇制药,11.21,11.21,11.22,11.21,11.14,11.44,10.34,21435484.0,233567370.0,0.0,0.0
688556,高测股份,8.28,8.27,8.28,7.84,7.88,8.3,7.38,34894234.0,275573586.0,5.612,0.44
688557,兰剑智能,18.24,18.24,18.26,17.91,18.05,18.47,16.91,1976015.0,35084755.0,1.843,0.33
688558,国盛智科,26.26,26.26,26.27,25.54,25.91,26.26,23.85,2714616.0,68584922.0,2.819,0.72
688559,海目星,43.4,43.4,43.41,40.1,40.9,43.57,36.9,18170739.0,738077839.0,8.229,3.3
688560,明冠新材,10.43,10.43,10.46,10.35,10.37,10.5,9.85,5661344.0,57680102.0,0.773,0.08
688561,奇安信,25.65,25.65,25.66,25.23,24.98,25.87,24.68,10383331.0,263856220.0,1.665,0.42
688562,航天软件,13.63,13.63,13.64,13.44,13.49,13.77,12.95,4426035.0,59405593.0,1.414,0.19
688563,航材股份,50.93,50.92,50.93,48.88,48.9,51.15,48.8,3086397.0,155132672.0,4.194,2.05
688565,力源科技,8.66,8.66,8.69,8.3,8.26,8.72,7.72,5799760.0,47616865.0,4.337,0.36
688566,吉贝尔,24.48,24.47,24.48,25.25,25.11,25.25,23.57,3072139.0,74381313.0,-3.05,-0.77
688567,孚能科技,9.52,9.52,9.53,9.45,9.37,9.76,9.32,19953150.0,190978941.0,0.741,0.07
688568,中科星图,34.58,34.57,34.58,34.33,33.99,35.45,32.94,19370625.0,663973294.0,0.728,0.25
688569,铁科轨道,16.13,16.13,16.15,16.34,16.2,16.4,15.94,1266668.0,20390452.0,-1.285,-0.21
688570,天玛智控,14.45,14.43,14.45,14.43,14.39,14.47,14.17,623416.0,8941611.0,0.139,0.02
688571,杭华股份,7.14,7.14,7.15,6.9,6.94,7.17,6.33,14594522.0,99460583.0,3.478,0.24
688573,信宇人,14.01,14.01,14.02,13.74,13.6,14.01,12.6,3216289.0,42893237.0,1.965,0.27
688575,亚辉龙,9.13,9.13,9.14,9.29,9.3,9.34,9.02,8888570.0,81355650.0,-1.722,-0.16
688576,西山科技,36.8,36.76,36.8,36.66,36.66,37.45,34.83,726318.0,26238564.0,0.382,0.14
688577,浙海德曼,42.52,42.52,42.6,40.58,41.06,42.62,38.0,1666217.0,67489865.0,4.781,1.94
688578,艾力斯,133.0,132.99,133.0,127.42,124.88,134.6,122.8,16873337.0,2161202120.0,4.379,5.58
688579,地纬智能,7.58,7.58,7.59,7.65,7.58,7.68,7.28,5729738.0,42856507.0,-0.915,-0.07
688580,伟思医疗,49.2,49.2,49.21,49.85,50.26,50.26,46.18,2054675.0,99233797.0,-1.304,-0.65
688581,安杰思,50.79,50.77,50.79,51.18,51.01,51.4,49.7,559102.0,28205506.0,-0.762,-0.39
688582,芯动联科,39.61,39.61,39.62,36.95,36.99,39.9,34.86,11415723.0,427694980.0,7.199,2.66
688583,思看科技,71.99,71.98,71.99,64.77,65.0,73.71,61.75,2345542.0,157687468.0,11.147,7.22
688584,上海合晶,33.04,33.04,33.05,30.61,31.0,33.25,26.7,36799403.0,1123459956.0,7.939,2.43
688585,上纬新材,129.77,129.77,129.78,119.0,119.0,131.4,106.5,5991045.0,719155439.0,9.05,10.77
688586,江航装备,10.05,10.05,10.07,10.13,10.1,10.16,9.78,7544391.0,75313865.0,-0.79,-0.08
688588,凌志软件,8.79,8.79,8.8,8.63,8.65,8.83,8.42,4791799.0,41442179.0,1.854,0.16
688589,力合微,17.4,17.4,17.43,16.77,16.7,17.52,15.8,5262394.0,88251035.0,3.757,0.63
688590,新致软件,11.55,11.54,11.55,11.37,11.38,11.64,10.82,6827818.0,77271581.0,1.583,0.18
688591,泰凌微,27.4,27.4,27.42,26.49,26.64,27.75,25.2,7511638.0,201691921.0,3.435,0.91
688592,司南导航,21.54,21.54,21.55,21.43,21.41,21.89,19.33,2094972.0,42924875.0,0.513,0.11
688593,新相微,28.27,28.26,28.27,27.7,28.2,28.44,23.58,27746439.0,736077587.0,2.058,0.57
688595,芯海科技,28.14,28.14,28.15,26.39,26.85,28.19,24.82,6555734.0,175333603.0,6.631,1.75
688596,正帆科技,50.21,50.21,0.0,41.84,43.14,50.21,39.0,43923256.0,2000692659.0,20.005,8.37
688597,煜邦电力,5.93,5.93,5.94,5.98,5.97,6.05,5.4,8761423.0,49997638.0,-0.836,-0.05
688598,金博股份,28.58,28.57,28.58,27.03,27.0,28.65,24.0,21005343.0,563430744.0,5.734,1.55
688599,天合光能,12.91,12.91,12.92,12.86,12.71,13.09,12.71,39548943.0,510292838.0,0.389,0.05
688600,皖仪科技,22.41,22.41,22.44,22.34,21.21,22.56,19.82,4249573.0,90470885.0,0.313,0.07
688601,力芯微,41.48,41.37,41.48,39.25,39.51,41.97,35.3,6001166.0,233050297.0,5.682,2.23
688602,康鹏科技,6.24,6.24,6.25,6.19,6.28,6.28,5.86,10017340.0,61034914.0,0.808,0.05
688603,天承科技,106.3,106.28,106.3,95.76,97.96,107.0,85.22,6830287.0,668025280.0,11.007,10.54
688605,先锋精科,77.7,77.7,77.71,67.01,67.5,77.89,62.0,12427235.0,873823421.0,15.953,10.69
688606,奥泰生物,43.28,43.27,43.28,44.26,43.7,44.26,42.56,641222.0,27676620.0,-2.214,-0.98
688607,康众医疗,36.75,36.69,36.75,36.44,36.93,36.93,32.32,3083874.0,107681964.0,0.851,0.31
688608,恒玄科技,127.05,127.05,127.06,120.55,119.0,127.88,118.94,10623165.0,1316754873.0,5.392,6.5
688609,九联科技,8.8,8.8,8.81,8.42,8.5,8.82,7.79,23230227.0,193843794.0,4.513,0.38
688610,埃科光电,165.77,165.77,165.8,138.17,140.94,165.8,127.91,3367094.0,504378568.0,19.975,27.6
688611,杭州柯林,58.86,58.83,58.86,55.0,55.74,58.98,52.0,3188960.0,178615193.0,7.018,3.86
688612,威迈斯,29.52,29.52,29.53,27.12,27.0,29.58,26.12,6989882.0,196483530.0,8.85,2.4
688613,奥精医疗,13.79,13.78,13.79,14.62,14.42,14.8,13.24,5530866.0,75972267.0,-5.677,-0.83
688615,合合信息,100.3,100.29,100.3,97.72,98.7,100.76,95.7,4572819.0,452479537.0,2.64,2.58
688616,西力科技,9.48,9.48,9.49,9.66,9.67,9.73,9.1,2923469.0,27551166.0,-1.863,-0.18
688617,惠泰医疗,214.68,214.56,214.68,220.22,217.0,223.66,210.0,2232544.0,480805025.0,-2.516,-5.54
688618,三旺通信,24.63,24.62,24.63,22.17,22.39,24.84,21.2,4294366.0,98447670.0,11.096,2.46
688619,罗普特,12.23,12.22,12.23,11.96,12.41,12.54,11.01,4620196.0,54584954.0,2.258,0.27
688620,安凯微,13.81,13.81,13.82,13.32,13.64,14.08,12.0,25560568.0,338309231.0,3.679,0.49
688621,阳光诺和,57.1,57.1,57.14,56.88,56.67,57.2,53.55,4684955.0,258803984.0,0.387,0.22
688622,*ST禾信,87.52,87.52,87.69,84.7,84.0,90.0,78.61,816362.0,69185363.0,3.329,2.82
688623,双元科技,62.9,62.8,62.9,55.98,55.53,63.14,53.06,1443932.0,82519813.0,12.362,6.92
688625,呈和科技,58.3,58.3,58.32,52.0,52.74,58.3,48.18,8493920.0,454961487.0,12.115,6.3
688626,翔宇医疗,42.7,42.7,42.72,43.77,43.6,43.95,40.4,2901313.0,121942708.0,-2.445,-1.07
688627,精智达,549.01,549.01,0.0,457.51,478.0,549.01,420.2,7948908.0,3901294718.0,20.0,91.5
688628,优利德,66.99,66.89,66.99,60.6,60.66,67.68,53.28,6722940.0,406574953.0,10.545,6.39
688629,华丰科技,160.42,160.42,160.48,143.48,145.77,160.42,132.1,29541598.0,4377007265.0,11.807,16.94
688630,芯碁微装,403.45,403.45,403.47,344.0,357.5,403.58,320.01,9475255.0,3483195435.0,17.282,59.45
688631,莱斯信息,39.37,39.37,39.38,38.62,38.6,39.46,37.4,1996352.0,77250251.0,1.942,0.75
688633,星球石墨,21.5,21.5,21.51,20.83,20.8,21.59,19.79,5760363.0,119784142.0,3.217,0.67
688635,长进光子,276.2,276.19,276.2,254.57,253.57,276.88,231.3,3033815.0,779119696.0,8.497,21.63
688636,智明达,20.38,0.0,20.38,25.48,20.38,20.38,20.38,2087763.0,42548610.0,-20.016,-5.1
688638,誉辰智能,26.42,26.42,26.46,26.1,25.74,26.77,24.35,856560.0,21934880.0,1.226,0.32
688639,华恒生物,16.15,16.13,16.15,15.99,16.01,16.18,15.63,7551648.0,120360784.0,1.001,0.16
688646,ST逸飞,61.5,61.49,61.5,53.0,55.58,61.5,53.3,2151959.0,124360978.0,16.038,8.5
688648,中邮科技,28.88,28.87,28.88,28.06,28.1,29.5,26.66,2514016.0,70733802.0,2.922,0.82
688651,盛邦安全,20.04,20.04,20.07,19.71,19.53,20.18,18.36,1973476.0,38408759.0,1.674,0.33
688652,京仪装备,163.0,163.0,163.02,140.38,143.03,163.81,129.49,9869918.0,1457176827.0,16.113,22.62
688653,康希通信,11.67,11.67,11.68,11.26,11.31,11.74,10.19,25537696.0,284541009.0,3.641,0.41
688655,迅捷兴,31.22,31.22,31.23,27.66,28.29,31.94,24.1,10062695.0,279694607.0,12.871,3.56
688656,浩欧博,82.71,82.01,82.71,82.59,81.5,83.59,76.62,819416.0,65824931.0,0.145,0.12
688657,浩辰软件,27.48,27.35,27.48,27.5,27.49,27.98,26.0,3770364.0,102293040.0,-0.073,-0.02
688658,悦康药业,12.67,12.67,12.68,12.92,12.87,12.95,12.01,19083010.0,238269267.0,-1.935,-0.25
688659,元琛科技,8.22,8.22,8.24,8.15,8.05,8.29,7.42,4841945.0,38194630.0,0.859,0.07
688660,电气风电,7.93,7.93,7.94,7.78,7.79,7.97,7.65,28709493.0,224783194.0,1.928,0.15
688661,和林微纳,94.33,94.32,94.33,84.25,84.79,94.75,72.51,6379931.0,545226022.0,11.964,10.08
688662,富信科技,84.6,84.6,84.61,71.0,72.37,85.01,61.53,15915727.0,1164866270.0,19.155,13.6
688663,新风光,66.0,66.0,66.05,59.92,64.35,66.11,56.99,6870767.0,431675934.0,10.147,6.08
688665,四方光电,45.38,45.37,45.38,40.82,41.0,45.69,38.88,1633842.0,69249937.0,11.171,4.56
688667,菱电电控,85.01,85.01,85.14,82.88,84.26,85.48,75.0,1383247.0,113316627.0,2.57,2.13
688668,鼎通科技,250.86,250.86,250.88,219.66,224.05,251.59,204.05,6471666.0,1490061287.0,14.204,31.2
688669,聚石化学,65.02,65.02,65.58,64.01,62.8,69.19,51.21,11149625.0,636777839.0,1.578,1.01
688670,金迪克,13.26,13.23,13.26,13.7,13.58,13.99,12.5,2456188.0,32110345.0,-3.212,-0.44
688671,碧兴物联,19.58,19.56,19.58,18.51,18.5,19.67,16.66,3078381.0,56155125.0,5.781,1.07
688676,金盘科技,64.57,64.56,64.57,60.25,60.9,64.68,58.8,14146785.0,877465552.0,7.17,4.32
688677,海泰新光,72.49,72.45,72.49,67.26,67.0,72.95,60.21,6320858.0,420858177.0,7.776,5.23
688678,福立旺,16.95,16.95,16.96,16.15,16.33,17.09,14.81,23973861.0,386963872.0,4.954,0.8
688679,通源环境,30.98,30.9,30.98,28.49,28.55,31.0,25.79,4693442.0,132375275.0,8.74,2.49
688680,海优新材,32.58,32.58,32.6,32.69,32.83,32.98,30.21,2489950.0,79114774.0,-0.336,-0.11
688681,科汇股份,13.69,13.69,13.71,13.82,13.83,14.04,12.82,2789547.0,37514595.0,-0.941,-0.13
688682,霍莱沃,28.59,28.59,28.6,27.95,28.38,28.83,25.52,2562620.0,70298070.0,2.29,0.64
688683,莱尔科技,25.74,25.74,25.75,24.57,25.06,25.75,22.37,3093935.0,74909622.0,4.762,1.17
688685,迈信林,34.5,34.5,34.58,32.32,32.0,34.5,29.1,7256310.0,231700037.0,6.745,2.18
688686,奥普特,120.34,120.34,120.36,117.72,116.95,121.25,110.23,2369706.0,278667426.0,2.226,2.62
688687,凯因科技,16.3,16.3,16.31,16.18,16.34,16.36,15.28,4807305.0,76216645.0,0.742,0.12
688689,银河微电,40.56,40.56,40.57,37.03,38.05,41.33,32.27,16635836.0,616604234.0,9.533,3.53
688690,纳微科技,34.87,34.86,34.87,33.64,33.15,35.15,32.17,13041349.0,441535910.0,3.656,1.23
688691,灿芯股份,74.8,74.79,74.8,70.06,72.0,75.18,61.1,9968500.0,688776545.0,6.766,4.74
688692,达梦数据,223.72,223.72,223.78,216.1,216.6,223.72,213.11,1720629.0,378844632.0,3.526,7.62
688693,锴威特,64.69,64.69,64.71,56.92,56.26,65.5,47.17,4901963.0,275034653.0,13.651,7.77
688695,中创股份,16.78,16.78,16.8,16.9,16.73,17.4,15.96,2045426.0,33936704.0,-0.71,-0.12
688696,极米科技,62.58,62.57,62.58,62.72,62.67,63.64,61.55,1049812.0,65665815.0,-0.223,-0.14
688697,纽威数控,11.37,11.37,11.38,10.82,10.85,11.38,10.36,10644101.0,116545804.0,5.083,0.55
688698,伟创电气,45.43,45.43,45.5,44.4,44.4,46.18,43.09,5484759.0,246663161.0,2.32,1.03
688699,明微电子,52.3,52.29,52.3,47.38,47.96,52.39,42.01,6214795.0,293806511.0,10.384,4.92
688700,东威科技,59.66,59.65,59.66,51.47,53.35,59.75,49.02,19652790.0,1068693865.0,15.912,8.19
688701,卓锦股份,6.34,6.34,6.35,6.4,6.47,6.47,5.88,3454303.0,21422471.0,-0.938,-0.06
688702,盛科通信,395.04,395.04,395.06,334.67,339.02,398.28,303.0,15909305.0,5609895673.0,18.039,60.37
688707,振华新材,9.88,9.88,9.89,9.62,9.57,9.92,9.29,11312235.0,109120866.0,2.703,0.26
688708,佳驰科技,46.03,46.03,46.18,44.91,44.94,46.55,44.23,1649007.0,75202554.0,2.494,1.12
688709,成都华微,24.72,24.72,24.73,23.42,23.47,24.73,21.78,10371994.0,244253470.0,5.551,1.3
688710,益诺思,75.04,75.04,75.05,69.3,68.7,75.69,65.51,4900121.0,345436336.0,8.283,5.74
688711,宏微科技,24.99,24.99,25.0,22.8,22.86,25.02,20.35,14586818.0,334010480.0,9.605,2.19
688712,北芯生命,33.3,33.3,33.32,33.33,33.4,33.63,31.0,1744987.0,56443013.0,-0.09,-0.03
688716,中研股份,26.97,26.97,26.98,26.17,26.22,27.1,24.24,4167712.0,107740625.0,3.057,0.8
688717,艾罗能源,56.77,56.77,56.78,56.64,56.76,57.14,53.43,6632168.0,369303874.0,0.23,0.13
688718,唯赛勃,11.44,11.44,11.45,11.33,11.35,11.6,10.31,3929589.0,43300856.0,0.971,0.11
688719,爱科赛博,47.88,47.87,47.88,44.53,45.13,48.16,40.0,6155854.0,273662454.0,7.523,3.35
688720,艾森股份,72.59,72.57,72.59,61.81,64.23,72.88,56.79,12719519.0,822814777.0,17.441,10.78
688721,龙图光罩,40.54,40.54,40.58,36.58,37.19,40.79,33.28,7009490.0,261655583.0,10.826,3.96
688722,同益中,13.55,13.55,13.56,13.2,13.2,13.66,12.81,4901022.0,65076168.0,2.652,0.35
688726,拉普拉斯,38.9,38.89,38.9,36.84,37.08,39.25,34.81,11205896.0,416426325.0,5.592,2.06
688727,恒坤新材,45.55,45.55,45.57,41.11,41.8,45.81,37.68,8395744.0,354117899.0,10.8,4.44
688728,格科微,16.9,16.9,0.0,14.08,14.09,16.9,14.04,76298458.0,1164043119.0,20.028,2.82
688729,屹唐股份,29.72,29.72,0.0,24.77,25.27,29.72,23.97,79369494.0,2151463667.0,19.984,4.95
688733,壹石通,26.44,26.44,26.45,24.27,24.43,26.52,21.88,14565615.0,358915750.0,8.941,2.17
688737,中自科技,16.23,16.23,16.24,16.08,16.0,16.39,14.81,3211703.0,50489724.0,0.933,0.15
688739,成大生物,19.87,19.86,19.87,20.03,20.1,20.23,19.62,2870417.0,56987720.0,-0.799,-0.16
688750,金天钛业,13.91,13.91,13.92,13.72,13.71,13.95,13.22,4153359.0,56591159.0,1.385,0.19
688755,汉邦科技,22.71,22.7,22.71,23.23,23.23,23.24,22.15,1137467.0,25694120.0,-2.238,-0.52
688757,胜科纳米,33.65,33.65,33.66,31.56,32.55,33.8,28.02,16779366.0,533177137.0,6.622,2.09
688758,赛分科技,25.48,25.48,25.49,24.8,24.96,25.54,22.61,18592248.0,454195677.0,2.742,0.68
688759,必贝特,35.57,35.57,35.59,34.98,34.64,36.08,32.68,6521129.0,224414977.0,1.687,0.59
688765,禾元生物,50.22,50.22,50.23,52.04,50.92,52.08,49.03,2664539.0,133695610.0,-3.497,-1.82
688766,普冉股份,470.02,470.02,470.09,400.0,413.0,479.9,373.66,15578010.0,6698168784.0,17.505,70.02
688767,博拓生物,33.52,33.52,33.73,35.62,35.62,36.23,32.87,2224018.0,75174607.0,-5.896,-2.1
688768,容知日新,38.96,38.96,39.3,38.34,38.92,40.21,35.08,1620166.0,61686500.0,1.617,0.62
688772,珠海冠宇,14.2,14.19,14.2,13.41,13.48,14.4,13.05,36596457.0,505310949.0,5.891,0.79
688775,影石创新,130.38,130.38,130.42,136.32,135.31,135.31,127.44,5579812.0,726685537.0,-4.357,-5.94
688776,国光电气,45.85,45.85,45.9,44.98,44.98,46.26,42.5,2724648.0,122058531.0,1.934,0.87
688777,中控技术,94.58,94.55,94.58,91.0,91.0,95.26,86.0,21533671.0,1982604259.0,3.934,3.58
688778,厦钨新能,44.87,44.87,44.88,43.0,43.02,45.54,42.81,10584590.0,472309971.0,4.349,1.87
688779,五矿新能,7.04,7.04,7.05,6.9,6.84,7.08,6.81,33482524.0,233287774.0,2.029,0.14
688781,视涯科技,37.8,37.79,37.8,36.1,36.22,37.92,34.05,2453402.0,89541781.0,4.709,1.7
688783,西安奕材,37.36,37.33,37.36,33.68,33.83,37.47,30.0,39537705.0,1345448468.0,10.926,3.68
688785,恒运昌,302.19,302.18,302.19,275.97,279.97,304.97,260.17,910420.0,258953217.0,9.501,26.22
688786,悦安新材,27.95,27.95,27.99,25.09,25.25,28.03,22.8,11506412.0,294062053.0,11.399,2.86
688787,海天瑞声,101.6,101.58,101.6,97.5,98.37,101.8,87.01,3835983.0,366078954.0,4.205,4.1
688788,科思科技,30.55,30.55,30.56,29.49,30.0,31.08,26.08,7432309.0,218468558.0,3.594,1.06
688789,宏华数科,47.01,47.01,47.08,47.71,47.7,48.73,46.49,1532262.0,72613275.0,-1.467,-0.7
688790,昂瑞微,94.02,94.02,94.4,90.63,90.83,94.99,85.11,637100.0,58003265.0,3.74,3.39
688793,倍轻松,15.09,15.08,15.09,15.09,15.06,15.26,14.13,2393067.0,35126912.0,0.0,0.0
688795,摩尔线程,644.3,644.3,644.32,603.0,603.05,644.45,585.88,2905485.0,1805499286.0,6.849,41.3
688796,百奥赛图,120.0,119.7,120.0,120.78,118.6,123.98,108.6,3858528.0,445393815.0,-0.646,-0.78
688797,臻宝科技,352.38,352.38,0.0,293.65,291.2,352.38,291.0,5397284.0,1718152631.0,20.0,58.73
688798,艾为电子,59.78,59.77,59.78,57.61,57.57,59.96,55.8,4054911.0,237105721.0,3.767,2.17
688799,华纳药厂,47.65,47.62,47.65,47.02,47.49,47.76,43.8,4733381.0,217092327.0,1.34,0.63
688800,瑞可达,60.0,60.0,60.02,56.3,56.77,60.16,50.0,19700626.0,1100187685.0,6.572,3.7
688802,沐曦股份,896.0,896.0,896.33,821.0,821.0,899.0,808.88,2896977.0,2482997395.0,9.135,75.0
688805,健信超导,37.01,37.01,37.02,36.73,36.36,37.21,33.51,1917364.0,68127207.0,0.762,0.28
688806,N泰诺,45.1,45.1,45.12,14.46,50.15,52.52,34.1,39286150.0,1609505146.0,211.895,30.64
688807,优迅股份,261.02,261.02,262.0,233.0,238.83,262.49,213.84,2105249.0,508007737.0,12.026,28.02
688808,联讯仪器,1993.05,1991.0,1993.05,1706.0,1760.0,1999.98,1623.12,1865469.0,3446649769.0,16.826,287.05
688809,强一股份,429.61,429.61,0.0,358.01,368.75,429.61,359.0,3446849.0,1342253143.0,19.999,71.6
688811,有研复材,21.94,21.93,21.94,21.2,21.18,22.3,19.49,10310003.0,217222298.0,3.491,0.74
688813,泰金新能,127.8,127.79,127.8,119.96,120.0,130.0,108.42,3875130.0,466172678.0,6.536,7.84
688816,易思维,46.4,46.4,46.41,46.01,45.93,46.87,44.03,486481.0,22167746.0,0.848,0.39
688818,电科蓝天,49.48,49.48,49.49,48.01,48.5,49.95,45.18,12752189.0,614573000.0,3.062,1.47
688819,天能股份,21.81,21.79,21.81,21.15,21.02,22.19,21.02,4661790.0,101513005.0,3.121,0.66
688820,盛合晶微,145.1,145.1,145.15,130.38,134.44,146.21,119.0,29708729.0,3984378117.0,11.29,14.72
688981,中芯国际,160.0,159.99,160.0,144.0,148.0,161.4,140.58,113980756.0,17265064638.0,11.111,16.0
000001,平安银行,10.84,10.84,10.85,10.98,10.99,11.13,10.83,175511288.0,1925298925.0,-1.275,-0.14
000002,万 科Ａ,3.13,3.12,3.13,3.15,3.12,3.17,3.1,138402993.0,432657761.0,-0.635,-0.02
000006,深振业Ａ,5.98,5.97,5.98,5.82,5.88,6.07,5.58,30475326.0,178370722.0,2.749,0.16
000007,全新好,8.86,8.84,8.86,9.05,9.08,9.13,8.15,16051307.0,136310228.0,-2.099,-0.19
000008,神州高铁,2.28,2.28,2.29,2.28,2.28,2.29,2.21,38287216.0,86167171.0,0.0,0.0
000009,中国宝安,6.18,6.18,6.19,6.08,6.04,6.29,6.04,37081006.0,230401374.0,1.645,0.1
000010,*ST美丽,1.45,1.45,1.46,1.55,1.55,1.57,1.4,30608800.0,44224621.0,-6.452,-0.1
000011,深物业A,6.79,6.78,6.79,6.83,6.86,7.2,6.74,8638429.0,60022116.0,-0.586,-0.04
000012,南 玻Ａ,3.88,3.87,3.88,3.73,3.74,3.9,3.72,43353949.0,165588036.0,4.021,0.15
000014,沙河股份,8.75,8.75,8.76,8.98,9.0,9.06,8.31,13289601.0,115009011.0,-2.561,-0.23
000016,*ST康佳A,2.44,2.44,2.45,2.4,2.41,2.46,2.32,20402205.0,49012567.0,1.667,0.04
000017,深中华A,5.1,5.09,5.1,5.2,5.2,5.25,4.89,16008698.0,81158021.0,-1.923,-0.1
000019,深粮控股,5.94,5.93,5.94,6.05,6.05,6.08,5.91,7787438.0,46462350.0,-1.818,-0.11
000020,深华发Ａ,9.77,9.77,9.78,9.76,9.76,9.9,9.15,5417005.0,51920361.0,0.102,0.01
000021,深科技,38.65,38.65,0.0,35.14,35.78,38.65,31.82,185161146.0,6584954735.0,9.989,3.51
000025,特 力Ａ,13.87,13.86,13.87,13.79,13.75,13.99,13.6,5221523.0,72020328.0,0.58,0.08
000026,飞亚达,16.3,16.29,16.3,15.63,15.8,16.35,14.5,12258946.0,189812305.0,4.287,0.67
000027,深圳能源,6.38,6.37,6.38,6.42,6.38,6.45,6.28,49144230.0,313396229.0,-0.623,-0.04
000028,国药一致,20.7,20.7,20.71,21.01,20.92,21.25,20.7,4780323.0,100109472.0,-1.475,-0.31
000029,深深房Ａ,20.59,20.59,20.6,20.45,20.31,20.94,19.71,6833177.0,139461656.0,0.685,0.14
000030,富奥股份,4.21,4.2,4.21,4.15,4.16,4.24,4.14,15491315.0,65101124.0,1.446,0.06
000031,大悦城,2.07,2.07,2.08,2.09,2.09,2.11,2.03,40455320.0,83326407.0,-0.957,-0.02
000032,深桑达Ａ,16.06,16.05,16.06,14.84,14.96,16.2,13.87,72077928.0,1095438232.0,8.221,1.22
000034,神州数码,25.24,25.23,25.24,24.95,24.95,25.52,23.42,68835982.0,1707134530.0,1.162,0.29
000035,中国天楹,4.43,4.42,4.43,4.38,4.37,4.47,4.34,42846336.0,189052790.0,1.142,0.05
000036,华联控股,3.97,3.97,3.98,4.14,4.18,4.18,3.73,82702245.0,317130831.0,-4.106,-0.17
000037,深南电A,9.62,9.61,9.62,10.12,9.8,9.99,9.11,58085872.0,547812159.0,-4.941,-0.5
000039,中集集团,7.97,7.97,7.98,7.96,7.94,8.07,7.82,59493825.0,472126468.0,0.126,0.01
000042,中洲控股,7.97,7.96,7.97,8.3,8.24,8.27,7.88,12191321.0,97785956.0,-3.976,-0.33
000045,深纺织Ａ,8.83,8.83,8.84,8.87,8.82,8.94,8.48,8440700.0,73883122.0,-0.451,-0.04
000048,京基智农,20.22,20.22,0.0,18.38,18.38,20.22,17.02,30702800.0,587072385.0,10.011,1.84
000049,德赛电池,24.22,24.22,24.23,23.76,23.58,24.35,23.57,9544028.0,230113130.0,1.936,0.46
000050,深天马Ａ,6.34,6.34,6.35,6.15,6.15,6.35,6.05,44177149.0,275377531.0,3.089,0.19
000055,方大集团,3.22,3.22,3.23,3.23,3.23,3.24,3.13,15194354.0,48431399.0,-0.31,-0.01
000056,*ST皇庭,1.72,1.72,1.73,1.69,1.7,1.77,1.53,31378500.0,51749584.0,1.775,0.03
000058,深 赛 格,6.07,6.07,6.08,6.09,6.12,6.16,6.02,8575556.0,52150216.0,-0.328,-0.02
000059,华锦股份,4.39,4.39,4.4,4.51,4.45,4.5,4.37,33958621.0,150138522.0,-2.661,-0.12
000060,中金岭南,6.22,6.21,6.22,5.95,5.99,6.22,5.92,134406356.0,820104637.0,4.538,0.27
000061,农 产 品,5.72,5.71,5.72,5.73,5.71,5.87,5.66,26719645.0,154340009.0,-0.175,-0.01
000062,深圳华强,22.78,22.78,22.79,21.9,22.17,22.93,20.77,35396199.0,782005007.0,4.018,0.88
000063,中兴通讯,34.88,34.88,34.89,33.73,33.85,34.94,32.39,235192031.0,7976105440.0,3.409,1.15
000065,北方国际,9.04,9.03,9.04,9.0,8.96,9.11,8.88,15477782.0,139290964.0,0.444,0.04
000066,中国长城,14.99,14.99,15.0,14.4,14.58,15.07,13.58,197972411.0,2875645765.0,4.097,0.59
000068,华控赛格,2.55,2.55,2.56,2.59,2.58,2.59,2.46,19555493.0,49476672.0,-1.544,-0.04
000069,华侨城Ａ,1.66,1.66,1.67,1.69,1.68,1.7,1.64,55777098.0,92741984.0,-1.775,-0.03
000070,特发信息,13.75,13.74,13.75,12.85,13.08,13.79,11.57,83326996.0,1054956950.0,7.004,0.9
000078,ST海王,1.58,1.58,1.59,1.76,1.69,1.7,1.58,193875463.0,310817097.0,-10.227,-0.18
000088,盐 田 港,4.35,4.34,4.35,4.37,4.37,4.45,4.32,35421747.0,155235633.0,-0.458,-0.02
000089,深圳机场,6.66,6.66,6.68,6.68,6.68,6.81,6.64,30696909.0,206708532.0,-0.299,-0.02
000090,天健集团,3.23,3.22,3.23,3.21,3.23,3.26,3.19,19565231.0,63033314.0,0.623,0.02
000096,广聚能源,7.53,7.53,7.54,7.81,7.67,7.72,7.43,15910869.0,120409736.0,-3.585,-0.28
000099,中信海直,14.06,14.05,14.06,13.67,13.67,14.13,13.61,12091855.0,169096741.0,2.853,0.39
000100,TCL科技,5.35,5.34,5.35,4.97,5.0,5.35,4.99,1204324365.0,6267947303.0,7.646,0.38
000151,中成股份,9.0,9.0,9.01,8.98,8.94,9.06,8.55,8922003.0,78752601.0,0.223,0.02
000153,丰原药业,5.32,5.31,5.32,5.46,5.46,5.48,5.21,11306299.0,60023165.0,-2.564,-0.14
000155,川能动力,10.97,10.97,10.98,11.04,10.89,11.02,10.7,46193536.0,503989494.0,-0.634,-0.07
000156,华数传媒,6.68,6.68,6.7,6.72,6.7,6.87,6.66,12488902.0,84363191.0,-0.595,-0.04
000157,中联重科,7.47,7.47,7.48,7.38,7.39,7.53,7.36,70821196.0,527593713.0,1.22,0.09
000158,常山北明,12.33,12.33,12.34,12.28,12.21,12.41,11.92,28373583.0,347126760.0,0.407,0.05
000159,国际实业,5.1,5.09,5.1,5.23,5.23,5.25,4.9,17578409.0,88282531.0,-2.486,-0.13
000166,申万宏源,4.68,4.68,4.69,4.71,4.71,4.78,4.66,122248740.0,575586269.0,-0.637,-0.03
000301,东方盛虹,11.58,11.58,11.59,11.87,11.65,11.88,11.31,34530632.0,398661270.0,-2.443,-0.29
000333,美的集团,84.27,84.26,84.27,84.3,84.15,85.75,83.61,45909911.0,3881820711.0,-0.036,-0.03
000338,潍柴动力,26.55,26.55,26.56,24.29,24.6,26.65,24.42,138027225.0,3562503763.0,9.304,2.26
000400,许继电气,21.89,21.89,21.9,21.96,21.61,22.37,21.48,35489566.0,778031043.0,-0.319,-0.07
000401,金隅冀东,3.56,3.55,3.56,3.66,3.66,3.68,3.54,11246710.0,40504282.0,-2.732,-0.1
000402,金 融 街,2.38,2.37,2.38,2.42,2.41,2.42,2.36,39161605.0,93117104.0,-1.653,-0.04
000403,派林生物,9.55,9.55,9.56,9.72,9.73,9.9,9.54,19786330.0,191817558.0,-1.749,-0.17
000404,长虹华意,7.69,7.68,7.69,7.47,7.47,7.69,7.38,15747193.0,119017604.0,2.945,0.22
000407,胜利股份,3.79,3.78,3.79,3.88,3.85,3.85,3.71,20403788.0,76768311.0,-2.32,-0.09
000408,藏格矿业,72.31,72.31,72.32,69.84,70.75,72.63,70.6,18299208.0,1308581407.0,3.537,2.47
000409,云鼎科技,8.25,8.25,8.26,8.24,8.2,8.31,8.1,6143759.0,50485585.0,0.121,0.01
000410,沈阳机床,4.67,4.67,4.68,4.59,4.59,4.72,4.58,25617680.0,118944922.0,1.743,0.08
000411,英特集团,9.24,9.23,9.24,9.38,9.38,9.44,9.16,6697931.0,62132907.0,-1.493,-0.14
000415,渤海租赁,4.23,4.23,4.24,4.19,4.21,4.33,4.18,98575450.0,418720024.0,0.955,0.04
000417,合百集团,5.55,5.54,5.55,5.46,5.47,5.61,5.09,51273156.0,275704267.0,1.648,0.09
000419,通程控股,4.59,4.59,4.6,4.71,4.71,4.73,4.53,10340100.0,47682959.0,-2.548,-0.12
000420,吉林化纤,3.65,3.64,3.65,3.55,3.55,3.65,3.54,59529384.0,214843851.0,2.817,0.1
000421,南京公用,5.19,5.19,5.2,5.32,5.3,5.33,5.16,10708006.0,56008242.0,-2.444,-0.13
000422,湖北宜化,13.09,13.09,13.1,12.86,12.74,13.14,12.68,25751939.0,334353615.0,1.788,0.23
000423,东阿阿胶,51.05,51.05,51.08,50.66,50.4,53.16,50.2,11322999.0,587343739.0,0.77,0.39
000425,徐工机械,8.85,8.84,8.85,8.69,8.7,8.94,8.7,126451447.0,1114824408.0,1.841,0.16
000426,兴业银锡,29.62,29.62,0.0,26.93,27.79,29.62,26.63,72185847.0,2035901083.0,9.989,2.69
000428,华天酒店,3.03,3.03,3.04,3.09,3.09,3.1,3.0,16574500.0,50227908.0,-1.942,-0.06
000429,粤高速Ａ,14.29,14.29,14.3,14.59,14.45,14.74,14.1,11618169.0,168125411.0,-2.056,-0.3
000430,张家界,5.87,5.87,5.88,5.9,5.91,5.91,5.71,8220900.0,47817452.0,-0.508,-0.03
000488,ST晨鸣,1.88,1.87,1.88,1.88,1.89,1.89,1.85,7897150.0,14761729.0,0.0,0.0
000498,山东路桥,4.99,4.99,5.0,5.06,5.06,5.15,4.97,16225220.0,82137019.0,-1.383,-0.07
000501,武商集团,6.89,6.89,6.9,6.97,6.97,7.04,6.8,11462932.0,79386225.0,-1.148,-0.08
000503,国新健康,6.4,6.39,6.4,6.78,6.41,6.6,6.27,35975254.0,230092335.0,-5.605,-0.38
000504,南华生物,7.98,7.98,7.99,8.26,8.06,8.06,7.58,13734396.0,107496862.0,-3.39,-0.28
000505,京粮控股,5.26,5.25,5.26,5.35,5.31,5.35,5.21,10283273.0,54194326.0,-1.682,-0.09
000506,招金黄金,11.84,11.84,11.85,11.15,11.36,11.86,10.82,69356641.0,789429078.0,6.188,0.69
000507,珠海港,4.86,4.85,4.86,4.92,4.9,4.92,4.82,15984786.0,77554574.0,-1.22,-0.06
000509,华塑控股,2.76,2.76,2.77,2.7,2.69,2.78,2.45,53996886.0,142337306.0,2.222,0.06
000510,新金路,15.5,15.5,0.0,14.09,14.3,15.5,12.7,52069572.0,722617852.0,10.007,1.41
000513,丽珠集团,30.89,30.89,30.9,31.2,31.03,31.48,30.65,8513489.0,264415809.0,-0.994,-0.31
000514,渝 开 发,3.61,3.6,3.61,3.68,3.68,3.69,3.54,13154609.0,47390542.0,-1.902,-0.07
000516,国际医学,4.19,4.19,4.2,4.27,4.24,4.28,4.14,32219086.0,135063397.0,-1.874,-0.08
000517,荣安地产,1.65,1.64,1.65,1.67,1.68,1.68,1.61,32612315.0,53528273.0,-1.198,-0.02
000518,四环生物,3.57,3.57,3.58,3.71,3.72,3.75,3.34,64868103.0,228746814.0,-3.774,-0.14
000519,中兵红箭,13.76,13.76,13.77,13.3,13.45,13.77,13.07,58066993.0,782133419.0,3.459,0.46
000520,凤凰航运,3.56,3.55,3.56,3.52,3.54,3.56,3.29,41121300.0,141411535.0,1.136,0.04
000521,长虹美菱,4.86,4.86,4.87,4.95,4.91,4.95,4.8,12877147.0,62685075.0,-1.818,-0.09
000523,红棉股份,2.71,2.71,2.72,2.76,2.76,2.77,2.67,23071500.0,62591589.0,-1.812,-0.05
000524,岭南控股,8.26,8.25,8.26,8.37,8.34,8.41,8.22,11324318.0,93837927.0,-1.314,-0.11
000525,红太阳,4.15,4.15,4.16,4.24,4.23,4.24,4.14,19901872.0,83112646.0,-2.123,-0.09
000526,学大教育,30.98,30.98,0.0,28.16,28.0,30.98,27.82,7963887.0,239595476.0,10.014,2.82
000528,柳 工,8.33,8.33,8.34,8.29,8.31,8.49,8.29,44173181.0,370662886.0,0.483,0.04
000529,广弘控股,4.47,4.46,4.47,4.62,4.63,4.63,4.43,6965770.0,31396935.0,-3.247,-0.15
000530,冰山冷热,4.65,4.65,4.66,4.73,4.75,4.75,4.47,18835481.0,86624673.0,-1.691,-0.08
000531,穗恒运Ａ,5.94,5.93,5.94,6.08,6.0,6.01,5.79,19240134.0,113197834.0,-2.303,-0.14
000532,华金资本,10.25,10.24,10.25,10.07,10.08,10.33,9.92,5719905.0,57867788.0,1.787,0.18
000533,顺钠股份,7.95,7.94,7.95,7.83,7.83,7.95,7.26,29924587.0,228975078.0,1.533,0.12
000534,万泽股份,25.0,25.0,25.01,24.8,24.86,25.6,22.76,22798054.0,554470814.0,0.806,0.2
000536,华映科技,3.05,3.05,3.06,3.01,3.02,3.06,2.82,78583642.0,232954370.0,1.329,0.04
000537,绿发电力,7.69,7.68,7.69,7.96,7.81,7.88,7.54,45526966.0,349788668.0,-3.392,-0.27
000538,云南白药,51.2,51.2,51.22,52.04,51.65,52.82,51.0,20502956.0,1063159452.0,-1.614,-0.84
000539,粤电力Ａ,6.05,6.05,6.06,5.82,5.92,6.11,5.47,241629985.0,1395458497.0,3.952,0.23
000541,佛山照明,4.93,4.92,4.93,4.91,4.91,4.93,4.86,7810820.0,38254237.0,0.407,0.02
000543,皖能电力,7.98,7.98,7.99,8.24,8.11,8.18,7.89,64832946.0,518998822.0,-3.155,-0.26
000544,中原环保,7.3,7.3,7.31,7.36,7.35,7.41,7.27,5670824.0,41548436.0,-0.815,-0.06
000545,金浦钛业,2.4,2.4,2.41,2.46,2.44,2.45,2.27,42794145.0,101086495.0,-2.439,-0.06
000546,金圆股份,4.02,4.02,4.03,4.01,3.99,4.04,3.8,23431600.0,92191525.0,0.249,0.01
000547,航天发展,13.62,13.62,13.63,13.15,13.3,13.64,12.23,92593210.0,1208933848.0,3.574,0.47
000548,湖南投资,4.07,4.05,4.07,4.17,4.17,4.17,3.97,11654124.0,47238644.0,-2.398,-0.1
000550,江铃汽车,16.59,16.59,16.6,16.55,16.45,16.97,16.44,5122913.0,85762550.0,0.242,0.04
000551,创元科技,12.87,12.86,12.87,12.24,12.41,12.94,11.48,34482742.0,425651865.0,5.147,0.63
000552,甘肃能化,2.51,2.51,2.52,2.52,2.49,2.54,2.48,76269400.0,191929306.0,-0.397,-0.01
000553,安道麦A,5.08,5.08,5.09,5.12,5.13,5.17,5.03,11009948.0,55861909.0,-0.781,-0.04
000554,泰山石油,6.47,6.46,6.47,6.95,6.55,6.69,6.26,50837141.0,325161568.0,-6.906,-0.48
000555,神州信息,10.49,10.49,0.0,9.54,9.59,10.49,9.49,38980029.0,401237857.0,9.958,0.95
000557,西部创业,3.61,3.6,3.61,3.7,3.68,3.72,3.58,9206260.0,33570290.0,-2.432,-0.09
000558,天府文旅,3.13,3.12,3.13,3.16,3.16,3.17,3.08,28624725.0,89472172.0,-0.949,-0.03
000559,万向钱潮,10.66,10.65,10.66,10.34,10.35,10.66,10.04,48546425.0,505336095.0,3.095,0.32
000560,我爱我家,2.12,2.11,2.12,2.13,2.12,2.13,2.06,76590761.0,160348905.0,-0.469,-0.01
000561,烽火电子,7.07,7.06,7.07,7.04,7.02,7.09,6.92,12299094.0,86474511.0,0.426,0.03
000563,陕国投Ａ,3.06,3.06,3.07,3.03,3.03,3.1,3.02,79375682.0,243593349.0,0.99,0.03
000564,供销大集,1.35,1.34,1.35,1.34,1.35,1.36,1.33,170907870.0,229449723.0,0.746,0.01
000565,渝三峡Ａ,5.3,5.3,5.31,5.42,5.45,5.45,5.01,19557050.0,101539438.0,-2.214,-0.12
000566,海南海药,4.74,4.73,4.74,4.78,4.74,4.78,4.3,201759637.0,912044089.0,-0.837,-0.04
000567,海德股份,5.6,5.6,5.61,5.48,5.48,5.62,5.42,28089072.0,155255375.0,2.19,0.12
000568,泸州老窖,85.22,85.22,85.23,87.68,86.6,88.46,84.45,29316388.0,2526692779.0,-2.806,-2.46
000570,苏常柴Ａ,4.76,4.76,4.77,4.88,4.85,4.87,4.63,20670524.0,97928518.0,-2.459,-0.12
000571,新大洲A,5.7,5.7,5.72,5.58,5.52,5.8,5.02,46782773.0,247910542.0,2.151,0.12
000572,海马汽车,3.41,3.4,3.41,3.38,3.37,3.43,3.21,58871442.0,196209521.0,0.888,0.03
000573,粤宏远Ａ,3.4,3.4,3.41,3.47,3.44,3.47,3.26,21172053.0,70850631.0,-2.017,-0.07
000576,甘化科工,6.24,6.23,6.24,6.26,6.22,6.29,5.9,13615504.0,83223752.0,-0.319,-0.02
000581,威孚高科,17.06,17.05,17.06,17.04,16.98,17.27,16.98,10723149.0,183762599.0,0.117,0.02
000582,北部湾港,11.15,11.15,11.16,10.96,10.94,11.17,10.8,30055463.0,330890780.0,1.734,0.19
000586,汇源通信,10.26,10.26,10.28,10.33,10.26,10.44,9.3,10657800.0,105256823.0,-0.678,-0.07
000589,贵州轮胎,4.26,4.26,4.27,4.3,4.31,4.34,4.24,27691765.0,118554323.0,-0.93,-0.04
000590,古汉医药,7.83,7.83,7.84,7.97,7.99,8.05,7.47,6230800.0,48222595.0,-1.757,-0.14
000591,太阳能,4.48,4.48,4.49,4.57,4.53,4.56,4.44,78361153.0,351763588.0,-1.969,-0.09
000592,平潭发展,5.42,5.42,5.43,5.26,5.28,5.44,4.95,124086874.0,649048124.0,3.042,0.16
000593,德龙汇能,20.1,20.1,20.11,20.69,20.33,20.47,18.62,26368508.0,512185414.0,-2.852,-0.59
000595,新能股份,4.56,4.56,4.57,4.7,4.69,4.72,4.3,26703167.0,119848136.0,-2.979,-0.14
000596,古井贡酒,96.0,96.0,96.01,93.83,93.58,98.61,92.01,18438575.0,1760068511.0,2.313,2.17
000597,东北制药,4.68,4.67,4.68,4.72,4.71,4.73,4.57,17080519.0,79398525.0,-0.847,-0.04
000598,兴蓉环境,7.19,7.19,7.2,7.14,7.11,7.33,7.08,50642959.0,367125660.0,0.7,0.05
000599,青岛双星,4.39,4.39,4.4,4.48,4.48,4.49,4.32,17432847.0,76692141.0,-2.009,-0.09
000600,建投能源,9.04,9.04,9.05,8.98,8.98,9.06,8.58,78036457.0,687445546.0,0.668,0.06
000601,韶能股份,6.78,6.78,6.79,7.05,6.79,6.88,6.4,131517514.0,871007999.0,-3.83,-0.27
000603,盛达资源,20.52,20.52,0.0,18.65,18.95,20.52,18.27,40712031.0,791923690.0,10.027,1.87
000605,渤海股份,5.28,5.28,5.32,5.47,5.48,5.48,5.18,9526886.0,50384963.0,-3.473,-0.19
000607,华媒控股,3.23,3.23,3.24,3.26,3.28,3.29,3.16,16801700.0,54268292.0,-0.92,-0.03
000608,阳光股份,5.76,5.75,5.76,5.95,6.06,6.06,5.36,48172881.0,267270207.0,-3.193,-0.19
000609,*ST中迪,8.92,8.92,8.93,9.45,9.3,9.45,8.51,16046459.0,141508258.0,-5.608,-0.53
000610,*ST西旅,5.03,5.03,5.05,5.2,5.2,5.25,4.91,5419475.0,27244392.0,-3.269,-0.17
000612,焦作万方,10.73,10.73,10.74,10.73,10.63,10.74,10.43,37942683.0,402842001.0,0.0,0.0
000615,*ST美谷,2.94,2.94,2.95,2.98,2.98,3.03,2.75,7008170.0,20249163.0,-1.342,-0.04
000617,中油资本,7.02,7.02,7.03,6.89,6.93,7.24,6.92,202324984.0,1430873570.0,1.887,0.13
000619,海螺新材,4.21,4.21,4.22,4.25,4.26,4.31,4.07,11198602.0,46768621.0,-0.941,-0.04
000620,盈新发展,2.83,2.83,2.84,2.73,2.72,2.83,2.53,336714226.0,909730224.0,3.663,0.1
000623,吉林敖东,18.47,18.46,18.47,18.56,18.46,18.76,18.2,22333179.0,412292926.0,-0.485,-0.09
000625,长安汽车,7.2,7.2,7.21,7.28,7.26,7.48,7.18,143146854.0,1048974571.0,-1.099,-0.08
000626,远大控股,6.24,6.24,6.25,6.33,6.3,6.32,5.91,14277966.0,87543051.0,-1.422,-0.09
000628,高新发展,35.02,35.02,35.03,36.2,35.93,36.2,32.66,17687949.0,605648186.0,-3.26,-1.18
000629,钒钛股份,3.05,3.05,3.06,3.0,2.98,3.05,2.97,102982284.0,310952144.0,1.667,0.05
000630,铜陵有色,5.98,5.97,5.98,5.75,5.79,5.98,5.74,264597807.0,1550760207.0,4.0,0.23
000631,顺发恒能,2.81,2.81,2.82,2.87,2.85,2.87,2.78,13548096.0,38174713.0,-2.091,-0.06
000632,ST三木,2.67,2.67,2.68,2.82,2.83,2.87,2.54,21206663.0,56310485.0,-5.319,-0.15
000633,合金投资,4.62,4.62,4.63,4.76,4.73,4.78,4.4,15998421.0,73402902.0,-2.941,-0.14
000635,英 力 特,5.8,5.79,5.8,5.91,5.92,5.93,5.6,7957863.0,45674596.0,-1.861,-0.11
000636,风华高科,44.32,44.32,44.33,41.88,41.0,44.89,37.69,175268222.0,7220559627.0,5.826,2.44
000637,茂化实华,3.4,3.39,3.4,3.52,3.5,3.52,3.29,16203953.0,54879468.0,-3.409,-0.12
000639,ST西王,1.43,1.43,1.44,1.37,1.34,1.47,1.33,77557064.0,108625645.0,4.38,0.06
000650,仁和药业,5.36,5.36,5.37,5.46,5.42,5.51,5.36,25812507.0,139874532.0,-1.832,-0.1
000651,格力电器,40.59,40.58,40.59,40.58,40.55,41.09,40.11,77721451.0,3159029142.0,0.025,0.01
000652,泰达股份,3.43,3.42,3.43,3.44,3.45,3.46,3.38,16112984.0,54991438.0,-0.291,-0.01
000655,金岭矿业,6.45,6.45,6.46,6.47,6.54,6.54,6.39,6153105.0,39713277.0,-0.309,-0.02
000656,金科股份,1.21,1.2,1.21,1.19,1.2,1.23,1.19,172068787.0,207407609.0,1.681,0.02
000657,中钨高新,60.44,60.44,60.45,56.04,57.49,60.69,50.82,93047681.0,5244804507.0,7.852,4.4
000659,珠海中富,2.38,2.37,2.38,2.41,2.45,2.45,2.22,39598810.0,92245064.0,-1.245,-0.03
000661,长春高新,75.18,75.18,75.19,73.52,72.77,75.97,72.05,12027857.0,896550059.0,2.258,1.66
000663,永安林业,4.7,4.69,4.7,4.81,4.79,4.83,4.47,10963910.0,51030737.0,-2.287,-0.11
000665,湖北广电,3.73,3.73,3.74,3.72,3.71,3.77,3.61,15683540.0,57808785.0,0.269,0.01
000668,荣丰控股,15.03,15.03,15.08,15.79,15.79,15.89,14.21,7140103.0,105501340.0,-4.813,-0.76
000669,ST金鸿,3.35,3.35,3.36,3.42,3.43,3.52,3.22,8211517.0,27509563.0,-2.047,-0.07
000670,盈方微,5.71,5.7,5.71,5.44,5.45,5.71,5.06,38652261.0,210948091.0,4.963,0.27
000672,上峰材料,15.66,15.66,15.67,14.92,15.08,15.8,13.87,38709796.0,580078935.0,4.96,0.74
000676,智度股份,6.92,6.92,6.93,6.34,6.36,6.97,6.34,283041322.0,1941248652.0,9.148,0.58
000677,ST海龙,1.54,1.54,1.55,1.62,1.6,1.61,1.46,59190227.0,89761139.0,-4.938,-0.08
000678,襄阳轴承,7.75,7.75,7.76,7.69,7.94,7.94,7.32,13674649.0,103922149.0,0.78,0.06
000679,大连友谊,5.25,5.25,5.26,5.43,5.51,5.54,4.89,14680800.0,75694034.0,-3.315,-0.18
000680,山推股份,10.46,10.46,10.47,10.25,10.31,10.68,10.21,28103951.0,294036386.0,2.049,0.21
000681,视觉中国,16.65,16.64,16.65,16.41,16.25,16.69,15.85,27329363.0,448346339.0,1.463,0.24
000682,东方电子,11.85,11.85,11.86,11.64,11.65,11.88,11.65,19893022.0,234598725.0,1.804,0.21
000683,博源化工,5.82,5.81,5.82,5.79,5.75,6.07,5.73,107621647.0,630894824.0,0.518,0.03
000685,中山公用,10.92,10.91,10.92,10.82,10.78,10.99,10.73,23177507.0,252078136.0,0.924,0.1
000686,东北证券,8.08,8.08,8.09,8.08,8.06,8.18,8.02,29328582.0,237216284.0,0.0,0.0
000688,国城矿业,26.36,26.36,26.37,25.83,25.82,26.45,23.88,24430130.0,618160385.0,2.052,0.53
000690,宝新能源,4.92,4.91,4.92,4.92,4.83,4.94,4.76,100075089.0,486067355.0,0.0,0.0
000691,亚太实业,9.65,9.65,9.66,9.86,9.72,9.87,8.87,19826010.0,181961498.0,-2.13,-0.21
000692,惠天热电,3.62,3.62,3.63,3.73,3.68,3.68,3.42,24011400.0,85105730.0,-2.949,-0.11
000695,滨海能源,12.61,12.61,12.62,11.69,11.78,12.64,11.28,14119541.0,171089616.0,7.87,0.92
000697,炼石航空,7.82,7.82,7.83,7.73,7.73,7.85,7.21,13600200.0,103233227.0,1.164,0.09
000698,ST沈化,3.11,3.1,3.11,3.15,3.14,3.14,3.03,5024186.0,15498676.0,-1.27,-0.04
000700,模塑科技,11.38,11.38,11.39,11.18,11.28,11.43,10.33,53610270.0,589347895.0,1.789,0.2
000701,厦门信达,4.39,4.38,4.39,4.44,4.45,4.48,4.21,21495000.0,93610316.0,-1.126,-0.05
000702,正虹科技,4.68,4.67,4.68,4.88,4.87,4.88,4.52,12153188.0,56813804.0,-4.098,-0.2
000703,恒逸石化,14.64,14.64,14.65,15.11,14.85,14.94,14.11,90964222.0,1316555624.0,-3.111,-0.47
000705,浙江震元,6.24,6.24,6.25,6.35,6.39,6.42,6.08,9948100.0,61945480.0,-1.732,-0.11
000707,双环科技,4.18,4.18,4.19,4.3,4.31,4.32,4.15,12376762.0,52071940.0,-2.791,-0.12
000708,中信特钢,13.78,13.78,13.79,13.86,13.86,14.09,13.7,19106260.0,265356251.0,-0.577,-0.08
000709,河钢股份,2.09,2.08,2.09,2.09,2.08,2.13,2.08,96661368.0,203004476.0,0.0,0.0
000710,贝瑞基因,7.69,7.69,7.7,7.82,7.73,7.74,7.33,11400600.0,86203841.0,-1.662,-0.13
000711,ST京蓝,4.6,4.6,4.61,4.32,4.64,4.64,4.28,97390800.0,439130930.0,6.481,0.28
000712,锦龙股份,8.53,8.53,8.54,8.38,8.35,8.68,8.31,20768107.0,176691772.0,1.79,0.15
000713,国投丰乐,5.57,5.57,5.58,5.64,5.64,5.71,5.52,7445541.0,41655846.0,-1.241,-0.07
000715,中兴商业,4.52,4.52,4.53,4.63,4.66,4.66,4.42,11676660.0,52629467.0,-2.376,-0.11
000716,黑芝麻,4.35,4.34,4.35,4.41,4.4,4.42,4.31,18103452.0,78815878.0,-1.361,-0.06
000717,中南股份,2.15,2.14,2.15,2.16,2.16,2.18,2.13,16694140.0,35887128.0,-0.463,-0.01
000718,苏宁环球,1.8,1.79,1.8,1.85,1.84,1.86,1.78,31109185.0,56074066.0,-2.703,-0.05
000719,中原传媒,12.18,12.18,12.19,12.09,12.05,12.5,12.02,8197382.0,100671235.0,0.744,0.09
000720,新能泰山,3.21,3.21,3.22,3.31,3.37,3.4,3.0,90053434.0,279909216.0,-3.021,-0.1
000721,西安饮食,5.76,5.75,5.76,5.87,5.89,5.89,5.7,10803102.0,62372667.0,-1.874,-0.11
000722,湖南发展,14.33,14.33,14.34,15.21,14.63,14.98,13.69,68612799.0,969823626.0,-5.786,-0.88
000723,美锦能源,3.49,3.49,3.5,3.47,3.47,3.54,3.42,66688999.0,233487570.0,0.576,0.02
000725,京东方Ａ,6.31,6.31,6.32,5.79,5.83,6.36,5.62,3200397923.0,19269035393.0,8.981,0.52
000726,鲁 泰Ａ,5.76,5.76,5.77,5.81,5.82,5.85,5.72,6930708.0,40046718.0,-0.861,-0.05
000727,冠捷科技,2.21,2.21,2.22,2.16,2.16,2.22,2.14,77987491.0,170743651.0,2.315,0.05
000728,国元证券,7.42,7.41,7.42,7.36,7.33,7.53,7.32,46179295.0,343270962.0,0.815,0.06
000729,燕京啤酒,12.4,12.4,12.41,12.39,12.3,12.81,12.23,51586104.0,643151533.0,0.081,0.01
000731,四川美丰,6.04,6.04,6.05,6.1,6.13,6.14,5.94,18578400.0,111653885.0,-0.984,-0.06
000733,振华科技,39.99,39.99,40.0,37.65,38.15,40.0,37.22,22105422.0,857371917.0,6.215,2.34
000735,罗 牛 山,4.89,4.88,4.89,4.95,4.95,4.97,4.84,24272032.0,118638296.0,-1.212,-0.06
000736,中交发展,3.85,3.85,3.86,3.91,3.9,3.92,3.75,11622600.0,44534313.0,-1.535,-0.06
000737,北方铜业,13.01,13.01,13.02,12.33,12.54,13.07,12.4,49032300.0,624182564.0,5.515,0.68
000738,航发控制,17.16,17.16,17.17,16.97,16.9,17.38,16.9,16596319.0,285419265.0,1.12,0.19
000739,普洛药业,20.13,20.12,20.13,20.02,19.84,20.16,19.31,25608159.0,507052433.0,0.549,0.11
000750,国海证券,3.87,3.87,3.88,3.85,3.84,3.92,3.82,83931880.0,325344198.0,0.519,0.02
000751,锌业股份,4.38,4.38,4.39,4.24,4.24,4.4,4.02,54627732.0,231655741.0,3.302,0.14
000752,*ST西发,8.11,8.11,8.12,8.14,8.13,8.19,7.96,2815300.0,22622268.0,-0.369,-0.03
000753,漳州发展,4.35,4.35,4.36,4.31,4.3,4.4,4.22,21434400.0,92290413.0,0.928,0.04
000755,山西高速,4.61,4.6,4.61,4.74,4.75,4.77,4.59,7424100.0,34646707.0,-2.743,-0.13
000756,新华制药,13.47,13.47,13.48,13.63,13.55,13.57,13.06,14607617.0,194790051.0,-1.174,-0.16
000757,浩物股份,3.38,3.37,3.38,3.46,3.46,3.48,3.26,19959259.0,67087869.0,-2.312,-0.08
000758,中色股份,5.72,5.71,5.72,5.52,5.53,5.72,5.51,40496994.0,227939064.0,3.623,0.2
000759,中百集团,6.78,6.78,6.79,7.22,7.02,7.08,6.5,139200647.0,922433444.0,-6.094,-0.44
000761,本钢板材,2.25,2.24,2.25,2.28,2.28,2.32,2.23,16296500.0,36961699.0,-1.316,-0.03
000762,西藏矿业,20.61,20.6,20.61,19.73,19.73,20.62,19.5,23834538.0,479787058.0,4.46,0.88
000766,通化金马,16.46,16.46,16.48,16.46,16.41,16.68,15.91,24491200.0,400064366.0,0.0,0.0
000767,晋控电力,3.99,3.99,4.0,3.76,3.85,4.11,3.62,474574121.0,1807114489.0,6.117,0.23
000768,中航西飞,20.39,20.39,20.4,20.4,20.39,20.91,20.3,30274224.0,623157323.0,-0.049,-0.01
000776,广发证券,22.86,22.86,22.87,22.72,22.55,23.2,21.89,122704591.0,2755788632.0,0.616,0.14
000777,中核科技,16.81,16.81,16.82,17.02,16.9,16.93,16.4,10834460.0,180862538.0,-1.234,-0.21
000778,新兴铸管,3.78,3.78,3.79,3.74,3.75,3.87,3.73,72598102.0,277289249.0,1.07,0.04
000779,甘咨询,9.91,0.0,9.91,11.01,9.91,9.91,9.91,1868600.0,18517826.0,-9.991,-1.1
000782,恒申新材,6.09,6.09,6.1,6.03,6.15,6.17,5.55,22810300.0,134033040.0,0.995,0.06
000783,长江证券,8.6,8.6,8.61,8.42,8.45,8.61,8.34,131772136.0,1116476116.0,2.138,0.18
000785,居然智家,2.15,2.14,2.15,2.16,2.16,2.21,2.14,57085988.0,124051257.0,-0.463,-0.01
000786,北新建材,19.05,19.05,19.06,19.07,19.01,20.18,18.97,34267222.0,670665711.0,-0.105,-0.02
000788,北大医药,5.15,5.14,5.15,5.27,5.27,5.27,5.01,21052007.0,107862374.0,-2.277,-0.12
000789,万年青,3.9,3.9,3.91,3.99,3.99,4.0,3.88,6377985.0,25072035.0,-2.256,-0.09
000790,华神科技,3.62,3.61,3.62,3.67,3.67,3.67,3.45,20126840.0,71495267.0,-1.362,-0.05
000791,甘肃能源,7.84,7.83,7.84,7.91,7.84,7.95,7.6,49306180.0,382365134.0,-0.885,-0.07
000792,盐湖股份,25.2,25.19,25.2,24.48,24.26,25.2,24.22,87238454.0,2170158408.0,2.941,0.72
000793,*ST华闻,2.28,2.27,2.28,2.39,2.39,2.39,2.15,29348296.0,65855153.0,-4.603,-0.11
000795,英洛华,8.38,8.38,8.39,8.18,8.17,8.4,8.13,20069099.0,166401812.0,2.445,0.2
000796,凯撒旅业,3.49,3.48,3.49,3.47,3.49,3.51,3.39,37225211.0,128409930.0,0.576,0.02
000797,中国武夷,2.22,2.22,2.23,2.28,2.27,2.27,2.17,32104000.0,70933684.0,-2.632,-0.06
000798,中水渔业,7.47,7.47,7.48,7.76,7.77,7.77,7.39,11634806.0,87660482.0,-3.737,-0.29
000799,酒鬼酒,38.88,38.88,38.89,39.51,38.9,39.25,38.09,10314297.0,398535590.0,-1.595,-0.63
000800,一汽解放,6.32,6.32,6.33,6.3,6.27,6.47,6.26,25578700.0,163380424.0,0.317,0.02
000801,四川九洲,11.16,11.16,11.17,10.98,10.9,11.2,10.84,15686208.0,174303106.0,1.639,0.18
000802,北京文化,3.6,3.59,3.6,3.58,3.54,3.68,3.38,41196451.0,144377325.0,0.559,0.02
000803,山高环能,6.05,6.05,6.06,5.99,6.03,6.15,5.86,14921548.0,89800200.0,1.002,0.06
000807,云铝股份,25.18,25.18,25.19,26.02,25.76,25.88,24.48,123429856.0,3096564657.0,-3.228,-0.84
000809,和展能源,2.88,2.87,2.88,2.93,2.93,2.95,2.74,20838100.0,59300102.0,-1.706,-0.05
000810,创维数字,9.84,9.84,9.85,9.6,9.6,9.88,9.32,30040404.0,290499749.0,2.5,0.24
000811,冰轮环境,44.1,44.1,44.11,40.2,40.36,44.12,37.04,55529376.0,2274047227.0,9.701,3.9
000812,陕西金叶,3.21,3.21,3.22,3.24,3.26,3.26,3.15,18177868.0,58119910.0,-0.926,-0.03
000813,德展健康,3.26,3.26,3.27,3.29,3.28,3.3,3.16,35061613.0,113684814.0,-0.912,-0.03
000815,美利云,14.66,14.66,0.0,13.33,14.65,14.66,14.6,30317952.0,444402918.0,9.977,1.33
000816,智慧农业,2.4,2.39,2.4,2.39,2.4,2.42,2.31,28190986.0,66689008.0,0.418,0.01
000818,航锦科技,12.7,12.7,12.71,12.58,12.37,12.73,11.5,38026288.0,465666117.0,0.954,0.12
000819,岳阳兴长,11.05,11.05,11.06,11.2,11.27,11.27,10.76,5689984.0,62513533.0,-1.339,-0.15
000820,*ST节能,2.7,2.7,2.71,2.67,2.67,2.72,2.59,2343800.0,6199976.0,1.124,0.03
000821,ST京机,6.73,6.73,6.74,6.67,6.59,6.8,6.35,13251723.0,87531367.0,0.9,0.06
000822,山东海化,3.99,3.99,4.0,4.07,4.07,4.07,3.93,22175752.0,88420562.0,-1.966,-0.08
000823,超声电子,13.82,13.82,13.83,12.72,13.01,13.95,11.6,78180617.0,1005234249.0,8.648,1.1
000825,太钢不锈,3.52,3.52,3.53,3.52,3.51,3.6,3.5,42184432.0,149516093.0,0.0,0.0
000826,*ST启环,1.33,1.32,1.33,1.43,1.42,1.43,1.29,46642812.0,61936697.0,-6.993,-0.1
000828,东莞控股,9.92,9.92,9.93,9.89,9.88,10.08,9.85,8384600.0,83545026.0,0.303,0.03
000829,天音控股,8.69,8.68,8.69,8.99,8.9,9.16,8.39,53499921.0,468465330.0,-3.337,-0.3
000830,鲁西化工,12.3,12.29,12.3,12.25,12.18,12.55,12.08,38466700.0,472637089.0,0.408,0.05
000831,中国稀土,49.88,49.87,49.88,47.17,47.1,49.93,47.0,43411023.0,2129840178.0,5.745,2.71
000833,粤桂股份,19.06,19.06,19.07,19.31,19.02,19.08,17.73,33541275.0,621525345.0,-1.295,-0.25
000837,秦川机床,8.93,8.93,8.94,8.71,8.75,8.98,8.58,20101785.0,177475488.0,2.526,0.22
000838,*ST发展,2.1,2.1,2.11,2.27,2.22,2.25,2.04,55266921.0,115469182.0,-7.489,-0.17
000839,国安股份,2.4,2.39,2.4,2.4,2.4,2.41,2.33,35093085.0,83423731.0,0.0,0.0
000848,承德露露,8.29,8.29,8.3,8.36,8.37,8.52,8.24,18899070.0,158249636.0,-0.837,-0.07
000850,华茂股份,3.94,3.93,3.94,3.98,3.97,3.97,3.84,10589961.0,41419663.0,-1.005,-0.04
000852,石化机械,4.99,4.99,5.0,5.2,5.18,5.18,4.91,27490226.0,137492550.0,-4.038,-0.21
000856,冀东装备,6.88,6.88,6.91,6.92,6.87,7.03,6.4,8493510.0,57270462.0,-0.578,-0.04
000858,五 粮 液,74.38,74.38,74.39,76.24,76.0,76.76,74.14,63378265.0,4759421669.0,-2.44,-1.86
000859,国风新材,7.25,7.24,7.25,6.98,7.03,7.26,6.4,40497235.0,279825909.0,3.868,0.27
000860,顺鑫农业,10.85,10.85,10.86,11.14,11.07,11.23,10.8,17257884.0,189790590.0,-2.603,-0.29
000862,银星能源,5.17,5.16,5.17,5.42,5.26,5.26,4.94,50859713.0,259715843.0,-4.613,-0.25
000863,三湘印象,3.62,3.62,3.63,3.69,3.71,3.71,3.44,26168200.0,92908764.0,-1.897,-0.07
000868,安凯客车,3.37,3.36,3.37,3.38,3.38,3.42,3.34,14971800.0,50524878.0,-0.296,-0.01
000869,张 裕Ａ,17.2,17.15,17.2,17.11,17.2,17.39,16.96,2040799.0,35004345.0,0.526,0.09
000875,电投绿能,5.2,5.19,5.2,5.18,5.1,5.23,5.06,79678121.0,411272893.0,0.386,0.02
000876,新 希 望,6.95,6.94,6.95,7.13,7.1,7.15,6.91,47620581.0,333936008.0,-2.525,-0.18
000877,天山股份,3.64,3.63,3.64,3.71,3.7,3.75,3.62,16984675.0,62198105.0,-1.887,-0.07
000878,云南铜业,15.07,15.07,15.08,14.27,14.35,15.1,14.35,48318593.0,712338175.0,5.606,0.8
000880,潍柴重机,20.97,20.96,20.97,20.12,20.17,20.97,19.46,14889872.0,303223013.0,4.225,0.85
000881,中广核技,6.14,6.14,6.15,6.24,6.23,6.23,6.04,9114400.0,55777446.0,-1.603,-0.1
000882,华联股份,1.34,1.34,1.35,1.36,1.36,1.37,1.32,57088300.0,76565135.0,-1.471,-0.02
000883,湖北能源,4.78,4.78,4.79,4.74,4.71,4.85,4.65,65915998.0,314915036.0,0.844,0.04
000885,城发环境,12.55,12.55,12.56,12.52,12.53,12.74,12.5,7220141.0,91045327.0,0.24,0.03
000886,海南高速,4.4,4.39,4.4,4.45,4.46,4.47,4.36,21195856.0,93678178.0,-1.124,-0.05
000887,中鼎股份,17.34,17.34,17.35,16.68,16.68,17.43,16.68,39262502.0,674122920.0,3.957,0.66
000888,峨眉山Ａ,9.43,9.43,9.44,9.44,9.42,9.54,9.36,9907004.0,93393051.0,-0.106,-0.01
000889,中嘉博创,3.8,3.8,0.0,3.45,3.53,3.8,3.46,69866215.0,257976103.0,10.145,0.35
000890,法尔胜,6.22,6.22,6.23,6.18,6.13,6.27,5.56,24775000.0,147250479.0,0.647,0.04
000892,欢瑞世纪,3.48,3.47,3.48,3.54,3.48,3.84,3.19,112896001.0,393542548.0,-1.695,-0.06
000893,亚钾国际,46.06,46.05,46.06,44.5,45.01,47.51,44.75,29229080.0,1354274061.0,3.506,1.56
000895,双汇发展,24.79,24.79,24.8,25.32,25.2,25.85,24.73,25191958.0,635199009.0,-2.093,-0.53
000897,津滨发展,1.66,1.66,1.67,1.7,1.7,1.71,1.65,36135860.0,60451422.0,-2.353,-0.04
000898,鞍钢股份,1.96,1.96,1.97,1.98,1.98,2.02,1.95,49940313.0,99146779.0,-1.01,-0.02
000899,赣能股份,11.05,11.05,11.06,11.76,11.12,11.33,10.6,52910443.0,578608663.0,-6.037,-0.71
000900,现代投资,3.71,3.71,3.72,3.78,3.78,3.8,3.69,15485706.0,57870108.0,-1.852,-0.07
000901,航天科技,13.5,13.49,13.5,13.34,13.2,13.58,12.6,25515966.0,336213468.0,1.199,0.16
000902,新洋丰,13.55,13.54,13.55,13.52,13.39,13.8,13.32,17820971.0,241876697.0,0.222,0.03
000903,ST云动,1.61,1.61,1.62,1.62,1.62,1.64,1.5,28342560.0,44574087.0,-0.617,-0.01
000905,厦门港务,7.97,7.97,7.98,8.04,8.06,8.06,7.82,14064751.0,111625897.0,-0.871,-0.07
000906,浙商中拓,5.34,5.33,5.34,5.34,5.34,5.4,5.3,8781100.0,47004111.0,0.0,0.0
000908,石药景峰,6.34,6.34,6.35,6.32,6.28,6.39,6.0,39403144.0,244361312.0,0.316,0.02
000909,*ST数源,3.7,3.67,3.7,3.59,3.62,3.72,3.5,3037400.0,10999067.0,3.064,0.11
000910,大亚圣象,4.94,4.93,4.94,5.11,5.13,5.14,4.82,11892741.0,58571050.0,-3.327,-0.17
000911,*ST广糖,3.9,3.89,3.9,3.97,3.98,3.99,3.82,3841100.0,14921955.0,-1.763,-0.07
000912,泸天化,3.44,3.44,3.45,3.58,3.52,3.52,3.37,33205986.0,113518783.0,-3.911,-0.14
000913,钱江摩托,10.81,10.8,10.81,10.97,10.97,11.2,10.76,7812405.0,85891524.0,-1.459,-0.16
000915,华特达因,25.22,25.22,25.23,25.67,25.57,25.88,25.05,3245304.0,82580784.0,-1.753,-0.45
000917,电广传媒,6.59,6.59,6.6,6.48,6.42,6.72,6.41,32302040.0,212613171.0,1.698,0.11
000919,金陵药业,6.08,6.07,6.08,6.27,6.27,6.27,6.01,18759338.0,114334717.0,-3.03,-0.19
000920,沃顿科技,12.19,12.19,12.2,12.6,12.41,12.48,11.34,45244125.0,535858764.0,-3.254,-0.41
000921,海信家电,26.17,26.16,26.17,25.42,25.39,27.05,25.26,19494128.0,514254955.0,2.95,0.75
000922,佳电股份,11.0,11.0,11.01,10.35,10.43,11.05,10.11,20412375.0,217177190.0,6.28,0.65
000923,河钢资源,13.2,13.2,13.21,12.9,13.02,13.24,12.81,15392658.0,200795409.0,2.326,0.3
000925,众合科技,6.77,6.77,6.78,6.52,6.65,6.78,6.16,35587282.0,231266009.0,3.834,0.25
000926,福星股份,1.94,1.94,1.95,1.99,1.99,1.99,1.89,33865220.0,65329481.0,-2.513,-0.05
000927,中国铁物,2.44,2.44,2.45,2.46,2.46,2.49,2.44,52760698.0,130119744.0,-0.813,-0.02
000928,中钢国际,5.05,5.05,5.06,5.03,5.02,5.11,4.99,20801200.0,105361441.0,0.398,0.02
000929,兰州黄河,7.75,7.75,7.77,7.94,7.85,7.89,7.18,6573544.0,49461422.0,-2.393,-0.19
000930,中粮科技,4.54,4.53,4.54,4.61,4.56,4.66,4.51,26057459.0,119275682.0,-1.518,-0.07
000931,中 关 村,4.15,4.15,4.16,4.18,4.2,4.21,4.05,8831705.0,36442661.0,-0.718,-0.03
000932,华菱钢铁,3.7,3.7,3.71,3.7,3.69,3.81,3.67,151091919.0,563808959.0,0.0,0.0
000933,神火股份,24.46,24.46,24.47,25.2,24.85,25.04,23.87,79286454.0,1932626506.0,-2.937,-0.74
000935,四川双马,23.66,23.66,23.69,23.29,22.88,23.93,21.7,18240019.0,417348169.0,1.589,0.37
000936,华西股份,4.85,4.85,4.86,4.85,4.84,4.9,4.72,16168982.0,77962407.0,0.0,0.0
000937,冀中能源,4.67,4.67,4.68,4.62,4.6,4.74,4.55,35574680.0,166329741.0,1.082,0.05
000938,紫光股份,41.46,41.46,0.0,37.69,37.7,41.46,34.96,502700126.0,19306041647.0,10.003,3.77
000948,南天信息,14.55,14.55,14.56,14.94,14.43,14.89,13.45,29915438.0,430334877.0,-2.61,-0.39
000949,新乡化纤,5.49,5.49,5.5,5.27,5.29,5.5,5.14,53527587.0,286154806.0,4.175,0.22
000950,重药控股,5.36,5.35,5.36,5.4,5.34,5.42,5.3,33383784.0,178498171.0,-0.741,-0.04
000951,中国重汽,22.0,21.99,22.0,20.75,20.55,22.05,20.45,15357142.0,330109663.0,6.024,1.25
000952,广济药业,5.2,5.19,5.2,5.44,5.44,5.48,5.0,14014279.0,72600549.0,-4.412,-0.24
000953,中哲精化,5.09,5.09,5.1,5.27,5.25,5.26,4.96,10346700.0,52690098.0,-3.416,-0.18
000955,欣龙控股,3.67,3.66,3.67,3.78,3.78,3.8,3.47,18750630.0,67559393.0,-2.91,-0.11
000957,中通客车,9.95,9.95,9.96,9.96,9.9,10.01,9.8,10093581.0,99991014.0,-0.1,-0.01
000958,电投产融,5.46,5.45,5.46,5.51,5.5,5.56,5.41,28535620.0,156553524.0,-0.907,-0.05
000959,首钢股份,3.71,3.71,3.72,3.82,3.78,3.87,3.69,70173656.0,265317294.0,-2.88,-0.11
000960,锡业股份,31.12,31.12,31.13,29.1,29.24,31.21,27.5,72189171.0,2145897036.0,6.942,2.02
000962,东方钽业,50.98,50.98,50.99,47.8,48.77,51.6,43.31,32414287.0,1568908137.0,6.653,3.18
000963,华东医药,30.89,30.89,30.9,31.34,31.16,31.53,30.3,29577374.0,912512149.0,-1.436,-0.45
000965,天保基建,3.02,3.02,3.03,3.08,3.07,3.11,2.97,17137089.0,51789505.0,-1.948,-0.06
000966,长源电力,4.22,4.22,4.23,4.48,4.38,4.39,4.18,124471157.0,530867743.0,-5.804,-0.26
000967,盈峰环境,7.27,7.27,7.28,7.04,7.13,7.31,6.51,109895360.0,769232971.0,3.267,0.23
000968,蓝焰控股,6.73,6.72,6.73,7.13,6.8,6.82,6.53,58245742.0,388202573.0,-5.61,-0.4
000969,安泰科技,16.0,15.99,16.0,15.36,15.5,16.0,14.72,39581156.0,612974030.0,4.167,0.64
000970,中科三环,12.69,12.68,12.69,12.16,12.32,12.7,11.49,86184043.0,1056806445.0,4.359,0.53
000972,中基健康,3.38,3.37,3.38,3.48,3.48,3.48,3.25,9858800.0,33038817.0,-2.874,-0.1
000973,佛塑科技,11.7,11.7,11.71,11.1,11.11,11.78,11.01,51100770.0,584835524.0,5.405,0.6
000975,山金国际,20.47,20.46,20.47,19.0,19.51,20.62,19.26,77960816.0,1551465981.0,7.737,1.47
000977,浪潮信息,88.66,88.66,88.67,81.29,81.3,89.08,76.0,185913895.0,15518432334.0,9.066,7.37
000978,桂林旅游,5.42,5.41,5.42,5.48,5.48,5.52,5.33,11141701.0,60136209.0,-1.095,-0.06
000980,众泰汽车,1.52,1.52,1.53,1.54,1.54,1.54,1.4,166537424.0,246250167.0,-1.299,-0.02
000981,山子高科,2.5,2.49,2.5,2.42,2.42,2.51,2.32,293634578.0,716700317.0,3.306,0.08
000983,山西焦煤,6.25,6.25,6.26,6.29,6.18,6.35,6.15,83943607.0,525344829.0,-0.636,-0.04
000985,大庆华科,13.76,13.76,13.78,14.25,14.19,14.2,13.3,3089203.0,42240064.0,-3.439,-0.49
000987,越秀资本,7.72,7.71,7.72,7.63,7.67,7.8,7.61,40816252.0,314564899.0,1.18,0.09
000988,华工科技,113.15,113.15,113.16,105.86,104.9,114.15,95.27,101968137.0,10547171704.0,6.886,7.29
000989,九芝堂,8.91,8.91,8.92,9.09,8.89,8.96,8.6,53594837.0,470873662.0,-1.98,-0.18
000990,诚志股份,9.22,9.21,9.22,9.25,9.1,9.22,8.83,50588071.0,458545940.0,-0.324,-0.03
000993,闽东电力,10.31,10.31,10.32,10.76,10.48,10.49,10.01,24884005.0,254309562.0,-4.182,-0.45
000995,皇台酒业,9.27,9.27,9.28,9.78,9.65,9.77,8.81,19391500.0,178674469.0,-5.215,-0.51
000997,新 大 陆,17.94,17.93,17.94,16.62,16.66,18.28,16.63,57347049.0,1018365879.0,7.942,1.32
000998,隆平高科,8.09,8.09,8.1,8.09,8.03,8.25,8.01,22850304.0,186343096.0,0.0,0.0
000999,华润三九,25.0,25.0,25.01,25.55,25.31,25.94,24.96,24381718.0,618665281.0,-2.153,-0.55
001201,东瑞股份,11.09,11.08,11.09,11.57,11.57,11.61,10.96,6117663.0,68467196.0,-4.149,-0.48
001202,炬申股份,13.09,13.07,13.09,13.24,13.2,13.25,12.4,3990340.0,51127181.0,-1.133,-0.15
001203,大中矿业,24.95,24.95,24.96,24.95,24.7,25.2,23.86,24806436.0,611189884.0,0.0,0.0
001205,盛航股份,12.32,12.32,12.33,12.75,12.75,12.75,12.15,5060568.0,62683147.0,-3.373,-0.43
001206,依依股份,21.56,0.0,21.56,23.95,23.0,25.6,21.56,17508980.0,418324668.0,-9.979,-2.39
001207,联科科技,14.71,14.7,14.71,14.74,14.6,14.76,14.03,4997845.0,72439316.0,-0.204,-0.03
001208,华菱线缆,12.5,12.5,12.51,12.23,12.3,12.54,11.55,20032204.0,242444443.0,2.208,0.27
001209,洪兴股份,14.95,14.94,14.95,15.22,15.0,15.29,14.17,3152623.0,46368335.0,-1.774,-0.27
001210,金房能源,17.48,17.47,17.48,17.49,17.41,17.76,15.8,9175456.0,154390164.0,-0.057,-0.01
001211,双枪科技,18.18,18.18,18.19,20.19,21.08,21.08,18.17,9798833.0,180165259.0,-9.955,-2.01
001212,中旗新材,32.15,32.14,32.15,30.74,30.66,32.16,27.98,9983826.0,300334195.0,4.587,1.41
001213,中铁特货,3.52,3.51,3.52,3.58,3.57,3.63,3.48,19950300.0,70965484.0,-1.676,-0.06
001215,千味央厨,29.59,29.58,29.59,31.3,30.8,31.35,28.22,4877805.0,142421512.0,-5.463,-1.71
001216,华瓷股份,13.91,13.91,13.92,13.47,13.75,13.98,13.28,6337307.0,86711300.0,3.267,0.44
001217,华尔泰,8.42,8.42,8.43,8.51,8.48,8.55,8.25,5774910.0,48505213.0,-1.058,-0.09
001218,丽臣实业,21.2,21.2,21.21,21.45,21.45,21.58,20.03,3323382.0,69176769.0,-1.166,-0.25
001219,青岛食品,11.8,11.79,11.8,12.06,12.1,12.1,11.74,3104795.0,36748067.0,-2.156,-0.26
001220,世盟股份,27.79,27.79,27.8,27.9,27.9,28.07,27.36,691856.0,19162846.0,-0.394,-0.11
001221,悍高集团,36.02,36.01,36.02,35.85,35.6,36.79,35.55,2693784.0,97130036.0,0.474,0.17
001222,源飞宠物,13.23,13.23,13.24,13.63,13.73,13.86,13.13,7595260.0,102090957.0,-2.935,-0.4
001223,欧克科技,28.52,28.52,28.53,28.06,28.58,28.9,25.6,2541370.0,69885756.0,1.639,0.46
001225,和泰机电,35.56,35.56,35.6,34.3,34.3,35.56,31.95,1603000.0,54354329.0,3.673,1.26
001226,拓山重工,37.8,37.78,37.8,38.28,38.6,38.79,34.45,1455192.0,53153341.0,-1.254,-0.48
001227,兰州银行,2.12,2.12,2.13,2.16,2.15,2.19,2.11,104493000.0,224638444.0,-1.852,-0.04
001228,永泰运,25.49,25.46,25.49,25.46,25.49,26.0,24.9,1630600.0,41212020.0,0.118,0.03
001229,魅视科技,34.39,34.39,34.4,33.7,33.47,34.62,30.67,5537006.0,183403422.0,2.047,0.69
001230,劲旅环境,17.38,17.35,17.38,17.49,17.45,18.01,16.01,11932848.0,203726775.0,-0.629,-0.11
001231,农心科技,17.2,17.2,17.21,17.38,17.51,17.59,16.19,2181003.0,36832655.0,-1.036,-0.18
001233,海安集团,40.81,40.81,40.85,41.15,40.89,41.0,39.68,1933659.0,78091918.0,-0.826,-0.34
001234,泰慕士,18.2,18.2,18.21,18.45,18.44,18.56,17.18,1820200.0,32573487.0,-1.355,-0.25
001236,弘业期货,7.15,7.15,7.16,7.18,7.18,7.28,7.04,17863394.0,127632238.0,-0.418,-0.03
001237,惠康科技,52.95,52.95,52.96,52.36,52.54,52.99,50.21,2982531.0,154453388.0,1.127,0.59
001238,浙江正特,23.98,23.95,23.98,24.29,24.52,24.52,23.23,801391.0,19086798.0,-1.276,-0.31
001239,永达股份,11.38,11.38,11.39,11.52,11.62,11.62,10.95,2279646.0,25696589.0,-1.215,-0.14
001248,华润新能,12.8,12.79,12.8,12.98,12.76,12.86,12.08,200503619.0,2504831882.0,-1.387,-0.18
001255,博菲电气,21.71,21.71,21.75,21.93,21.82,22.12,20.43,1807874.0,38616354.0,-1.003,-0.22
001256,炜冈科技,21.93,21.93,21.94,21.51,21.56,22.38,20.28,3823701.0,81450143.0,1.953,0.42
001257,盛龙股份,24.62,24.62,24.63,24.95,24.98,24.99,22.5,27358848.0,650653264.0,-1.323,-0.33
001258,立新能源,10.01,10.01,0.0,9.1,10.01,10.01,9.55,158971100.0,1579363417.0,10.0,0.91
001259,利仁科技,44.37,44.2,44.37,43.4,44.19,44.5,39.06,2947901.0,122929393.0,2.235,0.97
001260,坤泰股份,14.73,14.7,14.74,14.75,15.04,15.14,13.62,2075200.0,29909683.0,-0.136,-0.02
001266,宏英智能,30.09,30.08,30.09,29.12,29.68,30.09,26.38,5215862.0,148807264.0,3.331,0.97
001267,汇绿生态,33.16,33.16,33.17,31.43,31.81,33.58,28.29,54410180.0,1686915034.0,5.504,1.73
001268,联合精密,18.49,18.48,18.49,17.5,17.36,18.53,15.75,5594620.0,96203220.0,5.657,0.99
001269,欧晶科技,16.82,16.82,16.84,16.62,16.62,17.04,15.41,4434818.0,72150383.0,1.203,0.2
001270,铖昌科技,102.0,101.99,102.0,98.95,98.95,103.0,89.06,16784713.0,1609754778.0,3.082,3.05
001277,速达股份,25.73,25.73,25.74,26.26,26.37,26.41,25.03,1491961.0,38351188.0,-2.018,-0.53
001278,一彬科技,13.53,13.51,13.53,13.73,13.6,13.84,12.66,3965700.0,52686831.0,-1.457,-0.2
001279,强邦新材,23.84,23.84,23.85,24.3,24.3,24.37,23.05,1462273.0,34521221.0,-1.893,-0.46
001280,中国铀业,57.96,57.96,57.97,56.64,57.11,58.0,55.88,7000636.0,401197680.0,2.331,1.32
001282,三联锻造,14.57,14.57,14.58,14.41,14.41,14.7,13.74,3903555.0,55837412.0,1.11,0.16
001283,豪鹏科技,41.45,41.44,41.45,39.51,39.92,41.66,38.23,4833319.0,193664588.0,4.91,1.94
001285,瑞立科密,39.89,39.89,39.9,39.56,39.56,40.05,38.7,1085971.0,42901865.0,0.834,0.33
001286,陕西能源,10.64,10.64,10.65,10.5,10.39,10.66,10.3,30222296.0,318417120.0,1.333,0.14
001287,中电港,21.88,21.88,21.89,20.44,20.6,21.94,18.95,53032013.0,1093985385.0,7.045,1.44
001288,运机集团,24.87,24.87,24.88,22.97,22.75,25.0,22.75,10166194.0,247492273.0,8.272,1.9
001289,龙源电力,16.46,16.46,16.47,16.8,16.6,16.85,16.25,14135511.0,232998867.0,-2.024,-0.34
001296,长江材料,16.07,16.06,16.07,16.07,16.06,16.11,15.09,2777503.0,43496764.0,0.0,0.0
001298,好上好,16.52,16.51,16.52,16.2,16.14,16.52,15.12,12564255.0,200014043.0,1.975,0.32
001299,美能能源,9.16,9.16,9.17,9.43,9.36,9.36,8.66,7811005.0,69910971.0,-2.863,-0.27
001300,三柏硕,9.66,9.65,9.66,9.79,9.85,9.96,9.08,6822400.0,65041601.0,-1.328,-0.13
001301,尚太科技,52.4,52.4,52.41,50.76,50.26,54.5,50.26,6541504.0,345547813.0,3.231,1.64
001306,夏厦精密,46.6,46.59,46.6,45.29,46.42,47.0,42.5,1228700.0,55077504.0,2.892,1.31
001308,康冠科技,17.39,17.38,17.39,17.23,17.12,17.47,16.93,3206963.0,55393125.0,0.929,0.16
001309,德明利,508.0,508.0,508.01,482.89,450.01,530.0,434.6,40632626.0,18834643454.0,5.2,25.11
001311,多利科技,14.77,14.75,14.77,14.87,14.72,14.99,13.81,6630198.0,95824288.0,-0.672,-0.1
001312,福恩股份,17.03,17.03,17.04,17.17,17.28,17.29,16.4,3257050.0,54751231.0,-0.815,-0.14
001313,粤海饲料,7.05,7.04,7.05,7.19,7.19,7.19,6.75,21383999.0,148819543.0,-1.947,-0.14
001314,亿道信息,49.74,0.0,49.74,55.27,49.74,49.74,49.74,2407700.0,119758998.0,-10.005,-5.53
001316,润贝航科,24.64,24.61,24.65,24.89,25.21,25.36,22.85,3999084.0,96247306.0,-1.004,-0.25
001317,三羊马,45.38,45.35,45.38,44.44,44.96,45.5,42.0,6137380.0,270033747.0,2.115,0.94
001318,阳光乳业,9.84,9.84,9.85,10.17,10.11,10.14,9.75,5463380.0,54009151.0,-3.245,-0.33
001319,铭科精技,17.93,17.93,17.95,18.03,18.03,18.25,17.15,2794203.0,49561894.0,-0.555,-0.1
001322,箭牌家居,6.17,6.16,6.17,6.28,6.27,6.35,6.13,4137005.0,25680217.0,-1.752,-0.11
001323,慕思股份,15.82,15.81,15.82,16.16,16.16,16.3,15.66,3121041.0,49752508.0,-2.104,-0.34
001324,长青科技,17.58,17.56,17.58,17.8,17.76,17.76,16.36,3446069.0,58798325.0,-1.236,-0.22
001325,元创股份,33.65,33.65,33.66,33.61,33.59,33.77,32.47,1044200.0,34656370.0,0.119,0.04
001326,联域股份,46.48,46.45,46.48,46.18,46.18,47.42,41.57,1703085.0,76256599.0,0.65,0.3
001328,登康口腔,27.7,27.7,27.78,27.78,27.82,28.48,27.25,2144105.0,59729156.0,-0.288,-0.08
001330,博纳影业,4.58,4.58,4.59,4.49,4.49,4.6,4.18,84296807.0,373334250.0,2.004,0.09
001331,胜通能源,45.16,45.16,45.19,43.16,42.94,46.46,38.84,16422272.0,689720251.0,4.634,2.0
001332,锡装股份,28.3,28.29,28.3,27.19,27.35,28.3,25.54,3266830.0,88387453.0,4.082,1.11
001333,光华股份,17.26,17.25,17.26,17.5,17.5,17.55,16.5,2237200.0,38042691.0,-1.371,-0.24
001335,信凯科技,29.29,29.27,29.29,29.39,29.38,29.39,26.95,1499580.0,42236366.0,-0.34,-0.1
001336,楚环科技,19.68,19.68,19.72,19.91,19.91,20.2,18.4,1896640.0,36666626.0,-1.155,-0.23
001337,四川黄金,34.67,34.66,34.67,32.48,33.06,34.67,31.68,16498983.0,549684460.0,6.743,2.19
001338,永顺泰,8.32,8.32,8.33,8.59,8.59,8.63,8.3,9141200.0,77050495.0,-3.143,-0.27
001339,智微智能,79.04,79.04,79.05,73.6,74.92,79.12,67.3,17553306.0,1306855662.0,7.391,5.44
001356,富岭股份,8.63,8.62,8.63,8.7,8.7,8.86,8.57,3788699.0,32970463.0,-0.805,-0.07
001358,兴欣新材,20.14,20.14,20.15,20.06,20.16,20.46,18.9,1918040.0,37856616.0,0.399,0.08
001359,平安电工,89.35,89.35,89.43,86.57,80.67,90.6,77.91,8235872.0,689435138.0,3.211,2.78
001360,南矿集团,13.44,13.44,13.48,13.36,13.4,13.5,12.22,4819087.0,62267215.0,0.599,0.08
001365,天海电子,40.86,40.86,40.87,38.65,38.79,40.86,38.49,12278744.0,489191945.0,5.718,2.21
001366,播恩集团,10.28,10.28,10.3,10.63,10.41,10.5,9.72,6015215.0,60740186.0,-3.293,-0.35
001367,海森药业,17.45,17.45,17.47,18.15,18.19,18.2,16.9,2598924.0,45174665.0,-3.857,-0.7
001368,通达创智,19.63,19.61,19.63,19.83,20.0,20.07,18.84,2201350.0,42818533.0,-1.009,-0.2
001369,双欣材料,13.87,13.86,13.87,13.22,13.0,14.2,12.84,34740398.0,470095071.0,4.917,0.65
001373,翔腾新材,24.49,24.47,24.49,24.43,24.19,24.75,22.08,2569941.0,61015942.0,0.246,0.06
001376,百通能源,9.66,9.65,9.66,9.65,9.65,9.73,9.29,13621600.0,129330915.0,0.104,0.01
001378,德冠新材,16.87,16.86,16.87,17.43,17.43,17.67,15.92,8200674.0,136402376.0,-3.213,-0.56
001379,腾达科技,14.4,14.4,14.42,14.51,14.51,14.65,13.95,2613601.0,37380280.0,-0.758,-0.11
001380,华纬科技,15.98,15.97,15.98,15.53,15.68,16.16,15.37,1857951.0,29226480.0,2.898,0.45
001382,新亚电缆,15.32,15.32,15.33,15.05,15.05,15.38,14.92,2840549.0,43130500.0,1.794,0.27
001386,马可波罗,14.2,14.2,14.21,14.58,14.48,14.68,14.13,5647088.0,81141322.0,-2.606,-0.38
001387,雪祺电气,10.8,10.8,10.81,11.01,11.01,11.13,10.3,5129960.0,54800396.0,-1.907,-0.21
001388,信通电子,24.05,0.0,24.05,26.72,24.76,25.1,24.05,3171600.0,77088701.0,-9.993,-2.67
001389,广合科技,174.31,174.31,0.0,158.46,159.0,174.31,148.0,12981966.0,2126110576.0,10.003,15.85
001390,古麒绒材,16.81,16.8,16.81,17.11,17.11,17.12,16.56,1515708.0,25462904.0,-1.753,-0.3
001391,国货航,4.33,4.33,4.34,4.38,4.35,4.47,4.31,44834881.0,196930164.0,-1.142,-0.05
001393,维通利,42.13,42.13,42.14,40.85,41.0,42.13,39.08,3320600.0,135545278.0,3.133,1.28
001395,亚联机械,32.29,32.29,32.3,30.47,28.83,32.5,28.83,9002512.0,277388861.0,5.973,1.82
001396,誉帆科技,30.58,30.58,30.59,30.82,30.94,30.94,29.1,1539974.0,46322905.0,-0.779,-0.24
001399,惠科股份,27.87,27.87,0.0,25.34,24.65,27.87,22.81,120111339.0,3018119710.0,9.984,2.53
001400,江顺科技,70.12,70.1,70.12,67.02,65.85,70.34,60.6,3024223.0,200834077.0,4.625,3.1
001696,宗申动力,15.1,15.1,15.11,14.5,14.55,15.12,14.16,46076417.0,681120311.0,4.138,0.6
001872,招商港口,21.77,21.77,21.81,22.7,22.38,22.68,21.56,6473774.0,142136911.0,-4.097,-0.93
001896,豫能控股,14.34,14.34,14.35,14.82,14.48,14.9,13.57,171264098.0,2424969449.0,-3.239,-0.48
001914,招商积余,9.0,9.0,9.01,9.05,9.07,9.21,8.96,8927016.0,80993017.0,-0.552,-0.05
001965,招商公路,10.3,10.27,10.3,10.19,10.18,10.35,10.11,19688222.0,201630472.0,1.079,0.11
001979,招商蛇口,6.92,6.92,6.93,6.92,6.9,7.09,6.85,87395961.0,607730831.0,0.0,0.0
002001,新 和 成,29.9,29.89,29.9,30.12,30.1,30.39,29.28,36991780.0,1106601529.0,-0.73,-0.22
002003,伟星股份,9.75,9.75,9.76,10.0,9.91,10.06,9.69,17963910.0,177350621.0,-2.5,-0.25
002004,华邦健康,4.29,4.29,4.3,4.37,4.33,4.4,4.28,33316497.0,144361301.0,-1.831,-0.08
002005,德豪润达,2.26,2.25,2.26,2.26,2.27,2.28,2.17,20284486.0,45078519.0,0.0,0.0
002006,精工科技,13.45,13.44,13.45,13.17,13.16,13.56,12.97,10096675.0,134375933.0,2.126,0.28
002007,华兰生物,13.2,13.19,13.2,13.33,13.22,13.61,13.17,19297984.0,258221422.0,-0.975,-0.13
002008,大族激光,100.89,100.89,0.0,91.72,93.3,100.89,87.29,52897922.0,4993789957.0,9.998,9.17
002009,天奇股份,15.93,15.92,15.93,15.53,15.66,15.97,14.51,18529427.0,284557368.0,2.576,0.4
002010,传化智联,4.59,4.59,4.6,4.55,4.55,4.66,4.54,28656090.0,132170144.0,0.879,0.04
002011,盾安环境,10.2,10.2,10.21,10.1,10.05,10.35,10.04,15581759.0,159602032.0,0.99,0.1
002012,凯恩股份,5.27,5.27,5.28,5.17,5.14,5.29,4.92,22479610.0,114402199.0,1.934,0.1
002014,永新股份,10.95,10.95,10.96,10.85,10.81,11.04,10.79,3796600.0,41509498.0,0.922,0.1
002015,协鑫能科,14.47,14.47,14.48,14.01,13.97,14.55,13.25,111861355.0,1550545301.0,3.283,0.46
002016,世荣兆业,4.04,4.04,4.05,4.17,4.2,4.22,4.03,13981710.0,57281240.0,-3.118,-0.13
002017,东信和平,12.84,12.84,12.85,12.45,12.48,12.99,12.34,22024815.0,280343732.0,3.133,0.39
002019,亿帆医药,10.16,10.15,10.16,10.39,10.29,10.42,10.05,21497922.0,219653700.0,-2.214,-0.23
002020,京新药业,14.13,14.13,14.14,14.43,14.35,14.64,13.89,24134323.0,341865124.0,-2.079,-0.3
002021,中捷资源,2.23,2.23,2.24,2.24,2.26,2.27,2.13,29583483.0,65024056.0,-0.446,-0.01
002022,科华生物,4.91,4.91,4.92,5.09,5.02,5.09,4.79,10266996.0,50512257.0,-3.536,-0.18
002023,海特高新,8.83,8.82,8.83,8.5,8.54,8.83,8.12,27148062.0,232226186.0,3.882,0.33
002024,ST易购,1.18,1.18,1.19,1.18,1.18,1.19,1.16,20925100.0,24617452.0,0.0,0.0
002025,航天电器,66.98,66.98,66.99,63.58,64.5,67.16,58.46,22940555.0,1461793216.0,5.348,3.4
002026,山东威达,9.4,9.39,9.4,9.45,9.47,9.54,9.0,7319156.0,68029926.0,-0.529,-0.05
002027,分众传媒,5.11,5.1,5.11,5.15,5.11,5.27,5.06,234628621.0,1210333806.0,-0.777,-0.04
002028,思源电气,155.89,155.88,155.89,151.5,151.3,156.5,148.68,14769712.0,2266842164.0,2.898,4.39
002029,七 匹 狼,7.4,7.4,7.41,7.51,7.53,7.54,7.08,20045575.0,146566740.0,-1.465,-0.11
002030,达安基因,5.13,5.13,5.14,5.23,5.2,5.23,5.03,21607350.0,110425783.0,-1.912,-0.1
002031,巨轮智能,4.78,4.78,4.79,4.6,4.63,4.82,4.36,80737909.0,371782596.0,3.913,0.18
002032,苏 泊 尔,44.67,44.66,44.73,45.28,45.01,46.85,44.45,2848257.0,129932731.0,-1.347,-0.61
002033,丽江股份,8.3,8.3,8.31,8.31,8.31,8.37,8.26,13378911.0,111054016.0,-0.12,-0.01
002034,旺能环境,13.79,13.79,13.8,13.88,13.89,14.02,13.65,10072800.0,139014935.0,-0.648,-0.09
002035,华帝股份,4.69,4.69,4.7,4.79,4.75,4.82,4.66,14142460.0,66939044.0,-2.088,-0.1
002036,联创电子,7.21,7.21,0.0,6.55,6.7,7.21,6.65,43470313.0,303292434.0,10.076,0.66
002037,保利联合,5.88,5.88,5.89,5.87,5.87,5.94,5.68,8199800.0,47731263.0,0.17,0.01
002038,双鹭药业,5.59,5.59,5.6,5.73,5.74,5.78,5.2,61734142.0,336563377.0,-2.443,-0.14
002039,黔源电力,19.74,19.73,19.74,20.38,20.02,20.22,19.52,17968730.0,355940973.0,-3.14,-0.64
002040,南 京 港,7.83,7.82,7.83,7.88,7.91,7.94,7.71,6614343.0,51560838.0,-0.635,-0.05
002041,登海种业,8.33,8.33,8.34,8.39,8.39,8.47,8.27,14977403.0,125063323.0,-0.715,-0.06
002042,华孚时尚,3.65,3.64,3.65,3.65,3.62,3.65,3.45,39593559.0,141245403.0,0.0,0.0
002043,兔 宝 宝,12.39,12.39,12.4,12.2,12.29,12.87,11.9,22999027.0,287521788.0,1.557,0.19
002044,美年健康,4.53,4.53,4.54,4.43,4.39,4.54,4.33,93867309.0,417252820.0,2.257,0.1
002045,国光电器,7.82,7.82,7.83,7.85,7.7,8.07,7.66,44889743.0,350840668.0,-0.382,-0.03
002046,国机精工,52.0,51.99,52.0,49.73,50.56,52.3,44.99,24232533.0,1193265553.0,4.565,2.27
002047,宝鹰股份,3.22,3.22,3.23,3.19,3.25,3.29,2.87,36208908.0,111928407.0,0.94,0.03
002048,宁波华翔,18.78,18.78,18.79,18.43,18.5,19.09,17.75,28216046.0,522949118.0,1.899,0.35
002049,紫光国微,65.28,65.27,65.28,61.77,62.01,65.45,59.81,43065929.0,2714569475.0,5.682,3.51
002050,三花智控,38.1,38.1,38.11,36.12,36.77,38.16,36.19,100496099.0,3745118196.0,5.482,1.98
002051,中工国际,8.48,8.47,8.48,8.44,8.47,8.48,7.95,37637976.0,311516312.0,0.474,0.04
002052,同洲电子,8.17,8.17,8.18,7.89,7.93,8.25,7.45,23393486.0,185867856.0,3.549,0.28
002053,云南能投,9.52,9.52,9.53,9.9,9.68,9.76,9.38,18395170.0,175219715.0,-3.838,-0.38
002054,德美化工,6.65,6.65,6.66,6.71,6.75,6.76,6.37,13030370.0,85651818.0,-0.894,-0.06
002055,ST得润,5.22,5.21,5.22,5.32,5.35,5.4,4.79,24887100.0,126615778.0,-1.88,-0.1
002056,横店东磁,22.84,22.84,22.85,21.64,21.91,22.96,20.75,51710952.0,1135623375.0,5.545,1.2
002057,中钢天源,7.88,7.87,7.88,7.69,7.69,7.89,7.45,36901326.0,284721545.0,2.471,0.19
002058,威尔泰,15.39,15.38,15.39,14.96,14.96,15.58,14.01,3378700.0,49982213.0,2.874,0.43
002059,云南旅游,4.23,4.23,4.24,4.27,4.28,4.3,4.21,8891002.0,37640533.0,-0.937,-0.04
002060,广东建工,3.23,3.23,3.24,3.28,3.26,3.29,3.23,21947391.0,71526031.0,-1.524,-0.05
002061,浙江交科,3.61,3.61,3.62,3.61,3.61,3.67,3.59,25145680.0,91425450.0,0.0,0.0
002062,宏润建设,7.14,7.13,7.14,6.88,6.82,7.21,6.51,19158789.0,131174937.0,3.779,0.26
002063,远光软件,5.49,5.48,5.49,5.53,5.46,5.62,5.42,47864366.0,263195647.0,-0.723,-0.04
002064,华峰化学,10.48,10.48,10.49,10.23,10.24,10.66,10.11,67223662.0,700523837.0,2.444,0.25
002065,东华软件,6.97,6.97,6.98,6.94,6.8,7.05,6.75,59911328.0,416474170.0,0.432,0.03
002066,瑞泰科技,19.74,19.73,19.74,19.5,19.79,19.99,18.75,5311100.0,102815100.0,1.231,0.24
002067,景兴纸业,3.92,3.92,3.93,3.85,3.85,3.92,3.81,43399138.0,167948045.0,1.818,0.07
002068,黑猫股份,8.07,8.07,0.0,7.34,7.37,8.07,6.69,49276979.0,361404624.0,9.946,0.73
002069,獐子岛,3.01,3.0,3.01,3.09,3.08,3.1,2.94,17433397.0,52421939.0,-2.589,-0.08
002072,凯瑞德,6.25,6.25,6.26,6.64,6.64,6.65,5.98,11765300.0,72989655.0,-5.873,-0.39
002073,软控股份,5.47,5.47,5.48,5.45,5.43,5.58,5.41,22776426.0,125326584.0,0.367,0.02
002074,国轩高科,28.44,28.44,28.45,27.0,26.8,29.09,26.7,68386983.0,1938901024.0,5.333,1.44
002075,沙钢股份,3.46,3.46,3.47,3.46,3.45,3.52,3.44,41964502.0,146014077.0,0.0,0.0
002076,星光股份,1.84,1.84,1.85,1.83,1.83,1.84,1.74,31267300.0,56170578.0,0.546,0.01
002077,大港股份,12.43,12.43,12.44,11.94,11.9,12.48,10.85,74049050.0,874334945.0,4.104,0.49
002078,太阳纸业,14.41,14.41,14.42,14.13,14.0,15.07,13.96,51055079.0,748633843.0,1.982,0.28
002079,苏州固锝,9.08,9.07,9.08,8.48,8.61,9.08,7.95,79363389.0,680202340.0,7.075,0.6
002080,中材科技,53.63,53.63,53.8,50.28,50.94,54.32,45.25,74889775.0,3743903613.0,6.663,3.35
002081,金 螳 螂,3.6,3.59,3.6,3.5,3.53,3.61,3.33,125997900.0,439771467.0,2.857,0.1
002082,ST万邦,10.33,10.32,10.33,11.2,10.93,10.95,10.08,19053624.0,196662781.0,-7.768,-0.87
002083,孚日股份,9.62,9.61,9.62,9.3,9.58,9.69,9.11,45127228.0,427363182.0,3.441,0.32
002084,海鸥住工,3.23,3.23,3.24,3.37,3.38,3.38,3.03,31105557.0,97252017.0,-4.154,-0.14
002085,万丰奥威,10.22,10.22,10.23,9.97,9.97,10.27,9.97,35866608.0,365306718.0,2.508,0.25
002086,东方海洋,1.69,1.69,1.7,1.72,1.72,1.72,1.65,37117600.0,62524911.0,-1.744,-0.03
002088,鲁阳节能,7.08,7.07,7.08,7.14,7.24,7.25,6.95,4023825.0,28438057.0,-0.84,-0.06
002090,金智科技,8.59,8.59,8.6,8.53,8.43,8.6,8.13,10833006.0,90499173.0,0.703,0.06
002091,江苏国泰,7.59,7.59,7.6,7.58,7.51,7.74,7.5,17396251.0,133363420.0,0.132,0.01
002092,中泰化学,4.17,4.17,4.18,4.28,4.25,4.27,4.11,82523750.0,344064363.0,-2.57,-0.11
002093,国脉科技,6.44,6.44,6.45,6.29,6.28,6.45,6.25,20841991.0,132957152.0,2.385,0.15
002094,青岛金王,4.3,4.3,4.31,4.31,4.28,4.37,4.23,21905100.0,94116881.0,-0.232,-0.01
002095,生 意 宝,13.41,13.4,13.41,13.44,13.32,13.7,13.08,3529530.0,47113206.0,-0.223,-0.03
002096,易普力,9.08,9.08,9.09,9.01,9.02,9.23,8.97,11070400.0,100835991.0,0.777,0.07
002097,山河智能,6.82,6.82,6.83,6.73,6.73,6.92,6.67,25291720.0,172115790.0,1.337,0.09
002098,浔兴股份,6.25,6.25,6.26,6.49,6.48,6.5,6.2,7031300.0,44515381.0,-3.698,-0.24
002099,海翔药业,5.01,5.01,5.02,5.06,5.0,5.08,4.87,21227744.0,105386230.0,-0.988,-0.05
002100,天康生物,6.98,6.98,6.99,7.19,7.18,7.31,6.97,36873379.0,262602414.0,-2.921,-0.21
002101,广东鸿图,8.7,8.7,8.71,9.0,9.0,9.09,8.68,11309745.0,100244138.0,-3.333,-0.3
002102,ST能特,2.26,2.25,2.26,2.36,2.35,2.37,2.24,18430000.0,42190342.0,-4.237,-0.1
002103,广博股份,6.09,6.08,6.09,6.13,6.1,6.2,6.02,9765286.0,59493006.0,-0.653,-0.04
002104,恒宝股份,9.53,9.52,9.53,9.2,9.15,9.93,9.1,54492853.0,519170609.0,3.587,0.33
002105,信隆健康,4.83,4.83,4.84,4.91,4.93,4.98,4.58,12303439.0,58713454.0,-1.629,-0.08
002106,莱宝高科,9.96,9.96,9.97,9.49,9.5,9.99,9.0,32367596.0,309142143.0,4.953,0.47
002107,沃华医药,6.0,6.0,6.01,6.11,6.08,6.11,5.75,19156366.0,113578538.0,-1.8,-0.11
002108,沧州明珠,4.21,4.21,4.22,4.15,4.16,4.25,4.09,26603420.0,110723895.0,1.446,0.06
002109,ST兴化,2.47,2.46,2.47,2.52,2.49,2.51,2.44,6491900.0,16049174.0,-1.984,-0.05
002110,三钢闽光,2.97,2.97,2.98,3.01,3.03,3.06,2.96,25686529.0,77371188.0,-1.329,-0.04
002111,威海广泰,9.22,9.21,9.22,9.17,9.17,9.25,8.95,11434239.0,104280689.0,0.545,0.05
002112,三变科技,13.48,13.47,13.48,13.31,13.34,13.51,12.4,13176113.0,171937811.0,1.277,0.17
002114,罗平锌电,6.12,6.11,6.12,6.0,6.0,6.12,5.63,10845900.0,63815177.0,2.0,0.12
002115,三维通信,11.66,11.66,11.67,11.18,11.17,11.66,10.83,122851025.0,1391117565.0,4.293,0.48
002116,中国海诚,6.89,6.88,6.89,6.98,7.02,7.06,6.86,4457353.0,30930844.0,-1.289,-0.09
002117,东港股份,7.72,7.71,7.72,7.62,7.66,7.78,7.47,10203913.0,77823076.0,1.312,0.1
002119,康强电子,22.86,22.85,22.86,21.27,21.17,22.94,19.14,67117179.0,1411595791.0,7.475,1.59
002120,韵达股份,6.68,6.67,6.68,6.63,6.62,6.8,6.62,42139171.0,282839135.0,0.754,0.05
002121,科陆电子,4.68,4.68,4.69,4.6,4.57,4.7,4.44,39210111.0,180690017.0,1.739,0.08
002122,ST汇洲,2.27,2.26,2.27,2.29,2.29,2.33,2.22,18148861.0,40971673.0,-0.873,-0.02
002123,梦网科技,8.08,8.08,8.09,8.16,8.12,8.35,7.76,52631236.0,423161748.0,-0.98,-0.08
002124,天邦食品,2.16,2.15,2.16,2.2,2.19,2.2,2.13,68117882.0,146494024.0,-1.818,-0.04
002125,湘潭电化,12.44,12.44,12.45,11.84,11.73,12.44,11.6,32384279.0,392179938.0,5.068,0.6
002126,银轮股份,43.66,43.66,43.67,41.5,41.99,44.0,41.39,27002504.0,1158629200.0,5.205,2.16
002127,南极电商,3.04,3.03,3.04,3.04,3.05,3.17,2.98,93752527.0,285585527.0,0.0,0.0
002128,电投能源,26.03,26.02,26.03,26.61,26.56,26.6,25.5,21198359.0,549290147.0,-2.18,-0.58
002129,TCL中环,8.99,8.99,9.0,8.75,8.75,9.04,8.35,193380294.0,1690707659.0,2.743,0.24
002130,沃尔核材,15.71,15.7,15.71,15.32,15.27,15.8,15.13,35916421.0,557126719.0,2.546,0.39
002131,利欧股份,3.96,3.95,3.96,3.81,3.8,3.98,3.62,395994651.0,1523458059.0,3.937,0.15
002132,恒星科技,4.13,4.13,4.14,4.1,4.11,4.15,3.75,94864510.0,377096942.0,0.732,0.03
002133,广宇集团,2.35,2.34,2.35,2.41,2.4,2.42,2.28,18269232.0,42755589.0,-2.49,-0.06
002134,天津普林,20.37,20.37,20.39,20.05,20.19,20.63,18.05,17437517.0,339143419.0,1.596,0.32
002135,东南网架,5.79,5.78,5.79,5.68,5.75,5.82,5.34,20974308.0,118097728.0,1.937,0.11
002136,安 纳 达,11.29,11.29,11.3,11.39,11.32,11.36,10.65,10014897.0,110902512.0,-0.878,-0.1
002137,实益达,7.24,7.24,7.25,6.9,7.0,7.25,6.48,52752967.0,365622111.0,4.928,0.34
002138,顺络电子,41.89,41.89,0.0,38.08,38.95,41.89,36.71,42842341.0,1667426045.0,10.005,3.81
002139,拓邦股份,9.99,9.98,9.99,9.79,9.72,10.04,9.7,26136908.0,259484866.0,2.043,0.2
002140,东华科技,8.76,8.75,8.76,8.8,8.75,8.8,8.63,7998889.0,69809295.0,-0.455,-0.04
002141,贤丰控股,4.9,0.0,4.9,5.44,4.9,5.29,4.9,281951271.0,1401477186.0,-9.926,-0.54
002142,宁波银行,31.37,31.37,31.38,32.4,32.28,32.5,31.05,64634303.0,2045079854.0,-3.179,-1.03
002144,宏达高科,9.4,9.4,9.41,9.74,9.74,9.8,9.01,10458554.0,97693386.0,-3.491,-0.34
002145,钛能化学,4.44,4.44,4.45,4.35,4.37,4.46,4.34,55928538.0,247405867.0,2.069,0.09
002146,荣盛发展,1.08,1.07,1.08,1.08,1.07,1.08,1.05,79404900.0,84798591.0,0.0,0.0
002148,北纬科技,5.84,5.83,5.84,5.87,5.88,5.89,5.51,20535071.0,117421849.0,-0.511,-0.03
002149,西部材料,32.61,32.61,32.62,31.3,31.69,32.65,28.4,38860125.0,1201994318.0,4.185,1.31
002150,正泰电源,22.03,22.03,22.04,21.15,21.15,22.05,20.06,12577241.0,267059720.0,4.161,0.88
002151,北斗星通,27.79,27.79,27.8,26.86,26.91,27.82,26.25,20772119.0,565873875.0,3.462,0.93
002152,广电运通,10.37,10.37,10.38,10.08,10.01,10.51,9.96,61797331.0,635681168.0,2.877,0.29
002153,石基信息,7.72,7.71,7.72,7.5,7.44,7.79,7.44,34695758.0,266810643.0,2.933,0.22
002154,报 喜 鸟,3.65,3.64,3.65,3.67,3.65,3.7,3.62,36604348.0,133609631.0,-0.545,-0.02
002155,湖南黄金,22.23,22.22,22.23,20.83,20.99,22.25,20.76,60421519.0,1298787988.0,6.721,1.4
002156,通富微电,69.3,69.3,0.0,63.0,64.26,69.3,57.0,209291152.0,13427595559.0,10.0,6.3
002157,正邦科技,2.9,2.9,2.91,2.91,2.9,2.94,2.89,106982548.0,311326895.0,-0.344,-0.01
002158,汉钟精机,26.35,26.35,26.36,24.81,25.0,26.57,23.4,18600503.0,471933584.0,6.207,1.54
002159,三特索道,12.41,12.41,12.42,12.51,12.51,12.59,12.22,3684833.0,45687648.0,-0.799,-0.1
002160,常铝股份,3.56,3.55,3.56,3.57,3.55,3.58,3.45,19751844.0,69503599.0,-0.28,-0.01
002161,远 望 谷,4.77,4.77,4.78,4.73,4.76,4.82,4.46,22619082.0,105288919.0,0.846,0.04
002162,悦心健康,3.8,3.8,3.81,3.8,3.8,3.82,3.65,22413621.0,83758883.0,0.0,0.0
002163,海南发展,7.38,7.38,7.39,7.28,7.26,7.44,6.97,34800075.0,251336686.0,1.374,0.1
002164,宁波东力,10.44,10.44,10.45,10.08,10.29,10.47,9.79,10325810.0,104754200.0,3.571,0.36
002165,红 宝 丽,5.72,5.72,5.73,6.2,5.94,5.96,5.58,82611377.0,468472555.0,-7.742,-0.48
002166,莱茵生物,6.35,6.35,6.36,6.57,6.56,6.56,6.23,22761260.0,144538388.0,-3.349,-0.22
002167,东方锆业,16.85,16.85,0.0,15.32,16.56,16.85,15.22,148714071.0,2398138987.0,9.987,1.53
002168,ST惠程,3.5,3.5,3.51,3.52,3.48,3.54,3.42,7931020.0,27754149.0,-0.568,-0.02
002169,智光电气,10.83,10.83,10.84,10.43,10.6,10.89,9.74,35878734.0,372727930.0,3.835,0.4
002170,芭田股份,11.11,11.1,11.11,10.65,10.69,11.18,10.66,35981769.0,394758504.0,4.319,0.46
002171,楚江新材,9.26,9.25,9.26,8.81,8.9,9.26,8.59,68951460.0,621025488.0,5.108,0.45
002172,澳洋健康,2.99,2.99,3.0,3.05,3.06,3.08,2.92,23392509.0,69647595.0,-1.967,-0.06
002173,创新医疗,17.35,17.34,17.35,18.71,18.02,18.02,16.84,59487594.0,1024119472.0,-7.269,-1.36
002174,游族网络,11.4,11.39,11.4,10.79,10.83,11.46,10.21,51205470.0,557354348.0,5.653,0.61
002175,*ST东智,2.42,2.42,2.43,2.41,2.4,2.42,2.26,29320879.0,68693708.0,0.415,0.01
002176,江特电机,7.64,7.63,7.64,7.45,7.46,7.65,7.23,80861592.0,605616974.0,2.55,0.19
002177,御银股份,5.35,5.34,5.35,5.18,5.18,5.41,5.11,50006886.0,265136912.0,3.282,0.17
002178,延华智能,4.18,4.17,4.18,4.15,4.15,4.2,4.0,14874493.0,61218141.0,0.723,0.03
002179,中航光电,34.07,34.07,34.08,32.27,32.41,34.15,31.9,44066162.0,1459038899.0,5.578,1.8
002180,奔图科技,16.94,16.94,16.95,16.5,16.47,16.97,16.22,26467032.0,441811955.0,2.667,0.44
002181,粤 传 媒,7.84,7.84,7.85,7.61,7.58,7.88,7.11,48121317.0,364847924.0,3.022,0.23
002182,宝武镁业,11.35,11.35,11.36,10.89,10.9,11.39,10.74,23498723.0,261978072.0,4.224,0.46
002183,怡 亚 通,4.5,4.49,4.5,4.35,4.34,4.52,4.24,73249508.0,323010844.0,3.448,0.15
002184,海得控制,9.06,9.06,9.07,9.0,8.9,9.06,8.52,7921830.0,69860054.0,0.667,0.06
002185,华天科技,18.35,18.35,18.36,16.85,16.8,18.5,15.17,696241399.0,11693531004.0,8.902,1.5
002186,全 聚 德,8.69,8.68,8.69,8.83,8.84,8.87,8.64,4779301.0,41635227.0,-1.586,-0.14
002187,广百股份,4.79,4.78,4.79,4.87,4.89,4.9,4.71,13854500.0,66261476.0,-1.643,-0.08
002188,中天服务,4.38,4.38,4.39,4.42,4.4,4.46,4.03,19242401.0,82105034.0,-0.905,-0.04
002189,中光学,16.98,16.98,17.0,17.2,17.4,17.4,15.96,4290625.0,70969646.0,-1.279,-0.22
002190,成飞集成,20.98,20.98,20.99,21.13,20.92,21.13,20.36,4207800.0,87563096.0,-0.71,-0.15
002191,劲嘉股份,3.65,3.65,3.66,3.65,3.66,3.68,3.55,12263800.0,44377979.0,0.0,0.0
002192,融捷股份,58.23,58.23,58.24,56.07,56.19,58.48,53.65,25008134.0,1412807655.0,3.852,2.16
002193,ST如意,3.52,3.51,3.52,3.56,3.52,3.7,3.2,15390101.0,51807495.0,-1.124,-0.04
002194,武汉凡谷,8.25,8.25,8.26,8.07,8.08,8.27,7.8,17000323.0,137689418.0,2.23,0.18
002195,岩山科技,6.05,6.04,6.05,5.8,5.75,6.05,5.7,216697021.0,1279997067.0,4.31,0.25
002196,方正电机,9.88,9.88,9.89,9.59,9.68,9.88,9.03,28736263.0,274171434.0,3.024,0.29
002197,证通电子,6.34,6.34,0.0,5.76,5.72,6.34,5.55,66915855.0,413175230.0,10.069,0.58
002198,ST嘉应,2.97,2.96,2.97,3.07,3.08,3.08,2.9,10237900.0,30415766.0,-3.257,-0.1
002199,*ST东晶,9.75,9.75,9.76,9.73,9.54,9.88,8.76,4742768.0,43932048.0,0.206,0.02
002200,交投生态,5.96,5.96,5.97,6.18,6.27,6.27,5.76,6634500.0,39554930.0,-3.56,-0.22
002201,九鼎新材,7.33,7.33,7.34,7.06,7.13,7.33,6.5,26935417.0,188042238.0,3.824,0.27
002202,金风科技,17.55,17.55,17.56,17.03,17.13,17.62,16.61,102263506.0,1759770644.0,3.053,0.52
002203,海亮股份,18.33,18.33,0.0,16.66,16.89,18.33,16.44,42967098.0,753171496.0,10.024,1.67
002204,大连重工,5.19,5.19,5.2,5.12,5.12,5.25,5.11,31915204.0,165962346.0,1.367,0.07
002205,国统股份,9.13,9.13,9.14,9.26,9.36,9.36,8.65,4298160.0,38592358.0,-1.404,-0.13
002206,海 利 得,5.21,5.21,5.22,5.16,5.19,5.22,5.12,10210614.0,52712328.0,0.969,0.05
002207,*ST准油,4.78,4.78,4.79,5.11,4.97,5.0,4.6,19924902.0,94802709.0,-6.458,-0.33
002208,合肥城建,12.15,12.15,12.16,12.33,11.94,12.95,11.1,103732742.0,1225567599.0,-1.46,-0.18
002209,达 意 隆,9.66,9.66,9.67,9.95,9.91,9.96,9.4,8118301.0,78309120.0,-2.915,-0.29
002210,飞马国际,2.13,2.12,2.13,2.11,2.1,2.14,2.03,74940600.0,156527217.0,0.948,0.02
002211,ST宏达,3.09,3.08,3.09,3.05,3.07,3.14,2.94,5023200.0,15236811.0,1.311,0.04
002212,天融信,5.54,5.54,5.55,5.45,5.39,5.59,5.37,34083629.0,187714198.0,1.651,0.09
002213,大为股份,24.99,24.99,0.0,22.72,23.48,24.99,20.71,16762200.0,385448056.0,9.991,2.27
002214,*ST大立,12.12,12.11,12.12,11.97,12.01,12.21,11.17,5711282.0,67364293.0,1.253,0.15
002215,诺 普 信,8.43,8.42,8.43,8.62,8.57,8.78,8.38,23580203.0,201800670.0,-2.204,-0.19
002216,三全食品,12.71,12.71,12.72,12.82,12.74,13.11,12.68,8740574.0,112677429.0,-0.858,-0.11
002217,ST合力泰,1.43,1.43,1.44,1.47,1.46,1.48,1.37,183537996.0,260474115.0,-2.721,-0.04
002218,拓日新能,3.47,3.47,3.48,3.47,3.43,3.49,3.27,55353950.0,187885839.0,0.0,0.0
002219,新里程,1.98,1.97,1.98,2.01,1.99,2.01,1.95,87996547.0,173773172.0,-1.493,-0.03
002221,东华能源,5.3,5.3,5.31,5.44,5.35,5.43,5.28,31668123.0,168907008.0,-2.574,-0.14
002222,福晶科技,59.58,59.58,59.59,55.15,56.55,59.86,49.65,39781984.0,2205218933.0,8.033,4.43
002223,鱼跃医疗,27.51,27.51,27.52,27.77,27.67,28.48,27.4,19178472.0,535486423.0,-0.936,-0.26
002224,三 力 士,3.3,3.3,3.31,3.37,3.35,3.37,3.27,15478285.0,51213090.0,-2.077,-0.07
002225,濮耐股份,3.46,3.45,3.46,3.46,3.46,3.47,3.24,39892238.0,135061813.0,0.0,0.0
002226,江南化工,4.62,4.62,4.63,4.58,4.59,4.71,4.55,29638152.0,137511088.0,0.873,0.04
002227,*ST特迅,5.47,5.46,5.47,5.58,5.52,5.62,5.11,4790974.0,25593915.0,-1.971,-0.11
002228,合兴包装,2.9,2.9,2.91,2.97,2.97,2.99,2.82,38260771.0,110331544.0,-2.357,-0.07
002229,鸿博股份,9.3,9.3,9.31,9.09,9.11,9.32,8.56,28700992.0,258726995.0,2.31,0.21
002230,科大讯飞,41.7,41.7,41.71,40.97,40.6,41.7,40.49,46134332.0,1900912055.0,1.782,0.73
002232,启明信息,13.69,13.69,13.7,13.46,13.46,13.69,13.05,5226293.0,70077099.0,1.709,0.23
002233,塔牌集团,7.41,7.41,7.43,7.37,7.33,7.64,7.3,17263594.0,129348821.0,0.543,0.04
002234,民和股份,6.85,6.84,6.85,7.0,7.0,7.0,6.69,7543922.0,51502120.0,-2.143,-0.15
002235,安妮股份,7.28,7.28,7.29,7.62,7.36,7.36,6.86,53893906.0,382633248.0,-4.462,-0.34
002236,大华股份,16.51,16.51,16.52,16.24,16.13,16.51,16.12,37929586.0,619218129.0,1.663,0.27
002237,恒邦股份,12.89,12.89,12.9,12.33,12.36,12.91,12.35,31593887.0,400675209.0,4.542,0.56
002238,天威视讯,5.56,5.55,5.56,5.68,5.64,5.71,5.51,6894725.0,38525614.0,-2.113,-0.12
002239,奥特佳,2.46,2.46,2.47,2.43,2.43,2.5,2.43,62456218.0,154013019.0,1.235,0.03
002240,盛新锂能,27.39,27.39,27.4,25.99,26.09,27.5,24.59,62906969.0,1652351269.0,5.387,1.4
002241,歌尔股份,23.42,23.42,23.43,23.21,22.99,23.5,22.76,114522842.0,2650594015.0,0.905,0.21
002242,九阳股份,8.23,8.23,8.24,8.33,8.33,8.41,8.19,6376353.0,52907713.0,-1.2,-0.1
002243,力合科创,6.86,6.86,6.87,6.75,6.7,6.89,6.61,22145995.0,150104972.0,1.63,0.11
002244,滨江集团,8.71,8.71,8.72,8.84,8.75,9.08,8.66,33389421.0,295262624.0,-1.471,-0.13
002245,蔚蓝锂芯,17.23,17.23,0.0,15.66,15.67,17.23,15.67,100830377.0,1659292207.0,10.026,1.57
002246,北化股份,18.07,18.07,18.08,17.64,17.79,18.09,17.04,16802623.0,296687658.0,2.438,0.43
002247,聚力文化,2.0,1.99,2.0,2.02,2.01,2.03,1.9,34033702.0,66895832.0,-0.99,-0.02
002248,华东数控,7.91,7.91,7.92,7.87,7.91,7.91,7.39,11589601.0,89159530.0,0.508,0.04
002249,大洋电机,6.93,6.93,6.94,6.67,6.79,7.0,6.79,63509424.0,439064323.0,3.898,0.26
002250,联化科技,17.1,17.1,17.11,16.5,16.27,17.17,16.07,36289146.0,606040347.0,3.636,0.6
002251,步步高,3.44,3.43,3.44,3.45,3.43,3.47,3.34,95064597.0,323761516.0,-0.29,-0.01
002252,上海莱士,5.14,5.14,5.15,5.22,5.2,5.34,5.12,109429516.0,572857335.0,-1.533,-0.08
002253,川大智胜,8.6,8.6,8.61,8.59,8.54,8.62,7.98,7708500.0,64286480.0,0.116,0.01
002254,泰和新材,11.32,11.31,11.32,11.0,10.97,11.48,10.29,41341698.0,453278949.0,2.909,0.32
002255,海陆重工,7.85,7.84,7.85,7.73,7.72,7.85,7.46,20872327.0,160030125.0,1.552,0.12
002256,兆新股份,3.13,3.13,3.14,3.15,3.12,3.15,2.9,78093569.0,237762555.0,-0.635,-0.02
002258,利尔化学,13.03,13.02,13.03,13.01,12.98,13.18,12.85,15120974.0,197036470.0,0.154,0.02
002259,升达林业,3.37,3.36,3.37,3.45,3.41,3.46,3.14,20787600.0,69023049.0,-2.319,-0.08
002261,拓维信息,27.99,27.99,28.0,27.8,27.28,28.18,26.38,91082960.0,2507015377.0,0.683,0.19
002262,恩华药业,21.05,21.05,21.06,21.13,21.0,21.54,20.8,17009995.0,360967201.0,-0.379,-0.08
002263,大东南,2.7,2.7,2.71,2.71,2.7,2.72,2.56,61526492.0,162879684.0,-0.369,-0.01
002264,新 华 都,6.08,6.08,6.09,5.98,5.95,6.1,5.85,21921820.0,131461116.0,1.672,0.1
002265,建设工业,16.31,16.31,16.32,16.36,16.23,16.44,16.0,8197203.0,133311180.0,-0.306,-0.05
002266,浙富控股,4.57,4.57,4.58,4.45,4.46,4.58,4.37,94440880.0,424354168.0,2.697,0.12
002267,陕天然气,7.22,7.21,7.22,7.24,7.17,7.35,7.16,12792438.0,93031821.0,-0.276,-0.02
002268,电科网安,14.76,14.76,14.77,14.05,13.93,15.1,13.87,27021534.0,395850188.0,5.053,0.71
002269,美邦服饰,1.32,1.32,1.33,1.33,1.32,1.34,1.29,60519250.0,79363865.0,-0.752,-0.01
002270,华明装备,17.93,17.92,17.93,17.75,17.8,17.95,17.45,19292640.0,341789869.0,1.014,0.18
002271,东方雨虹,11.39,11.39,11.4,10.67,10.66,11.63,10.62,91611163.0,1035469691.0,6.748,0.72
002272,川润股份,16.35,16.34,16.35,15.89,15.69,16.42,14.3,59700164.0,911363140.0,2.895,0.46
002273,水晶光电,27.56,27.56,0.0,25.05,25.48,27.56,24.6,85433560.0,2252851592.0,10.02,2.51
002274,华昌化工,5.22,5.21,5.22,5.3,5.24,5.26,5.08,35895226.0,185667702.0,-1.509,-0.08
002275,桂林三金,13.26,13.24,13.26,13.48,13.44,13.54,13.05,3266903.0,43238566.0,-1.632,-0.22
002276,万马股份,9.59,9.59,9.6,9.31,9.32,9.65,9.32,27628103.0,263628356.0,3.008,0.28
002277,友阿股份,5.43,5.42,5.43,5.38,5.4,5.47,4.9,28110577.0,147373085.0,0.929,0.05
002278,神开股份,7.23,7.23,7.24,7.29,7.26,7.28,6.88,13065404.0,92607298.0,-0.823,-0.06
002279,久其软件,5.88,5.88,5.89,5.8,5.8,5.88,5.6,31858130.0,183798574.0,1.379,0.08
002281,光迅科技,187.0,187.0,187.02,170.51,169.32,187.56,153.46,79612740.0,13424196498.0,9.671,16.49
002282,博深股份,5.64,5.63,5.64,5.7,5.68,5.73,5.53,6826295.0,38319619.0,-1.053,-0.06
002283,天润工业,7.66,7.66,7.67,7.24,7.29,7.69,6.72,52352105.0,380137787.0,5.801,0.42
002284,亚太股份,8.84,8.84,8.85,8.76,8.76,8.88,8.56,17603166.0,154272591.0,0.913,0.08
002285,世联行,1.97,1.97,1.98,2.02,2.01,2.01,1.9,52871036.0,102951892.0,-2.475,-0.05
002286,保龄宝,7.52,7.51,7.52,7.75,7.8,7.8,7.32,9070000.0,67994426.0,-2.968,-0.23
002287,奇正藏药,21.0,20.98,21.0,21.22,21.32,21.45,20.62,4579251.0,95988067.0,-1.037,-0.22
002289,宇顺电子,34.0,34.0,34.1,32.98,34.2,34.96,31.02,7679307.0,256795230.0,3.093,1.02
002290,禾盛新材,59.57,59.57,59.62,54.54,53.0,59.8,49.09,18056045.0,972946766.0,9.223,5.03
002291,遥望科技,4.91,4.91,4.92,4.88,4.84,4.92,4.7,31710886.0,152952836.0,0.615,0.03
002292,奥飞娱乐,7.68,7.67,7.68,7.6,7.5,7.78,7.44,57841826.0,440529292.0,1.053,0.08
002293,罗莱生活,11.85,11.85,11.86,11.08,11.01,11.85,10.64,18678839.0,209630497.0,6.949,0.77
002294,信立泰,35.28,35.28,35.29,37.31,36.87,36.96,33.69,58261343.0,2039856658.0,-5.441,-2.03
002295,精艺股份,7.62,7.62,7.63,7.73,7.7,7.94,7.11,6322600.0,46967717.0,-1.423,-0.11
002296,辉煌科技,8.69,8.68,8.69,8.67,8.68,8.73,8.4,9561272.0,82308887.0,0.231,0.02
002297,博云新材,17.74,17.74,17.75,16.39,16.87,17.75,14.75,70943033.0,1156431772.0,8.237,1.35
002298,中电鑫龙,6.81,6.81,6.82,6.69,6.7,6.82,6.35,29003924.0,192493306.0,1.794,0.12
002299,圣农发展,15.96,15.96,15.97,15.96,15.89,16.37,15.8,17970669.0,288401412.0,0.0,0.0
002300,太阳电缆,5.88,5.88,5.89,5.86,5.85,5.91,5.59,18703794.0,108145524.0,0.341,0.02
002301,齐心集团,7.33,7.33,7.34,7.3,7.3,7.39,6.72,36206501.0,255792370.0,0.411,0.03
002302,西部建设,4.43,4.42,4.43,4.53,4.53,4.53,4.36,10805123.0,47796127.0,-2.208,-0.1
002303,美盈森,4.13,4.13,4.14,4.09,4.01,4.15,3.7,112211841.0,442499591.0,0.978,0.04
002304,洋河股份,40.27,40.26,40.27,40.94,40.6,41.87,40.11,14146544.0,578389955.0,-1.637,-0.67
002305,*ST南置,1.87,1.86,1.87,1.85,1.85,1.87,1.79,22344300.0,40779512.0,1.081,0.02
002306,ST云网,1.65,1.64,1.65,1.69,1.69,1.7,1.56,18632100.0,30190050.0,-2.367,-0.04
002307,北新路桥,2.86,2.85,2.86,2.87,2.88,2.89,2.8,23471524.0,66670945.0,-0.348,-0.01
002309,中利集团,2.76,2.76,2.77,2.81,2.78,2.8,2.64,270429583.0,733484777.0,-1.779,-0.05
002310,东方新能,2.38,2.38,2.39,2.55,2.47,2.49,2.3,248389506.0,590050886.0,-6.667,-0.17
002311,海大集团,48.74,48.68,48.74,48.74,48.38,50.13,48.02,21350330.0,1043199623.0,0.0,0.0
002312,川发龙蟒,8.1,8.1,8.11,8.01,7.98,8.17,7.95,23334508.0,188994096.0,1.124,0.09
002313,日海智能,7.45,7.44,7.45,7.58,7.5,7.6,6.82,20234202.0,145335017.0,-1.715,-0.13
002314,南山控股,2.0,2.0,2.01,2.02,2.01,2.01,1.94,28278102.0,56006363.0,-0.99,-0.02
002315,焦点科技,25.22,25.22,25.23,24.87,24.63,26.04,24.55,16184220.0,410085232.0,1.407,0.35
002316,亚联发展,3.63,3.63,3.64,3.78,3.74,3.83,3.4,28383100.0,100727172.0,-3.968,-0.15
002317,众生药业,27.07,27.06,27.07,26.89,26.5,27.15,24.61,78657991.0,2046592464.0,0.669,0.18
002318,久立特材,18.53,18.52,18.53,18.36,18.34,18.95,18.25,15581567.0,290252086.0,0.926,0.17
002319,乐通股份,10.51,10.51,0.0,9.55,9.55,10.51,9.16,15073575.0,149447876.0,10.052,0.96
002320,海峡股份,6.29,6.29,6.3,6.31,6.29,6.37,6.23,27514485.0,173037156.0,-0.317,-0.02
002321,华英农业,1.82,1.82,1.83,1.86,1.86,1.86,1.79,28480900.0,51876613.0,-2.151,-0.04
002322,理工能科,9.97,9.96,9.97,10.08,10.02,10.16,9.86,5237687.0,52280492.0,-1.091,-0.11
002323,*ST雅博,1.27,1.27,1.28,1.29,1.29,1.29,1.21,53244218.0,66569728.0,-1.55,-0.02
002324,普利特,8.87,8.87,8.88,8.73,8.7,8.97,8.44,22977694.0,201303054.0,1.604,0.14
002326,永太科技,16.69,16.69,16.7,16.41,15.85,16.85,15.31,50032736.0,805645269.0,1.706,0.28
002327,富安娜,6.35,6.34,6.35,6.41,6.42,6.47,6.3,6068500.0,38655307.0,-0.936,-0.06
002328,新朋股份,6.29,6.29,6.3,6.25,6.27,6.31,5.86,38416483.0,235154874.0,0.64,0.04
002329,皇氏集团,3.13,3.13,3.14,3.17,3.15,3.19,2.85,56050270.0,168195501.0,-1.262,-0.04
002330,得利斯,3.61,3.6,3.61,3.71,3.71,3.71,3.54,17483794.0,62972483.0,-2.695,-0.1
002331,皖通科技,6.4,6.4,6.41,6.39,6.33,6.42,6.0,10945840.0,68387048.0,0.156,0.01
002332,仙琚制药,8.45,8.44,8.45,8.62,8.63,8.66,8.41,20364493.0,173447691.0,-1.972,-0.17
002333,罗普斯金,4.71,4.71,4.72,4.66,4.68,4.81,4.55,7661448.0,35759696.0,1.073,0.05
002334,英威腾,6.18,6.17,6.18,6.12,6.14,6.21,5.88,19930809.0,121045531.0,0.98,0.06
002335,科华数据,30.62,30.62,30.63,29.35,29.54,30.68,28.35,28411638.0,846928623.0,4.327,1.27
002337,赛象科技,4.19,4.19,4.2,4.26,4.25,4.27,4.03,14576974.0,60685549.0,-1.643,-0.07
002338,奥普光电,39.73,39.73,39.74,37.87,37.95,39.76,36.53,8709895.0,335813415.0,4.912,1.86
002339,积成电子,6.49,6.49,6.5,6.44,6.44,6.53,6.18,19984458.0,127406015.0,0.776,0.05
002340,格林美,6.51,6.51,6.52,6.32,6.28,6.53,6.27,157406931.0,1018334367.0,3.006,0.19
002342,巨力索具,7.13,7.13,7.14,6.86,6.94,7.14,6.23,110505913.0,745628352.0,3.936,0.27
002343,慈文传媒,4.49,4.49,4.5,4.55,4.51,4.62,4.26,18603530.0,82416650.0,-1.319,-0.06
002344,海宁皮城,3.64,3.63,3.64,3.68,3.68,3.7,3.6,12968704.0,47314213.0,-1.087,-0.04
002345,潮宏基,9.91,9.9,9.91,9.96,10.0,10.38,9.82,23696808.0,238600545.0,-0.502,-0.05
002346,柘中股份,17.44,17.44,17.48,17.25,17.56,17.62,15.83,10270880.0,172901714.0,1.101,0.19
002347,泰尔股份,5.16,5.15,5.16,5.1,5.08,5.2,4.82,16981504.0,85629340.0,1.176,0.06
002348,高乐股份,9.14,9.13,9.14,9.0,8.88,9.14,8.1,41837000.0,358376606.0,1.556,0.14
002349,精华制药,6.62,6.61,6.62,6.81,6.8,6.8,6.58,16516548.0,110055404.0,-2.79,-0.19
002350,北京科锐,13.63,13.63,13.64,13.5,12.82,13.73,12.15,27339250.0,350392917.0,0.963,0.13
002351,漫步者,10.2,10.19,10.2,10.27,10.11,10.51,10.11,16357970.0,168584877.0,-0.682,-0.07
002352,顺丰控股,33.87,33.87,33.88,33.98,33.83,34.66,33.67,32504419.0,1108855890.0,-0.324,-0.11
002353,杰瑞股份,126.01,126.01,126.05,114.77,116.0,126.25,105.0,38439752.0,4544158280.0,9.794,11.24
002354,天娱数科,6.6,6.59,6.6,6.44,6.35,6.6,5.84,328809069.0,2065324419.0,2.484,0.16
002355,兴民智通,4.16,4.15,4.16,4.13,4.13,4.17,3.92,19492246.0,79102278.0,0.726,0.03
002356,鹏飞绿能,2.49,2.48,2.49,2.52,2.52,2.54,2.4,22113000.0,54538067.0,-1.19,-0.03
002357,富临运业,8.38,8.38,8.39,8.45,8.49,8.53,8.01,11490389.0,94927011.0,-0.828,-0.07
002358,森源电气,5.09,5.09,5.1,5.07,5.07,5.11,4.9,21278861.0,106686653.0,0.394,0.02
002360,ST同德,4.7,4.7,4.71,5.07,5.0,5.0,4.56,8561200.0,40684487.0,-7.298,-0.37
002361,神剑股份,9.4,9.4,9.41,8.95,8.96,9.4,8.07,99741052.0,876661000.0,5.028,0.45
002362,汉王科技,14.32,14.32,14.34,14.11,14.35,14.39,13.72,4181528.0,58883901.0,1.488,0.21
002363,隆基机械,5.9,5.89,5.9,5.98,5.98,6.02,5.73,8565602.0,50260459.0,-1.338,-0.08
002364,中恒电气,39.99,39.99,40.0,37.77,37.9,40.26,33.99,54891552.0,2055280838.0,5.878,2.22
002365,永安药业,12.17,12.16,12.17,12.25,12.18,12.4,11.63,41684507.0,499186016.0,-0.653,-0.08
002366,融发核电,5.18,5.17,5.18,5.31,5.25,5.26,5.05,52081237.0,267699267.0,-2.448,-0.13
002367,康力电梯,5.13,5.13,5.14,5.21,5.22,5.25,4.95,23430502.0,118812908.0,-1.536,-0.08
002368,太极股份,13.87,13.87,13.88,13.38,13.28,13.9,13.16,13232369.0,179032584.0,3.662,0.49
002369,卓翼科技,5.03,5.03,5.04,4.96,4.91,5.06,4.7,24497700.0,120171893.0,1.411,0.07
002370,亚太药业,4.75,4.75,4.76,4.89,4.9,4.94,4.41,33510382.0,155949260.0,-2.863,-0.14
002371,北方华创,744.6,744.6,0.0,676.91,699.0,744.6,678.43,14837581.0,10585799784.0,10.0,67.69
002372,伟星新材,8.06,8.06,8.07,8.27,8.27,8.46,8.04,24197836.0,199205437.0,-2.539,-0.21
002373,千方科技,7.47,7.47,7.48,7.38,7.33,7.58,7.32,29543118.0,220673496.0,1.22,0.09
002374,中锐股份,2.73,2.73,2.74,2.63,2.62,2.76,2.48,27661840.0,72471616.0,3.802,0.1
002375,亚厦股份,3.36,3.35,3.36,3.37,3.37,3.38,3.28,21358437.0,71051318.0,-0.297,-0.01
002376,新北洋,6.04,6.03,6.04,6.0,5.98,6.07,5.9,12864348.0,77243207.0,0.667,0.04
002377,国创高新,2.5,2.5,2.51,2.6,2.58,2.59,2.42,36470250.0,90587344.0,-3.846,-0.1
002378,章源钨业,22.97,22.97,22.98,21.63,22.06,23.04,20.21,52895914.0,1157393917.0,6.195,1.34
002379,宏桥控股,18.04,18.03,18.04,18.8,18.52,18.64,17.37,80343503.0,1446424257.0,-4.043,-0.76
002380,科远智慧,28.51,28.51,28.52,27.12,27.2,28.53,26.09,9432200.0,257872949.0,5.125,1.39
002381,双箭股份,5.02,5.0,5.02,5.16,5.15,5.16,4.91,8521952.0,42707509.0,-2.713,-0.14
002382,蓝帆医疗,5.54,5.53,5.54,5.68,5.6,5.65,5.31,34842802.0,190586226.0,-2.465,-0.14
002383,合众思壮,6.46,6.46,6.47,6.41,6.42,6.51,6.18,11349730.0,72595635.0,0.78,0.05
002384,东山精密,231.0,230.99,231.0,217.73,217.73,237.65,195.96,152657954.0,32705698955.0,6.095,13.27
002385,大北农,2.99,2.99,3.0,3.03,3.02,3.05,2.97,78246476.0,235205139.0,-1.32,-0.04
002386,天原股份,5.69,5.68,5.69,5.64,5.63,5.69,5.47,19805445.0,110665817.0,0.887,0.05
002387,维信诺,6.28,6.28,6.29,6.12,6.13,6.32,5.89,17837088.0,109208431.0,2.614,0.16
002388,新亚制程,3.87,3.87,3.88,3.7,3.78,3.9,3.51,39819280.0,148812101.0,4.595,0.17
002389,航天彩虹,17.67,17.67,17.68,17.56,17.35,17.85,17.33,21119044.0,372150595.0,0.626,0.11
002390,信邦制药,2.96,2.95,2.96,3.04,3.03,3.04,2.94,37741210.0,112272494.0,-2.632,-0.08
002391,长青股份,5.03,5.02,5.03,5.05,5.06,5.15,4.95,10341340.0,51927322.0,-0.396,-0.02
002392,北京利尔,6.95,6.95,6.96,6.68,6.75,6.99,6.47,24554710.0,166308522.0,4.042,0.27
002393,力生制药,14.2,14.19,14.2,14.64,14.5,14.62,14.13,4850726.0,69277116.0,-3.005,-0.44
002394,联发股份,7.97,7.97,7.98,8.11,7.99,8.1,7.6,8832405.0,69251674.0,-1.726,-0.14
002395,双象股份,11.45,11.44,11.45,11.54,11.53,11.63,11.02,4496498.0,51121317.0,-0.78,-0.09
002396,星网锐捷,31.61,31.61,0.0,28.74,27.96,31.61,27.54,217413848.0,6550440679.0,9.986,2.87
002397,梦洁股份,3.27,3.27,3.28,3.32,3.29,3.31,3.03,25734700.0,82072628.0,-1.506,-0.05
002398,垒知集团,3.71,3.71,3.72,3.72,3.73,3.75,3.62,14766616.0,54468683.0,-0.269,-0.01
002399,海普瑞,9.66,9.65,9.66,9.89,9.89,9.98,9.55,6413898.0,62167944.0,-2.326,-0.23
002400,省广集团,6.03,6.03,6.04,5.87,5.86,6.06,5.78,82638684.0,492108825.0,2.726,0.16
002401,中远海科,11.54,11.52,11.54,11.48,11.43,11.62,11.26,4434493.0,50683029.0,0.523,0.06
002402,和而泰,20.57,20.57,20.58,19.86,20.14,20.69,18.92,45908696.0,918431914.0,3.575,0.71
002403,爱仕达,8.13,8.12,8.13,8.29,8.36,8.38,7.67,10853200.0,87090174.0,-1.93,-0.16
002404,嘉欣丝绸,5.52,5.51,5.52,5.7,5.7,5.72,5.4,17263814.0,94890715.0,-3.158,-0.18
002405,四维图新,6.27,6.27,6.28,6.14,6.11,6.33,6.1,62680320.0,391892636.0,2.117,0.13
002406,远东传动,6.3,6.3,6.31,6.25,6.26,6.31,6.1,16324502.0,101587488.0,0.8,0.05
002407,多氟多,30.13,30.13,30.14,28.12,28.2,30.18,25.49,163432974.0,4578649336.0,7.148,2.01
002408,齐翔腾达,4.78,4.78,4.79,4.83,4.77,4.86,4.76,35278105.0,169422703.0,-1.035,-0.05
002409,雅克科技,143.55,143.55,0.0,130.5,132.0,143.55,117.45,45699440.0,5945087623.0,10.0,13.05
002410,广联达,8.97,8.96,8.97,9.01,8.92,9.26,8.89,52579752.0,475942006.0,-0.444,-0.04
002412,汉森制药,6.1,6.1,6.11,6.29,6.24,6.24,5.87,25172368.0,152044375.0,-3.021,-0.19
002413,雷科防务,7.6,7.59,7.6,7.47,7.48,7.6,6.91,61653020.0,451440847.0,1.74,0.13
002414,高德红外,14.19,14.18,14.19,13.76,13.77,14.38,13.66,173416638.0,2431818102.0,3.125,0.43
002415,海康威视,35.11,35.11,35.12,34.28,34.59,35.26,33.5,130742284.0,4504066174.0,2.421,0.83
002416,爱施德,9.13,9.13,9.14,9.05,9.01,9.28,8.99,31651553.0,289078485.0,0.884,0.08
002418,康盛股份,3.17,3.16,3.17,3.12,3.11,3.17,2.86,52189500.0,158391206.0,1.603,0.05
002419,天虹股份,4.39,4.39,4.4,4.44,4.46,4.47,4.32,13595440.0,59613514.0,-1.126,-0.05
002420,毅昌科技,4.92,4.91,4.92,4.97,4.95,4.98,4.69,11109800.0,53998718.0,-1.006,-0.05
002421,达实智能,2.68,2.68,2.69,2.61,2.61,2.68,2.4,183599821.0,470316064.0,2.682,0.07
002422,科伦药业,47.36,47.35,47.36,47.8,46.66,47.93,44.96,46423783.0,2156000767.0,-0.921,-0.44
002423,中粮资本,9.22,9.22,9.23,9.16,9.16,9.59,9.13,42167291.0,395311504.0,0.655,0.06
002424,ST百灵,4.44,4.44,4.45,4.5,4.51,4.51,4.37,8410516.0,37212052.0,-1.333,-0.06
002425,凯撒文化,2.56,2.56,2.57,2.57,2.55,2.58,2.4,32117600.0,80245552.0,-0.389,-0.01
002426,胜利精密,2.49,2.48,2.49,2.38,2.39,2.49,2.18,162386356.0,379437815.0,4.622,0.11
002427,尤夫股份,3.94,3.94,3.95,4.0,4.01,4.02,3.8,15249880.0,59642124.0,-1.5,-0.06
002428,云南锗业,73.98,73.97,73.98,67.55,68.76,73.98,60.8,78664515.0,5280938216.0,9.519,6.43
002429,兆驰股份,8.04,8.04,8.05,7.55,7.62,8.05,7.15,116625386.0,892766562.0,6.49,0.49
002430,杭氧股份,23.19,23.18,23.19,22.48,22.54,23.25,22.2,17683050.0,402358844.0,3.158,0.71
002431,ST棕榈,1.24,1.24,1.25,1.29,1.28,1.29,1.2,27253579.0,33797161.0,-3.876,-0.05
002432,九安医疗,79.75,79.75,0.0,72.5,75.05,79.75,73.27,60442247.0,4717447618.0,10.0,7.25
002434,万里扬,5.39,5.38,5.39,5.34,5.34,5.41,5.23,17445898.0,93267435.0,0.936,0.05
002436,兴森科技,32.68,32.68,32.69,30.65,30.56,33.06,27.59,183537530.0,5511238374.0,6.623,2.03
002437,誉衡药业,2.83,2.83,2.84,2.89,2.88,2.89,2.76,90143941.0,253693202.0,-2.076,-0.06
002438,江苏神通,12.24,12.24,12.25,12.06,12.06,12.24,11.5,10082093.0,120172264.0,1.493,0.18
002439,启明星辰,13.6,13.6,13.61,13.52,13.41,13.67,13.21,41187096.0,554303101.0,0.592,0.08
002440,闰土股份,12.29,12.28,12.29,11.78,12.01,12.95,11.95,132851042.0,1630235866.0,4.329,0.51
002441,众业达,7.66,7.66,7.67,7.6,7.6,7.73,7.46,5671757.0,43034973.0,0.789,0.06
002442,龙星科技,4.41,4.4,4.41,4.41,4.42,4.45,4.12,15382210.0,66134649.0,0.0,0.0
002443,金洲管道,8.18,8.17,8.18,7.86,7.9,8.23,7.16,28678824.0,220914757.0,4.071,0.32
002444,巨星科技,29.73,29.72,29.73,29.33,29.04,30.77,28.99,16143364.0,485034169.0,1.364,0.4
002445,中南文化,2.7,2.7,2.71,2.7,2.69,2.71,2.58,57888645.0,153771827.0,0.0,0.0
002446,盛路通信,7.56,7.56,7.57,7.34,7.35,7.58,6.76,41633570.0,301342066.0,2.997,0.22
002448,中原内配,10.82,10.82,0.0,9.84,9.9,10.82,9.63,37401310.0,381957403.0,9.959,0.98
002449,国星光电,6.12,6.12,6.13,5.99,6.0,6.13,5.8,10994030.0,65847610.0,2.17,0.13
002451,摩恩电气,6.35,6.35,6.36,6.32,6.36,6.44,6.02,12631812.0,78831898.0,0.475,0.03
002452,长高电气,10.5,10.49,10.5,10.19,10.28,10.61,10.1,21651232.0,224266306.0,3.042,0.31
002453,华软科技,3.79,3.79,3.8,3.75,3.75,3.81,3.47,19484557.0,71327662.0,1.067,0.04
002454,松芝股份,4.53,4.53,4.54,4.58,4.58,4.6,4.42,13299984.0,60117832.0,-1.092,-0.05
002455,百川股份,5.96,5.96,5.97,6.01,6.01,6.06,5.56,45461966.0,265583894.0,-0.832,-0.05
002456,欧菲光,7.15,7.15,7.16,7.0,7.01,7.24,6.91,124517198.0,885927828.0,2.143,0.15
002457,青龙管业,10.06,10.06,10.07,10.05,10.0,10.14,9.38,33950398.0,331760461.0,0.1,0.01
002458,益生股份,8.72,8.71,8.72,8.54,8.47,8.72,8.4,44591468.0,381608284.0,2.108,0.18
002459,晶澳科技,7.11,7.1,7.11,7.06,7.04,7.13,6.97,39614428.0,279128389.0,0.708,0.05
002460,赣锋锂业,47.69,47.69,47.7,46.11,45.85,47.81,45.19,50737111.0,2375640911.0,3.427,1.58
002461,珠江啤酒,8.36,8.36,8.37,8.42,8.42,8.65,8.33,12546188.0,106409919.0,-0.713,-0.06
002462,嘉事堂,11.38,11.38,11.39,11.64,11.57,11.63,11.28,6002707.0,68534313.0,-2.234,-0.26
002463,沪电股份,122.6,122.6,122.61,115.02,115.27,123.33,104.2,98100743.0,11315658418.0,6.59,7.58
002465,海格通信,9.81,9.8,9.81,9.54,9.6,9.82,9.26,73499989.0,706649252.0,2.83,0.27
002466,天齐锂业,43.69,43.69,43.7,42.29,40.99,43.78,40.44,75271423.0,3195881250.0,3.31,1.4
002467,二六三,4.29,4.29,4.3,4.26,4.23,4.32,4.02,60177156.0,252905347.0,0.704,0.03
002468,申通快递,14.03,14.03,14.04,13.86,13.85,14.05,13.61,34151328.0,475024254.0,1.227,0.17
002469,三维化学,5.54,5.53,5.54,5.65,5.62,5.65,5.45,7648500.0,42290376.0,-1.947,-0.11
002470,金正大,1.8,1.8,1.81,1.81,1.79,1.82,1.72,114228843.0,202362635.0,-0.552,-0.01
002471,中超控股,4.86,4.86,4.87,4.75,4.74,4.88,4.46,64948823.0,305797138.0,2.316,0.11
002472,双环传动,37.67,37.66,37.67,36.21,36.44,37.8,36.2,33473046.0,1242320675.0,4.032,1.46
002474,榕基软件,5.64,5.63,5.64,5.61,5.55,5.66,5.34,21605662.0,119356687.0,0.535,0.03
002475,立讯精密,60.42,60.41,60.42,56.8,57.29,60.78,56.6,157939674.0,9326953423.0,6.373,3.62
002476,新叶股份,4.2,4.2,4.21,4.24,4.25,4.29,4.01,14057298.0,58240931.0,-0.943,-0.04
002478,常宝股份,5.71,5.71,5.72,5.71,5.71,5.81,5.53,22343933.0,126447085.0,0.0,0.0
002479,富春环保,5.04,5.03,5.04,5.22,5.15,5.17,4.9,34393101.0,171988248.0,-3.448,-0.18
002480,新筑股份,5.05,5.05,5.06,5.14,5.17,5.19,4.91,15772500.0,79338507.0,-1.751,-0.09
002481,双塔食品,4.08,4.08,4.09,4.19,4.19,4.2,4.04,18065100.0,74357413.0,-2.625,-0.11
002482,广田集团,1.2,1.19,1.2,1.21,1.2,1.21,1.17,57178403.0,68069744.0,-0.826,-0.01
002483,润邦股份,4.95,4.95,4.96,5.02,5.01,5.05,4.9,12101076.0,60154680.0,-1.394,-0.07
002484,江海股份,72.55,72.55,0.0,65.95,66.0,72.55,60.83,57273814.0,3817943087.0,10.008,6.6
002485,ST雪发,5.28,5.27,5.28,5.17,5.16,5.3,4.84,5541870.0,28168698.0,2.128,0.11
002486,嘉麟杰,2.1,2.1,2.11,2.14,2.13,2.14,1.99,40182509.0,82787735.0,-1.869,-0.04
002487,大金重工,38.36,38.35,38.37,36.61,37.72,38.38,35.9,25040424.0,933749121.0,4.78,1.75
002488,金固股份,9.09,9.09,9.1,8.84,8.87,9.17,8.65,36211109.0,323447468.0,2.828,0.25
002489,浙江永强,2.62,2.61,2.62,2.65,2.65,2.67,2.59,23537935.0,61668294.0,-1.132,-0.03
002490,山东墨龙,7.33,7.33,7.34,7.8,7.39,7.45,7.04,84083802.0,605583271.0,-6.026,-0.47
002491,通鼎互联,17.23,17.22,17.23,16.87,17.05,17.35,15.18,220113768.0,3572070719.0,2.134,0.36
002492,恒基达鑫,4.84,4.83,4.84,4.91,4.88,4.93,4.52,15383451.0,73047815.0,-1.426,-0.07
002493,荣盛石化,11.47,11.47,11.48,11.66,11.46,11.67,11.25,69339881.0,793764504.0,-1.63,-0.19
002494,华斯股份,4.18,4.18,4.19,4.31,4.28,4.35,3.98,23512128.0,97507921.0,-3.016,-0.13
002495,佳隆股份,2.07,2.06,2.07,2.09,2.1,2.11,1.99,34176847.0,69718981.0,-0.957,-0.02
002496,辉丰股份,1.86,1.85,1.86,1.88,1.86,1.89,1.75,26766320.0,48876842.0,-1.064,-0.02
002497,雅化集团,16.91,16.91,16.92,16.29,16.0,17.04,15.87,58224942.0,964457788.0,3.806,0.62
002498,汉缆股份,5.44,5.43,5.44,5.33,5.35,5.44,5.03,83820298.0,442275408.0,2.064,0.11
002500,山西证券,5.4,5.4,5.41,5.39,5.37,5.49,5.36,36143270.0,195975243.0,0.186,0.01
002501,*ST利源,1.23,1.22,1.23,1.24,1.24,1.24,1.19,26711700.0,32400695.0,-0.806,-0.01
002506,协鑫集成,2.41,2.4,2.41,2.34,2.33,2.42,2.27,294573155.0,693950350.0,2.991,0.07
002507,涪陵榨菜,11.68,11.68,11.69,11.69,11.61,11.97,11.61,19379410.0,229000057.0,-0.086,-0.01
002508,老板电器,15.47,15.46,15.47,15.61,15.6,15.91,15.36,11619169.0,182056639.0,-0.897,-0.14
002510,天汽模,5.24,5.23,5.24,5.17,5.17,5.24,5.06,19178330.0,99320520.0,1.354,0.07
002511,中顺洁柔,7.13,7.13,7.14,7.22,7.2,7.31,7.11,20555681.0,148735246.0,-1.247,-0.09
002512,ST达华,3.08,3.08,3.09,3.23,3.15,3.2,2.91,41567335.0,126121021.0,-4.644,-0.15
002513,蓝丰生化,4.39,4.38,4.39,4.43,4.39,4.47,3.99,15684000.0,67154236.0,-0.903,-0.04
002514,*ST宝馨,1.47,1.46,1.47,1.56,1.51,1.54,1.4,52815417.0,76457485.0,-5.769,-0.09
002515,金字火腿,7.44,7.43,7.44,7.06,7.1,7.46,6.45,125038234.0,875235201.0,5.382,0.38
002516,旷达科技,5.25,5.24,5.25,5.12,5.11,5.26,5.01,20722424.0,106888129.0,2.539,0.13
002517,恺英网络,16.81,16.81,16.82,16.69,16.57,17.3,16.37,99431907.0,1669801194.0,0.719,0.12
002518,科士达,33.78,33.77,33.78,31.89,32.03,33.94,30.0,19077526.0,616039974.0,5.927,1.89
002519,银河电子,4.88,4.88,4.89,4.8,4.81,4.88,4.48,48254298.0,227940821.0,1.667,0.08
002520,日发精机,5.24,5.23,5.24,5.13,5.16,5.25,4.8,44545373.0,225340566.0,2.144,0.11
002521,齐峰新材,6.47,6.46,6.47,6.55,6.51,6.59,6.41,5288503.0,34237110.0,-1.221,-0.08
002522,浙江众成,4.57,4.56,4.57,4.47,4.49,4.58,4.19,40848994.0,179587235.0,2.237,0.1
002523,天桥起重,3.23,3.23,3.24,3.2,3.18,3.23,3.09,33523183.0,106041614.0,0.937,0.03
002524,光正眼科,3.4,3.39,3.4,3.48,3.48,3.48,3.22,22680802.0,75763998.0,-2.299,-0.08
002526,山东矿机,2.51,2.51,2.52,2.48,2.48,2.52,2.44,25222537.0,62573482.0,1.21,0.03
002527,新时达,10.07,10.06,10.07,9.86,9.9,10.08,9.38,12702246.0,124680998.0,2.13,0.21
002528,*ST英飞,4.32,4.31,4.32,4.45,4.39,4.44,4.18,9897558.0,42612036.0,-2.921,-0.13
002529,海源复材,5.87,5.87,5.88,6.06,6.0,6.08,5.55,8661000.0,49971100.0,-3.135,-0.19
002530,金财互联,6.68,6.67,6.68,6.6,6.6,6.71,6.5,16214070.0,107406059.0,1.212,0.08
002531,天顺风能,6.07,6.07,6.08,6.04,6.0,6.08,5.8,63610538.0,379984331.0,0.497,0.03
002532,天山铝业,12.21,12.21,12.22,12.5,12.36,12.53,11.94,152649864.0,1862247579.0,-2.32,-0.29
002533,金杯电工,10.58,10.57,10.58,10.43,10.45,10.58,10.37,9921054.0,103920043.0,1.438,0.15
002534,西子洁能,13.36,13.36,13.37,13.27,13.3,13.55,12.16,26016902.0,335972497.0,0.678,0.09
002535,林州重机,2.11,2.11,2.12,2.16,2.16,2.17,2.01,26375380.0,55212278.0,-2.315,-0.05
002536,飞龙股份,47.06,47.06,47.08,44.29,44.14,47.5,39.86,63736397.0,2755920836.0,6.254,2.77
002537,海联金汇,5.7,5.7,5.71,5.37,5.4,5.91,5.38,73399361.0,416092938.0,6.145,0.33
002538,ST司特,6.01,6.0,6.01,5.97,5.97,6.08,5.89,9433925.0,56375751.0,0.67,0.04
002539,云图控股,9.99,9.99,10.0,9.77,9.76,10.31,9.7,30356594.0,306149528.0,2.252,0.22
002540,亚太科技,4.67,4.67,4.68,4.71,4.72,4.79,4.66,12978551.0,61076323.0,-0.849,-0.04
002541,鸿路钢构,22.02,22.01,22.02,22.2,21.82,22.75,21.25,19690747.0,432758159.0,-0.811,-0.18
002542,*ST中岩,1.54,1.53,1.54,1.45,1.45,1.59,1.42,106430748.0,159815811.0,6.207,0.09
002543,万和电气,6.42,6.41,6.42,6.55,6.55,6.64,6.4,6585517.0,42844486.0,-1.985,-0.13
002544,普天科技,15.34,15.33,15.34,15.13,15.1,15.54,14.51,18395637.0,278123714.0,1.388,0.21
002545,东方铁塔,16.48,16.48,16.5,16.0,16.03,17.04,15.99,29966886.0,495922592.0,3.0,0.48
002546,新联电子,7.69,7.68,7.69,7.49,7.41,7.69,7.15,33873601.0,254805019.0,2.67,0.2
002547,*ST春兴,1.83,1.82,1.83,2.02,1.95,1.99,1.82,68810821.0,127846461.0,-9.406,-0.19
002548,金新农,4.0,4.0,4.01,4.03,4.02,4.06,3.84,35278426.0,138931014.0,-0.744,-0.03
002549,凯美特气,13.16,13.15,13.16,12.68,12.68,13.16,11.97,43946917.0,556431758.0,3.785,0.48
002550,千红制药,6.76,6.76,6.77,6.84,6.8,6.89,6.67,28118101.0,190115005.0,-1.17,-0.08
002551,尚荣医疗,2.78,2.78,2.79,2.85,2.85,2.86,2.72,18509650.0,51367150.0,-2.456,-0.07
002552,宝鼎科技,44.2,44.19,44.2,43.95,42.4,45.26,39.56,25175300.0,1060521934.0,0.569,0.25
002553,南方精工,14.27,14.27,14.28,14.26,14.3,14.46,13.69,8360119.0,118095494.0,0.07,0.01
002554,惠博普,2.74,2.74,2.75,2.82,2.79,2.79,2.67,28773200.0,78362082.0,-2.837,-0.08
002555,三七互娱,19.3,19.3,19.31,19.02,18.78,19.62,18.78,74895352.0,1439040675.0,1.472,0.28
002556,辉隆股份,4.64,4.63,4.64,4.67,4.67,4.71,4.6,9076436.0,42205429.0,-0.642,-0.03
002557,洽洽食品,19.6,19.6,19.61,19.9,19.8,20.16,19.49,9006835.0,178289663.0,-1.508,-0.3
002558,巨人网络,29.87,29.86,29.87,29.98,29.49,30.99,28.7,147363343.0,4387703556.0,-0.367,-0.11
002559,亚威股份,9.35,9.34,9.35,8.95,9.06,9.35,8.32,54196990.0,483586658.0,4.469,0.4
002560,通达股份,5.56,5.56,5.57,5.48,5.48,5.56,5.1,43228883.0,232452519.0,1.46,0.08
002561,徐家汇,6.31,6.31,6.32,6.45,6.44,6.44,6.27,6057942.0,38311292.0,-2.171,-0.14
002562,兄弟科技,4.31,4.31,4.32,4.25,4.26,4.32,4.14,22876891.0,96952947.0,1.412,0.06
002563,森马服饰,5.5,5.49,5.5,5.61,5.59,5.69,5.47,27402043.0,152952037.0,-1.961,-0.11
002564,天沃科技,4.08,4.07,4.08,4.04,4.09,4.12,3.93,17961700.0,72230571.0,0.99,0.04
002565,顺灏股份,8.77,8.77,8.78,8.55,8.56,8.8,7.75,66272053.0,552243846.0,2.573,0.22
002566,益盛药业,5.98,5.97,5.98,6.19,6.2,6.24,5.76,12108600.0,72238535.0,-3.393,-0.21
002567,唐人神,3.58,3.58,3.59,3.73,3.7,3.73,3.56,30095687.0,108954369.0,-4.021,-0.15
002568,百润股份,18.35,18.34,18.35,18.5,18.25,19.1,18.17,21503330.0,398380218.0,-0.811,-0.15
002569,*ST步森,12.93,12.92,12.93,13.1,13.12,13.3,12.2,1443400.0,18253079.0,-1.298,-0.17
002570,贝因美,4.08,4.08,4.09,4.14,4.1,4.15,4.03,25629667.0,104442165.0,-1.449,-0.06
002571,德力股份,9.88,9.87,9.88,9.96,10.01,10.02,9.22,8271800.0,80074328.0,-0.803,-0.08
002572,索菲亚,8.08,8.08,8.09,8.21,8.21,8.49,8.06,16823299.0,139326170.0,-1.583,-0.13
002573,清新环境,3.12,3.11,3.12,3.18,3.18,3.2,3.1,9473100.0,29735545.0,-1.887,-0.06
002574,明牌珠宝,4.11,4.11,4.12,4.18,4.17,4.18,3.98,12462565.0,50714331.0,-1.675,-0.07
002575,群兴玩具,4.39,4.39,4.4,4.39,4.39,4.42,4.05,25419548.0,108473378.0,0.0,0.0
002576,通达动力,13.03,13.02,13.03,12.97,12.93,13.14,12.33,4888001.0,62400681.0,0.463,0.06
002577,雷柏科技,16.37,16.37,16.38,16.61,16.65,17.13,15.85,7035736.0,115202397.0,-1.445,-0.24
002578,闽发铝业,2.8,2.79,2.8,2.8,2.8,2.81,2.65,33182500.0,91042676.0,0.0,0.0
002579,中京电子,11.87,11.87,11.88,11.09,10.91,12.04,9.98,109942400.0,1207600604.0,7.033,0.78
002580,圣阳股份,15.49,15.49,15.5,14.75,14.96,15.5,13.6,41558201.0,611468436.0,5.017,0.74
002581,*ST未名,3.34,3.33,3.34,3.35,3.32,3.5,3.26,6889400.0,23208192.0,-0.299,-0.01
002582,好想你,8.83,8.83,8.84,9.1,9.01,9.03,8.63,28790800.0,253183195.0,-2.967,-0.27
002583,海能达,7.99,7.98,7.99,7.77,7.8,7.99,7.71,25621200.0,201500625.0,2.831,0.22
002584,西陇科学,7.06,7.06,7.07,6.91,6.91,7.07,6.23,66258905.0,446081017.0,2.171,0.15
002585,双星新材,8.09,8.09,8.1,7.53,7.52,8.09,6.79,83200061.0,624471676.0,7.437,0.56
002586,ST围海,3.45,3.44,3.45,3.39,3.4,3.46,3.32,3069452.0,10441729.0,1.77,0.06
002587,奥拓电子,5.18,5.17,5.18,5.05,5.09,5.18,4.84,23022100.0,116093060.0,2.574,0.13
002588,史丹利,8.57,8.57,8.58,8.63,8.54,8.74,8.48,18398116.0,157999875.0,-0.695,-0.06
002589,瑞康医药,2.69,2.69,2.7,2.75,2.74,2.75,2.64,43112187.0,115318529.0,-2.182,-0.06
002590,万安科技,8.82,8.82,8.83,8.8,8.86,8.91,8.56,9625735.0,84442858.0,0.227,0.02
002591,恒大高新,5.44,5.42,5.44,5.42,5.41,5.45,4.95,21285650.0,111878823.0,0.369,0.02
002592,ST八菱,5.46,5.46,5.47,5.61,5.6,5.65,5.22,4017200.0,21673436.0,-2.674,-0.15
002593,日上集团,4.12,4.11,4.12,4.17,4.18,4.19,4.01,19433536.0,79533076.0,-1.199,-0.05
002594,比亚迪,94.3,94.3,94.31,93.92,93.93,96.8,93.35,67159285.0,6390715245.0,0.405,0.38
002595,豪迈科技,47.86,47.85,47.86,46.83,46.8,48.77,46.67,7740295.0,369542465.0,2.199,1.03
002596,海南瑞泽,2.7,2.7,2.71,2.72,2.72,2.73,2.53,32398600.0,85453769.0,-0.735,-0.02
002597,金禾实业,19.96,19.96,19.98,19.99,19.93,20.43,19.9,5397728.0,108699414.0,-0.15,-0.03
002598,ST章鼓,6.09,6.09,6.1,6.26,6.22,6.25,5.93,6597500.0,40137997.0,-2.716,-0.17
002599,盛通股份,5.96,5.95,5.96,6.07,6.02,6.16,5.69,32219956.0,190118268.0,-1.812,-0.11
002600,领益智造,12.35,12.35,12.36,11.55,11.57,12.44,11.02,189979612.0,2243672016.0,6.926,0.8
002601,龙佰集团,16.72,16.71,16.72,15.98,15.93,16.84,15.85,29914779.0,495939440.0,4.631,0.74
002602,世纪华通,13.59,13.59,13.6,13.33,13.3,13.65,13.17,121372541.0,1634681234.0,1.95,0.26
002603,以岭药业,17.25,17.25,17.26,17.6,17.41,17.79,17.03,46894724.0,812747055.0,-1.989,-0.35
002605,姚记科技,18.45,18.44,18.45,18.24,18.18,18.7,17.99,12442844.0,228578902.0,1.151,0.21
002606,大连电瓷,13.15,13.15,13.16,12.84,12.8,13.2,11.98,34647621.0,433947616.0,2.414,0.31
002607,中公教育,1.77,1.76,1.77,1.78,1.78,1.79,1.67,192820636.0,333737267.0,-0.562,-0.01
002608,江苏国信,7.26,7.26,7.27,7.48,7.4,7.4,7.14,54276538.0,393651246.0,-2.941,-0.22
002609,捷顺科技,7.35,7.34,7.35,7.32,7.27,7.4,7.18,7907435.0,57567141.0,0.41,0.03
002611,东方精工,14.39,14.39,14.4,13.9,13.89,14.49,13.56,30162361.0,426274516.0,3.525,0.49
002612,朗姿股份,11.64,11.63,11.64,11.88,11.82,12.04,11.56,6037007.0,71017507.0,-2.02,-0.24
002613,北玻股份,3.05,3.05,3.06,3.03,3.04,3.07,2.9,35194774.0,105570223.0,0.66,0.02
002614,奥佳华,4.53,4.52,4.53,4.59,4.58,4.62,4.5,9779310.0,44477304.0,-1.307,-0.06
002615,哈尔斯,6.29,6.29,6.3,6.41,6.44,6.48,6.12,14762901.0,92472539.0,-1.872,-0.12
002616,长青集团,4.66,4.66,4.67,4.74,4.73,4.75,4.62,14361914.0,66972756.0,-1.688,-0.08
002617,露笑科技,6.1,6.1,6.11,5.74,5.76,6.11,5.71,159989685.0,946529555.0,6.272,0.36
002620,*ST瑞和,4.11,4.11,4.12,4.32,4.3,4.31,3.89,15148600.0,61210287.0,-4.861,-0.21
002622,皓宸医疗,2.02,2.01,2.02,2.06,2.06,2.07,1.85,42397123.0,82975359.0,-1.942,-0.04
002623,亚玛顿,13.4,13.4,13.41,13.25,13.45,13.45,12.52,6122500.0,79894707.0,1.132,0.15
002624,完美世界,10.75,10.74,10.75,10.58,10.5,10.82,10.43,63058689.0,671404058.0,1.607,0.17
002625,光启技术,27.31,27.31,27.32,27.07,26.96,27.47,26.67,30461078.0,827270758.0,0.887,0.24
002626,金达威,13.87,13.87,13.88,13.99,14.0,14.23,13.75,6951512.0,96865137.0,-0.858,-0.12
002627,三峡旅游,5.64,5.63,5.64,5.58,5.6,5.64,5.48,13561663.0,75489146.0,1.075,0.06
002628,成都路桥,4.55,4.55,4.56,4.74,4.85,4.85,4.32,39794784.0,178757528.0,-4.008,-0.19
002629,仁智股份,4.02,4.02,4.04,4.24,4.1,4.18,3.82,26968200.0,106967022.0,-5.189,-0.22
002630,*ST华西,1.74,1.74,1.75,1.71,1.71,1.79,1.69,12795500.0,22207280.0,1.754,0.03
002631,德尔未来,6.43,6.42,6.43,6.62,6.56,6.61,5.96,49726803.0,309168578.0,-2.87,-0.19
002632,道明光学,8.58,0.0,8.58,9.53,8.58,8.58,8.58,11422700.0,98006766.0,-9.969,-0.95
002633,申科股份,12.88,12.88,12.89,12.86,12.83,12.97,11.7,5312169.0,66147681.0,0.156,0.02
002634,*ST棒杰,3.59,3.58,3.59,3.55,3.55,3.64,3.38,6222397.0,21882012.0,1.127,0.04
002635,安洁科技,13.58,13.58,13.59,12.7,12.89,13.58,12.05,43334476.0,555476622.0,6.929,0.88
002636,金安国纪,72.39,72.39,72.4,72.54,68.8,73.88,65.29,84768149.0,5859824022.0,-0.207,-0.15
002637,赞宇科技,9.36,9.36,9.37,9.63,9.71,9.71,9.01,12988201.0,120985835.0,-2.804,-0.27
002638,勤上股份,3.44,3.43,3.44,3.26,3.25,3.49,3.0,42183044.0,137906923.0,5.521,0.18
002639,雪人集团,11.19,11.18,11.19,10.96,10.96,11.2,10.48,32280540.0,352877420.0,2.099,0.23
002640,跨境通,3.17,3.16,3.17,3.2,3.21,3.21,3.06,125750861.0,393337106.0,-0.938,-0.03
002641,公元股份,3.86,3.85,3.86,3.82,3.82,3.87,3.78,11606167.0,44454176.0,1.047,0.04
002642,荣联科技,7.32,7.32,7.33,7.55,7.39,7.52,7.05,35535306.0,258426582.0,-3.046,-0.23
002643,万润股份,13.5,13.5,13.51,13.06,13.11,13.67,12.32,39915889.0,523260098.0,3.369,0.44
002644,佛慈制药,7.65,7.64,7.65,7.74,7.8,7.8,7.41,7723950.0,58534366.0,-1.163,-0.09
002645,华宏科技,17.39,17.39,17.4,15.91,16.39,17.44,14.58,46465131.0,751521406.0,9.302,1.48
002646,天佑德酒,6.52,6.52,6.53,6.67,6.68,6.72,6.46,7488101.0,49048634.0,-2.249,-0.15
002647,仁东控股,8.52,8.52,8.56,8.41,8.46,8.73,7.87,33033400.0,277088903.0,1.308,0.11
002648,卫星化学,23.82,23.82,23.83,24.38,24.1,24.3,23.38,67783084.0,1612833104.0,-2.297,-0.56
002649,博彦科技,8.77,8.77,8.78,8.67,8.6,8.83,8.47,18414302.0,159613218.0,1.153,0.1
002650,ST加加,5.5,5.49,5.5,5.6,5.59,5.69,5.23,5190900.0,28343272.0,-1.786,-0.1
002651,利君股份,7.13,7.13,7.14,7.12,7.09,7.22,6.99,8379865.0,59614260.0,0.14,0.01
002652,扬子新材,3.37,3.37,3.38,3.34,3.38,3.39,3.01,37898480.0,121230348.0,0.898,0.03
002653,海思科,71.55,71.54,71.55,71.5,70.65,71.68,67.0,12864398.0,896692126.0,0.07,0.05
002654,万润科技,12.41,12.4,12.41,11.57,11.66,12.73,10.43,99458810.0,1157043526.0,7.26,0.84
002655,共达电声,27.4,27.4,27.41,25.71,25.66,27.42,23.14,43425203.0,1088985929.0,6.573,1.69
002656,摩登大道,2.56,2.55,2.56,2.7,2.63,2.68,2.44,21773945.0,55631947.0,-5.185,-0.14
002657,中科金财,14.01,14.01,14.02,13.67,13.66,14.01,12.92,14912309.0,202479869.0,2.487,0.34
002658,雪迪龙,7.03,7.02,7.03,6.97,7.0,7.06,6.69,6456800.0,44423624.0,0.861,0.06
002659,凯文教育,3.84,3.83,3.84,3.85,3.84,3.89,3.7,16662800.0,63299637.0,-0.26,-0.01
002660,茂硕电源,6.08,6.08,6.09,6.04,6.04,6.16,5.8,8849603.0,53080875.0,0.662,0.04
002661,克明食品,7.03,7.03,7.04,7.21,7.24,7.27,6.95,5482505.0,38692633.0,-2.497,-0.18
002662,峰璟股份,3.08,3.08,3.09,3.13,3.14,3.15,3.01,18764652.0,57704446.0,-1.597,-0.05
002663,普邦股份,1.43,1.42,1.43,1.46,1.46,1.46,1.36,48928954.0,68753855.0,-2.055,-0.03
002664,信质集团,15.13,15.13,15.14,14.93,14.96,15.29,14.5,7540767.0,112947160.0,1.34,0.2
002666,德联集团,3.8,3.8,3.81,3.82,3.83,3.85,3.68,17689367.0,66682680.0,-0.524,-0.02
002667,*ST威领,7.85,7.85,7.87,8.07,7.95,8.11,7.27,25112481.0,193133681.0,-2.726,-0.22
002668,TCL智家,10.02,10.01,10.02,10.15,10.16,10.26,9.97,17760644.0,179807322.0,-1.281,-0.13
002669,康达新材,11.44,11.44,0.0,10.4,10.41,11.44,9.89,23034279.0,247004058.0,10.0,1.04
002670,国盛证券,12.03,12.03,12.04,12.11,12.0,12.28,11.76,38025073.0,457192704.0,-0.661,-0.08
002671,龙泉股份,3.55,3.54,3.55,3.64,3.63,3.65,3.41,19837902.0,69616857.0,-2.473,-0.09
002672,东江环保,3.2,3.19,3.2,3.27,3.28,3.29,3.05,18410050.0,57944857.0,-2.141,-0.07
002673,西部证券,6.7,6.7,6.71,6.69,6.69,6.85,6.67,51760128.0,350145559.0,0.149,0.01
002674,兴业科技,19.99,19.98,19.99,20.93,18.84,21.77,18.84,33008004.0,645299206.0,-4.491,-0.94
002675,东诚药业,12.61,12.6,12.61,12.77,12.66,12.82,12.48,13385454.0,168912791.0,-1.253,-0.16
002676,顺威股份,4.65,4.65,4.66,4.61,4.6,4.69,4.48,15869590.0,72919404.0,0.868,0.04
002677,浙江美大,6.44,0.0,6.44,7.16,6.49,6.7,6.44,9320600.0,60381117.0,-10.056,-0.72
002678,珠江钢琴,3.92,3.92,3.93,3.96,3.92,3.95,3.72,14230170.0,54805820.0,-1.01,-0.04
002679,福建金森,7.69,7.68,7.69,7.87,7.9,7.91,7.35,6035203.0,45927267.0,-2.287,-0.18
002681,奋达科技,4.65,4.65,4.66,4.56,4.54,4.69,4.48,43118962.0,198500859.0,1.974,0.09
002682,龙洲股份,3.94,3.93,3.94,4.0,3.98,4.01,3.62,35248381.0,135241158.0,-1.5,-0.06
002683,广东宏大,26.38,26.37,26.38,25.43,25.43,26.42,25.42,13098865.0,343259697.0,3.736,0.95
002685,华东重机,4.96,4.96,4.97,4.9,4.91,4.99,4.57,43055678.0,207717910.0,1.224,0.06
002686,亿利达,5.25,5.24,5.25,5.2,5.2,5.28,4.94,13007000.0,66518518.0,0.962,0.05
002687,乔治白,5.09,5.08,5.09,4.96,4.91,5.09,4.5,29554406.0,141428002.0,2.621,0.13
002688,金河生物,4.93,4.92,4.93,5.01,4.99,5.02,4.84,11451400.0,56397564.0,-1.597,-0.08
002689,ST远智,2.51,2.51,2.52,2.62,2.63,2.64,2.46,13502506.0,34025919.0,-4.198,-0.11
002690,美亚光电,14.85,14.85,14.87,14.72,14.76,15.15,14.7,9032060.0,134859482.0,0.883,0.13
002691,*ST冀凯,3.42,3.41,3.42,3.48,3.45,3.49,3.15,5001650.0,16669846.0,-1.724,-0.06
002692,远程股份,3.49,3.49,3.5,3.54,3.52,3.54,3.33,20458200.0,70421467.0,-1.412,-0.05
002693,双成药业,8.62,8.62,8.63,8.8,8.74,8.8,7.92,31085068.0,259029438.0,-2.045,-0.18
002694,*ST顾地,1.75,1.74,1.75,1.83,1.81,1.86,1.65,9479300.0,16253862.0,-4.372,-0.08
002695,煌上煌,7.75,7.75,7.76,8.44,8.31,8.43,7.61,31200659.0,244602461.0,-8.175,-0.69
002696,百洋股份,4.79,4.79,4.8,4.93,4.93,4.98,4.61,14426306.0,68774177.0,-2.84,-0.14
002697,红旗连锁,4.57,4.57,4.58,4.6,4.6,4.65,4.53,21407869.0,98278969.0,-0.652,-0.03
002698,博实股份,12.51,12.51,12.52,12.07,12.01,12.57,12.0,19253158.0,237684075.0,3.645,0.44
002700,万憬能源,5.21,5.2,5.21,5.21,5.18,5.24,4.86,11816300.0,60032492.0,0.0,0.0
002701,奥瑞金,4.67,4.67,4.68,4.67,4.66,4.78,4.62,45565358.0,214366385.0,0.0,0.0
002702,海欣食品,4.12,4.12,4.13,4.21,4.19,4.2,3.94,23489780.0,95584725.0,-2.138,-0.09
002703,浙江世宝,12.08,12.07,12.08,11.84,11.95,12.08,11.31,26905126.0,316654631.0,2.027,0.24
002705,新宝股份,11.5,11.5,11.51,11.43,11.38,11.63,11.33,9024200.0,103969608.0,0.612,0.07
002706,良信股份,9.29,9.28,9.29,8.75,8.72,9.34,8.64,34515493.0,311203748.0,6.171,0.54
002707,众信旅游,4.82,4.82,4.83,4.85,4.82,4.88,4.78,19587746.0,94384828.0,-0.619,-0.03
002708,光洋股份,9.44,9.43,9.44,9.3,9.3,9.48,8.61,21984520.0,200526907.0,1.505,0.14
002709,天赐材料,36.09,36.09,36.1,33.41,33.79,36.14,33.2,91235313.0,3166012411.0,8.022,2.68
002712,思美传媒,4.19,4.18,4.19,4.22,4.21,4.25,3.97,21236520.0,87381905.0,-0.711,-0.03
002713,东易日盛,9.06,9.06,9.07,9.03,8.56,9.74,8.13,31726595.0,274657409.0,0.332,0.03
002714,牧原股份,39.42,39.42,39.43,40.61,40.02,40.87,39.13,76584357.0,3047510904.0,-2.93,-1.19
002715,登云股份,12.54,12.54,12.55,12.54,12.55,12.66,11.44,4993850.0,60719523.0,0.0,0.0
002716,湖南白银,7.33,7.32,7.33,6.86,6.92,7.34,6.73,156725216.0,1109016899.0,6.851,0.47
002717,*ST岭南,1.03,1.02,1.03,1.01,1.0,1.06,0.97,74247747.0,75628041.0,1.98,0.02
002718,友邦吊顶,87.0,86.94,87.0,87.5,82.82,87.09,78.75,3702087.0,302246301.0,-0.571,-0.5
002719,ST麦趣,5.04,5.03,5.04,5.15,5.17,5.24,4.71,6719400.0,33380009.0,-2.136,-0.11
002721,金一文化,2.27,2.26,2.27,2.25,2.26,2.28,2.2,43039800.0,96633267.0,0.889,0.02
002722,物产金轮,11.7,11.7,11.71,11.73,11.7,11.89,11.51,4407800.0,51551342.0,-0.256,-0.03
002723,小崧股份,6.48,0.0,6.48,7.2,6.5,6.92,6.48,17725611.0,115838666.0,-10.0,-0.72
002724,海洋王,4.82,4.82,4.83,4.8,4.8,4.85,4.72,7418642.0,35486009.0,0.417,0.02
002725,跃岭股份,10.01,10.01,10.02,9.79,9.74,10.06,9.12,8841148.0,85359422.0,2.247,0.22
002726,ST龙大,1.98,1.98,1.99,1.87,1.95,2.05,1.72,152866263.0,290825898.0,5.882,0.11
002727,一心堂,11.3,11.3,11.31,11.46,11.45,11.58,11.22,13388000.0,152840887.0,-1.396,-0.16
002728,特一药业,8.72,8.72,8.73,8.6,8.55,8.72,8.2,26384284.0,223667970.0,1.395,0.12
002729,好利科技,12.39,12.39,12.4,11.95,12.08,12.44,11.35,6351740.0,75563470.0,3.682,0.44
002730,电光科技,21.06,21.06,21.07,20.78,20.97,21.44,18.7,21988020.0,436783233.0,1.347,0.28
002731,*ST萃华,2.05,0.0,2.05,2.28,2.05,2.05,2.05,6345700.0,13008685.0,-10.088,-0.23
002732,燕塘乳业,12.35,12.35,12.36,12.66,12.74,12.79,12.2,3005500.0,37235786.0,-2.449,-0.31
002733,雄韬股份,18.52,18.52,18.53,17.58,17.59,18.6,16.18,22297435.0,392717324.0,5.347,0.94
002734,利民股份,12.77,12.77,12.78,12.99,12.98,12.99,11.7,26515813.0,327127207.0,-1.694,-0.22
002735,王子新材,9.87,9.87,9.88,9.5,9.51,9.87,8.7,28455280.0,266804156.0,3.895,0.37
002736,国信证券,10.3,10.3,10.31,10.31,10.34,10.45,10.22,42529086.0,438772727.0,-0.097,-0.01
002737,葵花药业,13.21,13.21,13.22,13.66,13.53,13.65,13.15,10764056.0,143623121.0,-3.294,-0.45
002738,中矿资源,45.02,45.01,45.02,44.1,43.6,45.3,42.31,36830794.0,1624143625.0,2.086,0.92
002739,儒意电影,9.19,9.19,9.2,9.08,9.0,9.58,8.88,160730275.0,1472819972.0,1.211,0.11
002741,光华科技,23.29,23.29,23.3,22.32,21.85,23.33,20.09,47437145.0,1027910541.0,4.346,0.97
002742,冀衡医药,3.31,3.31,3.32,3.4,3.44,3.44,3.18,11925500.0,39286695.0,-2.647,-0.09
002743,富煌钢构,3.34,3.34,3.35,3.44,3.43,3.44,3.15,18682800.0,61659318.0,-2.907,-0.1
002745,木林森,10.92,10.92,0.0,9.93,10.1,10.92,9.85,90751288.0,944682047.0,9.97,0.99
002746,仙坛股份,5.95,5.94,5.95,6.09,6.06,6.11,5.91,30253401.0,181339830.0,-2.299,-0.14
002747,埃斯顿,33.43,33.43,33.44,34.37,32.18,35.33,30.93,124992881.0,4061597633.0,-2.735,-0.94
002748,世龙实业,9.64,9.63,9.64,9.83,9.83,9.95,9.18,7128011.0,68096180.0,-1.933,-0.19
002749,国光股份,8.16,8.15,8.16,8.18,8.18,8.32,8.1,5148020.0,42208918.0,-0.244,-0.02
002752,昇兴股份,5.71,5.71,5.72,5.78,5.79,5.8,5.6,18492984.0,105261899.0,-1.211,-0.07
002753,永东股份,5.82,5.81,5.82,5.82,5.81,5.86,5.6,5261453.0,30224376.0,0.0,0.0
002755,奥赛康,13.38,13.38,13.39,13.41,13.36,13.55,12.96,16240470.0,215615300.0,-0.224,-0.03
002756,永兴材料,41.9,41.9,41.91,40.66,40.67,42.1,39.5,20115638.0,824268851.0,3.05,1.24
002757,南兴股份,15.33,15.33,15.34,15.11,15.11,15.38,13.85,15742905.0,232512101.0,1.456,0.22
002758,浙农股份,7.71,7.71,7.72,7.9,7.88,7.91,7.67,6424694.0,49904310.0,-2.405,-0.19
002759,ST天际,11.65,0.0,11.65,12.94,11.65,11.65,11.65,3480700.0,40550155.0,-9.969,-1.29
002760,凤形股份,15.16,15.16,15.2,15.36,15.13,15.53,13.82,12184201.0,179987978.0,-1.302,-0.2
002761,浙江建投,6.97,6.96,6.97,6.95,6.94,7.07,6.92,13774642.0,96413257.0,0.288,0.02
002762,金发拉比,6.85,6.85,6.89,6.94,6.88,7.06,6.51,3284647.0,22178340.0,-1.297,-0.09
002763,汇洁股份,6.68,6.67,6.68,6.83,6.85,6.85,6.54,10045703.0,66790402.0,-2.196,-0.15
002765,蓝黛科技,6.26,6.26,6.27,6.32,6.25,6.32,6.03,12806802.0,79437094.0,-0.949,-0.06
002766,索菱股份,3.6,3.6,3.61,3.84,3.61,3.69,3.46,51117300.0,181673890.0,-6.25,-0.24
002767,先锋电子,16.0,16.0,16.01,16.59,15.82,16.19,14.93,7076902.0,109336430.0,-3.556,-0.59
002768,国恩股份,46.9,46.87,46.9,45.68,44.88,47.15,41.11,22588919.0,994298163.0,2.671,1.22
002769,普路通,6.14,6.13,6.14,6.18,6.17,6.25,5.86,9893000.0,60015843.0,-0.647,-0.04
002771,真视通,11.43,11.43,11.44,11.33,11.28,11.43,10.44,12033716.0,132304141.0,0.883,0.1
002772,众兴菌业,9.57,9.57,9.58,9.72,9.72,9.75,9.2,21057733.0,199513371.0,-1.543,-0.15
002773,康弘药业,22.6,22.6,22.61,22.55,22.37,22.7,22.06,10613282.0,237360960.0,0.222,0.05
002774,快意电梯,15.24,15.23,15.24,14.59,14.59,15.36,13.13,17158700.0,245252711.0,4.455,0.65
002775,文科股份,3.04,3.04,3.05,3.13,3.2,3.21,2.91,18490120.0,55996327.0,-2.875,-0.09
002777,久远银海,12.54,12.53,12.54,12.33,12.35,12.64,12.25,8853398.0,110119425.0,1.703,0.21
002778,中晟高科,13.7,13.65,13.7,14.0,14.0,14.27,13.04,2802711.0,38121413.0,-2.143,-0.3
002779,中坚科技,59.58,59.58,59.6,58.78,58.39,60.03,55.66,3696598.0,215875156.0,1.361,0.8
002780,三夫户外,11.69,11.69,11.7,12.08,12.19,12.22,11.2,12071842.0,140161279.0,-3.228,-0.39
002782,可立克,14.13,14.13,14.14,13.52,13.72,14.17,12.47,17122799.0,230406090.0,4.512,0.61
002783,凯龙股份,7.0,7.0,7.01,6.95,6.98,7.05,6.84,6864256.0,47746563.0,0.719,0.05
002785,万里石,32.38,32.38,32.39,34.66,35.09,35.09,31.19,11008400.0,356736276.0,-6.578,-2.28
002786,银宝山新,7.33,7.33,7.34,7.68,7.66,7.7,6.93,19802169.0,143378259.0,-4.557,-0.35
002787,华源控股,21.56,21.55,21.56,20.77,20.6,21.58,18.69,26943269.0,541359738.0,3.804,0.79
002788,鹭燕医药,9.39,9.39,9.4,9.96,9.88,9.88,8.96,42404206.0,393669084.0,-5.723,-0.57
002789,*ST建艺,8.41,8.41,8.42,8.55,8.55,8.73,7.83,3724486.0,30709694.0,-1.637,-0.14
002790,瑞尔特,5.29,5.29,5.3,5.4,5.4,5.47,5.22,5641596.0,30022014.0,-2.037,-0.11
002791,坚朗五金,13.82,13.82,13.83,14.04,14.19,14.37,13.75,5199184.0,72811768.0,-1.567,-0.22
002792,通宇通讯,25.01,25.0,25.01,23.82,23.9,25.14,21.44,28504020.0,666914108.0,4.996,1.19
002793,罗欣药业,4.49,4.49,4.5,4.57,4.51,4.54,4.26,35248300.0,154934838.0,-1.751,-0.08
002795,永和智控,5.05,5.04,5.05,5.13,5.22,5.28,4.62,36121496.0,174717083.0,-1.559,-0.08
002796,世嘉科技,27.85,27.85,27.86,25.74,26.13,27.9,23.17,16403440.0,416552732.0,8.197,2.11
002797,第一创业,6.69,6.69,6.7,6.73,6.68,6.78,6.61,79349263.0,530909737.0,-0.594,-0.04
002798,帝欧水华,4.79,4.78,4.79,4.95,4.95,4.97,4.56,15585200.0,73757770.0,-3.232,-0.16
002799,环球印务,5.91,5.9,5.91,6.03,5.97,5.99,5.67,8848300.0,51569178.0,-1.99,-0.12
002800,天顺股份,11.45,11.45,11.47,11.49,11.62,11.65,10.35,6703441.0,74180869.0,-0.348,-0.04
002801,微光股份,26.31,26.3,26.31,25.75,25.83,26.32,25.11,1521300.0,39344222.0,2.175,0.56
002802,洪汇新材,10.15,10.15,10.16,10.27,10.28,10.46,9.7,4506763.0,45127655.0,-1.168,-0.12
002803,吉宏股份,19.51,19.5,19.51,18.3,18.62,19.58,17.6,15835171.0,296732912.0,6.612,1.21
002805,丰元股份,16.7,16.7,16.71,16.27,16.01,16.7,14.67,28762684.0,455194892.0,2.643,0.43
002806,华锋股份,12.45,12.44,12.45,12.46,12.62,12.87,11.21,16491200.0,195291669.0,-0.08,-0.01
002807,江阴银行,3.91,3.91,3.92,3.98,3.97,4.02,3.9,54454996.0,216084670.0,-1.759,-0.07
002809,红墙股份,6.96,6.95,6.96,7.16,7.09,7.15,6.55,11058534.0,76203121.0,-2.793,-0.2
002810,山东赫达,18.65,18.65,18.66,18.38,18.5,18.91,17.66,8205502.0,149801269.0,1.469,0.27
002811,郑中设计,9.4,9.39,9.4,9.47,9.43,9.6,8.75,8569911.0,78595488.0,-0.739,-0.07
002812,恩捷股份,50.01,50.01,50.02,48.0,48.41,50.19,47.11,24747896.0,1215227635.0,4.187,2.01
002813,路畅科技,18.09,18.08,18.1,18.15,17.95,18.38,17.42,2118800.0,37987477.0,-0.331,-0.06
002815,崇达技术,12.52,12.51,12.52,12.35,11.82,12.56,11.12,82544457.0,968620189.0,1.377,0.17
002816,*ST和科,21.78,21.77,21.78,23.7,21.33,23.33,21.33,5369698.0,116832910.0,-8.101,-1.92
002817,黄山胶囊,5.73,5.73,5.74,5.9,5.85,5.92,5.53,9458911.0,54183157.0,-2.881,-0.17
002818,富森美,10.61,10.61,10.62,10.67,10.68,10.82,10.6,4718010.0,50378152.0,-0.562,-0.06
002819,东方中科,19.04,19.02,19.04,18.82,18.84,19.14,18.22,3231300.0,60672831.0,1.169,0.22
002820,桂发祥,7.91,7.9,7.91,8.22,8.17,8.24,7.66,11202662.0,88478970.0,-3.771,-0.31
002821,凯莱英,169.5,169.5,169.51,162.51,161.65,170.0,158.5,13049842.0,2139627399.0,4.301,6.99
002822,ST中装,2.76,2.75,2.76,2.73,2.74,2.83,2.64,14571481.0,39916317.0,1.099,0.03
002823,凯中精密,12.23,12.23,12.24,12.07,12.05,12.31,11.46,8315923.0,99181931.0,1.326,0.16
002824,和胜股份,22.33,22.33,22.36,20.63,21.0,22.6,18.57,28887563.0,586483672.0,8.24,1.7
002825,纳尔股份,7.65,7.65,7.67,7.76,7.8,7.84,7.35,5104811.0,38692797.0,-1.418,-0.11
002826,易明医药,15.62,15.62,15.63,15.8,15.8,16.24,14.99,5482305.0,84963034.0,-1.139,-0.18
002827,高争民爆,23.75,23.75,23.76,23.75,23.75,24.21,23.36,4040894.0,96209323.0,0.0,0.0
002828,贝肯能源,11.66,11.65,11.66,11.79,11.55,11.84,10.78,26323873.0,298383710.0,-1.103,-0.13
002829,星网宇达,21.49,21.48,21.49,20.02,19.87,21.53,19.26,32012547.0,660122547.0,7.343,1.47
002830,名雕股份,11.45,11.45,11.46,11.42,11.31,11.46,10.28,9867607.0,106947794.0,0.263,0.03
002831,裕同科技,27.17,27.17,27.18,25.56,25.57,27.32,25.57,13838620.0,368157567.0,6.299,1.61
002832,比音勒芬,21.55,21.55,21.56,22.11,22.1,22.14,21.3,13241824.0,287401203.0,-2.533,-0.56
002833,弘亚数控,16.05,16.05,16.06,15.97,16.08,16.28,15.5,7665463.0,122083733.0,0.501,0.08
002835,同为股份,11.61,11.61,11.62,11.24,11.24,11.83,10.84,5752602.0,64819060.0,3.292,0.37
002836,新宏泽,8.34,8.34,8.36,8.44,8.37,8.49,7.81,4508690.0,36876801.0,-1.185,-0.1
002837,英维克,59.99,59.99,60.0,55.46,56.0,60.22,50.0,71776462.0,3973850731.0,8.168,4.53
002838,道恩股份,28.01,28.01,28.02,26.22,26.23,28.12,25.71,12312310.0,331370142.0,6.827,1.79
002839,张家港行,4.33,4.33,4.34,4.39,4.39,4.45,4.32,40096080.0,176120276.0,-1.367,-0.06
002840,华统股份,7.36,7.36,7.37,7.63,7.57,7.67,7.2,30230634.0,223877440.0,-3.539,-0.27
002841,视源股份,48.26,48.26,48.3,46.75,47.15,49.3,46.75,23559038.0,1135154802.0,3.23,1.51
002842,翔鹭钨业,31.13,31.12,31.13,28.84,29.35,31.18,26.4,42687873.0,1243324099.0,7.94,2.29
002843,泰嘉股份,17.41,17.4,17.41,16.56,16.76,17.45,14.9,20358957.0,328556811.0,5.133,0.85
002845,同兴达,12.53,12.52,12.53,12.26,12.28,12.59,11.24,18687721.0,224255669.0,2.202,0.27
002846,英联股份,9.18,9.17,9.18,9.09,9.09,9.23,8.76,8375507.0,75757553.0,0.99,0.09
002847,盐津铺子,47.97,47.97,48.0,48.74,48.33,50.21,47.8,4211680.0,205580982.0,-1.58,-0.77
002848,高斯贝尔,12.68,12.68,12.69,12.15,12.25,12.71,11.87,5902154.0,72170321.0,4.362,0.53
002849,威星智能,13.33,13.32,13.33,13.0,13.0,13.33,12.01,8612420.0,108678571.0,2.538,0.33
002850,科达利,182.82,182.82,182.91,169.38,177.75,184.97,173.5,8108596.0,1452592741.0,7.935,13.44
002851,麦格米特,135.22,135.22,0.0,122.93,125.38,135.22,122.0,36656038.0,4726088235.0,9.998,12.29
002852,道道全,7.28,7.28,7.29,7.5,7.45,7.5,7.24,5766700.0,42207750.0,-2.933,-0.22
002853,皮阿诺,18.99,18.97,18.99,19.36,19.38,19.47,17.42,4436080.0,80933854.0,-1.911,-0.37
002855,捷荣技术,8.64,8.64,8.65,8.6,8.61,8.7,8.08,5201100.0,43873613.0,0.465,0.04
002856,*ST美芝,11.89,11.85,11.89,11.98,11.98,12.65,10.78,11041080.0,125793627.0,-0.751,-0.09
002857,三晖电气,14.5,14.49,14.5,15.82,16.13,16.21,14.24,10975910.0,158744369.0,-8.344,-1.32
002858,力盛体育,10.21,10.2,10.21,10.2,10.18,10.25,9.74,6414404.0,64219077.0,0.098,0.01
002859,洁美科技,62.01,62.01,62.02,57.11,57.11,62.01,51.4,25280933.0,1440433959.0,8.58,4.9
002860,星帅尔,16.91,16.9,16.91,16.38,16.5,16.98,15.56,26727464.0,439592288.0,3.236,0.53
002861,瀛通通讯,15.0,15.0,15.02,15.56,15.56,15.56,14.0,12586303.0,184751208.0,-3.599,-0.56
002862,实丰文化,11.95,11.95,11.96,12.11,12.11,12.21,11.3,5168630.0,60772547.0,-1.321,-0.16
002863,今飞凯达,4.15,4.14,4.15,4.15,4.18,4.2,4.02,13526800.0,55688522.0,0.0,0.0
002864,盘龙药业,28.33,28.33,28.34,28.57,28.4,28.88,27.52,4460593.0,125141680.0,-0.84,-0.24
002865,钧达股份,41.36,41.36,41.37,40.62,40.89,41.44,37.27,12956399.0,516921128.0,1.822,0.74
002866,传艺科技,15.64,15.64,15.65,14.85,14.99,15.92,14.98,32846684.0,508185050.0,5.32,0.79
002867,周大生,12.32,12.32,12.33,12.31,12.27,12.7,12.22,14254247.0,177838850.0,0.081,0.01
002868,绿康生化,21.94,21.94,21.98,22.18,22.18,22.29,20.77,2103000.0,45547780.0,-1.082,-0.24
002869,金溢科技,13.74,13.74,13.76,13.85,13.85,14.06,13.15,4237587.0,57381569.0,-0.794,-0.11
002870,香山股份,38.65,38.65,38.7,36.88,36.9,39.16,35.35,4942007.0,184792840.0,4.799,1.77
002871,伟隆股份,15.8,15.8,15.81,15.42,15.5,15.83,13.91,6049932.0,90554351.0,2.464,0.38
002872,ST天圣,4.67,4.67,4.68,4.71,4.69,4.71,4.5,2380950.0,10955039.0,-0.849,-0.04
002873,新天药业,7.43,7.41,7.43,7.69,7.69,7.71,7.09,11731800.0,86128969.0,-3.381,-0.26
002875,安奈儿,11.47,11.47,11.51,11.55,11.55,11.59,10.55,8709600.0,96882318.0,-0.693,-0.08
002876,三利谱,25.73,25.73,25.74,24.28,24.45,25.8,23.0,7369347.0,181167596.0,5.972,1.45
002877,智能自控,6.64,6.63,6.64,6.76,6.68,6.78,6.35,9431882.0,61912671.0,-1.775,-0.12
002878,元隆雅图,11.2,11.2,11.21,11.13,11.11,11.28,10.7,9478900.0,104551785.0,0.629,0.07
002879,长缆科技,13.56,13.56,0.0,12.33,13.52,13.56,13.52,2902664.0,39343992.0,9.976,1.23
002880,卫光生物,20.11,20.1,20.11,20.7,20.7,20.8,19.88,2074110.0,41821549.0,-2.85,-0.59
002881,美格智能,41.91,41.9,41.91,39.13,38.74,42.8,38.5,21256556.0,852274770.0,7.105,2.78
002882,金龙羽,16.96,16.96,16.97,16.56,16.5,17.19,16.44,5906200.0,99118512.0,2.415,0.4
002883,*ST中设,8.11,8.1,8.11,8.36,8.19,8.31,8.06,1859736.0,15142893.0,-2.99,-0.25
002884,凌霄泵业,16.0,16.0,16.01,15.99,15.98,16.22,15.93,3116977.0,50115620.0,0.063,0.01
002885,京泉华,25.27,25.27,25.28,23.54,23.96,25.47,21.19,22902513.0,537327094.0,7.349,1.73
002886,沃特股份,17.7,17.7,17.71,16.81,16.99,17.74,15.5,16659312.0,278994261.0,5.294,0.89
002887,绿茵生态,9.91,9.91,9.92,9.8,9.97,10.32,8.82,17915666.0,170669908.0,1.122,0.11
002888,惠威科技,14.51,14.51,14.52,14.92,14.92,15.05,13.43,4435843.0,62880143.0,-2.748,-0.41
002889,东方嘉盛,11.35,11.34,11.35,11.49,11.49,11.5,11.19,3544140.0,40194601.0,-1.218,-0.14
002890,弘宇股份,12.23,12.23,12.24,12.2,12.18,12.52,11.46,2952150.0,35338966.0,0.246,0.03
002891,中宠股份,29.35,29.34,29.35,29.46,28.88,30.59,28.88,16861768.0,501167002.0,-0.373,-0.11
002892,科力尔,9.26,9.25,9.26,9.12,9.1,9.3,9.1,8602371.0,79284153.0,1.535,0.14
002893,京能热力,9.47,9.46,9.47,9.79,9.72,9.72,9.28,13220676.0,124241257.0,-3.269,-0.32
002895,川恒股份,32.7,32.68,32.7,31.13,31.03,33.95,31.03,14395367.0,473714536.0,5.043,1.57
002896,中大力德,63.97,63.97,63.98,61.8,62.17,63.99,59.72,8623774.0,537778432.0,3.511,2.17
002897,意华股份,61.57,61.57,61.58,57.36,59.37,61.63,51.67,17217983.0,991400127.0,7.34,4.21
002899,英派斯,17.82,17.82,17.84,18.12,18.12,18.65,16.73,5200412.0,91864456.0,-1.656,-0.3
002900,哈三联,10.0,10.0,10.01,10.04,10.42,10.44,9.35,16916150.0,166213083.0,-0.398,-0.04
002901,大博医疗,44.33,44.33,44.34,45.14,45.0,45.66,44.03,2566366.0,114492391.0,-1.794,-0.81
002902,铭普光磁,21.73,21.73,21.74,20.54,20.55,21.78,18.49,20676813.0,416372735.0,5.794,1.19
002903,宇环数控,23.81,23.81,23.82,22.28,22.49,23.83,20.05,18425750.0,403938778.0,6.867,1.53
002905,金逸影视,7.09,7.09,7.1,7.19,7.12,7.31,6.84,8134998.0,57222248.0,-1.391,-0.1
002906,华阳集团,23.9,23.89,23.9,23.2,23.18,23.98,23.17,7261699.0,172333535.0,3.017,0.7
002907,华森制药,12.55,12.55,12.56,13.27,13.14,13.14,12.35,8643430.0,109152787.0,-5.426,-0.72
002908,德生科技,6.4,6.4,6.41,6.38,6.39,6.47,6.19,7160582.0,45469029.0,0.313,0.02
002909,集泰股份,4.42,4.41,4.42,4.4,4.42,4.48,4.16,11108700.0,48112764.0,0.455,0.02
002910,庄园牧场,8.15,8.15,8.16,8.27,8.2,8.27,7.51,14735350.0,116179342.0,-1.451,-0.12
002911,佛燃能源,10.82,10.81,10.82,10.71,10.6,10.89,10.5,10798894.0,116478920.0,1.027,0.11
002912,中新赛克,17.3,17.29,17.3,17.24,17.23,17.52,16.5,4302751.0,73602763.0,0.348,0.06
002913,奥士康,42.59,42.59,0.0,38.72,39.78,42.59,35.55,8799525.0,345654781.0,9.995,3.87
002915,中欣氟材,16.11,16.1,16.11,16.08,15.85,16.22,14.48,12320546.0,188946369.0,0.187,0.03
002916,深南电路,350.0,350.0,350.01,324.36,329.54,352.98,295.28,17257128.0,5719880576.0,7.905,25.64
002917,金奥博,9.66,9.66,9.67,9.65,9.69,9.7,9.4,3735800.0,35821209.0,0.104,0.01
002918,蒙娜丽莎,8.56,8.55,8.56,8.67,8.7,8.9,8.04,17995128.0,152193930.0,-1.269,-0.11
002919,名臣健康,16.68,16.68,16.69,16.35,16.5,16.7,15.18,8220428.0,131208981.0,2.018,0.33
002920,德赛西威,84.53,84.53,84.55,83.4,82.96,85.38,82.83,8353538.0,705792928.0,1.355,1.13
002921,联诚精密,20.98,20.98,20.99,21.06,20.86,21.24,18.95,11748791.0,235961266.0,-0.38,-0.08
002922,伊戈尔,23.9,23.9,23.91,23.06,22.83,23.98,20.81,26746575.0,605866229.0,3.643,0.84
002923,润都股份,10.42,10.42,10.43,10.58,10.6,10.63,10.0,15811198.0,162449354.0,-1.512,-0.16
002925,盈趣科技,19.93,19.93,19.94,18.76,18.57,20.22,18.0,17141962.0,329182069.0,6.237,1.17
002926,华西证券,8.67,8.67,8.68,8.55,8.55,8.86,8.52,38158558.0,332230784.0,1.404,0.12
002927,泰永长征,13.96,13.96,13.97,13.63,13.81,14.02,12.48,10210826.0,137043053.0,2.421,0.33
002928,华夏航空,6.09,6.09,6.1,6.03,6.05,6.15,6.01,29884183.0,181865300.0,0.995,0.06
002929,润建股份,52.08,52.08,52.09,50.57,50.8,52.55,46.4,20476232.0,1032206920.0,2.986,1.51
002930,宏川智慧,8.15,8.15,8.16,8.19,8.21,8.22,7.64,14569241.0,115746309.0,-0.488,-0.04
002931,锋龙股份,44.61,44.6,44.61,44.1,43.27,44.63,39.69,18273060.0,762530782.0,1.156,0.51
002932,*ST明德,14.03,14.03,14.04,14.07,14.13,14.15,13.67,1622017.0,22556538.0,-0.284,-0.04
002933,新兴装备,24.08,24.07,24.08,24.08,24.19,24.48,23.24,2049800.0,48822232.0,0.0,0.0
002935,天奥电子,14.95,14.94,14.95,14.86,14.96,15.05,13.55,12711849.0,183204238.0,0.606,0.09
002936,郑州银行,1.75,1.75,1.76,1.79,1.78,1.81,1.75,122237503.0,217420442.0,-2.235,-0.04
002937,兴瑞科技,34.9,34.9,34.97,34.3,34.46,35.5,30.87,15565317.0,507686516.0,1.749,0.6
002938,鹏鼎控股,95.6,95.58,95.6,90.89,91.79,96.38,81.8,36453329.0,3295995132.0,5.182,4.71
002939,长城证券,8.34,8.34,8.35,8.15,8.19,8.55,8.17,49568427.0,414921552.0,2.331,0.19
002940,昂利康,24.72,24.72,24.73,26.4,26.13,26.4,23.76,21334495.0,523930415.0,-6.364,-1.68
002941,新疆交建,9.65,9.64,9.65,9.64,9.6,9.71,9.51,13019559.0,125250730.0,0.104,0.01
002942,新农股份,13.83,13.83,13.85,14.19,14.16,14.21,13.5,2940032.0,40689836.0,-2.537,-0.36
002943,宇晶股份,32.08,32.06,32.08,30.15,29.89,32.17,27.14,19910839.0,585410486.0,6.401,1.93
002945,华林证券,13.72,13.72,13.73,13.09,13.09,14.25,13.02,23055341.0,315725836.0,4.813,0.63
002946,新乳业,15.85,15.84,15.85,16.02,15.89,16.55,15.7,9702999.0,155675849.0,-1.061,-0.17
002947,恒铭达,57.02,57.02,57.03,53.51,54.58,57.31,49.9,13094825.0,707063679.0,6.56,3.51
002948,青岛银行,5.65,5.65,5.67,5.73,5.72,5.79,5.64,44832301.0,255454771.0,-1.396,-0.08
002949,华阳国际,9.41,9.41,9.43,9.53,9.53,9.61,9.05,4062500.0,37898895.0,-1.259,-0.12
002950,奥美医疗,8.83,8.82,8.83,8.95,8.86,8.9,8.59,9765715.0,85384527.0,-1.341,-0.12
002951,金时科技,11.54,11.53,11.54,11.33,11.33,11.57,10.48,8410922.0,93809451.0,1.853,0.21
002952,亚世光电,17.81,17.8,17.81,17.7,17.7,17.92,16.08,4701500.0,80803830.0,0.621,0.11
002953,日丰股份,8.96,8.96,8.97,8.6,8.59,9.04,8.45,9991491.0,87378297.0,4.186,0.36
002955,鸿合科技,28.83,28.83,28.84,28.75,28.6,29.29,25.88,15327430.0,421894317.0,0.278,0.08
002956,西麦食品,16.6,16.6,16.63,16.93,16.93,16.99,16.24,7419309.0,122243722.0,-1.949,-0.33
002957,科瑞技术,35.6,35.6,35.63,32.77,32.77,35.98,29.49,26122894.0,850750462.0,8.636,2.83
002958,青农商行,2.98,2.98,2.99,3.03,3.03,3.07,2.96,113843019.0,343563585.0,-1.65,-0.05
002959,小熊电器,33.0,33.0,33.06,33.63,33.36,33.84,32.91,1665159.0,55535393.0,-1.873,-0.63
002960,青鸟智控,8.11,8.1,8.11,8.08,8.04,8.12,7.86,13901008.0,111645480.0,0.371,0.03
002961,瑞达期货,18.9,18.9,18.91,18.71,18.57,19.0,18.41,7647696.0,143413526.0,1.015,0.19
002962,五方光电,11.85,11.85,11.86,11.2,11.29,11.85,10.42,20870158.0,234156561.0,5.804,0.65
002963,豪尔赛,13.03,13.03,13.07,13.5,13.47,13.87,12.15,9142400.0,115042390.0,-3.481,-0.47
002965,祥鑫科技,42.65,42.65,42.66,40.99,40.58,42.84,36.93,28654362.0,1145570939.0,4.05,1.66
002966,苏州银行,8.02,8.02,8.03,8.05,8.0,8.25,7.99,68824536.0,557777886.0,-0.373,-0.03
002967,广电计量,16.84,16.83,16.84,16.56,16.5,16.96,16.43,6934400.0,116064640.0,1.691,0.28
002968,新大正,8.09,8.09,8.1,8.15,8.16,8.28,7.74,5697400.0,45627570.0,-0.736,-0.06
002969,嘉美包装,10.57,10.57,10.58,10.37,10.39,10.62,9.43,41464665.0,419836294.0,1.929,0.2
002970,锐明技术,49.68,49.68,0.0,45.16,45.6,49.68,42.64,7962067.0,370179342.0,10.009,4.52
002971,和远气体,37.71,37.71,37.8,37.81,37.01,38.44,34.03,26292750.0,946237387.0,-0.264,-0.1
002972,科安达,12.89,12.89,12.95,13.91,13.76,13.89,12.52,17097360.0,219462213.0,-7.333,-1.02
002973,侨银股份,9.32,9.31,9.32,9.76,9.79,9.85,9.2,10271700.0,96752722.0,-4.508,-0.44
002975,博杰股份,87.5,87.5,87.51,81.69,82.0,87.89,73.52,17993446.0,1434793388.0,7.112,5.81
002976,瑞玛精密,20.43,20.43,20.46,20.24,19.99,20.83,18.39,8402040.0,166442503.0,0.939,0.19
002977,*ST天箭,19.99,19.99,20.0,20.33,20.04,20.68,18.36,2330192.0,45270387.0,-1.672,-0.34
002978,安宁股份,26.04,26.04,26.05,25.74,25.73,26.17,25.67,3230157.0,83842043.0,1.166,0.3
002979,雷赛智能,56.56,56.56,56.57,52.99,53.94,56.58,51.18,17686400.0,958703434.0,6.737,3.57
002980,华盛昌,92.4,92.4,92.41,86.97,88.36,92.45,78.27,12555382.0,1071114910.0,6.244,5.43
002981,朝阳科技,21.22,21.22,21.23,20.6,20.54,21.35,19.68,4486260.0,92147829.0,3.01,0.62
002982,湘佳股份,11.39,11.38,11.39,11.85,11.83,11.83,11.34,6090004.0,70004377.0,-3.882,-0.46
002983,芯瑞达,18.05,18.04,18.05,17.17,17.19,18.07,16.4,4042808.0,70237981.0,5.125,0.88
002984,森麒麟,14.06,14.06,14.07,14.19,14.12,14.55,14.04,14802139.0,211048220.0,-0.916,-0.13
002985,北摩高科,24.21,24.2,24.21,24.18,24.05,24.48,23.58,5395976.0,130248880.0,0.124,0.03
002986,宇新股份,11.0,11.0,11.01,11.5,11.45,11.52,10.86,10622969.0,117877097.0,-4.348,-0.5
002987,京北方,10.63,10.63,0.0,9.66,9.6,10.63,9.48,26784001.0,280088696.0,10.041,0.97
002988,豪美新材,19.05,19.05,19.06,19.11,18.86,19.25,18.18,4665579.0,87903142.0,-0.314,-0.06
002989,中天精装,22.69,22.69,22.7,21.66,21.51,22.79,19.5,12215229.0,259227209.0,4.755,1.03
002990,盛视科技,49.57,49.57,49.58,48.34,48.0,49.74,43.51,12542400.0,587693703.0,2.544,1.23
002991,甘源食品,40.74,40.74,40.76,41.4,41.45,41.84,40.49,1229800.0,50391267.0,-1.594,-0.66
002992,宝明科技,35.5,35.49,35.5,35.86,37.11,37.24,33.04,3255739.0,113628759.0,-1.004,-0.36
002993,奥海科技,38.63,38.63,38.65,37.26,37.44,38.66,33.8,13314091.0,492804677.0,3.677,1.37
002995,天地在线,15.05,15.05,15.06,14.98,14.78,15.18,13.7,10233185.0,148628027.0,0.467,0.07
002996,顺博合金,5.98,5.97,5.98,6.01,6.02,6.1,5.86,8950520.0,53273366.0,-0.499,-0.03
002997,瑞鹄模具,25.51,25.51,25.52,25.16,25.34,25.6,24.42,3519406.0,88374042.0,1.391,0.35
002998,优彩资源,6.9,6.9,6.91,7.04,7.04,7.04,6.54,22859758.0,155722275.0,-1.989,-0.14
002999,天禾股份,5.25,5.24,5.25,5.39,5.37,5.38,5.11,10379848.0,54337662.0,-2.597,-0.14
003000,劲仔食品,9.9,9.89,9.9,10.08,10.07,10.22,9.85,7221100.0,72277064.0,-1.786,-0.18
003001,中岩大地,18.72,18.72,18.73,17.6,15.84,18.8,15.84,27647715.0,467709982.0,6.364,1.12
003002,壶化股份,15.01,15.01,15.08,15.57,15.58,15.67,14.85,4254800.0,64557254.0,-3.597,-0.56
003003,天元股份,9.46,9.45,9.46,9.64,9.64,9.68,9.05,6552600.0,61387122.0,-1.867,-0.18
003004,声迅股份,59.87,59.87,60.15,57.47,59.0,61.0,51.72,5331050.0,293685309.0,4.176,2.4
003005,竞业达,12.0,12.0,12.01,12.09,12.09,12.21,11.6,4384244.0,52223036.0,-0.744,-0.09
003006,百亚股份,13.37,13.37,13.38,13.59,13.54,13.9,13.32,7331861.0,100070327.0,-1.619,-0.22
003007,直真科技,33.39,33.39,33.4,32.77,32.72,33.45,30.03,2625002.0,84072296.0,1.892,0.62
003008,开普检测,16.48,16.48,16.5,16.85,16.85,16.89,16.22,2770078.0,45690307.0,-2.196,-0.37
003009,中天火箭,54.01,54.0,54.01,55.89,55.02,55.34,50.3,9782853.0,506019433.0,-3.364,-1.88
003010,若羽臣,25.36,25.36,25.37,27.27,26.76,27.02,25.0,23007322.0,596237338.0,-7.004,-1.91
003011,海象新材,16.61,16.56,16.61,16.57,16.7,17.11,15.51,5921256.0,97548252.0,0.241,0.04
003012,东鹏控股,4.56,4.56,4.57,4.68,4.64,4.69,4.51,14915734.0,68426922.0,-2.564,-0.12
003013,地铁设计,14.55,14.47,14.55,13.89,13.85,14.55,13.19,10593015.0,145684372.0,4.752,0.66
003015,日久光电,10.28,10.27,10.28,10.25,10.25,10.36,9.61,7253900.0,72722330.0,0.293,0.03
003016,欣贺股份,6.29,6.29,6.3,6.4,6.34,6.4,6.12,6470800.0,40484099.0,-1.719,-0.11
003017,大洋生物,19.95,19.95,19.96,20.0,20.07,20.13,18.82,2927520.0,57313716.0,-0.25,-0.05
003018,金富科技,39.46,39.46,39.48,37.91,38.41,39.66,34.12,20970347.0,765241507.0,4.089,1.55
003019,宸展光电,22.5,22.5,22.51,21.66,22.0,22.68,20.68,6178607.0,135017083.0,3.878,0.84
003020,立方制药,16.07,16.07,16.08,15.98,15.98,16.29,14.88,22443035.0,350404305.0,0.563,0.09
003021,兆威机电,78.29,78.29,78.3,74.81,74.8,78.42,74.2,3905041.0,299491399.0,4.652,3.48
003022,联泓新科,18.64,18.63,18.64,17.64,17.64,18.64,17.61,16837835.0,305754539.0,5.669,1.0
003023,彩虹集团,17.12,17.12,17.13,17.61,17.61,17.77,16.11,4562170.0,76716300.0,-2.783,-0.49
003025,思进智能,11.09,11.09,11.1,11.05,10.96,11.15,10.49,6944778.0,75773986.0,0.362,0.04
003026,中晶科技,28.65,28.64,28.65,26.59,27.07,28.68,24.26,16353029.0,440597012.0,7.747,2.06
003027,同兴科技,14.46,14.46,14.54,14.66,14.77,14.77,13.76,3532200.0,50442433.0,-1.364,-0.2
003028,振邦智能,20.55,20.55,20.56,20.6,20.55,20.76,19.76,1436070.0,29139723.0,-0.243,-0.05
003029,吉大正元,15.48,15.48,15.49,15.18,15.18,15.53,14.78,3990200.0,60764296.0,1.976,0.3
003030,祖名股份,20.66,20.66,20.68,20.95,20.95,21.66,18.98,6245900.0,126162659.0,-1.384,-0.29
003031,中瓷电子,110.0,110.0,0.0,100.0,103.3,110.0,90.0,14835315.0,1489147810.0,10.0,10.0
003032,传智教育,5.42,5.42,5.43,5.58,5.51,5.57,5.28,16354600.0,88314382.0,-2.867,-0.16
003033,征和工业,67.39,67.39,0.0,61.26,61.88,67.39,58.64,3182100.0,199299086.0,10.007,6.13
003035,南网能源,5.49,5.48,5.49,5.39,5.4,5.51,5.26,61150741.0,330587573.0,1.855,0.1
003036,泰坦股份,53.55,53.55,53.57,53.67,52.9,54.42,48.3,11605884.0,593780301.0,-0.224,-0.12
003037,三和管桩,5.33,5.32,5.33,5.44,5.4,5.44,5.25,4959500.0,26411301.0,-2.022,-0.11
003038,鑫铂股份,9.65,9.65,9.66,9.73,9.75,9.81,9.42,5545548.0,53211203.0,-0.822,-0.08
003039,顺控发展,11.58,11.57,11.58,11.53,11.68,11.78,11.47,6261311.0,72779728.0,0.434,0.05
003040,楚天龙,10.36,10.36,10.37,10.01,10.01,10.58,9.91,20850173.0,214611337.0,3.497,0.35
003041,真爱美家,34.99,34.99,35.0,34.88,35.41,35.77,31.99,3806089.0,128729846.0,0.315,0.11
003042,中农联合,11.5,11.5,11.51,11.79,11.75,11.76,11.04,4692558.0,53498407.0,-2.46,-0.29
003043,华亚智能,64.09,64.06,64.09,60.76,60.76,64.8,54.68,10863050.0,647051592.0,5.481,3.33
003816,中国广核,4.06,4.05,4.06,4.07,4.08,4.14,4.04,165613939.0,676438567.0,-0.246,-0.01
300001,特锐德,35.2,35.2,35.21,33.38,33.3,35.36,32.81,35568426.0,1218140253.0,5.452,1.82
300002,神州泰岳,8.38,8.38,8.39,8.19,8.14,8.63,8.12,95583624.0,806653747.0,2.32,0.19
300003,乐普医疗,12.93,12.92,12.93,13.08,13.04,13.2,12.68,38015271.0,491080490.0,-1.147,-0.15
300004,南风股份,7.41,7.41,7.42,7.3,7.35,7.44,6.55,29475896.0,207233504.0,1.507,0.11
300005,探路者,11.04,11.03,11.04,11.9,10.51,11.25,9.52,196882946.0,1988598937.0,-7.227,-0.86
300006,莱美药业,4.52,4.51,4.52,4.59,4.55,4.61,4.36,24549100.0,109712171.0,-1.525,-0.07
300007,汉威科技,31.89,31.88,31.89,30.8,31.0,32.08,29.45,12909223.0,400477688.0,3.539,1.09
300008,天海防务,5.81,5.81,5.82,5.69,5.69,5.83,5.69,43052589.0,248809055.0,2.109,0.12
300009,安科生物,8.36,8.35,8.36,8.33,8.28,8.47,8.24,26912694.0,224697130.0,0.36,0.03
300010,ST豆神,1.96,1.95,1.96,1.96,1.95,1.96,1.83,40623399.0,77334032.0,0.0,0.0
300011,鼎汉技术,5.57,5.57,5.58,5.58,5.58,5.61,5.38,5539500.0,30502933.0,-0.179,-0.01
300012,华测检测,13.64,13.64,13.65,13.51,13.38,13.76,13.33,32722351.0,445584181.0,0.962,0.13
300013,新宁物流,3.41,3.41,3.42,3.44,3.46,3.46,3.23,21328050.0,71553109.0,-0.872,-0.03
300014,亿纬锂能,54.21,54.21,54.22,50.95,51.2,54.22,51.14,76745159.0,4090127116.0,6.398,3.26
300015,爱尔眼科,8.78,8.77,8.78,8.93,8.8,8.98,8.7,116502727.0,1028358893.0,-1.68,-0.15
300016,北陆药业,7.53,7.52,7.53,7.65,7.6,7.66,7.15,22240064.0,165031080.0,-1.569,-0.12
300017,网宿科技,14.96,14.96,14.97,14.25,14.15,14.97,13.81,248887854.0,3621548105.0,4.982,0.71
300018,中元股份,10.95,10.95,10.96,10.42,10.6,10.98,9.77,20717804.0,216130283.0,5.086,0.53
300019,硅宝科技,14.09,14.09,14.1,13.61,13.5,14.17,13.3,9622714.0,132900502.0,3.527,0.48
300020,ST银江,3.07,3.07,3.08,3.02,3.05,3.14,3.0,9841481.0,30139821.0,1.656,0.05
300021,大禹节水,3.72,3.72,3.73,3.74,3.75,3.76,3.6,12807352.0,47245413.0,-0.535,-0.02
300022,吉峰科技,7.67,7.66,7.67,7.48,7.57,7.67,7.22,12469700.0,92934264.0,2.54,0.19
300024,机器人,15.86,15.85,15.86,15.38,15.23,15.93,15.18,66306685.0,1038230199.0,3.121,0.48
300025,华星创业,4.06,4.06,4.07,4.11,4.06,4.13,3.83,22469079.0,89471529.0,-1.217,-0.05
300026,红日药业,3.33,3.33,3.34,3.34,3.3,3.39,3.29,72863963.0,242792553.0,-0.299,-0.01
300027,ST华谊,1.59,1.59,1.6,1.59,1.58,1.61,1.55,30289688.0,47898987.0,0.0,0.0
300030,阳普医疗,5.96,5.95,5.96,6.1,6.05,6.11,5.64,10965963.0,64421044.0,-2.295,-0.14
300031,宝通科技,19.59,19.58,19.59,18.05,18.6,19.59,18.09,33911459.0,644328343.0,8.532,1.54
300032,金龙机电,3.28,3.27,3.28,3.25,3.22,3.3,3.06,29152412.0,93326464.0,0.923,0.03
300033,同花顺,231.45,231.45,231.48,224.91,225.0,231.45,222.3,23590833.0,5361274776.0,2.908,6.54
300034,钢研高纳,15.59,15.59,15.6,15.47,15.37,15.73,15.2,14189197.0,219974131.0,0.776,0.12
300035,中科电气,12.8,12.8,12.81,12.09,12.02,13.12,12.01,26749518.0,335344118.0,5.873,0.71
300036,超图软件,10.9,10.9,10.91,10.8,10.71,11.0,10.61,14523255.0,157693841.0,0.926,0.1
300037,新宙邦,62.02,62.02,62.04,56.99,56.99,62.18,56.31,29125827.0,1743233649.0,8.826,5.03
300039,上海凯宝,5.59,5.59,5.6,5.64,5.48,5.63,5.26,84611558.0,461992105.0,-0.887,-0.05
300040,九洲集团,6.48,6.48,6.49,6.83,6.44,6.7,6.03,122220650.0,772933596.0,-5.124,-0.35
300041,回天新材,10.28,10.28,10.29,9.73,9.81,10.37,9.18,43056767.0,424919356.0,5.653,0.55
300042,朗科科技,44.6,44.6,44.61,39.54,40.74,44.66,35.1,26673869.0,1065544539.0,12.797,5.06
300043,星辉娱乐,4.5,4.5,4.51,4.43,4.39,4.5,4.21,59949300.0,263211595.0,1.58,0.07
300044,*ST赛为,5.12,5.12,5.13,5.13,5.09,5.19,4.6,24575447.0,121156229.0,-0.195,-0.01
300045,华力创通,14.62,14.62,14.63,14.2,14.25,14.77,13.74,18793868.0,270326590.0,2.958,0.42
300046,台基股份,23.8,23.79,23.8,22.48,22.74,23.83,21.25,8642631.0,196998321.0,5.872,1.32
300047,天源迪科,9.34,9.33,9.34,9.07,9.02,9.38,9.02,26510327.0,245489293.0,2.977,0.27
300048,合康新能,4.84,4.83,4.84,4.79,4.74,4.84,4.68,13928820.0,66308719.0,1.044,0.05
300049,福瑞医科,40.9,40.89,40.9,40.88,40.16,41.27,38.96,10130726.0,407330505.0,0.049,0.02
300050,世纪鼎利,5.18,5.18,5.19,5.11,5.11,5.23,4.7,33440500.0,166228623.0,1.37,0.07
300051,琏升科技,7.01,7.01,7.02,6.96,6.89,7.03,6.37,20886201.0,141042055.0,0.718,0.05
300052,中青宝,9.45,9.45,9.46,9.48,9.5,9.51,8.6,14816483.0,135559519.0,-0.316,-0.03
300053,航宇微,12.21,12.21,12.22,11.82,11.8,12.28,10.92,25125350.0,293815006.0,3.299,0.39
300054,鼎龙股份,77.32,77.31,77.32,65.88,67.05,77.9,64.11,67500420.0,4817718055.0,17.365,11.44
300055,万邦达,5.38,5.37,5.38,5.43,5.43,5.44,4.99,31077575.0,161920017.0,-0.921,-0.05
300056,中创环保,6.68,6.68,6.69,6.42,6.43,6.71,5.76,25960121.0,164357774.0,4.05,0.26
300057,万顺新材,5.87,5.87,5.88,5.65,5.66,5.88,5.23,51575058.0,289455689.0,3.894,0.22
300058,蓝色光标,12.59,12.59,12.6,12.14,12.02,12.6,11.42,322930253.0,3923702014.0,3.707,0.45
300059,东方财富,20.29,20.29,20.3,20.18,20.22,20.46,19.9,426949124.0,8617016753.0,0.545,0.11
300061,旗天科技,6.0,6.0,6.01,5.83,5.86,6.02,5.56,25246838.0,146924454.0,2.916,0.17
300062,中能电气,5.37,5.37,5.38,5.35,5.35,5.41,5.1,21133450.0,111304547.0,0.374,0.02
300063,天龙集团,7.85,7.84,7.85,7.68,7.68,7.85,7.18,39435498.0,298966286.0,2.214,0.17
300065,海兰信,16.72,16.72,16.73,16.15,16.35,16.9,15.12,63526714.0,1028962552.0,3.529,0.57
300066,三川智慧,4.69,4.69,4.7,4.57,4.58,4.72,4.39,18431380.0,84286196.0,2.626,0.12
300067,安诺其,4.49,4.49,4.5,4.39,4.39,4.51,4.11,44771993.0,194739943.0,2.278,0.1
300068,ST南都,4.03,4.02,4.03,3.94,3.93,4.04,3.67,58391325.0,224442598.0,2.284,0.09
300069,金利华电,32.15,32.14,32.15,30.76,30.91,32.33,26.74,14058430.0,418737099.0,4.519,1.39
300070,碧水源,3.48,3.48,3.49,3.5,3.48,3.55,3.47,54488826.0,191492225.0,-0.571,-0.02
300071,福石控股,4.15,4.15,4.16,4.14,3.95,4.16,3.58,149378193.0,581950548.0,0.242,0.01
300072,海新能科,3.23,3.22,3.23,3.29,3.27,3.29,3.11,34759938.0,111426806.0,-1.824,-0.06
300073,当升科技,41.1,41.09,41.1,40.01,39.61,41.4,39.61,24918368.0,1014422967.0,2.724,1.09
300074,华平股份,3.22,3.21,3.22,3.25,3.22,3.26,3.02,25553300.0,80458373.0,-0.923,-0.03
300075,数字政通,10.97,10.97,10.98,10.84,10.8,11.07,10.72,21056010.0,230335369.0,1.199,0.13
300076,*ST宁视,3.98,3.98,3.99,4.02,4.02,4.05,3.83,4102200.0,16198012.0,-0.995,-0.04
300077,国民技术,18.66,18.66,18.67,17.56,17.79,18.71,16.0,67536163.0,1192280905.0,6.264,1.1
300078,思创智联,2.73,2.73,2.74,2.74,2.74,2.76,2.6,33061186.0,89000488.0,-0.365,-0.01
300079,数码视讯,4.27,4.27,4.28,4.17,4.14,4.27,4.12,36788690.0,154670508.0,2.398,0.1
300080,易成新能,3.45,3.45,3.46,3.44,3.42,3.49,3.38,18446919.0,63487653.0,0.291,0.01
300081,ST恒信,3.04,3.04,3.05,3.08,3.12,3.18,2.87,11694599.0,34868906.0,-1.299,-0.04
300082,奥克股份,6.9,6.9,6.91,6.82,6.82,6.95,6.38,10940614.0,73278158.0,1.173,0.08
300083,创世纪,11.51,11.5,11.51,10.22,10.38,11.55,9.63,145723528.0,1551375503.0,12.622,1.29
300084,海默科技,9.85,9.84,9.85,10.3,10.08,10.1,8.71,25173055.0,235266626.0,-4.369,-0.45
300085,银之杰,31.74,31.74,31.75,30.43,30.13,31.97,29.26,78170189.0,2415414680.0,4.305,1.31
300086,康芝药业,5.94,5.93,5.94,6.08,5.98,6.07,5.46,35069300.0,201969886.0,-2.303,-0.14
300087,ST荃银,4.87,4.87,4.88,4.94,4.95,4.95,4.81,11157956.0,54237478.0,-1.417,-0.07
300088,长信科技,6.87,6.86,6.87,6.29,6.38,6.87,6.02,223578470.0,1457230786.0,9.221,0.58
300091,*ST金灵,2.38,2.37,2.38,2.39,2.4,2.4,2.31,7849700.0,18488422.0,-0.418,-0.01
300092,科新机电,10.48,10.48,10.51,10.52,10.53,10.69,10.15,6784300.0,70519116.0,-0.38,-0.04
300093,金刚光伏,20.06,20.06,0.0,16.72,17.06,20.06,16.37,16287757.0,296545421.0,19.976,3.34
300094,国联水产,2.56,2.55,2.56,2.58,2.59,2.6,2.49,31328012.0,79781849.0,-0.775,-0.02
300095,华伍股份,7.42,7.42,7.43,7.46,7.56,7.56,6.93,10844300.0,78529783.0,-0.536,-0.04
300096,ST易联众,7.86,7.86,7.88,7.69,7.7,8.07,7.64,3920900.0,30644941.0,2.211,0.17
300097,智云股份,7.36,7.36,7.37,6.47,6.79,7.59,6.2,20332480.0,141684825.0,13.756,0.89
300098,高新兴,4.37,4.37,4.38,4.24,4.27,4.4,4.21,52286973.0,226070598.0,3.066,0.13
300099,尤洛卡,5.84,5.83,5.84,5.79,5.82,5.88,5.41,17842764.0,100633915.0,0.864,0.05
300100,双林股份,23.06,23.06,23.07,22.55,22.38,23.16,22.28,8531301.0,194480204.0,2.262,0.51
300101,振芯科技,14.12,14.12,14.13,13.73,13.74,14.14,13.26,12604980.0,173676377.0,2.84,0.39
300102,乾照光电,16.66,16.66,16.67,15.96,16.13,16.71,14.6,44281521.0,707511972.0,4.386,0.7
300103,达刚控股,6.26,6.25,6.26,6.36,6.33,6.42,5.59,9820400.0,59276258.0,-1.572,-0.1
300105,龙源技术,8.68,8.68,8.69,9.72,9.33,9.47,7.78,76284756.0,646552064.0,-10.7,-1.04
300106,西部牧业,8.38,8.38,8.39,8.93,9.0,9.0,8.05,19368038.0,162624846.0,-6.159,-0.55
300107,建新股份,5.96,5.95,5.96,5.93,5.9,5.98,5.59,16369896.0,95037278.0,0.506,0.03
300109,新开源,13.89,13.89,13.9,12.92,12.9,14.09,12.82,12947939.0,175921554.0,7.508,0.97
300110,华仁药业,2.63,2.63,2.64,2.69,2.69,2.69,2.57,32693190.0,85725084.0,-2.23,-0.06
300111,向日葵,2.68,2.67,2.68,2.75,2.72,2.72,2.52,57797527.0,152283950.0,-2.545,-0.07
300112,万讯自控,6.69,6.69,6.7,5.92,6.02,6.88,5.52,39391448.0,247236253.0,13.007,0.77
300113,顺网科技,17.68,17.68,17.69,17.09,16.79,17.68,16.47,40371324.0,696563040.0,3.452,0.59
300115,长盈精密,26.49,26.49,26.5,25.23,25.26,26.5,24.56,45061190.0,1163828867.0,4.994,1.26
300118,东方日升,9.29,9.29,9.3,8.95,8.96,9.29,8.47,44008840.0,393858393.0,3.799,0.34
300119,瑞普生物,16.21,16.21,16.22,16.17,16.33,16.95,16.14,8103871.0,134102175.0,0.247,0.04
300120,经纬辉开,6.25,6.25,6.26,6.08,6.17,6.25,5.67,41723917.0,251424372.0,2.796,0.17
300121,阳谷华泰,9.41,9.41,9.42,8.89,9.05,9.44,8.89,15493286.0,142080429.0,5.849,0.52
300122,智飞生物,12.9,12.9,12.91,12.76,12.64,13.56,12.55,46126561.0,598533389.0,1.097,0.14
300123,ST亚光,3.61,3.6,3.61,3.62,3.56,3.66,3.34,38152304.0,134130228.0,-0.276,-0.01
300124,汇川技术,61.53,61.52,61.53,59.73,59.74,61.68,59.11,36180682.0,2204197904.0,3.014,1.8
300125,*ST聆达,7.63,7.63,7.64,7.47,7.4,7.65,6.9,5555197.0,40573583.0,2.142,0.16
300126,锐奇股份,5.29,5.28,5.29,5.31,5.25,5.39,4.87,8759544.0,44970978.0,-0.377,-0.02
300127,银河磁体,22.72,22.72,22.73,22.0,22.02,22.75,21.42,5159579.0,114979330.0,3.273,0.72
300128,锦富技术,4.17,4.16,4.17,4.0,4.06,4.18,3.7,49576937.0,198351241.0,4.25,0.17
300129,泰胜风能,7.4,7.39,7.4,7.36,7.31,7.4,6.78,37316781.0,265436204.0,0.543,0.04
300130,新国都,17.83,17.83,17.84,17.18,17.09,18.04,17.06,16542557.0,294135816.0,3.783,0.65
300131,英唐智控,14.99,14.99,15.0,14.16,14.2,15.04,13.4,72053698.0,1039825509.0,5.862,0.83
300132,青松股份,6.32,6.32,6.33,5.88,6.01,6.38,5.67,45390906.0,274848399.0,7.483,0.44
300133,华策影视,7.2,7.2,7.21,7.16,7.0,7.24,6.81,89815148.0,635395882.0,0.559,0.04
300134,大富科技,7.46,7.46,7.47,7.29,7.3,7.53,6.94,14958738.0,109045971.0,2.332,0.17
300135,宝利国际,3.28,3.28,3.29,3.47,3.35,3.4,3.14,54333500.0,175987827.0,-5.476,-0.19
300136,信维通信,68.51,68.5,68.51,63.18,64.31,68.98,55.78,97423528.0,6133922666.0,8.436,5.33
300137,先河环保,12.19,12.19,0.0,10.16,10.36,12.19,9.88,71086586.0,776002323.0,19.98,2.03
300138,晨光生物,10.65,10.65,10.66,10.59,10.6,10.85,10.43,8642213.0,92181962.0,0.567,0.06
300139,晓程科技,36.44,36.44,36.45,33.35,34.03,36.48,33.03,39537221.0,1378353836.0,9.265,3.09
300140,节能环境,5.43,5.43,5.44,5.46,5.38,5.51,5.33,21144341.0,114562963.0,-0.549,-0.03
300141,和顺电气,8.37,8.37,8.38,8.33,8.32,8.44,7.69,7235991.0,58709859.0,0.48,0.04
300142,沃森生物,13.65,13.65,13.66,13.23,13.1,13.66,12.85,99697709.0,1323206953.0,3.175,0.42
300143,盈康生命,7.05,7.05,7.06,7.17,7.11,7.15,6.9,12975398.0,90881541.0,-1.674,-0.12
300144,宋城演艺,6.07,6.06,6.07,5.99,5.99,6.24,5.97,65833610.0,403397240.0,1.336,0.08
300145,南方泵业,4.38,4.38,4.39,4.31,4.39,4.39,3.93,140452951.0,587482156.0,1.624,0.07
300146,汤臣倍健,10.61,10.61,10.62,10.28,9.87,10.8,9.85,55086219.0,567211458.0,3.21,0.33
300147,*ST香雪,6.64,6.64,6.65,6.82,6.72,6.87,6.4,12035100.0,79332954.0,-2.639,-0.18
300148,天舟文化,3.19,3.19,3.2,3.16,3.15,3.2,3.05,28433786.0,89216261.0,0.949,0.03
300149,睿智医药,9.74,9.73,9.74,10.18,9.78,9.92,8.91,65383461.0,620628466.0,-4.322,-0.44
300150,世纪瑞尔,3.74,3.73,3.74,3.77,3.79,3.8,3.59,9403400.0,34847588.0,-0.796,-0.03
300151,昌红科技,15.13,15.13,15.14,13.27,13.95,15.13,12.41,35350697.0,491873494.0,14.017,1.86
300152,*ST动力,1.39,1.39,1.4,1.43,1.43,1.43,1.34,30181395.0,41443524.0,-2.797,-0.04
300153,科泰电源,20.0,19.99,20.0,19.31,19.33,20.0,18.62,11777396.0,230693573.0,3.573,0.69
300154,瑞凌股份,7.33,7.33,7.35,7.6,7.61,7.75,6.85,19084470.0,138749876.0,-3.553,-0.27
300155,安居宝,3.69,3.68,3.69,3.79,3.74,3.78,3.54,13009400.0,47470900.0,-2.639,-0.1
300157,新锦动力,4.17,4.17,4.18,4.37,4.15,4.19,3.81,116095523.0,466728688.0,-4.577,-0.2
300158,振东制药,4.83,4.82,4.83,4.92,4.92,4.93,4.63,19396512.0,92242375.0,-1.829,-0.09
300159,新研股份,2.79,2.78,2.79,2.76,2.75,2.79,2.57,42681100.0,115525024.0,1.087,0.03
300160,秀强股份,4.13,4.13,4.14,4.17,4.18,4.2,4.07,8801000.0,36340650.0,-0.959,-0.04
300161,华中数控,24.5,24.46,24.5,23.68,23.7,24.53,22.65,4658297.0,109198291.0,3.463,0.82
300162,雷曼光电,7.46,7.46,7.47,7.02,7.14,7.47,6.39,42705174.0,299953670.0,6.268,0.44
300163,先锋新材,4.8,4.79,4.8,4.8,4.81,4.87,4.16,57217200.0,264077902.0,0.0,0.0
300164,通源石油,11.13,11.13,11.14,12.2,10.99,11.74,10.12,210505493.0,2298408553.0,-8.77,-1.07
300165,天瑞仪器,4.46,4.46,4.47,4.49,4.43,4.5,4.0,21624100.0,92739795.0,-0.668,-0.03
300166,东方国信,13.67,13.67,13.68,13.15,13.12,13.68,12.05,83504491.0,1091156443.0,3.954,0.52
300167,ST迪威迅,3.53,3.52,3.53,3.43,3.36,3.55,3.15,8954400.0,30035386.0,2.915,0.1
300168,万达信息,4.75,4.74,4.75,4.73,4.7,4.77,4.58,27091830.0,127101566.0,0.423,0.02
300169,天晟新材,4.35,4.35,4.36,4.38,4.37,4.39,4.12,11166900.0,47760102.0,-0.685,-0.03
300170,汉得信息,15.29,15.29,15.3,14.66,14.3,15.3,14.25,65207046.0,970372035.0,4.297,0.63
300171,东富龙,11.93,11.93,11.94,11.95,11.88,11.99,11.63,12140536.0,143258562.0,-0.167,-0.02
300172,中电环保,4.22,4.21,4.22,4.25,4.22,4.25,4.12,15601654.0,65250549.0,-0.706,-0.03
300173,ST福能,2.98,2.97,2.98,2.97,2.97,3.01,2.86,7455099.0,21840288.0,0.337,0.01
300174,元力股份,18.63,18.63,18.64,17.64,17.96,18.73,16.41,28166367.0,498878166.0,5.612,0.99
300175,朗源股份,5.03,5.03,5.04,5.08,5.13,5.17,4.75,9639200.0,47660333.0,-0.984,-0.05
300176,鸿特科技,4.76,4.75,4.76,4.86,4.86,4.9,4.6,14314381.0,67671050.0,-2.058,-0.1
300177,中海达,5.74,5.73,5.74,5.6,5.61,5.78,5.41,13165109.0,74236106.0,2.5,0.14
300179,四方达,36.83,36.82,36.83,32.75,33.01,36.86,28.84,51995908.0,1728758053.0,12.458,4.08
300180,华峰超纤,4.09,4.08,4.09,3.97,3.95,4.2,3.94,57691944.0,237499134.0,3.023,0.12
300181,佐力药业,14.48,14.48,14.49,14.77,14.63,14.91,14.36,34028004.0,495864471.0,-1.963,-0.29
300182,捷成股份,4.84,4.83,4.84,4.75,4.71,4.84,4.63,95549709.0,455621471.0,1.895,0.09
300183,东软载波,9.6,9.59,9.6,9.34,9.3,9.66,9.01,9525750.0,89721194.0,2.784,0.26
300184,力源信息,12.45,12.45,12.46,11.7,11.7,12.49,10.75,130437170.0,1530975539.0,6.41,0.75
300185,通裕重工,2.75,2.75,2.76,2.69,2.7,2.77,2.69,97868416.0,268742383.0,2.23,0.06
300187,永清环保,4.43,4.43,4.44,4.48,4.48,4.53,4.25,14483000.0,63379116.0,-1.116,-0.05
300188,国投智能,10.18,10.17,10.18,9.85,9.8,10.21,9.76,15632145.0,157157370.0,3.35,0.33
300189,神农种业,4.07,4.06,4.07,4.02,4.0,4.09,3.82,77296252.0,306781859.0,1.244,0.05
300190,维尔利,3.61,3.6,3.61,3.76,3.78,3.78,3.32,25617255.0,91163204.0,-3.989,-0.15
300191,潜能恒信,26.39,26.39,26.4,28.58,26.6,26.83,25.25,24087642.0,625196658.0,-7.663,-2.19
300192,科德教育,10.57,10.56,10.57,10.17,10.32,10.63,9.96,11353388.0,117357166.0,3.933,0.4
300193,佳士科技,7.53,7.53,7.54,7.5,7.48,7.56,7.4,5473207.0,40923077.0,0.4,0.03
300194,福安药业,3.67,3.66,3.67,3.76,3.76,3.76,3.62,22795125.0,83547051.0,-2.394,-0.09
300195,长荣股份,4.71,4.7,4.71,4.71,4.66,4.77,4.44,14250900.0,65907703.0,0.0,0.0
300196,长海股份,17.16,17.16,17.17,15.73,15.9,17.22,14.57,26010798.0,417051396.0,9.091,1.43
300197,节能铁汉,1.71,1.71,1.72,1.69,1.69,1.72,1.58,127244135.0,209705648.0,1.183,0.02
300198,*ST纳川,1.95,1.94,1.95,1.98,1.98,2.0,1.87,10984400.0,21289035.0,-1.515,-0.03
300199,翰宇药业,22.31,22.3,22.31,21.73,21.52,22.36,19.87,56073147.0,1191690204.0,2.669,0.58
300200,高盟新材,8.03,8.03,8.04,7.78,7.79,8.05,7.35,12864620.0,99309595.0,3.213,0.25
300201,海伦哲,12.6,12.59,12.6,10.58,11.0,12.7,10.17,114747426.0,1331066856.0,19.093,2.02
300203,聚光科技,11.68,11.68,11.69,11.61,11.48,11.77,11.28,13050099.0,150801962.0,0.603,0.07
300204,舒泰神,24.34,24.33,24.34,25.24,24.68,25.19,21.8,53644167.0,1259596959.0,-3.566,-0.9
300205,*ST天喻,4.71,4.71,4.75,4.95,4.99,4.99,4.5,3298100.0,15558760.0,-4.848,-0.24
300206,理邦仪器,11.63,11.63,11.64,11.51,11.59,11.72,11.22,6278750.0,72322607.0,1.043,0.12
300207,欣旺达,17.31,17.31,17.32,16.61,16.62,17.66,16.53,74206129.0,1286305211.0,4.214,0.7
300209,行云科技,26.99,26.98,26.99,25.84,25.7,27.45,23.23,116874645.0,3001820738.0,4.45,1.15
300210,森远股份,8.32,8.32,8.33,8.15,8.15,8.32,7.74,11241884.0,90531249.0,2.086,0.17
300211,*ST亿通,5.96,5.95,5.96,5.85,5.81,5.99,5.23,6281234.0,35332348.0,1.88,0.11
300212,*ST易录,7.2,7.2,7.21,6.77,6.77,7.3,6.51,21467556.0,148527641.0,6.352,0.43
300213,佳讯飞鸿,5.63,5.63,5.64,5.59,5.57,5.69,5.33,19368700.0,107233528.0,0.716,0.04
300214,日科化学,8.79,8.78,8.79,8.53,8.41,8.87,7.62,38584900.0,322049862.0,3.048,0.26
300215,电科院,5.65,5.64,5.65,5.64,5.64,5.67,5.25,17745514.0,97248040.0,0.177,0.01
300217,东方电热,4.14,4.14,4.15,4.02,4.0,4.18,3.92,29513441.0,119320805.0,2.985,0.12
300218,安利股份,11.44,11.44,11.46,11.68,11.69,11.82,11.11,3761700.0,42699285.0,-2.055,-0.24
300219,鸿利智汇,6.58,6.58,6.59,6.23,6.24,6.59,5.93,27024374.0,170388524.0,5.618,0.35
300220,金运激光,9.26,9.24,9.26,9.3,9.29,9.39,8.6,4655446.0,42181502.0,-0.43,-0.04
300221,银禧科技,11.03,11.03,11.04,10.46,10.64,11.07,9.34,44656450.0,461107782.0,5.449,0.57
300222,科大智能,9.15,9.15,9.16,8.94,8.96,9.17,8.19,38900561.0,340964433.0,2.349,0.21
300223,北京君正,168.0,168.0,168.02,143.65,150.11,168.88,136.2,61057810.0,9416250247.0,16.951,24.35
300224,正海磁材,10.81,10.81,10.82,10.54,10.57,10.84,10.35,18914492.0,202183057.0,2.562,0.27
300225,金力泰,6.58,6.58,6.59,6.38,6.39,6.59,5.85,22886518.0,143376666.0,3.135,0.2
300226,上海钢联,15.53,15.52,15.53,15.29,15.27,15.58,15.15,9478170.0,145994436.0,1.57,0.24
300227,光韵达,8.39,8.39,8.4,8.1,8.17,8.42,7.33,23195510.0,183654352.0,3.58,0.29
300228,富瑞特装,6.92,6.92,6.93,6.84,6.84,6.93,6.57,16829600.0,114024195.0,1.17,0.08
300229,拓尔思,12.92,12.91,12.92,12.51,12.36,12.93,12.07,32471305.0,408838195.0,3.277,0.41
300230,永利股份,4.1,4.09,4.1,4.12,4.13,4.14,4.01,10856000.0,44254005.0,-0.485,-0.02
300231,银信科技,8.99,8.98,8.99,8.78,8.41,9.15,8.13,51463147.0,444555942.0,2.392,0.21
300232,洲明科技,4.92,4.91,4.92,4.83,4.8,4.93,4.67,19396842.0,93480300.0,1.863,0.09
300233,金城医药,12.62,12.61,12.62,13.07,12.94,12.94,12.23,16074357.0,201418843.0,-3.443,-0.45
300234,开尔新材,6.96,6.95,6.96,6.9,6.83,6.97,5.95,41255275.0,268732437.0,0.87,0.06
300235,方直科技,10.39,10.38,10.39,10.32,10.34,10.52,9.8,6001500.0,61234101.0,0.678,0.07
300236,上海新阳,93.51,93.5,93.51,82.0,82.7,94.0,77.05,20313699.0,1761109330.0,14.037,11.51
300237,ST美晨,1.87,1.86,1.87,1.91,1.91,1.91,1.8,19615173.0,36292214.0,-2.094,-0.04
300238,冠昊生物,10.82,10.81,10.82,11.07,11.11,11.11,10.42,6465864.0,69259138.0,-2.258,-0.25
300239,东宝生物,4.68,4.68,4.69,4.85,4.8,4.83,4.51,17638302.0,82174951.0,-3.505,-0.17
300240,飞力达,5.03,5.03,5.04,5.1,5.14,5.14,4.93,10220723.0,51236964.0,-1.373,-0.07
300241,瑞丰光电,5.03,5.02,5.03,4.83,4.83,5.03,4.54,30225401.0,145949550.0,4.141,0.2
300242,佳云科技,4.18,4.18,4.19,4.17,4.1,4.2,3.71,24828898.0,99471953.0,0.24,0.01
300243,瑞丰高材,13.36,13.36,13.37,12.45,12.6,13.36,11.32,19498770.0,243734982.0,7.309,0.91
300244,迪安诊断,18.0,17.99,18.0,18.66,18.31,18.51,16.7,40823789.0,719507261.0,-3.537,-0.66
300245,ST天玑,5.05,5.05,5.06,5.01,4.99,5.08,4.71,9945000.0,48794547.0,0.798,0.04
300246,宝莱特,15.65,15.65,15.72,15.38,15.53,16.23,13.75,19995152.0,301657194.0,1.756,0.27
300247,融捷健康,3.59,3.59,3.6,3.57,3.58,3.61,3.47,13642800.0,48384990.0,0.56,0.02
300248,新开普,7.76,7.76,7.77,7.59,7.57,7.77,7.36,11931867.0,90833110.0,2.24,0.17
300249,依米康,12.95,12.94,12.95,12.55,12.54,12.95,11.41,29769943.0,366192087.0,3.187,0.4
300250,初灵信息,13.48,13.47,13.48,13.2,13.07,13.55,12.46,8634600.0,112915799.0,2.121,0.28
300251,光线传媒,12.16,12.15,12.16,12.1,11.96,12.58,11.76,88464190.0,1068377523.0,0.496,0.06
300252,金信诺,11.04,11.04,11.05,10.45,10.51,11.05,9.76,35805813.0,374232406.0,5.646,0.59
300253,卫宁健康,7.08,7.08,7.09,6.94,6.9,7.13,6.88,73388357.0,515586119.0,2.017,0.14
300254,仟源医药,7.52,7.52,7.53,7.99,7.87,7.9,6.93,26814627.0,197477469.0,-5.882,-0.47
300255,常山药业,28.55,28.55,28.56,30.05,29.22,29.64,26.1,81192262.0,2271437717.0,-4.992,-1.5
300256,星星科技,2.44,2.43,2.44,2.39,2.41,2.44,2.3,28182950.0,67301240.0,2.092,0.05
300257,开山股份,20.16,20.16,20.17,19.95,20.22,20.48,17.76,19989340.0,383353939.0,1.053,0.21
300258,精锻科技,9.78,9.77,9.78,9.55,9.52,9.81,9.23,10820671.0,103584960.0,2.408,0.23
300259,新天科技,4.85,4.85,4.86,4.59,4.64,4.87,4.2,56130924.0,255741656.0,5.664,0.26
300260,新莱应材,60.62,60.62,60.63,54.0,54.65,60.68,50.02,28713564.0,1603906611.0,12.259,6.62
300261,雅本化学,4.52,4.52,4.53,4.59,4.58,4.63,4.42,14589100.0,65652923.0,-1.525,-0.07
300263,隆华科技,9.21,9.21,9.22,8.54,8.88,9.24,7.94,99062315.0,856650686.0,7.845,0.67
300264,佳创视讯,6.76,6.76,6.77,6.7,6.7,6.83,6.06,20154701.0,130367115.0,0.896,0.06
300265,通光线缆,13.17,13.17,13.18,12.51,12.6,13.17,11.24,38183288.0,472031471.0,5.276,0.66
300266,兴源环境,1.71,1.7,1.71,1.71,1.72,1.72,1.63,22101618.0,37120276.0,0.0,0.0
300267,尔康制药,2.99,2.99,3.0,3.13,3.1,3.12,2.78,73625037.0,215606409.0,-4.473,-0.14
300268,佳沃食品,9.66,9.66,9.67,9.98,9.94,10.03,9.0,3503000.0,33156835.0,-3.206,-0.32
300269,联建光电,4.31,4.31,4.32,4.24,4.25,4.35,3.89,29427655.0,122116048.0,1.651,0.07
300270,中威电子,9.55,9.54,9.55,9.4,9.37,9.6,8.1,26639402.0,239853616.0,1.596,0.15
300271,华宇软件,5.03,5.03,5.04,4.99,4.93,5.03,4.8,17683383.0,87284879.0,0.802,0.04
300272,开能健康,5.34,5.34,5.35,5.42,5.4,5.4,5.16,11151200.0,59012407.0,-1.476,-0.08
300274,阳光电源,104.08,104.08,104.09,101.77,102.88,104.88,101.16,67068249.0,6912115469.0,2.27,2.31
300275,梅安森,7.57,7.57,7.59,7.61,7.62,7.7,7.27,8736884.0,65529894.0,-0.526,-0.04
300276,三丰智能,6.68,6.68,6.69,6.42,6.42,6.8,6.27,36973556.0,241772562.0,4.05,0.26
300277,汽轮科技,11.88,11.87,11.88,11.55,11.54,11.93,11.13,22668088.0,263509459.0,2.857,0.33
300278,华昌达,3.48,3.48,3.49,3.4,3.4,3.48,3.31,22691397.0,77600128.0,2.353,0.08
300279,和晶科技,4.95,4.95,4.96,4.97,4.97,5.05,4.62,21604986.0,105381035.0,-0.402,-0.02
300281,金明精机,5.37,5.37,5.38,5.39,5.34,5.48,5.0,13891176.0,73316563.0,-0.371,-0.02
300283,温州宏丰,13.95,13.95,13.96,12.81,13.07,14.04,11.32,51992195.0,667495102.0,8.899,1.14
300284,苏交科,5.32,5.31,5.32,5.31,5.28,5.4,5.28,17424022.0,93017067.0,0.188,0.01
300285,国瓷材料,59.9,59.9,0.0,49.92,54.12,59.9,49.92,112291591.0,6099771968.0,19.992,9.98
300286,安科瑞,19.3,19.3,19.31,18.74,18.8,19.36,17.65,10383027.0,193029602.0,2.988,0.56
300287,飞利信,3.97,3.97,3.98,3.79,3.73,3.98,3.39,89912394.0,330259420.0,4.749,0.18
300288,朗玛信息,9.24,9.24,9.25,9.31,9.31,9.52,9.03,7711604.0,71261779.0,-0.752,-0.07
300289,利德曼,5.4,5.4,5.41,5.56,5.55,5.56,5.24,9831498.0,52791620.0,-2.878,-0.16
300290,ST荣科,3.93,3.92,3.93,4.02,3.97,4.02,3.66,30448058.0,117349867.0,-2.239,-0.09
300291,百纳千成,4.64,4.64,4.65,4.66,4.62,4.74,4.32,40966346.0,186148396.0,-0.429,-0.02
300292,吴通控股,3.98,3.98,3.99,3.89,3.86,3.99,3.6,69893455.0,267425146.0,2.314,0.09
300293,蓝英装备,14.17,14.17,14.18,13.77,13.64,14.22,12.92,6918200.0,95028553.0,2.905,0.4
300294,博雅生物,15.4,15.4,15.42,15.77,15.68,15.98,15.38,8359955.0,130445349.0,-2.346,-0.37
300295,*ST三六,10.15,10.15,10.16,10.37,10.41,10.54,9.8,2985000.0,30179562.0,-2.122,-0.22
300296,利亚德,5.25,5.24,5.25,5.13,5.09,5.25,5.04,60697354.0,313941019.0,2.339,0.12
300298,三诺生物,15.92,15.91,15.92,15.91,15.84,16.28,15.78,11445100.0,183728108.0,0.063,0.01
300299,富春股份,4.86,4.85,4.86,4.78,4.75,4.88,4.64,22807463.0,109164948.0,1.674,0.08
300300,海峡创新,6.69,6.69,6.7,6.45,6.44,6.7,6.0,47881663.0,306502453.0,3.721,0.24
300301,ST长方,3.41,3.41,3.42,3.39,3.38,3.49,3.29,11018450.0,37234467.0,0.59,0.02
300302,同有科技,30.37,30.37,30.38,27.48,28.12,30.37,24.5,44790246.0,1246234172.0,10.517,2.89
300303,聚飞光电,7.03,7.03,7.04,6.64,6.65,7.05,6.35,70747468.0,480508416.0,5.873,0.39
300304,云意电气,10.84,10.83,10.84,10.57,10.75,10.94,9.6,37811360.0,394181879.0,2.554,0.27
300305,裕兴股份,4.8,4.8,4.81,4.84,4.74,4.83,4.44,12517400.0,58314388.0,-0.826,-0.04
300306,远方信息,8.8,8.8,8.81,8.77,8.77,8.87,8.35,5001740.0,43455557.0,0.342,0.03
300307,慈星股份,6.26,6.26,6.27,6.13,6.16,6.33,5.81,22564800.0,137075363.0,2.121,0.13
300308,中际旭创,1136.55,1136.55,1136.56,1004.0,1020.01,1136.8,988.82,48115735.0,51302197634.0,13.202,132.55
300310,宜通世纪,4.14,4.13,4.14,4.05,4.13,4.26,3.91,46936123.0,191808725.0,2.222,0.09
300311,ST任子行,4.93,4.93,4.94,4.9,4.96,4.98,4.57,17239729.0,83389724.0,0.612,0.03
300313,天山生物,7.44,7.43,7.44,7.58,7.58,7.68,7.2,5731400.0,42315440.0,-1.847,-0.14
300314,戴维医疗,9.34,9.32,9.34,9.56,9.66,9.66,9.07,4923109.0,45721078.0,-2.301,-0.22
300315,掌趣科技,4.14,4.14,4.15,4.08,4.05,4.23,4.04,109579227.0,453898073.0,1.471,0.06
300316,晶盛机电,38.51,38.51,38.52,36.39,36.44,38.7,35.52,29400207.0,1096113857.0,5.826,2.12
300317,珈伟新能,4.3,4.3,4.31,4.65,4.4,4.47,4.04,164585546.0,697080423.0,-7.527,-0.35
300318,博晖创新,4.61,4.6,4.61,4.7,4.66,4.67,4.49,10437700.0,47619094.0,-1.915,-0.09
300319,麦捷科技,15.95,15.95,15.96,14.36,14.71,15.96,12.72,128501468.0,1874107207.0,11.072,1.59
300320,海达股份,7.92,7.92,7.93,7.66,7.74,7.95,7.53,7913092.0,61463914.0,3.394,0.26
300321,同大股份,33.66,33.6,33.67,32.17,32.57,33.75,28.0,6052854.0,189021125.0,4.632,1.49
300322,硕贝德,17.78,17.78,17.79,16.44,16.52,17.8,15.21,33567078.0,562569405.0,8.151,1.34
300323,华灿光电,12.1,12.1,12.11,10.83,11.04,12.12,10.15,108564020.0,1218183460.0,11.727,1.27
300324,旋极信息,3.52,3.51,3.52,3.44,3.44,3.52,3.27,39418291.0,135294928.0,2.326,0.08
300326,ST凯利,5.37,5.37,5.38,5.6,5.57,5.62,5.1,10859400.0,58015462.0,-4.107,-0.23
300327,中颖电子,22.93,22.93,22.94,21.84,21.84,22.99,20.6,17822783.0,393457566.0,4.991,1.09
300328,宜安科技,10.42,10.42,10.43,10.1,10.15,10.44,9.23,42158245.0,419177190.0,3.168,0.32
300329,海伦钢琴,10.2,10.19,10.2,9.83,9.98,10.26,9.61,4004200.0,39702077.0,3.764,0.37
300331,苏大维格,42.5,42.5,42.51,39.0,39.7,42.56,33.88,27537256.0,1064649967.0,8.974,3.5
300332,天壕能源,4.72,4.71,4.72,4.94,4.8,4.8,4.61,44536099.0,208897648.0,-4.453,-0.22
300333,兆日科技,6.97,6.97,6.98,6.88,6.88,7.0,6.57,10291500.0,70528835.0,1.308,0.09
300334,津膜科技,7.32,7.31,7.32,7.25,7.31,7.44,6.5,23629500.0,166101045.0,0.966,0.07
300335,迪森股份,5.16,5.16,5.17,5.6,5.36,5.4,4.89,46597548.0,237351710.0,-7.857,-0.44
300337,银邦股份,9.04,9.04,9.05,8.76,8.76,9.09,8.43,25925300.0,229458522.0,3.196,0.28
300338,*ST开元,2.46,2.45,2.46,2.48,2.5,2.52,2.21,9723610.0,22978092.0,-0.806,-0.02
300339,润和软件,36.18,36.18,36.19,35.72,35.4,36.57,35.22,27326000.0,984158119.0,1.288,0.46
300340,科恒股份,7.47,7.47,7.48,7.34,7.36,7.5,7.04,5949960.0,43395683.0,1.771,0.13
300341,麦克奥迪,11.86,11.86,11.87,11.55,11.54,11.93,11.28,5566800.0,64814371.0,2.684,0.31
300342,天银机电,32.14,32.14,32.15,31.25,31.54,32.42,28.42,28974569.0,891195270.0,2.848,0.89
300343,联创股份,5.83,5.83,5.84,5.85,5.76,5.87,5.6,31300380.0,179878905.0,-0.342,-0.02
300345,华民股份,5.59,5.58,5.59,5.69,5.7,5.72,5.14,33211402.0,180728055.0,-1.757,-0.1
300346,南大光电,56.72,56.71,56.72,50.9,51.83,56.75,46.55,83946130.0,4395738982.0,11.434,5.82
300347,泰格医药,50.18,50.18,50.19,49.06,48.08,50.45,46.0,28720107.0,1384134378.0,2.283,1.12
300348,长亮科技,9.18,9.18,9.19,8.55,8.49,9.65,8.48,46025148.0,423486253.0,7.368,0.63
300349,金卡智能,9.9,9.89,9.9,9.89,9.89,9.97,9.54,7128764.0,69892614.0,0.101,0.01
300350,华鹏飞,3.92,3.92,3.93,3.9,3.88,3.97,3.81,19969443.0,77427904.0,0.513,0.02
300351,永贵电器,12.31,12.31,12.32,11.77,11.8,12.33,10.9,18876608.0,221241538.0,4.588,0.54
300352,ST信源,2.19,2.19,2.2,2.24,2.24,2.26,2.03,37579500.0,80970329.0,-2.232,-0.05
300353,东土科技,19.01,19.0,19.01,18.6,18.23,19.25,17.8,19915926.0,371709995.0,2.204,0.41
300354,东华测试,29.05,29.03,29.05,28.1,28.12,29.08,26.59,3940358.0,109947952.0,3.381,0.95
300355,蒙草生态,2.8,2.79,2.8,2.79,2.81,2.81,2.71,25926000.0,71665761.0,0.358,0.01
300357,我武生物,25.08,25.08,25.09,24.72,24.5,25.16,24.04,13805856.0,339322040.0,1.456,0.36
300358,楚天科技,7.83,7.82,7.83,7.95,7.94,7.96,7.56,23577963.0,182715338.0,-1.509,-0.12
300359,全通教育,3.46,3.46,3.47,3.46,3.46,3.48,3.27,18489900.0,62713134.0,0.0,0.0
300360,炬华科技,12.06,12.06,12.07,11.9,11.79,12.06,11.78,8486097.0,101296385.0,1.345,0.16
300363,博腾股份,16.76,16.75,16.76,16.6,16.56,16.78,15.63,27939877.0,454455488.0,0.964,0.16
300364,中文在线,21.68,21.68,21.69,21.34,21.28,21.85,20.01,34793407.0,732899587.0,1.593,0.34
300365,恒华科技,4.49,4.48,4.49,4.32,4.3,4.56,4.16,23308476.0,102397894.0,3.935,0.17
300366,ST创意,4.21,4.2,4.21,4.24,4.28,4.28,4.06,7851600.0,32689889.0,-0.708,-0.03
300368,汇金股份,9.73,9.72,9.73,9.41,9.21,10.23,9.03,94872200.0,904821956.0,3.401,0.32
300369,绿盟科技,6.49,6.49,6.5,6.38,6.39,6.76,6.12,77268665.0,497779163.0,1.724,0.11
300370,安控科技,1.97,1.96,1.97,1.96,1.96,1.98,1.89,24805885.0,47960705.0,0.51,0.01
300371,汇中股份,9.18,9.16,9.18,9.38,9.29,9.34,8.71,3982400.0,35984174.0,-2.132,-0.2
300373,扬杰科技,98.51,98.51,98.52,86.9,88.5,99.44,83.0,27363753.0,2528788868.0,13.36,11.61
300374,中铁装配,10.13,10.13,10.15,10.23,10.2,10.32,10.01,5670210.0,57442924.0,-0.978,-0.1
300375,鹏翎股份,3.72,3.71,3.72,3.72,3.71,3.74,3.58,9677753.0,35444754.0,0.0,0.0
300376,易事特,4.52,4.52,4.53,4.43,4.41,4.57,4.37,27059960.0,121686434.0,2.032,0.09
300377,赢时胜,14.32,14.31,14.32,13.73,13.65,14.47,13.09,64568943.0,898215392.0,4.297,0.59
300378,鼎捷数智,28.92,28.92,28.93,28.14,27.8,29.13,27.35,11584563.0,329282655.0,2.772,0.78
300380,安硕信息,28.88,28.88,28.9,28.03,28.03,28.91,27.38,3698100.0,104162712.0,3.032,0.85
300381,溢多利,5.62,5.62,5.63,5.78,5.76,5.76,5.45,9934600.0,55424784.0,-2.768,-0.16
300382,斯莱克,14.97,14.97,14.98,12.68,12.56,15.13,11.5,59511249.0,786361542.0,18.06,2.29
300383,光环新网,13.4,13.4,13.41,13.14,12.92,13.42,12.59,109524641.0,1433460435.0,1.979,0.26
300384,三联虹普,11.72,11.72,11.73,11.62,11.62,11.77,11.33,3791749.0,43784789.0,0.861,0.1
300385,ST雪浪,9.85,9.85,9.88,9.99,10.0,10.17,9.55,7766844.0,76463727.0,-1.401,-0.14
300386,飞天诚信,9.67,9.66,9.67,9.34,9.27,9.7,9.2,9124297.0,86892376.0,3.533,0.33
300387,富邦科技,6.65,6.64,6.65,6.75,6.71,6.78,6.5,8438700.0,56023241.0,-1.481,-0.1
300388,节能国祯,6.64,6.64,6.65,6.66,6.6,6.69,6.47,7727800.0,50838800.0,-0.3,-0.02
300389,艾比森,11.88,11.87,11.88,11.6,11.59,12.0,11.21,6633200.0,77364822.0,2.414,0.28
300390,天华新能,55.82,55.81,55.82,53.33,54.0,55.9,50.74,46996362.0,2525801886.0,4.669,2.49
300393,中来股份,5.53,5.53,5.54,5.32,5.35,5.56,5.0,34918974.0,186196076.0,3.947,0.21
300394,天孚通信,231.0,230.99,231.0,213.54,215.2,232.1,188.08,64907914.0,13858692755.0,8.176,17.46
300395,菲利华,83.9,83.9,83.91,75.36,77.02,83.95,70.79,36886514.0,2887453701.0,11.332,8.54
300396,ST迪瑞,6.22,6.22,6.23,6.33,6.25,6.36,6.08,2591100.0,16058113.0,-1.738,-0.11
300397,天和防务,9.68,9.68,9.69,9.48,9.5,9.68,8.83,23540672.0,219686012.0,2.11,0.2
300398,飞凯材料,35.22,35.22,35.23,31.69,32.33,35.3,28.56,70406632.0,2273778813.0,11.139,3.53
300399,天利科技,16.35,16.34,16.35,16.27,16.12,16.36,15.36,6864272.0,109471762.0,0.492,0.08
300400,劲拓股份,23.6,23.6,23.62,21.02,21.44,23.7,18.68,25344600.0,541847835.0,12.274,2.58
300401,花园生物,12.61,12.6,12.61,12.64,12.89,12.9,11.8,42241615.0,525786183.0,-0.237,-0.03
300402,宝色股份,13.16,13.15,13.16,12.97,13.03,13.24,12.48,4556557.0,58929014.0,1.465,0.19
300403,汉宇集团,8.94,8.93,8.94,8.72,8.72,8.94,8.34,14406662.0,125338327.0,2.523,0.22
300404,博济医药,9.48,9.47,9.48,9.8,9.66,9.71,9.01,27911499.0,260430438.0,-3.265,-0.32
300405,科隆股份,4.62,4.62,4.63,4.67,4.64,4.67,4.23,14805282.0,66461056.0,-1.071,-0.05
300406,九强生物,11.34,11.34,11.35,11.57,11.45,11.59,11.26,5785500.0,65760709.0,-1.988,-0.23
300407,凯发电气,9.44,9.44,9.45,9.59,9.56,9.68,9.2,10307700.0,97181053.0,-1.564,-0.15
300408,三环集团,107.54,107.54,107.55,91.02,95.5,107.7,86.03,101894785.0,10047200382.0,18.15,16.52
300409,道氏技术,17.57,17.57,17.58,16.46,16.36,17.65,16.36,32262161.0,553495967.0,6.744,1.11
300410,正业科技,6.91,6.9,6.91,6.48,6.61,6.93,5.9,34151400.0,221058556.0,6.636,0.43
300411,金盾股份,6.5,6.49,6.5,6.46,6.47,6.57,6.19,10019270.0,64217157.0,0.619,0.04
300412,迦南科技,3.82,3.81,3.82,3.93,3.83,3.93,3.57,23251310.0,86652903.0,-2.799,-0.11
300413,芒果超媒,15.52,15.52,15.53,15.52,15.39,15.83,15.33,26715530.0,414508945.0,0.0,0.0
300414,中光防雷,9.37,9.36,9.37,9.25,9.16,9.47,8.71,8906724.0,81477972.0,1.297,0.12
300415,伊之密,19.52,19.5,19.52,19.26,19.25,19.68,19.05,9186282.0,178513637.0,1.35,0.26
300416,苏试试验,13.88,13.88,13.89,13.21,13.25,13.93,12.91,27029718.0,364690999.0,5.072,0.67
300417,南华仪器,9.1,9.08,9.1,9.02,9.01,9.25,8.36,7137100.0,63063929.0,0.887,0.08
300418,昆仑万维,43.48,43.47,43.48,42.92,42.2,43.88,39.7,88483072.0,3735246642.0,1.305,0.56
300419,ST浩丰,7.16,7.15,7.16,7.35,7.36,7.55,6.9,9362400.0,66791380.0,-2.585,-0.19
300420,五洋自控,6.7,6.7,6.71,6.1,6.14,6.7,5.41,140076092.0,854197572.0,9.836,0.6
300421,力星股份,15.59,15.58,15.59,15.18,15.3,15.59,14.03,11555740.0,172748091.0,2.701,0.41
300422,博世科,4.05,4.04,4.05,4.14,4.13,4.14,3.86,15984905.0,63900430.0,-2.174,-0.09
300423,昇辉科技,5.14,5.14,5.15,5.19,5.17,5.22,4.86,13811154.0,69831784.0,-0.963,-0.05
300424,航新科技,12.56,12.56,12.57,12.32,12.32,12.65,11.48,12632611.0,153218786.0,1.948,0.24
300425,中建环能,3.75,3.74,3.75,3.79,3.79,3.81,3.66,13056058.0,48639145.0,-1.055,-0.04
300426,华智数媒,5.39,5.39,5.4,5.43,5.38,5.48,5.0,18872500.0,99149076.0,-0.737,-0.04
300427,红相股份,5.52,5.52,5.53,5.5,5.45,5.54,5.0,34839900.0,185144994.0,0.364,0.02
300428,立中集团,18.82,18.82,18.83,17.66,17.71,19.14,17.52,21233754.0,393455854.0,6.569,1.16
300429,强力新材,9.85,9.85,9.86,9.25,9.3,9.85,8.5,47898701.0,443804366.0,6.486,0.6
300430,*ST益通,4.1,4.09,4.1,4.23,4.11,4.14,3.86,16419350.0,65714026.0,-3.073,-0.13
300432,富临精工,15.14,15.14,15.15,14.29,14.5,15.23,14.38,55895782.0,831807031.0,5.948,0.85
300433,蓝思科技,38.29,38.29,38.3,34.22,34.8,38.35,31.77,175466232.0,6171898590.0,11.894,4.07
300434,金石亚药,10.61,10.6,10.61,10.6,10.39,10.68,9.57,42014400.0,424868174.0,0.094,0.01
300435,中泰股份,16.77,16.76,16.77,16.39,16.49,16.8,15.21,19161399.0,309056539.0,2.318,0.38
300436,广生堂,90.49,90.49,90.5,91.96,92.14,92.44,83.4,8773749.0,770325289.0,-1.599,-1.47
300437,清水源,9.61,9.61,9.62,9.71,9.76,9.83,8.88,10442001.0,97991493.0,-1.03,-0.1
300438,鹏辉能源,62.9,62.9,62.92,58.0,58.01,63.17,57.74,30132989.0,1841722711.0,8.448,4.9
300439,美康生物,8.35,8.35,8.36,8.55,8.52,8.6,8.23,5412600.0,45314740.0,-2.339,-0.2
300440,运达科技,17.53,17.52,17.53,17.18,17.3,17.74,14.6,21835799.0,351925568.0,2.037,0.35
300441,鲍斯股份,6.85,6.84,6.85,6.67,6.62,6.86,6.45,13210565.0,87992235.0,2.699,0.18
300442,润泽科技,68.71,68.7,68.71,66.6,66.6,68.73,61.64,46289590.0,3059142593.0,3.168,2.11
300443,金雷股份,19.1,19.1,19.13,19.0,18.98,19.37,18.85,7095774.0,135467729.0,0.526,0.1
300444,双杰电气,8.32,8.31,8.32,8.36,8.28,8.35,7.64,58686583.0,470742717.0,-0.478,-0.04
300445,康斯特,16.54,16.53,16.54,16.25,16.35,16.73,15.51,4739423.0,76990247.0,1.785,0.29
300446,航天智造,13.61,13.61,13.62,13.41,13.34,13.66,13.14,9666230.0,130317260.0,1.491,0.2
300447,全信股份,12.4,12.4,12.41,12.49,12.49,12.62,11.67,6149463.0,74954908.0,-0.721,-0.09
300448,浩云科技,4.97,4.97,4.98,4.88,4.82,5.0,4.51,27386643.0,131314946.0,1.844,0.09
300449,汉邦高科,6.08,6.08,6.09,5.96,5.92,6.1,5.64,12229200.0,72342728.0,2.013,0.12
300450,先导智能,32.76,32.76,32.77,31.27,31.4,32.78,31.11,59783693.0,1916756578.0,4.765,1.49
300451,创业慧康,3.33,3.32,3.33,3.34,3.3,3.36,3.21,34954260.0,115143978.0,-0.299,-0.01
300452,山河药辅,12.12,12.11,12.12,12.37,12.33,12.36,11.9,5980000.0,72324253.0,-2.021,-0.25
300453,三鑫医疗,9.39,9.39,9.4,9.49,9.41,9.43,9.17,8093882.0,75316339.0,-1.054,-0.1
300454,深信服,116.6,116.6,116.61,113.02,110.03,116.6,107.0,28158837.0,3173289309.0,3.168,3.58
300455,航天智装,17.3,17.3,17.31,16.75,16.71,17.55,16.26,11476036.0,195355182.0,3.284,0.55
300456,赛微电子,30.44,30.43,30.44,28.48,28.51,30.49,26.28,38236922.0,1099328542.0,6.882,1.96
300457,赢合科技,18.26,18.26,18.27,17.65,17.61,18.45,17.61,13895086.0,252348216.0,3.456,0.61
300458,全志科技,37.53,37.53,37.54,35.92,35.71,37.72,34.13,104207134.0,3788655119.0,4.482,1.61
300459,汤姆猫,3.52,3.52,3.53,3.45,3.44,3.55,3.42,119622708.0,418881265.0,2.029,0.07
300460,ST惠伦,8.35,8.34,8.35,8.25,8.25,8.52,7.64,6185500.0,50299307.0,1.212,0.1
300461,田中精机,28.92,28.92,28.93,27.46,27.46,29.05,24.87,6699680.0,181245997.0,5.317,1.46
300462,ST华铭,10.0,10.0,10.02,9.94,9.89,10.04,9.47,1571700.0,15379065.0,0.604,0.06
300463,迈克生物,8.82,8.81,8.82,9.04,9.02,9.05,8.73,12138094.0,107381155.0,-2.434,-0.22
300464,星徽股份,5.73,5.72,5.73,5.39,5.37,5.77,4.76,25364350.0,133595105.0,6.308,0.34
300465,高伟达,10.93,10.93,10.94,10.83,10.61,10.95,10.14,27223603.0,288929893.0,0.923,0.1
300466,赛摩智能,6.81,6.8,6.81,6.77,6.76,6.85,6.46,8077908.0,53876979.0,0.591,0.04
300467,迅游科技,29.88,29.86,29.88,28.75,28.91,30.15,27.06,5203072.0,149831192.0,3.93,1.13
300468,四方精创,20.46,20.45,20.46,18.93,18.9,21.27,18.83,47459071.0,966093966.0,8.082,1.53
300469,信息发展,45.39,45.38,45.39,44.9,44.45,46.78,37.82,14212304.0,599096246.0,1.091,0.49
300470,中密控股,28.81,28.81,28.82,28.68,28.8,29.16,28.51,2619820.0,75569455.0,0.453,0.13
300471,厚普股份,8.78,8.78,8.79,8.68,8.71,8.85,8.31,8257676.0,71112187.0,1.152,0.1
300472,*ST新元,5.8,5.8,5.81,5.64,5.75,5.86,5.21,4196300.0,23043880.0,2.837,0.16
300473,德尔股份,21.64,21.64,21.65,21.17,21.6,21.82,19.96,7150800.0,150760751.0,2.22,0.47
300474,景嘉微,53.59,53.59,53.6,51.55,51.56,53.86,51.37,14121373.0,744566311.0,3.957,2.04
300475,香农芯创,176.98,176.97,176.98,153.68,160.0,177.65,140.1,53849150.0,8634136856.0,15.161,23.3
300476,胜宏科技,240.27,240.27,240.28,224.11,229.0,241.73,206.0,46296919.0,10530993106.0,7.211,16.16
300477,ST合纵,2.29,2.28,2.29,2.27,2.28,2.3,2.2,13223112.0,29773563.0,0.881,0.02
300478,杭州高新,28.57,28.56,28.57,28.68,28.9,29.47,25.08,6268900.0,172623508.0,-0.384,-0.11
300479,神思电子,12.77,12.77,12.78,12.65,12.55,12.88,12.25,5243353.0,66249367.0,0.949,0.12
300480,光力科技,26.51,26.51,26.52,24.09,24.48,26.58,21.4,30152718.0,733384215.0,10.046,2.42
300481,濮阳惠成,13.27,13.27,13.28,12.6,12.65,13.3,12.03,19314354.0,245969389.0,5.317,0.67
300482,万孚生物,16.87,16.87,16.88,16.9,16.74,16.98,16.64,7175083.0,120647687.0,-0.178,-0.03
300483,首华燃气,18.66,18.66,18.67,18.8,18.49,18.75,17.03,27681762.0,496572235.0,-0.745,-0.14
300484,蓝海华腾,11.99,11.99,12.0,11.64,11.66,11.99,10.9,4625451.0,53298286.0,3.007,0.35
300485,赛升药业,8.98,8.98,8.99,9.35,9.2,9.25,8.54,15588208.0,137670395.0,-3.957,-0.37
300486,东杰智能,17.77,17.77,17.78,17.35,17.49,17.77,15.44,23623514.0,394201818.0,2.421,0.42
300487,蓝晓科技,65.13,65.13,65.14,64.8,65.55,67.3,60.63,18364046.0,1176348720.0,0.509,0.33
300488,恒锋工具,30.78,30.78,30.79,29.19,29.2,31.24,26.92,8755861.0,256314313.0,5.447,1.59
300489,光智科技,190.01,190.0,190.02,173.0,176.11,192.0,155.32,15019750.0,2642174329.0,9.832,17.01
300490,华自科技,10.52,10.51,10.52,10.3,10.3,10.53,9.58,19000300.0,191990823.0,2.136,0.22
300491,通合科技,23.69,23.65,23.7,21.75,22.4,23.79,19.5,16670206.0,364962397.0,8.92,1.94
300492,华图山鼎,22.02,22.02,22.03,22.07,22.07,22.42,21.67,4959297.0,109248580.0,-0.227,-0.05
300493,润欣科技,12.19,12.19,12.2,11.85,11.84,12.3,11.45,16930869.0,203110950.0,2.869,0.34
300494,盛天网络,8.11,8.1,8.11,8.07,8.01,8.19,7.82,11675640.0,93753988.0,0.496,0.04
300496,中科创达,61.16,61.16,61.17,58.41,57.58,61.16,57.5,25170881.0,1506042638.0,4.708,2.75
300497,富祥股份,16.97,16.97,16.98,16.45,16.41,16.98,14.56,54071936.0,857669295.0,3.161,0.52
300498,温氏股份,14.0,14.0,14.01,14.51,14.35,14.72,14.0,86690405.0,1238075008.0,-3.515,-0.51
300499,高澜股份,27.73,27.73,27.74,26.16,26.45,27.78,23.2,29837800.0,770533190.0,6.002,1.57
300500,启迪设计,8.06,8.05,8.06,8.19,8.14,8.21,7.51,5815800.0,46002762.0,-1.587,-0.13
300501,海顺新材,9.7,9.7,9.71,9.96,10.03,10.11,9.11,6550434.0,62637551.0,-2.61,-0.26
300502,新易盛,551.77,551.77,551.78,510.0,519.0,554.4,490.99,75706326.0,39883138339.0,8.19,41.77
300503,昊志机电,73.66,73.66,73.67,65.0,69.26,73.7,62.22,32003016.0,2209680490.0,13.323,8.66
300504,天邑股份,13.14,13.14,13.15,12.93,12.97,13.24,11.67,13669700.0,171869937.0,1.624,0.21
300505,川金诺,16.81,16.81,16.82,16.61,16.64,16.83,15.71,16696364.0,272835453.0,1.204,0.2
300506,名家汇,5.55,5.55,5.56,5.08,5.16,5.59,4.6,45266586.0,232191150.0,9.252,0.47
300507,苏奥传感,6.17,6.17,6.18,6.1,6.09,6.21,5.77,13042220.0,78549702.0,1.148,0.07
300508,维宏股份,35.88,35.87,35.9,33.7,34.16,35.96,30.01,5468900.0,182116985.0,6.469,2.18
300509,新美星,7.55,7.55,7.56,7.56,7.56,7.67,7.11,9371280.0,69639380.0,-0.132,-0.01
300510,金冠股份,3.1,3.1,3.11,3.14,3.12,3.14,3.01,21144359.0,65016403.0,-1.274,-0.04
300511,雪榕生物,5.09,5.09,5.1,5.22,5.22,5.23,4.98,24106810.0,122481592.0,-2.49,-0.13
300512,中亚股份,6.39,6.38,6.39,6.37,6.42,6.48,6.09,5717401.0,36052949.0,0.314,0.02
300513,恒实科技,6.51,6.51,6.53,6.51,6.51,6.61,6.08,10371646.0,66228274.0,0.0,0.0
300514,友讯达,8.55,8.55,8.56,8.74,8.72,8.76,8.1,4952162.0,41752610.0,-2.174,-0.19
300515,三德科技,15.71,15.7,15.71,14.86,14.86,15.85,13.93,20911692.0,313894068.0,5.72,0.85
300516,久之洋,26.0,26.0,26.01,25.5,25.44,26.05,23.45,5674897.0,141882873.0,1.961,0.5
300517,海波重科,8.29,8.29,8.31,8.4,8.32,8.48,7.8,8510100.0,69220463.0,-1.31,-0.11
300518,新迅达,21.3,21.3,21.31,20.37,20.81,21.55,17.4,16049287.0,318319683.0,4.566,0.93
300519,新光药业,12.72,12.71,12.72,13.67,13.53,13.53,11.89,10616950.0,133583504.0,-6.95,-0.95
300520,科大国创,22.99,22.98,22.99,22.08,22.01,23.04,20.71,13374700.0,295764183.0,4.121,0.91
300521,爱司凯,19.22,19.21,19.22,18.99,19.33,20.0,17.55,4659827.0,87224001.0,1.211,0.23
300522,世名科技,12.11,12.11,12.12,11.27,11.27,12.27,10.19,25305021.0,285970302.0,7.453,0.84
300523,辰安科技,17.98,17.96,17.98,17.61,17.58,18.01,16.9,3444741.0,60459738.0,2.101,0.37
300525,博思软件,7.83,7.83,7.84,7.66,7.62,7.88,7.62,23299537.0,181146563.0,2.219,0.17
300527,ST应急,7.1,7.1,7.11,7.03,7.04,7.11,6.87,6970629.0,48675685.0,0.996,0.07
300528,幸福蓝海,14.87,14.86,14.87,14.49,14.33,15.08,13.11,28516580.0,403591392.0,2.622,0.38
300529,健帆生物,17.63,17.62,17.63,17.91,17.78,18.37,17.56,13076462.0,234948793.0,-1.563,-0.28
300530,领湃科技,15.0,15.0,15.02,15.18,15.11,15.15,14.18,3560416.0,52567669.0,-1.186,-0.18
300531,优博讯,17.59,17.59,17.6,16.37,16.24,17.6,15.8,31795214.0,539981541.0,7.453,1.22
300532,今天国际,7.13,7.12,7.13,7.0,6.92,7.17,6.9,22051051.0,155655211.0,1.857,0.13
300533,冰川网络,13.98,13.98,13.99,13.93,13.8,14.27,13.5,9095630.0,126229189.0,0.359,0.05
300534,陇神戎发,13.8,13.79,13.8,12.04,12.46,13.82,11.55,119416630.0,1504432006.0,14.618,1.76
300535,达威股份,12.53,12.5,12.53,12.88,12.83,12.88,11.9,3840800.0,47543640.0,-2.717,-0.35
300536,农尚环境,7.36,7.36,7.37,7.32,7.39,7.43,6.42,14746600.0,103242803.0,0.546,0.04
300537,广信材料,18.5,18.5,18.51,16.95,17.15,18.55,15.5,20623341.0,355235976.0,9.145,1.55
300538,同益股份,12.21,12.21,12.22,11.38,11.28,12.22,11.1,8657381.0,101305742.0,7.293,0.83
300539,横河精密,17.75,17.74,17.75,17.79,17.8,17.88,16.24,11073747.0,190851601.0,-0.225,-0.04
300540,蜀道装备,31.09,31.09,31.1,30.11,30.15,31.18,27.52,19298540.0,574104722.0,3.255,0.98
300541,先进数通,10.36,10.35,10.36,9.96,9.84,10.37,9.77,17274228.0,174371451.0,4.016,0.4
300542,新晨科技,11.65,11.64,11.65,10.85,11.0,11.99,10.79,15087432.0,172538993.0,7.373,0.8
300543,朗科智能,6.73,6.72,6.73,6.86,6.81,6.85,6.44,8791700.0,58567036.0,-1.895,-0.13
300545,联得装备,25.65,25.65,25.66,24.33,24.52,25.78,22.5,10215527.0,250128831.0,5.425,1.32
300546,雄帝科技,14.6,14.6,14.61,14.35,14.34,14.73,14.1,6056585.0,87492975.0,1.742,0.25
300547,川环科技,26.6,26.6,26.61,25.43,25.38,26.62,23.03,13858057.0,347780503.0,4.601,1.17
300548,长芯博创,175.28,175.28,175.29,153.35,156.42,175.89,133.13,22016108.0,3437290085.0,14.301,21.93
300549,优德精密,12.12,12.11,12.12,12.05,11.99,12.3,11.16,4187570.0,49566264.0,0.581,0.07
300550,和仁科技,10.71,10.71,10.72,11.06,10.99,11.08,9.83,13781288.0,144340794.0,-3.165,-0.35
300551,古鳌科技,8.36,8.35,8.36,8.15,8.12,8.36,7.49,17200851.0,137654670.0,2.577,0.21
300552,万集科技,18.94,18.94,18.95,18.6,18.56,19.05,17.53,4884772.0,90349264.0,1.828,0.34
300553,集智股份,47.0,47.0,47.04,47.19,47.19,47.69,40.01,8546094.0,387913280.0,-0.403,-0.19
300554,三超新材,18.08,18.08,18.11,17.2,17.34,18.41,15.67,8799419.0,150281486.0,5.116,0.88
300555,ST路通,12.08,12.06,12.08,11.99,12.1,12.1,11.68,844600.0,10054516.0,0.751,0.09
300556,丝路视觉,14.59,14.59,14.61,14.65,14.65,14.81,13.61,7768700.0,110798795.0,-0.41,-0.06
300557,理工光科,23.33,23.33,23.35,22.25,22.58,23.52,20.7,5777876.0,128891456.0,4.854,1.08
300558,贝达药业,60.48,60.42,60.48,57.98,58.0,60.97,54.12,22834425.0,1321175846.0,4.312,2.5
300559,佳发教育,10.52,10.48,10.52,10.74,10.8,10.8,9.88,12715878.0,132160364.0,-2.048,-0.22
300560,中富通,13.7,13.7,13.71,13.36,13.46,13.78,11.37,23335600.0,297335750.0,2.545,0.34
300561,汇金科技,19.82,19.81,19.82,19.1,18.61,19.99,18.0,61527662.0,1178113867.0,3.77,0.72
300562,乐心医疗,12.48,12.47,12.48,12.61,12.54,12.81,11.52,13853800.0,167954831.0,-1.031,-0.13
300563,神宇股份,21.53,21.53,21.54,21.07,21.3,21.59,19.41,5144193.0,106027398.0,2.183,0.46
300564,筑博设计,11.18,11.18,11.25,11.47,11.44,11.67,10.5,5962800.0,65366939.0,-2.528,-0.29
300565,科信技术,8.44,8.43,8.44,8.33,8.34,8.48,7.68,14564895.0,118463206.0,1.321,0.11
300566,激智科技,28.58,28.58,28.59,26.89,27.47,28.82,23.75,30048157.0,804022585.0,6.285,1.69
300567,精测电子,245.8,245.8,245.89,210.81,215.81,248.88,202.0,15355363.0,3528773331.0,16.598,34.99
300568,星源材质,12.76,12.76,12.77,12.02,12.04,12.78,11.52,92522683.0,1133382869.0,6.156,0.74
300569,天能重工,4.69,4.69,4.7,4.79,4.78,4.81,4.63,18793683.0,88030476.0,-2.088,-0.1
300570,太辰光,153.19,153.19,153.2,139.31,142.01,154.0,120.68,24699931.0,3442241333.0,9.963,13.88
300571,平治信息,30.39,30.39,30.4,29.2,29.64,30.43,25.12,16304243.0,462458470.0,4.075,1.19
300572,安车检测,17.17,17.11,17.17,16.88,16.9,17.17,14.34,14161706.0,226742207.0,1.718,0.29
300573,兴齐眼药,41.59,41.59,41.6,41.13,40.85,42.1,40.52,9797092.0,405748002.0,1.118,0.46
300575,中旗股份,5.0,4.99,5.0,5.09,5.08,5.11,4.9,15222975.0,76012928.0,-1.768,-0.09
300576,容大感光,28.22,28.21,28.22,25.87,26.13,28.3,24.23,36502069.0,971766400.0,9.084,2.35
300577,开润股份,19.99,19.98,19.99,19.6,17.0,20.56,17.0,22014021.0,411976643.0,1.99,0.39
300578,会畅科技,13.93,13.91,13.93,13.91,13.98,14.0,12.64,8682900.0,116739847.0,0.144,0.02
300579,数字认证,21.24,21.24,21.25,20.49,20.46,21.54,20.3,6706657.0,141562540.0,3.66,0.75
300580,贝斯特,20.01,20.01,20.02,19.68,19.69,20.28,18.98,13928866.0,274759469.0,1.677,0.33
300581,晨曦航空,8.92,8.92,8.93,8.9,8.98,8.99,8.41,13065682.0,113916828.0,0.225,0.02
300582,英飞特,9.81,9.81,9.82,9.58,9.58,9.85,8.91,10085204.0,95288894.0,2.401,0.23
300583,赛托生物,11.29,11.29,11.32,11.63,11.6,11.67,10.92,4911120.0,55269442.0,-2.923,-0.34
300584,海辰药业,30.24,30.24,30.25,30.91,30.57,30.67,27.68,6039500.0,176922909.0,-2.168,-0.67
300585,奥联电子,11.94,11.93,11.94,11.79,11.83,12.15,10.64,7792500.0,89556727.0,1.272,0.15
300586,美联新材,8.06,8.05,8.06,7.46,7.62,8.06,6.75,53200639.0,398363947.0,8.043,0.6
300587,天铁科技,3.5,3.5,3.51,3.53,3.5,3.57,3.31,52075038.0,179828479.0,-0.85,-0.03
300588,熙菱信息,20.25,20.25,20.26,19.99,19.88,20.33,18.1,6825100.0,131527847.0,1.301,0.26
300589,江龙船艇,10.8,10.79,10.8,10.86,10.87,10.93,10.23,12277360.0,130040704.0,-0.552,-0.06
300590,移为通信,10.23,10.23,10.24,9.93,9.91,10.25,9.24,34663165.0,339291950.0,3.021,0.3
300591,万里马,5.83,5.82,5.83,5.87,5.82,5.87,5.29,28314860.0,158843663.0,-0.681,-0.04
300592,华凯易佰,16.09,16.08,16.09,15.56,15.64,16.49,14.97,25462976.0,402453841.0,3.406,0.53
300593,新雷能,23.95,23.95,23.96,20.89,20.99,23.99,19.56,36122068.0,800865405.0,14.648,3.06
300594,ST朗进,12.26,12.26,12.29,12.29,12.25,12.51,11.66,2262600.0,27340719.0,-0.244,-0.03
300595,欧普康视,11.08,11.08,11.09,11.18,11.12,11.32,11.02,13068059.0,145700955.0,-0.894,-0.1
300596,利安隆,37.69,37.68,37.69,36.04,36.04,38.09,34.81,7583086.0,277664859.0,4.578,1.65
300597,吉大通信,6.67,6.66,6.67,6.7,6.7,6.76,6.25,8306150.0,54262489.0,-0.448,-0.03
300598,诚迈科技,28.13,28.12,28.13,27.67,27.45,28.22,26.8,7120893.0,196794675.0,1.662,0.46
300599,雄塑科技,8.85,8.85,8.86,8.69,8.71,8.89,7.83,11841300.0,99717544.0,1.841,0.16
300600,国瑞科技,8.55,8.54,8.55,8.75,8.75,8.8,8.11,6837464.0,57573397.0,-2.286,-0.2
300601,康泰生物,12.32,12.32,12.33,12.43,12.31,12.75,12.23,19592644.0,243020793.0,-0.885,-0.11
300602,飞荣达,36.69,36.68,36.69,34.2,35.0,36.83,31.44,30166100.0,1044649455.0,7.281,2.49
300603,立昂技术,7.09,7.09,7.1,7.04,7.05,7.16,6.66,13876275.0,96265515.0,0.71,0.05
300604,长川科技,318.0,318.0,0.0,265.0,275.0,318.0,259.0,41481677.0,12047998281.0,20.0,53.0
300605,恒锋信息,8.65,8.63,8.65,8.58,8.55,8.73,7.98,9856774.0,82931599.0,0.816,0.07
300606,金太阳,28.31,28.3,28.31,26.7,27.38,28.48,23.5,15441796.0,407526859.0,6.03,1.61
300607,拓斯达,30.5,30.5,30.51,28.9,29.3,30.5,26.64,37425552.0,1082944738.0,5.536,1.6
300608,思特奇,8.9,8.9,8.91,8.76,8.74,8.94,8.11,16533495.0,141832425.0,1.598,0.14
300609,汇纳科技,24.23,24.23,24.25,23.5,23.5,24.3,21.52,5495088.0,126792708.0,3.106,0.73
300610,晨化股份,8.75,8.75,8.76,8.85,8.85,8.92,8.34,5222720.0,45266861.0,-1.13,-0.1
300611,美力科技,24.82,24.8,24.82,24.3,24.99,25.0,24.0,4162700.0,102132439.0,2.14,0.52
300612,宣亚国际,10.73,10.72,10.73,10.63,10.63,10.76,9.91,9367560.0,97391173.0,0.941,0.1
300613,富瀚微,57.25,57.25,57.26,53.2,54.38,57.44,51.0,18885816.0,1041045002.0,7.613,4.05
300614,百川畅银,8.77,8.77,8.8,8.94,8.91,9.11,8.05,6563047.0,55806446.0,-1.902,-0.17
300615,欣天科技,8.62,8.6,8.62,8.62,8.54,8.72,7.84,7453850.0,62267557.0,0.0,0.0
300616,尚品宅配,9.13,9.12,9.13,9.19,9.19,9.23,8.61,8082187.0,72249707.0,-0.653,-0.06
300617,安靠智电,40.78,40.78,40.79,39.33,39.48,40.8,35.6,6718088.0,258484983.0,3.687,1.45
300618,寒锐钴业,33.27,33.26,33.27,31.34,31.5,33.96,31.46,10563292.0,350417974.0,6.158,1.93
300619,金银河,22.85,22.84,22.85,21.87,21.87,22.89,20.5,8423057.0,183991098.0,4.481,0.98
300620,光库科技,242.35,242.35,242.36,214.12,220.01,243.5,184.35,18654911.0,4012284126.0,13.184,28.23
300621,维业股份,5.99,5.98,5.99,6.08,6.07,6.1,5.64,8466250.0,49817438.0,-1.48,-0.09
300622,博士眼镜,14.95,14.94,14.95,15.1,15.06,15.52,14.27,17902094.0,265140977.0,-0.993,-0.15
300623,捷捷微电,27.33,27.33,27.34,24.78,25.3,27.34,23.73,44051855.0,1138810459.0,10.291,2.55
300624,万兴科技,48.97,48.96,48.97,46.8,46.21,49.0,44.66,12523917.0,590910841.0,4.637,2.17
300625,三雄极光,8.49,8.48,8.49,8.7,8.69,8.74,8.24,2794874.0,23596940.0,-2.414,-0.21
300626,华瑞股份,24.73,24.73,24.74,22.87,23.33,24.93,19.89,13232283.0,300013873.0,8.133,1.86
300627,华测导航,27.41,27.41,27.42,27.05,26.96,27.62,26.88,10116031.0,276273222.0,1.331,0.36
300628,亿联网络,37.75,37.74,37.75,38.04,37.88,38.3,36.92,18665640.0,701440074.0,-0.762,-0.29
300629,新劲刚,16.33,16.33,16.34,16.0,16.08,16.33,15.2,9166073.0,145630701.0,2.062,0.33
300631,久吾高科,18.51,18.51,18.52,18.29,18.23,18.56,17.31,4599928.0,82626137.0,1.203,0.22
300632,光莆股份,16.49,16.49,16.5,15.51,15.82,16.54,13.51,27037456.0,415050056.0,6.319,0.98
300633,开立医疗,19.08,19.08,19.09,19.26,19.15,19.67,19.05,8017386.0,155123173.0,-0.935,-0.18
300634,彩讯股份,18.8,18.79,18.8,18.07,17.89,18.97,17.61,12754462.0,234687217.0,4.04,0.73
300635,中达安,9.86,9.86,9.87,10.19,10.18,10.22,8.87,9524560.0,90749793.0,-3.238,-0.33
300636,同和药业,6.54,6.54,6.55,6.68,6.63,6.68,6.38,8792464.0,57025619.0,-2.096,-0.14
300637,扬帆新材,7.55,7.55,7.56,7.33,7.29,7.56,6.92,7383470.0,53741714.0,3.001,0.22
300638,广和通,19.9,19.9,19.91,20.0,19.5,20.42,18.9,39036740.0,769805485.0,-0.5,-0.1
300639,凯普生物,5.07,5.07,5.08,5.17,5.12,5.13,4.85,18517507.0,92297226.0,-1.934,-0.1
300640,德艺文创,5.73,5.73,5.74,5.39,5.49,6.06,5.17,36168250.0,204305460.0,6.308,0.34
300641,正丹股份,14.03,14.03,14.04,13.82,13.82,14.25,13.56,8275817.0,115315607.0,1.52,0.21
300642,透景生命,11.79,11.79,11.81,12.14,12.08,12.12,11.23,6748800.0,78457077.0,-2.883,-0.35
300643,万通智控,18.64,18.64,0.0,15.53,15.54,18.64,15.01,14545567.0,249526478.0,20.026,3.11
300644,南京聚隆,19.61,19.6,19.61,19.79,19.7,20.03,18.56,3927193.0,76365424.0,-0.91,-0.18
300645,正元智慧,11.45,11.45,11.48,11.4,11.4,11.62,10.95,6890100.0,77991885.0,0.439,0.05
300647,超频三,4.89,4.88,4.89,4.75,4.73,4.91,4.46,16235700.0,76485572.0,2.947,0.14
300648,星云股份,30.59,30.59,30.6,29.09,29.53,30.75,26.52,7799288.0,226277603.0,5.156,1.5
300649,杭州园林,24.28,24.28,24.35,20.92,21.42,24.98,18.69,11432500.0,244662573.0,16.061,3.36
300650,太龙股份,10.12,10.12,10.13,9.7,9.74,10.14,8.9,11413552.0,109313482.0,4.33,0.42
300651,金陵体育,15.3,15.3,15.31,15.16,15.15,15.46,13.99,7286300.0,107888433.0,0.923,0.14
300652,雷迪克,25.57,25.57,25.6,28.41,27.84,27.88,22.73,8655783.0,214860056.0,-9.996,-2.84
300653,正海生物,14.1,14.1,14.12,14.3,14.39,14.39,13.77,2709094.0,38074259.0,-1.399,-0.2
300654,世纪天鸿,10.65,10.64,10.66,10.61,10.51,10.8,9.16,23007323.0,231525735.0,0.377,0.04
300655,晶瑞电材,12.44,12.44,12.45,11.51,11.67,12.49,10.66,103502662.0,1211285681.0,8.08,0.93
300656,民德电子,23.49,23.49,23.5,21.77,21.98,23.6,19.32,10430604.0,224947264.0,7.901,1.72
300657,弘信电子,33.17,33.17,33.18,31.87,32.1,33.3,29.57,34282242.0,1094762927.0,4.079,1.3
300658,延江股份,9.42,9.42,9.43,9.29,9.38,9.49,8.41,19536756.0,175440577.0,1.399,0.13
300659,中孚信息,9.3,9.3,9.31,9.35,9.25,9.49,8.78,11738742.0,107405627.0,-0.535,-0.05
300660,江苏雷利,26.21,26.2,26.21,25.08,25.08,26.39,24.84,10301978.0,265003316.0,4.506,1.13
300661,圣邦股份,110.05,110.04,110.05,98.01,99.31,110.79,95.01,26496591.0,2772813874.0,12.284,12.04
300662,科锐国际,17.45,17.44,17.45,17.5,17.62,17.64,17.16,7133700.0,124058248.0,-0.286,-0.05
300663,科蓝软件,8.19,8.18,8.19,7.42,7.35,8.21,7.08,100891275.0,785564245.0,10.377,0.77
300664,鹏鹞环保,4.33,4.32,4.33,4.36,4.37,4.38,4.24,10026799.0,43086290.0,-0.688,-0.03
300665,飞鹿股份,8.12,8.12,8.13,7.98,8.05,8.24,7.13,19633448.0,151934079.0,1.754,0.14
300666,江丰电子,236.76,236.76,236.78,199.0,205.02,237.78,183.83,29449305.0,6249489401.0,18.975,37.76
300667,必创科技,13.29,13.28,13.29,12.8,12.8,13.33,11.75,8205047.0,103610280.0,3.828,0.49
300668,杰恩股份,41.03,41.03,41.04,36.99,38.59,41.09,32.59,7063000.0,263166814.0,10.922,4.04
300669,沪宁股份,20.07,20.07,20.08,19.92,20.0,20.49,18.84,2343450.0,46498602.0,0.753,0.15
300670,大烨智能,5.25,5.25,5.26,5.36,5.35,5.41,4.9,13234625.0,68143904.0,-2.052,-0.11
300671,富满微,68.73,68.73,68.74,61.14,63.94,68.99,54.2,27603578.0,1726219607.0,12.414,7.59
300672,国科微,160.0,160.0,160.1,139.29,141.99,160.0,122.27,21437604.0,3053068463.0,14.868,20.71
300673,佩蒂股份,11.6,11.59,11.6,12.2,12.33,12.33,11.48,5551890.0,65055991.0,-4.918,-0.6
300674,宇信科技,17.4,17.39,17.4,15.05,14.92,18.04,14.82,60146124.0,1030828323.0,15.615,2.35
300675,建科院,11.33,11.33,11.36,11.68,11.53,11.67,10.68,5372370.0,60158522.0,-2.997,-0.35
300676,华大基因,36.75,36.75,36.76,36.47,36.24,36.8,36.0,6677772.0,243388556.0,0.768,0.28
300677,英科医疗,47.5,47.49,47.5,44.65,44.56,47.58,44.3,14791390.0,682956496.0,6.383,2.85
300678,中科信息,22.2,22.19,22.2,21.29,21.4,22.2,21.16,8384584.0,182600699.0,4.274,0.91
300679,电连技术,42.39,42.39,42.4,38.82,39.15,42.4,35.3,25108764.0,986151352.0,9.196,3.57
300680,隆盛科技,20.95,20.94,20.95,20.41,20.36,21.16,19.43,11303743.0,231003783.0,2.646,0.54
300681,英搏尔,20.78,20.78,20.79,20.39,20.39,20.84,18.84,15137577.0,303120284.0,1.913,0.39
300682,朗新科技,10.18,10.17,10.18,10.01,9.95,10.53,9.91,34838778.0,356068774.0,1.698,0.17
300683,海特生物,26.1,26.1,26.11,27.39,26.88,26.94,24.06,12167300.0,311124217.0,-4.71,-1.29
300684,中石科技,51.12,51.12,51.14,48.13,50.17,51.29,43.17,22057764.0,1061816193.0,6.212,2.99
300685,艾德生物,17.76,17.76,17.77,18.01,17.91,18.15,17.62,8288900.0,147796088.0,-1.388,-0.25
300686,智动力,11.33,11.32,11.33,11.02,11.06,11.38,9.56,16899616.0,177796308.0,2.813,0.31
300687,赛意信息,20.92,20.91,20.92,20.18,20.29,20.96,18.5,28533829.0,571180029.0,3.667,0.74
300688,创业黑马,20.84,20.84,20.85,18.94,18.79,21.3,17.42,13554613.0,261706614.0,10.032,1.9
300689,澄天伟业,49.7,49.67,49.7,46.08,47.0,49.78,41.06,5515900.0,252018045.0,7.856,3.62
300690,双一科技,19.76,19.76,19.77,19.56,19.56,19.9,18.62,3334200.0,64598882.0,1.022,0.2
300691,联合光电,12.09,12.09,12.1,11.83,11.81,12.18,11.11,7682973.0,90332467.0,2.198,0.26
300692,中赋科技,7.97,7.97,7.98,8.04,7.95,8.09,7.44,31719597.0,247098360.0,-0.871,-0.07
300693,盛弘股份,34.97,34.97,34.98,32.55,32.61,34.98,32.56,17454219.0,593594766.0,7.435,2.42
300694,蠡湖股份,9.8,9.8,9.81,9.9,9.89,9.92,9.2,9589200.0,92330466.0,-1.01,-0.1
300695,兆丰股份,44.48,44.48,44.51,44.75,45.14,45.55,41.22,1727300.0,75507871.0,-0.603,-0.27
300696,爱乐达,20.14,20.14,20.15,18.1,18.46,20.19,17.51,17561428.0,332588995.0,11.271,2.04
300697,电工合金,12.78,12.77,12.78,12.58,12.5,12.78,11.86,8219082.0,101650686.0,1.59,0.2
300698,万马科技,23.4,23.39,23.4,23.06,23.06,23.56,21.72,3721100.0,85304282.0,1.474,0.34
300699,光威复材,25.27,25.26,25.27,24.75,24.6,25.42,24.5,16723484.0,419451838.0,2.101,0.52
300700,岱勒新材,15.05,15.04,15.05,14.68,14.57,15.14,12.76,22600529.0,321322034.0,2.52,0.37
300701,森霸传感,8.62,8.61,8.62,8.48,8.6,8.64,8.01,5129450.0,42828890.0,1.651,0.14
300702,天宇股份,20.69,20.69,20.75,20.75,20.54,20.99,19.65,4971212.0,100965449.0,-0.289,-0.06
300703,创源股份,12.07,12.05,12.07,12.19,12.05,12.23,11.65,6240100.0,74723991.0,-0.984,-0.12
300705,九典制药,10.65,10.65,10.66,10.97,10.88,10.95,10.51,11234076.0,120106362.0,-2.917,-0.32
300706,阿石创,50.7,50.7,50.71,44.13,45.91,50.91,39.51,20237380.0,928020171.0,14.888,6.57
300707,威唐工业,10.42,10.42,10.43,10.6,10.52,10.59,10.0,5893481.0,60594999.0,-1.698,-0.18
300708,聚灿光电,7.28,7.28,7.29,7.04,7.12,7.29,6.78,21755933.0,154311833.0,3.409,0.24
300709,精研科技,35.8,35.8,35.81,33.62,34.3,36.0,30.7,15133692.0,510891957.0,6.484,2.18
300710,万隆光电,26.05,26.04,26.05,25.89,26.01,26.18,23.03,4309020.0,107410632.0,0.618,0.16
300711,广哈通信,14.28,14.28,14.29,14.02,13.99,14.3,13.29,4717277.0,65701559.0,1.854,0.26
300712,永福股份,20.74,20.71,20.74,20.73,20.55,21.0,19.69,2640693.0,53579337.0,0.048,0.01
300713,英可瑞,11.22,11.22,11.23,11.11,11.09,11.49,10.3,4520185.0,49132686.0,0.99,0.11
300715,凯伦股份,12.24,12.23,12.24,11.91,11.96,12.26,10.95,18319800.0,214646980.0,2.771,0.33
300716,*ST泉为,17.45,17.41,17.45,17.77,17.77,18.68,16.39,4706868.0,81955846.0,-1.801,-0.32
300717,华信新材,17.31,17.22,17.31,17.52,17.45,17.79,15.82,7485621.0,126094479.0,-1.199,-0.21
300718,长盛轴承,55.35,55.34,55.35,53.61,53.8,55.45,51.86,7660678.0,414480227.0,3.246,1.74
300719,安达维尔,10.49,10.49,10.5,10.66,10.66,10.68,10.18,4689940.0,48932359.0,-1.595,-0.17
300720,海川智能,65.82,65.81,65.82,66.0,65.5,66.56,54.0,15079285.0,926919071.0,-0.273,-0.18
300721,怡达股份,21.51,21.51,21.52,20.69,20.65,21.59,18.0,20932693.0,420709816.0,3.963,0.82
300722,新余国科,19.71,19.7,19.71,20.08,19.91,20.15,18.73,5616354.0,109057759.0,-1.843,-0.37
300723,一品红,37.08,37.08,37.09,36.4,35.86,37.1,33.5,16486924.0,582217426.0,1.868,0.68
300724,捷佳伟创,55.64,55.63,55.64,54.33,54.0,55.84,52.98,14280452.0,780116002.0,2.411,1.31
300725,药石科技,39.0,39.0,39.01,38.35,38.8,39.03,36.43,19517811.0,738497589.0,1.695,0.65
300726,宏达电子,50.7,50.7,50.71,45.53,46.61,50.74,42.02,20290432.0,952747934.0,11.355,5.17
300727,润禾材料,26.6,26.6,26.61,24.86,25.0,26.68,24.26,4294881.0,109967922.0,6.999,1.74
300729,乐歌股份,9.74,9.74,9.75,9.99,10.1,10.2,9.67,4467230.0,43990516.0,-2.503,-0.25
300730,科创信息,11.14,11.14,11.15,11.51,11.28,11.46,10.31,10994516.0,119142621.0,-3.215,-0.37
300731,科创新源,37.58,37.56,37.58,36.02,36.84,37.6,31.05,11225569.0,392700404.0,4.331,1.56
300732,设研院,5.5,5.5,5.51,5.61,5.61,5.66,5.37,9361077.0,51398943.0,-1.961,-0.11
300733,西菱动力,11.6,11.58,11.6,12.01,12.05,12.4,11.52,11097310.0,132653382.0,-3.414,-0.41
300735,光弘科技,19.15,19.14,19.15,18.58,18.78,19.22,17.77,17599026.0,328202912.0,3.068,0.57
300736,百邦科技,25.87,25.87,25.88,23.16,23.63,26.0,21.09,9127704.0,218859786.0,11.701,2.71
300737,科顺股份,4.84,4.84,4.85,4.7,4.7,4.87,4.4,34752847.0,161764343.0,2.979,0.14
300738,奥飞数据,21.78,21.77,21.78,20.9,20.7,21.92,20.12,95061386.0,2004865229.0,4.211,0.88
300739,明阳电路,21.67,21.67,21.68,19.68,20.0,21.68,17.66,19037015.0,381421368.0,10.112,1.99
300740,水羊股份,16.32,16.31,16.32,15.99,15.99,16.4,15.16,24265198.0,385685262.0,2.064,0.33
300741,华宝股份,12.39,12.39,12.4,12.49,12.5,12.68,12.27,3339717.0,41393298.0,-0.801,-0.1
300743,天地数码,13.52,13.51,13.52,13.61,13.66,13.74,12.9,4879539.0,65287479.0,-0.661,-0.09
300745,欣锐科技,30.62,30.62,30.63,29.7,30.17,30.99,26.53,11973220.0,349890096.0,3.098,0.92
300746,汉嘉数智,10.18,10.16,10.18,9.85,9.76,10.22,9.07,7322136.0,70662593.0,3.35,0.33
300747,锐科激光,34.37,34.37,34.38,29.97,32.0,34.56,29.7,45001344.0,1450928959.0,14.681,4.4
300748,金力永磁,25.84,25.83,25.84,24.84,24.86,25.85,24.77,27660131.0,703872535.0,4.026,1.0
300749,顶固集创,17.15,17.13,17.15,16.98,16.88,17.28,15.03,7081540.0,114863261.0,1.001,0.17
300750,宁德时代,382.2,382.18,382.2,376.43,372.67,391.0,372.5,44036045.0,16935106631.0,1.533,5.77
300751,迈为股份,195.31,195.31,195.33,167.54,170.42,197.55,156.78,15365389.0,2728736509.0,16.575,27.77
300752,隆利科技,9.12,9.12,9.13,8.84,8.88,9.13,8.16,10861540.0,94369892.0,3.167,0.28
300753,爱朋医疗,18.6,18.6,18.61,19.02,18.68,18.78,16.91,11985268.0,215702292.0,-2.208,-0.42
300755,华致酒行,10.84,10.83,10.84,11.27,11.13,11.13,10.43,9178827.0,98253680.0,-3.815,-0.43
300756,金马游乐,25.81,25.8,25.81,24.61,24.8,25.85,23.4,6919189.0,172615681.0,4.876,1.2
300757,罗博特科,440.0,439.99,440.0,373.1,391.99,443.8,367.95,11426940.0,4641151175.0,17.931,66.9
300758,七彩化学,9.49,9.48,9.49,9.28,9.28,9.5,8.83,10344496.0,95569727.0,2.263,0.21
300759,康龙化成,39.36,39.35,39.36,37.28,36.56,39.45,36.44,104760635.0,3979824276.0,5.579,2.08
300760,迈瑞医疗,152.25,152.25,152.27,154.5,152.81,156.0,150.26,16615037.0,2540172901.0,-1.456,-2.25
300761,立华股份,18.27,18.27,18.28,19.05,19.0,19.38,18.17,18622465.0,347240262.0,-4.094,-0.78
300762,上海瀚讯,29.77,29.76,29.77,28.62,29.0,29.95,26.25,41537013.0,1185060521.0,4.018,1.15
300763,锦浪科技,57.66,57.65,57.66,56.6,56.76,57.75,54.96,12619293.0,715398822.0,1.873,1.06
300765,石药创新,41.45,41.45,41.46,41.62,40.21,41.45,37.87,26826937.0,1060184154.0,-0.408,-0.17
300766,每日互动,24.6,24.6,24.61,23.38,22.5,25.5,22.2,72867119.0,1723988194.0,5.218,1.22
300767,震安科技,15.67,15.66,15.67,15.74,15.61,15.74,13.65,17379035.0,257339801.0,-0.445,-0.07
300768,迪普科技,16.38,16.37,16.38,15.89,15.45,16.38,15.19,18402401.0,292082859.0,3.084,0.49
300769,德方纳米,42.39,42.38,42.39,39.74,39.74,42.53,38.31,21379464.0,871336454.0,6.668,2.65
300770,新媒股份,33.79,33.78,33.79,34.0,33.99,34.73,33.66,3391164.0,116015024.0,-0.618,-0.21
300771,智莱科技,10.46,10.46,10.47,10.32,10.29,10.48,9.88,4704250.0,48006024.0,1.357,0.14
300772,运达股份,11.07,11.07,11.08,11.03,10.95,11.2,10.88,21824557.0,240799225.0,0.363,0.04
300773,拉卡拉,15.69,15.68,15.69,14.66,14.52,15.86,14.46,85949060.0,1331802312.0,7.026,1.03
300774,倍杰特,8.94,8.94,8.95,8.91,8.79,9.04,8.11,15848963.0,136362934.0,0.337,0.03
300775,三角防务,19.76,19.75,19.76,19.49,19.38,19.82,19.15,14377022.0,281609109.0,1.385,0.27
300776,帝尔激光,122.3,122.3,122.37,110.54,112.75,122.59,100.63,13510480.0,1527262086.0,10.639,11.76
300777,中简科技,23.06,23.06,23.07,22.26,22.23,23.08,21.69,11110510.0,250727583.0,3.594,0.8
300778,新城市,9.19,9.19,9.2,9.31,9.27,9.35,8.51,5728113.0,51292942.0,-1.289,-0.12
300779,惠城环保,57.6,57.6,57.61,56.84,55.63,58.3,54.81,14106630.0,800622992.0,1.337,0.76
300780,德恩精工,20.6,20.6,20.61,19.93,19.77,20.68,17.0,16009900.0,307955555.0,3.362,0.67
300781,因赛集团,24.44,24.44,24.45,24.21,24.39,24.59,22.49,7345723.0,174541824.0,0.95,0.23
300782,卓胜微,75.74,75.74,75.75,72.21,73.5,75.93,67.32,23752602.0,1718120157.0,4.889,3.53
300783,三只松鼠,16.79,16.79,16.8,16.97,16.95,17.29,16.71,8416174.0,142880478.0,-1.061,-0.18
300784,利安科技,36.02,36.02,36.1,36.47,36.65,36.65,34.19,1027055.0,36540855.0,-1.234,-0.45
300785,值得买,34.65,34.64,34.65,34.07,33.49,34.66,30.94,14010814.0,461981877.0,1.702,0.58
300786,国林科技,14.15,14.15,14.16,13.06,13.45,14.16,12.08,24078156.0,319128385.0,8.346,1.09
300787,海能实业,7.71,7.71,7.72,7.75,7.7,7.82,7.26,6499473.0,49113212.0,-0.516,-0.04
300788,中信出版,23.9,23.9,23.91,24.19,24.0,24.31,23.13,3880499.0,92001953.0,-1.199,-0.29
300789,唐源电气,15.5,15.5,15.51,15.44,15.5,15.65,14.04,5683270.0,84734532.0,0.389,0.06
300790,宇瞳光学,16.82,16.82,16.83,15.94,16.19,16.85,14.75,29447277.0,470085327.0,5.521,0.88
300791,仙乐健康,16.6,16.58,16.6,16.9,16.9,16.91,16.35,2091171.0,34637583.0,-1.775,-0.3
300792,壹网壹创,22.58,22.58,22.59,22.16,22.35,22.73,20.94,7706000.0,169721937.0,1.895,0.42
300793,佳禾智能,10.34,10.33,10.34,10.17,10.21,10.35,9.73,9454305.0,95391552.0,1.672,0.17
300795,米奥会展,13.31,13.31,0.0,11.09,10.49,13.31,10.49,47717689.0,572138541.0,20.018,2.22
300796,贝斯美,6.06,6.06,6.07,6.19,6.19,6.24,6.0,7360928.0,44921748.0,-2.1,-0.13
300797,钢研纳克,11.26,11.26,11.29,11.28,11.35,11.39,10.82,5301900.0,59077660.0,-0.177,-0.02
300798,锦鸡股份,6.1,6.1,6.11,6.03,6.04,6.14,5.62,19902037.0,118142452.0,1.161,0.07
300800,力合科技,8.86,8.86,8.88,8.92,8.88,9.0,8.51,5530300.0,48401825.0,-0.673,-0.06
300801,泰和科技,20.81,20.81,20.82,19.64,19.65,20.85,18.56,10323000.0,204403123.0,5.957,1.17
300802,矩子科技,16.76,16.75,16.76,15.9,16.34,16.76,15.24,10299548.0,166636687.0,5.409,0.86
300803,指南针,84.0,84.0,84.01,82.97,83.54,84.93,80.51,27544383.0,2286406910.0,1.241,1.03
300804,广康生化,30.63,30.62,30.63,29.31,29.31,30.94,26.72,2527800.0,73255163.0,4.504,1.32
300805,电声股份,8.41,8.41,8.42,8.3,8.12,8.56,7.8,32083832.0,262999427.0,1.325,0.11
300806,斯迪克,61.72,61.72,61.73,53.69,55.8,62.28,48.95,39900549.0,2237792300.0,14.956,8.03
300807,天迈科技,35.5,35.5,35.52,32.52,32.88,35.71,30.68,2619800.0,87148326.0,9.164,2.98
300808,久量股份,16.97,16.97,17.0,17.02,17.18,17.25,15.76,3095700.0,51273669.0,-0.294,-0.05
300809,华辰装备,22.56,22.56,22.59,21.95,21.99,22.67,20.79,5707260.0,124951193.0,2.779,0.61
300810,中科海讯,21.02,21.01,21.02,21.0,21.08,21.08,19.56,2620340.0,53599054.0,0.095,0.02
300811,铂科新材,65.5,65.5,65.51,60.1,61.9,65.79,54.3,20178470.0,1235007357.0,8.985,5.4
300812,易天股份,18.18,18.18,18.19,17.24,17.32,18.27,15.38,11523364.0,196516935.0,5.452,0.94
300813,泰林生物,18.03,18.03,18.05,18.53,18.69,18.78,16.88,3737541.0,66671572.0,-2.698,-0.5
300814,中富电路,137.3,137.3,0.0,114.42,116.71,137.3,103.0,11530592.0,1399440150.0,19.997,22.88
300815,玉禾田,15.42,15.41,15.42,16.33,16.17,16.39,14.97,15630766.0,239170705.0,-5.573,-0.91
300816,艾可蓝,47.1,47.06,47.1,46.93,47.86,47.86,41.48,3748700.0,168226939.0,0.362,0.17
300817,双飞集团,14.04,14.03,14.04,13.98,13.97,14.09,13.0,4423195.0,60571837.0,0.429,0.06
300818,耐普矿机,16.49,16.49,16.5,16.23,16.08,16.59,15.1,5210145.0,83181247.0,1.602,0.26
300819,聚杰微纤,45.41,45.4,45.41,42.89,43.66,45.46,37.45,6579100.0,276335937.0,5.875,2.52
300820,英杰电气,52.11,52.1,52.12,49.91,50.1,52.25,46.13,7733299.0,386138058.0,4.408,2.2
300821,东岳硅材,17.13,17.13,17.14,16.09,16.11,17.35,14.87,125152627.0,2034043467.0,6.464,1.04
300822,贝仕达克,10.51,10.5,10.51,10.59,10.57,10.79,10.06,5305400.0,55311119.0,-0.755,-0.08
300823,建科智能,12.94,12.94,12.95,12.71,12.72,13.26,12.05,6380820.0,80781488.0,1.81,0.23
300824,北鼎股份,7.31,7.3,7.31,7.42,7.38,7.45,7.23,6257450.0,45743274.0,-1.482,-0.11
300825,阿尔特,9.03,9.02,9.03,8.96,8.96,9.1,7.9,38331980.0,330391547.0,0.781,0.07
300826,测绘股份,10.91,10.91,10.92,11.61,11.63,11.72,10.02,14376662.0,154900455.0,-6.029,-0.7
300827,上能电气,23.76,23.75,23.76,23.19,23.2,23.9,23.2,15651531.0,370090481.0,2.458,0.57
300828,锐新科技,13.98,13.98,13.99,13.5,13.59,14.03,12.25,7316050.0,96915797.0,3.556,0.48
300829,金丹科技,13.41,13.4,13.41,13.61,13.7,13.7,13.05,3493386.0,46657441.0,-1.47,-0.2
300830,金现代,7.4,7.4,7.41,7.36,7.31,7.47,6.91,14332815.0,103756322.0,0.543,0.04
300831,ST派瑞,13.74,13.74,13.75,13.19,13.08,13.88,12.22,9701600.0,127285216.0,4.17,0.55
300832,新产业,45.89,45.89,45.9,46.71,46.44,48.12,45.54,9807131.0,455803778.0,-1.756,-0.82
300833,浩洋股份,32.9,32.9,33.0,33.7,33.83,33.9,32.5,1183362.0,39019344.0,-2.374,-0.8
300834,星辉环材,31.73,31.73,31.75,31.35,31.62,31.86,27.69,4120517.0,124608605.0,1.212,0.38
300835,龙磁科技,143.45,143.45,143.48,126.6,128.88,143.64,114.0,8426644.0,1096656844.0,13.31,16.85
300836,佰奥智能,59.08,59.08,59.11,56.69,56.28,59.2,51.4,3552321.0,196054560.0,4.216,2.39
300837,浙矿股份,20.1,20.1,20.12,20.18,20.18,20.4,18.76,4281626.0,84130987.0,-0.396,-0.08
300838,浙江力诺,11.15,11.15,11.16,11.27,11.25,11.36,10.25,6017200.0,65183326.0,-1.065,-0.12
300839,博汇股份,10.11,10.1,10.11,10.43,10.25,10.41,9.32,12721100.0,125251809.0,-3.068,-0.32
300840,酷特智能,16.14,16.13,16.14,15.87,15.8,16.2,14.45,12587425.0,194269987.0,1.701,0.27
300841,康华生物,44.89,44.89,44.9,45.95,45.93,46.2,44.48,3538143.0,159402808.0,-2.307,-1.06
300842,帝科股份,57.0,57.0,57.01,54.44,55.41,57.08,49.5,8083966.0,436186994.0,4.702,2.56
300843,胜蓝股份,111.98,111.98,111.99,97.85,100.08,112.25,82.8,13474652.0,1327028824.0,14.44,14.13
300844,山水比德,20.4,20.4,20.41,20.7,20.58,20.97,19.09,2400705.0,48079961.0,-1.449,-0.3
300845,捷安高科,10.23,10.22,10.23,10.28,10.28,10.38,9.0,8207877.0,80534554.0,-0.486,-0.05
300846,首都在线,19.39,19.38,19.39,18.95,18.67,19.4,17.01,48180926.0,890125199.0,2.322,0.44
300847,中船汉光,13.26,13.25,13.26,13.2,13.16,13.29,12.94,2945452.0,38686228.0,0.455,0.06
300848,美瑞新材,12.1,12.09,12.1,11.92,11.81,12.11,11.41,4061741.0,47973199.0,1.51,0.18
300849,锦盛新材,17.83,17.82,17.83,16.88,16.98,17.94,15.88,4773450.0,81402560.0,5.628,0.95
300850,新强联,22.85,22.85,22.86,22.54,22.54,22.99,22.33,13149616.0,298938198.0,1.375,0.31
300851,交大思诺,20.91,20.85,20.91,21.5,21.58,21.67,19.98,2481175.0,51316347.0,-2.744,-0.59
300852,四会富仕,40.85,40.85,40.87,36.37,36.81,41.1,32.74,13089489.0,490218856.0,12.318,4.48
300853,申昊科技,21.95,21.95,21.97,20.91,21.5,21.99,18.65,8423780.0,173846529.0,4.974,1.04
300854,中兰环保,14.0,13.99,14.0,13.43,13.35,14.04,11.75,14694015.0,192509523.0,4.244,0.57
300855,图南股份,27.15,27.14,27.16,26.8,26.97,27.86,26.5,9191675.0,250660656.0,1.306,0.35
300856,科思股份,10.62,10.62,10.63,10.77,10.8,10.91,10.54,5375533.0,57614626.0,-1.393,-0.15
300857,协创数据,245.1,245.1,245.17,220.0,223.96,251.88,192.75,41160511.0,9094409117.0,11.409,25.1
300858,科拓生物,13.74,13.74,13.75,14.0,14.01,14.09,13.51,5021250.0,68948837.0,-1.857,-0.26
300859,西域旅游,24.4,24.39,24.4,24.7,24.93,24.93,24.19,3274109.0,80007347.0,-1.215,-0.3
300860,锋尚文化,24.58,24.58,24.6,24.02,23.84,24.58,23.3,3491569.0,83528100.0,2.331,0.56
300861,美畅股份,15.95,15.95,15.96,15.13,15.18,15.96,14.27,28612815.0,435241596.0,5.42,0.82
300862,蓝盾光电,15.32,15.32,15.33,15.23,15.31,15.48,14.0,5543004.0,82603637.0,0.591,0.09
300863,卡倍亿,38.39,38.39,38.4,36.2,37.02,38.45,32.4,13314918.0,477664487.0,6.05,2.19
300864,南大环境,17.8,17.8,17.82,18.41,18.48,18.55,16.84,4412455.0,77104599.0,-3.313,-0.61
300865,大宏立,20.22,20.13,20.22,20.34,20.15,20.5,18.89,2652148.0,52553877.0,-0.59,-0.12
300866,安克创新,122.09,122.09,122.1,117.97,119.38,124.96,118.0,6783994.0,822566281.0,3.492,4.12
300867,圣元环保,15.49,15.49,15.5,15.81,15.72,15.84,14.79,8042350.0,122543501.0,-2.024,-0.32
300868,杰美特,82.86,82.86,83.0,73.13,74.65,83.5,60.93,11259770.0,819919171.0,13.305,9.73
300869,康泰医学,10.63,10.63,10.64,10.8,10.73,10.93,10.38,5737711.0,60708243.0,-1.574,-0.17
300870,欧陆通,218.0,218.0,218.1,185.5,190.0,218.0,171.24,10906615.0,2145846632.0,17.52,32.5
300871,回盛生物,20.3,20.3,20.31,21.06,21.51,21.63,20.03,10096922.0,207818436.0,-3.609,-0.76
300872,天阳科技,15.09,15.09,15.1,14.31,14.3,15.25,14.28,19037471.0,284084892.0,5.451,0.78
300873,海晨股份,17.62,17.62,17.65,17.38,17.52,17.94,15.23,27289360.0,461904968.0,1.381,0.24
300875,捷强装备,27.05,27.04,27.05,27.77,27.65,27.65,25.44,3646188.0,96749430.0,-2.593,-0.72
300876,蒙泰高新,12.84,12.78,12.84,12.81,12.99,13.08,11.76,3980711.0,49609098.0,0.234,0.03
300877,金春股份,24.33,24.32,24.33,24.89,25.15,25.47,22.4,2442456.0,58641298.0,-2.25,-0.56
300878,维康药业,27.3,27.3,27.33,27.02,27.25,27.54,24.05,6281807.0,163305068.0,1.036,0.28
300879,大叶股份,14.45,14.45,14.48,14.52,14.52,14.65,13.98,4399868.0,62961342.0,-0.482,-0.07
300880,迦南智能,18.08,18.08,18.09,17.84,17.84,18.24,16.82,4106155.0,72336890.0,1.345,0.24
300881,盛德鑫泰,31.32,31.32,31.35,30.97,31.52,31.73,28.92,2281934.0,69318429.0,1.13,0.35
300882,万胜智能,13.55,13.54,13.55,13.33,13.48,13.56,12.61,3316884.0,43881322.0,1.65,0.22
300883,龙利得,5.07,5.07,5.08,5.35,5.31,5.32,4.91,14864400.0,75204631.0,-5.234,-0.28
300884,狄耐克,10.33,10.33,10.34,10.05,10.24,10.36,9.61,8377250.0,84317288.0,2.786,0.28
300885,海昌新材,19.11,19.11,19.16,18.22,18.36,19.19,17.1,6578456.0,120424406.0,4.885,0.89
300886,华业香料,19.55,19.55,19.6,19.96,19.96,20.03,18.6,2303693.0,44527885.0,-2.054,-0.41
300887,谱尼测试,6.52,6.51,6.52,6.53,6.54,6.55,6.07,15094269.0,95696727.0,-0.153,-0.01
300888,稳健医疗,30.05,30.04,30.05,30.05,29.75,30.9,29.68,7358034.0,223347020.0,0.0,0.0
300889,爱克股份,19.26,19.24,19.26,17.91,18.27,19.43,15.5,10878591.0,188188989.0,7.538,1.35
300890,翔丰华,23.96,23.95,23.96,23.23,23.28,23.98,21.95,7854739.0,181801562.0,3.142,0.73
300891,惠云钛业,5.96,5.96,5.97,5.96,5.99,6.03,5.63,7714167.0,45181832.0,0.0,0.0
300892,品渥食品,18.63,18.63,18.64,19.33,19.14,19.51,18.35,3329978.0,62386038.0,-3.621,-0.7
300893,松原安全,15.1,15.09,15.1,14.88,14.88,15.13,14.65,2260246.0,33749870.0,1.478,0.22
300894,火星人,8.89,8.89,8.9,8.95,8.96,9.01,8.4,10346299.0,90569152.0,-0.67,-0.06
300895,铜牛信息,46.85,46.85,46.9,45.7,45.81,46.98,41.31,6595699.0,294927618.0,2.516,1.15
300896,爱美客,100.09,100.08,100.09,102.23,100.0,104.51,97.29,10318880.0,1044529302.0,-2.093,-2.14
300897,山科智能,12.46,12.46,12.5,12.58,12.69,12.69,11.59,3511866.0,43000232.0,-0.954,-0.12
300898,熊猫乳品,18.71,18.71,18.72,19.45,19.33,19.46,18.48,5574100.0,104849229.0,-3.805,-0.74
300899,上海凯鑫,24.21,24.21,24.29,24.5,24.31,24.88,22.33,1409400.0,33180075.0,-1.184,-0.29
300900,广联航空,23.29,23.29,23.3,22.65,22.87,23.31,19.6,29792326.0,650392197.0,2.826,0.64
300901,中胤时尚,11.91,11.85,11.91,12.32,12.32,12.35,10.78,8422700.0,96954464.0,-3.328,-0.41
300902,国安达,12.95,12.95,13.0,12.94,12.94,13.12,12.1,4145167.0,52497111.0,0.077,0.01
300903,科翔股份,68.22,68.22,68.24,66.0,67.65,68.94,54.0,39609783.0,2502975897.0,3.364,2.22
300904,威力传动,35.52,35.5,35.52,35.58,35.51,36.09,34.02,1122200.0,39511212.0,-0.169,-0.06
300905,宝丽迪,37.37,37.37,37.38,36.15,35.79,37.68,33.25,9095789.0,325313804.0,3.375,1.22
300906,日月明,22.56,22.49,22.56,22.68,22.68,22.8,20.71,1833900.0,40235113.0,-0.529,-0.12
300907,康平科技,40.58,40.58,40.6,38.2,39.38,40.79,33.36,6286593.0,235312953.0,6.23,2.38
300908,仲景食品,22.69,22.69,22.7,23.26,23.37,23.37,22.53,1797099.0,40922819.0,-2.451,-0.57
300909,汇创达,43.75,43.69,43.75,39.76,39.58,43.86,36.57,6468103.0,260990909.0,10.035,3.99
300910,瑞丰新材,28.44,28.44,28.45,27.99,27.78,29.64,27.62,6523125.0,187103627.0,1.608,0.45
300911,亿田智能,19.07,19.06,19.07,19.1,19.4,19.45,17.0,9346940.0,171907616.0,-0.157,-0.03
300912,凯龙高科,22.65,22.65,22.66,22.88,22.5,23.28,19.21,8145505.0,174565354.0,-1.005,-0.23
300913,兆龙互连,34.26,34.25,34.26,32.48,32.48,34.35,30.3,9484855.0,310852508.0,5.48,1.78
300915,海融科技,18.09,18.08,18.11,18.81,18.75,18.81,17.65,1655140.0,30062626.0,-3.828,-0.72
300916,朗特智能,18.18,18.15,18.18,18.12,18.21,18.39,16.69,5060345.0,89590915.0,0.331,0.06
300917,特发服务,23.5,23.5,23.52,23.74,23.5,23.77,22.85,6115108.0,142702564.0,-1.011,-0.24
300918,南山智尚,9.71,9.71,9.72,9.56,9.51,9.73,9.07,10405927.0,98459589.0,1.569,0.15
300919,中伟新材,38.98,38.97,38.98,36.6,36.52,39.76,36.45,24373102.0,942193623.0,6.503,2.38
300920,润阳科技,29.6,29.6,29.62,29.4,30.2,30.2,25.9,3277670.0,92012035.0,0.68,0.2
300921,南凌科技,13.21,13.21,13.22,12.93,12.97,13.25,11.55,12244064.0,153980812.0,2.166,0.28
300922,天秦装备,14.01,14.01,14.02,13.96,14.12,14.15,12.9,7873778.0,107336799.0,0.358,0.05
300923,研奥股份,19.03,19.03,19.07,18.94,19.05,19.12,17.51,2108100.0,38935150.0,0.475,0.09
300925,法本信息,14.35,14.34,14.35,13.85,13.85,14.38,13.83,10848364.0,153718864.0,3.61,0.5
300926,博俊科技,16.68,16.68,16.69,16.57,16.57,16.92,16.5,4347560.0,72644351.0,0.664,0.11
300927,江天化学,19.85,19.85,19.86,21.75,21.46,21.49,18.7,9830109.0,193137202.0,-8.736,-1.9
300928,华安鑫创,23.24,23.24,23.26,24.21,24.19,24.2,21.34,2338874.0,53065246.0,-4.007,-0.97
300929,华骐环保,12.45,12.44,12.45,12.53,12.78,13.21,11.43,11469230.0,140667819.0,-0.638,-0.08
300930,屹通新材,21.93,21.93,22.02,21.21,21.27,22.07,20.03,2815221.0,59340758.0,3.395,0.72
300931,通用电梯,10.95,10.95,10.96,10.76,11.13,11.24,9.0,14757900.0,150013312.0,1.766,0.19
300932,三友联众,8.62,8.62,8.63,8.46,9.16,9.16,7.97,26128585.0,219049534.0,1.891,0.16
300933,中辰股份,5.62,5.61,5.62,5.53,5.53,5.64,5.23,17451154.0,95398436.0,1.627,0.09
300935,盈建科,21.58,21.58,21.6,20.86,21.17,22.0,19.01,6102014.0,126988930.0,3.452,0.72
300936,中英科技,68.55,68.55,68.59,60.5,62.44,69.2,53.26,5412100.0,336660887.0,13.306,8.05
300937,药易购,22.8,22.79,22.8,23.39,23.01,23.1,21.05,10202695.0,225031957.0,-2.522,-0.59
300938,信测标准,32.64,32.62,32.64,30.87,31.42,32.83,27.42,26978225.0,823782476.0,5.734,1.77
300939,秋田微,45.25,45.25,45.27,43.14,43.0,45.38,37.37,7506062.0,314145601.0,4.891,2.11
300940,南极光,12.36,12.35,12.36,12.23,12.25,12.43,11.41,7735017.0,92697141.0,1.063,0.13
300941,创识科技,13.78,13.77,13.78,13.49,13.36,13.88,13.22,6289600.0,85530941.0,2.15,0.29
300942,易瑞生物,5.88,5.87,5.88,6.04,6.05,6.08,5.63,10247339.0,59631711.0,-2.649,-0.16
300943,春晖智控,24.72,24.7,24.72,22.86,23.32,24.74,19.36,19165370.0,426919741.0,8.136,1.86
300945,曼卡龙,10.42,10.42,10.43,10.4,10.4,10.49,10.06,9912697.0,102256573.0,0.192,0.02
300946,恒而达,35.33,35.33,35.43,34.72,34.94,35.74,33.01,1757798.0,61096316.0,1.757,0.61
300947,德必集团,12.14,12.14,12.15,12.35,12.37,12.45,11.74,3647207.0,43998295.0,-1.7,-0.21
300948,冠中生态,17.7,17.69,17.7,17.18,17.32,18.14,14.61,10630360.0,175219142.0,3.027,0.52
300949,奥雅股份,18.84,18.84,18.9,18.86,18.9,19.12,17.56,1763163.0,32351275.0,-0.106,-0.02
300950,德固特,14.55,14.55,14.56,14.69,14.69,14.83,13.8,2680300.0,38472549.0,-0.953,-0.14
300951,博硕科技,42.02,42.02,42.22,37.06,37.63,42.88,33.82,7215479.0,279809828.0,13.384,4.96
300952,恒辉安防,15.87,15.86,15.87,15.72,15.88,16.06,14.64,7533887.0,116927690.0,0.954,0.15
300953,震裕科技,98.68,98.68,98.7,95.23,95.45,99.33,90.1,10192303.0,973588624.0,3.623,3.45
300955,嘉亨家化,32.86,32.84,32.86,32.84,32.83,33.5,31.54,3971859.0,128546437.0,0.061,0.02
300956,英力股份,9.51,9.51,9.52,9.68,9.53,9.56,8.79,8892686.0,82432174.0,-1.756,-0.17
300957,贝泰妮,32.41,32.4,32.41,31.96,31.94,33.04,31.71,12251500.0,398387121.0,1.408,0.45
300958,建工修复,10.63,10.63,10.64,10.8,10.7,10.8,10.01,6258470.0,64924040.0,-1.574,-0.17
300959,线上线下,101.0,100.99,101.0,86.3,87.0,102.0,80.99,5971349.0,555270320.0,17.034,14.7
300960,通业科技,14.15,14.14,14.15,14.39,14.26,14.4,13.55,2467140.0,34575999.0,-1.668,-0.24
300961,深水海纳,9.4,9.4,9.41,9.32,9.45,9.5,8.55,13382601.0,121924846.0,0.858,0.08
300962,中金辐照,12.5,12.5,12.51,12.72,12.77,12.87,12.3,3919737.0,48997684.0,-1.73,-0.22
300963,中洲特材,10.55,10.55,10.56,10.48,10.44,10.65,9.92,11720321.0,121173261.0,0.668,0.07
300964,本川智能,51.83,51.82,51.83,47.05,48.0,51.87,41.77,7700438.0,364330604.0,10.159,4.78
300965,恒宇信通,35.91,35.91,35.93,35.76,35.44,36.0,33.01,1385190.0,48224818.0,0.419,0.15
300966,共同药业,22.64,22.6,22.64,23.05,23.06,23.57,20.38,6258047.0,137387854.0,-1.779,-0.41
300967,晓鸣股份,14.03,14.02,14.03,14.18,14.13,14.41,13.41,6846234.0,94865726.0,-1.058,-0.15
300968,格林精密,12.49,12.48,12.49,10.94,10.61,12.73,10.2,51400859.0,595927440.0,14.168,1.55
300969,恒帅股份,80.5,80.5,80.51,76.13,76.82,80.94,72.53,3233910.0,252152311.0,5.74,4.37
300970,华绿生物,14.86,14.86,14.87,15.0,15.0,15.05,13.61,8358610.0,121411684.0,-0.933,-0.14
300971,博亚精工,17.31,17.31,17.33,17.26,17.28,17.44,16.22,3857624.0,65321569.0,0.29,0.05
300972,万辰集团,193.12,193.07,193.31,194.59,193.58,200.0,190.7,2555181.0,494456842.0,-0.755,-1.47
300973,立高食品,23.72,23.72,23.73,24.05,24.02,24.13,23.5,3545700.0,84172621.0,-1.372,-0.33
300975,商络电子,27.05,27.05,27.06,23.34,23.82,27.3,20.25,92000113.0,2216401034.0,15.895,3.71
300976,达瑞电子,51.5,51.49,51.5,46.23,46.81,51.8,40.95,8435338.0,397257681.0,11.4,5.27
300977,深圳瑞捷,13.61,13.61,13.63,13.6,13.6,13.71,12.29,3201688.0,41925715.0,0.074,0.01
300978,东箭科技,7.96,7.95,7.96,8.05,8.0,8.08,7.71,5560000.0,43731389.0,-1.118,-0.09
300979,华利集团,33.4,33.4,33.41,34.38,34.07,34.79,33.17,5043464.0,170626953.0,-2.85,-0.98
300980,祥源新材,20.67,20.67,20.7,19.91,19.9,20.74,17.85,9512609.0,185389754.0,3.817,0.76
300981,中红医疗,10.18,10.18,10.19,10.45,10.4,10.4,9.85,6865650.0,69155172.0,-2.584,-0.27
300982,苏文电能,14.09,14.09,14.1,14.12,14.16,14.33,13.32,4645158.0,64182010.0,-0.212,-0.03
300983,尤安设计,30.3,30.23,30.3,30.29,30.46,30.6,28.32,2426911.0,71818130.0,0.033,0.01
300984,金沃股份,34.2,34.02,34.2,32.8,32.79,34.5,29.8,5005400.0,162142454.0,4.268,1.4
300985,致远新能,34.61,34.61,34.68,31.51,31.69,34.61,28.63,8166059.0,256306237.0,9.838,3.1
300986,志特新材,9.97,9.96,9.97,9.81,9.82,10.02,9.02,27041606.0,260077514.0,1.631,0.16
300987,川网传媒,12.28,12.27,12.28,12.48,12.5,12.55,11.8,6347686.0,77283619.0,-1.603,-0.2
300988,津荣天宇,13.64,13.64,13.65,13.22,13.41,13.72,12.44,6603521.0,87160662.0,3.177,0.42
300989,蕾奥规划,10.4,10.38,10.4,10.75,10.65,10.74,9.94,3716731.0,38346275.0,-3.256,-0.35
300990,同飞股份,87.01,87.01,87.1,78.76,79.4,87.28,73.63,10577602.0,859580444.0,10.475,8.25
300991,创益通,24.56,24.56,24.58,23.5,23.28,24.56,21.04,4554815.0,105040849.0,4.511,1.06
300992,泰福泵业,20.44,20.44,20.45,20.46,20.47,20.87,18.67,2881800.0,57089598.0,-0.098,-0.02
300993,玉马科技,9.21,9.21,9.22,9.29,9.34,9.38,8.96,3807500.0,34750132.0,-0.861,-0.08
300994,久祺股份,9.99,9.99,10.0,10.06,10.06,10.19,9.81,3661680.0,36489429.0,-0.696,-0.07
300995,奇德新材,23.07,23.07,23.14,23.0,23.0,23.55,20.96,3280800.0,72861035.0,0.304,0.07
300996,普联软件,11.35,11.35,11.36,11.73,11.51,11.68,10.77,14418828.0,162464218.0,-3.24,-0.38
300997,欢乐家,14.01,14.0,14.01,14.37,14.11,14.34,13.81,9125019.0,127637828.0,-2.505,-0.36
300998,宁波方正,18.85,18.85,18.86,19.05,19.03,19.3,16.0,10655652.0,188783664.0,-1.05,-0.2
300999,金龙鱼,25.8,25.79,25.8,26.13,25.94,26.63,25.77,18736606.0,490413046.0,-1.263,-0.33
301000,肇民科技,24.49,24.49,24.5,24.12,24.0,24.63,23.23,5775056.0,139669158.0,1.534,0.37
301001,凯淳股份,20.58,20.58,20.62,20.88,20.88,21.2,19.51,1626297.0,33012338.0,-1.437,-0.3
301002,崧盛股份,28.79,28.78,28.79,27.76,28.51,28.81,24.35,8220083.0,221705748.0,3.71,1.03
301003,江苏博云,42.88,42.88,42.89,39.04,39.2,42.99,35.66,4205208.0,165560002.0,9.836,3.84
301004,嘉益股份,33.26,33.26,33.27,35.23,34.89,35.21,32.85,1632997.0,55117155.0,-5.592,-1.97
301005,超捷股份,67.35,67.35,67.36,63.3,64.09,67.39,56.88,12415295.0,784390867.0,6.398,4.05
301006,迈拓股份,11.64,11.64,11.68,11.95,11.8,11.89,11.0,3357920.0,38463535.0,-2.594,-0.31
301007,德迈仕,25.14,25.14,25.15,24.8,24.8,26.55,22.37,6390669.0,154969853.0,1.371,0.34
301008,宏昌科技,27.56,27.55,27.56,26.32,26.5,27.69,24.52,7735765.0,204096708.0,4.711,1.24
301009,可靠股份,8.24,8.24,8.26,8.43,8.4,8.45,8.16,4439800.0,36754378.0,-2.254,-0.19
301010,晶雪节能,14.5,14.48,14.5,14.52,14.52,14.65,13.2,3159579.0,44507792.0,-0.138,-0.02
301011,华立科技,13.79,13.78,13.79,14.02,14.05,14.08,13.41,4671289.0,64266805.0,-1.641,-0.23
301012,扬电科技,24.46,24.46,0.0,20.38,22.41,24.46,21.2,23059812.0,541369524.0,20.02,4.08
301013,利和兴,39.72,39.72,39.73,35.32,35.83,39.87,31.03,32967481.0,1182741459.0,12.458,4.4
301015,百洋医药,23.1,23.1,23.11,22.67,22.52,23.43,22.33,9445698.0,217156342.0,1.897,0.43
301016,雷尔伟,11.31,11.31,11.32,11.35,11.47,11.47,10.48,4842931.0,53546754.0,-0.352,-0.04
301017,漱玉平民,12.32,12.32,12.33,12.8,12.8,12.9,11.65,12186364.0,148764971.0,-3.75,-0.48
301018,申菱环境,90.23,90.22,90.23,79.81,81.02,90.5,70.09,21965544.0,1775633412.0,13.056,10.42
301019,宁波色母,14.85,14.85,14.87,15.43,15.3,15.43,13.9,6378089.0,92948611.0,-3.759,-0.58
301020,密封科技,17.12,17.12,17.13,16.57,16.75,17.17,15.46,4660408.0,76386457.0,3.319,0.55
301021,英诺激光,66.32,66.32,66.35,59.35,60.39,66.32,51.35,12608556.0,754536727.0,11.744,6.97
301022,海泰科,20.15,20.13,20.15,20.24,20.26,20.39,18.93,1881128.0,37152692.0,-0.445,-0.09
301023,奕帆传动,26.9,26.9,26.92,26.66,26.38,27.15,24.51,2516211.0,65172470.0,0.9,0.24
301024,霍普股份,27.4,27.4,27.45,25.89,25.96,27.55,24.2,2389852.0,63003118.0,5.832,1.51
301025,读客文化,7.85,7.83,7.85,7.9,7.86,7.97,7.38,10027218.0,77084617.0,-0.633,-0.05
301026,浩通科技,17.42,17.42,17.43,17.16,17.16,17.47,15.99,8697842.0,147235324.0,1.515,0.26
301027,华蓝集团,19.17,19.17,19.18,18.51,18.78,19.25,16.54,7074366.0,125571037.0,3.566,0.66
301028,鼎熔岩,11.45,11.45,11.49,11.21,11.44,11.76,10.6,11332532.0,128209490.0,2.141,0.24
301029,怡合达,25.76,25.75,25.76,24.05,24.05,25.87,23.89,14813993.0,370120162.0,7.11,1.71
301030,*ST仕净,7.3,7.3,7.31,7.35,7.26,7.41,6.43,13073609.0,90015523.0,-0.68,-0.05
301031,中熔电气,80.0,80.0,80.02,74.69,75.7,80.38,72.03,5257876.0,404737444.0,7.109,5.31
301032,新柴股份,8.91,8.9,8.91,9.07,8.99,9.11,8.41,5536100.0,48706924.0,-1.764,-0.16
301033,迈普医学,53.2,53.2,53.21,55.53,54.95,55.8,50.01,1922500.0,101936910.0,-4.196,-2.33
301035,润丰股份,50.99,50.99,51.01,50.3,50.37,52.45,50.16,2676708.0,137220305.0,1.372,0.69
301036,双乐股份,18.87,18.87,18.88,19.29,19.26,19.45,18.07,1980830.0,37128138.0,-2.177,-0.42
301037,保立佳,10.5,10.5,10.53,10.6,10.56,10.75,9.69,3812740.0,39155086.0,-0.943,-0.1
301038,深水规院,14.63,14.63,14.64,14.7,14.7,14.75,13.76,5021356.0,71961097.0,-0.476,-0.07
301039,中集车辆,7.3,7.3,7.31,7.39,7.35,7.49,7.24,22744515.0,167329800.0,-1.218,-0.09
301040,中环海陆,21.68,21.68,21.69,21.26,21.42,21.85,19.41,4079916.0,84253628.0,1.976,0.42
301041,金百泽,21.18,21.17,21.18,19.95,20.14,21.2,18.02,7058468.0,141276873.0,6.165,1.23
301042,安联锐视,29.46,29.46,29.47,33.3,28.64,31.27,26.64,22515174.0,628572349.0,-11.532,-3.84
301043,绿岛风,36.65,36.6,36.65,36.38,36.02,37.27,32.08,1974400.0,69680190.0,0.742,0.27
301045,天禄科技,70.13,70.13,70.14,65.94,67.26,72.0,57.81,11028636.0,727303454.0,6.354,4.19
301046,能辉科技,18.3,18.29,18.3,16.89,16.99,18.4,15.16,9849354.0,165556663.0,8.348,1.41
301047,义翘神州,70.36,70.35,70.36,71.5,70.68,71.2,68.0,2824894.0,195861179.0,-1.594,-1.14
301048,金鹰重工,8.58,8.58,8.59,8.71,8.68,8.8,8.53,5033672.0,43363716.0,-1.493,-0.13
301049,超越科技,16.95,16.88,16.95,16.82,16.79,17.0,15.51,2486641.0,40684921.0,0.773,0.13
301050,雷电微力,29.0,28.99,29.0,28.83,28.91,29.38,27.7,5897696.0,169574166.0,0.59,0.17
301051,信濠光电,14.23,14.22,14.23,12.65,12.7,14.36,11.22,21556544.0,278630388.0,12.49,1.58
301052,果麦文化,21.62,21.62,21.63,21.26,21.01,21.7,19.82,5412342.0,112990188.0,1.693,0.36
301053,远信工业,39.99,39.99,40.0,37.38,37.37,40.46,35.5,8096198.0,305844877.0,6.982,2.61
301055,张小泉,26.42,26.42,26.44,26.05,26.41,27.28,23.18,7826000.0,200339990.0,1.42,0.37
301056,森赫股份,9.19,9.19,9.2,9.5,9.42,9.64,8.39,7415706.0,66689682.0,-3.263,-0.31
301057,汇隆新材,18.95,18.95,19.0,18.61,18.53,19.13,16.06,5058556.0,90258423.0,1.827,0.34
301058,中粮科工,8.03,8.03,8.04,8.16,8.13,8.23,7.99,7193016.0,58377449.0,-1.593,-0.13
301059,金三江,10.14,10.13,10.14,10.13,10.17,10.22,9.76,6266185.0,62739517.0,0.099,0.01
301060,兰卫医学,8.47,8.47,8.48,8.82,8.75,8.8,8.13,13785700.0,115910783.0,-3.968,-0.35
301061,匠心家居,33.79,33.79,33.8,34.2,33.99,35.55,33.71,4162006.0,143591029.0,-1.199,-0.41
301062,上海艾录,5.73,5.73,5.74,5.78,5.85,5.85,5.44,12943300.0,72725006.0,-0.865,-0.05
301063,海锅股份,15.4,15.4,15.42,15.78,15.62,15.84,14.68,2798900.0,42662453.0,-2.408,-0.38
301065,本立科技,17.18,17.18,17.2,17.9,17.72,17.83,16.6,2402905.0,41011412.0,-4.022,-0.72
301066,万事利,10.88,10.88,10.89,10.9,10.99,11.06,10.46,4723039.0,50978514.0,-0.183,-0.02
301067,显盈科技,22.43,22.43,22.46,22.35,22.75,23.0,19.88,5105121.0,110399932.0,0.358,0.08
301068,大地海洋,24.59,24.59,24.71,25.17,24.88,25.56,23.35,1608056.0,39186419.0,-2.304,-0.58
301069,凯盛新材,15.59,15.59,15.6,15.13,15.3,15.68,14.52,9205871.0,140043477.0,3.04,0.46
301070,开勒股份,59.59,59.5,59.59,52.25,52.25,60.38,43.68,9133896.0,469066236.0,14.048,7.34
301071,力量钻石,60.91,60.91,60.94,56.3,56.59,61.08,50.61,20034803.0,1127736046.0,8.188,4.61
301072,中捷精工,33.12,33.07,33.12,34.18,34.8,35.67,28.88,6954400.0,225222123.0,-3.101,-1.06
301073,君亭酒店,16.16,16.15,16.16,16.41,16.35,16.48,15.88,5333600.0,86110201.0,-1.523,-0.25
301075,多瑞医药,50.9,50.9,50.93,49.05,49.05,51.48,44.72,3304937.0,159060116.0,3.772,1.85
301076,新瀚新材,20.69,20.69,20.7,19.78,19.99,20.79,18.73,9249179.0,184386356.0,4.601,0.91
301077,星华新材,18.99,18.97,18.99,19.03,19.68,19.68,17.86,2503280.0,46516398.0,-0.21,-0.04
301078,孩子王,6.99,6.98,6.99,7.01,6.96,7.09,6.9,26032523.0,181947651.0,-0.285,-0.02
301079,邵阳液压,25.71,25.71,25.72,25.37,25.37,25.73,22.84,6064451.0,148523288.0,1.34,0.34
301080,百普赛斯,51.8,51.78,51.8,52.56,52.57,52.83,48.8,7277775.0,367573117.0,-1.446,-0.76
301081,严牌股份,10.82,10.82,10.85,10.28,10.5,11.0,9.12,9945471.0,101123078.0,5.253,0.54
301082,久盛电气,8.08,8.07,8.08,8.07,8.04,8.19,7.69,8065981.0,64090812.0,0.124,0.01
301083,百胜智能,11.95,11.86,11.95,11.99,11.99,12.03,11.07,3294500.0,38248381.0,-0.334,-0.04
301085,亚康股份,54.0,53.99,54.0,53.49,52.53,54.58,46.38,7946907.0,405792224.0,0.953,0.51
301086,鸿富瀚,116.41,116.41,116.75,103.47,105.0,118.0,84.13,8772092.0,883926412.0,12.506,12.94
301087,可孚医疗,52.48,52.48,52.49,50.7,50.69,53.98,50.0,4389456.0,227816033.0,3.511,1.78
301088,戎美股份,11.21,11.21,11.22,11.4,11.48,11.48,10.94,2026758.0,22573567.0,-1.667,-0.19
301089,拓新药业,21.73,21.73,21.74,22.5,22.32,22.33,20.8,3596304.0,77350339.0,-3.422,-0.77
301090,华润材料,6.28,6.27,6.28,6.25,6.22,6.34,6.18,7056914.0,44110578.0,0.48,0.03
301091,深城交,15.11,15.1,15.11,14.9,14.83,15.25,14.62,6943698.0,104528634.0,1.409,0.21
301092,争光股份,47.85,47.85,47.86,49.46,40.84,50.85,39.57,15585011.0,682523540.0,-3.255,-1.61
301093,华兰股份,63.57,63.52,63.57,59.85,61.47,63.96,50.12,11146344.0,629971469.0,6.216,3.72
301095,广立微,75.6,75.56,75.6,68.35,69.0,75.8,64.01,13240804.0,933930032.0,10.607,7.25
301096,百诚医药,39.19,39.18,39.19,38.79,38.83,40.32,35.2,9447241.0,356461873.0,1.031,0.4
301097,天益医疗,32.0,32.0,32.09,31.91,32.19,32.19,29.3,1250601.0,38451847.0,0.282,0.09
301098,金埔园林,6.55,6.55,6.56,6.7,6.72,6.78,5.88,14819825.0,93499352.0,-2.239,-0.15
301099,雅创电子,53.21,53.21,53.22,46.01,47.22,53.27,41.4,17137100.0,825589640.0,15.649,7.2
301100,风光股份,15.33,15.32,15.33,15.77,15.62,15.8,14.4,4386676.0,66274419.0,-2.79,-0.44
301101,明月镜片,28.41,28.41,28.42,28.84,28.66,29.19,28.22,3116765.0,89002476.0,-1.491,-0.43
301102,兆讯传媒,9.11,9.1,9.11,9.13,9.17,9.21,8.83,2622336.0,23718598.0,-0.219,-0.02
301103,何氏眼科,15.18,15.18,15.22,15.67,15.63,15.66,14.8,3345443.0,50546784.0,-3.127,-0.49
301105,鸿铭股份,38.61,38.39,38.61,39.29,38.62,39.29,35.26,760862.0,28482720.0,-1.731,-0.68
301106,骏成科技,14.97,14.97,14.99,14.66,14.9,15.18,13.55,3921253.0,56938293.0,2.115,0.31
301107,瑜欣电子,16.73,16.73,16.75,16.09,16.31,17.11,14.53,3850571.0,61383048.0,3.978,0.64
301108,洁雅股份,27.4,27.4,27.41,27.68,27.46,27.9,25.68,3353573.0,89338574.0,-1.012,-0.28
301109,军信股份,13.91,13.91,13.92,14.08,13.97,14.29,13.82,7440552.0,104577762.0,-1.207,-0.17
301110,青木科技,33.85,33.83,33.85,34.32,34.32,34.6,32.16,4295092.0,143611612.0,-1.369,-0.47
301111,粤万年青,17.83,17.81,17.83,17.55,17.37,17.96,15.65,7461866.0,126278661.0,1.595,0.28
301112,信邦智能,26.77,26.76,26.77,26.0,26.27,27.16,24.18,1748530.0,45114111.0,2.962,0.77
301113,雅艺科技,13.5,13.5,13.59,14.0,13.79,13.9,12.66,2212728.0,29432240.0,-3.571,-0.5
301115,联检科技,23.71,23.71,23.72,21.81,21.86,23.85,19.31,8802161.0,192158182.0,8.712,1.9
301116,益客食品,8.36,8.35,8.36,8.6,8.64,8.66,8.24,5309225.0,44480134.0,-2.791,-0.24
301117,佳缘科技,16.48,16.48,16.49,15.97,15.9,16.55,14.4,13109008.0,204257593.0,3.193,0.51
301118,恒光股份,18.55,18.55,18.57,18.18,18.27,18.55,16.57,6359291.0,112785241.0,2.035,0.37
301119,正强股份,18.6,18.59,18.6,18.11,18.28,18.62,16.69,3337412.0,59680584.0,2.706,0.49
301120,新特电气,13.21,13.21,13.22,12.85,12.87,13.21,11.78,12549554.0,157133962.0,2.802,0.36
301121,紫建电子,30.18,30.06,30.18,28.94,29.3,30.18,27.0,1946066.0,55861200.0,4.285,1.24
301122,采纳股份,26.03,25.96,26.03,25.53,28.98,28.98,23.0,6271300.0,159580345.0,1.958,0.5
301123,奕东电子,72.78,72.78,72.79,65.88,67.28,72.88,57.3,14885309.0,979535373.0,10.474,6.9
301125,腾亚精工,12.57,12.57,12.6,12.13,12.45,12.65,10.68,8609395.0,100662273.0,3.627,0.44
301126,达嘉维康,8.3,8.3,8.31,8.59,8.61,8.66,7.65,10092598.0,81886722.0,-3.376,-0.29
301127,武汉天源,16.95,16.93,16.95,15.0,15.03,17.0,14.13,40042794.0,628828243.0,13.0,1.95
301128,强瑞技术,107.28,107.28,107.29,99.89,101.0,107.48,87.19,7245396.0,717102396.0,7.398,7.39
301129,瑞纳智能,18.58,18.57,18.58,18.47,18.42,18.75,17.31,2223700.0,40400415.0,0.596,0.11
301130,西点药业,23.07,23.07,23.1,23.78,23.79,24.04,21.88,1917626.0,43837816.0,-2.986,-0.71
301131,聚赛龙,28.92,28.92,28.99,29.4,29.29,29.64,27.75,1692013.0,48580426.0,-1.633,-0.48
301132,满坤科技,29.38,29.38,29.39,26.86,27.0,29.5,24.35,8654087.0,235017486.0,9.382,2.52
301133,金钟股份,24.37,24.37,24.38,23.95,24.67,24.67,19.16,7039364.0,162325997.0,1.754,0.42
301135,瑞德智能,14.47,14.47,14.49,14.15,14.26,14.6,13.4,3214783.0,45420831.0,2.261,0.32
301136,招标股份,10.13,10.13,10.15,10.26,10.32,10.35,9.59,8300287.0,82811552.0,-1.267,-0.13
301137,哈焊华通,28.98,28.98,28.99,28.61,28.3,28.98,26.56,4323073.0,120972780.0,1.293,0.37
301138,华研精机,24.61,24.6,24.61,24.14,24.35,24.8,22.26,1893600.0,44822846.0,1.947,0.47
301139,*ST元道,2.63,2.63,2.64,2.79,2.71,2.73,2.45,11207600.0,29077592.0,-5.735,-0.16
301141,中科磁业,34.01,34.01,34.02,32.81,33.06,34.09,31.22,2567192.0,84419732.0,3.657,1.2
301148,嘉戎技术,41.52,41.51,41.52,38.85,39.05,41.81,35.26,2646231.0,103027141.0,6.873,2.67
301149,隆华新材,7.14,7.14,7.15,7.16,7.17,7.24,6.85,9201416.0,64888920.0,-0.279,-0.02
301150,中一科技,35.88,35.88,35.89,33.31,33.45,35.99,28.78,25746735.0,842333989.0,7.715,2.57
301151,冠龙节能,17.38,17.38,17.39,17.56,17.25,17.87,16.09,8756188.0,148370271.0,-1.025,-0.18
301152,天力锂能,18.7,18.7,18.71,18.57,18.46,18.78,17.4,5730200.0,104900825.0,0.7,0.13
301153,中科江南,16.83,16.83,16.84,16.62,16.5,17.06,16.45,7132673.0,119900796.0,1.264,0.21
301155,海力风电,38.72,38.72,38.73,38.5,38.23,39.23,37.95,4028322.0,155751697.0,0.571,0.22
301156,美农生物,10.28,10.27,10.28,10.44,10.39,10.49,9.79,4421270.0,45020346.0,-1.533,-0.16
301157,华塑科技,52.11,52.11,52.12,52.46,53.41,53.41,47.04,1423958.0,71745979.0,-0.667,-0.35
301158,德石股份,12.44,12.43,12.44,12.88,12.74,12.74,11.57,9162960.0,111151973.0,-3.416,-0.44
301159,三维天地,27.26,27.26,27.28,26.81,26.83,27.28,24.54,3251400.0,85501482.0,1.678,0.45
301160,翔楼新材,39.5,39.5,39.51,36.7,36.42,39.58,33.64,5998392.0,221217686.0,7.629,2.8
301161,唯万密封,25.33,25.33,25.34,23.75,24.06,25.33,21.91,8655742.0,207029873.0,6.653,1.58
301162,国能日新,35.15,35.14,35.15,35.11,34.86,35.55,33.72,2310505.0,80630784.0,0.114,0.04
301163,宏德股份,20.1,20.09,20.1,20.15,20.0,20.5,18.5,2682485.0,52784984.0,-0.248,-0.05
301165,锐捷网络,110.86,110.86,110.88,102.95,100.5,111.01,89.0,39801765.0,4057572528.0,7.683,7.91
301166,优宁维,25.0,24.99,25.0,25.92,25.96,26.0,24.21,1780982.0,44353711.0,-3.549,-0.92
301167,建研设计,11.75,11.75,11.76,12.0,11.87,11.99,11.22,4101604.0,47650722.0,-2.083,-0.25
301168,通灵股份,38.47,38.39,38.47,38.69,39.85,39.85,34.01,2645532.0,97756232.0,-0.569,-0.22
301169,零点有数,47.83,47.83,47.84,46.07,46.99,47.91,41.4,2547236.0,115342993.0,3.82,1.76
301170,锡南科技,20.48,20.48,20.49,20.42,20.51,20.51,19.37,1690869.0,33768581.0,0.294,0.06
301171,易点天下,27.45,27.44,27.45,26.96,26.87,27.67,24.64,43986221.0,1165681705.0,1.818,0.49
301172,君逸数码,20.7,20.7,20.71,19.98,20.11,20.72,18.08,8551807.0,168183882.0,3.604,0.72
301173,毓恬冠佳,28.4,28.4,28.41,29.43,29.7,29.72,27.88,1555800.0,44309843.0,-3.5,-1.03
301175,中科环保,5.19,5.18,5.19,5.09,5.09,5.21,5.06,29132798.0,149396790.0,1.965,0.1
301176,逸豪新材,41.99,41.98,41.99,39.66,38.37,42.33,32.38,22925874.0,863758353.0,5.875,2.33
301177,迪阿股份,20.99,20.98,20.99,20.62,20.83,21.04,20.01,1472511.0,30495022.0,1.794,0.37
301178,天亿马,30.82,30.81,30.82,29.63,30.33,30.82,26.95,4446230.0,128970523.0,4.016,1.19
301179,泽宇智能,18.17,18.17,18.18,18.46,18.4,18.72,16.8,7628045.0,134231197.0,-1.571,-0.29
301180,万祥科技,10.39,10.38,10.39,10.32,10.38,10.5,9.59,7067600.0,71525047.0,0.678,0.07
301181,标榜股份,19.15,19.15,19.16,18.76,18.58,19.4,17.12,4099367.0,75046668.0,2.079,0.39
301182,凯旺科技,61.67,61.67,61.68,57.03,58.45,61.99,48.1,5328308.0,297054031.0,8.136,4.64
301183,东田微,182.33,182.32,182.33,166.1,172.82,184.98,142.0,7621925.0,1253278632.0,9.771,16.23
301185,鸥玛软件,15.43,15.33,15.43,15.4,15.4,15.49,14.5,2871348.0,43417565.0,0.195,0.03
301186,超达装备,30.26,30.24,30.33,29.08,29.01,30.62,25.6,4819587.0,134945747.0,4.058,1.18
301187,欧圣电气,13.19,13.19,13.2,13.22,13.16,13.3,12.75,2894475.0,37849834.0,-0.227,-0.03
301188,力诺药包,36.34,36.34,36.35,33.4,34.06,36.55,29.0,22826378.0,761165012.0,8.802,2.94
301189,奥尼电子,44.6,44.6,44.61,42.35,43.05,44.66,37.92,7781971.0,327019801.0,5.313,2.25
301190,善水科技,17.93,17.93,17.95,17.42,18.06,18.81,17.14,20233164.0,362902580.0,2.928,0.51
301191,菲菱科思,102.88,102.87,102.88,100.9,101.43,103.0,83.2,10903799.0,1036959204.0,1.962,1.98
301192,泰祥股份,17.06,17.05,17.06,17.11,17.35,17.37,15.8,2029950.0,33920272.0,-0.292,-0.05
301193,家联科技,15.81,15.81,15.82,16.04,16.1,16.12,14.78,6232426.0,96112559.0,-1.434,-0.23
301195,北路智控,24.49,24.49,24.5,24.99,24.87,25.05,23.38,1985750.0,48048936.0,-2.001,-0.5
301196,唯科科技,81.39,81.39,81.44,75.33,77.0,81.89,67.0,7540489.0,568976173.0,8.045,6.06
301197,工大科雅,20.01,20.01,20.11,20.21,20.57,20.57,17.76,4510944.0,86946312.0,-0.99,-0.2
301198,喜悦智行,9.89,9.89,9.9,9.73,9.73,9.98,8.71,8896692.0,85068401.0,1.644,0.16
301199,迈赫股份,17.44,17.44,17.45,17.27,17.27,17.57,16.26,3648879.0,62031669.0,0.984,0.17
301200,大族数控,259.46,259.46,259.47,225.5,226.78,260.0,207.65,6407338.0,1516884613.0,15.06,33.96
301201,诚达药业,30.32,30.32,30.33,30.74,30.61,30.76,26.9,11839972.0,342763058.0,-1.366,-0.42
301202,朗威股份,30.63,30.62,30.63,29.81,29.96,30.97,27.83,2548902.0,75868756.0,2.751,0.82
301203,国泰环保,32.99,32.95,32.99,33.19,33.21,33.9,30.7,1460660.0,46985244.0,-0.603,-0.2
301205,联特科技,213.6,213.6,0.0,178.0,183.23,213.6,153.0,11925108.0,2179277879.0,20.0,35.6
301206,三元生物,22.75,22.74,22.79,23.14,23.2,23.23,22.41,1710550.0,38783859.0,-1.685,-0.39
301207,华兰疫苗,17.04,17.04,17.05,16.88,16.75,17.08,16.63,5526778.0,93396396.0,0.948,0.16
301208,中亦科技,27.16,27.16,27.18,26.8,26.9,27.47,25.63,2113260.0,56512415.0,1.343,0.36
301209,联合化学,46.3,46.29,46.3,43.79,43.28,46.88,37.55,4200760.0,177192651.0,5.732,2.51
301210,金杨精密,21.38,21.36,21.38,20.55,20.89,21.38,19.03,5724868.0,116995790.0,4.039,0.83
301211,亨迪药业,11.31,11.3,11.31,11.65,11.35,11.44,10.38,19469063.0,213357286.0,-2.918,-0.34
301212,联盛化学,19.63,19.62,19.63,19.65,19.86,20.0,17.99,2275400.0,43275742.0,-0.102,-0.02
301213,观想科技,37.31,37.31,37.32,36.46,36.73,37.75,33.81,2002517.0,71999495.0,2.331,0.85
301215,中汽股份,5.05,5.04,5.05,5.06,5.03,5.1,4.98,12839402.0,64642256.0,-0.198,-0.01
301216,万凯新材,15.82,15.82,15.83,16.01,16.02,16.06,14.83,19985756.0,310168026.0,-1.187,-0.19
301217,铜冠铜箔,107.54,107.54,107.55,103.24,90.0,109.47,82.59,76212566.0,7091233759.0,4.165,4.3
301218,华是科技,41.13,41.13,41.14,38.83,38.61,41.37,37.53,11103245.0,435304584.0,5.923,2.3
301219,腾远钴业,44.3,44.29,44.3,41.28,42.11,44.8,41.75,13010870.0,567203557.0,7.316,3.02
301220,亚香股份,25.9,25.9,25.95,26.48,27.48,27.48,24.95,2175882.0,55978751.0,-2.19,-0.58
301221,光庭信息,25.84,25.84,25.85,25.6,25.21,25.98,24.28,2170300.0,54908654.0,0.937,0.24
301222,浙江恒威,24.96,24.96,24.97,23.36,22.94,24.96,21.53,3714600.0,86368157.0,6.849,1.6
301223,中荣股份,15.89,15.88,15.89,15.64,15.64,15.99,15.4,1571600.0,24688871.0,1.598,0.25
301225,恒勃股份,54.62,54.62,54.66,58.52,58.53,59.5,52.8,5646042.0,311224844.0,-6.664,-3.9
301226,祥明智能,24.66,24.65,24.66,24.16,24.39,24.93,21.83,3484900.0,81739505.0,2.07,0.5
301227,森鹰窗业,17.0,16.89,17.0,17.98,17.7,17.75,15.52,4442425.0,73960878.0,-5.451,-0.98
301228,实朴检测,60.61,60.61,60.7,51.51,54.88,60.85,53.1,6608126.0,376524344.0,17.666,9.1
301229,纽泰格,11.03,11.03,11.07,11.3,11.44,11.44,10.5,4199000.0,45734986.0,-2.389,-0.27
301230,泓博医药,27.13,27.13,27.14,27.91,27.05,27.4,24.0,20462396.0,530419154.0,-2.795,-0.78
301231,荣信文化,22.69,22.69,22.7,22.49,22.78,22.97,20.44,5618890.0,122781277.0,0.889,0.2
301232,飞沃科技,111.99,111.99,112.0,102.05,103.01,112.54,92.0,7699387.0,791850219.0,9.74,9.94
301233,盛帮股份,28.75,28.75,28.76,28.3,28.45,29.17,26.9,998254.0,28031768.0,1.59,0.45
301234,五洲医疗,34.0,0.0,0.0,34.0,0.0,0.0,0.0,0.0,0.0,0.0,0.0
301235,华康洁净,40.0,40.0,40.01,36.13,36.29,40.0,32.01,14481012.0,524609548.0,10.711,3.87
301236,软通动力,38.48,38.48,38.49,38.32,38.0,39.54,36.8,32829121.0,1251814318.0,0.418,0.16
301237,和顺科技,52.1,52.1,52.12,49.49,48.8,52.73,42.88,3717328.0,179174704.0,5.274,2.61
301238,瑞泰新材,15.2,15.2,15.22,14.5,14.42,15.25,14.25,16429707.0,244276841.0,4.828,0.7
301239,普瑞眼科,31.27,31.26,31.27,32.2,32.25,32.38,30.52,3708731.0,115625127.0,-2.888,-0.93
301246,宏源药业,18.51,18.5,18.51,18.05,18.09,18.52,16.68,13844164.0,245686727.0,2.548,0.46
301248,杰创智能,57.8,57.79,57.8,55.56,60.0,61.1,48.12,11904918.0,651639472.0,4.032,2.24
301251,威尔高,34.19,34.19,34.2,31.8,31.99,34.41,28.16,9083488.0,287691916.0,7.516,2.39
301252,同星科技,27.31,27.31,27.32,26.06,26.31,27.43,23.61,5453178.0,140708465.0,4.797,1.25
301255,通力科技,18.25,18.25,18.26,18.03,17.99,18.39,16.94,1956881.0,34849803.0,1.22,0.22
301256,华融化学,9.25,9.24,9.25,9.06,8.97,9.26,8.45,9228164.0,82344774.0,2.097,0.19
301257,普蕊斯,52.63,52.63,52.64,55.8,54.0,54.92,48.04,8780808.0,453513269.0,-5.681,-3.17
301258,富士莱,22.54,22.54,22.57,23.8,23.81,23.85,21.81,1967481.0,44177185.0,-5.294,-1.26
301259,艾布鲁,22.96,22.95,22.96,21.44,22.0,23.1,20.41,11665509.0,256694356.0,7.09,1.52
301260,格力博,12.27,12.27,12.28,12.2,12.2,12.41,11.82,3582470.0,43644471.0,0.574,0.07
301261,恒工精密,53.59,53.59,53.6,52.17,51.65,53.69,48.95,3056808.0,158692243.0,2.722,1.42
301262,海看股份,18.93,18.92,18.93,19.1,19.0,19.45,18.8,4859200.0,92409966.0,-0.89,-0.17
301263,泰恩康,19.35,19.35,19.37,19.27,19.13,19.6,18.63,6570709.0,125892357.0,0.415,0.08
301265,华新科技,19.33,19.32,19.33,17.92,18.24,19.36,16.94,13117685.0,241842902.0,7.868,1.41
301266,宇邦新材,18.67,18.67,18.68,18.64,18.64,18.77,17.46,4707973.0,85909090.0,0.161,0.03
301267,华厦眼科,16.3,16.3,16.31,16.3,16.29,16.83,16.17,6915420.0,113706182.0,0.0,0.0
301268,铭利达,12.04,12.04,12.06,12.1,12.06,12.22,11.4,7488870.0,88521965.0,-0.496,-0.06
301269,华大九天,99.89,99.88,99.89,93.72,95.13,100.7,93.61,13916428.0,1354076410.0,6.583,6.17
301270,汉仪股份,29.1,29.1,29.12,29.64,29.3,29.64,27.89,5331270.0,153474705.0,-1.822,-0.54
301272,英华特,29.88,29.87,29.88,30.29,29.8,30.43,28.26,1294400.0,37994480.0,-1.354,-0.41
301273,瑞晨环保,35.52,35.52,0.0,29.6,30.25,35.52,29.65,4407264.0,144239263.0,20.0,5.92
301275,汉朔科技,43.14,43.14,43.15,42.25,42.0,43.65,42.0,6997937.0,301336530.0,2.107,0.89
301276,嘉曼服饰,17.08,17.08,17.09,18.3,17.72,17.98,14.64,12414488.0,197699442.0,-6.667,-1.22
301277,新天地,10.19,10.19,10.2,10.34,10.37,10.37,9.81,11401248.0,115022357.0,-1.451,-0.15
301278,快可电子,24.44,24.44,24.45,24.71,24.3,24.82,23.17,1805450.0,43435476.0,-1.093,-0.27
301279,金道科技,16.34,16.34,16.35,15.94,16.03,16.37,14.41,5344333.0,82406224.0,2.509,0.4
301280,珠城科技,39.33,39.32,39.33,37.76,37.76,39.33,33.89,4847183.0,178237646.0,4.158,1.57
301281,科源制药,36.45,36.45,36.48,37.6,38.0,38.77,32.36,5425083.0,191467939.0,-3.059,-1.15
301282,金禄电子,20.83,20.83,0.0,17.36,18.55,20.83,17.2,14579002.0,277392002.0,19.988,3.47
301283,聚胶股份,23.36,23.36,23.38,23.61,23.6,23.98,23.14,2396309.0,56379071.0,-1.059,-0.25
301285,鸿日达,74.04,74.03,74.04,67.6,69.5,74.46,58.9,5417348.0,368317155.0,9.527,6.44
301286,侨源股份,38.18,38.16,38.18,37.3,37.97,38.24,33.59,3423077.0,124345733.0,2.359,0.88
301287,康力源,31.13,31.13,31.15,31.37,31.32,31.56,29.8,805494.0,24718055.0,-0.765,-0.24
301288,清研环境,14.41,14.41,14.42,14.5,14.37,14.55,13.34,1681965.0,23637641.0,-0.621,-0.09
301289,国缆检测,40.86,40.82,40.86,40.37,40.92,40.99,38.68,711875.0,28434106.0,1.214,0.49
301290,东星医疗,23.22,23.21,23.22,24.08,24.25,24.4,21.6,3829898.0,87346244.0,-3.571,-0.86
301291,明阳电气,38.47,38.46,38.47,38.57,38.26,38.8,37.0,9649517.0,365813911.0,-0.259,-0.1
301292,海科新源,52.35,52.35,52.36,49.85,49.99,52.38,46.03,9937459.0,493292709.0,5.015,2.5
301293,三博脑科,50.48,50.48,50.49,49.61,49.24,50.48,47.66,8948953.0,440353667.0,1.754,0.87
301295,美硕科技,31.0,31.0,31.04,32.0,31.76,34.0,27.0,6868072.0,204086020.0,-3.125,-1.0
301296,新巨丰,6.07,6.06,6.07,6.12,6.11,6.16,5.95,4436673.0,26809621.0,-0.817,-0.05
301297,富乐德,34.35,34.35,34.36,31.77,32.13,34.36,29.8,23858677.0,774461222.0,8.121,2.58
301298,东利机械,10.76,10.76,10.79,11.14,11.14,11.14,10.24,3929701.0,41899123.0,-3.411,-0.38
301299,卓创资讯,39.9,39.86,39.9,39.7,39.86,40.44,37.9,1516900.0,59758758.0,0.504,0.2
301300,远翔新材,27.51,27.51,27.54,28.25,28.11,28.2,26.02,1340150.0,36396350.0,-2.619,-0.74
301301,川宁生物,8.56,8.56,8.57,8.66,8.61,8.75,8.51,14620321.0,125911649.0,-1.155,-0.1
301302,华如科技,20.85,20.85,20.86,20.74,20.5,21.0,18.68,8451308.0,168813257.0,0.53,0.11
301303,真兰仪表,12.85,12.84,12.85,12.57,12.58,13.31,11.92,6834610.0,85995191.0,2.228,0.28
301305,朗坤科技,20.56,20.56,20.58,20.19,20.64,20.78,18.88,8517908.0,170554817.0,1.833,0.37
301306,西测测试,94.7,94.7,94.71,88.75,90.52,94.9,77.45,6455642.0,565236271.0,6.704,5.95
301307,美利信,61.85,61.85,61.86,55.23,56.33,61.92,49.14,14649549.0,825674331.0,11.986,6.62
301308,江波龙,421.86,421.86,421.87,376.49,384.0,422.0,338.66,25931792.0,10044044270.0,12.051,45.37
301309,万得凯,25.5,25.5,25.52,25.66,25.87,26.05,23.82,1313907.0,32740756.0,-0.624,-0.16
301310,鑫宏业,64.07,64.07,0.0,53.39,54.6,64.07,54.35,9072279.0,528614530.0,20.004,10.68
301311,昆船智能,12.47,12.45,12.47,12.55,12.58,12.67,12.15,2625500.0,32549315.0,-0.637,-0.08
301312,智立方,65.25,65.24,65.25,60.0,60.58,65.36,51.83,7099868.0,423520158.0,8.75,5.25
301313,凡拓数创,32.52,32.52,32.53,30.39,30.9,32.69,26.45,10843307.0,321038671.0,7.009,2.13
301314,科瑞思,34.98,34.98,35.0,34.32,33.99,35.38,31.31,1379278.0,46528085.0,1.923,0.66
301315,威士顿,35.56,35.56,35.59,34.83,34.97,35.76,33.51,1822605.0,63509716.0,2.096,0.73
301316,慧博云通,34.25,34.25,34.26,32.24,32.25,34.34,30.0,19229641.0,629272071.0,6.234,2.01
301317,鑫磊股份,46.45,46.4,46.45,44.62,44.62,46.45,38.39,5471365.0,237212258.0,4.101,1.83
301318,维海德,19.35,19.34,19.35,19.5,19.33,19.49,18.4,1850470.0,35190829.0,-0.769,-0.15
301319,唯特偶,95.75,95.75,95.8,86.37,91.52,96.45,75.99,14400813.0,1266013068.0,10.86,9.38
301320,豪江智能,11.49,11.47,11.49,11.5,11.52,11.67,10.89,3406300.0,38552633.0,-0.087,-0.01
301321,翰博高新,36.1,36.1,36.11,33.76,33.69,36.69,28.66,10921953.0,360308277.0,6.931,2.34
301322,绿通科技,32.32,32.28,32.32,31.1,31.1,32.36,26.0,8025278.0,238040733.0,3.923,1.22
301323,新莱福,67.83,67.82,67.84,61.09,63.07,68.43,58.01,3262194.0,209136558.0,11.033,6.74
301325,曼恩斯特,28.09,28.09,28.1,27.82,27.86,28.09,26.02,3097297.0,84136972.0,0.971,0.27
301326,捷邦科技,92.66,92.66,92.8,84.0,85.85,92.66,75.03,2998578.0,255346285.0,10.31,8.66
301327,华宝新能,43.3,43.28,43.3,43.27,43.27,43.78,42.75,1432600.0,61889250.0,0.069,0.03
301328,维峰电子,61.2,61.2,61.3,53.48,55.03,61.35,47.71,6294718.0,346818842.0,14.435,7.72
301329,信音电子,17.59,17.59,17.62,17.05,17.2,17.68,16.01,5767528.0,98255338.0,3.167,0.54
301330,熵基科技,22.1,22.09,22.1,21.91,22.07,22.22,20.83,3516519.0,76143799.0,0.867,0.19
301331,恩威医药,19.5,19.49,19.5,20.46,20.46,20.46,18.87,2624268.0,51039408.0,-4.692,-0.96
301332,德尔玛,7.69,7.69,7.7,7.76,7.73,7.84,7.58,2683300.0,20596707.0,-0.902,-0.07
301333,诺思格,51.79,51.78,51.79,53.81,53.0,53.3,48.4,4876789.0,246764444.0,-3.754,-2.02
301335,天元宠物,20.2,20.2,20.24,20.78,20.78,20.78,19.84,2488328.0,50458859.0,-2.791,-0.58
301336,趣睡科技,37.14,37.14,37.15,37.6,37.2,37.6,34.11,2173890.0,78577921.0,-1.223,-0.46
301337,亚华电子,21.71,21.71,21.72,22.11,22.1,22.12,20.31,2615509.0,55904727.0,-1.809,-0.4
301338,凯格精机,98.01,98.01,98.02,85.89,88.0,98.39,76.59,8603767.0,757404439.0,14.111,12.12
301339,通行宝,10.49,10.49,10.5,10.44,10.37,10.65,10.3,6882405.0,71866261.0,0.479,0.05
301345,涛涛车业,251.0,250.7,251.0,239.84,240.1,254.0,230.26,1936000.0,468539630.0,4.653,11.16
301348,蓝箭电子,19.0,19.0,19.01,17.83,17.93,19.15,16.45,17454586.0,312776812.0,6.562,1.17
301349,信德新材,39.25,39.25,39.26,36.6,37.0,39.25,33.22,7973232.0,291256701.0,7.24,2.65
301353,普莱得,15.51,15.49,15.51,15.87,15.83,15.83,14.79,1627578.0,24955321.0,-2.268,-0.36
301355,南王科技,8.94,8.94,8.95,9.15,9.24,9.24,8.59,4950905.0,43862806.0,-2.295,-0.21
301356,天振股份,15.63,15.63,15.65,15.44,15.6,15.8,14.2,4303017.0,65052569.0,1.231,0.19
301357,北方长龙,71.3,71.3,71.31,72.41,72.51,72.72,66.8,2474714.0,171825551.0,-1.533,-1.11
301358,湖南裕能,62.26,62.26,62.27,59.9,59.9,62.97,59.37,22240296.0,1368972368.0,3.94,2.36
301359,东南电子,14.33,14.33,14.34,14.23,14.11,14.4,13.1,2635885.0,36549181.0,0.703,0.1
301360,荣旗科技,47.0,47.0,47.16,44.17,45.5,47.74,40.48,3916411.0,174658276.0,6.407,2.83
301361,众智科技,26.17,26.17,26.18,25.75,25.9,26.44,24.53,1878221.0,48126799.0,1.631,0.42
301362,民爆光电,117.91,117.91,117.95,106.45,108.36,118.38,93.65,6447559.0,696846179.0,10.766,11.46
301363,美好医疗,15.93,15.93,15.94,16.29,16.13,16.26,15.05,22135500.0,347962854.0,-2.21,-0.36
301365,矩阵股份,34.77,34.76,34.77,33.25,33.74,35.2,31.2,3992536.0,132836432.0,4.571,1.52
301366,一博科技,38.74,38.74,38.75,35.61,35.99,38.78,32.19,11118730.0,400411941.0,8.79,3.13
301367,瑞迈特,46.61,46.6,46.61,48.02,47.85,49.0,45.0,4608052.0,215357617.0,-2.936,-1.41
301368,丰立智能,39.4,39.4,39.41,38.19,38.68,39.59,35.91,3266795.0,123999318.0,3.168,1.21
301369,联动科技,155.76,155.76,0.0,129.8,132.13,155.76,120.06,5113499.0,715201442.0,20.0,25.96
301370,国科恒泰,8.44,8.44,8.45,8.67,8.6,8.66,8.26,4998091.0,41936078.0,-2.653,-0.23
301371,敷尔佳,23.55,23.55,23.58,23.86,23.62,24.18,23.13,3051286.0,72100036.0,-1.299,-0.31
301372,科净源,27.96,27.95,27.96,27.68,27.66,28.47,23.92,3524118.0,93002960.0,1.012,0.28
301373,凌玮科技,91.99,91.98,91.99,82.9,84.39,92.18,71.99,7582761.0,631704426.0,10.965,9.09
301376,致欧科技,18.25,18.24,18.25,19.03,19.32,19.46,17.9,4461300.0,82222884.0,-4.099,-0.78
301377,鼎泰高科,416.5,416.4,416.5,372.0,380.01,419.6,351.9,6053668.0,2370601174.0,11.962,44.5
301378,通达海,21.84,21.84,21.85,21.96,21.97,22.2,20.26,2927883.0,62697525.0,-0.546,-0.12
301379,天山电子,26.41,26.41,26.42,24.41,25.31,26.61,22.34,38009141.0,955865307.0,8.193,2.0
301380,挖金客,27.66,27.66,27.67,28.17,28.57,28.91,26.2,2766261.0,75823385.0,-1.81,-0.51
301381,赛维时代,20.4,20.4,20.41,19.83,19.78,21.19,19.62,15443519.0,315969828.0,2.874,0.57
301382,蜂助手,31.51,31.5,31.51,30.18,30.35,31.65,27.0,17824574.0,525968887.0,4.407,1.33
301383,天键股份,20.12,20.11,20.12,19.69,19.5,20.18,18.6,2674500.0,52105749.0,2.184,0.43
301386,未来电器,18.5,18.5,18.51,18.52,18.52,18.72,17.68,1485915.0,27117481.0,-0.108,-0.02
301387,光大同创,52.6,52.6,52.78,49.02,50.0,52.88,43.0,4681995.0,225857345.0,7.303,3.58
301388,欣灵电气,20.75,20.75,20.77,20.75,20.85,21.1,19.51,1979200.0,40396651.0,0.0,0.0
301389,隆扬电子,50.0,50.0,50.01,46.02,46.84,50.18,40.5,13645216.0,624254669.0,8.648,3.98
301390,经纬股份,25.73,25.73,25.8,26.06,26.06,26.36,24.06,1117900.0,28261862.0,-1.266,-0.33
301391,卡莱特,45.28,45.28,45.3,43.86,44.08,45.48,40.88,1968500.0,85684915.0,3.238,1.42
301392,汇成真空,179.92,179.92,179.95,169.15,171.61,180.0,150.11,7196269.0,1223148544.0,6.367,10.77
301393,昊帆生物,57.86,57.8,57.86,58.3,58.0,58.23,52.78,3944202.0,220610751.0,-0.755,-0.44
301395,仁信新材,8.69,8.66,8.69,9.0,9.05,9.18,7.9,6601820.0,55966641.0,-3.444,-0.31
301396,宏景科技,205.25,205.24,205.25,198.44,199.98,211.0,165.0,21263409.0,4090682385.0,3.432,6.81
301397,溯联股份,24.63,24.62,24.63,23.35,23.7,24.74,22.02,5336309.0,125054685.0,5.482,1.28
301398,星源卓镁,33.78,33.78,33.8,34.0,34.0,34.31,31.5,1902008.0,63194496.0,-0.647,-0.22
301399,英特科技,14.32,14.32,14.33,14.24,14.27,14.42,13.02,3489401.0,48200674.0,0.562,0.08
301408,华人健康,14.13,14.12,14.13,14.88,14.64,14.65,13.2,24216545.0,336819659.0,-5.04,-0.75
301413,安培龙,56.7,56.69,56.7,54.6,54.06,56.88,50.71,5317331.0,290982272.0,3.846,2.1
301418,协昌科技,32.95,32.95,32.96,31.0,31.14,32.95,28.75,3311373.0,103435358.0,6.29,1.95
301419,阿莱德,29.07,29.07,29.08,26.62,27.48,29.14,24.9,6202077.0,169556146.0,9.204,2.45
301421,波长光电,70.24,70.24,0.0,58.53,61.05,70.24,57.01,9364116.0,599376570.0,20.007,11.71
301428,世纪恒通,26.05,26.05,26.06,25.57,25.77,26.17,23.57,4365562.0,109346930.0,1.877,0.48
301429,森泰股份,14.94,14.94,14.97,15.26,15.18,15.19,14.15,2498254.0,36657109.0,-2.097,-0.32
301439,泓淋电力,13.39,13.38,13.39,13.1,13.1,13.42,12.43,9078855.0,117480693.0,2.214,0.29
301446,福事特,29.8,29.73,29.8,28.48,28.73,30.14,26.39,1300720.0,37089647.0,4.635,1.32
301448,开创电气,39.7,39.7,39.71,38.59,38.39,39.79,35.57,2357617.0,89544518.0,2.876,1.11
301449,天溯计量,31.4,31.4,31.41,31.75,32.1,32.1,29.94,1170165.0,36275539.0,-1.102,-0.35
301456,盘古智能,20.87,20.84,20.87,20.78,20.98,21.12,19.6,2585200.0,52680350.0,0.433,0.09
301458,钧崴电子,35.8,35.8,35.81,32.75,33.3,36.0,29.81,14009874.0,467289200.0,9.313,3.05
301459,丰茂股份,30.56,30.5,30.56,31.98,31.98,32.48,30.16,1344770.0,41450655.0,-4.44,-1.42
301468,博盈特焊,28.5,28.5,28.51,27.49,27.86,28.54,24.36,8725023.0,233877459.0,3.674,1.01
301469,恒达新材,23.71,23.68,23.71,23.83,24.07,24.23,22.43,1909740.0,44721528.0,-0.504,-0.12
301479,弘景光电,47.6,47.58,47.6,46.0,46.44,47.78,43.01,2802586.0,128197841.0,3.478,1.6
301486,致尚科技,157.59,157.5,157.59,151.58,155.0,158.71,122.04,8766640.0,1242184663.0,3.965,6.01
301487,盟固利,15.22,15.22,15.23,14.48,14.45,15.24,14.09,18467831.0,272501802.0,5.11,0.74
301488,豪恩汽电,99.54,99.5,99.54,97.0,98.01,100.0,91.22,1883915.0,181812282.0,2.619,2.54
301489,思泉新材,120.0,120.0,120.08,112.47,114.72,120.9,96.06,9476391.0,1035011511.0,6.695,7.53
301491,汉桑科技,38.21,38.21,38.22,37.3,37.3,38.49,37.1,746714.0,28303357.0,2.44,0.91
301498,乖宝宠物,41.15,41.15,41.2,41.97,41.59,43.2,40.89,9887907.0,415703709.0,-1.954,-0.82
301499,维科精密,23.04,23.04,23.05,22.66,22.45,23.2,21.35,4236795.0,95171732.0,1.677,0.38
301500,飞南资源,20.83,20.78,20.83,19.64,19.77,20.9,18.62,12909944.0,257877987.0,6.059,1.19
301501,恒鑫生活,27.32,27.32,27.4,27.86,27.88,28.2,27.27,1526106.0,42067211.0,-1.938,-0.54
301502,华阳智能,47.99,47.99,48.0,47.0,49.06,49.06,40.65,2281669.0,104802751.0,2.106,0.99
301503,智迪科技,25.42,25.41,25.42,25.41,25.33,25.89,24.15,883200.0,22163285.0,0.039,0.01
301505,苏州规划,14.52,14.51,14.52,14.63,14.63,14.78,13.8,3679673.0,52522392.0,-0.752,-0.11
301507,民生健康,12.0,12.0,12.01,12.14,12.06,12.11,11.68,4940517.0,58784704.0,-1.153,-0.14
301508,中机认检,22.48,22.48,22.49,22.4,22.41,22.68,22.12,1535004.0,34419118.0,0.357,0.08
301509,金凯生科,28.06,28.05,28.06,30.11,29.5,29.85,26.35,5081799.0,141982350.0,-6.808,-2.05
301510,固高科技,25.95,25.95,25.96,24.69,24.48,26.07,23.72,12063367.0,303107463.0,5.103,1.26
301511,德福科技,84.48,84.46,84.48,76.98,78.21,84.8,65.77,48262682.0,3679291112.0,9.743,7.5
301512,智信精密,36.64,36.64,36.65,36.07,36.03,37.47,32.61,1858400.0,65364193.0,1.58,0.57
301513,尚水智能,46.08,46.07,46.08,44.75,45.03,46.46,41.88,1576372.0,69709281.0,2.972,1.33
301515,港通医疗,16.38,16.38,16.43,16.68,16.68,16.68,15.16,3097066.0,49591194.0,-1.799,-0.3
301516,中远通,17.81,17.8,17.81,17.15,17.32,17.94,15.68,13828046.0,232999209.0,3.848,0.66
301517,陕西华达,36.67,36.67,36.68,36.08,36.2,36.73,33.05,4372405.0,154038896.0,1.635,0.59
301518,长华化学,22.06,22.06,22.08,22.55,22.57,22.96,20.95,2862600.0,62484178.0,-2.173,-0.49
301519,舜禹股份,10.09,10.09,10.1,10.43,10.34,10.43,9.67,4731950.0,47269815.0,-3.26,-0.34
301520,万邦医药,46.9,46.9,46.99,53.3,48.0,51.99,42.64,19664620.0,892571747.0,-12.008,-6.4
301522,上大股份,21.63,21.62,21.63,21.4,21.36,21.66,20.66,6010034.0,127897624.0,1.075,0.23
301525,儒竞科技,39.28,39.25,39.28,37.41,37.4,40.0,35.4,2168055.0,81870150.0,4.999,1.87
301526,国际复材,29.8,29.8,29.81,26.7,27.55,30.36,24.05,220724283.0,6131921718.0,11.61,3.1
301528,多浦乐,48.87,48.87,49.01,46.62,47.09,49.38,41.88,3163485.0,145782467.0,4.826,2.25
301529,福赛科技,82.73,82.73,82.76,80.73,81.8,84.7,72.54,3703446.0,295011129.0,2.477,2.0
301531,春光集团,47.8,47.8,47.83,42.88,43.69,47.8,40.5,5346854.0,238185386.0,11.474,4.92
301533,威马农机,22.7,22.7,22.74,23.18,23.05,23.17,22.0,1492915.0,33830320.0,-2.071,-0.48
301535,浙江华远,12.31,12.31,12.33,12.17,12.09,12.4,11.71,3472577.0,41969570.0,1.15,0.14
301536,星宸科技,122.18,122.15,122.18,106.65,110.0,123.91,105.28,35576002.0,4052937342.0,14.562,15.53
301538,骏鼎达,36.17,36.16,36.17,34.66,34.95,36.2,32.66,3235473.0,112204171.0,4.357,1.51
301539,宏鑫科技,13.64,13.64,13.65,13.33,13.3,13.66,12.35,3404412.0,44216567.0,2.326,0.31
301548,崇德科技,63.95,63.95,63.99,59.29,59.46,64.1,54.0,3250686.0,194454742.0,7.86,4.66
301550,斯菱智驱,76.56,76.56,76.57,71.0,71.5,76.76,68.03,9313059.0,680397032.0,7.831,5.56
301551,无线传媒,20.51,20.51,20.52,20.18,19.99,21.08,19.91,9183104.0,189239597.0,1.635,0.33
301552,科力装备,20.58,20.58,20.6,20.85,20.8,21.15,19.75,1637318.0,33544717.0,-1.295,-0.27
301555,惠柏新材,28.71,28.71,28.72,27.27,27.6,28.8,25.57,3483641.0,95432398.0,5.281,1.44
301556,托普云农,54.01,54.01,54.02,53.2,52.67,54.36,51.49,1532376.0,81613225.0,1.523,0.81
301557,常友科技,78.07,78.06,78.07,75.5,74.5,79.33,68.0,1251642.0,92399077.0,3.404,2.57
301558,三态股份,6.28,6.27,6.28,6.22,6.25,6.32,6.15,8514900.0,53120075.0,0.965,0.06
301559,中集环科,12.57,12.56,12.57,12.42,12.39,12.63,12.2,3197528.0,39673059.0,1.208,0.15
301560,众捷汽车,21.29,21.29,21.33,21.25,21.05,21.59,19.6,2923800.0,60941492.0,0.188,0.04
301563,云汉芯城,122.65,122.65,122.66,113.62,114.4,123.0,105.7,3007112.0,349493037.0,7.948,9.03
301565,中仑新材,18.33,18.32,18.33,17.64,17.74,18.33,16.91,6332596.0,112394659.0,3.912,0.69
301566,达利凯普,22.25,22.25,22.26,19.09,19.79,22.42,17.6,32306564.0,649864874.0,16.553,3.16
301567,贝隆精密,30.07,30.07,30.1,30.2,30.4,30.49,27.95,1561200.0,46003503.0,-0.43,-0.13
301568,思泰克,68.9,68.85,68.9,62.64,64.95,69.2,54.0,6758040.0,425950151.0,9.994,6.26
301571,国科天成,62.7,62.7,62.72,58.59,62.0,64.55,59.03,7098611.0,440264600.0,7.015,4.11
301575,艾芬达,26.35,26.34,26.35,25.99,25.99,26.4,25.06,821844.0,21209278.0,1.385,0.36
301577,美信科技,48.65,48.65,48.66,44.86,45.35,48.78,39.96,3835882.0,170293342.0,8.449,3.79
301578,辰奕智能,19.24,19.19,19.25,19.27,19.27,19.33,18.02,1632027.0,30739725.0,-0.156,-0.03
301580,爱迪特,55.2,55.2,0.0,46.0,48.11,55.2,47.0,15036373.0,769786044.0,20.0,9.2
301581,黄山谷捷,33.63,33.62,33.63,32.4,32.39,33.65,30.87,944808.0,30633304.0,3.796,1.23
301583,托伦斯,132.26,132.26,0.0,110.22,108.97,132.26,102.56,12222162.0,1415628829.0,19.996,22.04
301584,建发致新,22.25,22.25,22.26,22.95,22.37,22.46,21.47,5989620.0,132083235.0,-3.05,-0.7
301585,蓝宇股份,25.04,25.02,25.04,25.21,25.58,25.58,24.46,1399428.0,34799537.0,-0.674,-0.17
301586,佳力奇,28.62,28.59,28.62,29.15,29.15,29.39,27.71,1399500.0,39822855.0,-1.818,-0.53
301587,中瑞股份,18.46,18.46,18.48,18.12,18.05,18.49,17.24,4149506.0,74447936.0,1.876,0.34
301588,美新科技,33.28,33.28,0.0,27.73,28.5,33.28,26.5,9733315.0,292487090.0,20.014,5.55
301589,诺瓦星云,139.04,139.03,139.04,135.37,135.01,139.86,133.18,921992.0,126611374.0,2.711,3.67
301590,优优绿能,100.97,100.97,100.98,100.23,99.89,101.49,92.25,1225978.0,119782855.0,0.738,0.74
301591,肯特股份,27.29,27.29,27.3,25.45,25.99,27.29,23.02,7290714.0,185808690.0,7.23,1.84
301592,六九一二,95.38,95.35,95.38,92.72,92.73,95.49,87.71,1654706.0,152620339.0,2.869,2.66
301595,太力科技,34.2,34.2,34.24,34.64,35.05,35.22,31.5,1397556.0,46408496.0,-1.27,-0.44
301596,瑞迪智驱,43.93,43.93,43.94,42.48,42.48,44.44,39.01,2564548.0,107914476.0,3.413,1.45
301598,博科测试,45.49,45.49,45.55,44.95,44.94,46.2,43.23,891100.0,40007992.0,1.201,0.54
301599,理奇智能,32.6,32.59,32.6,31.1,31.28,32.65,29.21,4789445.0,149957912.0,4.823,1.5
301600,慧翰股份,79.35,79.35,79.36,78.25,79.02,79.94,74.48,1457296.0,113341289.0,1.406,1.1
301601,惠通科技,14.6,14.59,14.6,14.84,14.55,14.88,14.05,2999300.0,43202356.0,-1.617,-0.24
301602,超研股份,15.2,15.2,15.21,14.94,14.8,15.36,14.64,4323992.0,64503751.0,1.74,0.26
301603,乔锋智能,116.12,116.05,116.12,105.6,107.5,116.99,95.0,4888881.0,523268784.0,9.962,10.52
301606,绿联科技,58.69,58.69,58.74,59.9,59.0,59.89,56.21,4443514.0,259450950.0,-2.02,-1.21
301607,富特科技,39.79,39.79,39.8,37.96,38.33,40.15,34.3,17041607.0,645775060.0,4.821,1.83
301608,博实结,43.73,43.72,43.73,42.32,42.32,44.09,41.71,1952621.0,84222294.0,3.332,1.41
301609,山大电力,34.89,34.88,34.89,37.46,36.6,36.6,33.45,6081280.0,210092512.0,-6.861,-2.57
301611,珂玛科技,107.17,107.17,107.18,92.35,94.21,108.17,84.7,20267304.0,1971867567.0,16.048,14.82
301613,新铝时代,39.91,39.9,39.91,36.66,36.69,40.4,36.18,3311028.0,127805310.0,8.865,3.25
301616,浙江华业,32.79,32.79,32.83,33.02,33.5,33.5,31.3,982809.0,31845890.0,-0.697,-0.23
301617,博苑新材,45.86,45.86,45.88,44.08,43.53,46.68,43.53,2290968.0,103519644.0,4.038,1.78
301618,长联科技,33.08,33.07,33.08,33.96,34.18,34.66,31.06,2520247.0,82791721.0,-2.591,-0.88
301622,英思特,38.83,38.83,38.84,37.95,37.72,38.99,36.85,1979871.0,75799830.0,2.319,0.88
301626,苏州天脉,236.38,236.15,236.38,226.6,224.23,237.59,203.0,3701286.0,826700764.0,4.316,9.78
301628,强达电路,73.55,73.51,73.55,69.1,69.88,73.67,63.09,2322750.0,159544271.0,6.44,4.45
301629,矽电股份,263.55,263.55,263.58,243.0,245.43,264.6,216.0,1992586.0,484879207.0,8.457,20.55
301630,同宇新材,170.67,170.67,170.7,154.39,158.96,170.84,140.6,2301229.0,364704648.0,10.545,16.28
301631,壹连科技,56.01,56.01,56.02,53.35,53.68,56.25,50.37,3251609.0,175452780.0,4.986,2.66
301632,广东建科,14.54,14.54,14.55,14.43,14.27,14.61,14.21,2182529.0,31477721.0,0.762,0.11
301633,港迪技术,47.96,47.96,47.97,49.89,49.88,49.88,46.5,1931110.0,92532851.0,-3.869,-1.93
301636,泽润新能,35.18,35.15,35.21,35.42,35.27,35.69,33.01,2005566.0,69488579.0,-0.678,-0.24
301638,南网数字,22.16,22.16,22.17,21.24,21.11,22.16,21.1,17303159.0,374868522.0,4.331,0.92
301656,联合动力,16.97,16.97,16.98,16.98,16.88,17.34,16.69,8160970.0,138466833.0,-0.059,-0.01
301658,首航新能,22.76,22.76,22.77,22.6,22.36,22.83,21.83,5651121.0,126686089.0,0.708,0.16
301662,宏工科技,63.99,63.99,64.0,60.86,61.05,64.5,57.68,3158109.0,195756292.0,5.143,3.13
301665,泰禾股份,23.71,23.71,23.72,23.79,23.38,24.09,23.36,3187293.0,75456492.0,-0.336,-0.08
301666,大普微,515.55,515.51,515.55,462.0,481.01,525.66,417.9,5628584.0,2664055066.0,11.591,53.55
301667,纳百川,55.0,55.0,55.01,54.2,53.36,55.05,50.37,1934566.0,102762212.0,1.476,0.8
301668,昊创瑞通,29.67,29.67,29.68,29.94,30.2,30.2,28.58,1173914.0,34411688.0,-0.902,-0.27
301669,高特电子,27.69,27.68,27.69,26.37,26.5,28.0,23.77,13989921.0,364606160.0,5.006,1.32
301678,新恒汇,43.57,43.57,43.58,40.64,41.0,43.73,38.4,6942559.0,287307476.0,7.21,2.93
301680,固德电材,90.19,90.19,90.2,85.0,86.0,90.25,83.0,1007691.0,88022859.0,6.106,5.19
301682,宏明电子,120.68,120.67,120.68,111.65,112.5,120.68,104.91,3230228.0,368887383.0,8.088,9.03
301683,慧谷新材,100.0,99.99,100.0,97.16,97.17,100.49,90.02,1482529.0,141563230.0,2.923,2.84
301687,新广益,48.15,48.15,48.16,45.25,45.77,48.26,42.0,5711989.0,259153878.0,6.409,2.9
301696,三瑞智能,100.37,100.35,100.37,95.2,95.6,100.37,91.7,4115977.0,399626020.0,5.431,5.17
302132,中航成飞,55.1,55.09,55.11,55.23,54.87,55.76,54.5,8578320.0,472506591.0,-0.235,-0.13
