代码,名称,最新价,买入,卖出,昨收,今开,最高,最低,成交量,成交额,涨跌幅,涨跌额
920000,安徽凤凰,13.41,13.41,13.47,13.59,13.51,13.56,13.31,473263.0,6357326.0,-1.325,-0.18
920001,纬达光电,11.04,11.04,11.1,10.81,10.85,11.12,10.66,1694442.0,18503796.0,2.128,0.23
920002,万达轴承,52.02,52.02,52.04,51.37,51.8,52.1,50.5,735119.0,37863676.0,1.265,0.65
920003,中诚咨询,15.32,15.28,15.32,15.3,15.2,15.35,15.11,284760.0,4344282.0,0.131,0.02
920005,鼎佳精密,23.2,23.2,23.23,22.85,22.74,23.4,22.74,390266.0,9006677.0,1.532,0.35
920006,晟楠科技,15.4,15.24,15.4,15.11,15.14,15.52,15.12,703378.0,10777073.0,1.919,0.29
920007,酉立智能,33.14,33.14,33.15,33.37,33.36,33.36,32.87,100312.0,3314559.0,-0.689,-0.23
920008,成电光信,19.45,19.39,19.45,19.11,19.11,19.46,18.87,444590.0,8583180.0,1.779,0.34
920009,丹娜生物,35.89,35.89,35.9,35.88,35.53,36.13,35.36,322922.0,11517555.0,0.028,0.01
920010,凯添燃气,8.48,8.48,8.49,8.45,8.55,8.55,8.4,3278684.0,27731564.0,0.355,0.03
920011,晨光电机,17.95,17.95,17.97,17.88,17.82,18.01,17.6,819228.0,14600595.0,0.391,0.07
920012,创达新材,54.58,54.58,54.59,52.3,52.79,54.87,52.01,1081794.0,58205439.0,4.359,2.28
920014,特瑞斯,8.53,8.51,8.53,8.63,8.67,8.67,8.48,1752326.0,14978042.0,-1.159,-0.1
920015,锦华新材,40.26,40.26,40.28,39.01,39.3,40.34,38.6,1741930.0,69104645.0,3.204,1.25
920016,中草香料,12.86,12.84,12.86,12.88,12.91,12.91,12.71,419674.0,5381238.0,-0.155,-0.02
920017,星昊医药,16.73,16.73,16.78,16.67,16.7,16.86,16.43,2012848.0,33506418.0,0.36,0.06
920018,宏远股份,15.23,15.23,15.24,15.07,15.66,15.73,15.15,1716312.0,26387281.0,1.062,0.16
920019,铜冠矿建,14.71,14.71,14.72,14.77,14.7,15.01,14.59,1790773.0,26378941.0,-0.406,-0.06
920020,泰凯英,15.09,15.09,15.1,15.1,15.05,15.13,15.0,371218.0,5596435.0,-0.066,-0.01
920021,流金科技,6.69,6.69,6.7,6.63,6.62,6.7,6.58,7331834.0,48685422.0,0.905,0.06
920022,世昌股份,18.53,18.53,18.58,18.53,18.6,18.75,18.23,111911.0,2075199.0,0.0,0.0
920023,*ST田野,1.83,1.83,1.84,1.84,1.84,1.85,1.82,4013430.0,7352093.0,-0.543,-0.01
920026,卓兆点胶,21.11,21.1,21.11,21.58,21.15,21.68,20.81,3568847.0,75753757.0,-2.178,-0.47
920027,交大铁发,11.6,11.6,11.64,11.67,11.74,11.77,11.57,551589.0,6417272.0,-0.6,-0.07
920028,新恒泰,13.66,13.66,13.68,13.71,13.66,13.8,13.55,849079.0,11605063.0,-0.365,-0.05
920029,开发科技,33.96,33.96,33.97,34.4,34.84,34.84,33.84,777738.0,26549271.0,-1.279,-0.44
920030,德众汽车,4.56,4.54,4.56,4.56,4.55,4.61,4.49,1656654.0,7540307.0,0.0,0.0
920033,康普化学,14.25,14.22,14.25,14.22,14.2,14.36,14.02,812013.0,11537828.0,0.211,0.03
920035,精创电气,24.15,24.14,24.15,23.62,23.62,24.35,23.24,789913.0,18826703.0,2.244,0.53
920036,觅睿科技,29.57,29.57,29.6,29.35,29.46,29.69,29.07,267242.0,7858666.0,0.75,0.22
920037,广信科技,42.55,42.52,42.55,43.4,42.93,43.66,42.14,1040783.0,44494063.0,-1.959,-0.85
920038,森合高科,37.81,37.81,37.82,37.51,36.97,38.22,36.8,3862255.0,145386627.0,0.8,0.3
920039,国义招标,8.18,8.17,8.18,8.58,8.53,8.57,8.06,2408280.0,19916466.0,-4.662,-0.4
920045,蘅东光,527.0,526.63,527.0,475.0,480.0,529.61,475.01,2058255.0,1051590614.0,10.947,52.0
920046,亿能电力,20.29,20.29,20.3,20.36,20.14,20.5,19.9,3042958.0,61050828.0,-0.344,-0.07
920047,诺思兰德,16.83,16.82,16.83,16.65,16.65,16.93,16.11,3539259.0,58510480.0,1.081,0.18
920050,爱伦医疗,29.08,29.01,29.08,29.2,29.2,29.33,28.86,146960.0,4267957.0,-0.411,-0.12
920055,隆源股份,26.65,26.65,26.66,27.4,27.0,27.07,26.13,1069211.0,28375234.0,-2.737,-0.75
920056,能之光,15.9,15.9,15.98,16.03,16.18,16.18,15.82,288027.0,4601969.0,-0.811,-0.13
920057,百甲科技,4.69,4.68,4.69,4.68,4.66,4.71,4.59,1913522.0,8906768.0,0.214,0.01
920058,华洋赛车,27.89,27.89,27.9,28.1,27.89,28.23,27.38,457550.0,12741486.0,-0.747,-0.21
920059,双英集团,14.67,14.67,14.69,14.69,14.6,14.98,14.48,5651959.0,82773989.0,-0.136,-0.02
920060,万源通,21.91,21.86,21.91,21.07,21.18,22.0,20.9,1698056.0,36649847.0,3.987,0.84
920061,西磁科技,18.15,18.13,18.15,18.02,17.87,18.19,17.55,1459614.0,26167702.0,0.721,0.13
920062,科润智控,7.14,7.13,7.14,7.13,7.11,7.15,7.08,1389637.0,9887461.0,0.14,0.01
920065,千岸科技,34.1,34.1,34.11,33.88,33.76,34.42,33.21,1560967.0,52782944.0,0.649,0.22
920066,科拜尔,17.12,17.12,17.16,17.15,17.08,17.24,16.7,324297.0,5506672.0,-0.175,-0.03
920068,天工股份,15.65,15.65,15.66,15.57,15.57,15.72,15.35,860578.0,13392531.0,0.514,0.08
920069,普昂医疗,33.6,33.6,33.62,34.51,34.0,34.4,33.23,829283.0,27845536.0,-2.637,-0.91
920072,科莱瑞迪,25.43,25.43,25.44,25.22,25.1,25.5,25.1,661223.0,16738805.0,0.833,0.21
920075,柏星龙,14.42,14.4,14.42,14.38,14.13,14.44,14.13,630651.0,9023492.0,0.278,0.04
920076,国亮新材,12.83,12.83,12.84,12.86,12.97,12.97,12.77,453828.0,5832839.0,-0.233,-0.03
920077,吉林碳谷,13.75,13.74,13.75,13.65,13.63,13.75,13.52,2353646.0,32148587.0,0.733,0.1
920078,族兴新材,20.73,20.73,20.75,21.07,20.42,21.08,20.42,3717025.0,76897549.0,-1.614,-0.34
920079,乔路铭,14.0,13.99,14.0,13.98,13.94,14.05,13.85,2545552.0,35526658.0,0.143,0.02
920080,奥美森,21.25,21.24,21.25,21.36,21.36,21.49,21.15,199655.0,4250483.0,-0.515,-0.11
920081,欧伦电气,45.62,45.61,45.62,45.0,44.5,45.85,44.2,2128135.0,96154736.0,1.378,0.62
920082,方正阀门,7.88,7.88,7.89,7.85,7.82,7.92,7.79,358422.0,2819928.0,0.382,0.03
920083,金戈新材,44.19,44.18,44.19,44.06,43.12,44.9,42.3,6540675.0,284900418.0,0.295,0.13
920086,科马材料,20.27,20.27,20.28,20.37,20.51,20.59,20.08,530218.0,10715887.0,-0.491,-0.1
920087,秋乐种业,17.8,17.8,17.81,15.52,15.99,18.68,15.99,29680624.0,511067273.0,14.691,2.28
920088,科力股份,41.01,41.01,41.03,41.28,41.02,41.5,40.41,4252767.0,174120327.0,-0.654,-0.27
920089,禾昌聚合,9.89,9.88,9.89,9.87,9.89,9.92,9.78,617663.0,6090331.0,0.203,0.02
920090,*ST同辉,3.75,3.74,3.75,3.8,3.78,3.83,3.74,2112519.0,7974834.0,-1.316,-0.05
920091,大鹏工业,27.89,27.89,27.9,27.8,27.5,28.1,27.21,444661.0,12289760.0,0.324,0.09
920092,汉鑫科技,27.77,27.77,27.78,27.04,26.88,27.79,26.6,1885829.0,51505197.0,2.7,0.73
920093,信胜科技,20.48,20.48,20.49,20.07,19.81,20.67,19.4,7551769.0,150538961.0,2.043,0.41
920096,嘉晨智能,34.23,34.15,34.23,32.86,32.82,34.67,32.4,1128742.0,37675650.0,4.169,1.37
920098,科隆新材,17.84,17.84,17.85,16.61,16.6,18.4,16.54,2976148.0,52685507.0,7.405,1.23
920099,瑞华技术,17.98,17.91,17.98,18.17,18.1,18.2,17.65,1287906.0,22949051.0,-1.046,-0.19
920100,三协电机,31.93,31.93,31.94,31.8,31.72,32.09,31.28,1110668.0,35131422.0,0.409,0.13
920101,志高机械,16.43,16.43,16.44,16.36,16.34,16.59,16.2,214364.0,3507402.0,0.428,0.07
920106,林泰新材,35.22,35.1,35.22,34.81,34.97,35.32,34.62,201898.0,7081748.0,1.178,0.41
920107,恒兴股份,20.93,20.93,20.95,20.91,20.83,21.0,20.59,2131871.0,44352958.0,0.096,0.02
920108,宏海科技,8.79,8.78,8.79,8.99,8.95,8.95,8.76,773665.0,6836634.0,-2.225,-0.2
920110,雷特科技,25.81,25.65,25.81,25.77,25.95,25.95,25.41,63129.0,1623331.0,0.155,0.04
920111,聚星科技,28.89,28.89,28.92,28.55,28.52,29.07,28.31,1636276.0,47066041.0,1.191,0.34
920112,巴兰仕,15.12,15.11,15.12,15.3,15.3,15.47,15.0,333072.0,5055329.0,-1.176,-0.18
920116,星图测控,44.0,43.94,44.0,43.82,43.7,44.3,43.42,1772429.0,77909784.0,0.411,0.18
920117,龙鑫智能,30.65,30.63,30.65,29.28,29.43,30.77,29.2,3839337.0,115861282.0,4.679,1.37
920118,太湖远大,20.99,20.99,21.0,21.33,21.38,21.43,20.81,1089885.0,22853911.0,-1.594,-0.34
920119,美德乐,53.35,53.35,53.39,52.59,52.79,54.28,51.83,587693.0,31188089.0,1.445,0.76
920121,江天科技,28.32,28.32,28.33,28.56,28.42,28.45,28.18,195459.0,5533648.0,-0.84,-0.24
920122,中纺标,22.05,22.04,22.05,22.23,22.34,22.34,21.8,654356.0,14426620.0,-0.81,-0.18
920123,芭薇股份,10.67,10.67,10.69,10.72,10.79,10.82,10.5,881673.0,9398845.0,-0.466,-0.05
920124,南特科技,12.33,12.33,12.36,12.33,12.34,12.38,12.26,370530.0,4567316.0,0.0,0.0
920125,鸿仕达,127.8,127.8,127.81,117.92,121.73,127.99,120.01,2324920.0,290590316.0,8.379,9.88
920126,永大股份,9.94,9.93,9.94,9.97,9.97,10.01,9.87,1306611.0,12983259.0,-0.301,-0.03
920128,胜业电气,17.65,17.64,17.65,17.33,17.2,17.68,17.04,791415.0,13790752.0,1.847,0.32
920130,立方控股,17.19,17.19,17.2,17.38,17.5,17.55,17.01,2947300.0,50798758.0,-1.093,-0.19
920132,泰鹏智能,8.82,8.82,8.86,8.77,8.9,9.14,8.78,915149.0,8186294.0,0.57,0.05
920136,永励精密,21.75,21.74,21.75,21.76,21.5,21.9,21.12,3424003.0,73755839.0,-0.046,-0.01
920138,杰理科技,38.71,38.7,38.71,38.4,38.39,38.9,37.57,4045827.0,155186715.0,0.807,0.31
920139,华岭股份,15.15,15.15,15.16,14.85,14.88,15.22,14.79,2673516.0,40312256.0,2.02,0.3
920145,恒合股份,9.71,9.69,9.71,9.69,9.64,9.79,9.54,323734.0,3129952.0,0.206,0.02
920146,华阳变速,5.01,4.99,5.01,5.0,5.02,5.02,4.95,1032755.0,5154448.0,0.2,0.01
920149,旭杰科技,8.08,8.07,8.08,7.7,7.85,8.33,7.79,2860337.0,23078707.0,4.935,0.38
920152,昆工科技,12.6,12.6,12.61,12.37,12.47,12.63,12.23,824857.0,10275013.0,1.859,0.23
920156,海昌智能,38.34,38.33,38.34,37.65,37.56,38.39,37.06,1206883.0,45575745.0,1.833,0.69
920158,长江能科,8.17,8.14,8.17,8.05,8.08,8.17,8.01,1282005.0,10423873.0,1.491,0.12
920159,农大科技,31.14,31.14,31.15,29.97,29.96,31.49,29.4,1830824.0,56370204.0,3.904,1.17
920160,北矿检测,19.85,19.85,19.87,20.4,20.44,20.45,19.67,849449.0,16943426.0,-2.696,-0.55
920161,龙辰科技,25.23,25.23,25.25,24.58,24.66,25.38,24.17,4071438.0,101389079.0,2.644,0.65
920163,方大新材,10.94,10.94,10.95,11.11,11.2,11.2,10.91,575274.0,6320694.0,-1.53,-0.17
920165,珈凯生物,37.98,37.97,37.98,37.63,37.45,37.98,37.12,855984.0,32134431.0,0.93,0.35
920166,海圣医疗,20.59,20.58,20.59,20.27,20.88,21.49,20.33,702468.0,14638338.0,1.579,0.32
920167,同享科技,14.84,14.82,14.84,14.77,14.81,14.95,14.6,1288093.0,19057451.0,0.474,0.07
920168,通宝光电,15.01,15.01,15.07,15.08,15.0,15.1,14.88,345792.0,5171502.0,-0.464,-0.07
920169,七丰精工,19.86,19.86,19.88,19.17,19.0,20.02,18.97,3060421.0,60344780.0,3.599,0.69
920171,志晟信息,17.0,16.98,17.0,16.35,16.35,17.12,16.12,3492773.0,58764862.0,3.976,0.65
920174,五新智能,31.04,31.02,31.04,29.8,29.87,31.88,29.3,3053847.0,93975669.0,4.161,1.24
920175,东方碳素,7.82,7.82,7.83,7.71,7.71,7.88,7.61,1366590.0,10546427.0,1.427,0.11
920176,维琪科技,63.08,63.08,63.09,64.05,62.5,65.8,61.22,2426401.0,153479677.0,-1.514,-0.97
920177,恒道科技,23.48,23.48,23.5,24.47,24.0,24.02,23.05,683093.0,16038358.0,-4.046,-0.99
920178,锐翔智能,94.43,94.42,94.43,88.06,88.9,95.0,87.61,1410341.0,129929796.0,7.234,6.37
920179,凯德石英,55.0,54.99,55.0,49.76,50.15,55.7,49.66,5091437.0,268205005.0,10.531,5.24
920180,爱得科技,11.53,11.53,11.55,11.81,11.87,11.87,11.5,779604.0,9033143.0,-2.371,-0.28
920181,赛英电子,75.95,75.95,75.99,73.0,73.37,76.41,72.72,735941.0,55048719.0,4.041,2.95
920183,海菲曼,27.79,27.75,27.79,28.1,27.98,28.12,27.71,187843.0,5233563.0,-1.103,-0.31
920184,国源科技,11.5,11.44,11.5,11.05,11.02,11.5,10.98,3007077.0,33961360.0,4.072,0.45
920185,贝特瑞,21.41,21.41,21.42,21.61,21.5,21.5,21.08,4186250.0,89049563.0,-0.925,-0.2
920186,中科仪,79.56,79.56,79.58,74.36,74.37,79.56,74.36,6593218.0,510993039.0,6.993,5.2
920187,通领科技,18.2,18.2,18.21,19.25,18.4,18.8,17.99,2066696.0,37683187.0,-5.455,-1.05
920188,悦龙科技,21.42,21.42,21.43,21.33,21.3,21.5,21.25,195497.0,4183263.0,0.422,0.09
920189,康美特,22.18,22.17,22.18,21.35,21.25,22.3,20.91,5954745.0,129061442.0,3.888,0.83
920190,雷神科技,26.11,26.1,26.11,26.5,26.4,26.8,26.0,5318833.0,140066475.0,-1.472,-0.39
920191,瑞尔竞达,8.6,8.6,8.62,8.63,8.6,8.66,8.54,737916.0,6339865.0,-0.348,-0.03
920193,吉和昌,34.0,33.99,34.0,31.8,32.02,34.0,31.55,4949303.0,163708072.0,6.918,2.2
920195,三祥科技,12.56,12.53,12.56,12.33,12.52,12.82,12.38,1039402.0,13033027.0,1.865,0.23
920198,微创光电,7.58,7.58,7.59,7.56,7.52,7.6,7.44,1036234.0,7808484.0,0.265,0.02
920199,倍益康,25.48,25.48,25.49,25.46,25.26,25.67,25.11,791691.0,20111086.0,0.079,0.02
920200,振宏股份,26.6,26.6,26.61,26.38,26.38,26.66,26.05,1083163.0,28546470.0,0.834,0.22
920204,沪江材料,12.92,12.92,12.93,12.86,12.87,13.05,12.76,473752.0,6090670.0,0.467,0.06
920206,彩客科技,47.7,47.69,47.7,49.21,47.3,48.8,46.0,3649847.0,173241632.0,-3.068,-1.51
920207,众诚科技,21.05,21.05,21.06,20.83,20.83,21.15,20.74,1251893.0,26267732.0,1.056,0.22
920208,青矩技术,12.06,12.06,12.09,12.06,12.12,12.12,11.99,908100.0,10904072.0,0.0,0.0
920211,新睿电子,103.6,103.5,103.6,100.46,101.97,104.5,100.02,341585.0,34899206.0,3.126,3.14
920212,智新电子,9.53,9.52,9.53,9.53,9.5,9.57,9.41,306353.0,2909335.0,0.0,0.0
920218,新天力,16.43,16.43,16.44,16.34,16.4,16.45,16.22,667319.0,10904774.0,0.551,0.09
920220,朗信电气,40.16,40.12,40.16,39.41,39.71,40.32,38.88,592028.0,23390137.0,1.903,0.75
920221,易实精密,12.53,12.53,12.55,12.68,12.73,12.79,12.45,560410.0,7038274.0,-1.183,-0.15
920222,益坤电气,24.9,24.89,24.9,24.41,24.57,25.0,24.05,1096832.0,26988696.0,2.007,0.49
920223,荣亿精密,10.78,10.78,10.79,10.57,10.62,10.88,10.3,2267568.0,24135215.0,1.987,0.21
920225,利通科技,15.0,15.0,15.01,15.22,15.09,15.22,14.78,2112818.0,31594446.0,-1.445,-0.22
920227,美登科技,47.8,47.7,47.8,47.12,47.45,47.88,46.52,303785.0,14393653.0,1.443,0.68
920230,欧康医药,10.27,10.26,10.27,10.24,10.25,10.32,10.06,1249387.0,12744799.0,0.293,0.03
920237,力佳科技,11.62,11.62,11.63,11.94,11.86,11.93,11.53,1878313.0,21861633.0,-2.68,-0.32
920238,长鹰硬科,76.19,76.18,76.19,69.55,68.88,79.86,68.02,4666276.0,346288458.0,9.547,6.64
920239,长虹能源,22.43,22.43,22.44,22.67,22.83,22.83,22.03,1410858.0,31482809.0,-1.059,-0.24
920242,建邦科技,13.3,13.3,13.34,13.65,13.55,13.55,13.09,731354.0,9697083.0,-2.564,-0.35
920245,威博液压,12.96,12.92,12.96,12.85,12.83,13.02,12.62,401574.0,5149277.0,0.856,0.11
920247,华密新材,13.94,13.94,13.95,13.83,13.83,14.05,13.7,1073849.0,14916282.0,0.795,0.11
920249,利尔达,9.23,9.23,9.24,9.03,9.13,9.28,9.0,5123459.0,46909691.0,2.215,0.2
920252,天宏锂电,15.8,15.8,15.82,16.17,16.19,16.2,15.66,2802988.0,44365347.0,-2.288,-0.37
920258,聚仁新材,11.52,11.52,11.53,11.42,11.41,11.54,11.27,2720377.0,31025467.0,0.876,0.1
920260,中寰股份,7.97,7.96,7.97,7.94,7.99,8.02,7.89,469582.0,3745141.0,0.378,0.03
920261,一诺威,13.72,13.7,13.72,13.88,13.89,13.89,13.64,931425.0,12761383.0,-1.153,-0.16
920262,太湖雪,13.63,13.62,13.63,13.68,13.79,13.79,13.54,685251.0,9341131.0,-0.365,-0.05
920263,中航泰达,6.84,6.83,6.84,6.82,6.9,6.91,6.81,464336.0,3174838.0,0.293,0.02
920266,生物谷,7.44,7.44,7.45,7.46,7.48,7.5,7.3,2557727.0,18942097.0,-0.268,-0.02
920267,鑫汇科,16.34,16.26,16.34,15.6,15.66,16.34,15.41,1204240.0,19149173.0,4.744,0.74
920270,天铭科技,12.19,12.18,12.19,12.3,12.27,12.29,11.94,703491.0,8504790.0,-0.894,-0.11
920271,邦德股份,8.77,8.75,8.77,8.77,8.8,8.8,8.65,629125.0,5493448.0,0.0,0.0
920273,一致魔芋,16.94,16.93,16.94,16.64,16.86,17.07,16.39,1522906.0,25718887.0,1.803,0.3
920274,宏裕包材,16.8,16.79,16.8,17.16,17.01,17.52,16.6,4003530.0,67531853.0,-2.098,-0.36
920275,驱动力,6.34,6.28,6.34,6.34,6.32,6.36,6.24,443041.0,2786454.0,0.0,0.0
920278,鹿得医疗,6.3,6.29,6.3,6.32,6.3,6.4,6.26,955931.0,6034881.0,-0.316,-0.02
920284,灵鸽科技,17.0,16.99,17.0,16.99,17.0,17.13,16.58,2712837.0,45728190.0,0.059,0.01
920299,灿能电力,14.62,14.62,14.63,14.78,14.92,14.92,14.48,914256.0,13341338.0,-1.083,-0.16
920300,辰光医疗,9.53,9.52,9.53,9.65,9.57,9.65,9.49,1574880.0,15034120.0,-1.244,-0.12
920304,迪尔化工,9.33,9.32,9.33,9.36,9.44,9.52,9.25,2653437.0,24808791.0,-0.321,-0.03
920339,恒太照明,10.68,10.67,10.68,10.44,10.44,10.68,10.21,1079484.0,11306558.0,2.299,0.24
920344,三元基因,23.04,23.04,23.06,23.57,23.0,23.2,21.76,8398640.0,188552699.0,-2.249,-0.53
920346,威贸电子,14.3,14.28,14.3,14.41,14.35,14.48,14.21,398972.0,5702353.0,-0.763,-0.11
920351,华光源海,13.4,13.4,13.41,13.06,13.0,14.12,13.0,3130583.0,42527715.0,2.603,0.34
920357,雅葆轩,16.94,16.94,16.95,15.9,15.9,17.95,15.3,6214556.0,103901280.0,6.541,1.04
920363,莱赛激光,10.08,10.06,10.08,10.08,10.0,10.16,9.85,717889.0,7199919.0,0.0,0.0
920367,新赣江,26.54,26.54,26.55,25.5,25.5,26.55,24.99,6046863.0,156045174.0,4.078,1.04
920368,连城数控,23.08,23.07,23.08,23.2,23.2,23.2,22.7,2978388.0,68358210.0,-0.517,-0.12
920370,新安洁,2.96,2.96,2.97,2.91,2.91,2.96,2.83,3363709.0,9683892.0,1.718,0.05
920371,欧福蛋业,7.23,7.23,7.24,7.14,7.17,7.4,7.11,3607211.0,26180479.0,1.261,0.09
920374,云里物里,14.77,14.75,14.77,14.61,14.55,14.79,14.41,347144.0,5103291.0,1.095,0.16
920375,派诺科技,6.86,6.85,6.86,6.85,6.89,6.89,6.76,1511096.0,10325816.0,0.146,0.01
920378,泰德股份,6.91,6.9,6.91,6.98,6.95,6.95,6.83,423404.0,2916366.0,-1.003,-0.07
920392,佳合科技,13.58,13.57,13.58,13.54,13.68,13.68,13.43,290967.0,3940862.0,0.295,0.04
920394,民士达,43.92,43.91,43.92,44.54,44.1,44.22,42.91,1284634.0,56026124.0,-1.392,-0.62
920395,朗鸿科技,6.77,6.75,6.77,6.88,6.71,6.85,6.63,993950.0,6698751.0,-1.599,-0.11
920396,常辅股份,19.75,19.75,19.76,19.91,19.68,20.08,19.4,2186721.0,43069956.0,-0.804,-0.16
920402,硅烷科技,8.8,8.8,8.81,8.52,8.52,8.88,8.4,4657300.0,40448024.0,3.286,0.28
920403,康农种业,21.91,21.91,21.92,21.3,21.59,23.0,21.59,9019804.0,201155795.0,2.864,0.61
920405,海希通讯,17.45,17.43,17.45,17.78,17.7,18.33,17.36,1952019.0,34488131.0,-1.856,-0.33
920407,驰诚股份,10.55,10.54,10.55,10.51,10.56,10.65,10.29,299346.0,3136866.0,0.381,0.04
920414,欧普泰,7.81,7.79,7.81,7.72,7.68,7.84,7.5,997544.0,7663834.0,1.166,0.09
920415,恒拓开源,8.73,8.72,8.73,8.64,8.68,8.77,8.58,1121586.0,9746164.0,1.042,0.09
920418,苏轴股份,18.05,18.05,18.06,18.02,18.0,18.16,17.83,883452.0,15965646.0,0.166,0.03
920419,路斯股份,10.68,10.68,10.69,10.76,10.89,10.98,10.64,1266855.0,13602028.0,-0.743,-0.08
920422,润普食品,9.49,9.48,9.49,9.42,9.47,9.59,9.29,1439715.0,13616171.0,0.743,0.07
920425,乐创技术,14.16,14.16,14.17,13.96,13.88,14.18,13.83,2758036.0,38570997.0,1.433,0.2
920427,华维设计,8.35,8.33,8.35,8.26,8.22,8.38,8.2,666767.0,5533719.0,1.09,0.09
920429,康比特,10.98,10.98,10.99,11.09,11.15,11.58,10.92,3379351.0,37536307.0,-0.992,-0.11
920433,大唐药业,4.93,4.93,4.94,4.9,4.92,4.96,4.84,2093919.0,10259130.0,0.612,0.03
920436,大地电气,10.38,10.34,10.38,10.39,10.38,10.45,10.26,1103672.0,11424973.0,-0.096,-0.01
920438,戈碧迦,110.25,110.25,110.26,103.96,106.0,112.58,106.0,4193524.0,455680283.0,6.05,6.29
920445,龙竹科技,6.77,6.77,6.78,6.87,6.86,6.91,6.66,2041105.0,13834607.0,-1.456,-0.1
920454,同心传动,10.7,10.69,10.7,10.75,10.83,10.83,10.62,382923.0,4095239.0,-0.465,-0.05
920455,汇隆活塞,5.98,5.96,5.98,6.02,6.0,6.03,5.93,546342.0,3260840.0,-0.664,-0.04
920469,富恒新材,5.64,5.6,5.64,5.58,5.55,5.66,5.46,1587724.0,8862773.0,1.075,0.06
920471,美邦科技,12.01,12.0,12.01,11.6,11.62,12.07,11.62,2461247.0,29276056.0,3.534,0.41
920475,三友科技,12.21,12.14,12.21,12.4,12.27,12.31,11.88,1306530.0,15757042.0,-1.532,-0.19
920476,海能技术,25.94,25.94,25.95,26.43,26.73,26.98,25.9,1863354.0,48840770.0,-1.854,-0.49
920478,峆一药业,10.6,10.59,10.6,10.55,10.58,10.63,10.33,2612685.0,27371295.0,0.474,0.05
920489,佳先股份,12.5,12.49,12.5,12.31,12.38,12.62,12.29,1781114.0,22171756.0,1.543,0.19
920491,奥迪威,21.98,21.98,21.99,21.5,21.43,22.13,21.2,1998512.0,43669808.0,2.233,0.48
920493,并行科技,115.1,115.1,115.11,112.58,113.58,115.27,112.58,1133905.0,129393158.0,2.238,2.52
920496,许昌智能,6.13,6.13,6.14,6.12,6.11,6.13,6.0,1302271.0,7895053.0,0.163,0.01
920504,博迅生物,17.7,17.7,17.72,17.73,17.84,17.84,17.4,399732.0,7038115.0,-0.169,-0.03
920505,九菱科技,28.3,28.21,28.3,27.7,27.7,28.77,27.02,1558787.0,43334751.0,2.166,0.6
920508,殷图网联,14.32,14.24,14.32,14.31,14.31,14.4,14.05,394434.0,5601944.0,0.07,0.01
920509,同惠电子,20.22,20.22,20.23,19.73,19.71,20.43,19.5,2141806.0,42915995.0,2.484,0.49
920510,丰光精密,21.85,21.83,21.85,21.43,21.68,22.09,21.21,5095965.0,110319474.0,1.96,0.42
920519,万德股份,10.09,10.08,10.09,9.94,10.19,10.36,9.95,1974185.0,19866413.0,1.509,0.15
920522,纳科诺尔,18.66,18.61,18.66,19.33,19.15,19.15,18.25,7892237.0,145944828.0,-3.466,-0.67
920523,德瑞锂电,15.4,15.39,15.4,15.66,15.71,15.71,15.33,1077856.0,16638728.0,-1.66,-0.26
920526,凯华材料,19.89,19.87,19.89,18.92,18.98,19.97,18.9,1959226.0,38188296.0,5.127,0.97
920527,夜光明,14.15,14.11,14.15,14.04,14.09,14.23,13.9,956556.0,13500043.0,0.783,0.11
920533,骏创科技,18.39,18.39,18.4,18.24,18.35,18.52,18.16,976410.0,17913068.0,0.822,0.15
920541,铁大科技,9.91,9.91,9.95,9.96,10.07,10.07,9.8,683988.0,6752731.0,-0.502,-0.05
920547,无锡晶海,18.68,18.68,18.72,18.66,18.88,18.89,18.55,335884.0,6291377.0,0.107,0.02
920553,凯腾精工,6.98,6.98,6.99,6.94,6.95,7.03,6.86,908952.0,6323012.0,0.576,0.04
920556,雅达股份,6.65,6.64,6.65,6.63,6.61,6.67,6.52,876465.0,5788232.0,0.302,0.02
920564,天润科技,12.95,12.94,12.95,12.75,12.83,12.97,12.66,633034.0,8125048.0,1.569,0.2
920566,梓橦宫,9.86,9.86,9.87,10.07,9.73,9.87,9.73,3015806.0,29565221.0,-2.085,-0.21
920570,坤博精工,23.9,23.9,23.91,23.9,23.78,24.0,23.48,218634.0,5202066.0,0.0,0.0
920571,国航远洋,8.78,8.78,8.79,8.89,8.89,8.98,8.62,19265605.0,168985858.0,-1.237,-0.11
920575,*ST康乐,5.59,5.58,5.59,5.76,5.72,5.75,5.54,5553565.0,31182929.0,-2.951,-0.17
920576,天力复合,39.4,39.4,39.41,38.83,38.54,39.49,37.6,1538661.0,59569044.0,1.468,0.57
920578,巨能股份,16.66,16.65,16.66,16.36,16.63,16.7,16.23,944223.0,15610251.0,1.834,0.3
920579,机科股份,14.39,14.38,14.39,14.3,14.35,14.5,14.22,371504.0,5334630.0,0.629,0.09
920580,科创新材,10.99,10.97,10.99,10.97,10.99,11.0,10.78,1061077.0,11548514.0,0.182,0.02
920592,华信永道,21.51,21.51,21.53,20.15,20.2,21.54,19.93,3737393.0,78172889.0,6.749,1.36
920593,鼎智科技,23.32,23.3,23.32,23.09,23.12,23.46,22.93,1459065.0,33883032.0,0.996,0.23
920599,同力股份,18.07,18.06,18.07,18.17,18.1,18.28,17.88,3565967.0,64399370.0,-0.55,-0.1
920608,丰安股份,14.07,14.07,14.08,13.62,13.56,14.74,13.34,1707775.0,24146307.0,3.304,0.45
920627,力王股份,14.87,14.87,14.88,15.56,15.15,15.23,14.61,4060872.0,60412574.0,-4.434,-0.69
920634,新威凌,16.86,16.86,16.87,17.19,16.96,17.36,16.78,2476867.0,42086710.0,-1.92,-0.33
920639,晨光电缆,6.15,6.15,6.16,6.18,6.24,6.24,6.11,1267760.0,7786275.0,-0.485,-0.03
920640,富士达,25.5,25.5,25.51,25.1,25.18,25.76,25.17,2200113.0,56142790.0,1.594,0.4
920641,格利尔,14.27,14.25,14.27,13.86,13.9,14.38,13.8,2941011.0,41690246.0,2.958,0.41
920642,通易航天,9.88,9.86,9.88,9.76,9.77,9.94,9.72,1556015.0,15358194.0,1.23,0.12
920651,天罡股份,26.48,26.28,26.48,25.27,25.07,26.68,24.45,798302.0,20617906.0,4.788,1.21
920656,海昇药业,14.43,14.41,14.43,14.51,14.45,14.5,14.27,362940.0,5216183.0,-0.551,-0.08
920662,方盛股份,20.22,20.21,20.22,19.82,19.67,20.88,19.63,3536712.0,71457215.0,2.018,0.4
920663,明阳科技,12.98,12.98,13.0,12.93,13.04,13.04,12.71,566731.0,7280950.0,0.387,0.05
920665,科强股份,8.5,8.49,8.5,8.48,8.44,8.56,8.36,610014.0,5164441.0,0.236,0.02
920670,数字人,12.54,12.54,12.56,12.44,12.39,12.6,12.37,721631.0,9001584.0,0.804,0.1
920675,秉扬科技,7.43,7.43,7.44,7.3,7.31,7.51,7.25,975384.0,7181574.0,1.781,0.13
920679,前进科技,15.46,15.36,15.46,15.5,15.45,15.64,15.26,226919.0,3500378.0,-0.258,-0.04
920682,球冠电缆,5.76,5.76,5.77,5.78,5.78,5.81,5.71,1515740.0,8728906.0,-0.346,-0.02
920685,新芝生物,11.95,11.95,11.97,11.69,11.95,12.05,11.85,1469906.0,17565623.0,2.224,0.26
920689,克莱特,20.05,20.03,20.05,20.17,20.05,20.14,19.6,428471.0,8526982.0,-0.595,-0.12
920690,捷众科技,16.18,16.17,16.18,16.47,16.51,16.51,16.05,1184607.0,19196429.0,-1.761,-0.29
920693,阿为特,22.88,22.88,22.9,22.69,22.69,23.07,22.4,560479.0,12813374.0,0.837,0.19
920694,中裕科技,16.15,16.11,16.15,16.3,16.3,16.35,16.07,922616.0,14939499.0,-0.92,-0.15
920699,海达尔,82.65,82.54,82.65,77.0,77.88,84.98,77.4,1146471.0,93831584.0,7.338,5.65
920701,豪声电子,12.05,12.05,12.07,12.14,12.05,12.35,11.82,1298100.0,15744958.0,-0.741,-0.09
920703,广厦环能,9.8,9.8,9.82,9.87,9.81,9.86,9.68,426562.0,4168836.0,-0.709,-0.07
920706,铁拓机械,13.69,13.63,13.69,13.54,13.6,13.8,13.36,886790.0,12045682.0,1.108,0.15
920717,瑞星股份,7.05,7.05,7.06,7.82,7.78,7.78,6.92,4146501.0,29727285.0,-9.847,-0.77
920718,合肥高科,9.32,9.32,9.34,9.25,9.33,9.38,9.15,387052.0,3599790.0,0.757,0.07
920719,宁新新材,7.18,7.14,7.18,7.06,7.12,7.24,6.94,1470916.0,10428517.0,1.7,0.12
920720,吉冈精密,9.28,9.27,9.28,9.28,9.28,9.34,9.2,547986.0,5075633.0,0.0,0.0
920725,惠丰钻石,76.45,76.45,76.46,71.92,72.93,76.67,72.0,5316279.0,398645092.0,6.299,4.53
920726,朱老六,16.82,16.82,16.83,16.64,16.53,17.0,16.41,2889788.0,48465698.0,1.082,0.18
920729,永顺生物,6.71,6.71,6.72,6.75,6.84,6.87,6.7,752607.0,5072126.0,-0.593,-0.04
920735,德源药业,27.4,27.38,27.4,27.5,27.21,27.89,26.52,4067862.0,111017660.0,-0.364,-0.1
920748,路桥信息,26.42,26.41,26.42,24.38,24.39,28.5,24.26,3892206.0,104031609.0,8.368,2.04
920751,惠同新材,15.81,15.81,15.82,15.32,15.32,15.88,15.27,877125.0,13697109.0,3.198,0.49
920753,天纺标,15.0,14.99,15.0,15.09,15.1,15.12,14.88,424458.0,6355859.0,-0.596,-0.09
920765,美之高,14.23,14.22,14.23,14.14,14.19,14.46,13.91,875807.0,12464590.0,0.636,0.09
920768,拾比佰,7.23,7.22,7.23,7.23,7.2,7.25,7.13,1330704.0,9578713.0,0.0,0.0
920770,艾能聚,9.75,9.74,9.75,9.85,9.94,9.94,9.69,1322961.0,12919207.0,-1.015,-0.1
920779,武汉蓝电,25.62,25.62,25.66,25.9,25.64,25.75,25.0,2239150.0,56771730.0,-1.081,-0.28
920781,瑞奇智造,5.66,5.64,5.66,5.75,5.7,5.75,5.58,2039794.0,11534658.0,-1.565,-0.09
920786,骑士乳业,7.35,7.34,7.35,7.19,7.2,7.43,7.16,8129270.0,59446288.0,2.225,0.16
920790,联迪信息,25.16,25.16,25.17,23.99,23.6,25.88,23.5,8173931.0,201467244.0,4.877,1.17
920792,东和新材,9.68,9.68,9.69,9.83,9.72,9.73,9.58,553393.0,5354740.0,-1.526,-0.15
920799,艾融软件,34.85,34.85,34.86,34.44,34.24,35.19,33.55,8462221.0,290015274.0,1.19,0.41
920802,保丽洁,10.43,10.41,10.43,10.42,10.45,10.59,10.17,596178.0,6192484.0,0.096,0.01
920806,云星宇,10.29,10.29,10.3,10.27,10.28,10.35,10.1,1484678.0,15191993.0,0.195,0.02
920807,奔朗新材,9.26,9.26,9.28,9.1,9.1,9.34,8.98,1916470.0,17644060.0,1.758,0.16
920808,曙光数创,57.96,57.95,57.96,58.59,59.49,59.49,55.83,3654663.0,209775570.0,-1.075,-0.63
920809,安达科技,7.46,7.46,7.47,7.61,7.66,7.66,7.38,11372910.0,85249203.0,-1.971,-0.15
920810,春光智能,9.23,9.22,9.23,9.41,9.41,9.48,9.2,1023849.0,9498946.0,-1.913,-0.18
920819,颖泰生物,3.07,3.07,3.08,3.04,3.05,3.1,3.03,5677516.0,17484676.0,0.987,0.03
920821,则成电子,18.24,18.23,18.24,17.45,17.57,18.34,17.31,2482530.0,44613928.0,4.527,0.79
920826,盖世食品,8.92,8.91,8.92,8.72,8.66,9.01,8.62,4762104.0,42252496.0,2.294,0.2
920832,齐鲁华信,6.14,6.13,6.14,6.1,6.07,6.14,5.95,1260046.0,7611993.0,0.656,0.04
920833,美心翼申,10.52,10.52,10.54,10.46,10.56,10.98,10.21,2694764.0,28512793.0,0.574,0.06
920834,三维装备,9.01,9.01,9.04,9.14,9.28,9.28,9.0,1024904.0,9308028.0,-1.422,-0.13
920837,华原股份,10.05,10.04,10.05,9.68,9.85,10.41,9.72,2421147.0,24467526.0,3.822,0.37
920839,万通液压,24.15,24.15,24.19,24.07,24.13,24.4,23.84,333804.0,8066322.0,0.332,0.08
920855,浙江大农,12.8,12.76,12.8,12.33,12.3,13.07,12.2,1095360.0,13939671.0,3.812,0.47
920856,浩淼科技,12.41,12.41,12.43,12.1,12.15,12.65,11.89,2524036.0,30950517.0,2.562,0.31
920857,泓禧科技,20.11,20.11,20.12,19.2,19.25,20.78,18.15,2372778.0,46223695.0,4.74,0.91
920866,绿亨科技,6.67,6.66,6.67,6.31,6.34,6.7,6.34,6408762.0,42016731.0,5.705,0.36
920870,恒进感应,11.92,11.91,11.92,11.84,11.77,12.0,11.67,1006083.0,11948103.0,0.676,0.08
920871,派特尔,10.87,10.86,10.87,10.8,10.78,10.93,10.68,404696.0,4382026.0,0.648,0.07
920873,中设咨询,6.88,6.87,6.88,6.92,7.01,7.01,6.84,722164.0,4972452.0,-0.578,-0.04
920876,慧为智能,16.07,16.07,16.08,15.88,15.94,16.35,15.79,926643.0,14943477.0,1.196,0.19
920879,基康技术,12.91,12.86,12.91,12.77,12.88,13.0,12.58,754010.0,9642783.0,1.096,0.14
920885,星辰科技,11.78,11.78,11.8,11.69,11.73,11.81,11.58,1184938.0,13908706.0,0.77,0.09
920892,广咨国际,10.13,10.13,10.16,10.15,10.15,10.21,10.01,415468.0,4201028.0,-0.197,-0.02
920895,花溪科技,16.25,16.25,0.0,12.5,12.53,16.25,12.43,7094686.0,107431847.0,30.0,3.75
920896,旺成科技,12.04,12.04,12.08,12.1,12.15,12.3,11.76,750943.0,9041196.0,-0.496,-0.06
920906,舜宇精工,15.82,15.82,15.84,15.73,15.66,15.96,15.35,450053.0,7065828.0,0.572,0.09
920914,远航精密,17.03,17.03,17.04,17.04,17.05,17.18,16.81,796096.0,13559287.0,-0.059,-0.01
920924,广脉科技,14.25,14.21,14.25,14.21,14.27,14.3,14.05,828191.0,11769594.0,0.281,0.04
920925,锦好医疗,11.4,11.4,11.41,11.59,11.63,11.69,11.31,1528346.0,17470194.0,-1.639,-0.19
920926,鸿智科技,10.02,10.01,10.02,10.03,10.18,10.18,9.82,215940.0,2160790.0,-0.1,-0.01
920931,无锡鼎邦,10.85,10.79,10.85,10.8,10.79,10.9,10.55,1781706.0,19125314.0,0.463,0.05
920932,科达自控,11.01,11.0,11.01,11.01,11.02,11.15,10.88,1153051.0,12639796.0,0.0,0.0
920942,恒立钻具,17.43,17.41,17.43,16.58,16.71,17.9,16.44,1770909.0,30649567.0,5.127,0.85
920943,优机股份,15.22,15.22,15.24,15.08,15.05,15.33,14.94,1303776.0,19723204.0,0.928,0.14
920946,森萱医药,10.07,10.06,10.07,10.1,10.14,10.17,9.89,7553851.0,75515239.0,-0.297,-0.03
920950,迅安科技,12.76,12.76,12.79,12.61,12.56,12.97,12.45,251751.0,3209233.0,1.19,0.15
920953,国子软件,22.62,22.62,22.65,22.23,22.15,22.73,22.01,1196215.0,26787376.0,1.754,0.39
920957,汉维科技,9.42,9.41,9.42,9.5,9.43,9.53,9.26,895326.0,8405033.0,-0.842,-0.08
920961,创远信科,20.5,20.5,20.51,20.05,20.19,20.52,19.81,2402656.0,48712593.0,2.244,0.45
920964,润农节水,5.15,5.13,5.15,4.73,4.72,5.24,4.71,11101792.0,55837611.0,8.879,0.42
920970,大禹生物,6.14,6.14,6.15,6.02,6.08,6.25,5.99,2602113.0,15931834.0,1.993,0.12
920971,天马新材,28.7,28.7,28.72,24.96,25.18,29.44,24.89,10265901.0,284720384.0,14.984,3.74
920974,凯大催化,6.19,6.18,6.19,6.2,6.2,6.21,6.12,905517.0,5574981.0,-0.161,-0.01
920976,视声智能,18.2,18.2,18.22,18.0,18.0,18.27,17.54,1324519.0,23837938.0,1.111,0.2
920978,开特股份,19.08,19.08,19.09,19.91,19.88,19.88,19.0,2038944.0,39341279.0,-4.169,-0.83
920981,晶赛科技,30.49,30.48,30.49,28.72,28.99,30.5,28.74,2674396.0,79820074.0,6.163,1.77
920982,锦波生物,121.16,121.16,121.18,121.3,120.34,121.28,119.68,674417.0,81315899.0,-0.115,-0.14
920985,海泰新能,4.56,4.55,4.56,4.6,4.6,4.6,4.49,1222735.0,5548943.0,-0.87,-0.04
920992,中科美菱,11.37,11.37,11.39,11.32,11.33,11.37,11.17,428304.0,4837504.0,0.442,0.05
600000,浦发银行,9.07,9.07,9.08,9.21,9.18,9.2,8.98,95810090.0,868496688.0,-1.52,-0.14
600004,白云机场,7.62,7.61,7.62,7.65,7.61,7.65,7.48,12107000.0,91577051.0,-0.392,-0.03
600006,东风股份,5.37,5.36,5.37,5.41,5.41,5.44,5.33,10699700.0,57393397.0,-0.739,-0.04
600007,中国国贸,18.87,18.87,18.9,18.94,18.94,18.95,18.67,1854100.0,34911087.0,-0.37,-0.07
600008,首创环保,2.85,2.85,2.86,2.89,2.88,2.89,2.82,87302033.0,248477034.0,-1.384,-0.04
600009,上海机场,23.46,23.45,23.46,23.58,23.55,23.55,23.23,7581228.0,177119430.0,-0.509,-0.12
600010,包钢股份,2.27,2.26,2.27,2.26,2.25,2.28,2.24,417903540.0,944542465.0,0.442,0.01
600011,华能国际,6.76,6.75,6.76,6.73,6.71,6.76,6.66,58042216.0,388655415.0,0.446,0.03
600012,皖通高速,16.18,16.17,16.18,16.39,16.33,16.33,16.07,4167424.0,67335016.0,-1.281,-0.21
600015,华夏银行,6.62,6.62,6.63,6.77,6.74,6.75,6.6,111052037.0,737910208.0,-2.216,-0.15
600016,民生银行,3.44,3.44,3.45,3.52,3.5,3.51,3.42,288092029.0,994204025.0,-2.273,-0.08
600017,日照港,2.92,2.92,2.93,2.76,2.78,2.93,2.77,156756592.0,450874168.0,5.797,0.16
600018,上港集团,5.18,5.18,5.19,5.27,5.25,5.26,5.16,49757700.0,258299819.0,-1.708,-0.09
600019,宝钢股份,5.82,5.82,5.83,5.89,5.87,5.87,5.78,113176705.0,658657506.0,-1.188,-0.07
600020,中原高速,3.95,3.94,3.95,3.87,3.86,3.95,3.82,27938408.0,108426628.0,2.067,0.08
600021,上海电力,13.76,13.75,13.76,13.72,13.73,13.77,13.57,21338902.0,291785370.0,0.292,0.04
600022,山东钢铁,1.35,1.34,1.35,1.36,1.35,1.36,1.33,73826177.0,99114758.0,-0.735,-0.01
600023,浙能电力,4.92,4.92,4.93,4.95,4.97,4.97,4.89,31155818.0,153174965.0,-0.606,-0.03
600025,华能水电,9.64,9.63,9.64,9.76,9.77,9.8,9.55,34261054.0,329824947.0,-1.23,-0.12
600026,中远海能,18.61,18.61,18.62,18.57,18.13,18.7,18.08,49919966.0,921671751.0,0.215,0.04
600027,华电国际,4.61,4.61,4.62,4.65,4.64,4.65,4.57,65951516.0,304289174.0,-0.86,-0.04
600028,中国石化,5.29,5.29,5.3,5.33,5.33,5.35,5.25,169067566.0,895023695.0,-0.75,-0.04
600029,南方航空,5.03,5.02,5.03,5.08,5.05,5.07,5.01,51769315.0,260185833.0,-0.984,-0.05
600030,中信证券,27.93,27.92,27.93,27.77,27.67,27.95,27.52,135372960.0,3761059910.0,0.576,0.16
600031,三一重工,19.06,19.05,19.06,18.86,18.88,19.06,18.66,50087934.0,945747819.0,1.06,0.2
600032,浙江新能,6.89,6.89,6.9,6.87,6.85,6.9,6.75,16076555.0,109539260.0,0.291,0.02
600033,福建高速,3.56,3.55,3.56,3.56,3.56,3.57,3.5,26832300.0,94777779.0,0.0,0.0
600035,楚天高速,3.63,3.63,3.64,3.45,3.62,3.66,3.54,74263337.0,267009424.0,5.217,0.18
600036,招商银行,39.58,39.58,39.59,39.8,39.63,39.94,39.32,61459228.0,2429800384.0,-0.553,-0.22
600037,歌华有线,7.07,7.07,7.08,7.15,7.15,7.21,7.0,12760200.0,90226264.0,-1.119,-0.08
600038,中直股份,27.09,27.09,27.1,27.82,27.6,27.69,26.77,10156972.0,274731784.0,-2.624,-0.73
600039,四川路桥,8.7,8.68,8.7,8.68,8.62,8.7,8.51,14705119.0,126663914.0,0.23,0.02
600048,保利发展,5.18,5.18,5.19,5.26,5.24,5.29,5.16,129876673.0,675548695.0,-1.521,-0.08
600050,中国联通,4.29,4.28,4.29,4.31,4.31,4.32,4.27,90631676.0,388587432.0,-0.464,-0.02
600051,宁波联合,6.32,6.32,6.33,6.35,6.35,6.36,6.25,4847000.0,30569513.0,-0.472,-0.03
600052,东望时代,3.91,3.91,3.92,3.92,3.97,3.97,3.88,8751600.0,34292521.0,-0.255,-0.01
600053,*ST九鼎,7.64,7.64,7.66,7.95,7.9,7.96,7.61,3475400.0,26932788.0,-3.899,-0.31
600054,黄山旅游,11.3,11.3,11.31,11.37,11.39,11.41,11.25,6930300.0,78260092.0,-0.616,-0.07
600055,万东医疗,10.97,10.97,10.98,11.07,11.07,11.09,10.87,3811700.0,41738625.0,-0.903,-0.1
600056,中国医药,9.35,9.34,9.35,9.33,9.3,9.38,9.24,13183278.0,122691946.0,0.214,0.02
600057,厦门象屿,6.41,6.41,6.42,6.45,6.42,6.47,6.32,20026936.0,127839765.0,-0.62,-0.04
600058,五矿发展,10.05,10.05,10.06,9.96,9.93,10.19,9.9,8955699.0,90133775.0,0.904,0.09
600059,古越龙山,8.51,8.51,8.52,8.45,8.4,8.62,8.37,14201975.0,120623821.0,0.71,0.06
600060,海信视像,27.99,27.98,27.99,27.74,27.71,28.19,27.49,11445730.0,319367884.0,0.901,0.25
600061,国投资本,6.53,6.53,6.54,6.48,6.46,6.55,6.44,45852130.0,298462959.0,0.772,0.05
600062,华润双鹤,16.15,16.14,16.15,16.21,16.1,16.23,16.01,6432470.0,103626490.0,-0.37,-0.06
600063,皖维高新,5.84,5.83,5.84,5.74,5.74,5.84,5.7,33042899.0,190792496.0,1.742,0.1
600064,南京高科,7.73,7.73,7.74,7.76,7.76,7.77,7.64,13370020.0,103106088.0,-0.387,-0.03
600066,宇通客车,29.91,29.91,29.93,30.4,30.26,30.55,29.78,10265100.0,307635094.0,-1.612,-0.49
600067,冠城新材,2.88,2.87,2.88,2.88,2.9,2.9,2.84,15181800.0,43686176.0,0.0,0.0
600071,凤凰光学,16.21,16.2,16.21,15.8,15.96,16.26,15.75,2317700.0,37099992.0,2.595,0.41
600072,中船科技,8.89,8.89,8.9,8.87,8.81,8.9,8.76,10103220.0,89245072.0,0.225,0.02
600073,光明肉业,5.48,5.48,5.49,5.37,5.37,5.51,5.36,17477242.0,95495765.0,2.048,0.11
600075,新疆天业,4.69,4.69,4.7,4.7,4.69,4.71,4.66,13476120.0,63099381.0,-0.213,-0.01
600076,康欣新材,3.2,3.19,3.2,3.14,3.13,3.28,3.13,24957400.0,80210240.0,1.911,0.06
600078,澄星股份,11.1,11.09,11.1,11.11,11.11,11.2,10.92,21810948.0,241176710.0,-0.09,-0.01
600079,ST人福,18.45,18.45,18.46,18.46,18.4,18.55,18.32,9578728.0,176606306.0,-0.054,-0.01
600080,ST金花,4.89,4.88,4.89,4.86,4.87,4.97,4.84,3393000.0,16666007.0,0.617,0.03
600081,东风科技,10.37,10.36,10.37,10.35,10.23,10.39,10.22,2263356.0,23341798.0,0.193,0.02
600082,ST海泰,2.94,2.94,2.95,2.99,2.97,3.01,2.93,4843500.0,14416081.0,-1.672,-0.05
600084,*ST尼雅,4.26,4.25,4.26,4.22,4.24,4.26,4.16,2879300.0,12146533.0,0.948,0.04
600085,同仁堂,24.35,24.35,24.36,24.45,24.46,24.55,24.15,4723700.0,114831995.0,-0.409,-0.1
600088,中视传媒,11.55,11.54,11.55,11.57,11.51,11.58,11.42,2246125.0,25868415.0,-0.173,-0.02
600089,特变电工,19.36,19.36,19.37,19.26,19.25,19.38,19.03,62347235.0,1197883461.0,0.519,0.1
600094,大名城,4.08,4.07,4.08,4.15,4.15,4.26,4.06,24951911.0,103449481.0,-1.687,-0.07
600095,湘财股份,9.54,9.54,0.0,8.67,9.0,9.54,8.99,203672070.0,1916435926.0,10.035,0.87
600096,云天化,30.95,30.94,30.95,30.23,30.25,31.14,30.02,47161459.0,1442023906.0,2.382,0.72
600097,开创国际,8.86,8.86,8.87,8.8,8.76,8.92,8.71,3528700.0,31264375.0,0.682,0.06
600098,广州发展,6.23,6.23,6.24,6.32,6.31,6.31,6.15,24721606.0,153593989.0,-1.424,-0.09
600099,林海股份,9.37,9.37,9.38,9.44,9.38,9.41,9.22,3407700.0,31787848.0,-0.742,-0.07
600100,同方股份,6.95,6.95,6.96,6.83,6.84,7.02,6.81,23671300.0,163965410.0,1.757,0.12
600101,明星电力,7.92,7.91,7.92,7.96,7.91,7.93,7.85,7685658.0,60626054.0,-0.503,-0.04
600103,青山纸业,3.82,3.82,0.0,3.47,3.71,3.82,3.61,134891682.0,507382958.0,10.086,0.35
600104,上汽集团,10.24,10.23,10.24,10.39,10.4,10.4,10.21,35304284.0,362315428.0,-1.444,-0.15
600105,永鼎股份,41.0,41.0,41.01,39.14,39.49,41.39,39.22,152984842.0,6217735603.0,4.752,1.86
600106,重庆路桥,4.35,4.34,4.35,4.33,4.32,4.35,4.28,10421470.0,45038266.0,0.462,0.02
600107,*ST尔雅,5.82,5.81,5.82,5.82,5.8,5.85,5.74,1479700.0,8573203.0,0.0,0.0
600108,亚盛集团,3.78,3.78,0.0,3.44,3.48,3.78,3.48,149924309.0,549522695.0,9.884,0.34
600109,国金证券,8.79,8.79,8.8,8.78,8.7,8.8,8.63,40315758.0,351164034.0,0.114,0.01
600110,诺德股份,11.6,11.59,11.6,11.66,11.38,11.97,11.2,236204442.0,2732483071.0,-0.515,-0.06
600111,北方稀土,40.91,40.91,40.92,40.07,39.93,41.02,39.87,56173258.0,2281942393.0,2.096,0.84
600113,浙江东日,30.93,30.91,30.93,29.5,29.55,31.07,29.28,6386917.0,193098330.0,4.847,1.43
600114,东睦股份,31.24,31.24,31.25,29.15,28.5,31.5,28.37,34937955.0,1064449826.0,7.17,2.09
600115,中国东航,3.55,3.54,3.55,3.6,3.57,3.59,3.51,148521941.0,525957324.0,-1.389,-0.05
600116,三峡水利,6.31,6.31,6.32,6.34,6.32,6.34,6.24,12308269.0,77386274.0,-0.473,-0.03
600117,西宁特钢,2.35,2.35,2.36,2.35,2.33,2.36,2.32,18614800.0,43576684.0,0.0,0.0
600118,中国卫星,61.6,61.6,61.61,60.2,59.95,61.82,59.93,21906913.0,1336082354.0,2.326,1.4
600119,*ST长投,4.94,4.93,4.94,4.85,4.9,5.06,4.88,4414700.0,21889062.0,1.856,0.09
600120,浙江东方,4.95,4.95,4.96,4.96,4.94,4.97,4.88,34323149.0,169315113.0,-0.202,-0.01
600121,郑州煤电,4.27,4.27,4.28,4.18,4.14,4.29,4.14,76884563.0,326704444.0,2.153,0.09
600123,兰花科创,7.32,7.31,7.32,7.25,7.22,7.38,7.2,21823390.0,159145404.0,0.966,0.07
600125,铁龙物流,5.45,5.44,5.45,5.52,5.51,5.51,5.37,20505153.0,111154266.0,-1.268,-0.07
600126,杭钢股份,6.82,6.81,6.82,6.71,6.72,6.95,6.7,50957375.0,348133626.0,1.639,0.11
600127,金健米业,10.78,10.78,0.0,9.8,10.3,10.78,9.91,130434340.0,1367268928.0,10.0,0.98
600128,苏豪弘业,8.39,8.39,8.4,8.47,8.46,8.47,8.35,2635600.0,22117067.0,-0.945,-0.08
600129,太极集团,14.47,14.47,14.48,14.41,14.3,14.67,14.25,13266165.0,191699458.0,0.416,0.06
600130,波导股份,4.4,4.4,4.41,4.37,4.38,4.45,4.36,15028500.0,66285406.0,0.686,0.03
600131,国网信通,14.91,14.91,14.92,15.02,15.01,15.01,14.58,7288893.0,107824586.0,-0.732,-0.11
600132,重庆啤酒,39.89,39.88,39.89,40.04,40.02,40.16,39.55,2845501.0,113262753.0,-0.375,-0.15
600133,东湖高新,8.31,8.31,8.32,8.21,8.21,8.37,8.17,12089305.0,99947486.0,1.218,0.1
600135,乐凯胶片,7.42,7.41,7.42,7.39,7.32,7.45,7.3,6754778.0,49996522.0,0.406,0.03
600136,ST明诚,1.44,1.44,1.45,1.46,1.45,1.46,1.43,9374200.0,13561877.0,-1.37,-0.02
600137,浪莎股份,18.07,18.06,18.07,18.18,18.17,18.19,17.84,1020800.0,18396070.0,-0.605,-0.11
600138,中青旅,7.14,7.13,7.14,7.2,7.21,7.22,7.09,8184200.0,58433521.0,-0.833,-0.06
600141,兴发集团,31.15,31.15,31.16,30.4,30.4,31.19,30.19,36688474.0,1129891423.0,2.467,0.75
600143,金发科技,14.16,14.16,14.17,14.12,14.08,14.18,14.03,23243974.0,328058162.0,0.283,0.04
600148,长春一东,15.62,15.61,15.62,15.57,15.62,15.72,15.36,1406600.0,21890141.0,0.321,0.05
600149,廊坊发展,4.99,4.98,4.99,5.05,5.0,5.09,4.96,7462800.0,37314426.0,-1.188,-0.06
600150,中国船舶,34.52,34.51,34.52,34.11,34.15,34.59,33.85,58475183.0,2002380368.0,1.202,0.41
600151,航天机电,10.09,10.08,10.09,9.98,9.91,10.16,9.86,20711093.0,207475019.0,1.102,0.11
600152,维科技术,8.28,8.28,8.29,8.24,8.22,8.32,8.09,16410000.0,135128502.0,0.485,0.04
600153,建发股份,9.03,9.02,9.03,9.07,9.01,9.1,8.92,14949187.0,134629524.0,-0.441,-0.04
600155,华创云信,6.26,6.26,6.27,6.13,6.08,6.3,6.08,52757193.0,328433296.0,2.121,0.13
600156,华升股份,8.59,8.58,8.59,8.45,8.42,8.7,8.38,11692300.0,100493079.0,1.657,0.14
600157,永泰能源,1.6,1.59,1.6,1.59,1.59,1.6,1.57,418969504.0,665172815.0,0.629,0.01
600158,中体产业,7.1,7.09,7.1,7.1,7.13,7.16,7.05,17699600.0,125710399.0,0.0,0.0
600159,大龙地产,2.6,2.59,2.6,2.59,2.57,2.62,2.56,12098300.0,31349743.0,0.386,0.01
600160,巨化股份,39.54,39.54,39.55,38.15,38.22,39.68,38.1,38424384.0,1495942337.0,3.644,1.39
600161,天坛生物,12.47,12.47,12.48,12.52,12.44,12.51,12.27,10301780.0,127661676.0,-0.399,-0.05
600162,香江控股,4.87,4.87,0.0,4.43,4.43,4.87,4.4,135084357.0,634967805.0,9.932,0.44
600163,中闽能源,5.07,5.06,5.07,5.02,4.99,5.07,4.94,13825400.0,69244334.0,0.996,0.05
600165,宁科生物,3.22,3.22,3.23,3.41,3.35,3.4,3.16,37764677.0,122309169.0,-5.572,-0.19
600166,福田汽车,2.95,2.94,2.95,2.9,2.9,2.97,2.89,109805766.0,322159325.0,1.724,0.05
600167,联美控股,5.75,5.75,5.76,5.73,5.74,5.75,5.66,6089243.0,34718878.0,0.349,0.02
600168,武汉控股,4.41,4.41,4.42,4.45,4.45,4.45,4.37,5421055.0,23874342.0,-0.899,-0.04
600169,ST太重,2.06,2.06,2.07,2.07,2.06,2.07,2.05,7779565.0,16033794.0,-0.483,-0.01
600170,上海建工,2.27,2.26,2.27,2.3,2.28,2.28,2.24,142375576.0,321410050.0,-1.304,-0.03
600171,上海贝岭,23.11,23.1,23.11,22.62,22.75,23.12,22.62,10765815.0,247057977.0,2.166,0.49
600172,黄河旋风,14.61,14.61,14.62,13.9,13.92,14.93,13.79,240521038.0,3460838711.0,5.108,0.71
600173,卧龙新能,6.24,6.24,6.25,6.23,6.17,6.27,6.13,3710700.0,23036137.0,0.161,0.01
600176,中国巨石,42.64,42.64,42.65,39.5,39.98,42.74,39.8,236352361.0,9827126408.0,7.949,3.14
600177,雅戈尔,7.79,7.79,7.8,7.89,7.88,7.9,7.75,24538337.0,191410299.0,-1.267,-0.1
600178,东安动力,9.68,9.67,9.68,9.64,9.65,9.71,9.56,4781500.0,46162044.0,0.415,0.04
600179,安通控股,4.66,4.65,4.66,4.55,4.53,4.67,4.51,56118581.0,259689998.0,2.418,0.11
600180,*ST瑞茂,1.51,1.51,1.52,1.55,1.54,1.55,1.49,14914500.0,22626070.0,-2.581,-0.04
600182,S佳通,13.51,13.51,13.52,13.59,13.58,13.58,13.45,986200.0,13309838.0,-0.589,-0.08
600183,生益科技,140.97,140.97,140.98,130.01,133.98,143.01,133.07,103174774.0,14313829939.0,8.43,10.96
600184,光电股份,18.66,18.65,18.66,17.47,17.55,18.99,17.43,22288816.0,411250286.0,6.812,1.19
600185,珠免集团,4.72,4.72,4.73,4.7,4.7,4.75,4.66,15254560.0,71836942.0,0.426,0.02
600186,莲花控股,11.69,11.68,11.69,11.35,11.42,11.82,11.32,194431733.0,2258937142.0,2.996,0.34
600187,*ST国中,1.35,1.35,1.36,1.37,1.37,1.37,1.34,20951700.0,28327234.0,-1.46,-0.02
600188,兖矿能源,22.68,22.68,22.69,21.6,21.4,22.75,21.3,49682889.0,1107227669.0,5.0,1.08
600189,泉阳泉,7.47,7.47,7.48,7.51,7.47,7.53,7.42,8174860.0,61067266.0,-0.533,-0.04
600191,华资实业,11.2,11.18,11.2,11.14,11.21,11.25,11.0,11916017.0,132878364.0,0.539,0.06
600192,长城电工,7.13,7.13,7.14,7.11,7.11,7.21,7.0,8937770.0,63590205.0,0.281,0.02
600195,中牧股份,6.78,6.78,6.79,6.91,6.89,6.91,6.73,11022700.0,74874099.0,-1.881,-0.13
600196,复星医药,22.89,22.88,22.89,22.86,22.74,22.91,22.6,20362895.0,463678417.0,0.131,0.03
600197,伊力特,9.65,9.65,9.66,10.03,9.92,9.93,9.58,13341650.0,129342825.0,-3.789,-0.38
600198,大唐电信,7.93,7.92,7.93,8.01,7.95,7.96,7.79,28754156.0,226739436.0,-0.999,-0.08
600199,金种子酒,7.04,7.04,7.05,7.19,7.1,7.12,6.96,21668319.0,152109091.0,-2.086,-0.15
600201,生物股份,12.74,12.74,12.76,12.66,12.72,12.8,12.57,7488100.0,95370364.0,0.632,0.08
600202,哈空调,5.09,5.08,5.09,5.13,5.13,5.15,5.05,4403800.0,22408584.0,-0.78,-0.04
600203,福日电子,10.66,10.65,10.66,10.61,10.55,10.78,10.46,24238010.0,258475313.0,0.471,0.05
600206,有研新材,53.65,53.65,53.66,50.33,51.0,54.3,50.62,114845636.0,6091502433.0,6.596,3.32
600207,安彩高科,4.44,4.43,4.44,4.46,4.45,4.46,4.37,12091300.0,53405785.0,-0.448,-0.02
600208,衢州发展,2.98,2.98,2.99,2.95,2.95,3.0,2.93,67693711.0,200935632.0,1.017,0.03
600210,紫江企业,6.04,6.03,6.04,6.09,6.08,6.1,6.0,14960200.0,90304399.0,-0.821,-0.05
600211,西藏药业,39.09,39.09,39.1,39.12,38.73,39.19,38.48,4435821.0,172457248.0,-0.077,-0.03
600212,绿能慧充,6.16,6.15,6.16,6.2,6.18,6.24,6.01,21579705.0,132240398.0,-0.645,-0.04
600215,派斯林,6.37,6.37,6.38,6.39,6.36,6.44,6.29,7445103.0,47361165.0,-0.313,-0.02
600216,浙江医药,13.01,13.01,13.02,13.08,12.96,13.08,12.7,28938274.0,372976947.0,-0.535,-0.07
600217,中再资环,3.24,3.23,3.24,3.23,3.21,3.24,3.2,11090000.0,35762146.0,0.31,0.01
600218,全柴动力,7.57,7.57,7.58,7.77,7.73,7.74,7.51,8777001.0,66415085.0,-2.574,-0.2
600219,南山铝业,4.83,4.83,4.84,4.83,4.8,4.85,4.78,116106221.0,559453127.0,0.0,0.0
600221,海航控股,1.32,1.31,1.32,1.31,1.31,1.32,1.3,227889394.0,298604340.0,0.763,0.01
600222,太龙药业,8.17,8.17,8.18,8.0,7.96,8.23,7.88,23175463.0,188458489.0,2.125,0.17
600223,福瑞达,5.71,5.7,5.71,5.84,5.85,5.87,5.69,13651228.0,78177376.0,-2.226,-0.13
600226,亨通股份,6.2,6.19,6.2,5.96,5.98,6.22,5.94,118411782.0,725669643.0,4.027,0.24
600227,赤天化,4.16,4.16,4.17,4.19,4.1,4.29,4.1,295796754.0,1240266325.0,-0.716,-0.03
600228,返利科技,8.57,8.57,8.58,8.43,8.5,8.6,8.4,16805690.0,143038983.0,1.661,0.14
600229,城市传媒,5.12,5.11,5.12,5.2,5.18,5.22,5.08,3083900.0,15786039.0,-1.538,-0.08
600230,沧州大化,14.57,14.57,14.58,14.21,14.18,14.69,14.12,11137700.0,160796869.0,2.533,0.36
600231,凌钢股份,1.75,1.75,1.76,1.78,1.77,1.78,1.73,14116669.0,24766216.0,-1.685,-0.03
600232,金鹰股份,6.45,6.45,6.46,6.46,6.47,6.5,6.31,5166695.0,33195921.0,-0.155,-0.01
600233,圆通速递,16.95,16.95,16.96,16.95,16.95,16.98,16.77,13956055.0,235349452.0,0.0,0.0
600234,科新发展,21.33,21.32,21.33,20.89,20.48,21.48,20.48,1311100.0,27794114.0,2.106,0.44
600235,民丰特纸,5.86,5.85,5.86,5.93,5.92,5.92,5.81,4261300.0,24921945.0,-1.18,-0.07
600236,桂冠电力,9.92,9.91,9.92,9.84,9.85,9.95,9.72,11495326.0,113150458.0,0.813,0.08
600237,铜峰电子,8.49,8.49,8.5,8.32,8.31,8.55,8.3,19829302.0,167712549.0,2.043,0.17
600238,ST椰岛,4.67,4.67,4.68,4.81,4.8,4.8,4.65,5410100.0,25356830.0,-2.911,-0.14
600239,ST云城,1.44,1.44,1.45,1.47,1.46,1.46,1.43,15060423.0,21753599.0,-2.041,-0.03
600241,时代万恒,7.37,7.37,7.38,7.49,7.46,7.47,7.33,3138594.0,23163284.0,-1.602,-0.12
600243,*ST海华,3.85,3.85,3.86,3.81,3.8,3.85,3.74,5492700.0,20929002.0,1.05,0.04
600246,万通发展,12.47,12.46,12.47,11.75,11.8,12.52,11.66,104664510.0,1276087382.0,6.128,0.72
600248,陕建股份,2.89,2.89,2.9,2.93,2.92,2.93,2.86,18415466.0,53150799.0,-1.365,-0.04
600249,两面针,5.32,5.31,5.32,5.35,5.33,5.38,5.29,4524200.0,24061011.0,-0.561,-0.03
600250,南京商旅,9.57,9.57,9.58,9.42,9.41,9.93,9.26,30647100.0,294397098.0,1.592,0.15
600251,冠农股份,10.7,10.7,10.71,10.5,10.56,10.91,10.56,24780258.0,265482008.0,1.905,0.2
600252,中恒集团,2.38,2.37,2.38,2.31,2.31,2.43,2.3,107800719.0,255920948.0,3.03,0.07
600255,鑫科材料,3.34,3.34,3.35,3.33,3.31,3.36,3.3,52293699.0,174680069.0,0.3,0.01
600256,广汇能源,6.41,6.4,6.41,6.15,6.13,6.46,6.12,150715592.0,949754183.0,4.228,0.26
600257,大湖股份,5.71,5.7,5.71,5.64,5.62,5.74,5.59,12822750.0,72825813.0,1.241,0.07
600258,首旅酒店,12.37,12.36,12.37,12.39,12.32,12.45,12.28,9233406.0,114147657.0,-0.161,-0.02
600259,中稀有色,84.96,84.96,84.97,80.36,80.01,85.15,80.01,12644975.0,1054744714.0,5.724,4.6
600261,阳光照明,3.16,3.15,3.16,3.19,3.17,3.2,3.14,10374700.0,32771746.0,-0.94,-0.03
600262,北方股份,15.42,15.42,15.44,15.29,15.28,15.58,15.11,8758780.0,134782744.0,0.85,0.13
600265,*ST景谷,22.97,22.97,22.98,22.96,22.8,23.19,22.7,659800.0,15147456.0,0.044,0.01
600266,城建发展,4.13,4.13,4.14,4.16,4.14,4.17,4.1,22764676.0,94104278.0,-0.721,-0.03
600267,海正药业,12.37,12.36,12.37,12.29,12.28,12.48,12.17,29464539.0,362950048.0,0.651,0.08
600268,国电南自,10.7,10.69,10.7,10.68,10.64,10.71,10.46,10121133.0,107065368.0,0.187,0.02
600269,赣粤高速,3.83,3.83,3.84,3.87,3.87,3.87,3.79,22799937.0,87119577.0,-1.034,-0.04
600271,航天信息,6.91,6.9,6.91,6.89,6.88,6.91,6.83,9117483.0,62703099.0,0.29,0.02
600272,开开实业,21.7,21.7,21.71,21.1,22.48,22.98,20.63,64860388.0,1420074545.0,2.844,0.6
600273,嘉化能源,6.64,6.64,6.65,6.61,6.62,6.68,6.55,13287700.0,87901230.0,0.454,0.03
600276,恒瑞医药,47.61,47.61,47.62,46.74,46.78,47.62,46.5,77849527.0,3667194002.0,1.861,0.87
600278,东方创业,6.34,6.33,6.34,6.32,6.34,6.36,6.29,3844205.0,24310695.0,0.316,0.02
600279,重庆港,4.37,4.36,4.37,4.41,4.4,4.4,4.33,6741607.0,29380328.0,-0.907,-0.04
600280,中央商场,3.05,3.05,3.06,3.07,3.03,3.1,3.03,20128232.0,61639509.0,-0.651,-0.02
600281,华阳新材,4.97,4.96,4.97,4.9,4.86,5.02,4.83,33638801.0,166687123.0,1.429,0.07
600282,南钢股份,4.74,4.73,4.74,4.79,4.77,4.81,4.68,35378540.0,167551995.0,-1.044,-0.05
600283,钱江水利,8.12,8.11,8.12,7.92,8.02,8.25,7.92,6435877.0,51973054.0,2.525,0.2
600284,浦东建设,5.16,5.15,5.16,5.17,5.16,5.2,5.11,8811586.0,45265188.0,-0.193,-0.01
600285,羚锐制药,19.89,19.89,19.9,19.69,19.66,19.92,19.61,8662519.0,171383026.0,1.016,0.2
600287,苏豪时尚,4.86,4.86,4.87,4.88,4.88,4.91,4.83,3357400.0,16314800.0,-0.41,-0.02
600288,大恒科技,11.15,11.15,11.16,11.01,10.94,11.19,10.91,17911882.0,198863938.0,1.272,0.14
600289,ST信通,4.45,4.44,4.45,4.49,4.39,4.49,4.36,1794300.0,7941384.0,-0.891,-0.04
600292,电投水电,12.52,12.5,12.52,12.51,12.4,12.52,12.3,8673998.0,107704510.0,0.08,0.01
600293,三峡新材,2.9,2.89,2.9,2.88,2.89,2.9,2.85,23608950.0,67970029.0,0.694,0.02
600295,鄂尔多斯,13.81,13.8,13.81,13.63,13.66,13.85,13.38,9119608.0,125036329.0,1.321,0.18
600298,安琪酵母,41.08,41.08,41.11,41.19,41.04,41.19,40.47,7608600.0,310572842.0,-0.267,-0.11
600299,安迪苏,8.62,8.62,8.63,8.49,8.48,8.64,8.38,33233742.0,283292957.0,1.531,0.13
600300,维维股份,3.21,3.2,3.21,3.17,3.18,3.23,3.16,38320200.0,122698646.0,1.262,0.04
600301,华锡有色,47.69,47.68,47.69,46.77,46.5,48.33,46.3,7425893.0,352289945.0,1.967,0.92
600302,ST标准,6.7,6.7,6.71,6.55,6.51,6.78,6.45,3017210.0,19999799.0,2.29,0.15
600303,曙光股份,2.94,2.94,2.95,2.96,2.96,2.98,2.93,17895700.0,52950477.0,-0.676,-0.02
600305,恒顺醋业,6.79,6.78,6.79,6.8,6.79,6.81,6.69,7304400.0,49278983.0,-0.147,-0.01
600307,酒钢宏兴,1.48,1.48,1.49,1.48,1.48,1.49,1.46,39204300.0,57843154.0,0.0,0.0
600308,华泰股份,3.29,3.29,3.3,3.3,3.29,3.31,3.26,6683556.0,21951851.0,-0.303,-0.01
600309,万华化学,75.92,75.92,75.93,74.49,74.26,76.76,74.01,36425989.0,2744358759.0,1.92,1.43
600310,广西能源,4.26,4.26,4.27,4.29,4.27,4.28,4.18,36089334.0,152613313.0,-0.699,-0.03
600312,平高电气,20.01,20.01,20.02,20.43,20.21,20.31,19.56,29292652.0,580820743.0,-2.056,-0.42
600313,农发种业,7.23,7.22,7.23,6.8,6.96,7.32,6.9,146299051.0,1047001830.0,6.324,0.43
600315,上海家化,18.19,18.18,18.19,18.11,18.1,18.27,17.91,8200668.0,148211070.0,0.442,0.08
600316,洪都航空,29.23,29.23,29.24,28.8,28.84,29.8,28.11,16504063.0,480487952.0,1.493,0.43
600318,新力金融,6.94,6.94,6.95,6.72,6.73,6.98,6.69,24630062.0,169735291.0,3.274,0.22
600319,亚星化学,6.34,6.34,6.35,6.32,6.31,6.39,6.28,3675500.0,23299015.0,0.316,0.02
600320,振华重工,4.08,4.08,4.09,4.13,4.15,4.16,4.04,54617714.0,222873862.0,-1.211,-0.05
600322,津投城开,2.72,2.71,2.72,2.72,2.7,2.74,2.69,14997799.0,40614440.0,0.0,0.0
600323,瀚蓝环境,29.99,29.99,30.0,30.1,30.15,30.21,29.74,3915322.0,117248513.0,-0.365,-0.11
600325,华发股份,2.41,2.4,2.41,2.43,2.44,2.48,2.4,61281512.0,148987146.0,-0.823,-0.02
600326,西藏天路,7.72,7.72,7.73,7.6,7.6,8.06,7.45,72080852.0,558667256.0,1.579,0.12
600327,大东方,4.04,4.03,4.04,4.05,4.05,4.09,4.0,17373680.0,70205718.0,-0.247,-0.01
600328,中盐化工,6.35,6.35,6.36,6.38,6.37,6.4,6.27,15723008.0,99671142.0,-0.47,-0.03
600329,达仁堂,36.4,36.4,36.41,36.58,36.57,36.78,36.06,1914600.0,69566132.0,-0.492,-0.18
600330,天通股份,29.15,29.15,0.0,26.5,27.03,29.15,26.8,130990020.0,3703383335.0,10.0,2.65
600331,宏达股份,13.03,13.03,13.04,12.61,12.49,13.12,12.45,54366101.0,703961384.0,3.331,0.42
600332,白云山,20.46,20.45,20.46,20.47,20.43,20.54,20.26,6490723.0,132333628.0,-0.049,-0.01
600333,长春燃气,6.27,6.26,6.27,6.27,6.22,6.29,6.2,8662600.0,54160709.0,0.0,0.0
600335,国机汽车,5.16,5.15,5.16,5.23,5.24,5.26,5.13,16868832.0,87215679.0,-1.338,-0.07
600336,澳柯玛,6.36,6.36,6.37,6.33,6.3,6.37,6.25,4441116.0,28044596.0,0.474,0.03
600337,ST美克,3.19,3.19,3.2,3.4,3.4,3.41,3.14,36534683.0,119846481.0,-6.176,-0.21
600338,西藏珠峰,13.94,13.93,13.94,13.81,13.73,13.96,13.68,31875049.0,441761567.0,0.941,0.13
600339,中油工程,3.38,3.38,3.39,3.41,3.36,3.39,3.29,65006091.0,217094313.0,-0.88,-0.03
600340,*ST华幸,1.09,1.09,1.1,1.1,1.09,1.11,1.09,33377030.0,36522351.0,-0.909,-0.01
600343,航天动力,18.34,18.34,18.35,18.06,18.04,18.37,17.9,12162119.0,221563549.0,1.55,0.28
600345,长江通信,52.06,52.06,0.0,47.33,47.87,52.06,47.61,18415115.0,925162403.0,9.994,4.73
600346,恒力石化,18.9,18.9,18.91,18.29,18.29,19.13,18.18,29416119.0,549786177.0,3.335,0.61
600348,华阳股份,9.51,9.5,9.51,8.96,9.08,9.53,9.05,64948592.0,609205929.0,6.138,0.55
600350,山东高速,10.35,10.35,10.36,10.84,10.67,10.68,10.27,24822723.0,257722522.0,-4.52,-0.49
600351,亚宝药业,7.2,7.19,7.2,7.17,7.18,7.24,7.13,21976128.0,157849187.0,0.418,0.03
600352,浙江龙盛,12.81,12.8,12.81,12.58,12.49,12.95,12.37,58584130.0,740417135.0,1.828,0.23
600353,旭光电子,37.24,37.24,37.25,34.55,35.0,37.8,33.52,89052592.0,3185018322.0,7.786,2.69
600354,敦煌种业,7.46,7.45,7.46,7.03,7.18,7.55,7.1,96115408.0,707628845.0,6.117,0.43
600356,恒丰纸业,8.81,8.8,8.81,8.88,8.91,8.92,8.76,5483401.0,48398900.0,-0.788,-0.07
600358,国旅联合,5.06,5.06,5.07,5.13,5.1,5.15,5.05,4049000.0,20564617.0,-1.365,-0.07
600359,新农开发,7.47,7.47,0.0,6.79,7.28,7.47,7.26,24607556.0,182766853.0,10.015,0.68
600360,华微电子,10.58,10.57,10.58,10.38,10.38,10.64,10.28,46906060.0,492706305.0,1.927,0.2
600361,创新新材,3.7,3.7,3.71,3.8,3.77,3.78,3.65,76691600.0,283131576.0,-2.632,-0.1
600362,江西铜业,49.2,49.2,49.21,48.57,47.65,49.47,47.62,126027831.0,6157355502.0,1.297,0.63
600363,联创光电,18.21,18.2,18.21,17.84,17.76,18.25,17.6,30446340.0,549320833.0,2.074,0.37
600365,ST通葡,2.81,2.81,2.82,2.84,2.84,2.87,2.8,2582800.0,7293813.0,-1.056,-0.03
600366,宁波韵升,11.79,11.79,11.8,11.55,11.5,11.79,11.46,36531343.0,426169490.0,2.078,0.24
600367,红星发展,40.5,40.49,40.5,39.17,39.19,40.72,38.95,70331006.0,2799400139.0,3.395,1.33
600368,五洲交通,4.25,4.25,4.26,4.28,4.29,4.32,4.24,37893237.0,161769736.0,-0.701,-0.03
600369,西南证券,4.15,4.14,4.15,4.13,4.12,4.17,4.1,38061494.0,157423290.0,0.484,0.02
600370,*ST三房,1.57,1.57,1.58,1.58,1.59,1.59,1.55,19589600.0,30748751.0,-0.633,-0.01
600371,万向德农,10.49,10.49,0.0,9.54,10.45,10.49,10.2,16229677.0,169885569.0,9.958,0.95
600372,中航机载,11.07,11.07,11.08,10.96,10.88,11.11,10.87,24245078.0,266448622.0,1.004,0.11
600373,中文传媒,7.19,7.19,7.2,7.2,7.24,7.29,7.11,12694053.0,91187631.0,-0.139,-0.01
600375,汉马科技,3.86,3.86,3.87,3.83,3.83,3.88,3.81,12627900.0,48661148.0,0.783,0.03
600376,首开股份,3.38,3.38,3.39,3.37,3.34,3.4,3.33,55452690.0,186880555.0,0.297,0.01
600377,宁沪高速,12.18,12.18,12.19,12.44,12.4,12.46,12.11,11283710.0,137872760.0,-2.09,-0.26
600378,昊华科技,48.46,48.46,0.0,44.05,45.2,48.46,45.2,29906107.0,1436979563.0,10.011,4.41
600379,宝光股份,14.22,14.21,14.22,14.66,14.6,14.66,13.82,26949400.0,380423771.0,-3.001,-0.44
600380,健康元,9.28,9.28,9.29,9.29,9.29,9.31,9.16,16635221.0,153671569.0,-0.108,-0.01
600381,*ST春天,4.85,4.85,4.86,4.72,4.78,4.86,4.76,5331487.0,25713755.0,2.754,0.13
600382,广东明珠,6.43,6.43,6.44,6.53,6.48,6.49,6.29,15928677.0,101683846.0,-1.531,-0.1
600383,金地集团,2.27,2.27,2.28,2.28,2.27,2.3,2.25,50943161.0,115530705.0,-0.439,-0.01
600386,北巴传媒,3.44,3.44,3.45,3.49,3.47,3.48,3.41,7419499.0,25524657.0,-1.433,-0.05
600388,紫金龙净,18.2,18.19,18.2,18.0,18.4,18.6,17.92,20483547.0,375036779.0,1.111,0.2
600389,江山股份,18.81,18.81,18.83,18.39,18.37,19.09,18.28,13791361.0,257852195.0,2.284,0.42
600390,五矿资本,5.14,5.13,5.14,5.12,5.1,5.18,5.06,62191307.0,317894627.0,0.391,0.02
600391,航发科技,33.22,33.21,33.22,31.8,31.58,33.85,31.53,13117184.0,429039286.0,4.465,1.42
600392,盛和资源,23.23,23.22,23.23,22.47,22.3,23.35,22.27,69374373.0,1595179521.0,3.382,0.76
600395,盘江股份,5.67,5.66,5.67,5.58,5.58,5.72,5.54,33372644.0,188710220.0,1.613,0.09
600396,华电辽能,14.71,14.7,14.71,14.97,14.53,14.82,14.22,176327470.0,2561184753.0,-1.737,-0.26
600397,江钨装备,19.03,19.03,0.0,17.3,17.1,19.03,17.1,102532427.0,1880122962.0,10.0,1.73
600398,海澜之家,5.97,5.97,5.98,6.01,6.02,6.02,5.93,22290190.0,133021372.0,-0.666,-0.04
600399,抚顺特钢,4.32,4.32,4.33,4.33,4.32,4.34,4.26,23514400.0,101207772.0,-0.231,-0.01
600400,红豆股份,2.93,2.93,2.94,2.96,2.94,3.04,2.92,41902536.0,124205343.0,-1.014,-0.03
600403,大有能源,7.11,7.11,7.12,7.0,6.87,7.18,6.82,107745284.0,762922308.0,1.571,0.11
600405,动力源,4.6,4.6,4.61,4.61,4.56,4.66,4.56,7955600.0,36856991.0,-0.217,-0.01
600406,国电南瑞,23.06,23.05,23.06,23.42,23.18,23.2,22.7,64008642.0,1465510495.0,-1.537,-0.36
600408,安泰集团,3.04,3.03,3.04,2.96,2.95,3.06,2.93,61595202.0,186029333.0,2.703,0.08
600409,三友化工,7.1,7.09,7.1,7.08,7.08,7.14,6.94,32435286.0,228748008.0,0.282,0.02
600410,华胜天成,13.67,13.67,13.68,13.33,13.31,13.68,13.2,39417872.0,532815011.0,2.551,0.34
600415,小商品城,12.28,12.27,12.28,12.31,12.23,12.33,12.06,44668974.0,543637437.0,-0.244,-0.03
600416,湘电股份,8.62,8.61,8.62,8.57,8.55,8.65,8.47,10329279.0,88523878.0,0.583,0.05
600418,江淮汽车,21.11,21.11,21.12,21.08,20.98,21.28,20.75,55597870.0,1168551019.0,0.142,0.03
600419,天润乳业,8.71,8.71,8.72,8.66,8.6,8.83,8.6,7051460.0,61482164.0,0.577,0.05
600420,国药现代,8.63,8.63,8.64,8.66,8.64,8.75,8.54,6563800.0,56554499.0,-0.346,-0.03
600422,昆药集团,8.64,8.64,8.65,8.69,8.68,8.77,8.55,7075102.0,61102367.0,-0.575,-0.05
600423,*ST柳化,2.9,2.89,2.9,2.91,2.91,2.93,2.88,3648700.0,10586190.0,-0.344,-0.01
600425,青松建化,3.69,3.68,3.69,3.71,3.72,3.74,3.66,12323000.0,45438899.0,-0.539,-0.02
600426,华鲁恒升,20.82,20.81,20.82,20.4,20.27,20.96,20.22,33712053.0,694503676.0,2.059,0.42
600428,中远海特,10.98,10.98,10.99,11.15,11.07,11.24,10.85,52792917.0,581420655.0,-1.525,-0.17
600429,三元股份,4.66,4.65,4.66,4.67,4.63,4.72,4.61,14620800.0,68137771.0,-0.214,-0.01
600433,冠豪高新,3.42,3.41,3.42,3.44,3.42,3.43,3.38,30014057.0,102141607.0,-0.581,-0.02
600435,北方导航,10.55,10.55,10.56,10.43,10.36,10.6,10.34,13957451.0,146810654.0,1.151,0.12
600436,片仔癀,126.37,126.37,126.38,127.4,127.0,127.67,125.5,2527893.0,319136480.0,-0.808,-1.03
600438,通威股份,11.9,11.9,11.91,12.01,11.95,11.96,11.69,35336066.0,417599833.0,-0.916,-0.11
600439,ST瑞贝卡,1.89,1.88,1.89,1.89,1.89,1.91,1.88,17778372.0,33638256.0,0.0,0.0
600444,国机通用,14.34,14.32,14.34,14.34,14.27,14.37,14.13,2388500.0,34174616.0,0.0,0.0
600446,金证股份,11.27,11.27,11.28,10.97,10.95,11.29,10.92,20282277.0,226280221.0,2.735,0.3
600448,华纺股份,2.98,2.97,2.98,2.99,2.97,3.01,2.95,11819080.0,35204165.0,-0.334,-0.01
600449,宁夏建材,12.49,12.49,12.5,12.65,12.5,12.68,12.44,11897120.0,149080149.0,-1.265,-0.16
600452,涪陵电力,9.2,9.19,9.2,9.23,9.2,9.23,9.12,15618998.0,143019532.0,-0.325,-0.03
600455,博通股份,24.15,24.15,24.19,24.47,24.45,24.45,23.95,1055700.0,25531910.0,-1.308,-0.32
600456,宝钛股份,27.38,27.38,27.39,26.8,26.86,27.54,26.6,8908830.0,241538492.0,2.164,0.58
600458,时代新材,11.89,11.88,11.89,11.6,11.58,12.01,11.56,17673610.0,208269633.0,2.5,0.29
600459,贵研铂业,21.78,21.77,21.78,21.13,21.0,21.88,20.9,27620210.0,594649385.0,3.076,0.65
600460,士兰微,34.88,34.88,34.89,33.07,33.19,34.99,32.75,154904874.0,5271805900.0,5.473,1.81
600461,洪城环境,8.95,8.94,8.95,9.04,8.96,8.98,8.75,17754900.0,157013957.0,-0.996,-0.09
600463,空港股份,8.2,8.2,8.21,8.34,8.31,8.35,8.18,2544500.0,20965079.0,-1.679,-0.14
600467,好当家,2.41,2.4,2.41,2.39,2.39,2.41,2.37,26291800.0,62978866.0,0.837,0.02
600468,百利电气,6.65,6.64,6.65,6.57,6.6,6.9,6.53,99008259.0,663740169.0,1.218,0.08
600469,风神股份,5.22,5.22,5.23,5.27,5.24,5.25,5.17,8227236.0,42818088.0,-0.949,-0.05
600470,六国化工,6.1,6.1,6.11,6.06,5.88,6.13,5.88,52637181.0,317904972.0,0.66,0.04
600475,华光环能,15.37,15.37,15.38,15.22,15.07,15.49,15.0,8958639.0,136417222.0,0.986,0.15
600476,*ST湘邮,9.54,9.51,9.54,9.63,9.61,9.65,9.32,1554192.0,14726100.0,-0.935,-0.09
600477,杭萧钢构,2.49,2.48,2.49,2.49,2.47,2.49,2.45,21906816.0,54210511.0,0.0,0.0
600478,科力远,4.91,4.91,4.92,4.96,4.97,4.97,4.8,29956764.0,145925953.0,-1.008,-0.05
600479,千金药业,12.12,12.12,0.0,11.02,12.0,12.12,11.6,108076729.0,1300882233.0,9.982,1.1
600480,凌云股份,8.32,8.32,8.33,8.39,8.41,8.41,8.29,10261964.0,85458462.0,-0.834,-0.07
600481,双良节能,4.34,4.34,4.35,4.35,4.33,4.35,4.22,40133805.0,172274522.0,-0.23,-0.01
600482,中国动力,31.82,31.82,31.83,32.09,32.08,32.12,30.95,11083119.0,351003833.0,-0.841,-0.27
600483,福能股份,10.8,10.79,10.8,10.88,10.82,10.9,10.67,13711167.0,147714933.0,-0.735,-0.08
600486,扬农化工,55.08,55.08,55.09,54.15,54.15,55.75,53.95,3661266.0,200773201.0,1.717,0.93
600487,亨通光电,71.3,71.3,71.31,64.83,66.18,71.31,66.13,275480915.0,19124123705.0,9.98,6.47
600488,津药药业,5.7,5.69,5.7,5.38,5.35,5.92,5.32,135748508.0,779165714.0,5.948,0.32
600489,中金黄金,26.69,26.69,26.7,26.43,26.12,27.41,26.12,101541013.0,2734563968.0,0.984,0.26
600490,鹏欣资源,7.71,7.7,7.71,7.51,7.41,7.87,7.39,80960122.0,624348617.0,2.663,0.2
600491,ST龙元,1.63,0.0,0.0,1.63,0.0,0.0,0.0,0.0,0.0,0.0,0.0
600493,凤竹纺织,6.15,6.13,6.15,6.16,6.15,6.19,6.08,3669300.0,22485787.0,-0.162,-0.01
600495,晋西车轴,4.07,4.07,4.08,4.13,4.09,4.12,4.06,7297720.0,29752069.0,-1.453,-0.06
600496,精工钢构,3.35,3.35,3.36,3.36,3.36,3.37,3.3,29624048.0,98977080.0,-0.298,-0.01
600497,驰宏锌锗,10.53,10.53,10.54,10.4,10.26,10.59,10.21,180614749.0,1887379121.0,1.25,0.13
600498,烽火通信,42.71,42.71,42.72,39.57,38.92,42.88,38.82,157623756.0,6576927496.0,7.935,3.14
600499,科达制造,14.26,14.25,14.26,14.47,14.39,14.53,14.12,22967580.0,326192547.0,-1.451,-0.21
600500,中化国际,5.59,5.58,5.59,5.32,5.28,5.61,5.26,128256559.0,704535568.0,5.075,0.27
600501,航天晨光,14.29,14.28,14.29,14.22,14.22,14.32,14.07,3573800.0,50936407.0,0.492,0.07
600502,安徽建工,4.61,4.61,4.62,4.61,4.59,4.62,4.5,26746076.0,122212785.0,0.0,0.0
600503,华丽家族,2.21,2.21,2.22,2.22,2.22,2.24,2.2,26280100.0,58344166.0,-0.45,-0.01
600505,西昌电力,10.59,10.59,10.6,10.63,10.64,10.64,10.46,4538403.0,47870073.0,-0.376,-0.04
600506,统一股份,15.77,15.77,15.78,15.73,15.6,15.84,15.42,12822751.0,200603542.0,0.254,0.04
600507,方大特钢,4.27,4.27,4.28,4.41,4.38,4.39,4.2,41269008.0,175801233.0,-3.175,-0.14
600508,上海能源,11.76,11.76,11.77,11.45,10.88,12.14,10.83,94311422.0,1088004052.0,2.707,0.31
600509,天富能源,7.46,7.45,7.46,7.46,7.45,7.46,7.35,14514278.0,107568661.0,0.0,0.0
600510,黑牡丹,7.24,7.23,7.24,7.24,7.2,7.31,7.2,6220487.0,45078305.0,0.0,0.0
600511,国药股份,26.78,26.76,26.78,26.92,26.92,26.95,26.48,3887989.0,103685123.0,-0.52,-0.14
600512,腾达建设,2.06,2.05,2.06,2.07,2.07,2.07,2.04,22249901.0,45785232.0,-0.483,-0.01
600513,联环药业,16.38,16.37,16.38,16.05,16.07,16.49,15.9,9269569.0,151034676.0,2.056,0.33
600515,海南机场,2.81,2.8,2.81,2.82,2.81,2.83,2.78,68654764.0,192582244.0,-0.355,-0.01
600516,方大炭素,5.11,5.1,5.11,5.1,5.08,5.11,5.06,29252527.0,148816809.0,0.196,0.01
600517,国网英大,5.08,5.07,5.08,5.0,5.06,5.1,5.0,31777870.0,160653187.0,1.6,0.08
600518,康美药业,1.4,1.39,1.4,1.39,1.39,1.41,1.38,179940144.0,251054024.0,0.719,0.01
600519,贵州茅台,1292.3,1292.3,1292.36,1302.8,1304.0,1305.0,1288.0,2476747.0,3203715661.0,-0.806,-10.5
600520,三佳科技,24.69,24.68,24.69,23.88,24.03,24.93,23.72,5795221.0,141451623.0,3.392,0.81
600521,华海药业,16.64,16.64,16.65,16.4,16.44,16.88,16.41,32167729.0,535272391.0,1.463,0.24
600522,中天科技,36.08,36.07,36.08,33.41,33.8,36.13,33.8,334289892.0,11783460824.0,7.992,2.67
600523,贵航股份,11.97,11.97,11.98,11.97,11.88,12.13,11.79,4651200.0,55575768.0,0.0,0.0
600525,长园集团,5.36,5.36,5.37,5.5,5.46,5.58,5.33,39879660.0,215526532.0,-2.545,-0.14
600526,菲达环保,4.7,4.7,4.71,4.72,4.71,4.73,4.66,9600300.0,45019618.0,-0.424,-0.02
600527,江南高纤,2.27,2.26,2.27,2.28,2.27,2.28,2.24,38502560.0,86969234.0,-0.439,-0.01
600528,中铁工业,6.99,6.98,6.99,7.05,7.05,7.05,6.9,13843297.0,96335652.0,-0.851,-0.06
600529,山东药玻,19.09,19.08,19.09,19.16,19.16,19.19,18.94,5973265.0,113688083.0,-0.365,-0.07
600530,ST交昂,3.77,3.77,3.78,3.76,3.72,3.81,3.72,5668300.0,21348703.0,0.266,0.01
600531,豫光金铅,13.95,13.95,13.96,13.8,13.6,14.14,13.52,75570785.0,1054310555.0,1.087,0.15
600533,栖霞建设,2.2,2.2,2.21,2.21,2.2,2.23,2.18,15808501.0,34845317.0,-0.452,-0.01
600535,天士力,14.82,14.82,14.83,14.77,14.76,14.85,14.59,13596225.0,199910593.0,0.339,0.05
600536,中国软件,32.94,32.94,32.95,32.83,32.68,32.96,32.12,23941424.0,779641580.0,0.335,0.11
600537,*ST亿晶,2.16,2.15,2.16,2.13,2.13,2.18,2.12,20661000.0,44413603.0,1.408,0.03
600538,国发股份,5.21,5.21,5.22,5.23,5.2,5.26,5.18,4957800.0,25826468.0,-0.382,-0.02
600539,狮头股份,14.86,14.86,14.87,14.46,14.43,15.6,14.4,17950201.0,269689121.0,2.766,0.4
600540,新赛股份,4.59,4.59,0.0,4.17,4.59,4.59,4.59,8862145.0,40677246.0,10.072,0.42
600543,*ST莫高,4.15,4.15,4.16,4.15,4.16,4.18,4.13,1388600.0,5768959.0,0.0,0.0
600545,卓郎智能,4.35,4.35,4.36,4.24,4.21,4.38,4.2,57827318.0,249655923.0,2.594,0.11
600546,山煤国际,13.97,13.97,13.98,13.55,13.49,14.03,13.43,21779840.0,300995985.0,3.1,0.42
600547,山东黄金,34.89,34.88,34.89,34.49,34.4,35.93,34.26,99829219.0,3506436425.0,1.16,0.4
600548,深高速,8.23,8.23,8.24,8.27,8.27,8.27,8.16,3337600.0,27410779.0,-0.484,-0.04
600549,厦门钨业,54.8,54.8,54.81,52.62,52.1,54.89,52.1,55106901.0,2979583214.0,4.143,2.18
600550,保变电气,11.12,11.12,11.13,11.11,11.05,11.13,10.89,19695655.0,216852944.0,0.09,0.01
600551,时代出版,6.82,6.82,6.83,6.93,6.9,6.92,6.76,4904038.0,33433860.0,-1.587,-0.11
600552,凯盛科技,18.09,18.08,18.09,17.45,17.66,18.35,17.4,53122272.0,954069311.0,3.668,0.64
600556,天下秀,4.6,4.6,4.61,4.61,4.58,4.62,4.55,23697138.0,108814680.0,-0.217,-0.01
600557,康缘药业,12.44,12.43,12.44,12.27,12.28,12.47,12.22,7157120.0,88635276.0,1.385,0.17
600558,大西洋,4.92,4.92,4.93,4.96,4.97,4.97,4.87,14138950.0,69483031.0,-0.806,-0.04
600559,老白干酒,11.55,11.55,11.56,11.64,11.62,11.63,11.47,6750504.0,77807127.0,-0.773,-0.09
600560,金自天正,11.37,11.34,11.37,11.52,11.43,11.45,11.27,2427009.0,27511131.0,-1.302,-0.15
600561,江西长运,5.77,5.76,5.77,5.79,5.8,5.82,5.72,3155200.0,18169363.0,-0.345,-0.02
600562,国睿科技,27.3,27.29,27.3,26.22,26.14,27.78,26.02,13503504.0,367424831.0,4.119,1.08
600563,法拉电子,129.6,129.59,129.6,127.41,127.9,129.99,126.9,3240895.0,417370441.0,1.719,2.19
600566,济川药业,25.22,25.21,25.22,25.03,24.92,25.3,24.78,4542576.0,113825227.0,0.759,0.19
600567,山鹰国际,1.36,1.35,1.36,1.36,1.35,1.36,1.34,58211708.0,78623684.0,0.0,0.0
600568,ST中珠,2.18,2.17,2.18,2.17,2.17,2.2,2.16,3441700.0,7508477.0,0.461,0.01
600569,安阳钢铁,1.83,1.82,1.83,1.84,1.84,1.84,1.8,16690619.0,30365755.0,-0.543,-0.01
600570,恒生电子,22.11,22.11,22.12,21.61,21.5,22.16,21.43,34056316.0,744663091.0,2.314,0.5
600571,信雅达,11.05,11.05,11.06,10.89,10.84,11.07,10.82,12492753.0,137219211.0,1.469,0.16
600572,康恩贝,4.51,4.5,4.51,4.44,4.47,4.55,4.41,84088072.0,377135527.0,1.577,0.07
600573,惠泉啤酒,9.79,9.79,9.8,9.86,9.85,9.9,9.73,3903600.0,38274995.0,-0.71,-0.07
600575,淮河能源,3.31,3.31,3.32,3.28,3.26,3.32,3.25,52127289.0,171658941.0,0.915,0.03
600576,祥源文旅,5.52,5.51,5.52,5.52,5.5,5.54,5.45,5996100.0,33010466.0,0.0,0.0
600577,精达股份,8.63,8.63,8.64,8.63,8.52,8.68,8.42,85883181.0,733864066.0,0.0,0.0
600578,京能电力,5.64,5.63,5.64,5.69,5.64,5.66,5.56,69140541.0,387555835.0,-0.879,-0.05
600579,中化装备,6.99,6.99,7.0,7.01,7.0,7.02,6.93,3866500.0,26988090.0,-0.285,-0.02
600580,卧龙电驱,30.28,30.28,30.29,29.96,29.89,30.32,29.74,27872541.0,838965395.0,1.068,0.32
600581,*ST八钢,2.35,2.34,2.35,2.35,2.36,2.38,2.32,5627874.0,13192473.0,0.0,0.0
600582,天地科技,4.94,4.93,4.94,4.9,4.88,4.94,4.85,27110722.0,132867523.0,0.816,0.04
600583,海油工程,6.11,6.1,6.11,6.0,5.99,6.14,5.96,30726441.0,186192105.0,1.833,0.11
600584,长电科技,76.54,76.54,76.55,73.62,74.28,76.82,73.95,97465042.0,7378098690.0,3.966,2.92
600585,海螺水泥,18.02,18.02,18.03,17.88,17.57,18.05,17.42,41415909.0,737206703.0,0.783,0.14
600586,金晶科技,4.21,4.21,4.22,4.22,4.22,4.26,4.14,12808000.0,53667796.0,-0.237,-0.01
600587,新华医疗,12.57,12.56,12.57,12.58,12.58,12.66,12.45,3390140.0,42477445.0,-0.079,-0.01
600588,用友网络,10.18,10.17,10.18,10.06,10.1,10.21,10.01,38456017.0,389010540.0,1.193,0.12
600589,大位科技,7.6,7.59,7.6,7.45,7.49,7.61,7.42,36966557.0,278410647.0,2.013,0.15
600590,泰豪科技,8.35,8.35,8.36,8.3,8.25,8.4,8.19,13770180.0,114489611.0,0.602,0.05
600592,龙溪股份,14.95,14.95,14.96,14.55,14.55,15.13,14.41,9454590.0,141002577.0,2.749,0.4
600593,大连圣亚,41.68,41.67,41.68,41.45,41.05,42.0,41.05,4031540.0,167778384.0,0.555,0.23
600594,益佰制药,4.08,4.08,4.09,4.08,4.06,4.2,3.95,97209967.0,398714615.0,0.0,0.0
600595,中孚实业,6.24,6.23,6.24,6.24,6.21,6.27,6.18,67787483.0,421748325.0,0.0,0.0
600596,新安股份,10.89,10.89,10.9,10.49,10.52,10.93,10.44,37553934.0,403984471.0,3.813,0.4
600597,光明乳业,6.79,6.79,6.8,6.83,6.8,6.88,6.74,6329500.0,43012067.0,-0.586,-0.04
600598,北大荒,13.56,13.56,13.57,13.04,13.22,13.6,13.15,60888407.0,818977335.0,3.988,0.52
600600,青岛啤酒,50.99,50.99,51.0,51.54,51.03,51.3,50.43,6084715.0,308803594.0,-1.067,-0.55
600601,方正科技,12.43,12.43,12.44,11.6,11.74,12.59,11.7,181643217.0,2225031777.0,7.155,0.83
600602,云赛智联,18.37,18.36,18.37,18.09,18.2,18.44,18.1,23790789.0,435313745.0,1.548,0.28
600603,广汇物流,4.69,4.68,4.69,4.6,4.57,4.8,4.55,18165783.0,85018034.0,1.957,0.09
600604,市北高新,4.98,4.98,4.99,5.1,4.97,5.08,4.9,86017388.0,430355741.0,-2.353,-0.12
600605,汇通能源,26.56,26.55,26.56,26.41,26.94,26.98,26.26,3399379.0,90073600.0,0.568,0.15
600606,绿地控股,1.28,1.28,1.29,1.29,1.29,1.29,1.26,73055852.0,93418779.0,-0.775,-0.01
600609,金杯汽车,3.36,3.35,3.36,3.39,3.38,3.41,3.34,18281207.0,61517553.0,-0.885,-0.03
600610,中毅达,9.03,9.02,9.03,9.24,8.91,9.27,8.72,91741699.0,824668874.0,-2.273,-0.21
600611,大众交通,4.61,4.61,4.62,4.67,4.6,4.68,4.53,70234708.0,322470668.0,-1.285,-0.06
600612,老凤祥,32.95,32.95,32.96,34.81,32.31,33.19,32.25,5716835.0,186934307.0,-5.343,-1.86
600613,神奇制药,11.61,11.61,0.0,10.55,11.61,11.61,11.39,58363583.0,677314640.0,10.047,1.06
600615,鑫源智造,9.51,9.51,9.52,9.6,9.45,9.64,9.43,1680840.0,15983026.0,-0.938,-0.09
600616,金枫酒业,4.33,4.33,4.34,4.4,4.39,4.42,4.31,7568100.0,32940210.0,-1.591,-0.07
600617,国新能源,3.39,3.38,3.39,3.39,3.36,3.4,3.34,20033495.0,67538999.0,0.0,0.0
600618,氯碱化工,10.42,10.42,10.43,10.4,10.36,10.45,10.24,7099612.0,73503988.0,0.192,0.02
600619,海立股份,14.58,14.57,14.58,14.34,14.26,14.58,14.23,16282587.0,235821780.0,1.674,0.24
600620,天宸股份,4.49,4.49,4.5,4.5,4.46,4.52,4.44,4211500.0,18905700.0,-0.222,-0.01
600621,华鑫股份,13.52,13.51,13.52,13.23,13.21,13.57,13.18,20350936.0,273616531.0,2.192,0.29
600622,光大嘉宝,2.27,2.26,2.27,2.3,2.28,2.31,2.24,15907074.0,36015296.0,-1.304,-0.03
600623,华谊集团,8.6,8.59,8.6,8.35,8.37,8.7,8.27,20806100.0,177171359.0,2.994,0.25
600624,ST复华,4.26,4.26,4.27,4.26,4.27,4.38,4.24,4033073.0,17320954.0,0.0,0.0
600626,申达股份,3.65,3.65,3.66,3.69,3.67,3.68,3.53,16241900.0,58890789.0,-1.084,-0.04
600628,新世界,6.24,6.24,6.25,6.28,6.29,6.31,6.22,4866500.0,30432363.0,-0.637,-0.04
600629,华建集团,16.23,16.23,16.24,16.19,16.19,16.85,15.54,31198643.0,502294853.0,0.247,0.04
600630,龙头股份,6.86,6.85,6.86,6.88,6.82,6.91,6.81,8286389.0,56864257.0,-0.291,-0.02
600633,浙数文化,10.26,10.26,10.27,10.19,10.18,10.26,10.13,10655663.0,108678606.0,0.687,0.07
600635,大众公用,4.66,4.65,4.66,4.63,4.64,4.67,4.59,24269927.0,112554719.0,0.648,0.03
600637,东方明珠,8.31,8.31,8.32,8.35,8.34,8.35,8.25,33118312.0,274742967.0,-0.479,-0.04
600638,新黄浦,4.98,4.98,4.99,5.1,5.1,5.1,4.97,12137680.0,60978842.0,-2.353,-0.12
600639,浦东金桥,9.5,9.5,9.51,9.54,9.5,9.55,9.4,3139911.0,29717599.0,-0.419,-0.04
600640,国脉文化,10.66,10.65,10.66,10.68,10.65,10.72,10.55,4123110.0,43839534.0,-0.187,-0.02
600641,先导基电,34.0,34.0,0.0,30.91,31.05,34.0,30.92,59992137.0,1955765906.0,9.997,3.09
600642,申能股份,8.42,8.41,8.42,8.43,8.43,8.45,8.34,23291917.0,195343895.0,-0.119,-0.01
600643,爱建集团,4.14,4.13,4.14,4.14,4.12,4.17,4.05,20526439.0,84308971.0,0.0,0.0
600644,乐山电力,8.94,8.93,8.94,8.85,8.82,8.94,8.71,15449300.0,136753869.0,1.017,0.09
600645,中源协和,19.74,19.74,19.75,19.76,19.73,20.14,19.44,11311260.0,222463966.0,-0.101,-0.02
600648,外高桥,9.28,9.28,9.29,9.37,9.36,9.37,9.21,3308731.0,30684439.0,-0.961,-0.09
600649,城投控股,3.85,3.84,3.85,3.85,3.83,3.89,3.8,29263781.0,112428036.0,0.0,0.0
600650,锦江在线,10.67,10.67,10.68,10.76,10.64,10.75,10.56,3326900.0,35447479.0,-0.836,-0.09
600651,飞乐音响,5.67,5.66,5.67,5.64,5.64,5.7,5.61,12918917.0,73256798.0,0.532,0.03
600653,申华控股,1.73,1.72,1.73,1.73,1.73,1.74,1.7,20398209.0,35110657.0,0.0,0.0
600654,中安科,3.3,3.3,0.0,3.0,3.1,3.3,3.05,101254249.0,326401385.0,10.0,0.3
600655,豫园股份,4.64,4.64,4.65,4.68,4.64,4.7,4.6,11482600.0,53240539.0,-0.855,-0.04
600657,信达地产,2.64,2.63,2.64,2.67,2.66,2.68,2.61,18203700.0,48008739.0,-1.124,-0.03
600658,电子城,4.04,4.04,4.05,4.08,4.08,4.08,4.01,7653100.0,30928594.0,-0.98,-0.04
600660,福耀玻璃,56.8,56.8,56.81,57.2,56.92,57.3,56.32,7549156.0,427080192.0,-0.699,-0.4
600661,昂立教育,8.54,8.54,8.55,8.57,8.58,8.62,8.43,5069920.0,43158300.0,-0.35,-0.03
600662,外服控股,4.21,4.2,4.21,4.26,4.28,4.28,4.17,10474455.0,44089679.0,-1.174,-0.05
600663,陆家嘴,9.12,9.12,9.13,9.36,9.27,9.38,9.08,15167802.0,138778536.0,-2.564,-0.24
600664,哈药股份,8.75,8.75,8.76,8.18,8.3,8.8,8.22,377455397.0,3227714047.0,6.968,0.57
600665,天地源,3.51,3.5,3.51,3.5,3.48,3.52,3.43,10840741.0,37696928.0,0.286,0.01
600666,奥瑞德,3.62,3.61,3.62,3.45,3.44,3.78,3.43,207128180.0,752029742.0,4.928,0.17
600667,太极实业,20.14,20.14,20.15,19.63,19.3,20.3,19.24,222005748.0,4410749637.0,2.598,0.51
600668,尖峰集团,7.52,7.52,7.53,7.55,7.55,7.6,7.45,3975900.0,29877917.0,-0.397,-0.03
600671,天目药业,20.2,20.18,20.2,20.18,20.18,20.35,19.97,1326100.0,26734244.0,0.099,0.02
600673,东阳光,32.43,32.43,32.44,31.45,31.48,32.73,31.35,26593264.0,854603713.0,3.116,0.98
600674,川投能源,15.55,15.55,15.56,15.69,15.67,15.7,15.44,21468991.0,333746732.0,-0.892,-0.14
600675,中华企业,2.28,2.27,2.28,2.29,2.3,2.31,2.25,30242701.0,68878578.0,-0.437,-0.01
600676,久事动娱,6.8,6.79,6.8,6.78,6.8,6.88,6.75,6339901.0,43206726.0,0.295,0.02
600678,ST金顶,5.73,5.72,5.73,5.61,5.61,5.91,5.6,11531000.0,66429801.0,2.139,0.12
600679,上海凤凰,9.8,9.79,9.8,9.81,9.79,9.8,9.7,2783901.0,27166411.0,-0.102,-0.01
600681,百川能源,3.46,3.46,3.47,3.48,3.47,3.48,3.42,20048667.0,69166279.0,-0.575,-0.02
600682,南京新百,5.73,5.73,5.74,5.76,5.73,5.79,5.66,10045128.0,57382896.0,-0.521,-0.03
600683,京投发展,11.04,11.04,0.0,10.04,10.03,11.04,10.03,42532626.0,458229818.0,9.96,1.0
600684,珠江股份,3.73,3.72,3.73,3.63,3.63,3.8,3.61,22547224.0,83872963.0,2.755,0.1
600685,中船防务,26.2,26.19,26.2,25.86,25.79,26.25,25.66,8100956.0,210582323.0,1.315,0.34
600686,金龙汽车,11.28,11.28,11.29,11.16,11.01,11.35,11.0,12986716.0,144826622.0,1.075,0.12
600688,上海石化,2.88,2.87,2.88,2.86,2.86,2.89,2.83,63467802.0,181425207.0,0.699,0.02
600689,上海三毛,11.11,11.1,11.14,11.04,10.99,11.23,10.98,1819700.0,20232377.0,0.634,0.07
600690,海尔智家,21.12,21.11,21.12,21.15,21.02,21.2,20.96,28373885.0,597796979.0,-0.142,-0.03
600691,潞化科技,2.67,2.66,2.67,2.67,2.65,2.69,2.64,32080382.0,85478368.0,0.0,0.0
600692,亚通股份,6.44,6.44,6.45,6.43,6.46,6.48,6.38,6762228.0,43453481.0,0.156,0.01
600693,东百集团,9.35,9.34,9.35,8.9,8.91,9.77,8.77,71784152.0,672400781.0,5.056,0.45
600694,大商股份,14.49,14.49,14.5,14.66,14.65,14.68,14.38,3521394.0,50980589.0,-1.16,-0.17
600697,欧亚集团,10.88,10.88,10.9,11.01,11.04,11.07,10.83,2671300.0,29131974.0,-1.181,-0.13
600698,湖南天雁,7.34,7.33,7.34,7.18,7.18,7.38,7.15,40768515.0,297190811.0,2.228,0.16
600699,均胜电子,19.2,19.19,19.2,18.98,18.9,19.22,18.8,18098584.0,344464422.0,1.159,0.22
600702,舍得酒业,35.27,35.27,35.28,35.25,35.05,35.28,34.8,3876092.0,135884733.0,0.057,0.02
600703,三安光电,13.31,13.31,13.32,13.03,13.06,13.38,12.96,107142729.0,1417836438.0,2.149,0.28
600704,物产中大,4.96,4.96,4.97,4.98,4.98,4.98,4.91,36535738.0,180660800.0,-0.402,-0.02
600706,曲江文旅,8.06,8.05,8.06,8.14,8.05,8.14,8.02,6416220.0,51814275.0,-0.983,-0.08
600707,彩虹股份,9.51,9.51,9.52,9.16,9.24,9.54,9.21,104751880.0,984034792.0,3.821,0.35
600708,光明地产,3.07,3.07,3.08,3.06,3.04,3.08,3.03,10096110.0,30899287.0,0.327,0.01
600710,苏美达,10.57,10.56,10.57,10.52,10.52,10.59,10.4,6648045.0,69746594.0,0.475,0.05
600711,盛屯矿业,11.95,11.94,11.95,11.9,11.7,12.08,11.68,88393729.0,1054330420.0,0.42,0.05
600712,南宁百货,5.45,5.45,5.46,5.43,5.38,5.46,5.37,7432220.0,40339788.0,0.368,0.02
600713,南京医药,5.28,5.27,5.28,5.26,5.25,5.32,5.22,9194400.0,48555474.0,0.38,0.02
600714,金瑞矿业,17.38,17.38,17.39,17.32,16.9,17.5,16.55,43812339.0,743226788.0,0.346,0.06
600715,文投控股,1.61,1.6,1.61,1.6,1.6,1.61,1.58,18998500.0,30350254.0,0.625,0.01
600716,凤凰股份,3.66,3.66,3.67,3.64,3.64,3.68,3.58,6003200.0,21820466.0,0.549,0.02
600717,天津港,4.34,4.34,4.35,4.37,4.36,4.37,4.27,22312917.0,96406696.0,-0.686,-0.03
600718,东软集团,8.24,8.24,8.26,8.25,8.26,8.31,8.17,5417800.0,44617032.0,-0.121,-0.01
600719,大连热电,7.1,7.1,7.11,7.1,7.08,7.12,7.0,6908700.0,48825021.0,0.0,0.0
600720,中交设计,5.26,5.25,5.26,5.26,5.24,5.33,5.23,10069101.0,53101474.0,0.0,0.0
600721,百花医药,16.68,16.68,0.0,15.16,16.22,16.68,15.61,167090183.0,2746713034.0,10.026,1.52
600722,金牛化工,13.88,13.88,13.89,14.14,13.58,14.35,13.57,120676283.0,1681292940.0,-1.839,-0.26
600724,宁波富达,5.13,5.13,5.14,5.12,5.12,5.17,5.08,5703002.0,29177166.0,0.195,0.01
600725,云维股份,3.38,3.38,3.39,3.31,3.32,3.4,3.28,19674949.0,66035474.0,2.115,0.07
600726,华电能源,5.67,5.67,5.68,5.79,5.68,5.69,5.55,107288456.0,604189255.0,-2.073,-0.12
600727,鲁北化工,7.61,7.6,7.61,7.6,7.56,7.65,7.51,12752100.0,96652718.0,0.132,0.01
600728,佳都科技,4.73,4.73,4.74,4.65,4.65,4.77,4.64,20562012.0,96875962.0,1.72,0.08
600729,重百集团,19.23,19.23,19.24,19.49,19.4,19.55,19.2,2389541.0,46061142.0,-1.334,-0.26
600730,*ST高科,10.37,10.37,0.0,9.43,9.46,10.37,9.4,14314648.0,142460046.0,9.968,0.94
600731,湖南海利,5.89,5.88,5.89,5.88,5.89,5.91,5.84,4677490.0,27486169.0,0.17,0.01
600732,爱旭股份,11.4,11.39,11.4,11.41,11.33,11.41,11.16,18454936.0,208408011.0,-0.088,-0.01
600733,北汽蓝谷,5.11,5.1,5.11,5.08,5.1,5.24,5.05,71584772.0,366192492.0,0.591,0.03
600734,*ST实达,1.71,1.7,1.71,1.72,1.71,1.73,1.69,37102400.0,63335037.0,-0.581,-0.01
600735,ST新华锦,6.05,6.04,6.05,6.1,6.12,6.18,6.04,2722000.0,16547169.0,-0.82,-0.05
600736,苏州高新,6.99,6.98,6.99,6.86,6.9,7.03,6.86,32087018.0,223272590.0,1.895,0.13
600737,中粮糖业,15.33,15.33,15.34,14.55,14.8,15.75,14.77,98247632.0,1488675586.0,5.361,0.78
600738,丽尚国潮,4.12,4.11,4.12,4.15,4.15,4.17,4.1,7820400.0,32281229.0,-0.723,-0.03
600739,辽宁成大,11.24,11.24,11.25,11.05,10.98,11.26,10.96,20609605.0,228493061.0,1.719,0.19
600740,山西焦化,3.9,3.89,3.9,3.83,3.82,3.92,3.81,41060248.0,159040870.0,1.828,0.07
600741,华域汽车,15.32,15.32,15.33,15.42,15.45,15.46,15.23,13726158.0,210401788.0,-0.649,-0.1
600742,富维股份,7.75,7.74,7.75,7.76,7.76,7.78,7.7,3123837.0,24169923.0,-0.129,-0.01
600743,华远控股,2.32,2.32,2.33,2.3,2.3,2.35,2.29,26211600.0,60818478.0,0.87,0.02
600744,华银电力,6.48,6.48,6.49,6.7,6.56,6.57,6.38,96005311.0,619589155.0,-3.284,-0.22
600745,*ST闻泰,19.11,19.11,19.12,18.49,18.88,19.5,18.51,66108830.0,1260821409.0,3.353,0.62
600746,江苏索普,6.88,6.88,6.9,6.86,6.86,6.94,6.8,17698718.0,121845117.0,0.292,0.02
600748,上实发展,3.85,3.84,3.85,3.86,3.85,3.87,3.8,10826040.0,41561047.0,-0.259,-0.01
600749,西藏旅游,14.67,14.67,14.68,14.9,14.6,14.98,14.58,14150701.0,208431629.0,-1.544,-0.23
600750,华润江中,24.02,24.02,24.03,23.5,23.5,24.05,23.39,3987219.0,94567059.0,2.213,0.52
600751,海航科技,3.09,3.09,3.1,3.11,3.11,3.12,3.04,33138304.0,102033668.0,-0.643,-0.02
600753,ST海钦,9.83,9.81,9.83,9.88,9.92,9.92,9.75,819000.0,8038282.0,-0.506,-0.05
600754,锦江酒店,19.2,19.2,19.21,19.12,19.08,19.22,18.91,7240068.0,138313649.0,0.418,0.08
600755,厦门国贸,5.72,5.72,5.73,5.78,5.78,5.78,5.66,17957962.0,102570450.0,-1.038,-0.06
600756,浪潮软件,14.35,14.35,14.36,14.27,14.27,14.49,14.19,7482582.0,107359682.0,0.561,0.08
600757,长江传媒,7.27,7.27,7.28,7.72,7.61,7.61,7.16,27989274.0,203983537.0,-5.829,-0.45
600758,辽宁能源,3.57,3.57,3.58,3.54,3.5,3.59,3.48,63297026.0,225035697.0,0.847,0.03
600759,ST洲际,2.57,2.56,2.57,2.57,2.57,2.6,2.53,109707603.0,281299394.0,0.0,0.0
600760,中航沈飞,45.13,45.13,45.14,44.87,44.63,45.88,44.49,15455868.0,698416546.0,0.579,0.26
600761,安徽合力,16.37,16.36,16.37,16.23,16.21,16.44,16.06,11916450.0,193492973.0,0.863,0.14
600763,通策医疗,35.1,35.1,35.11,35.49,35.36,35.59,34.82,7745727.0,271284595.0,-1.099,-0.39
600764,中国海防,17.78,17.78,17.79,17.7,17.68,17.8,17.5,3870150.0,68480055.0,0.452,0.08
600765,中航重机,13.54,13.53,13.54,13.34,13.33,13.58,13.28,12752558.0,171189683.0,1.499,0.2
600768,富邦新材,15.13,15.11,15.13,15.3,15.28,15.28,15.03,3103300.0,46986005.0,-1.111,-0.17
600769,祥龙电业,15.09,15.09,15.1,14.94,15.0,15.3,14.74,9132600.0,137325696.0,1.004,0.15
600770,综艺股份,5.18,5.17,5.18,5.08,5.08,5.18,5.06,17676431.0,90868079.0,1.969,0.1
600771,广誉远,13.92,13.92,13.93,13.74,13.67,14.05,13.65,8166558.0,113346501.0,1.31,0.18
600773,西藏城投,10.79,10.78,10.79,10.72,10.64,10.89,10.59,16682300.0,179456548.0,0.653,0.07
600774,汉商集团,7.61,7.61,7.62,7.44,7.44,7.72,7.32,4780830.0,35946302.0,2.285,0.17
600775,南京熊猫,9.64,9.63,9.64,9.53,9.41,9.65,9.41,10459447.0,100420780.0,1.154,0.11
600776,东方通信,13.01,13.0,13.01,12.74,12.73,13.15,12.68,18557994.0,241298044.0,2.119,0.27
600777,新潮能源,4.11,4.11,4.12,4.12,4.09,4.17,4.04,29623490.0,121742518.0,-0.243,-0.01
600778,友好集团,5.56,5.56,5.57,5.59,5.56,5.6,5.49,5948500.0,32978931.0,-0.537,-0.03
600779,水井坊,26.97,26.97,26.98,27.14,27.14,27.14,26.8,1605401.0,43204785.0,-0.626,-0.17
600780,通宝能源,5.91,5.9,5.91,5.95,5.95,5.95,5.87,6546100.0,38624052.0,-0.672,-0.04
600782,新钢股份,2.86,2.86,2.87,2.9,2.89,2.9,2.79,68841600.0,195788687.0,-1.379,-0.04
600783,鲁信创投,16.15,16.14,16.15,16.18,16.15,16.44,16.03,17049099.0,276275799.0,-0.185,-0.03
600784,鲁银投资,7.89,7.89,7.9,7.84,7.8,7.93,7.71,8921650.0,69958993.0,0.638,0.05
600785,新华百货,11.65,11.65,11.66,11.42,11.0,12.16,11.0,69570778.0,810610746.0,2.014,0.23
600787,中储股份,4.62,4.61,4.62,4.69,4.67,4.68,4.55,25076100.0,115450079.0,-1.493,-0.07
600789,鲁抗医药,7.47,7.46,7.47,7.4,7.4,7.5,7.38,17801088.0,132414855.0,0.946,0.07
600790,轻纺城,3.38,3.38,3.39,3.43,3.42,3.43,3.37,14309411.0,48612763.0,-1.458,-0.05
600791,京能置业,7.53,7.53,7.54,7.42,7.33,7.59,7.3,11514200.0,86147031.0,1.482,0.11
600792,云煤能源,3.89,3.88,3.89,3.85,3.85,3.92,3.81,20562700.0,79734995.0,1.039,0.04
600793,宜宾纸业,14.54,14.53,14.54,14.53,14.27,14.67,14.27,6212505.0,90055540.0,0.069,0.01
600794,保税科技,3.23,3.22,3.23,3.24,3.24,3.25,3.2,9786641.0,31525444.0,-0.309,-0.01
600795,国电电力,5.23,5.23,5.24,5.23,5.22,5.25,5.15,106821246.0,555877257.0,0.0,0.0
600796,钱江生化,5.13,5.13,5.14,5.2,5.19,5.19,5.08,7072800.0,36230061.0,-1.346,-0.07
600797,浙大网新,6.8,6.8,6.81,6.77,6.77,6.8,6.73,11785060.0,79839597.0,0.443,0.03
600798,宁波海运,3.29,3.29,3.3,3.31,3.3,3.32,3.26,13189600.0,43330423.0,-0.604,-0.02
600800,渤海化学,3.52,3.51,3.52,3.44,3.44,3.52,3.43,26342213.0,91935472.0,2.326,0.08
600801,华新建材,23.94,23.93,23.94,23.88,23.86,23.97,23.6,4615240.0,109972224.0,0.251,0.06
600802,福建水泥,4.71,4.71,4.72,4.72,4.67,4.73,4.66,4595576.0,21606184.0,-0.212,-0.01
600803,新奥股份,17.59,17.58,17.59,17.44,17.44,17.62,17.31,6298200.0,110097298.0,0.86,0.15
600805,悦达投资,4.64,4.64,4.65,4.68,4.65,4.66,4.59,8814112.0,40735644.0,-0.855,-0.04
600807,济高发展,2.67,2.66,2.67,2.66,2.66,2.68,2.64,12158489.0,32382072.0,0.376,0.01
600808,马钢股份,2.62,2.62,2.63,2.67,2.65,2.67,2.58,66035401.0,172851984.0,-1.873,-0.05
600809,山西汾酒,116.39,116.39,116.4,117.09,117.1,117.2,115.58,3279557.0,380724817.0,-0.598,-0.7
600810,神马股份,6.57,6.56,6.57,6.45,6.45,6.58,6.42,10608629.0,69103686.0,1.86,0.12
600812,华北制药,4.95,4.94,4.95,4.89,4.85,4.96,4.84,19385917.0,95295598.0,1.227,0.06
600814,杭州解百,6.8,6.8,6.81,6.84,6.83,6.85,6.75,3906020.0,26548336.0,-0.585,-0.04
600815,厦工股份,4.05,4.05,4.06,3.83,3.83,4.05,3.74,83898600.0,322017588.0,5.744,0.22
600816,建元信托,2.56,2.55,2.56,2.54,2.53,2.57,2.52,73811763.0,188218473.0,0.787,0.02
600817,宇通重工,9.8,9.8,9.81,9.92,9.99,9.99,9.78,3183053.0,31295466.0,-1.21,-0.12
600818,ST中路,7.48,7.46,7.48,7.38,7.28,7.53,7.28,3316200.0,24642701.0,1.355,0.1
600819,耀皮玻璃,5.6,5.6,5.61,5.74,5.7,5.71,5.53,11318687.0,63222694.0,-2.439,-0.14
600820,隧道股份,5.44,5.43,5.44,5.49,5.48,5.48,5.38,21813200.0,118288535.0,-0.911,-0.05
600821,金开新能,6.02,6.01,6.02,6.01,5.93,6.03,5.88,58771026.0,351210600.0,0.166,0.01
600822,上海物贸,8.45,8.45,8.46,8.53,8.54,8.58,8.42,2674400.0,22691310.0,-0.938,-0.08
600824,益民集团,3.65,3.64,3.65,3.66,3.63,3.69,3.59,15803100.0,57636059.0,-0.273,-0.01
600825,新华传媒,5.06,5.05,5.06,5.02,4.99,5.07,4.98,7311851.0,36874773.0,0.797,0.04
600826,兰生股份,7.75,7.75,7.76,8.03,8.03,8.03,7.72,9423850.0,73476939.0,-3.487,-0.28
600827,百联股份,7.7,7.7,7.71,7.71,7.68,7.74,7.61,10826463.0,83019403.0,-0.13,-0.01
600828,茂业商业,4.02,4.01,4.02,3.96,3.95,4.05,3.93,13026242.0,52200283.0,1.515,0.06
600829,人民同泰,10.58,10.58,10.59,10.18,10.13,10.77,10.13,43376438.0,455979073.0,3.929,0.4
600830,香溢融通,8.45,8.45,8.46,8.49,8.47,8.5,8.34,5739943.0,48216535.0,-0.471,-0.04
600831,广电网络,3.33,3.33,3.34,3.37,3.35,3.36,3.26,17826600.0,58909889.0,-1.187,-0.04
600833,第一医药,10.89,10.89,10.9,10.83,10.85,11.11,10.76,8895400.0,96980050.0,0.554,0.06
600834,申通地铁,7.52,7.52,7.53,7.57,7.58,7.58,7.46,2182500.0,16368449.0,-0.661,-0.05
600835,上海机电,18.14,18.14,18.15,17.96,17.95,18.18,17.82,3046099.0,54856887.0,1.002,0.18
600838,上海九百,8.32,8.31,8.32,8.31,8.1,8.4,8.1,33042911.0,273781589.0,0.12,0.01
600839,四川长虹,7.02,7.02,7.03,6.98,6.93,7.08,6.91,69259139.0,484686172.0,0.573,0.04
600841,动力新科,5.77,5.76,5.77,5.73,5.72,5.79,5.59,10052800.0,57437194.0,0.698,0.04
600843,上工申贝,7.05,7.05,7.06,7.07,7.07,7.08,6.99,5251490.0,36931357.0,-0.283,-0.02
600844,金煤科技,3.63,3.63,3.64,3.65,3.6,3.7,3.6,65532300.0,239152663.0,-0.548,-0.02
600845,宝信软件,17.47,17.47,17.48,17.45,17.49,17.49,17.19,11597180.0,201296423.0,0.115,0.02
600846,同济科技,11.84,11.84,11.85,11.78,11.9,11.99,11.74,2355599.0,28017388.0,0.509,0.06
600847,万里股份,12.84,12.84,12.85,12.87,12.74,13.0,12.62,1844200.0,23651736.0,-0.233,-0.03
600848,上海临港,8.69,8.69,8.7,8.77,8.8,8.95,8.59,11177719.0,97471266.0,-0.912,-0.08
600850,电科数字,14.66,14.65,14.66,14.54,14.6,14.69,14.49,7266286.0,106002316.0,0.825,0.12
600851,海欣股份,8.7,8.7,8.71,8.59,8.62,8.94,8.62,10869900.0,95242191.0,1.281,0.11
600853,龙建股份,3.34,3.34,3.35,3.37,3.37,3.37,3.3,8906616.0,29681263.0,-0.89,-0.03
600854,春兰股份,4.6,4.6,4.61,4.69,4.65,4.65,4.57,7384173.0,34000856.0,-1.919,-0.09
600855,航天长峰,12.2,12.19,12.2,12.06,12.05,12.2,11.96,4560738.0,55326582.0,1.161,0.14
600857,宁波中百,20.37,20.36,20.37,19.94,19.95,20.71,19.5,3432000.0,69444505.0,2.156,0.43
600858,银座股份,4.89,4.88,4.89,4.92,4.92,4.94,4.86,5908800.0,28938983.0,-0.61,-0.03
600859,王府井,9.96,9.96,9.97,10.02,9.98,10.04,9.89,8425578.0,83866033.0,-0.599,-0.06
600860,京城股份,8.43,8.43,8.44,8.43,8.39,8.51,8.35,6763700.0,57095881.0,0.0,0.0
600861,北京人力,13.02,13.02,13.03,13.16,13.17,13.18,12.94,1917300.0,24959513.0,-1.064,-0.14
600862,中航高科,17.6,17.6,17.61,17.53,17.54,17.62,17.37,7812613.0,136806070.0,0.399,0.07
600863,华能蒙电,4.72,4.71,4.72,4.71,4.68,4.72,4.64,76069359.0,356314730.0,0.212,0.01
600864,哈投股份,5.86,5.85,5.86,5.77,5.77,5.94,5.68,107771679.0,627856046.0,1.56,0.09
600865,百大集团,8.91,8.9,8.91,8.85,8.86,8.96,8.78,4898601.0,43572515.0,0.678,0.06
600866,星湖科技,4.36,4.35,4.36,4.32,4.33,4.37,4.28,16251200.0,70366516.0,0.926,0.04
600867,通化东宝,8.16,8.15,8.16,8.12,8.1,8.17,8.07,19350780.0,157129990.0,0.493,0.04
600868,梅雁吉祥,2.87,2.86,2.87,2.87,2.85,2.88,2.81,49421768.0,140767336.0,0.0,0.0
600869,远东股份,17.95,17.94,17.95,17.32,17.04,18.19,16.91,266454117.0,4729559121.0,3.637,0.63
600871,石化油服,2.26,2.26,2.27,2.23,2.22,2.27,2.2,123090560.0,275810747.0,1.345,0.03
600872,中炬高新,18.31,18.31,18.32,18.46,18.41,18.54,18.21,7912600.0,144911829.0,-0.813,-0.15
600873,梅花生物,7.79,7.78,7.79,7.87,7.85,7.86,7.65,39351500.0,304227271.0,-1.017,-0.08
600874,创业环保,5.57,5.56,5.57,5.62,5.59,5.62,5.52,10211486.0,56726793.0,-0.89,-0.05
600875,东方电气,25.95,25.95,25.96,25.76,25.59,25.96,25.35,28937792.0,744268999.0,0.738,0.19
600876,凯盛新能,7.05,7.04,7.05,7.18,7.12,7.15,6.94,2943598.0,20662597.0,-1.811,-0.13
600877,电科芯片,12.26,12.26,12.27,12.02,12.05,12.31,12.01,10508350.0,128142466.0,1.997,0.24
600879,航天电子,14.41,14.4,14.41,14.23,14.23,14.43,14.17,47970472.0,688433269.0,1.265,0.18
600880,博瑞传播,3.92,3.92,3.93,3.9,3.87,3.94,3.86,14831923.0,57917330.0,0.513,0.02
600881,亚泰集团,2.06,2.05,2.06,1.97,1.97,2.09,1.96,193982834.0,394928128.0,4.569,0.09
600882,妙可蓝多,20.58,20.57,20.58,20.26,20.22,20.7,20.14,4681600.0,95583637.0,1.579,0.32
600883,博闻科技,7.97,7.96,7.97,7.93,7.86,8.06,7.81,5712100.0,45318910.0,0.504,0.04
600884,杉杉股份,12.15,12.15,12.16,12.18,12.12,12.18,11.93,44575316.0,537083353.0,-0.246,-0.03
600885,宏发股份,34.02,34.02,34.03,34.52,34.37,34.59,33.62,14315139.0,485462747.0,-1.448,-0.5
600886,国投电力,13.91,13.91,13.92,14.05,14.04,14.05,13.8,20854327.0,289735831.0,-0.996,-0.14
600887,伊利股份,26.45,26.45,26.46,26.1,25.72,26.78,25.72,141859043.0,3738189313.0,1.341,0.35
600888,新疆众和,10.54,10.54,10.55,10.41,10.29,10.66,10.29,53470882.0,560742824.0,1.249,0.13
600889,*ST京化,13.41,13.41,13.42,13.36,13.41,13.44,13.29,1143304.0,15295754.0,0.374,0.05
600892,大晟文化,3.99,3.98,3.99,4.05,4.01,4.14,3.97,29481000.0,118909665.0,-1.481,-0.06
600893,航发动力,37.6,37.59,37.6,36.7,36.72,37.69,36.35,29663650.0,1103710136.0,2.452,0.9
600894,广日股份,7.31,7.31,7.32,7.28,7.25,7.34,7.18,8378311.0,60834036.0,0.412,0.03
600895,张江高科,30.68,30.68,30.69,30.2,30.18,30.75,30.05,18203989.0,556183198.0,1.589,0.48
600897,厦门空港,14.68,14.68,14.71,14.75,14.6,14.73,14.5,1608800.0,23517037.0,-0.475,-0.07
600900,长江电力,28.1,28.09,28.1,28.24,28.19,28.28,27.9,94775418.0,2658024415.0,-0.496,-0.14
600901,江苏金租,6.54,6.54,6.55,6.63,6.59,6.6,6.48,33446551.0,218354362.0,-1.357,-0.09
600903,贵州燃气,6.21,6.21,6.22,6.35,6.22,6.25,6.05,35917880.0,221285054.0,-2.205,-0.14
600905,三峡能源,3.72,3.72,3.73,3.74,3.74,3.74,3.7,61168656.0,227465234.0,-0.535,-0.02
600906,财达证券,6.71,6.71,6.72,6.57,6.54,6.82,6.53,56126389.0,374773096.0,2.131,0.14
600908,无锡银行,5.54,5.54,5.55,5.53,5.55,5.59,5.46,19736800.0,109156096.0,0.181,0.01
600909,华安证券,8.42,8.41,8.42,8.34,8.28,8.44,8.26,151573245.0,1266341489.0,0.959,0.08
600916,中国黄金,8.14,8.13,8.14,7.97,7.88,8.29,7.84,77360793.0,629821365.0,2.133,0.17
600917,重庆燃气,4.8,4.79,4.8,4.85,4.84,4.86,4.76,7548516.0,36163769.0,-1.031,-0.05
600918,中泰证券,5.79,5.79,5.8,5.8,5.77,5.88,5.71,68350971.0,395504584.0,-0.172,-0.01
600919,江苏银行,12.07,12.06,12.07,12.16,12.12,12.17,12.0,96937186.0,1169361606.0,-0.74,-0.09
600925,苏能股份,4.37,4.37,4.39,4.38,4.37,4.4,4.34,9981888.0,43620535.0,-0.228,-0.01
600926,杭州银行,16.8,16.8,16.81,16.8,16.83,16.88,16.49,48641058.0,810449860.0,0.0,0.0
600927,永安期货,13.24,13.24,13.25,13.08,13.0,13.28,12.92,9997400.0,131171499.0,1.223,0.16
600928,西安银行,3.59,3.59,3.6,3.63,3.62,3.64,3.54,24695200.0,88451516.0,-1.102,-0.04
600929,雪天盐业,5.49,5.49,5.5,5.37,5.32,5.54,5.32,20687800.0,112587374.0,2.235,0.12
600930,华电新能,3.94,3.94,3.95,4.0,3.97,3.97,3.91,118140869.0,464665436.0,-1.5,-0.06
600933,爱柯迪,13.88,13.88,13.89,13.93,13.9,13.99,13.8,5956800.0,82772224.0,-0.359,-0.05
600935,华塑股份,2.31,2.3,2.31,2.32,2.31,2.32,2.29,13327500.0,30673324.0,-0.431,-0.01
600936,北投科技,5.01,5.01,5.02,5.06,5.02,5.07,4.95,59421847.0,297240400.0,-0.988,-0.05
600938,中国海油,33.82,33.82,33.83,33.33,33.32,33.99,33.1,42094612.0,1416283396.0,1.47,0.49
600939,重庆建工,2.61,2.61,2.62,2.67,2.67,2.67,2.57,15393700.0,40126325.0,-2.247,-0.06
600941,中国移动,98.04,98.03,98.04,98.45,98.27,98.45,97.18,5773901.0,564227414.0,-0.416,-0.41
600955,维远股份,12.73,12.72,12.73,12.68,12.68,12.78,12.56,2502472.0,31718871.0,0.394,0.05
600956,新天绿能,7.17,7.17,7.18,7.19,7.21,7.22,7.03,9779352.0,69823662.0,-0.278,-0.02
600958,东方证券,9.19,9.18,9.19,9.13,9.11,9.2,9.08,57354676.0,524780371.0,0.657,0.06
600959,江苏有线,3.07,3.07,3.08,3.08,3.07,3.07,3.03,24263043.0,74053935.0,-0.325,-0.01
600960,渤海汽车,4.06,4.06,4.07,4.1,4.1,4.14,4.03,7738700.0,31385307.0,-0.976,-0.04
600961,株冶集团,27.61,27.61,27.62,26.61,26.25,28.08,26.25,51489471.0,1410861563.0,3.758,1.0
600962,国投中鲁,25.34,25.34,25.35,26.1,26.49,26.49,24.96,10132076.0,256193358.0,-2.912,-0.76
600963,岳阳林纸,3.51,3.51,3.52,3.47,3.44,3.55,3.4,57384997.0,199164296.0,1.153,0.04
600965,*ST福成,2.87,2.86,2.87,2.77,2.76,2.91,2.75,9704200.0,27483688.0,3.61,0.1
600966,博汇纸业,4.99,4.98,4.99,5.09,5.07,5.08,4.9,20125700.0,100090862.0,-1.965,-0.1
600967,内蒙一机,11.23,11.23,11.24,11.08,11.1,11.3,11.01,15458000.0,173473586.0,1.354,0.15
600968,海油发展,3.98,3.97,3.98,3.9,3.87,3.99,3.86,48237563.0,189129841.0,2.051,0.08
600969,郴电国际,10.45,10.45,0.0,9.5,9.48,10.45,9.28,36740346.0,367645166.0,10.0,0.95
600970,中材国际,7.61,7.61,7.62,7.75,7.7,7.72,7.5,24154962.0,183046118.0,-1.806,-0.14
600971,恒源煤电,8.96,8.96,8.97,8.91,8.84,9.01,8.77,17398051.0,154921884.0,0.561,0.05
600973,宝胜股份,6.27,6.27,6.28,6.25,6.24,6.28,6.14,14066451.0,87644802.0,0.32,0.02
600975,新五丰,5.09,5.09,5.1,5.05,5.02,5.11,5.02,15694759.0,79692110.0,0.792,0.04
600976,健民集团,27.72,27.72,27.73,27.7,27.69,27.81,27.37,1728925.0,47686248.0,0.072,0.02
600977,中国电影,12.18,12.17,12.18,12.22,12.24,12.24,12.1,14974492.0,182062336.0,-0.327,-0.04
600979,广安爱众,3.96,3.95,3.96,3.97,3.95,3.97,3.92,17189698.0,67734110.0,-0.252,-0.01
600980,北矿科技,20.33,20.33,20.34,19.75,19.68,20.46,19.62,3121100.0,62821956.0,2.937,0.58
600981,苏豪汇鸿,2.49,2.49,2.5,2.49,2.48,2.52,2.47,16180000.0,40290146.0,0.0,0.0
600982,宁波能源,4.84,4.84,4.85,4.86,4.84,4.86,4.79,12670600.0,61134529.0,-0.412,-0.02
600983,惠而浦,7.65,7.65,7.66,7.73,7.73,7.73,7.51,3324500.0,25256118.0,-1.035,-0.08
600984,建设机械,4.31,4.3,4.31,4.66,4.47,4.52,4.28,132415658.0,575416379.0,-7.511,-0.35
600985,淮北矿业,18.13,18.12,18.13,17.67,17.53,18.32,17.53,27363869.0,494633984.0,2.603,0.46
600986,浙文互联,7.21,7.21,7.22,7.11,7.11,7.3,7.07,40053479.0,288682907.0,1.406,0.1
600987,航民股份,6.6,6.59,6.6,6.63,6.6,6.62,6.56,3278339.0,21602456.0,-0.452,-0.03
600988,赤峰黄金,48.22,48.21,48.22,46.85,46.68,49.46,46.63,72165388.0,3478028219.0,2.924,1.37
600989,宝丰能源,24.0,23.99,24.0,23.11,23.08,24.13,23.07,73298367.0,1735750596.0,3.851,0.89
600990,四创电子,18.45,18.45,18.46,18.08,18.08,18.55,17.93,2579687.0,47190629.0,2.046,0.37
600992,贵绳股份,9.75,9.75,9.76,9.78,9.71,9.83,9.64,4137600.0,40367582.0,-0.307,-0.03
600993,马应龙,23.53,23.53,23.54,23.18,23.15,23.7,23.13,6859350.0,161211837.0,1.51,0.35
600995,南网储能,12.42,12.42,12.43,12.39,12.39,12.42,12.22,10526518.0,129638414.0,0.242,0.03
600996,贵广网络,6.78,6.78,6.79,6.77,6.75,6.85,6.69,12841022.0,86852939.0,0.148,0.01
600997,开滦股份,5.84,5.84,5.85,5.72,5.76,5.89,5.68,13842383.0,80437810.0,2.098,0.12
600998,九州通,4.94,4.93,4.94,4.94,4.94,4.98,4.87,30155670.0,148259760.0,0.0,0.0
600999,招商证券,18.65,18.65,18.66,18.58,18.5,18.78,18.41,96125855.0,1786824746.0,0.377,0.07
601000,唐山港,4.52,4.52,4.53,4.59,4.59,4.61,4.5,48178549.0,218200665.0,-1.525,-0.07
601001,晋控煤业,18.77,18.76,18.77,18.13,18.02,18.98,18.0,18455346.0,342749447.0,3.53,0.64
601002,晋亿实业,5.26,5.26,5.27,5.33,5.38,5.43,5.22,18972282.0,100273222.0,-1.313,-0.07
601003,柳钢股份,3.68,3.68,3.69,3.71,3.7,3.71,3.63,15454582.0,56682209.0,-0.809,-0.03
601005,重庆钢铁,1.21,1.2,1.21,1.21,1.21,1.21,1.19,55606100.0,66810076.0,0.0,0.0
601006,大秦铁路,4.76,4.76,4.77,4.79,4.79,4.79,4.71,107501193.0,510323334.0,-0.626,-0.03
601007,金陵饭店,6.88,6.87,6.88,6.96,6.92,6.93,6.84,5579500.0,38369963.0,-1.149,-0.08
601008,连云港,4.43,4.42,4.43,4.47,4.45,4.49,4.4,12314625.0,54596747.0,-0.895,-0.04
601009,南京银行,11.62,11.62,11.63,11.72,11.69,11.72,11.5,52718362.0,611177368.0,-0.853,-0.1
601010,ST文峰,1.46,1.45,1.46,1.45,1.45,1.47,1.44,15332200.0,22281750.0,0.69,0.01
601011,宝泰隆,3.01,3.0,3.01,2.92,2.9,3.06,2.9,93694478.0,281135770.0,3.082,0.09
601012,隆基绿能,12.15,12.14,12.15,12.28,12.21,12.24,11.96,70754302.0,854901524.0,-1.059,-0.13
601015,陕西黑猫,3.71,3.71,3.72,3.59,3.57,3.75,3.57,99088364.0,366175494.0,3.343,0.12
601016,节能风电,3.41,3.4,3.41,3.42,3.41,3.42,3.37,78390329.0,266093535.0,-0.292,-0.01
601018,宁波港,3.44,3.44,3.45,3.49,3.48,3.49,3.4,69893200.0,240289307.0,-1.433,-0.05
601019,山东出版,6.69,6.68,6.69,6.79,6.78,6.79,6.6,15110100.0,100628901.0,-1.473,-0.1
601020,华钰矿业,22.63,22.62,22.63,22.29,21.86,22.94,21.85,34441544.0,779058747.0,1.525,0.34
601021,春秋航空,43.99,43.99,44.0,44.31,44.0,44.2,43.8,3150242.0,138373519.0,-0.722,-0.32
601022,宁波远洋,8.31,8.31,8.32,8.32,8.28,8.38,8.23,5731500.0,47632044.0,-0.12,-0.01
601026,道生天合,15.58,15.57,15.58,15.48,15.37,15.58,15.17,5120969.0,78849128.0,0.646,0.1
601033,永兴股份,14.32,14.32,14.33,14.34,14.34,14.4,14.17,2807791.0,40019997.0,-0.139,-0.02
601038,一拖股份,14.32,14.31,14.32,14.33,14.19,14.38,13.91,28775797.0,407057690.0,-0.07,-0.01
601058,赛轮轮胎,13.99,13.98,13.99,13.94,13.88,14.03,13.71,19756896.0,273577800.0,0.359,0.05
601059,信达证券,16.88,16.87,16.88,16.75,16.66,16.89,16.62,11094500.0,186196601.0,0.776,0.13
601061,中信金属,11.92,11.92,11.93,12.02,11.9,12.01,11.74,17595100.0,209370299.0,-0.832,-0.1
601065,江盐集团,6.9,6.89,6.9,6.92,6.9,6.92,6.85,3155600.0,21697872.0,-0.289,-0.02
601066,中信建投,25.78,25.78,25.79,25.27,25.27,25.79,25.0,28701724.0,732765037.0,2.018,0.51
601068,中铝国际,4.57,4.57,4.58,4.6,4.6,4.6,4.52,8931000.0,40739085.0,-0.652,-0.03
601069,西部黄金,30.71,30.7,30.71,30.54,30.34,31.8,30.1,39294733.0,1216456106.0,0.557,0.17
601077,渝农商行,6.86,6.86,6.87,6.89,6.87,6.92,6.78,52965246.0,362479274.0,-0.435,-0.03
601083,锦江航运,13.23,13.23,13.24,12.89,12.81,13.29,12.78,20352162.0,265237569.0,2.638,0.34
601086,国芳集团,7.58,7.58,7.59,7.49,7.49,7.64,7.41,8140800.0,61726839.0,1.202,0.09
601088,中国神华,47.8,47.8,47.81,47.26,47.05,48.0,47.04,21724366.0,1033637331.0,1.143,0.54
601089,福元医药,16.39,16.38,16.39,16.44,16.35,16.47,16.18,2769260.0,45181275.0,-0.304,-0.05
601096,宏盛华源,4.21,4.2,4.21,4.23,4.24,4.25,4.16,15096032.0,63238904.0,-0.473,-0.02
601098,中南传媒,9.89,9.89,9.9,9.9,9.88,9.9,9.74,13741401.0,135031593.0,-0.101,-0.01
601099,太平洋,3.6,3.6,3.61,3.51,3.51,3.64,3.5,306842078.0,1098455003.0,2.564,0.09
601100,恒立液压,103.0,103.0,103.08,97.15,97.15,103.36,96.17,10904356.0,1104607410.0,6.022,5.85
601101,昊华能源,14.22,14.22,14.23,13.33,13.39,14.54,13.34,65471477.0,911301521.0,6.677,0.89
601106,中国一重,3.08,3.07,3.08,3.1,3.08,3.11,3.05,40079489.0,123069313.0,-0.645,-0.02
601107,四川成渝,5.86,5.85,5.86,5.92,5.91,5.95,5.77,11269382.0,65841779.0,-1.014,-0.06
601108,财通证券,8.83,8.83,8.84,8.67,8.64,8.86,8.62,79247673.0,693725389.0,1.845,0.16
601111,中国国航,5.88,5.87,5.88,5.96,5.93,5.93,5.86,59745733.0,351632759.0,-1.342,-0.08
601112,振石股份,15.45,15.45,15.46,15.3,15.3,15.46,15.18,3481875.0,53467370.0,0.98,0.15
601113,华鼎股份,3.48,3.48,3.49,3.49,3.47,3.52,3.45,9743000.0,33830827.0,-0.287,-0.01
601116,三江购物,10.78,10.78,10.79,10.88,10.8,10.9,10.65,12678592.0,136721993.0,-0.919,-0.1
601117,中国化学,7.61,7.61,7.62,7.58,7.55,7.62,7.51,53966024.0,408212875.0,0.396,0.03
601118,海南橡胶,6.49,6.49,6.5,6.56,6.56,6.76,6.31,181960215.0,1185884403.0,-1.067,-0.07
601121,宝地矿业,7.42,7.41,7.42,7.51,7.44,7.51,7.39,14307500.0,106323384.0,-1.198,-0.09
601126,四方股份,43.22,43.22,43.23,43.74,43.5,43.84,41.8,29379312.0,1255355417.0,-1.189,-0.52
601127,赛力斯,50.52,50.52,50.53,50.61,50.6,50.67,50.08,10270502.0,517009278.0,-0.178,-0.09
601128,常熟银行,6.23,6.22,6.23,6.39,6.3,6.32,6.14,107574761.0,666691317.0,-2.504,-0.16
601133,柏诚股份,27.11,27.1,27.11,25.84,26.31,27.2,25.41,16872539.0,445516949.0,4.915,1.27
601136,首创证券,14.31,14.31,14.32,14.09,14.1,14.39,14.04,18007714.0,256659446.0,1.561,0.22
601137,博威合金,21.12,21.12,21.13,19.71,19.75,21.3,19.71,31662682.0,654622993.0,7.154,1.41
601138,工业富联,63.86,63.85,63.86,60.57,62.0,64.5,62.0,149038810.0,9431944409.0,5.432,3.29
601139,深圳燃气,6.35,6.34,6.35,6.3,6.29,6.35,6.19,26769500.0,167769943.0,0.794,0.05
601155,新城控股,11.83,11.83,11.86,11.79,11.74,12.1,11.7,22994767.0,273222775.0,0.339,0.04
601156,东航物流,18.77,18.77,18.78,18.81,18.81,18.94,18.64,5543700.0,104023262.0,-0.213,-0.04
601158,重庆水务,4.13,4.12,4.13,4.17,4.17,4.18,4.11,7706100.0,31847776.0,-0.959,-0.04
601162,天风证券,3.84,3.83,3.84,3.78,3.75,3.86,3.74,294462474.0,1123702273.0,1.587,0.06
601163,三角轮胎,12.48,12.47,12.48,12.94,12.5,12.58,12.31,10426600.0,129604180.0,-3.555,-0.46
601166,兴业银行,18.01,18.01,18.02,18.21,18.17,18.23,17.91,103950353.0,1872404715.0,-1.098,-0.2
601168,西部矿业,38.67,38.67,38.68,39.26,38.58,39.27,38.52,53207191.0,2067165222.0,-1.503,-0.59
601169,北京银行,5.09,5.09,5.1,5.18,5.17,5.18,5.07,150131969.0,766285360.0,-1.737,-0.09
601177,杭齿前进,13.73,13.73,13.74,13.6,13.55,13.73,13.4,10939559.0,149096029.0,0.956,0.13
601179,中国西电,12.98,12.97,12.98,12.98,12.88,12.98,12.72,74335272.0,955596535.0,0.0,0.0
601186,中国铁建,6.07,6.07,6.08,6.12,6.13,6.13,6.04,27679989.0,168180726.0,-0.817,-0.05
601187,厦门银行,7.15,7.15,7.16,7.2,7.18,7.19,7.01,23443142.0,166295976.0,-0.694,-0.05
601188,龙江交通,2.94,2.94,2.95,2.92,2.93,2.94,2.88,13784339.0,40131298.0,0.685,0.02
601198,东兴证券,14.1,14.09,14.1,14.0,13.9,14.1,13.84,25680037.0,359037309.0,0.714,0.1
601199,江南水务,6.23,6.22,6.23,6.23,6.18,6.24,6.1,9453900.0,58365628.0,0.0,0.0
601200,上海环境,6.97,6.97,6.98,7.05,7.03,7.05,6.91,7941687.0,55262014.0,-1.135,-0.08
601208,东材科技,49.1,49.1,0.0,44.64,45.88,49.1,45.15,79154407.0,3775172934.0,9.991,4.46
601211,国泰海通,17.91,17.91,17.92,17.85,17.83,18.05,17.62,98377771.0,1752970017.0,0.336,0.06
601212,白银有色,7.2,7.2,7.21,7.24,7.0,7.54,7.0,698986430.0,5109731812.0,-0.552,-0.04
601216,君正集团,4.66,4.65,4.66,4.63,4.6,4.68,4.58,62599703.0,290205130.0,0.648,0.03
601218,吉鑫科技,4.52,4.51,4.52,4.52,4.54,4.54,4.43,17140300.0,76761047.0,0.0,0.0
601222,林洋能源,5.54,5.53,5.54,5.56,5.55,5.57,5.46,16005100.0,88095492.0,-0.36,-0.02
601225,陕西煤业,27.0,27.0,27.02,26.35,26.3,27.27,26.25,39936846.0,1071670009.0,2.467,0.65
601226,华电科工,6.63,6.63,6.64,6.48,6.48,6.7,6.46,18632510.0,122856315.0,2.315,0.15
601228,广州港,3.08,3.08,3.09,3.12,3.11,3.11,3.04,28037006.0,86181775.0,-1.282,-0.04
601229,上海银行,9.55,9.55,9.56,9.72,9.69,9.74,9.52,71816143.0,688072545.0,-1.749,-0.17
601231,环旭电子,27.55,27.54,27.55,26.7,27.26,28.09,26.9,28531586.0,782653598.0,3.184,0.85
601233,桐昆股份,26.0,26.0,0.0,23.64,23.61,26.0,23.5,66848486.0,1683373698.0,9.983,2.36
601236,红塔证券,7.05,7.04,7.05,6.98,6.96,7.06,6.95,16715530.0,117168581.0,1.003,0.07
601238,广汽集团,5.17,5.17,5.18,5.25,5.25,5.25,5.14,24188896.0,125253456.0,-1.524,-0.08
601279,英利汽车,3.41,3.4,3.41,3.38,3.38,3.42,3.35,13102700.0,44398197.0,0.888,0.03
601288,农业银行,6.79,6.79,6.8,6.86,6.84,6.86,6.73,389034736.0,2638457353.0,-1.02,-0.07
601298,青岛港,8.98,8.98,8.99,9.06,9.05,9.12,8.89,8429900.0,75571288.0,-0.883,-0.08
601311,骆驼股份,7.43,7.43,7.44,7.46,7.45,7.46,7.37,7738651.0,57334605.0,-0.402,-0.03
601318,中国平安,55.87,55.86,55.87,56.13,55.88,56.13,55.45,64656841.0,3606576460.0,-0.463,-0.26
601319,中国人保,7.18,7.18,7.19,7.24,7.21,7.26,7.08,78438373.0,560716695.0,-0.829,-0.06
601326,秦港股份,3.4,3.4,3.41,3.45,3.46,3.47,3.37,21067301.0,71826418.0,-1.449,-0.05
601328,交通银行,7.07,7.07,7.08,7.17,7.15,7.17,7.03,144971221.0,1027567584.0,-1.395,-0.1
601330,绿色动力,7.07,7.06,7.07,7.08,7.06,7.07,6.97,6638202.0,46608768.0,-0.141,-0.01
601333,广深铁路,2.98,2.97,2.98,2.96,2.96,2.98,2.94,64318446.0,190571494.0,0.676,0.02
601336,新华保险,60.59,60.59,60.6,60.98,60.1,60.71,59.8,26590367.0,1599732080.0,-0.64,-0.39
601339,XD百隆东,7.55,7.55,7.56,7.56,7.53,7.62,7.41,7872900.0,59264323.0,-0.132,-0.01
601360,三六零,8.72,8.71,8.72,8.67,8.67,8.72,8.61,74302668.0,644623325.0,0.577,0.05
601366,利群股份,3.66,3.66,3.67,3.65,3.64,3.68,3.61,14237300.0,51979634.0,0.274,0.01
601368,绿城水务,4.56,4.56,4.57,4.61,4.57,4.61,4.48,6951920.0,31486662.0,-1.085,-0.05
601369,陕鼓动力,8.71,8.71,8.72,8.67,8.67,8.73,8.52,10258493.0,88437061.0,0.461,0.04
601375,中原证券,4.24,4.24,4.25,4.15,4.14,4.25,4.13,87882000.0,369306614.0,2.169,0.09
601377,兴业证券,5.95,5.94,5.95,5.93,5.9,5.95,5.88,88178819.0,521701939.0,0.337,0.02
601388,怡球资源,3.59,3.58,3.59,3.65,3.55,3.61,3.54,98409694.0,352446928.0,-1.644,-0.06
601390,中国中铁,4.41,4.41,4.42,4.46,4.45,4.46,4.38,97796734.0,431504547.0,-1.121,-0.05
601398,工商银行,7.82,7.82,7.83,7.92,7.89,7.93,7.77,355299630.0,2780922569.0,-1.263,-0.1
601399,国机重装,3.19,3.19,3.2,3.18,3.16,3.2,3.14,46381175.0,147162742.0,0.314,0.01
601456,国联民生,8.93,8.93,8.94,8.88,8.85,8.94,8.83,23573685.0,209670513.0,0.563,0.05
601500,通用股份,3.95,3.95,3.96,4.05,4.05,4.06,3.93,24508273.0,97279304.0,-2.469,-0.1
601512,中新集团,7.9,7.9,7.91,7.9,7.88,7.94,7.83,3560370.0,28080520.0,0.0,0.0
601515,衢州东峰,3.55,3.55,3.56,3.42,3.43,3.67,3.4,35077060.0,125208130.0,3.801,0.13
601518,吉林高速,2.79,2.79,2.8,2.84,2.83,2.83,2.76,22561358.0,62944278.0,-1.761,-0.05
601519,大智慧,8.82,8.82,8.83,8.44,8.4,8.85,8.36,94748577.0,824403693.0,4.502,0.38
601528,瑞丰银行,5.05,5.05,5.06,5.07,5.06,5.09,4.98,15531072.0,78142126.0,-0.394,-0.02
601555,东吴证券,8.15,8.14,8.15,8.04,8.01,8.17,7.98,45183613.0,365253128.0,1.368,0.11
601566,九牧王,8.37,8.36,8.37,8.37,8.33,8.4,8.23,4781592.0,39849118.0,0.0,0.0
601567,三星电气,14.68,14.67,14.68,14.89,14.83,14.84,14.41,12537540.0,182885678.0,-1.41,-0.21
601568,北元化工,3.8,3.79,3.8,3.83,3.79,3.83,3.74,25714800.0,97303623.0,-0.783,-0.03
601577,长沙银行,9.45,9.45,9.46,9.59,9.54,9.56,9.37,19664100.0,185870088.0,-1.46,-0.14
601579,会稽山,20.09,20.08,20.09,20.44,20.31,20.89,19.97,18834848.0,382085417.0,-1.712,-0.35
601588,北辰实业,1.75,1.75,1.76,1.75,1.75,1.76,1.72,28734100.0,50035258.0,0.0,0.0
601595,上海电影,16.66,16.66,16.67,16.89,16.81,16.88,16.48,4124800.0,68674483.0,-1.362,-0.23
601598,中国外运,6.66,6.66,6.67,6.53,6.49,6.68,6.48,13681190.0,90132496.0,1.991,0.13
601599,浙文影业,3.11,3.1,3.11,3.12,3.11,3.16,3.09,14311400.0,44596828.0,-0.321,-0.01
601600,中国铝业,9.65,9.64,9.65,9.59,9.55,9.65,9.51,152128579.0,1459652012.0,0.626,0.06
601601,中国太保,32.0,31.99,32.0,31.98,31.91,32.17,31.56,38252066.0,1218508523.0,0.063,0.02
601606,长城军工,31.42,31.41,31.42,30.63,30.18,31.6,30.18,28258164.0,883148966.0,2.579,0.79
601607,上海医药,16.27,16.27,16.28,16.42,16.39,16.46,16.18,9510485.0,154706933.0,-0.914,-0.15
601608,中信重工,4.84,4.84,4.85,4.82,4.84,4.86,4.75,30541282.0,147338733.0,0.415,0.02
601609,金田股份,13.35,13.35,13.36,13.17,13.17,13.63,13.02,66568292.0,884540012.0,1.367,0.18
601611,中国核建,10.86,10.85,10.86,11.01,10.7,10.9,10.67,35581018.0,384145444.0,-1.362,-0.15
601615,明阳智能,10.85,10.85,10.86,10.94,10.9,10.93,10.66,29460758.0,317264983.0,-0.823,-0.09
601616,广电电气,3.84,3.83,3.84,3.9,3.88,3.91,3.8,22522755.0,86459421.0,-1.538,-0.06
601618,中国中冶,2.62,2.62,2.63,2.64,2.64,2.64,2.6,81169301.0,212571499.0,-0.758,-0.02
601619,嘉泽新能,4.08,4.07,4.08,4.07,4.05,4.08,4.01,24335701.0,98318216.0,0.246,0.01
601628,中国人寿,38.61,38.61,38.62,38.58,38.35,38.71,38.08,33143557.0,1271067994.0,0.078,0.03
601633,长城汽车,15.29,15.29,15.3,15.42,15.42,15.44,15.21,10178900.0,155536114.0,-0.843,-0.13
601636,旗滨集团,5.85,5.85,5.86,5.79,5.78,5.86,5.74,32648245.0,189918067.0,1.036,0.06
601658,邮储银行,5.0,5.0,5.01,5.08,5.07,5.07,4.98,138967900.0,697087052.0,-1.575,-0.08
601665,齐鲁银行,6.55,6.55,6.56,6.61,6.6,6.63,6.46,46300735.0,303012489.0,-0.908,-0.06
601666,平煤股份,9.91,9.91,9.92,9.73,9.66,10.0,9.65,37532801.0,371897089.0,1.85,0.18
601668,中国建筑,4.43,4.42,4.43,4.48,4.47,4.48,4.4,212174641.0,940710675.0,-1.116,-0.05
601669,中国电建,4.64,4.64,4.65,4.68,4.67,4.68,4.63,78327541.0,363605044.0,-0.855,-0.04
601677,明泰铝业,16.97,16.96,16.97,16.78,16.73,17.0,16.7,17512256.0,295843274.0,1.132,0.19
601678,滨化股份,6.48,6.47,6.48,6.29,6.29,6.48,6.26,121918457.0,779018123.0,3.021,0.19
601686,友发集团,5.22,5.21,5.22,5.27,5.26,5.26,5.18,3934376.0,20510451.0,-0.949,-0.05
601688,华泰证券,19.3,19.3,19.31,19.14,19.05,19.34,19.0,63402551.0,1216106702.0,0.836,0.16
601689,拓普集团,47.43,47.43,47.44,46.6,46.5,47.5,46.35,17648669.0,829843713.0,1.781,0.83
601696,中银证券,12.19,12.18,12.19,11.82,11.76,12.36,11.74,64126039.0,777648681.0,3.13,0.37
601698,中国卫通,24.33,24.33,24.34,24.11,24.11,24.39,23.99,15665706.0,379868408.0,0.912,0.22
601699,潞安环能,17.31,17.3,17.31,16.99,16.94,17.4,16.87,32571060.0,559005680.0,1.883,0.32
601700,风范股份,7.62,7.62,7.63,7.7,7.51,8.1,7.51,197620628.0,1530352965.0,-1.039,-0.08
601702,华峰铝业,15.88,15.88,15.89,15.86,15.8,15.93,15.67,7613300.0,120439838.0,0.126,0.02
601717,中创智领,15.08,15.08,15.09,15.23,15.2,15.21,14.85,18553318.0,277912884.0,-0.985,-0.15
601718,ST际华,1.86,1.86,1.87,1.88,1.87,1.88,1.85,15788812.0,29414066.0,-1.064,-0.02
601727,上海电气,6.64,6.64,6.65,6.61,6.58,6.65,6.55,42516361.0,280903299.0,0.454,0.03
601728,中国电信,6.35,6.35,6.36,6.42,6.41,6.41,6.32,87282162.0,555006376.0,-1.09,-0.07
601766,中国中车,6.21,6.2,6.21,6.18,6.16,6.27,6.11,173576218.0,1074649959.0,0.485,0.03
601777,千里科技,8.22,8.21,8.22,8.06,8.07,8.24,7.92,25040348.0,202520113.0,1.985,0.16
601778,晶科科技,3.73,3.73,3.74,3.7,3.69,3.75,3.63,101432201.0,375282101.0,0.811,0.03
601788,光大证券,14.72,14.71,14.72,14.57,14.51,14.74,14.5,25188389.0,368408333.0,1.03,0.15
601789,宁波建工,4.27,4.26,4.27,4.28,4.27,4.28,4.23,22595700.0,96095717.0,-0.234,-0.01
601798,蓝科高新,7.84,7.84,7.85,7.86,7.82,7.9,7.78,4418100.0,34654564.0,-0.254,-0.02
601799,星宇股份,81.86,81.86,81.88,86.35,84.5,85.49,81.32,6284958.0,517364602.0,-5.2,-4.49
601800,中国交建,5.95,5.94,5.95,6.02,6.03,6.03,5.93,27239130.0,162361871.0,-1.163,-0.07
601801,皖新传媒,5.08,5.07,5.08,5.41,5.36,5.4,5.04,34341311.0,175474944.0,-6.1,-0.33
601808,中海油服,12.58,12.57,12.58,12.34,12.3,12.6,12.2,19127615.0,238163188.0,1.945,0.24
601811,新华文轩,11.23,11.22,11.23,11.92,11.71,11.72,11.14,6826013.0,76555932.0,-5.789,-0.69
601816,京沪高铁,4.85,4.84,4.85,4.93,4.93,4.94,4.82,169612923.0,823240705.0,-1.623,-0.08
601818,光大银行,3.04,3.04,3.05,3.09,3.08,3.09,3.03,178957810.0,546191702.0,-1.618,-0.05
601825,沪农商行,9.04,9.03,9.04,8.97,8.92,9.16,8.87,31783818.0,286915210.0,0.78,0.07
601827,三峰环境,8.2,8.2,8.21,8.09,8.07,8.24,8.03,6951310.0,56691914.0,1.36,0.11
601828,美凯龙,2.18,2.18,2.19,2.2,2.19,2.2,2.16,31662320.0,68938344.0,-0.909,-0.02
601838,成都银行,18.76,18.76,18.77,18.79,18.8,18.93,18.58,18280931.0,342371094.0,-0.16,-0.03
601857,中国石油,11.08,11.08,11.09,11.01,11.03,11.15,10.94,122102619.0,1348517769.0,0.636,0.07
601858,中国科传,22.15,22.14,22.15,21.53,21.56,22.46,21.38,8764200.0,193795845.0,2.88,0.62
601860,紫金银行,2.55,2.55,2.56,2.6,2.6,2.6,2.53,63008000.0,161054323.0,-1.923,-0.05
601865,福莱特,9.94,9.93,9.94,10.11,10.06,10.08,9.77,21196023.0,209267731.0,-1.682,-0.17
601866,中远海发,2.39,2.39,2.4,2.43,2.42,2.43,2.35,100184100.0,238955926.0,-1.646,-0.04
601868,中国能建,2.51,2.51,2.52,2.53,2.52,2.53,2.5,181642373.0,455880492.0,-0.791,-0.02
601869,长飞光纤,426.82,426.82,0.0,388.02,393.0,426.82,393.0,14757480.0,6145393362.0,9.999,38.8
601872,招商轮船,18.62,18.62,18.63,18.38,17.8,18.68,17.8,90238346.0,1658120265.0,1.306,0.24
601877,正泰电器,25.74,25.74,25.75,25.97,25.9,25.9,25.31,24567952.0,627722316.0,-0.886,-0.23
601878,浙商证券,9.38,9.38,9.39,9.33,9.3,9.39,9.28,29360361.0,274042454.0,0.536,0.05
601880,辽港股份,1.47,1.46,1.47,1.47,1.47,1.47,1.45,66944286.0,97861484.0,0.0,0.0
601881,中国银河,12.31,12.31,12.32,12.25,12.2,12.32,12.16,31592872.0,387115622.0,0.49,0.06
601882,海天精工,20.04,20.04,20.05,19.82,19.77,20.12,19.66,4424000.0,87985186.0,1.11,0.22
601886,江河集团,13.32,13.31,13.32,12.98,12.98,13.38,12.88,25747500.0,340044252.0,2.619,0.34
601888,中国中免,53.15,53.15,53.16,53.08,52.9,53.18,52.6,15666262.0,829199720.0,0.132,0.07
601890,亚星锚链,8.74,8.73,8.74,8.72,8.67,8.74,8.63,16598890.0,144378262.0,0.229,0.02
601898,中煤能源,14.95,14.95,14.96,14.59,14.51,15.02,14.5,37756516.0,558200804.0,2.467,0.36
601899,紫金矿业,34.57,34.57,34.58,34.47,33.8,34.86,33.79,231438796.0,7987376586.0,0.29,0.1
601900,南方传媒,11.58,11.57,11.58,11.74,11.68,11.7,11.46,7217000.0,83440170.0,-1.363,-0.16
601901,方正证券,6.91,6.9,6.91,6.82,6.8,6.92,6.79,55319783.0,379350231.0,1.32,0.09
601908,京运通,3.04,3.03,3.04,3.04,3.02,3.05,2.98,31433002.0,94758677.0,0.0,0.0
601916,浙商银行,2.89,2.88,2.89,2.97,2.97,2.98,2.86,296931760.0,859197451.0,-2.694,-0.08
601918,新集能源,10.75,10.75,10.76,10.4,10.39,10.83,10.34,40994586.0,435310323.0,3.365,0.35
601919,中远海控,17.11,17.11,17.12,16.99,17.0,17.19,16.88,69074343.0,1177325277.0,0.706,0.12
601921,浙版传媒,7.28,7.27,7.28,7.37,7.37,7.39,7.21,7408700.0,53807836.0,-1.221,-0.09
601928,凤凰传媒,8.45,8.44,8.45,8.61,8.53,8.58,8.34,14503751.0,121954486.0,-1.858,-0.16
601929,吉视传媒,2.33,2.32,2.33,2.33,2.32,2.34,2.29,45495487.0,105248208.0,0.0,0.0
601933,永辉超市,3.13,3.13,3.14,3.09,3.08,3.18,3.07,127823144.0,399409004.0,1.294,0.04
601939,建设银行,10.57,10.57,10.58,10.67,10.62,10.66,10.45,129757878.0,1368859884.0,-0.937,-0.1
601949,中国出版,5.16,5.15,5.16,5.25,5.24,5.25,5.12,9204600.0,47542428.0,-1.714,-0.09
601952,苏垦农发,9.18,9.18,9.19,8.94,9.12,9.28,9.05,35630771.0,326849034.0,2.685,0.24
601956,东贝集团,4.95,4.95,4.96,5.0,4.99,5.02,4.94,4292650.0,21329984.0,-1.0,-0.05
601958,金钼股份,23.39,23.39,23.4,23.05,22.7,23.48,22.61,62926754.0,1456112064.0,1.475,0.34
601963,重庆银行,11.0,11.0,11.01,11.2,11.2,11.21,10.88,14801591.0,162819444.0,-1.786,-0.2
601965,中国汽研,14.23,14.23,14.25,14.4,14.38,14.38,14.02,9212252.0,130275883.0,-1.181,-0.17
601966,玲珑轮胎,11.08,11.08,11.09,11.34,11.24,11.27,10.99,13585100.0,150834378.0,-2.293,-0.26
601968,宝钢包装,4.56,4.55,4.56,4.5,4.67,4.77,4.55,15094700.0,70127707.0,1.333,0.06
601969,海南矿业,9.51,9.51,9.52,9.63,9.57,9.6,9.45,15083000.0,143474650.0,-1.246,-0.12
601975,招商南油,3.97,3.97,3.98,3.96,3.9,3.98,3.88,140537412.0,552376558.0,0.253,0.01
601985,中国核电,8.9,8.89,8.9,8.92,8.93,8.93,8.83,82993793.0,737057911.0,-0.224,-0.02
601988,中国银行,6.14,6.14,6.15,6.2,6.18,6.21,6.09,255535284.0,1570442821.0,-0.968,-0.06
601990,南京证券,6.77,6.76,6.77,6.72,6.7,6.77,6.67,19570470.0,131642099.0,0.744,0.05
601991,大唐发电,5.95,5.94,5.95,5.94,5.88,5.95,5.8,245848225.0,1445277955.0,0.168,0.01
601992,金隅集团,1.41,1.4,1.41,1.4,1.4,1.41,1.39,35676502.0,49935907.0,0.714,0.01
601995,中金公司,34.86,34.85,34.86,34.55,34.45,34.91,34.35,20464676.0,709657003.0,0.897,0.31
601996,丰林集团,2.62,2.62,2.63,2.6,2.6,2.64,2.58,14965418.0,39128547.0,0.769,0.02
601997,贵阳银行,5.53,5.53,5.54,5.58,5.56,5.57,5.49,55385636.0,305783129.0,-0.896,-0.05
601998,中信银行,8.66,8.66,8.67,8.65,8.58,8.69,8.49,76294297.0,655838867.0,0.116,0.01
601999,出版传媒,6.08,6.07,6.08,6.18,6.14,6.15,6.01,4414260.0,26775800.0,-1.618,-0.1
603000,人民网,16.41,16.4,16.41,16.36,16.35,16.45,16.21,12119946.0,198238133.0,0.306,0.05
603001,奥康国际,8.32,8.31,8.32,8.2,8.19,8.48,8.11,9312600.0,77630659.0,1.463,0.12
603002,宏昌电子,16.91,16.91,0.0,15.37,15.64,16.91,15.64,58660900.0,966065523.0,10.02,1.54
603004,鼎龙科技,19.32,19.3,19.32,19.01,18.98,19.5,18.9,1886554.0,36250249.0,1.631,0.31
603005,晶方科技,30.83,30.83,30.84,29.98,30.23,31.24,30.0,31124348.0,954769270.0,2.835,0.85
603006,联明股份,10.88,10.88,10.89,11.39,11.27,11.38,10.57,6552500.0,71188784.0,-4.478,-0.51
603007,顺景科技,4.88,4.88,4.89,4.89,4.86,4.94,4.83,13713002.0,66819559.0,-0.204,-0.01
603008,ST喜临门,8.39,8.38,8.39,8.65,8.53,8.61,8.34,11071889.0,93703243.0,-3.006,-0.26
603009,北特科技,46.91,46.91,46.92,44.64,44.65,47.04,44.27,8769758.0,406756954.0,5.085,2.27
603010,万盛股份,11.63,11.62,11.63,11.37,11.26,11.76,11.19,7825178.0,90041036.0,2.287,0.26
603011,合锻智能,25.14,25.14,0.0,22.85,22.31,25.14,21.99,52012816.0,1242142163.0,10.022,2.29
603012,创力集团,9.34,9.33,9.34,9.1,9.21,9.53,9.06,35302200.0,328914202.0,2.637,0.24
603013,亚普股份,15.46,15.45,15.46,16.18,15.39,16.12,15.12,7301600.0,112613284.0,-4.45,-0.72
603014,威高血净,32.1,32.1,32.12,32.13,32.1,32.17,31.87,743000.0,23798614.0,-0.093,-0.03
603015,弘讯科技,10.97,10.97,10.98,10.91,10.72,11.15,10.72,4129043.0,45318464.0,0.55,0.06
603016,新宏泰,28.81,28.81,28.82,28.9,28.62,28.91,28.41,2600761.0,74566271.0,-0.311,-0.09
603017,中衡设计,9.78,9.78,9.79,9.94,9.94,10.01,9.73,5737800.0,56237758.0,-1.61,-0.16
603018,华设集团,5.28,5.27,5.28,5.37,5.36,5.36,5.27,5714416.0,30246665.0,-1.676,-0.09
603019,中科曙光,86.54,86.54,86.55,84.25,85.0,87.26,84.9,38277118.0,3307885074.0,2.718,2.29
603020,爱普股份,10.1,10.1,10.11,9.92,9.9,10.21,9.89,5930100.0,59816236.0,1.815,0.18
603021,*ST华鹏,5.41,5.41,5.42,5.43,5.4,5.59,5.36,4242480.0,23296081.0,-0.368,-0.02
603022,新通联,8.95,8.94,8.95,9.05,9.05,9.08,8.89,2606984.0,23324170.0,-1.105,-0.1
603023,威帝股份,4.31,4.31,4.32,4.15,4.09,4.37,4.09,17566457.0,75124309.0,3.855,0.16
603025,大豪科技,13.84,13.83,13.84,13.72,13.71,13.86,13.57,8582160.0,117765536.0,0.875,0.12
603026,石大胜华,63.0,62.99,63.0,63.25,63.24,63.28,61.82,5564432.0,348352691.0,-0.395,-0.25
603027,千禾味业,7.24,7.23,7.24,7.4,7.39,7.4,7.2,17150266.0,124812653.0,-2.162,-0.16
603028,赛福天,7.01,6.99,7.01,7.1,7.01,7.1,6.95,2834200.0,19874405.0,-1.268,-0.09
603029,天鹅股份,16.62,16.61,16.62,16.18,16.16,17.17,16.04,5387260.0,89372090.0,2.719,0.44
603030,全筑股份,2.1,2.1,2.11,2.13,2.12,2.13,2.08,29555700.0,62193814.0,-1.408,-0.03
603031,安孚科技,40.7,40.69,40.7,38.3,38.3,40.88,38.3,12076671.0,482801668.0,6.266,2.4
603032,德新科技,19.86,19.86,19.87,20.05,20.4,20.4,19.47,17096000.0,338046434.0,-0.948,-0.19
603033,三维股份,7.64,7.64,7.65,7.41,7.39,7.72,7.32,9119152.0,69367452.0,3.104,0.23
603035,常熟汽饰,11.36,11.36,11.37,11.3,11.3,11.39,11.23,2839800.0,32184008.0,0.531,0.06
603036,如通股份,15.84,15.84,15.85,15.52,15.45,15.98,15.32,7969100.0,125493086.0,2.062,0.32
603037,凯众股份,10.23,10.22,10.23,10.36,10.39,10.39,10.16,3604474.0,36962953.0,-1.255,-0.13
603038,华立股份,17.17,17.16,17.17,17.26,17.16,17.4,16.7,9902500.0,168052219.0,-0.521,-0.09
603039,泛微网络,39.68,39.68,39.69,39.44,39.44,40.14,39.03,11966036.0,471832848.0,0.609,0.24
603040,新坐标,52.45,52.44,52.45,52.23,52.0,52.92,51.71,1418627.0,74198086.0,0.421,0.22
603041,美思德,11.15,11.15,11.17,11.2,11.16,11.23,11.01,1673600.0,18627249.0,-0.446,-0.05
603042,华脉科技,14.45,14.45,14.46,13.77,13.78,14.5,13.78,10250457.0,145794923.0,4.938,0.68
603043,广州酒家,13.81,13.8,13.81,13.7,13.7,13.83,13.64,3250030.0,44651427.0,0.803,0.11
603045,福达合金,56.53,56.53,56.54,54.04,53.5,56.93,53.21,10212485.0,564848419.0,4.608,2.49
603048,浙江黎明,21.99,21.99,22.0,21.82,21.83,22.17,21.66,1198400.0,26276632.0,0.779,0.17
603049,中策橡胶,50.11,50.09,50.11,49.9,49.81,50.17,49.39,1910391.0,95206858.0,0.421,0.21
603050,科林电气,17.89,17.87,17.89,17.98,18.0,18.03,17.76,1916820.0,34234560.0,-0.501,-0.09
603051,鹿山新材,20.88,20.88,20.89,20.37,20.37,21.33,20.1,4643067.0,96319369.0,2.504,0.51
603052,可川科技,58.79,58.79,58.8,57.23,57.44,59.31,56.5,6896088.0,402040134.0,2.726,1.56
603053,成都燃气,8.73,8.73,8.74,8.8,8.79,8.8,8.68,1817400.0,15843339.0,-0.795,-0.07
603055,台华新材,9.3,9.3,9.31,9.27,9.64,9.66,8.83,33931612.0,309991542.0,0.324,0.03
603057,紫燕食品,21.44,21.44,21.45,21.8,21.8,21.8,21.35,1383800.0,29668071.0,-1.651,-0.36
603058,永吉股份,9.27,9.27,9.28,9.19,9.08,9.35,9.08,4295500.0,39794385.0,0.871,0.08
603059,倍加洁,23.93,23.93,23.94,24.44,24.06,24.35,23.72,1563100.0,37560064.0,-2.087,-0.51
603060,国检集团,5.5,5.5,5.51,5.52,5.48,5.53,5.44,3686600.0,20222519.0,-0.362,-0.02
603061,金海通,356.9,356.84,356.9,347.29,344.84,359.28,337.66,4058678.0,1427705991.0,2.767,9.61
603062,麦加芯彩,39.32,39.3,39.32,39.38,39.38,39.54,39.14,185700.0,7301998.0,-0.152,-0.06
603063,禾望电气,32.14,32.14,32.15,31.41,31.97,32.31,31.03,20458583.0,647916288.0,2.324,0.73
603065,宿迁联盛,17.87,17.87,17.88,17.51,17.35,17.9,17.01,46148400.0,807481286.0,2.056,0.36
603066,音飞储存,9.03,9.03,9.04,9.1,9.09,9.09,8.96,4366044.0,39375041.0,-0.769,-0.07
603067,振华股份,35.67,35.67,35.68,34.78,34.84,35.78,34.38,17780242.0,627318207.0,2.559,0.89
603068,博通集成,36.45,36.44,36.45,36.43,36.47,36.76,35.85,9137388.0,332062692.0,0.055,0.02
603069,海汽集团,13.12,13.11,13.12,13.07,13.01,13.21,12.96,2545400.0,33389165.0,0.383,0.05
603070,万控智造,11.65,11.64,11.65,11.63,11.62,11.67,11.52,1203000.0,13952581.0,0.172,0.02
603071,物产环能,12.66,12.66,12.67,12.74,12.74,12.75,12.56,3494788.0,44137313.0,-0.628,-0.08
603072,天和磁材,32.35,32.35,32.36,31.58,31.58,32.66,31.38,2866353.0,91959109.0,2.438,0.77
603073,彩蝶实业,16.73,16.66,16.73,16.8,16.63,16.83,16.56,1020000.0,17035054.0,-0.417,-0.07
603075,热威股份,19.46,19.46,19.47,19.37,19.28,19.65,19.23,1774085.0,34426361.0,0.465,0.09
603076,乐惠国际,20.77,20.77,20.78,20.95,20.79,21.03,20.57,1534700.0,31819788.0,-0.859,-0.18
603077,和邦生物,2.4,2.4,2.41,2.37,2.35,2.42,2.34,223181401.0,534524024.0,1.266,0.03
603078,江化微,35.09,35.09,35.1,33.03,33.16,35.46,32.93,27409659.0,939169550.0,6.237,2.06
603079,圣达生物,13.73,13.72,13.73,14.08,13.88,14.28,13.65,19142612.0,264612849.0,-2.486,-0.35
603080,新疆火炬,19.65,19.64,19.65,19.62,19.66,19.7,19.28,1415300.0,27594701.0,0.153,0.03
603081,大丰实业,10.03,10.03,10.04,10.13,10.13,10.28,9.81,9389600.0,94646256.0,-0.987,-0.1
603082,北自科技,40.55,40.54,40.55,41.78,41.59,41.99,40.03,5384096.0,218853637.0,-2.944,-1.23
603083,剑桥科技,198.21,198.2,198.21,190.85,193.0,201.0,183.83,37240204.0,7170540939.0,3.856,7.36
603085,天成自控,9.93,9.93,9.94,9.84,9.8,9.99,9.72,5905220.0,58188993.0,0.915,0.09
603086,先达股份,5.75,5.74,5.75,5.7,5.68,5.76,5.65,7702640.0,44025018.0,0.877,0.05
603087,甘李药业,71.38,71.38,71.39,71.3,71.01,72.99,70.2,9478763.0,674808976.0,0.112,0.08
603088,宁波精达,10.29,10.28,10.29,9.98,9.95,10.33,9.85,13849643.0,141117327.0,3.106,0.31
603089,正裕工业,10.33,10.32,10.33,10.62,10.52,10.52,10.14,13211860.0,135855087.0,-2.731,-0.29
603090,宏盛股份,38.71,38.7,38.71,38.0,37.06,39.22,37.06,2834373.0,109079772.0,1.868,0.71
603091,众鑫股份,50.0,49.89,50.0,49.62,49.38,50.2,49.0,451400.0,22409004.0,0.766,0.38
603092,德力佳,42.0,42.0,42.01,41.82,41.79,42.0,41.25,1091098.0,45453686.0,0.43,0.18
603093,南华期货,13.52,13.52,0.0,12.29,12.16,13.52,12.09,59120157.0,759566497.0,10.008,1.23
603095,越剑智能,16.31,16.3,16.31,16.69,16.21,16.56,16.0,19323627.0,313153959.0,-2.277,-0.38
603096,新经典,14.72,14.72,14.73,14.95,14.83,14.99,14.59,1660000.0,24474370.0,-1.538,-0.23
603097,江苏华辰,19.21,19.19,19.21,19.55,19.0,19.43,18.92,1836860.0,35204902.0,-1.739,-0.34
603098,森特股份,10.18,10.18,10.19,10.32,10.32,10.32,10.05,4699872.0,47682297.0,-1.357,-0.14
603099,长白山,39.26,39.26,39.27,38.78,38.58,39.34,38.45,4817947.0,187575175.0,1.238,0.48
603100,川仪股份,17.81,17.8,17.81,17.84,17.71,17.91,17.61,3199521.0,56816535.0,-0.168,-0.03
603101,汇嘉时代,7.44,7.43,7.44,7.42,7.4,7.47,7.36,6316160.0,46910953.0,0.27,0.02
603102,XD百合股,40.86,40.83,40.86,40.67,40.67,41.81,40.33,4243300.0,173934147.0,0.467,0.19
603103,横店影视,14.95,14.95,14.97,15.4,15.36,15.42,14.88,4437608.0,66734702.0,-2.922,-0.45
603105,芯能科技,7.88,7.87,7.88,8.08,7.81,7.88,7.7,32685052.0,254230285.0,-2.475,-0.2
603106,恒银科技,8.19,8.19,8.2,8.2,8.0,8.39,8.0,60257288.0,492203799.0,-0.122,-0.01
603107,上海汽配,11.93,11.92,11.93,11.98,12.0,12.02,11.89,1277900.0,15256830.0,-0.417,-0.05
603108,润达医疗,9.73,9.73,9.74,9.69,9.61,9.82,9.61,7887400.0,76659568.0,0.413,0.04
603109,神驰机电,17.63,17.62,17.63,17.62,17.64,17.78,17.42,1427604.0,25144167.0,0.057,0.01
603110,东方材料,24.31,24.31,24.32,24.5,24.64,24.93,24.23,10286600.0,252437910.0,-0.776,-0.19
603111,康尼机电,6.09,6.09,6.1,6.15,6.09,6.17,6.07,9297362.0,56861911.0,-0.976,-0.06
603112,华翔股份,15.89,15.89,15.9,15.7,15.55,16.1,15.23,15230345.0,237405497.0,1.21,0.19
603113,金能科技,5.33,5.33,5.34,5.27,5.25,5.35,5.2,28873720.0,153203869.0,1.139,0.06
603115,海星股份,77.77,77.77,77.78,74.18,74.99,78.58,74.21,6344030.0,488862223.0,4.84,3.59
603116,红蜻蜓,6.42,6.42,6.43,6.46,6.43,6.53,6.38,4524120.0,29190494.0,-0.619,-0.04
603117,万林物流,3.93,3.93,3.94,3.92,3.93,3.97,3.9,8859900.0,34866889.0,0.255,0.01
603118,共进股份,18.22,18.22,18.23,17.88,17.86,18.32,17.49,163396346.0,2945440777.0,1.902,0.34
603119,浙江荣泰,51.98,51.98,51.99,49.4,49.41,52.5,49.2,9708470.0,497674201.0,5.223,2.58
603120,肯特催化,46.11,46.11,46.13,45.79,45.23,46.94,45.23,1433300.0,65995446.0,0.699,0.32
603121,华培动力,13.92,13.92,13.93,13.83,14.07,14.77,13.47,30809323.0,429651114.0,0.651,0.09
603122,合富中国,12.31,12.31,12.32,11.9,11.83,12.36,11.74,16154798.0,196171785.0,3.445,0.41
603123,翠微股份,9.91,9.9,9.91,9.91,9.75,10.05,9.75,39732397.0,393762327.0,0.0,0.0
603124,江南新材,131.95,131.9,131.95,126.85,128.88,135.0,125.64,3999200.0,521740973.0,4.02,5.1
603125,常青科技,23.12,23.11,23.12,22.66,22.75,23.21,22.5,4158062.0,95322084.0,2.03,0.46
603126,中材节能,6.22,6.21,6.22,6.14,6.14,6.24,6.12,8030702.0,49588122.0,1.303,0.08
603127,昭衍新药,48.14,48.13,48.14,46.91,47.07,48.15,46.51,27041189.0,1276969316.0,2.622,1.23
603128,华贸物流,5.61,5.61,5.62,5.64,5.64,5.67,5.56,14550906.0,81570123.0,-0.532,-0.03
603129,春风动力,304.13,304.1,304.13,306.29,308.25,308.25,298.6,1339637.0,404455865.0,-0.705,-2.16
603130,云中马,40.05,40.05,40.07,40.38,41.4,41.4,39.86,1228361.0,49439471.0,-0.817,-0.33
603131,上海沪工,14.54,14.53,14.54,14.35,14.28,14.58,14.27,4355956.0,63123120.0,1.324,0.19
603132,金徽股份,19.75,19.74,19.75,19.52,19.38,20.05,19.1,16306692.0,319620534.0,1.178,0.23
603135,中重科技,9.1,9.1,9.11,9.02,9.08,9.12,8.92,5614400.0,50780243.0,0.887,0.08
603136,天目湖,9.18,9.17,9.18,9.26,9.23,9.27,9.14,3260180.0,29921916.0,-0.864,-0.08
603137,恒尚节能,24.44,24.44,0.0,22.22,22.58,24.44,22.06,18892345.0,447107809.0,9.991,2.22
603138,海量数据,12.71,12.71,12.72,12.82,12.81,12.85,12.61,4090425.0,52043277.0,-0.858,-0.11
603139,康惠股份,35.43,35.42,35.43,34.31,34.8,35.49,34.02,1458600.0,51076812.0,3.264,1.12
603150,万朗磁塑,50.82,50.82,50.88,51.65,51.4,52.58,49.88,1762400.0,89990920.0,-1.607,-0.83
603151,邦基科技,15.95,15.95,15.96,15.15,15.3,15.95,14.98,3749600.0,58393879.0,5.281,0.8
603153,上海建科,13.25,13.24,13.25,13.34,13.34,13.34,13.18,1099600.0,14552028.0,-0.675,-0.09
603155,新亚强,13.83,13.82,13.83,13.26,13.26,13.89,13.25,8410480.0,114734705.0,4.299,0.57
603156,养元饮品,42.53,42.53,42.54,41.59,41.5,42.72,41.31,18906822.0,794778264.0,2.26,0.94
603158,腾龙股份,11.0,10.99,11.0,10.49,10.8,11.1,10.6,25998185.0,282762375.0,4.862,0.51
603159,上海亚虹,22.67,22.67,22.68,22.5,22.41,22.72,22.12,3306200.0,74155243.0,0.756,0.17
603160,汇顶科技,49.68,49.67,49.68,48.3,48.26,49.8,48.12,5782148.0,283980300.0,2.857,1.38
603161,科华控股,15.66,15.65,15.66,15.68,15.68,15.79,15.5,2528848.0,39532058.0,-0.128,-0.02
603162,海通发展,11.96,11.96,11.97,11.94,11.85,12.05,11.75,20002860.0,237933503.0,0.168,0.02
603163,圣晖集成,80.28,80.28,80.29,79.18,78.57,80.75,77.28,2134162.0,169687783.0,1.389,1.1
603165,荣晟环保,14.23,14.23,14.24,14.14,14.18,14.54,14.07,8907634.0,127398409.0,0.636,0.09
603166,福达股份,10.96,10.96,10.97,10.95,10.96,10.98,10.83,6007600.0,65576854.0,0.091,0.01
603167,渤海轮渡,8.12,8.12,8.13,8.19,8.17,8.22,8.09,6965200.0,56594791.0,-0.855,-0.07
603168,莎普爱思,5.98,5.97,5.98,5.84,5.8,6.0,5.75,10271100.0,60501529.0,2.397,0.14
603169,兰石重装,6.54,6.54,6.55,6.45,6.4,6.58,6.38,10914200.0,71040197.0,1.395,0.09
603170,宝立食品,12.34,12.34,12.35,12.23,12.23,12.37,12.18,2217500.0,27228523.0,0.899,0.11
603171,税友股份,40.31,40.31,40.32,40.29,40.28,40.55,39.84,5867848.0,235894781.0,0.05,0.02
603172,万丰股份,18.4,18.4,18.42,17.45,17.49,18.56,17.27,2741751.0,49044670.0,5.444,0.95
603173,福斯达,31.6,31.59,31.6,31.33,29.83,31.98,29.25,2961900.0,90905014.0,0.862,0.27
603175,超颖电子,90.7,90.7,90.72,88.16,88.0,90.9,87.0,1950436.0,174390792.0,2.881,2.54
603176,汇通集团,5.26,5.26,5.27,5.31,5.41,5.43,5.21,9953600.0,53056634.0,-0.942,-0.05
603177,德创环保,10.89,10.89,10.9,10.9,10.93,11.0,10.78,5795300.0,63083234.0,-0.092,-0.01
603178,圣龙股份,16.48,16.48,16.49,16.44,16.38,16.64,16.18,6984549.0,114729020.0,0.243,0.04
603179,新泉股份,39.81,39.81,39.82,37.52,37.8,40.1,37.51,27593333.0,1077774467.0,6.103,2.29
603180,金牌家居,15.35,15.34,15.35,15.51,15.36,15.55,15.28,798500.0,12271417.0,-1.032,-0.16
603181,皇马科技,12.98,12.98,12.99,12.8,12.79,13.02,12.73,3679919.0,47449390.0,1.406,0.18
603182,嘉华股份,13.38,13.38,13.39,13.4,13.3,13.48,13.25,1709499.0,22840467.0,-0.149,-0.02
603183,建研院,4.69,4.69,4.7,4.73,4.72,4.75,4.65,10259080.0,48118724.0,-0.846,-0.04
603185,弘元绿能,16.15,16.15,16.16,16.62,16.52,16.53,16.12,7242722.0,117512706.0,-2.828,-0.47
603186,华正新材,183.39,183.39,183.4,175.35,179.81,188.88,172.67,29363641.0,5282385896.0,4.585,8.04
603187,海容冷链,11.15,11.14,11.15,11.18,11.18,11.18,11.07,3168766.0,35234901.0,-0.268,-0.03
603188,亚邦股份,4.87,4.87,4.88,4.82,4.8,4.9,4.8,17524100.0,85213242.0,1.037,0.05
603189,*ST网达,9.24,9.24,9.25,9.11,9.1,9.28,9.06,2294700.0,21033782.0,1.427,0.13
603190,亚通精工,16.64,16.64,16.66,16.68,16.7,16.7,16.42,1841700.0,30492504.0,-0.24,-0.04
603191,望变电气,14.41,14.41,14.42,14.69,14.51,14.61,14.22,9461714.0,136051255.0,-1.906,-0.28
603192,汇得科技,20.05,20.03,20.05,20.11,20.12,20.2,19.88,799460.0,16004904.0,-0.298,-0.06
603193,润本股份,20.54,20.54,20.55,20.8,20.73,20.98,20.39,2636026.0,54307978.0,-1.25,-0.26
603194,中力股份,34.34,34.32,34.34,33.91,34.06,34.58,33.72,1330628.0,45499917.0,1.268,0.43
603195,公牛集团,39.97,39.97,39.98,40.33,40.17,40.56,39.7,2543405.0,101584760.0,-0.893,-0.36
603196,璞源材料,20.13,20.13,20.15,19.39,19.49,20.59,19.3,3414700.0,68370120.0,3.816,0.74
603197,保隆科技,30.43,30.42,30.43,30.35,31.11,31.25,29.95,5319300.0,161614249.0,0.264,0.08
603198,迎驾贡酒,39.38,39.37,39.38,38.9,38.5,39.39,38.02,4646543.0,180771979.0,1.234,0.48
603199,九华旅游,34.09,34.09,34.1,34.23,34.14,34.41,33.97,1960393.0,67028096.0,-0.409,-0.14
603200,上海洗霸,44.7,44.69,44.7,42.69,43.03,46.66,41.72,27281842.0,1189550532.0,4.708,2.01
603201,常润股份,14.84,14.84,14.85,14.82,14.78,14.93,14.73,2511648.0,37225870.0,0.135,0.02
603202,天有为,52.25,52.24,52.25,52.23,52.3,52.3,51.69,835449.0,43417931.0,0.038,0.02
603203,快克智能,43.87,43.87,43.88,42.59,42.85,44.68,42.15,8269960.0,360102175.0,3.005,1.28
603205,健尔康,23.04,23.03,23.04,23.01,22.88,23.07,22.67,1171992.0,26800356.0,0.13,0.03
603206,嘉环科技,13.89,13.89,13.9,13.89,13.88,13.98,13.83,2169000.0,30161896.0,0.0,0.0
603207,小方制药,23.55,23.55,23.56,23.37,23.46,23.95,23.18,2506200.0,58842807.0,0.77,0.18
603208,江山欧派,11.31,11.31,11.33,11.36,11.32,11.47,11.27,1798036.0,20400704.0,-0.44,-0.05
603209,兴通股份,14.18,14.18,14.19,14.26,14.21,14.24,14.05,5498872.0,77823876.0,-0.561,-0.08
603210,泰鸿万立,13.61,13.6,13.61,13.61,13.59,13.64,13.43,2074600.0,28093157.0,0.0,0.0
603211,晋拓股份,21.95,21.95,21.96,21.55,21.4,22.03,21.23,5379100.0,116703479.0,1.856,0.4
603212,赛伍技术,11.72,11.71,11.72,11.68,11.6,11.78,11.5,6233060.0,72595053.0,0.342,0.04
603213,镇洋发展,13.96,13.96,13.99,13.99,13.9,14.04,13.9,1735200.0,24192940.0,-0.214,-0.03
603214,爱婴室,13.64,13.64,13.65,13.82,13.82,13.92,13.55,2334000.0,31936401.0,-1.302,-0.18
603215,比依股份,14.3,14.3,14.31,14.59,14.56,14.56,14.18,1298300.0,18588239.0,-1.988,-0.29
603216,梦天家居,20.59,20.58,20.59,20.71,20.65,20.8,20.26,2344157.0,48116662.0,-0.579,-0.12
603217,元利科技,29.33,29.32,29.33,29.01,28.95,29.8,28.14,6044604.0,174653520.0,1.103,0.32
603218,日月股份,9.79,9.78,9.79,9.8,9.82,9.82,9.65,5023900.0,48805782.0,-0.102,-0.01
603219,富佳股份,14.0,13.99,14.0,14.05,13.93,14.26,13.93,2589000.0,36470854.0,-0.356,-0.05
603220,中贝通信,18.91,18.91,18.92,18.6,18.63,18.93,18.45,18763834.0,351062538.0,1.667,0.31
603221,爱丽家居,28.65,28.64,28.65,26.2,26.47,28.8,25.83,19267722.0,529166045.0,9.351,2.45
603222,济民健康,8.24,8.23,8.24,8.25,8.25,8.33,8.15,9609950.0,79050525.0,-0.121,-0.01
603223,恒通股份,10.32,10.32,10.33,10.35,10.29,10.39,10.26,3785300.0,39031190.0,-0.29,-0.03
603225,新凤鸣,20.42,20.41,20.42,18.8,18.72,20.68,18.68,27948879.0,557363684.0,8.617,1.62
603226,菲林格尔,35.45,35.45,35.48,37.4,36.79,37.4,34.7,7104845.0,253710825.0,-5.214,-1.95
603227,雪峰科技,7.64,7.63,7.64,7.69,7.67,7.71,7.58,5115300.0,39035956.0,-0.65,-0.05
603228,景旺电子,96.74,96.73,96.74,90.15,92.98,97.0,90.2,42790405.0,4042941657.0,7.31,6.59
603229,奥翔药业,8.05,8.05,8.06,8.03,8.0,8.06,7.92,5346744.0,42731965.0,0.249,0.02
603230,内蒙新华,9.04,9.03,9.04,9.1,9.11,9.12,9.02,2257400.0,20429093.0,-0.659,-0.06
603231,索宝蛋白,16.35,16.33,16.35,16.38,16.28,16.6,16.16,2758858.0,44941033.0,-0.183,-0.03
603232,格尔软件,15.29,15.29,15.3,15.11,15.09,15.32,15.03,5695600.0,86530628.0,1.191,0.18
603233,大参林,17.72,17.72,17.74,18.25,18.15,18.28,17.7,8880795.0,158580963.0,-2.904,-0.53
603235,天新药业,23.14,23.13,23.14,23.27,23.26,23.38,23.04,223100.0,5160228.0,-0.559,-0.13
603236,XD移远通,56.62,56.61,56.62,54.27,54.74,57.36,54.66,11964484.0,672277281.0,4.33,2.35
603237,五芳斋,15.88,15.88,0.0,14.44,15.7,15.88,15.7,3596699.0,57087483.0,9.972,1.44
603238,诺邦股份,12.05,12.05,12.07,12.06,12.03,12.25,11.9,3694700.0,44724541.0,-0.083,-0.01
603239,浙江仙通,14.09,14.08,14.09,14.05,14.01,14.13,13.9,2066800.0,28964974.0,0.285,0.04
603248,锡华科技,18.0,18.0,18.01,17.98,17.95,18.03,17.79,2704671.0,48424560.0,0.111,0.02
603255,鼎际得,31.92,31.9,31.92,30.91,30.75,32.05,30.51,2203200.0,69350992.0,3.268,1.01
603256,宏和科技,140.76,140.76,140.77,133.92,135.89,141.8,133.7,13542869.0,1879995510.0,5.108,6.84
603257,中国瑞林,66.88,66.83,66.88,66.77,65.79,67.33,65.36,1856385.0,122807240.0,0.165,0.11
603258,电魂网络,12.9,12.9,12.91,12.9,12.9,13.03,12.79,1791900.0,23096779.0,0.0,0.0
603259,药明康德,159.94,159.94,159.95,159.25,159.38,160.41,157.0,34944567.0,5533307226.0,0.433,0.69
603260,合盛硅业,34.73,34.72,34.73,33.79,33.6,34.75,33.32,9544033.0,326068052.0,2.782,0.94
603261,立航科技,58.73,58.73,0.0,53.39,55.0,58.73,53.73,1759600.0,100856416.0,10.002,5.34
603262,技源集团,18.69,18.69,18.7,18.75,18.87,19.24,18.51,4767981.0,89732714.0,-0.32,-0.06
603266,天龙股份,16.0,15.99,16.0,15.92,15.92,16.21,15.77,1770400.0,28394241.0,0.503,0.08
603267,鸿远电子,48.77,48.76,48.77,46.94,46.82,48.85,46.82,5911931.0,284470141.0,3.899,1.83
603268,松发股份,187.0,186.99,187.0,187.3,186.6,188.49,185.0,3390811.0,633114876.0,-0.16,-0.3
603269,海鸥股份,20.16,20.16,0.0,18.33,18.37,20.16,18.16,26662137.0,518272618.0,9.984,1.83
603270,金帝股份,28.05,28.05,28.06,27.62,27.64,28.37,27.41,3359010.0,93519508.0,1.557,0.43
603271,永杰新材,42.95,42.94,42.95,43.07,44.39,44.44,42.41,4079649.0,175138906.0,-0.279,-0.12
603272,*ST联翔,13.92,13.92,13.93,14.39,14.26,14.34,13.86,3061700.0,42932230.0,-3.266,-0.47
603273,天元智能,14.61,14.6,14.61,14.75,14.73,14.73,14.48,2621551.0,38218900.0,-0.949,-0.14
603275,众辰科技,36.83,36.83,36.84,36.77,36.88,36.97,36.2,827600.0,30317732.0,0.163,0.06
603276,恒兴新材,15.45,15.45,15.46,15.68,15.79,15.79,15.15,2813800.0,43338176.0,-1.467,-0.23
603277,银都股份,11.97,11.97,11.98,11.99,11.88,12.31,11.72,4423318.0,53034650.0,-0.167,-0.02
603278,大业股份,9.11,9.1,9.11,9.07,9.01,9.24,9.01,8172800.0,74697781.0,0.441,0.04
603279,景津装备,11.4,11.39,11.4,11.48,11.37,11.47,11.34,19223337.0,218856667.0,-0.697,-0.08
603280,南方路机,26.11,26.11,26.12,26.04,26.08,26.86,25.66,2439800.0,63697498.0,0.269,0.07
603281,江瀚新材,19.5,19.49,19.5,18.75,18.94,19.68,18.83,5151608.0,99677223.0,4.0,0.75
603282,亚光股份,15.96,15.96,15.97,16.09,16.09,16.49,15.88,2628800.0,42724376.0,-0.808,-0.13
603283,赛腾股份,48.48,48.48,48.49,46.18,46.22,49.2,45.68,27630007.0,1320967445.0,4.981,2.3
603284,林平发展,43.05,43.04,43.05,43.58,43.58,44.22,43.0,1729761.0,75026648.0,-1.216,-0.53
603285,键邦股份,34.29,34.29,34.3,34.34,34.19,34.55,33.38,6163478.0,209667334.0,-0.146,-0.05
603286,日盈电子,44.94,44.94,44.95,43.56,42.91,45.51,42.56,6058835.0,268132453.0,3.168,1.38
603288,海天味业,34.1,34.1,34.11,35.93,35.2,35.2,33.74,52351986.0,1783603123.0,-5.093,-1.83
603289,泰瑞机器,8.86,8.86,8.87,8.97,8.95,9.15,8.81,3584300.0,31794914.0,-1.226,-0.11
603290,斯达半导,93.25,93.25,93.26,91.04,91.86,93.56,90.16,9104684.0,839022870.0,2.428,2.21
603291,联合水务,8.99,8.98,8.99,9.13,9.05,9.12,8.87,3413300.0,30600605.0,-1.533,-0.14
603293,埃泰克,35.55,35.55,35.56,35.34,35.34,35.61,35.1,931818.0,33006336.0,0.594,0.21
603296,华勤技术,78.49,78.49,78.5,77.19,77.8,79.18,76.9,21145601.0,1647488510.0,1.684,1.3
603297,永新光学,107.28,107.28,107.3,106.87,106.5,108.2,104.69,1134149.0,121147080.0,0.384,0.41
603298,杭叉集团,26.36,26.36,26.38,26.88,26.61,26.66,25.86,4968621.0,130142316.0,-1.935,-0.52
603299,苏盐井神,8.84,8.84,8.85,8.79,8.81,8.88,8.72,5890089.0,51822032.0,0.569,0.05
603300,海南华铁,4.81,4.8,4.81,4.8,4.79,4.82,4.75,26975923.0,129213913.0,0.208,0.01
603301,振德医疗,84.09,84.04,84.09,84.55,84.39,86.4,83.5,1694483.0,143358008.0,-0.544,-0.46
603303,得邦照明,24.44,24.43,24.44,22.92,22.92,24.95,22.71,3068148.0,74465215.0,6.632,1.52
603305,旭升集团,11.27,11.27,11.28,11.25,11.23,11.3,11.13,10336000.0,115969979.0,0.178,0.02
603306,华懋科技,77.47,77.46,77.47,74.18,74.25,78.45,74.0,12382273.0,951205785.0,4.435,3.29
603307,扬州金泉,24.86,24.86,24.97,24.88,24.78,25.3,24.6,1359670.0,34050408.0,-0.08,-0.02
603308,应流股份,45.05,45.04,45.05,43.95,44.35,45.14,43.34,13254144.0,590036455.0,2.503,1.1
603309,维力医疗,11.39,11.39,11.4,11.39,11.35,11.4,11.29,2773694.0,31491859.0,0.0,0.0
603310,巍华新材,14.51,14.51,14.53,14.56,14.44,14.6,14.43,1362242.0,19752384.0,-0.343,-0.05
603311,金海高科,27.75,27.75,27.78,27.8,27.65,28.12,27.14,3065600.0,84974256.0,-0.18,-0.05
603312,西典新能,31.81,31.8,31.81,31.92,31.75,31.97,31.52,623000.0,19753104.0,-0.345,-0.11
603313,梦百合,6.05,6.04,6.05,6.1,6.1,6.16,6.0,10652330.0,64281034.0,-0.82,-0.05
603315,福鞍股份,11.78,11.77,11.78,11.65,11.63,11.87,11.53,3597300.0,42249823.0,1.116,0.13
603316,诚邦股份,14.23,14.23,14.24,13.83,13.83,14.3,13.8,5969400.0,84291937.0,2.892,0.4
603317,天味食品,13.4,13.39,13.4,13.24,13.24,13.5,13.15,9630765.0,128062304.0,1.208,0.16
603318,水发燃气,9.94,9.94,9.95,10.05,10.01,10.18,9.81,65398228.0,648877546.0,-1.095,-0.11
603319,美湖股份,29.45,29.45,0.0,26.77,26.77,29.45,26.77,21377878.0,603684138.0,10.011,2.68
603320,迪贝电气,17.63,17.63,17.64,17.22,17.0,17.85,16.93,5995846.0,104220598.0,2.381,0.41
603321,梅轮电梯,6.41,6.4,6.41,6.4,6.4,6.45,6.34,2774800.0,17723299.0,0.156,0.01
603322,超讯科技,25.43,25.43,25.44,25.14,25.23,25.55,25.1,2968300.0,75231882.0,1.154,0.29
603323,苏农银行,4.32,4.31,4.32,4.36,4.34,4.37,4.26,53006330.0,227871684.0,-0.917,-0.04
603324,盛剑科技,27.64,27.61,27.64,27.01,27.01,27.91,26.76,3690201.0,101431923.0,2.332,0.63
603325,博隆技术,55.02,55.02,55.05,54.82,54.81,55.44,54.02,548860.0,29989097.0,0.365,0.2
603326,我乐家居,7.07,7.07,7.08,7.12,7.12,7.13,7.02,3153100.0,22288922.0,-0.702,-0.05
603327,福蓉科技,9.54,9.54,9.55,9.48,9.45,9.55,9.33,30922843.0,292507004.0,0.633,0.06
603328,依顿电子,10.98,10.98,10.99,10.76,10.76,11.07,10.76,13675013.0,149566672.0,2.045,0.22
603329,上海雅仕,10.31,10.31,10.32,10.4,10.3,10.57,10.26,4452070.0,46026151.0,-0.865,-0.09
603330,天洋新材,10.87,10.87,10.88,11.18,10.96,11.48,10.6,103141420.0,1131581864.0,-2.773,-0.31
603331,百达精工,12.76,12.75,12.76,12.61,12.61,12.94,12.54,3214900.0,40945482.0,1.19,0.15
603332,苏州龙杰,11.66,11.65,11.66,11.71,11.62,11.74,11.59,2951900.0,34405523.0,-0.427,-0.05
603333,福华尚纬,10.22,10.21,10.22,10.07,9.98,10.27,9.91,24904311.0,252028668.0,1.49,0.15
603334,丰倍生物,32.06,32.06,32.07,31.57,31.56,32.14,31.39,1366691.0,43627515.0,1.552,0.49
603335,迪生力,6.56,6.56,6.57,6.58,6.54,6.66,6.48,14318300.0,94010454.0,-0.304,-0.02
603336,宏辉果蔬,9.58,9.57,9.58,9.14,9.14,9.65,9.14,22359328.0,211633883.0,4.814,0.44
603337,杰克科技,38.24,38.24,38.25,38.19,38.2,38.49,37.86,2387725.0,91256469.0,0.131,0.05
603338,浙江鼎力,57.8,57.77,57.8,57.58,57.53,58.09,56.5,4015300.0,230149739.0,0.382,0.22
603339,四方科技,14.38,14.38,14.39,14.28,14.28,14.39,14.16,6061266.0,86728923.0,0.7,0.1
603341,龙旗科技,38.1,38.1,38.11,36.97,36.96,38.25,36.9,10851249.0,410564325.0,3.057,1.13
603344,星德胜,23.48,23.48,23.49,23.14,23.17,23.62,22.92,2794100.0,64839383.0,1.469,0.34
603345,安井食品,77.48,77.48,77.5,77.22,77.45,78.0,76.1,8250977.0,634576953.0,0.337,0.26
603348,文灿股份,14.28,14.28,14.29,14.5,14.53,14.65,14.2,1620797.0,23201846.0,-1.517,-0.22
603350,安乃达,28.29,28.26,28.29,28.48,28.57,28.57,28.13,252200.0,7136532.0,-0.667,-0.19
603351,威尔药业,26.23,26.23,26.28,26.6,26.63,26.75,26.0,1235600.0,32428622.0,-1.391,-0.37
603352,至信股份,25.78,25.78,25.79,25.82,25.92,25.92,25.52,763992.0,19642779.0,-0.155,-0.04
603353,和顺石油,32.2,32.19,32.2,30.85,30.55,32.47,30.43,3572060.0,112594385.0,4.376,1.35
603355,莱克电气,29.01,29.0,29.01,29.61,28.61,29.33,27.07,6240442.0,175864032.0,-2.026,-0.6
603356,华菱精工,16.91,16.9,16.91,16.86,16.75,17.01,16.75,2304000.0,38974639.0,0.297,0.05
603357,设计总院,6.01,6.01,6.02,6.08,6.07,6.07,6.0,3428740.0,20647199.0,-1.151,-0.07
603358,华达科技,47.68,47.68,47.69,46.48,44.31,47.85,44.25,10337399.0,481469688.0,2.582,1.2
603359,*ST东珠,2.24,2.24,2.25,2.3,2.28,2.3,2.22,5744540.0,12894499.0,-2.609,-0.06
603360,百傲化学,13.82,13.81,13.82,13.63,13.49,13.88,13.32,23161380.0,315762604.0,1.394,0.19
603363,傲农生物,2.98,2.97,2.98,2.9,2.89,2.98,2.88,38381330.0,113081314.0,2.759,0.08
603365,水星家纺,17.18,17.18,17.19,17.29,17.25,17.48,17.02,2001800.0,34445410.0,-0.636,-0.11
603366,日出东方,7.22,7.22,7.23,7.29,7.21,7.25,7.15,21481332.0,154507599.0,-0.96,-0.07
603367,辰欣药业,14.79,14.79,14.8,14.5,14.42,14.85,14.42,11561600.0,169602449.0,2.0,0.29
603368,柳药集团,15.98,15.97,15.98,15.9,15.93,16.08,15.88,3703855.0,59143432.0,0.503,0.08
603369,今世缘,28.5,28.49,28.5,28.1,27.99,28.52,27.65,12037167.0,338256468.0,1.423,0.4
603370,华新精科,32.81,32.8,32.81,32.82,33.17,33.17,32.4,375018.0,12287038.0,-0.03,-0.01
603373,安邦护卫,42.46,42.45,42.46,40.19,40.77,43.47,40.5,2699012.0,114602633.0,5.648,2.27
603375,盛景微,38.03,38.03,38.04,37.11,37.0,38.13,37.0,1080906.0,40776400.0,2.479,0.92
603376,大明电子,26.07,26.07,26.08,26.09,25.93,26.15,25.71,1471958.0,38222154.0,-0.077,-0.02
603377,ST东时,2.9,2.89,2.9,2.91,2.9,2.92,2.89,1320200.0,3827155.0,-0.344,-0.01
603378,*ST亚士,6.5,6.49,6.5,6.54,6.41,6.64,6.21,11290030.0,71928483.0,-0.612,-0.04
603379,三美股份,59.76,59.75,59.76,58.69,58.1,59.95,57.09,11017159.0,643952805.0,1.823,1.07
603380,易德龙,34.29,34.29,34.3,33.98,33.88,34.6,33.56,3820916.0,129768565.0,0.912,0.31
603381,永臻股份,15.35,15.35,15.36,15.45,15.35,15.42,15.15,4828526.0,73847883.0,-0.647,-0.1
603382,海阳科技,19.64,19.64,19.65,19.33,19.28,19.75,19.24,4375785.0,85382014.0,1.604,0.31
603383,顶点软件,29.49,29.48,29.49,29.33,29.24,29.66,28.93,2758007.0,80742955.0,0.546,0.16
603385,惠达卫浴,5.6,5.6,5.61,5.66,5.67,5.68,5.55,2998700.0,16810615.0,-1.06,-0.06
603386,骏亚科技,14.15,14.15,14.16,13.72,13.72,14.22,13.72,6794800.0,95495244.0,3.134,0.43
603387,基蛋生物,9.41,9.4,9.41,9.53,9.55,9.79,9.33,14309597.0,135392245.0,-1.259,-0.12
603389,亚振家居,43.3,43.3,43.31,43.26,43.25,43.47,42.33,1783220.0,76470892.0,0.092,0.04
603390,通达电气,10.04,10.04,10.05,10.0,9.94,10.08,9.91,4643200.0,46428870.0,0.4,0.04
603391,力聚热能,69.3,69.3,69.57,67.66,67.9,69.5,66.51,1708100.0,116635553.0,2.424,1.64
603392,万泰生物,31.34,31.34,31.35,30.91,32.0,32.44,30.63,18348301.0,574016477.0,1.391,0.43
603393,新天然气,25.99,25.98,25.99,25.14,25.23,26.14,25.01,9811260.0,251288194.0,3.381,0.85
603395,红四方,29.33,29.33,29.34,28.81,28.31,30.3,27.78,22355363.0,648794595.0,1.805,0.52
603396,金辰股份,29.0,28.99,29.0,28.44,28.16,30.44,27.45,16761293.0,477305487.0,1.969,0.56
603398,*ST沐邦,10.43,10.42,10.43,9.8,9.8,10.59,9.77,6940000.0,70780012.0,6.429,0.63
603399,永杉锂业,15.08,15.08,15.09,14.8,14.72,15.09,14.57,45428720.0,677143584.0,1.892,0.28
603400,华之杰,45.61,45.6,45.61,46.52,44.99,46.39,44.2,3290989.0,149642165.0,-1.956,-0.91
603402,陕西旅游,65.52,65.52,65.53,65.13,64.68,66.02,64.03,2114742.0,137994223.0,0.599,0.39
603406,天富龙,29.72,29.72,29.73,28.76,28.62,29.72,28.6,3456200.0,100902552.0,3.338,0.96
603407,长裕集团,58.41,58.41,58.42,55.99,55.79,58.75,55.01,5838340.0,334167770.0,4.322,2.42
603408,建霖家居,11.56,11.55,11.56,11.51,11.49,11.6,11.36,4259200.0,48966779.0,0.434,0.05
603409,汇通控股,18.1,18.1,18.11,18.2,18.08,18.35,18.04,1934679.0,35128219.0,-0.549,-0.1
603416,信捷电气,47.01,47.0,47.01,45.4,47.86,48.48,46.49,3196920.0,151086278.0,3.546,1.61
603418,友升股份,43.91,43.9,43.91,44.05,44.04,44.04,43.62,743977.0,32599141.0,-0.318,-0.14
603421,鼎信通讯,5.83,5.83,5.84,5.94,5.73,5.88,5.63,10814071.0,62703538.0,-1.852,-0.11
603429,*ST集友,8.47,8.46,8.48,8.79,8.81,8.82,8.38,5172776.0,44069201.0,-3.641,-0.32
603435,嘉德利,53.3,53.3,0.0,48.45,48.9,53.3,48.5,3564441.0,184840163.0,10.01,4.85
603439,三力制药,12.47,12.46,12.47,12.51,12.45,12.72,12.31,7304600.0,91132609.0,-0.32,-0.04
603444,吉比特,388.36,388.35,388.36,386.34,387.0,388.45,382.51,1132660.0,436661488.0,0.523,2.02
603456,九洲药业,15.97,15.97,15.98,16.01,15.93,16.15,15.69,22680296.0,359824932.0,-0.25,-0.04
603458,勘设股份,9.1,9.1,9.11,9.33,9.16,9.39,9.02,14171640.0,129896549.0,-2.465,-0.23
603459,红板科技,89.45,89.45,89.46,86.35,86.9,89.99,86.3,12301245.0,1088497851.0,3.59,3.1
603466,风语筑,11.09,11.08,11.09,10.91,10.91,11.25,10.89,43648662.0,481749635.0,1.65,0.18
603468,津富士达,24.01,24.01,24.02,23.84,23.82,24.19,23.61,3721830.0,88961124.0,0.713,0.17
603477,巨星农牧,15.14,15.13,15.14,14.8,14.76,15.2,14.76,13325792.0,199819758.0,2.297,0.34
603486,科沃斯,53.03,53.03,53.05,53.78,53.64,53.69,52.53,5960994.0,315537068.0,-1.395,-0.75
603488,展鹏科技,8.18,8.18,8.19,8.19,8.17,8.27,8.09,6939300.0,56807912.0,-0.122,-0.01
603489,八方股份,28.1,28.09,28.1,28.25,28.01,28.34,27.66,2046548.0,57272601.0,-0.531,-0.15
603496,恒为科技,23.81,23.81,23.82,23.63,23.69,23.81,23.46,7735483.0,182963811.0,0.762,0.18
603499,翔港科技,12.02,12.02,12.03,11.76,11.69,12.15,11.69,3415596.0,40696014.0,2.211,0.26
603500,祥和实业,9.68,9.67,9.68,9.4,9.4,9.95,9.34,9035200.0,87375601.0,2.979,0.28
603501,豪威集团,84.54,84.54,84.55,84.0,84.29,84.94,83.3,12907243.0,1086204776.0,0.643,0.54
603505,金石资源,15.89,15.88,15.89,15.39,15.41,15.99,15.33,14005740.0,219742341.0,3.249,0.5
603506,南都物业,11.3,11.29,11.3,11.08,11.13,11.4,11.03,4168600.0,46828539.0,1.986,0.22
603507,振江股份,23.59,23.58,23.59,23.1,23.01,23.68,22.82,7092597.0,165323138.0,2.121,0.49
603508,思维列控,21.59,21.59,21.6,21.7,21.88,21.88,21.5,2665148.0,57522522.0,-0.507,-0.11
603511,爱慕股份,12.49,12.49,12.5,12.68,12.71,12.71,12.44,1279481.0,15994143.0,-1.498,-0.19
603515,欧普照明,16.41,16.41,16.42,16.63,16.59,16.66,16.34,929675.0,15322501.0,-1.323,-0.22
603516,淳中科技,93.6,93.6,93.7,89.88,89.35,93.94,89.26,8081806.0,746355265.0,4.139,3.72
603517,ST绝味,11.33,11.33,11.35,11.39,11.39,11.4,11.3,2566300.0,29116182.0,-0.527,-0.06
603518,锦泓集团,8.02,8.01,8.02,8.15,8.12,8.16,7.97,9213140.0,74104533.0,-1.595,-0.13
603519,立霸股份,17.07,17.07,17.08,16.36,16.2,17.38,16.2,12816595.0,215411732.0,4.34,0.71
603520,司太立,9.14,9.14,9.15,9.02,8.98,9.17,8.96,7826512.0,71051110.0,1.33,0.12
603527,众源新材,10.05,10.04,10.05,10.27,10.05,10.15,9.94,7996100.0,80301654.0,-2.142,-0.22
603528,多伦科技,6.33,6.33,6.34,6.41,6.39,6.41,6.32,5625000.0,35736198.0,-1.248,-0.08
603529,爱玛科技,21.48,21.47,21.48,21.95,21.94,21.94,21.3,7662268.0,164689222.0,-2.141,-0.47
603530,神马电力,47.47,47.45,47.47,47.3,47.3,47.84,43.41,8843999.0,405023253.0,0.359,0.17
603533,掌阅科技,20.71,20.7,20.71,20.76,20.86,20.99,20.4,13706500.0,282771297.0,-0.241,-0.05
603535,嘉诚国际,6.26,6.26,6.27,6.32,6.3,6.32,6.25,3514145.0,22051134.0,-0.949,-0.06
603536,惠发食品,9.5,9.5,9.51,9.39,9.37,9.61,9.37,4369912.0,41453724.0,1.171,0.11
603538,美诺华,27.1,27.1,27.11,26.16,26.11,27.9,26.0,57158138.0,1556842560.0,3.593,0.94
603551,奥普科技,9.28,9.28,9.29,9.38,9.39,9.4,9.18,3102000.0,28706798.0,-1.066,-0.1
603556,海兴电力,24.83,24.83,24.84,25.48,25.39,25.39,24.61,7183357.0,178669871.0,-2.551,-0.65
603557,*ST起步,3.52,3.51,3.52,3.36,3.36,3.58,3.33,9249400.0,31938147.0,4.762,0.16
603558,健盛集团,11.82,11.81,11.82,11.88,11.84,11.84,11.72,2559600.0,30131654.0,-0.505,-0.06
603559,中通国脉,8.71,8.7,8.71,8.72,8.73,8.79,8.59,6995943.0,60647374.0,-0.115,-0.01
603565,中谷物流,12.89,12.89,12.9,12.75,12.63,13.1,12.62,38694910.0,496121172.0,1.098,0.14
603566,普莱柯,10.23,10.22,10.23,10.32,10.3,10.34,10.16,1935223.0,19798846.0,-0.872,-0.09
603567,珍宝岛,5.86,5.86,5.87,5.67,5.63,5.99,5.62,48779902.0,284514826.0,3.351,0.19
603568,伟明环保,15.04,15.04,15.05,15.03,14.97,15.19,14.85,6670596.0,100287647.0,0.067,0.01
603569,长久物流,6.04,6.04,6.05,6.2,6.18,6.24,5.99,5958340.0,36108443.0,-2.581,-0.16
603577,汇金通,10.25,10.24,10.25,10.3,10.19,10.32,10.14,3270800.0,33375384.0,-0.485,-0.05
603578,三星新材,13.21,13.21,13.22,13.17,13.0,13.23,13.0,2510200.0,32990740.0,0.304,0.04
603579,荣泰健康,17.92,17.91,17.92,18.12,18.16,18.16,17.82,1784299.0,31998237.0,-1.104,-0.2
603580,艾艾精工,80.52,80.52,0.0,73.2,74.66,80.52,72.46,8442728.0,657379110.0,10.0,7.32
603583,捷昌驱动,24.78,24.78,24.79,23.98,24.63,24.96,24.25,6864654.0,169274025.0,3.336,0.8
603585,苏利股份,10.3,10.29,10.3,10.31,10.4,10.4,10.22,2207768.0,22736248.0,-0.097,-0.01
603586,金麒麟,13.41,13.41,13.42,13.53,13.5,13.68,13.4,1345000.0,18103691.0,-0.887,-0.12
603587,地素时尚,11.66,11.66,11.67,11.79,11.72,11.81,11.61,1916700.0,22408294.0,-1.103,-0.13
603588,高能环境,15.55,15.55,15.56,14.51,14.42,15.7,14.12,100924379.0,1504373556.0,7.167,1.04
603589,口子窖,19.11,19.1,19.11,19.27,19.15,19.22,18.94,3735107.0,71195930.0,-0.83,-0.16
603590,康辰药业,31.48,31.47,31.48,31.07,30.78,31.56,30.63,2637100.0,81973729.0,1.32,0.41
603595,ST东尼,26.88,26.85,26.88,26.2,25.1,26.88,25.1,2158400.0,56678845.0,2.595,0.68
603596,伯特利,25.9,25.9,25.91,25.66,25.41,26.1,25.18,10393254.0,267254634.0,0.935,0.24
603598,引力传媒,16.81,16.81,16.82,16.76,16.72,16.85,16.63,7118200.0,119281438.0,0.298,0.05
603599,广信股份,10.34,10.34,10.35,10.2,10.19,10.37,10.11,11359836.0,116638617.0,1.373,0.14
603600,永艺股份,9.96,9.95,9.96,9.59,9.55,9.99,9.5,12441250.0,121582138.0,3.858,0.37
603601,再升科技,9.04,9.03,9.04,8.88,8.86,9.07,8.84,34831058.0,313192120.0,1.802,0.16
603602,纵横通信,11.63,11.63,11.64,11.66,11.67,11.73,11.55,1884096.0,21902820.0,-0.257,-0.03
603605,珀莱雅,62.34,62.34,62.35,63.26,63.26,63.8,61.87,7648260.0,477878605.0,-1.454,-0.92
603606,东方电缆,34.24,34.24,34.25,34.37,34.2,34.44,33.58,17376554.0,589941465.0,-0.378,-0.13
603607,京华激光,22.37,22.36,22.37,21.21,21.09,22.46,21.09,8552759.0,187579328.0,5.469,1.16
603608,天创时尚,17.91,17.91,17.92,17.69,17.55,18.13,17.5,10194860.0,182298172.0,1.244,0.22
603609,禾丰股份,6.46,6.45,6.46,6.47,6.46,6.51,6.4,2340200.0,15099293.0,-0.155,-0.01
603610,麒盛科技,14.69,14.68,14.69,14.93,14.99,15.0,14.37,6633553.0,97153144.0,-1.608,-0.24
603611,诺力股份,16.57,16.56,16.57,17.38,16.82,16.83,16.41,6379900.0,105687045.0,-4.661,-0.81
603612,索通发展,17.36,17.36,17.37,17.16,17.13,17.42,16.86,13159375.0,226025074.0,1.166,0.2
603613,国联股份,18.55,18.54,18.55,18.43,18.3,18.68,18.28,7670616.0,142080722.0,0.651,0.12
603615,茶花股份,18.5,18.5,18.51,18.61,18.69,18.85,18.23,10343100.0,191036018.0,-0.591,-0.11
603616,韩建河山,5.66,5.65,5.66,5.63,5.64,5.71,5.61,6894700.0,38999236.0,0.533,0.03
603617,君禾股份,6.77,6.77,6.78,6.79,6.79,6.88,6.73,5508544.0,37371763.0,-0.295,-0.02
603618,杭电股份,35.11,35.11,0.0,31.92,33.5,35.11,33.5,66980535.0,2296869925.0,9.994,3.19
603619,中曼石油,23.79,23.78,23.79,22.9,22.79,23.89,22.67,32279728.0,761185878.0,3.886,0.89
603626,科森科技,19.84,19.84,19.85,19.63,19.54,20.0,19.11,56508447.0,1112581872.0,1.07,0.21
603628,清源股份,9.61,9.61,9.62,9.8,9.75,9.76,9.52,2918038.0,28049499.0,-1.939,-0.19
603629,利通电子,125.22,125.22,125.23,117.57,119.99,125.37,117.1,39527162.0,4822379857.0,6.507,7.65
603630,拉芳家化,13.91,13.91,13.92,14.03,13.92,14.07,13.76,5403898.0,75084120.0,-0.855,-0.12
603633,徕木股份,6.55,6.55,6.56,6.52,6.49,6.58,6.44,5344130.0,34869534.0,0.46,0.03
603636,南威软件,6.92,6.92,6.93,6.94,6.9,7.02,6.87,8913100.0,61979577.0,-0.288,-0.02
603637,镇海股份,14.8,14.8,14.83,14.8,14.95,15.04,14.53,14821000.0,218715381.0,0.0,0.0
603638,艾迪精密,18.92,18.91,18.92,18.86,18.8,18.95,18.67,5905691.0,111211907.0,0.318,0.06
603639,海利尔,10.86,10.86,10.87,10.86,10.86,10.9,10.73,1583300.0,17130065.0,0.0,0.0
603648,畅联股份,9.5,9.5,9.51,9.43,9.39,9.53,9.38,2823798.0,26727886.0,0.742,0.07
603650,彤程新材,63.98,63.98,63.99,61.99,62.16,64.46,61.51,14606634.0,925512172.0,3.21,1.99
603655,朗博科技,31.9,31.88,31.9,31.99,31.7,32.15,31.6,882200.0,28111139.0,-0.281,-0.09
603656,泰禾智能,17.58,17.57,17.59,17.48,17.45,17.58,17.23,1191222.0,20805333.0,0.572,0.1
603657,春光科技,23.87,23.86,23.87,23.78,23.71,24.37,23.66,3380800.0,81054287.0,0.378,0.09
603658,安图生物,33.52,33.52,33.53,33.41,33.29,33.54,32.52,4534661.0,149709571.0,0.329,0.11
603659,璞泰来,23.91,23.9,23.91,24.12,24.02,24.11,23.47,25748112.0,611146975.0,-0.871,-0.21
603660,苏州科达,10.76,10.76,10.77,10.68,10.64,10.79,10.52,14138762.0,151088025.0,0.749,0.08
603661,恒林股份,31.5,31.49,31.5,31.87,31.53,31.94,30.04,3487500.0,107747898.0,-1.161,-0.37
603662,柯力传感,49.66,49.66,49.68,48.67,48.82,49.75,48.55,2798942.0,138003467.0,2.034,0.99
603663,三祥新材,44.16,44.16,44.17,41.18,41.42,44.37,40.81,30135547.0,1295796938.0,7.237,2.98
603665,康隆达,19.9,19.9,19.92,20.18,19.97,20.3,19.78,2626600.0,52466343.0,-1.388,-0.28
603666,亿嘉和,26.9,26.9,26.95,27.66,27.6,27.78,26.9,5156500.0,140879128.0,-2.748,-0.76
603667,五洲新春,52.55,52.54,52.55,50.69,51.1,52.68,50.71,15730425.0,816940266.0,3.669,1.86
603668,天马科技,10.29,10.29,10.3,10.11,10.11,10.35,10.04,5682790.0,58288446.0,1.78,0.18
603669,灵康药业,5.56,5.56,5.57,5.48,5.46,5.6,5.43,28484498.0,157435364.0,1.46,0.08
603676,卫信康,9.36,9.36,9.37,9.35,9.35,9.46,9.3,1517000.0,14208661.0,0.107,0.01
603677,奇精机械,13.55,13.54,13.55,13.61,13.59,13.77,13.51,888886.0,12084086.0,-0.441,-0.06
603678,火炬电子,47.96,47.96,47.97,45.41,46.03,48.3,45.3,16275918.0,768716466.0,5.616,2.55
603679,华体科技,23.35,23.35,23.36,22.84,23.12,23.75,22.02,12786453.0,296030635.0,2.233,0.51
603680,今创集团,10.3,10.3,10.31,10.32,10.29,10.33,10.13,3730037.0,38122630.0,-0.194,-0.02
603681,永冠新材,18.52,18.51,18.52,18.37,18.28,18.58,17.8,6847787.0,125650214.0,0.817,0.15
603682,锦和商管,11.36,11.36,11.37,11.31,11.22,11.64,11.22,11825986.0,135051466.0,0.442,0.05
603683,晶华新材,15.96,15.96,15.97,15.69,15.61,15.99,15.55,14245158.0,225547907.0,1.721,0.27
603685,晨丰科技,24.08,24.05,24.08,24.18,24.29,24.35,23.88,1561111.0,37537462.0,-0.414,-0.1
603686,福龙马,13.0,12.99,13.0,13.0,12.99,13.04,12.83,5690700.0,73776930.0,0.0,0.0
603687,大胜达,15.39,15.38,15.39,14.64,14.57,15.64,14.5,42717164.0,649926245.0,5.123,0.75
603688,石英股份,51.56,51.56,0.0,46.87,46.86,51.56,46.74,20859253.0,1040093622.0,10.006,4.69
603689,皖天然气,7.6,7.59,7.6,7.67,7.69,7.69,7.55,4099120.0,31157381.0,-0.913,-0.07
603690,至纯科技,25.63,25.62,25.63,24.72,24.84,26.19,24.43,25899580.0,656772296.0,3.681,0.91
603693,江苏新能,11.33,11.32,11.33,11.35,11.28,11.33,10.98,7576820.0,84405513.0,-0.176,-0.02
603696,安记食品,14.08,14.08,14.09,13.21,13.18,14.53,13.1,27989401.0,395120151.0,6.586,0.87
603697,有友食品,9.45,9.44,9.45,9.45,9.45,9.51,9.39,2256300.0,21292300.0,0.0,0.0
603698,航天工程,21.8,21.8,21.81,21.54,21.3,21.87,21.25,10110018.0,218527692.0,1.207,0.26
603699,纽威股份,51.76,51.75,51.76,52.75,52.23,52.94,51.2,7489600.0,388301238.0,-1.877,-0.99
603700,宁水集团,11.56,11.55,11.56,12.11,12.12,12.12,11.53,9701100.0,113546294.0,-4.542,-0.55
603701,德宏股份,19.72,19.69,19.72,19.44,19.51,20.01,19.35,3365720.0,66590101.0,1.44,0.28
603703,盛洋科技,10.16,10.16,10.17,9.98,9.95,10.25,9.87,12080681.0,122209237.0,1.804,0.18
603706,东方环宇,18.24,18.24,18.25,19.71,18.9,19.09,17.86,4816895.0,87900097.0,-7.458,-1.47
603707,健友股份,8.24,8.23,8.24,8.08,8.05,8.3,8.05,13382505.0,109475528.0,1.98,0.16
603708,家家悦,9.29,9.29,9.3,9.2,9.2,9.34,9.12,5716350.0,52811875.0,0.978,0.09
603709,中源家居,11.92,11.92,11.93,11.96,11.95,12.15,11.84,3584530.0,42873490.0,-0.334,-0.04
603711,香飘飘,11.47,11.47,11.48,11.54,11.61,11.63,11.43,3460400.0,39763171.0,-0.607,-0.07
603712,七一二,11.42,11.42,11.43,11.28,11.33,11.45,11.25,10439801.0,118698015.0,1.241,0.14
603713,密尔克卫,64.22,64.22,64.26,63.42,63.3,64.5,63.0,1369982.0,87104549.0,1.261,0.8
603716,塞力医疗,16.41,16.41,16.42,15.93,15.9,16.55,15.85,16612633.0,269484952.0,3.013,0.48
603717,天域生物,6.57,6.54,6.57,6.55,6.52,6.64,6.5,6905740.0,45231747.0,0.305,0.02
603718,*ST海利,3.08,3.07,3.08,3.1,3.11,3.11,3.04,6094500.0,18714958.0,-0.645,-0.02
603719,良品铺子,9.43,9.43,9.44,9.4,9.34,9.6,9.34,3486099.0,32932298.0,0.319,0.03
603721,中广天择,17.47,17.47,17.48,17.95,17.53,18.14,17.39,3443600.0,60346919.0,-2.674,-0.48
603722,阿科力,29.94,29.94,29.95,29.55,29.5,30.12,29.11,1067500.0,31640318.0,1.32,0.39
603725,天安新材,11.99,11.98,11.99,12.53,12.52,12.57,11.85,19938140.0,242590453.0,-4.31,-0.54
603726,朗迪集团,24.58,24.58,24.6,23.96,23.97,25.02,23.85,3575361.0,87486699.0,2.588,0.62
603727,博迈科,18.49,18.47,18.49,18.18,18.12,18.59,17.98,1850200.0,33918898.0,1.705,0.31
603728,鸣志电器,47.88,47.88,47.9,47.51,47.5,48.15,47.1,4274518.0,203888031.0,0.779,0.37
603729,ST龙韵,11.77,11.75,11.77,11.77,11.74,11.77,11.55,930800.0,10862052.0,0.0,0.0
603730,岱美股份,10.87,10.86,10.87,10.69,10.6,10.91,10.46,14388585.0,154490376.0,1.684,0.18
603733,仙鹤股份,21.71,21.71,21.72,21.16,21.16,21.86,21.03,7230620.0,155512846.0,2.599,0.55
603737,三棵树,24.84,24.84,24.85,25.25,25.13,25.32,24.63,7706822.0,191502381.0,-1.624,-0.41
603738,泰晶科技,42.09,42.09,42.1,38.81,39.44,42.69,38.7,66826428.0,2756376227.0,8.451,3.28
603739,蔚蓝生物,12.58,12.58,12.59,12.55,12.57,12.69,12.42,3349400.0,41966972.0,0.239,0.03
603755,日辰股份,23.34,23.34,23.45,23.37,23.45,23.64,23.0,610500.0,14264945.0,-0.128,-0.03
603757,大元泵业,67.8,67.79,67.8,63.51,63.61,68.8,63.61,16020053.0,1073375195.0,6.755,4.29
603758,秦安股份,12.21,12.21,12.22,12.68,12.42,12.55,11.9,31726836.0,387373067.0,-3.707,-0.47
603759,海天股份,7.7,7.7,7.71,8.0,8.05,8.08,7.62,13853250.0,106889231.0,-3.75,-0.3
603766,隆鑫通用,14.62,14.61,14.62,14.79,14.81,14.99,14.37,15616832.0,227189473.0,-1.149,-0.17
603767,中马传动,14.31,14.31,14.33,14.35,14.2,14.43,14.19,2469822.0,35385007.0,-0.279,-0.04
603768,常青股份,11.54,11.54,11.55,11.73,11.63,11.74,11.48,2156100.0,24933725.0,-1.62,-0.19
603773,沃格光电,98.46,98.46,98.47,93.32,96.0,99.0,93.08,20062350.0,1940580392.0,5.508,5.14
603776,永安行,20.2,20.2,20.25,20.11,20.15,20.36,19.88,1742935.0,34990087.0,0.448,0.09
603777,来伊份,13.8,13.8,13.83,13.93,13.9,14.14,13.66,6086606.0,84321610.0,-0.933,-0.13
603778,国晟科技,9.42,9.41,9.42,9.35,9.33,9.44,9.21,21150216.0,197811150.0,0.749,0.07
603779,威龙股份,7.97,7.97,7.98,8.14,8.06,8.2,7.92,13652990.0,109267011.0,-2.088,-0.17
603786,科博达,39.89,39.88,39.89,39.83,39.7,39.94,39.37,1425285.0,56609129.0,0.151,0.06
603787,新日股份,10.04,10.04,10.05,10.35,10.19,10.24,9.95,3865400.0,38921262.0,-2.995,-0.31
603788,宁波高发,13.66,13.66,13.67,13.76,13.63,13.78,13.55,1384060.0,18888575.0,-0.727,-0.1
603789,ST星农,6.31,6.3,6.31,6.24,6.2,6.37,6.14,3320690.0,20867375.0,1.122,0.07
603790,雅运股份,23.28,23.27,23.28,23.18,23.18,23.59,22.9,2347800.0,54569913.0,0.431,0.1
603797,联泰环保,4.77,4.77,4.78,4.7,4.71,4.77,4.63,10379567.0,48776068.0,1.489,0.07
603798,康普顿,13.4,13.39,13.4,12.97,12.97,13.52,12.85,3817000.0,50608272.0,3.315,0.43
603799,华友钴业,40.18,40.18,40.19,39.97,39.6,40.27,39.39,44098461.0,1756664891.0,0.525,0.21
603800,洪田股份,65.22,65.22,65.25,60.39,61.02,65.9,60.48,7828389.0,500653360.0,7.998,4.83
603801,志邦家居,6.4,6.4,6.41,6.54,6.5,6.7,6.33,33315980.0,214263970.0,-2.141,-0.14
603803,瑞斯康达,11.2,11.2,11.21,11.1,11.1,11.27,10.9,24523042.0,273790800.0,0.901,0.1
603806,福斯特,15.34,15.34,15.35,15.08,15.09,15.35,14.86,24709310.0,374386362.0,1.724,0.26
603808,歌力思,8.48,8.47,8.48,8.6,8.57,8.68,8.47,3139200.0,26878367.0,-1.395,-0.12
603809,豪能股份,8.98,8.98,8.99,9.0,9.03,9.03,8.91,5174764.0,46432683.0,-0.222,-0.02
603810,丰山集团,12.48,12.47,12.48,12.49,12.53,12.55,12.34,1579900.0,19698305.0,-0.08,-0.01
603811,诚意药业,7.36,7.36,7.37,7.45,7.37,7.49,7.3,5873800.0,43269418.0,-1.208,-0.09
603813,原尚股份,28.2,28.2,28.24,28.96,28.68,29.19,27.88,875999.0,24893060.0,-2.624,-0.76
603815,交建股份,5.47,5.46,5.47,5.5,5.5,5.58,5.41,6049100.0,33088242.0,-0.545,-0.03
603816,顾家家居,24.79,24.78,24.79,25.25,25.34,25.34,24.71,4243507.0,105685833.0,-1.822,-0.46
603817,海峡环保,5.71,5.71,5.72,5.79,5.75,5.79,5.66,10118700.0,57762577.0,-1.382,-0.08
603818,曲美家居,3.96,3.96,3.97,3.79,3.79,4.13,3.74,58517900.0,232038216.0,4.485,0.17
603819,神力股份,14.0,13.99,14.0,13.74,13.7,14.27,13.6,4981900.0,69865120.0,1.892,0.26
603822,ST嘉澳,57.59,57.53,57.59,57.18,57.18,57.79,56.76,504100.0,28929701.0,0.717,0.41
603823,百合花,68.01,68.01,68.02,66.06,65.0,68.86,62.76,29594494.0,1962513943.0,2.952,1.95
603825,ST华扬,8.17,8.17,8.18,8.18,8.12,8.18,8.1,1210600.0,9863789.0,-0.122,-0.01
603826,坤彩科技,16.22,16.22,16.23,15.78,15.66,16.28,15.66,8933223.0,144031738.0,2.788,0.44
603828,*ST利达,5.02,5.02,5.03,5.15,5.04,5.11,4.99,2679193.0,13479173.0,-2.524,-0.13
603829,洛凯股份,15.37,15.36,15.37,15.54,15.47,15.5,15.17,3405702.0,52220661.0,-1.094,-0.17
603833,欧派家居,32.58,32.57,32.58,32.65,32.5,32.65,32.2,2488830.0,80631499.0,-0.214,-0.07
603836,海程邦达,9.12,9.11,9.12,9.21,9.25,9.28,9.09,3584620.0,32896583.0,-0.977,-0.09
603838,*ST四通,13.31,13.3,13.31,12.83,12.58,13.58,12.58,5400782.0,70008998.0,3.741,0.48
603839,安正时尚,6.49,0.0,6.49,7.21,6.77,7.09,6.49,19745720.0,130658824.0,-9.986,-0.72
603843,*ST正平,7.79,7.78,7.79,7.23,7.24,7.95,7.19,22570800.0,172732174.0,7.746,0.56
603848,好太太,13.71,13.71,13.72,13.69,13.65,13.84,13.5,3281900.0,44900839.0,0.146,0.02
603855,华荣股份,16.29,16.25,16.29,16.01,16.37,16.78,16.22,2881200.0,47364276.0,1.749,0.28
603856,东宏股份,11.4,11.4,11.41,11.41,11.45,11.45,11.28,2398530.0,27260599.0,-0.088,-0.01
603858,步长制药,15.51,15.51,15.52,15.5,15.58,15.58,15.3,3966770.0,61160004.0,0.065,0.01
603859,能科科技,37.24,37.23,37.24,36.58,36.55,37.3,36.5,4180700.0,154431062.0,1.804,0.66
603860,中公高科,26.36,26.3,26.36,26.53,26.4,26.57,26.13,969370.0,25513569.0,-0.641,-0.17
603861,白云电器,11.74,11.73,11.74,12.09,12.01,12.04,11.6,10548600.0,123647634.0,-2.895,-0.35
603863,松炀资源,12.7,12.7,12.71,12.62,12.59,12.86,12.45,3850700.0,48721504.0,0.634,0.08
603866,桃李面包,4.3,4.3,4.31,4.26,4.25,4.36,4.21,16678213.0,71808995.0,0.939,0.04
603867,新化股份,30.07,30.06,30.07,28.56,28.5,30.69,28.3,9870242.0,292315994.0,5.287,1.51
603868,飞科电器,30.8,30.79,30.8,30.34,30.86,31.18,30.54,1103025.0,33976962.0,1.516,0.46
603869,ST智知,8.72,8.72,8.73,8.74,8.7,8.74,8.63,607495.0,5261317.0,-0.229,-0.02
603871,嘉友国际,13.52,13.52,13.53,13.88,13.85,14.05,13.4,21639662.0,295037441.0,-2.594,-0.36
603876,鼎胜新材,23.26,23.26,23.27,23.45,23.4,23.47,22.9,17494182.0,405332313.0,-0.81,-0.19
603877,太平鸟,12.5,12.5,12.51,12.63,12.63,12.64,12.38,1617936.0,20210055.0,-1.029,-0.13
603878,武进不锈,5.08,5.07,5.08,5.12,5.14,5.14,5.01,8933100.0,45257993.0,-0.781,-0.04
603879,永悦科技,5.26,5.26,5.27,5.46,5.41,5.47,5.2,18693800.0,99592905.0,-3.663,-0.2
603880,南卫股份,9.23,9.23,9.26,8.99,8.76,9.34,8.76,11750766.0,108139994.0,2.67,0.24
603881,数据港,25.25,25.25,25.26,24.73,24.75,25.34,24.61,33040567.0,826858636.0,2.103,0.52
603882,金域医学,27.96,27.96,27.97,28.2,28.2,28.5,27.69,10973848.0,306659543.0,-0.851,-0.24
603883,老百姓,12.87,12.87,12.88,13.04,13.01,13.05,12.75,14316616.0,184352203.0,-1.304,-0.17
603885,吉祥航空,10.52,10.52,10.53,10.57,10.54,10.56,10.4,8950480.0,93702214.0,-0.473,-0.05
603886,元祖股份,12.75,12.74,12.75,12.83,12.81,12.84,12.4,7864400.0,99487888.0,-0.624,-0.08
603887,城地香江,9.26,9.26,9.27,9.19,9.16,9.32,9.15,31726891.0,293242203.0,0.762,0.07
603888,新华网,16.18,16.18,16.19,16.11,16.12,16.2,16.04,3780142.0,60942241.0,0.435,0.07
603889,新澳股份,6.03,6.03,6.04,6.01,6.0,6.08,5.91,21447233.0,128649809.0,0.333,0.02
603890,春秋电子,18.16,18.15,18.16,17.49,17.4,18.28,17.28,39637247.0,708313555.0,3.831,0.67
603893,瑞芯微,181.38,181.38,181.39,176.18,176.78,181.44,176.01,9740402.0,1741656585.0,2.952,5.2
603895,天永智能,26.15,26.14,26.15,25.42,25.77,27.75,25.76,2168900.0,56883707.0,2.872,0.73
603896,寿仙谷,14.71,14.71,14.72,14.77,14.77,14.82,14.58,1470882.0,21602617.0,-0.406,-0.06
603897,长城科技,30.47,30.46,30.47,29.87,29.71,30.87,29.56,12271628.0,372017008.0,2.009,0.6
603898,好莱客,11.28,11.28,11.29,11.3,11.27,11.44,11.19,2477100.0,27997293.0,-0.177,-0.02
603899,晨光股份,22.93,22.92,22.93,22.83,22.69,22.93,22.55,2888750.0,65775854.0,0.438,0.1
603900,莱绅通灵,7.14,7.14,0.0,6.49,6.33,7.14,6.33,27710654.0,192416318.0,10.015,0.65
603901,永创智能,9.53,9.52,9.53,9.48,9.46,9.54,9.35,6483691.0,61373668.0,0.527,0.05
603903,中持股份,13.98,13.97,13.98,14.1,14.15,14.21,13.84,7126300.0,99699395.0,-0.851,-0.12
603906,龙蟠科技,19.63,19.62,19.63,19.39,19.4,19.63,18.91,19516806.0,377436264.0,1.238,0.24
603908,牧高笛,19.39,19.39,19.4,19.45,19.35,19.82,19.2,1114940.0,21642459.0,-0.308,-0.06
603909,建发合诚,9.64,9.63,9.64,9.77,9.75,9.81,9.53,1813100.0,17429730.0,-1.331,-0.13
603912,佳力图,9.0,9.0,9.01,8.92,8.92,9.18,8.89,29632384.0,268782609.0,0.897,0.08
603915,国茂股份,13.22,13.2,13.22,13.09,13.01,13.23,13.0,2978240.0,39083332.0,0.993,0.13
603916,苏博特,11.5,11.49,11.5,11.35,11.36,11.53,11.25,8109100.0,92445331.0,1.322,0.15
603917,合力科技,12.68,12.67,12.68,12.72,12.71,12.71,12.45,2687039.0,33846060.0,-0.314,-0.04
603918,金桥信息,11.16,11.15,11.16,10.89,10.9,11.43,10.82,17709593.0,198614337.0,2.479,0.27
603919,金徽酒,16.4,16.4,16.41,16.4,16.28,16.45,16.16,4122900.0,67210712.0,0.0,0.0
603920,世运电路,38.83,38.82,38.83,37.22,37.55,39.04,37.03,22641304.0,867219564.0,4.326,1.61
603922,ST金鸿顺,13.88,13.88,13.9,13.91,13.71,14.06,13.71,1133900.0,15731394.0,-0.216,-0.03
603926,铁流股份,16.31,16.31,16.33,16.06,15.9,16.52,15.9,3426808.0,55744709.0,1.557,0.25
603927,中科软,14.03,14.03,14.04,13.76,13.69,14.08,13.65,13187169.0,183573386.0,1.962,0.27
603928,兴业股份,12.25,12.25,12.26,12.07,11.99,12.35,11.96,9481870.0,115735554.0,1.491,0.18
603929,亚翔集成,168.06,168.06,168.07,161.98,163.0,168.94,159.6,5235198.0,866576823.0,3.754,6.08
603931,格林达,36.56,36.55,36.56,34.98,34.87,37.04,34.87,7263800.0,263180593.0,4.517,1.58
603933,睿能科技,19.28,19.28,19.29,18.87,18.87,19.36,18.87,3617448.0,69375695.0,2.173,0.41
603936,博敏电子,18.42,18.41,18.42,16.95,17.12,18.49,16.87,61516036.0,1094208365.0,8.673,1.47
603937,丽岛新材,11.69,11.69,11.7,11.87,11.94,11.94,11.6,5532500.0,64740780.0,-1.516,-0.18
603938,三孚股份,44.96,44.96,0.0,40.87,40.85,44.96,40.85,13090425.0,573853726.0,10.007,4.09
603939,益丰药房,22.99,22.99,23.0,23.71,23.67,23.86,22.98,18120152.0,419966268.0,-3.037,-0.72
603948,建业股份,19.9,19.89,19.9,20.28,20.0,20.25,19.45,2189100.0,43280691.0,-1.874,-0.38
603949,雪龙集团,13.98,13.97,13.98,13.98,13.99,14.09,13.85,1744400.0,24393526.0,0.0,0.0
603950,长源东谷,65.13,65.12,65.13,65.54,64.6,68.36,62.55,12633255.0,829440891.0,-0.626,-0.41
603955,大千生态,19.86,19.86,19.88,21.19,21.35,21.57,19.82,5996300.0,121324768.0,-6.277,-1.33
603956,威派格,6.11,6.1,6.11,6.05,6.05,6.13,5.98,11209863.0,68125909.0,0.992,0.06
603958,哈森股份,23.62,23.62,23.63,23.67,22.73,24.0,22.72,35789264.0,834681290.0,-0.211,-0.05
603959,ST百利,4.4,4.39,4.4,4.66,4.47,4.55,4.28,20960737.0,92155549.0,-5.579,-0.26
603960,克来机电,16.24,16.24,16.25,15.99,15.9,16.6,15.6,8415212.0,135800911.0,1.563,0.25
603966,法兰泰克,7.96,7.95,7.96,8.1,8.1,8.1,7.88,6749050.0,53605883.0,-1.728,-0.14
603967,中创物流,11.82,11.82,11.83,11.81,11.85,11.86,11.59,2579400.0,30170421.0,0.085,0.01
603968,醋化股份,10.58,10.58,10.59,10.63,10.6,10.61,10.4,2054700.0,21643045.0,-0.47,-0.05
603969,银龙股份,7.57,7.57,7.58,7.6,7.59,7.62,7.51,13625298.0,103075525.0,-0.395,-0.03
603970,中农立华,11.2,11.2,11.21,10.93,10.81,11.51,10.81,8342100.0,92884122.0,2.47,0.27
603976,正川股份,28.78,28.77,28.78,27.93,27.71,28.98,27.66,3975876.0,113225870.0,3.043,0.85
603977,国泰集团,11.73,11.72,11.73,11.54,11.59,11.81,11.47,6973300.0,81349616.0,1.646,0.19
603978,深圳新星,18.93,18.93,18.94,19.13,18.76,19.03,18.57,6445200.0,121432720.0,-1.045,-0.2
603979,金诚信,80.35,80.34,80.35,80.71,80.7,81.76,79.64,11815448.0,952475224.0,-0.446,-0.36
603980,吉华集团,6.82,6.81,6.82,6.74,6.72,6.88,6.7,28613480.0,194180568.0,1.187,0.08
603982,泉峰汽车,6.19,6.18,6.19,6.2,6.19,6.23,6.12,3354300.0,20734187.0,-0.161,-0.01
603983,丸美生物,27.12,27.12,27.13,26.8,26.99,27.2,26.33,2357400.0,63066307.0,1.194,0.32
603985,恒润股份,16.87,16.87,16.88,16.23,16.25,17.09,16.2,11408453.0,191690294.0,3.943,0.64
603986,兆易创新,411.2,411.19,411.2,392.5,397.01,412.0,394.58,40743045.0,16542661247.0,4.764,18.7
603987,康德莱,7.54,7.54,7.55,7.55,7.52,7.6,7.5,3791940.0,28599795.0,-0.132,-0.01
603988,中电电机,20.37,20.37,20.38,20.21,20.1,20.5,19.8,4752500.0,96310796.0,0.792,0.16
603989,艾华集团,28.38,28.38,28.39,27.14,27.2,28.65,26.95,16019656.0,448881055.0,4.569,1.24
603990,麦迪科技,22.77,22.77,22.78,22.42,22.43,23.57,22.36,21395391.0,491074982.0,1.561,0.35
603991,领先股份,137.11,137.11,137.13,133.08,133.5,137.55,132.42,2460700.0,333690514.0,3.028,4.03
603992,松霖科技,21.23,21.22,21.23,21.18,21.16,21.41,20.88,4052300.0,85690155.0,0.236,0.05
603993,洛阳钼业,19.51,19.5,19.51,19.59,19.23,19.63,19.15,258420874.0,5003965615.0,-0.408,-0.08
603995,甬金股份,25.1,25.1,25.11,24.54,24.44,25.3,24.11,5511343.0,136415008.0,2.282,0.56
603997,继峰股份,11.41,11.4,11.41,11.41,11.4,11.47,11.33,10830500.0,123431590.0,0.0,0.0
603998,方盛制药,10.32,10.31,10.32,10.17,10.1,10.35,10.07,11778800.0,120667428.0,1.475,0.15
603999,读者传媒,5.59,5.58,5.59,5.67,5.68,5.68,5.54,5045500.0,28192124.0,-1.411,-0.08
605001,威奥股份,5.74,5.73,5.74,5.85,5.82,5.82,5.71,7839427.0,45111910.0,-1.88,-0.11
605003,众望布艺,22.79,22.79,22.8,22.65,22.5,22.98,22.4,964200.0,21886339.0,0.618,0.14
605005,合兴股份,16.06,16.03,16.06,15.99,16.05,16.1,15.87,1112800.0,17822666.0,0.438,0.07
605006,山东玻纤,14.13,14.13,14.14,13.7,13.78,14.26,13.73,23926291.0,335788957.0,3.139,0.43
605007,五洲特纸,14.84,14.83,14.84,15.25,15.09,15.24,14.69,4987900.0,73996618.0,-2.689,-0.41
605008,长鸿高科,13.04,13.04,13.05,12.76,12.61,13.28,12.61,7018100.0,91891985.0,2.194,0.28
605009,豪悦护理,25.4,25.4,25.41,25.55,25.3,25.58,25.11,1991752.0,50452639.0,-0.587,-0.15
605011,杭州热电,16.74,16.73,16.74,16.69,16.62,16.75,16.52,2166753.0,36105645.0,0.3,0.05
605016,百龙创园,20.28,20.27,20.28,20.39,20.3,20.47,20.21,2989000.0,60765819.0,-0.539,-0.11
605018,长华集团,12.56,12.56,12.57,12.25,12.2,12.58,12.08,3971600.0,49036037.0,2.531,0.31
605020,永和股份,33.56,33.55,33.56,31.47,31.31,33.71,31.31,17010569.0,558348293.0,6.641,2.09
605028,世茂能源,24.27,24.26,24.27,24.5,24.35,24.47,24.15,596800.0,14488984.0,-0.939,-0.23
605033,美邦股份,19.64,19.64,19.65,19.6,19.46,19.81,19.2,4547187.0,88947860.0,0.204,0.04
605050,福然德,10.19,10.19,10.2,10.26,10.26,10.28,10.16,1796400.0,18334863.0,-0.682,-0.07
605055,迎丰股份,9.83,9.82,9.83,9.87,9.87,9.88,9.68,3080800.0,30163515.0,-0.405,-0.04
605056,咸亨国际,14.11,14.11,14.12,14.12,14.23,14.23,13.97,3381700.0,47572350.0,-0.071,-0.01
605058,澳弘电子,27.6,27.6,27.61,26.95,26.84,27.97,26.84,2156054.0,59260729.0,2.412,0.65
605060,联德股份,43.8,43.8,43.83,42.45,42.85,44.22,41.71,4519200.0,195473238.0,3.18,1.35
605066,天正电气,7.18,7.17,7.18,7.19,7.15,7.23,7.1,7711750.0,55173391.0,-0.139,-0.01
605068,明新旭腾,17.42,17.42,17.43,17.48,17.58,17.62,17.21,2708300.0,47116496.0,-0.343,-0.06
605069,正和生态,10.56,10.55,10.56,10.67,10.55,10.74,10.5,4399650.0,46669257.0,-1.031,-0.11
605077,华康股份,11.02,11.01,11.02,11.01,10.97,11.05,10.88,2381754.0,26112485.0,0.091,0.01
605080,浙江自然,22.47,22.47,22.48,22.5,22.51,22.99,22.1,2629480.0,59003308.0,-0.133,-0.03
605086,龙高股份,25.96,25.95,25.96,25.76,25.7,26.36,25.59,1738400.0,45078351.0,0.776,0.2
605088,冠盛股份,20.36,20.35,20.36,20.34,20.38,20.4,19.9,3488900.0,70551830.0,0.098,0.02
605089,味知香,20.48,20.47,20.48,20.13,20.36,20.66,20.33,1200050.0,24583913.0,1.739,0.35
605090,九丰能源,35.24,35.24,35.25,34.75,34.72,35.32,34.62,6338188.0,222170023.0,1.41,0.49
605098,行动教育,55.98,55.81,55.98,56.02,56.02,56.4,55.02,663300.0,36810238.0,-0.071,-0.04
605099,共创草坪,31.15,31.15,31.16,32.0,31.6,32.0,31.13,1996300.0,62639006.0,-2.656,-0.85
605100,华丰股份,33.76,33.75,33.76,33.11,32.7,34.15,32.7,3717799.0,124871325.0,1.963,0.65
605108,同庆楼,12.75,12.74,12.75,12.85,12.8,12.86,12.68,2459385.0,31395686.0,-0.778,-0.1
605111,新洁能,60.49,60.48,60.49,58.33,58.95,61.35,57.76,19699079.0,1175437358.0,3.703,2.16
605116,奥锐特,20.53,20.52,20.53,20.14,19.97,20.62,19.85,3768300.0,76306614.0,1.936,0.39
605117,德业股份,96.78,96.77,96.78,96.5,97.46,97.73,91.19,17284306.0,1630935428.0,0.29,0.28
605118,力鼎光电,29.48,29.48,29.49,28.18,29.22,30.8,29.2,5105259.0,151792771.0,4.613,1.3
605122,四方新材,11.62,11.61,11.62,11.65,11.57,11.73,11.51,2287482.0,26595316.0,-0.258,-0.03
605123,派克新材,76.68,76.67,76.68,76.7,76.95,77.14,75.98,1089563.0,83534710.0,-0.026,-0.02
605128,上海沿浦,23.49,23.48,23.49,23.12,23.12,23.53,22.91,2992175.0,69688169.0,1.6,0.37
605133,嵘泰股份,27.5,27.5,27.52,27.77,27.99,27.99,27.3,5104400.0,140574791.0,-0.972,-0.27
605136,丽人丽妆,8.16,8.15,8.16,8.13,8.13,8.2,8.09,4665800.0,38056724.0,0.369,0.03
605138,盛泰集团,5.88,5.87,5.88,5.92,5.92,5.94,5.84,2912800.0,17125398.0,-0.676,-0.04
605151,西上海,19.12,19.11,19.12,19.39,18.92,19.44,18.92,1458600.0,27957298.0,-1.392,-0.27
605155,西大门,14.1,14.09,14.11,14.01,13.98,14.22,13.91,1253368.0,17648897.0,0.642,0.09
605158,华达新材,8.01,8.01,8.04,8.11,8.15,8.28,7.89,10585940.0,85923277.0,-1.233,-0.1
605162,新中港,9.79,9.78,9.79,9.9,10.01,10.23,9.65,54496863.0,538324561.0,-1.111,-0.11
605166,聚合顺,8.38,8.37,8.38,8.39,8.36,8.43,8.32,2999500.0,25131584.0,-0.119,-0.01
605167,利柏特,14.81,14.81,14.82,14.51,14.3,14.89,14.3,7557482.0,110884882.0,2.068,0.3
605168,三人行,46.58,46.58,46.6,45.62,45.71,46.68,45.15,4946233.0,227204920.0,2.104,0.96
605169,洪通燃气,12.0,12.0,12.01,12.41,12.29,12.36,11.71,13670818.0,163892934.0,-3.304,-0.41
605177,东亚药业,20.07,20.07,20.09,20.09,19.85,20.4,19.85,3118700.0,62631439.0,-0.1,-0.02
605178,时空科技,68.41,68.41,68.42,64.5,64.5,69.83,64.16,4821700.0,323214943.0,6.062,3.91
605179,一鸣食品,31.52,31.52,31.53,31.4,31.4,32.65,30.51,28035175.0,892192173.0,0.382,0.12
605180,华生科技,12.85,12.85,12.86,12.89,12.88,13.04,12.81,2476300.0,31972945.0,-0.31,-0.04
605183,确成股份,14.98,14.98,14.99,15.05,14.92,15.08,14.7,3421345.0,51089455.0,-0.465,-0.07
605186,健麾信息,25.82,25.81,25.82,25.68,25.82,26.34,25.22,1661800.0,42829627.0,0.545,0.14
605188,国光连锁,12.15,12.15,12.16,11.97,11.91,12.35,11.9,4559400.0,55510272.0,1.504,0.18
605189,富春染织,15.02,15.02,15.03,14.82,14.77,15.06,14.72,8726225.0,130419457.0,1.35,0.2
605196,华通线缆,35.4,35.4,35.42,33.57,34.0,35.69,33.03,14575308.0,508618708.0,5.451,1.83
605198,安德利,68.52,68.52,68.54,65.8,66.6,69.9,65.8,3933798.0,267534420.0,4.134,2.72
605199,ST葫芦娃,5.96,5.95,5.96,6.04,6.02,6.03,5.91,878200.0,5232799.0,-1.325,-0.08
605208,永茂泰,14.29,14.29,14.3,14.15,13.99,14.35,13.98,6394278.0,91091280.0,0.989,0.14
605218,伟时电子,15.25,15.24,15.25,15.19,15.49,15.49,14.93,2591077.0,39613494.0,0.395,0.06
605222,起帆电缆,20.42,20.41,20.42,20.28,20.16,20.58,19.87,4868180.0,98594733.0,0.69,0.14
605228,神通科技,10.49,10.49,10.5,10.47,10.38,10.54,10.36,3435687.0,35928822.0,0.191,0.02
605255,天普股份,67.79,67.79,67.8,68.85,67.33,68.2,66.22,790600.0,53109516.0,-1.54,-1.06
605258,协和电子,31.9,31.9,0.0,29.0,28.93,31.9,28.65,4630576.0,142686571.0,10.0,2.9
605259,绿田机械,17.58,17.58,17.59,17.73,17.79,17.79,17.4,665600.0,11686597.0,-0.846,-0.15
605266,健之佳,15.85,15.85,15.86,16.82,16.37,16.6,15.71,4759145.0,75650052.0,-5.767,-0.97
605268,王力安防,9.48,9.48,9.49,9.47,9.46,9.49,9.35,3542900.0,33377318.0,0.106,0.01
605277,新亚电子,17.0,16.99,17.0,16.69,16.44,17.48,16.19,35669549.0,597513165.0,1.857,0.31
605286,同力天启,28.44,28.44,28.45,28.66,27.65,28.46,26.88,9960900.0,278347761.0,-0.768,-0.22
605287,德才股份,37.06,37.03,37.06,37.13,37.3,37.7,36.59,2399400.0,89123075.0,-0.189,-0.07
605288,凯迪股份,63.14,63.14,0.0,57.4,56.81,63.14,56.81,3003208.0,182845287.0,10.0,5.74
605289,罗曼股份,107.5,107.48,107.5,104.4,104.76,107.99,103.02,2850620.0,302354431.0,2.969,3.1
605296,神农集团,32.38,32.38,32.4,32.11,31.95,32.54,31.71,2712001.0,87160523.0,0.841,0.27
605298,必得科技,48.3,48.28,48.3,47.6,47.44,48.88,46.3,1119752.0,53440340.0,1.471,0.7
605299,舒华体育,12.89,12.88,12.89,12.87,12.84,13.0,12.71,8304850.0,106606070.0,0.155,0.02
605300,佳禾食品,9.67,9.67,9.68,9.78,9.97,9.97,9.54,3327041.0,32193748.0,-1.125,-0.11
605303,园林股份,23.31,23.3,23.31,22.51,22.44,23.36,22.08,8980980.0,203910513.0,3.554,0.8
605305,中际联合,32.78,32.78,32.79,33.88,33.86,33.86,32.07,11069855.0,361074430.0,-3.247,-1.1
605318,法狮龙,76.07,76.07,76.09,74.54,74.79,77.42,74.32,922100.0,70056669.0,2.053,1.53
605319,无锡振华,26.39,26.39,26.4,26.3,26.28,26.7,26.21,3624960.0,96120467.0,0.342,0.09
605333,沪光股份,16.94,16.93,16.94,17.14,17.0,17.13,16.5,4634000.0,77897144.0,-1.167,-0.2
605336,*ST帅电,11.18,11.03,11.18,11.05,11.44,11.44,10.9,1097954.0,12189804.0,1.176,0.13
605337,李子园,9.24,9.23,9.24,9.26,9.25,9.34,9.17,2888618.0,26710095.0,-0.216,-0.02
605338,巴比食品,18.75,18.74,18.75,18.69,18.9,18.93,18.56,1316500.0,24601461.0,0.321,0.06
605339,南侨食品,14.45,14.45,14.46,14.35,14.23,15.79,14.16,9397800.0,140908927.0,0.697,0.1
605358,立昂微,44.58,44.57,44.58,42.44,43.5,44.75,42.3,46477711.0,2031997032.0,5.042,2.14
605365,立达信,14.26,14.25,14.26,14.16,14.0,14.43,13.9,5679161.0,80924354.0,0.706,0.1
605366,宏柏新材,8.13,8.13,8.14,7.78,7.75,8.25,7.73,22580775.0,181474039.0,4.499,0.35
605368,蓝天燃气,6.74,6.73,6.74,6.79,6.8,6.8,6.66,4479340.0,30053748.0,-0.736,-0.05
605369,拱东医疗,16.69,16.69,16.71,16.7,16.64,16.76,16.49,746534.0,12420520.0,-0.06,-0.01
605376,博迁新材,153.64,153.64,153.65,146.56,149.21,153.8,145.69,9760673.0,1474392286.0,4.831,7.08
605377,华旺科技,8.16,8.15,8.16,8.63,8.59,8.6,8.02,20047259.0,164207165.0,-5.446,-0.47
605378,野马电池,14.39,14.39,14.4,14.54,14.58,14.59,14.08,2518802.0,36085702.0,-1.032,-0.15
605388,均瑶健康,6.1,6.09,6.1,6.07,6.11,6.17,6.03,6202526.0,37789246.0,0.494,0.03
605389,长龄液压,68.77,68.77,68.79,68.53,68.52,70.16,68.14,713740.0,49319111.0,0.35,0.24
605398,新炬网络,20.34,20.33,20.34,20.39,20.36,20.45,20.22,883500.0,17964739.0,-0.245,-0.05
605399,晨光新材,10.98,10.96,10.98,10.78,10.69,10.99,10.67,3382680.0,36790499.0,1.855,0.2
605488,福莱新材,29.5,29.5,29.51,28.89,28.9,29.9,28.65,4632340.0,135937827.0,2.111,0.61
605499,东鹏饮料,120.38,120.38,120.39,121.3,120.5,120.72,119.2,5100941.0,611451901.0,-0.758,-0.92
605500,森林包装,7.12,7.12,7.13,7.21,7.17,7.23,7.09,4269560.0,30512353.0,-1.248,-0.09
605507,国邦医药,15.38,15.37,15.38,15.38,15.39,15.49,15.2,4103820.0,62860892.0,0.0,0.0
605555,德昌股份,12.6,12.6,12.61,12.6,12.59,12.87,12.36,7622560.0,95622405.0,0.0,0.0
605566,福莱蒽特,25.92,25.92,25.93,25.37,25.6,25.98,25.03,2571700.0,65721400.0,2.168,0.55
605567,春雪食品,9.38,9.37,9.38,9.23,9.44,9.54,9.23,4701500.0,44217074.0,1.625,0.15
605577,龙版传媒,9.57,9.57,9.58,9.68,9.68,9.68,9.53,5394414.0,51655826.0,-1.136,-0.11
605580,恒盛能源,18.4,18.39,18.4,17.5,17.81,18.4,17.59,5010640.0,89936885.0,5.143,0.9
605588,冠石科技,47.53,47.53,47.54,45.88,46.04,47.83,45.79,1031500.0,48484192.0,3.596,1.65
605589,圣泉集团,40.12,40.11,40.12,37.69,37.99,40.3,37.73,33058729.0,1297472734.0,6.447,2.43
605598,上海港湾,27.08,27.08,27.1,26.96,26.71,27.25,26.71,2265600.0,61275222.0,0.445,0.12
605599,菜百股份,15.71,15.71,15.72,15.82,15.6,16.61,15.5,16274702.0,259707910.0,-0.695,-0.11
688001,华兴源创,55.03,55.02,55.03,50.68,50.5,55.18,50.5,8958244.0,480989154.0,8.583,4.35
688002,睿创微纳,161.7,161.68,161.7,156.61,157.6,163.59,156.78,7870024.0,1263204608.0,3.25,5.09
688003,天准科技,85.06,85.05,85.06,82.28,79.66,85.35,78.2,8765163.0,720764120.0,3.379,2.78
688004,博汇科技,21.86,21.81,21.86,21.6,21.66,22.15,21.43,2104618.0,45981139.0,1.204,0.26
688005,容百科技,26.38,26.38,26.39,26.35,26.25,26.4,25.83,9749475.0,254403154.0,0.114,0.03
688006,杭可科技,22.26,22.26,22.27,22.98,22.05,22.59,21.13,19410789.0,422881212.0,-3.133,-0.72
688007,光峰科技,10.41,10.41,10.42,10.28,10.28,10.43,10.22,3408484.0,35296911.0,1.265,0.13
688008,澜起科技,221.22,221.22,221.23,201.0,205.0,221.96,202.79,67268834.0,14462577105.0,10.06,20.22
688009,中国通号,4.94,4.94,4.95,5.03,5.03,5.03,4.93,29690196.0,147368921.0,-1.789,-0.09
688010,福光股份,27.04,27.03,27.04,26.16,26.05,27.3,25.98,3059217.0,82052402.0,3.364,0.88
688011,新光光电,77.31,77.23,77.31,75.05,75.1,77.88,74.11,1475846.0,113174194.0,3.011,2.26
688012,中微公司,376.01,376.01,376.1,368.05,367.01,376.46,367.01,15901891.0,5920649681.0,2.163,7.96
688013,天臣医疗,24.9,24.9,24.93,25.59,25.33,25.58,24.33,1421672.0,35212735.0,-2.696,-0.69
688015,交控科技,15.8,15.8,15.81,16.0,16.02,16.16,15.73,1396394.0,22070903.0,-1.25,-0.2
688016,心脉医疗,90.84,90.84,90.85,92.21,90.5,91.98,89.0,2634516.0,237643302.0,-1.486,-1.37
688017,绿的谐波,299.3,299.3,299.32,292.87,291.54,299.97,286.6,7521090.0,2215947058.0,2.196,6.43
688018,乐鑫科技,113.22,113.22,113.23,111.65,112.05,113.78,111.1,3438306.0,386846663.0,1.406,1.57
688019,安集科技,248.06,248.06,248.08,233.8,239.76,251.6,238.47,7044879.0,1733230622.0,6.099,14.26
688020,方邦股份,129.99,129.99,130.0,121.06,123.4,131.88,118.33,4269328.0,540472570.0,7.377,8.93
688021,奥福科技,21.02,21.02,21.03,21.08,20.86,21.24,20.75,1041625.0,21817520.0,-0.285,-0.06
688022,ST瀚川,8.95,8.94,8.95,8.95,9.0,9.11,8.84,2747904.0,24636284.0,0.0,0.0
688023,安恒信息,38.46,38.45,38.46,37.7,38.0,38.74,37.75,1858050.0,71217610.0,2.016,0.76
688025,杰普特,417.22,417.22,417.5,392.8,394.0,419.98,390.0,4432096.0,1812851402.0,6.217,24.42
688026,洁特生物,15.65,15.65,15.66,15.55,15.55,15.79,15.38,3160415.0,49259385.0,0.643,0.1
688027,国盾量子,390.72,390.72,390.75,382.75,380.11,390.88,380.11,1284409.0,495643287.0,2.082,7.97
688028,沃尔德,94.16,94.16,94.19,89.66,91.45,94.56,88.5,4936414.0,456811878.0,5.019,4.5
688029,南微医学,75.64,75.64,75.65,77.0,74.55,80.1,73.9,4423455.0,340820727.0,-1.766,-1.36
688030,山石网科,16.95,16.95,16.96,16.66,16.7,17.26,16.65,2937650.0,49716343.0,1.741,0.29
688031,星环科技,99.98,99.97,99.98,98.35,99.0,101.0,96.52,4114030.0,408505521.0,1.657,1.63
688032,禾迈股份,74.74,74.72,74.74,74.68,74.05,74.8,72.65,1133424.0,83638368.0,0.08,0.06
688033,*ST天宜,6.05,6.05,6.06,6.15,6.14,6.16,6.0,3888755.0,23518187.0,-1.626,-0.1
688035,德邦科技,68.51,68.5,68.51,64.22,64.84,69.19,64.0,6690507.0,448875309.0,6.68,4.29
688036,传音控股,57.73,57.73,57.74,57.82,57.74,57.89,56.8,9701765.0,556198328.0,-0.156,-0.09
688037,芯源微,375.0,374.7,375.0,372.82,372.0,377.77,359.01,4987155.0,1837379835.0,0.585,2.18
688038,中科通达,18.42,18.4,18.42,18.03,18.05,18.63,17.94,2389289.0,43770088.0,2.163,0.39
688039,当虹科技,31.47,31.47,31.48,30.84,30.8,31.54,30.76,1842012.0,57441359.0,2.043,0.63
688041,海光信息,245.97,245.95,245.97,230.96,240.0,249.67,240.0,31271284.0,7643209237.0,6.499,15.01
688045,必易微,59.09,59.09,59.1,56.82,57.15,59.67,56.55,2078389.0,121320188.0,3.995,2.27
688046,药康生物,33.37,33.37,33.38,33.16,33.16,33.57,32.4,10011380.0,330080895.0,0.633,0.21
688047,龙芯中科,107.57,107.56,107.57,103.01,103.52,107.86,103.52,3655096.0,387591027.0,4.427,4.56
688048,长光华芯,304.81,304.8,304.81,288.98,295.8,307.86,289.0,8056310.0,2421302562.0,5.478,15.83
688049,炬芯科技,40.59,40.48,40.59,39.1,39.39,40.72,38.88,6707630.0,269138036.0,3.811,1.49
688050,爱博医疗,40.14,40.14,40.15,40.44,40.38,40.83,39.86,2530993.0,101588038.0,-0.742,-0.3
688051,佳华科技,24.8,24.8,24.82,25.0,24.83,25.14,24.42,786034.0,19472777.0,-0.8,-0.2
688052,纳芯微,250.46,250.16,250.46,234.12,233.9,251.68,233.33,2881849.0,703626992.0,6.979,16.34
688053,ST思科瑞,37.46,37.44,37.46,36.1,36.1,37.83,36.1,868664.0,32453571.0,3.767,1.36
688055,龙腾光电,3.76,3.76,3.77,3.71,3.69,3.78,3.68,9468688.0,35332648.0,1.348,0.05
688056,莱伯泰科,42.46,42.35,42.46,41.12,41.12,42.78,40.66,761849.0,32022948.0,3.259,1.34
688057,金达莱,18.14,18.14,18.15,17.99,17.87,18.2,17.7,2480230.0,44628771.0,0.834,0.15
688058,宝兰德,23.0,22.95,23.0,22.75,22.78,23.13,22.57,849032.0,19446244.0,1.099,0.25
688059,华锐精密,89.26,89.26,89.28,85.13,85.13,90.85,85.13,3831779.0,339080739.0,4.851,4.13
688060,云涌科技,35.49,35.49,35.5,35.14,34.96,35.65,34.72,319917.0,11285644.0,0.996,0.35
688061,灿瑞科技,38.74,38.72,38.74,36.74,36.99,38.96,36.2,1981030.0,74685671.0,5.444,2.0
688062,迈威生物,29.73,29.73,29.76,29.75,29.85,30.03,28.93,6953226.0,204261793.0,-0.067,-0.02
688063,派能科技,44.52,44.52,44.53,44.17,43.95,44.68,42.68,6232702.0,272204766.0,0.792,0.35
688065,凯赛生物,43.39,43.39,43.4,43.21,43.12,43.5,42.77,3386142.0,146235834.0,0.417,0.18
688066,*ST航图,8.09,8.09,8.1,8.19,8.03,8.2,7.88,5273688.0,42556214.0,-1.221,-0.1
688067,爱威科技,22.92,22.92,22.96,23.01,22.78,23.15,22.7,749870.0,17191542.0,-0.391,-0.09
688068,热景生物,98.89,98.89,98.9,100.46,100.46,101.68,97.01,2606884.0,256907721.0,-1.563,-1.57
688069,德林海,36.19,36.14,36.19,35.96,35.91,36.65,35.79,1594069.0,57513095.0,0.64,0.23
688070,纵横股份,34.02,34.02,34.04,34.24,34.38,34.49,33.31,1141306.0,38796283.0,-0.643,-0.22
688071,华依科技,33.29,33.28,33.29,32.59,32.28,33.35,32.28,1669835.0,55123514.0,2.148,0.7
688072,拓荆科技,693.0,692.87,693.0,675.06,674.9,698.0,664.11,4959706.0,3381475013.0,2.658,17.94
688073,毕得医药,62.8,62.79,62.8,62.56,62.55,62.95,61.4,4214308.0,262131775.0,0.384,0.24
688075,安旭生物,29.48,29.48,29.49,29.69,29.71,29.72,29.31,409505.0,12064118.0,-0.707,-0.21
688076,ST诺泰,27.56,27.55,27.56,27.48,27.38,27.79,27.37,1590303.0,43820896.0,0.291,0.08
688077,大地熊,28.82,28.82,28.83,28.61,28.4,29.04,28.4,2096706.0,60239811.0,0.734,0.21
688078,龙软科技,23.57,23.57,23.61,23.49,23.43,23.99,23.12,937521.0,22126297.0,0.341,0.08
688079,美迪凯,16.04,16.04,16.05,15.45,15.25,16.25,15.25,10655871.0,169104667.0,3.819,0.59
688080,映翰通,37.26,37.22,37.26,36.31,36.44,37.28,36.2,1134880.0,41902535.0,2.616,0.95
688081,兴图新科,29.44,29.4,29.44,28.38,28.47,29.72,27.99,1494908.0,43625266.0,3.735,1.06
688082,盛美上海,307.01,307.0,307.01,294.5,299.26,309.07,290.13,5511022.0,1657702096.0,4.248,12.51
688083,中望软件,52.39,52.38,52.39,52.0,51.89,52.86,51.7,1607540.0,84175145.0,0.75,0.39
688084,晶品特装,42.4,42.3,42.4,42.0,41.5,42.99,40.87,816936.0,34526018.0,0.952,0.4
688085,三友医疗,13.19,13.18,13.19,13.3,13.3,13.44,13.11,1996224.0,26395069.0,-0.827,-0.11
688087,英科再生,38.41,38.41,38.68,38.56,38.57,39.37,36.6,4023162.0,152317200.0,-0.389,-0.15
688088,虹软科技,29.66,29.65,29.66,29.23,29.24,29.83,29.03,5229462.0,154117361.0,1.471,0.43
688089,ST嘉必优,7.96,7.93,7.96,7.99,7.95,8.03,7.9,1611097.0,12819500.0,-0.375,-0.03
688090,瑞松科技,74.9,74.88,74.9,70.63,72.04,74.9,69.16,9111754.0,662405422.0,6.046,4.27
688091,上海谊众,43.25,43.23,43.25,37.15,37.0,43.98,36.51,11450897.0,470975655.0,16.42,6.1
688092,爱科科技,23.13,23.12,23.13,23.13,23.13,23.25,22.88,551544.0,12731609.0,0.0,0.0
688093,世华科技,21.34,21.34,21.35,20.92,20.92,21.44,20.86,3134953.0,66371694.0,2.008,0.42
688095,福昕软件,58.08,58.08,58.09,57.41,57.64,58.18,56.86,2201236.0,126714081.0,1.167,0.67
688096,京源环保,8.71,8.7,8.71,8.62,8.52,8.8,8.5,4468175.0,38821037.0,1.044,0.09
688097,博众精工,48.54,48.54,48.55,46.9,46.9,48.75,46.58,5559139.0,266967454.0,3.497,1.64
688098,申联生物,8.33,8.3,8.33,8.22,8.21,8.33,8.12,2164258.0,17837455.0,1.338,0.11
688099,晶晨股份,91.61,91.6,91.61,90.63,91.15,92.88,90.62,7061528.0,647080671.0,1.081,0.98
688100,威胜信息,25.97,25.96,25.97,25.74,25.74,26.0,25.52,2778475.0,71655486.0,0.894,0.23
688101,三达膜,14.89,14.89,14.9,14.68,14.63,15.02,14.59,2408045.0,35603319.0,1.431,0.21
688102,斯瑞新材,32.92,32.92,32.93,32.19,32.01,33.25,31.82,12297031.0,402061252.0,2.268,0.73
688103,国力电子,77.22,77.21,77.22,72.58,73.48,77.46,72.76,2846191.0,215854520.0,6.393,4.64
688105,诺唯赞,22.11,22.11,22.12,22.79,21.89,22.5,21.45,16613834.0,363703118.0,-2.984,-0.68
688106,金宏气体,28.22,28.22,28.23,27.24,27.33,28.37,27.02,19803294.0,551424994.0,3.598,0.98
688107,安路科技,31.24,31.24,31.3,29.83,30.16,31.36,29.83,5559983.0,170787634.0,4.727,1.41
688108,赛诺医疗,17.13,17.13,17.14,17.62,17.6,17.6,17.04,12528480.0,215299413.0,-2.781,-0.49
688109,品茗科技,72.19,72.19,72.2,70.13,69.8,72.64,69.8,496711.0,35451583.0,2.937,2.06
688110,东芯股份,118.35,118.35,118.36,113.4,114.44,119.74,114.0,18579246.0,2178034923.0,4.365,4.95
688111,金山办公,238.22,238.22,238.23,233.03,233.03,239.03,232.37,6049245.0,1428640422.0,2.227,5.19
688112,鼎阳科技,69.68,69.67,69.68,66.3,66.71,69.88,64.99,4030679.0,274616804.0,5.098,3.38
688113,联测科技,36.78,36.76,36.78,36.44,36.11,36.88,36.11,480035.0,17560316.0,0.933,0.34
688114,华大智造,69.5,69.5,69.52,66.54,65.66,71.0,65.66,14370912.0,989835659.0,4.448,2.96
688115,思林杰,65.7,65.65,65.7,63.02,63.13,66.0,61.99,1924269.0,123637267.0,4.253,2.68
688116,天奈科技,33.58,33.57,33.58,33.26,33.08,33.58,32.74,6206126.0,205862657.0,0.962,0.32
688117,圣诺生物,24.23,24.23,24.24,24.27,24.27,24.38,23.7,5906047.0,141800947.0,-0.165,-0.04
688118,普元信息,20.15,20.14,20.15,20.21,20.21,20.32,19.99,1319923.0,26588781.0,-0.297,-0.06
688119,中钢洛耐,3.87,3.86,3.87,3.96,3.89,3.89,3.78,15716908.0,60474154.0,-2.273,-0.09
688120,华海清科,267.1,267.1,267.65,262.18,263.88,272.24,260.36,8313856.0,2218432506.0,1.877,4.92
688121,*ST卓然,1.79,1.79,1.8,1.84,1.83,1.84,1.77,5854036.0,10539049.0,-2.717,-0.05
688122,西部超导,50.31,50.31,50.32,49.73,48.98,50.45,48.4,10027850.0,498205749.0,1.166,0.58
688123,聚辰股份,139.83,139.83,139.84,130.5,131.01,141.99,130.62,9428119.0,1295606417.0,7.149,9.33
688125,安达智能,126.89,126.75,126.89,119.54,119.55,127.59,116.66,1035791.0,128047110.0,6.149,7.35
688126,沪硅产业,25.22,25.22,25.23,24.25,24.45,25.39,24.23,63248235.0,1571898459.0,4.0,0.97
688127,蓝特光学,66.5,66.49,66.5,61.9,62.89,66.65,61.81,8058105.0,522916921.0,7.431,4.6
688128,中国电研,21.85,21.84,21.85,21.56,21.37,21.92,21.34,1615571.0,35044305.0,1.345,0.29
688129,东来技术,21.65,21.65,21.71,21.83,21.61,21.93,21.32,549491.0,11880154.0,-0.825,-0.18
688130,晶华微,23.85,23.85,23.86,23.14,23.0,24.03,23.0,1575107.0,37201588.0,3.068,0.71
688131,皓元医药,96.27,96.27,96.29,97.39,97.01,98.3,95.39,4745436.0,457195501.0,-1.15,-1.12
688132,邦彦技术,13.4,13.37,13.4,13.4,13.48,13.53,13.24,750157.0,10044559.0,0.0,0.0
688133,泰坦科技,23.3,23.3,23.32,23.47,23.33,23.69,23.0,2699762.0,63038372.0,-0.724,-0.17
688135,利扬芯片,27.3,27.29,27.3,25.4,25.39,27.49,25.39,13216519.0,354220013.0,7.48,1.9
688136,科兴制药,22.6,22.6,22.62,22.63,22.34,22.66,21.81,14636721.0,323862889.0,-0.133,-0.03
688137,近岸蛋白,82.65,82.65,82.66,83.99,80.99,83.99,77.7,6950993.0,559296439.0,-1.595,-1.34
688138,清溢光电,36.16,36.15,36.16,34.69,34.56,37.28,34.17,11544382.0,412573078.0,4.238,1.47
688139,海尔生物,31.0,31.0,31.01,30.49,30.38,31.09,30.03,3877381.0,119411923.0,1.673,0.51
688141,杰华特,129.55,129.54,129.55,120.4,122.16,131.48,119.01,19089226.0,2384628138.0,7.6,9.15
688143,长盈通,173.3,173.28,173.3,170.51,169.0,193.0,164.59,20529308.0,3663176313.0,1.636,2.79
688146,中船特气,258.5,258.5,258.51,242.1,244.96,259.22,242.81,15606084.0,3939337672.0,6.774,16.4
688147,微导纳米,121.9,121.9,121.91,112.67,113.2,122.2,110.84,10306265.0,1208010844.0,8.192,9.23
688148,芳源股份,6.31,6.31,6.32,6.32,6.33,6.33,6.18,13323762.0,83535568.0,-0.158,-0.01
688150,莱特光电,40.79,40.78,40.79,37.83,38.55,41.38,37.38,10247875.0,408427656.0,7.824,2.96
688151,华强科技,16.09,16.08,16.09,15.98,15.89,16.12,15.85,2005271.0,32100344.0,0.688,0.11
688152,麒麟信安,31.7,31.7,31.71,30.98,31.0,32.18,31.0,4063015.0,128530998.0,2.324,0.72
688153,唯捷创芯,26.89,26.88,26.89,25.16,25.29,27.07,25.02,5861453.0,154014956.0,6.876,1.73
688155,先惠技术,56.58,56.58,56.59,62.37,57.39,58.54,53.1,7789022.0,434311519.0,-9.283,-5.79
688156,路德科技,19.74,19.74,19.75,19.68,19.41,20.08,19.41,2025305.0,40111005.0,0.305,0.06
688157,松井股份,19.31,19.31,19.32,19.12,19.14,19.59,18.99,1727173.0,33390471.0,0.994,0.19
688158,优刻得,30.24,30.24,30.25,29.37,29.66,30.31,29.53,14795032.0,444122999.0,2.962,0.87
688159,有方科技,33.39,33.36,33.39,32.05,31.8,33.58,31.8,2769967.0,91582351.0,4.181,1.34
688160,步科股份,99.56,99.56,99.57,96.96,96.02,100.3,96.02,1034371.0,101825607.0,2.682,2.6
688161,威高骨科,22.06,22.06,22.07,22.09,22.24,22.24,21.89,886662.0,19498969.0,-0.136,-0.03
688162,巨一科技,24.89,24.89,24.9,25.06,24.89,25.02,24.18,2973696.0,73233408.0,-0.678,-0.17
688163,赛伦生物,34.69,34.67,34.69,34.19,34.15,34.87,33.66,876304.0,30161595.0,1.462,0.5
688165,埃夫特,16.39,16.38,16.39,16.28,16.05,16.43,16.05,4686045.0,76218710.0,0.676,0.11
688166,博瑞医药,35.77,35.75,35.77,35.02,34.6,35.85,34.51,9915629.0,349124969.0,2.142,0.75
688167,炬光科技,291.0,291.0,291.01,262.0,270.0,298.0,269.0,10870882.0,3107374483.0,11.069,29.0
688168,安博通,35.13,35.12,35.13,33.37,33.51,35.4,33.03,4742526.0,163758841.0,5.274,1.76
688169,石头科技,130.6,130.55,130.6,131.57,131.5,133.33,129.29,8554557.0,1119486714.0,-0.737,-0.97
688170,德龙激光,54.12,54.1,54.12,51.7,52.16,54.6,51.2,3431715.0,183086974.0,4.681,2.42
688171,纬德信息,27.66,27.61,27.66,27.18,27.04,27.77,27.04,1042572.0,28669036.0,1.766,0.48
688172,燕东微,55.18,55.17,55.18,53.53,54.5,55.55,52.81,10370004.0,563386304.0,3.082,1.65
688173,希荻微,14.43,14.43,14.44,13.53,13.63,14.47,13.63,11886483.0,168293149.0,6.652,0.9
688175,高凌信息,19.6,19.59,19.6,20.88,21.99,21.99,19.08,8544442.0,169166549.0,-6.13,-1.28
688176,亚虹医药,11.94,11.93,11.94,11.78,11.9,11.97,11.59,7054886.0,83041612.0,1.358,0.16
688177,百奥泰,18.74,18.74,18.75,19.4,19.39,19.39,18.38,5028825.0,93819813.0,-3.402,-0.66
688178,万德斯,28.9,28.89,28.9,28.05,28.05,29.14,27.64,1557092.0,44474600.0,3.03,0.85
688179,阿拉丁,20.23,20.23,20.25,19.75,19.75,20.7,19.47,12451441.0,251138673.0,2.43,0.48
688180,君实生物,35.57,35.57,35.58,35.48,36.0,36.35,34.5,24975051.0,883425455.0,0.254,0.09
688181,八亿时空,38.7,38.69,38.7,37.55,37.55,38.85,37.55,4201782.0,161236979.0,3.063,1.15
688182,灿勤科技,28.93,28.93,28.94,27.87,28.3,29.0,27.73,4441137.0,126784461.0,3.803,1.06
688183,生益电子,121.69,121.69,121.7,106.45,109.58,123.49,109.1,34870256.0,4104189329.0,14.317,15.24
688184,ST帕瓦,10.8,10.8,10.83,10.99,10.98,10.99,10.65,1137162.0,12312342.0,-1.729,-0.19
688185,康希诺,92.78,92.77,92.78,85.62,83.0,96.52,82.0,21412777.0,1890639860.0,8.363,7.16
688186,广大特材,14.08,14.08,14.1,14.15,14.15,14.2,13.98,2119443.0,29851530.0,-0.495,-0.07
688187,时代电气,48.2,48.19,48.2,47.51,47.4,48.44,47.01,4888101.0,233396646.0,1.452,0.69
688188,柏楚电子,99.32,99.31,99.32,98.3,98.78,99.49,97.8,1845310.0,182217730.0,1.038,1.02
688189,ST南新,6.7,6.7,6.71,6.55,6.57,6.7,6.56,2900881.0,19259595.0,2.29,0.15
688190,云路股份,74.29,74.27,74.29,73.31,74.24,74.6,72.2,662499.0,48747026.0,1.337,0.98
688191,智洋创新,21.58,21.56,21.58,20.85,20.85,21.71,20.75,7930139.0,169459456.0,3.501,0.73
688192,迪哲医药,58.55,58.53,58.55,57.79,57.56,58.75,56.61,6259817.0,360377516.0,1.315,0.76
688193,仁度生物,47.98,47.74,47.98,48.24,48.18,48.4,47.58,250018.0,11986640.0,-0.539,-0.26
688195,腾景科技,177.46,177.45,177.46,171.0,173.0,180.0,169.0,10826763.0,1886895719.0,3.778,6.46
688196,卓越新能,32.28,32.26,32.28,32.12,31.81,32.5,31.41,2406151.0,76804866.0,0.498,0.16
688197,首药控股,34.83,34.83,34.87,35.22,35.02,35.41,33.86,2763584.0,95060453.0,-1.107,-0.39
688198,佰仁医疗,78.0,78.0,78.08,77.38,70.0,79.9,67.42,2621540.0,191811708.0,0.801,0.62
688199,久日新材,24.27,24.27,24.28,23.1,23.2,24.41,23.16,6539152.0,156574638.0,5.065,1.17
688200,华峰测控,400.0,400.0,400.5,381.41,386.4,402.0,379.01,3335072.0,1312625925.0,4.874,18.59
688201,ST信安,7.35,7.35,7.36,7.34,7.31,7.41,7.27,2088940.0,15339095.0,0.136,0.01
688202,美迪西,100.37,100.37,100.39,104.23,103.88,103.88,98.28,8046012.0,804991413.0,-3.703,-3.86
688203,海正生材,13.03,13.03,13.1,12.91,12.91,13.19,12.8,7555983.0,98190655.0,0.93,0.12
688205,德科立,159.58,159.58,159.6,152.2,154.0,161.99,151.0,8249722.0,1298179284.0,4.849,7.38
688206,概伦电子,43.76,43.76,43.77,42.3,42.0,44.4,42.0,10002092.0,433212384.0,3.452,1.46
688207,格灵深瞳,17.95,17.94,17.95,17.45,17.3,18.04,17.3,8139052.0,144576914.0,2.865,0.5
688208,道通科技,25.77,25.76,25.77,25.9,25.93,25.93,25.46,5991081.0,154013587.0,-0.502,-0.13
688209,英集芯,24.62,24.61,24.62,22.41,22.43,24.69,22.43,19765317.0,473811290.0,9.862,2.21
688210,统联精密,31.15,31.15,31.18,31.19,31.5,32.05,30.85,6427642.0,201202020.0,-0.128,-0.04
688211,中科微至,31.36,31.36,31.37,30.89,30.8,31.38,30.66,470702.0,14659004.0,1.522,0.47
688212,澳华内镜,28.19,28.19,28.2,27.48,27.5,28.26,27.12,3388024.0,94535911.0,2.584,0.71
688213,思特威,99.38,99.38,99.39,97.81,99.01,100.1,98.1,5754411.0,570856712.0,1.605,1.57
688215,瑞晟智能,44.77,44.58,44.77,44.82,44.87,45.35,44.2,970196.0,43342133.0,-0.112,-0.05
688216,气派科技,31.08,31.08,31.09,29.9,29.79,31.2,29.57,3389563.0,103613900.0,3.946,1.18
688217,睿昂基因,24.86,24.86,24.95,24.93,24.91,25.12,24.51,729535.0,18108457.0,-0.281,-0.07
688218,江苏北人,41.89,41.88,41.89,41.9,41.68,43.19,41.31,3312472.0,139830564.0,-0.024,-0.01
688219,会通股份,10.51,10.5,10.51,10.5,10.5,10.53,10.4,4107557.0,43012167.0,0.095,0.01
688220,翱捷科技,101.7,101.7,101.8,93.04,94.0,102.36,93.67,13195939.0,1310503527.0,9.308,8.66
688221,前沿生物,19.53,19.53,19.54,19.0,18.95,19.57,18.7,10988438.0,209520224.0,2.789,0.53
688222,成都先导,33.72,33.71,33.72,33.81,34.79,35.34,32.93,18893289.0,636385858.0,-0.266,-0.09
688223,晶科能源,4.16,4.16,4.17,4.4,4.32,4.32,4.1,145116083.0,603150363.0,-5.455,-0.24
688225,亚信安全,12.66,12.66,12.67,12.11,12.25,12.75,12.2,7265749.0,90646596.0,4.542,0.55
688226,威腾电气,30.0,29.98,30.0,29.26,29.01,30.45,28.81,5236233.0,155836672.0,2.529,0.74
688227,品高股份,71.75,71.75,71.79,68.11,68.34,71.85,68.1,2365558.0,166274032.0,5.344,3.64
688228,开普云,79.26,79.26,79.27,80.14,80.27,80.67,78.98,1541200.0,122825085.0,-1.098,-0.88
688229,博睿数据,65.08,65.07,65.08,63.97,62.82,65.08,62.82,497603.0,31983069.0,1.735,1.11
688230,芯导科技,55.52,55.5,55.52,53.32,52.99,55.55,52.91,1076599.0,58769517.0,4.126,2.2
688231,隆达股份,30.29,30.23,30.29,28.6,28.88,30.44,28.6,6209403.0,184708270.0,5.909,1.69
688232,新点软件,17.93,17.93,17.94,18.01,17.96,18.01,17.68,1924786.0,34347317.0,-0.444,-0.08
688233,神工股份,108.65,108.64,108.65,107.19,101.66,108.65,101.07,15055988.0,1576490636.0,1.362,1.46
688234,天岳先进,109.56,109.56,109.6,104.83,106.0,111.0,106.0,7905508.0,860157037.0,4.512,4.73
688235,百济神州,279.75,279.75,279.76,279.0,280.99,280.99,272.81,4021394.0,1109267876.0,0.269,0.75
688236,春立医疗,14.58,14.58,14.6,14.63,14.61,14.61,14.35,1533920.0,22242167.0,-0.342,-0.05
688237,超卓航科,56.45,56.45,56.6,55.3,55.44,56.77,54.54,1813961.0,101928627.0,2.08,1.15
688238,和元生物,7.07,7.07,7.08,7.14,7.08,7.15,6.92,27620171.0,193697261.0,-0.98,-0.07
688239,航宇科技,49.29,49.28,49.29,49.1,49.26,50.22,48.0,6918948.0,339365635.0,0.387,0.19
688244,永信至诚,15.08,15.05,15.08,14.91,14.99,15.17,14.82,1602722.0,24030134.0,1.14,0.17
688246,嘉和美康,17.22,17.22,17.26,17.21,17.14,17.46,17.08,1657973.0,28663324.0,0.058,0.01
688247,宣泰医药,9.78,9.78,9.79,9.72,9.72,9.84,9.57,5137775.0,49895487.0,0.617,0.06
688248,南网科技,41.0,41.0,41.02,40.83,40.8,41.35,40.02,3188699.0,130147482.0,0.416,0.17
688249,晶合集成,41.03,41.02,41.03,38.3,38.31,41.37,37.85,32257615.0,1287342310.0,7.128,2.73
688251,井松智能,19.7,19.7,19.73,20.0,19.75,20.59,19.4,2771750.0,54790238.0,-1.5,-0.3
688252,天德钰,20.16,20.15,20.16,19.46,19.62,20.26,19.58,3871459.0,77307051.0,3.597,0.7
688253,英诺特,54.29,54.29,54.32,54.3,53.9,54.82,52.6,1743268.0,93861340.0,-0.018,-0.01
688255,凯尔达,25.6,25.6,25.61,25.63,25.59,25.84,25.2,2509996.0,64102676.0,-0.117,-0.03
688256,寒武纪,1048.0,1047.99,1048.0,1020.0,1045.5,1055.0,1033.18,9138437.0,9532759814.0,2.745,28.0
688257,新锐股份,57.1,57.09,57.1,52.8,53.65,57.69,53.51,18606609.0,1039670124.0,8.144,4.3
688258,卓易信息,94.69,94.68,94.69,92.0,92.0,95.26,90.5,3546024.0,329304497.0,2.924,2.69
688259,创耀科技,30.52,30.46,30.52,29.55,29.55,30.53,29.37,1028507.0,30943335.0,3.283,0.97
688260,昀冢科技,106.3,106.3,106.32,98.98,100.39,107.49,97.56,7182522.0,742069144.0,7.395,7.32
688261,东微半导,74.41,74.4,74.41,68.95,69.5,74.55,68.58,6344544.0,459085676.0,7.919,5.46
688262,国芯科技,28.77,28.75,28.77,26.33,26.37,28.97,26.3,12959267.0,360115330.0,9.267,2.44
688265,南模生物,41.84,41.84,41.85,40.95,40.54,42.53,39.72,3136210.0,128092312.0,2.173,0.89
688266,泽璟制药,119.7,119.7,119.74,119.7,118.0,120.56,115.63,4224678.0,497363553.0,0.0,0.0
688267,中触媒,18.6,18.54,18.6,18.28,18.2,18.7,18.08,1368929.0,25236242.0,1.751,0.32
688268,华特气体,148.28,148.28,148.3,144.0,144.0,149.8,140.18,6984932.0,1021198451.0,2.972,4.28
688269,凯立新材,30.0,29.99,30.0,30.89,29.0,30.73,28.02,4270619.0,124612453.0,-2.881,-0.89
688270,ST臻镭,61.28,61.28,61.29,63.41,59.78,61.6,59.51,8172850.0,496058739.0,-3.359,-2.13
688271,联影医疗,105.28,105.28,105.3,105.8,105.73,106.0,104.63,3079720.0,323764254.0,-0.491,-0.52
688272,富吉瑞,28.49,28.49,28.53,28.54,28.31,28.88,27.69,1133428.0,32229285.0,-0.175,-0.05
688273,麦澜德,30.04,30.04,30.08,29.79,29.19,30.14,29.19,998019.0,29898207.0,0.839,0.25
688275,万润新能,84.59,84.59,84.6,82.5,82.0,84.62,79.7,5008182.0,412879894.0,2.533,2.09
688276,百克生物,17.65,17.65,17.72,17.17,16.63,17.9,16.61,10535716.0,181614288.0,2.796,0.48
688277,天智航,15.54,15.54,15.56,15.54,15.54,15.67,15.39,3992951.0,61982311.0,0.0,0.0
688278,特宝生物,59.05,59.05,59.09,60.0,59.5,59.99,58.19,4511673.0,265554957.0,-1.583,-0.95
688279,峰岹科技,197.28,197.28,197.45,189.17,193.6,198.5,187.46,2762725.0,534445008.0,4.287,8.11
688280,精进电动,5.46,5.46,5.47,5.39,5.36,5.48,5.36,8847475.0,48093130.0,1.299,0.07
688281,华秦科技,48.15,48.15,48.2,46.9,46.94,48.33,46.23,4180058.0,196975195.0,2.665,1.25
688282,理工导航,54.98,54.88,54.98,52.28,52.45,55.4,52.1,1209934.0,66172997.0,5.164,2.7
688283,坤恒顺维,28.18,28.18,28.2,27.83,27.91,28.45,27.61,889935.0,25062419.0,1.258,0.35
688285,高铁电气,7.58,7.57,7.58,7.75,7.6,7.68,7.49,4269752.0,32328334.0,-2.194,-0.17
688286,敏芯股份,48.16,48.16,48.18,45.25,45.35,48.4,44.72,6036089.0,283919860.0,6.431,2.91
688288,鸿泉技术,18.93,18.93,18.95,18.8,18.79,19.09,18.55,885901.0,16683644.0,0.691,0.13
688289,圣湘生物,15.76,15.76,15.77,15.48,15.32,16.05,15.3,7235473.0,113634140.0,1.809,0.28
688290,景业智能,68.8,68.8,68.82,67.0,65.01,69.37,65.01,1135255.0,76949198.0,2.687,1.8
688291,金橙子,41.09,41.08,41.09,41.41,40.78,41.86,39.18,3519968.0,143253793.0,-0.773,-0.32
688292,浩瀚深度,17.45,17.44,17.45,16.85,16.92,17.64,16.74,3650327.0,63078574.0,3.561,0.6
688293,奥浦迈,56.98,56.98,57.0,57.42,56.7,58.37,55.6,3047462.0,172185469.0,-0.766,-0.44
688295,中复神鹰,39.3,39.3,39.31,38.31,39.1,39.37,37.92,5485570.0,212662560.0,2.584,0.99
688296,和达科技,25.65,25.65,25.69,24.15,24.5,26.88,24.5,7410060.0,191147578.0,6.211,1.5
688297,中无人机,38.9,38.89,38.9,38.59,38.61,38.98,38.47,5225721.0,202799387.0,0.803,0.31
688298,东方生物,19.59,19.58,19.59,19.54,19.44,19.75,19.31,1082994.0,21142399.0,0.256,0.05
688299,长阳科技,13.03,13.03,13.05,12.96,12.92,13.12,12.69,4963527.0,64206405.0,0.54,0.07
688300,联瑞新材,186.24,186.24,0.0,155.2,158.14,186.24,158.0,21840246.0,3769790833.0,20.0,31.04
688301,奕瑞科技,98.38,98.37,98.38,96.75,97.74,99.2,95.21,3285299.0,320943221.0,1.685,1.63
688302,海创药业,34.24,34.24,34.25,34.55,34.5,34.5,33.2,1708739.0,57797089.0,-0.897,-0.31
688303,大全能源,17.47,17.47,17.5,17.61,17.54,17.59,17.21,6711823.0,116658879.0,-0.795,-0.14
688305,科德数控,61.62,61.62,61.63,61.01,60.73,62.28,59.5,4361685.0,265544589.0,1.0,0.61
688306,均普智能,8.83,8.83,8.84,8.67,8.75,9.05,8.7,7560001.0,67004890.0,1.845,0.16
688307,中润光学,50.22,50.22,50.23,48.26,48.35,50.75,47.9,3685657.0,183168011.0,4.061,1.96
688308,欧科亿,101.62,101.62,101.63,91.5,93.0,102.99,91.01,16535799.0,1625183798.0,11.06,10.12
688309,恒誉科技,72.9,72.89,72.9,73.28,73.5,73.68,71.0,1993507.0,144179446.0,-0.519,-0.38
688310,迈得医疗,15.29,15.29,15.3,14.97,14.89,15.37,14.89,3348290.0,50772917.0,2.138,0.32
688311,盟升电子,22.93,22.93,22.94,22.36,22.1,22.95,22.1,3546140.0,80512868.0,2.549,0.57
688312,燕麦科技,48.19,48.19,48.2,47.94,46.14,48.91,45.02,9533498.0,450297843.0,0.521,0.25
688313,仕佳光子,159.14,159.14,159.15,149.51,152.79,161.83,150.36,22197305.0,3482444467.0,6.441,9.63
688314,康拓医疗,32.08,32.03,32.08,31.43,31.24,32.2,31.0,583170.0,18583043.0,2.068,0.65
688315,诺禾致源,16.04,16.03,16.04,15.82,15.7,16.73,15.41,12822554.0,206669429.0,1.391,0.22
688316,青云科技,47.68,47.68,47.69,46.42,46.6,47.68,46.57,1747142.0,82531949.0,2.714,1.26
688317,之江生物,17.31,17.31,17.32,17.36,17.36,17.52,17.05,1455207.0,25117399.0,-0.288,-0.05
688318,财富趋势,86.3,86.29,86.3,77.64,77.0,87.5,76.95,15595869.0,1269746979.0,11.154,8.66
688319,欧林生物,29.45,29.44,29.45,28.33,28.05,29.58,27.86,5923602.0,171008708.0,3.953,1.12
688320,禾川科技,35.9,35.77,35.9,34.7,34.26,36.0,34.26,3294316.0,116567021.0,3.458,1.2
688321,微芯生物,26.19,26.18,26.19,25.75,25.76,26.19,25.25,10674113.0,274921420.0,1.709,0.44
688322,奥比中光,97.28,97.28,97.29,93.96,94.08,97.5,93.14,6645290.0,637316697.0,3.533,3.32
688323,瑞华泰,27.59,27.58,27.59,26.69,26.91,27.98,26.02,13773537.0,376781672.0,3.372,0.9
688325,赛微微电,117.14,117.0,117.14,106.55,106.78,119.89,106.1,2328935.0,266265852.0,9.939,10.59
688326,经纬恒润,61.04,61.03,61.04,61.21,60.01,61.3,59.1,1871145.0,112394881.0,-0.278,-0.17
688327,云从科技,10.65,10.64,10.65,9.76,9.76,11.22,9.76,49629238.0,523491212.0,9.119,0.89
688328,深科达,88.28,88.28,88.3,86.98,87.3,89.89,86.02,10259047.0,903723342.0,1.495,1.3
688329,艾隆科技,21.56,21.54,21.56,21.79,21.56,21.96,21.22,1135964.0,24582070.0,-1.056,-0.23
688330,宏力达,34.51,34.46,34.51,34.23,34.07,34.51,33.48,1184060.0,40298946.0,0.818,0.28
688331,荣昌生物,121.75,121.75,121.77,120.77,119.98,121.81,118.03,6316227.0,757594075.0,0.811,0.98
688332,中科蓝讯,92.41,92.36,92.41,87.53,87.95,93.91,87.95,4494769.0,409792638.0,5.575,4.88
688333,铂力特,103.7,103.7,103.71,101.4,101.85,104.89,98.89,11236356.0,1147530733.0,2.268,2.3
688334,西高院,18.36,18.34,18.36,18.14,18.02,18.46,17.95,1918899.0,34976296.0,1.213,0.22
688335,复洁科技,20.25,20.17,20.25,20.15,20.08,20.33,19.78,1463283.0,29434209.0,0.496,0.1
688336,三生国健,43.61,43.61,43.62,43.59,43.59,43.77,42.1,7742535.0,331979695.0,0.046,0.02
688337,普源精电,43.53,43.53,43.55,42.44,42.6,43.79,41.84,4058092.0,174665762.0,2.568,1.09
688338,赛科希德,30.36,30.36,30.38,30.51,30.2,30.94,30.13,1121384.0,34071673.0,-0.492,-0.15
688339,亿华通,17.22,17.22,17.24,17.08,17.15,17.26,16.91,1797307.0,30832532.0,0.82,0.14
688343,云天励飞,59.54,59.49,59.54,55.23,55.91,59.75,55.88,10791610.0,626542818.0,7.804,4.31
688345,博力威,52.95,52.95,52.96,51.28,51.16,53.67,50.36,1510670.0,79019001.0,3.257,1.67
688347,华虹宏力,252.72,252.72,252.73,244.02,244.01,254.8,240.33,20138290.0,5013896724.0,3.565,8.7
688348,昱能科技,31.88,31.88,31.92,32.44,32.44,32.44,31.25,1230246.0,38993117.0,-1.726,-0.56
688349,三一重能,13.97,13.97,13.98,14.05,14.0,14.01,13.76,6655966.0,92332843.0,-0.569,-0.08
688350,富淼科技,27.73,27.7,27.73,28.98,28.08,28.98,26.8,3681449.0,101464787.0,-4.313,-1.25
688351,微电生理,20.93,20.88,20.93,20.55,20.49,21.0,20.08,3852896.0,79192465.0,1.849,0.38
688352,颀中科技,18.46,18.46,18.47,17.05,17.1,18.61,16.96,28489946.0,507591450.0,8.27,1.41
688353,华盛锂电,90.25,90.25,90.3,89.99,89.76,90.88,88.05,4018065.0,359878533.0,0.289,0.26
688355,明志科技,17.63,17.61,17.63,17.48,17.28,17.77,17.28,952833.0,16751422.0,0.858,0.15
688356,键凯科技,127.3,127.29,127.3,128.0,125.06,129.78,120.02,9691566.0,1207794625.0,-0.547,-0.7
688357,建龙微纳,26.33,26.33,26.39,26.7,26.61,26.8,26.06,1027247.0,27068765.0,-1.386,-0.37
688358,祥生医疗,28.41,28.4,28.41,28.11,28.0,28.48,28.0,770370.0,21775787.0,1.067,0.3
688359,三孚新科,96.98,96.98,97.0,92.82,92.83,98.79,92.49,4170928.0,399572448.0,4.482,4.16
688360,德马科技,15.26,15.24,15.26,15.15,15.13,15.38,15.09,2284301.0,34846223.0,0.726,0.11
688361,中科飞测,373.71,373.7,373.71,362.0,364.0,374.6,353.87,8647341.0,3183299566.0,3.235,11.71
688362,甬矽电子,63.99,63.99,64.0,61.35,62.37,65.1,60.76,21966249.0,1391608186.0,4.303,2.64
688363,华熙生物,35.95,35.94,35.95,36.28,36.0,36.27,35.5,2262766.0,80951738.0,-0.91,-0.33
688365,光云科技,14.31,14.3,14.31,13.94,13.94,14.32,13.83,8664029.0,122180697.0,2.654,0.37
688366,昊海生科,30.22,30.22,30.24,30.2,30.04,30.45,29.87,345061.0,10384646.0,0.066,0.02
688367,工大高科,30.15,30.05,30.15,29.97,29.97,30.19,29.23,970871.0,28965488.0,0.601,0.18
688368,晶丰明源,140.28,140.28,0.0,116.9,118.48,140.28,115.77,6145950.0,794789891.0,20.0,23.38
688369,致远互联,19.74,19.74,19.76,19.69,19.95,19.96,19.55,2838587.0,56015857.0,0.254,0.05
688370,丛麟科技,23.51,23.51,23.52,23.46,23.36,23.65,23.22,471906.0,11065087.0,0.213,0.05
688371,菲沃泰,29.17,29.17,29.18,27.69,27.75,29.2,27.27,7984746.0,226197084.0,5.345,1.48
688372,伟测科技,127.83,127.83,127.85,120.79,121.55,128.28,120.48,7422674.0,927836550.0,5.828,7.04
688373,盟科药业,5.77,5.76,5.77,5.48,5.48,5.82,5.45,35219842.0,196900617.0,5.292,0.29
688375,国博电子,78.4,78.4,78.41,76.34,76.76,78.5,76.01,2261189.0,175619290.0,2.698,2.06
688376,美埃科技,70.68,70.66,70.68,68.11,67.93,70.98,67.02,1705239.0,118793260.0,3.773,2.57
688377,迪威尔,19.15,19.15,19.16,19.35,19.4,19.4,18.95,1594706.0,30525618.0,-1.034,-0.2
688378,奥来德,43.15,43.13,43.15,40.85,41.0,43.2,40.57,8558457.0,361165281.0,5.63,2.3
688379,华光新材,60.4,60.33,60.4,58.34,59.19,61.5,56.19,7569771.0,449375875.0,3.531,2.06
688380,中微半导,41.96,41.96,41.97,40.46,40.46,42.16,40.25,12674143.0,525393474.0,3.707,1.5
688381,帝奥微,34.51,34.51,34.52,32.26,32.35,34.66,31.7,14144598.0,472250721.0,6.975,2.25
688382,益方生物,20.46,20.45,20.46,20.01,19.91,20.58,19.16,15485826.0,306921842.0,2.249,0.45
688383,新益昌,129.59,129.59,129.75,120.63,120.65,130.85,118.51,2739152.0,345161106.0,7.428,8.96
688385,复旦微电,54.53,54.52,54.53,51.26,51.66,54.72,51.35,13912903.0,743088967.0,6.379,3.27
688386,泛亚微透,55.98,55.97,55.98,49.71,50.9,56.11,49.56,5917470.0,314663300.0,12.613,6.27
688387,信科移动,13.3,13.3,13.31,12.59,12.75,13.48,12.75,42162109.0,555337355.0,5.639,0.71
688388,嘉元科技,29.32,29.32,29.33,27.74,27.9,29.44,27.51,35543500.0,1019890054.0,5.696,1.58
688389,普门科技,11.02,11.01,11.02,11.03,11.05,11.12,10.91,1392770.0,15355015.0,-0.091,-0.01
688390,固德威,64.08,64.08,64.09,65.23,65.2,65.22,61.94,8487594.0,536490274.0,-1.763,-1.15
688391,钜泉科技,25.77,25.76,25.77,25.2,25.2,25.79,25.2,1037270.0,26516892.0,2.262,0.57
688392,骄成超声,192.6,192.6,192.61,185.87,189.49,193.6,184.03,3528494.0,672179178.0,3.621,6.73
688393,安必平,20.53,20.53,20.55,20.41,20.16,20.68,19.95,1891656.0,38626273.0,0.588,0.12
688395,正弦电气,22.98,22.96,22.98,22.78,22.77,22.98,22.46,1258385.0,28658397.0,0.878,0.2
688396,华润微,63.0,63.0,63.01,57.8,58.58,63.24,57.86,31398599.0,1914131647.0,8.997,5.2
688398,赛特新材,20.35,20.35,20.4,20.26,20.32,20.48,20.03,1109387.0,22558161.0,0.444,0.09
688399,硕世生物,28.22,28.22,28.35,28.36,28.5,28.5,27.9,1084869.0,30569260.0,-0.494,-0.14
688400,凌云光,47.25,47.24,47.25,45.48,45.8,47.94,45.29,8408324.0,391971607.0,3.892,1.77
688401,路维光电,69.12,69.12,69.13,66.74,66.99,70.2,66.0,5769848.0,394712998.0,3.566,2.38
688403,汇成股份,23.78,23.77,23.78,22.53,22.75,23.92,22.46,36403415.0,850336809.0,5.548,1.25
688408,中信博,24.78,24.78,24.8,24.95,24.97,24.97,24.11,2657279.0,65272578.0,-0.681,-0.17
688409,富创精密,215.0,214.95,215.0,206.4,207.3,216.99,203.8,6303764.0,1335931581.0,4.167,8.6
688410,山外山,10.84,10.83,10.84,10.94,10.9,10.96,10.32,12541707.0,132904647.0,-0.914,-0.1
688411,海博思创,194.06,194.06,194.07,200.3,199.0,199.42,190.29,3541999.0,684119961.0,-3.115,-6.24
688416,恒烁股份,80.0,80.0,80.01,73.3,73.56,80.62,73.56,7546424.0,585662403.0,9.141,6.7
688418,震有科技,32.4,32.39,32.4,31.92,32.23,32.85,31.5,2979699.0,96463127.0,1.504,0.48
688419,耐科装备,55.39,55.38,55.39,55.11,55.12,56.04,53.67,5671348.0,312512933.0,0.508,0.28
688420,美腾科技,22.16,22.15,22.16,22.55,21.87,22.29,21.71,980578.0,21580148.0,-1.729,-0.39
688425,铁建重工,4.08,4.07,4.08,4.09,4.07,4.09,4.04,11966755.0,48597001.0,-0.244,-0.01
688426,康为世纪,21.11,21.09,21.11,21.58,21.33,21.65,21.0,1657780.0,35140823.0,-2.178,-0.47
688428,诺诚健华,28.88,28.88,28.89,28.15,28.17,29.03,27.68,8492109.0,239662457.0,2.593,0.73
688429,时创能源,10.19,10.19,10.22,10.45,10.45,10.65,10.14,1426635.0,14621633.0,-2.488,-0.26
688432,有研硅,45.99,45.98,45.99,41.91,41.99,47.98,41.93,66974775.0,2998088587.0,9.735,4.08
688433,华曙高科,99.68,99.68,99.8,97.9,99.47,101.65,96.92,6109537.0,607158784.0,1.818,1.78
688435,英方软件,29.46,29.46,29.53,29.47,29.5,29.65,29.12,1325138.0,38987587.0,-0.034,-0.01
688439,振华风光,38.59,38.59,38.6,38.72,38.62,38.98,38.03,2049141.0,78896008.0,-0.336,-0.13
688443,智翔金泰,24.8,24.8,24.82,24.72,24.74,24.93,24.11,3568437.0,87177168.0,0.324,0.08
688448,磁谷科技,66.77,66.71,66.77,63.4,64.2,66.78,62.76,2797067.0,182407716.0,5.315,3.37
688449,联芸科技,68.58,68.58,68.59,63.35,64.04,69.55,62.89,12396160.0,830767048.0,8.256,5.23
688450,光格科技,35.1,35.1,35.12,33.36,33.2,35.58,33.17,1878247.0,65177251.0,5.216,1.74
688455,科捷智能,16.64,16.64,16.65,16.5,16.48,17.04,15.71,5972633.0,97185442.0,0.848,0.14
688456,有研粉材,83.13,83.13,83.14,77.76,77.99,83.99,77.02,8323863.0,675814116.0,6.906,5.37
688458,美芯晟,33.78,33.68,33.78,32.75,32.58,33.85,32.51,1488940.0,49690764.0,3.145,1.03
688459,哈铁科技,8.04,8.04,8.05,8.03,8.03,8.07,7.98,1068645.0,8567627.0,0.125,0.01
688466,金科环境,14.19,14.19,14.25,14.29,14.36,14.47,14.07,967446.0,13791090.0,-0.7,-0.1
688468,科美诊断,6.42,6.42,6.43,6.46,6.45,6.48,6.35,2426526.0,15596429.0,-0.619,-0.04
688469,芯联集成,8.73,8.73,8.74,8.5,8.52,8.74,8.43,110110952.0,948135700.0,2.706,0.23
688472,阿特斯,9.99,9.98,9.99,10.25,10.24,10.26,9.81,50457235.0,502366816.0,-2.537,-0.26
688475,萤石网络,28.84,28.84,28.86,28.86,28.8,29.0,28.71,3036156.0,87562383.0,-0.069,-0.02
688478,晶升股份,50.41,50.4,50.41,46.92,47.29,50.6,46.89,5083717.0,250383563.0,7.438,3.49
688479,友车科技,32.6,32.6,32.65,32.16,32.15,32.81,31.9,1448835.0,47086059.0,1.368,0.44
688480,赛恩斯,75.2,75.04,75.2,74.16,74.4,76.2,73.5,671529.0,50385945.0,1.402,1.04
688484,南芯科技,37.62,37.61,37.62,34.24,34.2,38.0,34.2,15252409.0,564886535.0,9.871,3.38
688485,九州一轨,89.76,89.75,89.76,87.15,87.6,89.78,85.1,5486707.0,482629889.0,2.995,2.61
688486,龙迅股份,43.04,43.04,43.05,41.4,41.58,43.05,41.4,3792762.0,160847809.0,3.961,1.64
688488,艾迪药业,16.12,16.12,16.13,16.45,16.33,16.6,15.65,8620041.0,137381452.0,-2.006,-0.33
688489,三未信安,24.58,24.49,24.58,23.64,24.2,24.88,23.3,1827865.0,44463617.0,3.976,0.94
688496,*ST清越,0.93,0.93,0.94,0.92,0.92,0.97,0.9,9187322.0,8543357.0,1.087,0.01
688498,源杰科技,1630.99,1630.99,1631.0,1540.01,1569.9,1635.85,1553.0,3664121.0,5872101741.0,5.908,90.98
688499,利元亨,35.34,35.34,35.35,35.42,35.1,35.36,34.26,3906652.0,136204766.0,-0.226,-0.08
688500,慧辰股份,34.6,34.6,34.64,36.09,35.56,36.08,33.71,1713116.0,59396431.0,-4.129,-1.49
688501,青达环保,14.36,14.36,14.37,13.71,13.52,14.49,13.43,6355513.0,88993149.0,4.741,0.65
688502,茂莱光学,453.84,453.84,453.9,424.52,430.0,459.93,425.01,1774852.0,792047064.0,6.907,29.32
688503,聚和材料,87.0,86.99,87.0,84.18,83.9,88.61,81.7,18450007.0,1583591829.0,3.35,2.82
688505,复旦张江,8.34,8.33,8.34,8.32,8.25,8.4,8.19,7065433.0,58515684.0,0.24,0.02
688506,百利天恒,271.99,271.99,272.0,269.18,268.0,272.8,257.31,1956496.0,517774733.0,1.044,2.81
688507,索辰科技,153.8,153.8,153.81,149.35,150.99,154.49,146.6,3832951.0,580536282.0,2.98,4.45
688508,芯朋微,90.79,90.78,90.79,88.48,88.0,91.91,87.28,9061087.0,811295218.0,2.611,2.31
688509,正元地信,4.27,4.26,4.27,4.26,4.23,4.28,4.22,3991291.0,16947310.0,0.235,0.01
688510,航亚科技,24.72,24.68,24.72,24.26,24.26,24.85,24.0,3447404.0,84662078.0,1.896,0.46
688511,天微电子,22.71,22.71,22.73,21.01,21.02,23.5,20.86,3541162.0,80285363.0,8.091,1.7
688512,慧智微,14.41,14.41,14.43,13.44,13.48,14.48,13.37,12241596.0,171680009.0,7.217,0.97
688513,苑东生物,44.3,44.3,44.33,44.07,43.55,44.33,43.06,1395462.0,61047945.0,0.522,0.23
688515,裕太微,157.65,157.6,157.65,147.22,148.59,157.9,146.34,3005137.0,460419486.0,7.085,10.43
688516,奥特维,45.55,45.48,45.55,45.2,45.26,45.64,43.74,10849216.0,484841303.0,0.774,0.35
688517,金冠电气,15.46,15.46,15.48,15.49,15.41,15.68,15.32,2104833.0,32657014.0,-0.194,-0.03
688518,联赢激光,20.81,20.8,20.81,20.37,20.35,20.93,20.16,13927715.0,286739566.0,2.16,0.44
688519,南亚新材,294.2,294.18,294.2,283.95,291.55,301.98,284.38,6809057.0,2002387072.0,3.61,10.25
688520,神州细胞,36.88,36.88,36.9,37.05,36.68,37.0,36.02,3001703.0,109384575.0,-0.459,-0.17
688521,芯原股份,193.7,193.69,193.7,180.5,180.15,196.36,178.8,26987133.0,5090130497.0,7.313,13.2
688522,纳睿雷达,18.43,18.43,18.44,18.05,18.08,18.44,17.94,3286717.0,60106324.0,2.105,0.38
688523,航天环宇,41.74,41.74,41.75,40.17,40.87,41.9,39.75,3361586.0,137832737.0,3.908,1.57
688525,佰维存储,238.44,238.44,238.45,223.35,226.33,238.64,224.89,25252447.0,5893504538.0,6.756,15.09
688526,科前生物,12.62,12.62,12.63,13.13,12.87,12.88,12.47,3709274.0,46821344.0,-3.884,-0.51
688528,秦川物联,10.16,10.16,10.19,10.25,10.25,10.32,10.08,1265028.0,12897577.0,-0.878,-0.09
688529,豪森智能,15.35,15.35,15.38,15.58,15.6,15.81,15.31,1845494.0,28620325.0,-1.476,-0.23
688530,欧莱新材,64.95,64.94,64.95,60.55,61.09,65.68,59.7,10476463.0,663877255.0,7.267,4.4
688531,日联科技,138.05,138.04,138.05,132.41,133.53,139.5,130.72,3704153.0,504676414.0,4.259,5.64
688533,上声电子,20.94,20.94,20.96,21.1,21.01,21.16,20.75,842521.0,17607869.0,-0.758,-0.16
688535,华海诚科,105.56,105.56,105.58,98.29,98.84,106.35,98.05,6885871.0,708847939.0,7.396,7.27
688536,思瑞浦,315.99,315.79,315.99,309.61,310.51,320.56,307.4,3479116.0,1095377168.0,2.061,6.38
688538,和辉光电,2.3,2.3,2.31,2.31,2.31,2.32,2.28,62087568.0,142425433.0,-0.433,-0.01
688539,高华科技,24.43,24.43,24.45,24.89,23.4,25.0,23.4,3879919.0,94224091.0,-1.848,-0.46
688543,国科军工,38.98,38.96,38.98,38.58,38.57,39.1,38.32,3439283.0,133596517.0,1.037,0.4
688545,兴福电子,80.36,80.36,80.37,78.0,78.3,82.0,76.88,10559775.0,841875597.0,3.026,2.36
688548,广钢气体,36.07,36.06,36.07,34.81,34.98,36.65,34.68,21622932.0,773197125.0,3.62,1.26
688549,中巨芯,25.62,25.62,25.63,24.3,24.5,25.73,24.18,70208958.0,1764520554.0,5.432,1.32
688550,瑞联新材,39.62,39.62,39.66,37.96,38.49,40.15,37.72,4211426.0,164600752.0,4.373,1.66
688551,科威尔,40.15,40.14,40.15,37.87,37.9,40.28,37.5,2875908.0,112889349.0,6.021,2.28
688552,航天南湖,28.07,28.07,28.08,26.43,26.12,28.49,26.02,6506697.0,179895415.0,6.205,1.64
688553,汇宇制药,11.89,11.88,11.89,12.02,11.9,12.04,11.73,11769742.0,139350447.0,-1.082,-0.13
688556,高测股份,8.24,8.23,8.24,8.12,8.15,8.26,8.05,16171308.0,132282173.0,1.478,0.12
688557,兰剑智能,20.42,20.42,20.47,20.62,20.26,20.78,20.26,1304243.0,26706552.0,-0.97,-0.2
688558,国盛智科,32.39,32.35,32.39,30.88,31.32,32.47,30.63,1277395.0,40436241.0,4.89,1.51
688559,海目星,56.37,56.36,56.37,52.08,52.02,57.77,52.02,20204123.0,1128251686.0,8.237,4.29
688560,明冠新材,12.3,12.3,12.31,12.23,12.42,12.57,12.12,4043812.0,49784458.0,0.572,0.07
688561,奇安信,25.28,25.28,25.29,24.96,25.02,25.34,24.92,3565440.0,89806905.0,1.282,0.32
688562,航天软件,14.21,14.21,14.22,14.19,14.23,14.27,14.05,2220885.0,31497204.0,0.141,0.02
688563,航材股份,49.98,49.98,50.08,49.65,49.66,50.14,49.26,1043116.0,51883468.0,0.665,0.33
688565,力源科技,11.27,11.27,11.28,11.31,11.33,11.33,11.11,1630249.0,18317799.0,-0.354,-0.04
688566,吉贝尔,25.43,25.43,25.46,25.53,25.38,25.54,25.0,1444795.0,36495009.0,-0.392,-0.1
688567,孚能科技,9.72,9.72,9.73,9.8,9.75,9.79,9.51,10011116.0,96425299.0,-0.816,-0.08
688568,中科星图,31.6,31.6,31.61,30.6,30.5,31.63,30.36,7972655.0,248593553.0,3.268,1.0
688569,铁科轨道,18.29,18.28,18.29,18.49,18.49,18.67,18.25,1319978.0,24220622.0,-1.082,-0.2
688570,天玛智控,15.32,15.32,15.34,15.34,15.27,15.42,15.27,562482.0,8625620.0,-0.13,-0.02
688571,杭华股份,8.8,8.79,8.8,8.56,8.6,8.91,8.45,6681568.0,58336377.0,2.804,0.24
688573,信宇人,16.13,16.13,16.14,16.44,16.43,16.43,15.91,2101809.0,33899173.0,-1.886,-0.31
688575,亚辉龙,10.76,10.75,10.76,9.5,10.36,11.4,10.36,54651809.0,604644769.0,13.263,1.26
688576,西山科技,41.41,41.41,41.43,41.48,41.21,41.85,41.21,231806.0,9621309.0,-0.169,-0.07
688577,浙海德曼,43.88,43.88,43.9,41.56,41.93,44.08,41.52,1438823.0,62376668.0,5.582,2.32
688578,艾力斯,115.05,115.04,115.05,112.09,111.55,115.16,110.79,4594438.0,518336579.0,2.641,2.96
688579,地纬智能,7.89,7.89,7.9,7.91,7.9,7.98,7.85,2232828.0,17643644.0,-0.253,-0.02
688580,伟思医疗,47.25,47.25,47.26,46.75,46.57,47.32,46.27,1263083.0,59188104.0,1.07,0.5
688581,安杰思,52.38,52.37,52.38,52.09,52.15,52.4,51.7,397645.0,20731859.0,0.557,0.29
688582,芯动联科,42.4,42.4,42.42,41.05,41.24,42.55,41.06,4262016.0,178588171.0,3.289,1.35
688583,思看科技,83.15,83.15,83.19,83.03,82.89,84.99,81.04,2730990.0,225542271.0,0.145,0.12
688584,上海合晶,29.83,29.82,29.83,28.54,28.8,29.95,28.15,11943217.0,348681714.0,4.52,1.29
688585,上纬新材,159.88,159.75,159.88,144.4,145.88,159.96,145.08,5970522.0,906807092.0,10.72,15.48
688586,江航装备,11.45,11.45,11.46,11.47,11.58,11.68,11.37,8336927.0,95985181.0,-0.174,-0.02
688588,凌志软件,9.69,9.67,9.69,9.64,9.6,9.72,9.53,2385570.0,22995164.0,0.519,0.05
688589,力合微,19.51,19.5,19.51,19.25,19.22,19.71,19.06,3704030.0,71927111.0,1.351,0.26
688590,新致软件,12.8,12.8,12.81,12.64,12.58,12.84,12.58,5087384.0,64805055.0,1.266,0.16
688591,泰凌微,29.45,29.45,29.46,28.55,28.27,29.48,28.23,6330984.0,183483790.0,3.152,0.9
688592,司南导航,24.81,24.79,24.81,24.87,24.6,25.18,24.55,861546.0,21347645.0,-0.241,-0.06
688593,新相微,31.23,31.21,31.23,30.7,30.75,31.46,30.3,10762607.0,333001050.0,1.726,0.53
688595,芯海科技,28.67,28.67,28.68,27.26,27.27,28.68,27.11,3308366.0,93099108.0,5.172,1.41
688596,正帆科技,72.4,72.4,72.41,72.8,71.49,74.3,68.3,31598738.0,2261954076.0,-0.549,-0.4
688597,煜邦电力,6.6,6.59,6.6,6.68,6.68,6.71,6.53,4962952.0,32781623.0,-1.198,-0.08
688598,金博股份,37.6,37.6,37.62,36.47,36.71,38.48,35.47,21486905.0,794277874.0,3.098,1.13
688599,天合光能,12.54,12.54,12.55,12.76,12.69,12.78,12.32,27097019.0,338116537.0,-1.724,-0.22
688600,皖仪科技,28.2,28.18,28.2,26.28,26.26,29.08,25.99,5896363.0,164354205.0,7.306,1.92
688601,力芯微,54.21,54.2,54.21,52.34,52.67,54.4,50.7,5942188.0,314089510.0,3.573,1.87
688602,康鹏科技,6.77,6.77,6.79,6.6,6.6,6.87,6.53,5899919.0,39662585.0,2.576,0.17
688603,天承科技,115.58,115.58,115.6,106.0,107.0,117.98,105.06,5919371.0,668735772.0,9.038,9.58
688605,先锋精科,72.65,72.65,72.66,70.06,70.01,73.35,69.22,3470164.0,249132093.0,3.697,2.59
688606,奥泰生物,47.47,47.47,47.48,48.06,48.04,48.04,47.23,254276.0,12085615.0,-1.228,-0.59
688607,康众医疗,40.91,40.91,40.94,40.38,40.22,41.3,39.5,1525751.0,62241806.0,1.313,0.53
688608,恒玄科技,105.31,105.3,105.31,104.01,104.33,105.42,103.39,2592262.0,271249798.0,1.25,1.3
688609,九联科技,9.26,9.25,9.26,8.93,8.93,9.42,8.87,24974066.0,230202369.0,3.695,0.33
688610,埃科光电,173.4,173.06,173.4,167.65,168.44,176.16,165.65,1551693.0,266101812.0,3.43,5.75
688611,杭州柯林,61.77,61.77,61.78,60.51,60.29,62.0,59.78,681765.0,41559516.0,2.082,1.26
688612,威迈斯,34.66,34.63,34.66,34.39,34.21,34.75,33.83,3019279.0,103817947.0,0.785,0.27
688613,奥精医疗,15.67,15.67,15.68,15.66,15.59,15.71,15.38,1829883.0,28514553.0,0.064,0.01
688615,合合信息,94.6,94.59,94.6,92.08,92.27,94.78,91.36,4352690.0,405363819.0,2.737,2.52
688616,西力科技,10.93,10.93,10.95,11.13,11.12,11.13,10.83,2954751.0,32283969.0,-1.797,-0.2
688617,惠泰医疗,250.59,250.59,250.75,248.0,248.4,255.1,245.8,1405620.0,352104037.0,1.044,2.59
688618,三旺通信,31.35,31.35,31.39,31.44,31.37,31.9,31.03,2748089.0,86542092.0,-0.286,-0.09
688619,罗普特,13.83,13.83,13.84,13.75,13.76,14.04,13.6,2806980.0,38681956.0,0.582,0.08
688620,安凯微,15.97,15.95,15.97,14.97,15.1,16.22,15.05,15318302.0,240348440.0,6.68,1.0
688621,阳光诺和,65.5,65.5,65.58,66.0,66.0,66.8,64.67,2381264.0,156222008.0,-0.758,-0.5
688622,*ST禾信,96.5,96.5,96.68,96.68,99.88,102.9,95.54,373155.0,36826928.0,-0.186,-0.18
688623,双元科技,58.18,58.12,58.18,58.52,58.64,58.64,57.62,429892.0,24950984.0,-0.581,-0.34
688625,呈和科技,54.8,54.8,54.82,52.3,52.78,55.78,51.21,6527721.0,352012763.0,4.78,2.5
688626,翔宇医疗,43.13,43.11,43.13,42.62,42.39,43.15,42.17,1206162.0,51668525.0,1.197,0.51
688627,精智达,513.5,513.49,513.5,459.75,467.0,515.0,453.0,5085209.0,2481425114.0,11.691,53.75
688628,优利德,80.62,80.54,80.62,79.7,80.48,83.8,78.0,5849454.0,471332594.0,1.154,0.92
688629,华丰科技,138.25,138.24,138.25,131.81,135.0,138.31,130.56,13611350.0,1837539260.0,4.886,6.44
688630,芯碁微装,438.6,438.6,438.63,430.6,423.0,444.44,412.32,8180927.0,3523985825.0,1.858,8.0
688631,莱斯信息,39.63,39.62,39.63,40.5,40.22,40.22,37.87,2061405.0,80530516.0,-2.148,-0.87
688633,星球石墨,23.89,23.89,23.9,24.03,23.91,24.08,23.69,2917102.0,69607531.0,-0.583,-0.14
688635,长进光子,313.56,313.55,313.56,296.2,296.5,318.57,296.5,2773700.0,862406213.0,5.861,17.36
688636,智明达,20.32,20.32,20.33,20.18,20.01,20.49,19.95,7139367.0,144313930.0,0.694,0.14
688638,誉辰智能,33.56,33.56,33.64,32.91,32.58,33.86,32.58,587466.0,19542086.0,1.975,0.65
688639,华恒生物,16.59,16.59,16.6,16.5,16.42,16.64,16.27,3178635.0,52394853.0,0.545,0.09
688646,逸飞激光,74.66,74.64,74.66,70.58,71.0,74.66,70.48,2648332.0,193045988.0,5.781,4.08
688648,中邮科技,32.55,32.55,32.56,33.1,33.18,33.22,31.9,2481776.0,80687474.0,-1.662,-0.55
688651,盛邦安全,22.67,22.67,22.77,22.6,22.6,22.85,22.44,1116217.0,25267752.0,0.31,0.07
688652,京仪装备,154.91,154.91,154.93,148.05,151.01,155.88,146.56,4269982.0,652671085.0,4.634,6.86
688653,康希通信,13.99,13.99,14.0,13.6,13.61,14.22,13.61,19478696.0,271119792.0,2.868,0.39
688655,迅捷兴,45.42,45.42,45.43,43.55,43.9,47.1,42.77,12880276.0,585688019.0,4.294,1.87
688656,浩欧博,94.0,94.0,94.2,95.36,95.96,95.96,93.08,546120.0,51411096.0,-1.426,-1.36
688657,浩辰软件,31.97,31.9,31.97,31.91,32.22,32.22,31.71,732167.0,23378019.0,0.188,0.06
688658,悦康药业,15.3,15.29,15.3,14.72,14.45,15.44,13.84,34749976.0,500547842.0,3.94,0.58
688659,元琛科技,10.59,10.59,10.61,10.7,10.59,10.72,10.42,2498581.0,26466203.0,-1.028,-0.11
688660,电气风电,7.52,7.52,7.53,7.64,7.63,7.63,7.45,14454834.0,108919997.0,-1.571,-0.12
688661,和林微纳,110.35,110.3,110.35,96.61,97.5,111.0,96.8,6028981.0,632367051.0,14.222,13.74
688662,富信科技,91.66,91.66,91.67,86.61,88.0,92.35,86.61,10784311.0,971288693.0,5.831,5.05
688663,新风光,53.98,53.81,53.98,53.85,54.0,54.7,51.68,3982299.0,210894412.0,0.241,0.13
688665,四方光电,44.94,44.94,44.95,43.78,43.81,44.94,43.72,407954.0,18086043.0,2.65,1.16
688667,菱电电控,89.68,89.68,89.74,86.0,85.3,89.9,85.14,492775.0,43489104.0,4.279,3.68
688668,鼎通科技,269.0,269.0,269.1,243.78,250.0,269.87,244.02,6230723.0,1603103536.0,10.345,25.22
688669,聚石化学,75.96,75.96,75.99,76.12,77.04,77.5,75.0,2772429.0,211044080.0,-0.21,-0.16
688670,金迪克,16.62,16.62,16.64,16.35,16.34,16.68,16.01,3440694.0,56627881.0,1.651,0.27
688671,碧兴物联,24.88,24.84,24.88,24.43,24.43,25.18,24.15,832495.0,20656220.0,1.842,0.45
688676,金盘科技,66.77,66.77,66.78,72.35,70.94,70.94,64.92,36136767.0,2406873985.0,-7.713,-5.58
688677,海泰新光,89.2,89.17,89.2,90.28,90.19,94.78,87.8,11283612.0,1022411545.0,-1.196,-1.08
688678,福立旺,20.45,20.44,20.45,19.48,19.46,20.54,19.19,19731188.0,397054938.0,4.979,0.97
688679,通源环境,39.6,39.59,39.6,38.61,38.91,39.75,37.95,4401742.0,172324192.0,2.564,0.99
688680,海优新材,33.35,33.35,33.39,33.68,33.53,33.68,32.92,1128147.0,37572040.0,-0.98,-0.33
688681,科汇股份,16.95,16.95,16.97,16.96,16.94,17.02,16.7,1074579.0,18154588.0,-0.059,-0.01
688682,霍莱沃,31.36,31.36,31.49,30.62,30.01,31.8,30.01,1690867.0,52661291.0,2.417,0.74
688683,莱尔科技,30.05,30.05,30.06,29.46,29.3,30.25,29.3,980475.0,29328531.0,2.003,0.59
688685,迈信林,39.5,39.5,39.51,39.06,39.08,39.95,38.5,2968770.0,116877855.0,1.126,0.44
688686,奥普特,137.05,137.03,137.05,131.54,132.0,137.18,128.8,2219676.0,297266806.0,4.189,5.51
688687,凯因科技,18.36,18.34,18.36,18.31,18.1,18.65,18.01,2829956.0,51689729.0,0.273,0.05
688689,银河微电,40.65,40.65,40.66,38.75,38.92,40.79,38.61,5542362.0,221664410.0,4.903,1.9
688690,纳微科技,39.27,39.27,39.28,40.0,39.9,39.96,38.57,9454362.0,369078126.0,-1.825,-0.73
688691,灿芯股份,66.88,66.85,66.88,63.5,63.5,67.22,63.44,4760627.0,312464171.0,5.323,3.38
688692,达梦数据,215.35,215.33,215.35,215.35,216.0,216.0,210.13,1323731.0,281799150.0,0.0,0.0
688693,锴威特,77.04,77.04,77.05,73.71,73.74,78.18,72.5,2393176.0,181892026.0,4.518,3.33
688695,中创股份,19.3,19.3,19.33,19.3,19.25,19.68,19.1,775208.0,15006474.0,0.0,0.0
688696,极米科技,69.7,69.7,69.78,70.11,69.36,70.26,68.88,386142.0,26846054.0,-0.585,-0.41
688697,纽威数控,15.49,15.48,15.49,14.43,14.36,15.5,14.33,14626915.0,221317717.0,7.346,1.06
688698,伟创电气,43.26,43.25,43.26,42.52,42.47,43.66,42.22,3407068.0,146570581.0,1.74,0.74
688699,明微电子,60.88,60.87,60.88,57.79,58.02,61.36,57.57,3590256.0,214399365.0,5.347,3.09
688700,东威科技,60.76,60.75,60.76,55.47,55.83,61.2,55.42,14512948.0,860685297.0,9.537,5.29
688701,卓锦股份,9.25,9.24,9.25,9.1,9.19,9.46,8.92,4119414.0,38106852.0,1.648,0.15
688702,盛科通信,380.4,380.39,380.4,369.16,382.0,384.93,364.0,7006265.0,2636111510.0,3.045,11.24
688707,振华新材,10.48,10.47,10.48,10.58,10.58,10.59,10.28,6858365.0,71436741.0,-0.945,-0.1
688708,佳驰科技,40.11,40.11,40.12,40.16,39.12,40.55,38.61,2111943.0,83807758.0,-0.125,-0.05
688709,成都华微,25.95,25.95,25.96,25.33,25.58,26.15,25.14,3894486.0,100267899.0,2.448,0.62
688710,益诺思,90.17,90.15,90.17,93.97,93.0,95.0,89.0,3906628.0,353462149.0,-4.044,-3.8
688711,宏微科技,26.25,26.24,26.25,25.13,25.3,26.35,24.93,7697626.0,199144693.0,4.457,1.12
688712,北芯生命,33.53,33.53,33.54,32.64,32.67,33.84,32.35,2586493.0,86137667.0,2.727,0.89
688716,中研股份,27.64,27.64,27.68,27.1,27.07,27.72,26.95,1421109.0,38954071.0,1.993,0.54
688717,艾罗能源,48.84,48.83,48.84,48.93,48.45,48.92,47.13,9169561.0,440878956.0,-0.184,-0.09
688718,唯赛勃,13.95,13.95,13.97,14.06,14.05,14.15,13.68,1625663.0,22579410.0,-0.782,-0.11
688719,爱科赛博,51.28,51.27,51.28,47.9,47.91,51.5,46.95,4045920.0,200996370.0,7.056,3.38
688720,艾森股份,66.24,66.24,66.25,63.82,64.62,66.8,62.9,4678561.0,305866087.0,3.792,2.42
688721,龙图光罩,42.29,42.29,42.3,40.68,40.57,42.85,40.03,3420750.0,142748564.0,3.958,1.61
688722,同益中,13.81,13.8,13.81,13.65,13.66,13.82,13.6,1743604.0,23943071.0,1.172,0.16
688726,拉普拉斯,46.97,46.97,46.98,47.6,47.14,47.64,46.18,6605681.0,308675720.0,-1.324,-0.63
688727,恒坤新材,51.32,51.32,51.33,49.1,49.28,51.86,48.1,5253516.0,263874882.0,4.521,2.22
688728,格科微,15.66,15.66,15.67,15.1,15.19,15.74,15.12,22620517.0,350054880.0,3.709,0.56
688729,屹唐股份,24.73,24.72,24.73,23.92,23.92,24.85,23.55,27711124.0,674020634.0,3.386,0.81
688733,壹石通,31.61,31.61,31.62,29.99,30.25,31.98,29.25,7586633.0,234921387.0,5.402,1.62
688737,中自科技,18.05,18.05,18.08,18.09,18.06,18.19,17.75,1219103.0,21923041.0,-0.221,-0.04
688739,成大生物,21.27,21.27,21.28,21.25,21.12,21.33,20.96,2263338.0,47881507.0,0.094,0.02
688750,金天钛业,14.18,14.18,14.19,14.11,14.04,14.2,13.96,2164885.0,30565736.0,0.496,0.07
688755,汉邦科技,27.19,27.13,27.19,27.22,27.17,27.6,26.97,785524.0,21364804.0,-0.11,-0.03
688757,胜科纳米,31.93,31.93,31.96,30.66,31.16,32.33,30.12,7751594.0,244151238.0,4.142,1.27
688758,赛分科技,26.55,26.54,26.55,27.16,26.99,27.28,26.06,8292554.0,219408586.0,-2.246,-0.61
688759,必贝特,25.73,25.72,25.73,24.85,24.86,25.85,24.65,3203370.0,80967782.0,3.541,0.88
688765,禾元生物,39.0,39.0,39.03,37.02,36.52,39.19,36.4,5564200.0,212078577.0,5.348,1.98
688766,普冉股份,429.89,429.88,429.89,397.18,405.0,433.0,399.0,11896082.0,4976139431.0,8.236,32.71
688767,博拓生物,36.7,36.59,36.7,35.8,35.92,36.87,35.53,1381961.0,50028602.0,2.514,0.9
688768,容知日新,40.77,40.77,40.8,41.55,39.83,41.45,39.83,760066.0,31002519.0,-1.877,-0.78
688772,珠海冠宇,15.03,15.03,15.04,15.03,15.03,15.2,14.54,26284530.0,390500185.0,0.0,0.0
688775,影石创新,120.71,120.71,120.72,119.2,119.0,121.0,117.68,2193301.0,262229233.0,1.267,1.51
688776,国光电气,47.16,47.16,47.24,47.7,47.38,47.5,45.66,1796159.0,84008933.0,-1.132,-0.54
688777,中控技术,91.7,91.68,91.7,90.51,90.3,91.98,89.36,10714457.0,974622881.0,1.315,1.19
688778,厦钨新能,47.02,47.02,47.03,46.8,46.65,47.17,45.78,5034020.0,234237429.0,0.47,0.22
688779,五矿新能,8.16,8.16,8.17,8.16,8.12,8.2,8.01,21441621.0,173713245.0,0.0,0.0
688781,视涯科技,38.66,38.62,38.66,36.7,36.66,38.7,36.29,1740677.0,65715977.0,5.341,1.96
688783,西安奕材,32.0,31.99,32.0,30.61,30.82,32.18,30.14,28448630.0,891258747.0,4.541,1.39
688785,恒运昌,275.11,275.11,275.17,266.68,269.65,276.04,262.07,457559.0,123888486.0,3.161,8.43
688786,悦安新材,27.32,27.32,27.34,26.27,26.13,27.5,25.89,4045830.0,109113411.0,3.997,1.05
688787,海天瑞声,94.88,94.88,94.9,99.98,96.01,96.4,91.25,3369373.0,317954222.0,-5.101,-5.1
688788,科思科技,29.89,29.88,29.89,29.56,29.3,30.11,29.12,2478433.0,73592613.0,1.116,0.33
688789,宏华数科,46.68,46.53,46.68,47.26,45.98,46.86,45.46,2511790.0,116254601.0,-1.227,-0.58
688790,昂瑞微,114.1,114.1,0.0,95.08,103.88,114.1,103.88,1873670.0,206636788.0,20.004,19.02
688793,倍轻松,19.91,19.91,19.92,19.81,19.68,20.08,19.23,2650530.0,52280364.0,0.505,0.1
688795,摩尔线程,544.02,544.0,544.02,526.62,535.0,544.99,533.0,1149101.0,622632288.0,3.304,17.4
688796,百奥赛图,121.7,121.7,121.72,119.96,120.0,121.99,119.0,3008603.0,361737185.0,1.45,1.74
688797,臻宝科技,326.07,326.07,326.08,312.77,312.88,338.18,306.33,4546697.0,1452073316.0,4.252,13.3
688798,艾为电子,61.93,61.92,61.93,54.05,53.88,64.44,53.83,10458848.0,632213003.0,14.579,7.88
688799,华纳药厂,45.27,45.27,45.28,43.96,44.4,45.49,43.99,2297584.0,102752476.0,2.98,1.31
688800,瑞可达,68.45,68.44,68.45,61.03,62.0,68.62,61.58,20629173.0,1358406588.0,12.158,7.42
688802,沐曦股份,690.8,690.77,690.8,657.0,675.0,694.8,670.0,1100685.0,754914134.0,5.145,33.8
688805,健信超导,42.58,42.58,42.6,42.18,41.0,43.31,40.92,3319154.0,140126200.0,0.948,0.4
688806,泰诺麦博,25.15,25.15,25.16,24.3,24.0,25.19,23.8,6196997.0,152073253.0,3.498,0.85
688807,优迅股份,354.39,354.38,354.39,318.11,319.54,359.12,312.87,3675736.0,1247628284.0,11.405,36.28
688808,联讯仪器,2319.0,2319.0,2320.0,2259.0,2399.97,2425.0,2246.0,1013447.0,2352421273.0,2.656,60.0
688809,强一股份,459.02,459.02,459.03,441.32,443.87,459.99,433.0,1499567.0,673957347.0,4.011,17.7
688811,有研复材,21.86,21.85,21.86,20.91,20.91,22.08,20.91,6210044.0,134721498.0,4.543,0.95
688813,泰金新能,119.96,119.95,119.96,107.2,109.8,120.88,108.01,5169181.0,600802802.0,11.903,12.76
688816,易思维,48.68,48.68,48.75,48.21,48.17,49.0,47.97,331865.0,16121846.0,0.975,0.47
688818,电科蓝天,46.07,46.07,46.08,44.77,45.12,46.1,44.78,5362968.0,243820601.0,2.904,1.3
688819,天能股份,22.09,22.09,22.1,22.28,22.32,22.47,21.95,2805546.0,61904795.0,-0.853,-0.19
688820,盛合晶微,127.7,127.7,127.72,121.61,122.9,127.98,120.95,12980076.0,1625962716.0,5.008,6.09
688825,长鑫科技,59.12,59.11,59.12,56.1,56.65,59.3,56.2,324624545.0,18839416914.0,5.383,3.02
688826,频准激光,1016.21,1016.21,1016.25,1024.49,1015.0,1030.0,987.77,1468969.0,1476595794.0,-0.808,-8.28
688828,国仪公司,115.38,115.38,115.39,118.5,117.3,118.87,110.1,8242378.0,934056391.0,-2.633,-3.12
688835,C高凯,300.0,299.55,300.0,299.48,295.0,303.0,280.0,5069336.0,1489769190.0,0.174,0.52
688836,宇树科技,615.03,615.03,615.04,591.53,588.0,615.05,582.0,6339783.0,3795447912.0,3.973,23.5
688981,中芯国际,126.33,126.33,126.34,124.15,124.05,126.78,123.51,34377690.0,4313773127.0,1.756,2.18
000001,平安银行,11.59,11.59,11.6,11.73,11.7,11.72,11.51,97570170.0,1131000126.0,-1.194,-0.14
000002,万 科Ａ,3.11,3.11,3.12,3.13,3.12,3.14,3.08,70064160.0,217546040.0,-0.639,-0.02
000006,深振业Ａ,7.34,7.33,7.34,7.11,7.07,7.47,7.05,24005375.0,175134803.0,3.235,0.23
000007,全新好,12.75,12.74,12.75,12.6,12.63,12.82,12.37,10500500.0,132145459.0,1.19,0.15
000008,神州高铁,2.49,2.48,2.49,2.5,2.5,2.5,2.46,28881429.0,71652171.0,-0.4,-0.01
000009,中国宝安,7.25,7.25,7.26,7.2,7.2,7.25,7.11,14692227.0,105607551.0,0.694,0.05
000010,*ST美丽,1.6,1.6,1.61,1.64,1.62,1.63,1.58,30019500.0,48148981.0,-2.439,-0.04
000011,深物业A,8.32,8.32,8.33,8.13,8.1,8.46,8.05,8094700.0,67002666.0,2.337,0.19
000012,南 玻Ａ,3.77,3.76,3.77,3.78,3.76,3.78,3.73,12220182.0,45895449.0,-0.265,-0.01
000014,沙河股份,10.97,10.96,10.97,10.74,10.8,11.18,10.67,10274580.0,112178316.0,2.142,0.23
000016,*ST康佳A,2.33,0.0,0.0,2.33,0.0,0.0,0.0,0.0,0.0,0.0,0.0
000017,深中华A,10.41,10.41,0.0,9.46,9.57,10.41,9.57,59572932.0,605589528.0,10.042,0.95
000019,深粮控股,7.17,7.16,7.17,6.85,6.95,7.18,6.85,33755584.0,238733355.0,4.672,0.32
000020,深华发Ａ,13.14,13.13,13.14,12.71,12.61,13.23,12.58,14303813.0,185758717.0,3.383,0.43
000021,深科技,37.85,37.85,37.86,36.23,36.39,37.88,36.33,87016546.0,3246175512.0,4.471,1.62
000025,特 力Ａ,16.66,16.65,16.66,15.96,15.66,17.45,15.66,25277760.0,418477830.0,4.386,0.7
000026,飞亚达,20.45,20.45,20.46,20.17,20.0,20.56,19.8,7933735.0,160918151.0,1.388,0.28
000027,深圳能源,6.31,6.31,6.32,6.41,6.38,6.4,6.23,35892873.0,225824382.0,-1.56,-0.1
000028,国药一致,19.95,19.94,19.95,20.06,19.99,20.13,19.88,1915936.0,38229879.0,-0.548,-0.11
000029,深深房Ａ,23.63,23.62,23.63,22.81,22.79,23.95,22.69,5616166.0,131961579.0,3.595,0.82
000030,富奥股份,4.24,4.24,4.25,4.27,4.28,4.29,4.19,12018170.0,50782695.0,-0.703,-0.03
000031,大悦城,2.21,2.2,2.21,2.22,2.21,2.23,2.18,22790100.0,50257162.0,-0.45,-0.01
000032,深桑达Ａ,14.82,14.81,14.82,14.41,14.35,14.92,14.25,38526564.0,565324470.0,2.845,0.41
000034,神州数码,23.64,23.63,23.64,23.28,23.3,23.64,23.3,15896092.0,373748675.0,1.546,0.36
000035,中国天楹,4.67,4.67,4.68,4.64,4.64,4.68,4.57,27332600.0,126380235.0,0.647,0.03
000036,华联控股,4.13,4.12,4.13,4.07,4.05,4.14,4.01,24333543.0,99468392.0,1.474,0.06
000037,深南电A,9.85,9.85,9.86,9.67,9.42,9.94,9.32,25749000.0,249859864.0,1.861,0.18
000039,中集集团,9.3,9.3,9.31,9.15,9.08,9.36,9.05,28555195.0,262304370.0,1.639,0.15
000042,中洲控股,8.55,8.54,8.55,8.62,8.57,8.67,8.48,5495700.0,46925969.0,-0.812,-0.07
000045,深纺织Ａ,10.75,10.75,10.76,10.69,10.64,10.75,10.62,6199323.0,66274909.0,0.561,0.06
000048,京基智农,22.45,22.45,22.48,22.3,22.19,22.62,22.0,13019366.0,291170784.0,0.673,0.15
000049,德赛电池,23.59,23.58,23.59,23.58,23.44,23.59,23.18,5386916.0,126079062.0,0.042,0.01
000050,深天马Ａ,6.67,6.67,6.68,6.6,6.62,6.68,6.6,13534676.0,90033259.0,1.061,0.07
000055,方大集团,3.58,3.58,3.59,3.61,3.6,3.62,3.55,8692100.0,31116112.0,-0.831,-0.03
000056,*ST皇庭,2.06,2.05,2.06,2.05,2.06,2.08,2.02,12813300.0,26203638.0,0.488,0.01
000058,深 赛 格,6.89,6.87,6.89,6.91,6.91,6.95,6.85,5187127.0,35779076.0,-0.289,-0.02
000059,华锦股份,5.06,5.05,5.06,4.8,4.77,5.12,4.75,53415158.0,263444053.0,5.417,0.26
000060,中金岭南,6.84,6.83,6.84,6.72,6.68,6.88,6.65,142284963.0,964955990.0,1.786,0.12
000061,农 产 品,6.28,6.28,6.29,6.1,6.14,6.35,6.11,37810737.0,236640037.0,2.951,0.18
000062,深圳华强,22.59,22.58,22.59,22.12,22.2,22.59,22.05,16487187.0,370057946.0,2.125,0.47
000063,中兴通讯,33.96,33.95,33.96,33.54,33.57,33.99,33.54,65938153.0,2230191653.0,1.252,0.42
000065,北方国际,9.95,9.95,9.96,10.01,9.97,10.14,9.87,30689249.0,305394500.0,-0.599,-0.06
000066,中国长城,14.36,14.35,14.36,14.09,14.15,14.37,14.11,62911778.0,897440475.0,1.916,0.27
000068,华控赛格,3.18,3.17,3.18,3.2,3.17,3.21,3.14,11853909.0,37632624.0,-0.625,-0.02
000069,华侨城Ａ,1.79,1.79,1.8,1.8,1.79,1.8,1.76,31407501.0,55964911.0,-0.556,-0.01
000070,特发信息,16.5,16.5,16.51,15.88,16.02,16.74,15.91,114655992.0,1878672100.0,3.904,0.62
000078,ST海王,1.62,1.62,1.63,1.65,1.63,1.65,1.61,62486550.0,101337811.0,-1.818,-0.03
000088,盐 田 港,4.54,4.53,4.54,4.58,4.58,4.59,4.5,28835213.0,130638213.0,-0.873,-0.04
000089,深圳机场,6.49,6.48,6.49,6.56,6.55,6.55,6.41,17389000.0,112428424.0,-1.067,-0.07
000090,天健集团,3.52,3.52,3.53,3.5,3.48,3.55,3.47,13483275.0,47322599.0,0.571,0.02
000096,广聚能源,8.15,8.14,8.15,8.13,8.13,8.18,8.08,6119701.0,49778803.0,0.246,0.02
000099,中信海直,13.69,13.68,13.69,13.7,13.66,13.7,13.54,5037596.0,68608281.0,-0.073,-0.01
000100,TCL科技,4.97,4.97,4.98,4.91,4.94,4.99,4.9,376849540.0,1863474126.0,1.222,0.06
000151,中成股份,10.12,10.11,10.12,10.14,10.14,10.19,10.01,4371500.0,44137070.0,-0.197,-0.02
000153,丰原药业,6.45,6.45,6.46,6.29,6.26,6.59,6.26,33919701.0,219073804.0,2.544,0.16
000155,川能动力,12.12,12.11,12.12,12.09,12.04,12.12,11.91,25250810.0,303489967.0,0.248,0.03
000156,华数传媒,6.98,6.97,6.98,7.1,7.07,7.07,6.89,10474254.0,73070626.0,-1.69,-0.12
000157,中联重科,7.09,7.08,7.09,7.08,7.06,7.1,6.98,43687990.0,307376034.0,0.141,0.01
000158,常山北明,12.71,12.7,12.71,12.56,12.52,12.75,12.5,17388571.0,219986166.0,1.194,0.15
000159,国际实业,6.05,6.04,6.05,6.07,6.05,6.09,6.0,8751211.0,52950042.0,-0.329,-0.02
000166,申万宏源,4.57,4.57,4.58,4.56,4.55,4.58,4.52,74206474.0,337823702.0,0.219,0.01
000301,东方盛虹,13.63,13.63,13.64,13.13,13.09,13.66,12.92,29889779.0,400180020.0,3.808,0.5
000333,美的集团,86.18,86.17,86.18,86.39,86.0,86.56,85.4,21921885.0,1883865957.0,-0.243,-0.21
000338,潍柴动力,26.99,26.98,26.99,27.03,26.99,27.24,26.02,121234514.0,3254185272.0,-0.148,-0.04
000400,许继电气,22.04,22.04,22.05,22.45,22.33,22.39,21.71,17016478.0,373798197.0,-1.826,-0.41
000401,金隅冀东,3.62,3.61,3.62,3.64,3.65,3.65,3.59,7308300.0,26412838.0,-0.549,-0.02
000402,金 融 街,2.5,2.5,2.51,2.52,2.51,2.53,2.48,26911194.0,67256808.0,-0.794,-0.02
000403,派林生物,10.67,10.67,10.68,10.98,10.95,10.97,10.65,8688069.0,93316361.0,-2.823,-0.31
000404,长虹华意,7.13,7.12,7.13,7.16,7.15,7.16,7.08,8604860.0,61230058.0,-0.419,-0.03
000407,胜利股份,4.17,4.16,4.17,4.15,4.14,4.18,4.11,12665600.0,52553678.0,0.482,0.02
000408,藏格矿业,78.83,78.83,78.85,79.29,78.8,79.68,78.55,8423143.0,664774185.0,-0.58,-0.46
000409,云鼎科技,8.81,8.8,8.81,8.78,8.76,8.82,8.71,3222583.0,28287021.0,0.342,0.03
000410,沈阳机床,5.16,5.16,5.17,5.16,5.17,5.18,5.1,16843986.0,86496966.0,0.0,0.0
000411,英特集团,9.81,9.8,9.81,9.8,9.85,9.93,9.75,3014127.0,29624870.0,0.102,0.01
000415,渤海租赁,4.48,4.48,4.49,4.52,4.49,4.54,4.4,57525900.0,256147469.0,-0.885,-0.04
000417,合百集团,5.73,5.73,5.74,5.67,5.67,5.74,5.64,17730415.0,101246316.0,1.058,0.06
000419,通程控股,4.96,4.95,4.96,5.01,4.99,5.03,4.95,5098200.0,25378462.0,-0.998,-0.05
000420,吉林化纤,3.68,3.68,3.69,3.76,3.71,3.72,3.62,70787783.0,258825593.0,-2.128,-0.08
000421,南京公用,5.71,5.7,5.71,5.67,5.64,5.71,5.62,9914300.0,56308566.0,0.705,0.04
000422,湖北宜化,12.57,12.56,12.57,12.43,12.4,12.67,12.27,23281252.0,289518441.0,1.126,0.14
000423,东阿阿胶,48.99,48.98,48.99,48.8,48.8,49.1,48.41,4716900.0,230308504.0,0.389,0.19
000425,徐工机械,8.01,8.01,8.02,8.0,7.96,8.03,7.89,81124753.0,645779815.0,0.125,0.01
000426,兴业银锡,40.69,40.69,40.7,40.13,40.56,41.85,40.03,79045944.0,3239906004.0,1.395,0.56
000428,华天酒店,4.61,4.61,4.62,4.75,4.66,4.66,4.41,94548419.0,433171126.0,-2.947,-0.14
000429,粤高速Ａ,13.43,13.43,13.44,13.44,13.44,13.49,13.23,5497000.0,73321546.0,-0.074,-0.01
000430,张家界,6.89,6.89,6.9,6.89,6.84,6.95,6.82,8427300.0,58196786.0,0.0,0.0
000488,ST晨鸣,1.91,1.91,1.92,1.94,1.93,1.94,1.9,10606000.0,20339350.0,-1.546,-0.03
000498,山东路桥,4.94,4.94,4.95,4.98,4.98,4.98,4.87,15120300.0,74356024.0,-0.803,-0.04
000501,武商集团,7.3,7.3,7.31,7.3,7.25,7.34,7.23,5530389.0,40287346.0,0.0,0.0
000503,国新健康,6.91,6.9,6.91,6.93,6.9,6.99,6.85,8023642.0,55417477.0,-0.289,-0.02
000504,南华生物,8.41,8.4,8.41,8.23,8.23,8.77,8.15,6097500.0,51369449.0,2.187,0.18
000505,京粮控股,7.21,7.2,7.21,7.02,7.02,7.33,6.95,88329532.0,635054723.0,2.707,0.19
000506,招金黄金,22.08,22.07,22.08,20.21,20.2,22.23,20.01,167917850.0,3651833666.0,9.253,1.87
000507,珠海港,5.03,5.02,5.03,5.04,5.02,5.05,4.99,7448368.0,37391954.0,-0.198,-0.01
000509,华塑控股,3.52,3.51,3.52,3.44,3.44,3.53,3.43,23116700.0,80669707.0,2.326,0.08
000510,新金路,17.41,17.41,17.42,16.36,16.23,17.47,16.23,48823550.0,836652215.0,6.418,1.05
000513,丽珠集团,26.27,26.26,26.27,26.34,26.3,26.35,26.03,6670478.0,174618903.0,-0.266,-0.07
000514,渝 开 发,4.08,4.07,4.08,4.09,4.1,4.12,4.05,7305438.0,29797502.0,-0.244,-0.01
000516,国际医学,4.18,4.17,4.18,4.17,4.17,4.19,4.12,13055039.0,54255550.0,0.24,0.01
000517,荣安地产,2.28,2.28,2.29,2.29,2.27,2.3,2.24,25109219.0,56906706.0,-0.437,-0.01
000518,四环生物,3.95,3.95,3.96,3.9,3.86,3.96,3.79,49060933.0,189292712.0,1.282,0.05
000519,中兵红箭,14.37,14.36,14.37,14.08,14.04,14.37,13.98,29942420.0,426741352.0,2.06,0.29
000520,凤凰航运,4.22,4.21,4.22,4.18,4.13,4.22,4.13,24861500.0,104238516.0,0.957,0.04
000521,长虹美菱,4.86,4.86,4.87,4.88,4.88,4.88,4.83,4877160.0,23646409.0,-0.41,-0.02
000523,红棉股份,3.42,3.42,3.43,3.28,3.24,3.45,3.24,123239461.0,413910424.0,4.268,0.14
000524,岭南控股,9.9,9.9,9.91,10.07,10.03,10.09,9.88,18092975.0,180454338.0,-1.688,-0.17
000525,红太阳,4.67,4.67,4.68,4.47,4.52,4.73,4.45,42939259.0,199453419.0,4.474,0.2
000526,学大教育,35.16,35.16,35.17,35.7,35.7,35.84,34.9,3552500.0,125208698.0,-1.513,-0.54
000528,柳 工,7.95,7.94,7.95,8.21,8.03,8.03,7.8,70947209.0,560420150.0,-3.167,-0.26
000529,广弘控股,4.99,4.98,4.99,5.05,5.07,5.07,4.97,6233800.0,31172795.0,-1.188,-0.06
000530,冰山冷热,5.14,5.13,5.14,5.14,5.15,5.17,5.1,12565600.0,64579386.0,0.0,0.0
000531,穗恒运Ａ,5.68,5.68,5.69,5.72,5.72,5.72,5.64,5626125.0,31892581.0,-0.699,-0.04
000532,华金资本,11.36,11.36,11.37,11.46,11.36,11.48,11.25,5669983.0,64339870.0,-0.873,-0.1
000533,顺钠股份,11.66,11.66,11.67,11.61,11.26,11.82,11.13,111872046.0,1293748500.0,0.431,0.05
000534,万泽股份,23.8,23.8,23.81,24.11,24.01,24.12,23.56,12365600.0,294619398.0,-1.286,-0.31
000536,华映科技,3.51,3.51,3.52,3.59,3.51,3.58,3.48,166676974.0,586087861.0,-2.228,-0.08
000537,绿发电力,7.67,7.66,7.67,7.67,7.63,7.68,7.55,17003445.0,129237221.0,0.0,0.0
000538,云南白药,49.99,49.99,50.0,50.25,50.04,50.2,49.67,5991060.0,299132942.0,-0.517,-0.26
000539,粤电力Ａ,5.36,5.35,5.36,5.38,5.33,5.37,5.27,52306306.0,278082478.0,-0.372,-0.02
000541,佛山照明,4.91,4.91,4.92,4.94,4.94,4.94,4.89,6355050.0,31171376.0,-0.607,-0.03
000543,皖能电力,7.43,7.42,7.43,7.47,7.48,7.48,7.35,20233800.0,149754962.0,-0.535,-0.04
000544,中原环保,7.32,7.3,7.32,7.33,7.34,7.34,7.22,3609500.0,26259009.0,-0.136,-0.01
000545,金浦钛业,2.64,2.64,2.65,2.64,2.62,2.65,2.6,31114813.0,81778207.0,0.0,0.0
000546,金圆股份,4.81,4.81,4.82,4.82,4.81,4.84,4.77,10176800.0,48970319.0,-0.207,-0.01
000547,航天发展,14.04,14.03,14.04,13.86,13.85,14.05,13.71,35091485.0,490353579.0,1.299,0.18
000548,湖南投资,4.55,4.54,4.55,4.59,4.59,4.59,4.52,5962200.0,27097453.0,-0.871,-0.04
000550,江铃汽车,16.09,16.09,16.1,15.95,15.96,16.13,15.8,4148438.0,66239073.0,0.878,0.14
000551,创元科技,12.68,12.68,12.69,12.4,12.42,12.69,12.41,15375241.0,193566913.0,2.258,0.28
000552,甘肃能化,2.65,2.64,2.65,2.63,2.62,2.67,2.6,80331904.0,211398857.0,0.76,0.02
000553,安道麦A,5.64,5.64,5.65,5.54,5.54,5.67,5.51,9524928.0,53305817.0,1.805,0.1
000554,泰山石油,6.46,6.46,6.47,6.53,6.54,6.54,6.41,12713333.0,82267413.0,-1.072,-0.07
000555,神州信息,10.82,10.81,10.82,10.69,10.69,10.85,10.68,14268684.0,153790783.0,1.216,0.13
000557,西部创业,3.68,3.68,3.69,3.74,3.75,3.75,3.66,10622440.0,39163425.0,-1.604,-0.06
000558,天府文旅,3.6,3.6,3.61,3.58,3.57,3.63,3.54,36226650.0,130472049.0,0.559,0.02
000559,万向钱潮,11.38,11.37,11.38,11.26,11.27,11.42,11.18,21350738.0,242226995.0,1.066,0.12
000560,我爱我家,2.4,2.4,2.41,2.4,2.39,2.43,2.36,161254409.0,385415115.0,0.0,0.0
000561,烽火电子,7.82,7.81,7.82,7.75,7.74,7.86,7.7,7930600.0,61997480.0,0.903,0.07
000563,陕国投Ａ,3.07,3.07,3.08,3.09,3.08,3.1,3.03,50152733.0,153448017.0,-0.647,-0.02
000564,供销大集,1.52,1.51,1.52,1.47,1.47,1.53,1.46,366435982.0,550887485.0,3.401,0.05
000565,渝三峡Ａ,6.02,6.02,6.03,6.03,6.02,6.05,5.97,7015900.0,42179471.0,-0.166,-0.01
000566,海南海药,5.05,5.05,5.06,5.03,4.98,5.16,4.93,144628241.0,731414387.0,0.398,0.02
000567,海德股份,6.37,6.37,6.38,6.18,6.16,6.42,6.12,30849544.0,193736778.0,3.074,0.19
000568,泸州老窖,81.93,81.93,81.94,82.72,82.5,82.6,80.88,11044499.0,902146594.0,-0.955,-0.79
000570,苏常柴Ａ,5.16,5.16,5.17,5.16,5.16,5.22,5.1,8037450.0,41453261.0,0.0,0.0
000571,新大洲A,6.4,6.39,6.4,6.11,6.17,6.47,6.17,33030154.0,211489438.0,4.746,0.29
000572,海马汽车,3.92,3.92,3.93,3.85,3.87,3.94,3.82,36931510.0,144067247.0,1.818,0.07
000573,粤宏远Ａ,3.73,3.73,3.74,3.75,3.74,3.76,3.69,11343600.0,42281911.0,-0.533,-0.02
000576,甘化科工,8.0,8.0,0.0,7.27,7.66,8.0,7.66,33940911.0,268783460.0,10.041,0.73
000581,威孚高科,18.31,18.3,18.31,18.3,18.19,18.49,18.12,12783821.0,233673021.0,0.055,0.01
000582,北部湾港,10.89,10.89,10.9,10.78,10.83,10.9,10.72,24969570.0,270245053.0,1.02,0.11
000586,汇源通信,14.41,14.41,0.0,13.1,13.09,14.41,13.04,10461701.0,146846822.0,10.0,1.31
000589,贵州轮胎,4.33,4.32,4.33,4.35,4.34,4.35,4.28,19823160.0,85524369.0,-0.46,-0.02
000590,古汉医药,9.34,9.34,9.35,9.46,9.44,9.5,9.31,5508400.0,51701581.0,-1.268,-0.12
000591,太阳能,4.32,4.31,4.32,4.32,4.32,4.33,4.27,32087316.0,138069891.0,0.0,0.0
000592,平潭发展,6.81,6.81,0.0,6.19,6.19,6.81,6.13,293619477.0,1942472788.0,10.016,0.62
000593,德龙汇能,22.89,22.89,22.9,22.57,22.83,23.79,22.57,16900354.0,388639351.0,1.418,0.32
000595,新能股份,5.75,5.74,5.75,5.95,5.88,5.88,5.68,37386306.0,214628057.0,-3.361,-0.2
000596,古井贡酒,92.17,92.13,92.17,92.18,91.36,92.3,90.71,2773291.0,253580087.0,-0.011,-0.01
000597,东北制药,5.12,5.12,5.13,4.97,4.93,5.14,4.93,24181725.0,122440956.0,3.018,0.15
000598,兴蓉环境,7.15,7.15,7.16,7.15,7.17,7.17,7.03,23443655.0,166589206.0,0.0,0.0
000599,青岛双星,4.73,4.73,4.74,4.77,4.75,4.78,4.72,7343284.0,34829497.0,-0.839,-0.04
000600,建投能源,7.97,7.97,7.98,7.98,8.0,8.0,7.86,18812115.0,148989802.0,-0.125,-0.01
000601,韶能股份,6.26,6.25,6.26,6.2,6.17,6.34,6.12,31868423.0,198903430.0,0.968,0.06
000603,盛达资源,37.98,37.98,37.99,37.16,36.92,39.0,36.33,81771289.0,3119479703.0,2.207,0.82
000605,渤海股份,5.91,5.9,5.91,6.01,6.02,6.03,5.9,3396080.0,20136457.0,-1.664,-0.1
000607,华媒控股,3.67,3.67,3.68,3.73,3.71,3.72,3.65,10367400.0,38119790.0,-1.609,-0.06
000608,阳光股份,7.4,7.39,7.4,7.28,7.21,7.6,7.21,23434702.0,173726672.0,1.648,0.12
000609,*ST中迪,10.2,10.19,10.2,10.06,10.06,10.35,9.98,4893700.0,49652265.0,1.392,0.14
000610,*ST西旅,6.64,6.64,6.65,6.37,6.38,6.74,6.31,9474301.0,62417682.0,4.239,0.27
000612,焦作万方,11.27,11.26,11.27,11.15,11.07,11.27,11.03,29487831.0,330227280.0,1.076,0.12
000615,*ST美谷,3.31,3.3,3.31,3.32,3.3,3.32,3.28,4178740.0,13770893.0,-0.301,-0.01
000617,中油资本,7.49,7.48,7.49,7.35,7.31,7.54,7.31,163815403.0,1217076396.0,1.905,0.14
000619,海螺新材,4.94,4.93,4.94,4.98,4.97,5.0,4.92,4058201.0,20081318.0,-0.803,-0.04
000620,盈新发展,3.45,3.45,3.46,3.36,3.36,3.52,3.31,436751002.0,1490432022.0,2.679,0.09
000623,吉林敖东,18.68,18.68,18.69,18.47,18.42,18.7,18.29,16763532.0,310081935.0,1.137,0.21
000625,长安汽车,7.1,7.1,7.11,7.14,7.12,7.13,7.07,30732674.0,217994428.0,-0.56,-0.04
000626,远大控股,8.55,8.55,8.56,8.22,8.2,8.68,8.17,15757700.0,133887301.0,4.015,0.33
000628,高新发展,47.07,47.06,47.07,47.51,47.25,48.19,45.88,12989053.0,608906117.0,-0.926,-0.44
000629,钒钛股份,3.09,3.08,3.09,3.08,3.07,3.09,3.04,83286450.0,255488991.0,0.325,0.01
000630,铜陵有色,6.76,6.76,6.77,6.75,6.62,6.78,6.6,315109708.0,2118216484.0,0.148,0.01
000631,顺发恒能,2.94,2.94,2.95,2.99,2.99,3.0,2.9,14758436.0,43317590.0,-1.672,-0.05
000632,ST三木,4.27,4.26,4.27,4.0,4.19,4.35,4.0,43110165.0,179645711.0,6.75,0.27
000633,合金投资,5.39,5.39,5.4,5.4,5.37,5.43,5.34,5260600.0,28341391.0,-0.185,-0.01
000635,英 力 特,6.56,6.55,6.56,6.58,6.55,6.6,6.51,3929900.0,25764939.0,-0.304,-0.02
000636,风华高科,54.11,54.11,54.12,51.01,52.02,54.29,51.2,127211242.0,6738638521.0,6.077,3.1
000637,茂化实华,4.14,4.14,4.15,4.12,4.11,4.16,4.1,5810680.0,24049800.0,0.485,0.02
000639,ST西王,1.73,1.73,1.74,1.77,1.76,1.79,1.72,56904500.0,99443958.0,-2.26,-0.04
000650,仁和药业,5.54,5.54,5.55,5.52,5.49,5.6,5.49,23930069.0,132633227.0,0.362,0.02
000651,格力电器,39.27,39.27,39.28,39.58,38.91,39.57,38.28,77946436.0,3052435515.0,-0.783,-0.31
000652,泰达股份,3.52,3.51,3.52,3.5,3.51,3.52,3.48,8802880.0,30819499.0,0.571,0.02
000655,金岭矿业,7.35,7.34,7.35,7.28,7.23,7.38,7.17,10360677.0,75650872.0,0.962,0.07
000656,金科股份,1.29,1.28,1.29,1.26,1.26,1.34,1.24,334400665.0,427897430.0,2.381,0.03
000657,中钨高新,67.54,67.54,67.55,63.01,62.64,67.96,62.64,88261022.0,5821697515.0,7.189,4.53
000659,珠海中富,2.87,2.87,2.88,2.85,2.85,2.89,2.82,26728625.0,76592751.0,0.702,0.02
000661,长春高新,77.04,77.04,77.05,78.51,78.0,78.51,76.31,6367400.0,489778895.0,-1.872,-1.47
000663,永安林业,5.8,5.79,5.8,5.78,5.75,5.82,5.73,4068600.0,23527552.0,0.346,0.02
000665,湖北广电,3.93,3.92,3.93,3.95,3.94,3.96,3.9,11947880.0,46929045.0,-0.506,-0.02
000668,荣丰控股,22.66,22.65,22.66,23.05,23.06,23.36,22.44,2611680.0,59274402.0,-1.692,-0.39
000669,ST金鸿,4.11,4.11,4.12,4.18,4.17,4.19,4.11,4746600.0,19672162.0,-1.675,-0.07
000670,盈方微,7.04,7.03,7.04,6.89,6.91,7.09,6.89,39295900.0,274968609.0,2.177,0.15
000672,上峰材料,14.51,14.51,14.52,14.15,14.19,14.56,14.09,20027357.0,287930462.0,2.544,0.36
000676,智度股份,6.7,6.69,6.7,6.69,6.67,6.72,6.62,40733804.0,271574737.0,0.149,0.01
000677,ST海龙,1.86,1.85,1.86,1.89,1.9,1.94,1.83,67547150.0,126846841.0,-1.587,-0.03
000678,襄阳轴承,8.98,8.97,8.98,8.77,8.66,9.04,8.63,15972472.0,142899254.0,2.395,0.21
000679,大连友谊,6.34,6.33,6.34,6.17,6.15,6.4,6.13,7151350.0,45126526.0,2.755,0.17
000680,山推股份,10.4,10.39,10.4,10.33,10.3,10.41,10.17,17811926.0,183197963.0,0.678,0.07
000681,视觉中国,16.45,16.44,16.45,16.17,16.32,16.5,16.09,20708002.0,339790175.0,1.732,0.28
000682,东方电子,11.64,11.64,11.65,11.67,11.66,11.67,11.48,11117030.0,128412750.0,-0.257,-0.03
000683,博源化工,6.22,6.22,6.23,6.21,6.18,6.28,6.11,63882923.0,395743355.0,0.161,0.01
000685,中山公用,11.33,11.33,11.34,11.34,11.33,11.35,11.21,13415500.0,151443097.0,-0.088,-0.01
000686,东北证券,8.14,8.13,8.14,8.02,8.03,8.16,7.98,31616968.0,256110455.0,1.496,0.12
000688,国城矿业,31.01,31.01,31.02,31.93,31.53,31.75,30.2,24116579.0,743938437.0,-2.881,-0.92
000690,宝新能源,4.91,4.9,4.91,4.93,4.9,4.91,4.83,50836989.0,247194350.0,-0.406,-0.02
000691,亚太实业,10.56,10.55,10.56,10.24,10.28,10.6,10.22,11980611.0,125056179.0,3.125,0.32
000692,惠天热电,4.38,4.38,4.39,4.29,4.27,4.4,4.24,23120702.0,100811235.0,2.098,0.09
000695,滨海能源,15.16,15.15,15.16,15.58,15.6,15.72,14.96,18322726.0,279415747.0,-2.696,-0.42
000697,炼石航空,8.47,8.46,8.47,8.3,8.3,8.51,8.25,6437701.0,54072068.0,2.048,0.17
000698,ST沈化,3.61,3.61,3.62,3.62,3.61,3.63,3.6,2967402.0,10735572.0,-0.276,-0.01
000700,模塑科技,11.68,11.68,11.69,11.0,11.01,11.73,10.91,56851822.0,646665213.0,6.182,0.68
000701,厦门信达,5.1,5.1,5.11,5.09,5.06,5.14,5.04,10361000.0,52762698.0,0.196,0.01
000702,正虹科技,5.6,5.6,5.61,5.63,5.58,5.67,5.56,5771801.0,32368897.0,-0.533,-0.03
000703,恒逸石化,19.2,19.19,19.2,18.2,18.18,19.55,17.93,120804327.0,2269271510.0,5.495,1.0
000705,浙江震元,7.21,7.21,7.23,7.2,7.25,7.26,7.15,5014772.0,36137864.0,0.139,0.01
000707,双环科技,4.64,4.63,4.64,4.68,4.68,4.71,4.62,5787900.0,26915269.0,-0.855,-0.04
000708,中信特钢,13.95,13.95,13.96,14.06,14.06,14.11,13.85,10851310.0,151366643.0,-0.782,-0.11
000709,河钢股份,2.13,2.12,2.13,2.15,2.14,2.15,2.09,93075352.0,197032086.0,-0.93,-0.02
000710,贝瑞基因,9.39,9.38,9.39,9.36,9.15,9.77,9.09,36408587.0,340259200.0,0.321,0.03
000711,ST京蓝,6.25,6.24,6.25,6.23,6.21,6.28,6.1,83832209.0,519393803.0,0.321,0.02
000712,锦龙股份,10.73,10.73,0.0,9.75,10.73,10.73,10.73,14730447.0,158057696.0,10.051,0.98
000713,国投丰乐,6.44,6.43,6.44,6.23,6.3,6.49,6.3,27061864.0,173559592.0,3.371,0.21
000715,中兴商业,5.68,5.67,5.68,5.61,5.56,5.72,5.55,18101261.0,102169051.0,1.248,0.07
000716,黑芝麻,5.15,5.14,5.15,5.0,5.01,5.16,4.99,43550025.0,222657225.0,3.0,0.15
000717,中南股份,2.27,2.27,2.28,2.32,2.3,2.31,2.23,24504121.0,55411717.0,-2.155,-0.05
000718,苏宁环球,1.94,1.94,1.95,1.94,1.94,1.95,1.91,18905790.0,36527573.0,0.0,0.0
000719,中原传媒,11.61,11.61,11.62,11.93,11.9,11.92,11.46,5346984.0,62109840.0,-2.682,-0.32
000720,新能泰山,3.91,3.9,3.91,3.86,3.86,3.97,3.81,66039701.0,257708197.0,1.295,0.05
000721,西安饮食,6.88,6.88,6.89,6.97,6.9,6.97,6.75,29079300.0,200232176.0,-1.291,-0.09
000722,湖南发展,12.94,12.94,12.95,12.77,12.71,12.98,12.56,10811699.0,138703811.0,1.331,0.17
000723,美锦能源,3.9,3.9,3.91,3.88,3.83,3.93,3.83,129907335.0,505472635.0,0.515,0.02
000725,京东方Ａ,5.94,5.94,5.95,5.72,5.75,5.95,5.74,1358814731.0,7975640391.0,3.846,0.22
000726,鲁 泰Ａ,5.97,5.97,5.98,5.99,5.97,5.98,5.92,4158634.0,24757635.0,-0.334,-0.02
000727,冠捷科技,2.28,2.28,2.29,2.28,2.27,2.29,2.26,63769900.0,145417745.0,0.0,0.0
000728,国元证券,7.72,7.72,7.73,7.69,7.6,7.74,7.6,66675573.0,512189076.0,0.39,0.03
000729,燕京啤酒,11.48,11.48,11.49,11.48,11.46,11.49,11.28,20014228.0,228096633.0,0.0,0.0
000731,四川美丰,6.25,6.24,6.25,6.21,6.19,6.26,6.15,7471000.0,46450508.0,0.644,0.04
000733,振华科技,41.09,41.08,41.09,39.9,39.91,41.2,39.7,14466453.0,586998178.0,2.982,1.19
000735,罗 牛 山,5.74,5.74,5.75,5.54,5.52,5.87,5.48,79358375.0,450240950.0,3.61,0.2
000736,中交发展,4.51,4.51,4.52,4.49,4.49,4.54,4.44,15474850.0,69426387.0,0.445,0.02
000737,北方铜业,15.31,15.3,15.31,15.44,15.1,15.38,15.09,122087189.0,1863765567.0,-0.842,-0.13
000738,航发控制,18.72,18.72,18.73,17.94,17.9,18.82,17.75,19141199.0,351423973.0,4.348,0.78
000739,普洛药业,21.54,21.54,21.55,20.73,20.76,21.66,20.56,16565547.0,351425615.0,3.907,0.81
000750,国海证券,3.87,3.86,3.87,3.83,3.82,3.88,3.81,76319134.0,293974884.0,1.044,0.04
000751,锌业股份,5.31,5.3,5.31,5.25,5.18,5.33,5.16,88009971.0,464892628.0,1.143,0.06
000752,*ST西发,8.82,8.82,8.83,8.76,8.82,8.9,8.74,1194171.0,10517038.0,0.685,0.06
000753,漳州发展,4.92,4.91,4.92,4.83,4.83,4.96,4.77,20863342.0,102076563.0,1.863,0.09
000755,山西高速,4.76,4.75,4.76,4.83,4.83,4.83,4.71,5365647.0,25538676.0,-1.449,-0.07
000756,新华制药,13.45,13.44,13.45,13.35,13.25,13.46,13.22,7304508.0,97452255.0,0.749,0.1
000757,浩物股份,4.56,4.55,4.56,4.55,4.54,4.57,4.5,7607100.0,34511122.0,0.22,0.01
000758,中色股份,6.32,6.31,6.32,6.25,6.22,6.33,6.21,34352992.0,215357511.0,1.12,0.07
000759,中百集团,6.1,6.1,6.11,5.97,5.98,6.22,5.91,67382172.0,410667522.0,2.178,0.13
000761,本钢板材,2.39,2.38,2.39,2.42,2.4,2.42,2.34,18789868.0,44700317.0,-1.24,-0.03
000762,西藏矿业,23.0,23.0,23.01,22.98,22.8,23.01,22.7,10489781.0,240261507.0,0.087,0.02
000766,通化金马,16.38,16.37,16.38,16.25,16.2,16.45,16.08,11673689.0,190440259.0,0.8,0.13
000767,晋控电力,3.47,3.47,3.48,3.5,3.48,3.49,3.43,73800747.0,254987350.0,-0.857,-0.03
000768,中航西飞,21.2,21.19,21.2,20.72,20.65,21.28,20.6,26198769.0,550620349.0,2.317,0.48
000776,广发证券,21.59,21.59,21.6,21.18,21.02,21.64,21.02,84398394.0,1802360586.0,1.936,0.41
000777,中核科技,17.23,17.22,17.23,17.24,17.0,17.25,16.96,5606300.0,96072171.0,-0.058,-0.01
000778,新兴铸管,3.65,3.65,3.66,3.66,3.65,3.67,3.61,45212658.0,164586188.0,-0.273,-0.01
000779,甘咨询,9.62,9.61,9.62,9.68,9.7,9.78,9.52,58334720.0,561514283.0,-0.62,-0.06
000782,恒申新材,7.99,7.99,8.0,7.91,7.87,8.05,7.87,14658600.0,117235335.0,1.011,0.08
000783,长江证券,9.32,9.32,9.33,9.08,8.99,9.4,8.96,227090857.0,2100462665.0,2.643,0.24
000785,居然智家,2.25,2.25,2.26,2.29,2.27,2.29,2.24,47832619.0,108102564.0,-1.747,-0.04
000786,北新建材,17.68,17.67,17.68,17.62,17.57,17.76,17.46,12649220.0,222539577.0,0.341,0.06
000788,北大医药,5.76,5.75,5.76,5.65,5.61,5.83,5.6,20169900.0,115771351.0,1.947,0.11
000789,万年青,4.18,4.17,4.18,4.18,4.15,4.19,4.14,4690103.0,19562932.0,0.0,0.0
000790,华神科技,4.22,4.21,4.22,4.16,4.14,4.24,4.14,13420963.0,56386668.0,1.442,0.06
000791,甘肃能源,7.31,7.3,7.31,7.28,7.28,7.31,7.2,14418200.0,104617608.0,0.412,0.03
000792,盐湖股份,28.21,28.2,28.21,28.15,28.0,28.22,27.56,62652466.0,1748971867.0,0.213,0.06
000793,ST华闻,2.14,2.13,2.14,2.15,2.14,2.15,2.13,10376300.0,22186971.0,-0.465,-0.01
000795,英洛华,8.79,8.79,8.8,8.76,8.68,8.84,8.62,24792757.0,216869548.0,0.342,0.03
000796,凯撒旅业,4.25,4.24,4.25,4.2,4.23,4.26,4.14,113186201.0,477679245.0,1.19,0.05
000797,中国武夷,2.45,2.44,2.45,2.44,2.43,2.46,2.41,17654856.0,43040850.0,0.41,0.01
000798,中水渔业,9.2,9.2,9.21,9.18,9.13,9.27,9.11,16250850.0,149429193.0,0.218,0.02
000799,酒鬼酒,39.09,39.09,39.1,39.1,39.1,39.2,38.76,5018969.0,195638772.0,-0.026,-0.01
000800,一汽解放,6.23,6.23,6.24,6.31,6.3,6.33,6.17,13575100.0,84507632.0,-1.268,-0.08
000801,四川九洲,11.82,11.82,11.83,11.45,11.43,11.87,11.39,14854882.0,173890529.0,3.231,0.37
000802,北京文化,3.95,3.94,3.95,3.97,3.95,4.01,3.92,78375700.0,309581724.0,-0.504,-0.02
000803,山高环能,7.4,7.4,7.41,7.29,7.26,7.44,7.2,8294677.0,61014159.0,1.509,0.11
000807,云铝股份,26.69,26.69,26.7,26.35,26.28,26.77,26.17,63711590.0,1692468189.0,1.29,0.34
000809,和展能源,3.43,3.42,3.43,3.46,3.44,3.46,3.41,8756700.0,30025404.0,-0.867,-0.03
000810,创维数字,9.74,9.73,9.74,9.7,9.69,9.75,9.64,12457103.0,120817022.0,0.412,0.04
000811,冰轮环境,42.94,42.94,42.95,40.25,40.58,43.0,40.03,54098984.0,2271138216.0,6.683,2.69
000812,陕西金叶,3.62,3.62,3.63,3.65,3.64,3.66,3.59,10796655.0,39182112.0,-0.822,-0.03
000813,德展健康,3.39,3.39,3.4,3.33,3.32,3.44,3.3,31757943.0,107516482.0,1.802,0.06
000815,美利云,16.63,16.63,16.64,16.27,16.47,16.75,16.12,60745337.0,1002793838.0,2.213,0.36
000816,智慧农业,3.04,3.03,3.04,2.85,2.85,3.14,2.82,106790136.0,324336403.0,6.667,0.19
000818,航锦科技,12.36,12.36,12.37,12.15,12.0,12.49,12.0,18728088.0,230775642.0,1.728,0.21
000819,岳阳兴长,12.15,12.14,12.15,12.12,12.14,12.19,11.96,3268045.0,39511552.0,0.248,0.03
000820,神雾节能,3.62,3.62,3.63,3.69,3.65,3.69,3.6,18938100.0,68756618.0,-1.897,-0.07
000821,ST京机,7.31,7.3,7.31,7.32,7.28,7.33,7.2,5916400.0,42971390.0,-0.137,-0.01
000822,山东海化,4.43,4.42,4.43,4.45,4.41,4.45,4.37,7252300.0,31970409.0,-0.449,-0.02
000823,超声电子,15.7,15.69,15.7,14.73,14.79,15.72,14.79,53855888.0,826228998.0,6.585,0.97
000825,太钢不锈,3.58,3.58,3.59,3.63,3.63,3.66,3.54,48657300.0,174828531.0,-1.377,-0.05
000826,*ST启环,1.91,1.91,1.92,1.96,1.94,1.95,1.91,15960780.0,30635798.0,-2.551,-0.05
000828,东莞控股,10.33,10.32,10.33,10.16,10.18,10.38,10.13,11552817.0,118683324.0,1.673,0.17
000829,天音控股,8.71,8.7,8.71,8.57,8.57,8.74,8.52,17624129.0,152450171.0,1.634,0.14
000830,鲁西化工,12.46,12.46,12.47,12.2,12.19,12.54,12.13,37321782.0,461366257.0,2.131,0.26
000831,中国稀土,60.81,60.81,60.82,56.03,55.98,60.88,55.7,51265774.0,3021203844.0,8.531,4.78
000833,粤桂股份,21.24,21.24,21.25,20.7,20.55,21.25,20.53,21498914.0,453169420.0,2.609,0.54
000837,秦川机床,10.14,10.14,10.15,10.08,10.09,10.18,10.02,12220900.0,123759770.0,0.595,0.06
000838,*ST发展,2.95,2.95,2.96,3.01,2.96,2.96,2.87,40997400.0,119264053.0,-1.993,-0.06
000839,国安股份,2.81,2.81,2.82,2.73,2.72,2.88,2.71,91481421.0,256942828.0,2.93,0.08
000848,承德露露,8.5,8.5,8.51,8.56,8.55,8.59,8.4,10598800.0,89906958.0,-0.701,-0.06
000850,华茂股份,4.45,4.44,4.45,4.5,4.47,4.52,4.41,13249201.0,59141514.0,-1.111,-0.05
000852,石化机械,5.44,5.44,5.45,5.43,5.4,5.47,5.37,13366966.0,72575449.0,0.184,0.01
000856,冀东装备,8.6,8.59,8.6,8.66,8.66,8.72,8.55,4626200.0,39896886.0,-0.693,-0.06
000858,五 粮 液,71.12,71.12,71.13,71.9,71.81,71.82,70.96,32079965.0,2282088195.0,-1.085,-0.78
000859,国风新材,8.89,8.89,8.9,8.72,8.74,8.96,8.68,38768096.0,342062080.0,1.95,0.17
000860,顺鑫农业,10.5,10.5,10.51,10.57,10.53,10.57,10.4,5801301.0,60757211.0,-0.662,-0.07
000862,银星能源,5.27,5.27,5.28,5.31,5.29,5.31,5.21,11457500.0,60218164.0,-0.753,-0.04
000863,三湘印象,4.32,4.31,4.32,4.15,4.15,4.39,4.09,29012647.0,124652572.0,4.096,0.17
000868,安凯客车,3.55,3.54,3.55,3.57,3.57,3.57,3.5,9299100.0,32907546.0,-0.56,-0.02
000869,张 裕Ａ,16.12,16.12,16.13,16.1,16.1,16.17,15.96,1278984.0,20560647.0,0.124,0.02
000875,电投绿能,4.9,4.9,4.91,4.92,4.89,4.92,4.84,29672022.0,144818709.0,-0.407,-0.02
000876,新 希 望,7.07,7.07,7.08,7.01,6.99,7.09,6.96,27758226.0,195393218.0,0.856,0.06
000877,天山股份,3.76,3.76,3.77,3.75,3.72,3.78,3.71,11335618.0,42457809.0,0.267,0.01
000878,云南铜业,17.15,17.14,17.15,17.06,16.79,17.16,16.75,59997329.0,1020403777.0,0.528,0.09
000880,潍柴重机,23.48,23.48,23.49,22.89,22.9,23.69,22.62,11365409.0,263951021.0,2.578,0.59
000881,中广核技,6.57,6.56,6.57,6.56,6.52,6.57,6.51,5532848.0,36205340.0,0.152,0.01
000882,华联股份,1.49,1.49,1.5,1.5,1.5,1.52,1.48,57864899.0,86813115.0,-0.667,-0.01
000883,湖北能源,4.61,4.6,4.61,4.61,4.61,4.62,4.55,25588850.0,117268331.0,0.0,0.0
000885,城发环境,12.3,12.3,12.31,12.26,12.22,12.33,12.14,4962717.0,60685085.0,0.326,0.04
000886,海南高速,4.75,4.74,4.75,4.74,4.75,4.79,4.68,15668854.0,74322902.0,0.211,0.01
000887,中鼎股份,21.04,21.04,21.05,20.16,20.18,21.13,19.97,42801616.0,882801479.0,4.365,0.88
000888,峨眉山Ａ,9.94,9.94,9.95,10.07,10.04,10.06,9.93,9538183.0,95041753.0,-1.291,-0.13
000889,中嘉博创,4.04,4.03,4.04,4.02,4.02,4.07,4.0,39902700.0,161092880.0,0.498,0.02
000890,法尔胜,8.78,8.78,0.0,7.98,8.47,8.78,8.46,15151900.0,132042068.0,10.025,0.8
000892,欢瑞世纪,3.79,3.79,3.8,3.82,3.74,3.82,3.69,27867600.0,105215286.0,-0.785,-0.03
000893,亚钾国际,48.28,48.27,48.28,48.29,48.2,49.14,47.9,13768336.0,666273112.0,-0.021,-0.01
000895,双汇发展,24.94,24.94,24.95,25.07,24.98,25.07,24.8,7078349.0,176446372.0,-0.519,-0.13
000897,津滨发展,1.82,1.81,1.82,1.83,1.83,1.84,1.81,19507540.0,35514790.0,-0.546,-0.01
000898,鞍钢股份,2.06,2.06,2.07,2.07,2.06,2.08,2.03,40755220.0,83679308.0,-0.483,-0.01
000899,赣能股份,9.68,9.68,9.69,9.68,9.65,9.72,9.56,8455100.0,81504418.0,0.0,0.0
000900,现代投资,3.74,3.73,3.74,3.74,3.74,3.76,3.7,13355850.0,49831422.0,0.0,0.0
000901,航天科技,13.85,13.84,13.85,13.64,13.61,13.87,13.54,10749373.0,147984177.0,1.54,0.21
000902,新洋丰,14.39,14.39,14.4,13.86,13.86,14.49,13.78,23396229.0,332071539.0,3.824,0.53
000903,ST云动,1.9,1.89,1.9,1.89,1.88,1.91,1.86,12776700.0,24100998.0,0.529,0.01
000905,厦门港务,8.88,8.87,8.88,8.73,8.67,8.95,8.61,13390171.0,118095157.0,1.718,0.15
000906,浙商中拓,5.69,5.69,5.7,5.62,5.61,5.72,5.55,15999270.0,90182714.0,1.246,0.07
000908,石药景峰,6.65,6.64,6.65,6.53,6.61,6.7,6.56,15343716.0,101640474.0,1.838,0.12
000909,*ST数源,4.19,4.19,4.2,4.26,4.26,4.27,4.19,1901300.0,8014958.0,-1.643,-0.07
000910,大亚圣象,5.42,5.41,5.42,5.44,5.44,5.47,5.37,3000700.0,16265780.0,-0.368,-0.02
000911,*ST广糖,5.22,5.21,5.22,4.93,4.95,5.25,4.95,11187106.0,57223255.0,5.882,0.29
000912,泸天化,3.96,3.95,3.96,3.9,3.87,3.97,3.86,33097004.0,130222777.0,1.538,0.06
000913,钱江摩托,11.58,11.58,11.6,11.6,11.57,11.62,11.39,3583600.0,41227992.0,-0.172,-0.02
000915,华特达因,24.87,24.86,24.87,24.27,24.24,24.89,24.17,3933595.0,96714914.0,2.472,0.6
000917,电广传媒,7.12,7.11,7.12,7.07,7.07,7.17,7.04,17237200.0,122512762.0,0.707,0.05
000919,金陵药业,6.82,6.81,6.82,6.66,6.66,6.85,6.63,18988776.0,128832445.0,2.402,0.16
000920,沃顿科技,11.53,11.53,11.54,11.45,11.41,11.6,11.35,6215300.0,71422672.0,0.699,0.08
000921,海信家电,26.13,26.12,26.13,26.12,26.13,26.36,25.82,5209731.0,135776873.0,0.038,0.01
000922,佳电股份,12.1,12.1,12.11,11.83,11.8,12.32,11.78,11445237.0,138367834.0,2.282,0.27
000923,河钢资源,16.17,16.17,16.18,16.2,16.15,16.35,16.0,12290717.0,198806598.0,-0.185,-0.03
000925,众合科技,8.53,8.52,8.53,8.5,8.33,8.75,8.14,61950659.0,525226754.0,0.353,0.03
000926,福星股份,2.21,2.21,2.22,2.19,2.19,2.23,2.17,26255300.0,57784499.0,0.913,0.02
000927,中国铁物,2.5,2.49,2.5,2.53,2.51,2.53,2.46,64690773.0,160954579.0,-1.186,-0.03
000928,中钢国际,5.16,5.16,5.17,5.18,5.17,5.18,5.1,13754583.0,70766267.0,-0.386,-0.02
000929,兰州黄河,9.02,9.02,9.03,9.12,9.15,9.23,8.98,2647000.0,23989963.0,-1.096,-0.1
000930,中粮科技,5.08,5.07,5.08,4.94,4.94,5.09,4.94,30201801.0,152402865.0,2.834,0.14
000931,中 关 村,5.7,5.7,5.71,5.43,5.16,5.96,5.16,153723509.0,863551616.0,4.972,0.27
000932,华菱钢铁,3.72,3.71,3.72,3.74,3.73,3.74,3.64,100229569.0,369810447.0,-0.535,-0.02
000933,神火股份,26.92,26.92,26.93,26.5,26.44,26.97,26.34,41512521.0,1110583294.0,1.585,0.42
000935,四川双马,23.16,23.15,23.16,22.82,22.8,23.24,22.63,3751810.0,86410787.0,1.49,0.34
000936,华西股份,5.74,5.74,5.75,5.63,5.63,5.79,5.58,39119907.0,224173820.0,1.954,0.11
000937,冀中能源,5.14,5.13,5.14,4.94,4.96,5.15,4.94,52710723.0,267445111.0,4.049,0.2
000938,紫光股份,36.43,36.42,36.43,34.9,35.3,36.44,35.13,140221509.0,5022006504.0,4.384,1.53
000948,南天信息,14.35,14.34,14.35,14.31,14.2,14.44,14.17,8146242.0,116667389.0,0.28,0.04
000949,新乡化纤,7.23,7.23,7.24,7.06,7.05,7.26,7.0,41828215.0,299382669.0,2.408,0.17
000950,重药控股,5.54,5.54,5.55,5.46,5.46,5.57,5.42,31948126.0,176444890.0,1.465,0.08
000951,中国重汽,22.39,22.39,0.0,20.35,21.8,22.39,21.65,31029852.0,692269432.0,10.025,2.04
000952,广济药业,6.65,6.65,6.66,6.58,6.54,6.67,6.5,5459160.0,36033068.0,1.064,0.07
000953,中哲精化,6.08,6.08,6.09,6.17,6.15,6.2,6.06,7303451.0,44604874.0,-1.459,-0.09
000955,欣龙控股,4.28,4.27,4.28,4.27,4.22,4.31,4.22,8274651.0,35377012.0,0.234,0.01
000957,中通客车,10.28,10.28,10.29,10.33,10.3,10.33,10.1,10572664.0,108148490.0,-0.484,-0.05
000958,电投产融,5.34,5.34,5.35,5.34,5.33,5.35,5.29,11633080.0,61910923.0,0.0,0.0
000959,首钢股份,3.58,3.58,3.59,3.62,3.6,3.62,3.48,41948867.0,149013329.0,-1.105,-0.04
000960,锡业股份,36.12,36.12,36.13,35.57,34.97,36.4,34.83,42269545.0,1515937387.0,1.546,0.55
000962,东方钽业,57.55,57.55,0.0,52.32,52.32,57.55,52.15,34851031.0,1944087381.0,9.996,5.23
000963,华东医药,27.68,27.68,27.69,27.31,27.53,27.88,27.34,16012962.0,441735508.0,1.355,0.37
000965,天保基建,3.21,3.2,3.21,3.24,3.22,3.23,3.17,13747070.0,43979018.0,-0.926,-0.03
000966,长源电力,4.04,4.04,4.05,4.09,4.07,4.08,4.0,38169488.0,154032469.0,-1.222,-0.05
000967,盈峰环境,8.63,8.62,8.63,8.41,8.48,8.69,8.41,77336837.0,660700914.0,2.616,0.22
000968,蓝焰控股,7.24,7.24,7.25,7.07,7.05,7.29,7.02,29270023.0,210437304.0,2.405,0.17
000969,安泰科技,17.15,17.15,17.16,16.86,16.8,17.23,16.67,21083130.0,359120931.0,1.72,0.29
000970,中科三环,12.15,12.15,12.16,12.07,12.01,12.21,11.95,29823505.0,360632981.0,0.663,0.08
000972,中基健康,3.72,3.72,3.73,3.64,3.64,3.79,3.64,14251900.0,52836332.0,2.198,0.08
000973,佛塑科技,13.79,13.79,13.8,14.0,13.91,14.01,13.58,43708933.0,598803936.0,-1.5,-0.21
000975,山金国际,27.4,27.4,27.41,27.37,27.37,28.19,26.95,58098509.0,1596729720.0,0.11,0.03
000977,浪潮信息,78.27,78.27,78.28,73.79,75.3,78.3,74.79,65686547.0,5046770287.0,6.071,4.48
000978,桂林旅游,6.12,6.11,6.12,6.18,6.14,6.18,6.09,8868600.0,54343356.0,-0.971,-0.06
000980,众泰汽车,1.69,1.68,1.69,1.7,1.71,1.72,1.66,116547571.0,196380987.0,-0.588,-0.01
000981,山子高科,2.73,2.73,2.74,2.75,2.7,2.75,2.65,246268679.0,667762847.0,-0.727,-0.02
000983,山西焦煤,7.54,7.53,7.54,7.36,7.36,7.55,7.32,66953518.0,500228927.0,2.446,0.18
000985,大庆华科,16.52,16.52,16.54,16.14,16.11,16.6,16.01,1673443.0,27407844.0,2.354,0.38
000987,越秀资本,7.78,7.78,7.79,7.71,7.68,7.79,7.65,31859395.0,246439286.0,0.908,0.07
000988,华工科技,104.9,104.9,104.91,103.8,102.01,106.73,99.0,66066742.0,6863227831.0,1.06,1.1
000989,九芝堂,9.14,9.13,9.14,9.02,8.98,9.17,8.92,23305304.0,211614034.0,1.33,0.12
000990,诚志股份,6.49,6.48,6.49,6.42,6.4,6.51,6.35,35264335.0,226959559.0,1.09,0.07
000993,闽东电力,9.91,9.91,9.92,9.88,9.89,9.94,9.78,4755600.0,46947207.0,0.304,0.03
000995,皇台酒业,11.02,11.02,11.03,11.03,10.99,11.07,10.9,5880700.0,64660886.0,-0.091,-0.01
000997,新 大 陆,20.88,20.88,20.89,20.69,20.7,21.04,20.36,68408254.0,1419152518.0,0.918,0.19
000998,隆平高科,9.1,9.1,9.11,8.83,8.9,9.15,8.87,58999013.0,534074478.0,3.058,0.27
000999,华润三九,24.64,24.64,24.65,24.45,24.5,24.8,24.39,10419331.0,256687661.0,0.777,0.19
001201,东瑞股份,12.2,12.2,12.21,12.13,12.15,12.25,12.02,2522325.0,30602233.0,0.577,0.07
001202,炬申股份,13.83,13.74,13.83,13.73,13.62,13.83,13.53,1775580.0,24185086.0,0.728,0.1
001203,大中矿业,27.58,27.58,27.59,27.35,27.27,27.7,26.58,15801804.0,429471722.0,0.841,0.23
001205,盛航股份,14.4,14.39,14.4,14.51,14.52,14.6,14.31,2344572.0,33831065.0,-0.758,-0.11
001206,依依股份,16.31,16.3,16.31,16.4,16.3,16.42,16.21,2991296.0,48738594.0,-0.549,-0.09
001207,联科科技,16.88,16.88,16.89,16.96,16.96,16.99,16.64,3298734.0,55445174.0,-0.472,-0.08
001208,华菱线缆,13.85,13.84,13.85,13.75,13.62,13.94,13.51,9608200.0,132405323.0,0.727,0.1
001209,洪兴股份,17.54,17.53,17.54,17.63,17.45,17.61,17.36,1787600.0,31264523.0,-0.51,-0.09
001210,金房能源,28.33,28.32,28.33,27.21,27.45,28.81,27.11,7844410.0,222118446.0,4.116,1.12
001211,双枪科技,23.35,23.35,23.36,23.9,23.98,23.98,23.33,3261383.0,76721790.0,-2.301,-0.55
001212,中旗新材,34.22,34.22,34.23,33.15,33.01,34.75,32.95,3556713.0,120797596.0,3.228,1.07
001213,中铁特货,3.57,3.57,3.58,3.58,3.58,3.58,3.54,7374600.0,26258153.0,-0.279,-0.01
001215,千味央厨,31.2,31.2,31.21,30.62,30.5,31.43,30.4,1495599.0,46592090.0,1.894,0.58
001216,华瓷股份,14.64,14.62,14.64,14.71,14.7,14.71,14.41,2131191.0,30993855.0,-0.476,-0.07
001217,华尔泰,10.2,10.19,10.2,10.26,10.2,10.24,10.06,3668600.0,37279477.0,-0.585,-0.06
001218,丽臣实业,24.17,24.15,24.17,24.12,24.09,24.2,23.8,1131880.0,27243131.0,0.207,0.05
001219,青岛食品,12.65,12.63,12.65,12.62,12.6,12.7,12.55,1767625.0,22321394.0,0.238,0.03
001220,世盟股份,31.6,31.58,31.6,32.44,32.3,32.36,31.58,1136462.0,36334423.0,-2.589,-0.84
001221,悍高集团,38.25,38.24,38.25,38.35,38.26,38.68,37.9,2156940.0,82319481.0,-0.261,-0.1
001222,源飞宠物,14.3,14.29,14.3,14.49,14.5,14.53,14.18,3063700.0,43801840.0,-1.311,-0.19
001223,欧克科技,40.74,40.72,40.74,40.0,40.08,41.2,39.68,1390728.0,56397622.0,1.85,0.74
001225,和泰机电,47.1,47.1,47.12,47.38,47.0,47.79,46.7,1395900.0,66071307.0,-0.591,-0.28
001226,拓山重工,45.66,45.66,45.67,45.91,45.91,46.57,45.21,650200.0,29816966.0,-0.545,-0.25
001227,兰州银行,2.14,2.14,2.15,2.19,2.19,2.19,2.13,97827105.0,210183188.0,-2.283,-0.05
001228,永泰运,28.46,28.45,28.46,28.71,28.48,29.07,28.38,1694966.0,48525207.0,-0.871,-0.25
001229,魅视科技,40.72,40.71,40.72,40.59,40.48,41.18,39.61,4645420.0,188136572.0,0.32,0.13
001230,劲旅环境,22.38,22.38,22.39,23.35,23.35,23.44,22.28,8311227.0,187874693.0,-4.154,-0.97
001231,农心科技,21.62,21.61,21.62,21.41,21.36,21.62,21.28,1030300.0,22107817.0,0.981,0.21
001232,嘉立创,162.03,162.03,0.0,147.3,156.84,162.03,153.99,8676849.0,1378644404.0,10.0,14.73
001233,海安集团,45.57,45.56,45.57,44.43,44.43,45.85,43.88,1767610.0,79901682.0,2.566,1.14
001234,泰慕士,22.75,22.74,22.75,22.47,22.25,22.75,22.23,1277800.0,28686651.0,1.246,0.28
001236,弘业期货,8.21,8.2,8.21,7.99,7.9,8.21,7.86,25131795.0,203426355.0,2.753,0.22
001237,惠康科技,53.01,53.01,53.03,52.24,52.25,53.07,52.08,1239471.0,65341728.0,1.474,0.77
001238,浙江正特,24.02,24.01,24.02,24.71,24.49,24.71,23.98,795007.0,19209355.0,-2.792,-0.69
001239,永达股份,12.07,12.06,12.07,12.1,12.1,12.14,11.97,1293900.0,15586398.0,-0.248,-0.03
001248,华润新能,12.34,12.33,12.34,12.51,12.3,12.36,12.25,50123450.0,616589500.0,-1.359,-0.17
001255,博菲电气,26.31,26.31,26.32,26.63,26.66,26.77,26.09,1079168.0,28464008.0,-1.202,-0.32
001256,炜冈科技,22.55,22.54,22.55,22.34,22.33,22.7,22.01,3950400.0,88487241.0,0.94,0.21
001257,盛龙股份,26.3,26.3,26.31,26.26,26.25,26.45,25.93,18649214.0,489222233.0,0.152,0.04
001258,立新能源,13.76,13.76,13.77,13.52,13.39,14.24,13.03,179520863.0,2446791423.0,1.775,0.24
001259,利仁科技,46.37,46.26,46.37,45.25,45.2,46.46,44.77,848726.0,38843195.0,2.475,1.12
001260,坤泰股份,18.2,18.19,18.2,18.3,18.4,18.48,18.0,3205100.0,58145951.0,-0.546,-0.1
001266,宏英智能,34.9,34.9,34.91,34.38,34.31,35.26,34.17,1776500.0,61748494.0,1.513,0.52
001267,汇绿生态,40.13,40.12,40.13,37.62,38.4,40.9,37.99,45193370.0,1789140599.0,6.672,2.51
001268,联合精密,25.95,25.95,25.96,24.55,23.71,26.8,23.05,15991263.0,405264841.0,5.703,1.4
001269,欧晶科技,19.05,19.04,19.05,19.07,19.21,19.21,18.73,1450160.0,27440260.0,-0.105,-0.02
001270,铖昌科技,102.96,102.96,102.97,100.5,100.5,103.32,99.3,5324300.0,542585822.0,2.448,2.46
001277,速达股份,31.59,31.58,31.59,32.1,31.66,31.73,31.0,6404095.0,200841692.0,-1.589,-0.51
001278,一彬科技,16.12,16.09,16.12,16.25,16.28,16.29,16.0,1761200.0,28426497.0,-0.8,-0.13
001279,强邦新材,25.48,25.48,25.49,25.59,25.5,25.58,25.3,531600.0,13531402.0,-0.43,-0.11
001280,中国铀业,70.48,70.48,70.49,69.27,68.38,70.77,68.38,7855032.0,551102322.0,1.747,1.21
001282,三联锻造,15.44,15.44,15.46,15.39,15.33,15.57,15.22,2187441.0,33755866.0,0.325,0.05
001283,豪鹏科技,45.84,45.84,45.85,44.71,44.12,46.67,44.12,5149446.0,235229410.0,2.527,1.13
001285,瑞立科密,45.23,45.22,45.23,44.09,44.0,46.67,43.7,4016021.0,182843860.0,2.586,1.14
001286,陕西能源,9.61,9.61,9.62,9.51,9.48,9.66,9.47,25411957.0,242919997.0,1.052,0.1
001287,中电港,22.96,22.96,22.97,22.24,22.48,23.06,22.39,17730102.0,403861181.0,3.237,0.72
001288,运机集团,25.87,25.87,25.89,25.91,25.6,26.2,25.41,2773855.0,71624608.0,-0.154,-0.04
001289,龙源电力,15.67,15.67,15.68,15.87,15.82,15.86,15.59,4931473.0,77174315.0,-1.26,-0.2
001296,长江材料,19.69,19.68,19.69,19.66,19.68,19.77,19.44,2355300.0,46327641.0,0.153,0.03
001298,好上好,18.07,18.07,18.08,17.64,17.7,18.11,17.59,6513449.0,116860762.0,2.438,0.43
001299,美能能源,9.48,9.48,9.49,10.15,9.88,9.93,9.35,9781094.0,92955914.0,-6.601,-0.67
001300,三柏硕,11.52,11.52,11.53,11.82,11.73,11.8,11.46,3646891.0,42173739.0,-2.538,-0.3
001301,尚太科技,60.55,60.54,60.55,62.87,62.4,62.74,60.3,6291033.0,384140278.0,-3.69,-2.32
001306,夏厦精密,53.89,53.89,53.9,53.66,54.0,54.25,52.83,452904.0,24288539.0,0.429,0.23
001308,康冠科技,18.13,18.13,18.14,18.02,18.03,18.15,17.98,1646716.0,29777309.0,0.61,0.11
001309,德明利,429.76,429.76,0.0,390.69,395.19,429.76,392.33,20985425.0,8762050141.0,10.0,39.07
001311,多利科技,17.39,17.39,17.4,17.38,17.5,17.6,17.11,4545188.0,78595726.0,0.058,0.01
001312,福恩股份,17.6,17.59,17.6,17.55,17.55,17.66,17.37,1126398.0,19796150.0,0.285,0.05
001313,粤海饲料,8.01,8.0,8.01,7.8,7.8,8.17,7.75,15708800.0,125297869.0,2.692,0.21
001314,亿道信息,52.12,52.1,52.12,50.15,50.27,52.6,49.91,3762290.0,192778588.0,3.928,1.97
001316,润贝航科,26.06,26.06,26.07,26.69,25.68,26.09,25.22,3843584.0,98679190.0,-2.36,-0.63
001317,三羊马,52.83,52.83,52.84,52.0,52.0,53.33,51.5,4444900.0,233497066.0,1.596,0.83
001318,阳光乳业,11.48,11.48,11.49,11.35,11.39,11.79,11.32,5165764.0,59697906.0,1.145,0.13
001319,铭科精技,19.66,19.66,19.68,19.63,19.75,19.8,19.55,1832400.0,36055042.0,0.153,0.03
001322,箭牌家居,6.4,6.39,6.4,6.33,6.33,6.44,6.22,5186100.0,32942208.0,1.106,0.07
001323,慕思股份,18.85,18.84,18.85,19.11,19.11,19.46,18.68,2329845.0,44223345.0,-1.361,-0.26
001324,长青科技,19.36,19.36,19.37,18.55,18.46,20.41,18.41,13997418.0,277093243.0,4.367,0.81
001325,元创股份,40.78,40.76,40.78,40.67,39.3,40.96,38.5,2509225.0,100780981.0,0.27,0.11
001326,联域股份,69.55,69.39,69.55,63.91,63.79,69.77,63.2,2139600.0,144656926.0,8.825,5.64
001328,登康口腔,28.46,28.45,28.46,28.81,28.83,29.14,28.28,1188088.0,33822831.0,-1.215,-0.35
001330,博纳影业,5.11,5.1,5.11,5.1,5.05,5.11,5.0,51404700.0,260608933.0,0.196,0.01
001331,胜通能源,44.09,44.09,44.1,42.4,42.42,44.46,42.2,5501305.0,239404222.0,3.986,1.69
001332,锡装股份,27.75,27.75,27.76,27.64,27.64,28.0,27.24,3233878.0,89417043.0,0.398,0.11
001333,光华股份,20.64,20.63,20.64,20.38,20.21,20.65,20.18,1892000.0,38814089.0,1.276,0.26
001335,信凯科技,32.35,32.29,32.35,32.27,32.31,32.43,32.01,457300.0,14738434.0,0.248,0.08
001336,楚环科技,18.8,18.76,18.8,18.83,18.74,18.83,18.5,1730830.0,32365688.0,-0.159,-0.03
001337,四川黄金,53.9,53.9,53.91,52.33,51.55,56.0,51.44,31204709.0,1682498352.0,3.0,1.57
001338,永顺泰,9.03,9.03,9.04,8.84,8.79,9.07,8.78,13656121.0,122205432.0,2.149,0.19
001339,智微智能,80.51,80.51,80.52,76.92,78.42,80.76,77.1,8698117.0,691356532.0,4.667,3.59
001356,富岭股份,9.14,9.14,9.15,9.24,9.21,9.25,9.11,6112389.0,56037918.0,-1.082,-0.1
001358,兴欣新材,25.29,25.29,25.3,25.63,25.86,25.9,25.2,2099200.0,53317246.0,-1.327,-0.34
001359,平安电工,90.75,90.74,90.75,85.05,85.55,91.0,84.94,4161367.0,369557173.0,6.702,5.7
001360,南矿集团,18.68,18.67,18.68,17.96,17.79,18.79,17.62,6856700.0,126783321.0,4.009,0.72
001365,天海电子,35.15,35.15,35.16,34.68,34.68,35.17,34.44,2801132.0,97749038.0,1.355,0.47
001366,播恩集团,12.73,12.73,12.74,12.67,12.83,12.83,12.54,4255345.0,53939661.0,0.474,0.06
001367,海森药业,20.35,20.35,20.36,20.41,20.43,20.64,20.09,3862356.0,78421992.0,-0.294,-0.06
001368,通达创智,22.73,22.73,22.75,22.92,22.94,22.99,22.7,1370700.0,31246362.0,-0.829,-0.19
001369,双欣材料,12.57,12.57,12.58,12.47,12.45,12.59,12.38,5107662.0,64023249.0,0.802,0.1
001373,翔腾新材,28.82,28.82,28.9,28.97,28.7,29.16,28.59,1171811.0,33863800.0,-0.518,-0.15
001376,百通能源,10.53,10.53,10.54,10.53,10.55,10.55,10.39,6041900.0,63361295.0,0.0,0.0
001378,德冠新材,20.37,20.37,20.39,20.11,19.98,20.72,19.95,4341163.0,88241914.0,1.293,0.26
001379,腾达科技,15.86,15.86,15.87,15.87,15.87,15.94,15.68,1404450.0,22205441.0,-0.063,-0.01
001380,华纬科技,17.59,17.59,17.6,17.35,17.58,17.66,17.21,2850168.0,49958807.0,1.383,0.24
001382,新亚电缆,16.66,16.65,16.66,16.64,16.64,16.76,16.34,3188529.0,52819715.0,0.12,0.02
001386,马可波罗,16.1,16.1,16.11,16.13,16.08,16.26,15.81,5464558.0,87822205.0,-0.186,-0.03
001387,雪祺电气,12.14,12.13,12.14,12.17,12.07,12.15,11.92,3098910.0,37367379.0,-0.247,-0.03
001388,信通电子,21.36,21.36,21.37,21.48,21.2,21.55,21.02,3748189.0,79776889.0,-0.559,-0.12
001389,广合科技,157.95,157.94,157.95,151.71,154.0,159.71,151.6,6187706.0,966691286.0,4.113,6.24
001390,古麒绒材,17.15,17.15,17.16,17.25,17.2,17.2,17.02,1002370.0,17165653.0,-0.58,-0.1
001391,国货航,4.09,4.08,4.09,4.16,4.13,4.14,4.05,33816851.0,137812395.0,-1.683,-0.07
001393,维通利,42.26,42.26,42.27,41.99,41.98,42.34,41.5,1522444.0,64027272.0,0.643,0.27
001395,亚联机械,29.1,29.1,29.12,29.03,29.0,29.31,28.62,1781603.0,51794643.0,0.241,0.07
001396,誉帆科技,34.58,34.57,34.58,34.81,34.8,34.8,34.36,543969.0,18782226.0,-0.661,-0.23
001399,惠科股份,23.39,23.39,23.4,22.75,22.75,23.56,22.65,29976858.0,695289182.0,2.813,0.64
001400,江顺科技,81.58,81.58,81.59,78.59,78.39,82.26,75.82,4969914.0,395914698.0,3.805,2.99
001696,宗申动力,15.22,15.21,15.22,14.95,14.9,15.25,14.85,28100739.0,423972439.0,1.806,0.27
001872,招商港口,22.7,22.7,22.71,22.9,22.87,23.0,22.55,2046600.0,46458500.0,-0.873,-0.2
001896,豫能控股,12.26,12.25,12.26,12.0,11.88,12.28,11.75,59040705.0,715206410.0,2.167,0.26
001914,招商积余,8.69,8.69,8.7,8.93,8.84,8.9,8.59,11530900.0,100144636.0,-2.688,-0.24
001965,招商公路,9.6,9.6,9.61,9.81,9.82,9.9,9.56,17406069.0,168672106.0,-2.141,-0.21
001979,招商蛇口,7.18,7.17,7.18,7.29,7.29,7.31,7.14,61775425.0,444710701.0,-1.509,-0.11
002001,新 和 成,26.96,26.96,26.97,26.46,26.49,27.0,26.1,45501813.0,1208703714.0,1.89,0.5
002003,伟星股份,11.73,11.72,11.73,10.97,11.22,11.96,11.11,37487011.0,439396894.0,6.928,0.76
002004,华邦健康,4.56,4.56,4.57,4.55,4.54,4.59,4.49,28263462.0,128272321.0,0.22,0.01
002005,德豪润达,2.4,2.39,2.4,2.4,2.41,2.41,2.37,10111600.0,24212622.0,0.0,0.0
002006,精工科技,13.37,13.36,13.37,13.23,13.22,13.37,13.11,4657830.0,61762886.0,1.058,0.14
002007,华兰生物,13.28,13.27,13.28,13.27,13.23,13.28,13.03,10994308.0,144566330.0,0.075,0.01
002008,大族激光,90.0,90.0,90.01,85.68,87.02,90.58,85.89,36057194.0,3204966957.0,5.042,4.32
002009,天奇股份,16.67,16.66,16.67,16.48,16.63,16.74,16.5,7723174.0,128435188.0,1.153,0.19
002010,传化智联,4.74,4.73,4.74,4.78,4.77,4.79,4.68,18047331.0,85236571.0,-0.837,-0.04
002011,盾安环境,10.29,10.29,10.3,10.11,10.23,10.36,10.18,14836346.0,152509136.0,1.78,0.18
002012,凯恩股份,6.99,6.99,7.0,6.93,6.92,7.03,6.85,9743689.0,67673692.0,0.866,0.06
002014,永新股份,11.18,11.18,11.19,11.23,11.2,11.25,11.08,2828820.0,31609494.0,-0.445,-0.05
002015,协鑫能科,16.72,16.72,16.73,17.14,16.45,17.0,16.18,161907597.0,2694958875.0,-2.45,-0.42
002016,世荣兆业,4.65,4.64,4.65,4.6,4.62,4.75,4.56,12645586.0,58838270.0,1.087,0.05
002017,东信和平,16.75,16.75,16.76,16.48,16.37,17.18,16.2,71499446.0,1198601433.0,1.638,0.27
002019,亿帆医药,10.1,10.09,10.1,10.01,9.99,10.2,9.97,10053722.0,101147181.0,0.899,0.09
002020,京新药业,13.25,13.24,13.25,13.05,12.8,13.29,12.71,16089870.0,208544496.0,1.533,0.2
002021,中捷资源,2.71,2.71,2.72,2.71,2.7,2.73,2.66,20016044.0,54253625.0,0.0,0.0
002022,科华生物,5.72,5.72,5.73,5.7,5.7,5.76,5.65,6229579.0,35552534.0,0.351,0.02
002023,海特高新,10.06,10.06,10.07,9.92,9.9,10.13,9.87,9335981.0,93557113.0,1.411,0.14
002024,ST易购,1.19,1.19,1.2,1.19,1.19,1.2,1.18,15838500.0,18859869.0,0.0,0.0
002025,航天电器,62.81,62.81,62.82,60.52,61.74,63.0,60.52,14438441.0,897571842.0,3.784,2.29
002026,山东威达,12.36,12.36,12.37,11.9,11.92,12.4,11.59,35402242.0,426922853.0,3.866,0.46
002027,分众传媒,4.94,4.93,4.94,4.98,4.98,4.99,4.91,100837919.0,497624877.0,-0.803,-0.04
002028,思源电气,153.44,0.0,153.44,170.49,157.0,158.0,153.44,6598100.0,1015802575.0,-10.001,-17.05
002029,七 匹 狼,8.74,8.73,8.74,8.77,8.75,8.92,8.71,13602479.0,119587442.0,-0.342,-0.03
002030,达安基因,5.62,5.61,5.62,5.59,5.6,5.66,5.53,21329242.0,119318743.0,0.537,0.03
002031,巨轮智能,5.23,5.23,5.24,5.14,5.11,5.24,5.1,89441099.0,463521785.0,1.751,0.09
002032,苏 泊 尔,40.45,40.44,40.45,40.8,40.8,40.97,40.03,1632700.0,65796511.0,-0.858,-0.35
002033,丽江股份,9.13,9.13,9.14,9.12,9.1,9.15,9.05,15042481.0,136914524.0,0.11,0.01
002034,旺能环境,14.47,14.46,14.47,14.34,14.38,14.5,14.23,10325560.0,148401229.0,0.907,0.13
002035,华帝股份,4.66,4.65,4.66,4.85,4.81,4.82,4.61,34597100.0,162166536.0,-3.918,-0.19
002036,联创电子,6.8,6.8,6.81,6.79,6.77,6.83,6.7,23767761.0,160956131.0,0.147,0.01
002037,保利联合,6.94,6.94,6.95,6.95,6.87,7.04,6.86,6838800.0,47611855.0,-0.144,-0.01
002038,双鹭药业,6.56,6.56,6.57,6.28,6.21,6.58,6.15,94289038.0,603259884.0,4.459,0.28
002039,黔源电力,19.28,19.28,19.29,19.42,19.36,19.37,19.06,6590874.0,126533582.0,-0.721,-0.14
002040,南 京 港,8.64,8.63,8.64,8.78,8.7,8.71,8.52,15956042.0,137390417.0,-1.595,-0.14
002041,登海种业,11.23,11.23,11.24,10.78,10.88,11.49,10.71,102466182.0,1141644741.0,4.174,0.45
002042,华孚时尚,3.92,3.91,3.92,3.88,3.89,3.96,3.77,43877801.0,170908617.0,1.031,0.04
002043,兔 宝 宝,13.0,12.99,13.0,12.82,12.81,13.07,12.77,7171583.0,92854069.0,1.404,0.18
002044,美年健康,4.69,4.68,4.69,4.68,4.66,4.69,4.63,46819253.0,218688305.0,0.214,0.01
002045,国光电器,8.96,8.96,8.97,9.0,9.01,9.16,8.88,27501590.0,246620104.0,-0.444,-0.04
002046,国机精工,52.45,52.43,52.45,49.07,49.07,52.79,49.0,14234290.0,727922292.0,6.888,3.38
002047,宝鹰股份,3.54,3.54,3.55,3.63,3.5,3.6,3.45,86370253.0,306052682.0,-2.479,-0.09
002048,宁波华翔,19.02,19.01,19.02,18.82,18.8,19.04,18.71,11098201.0,209716543.0,1.063,0.2
002049,紫光国微,63.25,63.25,63.26,61.59,61.7,63.45,61.63,16513453.0,1036191623.0,2.695,1.66
002050,三花智控,36.82,36.82,36.83,36.14,36.09,36.92,36.0,42069137.0,1541929038.0,1.882,0.68
002051,中工国际,8.62,8.62,8.63,8.61,8.58,8.62,8.52,20885638.0,179124171.0,0.116,0.01
002052,同洲电子,8.85,8.85,8.86,8.69,8.71,8.86,8.55,15327447.0,133827577.0,1.841,0.16
002053,云南能投,9.36,9.36,9.37,9.33,9.33,9.38,9.23,5620300.0,52313821.0,0.322,0.03
002054,德美化工,7.33,7.32,7.33,7.29,7.29,7.33,7.23,9175900.0,66934487.0,0.549,0.04
002055,ST得润,6.24,6.24,6.25,6.16,6.1,6.28,6.08,9926400.0,61456235.0,1.299,0.08
002056,横店东磁,21.62,21.61,21.62,21.14,21.17,21.7,20.96,19613465.0,419555118.0,2.271,0.48
002057,中钢天源,8.99,8.98,8.99,8.82,8.75,9.03,8.75,16901500.0,150734835.0,1.927,0.17
002058,威尔泰,16.78,16.78,16.79,16.41,16.36,16.8,16.31,2622416.0,43568043.0,2.255,0.37
002059,云南旅游,4.6,4.59,4.6,4.59,4.57,4.62,4.55,9892800.0,45415787.0,0.218,0.01
002060,广东建工,3.21,3.21,3.22,3.25,3.24,3.25,3.18,16824900.0,53991864.0,-1.231,-0.04
002061,浙江交科,3.54,3.53,3.54,3.6,3.59,3.6,3.51,21293776.0,75435385.0,-1.667,-0.06
002062,宏润建设,8.04,8.04,8.05,8.06,8.08,8.17,7.99,11874300.0,96018628.0,-0.248,-0.02
002063,远光软件,5.4,5.4,5.41,5.4,5.39,5.41,5.34,15664064.0,84245108.0,0.0,0.0
002064,华峰化学,11.62,11.62,11.63,11.12,11.13,11.7,11.0,47886673.0,544983433.0,4.496,0.5
002065,东华软件,6.94,6.93,6.94,6.89,6.91,6.94,6.86,23178189.0,160018262.0,0.726,0.05
002066,瑞泰科技,22.63,22.63,22.64,22.5,22.5,22.9,22.4,3400900.0,77119582.0,0.578,0.13
002067,景兴纸业,4.18,4.18,4.19,4.14,4.11,4.24,4.11,49673566.0,208518581.0,0.966,0.04
002068,黑猫股份,8.03,8.02,8.03,7.94,7.92,8.03,7.87,15391000.0,122888797.0,1.134,0.09
002069,獐子岛,3.65,3.64,3.65,3.61,3.6,3.66,3.58,10677000.0,38813955.0,1.108,0.04
002072,凯瑞德,8.9,8.9,0.0,8.09,7.98,8.9,7.98,41184443.0,361420293.0,10.012,0.81
002073,软控股份,5.95,5.94,5.95,6.0,6.0,6.18,5.92,31919196.0,191207648.0,-0.833,-0.05
002074,国轩高科,27.69,27.69,27.7,27.89,27.7,27.71,27.05,36489964.0,998240902.0,-0.717,-0.2
002075,沙钢股份,3.71,3.71,3.72,3.72,3.7,3.75,3.67,24274922.0,89983547.0,-0.269,-0.01
002076,星光股份,2.12,2.12,2.13,2.14,2.14,2.15,2.11,22742487.0,48440386.0,-0.935,-0.02
002077,大港股份,12.48,12.47,12.48,12.12,12.14,12.5,12.12,20638626.0,255203489.0,2.97,0.36
002078,太阳纸业,14.89,14.88,14.89,15.1,15.5,15.59,14.79,70126834.0,1055730692.0,-1.391,-0.21
002079,苏州固锝,9.46,9.45,9.46,9.25,9.21,9.46,9.19,26751228.0,250073254.0,2.27,0.21
002080,中材科技,52.48,52.47,52.48,49.94,50.88,52.79,49.88,49729373.0,2563024739.0,5.086,2.54
002081,金 螳 螂,5.69,5.69,5.7,5.66,5.5,5.85,5.5,469630910.0,2656215898.0,0.53,0.03
002082,ST万邦,9.77,9.77,9.78,10.02,10.01,10.05,9.64,16051287.0,157323183.0,-2.495,-0.25
002083,孚日股份,10.48,10.48,10.49,10.21,10.29,10.51,10.2,31506901.0,326478286.0,2.644,0.27
002084,海鸥住工,5.27,5.27,0.0,4.79,5.27,5.27,5.27,5245483.0,27643695.0,10.021,0.48
002085,万丰奥威,10.34,10.34,10.35,10.35,10.29,10.35,10.24,11888983.0,122588641.0,-0.097,-0.01
002086,东方海洋,2.19,2.18,2.19,2.16,2.15,2.22,2.14,81805062.0,178792363.0,1.389,0.03
002088,鲁阳节能,8.17,8.17,8.18,8.41,8.38,8.45,8.01,5793713.0,47351559.0,-2.854,-0.24
002090,金智科技,9.57,9.56,9.57,9.58,9.58,9.6,9.41,5798300.0,54989799.0,-0.104,-0.01
002091,江苏国泰,7.84,7.83,7.84,7.85,7.82,7.88,7.73,10181416.0,79354123.0,-0.127,-0.01
002092,中泰化学,4.56,4.56,4.57,4.51,4.5,4.58,4.46,39456100.0,178655965.0,1.109,0.05
002093,国脉科技,6.85,6.85,6.86,6.93,6.91,6.94,6.81,7366620.0,50549483.0,-1.154,-0.08
002094,青岛金王,5.66,5.65,5.66,5.65,5.6,5.99,5.45,153670031.0,880998903.0,0.177,0.01
002095,生 意 宝,14.38,14.38,14.39,14.42,14.4,14.51,14.29,2361244.0,33967543.0,-0.277,-0.04
002096,易普力,9.4,9.4,9.41,9.4,9.37,9.44,9.26,4225344.0,39570005.0,0.0,0.0
002097,山河智能,7.27,7.26,7.27,7.32,7.32,7.32,7.18,15261046.0,110517082.0,-0.683,-0.05
002098,浔兴股份,7.28,7.28,7.29,7.21,7.27,7.36,7.17,3547878.0,25830866.0,0.971,0.07
002099,海翔药业,5.21,5.21,5.22,5.21,5.21,5.27,5.16,10681000.0,55610982.0,0.0,0.0
002100,天康生物,7.4,7.39,7.4,7.34,7.29,7.45,7.2,22071882.0,161987898.0,0.817,0.06
002101,广东鸿图,8.83,8.83,8.84,8.9,8.88,8.88,8.73,3791200.0,33375077.0,-0.787,-0.07
002102,ST能特,2.33,2.32,2.33,2.34,2.35,2.38,2.32,13804700.0,32440286.0,-0.427,-0.01
002103,广博股份,6.53,6.52,6.53,6.57,6.57,6.62,6.48,6110800.0,39813773.0,-0.609,-0.04
002104,恒宝股份,11.82,11.82,11.83,11.42,11.24,11.95,11.24,80671854.0,948424774.0,3.503,0.4
002105,信隆健康,6.07,6.07,6.08,6.01,6.0,6.2,5.94,7574700.0,45785946.0,0.998,0.06
002106,莱宝高科,10.52,10.51,10.52,10.3,10.24,10.56,10.24,12349084.0,129194918.0,2.136,0.22
002107,沃华医药,6.57,6.56,6.57,6.4,6.35,6.65,6.35,15617400.0,102221053.0,2.656,0.17
002108,沧州明珠,4.45,4.45,4.46,4.43,4.44,4.47,4.39,25284702.0,112422053.0,0.451,0.02
002109,ST兴化,2.78,2.78,2.79,2.78,2.78,2.86,2.76,9261301.0,25974905.0,0.0,0.0
002110,三钢闽光,3.05,3.04,3.05,3.08,3.06,3.07,3.0,21079490.0,63900469.0,-0.974,-0.03
002111,威海广泰,9.41,9.4,9.41,9.58,9.53,9.54,9.11,12612300.0,117772985.0,-1.775,-0.17
002112,三变科技,15.34,15.34,15.35,15.45,15.37,15.4,15.09,10035530.0,153435122.0,-0.712,-0.11
002114,罗平锌电,7.69,7.68,7.69,7.67,7.6,7.74,7.59,7649600.0,58684393.0,0.261,0.02
002115,三维通信,10.78,10.77,10.78,10.62,10.67,10.78,10.59,45394513.0,486408790.0,1.507,0.16
002116,中国海诚,7.24,7.24,7.25,7.33,7.28,7.33,7.19,2721220.0,19671532.0,-1.228,-0.09
002117,东港股份,8.07,8.06,8.07,8.13,8.11,8.17,8.05,6041150.0,48847556.0,-0.738,-0.06
002119,康强电子,23.62,23.62,23.63,22.51,22.88,23.78,22.33,42381160.0,980528536.0,4.931,1.11
002120,韵达股份,6.69,6.69,6.7,6.68,6.69,6.73,6.62,31575051.0,210541402.0,0.15,0.01
002121,科陆电子,4.91,4.9,4.91,5.03,4.96,5.0,4.78,43347550.0,211023810.0,-2.386,-0.12
002122,ST汇洲,2.82,2.82,2.83,2.79,2.78,2.87,2.78,20792000.0,58901511.0,1.075,0.03
002123,梦网科技,8.11,8.11,8.12,7.95,7.95,8.38,7.9,27075457.0,219492463.0,2.013,0.16
002124,天邦食品,2.31,2.31,2.32,2.26,2.26,2.32,2.24,78865823.0,180744289.0,2.212,0.05
002125,湘潭电化,13.18,13.17,13.18,12.9,12.81,13.25,12.66,33366659.0,433119008.0,2.171,0.28
002126,银轮股份,42.3,42.3,42.31,40.74,41.0,42.45,40.5,17006215.0,712012377.0,3.829,1.56
002127,南极电商,2.9,2.9,2.91,2.91,2.91,2.93,2.87,25727400.0,74521732.0,-0.344,-0.01
002128,电投能源,28.35,28.35,28.36,27.53,27.41,28.46,27.3,14295661.0,401590309.0,2.979,0.82
002129,TCL中环,9.19,9.19,9.2,9.24,9.21,9.23,9.01,84360139.0,769858735.0,-0.541,-0.05
002130,沃尔核材,17.23,17.23,17.24,17.2,17.1,17.29,16.87,30078171.0,515669567.0,0.174,0.03
002131,利欧股份,4.59,4.58,4.59,4.5,4.49,4.6,4.46,286636124.0,1308025261.0,2.0,0.09
002132,恒星科技,4.57,4.57,4.58,4.5,4.51,4.62,4.45,104845234.0,475473325.0,1.556,0.07
002133,广宇集团,2.78,2.77,2.78,2.78,2.78,2.81,2.76,11297300.0,31411544.0,0.0,0.0
002134,天津普林,22.63,22.63,0.0,20.57,21.57,22.63,21.03,11481100.0,252642281.0,10.015,2.06
002135,东南网架,6.73,6.72,6.73,6.56,6.56,6.77,6.48,13560579.0,90723074.0,2.591,0.17
002136,安 纳 达,12.59,12.59,12.6,12.7,12.69,12.79,12.57,4375000.0,55275820.0,-0.866,-0.11
002137,实益达,7.66,7.65,7.66,7.57,7.53,7.68,7.51,11029100.0,84047633.0,1.189,0.09
002138,顺络电子,48.26,48.26,48.27,46.89,47.25,48.84,46.85,25687906.0,1232004538.0,2.922,1.37
002139,拓邦股份,9.64,9.63,9.64,9.62,9.6,9.65,9.57,8642634.0,83148620.0,0.208,0.02
002140,东华科技,9.19,9.19,9.2,9.17,9.16,9.21,9.07,5359674.0,49009561.0,0.218,0.02
002141,贤丰控股,6.27,6.27,6.28,5.96,5.98,6.34,5.86,149153756.0,921054218.0,5.201,0.31
002142,宁波银行,33.75,33.75,33.77,34.04,34.03,34.15,33.6,27060928.0,915632556.0,-0.852,-0.29
002144,宏达高科,11.09,11.08,11.09,11.2,11.12,11.25,11.04,3154900.0,35082791.0,-0.982,-0.11
002145,钛能化学,4.4,4.39,4.4,4.41,4.38,4.42,4.34,29234073.0,127984301.0,-0.227,-0.01
002146,荣盛发展,1.17,1.17,1.18,1.18,1.17,1.19,1.16,87075500.0,102117495.0,-0.847,-0.01
002148,北纬科技,6.28,6.28,6.29,6.32,6.3,6.35,6.24,9960433.0,62576501.0,-0.633,-0.04
002149,西部材料,36.37,36.36,36.37,35.95,35.74,36.62,35.7,17369136.0,629815082.0,1.168,0.42
002150,正泰电源,22.52,22.52,22.53,22.7,22.61,22.75,21.35,12849273.0,283098523.0,-0.793,-0.18
002151,北斗星通,29.22,29.21,29.22,28.27,28.58,29.46,28.35,15311542.0,441907739.0,3.36,0.95
002152,广电运通,9.85,9.84,9.85,9.87,9.89,9.93,9.8,19012474.0,187542818.0,-0.203,-0.02
002153,石基信息,7.72,7.72,7.73,7.75,7.73,7.79,7.67,16771385.0,129280154.0,-0.387,-0.03
002154,报 喜 鸟,4.09,4.08,4.09,4.06,4.05,4.1,4.0,19986714.0,80828619.0,0.739,0.03
002155,湖南黄金,27.02,27.02,0.0,24.56,27.02,27.02,27.02,14198088.0,383632338.0,10.016,2.46
002156,通富微电,63.73,63.73,63.74,61.25,61.88,63.87,61.14,86562956.0,5444875085.0,4.049,2.48
002157,正邦科技,2.99,2.99,3.0,2.96,2.95,3.01,2.93,107880822.0,321456937.0,1.014,0.03
002158,汉钟精机,27.85,27.84,27.85,25.7,25.66,28.02,25.66,15490889.0,421980529.0,8.366,2.15
002159,三特索道,13.59,13.59,13.6,13.59,13.57,13.64,13.44,2135500.0,28933266.0,0.0,0.0
002160,常铝股份,4.11,4.1,4.11,4.09,4.09,4.14,4.05,16544020.0,67659293.0,0.489,0.02
002161,远 望 谷,6.38,6.37,6.38,6.14,6.15,6.44,6.09,27896139.0,176743253.0,3.909,0.24
002162,悦心健康,4.06,4.05,4.06,4.05,4.05,4.08,4.01,7409481.0,29990143.0,0.247,0.01
002163,海南发展,8.57,8.57,8.58,8.4,8.48,8.65,8.33,29586416.0,253072761.0,2.024,0.17
002164,宁波东力,10.88,10.87,10.88,11.15,11.11,11.15,10.78,17353712.0,189381700.0,-2.422,-0.27
002165,红 宝 丽,7.61,7.61,7.62,7.45,7.35,8.02,7.26,127626799.0,971228233.0,2.148,0.16
002166,莱茵生物,6.9,6.89,6.9,6.82,6.81,6.91,6.79,9385969.0,64423732.0,1.173,0.08
002167,东方锆业,17.28,17.28,17.29,16.51,16.35,17.37,16.3,79081339.0,1341368798.0,4.664,0.77
002168,ST惠程,3.87,3.86,3.87,3.97,3.96,3.97,3.78,7896001.0,30741462.0,-2.519,-0.1
002169,智光电气,12.29,12.28,12.29,12.17,12.13,12.33,12.07,11554820.0,141313791.0,0.986,0.12
002170,芭田股份,11.66,11.66,11.67,11.34,11.3,11.69,11.26,23910123.0,275547962.0,2.822,0.32
002171,楚江新材,10.05,10.04,10.05,9.9,9.81,10.05,9.76,43205496.0,428567889.0,1.515,0.15
002172,澳洋健康,4.72,4.72,4.73,4.74,4.7,4.86,4.54,233964919.0,1098624308.0,-0.422,-0.02
002173,创新医疗,18.85,18.85,18.86,18.84,18.4,18.86,18.29,31393017.0,585476839.0,0.053,0.01
002174,游族网络,12.07,12.06,12.07,11.96,11.94,12.08,11.78,19997700.0,239251988.0,0.92,0.11
002175,*ST东智,2.61,2.6,2.61,2.62,2.62,2.71,2.6,23889300.0,63234067.0,-0.382,-0.01
002176,江特电机,8.91,8.9,8.91,8.93,8.79,8.93,8.62,82585013.0,725206526.0,-0.224,-0.02
002177,御银股份,6.16,6.15,6.16,6.06,5.98,6.2,5.97,51543656.0,315043208.0,1.65,0.1
002178,延华智能,4.63,4.62,4.63,4.64,4.62,4.66,4.6,8350500.0,38665249.0,-0.216,-0.01
002179,中航光电,35.5,35.5,35.51,33.37,34.99,35.66,34.25,45307506.0,1588892508.0,6.383,2.13
002180,奔图科技,17.41,17.4,17.41,16.81,17.05,17.6,16.97,11870954.0,204331654.0,3.569,0.6
002181,粤 传 媒,8.42,8.41,8.42,8.32,8.37,8.42,8.21,16105373.0,134902173.0,1.202,0.1
002182,宝武镁业,12.33,12.33,12.34,12.29,12.17,12.43,12.02,18025500.0,221752090.0,0.325,0.04
002183,怡 亚 通,4.6,4.59,4.6,4.52,4.52,4.61,4.51,36050666.0,164561940.0,1.77,0.08
002184,海得控制,10.15,10.14,10.15,10.15,10.08,10.16,10.0,4118000.0,41568233.0,0.0,0.0
002185,华天科技,17.18,17.18,17.19,16.66,16.96,17.26,16.67,218271409.0,3719163628.0,3.121,0.52
002186,全 聚 德,9.44,9.44,9.45,9.51,9.45,9.52,9.41,3566800.0,33696222.0,-0.736,-0.07
002187,广百股份,5.5,5.5,5.51,5.51,5.48,5.55,5.44,8550900.0,47115239.0,-0.181,-0.01
002188,中天服务,5.55,5.54,5.55,5.57,5.59,5.59,5.48,8147700.0,45085824.0,-0.359,-0.02
002189,中光学,18.83,18.83,18.84,18.51,18.51,18.94,18.41,2665600.0,50033053.0,1.729,0.32
002190,成飞集成,25.52,25.52,0.0,23.2,23.27,25.52,22.96,22498152.0,561663454.0,10.0,2.32
002191,劲嘉股份,3.73,3.73,3.74,3.76,3.74,3.76,3.72,7636982.0,28524586.0,-0.798,-0.03
002192,融捷股份,73.69,73.69,73.7,72.17,71.98,74.19,70.63,24650219.0,1783096527.0,2.106,1.52
002193,ST如意,4.89,4.88,4.89,4.95,4.96,5.04,4.87,4250200.0,21071346.0,-1.212,-0.06
002194,武汉凡谷,10.38,10.38,10.39,10.3,10.1,10.47,10.1,39344735.0,407247295.0,0.777,0.08
002195,岩山科技,6.41,6.41,6.42,6.34,6.36,6.44,6.31,78023708.0,499250305.0,1.104,0.07
002196,方正电机,10.6,10.59,10.6,10.49,10.45,10.6,10.41,11580440.0,122259393.0,1.049,0.11
002197,证通电子,7.01,7.0,7.01,6.84,6.8,7.04,6.79,23016060.0,159433842.0,2.485,0.17
002198,ST嘉应,3.47,3.47,3.48,3.51,3.47,3.52,3.44,5251900.0,18194878.0,-1.14,-0.04
002199,东晶电子,12.44,12.43,12.44,12.25,12.25,12.52,12.13,5431000.0,67368026.0,1.551,0.19
002200,交投生态,6.96,6.95,6.96,6.98,7.0,7.06,6.84,3963500.0,27560879.0,-0.287,-0.02
002201,九鼎新材,8.29,8.29,8.3,8.17,8.19,8.33,8.11,9646838.0,79712819.0,1.469,0.12
002202,金风科技,18.74,18.73,18.74,18.61,18.45,18.76,18.35,90337011.0,1681094485.0,0.699,0.13
002203,海亮股份,20.29,20.28,20.29,19.33,19.28,20.6,19.2,35001951.0,700711036.0,4.966,0.96
002204,大连重工,5.21,5.21,5.22,5.23,5.23,5.23,5.17,16136500.0,83840536.0,-0.382,-0.02
002205,国统股份,10.65,10.65,10.66,10.84,10.73,10.84,10.62,2796500.0,29942516.0,-1.753,-0.19
002206,海 利 得,5.27,5.27,5.28,5.27,5.27,5.3,5.23,6091000.0,32045929.0,0.0,0.0
002207,*ST准油,5.77,5.76,5.77,5.8,5.79,5.8,5.72,4776000.0,27485191.0,-0.517,-0.03
002208,合肥城建,10.75,10.74,10.75,10.43,10.38,10.87,10.35,25950867.0,275685644.0,3.068,0.32
002209,达 意 隆,13.08,13.08,13.09,13.05,12.89,13.1,12.81,9285700.0,120454764.0,0.23,0.03
002210,飞马国际,2.37,2.37,2.38,2.34,2.35,2.39,2.33,80881000.0,191138454.0,1.282,0.03
002211,ST宏达,3.82,3.81,3.82,3.85,3.83,3.85,3.8,5408300.0,20639127.0,-0.779,-0.03
002212,天融信,6.3,6.3,6.31,6.22,6.26,6.34,6.19,40008834.0,250551465.0,1.286,0.08
002213,大为股份,31.09,31.09,31.1,31.18,31.1,31.62,30.65,16414519.0,511361705.0,-0.289,-0.09
002214,大立科技,14.85,14.85,14.86,14.91,14.89,15.11,14.7,6640614.0,98758132.0,-0.402,-0.06
002215,诺 普 信,10.49,10.48,10.49,10.04,10.04,10.55,10.02,55198922.0,566984769.0,4.482,0.45
002216,三全食品,12.07,12.07,12.08,11.9,11.9,12.12,11.86,6776846.0,81131275.0,1.429,0.17
002217,ST合力泰,1.48,1.48,1.49,1.49,1.48,1.49,1.47,83679880.0,123865268.0,-0.671,-0.01
002218,拓日新能,3.98,3.97,3.98,3.96,3.93,3.98,3.86,23878481.0,94288792.0,0.505,0.02
002219,新里程,2.28,2.28,2.29,2.2,2.2,2.36,2.19,187910298.0,430741518.0,3.636,0.08
002221,东华能源,5.64,5.64,5.65,5.56,5.56,5.7,5.52,20692713.0,116081166.0,1.439,0.08
002222,福晶科技,67.63,67.63,67.64,64.9,65.78,68.5,64.76,24576223.0,1644499366.0,4.206,2.73
002223,鱼跃医疗,26.37,26.36,26.37,26.36,26.32,26.49,26.15,6080704.0,159915104.0,0.038,0.01
002224,三 力 士,3.72,3.72,3.73,3.78,3.74,3.78,3.7,18040300.0,67237557.0,-1.587,-0.06
002225,濮耐股份,3.67,3.66,3.67,3.65,3.63,3.68,3.6,13915200.0,50741776.0,0.548,0.02
002226,江南化工,5.12,5.11,5.12,5.07,5.06,5.18,5.04,17974300.0,91674756.0,0.986,0.05
002227,*ST特迅,6.48,6.48,6.49,6.52,6.54,6.54,6.39,2202200.0,14179063.0,-0.613,-0.04
002228,合兴包装,3.21,3.21,3.22,3.19,3.18,3.22,3.17,16459187.0,52659003.0,0.627,0.02
002229,鸿博股份,11.17,11.16,11.17,10.94,11.08,11.3,10.9,44557673.0,495619943.0,2.102,0.23
002230,科大讯飞,39.77,39.76,39.77,39.66,39.67,39.78,39.29,22899650.0,906278031.0,0.277,0.11
002232,启明信息,14.21,14.21,14.22,14.12,14.15,14.26,14.05,2545800.0,36081117.0,0.637,0.09
002233,塔牌集团,7.37,7.36,7.37,7.42,7.4,7.42,7.25,8554557.0,62787897.0,-0.674,-0.05
002234,民和股份,8.1,8.1,8.11,8.02,8.0,8.12,7.95,4418384.0,35603009.0,0.998,0.08
002235,安妮股份,8.68,8.68,8.69,8.77,8.73,8.78,8.6,23148000.0,200675756.0,-1.026,-0.09
002236,大华股份,16.29,16.28,16.29,16.23,16.25,16.3,16.18,25223860.0,410039429.0,0.37,0.06
002237,恒邦股份,15.36,15.36,15.37,14.92,14.79,15.6,14.77,54565103.0,836448844.0,2.949,0.44
002238,天威视讯,6.54,6.53,6.54,6.66,6.68,6.68,6.51,9370124.0,61567007.0,-1.802,-0.12
002239,奥特佳,2.6,2.59,2.6,2.56,2.58,2.61,2.56,72426412.0,187686011.0,1.563,0.04
002240,盛新锂能,32.02,32.02,32.03,31.82,31.61,32.1,31.0,33691396.0,1067344650.0,0.629,0.2
002241,歌尔股份,23.89,23.89,23.9,23.82,23.62,24.22,23.5,96784095.0,2307107412.0,0.294,0.07
002242,九阳股份,8.33,8.32,8.33,8.37,8.37,8.37,8.27,4381272.0,36448199.0,-0.478,-0.04
002243,力合科创,7.52,7.52,7.53,7.49,7.47,7.55,7.44,9790900.0,73370022.0,0.401,0.03
002244,滨江集团,9.26,9.26,9.27,9.36,9.29,9.43,9.17,20484502.0,189592043.0,-1.068,-0.1
002245,蔚蓝锂芯,17.85,17.84,17.85,17.47,17.57,17.97,17.28,46483240.0,822187814.0,2.175,0.38
002246,北化股份,20.02,20.01,20.02,19.56,19.54,20.19,19.4,11987268.0,238813377.0,2.352,0.46
002247,聚力文化,2.43,2.43,2.44,2.43,2.43,2.44,2.4,15292699.0,37108213.0,0.0,0.0
002248,华东数控,9.99,9.99,10.0,9.81,9.72,10.05,9.72,33920110.0,337163505.0,1.835,0.18
002249,大洋电机,6.71,6.71,6.72,6.66,6.65,6.72,6.61,37488358.0,250041126.0,0.751,0.05
002250,联化科技,15.35,15.35,15.36,15.67,15.52,15.76,15.15,12779111.0,196565379.0,-2.042,-0.32
002251,步步高,3.7,3.7,3.71,3.67,3.65,3.74,3.61,77265927.0,285037585.0,0.817,0.03
002252,上海莱士,4.95,4.95,4.96,4.96,4.95,4.96,4.85,40080780.0,196907698.0,-0.202,-0.01
002253,川大智胜,9.68,9.67,9.68,9.69,9.68,9.74,9.62,2622200.0,25377863.0,-0.103,-0.01
002254,泰和新材,12.77,12.76,12.77,12.28,12.26,12.77,12.23,21358596.0,269938503.0,3.99,0.49
002255,海陆重工,7.84,7.84,7.85,7.84,7.73,7.86,7.71,9014385.0,70407585.0,0.0,0.0
002256,兆新股份,3.44,3.43,3.44,3.41,3.38,3.46,3.35,52399579.0,178786592.0,0.88,0.03
002258,利尔化学,14.16,14.15,14.16,14.07,14.07,14.29,13.93,18504591.0,261315407.0,0.64,0.09
002259,升达林业,4.13,4.13,4.14,4.11,4.07,4.17,4.07,18754652.0,77464251.0,0.487,0.02
002261,拓维信息,25.6,25.59,25.6,25.39,25.39,25.65,25.34,27204216.0,694055486.0,0.827,0.21
002262,恩华药业,22.02,22.02,22.03,22.13,22.09,22.13,21.71,7071643.0,154839650.0,-0.497,-0.11
002263,大东南,3.15,3.14,3.15,3.09,3.09,3.2,3.08,61828900.0,194303187.0,1.942,0.06
002264,新 华 都,6.52,6.52,6.53,6.55,6.53,6.61,6.49,9909700.0,64626250.0,-0.458,-0.03
002265,建设工业,18.56,18.55,18.56,18.38,18.39,18.9,18.3,11294385.0,210479753.0,0.979,0.18
002266,浙富控股,5.0,5.0,5.01,4.93,4.89,5.01,4.8,80932320.0,398246866.0,1.42,0.07
002267,陕天然气,6.9,6.89,6.9,7.16,7.12,7.12,6.77,19512500.0,134151093.0,-3.631,-0.26
002268,电科网安,14.11,14.1,14.11,14.01,14.02,14.28,13.96,8475469.0,119723604.0,0.714,0.1
002269,美邦服饰,1.46,1.46,1.47,1.47,1.46,1.48,1.45,37098400.0,54227383.0,-0.68,-0.01
002270,华明装备,18.83,18.82,18.83,19.39,19.24,19.4,18.21,22222077.0,415108088.0,-2.888,-0.56
002271,东方雨虹,11.38,11.37,11.38,11.13,11.1,11.44,11.03,44306911.0,498713027.0,2.246,0.25
002272,川润股份,16.81,16.81,16.82,16.4,16.55,16.87,16.11,38420092.0,638092064.0,2.5,0.41
002273,水晶光电,26.81,26.8,26.81,26.04,26.1,26.93,25.77,36356443.0,961736612.0,2.957,0.77
002274,华昌化工,6.47,0.0,0.0,6.47,0.0,0.0,0.0,0.0,0.0,0.0,0.0
002275,桂林三金,12.44,12.44,12.45,12.41,12.41,12.47,12.28,4448127.0,54928859.0,0.242,0.03
002276,万马股份,10.29,10.29,10.3,10.32,10.3,10.32,10.21,9947349.0,102120920.0,-0.291,-0.03
002277,友阿股份,6.51,6.51,6.52,6.43,6.4,6.54,6.36,28132814.0,181916702.0,1.244,0.08
002278,神开股份,8.23,8.23,8.24,8.3,8.26,8.29,8.18,7283664.0,59913455.0,-0.843,-0.07
002279,久其软件,6.41,6.41,6.42,6.35,6.36,6.43,6.33,15939430.0,101842599.0,0.945,0.06
002281,光迅科技,176.38,176.37,176.38,167.88,171.24,178.49,170.0,31342766.0,5487011171.0,5.063,8.5
002282,博深股份,6.07,6.07,6.08,6.13,6.13,6.13,6.04,4200300.0,25522973.0,-0.979,-0.06
002283,天润工业,8.59,8.59,8.6,8.59,8.49,8.64,8.39,13186800.0,112740479.0,0.0,0.0
002284,亚太股份,9.8,9.8,9.81,9.84,9.79,9.82,9.69,23110881.0,225577871.0,-0.407,-0.04
002285,世联行,2.22,2.21,2.22,2.23,2.23,2.24,2.19,37635100.0,83346987.0,-0.448,-0.01
002286,保龄宝,8.0,7.99,8.0,8.0,7.91,8.11,7.9,9358402.0,74701109.0,0.0,0.0
002287,奇正藏药,20.3,20.29,20.3,20.27,20.21,20.38,20.11,1194927.0,24207052.0,0.148,0.03
002289,宇顺电子,38.73,38.72,38.73,38.76,38.69,39.26,38.51,2901215.0,112672442.0,-0.077,-0.03
002290,禾盛新材,63.25,63.23,63.25,62.18,62.12,64.0,61.9,5891150.0,371644611.0,1.721,1.07
002291,遥望科技,5.18,5.18,5.19,5.18,5.18,5.22,5.14,14629800.0,75769663.0,0.0,0.0
002292,奥飞娱乐,8.11,8.1,8.11,8.11,8.05,8.15,7.98,26008448.0,210629098.0,0.0,0.0
002293,罗莱生活,11.45,11.45,11.46,11.49,11.42,11.58,11.31,5706597.0,65082101.0,-0.348,-0.04
002294,信立泰,32.35,32.35,32.36,32.03,32.01,32.35,31.62,13160612.0,421176047.0,0.999,0.32
002295,精艺股份,10.2,10.2,10.21,10.09,10.5,10.98,9.76,32163488.0,327449942.0,1.09,0.11
002296,辉煌科技,8.99,8.98,8.99,8.99,8.96,9.01,8.91,5003900.0,44831898.0,0.0,0.0
002297,博云新材,18.4,18.39,18.4,17.42,17.42,18.43,17.34,50131551.0,903689085.0,5.626,0.98
002298,中电鑫龙,8.11,8.11,8.12,8.12,8.08,8.14,7.95,28783138.0,231541593.0,-0.123,-0.01
002299,圣农发展,16.68,16.68,16.69,16.64,16.55,16.72,16.38,7466246.0,123719339.0,0.24,0.04
002300,太阳电缆,6.81,6.81,6.82,6.83,6.76,6.83,6.62,12943549.0,87557362.0,-0.293,-0.02
002301,齐心集团,7.73,7.73,7.74,7.7,7.7,7.79,7.64,10168350.0,78422984.0,0.39,0.03
002302,西部建设,4.78,4.77,4.78,4.78,4.74,4.8,4.73,6046371.0,28811681.0,0.0,0.0
002303,美盈森,5.08,5.07,5.08,4.83,4.82,5.16,4.8,50685200.0,255411944.0,5.176,0.25
002304,洋河股份,38.88,38.87,38.88,39.91,39.11,39.23,38.55,8569749.0,332657676.0,-2.581,-1.03
002305,*ST南置,2.12,2.11,2.12,2.12,2.11,2.12,2.09,14155700.0,29807252.0,0.0,0.0
002306,ST云网,2.06,2.05,2.06,2.12,2.1,2.14,2.05,11517200.0,23982764.0,-2.83,-0.06
002307,北新路桥,3.01,3.0,3.01,2.99,2.99,3.01,2.97,19517810.0,58428969.0,0.669,0.02
002309,中利集团,3.05,3.04,3.05,2.99,2.99,3.05,2.97,84855299.0,256746161.0,2.007,0.06
002310,东方新能,2.36,2.36,2.37,2.39,2.39,2.4,2.32,74608800.0,175228755.0,-1.255,-0.03
002311,海大集团,45.4,45.4,45.41,44.67,44.69,45.95,44.36,8631316.0,389412112.0,1.634,0.73
002312,川发龙蟒,8.43,8.42,8.43,8.28,8.26,8.45,8.21,19898882.0,166046956.0,1.812,0.15
002313,日海智能,8.62,8.62,8.63,8.66,8.58,8.67,8.43,12393100.0,106467848.0,-0.462,-0.04
002314,南山控股,2.19,2.18,2.19,2.19,2.19,2.2,2.16,13375703.0,29149256.0,0.0,0.0
002315,焦点科技,25.31,25.31,25.32,25.83,25.84,25.98,25.1,7790674.0,198127814.0,-2.013,-0.52
002316,亚联发展,4.59,4.59,4.6,4.59,4.56,4.65,4.56,9360550.0,43021839.0,0.0,0.0
002317,众生药业,26.1,26.09,26.1,24.62,24.61,26.19,24.43,28959831.0,734934717.0,6.011,1.48
002318,久立特材,19.59,19.59,19.6,19.59,19.6,19.64,18.93,9886941.0,190491901.0,0.0,0.0
002319,乐通股份,11.0,11.0,11.02,10.69,10.69,11.09,10.59,9315750.0,101153413.0,2.9,0.31
002320,海峡股份,6.57,6.57,6.58,6.48,6.47,6.99,6.38,61205539.0,407240011.0,1.389,0.09
002321,华英农业,2.11,2.1,2.11,2.06,2.06,2.12,2.04,36539100.0,76421109.0,2.427,0.05
002322,理工能科,12.44,12.44,12.45,11.96,11.96,12.51,11.9,17492213.0,213130773.0,4.013,0.48
002323,*ST雅博,1.29,1.28,1.29,1.31,1.31,1.31,1.28,38658500.0,49919909.0,-1.527,-0.02
002324,普利特,9.2,9.19,9.2,9.01,8.98,9.2,8.93,14543200.0,132425415.0,2.109,0.19
002326,永太科技,19.0,19.0,19.01,18.9,18.77,19.07,18.71,23105714.0,437544356.0,0.529,0.1
002327,富安娜,6.3,6.29,6.3,6.36,6.32,6.33,6.26,7212968.0,45361660.0,-0.943,-0.06
002328,新朋股份,7.76,7.76,7.77,7.41,7.34,7.96,7.34,47392777.0,365043717.0,4.723,0.35
002329,皇氏集团,3.92,3.91,3.92,3.88,3.88,3.97,3.85,48824344.0,191202437.0,1.031,0.04
002330,得利斯,4.19,4.18,4.19,4.12,4.1,4.2,4.09,12450453.0,51767026.0,1.699,0.07
002331,皖通科技,6.96,6.95,6.96,7.0,6.96,7.01,6.84,5860800.0,40593093.0,-0.571,-0.04
002332,仙琚制药,8.62,8.62,8.63,8.56,8.52,8.66,8.5,11812577.0,101781583.0,0.701,0.06
002333,罗普斯金,5.81,5.8,5.81,5.76,5.7,5.98,5.68,24023698.0,139859954.0,0.868,0.05
002334,英威腾,6.76,6.75,6.76,6.74,6.74,6.8,6.7,8417154.0,56842671.0,0.297,0.02
002335,科华数据,30.83,30.83,30.84,30.25,30.28,30.89,30.12,14915026.0,456924325.0,1.917,0.58
002337,赛象科技,4.69,4.68,4.69,4.74,4.72,4.75,4.67,5841800.0,27485988.0,-1.055,-0.05
002338,奥普光电,43.56,43.55,43.56,42.75,42.5,43.83,42.5,3970542.0,171771278.0,1.895,0.81
002339,积成电子,7.41,7.41,7.42,7.42,7.39,7.46,7.31,9700035.0,71710167.0,-0.135,-0.01
002340,格林美,6.65,6.64,6.65,6.66,6.6,6.66,6.54,76970903.0,508087037.0,-0.15,-0.01
002342,巨力索具,7.76,7.75,7.76,7.67,7.67,7.79,7.58,25476296.0,196943349.0,1.173,0.09
002343,慈文传媒,5.18,5.18,5.19,5.21,5.21,5.24,5.17,7330800.0,38085585.0,-0.576,-0.03
002344,海宁皮城,4.01,4.01,4.02,3.92,3.97,4.08,3.92,22797062.0,91384510.0,2.296,0.09
002345,潮宏基,9.95,9.95,9.96,9.61,9.56,10.35,9.49,33744648.0,336565073.0,3.538,0.34
002346,柘中股份,21.01,21.01,21.02,20.74,20.55,21.08,20.23,11424000.0,234984721.0,1.302,0.27
002347,泰尔股份,6.04,6.04,6.05,6.04,6.04,6.1,6.0,8807302.0,53252392.0,0.0,0.0
002348,高乐股份,11.26,11.26,11.27,11.18,11.22,11.4,11.1,13686600.0,153936026.0,0.716,0.08
002349,精华制药,7.17,7.16,7.17,7.07,7.01,7.19,7.0,17151760.0,122528798.0,1.414,0.1
002350,北京科锐,14.54,14.54,14.55,14.7,14.67,14.79,14.46,8382773.0,122352512.0,-1.088,-0.16
002351,漫步者,10.09,10.09,10.1,10.17,10.1,10.2,10.05,6398550.0,64563158.0,-0.787,-0.08
002352,顺丰控股,33.41,33.4,33.41,33.58,33.51,33.66,33.1,14091423.0,469548465.0,-0.506,-0.17
002353,杰瑞股份,136.24,136.23,136.24,137.5,134.19,139.53,131.19,25751974.0,3499470290.0,-0.916,-1.26
002354,天娱数科,7.14,7.13,7.14,7.03,7.05,7.18,7.02,161628776.0,1150695714.0,1.565,0.11
002355,兴民智通,4.91,4.9,4.91,4.91,4.86,4.94,4.81,13713500.0,67236658.0,0.0,0.0
002356,鹏飞绿能,2.8,2.8,2.81,2.81,2.8,2.82,2.78,12219369.0,34285818.0,-0.356,-0.01
002357,富临运业,11.03,11.03,11.04,11.07,11.13,11.2,10.95,8496760.0,93915301.0,-0.361,-0.04
002358,森源电气,5.48,5.48,5.49,5.49,5.45,5.48,5.39,9395400.0,51193331.0,-0.182,-0.01
002360,ST同德,5.79,5.78,5.79,5.82,5.82,5.86,5.78,2917900.0,16966740.0,-0.515,-0.03
002361,神剑股份,10.45,10.45,10.46,10.31,10.3,10.47,10.18,50154906.0,520992155.0,1.358,0.14
002362,汉王科技,15.82,15.81,15.82,15.77,15.79,15.95,15.68,2415883.0,38242341.0,0.317,0.05
002363,隆基机械,6.6,6.57,6.6,6.6,6.62,6.65,6.55,3178800.0,20927771.0,0.0,0.0
002364,中恒电气,38.63,38.63,38.64,38.4,39.0,39.0,37.4,30278125.0,1159170239.0,0.599,0.23
002365,永安药业,14.94,14.94,14.95,15.03,14.9,15.4,14.52,44071170.0,657499644.0,-0.599,-0.09
002366,融发核电,6.17,6.17,6.18,6.24,6.05,6.21,5.98,102920801.0,629973851.0,-1.122,-0.07
002367,康力电梯,5.45,5.44,5.45,5.45,5.43,5.55,5.38,11889000.0,64872896.0,0.0,0.0
002368,太极股份,13.75,13.74,13.75,13.66,13.64,13.93,13.56,5501473.0,75661926.0,0.659,0.09
002369,卓翼科技,6.34,6.33,6.34,6.16,6.19,6.78,6.1,56572021.0,364003310.0,2.922,0.18
002370,亚太药业,5.6,5.59,5.6,5.56,5.55,5.68,5.48,21237106.0,118710392.0,0.719,0.04
002371,北方华创,718.0,718.0,718.38,700.7,700.8,720.0,693.7,6155403.0,4375977975.0,2.469,17.3
002372,伟星新材,8.58,8.58,8.59,8.68,8.67,8.68,8.49,9115248.0,78035432.0,-1.152,-0.1
002373,千方科技,7.62,7.62,7.63,7.64,7.62,7.66,7.56,10118211.0,77016287.0,-0.262,-0.02
002374,中锐股份,3.1,3.1,3.11,3.09,3.07,3.15,3.07,16674080.0,51851021.0,0.324,0.01
002375,亚厦股份,3.68,3.68,3.69,3.71,3.73,3.73,3.66,10869600.0,40072379.0,-0.809,-0.03
002376,新北洋,6.78,6.78,6.79,6.69,6.69,6.8,6.67,12189973.0,82411252.0,1.345,0.09
002377,国创高新,2.77,2.77,2.78,2.77,2.75,2.79,2.74,16571000.0,45809750.0,0.0,0.0
002378,章源钨业,25.91,25.91,25.92,25.11,24.91,25.94,24.85,35003636.0,897828882.0,3.186,0.8
002379,宏桥控股,18.7,18.69,18.7,18.41,18.3,19.03,18.22,34486824.0,644122368.0,1.575,0.29
002380,科远智慧,28.15,28.15,28.16,27.83,27.83,28.3,27.66,3286300.0,92090619.0,1.15,0.32
002381,双箭股份,5.55,5.55,5.56,5.65,5.65,5.65,5.53,4078500.0,22674334.0,-1.77,-0.1
002382,蓝帆医疗,6.13,6.12,6.13,6.05,6.01,6.15,5.98,13385501.0,81469058.0,1.322,0.08
002383,合众思壮,7.05,7.05,7.06,7.13,7.1,7.12,7.01,11910013.0,84066375.0,-1.122,-0.08
002384,东山精密,200.6,200.6,200.61,194.36,200.08,203.3,196.8,57698665.0,11562323295.0,3.211,6.24
002385,大北农,3.33,3.33,3.34,3.27,3.25,3.37,3.23,169510725.0,562923069.0,1.835,0.06
002386,天原股份,5.89,5.88,5.89,5.97,5.93,5.94,5.8,23933232.0,140405604.0,-1.34,-0.08
002387,维信诺,7.11,7.11,7.12,7.11,7.07,7.17,7.04,14504080.0,103104289.0,0.0,0.0
002388,新亚制程,6.66,6.66,6.67,6.43,6.29,6.86,6.22,80898720.0,532139441.0,3.577,0.23
002389,航天彩虹,18.09,18.09,18.1,17.92,17.85,18.15,17.81,11277556.0,203173612.0,0.949,0.17
002390,信邦制药,3.1,3.09,3.1,3.1,3.11,3.15,3.07,25319199.0,78625733.0,0.0,0.0
002391,长青股份,5.28,5.27,5.28,5.23,5.21,5.28,5.2,8326869.0,43771590.0,0.956,0.05
002392,北京利尔,7.79,7.79,7.8,7.67,7.66,7.85,7.62,11553572.0,89921950.0,1.565,0.12
002393,力生制药,14.24,14.24,14.25,14.19,14.14,14.32,14.1,1988864.0,28230509.0,0.352,0.05
002394,联发股份,10.38,10.38,10.39,10.5,10.41,10.68,10.31,7226525.0,75198990.0,-1.143,-0.12
002395,双象股份,12.55,12.53,12.55,12.77,12.67,12.76,12.43,8399633.0,105016383.0,-1.723,-0.22
002396,星网锐捷,33.35,33.35,0.0,30.32,31.01,33.35,30.3,102361509.0,3237273230.0,9.993,3.03
002397,梦洁股份,3.6,3.6,3.61,3.63,3.63,3.65,3.6,13308800.0,48145792.0,-0.826,-0.03
002398,垒知集团,4.21,4.2,4.21,4.25,4.25,4.25,4.17,9376300.0,39431554.0,-0.941,-0.04
002399,海普瑞,10.6,10.59,10.6,10.4,10.38,10.6,10.31,6685978.0,69911252.0,1.923,0.2
002400,省广集团,6.46,6.46,6.47,6.43,6.43,6.47,6.41,47420993.0,305678822.0,0.467,0.03
002401,中远海科,12.27,12.27,12.28,12.39,12.34,12.41,12.22,2201240.0,27071725.0,-0.969,-0.12
002402,和而泰,19.15,19.15,19.16,18.79,18.78,19.18,18.7,19759683.0,375597202.0,1.916,0.36
002403,爱仕达,9.17,9.17,9.18,9.21,9.18,9.34,9.14,3461100.0,31902394.0,-0.434,-0.04
002404,嘉欣丝绸,5.74,5.74,5.75,5.78,5.78,5.8,5.72,6812550.0,39123029.0,-0.692,-0.04
002405,四维图新,6.36,6.36,6.37,6.38,6.36,6.39,6.31,24977867.0,158564168.0,-0.313,-0.02
002406,远东传动,6.74,6.74,6.75,6.72,6.7,6.76,6.68,7608977.0,51152062.0,0.298,0.02
002407,多氟多,35.12,35.12,35.13,34.05,34.03,35.25,33.85,107543406.0,3743461469.0,3.142,1.07
002408,齐翔腾达,5.45,5.45,5.46,5.39,5.37,5.5,5.34,28051319.0,152043255.0,1.113,0.06
002409,雅克科技,143.91,143.9,143.91,135.23,137.03,144.0,136.15,19886903.0,2807152935.0,6.419,8.68
002410,广联达,8.79,8.79,8.8,8.79,8.77,8.87,8.65,23707099.0,207720342.0,0.0,0.0
002412,汉森制药,14.02,14.02,14.03,13.09,13.23,14.23,13.21,174113541.0,2389191350.0,7.105,0.93
002413,雷科防务,7.95,7.95,7.96,7.8,7.8,7.96,7.76,31767386.0,250906745.0,1.923,0.15
002414,高德红外,12.95,12.94,12.95,12.83,12.8,12.98,12.66,77575719.0,995452264.0,0.935,0.12
002415,海康威视,35.29,35.29,35.3,34.78,34.78,35.34,34.6,54646677.0,1917161041.0,1.466,0.51
002416,爱施德,9.39,9.38,9.39,9.36,9.38,9.45,9.32,11396823.0,106868227.0,0.321,0.03
002418,康盛股份,4.91,4.91,0.0,4.46,4.54,4.91,4.54,256072436.0,1227785884.0,10.09,0.45
002419,天虹股份,4.65,4.65,4.66,4.65,4.64,4.7,4.58,12841745.0,59511837.0,0.0,0.0
002420,毅昌科技,5.94,5.94,5.95,5.96,5.94,5.99,5.91,4826100.0,28712830.0,-0.336,-0.02
002421,达实智能,3.23,3.23,3.24,3.16,3.17,3.24,3.15,122623497.0,393374466.0,2.215,0.07
002422,科伦药业,42.28,42.27,42.28,43.64,43.19,43.78,41.26,40193289.0,1694092226.0,-3.116,-1.36
002423,中粮资本,9.98,9.98,9.99,9.72,9.65,10.0,9.61,47693287.0,468519010.0,2.675,0.26
002424,ST百灵,4.6,4.59,4.6,4.6,4.6,4.65,4.57,7230900.0,33285475.0,0.0,0.0
002425,凯撒文化,3.17,3.16,3.17,3.15,3.14,3.18,3.13,25160800.0,79394729.0,0.635,0.02
002426,胜利精密,2.72,2.71,2.72,2.68,2.67,2.72,2.66,58080975.0,157208274.0,1.493,0.04
002427,尤夫股份,4.72,4.71,4.72,4.81,4.66,4.77,4.66,50954516.0,240166803.0,-1.871,-0.09
002428,云南锗业,101.36,101.36,101.37,93.47,94.51,102.82,93.6,85649651.0,8458360802.0,8.441,7.89
002429,兆驰股份,8.38,8.38,8.39,7.92,7.98,8.55,7.94,83283042.0,690689175.0,5.808,0.46
002430,杭氧股份,24.65,24.64,24.65,24.13,23.7,24.85,23.6,26159925.0,635975568.0,2.155,0.52
002431,ST棕榈,1.44,1.43,1.44,1.46,1.43,1.45,1.42,27142307.0,38942682.0,-1.37,-0.02
002432,九安医疗,69.41,69.41,69.42,67.11,68.06,69.95,66.9,25496942.0,1749582365.0,3.427,2.3
002434,万里扬,5.79,5.79,5.8,5.8,5.79,5.84,5.74,10667101.0,61671494.0,-0.172,-0.01
002436,兴森科技,35.7,35.7,35.71,33.3,33.94,35.9,33.36,120237980.0,4186033713.0,7.207,2.4
002437,誉衡药业,4.42,4.41,4.42,4.14,4.2,4.55,4.15,760217355.0,3366709896.0,6.763,0.28
002438,江苏神通,13.83,13.82,13.83,13.84,13.75,13.86,13.65,5407283.0,74375244.0,-0.072,-0.01
002439,启明星辰,13.42,13.42,13.43,13.35,13.4,13.45,13.31,10909410.0,146055053.0,0.524,0.07
002440,闰土股份,13.07,13.07,13.08,12.6,12.7,13.15,12.45,51396369.0,658877783.0,3.73,0.47
002441,众业达,8.23,8.23,8.24,8.05,8.18,8.32,8.12,10256100.0,84202183.0,2.236,0.18
002442,龙星科技,5.22,5.21,5.22,5.08,5.05,5.24,5.05,16949600.0,87946279.0,2.756,0.14
002443,金洲管道,9.83,9.82,9.83,9.6,9.53,9.92,9.48,20038637.0,195409523.0,2.396,0.23
002444,巨星科技,30.72,30.7,30.72,30.26,30.89,31.33,30.39,10135300.0,310930375.0,1.52,0.46
002445,中南文化,3.67,3.66,3.67,3.6,3.5,3.74,3.42,279794183.0,998482556.0,1.944,0.07
002446,盛路通信,8.43,8.43,8.44,8.42,8.37,8.51,8.33,17579172.0,148376455.0,0.119,0.01
002448,中原内配,12.16,12.16,12.17,12.53,12.16,12.35,11.68,40697252.0,486399859.0,-2.953,-0.37
002449,国星光电,6.62,6.62,6.63,6.61,6.6,6.62,6.56,14760824.0,97283621.0,0.151,0.01
002451,摩恩电气,7.79,7.79,7.8,7.94,7.9,7.91,7.78,25983341.0,203381439.0,-1.889,-0.15
002452,长高电气,11.34,11.33,11.34,11.44,11.38,11.43,11.21,14490445.0,163908718.0,-0.874,-0.1
002453,华软科技,4.53,4.52,4.53,4.51,4.5,4.58,4.47,10848000.0,49090943.0,0.443,0.02
002454,松芝股份,5.16,5.16,5.17,5.19,5.16,5.21,5.12,7827140.0,40352857.0,-0.578,-0.03
002455,百川股份,7.78,7.77,7.78,7.7,7.65,7.8,7.6,60088074.0,465585956.0,1.039,0.08
002456,欧菲光,7.58,7.58,7.59,7.18,7.18,7.63,7.14,166804912.0,1248286009.0,5.571,0.4
002457,青龙管业,11.05,11.04,11.05,11.0,11.0,11.06,10.87,13640302.0,149807230.0,0.455,0.05
002458,益生股份,8.94,8.94,8.95,8.85,8.85,9.0,8.77,35377938.0,314340260.0,1.017,0.09
002459,晶澳科技,7.18,7.17,7.18,7.27,7.24,7.25,7.06,31086329.0,222009866.0,-1.238,-0.09
002460,赣锋锂业,54.13,54.13,54.14,53.5,53.25,54.15,52.8,27957659.0,1498462526.0,1.178,0.63
002461,珠江啤酒,8.63,8.63,8.64,8.69,8.69,8.69,8.55,3603257.0,31044077.0,-0.69,-0.06
002462,嘉事堂,12.29,12.29,12.3,12.36,12.35,12.43,12.25,2645300.0,32608428.0,-0.566,-0.07
002463,沪电股份,122.02,122.02,122.03,119.22,122.0,124.39,118.91,63023888.0,7676878237.0,2.349,2.8
002465,海格通信,10.16,10.15,10.16,10.0,9.96,10.17,9.94,33352595.0,336377498.0,1.6,0.16
002466,天齐锂业,48.23,48.22,48.23,47.56,47.55,48.25,46.89,33930699.0,1616129897.0,1.409,0.67
002467,二六三,4.58,4.57,4.58,4.55,4.54,4.58,4.53,20465720.0,93324838.0,0.659,0.03
002468,申通快递,14.04,14.03,14.04,14.03,14.0,14.04,13.85,14184943.0,197867968.0,0.071,0.01
002469,三维化学,6.52,6.52,6.53,6.52,6.42,6.52,6.31,21971603.0,140781179.0,0.0,0.0
002470,金正大,2.08,2.07,2.08,2.01,2.01,2.09,1.99,183075200.0,377655716.0,3.483,0.07
002471,中超控股,5.39,5.38,5.39,5.38,5.37,5.42,5.3,26145472.0,140631582.0,0.186,0.01
002472,双环传动,35.79,35.79,35.8,35.6,35.5,35.87,35.35,12840030.0,457620866.0,0.534,0.19
002474,榕基软件,6.22,6.22,6.23,6.2,6.22,6.27,6.16,10623825.0,66044715.0,0.323,0.02
002475,立讯精密,57.18,57.18,57.19,57.11,57.7,57.77,56.12,111096178.0,6333030050.0,0.123,0.07
002476,新叶股份,5.04,5.03,5.04,5.06,5.05,5.09,4.99,8250810.0,41460443.0,-0.395,-0.02
002478,常宝股份,6.86,6.86,6.87,6.81,6.81,6.87,6.68,31686889.0,215420787.0,0.734,0.05
002479,富春环保,5.82,5.82,5.83,5.91,5.87,5.91,5.81,15229610.0,89192752.0,-1.523,-0.09
002480,新筑股份,5.47,5.46,5.47,5.43,5.38,5.49,5.35,5127540.0,27820343.0,0.737,0.04
002481,双塔食品,4.29,4.28,4.29,4.25,4.25,4.31,4.22,11564765.0,49449343.0,0.941,0.04
002482,广田集团,1.3,1.3,1.31,1.32,1.31,1.32,1.29,47142075.0,61580406.0,-1.515,-0.02
002483,润邦股份,5.34,5.34,5.35,5.33,5.35,5.35,5.28,9084459.0,48261150.0,0.188,0.01
002484,江海股份,62.1,62.09,62.1,59.59,61.0,62.89,59.52,35242340.0,2164068301.0,4.212,2.51
002485,ST雪发,5.95,5.93,5.95,5.92,5.96,5.99,5.86,1482402.0,8765496.0,0.507,0.03
002486,嘉麟杰,2.68,2.68,2.69,2.7,2.71,2.71,2.65,28794200.0,76988435.0,-0.741,-0.02
002487,大金重工,35.41,35.41,35.42,35.26,35.0,35.48,34.36,16390947.0,572512617.0,0.425,0.15
002488,金固股份,8.1,8.1,8.11,8.11,8.08,8.13,8.01,11764150.0,94960885.0,-0.123,-0.01
002489,浙江永强,2.81,2.8,2.81,2.81,2.83,2.83,2.78,15246300.0,42622174.0,0.0,0.0
002490,山东墨龙,8.08,8.07,8.08,8.05,7.99,8.14,7.88,43291200.0,348151024.0,0.373,0.03
002491,通鼎互联,23.64,23.64,23.65,22.48,22.44,24.2,22.15,302119482.0,7083337235.0,5.16,1.16
002492,恒基达鑫,5.6,5.6,5.61,5.66,5.66,5.69,5.6,4789700.0,26999731.0,-1.06,-0.06
002493,荣盛石化,14.37,14.36,14.37,13.76,13.75,14.49,13.58,59044661.0,830206497.0,4.433,0.61
002494,华斯股份,4.76,4.76,4.77,4.79,4.79,4.82,4.74,8127700.0,38828050.0,-0.626,-0.03
002495,佳隆股份,2.4,2.4,2.41,2.42,2.42,2.42,2.38,15927200.0,38238283.0,-0.826,-0.02
002496,辉丰股份,2.17,2.16,2.17,2.1,2.11,2.17,2.1,38088800.0,81668117.0,3.333,0.07
002497,雅化集团,18.95,18.95,18.96,18.95,18.85,18.98,18.55,36866668.0,692628253.0,0.0,0.0
002498,汉缆股份,6.43,6.42,6.43,6.39,6.33,6.43,6.23,57509603.0,365875064.0,0.626,0.04
002500,山西证券,5.47,5.47,5.48,5.49,5.49,5.53,5.42,37620295.0,206106350.0,-0.364,-0.02
002501,*ST利源,1.29,1.29,1.3,1.31,1.31,1.31,1.28,27925100.0,36141284.0,-1.527,-0.02
002506,协鑫集成,2.7,2.69,2.7,2.75,2.71,2.73,2.65,240458075.0,647832415.0,-1.818,-0.05
002507,涪陵榨菜,11.25,11.24,11.25,11.34,11.34,11.37,11.17,9867900.0,110790540.0,-0.794,-0.09
002508,老板电器,16.3,16.3,16.31,16.5,16.43,16.51,16.22,7784360.0,126993417.0,-1.212,-0.2
002510,天汽模,5.65,5.65,5.66,5.65,5.63,5.68,5.58,12948772.0,72926286.0,0.0,0.0
002511,中顺洁柔,7.08,7.07,7.08,7.13,7.12,7.15,7.02,11543952.0,81570118.0,-0.701,-0.05
002512,ST达华,4.11,4.1,4.11,4.05,4.03,4.12,4.01,16357700.0,66714952.0,1.481,0.06
002513,蓝丰生化,5.32,5.32,5.33,5.4,5.35,5.44,5.29,8267350.0,44205722.0,-1.481,-0.08
002514,*ST宝馨,1.77,1.77,1.78,1.84,1.82,1.82,1.75,32195174.0,57293167.0,-3.804,-0.07
002515,金字火腿,8.58,8.58,0.0,7.8,7.78,8.58,7.75,158833783.0,1334343839.0,10.0,0.78
002516,旷达科技,5.38,5.37,5.38,5.36,5.36,5.4,5.31,8852800.0,47444472.0,0.373,0.02
002517,恺英网络,16.65,16.64,16.65,16.48,16.63,16.67,16.23,46844196.0,772466717.0,1.032,0.17
002518,科士达,36.93,36.93,36.94,35.48,35.48,37.0,34.15,20446058.0,733040974.0,4.087,1.45
002519,银河电子,5.52,5.52,5.53,5.42,5.44,5.53,5.39,20477944.0,112402107.0,1.845,0.1
002520,日发精机,6.34,6.33,6.34,6.21,6.21,6.35,6.16,34804223.0,219200727.0,2.093,0.13
002521,齐峰新材,6.8,6.8,6.81,6.81,6.76,6.82,6.73,4122300.0,27918261.0,-0.147,-0.01
002522,浙江众成,5.32,5.31,5.32,5.3,5.34,5.35,5.25,27062965.0,143223531.0,0.377,0.02
002523,天桥起重,3.45,3.44,3.45,3.45,3.43,3.46,3.4,17101000.0,58735032.0,0.0,0.0
002524,光正眼科,4.03,4.03,4.04,4.06,4.02,4.09,4.0,11528200.0,46484662.0,-0.739,-0.03
002526,山东矿机,2.71,2.71,2.72,2.73,2.72,2.75,2.7,24705084.0,67237796.0,-0.733,-0.02
002527,新时达,11.2,11.2,11.21,11.2,11.2,11.3,11.12,5480400.0,61448001.0,0.0,0.0
002528,*ST英飞,6.1,6.1,6.11,5.76,5.75,6.1,5.72,27090672.0,160904488.0,5.903,0.34
002529,海源复材,7.06,7.06,7.07,7.13,7.13,7.14,7.01,3394400.0,23994080.0,-0.982,-0.07
002530,金财互联,7.35,7.35,7.36,7.36,7.31,7.42,7.31,10886496.0,80046902.0,-0.136,-0.01
002531,天顺风能,6.2,6.2,6.21,6.2,6.16,6.21,6.08,21129207.0,129973844.0,0.0,0.0
002532,天山铝业,13.0,12.99,13.0,12.8,12.8,13.06,12.75,73538293.0,951810769.0,1.563,0.2
002533,金杯电工,11.33,11.33,11.34,11.21,11.22,11.34,11.06,10246240.0,114641053.0,1.07,0.12
002534,西子洁能,15.1,15.1,15.11,15.07,15.04,15.45,14.86,6736800.0,102267851.0,0.199,0.03
002535,林州重机,2.56,2.56,2.57,2.6,2.6,2.62,2.55,16112940.0,41535878.0,-1.538,-0.04
002536,飞龙股份,54.23,54.23,0.0,49.3,51.49,54.23,50.0,62335292.0,3302729426.0,10.0,4.93
002537,海联金汇,6.28,6.28,6.29,6.28,6.19,6.37,6.19,54551447.0,343074369.0,0.0,0.0
002538,ST司特,7.41,7.4,7.41,7.42,7.35,7.47,7.2,9470000.0,69632206.0,-0.135,-0.01
002539,云图控股,13.39,13.38,13.39,12.99,12.99,13.48,12.9,22852300.0,301998676.0,3.079,0.4
002540,亚太科技,5.12,5.12,5.13,5.18,5.15,5.18,5.1,7877200.0,40447736.0,-1.158,-0.06
002541,鸿路钢构,19.86,19.86,19.87,19.84,19.83,20.02,19.48,5691990.0,112547703.0,0.101,0.02
002542,*ST中岩,1.79,1.79,1.8,1.8,1.8,1.82,1.78,19215600.0,34581979.0,-0.556,-0.01
002543,万和电气,7.13,7.12,7.13,7.22,7.18,7.18,6.98,16529387.0,116794564.0,-1.247,-0.09
002544,普天科技,16.24,16.24,16.25,16.14,16.11,16.5,16.05,7924426.0,128667071.0,0.62,0.1
002545,东方铁塔,18.2,18.19,18.2,17.75,17.71,18.55,17.58,24779604.0,450773632.0,2.535,0.45
002546,新联电子,8.03,8.03,8.04,8.01,7.97,8.04,7.87,12816100.0,102249221.0,0.25,0.02
002547,*ST春兴,2.66,2.66,2.67,2.59,2.63,2.75,2.63,29268900.0,78530503.0,2.703,0.07
002548,金新农,4.29,4.28,4.29,4.18,4.19,4.3,4.14,27343802.0,116537699.0,2.632,0.11
002549,凯美特气,14.17,14.16,14.17,13.62,13.51,14.38,13.46,37054945.0,519982074.0,4.038,0.55
002550,千红制药,6.78,6.78,6.79,6.72,6.67,6.84,6.65,17017706.0,114924048.0,0.893,0.06
002551,尚荣医疗,3.37,3.36,3.37,3.39,3.37,3.41,3.35,14139876.0,47645156.0,-0.59,-0.02
002552,宝鼎科技,56.0,55.99,56.0,51.9,52.31,57.09,50.23,51880930.0,2830623676.0,7.9,4.1
002553,南方精工,15.46,15.45,15.46,15.46,15.47,15.54,15.33,5107745.0,78878295.0,0.0,0.0
002554,惠博普,2.94,2.94,2.96,2.96,2.95,2.98,2.93,14092400.0,41611899.0,-0.676,-0.02
002555,三七互娱,18.17,18.17,18.18,18.19,18.1,18.19,17.9,32099032.0,579237242.0,-0.11,-0.02
002556,辉隆股份,5.29,5.28,5.29,5.2,5.18,5.32,5.18,14718735.0,77595037.0,1.731,0.09
002557,洽洽食品,18.5,18.5,18.51,18.59,18.51,18.6,18.36,6261726.0,115628124.0,-0.484,-0.09
002558,巨人网络,27.24,27.24,27.25,26.58,26.95,27.45,26.29,83127955.0,2235123341.0,2.483,0.66
002559,亚威股份,9.2,9.19,9.2,9.02,9.03,9.24,8.99,16317020.0,149235772.0,1.996,0.18
002560,通达股份,6.16,6.16,6.17,6.14,6.1,6.18,6.05,13642374.0,83691983.0,0.326,0.02
002561,徐家汇,6.88,6.87,6.88,6.92,6.98,6.98,6.86,3914867.0,27010881.0,-0.578,-0.04
002562,兄弟科技,4.92,4.91,4.92,4.92,4.93,4.95,4.87,19252348.0,94392480.0,0.0,0.0
002563,森马服饰,5.88,5.87,5.88,5.87,5.9,5.92,5.76,14479890.0,84611351.0,0.17,0.01
002564,天沃科技,4.51,4.5,4.51,4.5,4.47,4.52,4.45,8002300.0,35897569.0,0.222,0.01
002565,顺灏股份,8.39,8.38,8.39,8.41,8.4,8.49,8.36,46719965.0,393251215.0,-0.238,-0.02
002566,益盛药业,7.0,7.0,7.01,7.0,6.96,7.06,6.92,6201400.0,43413024.0,0.0,0.0
002567,唐人神,3.8,3.79,3.8,3.76,3.76,3.81,3.73,19071049.0,72014206.0,1.064,0.04
002568,百润股份,17.49,17.49,17.5,17.62,17.54,17.66,17.4,8922218.0,156209093.0,-0.738,-0.13
002569,*ST步森,11.27,11.25,11.27,11.24,11.25,11.27,11.07,1062100.0,11887744.0,0.267,0.03
002570,贝因美,4.54,4.53,4.54,4.55,4.53,4.58,4.51,11380900.0,51704040.0,-0.22,-0.01
002571,德力股份,10.72,10.71,10.72,10.88,10.89,10.92,10.69,5015900.0,54134969.0,-1.471,-0.16
002572,索菲亚,8.07,8.06,8.07,8.25,8.2,8.28,8.03,12836500.0,104486879.0,-2.182,-0.18
002573,清新环境,3.22,3.21,3.22,3.24,3.24,3.24,3.19,12451043.0,39977498.0,-0.617,-0.02
002574,明牌珠宝,5.11,5.11,5.12,5.0,4.95,5.18,4.9,30042000.0,152514271.0,2.2,0.11
002575,群兴玩具,5.22,5.22,5.23,5.16,5.19,5.25,5.13,16358099.0,85291518.0,1.163,0.06
002576,通达动力,14.38,14.38,14.39,14.42,14.42,14.42,14.18,1876300.0,26890558.0,-0.277,-0.04
002577,雷柏科技,19.37,19.37,19.38,19.12,19.07,19.43,18.95,3167799.0,60978931.0,1.308,0.25
002578,闽发铝业,3.94,3.94,3.95,4.0,3.95,4.01,3.91,25823905.0,101798790.0,-1.5,-0.06
002579,中京电子,14.52,14.52,14.53,13.65,13.68,14.95,13.63,74337582.0,1063581278.0,6.374,0.87
002580,圣阳股份,21.72,21.71,21.72,21.63,21.0,22.49,20.8,94937539.0,2046812950.0,0.416,0.09
002581,*ST未名,5.17,5.17,5.18,5.2,5.05,5.29,4.89,16123600.0,82387984.0,-0.577,-0.03
002582,好想你,10.3,10.3,10.31,10.27,10.26,10.46,10.21,23267200.0,240305015.0,0.292,0.03
002583,海能达,8.56,8.56,8.57,8.46,8.46,8.58,8.42,20357546.0,173451630.0,1.182,0.1
002584,西陇科学,8.3,8.29,8.3,8.16,8.11,8.32,8.11,22410300.0,184606147.0,1.716,0.14
002585,双星新材,9.97,9.96,9.97,9.67,9.7,9.98,9.64,63378294.0,625969177.0,3.102,0.3
002586,ST围海,4.32,4.31,4.32,4.29,4.28,4.4,4.25,5227300.0,22550938.0,0.699,0.03
002587,奥拓电子,5.54,5.53,5.54,5.52,5.48,5.56,5.48,9159700.0,50661034.0,0.362,0.02
002588,史丹利,7.95,7.94,7.95,7.82,7.8,8.04,7.79,19372793.0,153600527.0,1.662,0.13
002589,瑞康医药,3.33,3.32,3.33,3.25,3.25,3.52,3.22,113842742.0,381525158.0,2.462,0.08
002590,万安科技,9.57,9.57,9.58,9.57,9.52,9.61,9.44,4442037.0,42387708.0,0.0,0.0
002591,恒大高新,6.4,6.4,6.41,6.4,6.39,6.44,6.33,8473500.0,54140348.0,0.0,0.0
002592,ST八菱,6.71,6.7,6.71,6.69,6.68,6.74,6.63,3551100.0,23753613.0,0.299,0.02
002593,日上集团,4.53,4.52,4.53,4.55,4.58,4.58,4.47,12938200.0,58428846.0,-0.44,-0.02
002594,比亚迪,91.49,91.48,91.49,92.09,91.7,92.18,91.17,17701439.0,1619597741.0,-0.652,-0.6
002595,豪迈科技,47.48,47.47,47.48,47.22,47.12,47.48,46.38,2997131.0,140800100.0,0.551,0.26
002596,海南瑞泽,3.3,3.3,3.31,3.28,3.28,3.31,3.24,18068100.0,59297131.0,0.61,0.02
002597,金禾实业,20.31,20.3,20.31,19.99,19.99,20.33,19.85,5407672.0,108977524.0,1.601,0.32
002598,ST章鼓,6.86,6.85,6.86,6.89,6.9,6.93,6.8,1880100.0,12879777.0,-0.435,-0.03
002599,盛通股份,5.91,5.9,5.91,5.96,5.91,5.95,5.86,5306300.0,31293225.0,-0.839,-0.05
002600,领益智造,12.5,12.49,12.5,12.25,12.28,12.53,12.22,91733588.0,1140698850.0,2.041,0.25
002601,龙佰集团,16.25,16.25,16.26,16.23,16.22,16.37,15.76,24700487.0,397445152.0,0.123,0.02
002602,世纪华通,13.92,13.92,13.93,13.95,13.98,13.99,13.67,67195004.0,930190672.0,-0.215,-0.03
002603,以岭药业,16.25,16.25,16.26,16.04,16.04,16.28,15.91,16622588.0,268132964.0,1.309,0.21
002605,姚记科技,17.36,17.35,17.36,17.57,17.5,17.54,17.22,5757565.0,99865482.0,-1.195,-0.21
002606,大连电瓷,13.08,13.07,13.08,12.92,12.94,13.17,12.77,19710039.0,256202436.0,1.238,0.16
002607,中公教育,2.1,2.1,2.11,2.08,2.1,2.11,2.06,138069962.0,288187775.0,0.962,0.02
002608,江苏国信,7.09,7.09,7.1,7.12,7.08,7.13,7.0,13229500.0,93264155.0,-0.421,-0.03
002609,捷顺科技,7.73,7.73,7.74,7.8,7.8,7.81,7.7,4429600.0,34262553.0,-0.897,-0.07
002611,东方精工,14.75,14.74,14.75,14.65,14.6,14.79,14.54,13974572.0,205149589.0,0.683,0.1
002612,朗姿股份,14.92,14.91,14.92,14.84,14.86,15.06,14.7,4847135.0,72019897.0,0.539,0.08
002613,北玻股份,3.48,3.47,3.48,3.47,3.47,3.5,3.45,18232900.0,63364258.0,0.288,0.01
002614,奥佳华,5.82,5.82,5.83,5.9,5.83,6.02,5.79,31832808.0,187935315.0,-1.356,-0.08
002615,哈尔斯,6.62,6.62,6.63,6.73,6.72,6.72,6.58,6757350.0,44715374.0,-1.634,-0.11
002616,长青集团,4.91,4.91,4.92,4.86,4.9,4.95,4.87,12049284.0,59151107.0,1.029,0.05
002617,露笑科技,6.26,6.25,6.26,6.15,6.13,6.29,6.1,56407933.0,350157229.0,1.789,0.11
002620,*ST瑞和,5.58,5.57,5.58,5.61,5.66,5.67,5.52,6515700.0,36475898.0,-0.535,-0.03
002622,皓宸医疗,2.67,2.67,2.68,2.66,2.66,2.7,2.63,27914200.0,74419568.0,0.376,0.01
002623,亚玛顿,15.98,15.95,15.98,15.98,15.96,15.98,15.73,2164453.0,34303513.0,0.0,0.0
002624,完美世界,10.89,10.89,10.9,10.91,10.94,10.95,10.75,29844883.0,323634935.0,-0.183,-0.02
002625,光启技术,28.22,28.22,28.23,28.07,28.0,28.33,27.85,18505432.0,520215616.0,0.534,0.15
002626,金达威,16.91,16.9,16.91,16.87,16.74,17.12,16.62,6666418.0,112529713.0,0.237,0.04
002627,三峡旅游,7.16,7.16,7.17,6.98,7.03,7.2,6.91,33994512.0,241701640.0,2.579,0.18
002628,成都路桥,5.28,5.28,0.0,4.8,4.76,5.28,4.74,77714844.0,402978244.0,10.0,0.48
002629,仁智股份,4.88,4.87,4.88,4.93,4.9,4.95,4.86,8281795.0,40495871.0,-1.014,-0.05
002630,*ST华西,1.66,1.65,1.66,1.67,1.68,1.68,1.65,7218320.0,11991907.0,-0.599,-0.01
002631,德尔未来,9.18,9.17,9.18,8.84,8.8,9.28,8.62,34708800.0,313251082.0,3.846,0.34
002632,道明光学,8.53,8.53,8.54,8.5,8.45,8.58,8.42,8200500.0,69886796.0,0.353,0.03
002633,申科股份,14.63,14.63,14.65,14.6,14.54,14.69,14.46,1025000.0,14960769.0,0.205,0.03
002634,*ST棒杰,4.27,4.26,4.27,4.28,4.28,4.32,4.22,3681800.0,15732018.0,-0.234,-0.01
002635,安洁科技,15.75,15.75,15.76,15.42,15.68,15.86,15.4,17588497.0,275521212.0,2.14,0.33
002636,金安国纪,69.41,69.41,0.0,63.1,64.54,69.41,64.02,51853353.0,3480428436.0,10.0,6.31
002637,赞宇科技,11.81,11.8,11.81,11.3,11.31,11.94,11.26,19410600.0,227957098.0,4.513,0.51
002638,勤上股份,4.54,4.53,4.54,4.5,4.47,4.58,4.35,58509346.0,262157738.0,0.889,0.04
002639,雪人集团,11.88,11.87,11.88,11.74,11.65,11.9,11.54,24804755.0,292831679.0,1.193,0.14
002640,跨境通,3.41,3.41,3.42,3.37,3.36,3.5,3.36,102267901.0,349461528.0,1.187,0.04
002641,公元股份,4.04,4.03,4.04,4.07,4.05,4.09,4.02,7552252.0,30620182.0,-0.737,-0.03
002642,荣联科技,7.22,7.22,7.23,7.28,7.25,7.34,7.19,8550900.0,61950616.0,-0.824,-0.06
002643,万润股份,13.35,13.34,13.35,12.99,12.95,13.36,12.9,13970961.0,184603064.0,2.771,0.36
002644,佛慈制药,8.7,8.69,8.7,8.6,8.64,8.8,8.56,10136900.0,88108673.0,1.163,0.1
002645,华宏科技,19.51,19.51,19.52,19.0,18.92,19.6,18.85,29844446.0,576867362.0,2.684,0.51
002646,天佑德酒,6.83,6.82,6.83,6.92,6.91,6.93,6.81,4371900.0,29929732.0,-1.301,-0.09
002647,仁东控股,11.98,11.97,11.98,12.08,12.08,12.2,11.85,29915300.0,358494048.0,-0.828,-0.1
002648,卫星化学,27.39,27.38,27.39,26.36,26.36,27.5,26.31,46443110.0,1253033830.0,3.907,1.03
002649,博彦科技,9.77,9.76,9.77,9.72,9.72,9.78,9.63,17558500.0,170644736.0,0.514,0.05
002650,ST加加,6.07,6.07,6.08,6.16,6.18,6.18,6.04,3233500.0,19637195.0,-1.461,-0.09
002651,利君股份,8.55,8.54,8.55,8.47,8.47,8.69,8.33,28663408.0,243709662.0,0.945,0.08
002652,扬子新材,4.11,4.1,4.11,4.13,4.14,4.14,4.07,10985760.0,45083065.0,-0.484,-0.02
002653,海思科,66.8,66.8,66.81,65.06,65.39,66.99,64.84,5933992.0,391420456.0,2.674,1.74
002654,万润科技,13.84,13.84,13.85,13.74,13.8,14.08,13.6,62046940.0,858859040.0,0.728,0.1
002655,共达电声,39.13,39.13,39.14,37.87,37.87,39.43,37.3,31614295.0,1217883277.0,3.327,1.26
002656,摩登大道,2.91,2.91,2.92,2.99,2.97,2.99,2.89,13420771.0,39345983.0,-2.676,-0.08
002657,中科金财,16.36,16.35,16.36,16.18,16.09,16.39,16.03,17160671.0,278934014.0,1.112,0.18
002658,雪迪龙,7.43,7.42,7.43,7.36,7.38,7.43,7.32,4220500.0,31182916.0,0.951,0.07
002659,凯文教育,4.54,4.53,4.54,4.57,4.57,4.61,4.51,10349901.0,47061693.0,-0.656,-0.03
002660,茂硕电源,7.54,7.54,7.55,7.56,7.57,7.61,7.51,3579700.0,27049089.0,-0.265,-0.02
002661,克明食品,7.96,7.96,7.97,8.15,8.07,8.12,7.91,4558913.0,36433694.0,-2.331,-0.19
002662,峰璟股份,3.27,3.27,3.28,3.3,3.26,3.3,3.2,12598622.0,40947631.0,-0.909,-0.03
002663,普邦股份,1.73,1.72,1.73,1.74,1.73,1.74,1.7,25318656.0,43541183.0,-0.575,-0.01
002664,信质集团,15.76,15.76,15.77,15.19,15.16,16.05,15.1,6574557.0,103246911.0,3.752,0.57
002666,德联集团,4.19,4.19,4.2,4.23,4.23,4.25,4.18,11847882.0,49945754.0,-0.946,-0.04
002667,*ST威领,19.37,19.36,19.37,19.13,19.34,19.44,18.69,21929400.0,418844972.0,1.255,0.24
002668,TCL智家,9.38,9.38,9.39,9.64,9.57,9.65,9.3,19965100.0,188151851.0,-2.697,-0.26
002669,康达新材,11.79,11.79,11.8,11.51,11.43,11.9,11.43,8436600.0,98984042.0,2.433,0.28
002670,国盛证券,11.7,11.7,11.71,11.02,10.99,12.12,10.97,78091650.0,914594666.0,6.171,0.68
002671,龙泉股份,3.98,3.98,3.99,4.04,4.02,4.03,3.96,6925300.0,27621988.0,-1.485,-0.06
002672,东江环保,3.76,3.75,3.76,3.78,3.79,3.79,3.73,5098000.0,19154734.0,-0.529,-0.02
002673,西部证券,6.86,6.86,6.87,6.85,6.82,6.91,6.78,50550197.0,345763362.0,0.146,0.01
002674,兴业科技,25.95,25.94,25.95,25.19,25.53,26.3,24.93,17356100.0,446283204.0,3.017,0.76
002675,东诚药业,12.85,12.85,12.86,12.92,12.88,12.97,12.77,4713900.0,60514890.0,-0.542,-0.07
002676,顺威股份,5.17,5.16,5.17,5.13,5.16,5.19,5.1,9893799.0,50945213.0,0.78,0.04
002677,浙江美大,6.84,6.84,6.85,6.89,6.89,6.91,6.81,4265200.0,29253192.0,-0.726,-0.05
002678,珠江钢琴,5.1,5.09,5.1,4.87,4.85,5.14,4.81,15396266.0,77080318.0,4.723,0.23
002679,福建金森,9.7,9.69,9.7,9.63,9.56,9.76,9.51,3541481.0,34157090.0,0.727,0.07
002681,奋达科技,4.59,4.59,4.6,4.52,4.49,4.62,4.49,28854773.0,132206170.0,1.549,0.07
002682,龙洲股份,5.0,5.0,5.01,4.97,4.91,5.03,4.9,40123575.0,200151848.0,0.604,0.03
002683,广东宏大,29.79,29.79,29.8,29.5,29.5,29.9,29.05,5999442.0,176941984.0,0.983,0.29
002685,华东重机,5.57,5.56,5.57,5.55,5.54,5.58,5.5,19377500.0,107475675.0,0.36,0.02
002686,亿利达,6.92,6.92,6.93,7.06,6.98,7.2,6.84,67459448.0,472755108.0,-1.983,-0.14
002687,乔治白,6.28,6.28,6.29,6.16,6.17,6.35,6.06,24638089.0,153750423.0,1.948,0.12
002688,金河生物,5.25,5.24,5.25,5.28,5.29,5.31,5.21,6592800.0,34538200.0,-0.568,-0.03
002689,ST远智,2.92,2.91,2.92,2.92,2.94,2.94,2.89,6307050.0,18352982.0,0.0,0.0
002690,美亚光电,15.97,15.97,15.98,15.97,15.88,16.07,15.71,5874080.0,93253784.0,0.0,0.0
002691,*ST冀凯,4.43,4.42,4.43,4.49,4.5,4.5,4.38,2199100.0,9748267.0,-1.336,-0.06
002692,远程股份,4.28,4.28,4.29,4.31,4.31,4.31,4.24,7165100.0,30638893.0,-0.696,-0.03
002693,双成药业,9.32,9.31,9.32,9.16,9.11,9.37,9.06,12716725.0,117411128.0,1.747,0.16
002694,*ST顾地,2.42,2.41,2.42,2.48,2.52,2.52,2.35,9679000.0,23241579.0,-2.419,-0.06
002695,煌上煌,10.75,10.74,10.75,10.56,10.51,10.76,10.5,5258209.0,56191813.0,1.799,0.19
002696,百洋股份,6.35,6.35,6.36,6.28,6.27,6.39,6.22,10660000.0,67428601.0,1.115,0.07
002697,红旗连锁,4.61,4.61,4.62,4.61,4.62,4.63,4.56,12722800.0,58495676.0,0.0,0.0
002698,博实股份,12.26,12.26,12.27,12.19,12.16,12.3,12.15,6061500.0,74233225.0,0.574,0.07
002700,万憬能源,6.35,6.34,6.35,6.33,6.29,6.39,6.27,4301250.0,27212815.0,0.316,0.02
002701,奥瑞金,4.79,4.79,4.8,4.8,4.81,4.84,4.76,14946600.0,71608140.0,-0.208,-0.01
002702,海欣食品,5.1,5.09,5.1,4.9,4.9,5.12,4.88,23240280.0,117493324.0,4.082,0.2
002703,浙江世宝,16.93,16.93,16.94,17.46,17.27,17.64,16.79,118484610.0,2015368203.0,-3.036,-0.53
002705,新宝股份,11.26,11.25,11.26,11.29,11.23,11.29,11.17,3307401.0,37178938.0,-0.266,-0.03
002706,良信股份,9.68,9.68,9.69,9.7,9.7,9.73,9.46,28877116.0,277580108.0,-0.206,-0.02
002707,众信旅游,5.39,5.38,5.39,5.4,5.37,5.45,5.32,22219051.0,119861138.0,-0.185,-0.01
002708,光洋股份,12.45,12.44,12.45,11.66,11.67,12.53,11.56,26878340.0,326737329.0,6.775,0.79
002709,天赐材料,37.27,37.26,37.27,36.78,36.56,37.36,36.0,47651899.0,1751759812.0,1.332,0.49
002712,思美传媒,4.73,4.72,4.73,4.81,4.8,4.8,4.68,11141870.0,52554025.0,-1.663,-0.08
002713,东易日盛,9.68,9.68,9.69,9.71,9.69,9.82,9.57,15714146.0,152010881.0,-0.309,-0.03
002714,牧原股份,40.8,40.79,40.8,39.99,39.71,40.97,39.61,47149034.0,1905668224.0,2.026,0.81
002715,登云股份,14.27,14.27,14.28,14.5,14.41,14.47,14.19,2675800.0,38247706.0,-1.586,-0.23
002716,湖南白银,11.6,11.59,11.6,11.32,11.39,12.1,11.17,455086106.0,5303538947.0,2.473,0.28
002717,*ST岭南,1.03,1.02,1.03,1.0,1.0,1.05,0.98,86088672.0,87387314.0,3.0,0.03
002718,友邦吊顶,84.7,84.67,84.7,82.7,82.7,85.08,82.17,934600.0,78502545.0,2.418,2.0
002719,ST麦趣,6.56,6.56,6.57,6.77,6.7,6.73,6.5,5562799.0,36690785.0,-3.102,-0.21
002721,金一文化,2.99,2.99,3.0,3.08,2.96,3.11,2.92,260048189.0,785036445.0,-2.922,-0.09
002722,物产金轮,12.96,12.95,12.96,12.95,12.92,13.04,12.9,2465900.0,31945116.0,0.077,0.01
002723,小崧股份,7.56,7.55,7.56,7.6,7.6,7.74,7.48,10800100.0,82232840.0,-0.526,-0.04
002724,海洋王,6.77,6.76,6.77,6.68,6.65,6.83,6.63,29173770.0,197169349.0,1.347,0.09
002725,跃岭股份,11.44,11.44,11.45,11.3,11.3,11.53,11.25,4224620.0,48279900.0,1.239,0.14
002726,ST龙大,2.57,2.57,2.58,2.66,2.7,2.76,2.51,107274160.0,280378599.0,-3.383,-0.09
002727,一心堂,11.35,11.35,11.36,11.84,11.79,11.79,11.29,14594878.0,166560616.0,-4.139,-0.49
002728,特一药业,9.05,9.05,9.06,8.88,8.89,9.1,8.83,14441195.0,130046534.0,1.914,0.17
002729,好利科技,13.91,13.9,13.91,13.99,13.72,13.99,13.59,3844200.0,53109291.0,-0.572,-0.08
002730,电光科技,23.88,23.87,23.88,22.64,22.9,24.29,22.66,21546973.0,509558641.0,5.477,1.24
002731,*ST萃华,0.94,0.0,0.94,1.04,0.94,0.94,0.94,9248100.0,8693214.0,-9.615,-0.1
002732,燕塘乳业,13.87,13.87,13.89,13.89,13.88,13.99,13.74,1521400.0,21077223.0,-0.144,-0.02
002733,雄韬股份,18.56,18.55,18.56,18.32,18.25,18.64,18.12,9032077.0,166595189.0,1.31,0.24
002734,利民股份,16.27,16.26,16.27,15.6,15.54,16.31,15.38,28521979.0,456209434.0,4.295,0.67
002735,王子新材,11.71,11.71,11.72,11.52,11.48,11.83,11.4,12450080.0,145242688.0,1.649,0.19
002736,国信证券,10.24,10.24,10.25,10.18,10.18,10.26,10.13,37194098.0,379556496.0,0.589,0.06
002737,葵花药业,13.25,13.24,13.25,13.22,13.22,13.29,13.0,4390800.0,57741689.0,0.227,0.03
002738,中矿资源,51.67,51.67,51.68,51.13,50.73,51.88,50.41,17292553.0,885166040.0,1.056,0.54
002739,儒意电影,8.38,8.37,8.38,8.41,8.4,8.4,8.31,35718900.0,298337712.0,-0.357,-0.03
002741,光华科技,25.73,25.73,25.74,24.67,24.92,25.95,24.39,25308774.0,644873884.0,4.297,1.06
002742,冀衡医药,5.67,5.67,0.0,5.15,5.67,5.67,5.67,9951100.0,56422737.0,10.097,0.52
002743,富煌钢构,4.65,4.65,4.66,4.85,4.85,4.97,4.63,24515500.0,115700382.0,-4.124,-0.2
002745,木林森,11.96,11.95,11.96,11.1,11.18,12.01,11.11,74128409.0,857729010.0,7.748,0.86
002746,仙坛股份,6.4,6.39,6.4,6.37,6.33,6.44,6.32,13581777.0,86726002.0,0.471,0.03
002747,埃斯顿,31.81,31.81,31.82,31.25,31.13,31.93,31.07,37963485.0,1197689578.0,1.792,0.56
002748,世龙实业,11.99,11.99,12.0,12.06,12.03,12.25,11.86,5691700.0,68172144.0,-0.58,-0.07
002749,国光股份,8.58,8.58,8.59,8.49,8.45,8.59,8.41,3973036.0,33805999.0,1.06,0.09
002752,昇兴股份,5.99,5.98,5.99,6.03,6.07,6.08,5.89,13855134.0,82583042.0,-0.663,-0.04
002753,永东股份,6.64,6.63,6.64,6.65,6.67,6.72,6.59,6944700.0,46125130.0,-0.15,-0.01
002755,奥赛康,12.53,12.52,12.53,12.41,12.43,12.63,12.23,9707000.0,120503269.0,0.967,0.12
002756,永兴材料,45.73,45.73,45.74,45.23,45.0,45.83,44.6,8944876.0,405039802.0,1.105,0.5
002757,南兴股份,15.94,15.93,15.94,15.75,15.74,16.0,15.7,6863600.0,108915051.0,1.206,0.19
002758,浙农股份,8.51,8.51,8.52,8.13,8.08,8.9,8.08,23327397.0,197834701.0,4.674,0.38
002759,ST天际,17.45,17.45,17.46,17.47,17.33,17.65,16.78,25054274.0,430945467.0,-0.114,-0.02
002760,凤形股份,17.99,17.99,18.0,17.9,17.85,18.14,17.81,2311000.0,41533874.0,0.503,0.09
002761,浙江建投,7.2,7.19,7.2,7.27,7.25,7.27,7.12,7581083.0,54462655.0,-0.963,-0.07
002762,金发拉比,9.18,9.17,9.18,9.26,9.17,9.31,9.15,6059700.0,55833246.0,-0.864,-0.08
002763,汇洁股份,7.49,7.48,7.49,7.54,7.52,7.55,7.46,3451000.0,25859622.0,-0.663,-0.05
002765,蓝黛科技,6.95,6.95,6.96,6.97,7.0,7.05,6.92,5460100.0,38090469.0,-0.287,-0.02
002766,索菱股份,4.17,4.17,4.18,4.18,4.18,4.18,4.11,18319000.0,76092218.0,-0.239,-0.01
002767,先锋电子,18.22,18.22,18.23,17.92,17.91,18.48,17.86,2314600.0,41990937.0,1.674,0.3
002768,国恩股份,64.88,64.86,64.88,61.68,61.67,65.1,61.13,9906097.0,630697436.0,5.188,3.2
002769,普路通,7.05,7.05,7.06,7.09,7.14,7.14,7.0,4536696.0,31996289.0,-0.564,-0.04
002771,真视通,12.53,12.52,12.53,12.33,12.33,12.64,12.25,5388677.0,67082903.0,1.622,0.2
002772,众兴菌业,11.13,11.13,11.14,10.76,10.73,11.21,10.73,16490915.0,182462869.0,3.439,0.37
002773,康弘药业,20.54,20.53,20.54,20.47,20.41,20.55,20.11,4924340.0,100211772.0,0.342,0.07
002774,快意电梯,16.68,16.67,16.68,15.85,15.8,16.79,15.37,16276800.0,261893003.0,5.237,0.83
002775,文科股份,3.62,3.61,3.62,3.72,3.72,3.72,3.61,12881615.0,46950250.0,-2.688,-0.1
002777,久远银海,12.75,12.75,12.76,12.79,12.8,12.88,12.7,4244300.0,54195128.0,-0.313,-0.04
002778,中晟高科,15.87,15.85,15.87,15.82,15.94,15.94,15.71,1627400.0,25758336.0,0.316,0.05
002779,中坚科技,76.35,76.35,76.39,75.3,75.36,77.99,74.55,2425759.0,184712566.0,1.394,1.05
002780,三夫户外,13.4,13.4,13.41,13.4,13.29,13.45,13.18,3842000.0,51284397.0,0.0,0.0
002782,可立克,15.2,15.19,15.2,15.09,15.05,15.32,14.92,9403268.0,142418343.0,0.729,0.11
002783,凯龙股份,8.01,8.0,8.01,8.01,7.98,8.06,7.95,6807275.0,54395769.0,0.0,0.0
002785,万里石,34.82,34.8,34.82,33.48,33.33,35.4,33.27,6435300.0,220993851.0,4.002,1.34
002786,银宝山新,8.01,8.0,8.01,8.01,7.98,8.05,7.88,7613100.0,60751605.0,0.0,0.0
002787,华源控股,21.84,21.83,21.84,21.15,21.15,22.12,21.06,9402100.0,203832231.0,3.262,0.69
002788,鹭燕医药,11.12,11.12,11.14,10.95,10.83,11.19,10.82,9501600.0,105159009.0,1.553,0.17
002789,*ST建艺,10.15,10.13,10.15,10.3,10.21,10.28,10.06,1568000.0,15901087.0,-1.456,-0.15
002790,瑞尔特,5.99,5.99,6.0,6.05,6.06,6.08,5.96,3492500.0,20987155.0,-0.992,-0.06
002791,坚朗五金,14.99,14.96,14.99,14.91,14.91,15.02,14.73,2430200.0,36231668.0,0.537,0.08
002792,通宇通讯,31.21,31.21,31.22,30.45,30.71,31.26,30.31,21646601.0,671232818.0,2.496,0.76
002793,罗欣药业,5.17,5.16,5.17,4.85,4.81,5.34,4.8,88125380.0,457067622.0,6.598,0.32
002795,永和智控,7.21,7.21,7.22,7.16,7.17,7.26,7.06,9787396.0,70144669.0,0.698,0.05
002796,世嘉科技,30.18,30.17,30.18,29.5,29.5,30.53,29.3,6316569.0,190012616.0,2.305,0.68
002797,第一创业,6.58,6.58,6.59,6.48,6.45,6.59,6.45,73345148.0,479526148.0,1.543,0.1
002798,帝欧水华,5.88,5.88,5.89,6.03,6.03,6.15,5.85,10592851.0,62912071.0,-2.488,-0.15
002799,环球印务,6.89,6.89,6.92,6.92,6.92,6.95,6.8,4880835.0,33583480.0,-0.434,-0.03
002800,天顺股份,14.61,14.61,14.65,14.36,14.32,14.7,14.15,4547100.0,66063422.0,1.741,0.25
002801,微光股份,26.93,26.93,26.94,26.75,26.61,26.96,26.61,714600.0,19163340.0,0.673,0.18
002802,洪汇新材,12.05,12.05,12.07,12.08,12.08,12.15,11.98,2074988.0,25016561.0,-0.248,-0.03
002803,吉宏股份,18.75,18.74,18.75,18.67,18.7,19.01,18.55,7458938.0,139972733.0,0.428,0.08
002805,丰元股份,18.94,18.94,18.95,18.75,18.74,19.03,18.52,10202100.0,191816301.0,1.013,0.19
002806,华锋股份,14.64,14.64,14.65,14.43,14.6,14.85,14.47,6010328.0,88234026.0,1.455,0.21
002807,江阴银行,4.08,4.07,4.08,4.09,4.07,4.09,4.0,53581944.0,216547489.0,-0.244,-0.01
002809,红墙股份,8.7,8.69,8.7,8.79,8.71,8.83,8.63,5908469.0,51435310.0,-1.024,-0.09
002810,山东赫达,21.5,21.5,21.51,21.53,21.52,21.55,21.31,3068472.0,65785093.0,-0.139,-0.03
002811,郑中设计,13.23,13.22,13.23,13.03,12.99,13.34,12.9,8867350.0,116691964.0,1.535,0.2
002812,恩捷股份,53.97,53.96,53.97,54.74,54.74,54.78,52.89,18816948.0,1007796771.0,-1.407,-0.77
002813,路畅科技,20.95,20.95,20.97,20.95,20.85,21.2,20.78,1258600.0,26346480.0,0.0,0.0
002815,崇达技术,14.34,14.34,14.35,13.65,13.69,14.48,13.65,45690934.0,644947229.0,5.055,0.69
002816,*ST和科,24.05,24.05,24.06,23.94,24.02,24.21,23.77,1586200.0,38013973.0,0.459,0.11
002817,黄山胶囊,6.73,6.73,6.75,6.78,6.76,6.82,6.69,4381090.0,29530602.0,-0.737,-0.05
002818,富森美,10.64,10.64,10.65,10.67,10.68,10.7,10.58,4043700.0,42955419.0,-0.281,-0.03
002819,东方中科,20.9,20.9,20.91,20.72,20.73,20.99,20.55,2839965.0,59052693.0,0.869,0.18
002820,桂发祥,9.94,9.94,9.95,9.94,9.9,10.19,9.86,18315919.0,182710186.0,0.0,0.0
002821,凯莱英,170.64,170.64,170.65,171.9,173.37,173.76,166.72,10661091.0,1799697291.0,-0.733,-1.26
002822,ST中装,3.19,3.18,3.19,3.17,3.17,3.19,3.15,4464120.0,14180771.0,0.631,0.02
002823,凯中精密,13.09,13.08,13.09,12.96,12.91,13.23,12.87,5252776.0,68821296.0,1.003,0.13
002824,和胜股份,26.68,26.68,0.0,24.25,24.41,26.68,24.19,23502916.0,601256580.0,10.021,2.43
002825,纳尔股份,9.03,9.03,9.05,9.06,9.06,9.15,9.0,2371980.0,21506392.0,-0.331,-0.03
002826,易明医药,17.35,17.35,17.36,17.29,17.29,17.57,17.22,2673217.0,46454146.0,0.347,0.06
002827,高争民爆,58.81,58.81,58.82,54.96,54.7,59.33,54.33,15063497.0,868152635.0,7.005,3.85
002828,贝肯能源,12.4,12.39,12.4,12.15,12.17,12.48,12.15,14579660.0,180407239.0,2.058,0.25
002829,星网宇达,19.81,19.81,19.82,19.53,19.58,20.17,19.48,4977900.0,98629673.0,1.434,0.28
002830,名雕股份,14.27,14.27,14.28,14.3,14.29,14.43,14.18,2178080.0,31169181.0,-0.21,-0.03
002831,裕同科技,26.83,26.82,26.83,26.71,26.36,27.68,26.17,19716990.0,532712826.0,0.449,0.12
002832,比音勒芬,24.03,24.03,24.04,24.14,24.09,24.28,23.91,5875930.0,141497787.0,-0.456,-0.11
002833,弘亚数控,18.55,18.55,18.56,18.05,18.0,19.04,17.41,12526022.0,233609855.0,2.77,0.5
002835,同为股份,12.62,12.62,12.63,12.61,12.61,12.71,12.52,2208200.0,27898661.0,0.079,0.01
002836,新宏泽,9.76,9.75,9.76,9.9,9.93,9.97,9.71,3043800.0,29886737.0,-1.414,-0.14
002837,英维克,65.97,65.97,65.98,62.07,62.6,66.0,61.48,106628637.0,6845251646.0,6.283,3.9
002838,道恩股份,25.32,25.32,25.33,24.4,24.64,25.43,24.16,7530862.0,189048714.0,3.77,0.92
002839,张家港行,4.4,4.4,4.41,4.41,4.4,4.44,4.31,40924280.0,178909371.0,-0.227,-0.01
002840,华统股份,8.26,8.26,8.27,8.27,8.2,8.32,8.13,12144113.0,99853660.0,-0.121,-0.01
002841,视源股份,46.99,46.99,47.0,47.64,47.95,47.95,45.44,9770000.0,455853495.0,-1.364,-0.65
002842,翔鹭钨业,39.07,39.07,39.08,37.09,36.91,39.2,36.81,38361465.0,1473218331.0,5.338,1.98
002843,泰嘉股份,16.7,16.7,16.71,16.55,16.58,16.86,16.26,14981470.0,248463700.0,0.906,0.15
002845,同兴达,13.27,13.26,13.27,13.13,13.13,13.32,13.08,6369820.0,84261668.0,1.066,0.14
002846,英联股份,10.72,10.71,10.72,10.75,10.76,10.79,10.58,4118400.0,43962777.0,-0.279,-0.03
002847,盐津铺子,45.12,45.12,45.13,45.2,45.05,45.3,44.6,1934587.0,86905733.0,-0.177,-0.08
002848,高斯贝尔,13.9,13.89,13.9,13.33,13.31,14.18,13.27,8558600.0,117648333.0,4.276,0.57
002849,威星智能,18.4,18.4,18.41,18.41,18.43,18.6,18.22,6611850.0,121834025.0,-0.054,-0.01
002850,科达利,181.37,181.37,181.4,179.66,179.0,182.0,177.0,2007877.0,361242769.0,0.952,1.71
002851,麦格米特,127.66,127.66,127.67,123.11,125.8,128.0,123.12,29203053.0,3672801855.0,3.696,4.55
002852,道道全,8.89,8.89,0.0,8.08,8.09,8.89,8.09,19756699.0,169845649.0,10.025,0.81
002853,皮阿诺,22.47,22.47,22.49,22.4,22.28,22.62,21.86,3147110.0,69884692.0,0.313,0.07
002855,捷荣技术,13.31,13.31,0.0,12.1,13.31,13.31,13.31,1417100.0,18861601.0,10.0,1.21
002856,*ST美芝,16.62,16.62,16.63,16.6,16.42,16.91,16.12,5972480.0,98555631.0,0.12,0.02
002857,三晖电气,19.53,19.53,19.55,19.73,19.65,19.88,19.2,2514600.0,48975298.0,-1.014,-0.2
002858,力盛体育,11.73,11.73,11.74,11.78,11.76,11.9,11.66,2727000.0,31977777.0,-0.424,-0.05
002859,洁美科技,66.18,66.18,66.19,63.78,64.86,66.84,63.41,16139031.0,1055755430.0,3.763,2.4
002860,星帅尔,14.92,14.91,14.92,15.28,15.31,15.47,14.92,10974727.0,164967303.0,-2.356,-0.36
002861,瀛通通讯,16.09,16.09,16.1,15.66,15.75,16.2,15.6,3438698.0,54819298.0,2.746,0.43
002862,实丰文化,13.85,13.83,13.85,13.64,13.69,13.98,13.52,2434500.0,33381560.0,1.54,0.21
002863,今飞凯达,4.72,4.72,4.73,4.76,4.74,4.76,4.69,10305800.0,48678729.0,-0.84,-0.04
002864,盘龙药业,22.77,22.76,22.77,22.58,22.68,22.89,22.42,2877964.0,65402536.0,0.841,0.19
002865,钧达股份,40.44,40.44,40.45,40.1,40.0,40.53,39.52,5805127.0,232922124.0,0.848,0.34
002866,传艺科技,14.91,14.9,14.91,14.92,14.8,15.0,14.71,4786000.0,71128079.0,-0.067,-0.01
002867,周大生,11.13,11.12,11.13,11.2,11.09,11.16,10.95,21270932.0,234838813.0,-0.625,-0.07
002868,绿康生化,21.92,21.91,21.92,21.95,21.94,21.99,21.7,988600.0,21612758.0,-0.137,-0.03
002869,金溢科技,16.4,16.39,16.4,16.5,16.21,16.53,16.2,2271132.0,37259626.0,-0.606,-0.1
002870,香山股份,48.45,48.41,48.45,46.85,46.99,48.5,46.99,3707690.0,177905150.0,3.415,1.6
002871,伟隆股份,17.31,17.31,17.32,16.47,16.49,17.68,16.43,4729100.0,81314067.0,5.1,0.84
002872,ST天圣,5.83,5.83,5.84,5.49,5.49,5.94,5.45,10462550.0,60258490.0,6.193,0.34
002873,新天药业,8.66,8.66,8.67,8.68,8.68,8.81,8.6,5768000.0,50128958.0,-0.23,-0.02
002875,安奈儿,12.95,12.95,12.96,13.14,12.98,13.2,12.86,4636838.0,60301259.0,-1.446,-0.19
002876,三利谱,29.25,29.24,29.25,28.68,28.71,29.52,28.62,3634280.0,105830150.0,1.987,0.57
002877,智能自控,7.34,7.33,7.34,7.53,7.44,7.51,7.27,6804700.0,49996070.0,-2.523,-0.19
002878,元隆雅图,12.33,12.33,12.34,12.45,12.45,12.48,12.27,3565900.0,43990337.0,-0.964,-0.12
002879,长缆科技,16.34,16.34,16.35,16.42,16.18,16.45,16.11,6863439.0,111931106.0,-0.487,-0.08
002880,卫光生物,23.16,23.16,23.19,24.22,23.73,23.8,22.79,11607572.0,269312965.0,-4.377,-1.06
002881,美格智能,41.26,41.25,41.26,40.9,41.1,41.65,40.6,8096520.0,333463157.0,0.88,0.36
002882,金龙羽,22.35,22.35,22.36,22.45,22.25,22.66,21.9,14831705.0,328987781.0,-0.445,-0.1
002883,*ST中设,9.36,9.36,9.39,9.33,9.38,9.48,9.31,900900.0,8479294.0,0.322,0.03
002884,凌霄泵业,15.84,15.84,15.86,15.84,15.84,15.92,15.77,1808630.0,28698312.0,0.0,0.0
002885,京泉华,28.7,28.7,28.71,27.78,28.05,28.9,27.54,13900531.0,394812444.0,3.312,0.92
002886,沃特股份,24.0,24.0,0.0,21.82,22.47,24.0,22.11,32853065.0,777510300.0,9.991,2.18
002887,绿茵生态,9.71,9.71,9.72,9.53,9.48,9.87,9.48,6897300.0,66866667.0,1.889,0.18
002888,惠威科技,19.0,19.0,19.01,18.08,18.08,19.36,18.07,4864539.0,92129763.0,5.088,0.92
002889,东方嘉盛,12.63,12.63,12.64,12.8,12.72,12.83,12.62,3777026.0,47983240.0,-1.328,-0.17
002890,弘宇股份,14.85,14.5,14.85,14.68,14.67,14.85,14.31,1493222.0,21662443.0,1.158,0.17
002891,中宠股份,28.4,28.4,28.42,28.33,28.26,28.58,27.89,4291719.0,121559192.0,0.247,0.07
002892,科力尔,9.24,9.24,9.25,9.19,9.17,9.27,9.07,5313237.0,48899899.0,0.544,0.05
002893,京能热力,9.93,9.93,9.94,10.06,9.99,10.02,9.91,6926300.0,68865670.0,-1.292,-0.13
002895,川恒股份,33.02,33.0,33.02,32.08,32.06,33.04,31.65,7007998.0,226622756.0,2.93,0.94
002896,中大力德,64.52,64.51,64.52,63.51,63.5,64.58,63.11,7079318.0,453028694.0,1.59,1.01
002897,意华股份,59.05,59.04,59.05,56.05,57.13,59.28,56.1,9542475.0,553498158.0,5.352,3.0
002899,英派斯,18.55,18.55,18.56,19.73,19.54,19.8,18.28,6079700.0,114323608.0,-5.981,-1.18
002900,哈三联,13.89,13.89,13.9,13.62,13.39,14.47,13.31,35415200.0,493480719.0,1.982,0.27
002901,大博医疗,45.37,45.36,45.37,46.09,43.92,45.74,43.87,2479162.0,111417603.0,-1.562,-0.72
002902,铭普光磁,25.57,25.56,25.57,24.28,24.32,25.96,24.32,16535361.0,416812822.0,5.313,1.29
002903,宇环数控,29.22,29.22,29.23,29.9,29.49,29.77,28.9,18088995.0,528840317.0,-2.274,-0.68
002905,金逸影视,7.99,7.97,7.99,8.02,7.97,8.04,7.93,3603700.0,28755746.0,-0.374,-0.03
002906,华阳集团,26.74,26.74,26.75,26.75,26.55,26.97,26.13,16211975.0,430106400.0,-0.037,-0.01
002907,华森制药,16.32,16.31,16.32,16.2,16.21,16.78,15.8,34917572.0,567634009.0,0.741,0.12
002908,德生科技,7.17,7.17,7.18,7.24,7.18,7.26,7.15,5343200.0,38419642.0,-0.967,-0.07
002909,集泰股份,5.37,5.36,5.37,5.31,5.31,5.64,5.29,16546096.0,89610876.0,1.13,0.06
002910,庄园牧场,9.85,9.85,9.86,9.85,9.77,10.01,9.77,5381100.0,53311877.0,0.0,0.0
002911,佛燃能源,11.01,11.01,11.02,11.05,11.05,11.07,10.88,5011887.0,54935865.0,-0.362,-0.04
002912,中新赛克,19.11,19.11,19.12,19.13,18.97,19.21,18.91,2132400.0,40702014.0,-0.105,-0.02
002913,奥士康,59.01,59.01,59.07,56.77,56.97,59.7,56.58,5054400.0,295935571.0,3.946,2.24
002915,中欣氟材,17.15,17.14,17.15,16.72,16.79,17.28,16.61,6341200.0,107686194.0,2.572,0.43
002916,深南电路,365.1,365.09,365.1,348.03,359.0,368.8,351.44,9648306.0,3483908638.0,4.905,17.07
002917,金奥博,10.31,10.3,10.31,10.3,10.26,10.36,10.21,2282800.0,23508803.0,0.097,0.01
002918,蒙娜丽莎,10.3,10.29,10.3,10.07,10.03,10.3,10.0,10801700.0,109509408.0,2.284,0.23
002919,名臣健康,17.08,17.08,17.09,17.42,17.43,17.67,16.9,2717300.0,46685385.0,-1.952,-0.34
002920,德赛西威,86.2,86.2,86.21,86.11,86.03,86.47,84.8,6037582.0,516305128.0,0.105,0.09
002921,联诚精密,21.16,21.16,21.19,21.4,21.75,21.76,21.09,3726000.0,79201398.0,-1.121,-0.24
002922,伊戈尔,24.66,24.65,24.66,24.84,24.5,24.78,23.51,19908481.0,481671228.0,-0.725,-0.18
002923,润都股份,11.06,11.04,11.06,10.93,10.93,11.12,10.89,6393464.0,70492662.0,1.189,0.13
002925,盈趣科技,23.56,23.56,23.57,23.0,22.99,23.66,22.7,15500733.0,362500953.0,2.435,0.56
002926,华西证券,8.6,8.59,8.6,8.52,8.48,8.63,8.47,28367672.0,243084882.0,0.939,0.08
002927,泰永长征,15.88,15.88,15.89,15.94,15.98,16.18,15.78,5266654.0,84137943.0,-0.376,-0.06
002928,华夏航空,6.32,6.31,6.32,6.35,6.28,6.33,6.21,19253163.0,121092011.0,-0.472,-0.03
002929,润建股份,53.46,53.46,53.47,52.35,52.5,53.79,51.78,10856003.0,575750352.0,2.12,1.11
002930,宏川智慧,8.91,8.9,8.91,8.86,8.76,8.91,8.76,5225053.0,46344943.0,0.564,0.05
002931,锋龙股份,46.91,46.91,46.92,46.14,46.5,47.3,46.0,4991980.0,233691297.0,1.669,0.77
002932,*ST明德,15.29,15.29,15.32,15.29,15.26,15.34,15.21,589789.0,9007676.0,0.0,0.0
002933,新兴装备,26.43,26.42,26.43,26.51,26.46,26.57,26.24,1009800.0,26662567.0,-0.302,-0.08
002935,天奥电子,15.89,15.89,15.9,15.65,15.7,15.98,15.56,3320100.0,52563095.0,1.534,0.24
002936,郑州银行,1.78,1.77,1.78,1.8,1.8,1.8,1.76,105831781.0,188110601.0,-1.111,-0.02
002937,兴瑞科技,32.11,32.1,32.11,29.49,29.6,32.18,29.0,11871976.0,367960822.0,8.884,2.62
002938,鹏鼎控股,89.2,89.2,89.21,87.3,88.78,90.5,87.17,21680710.0,1931260312.0,2.176,1.9
002939,长城证券,8.16,8.16,8.17,8.16,8.09,8.19,8.07,28907978.0,235157128.0,0.0,0.0
002940,昂利康,25.86,25.85,25.86,25.67,25.46,26.02,25.33,8564635.0,219503849.0,0.74,0.19
002941,新疆交建,10.85,10.85,10.86,10.98,10.92,11.0,10.74,10554700.0,114369434.0,-1.184,-0.13
002942,新农股份,19.01,19.01,0.0,17.28,19.01,19.01,19.01,2259530.0,42953665.0,10.012,1.73
002943,宇晶股份,34.65,34.64,34.65,32.31,31.74,34.76,31.02,14272865.0,476084657.0,7.242,2.34
002945,华林证券,14.75,14.75,14.76,14.05,13.94,14.92,13.9,29087092.0,422927218.0,4.982,0.7
002946,新乳业,15.33,15.33,15.34,16.18,16.17,16.17,15.2,12599463.0,194948155.0,-5.253,-0.85
002947,恒铭达,66.5,66.49,66.5,63.49,63.91,67.5,62.58,17565965.0,1160284260.0,4.741,3.01
002948,青岛银行,5.94,5.94,5.95,5.98,5.96,5.98,5.83,37888790.0,223619611.0,-0.669,-0.04
002949,华阳国际,12.8,12.8,12.81,13.68,13.41,13.41,12.61,30642941.0,395843429.0,-6.433,-0.88
002950,奥美医疗,9.13,9.13,9.14,9.42,9.18,9.2,8.87,11342828.0,103021915.0,-3.079,-0.29
002951,金时科技,16.25,16.24,16.25,16.06,16.0,16.27,15.9,4833500.0,77588690.0,1.183,0.19
002952,亚世光电,19.81,19.81,19.82,19.47,19.36,20.25,19.22,4628500.0,91274016.0,1.746,0.34
002953,日丰股份,11.88,11.88,0.0,10.8,10.75,11.88,10.7,18881867.0,216500101.0,10.0,1.08
002955,鸿合科技,33.99,33.99,34.0,33.74,34.0,34.28,33.24,4374900.0,147849555.0,0.741,0.25
002956,西麦食品,16.98,16.98,16.99,17.02,17.06,17.06,16.7,2401875.0,40555136.0,-0.235,-0.04
002957,科瑞技术,42.53,42.53,42.54,40.45,40.9,42.87,40.62,17653947.0,739886134.0,5.142,2.08
002958,青农商行,2.93,2.93,2.94,2.98,2.98,2.99,2.9,97131580.0,284335751.0,-1.678,-0.05
002959,小熊电器,32.73,32.73,32.74,33.07,33.08,33.08,32.52,650900.0,21274451.0,-1.028,-0.34
002960,青鸟智控,8.56,8.55,8.56,8.52,8.5,8.56,8.43,5269375.0,44755360.0,0.469,0.04
002961,瑞达期货,20.05,20.04,20.05,19.3,19.15,20.25,19.03,15067203.0,297793021.0,3.886,0.75
002962,五方光电,12.78,12.78,12.79,12.57,12.62,12.82,12.56,5718168.0,72666419.0,1.671,0.21
002963,豪尔赛,21.28,21.27,21.28,22.35,23.2,24.58,20.79,30445388.0,688514993.0,-4.787,-1.07
002965,祥鑫科技,31.37,31.36,31.37,30.52,30.69,31.78,30.6,13316974.0,414840661.0,2.785,0.85
002966,苏州银行,8.76,8.74,8.76,8.71,8.7,8.78,8.58,34202543.0,297519197.0,0.574,0.05
002967,广电计量,17.35,17.35,17.36,17.12,17.15,17.39,17.01,3404400.0,58616817.0,1.343,0.23
002968,新大正,9.42,9.42,9.43,9.38,9.4,9.51,9.26,3097350.0,29085649.0,0.426,0.04
002969,嘉美包装,12.52,12.52,12.53,12.25,12.22,12.55,12.13,23627670.0,293439864.0,2.204,0.27
002970,锐明技术,49.44,49.44,49.48,49.2,48.88,50.1,48.3,3510100.0,172753472.0,0.488,0.24
002971,和远气体,42.8,42.79,42.8,41.48,41.67,43.5,41.47,15873312.0,676660183.0,3.182,1.32
002972,科安达,12.42,12.42,12.43,12.48,12.48,12.54,12.28,3747080.0,46446832.0,-0.481,-0.06
002973,侨银股份,12.37,12.37,12.38,11.95,11.94,12.45,11.81,9523842.0,116961956.0,3.515,0.42
002975,博杰股份,108.06,108.05,108.06,100.85,101.3,110.94,98.21,26014338.0,2762669093.0,7.149,7.21
002976,瑞玛精密,24.44,24.43,24.44,24.62,24.37,24.85,24.05,6223910.0,151917895.0,-0.731,-0.18
002977,*ST天箭,20.83,20.83,20.85,20.93,20.93,21.3,20.58,1081480.0,22506780.0,-0.478,-0.1
002978,安宁股份,26.27,26.26,26.27,26.33,26.18,26.44,26.03,2362405.0,61916522.0,-0.228,-0.06
002979,雷赛智能,56.2,56.19,56.2,55.29,56.02,56.87,55.21,9234659.0,516210907.0,1.646,0.91
002980,华盛昌,102.05,102.05,0.0,92.77,94.8,102.05,94.09,11193812.0,1112099584.0,10.003,9.28
002981,朝阳科技,23.71,23.7,23.71,23.69,23.79,23.79,23.4,1479600.0,34920906.0,0.084,0.02
002982,湘佳股份,12.56,12.56,12.58,12.55,12.53,12.62,12.43,2202957.0,27585292.0,0.08,0.01
002983,芯瑞达,20.06,20.05,20.06,19.26,19.26,20.09,19.2,2734436.0,53954432.0,4.154,0.8
002984,森麒麟,14.13,14.12,14.13,14.26,14.2,14.28,13.98,8210000.0,115578112.0,-0.912,-0.13
002985,北摩高科,26.27,26.27,26.28,26.17,26.14,26.45,25.97,3639959.0,95551578.0,0.382,0.1
002986,宇新股份,13.56,13.54,13.56,13.36,13.41,13.66,13.13,7628800.0,102438870.0,1.497,0.2
002987,京北方,12.05,12.05,12.06,11.63,11.6,12.08,11.5,32286035.0,383853064.0,3.611,0.42
002988,豪美新材,24.44,24.43,24.44,24.84,24.3,24.75,23.62,10140606.0,245688715.0,-1.61,-0.4
002989,中天精装,23.7,23.7,23.71,23.3,23.2,24.0,23.01,7003560.0,164941623.0,1.717,0.4
002990,盛视科技,48.27,48.27,48.28,46.59,46.87,48.49,46.84,7589500.0,363644506.0,3.606,1.68
002991,甘源食品,38.79,38.78,38.79,38.87,38.78,38.89,38.27,928930.0,35838244.0,-0.206,-0.08
002992,宝明科技,34.77,34.76,34.77,34.12,34.12,35.45,33.98,1158930.0,40009443.0,1.905,0.65
002993,奥海科技,39.01,39.01,39.02,37.94,38.1,39.48,37.57,5610800.0,217519307.0,2.82,1.07
002995,天地在线,17.04,17.04,17.05,17.04,16.95,17.15,16.93,3090700.0,52624899.0,0.0,0.0
002996,顺博合金,6.24,6.24,6.25,6.4,6.31,6.34,6.16,12542530.0,78208485.0,-2.5,-0.16
002997,瑞鹄模具,28.7,28.66,28.7,28.75,28.7,28.78,28.23,2828583.0,80700792.0,-0.174,-0.05
002998,优彩资源,8.04,8.03,8.04,8.1,8.1,8.13,7.97,7104700.0,56987519.0,-0.741,-0.06
002999,天禾股份,6.31,6.3,6.31,6.29,6.26,6.34,6.22,10515623.0,66084859.0,0.318,0.02
003000,劲仔食品,9.7,9.7,9.71,9.74,9.72,9.75,9.66,5191299.0,50328660.0,-0.411,-0.04
003001,中岩大地,16.22,16.21,16.22,16.08,16.04,16.28,15.86,6363344.0,102804688.0,0.871,0.14
003002,壶化股份,16.68,16.68,16.69,16.38,16.31,16.73,16.21,2046722.0,33817761.0,1.832,0.3
003003,天元股份,11.26,11.25,11.26,11.34,11.33,11.38,11.18,2443700.0,27551628.0,-0.705,-0.08
003004,声迅股份,70.5,70.5,70.56,69.0,68.98,71.24,68.76,1039300.0,72718097.0,2.174,1.5
003005,竞业达,13.66,13.65,13.66,13.65,13.59,14.04,13.56,2285300.0,31411052.0,0.073,0.01
003006,百亚股份,14.01,14.01,14.02,13.68,13.66,14.17,13.66,9488094.0,132179173.0,2.412,0.33
003007,直真科技,39.22,39.21,39.22,38.53,39.0,39.45,38.25,1501300.0,58550824.0,1.791,0.69
003008,开普检测,19.9,19.9,19.91,19.99,20.05,20.07,19.75,1002500.0,19920626.0,-0.45,-0.09
003009,中天火箭,47.28,47.27,47.28,46.49,46.48,47.8,46.2,2627263.0,123928295.0,1.699,0.79
003010,若羽臣,31.1,31.1,31.11,29.88,29.94,31.33,29.51,16110206.0,491802457.0,4.083,1.22
003011,海象新材,20.42,20.41,20.42,20.7,20.7,20.72,20.35,1547260.0,31659571.0,-1.353,-0.28
003012,东鹏控股,4.71,4.71,4.72,4.75,4.73,4.75,4.69,6602800.0,31156849.0,-0.842,-0.04
003013,地铁设计,16.07,0.0,16.07,17.85,17.85,17.85,16.07,19319344.0,323242877.0,-9.972,-1.78
003015,日久光电,12.26,12.24,12.26,12.07,12.1,12.3,11.97,4875799.0,59154522.0,1.574,0.19
003016,欣贺股份,6.98,6.98,6.99,7.07,7.07,7.1,6.95,2587300.0,18106453.0,-1.273,-0.09
003017,大洋生物,23.07,23.07,23.08,23.2,23.08,23.35,23.01,1776120.0,41117802.0,-0.56,-0.13
003018,金富科技,47.05,47.05,47.06,44.07,44.94,47.5,43.8,25717634.0,1177699475.0,6.762,2.98
003019,宸展光电,26.5,26.5,26.51,25.47,25.48,26.97,25.48,5303126.0,139433302.0,4.044,1.03
003020,立方制药,18.75,18.74,18.75,18.7,18.8,18.93,18.53,4995340.0,93495657.0,0.267,0.05
003021,兆威机电,71.55,71.55,71.56,70.96,70.26,71.79,70.01,3323284.0,235433281.0,0.831,0.59
003022,联泓新科,20.05,20.04,20.05,19.83,19.8,20.05,19.62,6817301.0,135420683.0,1.109,0.22
003023,彩虹集团,27.28,27.28,27.3,27.22,27.13,27.46,26.8,2059133.0,55961807.0,0.22,0.06
003025,思进智能,12.46,12.45,12.46,12.51,12.46,12.49,12.34,2733187.0,33973672.0,-0.4,-0.05
003026,中晶科技,29.75,29.74,29.75,28.64,28.51,29.96,28.51,6040515.0,177191246.0,3.876,1.11
003027,同兴科技,16.85,16.85,16.86,17.09,16.96,17.05,16.67,1855250.0,31245507.0,-1.404,-0.24
003028,振邦智能,22.8,22.8,22.82,22.77,22.6,22.9,22.5,516450.0,11748999.0,0.132,0.03
003029,吉大正元,16.93,16.92,16.93,16.88,16.72,17.07,16.71,2327232.0,39378536.0,0.296,0.05
003030,祖名股份,21.92,21.92,21.95,21.92,21.78,22.18,21.74,2663332.0,58479389.0,0.0,0.0
003031,中瓷电子,131.35,131.35,131.37,126.92,129.19,133.38,126.4,12051693.0,1568881791.0,3.49,4.43
003032,传智教育,10.45,10.44,10.45,9.9,9.99,10.55,9.91,58864976.0,605548528.0,5.556,0.55
003033,征和工业,68.98,68.91,68.98,63.96,63.93,69.38,62.33,1893600.0,126888093.0,7.849,5.02
003035,南网能源,5.69,5.69,5.7,5.66,5.65,5.7,5.59,55168407.0,311569989.0,0.53,0.03
003036,泰坦股份,53.96,53.95,53.96,51.3,51.31,54.2,50.89,6291535.0,331887109.0,5.185,2.66
003037,三和管桩,5.7,5.69,5.7,5.74,5.76,5.77,5.68,2170000.0,12389750.0,-0.697,-0.04
003038,鑫铂股份,10.96,10.95,10.96,11.07,11.1,11.1,10.85,2774120.0,30450486.0,-0.994,-0.11
003039,顺控发展,11.91,11.91,11.92,11.95,11.95,12.03,11.74,3698000.0,43916785.0,-0.335,-0.04
003040,楚天龙,18.73,18.73,0.0,17.03,17.62,18.73,17.62,94876899.0,1759884206.0,9.982,1.7
003041,真爱美家,38.35,38.35,38.36,38.28,38.27,38.7,37.67,1253000.0,47714730.0,0.183,0.07
003042,中农联合,14.55,14.54,14.55,14.15,14.1,15.04,14.07,7354996.0,106726537.0,2.827,0.4
003043,华亚智能,80.13,80.13,80.15,75.48,76.26,82.15,76.26,8727300.0,699794415.0,6.161,4.65
003816,中国广核,4.18,4.17,4.18,4.14,4.13,4.19,4.11,174301263.0,726414249.0,0.966,0.04
300001,特锐德,34.91,34.91,34.92,36.04,35.9,36.14,34.23,25752215.0,893402358.0,-3.135,-1.13
300002,神州泰岳,7.98,7.98,7.99,7.96,7.93,7.98,7.87,25118510.0,199236313.0,0.251,0.02
300003,乐普医疗,12.14,12.13,12.14,12.0,12.03,12.15,11.92,14585731.0,175829286.0,1.167,0.14
300004,南风股份,8.89,8.88,8.89,8.9,8.87,8.94,8.69,35376336.0,311137281.0,-0.112,-0.01
300005,探路者,10.66,10.66,10.67,10.43,10.37,10.73,10.27,34774482.0,366143660.0,2.205,0.23
300006,莱美药业,6.08,6.07,6.08,5.86,5.85,6.13,5.73,103190680.0,612893919.0,3.754,0.22
300007,汉威科技,31.59,31.59,31.6,30.91,30.93,31.66,30.8,5951327.0,186723515.0,2.2,0.68
300008,天海防务,6.22,6.22,6.23,6.18,6.16,6.23,6.11,30727053.0,190254718.0,0.647,0.04
300009,安科生物,8.8,8.8,8.81,8.77,8.63,8.82,8.51,71799508.0,621434728.0,0.342,0.03
300010,ST豆神,3.11,3.11,3.12,2.71,2.82,3.24,2.7,190347334.0,570879447.0,14.76,0.4
300011,鼎汉技术,6.05,6.04,6.05,6.06,6.05,6.07,5.99,5620800.0,33968126.0,-0.165,-0.01
300012,华测检测,15.05,15.05,15.06,14.98,14.89,15.08,14.78,27815207.0,415188098.0,0.467,0.07
300013,新宁物流,4.45,4.44,4.45,4.29,4.28,4.47,4.25,35847642.0,157332574.0,3.73,0.16
300014,亿纬锂能,55.47,55.47,55.48,55.9,55.7,55.8,54.36,31980579.0,1757996224.0,-0.769,-0.43
300015,爱尔眼科,8.52,8.52,8.53,8.53,8.5,8.56,8.45,42264477.0,359463892.0,-0.117,-0.01
300016,北陆药业,9.35,9.34,9.35,9.47,9.34,9.63,9.24,50740045.0,474613992.0,-1.267,-0.12
300017,网宿科技,15.47,15.47,15.48,14.88,15.16,15.63,15.05,196029696.0,3016204834.0,3.965,0.59
300018,中元股份,11.67,11.67,11.68,11.22,11.2,12.19,11.11,17783286.0,207507273.0,4.011,0.45
300019,硅宝科技,14.71,14.7,14.71,14.55,14.47,14.88,14.41,4226700.0,61839226.0,1.1,0.16
300020,ST银江,3.32,3.32,3.33,3.41,3.4,3.41,3.3,11226722.0,37480611.0,-2.639,-0.09
300021,大禹节水,4.1,4.1,4.11,3.93,3.93,4.18,3.93,38600927.0,156582574.0,4.326,0.17
300022,吉峰科技,8.31,8.31,8.32,8.18,8.18,8.34,8.14,10973701.0,90730699.0,1.589,0.13
300024,机器人,14.6,14.6,14.61,14.46,14.41,14.64,14.4,20457017.0,297213246.0,0.968,0.14
300025,华星创业,5.41,5.41,5.42,5.43,5.36,5.5,5.32,11564118.0,62573740.0,-0.368,-0.02
300026,红日药业,3.48,3.47,3.48,3.43,3.4,3.51,3.39,77400174.0,268580870.0,1.458,0.05
300027,ST华谊,1.78,1.78,1.79,1.83,1.82,1.83,1.75,46876793.0,83440225.0,-2.732,-0.05
300030,阳普医疗,6.92,6.92,6.93,6.96,6.88,7.02,6.88,5219400.0,36254346.0,-0.575,-0.04
300031,宝通科技,21.34,21.33,21.34,21.15,21.01,21.38,20.95,11610400.0,246046685.0,0.898,0.19
300032,金龙机电,3.89,3.89,3.9,3.91,3.9,3.93,3.87,13320500.0,51931543.0,-0.512,-0.02
300033,同花顺,233.22,233.22,233.23,223.09,223.0,233.99,220.37,22226452.0,5049060908.0,4.541,10.13
300034,钢研高纳,16.02,16.01,16.02,15.72,15.6,16.05,15.6,10509703.0,166764456.0,1.908,0.3
300035,中科电气,13.57,13.57,13.58,13.28,13.2,13.87,13.17,21035219.0,284495920.0,2.184,0.29
300036,超图软件,10.38,10.37,10.38,10.27,10.3,10.48,10.2,14719352.0,152421126.0,1.071,0.11
300037,新宙邦,65.39,65.36,65.39,61.2,61.42,65.45,60.55,17418140.0,1101011858.0,6.846,4.19
300039,上海凯宝,5.97,5.97,5.98,5.71,5.67,6.2,5.67,66565117.0,396660604.0,4.553,0.26
300040,九洲集团,5.91,5.9,5.91,5.95,5.95,5.96,5.82,27707700.0,162882771.0,-0.672,-0.04
300041,回天新材,10.96,10.95,10.96,10.86,10.76,10.98,10.62,19187998.0,207696526.0,0.921,0.1
300042,朗科科技,40.74,40.74,40.75,39.72,39.84,41.35,39.73,11236080.0,456510805.0,2.568,1.02
300043,星辉娱乐,4.47,4.46,4.47,4.45,4.44,4.47,4.4,18911700.0,84045897.0,0.449,0.02
300044,*ST赛为,5.42,5.42,5.43,5.37,5.37,5.55,5.35,12948260.0,70402624.0,0.931,0.05
300045,华力创通,12.33,12.33,12.34,11.92,11.99,12.41,11.89,17618019.0,214644430.0,3.44,0.41
300046,台基股份,25.03,25.03,25.04,24.27,24.3,25.14,24.24,6908316.0,171192392.0,3.131,0.76
300047,天源迪科,9.34,9.33,9.34,9.33,9.32,9.43,9.25,11380400.0,106443605.0,0.107,0.01
300048,合康新能,4.98,4.98,4.99,5.04,5.03,5.07,4.98,9967360.0,50038758.0,-1.19,-0.06
300049,福瑞医科,42.29,42.29,42.31,43.19,43.04,43.19,41.93,7504787.0,317525511.0,-2.084,-0.9
300050,世纪鼎利,6.39,6.39,6.4,6.77,6.75,6.75,6.2,36346828.0,234693872.0,-5.613,-0.38
300051,琏升科技,8.44,8.43,8.44,8.4,8.39,8.47,8.22,11498500.0,96246743.0,0.476,0.04
300052,中青宝,10.76,10.76,10.77,10.67,10.6,10.8,10.56,8862100.0,95173965.0,0.843,0.09
300053,航宇微,12.12,12.11,12.12,11.87,11.83,12.14,11.83,13011430.0,156795993.0,2.106,0.25
300054,鼎龙股份,75.0,74.99,75.0,72.19,73.0,75.46,72.07,27890346.0,2070802381.0,3.893,2.81
300055,万邦达,6.05,6.05,6.06,6.02,6.0,6.1,5.81,16799605.0,100952464.0,0.498,0.03
300056,中创环保,8.38,8.37,8.38,8.44,8.47,8.48,8.26,8632400.0,72160885.0,-0.711,-0.06
300057,万顺新材,6.69,6.68,6.69,6.57,6.51,6.7,6.49,25713624.0,170403152.0,1.826,0.12
300058,蓝色光标,13.55,13.55,13.56,13.14,13.24,13.57,13.13,223620915.0,3003332615.0,3.12,0.41
300059,东方财富,19.62,19.61,19.62,19.36,19.25,19.65,19.22,324199894.0,6299156509.0,1.343,0.26
300061,旗天科技,6.29,6.28,6.29,6.2,6.14,6.41,6.09,29784138.0,186479335.0,1.452,0.09
300062,中能电气,6.18,6.17,6.18,6.16,6.16,6.18,6.06,14907700.0,91413458.0,0.325,0.02
300063,天龙集团,8.75,8.74,8.75,8.64,8.64,8.81,8.61,21027900.0,183587698.0,1.273,0.11
300065,海兰信,15.46,15.45,15.46,15.21,15.21,15.49,15.1,21521787.0,331045334.0,1.644,0.25
300066,三川智慧,5.02,5.01,5.02,4.98,4.97,5.03,4.95,10619550.0,53118656.0,0.803,0.04
300067,安诺其,5.29,5.28,5.29,5.29,5.23,5.38,5.21,46931566.0,248929312.0,0.0,0.0
300068,ST南都,4.0,4.0,4.01,4.06,4.03,4.06,3.96,25564610.0,102274105.0,-1.478,-0.06
300069,金利华电,26.43,26.43,26.44,26.66,26.48,26.6,26.1,9012840.0,237834488.0,-0.863,-0.23
300070,碧水源,3.47,3.46,3.47,3.47,3.47,3.48,3.43,28483600.0,98409862.0,0.0,0.0
300071,福石控股,4.09,4.09,4.1,4.1,4.05,4.1,4.02,39706933.0,161530783.0,-0.244,-0.01
300072,海新能科,3.71,3.7,3.71,3.71,3.72,3.73,3.68,18253882.0,67499733.0,0.0,0.0
300073,当升科技,41.31,41.31,41.32,41.3,41.36,41.59,40.2,12566725.0,512284138.0,0.024,0.01
300074,华平股份,3.89,3.88,3.89,3.9,3.84,3.92,3.78,17398872.0,67187540.0,-0.256,-0.01
300075,数字政通,11.0,10.99,11.0,10.89,10.89,11.0,10.83,8294684.0,90630505.0,1.01,0.11
300076,*ST宁视,4.55,4.55,4.56,4.67,4.67,4.69,4.53,6921200.0,31630848.0,-2.57,-0.12
300077,国民技术,20.47,20.47,20.48,20.16,20.05,20.59,19.88,41478897.0,844286709.0,1.538,0.31
300078,思创智联,3.14,3.13,3.14,3.13,3.13,3.17,3.1,15064423.0,47249254.0,0.319,0.01
300079,数码视讯,4.57,4.57,4.58,4.56,4.55,4.59,4.53,17367700.0,79184952.0,0.219,0.01
300080,易成新能,3.82,3.81,3.82,3.82,3.81,3.85,3.76,13408120.0,50962500.0,0.0,0.0
300081,ST恒信,3.07,3.07,3.08,3.1,3.1,3.1,3.05,7390000.0,22722044.0,-0.968,-0.03
300082,奥克股份,8.6,8.6,8.61,8.88,8.8,8.83,8.47,29776530.0,255416878.0,-3.153,-0.28
300083,创世纪,13.43,13.43,13.44,13.35,13.31,13.61,12.87,122452811.0,1622697868.0,0.599,0.08
300084,海默科技,10.25,10.24,10.25,10.25,10.24,10.4,10.13,6559400.0,67483429.0,0.0,0.0
300085,银之杰,31.67,31.67,31.68,30.11,30.0,31.9,29.62,81766083.0,2546216833.0,5.181,1.56
300086,康芝药业,6.8,6.8,6.81,6.74,6.66,6.87,6.63,12330600.0,83446405.0,0.89,0.06
300087,ST荃银,5.83,5.82,5.83,5.64,5.68,5.99,5.68,26418527.0,154475497.0,3.369,0.19
300088,长信科技,7.1,7.09,7.1,6.94,6.95,7.13,6.94,87065049.0,613858555.0,2.305,0.16
300091,*ST金灵,2.49,2.48,2.49,2.49,2.49,2.5,2.48,2818000.0,7001838.0,0.0,0.0
300092,科新机电,12.03,12.02,12.03,12.01,11.92,12.03,11.86,3055400.0,36588422.0,0.167,0.02
300093,金刚光伏,25.5,25.5,25.51,25.14,24.85,25.58,24.42,9774167.0,243811959.0,1.432,0.36
300094,国联水产,3.0,3.0,3.01,2.91,2.93,3.02,2.88,50328100.0,149501096.0,3.093,0.09
300095,华伍股份,8.15,8.15,8.16,8.1,8.13,8.2,8.05,3716700.0,30278420.0,0.617,0.05
300096,ST易联众,9.04,9.03,9.04,9.0,9.0,9.08,8.93,1714400.0,15469199.0,0.444,0.04
300097,智云股份,10.21,10.21,10.22,10.31,10.41,10.51,9.98,25586402.0,260251130.0,-0.97,-0.1
300098,高新兴,4.55,4.54,4.55,4.48,4.48,4.56,4.46,27398407.0,124080839.0,1.562,0.07
300099,尤洛卡,6.02,6.02,6.03,5.97,5.99,6.03,5.92,7505711.0,44959943.0,0.838,0.05
300100,双林股份,21.75,21.74,21.75,21.59,21.39,22.39,21.39,6512373.0,142599538.0,0.741,0.16
300101,振芯科技,14.24,14.24,14.25,14.3,14.11,14.28,13.88,7643277.0,108172971.0,-0.42,-0.06
300102,乾照光电,18.23,18.22,18.23,17.75,17.64,18.4,17.63,20765050.0,376112563.0,2.704,0.48
300103,达刚控股,7.82,7.82,7.83,7.91,7.91,8.02,7.79,4174400.0,32855959.0,-1.138,-0.09
300105,龙源技术,7.69,7.68,7.69,7.66,7.65,7.7,7.53,12989500.0,99034736.0,0.392,0.03
300106,西部牧业,10.72,10.72,10.73,10.44,10.34,10.87,10.34,12445200.0,132867961.0,2.682,0.28
300107,建新股份,6.8,6.8,6.81,6.87,6.8,6.96,6.7,23430368.0,159756146.0,-1.019,-0.07
300109,新开源,15.25,15.24,15.25,15.35,15.05,15.77,14.97,25408275.0,388347991.0,-0.651,-0.1
300110,华仁药业,2.92,2.92,2.93,2.9,2.88,2.94,2.86,39759500.0,115442823.0,0.69,0.02
300111,向日葵,3.11,3.11,3.12,3.08,3.12,3.14,3.01,35777155.0,111121863.0,0.974,0.03
300112,万讯自控,10.7,10.7,10.71,10.53,10.59,10.76,10.11,34617551.0,361734109.0,1.614,0.17
300113,顺网科技,16.21,16.21,16.22,16.09,16.15,16.23,15.97,13721636.0,221332882.0,0.746,0.12
300115,长盈精密,24.07,24.07,24.08,25.62,24.38,24.59,23.39,69792906.0,1673000168.0,-6.05,-1.55
300118,东方日升,9.75,9.75,9.76,9.84,9.84,9.84,9.57,22422050.0,217618118.0,-0.915,-0.09
300119,瑞普生物,17.2,17.19,17.2,16.85,16.83,17.22,16.59,5548290.0,93906917.0,2.077,0.35
300120,经纬辉开,9.56,9.55,9.56,9.3,9.29,9.63,9.02,65633708.0,616011978.0,2.796,0.26
300121,阳谷华泰,9.87,9.86,9.87,9.72,9.69,9.88,9.69,7232339.0,71013726.0,1.543,0.15
300122,智飞生物,15.0,15.0,15.01,14.17,14.2,15.38,13.76,116404127.0,1682748888.0,5.857,0.83
300123,ST亚光,4.58,4.57,4.58,4.41,4.43,4.62,4.38,25003361.0,112612833.0,3.855,0.17
300124,汇川技术,62.12,62.12,62.13,61.9,61.6,62.19,61.5,13471259.0,833069278.0,0.355,0.22
300125,聆达股份,10.12,10.11,10.12,10.0,10.01,10.16,9.73,15382605.0,153651956.0,1.2,0.12
300126,锐奇股份,6.59,6.59,6.6,6.54,6.62,6.64,6.53,4303717.0,28362347.0,0.765,0.05
300127,银河磁体,25.38,25.38,25.39,24.92,24.79,25.45,24.71,5112311.0,128837081.0,1.846,0.46
300128,锦富技术,4.98,4.97,4.98,4.9,4.94,5.02,4.87,37823600.0,187323080.0,1.633,0.08
300129,泰胜风能,7.36,7.35,7.36,7.33,7.28,7.38,7.24,10425085.0,76363511.0,0.409,0.03
300130,新国都,19.88,19.88,19.89,19.71,19.65,20.02,19.59,19492207.0,385230091.0,0.863,0.17
300131,英唐智控,16.88,16.87,16.88,16.22,16.3,17.15,16.23,61404543.0,1028456438.0,4.069,0.66
300132,诺斯贝尔,6.43,6.43,6.44,6.35,6.35,6.48,6.3,9622098.0,61624896.0,1.26,0.08
300133,华策影视,6.93,6.92,6.93,6.92,6.9,6.94,6.83,37452966.0,258163285.0,0.145,0.01
300134,大富科技,8.45,8.45,8.46,8.38,8.35,8.47,8.31,9941159.0,83739342.0,0.835,0.07
300135,宝利国际,3.53,3.52,3.53,3.51,3.48,3.54,3.46,17079999.0,59881170.0,0.57,0.02
300136,信维通信,62.07,62.06,62.07,59.62,59.7,62.2,59.51,34878766.0,2132617157.0,4.109,2.45
300137,先河环保,11.73,11.73,11.74,11.57,11.57,11.8,11.48,11045800.0,128812230.0,1.383,0.16
300138,晨光生物,11.48,11.47,11.48,11.49,11.53,11.56,11.33,4728184.0,54112072.0,-0.087,-0.01
300139,晓程科技,54.53,54.52,54.53,54.24,54.1,56.9,53.1,58297066.0,3212695483.0,0.535,0.29
300140,节能环境,5.46,5.46,5.47,5.52,5.53,5.53,5.4,11583344.0,63037327.0,-1.087,-0.06
300141,和顺电气,9.95,9.94,9.95,10.0,9.99,10.02,9.83,4839900.0,48125757.0,-0.5,-0.05
300142,沃森生物,15.58,15.57,15.58,15.26,15.12,15.66,14.66,285462744.0,4302250591.0,2.097,0.32
300143,盈康生命,7.86,7.86,7.87,7.85,7.83,7.87,7.73,7790680.0,60840995.0,0.127,0.01
300144,宋城演艺,5.89,5.88,5.89,5.95,5.94,5.94,5.86,27271912.0,160612058.0,-1.008,-0.06
300145,南方泵业,4.58,4.58,4.59,4.41,4.39,4.74,4.38,121361690.0,556199349.0,3.855,0.17
300146,汤臣倍健,9.83,9.82,9.83,9.83,9.83,9.85,9.75,5888300.0,57691333.0,0.0,0.0
300147,*ST香雪,6.68,6.68,6.69,6.7,6.64,6.74,6.55,7793636.0,51780104.0,-0.299,-0.02
300148,天舟文化,3.4,3.39,3.4,3.41,3.39,3.41,3.36,13363766.0,45299832.0,-0.293,-0.01
300149,睿智医药,9.93,9.93,9.94,9.88,9.79,9.97,9.7,24093578.0,236919376.0,0.506,0.05
300150,世纪瑞尔,4.28,4.27,4.28,4.39,4.31,4.34,4.17,8491900.0,36301846.0,-2.506,-0.11
300151,昌红科技,16.53,16.52,16.53,15.97,15.98,16.6,15.95,13059276.0,213447760.0,3.507,0.56
300152,*ST动力,1.75,1.74,1.75,1.77,1.75,1.81,1.72,26452700.0,46683208.0,-1.13,-0.02
300153,科泰电源,22.27,22.27,22.28,21.67,21.54,22.49,21.09,10474488.0,228747130.0,2.769,0.6
300154,瑞凌股份,12.12,12.11,12.12,12.34,12.47,12.7,12.08,18329196.0,227102989.0,-1.783,-0.22
300155,安居宝,4.48,4.48,4.5,4.52,4.49,4.56,4.46,12306100.0,55427393.0,-0.885,-0.04
300157,新锦动力,4.06,4.05,4.06,4.02,4.0,4.09,3.95,32803622.0,133046358.0,0.995,0.04
300158,振东制药,5.25,5.25,5.26,5.24,5.21,5.32,5.19,15962110.0,83924201.0,0.191,0.01
300159,新研股份,3.03,3.03,3.04,2.99,2.98,3.04,2.95,38170327.0,114734946.0,1.338,0.04
300160,秀强股份,4.4,4.4,4.41,4.41,4.4,4.42,4.35,5244660.0,23024242.0,-0.227,-0.01
300161,华中数控,26.78,26.77,26.78,26.4,26.41,26.78,26.11,2818800.0,74877611.0,1.439,0.38
300162,雷曼光电,7.74,7.74,7.75,7.67,7.61,7.81,7.55,19135953.0,147583938.0,0.913,0.07
300163,先锋新材,7.57,7.57,7.58,6.97,7.07,8.36,7.02,92169125.0,714985781.0,8.608,0.6
300164,通源石油,9.83,9.83,9.84,9.7,9.69,9.95,9.52,84330800.0,827070240.0,1.34,0.13
300165,天瑞仪器,5.26,5.26,5.27,5.25,5.23,5.35,5.16,15224900.0,80080030.0,0.19,0.01
300166,东方国信,13.17,13.17,13.18,12.86,12.88,13.2,12.82,30145450.0,393631835.0,2.411,0.31
300167,ST迪威迅,4.03,4.03,4.04,4.11,4.09,4.1,3.95,5160200.0,20692750.0,-1.946,-0.08
300168,万达信息,4.96,4.96,4.97,4.99,4.99,5.01,4.91,15088473.0,74830827.0,-0.601,-0.03
300169,天晟新材,5.58,5.57,5.58,5.62,5.62,5.64,5.53,5710900.0,31808554.0,-0.712,-0.04
300170,汉得信息,15.3,15.29,15.3,15.03,15.18,15.38,15.07,32074901.0,488387829.0,1.796,0.27
300171,东富龙,14.99,14.98,14.99,14.94,14.78,15.23,14.65,23092279.0,344516054.0,0.335,0.05
300172,中电环保,4.65,4.64,4.65,4.65,4.64,4.68,4.6,8289600.0,38439527.0,0.0,0.0
300173,ST福能,3.31,3.3,3.31,3.32,3.31,3.33,3.28,3960900.0,13093211.0,-0.301,-0.01
300174,元力股份,19.63,19.62,19.63,18.9,19.0,19.7,18.78,11450200.0,222427731.0,3.862,0.73
300175,朗源股份,5.94,5.94,5.95,5.9,5.95,5.98,5.86,5303400.0,31466120.0,0.678,0.04
300176,鸿特科技,4.73,4.72,4.73,4.76,4.74,4.77,4.7,12533400.0,59338021.0,-0.63,-0.03
300177,中海达,6.48,6.47,6.48,6.34,6.34,6.55,6.27,13311310.0,85542770.0,2.208,0.14
300179,四方达,37.47,37.46,37.47,34.67,34.73,37.59,34.73,45200250.0,1642470493.0,8.076,2.8
300180,华峰超纤,4.86,4.85,4.86,4.84,4.76,4.91,4.76,88717505.0,429373018.0,0.413,0.02
300181,佐力药业,14.21,14.21,14.22,14.26,14.15,14.26,13.94,14583192.0,205504904.0,-0.351,-0.05
300182,捷成股份,4.93,4.93,4.94,4.89,4.88,4.94,4.84,64060200.0,313577607.0,0.818,0.04
300183,东软载波,10.66,10.65,10.66,10.8,10.71,10.77,10.43,4708600.0,49923691.0,-1.296,-0.14
300184,力源信息,12.35,12.34,12.35,11.79,11.81,12.37,11.8,61204327.0,744561846.0,4.75,0.56
300185,通裕重工,2.72,2.71,2.72,2.72,2.71,2.72,2.69,43537114.0,117902118.0,0.0,0.0
300187,永清环保,4.68,4.68,4.69,4.69,4.7,4.7,4.61,7067900.0,32922817.0,-0.213,-0.01
300188,国投智能,10.41,10.41,10.42,10.41,10.4,10.5,10.26,9122098.0,94551360.0,0.0,0.0
300189,神农种业,6.63,6.63,6.64,6.08,6.12,6.8,6.11,331630244.0,2158186733.0,9.046,0.55
300190,维尔利,3.74,3.73,3.74,3.66,3.6,3.74,3.6,20024780.0,73349539.0,2.186,0.08
300191,潜能恒信,37.49,37.48,37.49,37.19,37.01,38.4,36.81,18798187.0,708056544.0,0.807,0.3
300192,科德教育,17.05,17.04,17.05,16.5,16.49,17.3,16.33,28050344.0,474707990.0,3.333,0.55
300193,佳士科技,7.96,7.95,7.96,7.97,7.9,8.03,7.88,6834400.0,54472065.0,-0.125,-0.01
300194,福安药业,4.03,4.02,4.03,3.99,3.98,4.06,3.97,20601534.0,82685837.0,1.003,0.04
300195,长荣股份,5.94,5.94,5.95,5.68,5.97,6.17,5.93,33571288.0,201623641.0,4.577,0.26
300196,长海股份,17.06,17.05,17.06,16.61,16.68,17.12,16.48,10521028.0,177811035.0,2.709,0.45
300197,节能铁汉,2.05,2.04,2.05,2.01,1.99,2.06,1.98,92945430.0,189265779.0,1.99,0.04
300198,*ST纳川,2.36,2.35,2.36,2.36,2.37,2.39,2.34,5350900.0,12617824.0,0.0,0.0
300199,翰宇药业,23.34,23.34,23.35,22.67,22.71,23.45,22.41,33817425.0,775117316.0,2.955,0.67
300200,高盟新材,8.59,8.58,8.59,8.45,8.46,8.6,8.4,6151500.0,52396154.0,1.657,0.14
300201,海伦哲,14.32,14.32,14.33,14.13,14.1,14.38,13.88,23178255.0,327907243.0,1.345,0.19
300203,聚光科技,13.36,13.35,13.36,13.27,13.21,13.44,13.15,6117900.0,81421075.0,0.678,0.09
300204,舒泰神,21.88,21.88,21.89,21.72,21.45,21.94,21.23,22568989.0,487533427.0,0.737,0.16
300205,*ST天喻,4.93,4.93,4.98,4.8,4.9,5.02,4.86,4103200.0,20334109.0,2.708,0.13
300206,理邦仪器,11.83,11.83,11.84,11.82,11.8,11.96,11.73,6695581.0,79160996.0,0.085,0.01
300207,欣旺达,18.09,18.08,18.09,18.17,18.04,18.11,17.55,44306307.0,788650500.0,-0.44,-0.08
300209,行云科技,35.48,35.47,35.48,34.92,34.92,36.0,34.41,72843600.0,2580004349.0,1.604,0.56
300210,森远股份,8.25,8.24,8.25,8.19,8.19,8.25,8.13,3828900.0,31456555.0,0.733,0.06
300211,*ST亿通,7.67,7.67,7.68,7.6,7.6,7.67,7.58,1538298.0,11740491.0,0.921,0.07
300212,*ST易录,7.67,7.67,7.68,7.76,7.69,7.75,7.61,8245586.0,63253282.0,-1.16,-0.09
300213,佳讯飞鸿,6.37,6.36,6.37,6.36,6.35,6.39,6.3,8237700.0,52276798.0,0.157,0.01
300214,日科化学,12.01,12.0,12.01,11.79,11.79,12.23,11.62,36823252.0,441232011.0,1.866,0.22
300215,电科院,6.43,6.43,6.44,6.04,6.24,6.65,6.24,44129784.0,286029751.0,6.457,0.39
300217,东方电热,4.24,4.24,4.25,4.2,4.2,4.27,4.15,20438610.0,86018955.0,0.952,0.04
300218,安利股份,12.73,12.73,12.75,12.76,12.8,12.83,12.67,1226800.0,15626911.0,-0.235,-0.03
300219,鸿利智汇,7.05,7.04,7.05,6.94,6.93,7.09,6.9,14201431.0,99583548.0,1.585,0.11
300220,金运激光,11.07,11.06,11.07,11.09,11.09,11.17,10.98,1872420.0,20735152.0,-0.18,-0.02
300221,银禧科技,13.93,13.92,13.93,13.73,13.6,14.03,13.58,16987600.0,235264616.0,1.457,0.2
300222,科大智能,10.17,10.17,10.18,10.17,10.1,10.26,10.06,17389232.0,176299135.0,0.0,0.0
300223,君正股份,140.48,140.48,140.49,132.07,133.06,140.68,132.7,27513451.0,3787912112.0,6.368,8.41
300224,正海磁材,11.51,11.51,11.52,11.26,11.21,11.56,11.19,16788579.0,192035011.0,2.22,0.25
300225,金力泰,7.15,7.15,7.16,7.36,7.25,7.35,6.89,18217510.0,129620686.0,-2.853,-0.21
300226,上海钢联,16.71,16.7,16.71,16.77,16.7,16.83,16.6,6286507.0,104873806.0,-0.358,-0.06
300227,光韵达,13.03,13.03,13.04,11.83,11.99,13.11,11.8,42458435.0,540499523.0,10.144,1.2
300228,富瑞特装,7.45,7.44,7.45,7.47,7.46,7.47,7.34,14071000.0,104376541.0,-0.268,-0.02
300229,拓尔思,13.31,13.31,13.32,13.15,13.17,13.34,13.05,14830071.0,195989678.0,1.217,0.16
300230,永利股份,4.38,4.37,4.38,4.33,4.34,4.39,4.31,12095183.0,52692430.0,1.155,0.05
300231,银信科技,8.29,8.29,8.3,8.31,8.29,8.35,8.23,7143010.0,59210157.0,-0.241,-0.02
300232,洲明科技,5.49,5.49,5.5,5.51,5.47,5.54,5.46,14731500.0,80915418.0,-0.363,-0.02
300233,金城医药,13.5,13.49,13.5,13.39,13.34,13.62,13.31,7105026.0,95766491.0,0.822,0.11
300234,开尔新材,10.19,10.18,10.19,9.63,9.63,10.3,9.53,14571464.0,145158011.0,5.815,0.56
300235,方直科技,10.91,10.9,10.91,11.12,11.01,11.18,10.86,6046263.0,66310077.0,-1.888,-0.21
300236,上海新阳,90.61,90.6,90.61,86.5,87.94,91.48,86.76,8586196.0,769323750.0,4.751,4.11
300237,ST美晨,2.01,2.0,2.01,2.01,2.0,2.01,1.99,7564200.0,15143149.0,0.0,0.0
300238,冠昊生物,11.95,11.95,11.96,11.85,11.85,12.08,11.71,4140629.0,49313925.0,0.844,0.1
300239,东宝生物,5.17,5.16,5.17,5.17,5.14,5.21,5.11,6571300.0,33907285.0,0.0,0.0
300240,飞力达,6.12,6.11,6.12,6.17,6.13,6.18,6.09,6343000.0,38871412.0,-0.81,-0.05
300241,瑞丰光电,5.85,5.84,5.85,5.74,5.75,5.87,5.73,18425958.0,107095951.0,1.916,0.11
300242,佳云科技,4.05,4.05,4.06,4.04,4.04,4.06,4.01,8610104.0,34780461.0,0.248,0.01
300243,瑞丰高材,17.11,17.1,17.11,16.08,16.11,17.89,16.11,33980724.0,584111008.0,6.405,1.03
300244,迪安诊断,18.82,18.82,18.83,19.03,19.01,19.38,18.65,27892285.0,526415127.0,-1.104,-0.21
300245,ST天玑,5.93,5.92,5.93,5.85,5.86,6.03,5.84,6701844.0,39697354.0,1.368,0.08
300246,宝莱特,15.23,15.22,15.23,15.24,15.18,15.5,14.95,10382732.0,157936103.0,-0.066,-0.01
300247,融捷健康,3.79,3.78,3.79,3.8,3.8,3.83,3.77,10130800.0,38441593.0,-0.263,-0.01
300248,新开普,8.81,8.81,8.82,8.78,8.71,8.87,8.69,7325100.0,64358959.0,0.342,0.03
300249,依米康,13.27,13.26,13.27,12.86,12.81,13.32,12.8,18613957.0,245268922.0,3.188,0.41
300250,初灵信息,15.3,15.29,15.3,15.22,15.46,15.46,15.16,4328497.0,66166519.0,0.526,0.08
300251,光线传媒,10.93,10.93,10.94,10.91,10.9,10.95,10.8,23427712.0,254648054.0,0.183,0.02
300252,金信诺,11.98,11.97,11.98,11.54,11.47,11.98,11.47,25042300.0,296558627.0,3.813,0.44
300253,卫宁健康,6.82,6.82,6.83,6.78,6.77,6.85,6.75,34337697.0,233695116.0,0.59,0.04
300254,仟源医药,9.2,9.2,9.21,9.18,9.09,9.36,9.06,16529762.0,151860158.0,0.218,0.02
300255,常山药业,24.58,24.58,24.59,23.88,23.68,24.64,23.67,24162952.0,587127103.0,2.931,0.7
300256,星星科技,2.91,2.91,2.92,2.9,2.92,2.94,2.86,46624300.0,135545770.0,0.345,0.01
300257,开山股份,18.57,18.57,18.58,17.92,17.99,18.66,17.81,8457925.0,155116565.0,3.627,0.65
300258,精锻科技,9.56,9.55,9.56,9.46,9.46,9.57,9.43,4709616.0,44859516.0,1.057,0.1
300259,新天科技,4.45,4.45,4.46,4.35,4.34,4.58,4.32,42178109.0,188341017.0,2.299,0.1
300260,新莱应材,60.89,60.89,60.9,58.92,59.5,62.08,58.96,13449214.0,814412566.0,3.344,1.97
300261,雅本化学,5.05,5.04,5.05,5.0,4.98,5.07,4.96,9118800.0,45879931.0,1.0,0.05
300263,隆华科技,10.58,10.57,10.58,10.23,10.18,10.58,10.08,46826065.0,488003277.0,3.421,0.35
300264,佳创视讯,6.54,6.54,6.55,6.5,6.5,6.57,6.45,6915900.0,45041580.0,0.615,0.04
300265,通光线缆,14.31,14.3,14.31,13.89,13.83,14.38,13.71,24027700.0,341980243.0,3.024,0.42
300266,兴源环境,1.9,1.89,1.9,1.92,1.91,1.92,1.87,16968500.0,32163160.0,-1.042,-0.02
300267,尔康制药,3.42,3.41,3.42,3.33,3.3,3.43,3.27,62427111.0,211981659.0,2.703,0.09
300268,佳沃食品,13.45,13.42,13.45,13.31,13.29,13.68,13.18,4281400.0,57856941.0,1.052,0.14
300269,联建光电,4.97,4.96,4.97,4.9,4.88,5.05,4.88,21778100.0,108202368.0,1.429,0.07
300270,中威电子,11.49,11.49,11.5,11.29,11.21,11.51,11.19,10544730.0,120132298.0,1.771,0.2
300271,华宇软件,5.55,5.55,5.56,5.59,5.63,5.64,5.52,10145192.0,56484670.0,-0.716,-0.04
300272,开能健康,5.93,5.92,5.93,5.91,5.89,5.97,5.85,6610728.0,39122902.0,0.338,0.02
300274,阳光电源,98.84,98.83,98.84,112.62,111.0,111.08,96.65,141669210.0,14133098171.0,-12.236,-13.78
300275,梅安森,9.05,9.05,9.06,8.95,8.94,9.05,8.81,4518101.0,40387637.0,1.117,0.1
300276,三丰智能,6.39,6.39,6.4,6.32,6.3,6.45,6.22,20695001.0,131970241.0,1.108,0.07
300277,汽轮科技,12.28,12.28,12.29,11.54,11.96,12.4,11.91,32589288.0,397030923.0,6.412,0.74
300278,华昌达,3.86,3.85,3.86,3.81,3.81,3.88,3.8,14016110.0,53950573.0,1.312,0.05
300279,和晶科技,5.71,5.7,5.71,5.73,5.73,5.75,5.67,6003900.0,34290367.0,-0.349,-0.02
300281,金明精机,6.47,6.47,6.48,6.41,6.41,6.49,6.39,6014050.0,38792078.0,0.936,0.06
300283,温州宏丰,13.42,13.42,13.43,12.97,13.09,13.52,12.9,28358286.0,376944512.0,3.47,0.45
300284,苏交科,5.25,5.24,5.25,5.29,5.27,5.29,5.2,10434960.0,54624740.0,-0.756,-0.04
300285,国瓷材料,70.01,70.0,70.01,64.12,64.83,70.71,63.68,111997956.0,7585483782.0,9.186,5.89
300286,安科瑞,19.78,19.78,19.79,19.53,19.8,19.85,19.24,2975600.0,58390832.0,1.28,0.25
300287,飞利信,3.62,3.62,3.63,3.58,3.55,3.64,3.55,22035538.0,79619281.0,1.117,0.04
300288,朗玛信息,10.01,10.0,10.01,10.0,10.06,10.1,9.94,2872667.0,28750995.0,0.1,0.01
300289,利德曼,6.16,6.16,6.17,5.98,5.98,6.39,5.97,15100159.0,93872180.0,3.01,0.18
300290,ST荣科,6.09,6.08,6.09,6.03,5.96,6.18,5.81,27917410.0,167237289.0,0.995,0.06
300291,百纳千成,5.07,5.06,5.07,5.03,5.0,5.12,4.96,21049300.0,106392148.0,0.795,0.04
300292,吴通控股,4.29,4.29,4.3,4.24,4.24,4.31,4.24,38744161.0,165881122.0,1.179,0.05
300293,蓝英装备,16.19,16.18,16.19,15.95,16.1,16.33,15.83,5526517.0,89281543.0,1.505,0.24
300294,博雅生物,14.93,14.93,14.94,15.08,14.93,15.05,14.74,5299000.0,78778490.0,-0.995,-0.15
300295,*ST三六,12.44,12.44,12.47,12.44,12.4,12.67,12.35,2648700.0,33185247.0,0.0,0.0
300296,利亚德,5.15,5.15,5.16,5.12,5.12,5.16,5.09,30807444.0,158237898.0,0.586,0.03
300298,三诺生物,16.13,16.13,16.14,16.18,16.1,16.26,16.02,2751100.0,44343477.0,-0.309,-0.05
300299,富春股份,5.38,5.37,5.38,5.39,5.35,5.41,5.33,10385743.0,55818682.0,-0.186,-0.01
300300,海峡创新,7.8,7.8,7.81,7.38,7.32,7.91,7.25,65664187.0,505595646.0,5.691,0.42
300301,ST长方,3.28,3.27,3.28,3.25,3.25,3.3,3.2,8490800.0,27545130.0,0.923,0.03
300302,同有科技,32.36,32.35,32.36,28.97,29.55,32.44,29.55,40847472.0,1263703107.0,11.702,3.39
300303,聚飞光电,7.21,7.2,7.21,7.0,7.03,7.21,7.01,35437364.0,252796950.0,3.0,0.21
300304,云意电气,11.5,11.5,11.51,11.11,11.11,11.55,11.06,13588300.0,154766169.0,3.51,0.39
300305,裕兴股份,6.13,6.13,6.14,6.14,6.09,6.18,6.06,5174000.0,31706066.0,-0.163,-0.01
300306,远方信息,10.4,10.39,10.4,10.46,10.52,10.52,10.36,2573000.0,26829538.0,-0.574,-0.06
300307,慈星股份,7.53,7.53,7.54,7.45,7.5,7.57,7.43,19068600.0,143073743.0,1.074,0.08
300308,中际旭创,866.12,866.11,866.12,850.9,877.01,880.0,860.05,26154836.0,22780310824.0,1.789,15.22
300310,宜通世纪,4.5,4.49,4.5,4.49,4.43,4.52,4.43,16957914.0,76156717.0,0.223,0.01
300311,任子行,5.54,5.54,5.55,5.31,5.34,5.75,5.33,54397597.0,304821610.0,4.331,0.23
300313,天山生物,16.64,16.63,16.64,15.55,15.53,16.8,15.25,42873356.0,698852746.0,7.01,1.09
300314,戴维医疗,12.29,12.28,12.29,12.19,12.15,12.88,12.11,13358445.0,165122323.0,0.82,0.1
300315,掌趣科技,3.96,3.95,3.96,3.94,3.93,3.96,3.91,35419955.0,139600640.0,0.508,0.02
300316,晶盛机电,45.18,45.18,45.19,43.47,43.36,45.2,43.21,11889374.0,529701885.0,3.934,1.71
300317,珈伟新能,4.23,4.23,4.24,4.3,4.25,4.26,4.15,51831877.0,217581853.0,-1.628,-0.07
300318,博晖创新,5.12,5.11,5.12,5.09,5.05,5.16,4.99,11277800.0,57504622.0,0.589,0.03
300319,麦捷科技,18.99,18.99,19.0,17.62,17.94,19.18,17.92,138966547.0,2597180985.0,7.775,1.37
300320,海达股份,8.44,8.44,8.45,8.46,8.46,8.48,8.36,4372900.0,36850421.0,-0.236,-0.02
300321,同大股份,32.0,31.99,32.0,32.69,32.51,32.87,31.5,3319300.0,106733653.0,-2.111,-0.69
300322,硕贝德,17.99,17.98,17.99,17.32,17.45,18.06,17.33,17443269.0,311208146.0,3.868,0.67
300323,华灿光电,12.03,12.02,12.03,11.68,11.57,12.21,11.52,80550202.0,954596858.0,2.997,0.35
300324,旋极信息,3.49,3.49,3.5,3.44,3.41,3.51,3.41,26171233.0,91156179.0,1.453,0.05
300326,ST凯利,6.16,6.15,6.16,6.16,6.14,6.17,6.11,4526100.0,27797404.0,0.0,0.0
300327,中颖电子,24.22,24.22,24.23,23.39,23.45,24.28,23.33,12657552.0,302509898.0,3.549,0.83
300328,宜安科技,17.21,17.21,17.22,17.33,16.81,17.41,16.71,66017387.0,1125384030.0,-0.692,-0.12
300329,海伦钢琴,12.2,12.2,12.21,11.94,11.91,12.28,11.91,2790800.0,33831689.0,2.178,0.26
300331,苏大维格,49.81,49.8,49.81,47.73,48.21,49.93,47.33,12963544.0,632087670.0,4.358,2.08
300332,天壕能源,5.02,5.01,5.02,5.03,5.05,5.07,4.96,22646600.0,113380307.0,-0.199,-0.01
300333,兆日科技,13.78,13.77,13.78,12.34,12.36,14.33,12.34,105716442.0,1412670456.0,11.669,1.44
300334,津膜科技,8.05,8.05,8.06,8.05,8.09,8.14,7.96,8702900.0,70088873.0,0.0,0.0
300335,迪森股份,5.56,5.56,5.57,5.59,5.54,5.61,5.52,14669000.0,81690629.0,-0.537,-0.03
300337,银邦股份,9.97,9.96,9.97,9.87,9.86,9.99,9.76,14329664.0,141715023.0,1.013,0.1
300338,*ST开元,3.19,3.18,3.19,3.28,3.28,3.37,3.17,11430000.0,36982397.0,-2.744,-0.09
300339,润和软件,35.81,35.8,35.81,35.18,35.12,35.86,35.06,15293740.0,542367471.0,1.791,0.63
300340,科恒股份,8.96,8.96,8.97,9.04,9.0,9.0,8.86,9954280.0,88897551.0,-0.885,-0.08
300341,麦克奥迪,13.28,13.28,13.3,13.22,13.2,13.38,13.13,4394851.0,58223245.0,0.454,0.06
300342,天银机电,32.58,32.58,32.59,31.65,31.5,32.8,31.45,11161185.0,360793806.0,2.938,0.93
300343,联创股份,5.83,5.83,5.84,5.67,5.69,5.92,5.65,27300855.0,158439965.0,2.822,0.16
300345,华民股份,8.22,8.22,8.23,8.7,8.58,8.77,7.99,92827421.0,762669861.0,-5.517,-0.48
300346,南大光电,56.61,56.61,56.62,54.47,54.89,56.78,54.15,31148648.0,1742306009.0,3.929,2.14
300347,泰格医药,50.78,50.78,50.79,50.85,50.6,50.97,49.6,12365517.0,622073387.0,-0.138,-0.07
300348,长亮科技,10.19,10.18,10.19,10.12,10.07,10.25,9.96,35065663.0,353775300.0,0.692,0.07
300349,金卡智能,10.26,10.25,10.26,10.2,10.12,10.27,10.1,5728900.0,58477546.0,0.588,0.06
300350,华鹏飞,4.43,4.43,4.44,4.44,4.4,4.48,4.4,8871619.0,39491280.0,-0.225,-0.01
300351,永贵电器,14.26,14.26,14.27,14.05,13.96,14.36,13.94,7146518.0,101384233.0,1.495,0.21
300352,ST信源,2.47,2.47,2.48,2.46,2.49,2.63,2.46,43792275.0,110983075.0,0.407,0.01
300353,东土科技,18.83,18.83,18.84,18.87,18.78,18.93,18.63,8966471.0,168637843.0,-0.212,-0.04
300354,东华测试,27.0,27.0,27.11,26.85,26.82,27.35,26.82,2415800.0,65416949.0,0.559,0.15
300355,蒙草生态,2.87,2.86,2.87,2.99,2.93,2.93,2.82,54791100.0,156739768.0,-4.013,-0.12
300357,我武生物,23.36,23.36,23.37,23.55,23.41,23.6,22.7,11519848.0,265890363.0,-0.807,-0.19
300358,楚天科技,9.18,9.18,9.19,9.17,9.13,9.26,9.03,35399864.0,323467741.0,0.109,0.01
300359,全通教育,4.2,4.19,4.2,4.21,4.21,4.24,4.15,10616900.0,44458143.0,-0.238,-0.01
300360,炬华科技,11.52,11.51,11.52,11.69,11.63,11.63,11.38,5669058.0,65114119.0,-1.454,-0.17
300363,博腾股份,20.2,20.19,20.2,20.58,20.59,20.66,19.97,25926089.0,525357292.0,-1.846,-0.38
300364,中文在线,22.58,22.58,22.59,22.06,22.22,22.62,21.93,30137396.0,674188389.0,2.357,0.52
300365,恒华科技,4.71,4.71,4.72,4.71,4.71,4.72,4.66,8268924.0,38849827.0,0.0,0.0
300366,ST创意,5.15,5.14,5.15,5.15,5.11,5.17,5.1,7706300.0,39489546.0,0.0,0.0
300368,汇金股份,9.62,9.62,0.0,8.02,7.96,9.62,7.9,65294867.0,606935398.0,19.95,1.6
300369,绿盟科技,6.97,6.97,6.98,6.83,6.9,7.13,6.88,38724176.0,271090843.0,2.05,0.14
300370,安控科技,2.3,2.29,2.3,2.27,2.26,2.31,2.26,19710100.0,45127350.0,1.322,0.03
300371,汇中股份,10.69,10.69,10.7,10.74,10.71,10.85,10.63,1694600.0,18169834.0,-0.466,-0.05
300373,扬杰科技,96.93,96.92,96.93,91.55,92.5,97.35,92.03,17310548.0,1653197465.0,5.877,5.38
300374,中铁装配,10.78,10.76,10.78,10.88,10.88,10.88,10.75,2452400.0,26484310.0,-0.919,-0.1
300375,鹏翎股份,4.13,4.12,4.13,4.06,4.06,4.13,4.03,8755393.0,35890117.0,1.724,0.07
300376,易事特,4.61,4.61,4.62,4.61,4.61,4.62,4.56,12550158.0,57689415.0,0.0,0.0
300377,赢时胜,15.6,15.59,15.6,14.51,14.34,15.76,14.34,98575264.0,1509805385.0,7.512,1.09
300378,鼎捷数智,31.21,31.21,31.22,30.18,30.18,31.37,30.15,7673399.0,236989745.0,3.413,1.03
300380,安硕信息,30.13,30.12,30.13,29.17,29.0,30.33,29.0,4394301.0,130685941.0,3.291,0.96
300381,溢多利,6.15,6.14,6.15,6.33,6.29,6.37,6.12,13161600.0,81543650.0,-2.844,-0.18
300382,斯莱克,18.01,18.01,18.02,17.66,17.74,18.27,17.4,23923380.0,427694691.0,1.982,0.35
300383,光环新网,12.4,12.39,12.4,12.26,12.09,12.49,12.04,57286808.0,702283456.0,1.142,0.14
300384,三联虹普,12.13,12.12,12.13,12.22,12.0,12.2,11.81,3623841.0,43568421.0,-0.736,-0.09
300385,ST雪浪,12.48,12.48,12.49,12.45,12.28,12.83,12.28,3913637.0,49218399.0,0.241,0.03
300386,飞天诚信,12.44,12.44,12.45,12.44,12.58,13.14,12.34,21516701.0,270866542.0,0.0,0.0
300387,富邦科技,7.73,7.73,7.74,7.51,7.61,7.77,7.59,14385769.0,110487178.0,2.929,0.22
300388,节能国祯,6.96,6.96,6.97,7.04,7.08,7.09,6.91,8566520.0,59562828.0,-1.136,-0.08
300389,艾比森,12.9,12.89,12.9,12.8,12.82,12.92,12.65,5438816.0,69743188.0,0.781,0.1
300390,天华新能,63.2,63.2,63.21,62.28,61.9,63.29,60.77,33306237.0,2066932284.0,1.477,0.92
300393,中来股份,6.23,6.23,6.24,6.28,6.24,6.26,6.13,18418900.0,114282852.0,-0.796,-0.05
300394,天孚通信,267.16,267.16,267.17,253.58,258.39,276.66,256.48,51943008.0,13829216739.0,5.355,13.58
300395,菲利华,89.51,89.51,89.52,88.67,88.68,90.0,86.5,28059604.0,2485491264.0,0.947,0.84
300396,ST迪瑞,7.25,7.25,7.26,7.32,7.33,7.35,7.24,1666220.0,12105101.0,-0.956,-0.07
300397,天和防务,11.01,11.0,11.01,11.12,10.96,11.15,10.61,20316662.0,222782237.0,-0.989,-0.11
300398,飞凯材料,36.51,36.51,36.52,35.07,35.14,36.65,34.65,40967524.0,1473362817.0,4.106,1.44
300399,天利科技,19.55,19.55,19.56,18.86,18.59,19.58,18.59,13021150.0,250389636.0,3.659,0.69
300400,劲拓股份,31.61,31.61,31.62,28.71,28.86,31.95,28.75,17565013.0,541374407.0,10.101,2.9
300401,花园生物,15.2,15.19,15.2,14.28,14.25,15.27,14.13,29102321.0,429100422.0,6.443,0.92
300402,宝色股份,15.08,15.07,15.08,15.0,14.87,15.12,14.76,2896900.0,43437075.0,0.533,0.08
300403,汉宇集团,9.29,9.29,9.3,9.21,9.2,9.34,9.17,5188927.0,48089628.0,0.869,0.08
300404,博济医药,13.93,13.93,13.94,13.54,13.74,13.98,13.49,48783770.0,669222238.0,2.88,0.39
300405,科隆股份,5.77,5.77,5.78,5.79,5.75,5.85,5.75,5207300.0,30149121.0,-0.345,-0.02
300406,九强生物,11.77,11.77,11.78,11.7,11.69,11.82,11.61,4125962.0,48415565.0,0.598,0.07
300407,凯发电气,11.88,11.88,11.89,11.91,11.9,12.21,11.7,8739400.0,103742809.0,-0.252,-0.03
300408,三环集团,112.48,112.48,112.49,108.69,110.01,113.4,108.58,45558578.0,5065108854.0,3.487,3.79
300409,道氏技术,18.52,18.51,18.52,18.42,18.4,18.54,18.1,14945210.0,274272139.0,0.543,0.1
300410,正业科技,8.02,8.02,8.03,7.85,7.84,8.1,7.77,15728271.0,125371328.0,2.166,0.17
300411,金盾股份,8.03,8.03,8.04,7.82,7.81,8.1,7.77,9162072.0,73353295.0,2.685,0.21
300412,迦南科技,4.66,4.66,4.67,4.64,4.6,4.71,4.58,9422960.0,43977742.0,0.431,0.02
300413,芒果超媒,14.18,14.17,14.18,14.11,14.08,14.18,13.94,9821831.0,138193407.0,0.496,0.07
300414,中光防雷,10.84,10.83,10.84,10.74,10.66,10.89,10.64,4057200.0,43851314.0,0.931,0.1
300415,伊之密,19.8,19.79,19.8,19.73,19.79,19.85,19.44,5188816.0,101738287.0,0.355,0.07
300416,苏试试验,14.61,14.6,14.61,14.26,14.23,14.63,14.2,12868270.0,186032173.0,2.454,0.35
300417,南华仪器,11.33,11.33,11.34,11.43,11.45,11.58,11.28,1979590.0,22538743.0,-0.875,-0.1
300418,昆仑万维,40.89,40.89,40.9,39.7,40.3,40.94,39.72,44478229.0,1796379681.0,2.997,1.19
300419,ST浩丰,8.98,8.97,8.98,8.34,8.22,9.09,8.08,14345666.0,124508559.0,7.674,0.64
300420,五洋自控,8.76,8.76,8.77,8.49,8.6,8.98,8.4,139662894.0,1205909472.0,3.18,0.27
300421,力星股份,16.7,16.7,16.71,16.6,16.6,16.78,16.45,4156300.0,69150073.0,0.602,0.1
300422,博世科,4.16,4.15,4.16,4.17,4.17,4.2,4.12,8370356.0,34783013.0,-0.24,-0.01
300423,昇辉科技,5.92,5.91,5.92,5.91,5.9,5.96,5.83,6930500.0,40912216.0,0.169,0.01
300424,航新科技,14.01,14.01,14.02,14.11,14.06,14.23,13.95,9198343.0,129411021.0,-0.709,-0.1
300425,中建环能,4.08,4.07,4.08,4.11,4.08,4.11,4.03,10719315.0,43564857.0,-0.73,-0.03
300426,华智数媒,6.28,6.28,6.29,6.38,6.37,6.37,6.24,12399900.0,77940943.0,-1.567,-0.1
300427,红相股份,6.73,6.73,6.74,6.65,6.64,6.79,6.55,18670600.0,125557771.0,1.203,0.08
300428,立中集团,19.13,19.12,19.13,18.84,19.24,19.33,18.99,11897304.0,228286623.0,1.539,0.29
300429,强力新材,11.36,11.35,11.36,10.91,10.97,11.5,10.9,23272622.0,262634436.0,4.125,0.45
300430,*ST益通,4.41,4.4,4.41,4.44,4.43,4.52,4.35,5937852.0,26214381.0,-0.676,-0.03
300432,富临精工,15.63,15.63,15.64,15.79,15.41,15.69,15.2,45071446.0,697865639.0,-1.013,-0.16
300433,蓝思科技,39.05,39.05,39.06,39.02,39.08,39.27,38.38,106728653.0,4148810517.0,0.077,0.03
300434,金石亚药,11.77,11.76,11.77,11.7,11.64,12.0,11.62,17202493.0,203135516.0,0.598,0.07
300435,中泰股份,17.09,17.09,17.1,16.75,16.7,17.13,16.61,6435657.0,108810971.0,2.03,0.34
300436,广生堂,95.3,95.27,95.3,94.9,94.36,95.62,92.66,5720050.0,538618661.0,0.421,0.4
300437,清水源,11.52,11.52,11.53,11.52,11.37,11.54,11.25,13131883.0,150203055.0,0.0,0.0
300438,鹏辉能源,62.33,62.31,62.33,63.03,63.33,63.33,60.21,20367201.0,1255809983.0,-1.111,-0.7
300439,美康生物,9.4,9.39,9.4,9.47,9.43,9.55,9.37,2607500.0,24569247.0,-0.739,-0.07
300440,运达科技,19.19,19.15,19.19,19.08,19.08,19.3,18.86,7562086.0,144547812.0,0.577,0.11
300441,鲍斯股份,6.79,6.78,6.79,6.78,6.79,6.84,6.72,3915504.0,26609850.0,0.147,0.01
300442,润泽科技,63.69,63.68,63.69,62.33,62.85,63.77,62.1,18531745.0,1170963509.0,2.182,1.36
300443,金雷股份,18.83,18.82,18.83,18.82,18.73,18.84,18.53,3465969.0,64713361.0,0.053,0.01
300444,双杰电气,9.68,9.68,9.69,9.82,10.2,10.2,9.45,47546624.0,457774039.0,-1.426,-0.14
300445,康斯特,18.76,18.76,18.78,18.91,18.91,18.95,18.59,3202600.0,60070327.0,-0.793,-0.15
300446,航天智造,13.2,13.2,13.21,13.38,13.24,13.31,13.04,7662727.0,100806048.0,-1.345,-0.18
300447,全信股份,13.93,13.93,13.94,13.52,13.7,13.99,13.56,4889733.0,67885424.0,3.033,0.41
300448,浩云科技,5.69,5.68,5.69,5.61,5.6,5.72,5.57,9233200.0,52268820.0,1.426,0.08
300449,汉邦高科,7.26,7.25,7.26,7.14,7.1,7.33,7.08,8256100.0,59723276.0,1.681,0.12
300450,先导智能,33.77,33.76,33.77,33.6,33.6,33.93,32.82,26704321.0,894032740.0,0.506,0.17
300451,创业慧康,3.5,3.49,3.5,3.48,3.5,3.53,3.46,14553761.0,50848346.0,0.575,0.02
300452,山河药辅,12.94,12.93,12.94,12.84,12.77,12.99,12.76,4641783.0,59851112.0,0.779,0.1
300453,三鑫医疗,9.71,9.7,9.71,9.55,9.55,9.72,9.49,8460052.0,81386293.0,1.675,0.16
300454,深信服,120.0,119.99,120.0,112.63,117.58,120.34,114.8,16416094.0,1935420240.0,6.544,7.37
300455,航天智装,17.66,17.65,17.66,17.39,17.38,17.79,17.17,4393400.0,77323565.0,1.553,0.27
300456,赛微电子,37.06,37.06,0.0,30.88,32.33,37.06,31.91,81990798.0,2873362735.0,20.013,6.18
300457,赢合科技,21.44,21.44,21.45,21.44,21.4,21.66,21.19,14758320.0,315906649.0,0.0,0.0
300458,全志科技,31.53,31.53,31.54,30.62,30.88,31.55,30.83,37595546.0,1175345332.0,2.972,0.91
300459,汤姆猫,3.58,3.57,3.58,3.54,3.59,3.61,3.53,68212842.0,242842750.0,1.13,0.04
300460,ST惠伦,8.61,8.61,8.62,8.55,8.57,8.68,8.53,2862300.0,24653465.0,0.702,0.06
300461,田中精机,32.82,32.79,32.82,31.11,31.47,33.0,31.12,6067900.0,196582525.0,5.497,1.71
300462,ST华铭,11.48,11.48,11.49,11.48,11.47,11.58,11.34,407999.0,4666023.0,0.0,0.0
300463,迈克生物,9.33,9.33,9.34,9.36,9.26,9.45,9.21,4661200.0,43539543.0,-0.321,-0.03
300464,星徽股份,8.01,8.0,8.01,7.94,7.8,8.07,7.7,17695800.0,140125469.0,0.882,0.07
300465,高伟达,12.93,12.93,12.94,12.46,12.48,13.0,12.4,21600803.0,275669596.0,3.772,0.47
300466,赛摩智能,7.47,7.46,7.47,7.51,7.42,7.53,7.41,5399344.0,40305460.0,-0.533,-0.04
300467,迅游科技,33.55,33.55,33.57,33.12,33.11,33.65,32.9,2153700.0,71772864.0,1.298,0.43
300468,四方精创,23.73,23.73,23.74,23.3,23.27,23.88,23.01,53018992.0,1248545801.0,1.845,0.43
300469,信息发展,60.71,60.7,60.71,54.9,54.98,61.09,54.9,10189165.0,601426813.0,10.583,5.81
300470,中密控股,27.71,27.71,27.72,27.72,27.72,27.77,27.35,1702730.0,46945056.0,-0.036,-0.01
300471,厚普股份,9.82,9.81,9.82,9.89,9.82,9.86,9.68,4608644.0,45094442.0,-0.708,-0.07
300472,*ST新元,6.87,6.86,6.87,6.85,6.87,6.92,6.77,1927300.0,13188652.0,0.292,0.02
300473,德尔股份,26.9,26.89,26.9,25.47,25.47,27.18,25.31,12117007.0,321569669.0,5.614,1.43
300474,景嘉微,51.02,51.02,51.03,50.48,50.58,51.08,50.03,4972423.0,252252192.0,1.07,0.54
300475,香农芯创,165.33,165.33,165.34,152.47,153.93,165.64,153.33,29373275.0,4736833109.0,8.434,12.86
300476,胜宏科技,263.05,263.05,263.06,249.44,257.04,264.94,252.11,39361211.0,10207529387.0,5.456,13.61
300477,ST合纵,2.52,2.52,2.53,2.51,2.5,2.55,2.47,15073648.0,37831915.0,0.398,0.01
300478,杭州高新,29.75,29.75,29.76,28.92,28.88,29.93,28.8,2400550.0,70722829.0,2.87,0.83
300479,神思电子,14.9,14.89,14.9,14.86,14.81,15.14,14.81,4194216.0,62769274.0,0.269,0.04
300480,光力科技,32.12,32.12,32.13,31.12,31.07,32.56,30.97,14216500.0,452696825.0,3.213,1.0
300481,濮阳惠成,14.34,14.33,14.34,14.06,14.0,14.38,13.94,8472300.0,120702366.0,1.991,0.28
300482,万孚生物,16.43,16.42,16.43,16.35,16.3,16.47,16.2,5198690.0,85104046.0,0.489,0.08
300483,首华燃气,25.58,25.58,25.59,24.7,24.85,25.65,24.59,12413881.0,313075566.0,3.563,0.88
300484,蓝海华腾,12.73,12.72,12.73,12.74,12.62,12.82,12.6,2298000.0,29221008.0,-0.078,-0.01
300485,赛升药业,9.31,9.31,9.32,9.29,9.21,9.38,9.13,8720700.0,80804188.0,0.215,0.02
300486,东杰智能,19.3,19.3,19.31,21.1,20.79,20.86,19.27,28397374.0,562585084.0,-8.531,-1.8
300487,蓝晓科技,63.5,63.49,63.5,62.38,62.6,63.75,62.2,3675180.0,232246174.0,1.795,1.12
300488,恒锋工具,31.7,31.7,31.71,31.46,31.34,31.99,31.15,3089306.0,97571544.0,0.763,0.24
300489,光智科技,242.04,242.04,242.05,208.3,216.0,246.0,210.02,19201200.0,4391591181.0,16.198,33.74
300490,华自科技,11.49,11.49,11.5,11.61,11.46,11.5,11.23,13297800.0,151484337.0,-1.034,-0.12
300491,通合科技,32.23,32.23,32.24,31.22,30.89,32.7,30.61,11832900.0,375422222.0,3.235,1.01
300492,华图山鼎,22.46,22.45,22.46,23.23,22.08,22.62,21.1,8980147.0,195490450.0,-3.315,-0.77
300493,润欣科技,12.9,12.89,12.9,12.13,12.37,12.93,12.32,22205907.0,281952928.0,6.348,0.77
300494,盛天网络,7.88,7.88,7.89,8.23,7.95,7.95,7.7,18605067.0,145877643.0,-4.253,-0.35
300496,中科创达,56.78,56.77,56.78,55.84,55.95,56.84,55.61,8030780.0,452052580.0,1.683,0.94
300497,富祥股份,17.09,17.09,17.1,16.83,16.82,17.11,16.69,18431761.0,312408552.0,1.545,0.26
300498,温氏股份,14.18,14.18,14.19,13.9,13.85,14.23,13.75,60025217.0,842630587.0,2.014,0.28
300499,高澜股份,31.5,31.5,31.51,29.85,30.25,31.68,29.49,35966321.0,1112163615.0,5.528,1.65
300500,启迪设计,9.38,9.38,9.43,9.48,9.49,9.53,9.34,3326630.0,31350357.0,-1.055,-0.1
300501,海顺新材,10.07,10.06,10.07,10.0,10.0,10.21,9.9,3878677.0,39143256.0,0.7,0.07
300502,新易盛,409.1,409.1,409.11,398.78,406.0,413.5,402.51,36449638.0,14874143371.0,2.588,10.32
300503,昊志机电,68.94,68.93,68.94,66.46,67.0,69.49,66.5,11568077.0,790585815.0,3.732,2.48
300504,天邑股份,16.42,16.41,16.42,15.56,15.56,16.5,15.52,13053435.0,210839085.0,5.527,0.86
300505,川金诺,20.64,20.64,20.65,19.92,19.76,20.96,19.52,26721351.0,539955695.0,3.614,0.72
300506,名家汇,5.15,5.15,5.16,5.14,5.11,5.24,5.1,19476373.0,100451279.0,0.195,0.01
300507,苏奥传感,6.56,6.56,6.57,6.5,6.46,6.58,6.42,7319764.0,47785308.0,0.923,0.06
300508,维宏股份,40.4,40.4,40.41,39.96,39.88,41.15,39.42,2954008.0,118871912.0,1.101,0.44
300509,新美星,8.82,8.81,8.82,8.91,8.91,8.92,8.79,5400800.0,47767436.0,-1.01,-0.09
300510,金冠股份,3.47,3.47,3.48,3.48,3.46,3.49,3.44,14310300.0,49641638.0,-0.287,-0.01
300511,雪榕生物,5.6,5.59,5.6,5.33,5.29,5.63,5.29,63913970.0,353438058.0,5.066,0.27
300512,中亚股份,7.18,7.18,7.19,7.33,7.32,7.32,7.16,4653450.0,33562404.0,-2.046,-0.15
300513,恒实科技,7.38,7.37,7.38,7.48,7.48,7.52,7.35,4433400.0,32898561.0,-1.337,-0.1
300514,友讯达,10.17,10.17,10.18,10.23,10.23,10.23,10.06,2699102.0,27383174.0,-0.587,-0.06
300515,三德科技,16.04,16.04,16.05,16.05,15.98,16.06,15.8,3546900.0,56630781.0,-0.062,-0.01
300516,久之洋,31.88,31.88,31.9,30.64,30.6,32.0,30.4,4269342.0,134864354.0,4.047,1.24
300517,海波重科,10.35,10.35,10.37,10.15,10.1,10.47,10.05,4340480.0,44878517.0,1.97,0.2
300518,新迅达,23.58,23.57,23.58,23.07,23.1,24.03,22.94,8672574.0,203990492.0,2.211,0.51
300519,新光药业,14.93,14.92,14.93,15.0,14.86,15.28,14.76,5830800.0,87265149.0,-0.467,-0.07
300520,科大国创,23.82,23.82,23.83,23.55,23.56,23.89,23.41,5805872.0,137387391.0,1.146,0.27
300521,爱司凯,24.04,24.04,24.05,23.39,23.38,24.1,23.09,2603200.0,61594165.0,2.779,0.65
300522,世名科技,14.06,14.05,14.06,13.51,13.5,14.23,13.4,14928650.0,207491810.0,4.071,0.55
300523,辰安科技,20.12,20.12,20.15,20.2,20.43,20.43,20.0,1363800.0,27494461.0,-0.396,-0.08
300525,博思软件,8.21,8.2,8.21,8.19,8.16,8.25,8.14,8334820.0,68280221.0,0.244,0.02
300527,ST应急,8.19,8.18,8.19,8.12,8.09,8.33,8.09,11539591.0,94795669.0,0.862,0.07
300528,幸福蓝海,12.87,12.86,12.87,12.97,12.97,13.0,12.77,6861300.0,88221255.0,-0.771,-0.1
300529,健帆生物,15.9,15.89,15.9,16.02,16.0,16.09,15.82,4971500.0,79172321.0,-0.749,-0.12
300530,领湃科技,18.7,18.7,18.72,19.14,19.14,19.14,18.26,7334539.0,137355205.0,-2.299,-0.44
300531,优博讯,16.92,16.91,16.92,16.98,16.79,16.98,16.7,11498369.0,193607059.0,-0.353,-0.06
300532,今天国际,6.92,6.91,6.92,6.94,6.98,6.99,6.88,6547255.0,45297097.0,-0.288,-0.02
300533,冰川网络,14.27,14.27,14.28,14.27,14.31,14.33,14.15,3291155.0,46922268.0,0.0,0.0
300534,陇神戎发,17.3,17.29,17.3,17.14,16.9,17.78,16.5,79534878.0,1358709365.0,0.933,0.16
300535,达威股份,17.14,17.14,17.15,16.74,16.55,17.63,16.48,3604386.0,61374727.0,2.389,0.4
300536,农尚环境,9.17,9.16,9.17,9.08,9.1,9.37,9.01,10218400.0,94168993.0,0.991,0.09
300537,广信材料,20.33,20.33,20.34,19.43,19.7,20.49,19.5,8879780.0,178720280.0,4.632,0.9
300538,同益股份,15.69,15.69,15.7,14.96,15.0,15.89,14.95,4796971.0,74538563.0,4.88,0.73
300539,横河精密,18.29,18.29,18.3,18.02,18.0,18.42,17.8,3840682.0,70016411.0,1.498,0.27
300540,蜀道装备,28.54,28.53,28.54,27.74,27.84,28.82,27.6,11748065.0,332829170.0,2.884,0.8
300541,先进数通,10.13,10.13,10.14,9.99,9.91,10.18,9.91,7030080.0,71051028.0,1.401,0.14
300542,新晨科技,12.96,12.96,12.97,13.02,12.84,13.36,12.84,22085722.0,287406844.0,-0.461,-0.06
300543,朗科智能,7.76,7.76,7.77,7.89,7.81,7.88,7.72,6523260.0,50746941.0,-1.648,-0.13
300545,联得装备,30.79,30.78,30.79,31.5,31.04,31.47,30.31,13876042.0,428816439.0,-2.254,-0.71
300546,雄帝科技,18.27,18.26,18.27,18.44,18.22,19.65,17.93,17665110.0,327276783.0,-0.922,-0.17
300547,川环科技,27.28,27.28,27.29,26.33,26.07,27.46,25.62,11829500.0,316671037.0,3.608,0.95
300548,长芯博创,216.01,216.01,216.04,192.87,195.9,223.2,194.5,23346677.0,4972395922.0,11.998,23.14
300549,优德精密,14.33,14.33,14.34,14.52,14.5,14.6,14.25,1767500.0,25456442.0,-1.309,-0.19
300550,和仁科技,11.57,11.57,11.59,11.54,11.54,11.63,11.47,1995020.0,23063277.0,0.26,0.03
300551,古鳌科技,10.65,10.64,10.65,10.57,10.69,10.8,10.35,23350700.0,247844871.0,0.757,0.08
300552,万集科技,21.15,21.14,21.15,21.29,20.87,21.33,20.74,6418400.0,134823513.0,-0.658,-0.14
300553,集智股份,44.62,44.61,44.62,42.55,43.15,45.5,42.8,4533990.0,200144194.0,4.865,2.07
300554,三超新材,21.26,21.25,21.26,20.59,20.59,21.54,20.56,2593757.0,54597601.0,3.254,0.67
300555,ST路通,12.85,12.83,12.85,12.8,12.8,12.91,12.72,546300.0,7008270.0,0.391,0.05
300556,丝路视觉,16.19,16.19,16.2,16.24,16.16,16.33,16.09,2524226.0,40983247.0,-0.308,-0.05
300557,理工光科,26.54,26.54,26.55,25.75,25.75,26.86,25.6,2780267.0,73141981.0,3.068,0.79
300558,贝达药业,51.47,51.47,51.48,48.41,48.51,51.8,48.41,20609393.0,1033807832.0,6.321,3.06
300559,佳发教育,10.73,10.72,10.73,10.8,10.79,10.94,10.64,4387200.0,47120341.0,-0.648,-0.07
300560,中富通,18.5,18.49,18.5,17.77,17.87,18.6,17.67,14870300.0,271702374.0,4.108,0.73
300561,汇金科技,17.25,17.24,17.25,16.67,16.54,17.5,16.3,44416236.0,753874822.0,3.479,0.58
300562,乐心医疗,16.82,16.82,16.83,15.99,15.88,17.14,15.71,19246452.0,316189377.0,5.191,0.83
300563,神宇股份,25.06,25.05,25.06,24.55,24.49,25.33,24.26,5274558.0,131393598.0,2.077,0.51
300564,筑博设计,12.61,12.61,12.65,12.78,12.95,12.95,12.56,2192000.0,27802924.0,-1.33,-0.17
300565,科信技术,10.05,10.04,10.05,9.89,9.97,10.09,9.85,7934390.0,79350474.0,1.618,0.16
300566,激智科技,28.59,28.59,28.6,27.82,27.82,29.05,27.69,24008727.0,684976507.0,2.768,0.77
300567,精测电子,221.8,221.8,221.81,210.6,212.0,224.96,209.0,6594299.0,1440302577.0,5.318,11.2
300568,星源材质,15.53,15.53,15.54,15.27,15.1,15.73,14.72,87066646.0,1335476822.0,1.703,0.26
300569,天能重工,4.71,4.7,4.71,4.72,4.72,4.72,4.64,7167202.0,33576144.0,-0.212,-0.01
300570,太辰光,209.38,209.38,209.39,197.32,199.96,212.59,198.16,25084363.0,5185150555.0,6.112,12.06
300571,平治信息,29.55,29.55,29.56,30.56,29.89,30.41,29.27,10643700.0,315425815.0,-3.305,-1.01
300572,安车检测,21.46,21.46,21.48,20.28,20.27,22.2,20.15,10461168.0,225161617.0,5.819,1.18
300573,兴齐眼药,41.29,41.28,41.29,40.1,40.22,41.3,39.61,7029981.0,284698907.0,2.968,1.19
300575,中旗股份,6.21,6.21,6.22,6.06,6.03,6.24,6.01,16137741.0,99478790.0,2.475,0.15
300576,容大感光,30.55,30.54,30.55,28.74,28.74,30.74,28.74,17123774.0,513941918.0,6.298,1.81
300577,开润股份,19.13,19.13,19.14,18.25,18.11,19.27,18.01,6583527.0,123859127.0,4.822,0.88
300578,会畅科技,15.2,15.19,15.2,15.27,15.24,15.46,15.1,3384606.0,51675595.0,-0.458,-0.07
300579,数字认证,23.12,23.12,23.13,22.55,22.4,23.43,22.4,7670613.0,176985448.0,2.528,0.57
300580,贝斯特,20.17,20.16,20.17,19.75,19.75,20.28,19.63,6887896.0,137529703.0,2.127,0.42
300581,晨曦航空,10.15,10.15,10.16,9.83,9.8,10.25,9.74,12243323.0,123347410.0,3.255,0.32
300582,英飞特,11.16,11.16,11.17,11.2,11.21,11.26,11.05,5656700.0,63081106.0,-0.357,-0.04
300583,赛托生物,13.01,13.01,13.02,12.97,12.86,13.05,12.85,1852840.0,24032754.0,0.308,0.04
300584,海辰药业,32.52,32.51,32.52,32.52,32.03,32.8,32.01,3301960.0,106868406.0,0.0,0.0
300585,奥联电子,17.08,17.08,17.09,15.94,15.82,17.11,15.78,10029407.0,167494274.0,7.152,1.14
300586,美联新材,9.63,9.62,9.63,8.96,8.91,9.68,8.91,26163880.0,246776602.0,7.478,0.67
300587,天铁科技,4.91,4.91,4.92,5.01,5.0,5.04,4.82,44142911.0,216455396.0,-1.996,-0.1
300588,熙菱信息,21.01,21.01,21.02,20.79,20.69,21.25,20.66,2634040.0,55114432.0,1.058,0.22
300589,江龙船艇,13.27,13.27,13.28,13.07,13.09,13.37,12.9,10059023.0,132775766.0,1.53,0.2
300590,移为通信,11.17,11.16,11.17,10.95,11.0,11.17,10.85,12816234.0,141512005.0,2.009,0.22
300591,万里马,7.31,7.31,7.32,7.01,7.07,7.5,7.06,29528766.0,214860246.0,4.28,0.3
300592,华凯易佰,15.55,15.55,15.56,14.86,14.78,15.68,14.75,14371780.0,219642941.0,4.643,0.69
300593,新雷能,32.64,32.63,32.64,30.7,30.72,32.79,30.06,28599690.0,907907962.0,6.319,1.94
300594,ST朗进,14.39,14.39,14.41,14.63,14.4,14.55,14.25,1560700.0,22436643.0,-1.64,-0.24
300595,欧普康视,11.05,11.04,11.05,11.08,11.06,11.11,10.95,5635806.0,62112855.0,-0.271,-0.03
300596,利安隆,42.99,42.98,42.99,41.69,41.68,44.0,41.68,3294804.0,140731291.0,3.118,1.3
300597,吉大通信,7.85,7.84,7.85,7.95,7.91,7.95,7.81,3036300.0,23921330.0,-1.258,-0.1
300598,诚迈科技,32.03,32.03,32.04,31.42,31.11,32.1,31.01,10050593.0,318436667.0,1.941,0.61
300599,雄塑科技,11.5,11.5,11.51,11.7,11.65,11.72,11.36,8995600.0,103343146.0,-1.709,-0.2
300600,国瑞科技,10.22,10.22,10.23,10.2,10.11,10.27,10.03,3751280.0,38277642.0,0.196,0.02
300601,康泰生物,13.55,13.54,13.55,13.5,13.33,13.7,13.03,51533453.0,686452841.0,0.37,0.05
300602,飞荣达,44.55,44.55,44.56,43.23,43.24,44.78,42.21,41864118.0,1826763940.0,3.053,1.32
300603,立昂技术,7.88,7.87,7.88,7.69,7.67,7.94,7.66,14167350.0,111221265.0,2.471,0.19
300604,长川科技,284.8,284.8,284.81,276.2,276.0,286.0,274.05,14221328.0,4003913399.0,3.114,8.6
300605,恒锋信息,10.23,10.23,10.24,10.37,10.37,10.49,10.2,5800687.0,59633009.0,-1.35,-0.14
300606,金太阳,37.73,37.7,37.73,36.87,36.45,38.08,35.54,10577638.0,391738637.0,2.333,0.86
300607,拓斯达,35.76,35.76,35.77,35.9,35.0,36.66,34.18,44015701.0,1562794057.0,-0.39,-0.14
300608,思特奇,10.13,10.12,10.13,10.07,10.0,10.25,9.98,8115258.0,82346898.0,0.596,0.06
300609,汇纳科技,25.71,25.7,25.71,25.37,25.46,25.77,25.05,2058400.0,52362238.0,1.34,0.34
300610,晨化股份,10.45,10.45,10.48,10.48,10.46,10.49,10.33,2377550.0,24777284.0,-0.286,-0.03
300611,美力科技,24.14,24.14,24.15,23.8,24.07,24.2,23.66,2127250.0,51061826.0,1.429,0.34
300612,宣亚国际,11.97,11.97,11.98,11.93,11.89,12.06,11.82,3828000.0,45719650.0,0.335,0.04
300613,富瀚微,70.68,70.67,70.68,65.96,66.95,71.22,66.66,14499483.0,1002077753.0,7.156,4.72
300614,百川畅银,10.78,10.77,10.78,10.87,10.83,10.9,10.7,1961100.0,21158257.0,-0.828,-0.09
300615,欣天科技,14.95,14.95,14.96,14.09,14.13,15.79,14.03,35786366.0,531095275.0,6.104,0.86
300616,尚品宅配,10.46,10.46,10.47,10.78,10.65,10.66,10.39,4575100.0,47990463.0,-2.968,-0.32
300617,安靠智电,38.84,38.84,38.85,40.27,39.85,39.96,37.34,6810500.0,261453106.0,-3.551,-1.43
300618,寒锐钴业,35.4,35.4,35.41,35.43,35.01,35.44,34.69,6108480.0,214041447.0,-0.085,-0.03
300619,金银河,26.22,26.22,26.25,25.72,25.61,26.31,25.39,5222228.0,135389056.0,1.944,0.5
300620,光库科技,300.9,300.89,300.9,285.01,289.99,304.87,285.5,11521479.0,3403358357.0,5.575,15.89
300621,维业股份,7.32,7.31,7.32,7.47,7.4,7.44,7.28,3616800.0,26565503.0,-2.008,-0.15
300622,博士眼镜,14.82,14.81,14.82,14.83,14.88,14.91,14.73,4756361.0,70477127.0,-0.067,-0.01
300623,捷捷微电,30.96,30.96,30.97,29.82,30.0,31.0,29.5,32228871.0,980621020.0,3.823,1.14
300624,万兴科技,46.89,46.89,46.9,46.46,46.55,46.95,46.12,5708957.0,265926140.0,0.926,0.43
300625,三雄极光,9.62,9.6,9.62,9.7,9.69,9.71,9.55,1290000.0,12424749.0,-0.825,-0.08
300626,华瑞股份,28.09,28.08,28.09,26.07,26.67,29.7,26.23,13717967.0,387721932.0,7.748,2.02
300627,华测导航,27.65,27.65,27.66,27.29,27.29,27.76,27.12,5860967.0,161345026.0,1.319,0.36
300628,亿联网络,39.87,39.87,39.88,40.28,40.15,40.15,39.51,12322498.0,490670633.0,-1.018,-0.41
300629,新劲刚,17.67,17.67,17.68,17.17,17.16,17.83,17.15,6855403.0,120293766.0,2.912,0.5
300631,久吾高科,21.8,21.79,21.8,21.68,21.63,21.81,21.5,1252601.0,27176365.0,0.554,0.12
300632,光莆股份,18.46,18.45,18.46,17.82,17.99,18.72,17.85,11319194.0,207820870.0,3.591,0.64
300633,开立医疗,19.56,19.55,19.56,19.45,19.52,19.74,19.27,3238458.0,63162620.0,0.566,0.11
300634,彩讯股份,19.2,19.19,19.2,18.97,18.86,19.2,18.86,6177350.0,117896322.0,1.212,0.23
300635,中达安,12.38,12.38,12.39,12.41,12.6,12.75,12.32,3540126.0,44119637.0,-0.242,-0.03
300636,同和药业,6.96,6.96,6.97,6.91,6.85,6.99,6.83,6349450.0,43895155.0,0.724,0.05
300637,扬帆新材,9.19,9.19,9.2,9.12,9.12,9.22,9.05,3388850.0,31044672.0,0.768,0.07
300638,广和通,18.98,18.98,18.99,19.1,18.81,19.12,18.66,10505380.0,199034337.0,-0.628,-0.12
300639,凯普生物,6.12,6.12,6.13,6.1,6.08,6.16,6.04,10242993.0,62516260.0,0.328,0.02
300640,德艺文创,6.74,6.73,6.74,6.75,6.76,6.81,6.66,6158700.0,41415307.0,-0.148,-0.01
300641,正丹股份,14.08,14.07,14.08,13.98,13.97,14.08,13.88,3961300.0,55481021.0,0.715,0.1
300642,透景生命,17.3,17.3,17.31,17.24,17.23,17.75,16.45,33815463.0,576090491.0,0.348,0.06
300643,万通智控,17.9,17.9,17.91,17.73,17.73,17.92,17.54,2861400.0,50883284.0,0.959,0.17
300644,南京聚隆,20.4,20.4,20.42,20.51,20.45,20.71,20.23,1970270.0,40348678.0,-0.536,-0.11
300645,正元智慧,13.26,13.26,13.28,13.25,13.3,13.5,13.1,3168700.0,42032555.0,0.075,0.01
300647,超频三,7.05,7.05,7.06,6.77,6.71,7.09,6.41,76741032.0,525680529.0,4.136,0.28
300648,星云股份,39.89,39.88,39.89,39.51,39.51,40.2,38.96,2014928.0,80048370.0,0.962,0.38
300649,杭州园林,25.75,25.75,25.76,25.37,25.31,25.93,25.02,3538283.0,90396100.0,1.498,0.38
300650,太龙股份,11.56,11.55,11.56,11.35,11.42,11.69,11.35,4535220.0,52308545.0,1.85,0.21
300651,金陵体育,16.83,16.82,16.83,17.1,17.12,17.14,16.77,3088496.0,52233229.0,-1.579,-0.27
300652,雷迪克,28.32,28.32,28.33,27.95,28.12,28.48,27.88,1232530.0,34804672.0,1.324,0.37
300653,正海生物,15.12,15.12,15.14,15.1,15.19,15.26,14.99,1838100.0,27783180.0,0.132,0.02
300654,世纪天鸿,9.83,9.83,9.84,9.73,9.65,9.85,9.65,5205117.0,50908872.0,1.028,0.1
300655,晶瑞电材,13.14,13.14,13.15,12.52,12.61,13.21,12.6,40716281.0,528030808.0,4.952,0.62
300656,民德电子,26.12,26.12,26.13,25.67,25.67,26.38,25.5,3129528.0,81294684.0,1.753,0.45
300657,弘信电子,35.44,35.43,35.44,33.57,34.2,35.47,33.7,28289612.0,983976020.0,5.57,1.87
300658,延江股份,10.37,10.36,10.37,10.18,10.09,10.43,10.06,8707200.0,89464129.0,1.866,0.19
300659,中孚信息,10.31,10.3,10.31,10.27,10.27,10.33,10.19,2537900.0,26056911.0,0.389,0.04
300660,江苏雷利,24.3,24.3,24.31,24.17,24.08,24.44,24.05,3669690.0,88969422.0,0.538,0.13
300661,圣邦股份,116.9,116.89,116.9,113.51,114.74,117.3,113.16,7300812.0,845646046.0,2.987,3.39
300662,科锐国际,20.04,20.04,20.06,20.04,20.04,20.15,19.83,2464600.0,49348110.0,0.0,0.0
300663,科蓝软件,8.61,8.61,8.62,8.62,8.63,8.73,8.49,28136375.0,241860930.0,-0.116,-0.01
300664,鹏鹞环保,4.69,4.68,4.69,4.69,4.75,4.77,4.67,12020800.0,56591530.0,0.0,0.0
300665,飞鹿股份,9.7,9.7,9.72,9.65,9.6,9.85,9.54,6060500.0,58685052.0,0.518,0.05
300666,江丰电子,248.18,248.18,248.19,235.86,240.58,248.69,234.0,13406303.0,3257090747.0,5.223,12.32
300667,必创科技,14.6,14.6,14.61,14.35,14.21,14.63,14.21,4501925.0,65315992.0,1.742,0.25
300668,杰恩股份,33.23,33.22,33.23,32.5,32.53,33.59,32.13,3699200.0,122094273.0,2.246,0.73
300669,沪宁股份,24.83,24.83,24.87,23.8,25.69,25.69,23.65,2307175.0,57093642.0,4.328,1.03
300670,大烨智能,6.67,6.67,6.68,6.67,6.68,6.76,6.56,8031570.0,53476723.0,0.0,0.0
300671,富满微,57.02,57.02,57.03,53.93,54.83,57.6,54.0,14231274.0,798479672.0,5.73,3.09
300672,国科微,171.09,171.08,171.09,161.29,161.31,172.71,159.3,9125701.0,1521808963.0,6.076,9.8
300673,佩蒂股份,12.81,12.8,12.82,12.35,12.35,13.07,12.31,4654268.0,59357598.0,3.725,0.46
300674,宇信科技,17.09,17.08,17.09,16.61,16.68,17.31,16.55,38485677.0,654711088.0,2.89,0.48
300675,建科院,12.89,12.89,12.91,13.0,12.93,13.04,12.83,1538100.0,19864698.0,-0.846,-0.11
300676,华大基因,40.78,40.78,40.79,40.74,40.58,41.4,40.05,10431884.0,423646535.0,0.098,0.04
300677,英科医疗,56.09,56.09,56.1,52.2,52.71,56.28,52.5,15924704.0,878506640.0,7.452,3.89
300678,中科信息,22.24,22.24,22.25,21.96,21.93,22.39,21.87,3528447.0,78121364.0,1.275,0.28
300679,电连技术,52.6,52.6,52.61,50.18,50.68,53.75,49.46,31895243.0,1648641959.0,4.823,2.42
300680,隆盛科技,20.57,20.57,20.58,20.4,20.46,20.66,20.24,4736200.0,97055271.0,0.833,0.17
300681,英搏尔,21.9,21.89,21.9,21.27,21.27,21.94,21.09,5937868.0,127720885.0,2.962,0.63
300682,朗新科技,9.58,9.58,9.59,9.5,9.49,9.59,9.42,12754278.0,121334511.0,0.842,0.08
300683,海特生物,26.44,26.44,26.45,26.2,26.0,26.53,25.62,4881610.0,127310492.0,0.916,0.24
300684,中石科技,89.93,89.93,89.94,87.4,87.99,92.2,86.9,29839290.0,2684519717.0,2.895,2.53
300685,艾德生物,18.11,18.11,18.12,18.14,18.09,18.14,17.68,8650758.0,154813883.0,-0.165,-0.03
300686,智动力,15.0,14.99,15.0,14.98,15.13,15.13,14.7,10345200.0,154253061.0,0.134,0.02
300687,赛意信息,26.82,26.82,26.83,25.32,25.47,26.93,25.38,18545817.0,486753413.0,5.924,1.5
300688,创业黑马,29.84,29.83,29.84,30.4,30.21,30.49,29.59,8297330.0,248526365.0,-1.842,-0.56
300689,澄天伟业,55.17,55.17,55.19,52.56,53.49,55.79,52.76,3127866.0,171074392.0,4.966,2.61
300690,双一科技,22.92,22.92,22.94,22.85,23.14,23.25,22.49,6321177.0,144058498.0,0.306,0.07
300691,联合光电,15.22,15.21,15.22,14.8,14.8,15.24,14.66,4375300.0,65727263.0,2.838,0.42
300692,中赋科技,9.01,9.0,9.01,9.16,9.18,9.25,8.92,17784930.0,160482499.0,-1.638,-0.15
300693,盛弘股份,40.83,40.83,40.84,41.64,41.45,41.58,40.13,15957084.0,649019293.0,-1.945,-0.81
300694,蠡湖股份,10.64,10.63,10.64,10.71,10.71,10.71,10.55,2743032.0,29154133.0,-0.654,-0.07
300695,兆丰股份,49.08,49.08,49.09,48.97,48.59,49.28,48.59,573400.0,28087347.0,0.225,0.11
300696,爱乐达,21.03,21.03,21.04,20.66,20.59,21.15,20.24,5788380.0,120736649.0,1.791,0.37
300697,电工合金,15.67,15.67,15.68,16.03,15.43,15.83,15.29,26415890.0,411756149.0,-2.246,-0.36
300698,万马科技,26.68,26.67,26.68,26.59,26.58,26.83,26.33,3239509.0,86254590.0,0.338,0.09
300699,光威复材,23.81,23.81,23.82,23.38,23.38,23.83,23.31,9094475.0,214642712.0,1.839,0.43
300700,岱勒新材,20.26,20.25,20.26,18.83,18.84,20.26,18.68,12645571.0,249331347.0,7.594,1.43
300701,森霸传感,9.99,9.97,9.99,9.89,9.87,9.99,9.75,3601886.0,35657303.0,1.011,0.1
300702,天宇股份,21.6,21.59,21.6,21.65,21.5,21.79,21.43,1341600.0,29015431.0,-0.231,-0.05
300703,创源股份,13.36,13.36,13.38,13.61,13.61,13.79,13.24,3545400.0,47523788.0,-1.837,-0.25
300705,九典制药,11.46,11.46,11.47,11.4,11.3,11.64,11.27,9527572.0,108891458.0,0.526,0.06
300706,阿石创,52.72,52.72,52.73,50.59,50.4,53.37,49.9,9365380.0,486614435.0,4.21,2.13
300707,威唐工业,12.25,12.24,12.25,12.27,12.27,12.33,12.16,2372400.0,29047336.0,-0.163,-0.02
300708,聚灿光电,7.98,7.97,7.98,7.79,7.77,8.05,7.75,17190737.0,135791192.0,2.439,0.19
300709,精研科技,41.48,41.48,41.49,41.12,41.12,41.67,39.3,17194475.0,702969526.0,0.875,0.36
300710,万隆光电,30.08,30.08,30.1,30.7,29.87,30.6,29.87,6150840.0,185491324.0,-2.02,-0.62
300711,广哈通信,19.23,19.23,19.24,19.55,19.21,19.45,18.64,12834489.0,243443830.0,-1.637,-0.32
300712,永福股份,19.89,19.88,19.89,20.21,20.1,20.11,19.69,1552030.0,30880448.0,-1.583,-0.32
300713,英可瑞,13.52,13.52,13.56,13.45,13.4,13.6,13.35,1806738.0,24385705.0,0.52,0.07
300715,凯伦股份,14.29,14.26,14.29,13.98,14.12,14.29,13.81,6548800.0,92224935.0,2.217,0.31
300716,*ST泉为,19.16,19.16,19.17,19.68,19.45,19.78,19.01,2453700.0,47400705.0,-2.642,-0.52
300717,华信新材,18.3,18.3,18.31,18.29,18.29,18.52,18.1,1590100.0,29135421.0,0.055,0.01
300718,长盛轴承,56.42,56.41,56.42,55.37,55.11,56.58,55.01,5610944.0,313106887.0,1.896,1.05
300719,安达维尔,12.16,12.16,12.17,11.92,11.94,12.3,11.81,4533100.0,54976455.0,2.013,0.24
300720,海川智能,78.98,78.97,78.98,73.98,75.17,79.18,72.73,25202706.0,1928719360.0,6.759,5.0
300721,怡达股份,22.72,22.71,22.72,21.96,22.16,23.13,22.03,7994760.0,180989477.0,3.461,0.76
300722,新余国科,21.28,21.27,21.28,21.3,21.19,21.4,21.0,1995420.0,42369794.0,-0.094,-0.02
300723,一品红,37.57,37.57,37.58,35.97,35.29,37.79,35.05,13429274.0,494671598.0,4.448,1.6
300724,捷佳伟创,56.18,56.18,56.19,56.61,56.31,56.58,55.05,8209024.0,457693288.0,-0.76,-0.43
300725,药石科技,46.83,46.83,46.84,47.74,47.6,47.8,46.28,19528696.0,913116597.0,-1.906,-0.91
300726,宏达电子,54.95,54.95,54.96,51.0,51.21,54.95,50.94,11565704.0,617455806.0,7.745,3.95
300727,润禾材料,29.38,29.38,29.39,27.26,27.26,29.5,27.11,7278508.0,209181161.0,7.777,2.12
300729,乐歌股份,10.28,10.27,10.28,10.42,10.42,10.46,10.24,1983100.0,20406874.0,-1.344,-0.14
300730,科创信息,11.73,11.72,11.73,11.74,11.67,11.79,11.46,4676600.0,54481321.0,-0.085,-0.01
300731,科创新源,43.1,43.03,43.1,41.31,41.44,43.19,41.22,7674830.0,326782128.0,4.333,1.79
300732,设研院,6.0,5.99,6.0,6.07,6.09,6.09,5.98,6212580.0,37390546.0,-1.153,-0.07
300733,西菱动力,13.63,13.63,13.64,13.4,13.41,13.65,13.28,3602375.0,48504843.0,1.716,0.23
300735,光弘科技,20.93,20.93,20.94,19.87,19.88,21.14,19.7,23693125.0,491352539.0,5.335,1.06
300736,百邦科技,30.01,30.01,30.02,29.2,29.31,30.27,29.15,4856700.0,144971646.0,2.774,0.81
300737,科顺股份,4.87,4.86,4.87,4.88,4.86,4.89,4.73,28367451.0,137131172.0,-0.205,-0.01
300738,奥飞数据,20.86,20.86,20.87,20.71,20.71,20.89,20.45,45597731.0,944187097.0,0.724,0.15
300739,明阳电路,23.14,23.14,23.15,22.37,22.37,23.38,22.25,9052330.0,207963023.0,3.442,0.77
300740,水羊股份,21.99,21.99,22.0,21.73,21.7,22.39,21.7,22297922.0,491429781.0,1.197,0.26
300741,华宝股份,13.9,13.89,13.9,13.76,13.84,13.99,13.72,3669935.0,50917421.0,1.017,0.14
300743,天地数码,14.52,14.52,14.53,14.58,14.46,14.65,14.45,2024828.0,29444101.0,-0.412,-0.06
300745,欣锐科技,29.33,29.31,29.33,29.11,29.48,29.9,28.67,7473142.0,218147920.0,0.756,0.22
300746,汉嘉数智,13.95,13.94,13.95,13.62,13.84,14.26,13.44,8189800.0,113470444.0,2.423,0.33
300747,锐科激光,37.17,37.16,37.17,35.23,35.35,37.48,35.35,22475315.0,827801095.0,5.507,1.94
300748,金力永磁,27.41,27.41,27.42,27.0,26.77,27.49,26.71,17837281.0,484906809.0,1.519,0.41
300749,顶固集创,24.92,24.91,24.92,24.58,24.78,25.34,24.25,4617900.0,114481157.0,1.383,0.34
300750,宁德时代,373.0,373.0,373.01,379.0,376.5,378.66,370.05,23373782.0,8701494036.0,-1.583,-6.0
300751,迈为股份,225.8,225.78,225.8,221.18,220.18,228.0,216.0,7064419.0,1567255226.0,2.089,4.62
300752,隆利科技,11.15,11.14,11.15,11.04,11.07,11.24,10.96,5972260.0,66497066.0,0.996,0.11
300753,爱朋医疗,22.22,22.21,22.22,22.03,21.8,22.25,21.62,4862300.0,107211974.0,0.862,0.19
300755,华致酒行,11.2,11.2,11.21,11.31,11.25,11.36,11.12,2679918.0,30100650.0,-0.973,-0.11
300756,金马游乐,30.76,30.75,30.76,28.3,28.3,31.09,28.14,7180086.0,215517938.0,8.693,2.46
300757,罗博特科,552.11,552.11,552.15,528.9,539.76,555.5,531.0,7110402.0,3883938611.0,4.388,23.21
300758,七彩化学,11.48,11.47,11.48,11.49,11.36,11.65,11.26,14527740.0,165608047.0,-0.087,-0.01
300759,康龙化成,45.1,45.09,45.1,44.18,44.6,45.14,43.18,63199930.0,2780995067.0,2.082,0.92
300760,迈瑞医疗,162.03,162.02,162.03,161.05,160.3,162.66,160.01,5842458.0,942832419.0,0.609,0.98
300761,立华股份,19.46,19.46,19.47,19.36,19.37,19.58,18.94,6651431.0,128724004.0,0.517,0.1
300762,上海瀚讯,29.25,29.25,29.26,27.4,27.47,29.38,27.44,26009808.0,746200102.0,6.752,1.85
300763,锦浪科技,61.75,61.75,61.76,63.2,63.5,63.64,59.44,16744991.0,1015871490.0,-2.294,-1.45
300765,石药创新,46.95,46.95,46.96,45.5,45.66,48.32,43.9,37047228.0,1688863333.0,3.187,1.45
300766,每日互动,21.28,21.28,21.29,21.21,21.08,21.36,21.01,12637016.0,268449203.0,0.33,0.07
300767,震安科技,19.36,19.36,19.37,17.94,17.9,20.08,17.85,14231627.0,271052396.0,7.915,1.42
300768,迪普科技,14.7,14.69,14.7,14.56,14.6,14.72,14.5,4066253.0,59546355.0,0.962,0.14
300769,德方纳米,46.97,46.97,46.98,46.64,46.41,46.97,44.74,11742677.0,538943113.0,0.708,0.33
300770,新媒股份,33.37,33.36,33.37,33.85,33.84,33.85,33.1,1794837.0,59938661.0,-1.418,-0.48
300771,智莱科技,11.93,11.93,11.94,11.76,11.73,12.08,11.73,6431280.0,76932973.0,1.446,0.17
300772,运达股份,11.09,11.08,11.09,11.08,11.03,11.09,10.82,11174977.0,122655125.0,0.09,0.01
300773,拉卡拉,16.37,16.36,16.37,16.12,15.89,16.39,15.85,81181457.0,1318183041.0,1.551,0.25
300774,倍杰特,11.23,11.22,11.23,11.05,10.94,11.37,10.92,8308000.0,92816272.0,1.629,0.18
300775,三角防务,21.46,21.46,21.47,20.89,20.9,21.55,20.77,9246341.0,196348168.0,2.729,0.57
300776,帝尔激光,115.81,115.81,115.82,109.13,110.46,118.0,109.1,7245278.0,825184092.0,6.121,6.68
300777,中简科技,22.77,22.77,22.78,22.5,22.22,22.88,22.16,7224066.0,162464623.0,1.2,0.27
300778,新城市,10.43,10.43,10.44,10.45,10.42,10.51,10.29,2703941.0,28168347.0,-0.191,-0.02
300779,惠城环保,68.53,68.52,68.53,67.75,67.51,68.71,67.0,5508137.0,374754527.0,1.151,0.78
300780,德恩精工,20.08,20.08,20.09,19.72,19.49,20.19,19.38,4461250.0,88937721.0,1.826,0.36
300781,因赛集团,26.02,26.02,26.03,25.78,25.81,26.19,25.71,2225677.0,57874879.0,0.931,0.24
300782,卓胜微,80.0,80.0,80.01,76.87,77.4,80.8,76.94,12393534.0,986942732.0,4.072,3.13
300783,三只松鼠,17.11,17.11,17.12,17.11,17.07,17.28,16.95,4396586.0,75153015.0,0.0,0.0
300784,利安科技,41.65,41.65,41.66,41.44,41.43,41.88,41.22,421654.0,17557063.0,0.507,0.21
300785,值得买,32.86,32.86,32.87,33.52,32.72,33.27,32.37,8438911.0,276979968.0,-1.969,-0.66
300786,国林科技,16.06,16.05,16.06,15.68,15.51,16.09,15.5,5839400.0,92817652.0,2.423,0.38
300787,海能实业,10.01,10.01,10.02,10.08,10.2,10.2,9.96,4248080.0,42559367.0,-0.694,-0.07
300788,中信出版,23.48,23.48,23.49,23.5,23.58,23.66,23.25,2137900.0,50100112.0,-0.085,-0.02
300789,唐源电气,18.02,18.01,18.02,18.33,18.27,18.37,17.94,3086200.0,55720630.0,-1.691,-0.31
300790,宇瞳光学,19.74,19.73,19.74,19.28,19.15,20.13,18.8,25255653.0,496260806.0,2.386,0.46
300791,仙乐健康,17.37,17.37,17.38,17.36,17.36,17.44,17.17,1646393.0,28464171.0,0.058,0.01
300792,壹网壹创,23.26,23.25,23.26,23.11,23.13,23.34,22.96,2953200.0,68515162.0,0.649,0.15
300793,佳禾智能,11.33,11.33,11.34,11.21,11.22,11.48,11.19,4643300.0,52608652.0,1.07,0.12
300795,米奥会展,13.76,13.75,13.76,12.43,13.25,14.42,13.25,42513222.0,588336739.0,10.7,1.33
300796,贝斯美,6.84,6.82,6.84,6.86,6.8,6.87,6.8,2862800.0,19555258.0,-0.292,-0.02
300797,钢研纳克,13.86,13.85,13.86,13.63,13.6,13.89,13.56,5795076.0,79752446.0,1.687,0.23
300798,锦鸡股份,7.88,7.88,7.89,7.52,7.5,8.04,7.44,52447452.0,407492257.0,4.787,0.36
300800,力合科技,10.13,10.11,10.13,10.27,10.3,10.3,10.09,2872163.0,29222433.0,-1.363,-0.14
300801,泰和科技,23.13,23.12,23.13,22.68,22.42,23.22,22.41,4325357.0,99235542.0,1.984,0.45
300802,矩子科技,23.3,23.3,23.31,23.0,23.4,23.55,22.92,8118439.0,189120911.0,1.304,0.3
300803,指南针,87.45,87.45,87.46,83.18,81.8,87.81,81.8,38419638.0,3271111299.0,5.133,4.27
300804,广康生化,44.2,44.19,44.2,43.37,43.57,44.2,43.01,954700.0,41869455.0,1.914,0.83
300805,电声股份,8.11,8.11,8.12,7.99,8.02,8.23,7.99,9104300.0,74029452.0,1.502,0.12
300806,斯迪克,51.49,51.49,51.5,50.11,50.9,52.38,50.06,30441539.0,1558904559.0,2.754,1.38
300807,天迈科技,39.6,39.6,39.61,38.51,38.51,39.96,38.01,1961000.0,77107920.0,2.83,1.09
300808,久量股份,19.37,19.36,19.37,19.37,19.29,19.51,19.12,1338500.0,25829298.0,0.0,0.0
300809,华辰装备,23.87,23.86,23.87,23.54,23.33,23.94,23.33,3116511.0,73876041.0,1.402,0.33
300810,中科海讯,25.33,25.33,25.34,24.05,23.8,25.82,23.8,3479821.0,87417762.0,5.322,1.28
300811,铂科新材,78.87,78.87,78.88,74.58,75.49,79.89,74.78,13398413.0,1042435621.0,5.752,4.29
300812,易天股份,19.33,19.33,19.34,18.93,18.92,19.57,18.88,4733092.0,91331758.0,2.113,0.4
300813,泰林生物,21.43,21.43,21.45,20.5,20.87,21.8,20.87,5412986.0,116329778.0,4.537,0.93
300814,中富电路,137.88,137.88,137.89,134.58,137.06,139.28,133.11,8308252.0,1137586303.0,2.452,3.3
300815,玉禾田,16.02,16.02,16.03,15.99,15.9,16.04,15.76,3757733.0,59774326.0,0.188,0.03
300816,艾可蓝,59.96,59.95,59.96,58.18,56.13,61.21,54.3,9931381.0,573501568.0,3.059,1.78
300817,双飞集团,16.33,16.33,16.34,15.24,16.14,17.73,16.14,10162472.0,169810399.0,7.152,1.09
300818,耐普矿机,19.14,19.13,19.14,19.18,18.99,19.39,18.99,2613570.0,50122025.0,-0.209,-0.04
300819,聚杰微纤,46.78,46.78,46.8,46.0,45.62,47.5,45.18,3079400.0,143284416.0,1.696,0.78
300820,英杰电气,53.78,53.77,53.78,52.0,51.98,54.47,51.52,4377500.0,233701121.0,3.423,1.78
300821,东岳硅材,16.48,16.48,16.49,15.6,15.74,16.85,15.64,73182189.0,1190861278.0,5.641,0.88
300822,贝仕达克,11.08,11.06,11.08,11.03,11.06,11.12,10.86,2409247.0,26595755.0,0.453,0.05
300823,建科智能,14.92,14.92,14.93,15.13,15.09,15.17,14.82,4209787.0,62955442.0,-1.388,-0.21
300824,北鼎股份,7.75,7.75,7.76,7.77,7.76,7.79,7.66,3430200.0,26460912.0,-0.257,-0.02
300825,阿尔特,11.1,11.1,11.11,10.41,10.43,11.17,10.29,31773540.0,347419594.0,6.628,0.69
300826,测绘股份,14.66,14.65,14.66,14.81,14.8,14.9,14.56,4534502.0,66693728.0,-1.013,-0.15
300827,上能电气,25.88,25.87,25.88,26.11,25.95,26.05,24.55,20390058.0,515375351.0,-0.881,-0.23
300828,锐新科技,16.76,16.76,16.77,16.91,16.91,17.23,16.67,5629700.0,94983654.0,-0.887,-0.15
300829,金丹科技,14.86,14.86,14.88,14.81,14.81,14.94,14.65,2271578.0,33737777.0,0.338,0.05
300830,金现代,7.92,7.91,7.92,8.14,8.03,8.09,7.78,11331700.0,89481418.0,-2.703,-0.22
300831,ST派瑞,15.55,15.55,15.56,15.06,15.18,15.79,15.08,5856200.0,90926695.0,3.254,0.49
300832,新产业,50.78,50.78,50.79,51.55,51.66,52.0,50.33,5034061.0,255747409.0,-1.494,-0.77
300833,浩洋股份,36.71,36.7,36.71,36.25,36.23,36.99,36.01,505650.0,18495262.0,1.269,0.46
300834,星辉环材,39.28,39.28,39.29,39.18,38.07,39.38,37.77,1619926.0,62801474.0,0.255,0.1
300835,龙磁科技,161.35,161.32,161.35,151.0,152.83,166.98,152.0,4011757.0,642664361.0,6.854,10.35
300836,佰奥智能,51.0,50.95,51.0,48.2,47.98,51.58,47.5,3047845.0,151861947.0,5.809,2.8
300837,浙矿股份,22.92,22.92,22.93,23.11,22.7,23.23,22.7,1409062.0,32359023.0,-0.822,-0.19
300838,浙江力诺,13.92,13.92,13.93,14.0,14.01,14.07,13.87,1338422.0,18653224.0,-0.571,-0.08
300839,博汇股份,12.67,12.67,12.68,12.77,12.6,12.95,12.5,19753682.0,251104176.0,-0.783,-0.1
300840,酷特智能,19.35,19.35,19.36,18.1,18.1,19.5,17.85,7922600.0,147535215.0,6.906,1.25
300841,康华生物,55.2,55.2,55.21,54.7,54.1,55.67,53.1,6703291.0,362904571.0,0.914,0.5
300842,帝科股份,67.4,67.4,67.41,62.6,63.5,67.99,63.5,7638603.0,507375225.0,7.668,4.8
300843,胜蓝股份,137.49,137.47,137.49,130.26,133.0,139.8,131.05,8402507.0,1139575186.0,5.55,7.23
300844,山水比德,23.65,23.65,23.67,24.01,23.96,23.96,23.5,821200.0,19472303.0,-1.499,-0.36
300845,捷安高科,12.81,12.8,12.81,12.52,12.53,12.93,12.31,8141201.0,102812701.0,2.316,0.29
300846,首都在线,18.83,18.82,18.83,18.45,18.71,19.03,18.48,17286936.0,324108287.0,2.06,0.38
300847,中船汉光,14.12,14.12,14.13,14.0,14.0,14.14,13.92,2624700.0,36884570.0,0.857,0.12
300848,美瑞新材,11.53,11.53,11.54,11.55,11.52,11.67,11.48,4352405.0,50322027.0,-0.173,-0.02
300849,锦盛新材,20.44,20.43,20.44,20.55,20.48,20.79,20.17,2600250.0,53062221.0,-0.535,-0.11
300850,新强联,24.81,24.8,24.81,24.78,24.75,24.84,24.35,6970710.0,171669470.0,0.121,0.03
300851,交大思诺,24.07,24.07,24.08,24.5,24.25,24.43,23.74,1682700.0,40379819.0,-1.755,-0.43
300852,四会富仕,46.52,46.51,46.53,44.58,44.5,46.84,44.5,5919550.0,271678022.0,4.352,1.94
300853,申昊科技,26.86,26.86,26.87,26.68,26.46,27.5,26.23,3588085.0,96296814.0,0.675,0.18
300854,中兰环保,17.35,17.35,17.36,17.41,17.37,17.55,17.16,4041075.0,70011544.0,-0.345,-0.06
300855,图南股份,33.68,33.66,33.68,33.82,33.7,33.94,33.35,4310765.0,144982812.0,-0.414,-0.14
300856,科思股份,10.92,10.91,10.92,11.22,11.07,11.12,10.77,6557800.0,71428839.0,-2.674,-0.3
300857,协创数据,259.2,259.2,259.21,236.23,240.4,260.66,237.66,20999183.0,5255206947.0,9.724,22.97
300858,科拓生物,14.7,14.7,14.71,14.69,14.71,14.86,14.61,2620800.0,38557811.0,0.068,0.01
300859,西域旅游,27.18,27.17,27.18,27.18,27.0,27.32,26.82,2533077.0,68743863.0,0.0,0.0
300860,锋尚文化,27.3,27.28,27.3,27.1,27.02,27.3,26.89,1181183.0,32034551.0,0.738,0.2
300861,美畅股份,16.93,16.92,16.93,16.46,16.45,16.95,16.41,11823448.0,197215592.0,2.855,0.47
300862,蓝盾光电,54.4,54.4,54.41,51.8,52.65,55.5,51.98,31760350.0,1716588155.0,5.019,2.6
300863,卡倍亿,42.52,42.52,42.53,41.58,41.75,42.78,41.28,3988085.0,168713445.0,2.261,0.94
300864,南大环境,26.46,26.46,26.52,26.1,26.5,26.94,25.79,6237447.0,165376976.0,1.379,0.36
300865,大宏立,31.24,31.23,31.24,30.87,30.8,32.4,30.17,5250709.0,163830407.0,1.199,0.37
300866,安克创新,126.2,126.15,126.2,124.89,124.89,126.48,123.6,2770590.0,347776453.0,1.049,1.31
300867,圣元环保,17.39,17.38,17.39,17.57,17.3,17.54,17.11,6303168.0,109244797.0,-1.024,-0.18
300868,杰美特,90.5,90.5,90.51,85.2,85.76,91.26,84.02,3962556.0,351222634.0,6.221,5.3
300869,康泰医学,11.6,11.59,11.6,11.54,11.5,11.75,11.48,3647709.0,42447873.0,0.52,0.06
300870,欧陆通,220.25,220.23,220.25,213.01,214.01,222.2,209.0,6087096.0,1326534111.0,3.399,7.24
300871,回盛生物,23.04,23.03,23.04,22.73,22.72,23.1,22.49,3739959.0,85061500.0,1.364,0.31
300872,天阳科技,16.07,16.07,16.08,15.8,15.7,16.09,15.68,13550417.0,216590430.0,1.709,0.27
300873,海晨股份,16.62,16.62,16.65,14.89,15.0,17.0,14.9,22587836.0,365887071.0,11.619,1.73
300875,捷强装备,32.2,32.2,32.22,31.8,31.48,32.48,31.4,3198582.0,102520727.0,1.258,0.4
300876,蒙泰高新,15.5,15.48,15.5,15.58,15.6,15.68,15.3,1780680.0,27678258.0,-0.513,-0.08
300877,金春股份,27.11,27.11,27.12,27.16,27.0,27.49,26.66,2595102.0,70292480.0,-0.184,-0.05
300878,维康药业,34.14,34.14,34.15,32.63,32.96,34.34,32.21,3416720.0,114508724.0,4.628,1.51
300879,大叶股份,16.75,16.75,16.77,16.57,16.45,17.17,16.35,3989010.0,67028474.0,1.086,0.18
300880,迦南智能,19.34,19.34,19.35,19.9,19.3,19.48,18.85,3327896.0,64082060.0,-2.814,-0.56
300881,盛德鑫泰,31.49,31.49,31.5,31.55,31.37,31.74,31.24,931100.0,29307063.0,-0.19,-0.06
300882,万胜智能,14.18,14.17,14.18,14.15,14.06,14.23,13.98,1646340.0,23267337.0,0.212,0.03
300883,龙利得,6.56,6.55,6.56,6.68,6.68,6.74,6.53,13943288.0,92089512.0,-1.796,-0.12
300884,狄耐克,12.92,12.92,12.93,12.93,12.87,13.06,12.81,5595700.0,72400736.0,-0.077,-0.01
300885,海昌新材,19.59,19.59,19.6,19.29,19.3,19.75,19.25,3359776.0,65657393.0,1.555,0.3
300886,华业香料,24.49,24.48,24.5,24.57,24.59,24.66,24.34,771258.0,18886099.0,-0.326,-0.08
300887,谱尼测试,7.18,7.18,7.19,7.17,7.13,7.24,7.1,8567000.0,61535215.0,0.139,0.01
300888,稳健医疗,29.9,29.9,29.91,30.13,30.13,30.4,29.8,2846388.0,85407867.0,-0.763,-0.23
300889,爱克股份,23.33,23.33,23.34,21.48,21.8,23.4,21.5,6760440.0,151648783.0,8.613,1.85
300890,翔丰华,27.71,27.71,27.72,28.14,27.78,28.0,27.19,9314566.0,256014911.0,-1.528,-0.43
300891,惠云钛业,7.56,7.56,7.57,7.59,7.55,7.6,7.48,5475881.0,41297985.0,-0.395,-0.03
300892,品渥食品,23.8,23.79,23.8,23.41,23.41,23.98,23.18,2077431.0,49225827.0,1.666,0.39
300893,松原安全,14.39,14.39,14.4,14.4,14.32,14.55,14.23,2358039.0,33977681.0,-0.069,-0.01
300894,火星人,11.78,11.78,11.79,11.0,10.99,11.8,10.87,13030499.0,148877960.0,7.091,0.78
300895,铜牛信息,53.81,53.81,53.82,53.41,53.53,54.23,52.5,4721076.0,252744962.0,0.749,0.4
300896,爱美客,93.83,93.82,93.83,93.84,93.52,94.1,92.67,2444536.0,227968318.0,-0.011,-0.01
300897,山科智能,16.53,16.51,16.53,16.9,16.75,17.03,16.47,3086387.0,51451601.0,-2.189,-0.37
300898,熊猫乳品,20.58,20.57,20.58,20.48,20.48,20.89,20.41,2751727.0,56808746.0,0.488,0.1
300899,上海凯鑫,30.03,30.03,30.08,29.59,29.29,30.9,29.29,1819900.0,55180092.0,1.487,0.44
300900,广联航空,23.27,23.27,23.28,22.15,22.27,23.4,22.0,16368600.0,375938600.0,5.056,1.12
300901,中胤时尚,16.1,16.1,16.11,15.88,15.9,16.28,15.47,6919173.0,109067247.0,1.385,0.22
300902,国安达,16.78,16.78,16.79,15.45,15.24,16.95,15.19,13203796.0,216112778.0,8.608,1.33
300903,科翔股份,90.72,90.72,90.73,79.57,81.5,90.8,79.8,33526709.0,2895258622.0,14.013,11.15
300904,威力传动,41.18,41.18,41.23,41.23,41.18,41.72,40.6,825550.0,34040917.0,-0.121,-0.05
300905,宝丽迪,37.07,37.07,37.08,35.05,34.97,37.49,34.78,6116513.0,223674931.0,5.763,2.02
300906,日月明,31.53,31.51,31.53,31.95,32.17,32.4,31.23,2753302.0,87323130.0,-1.315,-0.42
300907,康平科技,51.36,51.36,51.37,50.27,50.93,52.0,49.41,3842738.0,195281034.0,2.168,1.09
300908,仲景食品,25.06,25.05,25.06,24.86,24.85,25.3,24.71,1510880.0,37834127.0,0.805,0.2
300909,汇创达,56.06,56.06,56.1,55.42,55.42,56.69,54.7,2994800.0,167475398.0,1.155,0.64
300910,瑞丰新材,27.58,27.58,27.59,27.28,27.2,27.8,27.04,11769858.0,323132437.0,1.1,0.3
300911,亿田智能,22.14,22.13,22.14,22.15,21.9,22.34,21.71,8555623.0,189044531.0,-0.045,-0.01
300912,凯龙高科,19.92,19.91,19.92,19.67,19.6,20.09,19.51,3376894.0,67061443.0,1.271,0.25
300913,兆龙互连,36.71,36.71,36.72,35.55,35.8,36.8,35.54,8107754.0,295232240.0,3.263,1.16
300915,海融科技,20.39,20.38,20.39,20.45,20.4,20.67,20.12,1149804.0,23399664.0,-0.293,-0.06
300916,朗特智能,26.16,26.16,26.17,26.76,26.03,26.83,25.7,7117992.0,186013635.0,-2.242,-0.6
300917,特发服务,27.63,27.62,27.63,27.02,26.83,27.76,26.76,5719044.0,156824148.0,2.258,0.61
300918,南山智尚,10.74,10.74,10.75,10.4,10.55,10.99,10.4,8736916.0,93983646.0,3.269,0.34
300919,中伟新材,40.66,40.65,40.66,40.53,40.53,40.68,39.64,10945354.0,439311554.0,0.321,0.13
300920,润阳科技,32.77,32.77,32.84,32.41,32.44,33.19,32.08,1499580.0,49142330.0,1.111,0.36
300921,南凌科技,15.74,15.74,15.75,15.51,15.35,15.82,15.32,6824444.0,106935873.0,1.483,0.23
300922,天秦装备,18.82,18.82,18.83,18.69,18.68,19.22,18.34,17598373.0,330740917.0,0.696,0.13
300923,研奥股份,25.13,25.11,25.13,25.0,24.67,25.15,24.51,1248340.0,31101248.0,0.52,0.13
300925,法本信息,14.64,14.64,14.65,14.85,14.72,14.86,14.45,8443064.0,123483553.0,-1.414,-0.21
300926,博俊科技,17.18,17.17,17.18,17.1,17.12,17.25,17.0,2254500.0,38602649.0,0.468,0.08
300927,江天化学,30.81,30.81,30.82,31.39,30.39,31.94,29.49,23351555.0,710752302.0,-1.848,-0.58
300928,华安鑫创,25.39,25.39,25.4,25.67,25.41,25.77,25.34,1085400.0,27690013.0,-1.091,-0.28
300929,华骐环保,17.25,17.24,17.25,16.9,17.25,17.33,16.61,6720052.0,114573440.0,2.071,0.35
300930,屹通新材,25.76,25.76,25.77,25.41,25.45,25.87,25.15,1343800.0,34370304.0,1.377,0.35
300931,通用电梯,15.02,15.02,15.03,14.95,15.12,15.23,14.7,3292600.0,49241725.0,0.468,0.07
300932,三友联众,10.42,10.42,10.43,10.39,10.35,10.6,10.27,10177005.0,105974834.0,0.289,0.03
300933,中辰股份,6.62,6.61,6.62,6.67,6.67,6.67,6.52,11384474.0,74963629.0,-0.75,-0.05
300935,盈建科,31.04,31.03,31.04,31.39,31.39,31.87,30.5,2244200.0,69939642.0,-1.115,-0.35
300936,中英科技,90.02,90.0,90.02,79.48,80.47,94.0,78.86,7305292.0,635104542.0,13.261,10.54
300937,药易购,25.22,25.21,25.22,25.15,24.9,25.43,24.85,3532404.0,88772170.0,0.278,0.07
300938,信测标准,27.63,27.62,27.63,26.83,26.95,27.88,26.81,7053772.0,193659588.0,2.982,0.8
300939,秋田微,65.61,65.6,65.61,61.0,62.0,67.39,61.88,3781995.0,246138145.0,7.557,4.61
300940,南极光,13.74,13.74,13.75,13.72,13.77,13.84,13.59,2648100.0,36295147.0,0.146,0.02
300941,创识科技,15.67,15.66,15.67,15.43,15.22,15.74,15.22,7022862.0,109438088.0,1.555,0.24
300942,易瑞生物,6.83,6.83,6.84,6.75,6.66,6.97,6.66,11838556.0,81136078.0,1.185,0.08
300943,春晖智控,32.78,32.78,32.8,31.65,31.34,33.03,31.16,11417900.0,367448705.0,3.57,1.13
300945,曼卡龙,12.86,12.86,12.87,12.94,12.38,13.44,12.31,29850958.0,387990607.0,-0.618,-0.08
300946,恒而达,37.88,37.85,37.88,37.42,37.6,38.15,37.26,792100.0,29864379.0,1.229,0.46
300947,德必集团,14.11,14.11,14.12,14.33,14.17,14.36,14.11,2188400.0,31056049.0,-1.535,-0.22
300948,冠中生态,20.84,20.83,20.84,20.72,21.02,21.42,20.39,3784400.0,78993882.0,0.579,0.12
300949,奥雅股份,22.27,22.27,22.32,22.9,22.66,22.9,22.11,1264572.0,28278804.0,-2.751,-0.63
300950,德固特,17.37,17.37,17.39,17.07,17.08,17.44,16.78,2468025.0,42333896.0,1.757,0.3
300951,博硕科技,75.27,75.25,75.27,68.27,68.58,75.58,68.01,5804804.0,416177707.0,10.253,7.0
300952,恒辉安防,16.46,16.46,16.47,16.17,16.22,16.56,16.18,3072564.0,50396228.0,1.793,0.29
300953,震裕科技,94.5,94.5,94.51,92.54,92.33,95.0,90.9,5384885.0,502517759.0,2.118,1.96
300955,嘉亨家化,29.69,29.69,29.7,29.28,29.27,29.87,28.76,1548581.0,45478297.0,1.4,0.41
300956,英力股份,11.15,11.15,11.16,11.07,11.0,11.21,11.0,3708568.0,41245861.0,0.723,0.08
300957,贝泰妮,33.01,33.01,33.02,33.1,32.94,33.43,32.62,6649500.0,219036430.0,-0.272,-0.09
300958,建工修复,12.58,12.58,12.59,12.74,12.66,13.06,12.47,4056900.0,51391507.0,-1.256,-0.16
300959,线上线下,94.28,94.27,94.28,90.52,90.0,94.49,88.6,2405331.0,222469843.0,4.154,3.76
300960,通业科技,17.45,17.45,17.48,17.67,17.51,17.58,17.25,2380210.0,41389414.0,-1.245,-0.22
300961,深水海纳,11.99,11.99,12.0,12.64,12.79,12.79,11.78,8175200.0,98611066.0,-5.142,-0.65
300962,中金辐照,13.72,13.72,13.73,13.75,13.62,13.85,13.62,2701556.0,37068083.0,-0.218,-0.03
300963,中洲特材,11.56,11.56,11.57,11.59,11.42,11.63,11.16,11265056.0,128560291.0,-0.259,-0.03
300964,本川智能,59.45,59.45,59.46,57.12,57.01,60.38,57.01,4441531.0,261795966.0,4.079,2.33
300965,恒宇信通,44.92,44.92,44.99,44.09,44.0,45.28,43.52,691925.0,30926287.0,1.883,0.83
300966,共同药业,24.85,24.84,24.85,24.32,24.03,25.51,24.03,3667000.0,91445188.0,2.179,0.53
300967,晓鸣股份,17.45,17.45,17.46,17.51,17.45,17.7,17.09,5455438.0,94588468.0,-0.343,-0.06
300968,格林精密,10.6,10.6,10.61,10.38,10.33,10.68,10.3,7735041.0,81690891.0,2.119,0.22
300969,恒帅股份,77.41,77.41,77.45,73.68,73.6,77.63,73.01,2152714.0,164052798.0,5.062,3.73
300970,华绿生物,20.35,20.35,20.36,19.63,19.34,20.89,19.25,35820376.0,727980117.0,3.668,0.72
300971,博亚精工,18.15,18.15,18.16,18.15,18.16,18.31,17.98,1890128.0,34297229.0,0.0,0.0
300972,万辰集团,189.0,188.7,189.0,189.53,189.54,192.98,187.12,1910240.0,362484307.0,-0.28,-0.53
300973,立高食品,25.05,25.03,25.05,24.85,24.62,25.25,24.62,1839868.0,45992344.0,0.805,0.2
300975,商络电子,25.91,25.91,25.92,25.06,25.18,26.15,24.92,35956558.0,923772543.0,3.392,0.85
300976,达瑞电子,59.67,59.66,59.67,55.96,55.61,60.03,55.61,6013337.0,351654330.0,6.63,3.71
300977,深圳瑞捷,16.4,16.38,16.4,16.26,16.24,16.71,15.92,1571645.0,25830983.0,0.861,0.14
300978,东箭科技,8.79,8.79,8.8,8.77,8.76,8.88,8.68,2574900.0,22596499.0,0.228,0.02
300979,华利集团,33.71,33.71,33.72,34.24,34.41,34.41,33.52,1578900.0,53243591.0,-1.548,-0.53
300980,祥源新材,23.37,23.37,23.39,22.87,22.78,23.44,22.67,3782937.0,87676709.0,2.186,0.5
300981,中红医疗,16.87,16.86,16.87,15.29,15.39,17.18,15.39,33385137.0,555524806.0,10.334,1.58
300982,苏文电能,14.89,14.89,14.9,14.89,14.96,14.97,14.66,2168537.0,32181249.0,0.0,0.0
300983,尤安设计,38.87,38.85,38.87,38.42,38.41,39.08,37.63,1098305.0,42058466.0,1.171,0.45
300984,金沃股份,31.57,31.57,31.58,30.51,30.5,31.7,30.26,3828199.0,119133831.0,3.474,1.06
300985,致远新能,38.38,38.38,38.4,38.29,38.29,39.5,37.8,3902252.0,151032554.0,0.235,0.09
300986,志特新材,11.67,11.66,11.67,11.5,11.5,11.74,11.43,18702609.0,217823641.0,1.478,0.17
300987,川网传媒,13.48,13.48,13.49,13.59,13.58,13.6,13.4,2039780.0,27517128.0,-0.809,-0.11
300988,津荣天宇,14.91,14.91,14.92,14.67,14.62,14.98,14.55,2961866.0,43864050.0,1.636,0.24
300989,蕾奥规划,14.24,14.24,14.25,13.93,13.85,14.39,13.7,4679593.0,65669063.0,2.225,0.31
300990,同飞股份,91.13,91.12,91.13,82.0,83.46,92.68,81.24,12479596.0,1100566210.0,11.134,9.13
300991,创益通,28.11,28.11,28.19,27.2,27.2,28.26,27.2,2789125.0,77697732.0,3.346,0.91
300992,泰福泵业,24.76,24.75,24.76,24.33,24.25,25.12,24.0,1408100.0,34880824.0,1.767,0.43
300993,玉马科技,9.91,9.9,9.91,9.82,9.79,9.92,9.76,2116340.0,20840642.0,0.916,0.09
300994,久祺股份,11.42,11.4,11.42,11.51,11.5,11.54,11.31,1250800.0,14266911.0,-0.782,-0.09
300995,奇德新材,26.55,26.52,26.55,26.28,26.15,26.74,25.98,1578482.0,41735044.0,1.027,0.27
300996,普联软件,14.05,14.05,14.06,13.81,13.74,14.16,13.71,32603282.0,454442627.0,1.738,0.24
300997,欢乐家,16.64,16.63,16.64,16.35,16.35,16.87,16.22,6976144.0,115999697.0,1.774,0.29
300998,宁波方正,28.08,28.05,28.08,26.32,26.39,28.28,26.16,6900886.0,190310021.0,6.687,1.76
300999,金龙鱼,26.24,26.24,26.25,25.76,25.87,26.39,25.85,13497098.0,353085796.0,1.863,0.48
301000,肇民科技,24.4,24.39,24.4,24.06,24.08,24.47,23.85,2766954.0,67146393.0,1.413,0.34
301001,凯淳股份,23.94,23.94,23.95,23.9,23.86,24.23,23.82,791800.0,19036516.0,0.167,0.04
301002,崧盛股份,28.33,28.31,28.33,27.66,27.66,28.5,27.23,4886642.0,136977146.0,2.422,0.67
301003,江苏博云,62.04,62.04,62.05,61.09,60.99,62.48,60.1,2577486.0,158025326.0,1.555,0.95
301004,嘉益股份,35.2,35.19,35.2,35.86,35.68,35.89,34.87,680700.0,24074331.0,-1.84,-0.66
301005,超捷股份,71.14,71.14,71.15,69.85,69.62,71.68,68.99,7002517.0,494032664.0,1.847,1.29
301006,迈拓股份,13.69,13.69,13.71,13.76,13.69,13.84,13.6,1420300.0,19503391.0,-0.509,-0.07
301007,德迈仕,29.73,29.73,29.74,28.94,28.66,29.92,28.4,3885300.0,114228208.0,2.73,0.79
301008,宏昌科技,39.19,39.19,39.2,37.48,37.41,39.62,36.8,8598135.0,330932242.0,4.562,1.71
301009,可靠股份,9.19,9.19,9.2,9.19,9.19,9.28,9.1,1975901.0,18136972.0,0.0,0.0
301010,晶雪节能,17.63,17.62,17.63,17.82,17.87,17.87,17.53,1155200.0,20377070.0,-1.066,-0.19
301011,华立科技,14.66,14.66,14.68,15.32,15.01,15.08,14.25,4450500.0,64984238.0,-4.308,-0.66
301012,扬电科技,23.68,23.67,23.68,23.6,23.5,23.74,23.28,4951487.0,116574927.0,0.339,0.08
301013,利和兴,40.3,40.3,40.31,38.37,38.39,40.43,38.15,19002409.0,753936888.0,5.03,1.93
301015,百洋医药,24.6,24.59,24.6,24.5,24.4,24.6,24.12,5727284.0,139520804.0,0.408,0.1
301016,雷尔伟,12.47,12.46,12.47,12.43,12.33,12.54,12.3,2346895.0,29185095.0,0.322,0.04
301017,漱玉平民,13.39,13.39,13.4,13.3,13.24,13.56,13.1,6233793.0,83298931.0,0.677,0.09
301018,申菱环境,107.88,107.88,107.89,102.6,103.35,108.5,100.01,26030639.0,2740123486.0,5.146,5.28
301019,宁波色母,15.46,15.45,15.46,15.26,15.24,15.58,15.22,1800325.0,27790465.0,1.311,0.2
301020,密封科技,21.31,21.3,21.31,20.77,20.68,21.66,20.64,2255700.0,47845864.0,2.6,0.54
301021,英诺激光,81.83,81.82,81.83,74.55,75.5,82.48,74.69,10790285.0,854795879.0,9.765,7.28
301022,海泰科,22.8,22.79,22.82,22.86,22.58,23.01,22.58,1178200.0,26898561.0,-0.262,-0.06
301023,奕帆传动,28.46,28.45,28.46,28.22,28.45,28.83,28.04,983306.0,28054506.0,0.85,0.24
301024,霍普股份,31.97,31.97,31.98,32.19,32.18,32.35,31.28,644439.0,20597973.0,-0.683,-0.22
301025,读客文化,9.2,9.2,9.21,9.22,9.14,9.25,9.08,8321207.0,76325625.0,-0.217,-0.02
301026,浩通科技,21.41,21.4,21.41,21.04,20.55,21.48,20.55,9182243.0,194280821.0,1.759,0.37
301027,华蓝集团,20.95,20.95,20.96,20.49,20.29,21.04,20.22,3749297.0,77594563.0,2.245,0.46
301028,鼎熔岩,13.39,13.38,13.39,13.09,13.01,13.59,12.98,4939407.0,65737867.0,2.292,0.3
301029,怡合达,25.96,25.96,25.97,25.81,25.83,26.36,25.65,7983120.0,207462065.0,0.581,0.15
301030,*ST仕净,8.35,8.35,8.36,8.59,8.64,8.64,8.26,6361140.0,53385756.0,-2.794,-0.24
301031,中熔电气,98.26,98.23,98.26,96.0,98.71,100.8,97.6,4145721.0,409819263.0,2.354,2.26
301032,新柴股份,10.25,10.25,10.26,10.25,10.22,10.32,10.14,2771512.0,28368077.0,0.0,0.0
301033,迈普医学,53.73,53.73,53.74,53.97,54.01,54.14,52.91,1029597.0,55095473.0,-0.445,-0.24
301035,润丰股份,57.16,57.16,57.17,56.46,56.15,57.31,55.5,1990174.0,112463531.0,1.24,0.7
301036,双乐股份,22.23,22.22,22.23,22.15,22.15,22.39,21.97,765100.0,17005451.0,0.361,0.08
301037,保立佳,13.08,13.08,13.1,13.37,13.34,13.46,13.03,2267140.0,29900660.0,-2.169,-0.29
301038,深水规院,16.96,16.95,16.96,16.66,16.91,17.08,16.62,3482196.0,58826985.0,1.801,0.3
301039,中集车辆,8.17,8.17,8.18,8.43,8.39,8.42,8.12,13648502.0,112331569.0,-3.084,-0.26
301040,中环海陆,27.19,27.17,27.19,27.11,27.11,27.47,26.7,1367400.0,37035085.0,0.295,0.08
301041,金百泽,27.71,27.71,27.72,26.51,26.74,28.09,26.65,4546500.0,124748056.0,4.527,1.2
301042,安联锐视,33.2,33.2,33.22,32.45,32.35,33.44,32.29,3161140.0,104275020.0,2.311,0.75
301043,绿岛风,43.6,43.6,43.62,44.46,45.01,45.01,42.97,686500.0,29851802.0,-1.934,-0.86
301045,天禄科技,68.3,68.3,68.33,62.99,66.14,68.68,64.14,6303190.0,423199630.0,8.43,5.31
301046,能辉科技,23.39,23.37,23.39,23.0,22.96,23.45,22.51,2825000.0,65516353.0,1.696,0.39
301047,义翘神州,105.9,105.9,105.91,107.23,104.0,106.76,103.4,7232363.0,759633567.0,-1.24,-1.33
301048,金鹰重工,9.08,9.07,9.08,9.16,9.17,9.19,9.06,4395910.0,40008614.0,-0.873,-0.08
301049,超越科技,20.31,20.29,20.31,20.68,20.17,20.47,20.05,1699927.0,34422394.0,-1.789,-0.37
301050,雷电微力,29.36,29.36,29.37,28.59,28.41,29.43,28.41,3313199.0,96420068.0,2.693,0.77
301051,信濠光电,17.39,17.39,17.4,17.37,17.6,17.62,17.06,12224513.0,212085392.0,0.115,0.02
301052,果麦文化,22.99,22.99,23.01,23.02,23.03,23.18,22.81,2129900.0,48967350.0,-0.13,-0.03
301053,远信工业,39.65,39.63,39.65,39.71,39.37,40.21,39.21,3382264.0,134166817.0,-0.151,-0.06
301055,张小泉,29.54,29.54,29.55,29.27,29.12,29.71,28.41,3886280.0,113185586.0,0.922,0.27
301056,森赫股份,11.99,11.99,12.0,11.52,11.47,12.19,11.34,4023033.0,47897702.0,4.08,0.47
301057,汇隆新材,23.23,23.21,23.23,22.42,22.42,23.3,22.29,3369535.0,76954857.0,3.613,0.81
301058,中粮科工,8.97,8.96,8.97,8.76,8.7,9.03,8.69,12365600.0,110088944.0,2.397,0.21
301059,金三江,11.84,11.84,11.86,11.81,11.71,11.9,11.65,5613512.0,66128743.0,0.254,0.03
301060,兰卫医学,11.76,11.76,11.77,11.15,11.29,12.18,11.09,33515384.0,392926367.0,5.471,0.61
301061,匠心家居,33.75,33.7,33.75,33.56,33.5,33.78,33.12,2021120.0,67612934.0,0.566,0.19
301062,上海艾录,7.09,7.08,7.09,7.13,7.13,7.16,7.03,5845000.0,41481883.0,-0.561,-0.04
301063,海锅股份,17.97,17.97,17.98,18.39,18.17,18.36,17.88,1678247.0,30297366.0,-2.284,-0.42
301065,本立科技,19.78,19.77,19.78,19.8,19.8,19.92,19.57,1827600.0,36162065.0,-0.101,-0.02
301066,万事利,11.95,11.94,11.95,12.03,12.06,12.13,11.82,2970800.0,35542370.0,-0.665,-0.08
301067,显盈科技,28.5,28.5,28.51,28.03,27.91,28.71,27.75,1998253.0,56708454.0,1.677,0.47
301068,大地海洋,28.0,27.92,28.0,28.36,25.29,28.66,25.29,1579045.0,44210785.0,-1.269,-0.36
301069,凯盛新材,16.57,16.57,16.58,16.27,16.43,16.65,16.3,4641072.0,76553233.0,1.844,0.3
301070,开勒股份,65.87,65.87,65.9,64.77,65.0,66.5,63.5,2411663.0,157456151.0,1.698,1.1
301071,力量钻石,61.77,61.77,61.78,57.0,57.44,61.88,57.05,16223737.0,975851688.0,8.368,4.77
301072,中捷精工,45.61,45.6,45.61,44.18,44.0,45.9,43.3,2649800.0,119464768.0,3.237,1.43
301073,君亭酒店,19.55,19.55,19.56,19.36,19.23,19.68,18.7,10923488.0,211217377.0,0.981,0.19
301075,多瑞医药,57.0,56.99,57.0,56.01,56.17,58.5,54.48,2200270.0,124213917.0,1.768,0.99
301076,新瀚新材,20.76,20.75,20.76,20.18,20.23,20.91,20.05,2975861.0,61230692.0,2.874,0.58
301077,星华新材,20.74,20.73,20.74,20.61,20.57,20.92,20.57,1514030.0,31456942.0,0.631,0.13
301078,孩子王,7.18,7.18,7.19,7.18,7.15,7.27,7.13,15444448.0,110975005.0,0.0,0.0
301079,邵阳液压,28.08,28.08,28.09,27.61,27.45,28.29,27.45,2212900.0,62000191.0,1.702,0.47
301080,百普赛斯,86.09,86.08,86.09,88.3,87.44,87.44,84.0,11575602.0,991917211.0,-2.503,-2.21
301081,严牌股份,14.1,14.1,14.11,14.04,13.93,14.75,13.8,8668597.0,122603590.0,0.427,0.06
301082,久盛电气,9.79,9.79,9.8,9.65,9.42,9.84,9.41,13334590.0,128760371.0,1.451,0.14
301083,百胜智能,13.88,13.88,13.89,13.97,13.96,14.03,13.81,1269400.0,17651036.0,-0.644,-0.09
301085,亚康股份,59.32,59.32,59.33,59.04,59.01,59.5,58.47,3171627.0,187542244.0,0.474,0.28
301086,鸿富瀚,126.8,126.8,126.82,117.7,120.01,126.96,115.38,6667313.0,823012056.0,7.732,9.1
301087,可孚医疗,50.83,50.8,50.83,49.82,49.66,51.08,49.53,1618229.0,81538732.0,2.027,1.01
301088,戎美股份,12.76,12.76,12.81,12.8,12.66,12.85,12.55,1247300.0,15880127.0,-0.313,-0.04
301089,拓新药业,24.33,24.33,24.34,24.13,24.13,24.49,23.83,2617807.0,63361676.0,0.829,0.2
301090,华润材料,6.96,6.96,6.97,6.81,6.82,7.01,6.79,16218243.0,112423429.0,2.203,0.15
301091,深城交,18.28,18.27,18.28,18.6,18.6,18.65,18.25,4345493.0,79783939.0,-1.72,-0.32
301092,争光股份,46.05,46.04,46.05,43.08,44.94,46.46,43.12,6622930.0,298196037.0,6.894,2.97
301093,华兰股份,74.92,74.8,74.92,74.73,73.38,76.79,72.5,5465419.0,409252690.0,0.254,0.19
301095,广立微,75.45,75.45,75.47,72.25,72.68,75.72,72.11,5533394.0,410784714.0,4.429,3.2
301096,百诚医药,44.93,44.93,44.98,46.78,44.05,46.36,43.9,4885843.0,218917367.0,-3.955,-1.85
301097,天益医疗,33.38,33.38,33.41,33.4,33.13,33.86,32.87,636330.0,21147904.0,-0.06,-0.02
301098,金埔园林,9.17,9.17,9.19,9.36,9.36,9.43,9.12,7603518.0,70256802.0,-2.03,-0.19
301099,雅创电子,52.17,52.16,52.17,50.16,50.1,52.68,50.1,8699535.0,449504340.0,4.007,2.01
301100,风光股份,15.99,15.99,16.0,15.88,15.88,16.17,15.7,1005605.0,16075992.0,0.693,0.11
301101,明月镜片,29.7,29.7,29.71,29.91,29.94,30.01,29.41,1984936.0,58958800.0,-0.702,-0.21
301102,兆讯传媒,9.26,9.26,9.27,9.34,9.32,9.38,9.18,1640520.0,15183655.0,-0.857,-0.08
301103,何氏眼科,16.66,16.66,16.68,16.71,16.71,16.78,16.5,1293920.0,21529832.0,-0.299,-0.05
301105,鸿铭股份,46.58,46.58,46.79,47.0,47.09,47.09,46.09,312100.0,14555550.0,-0.894,-0.42
301106,骏成科技,20.33,20.33,20.34,19.8,19.67,20.68,19.67,10542881.0,213163329.0,2.677,0.53
301107,瑜欣电子,23.64,23.63,23.64,23.45,24.0,24.41,23.27,6223818.0,147738620.0,0.81,0.19
301108,洁雅股份,39.03,39.03,39.05,37.91,39.16,39.16,37.37,1365820.0,52346719.0,2.954,1.12
301109,军信股份,13.19,13.18,13.19,13.17,13.15,13.2,13.01,3601790.0,47207134.0,0.152,0.02
301110,青木科技,34.53,34.53,34.54,34.53,34.5,34.7,34.2,2122444.0,73201466.0,0.0,0.0
301111,粤万年青,22.75,22.75,22.76,21.48,21.23,23.0,21.23,6906325.0,155279471.0,5.912,1.27
301112,信邦智能,30.66,30.6,30.66,30.55,31.08,31.08,30.37,563183.0,17260717.0,0.36,0.11
301113,雅艺科技,17.1,17.1,17.11,17.38,17.26,17.36,16.9,1342300.0,22973718.0,-1.611,-0.28
301115,联检科技,29.64,29.6,29.64,28.76,28.59,29.82,28.46,4599000.0,134308039.0,3.06,0.88
301116,益客食品,9.74,9.74,9.75,9.44,9.35,9.76,9.35,9074867.0,87307950.0,3.178,0.3
301117,ST佳缘,12.94,12.94,12.95,13.0,12.81,13.15,12.76,23491168.0,303661058.0,-0.462,-0.06
301118,恒光股份,23.71,23.71,23.72,22.82,22.75,23.96,22.75,5698450.0,133733633.0,3.9,0.89
301119,正强股份,24.0,24.0,24.03,22.75,22.55,24.08,22.55,3481578.0,81825888.0,5.495,1.25
301120,新特电气,15.08,15.07,15.08,14.88,15.14,15.24,14.83,7072111.0,106164635.0,1.344,0.2
301121,紫建电子,35.76,35.75,35.8,35.25,35.2,35.88,34.95,974378.0,34606372.0,1.447,0.51
301122,采纳股份,38.72,38.72,38.73,39.47,38.85,40.38,38.47,4544050.0,177576651.0,-1.9,-0.75
301123,奕东电子,78.94,78.94,78.95,75.06,76.34,79.1,74.5,9156324.0,709117425.0,5.169,3.88
301125,腾亚精工,12.48,12.47,12.48,12.35,12.37,12.6,12.21,2326206.0,28849891.0,1.053,0.13
301126,达嘉维康,10.3,10.3,10.33,10.24,10.13,10.39,10.13,2930286.0,30175661.0,0.586,0.06
301127,武汉天源,19.48,19.47,19.48,18.81,18.56,19.73,18.33,36114161.0,693975253.0,3.562,0.67
301128,强瑞技术,120.17,120.17,120.18,109.76,111.1,121.87,111.1,9940394.0,1170857715.0,9.484,10.41
301129,瑞纳智能,23.77,23.76,23.77,23.52,23.43,23.92,23.0,4376320.0,103378122.0,1.063,0.25
301130,西点药业,35.62,35.61,35.62,36.0,34.25,35.94,34.2,14091573.0,494233774.0,-1.056,-0.38
301131,聚赛龙,33.65,33.65,33.68,33.71,33.71,34.15,33.0,840200.0,28184281.0,-0.178,-0.06
301132,满坤科技,37.57,37.57,37.58,36.23,36.07,37.71,36.07,4557940.0,168917912.0,3.699,1.34
301133,金钟股份,30.96,30.96,31.0,29.46,29.45,31.02,28.62,3966332.0,119083955.0,5.092,1.5
301135,瑞德智能,17.28,17.26,17.28,17.04,17.0,17.46,16.88,2019170.0,34824627.0,1.408,0.24
301136,招标股份,11.4,11.4,11.41,11.48,11.32,11.47,11.23,4815672.0,54850536.0,-0.697,-0.08
301137,哈焊华通,31.88,31.88,31.89,31.72,31.03,31.97,30.41,7844940.0,245421927.0,0.504,0.16
301138,华研精机,28.53,28.53,28.54,28.73,28.34,28.83,28.3,2166212.0,61838203.0,-0.696,-0.2
301139,*ST元道,3.51,3.5,3.51,3.31,3.3,3.67,3.22,14534300.0,49758658.0,6.042,0.2
301141,中科磁业,42.0,41.99,42.0,41.96,41.24,42.57,40.9,2763853.0,115591174.0,0.095,0.04
301148,嘉戎技术,52.11,52.1,52.11,51.45,51.26,52.8,51.1,1143884.0,59689063.0,1.283,0.66
301149,隆华新材,8.5,8.49,8.5,8.39,8.42,8.53,8.31,22902416.0,192879330.0,1.311,0.11
301150,中一科技,40.2,40.19,40.2,38.85,39.21,40.29,38.06,16646885.0,658831313.0,3.475,1.35
301151,冠龙节能,17.15,17.13,17.15,16.94,16.9,17.22,16.75,1954454.0,33376422.0,1.24,0.21
301152,天力锂能,22.67,22.67,22.69,23.2,23.2,23.34,22.56,12605600.0,286495003.0,-2.284,-0.53
301153,中科江南,17.65,17.64,17.65,17.43,17.32,17.77,17.24,3863500.0,67635783.0,1.262,0.22
301155,海力风电,40.8,40.79,40.8,40.69,40.56,40.92,40.08,1865700.0,75717300.0,0.27,0.11
301156,美农生物,11.74,11.73,11.74,11.84,11.86,11.95,11.66,7438680.0,87572461.0,-0.845,-0.1
301157,华塑科技,60.18,60.14,60.18,60.79,60.77,61.16,59.37,790600.0,47550248.0,-1.003,-0.61
301158,德石股份,15.02,15.02,15.03,14.94,14.88,15.1,14.75,3539568.0,53053876.0,0.535,0.08
301159,三维天地,31.55,31.54,31.55,31.22,31.59,31.69,31.01,1513700.0,47553788.0,1.057,0.33
301160,翔楼新材,46.93,46.92,46.93,45.69,45.61,47.3,44.6,5203934.0,238734219.0,2.714,1.24
301161,唯万密封,29.51,29.51,29.52,28.36,28.64,29.99,28.08,6219187.0,181088743.0,4.055,1.15
301162,国能日新,37.7,37.69,37.7,37.88,37.89,38.03,37.1,1480536.0,55806439.0,-0.475,-0.18
301163,宏德股份,23.31,23.31,23.33,24.06,23.66,23.77,23.08,1469519.0,34378643.0,-3.117,-0.75
301165,锐捷网络,120.25,120.25,120.26,115.06,119.01,120.9,116.03,19012959.0,2264133166.0,4.511,5.19
301166,优宁维,29.88,29.88,29.9,29.9,29.45,30.46,29.35,3253300.0,97015249.0,-0.067,-0.02
301167,建研设计,14.44,14.44,14.45,14.63,14.61,14.61,14.36,1596100.0,23065207.0,-1.299,-0.19
301168,通灵股份,41.64,41.53,41.64,41.5,41.52,42.0,41.33,719300.0,29928101.0,0.337,0.14
301169,零点有数,55.44,55.44,55.45,49.98,49.75,55.5,49.75,2529384.0,133197619.0,10.924,5.46
301170,锡南科技,22.84,22.84,22.85,22.83,22.83,22.89,22.37,1031400.0,23405635.0,0.044,0.01
301171,易点天下,35.13,35.13,35.14,34.25,34.3,36.12,34.2,47577676.0,1684161927.0,2.569,0.88
301172,君逸数码,17.18,17.16,17.18,16.78,16.78,17.23,16.66,4637682.0,78885092.0,2.384,0.4
301173,毓恬冠佳,31.88,31.88,31.89,31.83,31.93,32.17,31.59,551600.0,17571914.0,0.157,0.05
301175,中科环保,5.64,5.64,5.65,5.66,5.66,5.67,5.58,15136576.0,85142868.0,-0.353,-0.02
301176,逸豪新材,46.63,46.63,46.64,44.66,44.67,47.45,44.0,5481492.0,252457822.0,4.411,1.97
301177,迪阿股份,26.38,26.38,26.39,28.73,27.0,27.46,26.12,10825719.0,289299755.0,-8.18,-2.35
301178,天亿马,35.21,35.2,35.21,34.16,34.72,35.28,33.75,2133418.0,73792587.0,3.074,1.05
301179,泽宇智能,19.73,19.72,19.73,19.21,19.19,19.83,18.96,7468597.0,144754619.0,2.707,0.52
301180,万祥科技,11.85,11.85,11.87,12.16,11.9,12.01,11.5,5284400.0,62499289.0,-2.549,-0.31
301181,标榜股份,23.6,23.59,23.6,23.5,23.38,23.67,22.88,1740476.0,40537708.0,0.426,0.1
301182,凯旺科技,72.34,72.34,72.35,68.28,69.16,74.47,67.83,4350200.0,313617496.0,5.946,4.06
301183,东田微,236.0,235.99,236.0,225.71,232.52,238.68,223.82,5702004.0,1323534732.0,4.559,10.29
301185,鸥玛软件,16.45,16.45,16.46,16.49,16.42,16.54,16.32,1088720.0,17897443.0,-0.243,-0.04
301186,超达装备,34.6,34.58,34.6,33.16,33.0,35.25,32.01,2011362.0,68584723.0,4.343,1.44
301187,欧圣电气,14.9,14.88,14.9,14.87,14.92,14.93,14.68,1345480.0,19945260.0,0.202,0.03
301188,力诺药包,38.03,38.03,38.04,36.11,36.18,38.5,35.8,14560991.0,541787679.0,5.317,1.92
301189,奥尼电子,53.18,53.15,53.18,51.78,52.27,53.3,50.53,4333472.0,226557120.0,2.704,1.4
301190,善水科技,20.11,20.11,20.12,19.92,19.92,20.4,19.57,8118186.0,161639561.0,0.954,0.19
301191,菲菱科思,94.5,94.5,94.51,90.75,91.55,94.91,89.6,5238653.0,485093205.0,4.132,3.75
301192,泰祥股份,19.69,19.69,19.71,19.82,19.47,20.02,19.47,1768200.0,34957391.0,-0.656,-0.13
301193,家联科技,17.87,17.87,17.88,19.01,18.74,18.74,17.35,10312784.0,184609777.0,-5.997,-1.14
301195,北路智控,26.26,26.25,26.26,26.19,26.16,26.28,25.86,965500.0,25243161.0,0.267,0.07
301196,唯科科技,98.9,98.9,98.91,87.6,88.88,99.0,87.46,10632386.0,1007039784.0,12.9,11.3
301197,工大科雅,25.7,25.7,25.71,25.8,25.66,25.91,25.16,2262571.0,57953865.0,-0.388,-0.1
301198,喜悦智行,13.38,13.38,13.39,12.75,12.71,13.39,12.5,5628409.0,72554391.0,4.941,0.63
301199,迈赫股份,17.59,17.58,17.59,17.63,17.55,17.86,17.52,1554020.0,27479072.0,-0.227,-0.04
301200,大族数控,282.4,282.39,282.4,268.6,270.72,284.5,267.01,2940348.0,814890208.0,5.138,13.8
301201,诚达药业,36.34,36.34,36.35,35.5,35.43,36.48,35.31,7002609.0,251968580.0,2.366,0.84
301202,朗威股份,36.53,36.51,36.53,35.94,35.94,36.77,35.58,1840800.0,66922381.0,1.642,0.59
301203,国泰环保,34.23,34.23,34.29,34.22,34.11,34.55,33.87,385528.0,13200608.0,0.029,0.01
301205,联特科技,329.5,329.5,329.52,311.19,310.0,332.57,305.16,9980641.0,3198032026.0,5.884,18.31
301206,三元生物,23.8,23.8,23.81,23.8,23.78,23.88,23.52,1224200.0,29027871.0,0.0,0.0
301207,华兰疫苗,18.26,18.26,18.27,18.0,17.82,18.3,17.71,10919551.0,196498713.0,1.444,0.26
301208,中亦科技,30.92,30.83,30.92,30.5,30.48,30.94,30.18,1938673.0,59549928.0,1.377,0.42
301209,联合化学,59.78,59.78,59.79,56.19,56.5,60.33,55.59,3496300.0,204779260.0,6.389,3.59
301210,金杨精密,24.22,24.21,24.22,24.0,23.8,24.42,23.7,2091480.0,50408808.0,0.917,0.22
301211,亨迪药业,12.97,12.96,12.97,13.02,12.89,13.24,12.76,23446146.0,303619300.0,-0.384,-0.05
301212,联盛化学,24.99,24.99,25.0,24.25,24.4,25.4,24.01,2963200.0,73795459.0,3.052,0.74
301213,观想科技,40.2,40.18,40.2,39.59,39.59,40.75,39.22,1119473.0,45068083.0,1.541,0.61
301215,中汽股份,5.4,5.4,5.41,5.48,5.48,5.48,5.38,11358192.0,61458288.0,-1.46,-0.08
301216,万凯新材,17.8,17.8,17.81,17.68,17.6,17.8,17.43,29640660.0,523223706.0,0.679,0.12
301217,铜冠铜箔,114.53,114.53,114.54,107.82,110.03,115.36,106.8,37537180.0,4207003190.0,6.223,6.71
301218,华是科技,45.6,45.6,45.62,47.01,42.99,46.84,41.4,23358434.0,1036181756.0,-2.999,-1.41
301219,腾远钴业,46.54,46.53,46.54,46.09,45.61,46.63,45.35,7080810.0,326484171.0,0.976,0.45
301220,亚香股份,29.29,29.29,29.3,29.01,29.01,29.4,28.75,1367677.0,39792947.0,0.965,0.28
301221,光庭信息,27.86,27.85,27.86,27.83,27.78,28.2,27.46,1358502.0,37848946.0,0.108,0.03
301222,浙江恒威,24.06,24.06,24.07,24.27,24.35,24.39,23.92,1224540.0,29491825.0,-0.865,-0.21
301223,中荣股份,17.33,17.33,17.34,16.78,16.74,17.38,16.71,2546585.0,43581132.0,3.278,0.55
301225,恒勃股份,58.0,58.0,58.05,56.63,56.08,59.58,56.08,3809079.0,222036559.0,2.419,1.37
301226,祥明智能,29.13,29.13,29.14,28.28,28.19,29.17,28.03,1638079.0,47081232.0,3.006,0.85
301227,森鹰窗业,31.49,31.45,31.49,30.4,30.16,31.69,30.0,2626680.0,81094047.0,3.586,1.09
301228,实朴检测,65.24,65.23,65.24,62.79,62.85,66.7,62.85,4382385.0,285094416.0,3.902,2.45
301229,纽泰格,12.2,12.2,12.21,12.29,12.29,12.35,12.13,2705820.0,33136401.0,-0.732,-0.09
301230,泓博医药,32.79,32.79,32.8,32.8,32.65,33.15,32.29,11068223.0,361052523.0,-0.03,-0.01
301231,荣信文化,26.41,26.41,26.42,26.69,26.37,26.93,26.3,3229799.0,85695607.0,-1.049,-0.28
301232,飞沃科技,104.0,103.99,104.0,94.15,94.15,104.41,93.5,6839344.0,689902260.0,10.462,9.85
301233,盛帮股份,33.08,33.07,33.08,33.16,33.1,33.41,32.71,692720.0,22968377.0,-0.241,-0.08
301234,五洲医疗,105.76,105.76,105.77,106.12,106.0,108.26,102.52,2296607.0,239745448.0,-0.339,-0.36
301235,华康洁净,46.88,46.88,46.89,45.71,44.71,47.27,44.3,12519777.0,577071457.0,2.56,1.17
301236,软通动力,37.39,37.39,37.4,36.93,36.5,37.44,36.5,16698637.0,620705906.0,1.246,0.46
301237,和顺科技,55.12,55.08,55.12,53.14,53.86,55.41,52.66,1205600.0,65411759.0,3.726,1.98
301238,瑞泰新材,16.49,16.49,16.5,16.18,16.2,16.5,15.89,11549743.0,187262602.0,1.916,0.31
301239,普瑞眼科,35.85,35.85,35.86,35.59,35.36,35.94,34.8,2777700.0,98206823.0,0.731,0.26
301246,宏源药业,21.39,21.39,21.4,21.18,21.2,21.39,20.62,9142701.0,192079489.0,0.992,0.21
301248,杰创智能,59.89,59.89,59.9,59.17,59.62,60.93,58.7,4077342.0,244182050.0,1.217,0.72
301251,威尔高,49.06,49.06,49.07,47.1,47.58,49.55,46.54,7040820.0,340307908.0,4.161,1.96
301252,同星科技,35.76,35.76,35.77,34.02,34.51,36.15,34.37,5091770.0,180958408.0,5.115,1.74
301255,通力科技,19.79,19.79,19.8,19.73,19.82,20.04,19.51,1378440.0,27346716.0,0.304,0.06
301256,华融化学,10.27,10.27,10.28,10.15,10.15,10.3,10.02,2737597.0,27928717.0,1.182,0.12
301257,普蕊斯,44.43,44.42,44.43,44.61,44.84,45.16,43.91,3133928.0,138986020.0,-0.403,-0.18
301258,富士莱,26.16,26.09,26.16,26.05,26.2,26.3,25.58,863400.0,22457780.0,0.422,0.11
301259,艾布鲁,22.43,22.43,22.44,22.33,22.12,22.5,21.85,4551150.0,100979905.0,0.448,0.1
301260,格力博,13.55,13.54,13.55,13.6,13.6,13.6,13.42,1892291.0,25581582.0,-0.368,-0.05
301261,恒工精密,55.88,55.87,55.88,55.39,55.38,56.46,55.0,1500688.0,83751678.0,0.885,0.49
301262,海看股份,18.56,18.56,18.57,18.59,18.43,18.63,18.35,3092624.0,57287157.0,-0.161,-0.03
301263,泰恩康,19.72,19.7,19.72,19.13,19.02,19.75,18.91,4285538.0,83248953.0,3.084,0.59
301265,华新科技,19.03,19.03,19.04,18.88,18.89,19.33,18.52,6896800.0,130424634.0,0.794,0.15
301266,宇邦新材,23.26,23.25,23.26,23.17,22.9,23.35,22.83,2497158.0,57611117.0,0.388,0.09
301267,华厦眼科,16.11,16.11,16.12,16.19,16.11,16.21,15.88,3755752.0,60168787.0,-0.494,-0.08
301268,铭利达,13.41,13.4,13.41,13.51,13.42,13.6,13.21,3297600.0,44128088.0,-0.74,-0.1
301269,华大九天,96.62,96.62,96.63,94.3,94.47,97.11,93.73,6315918.0,602859028.0,2.46,2.32
301270,汉仪股份,31.93,31.93,31.94,31.54,31.65,31.99,31.31,1335800.0,42332525.0,1.237,0.39
301272,英华特,34.54,34.54,34.55,34.72,34.2,34.65,33.63,853104.0,29213278.0,-0.518,-0.18
301273,瑞晨环保,40.48,40.45,40.48,39.27,39.32,40.63,39.06,2689380.0,107444893.0,3.081,1.21
301275,汉朔科技,41.6,41.59,41.6,41.29,41.3,41.64,40.88,3411772.0,140952790.0,0.751,0.31
301276,嘉曼服饰,20.06,20.03,20.06,21.22,20.5,22.16,19.47,6338754.0,128574704.0,-5.467,-1.16
301277,新天地,10.45,10.45,10.46,10.46,10.41,10.63,10.4,3451910.0,36143407.0,-0.096,-0.01
301278,快可电子,27.95,27.93,27.95,28.15,28.04,28.18,27.8,992580.0,27730317.0,-0.71,-0.2
301279,金道科技,21.24,21.22,21.24,21.16,21.31,21.43,20.94,1723881.0,36512782.0,0.378,0.08
301280,珠城科技,43.16,43.16,43.18,42.58,41.79,43.5,41.79,2835951.0,121006694.0,1.362,0.58
301281,科源制药,46.35,46.35,46.36,44.79,44.75,46.5,43.68,2688001.0,121789544.0,3.483,1.56
301282,金禄电子,34.78,34.78,34.79,33.67,33.7,35.64,33.7,20195060.0,706001340.0,3.297,1.11
301283,聚胶股份,25.41,25.38,25.41,25.38,25.24,25.52,25.1,853255.0,21605041.0,0.118,0.03
301285,鸿日达,90.79,90.79,90.8,81.28,81.79,90.87,80.11,3877282.0,335113159.0,11.7,9.51
301286,侨源股份,47.75,47.74,47.75,46.05,45.96,48.74,45.01,3576346.0,169407261.0,3.692,1.7
301287,康力源,42.23,42.22,42.23,41.99,41.95,42.78,41.5,1125819.0,47414671.0,0.572,0.24
301288,清研环境,17.06,17.05,17.06,17.12,17.22,17.29,16.91,704000.0,12049155.0,-0.35,-0.06
301289,国缆检测,46.65,46.64,46.65,47.06,46.07,46.65,45.5,2904162.0,134142801.0,-0.871,-0.41
301290,东星医疗,28.63,28.63,28.65,28.85,28.93,28.98,28.47,1312006.0,37565074.0,-0.763,-0.22
301291,明阳电气,34.98,34.98,34.99,37.6,37.08,37.19,33.88,13745467.0,478677882.0,-6.968,-2.62
301292,海科新源,64.67,64.66,64.67,65.02,64.15,64.94,62.89,7030828.0,450770990.0,-0.538,-0.35
301293,三博脑科,52.67,52.66,52.67,51.92,51.2,52.69,51.07,5474748.0,285638231.0,1.445,0.75
301295,美硕科技,37.8,37.79,37.8,37.96,37.59,38.88,37.03,1956289.0,74244133.0,-0.421,-0.16
301296,新巨丰,6.49,6.49,6.5,6.53,6.49,6.58,6.47,3095100.0,20174747.0,-0.613,-0.04
301297,富乐德,38.2,38.2,38.21,36.04,36.22,38.5,35.86,22374241.0,835571857.0,5.993,2.16
301298,东利机械,12.81,12.81,12.85,13.12,12.91,13.0,12.65,2133360.0,27344188.0,-2.363,-0.31
301299,卓创资讯,44.39,44.39,44.4,43.89,43.41,44.39,43.41,749600.0,33079231.0,1.139,0.5
301300,远翔新材,32.72,32.72,32.78,32.67,32.97,33.05,32.23,608700.0,19919821.0,0.153,0.05
301301,川宁生物,8.85,8.85,8.86,8.85,8.82,8.9,8.72,10307501.0,90789671.0,0.0,0.0
301302,华如科技,20.98,20.98,20.99,20.89,20.89,21.05,20.66,3058000.0,63938184.0,0.431,0.09
301303,真兰仪表,13.92,13.91,13.92,13.86,13.87,14.01,13.76,2466340.0,34296152.0,0.433,0.06
301305,朗坤科技,24.93,24.93,24.94,24.72,24.6,25.08,24.44,4365648.0,108522494.0,0.85,0.21
301306,西测测试,90.63,90.63,90.65,87.15,87.16,91.28,86.69,2637200.0,236439713.0,3.993,3.48
301307,美利信,58.34,58.33,58.34,52.34,51.02,58.5,50.94,19255614.0,1052766476.0,11.464,6.0
301308,江波龙,386.25,386.25,386.26,364.2,369.0,386.25,366.02,15049238.0,5703314201.0,6.054,22.05
301309,万得凯,29.05,29.03,29.05,29.28,29.31,29.46,28.7,970957.0,28178067.0,-0.786,-0.23
301310,鑫宏业,50.74,50.71,50.74,49.07,49.51,50.97,49.22,4514006.0,227026505.0,3.403,1.67
301311,昆船智能,13.58,13.56,13.58,13.63,13.6,13.66,13.5,1889808.0,25651342.0,-0.367,-0.05
301312,智立方,79.51,79.51,79.52,73.75,76.7,82.55,73.0,13019249.0,1010977520.0,7.81,5.76
301313,凡拓数创,32.7,32.69,32.7,32.23,32.01,33.08,32.0,3625254.0,117884195.0,1.458,0.47
301314,科瑞思,45.7,45.7,45.72,44.28,44.0,45.91,43.8,1142820.0,51308954.0,3.207,1.42
301315,威士顿,42.6,42.59,42.63,41.05,40.64,42.7,40.1,3807805.0,157837216.0,3.776,1.55
301316,慧博云通,39.95,39.94,39.95,38.19,38.2,40.22,37.95,11948369.0,467773557.0,4.609,1.76
301317,鑫磊股份,46.37,46.36,46.37,40.6,40.32,46.51,40.2,7341349.0,322092913.0,14.212,5.77
301318,维海德,20.84,20.82,20.84,20.9,20.9,20.97,20.68,915560.0,19061720.0,-0.287,-0.06
301319,唯特偶,106.84,106.84,106.85,99.43,101.81,108.3,99.36,12627684.0,1322968206.0,7.452,7.41
301320,豪江智能,13.7,13.7,13.71,13.65,13.66,13.76,13.53,1800900.0,24558931.0,0.366,0.05
301321,翰博高新,40.43,40.43,40.44,40.39,39.92,41.32,39.35,7240963.0,291692912.0,0.099,0.04
301322,绿通科技,42.52,42.52,42.55,41.38,41.41,42.75,40.95,3416137.0,143800382.0,2.755,1.14
301323,新莱福,69.3,69.28,69.3,67.34,67.0,70.13,66.68,884300.0,60980673.0,2.911,1.96
301325,曼恩斯特,30.7,30.7,30.72,30.81,30.31,30.95,29.74,1874733.0,57051534.0,-0.357,-0.11
301326,捷邦科技,110.46,110.45,110.46,105.89,103.1,111.81,103.1,1930795.0,210565822.0,4.316,4.57
301327,华宝新能,44.31,44.31,44.33,44.62,44.49,44.63,43.32,1213958.0,53314229.0,-0.695,-0.31
301328,维峰电子,55.9,55.89,55.9,53.36,53.06,56.19,53.06,3457166.0,189046447.0,4.76,2.54
301329,信音电子,19.32,19.32,19.34,18.97,18.87,19.44,18.87,3003562.0,57838467.0,1.845,0.35
301330,熵基科技,23.98,23.97,23.98,24.05,24.1,24.2,23.92,1586744.0,38164618.0,-0.291,-0.07
301331,恩威医药,22.03,22.03,22.04,22.05,21.94,22.09,21.66,1636389.0,35887906.0,-0.091,-0.02
301332,德尔玛,7.98,7.97,7.98,7.99,7.94,8.03,7.88,2621100.0,20860003.0,-0.125,-0.01
301333,诺思格,54.28,54.28,54.29,55.14,55.0,55.09,53.53,2647491.0,143210008.0,-1.56,-0.86
301335,天元宠物,24.08,24.08,24.09,24.74,24.73,24.73,23.9,2962407.0,71455574.0,-2.668,-0.66
301336,趣睡科技,41.19,41.15,41.19,41.32,40.9,41.35,40.54,879230.0,35999295.0,-0.315,-0.13
301337,亚华电子,25.85,25.84,25.85,25.72,25.73,26.06,25.37,1191900.0,30649478.0,0.505,0.13
301338,凯格精机,103.5,103.46,103.5,96.15,97.02,103.97,95.11,5755827.0,581638901.0,7.644,7.35
301339,通行宝,11.14,11.13,11.14,11.13,11.12,11.18,11.06,1803207.0,20047820.0,0.09,0.01
301345,涛涛车业,247.99,247.98,247.99,249.14,248.0,248.5,238.0,711410.0,173674051.0,-0.462,-1.15
301348,蓝箭电子,21.64,21.64,21.65,20.55,21.13,21.64,20.94,12255731.0,261809298.0,5.304,1.09
301349,信德新材,43.06,43.05,43.06,43.4,43.9,44.0,42.24,4105400.0,176868932.0,-0.783,-0.34
301353,普莱得,19.27,19.25,19.27,19.33,19.32,19.52,19.03,1103837.0,21226470.0,-0.31,-0.06
301355,南王科技,10.24,10.23,10.24,10.29,10.26,10.34,10.17,1572542.0,16122924.0,-0.486,-0.05
301356,天振股份,20.32,20.32,20.33,20.11,20.09,20.79,19.93,1520130.0,30917406.0,1.044,0.21
301357,北方长龙,87.88,87.88,87.89,85.85,83.01,89.35,82.96,4441563.0,387082034.0,2.365,2.03
301358,湖南裕能,62.48,62.48,62.49,63.4,61.9,62.78,60.59,26619307.0,1634972668.0,-1.451,-0.92
301359,东南电子,17.81,17.81,17.82,17.9,17.63,17.91,17.61,2312125.0,41104749.0,-0.503,-0.09
301360,荣旗科技,55.48,55.48,55.49,54.18,54.23,55.63,53.2,2568753.0,140156488.0,2.399,1.3
301361,众智科技,27.06,27.06,27.07,27.28,27.12,27.35,26.8,912900.0,24664224.0,-0.806,-0.22
301362,民爆光电,118.39,118.38,118.39,112.52,112.86,119.77,112.86,3141195.0,367052900.0,5.217,5.87
301363,美好医疗,16.6,16.6,16.61,16.5,16.52,16.62,16.35,7198843.0,118939895.0,0.606,0.1
301365,矩阵股份,41.11,41.1,41.11,40.57,39.97,41.32,39.97,2947775.0,120011269.0,1.331,0.54
301366,一博科技,56.92,56.91,56.92,53.62,54.01,57.0,53.61,9028791.0,503860962.0,6.154,3.3
301367,瑞迈特,44.97,44.97,44.98,44.72,44.5,45.38,44.0,1336940.0,59682897.0,0.559,0.25
301368,丰立智能,38.58,38.58,38.6,38.44,38.01,38.87,38.01,1275880.0,49065278.0,0.364,0.14
301369,联动科技,142.77,142.75,142.77,129.6,130.0,143.87,130.0,3125223.0,435077971.0,10.162,13.17
301370,国科恒泰,9.09,9.09,9.1,8.93,8.88,9.21,8.86,4711143.0,42637866.0,1.792,0.16
301371,敷尔佳,22.0,21.99,22.0,21.75,21.6,22.02,21.43,4106030.0,89226814.0,1.149,0.25
301372,科净源,30.13,30.12,30.13,30.13,30.14,30.5,29.54,928879.0,27906723.0,0.0,0.0
301373,凌玮科技,116.8,116.79,116.8,99.16,103.32,117.5,99.0,13458653.0,1461145883.0,17.789,17.64
301376,致欧科技,20.52,20.52,20.53,21.48,22.54,22.57,20.09,11224571.0,235150289.0,-4.469,-0.96
301377,鼎泰高科,416.97,416.91,416.97,394.6,398.55,418.5,394.01,3029268.0,1236830915.0,5.669,22.37
301378,通达海,24.41,24.41,24.44,24.41,24.32,24.65,24.26,1517640.0,37095905.0,0.0,0.0
301379,天山电子,22.19,22.19,22.2,21.09,21.19,22.44,21.06,16002676.0,350809053.0,5.216,1.1
301380,挖金客,30.4,30.4,30.44,31.0,30.74,30.9,29.82,3026688.0,91474132.0,-1.935,-0.6
301381,赛维时代,23.66,23.65,23.66,23.0,22.92,23.79,22.76,8223530.0,192838395.0,2.87,0.66
301382,蜂助手,38.38,38.37,38.38,37.98,38.51,39.75,37.36,15277621.0,585974578.0,1.053,0.4
301383,天键股份,24.13,24.13,24.14,23.83,24.1,24.34,23.85,1581645.0,38111869.0,1.259,0.3
301386,未来电器,20.43,20.43,20.44,20.29,20.21,20.86,20.0,1470349.0,30025785.0,0.69,0.14
301387,光大同创,57.2,57.19,57.2,54.89,54.96,58.1,54.55,1930018.0,108962160.0,4.208,2.31
301388,欣灵电气,24.17,24.17,24.22,24.39,24.24,24.39,23.88,816400.0,19708644.0,-0.902,-0.22
301389,隆扬电子,59.45,59.45,59.46,55.37,55.37,62.06,53.0,19044584.0,1101409191.0,7.369,4.08
301390,经纬股份,30.99,30.87,30.99,32.03,31.4,31.94,30.76,1069100.0,33234337.0,-3.247,-1.04
301391,卡莱特,47.2,47.2,47.22,46.44,46.39,47.6,45.7,693894.0,32513461.0,1.637,0.76
301392,汇成真空,180.39,180.38,180.39,169.27,165.32,182.88,164.09,5184474.0,913483216.0,6.569,11.12
301393,昊帆生物,59.03,59.02,59.03,58.42,58.28,59.34,57.5,2487407.0,145520054.0,1.044,0.61
301395,仁信新材,11.99,11.99,12.02,11.7,11.7,12.19,11.57,6195888.0,74179258.0,2.479,0.29
301396,宏景科技,181.38,181.38,181.39,172.34,175.0,183.85,170.5,15547874.0,2773098106.0,5.245,9.04
301397,溯联股份,25.53,25.53,25.54,24.75,24.5,25.83,23.81,6550232.0,163268830.0,3.152,0.78
301398,星源卓镁,31.87,31.86,31.87,31.82,31.5,32.03,30.71,2184727.0,68814467.0,0.157,0.05
301399,英特科技,21.24,21.24,0.0,17.7,17.49,21.24,17.42,17372705.0,354092613.0,20.0,3.54
301408,华人健康,15.08,15.07,15.08,15.1,15.01,15.25,14.88,7614795.0,114491081.0,-0.132,-0.02
301413,安培龙,61.86,61.85,61.88,59.97,59.85,62.35,59.38,3156680.0,192835731.0,3.152,1.89
301418,协昌科技,36.0,36.0,36.03,35.69,35.93,36.45,35.4,1277026.0,45957869.0,0.869,0.31
301419,阿莱德,37.32,37.31,37.32,36.52,36.52,37.76,36.03,10002343.0,369371547.0,2.191,0.8
301421,波长光电,79.85,79.82,79.85,76.0,75.88,80.48,75.55,3516719.0,276182694.0,5.066,3.85
301428,世纪恒通,27.9,27.89,27.9,27.88,27.88,28.03,27.62,1841505.0,51290092.0,0.072,0.02
301429,森泰股份,17.46,17.46,17.47,17.53,17.44,17.69,17.38,1052300.0,18471424.0,-0.399,-0.07
301439,泓淋电力,14.96,14.95,14.96,14.93,14.82,15.02,14.79,3641688.0,54343504.0,0.201,0.03
301446,福事特,36.77,36.77,36.78,34.82,34.99,36.81,34.51,786331.0,28252711.0,5.6,1.95
301448,开创电气,44.66,44.65,44.66,44.64,45.84,46.15,44.24,1614100.0,72775011.0,0.045,0.02
301449,天溯计量,47.86,47.86,47.87,45.81,45.81,48.55,45.29,4279000.0,202915874.0,4.475,2.05
301456,盘古智能,23.45,23.44,23.45,23.53,23.55,23.63,23.13,1075900.0,25138626.0,-0.34,-0.08
301458,钧崴电子,39.31,39.3,39.31,35.65,35.97,39.72,35.97,13052952.0,504014051.0,10.266,3.66
301459,丰茂股份,31.7,31.7,31.73,31.6,31.61,31.89,31.37,837776.0,26517808.0,0.316,0.1
301468,博盈特焊,35.24,35.24,35.25,34.5,34.16,35.38,34.0,4597204.0,160034718.0,2.145,0.74
301469,恒达新材,29.8,29.78,29.8,30.59,29.43,30.24,29.07,2948418.0,87500600.0,-2.583,-0.79
301479,弘景光电,49.56,49.56,49.57,48.42,48.57,50.72,47.88,2102248.0,103592448.0,2.354,1.14
301486,致尚科技,178.28,178.15,178.28,167.0,170.35,183.43,166.16,7583717.0,1338603648.0,6.754,11.28
301487,盟固利,16.47,16.47,16.48,16.41,16.33,16.49,15.96,13085914.0,212875848.0,0.366,0.06
301488,豪恩汽电,99.45,99.45,99.5,98.41,97.64,101.97,96.0,1421240.0,140114990.0,1.057,1.04
301489,思泉新材,122.18,122.18,122.19,114.47,117.01,123.0,114.0,9630788.0,1147177152.0,6.735,7.71
301491,汉桑科技,39.01,38.98,39.01,38.82,38.9,39.19,38.67,490849.0,19128588.0,0.489,0.19
301498,乖宝宠物,38.64,38.64,38.65,38.3,37.88,39.0,37.67,4183761.0,161111459.0,0.888,0.34
301499,维科精密,25.08,25.08,25.12,24.75,24.65,25.13,24.51,1089700.0,27156255.0,1.333,0.33
301500,飞南资源,23.65,23.65,23.66,23.29,22.9,23.96,22.86,12654691.0,298141273.0,1.546,0.36
301501,恒鑫生活,27.56,27.56,27.57,27.85,27.71,27.8,27.5,1421451.0,39220126.0,-1.041,-0.29
301502,华阳智能,51.59,51.53,51.6,50.92,51.35,52.4,50.09,608000.0,31218421.0,1.316,0.67
301503,智迪科技,21.46,21.46,21.49,21.55,21.63,21.75,21.36,911180.0,19639982.0,-0.418,-0.09
301505,苏州规划,15.8,15.8,15.81,15.93,15.93,16.01,15.7,2014800.0,31874069.0,-0.816,-0.13
301507,民生健康,12.9,12.88,12.9,12.79,12.75,12.94,12.73,2401100.0,30827411.0,0.86,0.11
301508,中机认检,24.45,24.44,24.45,24.49,24.6,24.6,24.25,949214.0,23184739.0,-0.163,-0.04
301509,金凯生科,30.64,30.64,30.65,29.58,29.26,31.45,28.97,4289325.0,129162759.0,3.584,1.06
301510,固高科技,28.26,28.26,28.27,25.9,25.99,28.32,25.84,15580598.0,431525280.0,9.112,2.36
301511,德福科技,86.89,86.88,86.9,80.36,82.05,88.88,79.86,32706822.0,2764000873.0,8.126,6.53
301512,智信精密,31.12,31.11,31.12,32.21,31.86,31.89,30.71,1844260.0,57293525.0,-3.384,-1.09
301513,尚水智能,47.65,47.65,47.66,46.84,46.82,47.78,46.22,1015012.0,47936274.0,1.729,0.81
301515,港通医疗,19.72,19.71,19.72,19.9,19.9,20.0,19.6,1109300.0,21965357.0,-0.905,-0.18
301516,中远通,18.62,18.62,18.63,19.58,19.2,19.69,18.48,26266309.0,497291923.0,-4.903,-0.96
301517,陕西华达,38.36,38.35,38.36,37.64,37.67,39.04,37.67,3366686.0,129419579.0,1.913,0.72
301518,长华化学,24.76,24.76,24.77,22.82,22.59,25.37,22.55,7131135.0,172832606.0,8.501,1.94
301519,舜禹股份,11.98,11.98,11.99,12.14,12.14,12.16,11.95,1882831.0,22679050.0,-1.318,-0.16
301520,万邦医药,86.25,86.24,86.25,79.14,82.0,86.3,79.01,14360370.0,1187443334.0,8.984,7.11
301522,上大股份,23.27,23.27,23.28,23.1,23.01,23.31,22.89,2579700.0,59718428.0,0.736,0.17
301525,儒竞科技,39.39,39.38,39.39,38.41,38.3,39.55,38.06,1260460.0,49088295.0,2.551,0.98
301526,国际复材,31.14,31.14,31.15,29.62,29.91,31.5,29.6,151052843.0,4647072339.0,5.132,1.52
301528,多浦乐,58.14,58.08,58.14,54.73,55.63,58.5,54.0,1774970.0,101380760.0,6.231,3.41
301529,福赛科技,118.0,118.0,118.08,113.7,115.74,119.2,113.66,2624756.0,306824960.0,3.782,4.3
301531,春光集团,52.89,52.88,52.89,49.25,49.37,52.96,49.26,4203265.0,217241243.0,7.391,3.64
301533,威马农机,30.6,30.59,30.6,27.42,27.46,32.9,27.21,9114534.0,282434838.0,11.597,3.18
301535,浙江华远,14.25,14.24,14.25,14.19,14.16,14.35,14.01,1967024.0,27958928.0,0.423,0.06
301536,星宸科技,120.28,120.28,120.3,112.56,117.01,121.69,116.0,16190299.0,1922000860.0,6.859,7.72
301538,骏鼎达,41.39,41.38,41.39,38.67,38.29,42.24,38.27,3953780.0,160428819.0,7.034,2.72
301539,宏鑫科技,14.81,14.81,14.82,14.87,14.68,14.87,14.62,1310700.0,19353188.0,-0.403,-0.06
301548,崇德科技,61.74,61.73,61.74,60.95,61.06,62.59,60.05,1300280.0,79963696.0,1.296,0.79
301550,斯菱智驱,91.15,91.15,91.16,84.13,84.14,91.6,82.78,9132656.0,810537505.0,8.344,7.02
301551,无线传媒,20.04,20.04,20.05,20.1,20.05,20.14,19.86,3046267.0,60955477.0,-0.299,-0.06
301552,科力装备,25.65,25.65,25.66,25.95,25.45,25.68,25.1,2099748.0,53441813.0,-1.156,-0.3
301555,惠柏新材,33.92,33.92,33.93,33.64,33.97,34.37,33.61,3896582.0,132277768.0,0.832,0.28
301556,托普云农,60.41,60.4,60.41,57.04,56.84,61.75,56.72,2449141.0,146339678.0,5.908,3.37
301557,常友科技,86.17,86.04,86.17,84.69,84.39,86.78,84.3,748480.0,64200812.0,1.748,1.48
301558,三态股份,6.5,6.49,6.5,6.64,6.58,6.59,6.35,8006700.0,51936631.0,-2.108,-0.14
301559,中集环科,13.19,13.19,13.2,13.14,13.06,13.22,13.06,1193853.0,15709213.0,0.381,0.05
301560,众捷汽车,22.99,22.96,22.99,22.73,22.32,23.15,22.32,1464789.0,33563608.0,1.144,0.26
301563,云汉芯城,124.25,124.24,124.25,118.33,118.7,124.82,118.7,1526825.0,187361407.0,5.003,5.92
301565,中仑新材,20.41,20.41,20.42,20.11,20.07,20.46,19.88,5152307.0,104349016.0,1.492,0.3
301566,达利凯普,25.45,25.45,25.46,24.45,24.6,25.68,24.45,19441859.0,489592757.0,4.09,1.0
301567,贝隆精密,36.16,36.14,36.16,35.89,35.7,36.5,35.62,779110.0,28169393.0,0.752,0.27
301568,思泰克,73.55,73.54,73.55,69.6,68.34,74.44,67.11,5516298.0,395412349.0,5.675,3.95
301571,国科天成,65.78,65.78,65.79,64.2,64.56,66.02,64.0,3109974.0,202686002.0,2.461,1.58
301575,艾芬达,26.44,26.43,26.44,26.93,26.7,27.09,26.27,1164535.0,30906908.0,-1.82,-0.49
301577,美信科技,57.33,57.33,57.35,56.0,55.7,57.6,55.35,1032411.0,58641473.0,2.375,1.33
301578,辰奕智能,23.14,23.14,23.17,23.09,23.25,23.32,22.9,948601.0,21947756.0,0.217,0.05
301580,爱迪特,56.56,56.56,56.57,55.66,55.41,57.2,53.88,8314862.0,463350291.0,1.617,0.9
301581,黄山谷捷,37.1,37.1,37.15,36.68,36.54,37.36,36.5,444300.0,16433172.0,1.145,0.42
301583,托伦斯,131.05,131.05,131.06,126.62,123.8,133.0,123.14,8066293.0,1028501171.0,3.499,4.43
301584,建发致新,21.93,21.92,21.93,21.56,21.46,21.95,21.44,1925500.0,41955077.0,1.716,0.37
301585,蓝宇股份,26.35,26.35,26.36,26.35,26.32,26.46,26.03,637065.0,16711810.0,0.0,0.0
301586,佳力奇,31.37,31.37,31.38,30.97,31.0,31.54,30.59,673498.0,21003482.0,1.292,0.4
301587,中瑞股份,21.83,21.83,21.84,21.74,21.72,21.91,21.3,3094800.0,66971182.0,0.414,0.09
301588,美新科技,30.08,30.07,30.08,29.04,29.02,30.4,28.91,4156700.0,123841595.0,3.581,1.04
301589,诺瓦星云,141.28,141.28,141.32,138.81,138.31,141.75,138.01,707978.0,99153035.0,1.779,2.47
301590,优优绿能,73.84,73.8,73.84,70.02,70.25,75.09,69.36,1035132.0,75376053.0,5.456,3.82
301591,肯特股份,50.4,50.4,0.0,42.0,43.89,50.4,43.01,16415928.0,779741932.0,20.0,8.4
301592,六九一二,102.11,102.11,102.12,102.39,101.5,103.68,100.67,723900.0,73768307.0,-0.273,-0.28
301595,太力科技,41.14,41.14,41.15,38.01,38.01,43.21,37.98,2572381.0,105222069.0,8.235,3.13
301596,瑞迪智驱,47.03,47.03,47.04,45.9,45.9,47.7,45.74,1263107.0,59067789.0,2.462,1.13
301598,博科测试,53.48,53.48,53.5,52.74,52.81,54.35,52.3,1891225.0,101184207.0,1.403,0.74
301599,理奇智能,34.38,34.38,34.39,33.86,33.79,34.47,33.35,4411810.0,149988839.0,1.536,0.52
301600,慧翰股份,86.39,86.32,86.39,84.93,85.01,86.49,84.82,487552.0,41961488.0,1.719,1.46
301601,惠通科技,16.01,16.01,16.02,16.05,16.05,16.18,15.81,2407361.0,38562279.0,-0.249,-0.04
301602,超研股份,16.63,16.63,16.64,16.55,16.54,16.76,16.4,4410804.0,73352759.0,0.483,0.08
301603,乔锋智能,131.99,131.96,131.99,119.51,121.65,132.5,119.5,3882274.0,497571098.0,10.443,12.48
301606,绿联科技,52.71,52.7,52.71,53.51,53.48,53.7,51.51,5684029.0,298020809.0,-1.495,-0.8
301607,富特科技,43.45,43.45,43.46,42.3,42.57,43.58,41.65,9256023.0,396504791.0,2.719,1.15
301608,博实结,45.81,45.81,45.85,44.53,44.42,46.0,44.38,1564779.0,70755089.0,2.874,1.28
301609,山大电力,33.06,33.05,33.06,33.27,33.07,33.2,32.66,1745330.0,57369159.0,-0.631,-0.21
301611,珂玛科技,103.04,103.04,103.05,98.99,99.13,103.55,97.21,9315838.0,941781111.0,4.091,4.05
301613,新铝时代,36.01,36.01,36.04,36.09,35.99,36.1,35.5,886902.0,31768875.0,-0.222,-0.08
301616,浙江华业,35.01,35.01,35.06,34.74,34.59,35.39,34.36,518932.0,18152681.0,0.777,0.27
301617,博苑新材,52.01,52.01,52.02,50.83,51.85,52.2,50.88,2284243.0,118096443.0,2.321,1.18
301618,长联科技,32.79,32.79,32.8,32.24,32.3,32.9,31.95,1444876.0,46898487.0,1.706,0.55
301622,英思特,39.22,39.21,39.22,38.05,37.67,39.37,37.51,2229915.0,86444432.0,3.075,1.17
301626,苏州天脉,266.67,266.66,266.67,253.86,254.9,268.88,251.0,1790318.0,468452578.0,5.046,12.81
301628,强达电路,92.57,92.57,92.58,89.1,89.2,94.23,89.2,2235141.0,206156657.0,3.895,3.47
301629,矽电股份,291.0,290.8,291.0,255.92,255.0,292.32,252.48,1960302.0,536402290.0,13.707,35.08
301630,同宇新材,208.63,208.62,208.63,196.81,203.87,213.54,191.01,5131914.0,1040226408.0,6.006,11.82
301631,壹连科技,64.09,64.08,64.09,62.05,61.8,64.49,61.8,2557475.0,162673784.0,3.288,2.04
301632,广东建科,13.45,13.45,13.46,13.53,13.6,13.6,13.39,4350544.0,58484089.0,-0.591,-0.08
301633,港迪技术,54.96,54.96,54.97,55.96,56.24,56.35,53.65,1073501.0,58565403.0,-1.787,-1.0
301636,泽润新能,40.22,40.22,40.25,40.03,39.99,40.38,39.2,885500.0,35338112.0,0.475,0.19
301638,南网数字,23.15,23.15,23.16,22.55,23.0,23.2,22.5,13086265.0,299358665.0,2.661,0.6
301655,绿控传动,29.31,29.31,29.32,28.07,27.5,31.0,26.1,25173220.0,703777526.0,4.418,1.24
301656,联合动力,15.25,15.25,15.27,15.32,15.31,15.33,15.07,3917425.0,59666774.0,-0.457,-0.07
301658,首航新能,23.67,23.66,23.68,24.09,24.0,24.02,23.02,5737444.0,134352912.0,-1.743,-0.42
301662,宏工科技,74.4,74.39,74.4,76.12,75.36,75.95,67.01,8219369.0,580580553.0,-2.26,-1.72
301665,泰禾股份,25.12,25.12,25.13,24.2,24.03,25.4,23.7,4684628.0,115523193.0,3.802,0.92
301666,大普微,469.2,469.2,0.0,391.0,458.96,469.2,455.73,2072109.0,961955872.0,20.0,78.2
301667,纳百川,61.1,61.1,61.11,62.19,60.0,61.6,59.05,2076964.0,126133356.0,-1.753,-1.09
301668,昊创瑞通,33.95,33.94,33.96,34.28,34.0,34.16,33.4,1021197.0,34533907.0,-0.963,-0.33
301669,高特电子,28.51,28.5,28.51,28.51,28.25,28.58,27.75,5714486.0,161485515.0,0.0,0.0
301677,欣兴工具,54.91,54.91,54.92,54.39,54.17,54.97,53.88,2575852.0,140552628.0,0.956,0.52
301678,新恒汇,45.39,45.38,45.39,44.03,44.24,45.55,44.04,2167662.0,97557122.0,3.089,1.36
301680,固德电材,98.3,98.3,98.31,97.46,95.0,99.83,94.94,1249270.0,121293128.0,0.862,0.84
301682,宏明电子,111.58,111.58,111.59,108.41,108.89,112.21,107.81,1449984.0,160201833.0,2.924,3.17
301683,慧谷新材,102.15,102.15,102.16,99.4,99.4,102.51,98.71,858051.0,86509237.0,2.767,2.75
301687,新广益,51.03,51.03,51.04,49.2,49.0,51.16,48.52,3069876.0,154479265.0,3.72,1.83
301696,三瑞智能,98.28,98.27,98.28,95.55,95.6,98.35,94.81,1768345.0,171759290.0,2.857,2.73
301707,展芯股份,81.28,81.28,81.29,79.95,78.58,81.99,78.22,5933683.0,477336073.0,1.664,1.33
301717,超纯应材,414.48,414.46,414.48,404.0,392.83,417.87,385.0,4828090.0,1924982055.0,2.594,10.48
302132,中航成飞,59.71,59.71,59.72,57.67,57.55,60.27,57.31,11190895.0,662390250.0,3.537,2.04
