代码,名称,最新价,买入,卖出,昨收,今开,最高,最低,成交量,成交额,涨跌幅,涨跌额
920000,安徽凤凰,13.08,13.07,13.08,13.19,13.25,13.26,13.04,392629.0,5151700.0,-0.834,-0.11
920001,纬达光电,16.07,16.07,16.08,15.79,15.76,16.28,15.62,3063505.0,49163035.0,1.773,0.28
920002,万达轴承,61.35,61.35,61.38,61.5,61.06,62.75,60.86,1036890.0,63975793.0,-0.244,-0.15
920003,中诚咨询,27.57,27.57,27.58,27.78,27.76,27.9,27.5,216529.0,5997180.0,-0.756,-0.21
920005,鼎佳精密,28.76,28.76,28.77,29.33,29.33,29.35,28.73,348818.0,10098249.0,-1.943,-0.57
920006,晟楠科技,17.45,17.44,17.45,17.83,17.51,18.14,17.37,2000044.0,35303411.0,-2.131,-0.38
920007,酉立智能,40.43,40.27,40.43,40.41,41.2,41.2,40.01,212678.0,8628253.0,0.049,0.02
920008,成电光信,22.75,22.75,22.76,22.96,23.09,23.17,22.53,890028.0,20283272.0,-0.915,-0.21
920009,丹娜生物,33.66,33.66,33.75,33.99,33.93,34.44,33.5,192359.0,6513332.0,-0.971,-0.33
920010,凯添燃气,9.62,9.62,9.63,9.68,9.52,9.67,9.23,6876902.0,65069893.0,-0.62,-0.06
920011,晨光电机,23.63,23.63,23.64,23.8,23.7,24.07,23.47,1569788.0,37231950.0,-0.714,-0.17
920012,创达新材,65.0,65.0,65.03,63.18,63.28,66.1,62.33,2366140.0,153162549.0,2.881,1.82
920014,特瑞斯,9.02,9.02,9.03,9.13,9.15,9.16,8.93,1050885.0,9498275.0,-1.205,-0.11
920015,锦华新材,57.73,57.7,57.73,52.0,52.94,58.88,50.51,8072677.0,447919913.0,11.019,5.73
920016,中草香料,13.9,13.86,13.9,14.18,14.16,14.26,13.82,751793.0,10531961.0,-1.975,-0.28
920017,星昊医药,15.48,15.46,15.48,15.77,15.7,15.7,15.42,1081480.0,16814944.0,-1.839,-0.29
920018,宏远股份,17.1,17.1,17.11,17.16,17.22,17.45,17.01,1148274.0,19745430.0,-0.35,-0.06
920019,铜冠矿建,19.24,19.24,19.25,19.26,18.86,19.6,18.77,4105268.0,78961540.0,-0.104,-0.02
920020,泰凯英,14.9,14.88,14.9,15.04,14.97,15.08,14.88,599270.0,8967070.0,-0.931,-0.14
920021,流金科技,8.3,8.29,8.3,8.4,8.36,8.41,8.19,11774157.0,97417354.0,-1.19,-0.1
920022,世昌股份,22.13,22.13,22.15,22.09,22.3,22.42,22.01,140191.0,3107105.0,0.181,0.04
920023,*ST田野,2.13,2.13,2.14,2.09,2.1,2.14,2.04,5802266.0,12154140.0,1.914,0.04
920026,卓兆点胶,26.9,26.9,26.94,26.84,25.9,27.11,25.9,2597285.0,69088814.0,0.224,0.06
920027,交大铁发,12.06,12.0,12.07,11.9,11.91,12.08,11.82,938364.0,11222025.0,1.345,0.16
920028,新恒泰,18.6,18.59,18.6,18.64,18.75,19.58,18.58,3592408.0,68233705.0,-0.215,-0.04
920029,开发科技,36.65,36.65,36.66,37.18,37.4,37.64,36.41,888035.0,32847024.0,-1.425,-0.53
920030,德众汽车,4.76,4.76,4.77,4.86,4.84,4.87,4.72,1060012.0,5079673.0,-2.058,-0.1
920033,康普化学,16.15,16.07,16.15,16.51,16.31,16.31,15.92,1183760.0,19051320.0,-2.18,-0.36
920035,精创电气,25.76,25.74,25.76,26.08,25.97,26.33,25.66,356414.0,9268167.0,-1.227,-0.32
920036,觅睿科技,41.38,41.37,41.38,41.5,41.25,42.46,40.8,1289427.0,53793894.0,-0.289,-0.12
920037,广信科技,44.25,44.18,44.25,42.94,42.9,44.9,42.82,1276443.0,56281954.0,3.051,1.31
920039,国义招标,7.77,7.77,7.81,7.96,7.95,7.96,7.75,693820.0,5451434.0,-2.387,-0.19
920045,蘅东光,595.5,595.01,595.5,555.55,560.0,627.12,559.0,2287886.0,1367717638.0,7.191,39.95
920046,亿能电力,26.73,26.73,26.74,26.47,26.45,27.65,26.06,5259181.0,141877896.0,0.982,0.26
920047,诺思兰德,16.34,16.34,16.35,16.11,16.15,16.82,15.62,6092720.0,98813601.0,1.428,0.23
920050,爱舍伦,28.28,28.28,28.29,28.28,28.28,28.45,28.04,164004.0,4632751.0,0.0,0.0
920055,隆源股份,29.49,29.42,29.49,29.55,29.39,29.68,29.29,352617.0,10387130.0,-0.203,-0.06
920056,能之光,20.81,20.81,20.82,20.27,20.4,20.96,20.04,1246813.0,25661131.0,2.664,0.54
920057,百甲科技,5.08,5.07,5.08,5.18,5.15,5.15,5.05,1299271.0,6603118.0,-1.931,-0.1
920058,华洋赛车,22.23,22.21,22.23,22.89,23.07,23.07,22.03,329684.0,7405275.0,-2.883,-0.66
920060,万源通,30.44,30.43,30.44,30.56,30.79,30.95,30.17,3691291.0,112578114.0,-0.393,-0.12
920061,西磁科技,23.6,23.6,23.66,22.39,22.38,24.4,22.16,2777874.0,65277227.0,5.404,1.21
920062,科润智控,10.15,10.13,10.15,9.88,9.92,10.38,9.83,5678505.0,57538264.0,2.733,0.27
920066,科拜尔,22.47,22.44,22.47,22.27,25.0,25.0,22.2,941969.0,21333673.0,0.898,0.2
920068,天工股份,17.34,17.34,17.38,17.24,17.16,17.98,17.01,2846786.0,49745236.0,0.58,0.1
920069,普昂医疗,35.51,35.51,35.52,36.15,36.14,36.35,35.43,434358.0,15617568.0,-1.77,-0.64
920075,柏星龙,17.13,17.12,17.13,17.48,17.43,17.55,17.0,553906.0,9542913.0,-2.002,-0.35
920076,国亮新材,12.9,12.89,12.9,13.2,13.38,13.38,12.86,1696063.0,22117298.0,-2.273,-0.3
920077,吉林碳谷,17.13,17.13,17.14,17.27,17.26,17.45,16.93,6234038.0,107143847.0,-0.811,-0.14
920078,族兴新材,29.9,29.9,29.91,28.85,29.6,30.96,28.8,3787381.0,113316694.0,3.64,1.05
920080,奥美森,22.6,22.58,22.6,22.96,22.81,22.98,22.5,321523.0,7299339.0,-1.568,-0.36
920082,方正阀门,8.95,8.95,8.96,9.06,9.02,9.13,8.94,1028934.0,9278835.0,-1.214,-0.11
920083,金戈新材,51.19,51.19,0.0,39.38,41.21,51.19,41.21,9659119.0,454166137.0,29.99,11.81
920086,科马材料,27.05,27.03,27.05,26.45,26.5,27.15,26.32,945294.0,25387166.0,2.268,0.6
920087,秋乐种业,11.12,11.12,11.15,11.12,11.14,11.3,10.93,2133349.0,23755200.0,0.0,0.0
920088,科力股份,39.85,39.85,39.86,42.63,42.01,42.43,39.6,5362266.0,215984187.0,-6.521,-2.78
920089,禾昌聚合,11.52,11.47,11.52,11.85,11.89,11.89,11.42,1975959.0,22984510.0,-2.785,-0.33
920090,*ST同辉,3.77,3.77,3.78,3.67,3.65,3.81,3.58,4806896.0,17672013.0,2.725,0.1
920091,大鹏工业,43.35,43.28,43.35,44.13,44.43,44.92,43.0,1186897.0,51952277.0,-1.768,-0.78
920092,汉鑫科技,30.02,30.02,30.05,30.46,30.0,30.49,29.66,990414.0,29777843.0,-1.445,-0.44
920096,嘉晨智能,58.25,58.23,58.25,54.22,55.25,58.65,53.11,2795347.0,157743388.0,7.433,4.03
920098,科隆新材,22.05,22.03,22.05,22.09,22.01,22.26,21.86,559643.0,12326136.0,-0.181,-0.04
920099,瑞华技术,23.75,23.75,23.76,24.16,24.3,24.3,22.88,957528.0,22557550.0,-1.697,-0.41
920100,三协电机,44.79,44.79,44.8,43.97,44.35,45.2,42.74,2749202.0,122167812.0,1.865,0.82
920101,志高机械,29.47,29.45,29.47,29.35,29.24,30.0,29.24,216461.0,6426114.0,0.409,0.12
920106,林泰新材,43.43,43.43,43.48,44.6,44.4,44.92,43.43,733417.0,32376517.0,-2.623,-1.17
920108,宏海科技,9.84,9.84,9.85,10.06,10.02,10.03,9.74,1023284.0,10072355.0,-2.187,-0.22
920110,雷特科技,26.81,26.8,26.81,26.9,26.99,27.43,26.64,117446.0,3168711.0,-0.335,-0.09
920111,聚星科技,32.32,32.32,32.33,32.2,31.6,32.77,31.0,4537254.0,144390942.0,0.373,0.12
920112,巴兰仕,24.7,24.66,24.7,25.06,25.27,25.27,24.63,373131.0,9283543.0,-1.437,-0.36
920116,星图测控,61.4,61.4,61.42,61.79,64.0,64.34,61.06,3452460.0,216148559.0,-0.631,-0.39
920118,太湖远大,18.95,18.92,18.95,19.21,19.22,19.29,18.79,500874.0,9538000.0,-1.353,-0.26
920119,美德乐,53.34,53.34,53.35,52.18,52.1,54.37,51.65,718121.0,38145559.0,2.223,1.16
920121,江天科技,31.17,31.1,31.17,31.24,30.9,31.27,30.51,126184.0,3918352.0,-0.224,-0.07
920122,中纺标,20.39,20.31,20.39,20.69,20.58,20.86,20.2,533254.0,10961508.0,-1.45,-0.3
920123,芭薇股份,10.56,10.56,10.58,10.61,10.67,10.73,10.41,865262.0,9125937.0,-0.471,-0.05
920124,南特科技,14.93,14.93,14.95,15.13,15.13,15.17,14.91,1181132.0,17767091.0,-1.322,-0.2
920125,鸿仕达,227.99,227.98,227.99,184.5,188.0,227.99,176.0,2863521.0,569047999.0,23.572,43.49
920126,永大股份,17.95,17.95,17.96,17.68,15.6,17.95,14.79,24480678.0,397142467.0,1.527,0.27
920128,胜业电气,26.37,26.37,26.38,26.1,25.61,26.9,25.61,3778672.0,99882131.0,1.034,0.27
920130,立方控股,15.48,15.48,15.53,15.65,15.73,15.85,15.36,1086310.0,16905382.0,-1.086,-0.17
920132,泰鹏智能,11.21,11.21,11.22,11.5,11.46,11.6,11.21,432955.0,4932219.0,-2.522,-0.29
920139,华岭股份,17.26,17.25,17.26,17.35,17.32,17.65,17.15,4088312.0,71019863.0,-0.519,-0.09
920145,恒合股份,11.05,11.05,11.1,11.6,11.75,11.75,11.0,1058744.0,11899012.0,-4.741,-0.55
920146,华阳变速,5.65,5.63,5.65,5.68,5.66,5.79,5.6,1183697.0,6712233.0,-0.528,-0.03
920149,旭杰科技,8.24,8.24,8.25,8.39,8.35,8.38,8.21,703004.0,5816728.0,-1.788,-0.15
920152,昆工科技,21.0,20.99,21.0,20.38,20.36,22.3,20.11,4048527.0,85763206.0,3.042,0.62
920156,海昌智能,53.7,53.69,53.7,52.9,52.3,54.68,52.3,1668961.0,89854484.0,1.512,0.8
920158,长江能科,9.51,9.5,9.51,9.66,9.61,9.71,9.44,2410741.0,22958077.0,-1.553,-0.15
920159,农大科技,31.84,31.84,31.85,31.93,32.15,32.15,31.75,545304.0,17426759.0,-0.282,-0.09
920160,北矿检测,20.55,20.55,20.57,20.33,20.39,20.66,20.1,468150.0,9556871.0,1.082,0.22
920161,龙辰科技,39.8,39.79,39.8,39.8,38.9,42.8,38.6,11157058.0,456234906.0,0.0,0.0
920163,方大新材,10.27,10.25,10.27,10.52,10.53,10.58,10.17,396952.0,4094649.0,-2.376,-0.25
920166,海圣医疗,22.14,22.14,22.3,22.36,22.35,22.51,22.11,250590.0,5580961.0,-0.984,-0.22
920167,同享科技,17.82,17.81,17.82,17.61,17.49,18.08,17.43,2140839.0,37993814.0,1.193,0.21
920168,通宝光电,17.8,17.8,17.86,17.86,17.86,18.08,17.76,398104.0,7129706.0,-0.336,-0.06
920169,七丰精工,24.5,24.5,24.52,25.0,25.3,26.26,24.3,2424582.0,60679817.0,-2.0,-0.5
920171,志晟信息,19.43,19.42,19.43,19.35,19.0,20.38,18.99,5239462.0,102185450.0,0.413,0.08
920174,五新智能,35.66,35.65,35.66,36.34,36.47,36.47,35.59,1079021.0,38630215.0,-1.871,-0.68
920175,东方碳素,10.07,10.06,10.07,9.87,9.78,10.6,9.78,6915686.0,70434116.0,2.026,0.2
920177,恒道科技,28.45,28.36,28.45,28.23,28.09,28.96,28.01,685879.0,19579424.0,0.779,0.22
920178,锐翔智能,119.66,119.66,119.67,116.43,119.01,127.99,115.01,2796500.0,341265576.0,2.774,3.23
920179,凯德石英,78.1,78.09,78.1,77.43,76.87,83.96,75.45,8066591.0,642534222.0,0.865,0.67
920180,爱得科技,13.07,13.06,13.07,13.1,13.16,13.23,13.05,386251.0,5074082.0,-0.229,-0.03
920181,赛英电子,95.14,95.14,95.17,91.75,92.79,96.4,92.19,1157839.0,109861414.0,3.695,3.39
920183,海菲曼,34.16,34.16,34.19,34.12,34.11,34.62,33.99,352877.0,12114004.0,0.117,0.04
920184,国源科技,11.86,11.85,11.86,12.16,12.02,12.3,11.8,3238037.0,38874894.0,-2.467,-0.3
920185,贝特瑞,27.62,27.62,27.63,27.25,27.57,27.98,27.21,7355186.0,203377576.0,1.358,0.37
920186,中科仪,91.32,91.32,91.33,87.6,87.0,92.8,87.0,9408901.0,847204676.0,4.247,3.72
920187,通领科技,20.62,20.62,20.63,20.46,20.59,20.78,20.42,644453.0,13272395.0,0.782,0.16
920188,悦龙科技,24.8,24.71,24.8,24.7,24.56,25.01,24.39,614961.0,15205967.0,0.405,0.1
920190,雷神科技,25.48,25.48,25.49,24.9,24.88,26.1,24.2,9334846.0,236916062.0,2.329,0.58
920191,瑞尔竞达,10.89,10.89,10.9,10.97,10.94,11.04,10.8,1812885.0,19769251.0,-0.729,-0.08
920195,三祥科技,13.46,13.46,13.48,13.48,13.5,13.62,13.38,409540.0,5533889.0,-0.148,-0.02
920198,微创光电,7.93,7.93,7.94,8.12,8.18,8.25,7.9,1859676.0,14930792.0,-2.34,-0.19
920199,倍益康,23.58,23.58,23.6,23.77,23.81,24.18,23.34,813197.0,19305981.0,-0.799,-0.19
920200,振宏股份,41.54,41.53,41.54,40.21,39.6,43.0,39.6,2370486.0,98774687.0,3.308,1.33
920204,沪江材料,15.98,15.98,15.99,16.6,16.12,16.2,15.56,3957743.0,62808776.0,-3.735,-0.62
920206,彩客科技,60.62,60.62,60.78,61.65,60.0,65.2,59.65,3594509.0,222622106.0,-1.671,-1.03
920207,众诚科技,23.18,23.18,23.2,23.62,23.86,23.86,23.08,1867467.0,43558973.0,-1.863,-0.44
920208,青矩技术,14.15,14.11,14.15,14.48,14.5,14.5,14.03,1657130.0,23513685.0,-2.279,-0.33
920211,新睿电子,139.72,139.72,139.76,125.1,124.84,139.79,122.26,1976459.0,259816616.0,11.687,14.62
920212,智新电子,10.4,10.4,10.41,10.5,10.52,10.73,10.28,828444.0,8686390.0,-0.952,-0.1
920218,新天力,21.63,21.63,21.64,20.75,20.8,21.84,20.42,3089628.0,65965880.0,4.241,0.88
920220,朗信电气,58.3,58.3,58.33,56.42,57.0,59.25,56.02,1245800.0,72439368.0,3.332,1.88
920221,易实精密,14.27,14.27,14.28,14.16,14.0,14.39,13.98,1127688.0,16035701.0,0.777,0.11
920223,荣亿精密,14.68,14.68,14.71,14.8,14.79,15.0,14.61,2494049.0,36873377.0,-0.811,-0.12
920225,利通科技,23.31,23.31,23.4,22.35,22.29,23.95,22.0,3906437.0,90771550.0,4.295,0.96
920227,美登科技,56.84,56.74,56.84,57.41,57.7,58.25,56.32,492795.0,28194977.0,-0.993,-0.57
920230,欧康医药,10.13,10.13,10.17,10.43,10.42,10.48,10.11,1449428.0,14879577.0,-2.876,-0.3
920237,力佳科技,15.89,15.89,15.9,15.68,15.5,16.18,15.5,1160780.0,18426747.0,1.339,0.21
920239,长虹能源,27.06,27.06,27.09,26.6,26.8,27.48,26.43,1530701.0,41342074.0,1.729,0.46
920242,建邦科技,23.36,23.36,23.4,23.58,23.51,23.73,23.32,280073.0,6580130.0,-0.933,-0.22
920245,威博液压,14.82,14.75,14.82,14.99,15.0,15.05,14.7,519925.0,7706757.0,-1.134,-0.17
920247,华密新材,17.75,17.73,17.75,17.36,17.36,18.08,17.36,2594716.0,46091243.0,2.247,0.39
920249,利尔达,9.17,9.17,9.18,9.31,9.24,9.48,9.12,6729680.0,62356245.0,-1.504,-0.14
920252,天宏锂电,22.4,22.4,22.41,22.07,22.07,22.96,21.88,4051388.0,90845897.0,1.495,0.33
920260,中寰股份,7.86,7.85,7.86,8.1,8.06,8.08,7.81,816724.0,6465908.0,-2.963,-0.24
920261,一诺威,13.91,13.91,13.92,14.15,14.15,14.25,13.82,2062810.0,28952260.0,-1.696,-0.24
920262,太湖雪,13.5,13.38,13.43,13.6,13.59,13.93,13.33,465123.0,6334213.0,-0.735,-0.1
920263,中航泰达,7.75,7.74,7.75,7.86,7.82,8.04,7.6,1048612.0,8151958.0,-1.399,-0.11
920266,生物谷,6.96,6.96,7.0,7.14,7.11,7.12,6.92,733288.0,5127429.0,-2.521,-0.18
920267,鑫汇科,15.2,15.2,15.3,15.53,15.54,15.67,15.18,555727.0,8561982.0,-2.125,-0.33
920270,天铭科技,14.0,14.0,14.01,14.27,14.29,14.35,14.0,1131706.0,15990974.0,-1.892,-0.27
920271,邦德股份,11.25,11.25,11.26,11.53,11.41,11.52,11.11,3348859.0,37630108.0,-2.428,-0.28
920273,一致魔芋,19.11,19.11,19.12,19.13,19.26,19.67,18.73,2052359.0,39418531.0,-0.105,-0.02
920274,宏裕包材,18.38,18.38,18.42,18.62,18.62,19.0,18.3,868806.0,16230140.0,-1.289,-0.24
920275,驱动力,5.78,5.74,5.78,5.9,5.88,5.88,5.68,778294.0,4473072.0,-2.034,-0.12
920278,鹿得医疗,6.24,6.24,6.25,6.35,6.35,6.39,6.21,894924.0,5637270.0,-1.732,-0.11
920284,灵鸽科技,27.25,27.24,27.25,26.5,26.63,27.8,25.87,3129249.0,83783199.0,2.83,0.75
920299,灿能电力,19.75,19.75,19.76,19.8,19.65,20.11,19.55,1675241.0,33309033.0,-0.253,-0.05
920300,辰光医疗,10.87,10.85,10.87,10.56,10.5,11.39,10.5,3631334.0,39907994.0,2.936,0.31
920304,迪尔化工,9.66,9.66,9.7,9.98,9.99,9.99,9.63,2516989.0,24560975.0,-3.206,-0.32
920305,*ST云创,3.57,0.0,0.0,3.57,0.0,0.0,0.0,0.0,0.0,0.0,0.0
920339,恒太照明,13.23,13.23,13.24,12.05,12.1,13.85,12.06,7303906.0,96067531.0,9.793,1.18
920344,三元基因,18.1,18.1,18.12,18.4,18.51,18.6,17.99,757824.0,13758260.0,-1.63,-0.3
920346,威贸电子,17.63,17.63,17.64,17.79,17.79,18.0,17.54,505373.0,8966149.0,-0.899,-0.16
920351,华光源海,13.54,13.54,13.55,14.09,13.7,14.08,13.4,2656277.0,36171957.0,-3.903,-0.55
920357,雅葆轩,21.28,21.28,21.29,20.52,20.32,21.49,20.21,8035562.0,167060968.0,3.704,0.76
920363,莱赛激光,12.03,11.98,12.03,11.98,11.98,12.2,11.72,1618661.0,19334216.0,0.417,0.05
920367,新赣江,14.9,14.9,14.91,15.2,15.6,15.6,14.82,697674.0,10520023.0,-1.974,-0.3
920368,连城数控,33.76,33.75,33.76,33.37,33.6,34.63,32.55,7646412.0,258197448.0,1.169,0.39
920370,新安洁,2.61,2.59,2.61,2.64,2.63,2.65,2.56,1406381.0,3663401.0,-1.136,-0.03
920371,欧福蛋业,7.92,7.91,7.92,8.0,8.03,8.09,7.85,2486751.0,19751252.0,-1.0,-0.08
920374,云里物里,18.18,18.18,18.25,17.06,18.05,19.5,17.66,2710726.0,50223494.0,6.565,1.12
920375,派诺科技,8.08,8.08,8.09,8.3,8.33,8.37,8.03,3147324.0,25776547.0,-2.651,-0.22
920378,泰德股份,7.5,7.5,7.54,7.75,7.73,7.75,7.45,1884341.0,14193472.0,-3.226,-0.25
920392,XD佳合科,17.54,17.54,17.55,17.9,17.89,18.05,17.02,1893794.0,33155230.0,-2.011,-0.36
920394,民士达,63.34,63.34,63.47,65.7,65.05,69.49,62.41,5352546.0,352662329.0,-3.592,-2.36
920395,朗鸿科技,8.15,8.13,8.15,8.18,8.09,8.29,8.05,568083.0,4638235.0,-0.367,-0.03
920396,常辅股份,24.1,24.1,24.12,24.2,24.27,25.76,24.0,1965068.0,48907258.0,-0.413,-0.1
920402,硅烷科技,12.79,12.79,12.8,13.1,12.86,14.4,12.65,27058455.0,361289673.0,-2.366,-0.31
920403,康农种业,19.69,19.69,19.72,19.76,19.78,19.8,19.41,685935.0,13484541.0,-0.354,-0.07
920405,海希通讯,13.0,12.96,13.0,13.0,13.01,13.11,12.86,1266018.0,16409448.0,0.0,0.0
920407,驰诚股份,14.68,14.67,14.68,14.92,15.02,15.18,14.62,705321.0,10491112.0,-1.609,-0.24
920414,欧普泰,9.48,9.46,9.48,9.56,9.56,9.72,9.44,1854140.0,17714998.0,-0.837,-0.08
920415,恒拓开源,10.47,10.39,10.47,10.58,10.56,10.73,10.33,2059302.0,21581234.0,-1.04,-0.11
920418,苏轴股份,22.29,22.25,22.29,22.37,22.23,22.64,22.17,1604280.0,35911755.0,-0.358,-0.08
920419,路斯股份,10.35,10.34,10.35,10.65,10.64,10.64,10.27,942486.0,9799387.0,-2.817,-0.3
920422,润普食品,9.59,9.52,9.59,9.68,9.68,9.69,9.52,456558.0,4372817.0,-0.93,-0.09
920425,乐创技术,27.15,27.13,27.15,25.9,26.1,28.25,26.1,4778737.0,130838323.0,4.826,1.25
920427,华维设计,11.63,11.63,11.64,11.88,11.8,11.94,11.59,2083707.0,24373994.0,-2.104,-0.25
920429,康比特,10.02,10.02,10.03,10.19,10.22,10.25,9.9,1065659.0,10740911.0,-1.668,-0.17
920433,大唐药业,4.61,4.61,4.63,4.69,4.7,4.7,4.6,834819.0,3873896.0,-1.706,-0.08
920436,大地电气,11.83,11.79,11.83,11.99,12.05,12.19,11.74,684447.0,8168752.0,-1.334,-0.16
920438,戈碧迦,97.96,97.96,97.98,83.28,84.5,99.99,84.45,13261906.0,1227843967.0,17.627,14.68
920445,龙竹科技,7.31,7.31,7.32,7.53,7.48,7.49,7.25,1356033.0,9969202.0,-2.922,-0.22
920454,同心传动,12.6,12.5,12.6,12.71,12.65,12.75,12.45,474613.0,5980684.0,-0.865,-0.11
920455,汇隆活塞,6.59,6.59,6.6,6.67,6.66,6.68,6.54,445440.0,2940514.0,-1.199,-0.08
920469,富恒新材,6.93,6.92,6.93,6.92,6.89,6.96,6.77,2233708.0,15379495.0,0.145,0.01
920471,美邦科技,12.64,12.62,12.64,12.88,12.65,12.83,12.52,2292579.0,29016655.0,-1.863,-0.24
920475,三友科技,13.23,13.22,13.23,13.19,13.27,13.29,12.98,607256.0,7984491.0,0.303,0.04
920476,海能技术,20.05,20.05,20.06,20.01,20.21,20.61,20.0,1079168.0,21826238.0,0.2,0.04
920478,峆一药业,8.96,8.96,8.97,9.19,9.25,9.25,8.86,1144851.0,10323296.0,-2.503,-0.23
920489,佳先股份,16.45,16.45,16.46,16.16,16.18,16.78,15.78,5800902.0,94198129.0,1.795,0.29
920491,奥迪威,31.96,31.95,31.96,30.0,29.94,32.62,29.42,10639404.0,333128401.0,6.533,1.96
920493,并行科技,131.15,131.15,131.16,132.5,131.93,132.8,130.0,1110251.0,145917428.0,-1.019,-1.35
920496,许昌智能,7.18,7.18,7.19,7.3,7.28,7.4,7.17,1623586.0,11800038.0,-1.644,-0.12
920504,博迅生物,17.27,17.27,17.44,17.7,17.73,17.93,17.16,154366.0,2691516.0,-2.429,-0.43
920505,九菱科技,36.24,36.18,36.24,35.42,35.28,37.97,34.38,2658100.0,97606890.0,2.315,0.82
920508,殷图网联,15.86,15.56,15.86,15.82,15.88,16.15,15.4,828857.0,13023166.0,0.253,0.04
920509,同惠电子,32.34,32.34,32.35,32.34,32.1,33.17,31.82,2638166.0,85663579.0,0.0,0.0
920510,丰光精密,19.0,19.0,19.01,18.87,18.68,19.85,18.35,12862328.0,245215066.0,0.689,0.13
920519,万德股份,10.2,10.2,10.21,10.47,10.42,10.46,10.17,419497.0,4300451.0,-2.579,-0.27
920522,纳科诺尔,30.3,30.3,30.31,28.97,29.25,31.48,29.05,8571116.0,258310626.0,4.591,1.33
920523,德瑞锂电,19.05,19.05,19.06,18.39,18.49,19.1,18.49,2001208.0,37837486.0,3.589,0.66
920526,凯华材料,29.77,29.77,29.8,30.1,30.53,32.49,29.72,5865987.0,181033603.0,-1.096,-0.33
920527,夜光明,13.97,13.96,13.97,14.42,14.34,14.37,13.83,554716.0,7807935.0,-3.121,-0.45
920533,骏创科技,22.0,21.99,22.0,22.28,22.8,22.87,21.81,2236256.0,50025561.0,-1.257,-0.28
920541,铁大科技,10.46,10.46,10.49,10.58,10.6,10.73,10.44,775224.0,8205697.0,-1.134,-0.12
920547,无锡晶海,20.13,20.04,20.12,20.3,20.2,20.37,19.98,176159.0,3547819.0,-0.837,-0.17
920553,凯腾精工,7.23,7.22,7.23,7.31,7.31,7.37,7.2,874344.0,6360217.0,-1.094,-0.08
920556,雅达股份,8.04,8.03,8.04,8.13,8.14,8.18,8.02,1545903.0,12501625.0,-1.107,-0.09
920564,天润科技,18.18,18.18,18.21,18.25,18.06,18.54,18.03,1213407.0,22147989.0,-0.384,-0.07
920566,梓橦宫,9.77,9.76,9.77,9.87,9.84,9.84,9.7,489896.0,4781091.0,-1.013,-0.1
920570,坤博精工,26.45,26.29,26.45,26.65,26.01,26.8,25.81,536878.0,14167280.0,-0.75,-0.2
920571,国航远洋,9.89,9.89,9.9,10.18,9.72,10.11,9.63,27481252.0,270549645.0,-2.849,-0.29
920575,*ST康乐,4.09,4.08,4.09,3.81,3.79,4.1,3.76,5506000.0,21669898.0,7.349,0.28
920576,天力复合,61.1,61.1,61.11,61.8,63.04,65.0,60.97,3651982.0,227068747.0,-1.133,-0.7
920578,巨能股份,18.84,18.84,18.86,19.16,19.05,19.88,18.73,2788633.0,53698030.0,-1.67,-0.32
920579,机科股份,17.73,17.73,17.74,17.9,17.88,18.26,17.22,1563446.0,27683691.0,-0.95,-0.17
920580,科创新材,12.6,12.59,12.6,12.66,12.57,12.88,12.42,2827313.0,35675500.0,-0.474,-0.06
920592,华信永道,25.25,25.25,25.28,26.27,25.0,26.33,24.51,4055759.0,102615279.0,-3.883,-1.02
920593,鼎智科技,30.32,30.32,30.33,30.22,30.07,30.87,29.73,3487474.0,106133612.0,0.331,0.1
920599,同力股份,17.5,17.5,17.55,17.45,17.34,17.67,17.21,3256703.0,57010627.0,0.287,0.05
920608,丰安股份,13.8,13.73,13.8,14.06,13.84,14.05,13.64,191052.0,2650954.0,-1.849,-0.26
920627,力王股份,17.54,17.54,17.55,17.3,17.57,18.15,17.42,1620664.0,28677761.0,1.387,0.24
920634,新威凌,19.75,19.74,19.75,20.9,20.21,20.5,18.68,5788926.0,113851051.0,-5.502,-1.15
920639,晨光电缆,6.98,6.98,6.99,6.94,6.96,7.05,6.89,1698078.0,11825895.0,0.576,0.04
920640,富士达,34.66,34.65,34.66,33.83,34.22,35.47,34.05,5242545.0,182367889.0,2.453,0.83
920641,格利尔,16.05,16.03,16.05,15.97,15.8,16.5,15.65,1558988.0,25168545.0,0.501,0.08
920642,通易航天,12.12,12.12,12.16,12.44,12.37,12.98,12.06,10814189.0,134641316.0,-2.572,-0.32
920651,天罡股份,21.18,21.1,21.18,21.41,21.59,21.68,21.0,359212.0,7659563.0,-1.074,-0.23
920656,海昇药业,13.84,13.77,13.84,13.96,13.9,13.96,13.75,141402.0,1954506.0,-0.86,-0.12
920662,方盛股份,19.12,19.12,19.13,19.05,19.07,19.58,18.77,913207.0,17498044.0,0.367,0.07
920663,明阳科技,13.99,13.99,14.0,14.29,14.29,14.29,13.92,738703.0,10412737.0,-2.099,-0.3
920665,科强股份,11.1,11.1,11.12,11.18,11.29,11.44,11.02,2233012.0,24916831.0,-0.716,-0.08
920670,数字人,13.91,13.91,13.92,13.89,13.86,14.14,13.78,940381.0,13123513.0,0.144,0.02
920675,秉扬科技,8.34,0.0,0.0,8.34,0.0,0.0,0.0,0.0,0.0,0.0,0.0
920679,前进科技,15.7,15.7,15.71,15.53,15.63,15.8,15.2,347992.0,5387345.0,1.095,0.17
920682,球冠电缆,6.66,6.66,6.68,6.75,6.78,6.8,6.61,2884105.0,19340232.0,-1.333,-0.09
920685,新芝生物,11.07,11.06,11.07,11.1,11.12,11.19,10.9,331620.0,3660973.0,-0.27,-0.03
920689,克莱特,23.45,23.43,23.45,23.58,23.45,24.04,23.4,644704.0,15283940.0,-0.551,-0.13
920690,捷众科技,17.83,17.78,17.83,18.3,18.3,18.35,17.6,970703.0,17443224.0,-2.568,-0.47
920693,阿为特,26.9,26.9,26.93,27.33,27.24,27.57,26.83,874354.0,23714865.0,-1.573,-0.43
920694,中裕科技,15.58,15.58,15.59,15.14,15.26,15.97,15.21,738674.0,11506068.0,2.906,0.44
920699,海达尔,69.9,69.89,69.9,68.0,69.3,71.98,68.37,878538.0,61694038.0,2.794,1.9
920701,豪声电子,12.66,12.58,12.66,12.52,12.52,12.78,12.52,453461.0,5743325.0,1.118,0.14
920703,广厦环能,10.06,10.05,10.06,10.15,10.19,10.26,10.05,445384.0,4516082.0,-0.887,-0.09
920706,铁拓机械,19.78,19.75,19.78,19.21,18.91,20.27,18.8,2954813.0,58126238.0,2.967,0.57
920717,瑞星股份,7.26,7.23,7.26,7.27,7.24,7.37,7.07,1038035.0,7489478.0,-0.138,-0.01
920718,合肥高科,10.35,10.35,10.36,10.54,10.63,10.63,10.31,771070.0,8028761.0,-1.803,-0.19
920719,宁新新材,10.28,10.27,10.28,10.51,10.41,10.6,10.2,3516948.0,36305748.0,-2.188,-0.23
920720,吉冈精密,10.98,10.97,10.98,10.93,10.87,11.25,10.86,1665153.0,18418911.0,0.457,0.05
920725,惠丰钻石,74.29,74.29,74.33,71.94,70.8,77.1,69.0,9233261.0,683445641.0,3.267,2.35
920726,朱老六,17.59,17.58,17.59,17.02,17.08,17.75,16.81,3758399.0,65115597.0,3.349,0.57
920729,永顺生物,6.99,6.98,6.99,7.01,7.08,7.08,6.94,362407.0,2532917.0,-0.285,-0.02
920735,德源药业,23.18,23.18,23.19,23.95,24.0,24.0,23.1,2375026.0,55793735.0,-3.215,-0.77
920748,路桥信息,24.22,24.22,24.26,24.86,24.69,25.46,24.0,910293.0,22306625.0,-2.574,-0.64
920751,惠同新材,22.74,22.74,22.75,23.1,23.01,23.38,22.38,1227166.0,27966467.0,-1.558,-0.36
920753,天纺标,14.87,14.87,15.01,15.05,15.06,15.21,14.86,381166.0,5714797.0,-1.196,-0.18
920765,美之高,12.56,12.55,12.56,12.66,12.56,12.89,12.41,725197.0,9171013.0,-0.79,-0.1
920768,拾比佰,7.74,7.74,7.76,7.84,7.81,7.95,7.72,1040382.0,8134080.0,-1.276,-0.1
920770,XD艾能聚,12.66,12.66,12.68,12.86,13.01,13.01,12.65,2597439.0,33220337.0,-1.555,-0.2
920779,武汉蓝电,26.9,26.86,26.9,26.45,26.69,27.7,26.54,694245.0,18825433.0,1.701,0.45
920781,瑞奇智造,6.06,6.06,6.08,6.19,6.17,6.19,6.01,1592281.0,9686071.0,-2.1,-0.13
920786,骑士乳业,7.25,7.25,7.26,7.15,7.17,7.35,7.08,4041265.0,29164038.0,1.399,0.1
920790,联迪信息,20.98,20.98,20.99,21.11,20.05,21.98,20.03,5544915.0,115710392.0,-0.616,-0.13
920792,东和新材,10.31,10.31,10.38,10.51,10.41,10.51,10.3,657314.0,6834735.0,-1.903,-0.2
920799,艾融软件,29.88,29.84,29.88,30.35,29.58,30.54,29.0,3891986.0,115864850.0,-1.549,-0.47
920802,保丽洁,11.48,11.45,11.48,11.75,11.75,11.75,11.37,336258.0,3869254.0,-2.298,-0.27
920806,云星宇,10.6,10.6,10.61,10.82,10.8,10.88,10.52,2038239.0,21782955.0,-2.033,-0.22
920807,奔朗新材,12.24,12.23,12.24,11.35,11.65,12.92,11.34,12368688.0,152076234.0,7.841,0.89
920808,曙光数创,74.87,74.87,74.89,77.02,77.28,78.5,74.8,3491519.0,266530957.0,-2.791,-2.15
920809,安达科技,8.63,8.62,8.63,8.25,8.2,8.65,8.19,23952857.0,203287459.0,4.606,0.38
920810,春光智能,8.85,8.85,8.86,9.15,9.06,9.23,8.83,552283.0,4956647.0,-3.279,-0.3
920819,颖泰生物,2.86,2.86,2.87,2.89,2.88,2.89,2.84,2933271.0,8397490.0,-1.038,-0.03
920821,则成电子,22.57,22.55,22.57,22.49,22.44,23.36,22.26,2229834.0,50976705.0,0.356,0.08
920826,盖世食品,9.28,9.28,9.3,9.3,9.32,9.37,9.15,1667964.0,15433574.0,-0.215,-0.02
920832,齐鲁华信,6.46,6.46,6.48,6.62,6.62,6.71,6.46,982337.0,6435278.0,-2.417,-0.16
920833,美心翼申,14.06,14.06,14.08,14.25,14.14,14.31,14.03,1066610.0,15077324.0,-1.333,-0.19
920834,三维装备,9.7,9.7,9.71,9.88,9.88,9.88,9.61,607833.0,5914701.0,-1.822,-0.18
920837,华原股份,10.76,10.75,10.76,10.95,10.99,11.0,10.7,825175.0,8943257.0,-1.735,-0.19
920839,万通液压,28.93,28.93,29.02,28.96,29.13,29.56,28.61,817878.0,23827565.0,-0.104,-0.03
920855,浙江大农,12.85,12.81,12.85,13.29,13.28,13.28,12.74,611219.0,7919219.0,-3.311,-0.44
920856,浩淼科技,9.28,9.27,9.28,9.61,9.64,9.64,9.24,1457239.0,13696415.0,-3.434,-0.33
920857,泓禧科技,15.97,15.97,15.98,16.38,16.49,16.73,15.87,1396583.0,22709603.0,-2.503,-0.41
920866,绿亨科技,6.48,6.48,6.49,6.53,6.56,6.56,6.43,752279.0,4876101.0,-0.766,-0.05
920870,恒进感应,13.54,13.53,13.54,13.77,13.92,13.95,13.5,944622.0,12899403.0,-1.67,-0.23
920871,派特尔,12.42,12.35,12.42,12.5,12.44,12.59,12.31,251040.0,3114321.0,-0.64,-0.08
920873,中设咨询,7.44,7.43,7.44,7.62,7.6,7.7,7.41,1861151.0,13918214.0,-2.362,-0.18
920876,慧为智能,19.46,19.44,19.46,19.36,19.32,20.25,19.24,1476662.0,29016001.0,0.517,0.1
920879,基康技术,15.92,15.92,15.94,16.35,16.26,16.37,15.9,1223247.0,19726388.0,-2.63,-0.43
920885,星辰科技,14.72,14.72,14.73,14.69,15.1,15.5,14.64,3175400.0,47749492.0,0.204,0.03
920892,广咨国际,12.15,12.14,12.15,11.97,12.0,12.18,11.87,1021867.0,12329435.0,1.504,0.18
920895,花溪科技,13.07,13.04,13.07,13.28,13.25,13.33,12.9,533704.0,6981809.0,-1.581,-0.21
920896,旺成科技,14.29,14.29,14.3,14.41,14.53,14.73,14.23,566682.0,8192362.0,-0.833,-0.12
920906,舜宇精工,19.32,19.32,19.39,20.0,20.01,20.01,19.28,1019130.0,19985652.0,-3.4,-0.68
920914,远航精密,21.86,21.86,21.88,21.21,21.2,22.2,20.83,1814481.0,39152105.0,3.065,0.65
920924,广脉科技,16.66,16.66,16.69,16.72,16.78,16.95,16.51,1086272.0,18166687.0,-0.359,-0.06
920925,锦好医疗,11.84,11.84,11.86,11.98,12.01,12.04,11.72,1023692.0,12145432.0,-1.169,-0.14
920926,鸿智科技,11.35,11.32,11.35,11.49,11.44,11.68,11.31,444801.0,5098967.0,-1.218,-0.14
920931,无锡鼎邦,9.85,9.85,9.86,10.15,10.11,10.22,9.85,482651.0,4830756.0,-2.956,-0.3
920932,科达自控,14.96,14.96,14.98,15.2,15.2,15.43,14.84,2504147.0,37757260.0,-1.579,-0.24
920942,恒立钻具,20.25,20.25,20.28,20.36,20.25,20.66,20.21,724706.0,14764638.0,-0.54,-0.11
920943,XD优机股,14.64,14.63,14.64,14.73,14.98,15.25,14.64,884883.0,13194400.0,-0.611,-0.09
920946,森萱医药,9.14,9.14,9.15,9.28,9.31,9.32,9.08,2743462.0,25133878.0,-1.509,-0.14
920950,迅安科技,13.67,13.57,13.67,13.82,13.76,13.96,13.52,192731.0,2651900.0,-1.085,-0.15
920953,国子软件,25.15,25.14,25.15,25.5,25.3,25.69,25.0,1188983.0,30051695.0,-1.373,-0.35
920957,汉维科技,9.69,9.69,9.7,9.72,9.68,9.84,9.61,452605.0,4392756.0,-0.309,-0.03
920961,创远信科,22.57,22.57,22.58,22.25,22.33,23.05,22.05,6329131.0,142986704.0,1.438,0.32
920964,润农节水,4.81,4.81,4.82,4.88,4.86,4.91,4.78,2156760.0,10437056.0,-1.434,-0.07
920970,大禹生物,5.76,5.76,5.77,5.86,5.83,5.87,5.74,744315.0,4312038.0,-1.706,-0.1
920971,天马新材,35.94,35.93,35.94,36.18,36.0,37.39,35.53,9385156.0,342974923.0,-0.663,-0.24
920974,凯大催化,7.18,7.17,7.18,7.09,7.05,7.23,6.94,2768833.0,19730174.0,1.269,0.09
920976,视声智能,19.11,19.06,19.11,18.92,19.3,19.49,18.76,547488.0,10515017.0,1.004,0.19
920978,开特股份,22.79,22.79,22.8,22.97,23.26,23.54,22.66,2065820.0,47674867.0,-0.784,-0.18
920981,晶赛科技,42.03,42.03,42.05,41.05,40.41,43.17,40.41,6020509.0,252590023.0,2.387,0.98
920982,锦波生物,155.16,155.16,155.17,158.32,158.49,158.7,153.5,762676.0,118137544.0,-1.996,-3.16
920985,海泰新能,5.31,5.3,5.31,5.31,5.34,5.38,5.24,2448775.0,13027242.0,0.0,0.0
920992,中科美菱,12.51,12.5,12.51,12.83,12.79,12.91,12.45,694018.0,8818686.0,-2.494,-0.32
600000,浦发银行,9.46,9.46,9.47,9.53,9.5,9.56,9.42,54422958.0,515638256.0,-0.735,-0.07
600004,白云机场,8.18,8.18,8.19,8.34,8.31,8.36,8.14,7873480.0,64731668.0,-1.918,-0.16
600006,东风股份,5.75,5.74,5.75,5.83,5.8,5.82,5.72,12509400.0,71994327.0,-1.372,-0.08
600007,中国国贸,18.7,18.7,18.72,19.46,19.35,19.42,18.64,5574466.0,105630098.0,-3.905,-0.76
600008,首创环保,3.14,3.14,3.15,3.18,3.17,3.18,3.13,79612775.0,250821853.0,-1.258,-0.04
600009,上海机场,23.79,23.79,23.81,24.2,24.2,24.22,23.71,8378378.0,199834988.0,-1.694,-0.41
600010,包钢股份,2.47,2.47,2.48,2.41,2.4,2.51,2.38,957075412.0,2359463187.0,2.49,0.06
600011,华能国际,7.88,7.88,7.89,8.06,8.06,8.15,7.86,203426388.0,1620649959.0,-2.233,-0.18
600012,皖通高速,15.9,15.9,15.92,16.53,16.47,16.47,15.72,6601000.0,105612241.0,-3.811,-0.63
600015,华夏银行,6.86,6.86,6.87,6.93,6.91,6.94,6.85,47198151.0,324798704.0,-1.01,-0.07
600016,民生银行,3.59,3.59,3.6,3.63,3.62,3.64,3.58,187445731.0,676265785.0,-1.102,-0.04
600017,日照港,2.66,2.66,2.67,2.72,2.72,2.72,2.64,32124445.0,85625768.0,-2.206,-0.06
600018,上港集团,4.95,4.95,4.96,5.05,5.05,5.06,4.94,58999101.0,293733401.0,-1.98,-0.1
600019,宝钢股份,5.85,5.84,5.85,5.97,5.95,5.98,5.83,102788121.0,604315575.0,-2.01,-0.12
600020,中原高速,3.88,3.87,3.88,3.92,3.93,3.93,3.86,12625482.0,49035510.0,-1.02,-0.04
600021,上海电力,17.46,17.46,17.47,17.54,17.54,17.76,17.16,69066099.0,1206066611.0,-0.456,-0.08
600022,山东钢铁,1.32,1.32,1.33,1.34,1.35,1.35,1.32,60822221.0,80768023.0,-1.493,-0.02
600023,浙能电力,6.14,6.13,6.14,6.16,6.12,6.21,6.05,67278832.0,412163004.0,-0.325,-0.02
600025,华能水电,9.54,9.54,9.55,9.64,9.57,9.69,9.5,32804774.0,314030348.0,-1.037,-0.1
600026,中远海能,17.9,17.9,17.91,19.25,19.77,19.97,17.5,179883134.0,3315493233.0,-7.013,-1.35
600027,华电国际,4.94,4.94,4.95,5.06,5.06,5.09,4.94,141448504.0,707727978.0,-2.372,-0.12
600028,中国石化,4.97,4.96,4.97,4.99,5.02,5.03,4.95,244451092.0,1217187491.0,-0.401,-0.02
600029,南方航空,5.39,5.39,5.4,5.46,5.44,5.48,5.37,109614293.0,593065769.0,-1.282,-0.07
600030,中信证券,27.25,27.24,27.25,26.86,26.69,27.29,26.63,220400140.0,5969042188.0,1.452,0.39
600031,三一重工,18.65,18.64,18.65,19.19,19.22,19.31,18.59,90231127.0,1702413830.0,-2.814,-0.54
600032,浙江新能,8.35,8.35,8.36,8.54,8.54,8.54,8.25,51212711.0,428333725.0,-2.225,-0.19
600033,福建高速,3.55,3.55,3.56,3.61,3.59,3.61,3.54,22371550.0,79843950.0,-1.662,-0.06
600035,楚天高速,3.77,3.76,3.77,3.78,3.78,3.79,3.75,10514145.0,39570484.0,-0.265,-0.01
600036,招商银行,38.57,38.56,38.57,38.95,38.81,38.89,38.41,78966910.0,3048039103.0,-0.976,-0.38
600037,歌华有线,6.72,6.72,6.73,6.7,6.7,6.74,6.59,13072464.0,87296642.0,0.299,0.02
600038,中直股份,27.68,27.68,27.69,28.29,28.28,28.28,27.61,7768731.0,216243703.0,-2.156,-0.61
600039,四川路桥,8.35,8.35,8.36,8.32,8.32,8.38,8.26,17714887.0,147493297.0,0.361,0.03
600048,保利发展,5.05,5.05,5.06,5.19,5.18,5.18,5.04,131427481.0,669168637.0,-2.697,-0.14
600050,中国联通,4.37,4.37,4.38,4.4,4.39,4.4,4.35,120885748.0,528646022.0,-0.682,-0.03
600051,XD宁波联,6.15,6.13,6.15,6.17,6.19,6.2,6.04,4622701.0,28258806.0,-0.324,-0.02
600052,东望时代,4.02,4.02,0.0,3.65,3.64,4.02,3.55,30160809.0,115200213.0,10.137,0.37
600053,*ST九鼎,8.11,8.1,8.11,7.87,7.81,8.11,7.6,4144841.0,32635544.0,3.05,0.24
600054,黄山旅游,11.05,11.05,11.06,11.18,11.17,11.27,10.96,6972250.0,77350304.0,-1.163,-0.13
600055,万东医疗,11.6,11.6,11.61,11.87,11.84,12.15,11.45,6559128.0,76477205.0,-2.275,-0.27
600056,中国医药,9.08,9.08,9.09,9.23,9.21,9.21,9.06,8686620.0,78997390.0,-1.625,-0.15
600057,厦门象屿,6.1,6.1,6.11,6.24,6.2,6.24,6.07,17280760.0,105622655.0,-2.244,-0.14
600058,五矿发展,10.57,10.57,10.58,10.89,10.9,11.15,10.53,19426900.0,208457918.0,-2.938,-0.32
600059,古越龙山,7.94,7.93,7.94,8.12,8.05,8.08,7.91,7149162.0,56875122.0,-2.217,-0.18
600060,海信视像,26.46,26.45,26.46,27.09,27.0,27.05,25.82,27591946.0,727039067.0,-2.326,-0.63
600061,国投资本,6.61,6.61,6.62,6.56,6.54,6.63,6.49,44043056.0,289501197.0,0.762,0.05
600062,华润双鹤,16.76,16.76,16.77,17.04,17.05,17.05,16.75,5568956.0,93652130.0,-1.643,-0.28
600063,皖维高新,8.25,8.25,8.26,7.8,7.8,8.44,7.76,186130606.0,1525826058.0,5.769,0.45
600064,南京高科,7.51,7.51,7.52,7.65,7.63,7.65,7.5,13340986.0,100868820.0,-1.83,-0.14
600066,宇通客车,26.36,26.36,26.37,28.26,28.26,28.26,26.02,61252189.0,1626639380.0,-6.723,-1.9
600067,冠城新材,3.63,3.62,3.63,3.58,3.5,3.67,3.46,113598863.0,407816201.0,1.397,0.05
600071,凤凰光学,17.25,17.24,17.25,16.73,16.71,17.55,16.4,6176984.0,105847932.0,3.108,0.52
600072,中船科技,9.82,9.82,9.83,9.87,9.87,9.9,9.67,18623761.0,182031147.0,-0.507,-0.05
600073,光明肉业,4.99,4.99,5.0,5.08,5.06,5.07,4.96,5847378.0,29171728.0,-1.772,-0.09
600075,新疆天业,4.68,4.68,4.69,4.82,4.76,4.8,4.65,19301692.0,90502201.0,-2.905,-0.14
600076,康欣新材,3.49,3.49,3.5,3.48,3.47,3.54,3.4,22784369.0,79059130.0,0.287,0.01
600078,澄星股份,13.85,13.85,13.86,13.57,13.39,14.6,13.39,70640252.0,999642226.0,2.063,0.28
600079,ST人福,16.99,16.99,17.0,17.22,17.21,17.21,16.98,12286099.0,209540786.0,-1.336,-0.23
600080,ST金花,4.97,4.96,4.97,4.87,4.81,4.98,4.71,6181700.0,29820601.0,2.053,0.1
600081,东风科技,10.43,10.42,10.43,10.26,10.26,10.48,10.2,3843809.0,39910984.0,1.657,0.17
600082,ST海泰,3.04,3.03,3.04,3.08,3.06,3.08,2.98,9661200.0,29213209.0,-1.299,-0.04
600084,*ST尼雅,4.3,4.28,4.3,4.3,4.29,4.3,4.15,4190858.0,17799243.0,0.0,0.0
600085,同仁堂,24.37,24.37,24.38,24.83,24.84,24.87,24.36,5242455.0,128411817.0,-1.853,-0.46
600088,中视传媒,13.24,13.24,13.25,13.93,13.8,13.8,13.0,13646019.0,180815214.0,-4.953,-0.69
600089,特变电工,24.11,24.1,24.11,23.81,23.9,24.4,23.6,151767793.0,3658614375.0,1.26,0.3
600094,大名城,4.19,4.18,4.19,4.19,4.19,4.29,4.1,30661163.0,128251354.0,0.0,0.0
600095,湘财股份,8.18,8.17,8.18,8.09,8.07,8.25,7.96,24655700.0,200480952.0,1.112,0.09
600096,云天化,30.62,30.62,30.63,31.22,31.21,31.99,30.33,52160658.0,1619716830.0,-1.922,-0.6
600097,开创国际,8.68,8.68,8.69,8.56,8.57,8.71,8.41,3145500.0,26901761.0,1.402,0.12
600098,广州发展,6.96,6.96,6.97,6.93,6.91,7.1,6.83,35658707.0,248511651.0,0.433,0.03
600099,林海股份,8.99,8.98,8.99,9.0,8.99,9.02,8.73,4061626.0,36055769.0,-0.111,-0.01
600100,同方股份,7.15,7.15,7.16,7.22,7.2,7.21,7.09,27386432.0,195857511.0,-0.97,-0.07
600101,明星电力,9.19,9.19,9.2,9.23,9.2,9.28,9.1,19427582.0,178535117.0,-0.433,-0.04
600103,青山纸业,3.7,3.69,3.7,3.61,3.62,3.74,3.54,118370289.0,433136489.0,2.493,0.09
600104,上汽集团,10.65,10.64,10.65,10.79,10.79,10.82,10.63,68464440.0,732199876.0,-1.297,-0.14
600105,永鼎股份,58.88,58.88,0.0,53.53,53.93,58.88,53.09,136995658.0,7730482020.0,9.994,5.35
600106,重庆路桥,5.0,5.0,5.01,5.01,5.07,5.07,4.95,12053392.0,60362384.0,-0.2,-0.01
600107,*ST尔雅,6.37,6.36,6.37,6.37,6.38,6.4,6.28,2152500.0,13618961.0,0.0,0.0
600108,亚盛集团,3.65,3.65,3.66,3.68,3.63,3.73,3.6,147467936.0,538062819.0,-0.815,-0.03
600109,国金证券,8.78,8.78,8.79,8.8,8.8,8.84,8.65,46512443.0,408184856.0,-0.227,-0.02
600110,诺德股份,15.65,15.65,0.0,14.23,15.65,15.65,15.65,10811608.0,169201665.0,9.979,1.42
600111,北方稀土,51.98,51.97,51.98,50.47,50.0,53.18,49.8,192881577.0,10036808223.0,2.992,1.51
600113,浙江东日,35.59,35.58,35.59,36.14,36.14,36.14,35.15,4703600.0,166841586.0,-1.522,-0.55
600114,东睦股份,42.35,42.34,42.35,42.22,41.94,43.02,41.88,30240502.0,1280800471.0,0.308,0.13
600115,中国东航,4.03,4.02,4.03,4.12,4.11,4.12,4.01,248046121.0,1006103642.0,-2.184,-0.09
600116,三峡水利,6.26,6.26,6.27,6.31,6.3,6.31,6.22,18273671.0,114435211.0,-0.792,-0.05
600117,西宁特钢,2.29,2.29,2.3,2.28,2.29,2.31,2.24,11373100.0,25907566.0,0.439,0.01
600118,中国卫星,75.26,75.26,75.27,75.86,77.45,77.8,75.14,41662128.0,3171642571.0,-0.791,-0.6
600119,*ST长投,4.94,4.93,4.94,4.81,4.81,4.95,4.69,3287900.0,15919906.0,2.703,0.13
600120,浙江东方,4.54,4.54,4.55,4.55,4.54,4.55,4.47,29010157.0,130989140.0,-0.22,-0.01
600121,郑州煤电,4.38,4.37,4.38,4.47,4.4,4.41,4.24,74641634.0,322474861.0,-2.013,-0.09
600123,兰花科创,6.72,6.72,6.73,6.87,6.78,6.87,6.69,33715890.0,228013758.0,-2.183,-0.15
600125,铁龙物流,5.51,5.5,5.51,5.58,5.55,5.55,5.47,8930137.0,49158176.0,-1.254,-0.07
600126,杭钢股份,7.01,7.01,7.02,6.94,6.94,7.1,6.8,47852683.0,333031807.0,1.009,0.07
600127,金健米业,5.73,5.73,5.74,5.84,5.84,5.84,5.71,8933716.0,51248451.0,-1.884,-0.11
600128,苏豪弘业,8.68,8.68,8.69,8.68,8.68,8.71,8.49,3798926.0,32587780.0,0.0,0.0
600129,太极集团,13.21,13.21,13.22,13.49,13.45,13.45,13.12,5394800.0,71417502.0,-2.076,-0.28
600130,波导股份,4.76,4.75,4.76,4.62,4.64,4.8,4.53,32044501.0,150145330.0,3.03,0.14
600131,国网信通,15.26,15.26,15.27,15.46,15.48,15.48,15.13,7239183.0,110552500.0,-1.294,-0.2
600132,重庆啤酒,48.36,48.36,48.37,49.4,49.38,49.4,48.16,4747583.0,229802054.0,-2.105,-1.04
600133,东湖高新,8.24,8.23,8.24,8.1,8.12,8.34,8.0,19605374.0,160260464.0,1.728,0.14
600135,乐凯胶片,9.16,9.16,9.17,9.36,9.27,9.36,9.05,17750569.0,163665847.0,-2.137,-0.2
600136,ST明诚,1.48,1.47,1.48,1.47,1.47,1.48,1.44,10794940.0,15749708.0,0.68,0.01
600137,浪莎股份,18.4,18.39,18.4,18.34,18.25,18.5,17.91,2005500.0,36582516.0,0.327,0.06
600138,中青旅,7.36,7.35,7.36,7.45,7.45,7.46,7.31,6987914.0,51317783.0,-1.208,-0.09
600141,兴发集团,39.13,39.12,39.13,37.24,37.2,40.92,37.2,101217871.0,4003672430.0,5.075,1.89
600143,金发科技,16.95,16.95,16.96,17.0,16.92,17.2,16.85,46562515.0,791915890.0,-0.294,-0.05
600148,长春一东,16.24,16.24,16.25,16.23,16.26,16.44,15.82,1742178.0,28100100.0,0.062,0.01
600149,廊坊发展,5.01,5.01,5.02,4.96,4.97,5.05,4.83,14215306.0,70689337.0,1.008,0.05
600150,中国船舶,35.99,35.98,35.99,35.91,35.92,36.49,35.46,78861705.0,2838054820.0,0.223,0.08
600151,航天机电,11.78,11.78,11.79,11.78,11.9,12.0,11.66,28290601.0,334439400.0,0.0,0.0
600152,维科技术,11.32,11.32,11.33,11.08,11.29,11.56,10.81,36479100.0,410508836.0,2.166,0.24
600153,建发股份,9.31,9.3,9.31,9.29,9.35,9.36,9.19,16571684.0,153370035.0,0.215,0.02
600155,华创云信,5.55,5.55,5.56,5.5,5.47,5.58,5.42,29396361.0,162267645.0,0.909,0.05
600156,华升股份,9.13,9.12,9.13,9.02,9.1,9.2,8.7,17119923.0,153532387.0,1.22,0.11
600157,永泰能源,1.7,1.69,1.7,1.7,1.7,1.71,1.68,372462434.0,630718839.0,0.0,0.0
600158,中体产业,8.06,8.06,8.07,8.13,8.09,8.15,7.82,69073315.0,551589739.0,-0.861,-0.07
600159,大龙地产,2.49,2.49,2.5,2.53,2.54,2.55,2.42,22907101.0,56408012.0,-1.581,-0.04
600160,巨化股份,46.7,46.7,46.71,46.59,46.06,48.0,44.8,137621197.0,6403432159.0,0.236,0.11
600161,天坛生物,12.46,12.46,12.48,12.71,12.71,12.72,12.46,10211980.0,128218673.0,-1.967,-0.25
600162,香江控股,3.49,3.48,3.49,3.64,3.6,3.76,3.43,295981346.0,1047592867.0,-4.121,-0.15
600163,中闽能源,6.01,6.01,6.02,5.98,5.99,6.09,5.94,41136378.0,247626179.0,0.502,0.03
600165,ST宁科,2.83,2.82,2.83,2.85,2.85,2.92,2.8,6648900.0,18911164.0,-0.702,-0.02
600166,福田汽车,3.1,3.1,3.11,3.18,3.16,3.18,3.1,117263763.0,366430666.0,-2.516,-0.08
600167,联美控股,6.11,6.11,6.12,6.1,6.1,6.31,6.03,12071600.0,73897333.0,0.164,0.01
600168,武汉控股,4.42,4.42,4.43,4.41,4.41,4.48,4.37,4708303.0,20796219.0,0.227,0.01
600169,ST太重,2.22,2.21,2.22,2.24,2.24,2.24,2.21,10505280.0,23341326.0,-0.893,-0.02
600170,上海建工,2.42,2.41,2.42,2.44,2.43,2.44,2.4,96601601.0,232990518.0,-0.82,-0.02
600171,上海贝岭,27.43,27.43,27.44,27.16,27.0,27.77,26.98,17025431.0,466680974.0,0.994,0.27
600172,黄河旋风,12.9,12.9,12.91,12.42,12.5,13.13,12.29,214962520.0,2747738409.0,3.865,0.48
600173,卧龙新能,6.72,6.72,6.73,6.64,6.64,6.8,6.5,10334000.0,68441941.0,1.205,0.08
600176,中国巨石,49.64,49.64,49.65,45.77,46.94,50.2,46.0,241712932.0,11763683957.0,8.455,3.87
600177,雅戈尔,7.41,7.41,7.42,7.44,7.45,7.51,7.4,19290415.0,143675011.0,-0.403,-0.03
600178,东安动力,9.74,9.74,9.75,10.11,9.88,9.99,9.69,16454488.0,160976509.0,-3.66,-0.37
600179,安通控股,4.57,4.57,4.58,4.62,4.61,4.62,4.49,43625305.0,198884073.0,-1.082,-0.05
600180,*ST瑞茂,1.34,1.34,0.0,1.28,1.27,1.34,1.25,31860395.0,41246679.0,4.688,0.06
600182,S佳通,14.2,14.18,14.2,14.17,14.15,14.25,13.99,1847439.0,26073564.0,0.212,0.03
600183,生益科技,179.4,179.4,179.41,166.41,176.0,183.05,174.8,91898441.0,16561268212.0,7.806,12.99
600184,光电股份,27.54,27.54,27.55,27.07,27.0,27.85,26.8,40734443.0,1119187646.0,1.736,0.47
600185,珠免集团,5.02,5.02,5.03,5.07,5.08,5.08,4.97,12917400.0,64728196.0,-0.986,-0.05
600186,莲花控股,13.33,13.33,0.0,12.12,12.1,13.33,11.87,275966204.0,3494018565.0,9.983,1.21
600187,*ST国中,1.47,1.47,1.48,1.44,1.45,1.51,1.45,58318801.0,86689452.0,2.083,0.03
600188,兖矿能源,20.82,20.81,20.82,21.08,20.75,21.13,20.24,81829368.0,1691565926.0,-1.233,-0.26
600189,泉阳泉,7.91,7.9,7.91,7.86,7.85,7.95,7.7,8546940.0,67053819.0,0.636,0.05
600191,华资实业,11.16,11.16,11.17,11.02,11.02,11.28,10.88,8005790.0,88794905.0,1.27,0.14
600192,长城电工,7.59,7.59,0.0,6.9,6.9,7.59,6.87,8670417.0,64187396.0,10.0,0.69
600193,退市创兴,0.16,0.15,0.16,0.16,0.15,0.16,0.15,13470317.0,2085002.0,0.0,0.0
600195,中牧股份,6.65,6.65,6.66,6.77,6.75,6.77,6.63,4898207.0,32652305.0,-1.773,-0.12
600196,复星医药,21.85,21.84,21.85,22.31,22.31,22.31,21.85,16719624.0,368133026.0,-2.062,-0.46
600197,伊力特,10.3,10.3,10.31,10.66,10.66,10.66,10.25,10550720.0,108873363.0,-3.377,-0.36
600198,大唐电信,9.63,9.63,9.64,9.37,9.3,10.01,9.15,77354574.0,730567135.0,2.775,0.26
600199,金种子酒,6.77,6.77,6.78,6.86,6.81,6.83,6.68,8579504.0,57795838.0,-1.312,-0.09
600201,生物股份,12.38,12.37,12.38,12.48,12.41,12.54,12.29,19291052.0,239655309.0,-0.801,-0.1
600202,哈空调,4.93,4.92,4.93,5.01,5.01,5.01,4.87,8842329.0,43480147.0,-1.597,-0.08
600203,福日电子,12.53,12.52,12.53,11.64,11.55,12.8,11.4,57454453.0,709093867.0,7.646,0.89
600206,有研新材,39.11,39.11,0.0,35.55,35.26,39.11,35.01,85528888.0,3248922683.0,10.014,3.56
600207,安彩高科,6.66,6.66,6.67,6.36,6.34,6.74,6.25,42469688.0,279575977.0,4.717,0.3
600208,衢州发展,3.12,3.12,3.13,3.04,3.03,3.23,2.96,207466438.0,640915468.0,2.632,0.08
600210,紫江企业,6.71,6.71,6.72,6.64,6.66,6.74,6.6,16010954.0,106920942.0,1.054,0.07
600211,西藏药业,36.68,36.68,36.73,37.19,37.1,37.3,36.53,2317646.0,85221586.0,-1.371,-0.51
600212,绿能慧充,5.88,5.87,5.88,5.83,5.8,5.92,5.71,11021400.0,64273965.0,0.858,0.05
600215,派斯林,6.5,6.5,6.51,6.44,6.42,6.54,6.3,10828151.0,69856552.0,0.932,0.06
600216,浙江医药,11.96,11.95,11.96,12.17,12.17,12.18,11.87,14362396.0,172200704.0,-1.726,-0.21
600217,中再资环,3.17,3.16,3.17,3.13,3.12,3.17,3.06,17320286.0,53931571.0,1.278,0.04
600218,全柴动力,8.08,8.08,8.09,8.14,8.14,8.16,8.0,3788975.0,30623421.0,-0.737,-0.06
600219,南山铝业,4.69,4.69,4.7,4.81,4.71,4.76,4.65,177604961.0,836443899.0,-2.495,-0.12
600221,海航控股,1.49,1.48,1.49,1.52,1.51,1.52,1.48,403597677.0,603296645.0,-1.974,-0.03
600222,太龙药业,8.1,8.09,8.1,7.88,7.89,8.33,7.78,22982791.0,186142013.0,2.792,0.22
600223,福瑞达,5.5,5.5,5.51,5.64,5.55,5.64,5.46,9445050.0,51969028.0,-2.482,-0.14
600226,亨通股份,8.75,8.75,8.76,8.25,8.35,8.9,8.26,345572121.0,2969348265.0,6.061,0.5
600227,赤天化,2.83,2.82,2.83,2.85,2.84,2.87,2.77,69439200.0,195255565.0,-0.702,-0.02
600228,返利科技,8.92,8.92,0.0,8.11,8.1,8.92,7.84,53860000.0,458450907.0,9.988,0.81
600229,城市传媒,5.55,5.55,5.56,5.81,5.78,5.79,5.49,26888352.0,149540746.0,-4.475,-0.26
600230,沧州大化,14.9,14.9,14.91,15.15,15.0,15.18,14.8,9012318.0,135077549.0,-1.65,-0.25
600231,凌钢股份,1.88,1.88,1.89,1.89,1.88,1.9,1.84,11343722.0,21196475.0,-0.529,-0.01
600232,金鹰股份,7.02,7.01,7.02,7.1,7.1,7.15,6.91,4865500.0,34182312.0,-1.127,-0.08
600233,圆通速递,16.58,16.57,16.58,17.11,17.07,17.12,16.39,24091409.0,399782424.0,-3.098,-0.53
600234,科新发展,26.75,26.75,26.78,26.15,26.67,27.93,25.91,4184328.0,111662371.0,2.294,0.6
600235,民丰特纸,5.51,5.51,5.52,5.53,5.53,5.57,5.42,6944801.0,38065593.0,-0.362,-0.02
600236,XD桂冠电,9.58,9.57,9.58,9.76,9.74,9.81,9.54,16283810.0,157188667.0,-1.844,-0.18
600237,铜峰电子,11.42,11.41,11.42,10.68,11.11,11.63,11.08,102097624.0,1160929071.0,6.929,0.74
600238,*ST椰岛,4.97,4.96,4.97,5.01,5.08,5.08,4.95,2494975.0,12427755.0,-0.798,-0.04
600239,ST云城,1.43,1.42,1.43,1.42,1.42,1.43,1.39,16528130.0,23326566.0,0.704,0.01
600241,时代万恒,7.28,7.27,7.28,7.17,7.16,7.34,7.03,4361700.0,31442363.0,1.534,0.11
600243,*ST海华,3.81,3.8,3.81,3.89,3.91,3.93,3.73,11711579.0,44406698.0,-2.057,-0.08
600246,万通发展,16.78,16.78,16.79,17.33,17.14,17.67,16.72,122751441.0,2090772700.0,-3.174,-0.55
600248,陕建股份,2.95,2.95,2.96,3.0,3.0,3.0,2.94,12296860.0,36329148.0,-1.667,-0.05
600249,两面针,5.29,5.29,5.3,5.06,5.04,5.35,4.98,15360590.0,79588458.0,4.545,0.23
600250,南京商旅,8.72,8.71,8.72,8.82,8.81,8.83,8.62,6172301.0,53682787.0,-1.134,-0.1
600251,冠农股份,9.83,9.82,9.83,9.93,9.94,9.97,9.74,5553555.0,54569258.0,-1.007,-0.1
600252,中恒集团,1.99,1.98,1.99,2.05,2.05,2.05,1.94,61475889.0,121597831.0,-2.927,-0.06
600255,鑫科材料,4.43,4.43,4.44,4.29,4.26,4.58,4.24,266563865.0,1174487863.0,3.263,0.14
600256,广汇能源,5.6,5.6,5.61,6.05,6.0,6.0,5.58,258455615.0,1481795543.0,-7.438,-0.45
600257,大湖股份,4.95,4.95,4.96,4.98,4.98,4.98,4.83,12157933.0,59659400.0,-0.602,-0.03
600258,首旅酒店,12.85,12.85,12.86,13.0,12.98,12.98,12.7,15168293.0,194611276.0,-1.154,-0.15
600259,中稀有色,106.14,106.14,106.16,99.9,99.68,109.2,98.5,29308828.0,3088979763.0,6.246,6.24
600261,阳光照明,3.18,3.17,3.18,3.21,3.19,3.22,3.16,10201678.0,32499910.0,-0.935,-0.03
600262,北方股份,22.05,22.03,22.05,22.06,22.0,22.29,21.81,2218300.0,48931091.0,-0.045,-0.01
600265,*ST景谷,23.02,23.02,23.03,23.28,22.93,23.8,22.21,2197500.0,50147416.0,-1.117,-0.26
600266,城建发展,4.35,4.34,4.35,4.45,4.45,4.45,4.33,27677105.0,120472907.0,-2.247,-0.1
600267,XD海正药,9.76,9.76,9.77,9.95,10.0,10.1,9.71,14761887.0,145890534.0,-1.91,-0.19
600268,国电南自,12.64,12.64,12.65,12.7,12.67,12.89,12.49,17548494.0,223517875.0,-0.472,-0.06
600269,赣粤高速,4.11,4.11,4.12,4.19,4.19,4.19,4.09,17706900.0,73026192.0,-1.909,-0.08
600271,航天信息,7.11,7.11,7.12,7.13,7.15,7.16,7.04,12805281.0,90929851.0,-0.281,-0.02
600272,开开实业,11.0,11.0,11.01,10.98,10.95,11.08,10.77,2648515.0,28830942.0,0.182,0.02
600273,嘉化能源,7.04,7.04,7.05,7.15,7.13,7.14,6.98,22403470.0,157701717.0,-1.538,-0.11
600276,恒瑞医药,47.35,47.35,47.36,47.88,47.6,48.09,47.14,50293459.0,2385274213.0,-1.107,-0.53
600278,东方创业,6.28,6.27,6.28,6.4,6.35,6.43,6.2,7569855.0,47798743.0,-1.875,-0.12
600279,重庆港,4.18,4.17,4.18,4.33,4.29,4.29,4.14,25613300.0,107171654.0,-3.464,-0.15
600280,中央商场,3.11,3.1,3.11,3.09,3.05,3.13,3.0,92295600.0,282048850.0,0.647,0.02
600281,华阳新材,4.95,4.95,4.96,4.87,4.8,5.01,4.73,13089800.0,64052270.0,1.643,0.08
600282,南钢股份,4.85,4.85,4.86,4.94,4.88,4.91,4.75,48914001.0,236471091.0,-1.822,-0.09
600283,钱江水利,8.34,8.34,8.35,8.35,8.35,8.37,8.23,1747343.0,14500432.0,-0.12,-0.01
600284,浦东建设,5.28,5.28,5.29,5.31,5.31,5.32,5.2,11356550.0,59655861.0,-0.565,-0.03
600285,羚锐制药,20.67,20.66,20.67,20.98,20.88,20.97,20.5,6384145.0,131727062.0,-1.478,-0.31
600287,苏豪时尚,4.8,4.8,4.81,4.85,4.86,4.87,4.73,2603600.0,12460124.0,-1.031,-0.05
600288,大恒科技,13.1,13.1,13.12,12.95,12.96,13.16,12.72,8244140.0,107012639.0,1.158,0.15
600289,ST信通,5.53,5.51,5.53,5.52,5.5,5.59,5.39,2400000.0,13136341.0,0.181,0.01
600292,电投水电,14.22,14.21,14.22,14.66,14.59,14.77,14.15,22542920.0,323709868.0,-3.001,-0.44
600293,三峡新材,3.79,3.79,3.8,3.75,3.82,3.86,3.64,146714787.0,553772601.0,1.067,0.04
600295,鄂尔多斯,13.84,13.84,13.85,13.79,13.76,13.98,13.59,12805768.0,177005813.0,0.363,0.05
600298,安琪酵母,34.73,34.73,34.74,35.59,35.5,35.55,34.72,9135210.0,319321626.0,-2.416,-0.86
600299,安迪苏,9.78,9.78,9.79,10.12,10.1,10.13,9.77,12884716.0,127413486.0,-3.36,-0.34
600300,维维股份,3.07,3.06,3.07,3.09,3.09,3.09,3.04,16423500.0,50215104.0,-0.647,-0.02
600301,华锡有色,67.21,67.21,67.23,67.9,66.08,68.97,65.47,25526485.0,1719919173.0,-1.016,-0.69
600302,ST标准,10.11,10.1,10.11,10.24,9.92,10.28,9.73,9108700.0,90381901.0,-1.27,-0.13
600303,曙光股份,2.92,2.92,2.93,3.05,3.02,3.02,2.86,45808100.0,133451386.0,-4.262,-0.13
600305,恒顺醋业,6.81,6.8,6.81,6.89,6.86,6.88,6.73,6830773.0,46386247.0,-1.161,-0.08
600307,酒钢宏兴,1.55,1.55,1.56,1.57,1.57,1.57,1.54,43145700.0,67008987.0,-1.274,-0.02
600308,华泰股份,3.34,3.34,3.35,3.38,3.35,3.37,3.32,7864274.0,26267964.0,-1.183,-0.04
600309,万华化学,70.07,70.06,70.07,73.5,72.5,72.81,69.85,47916519.0,3398996352.0,-4.667,-3.43
600310,广西能源,4.84,4.84,4.85,4.93,4.93,4.96,4.81,83217220.0,404972821.0,-1.826,-0.09
600312,平高电气,19.26,19.25,19.26,19.14,19.11,19.48,18.76,25336956.0,486481526.0,0.627,0.12
600313,农发种业,5.79,5.78,5.79,5.9,5.9,5.9,5.77,16299635.0,94509966.0,-1.864,-0.11
600315,上海家化,18.47,18.46,18.47,18.6,18.6,18.6,18.18,4868900.0,89340582.0,-0.699,-0.13
600316,洪都航空,27.15,27.15,27.16,27.45,27.5,27.58,27.1,8602546.0,234542369.0,-1.093,-0.3
600318,新力金融,6.52,6.52,6.53,6.53,6.52,6.54,6.38,9833030.0,63740890.0,-0.153,-0.01
600319,亚星化学,6.98,6.98,6.99,6.99,7.01,7.02,6.87,3280700.0,22757413.0,-0.143,-0.01
600320,振华重工,4.48,4.47,4.48,4.63,4.63,4.63,4.47,42079968.0,189845340.0,-3.24,-0.15
600322,津投城开,2.5,2.5,2.51,2.62,2.61,2.62,2.45,58963826.0,146853208.0,-4.58,-0.12
600323,瀚蓝环境,28.89,28.89,28.9,30.35,30.34,30.34,28.41,14756848.0,429481089.0,-4.811,-1.46
600325,华发股份,2.56,2.55,2.56,2.6,2.59,2.59,2.51,45796102.0,116204167.0,-1.538,-0.04
600326,西藏天路,7.25,7.25,7.26,7.23,7.22,7.32,7.13,15460921.0,112074682.0,0.277,0.02
600327,大东方,3.45,3.44,3.45,3.48,3.48,3.48,3.41,6436744.0,22118011.0,-0.862,-0.03
600328,中盐化工,6.91,6.9,6.91,6.87,6.88,7.0,6.77,24651053.0,169655112.0,0.582,0.04
600329,达仁堂,38.23,38.22,38.23,38.77,38.72,38.76,37.92,2753654.0,105279369.0,-1.393,-0.54
600330,天通股份,32.39,32.38,32.39,30.94,31.44,32.88,30.86,128754202.0,4116624300.0,4.686,1.45
600331,宏达股份,12.92,12.92,12.93,13.41,13.39,13.43,12.9,47536749.0,621950838.0,-3.654,-0.49
600332,XD白云山,21.15,21.15,21.16,21.31,21.31,21.35,21.04,6105491.0,129021982.0,-0.751,-0.16
600333,长春燃气,5.5,5.49,5.5,5.49,5.46,5.53,5.39,9945207.0,54306317.0,0.182,0.01
600335,国机汽车,5.24,5.23,5.24,5.35,5.36,5.36,5.19,9769901.0,51245385.0,-2.056,-0.11
600336,澳柯玛,7.07,7.07,7.08,7.37,7.36,7.41,7.07,13141100.0,93794131.0,-4.071,-0.3
600337,ST美克,3.03,3.02,3.03,2.99,2.95,3.06,2.95,20901300.0,62776656.0,1.338,0.04
600338,西藏珠峰,18.43,18.42,18.43,17.93,17.83,18.75,17.39,99962736.0,1820182870.0,2.789,0.5
600339,中油工程,3.3,3.3,3.31,3.35,3.33,3.34,3.24,55519210.0,182119988.0,-1.493,-0.05
600340,*ST华幸,1.33,1.33,1.34,1.34,1.35,1.36,1.31,61897310.0,82298378.0,-0.746,-0.01
600343,航天动力,24.42,24.42,24.43,24.29,24.7,25.15,24.2,30137104.0,741308513.0,0.535,0.13
600345,长江通信,63.7,63.69,63.7,59.77,58.8,64.77,58.54,25266580.0,1578852073.0,6.575,3.93
600346,恒力石化,17.77,17.76,17.77,18.53,18.37,18.59,17.66,47510445.0,857237629.0,-4.101,-0.76
600348,华阳股份,8.58,8.58,8.59,8.76,8.72,8.72,8.43,35116028.0,300905545.0,-2.055,-0.18
600350,山东高速,11.06,11.06,11.07,11.05,11.04,11.19,10.92,10077392.0,111596629.0,0.09,0.01
600351,亚宝药业,6.18,6.18,6.19,6.23,6.22,6.22,6.14,7413986.0,45797890.0,-0.803,-0.05
600352,浙江龙盛,11.68,11.68,11.69,11.9,12.0,12.12,11.64,96119068.0,1141273621.0,-1.849,-0.22
600353,旭光电子,34.72,34.72,0.0,31.56,34.72,34.72,34.72,4127170.0,143295342.0,10.013,3.16
600354,敦煌种业,5.22,5.22,5.23,5.33,5.32,5.32,5.19,10761683.0,56185109.0,-2.064,-0.11
600356,恒丰纸业,8.3,8.3,8.31,8.59,8.62,8.62,8.27,5871700.0,49183856.0,-3.376,-0.29
600358,国旅联合,5.69,5.68,5.69,5.78,5.73,5.79,5.62,7187809.0,40781793.0,-1.557,-0.09
600359,新农开发,6.23,6.22,6.23,6.42,6.4,6.4,6.2,6588700.0,41223858.0,-2.96,-0.19
600360,华微电子,11.61,11.61,11.62,11.26,11.3,11.85,11.29,66607300.0,772688242.0,3.108,0.35
600361,创新新材,4.22,4.22,4.23,4.32,4.29,4.32,4.2,62836900.0,267443574.0,-2.315,-0.1
600362,江西铜业,46.5,46.49,46.5,47.36,47.32,48.3,46.36,79288758.0,3752669753.0,-1.816,-0.86
600363,联创光电,35.27,35.27,35.28,34.51,34.43,35.74,33.98,16687712.0,584186783.0,2.202,0.76
600365,ST通葡,2.53,2.52,2.53,2.52,2.53,2.54,2.45,5526800.0,13791863.0,0.397,0.01
600366,宁波韵升,14.39,14.38,14.39,13.29,13.38,14.62,13.26,149914266.0,2141547932.0,8.277,1.1
600367,红星发展,56.53,56.53,56.54,53.95,54.7,58.6,54.5,49956341.0,2835414538.0,4.782,2.58
600368,五洲交通,3.74,3.73,3.74,3.76,3.75,3.76,3.72,8158183.0,30457721.0,-0.532,-0.02
600369,西南证券,4.08,4.08,4.09,4.09,4.09,4.11,4.04,39720320.0,161952390.0,-0.244,-0.01
600370,*ST三房,1.58,1.58,0.0,1.5,1.49,1.58,1.47,63650896.0,99009587.0,5.333,0.08
600371,万向德农,6.89,6.89,6.9,7.0,7.03,7.03,6.78,5150296.0,35342751.0,-1.571,-0.11
600372,中航机载,11.08,11.07,11.08,11.12,11.12,11.16,11.03,28266347.0,313792558.0,-0.36,-0.04
600373,中文传媒,7.5,7.5,7.51,7.64,7.61,7.64,7.46,8346977.0,62808164.0,-1.832,-0.14
600375,汉马科技,4.23,4.22,4.23,4.33,4.34,4.45,4.17,64285525.0,272811912.0,-2.309,-0.1
600376,首开股份,3.52,3.52,3.53,3.53,3.57,3.57,3.44,50415395.0,175824028.0,-0.283,-0.01
600377,宁沪高速,12.05,12.05,12.06,12.12,12.08,12.12,11.95,11460400.0,137790763.0,-0.578,-0.07
600378,昊华科技,58.0,58.0,58.01,56.27,57.21,61.58,57.0,108829027.0,6460086226.0,3.074,1.73
600379,宝光股份,12.54,12.54,12.55,12.25,12.34,12.79,12.22,15460940.0,193577693.0,2.367,0.29
600380,健康元,9.91,9.9,9.91,10.11,10.15,10.15,9.87,9646916.0,95913936.0,-1.978,-0.2
600381,*ST春天,5.05,5.05,5.06,5.24,5.24,5.28,4.98,7850293.0,39679035.0,-3.626,-0.19
600382,广东明珠,8.35,8.35,8.36,8.22,8.23,8.95,8.09,48426051.0,411652463.0,1.582,0.13
600383,金地集团,2.46,2.45,2.46,2.52,2.51,2.52,2.44,48790229.0,120487259.0,-2.381,-0.06
600386,北巴传媒,3.45,3.43,3.45,3.48,3.48,3.48,3.35,9974256.0,33887421.0,-0.862,-0.03
600388,龙净环保,16.52,16.52,16.53,17.57,17.5,17.51,16.4,27458600.0,461591322.0,-5.976,-1.05
600389,江山股份,23.33,23.33,23.34,23.77,23.16,23.74,23.16,6285570.0,147213746.0,-1.851,-0.44
600390,五矿资本,4.81,4.81,4.82,4.85,4.84,4.85,4.76,30157112.0,145266531.0,-0.825,-0.04
600391,航发科技,34.6,34.6,34.61,35.41,35.25,35.59,34.39,13832118.0,481792488.0,-2.287,-0.81
600392,盛和资源,29.03,29.03,0.0,26.39,26.4,29.03,26.24,197487605.0,5628040087.0,10.004,2.64
600395,盘江股份,5.25,5.25,5.26,5.38,5.33,5.37,5.22,33072050.0,174789728.0,-2.416,-0.13
600396,华电辽能,18.55,18.55,18.56,17.83,17.83,18.95,17.34,227843098.0,4159766473.0,4.038,0.72
600397,江钨装备,16.69,16.69,0.0,15.17,15.01,16.69,14.94,66571067.0,1082842606.0,10.02,1.52
600398,海澜之家,5.79,5.79,5.8,5.9,5.9,5.9,5.77,23661800.0,137229812.0,-1.864,-0.11
600399,抚顺特钢,4.37,4.36,4.37,4.45,4.47,4.48,4.33,36727918.0,160403402.0,-1.798,-0.08
600400,红豆股份,2.72,2.71,2.72,2.64,2.64,2.72,2.56,41607648.0,109766068.0,3.03,0.08
600403,大有能源,6.62,6.62,6.63,6.53,6.29,6.85,6.14,172251844.0,1113004041.0,1.378,0.09
600405,动力源,4.22,4.21,4.22,4.29,4.23,4.28,4.13,11548966.0,48381568.0,-1.632,-0.07
600406,国电南瑞,23.54,23.53,23.54,23.46,23.5,23.67,23.28,60651577.0,1426824275.0,0.341,0.08
600408,安泰集团,2.79,2.78,2.79,2.83,2.81,2.81,2.71,60649202.0,167179918.0,-1.413,-0.04
600409,三友化工,6.55,6.54,6.55,6.53,6.5,6.78,6.41,47300000.0,312238093.0,0.306,0.02
600410,华胜天成,18.03,18.03,18.04,17.87,17.75,18.15,17.44,57784004.0,1033009251.0,0.895,0.16
600415,小商品城,11.78,11.77,11.78,11.37,11.38,11.82,11.25,89690203.0,1042000808.0,3.606,0.41
600416,湘电股份,10.77,10.77,10.78,9.99,10.01,10.99,9.89,60012210.0,636294101.0,7.808,0.78
600418,江淮汽车,33.09,33.08,33.09,32.23,32.18,33.35,31.95,64044067.0,2099635791.0,2.668,0.86
600419,天润乳业,8.0,7.98,8.0,8.07,8.05,8.06,7.88,3937800.0,31341208.0,-0.867,-0.07
600420,国药现代,8.48,8.48,8.49,8.56,8.56,8.56,8.4,6862800.0,58039197.0,-0.935,-0.08
600421,退市华嵘,0.27,0.26,0.27,0.27,0.27,0.28,0.26,4950051.0,1334342.0,0.0,0.0
600422,昆药集团,8.38,8.38,8.39,8.53,8.52,8.52,8.36,4451300.0,37412781.0,-1.758,-0.15
600423,*ST柳化,2.49,2.48,2.49,2.48,2.48,2.49,2.41,7264000.0,17827033.0,0.403,0.01
600425,青松建化,3.55,3.54,3.55,3.54,3.55,3.58,3.52,9056100.0,32144130.0,0.282,0.01
600426,华鲁恒升,27.01,27.0,27.01,28.31,28.21,28.21,27.0,36847821.0,1011605969.0,-4.592,-1.3
600428,中远海特,7.93,7.93,7.94,8.19,8.12,8.19,7.9,33041140.0,264366815.0,-3.175,-0.26
600429,三元股份,4.45,4.44,4.45,4.51,4.5,4.58,4.38,22329101.0,99579743.0,-1.33,-0.06
600433,冠豪高新,3.52,3.51,3.52,3.51,3.52,3.54,3.42,37209877.0,129509029.0,0.285,0.01
600435,北方导航,12.12,12.12,12.13,12.32,12.33,12.36,12.02,25991985.0,315232746.0,-1.623,-0.2
600436,片仔癀,116.12,116.12,116.13,118.57,118.84,118.85,115.8,3021385.0,352142645.0,-2.066,-2.45
600438,通威股份,13.51,13.5,13.51,13.57,13.36,13.74,13.31,51814293.0,700424851.0,-0.442,-0.06
600439,瑞贝卡,2.24,2.23,2.24,2.26,2.26,2.26,2.19,26252729.0,58131772.0,-0.885,-0.02
600444,国机通用,14.34,14.34,14.39,14.25,14.28,14.47,14.02,1775600.0,25275522.0,0.632,0.09
600446,金证股份,11.75,11.75,11.76,11.75,11.66,11.9,11.55,14431227.0,169261696.0,0.0,0.0
600448,华纺股份,2.81,2.8,2.81,2.83,2.85,2.86,2.72,20474268.0,56775864.0,-0.707,-0.02
600449,宁夏建材,13.05,13.05,13.06,12.95,12.95,13.54,12.87,6947094.0,91819068.0,0.772,0.1
600452,涪陵电力,10.51,10.51,10.52,10.69,10.7,10.76,10.5,28059666.0,296966867.0,-1.684,-0.18
600455,博通股份,23.88,23.87,23.88,23.72,24.02,24.1,22.99,2145109.0,50542476.0,0.675,0.16
600456,宝钛股份,30.49,30.48,30.49,30.54,30.54,31.09,30.1,10393292.0,318227185.0,-0.164,-0.05
600458,时代新材,17.49,17.49,0.0,15.9,16.0,17.49,15.81,98981780.0,1694070388.0,10.0,1.59
600459,贵研铂业,27.68,27.67,27.68,25.99,25.8,28.05,25.18,99006070.0,2641832832.0,6.503,1.69
600460,士兰微,38.28,38.27,38.28,35.37,37.0,38.91,36.9,178901629.0,6907620856.0,8.227,2.91
600461,洪城环境,9.21,9.21,9.22,9.41,9.36,9.4,9.21,13773883.0,127768340.0,-2.125,-0.2
600463,空港股份,8.88,8.88,8.89,8.81,8.82,8.9,8.62,3123600.0,27362370.0,0.795,0.07
600467,好当家,2.19,2.19,2.2,2.19,2.18,2.19,2.15,17841620.0,38768865.0,0.0,0.0
600468,百利电气,6.04,6.03,6.04,5.86,5.85,6.1,5.82,27250749.0,163640999.0,3.072,0.18
600469,风神股份,5.76,5.74,5.76,5.83,5.78,5.81,5.61,7822401.0,44757635.0,-1.201,-0.07
600470,六国化工,5.89,5.89,5.9,5.84,5.83,6.02,5.67,41895415.0,246469012.0,0.856,0.05
600475,华光环能,16.17,16.16,16.17,15.22,15.28,16.45,15.02,17712511.0,282103317.0,6.242,0.95
600476,*ST湘邮,10.4,10.4,10.41,10.18,10.18,10.6,9.85,2416285.0,24584964.0,2.161,0.22
600477,XD杭萧钢,2.61,2.61,2.62,2.6,2.61,2.63,2.59,22554538.0,58944420.0,0.385,0.01
600478,科力远,6.06,6.06,6.07,5.63,5.8,6.07,5.63,73910205.0,430759447.0,7.638,0.43
600479,千金药业,9.7,9.69,9.7,9.84,9.83,9.83,9.66,5042781.0,48878494.0,-1.423,-0.14
600480,凌云股份,10.1,10.1,10.11,9.9,9.96,10.12,9.87,18865757.0,189223728.0,2.02,0.2
600481,双良节能,5.0,4.99,5.0,4.94,4.89,5.05,4.74,95608551.0,470239457.0,1.215,0.06
600482,中国动力,31.39,31.39,31.4,31.85,31.75,32.35,31.25,32016208.0,1014572173.0,-1.444,-0.46
600483,福能股份,11.65,11.65,11.66,11.6,11.62,11.83,11.46,40087602.0,465871303.0,0.431,0.05
600486,扬农化工,55.65,55.65,55.66,57.21,56.92,57.04,55.51,5271269.0,295469270.0,-2.727,-1.56
600487,亨通光电,107.5,107.5,107.51,99.28,98.21,108.66,98.18,225899315.0,23769931050.0,8.28,8.22
600488,津药药业,4.77,4.76,4.77,4.85,4.8,4.8,4.66,51452385.0,244137452.0,-1.649,-0.08
600489,中金黄金,22.52,22.52,22.53,22.58,22.5,22.85,22.17,63340500.0,1428110116.0,-0.266,-0.06
600490,鹏欣资源,7.56,7.55,7.56,7.55,7.55,7.66,7.4,45175238.0,340673012.0,0.132,0.01
600491,ST龙元,1.32,1.31,1.32,1.3,1.29,1.33,1.26,33248603.0,42945572.0,1.538,0.02
600493,凤竹纺织,5.95,5.95,5.96,5.98,6.03,6.03,5.81,5515800.0,32629391.0,-0.502,-0.03
600495,晋西车轴,3.78,3.77,3.78,3.82,3.8,3.82,3.75,7401540.0,27957204.0,-1.047,-0.04
600496,精工钢构,3.48,3.48,3.49,3.61,3.6,3.61,3.47,34746906.0,122477857.0,-3.601,-0.13
600497,驰宏锌锗,10.07,10.07,10.08,10.12,9.95,10.31,9.88,278301900.0,2818068528.0,-0.494,-0.05
600498,烽火通信,74.0,74.0,74.01,67.83,68.42,74.46,67.0,161530075.0,11432631693.0,9.096,6.17
600499,科达制造,15.86,15.86,15.87,15.89,15.81,16.19,15.53,24627284.0,391184140.0,-0.189,-0.03
600500,中化国际,9.06,9.06,0.0,8.24,9.0,9.06,9.0,103109783.0,933357780.0,9.951,0.82
600501,航天晨光,17.76,17.76,17.77,17.89,18.19,18.19,17.72,5346285.0,95395171.0,-0.727,-0.13
600502,安徽建工,4.75,4.75,4.76,4.76,4.73,4.8,4.68,28396706.0,134709166.0,-0.21,-0.01
600503,华丽家族,2.36,2.35,2.36,2.41,2.41,2.42,2.3,41543100.0,97474139.0,-2.075,-0.05
600505,西昌电力,14.5,14.49,14.5,14.39,14.24,14.76,13.88,30267157.0,431791106.0,0.764,0.11
600506,统一股份,16.13,16.11,16.13,16.33,16.2,16.4,16.0,4632357.0,74740825.0,-1.225,-0.2
600507,方大特钢,4.18,4.17,4.18,4.29,4.28,4.29,4.16,32656970.0,137266562.0,-2.564,-0.11
600508,上海能源,12.69,12.68,12.69,12.86,12.82,12.82,12.46,10726008.0,135493502.0,-1.322,-0.17
600509,天富能源,8.71,8.7,8.71,8.33,8.35,8.96,8.27,59486791.0,517085078.0,4.562,0.38
600510,黑牡丹,8.05,8.05,8.06,7.94,7.9,8.12,7.82,9891100.0,78754101.0,1.385,0.11
600511,国药股份,27.9,27.87,27.9,28.0,27.95,28.02,27.63,3713500.0,103368738.0,-0.357,-0.1
600512,腾达建设,2.06,2.05,2.06,2.08,2.08,2.08,2.03,16066413.0,32970396.0,-0.962,-0.02
600513,联环药业,16.2,16.2,16.21,16.03,16.04,16.47,15.79,8238400.0,132398406.0,1.061,0.17
600515,海南机场,3.0,2.99,3.0,2.99,2.99,3.02,2.94,94031207.0,279783893.0,0.334,0.01
600516,方大炭素,6.03,6.03,6.04,6.0,5.93,6.11,5.85,151545820.0,909273762.0,0.5,0.03
600517,国网英大,5.03,5.03,5.04,5.02,5.01,5.06,4.93,23048875.0,115613070.0,0.199,0.01
600518,康美药业,1.36,1.36,1.37,1.39,1.38,1.39,1.33,261177264.0,353715474.0,-2.158,-0.03
600519,贵州茅台,1255.67,1255.64,1255.67,1271.1,1267.01,1267.88,1255.0,3496974.0,4399957625.0,-1.214,-15.43
600520,三佳科技,30.24,30.23,30.24,29.58,29.58,30.45,29.22,14094281.0,423810253.0,2.231,0.66
600521,华海药业,14.36,14.36,14.37,14.64,14.64,14.64,14.35,10801982.0,155630767.0,-1.913,-0.28
600522,中天科技,54.15,54.15,54.16,51.35,51.4,55.16,51.0,317582170.0,17060543680.0,5.453,2.8
600523,贵航股份,11.31,11.29,11.31,11.5,11.5,11.56,11.25,4221700.0,48022829.0,-1.652,-0.19
600525,ST长园,5.13,5.12,5.13,5.12,5.23,5.36,5.1,14265400.0,74320966.0,0.195,0.01
600526,菲达环保,4.49,4.49,4.5,4.52,4.52,4.53,4.47,7338403.0,33000493.0,-0.664,-0.03
600527,江南高纤,2.38,2.38,2.39,2.37,2.38,2.39,2.3,56799960.0,133326273.0,0.422,0.01
600528,中铁工业,7.09,7.09,7.1,7.21,7.14,7.16,7.06,10892014.0,77427993.0,-1.664,-0.12
600529,山东药玻,18.9,18.9,18.91,18.28,18.16,19.0,18.0,14002587.0,259914496.0,3.392,0.62
600530,交大昂立,5.95,5.94,5.95,6.19,6.13,6.17,5.89,15237850.0,90958566.0,-3.877,-0.24
600531,豫光金铅,13.66,13.66,13.67,13.72,13.43,13.8,13.28,81801393.0,1111166062.0,-0.437,-0.06
600533,栖霞建设,2.13,2.12,2.13,2.16,2.17,2.18,2.1,14879900.0,31603676.0,-1.389,-0.03
600535,天士力,14.21,14.21,14.22,14.53,14.55,14.57,14.19,7621471.0,108870800.0,-2.202,-0.32
600536,中国软件,28.68,28.68,28.69,30.19,30.0,30.0,28.43,33825003.0,979397648.0,-5.002,-1.51
600537,*ST亿晶,2.85,2.85,0.0,2.71,2.85,2.85,2.85,9997820.0,28493787.0,5.166,0.14
600538,国发股份,5.93,5.92,5.93,5.85,5.83,6.01,5.73,14540002.0,85366319.0,1.368,0.08
600539,狮头股份,16.06,16.05,16.06,16.3,16.31,16.58,15.89,14934400.0,241458644.0,-1.472,-0.24
600540,新赛股份,4.3,4.29,4.3,4.34,4.31,4.35,4.21,21722529.0,92689462.0,-0.922,-0.04
600543,*ST莫高,4.2,4.19,4.2,4.19,4.22,4.26,4.08,2755540.0,11473952.0,0.239,0.01
600545,卓郎智能,6.58,6.58,0.0,5.98,6.13,6.58,6.1,139225918.0,893245284.0,10.033,0.6
600546,山煤国际,12.72,12.72,12.73,12.71,12.65,12.82,12.45,27562601.0,349795186.0,0.079,0.01
600547,山东黄金,28.25,28.25,28.26,28.66,28.48,28.73,28.16,53347522.0,1517200903.0,-1.431,-0.41
600548,深高速,8.6,8.6,8.61,8.67,8.68,8.7,8.58,2310200.0,19920520.0,-0.807,-0.07
600549,厦门钨业,78.41,78.41,0.0,71.28,74.0,78.41,73.81,62365425.0,4820086051.0,10.003,7.13
600550,保变电气,13.46,13.45,13.46,12.64,12.63,13.64,12.51,82200245.0,1081940832.0,6.487,0.82
600551,时代出版,7.37,7.33,7.37,7.4,7.36,7.43,7.28,2872080.0,21081461.0,-0.405,-0.03
600552,凯盛科技,21.94,21.93,21.94,20.48,20.49,22.08,20.26,106270129.0,2286156607.0,7.129,1.46
600556,天下秀,4.99,4.98,4.99,4.94,5.0,5.07,4.92,42181448.0,210423794.0,1.012,0.05
600557,康缘药业,12.07,12.07,12.08,12.14,12.15,12.15,11.92,3561800.0,42812894.0,-0.577,-0.07
600558,大西洋,5.53,5.52,5.53,5.5,5.49,5.59,5.43,12421000.0,68536963.0,0.545,0.03
600559,老白干酒,12.25,12.25,12.26,12.56,12.51,12.56,12.25,9867450.0,122200446.0,-2.468,-0.31
600560,金自天正,12.12,12.11,12.13,11.98,12.04,12.21,11.7,3798625.0,45518884.0,1.169,0.14
600561,江西长运,5.52,5.51,5.52,5.5,5.5,5.57,5.28,6119700.0,33145944.0,0.364,0.02
600562,国睿科技,21.88,21.87,21.88,21.9,21.85,22.23,21.62,7314200.0,160414315.0,-0.091,-0.02
600563,法拉电子,168.29,168.29,168.3,157.3,161.0,173.0,159.51,12836496.0,2147745164.0,6.987,10.99
600566,济川药业,26.58,26.55,26.58,26.96,26.71,26.96,26.1,5733659.0,151584733.0,-1.409,-0.38
600567,山鹰国际,1.39,1.39,1.4,1.41,1.41,1.42,1.38,143154400.0,199379738.0,-1.418,-0.02
600568,ST中珠,2.51,2.51,2.52,2.51,2.52,2.55,2.4,13168028.0,32791375.0,0.0,0.0
600569,安阳钢铁,1.81,1.81,1.82,1.84,1.83,1.83,1.8,12433500.0,22547398.0,-1.63,-0.03
600570,恒生电子,22.58,22.57,22.58,22.64,22.5,22.82,22.35,26668000.0,602175237.0,-0.265,-0.06
600571,信雅达,10.69,10.68,10.69,10.77,10.73,10.73,10.56,6379750.0,67899213.0,-0.743,-0.08
600572,康恩贝,4.12,4.11,4.12,4.15,4.15,4.15,4.1,23328697.0,96016444.0,-0.723,-0.03
600573,惠泉啤酒,12.27,12.26,12.27,12.3,12.15,12.27,11.78,23866411.0,285835766.0,-0.244,-0.03
600575,淮河能源,3.78,3.77,3.78,3.88,3.86,3.86,3.69,67786130.0,255845529.0,-2.577,-0.1
600576,祥源文旅,5.99,5.98,5.99,6.55,6.55,6.55,5.92,41267920.0,255564969.0,-8.55,-0.56
600577,精达股份,11.8,11.79,11.8,11.84,11.85,11.9,11.61,53731335.0,631204191.0,-0.338,-0.04
600578,京能电力,8.16,8.16,8.17,8.24,8.33,8.78,8.14,292001324.0,2458608507.0,-0.971,-0.08
600579,中化装备,6.82,6.82,6.83,6.69,6.6,7.0,6.6,15205784.0,103899980.0,1.943,0.13
600580,卧龙电驱,35.35,35.34,35.35,35.57,35.58,35.9,35.11,35641249.0,1265369591.0,-0.618,-0.22
600581,*ST八钢,2.56,2.55,2.56,2.54,2.54,2.56,2.53,7788300.0,19827113.0,0.787,0.02
600582,天地科技,5.11,5.1,5.11,5.23,5.24,5.24,5.1,29806504.0,153340122.0,-2.294,-0.12
600583,海油工程,5.4,5.4,5.41,5.54,5.52,5.54,5.37,33345072.0,180724686.0,-2.527,-0.14
600584,长电科技,76.93,76.93,76.94,74.32,75.06,78.38,74.96,191709382.0,14701154142.0,3.512,2.61
600585,海螺水泥,18.23,18.23,18.24,18.44,18.49,18.54,18.22,30313162.0,555954045.0,-1.139,-0.21
600586,金晶科技,4.88,4.88,4.89,4.74,4.72,4.94,4.66,44972348.0,217797953.0,2.954,0.14
600587,新华医疗,12.44,12.44,12.45,12.71,12.71,12.72,12.35,5875687.0,73125709.0,-2.124,-0.27
600588,用友网络,9.95,9.95,9.96,10.14,10.08,10.11,9.88,44067794.0,438547201.0,-1.874,-0.19
600589,大位科技,10.02,10.02,10.03,10.08,10.08,10.13,9.9,77797969.0,777750557.0,-0.595,-0.06
600590,泰豪科技,11.9,11.89,11.9,11.91,11.92,12.0,11.67,27597600.0,327005814.0,-0.084,-0.01
600592,龙溪股份,16.05,16.05,16.06,15.67,15.67,16.13,15.02,15629680.0,245166520.0,2.425,0.38
600593,大连圣亚,39.89,39.89,39.9,40.18,39.89,40.82,39.57,6412100.0,256792068.0,-0.722,-0.29
600594,益佰制药,3.24,3.23,3.24,3.29,3.29,3.29,3.19,13848934.0,44658403.0,-1.52,-0.05
600595,中孚实业,6.35,6.35,6.36,6.72,6.62,6.65,6.34,108130352.0,698669778.0,-5.506,-0.37
600596,新安股份,15.91,15.91,15.92,15.14,15.28,16.36,15.14,125366763.0,1977089723.0,5.086,0.77
600597,光明乳业,6.66,6.66,6.67,6.8,6.79,6.79,6.64,6941200.0,46397264.0,-2.059,-0.14
600598,北大荒,14.02,14.01,14.02,14.22,14.18,14.19,13.95,14172100.0,198676904.0,-1.406,-0.2
600599,退市熊猫,0.4,0.4,0.41,0.41,0.4,0.41,0.39,2978901.0,1192695.0,-2.439,-0.01
600600,青岛啤酒,57.8,57.8,57.81,59.5,59.3,59.41,57.76,9883594.0,575037599.0,-2.857,-1.7
600601,方正科技,14.1,14.1,14.11,13.45,13.45,14.42,13.28,335806680.0,4675004377.0,4.833,0.65
600602,云赛智联,17.86,17.85,17.86,17.67,17.65,17.94,17.35,20516039.0,363116333.0,1.075,0.19
600603,广汇物流,4.54,4.54,4.55,4.66,4.69,4.69,4.53,11202868.0,51407026.0,-2.575,-0.12
600604,市北高新,4.25,4.25,4.26,4.28,4.32,4.33,4.22,7332200.0,31182145.0,-0.701,-0.03
600605,汇通能源,32.78,32.76,32.78,30.8,31.02,32.78,30.59,7388860.0,236171121.0,6.429,1.98
600606,绿地控股,1.36,1.35,1.36,1.37,1.37,1.38,1.33,116539181.0,156753007.0,-0.73,-0.01
600608,退市沪科,0.18,0.18,0.19,0.18,0.18,0.19,0.17,15080609.0,2711166.0,0.0,0.0
600609,金杯汽车,3.41,3.4,3.41,3.44,3.42,3.45,3.36,13658200.0,46379205.0,-0.872,-0.03
600610,中毅达,7.77,7.76,7.77,7.96,7.97,7.98,7.67,20117499.0,155994637.0,-2.387,-0.19
600611,大众交通,4.36,4.35,4.36,4.27,4.34,4.56,4.34,69072424.0,304416387.0,2.108,0.09
600612,老凤祥,35.3,35.3,35.31,35.74,35.89,35.89,35.1,1028700.0,36270629.0,-1.231,-0.44
600613,神奇制药,4.9,4.9,4.91,4.92,4.93,4.94,4.8,5156693.0,25050754.0,-0.407,-0.02
600615,鑫源智造,10.04,10.04,0.0,9.13,9.17,10.04,8.9,8687533.0,83807240.0,9.967,0.91
600616,金枫酒业,4.25,4.24,4.25,4.29,4.29,4.29,4.18,5071236.0,21386961.0,-0.932,-0.04
600617,国新能源,3.03,3.03,3.04,3.09,3.09,3.1,3.0,29541560.0,89608505.0,-1.942,-0.06
600618,氯碱化工,10.94,10.93,10.94,10.91,10.86,11.11,10.76,12521418.0,137093774.0,0.275,0.03
600619,海立股份,15.14,15.14,15.15,15.15,15.21,15.37,15.05,20131472.0,305939866.0,-0.066,-0.01
600620,天宸股份,4.36,4.36,4.37,4.39,4.38,4.4,4.28,6395883.0,27802047.0,-0.683,-0.03
600621,华鑫股份,12.95,12.95,12.96,12.8,12.72,13.02,12.63,12406522.0,159956396.0,1.172,0.15
600622,光大嘉宝,2.22,2.22,2.23,2.26,2.26,2.26,2.21,20165742.0,44838689.0,-1.77,-0.04
600623,华谊集团,8.61,8.61,8.62,8.73,8.68,8.79,8.58,13125500.0,113712722.0,-1.375,-0.12
600624,ST复华,3.91,3.9,3.91,3.96,3.97,3.97,3.85,4885000.0,18994073.0,-1.263,-0.05
600626,申达股份,3.44,3.44,3.45,3.51,3.55,3.56,3.4,10745301.0,36992515.0,-1.994,-0.07
600628,新世界,6.11,6.11,6.12,6.13,6.1,6.13,6.02,4765600.0,28913298.0,-0.326,-0.02
600629,华建集团,17.29,17.29,17.3,16.47,16.5,17.98,16.5,42741810.0,736346376.0,4.979,0.82
600630,龙头股份,9.07,9.07,9.08,9.06,8.97,9.25,8.91,28193865.0,257724093.0,0.11,0.01
600633,浙数文化,10.95,10.94,10.95,10.94,10.97,11.01,10.76,17408902.0,189521907.0,0.091,0.01
600635,大众公用,4.78,4.78,4.79,4.84,4.83,4.84,4.76,28364341.0,135812101.0,-1.24,-0.06
600636,退市国化,1.81,1.8,1.81,1.8,1.85,1.91,1.78,15287883.0,28054246.0,0.556,0.01
600637,东方明珠,8.81,8.8,8.81,8.64,8.65,8.84,8.5,52465103.0,455893161.0,1.968,0.17
600638,新黄浦,5.13,5.13,5.14,5.3,5.29,5.3,5.1,8167112.0,42069791.0,-3.208,-0.17
600639,浦东金桥,9.62,9.61,9.62,9.77,9.74,9.77,9.55,2716900.0,26119287.0,-1.535,-0.15
600640,国脉文化,10.73,10.73,10.74,10.69,10.67,10.77,10.46,5643691.0,60011925.0,0.374,0.04
600641,先导基电,32.94,32.93,32.94,31.05,30.65,33.02,30.65,82338142.0,2624834386.0,6.087,1.89
600642,申能股份,9.72,9.71,9.72,9.73,9.72,9.9,9.65,24547739.0,240497351.0,-0.103,-0.01
600643,爱建集团,4.12,4.11,4.12,4.09,4.08,4.12,4.01,11559167.0,47158477.0,0.733,0.03
600644,乐山电力,10.03,10.03,10.04,10.07,10.0,10.12,9.94,10277572.0,103066799.0,-0.397,-0.04
600645,中源协和,18.55,18.54,18.55,18.48,18.55,18.78,18.15,7922404.0,146231875.0,0.379,0.07
600648,外高桥,8.68,8.66,8.68,8.94,8.9,9.08,8.65,2614500.0,22846641.0,-2.908,-0.26
600649,城投控股,3.62,3.62,3.63,3.69,3.68,3.68,3.61,13793532.0,50074363.0,-1.897,-0.07
600650,锦江在线,10.35,10.35,10.36,10.43,10.4,10.5,10.29,2049900.0,21240107.0,-0.767,-0.08
600651,飞乐音响,6.16,6.16,6.17,6.17,6.12,6.24,6.0,19352026.0,118560585.0,-0.162,-0.01
600653,申华控股,1.66,1.65,1.66,1.67,1.66,1.67,1.64,10903500.0,18025279.0,-0.599,-0.01
600654,中安科,2.95,2.95,2.96,2.93,2.92,2.97,2.85,52676707.0,153423083.0,0.683,0.02
600655,豫园股份,4.42,4.42,4.43,4.44,4.44,4.45,4.36,11492605.0,50658553.0,-0.45,-0.02
600657,信达地产,2.68,2.68,2.69,2.71,2.71,2.72,2.63,18270500.0,48541530.0,-1.107,-0.03
600658,电子城,4.32,4.32,4.33,4.3,4.29,4.4,4.17,15791640.0,67571883.0,0.465,0.02
600660,福耀玻璃,50.65,50.65,50.67,52.41,52.22,52.29,50.35,16384345.0,838411260.0,-3.358,-1.76
600661,昂立教育,7.83,7.83,7.84,7.86,7.9,7.9,7.68,4264050.0,33157429.0,-0.382,-0.03
600662,外服控股,4.25,4.25,4.26,4.3,4.3,4.32,4.2,11524601.0,48845501.0,-1.163,-0.05
600663,XD陆家嘴,6.72,6.71,6.72,6.78,6.78,6.79,6.5,10006904.0,66346932.0,-0.885,-0.06
600664,哈药股份,3.12,3.11,3.12,3.17,3.17,3.17,3.11,28401790.0,88738649.0,-1.577,-0.05
600665,天地源,3.83,3.82,3.83,3.84,3.84,3.9,3.71,45608285.0,173069714.0,-0.26,-0.01
600666,奥瑞德,4.59,4.59,4.6,4.52,4.52,4.61,4.43,123093542.0,558583859.0,1.549,0.07
600667,太极实业,17.99,17.98,17.99,17.33,17.59,18.19,17.2,351864184.0,6208061613.0,3.808,0.66
600668,尖峰集团,7.43,7.43,7.44,7.54,7.55,7.58,7.37,3866914.0,28794741.0,-1.459,-0.11
600671,天目药业,16.34,16.34,16.35,16.16,16.19,16.49,15.87,2006354.0,32529882.0,1.114,0.18
600673,东阳光,32.63,32.63,32.64,33.1,33.71,34.07,32.3,71340169.0,2369475420.0,-1.42,-0.47
600674,川投能源,15.17,15.17,15.18,15.33,15.28,15.43,15.15,30244521.0,461292028.0,-1.044,-0.16
600675,中华企业,2.34,2.34,2.35,2.4,2.39,2.4,2.33,26329723.0,61748274.0,-2.5,-0.06
600676,交运股份,6.39,6.39,6.4,6.59,6.6,6.61,6.33,11115626.0,71400818.0,-3.035,-0.2
600678,ST金顶,6.62,6.62,0.0,6.3,6.62,6.62,6.62,3796879.0,25135339.0,5.079,0.32
600679,上海凤凰,9.34,9.34,9.35,9.44,9.44,9.44,9.25,2746300.0,25568042.0,-1.059,-0.1
600681,百川能源,3.46,3.46,3.47,3.53,3.53,3.53,3.45,12904431.0,44741764.0,-1.983,-0.07
600682,南京新百,5.76,5.76,5.77,5.77,5.73,5.84,5.63,13712600.0,78922970.0,-0.173,-0.01
600683,京投发展,12.74,12.74,12.75,12.57,12.62,12.89,12.27,17644200.0,222665720.0,1.352,0.17
600684,珠江股份,3.36,3.35,3.36,3.57,3.53,3.55,3.33,32077880.0,108939758.0,-5.882,-0.21
600685,中船防务,26.83,26.82,26.83,27.03,26.93,27.14,26.67,8453687.0,226888063.0,-0.74,-0.2
600686,金龙汽车,12.99,12.98,12.99,13.72,13.5,13.69,12.95,19532322.0,258990396.0,-5.321,-0.73
600688,上海石化,2.96,2.95,2.96,3.0,2.98,2.99,2.9,109533200.0,322798610.0,-1.333,-0.04
600689,上海三毛,10.97,10.96,10.97,11.04,11.03,11.15,10.85,2116200.0,23209757.0,-0.634,-0.07
600690,海尔智家,20.72,20.71,20.72,20.97,20.91,20.94,20.56,45520862.0,942132416.0,-1.192,-0.25
600691,潞化科技,2.6,2.6,2.61,2.6,2.59,2.63,2.56,27018281.0,69914365.0,0.0,0.0
600692,亚通股份,6.28,6.28,6.29,6.38,6.42,6.42,6.15,4710909.0,29454695.0,-1.567,-0.1
600693,东百集团,8.99,8.98,8.99,8.86,8.75,9.05,8.6,48581000.0,430197948.0,1.467,0.13
600694,大商股份,14.6,14.59,14.6,14.79,14.77,14.77,14.48,2872635.0,41961167.0,-1.285,-0.19
600696,退市岩石,0.73,0.72,0.73,0.66,0.66,0.73,0.66,2018441.0,1438395.0,10.606,0.07
600697,欧亚集团,10.67,10.67,10.7,10.76,10.78,10.8,10.5,3802600.0,40442490.0,-0.836,-0.09
600698,湖南天雁,6.64,6.63,6.64,6.82,6.78,6.8,6.55,17088178.0,113198935.0,-2.639,-0.18
600699,均胜电子,24.88,24.88,24.89,24.65,24.61,25.28,24.44,32811781.0,817667687.0,0.933,0.23
600702,舍得酒业,38.26,38.26,38.28,38.75,38.79,38.8,38.0,4337410.0,165682976.0,-1.265,-0.49
600703,三安光电,16.84,16.83,16.84,15.31,15.7,16.84,15.56,466885419.0,7741140763.0,9.993,1.53
600704,物产中大,4.77,4.76,4.77,4.86,4.84,4.85,4.73,45471451.0,217121057.0,-1.852,-0.09
600706,曲江文旅,7.49,7.49,7.5,7.58,7.54,7.55,7.33,6318921.0,46885304.0,-1.187,-0.09
600707,彩虹股份,11.51,11.5,11.51,10.47,10.5,11.52,10.5,251950167.0,2835951642.0,9.933,1.04
600708,光明地产,2.94,2.93,2.94,2.93,2.93,2.97,2.84,23860921.0,69414170.0,0.341,0.01
600710,苏美达,11.09,11.08,11.09,11.25,11.24,11.24,11.06,11294932.0,125909207.0,-1.422,-0.16
600711,盛屯矿业,13.25,13.25,13.26,13.47,13.44,13.63,13.18,144130820.0,1932248904.0,-1.633,-0.22
600712,南宁百货,5.24,5.24,5.25,5.25,5.22,5.28,5.09,7414648.0,38480767.0,-0.19,-0.01
600713,南京医药,5.03,5.02,5.03,5.06,5.05,5.06,4.96,6306600.0,31553515.0,-0.593,-0.03
600714,金瑞矿业,27.78,27.78,27.79,28.33,28.05,29.09,27.5,16573501.0,467749649.0,-1.941,-0.55
600715,文投控股,1.71,1.7,1.71,1.72,1.71,1.72,1.68,15726100.0,26636737.0,-0.581,-0.01
600716,凤凰股份,3.75,3.74,3.75,3.67,3.69,3.76,3.58,9774045.0,35935797.0,2.18,0.08
600717,天津港,4.31,0.0,0.0,4.31,0.0,0.0,0.0,0.0,0.0,0.0,0.0
600718,东软集团,7.96,7.96,7.97,7.92,7.9,7.98,7.77,10792628.0,85056746.0,0.505,0.04
600719,大连热电,8.71,8.71,8.72,8.74,8.74,8.8,8.42,22517900.0,195155970.0,-0.343,-0.03
600720,中交设计,5.47,5.46,5.47,5.63,5.6,5.62,5.4,14288997.0,78455981.0,-2.842,-0.16
600721,百花医药,7.36,7.36,7.37,7.66,7.61,7.62,7.34,17107496.0,126799030.0,-3.916,-0.3
600722,金牛化工,9.31,9.31,9.32,9.57,9.52,9.56,9.04,70730523.0,655048560.0,-2.717,-0.26
600724,宁波富达,6.57,6.57,6.58,6.57,6.57,6.59,6.45,5363500.0,34954435.0,0.0,0.0
600725,云维股份,3.62,3.61,3.62,3.67,3.65,3.7,3.57,16398994.0,59538044.0,-1.362,-0.05
600726,华电能源,8.62,8.62,8.63,8.56,8.57,8.8,8.33,228730000.0,1963694017.0,0.701,0.06
600727,鲁北化工,7.65,7.64,7.65,7.85,7.85,7.86,7.63,23294149.0,179256697.0,-2.548,-0.2
600728,佳都科技,4.64,4.64,4.65,4.63,4.62,4.66,4.53,29149964.0,134067014.0,0.216,0.01
600729,重百集团,20.66,20.66,20.67,20.56,20.56,20.75,20.26,4587049.0,94551264.0,0.486,0.1
600730,*ST高科,12.21,0.0,12.21,12.85,12.51,12.67,12.21,18822320.0,230696894.0,-4.981,-0.64
600731,湖南海利,5.51,5.51,5.52,5.6,5.58,5.6,5.5,6977440.0,38646186.0,-1.607,-0.09
600732,爱旭股份,13.01,13.0,13.01,12.74,12.75,13.3,12.5,47918675.0,620572761.0,2.119,0.27
600733,北汽蓝谷,6.06,6.05,6.06,5.96,5.96,6.08,5.91,60970487.0,366150557.0,1.678,0.1
600734,*ST实达,1.95,1.94,1.95,1.94,1.93,1.96,1.88,52069546.0,99617146.0,0.515,0.01
600735,ST新华锦,6.54,6.54,6.55,6.54,6.58,6.64,6.49,4808900.0,31591810.0,0.0,0.0
600736,苏州高新,7.65,7.65,7.66,7.74,7.72,7.85,7.61,51581365.0,398487147.0,-1.163,-0.09
600737,中粮糖业,13.24,13.24,13.25,13.81,13.6,13.74,13.22,26448555.0,354293261.0,-4.127,-0.57
600738,丽尚国潮,4.02,4.01,4.02,4.07,4.05,4.06,3.97,7914600.0,31705049.0,-1.229,-0.05
600739,辽宁成大,10.38,10.37,10.38,10.42,10.38,10.45,10.22,14654652.0,151704200.0,-0.384,-0.04
600740,山西焦化,3.68,3.68,3.69,3.79,3.75,3.77,3.64,38807810.0,143122351.0,-2.902,-0.11
600741,华域汽车,16.49,16.49,16.5,17.03,17.05,17.17,16.48,23421889.0,393515576.0,-3.171,-0.54
600742,富维股份,7.99,7.98,7.99,7.95,7.95,8.01,7.83,6477075.0,51498160.0,0.503,0.04
600743,华远控股,2.11,2.1,2.11,2.17,2.15,2.17,2.09,54617952.0,115238674.0,-2.765,-0.06
600744,华银电力,7.47,7.47,7.48,7.49,7.49,7.6,7.35,85214646.0,639430967.0,-0.267,-0.02
600745,*ST闻泰,18.69,18.69,18.7,18.23,18.74,19.09,18.1,53822224.0,1004346681.0,2.523,0.46
600746,江苏索普,6.21,6.2,6.21,6.25,6.22,6.26,6.1,8993200.0,55463229.0,-0.64,-0.04
600748,上实发展,4.05,4.05,4.06,4.17,4.16,4.17,4.0,14433630.0,58296180.0,-2.878,-0.12
600749,西藏旅游,15.17,15.17,15.18,15.77,15.62,15.68,15.07,11661800.0,177368655.0,-3.805,-0.6
600750,华润江中,24.23,24.23,24.24,24.7,24.46,24.73,24.1,4432420.0,107928052.0,-1.903,-0.47
600751,海航科技,3.19,3.19,3.2,3.25,3.31,3.32,3.16,51533866.0,165961529.0,-1.846,-0.06
600753,ST海钦,11.5,11.5,0.0,10.95,11.5,11.5,11.5,122400.0,1407600.0,5.023,0.55
600754,锦江酒店,20.04,20.04,20.05,20.2,20.16,20.17,19.83,8925200.0,178466826.0,-0.792,-0.16
600755,厦门国贸,5.67,5.66,5.67,5.71,5.76,5.76,5.63,13220500.0,74996698.0,-0.701,-0.04
600756,浪潮软件,13.48,13.47,13.48,13.47,13.48,13.53,13.26,4604530.0,61830184.0,0.074,0.01
600757,长江传媒,8.05,8.04,8.05,8.12,8.09,8.13,8.02,9519100.0,76727997.0,-0.862,-0.07
600758,辽宁能源,4.01,4.01,4.02,4.06,4.04,4.07,3.95,57312170.0,230321499.0,-1.232,-0.05
600759,ST洲际,2.4,2.4,2.41,2.45,2.45,2.47,2.36,166812840.0,401715663.0,-2.041,-0.05
600760,中航沈飞,42.48,42.48,42.49,43.28,43.18,43.53,42.44,17199670.0,738605044.0,-1.848,-0.8
600761,安徽合力,16.7,16.7,16.71,16.98,16.98,16.98,16.61,8625859.0,144179743.0,-1.649,-0.28
600763,通策医疗,34.6,34.59,34.6,34.83,34.65,35.0,34.3,4456916.0,154133265.0,-0.66,-0.23
600764,中国海防,19.43,19.43,19.47,19.56,19.56,19.57,19.22,4179000.0,81033312.0,-0.665,-0.13
600765,中航重机,13.93,13.93,13.94,14.07,14.07,14.08,13.87,14232407.0,198428839.0,-0.995,-0.14
600768,宁波富邦,15.68,15.67,15.68,15.59,15.51,15.86,15.23,4100300.0,63649157.0,0.577,0.09
600769,祥龙电业,16.72,16.71,16.72,16.38,16.35,16.83,15.8,21436900.0,351042780.0,2.076,0.34
600770,综艺股份,5.98,5.98,5.99,5.94,5.95,6.08,5.89,36312956.0,217640043.0,0.673,0.04
600771,广誉远,13.83,13.83,13.85,14.21,14.17,14.17,13.82,5087749.0,70785538.0,-2.674,-0.38
600773,西藏城投,15.55,15.55,15.56,15.34,15.15,15.77,14.94,30344821.0,468704695.0,1.369,0.21
600774,汉商集团,6.93,6.93,6.94,7.0,6.99,7.0,6.79,4680306.0,32157990.0,-1.0,-0.07
600775,南京熊猫,10.58,10.58,10.59,10.44,10.51,10.74,10.28,15469841.0,163306171.0,1.341,0.14
600776,东方通信,15.97,15.96,15.97,15.48,15.49,16.27,15.28,34313664.0,546109755.0,3.165,0.49
600777,*ST新潮,4.99,4.99,5.0,5.2,5.16,5.18,4.98,32855448.0,165382605.0,-4.038,-0.21
600778,友好集团,5.56,5.56,5.57,5.63,5.65,5.66,5.4,7829875.0,43034012.0,-1.243,-0.07
600779,水井坊,29.13,29.13,29.14,29.53,29.39,29.48,28.92,3713600.0,108257677.0,-1.355,-0.4
600780,通宝能源,6.71,6.71,6.72,6.67,6.68,6.82,6.63,19196013.0,129197037.0,0.6,0.04
600782,新钢股份,2.65,2.65,2.66,2.67,2.66,2.68,2.62,27064303.0,71616625.0,-0.749,-0.02
600783,鲁信创投,20.85,20.85,20.86,21.78,22.5,22.8,20.71,36988855.0,791489920.0,-4.27,-0.93
600784,鲁银投资,7.04,7.04,7.05,7.15,7.09,7.15,7.02,5840886.0,41180496.0,-1.538,-0.11
600785,新华百货,15.15,15.12,15.15,15.04,15.02,15.3,14.82,6579112.0,99148074.0,0.731,0.11
600787,中储股份,4.62,4.62,4.63,4.6,4.62,4.63,4.53,17655800.0,81040690.0,0.435,0.02
600789,鲁抗医药,7.1,7.1,7.11,7.21,7.18,7.19,7.07,7373245.0,52435452.0,-1.526,-0.11
600790,轻纺城,3.8,3.79,3.8,3.78,3.77,3.84,3.71,15850628.0,59691041.0,0.529,0.02
600791,京能置业,9.84,0.0,9.84,10.93,9.84,9.84,9.84,2930000.0,28831200.0,-9.973,-1.09
600792,云煤能源,4.21,4.21,4.22,4.16,4.16,4.26,4.04,32310700.0,134969384.0,1.202,0.05
600793,宜宾纸业,13.3,13.3,13.31,13.44,13.4,13.43,13.02,3083100.0,40834860.0,-1.042,-0.14
600794,保税科技,3.12,3.11,3.12,3.14,3.14,3.14,3.08,8378300.0,25990744.0,-0.637,-0.02
600795,国电电力,4.96,4.96,4.97,5.03,5.01,5.04,4.95,163047664.0,813741663.0,-1.392,-0.07
600796,钱江生化,5.05,5.04,5.05,5.11,5.12,5.12,4.99,4243300.0,21340893.0,-1.174,-0.06
600797,浙大网新,7.34,7.33,7.34,7.35,7.31,7.38,7.18,19621442.0,143206665.0,-0.136,-0.01
600798,宁波海运,3.45,3.45,3.46,3.6,3.52,3.53,3.41,59385257.0,205340256.0,-4.167,-0.15
600800,渤海化学,3.59,3.59,3.6,3.61,3.61,3.65,3.46,23864214.0,85092440.0,-0.554,-0.02
600801,XD华新建,19.06,19.06,19.08,19.11,19.15,19.32,18.76,10333769.0,197962669.0,-0.262,-0.05
600802,福建水泥,4.67,4.67,4.68,4.73,4.73,4.74,4.62,9565720.0,44748428.0,-1.268,-0.06
600803,新奥股份,16.89,16.89,16.9,17.6,17.55,17.55,16.8,17040192.0,290110097.0,-4.034,-0.71
600805,悦达投资,4.44,4.43,4.44,4.47,4.47,4.48,4.4,5787108.0,25611391.0,-0.671,-0.03
600807,济高发展,2.53,2.52,2.53,2.53,2.53,2.57,2.47,16248206.0,40653819.0,0.0,0.0
600808,马钢股份,2.78,2.78,2.79,2.8,2.78,2.83,2.73,50618717.0,140303154.0,-0.714,-0.02
600809,山西汾酒,117.35,117.35,117.37,119.28,118.72,119.69,117.2,7603857.0,897535335.0,-1.618,-1.93
600810,神马股份,6.5,6.49,6.5,6.33,6.24,6.55,6.24,27488002.0,176313047.0,2.686,0.17
600812,华北制药,4.43,4.43,4.44,4.49,4.5,4.5,4.4,9762000.0,43204980.0,-1.336,-0.06
600814,杭州解百,6.91,6.9,6.91,6.94,6.94,6.95,6.82,3745254.0,25761202.0,-0.432,-0.03
600815,厦工股份,3.03,3.02,3.03,3.06,3.07,3.08,2.99,52171800.0,158187249.0,-0.98,-0.03
600816,建元信托,2.74,2.73,2.74,2.7,2.69,2.75,2.65,64920132.0,176220042.0,1.481,0.04
600817,宇通重工,9.14,9.14,9.15,9.35,9.29,9.36,9.1,3179326.0,29162746.0,-2.246,-0.21
600818,ST中路,5.77,5.76,5.77,5.72,5.67,5.81,5.55,5021999.0,28515771.0,0.874,0.05
600819,耀皮玻璃,6.68,6.68,6.69,6.57,6.57,6.78,6.45,11304500.0,75481288.0,1.674,0.11
600820,隧道股份,5.43,5.43,5.44,5.51,5.52,5.53,5.4,17165370.0,93220502.0,-1.452,-0.08
600821,金开新能,6.85,6.84,6.85,6.74,6.69,6.98,6.67,86581082.0,593778217.0,1.632,0.11
600822,上海物贸,8.38,8.38,8.39,8.56,8.56,8.56,8.33,2318000.0,19474751.0,-2.103,-0.18
600824,益民集团,3.64,3.63,3.64,3.67,3.67,3.68,3.61,5806568.0,21088861.0,-0.817,-0.03
600825,新华传媒,4.74,4.74,4.75,4.86,4.86,4.86,4.7,10998622.0,52143023.0,-2.469,-0.12
600826,兰生股份,10.26,10.25,10.26,10.3,10.33,10.42,10.05,13060583.0,133499648.0,-0.388,-0.04
600827,百联股份,8.1,8.09,8.1,8.15,8.13,8.15,8.03,8888148.0,71799047.0,-0.613,-0.05
600828,茂业商业,4.12,4.12,4.13,4.1,4.14,4.18,4.0,52820522.0,216228884.0,0.488,0.02
600829,人民同泰,8.49,8.48,8.49,8.47,8.45,8.5,8.27,4648502.0,39018609.0,0.236,0.02
600830,香溢融通,8.67,8.66,8.67,8.87,8.83,8.84,8.56,7851911.0,67988785.0,-2.255,-0.2
600831,广电网络,3.25,3.25,3.26,3.24,3.22,3.32,3.14,15525207.0,50167870.0,0.309,0.01
600833,第一医药,9.98,9.97,9.98,9.95,9.98,10.02,9.7,2813004.0,27754058.0,0.302,0.03
600834,申通地铁,7.13,7.13,7.14,7.22,7.18,7.21,7.05,1327457.0,9444593.0,-1.247,-0.09
600835,上海机电,20.46,20.45,20.46,20.58,20.66,20.74,20.26,4872705.0,99831441.0,-0.583,-0.12
600838,上海九百,7.78,7.78,7.79,7.84,7.81,7.85,7.62,5762152.0,44611696.0,-0.765,-0.06
600839,四川长虹,7.06,7.06,7.07,6.87,6.88,7.14,6.81,104079019.0,726907447.0,2.766,0.19
600841,动力新科,6.79,6.79,6.8,6.93,6.9,6.91,6.73,12911500.0,87519331.0,-2.02,-0.14
600843,上工申贝,8.09,8.09,8.1,8.4,8.32,8.32,7.96,24250008.0,195621061.0,-3.69,-0.31
600844,金煤科技,2.77,2.76,2.77,2.8,2.82,2.82,2.74,22862800.0,63431821.0,-1.071,-0.03
600845,宝信软件,18.16,18.16,18.17,18.19,18.1,18.33,17.85,14113191.0,255597240.0,-0.165,-0.03
600846,同济科技,9.8,9.8,9.81,10.23,10.35,10.35,9.76,8180280.0,81155671.0,-4.203,-0.43
600847,万里股份,14.02,14.01,14.02,14.59,14.48,14.52,13.84,4495300.0,63132065.0,-3.907,-0.57
600848,上海临港,8.0,8.0,8.01,8.31,8.31,8.32,7.97,12264852.0,98934321.0,-3.73,-0.31
600850,电科数字,18.82,18.82,18.83,18.75,18.75,18.87,18.28,12562646.0,233519476.0,0.373,0.07
600851,海欣股份,7.61,7.6,7.61,7.55,7.55,7.84,7.45,7078101.0,54168499.0,0.795,0.06
600853,龙建股份,3.35,3.35,3.36,3.36,3.36,3.36,3.27,10518892.0,34875643.0,-0.298,-0.01
600854,春兰股份,4.42,4.41,4.42,4.45,4.46,4.48,4.35,7230300.0,31855563.0,-0.674,-0.03
600855,航天长峰,14.97,14.96,14.97,15.04,15.06,15.23,14.85,9997027.0,150475418.0,-0.465,-0.07
600857,宁波中百,15.91,15.9,15.91,16.24,16.1,16.24,15.64,11620500.0,184880148.0,-2.032,-0.33
600858,银座股份,4.85,4.84,4.85,4.93,4.92,4.92,4.78,6421500.0,30970448.0,-1.623,-0.08
600859,王府井,10.38,10.38,10.39,10.47,10.45,10.46,10.28,11885878.0,123306862.0,-0.86,-0.09
600860,京城股份,9.05,9.05,9.06,8.94,8.94,9.06,8.8,5515912.0,49486547.0,1.23,0.11
600861,北京人力,14.3,14.3,14.31,14.45,14.42,14.49,14.22,4888346.0,69991516.0,-1.038,-0.15
600862,中航高科,19.24,19.24,19.25,19.12,19.03,19.27,18.81,27874908.0,530908406.0,0.628,0.12
600863,华能蒙电,5.72,5.72,5.73,5.67,5.68,5.92,5.65,245773652.0,1415927268.0,0.882,0.05
600864,哈投股份,5.51,5.5,5.51,5.39,5.35,5.55,5.31,39607096.0,216032091.0,2.226,0.12
600865,百大集团,9.52,9.51,9.52,9.49,9.46,9.59,9.31,8461708.0,79927209.0,0.316,0.03
600866,星湖科技,4.79,4.79,4.8,4.77,4.76,4.82,4.67,17377800.0,82516223.0,0.419,0.02
600867,通化东宝,7.48,7.47,7.48,7.62,7.61,7.61,7.44,15607517.0,116795472.0,-1.837,-0.14
600868,梅雁吉祥,3.08,3.08,3.09,3.03,3.03,3.08,2.97,62644576.0,190344256.0,1.65,0.05
600869,远东股份,34.0,33.99,34.0,32.68,32.31,34.86,32.01,159826047.0,5410750858.0,4.039,1.32
600871,石化油服,2.19,2.18,2.19,2.25,2.24,2.25,2.18,123767900.0,271717250.0,-2.667,-0.06
600872,中炬高新,17.71,17.7,17.71,17.86,17.78,17.82,17.41,13110918.0,230919840.0,-0.84,-0.15
600873,梅花生物,8.59,8.59,8.6,8.87,8.87,8.87,8.56,32934438.0,284461969.0,-3.157,-0.28
600874,创业环保,5.86,5.85,5.86,5.9,5.91,5.92,5.83,7547500.0,44234819.0,-0.678,-0.04
600875,东方电气,31.07,31.07,31.08,31.25,31.26,31.54,30.75,50901729.0,1588705242.0,-0.576,-0.18
600876,凯盛新能,8.56,8.56,8.57,8.39,8.39,8.69,8.25,6160563.0,52476016.0,2.026,0.17
600877,电科芯片,13.92,13.91,13.92,13.8,13.86,14.07,13.65,20015683.0,278217518.0,0.87,0.12
600879,航天电子,20.13,20.12,20.13,19.88,20.58,21.2,20.03,171541071.0,3520583313.0,1.258,0.25
600880,博瑞传播,4.12,4.11,4.12,4.13,4.11,4.15,4.06,11099366.0,45558852.0,-0.242,-0.01
600881,亚泰集团,1.68,1.68,1.69,1.69,1.68,1.72,1.64,91520854.0,152436253.0,-0.592,-0.01
600882,妙可蓝多,18.55,18.55,18.56,19.0,18.86,18.97,18.41,6117959.0,113619922.0,-2.368,-0.45
600883,博闻科技,7.78,7.78,7.79,7.74,7.74,7.92,7.51,4288048.0,33055492.0,0.517,0.04
600884,杉杉股份,14.07,14.07,14.08,13.71,13.74,14.25,13.58,82082298.0,1148040158.0,2.626,0.36
600885,宏发股份,34.1,34.09,34.1,32.76,32.93,34.35,32.5,20194222.0,677841178.0,4.09,1.34
600886,国投电力,13.57,13.56,13.57,13.79,13.74,13.9,13.5,40914716.0,558504022.0,-1.595,-0.22
600887,伊利股份,24.8,24.8,24.81,25.41,25.33,25.33,24.6,73011600.0,1820681157.0,-2.401,-0.61
600888,新疆众和,12.49,12.49,0.0,11.35,11.15,12.49,11.03,109669450.0,1312353474.0,10.044,1.14
600889,*ST京化,16.05,16.05,16.06,16.24,16.15,16.28,16.05,2970500.0,47905959.0,-1.17,-0.19
600892,*ST大晟,3.65,3.64,3.65,3.53,3.53,3.68,3.5,9618500.0,34688519.0,3.399,0.12
600893,航发动力,39.49,39.49,39.5,38.16,38.17,40.15,37.72,43360794.0,1697376111.0,3.485,1.33
600894,广日股份,8.34,8.34,8.35,8.45,8.35,8.45,8.28,4733904.0,39443896.0,-1.302,-0.11
600895,张江高科,33.3,33.29,33.3,33.73,33.85,34.25,33.2,34289026.0,1152609981.0,-1.275,-0.43
600897,厦门空港,15.26,15.26,15.27,15.92,15.93,15.93,15.16,4225600.0,65186477.0,-4.146,-0.66
600900,长江电力,27.19,27.18,27.19,27.57,27.41,27.45,27.14,120599299.0,3287063796.0,-1.378,-0.38
600901,江苏金租,6.39,6.38,6.39,6.45,6.45,6.45,6.3,31263610.0,198639145.0,-0.93,-0.06
600903,贵州燃气,8.3,8.29,8.3,8.72,8.71,8.85,8.28,40348380.0,343643878.0,-4.817,-0.42
600905,三峡能源,4.12,4.12,4.13,4.18,4.17,4.21,4.11,173811578.0,721309804.0,-1.435,-0.06
600906,财达证券,7.27,7.26,7.27,7.33,7.26,7.36,7.12,155478948.0,1126646314.0,-0.819,-0.06
600908,无锡银行,5.51,5.51,5.52,5.59,5.6,5.6,5.47,15107400.0,83358567.0,-1.431,-0.08
600909,华安证券,8.39,8.39,8.4,7.96,8.0,8.43,7.89,349754480.0,2858960517.0,5.402,0.43
600916,中国黄金,7.8,7.79,7.8,7.97,7.94,7.94,7.77,28692406.0,224187420.0,-2.133,-0.17
600917,重庆燃气,5.07,5.06,5.07,5.09,5.07,5.1,5.02,2310572.0,11684003.0,-0.393,-0.02
600918,中泰证券,5.38,5.38,5.39,5.42,5.39,5.43,5.33,37099029.0,199511361.0,-0.738,-0.04
600919,江苏银行,11.55,11.55,11.56,11.81,11.79,11.83,11.5,105967734.0,1229283734.0,-2.202,-0.26
600925,苏能股份,4.25,4.25,4.26,4.37,4.37,4.37,4.23,17472900.0,74554709.0,-2.746,-0.12
600926,杭州银行,16.11,16.11,16.14,16.28,16.32,16.37,16.06,27706074.0,447681747.0,-1.044,-0.17
600927,永安期货,12.93,12.93,12.94,13.11,13.0,13.08,12.88,6838750.0,88652429.0,-1.373,-0.18
600928,西安银行,3.53,3.53,3.54,3.59,3.56,3.58,3.51,21357500.0,75535561.0,-1.671,-0.06
600929,雪天盐业,5.15,5.15,5.16,5.26,5.26,5.31,5.13,14056748.0,72984522.0,-2.091,-0.11
600930,华电新能,5.69,5.69,5.7,5.8,5.8,5.8,5.68,79446145.0,453042605.0,-1.897,-0.11
600933,XD爱柯迪,14.79,14.79,14.8,14.57,14.88,14.98,14.57,12512319.0,185103601.0,1.51,0.22
600935,华塑股份,2.31,2.31,2.32,2.37,2.36,2.36,2.29,24970300.0,57623554.0,-2.532,-0.06
600936,北投科技,4.95,4.94,4.95,4.92,5.04,5.1,4.9,77963082.0,388501646.0,0.61,0.03
600938,中国海油,31.27,31.26,31.27,31.82,31.78,31.93,31.16,48980769.0,1537497024.0,-1.728,-0.55
600939,重庆建工,2.56,2.56,2.57,2.62,2.62,2.62,2.54,16388000.0,41995714.0,-2.29,-0.06
600941,中国移动,92.99,92.99,93.0,94.23,94.06,94.06,92.88,11334422.0,1056954502.0,-1.316,-1.24
600955,维远股份,15.83,15.8,15.83,15.92,15.98,16.08,15.7,4576000.0,72749506.0,-0.565,-0.09
600956,新天绿能,8.21,8.2,8.21,8.29,8.4,8.41,8.18,12815872.0,105757121.0,-0.965,-0.08
600958,东方证券,9.53,9.52,9.53,9.46,9.38,9.59,9.35,72501537.0,688724618.0,0.74,0.07
600959,江苏有线,3.16,3.16,3.17,3.2,3.18,3.19,3.13,40951558.0,129211060.0,-1.25,-0.04
600960,渤海汽车,4.14,4.13,4.14,4.19,4.22,4.22,4.12,9339000.0,38765845.0,-1.193,-0.05
600961,株冶集团,27.16,27.16,27.17,26.58,26.0,27.97,26.0,78228995.0,2111462700.0,2.182,0.58
600962,国投中鲁,24.91,24.9,24.91,25.66,25.68,25.86,24.71,7780321.0,195422239.0,-2.923,-0.75
600963,岳阳林纸,3.45,3.45,3.46,3.53,3.54,3.54,3.43,35832651.0,124116634.0,-2.266,-0.08
600965,*ST福成,2.75,2.74,2.75,2.72,2.69,2.76,2.59,8502879.0,22664647.0,1.103,0.03
600966,博汇纸业,5.25,5.25,5.26,5.32,5.32,5.32,5.16,11875900.0,62387793.0,-1.316,-0.07
600967,内蒙一机,12.14,12.13,12.14,12.13,12.13,12.19,11.98,12004723.0,145235735.0,0.082,0.01
600968,海油发展,3.83,3.83,3.84,3.9,3.9,3.91,3.82,34210345.0,131584071.0,-1.795,-0.07
600969,郴电国际,9.05,9.05,9.06,9.23,9.2,9.26,9.03,9023700.0,82265839.0,-1.95,-0.18
600970,中材国际,8.62,8.62,8.63,8.53,8.54,8.69,8.37,23416666.0,201319021.0,1.055,0.09
600971,恒源煤电,7.45,7.45,7.46,7.73,7.68,7.74,7.44,22777513.0,171735174.0,-3.622,-0.28
600973,宝胜股份,6.8,6.8,6.81,6.57,6.55,7.23,6.52,70546487.0,486827578.0,3.501,0.23
600975,新五丰,4.61,4.61,4.62,4.75,4.73,4.74,4.59,13042300.0,60395064.0,-2.947,-0.14
600976,健民集团,26.68,26.68,26.72,26.5,26.48,26.82,25.93,2307400.0,60684255.0,0.679,0.18
600977,中国电影,14.2,14.19,14.2,14.16,14.14,14.35,13.85,28522233.0,404012698.0,0.282,0.04
600979,广安爱众,4.79,4.78,4.79,4.77,4.73,4.83,4.66,46306917.0,220039605.0,0.419,0.02
600980,北矿科技,21.65,21.65,21.66,20.95,20.91,21.88,20.91,5534000.0,119174421.0,3.341,0.7
600981,苏豪汇鸿,2.72,2.71,2.72,2.74,2.73,2.74,2.66,32902358.0,89109250.0,-0.73,-0.02
600982,宁波能源,5.74,5.73,5.74,5.62,5.65,5.87,5.52,44815239.0,256499861.0,2.135,0.12
600983,惠而浦,8.79,8.79,8.8,8.83,8.83,8.88,8.72,4123571.0,36191672.0,-0.453,-0.04
600984,建设机械,4.12,4.12,4.13,4.09,4.12,4.22,3.98,39006775.0,159663910.0,0.733,0.03
600985,淮北矿业,15.53,15.52,15.53,16.35,16.11,16.28,15.44,27068720.0,424919795.0,-5.015,-0.82
600986,浙文互联,8.1,8.1,8.11,7.99,8.01,8.15,7.81,51188485.0,410406896.0,1.377,0.11
600987,航民股份,6.47,6.47,6.48,6.57,6.56,6.56,6.46,4607665.0,29921341.0,-1.522,-0.1
600988,赤峰黄金,31.98,31.98,31.99,32.63,32.6,32.73,31.65,40160263.0,1292492718.0,-1.992,-0.65
600989,宝丰能源,22.02,22.02,22.03,22.3,22.3,22.39,21.6,93941296.0,2067721164.0,-1.256,-0.28
600990,四创电子,19.22,19.22,19.23,19.0,19.07,19.35,18.92,3854184.0,73829627.0,1.158,0.22
600992,贵绳股份,10.05,10.05,10.06,10.15,10.17,10.19,9.84,6256900.0,62553967.0,-0.985,-0.1
600993,马应龙,23.27,23.27,23.28,23.57,23.51,23.51,23.05,4329430.0,100406961.0,-1.273,-0.3
600995,南网储能,13.44,13.44,13.45,13.6,13.65,13.65,13.32,23571201.0,317491022.0,-1.176,-0.16
600996,贵广网络,9.58,9.57,9.58,9.03,8.9,9.92,8.65,71936429.0,671958186.0,6.091,0.55
600997,开滦股份,5.14,5.14,5.15,5.28,5.24,5.26,5.08,13105801.0,67430075.0,-2.652,-0.14
600998,九州通,4.79,4.78,4.79,4.87,4.87,4.88,4.77,22163737.0,106706285.0,-1.643,-0.08
600999,招商证券,18.93,18.92,18.93,18.5,18.45,18.98,18.38,120071629.0,2256995572.0,2.324,0.43
601000,唐山港,4.27,4.27,4.28,4.31,4.31,4.35,4.25,31258656.0,134159397.0,-0.928,-0.04
601001,晋控煤业,19.59,19.58,19.59,19.64,19.45,20.01,18.86,28628665.0,555504396.0,-0.255,-0.05
601002,晋亿实业,4.83,4.82,4.83,4.91,4.9,4.91,4.82,9827400.0,47608996.0,-1.629,-0.08
601003,柳钢股份,3.73,3.72,3.73,3.66,3.63,3.76,3.57,19673600.0,72668451.0,1.913,0.07
601005,重庆钢铁,1.24,1.23,1.24,1.26,1.26,1.26,1.22,142377714.0,175809347.0,-1.587,-0.02
601006,大秦铁路,5.04,5.04,5.05,5.07,5.06,5.07,5.03,58625832.0,295554931.0,-0.592,-0.03
601007,金陵饭店,6.64,6.64,6.65,6.7,6.71,6.71,6.57,4558581.0,30167463.0,-0.896,-0.06
601008,连云港,4.44,4.44,4.45,4.6,4.52,4.54,4.43,12411752.0,55430195.0,-3.478,-0.16
601009,南京银行,11.18,11.18,11.19,11.42,11.41,11.49,11.15,51765277.0,582611792.0,-2.102,-0.24
601010,ST文峰,1.6,1.59,1.6,1.6,1.6,1.6,1.55,23798653.0,37560627.0,0.0,0.0
601011,宝泰隆,2.85,2.84,2.85,2.89,2.88,2.88,2.78,46765987.0,131935216.0,-1.384,-0.04
601012,隆基绿能,13.3,13.3,13.31,13.38,13.3,13.52,13.23,119130244.0,1591257809.0,-0.598,-0.08
601015,陕西黑猫,3.29,3.29,3.3,3.38,3.4,3.41,3.22,54759137.0,179786224.0,-2.663,-0.09
601016,节能风电,4.07,4.06,4.07,4.01,4.01,4.11,3.94,194542203.0,787991963.0,1.496,0.06
601018,宁波港,3.32,3.32,3.33,3.4,3.38,3.39,3.31,58125801.0,193762042.0,-2.353,-0.08
601019,山东出版,6.91,6.91,6.92,7.03,7.05,7.05,6.9,5427400.0,37631713.0,-1.707,-0.12
601020,华钰矿业,25.33,25.33,0.0,23.03,23.07,25.33,22.72,42723939.0,1039391010.0,9.987,2.3
601021,春秋航空,47.05,47.05,47.06,48.41,48.39,48.6,46.75,11668323.0,553919930.0,-2.809,-1.36
601022,XD宁波远,7.93,7.93,7.94,8.43,8.27,8.3,7.93,20488173.0,165306526.0,-5.931,-0.5
601026,道生天合,15.95,15.94,15.95,15.71,15.71,16.13,15.49,5250338.0,83354515.0,1.528,0.24
601033,永兴股份,13.69,13.69,13.7,13.86,13.81,13.82,13.66,2798727.0,38364425.0,-1.227,-0.17
601038,一拖股份,11.81,11.81,11.82,12.01,12.03,12.07,11.75,4305321.0,50829297.0,-1.665,-0.2
601058,赛轮轮胎,12.31,12.31,12.32,12.96,12.95,13.09,12.22,78526340.0,977670365.0,-5.015,-0.65
601059,信达证券,15.62,15.62,15.63,15.46,15.46,15.68,15.25,10044800.0,155650161.0,1.035,0.16
601061,中信金属,12.39,12.39,12.4,12.05,12.0,12.72,11.88,35627380.0,442677380.0,2.822,0.34
601065,江盐集团,7.29,7.29,7.3,7.42,7.41,7.43,7.28,3243304.0,23730164.0,-1.752,-0.13
601066,中信建投,25.75,25.75,25.76,25.93,25.43,25.8,25.23,35119886.0,897445207.0,-0.694,-0.18
601068,中铝国际,5.26,5.25,5.26,5.11,5.08,5.45,5.0,32497341.0,168846742.0,2.935,0.15
601069,西部黄金,26.94,26.93,26.94,27.3,27.3,27.38,26.77,15657978.0,423496663.0,-1.319,-0.36
601077,XD渝农商,6.67,6.66,6.67,6.65,6.64,6.72,6.57,51623293.0,342412882.0,0.301,0.02
601083,锦江航运,11.33,11.32,11.33,11.56,11.45,11.45,11.17,8904237.0,100420765.0,-1.99,-0.23
601086,国芳集团,7.33,7.32,7.33,7.18,7.13,7.33,7.02,10098800.0,72586387.0,2.089,0.15
601088,中国神华,42.52,42.52,42.53,43.39,43.14,43.2,42.12,65687103.0,2793995516.0,-2.005,-0.87
601089,福元医药,16.57,16.56,16.57,16.39,16.4,16.58,16.11,3407423.0,55652301.0,1.098,0.18
601096,宏盛华源,4.77,4.76,4.77,4.7,4.74,4.82,4.66,29440455.0,140108449.0,1.489,0.07
601098,中南传媒,10.6,10.6,10.61,10.81,10.83,10.83,10.59,6964800.0,74247357.0,-1.943,-0.21
601099,太平洋,3.34,3.34,3.35,3.35,3.34,3.37,3.29,114610746.0,382457668.0,-0.299,-0.01
601100,恒立液压,116.5,116.5,116.51,116.14,116.1,117.77,114.23,7716600.0,895315864.0,0.31,0.36
601101,昊华能源,11.78,11.78,11.79,11.88,11.71,11.94,11.42,31905491.0,372556145.0,-0.842,-0.1
601106,中国一重,3.59,3.58,3.59,3.58,3.59,3.63,3.52,52206500.0,186953654.0,0.279,0.01
601107,四川成渝,5.49,5.48,5.49,5.63,5.64,5.64,5.46,10859200.0,59927541.0,-2.487,-0.14
601108,财通证券,7.92,7.92,7.93,7.95,7.88,7.99,7.81,54555443.0,431333050.0,-0.377,-0.03
601111,中国国航,6.39,6.39,6.4,6.52,6.51,6.52,6.37,100901766.0,648311216.0,-1.994,-0.13
601112,振石股份,18.17,18.16,18.17,18.15,18.07,18.39,17.79,10406980.0,188223849.0,0.11,0.02
601113,华鼎股份,3.86,3.86,3.88,3.94,3.91,4.0,3.81,15967736.0,62296272.0,-2.03,-0.08
601116,三江购物,11.47,11.46,11.47,11.42,11.36,11.49,11.21,8216143.0,93364698.0,0.438,0.05
601117,中国化学,7.47,7.47,7.48,7.67,7.64,7.65,7.46,87446951.0,660843322.0,-2.608,-0.2
601118,海南橡胶,6.01,6.0,6.01,5.9,5.8,6.1,5.7,71807601.0,421397941.0,1.864,0.11
601121,宝地矿业,6.42,6.42,6.43,6.5,6.48,6.48,6.39,7444900.0,47879847.0,-1.231,-0.08
601126,四方股份,72.07,72.07,72.08,70.4,70.88,73.9,69.89,47799816.0,3445153541.0,2.372,1.67
601127,赛力斯,68.78,68.77,68.78,68.2,68.29,69.98,67.97,22583820.0,1555852802.0,0.85,0.58
601128,常熟银行,6.39,6.39,6.4,6.48,6.46,6.47,6.38,32043413.0,205585480.0,-1.389,-0.09
601133,柏诚股份,32.06,32.06,32.08,32.4,32.8,33.3,31.5,32112497.0,1037431989.0,-1.049,-0.34
601136,首创证券,14.52,14.51,14.52,14.4,14.36,14.57,14.2,12738424.0,183864808.0,0.833,0.12
601137,博威合金,26.38,26.38,26.39,25.88,25.37,26.64,25.28,43165395.0,1130744581.0,1.932,0.5
601138,工业富联,72.9,72.9,72.91,73.4,73.4,74.99,72.5,174199498.0,12770877348.0,-0.681,-0.5
601139,深圳燃气,6.22,6.22,6.23,6.31,6.3,6.31,6.2,17969000.0,112161101.0,-1.426,-0.09
601155,新城控股,11.25,11.25,11.26,11.73,11.7,11.72,11.25,14457388.0,164260205.0,-4.092,-0.48
601156,东航物流,16.67,16.67,16.68,17.26,17.34,17.48,16.67,13044500.0,221504123.0,-3.418,-0.59
601158,重庆水务,4.11,4.1,4.11,4.15,4.14,4.15,4.1,4380407.0,18060330.0,-0.964,-0.04
601162,天风证券,3.34,3.33,3.34,3.3,3.26,3.36,3.23,182404860.0,604599798.0,1.212,0.04
601163,三角轮胎,13.33,13.32,13.33,13.52,13.38,13.48,13.22,4261248.0,56775394.0,-1.405,-0.19
601166,兴业银行,18.07,18.07,18.08,18.23,18.18,18.28,18.06,73554636.0,1333376464.0,-0.878,-0.16
601168,西部矿业,30.93,30.93,30.94,32.84,32.25,32.55,30.81,79124513.0,2499521497.0,-5.816,-1.91
601169,北京银行,5.18,5.18,5.19,5.23,5.22,5.23,5.17,113055975.0,587138773.0,-0.956,-0.05
601177,杭齿前进,13.96,13.95,13.96,13.85,13.87,14.0,13.7,6664411.0,92351788.0,0.794,0.11
601179,中国西电,16.3,16.3,0.0,14.82,15.51,16.3,15.39,231797970.0,3706938821.0,9.987,1.48
601186,中国铁建,6.33,6.33,6.34,6.42,6.41,6.41,6.32,39177517.0,249180174.0,-1.402,-0.09
601187,厦门银行,7.9,7.9,7.91,8.04,7.98,8.14,7.86,24827526.0,198045765.0,-1.741,-0.14
601188,龙江交通,2.99,2.99,3.0,3.03,3.02,3.03,2.97,9159001.0,27362068.0,-1.32,-0.04
601198,东兴证券,13.01,13.0,13.01,12.87,12.88,13.1,12.72,20586139.0,266336095.0,1.088,0.14
601199,江南水务,5.68,5.67,5.68,5.65,5.65,5.74,5.56,8606883.0,48624560.0,0.531,0.03
601200,上海环境,7.2,7.19,7.2,7.27,7.26,7.27,7.14,7741193.0,55561230.0,-0.963,-0.07
601208,东材科技,71.74,71.74,0.0,65.22,65.5,71.74,65.5,65459327.0,4580455130.0,9.997,6.52
601211,国泰海通,17.79,17.78,17.79,17.49,17.36,17.9,17.29,159716320.0,2824626936.0,1.715,0.3
601212,白银有色,6.05,6.04,6.05,6.03,6.0,6.15,5.9,144037489.0,866165567.0,0.332,0.02
601216,君正集团,5.14,5.13,5.14,5.21,5.19,5.22,5.11,60612435.0,312093208.0,-1.344,-0.07
601218,吉鑫科技,4.88,4.88,4.89,4.85,4.89,4.92,4.77,21627398.0,105029152.0,0.619,0.03
601222,林洋能源,6.05,6.05,6.06,6.03,5.99,6.07,5.96,27266288.0,163931443.0,0.332,0.02
601225,陕西煤业,24.4,24.4,24.41,25.26,25.14,25.4,24.26,65155380.0,1600445282.0,-3.405,-0.86
601226,华电科工,7.19,7.19,7.2,7.11,7.14,7.32,7.04,13342800.0,95893741.0,1.125,0.08
601228,广州港,3.01,3.01,3.02,3.05,3.04,3.05,2.99,21015600.0,63193379.0,-1.311,-0.04
601229,上海银行,9.08,9.08,9.09,9.18,9.18,9.21,9.04,41134335.0,374375775.0,-1.089,-0.1
601231,环旭电子,36.85,36.85,36.86,36.25,36.22,37.68,35.45,48375462.0,1764716383.0,1.655,0.6
601233,桐昆股份,22.84,22.84,22.85,23.47,23.24,24.3,22.59,76678136.0,1791163268.0,-2.684,-0.63
601236,红塔证券,6.92,6.92,6.93,6.93,6.9,6.96,6.83,19920463.0,137434750.0,-0.144,-0.01
601238,广汽集团,5.87,5.86,5.87,5.9,5.87,5.89,5.8,16706800.0,97741445.0,-0.508,-0.03
601279,英利汽车,3.39,3.39,3.4,3.4,3.42,3.42,3.32,9044000.0,30423817.0,-0.294,-0.01
601288,农业银行,6.61,6.6,6.61,6.68,6.65,6.7,6.59,273029291.0,1810969951.0,-1.048,-0.07
601298,青岛港,8.45,8.45,8.46,8.84,8.8,8.8,8.43,31672235.0,271200113.0,-4.412,-0.39
601311,骆驼股份,8.43,8.42,8.43,8.23,8.26,8.44,8.19,17730924.0,147927803.0,2.43,0.2
601318,中国平安,52.99,52.99,53.0,54.23,53.99,54.09,52.75,81250790.0,4325837393.0,-2.287,-1.24
601319,中国人保,6.95,6.94,6.95,7.16,7.11,7.15,6.92,86798425.0,608716065.0,-2.933,-0.21
601326,秦港股份,3.38,3.37,3.38,3.48,3.46,3.46,3.36,19459900.0,66086387.0,-2.874,-0.1
601328,交通银行,6.95,6.94,6.95,7.01,7.0,7.03,6.93,157896990.0,1099950623.0,-0.856,-0.06
601330,绿色动力,8.14,8.14,8.15,8.44,8.45,8.48,8.13,21770507.0,179223994.0,-3.555,-0.3
601333,广深铁路,2.96,2.95,2.96,3.02,3.01,3.02,2.95,89998644.0,267310186.0,-1.987,-0.06
601336,新华保险,61.98,61.98,61.99,63.2,62.6,63.25,61.5,25267063.0,1573081562.0,-1.93,-1.22
601339,百隆东方,7.25,7.24,7.25,7.38,7.4,7.59,7.14,14291900.0,103717987.0,-1.762,-0.13
601360,三六零,9.32,9.31,9.32,9.36,9.36,9.37,9.24,51449962.0,478812874.0,-0.427,-0.04
601366,利群股份,3.59,3.58,3.59,3.62,3.61,3.62,3.53,7119700.0,25352867.0,-0.829,-0.03
601368,绿城水务,4.37,4.37,4.38,4.43,4.43,4.43,4.33,3602100.0,15743146.0,-1.354,-0.06
601369,陕鼓动力,9.16,9.16,9.17,9.06,9.08,9.23,9.0,15171826.0,138671554.0,1.104,0.1
601375,中原证券,4.04,4.03,4.04,3.99,3.97,4.05,3.94,54749590.0,219303511.0,1.253,0.05
601377,兴业证券,6.13,6.12,6.13,6.11,6.03,6.15,6.02,105210929.0,642163672.0,0.327,0.02
601388,怡球资源,3.31,3.3,3.31,3.29,3.29,3.33,3.22,40197550.0,132204620.0,0.608,0.02
601390,中国中铁,4.57,4.57,4.58,4.66,4.63,4.64,4.56,115195224.0,529491472.0,-1.931,-0.09
601398,工商银行,7.42,7.41,7.42,7.57,7.53,7.54,7.38,372056669.0,2766934367.0,-1.982,-0.15
601399,国机重装,3.75,3.75,3.76,3.73,3.72,3.79,3.71,73571861.0,276264057.0,0.536,0.02
601456,国联民生,9.56,9.56,9.57,9.48,9.43,9.65,9.43,37826867.0,360692549.0,0.844,0.08
601500,通用股份,4.0,4.0,4.01,4.07,4.07,4.08,3.98,13796271.0,55408525.0,-1.72,-0.07
601512,中新集团,8.31,8.31,8.32,8.56,8.4,8.45,8.29,4866000.0,40629570.0,-2.921,-0.25
601515,衢州东峰,3.91,3.9,3.91,3.89,3.91,3.93,3.83,14772423.0,57404531.0,0.514,0.02
601518,吉林高速,2.93,2.93,2.94,2.95,2.95,2.96,2.91,15716900.0,46092775.0,-0.678,-0.02
601519,大智慧,9.04,9.04,9.05,8.87,8.78,9.1,8.75,43192829.0,387432982.0,1.917,0.17
601528,瑞丰银行,4.77,4.77,4.78,4.84,4.82,4.83,4.76,10805661.0,51670832.0,-1.446,-0.07
601555,东吴证券,7.91,7.91,7.92,7.93,7.9,7.98,7.84,34430894.0,272030824.0,-0.252,-0.02
601566,九牧王,9.65,9.65,9.66,9.62,9.68,9.69,9.49,8096300.0,77560833.0,0.312,0.03
601567,三星电气,15.35,15.34,15.35,15.29,15.17,15.45,15.07,20016539.0,306176475.0,0.392,0.06
601568,北元化工,3.78,3.77,3.78,3.86,3.86,3.87,3.76,21342280.0,81015500.0,-2.073,-0.08
601577,长沙银行,9.49,9.49,9.5,9.65,9.64,9.66,9.47,19627600.0,187122615.0,-1.658,-0.16
601579,会稽山,15.5,15.5,15.51,15.75,15.66,15.75,15.33,4213100.0,65324739.0,-1.587,-0.25
601588,北辰实业,1.85,1.84,1.85,1.88,1.89,1.89,1.82,59561310.0,109846750.0,-1.596,-0.03
601595,上海电影,18.3,18.3,18.31,18.65,18.6,18.65,18.02,4664248.0,84912871.0,-1.877,-0.35
601598,中国外运,5.62,5.62,5.63,5.76,5.74,5.75,5.6,16775700.0,94581847.0,-2.431,-0.14
601599,浙文影业,3.12,3.11,3.12,3.1,3.1,3.12,3.05,11046800.0,34092838.0,0.645,0.02
601600,中国铝业,10.07,10.06,10.07,10.67,10.38,10.39,10.01,412270433.0,4203230129.0,-5.623,-0.6
601601,中国太保,32.5,32.49,32.5,33.25,33.1,33.25,32.41,43965896.0,1440934868.0,-2.256,-0.75
601606,长城军工,32.08,32.08,32.09,32.25,32.09,32.4,31.8,9109056.0,292637134.0,-0.527,-0.17
601607,上海医药,16.15,16.15,16.16,16.28,16.28,16.29,16.06,9121311.0,147298268.0,-0.799,-0.13
601608,中信重工,5.27,5.27,5.28,5.27,5.27,5.33,5.2,38238500.0,201989696.0,0.0,0.0
601609,金田股份,12.71,12.71,12.72,12.61,12.46,12.89,12.38,100735109.0,1277886044.0,0.793,0.1
601611,中国核建,11.36,11.35,11.36,11.17,11.17,11.85,11.16,57176889.0,656959766.0,1.701,0.19
601615,明阳智能,12.66,12.66,12.67,12.37,12.45,13.03,12.29,87701592.0,1106982951.0,2.344,0.29
601616,广电电气,3.94,3.93,3.94,3.77,3.77,4.05,3.76,31700510.0,123882878.0,4.509,0.17
601618,中国中冶,2.67,2.67,2.68,2.7,2.7,2.71,2.66,77705656.0,208020898.0,-1.111,-0.03
601619,XD嘉泽新,4.83,4.82,4.83,4.77,4.79,4.85,4.7,27201933.0,130598668.0,1.258,0.06
601628,中国人寿,36.06,36.05,36.06,36.53,36.21,36.74,35.5,37575962.0,1357144264.0,-1.287,-0.47
601633,长城汽车,17.31,17.3,17.31,17.74,17.68,17.9,17.28,21511179.0,377645313.0,-2.424,-0.43
601636,旗滨集团,7.88,7.88,0.0,7.16,7.27,7.88,7.19,157426106.0,1207947772.0,10.056,0.72
601658,邮储银行,5.04,5.04,5.05,5.11,5.1,5.11,5.03,124169699.0,628486971.0,-1.37,-0.07
601665,齐鲁银行,6.36,6.35,6.36,6.43,6.42,6.44,6.31,45062011.0,286061634.0,-1.089,-0.07
601666,平煤股份,8.75,8.74,8.75,9.16,9.07,9.13,8.69,51736800.0,455819751.0,-4.476,-0.41
601668,中国建筑,4.71,4.71,4.72,4.75,4.75,4.75,4.7,146211138.0,690273806.0,-0.842,-0.04
601669,中国电建,4.83,4.83,4.84,4.86,4.85,4.89,4.81,125756719.0,610220686.0,-0.617,-0.03
601677,明泰铝业,16.5,16.5,16.51,17.04,16.51,16.88,16.27,50615196.0,838113292.0,-3.169,-0.54
601678,滨化股份,6.17,6.16,6.17,6.01,5.95,6.3,5.93,192114809.0,1175401938.0,2.662,0.16
601686,友发集团,5.08,5.08,5.09,5.17,5.15,5.15,5.07,5612900.0,28581727.0,-1.741,-0.09
601688,华泰证券,20.45,20.45,20.46,20.36,20.09,20.75,20.06,131420205.0,2688997671.0,0.442,0.09
601689,拓普集团,60.73,60.73,60.74,61.7,61.5,61.87,60.22,35642197.0,2170925928.0,-1.572,-0.97
601696,中银证券,13.3,13.3,13.31,12.69,12.58,13.57,12.56,251625307.0,3302606783.0,4.807,0.61
601698,中国卫通,32.18,32.18,32.19,32.77,33.25,33.44,32.16,46685174.0,1521870969.0,-1.8,-0.59
601699,潞安环能,17.5,17.5,17.51,17.6,17.5,17.8,17.12,32746373.0,572251156.0,-0.568,-0.1
601700,风范股份,4.95,4.94,4.95,4.86,4.91,4.98,4.82,21669500.0,106427975.0,1.852,0.09
601702,华峰铝业,16.98,16.98,16.99,17.84,17.63,17.63,16.9,14580086.0,250163270.0,-4.821,-0.86
601717,中创智领,17.95,17.94,17.95,17.85,17.8,18.13,17.72,19803427.0,355554872.0,0.56,0.1
601718,ST际华,1.82,1.81,1.82,1.81,1.8,1.82,1.76,28227039.0,50451635.0,0.552,0.01
601727,上海电气,7.36,7.35,7.36,7.34,7.34,7.38,7.26,96204080.0,704740109.0,0.272,0.02
601728,中国电信,5.96,5.95,5.96,6.05,6.03,6.05,5.95,130954707.0,785366379.0,-1.488,-0.09
601766,中国中车,5.72,5.72,5.73,5.76,5.75,5.77,5.7,123317593.0,706829230.0,-0.694,-0.04
601777,千里科技,9.6,9.59,9.6,9.74,9.75,9.78,9.5,30619515.0,292915923.0,-1.437,-0.14
601778,晶科科技,5.09,5.08,5.09,5.02,5.03,5.15,5.01,144890661.0,735931464.0,1.394,0.07
601788,光大证券,14.68,14.68,14.69,14.63,14.52,14.73,14.5,37656672.0,551089907.0,0.342,0.05
601789,宁波建工,4.56,4.56,4.57,4.54,4.52,4.56,4.45,31505251.0,142091412.0,0.441,0.02
601798,蓝科高新,7.37,7.36,7.37,7.35,7.35,7.44,7.17,7684839.0,56096988.0,0.272,0.02
601799,星宇股份,118.1,118.1,118.11,118.72,119.0,119.47,117.95,2292402.0,271238256.0,-0.522,-0.62
601800,中国交建,6.17,6.17,6.18,6.32,6.3,6.32,6.16,56777776.0,353068071.0,-2.373,-0.15
601801,皖新传媒,5.23,5.23,5.24,5.31,5.3,5.31,5.18,11680860.0,60970919.0,-1.507,-0.08
601808,中海油服,12.07,12.06,12.07,12.39,12.37,12.38,12.01,15751173.0,190613360.0,-2.583,-0.32
601811,新华文轩,11.86,11.86,11.87,12.09,12.08,12.08,11.86,2542344.0,30272739.0,-1.902,-0.23
601816,京沪高铁,4.75,4.75,4.76,4.87,4.86,4.87,4.73,354397116.0,1698995859.0,-2.464,-0.12
601818,光大银行,3.19,3.18,3.19,3.19,3.19,3.19,3.17,126580100.0,402433253.0,0.0,0.0
601825,沪农商行,8.45,8.44,8.45,8.6,8.61,8.64,8.44,24812500.0,211184820.0,-1.744,-0.15
601827,三峰环境,7.74,7.73,7.74,7.71,7.71,7.79,7.67,6004200.0,46387253.0,0.389,0.03
601828,美凯龙,2.3,2.29,2.3,2.32,2.31,2.32,2.28,21576630.0,49398799.0,-0.862,-0.02
601838,成都银行,19.53,19.52,19.53,20.03,19.9,20.09,19.45,25594400.0,504471163.0,-2.496,-0.5
601857,中国石油,9.95,9.95,9.96,10.13,10.1,10.17,9.95,166093564.0,1662767858.0,-1.777,-0.18
601858,中国科传,21.19,21.19,21.2,21.5,21.46,21.46,20.88,6268767.0,132634855.0,-1.442,-0.31
601860,紫金银行,2.64,2.63,2.64,2.68,2.66,2.67,2.62,29264786.0,77361173.0,-1.493,-0.04
601865,福莱特,10.98,10.97,10.98,10.96,10.95,11.02,10.82,14767629.0,161543518.0,0.182,0.02
601866,中远海发,2.4,2.4,2.41,2.47,2.44,2.45,2.39,74819774.0,180126737.0,-2.834,-0.07
601868,中国能建,2.68,2.68,2.69,2.69,2.69,2.73,2.66,382275380.0,1028475795.0,-0.372,-0.01
601869,长飞光纤,464.1,464.1,464.11,450.3,450.31,474.99,447.0,15003029.0,6973395676.0,3.065,13.8
601872,招商轮船,16.38,16.37,16.38,17.16,17.77,17.94,16.04,271170269.0,4572861911.0,-4.545,-0.78
601877,正泰电器,27.47,27.47,27.48,27.7,27.85,28.12,27.42,20985429.0,581444577.0,-0.83,-0.23
601878,浙商证券,9.5,9.5,9.51,9.48,9.41,9.55,9.4,34360400.0,325691851.0,0.211,0.02
601880,辽港股份,1.53,1.53,1.54,1.56,1.55,1.56,1.52,97541041.0,149543097.0,-1.923,-0.03
601881,中国银河,12.77,12.76,12.77,12.67,12.59,12.8,12.54,47869091.0,608173877.0,0.789,0.1
601882,海天精工,21.17,21.17,21.18,20.8,20.59,21.27,20.55,4997947.0,105178282.0,1.779,0.37
601886,江河集团,9.5,9.48,9.5,9.28,9.31,9.55,9.2,6708700.0,63316763.0,2.371,0.22
601888,中国中免,58.4,58.39,58.4,59.08,59.08,59.08,58.01,33816721.0,1973691150.0,-1.151,-0.68
601890,亚星锚链,8.86,8.86,8.87,8.95,8.95,8.96,8.8,14426073.0,127673699.0,-1.006,-0.09
601898,中煤能源,14.35,14.34,14.35,14.77,14.6,14.75,14.21,52472276.0,758130013.0,-2.844,-0.42
601899,紫金矿业,30.29,30.29,30.3,31.31,31.0,31.1,30.2,292271461.0,8968397192.0,-3.258,-1.02
601900,南方传媒,11.78,11.78,11.79,11.8,11.79,11.85,11.61,5570553.0,65317186.0,-0.169,-0.02
601901,方正证券,6.88,6.87,6.88,6.86,6.81,6.91,6.78,62743398.0,429931489.0,0.292,0.02
601908,京运通,3.45,3.45,3.46,3.43,3.4,3.48,3.35,43958330.0,150575143.0,0.583,0.02
601916,浙商银行,3.06,3.06,3.07,3.08,3.07,3.09,3.05,124583430.0,382230791.0,-0.649,-0.02
601918,新集能源,9.45,9.44,9.45,9.24,9.19,9.52,9.02,73297985.0,682761522.0,2.273,0.21
601919,中远海控,14.24,14.24,14.25,14.49,14.32,14.38,14.17,100775352.0,1435079226.0,-1.725,-0.25
601921,浙版传媒,7.39,7.39,7.4,7.64,7.57,7.67,7.39,9856538.0,73898627.0,-3.272,-0.25
601928,凤凰传媒,9.16,9.16,9.18,9.32,9.33,9.34,9.15,6009400.0,55478579.0,-1.717,-0.16
601929,吉视传媒,2.53,2.52,2.53,2.43,2.42,2.54,2.37,126364891.0,311875401.0,4.115,0.1
601933,永辉超市,3.28,3.28,3.29,3.25,3.23,3.32,3.2,138558606.0,450699714.0,0.923,0.03
601939,建设银行,10.17,10.17,10.18,10.39,10.29,10.32,10.11,125048954.0,1274793545.0,-2.117,-0.22
601949,中国出版,5.04,5.03,5.04,5.1,5.08,5.1,4.95,12936522.0,64693863.0,-1.176,-0.06
601952,苏垦农发,8.34,8.34,8.35,8.65,8.63,8.64,8.3,13318287.0,112006956.0,-3.584,-0.31
601956,东贝集团,4.96,4.95,4.96,4.99,4.95,4.98,4.87,5093820.0,25068083.0,-0.601,-0.03
601958,金钼股份,28.88,28.88,28.89,28.07,28.1,29.76,27.1,284849331.0,8140625409.0,2.886,0.81
601963,重庆银行,11.48,11.47,11.48,11.62,11.6,11.65,11.41,12004014.0,138006448.0,-1.205,-0.14
601965,中国汽研,13.78,13.77,13.78,14.07,14.07,14.07,13.71,6649725.0,91803292.0,-2.061,-0.29
601966,玲珑轮胎,11.53,11.53,11.54,11.88,11.88,11.88,11.52,15152631.0,176509678.0,-2.946,-0.35
601968,宝钢包装,4.18,4.18,4.19,4.36,4.37,4.37,4.16,22152569.0,93091014.0,-4.128,-0.18
601969,海南矿业,9.28,9.27,9.28,9.45,9.44,9.44,9.2,13523100.0,125481631.0,-1.799,-0.17
601975,招商南油,4.38,4.38,4.39,4.58,4.72,4.72,4.3,547511633.0,2469187956.0,-4.367,-0.2
601985,中国核电,9.23,9.22,9.23,9.25,9.24,9.39,9.21,179237488.0,1667515899.0,-0.216,-0.02
601988,中国银行,6.04,6.03,6.04,6.13,6.1,6.13,6.01,224639512.0,1358536175.0,-1.468,-0.09
601990,南京证券,6.73,6.73,6.74,6.76,6.74,6.78,6.67,19539881.0,131436595.0,-0.444,-0.03
601991,大唐发电,8.7,8.69,8.7,8.73,8.71,8.9,8.48,676491290.0,5895299536.0,-0.344,-0.03
601992,金隅集团,1.52,1.52,1.53,1.53,1.52,1.53,1.5,46756000.0,70676211.0,-0.654,-0.01
601995,中金公司,34.28,34.27,34.28,33.68,33.66,34.34,33.45,22449085.0,762237827.0,1.781,0.6
601996,丰林集团,2.63,2.62,2.63,2.69,2.72,2.72,2.54,46435946.0,121211654.0,-2.23,-0.06
601997,贵阳银行,5.67,5.67,5.68,5.8,5.78,5.79,5.66,41599730.0,237470316.0,-2.241,-0.13
601998,中信银行,7.54,7.54,7.55,7.63,7.63,7.65,7.49,59911692.0,453730715.0,-1.18,-0.09
601999,出版传媒,5.86,5.86,5.87,5.96,5.92,5.96,5.77,6759001.0,39427667.0,-1.678,-0.1
603000,人民网,16.26,16.25,16.26,16.46,16.43,16.51,16.09,13321300.0,216317941.0,-1.215,-0.2
603001,奥康国际,11.02,11.01,11.02,10.38,10.38,11.17,10.34,21013000.0,228172183.0,6.166,0.64
603002,宏昌电子,21.09,21.09,0.0,19.17,19.89,21.09,19.88,91213210.0,1876773742.0,10.016,1.92
603004,鼎龙科技,21.29,21.28,21.29,21.38,21.38,21.66,20.46,4957851.0,104000406.0,-0.421,-0.09
603005,晶方科技,44.24,44.24,44.25,43.9,43.91,45.54,43.7,59750138.0,2665150670.0,0.774,0.34
603006,联明股份,12.85,12.85,12.86,12.98,12.95,13.13,12.41,5677800.0,72687236.0,-1.002,-0.13
603007,顺景科技,5.67,5.67,5.68,5.89,5.97,6.08,5.67,84916951.0,494419862.0,-3.735,-0.22
603008,ST喜临门,9.45,9.45,9.46,9.45,9.42,9.84,9.39,12945454.0,123535372.0,0.0,0.0
603009,北特科技,43.47,43.46,43.47,43.24,43.27,44.91,41.86,10136467.0,439044049.0,0.532,0.23
603010,万盛股份,14.37,14.36,14.37,14.0,14.06,14.88,13.87,14658435.0,211687801.0,2.643,0.37
603011,合锻智能,34.6,34.6,34.61,34.22,35.0,35.57,32.32,84753025.0,2860581032.0,1.11,0.38
603012,创力集团,7.56,7.56,7.57,7.56,7.56,7.67,7.41,14986405.0,113192178.0,0.0,0.0
603013,亚普股份,17.6,17.6,17.61,17.96,18.1,18.15,17.58,2563600.0,45364818.0,-2.004,-0.36
603014,威高血净,34.88,34.85,34.88,35.06,34.51,35.29,33.93,5050518.0,174828968.0,-0.513,-0.18
603015,弘讯科技,12.5,12.5,12.51,12.28,12.21,12.65,12.01,18228500.0,226628589.0,1.792,0.22
603016,新宏泰,37.3,37.29,37.3,36.94,36.78,37.87,35.2,3746957.0,137168570.0,0.975,0.36
603017,中衡设计,10.88,10.88,10.89,10.92,10.94,11.01,10.68,6977580.0,75555360.0,-0.366,-0.04
603018,华设集团,6.85,6.85,6.86,6.91,6.94,6.95,6.82,3665107.0,25100228.0,-0.868,-0.06
603019,中科曙光,84.47,84.47,84.48,85.45,85.7,85.77,83.78,36332320.0,3073132875.0,-1.147,-0.98
603020,爱普股份,12.63,12.62,12.63,11.74,11.87,12.68,11.69,23752530.0,289608147.0,7.581,0.89
603021,*ST华鹏,6.25,6.25,6.26,6.46,6.55,6.55,6.14,10917980.0,67562908.0,-3.251,-0.21
603022,新通联,9.15,9.14,9.15,9.12,9.16,9.22,8.91,3770200.0,34158945.0,0.329,0.03
603023,威帝股份,3.95,3.95,3.96,4.0,4.01,4.01,3.86,9491507.0,37217142.0,-1.25,-0.05
603025,大豪科技,14.94,14.93,14.94,14.52,14.68,15.14,14.55,11602509.0,173103501.0,2.893,0.42
603026,石大胜华,91.05,91.05,91.06,85.6,85.65,93.2,84.21,20650617.0,1840731746.0,6.367,5.45
603027,千禾味业,7.85,7.85,7.86,8.0,8.0,8.01,7.73,14975985.0,117099447.0,-1.875,-0.15
603028,赛福天,7.47,7.47,7.49,7.42,7.39,7.54,7.22,4159373.0,30712913.0,0.674,0.05
603029,XD天鹅股,15.52,15.52,15.53,15.37,15.4,15.6,15.0,2090400.0,31986943.0,0.976,0.15
603030,全筑股份,2.3,2.3,2.31,2.28,2.29,2.32,2.23,34241700.0,77750962.0,0.877,0.02
603031,安孚科技,53.24,53.23,53.24,53.85,53.85,55.11,52.5,17017595.0,914716145.0,-1.133,-0.61
603032,德新科技,24.6,24.6,24.61,23.51,23.77,25.28,23.52,18861236.0,462921466.0,4.636,1.09
603033,三维股份,9.42,9.42,9.43,9.36,9.35,9.5,9.12,9208410.0,85710602.0,0.641,0.06
603035,常熟汽饰,11.49,11.49,11.5,11.65,11.65,11.69,11.41,3507400.0,40292590.0,-1.373,-0.16
603036,如通股份,14.81,14.81,14.82,14.53,14.46,15.15,14.35,9035300.0,133972936.0,1.927,0.28
603037,凯众股份,11.66,11.65,11.66,12.0,11.99,12.01,11.63,5180252.0,60680608.0,-2.833,-0.34
603038,华立股份,15.77,15.76,15.77,15.4,15.44,16.0,15.24,4686000.0,73442533.0,2.403,0.37
603039,泛微网络,44.33,0.0,44.33,49.25,48.3,48.96,44.33,25295201.0,1186658293.0,-9.99,-4.92
603040,新坐标,95.13,95.12,95.13,95.7,95.6,96.3,93.81,2583600.0,245655054.0,-0.596,-0.57
603041,美思德,11.6,11.6,11.61,11.53,11.52,11.69,11.21,2949254.0,33845322.0,0.607,0.07
603042,华脉科技,20.97,20.97,0.0,19.06,18.89,20.97,18.76,16954438.0,343514439.0,10.021,1.91
603043,广州酒家,13.71,13.71,13.72,14.07,13.98,14.04,13.62,4139100.0,56927977.0,-2.559,-0.36
603045,福达合金,88.17,88.17,0.0,80.15,84.0,88.17,81.2,16742008.0,1430064319.0,10.006,8.02
603048,浙江黎明,20.09,20.09,20.1,19.27,19.27,20.33,18.86,2898654.0,57389856.0,4.255,0.82
603049,中策橡胶,47.4,47.39,47.4,48.78,48.62,48.67,47.38,2801674.0,134215406.0,-2.829,-1.38
603050,科林电气,20.03,20.03,20.04,20.05,20.15,20.45,19.83,8004226.0,160800235.0,-0.1,-0.02
603051,鹿山新材,21.51,21.51,21.55,21.16,21.08,21.8,20.9,5309641.0,114061462.0,1.654,0.35
603052,可川科技,91.53,91.53,91.54,90.78,92.4,92.8,89.65,6876513.0,626781687.0,0.826,0.75
603053,成都燃气,8.98,8.96,8.98,9.03,9.05,9.05,8.9,1519100.0,13595417.0,-0.554,-0.05
603055,台华新材,8.1,8.09,8.1,8.33,8.46,8.46,8.06,7164800.0,58312985.0,-2.761,-0.23
603057,紫燕食品,23.62,23.62,23.65,24.02,23.85,24.0,23.28,3087700.0,72479519.0,-1.665,-0.4
603058,永吉股份,10.01,10.01,10.04,10.11,10.1,10.29,9.87,9954400.0,100265831.0,-0.989,-0.1
603059,倍加洁,26.55,26.55,26.57,26.5,26.8,26.8,25.88,878143.0,23082795.0,0.189,0.05
603060,国检集团,7.52,7.52,7.53,7.98,7.8,7.81,7.45,39721799.0,302069100.0,-5.764,-0.46
603061,金海通,336.7,336.67,336.7,337.45,339.5,344.16,327.0,2113925.0,709435695.0,-0.222,-0.75
603062,麦加芯彩,41.46,41.41,41.46,42.05,42.19,42.19,41.3,582100.0,24193939.0,-1.403,-0.59
603063,禾望电气,51.54,51.54,51.55,49.34,49.34,52.09,49.01,25804887.0,1310276874.0,4.459,2.2
603065,宿迁联盛,14.45,14.44,14.45,13.4,12.8,14.74,12.74,63823718.0,907517770.0,7.836,1.05
603066,音飞储存,10.59,10.58,10.59,10.27,10.18,10.89,9.97,9230332.0,96693741.0,3.116,0.32
603067,振华股份,35.75,35.75,35.76,34.34,34.27,36.28,33.69,26238459.0,924503578.0,4.106,1.41
603068,博通集成,34.07,34.07,34.11,33.87,33.98,34.31,33.38,3707050.0,125657869.0,0.59,0.2
603069,海汽集团,14.13,14.13,14.14,14.3,14.31,14.37,13.92,3416574.0,48019252.0,-1.189,-0.17
603070,万控智造,17.0,16.99,17.0,16.04,16.7,17.55,16.28,17414690.0,296340301.0,5.985,0.96
603071,物产环能,12.2,12.19,12.2,12.41,12.41,12.41,12.04,2553700.0,31074817.0,-1.692,-0.21
603072,天和磁材,38.84,38.83,38.84,38.38,38.18,39.42,37.83,7372401.0,286408749.0,1.199,0.46
603073,彩蝶实业,16.69,16.69,16.7,16.57,16.66,16.85,16.09,1814608.0,29882026.0,0.724,0.12
603075,热威股份,23.0,22.99,23.0,22.81,22.81,23.05,22.43,2168301.0,49446446.0,0.833,0.19
603076,乐惠国际,21.91,21.9,21.91,22.25,22.24,22.34,21.67,3531100.0,77628353.0,-1.528,-0.34
603077,和邦生物,2.45,2.44,2.45,2.44,2.43,2.47,2.4,142629459.0,347677742.0,0.41,0.01
603078,江化微,47.04,47.04,0.0,42.76,43.0,47.04,42.58,45297658.0,2018503305.0,10.009,4.28
603079,圣达生物,12.98,12.98,12.99,13.03,13.0,13.13,12.74,1755600.0,22687864.0,-0.384,-0.05
603080,新疆火炬,20.09,20.08,20.09,20.79,20.81,20.81,20.0,2422987.0,48923540.0,-3.367,-0.7
603081,大丰实业,9.56,9.56,9.57,9.7,9.72,9.72,9.41,4206500.0,40082379.0,-1.443,-0.14
603082,北自科技,35.51,35.5,35.51,34.0,34.25,35.65,33.43,4098843.0,141784193.0,4.441,1.51
603083,剑桥科技,198.07,198.07,198.08,201.29,208.0,208.0,196.55,28119917.0,5649023871.0,-1.6,-3.22
603085,天成自控,12.29,12.28,12.29,12.91,13.18,13.3,12.24,19361972.0,242628884.0,-4.802,-0.62
603086,先达股份,5.81,5.8,5.81,5.87,5.87,5.87,5.69,6003288.0,34596161.0,-1.022,-0.06
603087,甘李药业,54.83,54.83,54.84,56.5,56.2,56.65,54.78,5951581.0,329485287.0,-2.956,-1.67
603088,宁波精达,10.7,10.7,10.71,10.13,10.13,10.98,9.93,20287664.0,215179598.0,5.627,0.57
603089,正裕工业,9.55,9.54,9.55,9.67,9.67,9.74,9.39,2528044.0,24054039.0,-1.241,-0.12
603090,宏盛股份,62.32,62.32,62.33,58.96,58.96,63.2,58.02,4551000.0,278439070.0,5.699,3.36
603091,众鑫股份,66.08,66.08,66.25,66.66,66.1,67.49,65.12,479090.0,31814190.0,-0.87,-0.58
603092,德力佳,58.6,58.6,58.61,59.61,59.52,59.52,58.25,1179312.0,69124905.0,-1.694,-1.01
603093,南华期货,21.65,21.65,21.67,21.03,21.0,22.2,20.91,32933637.0,712777188.0,2.948,0.62
603095,越剑智能,18.18,18.17,18.18,17.99,17.85,18.29,17.6,3555624.0,63949189.0,1.056,0.19
603096,新经典,14.79,14.79,14.84,15.0,15.02,15.12,14.54,1539600.0,22684768.0,-1.4,-0.21
603097,江苏华辰,26.56,26.56,26.58,25.39,25.6,27.24,25.18,2829644.0,74842453.0,4.608,1.17
603098,森特股份,11.76,11.75,11.76,11.74,11.74,11.88,11.45,5501600.0,64316566.0,0.17,0.02
603099,长白山,37.37,37.36,37.37,37.83,37.6,37.95,37.26,4958600.0,185844836.0,-1.216,-0.46
603100,川仪股份,17.8,17.79,17.8,18.0,18.01,18.01,17.64,4023990.0,71438929.0,-1.111,-0.2
603101,汇嘉时代,6.89,6.89,6.9,6.92,6.87,6.93,6.75,5959769.0,40761512.0,-0.434,-0.03
603102,百合股份,34.24,34.24,34.28,34.81,34.81,34.98,33.84,527262.0,18027924.0,-1.637,-0.57
603103,横店影视,16.61,16.61,16.62,17.19,17.0,17.07,16.41,15020911.0,249829859.0,-3.374,-0.58
603105,芯能科技,7.8,7.8,7.81,7.8,7.84,7.85,7.64,7272490.0,56551082.0,0.0,0.0
603106,恒银科技,7.25,7.25,7.26,7.27,7.33,7.33,7.07,5172271.0,37187803.0,-0.275,-0.02
603107,上海汽配,12.42,12.41,12.42,12.6,12.69,12.69,12.39,1393774.0,17355930.0,-1.429,-0.18
603108,润达医疗,10.36,10.36,10.37,10.55,10.48,10.48,10.26,12478477.0,129089870.0,-1.801,-0.19
603109,神驰机电,18.36,18.35,18.36,18.57,18.6,18.61,18.16,1997840.0,36706644.0,-1.131,-0.21
603110,东方材料,22.67,22.67,22.68,21.76,21.76,22.98,21.2,15610145.0,349078102.0,4.182,0.91
603111,康尼机电,6.22,6.22,6.23,6.32,6.32,6.34,6.15,4446800.0,27627087.0,-1.582,-0.1
603112,华翔股份,18.75,18.75,18.76,18.27,18.31,18.88,18.1,10953950.0,203657586.0,2.627,0.48
603113,金能科技,4.85,4.84,4.85,4.84,4.83,4.87,4.76,7156700.0,34475980.0,0.207,0.01
603115,海星股份,109.04,109.04,0.0,99.13,103.5,109.04,103.48,3780170.0,403344558.0,9.997,9.91
603116,红蜻蜓,6.64,6.64,6.65,6.69,6.69,6.78,6.48,8266600.0,54570515.0,-0.747,-0.05
603117,万林物流,3.81,3.81,3.82,3.82,3.84,3.87,3.72,9704469.0,36754543.0,-0.262,-0.01
603118,共进股份,12.93,12.92,12.93,12.72,12.72,13.05,12.6,28704039.0,369792861.0,1.651,0.21
603119,浙江荣泰,73.1,73.1,73.11,72.81,72.09,73.72,69.51,22147779.0,1579412793.0,0.398,0.29
603120,肯特催化,53.01,53.0,53.01,56.2,56.0,56.0,52.66,7878495.0,423588530.0,-5.676,-3.19
603121,华培动力,15.17,15.16,15.17,14.75,15.13,15.36,14.35,8208602.0,122010436.0,2.847,0.42
603122,合富中国,12.14,12.14,12.15,12.16,12.2,12.22,11.9,7496400.0,90493991.0,-0.164,-0.02
603123,翠微股份,9.33,9.32,9.33,9.26,9.17,9.34,9.14,13147800.0,122006491.0,0.756,0.07
603124,江南新材,202.45,202.45,202.48,196.0,193.65,203.5,190.5,5903116.0,1161516046.0,3.291,6.45
603125,常青科技,28.38,28.38,0.0,25.8,26.11,28.38,25.81,10652857.0,288632633.0,10.0,2.58
603126,中材节能,7.62,7.62,7.63,7.6,7.7,7.77,7.59,10681733.0,81845627.0,0.263,0.02
603127,昭衍新药,32.38,32.37,32.38,32.74,32.7,32.74,31.91,15279709.0,493179664.0,-1.1,-0.36
603128,华贸物流,5.3,5.29,5.3,5.37,5.38,5.38,5.27,10286176.0,54574690.0,-1.304,-0.07
603129,春风动力,228.24,228.24,228.39,223.31,227.8,238.79,227.8,2992597.0,700410687.0,2.208,4.93
603130,云中马,44.77,44.75,44.77,45.18,45.6,46.55,44.72,1444200.0,65503790.0,-0.907,-0.41
603131,上海沪工,18.31,18.31,18.32,18.55,18.62,18.9,18.25,7769600.0,143413788.0,-1.294,-0.24
603132,金徽股份,17.58,17.58,17.59,17.42,17.42,17.73,16.78,7777270.0,134748874.0,0.918,0.16
603135,中重科技,13.01,13.0,13.01,12.63,12.55,13.1,12.33,29276233.0,375811815.0,3.009,0.38
603136,天目湖,8.92,8.92,8.93,9.07,9.11,9.11,8.89,3028655.0,27088918.0,-1.654,-0.15
603137,恒尚节能,12.94,0.0,0.0,12.94,0.0,0.0,0.0,0.0,0.0,0.0,0.0
603138,海量数据,16.28,16.28,16.29,16.3,16.2,16.49,15.71,7800940.0,126138195.0,-0.123,-0.02
603139,康惠股份,40.12,40.12,40.15,39.42,39.43,40.4,38.15,6984800.0,276807091.0,1.776,0.7
603150,万朗磁塑,79.9,79.89,79.9,78.77,78.32,80.96,77.91,3313088.0,264027138.0,1.435,1.13
603151,邦基科技,12.26,12.25,12.26,12.27,12.27,12.31,12.02,1884200.0,22925431.0,-0.081,-0.01
603153,上海建科,13.68,13.68,13.69,13.85,13.85,13.85,13.51,1516400.0,20668975.0,-1.227,-0.17
603155,新亚强,23.22,23.22,23.23,22.33,22.19,23.5,21.81,24872120.0,568830445.0,3.986,0.89
603156,养元饮品,42.27,42.26,42.27,42.43,42.21,42.79,41.31,9462014.0,397835485.0,-0.377,-0.16
603158,腾龙股份,14.0,14.0,14.02,13.04,13.0,14.3,13.0,40670020.0,562121170.0,7.362,0.96
603159,上海亚虹,26.0,0.0,0.0,26.0,0.0,0.0,0.0,0.0,0.0,0.0,0.0
603160,汇顶科技,57.2,57.19,57.2,57.59,57.06,57.65,56.68,5794859.0,330960164.0,-0.677,-0.39
603161,科华控股,14.31,14.3,14.31,14.43,14.36,14.9,13.9,6190542.0,88582494.0,-0.832,-0.12
603162,海通发展,9.95,9.95,9.96,10.3,10.3,10.33,9.88,26431048.0,264772511.0,-3.398,-0.35
603163,圣晖集成,115.18,115.18,115.2,111.88,111.0,115.32,107.76,4951225.0,553641816.0,2.95,3.3
603165,荣晟环保,15.41,15.41,15.42,15.46,15.47,15.98,15.2,6341073.0,98873075.0,-0.323,-0.05
603166,福达股份,14.8,14.8,0.0,13.45,13.32,14.8,13.32,22534860.0,325191115.0,10.037,1.35
603167,渤海轮渡,9.11,9.1,9.11,9.12,9.1,9.11,9.04,3733113.0,33881645.0,-0.11,-0.01
603168,莎普爱思,5.23,5.23,5.25,5.28,5.27,5.28,5.08,8321264.0,42983152.0,-0.947,-0.05
603169,兰石重装,8.12,8.12,0.0,7.38,7.78,8.12,7.73,17671528.0,141196570.0,10.027,0.74
603170,宝立食品,11.9,11.9,11.91,12.23,12.3,12.3,11.87,3367400.0,40334835.0,-2.698,-0.33
603171,税友股份,45.6,45.59,45.6,45.56,45.2,46.31,44.5,3868347.0,176085455.0,0.088,0.04
603172,万丰股份,18.95,18.95,18.96,19.34,19.36,19.36,18.74,2542800.0,48300138.0,-2.017,-0.39
603173,福斯达,34.93,34.93,34.95,35.15,35.01,35.42,34.43,1395376.0,48617188.0,-0.626,-0.22
603175,超颖电子,94.15,94.15,0.0,85.59,85.61,94.15,85.61,5741245.0,531429508.0,10.001,8.56
603176,汇通集团,4.71,4.7,4.71,4.71,4.73,4.73,4.52,5714800.0,26451853.0,0.0,0.0
603177,德创环保,9.38,9.38,9.39,9.2,9.22,9.5,9.03,3543900.0,32757783.0,1.957,0.18
603178,圣龙股份,17.01,17.01,17.02,16.72,16.71,17.14,16.54,6983929.0,117746358.0,1.734,0.29
603179,新泉股份,50.44,50.44,50.45,52.68,52.67,52.7,50.03,24345046.0,1241579691.0,-4.252,-2.24
603180,金牌家居,15.1,15.1,15.12,16.32,16.21,16.24,15.08,3477296.0,53462758.0,-7.475,-1.22
603181,皇马科技,16.4,16.4,16.41,15.52,15.48,16.54,15.41,22526872.0,360211929.0,5.67,0.88
603182,嘉华股份,12.45,12.45,12.46,12.59,12.57,12.57,12.25,2362786.0,29276796.0,-1.112,-0.14
603183,建研院,3.78,3.77,3.78,3.83,3.83,3.85,3.66,10564496.0,39530491.0,-1.305,-0.05
603185,弘元绿能,18.45,18.45,18.46,18.45,18.41,18.58,18.18,12563223.0,230860093.0,0.0,0.0
603186,华正新材,206.06,206.06,0.0,187.33,200.06,206.06,198.0,5787847.0,1179915172.0,9.998,18.73
603187,海容冷链,12.42,12.41,12.42,12.54,12.57,12.57,12.36,2665800.0,33121323.0,-0.957,-0.12
603188,亚邦股份,4.31,4.31,4.32,4.41,4.33,4.4,4.17,13270100.0,56373197.0,-2.268,-0.1
603189,*ST网达,11.61,11.61,11.62,11.64,11.6,11.86,11.2,5000300.0,57712690.0,-0.258,-0.03
603190,亚通精工,26.07,26.07,26.08,26.07,25.95,26.13,25.22,1660200.0,42802519.0,0.0,0.0
603191,望变电气,18.21,18.21,0.0,16.55,16.78,18.21,16.65,15896108.0,281660985.0,10.03,1.66
603192,汇得科技,19.08,19.08,19.09,19.2,19.1,19.38,18.8,1550500.0,29617610.0,-0.625,-0.12
603193,润本股份,21.07,21.06,21.07,21.59,21.5,21.5,20.9,2335200.0,49255580.0,-2.409,-0.52
603194,中力股份,36.87,36.86,36.87,37.95,37.89,37.89,36.79,2542896.0,94093884.0,-2.846,-1.08
603195,公牛集团,39.53,39.53,39.54,40.05,39.93,40.0,39.41,3727183.0,147808923.0,-1.298,-0.52
603196,璞源材料,25.75,25.75,0.0,23.41,24.4,25.75,24.23,4355100.0,108147148.0,9.996,2.34
603197,保隆科技,29.22,29.22,29.23,29.62,29.1,29.79,29.05,2839365.0,83267674.0,-1.35,-0.4
603198,迎驾贡酒,33.09,33.09,33.1,33.64,33.36,33.41,32.96,3360208.0,111399232.0,-1.635,-0.55
603199,九华旅游,32.91,32.91,32.92,33.46,33.46,33.5,32.78,911500.0,29998283.0,-1.644,-0.55
603200,上海洗霸,48.47,48.47,48.48,48.55,48.87,49.86,47.66,6790400.0,330268860.0,-0.165,-0.08
603201,常润股份,17.33,17.33,17.35,17.96,17.9,17.9,17.15,3818468.0,66633752.0,-3.508,-0.63
603202,天有为,66.05,66.03,66.05,66.05,66.08,66.18,64.75,973500.0,63663576.0,0.0,0.0
603203,快克智能,58.94,58.94,58.95,56.49,55.61,59.5,54.91,23078722.0,1330527375.0,4.337,2.45
603205,健尔康,22.36,22.36,22.37,22.86,22.86,22.99,22.1,988455.0,22079538.0,-2.187,-0.5
603206,嘉环科技,18.51,18.51,18.52,18.33,18.13,18.8,17.72,15716123.0,290070497.0,0.982,0.18
603207,小方制药,22.42,22.39,22.42,22.72,22.7,22.7,22.17,999100.0,22319630.0,-1.32,-0.3
603208,江山欧派,11.34,11.33,11.34,11.68,11.66,11.66,11.28,2039361.0,23213394.0,-2.911,-0.34
603209,兴通股份,13.18,13.17,13.18,13.65,13.61,13.62,13.12,4323151.0,57079780.0,-3.443,-0.47
603210,泰鸿万立,13.94,13.93,13.94,14.48,14.31,14.48,13.9,5251333.0,73869355.0,-3.729,-0.54
603211,晋拓股份,31.63,31.62,31.63,30.37,30.11,31.85,30.0,9263160.0,287123804.0,4.149,1.26
603212,赛伍技术,16.04,16.04,16.05,16.35,16.5,16.54,15.83,33873057.0,547103114.0,-1.896,-0.31
603213,镇洋发展,14.33,14.33,14.34,14.58,14.57,14.57,14.21,5392441.0,77428702.0,-1.715,-0.25
603214,爱婴室,13.4,13.4,13.43,13.53,13.59,13.59,13.26,2051000.0,27447048.0,-0.961,-0.13
603215,比依股份,15.13,15.13,15.14,15.0,14.7,15.26,14.54,3840300.0,56996881.0,0.867,0.13
603216,梦天家居,22.75,22.72,22.75,22.89,23.0,23.09,22.54,3078400.0,70236764.0,-0.612,-0.14
603217,元利科技,24.3,24.3,24.31,24.46,24.28,24.73,24.07,2147668.0,52454046.0,-0.654,-0.16
603218,日月股份,11.17,11.17,11.18,10.96,10.99,11.58,10.86,11541844.0,129011618.0,1.916,0.21
603219,富佳股份,15.57,15.56,15.57,15.23,15.33,15.65,15.0,6073900.0,93178205.0,2.232,0.34
603220,中贝通信,24.37,24.36,24.37,23.88,23.65,24.52,23.64,31676280.0,768615111.0,2.052,0.49
603221,爱丽家居,11.97,11.96,11.97,12.26,12.24,12.24,11.7,3516800.0,41744105.0,-2.365,-0.29
603222,济民健康,8.34,8.34,8.35,8.09,8.13,8.47,7.93,12660400.0,104118676.0,3.09,0.25
603223,恒通股份,9.4,9.4,9.42,9.51,9.51,9.55,9.2,13335120.0,125084679.0,-1.157,-0.11
603225,新凤鸣,21.75,21.74,21.75,21.35,20.91,22.98,20.51,58951744.0,1283619766.0,1.874,0.4
603226,菲林格尔,59.13,59.12,59.13,58.15,58.26,60.5,56.7,4554061.0,267502402.0,1.685,0.98
603227,雪峰科技,7.89,7.88,7.89,7.99,8.05,8.05,7.83,8937433.0,70513947.0,-1.252,-0.1
603228,景旺电子,78.15,78.14,78.15,79.48,79.94,79.94,77.11,46308635.0,3616545576.0,-1.673,-1.33
603229,奥翔药业,8.45,8.44,8.45,8.4,8.33,8.56,8.12,10407623.0,86544382.0,0.595,0.05
603230,内蒙新华,9.6,9.6,9.61,9.72,9.8,9.8,9.56,1158456.0,11136462.0,-1.235,-0.12
603231,索宝蛋白,15.02,15.0,15.02,15.25,15.32,15.32,14.82,2423999.0,36258249.0,-1.508,-0.23
603232,格尔软件,16.53,16.53,16.54,16.55,16.85,16.85,16.39,7521400.0,124563286.0,-0.121,-0.02
603233,大参林,16.59,16.58,16.59,16.68,16.83,16.83,16.36,4777290.0,79147259.0,-0.54,-0.09
603235,天新药业,23.34,23.33,23.34,23.61,23.86,23.88,23.22,319400.0,7494618.0,-1.144,-0.27
603236,移远通信,57.35,57.34,57.35,56.63,56.39,57.5,55.39,12056028.0,681569803.0,1.271,0.72
603237,五芳斋,14.64,14.64,14.65,15.07,15.06,15.1,14.58,2172839.0,31916193.0,-2.853,-0.43
603238,诺邦股份,12.28,12.28,12.3,12.39,12.39,12.43,11.95,2745035.0,33464993.0,-0.888,-0.11
603239,浙江仙通,17.47,17.47,17.48,17.33,17.35,17.66,17.02,3802100.0,65962178.0,0.808,0.14
603248,锡华科技,24.25,24.25,24.26,24.46,24.59,24.59,24.0,3925454.0,95158547.0,-0.859,-0.21
603255,鼎际得,33.3,33.29,33.3,33.35,33.34,34.15,33.09,2037800.0,68482597.0,-0.15,-0.05
603256,宏和科技,251.55,251.55,0.0,228.68,237.02,251.55,234.66,13205654.0,3223161067.0,10.001,22.87
603257,中国瑞林,69.95,69.95,69.96,70.42,70.22,70.83,68.6,2321236.0,161756800.0,-0.667,-0.47
603258,电魂网络,13.13,13.13,13.15,13.24,13.25,13.26,12.96,2214556.0,29020012.0,-0.831,-0.11
603259,药明康德,98.16,98.16,98.18,99.37,98.83,100.0,98.0,27170294.0,2679769120.0,-1.218,-1.21
603260,合盛硅业,51.03,51.03,0.0,46.39,46.0,51.03,44.23,51530886.0,2460857363.0,10.002,4.64
603261,立航科技,37.0,36.99,37.0,35.48,36.0,38.49,35.6,2641400.0,98146143.0,4.284,1.52
603262,技源集团,26.44,26.4,26.44,26.69,26.5,26.79,26.02,1330732.0,34938991.0,-0.937,-0.25
603266,天龙股份,17.79,17.79,17.8,17.65,17.72,18.1,17.46,2389400.0,42501786.0,0.793,0.14
603267,鸿远电子,72.23,72.23,72.24,68.42,71.33,73.2,70.7,27094421.0,1953307391.0,5.569,3.81
603268,松发股份,150.76,150.76,150.77,158.4,158.41,160.8,150.5,6765500.0,1038863170.0,-4.823,-7.64
603269,海鸥股份,23.47,23.47,23.48,24.51,24.0,24.99,23.4,34837113.0,831051472.0,-4.243,-1.04
603270,金帝股份,28.66,28.66,28.67,28.75,28.73,29.2,28.2,5583296.0,160566694.0,-0.313,-0.09
603271,永杰新材,50.16,50.16,0.0,45.6,45.04,50.16,44.94,8339667.0,404084062.0,10.0,4.56
603272,*ST联翔,34.39,34.38,34.39,32.75,31.11,34.39,31.11,5903716.0,194263868.0,5.008,1.64
603273,天元智能,14.61,14.61,14.63,14.35,14.43,14.88,13.9,2909600.0,41965074.0,1.812,0.26
603275,众辰科技,42.55,42.54,42.55,40.66,41.41,43.15,40.44,2072114.0,87158811.0,4.648,1.89
603276,恒兴新材,17.07,17.07,17.09,17.07,16.9,17.27,16.62,5978207.0,101118723.0,0.0,0.0
603277,银都股份,10.64,10.61,10.64,10.78,10.78,10.86,10.56,1351085.0,14419996.0,-1.299,-0.14
603278,大业股份,12.87,12.87,12.88,12.6,12.63,13.02,12.4,27920900.0,355643055.0,2.143,0.27
603279,景津装备,13.41,13.41,13.44,13.72,13.7,13.72,13.4,5864051.0,79012568.0,-2.259,-0.31
603280,南方路机,28.06,28.05,28.06,28.14,27.95,28.44,27.35,1224326.0,34151130.0,-0.284,-0.08
603281,江瀚新材,37.25,37.25,37.26,36.48,36.61,37.39,36.02,4332319.0,159614809.0,2.111,0.77
603282,亚光股份,15.02,15.0,15.02,14.85,15.01,15.14,14.43,1950200.0,28847495.0,1.145,0.17
603283,赛腾股份,57.33,57.33,57.34,55.25,55.42,58.2,54.28,34269419.0,1943814398.0,3.765,2.08
603284,林平发展,39.45,39.41,39.45,39.8,39.67,39.88,39.02,699833.0,27543353.0,-0.879,-0.35
603285,键邦股份,45.98,45.98,46.0,47.27,47.19,47.94,45.38,4546867.0,210142113.0,-2.729,-1.29
603286,日盈电子,56.69,56.69,56.7,56.18,55.97,58.57,54.6,4982415.0,282970480.0,0.908,0.51
603288,海天味业,33.79,33.78,33.79,34.14,34.03,34.16,33.64,13123395.0,443405586.0,-1.025,-0.35
603289,泰瑞机器,9.3,9.29,9.3,9.03,8.97,9.36,8.79,6085600.0,55494689.0,2.99,0.27
603290,XD斯达半,124.45,124.44,124.45,116.29,116.92,127.8,116.81,13405935.0,1660981693.0,7.017,8.16
603291,联合水务,9.06,9.06,9.07,9.2,9.21,9.28,8.95,5934860.0,53704860.0,-1.522,-0.14
603293,埃泰克,41.8,41.8,41.81,41.38,41.57,42.06,40.7,2014113.0,83607467.0,1.015,0.42
603296,华勤技术,105.97,105.96,105.97,106.21,106.04,107.47,104.2,15003723.0,1584785773.0,-0.226,-0.24
603297,永新光学,124.02,124.02,124.04,122.15,122.32,124.39,120.28,1590059.0,194647349.0,1.531,1.87
603298,杭叉集团,24.63,24.62,24.63,25.19,25.35,25.35,24.42,5207660.0,129087110.0,-2.223,-0.56
603299,苏盐井神,10.0,10.0,10.02,10.2,10.18,10.24,9.9,5392700.0,54264538.0,-1.961,-0.2
603300,海南华铁,5.12,5.11,5.12,5.17,5.16,5.16,5.06,28635616.0,146002630.0,-0.967,-0.05
603301,振德医疗,88.0,87.96,88.0,85.9,86.5,88.66,85.0,2988129.0,259474345.0,2.445,2.1
603303,得邦照明,32.95,32.95,32.96,33.14,32.81,32.98,31.5,9535236.0,308621412.0,-0.573,-0.19
603305,旭升集团,14.2,14.2,14.21,13.92,13.99,14.35,13.77,25309730.0,357469977.0,2.011,0.28
603306,XD华懋科,106.3,106.3,106.31,104.96,107.0,108.28,103.95,9914536.0,1052032105.0,1.277,1.34
603307,扬州金泉,25.71,25.71,25.78,26.0,26.28,26.28,25.18,953301.0,24390568.0,-1.115,-0.29
603308,应流股份,61.33,61.33,61.34,61.58,61.65,62.88,60.6,19537064.0,1205410298.0,-0.406,-0.25
603309,维力医疗,11.77,11.77,11.78,11.75,11.7,11.77,11.6,2048230.0,23939539.0,0.17,0.02
603310,巍华新材,16.02,16.02,16.03,15.98,16.02,16.33,15.61,3250400.0,51859327.0,0.25,0.04
603311,金海高科,40.8,40.79,40.8,39.07,39.5,42.9,38.4,17790200.0,732384966.0,4.428,1.73
603312,西典新能,37.66,37.65,37.66,36.01,36.13,37.87,35.28,2053300.0,75597838.0,4.582,1.65
603313,梦百合,5.17,5.17,5.18,5.2,5.2,5.2,5.06,6991238.0,35814881.0,-0.577,-0.03
603315,福鞍股份,17.03,17.02,17.03,16.29,16.55,17.5,16.23,18627600.0,314527972.0,4.543,0.74
603316,诚邦股份,20.29,20.28,20.29,19.76,19.82,20.38,19.41,16958260.0,338241825.0,2.682,0.53
603317,天味食品,13.67,13.66,13.67,13.89,13.86,13.89,13.45,8429508.0,114774669.0,-1.584,-0.22
603318,水发燃气,9.65,9.65,0.0,8.77,8.77,9.65,8.51,61045791.0,566343910.0,10.034,0.88
603319,美湖股份,36.19,36.17,36.19,35.3,35.75,37.36,35.09,25068313.0,906134300.0,2.521,0.89
603320,迪贝电气,21.47,21.47,21.48,20.21,20.19,22.09,19.95,4043150.0,86207107.0,6.235,1.26
603321,梅轮电梯,6.32,6.32,6.33,6.31,6.35,6.38,6.19,3904900.0,24562602.0,0.158,0.01
603322,超讯科技,29.18,29.18,29.19,28.82,28.99,29.44,28.41,4514896.0,131069068.0,1.249,0.36
603323,苏农银行,4.8,4.8,4.81,4.89,4.88,4.89,4.79,29195269.0,140842495.0,-1.84,-0.09
603324,盛剑科技,35.62,35.61,35.62,34.26,34.06,35.88,33.5,13389180.0,464776553.0,3.97,1.36
603325,博隆技术,56.85,56.78,56.85,58.17,58.17,58.39,56.56,485620.0,27659707.0,-2.269,-1.32
603326,我乐家居,6.77,6.77,6.79,6.86,6.86,6.87,6.64,2823340.0,19056454.0,-1.312,-0.09
603327,福蓉科技,10.78,10.78,10.79,10.68,10.68,10.78,10.44,47632051.0,506027207.0,0.936,0.1
603328,依顿电子,14.39,14.39,14.4,14.24,14.2,14.63,14.01,69682851.0,1000913254.0,1.053,0.15
603329,上海雅仕,9.78,9.78,9.79,9.85,9.99,9.99,9.56,3289443.0,31939111.0,-0.711,-0.07
603330,天洋新材,8.16,8.16,8.17,8.37,8.39,8.56,8.04,45514583.0,372989005.0,-2.509,-0.21
603331,百达精工,11.94,11.94,11.95,11.95,11.9,12.02,11.57,4977560.0,58847826.0,-0.084,-0.01
603332,苏州龙杰,11.37,11.37,11.39,11.47,11.47,11.5,11.15,3083972.0,34869247.0,-0.872,-0.1
603333,福华尚纬,8.32,8.32,8.33,8.53,8.46,8.59,8.12,21077900.0,175639586.0,-2.462,-0.21
603334,丰倍生物,41.9,41.86,41.9,41.38,41.35,42.45,40.7,1549106.0,64684388.0,1.257,0.52
603335,迪生力,8.81,8.81,8.82,8.86,9.75,9.75,8.4,117569576.0,1060647833.0,-0.564,-0.05
603336,宏辉果蔬,8.17,8.16,8.17,8.4,8.4,8.42,8.11,21067939.0,173716431.0,-2.738,-0.23
603337,杰克科技,40.46,40.45,40.46,38.9,39.05,40.66,38.02,6690820.0,262687062.0,4.01,1.56
603338,浙江鼎力,48.5,48.49,48.5,49.53,49.53,49.53,48.36,4310251.0,209519692.0,-2.08,-1.03
603339,四方科技,12.82,12.81,12.82,12.89,12.93,12.93,12.51,3216642.0,40925820.0,-0.543,-0.07
603341,龙旗科技,38.21,38.21,38.22,37.26,37.0,40.0,36.88,11627985.0,442580513.0,2.55,0.95
603344,星德胜,29.29,29.28,29.29,29.19,29.19,29.58,28.83,3613600.0,105800292.0,0.343,0.1
603345,安井食品,86.36,86.36,86.46,88.85,88.79,88.79,86.21,4748751.0,412876733.0,-2.802,-2.49
603348,文灿股份,14.96,14.95,14.96,15.03,15.08,15.22,14.66,2544917.0,37947542.0,-0.466,-0.07
603350,安乃达,30.42,30.42,30.43,30.32,30.3,30.59,30.02,480338.0,14581220.0,0.33,0.1
603351,威尔药业,24.69,24.65,24.69,25.23,25.12,25.54,24.35,1043660.0,25686187.0,-2.14,-0.54
603352,至信股份,28.5,28.49,28.5,28.64,28.66,28.75,28.2,916538.0,26070717.0,-0.489,-0.14
603353,和顺石油,40.7,40.7,40.71,40.67,40.27,41.35,39.39,6573900.0,265522842.0,0.074,0.03
603355,莱克电气,28.17,28.17,28.2,28.18,28.2,28.88,26.9,4107432.0,115421852.0,-0.035,-0.01
603356,华菱精工,18.68,18.68,18.7,17.79,17.96,18.8,17.62,5309508.0,97784274.0,5.003,0.89
603357,设计总院,6.63,6.62,6.63,6.73,6.73,6.73,6.6,2786622.0,18481345.0,-1.486,-0.1
603358,华达科技,37.3,37.29,37.3,38.44,38.0,38.58,37.17,11532162.0,435958776.0,-2.966,-1.14
603359,*ST东珠,2.71,2.71,2.72,2.64,2.63,2.73,2.56,10564060.0,28027109.0,2.652,0.07
603360,百傲化学,19.12,19.12,19.13,19.27,19.15,19.35,18.95,11815823.0,226125121.0,-0.778,-0.15
603363,傲农生物,2.94,2.94,2.95,2.93,2.93,2.96,2.88,25838830.0,75353933.0,0.341,0.01
603365,水星家纺,17.61,17.61,17.63,18.43,18.35,18.36,17.1,3181100.0,55912871.0,-4.449,-0.82
603366,日出东方,7.09,7.08,7.09,7.06,7.06,7.1,6.95,7725997.0,54338686.0,0.425,0.03
603367,辰欣药业,13.19,13.18,13.19,13.4,13.33,13.33,13.15,3697900.0,48832870.0,-1.567,-0.21
603368,XD柳药集,15.9,15.89,15.9,16.02,16.02,16.02,15.68,4993108.0,78795058.0,-0.749,-0.12
603369,今世缘,24.66,24.66,24.67,25.62,25.57,25.57,24.42,16248853.0,402366761.0,-3.747,-0.96
603370,华新精科,43.3,43.28,43.3,43.31,43.11,44.2,43.0,926147.0,40413773.0,-0.023,-0.01
603373,安邦护卫,38.5,38.5,38.51,36.22,37.93,39.6,37.02,8021881.0,307019626.0,6.295,2.28
603375,盛景微,48.99,48.98,48.99,49.73,49.4,50.0,48.52,3267130.0,160713177.0,-1.488,-0.74
603376,大明电子,26.83,26.83,26.89,26.99,26.92,27.05,26.61,741918.0,19874039.0,-0.593,-0.16
603377,ST东时,3.47,3.47,3.48,3.52,3.5,3.52,3.46,5636153.0,19599967.0,-1.42,-0.05
603378,*ST亚士,5.46,5.45,5.46,5.29,5.25,5.53,5.03,19217735.0,100949841.0,3.214,0.17
603379,三美股份,66.81,66.8,66.81,67.29,66.5,68.18,65.03,17552415.0,1170232033.0,-0.713,-0.48
603380,易德龙,37.81,37.81,37.82,36.39,36.1,37.98,35.8,3672397.0,136973903.0,3.902,1.42
603381,永臻股份,17.21,17.21,17.24,17.18,17.19,17.35,16.9,3468558.0,59538735.0,0.175,0.03
603382,海阳科技,19.41,19.41,19.42,19.81,19.79,19.79,19.25,1364559.0,26588770.0,-2.019,-0.4
603383,顶点软件,29.02,29.02,29.03,29.35,29.1,29.38,28.84,4110229.0,119457611.0,-1.124,-0.33
603385,惠达卫浴,5.32,5.31,5.32,5.36,5.42,5.45,5.17,4337600.0,22891685.0,-0.746,-0.04
603386,骏亚科技,17.82,17.82,17.83,18.09,17.99,18.26,17.75,13712480.0,245576260.0,-1.493,-0.27
603387,基蛋生物,8.22,8.22,8.23,8.23,8.25,8.28,8.12,6075408.0,49813248.0,-0.122,-0.01
603389,*ST亚振,59.8,59.75,59.8,59.07,59.77,60.0,57.35,970909.0,56979738.0,1.236,0.73
603390,通达电气,11.94,11.94,11.95,11.73,11.78,12.03,11.66,7458026.0,88510440.0,1.79,0.21
603391,力聚热能,56.48,56.47,56.48,57.98,57.75,58.48,56.08,1023510.0,58117156.0,-2.587,-1.5
603392,万泰生物,28.9,28.9,28.91,28.36,28.38,29.2,28.0,7390857.0,211752769.0,1.904,0.54
603393,新天然气,26.64,26.64,26.65,28.24,28.05,28.19,26.55,9510014.0,257837315.0,-5.666,-1.6
603395,红四方,22.36,22.36,22.37,22.75,22.62,22.73,22.27,1962130.0,43939603.0,-1.714,-0.39
603396,金辰股份,29.53,29.52,29.53,29.4,29.9,30.5,29.4,3913857.0,116444557.0,0.442,0.13
603398,*ST沐邦,13.65,13.64,13.65,13.3,13.27,13.72,13.09,7230048.0,97215395.0,2.632,0.35
603399,永杉锂业,20.74,20.74,20.75,21.32,20.31,21.71,20.3,113904642.0,2376682634.0,-2.72,-0.58
603400,华之杰,59.33,59.32,59.33,58.68,58.5,61.18,57.4,1380412.0,81599062.0,1.108,0.65
603402,陕西旅游,70.58,70.58,70.6,72.51,72.94,72.96,70.5,983320.0,70192788.0,-2.662,-1.93
603406,天富龙,29.06,29.05,29.06,28.99,29.11,29.6,28.44,1384822.0,40257962.0,0.241,0.07
603407,长裕集团,62.87,62.87,0.0,57.15,58.65,62.87,58.65,6180641.0,378181355.0,10.009,5.72
603408,建霖家居,10.09,10.06,10.09,10.11,10.17,10.19,9.99,1388900.0,14015736.0,-0.198,-0.02
603409,汇通控股,31.81,31.81,31.82,31.23,31.22,31.88,30.03,4307665.0,133521566.0,1.857,0.58
603416,信捷电气,55.62,55.61,55.62,55.1,55.11,56.16,54.45,2184500.0,121020276.0,0.944,0.52
603418,友升股份,50.61,50.59,50.61,50.84,50.99,50.99,50.03,904162.0,45689398.0,-0.452,-0.23
603421,鼎信通讯,6.74,6.73,6.74,6.64,6.64,6.8,6.46,8332642.0,55481231.0,1.506,0.1
603429,*ST集友,9.74,9.73,9.74,9.4,9.46,9.86,9.33,4790834.0,46297467.0,3.617,0.34
603435,嘉德利,68.68,68.68,68.69,66.6,65.11,69.73,65.11,7936016.0,539934451.0,3.123,2.08
603439,三力制药,15.34,15.33,15.34,14.74,14.74,15.34,14.37,15276300.0,227351884.0,4.071,0.6
603444,吉比特,329.46,329.46,329.47,341.37,339.83,339.83,329.04,1741371.0,580358197.0,-3.489,-11.91
603456,九洲药业,12.61,12.6,12.61,12.73,12.72,12.76,12.55,9426998.0,119073124.0,-0.943,-0.12
603458,勘设股份,13.38,13.38,13.4,14.27,14.88,15.37,13.31,46989001.0,662066254.0,-6.237,-0.89
603459,红板科技,85.99,85.99,86.0,80.91,81.97,88.0,80.92,19361262.0,1632288803.0,6.279,5.08
603466,风语筑,10.46,10.46,10.47,11.31,11.11,11.23,10.19,76411363.0,808054918.0,-7.515,-0.85
603477,巨星农牧,14.24,14.24,14.25,14.2,14.2,14.34,13.96,8148011.0,115396100.0,0.282,0.04
603486,科沃斯,54.91,54.9,54.91,55.58,55.6,55.77,54.85,5631660.0,311223276.0,-1.205,-0.67
603488,展鹏科技,11.98,11.97,11.98,12.59,12.8,12.8,11.84,21679880.0,262334784.0,-4.845,-0.61
603489,八方股份,32.76,32.76,32.78,32.08,32.49,33.08,32.22,2928794.0,95808961.0,2.12,0.68
603496,恒为科技,23.15,23.15,23.16,22.86,23.0,23.3,22.35,11123498.0,253736074.0,1.269,0.29
603499,翔港科技,20.35,20.35,20.38,19.86,20.67,20.68,19.66,7741030.0,156364005.0,2.467,0.49
603500,祥和实业,13.38,13.38,13.39,13.44,13.03,14.11,12.77,44054107.0,595940211.0,-0.446,-0.06
603501,豪威集团,88.2,88.2,88.22,88.72,88.0,89.65,87.72,17121067.0,1516996495.0,-0.586,-0.52
603505,金石资源,19.82,19.81,19.82,19.52,19.3,20.25,19.16,33155900.0,656181669.0,1.537,0.3
603506,XD南都物,10.46,10.46,10.47,10.32,10.33,10.5,10.06,3174606.0,32626747.0,1.357,0.14
603507,振江股份,38.7,38.7,38.71,38.03,37.51,39.44,37.51,7400044.0,284232142.0,1.762,0.67
603508,思维列控,21.75,21.75,21.76,21.92,22.0,22.0,21.66,2908774.0,63307614.0,-0.776,-0.17
603511,爱慕股份,12.6,12.58,12.6,12.65,12.85,12.85,12.37,1312400.0,16422874.0,-0.395,-0.05
603515,欧普照明,18.73,18.73,18.75,18.72,18.7,18.8,18.42,900400.0,16750477.0,0.053,0.01
603516,淳中科技,134.64,134.64,0.0,122.4,127.95,134.64,127.4,6852220.0,914113651.0,10.0,12.24
603517,ST绝味,11.54,11.54,11.55,11.96,11.97,12.0,11.5,8150980.0,94893151.0,-3.512,-0.42
603518,锦泓集团,7.96,7.95,7.96,8.17,8.17,8.17,7.91,7591360.0,60510695.0,-2.57,-0.21
603519,立霸股份,14.06,14.05,14.06,14.04,13.97,14.35,13.88,9394584.0,132566128.0,0.142,0.02
603520,司太立,9.58,9.58,9.59,9.36,9.28,9.7,9.14,17864954.0,168436650.0,2.35,0.22
603527,众源新材,14.9,14.9,14.91,14.52,14.4,15.45,14.23,50118169.0,745073758.0,2.617,0.38
603528,多伦科技,6.8,6.79,6.8,6.82,6.87,6.87,6.6,17556437.0,117742602.0,-0.293,-0.02
603529,爱玛科技,20.78,20.78,20.8,21.12,21.29,21.29,20.71,5343120.0,111160590.0,-1.61,-0.34
603530,神马电力,53.4,53.39,53.4,53.66,53.35,54.54,53.09,3767336.0,202214459.0,-0.485,-0.26
603533,掌阅科技,20.59,20.59,20.6,20.67,20.75,20.86,20.09,13484972.0,276669700.0,-0.387,-0.08
603535,嘉诚国际,6.72,6.72,6.73,6.77,6.8,6.8,6.65,2801673.0,18811591.0,-0.739,-0.05
603536,惠发食品,8.72,8.72,8.73,8.73,8.73,8.75,8.46,3879032.0,33325563.0,-0.115,-0.01
603538,美诺华,38.02,38.02,38.03,39.02,39.0,39.2,37.39,14903363.0,566104613.0,-2.563,-1.0
603551,奥普科技,9.52,9.52,9.54,9.75,9.73,9.76,9.52,2267200.0,21751420.0,-2.359,-0.23
603556,海兴电力,23.77,23.77,23.78,24.03,24.19,24.19,23.52,3195776.0,75936509.0,-1.082,-0.26
603557,*ST起步,4.37,4.36,4.37,4.5,4.5,4.52,4.34,5600471.0,24633980.0,-2.889,-0.13
603558,健盛集团,11.85,11.84,11.85,12.18,12.15,12.15,11.8,3689400.0,43933442.0,-2.709,-0.33
603559,ST通脉,8.6,8.6,8.61,8.59,8.55,8.73,8.38,3774002.0,32287057.0,0.116,0.01
603565,中谷物流,10.36,10.36,10.37,10.33,10.34,10.49,10.18,19181685.0,198926852.0,0.29,0.03
603566,XD普莱柯,10.04,10.03,10.04,10.15,10.11,10.12,9.97,2704700.0,27092933.0,-1.084,-0.11
603567,珍宝岛,5.48,5.47,5.48,5.92,5.89,5.91,5.39,33464269.0,186312855.0,-7.432,-0.44
603568,伟明环保,17.0,17.0,17.02,17.02,17.02,17.41,16.81,10766519.0,183394080.0,-0.118,-0.02
603569,长久物流,5.47,5.46,5.47,5.65,5.66,5.68,5.39,7116820.0,38984973.0,-3.186,-0.18
603577,汇金通,9.82,9.82,9.83,9.7,9.73,10.15,9.53,5934040.0,58636918.0,1.237,0.12
603578,三星新材,13.43,13.42,13.43,12.96,12.8,13.69,12.77,5873320.0,77987452.0,3.627,0.47
603579,荣泰健康,19.01,19.01,19.02,19.57,19.56,19.56,18.82,3541190.0,67400223.0,-2.862,-0.56
603580,*ST艾艾,24.81,24.8,24.81,24.26,25.47,25.47,24.2,1308856.0,32346797.0,2.267,0.55
603583,捷昌驱动,24.75,24.75,24.77,24.79,24.8,25.0,24.35,3960575.0,97789276.0,-0.161,-0.04
603585,苏利股份,15.2,15.2,15.21,15.25,15.25,15.38,14.92,2809981.0,42593464.0,-0.328,-0.05
603586,金麒麟,17.37,0.0,17.37,19.3,17.37,17.37,17.37,3609200.0,62691804.0,-10.0,-1.93
603587,地素时尚,11.95,11.94,11.95,12.1,12.17,12.19,11.9,2029291.0,24316732.0,-1.24,-0.15
603588,高能环境,14.7,14.69,14.7,14.06,14.07,14.9,13.89,68353590.0,995031434.0,4.552,0.64
603589,口子窖,20.14,20.14,20.15,20.67,20.56,20.59,20.08,4224334.0,85511575.0,-2.564,-0.53
603590,康辰药业,29.34,29.34,29.35,29.78,29.51,29.6,29.15,1699700.0,49831769.0,-1.478,-0.44
603595,ST东尼,26.96,26.95,26.96,26.76,27.3,27.8,26.45,5595589.0,152288540.0,0.747,0.2
603596,伯特利,28.35,28.35,28.36,28.78,28.75,29.09,28.22,15787952.0,450827282.0,-1.494,-0.43
603598,引力传媒,19.72,19.71,19.72,19.34,19.55,19.84,19.04,13944800.0,271745111.0,1.965,0.38
603599,广信股份,10.96,10.95,10.96,11.28,11.23,11.6,10.91,13661378.0,152407980.0,-2.837,-0.32
603600,永艺股份,9.64,9.64,9.65,9.86,9.81,9.86,9.6,3724350.0,36004139.0,-2.231,-0.22
603601,再升科技,14.34,14.34,14.35,13.95,14.3,14.97,14.18,188400061.0,2737314144.0,2.796,0.39
603602,纵横通信,12.88,12.88,12.89,12.7,12.66,12.97,12.33,5172993.0,65797644.0,1.417,0.18
603605,珀莱雅,66.27,66.27,66.28,66.59,66.21,66.7,64.61,4931814.0,323324839.0,-0.481,-0.32
603606,东方电缆,40.82,40.82,40.83,41.31,41.12,41.69,40.56,17174089.0,705659525.0,-1.186,-0.49
603607,XD京华激,20.69,20.69,20.7,21.23,21.41,21.41,20.4,3617399.0,74716874.0,-2.544,-0.54
603608,天创时尚,28.69,28.69,28.7,26.58,26.57,28.97,26.36,42831263.0,1205010880.0,7.938,2.11
603609,禾丰股份,6.05,6.04,6.05,6.19,6.18,6.18,6.03,4213800.0,25544612.0,-2.262,-0.14
603610,麒盛科技,18.14,18.14,18.15,17.4,17.4,18.72,17.0,11500011.0,207134972.0,4.253,0.74
603611,诺力股份,17.39,17.38,17.39,17.5,17.5,17.68,17.02,4004900.0,69515374.0,-0.629,-0.11
603612,索通发展,21.13,21.12,21.13,20.7,20.7,21.83,20.28,16304901.0,345164090.0,2.077,0.43
603613,国联股份,20.16,20.15,20.16,20.01,20.0,20.43,19.56,10484743.0,209824047.0,0.75,0.15
603615,茶花股份,17.75,17.75,17.76,17.4,17.33,17.88,16.95,3519099.0,61700482.0,2.011,0.35
603616,韩建河山,6.05,6.05,6.06,6.14,6.09,6.17,5.85,44158508.0,265450899.0,-1.466,-0.09
603617,君禾股份,7.71,7.7,7.71,7.61,7.59,7.8,7.56,13342768.0,102938444.0,1.314,0.1
603618,杭电股份,47.03,47.03,0.0,42.75,43.98,47.03,43.88,39026921.0,1779585171.0,10.012,4.28
603619,中曼石油,22.92,22.91,22.93,23.44,23.43,23.43,22.87,19059771.0,439541432.0,-2.218,-0.52
603626,科森科技,21.8,21.8,21.81,21.9,21.69,22.07,21.4,22803575.0,496722303.0,-0.457,-0.1
603628,清源股份,10.26,10.25,10.26,10.35,10.35,10.38,10.1,3494907.0,35800175.0,-0.87,-0.09
603629,利通电子,163.1,163.09,163.1,167.37,169.66,173.97,158.55,37346924.0,6141205213.0,-2.551,-4.27
603630,拉芳家化,13.3,13.29,13.31,13.43,13.3,13.55,13.07,3484600.0,46249513.0,-0.968,-0.13
603633,徕木股份,8.28,8.27,8.28,8.1,8.11,8.33,7.95,18625489.0,151995194.0,2.222,0.18
603636,南威软件,9.61,9.61,9.62,9.24,9.0,9.91,9.0,35898705.0,339825220.0,4.004,0.37
603637,镇海股份,16.61,16.61,16.64,16.62,16.62,16.99,16.1,11256719.0,186152367.0,-0.06,-0.01
603638,艾迪精密,24.53,24.52,24.53,24.79,24.99,25.0,24.0,14342359.0,350539570.0,-1.049,-0.26
603639,海利尔,10.71,10.7,10.71,10.88,10.93,10.93,10.66,1451700.0,15565657.0,-1.563,-0.17
603648,畅联股份,8.68,8.68,8.72,8.71,8.71,8.72,8.54,2952812.0,25499828.0,-0.344,-0.03
603650,彤程新材,63.99,63.99,64.0,62.06,62.04,64.58,62.01,24535148.0,1561216007.0,3.11,1.93
603655,朗博科技,32.3,32.27,32.33,33.32,32.99,33.82,30.7,3597600.0,114214969.0,-3.061,-1.02
603656,泰禾智能,18.46,18.45,18.46,18.16,18.15,18.55,17.71,3875260.0,70587252.0,1.652,0.3
603657,春光科技,24.56,24.54,24.56,22.93,22.67,25.22,22.32,8351142.0,199547601.0,7.109,1.63
603658,安图生物,31.49,31.49,31.52,32.09,31.93,32.19,31.44,2133098.0,67581408.0,-1.87,-0.6
603659,璞泰来,29.68,29.68,29.69,29.16,29.56,30.08,28.89,42610603.0,1259618634.0,1.783,0.52
603660,苏州科达,11.93,11.92,11.93,11.12,11.35,12.08,11.0,30275598.0,353430482.0,7.284,0.81
603661,恒林股份,33.68,33.68,33.7,34.58,34.36,34.77,33.45,7174000.0,243592259.0,-2.603,-0.9
603662,柯力传感,69.16,69.15,69.16,66.6,66.58,71.43,65.75,14571096.0,1004257697.0,3.844,2.56
603663,三祥新材,82.98,82.98,0.0,75.44,76.0,82.98,73.49,19190679.0,1535609188.0,9.995,7.54
603665,康隆达,26.27,26.27,26.28,26.46,27.52,27.52,26.01,2763600.0,73243417.0,-0.718,-0.19
603666,亿嘉和,27.6,27.6,27.64,26.44,26.3,27.95,25.86,5528100.0,149697353.0,4.387,1.16
603667,五洲新春,66.38,66.38,66.39,67.0,66.65,67.79,65.09,21154861.0,1407357560.0,-0.925,-0.62
603668,天马科技,11.11,11.1,11.11,11.38,11.37,11.37,10.97,4846335.0,53810249.0,-2.373,-0.27
603669,灵康药业,4.74,4.74,4.75,4.73,4.72,4.86,4.64,17852634.0,84958806.0,0.211,0.01
603676,卫信康,8.72,8.72,8.75,8.83,8.87,8.87,8.67,1545000.0,13499683.0,-1.246,-0.11
603677,奇精机械,14.36,14.35,14.36,14.62,14.62,14.63,14.13,2191600.0,31359398.0,-1.778,-0.26
603678,火炬电子,67.7,67.7,67.71,63.97,68.36,69.36,65.68,53753185.0,3646909846.0,5.831,3.73
603679,华体科技,19.34,19.34,19.35,19.4,19.2,19.78,19.13,7359048.0,142526449.0,-0.309,-0.06
603680,今创集团,11.45,11.45,11.48,11.53,11.54,11.6,11.31,3350920.0,38425994.0,-0.694,-0.08
603681,永冠新材,26.93,26.9,26.93,27.39,27.12,28.73,26.35,43070191.0,1181829004.0,-1.679,-0.46
603682,锦和商管,8.09,8.09,8.1,8.3,8.29,8.32,7.95,11768700.0,94888929.0,-2.53,-0.21
603683,晶华新材,32.47,32.47,32.5,31.29,31.36,32.7,31.36,15427656.0,495359159.0,3.771,1.18
603685,晨丰科技,31.94,31.94,31.95,31.61,31.8,32.26,31.3,2025749.0,64344408.0,1.044,0.33
603686,福龙马,14.66,14.65,14.66,14.74,14.75,14.77,14.5,6961737.0,101910869.0,-0.543,-0.08
603687,大胜达,18.13,18.12,18.13,18.55,18.23,18.45,17.83,36916500.0,669588599.0,-2.264,-0.42
603688,XD石英股,80.33,80.33,80.34,76.44,76.4,81.52,74.99,39748480.0,3119987728.0,5.089,3.89
603689,皖天然气,7.66,7.66,7.67,7.75,7.74,7.77,7.63,2478960.0,19008974.0,-1.161,-0.09
603690,至纯科技,28.7,28.69,28.7,27.51,27.79,29.5,27.66,34032692.0,984953210.0,4.326,1.19
603693,江苏新能,14.74,14.74,14.75,14.52,14.58,14.98,14.4,15621759.0,229577586.0,1.515,0.22
603696,安记食品,12.8,12.79,12.8,12.82,12.75,12.87,12.57,3333799.0,42459926.0,-0.156,-0.02
603697,有友食品,11.02,11.02,11.03,11.63,11.6,11.7,10.96,11296280.0,126544786.0,-5.245,-0.61
603698,航天工程,31.14,31.14,31.15,30.56,32.0,32.24,30.5,21021049.0,660549847.0,1.898,0.58
603699,纽威股份,57.08,57.07,57.08,56.0,56.51,57.2,54.78,5545076.0,314019374.0,1.929,1.08
603700,宁水集团,10.83,10.83,10.85,10.88,10.9,11.12,10.63,4390930.0,47674053.0,-0.46,-0.05
603701,德宏股份,23.42,23.42,23.43,22.7,23.1,23.6,22.37,5732200.0,132809313.0,3.172,0.72
603703,盛洋科技,12.33,12.33,12.34,11.9,11.78,12.55,11.7,22574978.0,277622898.0,3.613,0.43
603706,东方环宇,19.91,19.91,19.95,20.71,21.06,21.06,19.9,1501192.0,30274236.0,-3.863,-0.8
603707,健友股份,7.29,7.28,7.29,7.47,7.43,7.43,7.26,15246550.0,111651417.0,-2.41,-0.18
603708,家家悦,9.43,9.43,9.44,9.64,9.63,9.63,9.41,3468745.0,32807312.0,-2.178,-0.21
603709,中源家居,15.0,15.0,15.02,14.98,15.14,15.28,14.61,1782124.0,26543482.0,0.134,0.02
603711,香飘飘,12.98,12.97,12.98,13.26,13.26,13.45,12.87,2792891.0,36363919.0,-2.112,-0.28
603712,七一二,13.5,13.5,13.51,13.62,13.62,13.72,13.33,8172689.0,110607900.0,-0.881,-0.12
603713,密尔克卫,58.75,58.75,58.76,58.5,59.5,59.73,56.7,4179058.0,244500534.0,0.427,0.25
603716,塞力医疗,15.8,15.8,15.81,15.89,16.0,16.0,15.56,4520114.0,71204963.0,-0.566,-0.09
603717,天域生物,6.2,6.2,6.21,6.38,6.4,6.42,6.2,9928260.0,62337858.0,-2.821,-0.18
603718,*ST海利,3.14,3.13,3.14,3.09,3.08,3.14,3.0,9848400.0,30296801.0,1.618,0.05
603719,良品铺子,9.29,9.29,9.31,9.6,9.6,9.6,9.22,4758199.0,44344148.0,-3.229,-0.31
603721,中广天择,20.49,20.49,0.0,18.63,18.42,20.49,17.94,5933500.0,114947958.0,9.984,1.86
603722,阿科力,38.2,38.18,38.2,39.27,39.0,39.75,38.13,2533300.0,98116458.0,-2.725,-1.07
603725,天安新材,10.95,10.95,10.96,11.0,10.93,11.45,10.83,11522400.0,127745625.0,-0.455,-0.05
603726,朗迪集团,28.48,28.48,28.5,27.83,28.39,29.26,27.98,9714180.0,277127932.0,2.336,0.65
603727,博迈科,15.89,15.86,15.89,15.41,16.0,16.1,15.02,10965200.0,170852495.0,3.115,0.48
603728,鸣志电器,62.2,62.18,62.2,62.27,61.9,63.26,61.66,8534892.0,532174350.0,-0.112,-0.07
603729,ST龙韵,12.35,12.35,12.36,12.23,12.11,12.4,11.77,2050100.0,24698459.0,0.981,0.12
603730,岱美股份,14.15,14.15,14.16,13.58,13.5,14.29,12.7,82694425.0,1120582560.0,4.197,0.57
603733,仙鹤股份,29.13,29.13,29.14,27.28,27.0,29.49,26.8,22127226.0,631772575.0,6.782,1.85
603737,三棵树,27.2,27.2,27.24,27.7,27.6,27.7,27.1,6729914.0,183876843.0,-1.805,-0.5
603738,泰晶科技,55.51,55.5,55.51,56.91,57.0,58.6,53.31,77531733.0,4311779816.0,-2.46,-1.4
603739,蔚蓝生物,12.34,12.33,12.34,12.52,12.42,12.53,12.3,2687520.0,33183753.0,-1.438,-0.18
603755,日辰股份,25.61,25.54,25.61,26.44,26.39,26.45,25.39,1083700.0,27841934.0,-3.139,-0.83
603757,大元泵业,54.67,54.66,54.67,50.49,51.1,54.96,50.68,13808610.0,733330839.0,8.279,4.18
603758,秦安股份,10.3,10.3,10.31,10.4,10.41,10.45,10.16,2732400.0,28090227.0,-0.962,-0.1
603759,海天股份,7.63,7.62,7.63,7.59,7.61,7.67,7.43,2955680.0,22368482.0,0.527,0.04
603766,隆鑫通用,11.5,11.49,11.5,12.58,12.53,12.58,11.34,65186665.0,758834648.0,-8.585,-1.08
603767,中马传动,16.33,16.33,16.34,16.17,16.2,16.5,15.87,5514300.0,89467863.0,0.989,0.16
603768,常青股份,10.35,10.34,10.35,10.4,10.48,10.48,10.12,3554700.0,36632134.0,-0.481,-0.05
603773,沃格光电,151.03,151.03,0.0,137.3,137.0,151.03,137.0,26823796.0,3954986310.0,10.0,13.73
603776,永安行,20.94,20.94,20.95,20.11,20.1,21.08,19.93,5347506.0,109873188.0,4.127,0.83
603777,来伊份,17.55,17.55,17.56,17.35,17.36,17.87,16.81,13512800.0,234209147.0,1.153,0.2
603778,国晟科技,16.04,0.0,16.04,17.82,16.54,16.84,16.04,81237301.0,1312041796.0,-9.989,-1.78
603779,威龙股份,7.84,7.84,7.85,8.07,7.89,8.04,7.5,35614462.0,275372945.0,-2.85,-0.23
603786,科博达,47.69,47.68,47.69,48.7,48.65,48.65,47.46,2211657.0,105801278.0,-2.074,-1.01
603787,新日股份,9.9,9.9,9.91,9.95,9.97,9.99,9.66,3132484.0,30780786.0,-0.503,-0.05
603788,宁波高发,14.7,14.7,14.72,14.99,14.9,14.98,14.58,2325240.0,34212237.0,-1.935,-0.29
603789,ST星农,5.45,5.45,5.46,5.51,5.52,5.55,5.43,2119960.0,11588696.0,-1.089,-0.06
603790,雅运股份,25.55,25.55,25.57,25.66,25.66,25.98,25.31,3558220.0,91278295.0,-0.429,-0.11
603797,联泰环保,4.13,4.13,4.14,4.19,4.22,4.22,4.07,3987744.0,16406315.0,-1.432,-0.06
603798,康普顿,16.05,16.04,16.05,15.98,16.17,16.48,15.73,6206600.0,99697188.0,0.438,0.07
603799,华友钴业,53.0,53.0,53.01,52.45,52.55,54.12,51.9,75705739.0,4032518730.0,1.049,0.55
603800,洪田股份,80.6,80.59,80.6,74.83,77.2,81.19,76.01,11510102.0,908501187.0,7.711,5.77
603801,志邦家居,6.65,6.64,6.65,6.76,6.83,6.83,6.6,2835913.0,18893388.0,-1.627,-0.11
603803,瑞斯康达,13.33,13.33,0.0,12.12,12.12,13.33,12.06,32834744.0,425371995.0,9.983,1.21
603806,福斯特,17.39,17.38,17.39,16.3,16.39,17.46,16.32,74211217.0,1263600102.0,6.687,1.09
603808,歌力思,8.74,8.74,8.75,9.12,9.1,9.27,8.71,6007446.0,52950000.0,-4.167,-0.38
603809,豪能股份,9.85,9.85,9.86,10.01,9.96,9.97,9.81,12432015.0,122805404.0,-1.598,-0.16
603810,丰山集团,12.3,12.27,12.3,12.37,12.43,12.46,11.89,2405400.0,29283055.0,-0.566,-0.07
603811,诚意药业,10.83,10.82,10.83,11.03,10.97,11.1,10.75,3752770.0,40781689.0,-1.813,-0.2
603813,原尚股份,38.78,38.76,38.78,35.98,36.45,39.2,36.35,2455300.0,93548697.0,7.782,2.8
603815,交建股份,5.8,5.79,5.8,6.23,6.2,6.2,5.77,21931900.0,129414577.0,-6.902,-0.43
603816,顾家家居,25.61,25.6,25.61,26.29,26.15,26.22,25.3,10388349.0,266157160.0,-2.587,-0.68
603817,海峡环保,5.87,5.86,5.87,5.86,5.87,5.9,5.77,6963688.0,40647288.0,0.171,0.01
603818,曲美家居,2.87,2.87,2.88,2.94,2.94,2.95,2.82,13911077.0,39815602.0,-2.381,-0.07
603819,神力股份,11.86,11.86,11.88,11.56,11.58,12.15,11.3,7171259.0,84446045.0,2.595,0.3
603822,ST嘉澳,76.09,76.09,76.1,77.02,77.39,77.83,75.25,728159.0,55270609.0,-1.207,-0.93
603823,百合花,44.35,44.34,44.35,44.15,43.91,46.08,42.53,23785104.0,1051066725.0,0.453,0.2
603825,ST华扬,7.09,7.09,7.1,6.99,6.96,7.14,6.83,3606300.0,25152611.0,1.431,0.1
603826,坤彩科技,32.89,32.88,32.89,32.41,32.72,33.5,31.71,8528202.0,278792809.0,1.481,0.48
603828,*ST利达,4.66,4.66,4.67,4.82,4.82,4.89,4.63,2739330.0,12837529.0,-3.32,-0.16
603829,洛凯股份,19.47,19.46,19.47,19.41,19.58,19.78,19.04,3221600.0,62514787.0,0.309,0.06
603833,欧派家居,34.63,34.63,34.66,34.7,34.75,35.05,33.84,5114301.0,176070963.0,-0.202,-0.07
603836,海程邦达,11.63,11.63,11.67,11.83,11.86,11.94,11.52,2832200.0,32938035.0,-1.691,-0.2
603838,*ST四通,9.36,9.36,0.0,8.91,8.99,9.36,8.52,2242000.0,20349860.0,5.051,0.45
603839,安正时尚,6.48,6.47,6.49,6.55,6.58,6.58,6.34,4086140.0,26373156.0,-1.069,-0.07
603843,*ST正平,8.8,8.8,8.81,8.74,8.86,9.02,8.72,14746253.0,130260151.0,0.686,0.06
603848,好太太,13.95,13.95,13.96,13.94,13.9,13.98,13.63,1587700.0,21931834.0,0.072,0.01
603855,华荣股份,17.96,17.94,17.96,17.71,17.7,18.07,17.62,3148100.0,56114151.0,1.412,0.25
603856,东宏股份,12.62,12.61,12.62,12.75,12.8,12.92,12.55,6774670.0,86061157.0,-1.02,-0.13
603858,步长制药,15.6,15.59,15.6,15.54,15.51,15.64,15.3,5705525.0,88476474.0,0.386,0.06
603859,能科科技,51.2,51.19,51.2,51.79,51.06,52.49,50.58,24196340.0,1241907039.0,-1.139,-0.59
603860,中公高科,26.23,26.18,26.23,26.39,26.45,26.45,25.81,1348135.0,35186203.0,-0.606,-0.16
603861,白云电器,16.48,16.48,0.0,14.98,14.91,16.48,14.44,30173877.0,471860256.0,10.013,1.5
603863,松炀资源,14.76,14.75,14.76,15.13,15.08,15.08,14.65,4223100.0,62598485.0,-2.445,-0.37
603866,桃李面包,4.23,4.22,4.23,4.14,4.12,4.25,4.04,23198368.0,96188369.0,2.174,0.09
603867,新化股份,39.51,39.5,39.51,39.36,39.8,40.16,38.83,9134728.0,362129149.0,0.381,0.15
603868,飞科电器,32.82,32.8,32.82,34.48,34.47,34.75,32.2,3177090.0,105218920.0,-4.814,-1.66
603869,ST智知,9.03,9.02,9.03,8.66,8.65,9.04,8.52,2408170.0,21176096.0,4.273,0.37
603871,嘉友国际,12.05,12.05,12.06,12.19,12.11,12.25,12.0,6760359.0,81563793.0,-1.148,-0.14
603876,鼎胜新材,26.72,26.72,26.73,26.55,26.6,27.4,26.14,31245891.0,835698409.0,0.64,0.17
603877,太平鸟,12.96,12.95,12.96,13.26,13.35,13.35,12.77,2655706.0,34316901.0,-2.262,-0.3
603878,武进不锈,6.09,6.09,6.1,6.43,6.44,6.44,6.05,20085840.0,124719970.0,-5.288,-0.34
603879,永悦科技,4.75,4.75,4.76,4.82,4.81,4.83,4.64,8345190.0,39405169.0,-1.452,-0.07
603880,南卫股份,7.33,7.33,7.34,7.33,7.33,7.37,7.06,6064477.0,43816193.0,0.0,0.0
603881,数据港,31.89,31.89,31.9,32.0,32.0,32.23,31.32,20821141.0,662508465.0,-0.344,-0.11
603882,金域医学,24.31,24.31,24.32,24.78,24.73,24.75,24.12,4420176.0,107489895.0,-1.897,-0.47
603883,老百姓,11.95,11.95,11.96,12.18,12.19,12.2,11.92,7710726.0,92520887.0,-1.888,-0.23
603885,吉祥航空,11.3,11.29,11.3,11.66,11.63,11.78,11.29,19172540.0,219817224.0,-3.087,-0.36
603886,元祖股份,13.49,13.48,13.49,13.14,13.07,13.53,12.9,13708800.0,181455541.0,2.664,0.35
603887,城地香江,10.91,10.91,10.92,10.88,10.97,10.99,10.62,12059450.0,130481999.0,0.276,0.03
603888,新华网,18.73,18.73,18.74,18.58,18.5,19.24,18.31,12196816.0,227613943.0,0.807,0.15
603889,新澳股份,5.83,5.83,5.84,5.96,5.94,5.95,5.8,9305760.0,54507147.0,-2.181,-0.13
603890,春秋电子,24.96,24.95,24.96,24.19,24.0,25.6,23.8,54249757.0,1344821777.0,3.183,0.77
603893,瑞芯微,172.05,172.05,172.06,170.76,171.0,176.8,170.0,8627016.0,1496200653.0,0.755,1.29
603895,天永智能,30.76,30.75,30.76,30.54,30.79,31.18,29.6,1968100.0,60092713.0,0.72,0.22
603896,寿仙谷,15.71,15.68,15.71,15.68,15.53,15.74,15.48,1727130.0,26934524.0,0.191,0.03
603897,长城科技,38.55,38.55,38.56,37.49,37.68,38.65,36.44,6750000.0,254733616.0,2.827,1.06
603898,好莱客,12.61,12.61,12.62,12.83,12.71,12.85,12.39,3946300.0,49545510.0,-1.715,-0.22
603899,晨光股份,22.24,22.24,22.25,22.52,22.5,22.51,22.06,4862991.0,107991040.0,-1.243,-0.28
603900,莱绅通灵,6.27,6.27,6.28,6.39,6.36,6.38,6.19,6530947.0,40962698.0,-1.878,-0.12
603901,永创智能,10.9,10.89,10.9,10.94,10.91,11.04,10.86,6889332.0,75370961.0,-0.366,-0.04
603903,中持股份,12.27,12.27,12.28,12.16,12.1,12.37,11.76,8961576.0,108308254.0,0.905,0.11
603906,龙蟠科技,25.74,25.74,25.75,24.35,24.19,26.2,24.15,58193922.0,1476440455.0,5.708,1.39
603908,牧高笛,19.03,18.98,19.03,19.11,19.23,19.33,18.59,1246906.0,23575642.0,-0.419,-0.08
603909,建发合诚,9.65,9.65,9.66,9.61,9.72,9.72,9.15,2239303.0,21491518.0,0.416,0.04
603912,佳力图,8.61,8.61,8.62,8.46,8.4,8.69,8.31,14058117.0,120013765.0,1.773,0.15
603915,国茂股份,16.12,16.12,16.13,15.99,16.06,16.36,15.68,8196281.0,131256866.0,0.813,0.13
603916,苏博特,13.79,13.79,13.8,14.08,13.98,14.45,13.46,30989701.0,429944552.0,-2.06,-0.29
603917,合力科技,12.2,12.19,12.2,12.23,12.22,12.49,12.01,6703863.0,82512082.0,-0.245,-0.03
603918,金桥信息,10.76,10.75,10.76,10.74,10.72,10.79,10.51,6293035.0,67157128.0,0.186,0.02
603919,金徽酒,18.91,18.91,18.92,18.92,18.84,19.05,18.45,6763791.0,126663402.0,-0.053,-0.01
603920,世运电路,59.0,58.99,59.0,57.68,58.29,59.6,57.65,27049350.0,1584610792.0,2.288,1.32
603922,ST金鸿顺,14.56,14.56,0.0,13.87,14.56,14.56,14.54,845600.0,12310509.0,4.975,0.69
603926,铁流股份,19.95,19.92,19.95,19.3,19.43,20.16,18.85,5584700.0,109504308.0,3.368,0.65
603927,中科软,14.3,14.3,14.31,14.63,14.63,14.63,14.16,12104040.0,173206934.0,-2.256,-0.33
603928,兴业股份,15.52,15.52,15.53,15.45,15.4,15.7,15.22,4417300.0,68640443.0,0.453,0.07
603929,亚翔集成,211.07,211.07,211.1,215.39,215.39,219.68,207.0,8442380.0,1790297420.0,-2.006,-4.32
603931,格林达,57.1,57.07,57.1,53.88,54.03,57.88,52.15,12170752.0,672665984.0,5.976,3.22
603933,XD睿能科,23.53,23.53,23.54,23.03,23.0,23.65,22.81,3936418.0,91697360.0,2.171,0.5
603936,博敏电子,25.37,25.37,25.38,24.97,25.16,25.65,24.5,54739875.0,1375236796.0,1.602,0.4
603937,丽岛新材,14.05,14.03,14.05,13.77,13.73,14.23,13.5,5451400.0,75831103.0,2.033,0.28
603938,三孚股份,57.48,57.48,57.49,54.76,53.9,58.88,53.55,42887834.0,2430141347.0,4.967,2.72
603939,益丰药房,20.2,20.2,20.21,20.91,20.83,20.89,20.01,11952722.0,242825532.0,-3.396,-0.71
603948,建业股份,25.2,25.19,25.2,26.1,26.0,26.19,25.09,2247800.0,57007771.0,-3.448,-0.9
603949,雪龙集团,16.74,16.74,0.0,15.22,15.23,16.74,15.06,8979783.0,146583417.0,9.987,1.52
603950,长源东谷,62.49,62.49,62.5,65.49,65.0,65.49,61.6,9623055.0,607167906.0,-4.581,-3.0
603955,大千生态,24.22,24.22,24.23,24.36,24.18,24.39,23.2,3212890.0,76638523.0,-0.575,-0.14
603956,威派格,4.7,4.7,4.71,4.68,4.65,4.73,4.51,15732400.0,72635165.0,0.427,0.02
603958,哈森股份,20.26,20.26,20.3,19.65,19.61,20.94,19.18,6593882.0,132671337.0,3.104,0.61
603959,ST百利,4.28,4.28,0.0,4.08,4.25,4.28,4.2,9546968.0,40744052.0,4.902,0.2
603960,克来机电,20.91,20.91,20.92,19.89,19.98,21.22,19.69,12750705.0,261795587.0,5.128,1.02
603966,法兰泰克,9.15,9.15,9.16,9.29,9.3,9.35,9.02,11097593.0,101245891.0,-1.507,-0.14
603967,中创物流,11.51,11.51,11.52,12.01,11.99,12.04,11.5,3871420.0,44909925.0,-4.163,-0.5
603968,醋化股份,10.68,10.68,10.69,10.87,11.1,11.17,10.55,3963640.0,42614795.0,-1.748,-0.19
603969,银龙股份,7.8,7.8,7.81,7.8,7.8,8.01,7.66,13058454.0,102268785.0,0.0,0.0
603970,中农立华,10.6,10.6,10.61,10.72,10.74,10.77,10.59,2017396.0,21494238.0,-1.119,-0.12
603976,正川股份,25.18,25.16,25.18,25.18,24.79,25.63,23.73,8453634.0,210821475.0,0.0,0.0
603977,国泰集团,13.54,13.53,13.54,13.01,13.05,13.99,13.02,22833304.0,309885540.0,4.074,0.53
603978,深圳新星,26.75,26.75,26.76,25.85,25.85,27.29,25.39,13616209.0,360065519.0,3.482,0.9
603979,金诚信,72.73,72.72,72.73,77.84,77.45,77.45,71.86,15872679.0,1168201278.0,-6.565,-5.11
603980,吉华集团,5.86,5.86,5.87,5.92,5.86,5.92,5.77,15092360.0,88286582.0,-1.014,-0.06
603982,泉峰汽车,6.37,6.36,6.37,6.35,6.4,6.41,6.17,5726388.0,36077288.0,0.315,0.02
603983,丸美生物,22.08,22.07,22.08,22.29,22.1,22.36,22.02,1572800.0,34816950.0,-0.942,-0.21
603985,恒润股份,24.61,24.61,24.62,24.45,24.46,24.97,24.02,17321091.0,423144870.0,0.654,0.16
603986,兆易创新,532.76,532.75,532.76,518.0,526.0,542.84,517.71,42778507.0,22673887613.0,2.849,14.76
603987,康德莱,7.24,7.23,7.24,7.3,7.29,7.29,7.19,2071450.0,14969314.0,-0.822,-0.06
603988,中电电机,19.36,19.36,19.37,19.53,19.47,19.79,19.18,3333600.0,64567070.0,-0.87,-0.17
603989,艾华集团,34.3,34.3,0.0,31.18,31.0,34.3,30.99,20062448.0,657278210.0,10.006,3.12
603990,麦迪科技,22.83,22.82,22.83,21.77,21.63,23.13,21.45,34131900.0,762210608.0,4.869,1.06
603991,领先股份,114.58,114.58,114.6,118.3,119.25,119.25,113.59,3826100.0,440838174.0,-3.145,-3.72
603992,松霖科技,32.45,32.45,32.46,33.7,33.73,33.99,32.45,6617921.0,218552688.0,-3.709,-1.25
603993,洛阳钼业,20.03,20.03,20.04,20.92,20.4,20.72,19.93,508603647.0,10321429148.0,-4.254,-0.89
603995,甬金股份,21.35,21.35,21.36,21.31,21.03,21.88,21.02,14455103.0,310249897.0,0.188,0.04
603997,继峰股份,14.27,14.27,14.28,14.5,14.51,14.67,14.18,15286600.0,219949322.0,-1.586,-0.23
603998,方盛制药,9.55,9.54,9.55,9.73,9.74,9.75,9.52,4902600.0,47004433.0,-1.85,-0.18
603999,读者传媒,5.53,5.52,5.53,5.59,5.55,5.59,5.43,5431180.0,29910964.0,-1.073,-0.06
605001,威奥股份,5.99,5.99,6.0,6.08,6.1,6.1,5.82,5847570.0,34870634.0,-1.48,-0.09
605003,众望布艺,22.75,22.71,22.75,23.24,23.22,23.33,22.58,745000.0,16979657.0,-2.108,-0.49
605005,合兴股份,16.27,16.27,16.28,16.45,16.46,16.46,16.26,1160700.0,18961646.0,-1.094,-0.18
605006,山东玻纤,23.98,23.98,0.0,21.8,21.5,23.98,21.14,54982228.0,1279384948.0,10.0,2.18
605007,五洲特纸,13.26,13.25,13.26,13.35,13.26,13.43,13.17,2558200.0,34027744.0,-0.674,-0.09
605008,长鸿高科,11.45,11.45,11.46,11.65,11.65,11.8,11.37,2182300.0,25156577.0,-1.717,-0.2
605009,豪悦护理,23.06,23.05,23.06,23.66,23.62,23.68,23.03,1374554.0,31844746.0,-2.536,-0.6
605011,杭州热电,18.23,18.23,18.24,17.98,17.98,18.83,17.76,7006700.0,127756800.0,1.39,0.25
605016,百龙创园,25.51,25.51,25.52,25.97,25.99,26.0,25.35,2541540.0,64887435.0,-1.771,-0.46
605018,长华集团,15.04,15.04,15.05,15.38,15.21,15.54,14.95,16775866.0,253995224.0,-2.211,-0.34
605020,永和股份,35.32,35.3,35.32,35.42,34.7,36.33,34.01,41368731.0,1454316363.0,-0.282,-0.1
605028,世茂能源,22.31,22.28,22.31,22.5,22.24,22.62,22.0,1410400.0,31484552.0,-0.844,-0.19
605033,美邦股份,18.81,18.8,18.84,18.91,18.91,19.03,18.71,1715600.0,32333967.0,-0.529,-0.1
605050,福然德,10.34,10.33,10.34,10.39,10.31,10.39,10.19,1959400.0,20160780.0,-0.481,-0.05
605055,迎丰股份,11.68,11.68,11.69,11.65,11.8,12.35,11.55,7587600.0,89743555.0,0.258,0.03
605056,咸亨国际,18.15,18.15,18.17,18.5,18.5,18.67,18.08,5306873.0,97287031.0,-1.892,-0.35
605058,澳弘电子,40.69,40.69,40.7,40.61,41.65,41.65,39.8,6204000.0,251151561.0,0.197,0.08
605060,联德股份,51.59,51.59,51.6,50.0,49.93,52.4,49.93,5438760.0,279664573.0,3.18,1.59
605066,天正电气,6.94,6.94,6.95,6.74,6.81,7.18,6.66,20475495.0,141910102.0,2.967,0.2
605068,明新旭腾,19.77,19.72,19.77,19.13,19.13,20.0,18.57,2649700.0,51414799.0,3.346,0.64
605069,正和生态,10.78,10.77,10.78,10.6,10.45,10.94,10.11,17334390.0,182752113.0,1.698,0.18
605077,华康股份,12.08,12.07,12.08,12.34,12.31,12.33,11.91,6818889.0,82122273.0,-2.107,-0.26
605080,浙江自然,21.41,21.4,21.41,21.4,21.4,21.66,20.75,2412880.0,51239936.0,0.047,0.01
605081,退市太和,0.37,0.37,0.38,0.37,0.38,0.38,0.36,3450532.0,1275916.0,0.0,0.0
605086,龙高股份,28.3,28.29,28.3,28.31,28.45,29.07,27.53,2237280.0,63303763.0,-0.035,-0.01
605088,冠盛股份,32.06,32.05,32.06,33.19,33.3,33.31,31.94,5564961.0,180492126.0,-3.405,-1.13
605089,味知香,22.15,22.15,22.17,20.75,20.75,22.47,20.2,3333939.0,71890389.0,6.747,1.4
605090,九丰能源,34.65,34.64,34.65,35.75,35.8,35.8,34.54,14478985.0,506099820.0,-3.077,-1.1
605098,行动教育,54.31,54.25,54.31,55.9,55.9,55.9,53.89,1282000.0,69984146.0,-2.844,-1.59
605099,共创草坪,34.22,34.22,34.23,35.19,35.32,35.32,34.04,2841402.0,97433151.0,-2.756,-0.97
605100,华丰股份,36.37,36.31,36.37,35.22,35.22,36.79,34.37,6734780.0,238831080.0,3.265,1.15
605108,同庆楼,12.8,12.8,12.81,12.97,12.9,13.0,12.72,1577000.0,20175872.0,-1.311,-0.17
605111,XD新洁能,66.33,66.33,66.34,65.34,66.6,68.94,66.15,26099055.0,1753620883.0,1.515,0.99
605116,奥锐特,19.15,19.15,19.16,19.58,19.59,19.6,19.1,2797300.0,53854787.0,-2.196,-0.43
605117,德业股份,102.42,102.42,102.43,100.96,102.81,105.91,100.66,22442432.0,2317965611.0,1.446,1.46
605118,力鼎光电,32.99,32.97,32.99,32.94,32.9,33.11,32.4,2646600.0,86819615.0,0.152,0.05
605122,四方新材,11.93,11.93,11.96,11.98,12.1,12.1,11.73,2044520.0,24330800.0,-0.417,-0.05
605123,派克新材,97.97,97.97,97.98,96.33,98.88,99.88,96.88,4400191.0,432694748.0,1.702,1.64
605128,上海沿浦,24.96,24.96,24.97,24.69,24.65,25.33,24.42,7323342.0,182230864.0,1.094,0.27
605133,嵘泰股份,34.24,34.24,34.26,36.25,35.3,36.2,34.11,13347186.0,464948816.0,-5.545,-2.01
605136,丽人丽妆,8.15,8.15,8.16,8.29,8.24,8.28,8.06,6084500.0,49474530.0,-1.689,-0.14
605138,盛泰集团,6.11,6.1,6.11,6.27,6.29,6.3,5.98,5845300.0,35560713.0,-2.552,-0.16
605151,西上海,19.28,19.28,19.29,19.44,19.3,19.62,18.88,1519051.0,29189534.0,-0.823,-0.16
605155,西大门,14.2,14.17,14.2,13.72,13.8,14.4,13.21,3583380.0,49406179.0,3.499,0.48
605158,华达新材,6.63,6.63,6.64,6.57,6.56,6.73,6.39,6059400.0,39762851.0,0.913,0.06
605162,新中港,9.05,9.04,9.05,9.24,9.24,9.38,9.01,18500760.0,168687139.0,-2.056,-0.19
605166,聚合顺,10.76,10.76,0.0,9.78,9.79,10.76,9.73,13520200.0,142010777.0,10.02,0.98
605167,利柏特,13.41,13.41,13.42,13.85,13.74,13.78,13.3,9943536.0,134516348.0,-3.177,-0.44
605168,三人行,49.49,49.49,49.5,46.25,46.26,50.88,45.39,11926898.0,587481241.0,7.005,3.24
605169,洪通燃气,10.02,10.02,10.03,10.06,10.08,10.14,9.76,3897304.0,38789886.0,-0.398,-0.04
605177,东亚药业,18.74,18.73,18.75,20.09,20.12,20.12,18.69,6581234.0,125060346.0,-6.72,-1.35
605178,时空科技,63.13,63.13,63.14,62.58,62.42,64.35,61.39,2189400.0,137993533.0,0.879,0.55
605179,一鸣食品,14.03,14.02,14.03,14.2,14.24,14.24,13.7,1914400.0,26755727.0,-1.197,-0.17
605180,XD华生科,13.99,13.99,14.0,13.92,13.9,14.18,13.71,2757254.0,38587930.0,0.503,0.07
605183,确成股份,15.16,15.15,15.16,15.4,15.4,15.43,15.01,1616222.0,24487191.0,-1.558,-0.24
605186,健麾信息,33.22,33.21,33.22,31.8,32.3,33.99,31.0,14217200.0,462729984.0,4.465,1.42
605188,国光连锁,13.42,13.42,13.43,13.64,13.84,13.84,13.33,4919500.0,66028052.0,-1.613,-0.22
605189,富春染织,13.65,13.65,13.66,13.71,13.71,13.82,13.45,5459118.0,74382990.0,-0.438,-0.06
605196,华通线缆,33.52,33.52,33.54,34.35,33.65,34.71,32.71,22851217.0,768123105.0,-2.416,-0.83
605198,安德利,78.41,78.41,0.0,71.28,78.41,78.41,75.01,12766104.0,995186750.0,10.003,7.13
605199,ST葫芦娃,6.27,6.26,6.27,6.35,6.32,6.34,6.19,1496600.0,9361157.0,-1.26,-0.08
605208,永茂泰,15.67,15.67,15.69,15.94,15.81,15.97,15.58,11547179.0,182087177.0,-1.694,-0.27
605218,伟时电子,18.1,18.09,18.1,17.51,17.4,18.43,17.25,7429400.0,133227493.0,3.37,0.59
605222,起帆电缆,25.49,25.48,25.49,25.23,25.3,26.11,25.03,9410700.0,241151317.0,1.031,0.26
605228,神通科技,13.06,13.06,13.07,13.26,13.2,13.31,12.98,6570018.0,86069713.0,-1.508,-0.2
605255,天普股份,83.26,83.26,0.0,75.69,76.0,83.26,75.7,1676600.0,132716993.0,10.001,7.57
605258,协和电子,36.53,36.52,36.53,35.69,35.98,36.92,35.44,5694200.0,206787672.0,2.354,0.84
605259,绿田机械,17.98,17.97,18.0,18.34,18.48,18.48,17.89,1394120.0,25179908.0,-1.963,-0.36
605266,健之佳,16.15,16.15,16.16,16.6,16.58,16.62,16.0,1803757.0,29258069.0,-2.711,-0.45
605268,王力安防,10.03,10.02,10.03,9.91,9.91,10.13,9.75,4582200.0,45813636.0,1.211,0.12
605277,新亚电子,22.0,22.0,22.01,21.71,21.65,22.12,21.5,13556241.0,296730722.0,1.336,0.29
605286,同力天启,30.15,30.15,30.16,29.48,29.01,30.18,28.78,2522400.0,74709603.0,2.273,0.67
605287,德才股份,43.03,43.03,43.04,41.24,41.24,43.88,40.8,4395426.0,186998186.0,4.34,1.79
605288,凯迪股份,73.5,73.5,73.51,70.16,72.25,74.89,71.2,2648180.0,194328807.0,4.761,3.34
605289,罗曼股份,130.42,130.42,0.0,118.56,119.75,130.42,119.75,7959205.0,1020973225.0,10.003,11.86
605296,神农集团,26.2,26.2,26.21,26.31,26.0,26.5,25.64,1786510.0,46632473.0,-0.418,-0.11
605298,必得科技,55.14,55.14,55.15,56.92,56.36,56.37,54.8,2570800.0,142143270.0,-3.127,-1.78
605299,舒华体育,15.36,15.35,15.36,15.33,15.33,15.39,14.92,10445410.0,158892619.0,0.196,0.03
605300,佳禾食品,9.0,9.0,9.01,9.17,9.17,9.17,8.96,2927058.0,26383580.0,-1.854,-0.17
605303,园林股份,31.47,31.46,31.47,30.03,30.93,32.05,29.54,10150720.0,314817545.0,4.795,1.44
605305,中际联合,38.07,38.05,38.07,38.75,38.68,38.75,37.87,4340806.0,165876817.0,-1.755,-0.68
605318,法狮龙,132.26,132.26,132.88,134.2,133.5,143.9,128.96,6395200.0,866836024.0,-1.446,-1.94
605319,无锡振华,26.22,26.22,26.23,26.09,26.06,26.6,25.91,3169220.0,83233662.0,0.498,0.13
605333,XD沪光股,19.05,19.05,19.07,19.11,19.13,19.25,18.72,2066600.0,39276894.0,-0.314,-0.06
605336,*ST帅电,15.52,15.52,15.59,15.89,15.94,15.94,15.5,1439130.0,22502047.0,-2.329,-0.37
605337,李子园,9.05,9.04,9.05,9.14,9.15,9.16,8.95,4003130.0,36075298.0,-0.985,-0.09
605338,巴比食品,19.51,19.5,19.51,19.98,19.91,19.99,19.28,1597000.0,31089959.0,-2.352,-0.47
605339,XD南侨食,13.72,13.72,13.73,14.27,14.06,14.33,13.43,2670100.0,36653967.0,-3.854,-0.55
605358,立昂微,68.15,68.15,68.16,68.05,69.5,71.51,67.79,87563878.0,6078196259.0,0.147,0.1
605365,立达信,15.71,15.7,15.71,15.77,15.68,15.74,15.45,4048700.0,63244317.0,-0.38,-0.06
605366,宏柏新材,11.0,11.0,11.01,10.35,10.35,11.29,10.21,29135434.0,315530427.0,6.28,0.65
605368,蓝天燃气,7.19,7.18,7.19,7.31,7.26,7.28,7.11,4278412.0,30630083.0,-1.642,-0.12
605369,拱东医疗,16.2,16.19,16.2,16.68,16.61,16.68,15.97,2049898.0,33186076.0,-2.878,-0.48
605376,博迁新材,213.0,212.95,213.0,194.71,200.0,214.18,196.6,15435151.0,3190392847.0,9.393,18.29
605377,华旺科技,8.22,8.22,8.23,8.23,8.2,8.38,8.12,5032232.0,41514196.0,-0.122,-0.01
605378,XD野马电,15.99,15.99,16.0,15.85,15.77,16.13,15.71,2414736.0,38477047.0,0.883,0.14
605388,均瑶健康,5.32,5.32,5.33,5.36,5.36,5.36,5.21,6887500.0,36336918.0,-0.746,-0.04
605389,长龄液压,88.6,88.6,88.66,87.04,87.33,89.7,85.66,2470753.0,217789385.0,1.792,1.56
605398,新炬网络,22.38,22.38,22.39,22.35,22.2,22.45,21.79,2607800.0,57898296.0,0.134,0.03
605399,晨光新材,14.02,14.02,14.03,13.57,13.85,14.19,13.34,8826175.0,122464077.0,3.316,0.45
605488,福莱新材,34.38,34.38,34.39,34.83,34.8,34.8,33.8,6192000.0,212917237.0,-1.292,-0.45
605499,东鹏饮料,124.78,124.78,124.8,128.26,127.8,128.04,124.3,9338677.0,1170318492.0,-2.713,-3.48
605500,森林包装,6.83,6.82,6.83,6.97,7.03,7.03,6.7,7004400.0,47658104.0,-2.009,-0.14
605507,国邦医药,15.62,15.62,15.64,15.99,15.95,15.99,15.58,4903135.0,77068671.0,-2.314,-0.37
605555,德昌股份,15.55,15.55,15.56,15.11,15.06,15.87,15.0,9484646.0,146223177.0,2.912,0.44
605566,福莱蒽特,47.9,47.89,47.9,46.65,46.0,47.9,44.1,9389921.0,427746696.0,2.68,1.25
605567,春雪食品,8.87,8.86,8.87,8.86,8.93,8.94,8.56,4866331.0,42543169.0,0.113,0.01
605577,龙版传媒,9.75,9.75,9.76,9.85,9.8,9.83,9.58,2475263.0,23964073.0,-1.015,-0.1
605580,恒盛能源,25.03,25.02,25.03,25.78,25.41,25.77,24.44,13630840.0,341871414.0,-2.909,-0.75
605588,冠石科技,61.97,61.97,0.0,56.34,56.5,61.97,56.26,4487000.0,267592050.0,9.993,5.63
605589,圣泉集团,67.06,67.05,67.06,64.15,65.9,67.98,64.31,96111087.0,6370102075.0,4.536,2.91
605598,上海港湾,36.35,36.34,36.35,36.29,36.69,37.29,35.3,4955500.0,180739776.0,0.165,0.06
605599,菜百股份,15.14,15.14,15.16,15.38,15.66,15.66,15.06,5894500.0,89514443.0,-1.56,-0.24
688001,华兴源创,70.64,70.64,70.65,61.95,62.21,71.15,61.43,17032582.0,1147350670.0,14.027,8.69
688002,睿创微纳,133.85,133.8,133.85,134.75,134.75,136.45,132.5,9035333.0,1211498465.0,-0.668,-0.9
688003,天准科技,109.36,109.36,109.38,108.6,106.92,110.89,105.08,8907394.0,964563900.0,0.7,0.76
688004,博汇科技,19.95,19.95,20.03,19.94,19.8,20.25,19.45,1501931.0,29815328.0,0.05,0.01
688005,容百科技,33.76,33.76,33.77,31.86,32.28,34.15,32.05,30263894.0,1008594840.0,5.964,1.9
688006,杭可科技,39.36,39.35,39.36,36.24,36.36,39.58,36.18,31997833.0,1221592718.0,8.609,3.12
688007,光峰科技,13.15,13.14,13.15,12.96,12.9,13.4,12.85,7300658.0,96263892.0,1.466,0.19
688008,澜起科技,244.17,244.16,244.17,240.1,243.21,247.16,238.71,53836174.0,13097791050.0,1.695,4.07
688009,中国通号,4.99,4.99,5.0,4.92,4.93,5.02,4.91,39324083.0,195571916.0,1.423,0.07
688010,福光股份,44.41,44.41,44.42,43.5,43.12,45.74,42.6,17815571.0,790723886.0,2.092,0.91
688011,新光光电,62.73,62.72,62.73,64.06,64.56,65.37,62.68,1481782.0,94619723.0,-2.076,-1.33
688012,中微公司,319.0,319.0,319.01,319.98,319.98,323.7,313.39,20501454.0,6513324291.0,-0.306,-0.98
688013,天臣医疗,27.69,27.64,27.69,27.38,27.37,27.81,26.95,838544.0,23000527.0,1.132,0.31
688015,交控科技,16.94,16.91,16.94,16.97,17.0,17.06,16.58,1663766.0,27913718.0,-0.177,-0.03
688016,心脉医疗,89.53,89.53,89.57,91.22,91.28,91.28,88.7,2051385.0,183641600.0,-1.853,-1.69
688017,绿的谐波,376.22,376.21,376.22,372.62,371.99,384.97,363.5,14378036.0,5400290250.0,0.966,3.6
688018,乐鑫科技,121.0,121.0,121.07,119.09,120.0,123.0,119.31,5354788.0,647742333.0,1.604,1.91
688019,安集科技,232.88,232.88,232.89,233.67,235.33,238.8,227.24,10230788.0,2372996598.0,-0.338,-0.79
688020,方邦股份,231.8,231.6,231.8,227.2,230.0,244.88,224.89,7752413.0,1822581454.0,2.025,4.6
688021,奥福科技,22.24,22.24,22.27,22.49,22.39,22.7,21.68,1986891.0,44089719.0,-1.112,-0.25
688022,ST瀚川,8.36,8.35,8.36,8.08,8.14,8.47,7.83,6010345.0,48978913.0,3.465,0.28
688023,安恒信息,37.93,37.93,37.94,37.48,37.5,37.98,36.72,1962602.0,73037306.0,1.201,0.45
688025,XD杰普特,448.94,448.33,448.94,416.41,419.99,454.08,417.73,4711006.0,2089558333.0,7.812,32.53
688026,洁特生物,13.38,13.32,13.38,13.73,13.6,13.71,13.11,2359051.0,31418870.0,-2.549,-0.35
688027,国盾量子,507.8,507.8,507.83,502.81,509.02,516.99,500.5,2141754.0,1091768745.0,0.992,4.99
688028,沃尔德,110.0,110.0,110.05,108.79,109.43,112.8,107.0,4821702.0,531439240.0,1.112,1.21
688029,南微医学,70.7,70.7,70.71,73.36,73.0,73.0,69.52,2011604.0,142728723.0,-3.626,-2.66
688030,山石网科,16.37,16.36,16.37,16.13,16.0,16.39,15.6,2880612.0,46352643.0,1.488,0.24
688031,星环科技,125.2,125.2,125.22,129.55,127.28,128.62,124.58,8438883.0,1065201474.0,-3.358,-4.35
688032,禾迈股份,86.7,86.69,86.7,85.45,85.3,87.25,84.07,1280246.0,110271789.0,1.463,1.25
688033,*ST天宜,6.78,6.77,6.78,6.99,7.04,7.07,6.75,7059656.0,48392653.0,-3.004,-0.21
688035,德邦科技,90.93,90.92,90.93,92.31,91.8,92.1,88.86,7715522.0,696786595.0,-1.495,-1.38
688036,传音控股,54.57,54.56,54.57,53.72,53.75,54.85,53.32,8875384.0,483015540.0,1.582,0.85
688037,芯源微,272.0,272.0,272.03,267.35,267.35,277.48,260.99,7917393.0,2132532976.0,1.739,4.65
688038,中科通达,20.39,20.38,20.39,20.17,19.97,20.53,19.45,4251616.0,85099598.0,1.091,0.22
688039,当虹科技,42.99,42.99,43.0,42.42,42.73,43.13,41.62,2112480.0,89603998.0,1.344,0.57
688041,海光信息,294.31,294.31,294.32,299.32,299.0,299.0,291.2,28019211.0,8254140377.0,-1.674,-5.01
688045,必易微,78.4,78.39,78.4,77.4,76.34,79.2,75.18,4528077.0,349251554.0,1.292,1.0
688046,药康生物,17.42,17.41,17.42,17.86,17.77,17.77,17.31,2296567.0,40108330.0,-2.464,-0.44
688047,龙芯中科,142.2,142.18,142.2,143.34,142.05,143.9,140.28,7119342.0,1008725939.0,-0.795,-1.14
688048,长光华芯,375.33,375.32,375.33,360.5,360.95,387.98,355.0,14791463.0,5483620721.0,4.114,14.83
688049,炬芯科技,44.9,44.9,44.94,44.64,44.85,45.49,44.34,6590696.0,296114841.0,0.582,0.26
688050,爱博医疗,39.22,39.22,39.23,40.0,39.78,39.78,39.0,2193350.0,86219163.0,-1.95,-0.78
688051,佳华科技,27.7,27.66,27.7,27.11,27.12,27.91,26.13,2589113.0,70160387.0,2.176,0.59
688052,纳芯微,257.78,257.78,257.89,252.49,252.49,259.9,248.6,3704963.0,944099068.0,2.095,5.29
688053,ST思科瑞,36.13,36.13,36.17,36.6,36.75,37.45,36.0,590026.0,21523819.0,-1.284,-0.47
688055,龙腾光电,4.81,4.8,4.81,4.59,4.58,4.85,4.52,29557288.0,140211958.0,4.793,0.22
688056,莱伯泰科,70.12,70.12,70.2,61.8,61.0,72.88,57.12,6736701.0,428610907.0,13.463,8.32
688057,金达莱,13.8,13.8,13.81,13.48,13.4,13.98,13.01,3064978.0,41576040.0,2.374,0.32
688058,宝兰德,23.68,23.68,23.72,23.44,23.1,23.79,22.85,1080344.0,25187052.0,1.024,0.24
688059,华锐精密,200.0,199.83,200.0,195.8,195.66,202.82,192.0,5270744.0,1040502397.0,2.145,4.2
688060,云涌科技,36.43,36.43,36.55,36.52,36.37,36.74,35.45,440333.0,15913423.0,-0.246,-0.09
688061,灿瑞科技,47.06,47.04,47.06,43.16,43.12,47.38,43.12,4447842.0,203009739.0,9.036,3.9
688062,迈威生物,27.03,27.01,27.03,27.66,27.7,27.7,26.9,7729250.0,209658752.0,-2.278,-0.63
688063,派能科技,58.82,58.81,58.82,56.62,57.98,59.31,56.19,12891189.0,746739702.0,3.886,2.2
688065,凯赛生物,43.51,43.51,43.52,44.88,44.6,44.75,43.4,5001039.0,218694615.0,-3.053,-1.37
688066,*ST航图,12.63,12.63,12.65,12.58,12.71,12.91,12.12,6761347.0,84341640.0,0.397,0.05
688067,爱威科技,22.08,22.0,22.08,21.91,21.91,22.21,21.31,1142365.0,24823401.0,0.776,0.17
688068,热景生物,77.97,77.97,78.0,80.85,80.86,81.25,77.28,2230973.0,174399957.0,-3.562,-2.88
688069,DR德林海,41.0,41.0,41.03,40.56,42.61,42.61,39.66,4087310.0,166577687.0,1.085,0.44
688070,纵横股份,40.43,40.41,40.43,39.24,40.0,40.98,39.02,2055972.0,82698789.0,3.033,1.19
688071,华依科技,31.98,31.98,32.02,31.88,31.91,32.17,31.11,1755267.0,55668870.0,0.314,0.1
688072,拓荆科技,655.8,655.8,655.99,669.69,678.0,679.99,640.0,8859509.0,5779692484.0,-2.074,-13.89
688073,毕得医药,45.33,45.27,45.33,44.99,44.87,45.39,44.11,796013.0,35644134.0,0.756,0.34
688075,安旭生物,31.18,31.16,31.18,31.05,30.71,31.36,30.71,409190.0,12716579.0,0.419,0.13
688076,ST诺泰,27.73,27.73,27.77,28.09,28.09,28.09,27.56,1562341.0,43414358.0,-1.282,-0.36
688077,大地熊,30.47,30.47,30.48,28.46,28.46,31.11,27.93,6634297.0,198779760.0,7.063,2.01
688078,龙软科技,22.44,22.44,22.5,21.9,21.87,22.6,21.26,1107339.0,24412613.0,2.466,0.54
688079,美迪凯,26.62,26.6,26.62,25.98,25.01,26.96,24.9,43711396.0,1151551752.0,2.463,0.64
688080,映翰通,42.5,42.42,42.5,41.65,41.41,42.82,41.1,1387467.0,58747685.0,2.041,0.85
688081,兴图新科,48.22,48.2,48.22,48.07,48.07,50.08,47.82,1576638.0,76934524.0,0.312,0.15
688082,盛美上海,301.0,300.6,301.0,315.0,309.0,311.93,290.04,11400997.0,3403168759.0,-4.444,-14.0
688083,中望软件,63.92,63.92,63.93,62.74,62.34,63.94,61.58,8972530.0,563778564.0,1.881,1.18
688084,晶品特装,52.66,52.66,52.67,52.96,52.82,53.5,51.63,1074611.0,56307897.0,-0.566,-0.3
688085,三友医疗,12.22,12.22,12.24,12.36,12.54,12.54,12.06,3144422.0,38323629.0,-1.133,-0.14
688087,英科再生,37.86,37.86,37.88,40.71,40.18,40.59,37.4,4072934.0,157042991.0,-7.001,-2.85
688088,虹软科技,37.29,37.28,37.29,36.38,36.38,37.69,35.72,8448134.0,310670402.0,2.501,0.91
688089,嘉必优,12.05,12.03,12.05,12.14,12.16,12.19,11.91,1996534.0,24013788.0,-0.741,-0.09
688090,瑞松科技,123.89,123.89,123.98,123.13,127.18,132.55,122.2,12982968.0,1650888560.0,0.617,0.76
688091,上海谊众,40.16,40.15,40.16,40.61,41.24,41.28,39.8,3368843.0,135151905.0,-1.108,-0.45
688092,爱科科技,23.17,23.17,23.19,23.29,23.25,23.36,22.74,1449139.0,33413199.0,-0.515,-0.12
688093,世华科技,29.07,29.07,29.08,28.55,28.74,29.58,28.12,2902303.0,83558503.0,1.821,0.52
688095,福昕软件,65.31,65.31,65.33,65.91,66.0,66.4,64.83,1756625.0,115115879.0,-0.91,-0.6
688096,京源环保,12.09,12.08,12.09,12.53,12.5,12.8,11.75,18785339.0,228628407.0,-3.512,-0.44
688097,博众精工,67.88,67.86,67.88,67.18,67.28,68.51,66.5,10346853.0,698218081.0,1.042,0.7
688098,申联生物,8.78,8.77,8.78,8.53,8.54,8.88,8.35,4769627.0,41307949.0,2.931,0.25
688099,晶晨股份,97.39,97.38,97.39,91.85,92.5,98.13,91.3,16664428.0,1600850026.0,6.032,5.54
688100,威胜信息,31.7,31.7,31.78,31.14,31.57,32.06,30.67,4171661.0,131594068.0,1.798,0.56
688101,三达膜,18.02,18.01,18.02,17.9,17.82,18.25,17.38,5641969.0,100869192.0,0.67,0.12
688102,斯瑞新材,39.75,39.75,39.76,40.94,41.8,41.98,39.68,27743483.0,1130551785.0,-2.907,-1.19
688103,国力电子,62.75,62.74,62.75,62.39,62.4,63.68,61.52,1667117.0,104708133.0,0.577,0.36
688105,诺唯赞,14.04,14.04,14.05,13.87,14.0,14.12,13.56,1995391.0,27579686.0,1.226,0.17
688106,金宏气体,30.08,30.08,30.09,28.95,29.8,30.92,29.5,46173730.0,1400591958.0,3.903,1.13
688107,安路科技,40.68,40.67,40.68,39.38,39.47,41.18,38.81,10654462.0,428875329.0,3.301,1.3
688108,赛诺医疗,20.15,20.14,20.15,19.97,19.97,20.36,19.64,13216706.0,264623484.0,0.901,0.18
688109,品茗科技,79.97,79.97,79.98,78.77,78.23,80.5,77.17,1051469.0,83396794.0,1.523,1.2
688110,东芯股份,140.1,140.09,140.1,134.88,135.0,142.85,134.1,24196209.0,3389890259.0,3.87,5.22
688111,金山办公,214.3,214.3,214.38,218.01,218.03,218.05,213.46,5880327.0,1265413143.0,-1.702,-3.71
688112,鼎阳科技,79.96,79.6,79.96,73.47,75.5,80.23,71.23,6595675.0,502205600.0,8.834,6.49
688113,联测科技,39.57,39.56,39.57,38.54,38.47,40.01,38.12,1253176.0,48978079.0,2.673,1.03
688114,华大智造,48.96,48.96,49.0,49.43,49.65,49.65,48.07,4814962.0,234968419.0,-0.951,-0.47
688115,思林杰,56.5,56.19,56.5,53.09,53.09,56.5,52.41,1618475.0,88448882.0,6.423,3.41
688116,天奈科技,41.21,41.21,41.22,40.24,40.37,41.47,39.62,9957252.0,405758294.0,2.411,0.97
688117,圣诺生物,23.53,23.53,23.55,24.08,23.94,24.29,23.42,2855087.0,67671128.0,-2.284,-0.55
688118,普元信息,22.18,22.18,22.19,21.99,21.79,22.35,21.39,2420885.0,53135117.0,0.864,0.19
688119,中钢洛耐,4.62,4.61,4.62,4.43,4.46,4.64,4.4,13530546.0,61501052.0,4.289,0.19
688120,华海清科,201.18,201.17,201.18,199.33,200.0,205.5,193.88,14965704.0,2973237864.0,0.928,1.85
688121,卓然股份,6.48,0.0,0.0,6.48,0.0,0.0,0.0,0.0,0.0,0.0,0.0
688122,西部超导,58.74,58.73,58.74,57.38,57.38,59.8,56.4,19658442.0,1143521204.0,2.37,1.36
688123,聚辰股份,131.97,131.96,131.97,131.79,133.9,135.33,130.53,8493174.0,1125707705.0,0.137,0.18
688125,安达智能,196.9,196.9,196.99,177.45,180.35,202.9,174.08,1730902.0,333066057.0,10.961,19.45
688126,沪硅产业,31.05,31.05,31.06,31.22,31.3,32.28,30.42,204561723.0,6404745653.0,-0.545,-0.17
688127,蓝特光学,83.98,83.97,83.98,84.36,84.49,86.16,83.13,12279580.0,1035701890.0,-0.45,-0.38
688128,中国电研,26.88,26.86,26.88,26.34,26.33,27.11,26.15,4694975.0,124974561.0,2.05,0.54
688129,东来技术,25.95,25.91,25.95,25.21,25.34,26.71,24.52,1367275.0,34997088.0,2.935,0.74
688130,晶华微,26.65,26.65,26.66,25.77,25.77,26.9,25.33,2749693.0,71880631.0,3.415,0.88
688131,皓元医药,74.9,74.9,74.93,75.92,76.25,76.49,74.26,3142104.0,235710616.0,-1.344,-1.02
688132,邦彦技术,14.83,14.83,14.84,14.49,14.41,15.13,14.22,2453498.0,36063988.0,2.346,0.34
688133,泰坦科技,20.06,20.06,20.07,19.48,19.29,20.25,19.19,4689570.0,92709118.0,2.977,0.58
688135,利扬芯片,37.07,37.07,37.08,36.5,36.5,37.45,36.05,12201147.0,450123683.0,1.562,0.57
688136,科兴制药,18.55,18.54,18.55,18.51,18.88,18.88,18.12,3778944.0,69610409.0,0.216,0.04
688137,近岸蛋白,35.36,35.36,35.4,35.5,35.66,35.66,34.38,919962.0,32292446.0,-0.394,-0.14
688138,清溢光电,37.11,37.1,37.11,37.48,37.38,37.6,36.63,18720813.0,693176878.0,-0.987,-0.37
688139,海尔生物,27.1,27.1,27.11,27.08,27.01,27.36,26.33,3268614.0,87534637.0,0.074,0.02
688141,杰华特,136.52,136.5,136.52,129.9,133.23,139.0,128.37,19055358.0,2535423418.0,5.096,6.62
688143,长盈通,218.0,217.99,218.0,189.2,187.64,227.04,187.32,10190632.0,2184770748.0,15.222,28.8
688146,中船特气,323.0,323.0,323.01,318.3,326.0,365.0,318.5,23216993.0,7990662228.0,1.477,4.7
688147,微导纳米,109.2,109.2,109.28,100.5,102.91,110.3,96.63,19806141.0,2024778114.0,8.657,8.7
688148,芳源股份,9.24,9.24,9.25,9.18,9.25,9.46,8.95,26946246.0,248306662.0,0.654,0.06
688150,莱特光电,53.27,53.27,53.28,53.3,53.88,54.53,51.6,13513543.0,716238687.0,-0.056,-0.03
688151,华强科技,16.43,16.38,16.43,16.45,16.54,16.58,16.23,1826533.0,29889631.0,-0.122,-0.02
688152,麒麟信安,30.54,30.54,30.55,29.95,29.9,30.55,29.26,1195667.0,35972659.0,1.97,0.59
688153,唯捷创芯,31.83,31.8,31.83,30.37,30.37,32.26,30.25,8297636.0,260364357.0,4.807,1.46
688155,先惠技术,83.83,83.83,83.84,80.72,81.77,85.2,80.19,5299540.0,440557458.0,3.853,3.11
688156,路德科技,29.33,29.3,29.33,28.63,29.34,29.85,28.38,3650729.0,106471660.0,2.445,0.7
688157,松井股份,28.25,28.24,28.25,28.52,28.43,28.8,27.69,2564517.0,72222623.0,-0.947,-0.27
688158,优刻得,35.83,35.83,35.84,36.86,36.06,36.6,35.54,26287955.0,945617977.0,-2.794,-1.03
688159,有方科技,47.4,47.4,47.48,45.84,46.2,48.98,45.11,5876725.0,276052178.0,3.403,1.56
688160,步科股份,112.27,112.27,112.28,111.15,110.72,113.5,109.02,2672697.0,298057445.0,1.008,1.12
688161,威高骨科,21.47,21.47,21.51,22.54,22.49,22.49,21.42,2462633.0,53451085.0,-4.747,-1.07
688162,巨一科技,26.33,26.33,26.35,25.82,25.83,26.64,25.72,1750793.0,45972708.0,1.975,0.51
688163,赛伦生物,44.31,44.26,44.31,46.25,46.02,46.25,42.18,4309206.0,188271656.0,-4.195,-1.94
688165,埃夫特,20.58,20.58,20.59,19.88,19.87,21.17,19.59,18722095.0,382084128.0,3.521,0.7
688166,博瑞医药,41.5,41.5,41.51,42.1,42.3,42.3,40.67,11379035.0,469151791.0,-1.425,-0.6
688167,炬光科技,413.0,413.0,413.1,398.26,399.74,424.88,385.51,12874418.0,5222462436.0,3.701,14.74
688168,安博通,64.08,64.08,64.09,64.7,64.1,65.9,62.6,4003663.0,256119822.0,-0.958,-0.62
688169,石头科技,100.4,100.39,100.4,102.6,102.47,102.47,99.8,6453593.0,650610994.0,-2.144,-2.2
688170,德龙激光,83.13,83.12,83.13,81.24,80.02,83.47,79.02,9001264.0,736710178.0,2.326,1.89
688171,纬德信息,46.01,46.01,46.15,45.77,45.9,47.2,45.67,2063693.0,95621769.0,0.524,0.24
688172,燕东微,65.0,65.0,65.01,68.01,68.5,69.14,62.6,26749242.0,1760461445.0,-4.426,-3.01
688173,希荻微,16.65,16.64,16.65,15.98,16.04,16.76,16.03,11938414.0,196374228.0,4.193,0.67
688175,高凌信息,27.43,27.42,27.43,26.77,26.8,27.85,26.08,3037801.0,82506464.0,2.465,0.66
688176,亚虹医药,10.38,10.38,10.39,10.22,10.22,10.49,10.07,8605101.0,88578703.0,1.566,0.16
688177,百奥泰,16.8,16.8,16.82,16.9,16.86,16.96,16.52,2950288.0,49633542.0,-0.592,-0.1
688178,万德斯,40.71,40.65,40.71,38.15,38.91,41.0,37.58,2855306.0,111698355.0,6.71,2.56
688179,阿拉丁,20.75,20.75,20.76,20.7,20.64,21.11,20.22,11216097.0,232102529.0,0.242,0.05
688180,君实生物,29.78,29.77,29.78,30.2,30.0,30.06,29.3,11655469.0,345268421.0,-1.391,-0.42
688181,八亿时空,45.6,45.59,45.6,43.75,43.8,46.52,43.21,11109263.0,500800142.0,4.229,1.85
688182,灿勤科技,40.2,40.2,40.21,36.03,36.24,41.45,36.24,17981650.0,695868060.0,11.574,4.17
688183,生益电子,138.96,138.96,138.97,133.16,133.0,144.28,130.05,42530720.0,5885813672.0,4.356,5.8
688184,ST帕瓦,11.6,11.6,11.64,11.26,11.25,11.65,10.98,985268.0,11247965.0,3.02,0.34
688185,康希诺,49.97,49.97,49.98,50.37,50.81,50.81,49.28,1202832.0,59899369.0,-0.794,-0.4
688186,广大特材,16.96,16.96,16.97,17.17,17.02,17.2,16.42,6857538.0,115437327.0,-1.223,-0.21
688187,时代电气,57.11,57.11,57.12,55.33,55.59,59.1,55.59,15943372.0,919897421.0,3.217,1.78
688188,柏楚电子,162.38,162.37,162.38,159.3,159.4,165.96,156.7,4547991.0,728849995.0,1.933,3.08
688189,ST南新,6.67,6.66,6.67,5.81,5.83,6.8,5.83,18991002.0,119289969.0,14.802,0.86
688190,云路股份,109.7,109.6,109.7,102.8,102.5,111.6,101.22,3048478.0,330806437.0,6.712,6.9
688191,智洋创新,36.32,36.32,36.4,32.85,32.92,36.87,32.77,15156751.0,532096885.0,10.563,3.47
688192,迪哲医药,36.95,36.95,37.01,37.93,38.12,38.12,36.78,4875684.0,181426194.0,-2.584,-0.98
688193,仁度生物,52.55,52.09,52.55,51.92,50.93,52.79,50.66,562915.0,29118997.0,1.213,0.63
688195,腾景科技,213.64,213.63,213.64,208.47,208.47,215.38,203.02,11613455.0,2441259951.0,2.48,5.17
688196,卓越新能,40.31,40.31,40.34,40.5,40.3,40.85,39.6,1262481.0,50694257.0,-0.469,-0.19
688197,首药控股,31.13,31.13,31.14,31.5,31.5,31.86,30.76,1281667.0,39830798.0,-1.175,-0.37
688198,佰仁医疗,85.75,85.74,85.75,87.7,87.6,87.95,85.18,611291.0,52782247.0,-2.223,-1.95
688199,久日新材,30.22,30.22,30.24,30.06,30.0,30.59,29.88,8356141.0,252867101.0,0.532,0.16
688200,华峰测控,316.99,316.99,317.0,298.0,304.98,323.33,301.9,5762825.0,1813818366.0,6.372,18.99
688201,ST信安,7.45,7.45,7.46,7.29,7.34,7.46,7.11,3436592.0,25156769.0,2.195,0.16
688202,美迪西,52.71,52.71,52.75,52.4,52.32,52.86,51.32,2859865.0,149371968.0,0.592,0.31
688203,海正生材,11.21,11.21,11.22,11.08,11.31,11.34,10.83,3413682.0,37916551.0,1.173,0.13
688205,德科立,239.12,239.12,239.13,233.3,233.37,245.25,228.77,11226267.0,2672166362.0,2.495,5.82
688206,概伦电子,37.52,37.52,37.53,39.12,39.0,39.26,37.37,10880878.0,412210279.0,-4.09,-1.6
688207,格灵深瞳,20.24,20.24,20.25,18.02,17.86,20.79,17.46,39238113.0,753534402.0,12.32,2.22
688208,道通科技,28.19,28.19,28.2,27.8,28.15,28.47,27.51,13100728.0,367247989.0,1.403,0.39
688209,英集芯,24.01,24.01,24.02,22.33,22.5,24.58,22.35,19944713.0,468135344.0,7.524,1.68
688210,统联精密,47.09,47.08,47.09,43.87,43.51,47.3,43.21,6016429.0,277553300.0,7.34,3.22
688211,中科微至,32.5,32.5,32.51,32.3,32.05,32.75,31.8,939922.0,30436651.0,0.619,0.2
688212,澳华内镜,28.0,28.0,28.05,28.34,28.16,28.22,27.68,1227086.0,34245679.0,-1.2,-0.34
688213,思特威,95.61,95.61,95.71,94.16,94.0,96.69,93.25,8448338.0,803354253.0,1.54,1.45
688215,瑞晟智能,43.71,43.71,43.83,45.83,46.59,46.6,43.7,1412061.0,62873150.0,-4.626,-2.12
688216,气派科技,37.36,37.31,37.36,36.75,37.0,37.85,36.48,6562505.0,244310516.0,1.66,0.61
688217,睿昂基因,22.87,22.85,22.87,22.96,22.98,23.18,22.22,820911.0,18633371.0,-0.392,-0.09
688218,江苏北人,54.7,54.7,54.77,53.85,53.5,55.26,52.45,5163014.0,278833379.0,1.578,0.85
688219,会通股份,12.81,12.81,12.82,12.0,11.99,13.08,11.91,30988649.0,389451859.0,6.75,0.81
688220,翱捷科技,97.48,97.44,97.48,95.69,96.98,98.58,94.2,9064475.0,877557221.0,1.871,1.79
688221,前沿生物,18.0,17.99,18.0,17.86,17.86,18.08,17.45,8724081.0,154971394.0,0.784,0.14
688222,成都先导,26.29,26.29,26.3,26.22,26.24,26.5,25.71,8294183.0,216320800.0,0.267,0.07
688223,晶科能源,5.29,5.28,5.29,5.23,5.21,5.36,5.18,112816402.0,594828772.0,1.147,0.06
688225,亚信安全,13.22,13.21,13.22,13.15,13.18,13.28,12.85,4411280.0,57692938.0,0.532,0.07
688226,威腾电气,47.8,47.78,47.8,47.01,46.3,48.21,46.3,6003420.0,285729387.0,1.68,0.79
688227,品高股份,85.36,85.31,85.36,83.03,83.03,86.3,81.82,5390885.0,455824458.0,2.806,2.33
688228,开普云,88.23,88.22,88.23,85.18,85.53,88.5,83.56,1683048.0,145204319.0,3.581,3.05
688229,博睿数据,89.76,89.76,89.84,86.26,86.0,92.77,85.05,2258125.0,202183422.0,4.058,3.5
688230,芯导科技,69.0,69.0,69.14,67.16,67.0,69.35,66.77,1517888.0,103463813.0,2.74,1.84
688231,隆达股份,43.8,43.75,43.8,44.49,44.69,45.43,43.28,4037914.0,177605466.0,-1.551,-0.69
688232,新点软件,18.89,18.89,18.91,18.75,19.0,19.0,18.39,2555663.0,47841077.0,0.747,0.14
688233,神工股份,110.94,110.94,110.95,111.8,111.6,113.43,109.0,10922388.0,1214381484.0,-0.769,-0.86
688234,天岳先进,140.7,140.7,140.71,134.97,135.9,145.0,133.8,23778453.0,3330494111.0,4.245,5.73
688235,百济神州,213.31,213.31,213.32,216.78,215.88,217.69,211.37,2886528.0,616258035.0,-1.601,-3.47
688236,春立医疗,15.08,15.04,15.08,14.95,14.93,15.16,14.76,2206095.0,33043349.0,0.87,0.13
688237,超卓航科,58.51,58.45,58.51,52.52,52.54,59.25,52.26,4765755.0,270415162.0,11.405,5.99
688238,和元生物,5.4,5.4,5.42,5.38,5.39,5.42,5.28,6602545.0,35331140.0,0.372,0.02
688239,航宇科技,53.93,53.93,53.94,54.35,54.85,55.95,53.88,5329730.0,292253521.0,-0.773,-0.42
688244,永信至诚,16.1,16.08,16.1,16.05,16.0,16.12,15.78,1374701.0,21933956.0,0.312,0.05
688246,嘉和美康,24.69,24.64,24.69,24.3,24.3,24.97,24.03,4268533.0,105108978.0,1.605,0.39
688247,宣泰医药,7.59,7.58,7.59,7.88,7.85,7.95,7.49,4293028.0,32868645.0,-3.68,-0.29
688248,南网科技,56.47,56.47,56.48,51.6,51.7,57.77,50.67,7892510.0,434512800.0,9.438,4.87
688249,晶合集成,42.1,42.1,42.11,42.75,42.75,42.79,41.03,36489800.0,1528179556.0,-1.52,-0.65
688251,井松智能,25.62,25.62,25.66,23.73,23.93,26.6,23.25,3837223.0,96601703.0,7.965,1.89
688252,天德钰,21.84,21.81,21.84,22.4,22.01,22.4,21.69,7180828.0,157327697.0,-2.5,-0.56
688253,XD英诺特,60.22,60.22,60.37,59.54,59.57,60.49,57.58,1770992.0,104959603.0,1.142,0.68
688255,凯尔达,31.3,31.3,31.32,30.25,30.31,31.74,29.69,3613226.0,111758783.0,3.471,1.05
688256,寒武纪,1306.99,1306.98,1306.99,1335.0,1335.5,1335.91,1297.79,9967179.0,13096230889.0,-2.098,-28.01
688257,新锐股份,101.05,101.05,101.06,96.42,96.0,104.31,95.0,23052039.0,2320285557.0,4.802,4.63
688258,卓易信息,122.09,122.09,122.1,127.3,127.0,127.0,121.6,4107595.0,508356970.0,-4.093,-5.21
688259,创耀科技,38.38,38.38,38.42,37.3,36.81,38.65,36.81,2722376.0,103464942.0,2.895,1.08
688260,昀冢科技,103.01,103.0,103.01,96.32,100.0,114.9,99.3,8432431.0,915354587.0,6.946,6.69
688261,东微半导,88.0,87.9,88.0,87.8,89.18,90.82,86.72,8343766.0,739936805.0,0.228,0.2
688262,国芯科技,36.78,36.78,36.79,35.78,36.13,37.01,36.0,12980497.0,474839563.0,2.795,1.0
688265,南模生物,31.85,31.85,31.91,31.8,31.49,32.17,31.01,428030.0,13552705.0,0.157,0.05
688266,泽璟制药,90.46,90.36,90.46,90.19,91.39,91.39,88.6,2612249.0,234979777.0,0.299,0.27
688267,中触媒,30.44,30.44,30.46,30.59,30.98,31.13,30.21,2051828.0,62837982.0,-0.49,-0.15
688268,华特气体,184.77,184.76,184.77,183.93,186.15,197.98,184.7,13499097.0,2601024705.0,0.457,0.84
688269,凯立新材,35.34,35.29,35.34,34.72,34.41,35.5,34.26,1702576.0,59404079.0,1.786,0.62
688270,ST臻镭,108.95,108.9,108.95,110.3,113.0,115.02,108.08,7011358.0,783651442.0,-1.224,-1.35
688271,联影医疗,111.0,111.0,111.16,113.26,113.23,113.23,111.0,5646343.0,628875786.0,-1.995,-2.26
688272,富吉瑞,36.55,36.53,36.55,35.49,35.27,37.2,35.27,1980115.0,72146229.0,2.987,1.06
688273,麦澜德,42.59,42.59,42.6,41.13,40.8,43.3,40.19,1587878.0,66559583.0,3.55,1.46
688275,万润新能,132.78,132.78,132.8,130.11,131.0,135.6,129.06,4985008.0,662700255.0,2.052,2.67
688276,百克生物,14.13,14.11,14.13,14.28,14.27,14.28,13.91,2234301.0,31384417.0,-1.05,-0.15
688277,天智航,18.98,18.97,18.98,18.11,18.11,19.19,17.81,14157445.0,262817261.0,4.804,0.87
688278,特宝生物,55.89,55.89,55.9,56.99,56.66,56.66,55.08,4332973.0,242023150.0,-1.93,-1.1
688279,峰岹科技,211.3,211.1,211.3,212.56,212.56,214.26,206.16,1692874.0,355742261.0,-0.593,-1.26
688280,精进电动,6.65,6.64,6.65,6.61,6.57,6.67,6.5,22671955.0,149454984.0,0.605,0.04
688281,华秦科技,51.46,51.46,51.47,51.1,51.5,52.18,50.61,3367522.0,173396873.0,0.705,0.36
688282,理工导航,70.14,70.14,70.19,74.04,73.16,73.45,69.78,2080087.0,147726046.0,-5.267,-3.9
688283,坤恒顺维,36.87,36.7,36.87,39.3,39.37,39.37,36.04,3993909.0,148785360.0,-6.183,-2.43
688285,高铁电气,7.77,7.76,7.77,7.78,7.79,7.87,7.61,2215818.0,17088496.0,-0.129,-0.01
688286,敏芯股份,72.08,72.08,72.11,67.25,67.23,74.98,66.51,3168109.0,225027922.0,7.182,4.83
688288,鸿泉技术,19.82,19.82,19.87,20.17,20.12,20.21,19.75,1395401.0,27783114.0,-1.735,-0.35
688289,圣湘生物,14.32,14.32,14.34,14.38,14.38,14.4,14.12,3013103.0,42897404.0,-0.417,-0.06
688290,景业智能,64.15,64.15,64.17,62.19,61.93,65.1,61.73,1634466.0,104096324.0,3.152,1.96
688291,金橙子,49.58,49.58,49.65,49.9,50.19,50.5,48.61,2139614.0,106077283.0,-0.641,-0.32
688292,浩瀚深度,20.65,20.63,20.65,20.42,20.46,20.84,20.13,2604969.0,53353306.0,1.126,0.23
688293,奥浦迈,36.8,36.8,36.83,35.93,36.0,36.83,35.23,1535180.0,55629698.0,2.421,0.87
688295,中复神鹰,51.35,51.35,51.37,51.09,51.15,52.44,50.18,10640462.0,545848165.0,0.509,0.26
688296,和达科技,13.22,13.18,13.22,13.14,13.19,13.34,12.72,2034120.0,26524178.0,0.609,0.08
688297,中无人机,46.7,46.7,46.71,47.69,47.6,47.88,46.65,7438790.0,350291824.0,-2.076,-0.99
688298,东方生物,19.5,19.47,19.5,19.48,19.6,19.6,19.21,888647.0,17238466.0,0.103,0.02
688299,长阳科技,17.41,17.41,17.42,16.99,17.29,17.64,16.8,9537790.0,164976142.0,2.472,0.42
688300,联瑞新材,220.0,220.0,220.84,213.11,213.11,238.0,210.0,10782507.0,2417584378.0,3.233,6.89
688301,奕瑞科技,116.8,116.8,116.83,116.0,116.0,118.4,114.0,9698757.0,1124304223.0,0.69,0.8
688302,海创药业,34.73,34.72,34.73,33.43,33.7,35.33,33.23,1937465.0,66580329.0,3.889,1.3
688303,大全能源,21.02,21.01,21.02,20.92,20.75,21.3,20.34,29586095.0,617040232.0,0.478,0.1
688305,科德数控,69.37,69.37,69.38,67.35,67.52,70.39,67.29,4586060.0,316958221.0,2.999,2.02
688306,均普智能,9.45,9.44,9.45,9.09,9.05,9.54,8.96,21350018.0,198414653.0,3.96,0.36
688307,中润光学,67.39,67.38,67.39,68.57,69.0,69.74,66.72,7480839.0,507308989.0,-1.721,-1.18
688308,欧科亿,164.95,164.95,164.97,162.01,164.0,170.71,156.99,14475904.0,2352286949.0,1.815,2.94
688309,恒誉环保,63.0,62.98,63.0,57.79,57.99,64.12,57.0,3385456.0,207931236.0,9.015,5.21
688310,迈得医疗,17.0,17.0,17.03,17.53,17.55,17.85,16.8,4254039.0,73786521.0,-3.023,-0.53
688311,盟升电子,27.81,27.8,27.81,27.19,27.38,27.96,26.93,3777960.0,103903255.0,2.28,0.62
688312,燕麦科技,85.5,85.49,85.5,82.05,82.39,85.78,81.01,7189366.0,605337528.0,4.205,3.45
688313,仕佳光子,172.91,172.91,172.92,166.53,169.0,177.5,166.05,34721022.0,5975414410.0,3.831,6.38
688314,康拓医疗,41.0,41.0,41.01,42.58,42.99,43.0,40.61,1713864.0,70862090.0,-3.711,-1.58
688315,诺禾致源,12.32,12.32,12.33,12.31,12.21,12.36,12.02,2196980.0,26735542.0,0.081,0.01
688316,青云科技,60.66,60.63,60.66,59.32,59.33,60.78,58.25,2330874.0,139179156.0,2.259,1.34
688317,之江生物,16.66,16.65,16.66,16.7,16.8,16.83,16.32,2519939.0,41657599.0,-0.24,-0.04
688318,财富趋势,74.73,74.72,74.73,73.8,73.0,76.99,72.81,6844167.0,513204706.0,1.26,0.93
688319,欧林生物,37.45,37.43,37.45,36.15,36.5,37.47,35.17,8609077.0,313992952.0,3.596,1.3
688320,禾川科技,38.4,38.4,38.42,37.2,37.0,38.83,37.0,4494643.0,171501239.0,3.226,1.2
688321,微芯生物,25.06,25.06,25.09,25.5,25.5,25.57,24.92,5278982.0,132319110.0,-1.725,-0.44
688322,奥比中光,132.18,132.18,132.2,127.8,125.5,136.5,125.38,23645695.0,3118822201.0,3.427,4.38
688323,瑞华泰,50.25,50.23,50.25,49.62,49.0,53.08,47.41,30343687.0,1522648590.0,1.27,0.63
688325,赛微微电,141.3,141.2,141.3,140.58,140.04,142.98,138.04,1728347.0,242673346.0,0.512,0.72
688326,经纬恒润,75.83,75.83,75.86,76.4,77.0,77.0,74.38,1277610.0,96434963.0,-0.746,-0.57
688327,云从科技,14.06,14.06,14.07,13.44,13.3,14.21,12.92,49020566.0,664715554.0,4.613,0.62
688328,深科达,74.15,74.12,74.15,71.08,73.61,74.89,71.26,5453887.0,400083214.0,4.319,3.07
688329,艾隆科技,23.1,23.1,23.14,22.76,22.49,23.54,22.1,2167565.0,49525139.0,1.494,0.34
688330,宏力达,39.1,39.1,39.13,39.1,38.6,39.48,38.53,1367366.0,53305129.0,0.0,0.0
688331,荣昌生物,107.4,107.39,107.4,112.13,111.5,111.99,106.53,7732480.0,835367948.0,-4.218,-4.73
688332,中科蓝讯,118.2,118.19,118.2,116.8,116.91,126.58,116.91,10348716.0,1250717475.0,1.199,1.4
688333,铂力特,74.5,74.47,74.5,75.5,76.0,76.63,73.58,10444159.0,780122238.0,-1.325,-1.0
688334,西高院,20.35,20.35,20.36,18.94,19.0,21.77,18.94,9096561.0,186241275.0,7.445,1.41
688335,复洁科技,31.4,31.33,31.4,29.12,29.36,31.8,28.91,4706188.0,145368028.0,7.83,2.28
688336,三生国健,55.18,55.18,55.19,56.2,55.81,56.2,54.5,4243727.0,233765492.0,-1.815,-1.02
688337,普源精电,79.0,79.0,79.01,67.2,67.33,80.64,66.8,12697366.0,955198273.0,17.56,11.8
688338,赛科希德,24.66,24.55,24.66,24.91,24.97,24.97,24.35,721797.0,17698081.0,-1.004,-0.25
688339,亿华通,20.48,20.48,20.49,20.15,20.09,20.66,19.98,3493689.0,71113567.0,1.638,0.33
688343,云天励飞,73.5,73.48,73.5,63.89,64.9,75.0,64.8,26343378.0,1822653246.0,15.041,9.61
688345,博力威,52.0,52.0,52.01,51.05,51.57,52.47,49.79,1633380.0,84294270.0,1.861,0.95
688347,华虹宏力,238.5,238.5,238.55,238.28,238.28,244.22,232.6,22047025.0,5271254077.0,0.092,0.22
688348,昱能科技,37.35,37.35,37.36,36.33,36.19,37.93,36.02,2633863.0,97857698.0,2.808,1.02
688349,三一重能,18.9,18.88,18.9,19.14,18.99,19.28,18.8,7269502.0,137864069.0,-1.254,-0.24
688350,富淼科技,35.09,35.08,35.09,34.5,34.01,35.48,33.55,5108209.0,176891330.0,1.71,0.59
688351,微电生理,22.99,22.99,23.0,23.78,23.68,23.8,22.95,5542896.0,128544114.0,-3.322,-0.79
688352,颀中科技,18.5,18.5,18.51,17.87,18.3,19.07,18.1,39917965.0,744013078.0,3.525,0.63
688353,华盛锂电,109.41,109.4,109.41,107.8,107.0,111.51,103.5,11527097.0,1246342418.0,1.494,1.61
688355,明志科技,18.26,18.26,18.3,18.05,18.1,18.44,17.82,1147917.0,20880913.0,1.163,0.21
688356,键凯科技,69.59,69.59,69.6,70.01,69.81,70.26,68.69,637415.0,44255059.0,-0.6,-0.42
688357,建龙微纳,28.79,28.78,28.79,28.54,29.2,29.2,28.0,829588.0,23634678.0,0.876,0.25
688358,祥生医疗,31.08,31.06,31.08,31.89,31.69,31.69,30.81,958592.0,29814467.0,-2.54,-0.81
688359,三孚新科,173.11,173.1,173.11,155.88,159.87,182.0,154.0,7364319.0,1226385802.0,11.053,17.23
688360,德马科技,21.38,21.37,21.38,20.62,20.87,21.68,20.84,9753943.0,207274161.0,3.686,0.76
688361,中科飞测,241.0,240.48,241.0,235.0,236.47,242.99,228.84,9047937.0,2125093887.0,2.553,6.0
688362,甬矽电子,64.85,64.84,64.85,63.08,65.0,69.46,64.08,48467613.0,3231696608.0,2.806,1.77
688363,华熙生物,36.2,36.2,36.21,36.29,36.11,36.8,35.66,3382329.0,122291047.0,-0.248,-0.09
688365,光云科技,18.33,18.33,18.34,18.19,18.09,18.49,17.71,12827689.0,233503915.0,0.77,0.14
688366,昊海生科,31.07,31.03,31.07,31.5,31.42,31.42,30.82,700501.0,21692760.0,-1.365,-0.43
688367,工大高科,35.43,35.42,35.43,36.04,36.04,36.67,35.1,2740825.0,98216671.0,-1.693,-0.61
688368,晶丰明源,201.5,201.49,201.5,201.02,199.0,206.0,197.25,3362895.0,674498965.0,0.239,0.48
688369,致远互联,22.4,22.37,22.4,22.25,21.97,22.78,21.76,2794758.0,62265491.0,0.674,0.15
688370,丛麟科技,22.42,22.42,22.45,22.13,22.37,22.69,21.23,1784805.0,39420950.0,1.31,0.29
688371,菲沃泰,37.55,37.55,37.56,38.79,39.35,39.6,36.06,17244932.0,643158917.0,-3.197,-1.24
688372,伟测科技,159.95,159.9,159.95,158.48,158.48,161.68,155.5,6323822.0,1004236343.0,0.928,1.47
688373,盟科药业,4.48,4.48,4.49,4.46,4.46,4.51,4.37,7895768.0,35102573.0,0.448,0.02
688375,国博电子,96.46,96.45,96.46,98.8,99.9,99.97,95.5,7189640.0,695380465.0,-2.368,-2.34
688376,美埃科技,80.15,80.14,80.15,78.0,78.2,82.96,76.1,5605342.0,445710383.0,2.756,2.15
688377,迪威尔,25.72,25.71,25.72,26.31,26.28,26.58,25.6,2165455.0,56139896.0,-2.242,-0.59
688378,奥来德,48.58,48.57,48.58,46.19,45.7,49.62,45.5,10798760.0,515850101.0,5.174,2.39
688379,华光新材,88.64,88.64,88.68,92.17,92.17,92.96,86.88,8520710.0,763870560.0,-3.83,-3.53
688380,中微半导,47.14,47.13,47.14,46.92,47.5,47.95,46.5,11699926.0,552489515.0,0.469,0.22
688381,帝奥微,46.45,46.44,46.45,43.79,43.38,47.0,42.9,18152686.0,821016191.0,6.074,2.66
688382,益方生物,16.55,16.52,16.55,17.0,16.9,17.0,16.3,11370428.0,187981336.0,-2.647,-0.45
688383,新益昌,177.0,177.0,177.03,171.5,171.35,177.77,167.0,2455790.0,422459756.0,3.207,5.5
688385,复旦微电,56.21,56.21,56.22,55.3,55.55,56.59,55.14,12912524.0,722749464.0,1.646,0.91
688386,泛亚微透,90.63,90.5,90.63,88.79,88.79,92.48,88.06,4101731.0,370165685.0,2.072,1.84
688387,信科移动,15.33,15.33,15.34,15.51,15.78,15.97,15.24,67231697.0,1044288759.0,-1.161,-0.18
688388,嘉元科技,70.9,70.89,70.9,66.79,67.93,71.8,66.0,59571539.0,4129104267.0,6.154,4.11
688389,普门科技,10.78,10.78,10.79,10.9,10.96,10.96,10.74,1378830.0,14884522.0,-1.101,-0.12
688390,固德威,116.33,116.33,116.43,111.32,112.79,119.6,109.4,11698175.0,1349699123.0,4.501,5.01
688391,钜泉科技,32.43,32.39,32.43,31.67,31.69,32.91,31.18,1914575.0,61135566.0,2.4,0.76
688392,骄成超声,167.23,167.23,167.26,164.52,164.5,169.3,161.2,4911096.0,809952718.0,1.647,2.71
688393,安必平,19.61,19.58,19.61,19.72,19.75,19.84,19.14,1059158.0,20509581.0,-0.558,-0.11
688395,正弦电气,24.66,24.65,24.66,24.31,24.26,25.05,23.82,1572805.0,38544420.0,1.44,0.35
688396,华润微,71.75,71.74,71.75,68.85,69.0,73.65,68.41,47353007.0,3402786952.0,4.212,2.9
688398,赛特新材,25.42,25.42,25.43,24.51,24.46,25.84,24.1,6567540.0,165492790.0,3.713,0.91
688399,硕世生物,51.07,51.07,51.24,51.58,51.41,51.63,50.26,996441.0,50817272.0,-0.989,-0.51
688400,凌云光,60.02,60.01,60.02,59.1,59.23,61.19,58.87,18380560.0,1101878743.0,1.557,0.92
688401,路维光电,79.18,79.12,79.18,80.03,79.23,80.27,77.81,9546649.0,753648186.0,-1.062,-0.85
688403,汇成股份,26.96,26.96,26.97,26.7,27.47,28.86,26.7,85824421.0,2375657444.0,0.974,0.26
688408,中信博,31.14,31.14,31.15,30.53,30.59,31.28,29.92,4428830.0,135312040.0,1.998,0.61
688409,富创精密,189.54,189.54,189.57,191.96,191.98,197.84,186.98,9633492.0,1839851560.0,-1.261,-2.42
688410,山外山,14.54,14.52,14.54,14.62,14.55,14.66,14.36,5049716.0,73299683.0,-0.547,-0.08
688411,海博思创,264.0,264.0,264.02,260.0,264.0,266.88,257.0,4945423.0,1298941988.0,1.538,4.0
688416,恒烁股份,125.31,125.3,125.31,122.89,122.28,127.56,120.7,5614304.0,697083815.0,1.969,2.42
688418,震有科技,46.0,45.98,46.0,44.42,45.0,46.59,43.8,5615556.0,256146683.0,3.557,1.58
688419,耐科装备,65.81,65.78,65.81,62.0,61.7,66.58,61.08,8032159.0,514358328.0,6.145,3.81
688420,美腾科技,22.7,22.7,22.72,22.52,22.56,22.85,21.91,992396.0,22198920.0,0.799,0.18
688425,铁建重工,4.26,4.26,4.27,4.34,4.32,4.35,4.25,15201611.0,65077772.0,-1.843,-0.08
688426,康为世纪,16.5,16.5,16.51,16.38,16.37,16.65,15.9,999987.0,16273564.0,0.733,0.12
688428,诺诚健华,22.56,22.55,22.56,23.12,23.08,23.1,22.21,7060727.0,159345432.0,-2.422,-0.56
688429,时创能源,10.94,10.93,10.94,10.68,10.73,10.94,10.37,2521407.0,27067602.0,2.434,0.26
688432,有研硅,25.59,25.58,25.59,25.12,24.7,26.18,24.35,68638322.0,1732309430.0,1.871,0.47
688433,华曙高科,109.79,109.78,109.79,95.52,99.02,113.0,95.5,9013237.0,934793457.0,14.939,14.27
688435,英方软件,37.16,37.16,37.24,37.25,37.24,37.39,36.37,1272538.0,47042213.0,-0.242,-0.09
688439,振华风光,45.69,45.69,45.7,44.85,44.7,46.2,44.38,3275381.0,147802962.0,1.873,0.84
688443,智翔金泰,21.18,21.18,21.19,21.67,21.68,21.68,21.09,3107399.0,66057468.0,-2.261,-0.49
688448,磁谷科技,56.0,55.9,56.0,54.78,55.88,57.0,54.23,1460986.0,81288973.0,2.227,1.22
688449,联芸科技,71.6,71.6,71.61,70.94,73.0,73.65,70.7,14055609.0,1013369505.0,0.93,0.66
688450,光格科技,46.6,46.6,46.64,41.2,41.5,46.6,41.0,2995761.0,133062519.0,13.107,5.4
688455,科捷智能,18.95,18.94,18.95,18.51,18.56,19.17,18.3,2504014.0,47131840.0,2.377,0.44
688456,有研粉材,154.48,154.48,154.49,140.05,138.0,161.29,137.35,14619566.0,2241548399.0,10.303,14.43
688458,美芯晟,40.61,40.6,40.61,38.66,39.5,41.13,38.63,3575306.0,143430572.0,5.044,1.95
688459,哈铁科技,8.05,8.04,8.05,8.01,7.97,8.09,7.85,1256764.0,9994191.0,0.499,0.04
688466,金科环境,14.5,14.46,14.5,14.48,14.57,14.64,14.14,1577673.0,22747016.0,0.138,0.02
688468,科美诊断,6.04,6.04,6.05,6.04,6.06,6.06,5.96,3057485.0,18360844.0,0.0,0.0
688469,芯联集成,7.97,7.96,7.97,7.73,7.75,8.03,7.74,225418093.0,1782872178.0,3.105,0.24
688472,阿特斯,11.48,11.48,11.49,11.17,11.2,11.53,11.05,53021295.0,601753662.0,2.775,0.31
688475,萤石网络,26.97,26.96,26.97,26.76,26.78,27.06,26.36,4991094.0,133134999.0,0.785,0.21
688478,晶升股份,63.44,63.43,63.44,63.88,63.32,65.68,60.0,10481426.0,662669496.0,-0.689,-0.44
688479,友车科技,32.46,32.46,32.48,31.7,31.68,32.57,30.77,1830551.0,58454273.0,2.397,0.76
688480,赛恩斯,97.49,97.49,97.5,101.0,100.5,101.5,97.22,2717621.0,267983527.0,-3.475,-3.51
688484,南芯科技,52.67,52.67,0.0,43.89,44.28,52.67,44.01,39319342.0,1949717072.0,20.005,8.78
688485,九州一轨,52.14,52.14,52.15,51.13,50.96,52.5,50.05,5658466.0,290742297.0,1.975,1.01
688486,龙迅股份,53.48,53.45,53.48,52.25,52.9,53.99,52.02,5629590.0,298565668.0,2.354,1.23
688488,艾迪药业,12.5,12.48,12.5,12.69,12.68,12.87,12.36,5931583.0,74106278.0,-1.497,-0.19
688489,三未信安,23.4,23.4,23.42,23.02,23.25,23.5,22.43,1160332.0,26730501.0,1.651,0.38
688496,*ST清越,1.03,1.03,1.04,1.06,1.07,1.07,1.0,8686537.0,8910175.0,-2.83,-0.03
688498,源杰科技,1608.88,1608.12,1608.88,1464.88,1460.0,1628.8,1432.0,6359219.0,9730322785.0,9.83,144.0
688499,利元亨,46.57,46.57,46.6,43.47,43.8,47.0,43.21,8722605.0,396324216.0,7.131,3.1
688500,慧辰股份,51.09,51.09,51.1,51.73,51.63,52.79,50.0,2856357.0,145808403.0,-1.237,-0.64
688501,青达环保,21.69,21.69,21.73,22.2,22.48,22.48,21.69,2391001.0,52468456.0,-2.297,-0.51
688502,茂莱光学,489.99,489.99,490.0,500.58,492.0,496.55,476.0,2350902.0,1143719916.0,-2.116,-10.59
688503,聚和材料,95.85,95.8,95.85,91.5,92.0,97.3,90.58,17151287.0,1626876200.0,4.754,4.35
688505,复旦张江,6.75,6.75,6.77,6.79,6.77,6.78,6.68,2752839.0,18530361.0,-0.589,-0.04
688506,百利天恒,235.11,235.11,235.18,236.73,234.83,236.68,228.01,1943642.0,449572723.0,-0.684,-1.62
688507,索辰科技,248.32,248.32,248.33,253.57,247.9,259.8,243.58,10116947.0,2536053958.0,-2.07,-5.25
688508,芯朋微,96.0,95.85,96.0,88.4,88.4,98.89,88.23,11119266.0,1056544220.0,8.597,7.6
688509,正元地信,4.95,4.94,4.95,5.02,5.02,5.06,4.93,12990648.0,64701233.0,-1.394,-0.07
688510,航亚科技,25.15,25.14,25.15,25.59,25.81,26.08,24.84,9245303.0,235306122.0,-1.719,-0.44
688511,天微电子,27.82,27.82,27.83,27.7,27.7,29.0,27.61,5058184.0,142837434.0,0.433,0.12
688512,慧智微,14.38,14.37,14.38,13.98,13.9,14.43,13.77,21362875.0,301356098.0,2.861,0.4
688513,苑东生物,45.11,44.92,45.11,45.29,45.0,45.57,43.98,1121749.0,50128699.0,-0.397,-0.18
688515,裕太微,197.49,197.24,197.49,192.29,192.24,201.89,190.11,4269578.0,837250509.0,2.704,5.2
688516,奥特维,60.26,60.26,60.28,55.83,56.21,60.33,55.11,14300670.0,831941884.0,7.935,4.43
688517,金冠电气,18.68,18.68,18.71,18.15,18.2,19.29,17.72,4178442.0,77774011.0,2.92,0.53
688518,联赢激光,28.77,28.77,28.8,27.7,27.78,29.46,27.69,20665562.0,590700785.0,3.863,1.07
688519,南亚新材,356.44,356.44,356.5,338.3,330.0,375.0,330.0,7803297.0,2731468458.0,5.362,18.14
688520,神州细胞,33.18,33.18,33.25,33.81,33.92,34.06,33.08,2291849.0,76531018.0,-1.863,-0.63
688521,芯原股份,249.1,249.1,249.11,237.12,239.0,254.58,233.38,22801043.0,5573128691.0,5.052,11.98
688522,纳睿雷达,20.68,20.68,20.69,20.18,20.34,20.8,20.08,4164244.0,85382400.0,2.478,0.5
688523,航天环宇,52.63,52.63,52.66,53.84,55.0,55.59,51.88,7927169.0,420040681.0,-2.247,-1.21
688525,XD佰维存,340.48,340.47,340.48,339.75,340.0,346.98,334.71,33989517.0,11566602652.0,0.215,0.73
688526,科前生物,12.5,12.5,12.53,12.68,12.65,12.67,12.41,979281.0,12270215.0,-1.42,-0.18
688528,秦川物联,10.39,10.38,10.39,10.47,10.47,10.62,10.19,2431587.0,25220546.0,-0.764,-0.08
688529,豪森智能,17.75,17.75,17.77,17.21,17.15,18.46,17.15,3139934.0,55960655.0,3.138,0.54
688530,欧莱新材,63.16,63.15,63.16,58.7,57.79,65.0,56.81,18259914.0,1110309588.0,7.598,4.46
688531,日联科技,180.29,180.29,180.39,174.65,175.0,182.35,168.21,8055791.0,1422786418.0,3.229,5.64
688533,上声电子,23.7,23.69,23.7,23.55,23.55,23.93,23.26,807831.0,19050989.0,0.637,0.15
688535,华海诚科,125.74,125.74,125.75,124.17,123.0,127.17,122.0,9938484.0,1242534363.0,1.264,1.57
688536,思瑞浦,337.49,337.41,337.49,325.0,326.91,341.0,322.0,5604415.0,1858149208.0,3.843,12.49
688538,和辉光电,2.37,2.37,2.38,2.31,2.3,2.39,2.29,128013073.0,300893894.0,2.597,0.06
688539,高华科技,32.4,32.4,32.42,32.39,34.0,34.0,32.02,4601326.0,150650417.0,0.031,0.01
688543,国科军工,40.58,40.58,40.59,40.58,40.55,41.07,40.11,4981357.0,201960487.0,0.0,0.0
688545,兴福电子,109.09,109.09,109.36,115.0,112.82,120.0,108.77,22891035.0,2587645873.0,-5.139,-5.91
688548,广钢气体,29.8,29.8,29.81,28.12,28.68,30.6,28.45,41260646.0,1223425268.0,5.974,1.68
688549,中巨芯,29.89,29.88,29.89,27.02,27.02,32.42,27.0,133435504.0,4065451705.0,10.622,2.87
688550,瑞联新材,45.22,45.21,45.22,44.9,44.9,46.45,44.15,7193377.0,325866612.0,0.713,0.32
688551,科威尔,70.94,70.94,71.0,62.44,62.29,71.85,61.18,6997785.0,479230625.0,13.613,8.5
688552,航天南湖,29.09,29.07,29.09,29.55,29.64,29.65,28.88,4004549.0,116769796.0,-1.557,-0.46
688553,汇宇制药,16.26,16.26,16.27,16.1,15.99,16.42,15.72,6620558.0,106426899.0,0.994,0.16
688556,高测股份,11.77,11.76,11.77,11.11,11.39,11.97,11.13,50923139.0,593552748.0,5.941,0.66
688557,兰剑智能,30.28,30.27,30.28,29.06,29.25,30.49,28.56,1554075.0,45952945.0,4.198,1.22
688558,国盛智科,33.8,33.72,33.8,32.97,32.97,34.02,32.61,2200957.0,73715589.0,2.517,0.83
688559,海目星,72.03,72.02,72.03,67.28,67.14,72.52,67.14,18104502.0,1280917836.0,7.06,4.75
688560,明冠新材,13.91,13.9,13.91,13.43,13.31,14.08,13.22,4482140.0,61491072.0,3.574,0.48
688561,奇安信,24.3,24.29,24.3,24.32,24.1,24.54,23.8,5340304.0,128895870.0,-0.082,-0.02
688562,航天软件,16.77,16.77,16.8,16.6,16.65,16.92,16.44,3241571.0,54161279.0,1.024,0.17
688563,航材股份,51.18,51.18,51.19,51.56,51.89,52.36,50.87,3021993.0,155665099.0,-0.737,-0.38
688565,力源科技,10.19,10.18,10.19,9.99,10.03,10.44,9.8,4271211.0,43296000.0,2.002,0.2
688566,吉贝尔,24.45,24.45,24.46,24.35,24.36,24.55,24.01,782662.0,19006627.0,0.411,0.1
688567,孚能科技,11.69,11.69,11.7,11.16,11.27,11.81,11.03,19883053.0,229031785.0,4.749,0.53
688568,中科星图,43.77,43.77,43.8,44.0,44.44,44.82,43.14,13055421.0,573630365.0,-0.523,-0.23
688569,铁科轨道,18.15,18.01,18.15,17.84,18.26,18.26,17.61,706643.0,12695815.0,1.738,0.31
688570,天玛智控,15.52,15.52,15.55,15.78,15.87,15.87,15.51,1093455.0,17038122.0,-1.648,-0.26
688571,杭华股份,9.16,9.16,9.17,8.57,8.47,9.26,8.41,18722248.0,167888545.0,6.884,0.59
688573,信宇人,20.13,20.13,20.14,18.75,18.76,20.38,18.48,4599992.0,90499634.0,7.36,1.38
688575,亚辉龙,9.35,9.35,9.36,9.57,9.56,9.56,9.33,5422114.0,50845942.0,-2.299,-0.22
688576,西山科技,70.52,70.31,70.52,68.98,69.0,71.48,68.42,363677.0,25465585.0,2.233,1.54
688577,浙海德曼,49.67,49.66,49.67,47.66,47.56,50.27,47.36,2075859.0,102540644.0,4.217,2.01
688578,艾力斯,83.75,83.75,84.02,84.7,84.27,84.66,83.1,2568027.0,215733577.0,-1.122,-0.95
688579,地纬智能,8.52,8.51,8.52,8.58,8.57,8.6,8.36,4054550.0,34444001.0,-0.699,-0.06
688580,伟思医疗,53.4,53.38,53.4,53.19,52.84,53.87,51.61,1691019.0,88871009.0,0.395,0.21
688581,安杰思,55.49,55.47,55.49,55.76,55.4,56.0,54.79,321730.0,17771937.0,-0.484,-0.27
688582,芯动联科,57.1,57.1,57.12,54.7,54.9,57.18,54.11,10486314.0,580529936.0,4.388,2.4
688583,思看科技,131.69,131.69,131.74,131.34,131.34,135.82,128.01,3135444.0,415468889.0,0.266,0.35
688584,上海合晶,29.57,29.57,29.58,28.96,28.79,29.8,28.51,24499515.0,718448803.0,2.106,0.61
688585,上纬新材,164.21,164.21,164.26,157.0,158.0,166.88,155.6,5775526.0,937817865.0,4.592,7.21
688586,江航装备,12.55,12.55,12.56,12.06,12.25,12.76,11.8,13658690.0,168152923.0,4.063,0.49
688588,凌志软件,10.22,10.22,10.23,10.2,10.11,10.31,10.0,3575405.0,36217611.0,0.196,0.02
688589,力合微,20.5,20.46,20.5,20.01,19.97,20.54,19.8,3564627.0,72047867.0,2.449,0.49
688590,新致软件,15.28,15.28,15.29,13.89,14.08,16.67,14.02,40761150.0,635112539.0,10.007,1.39
688591,泰凌微,33.95,33.94,33.95,31.75,31.8,34.87,31.8,9693877.0,324904782.0,6.929,2.2
688592,司南导航,39.5,39.46,39.5,39.28,39.89,39.9,38.8,1140623.0,44903866.0,0.56,0.22
688593,新相微,31.54,31.54,31.55,30.6,30.56,32.0,30.43,15688660.0,489126557.0,3.072,0.94
688595,芯海科技,38.82,38.82,38.84,36.12,36.09,39.3,35.9,9257235.0,352966438.0,7.475,2.7
688596,正帆科技,44.75,44.73,44.75,45.11,46.96,47.8,44.42,21631108.0,985140835.0,-0.798,-0.36
688597,煜邦电力,8.11,8.11,8.13,7.91,7.84,8.22,7.76,7714822.0,62077378.0,2.528,0.2
688598,金博股份,41.49,41.48,41.49,39.37,39.92,41.49,39.2,24621220.0,995639445.0,5.385,2.12
688599,天合光能,14.66,14.65,14.66,14.41,14.32,14.71,14.22,41621692.0,604919038.0,1.735,0.25
688600,皖仪科技,27.57,27.5,27.57,26.33,26.37,27.86,26.0,4457175.0,120966671.0,4.709,1.24
688601,力芯微,60.7,60.69,60.7,56.78,56.98,61.9,55.9,7699931.0,452592830.0,6.904,3.92
688602,康鹏科技,8.13,8.12,8.13,7.53,7.5,8.2,7.49,22338150.0,179037568.0,7.968,0.6
688603,天承科技,195.26,195.26,195.43,185.33,189.93,202.89,180.0,11978463.0,2314472774.0,5.358,9.93
688605,先锋精科,84.7,84.7,84.72,84.0,83.6,85.64,82.02,7166288.0,601093675.0,0.833,0.7
688606,奥泰生物,46.36,46.36,46.52,47.04,46.86,46.91,46.2,272429.0,12639093.0,-1.446,-0.68
688607,康众医疗,59.05,59.04,59.05,55.75,56.0,59.34,55.29,1884738.0,108019739.0,5.919,3.3
688608,恒玄科技,155.51,155.5,155.51,150.45,149.7,156.68,149.13,4208102.0,647697219.0,3.363,5.06
688609,九联科技,11.53,11.53,11.54,11.37,11.4,11.59,11.11,21266751.0,242284929.0,1.407,0.16
688610,埃科光电,241.0,240.5,241.0,225.08,220.02,243.99,217.36,1841165.0,422846494.0,7.073,15.92
688611,杭州柯林,75.8,75.8,75.88,74.99,74.45,76.71,74.03,1963035.0,148069390.0,1.08,0.81
688612,威迈斯,33.85,33.83,33.85,33.44,33.03,34.56,33.0,6239770.0,210329392.0,1.226,0.41
688613,奥精医疗,15.34,15.34,15.35,15.44,15.4,15.43,14.97,2272472.0,34530747.0,-0.648,-0.1
688615,合合信息,119.4,119.36,119.4,120.25,119.89,120.69,117.8,3356773.0,400911787.0,-0.707,-0.85
688616,XD西力科,11.13,11.13,11.14,11.08,11.17,11.37,10.91,3305991.0,36794599.0,0.451,0.05
688617,惠泰医疗,195.9,195.7,195.9,205.4,202.0,204.74,194.06,1750615.0,344256261.0,-4.625,-9.5
688618,三旺通信,33.98,33.98,33.99,32.87,32.66,34.3,32.25,2305229.0,77435402.0,3.377,1.11
688619,罗普特,17.03,17.02,17.03,16.5,16.9,17.37,16.37,4814801.0,81468914.0,3.212,0.53
688620,安凯微,12.63,12.63,12.64,12.19,12.21,12.73,12.1,10887795.0,136087022.0,3.61,0.44
688621,阳光诺和,51.8,51.75,51.8,52.65,52.99,52.99,51.14,1325406.0,68661457.0,-1.614,-0.85
688622,*ST禾信,132.77,132.77,132.8,128.68,130.0,134.86,129.3,704811.0,92946917.0,3.178,4.09
688623,双元科技,92.88,92.57,92.88,92.67,92.3,93.43,91.88,369101.0,34185561.0,0.227,0.21
688625,呈和科技,91.78,91.78,91.8,87.13,87.0,94.08,85.9,11372593.0,1044511323.0,5.337,4.65
688626,翔宇医疗,49.16,49.13,49.16,49.0,48.71,49.32,48.23,1188945.0,58052582.0,0.327,0.16
688627,精智达,498.0,497.01,498.0,468.0,470.0,515.98,463.0,7316222.0,3558712203.0,6.41,30.0
688628,优利德,98.6,98.5,98.6,97.25,95.4,99.55,93.68,4917123.0,477915092.0,1.388,1.35
688629,华丰科技,147.44,147.44,147.45,150.79,148.51,151.99,145.5,16901249.0,2512259882.0,-2.222,-3.35
688630,芯碁微装,463.8,463.79,463.8,438.19,445.0,472.0,435.0,5576504.0,2542655853.0,5.844,25.61
688631,莱斯信息,48.88,48.86,48.88,49.41,48.91,49.88,48.2,2429861.0,118446283.0,-1.073,-0.53
688633,星球石墨,31.79,31.78,31.79,30.99,31.0,31.98,30.2,9157535.0,286519835.0,2.581,0.8
688635,长进光子,509.99,509.99,0.0,424.99,420.0,509.99,418.0,5695644.0,2714525249.0,20.0,85.0
688636,智明达,37.08,37.07,37.08,37.63,37.89,38.35,36.89,4714124.0,176895588.0,-1.462,-0.55
688638,誉辰智能,34.9,34.9,34.96,33.02,33.27,35.28,32.58,1023628.0,34919901.0,5.694,1.88
688639,华恒生物,21.16,21.16,21.17,21.3,21.58,21.58,21.02,3376112.0,71445150.0,-0.657,-0.14
688646,ST逸飞,66.05,66.05,66.09,66.44,67.0,67.58,65.03,916350.0,60532182.0,-0.587,-0.39
688648,中邮科技,37.78,37.73,37.78,37.25,36.88,38.38,36.37,1572724.0,58981622.0,1.423,0.53
688651,盛邦安全,35.24,35.22,35.24,33.42,33.59,36.03,33.19,2274053.0,79501781.0,5.446,1.82
688652,京仪装备,150.01,150.01,150.07,143.0,146.96,152.99,141.54,9147974.0,1339258170.0,4.902,7.01
688653,康希通信,14.93,14.9,14.93,14.5,14.51,14.98,14.43,10655271.0,157054930.0,2.966,0.43
688655,迅捷兴,51.68,51.68,51.69,49.9,50.55,52.9,48.55,12197766.0,623506979.0,3.567,1.78
688656,浩欧博,107.97,107.82,107.97,96.69,96.51,112.66,94.89,1176842.0,122321702.0,11.666,11.28
688657,浩辰软件,36.67,36.66,36.67,36.65,36.4,37.28,36.12,1001819.0,36616543.0,0.055,0.02
688658,悦康药业,13.25,13.25,13.28,13.4,13.51,13.51,13.02,12450438.0,164437003.0,-1.119,-0.15
688659,元琛科技,10.39,10.35,10.39,9.81,9.99,10.58,9.85,8053648.0,82276730.0,5.912,0.58
688660,电气风电,9.77,9.77,9.78,9.63,9.63,9.9,9.51,17335809.0,169155206.0,1.454,0.14
688661,和林微纳,132.87,132.87,132.88,130.8,130.36,136.0,126.89,8323173.0,1084322275.0,1.583,2.07
688662,富信科技,134.76,134.76,134.82,116.87,115.98,140.24,115.9,22113815.0,2855636521.0,15.308,17.89
688663,新风光,86.33,86.33,86.35,84.75,85.57,88.6,84.25,3110830.0,268598709.0,1.864,1.58
688665,四方光电,58.08,58.07,58.08,58.0,57.72,58.45,56.67,1543950.0,88833408.0,0.138,0.08
688667,菱电电控,117.55,117.55,117.57,116.08,118.0,120.92,115.02,1794989.0,212324685.0,1.266,1.47
688668,鼎通科技,400.08,400.08,400.11,432.0,430.0,430.0,396.52,8353381.0,3408365343.0,-7.389,-31.92
688669,聚石化学,56.92,56.92,56.93,49.44,49.0,57.39,49.0,9399715.0,506680204.0,15.129,7.48
688670,金迪克,14.79,14.75,14.79,14.57,14.57,14.84,14.25,1414013.0,20612335.0,1.51,0.22
688671,碧兴物联,24.3,24.3,24.32,22.96,22.82,25.38,22.37,2686120.0,64165050.0,5.836,1.34
688676,金盘科技,96.91,96.91,96.94,90.86,90.86,99.55,89.9,21100952.0,2021072042.0,6.659,6.05
688677,海泰新光,119.01,119.01,119.39,122.0,122.01,122.77,117.56,4238453.0,508414153.0,-2.451,-2.99
688678,福立旺,21.93,21.93,21.94,21.46,21.54,22.3,21.33,12500430.0,274000016.0,2.19,0.47
688679,通源环境,51.48,51.47,51.48,51.98,52.84,53.0,50.3,2528800.0,130240140.0,-0.962,-0.5
688680,海优新材,45.65,45.64,45.65,43.17,43.27,45.79,42.74,2850154.0,127121732.0,5.745,2.48
688681,科汇股份,15.41,15.41,15.47,15.29,15.29,15.58,15.02,1712672.0,26143943.0,0.785,0.12
688682,霍莱沃,43.3,43.29,43.3,42.17,42.17,43.89,42.11,3086620.0,133054524.0,2.68,1.13
688683,莱尔科技,40.0,39.92,40.0,40.41,40.4,40.65,39.15,1888726.0,75452700.0,-1.015,-0.41
688685,迈信林,44.32,44.32,44.34,43.26,43.48,44.82,41.7,4863635.0,211052539.0,2.45,1.06
688686,奥普特,149.77,149.77,149.78,139.2,139.1,153.33,138.21,3938246.0,573787481.0,7.593,10.57
688687,凯因科技,16.11,16.1,16.11,16.6,16.59,16.59,16.07,2369312.0,38423936.0,-2.952,-0.49
688689,银河微电,46.82,0.0,0.0,46.82,0.0,0.0,0.0,0.0,0.0,0.0,0.0
688690,纳微科技,39.84,39.84,39.86,40.1,39.51,40.3,39.12,13154680.0,522675928.0,-0.648,-0.26
688691,灿芯股份,97.53,97.53,97.56,98.08,98.08,99.56,96.15,5880518.0,572530951.0,-0.561,-0.55
688692,达梦数据,268.78,268.66,268.78,272.29,273.0,274.55,266.3,1500596.0,403883807.0,-1.289,-3.51
688693,锴威特,102.11,102.11,102.16,102.98,102.98,104.48,100.32,2206719.0,225943539.0,-0.845,-0.87
688695,中创股份,20.65,20.55,20.65,20.7,20.42,20.82,19.88,1537322.0,31084412.0,-0.242,-0.05
688696,极米科技,70.68,70.41,70.68,71.11,71.51,71.93,69.92,763841.0,53896623.0,-0.605,-0.43
688697,纽威数控,15.17,15.17,15.18,15.4,15.2,15.48,14.8,15751921.0,237902044.0,-1.494,-0.23
688698,伟创电气,59.33,59.33,59.39,59.44,59.52,60.28,58.81,4705764.0,279880238.0,-0.185,-0.11
688699,明微电子,64.0,63.99,64.0,61.5,61.2,65.5,61.2,4641181.0,295625361.0,4.065,2.5
688700,东威科技,97.87,97.87,97.88,87.31,88.9,98.63,88.0,20679822.0,1980382546.0,12.095,10.56
688701,卓锦股份,8.26,8.26,8.3,8.28,8.28,8.38,8.03,2098925.0,17242383.0,-0.242,-0.02
688702,盛科通信,299.86,299.85,299.86,283.0,285.94,316.98,280.88,10311751.0,3050475336.0,5.958,16.86
688707,振华新材,14.41,14.4,14.41,14.03,14.11,14.6,13.88,15665424.0,224202619.0,2.708,0.38
688708,佳驰科技,49.17,49.16,49.17,51.61,51.33,51.88,48.4,3394402.0,168283088.0,-4.728,-2.44
688709,成都华微,35.7,35.69,35.7,35.19,35.58,37.13,34.81,8743873.0,313897047.0,1.449,0.51
688710,益诺思,52.73,52.73,52.8,52.37,52.3,53.55,51.34,1416619.0,74212035.0,0.687,0.36
688711,宏微科技,38.55,38.54,38.55,39.28,39.88,41.24,38.31,21665434.0,854237063.0,-1.858,-0.73
688712,北芯生命,37.21,37.21,37.22,38.04,38.1,38.1,36.65,2170340.0,80502249.0,-2.182,-0.83
688716,中研股份,35.0,34.99,35.0,34.84,34.84,35.74,34.35,2991485.0,104602968.0,0.459,0.16
688717,艾罗能源,92.9,92.9,92.91,90.6,90.49,95.48,90.16,4706715.0,438664713.0,2.539,2.3
688718,唯赛勃,16.72,16.72,16.73,15.73,15.58,17.08,15.43,3721825.0,61096813.0,6.294,0.99
688719,爱科赛博,89.16,89.16,89.36,78.95,78.9,91.17,77.64,8590941.0,739515409.0,12.932,10.21
688720,艾森股份,74.2,74.19,74.2,72.46,73.09,75.56,71.0,8593761.0,634346357.0,2.401,1.74
688721,龙图光罩,51.47,51.47,51.5,50.63,50.13,52.42,49.7,6579066.0,335717069.0,1.659,0.84
688722,同益中,17.6,17.58,17.6,17.31,17.33,17.78,17.06,4343291.0,75691516.0,1.675,0.29
688726,拉普拉斯,58.31,58.31,58.32,61.75,63.0,63.01,58.0,18040793.0,1072042301.0,-5.571,-3.44
688727,恒坤新材,55.85,55.85,55.87,54.99,54.55,56.18,54.22,7164929.0,397114642.0,1.564,0.86
688728,格科微,14.07,14.07,14.08,13.96,13.93,14.13,13.77,25495945.0,356265845.0,0.788,0.11
688729,屹唐股份,26.71,26.71,26.72,27.18,26.9,27.16,26.5,16205112.0,433916500.0,-1.729,-0.47
688733,XD壹石通,40.75,40.75,40.76,41.98,40.99,42.11,39.3,17068193.0,698586023.0,-2.93,-1.23
688737,中自科技,26.81,26.8,26.81,26.08,25.81,27.76,25.81,3245595.0,87363808.0,2.799,0.73
688739,成大生物,19.8,19.8,19.82,19.97,19.95,19.95,19.56,1941332.0,38308284.0,-0.851,-0.17
688750,金天钛业,17.55,17.55,17.56,18.63,18.06,18.29,17.4,14214580.0,250437168.0,-5.797,-1.08
688755,汉邦科技,25.24,25.24,25.25,25.48,25.48,25.48,24.66,452454.0,11351497.0,-0.942,-0.24
688757,胜科纳米,57.55,57.55,57.59,50.76,52.28,57.65,51.76,16004115.0,893844794.0,13.377,6.79
688758,赛分科技,20.39,20.37,20.39,20.28,20.08,20.79,20.07,6879506.0,140541272.0,0.542,0.11
688759,必贝特,30.33,30.32,30.33,29.95,29.95,30.59,28.91,3139738.0,93311313.0,1.269,0.38
688765,禾元生物,45.65,45.65,45.66,46.92,46.92,46.92,45.32,1312507.0,60227244.0,-2.707,-1.27
688766,普冉股份,483.5,483.47,483.5,457.0,466.01,493.0,460.0,8852840.0,4229436268.0,5.799,26.5
688767,博拓生物,38.61,38.57,38.61,37.43,37.13,38.9,36.89,2230476.0,84933181.0,3.153,1.18
688768,容知日新,56.3,56.28,56.3,56.03,55.66,57.98,55.66,1604407.0,91034981.0,0.482,0.27
688772,珠海冠宇,21.72,21.71,21.72,19.39,20.22,23.18,19.25,128406848.0,2726183944.0,12.017,2.33
688775,影石创新,148.79,148.77,148.79,156.42,156.0,156.56,147.88,4381475.0,658391561.0,-4.878,-7.63
688776,国光电气,61.6,61.6,61.61,61.95,63.15,63.15,60.84,1766903.0,109071310.0,-0.565,-0.35
688777,中控技术,109.45,109.45,109.46,110.46,110.0,114.44,106.6,22188591.0,2438228919.0,-0.914,-1.01
688778,厦钨新能,60.51,60.51,60.52,60.0,60.07,61.85,60.01,8935574.0,542562149.0,0.85,0.51
688779,五矿新能,9.21,9.21,9.22,8.98,9.05,9.31,8.89,32746163.0,299466588.0,2.561,0.23
688781,视涯科技,49.33,49.3,49.33,49.35,49.36,50.2,49.0,2461048.0,122047709.0,-0.041,-0.02
688783,西安奕材,47.0,47.0,47.01,48.17,47.0,48.31,45.52,45363692.0,2121455978.0,-2.429,-1.17
688785,恒运昌,388.85,388.85,388.88,371.53,371.5,392.0,363.38,929664.0,351039142.0,4.662,17.32
688786,悦安新材,48.5,48.48,48.5,43.75,42.96,50.81,41.8,19879917.0,917257160.0,10.857,4.75
688787,海天瑞声,159.7,159.7,159.71,154.9,153.47,162.62,151.57,3267604.0,520338680.0,3.099,4.8
688788,科思科技,39.77,39.77,39.79,38.85,39.24,40.88,38.48,4625396.0,182844754.0,2.368,0.92
688789,宏华数科,51.33,51.31,51.33,52.97,52.6,52.81,51.21,1785572.0,92393543.0,-3.096,-1.64
688790,昂瑞微,126.15,126.15,126.3,124.87,123.4,126.56,120.6,974995.0,120714418.0,1.025,1.28
688793,倍轻松,17.75,17.75,17.79,18.28,18.35,18.53,17.42,2476582.0,44336469.0,-2.899,-0.53
688795,摩尔线程,637.0,636.99,637.0,628.1,627.8,642.72,620.0,2349132.0,1481367635.0,1.417,8.9
688796,百奥赛图,88.35,88.35,88.39,89.22,89.46,90.01,87.9,1119187.0,99289669.0,-0.975,-0.87
688798,艾为电子,70.53,70.5,70.53,67.97,68.13,70.81,67.98,3559228.0,247471141.0,3.766,2.56
688799,华纳药厂,46.48,46.48,46.5,48.12,48.15,48.44,46.3,3326899.0,156399095.0,-3.408,-1.64
688800,瑞可达,124.54,124.52,124.54,124.5,123.98,126.57,122.31,8102555.0,1007134946.0,0.032,0.04
688802,沐曦股份,728.76,728.76,728.77,720.9,720.99,735.0,704.0,1747197.0,1256944755.0,1.09,7.86
688805,健信超导,47.99,47.96,47.99,49.46,49.99,49.99,47.79,1552171.0,75100846.0,-2.972,-1.47
688807,优迅股份,412.0,412.0,412.04,404.96,406.0,414.95,396.02,1565012.0,637166763.0,1.738,7.04
688808,联讯仪器,2171.0,2171.0,2171.45,2185.8,2120.0,2228.99,2078.0,1626590.0,3478112661.0,-0.677,-14.8
688809,强一股份,573.0,572.94,573.0,576.0,576.0,589.18,561.98,2626955.0,1501215320.0,-0.521,-3.0
688811,有研复材,29.97,29.96,29.97,27.41,27.3,31.44,27.02,23800479.0,705463577.0,9.34,2.56
688813,泰金新能,177.48,177.41,177.48,169.85,176.0,195.89,176.0,4183221.0,770165932.0,4.492,7.63
688816,易思维,63.37,63.37,63.39,63.08,63.08,63.66,62.53,655539.0,41322439.0,0.46,0.29
688818,电科蓝天,64.71,64.71,64.72,66.17,67.46,68.69,64.58,15209169.0,1009088003.0,-2.206,-1.46
688819,天能股份,24.97,24.96,24.97,24.66,24.79,25.07,24.36,3278949.0,81225534.0,1.257,0.31
688820,盛合晶微,171.91,171.91,171.92,168.0,169.59,176.18,166.0,26853534.0,4588624509.0,2.327,3.91
688981,中芯国际,130.14,130.13,130.14,130.52,131.0,134.34,127.93,74558301.0,9738547521.0,-0.291,-0.38
000001,平安银行,10.94,10.94,10.95,11.06,11.05,11.12,10.91,94270804.0,1034554249.0,-1.085,-0.12
000002,万 科Ａ,3.07,3.07,3.08,3.13,3.12,3.13,3.06,113953949.0,350247055.0,-1.917,-0.06
000004,*ST国华,2.76,0.0,0.0,2.76,0.0,0.0,0.0,0.0,0.0,0.0,0.0
000006,深振业Ａ,7.93,7.92,7.93,7.88,7.85,8.08,7.65,33482519.0,263445139.0,0.635,0.05
000007,全新好,14.34,14.33,14.34,14.09,14.22,14.53,14.1,6919300.0,99278658.0,1.774,0.25
000008,神州高铁,2.54,2.54,2.55,2.56,2.58,2.59,2.52,22526634.0,57250375.0,-0.781,-0.02
000009,中国宝安,7.08,7.07,7.08,6.97,6.98,7.14,6.86,38631573.0,271211979.0,1.578,0.11
000010,*ST美丽,2.1,2.09,2.1,2.12,2.1,2.16,2.03,23773100.0,49701614.0,-0.943,-0.02
000011,深物业A,7.45,7.45,7.47,7.61,7.55,7.61,7.36,4275900.0,31817529.0,-2.102,-0.16
000012,南 玻Ａ,4.52,4.52,0.0,4.11,4.1,4.52,4.05,42846997.0,189512927.0,9.976,0.41
000014,沙河股份,10.1,10.09,10.1,10.29,10.31,10.31,10.04,3847288.0,38930957.0,-1.846,-0.19
000016,*ST康佳A,2.9,2.89,2.9,2.86,2.87,2.93,2.8,23569200.0,67368037.0,1.399,0.04
000017,深中华A,5.27,5.27,5.28,5.19,5.16,5.35,5.02,11412088.0,59381128.0,1.541,0.08
000019,深粮控股,6.36,6.36,6.37,6.48,6.46,6.47,6.33,6917582.0,44050493.0,-1.852,-0.12
000020,深华发Ａ,12.2,12.19,12.2,11.95,11.95,12.24,11.56,4169900.0,49942684.0,2.092,0.25
000021,深科技,40.77,40.77,40.78,39.47,39.75,41.34,39.74,156335984.0,6337496118.0,3.294,1.3
000025,特 力Ａ,15.78,15.78,15.79,15.59,15.59,16.15,15.45,12066274.0,191676376.0,1.219,0.19
000026,飞亚达,20.76,20.75,20.76,20.66,20.66,21.08,20.41,8926183.0,185065237.0,0.484,0.1
000027,深圳能源,7.33,7.33,7.34,7.29,7.26,7.68,7.24,66558892.0,495625031.0,0.549,0.04
000028,国药一致,22.51,22.5,22.51,22.81,22.66,22.78,22.39,1540860.0,34630699.0,-1.315,-0.3
000029,深深房Ａ,27.62,27.62,0.0,25.11,25.34,27.62,25.0,10046610.0,266649721.0,9.996,2.51
000030,富奥股份,4.38,4.38,4.39,4.38,4.37,4.48,4.29,16257508.0,71059888.0,0.0,0.0
000031,大悦城,2.39,2.38,2.39,2.44,2.44,2.44,2.35,38859603.0,92214200.0,-2.049,-0.05
000032,深桑达Ａ,22.89,22.89,0.0,20.81,21.47,22.89,20.99,101039698.0,2257243004.0,9.995,2.08
000034,神州数码,26.47,26.47,0.0,24.06,23.84,26.47,23.75,66666833.0,1699013415.0,10.017,2.41
000035,中国天楹,5.11,5.11,5.12,5.0,5.0,5.18,4.94,40824496.0,206899342.0,2.2,0.11
000036,华联控股,5.15,5.14,5.15,5.23,5.23,5.29,5.13,19383687.0,100510408.0,-1.53,-0.08
000037,深南电A,11.69,11.69,11.7,11.31,11.22,11.69,11.14,50614111.0,581817837.0,3.36,0.38
000039,中集集团,9.16,9.16,9.17,9.4,9.39,9.39,9.0,35988390.0,328058036.0,-2.553,-0.24
000042,中洲控股,9.4,9.39,9.4,9.35,9.36,9.51,9.15,4482258.0,41736109.0,0.535,0.05
000045,深纺织Ａ,11.06,11.06,11.07,10.9,10.94,11.16,10.74,4659375.0,51259590.0,1.468,0.16
000048,京基智农,19.11,19.11,0.0,17.37,16.9,19.11,16.3,28601493.0,507253409.0,10.017,1.74
000049,德赛电池,24.47,24.46,24.47,23.55,23.7,24.56,23.65,9546952.0,230937571.0,3.907,0.92
000050,深天马Ａ,8.31,8.3,8.31,7.95,7.97,8.55,7.93,59953102.0,495044365.0,4.528,0.36
000055,方大集团,3.74,3.73,3.74,3.82,3.77,3.81,3.72,19535785.0,73168548.0,-2.094,-0.08
000056,*ST皇庭,1.75,1.74,1.75,1.81,1.81,1.84,1.72,61080400.0,106961907.0,-3.315,-0.06
000058,深 赛 格,6.84,6.84,6.85,6.89,6.88,6.89,6.71,5964541.0,40554956.0,-0.726,-0.05
000059,华锦股份,4.36,4.36,4.37,4.25,4.24,4.47,4.16,31390138.0,136800160.0,2.588,0.11
000060,中金岭南,8.02,8.02,8.03,7.92,7.92,8.15,7.82,267061467.0,2133339521.0,1.263,0.1
000061,农 产 品,6.06,6.05,6.06,6.14,6.08,6.12,6.0,10606959.0,64303260.0,-1.303,-0.08
000062,深圳华强,31.21,31.21,31.22,31.12,31.12,31.57,30.8,43205827.0,1348727455.0,0.289,0.09
000063,中兴通讯,38.0,37.99,38.0,37.22,36.9,38.48,36.55,212886750.0,8030855249.0,2.096,0.78
000065,北方国际,12.49,12.49,12.5,12.42,12.12,12.86,11.95,39471394.0,495195461.0,0.564,0.07
000066,中国长城,16.6,16.6,16.61,16.19,16.2,16.7,15.96,144524174.0,2363936238.0,2.532,0.41
000068,华控赛格,3.42,3.42,3.43,3.41,3.38,3.43,3.29,31142101.0,105445962.0,0.293,0.01
000069,华侨城Ａ,1.82,1.81,1.82,1.84,1.83,1.84,1.8,35260088.0,64087578.0,-1.087,-0.02
000070,特发信息,19.49,19.49,19.5,18.81,19.37,19.88,19.0,132003318.0,2557110447.0,3.615,0.68
000078,ST海王,1.59,1.59,1.6,1.61,1.6,1.62,1.55,74762080.0,118335807.0,-1.242,-0.02
000088,盐 田 港,4.36,4.35,4.36,4.43,4.41,4.41,4.34,19014000.0,82982334.0,-1.58,-0.07
000089,深圳机场,6.44,6.43,6.44,6.52,6.51,6.52,6.41,8317007.0,53563661.0,-1.227,-0.08
000090,天健集团,3.55,3.54,3.55,3.63,3.6,3.62,3.51,27864121.0,98760256.0,-2.204,-0.08
000096,广聚能源,7.78,7.78,7.79,7.92,7.91,7.92,7.7,4810111.0,37360099.0,-1.768,-0.14
000099,中信海直,16.78,16.78,16.79,17.13,16.99,17.05,16.68,22412821.0,376863684.0,-2.043,-0.35
000100,TCL科技,4.65,4.65,4.66,4.62,4.6,4.78,4.59,1052758327.0,4933032194.0,0.649,0.03
000151,中成股份,14.41,14.4,14.41,14.75,14.2,14.76,14.08,27269097.0,394113552.0,-2.305,-0.34
000153,丰原药业,5.47,5.46,5.47,5.52,5.5,5.5,5.38,5201820.0,28249254.0,-0.906,-0.05
000155,川能动力,13.46,13.46,13.47,13.45,13.36,13.62,13.16,29910430.0,400759793.0,0.074,0.01
000156,华数传媒,6.73,6.73,6.74,6.5,6.52,6.78,6.42,16955285.0,112385749.0,3.538,0.23
000157,中联重科,7.58,7.58,7.59,7.63,7.65,7.66,7.57,64318966.0,489217871.0,-0.655,-0.05
000158,常山北明,15.0,15.0,15.01,15.35,15.25,15.25,14.85,33641173.0,503877338.0,-2.28,-0.35
000159,国际实业,5.86,5.86,5.87,5.8,5.8,5.96,5.63,17872800.0,104107750.0,1.034,0.06
000166,申万宏源,4.6,4.6,4.61,4.59,4.57,4.61,4.54,101645828.0,465152410.0,0.218,0.01
000301,东方盛虹,12.45,12.45,12.46,12.76,12.65,12.78,12.41,23214646.0,291725473.0,-2.429,-0.31
000333,美的集团,78.96,78.95,78.96,80.93,80.97,80.99,78.56,41523880.0,3291473115.0,-2.434,-1.97
000338,潍柴动力,28.11,28.11,28.12,29.38,29.18,29.58,27.74,124411466.0,3523236287.0,-4.323,-1.27
000400,许继电气,23.06,23.05,23.06,22.89,22.89,23.33,22.63,19541094.0,451549503.0,0.743,0.17
000401,金隅冀东,3.81,3.81,3.82,3.85,3.85,3.86,3.79,5486000.0,20883376.0,-1.039,-0.04
000402,金 融 街,2.73,2.72,2.73,2.78,2.78,2.79,2.69,47150127.0,128085258.0,-1.799,-0.05
000403,派林生物,11.74,11.73,11.74,11.83,11.78,12.11,11.63,11186772.0,132967248.0,-0.761,-0.09
000404,长虹华意,8.1,8.09,8.1,8.05,8.03,8.25,7.95,20522172.0,166550944.0,0.621,0.05
000407,胜利股份,4.0,3.99,4.0,4.05,4.05,4.06,3.96,10419782.0,41580643.0,-1.235,-0.05
000408,藏格矿业,76.34,76.33,76.34,81.86,81.48,81.54,76.23,17759776.0,1392353655.0,-6.743,-5.52
000409,云鼎科技,8.91,8.91,8.92,9.05,9.05,9.05,8.88,4997004.0,44548466.0,-1.547,-0.14
000410,沈阳机床,5.35,5.34,5.35,5.26,5.25,5.39,5.23,20349300.0,108426984.0,1.711,0.09
000411,英特集团,10.1,10.1,10.11,10.44,10.23,10.45,9.99,12433371.0,126132509.0,-3.257,-0.34
000415,渤海租赁,4.38,4.38,4.39,4.31,4.31,4.47,4.28,91280440.0,401035465.0,1.624,0.07
000417,合百集团,7.6,7.59,7.6,7.47,7.42,7.66,7.4,41667376.0,314682192.0,1.74,0.13
000419,通程控股,4.85,4.85,4.86,4.91,4.89,4.91,4.77,6135338.0,29612205.0,-1.222,-0.06
000420,吉林化纤,4.34,4.34,4.35,4.29,4.28,4.37,4.24,65371540.0,282402714.0,1.166,0.05
000421,南京公用,5.44,5.44,5.45,5.5,5.51,5.51,5.39,4600400.0,25004128.0,-1.091,-0.06
000422,湖北宜化,13.73,13.72,13.73,13.55,13.48,13.96,13.4,33236871.0,458013056.0,1.328,0.18
000423,东阿阿胶,47.97,47.97,48.01,49.05,48.85,49.18,47.86,4899167.0,236630819.0,-2.202,-1.08
000425,徐工机械,9.19,9.19,9.2,9.27,9.29,9.35,9.11,100475038.0,924582814.0,-0.863,-0.08
000426,兴业银锡,40.01,40.01,40.02,40.26,39.7,40.67,39.5,63410190.0,2546757537.0,-0.621,-0.25
000428,华天酒店,3.26,3.26,3.27,3.34,3.34,3.34,3.25,10920375.0,35742904.0,-2.395,-0.08
000429,粤高速Ａ,13.14,13.14,13.17,13.09,13.06,13.25,12.84,8633500.0,112795737.0,0.382,0.05
000430,张家界,7.77,7.77,7.78,7.94,7.89,7.93,7.64,9986000.0,77169890.0,-2.141,-0.17
000488,ST晨鸣,2.14,2.14,2.15,2.17,2.15,2.16,2.12,8662200.0,18528566.0,-1.382,-0.03
000498,山东路桥,5.05,5.05,5.06,5.1,5.1,5.11,5.04,5395100.0,27300852.0,-0.98,-0.05
000501,武商集团,7.32,7.32,7.33,7.35,7.35,7.35,7.19,6073825.0,44039830.0,-0.408,-0.03
000503,国新健康,7.24,7.24,7.25,7.01,6.99,7.28,6.82,23665895.0,167212310.0,3.281,0.23
000504,南华生物,8.2,8.2,8.21,8.15,8.04,8.28,7.93,7199861.0,58415820.0,0.613,0.05
000505,京粮控股,5.54,5.54,5.55,5.6,5.6,5.62,5.49,5732406.0,31730367.0,-1.071,-0.06
000506,招金黄金,15.2,15.2,15.21,15.1,15.11,15.7,14.72,89848563.0,1370761293.0,0.662,0.1
000507,珠海港,4.92,4.91,4.92,4.97,4.96,4.96,4.89,6044808.0,29723542.0,-1.006,-0.05
000509,华塑控股,4.26,4.26,4.27,4.17,4.17,4.31,4.06,71281400.0,299275199.0,2.158,0.09
000510,新金路,22.95,22.95,22.96,21.31,22.0,23.28,21.35,123226761.0,2782611088.0,7.696,1.64
000513,丽珠集团,29.74,29.74,29.77,30.44,30.46,30.52,29.71,6080497.0,181999111.0,-2.3,-0.7
000514,渝 开 发,4.06,4.06,4.07,4.16,4.16,4.18,4.02,9905500.0,40221095.0,-2.404,-0.1
000516,国际医学,4.01,4.0,4.01,4.0,4.0,4.02,3.94,14171194.0,56468925.0,0.25,0.01
000517,荣安地产,1.98,1.97,1.98,1.94,1.93,2.02,1.92,53326793.0,104860302.0,2.062,0.04
000518,四环生物,3.21,3.2,3.21,3.18,3.18,3.24,3.11,36810698.0,117256309.0,0.943,0.03
000519,中兵红箭,20.42,20.42,20.43,19.56,19.44,20.55,19.34,108543005.0,2175158668.0,4.397,0.86
000520,凤凰航运,4.58,4.58,4.59,4.57,4.39,4.64,4.28,80548973.0,362866895.0,0.219,0.01
000521,长虹美菱,5.88,5.87,5.88,5.89,5.86,5.92,5.78,11154447.0,65161865.0,-0.17,-0.01
000523,红棉股份,2.92,2.91,2.92,2.95,2.94,2.95,2.89,11932845.0,34746622.0,-1.017,-0.03
000524,岭南控股,9.23,9.23,9.24,9.36,9.31,9.36,9.17,6620400.0,61206051.0,-1.389,-0.13
000525,红太阳,4.7,4.7,4.71,4.47,4.46,4.78,4.37,34942778.0,160224148.0,5.145,0.23
000526,学大教育,27.09,27.09,27.1,27.15,27.17,28.06,26.98,3883318.0,106627143.0,-0.221,-0.06
000528,柳 工,8.27,8.27,8.28,8.5,8.48,8.49,8.22,33273520.0,276986476.0,-2.706,-0.23
000529,广弘控股,4.77,4.77,4.78,4.8,4.8,4.81,4.7,3076843.0,14613831.0,-0.625,-0.03
000530,冰山冷热,5.65,5.65,5.66,5.65,5.65,5.68,5.4,35908022.0,199207997.0,0.0,0.0
000531,穗恒运Ａ,6.89,6.89,6.9,6.83,6.8,6.99,6.75,17336660.0,119586960.0,0.878,0.06
000532,华金资本,12.02,12.01,12.02,12.0,12.05,12.12,11.84,7333500.0,87901224.0,0.167,0.02
000533,顺钠股份,11.24,11.24,11.25,11.09,11.05,11.4,10.81,30093020.0,337265090.0,1.353,0.15
000534,万泽股份,29.75,29.75,29.76,30.52,30.36,30.63,29.67,17561131.0,529781943.0,-2.523,-0.77
000536,华映科技,3.63,3.62,3.63,3.59,3.57,3.68,3.51,64507921.0,232571446.0,1.114,0.04
000537,绿发电力,8.72,8.72,8.73,8.61,8.6,8.86,8.43,42724749.0,369910963.0,1.278,0.11
000538,云南白药,49.41,49.41,49.42,50.15,49.9,50.04,49.41,6047072.0,300036342.0,-1.476,-0.74
000539,粤电力Ａ,7.71,7.71,7.72,7.53,7.54,7.88,7.46,153920189.0,1185854593.0,2.39,0.18
000541,佛山照明,5.31,5.31,0.0,4.83,4.85,5.31,4.84,35195871.0,185381347.0,9.938,0.48
000543,皖能电力,8.63,8.62,8.63,8.68,8.64,8.85,8.58,44659300.0,388196411.0,-0.576,-0.05
000544,中原环保,7.84,7.84,7.86,7.89,7.89,7.93,7.8,3656190.0,28668574.0,-0.634,-0.05
000545,金浦钛业,2.62,2.62,2.63,2.61,2.67,2.74,2.53,106895868.0,278749259.0,0.383,0.01
000546,金圆股份,5.41,5.41,5.42,5.42,5.4,5.49,5.26,25676700.0,138161359.0,-0.185,-0.01
000547,航天发展,19.96,19.96,19.97,19.92,20.2,20.5,19.8,122045016.0,2454080054.0,0.201,0.04
000548,湖南投资,4.48,4.48,4.49,4.55,4.54,4.55,4.43,5923593.0,26481233.0,-1.538,-0.07
000550,江铃汽车,17.8,17.78,17.8,18.23,18.06,18.19,17.69,5077492.0,90753521.0,-2.359,-0.43
000551,创元科技,15.39,15.38,15.39,15.72,15.56,15.56,15.27,19914120.0,306572581.0,-2.099,-0.33
000552,甘肃能化,2.52,2.52,2.53,2.58,2.57,2.58,2.5,66712504.0,168551049.0,-2.326,-0.06
000553,安道麦A,6.01,6.0,6.01,6.06,6.03,6.14,5.96,7256557.0,43687389.0,-0.825,-0.05
000554,泰山石油,6.35,6.35,6.36,6.43,6.41,6.42,6.28,11432501.0,72478893.0,-1.244,-0.08
000555,神州信息,11.41,11.41,11.42,11.37,11.5,11.51,11.17,14366189.0,163069332.0,0.352,0.04
000557,西部创业,3.81,3.81,3.82,3.87,3.87,3.88,3.79,7824032.0,29863416.0,-1.55,-0.06
000558,天府文旅,3.9,3.89,3.9,3.9,3.86,4.04,3.83,56338047.0,221281862.0,0.0,0.0
000559,万向钱潮,13.79,13.78,13.79,13.92,13.92,14.04,13.65,42204659.0,584537590.0,-0.934,-0.13
000560,我爱我家,2.31,2.3,2.31,2.34,2.33,2.33,2.27,62799605.0,143767834.0,-1.282,-0.03
000561,烽火电子,8.0,7.99,8.0,7.99,8.0,8.08,7.96,10566685.0,84619750.0,0.125,0.01
000563,陕国投Ａ,2.92,2.92,2.93,2.96,2.96,2.97,2.9,38687482.0,113195120.0,-1.351,-0.04
000564,供销大集,1.6,1.6,0.0,1.45,1.5,1.6,1.46,607657964.0,932666298.0,10.345,0.15
000565,渝三峡Ａ,6.41,6.4,6.41,6.39,6.37,6.45,6.28,7259550.0,46190955.0,0.313,0.02
000566,海南海药,3.87,3.87,3.88,3.85,3.85,3.89,3.73,21495629.0,82105377.0,0.519,0.02
000567,海德股份,5.92,5.92,5.93,5.87,5.89,5.97,5.74,17524027.0,103020377.0,0.852,0.05
000568,泸州老窖,83.28,83.27,83.28,84.68,84.34,84.63,82.72,13330254.0,1112105811.0,-1.653,-1.4
000570,苏常柴Ａ,5.19,5.18,5.19,5.22,5.22,5.22,5.08,11319270.0,58305130.0,-0.575,-0.03
000571,新大洲A,5.36,5.35,5.36,5.3,5.27,5.5,5.09,28205155.0,148097726.0,1.132,0.06
000572,海马汽车,4.24,4.23,4.24,4.23,4.23,4.29,4.16,45807990.0,193592425.0,0.236,0.01
000573,粤宏远Ａ,4.11,4.1,4.11,4.08,4.11,4.13,4.0,18557700.0,75643261.0,0.735,0.03
000576,甘化科工,7.3,7.3,7.31,7.22,7.24,7.34,7.15,6490900.0,47228603.0,1.108,0.08
000581,威孚高科,17.92,17.92,17.93,18.21,18.21,18.21,17.82,8088662.0,145008473.0,-1.593,-0.29
000582,北部湾港,11.71,11.71,11.72,11.66,11.66,11.92,11.5,39870168.0,468267462.0,0.429,0.05
000586,汇源通信,15.77,15.76,15.77,15.23,15.25,15.86,14.86,11384000.0,174877488.0,3.546,0.54
000589,贵州轮胎,4.46,4.46,4.47,4.54,4.54,4.54,4.45,24626255.0,110416278.0,-1.762,-0.08
000590,古汉医药,9.27,9.27,9.28,9.41,9.41,9.43,9.18,2671700.0,24812449.0,-1.488,-0.14
000591,太阳能,5.1,5.1,5.11,5.16,5.16,5.21,5.09,71479287.0,366974762.0,-1.163,-0.06
000592,平潭发展,7.67,7.67,7.68,7.61,7.62,7.73,7.45,87160186.0,664455502.0,0.788,0.06
000593,德龙汇能,23.76,23.76,23.77,22.67,23.0,24.11,22.53,29482672.0,691939360.0,4.808,1.09
000595,*ST宝实,6.62,6.61,6.62,6.36,6.35,6.68,6.33,22119298.0,144711660.0,4.088,0.26
000596,古井贡酒,85.0,84.99,85.0,87.1,86.58,86.87,84.5,3657203.0,311830927.0,-2.411,-2.1
000597,东北制药,4.45,4.45,4.46,4.61,4.6,4.6,4.43,12417741.0,55780528.0,-3.471,-0.16
000598,兴蓉环境,6.92,6.92,6.93,6.99,6.95,7.0,6.9,19012060.0,132189287.0,-1.001,-0.07
000599,青岛双星,4.76,4.76,4.77,4.86,4.81,4.82,4.73,11100900.0,52831773.0,-2.058,-0.1
000600,建投能源,10.51,10.51,10.52,10.24,10.29,10.83,10.18,65078858.0,685465556.0,2.637,0.27
000601,韶能股份,7.04,7.04,7.05,7.05,7.01,7.21,6.97,63227952.0,448471381.0,-0.142,-0.01
000603,盛达资源,27.71,0.0,27.71,30.79,28.32,28.76,27.71,17010967.0,476356195.0,-10.003,-3.08
000605,渤海股份,5.93,5.92,5.93,6.0,6.01,6.01,5.82,4453602.0,26314437.0,-1.167,-0.07
000607,华媒控股,3.4,3.4,3.41,3.42,3.41,3.42,3.34,9712400.0,32846646.0,-0.585,-0.02
000608,阳光股份,7.16,7.15,7.16,6.52,6.67,7.17,6.6,75632873.0,525805392.0,9.816,0.64
000609,*ST中迪,11.88,11.87,11.88,11.83,11.84,11.92,11.35,8085100.0,94128962.0,0.423,0.05
000610,*ST西旅,6.68,6.67,6.68,6.41,6.39,6.72,6.18,7009953.0,45258231.0,4.212,0.27
000612,焦作万方,11.03,11.02,11.03,11.59,11.36,11.47,10.99,51932662.0,580282495.0,-4.832,-0.56
000615,*ST美谷,3.44,3.44,3.45,3.44,3.44,3.47,3.36,7454530.0,25473850.0,0.0,0.0
000617,中油资本,7.36,7.36,7.37,7.41,7.37,7.4,7.27,67062009.0,492356619.0,-0.675,-0.05
000619,海螺新材,4.89,4.89,4.9,4.97,4.97,4.97,4.79,12227093.0,59499582.0,-1.61,-0.08
000620,盈新发展,2.92,2.92,2.93,2.97,2.97,2.98,2.87,177984699.0,519323949.0,-1.684,-0.05
000623,吉林敖东,17.88,17.88,17.89,17.77,17.7,17.97,17.55,12396383.0,220813903.0,0.619,0.11
000625,长安汽车,7.53,7.52,7.53,7.67,7.65,7.66,7.5,63632029.0,481054582.0,-1.825,-0.14
000626,远大控股,7.16,7.16,7.17,7.31,7.28,7.31,7.09,8730100.0,62529010.0,-2.052,-0.15
000628,高新发展,53.49,53.49,53.5,53.42,53.36,54.87,52.16,11281216.0,602413021.0,0.131,0.07
000629,钒钛股份,3.27,3.27,3.28,3.25,3.25,3.32,3.21,120389304.0,394237086.0,0.615,0.02
000630,铜陵有色,7.57,7.57,7.58,7.66,7.56,7.68,7.38,823990169.0,6215354943.0,-1.175,-0.09
000631,顺发恒能,3.15,3.15,3.16,3.24,3.24,3.27,3.15,31831602.0,102067361.0,-2.778,-0.09
000632,ST三木,3.68,3.68,3.69,3.67,3.69,3.71,3.49,17448400.0,62303660.0,0.272,0.01
000633,合金投资,5.35,5.35,5.36,5.33,5.3,5.38,5.2,11380577.0,60166867.0,0.375,0.02
000635,英 力 特,7.01,7.0,7.01,6.83,6.84,7.09,6.64,9902043.0,67830996.0,2.635,0.18
000636,风华高科,70.61,70.61,70.62,65.03,68.24,71.53,68.0,179543242.0,12685111799.0,8.581,5.58
000637,茂化实华,3.89,3.89,3.9,3.91,3.91,3.94,3.77,9671400.0,37318264.0,-0.512,-0.02
000639,ST西王,1.42,1.42,1.43,1.38,1.38,1.43,1.36,40863580.0,57091904.0,2.899,0.04
000650,仁和药业,5.26,5.25,5.26,5.33,5.31,5.32,5.23,9445439.0,49681786.0,-1.313,-0.07
000651,格力电器,37.29,37.29,37.3,37.86,37.82,37.82,37.27,47144284.0,1763657295.0,-1.506,-0.57
000652,泰达股份,3.61,3.61,3.62,3.59,3.59,3.63,3.55,11418400.0,41094064.0,0.557,0.02
000655,金岭矿业,7.18,7.17,7.18,7.31,7.28,7.28,7.13,5639301.0,40458740.0,-1.778,-0.13
000656,*ST金科,1.36,1.36,1.37,1.36,1.36,1.37,1.35,53245874.0,72398381.0,0.0,0.0
000657,中钨高新,92.5,92.5,92.51,86.9,89.48,94.14,89.01,123109335.0,11276243521.0,6.444,5.6
000659,珠海中富,3.48,3.47,3.48,3.59,3.58,3.59,3.45,29047408.0,101139040.0,-3.064,-0.11
000661,长春高新,64.86,64.86,64.88,65.52,65.38,65.9,64.39,5355108.0,347800581.0,-1.007,-0.66
000663,永安林业,5.62,5.61,5.62,5.58,5.58,5.64,5.43,5890300.0,32641321.0,0.717,0.04
000665,湖北广电,4.08,4.08,4.09,4.09,4.08,4.1,4.02,10883543.0,44159741.0,-0.244,-0.01
000668,荣丰控股,21.67,21.66,21.67,20.16,20.18,22.0,19.8,6561774.0,138685436.0,7.49,1.51
000669,ST金鸿,4.02,4.01,4.02,4.05,4.03,4.05,3.98,6489654.0,26002337.0,-0.741,-0.03
000670,盈方微,9.15,9.14,9.15,9.04,9.05,9.27,8.7,103609188.0,932590884.0,1.217,0.11
000672,上峰材料,17.3,17.29,17.3,16.82,16.66,17.5,16.5,37218774.0,635626600.0,2.854,0.48
000676,智度股份,5.64,5.64,5.65,5.58,5.56,5.67,5.47,25447327.0,142067632.0,1.075,0.06
000677,ST海龙,1.89,1.89,0.0,1.8,1.79,1.89,1.71,51434372.0,91985811.0,5.0,0.09
000678,襄阳轴承,10.05,10.05,10.06,9.87,9.85,10.35,9.54,17595475.0,175680096.0,1.824,0.18
000679,大连友谊,6.68,6.68,0.0,6.07,6.07,6.68,5.95,11877173.0,75919659.0,10.049,0.61
000680,山推股份,10.45,10.45,10.46,10.7,10.66,10.79,10.4,18168525.0,192064366.0,-2.336,-0.25
000681,视觉中国,21.52,21.52,21.53,22.25,22.01,22.1,21.32,50698383.0,1092636007.0,-3.281,-0.73
000682,东方电子,12.42,12.42,12.43,12.43,12.43,12.58,12.18,26133220.0,322493573.0,-0.08,-0.01
000683,博源化工,6.78,6.77,6.78,6.95,6.96,6.97,6.76,42680286.0,293047347.0,-2.446,-0.17
000685,中山公用,11.07,11.07,11.08,10.96,10.9,11.19,10.79,21527421.0,237624540.0,1.004,0.11
000686,东北证券,8.12,8.12,8.13,8.08,7.99,8.12,7.96,29369026.0,236519958.0,0.495,0.04
000688,国城矿业,41.77,41.77,41.78,45.6,44.0,44.0,41.75,37653957.0,1597793911.0,-8.399,-3.83
000690,宝新能源,5.6,5.6,5.61,5.34,5.33,5.82,5.3,171357549.0,963204502.0,4.869,0.26
000691,亚太实业,11.15,11.15,11.16,10.51,10.33,11.24,10.33,26899325.0,294234609.0,6.089,0.64
000692,惠天热电,4.4,4.4,4.41,4.43,4.4,4.45,4.29,15846216.0,69254624.0,-0.677,-0.03
000695,滨海能源,13.15,13.15,13.16,12.98,13.04,13.35,12.92,10779700.0,141779601.0,1.31,0.17
000697,炼石航空,11.79,11.79,11.8,10.95,11.02,12.05,10.8,30656700.0,356253971.0,7.671,0.84
000698,ST沈化,3.24,3.23,3.24,3.26,3.28,3.28,3.2,5243496.0,16921197.0,-0.613,-0.02
000700,模塑科技,16.11,16.11,16.12,15.84,16.12,16.63,15.8,104078117.0,1690308558.0,1.705,0.27
000701,厦门信达,4.98,4.98,4.99,5.04,5.05,5.06,4.92,13966008.0,69488894.0,-1.19,-0.06
000702,正虹科技,5.44,5.44,5.45,5.46,5.45,5.49,5.29,5524294.0,29731577.0,-0.366,-0.02
000703,恒逸石化,12.78,12.78,12.8,12.91,12.75,13.25,12.51,53930029.0,694293670.0,-1.007,-0.13
000705,浙江震元,6.55,6.55,6.56,6.72,6.7,6.71,6.39,7742798.0,50374792.0,-2.53,-0.17
000707,双环科技,4.76,4.75,4.76,4.72,4.74,4.77,4.66,5820226.0,27482778.0,0.847,0.04
000708,中信特钢,13.81,13.81,13.82,14.08,14.06,14.07,13.8,15979513.0,222287822.0,-1.918,-0.27
000709,河钢股份,2.11,2.1,2.11,2.14,2.13,2.14,2.1,79420748.0,168163912.0,-1.402,-0.03
000710,贝瑞基因,8.06,8.06,8.07,8.04,8.04,8.08,7.87,5697999.0,45439047.0,0.249,0.02
000711,ST京蓝,5.66,5.66,5.67,5.75,5.75,5.87,5.6,80331145.0,458349122.0,-1.565,-0.09
000712,锦龙股份,9.55,9.54,9.55,8.96,8.88,9.86,8.8,63068887.0,602264998.0,6.585,0.59
000713,国投丰乐,5.81,5.8,5.81,5.94,5.91,5.92,5.79,5096373.0,29678744.0,-2.189,-0.13
000715,中兴商业,4.88,4.88,4.9,4.95,4.95,4.95,4.82,8744541.0,42572932.0,-1.414,-0.07
000716,黑芝麻,4.64,4.63,4.64,4.66,4.62,4.69,4.47,22445696.0,102286318.0,-0.429,-0.02
000717,中南股份,2.14,2.13,2.14,2.16,2.15,2.16,2.12,12803853.0,27306701.0,-0.926,-0.02
000718,苏宁环球,1.94,1.94,1.95,1.99,1.99,1.99,1.93,56935932.0,110783006.0,-2.513,-0.05
000719,中原传媒,12.27,12.27,12.28,12.27,12.22,12.39,12.05,7784600.0,95440848.0,0.0,0.0
000720,新能泰山,4.41,4.41,4.42,4.25,4.25,4.47,4.14,66551700.0,289243451.0,3.765,0.16
000721,西安饮食,6.07,6.07,6.08,6.11,6.11,6.12,5.99,5643800.0,34173585.0,-0.655,-0.04
000722,湖南发展,15.04,15.04,15.05,15.41,15.28,15.31,15.03,25652872.0,388847779.0,-2.401,-0.37
000723,美锦能源,3.94,3.93,3.94,3.93,3.92,4.0,3.79,91008548.0,351186060.0,0.254,0.01
000725,京东方Ａ,6.1,6.1,6.11,5.92,5.93,6.23,5.86,2602837228.0,15822472936.0,3.041,0.18
000726,鲁 泰Ａ,5.84,5.83,5.84,5.9,5.9,5.9,5.8,3781600.0,22043598.0,-1.017,-0.06
000727,冠捷科技,2.87,2.87,2.88,2.7,2.66,2.92,2.64,339069945.0,948734934.0,6.296,0.17
000728,国元证券,7.22,7.22,7.23,7.16,7.15,7.24,7.1,41816502.0,300710520.0,0.838,0.06
000729,燕京啤酒,10.95,10.95,10.96,11.36,11.24,11.27,10.94,50936705.0,561068940.0,-3.609,-0.41
000731,四川美丰,5.81,5.81,5.82,5.9,5.9,5.9,5.79,4625280.0,26922553.0,-1.525,-0.09
000733,振华科技,56.34,56.34,56.35,51.88,53.79,57.07,53.4,89568071.0,5029969234.0,8.597,4.46
000735,罗 牛 山,5.26,5.25,5.26,5.22,5.21,5.31,5.08,19164766.0,99719576.0,0.766,0.04
000736,中交发展,4.62,4.62,0.0,4.2,4.32,4.62,4.23,17248196.0,77383297.0,10.0,0.42
000737,北方铜业,14.71,14.7,14.71,15.06,14.8,14.95,14.66,76573532.0,1132215908.0,-2.324,-0.35
000738,航发控制,19.03,19.03,19.04,18.99,19.0,19.12,18.78,18896903.0,358682914.0,0.211,0.04
000739,普洛药业,16.35,16.35,16.36,16.46,16.39,16.5,16.15,6002620.0,97749072.0,-0.668,-0.11
000750,国海证券,3.73,3.73,3.74,3.73,3.7,3.76,3.68,58060300.0,216011521.0,0.0,0.0
000751,锌业股份,5.26,5.26,5.27,5.39,5.3,5.32,5.21,90543885.0,476805059.0,-2.412,-0.13
000752,*ST西发,8.72,8.72,8.73,9.0,9.0,9.0,8.7,4681204.0,41151707.0,-3.111,-0.28
000753,漳州发展,5.07,5.06,5.07,5.05,5.06,5.11,4.98,15215620.0,76912906.0,0.396,0.02
000755,山西高速,4.69,4.69,4.7,4.68,4.68,4.76,4.66,4118788.0,19370353.0,0.214,0.01
000756,新华制药,12.31,12.31,12.32,12.49,12.48,12.48,12.28,3466559.0,42733334.0,-1.441,-0.18
000757,浩物股份,3.78,3.77,3.78,3.87,3.88,3.88,3.65,16684990.0,62456534.0,-2.326,-0.09
000758,中色股份,7.11,7.1,7.11,7.22,7.1,7.18,7.01,82000763.0,582931399.0,-1.524,-0.11
000759,中百集团,6.21,6.2,6.21,5.95,5.93,6.5,5.89,118844882.0,733016821.0,4.37,0.26
000761,本钢板材,2.37,2.36,2.37,2.38,2.36,2.41,2.33,15511789.0,36782006.0,-0.42,-0.01
000762,西藏矿业,30.38,30.38,30.39,30.56,29.97,30.8,29.35,25124235.0,756073361.0,-0.589,-0.18
000766,通化金马,24.52,24.51,24.52,25.11,24.87,24.99,24.0,18980837.0,464016830.0,-2.35,-0.59
000767,晋控电力,4.93,4.93,4.94,4.91,4.92,5.02,4.82,234732862.0,1159469301.0,0.407,0.02
000768,中航西飞,21.13,21.12,21.13,21.63,21.39,21.87,21.09,42525148.0,909578033.0,-2.312,-0.5
000776,广发证券,21.5,21.49,21.5,20.83,20.81,21.55,20.68,115918756.0,2469115355.0,3.217,0.67
000777,中核科技,19.87,19.87,0.0,18.06,19.87,19.87,19.87,4601561.0,91433017.0,10.022,1.81
000778,新兴铸管,4.07,4.06,4.07,4.08,4.07,4.08,3.97,51721374.0,207969399.0,-0.245,-0.01
000779,甘咨询,7.73,7.72,7.73,7.69,7.7,7.74,7.39,8566260.0,64966160.0,0.52,0.04
000782,恒申新材,7.68,7.67,7.68,7.55,7.55,7.79,7.46,29447200.0,225652337.0,1.722,0.13
000783,长江证券,7.97,7.97,7.98,7.92,7.85,8.04,7.83,140626215.0,1117894012.0,0.631,0.05
000785,居然智家,2.26,2.26,2.27,2.31,2.29,2.3,2.24,64159300.0,144845809.0,-2.165,-0.05
000786,北新建材,20.56,20.56,20.57,20.91,20.9,20.92,20.53,10556231.0,217966331.0,-1.674,-0.35
000788,北大医药,5.44,5.43,5.44,5.48,5.49,5.53,5.39,14212700.0,77597947.0,-0.73,-0.04
000789,万年青,4.21,4.21,4.23,4.25,4.25,4.25,4.19,3110635.0,13109403.0,-0.941,-0.04
000790,华神科技,3.7,3.7,3.71,3.72,3.75,3.76,3.62,15295920.0,56210800.0,-0.538,-0.02
000791,甘肃能源,9.28,9.28,0.0,8.44,8.83,9.28,8.76,46417708.0,424342357.0,9.953,0.84
000792,盐湖股份,31.15,31.15,31.16,32.03,31.65,31.79,30.8,104880654.0,3285184085.0,-2.747,-0.88
000793,*ST华闻,2.66,2.65,2.66,2.61,2.65,2.67,2.61,27956203.0,74076116.0,1.916,0.05
000795,英洛华,9.67,9.66,9.67,9.28,9.2,9.8,9.17,57252500.0,549124159.0,4.203,0.39
000796,凯撒旅业,4.46,4.46,4.47,4.42,4.41,4.48,4.33,32131567.0,141809436.0,0.905,0.04
000797,中国武夷,2.42,2.42,2.43,2.44,2.44,2.45,2.38,23585948.0,56680748.0,-0.82,-0.02
000798,中水渔业,7.73,7.72,7.73,7.77,7.76,7.77,7.59,5875501.0,45089533.0,-0.515,-0.04
000799,酒鬼酒,38.34,38.33,38.34,38.86,38.51,38.63,37.81,9330159.0,355335596.0,-1.338,-0.52
000800,一汽解放,6.05,6.05,6.06,6.2,6.15,6.16,6.01,25781221.0,156470348.0,-2.419,-0.15
000801,四川九洲,11.99,11.99,12.0,12.28,12.21,12.24,11.74,22602900.0,268964068.0,-2.362,-0.29
000802,北京文化,4.13,4.13,4.14,4.42,4.41,4.41,4.03,53007809.0,221828061.0,-6.561,-0.29
000803,山高环能,7.14,7.13,7.14,7.31,7.32,7.35,7.06,10361640.0,74261061.0,-2.326,-0.17
000807,云铝股份,25.38,25.38,25.39,26.9,26.4,26.4,25.31,121719905.0,3141911026.0,-5.651,-1.52
000809,和展能源,3.92,3.91,3.92,4.02,3.98,3.99,3.81,33873850.0,131505814.0,-2.488,-0.1
000810,创维数字,11.57,11.57,11.58,10.82,10.82,11.77,10.75,37869928.0,432998966.0,6.932,0.75
000811,冰轮环境,33.2,33.2,33.21,33.85,34.46,34.78,32.66,51751222.0,1738159501.0,-1.92,-0.65
000812,陕西金叶,3.42,3.42,3.43,3.49,3.5,3.51,3.39,12320400.0,42172311.0,-2.006,-0.07
000813,德展健康,3.03,3.03,3.04,3.08,3.1,3.1,3.02,23875250.0,72542629.0,-1.623,-0.05
000815,美利云,16.3,16.3,16.31,16.01,16.06,16.51,15.7,55144642.0,893994279.0,1.811,0.29
000816,智慧农业,2.5,2.49,2.5,2.53,2.51,2.52,2.45,20701610.0,51411650.0,-1.186,-0.03
000818,航锦科技,12.92,12.92,12.93,12.85,12.8,13.07,12.52,17905016.0,229136119.0,0.545,0.07
000819,岳阳兴长,13.58,13.58,13.59,13.37,13.55,13.95,13.41,5713536.0,77839778.0,1.571,0.21
000820,*ST节能,3.08,3.08,3.09,3.07,3.12,3.12,3.02,4859335.0,14962510.0,0.326,0.01
000821,ST京机,9.09,9.08,9.09,9.05,9.04,9.2,8.89,8520195.0,77175043.0,0.442,0.04
000822,山东海化,4.57,4.56,4.57,4.65,4.63,4.66,4.53,11472400.0,52477610.0,-1.72,-0.08
000823,超声电子,20.1,20.09,20.1,20.09,19.87,20.67,19.6,110624844.0,2205372040.0,0.05,0.01
000825,太钢不锈,3.86,3.86,3.87,3.86,3.87,3.92,3.82,32875031.0,127548191.0,0.0,0.0
000826,*ST启环,2.18,2.17,2.18,2.21,2.22,2.23,2.15,22755300.0,49414433.0,-1.357,-0.03
000828,东莞控股,9.84,9.83,9.84,9.89,9.89,9.92,9.76,4321133.0,42456275.0,-0.506,-0.05
000829,天音控股,8.55,8.54,8.55,8.68,8.6,8.68,8.42,22520088.0,192182548.0,-1.498,-0.13
000830,鲁西化工,12.99,12.99,13.0,13.31,13.25,13.34,12.93,29908700.0,391662886.0,-2.404,-0.32
000831,中国稀土,60.97,60.97,60.98,58.4,57.3,62.96,56.74,102191833.0,6200414210.0,4.401,2.57
000833,粤桂股份,23.19,23.18,23.19,23.45,23.08,23.41,22.34,47175979.0,1078877514.0,-1.109,-0.26
000837,秦川机床,12.48,12.48,12.49,12.35,12.19,12.73,12.13,34205659.0,427800569.0,1.053,0.13
000838,*ST发展,1.68,1.68,1.69,1.68,1.71,1.72,1.61,21494050.0,35786567.0,0.0,0.0
000839,国安股份,2.66,2.65,2.66,2.66,2.66,2.68,2.59,59298550.0,155838308.0,0.0,0.0
000848,承德露露,7.71,7.7,7.71,7.82,7.78,7.79,7.64,10326351.0,79609802.0,-1.407,-0.11
000850,华茂股份,3.78,3.77,3.78,3.81,3.82,3.82,3.75,8656680.0,32737106.0,-0.787,-0.03
000852,石化机械,5.72,5.72,5.73,5.66,5.67,5.82,5.58,12394382.0,70439544.0,1.06,0.06
000856,冀东装备,8.07,8.07,8.08,8.0,8.0,8.1,7.73,8084900.0,63963489.0,0.875,0.07
000858,五 粮 液,78.33,78.32,78.33,79.63,79.39,79.5,78.15,21756586.0,1708709322.0,-1.633,-1.3
000859,国风新材,11.6,11.59,11.6,11.13,11.01,12.1,10.94,95442209.0,1097954500.0,4.223,0.47
000860,顺鑫农业,10.37,10.36,10.37,10.57,10.52,10.53,10.33,4900074.0,50827668.0,-1.892,-0.2
000862,银星能源,5.83,5.82,5.83,5.92,5.91,5.98,5.79,24797629.0,145735568.0,-1.52,-0.09
000863,三湘印象,4.61,4.61,4.62,4.87,4.77,4.91,4.59,33892762.0,158220310.0,-5.339,-0.26
000868,安凯客车,3.75,3.75,3.76,3.8,3.8,3.8,3.68,11796911.0,43949515.0,-1.316,-0.05
000869,张 裕Ａ,17.27,17.22,17.27,17.63,17.63,17.63,17.15,992248.0,17130779.0,-2.042,-0.36
000875,电投绿能,5.96,5.96,5.97,6.02,6.03,6.06,5.91,44103550.0,263334046.0,-0.997,-0.06
000876,新 希 望,6.52,6.52,6.53,6.58,6.55,6.58,6.43,35035092.0,227965285.0,-0.912,-0.06
000877,天山股份,4.04,4.03,4.04,4.05,4.06,4.1,4.02,10337481.0,41957253.0,-0.247,-0.01
000878,云南铜业,17.82,17.81,17.82,18.23,18.0,18.12,17.74,59312559.0,1065340557.0,-2.249,-0.41
000880,潍柴重机,25.46,25.45,25.46,25.23,25.23,25.55,24.73,13824303.0,348304843.0,0.912,0.23
000881,中广核技,7.1,7.1,7.11,7.08,7.06,7.2,7.02,14290500.0,101663678.0,0.282,0.02
000882,华联股份,1.43,1.42,1.43,1.42,1.42,1.43,1.39,56524070.0,79523862.0,0.704,0.01
000883,湖北能源,5.01,5.0,5.01,5.02,5.01,5.1,4.98,47087179.0,236596432.0,-0.199,-0.01
000885,城发环境,12.74,12.74,12.75,12.84,12.8,12.8,12.6,3459220.0,43905178.0,-0.779,-0.1
000886,海南高速,4.37,4.36,4.37,4.4,4.41,4.42,4.29,11609600.0,50422492.0,-0.682,-0.03
000887,中鼎股份,22.35,22.35,22.36,22.35,22.3,22.75,22.08,50122311.0,1121624457.0,0.0,0.0
000888,峨眉山Ａ,9.88,9.86,9.88,9.94,9.9,9.91,9.78,4624702.0,45590551.0,-0.604,-0.06
000889,中嘉博创,3.77,3.76,3.77,3.55,3.55,3.78,3.46,59336317.0,216311822.0,6.197,0.22
000890,法尔胜,9.47,9.46,9.47,9.62,9.62,9.79,9.3,26607387.0,252106764.0,-1.559,-0.15
000892,欢瑞世纪,3.76,3.76,3.77,3.74,3.75,3.77,3.61,29830900.0,110415476.0,0.535,0.02
000893,亚钾国际,43.7,0.0,43.7,48.55,48.75,48.75,43.7,24794755.0,1122121695.0,-9.99,-4.85
000895,双汇发展,23.54,23.53,23.54,24.15,24.2,24.26,23.47,15549057.0,368247642.0,-2.526,-0.61
000897,津滨发展,1.82,1.82,1.83,1.86,1.86,1.87,1.82,18386200.0,33714648.0,-2.151,-0.04
000898,鞍钢股份,2.0,2.0,2.01,2.04,2.03,2.04,1.99,41224975.0,82724322.0,-1.961,-0.04
000899,赣能股份,12.55,12.55,12.56,12.82,12.77,12.85,12.52,21653139.0,273895434.0,-2.106,-0.27
000900,现代投资,3.65,3.64,3.65,3.68,3.69,3.69,3.63,6475600.0,23629940.0,-0.815,-0.03
000901,航天科技,18.49,18.48,18.49,18.38,18.65,19.0,18.44,22884087.0,426446146.0,0.598,0.11
000902,新洋丰,12.54,12.54,12.55,12.93,13.06,13.06,12.5,15956559.0,202115887.0,-3.016,-0.39
000903,ST云动,2.02,2.01,2.02,2.04,2.02,2.11,2.01,46946630.0,96415225.0,-0.98,-0.02
000905,厦门港务,8.77,8.77,8.78,8.86,8.8,8.95,8.64,10509851.0,92636891.0,-1.016,-0.09
000906,浙商中拓,5.46,5.46,5.47,5.6,5.61,5.62,5.44,8347003.0,45741283.0,-2.5,-0.14
000908,景峰医药,6.11,6.11,6.12,6.45,6.41,6.41,6.02,26773755.0,164637417.0,-5.271,-0.34
000909,*ST数源,4.15,4.15,4.16,4.14,4.13,4.16,4.02,3483650.0,14214980.0,0.242,0.01
000910,大亚圣象,5.89,5.89,5.9,5.89,5.92,5.92,5.81,2349600.0,13767445.0,0.0,0.0
000911,*ST广糖,4.74,4.74,4.75,4.65,4.65,4.82,4.63,13789401.0,64523852.0,1.935,0.09
000912,泸天化,3.58,3.58,3.59,3.68,3.66,3.66,3.57,22136273.0,79570593.0,-2.717,-0.1
000913,钱江摩托,12.03,12.02,12.03,12.29,12.2,12.28,11.98,6351515.0,76725973.0,-2.116,-0.26
000915,华特达因,27.58,27.58,27.6,27.72,27.6,27.67,27.43,1297074.0,35746045.0,-0.505,-0.14
000917,电广传媒,7.13,7.13,7.14,7.06,7.03,7.2,6.89,30236982.0,214130553.0,0.992,0.07
000919,金陵药业,6.21,6.2,6.21,6.27,6.26,6.26,6.13,6437500.0,39786796.0,-0.957,-0.06
000920,沃顿科技,14.35,14.34,14.35,14.13,13.93,14.92,13.5,37467247.0,537962610.0,1.557,0.22
000921,海信家电,28.31,28.3,28.31,28.47,28.34,29.39,27.39,21155600.0,594493961.0,-0.562,-0.16
000922,佳电股份,14.5,14.5,14.51,13.3,13.44,14.63,13.33,63919685.0,917649857.0,9.023,1.2
000923,河钢资源,14.15,14.15,14.16,14.46,14.3,14.4,14.04,13730600.0,194505451.0,-2.144,-0.31
000925,众合科技,8.52,8.51,8.52,8.32,8.32,8.65,8.18,50895434.0,429525420.0,2.404,0.2
000926,福星股份,2.08,2.08,2.09,2.15,2.14,2.15,2.08,49847465.0,104568955.0,-3.256,-0.07
000927,中国铁物,2.49,2.49,2.5,2.54,2.54,2.54,2.48,41858900.0,104439489.0,-1.969,-0.05
000928,中钢国际,5.78,5.78,5.79,5.8,5.74,5.85,5.71,18442285.0,106654844.0,-0.345,-0.02
000929,兰州黄河,10.04,10.03,10.04,9.48,9.95,10.43,9.89,12223955.0,123311360.0,5.907,0.56
000930,中粮科技,4.87,4.86,4.87,4.93,4.92,4.93,4.84,11654018.0,56719591.0,-1.217,-0.06
000931,中 关 村,4.04,4.03,4.04,4.07,4.08,4.08,3.98,5163501.0,20715389.0,-0.737,-0.03
000932,华菱钢铁,3.76,3.76,3.77,3.85,3.85,3.87,3.74,115943130.0,440415230.0,-2.338,-0.09
000933,神火股份,24.91,24.9,24.91,26.44,26.02,26.02,24.7,103661818.0,2624161122.0,-5.787,-1.53
000935,四川双马,26.6,26.58,26.6,27.1,27.2,27.4,26.28,7419323.0,197866664.0,-1.845,-0.5
000936,华西股份,5.89,5.89,5.9,5.94,5.92,5.95,5.8,15141438.0,88983024.0,-0.842,-0.05
000937,冀中能源,5.25,5.25,5.26,5.44,5.4,5.43,5.23,37520560.0,198033513.0,-3.493,-0.19
000938,紫光股份,26.78,26.78,26.79,26.48,26.48,26.79,26.12,102560591.0,2721707500.0,1.133,0.3
000948,南天信息,12.64,12.63,12.64,12.69,12.63,12.68,12.42,3898116.0,48913491.0,-0.394,-0.05
000949,新乡化纤,6.99,6.99,7.0,6.86,6.78,7.33,6.64,77152435.0,544556011.0,1.895,0.13
000950,重药控股,5.24,5.24,5.25,5.32,5.29,5.31,5.18,20761366.0,108589596.0,-1.504,-0.08
000951,中国重汽,22.13,22.12,22.13,22.6,22.54,22.99,22.1,12397878.0,276807648.0,-2.08,-0.47
000952,广济药业,6.13,6.13,6.14,6.2,6.19,6.2,6.02,5534221.0,33775974.0,-1.129,-0.07
000953,中哲精化,5.7,5.69,5.7,5.84,5.85,5.87,5.6,7279201.0,41257782.0,-2.397,-0.14
000955,欣龙控股,4.21,4.2,4.21,4.0,3.99,4.26,3.91,22554130.0,92476452.0,5.25,0.21
000957,中通客车,10.29,10.28,10.29,10.62,10.55,10.71,10.26,12818200.0,133687300.0,-3.107,-0.33
000958,电投产融,6.31,6.3,6.31,6.61,6.55,6.63,6.28,92604523.0,593706451.0,-4.539,-0.3
000959,首钢股份,3.39,3.39,3.4,3.42,3.4,3.45,3.3,54761946.0,185072083.0,-0.877,-0.03
000960,锡业股份,41.64,41.64,41.65,41.42,41.69,43.05,41.38,127422660.0,5371414940.0,0.531,0.22
000962,东方钽业,64.36,64.36,64.37,61.1,61.84,66.67,60.5,38205265.0,2457555118.0,5.336,3.26
000963,华东医药,28.26,28.26,28.27,29.0,28.95,28.96,28.2,11994650.0,340866104.0,-2.552,-0.74
000965,天保基建,3.29,3.29,3.3,3.39,3.37,3.39,3.26,16716350.0,55278270.0,-2.95,-0.1
000966,长源电力,4.94,4.94,4.95,4.96,4.96,5.19,4.92,98082933.0,493271724.0,-0.403,-0.02
000967,盈峰环境,10.35,10.34,10.35,10.34,10.24,10.5,10.15,81917474.0,845071132.0,0.097,0.01
000968,蓝焰控股,6.86,6.86,6.87,7.01,6.99,7.02,6.81,18478666.0,126887652.0,-2.14,-0.15
000969,安泰科技,25.35,25.34,25.35,24.38,24.32,26.0,24.08,119112040.0,3006925345.0,3.979,0.97
000970,中科三环,14.77,14.77,0.0,13.43,13.46,14.77,13.33,122610614.0,1783438446.0,9.978,1.34
000972,*ST中基,3.55,3.54,3.55,3.58,3.58,3.58,3.48,5785800.0,20444476.0,-0.838,-0.03
000973,佛塑科技,16.05,16.05,16.06,15.28,15.5,16.36,15.01,97494990.0,1538008160.0,5.039,0.77
000975,山金国际,21.65,21.65,21.66,22.15,22.41,22.41,21.48,44053098.0,959314753.0,-2.257,-0.5
000977,浪潮信息,62.3,62.3,62.31,63.09,63.0,63.03,61.55,52074553.0,3245401371.0,-1.252,-0.79
000978,桂林旅游,5.84,5.84,5.85,5.98,5.95,5.96,5.83,9889200.0,57983691.0,-2.341,-0.14
000980,众泰汽车,2.3,2.3,2.31,2.39,2.39,2.43,2.25,177094732.0,407452788.0,-3.766,-0.09
000981,山子高科,3.37,3.37,3.38,3.33,3.33,3.4,3.25,251096053.0,836430011.0,1.201,0.04
000983,山西焦煤,6.91,6.9,6.91,7.05,7.0,7.03,6.88,77153828.0,534693599.0,-1.986,-0.14
000985,大庆华科,15.96,15.96,15.97,16.06,16.14,16.18,15.72,1306500.0,20803680.0,-0.623,-0.1
000987,越秀资本,7.76,7.75,7.76,7.75,7.7,7.82,7.66,36476276.0,282579781.0,0.129,0.01
000988,华工科技,164.0,163.99,164.0,160.98,161.0,166.66,159.08,77630263.0,12580328073.0,1.876,3.02
000989,九芝堂,7.96,7.96,7.97,8.07,8.08,8.08,7.91,7354734.0,58446870.0,-1.363,-0.11
000990,诚志股份,9.05,9.04,9.05,9.04,8.99,9.14,8.81,30380198.0,272961518.0,0.111,0.01
000993,闽东电力,11.8,11.8,11.81,11.85,11.83,11.99,11.63,13737495.0,162225154.0,-0.422,-0.05
000995,皇台酒业,10.88,10.87,10.88,11.11,11.03,11.1,10.5,12944577.0,139315475.0,-2.07,-0.23
000997,新 大 陆,17.81,17.81,17.82,18.25,18.25,18.25,17.75,22370651.0,400663102.0,-2.411,-0.44
000998,隆平高科,8.16,8.16,8.17,8.38,8.34,8.38,8.14,13542618.0,110898314.0,-2.625,-0.22
000999,华润三九,24.25,24.25,24.26,24.55,24.45,24.53,24.15,6308293.0,153018518.0,-1.222,-0.3
001201,东瑞股份,11.22,11.21,11.22,11.26,11.3,11.3,11.02,1666568.0,18512672.0,-0.355,-0.04
001202,炬申股份,14.56,14.56,14.57,14.46,14.49,14.69,14.21,1429790.0,20635725.0,0.692,0.1
001203,大中矿业,37.33,37.33,37.34,41.03,39.81,39.98,37.0,38036213.0,1439583417.0,-9.018,-3.7
001205,盛航股份,14.25,14.25,14.26,14.2,14.05,14.33,13.78,5520065.0,77280661.0,0.352,0.05
001206,依依股份,17.62,17.62,17.63,17.55,17.47,17.93,17.1,7347036.0,128607302.0,0.399,0.07
001207,联科科技,17.82,17.82,17.87,17.94,17.91,18.07,17.63,4216267.0,75352625.0,-0.669,-0.12
001208,华菱线缆,15.92,15.92,15.93,15.97,15.91,16.2,15.8,13465200.0,215011251.0,-0.313,-0.05
001209,洪兴股份,18.46,18.46,18.47,18.7,18.6,18.71,18.01,2087940.0,38268398.0,-1.283,-0.24
001210,金房能源,23.66,23.66,23.67,23.54,23.31,24.07,23.07,11206933.0,265155387.0,0.51,0.12
001211,双枪科技,36.1,36.1,36.12,37.71,37.3,38.2,35.38,9508724.0,348314292.0,-4.269,-1.61
001212,中旗新材,47.97,47.97,47.98,50.09,49.72,49.86,47.51,7295043.0,351730109.0,-4.232,-2.12
001213,中铁特货,3.56,3.56,3.57,3.63,3.62,3.62,3.54,12792016.0,45618510.0,-1.928,-0.07
001215,千味央厨,41.64,41.63,41.64,40.8,40.5,41.84,39.81,4558801.0,186607132.0,2.059,0.84
001216,华瓷股份,16.23,16.23,16.24,15.88,15.89,16.47,15.67,4298450.0,69463122.0,2.204,0.35
001217,华尔泰,9.5,9.5,9.51,9.67,9.69,9.7,9.43,3030200.0,28807096.0,-1.758,-0.17
001218,丽臣实业,24.82,24.82,24.85,25.62,25.41,25.42,24.55,2055320.0,51069695.0,-3.123,-0.8
001219,青岛食品,12.52,12.51,12.52,12.76,12.77,12.77,12.43,2120435.0,26567492.0,-1.881,-0.24
001220,世盟股份,30.88,30.88,30.91,31.39,31.52,31.52,30.71,899826.0,27836394.0,-1.625,-0.51
001221,悍高集团,44.35,44.35,44.36,45.5,45.29,45.29,43.73,1331186.0,58894107.0,-2.527,-1.15
001222,源飞宠物,14.68,14.68,14.7,14.89,14.89,14.91,14.46,1473840.0,21597175.0,-1.41,-0.21
001223,欧克科技,45.3,45.3,45.31,45.15,44.94,46.52,43.51,3574501.0,160718846.0,0.332,0.15
001225,和泰机电,42.77,42.77,42.78,43.71,44.44,44.44,41.96,1218900.0,51926703.0,-2.151,-0.94
001226,拓山重工,50.06,50.06,50.07,49.85,50.2,50.49,48.45,1381200.0,68317014.0,0.421,0.21
001227,兰州银行,2.14,2.13,2.14,2.15,2.15,2.16,2.12,39797107.0,84988452.0,-0.465,-0.01
001228,永泰运,27.01,27.01,27.02,26.97,26.97,27.08,26.0,1553000.0,41229169.0,0.148,0.04
001229,魅视科技,28.38,28.38,28.39,27.72,27.45,28.5,26.77,6058560.0,169061928.0,2.381,0.66
001230,劲旅环境,27.07,27.07,27.08,26.3,26.59,27.39,26.3,5352251.0,144216934.0,2.928,0.77
001231,农心科技,20.17,20.17,20.25,20.2,20.3,20.46,19.68,1714934.0,34351135.0,-0.149,-0.03
001233,海安集团,50.62,50.61,50.62,52.48,52.22,52.46,50.41,1881966.0,96119199.0,-3.544,-1.86
001234,泰慕士,23.27,23.27,23.28,22.87,23.04,23.48,22.18,2586400.0,59186234.0,1.749,0.4
001236,弘业期货,7.88,7.88,7.89,7.94,7.88,7.92,7.75,11909300.0,93511925.0,-0.756,-0.06
001237,惠康科技,65.14,65.14,65.15,63.99,63.3,65.57,62.78,4793171.0,308998439.0,1.797,1.15
001238,浙江正特,29.47,29.45,29.47,30.43,30.43,30.61,29.3,927780.0,27437578.0,-3.155,-0.96
001239,永达股份,15.2,15.2,15.21,14.11,14.11,15.2,13.89,8156487.0,119941515.0,7.725,1.09
001255,博菲电气,29.15,29.15,29.24,29.15,29.15,29.5,28.44,1059470.0,30755365.0,0.0,0.0
001256,炜冈科技,25.73,25.73,25.74,25.89,26.26,26.53,25.3,6699700.0,173009376.0,-0.618,-0.16
001257,盛龙股份,33.56,33.56,0.0,30.51,31.06,33.56,31.06,22095579.0,720445750.0,9.997,3.05
001258,立新能源,7.91,7.91,7.92,7.87,7.84,7.98,7.57,30503100.0,237711259.0,0.508,0.04
001259,利仁科技,64.51,64.51,64.6,70.68,70.68,71.88,63.61,6162400.0,413355816.0,-8.729,-6.17
001260,坤泰股份,17.82,17.82,17.84,17.9,17.87,17.96,17.36,1325500.0,23405917.0,-0.447,-0.08
001266,宏英智能,50.16,50.16,0.0,45.6,45.6,50.16,45.04,3541720.0,169549223.0,10.0,4.56
001267,汇绿生态,53.0,52.99,53.0,52.68,52.5,54.35,49.3,58915003.0,3063856033.0,0.607,0.32
001268,联合精密,41.47,41.46,41.47,42.66,42.0,42.01,40.0,3364800.0,137924143.0,-2.789,-1.19
001269,欧晶科技,27.34,27.34,27.35,27.42,27.1,28.38,26.73,9649870.0,264211114.0,-0.292,-0.08
001270,铖昌科技,121.84,121.84,121.85,125.0,127.0,128.5,120.43,10000092.0,1235555591.0,-2.528,-3.16
001277,速达股份,30.33,30.31,30.33,30.7,30.51,30.75,30.0,713100.0,21609113.0,-1.205,-0.37
001278,一彬科技,16.95,16.94,16.95,16.87,16.72,17.11,16.48,2560258.0,42956618.0,0.474,0.08
001279,强邦新材,26.27,26.26,26.27,26.62,26.69,26.7,26.02,761400.0,19991945.0,-1.315,-0.35
001280,中国铀业,73.97,73.97,73.98,72.39,73.5,75.66,72.39,15873348.0,1184572577.0,2.183,1.58
001282,三联锻造,19.25,19.14,19.25,17.93,17.93,19.48,17.48,5576124.0,102719762.0,7.362,1.32
001283,豪鹏科技,53.02,53.02,0.0,48.2,50.0,53.02,49.02,6344955.0,328001064.0,10.0,4.82
001285,瑞立科密,44.66,44.66,44.67,44.96,44.97,45.44,44.33,845625.0,37736221.0,-0.667,-0.3
001286,陕西能源,12.07,12.07,12.08,12.12,12.07,12.27,11.91,21649801.0,261508383.0,-0.413,-0.05
001287,中电港,26.92,26.92,26.93,26.41,26.3,27.24,26.12,30019018.0,806652447.0,1.931,0.51
001288,运机集团,26.44,26.44,26.48,26.35,26.48,26.9,25.99,6766520.0,178935589.0,0.342,0.09
001289,龙源电力,17.61,17.61,17.62,17.61,17.61,17.89,17.46,8826664.0,155692617.0,0.0,0.0
001296,长江材料,19.13,19.12,19.13,19.13,19.12,19.31,18.78,1711900.0,32541195.0,0.0,0.0
001298,好上好,20.37,20.37,20.38,20.3,20.27,20.54,20.12,8533341.0,173489949.0,0.345,0.07
001299,美能能源,10.78,10.77,10.78,10.94,10.96,11.0,10.68,6087048.0,65633591.0,-1.463,-0.16
001300,三柏硕,14.16,14.06,14.16,15.1,14.93,14.97,13.73,9221404.0,130039710.0,-6.225,-0.94
001301,尚太科技,94.13,94.1,94.13,92.11,93.77,96.2,91.0,4678723.0,440464148.0,2.193,2.02
001306,夏厦精密,61.64,61.63,61.65,60.63,60.69,62.25,59.31,718845.0,43842720.0,1.666,1.01
001308,康冠科技,20.41,20.41,20.42,20.24,20.16,20.6,19.37,6077205.0,121848588.0,0.84,0.17
001309,德明利,655.66,655.66,655.75,641.86,649.66,664.99,633.2,12055790.0,7818738442.0,2.15,13.8
001311,多利科技,18.34,18.33,18.34,18.19,18.19,18.71,17.74,4990156.0,91013152.0,0.825,0.15
001312,福恩股份,19.89,19.89,19.9,19.89,19.89,20.13,19.59,3285281.0,65180748.0,0.0,0.0
001313,粤海饲料,7.32,7.31,7.32,7.37,7.33,7.35,7.18,11232200.0,81433516.0,-0.678,-0.05
001314,亿道信息,57.45,57.45,57.62,53.15,53.16,58.46,53.16,6752150.0,379797008.0,8.09,4.3
001316,润贝航科,37.34,37.33,37.34,38.35,38.1,38.75,37.12,3588396.0,135628712.0,-2.634,-1.01
001317,三羊马,47.18,47.18,47.2,47.4,47.4,48.0,46.55,4077286.0,192631427.0,-0.464,-0.22
001318,阳光乳业,10.89,10.89,10.9,10.92,10.98,11.0,10.75,1627600.0,17683466.0,-0.275,-0.03
001319,铭科精技,23.63,23.63,23.64,24.18,24.14,24.14,23.56,2451500.0,58224920.0,-2.275,-0.55
001322,箭牌家居,6.01,6.01,6.02,6.22,6.18,6.21,5.98,6603200.0,39996897.0,-3.376,-0.21
001323,慕思股份,18.47,18.46,18.47,18.64,18.63,18.77,18.36,857660.0,15860403.0,-0.912,-0.17
001324,长青科技,17.92,17.91,17.92,17.71,17.6,18.29,17.0,2941126.0,51838668.0,1.186,0.21
001325,元创股份,41.22,41.22,41.24,40.58,40.76,41.34,39.5,1737599.0,70287670.0,1.577,0.64
001326,联域股份,67.3,67.3,67.35,65.05,65.27,70.02,64.8,1321600.0,89631119.0,3.459,2.25
001328,登康口腔,29.35,29.3,29.36,30.43,30.34,30.34,29.12,1768054.0,52185580.0,-3.549,-1.08
001330,博纳影业,7.02,7.02,7.03,6.85,6.85,7.06,6.58,92292794.0,635242730.0,2.482,0.17
001331,胜通能源,69.78,0.0,0.0,69.78,0.0,0.0,0.0,0.0,0.0,0.0,0.0
001332,锡装股份,46.02,46.01,46.02,46.58,46.49,47.38,45.32,2826177.0,130586834.0,-1.202,-0.56
001333,光华股份,20.43,20.43,20.44,21.0,21.01,21.18,20.42,2512700.0,51922072.0,-2.714,-0.57
001335,信凯科技,48.83,48.83,48.84,48.82,49.31,49.31,47.19,1597244.0,77190945.0,0.02,0.01
001336,楚环科技,24.39,24.36,24.39,24.13,24.04,24.7,23.38,2055900.0,49587090.0,1.077,0.26
001337,四川黄金,43.28,43.28,43.29,44.02,43.5,43.98,42.57,12233569.0,528443580.0,-1.681,-0.74
001338,永顺泰,9.42,9.41,9.42,9.66,9.62,9.66,9.35,8134500.0,76581114.0,-2.484,-0.24
001339,智微智能,104.9,104.9,104.94,101.21,100.92,105.14,99.97,7274402.0,751346685.0,3.646,3.69
001356,富岭股份,9.29,9.29,9.3,9.41,9.4,9.44,9.27,2352536.0,21973956.0,-1.275,-0.12
001358,兴欣新材,26.05,26.01,26.05,25.2,25.5,26.23,24.54,1630300.0,41680085.0,3.373,0.85
001359,平安电工,121.4,121.39,121.4,117.85,122.18,122.99,116.53,5028135.0,604085107.0,3.012,3.55
001360,南矿集团,20.81,20.8,20.81,20.02,20.1,21.4,19.85,6744364.0,139358737.0,3.946,0.79
001365,天海电子,40.78,40.78,40.79,40.26,40.02,41.32,39.37,6451371.0,260894296.0,1.292,0.52
001366,播恩集团,12.54,12.53,12.54,12.56,12.4,12.59,12.11,4337212.0,53717974.0,-0.159,-0.02
001367,海森药业,20.8,20.79,20.8,20.77,20.71,21.04,20.35,1623980.0,33731574.0,0.144,0.03
001368,通达创智,22.65,22.64,22.65,22.9,22.92,22.97,22.38,1414969.0,32058408.0,-1.092,-0.25
001369,双欣材料,15.9,15.89,15.9,15.75,15.5,16.5,15.17,35724154.0,566207741.0,0.952,0.15
001373,翔腾新材,36.08,36.08,36.12,34.66,34.37,36.61,34.12,1641000.0,58458111.0,4.097,1.42
001376,百通能源,12.35,12.35,12.36,12.68,12.7,12.7,12.34,11851302.0,147748835.0,-2.603,-0.33
001378,德冠新材,20.61,20.61,20.62,20.53,20.54,20.97,19.53,7467419.0,151358863.0,0.39,0.08
001379,腾达科技,17.29,17.29,17.31,17.41,17.44,17.55,17.08,1532200.0,26532607.0,-0.689,-0.12
001380,华纬科技,16.72,16.71,16.72,16.52,16.51,16.8,16.28,1592961.0,26425868.0,1.211,0.2
001382,新亚电缆,20.2,20.2,20.21,20.62,20.49,20.59,20.14,2983687.0,60413584.0,-2.037,-0.42
001386,马可波罗,16.13,16.13,16.14,16.58,16.6,16.6,16.07,4084052.0,66250078.0,-2.714,-0.45
001387,雪祺电气,12.91,12.91,0.0,11.74,11.75,12.91,11.62,8986405.0,111578823.0,9.966,1.17
001388,信通电子,29.79,29.79,29.8,29.99,30.33,30.43,29.31,941653.0,27939178.0,-0.667,-0.2
001389,广合科技,194.95,194.94,194.95,192.46,193.02,197.18,187.92,8311100.0,1603097148.0,1.294,2.49
001390,古麒绒材,18.77,18.76,18.77,18.82,18.76,19.29,18.47,2489956.0,46527918.0,-0.266,-0.05
001391,国货航,4.66,4.66,4.67,4.74,4.73,4.73,4.63,14748191.0,68662476.0,-1.688,-0.08
001393,维通利,61.1,61.1,61.12,57.2,57.06,62.92,57.0,9162637.0,556727904.0,6.818,3.9
001395,亚联机械,27.35,27.34,27.35,28.77,28.5,28.5,27.2,1501627.0,41312454.0,-4.936,-1.42
001396,誉帆科技,39.7,39.69,39.7,39.78,40.09,40.09,39.04,953300.0,37633352.0,-0.201,-0.08
001400,江顺科技,112.79,112.78,112.79,109.84,110.47,117.6,110.47,3463260.0,394432694.0,2.686,2.95
001696,宗申动力,23.7,23.69,23.7,22.85,22.6,23.9,21.74,183905304.0,4222920048.0,3.72,0.85
001872,招商港口,19.85,19.85,19.87,20.69,20.58,20.59,19.8,3868500.0,77495889.0,-4.06,-0.84
001896,豫能控股,22.06,22.06,22.07,22.7,22.68,23.8,22.05,250782411.0,5700662714.0,-2.819,-0.64
001914,招商积余,9.14,9.14,9.18,9.44,9.41,9.41,9.07,10310400.0,94818598.0,-3.178,-0.3
001965,招商公路,9.67,9.67,9.68,9.44,9.43,9.72,9.37,15342967.0,147144064.0,2.436,0.23
001979,招商蛇口,7.56,7.56,7.57,8.01,8.0,8.0,7.53,100657436.0,773542380.0,-5.618,-0.45
002001,新 和 成,27.65,27.63,27.65,30.24,30.0,30.11,27.33,72848803.0,2057688272.0,-8.565,-2.59
002003,伟星股份,8.74,8.74,8.75,8.92,8.93,8.94,8.55,12123188.0,105475500.0,-2.018,-0.18
002004,华邦健康,4.31,4.31,4.32,4.41,4.41,4.41,4.3,22344965.0,97030925.0,-2.268,-0.1
002005,ST德豪,2.75,2.74,2.75,2.75,2.76,2.77,2.72,11395300.0,31308478.0,0.0,0.0
002006,精工科技,15.36,15.35,15.36,15.31,15.25,15.47,15.05,7043186.0,107785985.0,0.327,0.05
002007,华兰生物,12.89,12.89,12.9,13.13,13.11,13.12,12.85,8340971.0,107738982.0,-1.828,-0.24
002008,大族激光,136.62,136.62,0.0,124.2,125.74,136.62,123.0,58579795.0,7710997436.0,10.0,12.42
002009,天奇股份,20.97,20.96,20.97,20.57,20.62,21.15,20.05,18032859.0,374062003.0,1.945,0.4
002010,传化智联,5.0,4.99,5.0,4.97,4.93,5.01,4.86,20395300.0,100871610.0,0.604,0.03
002011,盾安环境,10.97,10.96,10.97,11.17,11.18,11.18,10.93,14481275.0,159597361.0,-1.791,-0.2
002012,凯恩股份,7.12,7.12,7.13,7.19,7.22,7.32,7.04,17708000.0,127095892.0,-0.974,-0.07
002014,永新股份,10.7,10.7,10.71,10.76,10.71,10.81,10.51,2521920.0,26924097.0,-0.558,-0.06
002015,协鑫能科,18.93,18.93,18.94,18.26,18.36,19.45,17.85,101461739.0,1898914334.0,3.669,0.67
002016,世荣兆业,4.5,4.5,4.51,4.58,4.59,4.59,4.47,7349300.0,33160786.0,-1.747,-0.08
002017,东信和平,16.33,16.32,16.33,16.37,16.28,16.48,16.15,12879000.0,209794159.0,-0.244,-0.04
002019,亿帆医药,9.93,9.93,9.94,10.09,10.04,10.05,9.92,6855741.0,68312497.0,-1.586,-0.16
002020,京新药业,12.19,12.18,12.19,12.39,12.34,12.35,12.14,7739261.0,94518222.0,-1.614,-0.2
002021,中捷资源,2.56,2.56,2.57,2.66,2.7,2.77,2.54,66672633.0,172432239.0,-3.759,-0.1
002022,科华生物,5.03,5.03,5.04,5.08,5.06,5.09,4.98,4805500.0,24123332.0,-0.984,-0.05
002023,海特高新,12.39,12.39,12.4,12.18,12.37,12.48,12.04,51372630.0,631201021.0,1.724,0.21
002024,ST易购,1.26,1.25,1.26,1.25,1.25,1.27,1.23,37022821.0,46223565.0,0.8,0.01
002025,航天电器,63.12,63.12,63.13,65.88,66.0,66.5,62.66,19759825.0,1265837883.0,-4.189,-2.76
002026,山东威达,12.33,12.33,12.34,12.16,12.18,12.5,12.03,7294477.0,89759361.0,1.398,0.17
002027,分众传媒,5.2,5.2,5.21,5.35,5.33,5.34,5.19,177673300.0,929940908.0,-2.804,-0.15
002028,思源电气,174.48,174.47,174.48,178.0,176.5,180.8,174.0,10171916.0,1798437319.0,-1.978,-3.52
002029,七 匹 狼,8.29,8.28,8.29,8.35,8.34,8.56,8.24,14058548.0,117725990.0,-0.719,-0.06
002030,达安基因,5.35,5.34,5.35,5.42,5.41,5.41,5.29,22077491.0,117465672.0,-1.292,-0.07
002031,巨轮智能,5.88,5.88,5.89,5.85,5.84,5.92,5.69,100618784.0,586264090.0,0.513,0.03
002032,苏 泊 尔,41.89,41.89,41.91,42.4,42.3,42.46,41.8,1746088.0,73460114.0,-1.203,-0.51
002033,丽江股份,8.67,8.66,8.67,8.8,8.76,8.78,8.6,12658625.0,109612636.0,-1.477,-0.13
002034,旺能环境,17.86,17.85,17.86,17.86,17.7,18.05,17.65,9959722.0,177603422.0,0.0,0.0
002035,华帝股份,4.96,4.96,4.97,5.02,5.0,5.02,4.92,5027350.0,24910729.0,-1.195,-0.06
002036,联创电子,8.49,8.49,8.5,8.15,8.15,8.8,8.01,58186200.0,490302269.0,4.172,0.34
002037,保利联合,6.83,6.82,6.83,6.87,6.87,6.87,6.74,4199300.0,28598380.0,-0.582,-0.04
002038,双鹭药业,5.17,5.17,5.18,5.31,5.29,5.31,5.14,22337081.0,115772401.0,-2.637,-0.14
002039,黔源电力,20.66,20.62,20.66,20.94,20.89,21.2,20.56,9020593.0,187707129.0,-1.337,-0.28
002040,南 京 港,8.74,8.74,8.75,9.22,9.06,9.06,8.64,20883620.0,182972658.0,-5.206,-0.48
002041,登海种业,8.7,8.69,8.7,8.92,8.87,8.89,8.61,12242244.0,106636217.0,-2.466,-0.22
002042,华孚时尚,3.81,3.8,3.81,3.8,3.81,3.84,3.72,31334400.0,118317341.0,0.263,0.01
002043,兔 宝 宝,12.06,12.06,12.07,12.29,12.25,12.27,11.95,9016288.0,108739320.0,-1.871,-0.23
002044,美年健康,5.05,5.05,5.06,5.04,5.01,5.08,4.94,90617857.0,453913336.0,0.198,0.01
002045,国光电器,8.73,8.72,8.73,8.68,8.77,8.78,8.59,13113500.0,113887241.0,0.576,0.05
002046,国机精工,62.59,62.59,62.6,62.5,62.7,63.99,61.29,21111682.0,1321910324.0,0.144,0.09
002047,宝鹰股份,4.58,4.58,0.0,4.16,4.44,4.58,4.38,14824265.0,67293913.0,10.096,0.42
002048,宁波华翔,28.58,28.57,28.58,29.18,28.8,28.95,28.22,20522950.0,586163599.0,-2.056,-0.6
002049,紫光国微,76.71,76.7,76.71,74.76,74.88,78.08,74.46,32213260.0,2469671086.0,2.608,1.95
002050,三花智控,45.12,45.12,45.13,45.75,45.76,45.94,44.9,96081096.0,4350049780.0,-1.377,-0.63
002051,中工国际,12.77,12.77,12.78,11.62,11.88,12.78,11.88,131896323.0,1657313568.0,9.897,1.15
002052,同洲电子,9.25,9.24,9.25,8.97,9.05,9.38,8.84,16777199.0,153692043.0,3.122,0.28
002053,云南能投,10.59,10.59,10.6,10.66,10.58,10.68,10.49,6588895.0,69796999.0,-0.657,-0.07
002054,德美化工,7.6,7.59,7.6,7.62,7.6,7.66,7.5,7923855.0,60088748.0,-0.262,-0.02
002055,ST得润,6.38,6.38,0.0,6.08,6.38,6.38,6.27,15865022.0,101118983.0,4.934,0.3
002056,横店东磁,26.25,26.25,26.26,25.45,25.62,27.27,24.85,100231200.0,2616301760.0,3.143,0.8
002057,中钢天源,12.0,11.99,12.0,12.1,11.9,12.16,11.85,52007395.0,622713603.0,-0.826,-0.1
002058,威尔泰,24.81,24.81,0.0,22.55,22.33,24.81,21.7,5596741.0,131023551.0,10.022,2.26
002059,云南旅游,4.49,4.49,4.5,4.59,4.55,4.58,4.48,7965200.0,35870168.0,-2.179,-0.1
002060,广东建工,3.27,3.26,3.27,3.28,3.28,3.29,3.24,12394609.0,40385963.0,-0.305,-0.01
002061,浙江交科,3.56,3.56,3.57,3.64,3.63,3.65,3.55,17000082.0,61197161.0,-2.198,-0.08
002062,宏润建设,8.09,8.09,8.1,7.95,8.02,8.19,7.87,17399771.0,140251193.0,1.761,0.14
002063,远光软件,5.33,5.32,5.33,5.38,5.38,5.38,5.29,24106871.0,128233933.0,-0.929,-0.05
002064,华峰化学,10.71,10.71,10.73,10.92,10.75,11.39,10.65,66534065.0,728313003.0,-1.923,-0.21
002065,东华软件,7.3,7.29,7.3,7.24,7.25,7.45,7.15,43380317.0,318110904.0,0.829,0.06
002066,瑞泰科技,22.3,22.3,22.31,22.15,22.15,22.76,21.72,7031300.0,156789718.0,0.677,0.15
002067,景兴纸业,4.18,4.17,4.18,4.25,4.25,4.25,4.15,30979805.0,129607856.0,-1.647,-0.07
002068,黑猫股份,10.08,10.07,10.08,10.09,10.0,10.27,9.81,26067769.0,260657114.0,-0.099,-0.01
002069,獐子岛,3.16,3.16,3.17,3.18,3.17,3.19,3.1,6978700.0,21969390.0,-0.629,-0.02
002072,凯瑞德,8.43,8.43,8.44,8.19,8.28,8.49,8.05,13301800.0,110355007.0,2.93,0.24
002073,软控股份,5.52,5.52,5.53,5.55,5.55,5.58,5.46,12930018.0,71237129.0,-0.541,-0.03
002074,国轩高科,30.29,30.28,30.29,29.35,29.91,30.69,29.52,49853778.0,1505535802.0,3.203,0.94
002075,沙钢股份,4.01,4.0,4.01,3.83,3.82,4.05,3.78,72181011.0,284365360.0,4.7,0.18
002076,*ST星光,2.59,2.58,2.59,2.55,2.54,2.59,2.42,33221400.0,83653811.0,1.569,0.04
002077,大港股份,17.06,17.06,17.07,16.76,16.62,17.34,16.62,28352581.0,482672054.0,1.79,0.3
002078,太阳纸业,13.24,13.22,13.24,13.58,13.57,13.6,13.16,21183020.0,281653624.0,-2.504,-0.34
002079,苏州固锝,12.94,12.94,12.95,12.26,12.28,13.46,12.18,67054322.0,864062912.0,5.546,0.68
002080,中材科技,74.92,74.92,0.0,68.11,70.9,74.92,70.9,54708520.0,4031304606.0,9.999,6.81
002081,金 螳 螂,4.97,4.97,4.98,5.12,5.06,5.13,4.9,157615174.0,785256666.0,-2.93,-0.15
002082,ST万邦,13.03,13.03,0.0,12.41,12.5,13.03,12.41,10707801.0,137400166.0,4.996,0.62
002083,孚日股份,10.02,10.01,10.02,10.36,10.35,10.35,9.85,49023822.0,491584019.0,-3.282,-0.34
002084,海鸥住工,3.4,3.4,3.41,3.28,3.26,3.44,3.16,24775753.0,82351256.0,3.659,0.12
002085,万丰奥威,13.39,13.38,13.39,13.72,13.43,13.66,13.24,89758511.0,1203121937.0,-2.405,-0.33
002086,东方海洋,1.81,1.81,1.82,1.8,1.79,1.82,1.76,25824366.0,46184422.0,0.556,0.01
002088,鲁阳节能,8.91,8.91,8.92,9.19,9.14,9.24,8.9,7132740.0,64529548.0,-3.047,-0.28
002090,金智科技,9.65,9.65,9.66,9.47,9.49,9.75,9.36,6677230.0,64047405.0,1.901,0.18
002091,江苏国泰,7.97,7.97,7.98,7.69,7.69,8.07,7.66,23312472.0,184351447.0,3.641,0.28
002092,中泰化学,4.4,4.39,4.4,4.47,4.42,4.46,4.35,40716400.0,179135664.0,-1.566,-0.07
002093,国脉科技,7.14,7.14,7.15,7.14,7.15,7.19,7.04,9622900.0,68356629.0,0.0,0.0
002094,青岛金王,4.96,4.95,4.96,4.94,4.94,4.98,4.83,15506346.0,76185861.0,0.405,0.02
002095,生 意 宝,13.77,13.76,13.77,13.7,13.6,13.82,13.5,1892680.0,25911066.0,0.511,0.07
002096,易普力,9.72,9.72,9.73,9.36,9.63,9.88,9.33,20376299.0,196127205.0,3.846,0.36
002097,山河智能,8.24,8.24,8.25,8.32,8.34,8.34,8.17,14124910.0,116464283.0,-0.962,-0.08
002098,浔兴股份,7.03,7.03,7.04,7.09,7.1,7.1,6.91,3065400.0,21452180.0,-0.846,-0.06
002099,海翔药业,5.28,5.28,5.29,5.41,5.38,5.39,5.24,13162900.0,69474603.0,-2.403,-0.13
002100,天康生物,6.37,6.37,6.38,6.31,6.31,6.44,6.25,27039967.0,171771388.0,0.951,0.06
002101,广东鸿图,8.63,8.58,8.63,8.61,8.59,8.63,8.43,5329682.0,45326272.0,0.232,0.02
002102,ST能特,2.2,2.2,2.21,2.24,2.24,2.25,2.19,12015400.0,26527437.0,-1.786,-0.04
002103,广博股份,6.38,6.38,6.39,6.39,6.38,6.4,6.26,5811780.0,36777914.0,-0.156,-0.01
002104,恒宝股份,11.63,11.63,11.64,11.58,11.51,11.72,11.4,17113336.0,198025996.0,0.432,0.05
002105,信隆健康,5.43,5.43,5.45,5.48,5.45,5.47,5.34,6131987.0,33154824.0,-0.912,-0.05
002106,莱宝高科,13.54,13.54,13.55,13.38,13.35,13.72,13.1,54585415.0,735219195.0,1.196,0.16
002107,沃华医药,6.04,6.04,6.05,6.03,6.03,6.1,5.91,8782560.0,52581254.0,0.166,0.01
002108,沧州明珠,4.86,4.85,4.86,4.85,4.89,4.91,4.77,39586284.0,191676906.0,0.206,0.01
002109,ST兴化,2.67,2.66,2.67,2.71,2.69,2.7,2.61,10016550.0,26551883.0,-1.476,-0.04
002110,三钢闽光,3.03,3.03,3.04,3.05,3.05,3.07,2.98,17465622.0,52855360.0,-0.656,-0.02
002111,威海广泰,9.66,9.65,9.66,9.66,9.65,9.7,9.44,8983043.0,85961988.0,0.0,0.0
002112,三变科技,18.06,18.05,18.06,17.41,17.41,18.58,17.31,26638885.0,478840339.0,3.733,0.65
002114,罗平锌电,8.05,8.04,8.05,7.81,7.73,8.33,7.7,16333901.0,130929037.0,3.073,0.24
002115,三维通信,11.96,11.96,11.97,11.71,11.72,12.06,11.52,38794071.0,460700249.0,2.135,0.25
002116,中国海诚,9.06,9.06,9.07,9.03,9.04,9.09,8.86,3200500.0,28724755.0,0.332,0.03
002117,东港股份,8.82,8.81,8.82,9.04,9.04,9.04,8.69,11186491.0,98383885.0,-2.434,-0.22
002119,康强电子,33.26,33.25,33.26,33.76,33.3,33.75,31.39,90169023.0,2910215475.0,-1.481,-0.5
002120,韵达股份,6.51,6.51,6.52,6.71,6.71,6.71,6.5,35667162.0,234054336.0,-2.981,-0.2
002121,科陆电子,6.14,6.13,6.14,6.11,6.1,6.19,5.94,30972069.0,188799272.0,0.491,0.03
002122,ST汇洲,2.65,2.65,2.66,2.69,2.69,2.71,2.64,13656690.0,36367753.0,-1.487,-0.04
002123,梦网科技,7.89,7.88,7.89,7.62,7.63,8.08,7.5,28606860.0,223727401.0,3.543,0.27
002124,天邦食品,2.32,2.32,2.33,2.35,2.34,2.34,2.28,55413810.0,127881537.0,-1.277,-0.03
002125,湘潭电化,19.9,19.89,19.9,19.1,20.27,20.86,19.2,115823144.0,2322472596.0,4.188,0.8
002126,银轮股份,50.51,50.51,50.52,49.09,49.17,50.8,48.5,21242314.0,1063623042.0,2.893,1.42
002127,南极电商,2.7,2.7,2.71,2.75,2.75,2.75,2.68,31015339.0,83775534.0,-1.818,-0.05
002128,电投能源,24.95,24.95,24.96,26.99,26.59,26.75,24.8,42273784.0,1081490914.0,-7.558,-2.04
002129,TCL中环,10.33,10.32,10.33,10.26,10.21,10.49,10.16,242875964.0,2499885900.0,0.682,0.07
002130,沃尔核材,20.84,20.83,20.84,20.53,20.41,21.2,20.26,47473916.0,983256635.0,1.51,0.31
002131,利欧股份,5.44,5.43,5.44,5.38,5.38,5.47,5.28,246264088.0,1328617689.0,1.115,0.06
002132,恒星科技,5.26,5.25,5.26,5.31,5.3,5.36,5.2,43408522.0,229209911.0,-0.942,-0.05
002133,广宇集团,2.64,2.64,2.65,2.71,2.7,2.71,2.6,15002500.0,39478524.0,-2.583,-0.07
002134,天津普林,28.98,28.97,28.98,29.15,29.0,29.58,28.49,10947525.0,316731166.0,-0.583,-0.17
002135,东南网架,7.47,7.47,7.48,6.91,7.0,7.48,6.81,38560565.0,279831415.0,8.104,0.56
002136,安 纳 达,13.7,13.7,13.71,13.84,13.86,13.89,13.23,15285391.0,208216611.0,-1.012,-0.14
002137,实益达,9.84,9.84,9.85,10.12,10.15,10.16,9.63,79278371.0,780576301.0,-2.767,-0.28
002138,顺络电子,61.29,61.28,61.29,61.3,62.0,62.8,58.8,65207548.0,3952678981.0,-0.016,-0.01
002139,拓邦股份,9.93,9.93,9.94,9.68,9.68,10.15,9.55,28229303.0,278288954.0,2.583,0.25
002140,东华科技,10.14,10.14,10.15,10.12,10.2,10.38,10.0,5760900.0,58719656.0,0.198,0.02
002141,贤丰控股,3.89,3.89,0.0,3.54,3.52,3.89,3.49,110742061.0,422202211.0,9.887,0.35
002142,宁波银行,31.58,31.58,31.59,32.1,32.12,32.29,31.5,23001415.0,730455100.0,-1.62,-0.52
002144,宏达高科,10.96,10.95,10.96,11.08,11.08,11.11,10.74,3820700.0,41590641.0,-1.083,-0.12
002145,钛能化学,4.64,4.64,4.65,4.35,4.36,4.71,4.31,136191675.0,619443694.0,6.667,0.29
002146,荣盛发展,1.25,1.25,1.26,1.25,1.26,1.26,1.23,70506848.0,87498685.0,0.0,0.0
002148,北纬科技,6.37,6.36,6.37,6.31,6.3,6.41,6.14,12164756.0,76634384.0,0.951,0.06
002149,西部材料,58.83,58.82,58.83,59.8,61.01,61.86,58.82,61374287.0,3698863269.0,-1.622,-0.97
002150,正泰电源,26.03,26.03,26.04,25.96,26.31,26.74,25.59,14598024.0,381879994.0,0.27,0.07
002151,北斗星通,33.39,33.39,33.4,33.63,33.8,33.95,33.14,13180746.0,441220524.0,-0.714,-0.24
002152,广电运通,10.05,10.04,10.05,10.14,10.1,10.12,9.94,19838455.0,198956635.0,-0.888,-0.09
002153,石基信息,7.75,7.75,7.76,7.94,7.9,7.91,7.68,22435462.0,173924101.0,-2.393,-0.19
002154,报 喜 鸟,3.96,3.95,3.96,4.03,4.02,4.03,3.92,18153385.0,72087821.0,-1.737,-0.07
002155,湖南黄金,26.6,26.6,26.61,25.65,25.4,26.97,25.16,85708054.0,2244554608.0,3.704,0.95
002156,通富微电,62.93,62.92,62.93,61.54,62.41,63.5,61.74,124742380.0,7820788722.0,2.259,1.39
002157,正邦科技,3.06,3.05,3.06,3.09,3.08,3.09,3.03,112540763.0,342812827.0,-0.971,-0.03
002158,汉钟精机,30.53,30.52,30.53,28.65,29.21,30.88,29.0,19390502.0,584669042.0,6.562,1.88
002159,三特索道,13.53,13.52,13.53,13.9,13.88,13.88,13.44,3802090.0,51448119.0,-2.662,-0.37
002160,常铝股份,4.59,4.59,0.0,4.17,4.59,4.59,4.59,4480921.0,20567427.0,10.072,0.42
002161,远 望 谷,5.69,5.68,5.69,5.6,5.61,5.72,5.46,19612430.0,109782723.0,1.607,0.09
002162,悦心健康,3.67,3.67,3.68,3.66,3.66,3.69,3.6,8747177.0,31902196.0,0.273,0.01
002163,海南发展,9.46,9.45,9.46,9.42,9.4,9.52,9.22,18173580.0,170316419.0,0.425,0.04
002164,宁波东力,13.22,13.22,13.23,13.42,13.25,13.46,13.08,21246300.0,281356043.0,-1.49,-0.2
002165,红 宝 丽,7.77,7.77,7.78,7.87,7.73,8.06,7.56,106089879.0,823957975.0,-1.271,-0.1
002166,莱茵生物,7.35,7.34,7.35,7.48,7.43,7.45,7.29,7181500.0,52750771.0,-1.738,-0.13
002167,东方锆业,15.29,15.29,15.3,14.75,14.5,15.55,14.38,111832807.0,1690282052.0,3.661,0.54
002168,ST惠程,3.84,3.84,3.85,3.95,3.95,4.0,3.83,10556420.0,41035620.0,-2.785,-0.11
002169,智光电气,15.29,15.29,15.3,15.09,15.0,16.1,14.8,54760088.0,844390855.0,1.325,0.2
002170,芭田股份,11.53,11.52,11.53,11.77,11.69,11.76,11.48,16061488.0,186430980.0,-2.039,-0.24
002171,楚江新材,14.34,14.34,14.35,13.77,13.77,14.88,13.6,187685520.0,2669154874.0,4.139,0.57
002172,澳洋健康,3.09,3.08,3.09,3.08,3.08,3.1,3.02,14775100.0,45242936.0,0.325,0.01
002173,创新医疗,17.57,17.56,17.57,17.54,17.78,17.78,17.11,16087649.0,280072146.0,0.171,0.03
002174,游族网络,11.82,11.81,11.82,11.09,11.03,11.9,10.9,80344215.0,932807794.0,6.583,0.73
002175,*ST东智,2.17,2.16,2.17,2.2,2.21,2.23,2.09,40029260.0,85402176.0,-1.364,-0.03
002176,江特电机,11.76,11.76,11.77,11.36,11.22,11.85,11.0,181603542.0,2094324080.0,3.521,0.4
002177,御银股份,6.13,6.13,6.14,6.17,6.15,6.17,6.03,22777900.0,139117078.0,-0.648,-0.04
002178,延华智能,5.33,5.33,5.34,5.39,5.35,5.38,5.27,8354600.0,44438762.0,-1.113,-0.06
002179,中航光电,38.11,38.11,38.12,38.19,38.41,38.98,37.78,34777713.0,1331516017.0,-0.209,-0.08
002180,奔图科技,13.95,13.95,13.96,14.34,14.2,14.43,13.9,20327484.0,285155249.0,-2.72,-0.39
002181,粤 传 媒,12.0,11.99,12.0,12.3,12.15,12.22,11.58,96678879.0,1144436723.0,-2.439,-0.3
002182,宝武镁业,13.97,13.97,13.98,13.83,13.7,14.12,13.51,22875351.0,317198368.0,1.012,0.14
002183,怡 亚 通,5.67,5.66,5.67,5.43,5.4,5.77,5.39,150985265.0,848724108.0,4.42,0.24
002184,海得控制,10.87,10.86,10.87,10.57,10.55,11.09,10.32,10108654.0,108486860.0,2.838,0.3
002185,华天科技,17.82,17.82,17.83,17.13,17.3,18.05,17.2,344388823.0,6108893388.0,4.028,0.69
002186,全 聚 德,9.03,9.02,9.03,9.1,9.08,9.13,8.98,2312513.0,20914820.0,-0.769,-0.07
002187,广百股份,5.22,5.21,5.22,5.27,5.27,5.28,5.17,7727960.0,40228324.0,-0.949,-0.05
002188,中天服务,5.52,5.51,5.52,5.53,5.53,5.59,5.37,9833000.0,53951527.0,-0.181,-0.01
002189,中光学,21.15,21.14,21.15,20.43,20.28,21.32,20.28,5737336.0,120134260.0,3.524,0.72
002190,成飞集成,26.24,26.24,26.25,26.62,26.5,26.54,26.16,5865600.0,154073848.0,-1.427,-0.38
002191,劲嘉股份,3.84,3.84,3.85,3.76,3.76,3.85,3.7,20887636.0,79381338.0,2.128,0.08
002192,融捷股份,88.13,88.13,88.14,90.9,88.45,91.0,87.02,30195466.0,2684402264.0,-3.047,-2.77
002193,ST如意,5.05,5.05,0.0,4.81,4.99,5.05,4.86,4319903.0,21708712.0,4.99,0.24
002194,武汉凡谷,12.72,12.72,0.0,11.56,11.44,12.72,11.39,69402641.0,865445150.0,10.035,1.16
002195,岩山科技,7.24,7.24,7.25,7.08,7.14,7.32,7.03,170273469.0,1229513450.0,2.26,0.16
002196,方正电机,12.78,12.78,12.79,12.75,12.68,12.85,12.42,26723600.0,338990325.0,0.235,0.03
002197,证通电子,6.27,6.26,6.27,6.26,6.26,6.32,6.16,14479300.0,90267169.0,0.16,0.01
002198,ST嘉应,3.59,3.59,3.6,3.55,3.57,3.62,3.43,11194437.0,39361137.0,1.127,0.04
002199,*ST东晶,13.29,13.29,13.3,13.32,13.33,13.59,12.86,3743303.0,49214916.0,-0.225,-0.03
002200,交投生态,7.0,6.99,7.0,6.77,6.77,7.05,6.62,7092900.0,48957285.0,3.397,0.23
002201,九鼎新材,11.6,11.6,11.61,11.33,11.17,11.88,11.11,52939104.0,616826446.0,2.383,0.27
002202,金风科技,21.77,21.77,21.78,21.34,21.69,22.41,21.39,144330964.0,3155651562.0,2.015,0.43
002203,海亮股份,24.5,24.5,24.51,24.79,24.0,25.2,24.0,108707279.0,2673005964.0,-1.17,-0.29
002204,大连重工,5.68,5.68,5.69,5.71,5.7,5.73,5.65,15051300.0,85615777.0,-0.525,-0.03
002205,国统股份,11.31,11.31,11.33,11.4,11.4,11.45,11.11,2957732.0,33298110.0,-0.789,-0.09
002206,海 利 得,5.53,5.53,5.54,5.52,5.47,5.66,5.44,16593303.0,92189873.0,0.181,0.01
002207,*ST准油,7.56,7.56,0.0,7.2,7.55,7.56,7.25,24199800.0,181210423.0,5.0,0.36
002208,合肥城建,16.66,16.66,16.67,16.45,16.69,17.28,16.19,75341183.0,1249181640.0,1.277,0.21
002209,达 意 隆,11.42,11.42,11.43,11.38,11.31,11.51,11.14,3603201.0,40861101.0,0.351,0.04
002210,飞马国际,2.51,2.51,2.52,2.5,2.49,2.52,2.44,66655581.0,165542576.0,0.4,0.01
002211,ST宏达,3.71,3.71,3.72,3.86,3.81,3.85,3.7,6421400.0,24084672.0,-3.886,-0.15
002212,天融信,6.32,6.32,6.33,6.42,6.39,6.4,6.27,20899419.0,132084966.0,-1.558,-0.1
002213,大为股份,38.82,38.82,38.83,39.23,39.01,39.25,38.11,26684365.0,1032557568.0,-1.045,-0.41
002214,*ST大立,15.74,15.73,15.74,15.74,16.35,16.53,15.31,10576442.0,170358165.0,0.0,0.0
002215,诺 普 信,9.65,9.65,9.66,10.04,9.95,10.18,9.64,29099984.0,285425527.0,-3.884,-0.39
002216,三全食品,12.07,12.07,12.08,12.44,12.4,12.43,12.0,6865295.0,83043776.0,-2.974,-0.37
002217,合力泰,2.61,2.61,0.0,2.37,2.39,2.61,2.36,367631100.0,928960229.0,10.127,0.24
002218,拓日新能,4.35,4.34,4.35,4.26,4.25,4.38,4.2,42242255.0,182360889.0,2.113,0.09
002219,新里程,1.92,1.91,1.92,1.96,1.95,1.96,1.88,74825797.0,142584587.0,-2.041,-0.04
002221,东华能源,6.1,6.1,6.11,6.09,6.05,6.15,5.92,16860546.0,101582042.0,0.164,0.01
002222,福晶科技,100.1,100.09,100.1,96.29,96.29,101.72,95.03,42264466.0,4191912817.0,3.957,3.81
002223,鱼跃医疗,25.46,25.46,25.5,26.15,26.06,26.09,25.4,9849354.0,252420377.0,-2.639,-0.69
002224,三 力 士,3.62,3.61,3.62,3.58,3.57,3.62,3.51,9192084.0,32809335.0,1.117,0.04
002225,濮耐股份,4.23,4.23,4.24,4.22,4.2,4.35,4.12,65558900.0,277700070.0,0.237,0.01
002226,江南化工,5.02,5.01,5.02,4.9,4.89,5.03,4.75,31555018.0,153604825.0,2.449,0.12
002227,*ST特迅,7.17,7.17,0.0,6.83,6.83,7.17,6.75,6042801.0,41926196.0,4.978,0.34
002228,合兴包装,3.23,3.23,3.24,3.23,3.24,3.25,3.19,13598860.0,43786293.0,0.0,0.0
002229,鸿博股份,12.91,12.9,12.91,13.46,13.4,13.42,12.75,42565287.0,549786056.0,-4.086,-0.55
002230,科大讯飞,41.28,41.28,41.29,41.48,41.45,41.57,40.86,36357613.0,1498105600.0,-0.482,-0.2
002232,启明信息,15.21,15.21,15.22,15.25,15.25,15.39,15.1,4187265.0,63730364.0,-0.262,-0.04
002233,塔牌集团,7.57,7.57,7.58,7.75,7.72,7.72,7.53,8168600.0,62134101.0,-2.323,-0.18
002234,民和股份,7.08,7.08,7.09,7.09,7.09,7.12,6.92,5566821.0,39137132.0,-0.141,-0.01
002235,安妮股份,9.39,9.39,9.4,9.76,9.65,9.77,9.34,35314645.0,334655393.0,-3.791,-0.37
002236,大华股份,16.41,16.4,16.41,16.12,16.12,16.54,15.99,42515749.0,690951130.0,1.799,0.29
002237,恒邦股份,13.65,13.64,13.65,13.64,13.55,13.77,13.41,21954174.0,298723284.0,0.073,0.01
002238,天威视讯,5.9,5.89,5.9,5.94,5.94,5.94,5.78,6027756.0,35266703.0,-0.673,-0.04
002239,奥特佳,2.5,2.5,2.51,2.49,2.49,2.52,2.45,46947693.0,116830015.0,0.402,0.01
002240,盛新锂能,48.81,48.81,48.82,51.63,50.52,50.55,48.8,83972550.0,4148873438.0,-5.462,-2.82
002241,歌尔股份,23.35,23.34,23.35,23.56,23.33,23.61,23.31,70480468.0,1651436432.0,-0.891,-0.21
002242,九阳股份,8.53,8.53,8.54,8.57,8.53,8.59,8.45,5535547.0,47122542.0,-0.467,-0.04
002243,力合科创,7.33,7.33,7.34,7.15,7.17,7.49,6.99,25386902.0,184715880.0,2.517,0.18
002244,滨江集团,8.68,8.68,8.69,9.14,9.07,9.07,8.61,38610378.0,338681147.0,-5.033,-0.46
002245,蔚蓝锂芯,20.98,20.97,20.98,20.06,20.35,21.1,19.82,119022129.0,2448882967.0,4.586,0.92
002246,北化股份,20.65,20.65,20.66,20.73,20.73,21.1,20.44,15582669.0,323058380.0,-0.386,-0.08
002247,聚力文化,2.34,2.33,2.34,2.36,2.35,2.37,2.27,22407712.0,51797096.0,-0.847,-0.02
002248,华东数控,9.85,9.84,9.85,9.7,9.63,9.9,9.58,10381410.0,101507043.0,1.546,0.15
002249,大洋电机,8.29,8.28,8.29,8.15,8.13,8.35,8.1,37901581.0,312641041.0,1.718,0.14
002250,联化科技,13.98,13.97,13.98,14.14,14.05,14.17,13.76,14868475.0,207699878.0,-1.132,-0.16
002251,步步高,4.08,4.07,4.08,4.06,4.03,4.1,3.95,157297983.0,633780300.0,0.493,0.02
002252,上海莱士,4.79,4.79,4.8,4.93,4.91,4.93,4.77,64434097.0,309276388.0,-2.84,-0.14
002253,*ST智胜,11.12,11.11,11.12,10.97,10.86,11.22,10.86,3557100.0,39350144.0,1.367,0.15
002254,泰和新材,16.89,16.89,16.9,17.48,17.15,17.77,16.6,98641577.0,1681443439.0,-3.375,-0.59
002255,海陆重工,9.8,9.8,9.81,9.9,9.73,10.0,9.72,27164086.0,267321833.0,-1.01,-0.1
002256,兆新股份,4.21,4.2,4.21,4.19,4.19,4.23,4.07,74897454.0,311540612.0,0.477,0.02
002258,利尔化学,13.96,13.96,13.97,13.69,13.72,14.06,13.54,22006470.0,305858607.0,1.972,0.27
002259,升达林业,4.47,4.46,4.47,4.48,4.47,4.51,4.36,13799600.0,61198679.0,-0.223,-0.01
002261,拓维信息,30.01,30.01,30.02,30.19,29.85,30.2,29.41,54794741.0,1634991680.0,-0.596,-0.18
002262,恩华药业,19.13,19.13,19.14,19.48,19.4,19.44,19.02,6929486.0,132697796.0,-1.797,-0.35
002263,大东南,4.27,4.27,4.28,4.15,4.15,4.37,4.12,347546424.0,1470446705.0,2.892,0.12
002264,新 华 都,6.27,6.27,6.28,6.35,6.3,6.32,6.21,13265800.0,83083999.0,-1.26,-0.08
002265,建设工业,19.57,19.56,19.57,19.79,19.73,19.75,19.32,7996298.0,156188718.0,-1.112,-0.22
002266,浙富控股,4.97,4.96,4.97,4.95,4.93,4.99,4.85,77427307.0,382143381.0,0.404,0.02
002267,陕天然气,7.05,7.04,7.05,7.21,7.22,7.23,7.02,7976000.0,56538889.0,-2.219,-0.16
002268,电科网安,13.39,13.38,13.39,13.36,13.36,13.44,13.13,7457166.0,99147297.0,0.225,0.03
002269,美邦服饰,1.46,1.46,1.47,1.49,1.49,1.5,1.45,46327935.0,67600958.0,-2.013,-0.03
002270,华明装备,21.05,21.04,21.05,20.55,20.54,21.16,20.2,29489100.0,614039998.0,2.433,0.5
002271,东方雨虹,12.81,12.8,12.81,12.56,12.57,12.95,12.52,43193405.0,552055027.0,1.99,0.25
002272,川润股份,21.17,21.17,21.18,21.08,20.91,21.49,20.7,50365426.0,1062773232.0,0.427,0.09
002273,水晶光电,35.87,35.86,35.87,34.46,34.99,36.64,34.6,65491063.0,2335857111.0,4.092,1.41
002274,华昌化工,5.23,5.22,5.23,5.33,5.35,5.35,5.2,11041239.0,57851157.0,-1.876,-0.1
002275,桂林三金,12.4,12.4,12.42,12.63,12.61,12.63,12.36,2009097.0,24984639.0,-1.821,-0.23
002276,万马股份,11.14,11.14,11.15,11.11,11.07,11.25,10.96,17621369.0,195957152.0,0.27,0.03
002277,友阿股份,6.49,6.49,6.5,6.39,6.36,6.57,6.26,30276440.0,195023726.0,1.565,0.1
002278,神开股份,8.5,8.49,8.5,8.66,8.66,8.67,8.45,7836499.0,66725928.0,-1.848,-0.16
002279,久其软件,6.8,6.79,6.8,6.93,6.88,6.88,6.7,25618427.0,173533347.0,-1.876,-0.13
002281,光迅科技,230.01,230.01,230.02,225.47,233.5,237.89,226.0,56386761.0,13031305317.0,2.014,4.54
002282,博深股份,6.02,6.01,6.02,6.08,6.1,6.1,5.98,5067485.0,30509378.0,-0.987,-0.06
002283,天润工业,9.65,9.65,9.66,9.68,9.7,9.74,9.47,26175100.0,251269298.0,-0.31,-0.03
002284,亚太股份,10.84,10.83,10.84,10.88,10.8,10.96,10.65,11810979.0,127477025.0,-0.368,-0.04
002285,世联行,2.4,2.4,2.41,2.47,2.47,2.47,2.37,33996724.0,81642657.0,-2.834,-0.07
002286,保龄宝,9.21,9.21,9.22,9.46,9.45,9.45,9.13,9225200.0,85279666.0,-2.643,-0.25
002287,奇正藏药,20.38,20.38,20.39,20.57,20.64,20.68,20.25,1293102.0,26319078.0,-0.924,-0.19
002289,*ST宇顺,40.67,40.67,40.68,40.58,40.39,41.44,39.5,1577700.0,63852782.0,0.222,0.09
002290,禾盛新材,82.47,82.47,82.48,82.58,82.58,83.52,81.08,6453700.0,532095075.0,-0.133,-0.11
002291,遥望科技,5.44,5.43,5.44,5.32,5.54,5.69,5.4,40126552.0,221118379.0,2.256,0.12
002292,奥飞娱乐,6.71,6.7,6.71,6.8,6.76,6.8,6.66,22561627.0,151235456.0,-1.324,-0.09
002293,罗莱生活,10.12,10.12,10.13,10.34,10.35,10.42,10.03,6346560.0,64544537.0,-2.128,-0.22
002294,信立泰,30.35,30.34,30.35,31.32,31.2,31.24,30.17,21156055.0,643679646.0,-3.097,-0.97
002295,精艺股份,10.17,10.17,10.18,9.99,9.93,10.3,9.72,5545402.0,55519941.0,1.802,0.18
002296,辉煌科技,9.68,9.68,9.69,9.73,9.76,9.79,9.56,6940166.0,67137016.0,-0.514,-0.05
002297,博云新材,23.9,23.9,23.91,23.1,23.4,25.11,22.51,138065869.0,3328425385.0,3.463,0.8
002298,中电鑫龙,8.55,8.54,8.55,8.3,8.25,8.63,8.12,33849549.0,284471410.0,3.012,0.25
002299,圣农发展,16.09,16.08,16.09,16.47,16.4,16.41,15.98,8804800.0,141446631.0,-2.307,-0.38
002300,太阳电缆,7.72,7.71,7.72,7.63,7.64,7.81,7.53,15519473.0,119499042.0,1.18,0.09
002301,齐心集团,8.05,8.05,8.06,8.1,8.1,8.36,7.94,42581517.0,347221030.0,-0.617,-0.05
002302,西部建设,4.81,4.81,4.82,4.82,4.8,4.83,4.74,5929850.0,28396609.0,-0.207,-0.01
002303,美盈森,3.64,3.64,0.0,3.31,3.29,3.64,3.27,82512502.0,292208496.0,9.97,0.33
002304,洋河股份,42.8,42.8,42.81,43.09,43.0,43.25,42.18,6478598.0,276058452.0,-0.673,-0.29
002305,*ST南置,2.19,2.18,2.19,2.14,2.13,2.21,2.12,25087400.0,54344855.0,2.336,0.05
002306,ST云网,2.13,2.12,2.13,2.17,2.16,2.16,2.1,14552210.0,30944093.0,-1.843,-0.04
002307,北新路桥,3.72,3.71,3.72,3.71,3.7,3.74,3.65,12565099.0,46625570.0,0.27,0.01
002309,中利集团,3.31,3.31,3.32,3.23,3.23,3.33,3.19,129219830.0,423081540.0,2.477,0.08
002310,东方新能,2.5,2.49,2.5,2.48,2.49,2.5,2.43,94368300.0,232748208.0,0.806,0.02
002311,海大集团,42.5,42.5,42.52,44.38,44.11,44.33,42.26,15188808.0,652528790.0,-4.236,-1.88
002312,川发龙蟒,8.9,8.9,8.91,8.93,8.92,9.0,8.74,33271619.0,295824446.0,-0.336,-0.03
002313,日海智能,8.44,8.43,8.44,8.17,8.13,8.44,7.86,10841401.0,89141828.0,3.305,0.27
002314,南山控股,2.22,2.22,2.23,2.27,2.27,2.27,2.2,38298500.0,84944967.0,-2.203,-0.05
002315,焦点科技,24.93,24.93,24.94,25.14,25.14,25.14,24.68,4808200.0,119509135.0,-0.835,-0.21
002316,亚联发展,4.47,4.47,4.48,4.47,4.46,4.49,4.28,17967500.0,79166979.0,0.0,0.0
002317,众生药业,21.85,21.85,21.86,22.4,22.27,22.42,21.64,26469101.0,580816646.0,-2.455,-0.55
002318,久立特材,23.09,23.09,23.1,23.46,23.34,23.74,22.82,12493311.0,290725280.0,-1.577,-0.37
002319,乐通股份,11.84,11.83,11.84,11.12,11.1,11.99,10.81,16264101.0,187595144.0,6.475,0.72
002320,海峡股份,7.03,7.03,7.04,7.08,7.05,7.09,6.95,15535462.0,109002886.0,-0.706,-0.05
002321,华英农业,1.81,1.8,1.81,1.81,1.8,1.81,1.75,27964085.0,49768982.0,0.0,0.0
002322,理工能科,10.61,10.6,10.61,10.8,10.8,10.8,10.55,2693300.0,28618829.0,-1.759,-0.19
002323,*ST雅博,1.37,1.36,1.37,1.43,1.41,1.42,1.36,102956489.0,141268767.0,-4.196,-0.06
002324,普利特,13.07,13.06,13.07,12.8,12.87,13.41,12.78,32486139.0,425494117.0,2.109,0.27
002326,永太科技,22.43,22.43,22.44,21.89,21.88,22.78,21.3,42684153.0,943128481.0,2.467,0.54
002327,富安娜,6.94,6.94,6.95,7.1,7.1,7.1,6.88,7437600.0,51771764.0,-2.254,-0.16
002328,新朋股份,8.1,8.1,8.11,8.07,8.07,8.22,7.88,27179450.0,219387326.0,0.372,0.03
002329,皇氏集团,3.15,3.15,3.16,3.16,3.12,3.17,3.07,29928901.0,93320611.0,-0.316,-0.01
002330,得利斯,3.81,3.8,3.81,3.84,3.83,3.83,3.72,11280200.0,42537770.0,-0.781,-0.03
002331,皖通科技,8.28,8.28,8.29,8.26,8.2,8.39,8.12,7807550.0,64570881.0,0.242,0.02
002332,仙琚制药,8.42,8.42,8.43,8.63,8.58,8.63,8.38,10247300.0,86805455.0,-2.433,-0.21
002333,罗普斯金,5.02,5.01,5.02,4.96,4.98,5.09,4.95,5425300.0,27193003.0,1.21,0.06
002334,英威腾,8.61,8.6,8.61,8.28,8.31,8.85,8.22,47830916.0,410291561.0,3.986,0.33
002335,科华数据,39.03,39.02,39.03,39.23,39.24,39.48,38.77,28241256.0,1104905167.0,-0.51,-0.2
002337,赛象科技,4.98,4.97,4.98,5.03,5.03,5.04,4.9,7249800.0,36057061.0,-0.994,-0.05
002338,奥普光电,55.47,55.46,55.47,53.42,53.0,56.55,52.52,9877597.0,537557283.0,3.838,2.05
002339,积成电子,7.96,7.95,7.96,7.89,7.9,8.03,7.75,11552874.0,91392329.0,0.887,0.07
002340,格林美,7.63,7.62,7.63,7.58,7.57,7.74,7.51,161146184.0,1229987504.0,0.66,0.05
002342,巨力索具,10.42,10.42,10.43,10.28,10.48,10.6,10.18,62246099.0,647807213.0,1.362,0.14
002343,慈文传媒,4.92,4.9,4.92,4.92,4.89,4.93,4.8,7980120.0,38851244.0,0.0,0.0
002344,海宁皮城,3.84,3.84,3.85,3.85,3.84,3.94,3.77,10689000.0,41020587.0,-0.26,-0.01
002345,潮宏基,10.22,10.21,10.22,9.99,9.91,10.27,9.84,40713802.0,413095141.0,2.302,0.23
002346,柘中股份,18.01,18.01,0.0,16.37,16.48,18.01,16.32,6881801.0,120092452.0,10.018,1.64
002347,泰尔股份,6.63,6.62,6.63,6.53,6.53,6.66,6.42,14999400.0,98777992.0,1.531,0.1
002348,高乐股份,12.35,12.35,12.36,12.43,12.23,12.59,11.92,31142808.0,382839315.0,-0.644,-0.08
002349,精华制药,6.41,6.41,6.42,6.53,6.54,6.54,6.4,5120014.0,32908083.0,-1.838,-0.12
002350,北京科锐,16.06,16.05,16.06,15.45,15.15,16.58,14.86,27916917.0,446848446.0,3.948,0.61
002351,漫步者,10.25,10.24,10.25,10.2,10.18,10.37,10.05,8523111.0,87149015.0,0.49,0.05
002352,顺丰控股,32.46,32.46,32.47,33.59,33.5,33.5,32.3,44411547.0,1448876841.0,-3.364,-1.13
002353,杰瑞股份,152.51,152.51,152.54,154.87,153.33,159.48,151.87,17792874.0,2753552557.0,-1.524,-2.36
002354,天娱数科,7.26,7.25,7.26,7.5,7.31,7.41,6.85,434958073.0,3138447448.0,-3.2,-0.24
002355,兴民智通,4.95,4.95,4.96,4.94,4.94,5.02,4.77,20333446.0,99579861.0,0.202,0.01
002356,赫美集团,3.26,3.25,3.26,3.19,3.19,3.32,3.16,41851620.0,136053701.0,2.194,0.07
002357,富临运业,9.78,9.77,9.78,9.43,9.52,9.84,9.22,9817500.0,94064631.0,3.712,0.35
002358,森源电气,6.2,6.19,6.2,5.97,5.97,6.36,5.9,32323390.0,199000350.0,3.853,0.23
002360,ST同德,5.47,5.46,5.47,5.5,5.46,5.51,5.31,5038100.0,27299704.0,-0.545,-0.03
002361,神剑股份,16.07,16.07,16.08,15.93,16.18,16.69,15.46,202389950.0,3254413646.0,0.879,0.14
002362,汉王科技,18.64,18.63,18.64,18.63,18.31,18.88,18.11,12373786.0,229346016.0,0.054,0.01
002363,隆基机械,6.76,6.75,6.76,6.78,6.78,6.81,6.62,5260400.0,35327333.0,-0.295,-0.02
002364,中恒电气,52.24,52.24,52.25,51.16,52.0,53.76,51.06,42610941.0,2250088757.0,2.111,1.08
002365,永安药业,11.01,11.01,11.02,10.87,10.79,11.02,10.68,7425953.0,80742490.0,1.288,0.14
002366,融发核电,6.24,6.24,6.25,6.15,6.16,6.34,6.15,41421731.0,259324658.0,1.463,0.09
002367,康力电梯,5.24,5.24,5.25,5.33,5.32,5.33,5.19,9545100.0,49912435.0,-1.689,-0.09
002368,太极股份,17.03,17.02,17.03,16.23,16.11,17.27,16.08,17226301.0,289636950.0,4.929,0.8
002369,卓翼科技,6.12,6.12,6.13,6.03,6.04,6.18,5.89,16708524.0,101123493.0,1.493,0.09
002370,亚太药业,5.15,5.15,5.16,5.24,5.21,5.23,5.1,15351396.0,78931339.0,-1.718,-0.09
002371,北方华创,672.19,672.18,672.19,682.22,680.0,681.9,660.36,8676840.0,5816489200.0,-1.47,-10.03
002372,伟星新材,8.74,8.74,8.75,9.15,9.14,9.14,8.72,19042733.0,168032905.0,-4.481,-0.41
002373,千方科技,7.64,7.64,7.65,7.56,7.54,7.68,7.43,19444374.0,147236845.0,1.058,0.08
002374,中锐股份,3.19,3.18,3.19,3.18,3.18,3.22,3.1,20052625.0,63380087.0,0.314,0.01
002375,亚厦股份,3.7,3.7,3.71,3.78,3.78,3.78,3.68,16197599.0,60039852.0,-2.116,-0.08
002376,新北洋,6.2,6.2,6.21,6.15,6.14,6.21,6.02,9452815.0,57926766.0,0.813,0.05
002377,国创高新,2.73,2.73,2.74,2.8,2.81,2.83,2.7,22347400.0,61002272.0,-2.5,-0.07
002378,章源钨业,37.88,37.88,37.89,37.4,36.32,39.88,36.01,146302115.0,5599150026.0,1.283,0.48
002379,宏桥控股,16.82,16.82,16.83,17.3,17.04,17.5,16.68,44111288.0,749887411.0,-2.775,-0.48
002380,科远智慧,37.38,37.38,37.39,37.39,37.35,38.12,37.01,5958651.0,223363196.0,-0.027,-0.01
002381,双箭股份,5.58,5.58,5.6,5.57,5.55,5.61,5.43,5283627.0,29149674.0,0.18,0.01
002382,蓝帆医疗,5.49,5.48,5.49,5.6,5.6,5.6,5.43,15335002.0,84237699.0,-1.964,-0.11
002383,合众思壮,7.37,7.37,7.38,7.4,7.38,7.42,7.28,9166402.0,67398305.0,-0.405,-0.03
002384,东山精密,249.06,249.06,249.07,239.31,244.0,253.1,235.88,102516711.0,24938544485.0,4.074,9.75
002385,大北农,2.98,2.98,2.99,3.01,3.01,3.01,2.93,87852158.0,260526264.0,-0.997,-0.03
002386,天原股份,5.88,5.87,5.88,5.85,5.85,5.92,5.79,17380095.0,101857216.0,0.513,0.03
002387,维信诺,8.52,8.51,8.52,8.42,8.4,8.66,8.31,32300115.0,274453699.0,1.188,0.1
002388,新亚制程,5.41,5.41,5.42,5.17,5.16,5.45,5.03,39703500.0,209234312.0,4.642,0.24
002389,航天彩虹,19.16,19.16,19.17,18.99,18.96,19.17,18.75,16038582.0,304682107.0,0.895,0.17
002390,信邦制药,2.81,2.81,2.82,2.88,2.87,2.88,2.8,21955100.0,61881874.0,-2.431,-0.07
002391,长青股份,5.2,5.19,5.2,5.29,5.27,5.28,5.1,9014361.0,46593229.0,-1.701,-0.09
002392,北京利尔,8.09,8.09,8.1,8.0,8.06,8.25,7.8,29285800.0,234858218.0,1.125,0.09
002393,力生制药,14.58,14.57,14.58,14.37,14.4,14.93,14.4,3512223.0,51179395.0,1.461,0.21
002394,联发股份,9.33,9.31,9.33,9.38,9.33,9.4,9.16,4792000.0,44429302.0,-0.533,-0.05
002395,双象股份,13.29,13.29,13.3,13.5,13.5,13.6,13.12,6362380.0,84530134.0,-1.556,-0.21
002396,星网锐捷,18.86,18.86,18.87,18.87,18.94,19.03,18.55,22919685.0,431140274.0,-0.053,-0.01
002397,梦洁股份,4.35,4.35,4.36,4.24,4.27,4.38,4.14,16946500.0,72056862.0,2.594,0.11
002398,垒知集团,4.12,4.11,4.12,4.14,4.11,4.15,4.06,10004002.0,41029736.0,-0.483,-0.02
002399,海普瑞,9.1,9.1,9.11,9.2,9.2,9.23,9.05,3465819.0,31527919.0,-1.087,-0.1
002400,省广集团,7.14,7.14,7.15,7.12,7.07,7.18,6.95,62114569.0,440367900.0,0.281,0.02
002401,中远海科,12.99,12.99,13.0,12.97,12.95,13.02,12.47,6397200.0,81561630.0,0.154,0.02
002402,和而泰,25.21,25.21,25.22,24.86,24.99,25.53,24.92,29260193.0,739667618.0,1.408,0.35
002403,爱仕达,10.04,10.04,10.05,9.69,9.65,10.23,9.33,10361952.0,101850407.0,3.612,0.35
002404,嘉欣丝绸,6.22,6.21,6.22,6.34,6.33,6.33,6.16,14022100.0,87224609.0,-1.893,-0.12
002405,四维图新,7.36,7.36,7.37,7.48,7.45,7.47,7.28,51379583.0,377996234.0,-1.604,-0.12
002406,远东传动,7.51,7.51,7.52,7.42,7.43,7.63,7.4,24742600.0,185630171.0,1.213,0.09
002407,多氟多,39.33,39.33,39.34,40.14,39.0,41.5,38.51,213323824.0,8504305409.0,-2.018,-0.81
002408,齐翔腾达,5.01,5.01,5.02,4.98,4.96,5.07,4.86,27280457.0,135758305.0,0.602,0.03
002409,雅克科技,137.76,137.76,137.77,138.83,137.45,143.6,135.05,36613926.0,5070951747.0,-0.771,-1.07
002410,广联达,8.83,8.83,8.84,9.05,9.0,9.02,8.8,30581036.0,271271482.0,-2.431,-0.22
002412,汉森制药,6.02,6.02,6.03,6.29,6.27,6.27,5.94,18377800.0,110581709.0,-4.293,-0.27
002413,雷科防务,10.36,10.35,10.36,10.33,10.5,10.55,10.26,46571256.0,483084659.0,0.29,0.03
002414,高德红外,13.46,13.46,13.47,13.68,13.68,13.7,13.36,58801071.0,793591603.0,-1.608,-0.22
002415,海康威视,32.2,32.19,32.2,30.71,30.78,32.59,30.6,105785466.0,3343731925.0,4.852,1.49
002416,爱施德,11.06,11.06,11.07,11.03,10.99,11.28,10.83,25964426.0,286571211.0,0.272,0.03
002418,康盛股份,4.39,4.38,4.39,4.28,4.27,4.44,4.22,58509900.0,254698387.0,2.57,0.11
002419,天虹股份,4.54,4.53,4.54,4.64,4.64,4.65,4.49,14111900.0,64114150.0,-2.155,-0.1
002420,毅昌科技,5.74,5.74,5.75,5.77,5.77,5.82,5.58,13442864.0,76400416.0,-0.52,-0.03
002421,达实智能,4.15,4.14,4.15,4.01,4.08,4.21,3.87,627553738.0,2543011809.0,3.491,0.14
002422,科伦药业,36.0,35.99,36.0,36.49,36.45,36.57,35.75,11360922.0,408867359.0,-1.343,-0.49
002423,中粮资本,9.09,9.09,9.1,9.16,9.1,9.14,9.01,11046788.0,100246789.0,-0.764,-0.07
002424,ST百灵,4.4,4.4,4.41,4.44,4.44,4.44,4.36,5168100.0,22681329.0,-0.901,-0.04
002425,凯撒文化,2.83,2.82,2.83,2.86,2.85,2.85,2.78,14479402.0,40764761.0,-1.049,-0.03
002426,胜利精密,4.1,4.1,4.11,3.86,3.94,4.18,3.87,486838261.0,1967659209.0,6.218,0.24
002427,尤夫股份,4.5,4.49,4.5,4.54,4.53,4.54,4.37,15043413.0,67125710.0,-0.881,-0.04
002428,云南锗业,101.2,101.2,101.21,101.49,103.33,108.66,100.0,144621308.0,15027228072.0,-0.286,-0.29
002429,兆驰股份,11.82,11.82,11.83,11.16,11.24,11.96,11.1,113903360.0,1324734013.0,5.914,0.66
002430,杭氧股份,27.3,27.3,27.31,26.35,26.5,27.6,26.5,30225201.0,820014633.0,3.605,0.95
002431,ST棕榈,1.53,1.53,1.54,1.51,1.52,1.54,1.48,18937719.0,28576058.0,1.325,0.02
002432,九安医疗,70.9,70.9,70.91,66.99,70.41,71.86,69.1,39147585.0,2769285331.0,5.837,3.91
002434,万里扬,7.2,7.19,7.2,7.38,7.35,7.36,7.18,21695674.0,157212837.0,-2.439,-0.18
002436,兴森科技,44.1,44.1,0.0,40.09,39.99,44.1,39.68,201324358.0,8688812045.0,10.002,4.01
002437,誉衡药业,2.64,2.64,2.65,2.68,2.67,2.68,2.62,49835457.0,131701101.0,-1.493,-0.04
002438,江苏神通,15.9,15.9,15.91,15.5,15.51,16.4,15.51,11868964.0,189396535.0,2.581,0.4
002439,启明星辰,13.07,13.07,13.08,12.73,12.73,13.16,12.44,39765162.0,510215290.0,2.671,0.34
002440,闰土股份,9.72,9.71,9.72,9.98,9.93,10.14,9.7,88397443.0,879212847.0,-2.605,-0.26
002441,众业达,8.54,8.53,8.54,8.53,8.53,8.63,8.44,5480804.0,46771052.0,0.117,0.01
002442,龙星科技,5.16,5.16,5.17,5.22,5.28,5.28,5.1,18268267.0,94299901.0,-1.149,-0.06
002443,金洲管道,11.7,11.7,11.71,10.85,10.78,11.94,10.51,44735315.0,508885305.0,7.834,0.85
002444,巨星科技,30.62,30.62,30.63,31.8,31.71,31.82,30.28,13961800.0,432082438.0,-3.711,-1.18
002445,中南文化,3.27,3.26,3.27,3.21,3.19,3.29,3.13,97944633.0,315113309.0,1.869,0.06
002446,盛路通信,11.77,11.77,0.0,10.7,11.01,11.77,10.95,72838162.0,838174148.0,10.0,1.07
002448,中原内配,13.2,13.19,13.2,13.39,13.39,13.41,13.1,10868605.0,143610199.0,-1.419,-0.19
002449,国星光电,8.29,8.29,0.0,7.54,8.29,8.29,8.29,16783900.0,139138531.0,9.947,0.75
002451,摩恩电气,8.01,8.01,8.02,7.87,7.88,8.1,7.71,9656400.0,76863814.0,1.779,0.14
002452,长高电气,11.22,11.22,11.23,11.13,11.18,11.34,11.06,15209654.0,170710196.0,0.809,0.09
002453,华软科技,5.24,5.23,5.24,5.19,5.18,5.3,5.03,13140137.0,68341793.0,0.963,0.05
002454,松芝股份,5.49,5.49,5.5,5.47,5.45,5.55,5.36,10323469.0,56398534.0,0.366,0.02
002455,百川股份,8.38,8.38,8.39,8.17,8.12,8.5,8.05,45619160.0,379831298.0,2.57,0.21
002456,欧菲光,9.36,9.35,9.36,8.93,8.89,9.63,8.7,170355212.0,1571183463.0,4.815,0.43
002457,青龙管业,13.34,13.34,13.35,12.98,12.86,13.44,12.75,46497325.0,609342597.0,2.773,0.36
002458,益生股份,8.26,8.25,8.26,8.35,8.3,8.33,8.07,18982861.0,155482797.0,-1.078,-0.09
002459,晶澳科技,8.69,8.68,8.69,8.7,8.62,8.74,8.53,52152918.0,451255297.0,-0.115,-0.01
002460,赣锋锂业,71.45,71.45,71.46,71.32,70.51,72.48,69.04,63531170.0,4508865221.0,0.182,0.13
002461,珠江啤酒,8.9,8.9,8.91,9.16,9.09,9.1,8.87,14034547.0,125182181.0,-2.838,-0.26
002462,嘉事堂,13.75,13.75,13.77,13.73,13.73,13.9,13.56,9340201.0,128537112.0,0.146,0.02
002463,沪电股份,140.64,140.64,140.65,133.76,134.2,144.65,134.04,110149555.0,15332666434.0,5.144,6.88
002465,海格通信,13.9,13.89,13.9,13.83,13.99,14.3,13.83,89871493.0,1256971202.0,0.506,0.07
002466,天齐锂业,63.99,63.99,64.0,63.72,63.14,65.0,62.0,79503432.0,5056334245.0,0.424,0.27
002467,二六三,5.35,5.34,5.35,5.3,5.3,5.35,5.19,46082822.0,243619770.0,0.943,0.05
002468,申通快递,13.46,13.45,13.46,13.98,13.94,13.94,13.23,29806935.0,402302551.0,-3.72,-0.52
002469,三维化学,6.8,6.8,6.81,6.98,6.91,6.98,6.77,20493194.0,139930204.0,-2.579,-0.18
002470,金正大,2.24,2.23,2.24,2.21,2.2,2.24,2.16,122796430.0,270965761.0,1.357,0.03
002471,中超控股,7.12,7.12,7.13,7.14,7.21,7.27,7.09,65005452.0,466475434.0,-0.28,-0.02
002472,双环传动,42.31,42.31,42.32,42.81,42.83,43.35,42.06,27420325.0,1169623205.0,-1.168,-0.5
002474,榕基软件,6.98,6.98,6.99,7.16,7.11,7.13,6.94,22159181.0,155200921.0,-2.514,-0.18
002475,立讯精密,67.26,67.26,67.27,68.15,68.15,68.7,66.45,159415022.0,10757497506.0,-1.306,-0.89
002476,新叶股份,5.43,5.43,5.44,5.39,5.45,5.58,5.34,13711700.0,74775224.0,0.742,0.04
002478,常宝股份,7.09,7.09,7.1,7.06,7.04,7.16,6.98,19403379.0,137267609.0,0.425,0.03
002479,富春环保,4.83,4.82,4.83,4.79,4.77,4.89,4.7,15285401.0,73142897.0,0.835,0.04
002480,新筑股份,5.66,5.66,5.67,5.61,5.61,5.73,5.55,8466200.0,47848027.0,0.891,0.05
002481,双塔食品,4.03,4.03,4.04,4.03,4.04,4.08,3.94,10160918.0,40554737.0,0.0,0.0
002482,广田集团,1.4,1.4,1.41,1.4,1.4,1.41,1.36,79154301.0,109448111.0,0.0,0.0
002483,润邦股份,5.35,5.34,5.35,5.45,5.42,5.46,5.3,8393160.0,44881142.0,-1.835,-0.1
002484,江海股份,95.4,95.4,0.0,86.73,88.29,95.4,87.33,49574272.0,4632179523.0,9.997,8.67
002485,ST雪发,4.74,4.73,4.74,4.7,4.73,4.84,4.6,4706370.0,22231972.0,0.851,0.04
002486,嘉麟杰,2.31,2.31,2.32,2.33,2.33,2.33,2.26,22288029.0,51115383.0,-0.858,-0.02
002487,大金重工,60.2,60.2,60.21,59.32,59.7,62.46,58.51,27100777.0,1636898122.0,1.483,0.88
002488,金固股份,9.87,9.86,9.87,9.94,9.96,10.1,9.71,20393410.0,202325008.0,-0.704,-0.07
002489,浙江永强,3.18,3.17,3.18,3.23,3.23,3.23,3.14,34337916.0,108729748.0,-1.548,-0.05
002490,山东墨龙,7.84,7.84,7.85,8.22,8.05,8.07,7.7,55424926.0,432831981.0,-4.623,-0.38
002491,通鼎互联,26.1,26.09,26.1,24.13,24.37,26.54,23.91,246822890.0,6355804818.0,8.164,1.97
002492,恒基达鑫,5.64,5.63,5.64,5.88,5.88,5.88,5.6,10295000.0,58538414.0,-4.082,-0.24
002493,荣盛石化,11.65,11.64,11.65,11.95,11.79,12.05,11.58,51182745.0,601900133.0,-2.51,-0.3
002494,华斯股份,4.92,4.92,4.93,4.93,4.92,4.95,4.75,14638900.0,71087010.0,-0.203,-0.01
002495,佳隆股份,2.27,2.26,2.27,2.29,2.29,2.3,2.21,24124760.0,54120106.0,-0.873,-0.02
002496,*ST辉丰,2.36,2.36,2.37,2.33,2.33,2.38,2.23,18824620.0,43556586.0,1.288,0.03
002497,雅化集团,22.89,22.89,22.9,23.01,22.9,23.37,22.35,42200158.0,964580065.0,-0.522,-0.12
002498,汉缆股份,7.85,7.85,7.86,7.54,7.53,7.94,7.46,111382579.0,864626660.0,4.111,0.31
002500,山西证券,5.24,5.24,5.25,5.27,5.26,5.29,5.21,26677065.0,140135783.0,-0.569,-0.03
002501,*ST利源,1.5,1.5,1.51,1.51,1.49,1.51,1.45,34522601.0,50744150.0,-0.662,-0.01
002506,协鑫集成,3.33,3.32,3.33,3.27,3.3,3.37,3.22,306217139.0,1012204651.0,1.835,0.06
002507,涪陵榨菜,11.67,11.66,11.67,11.78,11.75,11.82,11.6,7641210.0,89233632.0,-0.934,-0.11
002508,老板电器,16.04,16.04,16.05,16.3,16.35,16.35,15.88,8191903.0,130960150.0,-1.595,-0.26
002510,天汽模,6.28,6.27,6.28,6.43,6.38,6.39,6.27,19744787.0,124487969.0,-2.333,-0.15
002511,中顺洁柔,6.98,6.97,6.98,7.1,7.08,7.08,6.92,10449287.0,72718518.0,-1.69,-0.12
002512,ST达华,4.26,4.25,4.26,4.09,4.11,4.29,4.05,43019027.0,180013599.0,4.156,0.17
002513,蓝丰生化,5.43,5.43,5.44,5.45,5.48,5.49,5.23,16658500.0,89200357.0,-0.367,-0.02
002514,*ST宝馨,3.21,3.21,0.0,3.06,3.21,3.21,3.09,54816522.0,174414853.0,4.902,0.15
002515,金字火腿,9.11,9.11,0.0,8.28,8.82,9.11,8.5,66938398.0,601598682.0,10.024,0.83
002516,旷达科技,6.24,6.23,6.24,6.21,6.18,6.32,6.15,22244800.0,138336942.0,0.483,0.03
002517,恺英网络,14.73,14.73,14.74,14.98,14.89,15.01,14.68,38284075.0,567717758.0,-1.669,-0.25
002518,科士达,50.85,50.85,50.86,48.85,49.3,51.36,48.85,21083969.0,1062556067.0,4.094,2.0
002519,银河电子,6.46,6.46,6.47,6.34,6.37,6.5,6.28,37591421.0,241633783.0,1.893,0.12
002520,日发精机,6.93,6.92,6.93,6.68,6.66,6.93,6.61,65026584.0,443261440.0,3.743,0.25
002521,齐峰新材,6.99,6.98,6.99,7.12,7.08,7.18,6.92,4110330.0,28734961.0,-1.826,-0.13
002522,浙江众成,7.41,7.4,7.41,7.42,7.42,7.54,7.28,78478654.0,580032544.0,-0.135,-0.01
002523,天桥起重,3.3,3.3,3.31,3.33,3.32,3.33,3.27,15234030.0,50231794.0,-0.901,-0.03
002524,光正眼科,3.49,3.49,3.5,3.51,3.5,3.53,3.36,14969500.0,51560448.0,-0.57,-0.02
002526,山东矿机,2.92,2.92,2.93,2.94,2.93,2.94,2.89,16112026.0,46922843.0,-0.68,-0.02
002527,新时达,14.19,14.18,14.19,13.89,13.81,14.75,13.51,27097933.0,384506797.0,2.16,0.3
002528,*ST英飞,4.76,4.76,4.77,4.96,4.9,4.97,4.71,13037145.0,62607389.0,-4.032,-0.2
002529,海源复材,8.4,8.4,8.41,7.82,7.82,8.45,7.58,14189880.0,114049045.0,7.417,0.58
002530,金财互联,7.62,7.61,7.62,7.77,7.72,7.75,7.59,15876117.0,121055710.0,-1.931,-0.15
002531,天顺风能,9.55,9.54,9.55,9.45,9.38,9.88,9.32,42316366.0,405772301.0,1.058,0.1
002532,天山铝业,12.71,12.7,12.71,13.52,13.24,13.26,12.54,159318673.0,2050955616.0,-5.991,-0.81
002533,金杯电工,11.57,11.57,11.58,11.45,11.48,11.71,11.35,10583900.0,122255212.0,1.048,0.12
002534,西子洁能,21.0,21.0,21.01,20.51,20.56,21.36,20.37,15371988.0,322744324.0,2.389,0.49
002535,林州重机,2.47,2.46,2.47,2.48,2.48,2.5,2.39,22719896.0,55506761.0,-0.403,-0.01
002536,飞龙股份,45.33,45.32,45.33,45.22,45.57,46.66,44.97,33901259.0,1554083030.0,0.243,0.11
002537,海联金汇,5.96,5.96,5.97,6.09,6.06,6.09,5.92,15775540.0,94211900.0,-2.135,-0.13
002538,ST司特,6.06,6.05,6.06,6.12,6.09,6.1,6.02,8402000.0,50823426.0,-0.98,-0.06
002539,云图控股,12.23,12.22,12.23,12.53,12.44,12.6,12.17,17119981.0,211686404.0,-2.394,-0.3
002540,亚太科技,5.19,5.18,5.19,5.25,5.2,5.25,5.15,8811300.0,45665880.0,-1.143,-0.06
002541,鸿路钢构,16.79,16.78,16.79,17.38,17.28,17.58,16.62,10885881.0,183756743.0,-3.395,-0.59
002542,*ST中岩,1.52,1.51,1.52,1.49,1.48,1.53,1.45,25855809.0,38575876.0,2.013,0.03
002543,万和电气,6.74,6.74,6.75,6.85,6.83,6.84,6.68,3190579.0,21508371.0,-1.606,-0.11
002544,普天科技,20.15,20.15,20.16,19.81,19.82,20.45,19.62,15369589.0,309468812.0,1.716,0.34
002545,东方铁塔,19.76,19.75,19.76,20.82,20.95,21.03,19.57,45797960.0,927221757.0,-5.091,-1.06
002546,新联电子,7.01,7.01,7.02,6.95,6.95,7.08,6.84,18532300.0,129268057.0,0.863,0.06
002547,*ST春兴,3.21,3.2,3.21,3.33,3.33,3.35,3.16,44757997.0,143544236.0,-3.604,-0.12
002548,金新农,4.04,4.03,4.04,3.97,3.96,4.07,3.92,26212588.0,104934204.0,1.763,0.07
002549,凯美特气,17.83,17.83,17.84,17.21,17.23,17.85,16.91,54238564.0,953223963.0,3.603,0.62
002550,千红制药,5.82,5.81,5.82,5.9,5.87,5.88,5.77,9571600.0,55526365.0,-1.356,-0.08
002551,尚荣医疗,2.91,2.91,2.92,2.91,2.91,2.93,2.83,13154655.0,37915733.0,0.0,0.0
002552,宝鼎科技,70.93,70.93,0.0,64.48,66.4,70.93,65.98,4123201.0,285395012.0,10.003,6.45
002553,南方精工,17.93,17.92,17.93,18.32,18.24,18.3,17.67,9064827.0,162025965.0,-2.129,-0.39
002554,惠博普,3.22,3.21,3.22,3.23,3.26,3.27,3.14,25333600.0,80844101.0,-0.31,-0.01
002555,三七互娱,17.83,17.82,17.83,18.19,18.08,18.14,17.75,29454289.0,527421484.0,-1.979,-0.36
002556,辉隆股份,5.07,5.07,5.08,5.12,5.1,5.12,5.03,7931974.0,40139875.0,-0.977,-0.05
002557,洽洽食品,19.89,19.89,19.9,20.53,20.4,20.4,19.79,8456798.0,168795943.0,-3.117,-0.64
002558,巨人网络,24.28,24.28,24.29,24.31,24.33,24.73,23.98,41145801.0,1003807257.0,-0.123,-0.03
002559,亚威股份,10.31,10.31,10.32,10.06,9.99,10.35,9.95,37163995.0,378661318.0,2.485,0.25
002560,通达股份,8.43,8.43,8.44,8.41,8.41,8.49,8.25,32248703.0,270851385.0,0.238,0.02
002561,徐家汇,6.98,6.98,6.99,6.97,6.97,7.01,6.82,4081700.0,28113998.0,0.143,0.01
002562,兄弟科技,4.84,4.83,4.84,4.89,4.88,4.89,4.79,14995150.0,72394348.0,-1.022,-0.05
002563,森马服饰,5.36,5.35,5.36,5.41,5.4,5.43,5.3,20686200.0,111072283.0,-0.924,-0.05
002564,天沃科技,4.82,4.81,4.82,4.75,4.75,4.92,4.68,17859900.0,86146076.0,1.474,0.07
002565,顺灏股份,13.49,13.48,13.49,13.7,14.0,14.1,13.41,64563596.0,878717454.0,-1.533,-0.21
002566,益盛药业,6.68,6.67,6.68,6.81,6.76,6.84,6.57,5602300.0,37237744.0,-1.909,-0.13
002567,唐人神,3.45,3.45,3.46,3.54,3.53,3.53,3.43,15895825.0,54955393.0,-2.542,-0.09
002568,百润股份,19.49,19.48,19.49,19.49,19.44,19.65,18.91,20267853.0,389150102.0,0.0,0.0
002569,*ST步森,16.21,16.21,16.24,16.65,16.66,16.84,16.17,1768200.0,28948873.0,-2.643,-0.44
002570,贝因美,4.79,4.79,4.8,4.88,4.85,4.86,4.77,27943766.0,133951404.0,-1.844,-0.09
002571,德力股份,11.69,11.69,11.7,11.19,11.1,12.25,11.01,14396204.0,167952124.0,4.468,0.5
002572,索菲亚,8.31,8.31,8.32,8.5,8.48,8.48,8.22,9139600.0,75885305.0,-2.235,-0.19
002573,清新环境,3.25,3.25,3.26,3.27,3.26,3.27,3.23,4882500.0,15863539.0,-0.612,-0.02
002574,明牌珠宝,4.7,4.69,4.7,4.74,4.74,4.75,4.61,4483487.0,20961359.0,-0.844,-0.04
002575,群兴玩具,5.96,5.96,5.97,6.17,6.1,6.1,5.85,42631149.0,253311893.0,-3.404,-0.21
002576,通达动力,16.11,16.11,16.12,16.34,16.3,16.33,15.93,4732983.0,76129177.0,-1.408,-0.23
002577,雷柏科技,18.39,18.39,18.4,18.46,18.4,18.89,18.14,4326175.0,79795583.0,-0.379,-0.07
002578,闽发铝业,3.75,3.74,3.75,3.67,3.64,3.77,3.59,34444257.0,126805261.0,2.18,0.08
002579,中京电子,16.79,16.79,16.8,16.35,16.43,16.92,16.21,118608347.0,1975910235.0,2.691,0.44
002580,圣阳股份,21.6,21.6,21.61,21.61,22.0,22.35,21.42,70915386.0,1550305705.0,-0.046,-0.01
002581,*ST未名,3.74,3.74,0.0,3.56,3.57,3.74,3.39,11148902.0,39770484.0,5.056,0.18
002582,好想你,9.37,9.37,9.38,9.61,9.55,9.6,9.34,12417800.0,116739068.0,-2.497,-0.24
002583,海能达,9.17,9.16,9.17,9.5,9.4,9.41,9.1,39891653.0,366954870.0,-3.474,-0.33
002584,西陇科学,8.5,8.49,8.5,8.25,8.14,8.61,8.08,68854641.0,578291920.0,3.03,0.25
002585,双星新材,14.01,14.01,0.0,12.74,13.77,14.01,13.74,61647658.0,859728910.0,9.969,1.27
002586,ST围海,3.82,3.82,3.84,3.92,3.92,3.92,3.77,5597200.0,21346574.0,-2.551,-0.1
002587,奥拓电子,6.99,6.98,6.99,6.79,6.78,7.04,6.59,35562315.0,244880775.0,2.946,0.2
002588,史丹利,8.74,8.73,8.74,8.96,8.92,8.93,8.68,12811904.0,112396010.0,-2.455,-0.22
002589,瑞康医药,2.69,2.69,2.7,2.72,2.71,2.72,2.66,22590697.0,60604410.0,-1.103,-0.03
002590,万安科技,11.21,11.2,11.21,11.21,11.21,11.28,11.02,6590273.0,73622908.0,0.0,0.0
002591,恒大高新,7.2,7.19,7.2,7.1,7.16,7.35,6.99,9864900.0,70478830.0,1.408,0.1
002592,ST八菱,6.67,6.66,6.67,6.73,6.74,6.79,6.52,2290000.0,15166311.0,-0.892,-0.06
002593,日上集团,4.53,4.53,4.54,4.54,4.56,4.57,4.42,13561900.0,60769603.0,-0.22,-0.01
002594,比亚迪,89.64,89.64,89.65,90.82,90.35,90.5,89.5,33601868.0,3017362613.0,-1.299,-1.18
002595,豪迈科技,48.09,48.09,48.1,49.37,49.49,50.77,47.89,9340907.0,456886497.0,-2.593,-1.28
002596,海南瑞泽,3.58,3.57,3.58,3.6,3.6,3.64,3.52,20212808.0,71992558.0,-0.556,-0.02
002597,金禾实业,21.05,21.03,21.05,22.08,21.9,22.25,20.72,13149700.0,280751277.0,-4.665,-1.03
002598,ST章鼓,7.31,7.3,7.31,7.19,7.25,7.33,7.13,2914700.0,21115564.0,1.669,0.12
002599,盛通股份,5.81,5.81,5.82,5.79,5.76,5.85,5.66,10187110.0,58605501.0,0.345,0.02
002600,领益智造,15.69,15.69,15.7,15.04,15.0,15.95,14.86,225066941.0,3483331043.0,4.322,0.65
002601,龙佰集团,15.4,15.39,15.4,15.69,15.55,15.7,15.25,29488565.0,455823825.0,-1.848,-0.29
002602,世纪华通,13.25,13.24,13.25,13.95,13.86,13.89,13.14,225520452.0,3026719305.0,-5.018,-0.7
002603,以岭药业,15.11,15.11,15.12,15.43,15.33,15.38,15.02,12802049.0,193560783.0,-2.074,-0.32
002605,姚记科技,18.83,18.83,18.84,18.92,18.97,19.32,18.8,6977800.0,132555069.0,-0.476,-0.09
002606,大连电瓷,14.14,14.14,14.15,13.78,13.79,14.29,13.65,29886736.0,422337522.0,2.612,0.36
002607,中公教育,2.04,2.03,2.04,2.08,2.08,2.08,2.01,184754395.0,374770200.0,-1.923,-0.04
002608,江苏国信,9.1,9.1,9.11,9.01,8.91,9.38,8.9,68076656.0,623193198.0,0.999,0.09
002609,捷顺科技,7.57,7.57,7.58,7.49,7.49,7.69,7.38,8217800.0,61786576.0,1.068,0.08
002611,东方精工,18.46,18.46,18.47,18.63,18.73,18.89,18.34,49256356.0,915420138.0,-0.913,-0.17
002612,朗姿股份,11.93,11.92,11.93,12.08,12.08,12.08,11.84,4212126.0,50090319.0,-1.242,-0.15
002613,北玻股份,4.87,4.87,4.88,4.79,4.8,4.97,4.68,192189933.0,929558886.0,1.67,0.08
002614,奥佳华,4.77,4.77,4.78,4.83,4.82,4.83,4.72,8421515.0,40122557.0,-1.242,-0.06
002615,哈尔斯,7.65,7.64,7.65,7.48,7.7,7.79,7.45,15687521.0,119502812.0,2.273,0.17
002616,长青集团,4.92,4.92,4.93,4.96,4.95,4.98,4.87,10750500.0,52919645.0,-0.806,-0.04
002617,露笑科技,9.02,9.01,9.02,8.95,8.95,9.13,8.8,194233841.0,1742478427.0,0.782,0.07
002620,*ST瑞和,6.09,6.09,6.1,5.93,5.82,6.18,5.77,17345500.0,103949380.0,2.698,0.16
002622,皓宸医疗,2.3,2.3,2.31,2.3,2.27,2.33,2.19,31769109.0,71493505.0,0.0,0.0
002623,亚玛顿,17.57,17.56,17.57,17.23,17.23,17.69,16.92,5189363.0,90489856.0,1.973,0.34
002624,完美世界,13.32,13.32,13.33,13.21,13.15,13.74,13.04,76627219.0,1026918498.0,0.833,0.11
002625,光启技术,38.0,38.0,38.01,38.3,38.7,38.76,37.9,24512164.0,934849082.0,-0.783,-0.3
002626,金达威,14.05,14.05,14.07,14.43,14.4,14.41,14.03,3567900.0,50424195.0,-2.633,-0.38
002627,三峡旅游,6.55,6.55,6.56,6.6,6.65,6.79,6.51,14376900.0,94976518.0,-0.758,-0.05
002628,成都路桥,4.95,4.95,4.96,5.06,5.07,5.07,4.93,19920500.0,98939556.0,-2.174,-0.11
002629,仁智股份,4.75,4.75,4.76,4.91,4.97,4.97,4.68,17125346.0,81274609.0,-3.259,-0.16
002630,*ST华西,2.01,2.01,0.0,1.91,1.92,2.01,1.92,17593620.0,35097115.0,5.236,0.1
002631,德尔未来,7.76,7.76,7.77,7.93,7.83,7.9,7.52,26565833.0,203870850.0,-2.144,-0.17
002632,道明光学,10.08,10.08,10.09,9.97,9.97,10.22,9.73,11065900.0,110652424.0,1.103,0.11
002633,申科股份,16.61,16.6,16.61,16.85,16.85,16.98,16.44,2085737.0,34701226.0,-1.424,-0.24
002634,*ST棒杰,5.14,5.13,5.14,4.95,5.12,5.18,4.82,18657217.0,93767994.0,3.838,0.19
002635,安洁科技,18.45,18.45,18.46,17.45,17.52,18.6,17.19,45169147.0,812881031.0,5.731,1.0
002636,金安国纪,101.49,101.48,101.49,97.34,94.91,102.9,94.5,60133470.0,5959603317.0,4.263,4.15
002637,赞宇科技,12.36,12.36,12.37,12.5,12.33,12.71,12.14,25954228.0,321818058.0,-1.12,-0.14
002638,勤上股份,4.09,4.09,4.1,4.09,4.08,4.14,4.03,35988622.0,147439376.0,0.0,0.0
002639,雪人集团,15.19,15.19,15.2,14.91,15.01,15.35,14.8,41312463.0,625805677.0,1.878,0.28
002640,跨境通,3.65,3.64,3.65,3.61,3.67,3.79,3.55,131149310.0,478309435.0,1.108,0.04
002641,公元股份,4.2,4.19,4.2,4.25,4.25,4.25,4.12,19494860.0,81282060.0,-1.176,-0.05
002642,荣联科技,7.08,7.08,7.09,6.95,6.93,7.11,6.69,22515600.0,154824913.0,1.871,0.13
002643,万润股份,16.9,16.9,16.91,16.12,16.14,17.09,16.0,40798986.0,678423169.0,4.839,0.78
002644,佛慈制药,7.58,7.57,7.58,7.57,7.56,7.63,7.42,3075650.0,23098151.0,0.132,0.01
002645,华宏科技,33.63,33.63,0.0,30.57,30.6,33.63,30.18,44973928.0,1464076069.0,10.01,3.06
002646,天佑德酒,6.84,6.83,6.84,6.93,6.91,6.93,6.78,4715129.0,32164637.0,-1.299,-0.09
002647,仁东控股,11.53,11.53,11.54,11.67,11.67,11.7,11.31,18589900.0,213087989.0,-1.2,-0.14
002648,卫星化学,22.33,22.33,22.34,23.27,23.0,23.0,22.28,66256157.0,1495605454.0,-4.04,-0.94
002649,博彦科技,8.97,8.96,8.97,8.93,8.88,9.02,8.76,10037285.0,89385816.0,0.448,0.04
002650,ST加加,7.27,7.27,7.28,7.44,7.45,7.45,7.24,4560250.0,33321129.0,-2.285,-0.17
002651,利君股份,8.09,8.09,8.1,8.13,8.08,8.14,8.01,5011206.0,40404605.0,-0.492,-0.04
002652,扬子新材,4.88,4.88,4.89,4.66,4.62,5.03,4.53,36893200.0,178161270.0,4.721,0.22
002653,海思科,48.39,48.39,48.4,49.05,49.0,49.26,48.2,2686434.0,130580147.0,-1.346,-0.66
002654,万润科技,16.88,16.87,16.88,16.62,16.74,17.13,16.57,66667479.0,1123749246.0,1.564,0.26
002655,共达电声,37.18,37.17,37.18,35.88,36.3,38.4,35.8,27539900.0,1025887674.0,3.623,1.3
002656,*ST摩登,3.21,3.21,3.22,3.2,3.2,3.24,3.09,13603200.0,43129283.0,0.312,0.01
002657,中科金财,20.71,20.7,20.71,21.85,21.49,21.49,20.57,27898972.0,583060117.0,-5.217,-1.14
002658,雪迪龙,8.27,8.26,8.27,8.37,8.33,8.35,8.22,9068540.0,74932141.0,-1.195,-0.1
002659,凯文教育,4.12,4.12,4.13,4.11,4.11,4.14,4.04,9766000.0,39979145.0,0.243,0.01
002660,茂硕电源,7.41,7.41,7.42,7.26,7.21,7.46,7.11,6260700.0,45778421.0,2.066,0.15
002661,克明食品,7.45,7.44,7.45,7.48,7.48,7.51,7.39,3204100.0,23857701.0,-0.401,-0.03
002662,峰璟股份,3.56,3.55,3.56,3.5,3.51,3.57,3.43,20296600.0,71238681.0,1.714,0.06
002663,普邦股份,1.68,1.67,1.68,1.68,1.69,1.69,1.63,36810077.0,60847854.0,0.0,0.0
002664,信质集团,19.56,19.55,19.56,19.53,19.43,20.12,19.21,11057522.0,216152390.0,0.154,0.03
002666,德联集团,4.41,4.4,4.41,4.39,4.39,4.44,4.3,10179400.0,44465636.0,0.456,0.02
002667,*ST威领,16.21,0.0,16.21,17.06,16.21,16.21,16.21,284600.0,4613366.0,-4.982,-0.85
002668,TCL智家,9.92,9.92,9.93,10.06,9.95,10.1,9.86,16652036.0,165834241.0,-1.392,-0.14
002669,康达新材,17.11,17.11,17.12,16.28,16.33,17.34,16.2,48443461.0,820783431.0,5.098,0.83
002670,国盛证券,12.07,12.07,12.08,11.73,11.63,12.48,11.57,45448919.0,547872430.0,2.899,0.34
002671,龙泉股份,4.06,4.06,4.07,4.08,4.1,4.1,3.99,12373300.0,49900084.0,-0.49,-0.02
002672,东江环保,3.89,3.89,0.0,3.54,3.52,3.89,3.42,25387303.0,92941550.0,9.887,0.35
002673,西部证券,6.61,6.61,6.62,6.61,6.58,6.63,6.52,31914100.0,210409332.0,0.0,0.0
002674,兴业科技,16.01,16.0,16.01,16.65,16.59,16.6,15.71,13059901.0,208709579.0,-3.844,-0.64
002675,东诚药业,12.64,12.63,12.64,12.43,12.44,12.65,12.31,8841386.0,110350363.0,1.689,0.21
002676,顺威股份,5.68,5.68,5.69,5.79,5.75,5.75,5.58,14591019.0,82317318.0,-1.9,-0.11
002677,浙江美大,6.55,6.54,6.55,6.69,6.68,6.7,6.49,5611003.0,36733120.0,-2.093,-0.14
002678,珠江钢琴,5.19,5.19,5.2,5.42,5.38,5.4,5.16,15314910.0,79962569.0,-4.244,-0.23
002679,福建金森,8.65,8.63,8.65,8.61,8.6,8.68,8.38,3264500.0,27942543.0,0.465,0.04
002681,奋达科技,4.97,4.97,4.98,4.84,4.82,5.04,4.7,56378545.0,276289317.0,2.686,0.13
002682,龙洲股份,4.9,4.89,4.9,4.83,4.8,4.91,4.7,17882073.0,85881430.0,1.449,0.07
002683,广东宏大,30.53,30.52,30.53,30.7,30.72,30.85,29.79,10181489.0,308126973.0,-0.554,-0.17
002685,华东重机,6.65,6.64,6.65,6.66,6.64,6.77,6.49,38930166.0,258037752.0,-0.15,-0.01
002686,亿利达,5.96,5.96,5.97,5.95,5.91,5.98,5.76,10410500.0,61190717.0,0.168,0.01
002687,乔治白,4.29,4.29,4.3,4.46,4.44,4.44,4.24,19022884.0,82008749.0,-3.812,-0.17
002688,金河生物,5.05,5.04,5.05,5.03,5.01,5.07,4.95,6609300.0,33121150.0,0.398,0.02
002689,ST远智,2.86,2.86,2.87,2.89,2.9,2.92,2.83,4609600.0,13241571.0,-1.038,-0.03
002690,美亚光电,15.12,15.12,15.13,14.65,14.73,15.19,14.6,11022404.0,165572308.0,3.208,0.47
002691,*ST冀凯,4.84,4.84,0.0,4.61,4.61,4.84,4.45,7288670.0,34227703.0,4.989,0.23
002692,远程股份,4.29,4.28,4.29,4.21,4.2,4.32,4.13,15968535.0,67732892.0,1.9,0.08
002693,双成药业,8.78,8.77,8.78,9.06,9.0,9.06,8.65,12779700.0,112171359.0,-3.091,-0.28
002694,*ST顾地,2.39,2.38,2.39,2.33,2.33,2.41,2.25,5839402.0,13610412.0,2.575,0.06
002695,煌上煌,11.43,11.42,11.43,11.48,11.37,11.66,11.18,6455781.0,73489636.0,-0.436,-0.05
002696,百洋股份,5.8,5.79,5.8,5.4,5.37,5.94,5.23,29119750.0,163902434.0,7.407,0.4
002697,红旗连锁,4.54,4.54,4.55,4.59,4.59,4.6,4.53,13607927.0,61897279.0,-1.089,-0.05
002698,博实股份,11.68,11.67,11.68,11.48,11.48,11.92,11.26,13735990.0,159563255.0,1.742,0.2
002700,万憬能源,8.86,8.86,0.0,8.05,7.98,8.86,7.8,14433900.0,121746400.0,10.062,0.81
002701,奥瑞金,4.42,4.42,4.43,4.51,4.49,4.49,4.38,31615988.0,139934485.0,-1.996,-0.09
002702,海欣食品,4.98,4.97,4.98,4.97,4.97,5.0,4.84,17400469.0,85532364.0,0.201,0.01
002703,浙江世宝,15.88,15.88,15.89,15.92,15.92,16.11,15.51,21803186.0,344737903.0,-0.251,-0.04
002705,新宝股份,12.24,12.23,12.24,12.1,12.18,12.43,12.06,9881248.0,120724753.0,1.157,0.14
002706,良信股份,12.3,12.29,12.3,12.03,12.09,12.72,11.86,44932693.0,555938150.0,2.244,0.27
002707,众信旅游,5.42,5.42,5.43,5.5,5.49,5.53,5.4,10036600.0,54497373.0,-1.455,-0.08
002708,光洋股份,13.94,13.94,13.95,13.41,13.39,14.21,13.23,31543812.0,436419906.0,3.952,0.53
002709,天赐材料,52.28,52.28,52.29,49.02,49.35,52.65,48.47,141688473.0,7209801101.0,6.65,3.26
002712,思美传媒,4.65,4.64,4.65,4.71,4.71,4.72,4.57,12280320.0,56653281.0,-1.274,-0.06
002713,*ST东易,10.54,10.54,10.55,10.45,10.3,10.66,10.06,14029725.0,144998735.0,0.861,0.09
002714,牧原股份,35.05,35.04,35.05,35.28,35.06,35.27,34.72,35360617.0,1236118075.0,-0.652,-0.23
002715,登云股份,14.48,14.47,14.48,14.52,14.39,14.79,14.01,3247900.0,46810439.0,-0.275,-0.04
002716,湖南白银,9.3,9.29,9.3,9.57,9.43,9.46,9.23,116980267.0,1090635957.0,-2.821,-0.27
002717,*ST岭南,1.13,0.0,1.13,1.19,1.13,1.16,1.13,163924315.0,185851259.0,-5.042,-0.06
002718,友邦吊顶,110.9,110.89,110.9,108.5,108.5,114.88,107.0,2767459.0,305089147.0,2.212,2.4
002719,ST麦趣,7.35,7.35,7.36,7.29,7.25,7.35,7.08,2969560.0,21436442.0,0.823,0.06
002721,金一文化,2.43,2.43,2.44,2.48,2.47,2.48,2.41,33568900.0,81682796.0,-2.016,-0.05
002722,物产金轮,12.9,12.9,12.91,12.9,12.9,12.98,12.66,3073869.0,39471403.0,0.0,0.0
002723,小崧股份,8.23,8.23,8.24,8.28,8.31,8.32,8.06,9616000.0,78717217.0,-0.604,-0.05
002724,海洋王,5.29,5.29,5.3,5.24,5.2,5.32,5.13,6971400.0,36427753.0,0.954,0.05
002725,跃岭股份,14.1,14.09,14.1,13.58,13.51,14.94,13.26,26612596.0,380365494.0,3.829,0.52
002726,ST龙大,1.54,1.54,0.0,1.47,1.48,1.54,1.43,38077794.0,56863754.0,4.762,0.07
002727,一心堂,10.99,10.99,11.0,11.23,11.21,11.22,10.9,5014199.0,55155072.0,-2.137,-0.24
002728,特一药业,8.25,8.25,8.26,8.37,8.37,8.37,8.17,6546796.0,53879175.0,-1.434,-0.12
002729,好利科技,19.47,19.47,0.0,17.7,17.85,19.47,17.31,9720530.0,181143061.0,10.0,1.77
002730,电光科技,30.81,30.81,30.82,30.67,31.2,31.6,30.2,14322936.0,441418297.0,0.456,0.14
002731,ST萃华,4.35,0.0,0.0,4.35,0.0,0.0,0.0,0.0,0.0,0.0,0.0
002732,燕塘乳业,13.64,13.63,13.64,13.68,13.64,13.7,13.36,1440300.0,19467483.0,-0.292,-0.04
002733,雄韬股份,36.5,36.49,36.5,37.73,36.56,37.38,36.31,39094752.0,1437058790.0,-3.26,-1.23
002734,利民股份,16.39,16.39,0.0,14.9,14.85,16.39,14.6,29692354.0,465251617.0,10.0,1.49
002735,王子新材,21.44,21.44,0.0,19.49,21.25,21.44,21.25,18725580.0,401235566.0,10.005,1.95
002736,国信证券,10.45,10.45,10.46,10.44,10.41,10.51,10.34,37604133.0,392040168.0,0.096,0.01
002737,葵花药业,12.41,12.41,12.43,12.58,12.57,12.68,12.31,3853846.0,48009046.0,-1.351,-0.17
002738,中矿资源,61.8,61.8,61.81,62.5,62.2,63.83,60.88,40613975.0,2532478495.0,-1.12,-0.7
002739,儒意电影,8.48,8.47,8.48,8.46,8.56,8.59,8.4,24764180.0,209857547.0,0.236,0.02
002741,光华科技,35.85,35.85,0.0,32.59,35.85,35.85,35.85,4680166.0,167783951.0,10.003,3.26
002742,冀衡医药,3.95,3.95,3.96,4.28,4.14,4.2,3.85,31661857.0,126144888.0,-7.71,-0.33
002743,富煌钢构,4.37,4.37,4.38,4.41,4.4,4.45,4.29,7433900.0,32421393.0,-0.907,-0.04
002745,木林森,10.63,10.63,10.64,10.25,10.25,10.82,10.21,125639610.0,1328539239.0,3.707,0.38
002746,仙坛股份,5.46,5.45,5.46,5.52,5.49,5.5,5.39,12739599.0,69157274.0,-1.087,-0.06
002747,埃斯顿,33.9,33.9,33.91,33.23,33.12,34.83,32.3,108293154.0,3650547273.0,2.016,0.67
002748,世龙实业,10.98,10.98,11.0,11.0,10.96,11.14,10.66,4943000.0,53794444.0,-0.182,-0.02
002749,国光股份,8.51,8.51,8.52,8.79,8.9,8.9,8.47,3273940.0,28075642.0,-3.185,-0.28
002752,昇兴股份,6.27,6.27,6.28,6.28,6.27,6.36,6.18,11362310.0,71166288.0,-0.159,-0.01
002753,永东股份,6.3,6.29,6.3,6.34,6.32,6.42,6.17,4820600.0,30194446.0,-0.631,-0.04
002755,奥赛康,12.82,12.81,12.82,13.03,12.9,12.98,12.66,7066608.0,90289808.0,-1.612,-0.21
002756,永兴材料,62.85,62.85,62.86,65.4,64.49,64.64,62.51,22809609.0,1443081481.0,-3.899,-2.55
002757,南兴股份,20.86,20.86,20.87,20.27,20.49,21.14,20.31,19159725.0,397078190.0,2.911,0.59
002758,浙农股份,8.13,8.13,8.14,8.31,8.25,8.34,8.11,4739852.0,38676624.0,-2.166,-0.18
002759,天际股份,28.3,28.3,28.31,26.78,27.33,28.48,26.52,53528856.0,1487234107.0,5.676,1.52
002760,凤形股份,18.03,18.03,18.04,17.79,17.79,18.29,17.16,4783200.0,85170043.0,1.349,0.24
002761,浙江建投,7.4,7.4,7.41,7.32,7.52,7.54,7.34,10407414.0,77283908.0,1.093,0.08
002762,*ST金比,8.81,8.81,8.82,8.7,8.74,8.85,8.48,2520326.0,21830793.0,1.264,0.11
002763,汇洁股份,7.58,7.57,7.58,7.72,7.7,7.74,7.49,5513020.0,41718525.0,-1.813,-0.14
002765,蓝黛科技,8.06,8.06,8.07,8.01,8.08,8.16,7.92,10654942.0,85914691.0,0.624,0.05
002766,索菱股份,3.99,3.98,3.99,4.02,4.0,4.01,3.88,23854700.0,94125687.0,-0.746,-0.03
002767,先锋电子,17.92,17.92,17.93,18.0,17.83,18.26,17.65,2267650.0,40747073.0,-0.444,-0.08
002768,国恩股份,77.67,77.67,77.68,75.81,75.29,78.39,73.39,11277465.0,859081956.0,2.454,1.86
002769,普路通,7.43,7.43,7.44,7.41,7.41,7.45,7.16,11311000.0,82926092.0,0.27,0.02
002771,真视通,14.85,14.84,14.85,14.58,14.59,15.48,14.1,20623117.0,306152531.0,1.852,0.27
002772,众兴菌业,12.96,12.95,12.96,13.15,13.0,13.1,12.85,6494783.0,83970477.0,-1.445,-0.19
002773,康弘药业,20.1,20.09,20.1,20.57,20.57,20.57,19.96,5674475.0,114445673.0,-2.285,-0.47
002774,快意电梯,12.02,12.02,0.0,10.93,10.84,12.02,10.78,8962331.0,102828183.0,9.973,1.09
002775,文科股份,3.85,3.84,3.85,3.85,3.81,3.97,3.77,27231002.0,105008830.0,0.0,0.0
002777,久远银海,13.52,13.51,13.52,13.45,13.37,13.55,13.26,4209269.0,56476692.0,0.52,0.07
002778,中晟高科,17.24,17.24,17.26,17.93,17.86,18.05,17.14,2541241.0,44382943.0,-3.848,-0.69
002779,中坚科技,83.0,82.99,83.0,84.45,84.51,87.74,82.41,4021997.0,337911860.0,-1.717,-1.45
002780,三夫户外,13.41,13.41,13.46,13.6,13.58,13.61,13.17,3968600.0,52995735.0,-1.397,-0.19
002782,可立克,25.7,25.7,0.0,23.36,23.66,25.7,23.2,10595570.0,263066296.0,10.017,2.34
002783,凯龙股份,7.45,7.44,7.45,7.58,7.58,7.66,7.38,7275720.0,54289290.0,-1.715,-0.13
002785,万里石,39.38,39.38,39.39,39.36,39.53,39.58,38.4,5553200.0,216610061.0,0.051,0.02
002786,银宝山新,8.29,8.28,8.29,8.22,8.2,8.32,8.07,15244100.0,125343936.0,0.852,0.07
002787,华源控股,27.34,27.33,27.34,26.11,26.2,27.5,25.86,14536320.0,393063807.0,4.711,1.23
002788,鹭燕医药,11.22,11.22,11.23,11.3,11.28,11.31,11.11,7685952.0,86112375.0,-0.708,-0.08
002789,*ST建艺,13.49,13.48,13.49,13.1,12.98,13.5,12.79,3039200.0,39773359.0,2.977,0.39
002790,瑞尔特,5.95,5.95,5.97,6.02,6.01,6.01,5.81,4221506.0,24889572.0,-1.163,-0.07
002791,坚朗五金,14.11,14.11,14.12,14.53,14.47,14.53,14.09,6028805.0,85558981.0,-2.891,-0.42
002792,通宇通讯,36.75,36.75,36.76,37.41,38.3,39.3,36.63,28599718.0,1077473378.0,-1.764,-0.66
002793,罗欣药业,4.05,4.04,4.05,4.11,4.13,4.13,4.01,12958400.0,52302139.0,-1.46,-0.06
002795,永和智控,7.56,7.56,7.57,7.16,7.17,7.88,7.03,39709952.0,298691799.0,5.587,0.4
002796,世嘉科技,42.24,42.23,42.24,41.63,41.63,43.5,40.78,10461343.0,438852919.0,1.465,0.61
002797,第一创业,6.56,6.56,6.57,6.56,6.51,6.62,6.46,74038789.0,484576979.0,0.0,0.0
002798,帝欧水华,5.96,5.95,5.96,6.12,6.07,6.12,5.86,18473317.0,110524047.0,-2.614,-0.16
002799,环球印务,6.76,6.75,6.76,6.78,6.78,6.86,6.61,5839160.0,39254565.0,-0.295,-0.02
002800,天顺股份,14.69,14.68,14.69,14.46,14.46,15.18,14.13,4293577.0,62520931.0,1.591,0.23
002801,微光股份,30.9,30.9,30.91,31.15,31.0,31.68,30.81,1840729.0,57300465.0,-0.803,-0.25
002802,洪汇新材,12.11,12.11,12.13,12.3,12.2,12.37,11.91,3643766.0,44119332.0,-1.545,-0.19
002803,吉宏股份,22.01,22.01,22.02,22.01,22.0,22.35,21.83,7574021.0,167285692.0,0.0,0.0
002805,丰元股份,24.2,24.2,0.0,22.0,22.02,24.2,21.93,30215493.0,704721479.0,10.0,2.2
002806,华锋股份,20.7,20.7,0.0,18.82,19.09,20.7,19.06,47398336.0,957024186.0,9.989,1.88
002807,江阴银行,3.98,3.97,3.98,4.04,4.03,4.04,3.96,26504090.0,105830228.0,-1.485,-0.06
002808,*ST恒久,2.83,0.0,0.0,2.83,0.0,0.0,0.0,0.0,0.0,0.0,0.0
002809,红墙股份,8.54,8.54,8.55,8.56,8.56,8.71,8.34,14072410.0,119595779.0,-0.234,-0.02
002810,山东赫达,25.21,25.21,25.22,25.14,25.41,26.46,24.9,17157881.0,437895731.0,0.278,0.07
002811,郑中设计,12.21,12.21,12.22,12.45,12.45,12.55,12.18,5341150.0,65925746.0,-1.928,-0.24
002812,恩捷股份,69.77,69.77,69.78,67.92,68.71,70.77,67.4,41893701.0,2910275242.0,2.724,1.85
002813,路畅科技,21.04,21.04,21.05,20.86,20.77,21.11,20.35,1551000.0,32223106.0,0.863,0.18
002815,崇达技术,19.35,19.35,19.36,18.87,19.06,19.63,18.85,143519040.0,2754982389.0,2.544,0.48
002816,*ST和科,26.04,26.03,26.04,25.85,25.73,26.16,25.66,2487700.0,64566029.0,0.735,0.19
002817,黄山胶囊,6.34,6.33,6.34,6.38,6.39,6.41,6.19,6621537.0,41612513.0,-0.627,-0.04
002818,富森美,11.27,11.26,11.27,11.42,11.35,11.38,11.19,3477080.0,39128665.0,-1.313,-0.15
002819,东方中科,21.66,21.65,21.66,21.45,21.6,22.01,21.04,2149700.0,46343561.0,0.979,0.21
002820,桂发祥,9.17,9.17,9.18,9.2,9.15,9.24,8.94,5779395.0,52462547.0,-0.326,-0.03
002821,凯莱英,112.07,112.07,112.08,114.56,114.5,114.75,111.64,4296498.0,485399391.0,-2.174,-2.49
002822,ST中装,2.55,2.54,2.55,2.6,2.61,2.61,2.53,12411831.0,31760972.0,-1.923,-0.05
002823,凯中精密,17.35,17.34,17.35,17.45,17.53,17.66,17.2,12085940.0,209869561.0,-0.573,-0.1
002824,和胜股份,34.91,34.91,0.0,31.74,33.66,34.91,33.34,28606937.0,987235915.0,9.987,3.17
002825,纳尔股份,9.47,9.47,9.48,9.46,9.47,9.52,9.3,2513330.0,23655581.0,0.106,0.01
002826,易明医药,17.07,17.07,17.08,16.7,16.75,17.28,16.4,6043400.0,102336152.0,2.216,0.37
002827,高争民爆,26.08,26.08,26.12,26.03,26.02,26.24,25.68,3013250.0,78352250.0,0.192,0.05
002828,贝肯能源,8.88,8.88,8.89,8.89,8.84,8.95,8.44,14988140.0,130203550.0,-0.112,-0.01
002829,星网宇达,19.55,19.55,19.56,19.93,20.25,20.55,19.34,7531698.0,147989872.0,-1.907,-0.38
002830,名雕股份,15.23,15.23,15.24,15.95,15.6,15.67,15.0,9962480.0,151508519.0,-4.514,-0.72
002831,裕同科技,30.8,30.8,30.81,30.5,30.2,30.9,29.92,13463154.0,410662635.0,0.984,0.3
002832,比音勒芬,21.58,21.58,21.59,21.7,21.53,22.3,21.37,15984030.0,347816886.0,-0.553,-0.12
002833,弘亚数控,17.73,17.72,17.73,17.62,17.62,17.85,17.37,4985794.0,87866614.0,0.624,0.11
002835,同为股份,12.74,12.74,12.75,12.74,12.7,12.82,12.35,2553200.0,32112120.0,0.0,0.0
002836,新宏泽,10.48,10.45,10.48,10.52,10.57,10.59,10.22,2185560.0,22765387.0,-0.38,-0.04
002837,英维克,73.19,73.19,73.2,70.53,70.56,75.14,70.41,70686505.0,5180308880.0,3.771,2.66
002838,道恩股份,35.34,35.34,35.35,35.32,35.4,36.51,34.5,8539681.0,303459694.0,0.057,0.02
002839,张家港行,4.23,4.22,4.23,4.3,4.29,4.29,4.2,27647900.0,116987001.0,-1.628,-0.07
002840,华统股份,8.18,8.18,8.19,8.26,8.26,8.35,8.1,14078860.0,115171234.0,-0.969,-0.08
002841,视源股份,34.46,34.46,34.47,34.12,34.14,34.71,33.45,5299220.0,180841228.0,0.996,0.34
002842,翔鹭钨业,46.35,46.34,46.35,43.28,41.5,47.38,41.5,84368379.0,3820385836.0,7.093,3.07
002843,泰嘉股份,22.32,22.31,22.32,21.96,21.9,22.55,21.62,12279095.0,271832727.0,1.639,0.36
002845,同兴达,15.7,15.69,15.7,14.9,14.87,16.04,14.66,19987500.0,308510320.0,5.369,0.8
002846,英联股份,12.76,12.76,12.77,12.37,12.37,12.97,12.31,13500116.0,170256998.0,3.153,0.39
002847,盐津铺子,51.32,51.31,51.32,53.28,53.01,53.02,51.0,3922711.0,202683168.0,-3.679,-1.96
002848,高斯贝尔,13.75,13.74,13.75,13.11,13.15,14.12,12.84,11376999.0,155414401.0,4.882,0.64
002849,威星智能,18.23,18.23,18.24,17.95,18.45,18.6,17.37,23133670.0,416658952.0,1.56,0.28
002850,科达利,203.05,203.03,203.05,191.3,191.99,204.52,190.72,9994520.0,1953185418.0,6.142,11.75
002851,麦格米特,163.64,163.64,0.0,148.76,158.58,163.64,157.0,29863706.0,4852330436.0,10.003,14.88
002852,道道全,7.7,7.7,7.71,7.76,7.79,7.8,7.58,2728856.0,20856800.0,-0.773,-0.06
002853,皮阿诺,23.24,23.24,23.25,23.16,23.49,23.49,22.84,1395500.0,32360394.0,0.345,0.08
002855,捷荣技术,11.19,11.18,11.19,10.7,10.65,11.38,10.38,6464331.0,70826453.0,4.579,0.49
002856,*ST美芝,21.94,0.0,21.94,23.09,21.94,23.48,21.94,13430519.0,298290174.0,-4.981,-1.15
002857,三晖电气,18.33,18.33,18.35,17.6,17.42,18.73,17.41,4797200.0,86714726.0,4.148,0.73
002858,力盛体育,12.01,12.01,12.02,11.87,11.86,12.03,11.6,4860500.0,57600113.0,1.179,0.14
002859,洁美科技,89.0,88.99,89.0,82.81,86.5,91.09,85.51,35131290.0,3116370586.0,7.475,6.19
002860,星帅尔,13.92,13.92,13.93,13.51,13.44,14.22,13.35,21599483.0,299861755.0,3.035,0.41
002861,瀛通通讯,18.42,18.41,18.42,18.23,18.13,18.49,17.94,4525500.0,82737773.0,1.042,0.19
002862,实丰文化,14.67,14.67,14.68,14.74,14.75,14.8,14.45,2959480.0,43270031.0,-0.475,-0.07
002863,今飞凯达,4.77,4.76,4.77,4.82,4.82,4.84,4.72,9925358.0,47301952.0,-1.037,-0.05
002864,盘龙药业,27.59,27.59,27.6,27.51,27.51,27.84,26.9,1649300.0,45169925.0,0.291,0.08
002865,钧达股份,67.71,67.71,67.72,65.17,67.17,69.77,65.51,20624634.0,1400696733.0,3.897,2.54
002866,传艺科技,18.41,18.41,18.42,17.98,17.97,18.55,17.67,7620900.0,138841609.0,2.392,0.43
002867,周大生,12.18,12.17,12.18,12.29,12.26,12.26,12.06,6594728.0,80041940.0,-0.895,-0.11
002868,绿康生化,26.4,26.4,26.44,26.27,26.28,26.88,25.63,2182700.0,57534069.0,0.495,0.13
002869,金溢科技,19.02,19.01,19.02,18.56,18.4,19.18,18.23,3258432.0,60904695.0,2.478,0.46
002870,香山股份,41.04,41.03,41.04,40.4,40.4,41.15,39.9,4019969.0,163083420.0,1.584,0.64
002871,伟隆股份,20.46,20.46,20.5,21.02,21.04,21.38,20.05,9368867.0,193119685.0,-2.664,-0.56
002872,ST天圣,5.13,5.13,5.14,5.18,5.19,5.22,5.08,3257250.0,16783781.0,-0.965,-0.05
002873,新天药业,7.94,7.94,7.96,8.0,8.0,8.01,7.76,5728850.0,45091220.0,-0.75,-0.06
002875,安奈儿,16.76,16.75,16.76,16.6,16.28,17.18,15.03,12755230.0,205019967.0,0.964,0.16
002876,三利谱,31.94,31.93,31.94,31.42,31.15,32.39,31.04,8897515.0,283124448.0,1.655,0.52
002877,智能自控,7.94,7.94,7.95,7.94,7.92,7.96,7.7,7726723.0,60572694.0,0.0,0.0
002878,元隆雅图,13.13,13.13,13.14,13.4,13.27,13.35,12.89,10822800.0,141546432.0,-2.015,-0.27
002879,长缆科技,14.94,14.93,14.94,14.82,14.84,15.08,14.63,4701020.0,69847487.0,0.81,0.12
002880,卫光生物,22.45,22.44,22.45,22.7,22.6,22.62,22.19,713500.0,15973998.0,-1.101,-0.25
002881,美格智能,42.01,42.01,42.02,40.73,40.98,42.8,40.35,9046054.0,376377477.0,3.143,1.28
002882,金龙羽,22.04,22.03,22.04,21.93,21.84,22.54,21.7,9564400.0,210484312.0,0.502,0.11
002883,*ST中设,8.73,8.73,8.74,8.58,8.55,8.75,8.28,2175935.0,18502719.0,1.748,0.15
002884,凌霄泵业,16.06,16.05,16.06,16.47,16.4,16.46,16.01,2698800.0,43501961.0,-2.489,-0.41
002885,京泉华,43.29,43.29,0.0,39.35,40.15,43.29,39.87,10192351.0,429773295.0,10.013,3.94
002886,沃特股份,30.37,30.35,30.37,29.4,29.38,30.49,28.82,21701700.0,643906691.0,3.299,0.97
002887,绿茵生态,11.59,11.59,11.6,11.82,11.72,11.81,11.26,4369660.0,50323535.0,-1.946,-0.23
002888,惠威科技,19.3,19.3,19.31,19.73,19.65,19.73,19.11,3468210.0,67217541.0,-2.179,-0.43
002889,东方嘉盛,11.44,11.44,11.46,11.47,11.54,11.54,11.26,1732666.0,19719769.0,-0.262,-0.03
002890,弘宇股份,15.13,15.05,15.13,15.39,15.38,15.44,14.86,1937768.0,29153346.0,-1.689,-0.26
002891,中宠股份,28.69,28.68,28.69,29.07,28.83,28.99,28.35,3894232.0,111308169.0,-1.307,-0.38
002892,科力尔,10.53,10.53,10.54,10.33,10.28,10.54,10.15,14551993.0,151431078.0,1.936,0.2
002893,京能热力,10.26,10.25,10.26,10.21,10.2,10.35,10.03,9300276.0,94813857.0,0.49,0.05
002895,川恒股份,32.18,32.18,32.19,32.66,32.3,33.46,32.1,8450027.0,275691334.0,-1.47,-0.48
002896,中大力德,80.51,80.51,80.52,80.41,79.74,81.81,79.06,14205548.0,1143201625.0,0.124,0.1
002897,意华股份,87.96,87.95,87.96,86.88,87.96,88.48,84.7,18325223.0,1588962556.0,1.243,1.08
002898,*ST赛隆,8.3,0.0,0.0,8.3,0.0,0.0,0.0,0.0,0.0,0.0,0.0
002899,英派斯,24.43,24.42,24.43,24.24,24.0,24.99,23.65,4625250.0,112087196.0,0.784,0.19
002900,哈三联,10.27,10.26,10.27,10.02,9.94,10.4,9.86,5524850.0,56109471.0,2.495,0.25
002901,大博医疗,41.92,41.92,41.94,42.48,42.35,42.49,41.68,1230694.0,51603257.0,-1.318,-0.56
002902,铭普光磁,36.38,36.38,36.39,34.27,34.34,36.65,33.9,45229545.0,1589050106.0,6.157,2.11
002903,宇环数控,53.21,53.21,53.22,49.9,51.58,53.99,50.59,15583228.0,825373587.0,6.633,3.31
002905,金逸影视,7.45,7.45,7.46,7.45,7.41,7.47,7.25,3561400.0,26275356.0,0.0,0.0
002906,华阳集团,26.27,26.26,26.27,26.12,26.12,26.9,25.65,9417835.0,245634206.0,0.574,0.15
002907,华森制药,12.32,12.32,12.33,11.9,11.88,12.44,11.42,7033202.0,84293617.0,3.529,0.42
002908,德生科技,7.15,7.14,7.15,7.16,7.12,7.18,7.02,4325096.0,30685389.0,-0.14,-0.01
002909,集泰股份,5.53,5.53,5.54,5.6,5.6,5.62,5.36,10556644.0,57787409.0,-1.25,-0.07
002910,庄园牧场,11.21,11.21,0.0,10.19,10.21,11.21,10.09,17358999.0,187835213.0,10.01,1.02
002911,佛燃能源,10.48,10.48,10.49,10.48,10.47,10.55,10.33,4657013.0,48576088.0,0.0,0.0
002912,中新赛克,19.78,19.77,19.78,19.73,19.73,19.95,19.27,2246840.0,44119440.0,0.253,0.05
002913,奥士康,65.79,65.78,65.79,61.58,62.68,67.4,61.0,14983297.0,962122265.0,6.837,4.21
002915,中欣氟材,21.75,21.75,21.76,22.06,21.1,22.46,20.52,31329707.0,665861885.0,-1.405,-0.31
002916,深南电路,403.88,403.88,403.9,399.8,399.0,413.63,396.66,15811643.0,6413131557.0,1.021,4.08
002917,金奥博,11.66,11.65,11.66,11.87,11.76,11.85,11.52,7608143.0,88710772.0,-1.769,-0.21
002918,蒙娜丽莎,11.39,11.39,11.4,11.55,11.55,11.58,11.14,16881005.0,190702710.0,-1.385,-0.16
002919,名臣健康,20.44,20.44,20.45,20.63,20.7,20.84,20.01,4716158.0,96373252.0,-0.921,-0.19
002920,德赛西威,88.63,88.62,88.63,89.32,89.74,89.74,88.15,6347320.0,562348639.0,-0.773,-0.69
002921,联诚精密,24.12,24.12,24.18,23.79,23.81,24.47,23.3,4017112.0,96227147.0,1.387,0.33
002922,伊戈尔,37.56,37.56,37.57,36.65,36.63,37.86,36.19,26731216.0,995446029.0,2.483,0.91
002923,润都股份,9.99,9.98,9.99,10.15,10.15,10.17,9.78,5827664.0,57831890.0,-1.576,-0.16
002925,盈趣科技,21.44,21.43,21.44,21.65,21.4,21.72,21.01,15247856.0,325853531.0,-0.97,-0.21
002926,华西证券,8.24,8.23,8.24,8.27,8.22,8.28,8.17,17011053.0,139998445.0,-0.363,-0.03
002927,泰永长征,22.24,22.24,0.0,20.22,20.39,22.24,20.18,18457002.0,396091919.0,9.99,2.02
002928,华夏航空,7.17,7.17,7.18,7.29,7.23,7.39,7.14,31464841.0,227684697.0,-1.646,-0.12
002929,润建股份,61.1,61.1,61.11,61.41,62.63,62.67,60.05,15412188.0,941317294.0,-0.505,-0.31
002930,宏川智慧,9.69,9.69,9.7,10.04,10.14,10.14,9.6,11131597.0,108285053.0,-3.486,-0.35
002931,锋龙股份,71.94,71.94,0.0,65.4,65.4,71.94,65.4,12652820.0,874779190.0,10.0,6.54
002932,*ST明德,15.0,15.0,15.01,14.94,14.91,15.12,14.62,1568962.0,23409838.0,0.402,0.06
002933,新兴装备,28.92,28.92,28.94,29.04,28.87,29.04,28.03,1587200.0,45530970.0,-0.413,-0.12
002935,天奥电子,21.88,21.87,21.88,22.24,22.28,22.4,21.84,11766052.0,258842441.0,-1.619,-0.36
002936,郑州银行,1.76,1.76,1.77,1.79,1.78,1.79,1.76,66488370.0,117581000.0,-1.676,-0.03
002937,兴瑞科技,39.57,39.57,39.58,40.42,39.45,41.57,39.44,19872698.0,801182151.0,-2.103,-0.85
002938,鹏鼎控股,108.19,108.19,108.2,104.64,104.5,110.6,103.3,50189769.0,5395979526.0,3.393,3.55
002939,长城证券,8.45,8.45,8.46,8.42,8.38,8.5,8.32,27483632.0,231740225.0,0.356,0.03
002940,昂利康,28.18,28.17,28.18,28.32,28.5,28.67,27.71,10529416.0,295254240.0,-0.494,-0.14
002941,新疆交建,10.94,10.93,10.94,11.2,10.9,11.06,10.69,13328180.0,144586612.0,-2.321,-0.26
002942,新农股份,16.25,16.25,16.26,16.12,16.09,16.3,15.9,1463630.0,23610828.0,0.806,0.13
002943,宇晶股份,54.72,54.72,54.73,53.3,53.97,54.98,52.24,9091751.0,490089252.0,2.664,1.42
002945,华林证券,14.42,14.42,14.43,14.26,14.25,14.52,14.11,11544100.0,165908164.0,1.122,0.16
002946,新乳业,16.16,16.16,16.17,16.85,16.79,16.8,16.13,5186842.0,84646652.0,-4.095,-0.69
002947,恒铭达,89.4,89.4,89.41,89.51,90.0,90.99,88.07,8014925.0,718482162.0,-0.123,-0.11
002948,青岛银行,5.75,5.75,5.76,5.87,5.84,5.88,5.73,28761340.0,166227395.0,-2.044,-0.12
002949,华阳国际,11.03,11.03,11.05,11.24,11.24,11.24,10.88,5196400.0,57326385.0,-1.868,-0.21
002950,奥美医疗,9.17,9.16,9.17,9.11,9.11,9.18,8.98,5816500.0,52940845.0,0.659,0.06
002951,金时科技,16.91,16.91,16.92,16.33,16.48,17.15,16.2,16043600.0,269709584.0,3.552,0.58
002952,亚世光电,24.15,24.14,24.15,23.72,23.76,24.35,23.22,5583513.0,133449153.0,1.813,0.43
002953,日丰股份,9.97,9.97,9.98,9.79,9.79,10.03,9.66,4358208.0,43149850.0,1.839,0.18
002955,鸿合科技,32.79,32.78,32.79,32.67,32.3,33.26,32.04,9477156.0,311004077.0,0.367,0.12
002956,西麦食品,21.42,21.42,21.44,21.91,21.9,21.93,21.23,2852724.0,61228462.0,-2.236,-0.49
002957,科瑞技术,55.55,55.55,55.56,54.9,55.0,56.35,53.9,27316354.0,1509657946.0,1.184,0.65
002958,青农商行,2.88,2.87,2.88,2.93,2.92,2.93,2.87,56614653.0,163748213.0,-1.706,-0.05
002959,小熊电器,34.14,34.14,34.15,34.28,34.3,34.3,33.72,804638.0,27345893.0,-0.408,-0.14
002960,青鸟智控,9.15,9.15,9.16,9.04,8.96,9.22,8.77,32305953.0,290361375.0,1.217,0.11
002961,瑞达期货,21.09,21.09,21.11,21.46,21.44,21.7,21.03,16459649.0,349559127.0,-1.724,-0.37
002962,五方光电,17.87,17.87,17.88,17.43,17.42,18.27,16.66,36393648.0,643034639.0,2.524,0.44
002963,豪尔赛,18.34,18.33,18.34,18.31,18.18,18.58,17.71,5385200.0,97640257.0,0.164,0.03
002965,祥鑫科技,42.92,42.92,42.93,40.47,40.44,43.49,40.2,23064015.0,984167934.0,6.054,2.45
002966,苏州银行,8.06,8.05,8.06,8.14,8.13,8.15,8.04,34836150.0,281184807.0,-0.983,-0.08
002967,广电计量,18.13,18.13,18.14,18.1,18.05,18.36,17.93,7543400.0,136767208.0,0.166,0.03
002968,新大正,9.28,9.27,9.28,9.35,9.36,9.38,9.05,3098140.0,28493396.0,-0.749,-0.07
002969,嘉美包装,15.88,15.88,15.89,15.89,15.8,16.01,15.45,50099690.0,789646949.0,-0.063,-0.01
002970,锐明技术,67.49,67.48,67.49,66.28,66.28,69.58,65.5,6965925.0,471070919.0,1.826,1.21
002971,和远气体,59.24,59.23,59.24,56.78,56.86,62.4,56.86,44312806.0,2638834113.0,4.333,2.46
002972,科安达,15.8,15.8,15.81,14.54,14.73,15.9,14.34,35779047.0,543992156.0,8.666,1.26
002973,侨银股份,12.43,12.43,12.45,12.59,12.59,12.74,12.33,3021600.0,37689410.0,-1.271,-0.16
002975,博杰股份,136.87,136.81,136.87,133.51,136.0,140.98,135.46,12579460.0,1736484212.0,2.517,3.36
002976,瑞玛精密,27.09,27.09,27.1,29.59,28.29,29.09,26.78,11674148.0,319948953.0,-8.449,-2.5
002977,*ST天箭,25.14,25.14,0.0,23.94,24.81,25.14,24.64,527868.0,13200513.0,5.013,1.2
002978,安宁股份,27.54,27.53,27.54,27.72,27.58,27.83,27.28,4224200.0,116463617.0,-0.649,-0.18
002979,雷赛智能,52.95,52.94,52.95,51.39,51.1,53.78,50.9,9461175.0,496986897.0,3.036,1.56
002980,华盛昌,122.6,122.59,122.6,112.98,114.4,124.28,107.88,18053959.0,2119898205.0,8.515,9.62
002981,朝阳科技,22.99,0.0,22.99,25.54,25.07,25.1,22.99,11335892.0,266142345.0,-9.984,-2.55
002982,湘佳股份,13.06,13.05,13.06,12.89,12.84,13.06,12.54,9424650.0,121454447.0,1.319,0.17
002983,芯瑞达,25.7,25.69,25.7,24.58,24.68,25.8,24.54,6640284.0,167902635.0,4.557,1.12
002984,森麒麟,15.1,15.09,15.1,15.62,15.6,15.6,15.0,12411120.0,188710792.0,-3.329,-0.52
002985,北摩高科,30.66,30.65,30.66,31.12,30.97,31.26,30.43,9318933.0,287295040.0,-1.478,-0.46
002986,宇新股份,11.14,11.14,11.15,11.16,11.17,11.26,11.0,5195724.0,57820772.0,-0.179,-0.02
002987,京北方,11.61,11.6,11.61,11.63,11.51,11.66,11.32,12910674.0,148761925.0,-0.172,-0.02
002988,豪美新材,24.94,24.94,24.95,25.37,25.25,25.48,24.71,3553595.0,89220499.0,-1.695,-0.43
002989,中天精装,30.88,30.88,0.0,28.07,28.04,30.88,27.7,7736406.0,230794970.0,10.011,2.81
002990,盛视科技,54.41,54.41,0.0,49.46,52.52,54.41,52.52,8729000.0,467923360.0,10.008,4.95
002991,甘源食品,42.29,42.29,42.3,43.84,43.83,43.83,42.05,1045742.0,44422248.0,-3.536,-1.55
002992,宝明科技,48.7,48.7,48.76,46.33,46.8,50.96,45.55,8446695.0,413031433.0,5.115,2.37
002993,奥海科技,71.75,71.75,0.0,65.23,65.08,71.75,64.63,13376578.0,929399889.0,9.995,6.52
002995,天地在线,21.5,21.5,21.51,21.78,21.57,21.57,20.76,10812300.0,229785401.0,-1.286,-0.28
002996,顺博合金,6.54,6.54,6.55,6.51,6.48,6.62,6.36,8226840.0,53418000.0,0.461,0.03
002997,瑞鹄模具,30.4,30.39,30.4,29.97,29.82,30.6,29.28,5106513.0,152818852.0,1.435,0.43
002998,优彩资源,7.49,7.48,7.49,7.41,7.42,7.54,7.25,7706800.0,57181261.0,1.08,0.08
002999,天禾股份,5.86,5.86,5.87,5.9,5.88,5.91,5.77,7170580.0,41803330.0,-0.678,-0.04
003000,劲仔食品,10.52,10.52,10.53,10.94,10.92,10.92,10.48,9026204.0,95684425.0,-3.839,-0.42
003001,中岩大地,15.25,15.24,15.25,14.69,14.69,15.45,14.4,7836327.0,116954657.0,3.812,0.56
003002,壶化股份,21.39,21.39,21.4,20.65,20.71,21.65,20.0,4213001.0,88267732.0,3.584,0.74
003003,天元股份,11.02,11.02,11.03,11.02,11.09,11.13,10.78,4402900.0,48212771.0,0.0,0.0
003004,声迅股份,65.25,65.22,65.25,65.5,65.48,66.2,63.1,3130991.0,202999322.0,-0.382,-0.25
003005,竞业达,14.57,14.56,14.57,14.82,14.72,14.79,14.33,2967264.0,42975537.0,-1.687,-0.25
003006,百亚股份,15.49,15.49,15.5,16.17,16.16,16.16,15.37,5715000.0,88983552.0,-4.205,-0.68
003007,直真科技,40.96,40.95,40.96,39.49,39.26,41.14,38.8,3292020.0,131741438.0,3.722,1.47
003008,开普检测,18.41,18.41,18.46,18.48,18.47,18.62,18.1,1812230.0,33223625.0,-0.379,-0.07
003009,中天火箭,60.88,60.88,60.89,63.75,62.61,62.61,60.85,10882662.0,669685963.0,-4.502,-2.87
003010,若羽臣,24.38,24.38,24.4,25.12,24.96,25.0,24.33,6294530.0,154420120.0,-2.946,-0.74
003011,海象新材,19.33,19.31,19.33,19.45,19.21,19.58,18.65,3225740.0,61562882.0,-0.617,-0.12
003012,东鹏控股,4.63,4.63,4.64,4.69,4.69,4.69,4.58,7570929.0,34954233.0,-1.279,-0.06
003013,地铁设计,16.24,16.24,16.25,15.82,15.78,16.38,15.63,7632702.0,123077242.0,2.655,0.42
003015,日久光电,12.9,12.9,12.91,13.02,12.9,12.98,12.64,9448400.0,121317939.0,-0.922,-0.12
003016,欣贺股份,6.85,6.84,6.86,6.9,6.86,6.92,6.7,4580700.0,31133417.0,-0.725,-0.05
003017,大洋生物,26.84,26.84,26.89,27.0,27.0,27.18,26.56,1416062.0,38004639.0,-0.593,-0.16
003018,金富科技,62.29,62.29,62.3,61.85,61.22,63.5,61.21,11225000.0,699067927.0,0.711,0.44
003019,宸展光电,33.14,33.14,33.15,31.55,31.31,33.25,31.03,9368591.0,302034655.0,5.04,1.59
003020,立方制药,15.36,15.35,15.36,15.4,15.36,15.38,15.13,1314053.0,20051321.0,-0.26,-0.04
003021,兆威机电,97.93,97.93,97.95,99.15,98.85,99.15,96.81,4273344.0,418233219.0,-1.23,-1.22
003022,联泓新科,28.28,28.28,28.29,27.25,27.25,28.65,26.69,40226502.0,1120001391.0,3.78,1.03
003023,彩虹集团,21.99,21.99,22.0,21.99,22.01,22.27,21.2,3068800.0,66867150.0,0.0,0.0
003025,思进智能,17.43,17.43,17.44,16.93,16.66,18.62,16.63,35315244.0,634556885.0,2.953,0.5
003026,中晶科技,34.92,34.91,34.92,34.52,34.53,35.33,34.1,24056094.0,836273037.0,1.159,0.4
003027,同兴科技,20.04,20.04,20.05,20.21,20.21,20.29,19.65,2127400.0,42649052.0,-0.841,-0.17
003028,振邦智能,25.45,25.45,25.46,24.92,25.14,25.88,24.43,1559112.0,39046642.0,2.127,0.53
003029,吉大正元,17.9,17.9,17.91,18.09,17.62,18.04,17.31,3503337.0,61931278.0,-1.05,-0.19
003030,祖名股份,23.78,23.77,23.78,24.15,24.31,24.31,23.48,3269100.0,78045512.0,-1.532,-0.37
003031,中瓷电子,161.01,161.01,161.02,150.46,152.0,162.0,150.68,18628699.0,2916402447.0,7.012,10.55
003032,传智教育,6.48,6.47,6.48,6.44,6.38,6.52,6.23,13043400.0,82933226.0,0.621,0.04
003033,征和工业,52.13,52.13,52.14,49.75,49.76,53.05,48.5,2503000.0,128223823.0,4.784,2.38
003035,南网能源,6.36,6.36,6.37,6.26,6.26,6.44,6.19,40586977.0,258136264.0,1.597,0.1
003036,泰坦股份,98.21,98.21,98.22,90.38,95.0,99.11,91.89,13867277.0,1329100490.0,8.663,7.83
003037,三和管桩,6.2,6.2,6.21,6.26,6.26,6.27,6.1,4444700.0,27445404.0,-0.958,-0.06
003038,鑫铂股份,12.72,12.71,12.72,12.64,12.6,12.85,12.36,3643480.0,45948984.0,0.633,0.08
003039,顺控发展,12.39,12.39,12.4,12.42,12.36,12.4,12.17,3264500.0,40109873.0,-0.242,-0.03
003040,楚天龙,12.1,12.1,12.11,12.04,12.08,12.15,11.82,5947316.0,71371339.0,0.498,0.06
003041,真爱美家,46.67,46.67,46.68,45.99,45.8,46.98,44.89,2348620.0,108034058.0,1.479,0.68
003042,中农联合,13.46,13.46,13.48,13.43,13.43,13.55,13.12,4133350.0,55101198.0,0.223,0.03
003043,华亚智能,83.28,83.28,83.3,85.1,82.64,85.92,81.5,6654346.0,554156174.0,-2.139,-1.82
003816,中国广核,4.26,4.25,4.26,4.42,4.42,4.51,4.24,130698423.0,568025941.0,-3.62,-0.16
300001,特锐德,39.01,39.01,39.02,37.38,37.38,39.5,36.76,42177220.0,1627777316.0,4.361,1.63
300002,神州泰岳,7.56,7.56,7.57,7.52,7.47,7.65,7.38,45629886.0,343966858.0,0.532,0.04
300003,乐普医疗,11.8,11.8,11.81,11.94,11.95,11.96,11.7,17839078.0,210247156.0,-1.173,-0.14
300004,南风股份,12.31,12.31,12.32,12.26,12.16,12.41,11.97,16012900.0,195279091.0,0.408,0.05
300005,探路者,17.6,17.6,17.61,17.54,17.98,18.72,17.05,97931813.0,1733881082.0,0.342,0.06
300006,莱美药业,5.1,5.1,5.11,5.12,5.12,5.2,4.98,24450906.0,124387876.0,-0.391,-0.02
300007,汉威科技,40.19,40.19,40.2,40.16,40.04,40.6,39.38,12622566.0,505760552.0,0.075,0.03
300008,天海防务,6.77,6.77,6.78,6.71,6.68,6.87,6.6,56767703.0,382534724.0,0.894,0.06
300009,安科生物,7.76,7.75,7.76,7.83,7.81,7.82,7.69,11337501.0,87740767.0,-0.894,-0.07
300010,ST豆神,2.61,2.61,2.62,2.49,2.52,2.63,2.42,66013447.0,167141720.0,4.819,0.12
300011,鼎汉技术,6.07,6.07,6.08,6.06,6.06,6.11,5.93,6199308.0,37339569.0,0.165,0.01
300012,华测检测,14.0,13.99,14.0,14.41,14.4,14.4,13.93,25300611.0,357593366.0,-2.845,-0.41
300013,新宁物流,4.08,4.06,4.08,4.01,3.99,4.13,3.92,18060800.0,72887130.0,1.746,0.07
300014,亿纬锂能,66.88,66.88,66.89,58.77,66.66,67.5,63.87,166540828.0,10995385011.0,13.8,8.11
300015,爱尔眼科,8.28,8.28,8.29,8.45,8.42,8.43,8.25,69006984.0,572373912.0,-2.012,-0.17
300016,北陆药业,7.64,7.63,7.64,7.7,7.7,7.72,7.56,10478723.0,79915368.0,-0.779,-0.06
300017,网宿科技,14.57,14.57,14.58,14.61,14.6,14.75,14.34,100449886.0,1460346456.0,-0.274,-0.04
300018,中元股份,12.29,12.28,12.29,12.44,12.41,12.49,12.19,11512100.0,141948892.0,-1.206,-0.15
300019,硅宝科技,18.62,18.62,18.63,18.0,17.89,19.0,17.68,15900265.0,291295219.0,3.444,0.62
300020,ST银江,3.5,3.5,3.51,3.54,3.55,3.56,3.46,7150856.0,25059444.0,-1.13,-0.04
300021,大禹节水,3.78,3.78,3.79,3.83,3.81,3.83,3.74,9540822.0,35987913.0,-1.305,-0.05
300022,吉峰科技,7.59,7.59,7.6,7.69,7.69,7.71,7.52,9493200.0,72152258.0,-1.3,-0.1
300024,机器人,17.96,17.96,17.97,16.96,17.0,18.2,16.67,187968288.0,3297276427.0,5.896,1.0
300025,华星创业,4.7,4.7,4.71,4.64,4.64,4.77,4.52,12583800.0,58450528.0,1.293,0.06
300026,红日药业,3.06,3.06,3.07,3.08,3.07,3.08,3.02,19521350.0,59485974.0,-0.649,-0.02
300027,ST华谊,1.83,1.83,1.84,1.82,1.8,1.84,1.77,43054892.0,77725262.0,0.549,0.01
300029,*ST天龙,2.77,0.0,0.0,2.77,0.0,0.0,0.0,0.0,0.0,0.0,0.0
300030,阳普医疗,6.35,6.35,6.37,6.4,6.36,6.4,6.18,7213900.0,45365179.0,-0.781,-0.05
300031,宝通科技,26.96,26.95,26.96,27.31,27.04,28.0,26.87,26319626.0,718114968.0,-1.282,-0.35
300032,金龙机电,4.25,4.24,4.25,4.11,4.1,4.28,4.04,26380500.0,110581332.0,3.406,0.14
300033,同花顺,218.62,218.6,218.62,212.73,210.0,220.6,209.86,19914602.0,4323990084.0,2.769,5.89
300034,钢研高纳,17.87,17.86,17.87,17.68,17.8,18.08,17.56,15573423.0,278218661.0,1.075,0.19
300035,中科电气,18.07,18.07,18.08,17.41,17.5,18.23,17.22,33345147.0,594393665.0,3.791,0.66
300036,超图软件,12.18,12.17,12.18,12.3,12.22,12.24,12.01,13168794.0,159564287.0,-0.976,-0.12
300037,新宙邦,80.4,80.39,80.4,77.38,76.89,83.83,76.51,47371268.0,3825457573.0,3.903,3.02
300039,上海凯宝,4.49,4.49,4.5,4.44,4.42,4.51,4.32,19240147.0,85064122.0,1.126,0.05
300040,九洲集团,6.58,6.57,6.58,6.46,6.42,6.59,6.29,33489975.0,217041531.0,1.858,0.12
300041,回天新材,14.31,14.31,14.32,13.92,13.87,14.39,13.69,55903632.0,794945343.0,2.802,0.39
300042,朗科科技,64.13,64.13,64.14,62.59,63.03,65.58,62.41,21167992.0,1353752707.0,2.46,1.54
300043,星辉娱乐,4.4,4.39,4.4,4.49,4.47,4.47,4.34,31738300.0,139458697.0,-2.004,-0.09
300044,*ST赛为,5.68,5.68,5.69,5.71,5.65,5.81,5.57,17404110.0,98534879.0,-0.525,-0.03
300045,华力创通,18.24,18.24,18.25,18.35,18.47,18.69,18.15,16558771.0,302736778.0,-0.599,-0.11
300046,台基股份,30.59,30.59,30.6,29.61,29.52,31.42,29.41,10669383.0,326143123.0,3.31,0.98
300047,天源迪科,10.02,10.02,10.03,9.91,9.86,10.06,9.73,13739088.0,136587865.0,1.11,0.11
300048,合康新能,5.37,5.36,5.37,5.35,5.35,5.43,5.28,14340921.0,76816709.0,0.374,0.02
300049,福瑞医科,42.12,42.12,42.15,43.34,42.93,43.16,42.01,5417872.0,229712577.0,-2.815,-1.22
300050,世纪鼎利,6.56,6.56,6.57,6.32,6.31,6.69,6.15,33556900.0,218156417.0,3.797,0.24
300051,琏升科技,10.1,10.1,10.11,9.63,9.63,10.18,9.38,20347471.0,199746636.0,4.881,0.47
300052,中青宝,12.28,12.27,12.28,12.08,11.99,12.36,11.65,21129200.0,254495675.0,1.656,0.2
300053,航宇微,16.19,16.19,16.2,16.67,16.8,16.91,16.15,31624409.0,517129002.0,-2.879,-0.48
300054,鼎龙股份,84.5,84.49,84.5,85.57,84.99,86.08,82.88,49298561.0,4155856122.0,-1.25,-1.07
300055,万邦达,7.77,7.76,7.77,7.71,7.71,8.02,7.44,21341170.0,164520848.0,0.778,0.06
300056,中创环保,8.29,8.28,8.29,8.19,8.2,8.55,8.08,20718930.0,172707842.0,1.221,0.1
300057,万顺新材,9.29,9.28,9.29,8.84,8.83,9.45,8.72,86673980.0,792244461.0,5.09,0.45
300058,蓝色光标,15.08,15.07,15.08,15.07,15.0,15.34,14.73,223989185.0,3367262392.0,0.066,0.01
300059,东方财富,19.12,19.11,19.12,18.89,18.7,19.46,18.69,458080240.0,8749339270.0,1.218,0.23
300061,旗天科技,7.84,7.83,7.84,7.59,7.55,7.85,7.26,34974727.0,263471356.0,3.294,0.25
300062,中能电气,6.43,6.43,6.44,6.3,6.3,6.49,6.23,16057740.0,102705565.0,2.063,0.13
300063,天龙集团,9.6,9.59,9.6,9.57,9.5,9.65,9.32,29318350.0,279042325.0,0.313,0.03
300065,海兰信,18.92,18.92,18.93,19.15,19.31,19.5,18.85,26205766.0,498826760.0,-1.201,-0.23
300066,三川智慧,6.78,6.78,6.79,5.96,6.03,7.15,6.03,152843964.0,1031625153.0,13.758,0.82
300067,安诺其,5.52,5.51,5.52,5.43,5.38,5.54,5.25,46859857.0,253055036.0,1.657,0.09
300068,ST南都,4.56,4.56,0.0,3.8,3.81,4.56,3.76,105217966.0,437956855.0,20.0,0.76
300069,金利华电,34.86,34.86,34.87,34.66,34.33,35.53,33.66,11256300.0,392996136.0,0.577,0.2
300070,碧水源,3.45,3.44,3.45,3.48,3.47,3.47,3.41,33149689.0,113700256.0,-0.862,-0.03
300071,福石控股,3.92,3.91,3.92,3.9,3.9,3.93,3.8,29701000.0,114805812.0,0.513,0.02
300072,海新能科,3.64,3.64,3.65,3.64,3.62,3.67,3.57,25066659.0,90968343.0,0.0,0.0
300073,当升科技,52.98,52.97,52.98,50.95,52.01,53.78,51.33,19557582.0,1030914197.0,3.984,2.03
300074,华平股份,3.83,3.83,3.84,3.85,3.84,3.87,3.75,18087340.0,68808304.0,-0.519,-0.02
300075,数字政通,11.65,11.64,11.65,11.83,11.82,11.82,11.57,9529708.0,110915765.0,-1.522,-0.18
300076,*ST宁视,4.51,4.5,4.51,4.22,4.23,4.58,4.17,10792266.0,47483930.0,6.872,0.29
300077,国民技术,23.12,23.12,23.13,22.22,22.26,23.5,22.0,45851979.0,1046550758.0,4.05,0.9
300078,思创智联,3.2,3.19,3.2,3.19,3.19,3.21,3.1,17309641.0,54716517.0,0.313,0.01
300079,数码视讯,4.68,4.67,4.68,4.71,4.69,4.72,4.59,25555145.0,119290103.0,-0.637,-0.03
300080,易成新能,4.0,4.0,4.01,3.95,3.93,4.02,3.88,21726645.0,86158127.0,1.266,0.05
300081,ST恒信,3.98,3.97,3.98,3.99,3.99,4.01,3.88,11173648.0,44186515.0,-0.251,-0.01
300082,奥克股份,9.84,9.83,9.84,9.55,9.67,10.07,9.47,22800302.0,222437909.0,3.037,0.29
300083,创世纪,11.36,11.35,11.36,10.79,10.88,11.47,10.7,104238808.0,1159994680.0,5.283,0.57
300084,海默科技,12.0,11.99,12.0,12.16,12.04,12.3,11.9,14249242.0,170919291.0,-1.316,-0.16
300085,银之杰,27.38,27.38,27.39,27.19,26.87,27.98,26.7,46018455.0,1254067763.0,0.699,0.19
300086,康芝药业,6.23,6.22,6.23,6.19,6.2,6.26,6.05,11876500.0,73360139.0,0.646,0.04
300087,荃银高科,6.96,6.96,6.97,6.9,6.87,6.98,6.75,13844629.0,95111565.0,0.87,0.06
300088,长信科技,8.81,8.8,8.81,7.84,7.82,9.03,7.72,405704672.0,3447309058.0,12.372,0.97
300091,*ST金灵,2.75,2.75,2.76,2.81,2.82,2.82,2.74,14041548.0,38758885.0,-2.135,-0.06
300092,科新机电,13.26,13.26,13.28,13.25,13.27,13.33,12.95,3396800.0,44681600.0,0.075,0.01
300093,金刚光伏,23.95,23.91,23.95,23.2,23.18,24.25,22.6,14794107.0,347565658.0,3.233,0.75
300094,国联水产,2.81,2.8,2.81,2.79,2.79,2.81,2.73,25078519.0,69534996.0,0.717,0.02
300095,华伍股份,9.01,9.0,9.01,8.87,8.88,9.04,8.75,9549600.0,85209009.0,1.578,0.14
300096,ST易联众,9.29,9.28,9.29,9.36,9.36,9.38,9.05,6901646.0,63637799.0,-0.748,-0.07
300097,智云股份,9.94,9.94,9.95,9.52,9.52,10.35,9.39,19481509.0,193828848.0,4.412,0.42
300098,高新兴,5.08,5.07,5.08,5.04,5.02,5.12,4.96,37450819.0,189062633.0,0.794,0.04
300099,尤洛卡,7.91,7.91,7.92,7.99,7.98,8.05,7.86,15313507.0,121810485.0,-1.001,-0.08
300100,双林股份,29.32,29.32,29.33,29.54,29.5,29.84,28.75,11114691.0,325448409.0,-0.745,-0.22
300101,振芯科技,16.51,16.5,16.51,16.7,16.73,16.78,16.36,9691960.0,159877565.0,-1.138,-0.19
300102,乾照光电,24.44,24.44,24.45,23.89,24.18,25.0,23.51,41576900.0,1010854327.0,2.302,0.55
300103,达刚控股,8.53,8.51,8.53,8.2,8.27,8.63,7.97,11966500.0,99741535.0,4.024,0.33
300105,龙源技术,6.79,6.78,6.79,6.49,6.44,6.97,6.38,32453200.0,218354145.0,4.622,0.3
300106,西部牧业,11.56,11.56,11.57,11.2,11.14,11.83,10.97,8666040.0,98618969.0,3.214,0.36
300107,建新股份,6.13,6.12,6.13,6.21,6.16,6.19,6.06,7834762.0,47809613.0,-1.288,-0.08
300109,新开源,17.49,17.49,17.5,17.71,17.64,17.87,17.43,5752211.0,101411939.0,-1.242,-0.22
300110,华仁药业,2.62,2.61,2.62,2.63,2.62,2.62,2.56,16360704.0,42393079.0,-0.38,-0.01
300111,向日葵,3.15,3.15,3.16,3.13,3.14,3.17,3.05,25799000.0,80440362.0,0.639,0.02
300112,万讯自控,6.9,6.9,6.91,6.84,6.8,6.92,6.62,9305347.0,63068742.0,0.877,0.06
300113,顺网科技,20.18,20.18,20.19,20.0,19.93,20.4,19.72,20704666.0,415684565.0,0.9,0.18
300115,长盈精密,30.92,30.92,30.93,30.76,30.75,31.38,30.2,33248722.0,1030836697.0,0.52,0.16
300118,东方日升,14.19,14.18,14.19,13.59,14.07,14.54,13.63,82654245.0,1171874198.0,4.415,0.6
300119,瑞普生物,15.66,15.65,15.66,15.88,15.81,15.84,15.56,2183797.0,34184381.0,-1.385,-0.22
300120,经纬辉开,9.24,9.24,9.25,9.51,9.31,9.55,9.19,55512018.0,517117753.0,-2.839,-0.27
300121,阳谷华泰,12.04,12.04,12.05,11.43,11.32,12.15,11.17,37479697.0,442082915.0,5.337,0.61
300122,智飞生物,12.48,12.47,12.49,12.36,12.36,12.78,12.27,23003549.0,288329871.0,0.971,0.12
300123,ST亚光,4.37,4.36,4.37,4.25,4.26,4.43,4.22,35554576.0,153906705.0,2.824,0.12
300124,汇川技术,70.24,70.24,70.25,69.3,69.3,72.21,69.02,33373825.0,2359469907.0,1.356,0.94
300125,*ST聆达,9.81,9.8,9.81,9.0,8.93,9.97,8.85,9006201.0,84975289.0,9.0,0.81
300126,锐奇股份,6.51,6.51,6.52,6.5,6.45,6.57,6.3,6219500.0,40053162.0,0.154,0.01
300127,银河磁体,29.92,29.91,29.92,28.79,28.58,30.39,28.45,11237921.0,334869752.0,3.925,1.13
300128,锦富技术,6.33,6.33,6.34,5.87,5.87,6.54,5.8,93169784.0,581296779.0,7.836,0.46
300129,泰胜风能,9.53,9.53,9.54,9.56,9.53,9.69,9.45,13831807.0,132420104.0,-0.314,-0.03
300130,新国都,21.77,21.76,21.77,21.71,21.5,21.97,21.01,22728790.0,487613959.0,0.276,0.06
300131,英唐智控,19.62,19.62,19.63,19.26,19.11,20.26,18.81,129699154.0,2533129551.0,1.869,0.36
300132,青松股份,6.18,6.17,6.18,6.4,6.38,6.46,6.15,16729930.0,103810436.0,-3.438,-0.22
300133,华策影视,7.39,7.38,7.39,7.39,7.33,7.44,7.21,60947757.0,446657780.0,0.0,0.0
300134,大富科技,10.29,10.28,10.29,9.76,9.69,10.4,9.62,18961849.0,191586472.0,5.43,0.53
300135,宝利国际,3.4,3.39,3.4,3.3,3.31,3.48,3.21,28690484.0,96164944.0,3.03,0.1
300136,信维通信,100.16,100.16,100.17,97.7,104.49,106.8,99.5,118248725.0,12177930842.0,2.518,2.46
300137,先河环保,17.58,17.58,17.59,17.56,17.48,17.82,17.24,20765160.0,364053178.0,0.114,0.02
300138,晨光生物,9.89,9.89,9.9,10.06,10.05,10.05,9.8,4208200.0,41544712.0,-1.69,-0.17
300139,晓程科技,44.03,44.02,44.03,44.7,44.2,45.02,42.88,35173880.0,1538358749.0,-1.499,-0.67
300140,节能环境,5.46,5.46,5.47,5.49,5.48,5.53,5.4,12312925.0,67199266.0,-0.546,-0.03
300141,和顺电气,10.63,10.63,10.64,10.41,10.44,10.77,10.26,4986899.0,52733313.0,2.113,0.22
300142,沃森生物,12.14,12.14,12.15,11.65,11.6,12.26,11.4,78325851.0,926094142.0,4.206,0.49
300143,盈康生命,6.97,6.96,6.97,7.0,6.99,7.0,6.78,7967950.0,54956831.0,-0.429,-0.03
300144,宋城演艺,6.27,6.27,6.28,6.39,6.38,6.39,6.23,24765354.0,155784746.0,-1.878,-0.12
300145,南方泵业,5.65,5.65,0.0,4.71,4.85,5.65,4.76,234096675.0,1252740132.0,19.958,0.94
300146,汤臣倍健,9.81,9.81,9.82,10.02,9.97,10.04,9.79,10476996.0,103627552.0,-2.096,-0.21
300147,*ST香雪,9.35,9.35,9.36,9.5,9.42,9.5,9.32,6352350.0,59539149.0,-1.579,-0.15
300148,天舟文化,3.38,3.37,3.38,3.4,3.41,3.41,3.32,18532982.0,62112048.0,-0.588,-0.02
300149,睿智医药,7.72,7.71,7.72,7.81,7.84,7.84,7.62,7066707.0,54347711.0,-1.152,-0.09
300150,世纪瑞尔,4.18,4.17,4.18,4.18,4.18,4.21,4.1,8064200.0,33575914.0,0.0,0.0
300151,昌红科技,22.95,22.94,22.95,22.52,22.58,23.06,22.28,15144776.0,344094984.0,1.909,0.43
300152,*ST动力,1.82,1.81,1.82,1.8,1.78,1.82,1.73,25629215.0,45475627.0,1.111,0.02
300153,科泰电源,25.53,25.53,25.54,24.87,24.89,26.0,24.73,11920531.0,302797151.0,2.654,0.66
300154,瑞凌股份,9.5,9.5,9.51,9.29,9.26,9.65,9.03,8931494.0,83651771.0,2.26,0.21
300155,安居宝,4.32,4.32,4.33,4.37,4.37,4.38,4.24,7566800.0,32512624.0,-1.144,-0.05
300157,新锦动力,4.18,4.18,4.19,4.18,4.21,4.22,4.04,38552282.0,158982605.0,0.0,0.0
300158,振东制药,5.01,5.01,5.02,5.06,5.03,5.06,4.96,9789791.0,48848356.0,-0.988,-0.05
300159,*ST新研,4.12,4.12,4.13,4.11,4.11,4.15,4.05,24470200.0,100447871.0,0.243,0.01
300160,秀强股份,4.67,4.67,4.68,4.67,4.65,4.7,4.6,6174320.0,28714357.0,0.0,0.0
300161,华中数控,31.57,31.57,31.58,30.99,31.2,31.94,30.96,4409598.0,138884071.0,1.872,0.58
300162,雷曼光电,10.99,10.99,11.0,10.38,10.32,11.1,10.19,74715867.0,802846916.0,5.877,0.61
300163,先锋新材,6.33,6.33,6.34,6.03,6.0,6.5,5.93,35115000.0,220471229.0,4.975,0.3
300164,通源石油,9.08,9.08,9.09,9.09,9.1,9.17,8.86,54350649.0,489834187.0,-0.11,-0.01
300165,天瑞仪器,6.15,6.15,6.16,5.75,5.71,6.24,5.62,29464500.0,176122404.0,6.957,0.4
300166,东方国信,15.49,15.48,15.49,15.34,15.3,15.55,14.93,59153843.0,905375267.0,0.978,0.15
300167,ST迪威迅,4.75,4.75,4.76,4.59,4.56,4.83,4.55,10552808.0,49622746.0,3.486,0.16
300168,万达信息,4.89,4.89,4.9,4.86,4.87,4.91,4.74,17777800.0,85771204.0,0.617,0.03
300169,天晟新材,5.44,5.44,5.45,5.23,5.22,5.53,5.09,15227181.0,81198388.0,4.015,0.21
300170,汉得信息,17.69,17.68,17.69,17.63,17.46,17.74,17.13,42267614.0,739183707.0,0.34,0.06
300171,东富龙,11.33,11.33,11.34,11.48,11.48,11.49,11.12,7694555.0,86910635.0,-1.307,-0.15
300172,中电环保,4.55,4.54,4.55,4.56,4.56,4.56,4.45,11023399.0,49605678.0,-0.219,-0.01
300173,ST福能,3.81,3.8,3.81,3.66,3.65,3.84,3.6,15424200.0,57353452.0,4.098,0.15
300174,元力股份,26.27,26.27,26.28,25.88,25.63,26.73,25.5,44790178.0,1173059567.0,1.507,0.39
300175,朗源股份,5.25,5.24,5.25,5.22,5.18,5.29,5.07,9201506.0,47524167.0,0.575,0.03
300176,鸿特科技,5.35,5.35,5.36,5.39,5.38,5.4,5.25,10346016.0,55079959.0,-0.742,-0.04
300177,中海达,6.87,6.87,6.88,6.91,6.96,6.97,6.75,9227553.0,63018910.0,-0.579,-0.04
300179,四方达,44.14,44.14,44.15,42.91,43.01,45.14,42.12,71767398.0,3163730521.0,2.866,1.23
300180,华峰超纤,4.53,4.53,4.54,4.52,4.51,4.55,4.42,24139111.0,108226150.0,0.221,0.01
300181,佐力药业,13.16,13.16,13.17,13.34,13.34,13.34,13.11,6596067.0,86769420.0,-1.349,-0.18
300182,捷成股份,5.66,5.66,5.67,5.74,5.71,5.72,5.55,125731586.0,706988350.0,-1.394,-0.08
300183,东软载波,11.15,11.14,11.15,11.14,11.08,11.28,11.01,6578795.0,73323083.0,0.09,0.01
300184,力源信息,16.28,16.27,16.28,15.8,15.8,16.78,15.69,136130123.0,2228073150.0,3.038,0.48
300185,通裕重工,2.75,2.75,2.76,2.78,2.77,2.78,2.71,90872792.0,249221753.0,-1.079,-0.03
300187,永清环保,5.18,5.18,5.19,5.14,5.12,5.26,5.04,12240700.0,63111091.0,0.778,0.04
300188,国投智能,10.42,10.42,10.43,10.45,10.46,10.49,10.25,7447688.0,77209041.0,-0.287,-0.03
300189,神农种业,4.91,4.91,4.92,4.93,4.9,4.94,4.81,41290665.0,201207056.0,-0.406,-0.02
300190,维尔利,4.18,4.17,4.18,4.06,4.04,4.23,3.98,26755414.0,110497531.0,2.956,0.12
300191,潜能恒信,30.0,30.0,30.03,29.3,29.13,30.28,28.78,6568006.0,194650160.0,2.389,0.7
300192,科德教育,17.3,17.3,17.32,17.12,17.36,17.85,17.07,7239900.0,125161576.0,1.051,0.18
300193,佳士科技,8.64,8.63,8.64,8.7,8.68,8.74,8.44,15507000.0,132642740.0,-0.69,-0.06
300194,福安药业,3.58,3.58,3.59,3.64,3.63,3.63,3.56,8139800.0,29138993.0,-1.648,-0.06
300195,长荣股份,5.57,5.57,5.58,5.57,5.54,5.63,5.41,8201049.0,45407916.0,0.0,0.0
300196,长海股份,28.05,28.05,28.06,27.26,26.83,29.29,26.7,55847478.0,1570313302.0,2.898,0.79
300197,节能铁汉,2.47,2.46,2.47,2.56,2.55,2.6,2.44,267344843.0,665393380.0,-3.516,-0.09
300198,*ST纳川,2.38,2.38,2.39,2.43,2.45,2.45,2.37,12675953.0,30224510.0,-2.058,-0.05
300199,翰宇药业,22.98,22.97,22.98,23.03,22.79,23.4,22.49,33474333.0,762790717.0,-0.217,-0.05
300200,高盟新材,9.71,9.7,9.71,9.41,9.43,9.73,9.29,14263200.0,136291165.0,3.188,0.3
300201,海伦哲,18.91,18.9,18.91,18.26,18.25,19.26,18.1,42318739.0,795823783.0,3.56,0.65
300203,聚光科技,13.8,13.79,13.8,13.28,13.28,14.12,13.04,19787893.0,268801958.0,3.916,0.52
300204,舒泰神,20.56,20.56,20.57,20.74,20.78,21.18,20.42,15833643.0,327819392.0,-0.868,-0.18
300205,*ST天喻,5.66,5.63,5.66,5.48,5.53,5.78,5.45,4044800.0,22653714.0,3.285,0.18
300206,理邦仪器,13.22,13.21,13.22,13.37,13.3,13.32,13.1,5754350.0,75840291.0,-1.122,-0.15
300207,欣旺达,21.2,21.2,21.21,20.58,21.08,21.49,20.65,80276507.0,1693083079.0,3.013,0.62
300209,行云科技,26.15,26.14,26.15,27.13,26.99,27.01,25.56,62517722.0,1635083477.0,-3.612,-0.98
300210,森远股份,9.57,9.56,9.57,9.72,9.67,9.68,9.38,13689100.0,130317196.0,-1.543,-0.15
300211,*ST亿通,8.08,8.06,8.08,7.68,7.69,8.08,7.62,4871444.0,38283723.0,5.208,0.4
300212,*ST易录,10.4,10.39,10.4,9.64,9.61,10.48,9.28,34834144.0,343201209.0,7.884,0.76
300213,佳讯飞鸿,7.05,7.05,7.06,6.96,6.95,7.08,6.81,9667542.0,67328068.0,1.293,0.09
300214,日科化学,8.36,8.35,8.36,7.67,7.73,8.54,7.73,29027950.0,239889900.0,8.996,0.69
300215,电科院,7.24,7.23,7.24,7.2,7.18,7.31,7.05,16977300.0,122029193.0,0.556,0.04
300217,东方电热,4.75,4.74,4.75,4.65,4.61,4.9,4.53,48176927.0,227345547.0,2.151,0.1
300218,安利股份,12.91,12.9,12.91,12.82,12.84,12.98,12.37,3211800.0,41002167.0,0.702,0.09
300219,鸿利智汇,8.86,8.85,8.86,8.52,8.52,8.88,8.33,46068017.0,400366660.0,3.991,0.34
300220,金运激光,11.57,11.57,11.59,11.5,11.52,11.66,11.18,2738000.0,31346655.0,0.609,0.07
300221,银禧科技,17.4,17.39,17.4,16.76,16.6,17.58,16.5,79912265.0,1366203493.0,3.819,0.64
300222,科大智能,14.26,14.26,14.27,12.63,12.56,14.7,12.55,92884964.0,1279858103.0,12.906,1.63
300223,北京君正,162.02,162.02,162.03,164.3,163.0,167.5,161.02,33040557.0,5406678577.0,-1.388,-2.28
300224,正海磁材,13.44,13.43,13.44,12.84,12.74,13.65,12.66,52366205.0,698044288.0,4.673,0.6
300225,金力泰,9.48,9.47,9.48,9.03,9.18,9.54,8.76,34569494.0,316114723.0,4.983,0.45
300226,上海钢联,17.13,17.12,17.13,17.29,17.13,17.35,16.88,6250308.0,106593487.0,-0.925,-0.16
300227,光韵达,11.3,11.3,11.31,10.85,10.85,11.44,10.52,29302975.0,321411496.0,4.147,0.45
300228,富瑞特装,8.1,8.1,8.11,7.98,7.97,8.3,7.95,26145055.0,212863057.0,1.504,0.12
300229,拓尔思,15.64,15.63,15.64,15.61,15.45,15.67,15.26,17570666.0,272156863.0,0.192,0.03
300230,永利股份,4.7,4.69,4.7,4.65,4.63,4.74,4.57,11529211.0,53731078.0,1.075,0.05
300231,银信科技,8.73,8.73,8.74,8.62,8.57,8.73,8.41,10483480.0,89936549.0,1.276,0.11
300232,洲明科技,5.98,5.98,5.99,6.05,6.04,6.06,5.94,22992434.0,137661183.0,-1.157,-0.07
300233,金城医药,12.25,12.24,12.26,12.46,12.45,12.45,12.08,6298359.0,76870637.0,-1.685,-0.21
300234,开尔新材,11.4,11.39,11.4,11.08,10.97,11.66,10.8,41635973.0,469964397.0,2.888,0.32
300235,方直科技,14.2,14.2,14.21,14.21,14.06,14.46,13.78,13426200.0,189344457.0,-0.07,-0.01
300236,上海新阳,100.02,100.01,100.02,100.49,100.48,101.67,98.68,13622664.0,1363473169.0,-0.468,-0.47
300237,ST美晨,2.11,2.11,2.12,2.1,2.1,2.12,2.07,18903890.0,39480653.0,0.476,0.01
300238,冠昊生物,11.04,11.04,11.05,10.9,10.86,11.08,10.71,3663600.0,39998891.0,1.284,0.14
300239,东宝生物,5.19,5.19,5.2,5.3,5.42,5.48,5.14,32392300.0,171300002.0,-2.075,-0.11
300240,飞力达,5.59,5.58,5.59,5.56,5.56,5.62,5.39,8938850.0,49066680.0,0.54,0.03
300241,瑞丰光电,6.7,6.69,6.7,6.48,6.45,6.82,6.33,59631202.0,394282150.0,3.395,0.22
300242,佳云科技,4.65,4.64,4.65,4.65,4.66,4.77,4.5,26042700.0,120204592.0,0.0,0.0
300243,瑞丰高材,20.53,20.52,20.53,19.75,19.8,20.59,19.3,30780131.0,616705324.0,3.949,0.78
300244,迪安诊断,18.43,18.42,18.43,18.87,18.83,18.93,18.34,30827742.0,572050435.0,-2.332,-0.44
300245,ST天玑,6.18,6.18,6.19,5.95,5.97,6.2,5.78,13010508.0,78136207.0,3.866,0.23
300246,宝莱特,17.9,17.9,17.93,16.87,16.8,17.97,16.71,17578248.0,307342972.0,6.106,1.03
300247,融捷健康,4.14,4.13,4.14,4.13,4.13,4.16,4.05,13509468.0,55430370.0,0.242,0.01
300248,新开普,8.55,8.55,8.56,8.45,8.46,8.57,8.32,7721633.0,65437024.0,1.183,0.1
300249,依米康,17.12,17.12,17.13,15.4,15.82,17.44,15.82,53396819.0,889000703.0,11.169,1.72
300250,初灵信息,15.86,15.86,15.87,15.88,15.99,16.02,15.48,4429400.0,69718830.0,-0.126,-0.02
300251,光线传媒,11.64,11.64,11.65,11.56,11.53,11.68,11.4,33075837.0,383225952.0,0.692,0.08
300252,金信诺,18.5,18.5,18.51,17.67,17.49,18.65,17.24,97753792.0,1755303182.0,4.697,0.83
300253,卫宁健康,7.21,7.2,7.21,7.3,7.24,7.24,7.11,44658961.0,320258686.0,-1.233,-0.09
300254,仟源医药,9.28,9.26,9.28,9.29,9.22,9.38,8.98,12214200.0,111696914.0,-0.108,-0.01
300255,常山药业,29.37,29.36,29.37,30.33,29.52,30.33,27.88,40297729.0,1174809194.0,-3.165,-0.96
300256,星星科技,2.94,2.94,2.95,2.87,2.87,2.98,2.82,34239550.0,99653754.0,2.439,0.07
300257,开山股份,27.64,27.63,27.64,28.51,28.8,29.44,27.43,11692851.0,327323380.0,-3.052,-0.87
300258,精锻科技,12.94,12.94,12.95,12.1,12.1,13.39,12.0,27242687.0,347426841.0,6.942,0.84
300259,新天科技,5.91,5.9,5.91,6.11,6.05,6.11,5.87,40116650.0,239372916.0,-3.273,-0.2
300260,新莱应材,75.3,75.29,75.3,75.41,75.41,76.58,74.3,23317998.0,1758956283.0,-0.146,-0.11
300261,雅本化学,4.83,4.82,4.83,4.87,4.84,4.87,4.76,6379400.0,30677825.0,-0.821,-0.04
300263,隆华科技,16.08,16.08,16.09,15.99,15.5,16.55,15.4,170253800.0,2708695607.0,0.563,0.09
300264,佳创视讯,8.99,8.99,9.0,8.86,8.78,9.27,8.59,30604704.0,271902432.0,1.467,0.13
300265,通光线缆,23.03,23.02,23.03,22.38,22.6,23.77,22.21,58893829.0,1358176523.0,2.904,0.65
300266,兴源环境,2.06,2.05,2.06,2.04,2.02,2.06,1.99,19414500.0,39252917.0,0.98,0.02
300267,尔康制药,3.54,3.53,3.54,3.48,3.47,3.55,3.39,42575185.0,148245733.0,1.724,0.06
300268,佳沃食品,11.55,11.55,11.57,11.28,11.17,11.81,10.98,3125873.0,35563560.0,2.394,0.27
300269,联建光电,5.22,5.21,5.22,5.12,5.09,5.26,4.96,25162517.0,129295016.0,1.953,0.1
300270,中威电子,12.14,12.14,12.15,11.88,11.89,12.19,11.67,7500501.0,89898800.0,2.189,0.26
300271,华宇软件,5.39,5.38,5.39,5.34,5.31,5.39,5.24,7921800.0,42184162.0,0.936,0.05
300272,开能健康,5.77,5.76,5.77,5.74,5.74,5.8,5.61,6029536.0,34445420.0,0.523,0.03
300274,阳光电源,152.49,152.49,152.5,149.1,150.41,156.83,147.88,70120677.0,10759046888.0,2.274,3.39
300275,梅安森,9.21,9.21,9.22,9.19,9.18,9.22,8.96,8343160.0,76051420.0,0.218,0.02
300276,三丰智能,8.02,8.02,8.03,7.92,7.85,8.09,7.71,63119141.0,502143779.0,1.263,0.1
300277,汽轮科技,14.92,14.91,14.92,14.21,14.22,14.97,13.96,49307180.0,723556922.0,4.996,0.71
300278,华昌达,4.54,4.53,4.54,4.4,4.38,4.59,4.33,37206304.0,166555353.0,3.182,0.14
300279,和晶科技,7.31,7.3,7.31,6.96,6.96,7.48,6.87,17890386.0,128716192.0,5.029,0.35
300281,金明精机,7.34,7.33,7.34,7.13,7.13,7.49,6.97,13602050.0,98764937.0,2.945,0.21
300283,温州宏丰,18.46,18.46,18.47,17.8,17.82,18.77,17.45,77237256.0,1399377211.0,3.708,0.66
300284,苏交科,5.66,5.65,5.66,5.8,5.76,5.77,5.61,14888341.0,84315599.0,-2.414,-0.14
300285,国瓷材料,67.43,67.43,67.44,63.3,63.63,69.66,63.3,145043452.0,9713245487.0,6.524,4.13
300286,安科瑞,29.27,29.27,29.28,27.45,27.51,30.57,27.51,12819021.0,376902641.0,6.63,1.82
300287,飞利信,3.64,3.63,3.64,3.58,3.55,3.65,3.49,32432477.0,115834955.0,1.676,0.06
300288,朗玛信息,9.72,9.71,9.72,9.76,9.71,9.8,9.54,3732453.0,36059342.0,-0.41,-0.04
300289,利德曼,6.13,6.13,6.14,6.22,6.18,6.18,6.01,14381057.0,87586611.0,-1.447,-0.09
300290,荣科科技,9.84,9.84,9.85,9.93,9.98,9.98,9.67,21119531.0,207307132.0,-0.906,-0.09
300291,百纳千成,5.33,5.33,5.34,5.29,5.24,5.34,5.1,31780500.0,165892676.0,0.756,0.04
300292,吴通控股,6.39,6.39,6.4,6.28,6.21,6.48,6.15,185412869.0,1176761127.0,1.752,0.11
300293,蓝英装备,17.89,17.88,17.89,17.81,17.77,18.0,17.5,6303800.0,111878535.0,0.449,0.08
300294,博雅生物,16.39,16.38,16.39,16.67,16.6,16.66,16.28,5285700.0,86599655.0,-1.68,-0.28
300295,*ST三六,11.3,11.3,11.31,11.14,11.14,11.37,10.94,2678900.0,29916736.0,1.436,0.16
300296,利亚德,6.81,6.81,6.82,6.64,6.6,6.88,6.52,128254938.0,864030322.0,2.56,0.17
300298,三诺生物,14.65,14.64,14.65,14.92,14.88,14.88,14.62,3508398.0,51544874.0,-1.81,-0.27
300299,富春股份,5.22,5.21,5.22,5.22,5.21,5.24,5.12,11213899.0,58112770.0,0.0,0.0
300300,海峡创新,8.89,8.89,8.9,8.9,8.92,9.0,8.67,35953149.0,317835194.0,-0.112,-0.01
300301,ST长方,3.2,3.19,3.2,3.21,3.21,3.25,3.14,9289600.0,29440089.0,-0.312,-0.01
300302,同有科技,47.75,47.75,47.76,46.0,46.82,49.45,46.0,56640116.0,2712076185.0,3.804,1.75
300303,聚飞光电,9.31,9.3,9.31,8.97,8.95,9.45,8.91,101533792.0,938015488.0,3.79,0.34
300304,云意电气,16.9,16.89,16.9,16.82,16.8,17.17,16.32,37664100.0,629446528.0,0.476,0.08
300305,裕兴股份,7.72,7.72,7.73,7.49,7.46,7.73,7.23,30625400.0,230893039.0,3.071,0.23
300306,远方信息,10.45,10.44,10.45,10.46,10.49,10.6,10.22,2467400.0,25671493.0,-0.096,-0.01
300307,慈星股份,8.38,8.38,8.39,8.73,8.5,8.72,8.31,65993765.0,556411535.0,-4.009,-0.35
300308,中际旭创,1248.09,1248.08,1248.09,1245.0,1240.0,1273.68,1232.46,23282186.0,29091725556.0,0.248,3.09
300310,宜通世纪,4.79,4.79,4.8,4.73,4.73,4.81,4.59,28641679.0,134848658.0,1.268,0.06
300311,ST任子行,5.16,5.16,5.17,5.07,5.09,5.18,5.03,9626538.0,49327087.0,1.775,0.09
300313,*ST天山,8.82,8.81,8.82,8.43,8.45,8.92,8.35,2897900.0,25173847.0,4.626,0.39
300314,戴维医疗,9.87,9.87,9.88,9.68,9.71,10.09,9.45,4307883.0,41984246.0,1.963,0.19
300315,掌趣科技,4.11,4.1,4.11,4.15,4.13,4.15,4.08,47811300.0,196108939.0,-0.964,-0.04
300316,晶盛机电,51.69,51.69,51.7,52.15,52.24,52.88,51.1,32628446.0,1692998463.0,-0.882,-0.46
300317,珈伟新能,5.02,5.02,5.03,4.82,4.79,5.04,4.7,61746140.0,303173709.0,4.149,0.2
300318,博晖创新,4.56,4.54,4.56,4.57,4.55,4.58,4.47,4846900.0,21889050.0,-0.219,-0.01
300319,麦捷科技,22.66,22.66,22.67,20.83,20.84,23.87,20.84,183243042.0,4097226512.0,8.785,1.83
300320,海达股份,9.06,9.05,9.06,8.27,8.3,9.14,8.19,22394606.0,195912400.0,9.553,0.79
300321,同大股份,40.6,40.6,40.62,41.27,41.09,41.98,39.92,2881016.0,117411323.0,-1.623,-0.67
300322,硕贝德,31.15,31.15,31.16,28.96,29.25,32.14,29.02,66092944.0,2036442782.0,7.562,2.19
300323,华灿光电,16.13,16.13,16.14,16.04,16.04,16.63,15.93,78076143.0,1270653921.0,0.561,0.09
300324,旋极信息,4.05,4.05,4.06,4.04,4.02,4.07,3.94,40371097.0,161740123.0,0.248,0.01
300326,ST凯利,6.3,6.29,6.3,6.18,6.14,6.32,6.06,6299608.0,39096312.0,1.942,0.12
300327,中颖电子,27.09,27.09,27.1,26.66,26.48,27.37,26.42,14283917.0,385186521.0,1.613,0.43
300328,宜安科技,19.75,19.75,19.76,19.42,19.16,20.07,18.71,60820968.0,1179343262.0,1.699,0.33
300329,海伦钢琴,12.22,12.22,12.23,12.49,12.45,12.55,12.14,3275900.0,40156496.0,-2.162,-0.27
300331,苏大维格,71.74,71.72,71.74,67.33,66.91,71.99,66.28,28569119.0,2004055435.0,6.55,4.41
300332,天壕能源,4.51,4.51,4.52,4.57,4.57,4.59,4.46,18412144.0,83066019.0,-1.313,-0.06
300333,兆日科技,9.67,9.66,9.67,10.1,10.19,10.35,9.47,23482923.0,227487039.0,-4.257,-0.43
300334,津膜科技,12.0,11.99,12.0,11.93,11.58,12.82,11.3,52791002.0,636410355.0,0.587,0.07
300335,迪森股份,5.41,5.41,5.42,5.4,5.4,5.43,5.28,12827818.0,68732506.0,0.185,0.01
300337,银邦股份,12.22,12.21,12.22,12.11,12.08,12.44,12.05,21182538.0,259833208.0,0.908,0.11
300338,*ST开元,3.26,3.25,3.26,3.09,3.1,3.28,3.06,7389300.0,23406412.0,5.502,0.17
300339,润和软件,40.88,40.88,40.89,40.61,40.56,41.09,39.65,26649973.0,1076835398.0,0.665,0.27
300340,科恒股份,9.75,9.75,9.76,9.37,9.3,9.85,9.23,9004380.0,86623449.0,4.055,0.38
300341,麦克奥迪,15.1,15.09,15.1,14.93,14.93,15.15,14.71,7683313.0,115577738.0,1.139,0.17
300342,天银机电,44.82,44.82,44.83,50.51,51.0,51.68,43.5,62939145.0,2993735944.0,-11.265,-5.69
300343,联创股份,6.58,6.57,6.58,6.46,6.77,6.87,6.43,69288702.0,460877843.0,1.858,0.12
300345,华民股份,6.14,6.14,6.15,6.07,6.05,6.22,5.81,28798700.0,174155993.0,1.153,0.07
300346,南大光电,63.31,63.31,63.32,61.63,62.5,64.95,62.0,75943612.0,4821775769.0,2.726,1.68
300347,泰格医药,39.36,39.36,39.37,39.4,39.19,39.83,38.5,19207502.0,752322272.0,-0.102,-0.04
300348,长亮科技,9.71,9.71,9.72,9.78,9.77,9.77,9.54,15704819.0,152187205.0,-0.716,-0.07
300349,金卡智能,11.55,11.55,11.56,11.48,11.49,11.6,11.25,8319506.0,95063409.0,0.61,0.07
300350,华鹏飞,4.39,4.38,4.39,4.35,4.32,4.39,4.2,17519382.0,75075838.0,0.92,0.04
300351,永贵电器,17.11,17.11,17.12,16.86,16.86,17.68,16.79,18627078.0,318416250.0,1.483,0.25
300352,ST信源,2.98,2.98,2.99,2.65,2.66,3.09,2.56,75677948.0,211597178.0,12.453,0.33
300353,东土科技,23.17,23.16,23.17,22.4,22.18,23.33,21.78,48199196.0,1093434976.0,3.438,0.77
300354,东华测试,32.83,32.83,32.84,32.0,32.08,33.0,31.68,2206700.0,71759141.0,2.594,0.83
300355,蒙草生态,2.99,2.99,3.0,2.97,2.97,3.0,2.91,19494508.0,57624966.0,0.673,0.02
300357,我武生物,20.83,20.83,20.84,21.2,21.12,21.13,20.66,6584478.0,137002121.0,-1.745,-0.37
300358,楚天科技,8.11,8.11,8.12,8.12,8.08,8.16,8.02,10594200.0,85640368.0,-0.123,-0.01
300359,全通教育,3.88,3.88,3.89,3.88,3.87,3.92,3.77,12665000.0,48780553.0,0.0,0.0
300360,炬华科技,12.68,12.68,12.69,12.79,12.79,12.79,12.49,5154411.0,65034519.0,-0.86,-0.11
300363,博腾股份,14.17,14.17,14.18,14.05,14.02,14.2,13.89,8159842.0,115081516.0,0.854,0.12
300364,中文在线,23.81,23.81,23.82,23.62,23.4,24.06,23.19,34938770.0,829069636.0,0.804,0.19
300365,恒华科技,4.97,4.97,4.98,4.84,4.8,5.02,4.69,15880500.0,77534794.0,2.686,0.13
300366,ST创意,5.32,5.31,5.32,5.2,5.17,5.32,5.1,6410425.0,33450676.0,2.308,0.12
300368,汇金股份,9.14,9.14,9.15,9.02,8.92,9.25,8.88,23481300.0,212180407.0,1.33,0.12
300369,绿盟科技,5.92,5.91,5.92,5.94,5.9,5.95,5.81,14389961.0,84522230.0,-0.337,-0.02
300370,安控科技,2.24,2.23,2.24,2.28,2.28,2.29,2.21,25394600.0,56642686.0,-1.754,-0.04
300371,汇中股份,10.71,10.71,10.74,10.82,10.74,10.87,10.51,2792639.0,29816220.0,-1.017,-0.11
300373,扬杰科技,108.8,108.8,108.81,105.15,107.0,113.0,105.35,31103943.0,3420000401.0,3.471,3.65
300374,中铁装配,11.83,11.82,11.83,11.85,11.8,11.98,11.61,3223400.0,38059572.0,-0.169,-0.02
300375,鹏翎股份,4.82,4.82,4.83,4.84,4.8,4.91,4.73,25373808.0,121949657.0,-0.413,-0.02
300376,易事特,6.48,6.48,6.49,6.34,6.28,6.66,6.23,114157034.0,737370389.0,2.208,0.14
300377,赢时胜,16.5,16.49,16.5,16.1,16.05,16.9,15.68,100416246.0,1641186298.0,2.484,0.4
300378,鼎捷数智,37.45,37.45,37.46,37.75,37.54,38.14,37.08,9095223.0,341918967.0,-0.795,-0.3
300380,安硕信息,30.9,30.9,30.92,30.97,30.82,31.48,30.57,3378500.0,104549621.0,-0.226,-0.07
300381,溢多利,5.83,5.83,5.84,5.81,5.79,5.89,5.71,7093876.0,41106530.0,0.344,0.02
300382,斯莱克,15.59,15.59,15.6,14.89,14.89,16.04,14.8,33364742.0,520890041.0,4.701,0.7
300383,光环新网,12.61,12.6,12.61,12.58,12.5,12.69,12.35,56997770.0,714691782.0,0.238,0.03
300384,三联虹普,12.28,12.28,12.29,12.3,12.3,12.35,11.96,3126065.0,37974517.0,-0.163,-0.02
300385,ST雪浪,13.97,13.97,13.98,14.56,14.3,14.53,13.97,8237700.0,116372377.0,-4.052,-0.59
300386,飞天诚信,10.31,10.31,10.32,10.35,10.35,10.35,10.1,4924004.0,50307080.0,-0.386,-0.04
300387,富邦科技,7.4,7.4,7.41,7.48,7.47,7.5,7.25,6358400.0,46742034.0,-1.07,-0.08
300388,节能国祯,7.07,7.07,7.08,7.14,7.09,7.15,6.99,4144585.0,29300504.0,-0.98,-0.07
300389,艾比森,13.49,13.48,13.49,13.58,13.57,13.65,13.19,5265003.0,70684082.0,-0.663,-0.09
300390,天华新能,93.42,93.42,93.43,97.12,95.97,96.64,93.0,61328578.0,5795107444.0,-3.81,-3.7
300393,中来股份,8.38,8.38,8.39,8.11,8.11,8.49,7.91,37596628.0,310726022.0,3.329,0.27
300394,天孚通信,324.71,324.7,324.71,305.04,311.56,331.61,306.01,57837929.0,18459969584.0,6.448,19.67
300395,菲利华,131.45,131.45,131.46,127.32,127.6,134.88,126.0,49063800.0,6451679517.0,3.244,4.13
300396,ST迪瑞,7.03,7.01,7.03,6.84,6.87,7.12,6.65,4805050.0,33114646.0,2.778,0.19
300397,天和防务,14.96,14.96,14.97,13.75,13.68,15.85,13.51,65713723.0,970975056.0,8.8,1.21
300398,飞凯材料,45.16,45.16,45.17,43.45,43.32,45.66,42.65,86803633.0,3856618308.0,3.936,1.71
300399,天利科技,19.98,19.98,19.99,20.47,20.3,20.31,19.46,13932212.0,277663753.0,-2.394,-0.49
300400,劲拓股份,44.85,44.85,44.86,43.21,42.0,45.98,41.1,28689100.0,1263807169.0,3.795,1.64
300401,花园生物,15.59,15.59,15.6,14.69,15.47,16.53,14.56,82319839.0,1287872845.0,6.127,0.9
300402,宝色股份,16.65,16.65,16.66,16.7,16.61,16.86,16.52,3893300.0,65100852.0,-0.299,-0.05
300403,汉宇集团,10.51,10.51,10.52,10.44,10.4,10.58,10.21,10056800.0,105078961.0,0.67,0.07
300404,博济医药,8.48,8.47,8.48,8.42,8.42,8.52,8.22,7736946.0,64901291.0,0.713,0.06
300405,科隆股份,5.96,5.96,5.97,5.8,5.89,6.05,5.66,12775890.0,75231703.0,2.759,0.16
300406,九强生物,11.6,11.59,11.6,11.54,11.47,11.65,11.25,5053978.0,57956779.0,0.52,0.06
300407,凯发电气,11.9,11.89,11.9,12.08,12.08,12.13,11.81,4568700.0,54584669.0,-1.49,-0.18
300408,三环集团,150.22,150.21,150.22,150.25,150.1,157.08,149.01,88801709.0,13515061718.0,-0.02,-0.03
300409,道氏技术,22.3,22.29,22.3,21.88,21.88,22.58,21.64,28339759.0,629465482.0,1.92,0.42
300410,正业科技,12.99,12.98,12.99,11.8,12.15,13.5,11.65,77105158.0,967013487.0,10.085,1.19
300411,金盾股份,11.02,0.0,0.0,11.02,0.0,0.0,0.0,0.0,0.0,0.0,0.0
300412,迦南科技,4.28,4.27,4.28,4.31,4.33,4.33,4.21,11089936.0,47190930.0,-0.696,-0.03
300413,芒果超媒,15.89,15.89,15.9,16.15,16.15,16.16,15.77,14342023.0,227447715.0,-1.61,-0.26
300414,中光防雷,12.25,12.25,12.26,12.13,12.14,12.32,12.03,6438748.0,78503064.0,0.989,0.12
300415,伊之密,21.27,21.26,21.27,21.45,21.3,21.42,21.1,4665270.0,99174894.0,-0.839,-0.18
300416,苏试试验,18.94,18.93,18.94,18.34,18.24,19.6,18.24,38436483.0,735873119.0,3.272,0.6
300417,南华仪器,11.48,11.47,11.48,11.21,11.11,11.55,10.85,5283140.0,59277232.0,2.409,0.27
300418,昆仑万维,38.61,38.61,38.62,39.22,39.05,39.18,38.41,36216053.0,1403703922.0,-1.555,-0.61
300419,ST浩丰,7.01,7.0,7.01,7.08,7.03,7.1,6.98,4530360.0,31820174.0,-0.989,-0.07
300420,五洋自控,6.33,6.33,6.34,6.54,6.42,6.6,6.26,121341270.0,771723060.0,-3.211,-0.21
300421,力星股份,20.49,20.49,20.5,20.41,20.3,20.75,20.03,6894933.0,140983192.0,0.392,0.08
300422,博世科,4.96,4.95,4.96,4.92,4.88,5.01,4.76,10039778.0,49104173.0,0.813,0.04
300423,昇辉科技,6.12,6.12,6.13,5.97,5.98,6.15,5.89,9976350.0,60409710.0,2.513,0.15
300424,航新科技,18.39,18.39,18.4,18.18,18.18,18.6,17.75,12837111.0,234486254.0,1.155,0.21
300425,中建环能,4.1,4.09,4.1,4.13,4.1,4.13,4.04,6563935.0,26769188.0,-0.726,-0.03
300426,华智数媒,5.7,5.7,5.71,5.63,5.64,5.78,5.46,8146190.0,45729131.0,1.243,0.07
300427,红相股份,7.3,7.3,7.31,7.28,7.27,7.39,7.12,22232900.0,161497733.0,0.275,0.02
300428,立中集团,20.05,20.05,20.06,19.65,19.57,20.42,19.42,8715953.0,174068962.0,2.036,0.4
300429,强力新材,15.72,15.71,15.72,15.58,15.58,15.86,15.4,39579854.0,619769861.0,0.899,0.14
300430,*ST益通,5.25,5.24,5.25,4.84,4.82,5.28,4.63,19883381.0,99137991.0,8.471,0.41
300432,富临精工,23.56,23.56,23.57,22.99,23.1,24.0,23.1,55996952.0,1321222155.0,2.479,0.57
300433,蓝思科技,48.35,48.35,48.36,45.98,45.33,50.6,45.3,240655989.0,11697048307.0,5.154,2.37
300434,金石亚药,9.14,9.14,9.15,9.25,9.23,9.28,9.07,5671800.0,51832702.0,-1.189,-0.11
300435,中泰股份,20.81,20.81,20.82,20.54,20.5,21.25,20.31,24764197.0,515542560.0,1.315,0.27
300436,广生堂,88.55,88.55,88.56,86.56,89.98,95.59,87.78,10837914.0,988577513.0,2.299,1.99
300437,清水源,12.13,12.13,12.14,12.0,11.87,12.31,11.73,12708622.0,153453359.0,1.083,0.13
300438,鹏辉能源,76.99,76.99,77.0,74.13,77.5,79.1,73.91,43211916.0,3328172234.0,3.858,2.86
300439,美康生物,8.53,8.52,8.53,8.63,8.59,8.6,8.44,2250047.0,19116393.0,-1.159,-0.1
300440,运达科技,19.53,19.52,19.53,19.78,19.73,19.83,19.38,7590800.0,148423775.0,-1.264,-0.25
300441,鲍斯股份,6.18,6.18,6.19,6.18,6.18,6.26,6.07,5971463.0,36748900.0,0.0,0.0
300442,润泽科技,79.37,79.37,79.38,78.55,78.61,80.14,77.7,35034791.0,2772043562.0,1.044,0.82
300443,金雷股份,23.04,23.04,23.05,22.44,22.59,23.37,22.3,6940864.0,159221631.0,2.674,0.6
300444,双杰电气,13.52,13.51,13.52,13.14,13.14,13.66,13.04,43853672.0,591041756.0,2.892,0.38
300445,康斯特,22.66,22.66,22.67,23.42,24.0,24.41,22.42,6357537.0,146412739.0,-3.245,-0.76
300446,航天智造,16.2,16.2,16.21,16.43,16.38,16.46,16.16,9269161.0,150469414.0,-1.4,-0.23
300447,全信股份,16.46,16.46,16.47,16.18,16.04,16.62,15.95,7469710.0,122477056.0,1.731,0.28
300448,浩云科技,7.17,7.17,7.18,6.7,6.66,7.27,6.57,39342206.0,275613293.0,7.015,0.47
300449,汉邦高科,8.04,8.04,8.05,7.87,7.83,8.08,7.68,17805718.0,140954410.0,2.16,0.17
300450,先导智能,49.4,49.39,49.4,42.6,43.88,49.56,42.7,146998903.0,6887335936.0,15.962,6.8
300451,创业慧康,3.56,3.56,3.57,3.55,3.52,3.58,3.47,26080282.0,91888495.0,0.282,0.01
300452,山河药辅,12.04,12.04,12.05,12.11,12.12,12.14,11.88,2529572.0,30276271.0,-0.578,-0.07
300453,三鑫医疗,9.25,9.23,9.25,9.32,9.27,9.29,9.12,5344870.0,49049436.0,-0.751,-0.07
300454,深信服,98.68,98.67,98.68,101.92,101.06,101.89,97.9,9793848.0,970871631.0,-3.179,-3.24
300455,航天智装,22.73,22.73,22.74,23.1,23.21,23.6,22.72,11452960.0,263334988.0,-1.602,-0.37
300456,赛微电子,41.0,41.0,41.01,40.46,40.8,41.49,39.83,27487677.0,1119652301.0,1.335,0.54
300457,赢合科技,25.37,25.37,25.38,24.52,24.4,25.66,24.23,18230168.0,457424278.0,3.467,0.85
300458,全志科技,33.22,33.21,33.22,32.85,32.5,33.5,32.5,30075327.0,997069400.0,1.126,0.37
300459,汤姆猫,3.63,3.62,3.63,3.68,3.67,3.67,3.6,65616322.0,237604408.0,-1.359,-0.05
300460,ST惠伦,9.26,9.24,9.26,9.22,9.29,9.29,8.99,6479420.0,59160118.0,0.434,0.04
300461,田中精机,42.65,42.65,42.66,42.6,42.57,44.44,41.19,7396200.0,316415793.0,0.117,0.05
300462,ST华铭,11.23,11.23,11.29,11.17,11.17,11.39,10.99,880700.0,9893174.0,0.537,0.06
300463,迈克生物,8.47,8.47,8.48,8.65,8.61,8.64,8.41,6862057.0,58156407.0,-2.081,-0.18
300464,星徽股份,8.63,8.62,8.63,7.81,8.0,8.8,8.0,30617164.0,258399418.0,10.499,0.82
300465,高伟达,16.42,16.41,16.42,16.74,16.74,17.42,16.31,25293440.0,420256758.0,-1.912,-0.32
300466,赛摩智能,7.76,7.76,7.77,7.59,7.58,7.82,7.45,8169400.0,62670803.0,2.24,0.17
300467,迅游科技,34.36,34.36,34.37,33.22,33.1,34.56,32.83,5680500.0,193237727.0,3.432,1.14
300468,四方精创,24.09,24.08,24.09,24.85,24.75,24.87,23.88,29615344.0,715248493.0,-3.058,-0.76
300469,信息发展,53.33,53.33,53.34,54.47,54.21,55.43,53.21,7183577.0,389697812.0,-2.093,-1.14
300470,中密控股,30.93,30.93,30.95,31.12,30.93,31.31,30.66,2158551.0,66837917.0,-0.611,-0.19
300471,厚普股份,9.27,9.26,9.27,9.22,9.22,9.31,9.01,5517858.0,50625541.0,0.542,0.05
300472,*ST新元,8.01,8.01,8.02,8.2,8.19,8.19,8.0,4295660.0,34541336.0,-2.317,-0.19
300473,德尔股份,31.2,31.2,31.21,30.67,30.52,31.48,29.53,5689100.0,174736413.0,1.728,0.53
300474,景嘉微,53.9,53.89,53.9,53.05,53.0,54.3,52.35,9222612.0,492245436.0,1.602,0.85
300475,香农芯创,204.41,204.4,204.41,204.29,204.29,208.5,200.5,31615321.0,6456376681.0,0.059,0.12
300476,胜宏科技,355.48,355.47,355.48,344.5,344.5,361.74,342.6,46915270.0,16530304675.0,3.187,10.98
300477,ST合纵,2.44,2.43,2.44,2.4,2.4,2.44,2.33,25092537.0,59792768.0,1.667,0.04
300478,杭州高新,37.82,37.82,37.85,38.84,39.01,39.29,37.4,4797100.0,183156425.0,-2.626,-1.02
300479,神思电子,14.55,14.54,14.55,14.25,14.18,14.65,13.9,4606340.0,65987077.0,2.105,0.3
300480,光力科技,36.37,36.37,36.38,37.16,37.15,37.42,35.98,22017791.0,804177871.0,-2.126,-0.79
300481,濮阳惠成,18.82,18.81,18.82,18.77,18.25,20.2,18.21,46891818.0,897567913.0,0.266,0.05
300482,万孚生物,20.73,20.73,20.74,18.94,18.76,21.52,18.58,39606574.0,806163656.0,9.451,1.79
300483,首华燃气,19.58,19.58,19.59,19.25,19.79,19.8,18.82,15788099.0,306761506.0,1.714,0.33
300484,蓝海华腾,14.96,14.96,14.97,14.71,14.64,15.08,14.38,4028207.0,59714563.0,1.7,0.25
300485,赛升药业,8.29,8.28,8.29,8.35,8.35,8.35,8.15,4368600.0,35984442.0,-0.719,-0.06
300486,东杰智能,24.19,24.18,24.19,23.58,23.38,24.35,22.9,22414690.0,534264843.0,2.587,0.61
300487,蓝晓科技,55.72,55.72,55.73,54.58,55.01,56.65,53.8,6265979.0,347666384.0,2.089,1.14
300488,恒锋工具,44.3,44.3,44.31,39.2,39.34,44.73,39.23,16386952.0,710874652.0,13.01,5.1
300489,光智科技,212.18,212.17,212.19,195.43,209.58,219.12,195.65,11985100.0,2506674946.0,8.571,16.75
300490,华自科技,14.99,14.98,14.99,14.45,14.5,15.12,14.37,20918657.0,309547414.0,3.737,0.54
300491,通合科技,34.92,34.89,34.92,31.76,31.98,35.2,31.54,17132970.0,580139619.0,9.95,3.16
300492,华图山鼎,38.4,38.4,38.47,38.27,38.01,38.89,37.26,1884920.0,71738299.0,0.34,0.13
300493,润欣科技,14.31,14.31,14.32,13.97,14.0,14.35,13.77,15704800.0,222051152.0,2.434,0.34
300494,盛天网络,9.15,9.14,9.15,9.24,9.2,9.31,9.07,7542800.0,69103302.0,-0.974,-0.09
300496,中科创达,61.97,61.96,61.97,61.36,60.98,62.65,60.52,13468243.0,829978683.0,0.994,0.61
300497,富祥股份,17.49,17.48,17.49,17.39,17.67,17.7,17.0,34999259.0,607206919.0,0.575,0.1
300498,温氏股份,12.9,12.9,12.91,13.08,13.0,13.07,12.76,39440814.0,507345356.0,-1.376,-0.18
300499,高澜股份,38.73,38.72,38.73,37.71,37.86,38.96,37.41,26191588.0,1006033214.0,2.705,1.02
300500,启迪设计,10.13,10.13,10.14,9.96,10.15,10.21,9.85,3228850.0,32469742.0,1.707,0.17
300501,海顺新材,12.86,12.86,12.87,13.27,13.17,13.3,12.57,4455450.0,57376770.0,-3.09,-0.41
300502,新易盛,549.0,549.0,549.01,540.49,541.51,561.77,535.01,40570010.0,22245143840.0,1.574,8.51
300503,昊志机电,82.89,82.88,82.89,81.1,80.29,83.57,79.18,22102429.0,1816065111.0,2.207,1.79
300504,天邑股份,18.74,18.74,18.75,17.85,17.73,19.06,17.66,14534306.0,269121088.0,4.986,0.89
300505,川金诺,23.22,23.22,23.23,22.7,22.68,23.68,22.36,44800267.0,1036294003.0,2.291,0.52
300506,名家汇,5.1,5.1,5.11,4.31,4.7,5.17,4.55,61847441.0,301734131.0,18.329,0.79
300507,苏奥传感,7.4,7.4,7.41,7.24,7.23,7.52,7.11,13930967.0,101916151.0,2.21,0.16
300508,维宏股份,56.6,56.6,56.65,53.7,54.81,57.5,54.0,6528064.0,365385446.0,5.4,2.9
300509,新美星,9.14,9.14,9.15,9.18,9.2,9.24,8.98,4823533.0,43923980.0,-0.436,-0.04
300510,金冠股份,3.48,3.47,3.48,3.46,3.47,3.5,3.39,15889000.0,54782849.0,0.578,0.02
300511,雪榕生物,5.58,5.57,5.58,5.61,5.57,5.66,5.48,16589688.0,92313683.0,-0.535,-0.03
300512,中亚股份,7.59,7.59,7.6,7.49,7.53,7.64,7.36,3656650.0,27517026.0,1.335,0.1
300513,恒实科技,7.58,7.58,7.59,7.52,7.52,7.65,7.33,5260822.0,39437824.0,0.798,0.06
300514,友讯达,10.32,10.32,10.33,10.38,10.38,10.42,10.05,2962000.0,30278709.0,-0.578,-0.06
300515,三德科技,14.96,14.96,14.98,14.91,14.85,15.06,14.55,2300908.0,34177364.0,0.335,0.05
300516,久之洋,36.97,36.97,36.98,36.9,37.0,37.88,36.24,8453179.0,313032594.0,0.19,0.07
300517,海波重科,9.96,9.96,9.98,9.93,9.9,10.15,9.63,6679500.0,66007192.0,0.302,0.03
300518,新迅达,26.75,26.73,26.75,26.42,26.26,28.13,25.24,11645074.0,312263249.0,1.249,0.33
300519,新光药业,12.9,12.9,12.91,12.97,12.97,13.02,12.64,1916976.0,24573278.0,-0.54,-0.07
300520,科大国创,29.35,29.35,29.36,29.48,29.91,30.22,29.01,11417612.0,337166661.0,-0.441,-0.13
300521,爱司凯,29.66,29.63,29.66,29.31,29.18,30.49,28.6,8161860.0,240643037.0,1.194,0.35
300522,世名科技,13.34,13.33,13.34,12.24,12.26,13.44,12.12,23110736.0,301046600.0,8.987,1.1
300523,辰安科技,20.15,20.14,20.15,20.1,20.02,20.49,19.73,2785470.0,56205374.0,0.249,0.05
300525,博思软件,8.91,8.9,8.91,9.02,8.9,8.93,8.74,18782038.0,165690850.0,-1.22,-0.11
300527,ST应急,7.41,7.41,7.42,7.37,7.35,7.51,7.31,5082251.0,37741638.0,0.543,0.04
300528,幸福蓝海,14.75,14.73,14.75,14.43,14.4,14.78,14.02,9555340.0,138279138.0,2.218,0.32
300529,健帆生物,16.09,16.09,16.1,16.53,16.45,16.45,16.05,6930158.0,111897578.0,-2.662,-0.44
300530,领湃科技,19.26,19.26,19.28,18.91,18.89,19.52,18.65,2966100.0,56786018.0,1.851,0.35
300531,优博讯,15.74,15.73,15.74,15.36,15.37,15.79,15.1,9568674.0,147313624.0,2.474,0.38
300532,今天国际,6.8,6.79,6.8,6.86,6.9,6.91,6.69,7250407.0,49082263.0,-0.875,-0.06
300533,冰川网络,14.88,14.87,14.88,15.03,14.88,15.01,14.62,6122150.0,90652832.0,-0.998,-0.15
300534,陇神戎发,7.6,7.59,7.6,7.63,7.62,7.63,7.43,4553800.0,34280387.0,-0.393,-0.03
300535,达威股份,15.06,15.05,15.06,14.98,14.99,15.28,14.52,2250746.0,33564295.0,0.534,0.08
300536,农尚环境,9.8,9.77,9.8,9.8,9.77,9.9,9.62,13488900.0,131686231.0,0.0,0.0
300537,广信材料,28.9,28.89,28.9,28.3,28.4,29.16,27.99,28624400.0,822926478.0,2.12,0.6
300538,同益股份,18.07,18.07,18.08,17.6,17.8,18.13,16.95,14218050.0,252317720.0,2.67,0.47
300539,横河精密,23.35,23.35,23.36,22.76,22.8,23.56,22.54,6221391.0,143799274.0,2.592,0.59
300540,蜀道装备,25.08,25.07,25.08,24.4,24.24,25.6,23.92,14438682.0,359318759.0,2.787,0.68
300541,先进数通,10.41,10.41,10.42,10.51,10.46,10.5,10.31,6272863.0,65206787.0,-0.951,-0.1
300542,新晨科技,12.4,12.39,12.4,12.52,12.49,12.59,12.22,3958100.0,48793375.0,-0.958,-0.12
300543,朗科智能,8.15,8.15,8.16,8.19,8.19,8.24,7.9,5872106.0,47303564.0,-0.488,-0.04
300545,联得装备,37.21,37.21,37.22,35.46,35.12,37.8,34.86,16016455.0,587859656.0,4.935,1.75
300546,雄帝科技,16.8,16.79,16.8,16.54,16.44,16.85,16.08,3825550.0,63333852.0,1.572,0.26
300547,川环科技,36.37,36.36,36.37,35.45,35.52,38.17,35.52,15148654.0,560621919.0,2.595,0.92
300548,长芯博创,283.3,283.29,283.3,268.84,286.77,301.62,282.21,28709065.0,8322808404.0,5.379,14.46
300549,优德精密,14.71,14.7,14.71,14.46,14.51,14.87,14.12,2330341.0,33875683.0,1.729,0.25
300550,和仁科技,14.9,14.9,14.91,14.43,14.35,15.2,14.18,9164278.0,134242870.0,3.257,0.47
300551,古鳌科技,11.36,11.35,11.36,11.04,11.01,11.45,10.89,8657864.0,97120056.0,2.899,0.32
300552,万集科技,27.35,27.35,27.36,25.69,25.72,27.49,25.01,9944218.0,263989978.0,6.462,1.66
300553,集智股份,69.9,69.88,69.9,68.88,69.26,70.99,67.2,4429234.0,307332516.0,1.481,1.02
300554,三超新材,30.75,30.75,30.76,30.16,29.89,31.14,29.5,10160776.0,308548918.0,1.956,0.59
300555,ST路通,12.06,12.06,12.07,12.16,12.17,12.2,11.92,861300.0,10363037.0,-0.822,-0.1
300556,丝路视觉,19.79,19.78,19.79,20.01,19.92,20.26,19.52,12404045.0,246438195.0,-1.099,-0.22
300557,理工光科,31.24,31.24,31.25,31.0,30.88,31.8,30.42,9958272.0,310340919.0,0.774,0.24
300558,贝达药业,50.54,50.53,50.54,53.35,53.13,53.13,50.06,19996493.0,1019337816.0,-5.267,-2.81
300559,佳发教育,10.73,10.72,10.73,10.59,10.63,10.75,10.26,6516387.0,68703363.0,1.322,0.14
300560,中富通,18.11,18.1,18.11,18.65,18.7,18.92,17.77,15505800.0,282542499.0,-2.895,-0.54
300561,汇金科技,13.56,13.56,13.57,13.55,13.41,13.69,12.99,20843005.0,278156241.0,0.074,0.01
300562,乐心医疗,12.78,12.78,12.79,11.75,11.76,13.06,11.43,18360808.0,226391751.0,8.766,1.03
300563,神宇股份,29.82,29.81,29.82,28.59,28.57,30.28,28.4,6510690.0,191244475.0,4.302,1.23
300564,筑博设计,12.77,12.76,12.77,12.59,12.49,12.9,12.35,4579300.0,57864297.0,1.43,0.18
300565,科信技术,12.65,12.65,12.66,12.25,12.14,12.73,12.1,19639650.0,244743062.0,3.265,0.4
300566,激智科技,34.25,34.24,34.25,35.19,33.88,35.4,32.8,44472752.0,1513874427.0,-2.671,-0.94
300567,精测电子,204.83,204.73,204.84,208.46,210.0,213.0,198.01,10725211.0,2177239006.0,-1.741,-3.63
300568,星源材质,19.68,19.67,19.68,18.7,18.7,20.23,18.2,153350782.0,2985199938.0,5.241,0.98
300569,天能重工,5.0,5.0,5.01,5.08,5.05,5.08,4.97,16572877.0,82924627.0,-1.575,-0.08
300570,太辰光,263.29,263.28,263.29,222.1,245.06,263.6,245.06,40870178.0,10470076277.0,18.546,41.19
300571,平治信息,42.5,42.49,42.5,41.58,41.68,43.25,40.88,11276022.0,473842766.0,2.213,0.92
300572,安车检测,28.12,28.12,28.13,27.5,27.5,28.38,27.33,5282053.0,147934577.0,2.255,0.62
300573,兴齐眼药,36.94,36.94,36.95,37.78,37.66,37.68,36.71,6205323.0,229486866.0,-2.223,-0.84
300575,中旗股份,5.57,5.57,5.58,5.64,5.63,5.65,5.5,8614345.0,47904392.0,-1.241,-0.07
300576,容大感光,49.88,49.88,49.89,48.94,49.0,51.7,48.8,34359374.0,1720366235.0,1.921,0.94
300577,开润股份,15.63,15.63,15.64,15.78,15.78,15.94,15.48,1696468.0,26480734.0,-0.951,-0.15
300578,会畅科技,19.46,19.45,19.46,19.16,19.02,19.58,18.72,5771568.0,111107939.0,1.566,0.3
300579,数字认证,21.82,21.82,21.85,21.88,21.81,21.95,21.41,2832283.0,61332319.0,-0.274,-0.06
300580,贝斯特,23.4,23.4,23.41,23.7,23.5,24.1,22.6,13064157.0,307237292.0,-1.266,-0.3
300581,晨曦航空,12.8,12.79,12.8,13.06,12.91,13.37,12.71,36225190.0,470436216.0,-1.991,-0.26
300582,英飞特,15.33,15.33,15.34,14.49,14.55,15.46,14.35,14847449.0,224043038.0,5.797,0.84
300583,赛托生物,11.72,11.7,11.72,11.84,11.84,11.88,11.55,3686176.0,43046800.0,-1.014,-0.12
300584,海辰药业,31.85,31.84,31.85,31.5,31.51,32.58,31.14,2553700.0,81096084.0,1.111,0.35
300585,奥联电子,18.2,18.19,18.2,17.93,17.77,18.49,17.61,4979402.0,90372799.0,1.506,0.27
300586,美联新材,14.38,14.37,14.38,13.82,13.58,14.66,13.48,69982759.0,994112291.0,4.052,0.56
300587,天铁科技,4.82,4.81,4.82,4.69,4.72,4.91,4.62,31225519.0,149313596.0,2.772,0.13
300588,熙菱信息,21.98,21.97,21.98,22.09,23.2,23.38,21.61,14469980.0,324402227.0,-0.498,-0.11
300589,江龙船艇,13.08,13.08,13.09,13.26,13.2,13.26,12.96,9536546.0,124916556.0,-1.357,-0.18
300590,移为通信,15.56,15.56,15.57,14.78,14.53,15.71,14.53,22401190.0,343247330.0,5.277,0.78
300591,万里马,7.26,7.25,7.26,7.33,7.29,7.57,7.15,11122911.0,80850798.0,-0.955,-0.07
300592,华凯易佰,12.58,12.58,12.59,12.87,12.8,13.04,12.53,12493780.0,158380437.0,-2.253,-0.29
300593,新雷能,39.11,39.1,39.11,36.06,36.11,39.26,35.07,48227274.0,1801698885.0,8.458,3.05
300594,ST朗进,16.08,16.08,16.1,15.54,15.55,16.2,15.01,1840300.0,28828025.0,3.475,0.54
300595,欧普康视,11.18,11.18,11.19,11.27,11.26,11.26,11.09,6268460.0,69903786.0,-0.799,-0.09
300596,利安隆,41.86,41.86,41.87,41.33,40.93,42.2,40.41,3791761.0,157394362.0,1.282,0.53
300597,吉大通信,8.12,8.12,8.13,8.0,8.0,8.21,7.85,6458400.0,51919752.0,1.5,0.12
300598,诚迈科技,31.23,31.22,31.23,31.35,31.21,31.4,30.43,4342747.0,133950678.0,-0.383,-0.12
300599,雄塑科技,12.58,12.57,12.58,13.2,12.96,13.04,12.28,24626557.0,307620997.0,-4.697,-0.62
300600,国瑞科技,10.62,10.62,10.63,10.71,10.72,10.79,10.46,4333300.0,46071100.0,-0.84,-0.09
300601,康泰生物,11.6,11.6,11.61,11.56,11.5,11.7,11.34,15466351.0,177915016.0,0.346,0.04
300602,飞荣达,48.4,48.39,48.4,46.52,46.05,49.18,45.7,33677103.0,1616153529.0,4.041,1.88
300603,立昂技术,8.63,8.63,8.64,8.56,8.6,8.64,8.37,14650555.0,124493818.0,0.818,0.07
300604,长川科技,240.4,240.4,240.41,231.45,231.5,243.49,229.5,23841524.0,5663077205.0,3.867,8.95
300605,恒锋信息,10.49,10.48,10.49,10.53,10.48,10.64,10.18,4792864.0,49774733.0,-0.38,-0.04
300606,金太阳,44.6,44.6,44.61,43.8,43.81,45.45,43.4,12140600.0,539414122.0,1.826,0.8
300607,拓斯达,36.35,36.35,36.36,34.05,33.71,37.5,33.56,46157324.0,1659585987.0,6.755,2.3
300608,思特奇,12.13,12.13,12.14,11.96,11.82,12.19,11.5,22047184.0,262280132.0,1.421,0.17
300609,汇纳科技,32.28,32.28,32.31,32.57,32.3,32.98,31.73,3011500.0,97416836.0,-0.89,-0.29
300610,晨化股份,10.81,10.8,10.81,10.59,10.59,10.83,10.42,4736420.0,50436735.0,2.077,0.22
300611,美力科技,25.81,25.81,25.82,26.55,26.52,26.54,25.66,4819732.0,124991610.0,-2.787,-0.74
300612,宣亚国际,12.23,12.22,12.23,12.3,12.29,12.3,11.99,4480778.0,54374256.0,-0.569,-0.07
300613,富瀚微,65.59,65.59,65.6,62.58,62.45,66.85,62.01,15333441.0,1001081319.0,4.81,3.01
300614,百川畅银,11.67,11.67,11.68,12.11,12.03,12.03,11.38,4871600.0,56651050.0,-3.633,-0.44
300615,欣天科技,11.19,11.19,11.2,10.98,10.95,11.29,10.7,5513470.0,60954883.0,1.913,0.21
300616,尚品宅配,12.95,12.95,12.97,12.68,12.53,13.29,12.39,9174300.0,118473650.0,2.129,0.27
300617,安靠智电,61.39,61.38,61.39,57.85,57.53,62.42,57.07,8772100.0,529835784.0,6.119,3.54
300618,寒锐钴业,38.71,38.71,38.72,38.7,38.36,39.2,38.0,10044706.0,388666279.0,0.026,0.01
300619,金银河,40.08,40.07,40.08,38.69,38.65,40.48,38.45,5812011.0,230187158.0,3.593,1.39
300620,光库科技,392.49,392.49,392.5,343.05,359.02,395.5,359.02,26938358.0,10127596096.0,14.412,49.44
300621,维业股份,7.06,7.06,7.07,7.01,7.04,7.13,6.8,6057100.0,42133140.0,0.713,0.05
300622,博士眼镜,15.54,15.53,15.54,15.4,15.4,15.59,15.0,6461124.0,99127267.0,0.909,0.14
300623,捷捷微电,36.01,36.01,36.02,35.38,35.39,36.7,35.0,41441987.0,1497234475.0,1.781,0.63
300624,万兴科技,54.08,54.07,54.08,54.02,53.78,54.3,52.5,5098821.0,274277838.0,0.111,0.06
300625,三雄极光,9.99,9.98,9.99,9.92,9.88,10.03,9.74,2274928.0,22536434.0,0.706,0.07
300626,华瑞股份,37.76,37.76,37.77,37.05,37.24,37.9,35.55,14979960.0,556741186.0,1.916,0.71
300627,华测导航,30.14,30.14,30.15,30.95,31.08,31.19,30.0,13820047.0,418730537.0,-2.617,-0.81
300628,亿联网络,33.42,33.42,33.43,34.03,33.85,33.96,33.2,10279830.0,344324651.0,-1.793,-0.61
300629,新劲刚,21.5,21.5,21.51,21.21,21.25,21.9,20.89,7843053.0,168304865.0,1.367,0.29
300631,久吾高科,26.16,26.15,26.16,26.33,25.98,26.45,25.73,3953900.0,103272834.0,-0.646,-0.17
300632,光莆股份,28.78,28.78,28.79,28.81,28.53,28.98,27.86,32349530.0,920246383.0,-0.104,-0.03
300633,开立医疗,19.39,19.38,19.39,19.71,19.6,19.71,19.29,4781200.0,93069494.0,-1.624,-0.32
300634,彩讯股份,21.85,21.85,21.86,21.75,21.65,22.15,21.17,12837898.0,278078120.0,0.46,0.1
300635,中达安,13.91,13.91,13.92,13.2,13.19,14.17,12.82,8034475.0,109194632.0,5.379,0.71
300636,同和药业,6.61,6.61,6.62,6.67,6.67,6.69,6.49,4797943.0,31481930.0,-0.9,-0.06
300637,扬帆新材,10.27,10.27,10.28,10.19,10.16,10.34,9.97,6663600.0,67749556.0,0.785,0.08
300638,广和通,20.59,20.59,20.6,20.38,20.38,20.88,20.18,10784269.0,222348597.0,1.03,0.21
300639,凯普生物,5.36,5.35,5.36,5.37,5.36,5.37,5.25,7957339.0,42215267.0,-0.186,-0.01
300640,德艺文创,5.97,5.97,5.99,5.9,5.9,6.07,5.75,9552800.0,56301893.0,1.186,0.07
300641,正丹股份,18.63,18.63,18.64,17.87,17.74,18.75,17.5,29550733.0,539492133.0,4.253,0.76
300642,透景生命,12.92,12.92,12.94,12.88,12.89,13.2,12.61,3225581.0,41569996.0,0.311,0.04
300643,万通智控,18.46,18.45,18.46,17.39,17.39,18.81,17.15,9944400.0,180459673.0,6.153,1.07
300644,南京聚隆,26.07,26.07,26.08,25.66,25.5,26.2,25.02,3027040.0,77815195.0,1.598,0.41
300645,正元智慧,13.32,13.32,13.33,13.28,13.29,13.42,12.96,3256808.0,42924380.0,0.301,0.04
300647,超频三,6.21,6.21,6.22,6.09,6.09,6.27,5.96,15924750.0,97979209.0,1.97,0.12
300648,星云股份,47.65,47.65,47.7,46.34,46.29,48.15,45.91,2146091.0,101308789.0,2.827,1.31
300649,杭州园林,27.15,27.15,27.3,24.89,24.89,27.66,24.34,7471785.0,198120086.0,9.08,2.26
300650,太龙股份,13.13,13.13,13.14,12.58,12.6,13.34,12.42,9741100.0,125765486.0,4.372,0.55
300651,金陵体育,20.75,20.75,20.76,20.82,20.71,20.83,20.08,8954115.0,183237475.0,-0.336,-0.07
300652,雷迪克,40.74,40.74,40.8,40.22,40.25,41.37,39.61,1893580.0,76756835.0,1.293,0.52
300653,正海生物,14.56,14.55,14.56,14.81,14.77,14.79,14.44,2057250.0,29919963.0,-1.688,-0.25
300654,世纪天鸿,9.08,9.08,9.09,9.26,9.21,9.29,8.9,11694845.0,105767957.0,-1.944,-0.18
300655,晶瑞电材,16.16,16.16,16.17,15.67,15.54,16.83,15.52,92721869.0,1495692037.0,3.127,0.49
300656,民德电子,40.04,40.02,40.04,37.46,37.0,43.0,37.0,16868052.0,678253515.0,6.887,2.58
300657,弘信电子,47.14,47.14,47.15,48.53,47.52,48.28,46.3,71239841.0,3369922718.0,-2.864,-1.39
300658,延江股份,12.62,12.62,12.65,12.69,12.69,12.75,12.27,10387920.0,129394533.0,-0.552,-0.07
300659,中孚信息,10.57,10.57,10.58,10.46,10.46,10.61,10.26,4558400.0,47608669.0,1.052,0.11
300660,江苏雷利,30.85,30.84,30.85,30.29,30.01,31.49,29.91,8811102.0,271337492.0,1.849,0.56
300661,圣邦股份,127.5,127.5,127.51,116.83,116.83,128.89,115.7,30086299.0,3689487076.0,9.133,10.67
300662,科锐国际,19.29,19.29,19.3,19.63,19.54,19.54,19.05,4002800.0,77081012.0,-1.732,-0.34
300663,科蓝软件,7.5,7.5,7.51,7.48,7.62,7.62,7.35,17616800.0,131696516.0,0.267,0.02
300664,鹏鹞环保,4.77,4.77,4.78,4.83,4.83,4.83,4.71,5610600.0,26687816.0,-1.242,-0.06
300665,飞鹿股份,9.8,0.0,0.0,9.8,0.0,0.0,0.0,0.0,0.0,0.0,0.0
300666,江丰电子,299.61,299.61,299.66,293.6,293.0,308.8,288.18,33066911.0,9821713345.0,2.047,6.01
300667,必创科技,19.38,19.37,19.38,18.82,18.77,19.39,18.39,10717800.0,202929463.0,2.976,0.56
300668,杰恩股份,57.86,57.84,57.86,57.1,57.42,59.14,54.66,5777200.0,329428366.0,1.331,0.76
300669,沪宁股份,28.71,28.69,28.71,29.12,29.16,29.7,28.39,1919800.0,55599297.0,-1.408,-0.41
300670,大烨智能,6.32,6.32,6.33,6.06,6.13,6.37,5.96,12316050.0,76195982.0,4.29,0.26
300671,富满微,53.2,53.19,53.2,52.85,52.79,53.75,51.9,15867061.0,838081089.0,0.662,0.35
300672,国科微,300.0,299.99,300.0,290.26,295.01,303.8,286.0,12510623.0,3694168778.0,3.356,9.74
300673,佩蒂股份,13.79,13.79,13.83,13.66,13.72,14.0,13.28,3572650.0,48762128.0,0.952,0.13
300674,宇信科技,16.2,16.2,16.21,16.39,16.28,16.38,16.05,10439019.0,168751109.0,-1.159,-0.19
300675,建科院,13.33,13.28,13.33,13.34,13.35,13.45,12.93,2700100.0,35511159.0,-0.075,-0.01
300676,华大基因,33.99,33.99,34.0,34.4,34.3,34.38,33.63,4045016.0,137183977.0,-1.192,-0.41
300677,英科医疗,41.92,41.9,41.92,45.78,45.54,45.8,41.19,25386193.0,1079810251.0,-8.432,-3.86
300678,中科信息,23.37,23.36,23.37,23.3,23.27,23.46,22.9,4505658.0,104584990.0,0.3,0.07
300679,电连技术,63.89,63.89,63.9,61.22,62.46,66.28,61.92,29617210.0,1911296481.0,4.361,2.67
300680,隆盛科技,34.3,34.3,34.31,34.16,34.2,34.63,33.8,5593281.0,191746119.0,0.41,0.14
300681,英搏尔,31.7,31.69,31.7,31.31,31.44,32.33,31.06,10104167.0,321541047.0,1.246,0.39
300682,朗新科技,11.62,11.62,11.63,11.63,11.66,11.7,11.46,18127189.0,210328009.0,-0.086,-0.01
300683,海特生物,24.94,24.92,24.94,24.75,24.93,25.05,24.26,3018600.0,74502397.0,0.768,0.19
300684,中石科技,57.8,57.79,57.8,57.06,56.99,58.4,56.24,12403638.0,711054424.0,1.297,0.74
300685,艾德生物,16.91,16.91,16.92,17.05,16.96,17.0,16.66,9485409.0,159652316.0,-0.821,-0.14
300686,智动力,19.53,19.53,19.55,18.92,18.56,19.8,18.45,19213820.0,370846285.0,3.224,0.61
300687,赛意信息,25.87,25.87,25.88,25.48,25.34,26.44,25.1,20522300.0,530425447.0,1.531,0.39
300688,创业黑马,30.13,30.13,30.15,28.75,28.85,30.61,28.32,14123795.0,416908802.0,4.8,1.38
300689,澄天伟业,61.59,61.5,61.59,59.29,59.81,63.19,58.86,4967850.0,303302374.0,3.879,2.3
300690,双一科技,24.51,24.5,24.51,24.68,24.98,24.98,24.2,3685946.0,90236480.0,-0.689,-0.17
300691,联合光电,16.7,16.7,16.71,16.36,16.23,16.75,16.15,10524237.0,173898297.0,2.078,0.34
300692,中赋科技,7.7,7.7,7.71,7.87,7.88,7.91,7.68,9287242.0,72098300.0,-2.16,-0.17
300693,盛弘股份,48.57,48.57,48.58,47.18,47.3,48.68,46.56,18431580.0,885131315.0,2.946,1.39
300694,蠡湖股份,10.58,10.57,10.58,10.25,10.2,10.92,10.02,9764640.0,102836659.0,3.22,0.33
300695,兆丰股份,57.53,57.51,57.53,57.78,57.82,58.34,56.76,805549.0,46334610.0,-0.433,-0.25
300696,爱乐达,33.11,33.11,33.12,32.55,32.6,33.49,32.33,9409091.0,310981147.0,1.72,0.56
300697,电工合金,17.0,16.99,17.0,17.26,16.91,17.15,16.82,10934101.0,185797129.0,-1.506,-0.26
300698,万马科技,32.44,32.43,32.45,32.46,32.48,32.83,31.88,2217481.0,71880496.0,-0.062,-0.02
300699,光威复材,29.05,29.05,29.06,28.86,28.88,29.35,28.46,19345315.0,559887415.0,0.658,0.19
300700,岱勒新材,22.35,22.34,22.35,22.62,22.42,22.98,22.25,13214018.0,298200982.0,-1.194,-0.27
300701,森霸传感,10.32,10.31,10.32,10.27,10.18,10.41,9.99,3790583.0,38786585.0,0.487,0.05
300702,天宇股份,19.17,19.16,19.17,19.17,19.06,19.34,18.47,3269485.0,61652187.0,0.0,0.0
300703,创源股份,14.82,14.81,14.82,14.81,14.82,14.94,14.53,5141600.0,75721645.0,0.068,0.01
300705,九典制药,10.29,10.28,10.29,10.47,10.45,10.45,10.19,5491052.0,56334880.0,-1.719,-0.18
300706,阿石创,80.7,80.69,80.7,76.1,72.0,84.13,70.5,39011651.0,2895772826.0,6.045,4.6
300707,威唐工业,12.57,12.57,12.58,12.42,12.51,12.75,12.18,6543580.0,81656293.0,1.208,0.15
300708,聚灿光电,8.36,8.36,8.37,8.35,8.28,8.43,8.18,24410549.0,202639031.0,0.12,0.01
300709,精研科技,60.1,60.1,60.11,51.49,50.81,60.53,50.48,32090739.0,1810293051.0,16.722,8.61
300710,万隆光电,36.25,36.25,36.26,36.69,36.84,37.41,35.9,4518703.0,165248330.0,-1.199,-0.44
300711,广哈通信,18.06,18.06,18.07,18.0,18.0,18.17,17.6,3297940.0,59257418.0,0.333,0.06
300712,永福股份,23.08,23.07,23.08,21.99,21.98,23.78,21.8,5189650.0,118982616.0,4.957,1.09
300713,英可瑞,14.33,14.33,14.34,13.89,13.87,14.54,13.66,4628500.0,65644993.0,3.168,0.44
300715,凯伦股份,19.06,19.05,19.06,19.13,19.34,19.72,18.7,21973819.0,419064062.0,-0.366,-0.07
300716,*ST泉为,18.66,18.66,18.68,18.18,18.02,19.2,18.02,4173086.0,77990796.0,2.64,0.48
300717,华信新材,17.5,17.5,17.54,17.27,17.23,17.79,16.88,2639009.0,45704627.0,1.332,0.23
300718,长盛轴承,67.94,67.93,67.94,68.16,68.09,68.76,66.8,6559214.0,444725226.0,-0.323,-0.22
300719,安达维尔,13.25,13.24,13.25,13.49,13.43,13.85,13.16,9810300.0,131124114.0,-1.779,-0.24
300720,海川智能,79.56,79.56,79.59,73.41,73.96,80.75,73.3,16645840.0,1293753542.0,8.378,6.15
300721,怡达股份,30.37,30.37,30.38,29.29,28.69,31.28,27.5,31846092.0,933520935.0,3.687,1.08
300722,新余国科,24.32,24.32,24.33,24.78,24.5,24.95,24.29,4750260.0,116597119.0,-1.856,-0.46
300723,一品红,33.2,33.2,33.21,35.27,35.18,35.18,32.7,14481527.0,485551713.0,-5.869,-2.07
300724,捷佳伟创,73.67,73.66,73.67,72.42,72.5,74.19,71.52,11194847.0,818010962.0,1.726,1.25
300725,药石科技,32.08,32.08,32.09,32.1,32.0,32.18,31.57,4337134.0,138182813.0,-0.062,-0.02
300726,宏达电子,80.96,80.95,80.96,72.41,79.02,86.66,78.55,47773872.0,3931615775.0,11.808,8.55
300727,润禾材料,34.05,34.05,34.06,31.95,31.86,34.25,31.82,6607523.0,220274790.0,6.573,2.1
300729,乐歌股份,10.54,10.53,10.54,10.52,10.49,10.58,10.31,2062529.0,21549183.0,0.19,0.02
300730,科创信息,13.16,13.15,13.16,13.14,13.02,13.33,12.6,9544280.0,124415692.0,0.152,0.02
300731,科创新源,60.2,60.19,60.2,59.28,60.11,61.62,59.93,9219844.0,560359841.0,1.552,0.92
300732,设研院,6.31,6.31,6.32,6.31,6.3,6.37,6.18,5068753.0,31840416.0,0.0,0.0
300733,西菱动力,14.8,14.8,14.81,14.46,14.6,14.95,14.03,12788180.0,185328278.0,2.351,0.34
300735,光弘科技,20.71,20.7,20.71,19.82,19.64,20.93,19.43,23707530.0,482389577.0,4.49,0.89
300736,百邦科技,33.0,33.0,33.02,31.84,32.5,33.8,31.64,9895145.0,324540124.0,3.643,1.16
300737,科顺股份,6.8,6.79,6.8,6.69,6.98,7.2,6.48,79119046.0,538911154.0,1.644,0.11
300738,奥飞数据,20.1,20.09,20.1,20.23,20.19,20.33,19.79,44206114.0,886657056.0,-0.643,-0.13
300739,明阳电路,30.51,30.51,30.52,29.65,29.66,30.6,29.25,27522027.0,824130073.0,2.901,0.86
300740,水羊股份,22.28,22.27,22.28,22.03,22.01,22.69,22.0,11421941.0,255431602.0,1.135,0.25
300741,华宝股份,14.33,14.31,14.33,14.57,14.48,14.51,14.25,1672917.0,24052447.0,-1.647,-0.24
300743,天地数码,16.44,16.43,16.5,16.43,16.4,16.63,16.11,2496397.0,40912813.0,0.061,0.01
300745,欣锐科技,44.02,43.99,44.02,42.59,42.17,45.19,42.16,6204004.0,273563267.0,3.358,1.43
300746,汉嘉数智,11.11,11.11,11.12,11.13,11.13,11.17,10.9,2822800.0,31182712.0,-0.18,-0.02
300747,锐科激光,55.66,55.66,55.67,51.89,51.15,57.36,51.08,54832355.0,2985477058.0,7.265,3.77
300748,金力永磁,33.13,33.13,33.14,31.41,31.11,33.88,30.9,61062490.0,2013038083.0,5.476,1.72
300749,顶固集创,22.23,22.21,22.23,21.23,21.24,22.68,20.8,9144000.0,199939062.0,4.71,1.0
300750,宁德时代,403.53,403.53,403.7,398.1,408.88,409.02,398.5,34839262.0,14107808735.0,1.364,5.43
300751,迈为股份,220.4,220.39,220.4,213.5,218.0,229.58,211.01,12599940.0,2781998603.0,3.232,6.9
300752,隆利科技,13.81,13.8,13.81,13.28,13.21,14.04,12.8,16991080.0,229530855.0,3.991,0.53
300753,爱朋医疗,20.9,20.89,20.9,20.93,20.93,21.06,20.33,2834200.0,58598141.0,-0.143,-0.03
300755,华致酒行,15.19,15.18,15.19,15.47,15.31,15.49,15.0,6437230.0,97916263.0,-1.81,-0.28
300756,金马游乐,34.68,34.68,34.69,30.89,30.67,35.19,30.3,9280493.0,307027799.0,12.269,3.79
300757,罗博特科,650.0,649.99,650.0,636.66,630.32,658.28,626.8,7139830.0,4594360076.0,2.095,13.34
300758,七彩化学,12.63,12.63,12.64,12.76,12.51,13.15,12.51,14327000.0,182150266.0,-1.019,-0.13
300759,康龙化成,21.99,21.99,22.0,22.47,22.18,22.24,21.81,25920958.0,571491111.0,-2.136,-0.48
300760,迈瑞医疗,142.9,142.9,143.0,146.5,146.0,146.2,142.58,6901822.0,991774774.0,-2.457,-3.6
300761,立华股份,17.74,17.74,17.75,18.21,18.21,18.29,17.59,7794815.0,138626886.0,-2.581,-0.47
300762,上海瀚讯,35.2,35.2,35.21,36.12,36.84,37.42,35.18,32083884.0,1149949297.0,-2.547,-0.92
300763,锦浪科技,93.06,93.06,93.07,87.2,87.86,95.57,86.0,21950576.0,2021570668.0,6.72,5.86
300765,新诺威,23.76,23.76,23.77,24.74,24.55,24.68,23.65,12450426.0,298313502.0,-3.961,-0.98
300766,每日互动,24.91,24.9,24.91,24.19,24.1,25.07,23.62,21638577.0,529059165.0,2.976,0.72
300767,震安科技,21.52,21.52,21.53,19.66,19.52,21.8,19.51,19354589.0,403080585.0,9.461,1.86
300768,迪普科技,14.66,14.65,14.66,14.51,14.51,14.68,14.3,5070819.0,73462661.0,1.034,0.15
300769,德方纳米,68.72,68.72,68.73,65.24,66.37,69.38,64.6,42916929.0,2893943500.0,5.334,3.48
300770,新媒股份,34.28,34.28,34.31,34.68,34.4,34.6,33.8,2131432.0,72804584.0,-1.153,-0.4
300771,智莱科技,11.93,11.93,11.94,11.46,11.31,12.13,11.29,8264287.0,97471752.0,4.101,0.47
300772,运达股份,12.78,12.78,12.79,12.74,12.75,12.92,12.44,18346083.0,232758565.0,0.314,0.04
300773,拉卡拉,24.28,24.27,24.28,24.11,23.89,24.45,23.8,27643789.0,669042867.0,0.705,0.17
300774,倍杰特,13.63,13.63,13.64,13.95,13.88,14.01,13.45,12168096.0,166224445.0,-2.294,-0.32
300775,三角防务,23.06,23.06,23.07,23.12,23.3,23.45,22.67,16698686.0,385252054.0,-0.26,-0.06
300776,帝尔激光,157.16,157.16,157.2,145.29,145.59,159.47,144.79,16269138.0,2521329197.0,8.17,11.87
300777,中简科技,28.79,28.79,28.8,29.19,29.26,29.47,28.55,14107368.0,409100750.0,-1.37,-0.4
300778,新城市,10.27,10.26,10.27,10.12,10.08,10.35,9.96,4176510.0,42513483.0,1.482,0.15
300779,惠城环保,60.8,60.8,60.81,54.36,54.0,61.39,53.34,16054802.0,951524301.0,11.847,6.44
300780,德恩精工,32.32,32.32,0.0,26.93,26.89,32.32,26.8,7401349.0,229718242.0,20.015,5.39
300781,因赛集团,28.96,28.96,28.97,28.98,28.8,29.16,28.43,2650996.0,76630888.0,-0.069,-0.02
300782,卓胜微,97.71,97.71,97.72,96.66,96.8,98.62,95.0,19381511.0,1874367770.0,1.086,1.05
300783,三只松鼠,17.07,17.07,17.08,17.45,17.43,17.43,17.03,4861739.0,83350627.0,-2.178,-0.38
300784,利安科技,45.77,45.76,45.77,46.02,45.94,46.85,44.58,1381539.0,62925742.0,-0.543,-0.25
300785,值得买,40.08,40.07,40.08,39.87,39.9,40.5,38.95,6148525.0,244528089.0,0.527,0.21
300786,国林科技,21.93,21.92,21.93,21.51,21.3,21.99,21.05,15477696.0,333883116.0,1.953,0.42
300787,海能实业,9.82,9.82,9.83,9.43,9.5,9.95,9.36,7389146.0,71383864.0,4.136,0.39
300788,中信出版,25.18,25.18,25.19,25.25,25.11,25.3,24.6,2018000.0,50414976.0,-0.277,-0.07
300789,唐源电气,19.39,19.36,19.39,19.13,19.13,19.4,18.6,2277234.0,43365437.0,1.359,0.26
300790,宇瞳光学,26.15,26.14,26.15,23.79,23.53,26.68,23.51,54351568.0,1395838432.0,9.92,2.36
300791,仙乐健康,16.78,16.78,16.79,17.13,17.03,17.13,16.62,1251747.0,21012198.0,-2.043,-0.35
300792,壹网壹创,29.77,29.77,29.78,29.96,30.69,31.08,29.72,5093650.0,153147831.0,-0.634,-0.19
300793,佳禾智能,12.46,12.46,12.47,12.38,12.34,12.57,12.13,6642442.0,82216376.0,0.646,0.08
300795,米奥会展,9.33,9.32,9.33,9.46,9.44,9.49,9.16,3190552.0,29639575.0,-1.374,-0.13
300796,贝斯美,7.0,7.0,7.01,6.99,7.0,7.03,6.85,4421322.0,30629533.0,0.143,0.01
300797,钢研纳克,14.24,14.24,14.26,14.09,14.03,14.45,13.89,3471122.0,49347202.0,1.065,0.15
300798,锦鸡股份,7.51,7.51,7.52,7.42,7.38,7.58,7.28,16955043.0,126032102.0,1.213,0.09
300800,力合科技,10.14,10.14,10.16,10.16,10.12,10.24,9.91,3625700.0,36522914.0,-0.197,-0.02
300801,泰和科技,27.46,27.45,27.46,27.03,27.02,27.85,26.82,5298300.0,144814998.0,1.591,0.43
300802,矩子科技,25.4,25.39,25.4,25.02,24.7,25.66,24.6,18487352.0,464205088.0,1.519,0.38
300803,指南针,96.5,96.5,96.51,93.2,93.2,99.28,91.95,37583749.0,3621906278.0,3.541,3.3
300804,广康生化,37.21,37.21,37.26,37.53,37.91,38.1,36.85,1103600.0,41319032.0,-0.853,-0.32
300805,电声股份,8.11,8.11,8.12,8.1,8.1,8.14,7.89,4995800.0,40116424.0,0.123,0.01
300806,斯迪克,97.0,97.0,97.01,88.34,88.5,100.96,87.59,36307089.0,3396648238.0,9.803,8.66
300807,天迈科技,40.27,40.25,40.27,40.96,41.07,41.36,39.77,2113500.0,85005910.0,-1.685,-0.69
300808,久量股份,23.34,23.34,23.37,23.95,23.95,23.95,23.01,2281400.0,53485869.0,-2.547,-0.61
300809,华辰装备,32.35,32.35,32.36,31.33,31.3,33.6,30.71,9420752.0,303751277.0,3.256,1.02
300810,中科海讯,26.77,26.76,26.77,26.38,26.37,26.96,25.83,2000950.0,52868510.0,1.478,0.39
300811,铂科新材,95.6,95.6,95.61,91.96,93.0,97.22,92.0,21087048.0,2011313959.0,3.958,3.64
300812,易天股份,28.27,28.26,28.27,28.4,28.17,28.59,27.6,10911472.0,307155663.0,-0.458,-0.13
300813,泰林生物,19.92,19.92,19.98,19.83,20.05,20.18,19.6,1813020.0,36033213.0,0.454,0.09
300814,中富电路,181.37,181.36,181.37,185.05,183.27,186.0,176.4,11438656.0,2072292019.0,-1.989,-3.68
300815,玉禾田,18.88,18.86,18.88,19.11,18.74,19.2,18.45,4425992.0,82808700.0,-1.204,-0.23
300816,艾可蓝,83.89,83.88,84.0,83.16,83.51,86.47,81.95,2000500.0,168928225.0,0.878,0.73
300817,双飞集团,18.2,18.19,18.2,18.08,18.1,18.4,17.78,2416546.0,43770295.0,0.664,0.12
300818,耐普矿机,23.09,23.09,23.14,23.07,23.0,23.62,22.68,3287770.0,76103787.0,0.087,0.02
300819,聚杰微纤,71.74,71.74,71.75,67.93,68.68,73.3,67.98,8632191.0,612992650.0,5.609,3.81
300820,英杰电气,71.1,71.1,71.11,66.93,66.62,72.16,66.33,8297966.0,585229998.0,6.23,4.17
300821,东岳硅材,18.84,18.83,18.84,17.56,17.09,19.16,17.06,122377960.0,2239417544.0,7.289,1.28
300822,贝仕达克,13.26,13.25,13.26,12.92,12.92,13.57,12.55,4389523.0,57073413.0,2.632,0.34
300823,建科智能,16.35,16.35,16.36,16.05,16.28,16.59,15.69,4592720.0,74122371.0,1.869,0.3
300824,北鼎股份,8.07,8.07,8.08,8.11,8.13,8.14,7.94,2612642.0,20957708.0,-0.493,-0.04
300825,阿尔特,17.37,17.36,17.37,16.35,15.95,18.2,15.95,65549891.0,1142422449.0,6.239,1.02
300826,测绘股份,14.71,14.7,14.71,14.95,14.98,15.2,14.36,10489808.0,154339199.0,-1.605,-0.24
300827,上能电气,31.37,31.37,31.38,30.7,30.71,31.6,30.32,17383855.0,541994715.0,2.182,0.67
300828,锐新科技,20.85,20.85,20.86,18.67,18.88,21.08,18.76,11380550.0,229154130.0,11.676,2.18
300829,金丹科技,15.64,15.64,15.65,15.97,15.99,15.99,15.46,4735821.0,74250897.0,-2.066,-0.33
300830,金现代,8.97,8.96,8.97,8.92,8.89,9.02,8.71,8587278.0,76329202.0,0.561,0.05
300831,ST派瑞,18.65,18.63,18.65,18.13,18.3,19.27,17.96,15919749.0,298677108.0,2.868,0.52
300832,新产业,43.17,43.17,43.18,43.66,43.55,43.65,42.9,3975691.0,171875846.0,-1.122,-0.49
300833,浩洋股份,33.38,33.38,33.39,33.52,33.45,34.28,33.04,938795.0,31555312.0,-0.418,-0.14
300834,星辉环材,47.26,47.24,47.26,47.56,47.11,47.85,45.1,3204388.0,149162089.0,-0.631,-0.3
300835,龙磁科技,200.95,200.94,200.95,197.0,197.0,203.86,194.0,4884830.0,971657065.0,2.005,3.95
300836,佰奥智能,75.86,75.71,75.86,71.7,73.15,75.88,70.74,2540460.0,187819467.0,5.802,4.16
300837,浙矿股份,27.65,27.65,27.73,27.23,27.24,28.32,26.66,1965900.0,54136115.0,1.542,0.42
300838,浙江力诺,15.16,15.15,15.16,14.23,14.15,15.18,13.81,6470514.0,94233508.0,6.535,0.93
300839,博汇股份,15.04,15.03,15.04,14.68,14.68,15.24,14.55,8438240.0,125808710.0,2.452,0.36
300840,酷特智能,21.53,21.53,21.55,20.98,20.77,21.71,20.67,5563717.0,118188542.0,2.622,0.55
300841,康华生物,46.25,46.2,46.25,45.85,45.38,47.0,44.87,2428501.0,111524398.0,0.872,0.4
300842,帝科股份,80.02,80.01,80.02,78.19,78.59,80.75,76.94,4962055.0,393224242.0,2.34,1.83
300843,胜蓝股份,117.62,117.62,0.0,98.02,98.0,117.62,97.09,10802016.0,1192039146.0,19.996,19.6
300844,山水比德,24.93,24.92,24.95,24.63,24.51,25.18,24.03,2083300.0,51468070.0,1.218,0.3
300845,捷安高科,13.17,13.17,13.18,13.1,13.14,13.6,12.8,8871594.0,116801728.0,0.534,0.07
300846,首都在线,22.63,22.62,22.63,22.47,22.57,22.8,22.28,20757145.0,468111767.0,0.712,0.16
300847,中船汉光,14.19,14.19,14.2,14.25,14.28,14.29,14.1,1781750.0,25265821.0,-0.421,-0.06
300848,美瑞新材,15.19,15.19,15.2,15.49,15.37,15.64,14.92,8293445.0,126003907.0,-1.937,-0.3
300849,锦盛新材,22.89,22.89,22.9,22.96,22.98,22.98,22.36,2455886.0,55670550.0,-0.305,-0.07
300850,新强联,29.45,29.44,29.45,29.49,29.52,30.05,28.88,12377629.0,364633857.0,-0.136,-0.04
300851,交大思诺,24.32,24.32,24.33,24.68,24.6,24.7,24.0,1487983.0,36145701.0,-1.459,-0.36
300852,四会富仕,59.58,59.57,59.58,58.97,58.98,59.88,58.0,12147476.0,717897766.0,1.034,0.61
300853,申昊科技,30.47,30.47,30.48,32.48,31.18,31.83,29.01,17299245.0,525030655.0,-6.188,-2.01
300854,中兰环保,29.65,29.65,29.67,30.57,30.31,30.75,29.25,6528273.0,195466239.0,-3.009,-0.92
300855,图南股份,32.48,32.48,32.49,32.62,32.7,32.88,32.02,5387139.0,174388070.0,-0.429,-0.14
300856,科思股份,12.04,12.03,12.04,11.98,11.86,12.14,11.75,5564218.0,66475007.0,0.501,0.06
300857,协创数据,237.5,237.45,237.5,241.0,241.01,242.0,232.35,26172108.0,6193384955.0,-1.452,-3.5
300858,科拓生物,15.28,15.27,15.28,15.59,15.6,15.6,15.15,4396452.0,67198989.0,-1.988,-0.31
300859,西域旅游,28.88,28.87,28.88,30.07,30.0,30.0,28.83,4966500.0,145081252.0,-3.957,-1.19
300860,锋尚文化,26.03,26.03,26.04,25.83,25.7,26.04,25.18,1977541.0,50704067.0,0.774,0.2
300861,美畅股份,20.41,20.41,20.42,19.74,19.67,20.66,19.51,19891100.0,401845251.0,3.394,0.67
300862,蓝盾光电,22.44,22.43,22.44,22.0,21.93,22.65,21.75,4470071.0,99212612.0,2.0,0.44
300863,卡倍亿,71.78,71.78,71.79,73.41,72.9,73.96,69.5,11295890.0,813662372.0,-2.22,-1.63
300864,南大环境,21.48,21.48,21.49,21.52,21.57,21.68,20.77,1573555.0,33443656.0,-0.186,-0.04
300865,大宏立,25.63,25.63,25.64,25.78,25.64,25.98,25.26,1916800.0,49050913.0,-0.582,-0.15
300866,安克创新,113.8,113.8,113.81,116.5,116.54,118.0,112.0,5583188.0,634540062.0,-2.318,-2.7
300867,圣元环保,20.34,20.34,20.35,20.73,20.5,20.72,20.2,5614359.0,114664597.0,-1.881,-0.39
300868,杰美特,141.59,141.54,141.6,129.5,126.2,142.0,124.2,4685729.0,630646833.0,9.336,12.09
300869,康泰医学,10.84,10.83,10.84,10.84,10.85,10.9,10.69,2116500.0,22811291.0,0.0,0.0
300870,欧陆通,373.0,373.0,373.13,321.22,323.41,376.0,316.0,9786685.0,3466888636.0,16.12,51.78
300871,回盛生物,22.86,22.86,22.87,22.85,22.88,23.06,22.22,6905265.0,156539516.0,0.044,0.01
300872,天阳科技,19.67,19.67,19.68,18.81,18.92,20.04,18.73,20370766.0,395311672.0,4.572,0.86
300873,海晨股份,24.8,24.79,24.8,23.59,23.5,24.86,23.18,7346180.0,177066632.0,5.129,1.21
300875,捷强装备,32.16,32.16,32.17,32.13,31.98,32.45,31.52,2434099.0,77954008.0,0.093,0.03
300876,蒙泰高新,17.0,17.0,17.01,17.45,17.3,17.51,16.92,4027596.0,69274791.0,-2.579,-0.45
300877,金春股份,27.08,27.06,27.08,27.3,27.32,27.56,26.8,1317300.0,35785664.0,-0.806,-0.22
300878,维康药业,30.86,30.86,30.88,31.47,31.32,31.82,29.8,3479400.0,106811616.0,-1.938,-0.61
300879,大叶股份,18.33,18.32,18.33,18.25,18.12,18.51,17.82,3903900.0,71025161.0,0.438,0.08
300880,迦南智能,24.97,24.96,24.97,24.65,24.48,25.18,24.11,10837042.0,269057973.0,1.298,0.32
300881,盛德鑫泰,42.6,42.6,42.62,41.16,41.17,43.53,40.26,2368380.0,100197447.0,3.499,1.44
300882,万胜智能,15.64,15.64,15.65,15.56,15.5,15.82,15.23,2847760.0,44248482.0,0.514,0.08
300883,龙利得,6.51,6.5,6.51,6.39,6.39,6.72,6.26,38205200.0,245818876.0,1.878,0.12
300884,狄耐克,10.58,10.57,10.58,10.52,10.63,10.7,10.29,4824667.0,50639761.0,0.57,0.06
300885,海昌新材,25.6,25.59,25.6,25.39,25.13,25.85,25.05,6110449.0,156228883.0,0.827,0.21
300886,华业香料,22.23,22.23,22.26,22.47,22.4,22.65,21.71,1547500.0,34266769.0,-1.068,-0.24
300887,谱尼测试,7.99,7.99,8.0,8.0,7.95,8.03,7.84,6531981.0,51873105.0,-0.125,-0.01
300888,稳健医疗,27.65,27.63,27.65,28.05,28.06,28.16,27.44,3266792.0,90319698.0,-1.426,-0.4
300889,爱克股份,25.11,25.11,25.14,25.6,25.35,25.85,25.02,6063067.0,152790901.0,-1.914,-0.49
300890,翔丰华,35.22,35.21,35.22,34.32,34.58,35.8,33.95,8208133.0,287210761.0,2.622,0.9
300891,惠云钛业,7.07,7.06,7.07,7.01,7.08,7.19,6.86,9121925.0,64078281.0,0.856,0.06
300892,品渥食品,21.6,21.59,21.6,21.64,21.66,21.74,21.09,1348599.0,28895097.0,-0.185,-0.04
300893,松原安全,20.11,20.11,20.12,20.01,19.89,20.25,19.73,1656928.0,33233731.0,0.5,0.1
300894,火星人,10.99,10.99,11.0,10.87,10.84,11.1,10.58,19902025.0,215433059.0,1.104,0.12
300895,铜牛信息,55.85,55.84,55.85,55.4,54.82,56.1,54.55,5396628.0,299500364.0,0.812,0.45
300896,爱美客,92.15,92.15,92.16,93.61,93.02,93.03,91.8,2262047.0,208564085.0,-1.56,-1.46
300897,山科智能,16.16,16.16,16.17,16.16,16.4,16.4,15.46,4959026.0,78500359.0,0.0,0.0
300898,熊猫乳品,20.39,20.38,20.39,20.5,20.46,20.57,20.01,1778495.0,36108705.0,-0.537,-0.11
300899,上海凯鑫,29.99,29.99,30.0,29.82,29.58,30.47,28.95,744000.0,22165531.0,0.57,0.17
300900,广联航空,32.9,32.9,32.91,33.01,33.98,34.4,32.82,20656193.0,693763534.0,-0.333,-0.11
300901,中胤时尚,14.46,14.45,14.46,14.59,14.44,14.7,14.28,2376600.0,34327932.0,-0.891,-0.13
300902,国安达,17.15,17.15,17.16,17.06,17.0,17.34,15.88,11610292.0,193314848.0,0.528,0.09
300903,科翔股份,81.8,81.79,81.8,78.22,76.5,82.85,76.5,28380894.0,2272413242.0,4.577,3.58
300904,威力传动,46.3,46.25,46.3,45.94,45.98,46.86,45.01,741764.0,34176532.0,0.784,0.36
300905,宝丽迪,60.01,60.01,60.02,59.2,59.2,60.63,58.28,6149757.0,368015292.0,1.368,0.81
300906,日月明,28.0,28.0,28.07,27.75,27.67,28.35,27.08,1576300.0,43619943.0,0.901,0.25
300907,康平科技,47.66,47.64,47.66,47.5,46.69,48.17,45.78,4246541.0,200341950.0,0.337,0.16
300908,仲景食品,23.22,23.22,23.23,23.89,23.75,23.89,23.05,1617840.0,37587449.0,-2.805,-0.67
300909,汇创达,50.62,50.62,50.65,47.58,47.58,52.02,47.02,9417291.0,468932734.0,6.389,3.04
300910,瑞丰新材,31.91,31.9,31.91,33.91,33.45,33.5,31.53,14077375.0,456408925.0,-5.898,-2.0
300911,亿田智能,22.2,22.19,22.2,22.34,22.84,22.99,21.57,7108756.0,157681307.0,-0.627,-0.14
300912,凯龙高科,28.81,28.8,28.81,29.01,28.85,29.24,28.13,5087285.0,145304058.0,-0.689,-0.2
300913,兆龙互连,57.36,57.36,57.38,54.92,55.5,57.9,54.94,13245056.0,749562371.0,4.443,2.44
300915,海融科技,21.43,21.42,21.43,21.4,21.42,21.68,21.0,991800.0,21191090.0,0.14,0.03
300916,朗特智能,24.86,24.86,24.88,24.62,24.54,25.18,23.84,4535800.0,111558790.0,0.975,0.24
300917,特发服务,26.09,26.09,26.1,26.48,26.3,26.49,25.72,4401728.0,114455514.0,-1.473,-0.39
300918,南山智尚,12.63,12.63,12.64,12.38,12.3,12.74,12.19,7683151.0,96180314.0,2.019,0.25
300919,中伟新材,49.92,49.92,49.93,48.79,49.0,50.67,48.5,17925017.0,893135720.0,2.316,1.13
300920,润阳科技,39.06,39.04,39.06,39.0,38.98,39.79,38.03,2619800.0,102121860.0,0.154,0.06
300921,南凌科技,20.73,20.73,20.75,18.09,18.0,21.25,17.91,29121118.0,581846135.0,14.594,2.64
300922,天秦装备,22.98,22.98,22.99,22.84,22.86,23.5,21.73,9991298.0,226316243.0,0.613,0.14
300923,研奥股份,22.68,22.65,22.68,22.69,22.78,22.9,22.0,1727000.0,38740551.0,-0.044,-0.01
300925,法本信息,18.46,18.45,18.46,18.1,17.9,18.63,17.67,18133285.0,328660222.0,1.989,0.36
300926,博俊科技,19.47,19.47,19.48,19.67,19.67,19.68,19.31,3157638.0,61380980.0,-1.017,-0.2
300927,江天化学,24.66,24.65,24.66,25.02,24.77,25.46,24.16,8614673.0,212486485.0,-1.439,-0.36
300928,华安鑫创,29.91,29.91,29.95,29.91,29.8,30.56,29.06,1592400.0,47499645.0,0.0,0.0
300929,华骐环保,10.9,10.9,10.91,10.88,10.83,11.17,10.56,3338254.0,36094987.0,0.184,0.02
300930,屹通新材,35.19,35.16,35.19,33.94,33.7,35.5,33.18,3813118.0,131538748.0,3.683,1.25
300931,通用电梯,16.64,16.64,0.0,13.87,13.83,16.64,13.78,21720121.0,342110177.0,19.971,2.77
300932,三友联众,9.37,9.36,9.37,8.81,8.91,9.59,8.69,16741983.0,155052157.0,6.356,0.56
300933,中辰股份,6.89,6.88,6.89,6.78,6.79,7.01,6.7,12337975.0,84547833.0,1.622,0.11
300935,盈建科,32.44,32.42,32.44,32.51,33.08,33.5,31.61,2766840.0,89675834.0,-0.215,-0.07
300936,中英科技,126.5,126.5,126.58,122.4,122.38,132.8,120.7,7021934.0,895023557.0,3.35,4.1
300937,药易购,21.29,21.23,21.29,21.37,21.39,21.53,20.9,1467305.0,31133508.0,-0.374,-0.08
300938,信测标准,41.74,41.74,41.75,40.77,40.13,42.49,39.91,17955601.0,746725431.0,2.379,0.97
300939,秋田微,61.72,61.72,61.74,56.61,56.99,63.4,55.92,10940279.0,651086902.0,9.027,5.11
300940,南极光,16.5,16.49,16.5,16.39,16.4,16.7,16.07,3866427.0,63591613.0,0.671,0.11
300941,创识科技,15.18,15.15,15.18,15.26,15.21,15.26,14.89,2822772.0,42633192.0,-0.524,-0.08
300942,易瑞生物,6.28,6.27,6.28,6.2,6.2,6.32,6.11,5802848.0,36154126.0,1.29,0.08
300943,春晖智控,35.31,35.3,35.31,34.99,36.0,36.0,34.89,5964038.0,210414742.0,0.915,0.32
300945,曼卡龙,12.28,12.27,12.28,12.47,12.4,12.41,12.13,7167361.0,87707252.0,-1.524,-0.19
300946,恒而达,47.4,47.38,47.4,46.51,46.49,47.8,45.89,1775547.0,83349255.0,1.914,0.89
300947,德必集团,13.95,13.94,13.95,14.04,14.04,14.04,13.46,3353100.0,46205277.0,-0.641,-0.09
300948,冠中生态,24.54,24.53,24.54,26.22,26.0,26.11,23.72,11838396.0,290896455.0,-6.407,-1.68
300949,奥雅股份,22.58,22.52,22.58,22.53,22.35,22.65,21.76,1042147.0,23217504.0,0.222,0.05
300950,德固特,18.07,18.06,18.07,17.52,17.6,18.23,17.14,3329250.0,59178182.0,3.139,0.55
300951,博硕科技,44.69,44.67,44.69,44.32,43.88,45.48,43.58,3210445.0,143103767.0,0.835,0.37
300952,恒辉安防,20.42,20.42,20.43,20.22,20.02,20.81,19.5,6281263.0,126490172.0,0.989,0.2
300953,震裕科技,142.06,142.06,142.07,141.94,142.5,143.7,140.7,7134548.0,1015545747.0,0.085,0.12
300955,嘉亨家化,43.64,43.63,43.64,42.86,43.0,44.66,41.9,2920746.0,126541976.0,1.82,0.78
300956,英力股份,12.65,12.65,12.66,12.0,12.02,12.74,11.54,17870295.0,217759731.0,5.417,0.65
300957,贝泰妮,33.91,33.9,33.91,34.01,33.91,34.24,33.05,7203897.0,241154404.0,-0.294,-0.1
300958,建工修复,11.78,11.75,11.78,11.73,11.75,11.84,11.51,2866900.0,33427166.0,0.426,0.05
300959,线上线下,170.45,170.44,170.45,182.0,180.0,180.0,165.88,6101532.0,1042205282.0,-6.346,-11.55
300960,通业科技,17.22,17.22,17.23,17.56,17.47,17.65,17.05,1493960.0,25770389.0,-1.936,-0.34
300961,深水海纳,11.43,11.43,11.44,11.29,11.26,11.68,11.12,4878430.0,55652964.0,1.24,0.14
300962,中金辐照,13.49,13.48,13.49,13.34,13.38,13.53,13.13,2935650.0,39295097.0,1.124,0.15
300963,中洲特材,14.55,14.54,14.55,14.51,14.69,15.06,14.45,10947928.0,160392091.0,0.276,0.04
300964,本川智能,113.06,113.06,0.0,94.22,94.65,113.06,93.0,8730707.0,917852343.0,19.996,18.84
300965,恒宇信通,47.27,47.26,47.27,47.66,47.89,48.34,46.54,1243740.0,58751236.0,-0.818,-0.39
300966,共同药业,26.39,26.38,26.39,27.19,27.0,27.15,25.95,2358655.0,62128924.0,-2.942,-0.8
300967,晓鸣股份,18.59,18.58,18.59,18.19,18.05,18.7,17.68,10247716.0,187273494.0,2.199,0.4
300968,格林精密,10.82,10.81,10.82,10.58,10.58,10.92,10.34,6324100.0,67367667.0,2.268,0.24
300969,恒帅股份,99.02,99.02,99.04,100.48,99.59,101.57,97.58,3857468.0,383840557.0,-1.453,-1.46
300970,华绿生物,20.9,20.9,20.92,21.48,21.34,21.39,20.84,5007560.0,105148157.0,-2.7,-0.58
300971,博亚精工,20.59,20.55,20.59,20.31,20.31,20.74,19.94,2790555.0,57004464.0,1.379,0.28
300972,万辰集团,179.4,179.0,179.4,182.01,181.0,182.53,177.35,2131688.0,382955504.0,-1.434,-2.61
300973,立高食品,25.1,25.1,25.12,25.32,25.27,25.27,24.75,1680297.0,41971680.0,-0.869,-0.22
300975,商络电子,40.19,40.19,40.2,40.66,41.47,41.74,39.92,71491751.0,2914597893.0,-1.156,-0.47
300976,达瑞电子,87.72,87.7,87.72,79.31,79.56,89.54,77.18,12457655.0,1042512297.0,10.604,8.41
300977,深圳瑞捷,17.85,17.84,17.85,16.9,16.79,18.19,16.58,3723042.0,64932355.0,5.621,0.95
300978,东箭科技,9.31,9.31,9.32,9.36,9.36,9.38,9.18,2566382.0,23789652.0,-0.534,-0.05
300979,华利集团,31.78,31.78,31.79,32.74,32.63,32.68,31.64,3814835.0,121839502.0,-2.932,-0.96
300980,祥源新材,27.88,27.88,27.9,27.61,27.62,28.07,26.98,3761056.0,103869975.0,0.978,0.27
300981,中红医疗,10.74,10.73,10.74,10.75,10.67,10.78,10.44,5015484.0,53302237.0,-0.093,-0.01
300982,苏文电能,18.09,18.09,18.1,17.99,18.01,18.39,17.68,3769259.0,68020295.0,0.556,0.1
300983,尤安设计,36.2,36.17,36.2,35.92,35.93,36.55,35.09,1664019.0,60005716.0,0.78,0.28
300984,金沃股份,58.31,58.31,58.32,56.9,56.55,58.36,56.03,2351366.0,134922316.0,2.478,1.41
300985,致远新能,34.41,34.41,34.42,31.47,31.26,34.83,31.1,9086214.0,303245104.0,9.342,2.94
300986,志特新材,19.04,19.04,19.05,18.92,18.82,19.25,18.51,12532109.0,237048205.0,0.634,0.12
300987,川网传媒,13.62,13.62,13.64,13.69,13.66,13.73,13.36,3654398.0,49534243.0,-0.511,-0.07
300988,津荣天宇,17.39,17.38,17.39,17.3,17.31,17.69,16.86,4756489.0,82381283.0,0.52,0.09
300989,蕾奥规划,13.69,13.64,13.69,14.06,13.87,13.93,13.41,3522305.0,48113698.0,-2.632,-0.37
300990,同飞股份,91.6,91.6,91.62,88.6,89.0,92.5,87.86,7574633.0,685390826.0,3.386,3.0
300991,创益通,41.69,41.69,41.7,38.94,38.5,42.6,38.21,6019624.0,246873573.0,7.062,2.75
300992,泰福泵业,26.01,26.01,26.04,25.99,26.0,26.9,25.19,2573018.0,66980013.0,0.077,0.02
300993,玉马科技,10.46,10.46,10.47,10.29,10.21,10.54,9.94,5769400.0,58994483.0,1.652,0.17
300994,久祺股份,11.88,11.88,11.89,11.9,11.91,11.93,11.56,2576500.0,30314312.0,-0.168,-0.02
300995,奇德新材,32.07,32.07,32.1,31.59,31.58,32.45,31.01,1550184.0,49381291.0,1.519,0.48
300996,普联软件,11.35,11.32,11.35,11.53,11.42,11.5,11.2,6393890.0,72116002.0,-1.561,-0.18
300997,欢乐家,17.06,17.05,17.06,16.77,16.62,17.13,16.28,7890802.0,132779895.0,1.729,0.29
300998,宁波方正,29.25,29.25,29.28,29.25,29.28,30.3,28.7,4753827.0,139577308.0,0.0,0.0
300999,金龙鱼,25.18,25.17,25.18,25.8,25.6,25.7,25.11,8058990.0,203699930.0,-2.403,-0.62
301000,肇民科技,35.22,35.22,0.0,29.35,29.11,35.22,29.0,14656170.0,478452946.0,20.0,5.87
301001,凯淳股份,24.44,24.43,24.44,24.7,24.67,24.73,23.8,1129100.0,27460775.0,-1.053,-0.26
301002,崧盛股份,44.1,44.09,44.1,43.73,43.81,44.69,43.38,3716682.0,163583809.0,0.846,0.37
301003,江苏博云,54.89,54.89,54.91,53.82,54.22,55.65,53.0,3230520.0,176711607.0,1.988,1.07
301004,嘉益股份,34.56,34.51,34.56,35.39,35.76,35.83,34.31,696741.0,24141858.0,-2.345,-0.83
301005,超捷股份,95.56,95.56,95.57,97.38,99.5,99.89,95.31,10086653.0,978495864.0,-1.869,-1.82
301006,迈拓股份,14.08,14.07,14.12,14.12,14.08,14.26,13.68,1645028.0,22967810.0,-0.283,-0.04
301007,德迈仕,34.48,34.48,34.5,34.83,34.53,35.1,33.68,4480302.0,153819356.0,-1.005,-0.35
301008,宏昌科技,25.47,25.47,25.48,24.59,24.59,25.62,23.96,5351766.0,133926535.0,3.579,0.88
301009,可靠股份,9.0,9.0,9.04,9.0,8.99,9.07,8.84,3192104.0,28625865.0,0.0,0.0
301010,晶雪节能,18.04,17.99,18.04,18.09,18.09,18.31,17.61,1469300.0,26323065.0,-0.276,-0.05
301011,华立科技,16.0,15.98,16.02,15.86,15.84,16.16,15.58,1870242.0,29719467.0,0.883,0.14
301012,扬电科技,28.41,28.4,28.41,28.05,27.95,28.84,27.46,8838767.0,249534092.0,1.283,0.36
301013,利和兴,60.21,60.21,60.22,58.3,57.7,61.86,56.16,56768814.0,3351294092.0,3.276,1.91
301015,百洋医药,20.39,20.28,20.39,20.47,20.37,20.63,20.05,2718388.0,54837987.0,-0.391,-0.08
301016,雷尔伟,14.71,14.71,14.72,14.58,14.58,14.94,14.32,3106020.0,45568315.0,0.892,0.13
301017,漱玉平民,13.56,13.56,13.57,13.33,13.38,13.82,12.55,11245778.0,149372854.0,1.725,0.23
301018,申菱环境,110.15,110.14,110.15,109.18,108.51,114.5,107.01,15941164.0,1778506719.0,0.888,0.97
301019,宁波色母,20.44,20.43,20.44,20.35,20.3,20.59,20.02,1168350.0,23782721.0,0.442,0.09
301020,密封科技,24.89,24.88,24.89,24.61,24.38,25.2,24.2,4820100.0,119349941.0,1.138,0.28
301021,英诺激光,107.07,107.03,107.07,103.9,104.34,108.0,101.4,9627739.0,1004651557.0,3.051,3.17
301022,海泰科,25.32,25.31,25.32,25.32,25.35,25.5,24.61,1432261.0,35887922.0,0.0,0.0
301023,奕帆传动,31.12,31.11,31.12,30.26,30.24,31.29,29.52,2901547.0,89043188.0,2.842,0.86
301024,霍普股份,43.81,43.8,43.96,43.15,43.03,44.17,41.77,838100.0,35994551.0,1.53,0.66
301025,读客文化,8.79,8.79,8.8,8.93,8.93,8.94,8.68,5705116.0,50055667.0,-1.568,-0.14
301026,浩通科技,24.65,24.65,24.66,23.97,23.9,24.82,23.62,10195824.0,248783063.0,2.837,0.68
301027,华蓝集团,19.53,19.53,19.54,19.09,19.19,19.64,18.77,5161100.0,99573941.0,2.305,0.44
301028,鼎熔岩,17.02,17.02,17.03,17.1,16.97,17.43,16.81,6743076.0,115246333.0,-0.468,-0.08
301029,怡合达,32.09,32.09,32.1,32.19,32.4,32.5,31.71,27459655.0,880870056.0,-0.311,-0.1
301030,*ST仕净,11.7,11.7,11.73,11.76,11.99,12.15,10.63,13974099.0,160044655.0,-0.51,-0.06
301031,中熔电气,126.97,126.96,126.97,125.18,123.58,128.5,123.52,4679260.0,590707565.0,1.43,1.79
301032,新柴股份,10.74,10.74,10.75,10.81,10.81,10.92,10.48,4241000.0,45353556.0,-0.648,-0.07
301033,迈普医学,48.59,48.58,48.59,49.77,49.39,49.73,47.81,852300.0,41422566.0,-2.371,-1.18
301035,润丰股份,50.03,50.01,50.08,53.28,52.5,53.65,49.92,2057142.0,105022724.0,-6.1,-3.25
301036,双乐股份,23.5,23.5,23.52,23.75,23.6,23.78,22.9,1595832.0,37227765.0,-1.053,-0.25
301037,保立佳,13.42,13.41,13.43,13.46,13.31,13.77,13.1,2377337.0,31848377.0,-0.297,-0.04
301038,深水规院,19.3,19.3,19.31,19.1,18.87,19.34,18.3,4507350.0,84882094.0,1.047,0.2
301039,中集车辆,7.48,7.48,7.49,7.82,7.81,7.81,7.44,23532596.0,177567145.0,-4.348,-0.34
301040,中环海陆,30.23,30.22,30.25,30.54,30.54,30.75,29.85,1820087.0,55158219.0,-1.015,-0.31
301041,金百泽,35.2,35.2,35.21,34.7,34.79,35.36,34.18,7070696.0,246440451.0,1.441,0.5
301042,安联锐视,73.25,73.2,73.25,74.41,74.41,74.8,72.51,1595840.0,117402996.0,-1.559,-1.16
301043,绿岛风,45.3,45.27,45.3,44.01,44.1,45.62,42.6,1323100.0,58528774.0,2.931,1.29
301045,天禄科技,60.07,60.03,60.07,58.99,58.67,61.68,57.7,4870200.0,294010680.0,1.831,1.08
301046,能辉科技,28.98,28.98,28.99,29.85,29.95,31.3,28.51,16550726.0,493402020.0,-2.915,-0.87
301047,义翘神州,59.42,59.42,59.47,60.2,59.95,60.01,58.9,636860.0,37745083.0,-1.296,-0.78
301048,金鹰重工,9.19,9.18,9.19,9.21,9.22,9.29,9.12,2967736.0,27282933.0,-0.217,-0.02
301049,超越科技,19.91,19.91,19.96,19.96,19.71,20.16,19.34,1439700.0,28404621.0,-0.251,-0.05
301050,雷电微力,34.75,34.74,34.75,34.95,35.02,35.58,34.49,4193060.0,145783591.0,-0.572,-0.2
301051,信濠光电,16.6,16.59,16.6,15.84,15.83,16.75,15.45,8359501.0,136753222.0,4.798,0.76
301052,果麦文化,25.71,25.7,25.71,25.83,25.72,25.74,25.05,2552612.0,64901073.0,-0.465,-0.12
301053,远信工业,42.8,42.8,42.84,43.59,43.0,43.28,41.98,2545485.0,108490164.0,-1.812,-0.79
301055,张小泉,40.12,40.12,0.0,33.43,34.0,40.12,33.2,10101000.0,376005789.0,20.012,6.69
301056,森赫股份,12.27,12.27,12.28,12.28,12.26,12.48,12.05,1932200.0,23679522.0,-0.081,-0.01
301057,汇隆新材,27.59,27.59,27.65,27.74,27.88,28.13,26.64,2149900.0,58734199.0,-0.541,-0.15
301058,中粮科工,8.36,8.35,8.36,8.42,8.38,8.42,8.26,4643716.0,38620141.0,-0.713,-0.06
301059,金三江,14.62,14.61,14.62,14.66,14.56,14.69,14.41,12052343.0,175783308.0,-0.273,-0.04
301060,兰卫医学,8.57,8.56,8.57,8.57,8.55,8.61,8.4,5201000.0,44192867.0,0.0,0.0
301061,匠心家居,37.53,37.5,37.53,38.24,38.15,38.66,37.32,2759957.0,104790999.0,-1.857,-0.71
301062,上海艾录,6.31,6.31,6.32,6.43,6.42,6.42,6.19,6565875.0,41286470.0,-1.866,-0.12
301063,海锅股份,18.67,18.67,18.68,18.7,18.83,18.85,18.26,1909800.0,35426686.0,-0.16,-0.03
301065,本立科技,19.09,19.05,19.09,19.03,19.03,19.13,18.6,1151707.0,21744352.0,0.315,0.06
301066,万事利,13.52,13.51,13.52,13.95,13.83,13.97,13.45,4951700.0,67257172.0,-3.082,-0.43
301067,显盈科技,37.0,37.0,37.02,36.21,36.12,37.69,35.97,6176986.0,227998703.0,2.182,0.79
301068,大地海洋,26.88,26.85,26.88,26.62,26.87,27.36,25.84,1709106.0,45412407.0,0.977,0.26
301069,凯盛新材,22.53,22.53,22.54,23.07,22.9,23.45,22.33,18860671.0,427825782.0,-2.341,-0.54
301070,开勒股份,85.68,85.66,85.68,74.56,75.48,87.41,73.0,8272440.0,674075862.0,14.914,11.12
301071,力量钻石,73.02,73.01,73.02,70.57,70.6,74.26,70.1,20996743.0,1526333931.0,3.472,2.45
301072,中捷精工,33.92,33.92,33.94,32.81,32.61,35.15,31.8,5890800.0,199976800.0,3.383,1.11
301073,君亭酒店,20.33,20.33,20.34,20.49,20.39,20.4,20.1,2193300.0,44429695.0,-0.781,-0.16
301075,多瑞医药,69.31,69.31,69.32,68.87,69.02,71.29,67.38,1000463.0,69140711.0,0.639,0.44
301076,新瀚新材,29.99,29.98,29.99,29.08,28.81,30.28,28.57,6128720.0,180866777.0,3.129,0.91
301077,星华新材,23.79,23.79,23.8,23.98,24.04,24.16,23.5,2230905.0,52967881.0,-0.792,-0.19
301078,孩子王,7.86,7.85,7.86,7.7,7.68,7.93,7.62,22407630.0,175170866.0,2.078,0.16
301079,邵阳液压,35.38,35.38,35.39,34.16,34.51,35.56,33.85,5489888.0,190663985.0,3.571,1.22
301080,百普赛斯,38.12,38.11,38.12,37.45,37.45,38.15,37.07,2043109.0,76923962.0,1.789,0.67
301081,严牌股份,15.42,15.41,15.42,15.54,15.73,15.74,15.28,5528155.0,85676784.0,-0.772,-0.12
301082,久盛电气,10.15,10.14,10.15,10.0,10.01,10.28,9.95,5528288.0,56128063.0,1.5,0.15
301083,百胜智能,14.38,14.38,14.4,14.26,14.24,14.53,13.86,2100200.0,29954931.0,0.842,0.12
301085,亚康股份,64.15,64.14,64.15,61.5,61.1,64.65,60.5,2749072.0,172790114.0,4.309,2.65
301086,鸿富瀚,198.25,198.25,198.7,175.54,177.46,203.68,175.0,5352770.0,1025273776.0,12.937,22.71
301087,可孚医疗,44.99,44.9,44.99,45.09,44.76,45.4,44.33,1482506.0,66369815.0,-0.222,-0.1
301088,戎美股份,13.1,13.1,13.13,13.13,13.14,13.22,12.87,1022900.0,13347597.0,-0.228,-0.03
301089,拓新药业,22.13,22.12,22.13,21.99,22.0,22.13,21.52,1386700.0,30266062.0,0.637,0.14
301090,华润材料,7.11,7.1,7.11,7.08,7.01,7.13,6.94,6400689.0,45172939.0,0.424,0.03
301091,深城交,18.06,18.06,18.07,18.42,18.3,18.38,17.92,6062040.0,109478520.0,-1.954,-0.36
301092,争光股份,50.62,50.62,50.65,48.97,48.78,51.88,48.15,7152189.0,358598503.0,3.369,1.65
301093,华兰股份,130.91,130.85,130.91,124.85,124.9,132.16,122.78,3642038.0,471548218.0,4.854,6.06
301095,广立微,95.53,95.53,95.54,98.83,99.74,99.99,95.31,9156017.0,886113060.0,-3.339,-3.3
301096,百诚医药,55.0,54.98,55.0,56.62,56.63,56.74,54.73,2472072.0,136829929.0,-2.861,-1.62
301097,天益医疗,36.53,36.53,36.61,35.29,35.3,36.8,34.82,1473719.0,52831088.0,3.514,1.24
301098,金埔园林,8.4,8.4,8.41,8.14,8.11,8.7,7.83,18323518.0,152157252.0,3.194,0.26
301099,雅创电子,88.87,88.87,0.0,74.06,74.06,88.87,73.0,13896952.0,1188040543.0,19.997,14.81
301100,风光股份,15.51,15.51,15.54,15.57,16.02,16.02,15.36,1408100.0,21881191.0,-0.385,-0.06
301101,明月镜片,30.01,30.01,30.02,30.25,30.24,30.32,29.73,1870992.0,56154930.0,-0.793,-0.24
301102,兆讯传媒,9.78,9.77,9.78,9.7,9.75,9.78,9.53,2023953.0,19581471.0,0.825,0.08
301103,何氏眼科,16.16,16.16,16.17,16.29,16.32,16.32,15.9,1555700.0,24983193.0,-0.798,-0.13
301105,鸿铭股份,49.68,49.56,49.68,48.74,48.63,50.66,47.55,441900.0,21690649.0,1.929,0.94
301106,骏成科技,21.66,21.66,21.7,20.61,20.56,21.84,20.2,5531410.0,116812997.0,5.095,1.05
301107,瑜欣电子,26.3,26.3,26.32,25.99,25.44,26.35,24.73,9058197.0,232690539.0,1.193,0.31
301108,洁雅股份,25.06,25.06,25.08,24.55,24.31,25.35,24.01,2439160.0,60640457.0,2.077,0.51
301109,军信股份,13.38,13.38,13.39,13.56,13.54,13.65,13.35,4507370.0,60532586.0,-1.327,-0.18
301110,青木科技,40.13,40.12,40.13,40.07,40.0,40.44,39.28,2277360.0,90961765.0,0.15,0.06
301111,粤万年青,25.26,25.25,25.26,25.68,25.45,25.59,23.81,9605574.0,238895993.0,-1.636,-0.42
301112,信邦智能,31.56,31.56,31.57,30.33,30.33,31.96,29.69,2050097.0,63467436.0,4.055,1.23
301113,雅艺科技,16.67,16.66,16.67,16.55,16.63,16.95,16.12,1951405.0,32409812.0,0.725,0.12
301115,联检科技,33.26,33.26,33.27,33.24,32.88,34.51,32.5,6030890.0,201735535.0,0.06,0.02
301116,益客食品,9.61,9.6,9.61,9.51,9.45,9.65,9.27,5744052.0,54432296.0,1.052,0.1
301117,佳缘科技,25.99,25.98,25.99,25.16,25.14,26.08,24.91,4976942.0,127443273.0,3.299,0.83
301118,恒光股份,29.83,29.82,29.83,29.19,28.92,29.97,28.35,5168462.0,151382864.0,2.193,0.64
301119,正强股份,35.42,35.41,35.42,32.57,32.37,35.88,31.51,4367294.0,149952581.0,8.75,2.85
301120,新特电气,20.27,20.27,20.28,19.03,18.96,20.34,18.86,22167023.0,440817221.0,6.516,1.24
301121,紫建电子,38.37,38.35,38.37,36.9,37.12,38.9,36.28,1888000.0,71695897.0,3.984,1.47
301122,采纳股份,24.72,24.72,24.79,24.26,24.24,25.11,23.23,2835931.0,68337774.0,1.896,0.46
301123,奕东电子,111.78,111.78,111.79,102.85,102.98,114.3,102.0,19307120.0,2075971099.0,8.683,8.93
301125,腾亚精工,15.77,15.75,15.77,16.01,15.91,16.15,15.6,3608375.0,57274927.0,-1.499,-0.24
301126,达嘉维康,9.5,9.5,9.54,9.55,9.55,9.58,9.22,3737300.0,35129107.0,-0.524,-0.05
301127,武汉天源,12.53,12.53,12.54,12.81,12.69,12.73,12.17,15117520.0,187408882.0,-2.186,-0.28
301128,强瑞技术,185.0,185.0,185.13,176.2,185.0,191.8,181.0,8391889.0,1563193248.0,4.994,8.8
301129,瑞纳智能,23.89,23.88,23.89,23.26,23.1,23.89,22.6,2374380.0,55413727.0,2.709,0.63
301130,西点药业,25.71,25.64,25.71,25.94,26.01,26.09,25.23,865200.0,22115261.0,-0.887,-0.23
301131,聚赛龙,35.8,35.75,35.8,36.18,36.13,36.26,34.9,1233920.0,43939555.0,-1.05,-0.38
301132,满坤科技,44.05,44.05,44.07,40.54,40.97,44.8,40.02,15397012.0,655733321.0,8.658,3.51
301133,金钟股份,39.63,39.61,39.7,40.02,40.03,40.2,38.8,1755900.0,69405774.0,-0.975,-0.39
301135,瑞德智能,17.93,17.92,17.93,17.2,17.23,17.93,16.83,2555464.0,44356549.0,4.244,0.73
301136,招标股份,12.51,12.5,12.51,12.62,12.63,12.68,12.32,4382400.0,54642388.0,-0.872,-0.11
301137,哈焊华通,38.55,38.54,38.55,38.24,39.0,40.98,38.28,6068356.0,238135734.0,0.811,0.31
301138,华研精机,27.68,27.68,27.7,27.38,27.89,27.98,27.08,1366700.0,37748101.0,1.096,0.3
301139,*ST元道,4.85,4.85,4.86,4.77,4.71,4.95,4.47,20783900.0,97218859.0,1.677,0.08
301141,中科磁业,51.18,51.18,51.19,49.78,49.31,51.92,49.1,4533365.0,231723896.0,2.812,1.4
301148,嘉戎技术,54.0,53.99,54.0,54.99,55.0,56.0,53.59,2323027.0,126785711.0,-1.8,-0.99
301149,隆华新材,12.19,12.18,12.19,12.13,12.06,12.23,11.92,10116049.0,122238859.0,0.495,0.06
301150,中一科技,54.51,54.5,54.51,51.82,52.3,55.89,51.1,40491765.0,2164239077.0,5.191,2.69
301151,冠龙节能,20.49,20.49,20.5,18.85,18.85,20.8,18.73,8874450.0,178043309.0,8.7,1.64
301152,天力锂能,26.76,26.76,26.77,25.61,25.99,26.93,25.24,6171531.0,161835296.0,4.49,1.15
301153,中科江南,18.58,18.57,18.58,19.19,19.14,19.14,18.47,6084539.0,113587826.0,-3.179,-0.61
301155,海力风电,47.59,47.59,47.6,47.0,47.0,48.78,46.2,4170810.0,198292817.0,1.255,0.59
301156,美农生物,12.18,12.18,12.19,12.18,12.4,12.4,11.95,3196705.0,38780453.0,0.0,0.0
301157,华塑科技,71.79,71.79,71.8,68.33,68.59,72.45,67.16,1799990.0,126422051.0,5.064,3.46
301158,德石股份,15.09,15.08,15.09,15.02,14.93,15.29,14.62,4136258.0,62069647.0,0.466,0.07
301159,三维天地,32.51,32.5,32.51,32.67,32.5,32.82,31.69,1261001.0,40813482.0,-0.49,-0.16
301160,翔楼新材,44.91,44.9,44.91,43.83,43.5,45.55,42.8,5231780.0,231514536.0,2.464,1.08
301161,唯万密封,35.28,35.27,35.28,35.15,35.1,36.48,34.6,9823701.0,348385912.0,0.37,0.13
301162,国能日新,41.58,41.58,41.6,40.92,41.04,41.69,40.0,2953540.0,121180458.0,1.613,0.66
301163,宏德股份,24.18,24.18,24.23,24.57,24.95,24.95,23.58,1629700.0,39197626.0,-1.587,-0.39
301165,锐捷网络,63.89,63.88,63.89,63.91,63.81,64.56,62.5,11803943.0,750578443.0,-0.031,-0.02
301166,优宁维,26.87,26.85,26.87,27.19,27.19,27.35,26.56,649678.0,17402007.0,-1.177,-0.32
301167,建研设计,13.94,13.94,13.95,13.89,13.88,14.11,13.57,3055600.0,42205281.0,0.36,0.05
301168,通灵股份,43.63,43.6,43.63,44.0,44.24,44.84,43.3,2059033.0,90079558.0,-0.841,-0.37
301169,零点有数,78.99,78.85,78.99,74.26,74.6,79.45,73.86,1948300.0,150875551.0,6.37,4.73
301170,锡南科技,24.04,24.04,24.08,23.93,24.0,24.21,23.3,1394103.0,33033267.0,0.46,0.11
301171,易点天下,37.83,37.83,37.84,37.99,37.76,38.4,37.03,38013779.0,1436727143.0,-0.421,-0.16
301172,君逸数码,31.65,31.65,31.66,31.29,31.01,32.1,29.72,6030853.0,186198651.0,1.151,0.36
301173,毓恬冠佳,33.51,33.5,33.51,33.44,33.55,33.74,32.69,643492.0,21475308.0,0.209,0.07
301175,中科环保,5.4,5.4,5.41,5.36,5.34,5.51,5.32,17827515.0,96502075.0,0.746,0.04
301176,逸豪新材,81.5,81.5,0.0,67.92,78.41,81.5,75.7,27323079.0,2158052816.0,19.994,13.58
301177,迪阿股份,26.14,26.11,26.14,27.68,27.63,27.86,26.02,2437500.0,65411414.0,-5.564,-1.54
301178,天亿马,43.82,43.82,43.83,39.65,40.2,45.04,38.89,7839761.0,334280575.0,10.517,4.17
301179,泽宇智能,21.14,21.14,21.15,20.79,21.0,21.31,20.54,5347494.0,112305465.0,1.684,0.35
301180,万祥科技,14.47,14.46,14.47,14.07,14.07,14.77,13.78,6487122.0,93268568.0,2.843,0.4
301181,标榜股份,28.35,28.33,28.35,28.27,28.26,28.64,27.6,1620478.0,45592252.0,0.283,0.08
301182,凯旺科技,94.2,94.18,94.2,89.79,89.22,95.68,88.5,4466345.0,414825242.0,4.911,4.41
301183,东田微,253.9,253.88,253.9,237.02,236.0,258.88,234.68,9560415.0,2363816894.0,7.122,16.88
301185,鸥玛软件,16.76,16.76,16.79,16.6,16.48,17.05,16.17,2982300.0,49734553.0,0.964,0.16
301186,超达装备,61.49,61.3,61.49,59.06,58.9,61.54,57.97,1359827.0,82172799.0,4.114,2.43
301187,欧圣电气,16.82,16.81,16.82,16.18,16.08,16.93,15.8,3198098.0,52465412.0,3.956,0.64
301188,力诺药包,63.16,63.16,63.2,58.88,58.35,67.93,58.05,29780477.0,1919224308.0,7.269,4.28
301189,奥尼电子,66.43,66.43,66.44,66.89,66.81,69.39,65.51,7187620.0,483719688.0,-0.688,-0.46
301190,善水科技,19.39,19.38,19.39,19.26,19.14,19.53,18.8,2148500.0,41225941.0,0.675,0.13
301191,菲菱科思,104.73,104.73,104.74,103.55,104.16,108.09,101.93,5245068.0,548396168.0,1.14,1.18
301192,泰祥股份,21.5,21.5,21.52,21.51,21.62,21.92,20.96,1268851.0,27175305.0,-0.046,-0.01
301193,家联科技,22.83,22.82,22.83,22.53,22.88,23.3,22.16,5351138.0,121868152.0,1.332,0.3
301195,北路智控,34.45,34.45,34.5,34.11,34.0,34.98,33.25,3614168.0,123583515.0,0.997,0.34
301196,唯科科技,201.09,201.0,201.09,191.78,199.0,206.96,195.0,9760845.0,1970181499.0,4.855,9.31
301197,工大科雅,30.2,30.19,30.2,28.77,28.84,30.77,28.16,3063500.0,91205727.0,4.97,1.43
301198,喜悦智行,13.92,13.92,13.93,13.81,13.83,14.15,13.39,5288462.0,72778429.0,0.797,0.11
301199,迈赫股份,19.24,19.24,19.25,18.71,18.7,19.47,18.33,2139174.0,40616002.0,2.833,0.53
301200,大族数控,326.0,325.99,326.0,304.4,304.86,333.13,304.56,6702525.0,2172380128.0,7.096,21.6
301201,诚达药业,35.13,35.12,35.13,33.22,33.14,36.31,32.62,6384520.0,221372850.0,5.75,1.91
301202,朗威股份,37.14,37.13,37.14,36.36,36.36,37.52,35.51,1547409.0,56706851.0,2.145,0.78
301203,国泰环保,45.23,45.1,45.23,45.7,45.62,45.62,43.89,999400.0,44610866.0,-1.028,-0.47
301205,联特科技,337.0,337.0,337.2,323.07,325.3,341.98,316.06,9289162.0,3064070290.0,4.312,13.93
301206,三元生物,23.87,23.85,23.87,24.14,24.14,24.14,23.66,1103100.0,26289891.0,-1.118,-0.27
301207,华兰疫苗,16.57,16.57,16.58,16.62,16.5,16.58,16.2,3933491.0,64387607.0,-0.301,-0.05
301208,中亦科技,29.29,29.28,29.29,29.45,29.26,29.45,28.89,1332400.0,38837851.0,-0.543,-0.16
301209,联合化学,59.95,59.95,59.96,60.48,60.35,60.79,59.08,1918379.0,114713107.0,-0.876,-0.53
301210,金杨精密,31.27,31.27,31.28,29.43,29.35,31.8,29.14,7544098.0,231160730.0,6.252,1.84
301211,亨迪药业,9.47,9.47,9.48,9.59,9.67,9.67,9.38,2214079.0,20928628.0,-1.251,-0.12
301212,联盛化学,26.21,26.21,26.29,25.63,25.85,26.45,25.08,1497700.0,38687636.0,2.263,0.58
301213,观想科技,48.05,48.05,48.06,48.36,48.61,48.82,47.62,1732364.0,83406623.0,-0.641,-0.31
301215,中汽股份,5.25,5.25,5.26,5.26,5.22,5.28,5.17,10459576.0,54680963.0,-0.19,-0.01
301216,万凯新材,25.09,25.08,25.09,24.71,25.08,25.52,24.45,14377626.0,357313248.0,1.538,0.38
301217,铜冠铜箔,178.17,178.17,178.19,170.16,182.1,198.8,172.05,56880590.0,10312928109.0,4.707,8.01
301218,华是科技,44.74,44.73,44.74,43.06,42.77,45.86,42.42,9346912.0,416775625.0,3.902,1.68
301219,腾远钴业,59.16,59.16,59.17,59.37,58.3,60.19,57.75,12154357.0,719855397.0,-0.354,-0.21
301220,亚香股份,36.7,36.7,36.72,35.63,35.35,37.19,34.46,2003090.0,72036146.0,3.003,1.07
301221,光庭信息,30.99,30.98,30.99,30.26,30.27,31.13,29.45,2187520.0,66465525.0,2.412,0.73
301222,浙江恒威,33.5,33.5,33.51,33.23,33.3,34.02,32.36,5875537.0,195469491.0,0.813,0.27
301223,中荣股份,16.6,16.6,16.61,16.37,16.78,17.57,16.39,2376107.0,39623712.0,1.405,0.23
301225,恒勃股份,90.61,90.61,90.62,92.18,92.99,92.99,88.79,2030016.0,183175300.0,-1.703,-1.57
301226,祥明智能,35.53,35.5,35.53,35.52,35.36,35.94,34.88,2053672.0,72775343.0,0.028,0.01
301227,森鹰窗业,27.06,27.0,27.06,27.7,27.43,28.58,26.9,3991767.0,110328162.0,-2.31,-0.64
301228,实朴检测,82.0,81.95,82.0,77.96,77.7,82.3,75.5,4478635.0,352100975.0,5.182,4.04
301229,纽泰格,13.69,13.68,13.69,13.75,13.75,13.94,13.49,2216803.0,30424344.0,-0.436,-0.06
301230,泓博医药,33.67,33.66,33.67,33.87,33.81,33.84,32.9,3719094.0,124208020.0,-0.59,-0.2
301231,荣信文化,33.73,33.73,33.74,33.82,34.32,34.43,33.0,6098315.0,204157289.0,-0.266,-0.09
301232,飞沃科技,121.6,121.59,121.6,119.5,121.89,124.44,117.76,5067456.0,613911381.0,1.757,2.1
301233,盛帮股份,52.78,52.77,52.78,52.68,52.71,53.28,50.78,1149839.0,59901978.0,0.19,0.1
301234,五洲医疗,36.81,36.8,36.81,38.06,37.99,38.28,36.4,1593100.0,59006088.0,-3.284,-1.25
301235,华康洁净,66.08,66.08,66.09,65.38,66.09,67.76,64.03,5872770.0,384435311.0,1.071,0.7
301236,软通动力,40.19,40.18,40.19,40.46,39.88,40.53,38.38,37870934.0,1498534812.0,-0.667,-0.27
301237,和顺科技,68.97,68.9,68.97,67.32,67.32,70.5,66.33,2051512.0,140630385.0,2.451,1.65
301238,瑞泰新材,25.16,25.15,25.16,23.3,23.43,25.83,23.3,37946786.0,936573466.0,7.983,1.86
301239,普瑞眼科,32.96,32.95,32.96,33.69,33.66,33.66,32.27,2099900.0,68710814.0,-2.167,-0.73
301246,宏源药业,27.98,27.98,27.99,27.01,27.02,28.6,26.93,15011400.0,416931965.0,3.591,0.97
301248,杰创智能,72.27,72.22,72.27,71.94,72.56,73.73,71.05,4494896.0,325524677.0,0.459,0.33
301251,威尔高,52.64,52.62,52.64,51.61,51.99,52.88,50.6,6779808.0,352104215.0,1.996,1.03
301252,同星科技,39.49,39.49,39.5,39.38,39.29,41.16,39.16,5821125.0,234259199.0,0.279,0.11
301255,通力科技,24.49,24.48,24.49,24.06,24.15,24.53,23.58,1672500.0,40505175.0,1.787,0.43
301256,华融化学,11.93,11.92,11.93,12.01,11.93,12.07,11.81,6512283.0,77673308.0,-0.666,-0.08
301257,普蕊斯,40.25,40.18,40.25,40.05,39.98,40.56,39.28,1402400.0,56116671.0,0.499,0.2
301258,富士莱,24.74,24.67,24.74,24.89,24.94,25.16,24.25,767464.0,18843494.0,-0.603,-0.15
301259,艾布鲁,26.6,26.6,26.61,25.96,26.0,26.85,25.02,7246786.0,188683387.0,2.465,0.64
301260,格力博,15.71,15.71,15.72,15.5,15.5,15.88,15.07,3954700.0,61510862.0,1.355,0.21
301261,恒工精密,87.4,87.39,87.4,84.99,84.99,89.6,84.1,3449647.0,302489186.0,2.836,2.41
301262,海看股份,19.91,19.88,19.91,20.07,19.99,20.07,19.66,2529422.0,50176068.0,-0.797,-0.16
301263,泰恩康,19.72,19.72,19.73,19.75,19.51,19.81,19.07,7760434.0,150504110.0,-0.152,-0.03
301265,华新科技,28.1,28.09,28.1,26.85,26.82,28.58,26.4,9110700.0,253905892.0,4.655,1.25
301266,宇邦新材,24.95,24.93,24.95,24.73,24.59,25.34,24.01,4331757.0,107200798.0,0.89,0.22
301267,华厦眼科,16.21,16.21,16.22,16.38,16.32,16.36,16.08,2840150.0,45963345.0,-1.038,-0.17
301268,铭利达,16.48,16.47,16.48,16.35,16.31,16.72,16.04,3932800.0,64386651.0,0.795,0.13
301269,华大九天,99.61,99.61,99.62,101.65,101.07,101.14,98.26,13122838.0,1308868033.0,-2.007,-2.04
301270,汉仪股份,29.13,29.13,29.17,29.0,28.91,29.59,28.2,2119339.0,61649805.0,0.448,0.13
301272,英华特,37.15,37.15,37.21,36.83,36.76,37.58,36.01,982600.0,36226580.0,0.869,0.32
301273,瑞晨环保,33.32,33.26,33.32,33.24,33.13,33.85,31.9,1780360.0,58626718.0,0.241,0.08
301275,汉朔科技,44.9,44.9,44.91,45.29,44.84,45.68,44.41,8953704.0,403237207.0,-0.861,-0.39
301276,嘉曼服饰,27.63,27.63,27.67,31.2,30.81,30.81,24.98,17734980.0,470245119.0,-11.442,-3.57
301277,新天地,9.11,9.11,9.13,9.21,9.21,9.3,8.97,2449393.0,22204130.0,-1.086,-0.1
301278,快可电子,33.32,33.31,33.32,32.84,32.88,33.48,32.05,1340510.0,44163151.0,1.462,0.48
301279,金道科技,24.49,24.48,24.49,24.42,24.35,25.1,24.1,2519770.0,62229935.0,0.287,0.07
301280,珠城科技,47.06,47.06,47.07,41.0,40.91,48.18,40.86,6689429.0,300968655.0,14.78,6.06
301281,科源制药,51.07,51.07,51.08,49.62,49.18,51.51,48.33,4589952.0,229786416.0,2.922,1.45
301282,金禄电子,28.63,28.62,28.63,28.41,28.35,29.0,28.04,13830597.0,395327828.0,0.774,0.22
301283,聚胶股份,27.13,27.13,27.17,27.92,27.52,27.78,26.66,1469340.0,39738923.0,-2.83,-0.79
301285,鸿日达,119.18,119.18,119.4,117.77,119.0,121.77,116.3,4000837.0,477321389.0,1.197,1.41
301286,侨源股份,61.14,61.14,61.15,60.77,60.8,61.83,59.25,3242526.0,197707487.0,0.609,0.37
301287,康力源,35.45,35.44,35.52,35.97,35.89,35.89,34.56,671899.0,23579515.0,-1.446,-0.52
301288,清研环境,19.82,19.81,19.82,19.9,19.8,20.38,19.21,2050300.0,40445200.0,-0.402,-0.08
301289,国缆检测,50.55,50.44,50.55,49.85,49.84,51.98,48.84,1537300.0,77934620.0,1.404,0.7
301290,东星医疗,29.24,29.24,29.26,29.45,29.5,29.67,28.37,2917146.0,84571336.0,-0.713,-0.21
301291,明阳电气,44.31,44.3,44.31,43.06,43.0,45.32,41.8,12439020.0,542303853.0,2.903,1.25
301292,海科新源,75.06,75.06,75.08,73.6,75.07,77.43,71.28,19859502.0,1482399123.0,1.984,1.46
301293,三博脑科,54.15,54.15,54.16,54.5,54.25,54.71,53.42,3787394.0,204682990.0,-0.642,-0.35
301295,美硕科技,47.35,47.26,47.35,46.75,46.74,48.08,46.02,1226418.0,57662770.0,1.283,0.6
301296,新巨丰,6.51,6.5,6.51,6.56,6.55,6.58,6.42,2720753.0,17616707.0,-0.762,-0.05
301297,富乐德,46.08,46.07,46.08,45.22,45.03,46.36,44.23,26628507.0,1206050018.0,1.902,0.86
301298,东利机械,12.99,12.98,12.99,13.13,13.11,13.2,12.72,2069216.0,26683408.0,-1.066,-0.14
301299,卓创资讯,52.14,52.13,52.14,51.29,50.62,52.15,50.5,1097200.0,56290204.0,1.657,0.85
301300,远翔新材,35.0,34.97,35.0,34.68,34.62,35.36,33.94,768799.0,26695190.0,0.923,0.32
301301,川宁生物,8.47,8.46,8.47,8.61,8.62,8.63,8.44,8155190.0,69203877.0,-1.626,-0.14
301302,华如科技,31.25,31.24,31.25,31.18,30.5,31.44,29.92,14120396.0,436935731.0,0.225,0.07
301303,真兰仪表,16.23,16.23,16.24,15.83,15.73,16.38,15.47,10439103.0,166904502.0,2.527,0.4
301305,朗坤科技,30.7,30.68,30.7,30.79,30.7,31.1,30.07,5826255.0,177870890.0,-0.292,-0.09
301306,西测测试,140.71,140.71,140.72,139.93,142.73,152.0,137.9,6454901.0,932713854.0,0.557,0.78
301307,美利信,65.75,65.75,65.76,63.13,63.1,67.66,62.23,8037383.0,520328258.0,4.15,2.62
301308,江波龙,540.23,540.23,540.24,529.23,536.04,548.25,524.0,16542810.0,8885474022.0,2.078,11.0
301309,万得凯,32.08,32.08,32.16,32.38,32.38,32.67,31.27,1192900.0,38020549.0,-0.926,-0.3
301310,鑫宏业,37.02,37.02,37.03,31.09,31.1,37.31,30.62,19972847.0,717313505.0,19.074,5.93
301311,昆船智能,14.46,14.46,14.47,14.57,14.58,14.6,14.23,1558200.0,22405103.0,-0.755,-0.11
301312,智立方,106.92,106.92,106.93,91.38,92.61,109.0,91.51,11807334.0,1194728968.0,17.006,15.54
301313,凡拓数创,60.69,60.69,60.7,58.36,56.89,62.88,56.88,24983040.0,1506864958.0,3.992,2.33
301314,科瑞思,58.23,58.22,58.23,53.99,54.02,58.77,54.02,3308805.0,188182025.0,7.853,4.24
301315,威士顿,40.7,40.69,40.7,41.16,40.82,41.43,40.41,1466903.0,59879259.0,-1.118,-0.46
301316,慧博云通,37.88,37.88,37.89,37.54,37.19,38.1,36.65,11455991.0,428317621.0,0.906,0.34
301317,鑫磊股份,64.22,64.21,64.22,64.8,66.0,66.0,63.0,4148700.0,266307716.0,-0.895,-0.58
301318,维海德,21.01,21.01,21.02,20.95,21.01,21.21,20.48,1065925.0,22245366.0,0.286,0.06
301319,唯特偶,147.36,147.36,147.39,145.23,145.0,155.0,142.0,9263435.0,1381643636.0,1.467,2.13
301320,豪江智能,14.69,14.69,14.7,14.37,14.38,14.81,13.95,2875100.0,41418744.0,2.227,0.32
301321,翰博高新,36.21,36.21,36.22,35.5,35.41,36.5,34.51,8348736.0,296814830.0,2.0,0.71
301322,绿通科技,55.54,55.54,55.55,55.91,55.52,56.72,54.79,4805833.0,266992830.0,-0.662,-0.37
301323,新莱福,108.3,108.3,108.35,108.8,104.05,109.84,104.04,6591753.0,703196980.0,-0.46,-0.5
301325,曼恩斯特,40.17,40.17,40.18,38.55,38.23,40.91,38.11,3730739.0,147713994.0,4.202,1.62
301326,捷邦科技,149.45,149.38,149.45,143.06,143.1,154.68,141.06,2343659.0,348016212.0,4.467,6.39
301327,华宝新能,51.95,51.92,51.95,51.64,51.87,52.5,50.8,1569403.0,81241063.0,0.6,0.31
301328,维峰电子,59.44,59.42,59.44,54.83,54.84,60.51,54.08,3857159.0,224912433.0,8.408,4.61
301329,信音电子,26.07,26.07,26.08,25.32,25.3,26.28,24.71,8591801.0,220192547.0,2.962,0.75
301330,熵基科技,27.66,27.65,27.66,27.0,27.0,27.85,26.5,4027394.0,109675695.0,2.444,0.66
301331,恩威医药,21.52,21.51,21.56,22.08,22.03,22.08,21.4,1279460.0,27677158.0,-2.536,-0.56
301332,德尔玛,8.34,8.34,8.35,8.49,8.47,8.5,8.29,2489495.0,20769686.0,-1.767,-0.15
301333,诺思格,45.75,45.75,45.76,46.06,47.18,47.25,45.1,1591183.0,72873031.0,-0.673,-0.31
301335,天元宠物,21.72,21.7,21.72,22.16,22.18,22.18,21.3,1425824.0,30788951.0,-1.986,-0.44
301336,趣睡科技,37.42,37.42,37.43,38.93,38.99,39.16,37.03,1585670.0,59723958.0,-3.879,-1.51
301337,亚华电子,27.91,27.91,27.94,28.2,27.51,28.64,27.22,3228993.0,90531627.0,-1.028,-0.29
301338,凯格精机,161.58,161.57,161.58,155.01,157.26,163.98,153.13,7684787.0,1230078233.0,4.238,6.57
301339,通行宝,11.46,11.46,11.47,11.84,11.82,11.94,11.43,6686160.0,77113835.0,-3.209,-0.38
301345,涛涛车业,209.31,209.31,209.46,216.0,216.0,219.5,207.3,1294000.0,274166049.0,-3.097,-6.69
301348,蓝箭电子,28.65,28.65,28.66,30.04,29.01,29.19,28.28,30541939.0,876868516.0,-4.627,-1.39
301349,信德新材,65.04,65.03,65.04,59.7,59.78,65.47,59.0,8579424.0,530476286.0,8.945,5.34
301353,普莱得,18.81,18.81,18.91,18.68,18.7,18.99,18.16,1711398.0,31727307.0,0.696,0.13
301355,南王科技,10.31,10.31,10.32,10.38,10.38,10.44,10.13,3078000.0,31573976.0,-0.674,-0.07
301356,天振股份,23.37,23.33,23.37,23.32,23.36,23.42,22.1,2244558.0,51031289.0,0.214,0.05
301357,北方长龙,88.52,88.52,88.53,88.98,88.88,89.69,87.5,1526206.0,134762570.0,-0.517,-0.46
301358,湖南裕能,75.1,75.1,75.11,72.64,74.1,77.17,73.02,33498492.0,2520327346.0,3.387,2.46
301359,东南电子,18.6,18.6,18.66,18.69,18.54,18.84,18.23,1665520.0,30853064.0,-0.482,-0.09
301360,荣旗科技,77.89,77.88,77.89,72.85,72.87,80.6,72.87,3767277.0,292812549.0,6.918,5.04
301361,众智科技,33.32,33.32,33.33,32.6,32.6,33.5,31.91,2366023.0,77736913.0,2.209,0.72
301362,民爆光电,232.52,232.52,232.58,225.26,225.23,240.5,220.5,5332430.0,1244361995.0,3.223,7.26
301363,美好医疗,18.38,18.38,18.39,18.55,18.32,18.85,18.01,14352916.0,263385960.0,-0.916,-0.17
301365,矩阵股份,32.21,32.21,32.22,32.01,32.05,32.8,31.65,2484406.0,80199074.0,0.625,0.2
301366,一博科技,48.5,48.5,48.51,48.92,48.39,49.0,47.22,13178146.0,635678573.0,-0.859,-0.42
301367,瑞迈特,41.18,41.17,41.18,41.75,41.74,41.94,40.76,1430228.0,58877438.0,-1.365,-0.57
301368,丰立智能,45.51,45.51,45.53,44.29,44.01,46.13,43.43,3239648.0,145697803.0,2.755,1.22
301369,联动科技,194.32,194.31,194.32,186.47,186.59,196.0,184.1,2106512.0,401345776.0,4.21,7.85
301370,国科恒泰,8.88,8.88,8.89,8.93,8.92,8.92,8.74,2508900.0,22129092.0,-0.56,-0.05
301371,敷尔佳,27.54,27.48,27.54,27.55,27.3,27.7,27.03,2077780.0,56957369.0,-0.036,-0.01
301372,科净源,33.98,33.98,33.99,34.2,34.0,34.5,32.14,1334349.0,44834964.0,-0.643,-0.22
301373,凌玮科技,171.01,171.01,171.2,158.98,161.45,178.35,158.0,11492072.0,1944979134.0,7.567,12.03
301376,致欧科技,15.83,15.83,15.84,15.86,15.78,15.9,15.38,3487937.0,54564821.0,-0.189,-0.03
301377,鼎泰高科,553.58,553.56,553.58,553.56,549.0,577.65,534.9,6378826.0,3504223440.0,0.004,0.02
301378,通达海,27.29,27.28,27.29,27.11,27.01,27.54,26.4,1733951.0,46969952.0,0.664,0.18
301379,天山电子,25.15,25.14,25.15,25.17,25.0,25.5,24.64,18735392.0,468118162.0,-0.079,-0.02
301380,挖金客,29.68,29.68,29.69,29.65,29.49,29.86,28.92,1103990.0,32493425.0,0.101,0.03
301381,赛维时代,19.48,19.47,19.48,20.24,20.34,20.53,19.34,6093744.0,119678899.0,-3.755,-0.76
301382,蜂助手,37.01,37.01,37.03,37.34,36.9,37.3,36.05,13128093.0,481976407.0,-0.884,-0.33
301383,天键股份,27.64,27.63,27.64,27.25,27.52,27.85,26.61,1996010.0,54478105.0,1.431,0.39
301386,未来电器,21.32,21.31,21.32,21.13,21.02,21.43,20.69,1495871.0,31572503.0,0.899,0.19
301387,光大同创,109.8,109.8,109.83,116.95,119.08,121.99,108.0,8322005.0,933453062.0,-6.114,-7.15
301388,欣灵电气,26.64,26.64,26.65,26.4,26.45,26.98,25.88,1304601.0,34651322.0,0.909,0.24
301389,隆扬电子,109.21,109.21,109.22,97.24,98.5,113.0,98.33,20687765.0,2208282908.0,12.31,11.97
301390,经纬股份,30.14,30.14,30.3,30.1,30.85,30.85,29.19,924230.0,27570502.0,0.133,0.04
301391,卡莱特,66.33,66.33,66.46,63.82,63.39,66.66,62.88,1611854.0,105187809.0,3.933,2.51
301392,汇成真空,174.61,174.6,174.61,173.12,172.26,176.77,165.68,6829855.0,1165237852.0,0.861,1.49
301393,昊帆生物,51.24,51.22,51.24,50.6,50.38,51.94,50.29,1034300.0,52838257.0,1.265,0.64
301395,仁信新材,11.29,11.29,11.3,11.27,11.32,11.49,11.02,3416308.0,38252588.0,0.177,0.02
301396,宏景科技,196.2,196.2,196.21,198.73,197.0,200.13,189.03,19989809.0,3893080264.0,-1.273,-2.53
301397,溯联股份,33.41,33.41,33.42,32.99,33.08,33.96,32.71,3895644.0,130099443.0,1.273,0.42
301398,星源卓镁,41.43,41.43,41.49,38.94,39.36,42.44,38.61,2400762.0,99033200.0,6.394,2.49
301399,英特科技,17.8,17.8,17.81,17.56,17.56,17.89,17.26,1867079.0,32909825.0,1.367,0.24
301408,华人健康,15.63,15.63,15.64,15.75,15.71,15.71,15.15,11862521.0,182540749.0,-0.762,-0.12
301413,安培龙,83.08,83.08,83.09,83.95,83.56,84.5,81.08,5154663.0,426754990.0,-1.036,-0.87
301418,协昌科技,49.99,49.98,49.99,48.12,47.5,52.25,46.91,8458666.0,415276856.0,3.886,1.87
301419,阿莱德,42.5,42.5,42.51,42.04,42.1,42.75,41.17,9530347.0,400321042.0,1.094,0.46
301421,波长光电,95.54,95.53,95.54,95.95,95.14,96.6,94.2,5649415.0,537992552.0,-0.427,-0.41
301428,世纪恒通,38.37,38.37,38.38,38.96,38.26,38.45,37.2,9273843.0,350587529.0,-1.514,-0.59
301429,森泰股份,17.99,17.99,18.02,17.8,17.96,18.24,17.32,1629800.0,29031800.0,1.067,0.19
301439,泓淋电力,17.62,17.62,17.63,17.61,17.6,17.84,17.3,18282900.0,321600756.0,0.057,0.01
301446,福事特,44.1,44.09,44.1,44.43,43.99,44.64,42.66,1022960.0,44661413.0,-0.743,-0.33
301448,开创电气,41.02,41.02,41.03,40.24,40.12,41.44,39.5,2008167.0,81457285.0,1.938,0.78
301449,天溯计量,42.3,42.3,42.32,41.82,41.82,42.6,41.0,886623.0,37197116.0,1.148,0.48
301456,盘古智能,26.03,26.03,26.07,26.17,26.09,26.8,25.61,1528547.0,39784147.0,-0.535,-0.14
301458,钧崴电子,56.43,56.43,56.44,56.37,56.16,57.94,55.65,17593641.0,996466951.0,0.106,0.06
301459,丰茂股份,35.64,35.61,35.64,35.0,35.29,35.67,34.23,1013900.0,35717516.0,1.829,0.64
301468,博盈特焊,49.85,49.85,49.86,50.81,50.38,51.88,49.5,9817267.0,495195011.0,-1.889,-0.96
301469,恒达新材,31.68,31.68,31.69,31.11,31.19,32.12,30.85,967539.0,30618428.0,1.832,0.57
301479,弘景光电,64.62,64.62,64.64,63.98,63.41,65.9,62.41,2787502.0,179593545.0,1.0,0.64
301486,致尚科技,255.0,254.99,255.0,240.1,243.06,255.8,235.95,11041965.0,2709966831.0,6.206,14.9
301487,盟固利,22.52,22.51,22.52,21.59,21.69,22.89,21.22,15714177.0,347235496.0,4.308,0.93
301488,豪恩汽电,147.0,146.96,147.0,147.32,146.0,150.66,145.06,2859942.0,420626419.0,-0.217,-0.32
301489,思泉新材,153.04,153.04,153.15,146.0,146.0,155.8,144.04,9048651.0,1370271922.0,4.822,7.04
301491,汉桑科技,45.67,45.67,45.7,45.18,45.48,46.18,44.68,958981.0,43707529.0,1.085,0.49
301498,乖宝宠物,41.86,41.84,41.86,41.96,41.86,41.94,41.08,2615480.0,108595543.0,-0.238,-0.1
301499,维科精密,35.03,35.03,35.04,33.2,33.2,35.17,32.51,3134890.0,107011453.0,5.512,1.83
301500,飞南资源,28.31,28.31,28.32,28.34,28.0,28.74,27.31,20867856.0,585887231.0,-0.106,-0.03
301501,恒鑫生活,27.02,27.01,27.02,27.49,27.51,27.51,26.7,842800.0,22733147.0,-1.71,-0.47
301502,华阳智能,86.28,86.25,86.48,85.53,85.52,86.91,83.4,1084478.0,92618988.0,0.877,0.75
301503,智迪科技,30.34,30.32,30.34,29.96,29.99,30.5,29.35,724700.0,21725600.0,1.268,0.38
301505,苏州规划,18.13,18.13,18.15,18.3,18.41,18.48,17.81,1992028.0,35994361.0,-0.929,-0.17
301507,民生健康,12.4,12.4,12.41,12.44,12.47,12.51,12.23,2919047.0,36095624.0,-0.322,-0.04
301508,中机认检,25.2,25.19,25.2,25.19,25.18,25.45,24.87,1736629.0,43669464.0,0.04,0.01
301509,金凯生科,27.52,27.52,27.53,27.15,26.93,27.77,26.47,2406800.0,65307001.0,1.363,0.37
301510,固高科技,35.3,35.3,35.31,35.53,35.53,35.93,34.85,12835128.0,452785797.0,-0.647,-0.23
301511,德福科技,169.63,169.62,169.7,161.07,161.0,178.88,159.08,41996643.0,6993324315.0,5.314,8.56
301512,智信精密,55.34,55.33,55.34,53.38,53.0,55.81,51.3,2299623.0,124552679.0,3.672,1.96
301513,尚水智能,66.09,66.08,66.09,62.9,63.25,66.5,62.46,2484656.0,160799761.0,5.072,3.19
301515,港通医疗,19.92,19.92,19.94,20.13,20.14,20.14,19.41,1496700.0,29655721.0,-1.043,-0.21
301516,中远通,16.33,16.33,16.34,15.76,15.83,16.35,15.41,4981600.0,79684365.0,3.617,0.57
301517,陕西华达,52.33,52.32,52.33,51.68,51.65,53.38,50.61,4159577.0,217955878.0,1.258,0.65
301518,长华化学,30.03,30.03,30.04,30.37,30.28,30.53,29.5,1677000.0,50126851.0,-1.12,-0.34
301519,舜禹股份,12.14,12.14,12.16,12.23,12.23,12.36,11.89,3181591.0,38496184.0,-0.736,-0.09
301520,万邦医药,24.9,24.9,24.91,25.19,25.22,25.32,24.43,653014.0,16140944.0,-1.151,-0.29
301522,上大股份,27.76,27.75,27.76,27.99,27.9,28.2,27.58,4782900.0,132978636.0,-0.822,-0.23
301525,儒竞科技,49.62,49.62,49.63,49.78,49.59,50.49,48.2,2252305.0,111285102.0,-0.321,-0.16
301526,国际复材,38.68,38.68,38.69,34.13,35.72,39.59,35.72,212570112.0,8094026416.0,13.331,4.55
301528,多浦乐,92.15,92.09,92.15,93.33,92.58,93.5,89.1,2751405.0,251587667.0,-1.264,-1.18
301529,福赛科技,103.77,103.77,103.8,106.08,103.69,106.66,102.08,3510429.0,365316093.0,-2.178,-2.31
301531,春光集团,71.59,71.59,71.6,68.38,68.38,73.98,67.76,9553467.0,682860882.0,4.694,3.21
301533,威马农机,25.9,25.89,25.9,26.01,26.04,26.18,25.6,904600.0,23428793.0,-0.423,-0.11
301535,浙江华远,15.16,15.15,15.16,15.33,15.25,15.35,15.0,2468239.0,37398006.0,-1.109,-0.17
301536,星宸科技,110.35,110.35,110.36,106.0,105.04,110.63,104.05,19629372.0,2118760550.0,4.104,4.35
301538,骏鼎达,67.1,67.09,67.1,64.0,65.98,68.4,64.6,2877312.0,192289841.0,4.844,3.1
301539,宏鑫科技,15.01,15.0,15.01,15.05,15.14,15.18,14.61,1587812.0,23607232.0,-0.266,-0.04
301548,崇德科技,74.8,74.77,74.8,74.09,73.8,77.45,73.2,1822708.0,137163334.0,0.958,0.71
301550,斯菱智驱,102.84,102.84,102.85,106.11,106.12,106.65,102.3,8162559.0,846409857.0,-3.082,-3.27
301551,无线传媒,21.97,21.97,21.98,22.2,22.21,22.21,21.74,3700166.0,81060975.0,-1.036,-0.23
301552,科力装备,25.38,25.38,25.39,25.5,25.39,25.69,24.98,731031.0,18484573.0,-0.471,-0.12
301555,惠柏新材,43.5,43.5,43.51,42.95,42.51,43.75,41.85,6247539.0,269332146.0,1.281,0.55
301556,托普云农,64.89,64.88,64.89,65.12,65.27,65.61,63.7,897763.0,57975420.0,-0.353,-0.23
301557,常友科技,88.74,88.74,88.95,86.58,86.03,89.53,85.5,1789381.0,157269459.0,2.495,2.16
301558,三态股份,6.8,6.79,6.8,6.71,6.71,6.93,6.67,7597400.0,51466650.0,1.341,0.09
301559,中集环科,13.54,13.54,13.55,13.52,13.52,13.58,13.24,1865497.0,25023385.0,0.148,0.02
301560,众捷汽车,32.42,32.42,32.46,31.4,31.11,32.88,31.1,2423630.0,78189069.0,3.248,1.02
301563,云汉芯城,188.02,188.02,188.03,184.8,187.0,192.8,182.61,4337904.0,813638327.0,1.742,3.22
301565,中仑新材,27.98,27.98,27.99,28.15,27.71,28.31,27.07,16854519.0,465096236.0,-0.604,-0.17
301566,达利凯普,38.2,38.2,38.21,36.64,38.03,40.07,37.2,53325101.0,2049934204.0,4.258,1.56
301567,贝隆精密,40.4,40.4,40.43,40.11,40.31,40.89,39.13,1381687.0,55432116.0,0.723,0.29
301568,思泰克,112.6,112.6,112.69,102.87,102.0,114.12,99.95,9398483.0,1003927718.0,9.459,9.73
301571,国科天成,71.5,71.49,71.5,69.57,69.01,72.95,68.02,6934180.0,489695203.0,2.774,1.93
301575,艾芬达,41.56,41.56,41.57,41.17,41.17,41.9,40.9,485542.0,20139751.0,0.947,0.39
301577,美信科技,95.33,95.3,95.33,92.26,92.0,98.53,89.0,2734791.0,258587989.0,3.328,3.07
301578,辰奕智能,22.49,22.49,22.54,22.41,22.5,22.65,21.81,1222874.0,27213879.0,0.357,0.08
301580,爱迪特,46.78,46.77,46.78,43.45,42.43,47.99,41.7,17566486.0,794391002.0,7.664,3.33
301581,黄山谷捷,46.62,46.61,46.62,45.69,45.71,46.87,44.51,1081089.0,49738661.0,2.035,0.93
301584,建发致新,21.13,21.13,21.14,21.57,21.55,21.6,21.05,2409878.0,51048878.0,-2.04,-0.44
301585,蓝宇股份,25.52,25.49,25.52,25.11,25.03,25.6,24.51,1246833.0,31366556.0,1.633,0.41
301586,佳力奇,36.34,36.34,36.35,36.32,36.42,36.85,36.08,771030.0,28136906.0,0.055,0.02
301587,中瑞股份,25.08,25.08,25.09,24.13,25.36,25.72,24.43,8632389.0,216336033.0,3.937,0.95
301588,美新科技,37.33,37.32,37.33,38.3,37.53,38.53,36.76,6354506.0,237507325.0,-2.533,-0.97
301589,诺瓦星云,149.4,149.3,149.4,148.0,147.9,150.0,146.55,645353.0,95881017.0,0.946,1.4
301590,优优绿能,168.64,168.62,168.64,158.3,158.5,169.85,156.8,1196384.0,197647560.0,6.532,10.34
301591,肯特股份,51.75,51.74,51.75,51.82,50.6,52.58,50.18,9664920.0,498009088.0,-0.135,-0.07
301592,六九一二,109.18,109.14,109.18,111.62,111.46,111.61,107.42,1280806.0,139195667.0,-2.186,-2.44
301595,太力科技,46.94,46.94,46.95,48.1,48.12,49.18,46.77,1943971.0,92843646.0,-2.412,-1.16
301596,瑞迪智驱,58.73,58.72,58.73,57.2,57.23,58.8,56.63,2630992.0,151720625.0,2.675,1.53
301598,博科测试,53.7,53.56,53.7,53.1,52.85,54.1,52.02,583000.0,31062012.0,1.13,0.6
301599,理奇智能,49.79,49.79,49.8,48.51,48.12,50.28,47.88,7363225.0,363647314.0,2.639,1.28
301600,慧翰股份,93.78,93.72,93.78,93.12,92.71,94.37,91.68,860868.0,79985679.0,0.709,0.66
301601,惠通科技,17.7,17.62,17.7,17.81,17.85,17.85,17.35,1893661.0,33226304.0,-0.618,-0.11
301602,超研股份,15.27,15.26,15.27,15.46,15.4,15.65,15.05,2187500.0,33278893.0,-1.229,-0.19
301603,乔锋智能,146.11,145.81,146.11,130.4,130.39,148.0,130.39,4264352.0,601687061.0,12.048,15.71
301606,绿联科技,63.12,63.12,63.14,63.7,63.88,63.93,61.63,3375460.0,211394473.0,-0.911,-0.58
301607,富特科技,38.04,38.04,38.06,39.25,39.18,39.3,37.78,10060737.0,386051649.0,-3.083,-1.21
301608,博实结,53.35,53.35,53.36,51.1,51.93,53.66,51.36,2358891.0,124206061.0,4.403,2.25
301609,山大电力,38.85,38.85,38.86,38.43,38.29,39.18,37.65,2171967.0,83878742.0,1.093,0.42
301611,珂玛科技,112.85,112.84,112.85,114.66,116.72,118.15,110.91,15493862.0,1761666740.0,-1.579,-1.81
301613,新铝时代,40.3,40.29,40.3,39.98,39.8,40.65,39.4,1085850.0,43597174.0,0.8,0.32
301616,浙江华业,37.58,37.54,37.58,37.09,36.75,37.65,36.32,532000.0,19719323.0,1.321,0.49
301617,博苑新材,52.97,52.97,52.98,54.78,54.24,55.0,52.94,4856661.0,261741293.0,-3.304,-1.81
301618,长联科技,40.25,40.23,40.25,37.63,37.58,40.66,36.84,3330103.0,130455411.0,6.963,2.62
301622,英思特,60.13,60.12,60.13,57.89,57.8,60.28,57.37,2922800.0,173275181.0,3.869,2.24
301626,苏州天脉,316.91,316.91,316.94,313.0,315.15,323.0,307.31,1852990.0,583286618.0,1.249,3.91
301628,强达电路,117.25,117.25,117.28,115.28,115.29,118.44,115.0,3200400.0,373671348.0,1.709,1.97
301629,矽电股份,383.26,383.26,383.4,388.2,384.0,393.77,375.1,2112240.0,811188617.0,-1.273,-4.94
301630,同宇新材,334.5,334.4,334.5,320.66,314.25,350.08,307.0,3437513.0,1116018002.0,4.316,13.84
301631,壹连科技,81.3,81.3,81.33,77.3,77.3,81.95,76.99,2825201.0,225710547.0,5.175,4.0
301632,广东建科,16.94,16.94,16.97,17.36,17.39,17.39,16.79,3042072.0,51536669.0,-2.419,-0.42
301633,港迪技术,47.44,47.44,47.47,47.5,47.55,47.88,46.61,434099.0,20550646.0,-0.126,-0.06
301636,泽润新能,48.11,48.11,48.15,46.97,47.3,48.99,47.05,2105768.0,100893797.0,2.427,1.14
301638,南网数字,25.09,25.08,25.09,24.94,24.8,25.21,24.59,14356631.0,358451973.0,0.601,0.15
301656,联合动力,19.37,19.37,19.38,19.78,19.69,19.98,19.14,15854955.0,309019291.0,-2.073,-0.41
301658,首航新能,30.56,30.55,30.56,30.11,30.12,30.99,29.66,5347374.0,162617331.0,1.495,0.45
301662,宏工科技,102.84,102.84,102.85,94.85,96.6,106.66,96.01,4304154.0,430740250.0,8.424,7.99
301665,泰禾股份,22.4,22.4,22.41,22.63,22.61,22.62,22.23,1596248.0,35712568.0,-1.016,-0.23
301666,大普微,673.6,673.6,673.64,612.0,624.0,693.96,604.1,8008070.0,5248174063.0,10.065,61.6
301667,纳百川,83.05,83.05,83.06,79.46,79.07,84.5,77.32,4158059.0,337726553.0,4.518,3.59
301668,昊创瑞通,36.49,36.49,36.5,36.21,36.11,36.88,35.8,821595.0,29910114.0,0.773,0.28
301669,高特电子,38.31,38.31,38.32,38.99,38.7,40.88,37.5,31590014.0,1232763871.0,-1.744,-0.68
301678,新恒汇,56.67,56.67,56.68,58.61,57.5,57.5,54.9,4886939.0,274437380.0,-3.31,-1.94
301680,固德电材,122.1,122.1,122.11,120.0,119.12,122.6,118.18,1790813.0,217056960.0,1.75,2.1
301682,宏明电子,172.5,172.5,172.51,161.82,163.7,177.77,162.11,5662132.0,968819062.0,6.6,10.68
301683,慧谷新材,135.41,135.41,135.42,130.53,130.37,139.68,129.62,2122714.0,284680146.0,3.739,4.88
301687,新广益,65.36,65.36,65.37,63.56,62.06,67.88,62.05,7961444.0,525783243.0,2.832,1.8
301696,三瑞智能,116.15,116.15,116.16,113.43,114.27,117.7,113.6,4052719.0,468972358.0,2.398,2.72
302132,中航成飞,60.9,60.89,60.9,60.96,61.0,61.94,60.47,7183596.0,439176884.0,-0.098,-0.06
