代码,名称,最新价,买入,卖出,昨收,今开,最高,最低,成交量,成交额,涨跌幅,涨跌额
920000,安徽凤凰,13.98,13.98,14.1,14.8,14.86,14.87,13.85,959712.0,13639870.0,-5.541,-0.82
920001,纬达光电,16.12,16.11,16.12,17.79,17.55,17.8,16.04,9014976.0,151933337.0,-9.387,-1.67
920002,DR万达轴,64.11,64.1,64.11,69.57,67.0,67.88,63.2,2110999.0,138309586.0,-7.848,-5.46
920003,中诚咨询,28.3,28.29,28.3,28.86,29.0,29.0,28.0,341718.0,9696302.0,-1.94,-0.56
920005,鼎佳精密,30.43,30.43,30.44,31.77,31.8,32.09,30.23,489586.0,15079824.0,-4.218,-1.34
920006,晟楠科技,16.39,16.36,16.39,17.11,17.28,17.28,16.2,1416369.0,23445978.0,-4.208,-0.72
920007,酉立智能,43.88,43.72,43.88,45.56,45.38,46.29,43.58,279772.0,12434668.0,-3.687,-1.68
920008,成电光信,22.05,22.0,22.05,22.89,22.8,23.19,21.8,992847.0,22255249.0,-3.67,-0.84
920009,丹娜生物,37.75,37.46,37.75,38.93,38.73,38.98,37.01,355094.0,13406704.0,-3.031,-1.18
920010,凯添燃气,10.91,10.9,10.91,11.24,11.2,11.25,10.74,6027789.0,65813912.0,-2.936,-0.33
920011,晨光电机,25.5,25.46,25.5,26.37,25.98,26.26,25.05,3692035.0,94558390.0,-3.299,-0.87
920012,创达新材,84.6,84.58,84.6,67.68,69.01,87.98,69.01,6585457.0,535275385.0,25.0,16.92
920014,特瑞斯,9.86,9.81,9.86,10.32,10.35,10.45,9.71,2254969.0,22372367.0,-4.457,-0.46
920015,锦华新材,41.4,41.33,41.4,43.1,42.83,43.68,41.11,1891934.0,79988690.0,-3.944,-1.7
920016,中草香料,14.12,14.11,14.12,14.74,14.8,14.92,13.97,693849.0,9893458.0,-4.206,-0.62
920017,星昊医药,16.09,16.09,16.12,16.48,16.49,16.49,15.83,1573172.0,25320226.0,-2.367,-0.39
920018,宏远股份,24.89,24.8,24.89,25.28,25.38,25.64,24.61,962304.0,24070978.0,-1.543,-0.39
920019,铜冠矿建,17.6,17.6,17.64,18.33,18.16,18.35,17.4,3095332.0,54833126.0,-3.983,-0.73
920020,泰凯英,14.64,14.63,14.64,14.8,14.79,14.9,14.43,727070.0,10582124.0,-1.081,-0.16
920021,流金科技,9.42,9.42,9.43,9.23,9.51,9.78,9.22,16805496.0,159723016.0,2.059,0.19
920022,世昌股份,22.93,22.7,22.93,23.45,23.77,23.77,22.71,372614.0,8585391.0,-2.217,-0.52
920023,*ST田野,2.23,2.22,2.23,2.34,2.31,2.35,2.22,10458795.0,23588990.0,-4.701,-0.11
920026,卓兆点胶,31.03,31.03,31.09,32.2,32.23,32.58,30.8,1338917.0,42153727.0,-3.634,-1.17
920027,交大铁发,15.9,15.88,15.9,16.46,16.46,16.51,15.81,1051284.0,16852649.0,-3.402,-0.56
920028,新恒泰,19.12,19.12,19.13,18.91,19.04,19.56,18.15,5243779.0,99040440.0,1.111,0.21
920029,开发科技,66.26,66.26,66.27,67.07,67.09,67.96,66.1,709182.0,47531540.0,-1.208,-0.81
920030,德众汽车,4.87,4.87,4.9,5.09,5.12,5.13,4.76,1893493.0,9286251.0,-4.322,-0.22
920033,康普化学,16.21,16.21,16.23,16.27,16.28,16.28,15.26,1263730.0,19802065.0,-0.369,-0.06
920035,精创电气,27.3,27.29,27.3,27.38,27.27,27.79,26.63,406439.0,11045330.0,-0.292,-0.08
920036,觅睿科技,41.33,41.33,41.39,41.28,41.28,42.38,40.82,1262716.0,52348058.0,0.121,0.05
920037,广信科技,46.6,46.42,46.6,46.29,46.3,47.4,46.02,1380802.0,64480161.0,0.67,0.31
920039,国义招标,8.03,8.02,8.03,8.28,8.28,8.3,7.93,995726.0,8015455.0,-3.019,-0.25
920045,蘅东光,551.55,551.55,553.06,585.2,585.0,586.85,536.0,1066406.0,602206662.0,-5.75,-33.65
920046,亿能电力,28.35,28.35,28.37,27.74,27.33,28.98,27.0,5808776.0,163210370.0,2.199,0.61
920047,诺思兰德,29.33,29.32,29.33,29.09,29.3,29.89,28.9,2837737.0,83435411.0,0.825,0.24
920050,爱舍伦,29.26,29.16,29.26,30.06,30.06,30.06,29.03,472851.0,13920196.0,-2.661,-0.8
920055,XD隆源股,30.55,30.5,30.55,31.15,31.39,31.76,30.05,737908.0,22669496.0,-1.926,-0.6
920056,能之光,19.74,19.74,19.82,20.66,20.55,20.9,19.69,1097280.0,22057787.0,-4.453,-0.92
920057,百甲科技,5.32,5.32,5.33,5.5,5.51,5.51,5.11,2303923.0,12144948.0,-3.273,-0.18
920058,华洋赛车,29.82,29.81,29.82,28.03,28.75,33.0,28.75,2120220.0,64108362.0,6.386,1.79
920060,万源通,28.46,28.45,28.46,29.8,29.76,30.11,28.08,4577681.0,132122881.0,-4.497,-1.34
920061,西磁科技,22.0,22.0,22.01,22.98,23.4,23.4,21.7,968843.0,21604921.0,-4.265,-0.98
920062,科润智控,10.79,10.79,10.8,10.05,10.13,10.85,10.03,9333469.0,97762007.0,7.363,0.74
920066,科拜尔,22.76,22.76,22.88,23.42,23.62,23.62,22.7,556946.0,12876933.0,-2.818,-0.66
920068,天工股份,17.59,17.58,17.59,18.23,18.2,18.5,17.45,1932866.0,34334701.0,-3.511,-0.64
920069,普昂医疗,37.5,37.5,37.57,36.91,37.0,37.96,36.81,804403.0,30122041.0,1.598,0.59
920075,柏星龙,18.41,18.4,18.41,19.36,19.35,19.57,18.21,1112318.0,20816984.0,-4.907,-0.95
920076,国亮新材,20.15,20.15,20.2,20.41,20.31,20.65,19.96,724748.0,14680891.0,-1.274,-0.26
920077,吉林碳谷,15.72,15.71,15.72,16.2,16.26,16.36,15.61,6009217.0,95288270.0,-2.963,-0.48
920078,族兴新材,36.0,35.99,36.0,32.2,32.8,36.0,31.29,7364645.0,252269731.0,11.801,3.8
920080,奥美森,22.6,22.5,22.6,22.98,22.88,23.16,22.24,458348.0,10345909.0,-1.654,-0.38
920082,DR方正阀,9.16,9.08,9.16,9.53,9.58,9.6,8.82,2141137.0,19478962.0,-3.882,-0.37
920086,科马材料,28.08,28.08,28.18,29.62,29.74,29.74,27.98,1664331.0,47600851.0,-5.199,-1.54
920087,秋乐种业,11.36,11.36,11.37,11.44,11.48,11.96,10.88,5324057.0,59997783.0,-0.699,-0.08
920088,科力股份,34.32,34.32,34.4,36.0,35.82,35.82,33.69,3718789.0,128132512.0,-4.667,-1.68
920089,禾昌聚合,15.65,15.65,15.66,16.06,16.05,16.2,15.62,1314754.0,20862769.0,-2.553,-0.41
920090,*ST同辉,4.0,3.99,4.0,4.33,4.21,4.37,3.98,6095579.0,25008064.0,-7.621,-0.33
920091,大鹏工业,41.38,41.38,41.48,43.75,43.03,44.12,40.98,1207293.0,50528913.0,-5.417,-2.37
920092,汉鑫科技,29.49,29.49,29.63,31.04,31.3,31.94,29.21,1617331.0,49136337.0,-4.994,-1.55
920096,嘉晨智能,65.29,65.29,65.3,64.2,62.5,69.76,62.33,4204906.0,283830459.0,1.698,1.09
920098,科隆新材,22.64,22.62,22.64,24.01,23.79,23.99,22.58,1190894.0,27635715.0,-5.706,-1.37
920099,瑞华技术,29.85,29.85,29.86,30.25,30.25,30.75,29.71,748907.0,22474942.0,-1.322,-0.4
920100,DR三协电,43.0,42.99,43.0,47.09,46.0,47.0,41.0,4977789.0,217352133.0,-8.685,-4.09
920101,志高机械,29.98,29.98,30.0,31.1,31.03,31.06,29.98,721890.0,21787326.0,-3.601,-1.12
920106,林泰新材,44.17,44.16,44.17,45.25,44.86,45.95,43.5,709662.0,31525390.0,-2.387,-1.08
920108,宏海科技,10.18,10.15,10.18,10.28,10.28,10.43,10.01,729326.0,7391393.0,-0.973,-0.1
920110,雷特科技,26.89,26.61,26.89,27.41,27.44,28.86,26.42,225556.0,6139940.0,-1.897,-0.52
920111,聚星科技,29.27,29.26,29.27,29.0,28.99,29.57,28.73,3099811.0,90296000.0,0.931,0.27
920112,巴兰仕,28.27,28.14,28.27,29.02,29.02,29.29,28.05,364966.0,10436778.0,-2.584,-0.75
920116,星图测控,63.4,63.4,63.42,64.09,65.01,65.51,62.85,2797219.0,179910695.0,-1.077,-0.69
920118,太湖远大,19.82,19.82,19.84,20.47,20.47,20.47,19.5,921670.0,18285211.0,-3.175,-0.65
920119,美德乐,57.71,57.71,57.75,58.3,58.44,59.28,57.66,593710.0,34525526.0,-1.012,-0.59
920121,江天科技,33.91,33.85,33.91,34.26,34.26,34.72,33.51,246855.0,8346502.0,-1.022,-0.35
920122,中纺标,21.84,21.83,21.84,22.74,22.85,22.93,21.33,945202.0,20588269.0,-3.958,-0.9
920123,芭薇股份,11.17,11.15,11.17,11.21,11.26,11.26,10.75,1093905.0,12061275.0,-0.357,-0.04
920124,南特科技,15.16,15.16,15.18,15.42,15.25,15.47,14.94,1741136.0,26368244.0,-1.686,-0.26
920125,鸿仕达,211.0,211.0,211.03,186.0,180.0,223.0,176.0,3770249.0,781958902.0,13.441,25.0
920128,胜业电气,26.52,26.52,26.53,26.11,25.92,26.52,25.29,1273452.0,33101525.0,1.57,0.41
920130,立方控股,15.94,15.92,15.94,16.6,16.6,16.74,15.7,1311766.0,21072804.0,-3.976,-0.66
920132,泰鹏智能,11.78,11.76,11.78,12.35,12.28,12.35,11.73,626567.0,7452050.0,-4.615,-0.57
920139,华岭股份,18.22,18.22,18.24,19.38,19.19,19.79,18.2,8783780.0,167791072.0,-5.986,-1.16
920145,恒合股份,11.6,11.55,11.6,12.47,12.36,12.37,11.5,1276112.0,15100356.0,-6.977,-0.87
920146,华阳变速,5.68,5.68,5.69,5.85,5.89,5.98,5.58,2197120.0,12528792.0,-2.906,-0.17
920149,旭杰科技,8.57,8.52,8.57,8.8,8.79,8.86,8.25,1222406.0,10373934.0,-2.614,-0.23
920152,昆工科技,16.35,16.35,16.36,17.35,17.19,17.45,16.29,1783648.0,29866562.0,-5.764,-1.0
920156,海昌智能,61.01,61.01,61.02,59.35,60.33,62.92,59.53,3117219.0,192581753.0,2.797,1.66
920158,长江能科,9.68,9.68,9.69,10.07,9.99,10.08,9.58,2546440.0,24867630.0,-3.873,-0.39
920159,农大科技,33.89,33.89,33.92,34.8,35.17,35.17,33.8,701570.0,23996725.0,-2.615,-0.91
920160,北矿检测,21.57,21.56,21.57,21.56,21.5,21.75,21.12,852521.0,18202936.0,0.046,0.01
920161,N龙辰,40.95,40.95,40.96,9.21,55.0,59.0,40.0,33275304.0,1684264814.0,344.625,31.74
920163,方大新材,10.44,10.37,10.44,10.86,10.9,11.02,10.24,824308.0,8606756.0,-3.867,-0.42
920166,海圣医疗,23.51,23.35,23.51,23.25,23.25,23.67,22.63,500772.0,11600436.0,1.118,0.26
920167,同享科技,17.65,17.54,17.65,17.9,18.0,18.68,17.5,1675716.0,30113755.0,-1.397,-0.25
920168,通宝光电,19.14,19.14,19.16,19.6,19.73,19.74,18.92,923598.0,17696244.0,-2.347,-0.46
920169,七丰精工,22.11,22.09,22.11,23.63,23.36,23.8,21.92,1966766.0,44328065.0,-6.433,-1.52
920171,志晟信息,19.65,19.65,19.73,20.88,20.46,21.05,19.5,3270741.0,66019616.0,-5.891,-1.23
920174,五新智能,38.01,37.93,38.01,38.52,38.29,38.59,36.94,1900452.0,71991246.0,-1.324,-0.51
920175,东方碳素,8.71,8.71,8.73,9.26,9.22,9.25,8.59,1705697.0,14992693.0,-5.94,-0.55
920177,恒道科技,32.96,32.93,32.96,33.36,33.18,34.18,32.57,1033744.0,34544753.0,-1.199,-0.4
920178,锐翔智能,187.0,187.0,187.89,193.99,180.5,205.88,180.1,4257345.0,816807132.0,-3.603,-6.99
920179,凯德石英,60.55,60.55,60.59,63.76,64.06,65.49,59.69,6691350.0,417008619.0,-5.035,-3.21
920180,爱得科技,13.36,13.36,13.37,13.81,13.77,13.83,13.26,1149117.0,15482389.0,-3.259,-0.45
920181,赛英电子,111.75,111.74,111.75,106.43,109.0,118.79,105.51,2604554.0,295694978.0,4.999,5.32
920183,海菲曼,37.0,36.99,37.0,38.68,38.68,38.98,36.6,614409.0,23127074.0,-4.343,-1.68
920184,国源科技,12.46,12.46,12.59,13.2,13.2,13.4,12.41,2021111.0,25761075.0,-5.606,-0.74
920185,贝特瑞,26.27,26.27,26.29,26.78,26.87,27.45,26.16,6553507.0,175376802.0,-1.904,-0.51
920186,中科仪,102.23,102.2,102.23,93.63,95.0,106.95,94.99,17113747.0,1726221821.0,9.185,8.6
920187,DR通领科,21.68,21.67,21.68,22.88,22.92,22.98,21.62,1327040.0,29166807.0,-5.245,-1.2
920188,悦龙科技,25.82,25.82,25.87,26.15,26.15,26.59,25.56,1156646.0,30113902.0,-1.262,-0.33
920190,雷神科技,21.2,21.2,21.21,22.0,21.82,21.92,20.89,1256322.0,26740117.0,-3.636,-0.8
920191,瑞尔竞达,11.15,11.15,11.16,11.42,11.41,11.5,11.05,2905507.0,32552237.0,-2.364,-0.27
920195,三祥科技,14.1,14.1,14.11,14.41,14.37,14.48,13.91,1126373.0,15838921.0,-2.151,-0.31
920198,微创光电,8.46,8.45,8.46,9.16,9.08,9.16,8.45,4699014.0,41049285.0,-7.642,-0.7
920199,倍益康,24.61,24.61,24.63,29.92,29.0,29.24,23.99,4320710.0,112537370.0,-17.747,-5.31
920200,振宏股份,50.4,50.4,50.41,53.1,52.52,54.8,49.83,3914864.0,204274666.0,-5.085,-2.7
920204,沪江材料,14.2,14.2,14.22,14.7,14.81,14.87,14.01,950952.0,13546001.0,-3.401,-0.5
920207,众诚科技,24.2,24.2,24.26,26.19,26.64,26.64,24.16,3303391.0,82366137.0,-7.598,-1.99
920208,青矩技术,20.63,20.63,20.64,20.62,20.52,20.69,20.0,1029520.0,20869224.0,0.048,0.01
920212,智新电子,10.46,10.46,10.48,11.13,11.16,11.25,10.36,1045816.0,11144668.0,-6.02,-0.67
920220,朗信电气,83.99,83.99,84.0,85.7,83.04,88.98,82.08,3772937.0,321562749.0,-1.995,-1.71
920221,易实精密,16.22,16.21,16.22,17.26,17.61,18.0,16.2,2697225.0,45112741.0,-6.025,-1.04
920223,荣亿精密,14.06,14.05,14.06,14.71,14.68,14.98,13.89,2173271.0,30942601.0,-4.419,-0.65
920225,利通科技,21.28,21.16,21.28,22.44,22.24,22.96,21.11,2141506.0,46421999.0,-5.169,-1.16
920227,美登科技,55.95,55.5,55.95,57.31,56.79,57.84,55.16,470735.0,26329157.0,-2.373,-1.36
920230,欧康医药,10.55,10.51,10.55,10.72,10.88,10.88,10.2,1462395.0,15201621.0,-1.586,-0.17
920237,力佳科技,15.35,15.34,15.35,15.8,15.69,16.05,15.29,1101213.0,17190579.0,-2.848,-0.45
920239,长虹能源,26.32,26.32,26.34,27.12,27.38,27.68,26.11,1960302.0,52400340.0,-2.95,-0.8
920242,建邦科技,23.1,23.08,23.1,23.96,23.84,23.92,23.03,327981.0,7639820.0,-3.589,-0.86
920245,威博液压,21.06,21.03,21.06,22.15,22.06,22.17,20.6,539524.0,11377326.0,-4.921,-1.09
920247,华密新材,17.15,17.15,17.18,18.19,18.28,18.35,17.12,3015933.0,52762949.0,-5.717,-1.04
920249,利尔达,8.73,8.73,8.74,9.67,9.65,9.65,8.72,11411062.0,103731560.0,-9.721,-0.94
920252,天宏锂电,20.15,20.15,20.16,21.4,21.4,21.75,20.1,3113032.0,64638714.0,-5.841,-1.25
920260,中寰股份,8.29,8.27,8.29,8.61,8.61,8.63,8.22,814535.0,6823571.0,-3.717,-0.32
920261,一诺威,13.96,13.95,13.96,14.11,14.19,14.24,13.88,1614303.0,22599357.0,-1.063,-0.15
920262,太湖雪,14.34,14.34,14.36,14.4,14.52,15.01,13.66,1289985.0,18542084.0,-0.417,-0.06
920263,中航泰达,8.62,8.54,8.62,9.13,9.15,9.23,8.35,1547939.0,13326065.0,-5.586,-0.51
920266,生物谷,7.01,7.01,7.02,7.17,7.19,7.26,6.89,982379.0,6867545.0,-2.232,-0.16
920267,鑫汇科,15.4,15.4,15.43,16.35,16.25,16.37,15.2,915739.0,14208812.0,-5.81,-0.95
920270,天铭科技,15.33,15.33,15.34,15.65,15.59,15.77,15.0,1956814.0,29824263.0,-2.045,-0.32
920271,邦德股份,10.75,10.71,10.75,11.15,11.15,11.15,10.6,941958.0,10137584.0,-3.587,-0.4
920273,一致魔芋,19.1,19.1,19.11,17.62,17.65,20.35,16.78,4220656.0,77527383.0,8.4,1.48
920274,宏裕包材,19.08,19.08,19.11,20.4,20.3,20.5,18.97,1908003.0,37116358.0,-6.471,-1.32
920275,驱动力,6.19,6.16,6.19,6.5,6.42,6.42,6.04,1362389.0,8418137.0,-4.769,-0.31
920278,鹿得医疗,6.6,6.6,6.61,6.87,6.87,6.88,6.56,1228115.0,8173922.0,-3.93,-0.27
920284,灵鸽科技,29.47,29.47,29.48,30.18,30.48,30.86,28.88,2683389.0,79598580.0,-2.353,-0.71
920299,灿能电力,21.07,21.07,21.08,21.87,21.83,22.15,20.93,2199088.0,47183702.0,-3.658,-0.8
920300,辰光医疗,10.05,10.05,10.06,10.5,10.5,10.68,9.95,1839541.0,18641020.0,-4.286,-0.45
920304,迪尔化工,9.67,9.66,9.67,10.0,9.94,10.07,9.52,1938985.0,18873426.0,-3.3,-0.33
920305,*ST云创,3.57,0.0,0.0,3.57,0.0,0.0,0.0,0.0,0.0,0.0,0.0
920339,恒太照明,11.22,11.22,11.23,9.87,9.97,12.26,9.97,9013835.0,103015080.0,13.678,1.35
920344,三元基因,19.43,19.3,19.43,19.95,19.84,20.09,19.06,592094.0,11512467.0,-2.607,-0.52
920346,威贸电子,17.29,17.22,17.29,18.19,18.0,18.29,17.05,1044030.0,18290411.0,-4.948,-0.9
920351,华光源海,13.68,13.64,13.68,14.34,14.44,14.44,13.5,1297966.0,17852129.0,-4.603,-0.66
920357,雅葆轩,17.4,17.39,17.4,18.15,18.14,18.38,17.38,1488398.0,26495573.0,-4.132,-0.75
920363,莱赛激光,14.33,14.33,14.43,15.0,15.14,15.22,14.15,864320.0,12610762.0,-4.467,-0.67
920367,新赣江,16.18,16.16,16.18,17.24,17.42,17.42,16.0,1577657.0,25902713.0,-6.148,-1.06
920368,连城数控,34.85,34.85,34.87,35.25,35.35,36.87,34.5,6447361.0,229420048.0,-1.135,-0.4
920370,新安洁,2.96,2.95,2.96,3.08,3.06,3.09,2.91,3003376.0,8903461.0,-3.896,-0.12
920371,欧福蛋业,8.37,8.36,8.37,7.98,8.03,8.66,7.62,3926275.0,31737578.0,4.887,0.39
920374,云里物里,17.23,17.22,17.23,18.46,18.46,18.54,17.15,1374326.0,24171759.0,-6.663,-1.23
920375,派诺科技,12.26,12.26,12.27,12.53,12.53,12.61,12.06,2567359.0,31462414.0,-2.155,-0.27
920378,泰德股份,8.1,8.1,8.12,8.43,8.47,8.48,7.96,2383109.0,19493243.0,-3.915,-0.33
920392,佳合科技,15.82,15.82,15.84,16.66,16.83,16.83,15.73,743157.0,11875553.0,-5.042,-0.84
920394,民士达,44.4,44.4,44.41,47.8,48.26,48.27,43.27,3084853.0,140070913.0,-7.113,-3.4
920395,朗鸿科技,8.13,8.13,8.14,8.39,8.35,8.46,8.02,796819.0,6525477.0,-3.099,-0.26
920396,常辅股份,24.66,24.66,24.67,24.78,24.75,25.01,23.91,1534487.0,37485882.0,-0.484,-0.12
920402,硅烷科技,9.12,9.12,9.13,9.6,9.47,9.71,9.04,6388201.0,59320061.0,-5.0,-0.48
920403,康农种业,21.13,21.12,21.13,21.05,21.06,21.5,19.42,1934009.0,39429109.0,0.38,0.08
920405,海希通讯,13.82,13.81,13.82,14.6,14.66,14.66,13.68,1844764.0,25853365.0,-5.342,-0.78
920407,驰诚股份,14.89,14.88,14.89,15.58,15.49,15.75,14.56,822864.0,12347773.0,-4.429,-0.69
920414,欧普泰,9.89,9.89,9.9,10.18,10.24,10.66,9.57,2543104.0,25581052.0,-2.849,-0.29
920415,恒拓开源,10.65,10.65,10.66,11.19,11.25,11.27,10.53,2129546.0,22919948.0,-4.826,-0.54
920418,苏轴股份,22.16,22.13,22.16,22.93,23.0,23.5,21.98,2754906.0,61842492.0,-3.358,-0.77
920419,路斯股份,11.04,10.97,11.04,11.4,11.4,11.42,10.8,1221331.0,13460592.0,-3.158,-0.36
920422,润普食品,10.17,10.16,10.17,10.3,10.24,10.75,9.86,2600895.0,26864504.0,-1.262,-0.13
920425,乐创技术,24.6,24.6,24.73,25.3,25.26,25.44,24.43,2082390.0,51829874.0,-2.767,-0.7
920427,华维设计,13.56,13.56,13.57,13.16,13.0,13.98,12.85,6822597.0,91826216.0,3.04,0.4
920429,康比特,11.2,11.2,11.22,11.04,11.09,11.69,10.63,2997311.0,33320611.0,1.449,0.16
920433,大唐药业,4.67,4.65,4.67,4.77,4.76,4.87,4.6,1353631.0,6373099.0,-2.096,-0.1
920436,大地电气,12.2,12.2,12.24,12.74,12.77,12.77,12.09,979503.0,12006865.0,-4.239,-0.54
920438,戈碧迦,74.51,74.51,74.52,73.9,78.0,79.8,73.0,9560080.0,727220679.0,0.825,0.61
920445,龙竹科技,7.62,7.62,7.63,7.99,7.99,7.99,7.54,2132692.0,16339513.0,-4.631,-0.37
920454,同心传动,12.66,12.66,12.75,13.08,13.0,13.08,12.49,967981.0,12335633.0,-3.211,-0.42
920455,汇隆活塞,6.7,6.7,6.71,6.93,6.92,6.97,6.58,1125793.0,7556987.0,-3.319,-0.23
920469,富恒新材,6.87,6.86,6.87,7.1,7.02,7.07,6.61,6026861.0,40783315.0,-3.239,-0.23
920471,美邦科技,12.09,12.09,12.18,12.66,12.78,12.78,11.95,2137522.0,26067813.0,-4.502,-0.57
920475,三友科技,13.27,13.27,13.29,13.75,13.65,14.08,13.06,1152723.0,15464215.0,-3.491,-0.48
920476,海能技术,16.34,16.34,16.38,16.95,16.94,17.15,16.17,1359288.0,22474853.0,-3.599,-0.61
920478,峆一药业,9.45,9.45,9.46,9.86,9.88,9.96,9.27,1409214.0,13371738.0,-4.158,-0.41
920489,佳先股份,14.47,14.47,14.55,15.55,15.77,15.88,14.42,4029121.0,60447342.0,-6.945,-1.08
920491,奥迪威,26.14,26.14,26.15,24.88,24.8,26.55,23.86,8527841.0,215915965.0,5.064,1.26
920493,并行科技,144.63,144.63,144.65,150.2,148.0,150.66,143.54,1432449.0,208943886.0,-3.708,-5.57
920496,许昌智能,7.45,7.43,7.45,7.68,7.68,7.7,7.32,3639144.0,27154183.0,-2.995,-0.23
920504,博迅生物,18.13,18.13,18.17,18.51,18.5,18.74,17.41,712641.0,12713127.0,-2.053,-0.38
920505,九菱科技,32.04,32.02,32.04,34.83,34.93,35.13,31.74,1365063.0,44711135.0,-8.01,-2.79
920508,殷图网联,16.09,16.04,16.09,16.75,16.69,16.99,15.89,687899.0,11199903.0,-3.94,-0.66
920509,同惠电子,30.11,30.11,30.15,31.6,31.88,32.89,30.0,3111411.0,97564006.0,-4.715,-1.49
920510,丰光精密,15.54,15.53,15.54,16.23,16.16,16.54,15.29,3139102.0,49943670.0,-4.251,-0.69
920519,万德股份,10.45,10.45,10.53,10.75,10.75,10.9,10.4,552189.0,5843255.0,-2.791,-0.3
920522,纳科诺尔,45.86,45.86,45.87,46.46,46.4,48.19,45.38,3848155.0,180309635.0,-1.291,-0.6
920523,XD德瑞锂,18.88,18.88,18.94,19.58,19.66,19.84,18.6,1210287.0,23089396.0,-3.575,-0.7
920526,凯华材料,25.56,25.55,25.56,28.01,26.8,27.86,25.45,6671950.0,175878723.0,-8.747,-2.45
920527,夜光明,15.0,14.93,15.0,15.38,15.36,15.43,14.54,614540.0,9169990.0,-2.471,-0.38
920533,骏创科技,22.13,22.13,22.15,22.99,22.88,23.28,21.83,2552139.0,57021933.0,-3.741,-0.86
920541,XD铁大科,10.55,10.54,10.55,10.93,11.18,11.19,10.39,1332406.0,14153821.0,-3.477,-0.38
920547,无锡晶海,20.0,20.0,20.06,20.45,20.35,20.5,19.8,356482.0,7144118.0,-2.2,-0.45
920553,凯腾精工,7.31,7.31,7.33,7.6,7.55,7.65,7.14,1506782.0,11048478.0,-3.816,-0.29
920556,雅达股份,7.86,7.86,7.87,8.07,8.1,8.13,7.74,1575077.0,12428458.0,-2.602,-0.21
920564,天润科技,21.3,21.3,21.38,21.85,22.2,22.41,21.2,957320.0,20787666.0,-2.517,-0.55
920566,梓橦宫,9.88,9.88,9.89,10.01,10.0,10.03,9.77,1251207.0,12328499.0,-1.299,-0.13
920570,坤博精工,26.2,26.11,26.2,27.2,27.2,27.2,25.81,789755.0,20676508.0,-3.676,-1.0
920571,国航远洋,9.58,9.58,9.6,10.0,10.0,10.07,9.53,16130317.0,156404117.0,-4.2,-0.42
920575,*ST康乐,3.81,3.81,3.82,4.2,4.0,4.18,3.81,14141579.0,55958456.0,-9.286,-0.39
920576,天力复合,60.56,60.56,60.57,59.9,60.8,63.52,59.53,2355025.0,144708183.0,1.102,0.66
920578,巨能股份,16.25,16.19,16.25,17.32,17.29,17.3,16.0,1368112.0,22480110.0,-6.178,-1.07
920579,机科股份,16.76,16.76,16.77,17.61,17.6,17.64,16.56,1849179.0,31312105.0,-4.827,-0.85
920580,XD科创新,12.9,12.9,12.91,13.32,13.31,13.79,12.85,4149291.0,54895659.0,-3.153,-0.42
920592,华信永道,27.78,27.78,27.79,29.13,29.11,29.29,27.28,1765855.0,49623268.0,-4.634,-1.35
920593,鼎智科技,29.34,29.34,29.35,31.6,31.0,31.0,29.13,5351839.0,161029399.0,-7.152,-2.26
920599,同力股份,15.65,15.62,15.65,16.28,16.3,16.45,15.51,4760701.0,75425384.0,-3.87,-0.63
920608,丰安股份,14.68,14.68,14.73,14.85,14.76,14.76,14.16,327614.0,4708396.0,-1.145,-0.17
920627,力王股份,17.36,17.36,17.37,17.69,17.98,18.15,17.1,1273734.0,22279787.0,-1.865,-0.33
920634,新威凌,16.4,16.4,16.54,17.44,17.4,17.59,16.2,979730.0,16392359.0,-5.963,-1.04
920639,晨光电缆,7.4,7.4,7.41,7.22,7.24,7.42,6.89,3575315.0,25705923.0,2.493,0.18
920640,富士达,32.47,32.46,32.47,34.21,34.28,34.6,32.1,5987697.0,196997592.0,-5.086,-1.74
920641,格利尔,14.95,14.94,14.95,15.81,15.7,15.84,14.86,1408266.0,21319858.0,-5.44,-0.86
920642,通易航天,10.77,10.72,10.77,11.4,11.44,11.51,10.6,2270419.0,24830148.0,-5.526,-0.63
920651,天罡股份,23.05,23.05,23.08,23.79,23.96,23.96,22.81,539753.0,12496570.0,-3.111,-0.74
920656,海昇药业,14.08,13.88,14.08,14.27,14.26,14.26,13.74,477805.0,6664206.0,-1.331,-0.19
920662,方盛股份,20.43,20.43,20.46,21.39,21.27,21.55,20.2,1233931.0,25514157.0,-4.488,-0.96
920663,明阳科技,16.43,16.42,16.43,17.27,16.8,17.0,15.88,3903795.0,64361635.0,-4.864,-0.84
920665,科强股份,11.95,11.9,11.95,12.47,12.36,12.44,11.61,4531276.0,53950154.0,-4.17,-0.52
920670,数字人,13.89,13.89,13.9,14.3,14.5,14.51,13.7,1982548.0,27663626.0,-2.867,-0.41
920675,秉扬科技,8.0,7.97,8.0,8.33,8.3,8.3,7.83,2402558.0,19173258.0,-3.962,-0.33
920679,前进科技,15.93,15.93,15.94,16.32,16.22,16.48,15.66,431689.0,6886295.0,-2.39,-0.39
920682,球冠电缆,6.34,6.33,6.34,6.51,6.51,6.54,6.21,3381902.0,21487911.0,-2.611,-0.17
920685,新芝生物,10.98,10.98,11.0,11.62,11.58,11.65,10.9,859835.0,9566708.0,-5.508,-0.64
920689,克莱特,23.88,23.83,23.88,24.76,24.79,24.97,23.43,1001974.0,23982924.0,-3.554,-0.88
920690,捷众科技,25.69,25.61,25.69,26.15,26.0,26.34,25.02,1300061.0,33214396.0,-1.759,-0.46
920693,阿为特,26.99,26.97,26.99,28.34,28.36,28.7,26.85,1149274.0,31578682.0,-4.764,-1.35
920694,中裕科技,15.15,15.15,15.19,15.6,15.74,15.9,14.81,950228.0,14373531.0,-2.885,-0.45
920699,海达尔,71.17,70.73,71.17,65.33,65.9,75.0,65.33,2141179.0,152328521.0,8.939,5.84
920701,豪声电子,12.63,12.62,12.63,13.41,13.41,13.42,12.37,1660374.0,21097799.0,-5.817,-0.78
920703,广厦环能,10.06,10.06,10.07,10.27,10.27,10.44,9.86,992486.0,9960243.0,-2.045,-0.21
920706,铁拓机械,19.66,19.61,19.66,20.77,20.97,20.98,19.33,2218025.0,44022998.0,-5.344,-1.11
920717,瑞星股份,7.52,7.51,7.52,7.95,7.91,7.92,7.36,2021275.0,15356000.0,-5.409,-0.43
920718,合肥高科,11.29,11.28,11.29,11.9,11.82,11.96,11.26,2292248.0,26271164.0,-5.126,-0.61
920719,宁新新材,9.67,9.66,9.67,10.35,10.46,10.46,9.53,3274503.0,32397430.0,-6.57,-0.68
920720,吉冈精密,10.2,10.2,10.21,10.65,10.59,10.73,10.02,2267591.0,23271254.0,-4.225,-0.45
920725,惠丰钻石,37.12,37.11,37.12,40.43,39.0,39.44,36.74,6820547.0,257844480.0,-8.187,-3.31
920726,朱老六,18.71,18.71,18.77,16.89,17.11,19.33,16.59,6962000.0,126210201.0,10.776,1.82
920729,永顺生物,7.2,7.19,7.2,7.55,7.59,7.59,7.08,1274277.0,9271616.0,-4.636,-0.35
920735,德源药业,25.44,25.43,25.44,24.9,24.75,26.16,24.68,1854897.0,47195956.0,2.169,0.54
920748,路桥信息,27.42,27.42,27.45,29.0,29.0,29.49,27.27,960984.0,26928108.0,-5.448,-1.58
920751,惠同新材,23.26,23.18,23.26,23.89,24.6,26.0,22.82,2586812.0,63442739.0,-2.637,-0.63
920753,天纺标,15.78,15.78,15.85,16.53,16.58,16.58,15.2,978540.0,15353632.0,-4.537,-0.75
920765,美之高,13.45,13.41,13.45,13.6,13.6,13.74,13.08,1166213.0,15536451.0,-1.103,-0.15
920768,拾比佰,7.82,7.76,7.82,8.02,8.07,8.08,7.72,1459942.0,11463367.0,-2.494,-0.2
920770,艾能聚,12.1,12.09,12.1,12.31,12.36,12.96,11.9,4273398.0,52705412.0,-1.706,-0.21
920779,武汉蓝电,27.28,27.24,27.28,28.37,28.4,28.96,27.08,709475.0,19730662.0,-3.842,-1.09
920781,瑞奇智造,6.13,6.12,6.13,6.43,6.39,6.44,6.0,3327280.0,20385835.0,-4.666,-0.3
920786,骑士乳业,7.57,7.57,7.58,7.21,7.23,7.88,7.0,9900591.0,73615089.0,4.993,0.36
920790,联迪信息,19.01,19.01,19.07,20.03,20.15,20.35,18.68,1224681.0,23458278.0,-5.092,-1.02
920792,东和新材,10.06,10.05,10.06,10.27,10.31,10.34,10.0,704499.0,7101955.0,-2.045,-0.21
920799,艾融软件,29.39,29.39,29.4,30.61,30.55,30.9,29.12,2936752.0,87277292.0,-3.986,-1.22
920802,保丽洁,12.05,12.0,12.05,12.51,12.57,12.63,11.75,951844.0,11480108.0,-3.677,-0.46
920806,云星宇,10.32,10.32,10.33,10.87,10.92,10.97,10.16,3893261.0,40578873.0,-5.06,-0.55
920807,奔朗新材,11.19,11.18,11.19,11.83,11.68,11.68,10.79,6025250.0,67552658.0,-5.41,-0.64
920808,曙光数创,76.34,76.34,76.46,80.89,80.96,81.5,76.12,3326015.0,260707161.0,-5.625,-4.55
920809,安达科技,8.2,8.2,8.21,8.35,8.36,8.56,8.13,17973745.0,149936914.0,-1.796,-0.15
920810,春光智能,9.19,9.11,9.19,9.65,9.65,9.7,8.98,1259123.0,11582442.0,-4.767,-0.46
920819,颖泰生物,2.93,2.93,2.94,3.01,3.02,3.05,2.88,7123274.0,20918662.0,-2.658,-0.08
920821,则成电子,20.53,20.53,20.54,21.52,21.51,21.79,20.13,1815713.0,37744690.0,-4.6,-0.99
920826,盖世食品,10.39,10.39,10.42,9.99,9.98,10.55,9.78,8458091.0,86387923.0,4.004,0.4
920832,齐鲁华信,5.8,5.8,5.84,6.02,6.02,6.06,5.64,1969429.0,11398760.0,-3.654,-0.22
920833,美心翼申,13.91,13.91,13.92,14.34,14.3,14.3,13.82,1121636.0,15676545.0,-2.999,-0.43
920834,三维装备,10.06,10.06,10.09,10.68,10.68,10.68,10.04,1392808.0,14289120.0,-5.805,-0.62
920837,华原股份,11.22,11.17,11.22,11.61,11.61,11.77,11.08,1573580.0,17747309.0,-3.359,-0.39
920839,万通液压,27.4,27.4,27.49,28.88,28.88,29.25,27.3,782743.0,21826502.0,-5.125,-1.48
920855,浙江大农,13.47,13.47,13.58,14.42,14.41,14.49,13.4,472124.0,6493649.0,-6.588,-0.95
920856,浩淼科技,10.13,10.13,10.15,10.4,10.4,10.53,9.77,1688653.0,16876939.0,-2.596,-0.27
920857,泓禧科技,15.33,15.33,15.36,15.8,15.8,16.11,15.2,738686.0,11484594.0,-2.975,-0.47
920866,绿亨科技,6.63,6.63,6.65,6.78,6.79,6.81,6.5,1625854.0,10762201.0,-2.212,-0.15
920870,恒进感应,13.59,13.58,13.59,13.94,13.85,14.08,13.33,1177532.0,16082893.0,-2.511,-0.35
920871,派特尔,12.3,12.26,12.3,12.68,12.88,12.88,12.12,553374.0,6805338.0,-2.997,-0.38
920873,中设咨询,7.91,7.9,7.91,8.36,8.36,8.42,7.86,3131552.0,25246820.0,-5.383,-0.45
920876,慧为智能,18.81,18.69,18.81,19.61,19.64,19.76,18.52,881471.0,16689883.0,-4.08,-0.8
920879,基康技术,15.62,15.62,15.64,15.8,15.83,16.39,15.52,982270.0,15604401.0,-1.139,-0.18
920885,星辰科技,14.46,14.46,14.5,15.06,15.1,15.24,14.36,3323599.0,48587598.0,-3.984,-0.6
920892,广咨国际,12.44,12.42,12.44,12.64,12.74,12.99,12.16,840613.0,10536014.0,-1.582,-0.2
920895,花溪科技,13.33,13.22,13.33,13.78,13.7,13.86,13.06,649285.0,8656820.0,-3.266,-0.45
920896,旺成科技,15.19,15.16,15.19,15.7,15.7,15.71,14.88,844157.0,12773975.0,-3.248,-0.51
920906,舜宇精工,19.91,19.91,20.0,20.7,20.66,20.96,19.22,764159.0,15347879.0,-3.816,-0.79
920914,远航精密,21.28,21.27,21.28,21.96,22.0,22.35,21.01,1694042.0,36331966.0,-3.097,-0.68
920924,广脉科技,17.38,17.37,17.38,18.12,18.19,18.25,17.25,1455672.0,25750646.0,-4.084,-0.74
920925,锦好医疗,12.8,12.78,12.8,13.26,13.25,13.34,12.66,1473208.0,18956261.0,-3.469,-0.46
920926,鸿智科技,12.68,12.32,12.68,12.7,13.25,13.25,12.15,426468.0,5354160.0,-0.157,-0.02
920931,无锡鼎邦,10.41,10.41,10.48,10.88,10.99,10.99,10.12,1131879.0,11728871.0,-4.32,-0.47
920932,科达自控,16.88,16.88,16.89,18.33,17.03,17.96,16.8,9224192.0,159458252.0,-7.911,-1.45
920942,恒立钻具,21.0,21.0,21.03,21.86,21.71,22.07,20.7,1103976.0,23437972.0,-3.934,-0.86
920943,优机股份,14.25,14.24,14.25,14.72,14.77,14.97,14.07,1002888.0,14357997.0,-3.193,-0.47
920946,XD森萱医,9.28,9.28,9.29,9.25,9.29,9.42,9.13,1938565.0,18006946.0,0.324,0.03
920950,迅安科技,13.64,13.64,13.69,14.3,14.42,14.5,13.52,388071.0,5363553.0,-4.615,-0.66
920953,国子软件,25.07,25.07,25.08,26.5,26.49,26.81,25.0,1403570.0,35829347.0,-5.396,-1.43
920957,汉维科技,9.96,9.96,10.03,10.31,10.18,10.35,9.73,632797.0,6297162.0,-3.395,-0.35
920961,创远信科,16.8,16.8,16.82,17.25,17.36,17.48,16.65,2385504.0,40375071.0,-2.609,-0.45
920964,润农节水,4.87,4.87,4.89,5.04,5.05,5.06,4.8,2786858.0,13571752.0,-3.373,-0.17
920970,大禹生物,6.02,6.01,6.02,6.28,6.24,6.27,5.9,2157598.0,13026159.0,-4.14,-0.26
920971,天马新材,33.31,33.31,33.33,34.81,35.27,36.19,32.62,5800485.0,197415033.0,-4.309,-1.5
920974,凯大催化,7.45,7.41,7.45,7.58,7.59,7.62,7.34,1842097.0,13711971.0,-1.715,-0.13
920976,视声智能,24.97,24.97,25.14,27.33,27.14,27.33,24.8,1051586.0,26890487.0,-8.635,-2.36
920978,开特股份,22.44,22.44,22.49,23.4,23.3,23.58,22.28,3110183.0,70711554.0,-4.103,-0.96
920981,晶赛科技,35.81,35.81,35.86,38.03,37.88,38.86,35.4,3996576.0,147711367.0,-5.837,-2.22
920982,锦波生物,156.35,156.35,156.65,154.55,153.78,157.5,153.15,788511.0,122895564.0,1.165,1.8
920985,海泰新能,5.53,5.53,5.54,5.72,5.79,5.86,5.49,3304216.0,18572578.0,-3.322,-0.19
920992,中科美菱,12.75,12.74,12.75,13.26,13.31,13.41,12.6,964777.0,12397329.0,-3.846,-0.51
600000,浦发银行,9.43,9.43,9.44,9.27,9.29,9.54,9.26,134548971.0,1269924759.0,1.726,0.16
600004,白云机场,8.24,8.23,8.24,8.31,8.31,8.33,8.17,9361061.0,77090304.0,-0.842,-0.07
600006,东风股份,6.17,6.17,6.18,6.35,6.35,6.39,6.14,15793800.0,98175374.0,-2.835,-0.18
600007,中国国贸,21.16,21.16,21.19,21.31,21.37,21.55,21.06,1919182.0,40784393.0,-0.704,-0.15
600008,首创环保,3.07,3.06,3.07,3.09,3.09,3.1,3.06,51064600.0,157024122.0,-0.647,-0.02
600009,上海机场,25.4,25.4,25.41,25.61,25.48,25.48,24.92,15867875.0,400127066.0,-0.82,-0.21
600010,包钢股份,2.38,2.38,2.39,2.48,2.47,2.48,2.37,752001258.0,1814268099.0,-4.032,-0.1
600011,华能国际,7.71,7.7,7.71,7.51,7.49,7.77,7.47,202805520.0,1553260637.0,2.663,0.2
600012,皖通高速,16.43,16.42,16.43,16.4,16.4,16.45,16.17,4945000.0,80645011.0,0.183,0.03
600015,华夏银行,6.68,6.67,6.68,6.75,6.75,6.76,6.63,75033508.0,501373429.0,-1.037,-0.07
600016,民生银行,3.49,3.49,3.5,3.52,3.52,3.55,3.49,215493666.0,758341329.0,-0.852,-0.03
600017,日照港,2.75,2.74,2.75,2.79,2.78,2.8,2.73,23849700.0,65818902.0,-1.434,-0.04
600018,上港集团,5.04,5.04,5.05,5.08,5.08,5.1,5.02,45650548.0,230359162.0,-0.787,-0.04
600019,宝钢股份,6.03,6.02,6.03,6.04,6.05,6.07,5.94,88804356.0,532317235.0,-0.166,-0.01
600020,中原高速,3.97,3.95,3.97,3.99,3.99,4.05,3.92,15504362.0,61672416.0,-0.501,-0.02
600021,上海电力,20.59,20.59,20.6,20.39,20.39,21.6,19.97,271115409.0,5655219007.0,0.981,0.2
600022,山东钢铁,1.32,1.32,1.33,1.35,1.35,1.36,1.3,90170424.0,119689923.0,-2.222,-0.03
600023,浙能电力,6.0,6.0,6.01,6.08,6.03,6.11,5.96,90752441.0,547257403.0,-1.316,-0.08
600025,华能水电,9.62,9.61,9.62,9.5,9.44,9.65,9.43,34077334.0,325434229.0,1.263,0.12
600026,中远海能,20.3,20.29,20.3,21.23,21.16,21.38,20.0,70051895.0,1429374805.0,-4.381,-0.93
600027,华电国际,5.29,5.28,5.29,5.18,5.15,5.32,5.11,171790525.0,898530046.0,2.124,0.11
600028,中国石化,4.83,4.83,4.84,4.87,4.86,4.86,4.73,372564289.0,1780949983.0,-0.821,-0.04
600029,南方航空,5.47,5.46,5.47,5.6,5.55,5.58,5.45,118723386.0,654060803.0,-2.321,-0.13
600030,中信证券,25.77,25.76,25.77,26.21,26.18,26.41,25.53,175360396.0,4543590565.0,-1.679,-0.44
600031,三一重工,18.47,18.47,18.48,18.88,18.88,18.88,18.15,115093946.0,2120995217.0,-2.172,-0.41
600032,浙江新能,9.45,9.45,9.46,9.29,9.25,9.66,9.05,60139490.0,566684980.0,1.722,0.16
600033,福建高速,3.52,3.51,3.52,3.53,3.52,3.55,3.48,20434100.0,71782086.0,-0.283,-0.01
600035,楚天高速,3.78,3.77,3.78,3.82,3.81,3.83,3.76,9729080.0,36806521.0,-1.047,-0.04
600036,招商银行,37.0,37.0,37.01,37.0,37.01,37.19,36.78,84514627.0,3125360325.0,0.0,0.0
600037,歌华有线,7.44,7.44,7.45,7.48,7.48,7.73,7.4,21829220.0,164629609.0,-0.535,-0.04
600038,中直股份,27.96,27.96,27.97,28.17,28.38,28.79,27.89,8305314.0,234872544.0,-0.745,-0.21
600039,四川路桥,8.79,8.79,8.8,8.57,8.57,8.81,8.51,44733247.0,389461853.0,2.567,0.22
600048,保利发展,5.67,5.67,5.68,5.85,5.83,5.84,5.61,119410073.0,679404293.0,-3.077,-0.18
600050,中国联通,4.38,4.37,4.38,4.45,4.44,4.45,4.32,275758524.0,1205622088.0,-1.573,-0.07
600051,宁波联合,6.72,6.72,6.73,6.9,6.88,6.91,6.66,6081500.0,41016207.0,-2.609,-0.18
600052,东望时代,4.4,4.4,4.41,4.42,4.37,4.47,4.34,21080000.0,92665928.0,-0.452,-0.02
600053,*ST九鼎,8.9,8.89,8.9,9.04,9.04,9.06,8.76,3589714.0,31860073.0,-1.549,-0.14
600054,黄山旅游,10.92,10.92,10.95,11.04,11.04,11.15,10.86,4832600.0,52954638.0,-1.087,-0.12
600055,万东医疗,12.81,12.81,12.82,13.16,13.14,13.21,12.74,7017202.0,90504264.0,-2.66,-0.35
600056,中国医药,9.93,9.93,9.94,9.73,9.69,9.99,9.5,21038857.0,204166140.0,2.055,0.2
600057,厦门象屿,6.3,6.3,6.31,6.39,6.39,6.46,6.26,16404302.0,103788110.0,-1.408,-0.09
600058,五矿发展,10.24,10.24,10.25,10.66,10.56,10.66,10.13,10705901.0,110514229.0,-3.94,-0.42
600059,古越龙山,8.29,8.28,8.29,8.24,8.2,8.41,8.1,12073330.0,99540297.0,0.607,0.05
600060,海信视像,26.43,26.43,26.44,26.8,26.5,26.9,26.09,12520094.0,330639587.0,-1.381,-0.37
600061,国投资本,6.47,6.47,6.48,6.53,6.52,6.6,6.41,36228660.0,234755815.0,-0.919,-0.06
600062,华润双鹤,16.85,16.84,16.85,17.06,17.0,17.12,16.69,4836057.0,81611421.0,-1.231,-0.21
600063,皖维高新,6.32,6.32,6.33,6.55,6.51,6.57,6.3,33495548.0,215330412.0,-3.511,-0.23
600064,南京高科,7.37,7.37,7.38,7.47,7.46,7.53,7.3,14447389.0,106752525.0,-1.339,-0.1
600066,宇通客车,32.66,32.66,32.69,32.76,32.73,33.08,32.22,10378112.0,338218242.0,-0.305,-0.1
600067,冠城新材,3.05,3.04,3.05,3.13,3.13,3.14,3.03,19310268.0,59265680.0,-2.556,-0.08
600071,凤凰光学,18.23,18.21,18.23,18.71,18.61,19.0,18.11,4165345.0,77367733.0,-2.565,-0.48
600072,中船科技,11.56,11.55,11.56,12.03,12.0,12.22,11.5,33072177.0,389466520.0,-3.907,-0.47
600073,光明肉业,5.26,5.26,5.27,5.31,5.31,5.33,5.19,7041000.0,36947186.0,-0.942,-0.05
600075,新疆天业,5.02,5.02,5.03,5.24,5.25,5.28,4.96,35759631.0,180895365.0,-4.198,-0.22
600076,康欣新材,3.62,3.62,3.63,3.7,3.71,3.75,3.57,40796800.0,149343218.0,-2.162,-0.08
600078,澄星股份,12.96,0.0,12.96,14.4,14.3,14.4,12.96,47815700.0,641440901.0,-10.0,-1.44
600079,ST人福,17.56,17.56,17.57,17.56,17.6,17.69,17.32,12407934.0,216546614.0,0.0,0.0
600080,ST金花,5.26,5.25,5.26,5.36,5.38,5.39,5.19,5593501.0,29322199.0,-1.866,-0.1
600081,东风科技,11.13,11.12,11.13,11.47,11.38,11.6,11.05,7074826.0,79608219.0,-2.964,-0.34
600082,ST海泰,3.65,3.65,3.66,3.65,3.69,3.69,3.57,10354100.0,37474864.0,0.0,0.0
600084,*ST尼雅,4.89,4.88,4.89,4.89,4.92,4.94,4.79,3890500.0,18921482.0,0.0,0.0
600085,同仁堂,25.3,25.3,25.31,25.23,25.14,25.38,24.51,10508414.0,262157407.0,0.277,0.07
600088,中视传媒,15.15,15.14,15.15,15.24,15.27,15.57,14.89,14315076.0,218606481.0,-0.591,-0.09
600089,特变电工,26.06,26.06,26.07,26.03,26.04,26.59,25.93,128912842.0,3383945592.0,0.115,0.03
600094,大名城,4.46,4.45,4.46,4.6,4.6,4.67,4.41,23979457.0,107600726.0,-3.043,-0.14
600095,湘财股份,8.68,8.67,8.68,8.89,8.8,9.04,8.66,26596989.0,234229395.0,-2.362,-0.21
600096,云天化,31.27,31.27,31.28,32.03,32.05,32.76,31.08,36543101.0,1160275232.0,-2.373,-0.76
600097,开创国际,9.19,9.19,9.2,9.36,9.35,9.36,9.07,3678600.0,33714172.0,-1.816,-0.17
600098,广州发展,7.56,7.55,7.56,7.5,7.46,7.62,7.42,43714661.0,329573323.0,0.8,0.06
600099,林海股份,9.95,9.94,9.95,10.21,10.24,10.25,9.82,4648800.0,46253166.0,-2.547,-0.26
600100,同方股份,7.96,7.96,7.97,8.17,8.15,8.2,7.96,39622244.0,318970188.0,-2.57,-0.21
600101,明星电力,9.88,9.88,9.89,9.7,9.64,9.99,9.61,29429960.0,289379556.0,1.856,0.18
600103,青山纸业,3.81,3.81,3.82,3.98,3.98,3.99,3.78,105268461.0,406591310.0,-4.271,-0.17
600104,上汽集团,12.12,12.12,12.13,12.26,12.26,12.33,12.07,37100801.0,450658168.0,-1.142,-0.14
600105,永鼎股份,48.5,48.49,48.5,46.28,45.36,49.88,45.28,196092875.0,9493226168.0,4.797,2.22
600106,重庆路桥,5.43,5.42,5.43,5.53,5.59,5.65,5.4,14662303.0,80780168.0,-1.808,-0.1
600107,*ST尔雅,6.38,6.37,6.38,6.5,6.53,6.53,6.3,3152300.0,20132730.0,-1.846,-0.12
600108,亚盛集团,3.49,3.48,3.49,3.58,3.57,3.59,3.46,57313204.0,200982541.0,-2.514,-0.09
600109,国金证券,8.66,8.66,8.67,8.77,8.75,8.89,8.62,28774700.0,251211216.0,-1.254,-0.11
600110,诺德股份,10.46,10.46,10.47,10.81,10.65,10.92,10.32,181210075.0,1919533046.0,-3.238,-0.35
600111,北方稀土,48.54,48.54,48.55,50.79,50.68,50.95,48.4,113299961.0,5585090519.0,-4.43,-2.25
600113,浙江东日,37.08,37.07,37.08,37.59,37.0,37.69,35.7,5494800.0,201300453.0,-1.357,-0.51
600114,东睦股份,38.67,38.67,38.68,39.26,39.4,39.99,38.2,29702237.0,1160529643.0,-1.503,-0.59
600115,中国东航,4.31,4.31,4.32,4.44,4.4,4.42,4.28,240014019.0,1043458806.0,-2.928,-0.13
600116,三峡水利,6.7,6.7,6.71,6.72,6.7,6.8,6.66,26383726.0,177366989.0,-0.298,-0.02
600117,西宁特钢,2.29,2.29,2.3,2.35,2.35,2.36,2.27,14660700.0,33676143.0,-2.553,-0.06
600118,中国卫星,82.0,81.99,82.0,84.54,85.96,86.3,81.0,40488929.0,3354323948.0,-3.004,-2.54
600119,*ST长投,5.61,5.61,5.65,5.77,5.77,5.77,5.56,3442400.0,19400151.0,-2.773,-0.16
600120,浙江东方,4.97,4.96,4.97,5.09,5.03,5.1,4.94,42080038.0,210479777.0,-2.358,-0.12
600121,郑州煤电,4.16,4.16,4.17,4.1,4.05,4.29,4.03,65750747.0,273223398.0,1.463,0.06
600123,兰花科创,6.37,6.36,6.37,6.27,6.27,6.39,6.2,26920184.0,169763007.0,1.595,0.1
600125,铁龙物流,5.74,5.74,5.75,5.81,5.79,5.86,5.6,15717767.0,90338200.0,-1.205,-0.07
600126,杭钢股份,7.83,7.83,7.84,8.07,8.08,8.09,7.8,60497034.0,478737699.0,-2.974,-0.24
600127,金健米业,5.95,5.95,5.96,6.11,6.11,6.13,5.91,19809067.0,118649758.0,-2.619,-0.16
600128,苏豪弘业,9.14,9.14,9.15,9.31,9.31,9.4,9.02,4424223.0,40428444.0,-1.826,-0.17
600129,太极集团,14.21,14.2,14.21,14.32,14.28,14.38,13.97,7280500.0,102993185.0,-0.768,-0.11
600130,波导股份,5.08,5.08,5.09,5.04,5.02,5.25,4.97,53367614.0,270494446.0,0.794,0.04
600131,国网信通,17.1,17.1,17.11,17.58,17.48,17.88,17.08,13809528.0,239064184.0,-2.73,-0.48
600132,重庆啤酒,51.02,51.01,51.02,50.89,50.74,51.02,49.31,6399260.0,320842103.0,0.255,0.13
600133,东湖高新,8.62,8.62,8.63,8.91,8.85,8.95,8.6,24644242.0,214824533.0,-3.255,-0.29
600135,乐凯胶片,9.6,9.59,9.6,10.35,10.4,10.45,9.54,22509618.0,221179233.0,-7.246,-0.75
600136,ST明诚,1.57,1.57,1.58,1.64,1.64,1.64,1.56,25751495.0,40897877.0,-4.268,-0.07
600137,浪莎股份,20.6,20.6,20.61,20.93,20.83,20.93,19.9,2736501.0,55659794.0,-1.577,-0.33
600138,中青旅,7.75,7.74,7.75,7.85,7.86,7.89,7.65,11944770.0,92361408.0,-1.274,-0.1
600141,兴发集团,32.99,32.99,33.0,33.92,34.0,34.11,32.47,28909743.0,957848190.0,-2.742,-0.93
600143,金发科技,18.46,18.45,18.46,18.57,18.21,18.79,18.16,115283781.0,2136077311.0,-0.592,-0.11
600148,长春一东,17.57,17.57,17.59,17.96,17.86,17.93,17.47,1948000.0,34368952.0,-2.171,-0.39
600149,廊坊发展,5.69,5.69,5.7,5.79,5.79,5.83,5.61,18502052.0,105198112.0,-1.727,-0.1
600150,中国船舶,38.02,38.02,38.03,38.69,38.5,39.99,37.6,120023221.0,4620567621.0,-1.732,-0.67
600151,航天机电,13.68,13.68,13.69,14.2,14.4,14.98,13.4,71847423.0,1013180949.0,-3.662,-0.52
600152,维科技术,12.09,12.08,12.09,12.4,12.3,12.4,11.88,30233400.0,365960440.0,-2.5,-0.31
600153,建发股份,9.31,9.31,9.33,9.54,9.51,9.51,9.16,28933231.0,268727234.0,-2.411,-0.23
600155,华创云信,5.75,5.74,5.75,5.8,5.78,5.89,5.68,27448495.0,158374287.0,-0.862,-0.05
600156,华升股份,10.2,10.19,10.2,11.01,10.38,10.71,10.05,44786004.0,462811679.0,-7.357,-0.81
600157,永泰能源,1.76,1.75,1.76,1.75,1.74,1.8,1.73,871549841.0,1536013603.0,0.571,0.01
600158,中体产业,10.69,10.69,10.7,11.12,10.97,11.24,10.53,93707787.0,1014918594.0,-3.867,-0.43
600159,大龙地产,2.72,2.72,2.73,2.86,2.86,2.87,2.7,28396700.0,77948570.0,-4.895,-0.14
600160,巨化股份,35.2,35.2,35.21,35.76,35.99,37.09,35.0,61312438.0,2201587008.0,-1.566,-0.56
600161,天坛生物,13.14,13.13,13.14,13.27,13.27,13.31,13.01,7909581.0,103831178.0,-0.98,-0.13
600162,香江控股,2.31,2.31,0.0,2.1,2.23,2.31,2.21,156520421.0,357973275.0,10.0,0.21
600163,中闽能源,6.75,6.75,6.76,6.53,6.47,6.82,6.4,76317137.0,510464096.0,3.369,0.22
600165,ST宁科,2.97,2.96,2.97,2.97,2.96,2.99,2.92,4211127.0,12420407.0,0.0,0.0
600166,福田汽车,3.0,3.0,3.01,3.08,3.07,3.11,2.98,115961791.0,351001829.0,-2.597,-0.08
600167,联美控股,6.55,6.54,6.55,6.8,6.79,6.84,6.53,13326702.0,88349011.0,-3.676,-0.25
600168,武汉控股,4.68,4.68,4.69,4.73,4.75,4.75,4.55,8757828.0,40642203.0,-1.057,-0.05
600169,ST太重,2.22,2.21,2.22,2.28,2.28,2.28,2.21,17628201.0,39448564.0,-2.632,-0.06
600170,上海建工,2.49,2.49,2.5,2.55,2.55,2.56,2.48,131002513.0,328705175.0,-2.353,-0.06
600171,上海贝岭,30.18,30.18,30.19,29.82,29.98,31.86,29.82,48507384.0,1495443892.0,1.207,0.36
600172,黄河旋风,13.27,13.27,13.28,13.3,13.3,13.69,13.0,322567563.0,4308604641.0,-0.226,-0.03
600173,卧龙新能,7.6,7.6,7.61,7.41,7.41,7.78,7.32,54957018.0,415029694.0,2.564,0.19
600176,XD中国巨,39.53,39.53,39.55,41.09,41.29,41.42,39.0,126284106.0,5053636569.0,-3.797,-1.56
600177,雅戈尔,7.52,7.52,7.53,7.49,7.55,7.58,7.46,18459379.0,138774339.0,0.401,0.03
600178,东安动力,9.03,9.02,9.03,9.32,9.33,9.39,8.98,5690600.0,51606486.0,-3.112,-0.29
600179,安通控股,4.41,4.4,4.41,4.4,4.35,4.49,4.35,46853724.0,207691187.0,0.227,0.01
600180,*ST瑞茂,1.28,0.0,1.28,1.35,1.28,1.31,1.28,52052800.0,66680463.0,-5.185,-0.07
600182,S佳通,13.67,13.66,13.67,13.94,13.81,13.93,13.54,1724700.0,23654803.0,-1.937,-0.27
600183,生益科技,131.76,131.75,131.76,128.17,133.0,140.0,128.99,110299850.0,14801551765.0,2.801,3.59
600184,光电股份,25.27,25.27,25.28,26.5,26.51,27.27,25.19,31364840.0,817450531.0,-4.642,-1.23
600185,珠免集团,5.44,5.44,5.45,5.54,5.54,5.56,5.39,21160503.0,115355234.0,-1.805,-0.1
600186,莲花控股,11.87,0.0,11.87,13.19,13.19,13.23,11.87,210158010.0,2588813005.0,-10.008,-1.32
600187,*ST国中,1.23,1.22,1.23,1.24,1.23,1.26,1.18,69689830.0,83863404.0,-0.806,-0.01
600188,兖矿能源,21.15,21.14,21.15,20.65,20.65,21.4,20.08,47376815.0,986687347.0,2.421,0.5
600189,泉阳泉,8.16,8.16,8.18,8.16,8.12,8.23,8.03,7590730.0,61836468.0,0.0,0.0
600191,华资实业,10.9,10.9,10.91,11.21,11.31,11.31,10.85,7375000.0,80798360.0,-2.765,-0.31
600192,长城电工,7.57,7.56,7.57,7.73,7.73,7.84,7.52,7941000.0,60483319.0,-2.07,-0.16
600193,*ST创兴,2.17,0.0,0.0,2.17,0.0,0.0,0.0,0.0,0.0,0.0,0.0
600195,中牧股份,6.52,6.52,6.53,6.74,6.72,6.74,6.5,8705460.0,57158709.0,-3.264,-0.22
600196,复星医药,23.32,23.32,23.33,23.17,23.18,23.5,22.76,22754197.0,525613200.0,0.647,0.15
600197,伊力特,13.1,13.1,13.11,12.77,12.6,13.4,12.41,20190589.0,260575558.0,2.584,0.33
600198,大唐电信,8.22,8.22,8.23,8.56,8.52,8.57,8.16,29640500.0,247617867.0,-3.972,-0.34
600199,金种子酒,9.12,9.11,9.12,8.75,8.6,9.4,8.55,60432828.0,542221642.0,4.229,0.37
600201,生物股份,12.33,12.32,12.33,12.69,12.68,12.89,12.17,21680015.0,269515174.0,-2.837,-0.36
600202,哈空调,5.5,5.5,5.51,5.68,5.68,5.7,5.39,15029400.0,82450044.0,-3.169,-0.18
600203,福日电子,13.43,13.43,13.44,13.99,13.66,13.93,13.39,63599976.0,864450237.0,-4.003,-0.56
600206,有研新材,28.13,28.12,28.13,29.1,29.33,29.6,28.01,54877431.0,1580274749.0,-3.333,-0.97
600207,安彩高科,7.7,7.69,7.7,7.1,6.94,7.81,6.88,144485123.0,1080195063.0,8.451,0.6
600208,衢州发展,2.95,2.94,2.95,3.0,3.0,3.04,2.91,197786857.0,586446024.0,-1.667,-0.05
600210,紫江企业,6.61,6.6,6.61,6.69,6.67,6.72,6.59,13171210.0,87346106.0,-1.196,-0.08
600211,西藏药业,38.83,38.83,38.84,38.82,38.78,38.96,37.87,3077276.0,118296690.0,0.026,0.01
600212,绿能慧充,6.31,6.3,6.31,6.4,6.44,6.44,6.18,12828803.0,80593186.0,-1.406,-0.09
600215,派斯林,6.59,6.58,6.59,6.77,6.72,6.78,6.47,12457339.0,82015130.0,-2.659,-0.18
600216,浙江医药,12.8,12.79,12.8,13.19,13.17,13.18,12.7,16251932.0,209293822.0,-2.957,-0.39
600217,中再资环,3.37,3.37,3.38,3.43,3.43,3.44,3.36,11288139.0,38230685.0,-1.749,-0.06
600218,全柴动力,8.45,8.45,8.46,8.76,8.66,8.75,8.39,7611242.0,64807359.0,-3.539,-0.31
600219,南山铝业,5.34,5.33,5.34,5.68,5.6,5.66,5.31,438491253.0,2389728918.0,-5.986,-0.34
600221,海航控股,1.47,1.47,1.48,1.5,1.49,1.5,1.47,243939017.0,360699271.0,-2.0,-0.03
600222,太龙药业,7.82,7.81,7.82,7.77,7.76,7.97,7.7,18766922.0,147051035.0,0.644,0.05
600223,福瑞达,6.06,6.06,6.08,6.15,6.16,6.19,5.96,8625899.0,52200161.0,-1.463,-0.09
600226,亨通股份,6.63,6.62,6.63,6.73,6.7,7.04,6.57,218876756.0,1482634745.0,-1.486,-0.1
600227,赤天化,3.03,3.03,3.04,3.1,3.09,3.1,2.99,62443538.0,188798011.0,-2.258,-0.07
600228,*ST返利,6.21,6.2,6.21,6.33,6.33,6.36,6.17,4693401.0,29180967.0,-1.896,-0.12
600229,城市传媒,5.6,5.59,5.6,5.73,5.7,5.84,5.56,4408501.0,24815044.0,-2.269,-0.13
600230,沧州大化,15.08,15.08,15.09,15.77,15.78,15.78,14.93,14095247.0,214108601.0,-4.375,-0.69
600231,凌钢股份,2.0,2.0,2.01,2.04,2.04,2.05,2.0,11449436.0,23054315.0,-1.961,-0.04
600232,金鹰股份,7.74,7.74,7.76,7.66,7.82,8.03,7.5,10823400.0,83763324.0,1.044,0.08
600233,圆通速递,18.5,18.49,18.5,18.91,18.8,19.09,18.25,24848755.0,459541569.0,-2.168,-0.41
600234,科新发展,27.13,27.12,27.13,29.46,29.74,29.87,26.88,9062809.0,253090949.0,-7.909,-2.33
600235,民丰特纸,6.05,6.05,6.08,6.25,6.24,6.25,6.0,7000825.0,42521936.0,-3.2,-0.2
600236,桂冠电力,11.25,11.24,11.25,10.68,10.59,11.27,10.46,44959816.0,494596672.0,5.337,0.57
600237,铜峰电子,9.93,9.92,9.93,10.05,10.03,10.2,9.8,54303604.0,544111584.0,-1.194,-0.12
600238,*ST椰岛,5.13,5.13,5.15,5.12,5.08,5.24,5.05,5054200.0,25874221.0,0.195,0.01
600239,ST云城,1.41,1.4,1.41,1.45,1.43,1.44,1.38,32711153.0,45755603.0,-2.759,-0.04
600241,时代万恒,8.15,8.15,8.16,7.99,8.03,8.54,7.83,12490176.0,101537920.0,2.003,0.16
600243,*ST海华,3.54,3.54,3.55,3.73,3.67,3.73,3.54,13595800.0,48899371.0,-5.094,-0.19
600246,万通发展,15.28,15.27,15.28,15.04,15.1,16.48,15.1,199809304.0,3125300812.0,1.596,0.24
600248,陕建股份,3.22,3.22,3.23,3.28,3.28,3.29,3.21,14965924.0,48500943.0,-1.829,-0.06
600249,两面针,5.34,5.33,5.34,5.34,5.35,5.38,5.19,12363060.0,65336458.0,0.0,0.0
600250,南京商旅,9.22,9.22,9.23,9.36,9.3,9.4,9.13,8221100.0,75800965.0,-1.496,-0.14
600251,冠农股份,9.95,9.94,9.95,10.26,10.24,10.33,9.89,12280393.0,122996489.0,-3.021,-0.31
600252,中恒集团,2.18,2.18,2.19,2.22,2.21,2.23,2.17,32049661.0,70172002.0,-1.802,-0.04
600255,鑫科材料,3.73,3.72,3.73,3.84,3.81,3.86,3.7,118202606.0,444372469.0,-2.865,-0.11
600256,广汇能源,6.14,6.14,6.15,6.24,6.19,6.29,6.05,109145482.0,672311616.0,-1.603,-0.1
600257,大湖股份,5.4,5.4,5.41,5.45,5.45,5.48,5.29,12827286.0,68841920.0,-0.917,-0.05
600258,首旅酒店,13.36,13.35,13.36,13.4,13.38,13.79,13.26,19269159.0,259473139.0,-0.299,-0.04
600259,中稀有色,83.41,83.41,83.42,86.06,85.6,86.86,82.11,9568798.0,805023147.0,-3.079,-2.65
600261,阳光照明,3.34,3.34,3.35,3.43,3.43,3.44,3.33,16760300.0,56353375.0,-2.624,-0.09
600262,北方股份,22.47,22.45,22.47,23.43,23.3,23.4,22.34,4921701.0,111883922.0,-4.097,-0.96
600265,*ST景谷,22.18,22.18,0.0,21.12,22.18,22.18,22.18,42100.0,933778.0,5.019,1.06
600266,城建发展,4.69,4.68,4.69,4.86,4.88,4.89,4.67,38418976.0,181827676.0,-3.498,-0.17
600267,海正药业,10.29,10.29,10.3,10.49,10.44,10.48,10.25,12187700.0,125944106.0,-1.907,-0.2
600268,国电南自,13.39,13.39,13.4,13.61,13.63,13.88,13.31,21785460.0,294712669.0,-1.616,-0.22
600269,赣粤高速,4.27,4.26,4.27,4.3,4.3,4.33,4.24,9317715.0,39802063.0,-0.698,-0.03
600271,航天信息,7.56,7.55,7.56,7.81,7.81,7.85,7.52,18062927.0,138037776.0,-3.201,-0.25
600272,开开实业,11.35,11.34,11.35,11.51,11.47,11.55,11.24,2436100.0,27738533.0,-1.39,-0.16
600273,嘉化能源,7.31,7.31,7.32,7.46,7.46,7.5,7.26,15582829.0,114277677.0,-2.011,-0.15
600276,XD恒瑞医,50.37,50.36,50.37,49.0,48.88,51.3,48.45,96115293.0,4800578724.0,2.796,1.37
600278,东方创业,6.65,6.65,6.66,6.79,6.79,6.83,6.55,5778791.0,38454373.0,-2.062,-0.14
600279,重庆港,4.64,4.63,4.64,4.78,4.73,4.77,4.61,9474293.0,44365479.0,-2.929,-0.14
600280,中央商场,2.99,2.98,2.99,2.93,2.9,3.06,2.86,45263504.0,134139516.0,2.048,0.06
600281,华阳新材,5.01,5.01,5.02,5.22,5.17,5.24,4.96,9172025.0,46125019.0,-4.023,-0.21
600282,南钢股份,4.87,4.87,4.88,5.03,5.03,5.09,4.84,37455602.0,184027742.0,-3.181,-0.16
600283,钱江水利,8.67,8.67,8.68,8.91,8.91,8.91,8.66,5403800.0,47176618.0,-2.694,-0.24
600284,浦东建设,6.0,5.99,6.0,6.62,6.59,6.62,5.96,49985063.0,306218460.0,-9.366,-0.62
600285,羚锐制药,21.61,21.6,21.61,21.57,21.54,21.65,21.32,4128888.0,88734093.0,0.185,0.04
600287,苏豪时尚,5.12,5.12,5.14,5.26,5.25,5.29,5.06,5373500.0,27596930.0,-2.662,-0.14
600288,大恒科技,13.5,13.5,13.52,13.86,13.81,13.97,13.44,7874801.0,107706979.0,-2.597,-0.36
600289,ST信通,6.15,6.15,6.18,6.33,6.32,6.32,6.12,3729300.0,23150114.0,-2.844,-0.18
600292,电投水电,14.65,14.65,14.66,14.71,14.68,14.99,14.5,15847000.0,232939204.0,-0.408,-0.06
600293,三峡新材,3.22,3.22,3.23,3.36,3.38,3.41,3.18,50378472.0,164614689.0,-4.167,-0.14
600295,鄂尔多斯,13.41,13.41,13.42,13.93,13.82,13.96,13.3,10644140.0,143308747.0,-3.733,-0.52
600298,安琪酵母,36.03,36.02,36.03,36.18,36.07,36.37,35.41,6539300.0,234977896.0,-0.415,-0.15
600299,安迪苏,11.1,11.09,11.1,11.49,11.43,11.49,10.9,18699408.0,207228042.0,-3.394,-0.39
600300,维维股份,3.39,3.38,3.39,3.35,3.33,3.4,3.32,27847301.0,93561716.0,1.194,0.04
600301,华锡有色,56.98,56.98,56.99,61.22,61.2,61.57,56.61,20101243.0,1179111440.0,-6.926,-4.24
600302,ST标准,10.08,10.07,10.08,10.15,10.03,10.27,9.83,7630700.0,76336035.0,-0.69,-0.07
600303,曙光股份,3.43,3.42,3.43,3.68,3.66,3.68,3.38,91746800.0,317484954.0,-6.793,-0.25
600305,恒顺醋业,7.31,7.3,7.31,7.3,7.31,7.33,7.21,9553924.0,69561768.0,0.137,0.01
600307,酒钢宏兴,1.58,1.58,1.59,1.63,1.63,1.64,1.57,62487300.0,99684694.0,-3.067,-0.05
600308,华泰股份,3.53,3.53,3.54,3.63,3.6,3.62,3.53,9388873.0,33471698.0,-2.755,-0.1
600309,XD万华化,75.04,75.04,75.05,76.33,76.5,76.51,74.62,24304329.0,1829629644.0,-1.69,-1.29
600310,广西能源,5.82,5.81,5.82,5.53,5.47,5.9,5.47,232882017.0,1337975119.0,5.244,0.29
600312,平高电气,21.16,21.15,21.16,21.0,20.86,21.48,20.8,27243118.0,578004632.0,0.762,0.16
600313,农发种业,6.07,6.06,6.07,6.11,6.12,6.18,5.98,31080490.0,188343361.0,-0.655,-0.04
600315,上海家化,18.0,17.99,18.0,18.15,18.17,18.27,17.83,5254073.0,94716560.0,-0.826,-0.15
600316,洪都航空,29.17,29.16,29.17,30.18,30.2,30.44,28.83,13913702.0,408946427.0,-3.347,-1.01
600318,新力金融,6.86,6.86,6.87,7.04,6.98,7.09,6.8,11605500.0,80019712.0,-2.557,-0.18
600319,亚星化学,7.38,7.38,7.39,7.6,7.6,7.65,7.35,4272100.0,31805040.0,-2.895,-0.22
600320,振华重工,4.84,4.83,4.84,4.92,4.91,4.97,4.78,44515658.0,216168673.0,-1.626,-0.08
600322,津投城开,2.45,2.45,2.46,2.4,2.43,2.5,2.37,35032800.0,85067244.0,2.083,0.05
600323,瀚蓝环境,30.68,30.63,30.68,30.49,30.5,31.0,30.11,5993209.0,183193216.0,0.623,0.19
600325,华发股份,2.75,2.75,2.76,2.87,2.87,2.87,2.69,64957886.0,179174215.0,-4.181,-0.12
600326,西藏天路,8.03,8.02,8.03,8.23,8.13,8.35,7.98,24087541.0,194885443.0,-2.43,-0.2
600327,大东方,3.58,3.58,3.59,3.64,3.61,3.65,3.52,13316448.0,47569897.0,-1.648,-0.06
600328,中盐化工,6.95,6.95,6.96,7.12,7.13,7.17,6.87,27938344.0,194715326.0,-2.388,-0.17
600329,达仁堂,39.95,39.94,39.95,39.81,39.7,40.02,39.0,4305331.0,170115819.0,0.352,0.14
600330,天通股份,31.21,31.2,31.21,28.86,28.59,31.75,28.0,252252119.0,7807108032.0,8.143,2.35
600331,宏达股份,15.06,15.06,15.07,15.74,15.72,15.74,15.01,41123206.0,628610743.0,-4.32,-0.68
600332,白云山,21.55,21.55,21.56,21.55,21.54,21.62,21.19,8371188.0,179093499.0,0.0,0.0
600333,长春燃气,5.74,5.73,5.74,5.73,5.74,5.88,5.67,13667547.0,78644802.0,0.175,0.01
600335,国机汽车,5.46,5.45,5.46,5.56,5.54,5.61,5.41,9305203.0,50941171.0,-1.799,-0.1
600336,澳柯玛,8.03,8.02,8.03,8.19,8.15,8.22,7.96,13895362.0,112100416.0,-1.954,-0.16
600337,ST美克,3.07,3.07,3.08,3.1,3.02,3.07,2.96,36587050.0,109965607.0,-0.968,-0.03
600338,西藏珠峰,18.82,18.81,18.82,19.68,19.58,19.8,18.69,48178790.0,920870121.0,-4.37,-0.86
600339,中油工程,3.52,3.52,3.53,3.61,3.61,3.63,3.49,72455245.0,256311440.0,-2.493,-0.09
600340,*ST华幸,1.22,1.22,0.0,1.16,1.15,1.22,1.15,144972599.0,173992569.0,5.172,0.06
600343,航天动力,28.07,28.07,28.09,29.86,29.88,30.02,27.88,40230524.0,1157710853.0,-5.995,-1.79
600345,长江通信,49.04,49.04,49.06,49.78,49.61,50.4,48.62,7928315.0,393562499.0,-1.487,-0.74
600346,恒力石化,17.65,17.64,17.65,18.69,18.6,18.77,17.38,53944903.0,962381468.0,-5.564,-1.04
600348,华阳股份,9.08,9.08,9.09,9.07,9.02,9.21,8.91,36881079.0,334398479.0,0.11,0.01
600350,山东高速,11.83,11.82,11.83,11.82,11.81,12.03,11.69,9703644.0,114940671.0,0.085,0.01
600351,亚宝药业,6.21,6.2,6.21,6.3,6.32,6.32,6.16,10974300.0,68184634.0,-1.429,-0.09
600352,浙江龙盛,11.38,11.37,11.38,11.65,11.65,11.8,11.27,32854410.0,377304847.0,-2.318,-0.27
600353,旭光电子,24.76,24.76,0.0,22.51,22.26,24.76,22.19,78278693.0,1879432530.0,9.996,2.25
600354,敦煌种业,5.47,5.47,5.48,5.53,5.52,5.57,5.42,13894849.0,76081769.0,-1.085,-0.06
600356,恒丰纸业,9.08,9.08,9.11,9.63,9.5,9.66,9.05,10225863.0,94496068.0,-5.711,-0.55
600358,国旅联合,5.89,5.89,5.9,5.94,5.95,6.03,5.8,9779100.0,57366418.0,-0.842,-0.05
600359,新农开发,6.39,6.39,6.4,6.49,6.49,6.5,6.29,6964100.0,44333781.0,-1.541,-0.1
600360,华微电子,11.16,11.16,11.17,10.58,10.42,11.64,10.42,117190434.0,1333135908.0,5.482,0.58
600361,创新新材,4.59,4.59,4.6,4.54,4.57,4.68,4.53,101617200.0,466603130.0,1.101,0.05
600362,江西铜业,44.12,44.12,44.13,46.54,46.53,46.54,43.93,51447241.0,2303888637.0,-5.2,-2.42
600363,联创光电,38.6,38.59,38.6,39.63,39.41,40.28,38.32,12715637.0,499178490.0,-2.599,-1.03
600365,ST通葡,2.73,2.73,2.74,2.78,2.78,2.78,2.71,7103500.0,19539371.0,-1.799,-0.05
600366,宁波韵升,12.83,12.82,12.83,13.22,13.27,13.43,12.73,26106863.0,339423705.0,-2.95,-0.39
600367,红星发展,30.2,30.19,30.2,29.78,31.3,32.76,30.01,77004622.0,2423313485.0,1.41,0.42
600368,五洲交通,3.93,3.93,3.94,3.92,3.92,3.98,3.91,12668705.0,49854791.0,0.255,0.01
600369,西南证券,4.05,4.05,4.06,4.09,4.07,4.15,4.02,42586554.0,173463652.0,-0.978,-0.04
600370,*ST三房,1.29,1.29,1.3,1.31,1.26,1.31,1.24,83758834.0,105393624.0,-1.527,-0.02
600371,万向德农,7.53,7.52,7.53,7.66,7.69,7.7,7.43,4886686.0,36776353.0,-1.697,-0.13
600372,中航机载,11.36,11.35,11.36,11.67,11.65,11.7,11.34,35034327.0,402073948.0,-2.656,-0.31
600373,中文传媒,7.61,7.6,7.61,7.7,7.68,7.77,7.53,8704621.0,66404314.0,-1.169,-0.09
600375,汉马科技,4.3,4.3,4.31,4.43,4.41,4.47,4.27,27366700.0,118466251.0,-2.935,-0.13
600376,首开股份,4.7,4.7,4.71,5.02,4.8,5.02,4.63,294706219.0,1414508154.0,-6.375,-0.32
600377,宁沪高速,12.64,12.63,12.64,12.5,12.5,12.64,12.42,9417863.0,118276850.0,1.12,0.14
600378,昊华科技,40.0,39.99,40.0,39.25,40.87,42.94,39.71,59577529.0,2413927808.0,1.911,0.75
600379,宝光股份,14.26,14.25,14.26,13.66,13.38,14.46,13.06,46106912.0,637721713.0,4.392,0.6
600380,健康元,10.07,10.06,10.07,10.13,10.13,10.16,9.95,11319610.0,113596385.0,-0.592,-0.06
600381,*ST春天,5.43,5.43,0.0,5.17,5.28,5.43,5.2,13056450.0,70633671.0,5.029,0.26
600382,广东明珠,8.31,8.3,8.31,8.98,9.02,9.07,8.28,34338636.0,291444912.0,-7.461,-0.67
600383,金地集团,2.63,2.62,2.63,2.7,2.69,2.7,2.6,63358119.0,167056777.0,-2.593,-0.07
600386,北巴传媒,3.73,3.72,3.73,3.83,3.83,3.83,3.69,10797483.0,40312759.0,-2.611,-0.1
600388,龙净环保,19.17,19.16,19.17,19.25,19.25,19.79,19.13,16343832.0,317246697.0,-0.416,-0.08
600389,江山股份,24.85,24.85,24.89,25.09,25.5,25.5,24.27,7840091.0,194195647.0,-0.957,-0.24
600390,五矿资本,4.8,4.79,4.8,4.89,4.87,4.96,4.78,28771884.0,139310854.0,-1.84,-0.09
600391,航发科技,37.7,37.69,37.7,40.57,40.47,40.88,37.59,17302769.0,665846459.0,-7.074,-2.87
600392,盛和资源,22.55,22.55,22.56,23.52,23.4,23.62,22.34,49512832.0,1129394670.0,-4.124,-0.97
600395,盘江股份,5.42,5.42,5.43,5.38,5.36,5.58,5.22,68069210.0,367726844.0,0.743,0.04
600396,华电辽能,18.57,18.57,0.0,16.88,16.49,18.57,16.26,241335372.0,4318292533.0,10.012,1.69
600397,江钨装备,13.68,13.68,13.69,13.95,14.07,15.12,13.66,71812642.0,1038692752.0,-1.935,-0.27
600398,海澜之家,5.69,5.69,5.7,5.81,5.81,5.83,5.63,32525378.0,184932973.0,-2.065,-0.12
600399,抚顺特钢,4.96,4.96,4.97,5.03,5.03,5.17,4.95,41248679.0,207873351.0,-1.392,-0.07
600400,红豆股份,2.94,2.94,2.95,3.1,3.09,3.09,2.92,75148441.0,224101530.0,-5.161,-0.16
600403,大有能源,5.01,5.01,5.02,5.09,5.05,5.09,4.9,19626000.0,97794802.0,-1.572,-0.08
600405,动力源,4.55,4.55,4.56,4.62,4.62,4.69,4.52,11723782.0,53805544.0,-1.515,-0.07
600406,国电南瑞,25.57,25.57,25.58,25.48,25.49,25.7,25.0,104368842.0,2641063155.0,0.353,0.09
600408,安泰集团,2.93,2.93,2.94,2.97,2.95,2.97,2.87,33950400.0,98865867.0,-1.347,-0.04
600409,三友化工,6.59,6.59,6.6,6.58,6.57,6.71,6.48,32668682.0,216219029.0,0.152,0.01
600410,华胜天成,19.43,19.43,19.44,20.38,20.38,20.38,19.36,79549338.0,1575745482.0,-4.661,-0.95
600415,小商品城,13.17,13.17,13.18,13.24,13.25,13.49,12.89,96368267.0,1263825997.0,-0.529,-0.07
600416,湘电股份,12.46,12.45,12.46,12.79,12.7,12.9,12.28,36346758.0,456364774.0,-2.58,-0.33
600418,江淮汽车,39.1,39.1,39.11,41.25,40.83,41.14,39.0,60376147.0,2407575189.0,-5.212,-2.15
600419,天润乳业,8.56,8.56,8.57,8.69,8.69,8.7,8.43,4412370.0,37679277.0,-1.496,-0.13
600420,国药现代,9.07,9.05,9.07,9.11,9.11,9.13,8.95,5569100.0,50166581.0,-0.439,-0.04
600421,*ST华嵘,4.08,0.0,0.0,4.08,0.0,0.0,0.0,0.0,0.0,0.0,0.0
600422,昆药集团,8.54,8.54,8.55,8.43,8.43,8.58,8.35,12579900.0,106685311.0,1.305,0.11
600423,*ST柳化,2.73,2.73,2.74,2.8,2.78,2.79,2.72,6381300.0,17517269.0,-2.5,-0.07
600425,青松建化,3.69,3.69,3.7,3.8,3.79,3.8,3.68,17741581.0,65936810.0,-2.895,-0.11
600426,华鲁恒升,30.12,30.12,30.15,30.37,30.1,30.97,30.03,28174373.0,857628823.0,-0.823,-0.25
600428,中远海特,7.67,7.66,7.67,7.82,7.75,7.79,7.54,28510118.0,217545719.0,-1.918,-0.15
600429,三元股份,4.88,4.88,4.89,4.99,4.98,4.99,4.74,28980711.0,140555091.0,-2.204,-0.11
600433,冠豪高新,4.44,4.43,4.44,4.62,4.55,4.56,4.4,77333356.0,345612635.0,-3.896,-0.18
600435,北方导航,12.12,12.12,12.13,12.56,12.65,12.65,12.09,20923140.0,257063456.0,-3.503,-0.44
600436,片仔癀,124.08,124.08,124.09,123.0,122.5,125.01,120.13,5602227.0,687118122.0,0.878,1.08
600438,通威股份,15.33,15.33,15.34,15.3,15.27,15.87,15.16,62344464.0,963571055.0,0.196,0.03
600439,瑞贝卡,2.34,2.33,2.34,2.4,2.39,2.4,2.3,17026500.0,39850914.0,-2.5,-0.06
600444,国机通用,15.3,15.29,15.3,15.76,15.78,15.84,15.1,3313500.0,50786993.0,-2.919,-0.46
600446,金证股份,13.72,13.71,13.72,14.14,14.0,14.27,13.66,20990393.0,291712392.0,-2.97,-0.42
600448,华纺股份,3.04,3.03,3.04,3.13,3.13,3.13,3.01,29186400.0,88815566.0,-2.875,-0.09
600449,宁夏建材,14.73,14.73,14.74,15.02,15.2,15.2,14.67,8583810.0,127740108.0,-1.931,-0.29
600452,涪陵电力,13.45,13.44,13.45,13.19,13.1,13.5,12.9,82387020.0,1094465833.0,1.971,0.26
600455,博通股份,27.48,27.46,27.48,28.36,28.28,28.47,26.95,2059746.0,56435216.0,-3.103,-0.88
600456,宝钛股份,31.81,31.8,31.81,32.72,32.6,33.05,31.54,7634727.0,245191058.0,-2.781,-0.91
600458,时代新材,12.2,12.19,12.2,12.68,12.64,12.79,12.13,21634124.0,267673627.0,-3.785,-0.48
600459,贵研铂业,20.45,20.44,20.45,21.69,21.69,21.7,20.24,27677665.0,576627115.0,-5.717,-1.24
600460,士兰微,35.58,35.58,35.59,33.9,34.05,37.28,33.56,188709948.0,6811296285.0,4.956,1.68
600461,洪城环境,10.23,10.21,10.23,10.43,10.43,10.49,10.13,8303542.0,85441589.0,-1.918,-0.2
600463,空港股份,9.73,9.71,9.73,9.96,9.94,10.02,9.63,3506000.0,34207289.0,-2.309,-0.23
600467,好当家,2.24,2.24,2.25,2.28,2.28,2.29,2.23,23539036.0,52912377.0,-1.754,-0.04
600468,百利电气,6.7,6.69,6.7,6.74,6.71,6.83,6.67,19554305.0,132035267.0,-0.593,-0.04
600469,风神股份,5.97,5.95,5.97,6.07,6.07,6.07,5.87,8326500.0,49461847.0,-1.647,-0.1
600470,六国化工,5.48,5.47,5.48,5.72,5.69,5.73,5.4,18541895.0,102345323.0,-4.196,-0.24
600475,华光环能,15.81,15.8,15.81,16.8,16.2,16.66,15.58,22150340.0,354861107.0,-5.893,-0.99
600476,*ST湘邮,11.33,11.31,11.33,11.9,11.83,11.92,11.31,3484200.0,39783171.0,-4.79,-0.57
600477,杭萧钢构,2.74,2.73,2.74,2.84,2.83,2.85,2.73,35744995.0,98933343.0,-3.521,-0.1
600478,科力远,6.1,6.1,6.11,6.23,6.24,6.36,6.07,30802562.0,191279561.0,-2.087,-0.13
600479,千金药业,10.29,10.29,10.3,10.3,10.28,10.39,10.16,5537617.0,56890753.0,-0.097,-0.01
600480,凌云股份,11.26,11.26,11.27,11.7,11.64,11.73,11.22,35357956.0,403769803.0,-3.761,-0.44
600481,双良节能,6.15,0.0,6.15,6.83,6.7,6.91,6.15,232586155.0,1504260270.0,-9.956,-0.68
600482,中国动力,37.5,37.49,37.5,35.92,35.93,38.69,35.93,50578824.0,1914599372.0,4.399,1.58
600483,福能股份,11.0,11.0,11.01,11.05,11.02,11.25,10.92,44397564.0,490739391.0,-0.452,-0.05
600486,扬农化工,58.66,58.65,58.66,60.43,60.21,60.9,58.54,5015420.0,296773661.0,-2.929,-1.77
600487,亨通光电,68.69,68.69,68.7,69.41,68.64,71.6,68.02,133268843.0,9318643453.0,-1.037,-0.72
600488,津药药业,5.15,5.15,5.16,5.04,5.02,5.42,4.85,138018698.0,709868420.0,2.183,0.11
600489,中金黄金,23.48,23.47,23.48,24.66,24.29,24.68,23.38,60935297.0,1450176113.0,-4.785,-1.18
600490,鹏欣资源,7.71,7.71,7.72,8.08,8.01,8.08,7.62,44260257.0,344656286.0,-4.579,-0.37
600491,ST龙元,1.24,1.23,1.24,1.28,1.26,1.28,1.22,57459010.0,71191468.0,-3.125,-0.04
600493,凤竹纺织,6.7,6.69,6.7,6.83,6.81,6.86,6.49,6747723.0,44668919.0,-1.903,-0.13
600495,晋西车轴,4.19,4.18,4.19,4.29,4.24,4.25,4.15,15986112.0,67014191.0,-2.331,-0.1
600496,精工钢构,4.1,4.09,4.1,4.09,4.06,4.12,4.02,34026305.0,138970287.0,0.244,0.01
600497,驰宏锌锗,9.62,9.61,9.62,10.13,10.09,10.2,9.56,162318536.0,1589673536.0,-5.035,-0.51
600498,烽火通信,50.25,50.25,50.26,52.0,52.0,53.2,49.82,65294952.0,3363083420.0,-3.365,-1.75
600499,科达制造,16.08,16.07,16.08,16.69,16.61,16.84,15.9,29884257.0,484264305.0,-3.655,-0.61
600500,中化国际,5.4,5.39,5.4,5.78,5.84,6.17,5.3,119584097.0,665756906.0,-6.574,-0.38
600501,航天晨光,18.86,18.85,18.86,19.7,19.91,19.98,18.72,8283724.0,159069765.0,-4.264,-0.84
600502,安徽建工,5.0,4.99,5.0,5.07,5.06,5.1,4.93,22077917.0,110211893.0,-1.381,-0.07
600503,华丽家族,2.73,2.72,2.73,2.8,2.8,2.81,2.68,114381349.0,312977731.0,-2.5,-0.07
600505,西昌电力,12.9,12.9,12.91,12.69,12.69,13.0,12.59,11621005.0,149345396.0,1.655,0.21
600506,统一股份,17.97,17.97,17.98,17.87,17.62,18.17,17.56,9290832.0,166057002.0,0.56,0.1
600507,方大特钢,4.79,4.79,4.8,4.96,4.95,4.95,4.73,32007449.0,154010687.0,-3.427,-0.17
600508,上海能源,13.16,13.15,13.16,13.13,13.12,13.42,12.8,12409050.0,162768152.0,0.228,0.03
600509,天富能源,9.84,9.84,9.85,9.69,9.65,10.15,9.61,99623997.0,988591104.0,1.548,0.15
600510,黑牡丹,8.43,8.42,8.43,8.65,8.68,8.7,8.36,10114100.0,85817444.0,-2.543,-0.22
600511,国药股份,26.8,26.8,26.81,26.89,26.87,26.9,26.42,3993392.0,106564439.0,-0.335,-0.09
600512,腾达建设,2.16,2.16,2.17,2.22,2.22,2.23,2.16,21428747.0,46775955.0,-2.703,-0.06
600513,联环药业,17.6,17.59,17.6,17.97,17.78,18.08,17.43,9326895.0,164574812.0,-2.059,-0.37
600515,海南机场,3.16,3.16,3.17,3.23,3.21,3.23,3.14,80666451.0,255838280.0,-2.167,-0.07
600516,方大炭素,5.21,5.2,5.21,5.13,5.12,5.31,5.1,67363534.0,350122507.0,1.559,0.08
600517,国网英大,5.46,5.46,5.47,5.57,5.55,5.64,5.45,20877785.0,115108762.0,-1.975,-0.11
600518,康美药业,1.53,1.52,1.53,1.55,1.55,1.57,1.51,162936215.0,250290206.0,-1.29,-0.02
600519,贵州茅台,1303.0,1303.0,1303.01,1273.38,1268.02,1319.0,1250.1,8272791.0,10586574902.0,2.326,29.62
600520,三佳科技,33.79,33.78,33.79,36.82,39.99,39.99,33.14,51146669.0,1817881589.0,-8.229,-3.03
600521,华海药业,15.83,15.83,15.85,16.09,16.03,16.24,15.55,25525113.0,403803445.0,-1.616,-0.26
600522,中天科技,39.05,39.04,39.05,40.48,39.8,40.9,38.82,222174791.0,8834663451.0,-3.533,-1.43
600523,贵航股份,12.15,12.15,12.16,12.47,12.47,12.53,12.06,3421816.0,41803727.0,-2.566,-0.32
600525,ST长园,5.27,5.27,5.28,5.32,5.35,5.37,5.17,15312240.0,80364919.0,-0.94,-0.05
600526,菲达环保,4.87,4.87,4.89,5.04,5.05,5.16,4.85,15647618.0,77780363.0,-3.373,-0.17
600527,江南高纤,2.45,2.45,2.46,2.53,2.51,2.52,2.42,75091180.0,184955356.0,-3.162,-0.08
600528,中铁工业,7.47,7.47,7.48,7.63,7.58,7.62,7.43,14113700.0,105807897.0,-2.097,-0.16
600529,山东药玻,18.78,18.77,18.78,18.92,18.9,19.5,18.7,14655272.0,278893576.0,-0.74,-0.14
600530,交大昂立,6.91,6.9,6.91,7.17,7.0,7.15,6.86,18855850.0,130981934.0,-3.626,-0.26
600531,豫光金铅,13.55,13.55,13.56,14.29,14.2,14.2,13.41,51518664.0,706545576.0,-5.178,-0.74
600533,栖霞建设,2.22,2.22,2.23,2.31,2.31,2.32,2.19,17625400.0,39554607.0,-3.896,-0.09
600535,天士力,14.1,14.09,14.1,14.14,14.13,14.19,13.88,7836992.0,110041232.0,-0.283,-0.04
600536,中国软件,36.97,36.96,36.97,38.44,38.3,38.57,36.93,14100098.0,528564340.0,-3.824,-1.47
600537,*ST亿晶,3.04,3.04,3.05,3.16,3.15,3.16,3.03,27899900.0,85724400.0,-3.797,-0.12
600538,国发股份,6.58,6.58,6.59,6.64,6.63,6.85,6.54,12836100.0,85456150.0,-0.904,-0.06
600539,狮头股份,16.26,16.26,16.27,16.16,16.1,17.2,16.1,27897286.0,465734452.0,0.619,0.1
600540,新赛股份,4.65,4.64,4.65,4.8,4.76,4.84,4.61,21402941.0,100369004.0,-3.125,-0.15
600543,*ST莫高,4.51,4.49,4.51,4.61,4.6,4.6,4.42,5336394.0,23948425.0,-2.169,-0.1
600545,卓郎智能,7.36,7.35,7.36,7.17,7.14,7.63,7.03,250166019.0,1826024691.0,2.65,0.19
600546,山煤国际,13.55,13.54,13.55,13.33,13.31,13.7,13.16,22744000.0,305630322.0,1.65,0.22
600547,山东黄金,29.9,29.9,29.91,31.46,31.01,31.34,29.79,52653636.0,1593707703.0,-4.959,-1.56
600548,深高速,8.88,8.87,8.88,8.85,8.92,8.92,8.79,2028850.0,17943964.0,0.339,0.03
600549,厦门钨业,51.56,51.55,51.56,53.95,54.0,54.22,51.15,50943006.0,2667027728.0,-4.43,-2.39
600550,保变电气,13.28,13.28,13.29,13.41,13.35,13.63,13.13,41656861.0,558546691.0,-0.969,-0.13
600551,时代出版,7.3,7.29,7.3,7.49,7.46,7.53,7.14,6906781.0,50513737.0,-2.537,-0.19
600552,凯盛科技,18.97,18.97,18.98,19.67,20.15,20.5,18.72,115756341.0,2260040064.0,-3.559,-0.7
600556,天下秀,5.16,5.16,5.17,5.25,5.29,5.38,5.12,44959846.0,234805411.0,-1.714,-0.09
600557,康缘药业,12.89,12.88,12.89,12.34,12.32,12.97,12.26,11748934.0,150433166.0,4.457,0.55
600558,大西洋,5.34,5.34,5.35,5.45,5.46,5.49,5.32,11193450.0,60092028.0,-2.018,-0.11
600559,老白干酒,13.06,13.06,13.07,12.75,12.7,13.51,12.27,29497899.0,379305618.0,2.431,0.31
600560,金自天正,13.42,13.42,13.44,13.86,13.8,13.94,13.38,3310800.0,44856293.0,-3.175,-0.44
600561,江西长运,6.27,6.27,6.28,6.48,6.48,6.52,6.06,11140821.0,69070848.0,-3.241,-0.21
600562,国睿科技,24.32,24.31,24.32,24.49,24.29,24.84,24.26,7773064.0,190340763.0,-0.694,-0.17
600563,法拉电子,170.37,170.37,170.38,162.51,162.51,176.32,162.51,13958421.0,2403006315.0,4.837,7.86
600566,济川药业,27.97,27.97,27.98,28.53,28.49,28.49,27.97,3455084.0,97300554.0,-1.963,-0.56
600567,山鹰国际,1.34,1.34,1.35,1.37,1.37,1.37,1.33,59111290.0,79574112.0,-2.19,-0.03
600568,ST中珠,2.6,2.6,2.61,2.59,2.56,2.65,2.55,15180899.0,39320354.0,0.386,0.01
600569,安阳钢铁,1.86,1.86,1.87,1.91,1.92,1.93,1.85,17012500.0,31862163.0,-2.618,-0.05
600570,恒生电子,25.33,25.32,25.33,26.0,25.81,26.16,25.25,29398634.0,753446624.0,-2.577,-0.67
600571,信雅达,11.5,11.49,11.5,11.94,11.9,11.94,11.43,9504380.0,110186348.0,-3.685,-0.44
600572,康恩贝,4.19,4.18,4.19,4.22,4.22,4.23,4.15,27685828.0,115898693.0,-0.711,-0.03
600573,惠泉啤酒,11.8,11.79,11.8,11.8,11.72,11.97,11.51,12210600.0,143401145.0,0.0,0.0
600575,淮河能源,4.06,4.05,4.06,4.06,4.05,4.12,3.99,92611000.0,376690477.0,0.0,0.0
600576,祥源文旅,5.91,5.9,5.91,5.98,5.95,6.0,5.9,8728699.0,51812783.0,-1.171,-0.07
600577,精达股份,14.2,14.19,14.2,14.9,14.76,14.89,14.05,88506719.0,1278690357.0,-4.698,-0.7
600578,京能电力,9.7,9.69,9.7,9.17,9.05,9.87,8.98,469466331.0,4440949611.0,5.78,0.53
600579,中化装备,6.65,6.64,6.65,6.75,6.79,6.81,6.58,5432600.0,36053826.0,-1.481,-0.1
600580,卧龙电驱,44.42,44.42,44.43,44.07,43.0,45.18,42.8,111925572.0,4953032638.0,0.794,0.35
600581,*ST八钢,2.5,2.5,2.51,2.61,2.62,2.62,2.48,25174685.0,63376938.0,-4.215,-0.11
600582,天地科技,5.42,5.42,5.43,5.52,5.49,5.5,5.4,30286046.0,164666632.0,-1.812,-0.1
600583,海油工程,5.66,5.65,5.66,5.78,5.75,5.78,5.59,39926620.0,225817017.0,-2.076,-0.12
600584,长电科技,86.16,86.15,86.16,88.19,86.5,94.9,83.5,351341166.0,31523590759.0,-2.302,-2.03
600585,海螺水泥,19.71,19.7,19.71,19.5,19.84,19.97,19.55,24771266.0,488251295.0,1.077,0.21
600586,金晶科技,5.34,5.33,5.34,5.52,5.5,5.69,5.26,57422844.0,310471402.0,-3.261,-0.18
600587,新华医疗,13.38,13.38,13.39,13.13,13.08,13.46,13.07,6900582.0,91916829.0,1.904,0.25
600588,用友网络,10.3,10.3,10.31,10.7,10.69,10.7,10.2,40754780.0,425514789.0,-3.738,-0.4
600589,大位科技,10.86,10.86,10.87,11.63,11.07,11.54,10.48,231306317.0,2519782196.0,-6.621,-0.77
600590,泰豪科技,14.45,14.45,14.46,15.28,15.32,15.59,14.44,91726044.0,1380864660.0,-5.432,-0.83
600592,龙溪股份,21.18,21.18,21.19,21.98,21.55,21.55,20.81,23781304.0,502139708.0,-3.64,-0.8
600593,大连圣亚,36.64,36.64,36.65,36.01,35.89,37.43,35.7,4813920.0,176471147.0,1.75,0.63
600594,益佰制药,3.53,3.52,3.53,3.58,3.59,3.61,3.48,20206000.0,71068666.0,-1.397,-0.05
600595,中孚实业,7.28,7.27,7.28,7.61,7.56,7.67,7.23,87049075.0,644165299.0,-4.336,-0.33
600596,新安股份,12.57,12.56,12.57,13.07,13.02,13.25,12.48,40136349.0,512687512.0,-3.826,-0.5
600597,光明乳业,6.88,6.88,6.89,6.91,6.91,6.97,6.76,9535592.0,65366726.0,-0.434,-0.03
600598,北大荒,14.41,14.41,14.42,14.47,14.5,14.65,14.36,17197395.0,248711951.0,-0.415,-0.06
600599,*ST熊猫,3.95,0.0,0.0,3.95,0.0,0.0,0.0,0.0,0.0,0.0,0.0
600600,青岛啤酒,60.6,60.6,60.61,60.43,59.82,60.84,59.2,7803690.0,469019164.0,0.281,0.17
600601,方正科技,13.04,13.04,13.05,13.43,13.19,13.38,12.8,267321581.0,3494936330.0,-2.904,-0.39
600602,云赛智联,19.06,19.05,19.06,20.03,20.0,20.0,19.0,35301264.0,685417268.0,-4.843,-0.97
600603,广汇物流,5.16,5.16,5.17,5.46,5.45,5.53,5.1,29075770.0,153490821.0,-5.495,-0.3
600604,市北高新,4.48,4.48,4.49,4.77,4.73,4.8,4.45,43114906.0,197256737.0,-6.08,-0.29
600605,汇通能源,32.03,32.03,32.04,32.53,32.0,32.7,31.5,3748540.0,119904398.0,-1.537,-0.5
600606,绿地控股,1.39,1.38,1.39,1.41,1.41,1.42,1.36,87778343.0,121882466.0,-1.418,-0.02
600608,*ST沪科,2.07,0.0,0.0,2.07,0.0,0.0,0.0,0.0,0.0,0.0,0.0
600609,金杯汽车,3.6,3.59,3.6,3.66,3.66,3.7,3.57,15370046.0,55724211.0,-1.639,-0.06
600610,中毅达,8.29,8.29,8.3,8.82,8.75,8.75,8.16,28073561.0,235654564.0,-6.009,-0.53
600611,大众交通,5.17,5.16,5.17,5.54,5.34,5.54,5.1,200754631.0,1060452792.0,-6.679,-0.37
600612,老凤祥,36.37,36.36,36.38,36.52,36.36,36.57,35.71,1793754.0,64604037.0,-0.411,-0.15
600613,神奇制药,5.17,5.17,5.18,5.25,5.25,5.28,5.12,6931499.0,35910694.0,-1.524,-0.08
600615,鑫源智造,10.59,10.58,10.59,11.06,10.98,11.0,10.44,7011010.0,74914722.0,-4.25,-0.47
600616,金枫酒业,4.54,4.54,4.55,4.63,4.6,4.64,4.46,12171812.0,55356727.0,-1.944,-0.09
600617,国新能源,3.38,3.38,3.39,3.45,3.44,3.49,3.34,45648938.0,154716763.0,-2.029,-0.07
600618,氯碱化工,10.59,10.58,10.59,10.94,10.9,10.95,10.5,8621106.0,91755198.0,-3.199,-0.35
600619,海立股份,16.23,16.22,16.23,16.97,16.97,16.99,16.1,33685997.0,553185002.0,-4.361,-0.74
600620,天宸股份,4.87,4.87,4.88,5.0,5.01,5.03,4.84,6845700.0,33549809.0,-2.6,-0.13
600621,华鑫股份,13.42,13.41,13.42,13.69,13.66,13.82,13.37,11324074.0,153420182.0,-1.972,-0.27
600622,光大嘉宝,2.39,2.38,2.39,2.53,2.53,2.55,2.37,27630812.0,67407500.0,-5.534,-0.14
600623,华谊集团,8.76,8.75,8.76,8.99,8.95,9.03,8.69,19401063.0,170975591.0,-2.558,-0.23
600624,ST复华,4.28,4.27,4.28,4.32,4.32,4.35,4.21,4436438.0,18904903.0,-0.926,-0.04
600626,申达股份,3.8,3.8,3.81,4.06,4.06,4.06,3.76,31810592.0,122043725.0,-6.404,-0.26
600628,新世界,6.34,6.34,6.35,6.43,6.43,6.43,6.28,6990100.0,44301831.0,-1.4,-0.09
600629,华建集团,17.79,17.78,17.79,18.57,18.4,18.56,17.66,20197486.0,362949147.0,-4.2,-0.78
600630,龙头股份,7.64,7.64,7.65,7.86,7.84,7.84,7.61,7789600.0,59962056.0,-2.799,-0.22
600633,浙数文化,12.4,12.39,12.4,12.73,12.68,12.87,12.35,24603040.0,310124799.0,-2.592,-0.33
600635,大众公用,5.81,5.8,5.81,6.03,6.05,6.24,5.78,223466837.0,1323475424.0,-3.648,-0.22
600636,*ST国化,4.51,0.0,0.0,4.51,0.0,0.0,0.0,0.0,0.0,0.0,0.0
600637,东方明珠,10.37,10.36,10.37,10.31,10.2,10.88,10.17,122551236.0,1282056559.0,0.582,0.06
600638,新黄浦,5.5,5.5,5.51,5.68,5.67,5.68,5.48,8865441.0,49060420.0,-3.169,-0.18
600639,浦东金桥,9.74,9.73,9.74,9.82,9.82,9.85,9.66,3704069.0,36004756.0,-0.815,-0.08
600640,国脉文化,11.88,11.87,11.88,11.98,12.16,12.55,11.76,17966788.0,217933996.0,-0.835,-0.1
600641,先导基电,26.79,26.79,26.8,27.75,27.8,28.36,26.72,41020109.0,1127806135.0,-3.459,-0.96
600642,申能股份,9.85,9.84,9.85,9.77,9.69,9.96,9.63,33400544.0,327309280.0,0.819,0.08
600643,爱建集团,4.3,4.29,4.3,4.43,4.43,4.47,4.26,16197296.0,70144622.0,-2.935,-0.13
600644,乐山电力,11.27,11.27,11.28,11.06,11.12,11.4,11.04,19339693.0,217844881.0,1.899,0.21
600645,中源协和,20.18,20.17,20.18,20.68,20.65,20.82,20.12,7957300.0,161840516.0,-2.418,-0.5
600648,外高桥,9.53,9.52,9.53,9.67,9.65,9.67,9.44,1527539.0,14558003.0,-1.448,-0.14
600649,城投控股,3.84,3.83,3.84,3.92,3.93,3.93,3.8,15065844.0,57955058.0,-2.041,-0.08
600650,锦江在线,12.36,12.35,12.36,12.88,12.69,12.8,12.26,8561100.0,107015474.0,-4.037,-0.52
600651,飞乐音响,6.53,6.53,6.54,6.63,6.61,6.69,6.5,24246504.0,159260779.0,-1.508,-0.1
600653,申华控股,1.69,1.69,1.7,1.72,1.71,1.73,1.67,24890045.0,42167253.0,-1.744,-0.03
600654,中安科,3.34,3.34,3.35,3.45,3.41,3.47,3.31,69087100.0,233054299.0,-3.188,-0.11
600655,豫园股份,4.66,4.66,4.67,4.71,4.7,4.74,4.59,12580571.0,58466718.0,-1.062,-0.05
600657,信达地产,2.75,2.74,2.75,2.83,2.83,2.84,2.72,21289900.0,58823322.0,-2.827,-0.08
600658,电子城,4.7,4.7,4.71,4.94,4.91,4.93,4.68,15710200.0,74983348.0,-4.858,-0.24
600660,福耀玻璃,52.75,52.74,52.75,53.49,53.3,53.38,52.22,15385439.0,808981603.0,-1.383,-0.74
600661,昂立教育,8.53,8.53,8.55,8.83,8.93,8.93,8.44,7306400.0,62611271.0,-3.398,-0.3
600662,外服控股,4.49,4.49,4.5,4.58,4.59,4.62,4.47,10472216.0,47327659.0,-1.965,-0.09
600663,陆家嘴,7.05,7.04,7.05,7.21,7.18,7.25,6.99,9351577.0,66098613.0,-2.219,-0.16
600664,哈药股份,3.27,3.27,3.28,3.36,3.35,3.36,3.25,54877444.0,180617883.0,-2.679,-0.09
600665,天地源,3.2,3.2,3.21,3.22,3.23,3.32,3.15,16153795.0,51681772.0,-0.621,-0.02
600666,奥瑞德,4.62,4.61,4.62,4.8,4.8,4.8,4.57,158508562.0,740022479.0,-3.75,-0.18
600667,太极实业,13.92,13.91,13.92,13.27,14.05,14.6,13.58,428890098.0,6092584952.0,4.898,0.65
600668,尖峰集团,8.01,8.0,8.01,8.24,8.2,8.25,7.97,5881866.0,47419986.0,-2.791,-0.23
600671,天目药业,18.03,18.02,18.03,18.15,18.15,18.36,17.87,2109083.0,38187388.0,-0.661,-0.12
600673,东阳光,39.33,39.32,39.33,36.8,39.0,40.4,38.05,144451664.0,5698972231.0,6.875,2.53
600674,川投能源,15.04,15.04,15.05,15.13,15.14,15.2,14.91,27482542.0,412752861.0,-0.595,-0.09
600675,中华企业,2.35,2.34,2.35,2.42,2.4,2.42,2.33,21983077.0,51835112.0,-2.893,-0.07
600676,交运股份,6.53,6.53,6.54,6.58,6.57,6.69,6.47,11831591.0,77665146.0,-0.76,-0.05
600678,ST金顶,6.16,6.15,6.16,6.24,6.08,6.28,5.97,23374809.0,142794939.0,-1.282,-0.08
600679,上海凤凰,9.77,9.77,9.79,10.02,9.99,9.99,9.73,3314600.0,32559499.0,-2.495,-0.25
600681,百川能源,3.69,3.68,3.69,3.75,3.74,3.76,3.64,21113640.0,77605649.0,-1.6,-0.06
600682,南京新百,5.56,5.55,5.56,5.69,5.68,5.73,5.49,17567783.0,97942149.0,-2.285,-0.13
600683,京投发展,16.34,16.34,16.35,17.0,16.7,17.08,16.01,35424386.0,581762031.0,-3.882,-0.66
600684,珠江股份,3.66,3.65,3.66,3.72,3.71,3.75,3.64,14552862.0,53646588.0,-1.613,-0.06
600685,中船防务,28.64,28.64,28.65,29.28,29.06,29.93,28.56,12950500.0,377406741.0,-2.186,-0.64
600686,金龙汽车,14.07,14.07,14.08,14.34,14.2,14.45,13.96,12219561.0,172492703.0,-1.883,-0.27
600688,上海石化,2.75,2.74,2.75,2.81,2.81,2.82,2.73,45752800.0,126072124.0,-2.135,-0.06
600689,上海三毛,12.04,12.04,12.07,12.37,12.34,12.43,11.96,2468400.0,29848895.0,-2.668,-0.33
600690,海尔智家,20.16,20.16,20.17,20.22,20.23,20.33,19.91,42872635.0,860887927.0,-0.297,-0.06
600691,潞化科技,2.68,2.67,2.68,2.73,2.72,2.76,2.66,33490384.0,90402934.0,-1.832,-0.05
600692,亚通股份,6.87,6.87,6.88,7.11,7.11,7.13,6.74,6982700.0,48008920.0,-3.376,-0.24
600693,东百集团,10.07,10.07,10.08,9.59,9.41,10.5,9.16,92733378.0,897763612.0,5.005,0.48
600694,大商股份,17.28,17.28,17.29,17.67,17.68,17.7,17.09,4804894.0,83082365.0,-2.207,-0.39
600696,*ST岩石,1.31,0.0,0.0,1.31,0.0,0.0,0.0,0.0,0.0,0.0,0.0
600697,欧亚集团,11.4,11.39,11.4,11.71,11.63,11.71,11.21,4194300.0,47767852.0,-2.647,-0.31
600698,湖南天雁,6.84,6.84,6.85,7.03,6.98,7.03,6.84,7616553.0,52543461.0,-2.703,-0.19
600699,均胜电子,30.22,30.22,30.23,31.95,31.51,33.13,29.88,90367536.0,2825630134.0,-5.415,-1.73
600702,XD舍得酒,44.13,44.12,44.13,40.27,40.1,44.3,39.66,22771547.0,980426921.0,9.585,3.86
600703,三安光电,16.61,16.6,16.61,15.85,15.95,17.42,15.89,434593783.0,7337530090.0,4.795,0.76
600704,物产中大,4.95,4.94,4.95,4.99,4.97,5.05,4.89,48823594.0,241878266.0,-0.802,-0.04
600706,曲江文旅,8.3,8.3,8.31,8.42,8.53,8.53,8.12,7137156.0,59019969.0,-1.425,-0.12
600707,彩虹股份,11.93,11.92,11.93,11.88,11.96,12.83,11.6,276671650.0,3364601559.0,0.421,0.05
600708,光明地产,3.22,3.21,3.22,3.32,3.33,3.35,3.19,25641926.0,83206699.0,-3.012,-0.1
600710,苏美达,11.5,11.5,11.51,11.88,11.84,11.86,11.38,12964024.0,149514048.0,-3.199,-0.38
600711,盛屯矿业,12.46,12.46,12.47,13.18,13.09,13.23,12.35,98593135.0,1245519828.0,-5.463,-0.72
600712,南宁百货,5.97,5.96,5.97,5.96,5.89,6.04,5.83,8829700.0,52373595.0,0.168,0.01
600713,南京医药,4.97,4.97,4.98,5.03,5.04,5.04,4.93,11217600.0,55743539.0,-1.193,-0.06
600714,金瑞矿业,29.15,29.15,29.16,31.6,31.69,32.39,28.44,38331521.0,1133475459.0,-7.753,-2.45
600715,文投控股,1.9,1.9,1.91,1.9,1.9,1.95,1.89,23367700.0,44778313.0,0.0,0.0
600716,凤凰股份,3.71,3.71,3.72,3.76,3.78,3.81,3.69,10504300.0,39298507.0,-1.33,-0.05
600717,天津港,4.38,4.38,4.39,4.41,4.41,4.44,4.36,15357682.0,67454139.0,-0.68,-0.03
600718,东软集团,8.33,8.32,8.33,8.53,8.48,8.6,8.31,11213443.0,94373597.0,-2.345,-0.2
600719,大连热电,10.15,10.14,10.15,9.83,9.46,10.37,9.18,88420259.0,870495184.0,3.255,0.32
600720,中交设计,5.97,5.97,5.98,6.12,6.1,6.12,5.94,8163469.0,48965127.0,-2.451,-0.15
600721,百花医药,7.32,7.32,7.33,7.45,7.4,7.41,7.25,7045100.0,51549061.0,-1.745,-0.13
600722,金牛化工,10.49,10.48,10.49,10.88,10.79,10.87,10.38,27205525.0,287143481.0,-3.585,-0.39
600724,宁波富达,6.97,6.97,6.98,6.99,6.98,7.17,6.83,12444000.0,86937837.0,-0.286,-0.02
600725,云维股份,3.88,3.87,3.88,4.03,3.97,3.97,3.83,18043245.0,69893074.0,-3.722,-0.15
600726,华电能源,8.37,8.37,0.0,7.61,7.86,8.37,7.71,128392736.0,1056065404.0,9.987,0.76
600727,鲁北化工,7.76,7.76,7.77,8.03,7.98,8.06,7.69,19334200.0,150745183.0,-3.362,-0.27
600728,佳都科技,5.01,5.01,5.02,5.17,5.14,5.22,4.99,32954214.0,167165412.0,-3.095,-0.16
600729,重百集团,19.38,19.38,19.39,19.51,19.47,19.6,19.1,2465100.0,47625616.0,-0.666,-0.13
600730,*ST高科,13.42,13.4,13.42,13.62,13.62,14.12,13.11,34469649.0,469431358.0,-1.468,-0.2
600731,湖南海利,5.73,5.72,5.73,5.85,5.8,5.85,5.68,6060200.0,34777449.0,-2.051,-0.12
600732,爱旭股份,12.54,12.54,12.55,12.99,12.99,13.26,12.48,38319728.0,491862499.0,-3.464,-0.45
600733,北汽蓝谷,6.37,6.37,6.38,6.56,6.53,6.67,6.35,73887751.0,478807611.0,-2.896,-0.19
600734,*ST实达,2.09,2.08,2.09,2.04,2.04,2.13,2.03,68023116.0,141183938.0,2.451,0.05
600735,ST新华锦,7.03,7.03,7.04,7.15,7.07,7.08,6.87,14222724.0,99205313.0,-1.678,-0.12
600736,苏州高新,7.21,7.2,7.21,7.25,7.25,7.3,7.1,37271097.0,267909899.0,-0.552,-0.04
600737,中粮糖业,13.08,13.07,13.08,13.37,13.37,13.49,13.02,22447006.0,294863695.0,-2.169,-0.29
600738,丽尚国潮,4.32,4.31,4.32,4.39,4.39,4.41,4.24,10327987.0,44587821.0,-1.595,-0.07
600739,辽宁成大,10.91,10.91,10.92,11.12,11.1,11.23,10.89,10240623.0,112467453.0,-1.888,-0.21
600740,山西焦化,3.75,3.74,3.75,3.78,3.76,3.83,3.7,34107428.0,128122094.0,-0.794,-0.03
600741,华域汽车,16.82,16.81,16.82,16.98,16.99,16.99,16.63,20043238.0,336517591.0,-0.942,-0.16
600742,富维股份,8.17,8.16,8.17,8.39,8.36,8.36,8.08,9423815.0,76999258.0,-2.622,-0.22
600743,华远控股,2.32,2.31,2.32,2.4,2.39,2.4,2.28,44938575.0,104476216.0,-3.333,-0.08
600744,华银电力,8.6,8.6,0.0,7.82,7.76,8.6,7.72,169088421.0,1436152035.0,9.974,0.78
600745,*ST闻泰,18.75,18.75,0.0,17.86,17.69,18.75,17.67,30880283.0,566591956.0,4.983,0.89
600746,江苏索普,6.53,6.52,6.53,6.78,6.75,6.78,6.49,12059600.0,79407395.0,-3.687,-0.25
600748,上实发展,4.65,4.64,4.65,4.93,4.93,4.93,4.55,23009501.0,108232614.0,-5.68,-0.28
600749,西藏旅游,14.8,14.79,14.8,14.94,14.88,14.98,14.74,4711000.0,69808964.0,-0.937,-0.14
600750,华润江中,23.99,23.98,23.99,23.37,23.33,23.99,23.2,5175220.0,122609072.0,2.653,0.62
600751,海航科技,3.37,3.37,3.38,3.41,3.42,3.43,3.35,31572268.0,106842222.0,-1.173,-0.04
600753,*ST海钦,12.78,12.73,12.78,13.26,13.37,13.4,12.64,3072444.0,39347359.0,-3.62,-0.48
600754,锦江酒店,20.26,20.25,20.26,20.31,20.24,20.43,19.76,18328721.0,367389048.0,-0.246,-0.05
600755,厦门国贸,5.86,5.86,5.87,6.02,6.02,6.03,5.85,20047701.0,118504833.0,-2.658,-0.16
600756,浪潮软件,14.94,14.93,14.94,15.48,15.59,15.59,14.94,7641270.0,115449991.0,-3.488,-0.54
600757,长江传媒,7.86,7.85,7.86,7.94,7.94,7.97,7.77,6801523.0,53409738.0,-1.008,-0.08
600758,辽宁能源,4.64,4.64,0.0,4.22,4.19,4.64,4.09,143483711.0,638302192.0,9.953,0.42
600759,ST洲际,2.5,2.5,2.51,2.43,2.36,2.55,2.31,495131041.0,1182708151.0,2.881,0.07
600760,XD中航沈,42.68,42.67,42.68,43.38,43.57,43.92,42.6,14727155.0,633584841.0,-1.614,-0.7
600761,安徽合力,17.74,17.74,17.75,18.3,18.24,18.27,17.35,15503246.0,275129001.0,-3.06,-0.56
600763,通策医疗,37.3,37.3,37.31,36.4,36.2,37.66,35.8,9961456.0,365506702.0,2.473,0.9
600764,中国海防,20.94,20.93,20.94,21.48,21.42,21.59,20.8,4258400.0,89828061.0,-2.514,-0.54
600765,中航重机,14.3,14.3,14.31,14.7,14.7,14.77,14.25,17812527.0,257332267.0,-2.721,-0.4
600768,宁波富邦,16.33,16.33,16.39,17.0,16.83,17.03,16.24,5051800.0,83492604.0,-3.941,-0.67
600769,祥龙电业,16.47,16.46,16.47,16.19,16.19,16.68,15.93,26603338.0,433434444.0,1.729,0.28
600770,综艺股份,6.35,6.35,6.36,6.56,6.56,6.62,6.29,46870770.0,301950890.0,-3.201,-0.21
600771,广誉远,15.15,15.14,15.15,14.96,15.0,15.2,14.82,8773801.0,131953144.0,1.27,0.19
600773,西藏城投,17.92,17.91,17.92,18.57,18.57,18.66,17.75,23721890.0,429260998.0,-3.5,-0.65
600774,汉商集团,7.55,7.55,7.58,7.76,7.75,7.77,7.36,5210800.0,39273526.0,-2.706,-0.21
600775,南京熊猫,11.13,11.13,11.14,11.45,11.46,11.55,11.06,15942242.0,179061968.0,-2.795,-0.32
600776,东方通信,15.18,15.17,15.18,15.51,15.49,15.7,15.08,17910360.0,276159550.0,-2.128,-0.33
600777,*ST新潮,5.18,5.18,5.19,5.4,5.45,5.45,5.17,30745264.0,161139466.0,-4.074,-0.22
600778,友好集团,6.22,6.22,6.24,6.38,6.38,6.38,6.07,7955102.0,49195041.0,-2.508,-0.16
600779,水井坊,33.94,33.94,0.0,30.85,30.67,33.94,30.48,14809806.0,488806805.0,10.016,3.09
600780,通宝能源,7.25,7.25,7.26,7.16,7.17,7.35,7.12,42373910.0,306884688.0,1.257,0.09
600782,新钢股份,2.81,2.81,2.82,2.87,2.86,2.88,2.79,36962486.0,104588170.0,-2.091,-0.06
600783,鲁信创投,21.49,0.0,21.49,23.88,23.65,24.05,21.49,34393901.0,772801068.0,-10.008,-2.39
600784,鲁银投资,8.06,8.06,8.07,8.7,8.44,8.51,8.05,36973993.0,304377309.0,-7.356,-0.64
600785,新华百货,15.75,15.73,15.75,16.05,15.9,16.01,15.62,5900868.0,93212277.0,-1.869,-0.3
600787,中储股份,4.69,4.69,4.7,4.79,4.78,4.82,4.65,23363377.0,110157273.0,-2.088,-0.1
600789,鲁抗医药,7.99,7.98,7.99,8.15,8.11,8.14,7.93,14410600.0,115305957.0,-1.963,-0.16
600790,轻纺城,4.09,4.09,4.1,4.12,4.13,4.19,4.06,19954144.0,81972036.0,-0.728,-0.03
600791,京能置业,15.96,15.95,15.96,16.21,16.01,16.48,15.76,13566160.0,217261706.0,-1.542,-0.25
600792,云煤能源,3.8,3.8,3.81,3.85,3.83,3.87,3.73,17929336.0,68100989.0,-1.299,-0.05
600793,宜宾纸业,14.5,14.49,14.5,14.87,14.83,14.83,14.38,3201500.0,46494607.0,-2.488,-0.37
600794,保税科技,3.22,3.22,3.23,3.29,3.29,3.29,3.19,11710000.0,37748690.0,-2.128,-0.07
600795,国电电力,4.96,4.96,4.97,4.95,4.93,4.97,4.87,241013506.0,1185686870.0,0.202,0.01
600796,钱江生化,5.3,5.29,5.3,5.39,5.39,5.42,5.22,6457880.0,34131362.0,-1.67,-0.09
600797,浙大网新,7.44,7.44,7.45,8.19,7.87,7.93,7.42,55635689.0,423725837.0,-9.158,-0.75
600798,宁波海运,3.44,3.44,3.45,3.61,3.6,3.6,3.43,32015200.0,111330456.0,-4.709,-0.17
600800,渤海化学,4.16,4.16,4.17,4.29,4.29,4.39,4.13,23502750.0,99513682.0,-3.03,-0.13
600801,华新建材,18.96,18.96,18.97,19.25,19.07,19.46,18.55,15474269.0,292506181.0,-1.506,-0.29
600802,福建水泥,5.07,5.07,5.08,5.2,5.2,5.2,5.01,6159861.0,31210608.0,-2.5,-0.13
600803,新奥股份,19.4,19.4,19.41,19.67,19.45,19.67,19.2,4608198.0,89078785.0,-1.373,-0.27
600805,悦达投资,4.7,4.69,4.7,4.82,4.82,4.82,4.67,9097929.0,42914082.0,-2.49,-0.12
600807,济高发展,2.84,2.84,2.85,2.9,2.89,2.91,2.8,22645900.0,64420330.0,-2.069,-0.06
600808,马钢股份,3.05,3.04,3.05,3.16,3.16,3.17,3.0,65281997.0,199647970.0,-3.481,-0.11
600809,山西汾酒,128.6,128.59,128.6,126.68,126.75,131.5,124.49,17645060.0,2257755008.0,1.516,1.92
600810,神马股份,6.17,6.16,6.17,6.44,6.45,6.45,6.12,14880998.0,92472405.0,-4.193,-0.27
600812,华北制药,4.45,4.45,4.46,4.56,4.56,4.57,4.41,18629597.0,83132286.0,-2.412,-0.11
600814,杭州解百,7.05,7.05,7.06,7.15,7.12,7.16,6.97,7847063.0,55362141.0,-1.399,-0.1
600815,厦工股份,3.4,3.4,3.41,3.5,3.5,3.54,3.37,50610700.0,173779714.0,-2.857,-0.1
600816,建元信托,3.15,3.14,3.15,3.15,3.13,3.28,3.12,86004955.0,273213953.0,0.0,0.0
600817,宇通重工,10.15,10.14,10.15,10.43,10.38,10.39,10.1,4736035.0,48251726.0,-2.685,-0.28
600818,ST中路,5.85,5.84,5.85,5.77,5.79,5.94,5.78,7581700.0,44409169.0,1.386,0.08
600819,耀皮玻璃,6.81,6.81,6.82,7.06,7.05,7.16,6.78,13167349.0,91087167.0,-3.541,-0.25
600820,隧道股份,5.62,5.61,5.62,5.68,5.67,5.69,5.58,14503942.0,81573075.0,-1.056,-0.06
600821,金开新能,8.05,8.05,8.06,8.06,7.98,8.16,7.85,111632864.0,896043305.0,-0.124,-0.01
600822,上海物贸,8.83,8.83,8.84,9.06,8.97,9.04,8.7,3810950.0,33607514.0,-2.539,-0.23
600824,益民集团,3.78,3.78,3.79,3.85,3.83,3.85,3.75,11119500.0,42147717.0,-1.818,-0.07
600825,新华传媒,5.24,5.23,5.24,5.31,5.29,5.36,5.21,5601422.0,29526506.0,-1.318,-0.07
600826,兰生股份,8.61,8.61,8.62,8.89,8.86,8.86,8.54,6113143.0,53004974.0,-3.15,-0.28
600827,百联股份,7.99,7.98,7.99,7.92,7.94,8.03,7.77,12756375.0,100686823.0,0.884,0.07
600828,茂业商业,4.39,4.35,4.39,4.36,4.36,4.44,4.26,32511099.0,140996867.0,0.688,0.03
600829,人民同泰,8.6,8.59,8.6,8.75,8.75,8.75,8.5,5395851.0,46281905.0,-1.714,-0.15
600830,香溢融通,8.56,8.56,8.57,8.89,8.82,8.93,8.4,11248500.0,96506633.0,-3.712,-0.33
600831,广电网络,3.98,3.98,3.99,4.14,4.15,4.38,3.92,42197111.0,171644234.0,-3.865,-0.16
600833,第一医药,10.59,10.59,10.61,10.79,10.77,10.77,10.45,3547940.0,37536524.0,-1.854,-0.2
600834,申通地铁,7.7,7.7,7.71,7.93,7.94,7.94,7.66,4642501.0,35980068.0,-2.9,-0.23
600835,上海机电,23.35,23.34,23.35,24.67,24.45,24.45,23.06,13630118.0,322636165.0,-5.351,-1.32
600838,上海九百,8.27,8.27,8.28,8.38,8.37,8.43,8.18,11072003.0,91853800.0,-1.313,-0.11
600839,四川长虹,7.56,7.56,7.57,7.95,7.91,7.91,7.55,114485854.0,876562439.0,-4.906,-0.39
600841,动力新科,7.13,7.13,7.14,7.37,7.31,7.39,7.06,15188402.0,109121541.0,-3.256,-0.24
600843,上工申贝,7.99,7.98,7.99,8.23,8.34,8.34,7.91,11282346.0,90958793.0,-2.916,-0.24
600844,金煤科技,3.02,3.02,3.03,3.09,3.09,3.11,2.97,27038900.0,81562378.0,-2.265,-0.07
600845,宝信软件,20.83,20.83,20.84,21.16,21.02,21.15,20.68,17730002.0,370309064.0,-1.56,-0.33
600846,同济科技,11.31,11.3,11.31,11.75,11.75,11.75,11.23,3778100.0,43010725.0,-3.745,-0.44
600847,万里股份,15.03,15.03,15.04,15.92,15.97,16.09,15.0,5002300.0,76646268.0,-5.59,-0.89
600848,上海临港,8.91,8.9,8.91,8.84,8.8,8.97,8.71,17047260.0,150811893.0,0.792,0.07
600850,电科数字,22.75,22.75,22.76,22.85,22.5,23.14,22.27,34007553.0,773109748.0,-0.438,-0.1
600851,海欣股份,7.82,7.81,7.82,8.13,8.15,8.19,7.68,19652175.0,154000460.0,-3.813,-0.31
600853,龙建股份,3.56,3.56,3.57,3.59,3.58,3.64,3.55,6159008.0,22050456.0,-0.836,-0.03
600854,春兰股份,4.89,4.89,4.9,5.02,5.03,5.03,4.86,11360100.0,55768081.0,-2.59,-0.13
600855,航天长峰,16.53,16.53,16.54,17.15,17.2,17.34,16.37,11057920.0,185346191.0,-3.615,-0.62
600857,宁波中百,15.03,15.03,15.04,14.54,14.2,15.26,14.11,19877538.0,294365159.0,3.37,0.49
600858,银座股份,5.14,5.13,5.14,5.2,5.2,5.2,5.0,9875188.0,50340707.0,-1.154,-0.06
600859,王府井,10.99,10.99,11.0,10.93,10.87,11.08,10.65,19022433.0,206970180.0,0.549,0.06
600860,京城股份,9.47,9.47,9.48,9.81,9.81,9.9,9.45,7685544.0,73689116.0,-3.466,-0.34
600861,北京人力,14.18,14.18,14.2,14.42,14.4,14.46,14.08,3183420.0,45195759.0,-1.664,-0.24
600862,中航高科,18.26,18.25,18.26,18.59,18.59,18.69,18.13,16611261.0,304629154.0,-1.775,-0.33
600863,华能蒙电,6.71,6.71,0.0,6.1,5.93,6.71,5.93,400318992.0,2543200265.0,10.0,0.61
600864,哈投股份,5.58,5.57,5.58,5.63,5.59,5.68,5.53,25847808.0,144484000.0,-0.888,-0.05
600865,百大集团,10.05,10.02,10.05,10.16,10.17,10.41,9.87,12607300.0,126600860.0,-1.083,-0.11
600866,星湖科技,5.11,5.11,5.12,5.31,5.3,5.3,5.06,28147901.0,144408344.0,-3.766,-0.2
600867,通化东宝,8.28,8.28,8.29,8.26,8.28,8.32,8.15,20348950.0,167799635.0,0.242,0.02
600868,梅雁吉祥,3.36,3.35,3.36,3.28,3.28,3.45,3.25,86507547.0,290278800.0,2.439,0.08
600869,远东股份,21.17,21.16,21.17,20.7,20.7,21.97,20.7,97362952.0,2079370012.0,2.271,0.47
600871,石化油服,2.33,2.33,2.34,2.41,2.41,2.41,2.3,123037447.0,287237957.0,-3.32,-0.08
600872,中炬高新,19.36,19.36,19.37,19.0,19.0,19.72,18.75,19233535.0,369419566.0,1.895,0.36
600873,梅花生物,9.8,9.8,9.81,10.09,10.09,10.09,9.73,28295631.0,279295648.0,-2.874,-0.29
600874,创业环保,5.77,5.76,5.77,5.86,5.85,5.87,5.73,9817086.0,56718360.0,-1.536,-0.09
600875,东方电气,36.05,36.05,36.06,35.69,35.59,36.96,35.5,59210060.0,2156244436.0,1.009,0.36
600876,凯盛新能,8.84,8.84,8.85,9.06,9.07,9.57,8.74,7259200.0,65645514.0,-2.428,-0.22
600877,电科芯片,15.64,15.63,15.64,15.85,15.88,16.55,15.55,26320998.0,422518086.0,-1.325,-0.21
600879,航天电子,20.63,20.63,20.64,21.28,21.41,21.66,20.43,112446434.0,2352891621.0,-3.055,-0.65
600880,博瑞传播,4.37,4.37,4.38,4.47,4.47,4.53,4.36,19261837.0,85335417.0,-2.237,-0.1
600881,亚泰集团,1.46,1.45,1.46,1.49,1.49,1.49,1.44,32842775.0,47914769.0,-2.013,-0.03
600882,妙可蓝多,17.92,17.9,17.92,18.13,18.13,18.18,17.32,10878900.0,192544259.0,-1.158,-0.21
600883,博闻科技,8.58,8.55,8.58,8.71,8.73,8.73,8.3,5042705.0,42922550.0,-1.493,-0.13
600884,杉杉股份,14.87,14.87,14.88,14.7,14.67,15.1,14.62,95565269.0,1422923190.0,1.156,0.17
600885,宏发股份,35.61,35.6,35.61,34.15,34.14,36.72,33.92,27502814.0,976544878.0,4.275,1.46
600886,国投电力,13.78,13.78,13.79,13.87,13.82,13.95,13.67,34705463.0,477809022.0,-0.649,-0.09
600887,伊利股份,26.62,26.62,26.63,26.58,26.43,26.99,26.07,57823925.0,1532144356.0,0.15,0.04
600888,新疆众和,11.73,11.73,11.74,11.27,11.16,11.91,11.14,145165115.0,1683353197.0,4.082,0.46
600889,*ST京化,16.67,16.67,16.7,16.19,16.4,16.93,16.18,8637801.0,143274885.0,2.965,0.48
600892,*ST大晟,4.03,4.01,4.03,4.05,4.04,4.07,3.96,7259000.0,29112705.0,-0.494,-0.02
600893,航发动力,44.11,44.11,44.12,44.9,45.01,45.27,43.9,26668456.0,1181740579.0,-1.759,-0.79
600894,广日股份,8.68,8.67,8.68,8.7,8.7,8.75,8.5,6273228.0,53974818.0,-0.23,-0.02
600895,张江高科,36.94,36.93,36.94,39.32,39.11,39.69,36.72,66948611.0,2536991363.0,-6.053,-2.38
600897,厦门空港,14.28,14.28,14.29,14.57,14.56,14.66,14.22,2032694.0,29155356.0,-1.99,-0.29
600900,长江电力,27.24,27.24,27.25,27.14,27.06,27.33,27.01,111271540.0,3026248640.0,0.368,0.1
600901,江苏金租,6.36,6.36,6.37,6.35,6.34,6.39,6.24,25931980.0,164099903.0,0.157,0.01
600903,贵州燃气,9.65,9.65,9.66,10.03,9.86,10.42,9.56,63832471.0,629087150.0,-3.789,-0.38
600905,三峡能源,4.08,4.08,4.09,4.11,4.1,4.1,4.08,134585131.0,550012781.0,-0.73,-0.03
600906,财达证券,6.74,6.73,6.74,6.41,6.39,6.93,6.36,100252579.0,668573917.0,5.148,0.33
600908,无锡银行,5.44,5.43,5.44,5.45,5.44,5.48,5.4,7863000.0,42717592.0,-0.183,-0.01
600909,华安证券,7.64,7.63,7.64,7.57,7.57,8.16,7.56,283173584.0,2209647177.0,0.925,0.07
600916,中国黄金,7.98,7.98,7.99,8.26,8.18,8.25,7.96,37924285.0,304822285.0,-3.39,-0.28
600917,重庆燃气,5.22,5.22,5.24,5.34,5.34,5.35,5.17,9461030.0,49512520.0,-2.247,-0.12
600918,中泰证券,5.6,5.6,5.61,5.59,5.57,5.65,5.52,26549700.0,148313326.0,0.179,0.01
600919,江苏银行,11.15,11.14,11.15,11.05,11.06,11.2,10.95,93394650.0,1034452158.0,0.905,0.1
600925,苏能股份,4.57,4.56,4.57,4.55,4.55,4.57,4.5,11014200.0,49945973.0,0.44,0.02
600926,杭州银行,15.97,15.97,15.98,16.07,16.09,16.11,15.83,28194676.0,450244859.0,-0.622,-0.1
600927,永安期货,14.06,14.05,14.06,14.25,14.13,14.34,13.85,7041200.0,98885376.0,-1.333,-0.19
600928,西安银行,3.48,3.47,3.48,3.53,3.52,3.54,3.45,20706376.0,72191399.0,-1.416,-0.05
600929,雪天盐业,5.78,5.77,5.78,5.96,5.96,5.96,5.72,18089000.0,104798922.0,-3.02,-0.18
600930,华电新能,6.15,6.15,6.16,6.09,6.07,6.17,6.04,141636208.0,865884380.0,0.985,0.06
600933,爱柯迪,16.95,16.95,16.96,17.61,17.48,17.7,16.8,19043383.0,325368912.0,-3.748,-0.66
600935,华塑股份,2.43,2.42,2.43,2.41,2.42,2.45,2.36,27385700.0,65693863.0,0.83,0.02
600936,北投科技,5.39,5.39,5.4,5.86,5.8,5.87,5.32,135753649.0,748809393.0,-8.02,-0.47
600938,中国海油,34.09,34.09,34.1,35.17,35.0,35.16,33.91,42409024.0,1452710330.0,-3.071,-1.08
600939,重庆建工,2.72,2.72,2.73,2.73,2.74,2.81,2.69,13112600.0,35875447.0,-0.366,-0.01
600941,中国移动,97.58,97.57,97.58,97.19,97.06,97.8,96.36,7741080.0,751504720.0,0.401,0.39
600955,维远股份,16.35,16.35,16.37,16.75,16.77,16.83,16.3,5079800.0,83788278.0,-2.388,-0.4
600956,新天绿能,8.52,8.52,8.53,8.51,8.51,8.63,8.38,17547548.0,149424635.0,0.118,0.01
600958,东方证券,9.44,9.44,9.45,9.6,9.53,9.64,9.41,58727740.0,557368164.0,-1.667,-0.16
600959,江苏有线,3.62,3.62,3.63,3.7,3.7,3.76,3.61,50233500.0,184787288.0,-2.162,-0.08
600960,渤海汽车,4.57,4.56,4.57,4.7,4.65,4.69,4.55,14913257.0,68613436.0,-2.766,-0.13
600961,株冶集团,26.7,26.69,26.7,28.25,27.87,28.5,26.45,46278473.0,1260674359.0,-5.487,-1.55
600962,国投中鲁,25.29,25.27,25.29,25.68,25.81,26.47,24.81,9168800.0,232619692.0,-1.519,-0.39
600963,岳阳林纸,4.16,4.16,4.17,4.19,4.15,4.23,4.09,25937089.0,107746918.0,-0.716,-0.03
600965,*ST福成,3.2,3.19,3.2,3.15,3.13,3.21,3.08,7944200.0,25025743.0,1.587,0.05
600966,博汇纸业,6.11,6.11,6.12,6.05,6.05,6.22,5.95,15687640.0,95528796.0,0.992,0.06
600967,内蒙一机,12.69,12.68,12.69,13.15,13.0,13.14,12.66,16873734.0,216286615.0,-3.498,-0.46
600968,海油发展,3.94,3.93,3.94,4.01,4.0,4.0,3.91,49418006.0,194636466.0,-1.746,-0.07
600969,郴电国际,12.06,12.06,12.07,12.0,12.01,12.2,11.79,24180870.0,290396938.0,0.5,0.06
600970,中材国际,8.78,8.78,8.79,8.85,8.82,8.84,8.67,18912111.0,165241559.0,-0.791,-0.07
600971,恒源煤电,7.53,7.52,7.53,7.44,7.4,7.64,7.34,17526882.0,131328816.0,1.21,0.09
600973,宝胜股份,7.08,7.07,7.08,7.18,7.13,7.36,7.04,26453088.0,190061160.0,-1.393,-0.1
600975,新五丰,5.12,5.11,5.12,5.2,5.21,5.23,5.08,12757000.0,65339109.0,-1.538,-0.08
600976,健民集团,30.81,30.81,30.83,31.42,31.3,31.33,30.31,1783400.0,54795341.0,-1.941,-0.61
600977,中国电影,14.53,14.53,14.54,14.55,14.57,14.88,14.38,36494928.0,532137017.0,-0.137,-0.02
600979,广安爱众,4.73,4.72,4.73,4.72,4.67,4.81,4.63,50841830.0,240865477.0,0.212,0.01
600980,北矿科技,21.69,21.69,21.74,22.66,22.66,22.75,21.48,3500360.0,76567377.0,-4.281,-0.97
600981,苏豪汇鸿,2.47,2.47,2.48,2.5,2.49,2.53,2.44,24596400.0,60809495.0,-1.2,-0.03
600982,宁波能源,6.0,5.99,6.0,5.93,5.86,6.09,5.76,45996850.0,273792559.0,1.18,0.07
600983,惠而浦,8.7,8.7,8.71,8.88,8.88,8.92,8.7,2953500.0,25894986.0,-2.027,-0.18
600984,建设机械,4.79,4.78,4.79,4.99,5.02,5.02,4.71,43788300.0,211100892.0,-4.008,-0.2
600985,淮北矿业,14.48,14.47,14.48,13.61,13.67,14.6,13.43,46680451.0,659537155.0,6.392,0.87
600986,浙文互联,8.7,8.7,8.71,9.02,9.09,9.15,8.68,67305723.0,596330665.0,-3.548,-0.32
600987,航民股份,6.58,6.58,6.59,6.69,6.65,6.68,6.56,4316434.0,28448852.0,-1.644,-0.11
600988,XD赤峰黄,35.74,35.74,35.75,37.85,37.25,38.0,35.61,45452852.0,1646451297.0,-5.575,-2.11
600989,宝丰能源,24.97,24.97,24.98,25.15,25.0,25.27,24.65,56586860.0,1409670551.0,-0.716,-0.18
600990,四创电子,19.67,19.66,19.67,20.17,20.12,20.22,19.53,3014876.0,59715626.0,-2.479,-0.5
600992,贵绳股份,12.57,12.57,12.58,12.77,12.56,12.8,12.38,12644120.0,158634730.0,-1.566,-0.2
600993,马应龙,23.82,23.82,23.83,23.84,23.8,24.0,23.42,4481899.0,106015226.0,-0.084,-0.02
600995,南网储能,14.29,14.29,14.3,14.19,14.19,14.48,14.04,21417219.0,306089564.0,0.705,0.1
600996,贵广网络,9.41,9.4,9.41,9.51,9.52,9.69,9.37,53926196.0,513544309.0,-1.052,-0.1
600997,开滦股份,5.28,5.28,5.29,5.32,5.31,5.38,5.21,8882832.0,46927703.0,-0.752,-0.04
600998,九州通,4.74,4.73,4.74,4.82,4.81,4.83,4.71,22350546.0,106203018.0,-1.66,-0.08
600999,招商证券,17.79,17.78,17.79,17.87,17.8,18.35,17.7,90272135.0,1620590445.0,-0.448,-0.08
601000,XD唐山港,4.38,4.38,4.39,4.53,4.53,4.55,4.35,40444718.0,178898574.0,-3.311,-0.15
601001,晋控煤业,17.29,17.29,17.3,16.91,16.88,17.68,16.64,22539553.0,387702611.0,2.247,0.38
601002,晋亿实业,5.02,5.02,5.03,5.18,5.16,5.17,5.0,19628894.0,99425259.0,-3.089,-0.16
601003,柳钢股份,3.88,3.88,3.89,3.86,3.87,3.9,3.76,17765618.0,68302698.0,0.518,0.02
601005,重庆钢铁,1.29,1.29,1.3,1.32,1.32,1.33,1.28,88670091.0,115591363.0,-2.273,-0.03
601006,大秦铁路,5.17,5.17,5.18,5.26,5.23,5.27,5.12,153177221.0,792911761.0,-1.711,-0.09
601007,金陵饭店,6.86,6.85,6.86,6.92,6.88,6.94,6.77,6402400.0,43783536.0,-0.867,-0.06
601008,连云港,4.41,4.41,4.42,4.55,4.55,4.56,4.4,11172403.0,49569612.0,-3.077,-0.14
601009,南京银行,10.7,10.69,10.7,10.76,10.76,10.77,10.63,39917272.0,426443418.0,-0.558,-0.06
601010,ST文峰,1.57,1.56,1.57,1.57,1.58,1.58,1.52,40216408.0,62259975.0,0.0,0.0
601011,宝泰隆,2.75,2.75,2.76,2.81,2.81,2.82,2.73,27825103.0,76788959.0,-2.135,-0.06
601012,隆基绿能,14.36,14.36,14.37,14.6,14.61,15.12,14.31,183559366.0,2691220296.0,-1.644,-0.24
601015,陕西黑猫,3.48,3.48,3.49,3.54,3.52,3.57,3.41,45816696.0,159524489.0,-1.695,-0.06
601016,节能风电,4.92,4.92,4.93,4.63,4.58,5.05,4.55,610701494.0,2966839388.0,6.263,0.29
601018,宁波港,3.44,3.44,3.45,3.5,3.5,3.51,3.42,53723373.0,185369498.0,-1.714,-0.06
601019,山东出版,7.13,7.12,7.13,7.25,7.25,7.27,7.05,6808000.0,48604483.0,-1.655,-0.12
601020,华钰矿业,25.69,25.68,25.69,27.09,26.95,26.99,25.55,26477502.0,688805518.0,-5.168,-1.4
601021,春秋航空,48.26,48.25,48.26,48.14,47.99,48.62,47.28,8300277.0,399154111.0,0.249,0.12
601022,宁波远洋,8.18,8.18,8.19,8.53,8.43,8.51,8.13,11142026.0,91872320.0,-4.103,-0.35
601026,道生天合,18.34,18.33,18.34,18.53,18.4,18.6,17.99,5185498.0,94690596.0,-1.025,-0.19
601033,永兴股份,14.34,14.34,14.36,14.56,14.56,14.67,14.27,3775200.0,54377131.0,-1.511,-0.22
601038,一拖股份,13.03,13.02,13.03,13.17,13.24,13.28,12.75,6656398.0,86407998.0,-1.063,-0.14
601058,赛轮轮胎,13.01,13.0,13.01,13.3,13.2,13.21,12.82,32458495.0,421969020.0,-2.18,-0.29
601059,信达证券,17.27,17.26,17.27,17.35,17.29,17.39,17.17,11284186.0,194822804.0,-0.461,-0.08
601061,中信金属,13.75,13.74,13.75,14.16,14.08,14.17,13.53,16607723.0,229063213.0,-2.895,-0.41
601065,江盐集团,7.7,7.69,7.7,7.84,7.8,7.85,7.68,3548800.0,27474177.0,-1.786,-0.14
601066,中信建投,23.73,23.72,23.73,23.72,23.31,23.91,23.14,34419316.0,809593165.0,0.042,0.01
601068,中铝国际,5.54,5.54,5.55,5.8,5.74,5.74,5.48,28946400.0,160652331.0,-4.483,-0.26
601069,西部黄金,28.6,28.6,28.61,30.6,29.69,29.98,28.36,23523847.0,681024761.0,-6.536,-2.0
601077,渝农商行,6.63,6.63,6.64,6.8,6.77,6.82,6.6,45644060.0,304249787.0,-2.5,-0.17
601083,锦江航运,11.49,11.49,11.51,11.77,11.69,11.76,11.46,6780200.0,78332327.0,-2.379,-0.28
601086,国芳集团,8.26,8.26,8.27,8.09,8.05,8.43,7.71,22204280.0,178415617.0,2.101,0.17
601088,中国神华,46.1,46.09,46.1,44.8,44.85,46.23,44.24,39744558.0,1793789067.0,2.902,1.3
601089,福元医药,18.67,18.67,18.68,18.79,18.8,19.02,18.46,2299400.0,42935201.0,-0.639,-0.12
601096,宏盛华源,5.11,5.11,5.12,5.16,5.1,5.24,5.08,20404690.0,104854434.0,-0.969,-0.05
601098,中南传媒,10.98,10.96,10.98,11.13,11.11,11.15,10.87,5511283.0,60487137.0,-1.348,-0.15
601099,太平洋,3.42,3.42,3.43,3.49,3.47,3.53,3.41,110204078.0,381368570.0,-2.006,-0.07
601100,恒立液压,110.52,110.51,110.52,112.23,111.07,112.8,109.49,8431571.0,933385315.0,-1.524,-1.71
601101,昊华能源,10.72,10.72,10.73,10.49,10.39,11.25,10.27,36129311.0,388906779.0,2.193,0.23
601106,中国一重,3.77,3.76,3.77,3.9,3.88,3.92,3.74,65321201.0,248493657.0,-3.333,-0.13
601107,四川成渝,6.29,6.29,6.3,6.29,6.28,6.34,6.22,8177202.0,51323442.0,0.0,0.0
601108,财通证券,7.94,7.93,7.94,8.05,8.02,8.18,7.91,42283243.0,338782345.0,-1.366,-0.11
601111,中国国航,6.86,6.85,6.86,6.96,6.9,6.95,6.83,86476190.0,594898934.0,-1.437,-0.1
601112,振石股份,18.92,18.91,18.92,19.3,19.3,19.37,18.8,10416653.0,197490209.0,-1.969,-0.38
601113,华鼎股份,4.11,4.11,4.12,4.19,4.18,4.21,4.09,11011600.0,45381389.0,-1.909,-0.08
601116,三江购物,12.15,12.15,12.16,12.01,11.96,12.45,11.72,21846072.0,263520757.0,1.166,0.14
601117,中国化学,7.81,7.81,7.82,7.97,7.93,7.93,7.77,88783149.0,696650002.0,-2.008,-0.16
601118,海南橡胶,6.24,6.24,6.25,6.22,6.28,6.58,6.2,85005266.0,541798103.0,0.322,0.02
601121,宝地矿业,6.54,6.54,6.56,6.78,6.76,6.79,6.51,10216032.0,67425051.0,-3.54,-0.24
601126,XD四方股,82.81,82.81,0.0,75.28,76.0,82.81,75.5,43661628.0,3556085046.0,10.003,7.53
601127,赛力斯,84.62,84.62,84.63,86.41,85.99,88.72,84.37,41670478.0,3605945150.0,-2.072,-1.79
601128,常熟银行,7.03,7.03,7.04,7.11,7.12,7.14,7.01,40491601.0,285745673.0,-1.125,-0.08
601133,柏诚股份,29.22,29.2,29.22,31.03,30.96,31.02,28.91,27064615.0,801552838.0,-5.833,-1.81
601136,首创证券,14.98,14.98,14.99,15.23,15.19,15.35,14.96,8972479.0,135436603.0,-1.641,-0.25
601137,博威合金,21.3,21.29,21.3,21.87,21.72,22.25,21.01,23986489.0,519246127.0,-2.606,-0.57
601138,工业富联,70.08,70.07,70.08,69.98,69.9,73.74,69.69,289236594.0,20706825172.0,0.143,0.1
601139,深圳燃气,6.44,6.44,6.45,6.49,6.45,6.53,6.4,18164025.0,117048168.0,-0.77,-0.05
601155,新城控股,12.74,12.73,12.74,13.12,13.07,13.09,12.36,20397198.0,257738413.0,-2.896,-0.38
601156,东航物流,16.26,16.24,16.26,16.41,16.37,16.41,16.08,6797300.0,110137966.0,-0.914,-0.15
601158,重庆水务,4.27,4.27,4.28,4.28,4.29,4.3,4.23,6464686.0,27561711.0,-0.234,-0.01
601162,天风证券,3.4,3.4,3.41,3.47,3.46,3.51,3.4,92401005.0,318005712.0,-2.017,-0.07
601163,三角轮胎,14.51,14.5,14.51,14.87,14.8,14.84,14.33,4945000.0,71903021.0,-2.421,-0.36
601166,兴业银行,18.0,18.0,18.01,17.83,17.84,18.15,17.83,130756658.0,2357501885.0,0.953,0.17
601168,西部矿业,32.19,32.19,32.2,33.39,33.25,33.48,32.01,42323782.0,1378131991.0,-3.594,-1.2
601169,北京银行,5.06,5.06,5.07,5.09,5.09,5.1,5.05,100383231.0,509468502.0,-0.589,-0.03
601177,杭齿前进,17.6,17.6,17.61,17.3,17.09,17.6,16.8,23370697.0,401833571.0,1.734,0.3
601179,中国西电,16.58,16.57,16.58,16.18,16.17,16.87,16.03,183527845.0,3041398242.0,2.472,0.4
601186,中国铁建,6.26,6.25,6.26,6.34,6.32,6.34,6.22,63881701.0,400236181.0,-1.262,-0.08
601187,厦门银行,7.16,7.16,7.17,7.09,7.08,7.19,7.07,10586000.0,75507653.0,0.987,0.07
601188,龙江交通,3.09,3.08,3.09,3.19,3.18,3.19,3.07,16915330.0,52616452.0,-3.135,-0.1
601198,东兴证券,13.44,13.44,13.46,13.57,13.5,13.62,13.3,19581078.0,263106657.0,-0.958,-0.13
601199,江南水务,6.02,6.01,6.02,6.07,6.08,6.42,5.97,25331446.0,155579581.0,-0.824,-0.05
601200,上海环境,7.58,7.57,7.58,7.68,7.66,7.74,7.51,8470014.0,64290159.0,-1.302,-0.1
601208,东材科技,52.25,52.25,52.26,53.3,53.5,55.75,51.76,80920732.0,4343947593.0,-1.97,-1.05
601211,国泰海通,15.22,15.21,15.22,15.3,15.28,15.48,15.07,108122624.0,1648607191.0,-0.523,-0.08
601212,白银有色,6.36,6.36,6.37,6.74,6.66,6.72,6.31,110022555.0,710059768.0,-5.638,-0.38
601216,君正集团,5.2,5.2,5.21,5.37,5.35,5.39,5.16,70684057.0,370001733.0,-3.166,-0.17
601218,吉鑫科技,5.36,5.35,5.36,5.45,5.45,5.53,5.3,27443451.0,147732716.0,-1.651,-0.09
601222,林洋能源,6.45,6.44,6.45,6.32,6.3,6.49,6.29,53231527.0,341689246.0,2.057,0.13
601225,陕西煤业,24.66,24.66,24.67,23.95,24.1,24.69,23.79,50165223.0,1214207382.0,2.965,0.71
601226,华电科工,8.03,8.02,8.03,8.12,8.1,8.19,7.98,11257643.0,90932286.0,-1.108,-0.09
601228,广州港,3.07,3.06,3.07,3.1,3.09,3.12,3.06,20734700.0,63913981.0,-0.968,-0.03
601229,上海银行,8.99,8.99,9.0,9.06,9.06,9.07,8.91,47853417.0,429494412.0,-0.773,-0.07
601231,环旭电子,43.43,43.43,43.44,41.43,42.5,45.0,41.84,82097735.0,3552417476.0,4.827,2.0
601233,桐昆股份,20.16,20.16,20.17,20.29,19.99,20.42,19.6,38852501.0,775956551.0,-0.641,-0.13
601236,红塔证券,7.05,7.04,7.05,7.01,6.99,7.09,6.96,12481460.0,87467871.0,0.571,0.04
601238,广汽集团,6.19,6.18,6.19,6.21,6.2,6.25,6.16,19834666.0,123181243.0,-0.322,-0.02
601279,英利汽车,3.59,3.58,3.59,3.69,3.68,3.69,3.54,10947223.0,39285557.0,-2.71,-0.1
601288,农业银行,6.31,6.3,6.31,6.42,6.41,6.42,6.28,355606040.0,2253012375.0,-1.713,-0.11
601298,青岛港,8.78,8.77,8.78,8.82,8.8,8.82,8.65,11134463.0,97167696.0,-0.454,-0.04
601311,骆驼股份,8.9,8.89,8.9,8.98,8.98,9.06,8.87,14955941.0,134005624.0,-0.891,-0.08
601318,中国平安,53.27,53.27,53.28,54.27,54.28,54.29,53.06,86201148.0,4614798491.0,-1.843,-1.0
601319,中国人保,6.9,6.9,6.91,7.1,7.06,7.1,6.86,64954091.0,450935774.0,-2.817,-0.2
601326,秦港股份,3.28,3.27,3.28,3.36,3.36,3.37,3.26,21834558.0,72079054.0,-2.381,-0.08
601328,交通银行,6.59,6.59,6.6,6.6,6.6,6.64,6.58,153015235.0,1010337272.0,-0.152,-0.01
601330,绿色动力,8.92,8.91,8.92,8.82,8.81,8.96,8.62,24423500.0,215894409.0,1.134,0.1
601333,广深铁路,3.0,3.0,3.01,3.02,3.02,3.05,2.99,60149956.0,181097908.0,-0.662,-0.02
601336,新华保险,58.72,58.71,58.72,60.16,59.58,60.23,58.04,22835508.0,1345118582.0,-2.394,-1.44
601339,百隆东方,7.39,7.39,7.4,7.85,7.78,7.81,7.3,19712634.0,146557551.0,-5.86,-0.46
601360,三六零,10.49,10.49,10.5,10.76,10.74,10.85,10.44,92882353.0,988795409.0,-2.509,-0.27
601366,利群股份,3.79,3.78,3.79,3.79,3.77,3.8,3.68,11620406.0,43493014.0,0.0,0.0
601368,绿城水务,4.59,4.59,4.6,4.69,4.69,4.69,4.55,5732000.0,26349183.0,-2.132,-0.1
601369,陕鼓动力,8.74,8.73,8.74,8.82,8.82,8.88,8.68,7394118.0,64741509.0,-0.907,-0.08
601375,中原证券,3.97,3.96,3.97,3.98,3.96,4.04,3.94,44810396.0,178844053.0,-0.251,-0.01
601377,兴业证券,5.86,5.86,5.87,5.86,5.84,5.96,5.8,88641551.0,520986833.0,0.0,0.0
601388,怡球资源,3.58,3.58,3.59,3.74,3.7,3.7,3.55,66495384.0,239958889.0,-4.278,-0.16
601390,中国中铁,4.73,4.73,4.74,4.8,4.79,4.81,4.71,102746156.0,488067137.0,-1.458,-0.07
601398,工商银行,7.12,7.12,7.13,7.18,7.18,7.23,7.11,273562181.0,1960399077.0,-0.836,-0.06
601399,国机重装,3.85,3.85,3.86,3.9,3.89,3.94,3.84,84888601.0,329052034.0,-1.282,-0.05
601456,国联民生,9.0,9.0,9.01,9.1,9.06,9.2,8.95,28174218.0,254708520.0,-1.099,-0.1
601500,通用股份,4.25,4.25,4.26,4.37,4.35,4.39,4.25,16284864.0,69918790.0,-2.746,-0.12
601512,中新集团,8.65,8.63,8.65,8.77,8.72,8.82,8.57,5235900.0,45381881.0,-1.368,-0.12
601515,衢州东峰,4.12,4.12,4.13,4.24,4.25,4.25,4.09,22292016.0,92425242.0,-2.83,-0.12
601518,吉林高速,2.89,2.89,2.9,3.04,3.04,3.04,2.87,36838820.0,107729306.0,-4.934,-0.15
601519,大智慧,10.44,10.44,10.45,10.82,10.7,10.92,10.39,42320589.0,448528685.0,-3.512,-0.38
601528,瑞丰银行,4.7,4.7,4.71,4.74,4.72,4.76,4.68,9394100.0,44250217.0,-0.844,-0.04
601555,东吴证券,7.92,7.92,7.93,7.99,7.96,8.1,7.87,32449157.0,258257442.0,-0.876,-0.07
601566,九牧王,12.14,12.14,12.15,13.18,13.12,13.14,11.86,34579182.0,434226640.0,-7.891,-1.04
601567,三星电气,16.82,16.82,16.83,17.26,17.27,17.54,16.8,23479965.0,399829946.0,-2.549,-0.44
601568,北元化工,3.72,3.72,3.73,3.78,3.79,3.8,3.69,14689210.0,54769725.0,-1.587,-0.06
601577,长沙银行,9.31,9.31,9.32,9.31,9.28,9.42,9.27,22535206.0,210706603.0,0.0,0.0
601579,会稽山,16.94,16.93,16.94,16.87,16.89,17.25,16.5,8872616.0,149850732.0,0.415,0.07
601588,北辰实业,1.87,1.86,1.87,1.94,1.95,1.95,1.85,53250200.0,100074649.0,-3.608,-0.07
601595,上海电影,21.88,21.88,21.9,22.02,22.13,22.72,21.78,5618400.0,124884776.0,-0.636,-0.14
601598,中国外运,6.07,6.06,6.07,6.39,6.41,6.41,5.98,26047705.0,159267331.0,-5.008,-0.32
601599,浙文影业,3.24,3.23,3.24,3.24,3.24,3.3,3.21,17229400.0,55930283.0,0.0,0.0
601600,中国铝业,11.84,11.84,11.85,12.09,12.14,12.47,11.78,520674763.0,6272014608.0,-2.068,-0.25
601601,中国太保,32.63,32.62,32.63,33.22,33.1,33.26,32.43,41937194.0,1372079871.0,-1.776,-0.59
601606,长城军工,35.11,35.11,35.12,36.39,36.01,36.2,35.1,10508913.0,372048587.0,-3.517,-1.28
601607,上海医药,16.39,16.39,16.4,16.34,16.35,16.42,16.09,11320413.0,183899717.0,0.306,0.05
601608,中信重工,5.83,5.82,5.83,6.09,6.01,6.14,5.78,86556915.0,511253789.0,-4.269,-0.26
601609,金田股份,12.95,12.95,12.96,13.82,13.76,13.8,12.87,89500980.0,1183585135.0,-6.295,-0.87
601611,中国核建,11.98,11.97,11.98,11.92,11.88,12.25,11.83,37264700.0,447667254.0,0.503,0.06
601615,明阳智能,17.73,17.73,17.74,18.7,18.74,19.66,17.55,216584428.0,3992711816.0,-5.187,-0.97
601616,广电电气,4.27,4.26,4.27,4.3,4.28,4.34,4.24,19375300.0,83012704.0,-0.698,-0.03
601618,中国中冶,2.81,2.81,2.82,2.83,2.82,2.84,2.78,98954862.0,277721255.0,-0.707,-0.02
601619,嘉泽新能,5.33,5.33,5.34,5.41,5.37,5.43,5.28,35007753.0,187678574.0,-1.479,-0.08
601628,中国人寿,33.46,33.46,33.47,33.8,33.6,33.99,33.17,34424508.0,1154193332.0,-1.006,-0.34
601633,长城汽车,17.25,17.24,17.25,17.45,17.45,17.54,17.09,21337832.0,367868400.0,-1.146,-0.2
601636,旗滨集团,6.99,6.99,7.0,7.1,7.02,7.34,6.95,145656393.0,1037160714.0,-1.549,-0.11
601658,邮储银行,4.99,4.98,4.99,4.99,4.99,5.01,4.96,106180756.0,529316729.0,0.0,0.0
601665,齐鲁银行,6.04,6.04,6.05,6.15,6.14,6.19,5.98,49413427.0,299338068.0,-1.789,-0.11
601666,平煤股份,7.75,7.74,7.75,7.77,7.77,7.96,7.51,50278801.0,388856311.0,-0.257,-0.02
601668,中国建筑,4.73,4.73,4.74,4.76,4.76,4.78,4.72,157795185.0,748089743.0,-0.63,-0.03
601669,中国电建,5.28,5.27,5.28,5.43,5.4,5.42,5.25,245340693.0,1300987255.0,-2.762,-0.15
601677,明泰铝业,19.5,19.5,19.51,19.62,19.62,19.88,19.22,59937357.0,1170405833.0,-0.612,-0.12
601678,滨化股份,5.6,5.6,5.61,5.65,5.56,5.75,5.52,125556183.0,706911961.0,-0.885,-0.05
601686,友发集团,5.18,5.18,5.19,5.27,5.25,5.28,5.16,3918851.0,20391631.0,-1.708,-0.09
601688,华泰证券,18.49,18.48,18.49,18.69,18.6,18.92,18.43,84579894.0,1572630014.0,-1.07,-0.2
601689,拓普集团,67.45,67.45,67.47,71.09,69.3,69.88,67.09,60949544.0,4168592004.0,-5.12,-3.64
601696,中银证券,11.63,11.63,11.64,11.87,11.8,11.99,11.61,31370000.0,368037953.0,-2.022,-0.24
601698,中国卫通,31.47,31.46,31.47,32.16,32.46,32.56,31.09,37468466.0,1186269271.0,-2.146,-0.69
601699,潞安环能,15.2,15.2,15.21,14.68,14.59,15.59,14.55,39475737.0,599061396.0,3.542,0.52
601700,风范股份,5.34,5.34,5.35,5.3,5.3,5.49,5.29,19324700.0,104189606.0,0.755,0.04
601702,华峰铝业,18.48,18.48,18.49,19.65,19.46,19.58,18.42,17384298.0,327681119.0,-5.954,-1.17
601717,中创智领,18.77,18.77,18.78,19.58,19.5,19.51,18.39,31146643.0,586413645.0,-4.137,-0.81
601718,ST际华,2.04,2.03,2.04,2.13,2.12,2.12,2.02,60255609.0,123285461.0,-4.225,-0.09
601727,上海电气,8.41,8.41,8.42,8.68,8.61,8.79,8.38,188193862.0,1606485771.0,-3.111,-0.27
601728,中国电信,5.96,5.95,5.96,6.08,6.06,6.07,5.91,197995215.0,1182479006.0,-1.974,-0.12
601766,中国中车,5.77,5.77,5.78,5.8,5.79,5.82,5.71,186897179.0,1076794361.0,-0.517,-0.03
601777,千里科技,11.43,11.43,11.45,11.81,11.8,11.85,11.38,63226715.0,729446678.0,-3.218,-0.38
601778,晶科科技,6.25,6.25,6.26,6.33,6.26,6.39,6.17,205908212.0,1293351552.0,-1.264,-0.08
601788,光大证券,14.49,14.49,14.5,14.67,14.6,14.83,14.36,36888611.0,536649977.0,-1.227,-0.18
601789,宁波建工,5.0,4.99,5.0,5.21,5.23,5.24,4.96,64719000.0,326240059.0,-4.031,-0.21
601798,蓝科高新,7.92,7.92,7.93,8.04,8.06,8.13,7.82,6882973.0,54423783.0,-1.493,-0.12
601799,星宇股份,139.76,139.7,139.76,144.82,143.38,145.1,138.5,4302712.0,606391889.0,-3.494,-5.06
601800,中国交建,6.28,6.27,6.28,6.3,6.26,6.29,6.17,50229856.0,312608085.0,-0.317,-0.02
601801,皖新传媒,5.55,5.54,5.55,5.61,5.58,5.64,5.49,7467400.0,41443527.0,-1.07,-0.06
601808,中海油服,13.17,13.17,13.18,13.42,13.38,13.41,13.09,15749529.0,207947427.0,-1.863,-0.25
601811,新华文轩,12.88,12.88,12.89,13.01,13.01,13.07,12.82,1543500.0,19919695.0,-0.999,-0.13
601816,京沪高铁,4.88,4.87,4.88,4.86,4.85,4.9,4.84,137268751.0,668875760.0,0.412,0.02
601818,光大银行,3.09,3.09,3.1,3.09,3.09,3.11,3.09,115766586.0,358507872.0,0.0,0.0
601825,沪农商行,8.37,8.36,8.37,8.5,8.51,8.54,8.32,18624800.0,156589990.0,-1.529,-0.13
601827,三峰环境,8.1,8.1,8.11,8.03,8.03,8.18,8.0,9420990.0,76269395.0,0.872,0.07
601828,美凯龙,2.4,2.4,2.41,2.49,2.49,2.49,2.37,32810561.0,78965402.0,-3.614,-0.09
601838,成都银行,18.38,18.38,18.39,18.46,18.4,18.55,18.23,18969524.0,348661029.0,-0.433,-0.08
601857,中国石油,10.8,10.79,10.8,10.96,10.9,10.93,10.61,180821076.0,1941637758.0,-1.46,-0.16
601858,中国科传,25.5,25.49,25.5,25.7,25.72,25.99,25.21,9131600.0,234070442.0,-0.778,-0.2
601860,紫金银行,2.54,2.54,2.55,2.55,2.55,2.57,2.53,27074900.0,68945769.0,-0.392,-0.01
601865,福莱特,11.99,11.99,12.0,12.14,12.14,12.58,11.91,19376485.0,235625738.0,-1.236,-0.15
601866,中远海发,2.52,2.51,2.52,2.6,2.59,2.6,2.51,97836804.0,248523494.0,-3.077,-0.08
601868,中国能建,2.9,2.9,2.91,2.97,2.95,2.96,2.88,619989172.0,1801812595.0,-2.357,-0.07
601869,长飞光纤,366.1,366.09,366.1,363.93,362.99,375.0,360.07,11470695.0,4209160458.0,0.596,2.17
601872,招商轮船,16.29,16.28,16.29,17.26,17.07,17.38,16.1,152049448.0,2510795768.0,-5.62,-0.97
601877,正泰电器,29.82,29.82,29.83,29.62,29.73,30.41,29.58,32875294.0,986580413.0,0.675,0.2
601878,浙商证券,9.46,9.46,9.47,9.56,9.52,9.67,9.41,32435376.0,308305161.0,-1.046,-0.1
601880,辽港股份,1.6,1.6,1.61,1.61,1.61,1.63,1.59,111053363.0,178154268.0,-0.621,-0.01
601881,中国银河,12.51,12.5,12.51,12.59,12.52,12.75,12.4,48454084.0,607458621.0,-0.635,-0.08
601882,海天精工,22.55,22.55,22.56,23.26,23.58,23.63,22.25,7142221.0,161710761.0,-3.052,-0.71
601886,江河集团,9.23,9.23,9.24,9.46,9.46,9.46,8.82,13704121.0,124242899.0,-2.431,-0.23
601888,中国中免,56.23,56.22,56.23,56.53,56.36,57.4,55.16,48099200.0,2701681825.0,-0.531,-0.3
601890,亚星锚链,9.18,9.17,9.18,9.45,9.44,9.6,9.12,26586974.0,247470308.0,-2.857,-0.27
601898,中煤能源,15.44,15.43,15.44,15.4,15.49,15.6,15.03,52545994.0,804133086.0,0.26,0.04
601899,紫金矿业,31.62,31.62,31.63,32.9,32.58,32.89,31.53,261696590.0,8367170296.0,-3.891,-1.28
601900,南方传媒,11.79,11.79,11.8,11.95,11.93,12.01,11.76,4262100.0,50489766.0,-1.339,-0.16
601901,方正证券,7.0,7.0,7.01,7.09,7.07,7.16,6.95,84261731.0,592849513.0,-1.269,-0.09
601908,京运通,3.64,3.64,3.65,3.72,3.7,3.78,3.63,52294100.0,192964747.0,-2.151,-0.08
601916,浙商银行,2.96,2.96,2.97,2.97,2.98,2.99,2.96,93784493.0,278661347.0,-0.337,-0.01
601918,新集能源,9.04,9.04,9.07,8.95,8.9,9.25,8.82,47169616.0,425974699.0,1.006,0.09
601919,中远海控,14.34,14.33,14.34,14.56,14.55,14.55,14.2,78371456.0,1122743877.0,-1.511,-0.22
601921,浙版传媒,7.2,7.2,7.21,7.32,7.33,7.35,7.16,7659500.0,55402380.0,-1.639,-0.12
601928,凤凰传媒,8.86,8.86,8.87,9.01,8.97,9.05,8.84,6179249.0,55151470.0,-1.665,-0.15
601929,吉视传媒,2.96,2.95,2.96,2.92,2.92,3.03,2.89,178646791.0,526270022.0,1.37,0.04
601933,永辉超市,3.75,3.74,3.75,3.6,3.55,3.85,3.47,362390024.0,1327965996.0,4.167,0.15
601939,建设银行,10.22,10.22,10.23,10.31,10.23,10.45,10.2,137181723.0,1416019640.0,-0.873,-0.09
601949,中国出版,5.13,5.13,5.14,5.15,5.15,5.23,5.07,10863943.0,55825293.0,-0.388,-0.02
601952,苏垦农发,8.74,8.73,8.74,8.64,8.61,8.8,8.52,12775891.0,110592342.0,1.157,0.1
601956,东贝集团,5.3,5.3,5.31,5.47,5.46,5.48,5.28,8271220.0,44076867.0,-3.108,-0.17
601958,金钼股份,24.41,24.41,24.42,23.23,23.89,24.8,23.56,125756876.0,3055102364.0,5.08,1.18
601963,重庆银行,11.35,11.34,11.35,11.49,11.42,11.53,11.28,9588661.0,109288683.0,-1.218,-0.14
601965,中国汽研,15.72,15.71,15.72,16.2,16.16,16.49,15.49,14850144.0,234954024.0,-2.963,-0.48
601966,玲珑轮胎,12.1,12.09,12.1,12.3,12.19,12.26,11.99,9237403.0,111717962.0,-1.626,-0.2
601968,宝钢包装,4.66,4.65,4.66,4.69,4.7,4.7,4.6,9095270.0,42221256.0,-0.64,-0.03
601969,海南矿业,9.88,9.88,9.89,10.18,10.09,10.19,9.76,18595500.0,184567911.0,-2.947,-0.3
601975,XD招商南,5.0,5.0,5.01,5.28,5.2,5.31,4.95,337665906.0,1704912373.0,-5.303,-0.28
601985,中国核电,8.72,8.71,8.72,8.75,8.76,8.82,8.68,106335862.0,928661848.0,-0.343,-0.03
601988,中国银行,5.85,5.84,5.85,5.91,5.9,5.98,5.81,256933566.0,1514655987.0,-1.015,-0.06
601990,南京证券,6.83,6.83,6.84,6.91,6.92,6.98,6.8,19157600.0,131551004.0,-1.158,-0.08
601991,大唐发电,7.71,7.71,7.72,7.16,7.0,7.8,7.0,959791946.0,7166251944.0,7.682,0.55
601992,金隅集团,1.58,1.57,1.58,1.65,1.65,1.65,1.57,116081325.0,184916250.0,-4.242,-0.07
601995,中金公司,34.08,34.07,34.08,34.4,34.25,34.66,33.86,18680382.0,637933217.0,-0.93,-0.32
601996,丰林集团,2.72,2.72,2.73,2.86,2.84,2.87,2.71,35707237.0,98816747.0,-4.895,-0.14
601997,贵阳银行,5.89,5.89,5.9,5.95,5.94,5.98,5.88,36012640.0,212923699.0,-1.008,-0.06
601998,中信银行,7.48,7.47,7.48,7.6,7.58,7.59,7.38,62580288.0,466394767.0,-1.579,-0.12
601999,出版传媒,6.01,6.01,6.03,6.11,6.11,6.14,5.98,5969700.0,35988726.0,-1.637,-0.1
603000,人民网,17.66,17.65,17.66,17.92,17.97,18.2,17.6,16596465.0,296552561.0,-1.451,-0.26
603001,奥康国际,10.56,10.56,10.57,10.79,10.6,10.78,10.17,36078944.0,378417732.0,-2.132,-0.23
603002,宏昌电子,16.56,16.55,16.56,16.98,17.0,17.47,15.94,86439299.0,1438658936.0,-2.473,-0.42
603004,鼎龙科技,20.01,20.01,20.03,20.35,20.46,21.57,19.96,5547920.0,114460656.0,-1.671,-0.34
603005,晶方科技,43.01,43.01,43.02,45.1,43.11,46.54,41.88,158898707.0,7025591710.0,-4.634,-2.09
603006,联明股份,13.03,13.02,13.03,13.3,13.28,13.3,12.64,5252700.0,67950146.0,-2.03,-0.27
603007,顺景科技,6.22,6.22,6.23,6.39,6.44,6.51,6.14,44226727.0,276436420.0,-2.66,-0.17
603008,ST喜临门,8.17,8.17,8.18,8.13,8.15,8.51,8.13,14635950.0,121489616.0,0.492,0.04
603009,北特科技,55.63,55.62,55.63,57.89,57.05,57.78,55.36,12552277.0,705627971.0,-3.904,-2.26
603010,万盛股份,15.43,15.43,15.45,15.92,15.93,16.15,15.38,25143317.0,395918909.0,-3.078,-0.49
603011,合锻智能,20.59,20.59,0.0,18.72,18.79,20.59,18.64,26549237.0,539713610.0,9.989,1.87
603012,创力集团,9.71,9.71,9.72,9.9,9.93,10.04,9.61,22030508.0,214971510.0,-1.919,-0.19
603013,亚普股份,19.54,19.53,19.54,20.19,20.44,20.44,19.45,3258500.0,64384168.0,-3.219,-0.65
603014,威高血净,34.68,34.68,34.69,34.33,34.23,35.43,33.88,1685722.0,58432126.0,1.02,0.35
603015,弘讯科技,11.92,11.92,11.93,12.3,12.25,12.44,11.85,9751771.0,117781383.0,-3.089,-0.38
603016,新宏泰,45.72,45.6,45.72,47.16,46.8,47.71,45.17,2851600.0,131453379.0,-3.053,-1.44
603017,中衡设计,12.42,12.41,12.42,12.85,12.86,12.97,12.17,11398500.0,142358874.0,-3.346,-0.43
603018,华设集团,7.03,7.02,7.03,7.29,7.28,7.28,6.99,9537700.0,67678597.0,-3.567,-0.26
603019,中科曙光,90.99,90.99,91.0,94.33,94.09,95.96,90.29,59121026.0,5494074031.0,-3.541,-3.34
603020,爱普股份,9.95,9.95,9.97,10.47,10.41,10.47,9.9,7927000.0,79933222.0,-4.967,-0.52
603021,*ST华鹏,7.28,7.28,0.0,6.93,6.98,7.28,6.9,8059880.0,57748800.0,5.051,0.35
603022,新通联,10.34,10.34,10.35,10.57,10.46,10.59,10.05,5158300.0,52840529.0,-2.176,-0.23
603023,威帝股份,4.68,4.67,4.68,4.72,4.7,4.81,4.57,19435014.0,90718926.0,-0.847,-0.04
603025,大豪科技,16.16,16.16,16.17,16.49,16.41,16.58,15.86,15776620.0,255229328.0,-2.001,-0.33
603026,石大胜华,90.91,90.9,90.91,91.79,91.77,94.65,90.0,11519632.0,1062672309.0,-0.959,-0.88
603027,千禾味业,7.62,7.61,7.62,7.72,7.73,7.73,7.45,24330837.0,183897576.0,-1.295,-0.1
603028,赛福天,8.39,8.39,8.4,8.67,8.69,8.76,8.34,6518910.0,55032398.0,-3.23,-0.28
603029,天鹅股份,17.25,17.23,17.25,17.84,17.84,17.9,17.03,2809200.0,48519271.0,-3.307,-0.59
603030,全筑股份,2.57,2.57,2.58,2.66,2.66,2.66,2.55,30232275.0,78105119.0,-3.383,-0.09
603031,安孚科技,52.76,52.76,52.77,53.13,52.54,55.3,50.6,23114161.0,1228257333.0,-0.696,-0.37
603032,德新科技,25.17,25.17,0.0,22.88,24.0,25.17,23.46,29539176.0,728341830.0,10.009,2.29
603033,三维股份,10.52,10.51,10.52,10.78,10.7,10.94,10.25,9520290.0,99851947.0,-2.412,-0.26
603035,常熟汽饰,12.18,12.17,12.18,12.46,12.45,12.47,12.15,4522952.0,55440836.0,-2.247,-0.28
603036,XD如通股,13.54,13.51,13.54,13.91,13.95,14.02,13.31,5291500.0,71902979.0,-2.66,-0.37
603037,凯众股份,14.11,14.11,14.12,14.29,14.22,14.42,13.86,8396496.0,118384144.0,-1.26,-0.18
603038,华立股份,16.02,16.02,16.05,16.4,15.58,16.59,15.31,8036320.0,128573003.0,-2.317,-0.38
603039,泛微网络,36.69,36.68,36.69,37.26,36.86,37.5,35.76,7090172.0,259841126.0,-1.53,-0.57
603040,新坐标,88.02,88.01,88.02,94.58,93.0,93.55,88.02,5062304.0,456477092.0,-6.936,-6.56
603041,美思德,12.85,12.85,12.89,13.21,13.36,13.36,12.6,3661560.0,47037004.0,-2.725,-0.36
603042,华脉科技,19.17,19.17,19.18,20.05,19.98,20.09,18.9,9257647.0,180083539.0,-4.389,-0.88
603043,广州酒家,14.17,14.17,14.19,14.21,14.19,14.33,14.01,2804320.0,39698445.0,-0.281,-0.04
603045,福达合金,72.3,72.3,72.31,67.7,66.86,72.3,66.23,18003952.0,1268585450.0,6.795,4.6
603048,浙江黎明,20.74,20.71,20.74,21.33,21.33,21.34,20.61,1671600.0,34850865.0,-2.766,-0.59
603049,中策橡胶,47.11,47.11,47.12,48.24,48.3,48.3,47.0,1959725.0,92900066.0,-2.342,-1.13
603050,科林电气,22.63,22.61,22.63,23.39,23.0,23.78,22.5,8370662.0,193579902.0,-3.249,-0.76
603051,鹿山新材,23.47,23.47,23.49,23.89,24.0,24.5,23.31,6027479.0,143724404.0,-1.758,-0.42
603052,可川科技,91.88,91.86,91.88,97.75,94.2,95.3,90.2,7262291.0,674088422.0,-6.005,-5.87
603053,成都燃气,9.33,9.33,9.36,9.45,9.45,9.45,9.26,2963200.0,27624300.0,-1.27,-0.12
603055,台华新材,8.65,8.64,8.65,8.54,8.5,8.83,8.27,10433604.0,89217076.0,1.288,0.11
603057,紫燕食品,26.6,26.58,26.67,26.66,26.45,26.87,25.69,3187701.0,83603536.0,-0.225,-0.06
603058,永吉股份,10.14,10.13,10.14,10.33,10.21,10.37,10.0,6965241.0,70742863.0,-1.839,-0.19
603059,倍加洁,28.15,28.14,28.15,28.51,28.67,28.67,27.65,1152725.0,32365125.0,-1.263,-0.36
603060,国检集团,6.25,6.25,6.26,6.59,6.57,6.65,6.21,15436108.0,97791843.0,-5.159,-0.34
603061,金海通,295.0,295.0,295.03,308.69,311.59,316.97,291.01,3810090.0,1156307802.0,-4.435,-13.69
603062,麦加芯彩,45.8,45.8,45.86,47.15,47.21,47.26,45.5,827398.0,38121888.0,-2.863,-1.35
603063,禾望电气,62.85,62.84,62.85,60.91,62.0,67.0,61.0,44390929.0,2840295860.0,3.185,1.94
603065,宿迁联盛,7.74,7.73,7.74,7.9,7.85,7.93,7.66,3709400.0,28719801.0,-2.025,-0.16
603066,音飞储存,11.13,11.13,11.15,11.39,11.36,11.49,11.05,5568400.0,62287879.0,-2.283,-0.26
603067,振华股份,37.52,37.51,37.52,41.4,41.32,42.36,37.26,54207193.0,2106046109.0,-9.372,-3.88
603068,博通集成,37.26,37.25,37.26,37.54,37.54,38.58,37.06,6237500.0,235930374.0,-0.746,-0.28
603069,海汽集团,17.83,17.83,17.84,18.39,18.2,18.22,17.6,8139701.0,144525784.0,-3.045,-0.56
603070,万控智造,16.55,16.54,16.55,16.91,16.78,17.13,16.19,9139107.0,150807763.0,-2.129,-0.36
603071,物产环能,13.3,13.29,13.3,13.35,13.29,13.34,13.13,2218640.0,29353745.0,-0.375,-0.05
603072,天和磁材,36.84,36.81,36.84,38.05,38.08,38.26,36.5,3820500.0,141839003.0,-3.18,-1.21
603073,彩蝶实业,18.41,18.41,18.44,18.89,18.98,18.98,18.01,2218681.0,40678039.0,-2.541,-0.48
603075,热威股份,26.52,26.52,26.53,25.71,25.64,26.91,25.04,7932318.0,205120569.0,3.151,0.81
603076,乐惠国际,24.95,24.92,24.95,25.66,25.76,25.76,24.45,4284148.0,106514703.0,-2.767,-0.71
603077,和邦生物,2.51,2.51,2.52,2.62,2.62,2.64,2.5,160881133.0,409331204.0,-4.198,-0.11
603078,江化微,32.16,32.15,32.16,33.14,33.11,33.8,31.9,30262395.0,992664480.0,-2.957,-0.98
603079,圣达生物,14.1,14.1,14.11,14.39,14.31,14.37,13.96,2506628.0,35363542.0,-2.015,-0.29
603080,新疆火炬,24.25,24.24,24.25,23.6,23.37,24.65,23.3,8229872.0,198514906.0,2.754,0.65
603081,大丰实业,10.55,10.55,10.56,10.89,10.88,10.88,10.5,3237200.0,34451281.0,-3.122,-0.34
603082,北自科技,37.99,37.99,38.0,41.98,39.9,40.67,37.78,11135675.0,432756590.0,-9.505,-3.99
603083,剑桥科技,188.5,188.5,188.53,204.94,203.6,206.6,185.0,35539763.0,6902172362.0,-8.022,-16.44
603085,天成自控,14.1,14.09,14.1,13.98,13.9,14.18,13.62,9375518.0,130376892.0,0.858,0.12
603086,先达股份,6.24,6.23,6.24,6.47,6.49,6.49,6.19,8194769.0,51355842.0,-3.555,-0.23
603087,甘李药业,53.18,53.17,53.18,53.64,53.88,53.9,52.0,6093981.0,323078619.0,-0.858,-0.46
603088,宁波精达,10.85,10.84,10.85,11.5,11.5,11.5,10.76,19340719.0,212847172.0,-5.652,-0.65
603089,正裕工业,10.86,10.86,10.89,11.15,11.13,11.16,10.82,3542143.0,38819918.0,-2.601,-0.29
603090,宏盛股份,66.34,66.34,66.35,69.27,68.55,68.55,64.7,5290300.0,350669945.0,-4.23,-2.93
603091,众鑫股份,74.86,74.85,74.86,76.37,75.09,76.58,74.2,469226.0,35146007.0,-1.977,-1.51
603092,德力佳,68.69,68.68,68.69,70.0,69.98,70.94,68.2,1597743.0,110711788.0,-1.871,-1.31
603093,南华期货,21.04,21.04,21.05,22.25,22.03,22.03,20.88,14707100.0,313173494.0,-5.438,-1.21
603095,越剑智能,19.9,19.9,19.91,20.74,20.95,20.95,19.85,5651088.0,113885203.0,-4.05,-0.84
603096,新经典,16.43,16.43,16.49,16.93,16.94,17.08,16.38,2148700.0,35627644.0,-2.953,-0.5
603097,江苏华辰,29.33,29.32,29.33,29.83,29.6,30.88,29.2,5018097.0,149926802.0,-1.676,-0.5
603098,森特股份,12.74,12.73,12.74,13.18,13.02,13.6,12.67,11185769.0,146993582.0,-3.338,-0.44
603099,长白山,38.62,38.62,38.63,38.19,37.95,38.99,37.9,8516446.0,328259826.0,1.126,0.43
603100,川仪股份,19.16,19.16,19.17,19.76,19.7,19.9,19.05,5618383.0,108268953.0,-3.036,-0.6
603101,汇嘉时代,7.45,7.44,7.45,7.54,7.44,7.54,7.27,12142185.0,89763762.0,-1.194,-0.09
603102,百合股份,36.99,36.99,37.06,37.75,37.76,37.76,36.43,702800.0,25950271.0,-2.013,-0.76
603103,横店影视,21.89,21.89,21.9,20.91,21.4,22.58,21.35,24110868.0,529160270.0,4.687,0.98
603105,芯能科技,8.94,8.94,8.95,9.13,9.13,9.26,8.89,10355567.0,93477147.0,-2.081,-0.19
603106,恒银科技,7.95,7.95,7.96,8.25,8.27,8.27,7.86,8055372.0,64410215.0,-3.636,-0.3
603107,上海汽配,13.6,13.59,13.6,14.04,14.0,14.01,13.53,4293130.0,58781710.0,-3.134,-0.44
603108,润达医疗,13.14,13.14,13.15,13.66,13.47,13.63,12.91,26032190.0,343981400.0,-3.807,-0.52
603109,神驰机电,19.37,19.36,19.37,20.3,20.2,20.37,19.3,2766740.0,54377199.0,-4.581,-0.93
603110,东方材料,21.28,21.27,21.28,22.56,22.43,23.3,21.1,13531000.0,293005722.0,-5.674,-1.28
603111,康尼机电,6.27,6.26,6.27,6.39,6.37,6.4,6.23,5894800.0,37036139.0,-1.878,-0.12
603112,华翔股份,21.74,21.72,21.74,22.41,22.12,22.45,21.6,10821200.0,237367904.0,-2.99,-0.67
603113,金能科技,5.13,5.13,5.14,5.32,5.26,5.29,5.11,8474756.0,43891257.0,-3.571,-0.19
603115,海星股份,113.08,113.08,0.0,102.8,102.94,113.08,102.94,13081199.0,1452307210.0,10.0,10.28
603116,红蜻蜓,7.36,7.35,7.36,7.73,7.74,7.75,7.25,19514400.0,145006436.0,-4.787,-0.37
603117,万林物流,4.85,4.84,4.85,4.84,4.84,4.94,4.77,8126200.0,39279022.0,0.207,0.01
603118,共进股份,12.9,12.89,12.9,13.41,13.3,13.38,12.8,42967141.0,561476404.0,-3.803,-0.51
603119,浙江荣泰,73.98,0.0,73.98,82.2,80.3,80.3,73.98,31063805.0,2370070946.0,-10.0,-8.22
603120,肯特催化,51.24,51.24,51.54,52.3,52.0,55.0,50.83,3158665.0,165066350.0,-2.027,-1.06
603121,华培动力,17.04,17.04,17.05,17.77,18.05,18.05,16.65,8878603.0,152506399.0,-4.108,-0.73
603122,合富中国,12.62,12.62,12.63,13.01,13.0,13.0,12.52,11294300.0,143114696.0,-2.998,-0.39
603123,翠微股份,10.3,10.3,10.31,10.75,10.65,10.75,10.26,17541961.0,182550000.0,-4.186,-0.45
603124,江南新材,136.01,136.01,136.02,137.91,139.15,142.8,134.68,2853980.0,395136374.0,-1.378,-1.9
603125,常青科技,25.16,25.15,25.16,25.84,25.67,26.6,24.84,7691529.0,195083372.0,-2.632,-0.68
603126,中材节能,7.82,7.82,7.83,7.86,7.8,7.96,7.72,12657100.0,99239924.0,-0.509,-0.04
603127,昭衍新药,36.84,36.84,36.85,37.48,36.99,37.24,34.4,42531735.0,1533629424.0,-1.708,-0.64
603128,华贸物流,5.32,5.31,5.32,5.39,5.37,5.39,5.28,9353531.0,49772883.0,-1.299,-0.07
603129,春风动力,238.49,238.35,238.49,246.35,246.0,247.1,237.51,1605883.0,387124605.0,-3.191,-7.86
603130,云中马,45.55,45.5,45.55,45.85,46.19,46.96,45.1,1872000.0,85977111.0,-0.654,-0.3
603131,上海沪工,19.73,19.73,19.74,20.34,20.3,20.47,19.62,9274300.0,185186380.0,-2.999,-0.61
603132,金徽股份,17.17,17.16,17.17,17.63,17.65,17.76,16.97,5494200.0,94402392.0,-2.609,-0.46
603135,中重科技,10.55,10.55,10.56,10.95,10.96,10.96,10.48,5053880.0,53797302.0,-3.653,-0.4
603136,天目湖,9.57,9.57,9.59,9.67,9.68,9.68,9.45,2844105.0,27202496.0,-1.034,-0.1
603137,恒尚节能,12.99,12.98,12.99,13.31,13.29,13.33,12.81,1960142.0,25450618.0,-2.404,-0.32
603138,海量数据,16.13,16.12,16.13,16.79,16.6,16.82,16.02,7720746.0,126193001.0,-3.931,-0.66
603139,康惠股份,37.49,37.49,37.5,37.19,37.0,37.74,36.1,3985000.0,147202671.0,0.807,0.3
603150,万朗磁塑,71.24,71.23,71.24,71.45,70.75,72.2,69.36,2007913.0,142130921.0,-0.294,-0.21
603151,邦基科技,13.76,13.75,13.76,13.95,13.93,14.03,13.56,2339800.0,32073246.0,-1.362,-0.19
603153,上海建科,14.29,14.29,14.3,14.67,14.67,14.72,14.22,2044400.0,29320168.0,-2.59,-0.38
603155,新亚强,18.89,18.89,18.9,19.57,19.55,19.76,18.8,7836242.0,149774364.0,-3.475,-0.68
603156,养元饮品,43.97,43.97,43.98,44.14,44.6,46.41,43.58,13604613.0,611748221.0,-0.385,-0.17
603158,腾龙股份,15.25,15.25,15.26,15.7,15.7,15.81,15.14,30269700.0,466470385.0,-2.866,-0.45
603159,上海亚虹,26.7,26.7,26.71,27.28,27.06,27.6,26.47,3270900.0,87995779.0,-2.126,-0.58
603160,汇顶科技,66.5,66.5,66.51,66.6,66.22,69.29,66.22,9840769.0,664449176.0,-0.15,-0.1
603161,科华控股,13.16,13.16,13.18,13.55,13.53,13.6,13.05,3600730.0,47549090.0,-2.878,-0.39
603162,海通发展,11.88,11.83,11.88,11.9,11.8,12.17,11.64,12583643.0,148777392.0,-0.168,-0.02
603163,圣晖集成,112.38,112.38,112.39,104.2,104.21,114.49,104.03,4621149.0,509741534.0,7.85,8.18
603165,荣晟环保,16.84,16.83,16.84,17.46,17.3,17.3,16.75,7805700.0,132032835.0,-3.551,-0.62
603166,福达股份,13.28,13.27,13.28,13.87,13.75,13.86,13.22,8413002.0,113150822.0,-4.254,-0.59
603167,渤海轮渡,9.06,9.05,9.06,9.12,9.1,9.13,9.01,4424400.0,40086810.0,-0.658,-0.06
603168,莎普爱思,5.85,5.84,5.85,5.92,5.9,5.96,5.76,6462180.0,37717314.0,-1.182,-0.07
603169,兰石重装,8.05,8.04,8.05,8.11,8.1,8.22,7.98,15564700.0,125787887.0,-0.74,-0.06
603170,宝立食品,12.41,12.41,12.42,12.39,12.39,12.48,12.2,2598500.0,32050340.0,0.161,0.02
603171,税友股份,49.05,49.04,49.05,50.47,50.31,50.7,48.86,5187963.0,256984082.0,-2.814,-1.42
603172,万丰股份,20.08,20.08,20.13,20.89,20.91,20.95,19.91,2570064.0,52002424.0,-3.877,-0.81
603173,福斯达,35.0,35.0,35.01,36.38,36.38,36.38,34.9,1663700.0,58822708.0,-3.793,-1.38
603175,超颖电子,91.24,91.22,91.24,94.23,95.0,96.66,90.0,4136821.0,384493290.0,-3.173,-2.99
603176,汇通集团,5.23,5.22,5.23,5.32,5.33,5.36,5.1,4767900.0,24720504.0,-1.692,-0.09
603177,德创环保,10.51,10.51,10.52,10.75,10.6,10.81,10.36,3888100.0,40967742.0,-2.233,-0.24
603178,圣龙股份,18.25,18.25,18.26,18.72,18.6,18.83,18.05,9938499.0,182115403.0,-2.511,-0.47
603179,新泉股份,56.57,56.57,56.58,60.1,59.3,60.3,56.07,42964006.0,2488489693.0,-5.874,-3.53
603180,金牌家居,17.35,17.35,17.36,17.52,17.54,17.55,16.93,977640.0,16820188.0,-0.97,-0.17
603181,皇马科技,14.09,14.09,14.1,14.94,14.91,14.91,14.03,9559769.0,137558191.0,-5.689,-0.85
603182,嘉华股份,13.42,13.42,13.45,13.69,13.68,13.69,13.27,2873600.0,38628928.0,-1.972,-0.27
603183,建研院,4.15,4.15,4.16,4.28,4.3,4.31,4.09,17660592.0,73426956.0,-3.037,-0.13
603185,弘元绿能,19.12,19.12,19.14,19.48,19.47,20.32,18.98,14886999.0,290855936.0,-1.848,-0.36
603186,华正新材,128.55,128.55,128.56,132.6,129.5,138.99,126.13,16535663.0,2202304915.0,-3.054,-4.05
603187,海容冷链,12.99,12.99,13.02,13.08,13.08,13.31,12.78,7252980.0,94805860.0,-0.688,-0.09
603188,亚邦股份,4.59,4.58,4.59,4.7,4.67,4.73,4.55,10616300.0,48905837.0,-2.34,-0.11
603189,*ST网达,12.36,12.35,12.36,11.93,11.85,12.47,11.85,5809505.0,70897799.0,3.604,0.43
603190,亚通精工,26.39,26.36,26.39,27.46,27.69,27.7,26.26,2907000.0,77677755.0,-3.897,-1.07
603191,望变电气,20.58,20.58,20.59,20.74,20.61,21.39,20.45,13984255.0,291868373.0,-0.771,-0.16
603192,汇得科技,20.47,20.44,20.47,20.78,20.8,20.82,20.13,1388030.0,28314636.0,-1.492,-0.31
603193,润本股份,22.25,22.24,22.25,22.68,22.55,22.74,21.82,3028000.0,67176526.0,-1.896,-0.43
603194,中力股份,34.76,34.67,34.76,35.6,35.6,35.66,34.43,2155400.0,75112692.0,-2.36,-0.84
603195,公牛集团,43.39,43.38,43.39,41.63,41.64,44.5,41.51,10170856.0,441646683.0,4.228,1.76
603196,璞源材料,25.94,25.93,25.94,26.95,26.95,27.27,25.8,2926800.0,76730145.0,-3.748,-1.01
603197,保隆科技,33.05,33.05,33.08,33.96,33.8,34.38,32.86,3327770.0,111041196.0,-2.68,-0.91
603198,迎驾贡酒,36.81,36.8,36.83,36.7,36.3,37.87,35.6,17011105.0,623843610.0,0.3,0.11
603199,九华旅游,33.02,33.02,33.05,32.97,32.86,33.33,32.79,1607400.0,53059604.0,0.152,0.05
603200,上海洗霸,50.29,50.29,50.3,51.3,51.1,52.24,50.03,3994095.0,204370660.0,-1.969,-1.01
603201,常润股份,16.04,16.03,16.04,16.02,15.98,16.65,15.56,5084146.0,81856503.0,0.125,0.02
603202,天有为,65.26,65.21,65.26,66.93,66.8,66.94,65.07,1155024.0,75776755.0,-2.495,-1.67
603203,快克智能,72.08,72.08,72.09,68.88,66.79,75.76,65.68,20881909.0,1448121255.0,4.646,3.2
603205,健尔康,24.8,24.77,24.8,25.38,25.4,25.48,24.61,949940.0,23693902.0,-2.285,-0.58
603206,嘉环科技,18.54,18.53,18.54,19.68,19.49,19.68,18.43,15429600.0,291788328.0,-5.793,-1.14
603207,小方制药,23.3,23.29,23.3,23.75,23.7,23.8,23.15,1208300.0,28231751.0,-1.895,-0.45
603208,江山欧派,12.65,12.65,12.68,12.97,13.0,13.0,12.29,2171808.0,27188212.0,-2.467,-0.32
603209,兴通股份,13.65,13.65,13.66,13.87,13.87,13.91,13.45,3859720.0,52569080.0,-1.586,-0.22
603210,泰鸿万立,14.18,14.18,14.19,14.51,14.5,14.71,14.14,3722590.0,53313752.0,-2.274,-0.33
603211,晋拓股份,27.54,27.54,27.56,28.46,28.51,29.11,27.04,9595772.0,266296743.0,-3.233,-0.92
603212,赛伍技术,15.24,15.24,15.25,15.42,15.47,15.84,15.08,31903886.0,492148041.0,-1.167,-0.18
603213,镇洋发展,14.73,14.72,14.73,14.27,14.15,14.87,14.15,12226023.0,177826223.0,3.224,0.46
603214,爱婴室,14.9,14.9,14.91,15.21,15.17,15.28,14.61,2946480.0,43733207.0,-2.038,-0.31
603215,比依股份,16.34,16.34,16.35,16.45,16.45,16.65,16.09,2398500.0,39165251.0,-0.669,-0.11
603216,梦天家居,24.92,24.91,24.92,25.55,25.55,25.68,24.71,3085600.0,77156275.0,-2.466,-0.63
603217,元利科技,28.45,28.41,28.45,29.62,29.62,30.1,28.0,3673283.0,106293981.0,-3.95,-1.17
603218,日月股份,12.05,12.05,12.06,12.37,12.37,12.44,12.01,9087600.0,110776798.0,-2.587,-0.32
603219,富佳股份,17.52,17.51,17.52,18.2,18.14,18.2,17.37,5973820.0,106150165.0,-3.736,-0.68
603220,中贝通信,24.67,24.67,24.68,26.24,25.98,26.18,24.25,42978434.0,1075764573.0,-5.983,-1.57
603221,爱丽家居,12.93,12.92,12.93,13.4,13.38,13.69,12.86,5230301.0,68993053.0,-3.507,-0.47
603222,济民健康,9.07,9.06,9.07,9.15,9.2,9.22,8.96,10669120.0,96441197.0,-0.874,-0.08
603223,恒通股份,10.42,0.0,10.42,11.58,11.55,11.98,10.42,34595715.0,379581570.0,-10.017,-1.16
603225,新凤鸣,17.59,17.57,17.59,17.54,17.47,17.78,16.91,19216507.0,332813072.0,0.285,0.05
603226,菲林格尔,51.7,0.0,51.7,57.44,56.41,59.78,51.7,10955697.0,600316761.0,-9.993,-5.74
603227,雪峰科技,8.98,8.97,8.98,8.79,8.77,9.06,8.75,28519131.0,255355128.0,2.162,0.19
603228,景旺电子,82.45,82.45,82.46,87.5,86.93,87.0,81.75,50420576.0,4213226529.0,-5.771,-5.05
603229,奥翔药业,9.9,9.9,9.91,10.25,10.2,10.35,9.85,14319952.0,143160903.0,-3.415,-0.35
603230,内蒙新华,9.9,9.89,9.9,10.04,10.0,10.05,9.83,1828477.0,18088644.0,-1.394,-0.14
603231,索宝蛋白,16.43,16.41,16.43,16.43,16.27,16.6,16.27,2525700.0,41549584.0,0.0,0.0
603232,格尔软件,20.69,20.68,20.69,21.6,21.09,21.52,20.68,18846350.0,395920212.0,-4.213,-0.91
603233,大参林,16.56,16.56,16.57,17.04,16.89,16.99,15.34,5531710.0,91718608.0,-2.817,-0.48
603235,天新药业,24.67,24.67,24.68,24.44,24.6,24.67,24.3,381900.0,9327882.0,0.941,0.23
603236,移远通信,78.8,78.79,78.8,77.3,76.8,79.44,76.35,12668774.0,992757631.0,1.94,1.5
603237,五芳斋,15.8,15.8,15.82,15.99,15.98,16.01,15.51,1963631.0,30878343.0,-1.188,-0.19
603238,诺邦股份,13.47,13.47,13.49,14.0,14.0,14.0,13.36,4179715.0,56565960.0,-3.786,-0.53
603239,浙江仙通,20.9,20.88,20.91,21.35,21.37,21.37,20.6,4195300.0,87605478.0,-2.108,-0.45
603248,锡华科技,27.23,27.23,27.24,27.07,27.5,28.3,27.07,6875844.0,188836331.0,0.591,0.16
603255,鼎际得,32.98,32.98,32.99,34.25,34.36,34.55,32.97,2806000.0,94382451.0,-3.708,-1.27
603256,宏和科技,179.92,179.91,179.92,183.9,183.5,189.02,178.6,21282854.0,3900158627.0,-2.164,-3.98
603257,中国瑞林,56.8,56.8,56.87,60.17,60.15,60.53,56.66,1601280.0,92634817.0,-5.601,-3.37
603258,电魂网络,13.86,13.85,13.86,14.25,14.34,14.39,13.79,3322163.0,46446207.0,-2.737,-0.39
603259,药明康德,102.63,102.63,102.65,104.11,104.0,104.28,101.09,37219658.0,3821986128.0,-1.422,-1.48
603260,合盛硅业,40.1,40.1,40.11,40.63,40.21,41.43,39.74,8192007.0,330651378.0,-1.304,-0.53
603261,*ST立航,36.89,36.89,36.9,36.85,36.5,37.99,36.2,435200.0,16141092.0,0.109,0.04
603262,技源集团,27.52,27.52,27.54,27.4,27.48,27.72,27.18,1782555.0,48884489.0,0.438,0.12
603266,天龙股份,19.3,19.3,19.31,20.08,20.0,20.25,19.12,7370900.0,142975518.0,-3.884,-0.78
603267,鸿远电子,63.69,63.68,63.69,64.99,65.2,67.29,63.05,19623000.0,1277833993.0,-2.0,-1.3
603268,松发股份,138.25,138.21,138.27,137.2,137.88,142.99,135.13,6352000.0,883417810.0,0.765,1.05
603269,海鸥股份,22.6,22.59,22.6,22.0,22.44,23.53,21.81,34169171.0,777626179.0,2.727,0.6
603270,金帝股份,29.27,29.26,29.28,30.36,30.1,30.5,29.06,4687600.0,138354309.0,-3.59,-1.09
603271,永杰新材,47.24,47.24,47.25,48.4,48.63,49.2,47.0,4009004.0,193269109.0,-2.397,-1.16
603272,*ST联翔,38.18,38.18,0.0,36.36,38.18,38.18,37.5,1449653.0,55296624.0,5.006,1.82
603273,天元智能,15.36,15.35,15.36,15.7,15.92,15.92,15.3,2830213.0,43813361.0,-2.166,-0.34
603275,众辰科技,45.06,45.06,45.07,47.24,46.66,47.26,44.9,2741800.0,125876171.0,-4.615,-2.18
603276,恒兴新材,16.74,16.7,16.74,17.09,17.09,17.18,16.6,2095490.0,35194638.0,-2.048,-0.35
603277,银都股份,11.99,11.98,11.99,12.35,12.31,12.31,11.87,1977285.0,23732856.0,-2.915,-0.36
603278,大业股份,12.73,0.0,12.73,14.14,13.91,13.99,12.73,44718940.0,583359513.0,-9.972,-1.41
603279,景津装备,15.53,15.52,15.53,15.71,15.7,15.9,15.21,8128272.0,125841853.0,-1.146,-0.18
603280,南方路机,29.38,29.37,29.38,29.75,29.75,30.08,29.1,1107940.0,32625976.0,-1.244,-0.37
603281,江瀚新材,35.99,35.99,36.0,37.36,37.0,37.7,35.71,4271107.0,155317503.0,-3.667,-1.37
603282,亚光股份,16.55,16.53,16.55,16.69,16.69,16.94,16.0,2963600.0,48789777.0,-0.839,-0.14
603283,赛腾股份,66.01,66.01,66.02,67.1,68.74,70.05,65.7,18415505.0,1256641212.0,-1.624,-1.09
603284,林平发展,41.27,41.25,41.27,42.44,42.43,42.61,41.0,1355752.0,56383500.0,-2.757,-1.17
603285,键邦股份,49.23,49.2,49.23,49.95,49.98,50.41,48.21,4148075.0,204738590.0,-1.441,-0.72
603286,日盈电子,64.6,64.6,64.65,67.85,67.6,67.8,63.74,4498600.0,293778859.0,-4.79,-3.25
603288,海天味业,35.85,35.85,35.86,35.63,35.68,36.35,34.93,24478482.0,871098733.0,0.617,0.22
603289,泰瑞机器,11.46,11.46,11.48,12.31,12.29,12.31,11.4,10403144.0,121688085.0,-6.905,-0.85
603290,斯达半导,135.0,135.0,135.01,132.94,134.3,142.14,133.1,17527053.0,2407890461.0,1.55,2.06
603291,联合水务,10.46,10.46,10.47,10.8,10.72,10.72,10.42,3979900.0,41913254.0,-3.148,-0.34
603293,埃泰克,46.24,46.24,46.25,47.93,47.45,48.28,46.15,3355347.0,157611180.0,-3.526,-1.69
603296,华勤技术,106.68,106.67,106.68,109.95,109.71,112.51,106.0,15617046.0,1703321721.0,-2.974,-3.27
603297,永新光学,139.58,139.27,139.58,141.01,142.64,146.7,138.22,1816161.0,257363626.0,-1.014,-1.43
603298,杭叉集团,26.34,26.34,26.36,27.46,27.32,27.45,26.01,7760962.0,205622974.0,-4.079,-1.12
603299,苏盐井神,10.28,10.28,10.29,10.45,10.44,10.47,10.16,7587232.0,78011848.0,-1.627,-0.17
603300,海南华铁,5.75,5.75,5.76,6.0,5.97,6.0,5.71,49825989.0,290315866.0,-4.167,-0.25
603301,振德医疗,86.17,86.17,86.35,87.06,87.1,88.0,83.62,2841879.0,245316073.0,-1.022,-0.89
603303,得邦照明,26.08,26.07,26.08,25.79,25.2,26.4,24.6,9418221.0,240595328.0,1.124,0.29
603305,旭升集团,16.4,16.4,16.41,16.7,16.56,16.74,16.31,34512321.0,569345225.0,-1.796,-0.3
603306,华懋科技,114.44,114.44,114.45,118.39,118.0,118.88,113.91,14399500.0,1669358041.0,-3.336,-3.95
603307,扬州金泉,39.7,39.7,39.87,41.26,41.0,41.47,39.44,798868.0,32035845.0,-3.781,-1.56
603308,应流股份,68.67,68.67,68.68,70.56,70.52,72.09,67.81,21664559.0,1519242508.0,-2.679,-1.89
603309,维力医疗,12.68,12.67,12.68,13.15,13.16,13.19,12.54,5942450.0,75706011.0,-3.574,-0.47
603310,巍华新材,16.98,16.97,16.98,16.66,16.5,17.06,16.13,6307900.0,105236651.0,1.921,0.32
603311,金海高科,30.21,30.21,30.22,29.23,28.9,31.61,28.26,17293200.0,517108917.0,3.353,0.98
603312,西典新能,38.79,38.78,38.82,39.27,39.23,39.92,38.6,1765036.0,69195047.0,-1.222,-0.48
603313,梦百合,5.6,5.6,5.61,5.76,5.74,5.75,5.57,8513140.0,47815758.0,-2.778,-0.16
603315,福鞍股份,15.81,15.8,15.81,15.62,15.62,16.66,15.2,16009800.0,255561225.0,1.216,0.19
603316,诚邦股份,20.86,0.0,20.86,23.18,22.06,23.16,20.86,57067081.0,1231910919.0,-10.009,-2.32
603317,天味食品,14.97,14.97,14.98,15.03,14.98,15.19,14.58,12044115.0,179090509.0,-0.399,-0.06
603318,水发燃气,9.11,9.11,9.12,9.39,9.33,9.4,9.02,22294768.0,204024753.0,-2.982,-0.28
603319,美湖股份,33.23,33.22,33.23,33.6,33.44,33.97,32.75,14067414.0,468786193.0,-1.101,-0.37
603320,迪贝电气,24.6,24.59,24.6,25.0,25.01,25.3,24.24,2329600.0,57368271.0,-1.6,-0.4
603321,梅轮电梯,6.65,6.64,6.65,6.88,6.82,6.9,6.59,5836178.0,38955258.0,-3.343,-0.23
603322,超讯通信,33.16,33.16,33.17,34.5,34.37,34.45,32.94,8289100.0,276654685.0,-3.884,-1.34
603323,苏农银行,4.71,4.7,4.71,4.74,4.73,4.75,4.69,17114120.0,80738172.0,-0.633,-0.03
603324,盛剑科技,28.34,28.34,28.35,29.8,29.65,30.9,27.76,8701720.0,251377201.0,-4.899,-1.46
603325,博隆技术,55.34,55.34,55.39,56.3,56.3,56.65,55.3,549086.0,30579236.0,-1.705,-0.96
603326,我乐家居,7.49,7.49,7.5,7.72,7.74,7.74,7.37,4012362.0,30016205.0,-2.979,-0.23
603327,福蓉科技,10.26,10.25,10.26,10.66,10.58,10.7,10.11,25786279.0,267154326.0,-3.752,-0.4
603328,依顿电子,12.56,12.56,12.57,12.9,12.82,13.05,12.37,39361465.0,500091177.0,-2.636,-0.34
603329,上海雅仕,10.81,10.8,10.81,11.11,11.03,11.14,10.68,3482555.0,37813763.0,-2.7,-0.3
603330,天洋新材,6.86,6.86,6.87,7.0,7.01,7.27,6.82,20917959.0,146490359.0,-2.0,-0.14
603331,百达精工,12.98,12.97,12.98,13.46,13.38,13.38,12.8,9730040.0,126348848.0,-3.566,-0.48
603332,苏州龙杰,12.14,12.14,12.15,12.53,12.53,12.63,12.0,4917400.0,59984110.0,-3.113,-0.39
603333,尚纬股份,8.5,8.5,8.51,8.66,8.67,8.8,8.38,21908700.0,187431174.0,-1.848,-0.16
603334,丰倍生物,43.86,43.86,43.9,43.97,44.06,44.32,42.82,1757099.0,76483972.0,-0.25,-0.11
603335,迪生力,7.32,7.32,0.0,6.65,6.6,7.32,6.53,23939030.0,166238592.0,10.075,0.67
603336,宏辉果蔬,11.1,11.1,11.11,11.52,11.72,12.25,10.7,32518814.0,371710176.0,-3.646,-0.42
603337,杰克科技,43.4,43.4,43.42,45.46,45.01,45.5,42.91,5434571.0,238420877.0,-4.531,-2.06
603338,浙江鼎力,52.98,52.98,53.01,54.22,54.35,54.35,52.22,5762571.0,305578047.0,-2.287,-1.24
603339,四方科技,12.65,12.65,12.66,13.2,13.15,13.17,12.6,4754700.0,60579447.0,-4.167,-0.55
603341,龙旗科技,36.45,36.45,36.47,37.25,37.2,37.84,36.34,8086287.0,298670636.0,-2.148,-0.8
603344,星德胜,30.15,30.14,30.15,32.14,31.87,32.08,30.03,6282500.0,193285299.0,-6.192,-1.99
603345,安井食品,98.06,98.03,98.06,96.03,96.07,99.47,94.02,6736458.0,654675083.0,2.114,2.03
603348,文灿股份,16.17,16.17,16.18,16.72,16.7,16.79,16.06,3254241.0,52955603.0,-3.289,-0.55
603350,安乃达,31.48,31.4,31.48,32.97,33.05,33.1,31.0,1319153.0,42145134.0,-4.519,-1.49
603351,威尔药业,25.73,25.73,25.79,26.21,25.83,26.21,25.61,795460.0,20570093.0,-1.831,-0.48
603352,至信股份,30.43,30.42,30.43,31.62,31.67,31.67,30.23,2164292.0,66389370.0,-3.763,-1.19
603353,和顺石油,51.62,51.61,51.62,55.07,55.79,57.93,51.29,13256530.0,717398572.0,-6.265,-3.45
603355,莱克电气,27.07,27.06,27.07,28.28,28.36,28.36,26.85,2833800.0,77500167.0,-4.279,-1.21
603356,华菱精工,18.43,18.43,18.45,19.03,19.0,19.1,18.3,5152673.0,96065197.0,-3.153,-0.6
603357,设计总院,6.83,6.83,6.84,7.02,6.99,7.01,6.8,4769384.0,32743035.0,-2.707,-0.19
603358,华达科技,36.4,36.4,36.41,36.9,36.9,37.86,35.25,10597000.0,383719963.0,-1.355,-0.5
603359,*ST东珠,2.74,2.73,2.74,2.8,2.79,2.79,2.66,17520092.0,47525038.0,-2.143,-0.06
603360,百傲化学,24.44,24.44,24.45,26.38,26.11,26.68,24.38,32106109.0,808617815.0,-7.354,-1.94
603363,傲农生物,3.35,3.34,3.35,3.33,3.33,3.38,3.25,36624800.0,121071134.0,0.601,0.02
603365,水星家纺,18.42,18.41,18.42,18.87,18.87,18.88,18.32,1872200.0,34647301.0,-2.385,-0.45
603366,日出东方,7.59,7.58,7.59,7.96,7.81,7.84,7.54,15106305.0,115749725.0,-4.648,-0.37
603367,辰欣药业,13.85,13.84,13.85,14.13,14.11,14.12,13.73,5685600.0,78962421.0,-1.982,-0.28
603368,柳药集团,15.83,15.83,15.85,16.03,16.01,16.03,15.65,3968414.0,62774200.0,-1.248,-0.2
603369,今世缘,29.82,29.81,29.82,28.25,28.2,30.2,27.87,29147972.0,849407480.0,5.558,1.57
603370,华新精科,43.75,43.75,43.76,46.52,46.0,46.29,43.71,1645058.0,73884613.0,-5.954,-2.77
603373,安邦护卫,49.51,49.51,49.55,50.22,50.02,50.73,48.17,3284868.0,161896658.0,-1.414,-0.71
603375,盛景微,51.12,51.12,51.13,53.79,52.01,53.48,51.1,5177858.0,269239340.0,-4.964,-2.67
603376,大明电子,29.81,29.81,29.82,30.59,30.28,30.58,29.8,1367036.0,41010264.0,-2.55,-0.78
603377,ST东时,3.69,3.68,3.69,3.51,3.63,3.69,3.58,16012939.0,58590590.0,5.128,0.18
603378,*ST亚士,5.17,0.0,5.17,5.44,5.3,5.34,5.17,15018200.0,77967857.0,-4.963,-0.27
603379,三美股份,60.3,60.29,60.3,61.7,61.15,63.68,59.9,11839201.0,730082440.0,-2.269,-1.4
603380,易德龙,38.55,38.53,38.6,40.2,39.83,40.87,38.19,3940144.0,154021947.0,-4.104,-1.65
603381,永臻股份,21.22,21.22,21.25,21.9,21.75,22.4,21.02,5092564.0,109987155.0,-3.105,-0.68
603382,海阳科技,21.96,21.96,21.97,23.0,22.92,23.0,21.65,2046258.0,45231132.0,-4.522,-1.04
603383,顶点软件,33.39,33.39,33.4,34.04,33.9,34.3,33.08,6463029.0,217117049.0,-1.91,-0.65
603385,惠达卫浴,5.75,5.75,5.76,5.94,5.95,5.96,5.63,6497970.0,37367115.0,-3.199,-0.19
603386,骏亚科技,15.8,15.8,15.81,16.25,16.25,16.25,15.62,13311040.0,211802797.0,-2.769,-0.45
603387,基蛋生物,8.86,8.86,8.87,9.06,9.01,9.05,8.74,9335638.0,82639236.0,-2.208,-0.2
603389,*ST亚振,60.83,60.83,61.07,61.2,61.2,62.68,59.9,1503580.0,91819691.0,-0.605,-0.37
603390,通达电气,13.43,13.42,13.43,13.78,13.66,13.92,13.29,15146400.0,204952231.0,-2.54,-0.35
603391,力聚热能,70.42,70.35,70.42,72.38,73.0,73.2,70.0,1634477.0,116678042.0,-2.708,-1.96
603392,万泰生物,34.21,34.2,34.21,34.42,34.3,34.58,33.69,4645939.0,158339050.0,-0.61,-0.21
603393,新天然气,27.48,27.47,27.48,28.59,28.39,28.48,27.21,12033282.0,331645911.0,-3.882,-1.11
603395,红四方,24.28,24.28,24.29,24.96,24.88,25.05,24.1,2540721.0,61946772.0,-2.724,-0.68
603396,金辰股份,33.69,33.65,33.69,33.81,33.78,34.95,33.2,3284303.0,111867684.0,-0.355,-0.12
603398,*ST沐邦,13.95,13.95,13.96,13.73,13.87,14.28,13.7,9496680.0,133136196.0,1.602,0.22
603399,永杉锂业,16.88,16.87,16.88,17.41,17.29,17.8,16.75,48841067.0,844365457.0,-3.044,-0.53
603400,华之杰,72.5,72.4,72.5,76.72,76.1,77.68,71.48,1856103.0,136648957.0,-5.501,-4.22
603402,陕西旅游,93.1,93.07,93.1,95.62,95.3,95.88,92.37,1032254.0,96421404.0,-2.635,-2.52
603406,天富龙,29.82,29.82,29.85,30.75,30.65,30.65,29.61,1085128.0,32525207.0,-3.024,-0.93
603407,长裕集团,58.79,58.79,58.8,59.05,58.17,61.14,57.5,4722642.0,279933607.0,-0.44,-0.26
603408,建霖家居,10.63,10.63,10.69,10.79,10.86,10.87,10.61,2504540.0,26779596.0,-1.483,-0.16
603409,汇通控股,38.9,38.9,38.91,40.15,40.16,40.58,37.59,2686490.0,104674294.0,-3.113,-1.25
603416,信捷电气,58.08,58.08,58.09,62.01,61.11,62.0,57.66,5864778.0,348182348.0,-6.338,-3.93
603418,友升股份,50.01,50.01,50.12,50.64,50.33,50.87,49.71,1116975.0,56082742.0,-1.244,-0.63
603421,鼎信通讯,7.44,7.44,7.45,7.64,7.59,7.67,7.31,10763091.0,80225350.0,-2.618,-0.2
603429,*ST集友,8.84,8.79,8.84,9.08,9.2,9.2,8.7,3777891.0,33295748.0,-2.643,-0.24
603435,C嘉德,73.25,73.24,73.25,86.08,81.02,85.79,72.66,15841885.0,1252536242.0,-14.905,-12.83
603439,三力制药,14.23,14.23,14.24,13.8,13.61,14.37,13.41,25097560.0,350826904.0,3.116,0.43
603444,吉比特,341.6,341.6,341.62,340.01,339.18,346.53,338.04,1374952.0,470839473.0,0.468,1.59
603456,九洲药业,12.72,12.72,12.73,12.83,12.77,12.96,12.66,12051363.0,154216422.0,-0.857,-0.11
603458,勘设股份,12.73,12.73,12.74,12.92,12.9,12.9,11.64,24410017.0,298134299.0,-1.471,-0.19
603459,红板科技,104.01,104.01,104.02,112.96,109.07,113.58,103.0,22896870.0,2478092636.0,-7.923,-8.95
603466,风语筑,10.75,10.75,10.76,10.43,10.4,10.84,10.27,42636205.0,448310776.0,3.068,0.32
603477,巨星农牧,16.08,16.08,16.09,16.66,16.6,16.66,16.0,12941307.0,209456549.0,-3.481,-0.58
603486,科沃斯,64.33,64.33,64.34,66.88,66.41,66.9,64.13,7680190.0,501356354.0,-3.813,-2.55
603488,展鹏科技,11.36,11.35,11.36,11.37,11.3,11.68,11.23,11878600.0,135744816.0,-0.088,-0.01
603489,八方股份,35.08,35.08,35.09,36.47,36.05,36.22,34.83,4454849.0,157123370.0,-3.811,-1.39
603496,恒为科技,23.96,23.96,23.99,25.69,25.09,25.62,23.7,21906004.0,535692334.0,-6.734,-1.73
603499,翔港科技,20.05,20.05,20.08,20.37,20.47,20.65,19.81,4270518.0,85703384.0,-1.571,-0.32
603500,祥和实业,10.31,10.31,10.32,10.49,10.46,10.88,10.24,13744996.0,144505562.0,-1.716,-0.18
603501,豪威集团,104.96,104.96,104.97,106.07,106.94,108.41,104.33,37026912.0,3946023688.0,-1.046,-1.11
603505,金石资源,19.66,19.65,19.66,20.93,20.65,21.28,19.57,36051906.0,729108279.0,-6.068,-1.27
603506,南都物业,11.7,11.7,11.73,12.15,12.09,12.15,11.53,3774966.0,44420093.0,-3.704,-0.45
603507,振江股份,39.17,39.17,39.18,41.01,40.84,40.97,38.74,11903760.0,470249004.0,-4.487,-1.84
603508,思维列控,22.81,22.8,22.81,23.57,23.52,23.63,22.65,5303396.0,121643300.0,-3.224,-0.76
603511,爱慕股份,13.58,13.58,13.6,13.95,13.97,13.97,13.4,1601200.0,21770597.0,-2.652,-0.37
603515,欧普照明,19.66,19.66,19.69,19.6,19.43,19.79,19.41,950200.0,18608726.0,0.306,0.06
603516,淳中科技,116.2,116.19,116.2,119.0,118.94,120.44,115.01,5705812.0,670968016.0,-2.353,-2.8
603517,ST绝味,13.51,13.5,13.51,14.14,14.11,14.49,13.44,18099250.0,254047118.0,-4.455,-0.63
603518,锦泓集团,8.62,8.62,8.63,8.84,8.84,8.89,8.52,5394906.0,46569629.0,-2.489,-0.22
603519,立霸股份,12.64,12.64,12.65,13.0,13.0,13.0,12.53,3783200.0,48046177.0,-2.769,-0.36
603520,司太立,10.84,10.84,10.85,11.2,11.2,11.27,10.73,24076052.0,262693986.0,-3.214,-0.36
603527,众源新材,13.17,13.17,13.18,13.64,13.69,13.8,13.07,18625396.0,248141045.0,-3.446,-0.47
603528,多伦科技,7.4,7.38,7.4,7.75,7.74,7.83,7.38,12522300.0,94475708.0,-4.516,-0.35
603529,爱玛科技,21.1,21.1,21.11,21.55,21.55,21.55,20.95,7139217.0,151168444.0,-2.088,-0.45
603530,神马电力,56.47,56.39,56.47,56.66,56.5,58.5,55.9,2404724.0,136812770.0,-0.335,-0.19
603533,掌阅科技,25.85,25.85,0.0,23.5,25.85,25.85,25.44,23821932.0,614429025.0,10.0,2.35
603535,嘉诚国际,7.5,7.5,7.51,7.89,7.87,7.87,7.5,6178244.0,47012375.0,-4.943,-0.39
603536,惠发食品,9.42,9.42,9.44,9.52,9.52,9.58,9.17,4771892.0,44673950.0,-1.05,-0.1
603538,美诺华,46.46,46.46,0.0,42.24,43.43,46.46,43.43,31692884.0,1421631523.0,9.991,4.22
603551,奥普科技,10.69,10.69,10.7,10.82,10.82,10.86,10.59,1993697.0,21324015.0,-1.201,-0.13
603556,海兴电力,27.09,27.09,27.1,27.5,27.52,28.09,27.0,3761185.0,102889621.0,-1.491,-0.41
603557,*ST起步,4.46,4.45,4.46,4.49,4.45,4.54,4.35,7801800.0,34527057.0,-0.668,-0.03
603558,健盛集团,11.28,11.28,11.29,11.53,11.54,11.58,11.18,3364700.0,38021064.0,-2.168,-0.25
603559,ST通脉,9.57,9.57,9.6,9.29,9.28,9.72,9.06,6342486.0,59518910.0,3.014,0.28
603565,中谷物流,10.52,10.52,10.53,10.62,10.65,10.65,10.45,9999061.0,105273869.0,-0.942,-0.1
603566,普莱柯,10.6,10.6,10.61,10.81,10.78,10.8,10.52,3284800.0,34884367.0,-1.943,-0.21
603567,珍宝岛,7.45,7.44,7.45,7.88,7.84,7.91,7.38,19743600.0,149269106.0,-5.457,-0.43
603568,伟明环保,15.34,15.33,15.34,15.55,15.56,15.64,15.25,6290351.0,97090908.0,-1.35,-0.21
603569,长久物流,6.08,6.08,6.09,6.23,6.25,6.25,5.99,5328300.0,32354313.0,-2.408,-0.15
603577,汇金通,11.12,11.11,11.12,11.05,11.04,11.2,10.81,7524510.0,83076715.0,0.633,0.07
603578,三星新材,16.94,16.94,0.0,15.4,15.21,16.94,15.21,11086561.0,182019340.0,10.0,1.54
603579,荣泰健康,19.2,19.19,19.2,20.08,20.09,20.09,19.17,4632943.0,90064528.0,-4.382,-0.88
603580,*ST艾艾,23.83,23.83,23.86,23.5,23.9,23.9,22.9,1931000.0,44883007.0,1.404,0.33
603583,捷昌驱动,26.59,26.58,26.59,28.11,28.01,28.01,26.46,10002784.0,270762796.0,-5.407,-1.52
603585,苏利股份,16.35,16.34,16.35,16.77,16.61,16.85,16.26,3511702.0,57722918.0,-2.504,-0.42
603586,金麒麟,16.83,16.81,16.83,16.51,16.55,17.05,16.17,3213998.0,53244700.0,1.938,0.32
603587,地素时尚,12.73,12.73,12.74,13.15,13.13,13.13,12.57,3283217.0,41910176.0,-3.194,-0.42
603588,高能环境,12.6,12.6,12.61,13.06,12.95,13.17,12.59,29465834.0,377426671.0,-3.522,-0.46
603589,口子窖,22.1,22.1,22.13,21.55,21.45,22.63,21.01,15015585.0,328513523.0,2.552,0.55
603590,康辰药业,35.67,35.67,35.7,36.8,36.8,37.21,34.71,5341200.0,190657945.0,-3.071,-1.13
603595,ST东尼,25.61,25.6,25.61,24.74,25.15,25.95,24.5,11615387.0,294894536.0,3.517,0.87
603596,伯特利,34.57,34.57,34.58,34.12,34.0,35.98,33.88,41576798.0,1455291946.0,1.319,0.45
603598,引力传媒,20.51,20.51,20.52,21.18,21.8,22.25,20.45,20201870.0,426589516.0,-3.163,-0.67
603599,广信股份,11.21,11.21,11.22,11.36,11.36,11.42,11.09,10362463.0,115975095.0,-1.32,-0.15
603600,永艺股份,10.75,10.75,10.81,10.98,11.08,11.1,10.65,4349000.0,46952652.0,-2.095,-0.23
603601,再升科技,21.39,21.39,21.4,20.08,19.8,22.0,19.39,277198805.0,5657347438.0,6.524,1.31
603602,纵横通信,13.52,13.52,13.54,13.89,13.75,13.92,13.32,5448877.0,73939705.0,-2.664,-0.37
603605,珀莱雅,59.07,59.07,59.08,57.78,57.45,59.83,57.21,6909045.0,406620498.0,2.233,1.29
603606,东方电缆,44.81,44.81,44.82,46.0,46.01,46.45,44.52,13106934.0,593878963.0,-2.587,-1.19
603607,京华激光,22.53,22.53,22.54,23.11,23.01,23.4,22.26,5261100.0,119530978.0,-2.51,-0.58
603608,天创时尚,18.79,18.78,18.79,19.11,18.62,19.49,18.25,45397227.0,859780729.0,-1.675,-0.32
603609,禾丰股份,6.52,6.5,6.52,6.63,6.65,6.65,6.47,2868800.0,18681722.0,-1.659,-0.11
603610,麒盛科技,18.42,18.42,18.43,18.8,18.8,19.18,18.3,8506712.0,158640170.0,-2.021,-0.38
603611,诺力股份,17.86,17.86,17.88,18.39,18.37,18.42,17.79,3319794.0,59774876.0,-2.882,-0.53
603612,索通发展,21.33,21.33,21.34,21.75,21.6,21.87,21.26,13317594.0,286407188.0,-1.931,-0.42
603613,国联股份,24.5,24.48,24.5,24.48,24.44,24.83,23.86,12310199.0,299315972.0,0.082,0.02
603615,茶花股份,19.65,19.65,19.68,19.83,19.81,20.06,19.31,4937100.0,97251796.0,-0.908,-0.18
603616,韩建河山,5.55,5.55,5.56,5.94,5.73,5.79,5.46,32159000.0,179615771.0,-6.566,-0.39
603617,君禾股份,7.11,7.11,7.12,7.16,7.11,7.3,7.0,10384190.0,73933968.0,-0.698,-0.05
603618,杭电股份,35.8,35.8,35.81,35.16,35.27,38.25,33.72,100132025.0,3597108924.0,1.82,0.64
603619,中曼石油,25.21,25.21,25.22,26.42,26.05,26.3,24.95,19839079.0,502620909.0,-4.58,-1.21
603626,科森科技,25.47,25.47,25.48,26.55,26.29,26.98,25.2,43798550.0,1131324785.0,-4.068,-1.08
603628,清源股份,11.01,11.01,11.02,11.2,11.19,11.4,10.95,4754399.0,52735458.0,-1.696,-0.19
603629,利通电子,214.08,214.07,214.08,211.94,208.0,215.05,204.99,24115296.0,5097875846.0,1.01,2.14
603630,拉芳家化,14.13,14.13,14.14,14.01,14.14,14.55,13.83,4727906.0,66840413.0,0.857,0.12
603633,徕木股份,8.79,8.79,0.0,7.99,8.08,8.79,7.97,51840771.0,447798336.0,10.013,0.8
603636,南威软件,9.58,9.58,9.59,10.15,10.04,10.04,9.47,26363266.0,256125543.0,-5.616,-0.57
603637,镇海股份,19.98,19.97,19.98,19.13,18.79,21.04,18.79,29967190.0,611142188.0,4.443,0.85
603638,艾迪精密,24.45,24.45,24.47,25.07,24.99,25.0,24.05,14420739.0,352769160.0,-2.473,-0.62
603639,海利尔,11.04,11.04,11.1,11.38,11.41,11.41,11.04,2611700.0,29098518.0,-2.988,-0.34
603648,畅联股份,9.01,9.0,9.01,9.32,9.32,9.34,8.9,4303700.0,38867743.0,-3.326,-0.31
603650,彤程新材,55.88,55.88,55.89,59.6,59.5,59.67,55.3,20531677.0,1182131929.0,-6.242,-3.72
603655,朗博科技,36.55,36.5,36.55,38.83,38.99,39.0,36.1,2280000.0,84548175.0,-5.872,-2.28
603656,泰禾智能,18.23,18.22,18.23,18.38,18.29,18.56,18.11,2993800.0,54756745.0,-0.816,-0.15
603657,春光科技,29.43,29.42,29.43,30.67,29.96,31.03,29.4,4839500.0,145516689.0,-4.043,-1.24
603658,安图生物,33.03,33.03,33.04,33.03,33.0,33.12,32.45,2310300.0,75800967.0,0.0,0.0
603659,璞泰来,31.28,31.28,31.29,30.95,30.95,32.09,30.88,40401906.0,1274053809.0,1.066,0.33
603660,苏州科达,12.88,12.87,12.88,12.88,12.8,12.98,12.57,28163792.0,359595302.0,0.0,0.0
603661,恒林股份,33.72,0.0,33.72,37.47,34.7,35.88,33.72,4776300.0,166037600.0,-10.008,-3.75
603662,柯力传感,66.0,65.99,66.0,69.19,67.8,68.5,65.91,11118809.0,742179716.0,-4.61,-3.19
603663,三祥新材,64.13,64.13,0.0,58.3,58.8,64.13,58.73,21140757.0,1322340965.0,10.0,5.83
603665,康隆达,29.31,29.31,29.32,30.12,30.05,30.17,29.06,2871448.0,84570589.0,-2.689,-0.81
603666,亿嘉和,31.29,31.28,31.29,31.85,31.85,32.55,30.98,7909123.0,251837066.0,-1.758,-0.56
603667,五洲新春,78.05,0.0,78.05,86.72,84.0,84.0,78.05,48468273.0,3913466989.0,-9.998,-8.67
603668,天马科技,11.62,11.62,11.63,11.69,11.74,11.77,11.43,5498940.0,63727006.0,-0.599,-0.07
603669,灵康药业,4.13,4.12,4.13,4.22,4.24,4.24,4.04,10321693.0,42503918.0,-2.133,-0.09
603676,卫信康,9.2,9.19,9.2,9.35,9.35,9.39,9.08,2047700.0,18814244.0,-1.604,-0.15
603677,奇精机械,17.25,17.25,17.29,18.3,18.08,18.35,16.79,5753680.0,99945724.0,-5.738,-1.05
603678,火炬电子,43.01,43.01,43.02,40.64,41.35,43.85,41.0,50122909.0,2139453567.0,5.832,2.37
603679,华体科技,17.7,17.69,17.7,17.9,17.7,18.13,17.52,5914600.0,105208793.0,-1.117,-0.2
603680,今创集团,12.66,12.66,12.67,13.23,13.18,13.28,12.58,5861703.0,74924747.0,-4.308,-0.57
603681,永冠新材,22.9,22.89,22.9,22.47,22.6,23.45,22.3,15432355.0,354911562.0,1.914,0.43
603682,锦和商管,8.28,8.28,8.29,8.23,8.22,8.39,7.8,17406700.0,140540804.0,0.608,0.05
603683,晶华新材,27.72,27.62,27.72,27.72,27.85,28.2,27.42,8574965.0,238124732.0,0.0,0.0
603685,晨丰科技,35.76,35.76,35.78,35.82,36.18,36.91,35.1,9799077.0,352225178.0,-0.168,-0.06
603686,福龙马,15.99,15.99,16.0,16.51,16.35,16.5,15.85,13924130.0,223920282.0,-3.15,-0.52
603687,大胜达,16.13,16.13,16.14,15.89,15.75,16.4,15.23,37942600.0,599341357.0,1.51,0.24
603688,石英股份,68.4,68.39,68.4,73.47,73.33,74.5,68.1,32505224.0,2284448930.0,-6.901,-5.07
603689,皖天然气,8.15,8.15,8.17,8.3,8.29,8.31,8.11,4462700.0,36522400.0,-1.807,-0.15
603690,至纯科技,27.94,27.93,27.94,29.37,29.2,29.72,27.81,25611468.0,733535793.0,-4.869,-1.43
603693,江苏新能,18.94,18.93,18.94,17.87,17.5,19.1,17.07,46534974.0,837428931.0,5.988,1.07
603696,安记食品,13.61,13.61,13.64,13.78,13.93,13.93,13.36,5729200.0,77922495.0,-1.234,-0.17
603697,有友食品,10.45,10.45,10.46,10.51,10.45,10.63,10.03,11136820.0,115617048.0,-0.571,-0.06
603698,航天工程,34.68,34.68,34.69,35.76,35.87,37.77,34.26,26594491.0,950997305.0,-3.02,-1.08
603699,纽威股份,58.45,58.45,58.54,60.0,59.77,60.78,58.15,4230618.0,250070351.0,-2.583,-1.55
603700,宁水集团,11.68,11.68,11.69,11.75,11.75,11.84,11.42,5314100.0,61760103.0,-0.596,-0.07
603701,德宏股份,24.85,24.85,24.86,25.97,26.08,26.22,24.76,7208533.0,181419031.0,-4.313,-1.12
603703,盛洋科技,13.21,13.21,13.22,13.74,13.77,13.78,13.04,11689980.0,155717435.0,-3.857,-0.53
603706,东方环宇,22.49,22.33,22.49,22.78,22.78,22.78,22.25,2023436.0,45482096.0,-1.273,-0.29
603707,健友股份,8.12,8.11,8.12,8.27,8.27,8.3,8.0,9845417.0,79865166.0,-1.814,-0.15
603708,家家悦,9.78,9.78,9.8,9.67,9.63,9.89,9.54,6447557.0,62733116.0,1.138,0.11
603709,中源家居,16.59,16.59,16.6,17.1,17.06,17.1,16.2,2536400.0,41846819.0,-2.982,-0.51
603711,香飘飘,14.72,14.72,14.74,14.6,14.6,14.8,14.46,5109000.0,74985418.0,0.822,0.12
603712,七一二,15.28,15.28,15.29,15.8,15.75,16.08,15.2,11641502.0,180455250.0,-3.291,-0.52
603713,XD密尔克,54.7,54.7,54.74,53.04,53.71,56.09,53.13,5076199.0,277288164.0,3.13,1.66
603716,塞力医疗,17.59,17.59,17.6,18.14,18.16,18.2,17.52,8374976.0,148762374.0,-3.032,-0.55
603717,天域生物,6.7,6.69,6.7,6.83,6.83,6.93,6.56,8806600.0,59049510.0,-1.903,-0.13
603718,*ST海利,3.29,3.28,3.29,3.23,3.22,3.34,3.15,17022999.0,55200220.0,1.858,0.06
603719,良品铺子,10.46,10.46,10.47,10.42,10.4,10.55,10.18,4038900.0,41998564.0,0.384,0.04
603721,*ST天择,24.6,24.6,24.61,24.81,24.64,24.79,24.08,1494600.0,36422214.0,-0.846,-0.21
603722,阿科力,36.97,36.97,37.03,37.15,37.13,37.6,36.66,1420999.0,52666577.0,-0.485,-0.18
603725,天安新材,12.2,12.2,12.21,13.28,12.78,13.1,11.99,33065864.0,412507834.0,-8.133,-1.08
603726,朗迪集团,29.06,29.06,29.08,30.45,30.33,30.45,28.83,9007680.0,265526331.0,-4.565,-1.39
603727,博迈科,15.31,15.26,15.31,15.79,15.76,15.87,15.12,4036274.0,62068473.0,-3.04,-0.48
603728,鸣志电器,66.55,66.54,66.55,70.0,68.0,69.3,66.5,13606570.0,921107687.0,-4.929,-3.45
603729,ST龙韵,13.0,12.97,13.0,13.27,13.21,13.21,12.8,2059000.0,26687419.0,-2.035,-0.27
603730,岱美股份,13.45,13.44,13.45,13.87,13.82,14.14,13.3,49329512.0,674646888.0,-3.028,-0.42
603733,仙鹤股份,23.79,23.79,23.8,22.05,22.04,24.13,21.89,16243072.0,379667661.0,7.891,1.74
603737,三棵树,36.62,36.62,36.63,38.02,38.0,38.4,36.15,5272795.0,194350181.0,-3.682,-1.4
603738,泰晶科技,45.97,45.96,45.97,46.87,46.09,48.46,45.3,39816986.0,1865745187.0,-1.92,-0.9
603739,蔚蓝生物,12.9,12.89,12.9,13.09,13.01,13.14,12.7,4362600.0,56193744.0,-1.451,-0.19
603755,日辰股份,26.11,26.11,26.14,26.71,26.71,26.89,25.83,1814300.0,47432316.0,-2.246,-0.6
603757,大元泵业,53.0,53.0,53.04,55.47,55.66,56.27,52.51,10116972.0,548295152.0,-4.453,-2.47
603758,秦安股份,11.28,11.27,11.28,11.86,11.78,11.79,11.18,6218600.0,70572256.0,-4.89,-0.58
603759,海天股份,8.04,8.03,8.04,8.22,8.15,8.29,7.95,5490592.0,44063475.0,-2.19,-0.18
603766,隆鑫通用,13.98,13.97,13.98,14.66,14.52,14.64,13.8,22552546.0,317921262.0,-4.638,-0.68
603767,中马传动,21.29,0.0,21.29,23.65,22.6,22.66,21.29,20513700.0,444529892.0,-9.979,-2.36
603768,常青股份,10.59,10.59,10.61,11.01,11.0,11.01,10.48,4230100.0,45046086.0,-3.815,-0.42
603773,沃格光电,99.99,99.99,100.0,91.54,97.55,100.69,96.77,40724736.0,4043876767.0,9.231,8.45
603776,永安行,20.4,20.4,20.43,21.12,21.12,21.13,20.17,4612102.0,94767618.0,-3.409,-0.72
603777,来伊份,18.9,18.9,18.91,19.03,19.0,19.09,18.5,10634980.0,199469043.0,-0.683,-0.13
603778,国晟科技,18.93,18.93,18.94,19.35,19.38,19.98,18.03,71401822.0,1365454996.0,-2.171,-0.42
603779,威龙股份,11.7,11.7,11.71,12.78,12.5,13.01,11.5,77393611.0,940724416.0,-8.451,-1.08
603786,科博达,52.52,52.51,52.52,54.36,54.3,55.3,52.4,5494056.0,294007514.0,-3.385,-1.84
603787,新日股份,10.43,10.42,10.43,10.64,10.64,10.71,10.35,4251700.0,44570797.0,-1.974,-0.21
603788,宁波高发,16.38,16.38,16.39,16.94,16.96,16.98,16.33,4454880.0,73714554.0,-3.306,-0.56
603789,ST星农,5.58,5.58,5.59,5.74,5.73,5.73,5.46,4204230.0,23436861.0,-2.787,-0.16
603790,雅运股份,28.29,28.29,28.3,29.31,28.3,29.45,28.05,5522370.0,157841434.0,-3.48,-1.02
603797,联泰环保,4.36,4.36,4.37,4.55,4.55,4.55,4.31,9260100.0,40410712.0,-4.176,-0.19
603798,康普顿,15.79,15.79,15.8,16.3,16.3,16.32,15.64,5120630.0,81311062.0,-3.129,-0.51
603799,华友钴业,56.1,56.09,56.1,58.1,57.86,58.57,55.91,56262828.0,3210196683.0,-3.442,-2.0
603800,洪田股份,61.01,61.0,61.01,65.5,67.0,67.5,59.8,11055409.0,695830611.0,-6.855,-4.49
603801,志邦家居,7.57,7.57,7.58,7.82,7.81,7.81,7.52,2672147.0,20344865.0,-3.197,-0.25
603803,瑞斯康达,13.36,13.36,13.37,14.24,14.28,14.28,13.22,24885136.0,338333986.0,-6.18,-0.88
603806,XD福斯特,18.35,18.34,18.35,18.83,18.83,19.55,18.28,59501798.0,1112841799.0,-2.549,-0.48
603808,歌力思,9.07,9.05,9.07,9.37,9.34,9.35,8.93,4352555.0,39546830.0,-3.202,-0.3
603809,豪能股份,10.67,10.66,10.67,11.0,10.9,11.07,10.63,13593210.0,146660633.0,-3.0,-0.33
603810,丰山集团,13.66,13.66,13.72,13.91,13.76,14.03,13.51,2768100.0,37938862.0,-1.797,-0.25
603811,诚意药业,10.7,10.7,10.71,10.81,10.81,10.82,10.59,4001765.0,42766253.0,-1.018,-0.11
603813,*ST原尚,36.3,36.3,36.52,35.97,35.02,36.99,35.02,516800.0,18844904.0,0.917,0.33
603815,交建股份,6.88,6.87,6.88,6.86,6.84,6.92,6.78,11107135.0,76144763.0,0.292,0.02
603816,顾家家居,29.27,29.27,29.29,29.1,29.02,29.3,28.37,6604859.0,191323255.0,0.584,0.17
603817,海峡环保,6.23,6.23,6.24,6.39,6.37,6.41,6.18,8825200.0,55150535.0,-2.504,-0.16
603818,曲美家居,3.19,3.18,3.19,3.35,3.35,3.36,3.14,23090600.0,73952535.0,-4.776,-0.16
603819,神力股份,13.34,13.32,13.34,13.94,13.81,14.04,13.2,6339700.0,85309432.0,-4.304,-0.6
603822,ST嘉澳,72.21,72.21,72.22,72.45,72.81,75.0,70.8,942800.0,68286191.0,-0.331,-0.24
603823,百合花,26.75,26.75,26.76,27.21,27.21,28.05,26.55,16417806.0,444558049.0,-1.691,-0.46
603825,ST华扬,8.05,8.05,8.06,8.25,8.23,8.3,8.0,2187100.0,17721890.0,-2.424,-0.2
603826,坤彩科技,32.8,32.8,32.81,33.15,33.15,33.88,32.5,9956028.0,330484860.0,-1.056,-0.35
603828,*ST利达,5.89,5.89,5.9,5.92,6.03,6.03,5.8,4541300.0,26819368.0,-0.507,-0.03
603829,洛凯股份,24.67,24.67,24.68,25.65,25.4,25.91,24.51,4629865.0,115601201.0,-3.821,-0.98
603833,欧派家居,39.09,39.08,39.1,39.3,39.26,39.35,37.93,3794940.0,146805772.0,-0.534,-0.21
603836,海程邦达,12.93,12.92,12.93,13.29,13.36,13.39,12.8,1966800.0,25560308.0,-2.709,-0.36
603838,*ST四通,9.7,9.69,9.7,9.84,9.77,9.84,9.54,1386415.0,13411853.0,-1.423,-0.14
603839,安正时尚,6.96,6.96,6.97,7.16,7.22,7.26,6.81,6401600.0,44923002.0,-2.793,-0.2
603843,*ST正平,7.97,7.97,7.98,8.36,8.18,8.45,7.94,21577645.0,174732962.0,-4.665,-0.39
603848,好太太,14.61,14.61,14.62,15.03,15.02,15.04,14.55,1978800.0,29095891.0,-2.794,-0.42
603855,华荣股份,18.26,18.26,18.27,18.66,18.52,18.6,18.16,3365800.0,61517248.0,-2.144,-0.4
603856,东宏股份,11.66,11.65,11.66,12.18,12.17,12.23,11.62,5787700.0,68482016.0,-4.269,-0.52
603858,步长制药,15.06,15.06,15.07,15.26,15.2,15.34,14.89,5621451.0,84769313.0,-1.311,-0.2
603859,能科科技,44.43,44.43,44.44,46.17,45.8,46.29,44.18,11716531.0,528914191.0,-3.769,-1.74
603860,中公高科,29.02,28.95,29.02,29.59,29.35,29.48,28.53,1475400.0,42631735.0,-1.926,-0.57
603861,白云电器,15.2,15.19,15.2,15.3,15.15,15.8,14.98,13509100.0,207229006.0,-0.654,-0.1
603863,松炀资源,16.42,16.41,16.43,16.85,16.99,17.8,16.18,7850100.0,132133238.0,-2.552,-0.43
603866,桃李面包,4.71,4.7,4.71,4.74,4.73,4.78,4.6,12453934.0,58308607.0,-0.633,-0.03
603867,新化股份,40.1,40.09,40.1,41.0,41.07,42.6,39.82,11579764.0,473182190.0,-2.195,-0.9
603868,飞科电器,37.5,37.5,37.52,37.5,37.43,38.23,36.8,1750915.0,65407663.0,0.0,0.0
603869,ST智知,10.34,10.34,10.36,10.55,10.35,10.62,10.28,903708.0,9375426.0,-1.991,-0.21
603871,嘉友国际,12.31,12.3,12.31,12.1,12.24,12.56,12.04,21882459.0,270366075.0,1.736,0.21
603876,鼎胜新材,27.49,27.48,27.49,27.7,27.6,28.28,27.3,26951211.0,750203840.0,-0.758,-0.21
603877,太平鸟,12.74,12.74,12.75,13.01,13.02,13.03,12.61,1714325.0,21868568.0,-2.075,-0.27
603878,武进不锈,6.8,6.8,6.81,7.0,6.98,7.04,6.78,10802818.0,74205937.0,-2.857,-0.2
603879,永悦科技,5.21,5.21,5.22,5.29,5.3,5.33,5.11,9223813.0,47851698.0,-1.512,-0.08
603880,南卫股份,8.14,8.14,8.16,8.38,8.33,8.48,8.02,9007950.0,73651047.0,-2.864,-0.24
603881,数据港,36.29,36.28,36.29,37.09,36.8,37.43,36.1,31276430.0,1149683392.0,-2.157,-0.8
603882,金域医学,26.27,26.27,26.28,26.23,26.01,26.4,25.65,4873515.0,127015954.0,0.152,0.04
603883,老百姓,12.42,12.41,12.42,12.19,12.19,12.47,12.13,11070522.0,136341883.0,1.887,0.23
603885,吉祥航空,11.71,11.71,11.72,11.76,11.7,11.9,11.55,18895337.0,221969839.0,-0.425,-0.05
603886,元祖股份,10.55,10.54,10.55,10.83,10.8,10.81,10.43,2923400.0,30857909.0,-2.585,-0.28
603887,城地香江,12.83,12.82,12.83,13.33,13.14,13.43,12.76,14151138.0,183105394.0,-3.751,-0.5
603888,新华网,18.6,18.6,18.61,18.87,18.86,19.14,18.58,7726920.0,145143518.0,-1.431,-0.27
603889,新澳股份,5.62,5.62,5.63,5.58,5.58,5.68,5.51,16426760.0,91962545.0,0.717,0.04
603890,春秋电子,22.45,22.45,22.46,24.27,23.72,24.44,22.01,62760048.0,1449266340.0,-7.499,-1.82
603893,瑞芯微,201.91,201.91,201.92,195.84,197.0,213.89,193.05,27094535.0,5514079316.0,3.099,6.07
603895,天永智能,40.18,40.18,0.0,36.53,36.36,40.18,36.36,2188420.0,85462466.0,9.992,3.65
603896,寿仙谷,15.56,15.56,15.57,15.8,15.8,15.8,15.32,1569855.0,24349557.0,-1.519,-0.24
603897,长城科技,49.9,49.9,49.91,50.3,49.99,53.67,48.01,11485275.0,576222776.0,-0.795,-0.4
603898,好莱客,12.59,12.59,12.6,12.46,12.46,12.69,12.18,2811900.0,34982782.0,1.043,0.13
603899,晨光股份,22.76,22.75,22.76,22.49,22.28,22.84,22.16,6341104.0,142820204.0,1.201,0.27
603900,莱绅通灵,6.73,6.73,6.75,6.97,6.98,6.98,6.64,7960600.0,53712224.0,-3.443,-0.24
603901,永创智能,11.47,11.47,11.48,12.06,11.98,12.01,11.42,13905649.0,161483385.0,-4.892,-0.59
603903,中持股份,11.39,11.38,11.39,11.8,11.74,11.79,11.3,8184156.0,93925392.0,-3.475,-0.41
603906,龙蟠科技,26.16,26.15,26.16,26.31,26.3,27.1,26.0,34419841.0,914253179.0,-0.57,-0.15
603908,牧高笛,21.13,21.09,21.13,21.44,21.37,21.55,20.4,2093160.0,43635695.0,-1.446,-0.31
603909,建发合诚,10.47,10.47,10.48,10.74,10.54,10.76,10.2,4375716.0,45751202.0,-2.514,-0.27
603912,佳力图,9.59,9.58,9.59,9.89,9.85,9.86,9.43,17759552.0,171236609.0,-3.033,-0.3
603915,国茂股份,17.17,17.17,17.18,17.83,17.63,17.99,17.1,11662272.0,203222255.0,-3.702,-0.66
603916,苏博特,14.61,14.6,14.61,14.9,14.9,15.06,14.18,18234998.0,266365363.0,-1.946,-0.29
603917,合力科技,11.88,11.87,11.88,12.21,12.17,12.32,11.69,7669600.0,91878276.0,-2.703,-0.33
603918,金桥信息,11.57,11.56,11.57,12.01,11.95,12.08,11.5,9962842.0,116547591.0,-3.664,-0.44
603919,金徽酒,21.83,21.83,21.84,20.83,20.79,22.91,20.63,32148738.0,698146244.0,4.801,1.0
603920,世运电路,68.8,68.79,68.8,68.0,67.51,70.58,65.17,56033900.0,3805345185.0,1.176,0.8
603922,ST金鸿顺,15.96,15.94,15.96,15.86,15.86,16.1,15.56,2287128.0,36396973.0,0.631,0.1
603926,铁流股份,21.95,21.95,21.96,23.15,23.12,23.15,21.88,9984481.0,222569111.0,-5.184,-1.2
603927,中科软,15.35,15.34,15.35,15.8,15.81,15.93,15.28,9759715.0,151470323.0,-2.848,-0.45
603928,兴业股份,15.8,15.79,15.8,16.03,16.0,16.18,15.64,4523495.0,71466066.0,-1.435,-0.23
603929,亚翔集成,164.43,164.41,164.43,165.11,167.3,170.36,163.1,7002962.0,1166834935.0,-0.412,-0.68
603931,格林达,58.01,58.01,58.08,60.1,59.5,62.52,57.6,9615878.0,570273731.0,-3.478,-2.09
603933,睿能科技,24.84,24.84,24.85,25.8,25.6,26.05,24.66,8721140.0,220131765.0,-3.721,-0.96
603936,博敏电子,24.12,24.12,24.13,26.24,25.92,26.24,23.91,91851204.0,2275517770.0,-8.079,-2.12
603937,丽岛新材,14.54,14.54,14.55,14.97,14.85,14.89,14.44,5976054.0,87275055.0,-2.872,-0.43
603938,三孚股份,42.6,42.59,42.6,43.86,44.37,44.8,42.2,22030847.0,958508044.0,-2.873,-1.26
603939,益丰药房,20.99,20.96,20.99,21.35,21.29,21.45,20.66,11354091.0,237478612.0,-1.686,-0.36
603948,建业股份,25.65,25.65,25.67,25.93,25.83,26.12,25.5,1658800.0,42751359.0,-1.08,-0.28
603949,雪龙集团,16.44,16.43,16.44,17.11,16.89,17.2,16.4,5787379.0,96660604.0,-3.916,-0.67
603950,长源东谷,69.14,69.14,69.15,68.43,67.42,71.16,65.65,6645260.0,455530950.0,1.038,0.71
603955,大千生态,22.67,22.67,22.78,23.33,23.33,23.38,22.67,2164448.0,49601834.0,-2.829,-0.66
603956,威派格,6.08,6.07,6.08,6.31,6.27,6.33,6.01,29855931.0,183324755.0,-3.645,-0.23
603958,哈森股份,22.25,22.25,22.26,23.0,22.91,23.46,21.45,8795200.0,194520493.0,-3.261,-0.75
603959,ST百利,4.26,0.0,4.26,4.48,4.47,4.48,4.26,13929100.0,59685190.0,-4.911,-0.22
603960,克来机电,21.96,21.96,21.97,23.82,23.8,23.8,21.64,17045150.0,381981375.0,-7.809,-1.86
603966,DR法兰泰,9.33,9.33,9.34,9.52,9.42,9.59,9.28,10738149.0,101114485.0,-1.996,-0.19
603967,中创物流,11.96,11.96,11.98,12.38,12.41,12.44,11.9,4259460.0,51243526.0,-3.393,-0.42
603968,醋化股份,12.85,12.85,0.0,11.68,12.4,12.85,11.99,24121751.0,301467905.0,10.017,1.17
603969,银龙股份,8.12,8.11,8.12,8.43,8.39,8.56,8.08,13624626.0,112546142.0,-3.677,-0.31
603970,中农立华,11.63,11.63,11.66,11.82,11.79,11.85,11.49,1853926.0,21532664.0,-1.607,-0.19
603976,正川股份,21.92,21.91,21.92,23.38,23.66,23.66,21.61,6893770.0,153417822.0,-6.245,-1.46
603977,国泰集团,13.83,13.83,13.84,14.15,14.0,14.48,13.78,17944852.0,252020326.0,-2.261,-0.32
603978,深圳新星,31.79,31.78,31.79,32.09,31.88,33.22,31.46,14211002.0,459339786.0,-0.935,-0.3
603979,金诚信,72.93,72.93,72.95,75.15,73.65,74.6,72.0,8573090.0,627009735.0,-2.954,-2.22
603980,吉华集团,5.79,5.79,5.8,5.91,5.88,6.03,5.78,20701480.0,121352787.0,-2.03,-0.12
603982,泉峰汽车,6.95,6.95,6.96,7.19,7.22,7.22,6.9,8155501.0,56996628.0,-3.338,-0.24
603983,丸美生物,23.42,23.42,23.43,23.4,23.36,23.53,22.81,2017300.0,46749772.0,0.085,0.02
603985,恒润股份,23.71,23.7,23.71,24.16,24.1,24.44,23.52,16374805.0,391725991.0,-1.863,-0.45
603986,兆易创新,514.18,514.17,514.18,526.22,541.0,552.82,500.0,66726041.0,35341222581.0,-2.288,-12.04
603987,康德莱,7.51,7.51,7.53,7.69,7.65,7.68,7.43,4831800.0,36316581.0,-2.341,-0.18
603988,中电电机,21.2,21.19,21.2,22.33,22.28,22.37,21.08,6551900.0,141152570.0,-5.06,-1.13
603989,艾华集团,34.93,34.93,0.0,31.75,31.8,34.93,31.8,39935164.0,1353985360.0,10.016,3.18
603990,麦迪科技,19.59,19.59,19.6,19.45,19.38,20.0,19.15,35800333.0,699783424.0,0.72,0.14
603991,至正股份,107.45,107.45,107.46,112.52,112.52,114.39,106.14,3156700.0,345852888.0,-4.506,-5.07
603992,松霖科技,29.56,29.56,29.6,30.05,29.4,30.27,29.4,3550008.0,105498536.0,-1.631,-0.49
603993,XD洛阳钼,19.32,19.32,19.33,20.1,20.0,20.16,19.28,236634021.0,4622988066.0,-3.881,-0.78
603995,甬金股份,19.64,19.62,19.64,19.78,19.9,20.29,19.52,17986325.0,355917410.0,-0.708,-0.14
603997,继峰股份,14.09,14.08,14.09,13.8,13.69,14.19,13.55,18731643.0,260657270.0,2.101,0.29
603998,方盛制药,10.11,10.11,10.12,10.15,10.13,10.17,9.96,4548378.0,45768769.0,-0.394,-0.04
603999,读者传媒,6.08,6.08,6.09,6.33,6.22,6.28,6.01,19742082.0,121092432.0,-3.949,-0.25
605001,威奥股份,6.55,6.54,6.55,6.74,6.79,6.79,6.5,5203840.0,34209891.0,-2.819,-0.19
605003,众望布艺,24.6,24.6,24.63,25.48,25.39,25.71,24.16,1600600.0,39463796.0,-3.454,-0.88
605005,合兴股份,17.01,17.01,17.05,18.1,18.1,18.19,16.9,5578800.0,96864970.0,-6.022,-1.09
605006,山东玻纤,18.55,18.55,18.56,17.92,18.34,19.71,16.7,100119578.0,1797777075.0,3.516,0.63
605007,五洲特纸,14.6,14.6,14.61,14.37,14.45,14.75,14.09,6670899.0,96323784.0,1.601,0.23
605008,长鸿高科,11.37,11.35,11.37,11.4,11.37,11.42,11.06,2451080.0,27495485.0,-0.263,-0.03
605009,豪悦护理,25.72,25.72,25.73,25.9,25.86,26.01,25.3,1077510.0,27620361.0,-0.695,-0.18
605011,杭州热电,22.13,22.13,22.14,21.98,21.89,22.58,21.78,8139801.0,181321823.0,0.682,0.15
605016,百龙创园,23.51,23.51,23.52,24.4,24.45,24.46,23.37,6287380.0,149294193.0,-3.648,-0.89
605018,长华集团,13.95,13.95,13.96,14.19,14.03,14.33,13.78,9080300.0,126867094.0,-1.691,-0.24
605020,永和股份,33.89,33.89,33.9,33.78,33.84,35.53,33.43,28836804.0,994204199.0,0.326,0.11
605028,世茂能源,23.3,23.29,23.3,24.0,24.0,24.18,23.15,1390300.0,32602818.0,-2.917,-0.7
605033,美邦股份,20.48,20.48,20.5,21.08,21.0,21.21,20.28,2342900.0,48177006.0,-2.846,-0.6
605050,福然德,10.94,10.94,10.95,11.32,11.31,11.31,10.88,5409828.0,59599973.0,-3.357,-0.38
605055,迎丰股份,14.82,14.82,0.0,13.47,13.31,14.82,13.31,19691300.0,285566590.0,10.022,1.35
605056,咸亨国际,22.8,22.8,22.83,24.35,24.01,24.29,22.74,11319201.0,263452834.0,-6.366,-1.55
605058,澳弘电子,39.32,39.32,39.33,41.1,40.96,41.8,38.65,6867877.0,272623882.0,-4.331,-1.78
605060,联德股份,52.99,52.99,53.0,53.9,53.98,55.42,52.33,4644320.0,250406725.0,-1.688,-0.91
605066,天正电气,8.01,8.01,0.0,7.28,7.29,8.01,7.13,42715314.0,336146191.0,10.027,0.73
605068,明新旭腾,25.33,25.3,25.33,25.6,25.36,25.92,25.11,2781500.0,70825924.0,-1.055,-0.27
605069,正和生态,12.69,12.66,12.69,13.68,13.83,13.84,12.31,16172271.0,205399260.0,-7.237,-0.99
605077,华康股份,17.98,17.98,17.99,18.29,18.2,18.42,17.45,19077103.0,344188865.0,-1.695,-0.31
605080,浙江自然,26.32,26.32,26.33,25.27,25.42,26.59,24.63,3605200.0,92867393.0,4.155,1.05
605081,*ST太和,5.03,0.0,0.0,5.03,0.0,0.0,0.0,0.0,0.0,0.0,0.0
605086,龙高股份,33.02,33.0,33.11,33.27,33.0,33.77,32.5,3779300.0,125239132.0,-0.751,-0.25
605088,冠盛股份,33.58,33.57,33.58,34.67,34.65,34.88,33.0,4149236.0,140673750.0,-3.144,-1.09
605089,味知香,21.9,21.9,21.92,22.09,22.09,22.11,21.51,1297946.0,28264348.0,-0.86,-0.19
605090,九丰能源,38.74,38.73,38.74,39.97,39.9,40.2,38.51,12937303.0,504611519.0,-3.077,-1.23
605098,行动教育,55.32,55.32,55.33,56.14,56.61,56.89,54.69,1005740.0,55655286.0,-1.461,-0.82
605099,共创草坪,41.65,41.65,41.66,43.61,42.86,43.6,41.2,5992156.0,252289897.0,-4.494,-1.96
605100,华丰股份,35.61,35.61,35.67,38.2,38.6,38.6,35.51,6568901.0,239219219.0,-6.78,-2.59
605108,同庆楼,13.46,13.45,13.46,13.68,13.59,13.73,13.25,3330514.0,44747213.0,-1.608,-0.22
605111,新洁能,68.7,68.7,68.71,64.35,65.41,70.79,64.35,61845641.0,4298639775.0,6.76,4.35
605116,奥锐特,20.14,20.13,20.14,20.46,20.2,20.44,19.92,2862800.0,57472327.0,-1.564,-0.32
605117,德业股份,122.4,122.39,122.4,116.06,118.45,126.9,117.6,23781883.0,2923656453.0,5.463,6.34
605118,力鼎光电,37.29,37.28,37.29,39.57,39.87,40.0,37.29,2694600.0,102669595.0,-5.762,-2.28
605122,四方新材,13.2,13.2,13.24,13.79,13.9,13.9,12.93,3728520.0,49334392.0,-4.278,-0.59
605123,派克新材,110.17,110.15,110.17,113.77,115.88,116.99,108.0,5952829.0,664276393.0,-3.164,-3.6
605128,上海沿浦,34.1,34.05,34.1,34.94,35.26,35.26,33.72,3702219.0,127067238.0,-2.404,-0.84
605133,嵘泰股份,38.41,38.4,38.41,39.51,39.51,39.96,38.26,8340390.0,323977950.0,-2.784,-1.1
605136,丽人丽妆,9.53,9.53,9.54,9.63,9.62,9.7,9.48,7699900.0,73621715.0,-1.038,-0.1
605138,盛泰集团,7.03,7.03,7.04,7.24,7.24,7.29,6.98,5446800.0,38510724.0,-2.901,-0.21
605151,西上海,22.03,22.03,22.09,22.3,22.35,22.35,21.66,2805800.0,61691722.0,-1.211,-0.27
605155,西大门,15.83,15.83,15.84,16.32,16.39,16.4,15.63,2897316.0,45949232.0,-3.002,-0.49
605158,华达新材,7.11,7.11,7.13,7.31,7.3,7.39,7.07,5747000.0,41222477.0,-2.736,-0.2
605162,新中港,11.0,10.99,11.0,10.66,10.5,11.73,10.5,38398403.0,428527868.0,3.189,0.34
605166,聚合顺,10.48,10.48,10.49,11.05,11.1,11.1,10.4,7180787.0,76254140.0,-5.158,-0.57
605167,利柏特,17.47,17.47,0.0,15.88,15.7,17.47,15.7,10588000.0,182853680.0,10.013,1.59
605168,三人行,55.6,55.57,55.6,56.39,56.81,58.2,54.54,11958591.0,670863962.0,-1.401,-0.79
605169,洪通燃气,11.94,11.92,11.94,12.2,12.2,12.24,11.75,2694100.0,32110713.0,-2.131,-0.26
605177,东亚药业,20.31,20.13,20.31,21.24,21.07,21.07,19.5,4379000.0,87991680.0,-4.379,-0.93
605178,时空科技,65.78,65.77,65.78,65.76,64.64,67.19,64.64,2830900.0,185823287.0,0.03,0.02
605179,一鸣食品,15.18,15.18,15.19,15.07,15.12,15.47,14.69,5101630.0,76783097.0,0.73,0.11
605180,华生科技,14.66,14.66,14.7,15.64,15.64,16.0,14.42,8347954.0,125648292.0,-6.266,-0.98
605183,确成股份,15.87,15.83,15.87,16.15,16.05,16.19,15.76,1780700.0,28342131.0,-1.734,-0.28
605186,健麾信息,27.23,27.22,27.23,25.15,25.15,27.67,24.44,19568699.0,525328703.0,8.27,2.08
605188,国光连锁,14.19,14.18,14.19,14.0,13.85,14.46,13.85,11578900.0,163870133.0,1.357,0.19
605189,富春染织,15.1,15.09,15.1,15.5,15.4,15.53,14.94,7720072.0,117079961.0,-2.581,-0.4
605196,华通线缆,41.87,41.87,41.89,44.7,45.31,45.31,41.66,19234168.0,823512124.0,-6.331,-2.83
605198,安德利,53.7,53.69,53.7,56.05,55.77,56.4,53.58,3706600.0,202331402.0,-4.193,-2.35
605199,ST葫芦娃,6.96,6.96,6.97,7.0,7.05,7.22,6.9,4799200.0,34076172.0,-0.571,-0.04
605208,永茂泰,14.5,14.48,14.5,14.8,14.9,15.5,14.42,12037929.0,177663315.0,-2.027,-0.3
605218,伟时电子,17.67,17.67,17.68,19.13,19.04,19.22,17.55,10159900.0,183740088.0,-7.632,-1.46
605222,起帆电缆,31.65,31.65,31.67,32.35,31.97,33.0,31.0,11486100.0,365811614.0,-2.164,-0.7
605228,神通科技,13.12,13.11,13.12,13.48,13.41,13.69,13.02,5149348.0,68419458.0,-2.671,-0.36
605255,天普股份,94.98,94.98,94.99,99.31,97.11,98.3,93.18,1309427.0,124640548.0,-4.36,-4.33
605258,协和电子,37.5,37.5,37.51,38.2,37.82,38.99,36.75,5165900.0,195520529.0,-1.832,-0.7
605259,绿田机械,18.46,18.46,18.48,19.34,19.35,19.35,18.45,2601400.0,48614180.0,-4.55,-0.88
605266,健之佳,17.99,17.98,18.0,18.38,18.35,18.39,17.84,2024934.0,36454183.0,-2.122,-0.39
605268,王力安防,10.53,10.52,10.53,10.72,10.77,10.77,10.33,5530000.0,58008014.0,-1.772,-0.19
605277,新亚电子,21.95,21.95,21.96,22.77,22.77,22.77,21.78,6805405.0,150728751.0,-3.601,-0.82
605286,同力天启,36.31,36.3,36.31,37.27,37.49,37.55,35.91,2460200.0,89381784.0,-2.576,-0.96
605287,德才股份,46.77,46.77,46.85,48.6,48.6,50.13,46.5,9423480.0,453650692.0,-3.765,-1.83
605288,凯迪股份,98.87,98.87,98.97,103.85,102.98,105.0,97.28,2162960.0,216998984.0,-4.795,-4.98
605289,罗曼股份,119.15,119.15,0.0,108.32,108.32,119.15,107.39,6521400.0,755371948.0,9.998,10.83
605296,神农集团,27.29,27.29,27.3,28.01,28.0,28.0,27.1,3044270.0,83431288.0,-2.571,-0.72
605298,必得科技,53.8,53.78,53.8,54.55,54.32,56.0,53.3,1162690.0,63310336.0,-1.375,-0.75
605299,舒华体育,17.26,17.26,17.27,17.74,17.34,18.33,16.58,30523542.0,531096927.0,-2.706,-0.48
605300,佳禾食品,10.9,10.9,0.0,9.91,9.9,10.9,9.81,10199436.0,107785732.0,9.99,0.99
605303,园林股份,27.88,0.0,27.88,30.98,27.88,28.87,27.88,3343320.0,93490695.0,-10.006,-3.1
605305,中际联合,40.0,40.0,40.01,40.95,40.9,41.1,39.66,3663194.0,147241028.0,-2.32,-0.95
605318,法狮龙,97.74,97.62,97.83,95.9,95.38,105.49,95.38,4674900.0,473753811.0,1.919,1.84
605319,无锡振华,24.48,24.46,24.48,24.52,24.55,25.24,24.1,5720782.0,140876922.0,-0.163,-0.04
605333,沪光股份,21.26,21.26,21.27,22.05,22.04,22.13,21.05,3814780.0,81641472.0,-3.583,-0.79
605336,*ST帅电,16.65,16.63,16.65,16.27,16.28,16.75,16.02,2656308.0,43766161.0,2.336,0.38
605337,李子园,10.08,10.07,10.08,9.78,9.77,10.16,9.47,7200754.0,70716988.0,3.067,0.3
605338,巴比食品,20.7,20.7,20.76,20.61,20.61,20.99,20.21,2158400.0,44365424.0,0.437,0.09
605339,南侨食品,14.56,14.55,14.56,15.68,15.44,15.69,14.4,4893672.0,73053291.0,-7.143,-1.12
605358,立昂微,56.5,56.49,56.5,52.8,53.26,57.36,52.64,79158755.0,4361718695.0,7.008,3.7
605365,立达信,17.49,17.47,17.49,18.05,18.15,18.18,17.2,6161800.0,107996786.0,-3.102,-0.56
605366,宏柏新材,11.48,11.47,11.48,12.19,12.18,12.18,11.1,37812979.0,432394833.0,-5.824,-0.71
605368,蓝天燃气,6.91,6.91,6.92,7.11,7.1,7.1,6.86,6439919.0,44568863.0,-2.813,-0.2
605369,拱东医疗,18.35,18.31,18.35,18.99,19.0,19.2,17.69,4507961.0,81989207.0,-3.37,-0.64
605376,博迁新材,165.86,165.86,165.9,159.5,162.69,172.8,158.01,21001424.0,3501266021.0,3.987,6.36
605377,华旺科技,8.97,8.96,8.97,9.32,9.27,9.27,8.92,7113692.0,64398545.0,-3.755,-0.35
605378,野马电池,17.0,17.0,17.01,17.49,17.57,17.57,16.89,3031056.0,51829743.0,-2.802,-0.49
605388,均瑶健康,6.2,6.19,6.2,6.27,6.27,6.34,6.06,11004594.0,67955579.0,-1.116,-0.07
605389,DR长龄液,86.68,86.68,86.7,89.78,90.0,91.0,86.28,2252358.0,198647262.0,-3.453,-3.1
605398,新炬网络,23.11,23.1,23.11,24.37,24.28,24.33,22.98,2848746.0,66654024.0,-5.17,-1.26
605399,晨光新材,15.23,15.22,15.23,15.67,15.67,15.79,14.91,10564412.0,161014052.0,-2.808,-0.44
605488,福莱新材,37.68,37.68,37.69,40.96,39.9,39.95,37.31,13244080.0,509684571.0,-8.008,-3.28
605499,东鹏饮料,139.1,139.1,139.12,141.62,141.41,142.88,137.69,6738160.0,941934244.0,-1.779,-2.52
605500,森林包装,10.99,10.98,10.99,11.82,11.71,12.38,10.78,32237890.0,374969018.0,-7.022,-0.83
605507,国邦医药,22.11,22.1,22.11,22.17,22.09,22.32,21.76,2815200.0,62091304.0,-0.271,-0.06
605555,德昌股份,15.94,15.93,15.94,16.22,16.08,16.46,15.72,7491404.0,120650409.0,-1.726,-0.28
605566,福莱蒽特,40.6,40.59,40.6,40.66,40.0,41.46,38.9,10953162.0,439573170.0,-0.148,-0.06
605567,春雪食品,9.77,9.77,9.79,9.98,10.0,10.01,9.48,5621330.0,54436275.0,-2.104,-0.21
605577,龙版传媒,10.5,10.5,10.52,10.64,10.61,10.81,10.41,3217598.0,33974119.0,-1.316,-0.14
605580,恒盛能源,25.62,25.62,25.63,25.9,25.0,26.65,24.61,24897278.0,636261874.0,-1.081,-0.28
605588,冠石科技,62.06,62.06,62.07,64.88,66.79,67.58,61.5,5137500.0,328636182.0,-4.346,-2.82
605589,圣泉集团,45.07,45.07,45.08,45.0,46.71,48.0,44.68,53936695.0,2494316388.0,0.156,0.07
605598,上海港湾,48.75,48.73,48.75,51.08,51.08,52.69,48.18,4503500.0,222650692.0,-4.561,-2.33
605599,菜百股份,15.96,15.96,15.98,16.26,16.16,16.2,15.85,5109200.0,81645099.0,-1.845,-0.3
688001,华兴源创,77.34,77.34,77.5,80.68,79.15,82.21,76.64,15901669.0,1253399059.0,-4.14,-3.34
688002,睿创微纳,130.6,130.51,130.6,133.25,134.0,136.8,129.7,7431635.0,989763630.0,-1.989,-2.65
688003,天准科技,104.9,104.89,104.9,95.99,94.05,108.36,94.05,9386108.0,962383668.0,9.282,8.91
688004,博汇科技,21.5,21.5,21.52,22.64,22.65,22.77,21.33,2177853.0,47380146.0,-5.035,-1.14
688005,容百科技,32.71,32.7,32.71,32.83,33.0,34.24,32.43,25209845.0,839942598.0,-0.366,-0.12
688006,杭可科技,32.87,32.87,32.88,34.69,34.49,35.3,32.74,17048265.0,575610463.0,-5.246,-1.82
688007,光峰科技,14.84,14.83,14.84,15.39,15.35,15.5,14.54,14722327.0,219754236.0,-3.574,-0.55
688008,澜起科技,265.5,265.5,265.52,272.29,284.99,288.79,263.88,76621430.0,21249972465.0,-2.494,-6.79
688009,中国通号,4.81,4.81,4.82,4.86,4.85,4.93,4.76,40423625.0,194851838.0,-1.029,-0.05
688010,福光股份,44.17,44.17,44.3,45.5,45.36,47.71,44.01,7352971.0,334859791.0,-2.923,-1.33
688011,新光光电,58.01,58.0,58.01,58.65,58.16,60.28,57.65,1577781.0,92742254.0,-1.091,-0.64
688012,中微公司,455.05,455.01,455.05,463.51,463.95,486.7,453.48,22938772.0,10815858057.0,-1.825,-8.46
688013,天臣医疗,29.9,29.9,29.94,30.08,29.81,30.88,29.3,1470944.0,43684795.0,-0.598,-0.18
688015,交控科技,18.62,18.62,18.69,19.41,19.47,19.49,18.55,2308939.0,43452066.0,-4.07,-0.79
688016,心脉医疗,103.74,103.72,103.74,102.1,102.0,105.15,100.88,2317485.0,239108715.0,1.606,1.64
688017,绿的谐波,321.0,321.0,321.02,338.47,332.8,341.2,318.8,17464950.0,5763150591.0,-5.161,-17.47
688018,乐鑫科技,181.08,181.05,181.08,183.45,183.5,192.5,180.2,7693009.0,1432345429.0,-1.292,-2.37
688019,安集科技,312.88,312.82,312.88,339.3,338.0,348.5,312.5,8775564.0,2893170571.0,-7.787,-26.42
688020,方邦股份,153.88,153.88,153.92,167.2,167.28,168.88,151.88,5945524.0,950171200.0,-7.967,-13.32
688021,奥福科技,24.73,24.66,24.73,25.68,25.55,25.97,24.2,1958189.0,48546548.0,-3.699,-0.95
688022,ST瀚川,8.95,8.95,8.96,8.95,9.18,9.33,8.95,3183705.0,29016167.0,0.0,0.0
688023,安恒信息,43.32,43.21,43.32,44.2,44.19,44.6,43.1,1878569.0,82028493.0,-1.991,-0.88
688025,杰普特,422.0,422.0,422.14,451.59,459.59,460.0,413.2,4153449.0,1793466681.0,-6.552,-29.59
688026,洁特生物,14.54,14.54,14.56,14.86,14.69,14.84,14.21,2169152.0,31415055.0,-2.153,-0.32
688027,国盾量子,584.54,584.54,584.69,617.17,612.0,616.3,578.78,3840501.0,2295917236.0,-5.287,-32.63
688028,沃尔德,122.22,122.22,122.29,128.79,125.79,128.0,120.0,7422133.0,918241850.0,-5.101,-6.57
688029,南微医学,81.21,81.21,81.22,79.69,79.9,81.37,78.4,1735382.0,138332428.0,1.907,1.52
688030,山石网科,17.46,17.46,17.48,17.95,17.87,18.07,17.3,2428206.0,42690906.0,-2.73,-0.49
688031,星环科技,114.31,114.31,114.33,122.59,124.8,128.08,113.2,7689180.0,910046136.0,-6.754,-8.28
688032,禾迈股份,99.34,99.33,99.34,100.3,100.01,103.85,98.35,1735658.0,174924880.0,-0.957,-0.96
688033,*ST天宜,7.85,7.85,7.86,7.94,8.0,8.0,7.77,5899523.0,46345901.0,-1.134,-0.09
688035,德邦科技,82.3,82.3,82.51,89.09,88.04,89.95,81.55,13745723.0,1175420975.0,-7.622,-6.79
688036,传音控股,61.55,61.52,61.55,62.9,62.81,63.5,60.92,13175394.0,816304037.0,-2.146,-1.35
688037,芯源微,260.5,260.5,260.55,268.37,271.6,280.88,259.61,9176480.0,2477417275.0,-2.933,-7.87
688038,中科通达,18.34,18.34,18.35,19.06,18.89,19.12,18.22,3036890.0,56355025.0,-3.778,-0.72
688039,当虹科技,42.94,42.94,42.95,45.09,45.76,45.76,42.6,2906427.0,127355232.0,-4.768,-2.15
688041,海光信息,316.79,316.78,316.79,341.16,343.0,343.0,316.66,46566611.0,15269586589.0,-7.143,-24.37
688045,必易微,66.75,66.66,66.75,68.0,67.5,70.23,66.0,3508488.0,238041942.0,-1.838,-1.25
688046,药康生物,20.53,20.52,20.53,20.34,20.29,21.09,20.02,3932853.0,80694166.0,0.934,0.19
688047,龙芯中科,153.62,153.62,153.68,159.67,162.0,163.4,152.01,12236625.0,1932264197.0,-3.789,-6.05
688048,长光华芯,360.34,360.08,360.34,357.8,357.8,375.88,350.02,12484667.0,4552454897.0,0.71,2.54
688049,炬芯科技,49.37,49.37,49.38,49.75,49.69,51.7,49.3,9544718.0,480482347.0,-0.764,-0.38
688050,爱博医疗,43.1,43.1,43.17,43.9,43.9,44.21,42.3,3601637.0,155513109.0,-1.822,-0.8
688051,佳华科技,33.95,33.95,33.98,36.73,36.59,36.73,33.73,3764331.0,131195717.0,-7.569,-2.78
688052,纳芯微,263.0,263.0,263.04,252.12,259.5,272.5,255.15,5604463.0,1487859965.0,4.315,10.88
688053,ST思科瑞,38.43,38.2,38.43,40.0,40.36,40.36,38.0,1413377.0,55197381.0,-3.925,-1.57
688055,龙腾光电,5.64,5.64,5.65,5.97,5.76,6.18,5.55,73966425.0,429115357.0,-5.528,-0.33
688056,莱伯泰科,32.77,32.7,32.77,34.29,34.28,34.28,32.4,1390497.0,45841103.0,-4.433,-1.52
688057,金达莱,14.89,14.88,14.89,14.91,14.81,15.12,14.12,8919143.0,130499883.0,-0.134,-0.02
688058,宝兰德,26.38,26.37,26.38,27.67,27.65,27.67,26.17,1441008.0,38401803.0,-4.662,-1.29
688059,华锐精密,148.68,148.66,148.68,151.0,150.0,152.4,146.0,3389487.0,503803053.0,-1.536,-2.32
688060,云涌科技,40.77,40.77,40.9,42.8,42.36,43.43,40.12,915217.0,37680639.0,-4.743,-2.03
688061,灿瑞科技,39.83,39.79,39.83,41.24,41.48,41.5,39.59,2444932.0,98764231.0,-3.419,-1.41
688062,迈威生物,32.11,32.11,32.12,32.12,31.9,32.48,31.5,6405882.0,204875645.0,-0.031,-0.01
688063,XD派能科,72.36,72.36,72.42,72.61,72.5,76.9,71.86,13167918.0,979210353.0,-0.344,-0.25
688065,凯赛生物,41.76,41.76,41.77,42.81,42.8,43.49,41.62,4321003.0,182300794.0,-2.453,-1.05
688066,*ST航图,12.79,12.79,12.8,13.01,13.11,13.24,12.55,5914260.0,75997251.0,-1.691,-0.22
688067,爱威科技,25.26,25.26,25.31,25.91,25.91,26.16,24.8,1303693.0,33105436.0,-2.509,-0.65
688068,热景生物,85.86,85.86,85.87,86.07,84.31,88.88,84.31,1279584.0,111040128.0,-0.244,-0.21
688069,德林海,59.39,59.39,59.4,59.5,60.0,60.88,58.06,3526061.0,211000145.0,-0.185,-0.11
688070,纵横股份,43.57,43.56,43.57,44.91,44.56,45.36,43.23,1456441.0,64096084.0,-2.984,-1.34
688071,华依科技,35.0,35.0,35.04,37.19,37.01,37.1,34.5,4519638.0,160983010.0,-5.889,-2.19
688072,拓荆科技,667.0,667.0,667.01,750.0,742.5,744.0,664.97,13148609.0,9222581981.0,-11.067,-83.0
688073,毕得医药,53.83,53.77,53.83,53.92,53.85,55.48,52.74,1433984.0,77351050.0,-0.167,-0.09
688075,安旭生物,35.76,35.55,35.76,36.3,36.35,36.4,35.24,344012.0,12233879.0,-1.488,-0.54
688076,ST诺泰,29.73,29.73,29.78,30.45,30.42,30.42,29.6,2372716.0,71040360.0,-2.365,-0.72
688077,大地熊,28.63,28.62,28.63,30.17,30.2,30.2,28.48,3209088.0,93119065.0,-5.104,-1.54
688078,龙软科技,24.32,24.32,24.35,25.18,25.19,25.19,23.83,1248692.0,30427378.0,-3.415,-0.86
688079,美迪凯,22.6,22.59,22.6,24.56,25.62,25.92,22.01,55952149.0,1335193321.0,-7.98,-1.96
688080,映翰通,43.8,43.76,43.8,46.25,46.11,46.23,43.54,2630967.0,117676163.0,-5.297,-2.45
688081,兴图新科,55.6,55.6,55.61,59.35,59.0,59.79,54.8,3096862.0,175672597.0,-6.318,-3.75
688082,盛美上海,241.0,241.0,241.18,256.98,256.98,265.0,237.39,13979879.0,3489431396.0,-6.218,-15.98
688083,中望软件,59.6,59.6,59.61,60.87,61.6,62.45,58.99,3163481.0,191517543.0,-2.086,-1.27
688084,晶品特装,56.0,56.0,56.01,58.4,58.43,58.69,55.34,1586122.0,89760328.0,-4.11,-2.4
688085,三友医疗,15.86,15.83,15.86,16.66,16.71,16.72,15.64,6780192.0,108275643.0,-4.802,-0.8
688087,英科再生,38.58,38.58,38.59,41.97,41.77,41.97,37.86,4807707.0,189389020.0,-8.077,-3.39
688088,虹软科技,42.98,42.98,42.99,43.81,43.8,44.88,42.85,9017831.0,395080905.0,-1.895,-0.83
688089,嘉必优,13.1,13.09,13.1,13.65,13.65,13.65,12.92,4332632.0,56977551.0,-4.029,-0.55
688090,瑞松科技,89.36,89.36,89.5,90.88,90.88,95.29,88.69,5335713.0,489694025.0,-1.673,-1.52
688091,上海谊众,61.52,61.51,61.52,57.56,57.36,61.6,56.18,10246744.0,608165373.0,6.88,3.96
688092,爱科科技,26.92,26.91,26.92,28.05,28.09,28.09,26.79,1254182.0,34018459.0,-4.029,-1.13
688093,世华科技,35.11,35.1,35.11,34.14,33.92,35.98,33.57,8786796.0,308784298.0,2.841,0.97
688095,福昕软件,72.69,72.68,72.69,75.36,74.0,76.75,72.37,2263573.0,167892711.0,-3.543,-2.67
688096,京源环保,12.42,12.42,12.45,12.88,12.76,12.96,12.2,10906458.0,136025070.0,-3.571,-0.46
688097,博众精工,57.48,57.44,57.48,58.5,59.3,59.67,57.2,7709243.0,450646330.0,-1.744,-1.02
688098,申联生物,7.98,7.98,7.99,8.06,8.07,8.12,7.91,2037123.0,16273558.0,-0.993,-0.08
688099,晶晨股份,114.56,114.55,114.56,112.73,113.01,121.1,112.5,22641131.0,2643302537.0,1.623,1.83
688100,威胜信息,38.71,38.69,38.71,39.37,39.23,40.16,38.45,4362360.0,170875245.0,-1.676,-0.66
688101,三达膜,18.04,18.03,18.04,17.9,17.9,18.84,17.7,8271611.0,151145031.0,0.782,0.14
688102,斯瑞新材,37.08,37.08,37.15,38.59,38.91,39.55,36.48,21328987.0,804197649.0,-3.913,-1.51
688103,国力电子,64.6,64.6,64.62,64.86,64.34,65.75,63.65,1862753.0,120515574.0,-0.401,-0.26
688105,诺唯赞,20.1,20.03,20.1,20.39,20.35,20.77,19.73,3167430.0,63902000.0,-1.422,-0.29
688106,金宏气体,26.07,26.06,26.07,26.61,26.51,27.11,25.71,29740977.0,783644092.0,-2.029,-0.54
688107,安路科技,45.88,45.84,45.88,46.94,47.52,48.13,45.2,12695676.0,588683271.0,-2.258,-1.06
688108,赛诺医疗,18.49,18.49,18.5,18.63,18.6,19.01,18.4,9614253.0,179215704.0,-0.751,-0.14
688109,品茗科技,82.74,82.74,82.8,84.7,85.18,86.78,81.86,900733.0,74721590.0,-2.314,-1.96
688110,东芯股份,148.0,147.99,148.0,155.13,157.71,160.42,147.3,31189253.0,4802729217.0,-4.596,-7.13
688111,金山办公,236.52,236.52,236.53,242.68,242.68,246.59,235.97,9134729.0,2199813256.0,-2.538,-6.16
688112,鼎阳科技,70.26,70.25,70.26,68.97,69.0,72.88,66.85,3826587.0,270387771.0,1.87,1.29
688113,联测科技,42.24,42.24,42.27,43.28,43.85,43.85,42.01,1514656.0,64624209.0,-2.403,-1.04
688114,华大智造,52.49,52.48,52.49,53.43,53.46,54.31,51.71,4317034.0,228148484.0,-1.759,-0.94
688115,思林杰,57.15,57.15,57.2,58.1,58.57,58.66,56.61,1274808.0,73265381.0,-1.635,-0.95
688116,天奈科技,44.8,44.79,44.8,44.12,44.75,46.26,44.04,22650763.0,1024538659.0,1.541,0.68
688117,圣诺生物,34.58,34.58,34.61,35.49,35.35,35.35,34.3,1743577.0,60621592.0,-2.564,-0.91
688118,普元信息,23.79,23.79,23.8,24.62,24.61,24.84,23.66,2516527.0,60783636.0,-3.371,-0.83
688119,中钢洛耐,4.6,4.59,4.6,4.76,4.75,4.83,4.59,13706017.0,64036531.0,-3.361,-0.16
688120,华海清科,281.98,281.9,281.98,294.82,291.2,302.91,281.08,11531103.0,3364169160.0,-4.355,-12.84
688121,卓然股份,6.48,0.0,0.0,6.48,0.0,0.0,0.0,0.0,0.0,0.0,0.0
688122,西部超导,70.21,70.2,70.21,69.74,69.08,72.5,69.0,26317416.0,1863684906.0,0.674,0.47
688123,聚辰股份,141.41,141.41,141.46,147.5,152.3,153.0,140.09,12614473.0,1853589770.0,-4.129,-6.09
688125,安达智能,180.37,180.3,180.37,174.01,177.14,194.97,177.14,963129.0,178497445.0,3.655,6.36
688126,沪硅产业,28.07,28.07,28.08,26.9,27.01,28.96,26.1,199881448.0,5497874435.0,4.349,1.17
688127,蓝特光学,89.36,89.35,89.36,90.46,91.01,93.77,88.4,13242718.0,1206348211.0,-1.216,-1.1
688128,中国电研,25.74,25.74,25.75,26.56,26.5,26.95,25.56,3964845.0,103218461.0,-3.087,-0.82
688129,东来技术,31.13,31.13,31.25,32.55,32.5,33.0,30.88,1823892.0,57846626.0,-4.363,-1.42
688130,晶华微,27.77,27.73,27.77,27.85,28.0,28.87,27.58,2689782.0,75677792.0,-0.287,-0.08
688131,皓元医药,78.16,78.15,78.16,78.79,78.79,79.74,76.63,5490367.0,430010405.0,-0.8,-0.63
688132,邦彦技术,16.02,16.02,16.05,16.63,16.7,16.7,15.89,1517076.0,24466585.0,-3.668,-0.61
688133,泰坦科技,25.27,25.27,25.3,25.53,25.8,27.6,24.92,9656348.0,252646777.0,-1.018,-0.26
688135,利扬芯片,38.4,38.4,38.42,40.51,41.5,41.75,38.05,21260436.0,848202832.0,-5.209,-2.11
688136,科兴制药,21.32,21.28,21.32,21.7,21.53,21.82,21.06,3707913.0,79426718.0,-1.751,-0.38
688137,近岸蛋白,44.48,44.47,44.48,45.2,45.3,45.41,43.8,671878.0,29747298.0,-1.593,-0.72
688138,清溢光电,33.31,33.31,33.33,34.02,34.34,35.26,33.14,11898261.0,407356396.0,-2.087,-0.71
688139,海尔生物,34.02,34.01,34.02,35.59,35.13,35.57,33.66,9140799.0,313588145.0,-4.411,-1.57
688141,杰华特,97.74,97.7,97.74,99.34,102.0,105.0,97.27,16689548.0,1694295107.0,-1.611,-1.6
688143,长盈通,149.01,149.01,149.02,143.84,146.5,153.08,141.0,8730256.0,1284984060.0,3.594,5.17
688146,中船特气,155.0,155.0,155.01,142.0,144.0,165.47,139.0,19603380.0,3007315830.0,9.155,13.0
688147,微导纳米,80.2,80.2,80.23,84.78,84.78,87.3,79.51,13287998.0,1101129795.0,-5.402,-4.58
688148,芳源股份,8.95,8.95,8.96,9.22,9.13,9.34,8.84,16436043.0,148696636.0,-2.928,-0.27
688150,莱特光电,55.26,55.23,55.26,62.02,61.4,61.4,54.44,28171826.0,1622741401.0,-10.9,-6.76
688151,华强科技,17.78,17.78,17.8,18.37,18.31,18.56,17.73,1957722.0,35132201.0,-3.212,-0.59
688152,麒麟信安,34.63,34.63,34.67,36.1,35.74,36.06,34.41,1472045.0,51573560.0,-4.072,-1.47
688153,唯捷创芯,32.03,32.03,32.06,33.0,33.08,33.73,31.93,7245940.0,237531605.0,-2.939,-0.97
688155,先惠技术,88.25,88.25,88.28,90.36,91.43,93.35,87.0,3537225.0,318189654.0,-2.335,-2.11
688156,路德科技,26.13,26.13,26.14,26.9,26.77,26.96,25.93,3070355.0,80685366.0,-2.862,-0.77
688157,松井股份,30.76,30.76,30.77,32.18,31.98,32.43,30.4,2222016.0,69235223.0,-4.413,-1.42
688158,优刻得,40.28,40.27,40.28,41.7,41.8,42.18,39.83,27570693.0,1125962871.0,-3.405,-1.42
688159,有方科技,50.4,50.39,50.4,52.59,52.61,52.79,49.83,5083786.0,259766430.0,-4.164,-2.19
688160,步科股份,123.93,123.93,123.95,134.53,132.0,132.66,123.17,5172230.0,657562568.0,-7.879,-10.6
688161,威高骨科,27.08,27.02,27.08,27.11,27.3,27.43,26.82,986536.0,26768907.0,-0.111,-0.03
688162,巨一科技,34.74,34.74,34.76,35.93,35.8,36.4,34.41,2984736.0,105156726.0,-3.312,-1.19
688163,赛伦生物,36.5,36.5,36.62,36.92,37.39,37.88,36.31,1517684.0,55822150.0,-1.138,-0.42
688165,埃夫特,20.29,20.29,20.3,21.98,21.0,21.49,20.02,23860864.0,494004690.0,-7.689,-1.69
688166,博瑞医药,54.73,54.73,54.78,54.7,53.81,56.2,53.45,9667611.0,531693958.0,0.055,0.03
688167,炬光科技,453.0,452.86,453.0,463.01,464.64,490.0,448.91,5672916.0,2673573023.0,-2.162,-10.01
688168,安博通,63.19,63.15,63.19,64.4,64.33,65.48,62.15,2831294.0,180629287.0,-1.879,-1.21
688169,石头科技,117.0,117.0,117.01,121.95,121.6,122.2,117.0,8608666.0,1024514772.0,-4.059,-4.95
688170,德龙激光,88.99,88.99,89.0,87.43,90.74,95.65,85.5,12594083.0,1141354266.0,1.784,1.56
688171,纬德信息,60.23,60.22,60.23,62.34,62.02,62.02,58.71,2909941.0,174870077.0,-3.385,-2.11
688172,燕东微,65.15,65.15,65.2,63.78,61.5,69.99,61.5,29883640.0,1984216180.0,2.148,1.37
688173,希荻微,18.2,18.19,18.2,18.55,18.66,19.35,18.07,14267773.0,265488151.0,-1.887,-0.35
688175,高凌信息,34.85,34.85,35.01,36.18,36.16,36.36,34.82,1713264.0,60796389.0,-3.676,-1.33
688176,亚虹医药,11.63,11.62,11.63,11.92,11.98,11.98,11.59,7388806.0,86786480.0,-2.433,-0.29
688177,百奥泰,19.16,19.16,19.18,19.51,19.55,19.64,18.97,2301810.0,44175566.0,-1.794,-0.35
688178,万德斯,32.52,32.52,32.55,33.34,33.3,33.77,32.16,1030004.0,33789330.0,-2.46,-0.82
688179,阿拉丁,21.8,21.77,21.8,22.26,22.26,22.69,21.2,12367841.0,270109764.0,-2.066,-0.46
688180,君实生物,34.35,34.34,34.35,35.2,35.55,35.55,33.96,13196500.0,455296143.0,-2.415,-0.85
688181,八亿时空,44.9,44.9,44.91,44.06,48.0,48.0,43.75,15939238.0,726461292.0,1.906,0.84
688182,灿勤科技,36.1,36.1,36.12,37.17,37.47,37.98,35.87,10740026.0,396932904.0,-2.879,-1.07
688183,生益电子,133.3,133.3,133.31,132.1,131.8,138.0,127.0,65485317.0,8725172298.0,0.908,1.2
688184,ST帕瓦,12.99,12.97,12.99,13.59,13.58,13.7,12.9,1610784.0,21341268.0,-4.415,-0.6
688185,康希诺,60.39,60.39,60.45,62.36,62.18,62.18,59.71,2304627.0,139581050.0,-3.159,-1.97
688186,广大特材,20.39,20.39,20.41,20.56,20.76,21.19,20.32,9004943.0,185605568.0,-0.827,-0.17
688187,时代电气,61.88,61.82,61.88,58.49,58.0,63.9,58.0,24046712.0,1490677765.0,5.796,3.39
688188,柏楚电子,163.4,163.39,163.4,169.57,169.87,171.19,162.05,4337663.0,720815775.0,-3.639,-6.17
688189,南新制药,8.73,8.73,8.74,9.11,9.11,9.11,8.5,12022217.0,105184902.0,-4.171,-0.38
688190,云路股份,119.8,119.8,119.91,113.97,112.57,125.36,111.5,5440110.0,651450129.0,5.115,5.83
688191,智洋创新,53.17,53.17,53.3,56.5,56.4,57.5,52.72,5880114.0,319031134.0,-5.894,-3.33
688192,迪哲医药,54.42,54.4,54.42,54.14,53.82,55.61,52.7,3697449.0,200332905.0,0.517,0.28
688193,仁度生物,51.24,51.11,51.24,52.98,52.98,52.98,49.57,790304.0,40292694.0,-3.284,-1.74
688195,腾景科技,326.65,326.65,326.7,323.8,322.38,342.95,319.08,7454960.0,2467304662.0,0.88,2.85
688196,卓越新能,43.87,43.83,43.87,43.71,43.77,44.49,42.81,1231685.0,53596965.0,0.366,0.16
688197,首药控股,38.0,38.0,38.08,38.75,38.87,38.87,36.98,1908140.0,72080689.0,-1.935,-0.75
688198,佰仁医疗,87.45,87.29,87.45,87.83,87.85,89.55,86.66,493437.0,43288236.0,-0.433,-0.38
688199,久日新材,28.67,28.65,28.67,29.8,29.99,30.44,28.51,7517461.0,219578287.0,-3.792,-1.13
688200,华峰测控,409.33,409.33,409.38,442.01,435.0,437.0,406.66,4180148.0,1765630455.0,-7.393,-32.68
688201,ST信安,8.22,8.21,8.22,8.41,8.39,8.42,8.12,5900945.0,48523503.0,-2.259,-0.19
688202,美迪西,60.78,60.7,60.78,61.71,61.14,62.0,59.48,3297396.0,199569545.0,-1.507,-0.93
688203,海正生材,13.28,13.27,13.28,13.49,13.6,13.69,12.94,4502643.0,59695335.0,-1.557,-0.21
688205,德科立,239.2,239.19,239.2,242.2,242.9,248.88,235.6,9184650.0,2220241289.0,-1.239,-3.0
688206,概伦电子,40.75,40.74,40.75,45.04,42.88,43.0,39.01,28638369.0,1179940554.0,-9.525,-4.29
688207,格灵深瞳,16.95,16.95,16.96,17.55,17.55,17.57,16.83,9916880.0,170336061.0,-3.419,-0.6
688208,道通科技,36.14,36.11,36.14,37.89,37.65,38.5,35.92,18433573.0,681844469.0,-4.619,-1.75
688209,英集芯,25.31,25.24,25.31,25.64,25.51,26.2,25.0,12756802.0,327821368.0,-1.287,-0.33
688210,统联精密,48.2,48.15,48.2,48.89,48.94,49.2,46.6,5536949.0,264647700.0,-1.411,-0.69
688211,中科微至,35.82,35.8,35.82,37.49,37.7,37.7,35.61,2073387.0,75084437.0,-4.455,-1.67
688212,澳华内镜,31.76,31.76,31.84,32.5,32.51,32.67,31.46,1335954.0,42581996.0,-2.277,-0.74
688213,思特威,108.27,108.27,108.28,108.71,109.28,113.25,107.66,15916221.0,1755656743.0,-0.405,-0.44
688215,瑞晟智能,74.0,74.0,74.01,73.66,73.66,75.3,72.27,1036902.0,76728085.0,0.462,0.34
688216,气派科技,38.06,38.05,38.06,39.59,39.2,40.78,37.58,8455653.0,328082186.0,-3.865,-1.53
688217,睿昂基因,26.0,25.96,26.0,26.9,26.77,27.15,25.3,1213692.0,31508735.0,-3.346,-0.9
688218,江苏北人,42.4,42.4,42.46,44.66,44.78,45.0,40.2,8026062.0,339328492.0,-5.06,-2.26
688219,会通股份,11.75,11.74,11.75,12.03,12.03,12.14,11.63,10590866.0,125418058.0,-2.328,-0.28
688220,翱捷科技,113.0,113.0,113.02,110.7,110.7,118.92,109.31,15555483.0,1786078685.0,2.078,2.3
688221,前沿生物,21.39,21.39,21.4,21.03,20.9,21.66,20.72,13194849.0,280217128.0,1.712,0.36
688222,成都先导,31.65,31.65,31.66,33.31,32.98,33.98,31.43,28837255.0,939987359.0,-4.983,-1.66
688223,晶科能源,6.11,6.11,6.12,6.24,6.23,6.48,6.08,155590462.0,972125081.0,-2.083,-0.13
688225,亚信安全,15.68,15.64,15.68,16.1,16.01,16.23,15.58,5214853.0,82623727.0,-2.609,-0.42
688226,威腾电气,54.0,54.0,54.02,54.43,54.43,55.97,52.88,8688687.0,471520166.0,-0.79,-0.43
688227,品高股份,81.0,81.0,81.18,85.28,85.62,85.67,80.18,3752724.0,308472741.0,-5.019,-4.28
688228,开普云,96.49,96.49,96.5,103.51,103.5,104.04,96.23,3279760.0,325896426.0,-6.782,-7.02
688229,博睿数据,85.56,85.27,85.56,90.08,89.26,91.33,84.5,2140928.0,187450608.0,-5.018,-4.52
688230,芯导科技,72.3,72.3,72.37,73.53,73.72,75.59,71.96,2185590.0,160934533.0,-1.673,-1.23
688231,隆达股份,52.01,52.01,52.08,51.56,52.2,54.5,51.2,4050581.0,212930233.0,0.873,0.45
688232,新点软件,20.53,20.53,20.54,21.34,21.1,21.54,20.45,2915103.0,60737264.0,-3.796,-0.81
688233,神工股份,89.74,89.71,89.74,93.09,95.07,95.88,89.2,7080302.0,651754644.0,-3.599,-3.35
688234,天岳先进,166.99,166.98,166.99,154.0,159.0,180.75,158.67,29993488.0,5105821122.0,8.435,12.99
688235,百济神州,239.38,239.38,239.39,244.08,240.03,243.0,235.03,3876214.0,925425977.0,-1.926,-4.7
688236,春立医疗,16.58,16.5,16.58,17.05,16.95,17.18,16.31,2445614.0,40657734.0,-2.757,-0.47
688237,超卓航科,47.8,47.8,47.88,48.8,48.8,48.96,46.91,1175066.0,55817172.0,-2.049,-1.0
688238,和元生物,5.93,5.93,5.94,6.05,6.03,6.07,5.88,7639457.0,45493222.0,-1.983,-0.12
688239,航宇科技,65.3,65.26,65.3,66.67,66.95,67.8,64.4,4786572.0,316887538.0,-2.055,-1.37
688244,永信至诚,17.46,17.46,17.48,18.17,18.13,18.33,17.32,2336338.0,41350494.0,-3.908,-0.71
688246,嘉和美康,24.7,24.69,24.7,24.58,24.32,26.29,24.32,6882659.0,174697502.0,0.488,0.12
688247,宣泰医药,8.51,8.51,8.52,8.64,8.55,8.64,8.36,2428410.0,20594871.0,-1.505,-0.13
688248,南网科技,57.77,57.77,57.8,58.66,58.06,60.88,57.5,4985217.0,295010832.0,-1.517,-0.89
688249,晶合集成,43.0,43.0,43.01,41.62,42.2,44.73,41.99,64442165.0,2815908635.0,3.316,1.38
688251,井松智能,26.35,26.35,26.38,27.3,27.23,27.52,26.05,2746848.0,73683358.0,-3.48,-0.95
688252,天德钰,23.8,23.8,23.83,24.42,24.49,24.86,23.67,10312670.0,250178565.0,-2.539,-0.62
688253,英诺特,61.45,61.3,61.45,64.71,64.75,66.84,61.1,2691374.0,167157071.0,-5.038,-3.26
688255,凯尔达,32.2,32.2,32.26,33.38,33.0,33.68,32.08,3758290.0,122996882.0,-3.535,-1.18
688256,寒武纪,1340.0,1340.0,1340.4,1410.96,1385.0,1412.99,1334.0,13802949.0,18926941351.0,-5.029,-70.96
688257,新锐股份,101.01,101.01,101.08,100.54,99.97,105.57,98.56,15730917.0,1605948098.0,0.467,0.47
688258,卓易信息,131.9,131.9,131.94,140.92,140.0,140.82,131.6,5570433.0,758543319.0,-6.401,-9.02
688259,创耀科技,40.6,40.6,40.63,42.49,42.11,42.4,40.13,4922127.0,202824904.0,-4.448,-1.89
688260,昀冢科技,84.77,84.77,84.78,81.04,77.99,87.12,77.0,12232504.0,1023046689.0,4.603,3.73
688261,东微半导,93.48,93.48,93.49,88.5,87.62,98.99,86.44,14764371.0,1384189342.0,5.627,4.98
688262,国芯科技,39.49,39.49,39.5,40.95,41.26,42.18,39.2,20044700.0,820034271.0,-3.565,-1.46
688265,南模生物,36.31,36.38,36.39,37.15,37.07,37.97,35.66,623896.0,22624110.0,-2.261,-0.84
688266,泽璟制药,100.78,100.78,100.79,98.54,97.5,102.0,96.26,3523555.0,352379803.0,2.273,2.24
688267,中触媒,34.16,34.15,34.16,34.52,34.18,34.8,33.61,2705871.0,92018487.0,-1.043,-0.36
688268,华特气体,159.31,159.3,159.31,158.0,158.0,167.8,155.1,8119780.0,1304583425.0,0.829,1.31
688269,凯立新材,39.16,39.12,39.16,41.88,41.86,41.86,38.89,3470864.0,138915244.0,-6.495,-2.72
688270,ST臻镭,128.75,128.72,128.75,125.19,127.64,134.0,126.6,10809278.0,1407868445.0,2.844,3.56
688271,联影医疗,121.91,121.9,121.91,117.8,116.85,123.29,116.81,14675486.0,1761517868.0,3.489,4.11
688272,富吉瑞,35.97,35.95,35.97,34.7,35.56,36.26,34.82,2028284.0,72299195.0,3.66,1.27
688273,麦澜德,41.49,41.49,41.6,44.45,44.45,45.73,41.46,2683083.0,115435650.0,-6.659,-2.96
688275,万润新能,137.77,137.77,137.79,139.18,139.0,142.88,135.0,3228979.0,450088290.0,-1.013,-1.41
688276,百克生物,15.99,15.99,16.01,16.37,16.44,16.53,15.7,3263590.0,52184284.0,-2.321,-0.38
688277,天智航,18.18,18.18,18.21,18.8,18.73,18.97,18.0,8266546.0,151623225.0,-3.298,-0.62
688278,特宝生物,55.5,55.47,55.5,56.9,56.31,56.58,55.3,3477595.0,194008488.0,-2.46,-1.4
688279,峰岹科技,231.34,231.34,231.48,243.7,246.32,248.57,229.82,3097481.0,731706306.0,-5.072,-12.36
688280,精进电动,5.82,5.81,5.82,6.04,6.01,6.07,5.7,18302022.0,106696278.0,-3.642,-0.22
688281,华秦科技,79.45,79.45,79.58,82.51,82.16,83.49,79.19,3311143.0,268052204.0,-3.709,-3.06
688282,理工导航,81.2,81.2,81.24,86.0,84.55,85.99,80.89,1608489.0,132796085.0,-5.581,-4.8
688283,坤恒顺维,41.15,41.15,41.17,43.37,43.2,43.37,40.76,1772563.0,74073253.0,-5.119,-2.22
688285,高铁电气,8.26,8.25,8.26,8.62,8.63,8.63,8.17,3749277.0,31202681.0,-4.176,-0.36
688286,敏芯股份,70.16,70.16,70.29,72.72,72.72,73.45,69.6,2150756.0,153979473.0,-3.52,-2.56
688287,退市观典,0.37,0.36,0.37,0.39,0.39,0.4,0.36,10426911.0,3898528.0,-5.128,-0.02
688288,鸿泉技术,21.74,21.74,21.78,22.25,22.24,22.46,21.44,2145458.0,46754575.0,-2.292,-0.51
688289,圣湘生物,16.64,16.64,16.67,17.55,17.54,17.63,16.58,7593441.0,128998934.0,-5.185,-0.91
688290,景业智能,65.0,65.0,65.08,67.49,68.84,69.0,64.0,1762363.0,116384556.0,-3.689,-2.49
688291,金橙子,52.82,52.82,52.9,52.45,53.17,55.0,52.2,3798860.0,202845978.0,0.705,0.37
688292,浩瀚深度,24.18,24.18,24.2,25.4,25.42,26.18,23.8,8396040.0,209091241.0,-4.803,-1.22
688293,奥浦迈,44.86,44.86,44.95,44.65,44.88,45.22,43.9,727719.0,32534952.0,0.47,0.21
688295,中复神鹰,50.25,50.24,50.25,51.75,51.73,51.74,49.57,10289599.0,519528546.0,-2.899,-1.5
688296,和达科技,15.28,15.28,15.3,15.79,15.71,15.88,14.73,2784209.0,42562211.0,-3.23,-0.51
688297,中无人机,43.76,43.76,43.77,44.69,44.53,45.09,43.48,7056118.0,309724007.0,-2.081,-0.93
688298,东方生物,21.44,21.44,21.46,21.62,21.63,21.7,21.22,1475707.0,31614237.0,-0.833,-0.18
688299,长阳科技,18.38,18.37,18.38,19.08,18.91,19.27,18.23,10187652.0,190511373.0,-3.669,-0.7
688300,联瑞新材,146.89,146.8,146.89,157.5,160.0,162.37,145.06,12529351.0,1885887946.0,-6.737,-10.61
688301,奕瑞科技,192.01,192.01,192.14,183.86,190.87,206.0,190.0,10016554.0,1955384620.0,4.433,8.15
688302,海创药业,40.83,40.77,40.83,41.26,41.87,41.87,40.37,1010671.0,41231333.0,-1.042,-0.43
688303,大全能源,19.48,19.48,19.49,19.52,19.65,20.37,19.14,18589712.0,364446856.0,-0.205,-0.04
688305,科德数控,65.34,65.33,65.34,68.1,67.25,68.8,65.1,4681469.0,310992199.0,-4.053,-2.76
688306,均普智能,10.11,10.1,10.11,10.59,10.6,10.75,9.93,23446448.0,240364060.0,-4.533,-0.48
688307,中润光学,79.58,79.55,79.58,81.58,80.5,81.82,78.76,6191342.0,495738284.0,-2.452,-2.0
688308,欧科亿,145.2,145.2,146.1,139.88,134.02,150.48,134.02,16575140.0,2385276993.0,3.803,5.32
688309,恒誉环保,69.8,69.8,70.0,73.05,73.0,73.9,69.33,2480984.0,176223088.0,-4.449,-3.25
688310,迈得医疗,18.29,18.26,18.29,18.3,18.3,18.66,17.92,6958299.0,127148677.0,-0.055,-0.01
688311,盟升电子,29.51,29.51,29.54,30.6,31.0,31.0,29.22,4141911.0,123736772.0,-3.562,-1.09
688312,燕麦科技,88.65,88.64,88.65,96.0,97.0,101.48,88.01,8433577.0,804457582.0,-7.656,-7.35
688313,仕佳光子,155.0,155.0,155.03,171.08,160.0,162.78,149.2,51072808.0,7973951554.0,-9.399,-16.08
688314,康拓医疗,37.28,37.28,37.29,37.8,37.76,37.95,36.51,878007.0,32489946.0,-1.376,-0.52
688315,诺禾致源,15.07,15.07,15.08,15.35,15.34,15.42,14.77,4289348.0,64553124.0,-1.824,-0.28
688316,青云科技,65.23,65.23,65.28,68.85,68.88,68.88,64.75,2930511.0,194319446.0,-5.258,-3.62
688317,之江生物,23.13,23.13,23.14,23.37,23.11,24.5,22.98,10554866.0,249030064.0,-1.027,-0.24
688318,财富趋势,120.32,120.3,120.32,122.45,121.28,125.61,120.02,5081741.0,624553800.0,-1.739,-2.13
688319,欧林生物,38.14,38.14,38.15,37.05,37.46,38.9,36.52,11188213.0,424043887.0,2.942,1.09
688320,禾川科技,38.38,38.37,38.38,40.1,39.65,39.99,38.0,8122575.0,315411610.0,-4.289,-1.72
688321,微芯生物,27.44,27.43,27.44,27.63,27.62,27.86,27.21,7198659.0,198156071.0,-0.688,-0.19
688322,奥比中光,112.5,112.48,112.5,116.99,115.26,119.36,111.11,24470237.0,2787008734.0,-3.838,-4.49
688323,瑞华泰,38.38,38.38,38.39,37.37,37.55,40.0,36.0,22528539.0,853859561.0,2.703,1.01
688325,赛微微电,111.91,111.69,111.91,116.4,117.95,117.95,109.66,1808794.0,202932794.0,-3.857,-4.49
688326,经纬恒润,89.32,89.32,89.36,92.32,91.99,94.96,88.71,2718903.0,247938239.0,-3.25,-3.0
688327,云从科技,14.48,14.48,14.49,14.83,14.8,15.24,14.43,49605914.0,736560198.0,-2.36,-0.35
688328,深科达,68.45,68.45,68.47,70.1,72.34,73.5,67.5,5318029.0,372633317.0,-2.354,-1.65
688329,艾隆科技,24.75,24.75,24.82,25.57,25.89,25.89,24.34,3350869.0,83025553.0,-3.207,-0.82
688330,宏力达,39.05,38.91,39.05,39.93,39.62,40.08,38.7,1864394.0,73297098.0,-2.204,-0.88
688331,荣昌生物,112.69,112.57,112.69,114.0,113.5,114.57,109.01,7118051.0,800887793.0,-1.149,-1.31
688332,中科蓝讯,97.34,97.33,97.34,92.16,93.79,102.49,93.2,9320344.0,924935897.0,5.621,5.18
688333,铂力特,101.81,101.8,101.81,100.77,100.89,103.48,99.18,22144929.0,2248208010.0,1.032,1.04
688334,西高院,19.95,19.92,19.95,19.79,19.9,20.12,19.7,2535977.0,50600169.0,0.808,0.16
688335,复洁科技,28.98,28.98,29.04,31.88,31.88,32.4,28.94,9376898.0,283333261.0,-9.097,-2.9
688336,三生国健,61.94,61.94,61.95,60.25,59.85,63.63,59.16,5746022.0,354877345.0,2.805,1.69
688337,普源精电,63.64,63.61,63.64,62.9,63.0,67.94,62.88,7957433.0,520108234.0,1.176,0.74
688338,赛科希德,26.32,26.32,26.39,27.04,27.07,27.08,26.11,1081915.0,28606836.0,-2.663,-0.72
688339,亿华通,22.75,22.75,22.76,23.35,23.35,23.72,22.45,3982095.0,91359393.0,-2.57,-0.6
688343,云天励飞,74.26,74.25,74.26,77.01,77.62,78.19,73.8,10715915.0,813483075.0,-3.571,-2.75
688345,博力威,57.76,57.76,57.78,61.88,61.61,62.36,57.61,4260739.0,252021415.0,-6.658,-4.12
688347,华虹公司,215.61,215.61,215.63,222.42,217.98,230.5,214.57,40661617.0,8992329509.0,-3.062,-6.81
688348,昱能科技,43.88,43.88,43.92,43.97,44.3,45.85,43.43,2990535.0,133325163.0,-0.205,-0.09
688349,三一重能,21.33,21.32,21.33,21.8,21.79,22.29,21.18,7814870.0,168351129.0,-2.156,-0.47
688350,富淼科技,39.6,39.59,39.6,38.04,38.04,40.15,37.8,5303721.0,207085792.0,4.101,1.56
688351,微电生理,25.88,25.87,25.88,26.47,26.47,26.68,25.42,7296871.0,189727565.0,-2.229,-0.59
688352,颀中科技,17.88,17.87,17.88,18.99,18.48,18.8,17.21,62407032.0,1121972232.0,-5.845,-1.11
688353,华盛锂电,89.2,89.19,89.2,90.86,91.58,91.97,88.13,3711650.0,334920098.0,-1.827,-1.66
688355,明志科技,20.81,20.81,20.86,22.09,22.23,22.23,20.67,2989372.0,62945891.0,-5.794,-1.28
688356,键凯科技,77.17,77.17,77.29,79.15,79.11,79.5,77.17,1176355.0,91743304.0,-2.502,-1.98
688357,建龙微纳,32.52,32.52,32.53,34.26,34.26,34.46,32.27,1649902.0,54528820.0,-5.079,-1.74
688358,祥生医疗,34.5,34.5,34.51,35.97,35.99,36.56,34.19,3098831.0,107759689.0,-4.087,-1.47
688359,三孚新科,138.25,138.09,138.25,141.88,143.41,143.5,137.01,3261604.0,451894994.0,-2.559,-3.63
688360,德马科技,24.12,24.12,24.13,26.32,25.99,26.28,23.6,20636141.0,504656554.0,-8.359,-2.2
688361,中科飞测,234.69,234.68,234.69,245.0,245.9,260.66,231.0,12972542.0,3195678320.0,-4.208,-10.31
688362,甬矽电子,68.91,68.91,68.92,75.58,70.9,75.13,68.02,61949625.0,4432978000.0,-8.825,-6.67
688363,华熙生物,36.5,36.5,36.52,36.84,36.85,37.26,35.85,4223171.0,154396185.0,-0.923,-0.34
688365,光云科技,18.36,18.36,18.37,19.22,19.14,19.28,18.2,12140598.0,226778622.0,-4.475,-0.86
688366,昊海生科,33.71,33.7,33.71,34.15,34.02,34.14,33.3,568854.0,19113245.0,-1.288,-0.44
688367,工大高科,35.3,35.3,35.32,35.88,36.46,36.5,34.93,1915839.0,68110935.0,-1.616,-0.58
688368,晶丰明源,237.5,237.49,237.5,220.0,224.0,249.75,224.0,5840933.0,1385888502.0,7.955,17.5
688369,致远互联,21.88,21.88,21.89,22.6,22.64,22.87,21.71,3616927.0,80252715.0,-3.186,-0.72
688370,丛麟科技,23.46,23.37,23.46,24.4,25.0,25.0,22.81,2436688.0,56959304.0,-3.852,-0.94
688371,菲沃泰,37.67,37.66,37.67,40.41,40.27,42.45,36.74,21788907.0,852567850.0,-6.78,-2.74
688372,伟测科技,167.0,166.97,167.0,176.55,177.58,179.18,164.0,9416829.0,1616833726.0,-5.409,-9.55
688373,盟科药业,4.75,4.75,4.76,4.81,4.83,4.86,4.68,9054005.0,43106792.0,-1.247,-0.06
688375,国博电子,99.5,99.5,99.7,101.91,102.7,103.5,98.21,5348712.0,538373830.0,-2.365,-2.41
688376,美埃科技,74.85,74.66,74.85,78.49,77.64,79.2,74.1,2092540.0,160360210.0,-4.638,-3.64
688377,迪威尔,29.8,29.76,29.8,30.35,30.59,30.9,29.31,1787700.0,53690240.0,-1.812,-0.55
688378,奥来德,48.67,48.67,48.68,50.89,50.99,51.29,48.24,8466581.0,418033998.0,-4.362,-2.22
688379,华光新材,71.57,71.5,71.57,69.02,68.0,73.5,68.0,5186216.0,367230436.0,3.695,2.55
688380,中微半导,46.81,46.8,46.81,48.54,49.3,49.89,46.81,12101850.0,587605406.0,-3.564,-1.73
688381,帝奥微,44.9,44.9,44.91,44.8,45.5,48.5,44.0,19604257.0,897923395.0,0.223,0.1
688382,益方生物,19.61,19.61,19.62,19.4,19.23,20.0,18.92,13222246.0,258706216.0,1.082,0.21
688383,新益昌,150.43,150.41,150.43,145.75,145.0,154.6,141.0,3843293.0,578405999.0,3.211,4.68
688385,复旦微电,68.59,68.59,68.6,67.85,68.48,72.67,68.03,29484742.0,2069142363.0,1.091,0.74
688386,泛亚微透,85.5,85.49,85.5,91.5,92.71,93.98,84.29,3612098.0,314879437.0,-6.557,-6.0
688387,信科移动,17.49,17.49,17.5,17.9,18.22,18.23,17.26,55794080.0,987289371.0,-2.291,-0.41
688388,嘉元科技,44.31,44.3,44.31,46.39,46.42,46.5,43.83,25027470.0,1128278907.0,-4.484,-2.08
688389,普门科技,12.01,12.01,12.04,12.18,12.17,12.18,11.91,2719911.0,32687673.0,-1.396,-0.17
688390,固德威,148.6,148.53,148.6,138.53,140.08,159.97,139.38,10947305.0,1661872624.0,7.269,10.07
688391,钜泉科技,33.62,33.62,33.68,33.95,33.83,34.68,33.37,2501312.0,84926449.0,-0.972,-0.33
688392,骄成超声,152.84,152.58,152.84,157.17,161.5,166.0,150.1,5919575.0,937414622.0,-2.755,-4.33
688393,安必平,22.18,22.18,22.22,23.16,22.73,23.43,21.86,1854559.0,41320306.0,-4.231,-0.98
688395,正弦电气,28.38,28.38,28.39,29.31,29.35,29.4,27.8,2523569.0,71724735.0,-3.173,-0.93
688396,华润微,65.98,65.87,65.98,64.38,64.82,68.5,64.5,58404765.0,3900871381.0,2.485,1.6
688398,赛特新材,32.74,32.73,32.74,33.2,33.0,34.45,32.74,3655422.0,121777886.0,-1.386,-0.46
688399,硕世生物,55.99,55.99,56.18,55.75,56.86,57.42,55.2,1635767.0,92011462.0,0.43,0.24
688400,凌云光,64.96,64.95,64.96,68.6,68.3,69.18,64.01,23618136.0,1557029305.0,-5.306,-3.64
688401,路维光电,82.25,82.23,82.25,80.39,80.38,87.8,78.6,10182749.0,846135923.0,2.314,1.86
688403,汇成股份,20.19,20.19,20.2,21.6,21.76,22.17,19.98,75840079.0,1586292681.0,-6.528,-1.41
688408,中信博,37.84,37.84,37.85,37.61,37.61,39.24,37.58,5646991.0,217062742.0,0.612,0.23
688409,富创精密,158.8,158.79,158.8,164.0,165.0,171.0,158.13,8091448.0,1328771370.0,-3.171,-5.2
688410,山外山,17.98,17.97,17.98,17.39,17.25,18.17,16.88,12378039.0,218516623.0,3.393,0.59
688411,海博思创,276.61,276.6,276.61,283.93,280.2,299.88,273.0,10678681.0,3062245789.0,-2.578,-7.32
688416,恒烁股份,128.04,128.03,128.04,122.22,125.99,138.7,125.66,8147943.0,1073790234.0,4.762,5.82
688418,震有科技,49.52,49.52,49.6,51.62,52.1,52.6,49.18,6871030.0,346815953.0,-4.068,-2.1
688419,耐科装备,56.0,56.0,56.1,60.5,58.88,59.0,54.68,5948243.0,335761001.0,-7.438,-4.5
688420,美腾科技,25.77,25.74,25.77,26.86,27.11,27.15,25.52,1471310.0,38216560.0,-4.058,-1.09
688425,铁建重工,4.44,4.43,4.44,4.4,4.38,4.49,4.35,27469835.0,122018602.0,0.909,0.04
688426,康为世纪,19.06,19.06,19.12,19.58,19.69,20.41,18.57,1791825.0,34315536.0,-2.656,-0.52
688428,诺诚健华,24.7,24.68,24.7,25.05,25.05,25.06,24.29,7580617.0,186706047.0,-1.397,-0.35
688429,时创能源,12.59,12.59,12.64,12.73,12.77,13.27,12.45,3121356.0,39933835.0,-1.1,-0.14
688432,有研硅,19.49,19.48,19.49,19.21,19.66,20.17,18.81,30327205.0,589756683.0,1.458,0.28
688433,华曙高科,99.86,99.86,99.87,107.83,110.0,112.01,92.2,13463810.0,1365514562.0,-7.391,-7.97
688435,英方软件,40.03,40.03,40.04,40.34,40.0,42.34,39.6,2677899.0,109905497.0,-0.768,-0.31
688439,振华风光,53.75,53.75,53.76,53.48,53.5,55.36,53.5,4779684.0,260390169.0,0.505,0.27
688443,智翔金泰,29.75,29.75,29.78,30.39,30.12,30.75,29.59,4280920.0,128609639.0,-2.106,-0.64
688448,磁谷科技,68.48,68.34,68.48,69.41,69.65,71.49,67.58,1574145.0,109029643.0,-1.34,-0.93
688449,联芸科技,78.14,78.14,78.15,80.4,83.3,85.88,76.75,22573845.0,1847177911.0,-2.811,-2.26
688450,光格科技,46.44,46.3,46.44,46.68,45.98,46.8,44.33,1682193.0,76472423.0,-0.514,-0.24
688455,科捷智能,21.93,21.93,21.96,23.61,23.65,23.7,21.82,4729167.0,106858309.0,-7.116,-1.68
688456,有研粉材,89.19,89.18,89.19,88.68,86.66,94.6,85.5,9489379.0,858089025.0,0.575,0.51
688458,美芯晟,42.59,42.57,42.59,45.15,45.12,45.82,42.0,5596838.0,242159364.0,-5.67,-2.56
688459,哈铁科技,8.44,8.44,8.46,8.55,8.52,8.64,8.35,1176397.0,9918550.0,-1.287,-0.11
688466,金科环境,17.01,17.01,17.03,17.16,17.17,17.22,16.54,1851646.0,31244238.0,-0.874,-0.15
688468,科美诊断,6.65,6.65,6.67,6.85,6.87,6.87,6.62,3379134.0,22661195.0,-2.92,-0.2
688469,芯联集成,8.53,8.52,8.53,8.3,8.18,8.98,8.14,404203496.0,3510317829.0,2.771,0.23
688472,阿特斯,13.8,13.79,13.8,13.62,13.53,14.47,13.53,79268914.0,1115452453.0,1.322,0.18
688475,萤石网络,29.99,29.99,30.01,30.15,30.02,30.53,29.75,4634750.0,139546075.0,-0.531,-0.16
688478,晶升股份,72.84,72.8,72.84,63.56,64.3,74.5,64.3,13948533.0,975964620.0,14.6,9.28
688479,友车科技,40.39,40.39,40.4,39.13,39.55,41.34,39.17,1964510.0,79520725.0,3.22,1.26
688480,赛恩斯,99.14,99.14,99.15,106.43,106.6,107.5,98.61,2968243.0,305101006.0,-6.85,-7.29
688484,南芯科技,45.65,45.64,45.65,47.09,47.1,48.38,45.38,13126299.0,613898284.0,-3.058,-1.44
688485,九州一轨,54.21,54.21,54.23,58.76,58.0,59.96,53.94,8091992.0,455479158.0,-7.743,-4.55
688486,龙迅股份,81.38,81.31,81.38,83.3,84.0,85.6,80.27,5384030.0,447385541.0,-2.305,-1.92
688488,艾迪药业,15.29,15.28,15.29,15.14,14.99,15.47,14.43,11766910.0,175265091.0,0.991,0.15
688489,XR三未信,27.57,27.57,27.69,28.78,28.77,29.1,27.26,1502648.0,42048709.0,-4.204,-1.21
688496,*ST清越,1.09,1.08,1.09,1.2,1.16,1.21,1.07,17337708.0,19504548.0,-9.167,-0.11
688498,源杰科技,1124.0,1124.0,1125.0,1041.1,1046.59,1138.88,1046.59,7646541.0,8477486725.0,7.963,82.9
688499,利元亨,57.49,57.48,57.49,55.8,56.49,60.57,56.11,10903584.0,639670457.0,3.029,1.69
688500,慧辰股份,58.25,58.24,58.25,63.26,63.2,63.88,57.93,4183273.0,254322150.0,-7.92,-5.01
688501,青达环保,21.8,21.8,21.81,22.6,22.69,22.75,21.78,2058862.0,45319083.0,-3.54,-0.8
688502,茂莱光学,473.16,473.16,474.0,499.06,507.75,508.44,464.99,2157145.0,1041517465.0,-5.19,-25.9
688503,聚和材料,101.5,101.5,101.51,108.88,109.21,109.9,101.18,13341776.0,1400856720.0,-6.778,-7.38
688505,复旦张江,7.38,7.38,7.4,7.57,7.5,7.66,7.3,4354806.0,32281439.0,-2.51,-0.19
688506,百利天恒,235.71,235.62,235.71,237.0,234.0,239.66,231.18,1906219.0,447041092.0,-0.544,-1.29
688507,索辰科技,187.0,187.0,187.01,192.0,183.0,191.83,183.0,9056806.0,1684199999.0,-2.604,-5.0
688508,芯朋微,90.17,90.07,90.17,92.7,93.17,99.0,89.38,10917962.0,1031836667.0,-2.729,-2.53
688509,正元地信,4.71,4.7,4.71,4.9,4.89,4.91,4.67,15756092.0,74703671.0,-3.878,-0.19
688510,航亚科技,27.22,27.2,27.22,28.48,28.41,28.75,26.95,7954028.0,219057045.0,-4.424,-1.26
688511,天微电子,26.42,26.41,26.42,28.55,29.01,29.1,26.26,6396024.0,174409611.0,-7.461,-2.13
688512,慧智微,15.01,15.01,15.03,15.65,15.76,16.22,14.88,35735136.0,556903327.0,-4.089,-0.64
688513,苑东生物,51.31,51.31,51.32,47.62,48.02,51.61,48.02,1986295.0,99152123.0,7.749,3.69
688515,裕太微,199.0,198.97,199.0,205.93,211.59,211.59,198.0,4498898.0,915027709.0,-3.365,-6.93
688516,奥特维,71.9,71.9,71.98,74.2,74.8,76.4,71.31,9032791.0,665717022.0,-3.1,-2.3
688517,金冠电气,22.09,22.05,22.09,22.8,22.8,22.99,21.52,5334772.0,118080482.0,-3.114,-0.71
688518,联赢激光,30.7,30.7,30.71,30.68,31.11,32.38,30.15,25902047.0,810857573.0,0.065,0.02
688519,南亚新材,216.3,216.16,216.3,202.25,202.5,219.9,196.6,10673464.0,2252953096.0,6.947,14.05
688520,神州细胞,39.31,39.3,39.31,39.26,39.22,39.95,38.77,1921299.0,75514068.0,0.127,0.05
688521,芯原股份,252.45,252.45,252.46,266.15,266.5,271.6,248.02,25434206.0,6613201035.0,-5.147,-13.7
688522,纳睿雷达,31.45,31.45,31.48,32.52,32.13,32.79,31.31,3948219.0,125870755.0,-3.29,-1.07
688523,航天环宇,61.79,61.76,61.79,64.2,65.0,65.1,61.08,5330641.0,334388667.0,-3.754,-2.41
688525,佰维存储,316.99,316.99,317.0,307.73,323.0,342.48,315.17,53187408.0,17404948132.0,3.009,9.26
688526,科前生物,13.16,13.16,13.18,13.63,13.55,13.75,13.1,1779928.0,23639744.0,-3.448,-0.47
688528,秦川物联,11.99,11.99,12.0,12.42,12.49,12.57,11.71,3619722.0,43399555.0,-3.462,-0.43
688529,豪森智能,19.78,19.78,19.8,20.25,20.2,20.2,19.53,2277082.0,44999079.0,-2.321,-0.47
688530,欧莱新材,48.51,48.51,48.56,48.82,49.3,50.53,47.98,5984006.0,294154670.0,-0.635,-0.31
688531,日联科技,170.76,170.69,170.76,165.2,162.01,175.49,158.01,9053182.0,1511121616.0,3.366,5.56
688533,上声电子,25.81,25.8,25.81,26.67,26.57,26.6,25.67,1479974.0,38447346.0,-3.225,-0.86
688535,华海诚科,126.21,126.2,126.21,136.8,141.0,141.2,125.0,11980853.0,1572645291.0,-7.741,-10.59
688536,思瑞浦,316.93,316.93,317.0,305.02,307.46,345.66,307.46,8626841.0,2832562920.0,3.905,11.91
688538,和辉光电,2.57,2.56,2.57,2.5,2.48,2.68,2.48,254705953.0,661363458.0,2.8,0.07
688539,高华科技,35.52,35.5,35.52,36.67,37.16,37.16,35.16,2724426.0,98266990.0,-3.136,-1.15
688543,国科军工,44.99,44.97,44.99,46.44,46.5,46.86,44.63,4570804.0,208261174.0,-3.122,-1.45
688545,兴福电子,76.14,76.14,76.15,77.39,79.0,79.66,75.23,14009043.0,1084540056.0,-1.615,-1.25
688548,广钢气体,29.84,29.84,29.85,29.68,29.88,31.45,29.55,29814600.0,906166083.0,0.539,0.16
688549,中巨芯,14.62,14.61,14.62,15.12,15.3,15.38,14.52,64095516.0,958543089.0,-3.307,-0.5
688550,瑞联新材,54.45,54.44,54.45,55.18,54.36,56.36,54.0,7767072.0,428284302.0,-1.323,-0.73
688551,科威尔,71.81,71.8,71.81,66.3,70.0,78.5,70.0,7615842.0,564097048.0,8.311,5.51
688552,航天南湖,32.75,32.75,32.76,33.7,34.1,34.1,32.43,3291379.0,109334144.0,-2.819,-0.95
688553,汇宇制药,18.41,18.4,18.41,18.84,18.8,18.99,18.24,5885152.0,108987516.0,-2.282,-0.43
688556,高测股份,12.65,12.65,12.66,12.91,13.24,13.81,12.54,64157699.0,845691637.0,-2.014,-0.26
688557,兰剑智能,32.58,32.56,32.58,33.68,33.41,33.78,32.12,1938885.0,63608043.0,-3.266,-1.1
688558,国盛智科,36.06,36.04,36.06,38.68,38.3,38.6,35.52,4362600.0,160055610.0,-6.774,-2.62
688559,海目星,67.88,67.78,67.88,67.85,69.4,72.8,67.17,13015888.0,911216817.0,0.044,0.03
688560,明冠新材,15.49,15.49,15.53,15.79,15.75,16.18,15.3,5032512.0,78949231.0,-1.9,-0.3
688561,奇安信,29.1,29.09,29.1,29.87,29.83,29.95,28.88,8562395.0,251475182.0,-2.578,-0.77
688562,航天软件,17.32,17.31,17.32,18.01,18.02,18.08,17.12,4699299.0,82446743.0,-3.831,-0.69
688563,航材股份,53.3,53.3,53.32,54.27,54.5,54.96,52.88,3276677.0,176139860.0,-1.787,-0.97
688565,力源科技,11.23,11.22,11.23,11.85,11.93,11.96,11.11,3901098.0,44208888.0,-5.232,-0.62
688566,吉贝尔,25.0,25.0,25.02,25.18,25.22,25.3,24.58,925270.0,23070178.0,-0.715,-0.18
688567,孚能科技,13.85,13.82,13.85,14.2,14.2,14.43,13.68,22404329.0,313824315.0,-2.465,-0.35
688568,中科星图,51.05,51.04,51.05,52.87,52.88,53.38,50.56,11779039.0,609872164.0,-3.442,-1.82
688569,铁科轨道,19.41,19.31,19.41,19.92,19.88,19.94,19.25,787655.0,15348714.0,-2.56,-0.51
688570,天玛智控,16.7,16.7,16.79,17.34,17.5,17.53,16.7,3707961.0,62840347.0,-3.691,-0.64
688571,杭华股份,8.98,8.98,8.99,9.28,9.28,9.41,8.85,14748616.0,133421828.0,-3.233,-0.3
688573,信宇人,22.06,22.05,22.06,22.49,22.5,22.87,21.7,2809004.0,62313220.0,-1.912,-0.43
688575,亚辉龙,10.56,10.56,10.57,10.88,10.91,10.97,10.46,8613481.0,91432608.0,-2.941,-0.32
688576,西山科技,74.76,74.76,75.03,77.14,77.5,77.5,74.14,699492.0,52719511.0,-3.085,-2.38
688577,浙海德曼,80.8,80.78,80.8,87.67,87.68,88.61,79.51,3055131.0,253187749.0,-7.836,-6.87
688578,艾力斯,90.09,90.09,90.12,90.76,90.45,91.68,89.5,4099749.0,370630840.0,-0.738,-0.67
688579,地纬智能,9.25,9.25,9.26,9.62,9.56,9.69,9.18,3984403.0,37210636.0,-3.846,-0.37
688580,伟思医疗,54.76,54.76,54.86,55.88,56.07,56.3,54.38,1453346.0,80127529.0,-2.004,-1.12
688581,安杰思,58.06,58.06,58.12,59.8,59.51,59.8,57.71,812870.0,47466762.0,-2.91,-1.74
688582,芯动联科,52.27,52.25,52.27,54.64,54.66,56.0,52.12,7599948.0,410196612.0,-4.337,-2.37
688583,思看科技,115.0,115.0,115.49,129.8,129.83,132.04,114.52,3685829.0,444714448.0,-11.402,-14.8
688584,上海合晶,26.84,26.84,26.85,26.4,26.43,27.65,25.86,24311651.0,646340377.0,1.667,0.44
688585,上纬新材,197.0,196.98,197.0,221.0,207.46,212.38,193.5,10537358.0,2111841701.0,-10.86,-24.0
688586,江航装备,13.28,13.24,13.28,13.81,13.94,13.94,13.15,8703198.0,116543395.0,-3.838,-0.53
688588,凌志软件,10.78,10.78,10.79,11.52,11.41,11.56,10.7,7514780.0,82360386.0,-6.424,-0.74
688589,力合微,23.85,23.82,23.85,24.37,24.46,24.7,23.68,5298406.0,128095855.0,-2.134,-0.52
688590,新致软件,15.18,15.18,15.19,16.0,16.08,16.13,15.05,10750080.0,166263531.0,-5.125,-0.82
688591,泰凌微,36.55,36.55,36.56,37.48,37.72,37.98,36.21,7283751.0,271456807.0,-2.481,-0.93
688592,司南导航,40.33,40.32,40.33,41.55,41.38,41.45,40.0,1330375.0,53869531.0,-2.936,-1.22
688593,新相微,40.13,40.13,40.15,42.8,42.68,42.75,39.66,26752354.0,1096944262.0,-6.238,-2.67
688595,芯海科技,35.71,35.71,35.79,37.14,37.43,38.27,35.6,6453258.0,237890365.0,-3.85,-1.43
688596,XD正帆科,41.24,41.22,41.24,43.2,43.2,43.6,40.86,14746448.0,621125497.0,-4.537,-1.96
688597,煜邦电力,7.83,7.81,7.83,8.04,8.04,8.1,7.78,5527857.0,43532361.0,-2.612,-0.21
688598,金博股份,32.81,32.81,32.82,33.51,33.0,33.96,32.7,9387532.0,311665988.0,-2.089,-0.7
688599,天合光能,16.25,16.25,16.26,16.56,16.56,17.35,16.06,56583175.0,941154786.0,-1.872,-0.31
688600,皖仪科技,26.62,26.61,26.62,26.17,26.07,27.66,25.55,6629692.0,176253976.0,1.72,0.45
688601,力芯微,60.69,60.68,60.69,63.85,64.0,64.56,60.21,5856995.0,364235616.0,-4.949,-3.16
688602,康鹏科技,6.89,6.88,6.89,7.19,7.21,7.21,6.86,6996708.0,48773218.0,-4.172,-0.3
688603,天承科技,167.13,167.09,167.13,178.13,182.99,182.99,163.89,10015726.0,1704083991.0,-6.175,-11.0
688605,先锋精科,70.89,70.89,70.94,75.95,74.87,76.88,70.3,9057572.0,663229391.0,-6.662,-5.06
688606,奥泰生物,48.16,48.16,48.28,48.61,48.45,48.88,47.8,455306.0,21930454.0,-0.926,-0.45
688607,康众医疗,58.3,58.3,58.36,64.44,64.01,67.3,57.9,4095024.0,249326271.0,-9.528,-6.14
688608,恒玄科技,182.93,182.92,182.93,180.03,180.15,191.21,179.01,6821245.0,1265931235.0,1.611,2.9
688609,九联科技,11.81,11.81,11.83,11.92,12.0,12.38,11.61,31191983.0,372039518.0,-0.923,-0.11
688610,埃科光电,182.0,182.0,182.1,185.0,184.9,194.0,178.61,2162205.0,400929729.0,-1.622,-3.0
688611,杭州柯林,85.91,85.88,85.91,83.25,83.99,86.48,81.8,4475002.0,377908281.0,3.195,2.66
688612,威迈斯,35.45,35.45,35.46,34.55,36.65,37.94,35.36,12230692.0,446318113.0,2.605,0.9
688613,奥精医疗,17.57,17.57,17.58,17.98,17.89,18.07,17.15,4091874.0,71697724.0,-2.28,-0.41
688615,合合信息,130.34,130.34,130.38,135.38,135.0,136.36,129.66,4988800.0,661460107.0,-3.723,-5.04
688616,西力科技,12.77,12.77,12.79,13.16,13.13,13.29,12.6,2901668.0,37267678.0,-2.964,-0.39
688617,惠泰医疗,218.75,218.75,219.8,221.1,221.34,224.99,217.09,1357319.0,299074307.0,-1.063,-2.35
688618,三旺通信,37.48,37.4,37.48,38.7,39.2,40.49,36.91,4431595.0,170008455.0,-3.152,-1.22
688619,罗普特,18.0,17.99,18.0,19.36,19.21,19.21,17.87,8028093.0,147293962.0,-7.025,-1.36
688620,安凯微,13.19,13.18,13.19,13.58,13.33,13.7,13.09,10631970.0,142166894.0,-2.872,-0.39
688621,阳光诺和,55.91,55.91,55.92,56.83,56.8,58.0,55.68,1433055.0,81267852.0,-1.619,-0.92
688622,*ST禾信,93.5,93.39,93.5,80.09,79.98,93.5,76.13,2013377.0,170301245.0,16.744,13.41
688623,双元科技,102.5,102.48,102.5,98.69,96.69,103.48,96.66,1771129.0,179351711.0,3.861,3.81
688625,呈和科技,108.05,108.05,108.15,114.22,112.0,114.0,106.0,4580401.0,503891545.0,-5.402,-6.17
688626,翔宇医疗,54.44,54.44,54.45,56.2,55.82,56.29,54.23,1707067.0,93720761.0,-3.132,-1.76
688627,精智达,385.82,385.82,385.98,404.98,409.0,419.9,382.05,6528761.0,2608087098.0,-4.731,-19.16
688628,优利德,92.0,92.0,92.06,92.5,94.75,96.36,90.55,4939910.0,460996559.0,-0.541,-0.5
688629,华丰科技,144.52,144.52,144.57,146.85,151.0,157.13,143.02,21682341.0,3233042078.0,-1.587,-2.33
688630,芯碁微装,283.0,282.2,283.0,294.07,297.01,308.88,279.0,7766432.0,2290689085.0,-3.764,-11.07
688631,莱斯信息,50.79,50.75,50.79,52.88,53.04,53.29,50.5,2214856.0,114283191.0,-3.952,-2.09
688633,星球石墨,31.53,31.5,31.53,32.53,32.55,32.73,31.36,5390785.0,171797978.0,-3.074,-1.0
688635,N长进,659.99,659.99,660.0,40.98,530.0,688.88,522.0,13765833.0,7897987149.0,1510.517,619.01
688636,智明达,39.99,39.99,40.0,39.22,39.43,41.77,39.18,8659265.0,350664459.0,1.963,0.77
688638,誉辰智能,37.62,37.51,37.62,38.76,39.03,39.26,36.92,858462.0,32275809.0,-2.941,-1.14
688639,华恒生物,24.28,24.27,24.28,25.16,25.01,25.4,24.13,5012131.0,122769420.0,-3.498,-0.88
688646,ST逸飞,69.95,69.93,69.95,72.27,72.3,73.4,69.38,1155636.0,81574016.0,-3.21,-2.32
688648,中邮科技,42.0,41.92,42.0,44.0,43.5,44.35,41.7,2920966.0,124452241.0,-4.545,-2.0
688651,盛邦安全,39.68,39.68,39.7,40.98,41.12,41.41,39.22,1878558.0,75283452.0,-3.172,-1.3
688652,京仪装备,144.92,144.92,144.95,149.8,151.6,152.0,142.81,6781628.0,998977955.0,-3.258,-4.88
688653,康希通信,15.58,15.58,15.6,15.87,16.0,16.19,15.48,10504791.0,166114487.0,-1.827,-0.29
688655,迅捷兴,50.63,50.63,50.64,53.2,53.2,53.2,49.31,10521379.0,535469628.0,-4.831,-2.57
688656,浩欧博,113.46,113.46,113.76,119.21,121.59,122.0,112.67,436469.0,50402947.0,-4.823,-5.75
688657,浩辰软件,36.95,36.76,36.95,37.57,37.7,37.7,35.9,2282363.0,83628563.0,-1.65,-0.62
688658,悦康药业,18.65,18.64,18.65,18.74,18.68,18.97,18.28,6512820.0,121293846.0,-0.48,-0.09
688659,元琛科技,10.77,10.77,10.8,11.21,10.99,11.33,10.58,5221626.0,56720606.0,-3.925,-0.44
688660,电气风电,10.55,10.54,10.55,11.21,11.21,11.36,10.49,24893294.0,268420794.0,-5.888,-0.66
688661,XD和林微,106.45,106.41,106.45,116.92,120.0,120.0,105.08,7462394.0,829788297.0,-8.955,-10.47
688662,富信科技,97.5,97.49,97.5,96.51,95.63,104.0,93.65,8711864.0,861013103.0,1.026,0.99
688663,新风光,95.93,95.82,95.93,92.85,92.14,102.66,91.7,7686486.0,748429411.0,3.317,3.08
688665,四方光电,53.65,53.65,53.67,55.05,54.61,55.53,53.5,1357246.0,73732202.0,-2.543,-1.4
688667,菱电电控,128.86,128.18,128.86,131.9,132.0,133.0,126.0,1525619.0,197249869.0,-2.305,-3.04
688668,鼎通科技,287.5,287.21,287.5,282.0,285.38,301.68,271.59,5986656.0,1732013995.0,1.95,5.5
688669,聚石化学,39.81,39.8,39.81,41.5,41.22,41.22,38.68,6206697.0,246073081.0,-4.072,-1.69
688670,金迪克,17.32,17.3,17.32,17.97,17.93,18.19,17.15,2310533.0,40361808.0,-3.617,-0.65
688671,碧兴物联,25.78,25.78,25.79,27.28,27.28,27.28,25.54,2710261.0,70752550.0,-5.499,-1.5
688676,金盘科技,103.75,103.74,103.75,96.08,96.01,111.11,96.01,37130802.0,3893087247.0,7.983,7.67
688677,海泰新光,142.73,142.73,142.77,139.57,140.96,145.0,138.33,3581781.0,507442922.0,2.264,3.16
688678,福立旺,23.67,23.67,23.68,24.48,24.41,24.94,23.46,22922444.0,551005663.0,-3.309,-0.81
688679,通源环境,66.0,66.0,66.06,69.8,70.5,72.5,65.56,5040843.0,345018298.0,-5.444,-3.8
688680,海优新材,44.82,44.79,44.82,45.99,46.0,47.14,44.0,2682535.0,121925418.0,-2.544,-1.17
688681,科汇股份,18.23,18.23,18.26,18.89,19.0,19.0,18.02,2558794.0,47034326.0,-3.494,-0.66
688682,霍莱沃,46.39,46.32,46.39,48.86,49.44,49.95,45.88,3071051.0,145952944.0,-5.055,-2.47
688683,莱尔科技,42.74,42.65,42.74,43.25,43.8,44.1,42.2,2683714.0,115199752.0,-1.179,-0.51
688685,迈信林,50.1,50.1,50.11,52.2,52.43,52.88,49.65,3701268.0,188039275.0,-4.023,-2.1
688686,奥普特,153.5,153.5,153.6,151.54,150.0,155.8,148.0,2986830.0,455966467.0,1.293,1.96
688687,凯因科技,17.29,17.29,17.3,17.73,17.76,17.76,17.08,2823605.0,48926544.0,-2.482,-0.44
688689,银河微电,41.9,41.9,41.95,43.98,43.55,45.1,40.99,6330504.0,271007102.0,-4.729,-2.08
688690,纳微科技,41.47,41.46,41.47,36.39,36.96,43.5,36.5,35559909.0,1448887373.0,13.96,5.08
688691,灿芯股份,116.0,115.98,116.0,125.26,127.17,127.79,113.62,12710147.0,1519863383.0,-7.393,-9.26
688692,达梦数据,249.99,249.92,249.99,258.49,258.25,261.98,249.08,1400835.0,356901319.0,-3.288,-8.5
688693,锴威特,106.24,106.2,106.24,110.0,113.2,113.2,105.57,4113962.0,446078202.0,-3.418,-3.76
688695,中创股份,22.75,22.66,22.75,23.65,23.8,23.87,22.42,1624640.0,37210500.0,-3.805,-0.9
688696,极米科技,78.02,78.02,78.16,81.16,81.0,81.15,77.58,1038923.0,81696582.0,-3.869,-3.14
688697,纽威数控,21.9,21.89,21.9,24.17,23.51,23.62,21.76,26857202.0,601247677.0,-9.392,-2.27
688698,伟创电气,75.89,75.89,75.93,80.47,79.0,80.24,75.28,8563319.0,663526962.0,-5.692,-4.58
688699,明微电子,65.49,65.49,65.5,64.88,64.72,68.1,64.7,6048954.0,401698543.0,0.94,0.61
688700,东威科技,87.14,87.14,87.15,84.56,84.56,90.0,83.2,20199532.0,1769022936.0,3.051,2.58
688701,卓锦股份,10.1,10.09,10.1,10.35,10.32,10.62,9.83,5412798.0,54746064.0,-2.415,-0.25
688702,盛科通信,281.76,281.76,281.79,295.0,296.96,297.9,278.61,8716686.0,2513946825.0,-4.488,-13.24
688707,振华新材,15.07,15.07,15.08,15.26,15.3,15.86,14.94,17323280.0,267141037.0,-1.245,-0.19
688708,佳驰科技,52.19,52.0,52.19,52.88,52.76,53.3,51.3,1919413.0,100212416.0,-1.305,-0.69
688709,成都华微,38.98,38.97,38.98,39.59,40.01,42.03,38.7,11770319.0,475198411.0,-1.541,-0.61
688710,益诺思,60.92,60.92,60.95,60.12,60.88,62.0,59.2,1780581.0,107392657.0,1.331,0.8
688711,宏微科技,37.15,37.14,37.15,36.17,37.0,39.38,36.22,25423367.0,964652420.0,2.709,0.98
688712,北芯生命,44.54,44.54,44.55,45.53,45.35,46.3,43.8,3485108.0,156558401.0,-2.174,-0.99
688716,中研股份,36.38,36.37,36.38,38.25,38.09,38.29,36.12,3324811.0,122905374.0,-4.889,-1.87
688717,艾罗能源,110.27,110.27,110.3,112.6,113.04,121.44,109.83,8381572.0,959870347.0,-2.069,-2.33
688718,唯赛勃,16.58,16.55,16.58,17.14,17.08,17.46,16.34,3052366.0,51112376.0,-3.267,-0.56
688719,爱科赛博,71.7,71.67,71.7,74.25,75.72,76.97,70.21,6312953.0,463748988.0,-3.434,-2.55
688720,艾森股份,100.15,100.15,100.3,110.26,112.7,113.0,99.21,9504999.0,999377518.0,-9.169,-10.11
688721,龙图光罩,48.21,48.21,48.22,51.08,51.58,52.1,47.9,5357326.0,268554531.0,-5.619,-2.87
688722,同益中,17.38,17.36,17.38,18.45,18.3,18.55,17.28,5697382.0,100442078.0,-5.799,-1.07
688726,拉普拉斯,63.13,63.13,63.14,66.1,67.55,68.44,62.19,17906812.0,1160786924.0,-4.493,-2.97
688727,恒坤新材,55.04,55.02,55.04,57.42,58.0,58.99,54.68,7426618.0,420229815.0,-4.145,-2.38
688728,格科微,15.22,15.22,15.23,15.21,15.09,15.79,15.05,41960442.0,647464176.0,0.066,0.01
688729,屹唐股份,25.82,25.82,25.83,27.43,27.43,27.57,25.7,21277898.0,564225843.0,-5.869,-1.61
688733,壹石通,35.25,35.25,35.27,35.95,36.67,37.73,34.9,6754520.0,244580031.0,-1.947,-0.7
688737,中自科技,28.6,28.56,28.6,30.1,29.87,30.8,28.28,2646757.0,77420813.0,-4.983,-1.5
688739,成大生物,21.45,21.45,21.46,21.89,21.89,22.03,21.28,2322274.0,49993125.0,-2.01,-0.44
688750,金天钛业,17.65,17.64,17.65,18.18,18.12,18.32,17.6,3286905.0,58555459.0,-2.915,-0.53
688755,汉邦科技,37.48,37.47,37.48,37.61,37.88,37.98,37.1,427657.0,16084206.0,-0.346,-0.13
688757,胜科纳米,41.55,41.55,41.56,44.19,43.91,44.98,40.98,19253606.0,809585247.0,-5.974,-2.64
688758,赛分科技,19.58,19.54,19.58,19.01,18.9,20.2,18.73,6017679.0,118190055.0,2.998,0.57
688759,必贝特,36.67,36.64,36.67,37.74,37.53,38.2,36.33,4033157.0,150046455.0,-2.835,-1.07
688765,禾元生物,53.35,53.25,53.35,54.98,54.64,54.86,52.9,1446669.0,77694408.0,-2.965,-1.63
688766,普冉股份,415.5,415.5,415.73,402.04,431.0,444.0,412.0,10009989.0,4279173761.0,3.348,13.46
688767,博拓生物,39.56,39.56,39.57,38.86,38.85,40.5,38.51,2938360.0,116151677.0,1.801,0.7
688768,容知日新,54.29,54.29,54.37,54.79,55.0,57.2,53.36,2956446.0,161860689.0,-0.913,-0.5
688772,珠海冠宇,16.95,16.94,16.95,17.06,17.01,17.22,16.74,41230747.0,700382048.0,-0.645,-0.11
688775,影石创新,175.63,175.63,175.64,180.5,178.0,180.19,173.0,1770118.0,312229589.0,-2.698,-4.87
688776,国光电气,70.3,70.3,70.32,72.34,73.79,73.8,69.66,2188159.0,155569293.0,-2.82,-2.04
688777,中控技术,83.49,83.49,83.5,89.6,89.05,90.8,83.1,28850726.0,2499725045.0,-6.819,-6.11
688778,厦钨新能,66.27,66.26,66.27,68.14,67.99,69.8,66.0,7149616.0,483218097.0,-2.744,-1.87
688779,五矿新能,9.1,9.1,9.11,9.36,9.42,9.57,9.05,31969353.0,295279921.0,-2.778,-0.26
688781,视涯科技,54.65,54.65,54.66,51.46,51.75,55.93,51.47,7241678.0,393888808.0,6.199,3.19
688783,西安奕材,33.61,33.59,33.61,31.4,31.5,35.12,31.12,35141091.0,1161742093.0,7.038,2.21
688785,恒运昌,380.3,380.3,380.61,400.0,401.01,405.0,375.11,1047753.0,406110754.0,-4.925,-19.7
688786,悦安新材,38.57,38.57,38.58,36.32,36.58,40.2,36.07,9964798.0,383813998.0,6.195,2.25
688787,海天瑞声,141.55,141.55,141.7,148.37,149.26,153.78,140.65,3685942.0,544884929.0,-4.597,-6.82
688788,科思科技,46.72,46.7,46.72,48.55,48.55,49.05,46.3,2030882.0,95891704.0,-3.769,-1.83
688789,宏华数科,54.96,54.89,54.96,57.1,56.8,56.8,54.58,2147223.0,119152807.0,-3.748,-2.14
688790,昂瑞微,144.09,144.09,144.48,147.3,147.45,152.0,143.07,771779.0,113508303.0,-2.179,-3.21
688793,倍轻松,19.57,19.57,19.62,20.2,20.51,20.51,19.51,1953779.0,38612406.0,-3.119,-0.63
688795,摩尔线程,674.0,674.0,674.02,708.02,707.0,707.99,663.38,3408189.0,2331794919.0,-4.805,-34.02
688796,百奥赛图,112.54,112.54,112.57,105.7,107.48,114.42,103.82,1947644.0,215732888.0,6.471,6.84
688798,艾为电子,78.0,78.0,78.02,76.64,77.41,81.8,76.99,9933915.0,787809051.0,1.775,1.36
688799,华纳药厂,52.48,52.3,52.48,52.98,52.88,53.85,52.05,2527298.0,133484506.0,-0.944,-0.5
688800,瑞可达,126.28,126.28,126.43,130.71,132.62,134.97,125.6,9547408.0,1235500746.0,-3.389,-4.43
688802,沐曦股份,695.0,694.99,695.0,735.16,733.0,733.0,689.0,2341590.0,1657757611.0,-5.463,-40.16
688805,健信超导,58.29,58.27,58.29,61.43,61.48,61.51,57.59,3599120.0,213840404.0,-5.112,-3.14
688807,优迅股份,482.0,482.0,482.08,501.88,490.06,504.99,472.58,1967708.0,957224550.0,-3.961,-19.88
688808,联讯仪器,1767.27,1767.0,1767.27,1779.28,1779.3,1818.0,1723.0,1523216.0,2695726639.0,-0.675,-12.01
688809,强一股份,466.0,466.0,466.1,496.0,498.8,509.9,465.11,2053423.0,995017227.0,-6.048,-30.0
688811,有研复材,30.75,30.75,30.76,33.48,33.89,34.99,30.57,21230882.0,679477082.0,-8.154,-2.73
688813,泰金新能,166.88,166.88,167.0,152.86,150.0,174.0,149.52,4219816.0,687688096.0,9.172,14.02
688816,易思维,64.2,64.2,64.26,65.2,65.0,65.87,63.96,1202712.0,77973231.0,-1.534,-1.0
688818,电科蓝天,74.79,74.79,74.8,73.21,74.56,77.77,73.4,19185012.0,1444003724.0,2.158,1.58
688819,天能股份,24.89,24.89,24.9,25.42,25.42,25.7,24.77,4025880.0,100967256.0,-2.085,-0.53
688820,盛合晶微,211.86,211.85,211.86,229.0,221.86,234.56,211.8,39498366.0,8824010497.0,-7.485,-17.14
688981,中芯国际,146.22,146.21,146.22,149.18,150.0,153.52,145.0,123498375.0,18473692356.0,-1.984,-2.96
000001,平安银行,10.76,10.76,10.77,10.79,10.76,10.85,10.72,83972718.0,905710898.0,-0.278,-0.03
000002,万 科Ａ,3.33,3.33,3.34,3.39,3.38,3.41,3.26,144650365.0,480345217.0,-1.77,-0.06
000004,*ST国华,2.76,0.0,0.0,2.76,0.0,0.0,0.0,0.0,0.0,0.0,0.0
000006,深振业Ａ,9.85,9.85,9.86,10.26,10.2,10.32,9.83,36182289.0,362456228.0,-3.996,-0.41
000007,全新好,11.98,11.98,11.99,12.23,12.19,12.42,11.88,7728050.0,93410182.0,-2.044,-0.25
000008,神州高铁,2.58,2.57,2.58,2.57,2.58,2.6,2.57,25936084.0,66867533.0,0.389,0.01
000009,中国宝安,7.42,7.41,7.42,7.57,7.53,7.68,7.4,24262102.0,182288489.0,-1.982,-0.15
000010,*ST美丽,1.91,0.0,1.91,2.01,1.91,1.91,1.91,2798100.0,5344371.0,-4.975,-0.1
000011,深物业A,7.22,7.22,7.24,7.36,7.33,7.37,7.19,2626400.0,19033327.0,-1.902,-0.14
000012,南 玻Ａ,4.45,4.44,4.45,4.5,4.38,4.64,4.37,114329904.0,511107346.0,-1.111,-0.05
000014,沙河股份,10.7,10.69,10.7,10.9,10.82,10.94,10.62,4763400.0,51022731.0,-1.835,-0.2
000016,*ST康佳A,3.51,3.5,3.51,3.56,3.6,3.64,3.45,47570758.0,168688933.0,-1.404,-0.05
000017,深中华A,5.4,5.4,5.41,5.56,5.53,5.54,5.36,6989812.0,37891730.0,-2.878,-0.16
000019,深粮控股,6.47,6.47,6.48,6.54,6.56,6.58,6.42,8475850.0,54971640.0,-1.07,-0.07
000020,深华发Ａ,12.48,12.47,12.48,12.97,12.97,13.0,12.41,4984100.0,62630609.0,-3.778,-0.49
000021,深科技,43.98,43.97,43.98,42.75,47.03,47.03,41.9,305992246.0,13957987559.0,2.877,1.23
000025,特 力Ａ,14.23,14.23,14.25,14.62,14.61,14.66,14.16,3911725.0,55984699.0,-2.668,-0.39
000026,飞亚达,22.59,22.59,22.6,24.34,23.74,24.24,21.93,42463200.0,975449751.0,-7.19,-1.75
000027,深圳能源,7.69,7.69,7.7,7.62,7.57,7.76,7.54,71370791.0,549023054.0,0.919,0.07
000028,国药一致,23.38,23.37,23.38,23.58,23.6,23.66,23.1,3052039.0,71156501.0,-0.848,-0.2
000029,深深房Ａ,25.48,25.47,25.48,24.95,24.82,25.76,24.62,10807805.0,270970208.0,2.124,0.53
000030,富奥股份,4.61,4.61,4.62,4.75,4.74,4.76,4.58,13160329.0,61242750.0,-2.947,-0.14
000031,大悦城,2.5,2.5,2.51,2.59,2.58,2.6,2.49,27034034.0,68205052.0,-3.475,-0.09
000032,深桑达Ａ,17.45,17.44,17.45,18.31,18.17,18.43,17.41,25909500.0,461755092.0,-4.697,-0.86
000034,神州数码,25.88,25.88,25.89,27.87,27.57,27.83,25.82,56078778.0,1491687563.0,-7.14,-1.99
000035,中国天楹,6.04,6.03,6.04,6.08,6.03,6.16,5.98,37899879.0,229647872.0,-0.658,-0.04
000036,华联控股,5.26,5.25,5.26,5.39,5.4,5.49,5.19,33461030.0,178499729.0,-2.412,-0.13
000037,深南电A,10.28,10.28,10.29,9.88,9.79,10.42,9.76,31421851.0,320856388.0,4.049,0.4
000039,中集集团,10.34,10.34,10.35,10.11,10.11,10.66,10.05,87301652.0,902364689.0,2.275,0.23
000042,中洲控股,9.86,9.86,9.87,9.94,9.87,9.96,9.71,4893276.0,48189891.0,-0.805,-0.08
000045,深纺织Ａ,11.7,11.7,11.71,12.06,12.02,12.24,11.62,9757400.0,115898395.0,-2.985,-0.36
000048,京基智农,12.85,12.84,12.85,13.28,13.27,13.45,12.71,8332583.0,107620886.0,-3.238,-0.43
000049,德赛电池,26.36,26.36,26.37,26.56,26.46,27.05,26.14,9827829.0,261177127.0,-0.753,-0.2
000050,深天马Ａ,8.22,8.21,8.22,8.27,8.27,8.61,8.11,62404998.0,519875674.0,-0.605,-0.05
000055,方大集团,3.41,3.4,3.41,3.48,3.48,3.51,3.34,10657400.0,36202464.0,-2.011,-0.07
000056,*ST皇庭,1.46,1.46,0.0,1.39,1.46,1.46,1.39,43749724.0,63517255.0,5.036,0.07
000058,深 赛 格,7.14,7.13,7.14,7.33,7.3,7.39,7.07,7891731.0,56645375.0,-2.592,-0.19
000059,华锦股份,4.52,4.51,4.52,4.57,4.56,4.62,4.45,22465586.0,101723003.0,-1.094,-0.05
000060,中金岭南,7.55,7.55,7.56,7.9,7.8,7.89,7.48,222680353.0,1699033911.0,-4.43,-0.35
000061,农 产 品,6.44,6.43,6.44,6.55,6.54,6.62,6.36,14696840.0,94742049.0,-1.679,-0.11
000062,深圳华强,31.92,31.92,31.93,33.66,33.2,33.2,30.47,67069629.0,2127975686.0,-5.169,-1.74
000063,中兴通讯,34.82,34.81,34.82,35.54,35.54,36.11,34.43,144730259.0,5101837715.0,-2.026,-0.72
000065,北方国际,12.5,12.5,12.51,12.52,12.32,12.95,12.29,23031600.0,292538938.0,-0.16,-0.02
000066,中国长城,18.36,18.36,18.37,19.3,19.61,19.77,18.28,221333552.0,4164452729.0,-4.87,-0.94
000068,华控赛格,2.94,2.94,2.95,3.01,3.03,3.03,2.92,12207100.0,35979262.0,-2.326,-0.07
000069,华侨城Ａ,1.87,1.87,1.88,1.96,1.96,1.96,1.84,89957568.0,168807208.0,-4.592,-0.09
000070,特发信息,17.21,17.2,17.21,17.43,17.4,18.1,17.18,50575901.0,895170066.0,-1.262,-0.22
000078,ST海王,1.52,1.52,1.53,1.55,1.51,1.57,1.47,155260377.0,232500807.0,-1.935,-0.03
000088,盐 田 港,4.46,4.45,4.46,4.5,4.5,4.52,4.44,21106776.0,94387770.0,-0.889,-0.04
000089,深圳机场,6.76,6.75,6.76,6.82,6.8,6.84,6.72,7243700.0,49004557.0,-0.88,-0.06
000090,天健集团,3.18,3.18,3.19,3.28,3.28,3.28,3.18,18186666.0,58310062.0,-3.049,-0.1
000096,广聚能源,8.18,8.17,8.18,8.35,8.38,8.51,8.1,6915100.0,56708260.0,-2.036,-0.17
000099,中信海直,16.15,16.15,16.16,16.56,16.52,16.69,16.1,9314402.0,151678410.0,-2.476,-0.41
000100,TCL科技,4.68,4.67,4.68,4.65,4.66,4.93,4.61,1570370647.0,7451093541.0,0.645,0.03
000151,中成股份,11.68,11.67,11.68,11.31,11.28,11.99,11.05,14078210.0,161600330.0,3.271,0.37
000153,丰原药业,5.7,5.7,5.71,5.81,5.82,5.82,5.61,9331860.0,53101376.0,-1.893,-0.11
000155,川能动力,13.97,13.96,13.97,14.16,14.07,14.38,13.86,32890085.0,463044029.0,-1.342,-0.19
000156,华数传媒,7.09,7.09,7.1,7.16,7.15,7.28,7.06,12620351.0,90372703.0,-0.978,-0.07
000157,中联重科,7.25,7.24,7.25,7.44,7.43,7.43,7.2,77423854.0,562162721.0,-2.554,-0.19
000158,常山北明,15.85,15.84,15.85,16.86,16.5,16.58,15.82,40911527.0,658772869.0,-5.991,-1.01
000159,国际实业,6.62,6.61,6.62,6.79,6.81,6.87,6.54,19270872.0,128260580.0,-2.504,-0.17
000166,申万宏源,4.45,4.45,4.46,4.5,4.49,4.56,4.42,83306327.0,373110084.0,-1.111,-0.05
000301,东方盛虹,12.24,12.23,12.24,12.44,12.3,12.39,12.03,17772680.0,216804552.0,-1.608,-0.2
000333,美的集团,80.03,80.02,80.03,79.55,79.53,80.28,78.87,25588779.0,2034009882.0,0.603,0.48
000338,潍柴动力,34.5,34.49,34.5,34.85,35.12,35.87,34.33,71565174.0,2498659013.0,-1.004,-0.35
000400,许继电气,26.38,26.37,26.38,26.05,25.93,26.69,25.85,27297589.0,720312856.0,1.267,0.33
000401,金隅冀东,3.97,3.96,3.97,3.97,3.96,3.99,3.89,11711019.0,46008620.0,0.0,0.0
000402,金 融 街,2.88,2.87,2.88,2.98,2.97,2.97,2.83,49597471.0,142849531.0,-3.356,-0.1
000403,派林生物,12.35,12.34,12.35,12.18,12.12,12.48,11.7,23305267.0,281759672.0,1.396,0.17
000404,长虹华意,8.82,8.82,8.83,9.14,9.01,9.35,8.78,29627442.0,266227943.0,-3.501,-0.32
000407,胜利股份,4.18,4.18,4.19,4.31,4.3,4.33,4.14,22922730.0,96266114.0,-3.016,-0.13
000408,藏格矿业,80.79,80.79,80.8,84.24,83.8,84.59,80.33,14073379.0,1151366641.0,-4.095,-3.45
000409,云鼎科技,9.96,9.96,9.97,10.42,10.23,10.32,9.76,25424833.0,252273605.0,-4.415,-0.46
000410,沈阳机床,5.44,5.44,5.45,5.62,5.6,5.63,5.43,26041479.0,143007045.0,-3.203,-0.18
000411,英特集团,12.07,12.06,12.07,12.17,12.2,12.25,11.99,12899013.0,156025082.0,-0.822,-0.1
000415,渤海租赁,4.22,4.22,4.23,4.43,4.39,4.43,4.19,72531102.0,309827643.0,-4.74,-0.21
000417,合百集团,8.39,0.0,8.39,9.32,9.1,9.19,8.39,172734848.0,1484057642.0,-9.979,-0.93
000419,通程控股,5.12,5.12,5.13,5.21,5.23,5.23,5.0,11353111.0,57615949.0,-1.727,-0.09
000420,吉林化纤,4.44,4.43,4.44,4.6,4.59,4.63,4.4,74899200.0,335884944.0,-3.478,-0.16
000421,南京公用,5.8,5.8,5.81,5.91,5.88,5.93,5.75,5853500.0,34048249.0,-1.861,-0.11
000422,湖北宜化,14.07,14.07,14.08,14.32,14.22,14.54,13.88,24534269.0,347130209.0,-1.746,-0.25
000423,东阿阿胶,49.23,49.23,49.28,48.39,48.17,49.33,47.95,6068325.0,295744643.0,1.736,0.84
000425,徐工机械,9.36,9.35,9.36,9.61,9.56,9.56,9.15,154995128.0,1436122327.0,-2.601,-0.25
000426,兴业银锡,41.14,41.13,41.14,43.66,43.43,43.58,40.84,69581249.0,2905273094.0,-5.772,-2.52
000428,华天酒店,3.61,3.6,3.61,3.66,3.66,3.67,3.57,12033892.0,43398311.0,-1.366,-0.05
000429,粤高速Ａ,13.65,13.64,13.65,13.59,13.54,13.76,13.53,6242874.0,85214687.0,0.442,0.06
000430,张家界,7.55,7.54,7.55,7.29,7.3,7.74,7.24,14806265.0,111298763.0,3.567,0.26
000488,ST晨鸣,2.35,2.34,2.35,2.37,2.37,2.41,2.33,15723350.0,37115092.0,-0.844,-0.02
000498,山东路桥,5.18,5.18,5.19,5.24,5.23,5.27,5.13,7714900.0,40010628.0,-1.145,-0.06
000501,武商集团,7.73,7.72,7.73,7.66,7.64,7.8,7.39,11046315.0,83804584.0,0.914,0.07
000503,国新健康,6.84,6.83,6.84,6.95,6.96,7.04,6.81,9358700.0,64475606.0,-1.583,-0.11
000504,*ST生物,9.5,9.5,9.51,9.75,9.65,9.75,9.47,3789907.0,36377984.0,-2.564,-0.25
000505,京粮控股,5.86,5.86,5.87,6.02,6.0,6.0,5.82,10069200.0,59146597.0,-2.658,-0.16
000506,招金黄金,14.88,14.88,14.89,15.4,15.45,15.79,14.76,66546356.0,1010233742.0,-3.377,-0.52
000507,珠海港,5.0,5.0,5.01,5.07,5.05,5.06,4.98,8767785.0,43928145.0,-1.381,-0.07
000509,华塑控股,5.21,5.21,0.0,4.74,4.74,5.21,4.55,243930369.0,1222833312.0,9.916,0.47
000510,新金路,18.0,18.0,18.01,18.07,18.59,19.32,17.9,117108726.0,2176600049.0,-0.387,-0.07
000513,丽珠集团,30.58,30.58,30.59,30.73,30.68,30.79,30.16,4397953.0,134079418.0,-0.488,-0.15
000514,渝 开 发,4.31,4.3,4.31,4.44,4.44,4.45,4.28,10281505.0,44497553.0,-2.928,-0.13
000516,国际医学,4.27,4.27,4.28,4.35,4.34,4.34,4.27,16567905.0,71049091.0,-1.839,-0.08
000517,荣安地产,1.82,1.81,1.82,1.87,1.86,1.88,1.8,18729600.0,34306332.0,-2.674,-0.05
000518,四环生物,3.93,3.92,3.93,4.09,3.8,4.33,3.68,224706283.0,869917373.0,-3.912,-0.16
000519,中兵红箭,18.16,18.15,18.16,18.51,18.38,18.72,17.95,43456308.0,793478481.0,-1.891,-0.35
000520,凤凰航运,3.66,3.66,3.67,3.8,3.79,3.81,3.64,17479002.0,64585800.0,-3.684,-0.14
000521,长虹美菱,5.42,5.42,5.43,5.53,5.5,5.53,5.4,5358026.0,29162701.0,-1.989,-0.11
000523,红棉股份,3.11,3.11,3.12,3.19,3.2,3.21,3.08,23609094.0,73675825.0,-2.508,-0.08
000524,岭南控股,9.34,9.33,9.34,9.44,9.41,9.51,9.23,7179528.0,66961948.0,-1.059,-0.1
000525,红太阳,4.74,4.73,4.74,4.91,4.88,4.92,4.69,23646125.0,113114099.0,-3.462,-0.17
000526,学大教育,31.76,31.75,31.76,32.26,32.26,32.66,31.52,1811200.0,57659052.0,-1.55,-0.5
000528,柳 工,9.03,9.02,9.03,9.16,9.19,9.19,9.0,25979356.0,234930370.0,-1.419,-0.13
000529,广弘控股,5.09,5.08,5.09,5.14,5.17,5.17,5.0,4447100.0,22455963.0,-0.973,-0.05
000530,冰山冷热,5.57,5.57,5.58,5.47,5.44,5.89,5.38,37803088.0,213013068.0,1.828,0.1
000531,穗恒运Ａ,7.46,7.46,7.47,7.35,7.3,7.52,7.25,35838363.0,265725652.0,1.497,0.11
000532,华金资本,12.85,12.85,12.86,12.94,13.0,13.12,12.53,13988719.0,178923833.0,-0.696,-0.09
000533,顺钠股份,11.65,11.65,11.66,11.84,11.74,12.05,11.55,33494733.0,394898917.0,-1.605,-0.19
000534,万泽股份,33.2,33.2,33.21,33.7,33.7,34.48,32.55,17248297.0,577971063.0,-1.484,-0.5
000536,华映科技,4.43,4.42,4.43,4.6,4.51,4.61,4.35,178498541.0,795363345.0,-3.696,-0.17
000537,绿发电力,10.1,10.09,10.1,10.1,9.98,10.28,9.9,42283668.0,427990880.0,0.0,0.0
000538,云南白药,49.73,49.73,49.74,48.85,48.87,49.8,48.02,12670665.0,617384980.0,1.801,0.88
000539,粤电力Ａ,7.34,7.34,0.0,6.67,6.56,7.34,6.52,175832221.0,1247563370.0,10.045,0.67
000541,佛山照明,4.91,4.9,4.91,4.98,4.99,5.02,4.89,10922435.0,53830076.0,-1.406,-0.07
000543,皖能电力,9.11,9.1,9.11,9.04,9.0,9.25,8.92,71753920.0,652401968.0,0.774,0.07
000544,中原环保,7.84,7.84,7.85,8.02,8.02,8.03,7.82,5159809.0,40676993.0,-2.244,-0.18
000545,金浦钛业,2.49,2.49,2.5,2.62,2.62,2.62,2.46,40660509.0,102328458.0,-4.962,-0.13
000546,金圆股份,5.62,5.62,5.63,5.86,5.85,5.89,5.55,36758900.0,209031178.0,-4.096,-0.24
000547,航天发展,21.2,21.19,21.2,22.26,22.29,22.49,21.04,102268556.0,2207908347.0,-4.762,-1.06
000548,湖南投资,4.92,4.92,4.93,5.13,5.17,5.17,4.83,13923304.0,68812359.0,-4.094,-0.21
000550,江铃汽车,16.71,16.71,16.72,16.95,16.93,17.09,16.61,3245968.0,54432683.0,-1.416,-0.24
000551,创元科技,16.17,16.17,16.18,16.45,16.47,16.5,15.95,16729736.0,270619463.0,-1.702,-0.28
000552,甘肃能化,2.62,2.62,2.63,2.66,2.64,2.68,2.59,63060492.0,165976944.0,-1.504,-0.04
000553,安道麦A,6.29,6.29,6.3,6.47,6.44,6.49,6.22,9382206.0,59164231.0,-2.782,-0.18
000554,泰山石油,6.71,6.71,6.74,6.94,6.92,6.94,6.66,16344414.0,110347141.0,-3.314,-0.23
000555,神州信息,13.13,13.13,13.14,13.89,13.84,13.85,13.06,34823653.0,465098088.0,-5.472,-0.76
000557,西部创业,4.21,4.2,4.21,4.27,4.26,4.31,4.15,8128076.0,34153447.0,-1.405,-0.06
000558,天府文旅,3.7,3.7,3.71,3.73,3.73,3.75,3.67,20600242.0,76164175.0,-0.804,-0.03
000559,万向钱潮,15.76,15.75,15.76,16.82,16.39,16.45,15.57,108532166.0,1732828836.0,-6.302,-1.06
000560,我爱我家,2.74,2.73,2.74,2.82,2.82,2.82,2.73,78612146.0,217003572.0,-2.837,-0.08
000561,烽火电子,8.31,8.31,8.32,8.59,8.6,8.67,8.24,10309870.0,86748954.0,-3.26,-0.28
000563,陕国投Ａ,2.99,2.98,2.99,3.04,3.03,3.05,2.98,36103207.0,108627446.0,-1.645,-0.05
000564,供销大集,1.74,1.73,1.74,1.78,1.79,1.81,1.71,564626579.0,987661196.0,-2.247,-0.04
000565,渝三峡Ａ,6.99,6.98,6.99,7.28,7.25,7.28,6.93,10063825.0,71010712.0,-3.984,-0.29
000566,海南海药,4.07,4.06,4.07,4.17,4.17,4.18,4.02,24665744.0,100451010.0,-2.398,-0.1
000567,海德股份,6.05,6.04,6.05,6.16,6.18,6.25,5.98,19547717.0,119176365.0,-1.786,-0.11
000568,泸州老窖,91.98,91.98,91.99,90.78,90.48,93.7,88.3,20886922.0,1891879335.0,1.322,1.2
000570,苏常柴Ａ,5.57,5.57,5.58,5.7,5.7,5.79,5.49,16774800.0,93966877.0,-2.281,-0.13
000571,新大洲A,5.6,5.59,5.6,5.73,5.69,5.78,5.47,20703938.0,115250319.0,-2.269,-0.13
000572,海马汽车,4.58,4.57,4.58,4.75,4.77,4.79,4.54,48539005.0,224313766.0,-3.579,-0.17
000573,粤宏远Ａ,4.51,4.5,4.51,4.39,4.38,4.62,4.28,34526696.0,154381206.0,2.733,0.12
000576,甘化科工,7.67,7.66,7.67,7.87,7.82,7.92,7.6,8440600.0,65208380.0,-2.541,-0.2
000581,威孚高科,19.48,19.48,19.49,19.92,19.88,20.05,19.47,11639863.0,228983275.0,-2.209,-0.44
000582,北部湾港,13.45,13.44,13.45,13.17,13.26,14.18,13.17,91938954.0,1258955377.0,2.126,0.28
000586,汇源通信,17.07,17.06,17.07,17.74,17.63,18.1,16.9,13546342.0,234240008.0,-3.777,-0.67
000589,贵州轮胎,4.67,4.66,4.67,4.77,4.75,4.8,4.65,30895745.0,145389384.0,-2.096,-0.1
000590,古汉医药,10.07,10.06,10.07,10.24,10.29,10.3,9.96,3684700.0,37031347.0,-1.66,-0.17
000591,太阳能,6.01,6.0,6.01,5.9,5.85,6.05,5.81,188452017.0,1124960603.0,1.864,0.11
000592,平潭发展,8.75,8.74,8.75,9.34,9.28,9.36,8.7,187142421.0,1673791246.0,-6.317,-0.59
000593,德龙汇能,21.78,21.78,21.79,20.7,20.5,22.77,20.22,33163891.0,719700502.0,5.217,1.08
000595,*ST宝实,7.92,7.91,7.92,7.89,7.8,7.99,7.79,12843600.0,101251495.0,0.38,0.03
000596,古井贡酒,93.9,93.9,93.92,92.75,92.01,95.99,90.68,5828031.0,542595895.0,1.24,1.15
000597,东北制药,4.6,4.6,4.61,4.7,4.7,4.71,4.57,10889723.0,50361661.0,-2.128,-0.1
000598,兴蓉环境,6.87,6.87,6.88,6.91,6.88,6.94,6.82,26956504.0,185389754.0,-0.579,-0.04
000599,青岛双星,5.16,5.16,5.17,5.44,5.42,5.44,5.11,20387500.0,106585959.0,-5.147,-0.28
000600,建投能源,11.0,11.0,11.01,10.48,10.38,11.0,10.31,99002902.0,1062818893.0,4.962,0.52
000601,韶能股份,8.04,8.04,0.0,7.31,7.28,8.04,7.23,196035024.0,1530844095.0,9.986,0.73
000603,盛达资源,32.24,32.23,32.24,34.52,34.29,34.58,32.0,17069476.0,561335665.0,-6.605,-2.28
000605,渤海股份,6.29,6.29,6.3,6.53,6.5,6.51,6.15,8858823.0,55728860.0,-3.675,-0.24
000607,华媒控股,3.61,3.6,3.61,3.71,3.73,3.73,3.59,17003642.0,61822595.0,-2.695,-0.1
000608,阳光股份,4.18,4.18,0.0,3.8,3.83,4.18,3.83,27796714.0,114100942.0,10.0,0.38
000609,*ST中迪,13.02,0.0,13.02,13.7,13.51,13.66,13.02,16568510.0,219026771.0,-4.964,-0.68
000610,*ST西旅,7.22,7.2,7.22,7.25,7.2,7.23,6.95,4551000.0,32242159.0,-0.414,-0.03
000612,焦作万方,12.1,12.09,12.1,12.49,12.33,12.53,12.04,53998505.0,661541249.0,-3.122,-0.39
000615,*ST美谷,3.71,3.7,3.71,3.67,3.67,3.77,3.65,22283812.0,82737943.0,1.09,0.04
000617,中油资本,7.74,7.74,7.75,7.94,7.9,7.97,7.71,91618217.0,713719044.0,-2.519,-0.2
000619,海螺新材,5.52,5.51,5.52,5.7,5.73,5.74,5.46,6338500.0,35192930.0,-3.158,-0.18
000620,盈新发展,2.82,2.81,2.82,2.89,2.96,3.17,2.8,416609218.0,1228471739.0,-2.422,-0.07
000623,吉林敖东,17.3,17.29,17.3,17.58,17.53,17.76,17.19,10486984.0,182423399.0,-1.593,-0.28
000625,长安汽车,8.1,8.09,8.1,8.3,8.25,8.32,8.08,103275550.0,842852950.0,-2.41,-0.2
000626,远大控股,7.49,7.49,7.5,7.65,7.6,7.69,7.39,8923500.0,66889328.0,-2.092,-0.16
000628,高新发展,55.07,55.07,55.08,57.02,56.8,58.16,54.93,8795582.0,493513576.0,-3.42,-1.95
000629,钒钛股份,3.57,3.56,3.57,3.7,3.67,3.7,3.55,113877932.0,411411332.0,-3.514,-0.13
000630,铜陵有色,6.46,6.46,6.47,6.83,6.77,6.83,6.43,355112452.0,2333203571.0,-5.417,-0.37
000631,顺发恒能,3.43,3.43,3.44,3.43,3.4,3.51,3.37,40150785.0,138103395.0,0.0,0.0
000632,ST三木,3.74,3.73,3.74,3.86,3.82,3.87,3.67,18681167.0,70159314.0,-3.109,-0.12
000633,合金投资,5.78,5.78,5.79,5.95,5.95,6.02,5.73,9658000.0,56116804.0,-2.857,-0.17
000635,英 力 特,7.03,7.03,7.04,7.2,7.27,7.27,6.92,5946400.0,41809765.0,-2.361,-0.17
000636,风华高科,44.22,44.21,44.22,41.7,42.0,44.99,41.72,209107905.0,9120990250.0,6.043,2.52
000637,茂化实华,4.3,4.3,4.31,4.46,4.47,4.47,4.24,11573000.0,49892960.0,-3.587,-0.16
000638,*ST万方,0.89,0.0,0.0,0.89,0.0,0.0,0.0,0.0,0.0,0.0,0.0
000639,ST西王,1.59,1.58,1.59,1.56,1.53,1.62,1.53,42464831.0,66831800.0,1.923,0.03
000650,仁和药业,5.33,5.33,5.34,5.41,5.4,5.41,5.3,13378621.0,71462605.0,-1.479,-0.08
000651,格力电器,38.61,38.6,38.61,38.88,38.8,39.08,38.24,38481974.0,1483103981.0,-0.694,-0.27
000652,泰达股份,3.71,3.7,3.71,3.79,3.78,3.8,3.68,14567400.0,54199976.0,-2.111,-0.08
000655,金岭矿业,7.25,7.24,7.25,7.56,7.55,7.56,7.22,6975441.0,51080833.0,-4.101,-0.31
000656,*ST金科,1.41,1.4,1.41,1.44,1.43,1.44,1.4,75300569.0,106502579.0,-2.083,-0.03
000657,中钨高新,64.83,64.83,64.84,67.69,68.8,68.82,63.6,105181964.0,6890897902.0,-4.225,-2.86
000659,珠海中富,4.13,4.13,4.14,3.98,3.95,4.25,3.83,43354100.0,174449885.0,3.769,0.15
000661,长春高新,75.81,75.8,75.81,77.76,77.4,77.4,74.5,8316059.0,627951931.0,-2.508,-1.95
000663,永安林业,6.1,6.09,6.1,6.19,6.18,6.26,6.02,7324502.0,44783573.0,-1.454,-0.09
000665,湖北广电,4.33,4.33,4.34,4.46,4.44,4.53,4.33,16698960.0,73400568.0,-2.915,-0.13
000668,*ST荣控,18.86,18.86,18.98,18.66,18.67,19.18,18.5,3159700.0,59606724.0,1.072,0.2
000669,ST金鸿,4.1,4.09,4.1,4.07,4.12,4.19,4.02,9883440.0,40446335.0,0.737,0.03
000670,盈方微,9.16,9.16,9.17,9.95,9.72,9.72,9.15,133502628.0,1260132011.0,-7.94,-0.79
000672,上峰水泥,18.85,18.85,18.86,18.94,19.23,19.49,18.58,28952277.0,550507941.0,-0.475,-0.09
000676,智度股份,5.83,5.83,5.84,6.11,6.12,6.19,5.77,52028541.0,307827379.0,-4.583,-0.28
000677,ST海龙,1.94,1.94,1.95,1.94,1.88,1.98,1.84,85457807.0,161548200.0,0.0,0.0
000678,襄阳轴承,11.76,11.76,11.77,12.53,12.16,12.3,11.69,21150173.0,252916575.0,-6.145,-0.77
000679,大连友谊,6.42,6.42,6.43,6.59,6.59,6.59,6.31,5604800.0,35973323.0,-2.58,-0.17
000680,山推股份,11.11,11.1,11.11,11.45,11.4,11.4,11.02,19724573.0,220049870.0,-2.969,-0.34
000681,视觉中国,19.7,19.7,19.71,20.03,20.25,20.48,19.61,24383322.0,488845459.0,-1.648,-0.33
000682,东方电子,14.88,14.88,14.89,14.33,14.21,15.15,14.2,67822691.0,995905184.0,3.838,0.55
000683,博源化工,7.36,7.35,7.36,7.65,7.64,7.71,7.31,42140697.0,313478416.0,-3.791,-0.29
000685,中山公用,11.83,11.82,11.83,12.2,12.19,12.35,11.77,32082493.0,384326623.0,-3.033,-0.37
000686,东北证券,8.07,8.07,8.08,8.15,8.13,8.3,8.05,23918838.0,194775708.0,-0.982,-0.08
000688,国城矿业,42.66,42.66,42.67,45.64,45.29,45.79,42.3,29080767.0,1267683704.0,-6.529,-2.98
000690,宝新能源,5.75,5.75,5.76,5.5,5.46,5.86,5.43,202133609.0,1149087289.0,4.545,0.25
000691,*ST亚太,8.25,8.25,8.27,8.5,8.5,8.51,8.2,5629000.0,46848521.0,-2.941,-0.25
000692,惠天热电,4.73,4.73,4.75,4.7,4.69,4.78,4.64,12700816.0,59695193.0,0.638,0.03
000695,滨海能源,15.86,15.85,15.86,15.85,15.8,16.58,15.68,24393200.0,393513888.0,0.063,0.01
000697,炼石航空,12.17,12.16,12.17,12.74,12.74,12.87,12.07,23734942.0,292809346.0,-4.474,-0.57
000698,ST沈化,3.44,3.43,3.44,3.52,3.52,3.52,3.39,5688720.0,19575079.0,-2.273,-0.08
000700,模塑科技,15.2,15.19,15.2,15.98,15.6,16.2,15.16,115307024.0,1798378868.0,-4.881,-0.78
000701,厦门信达,5.75,5.74,5.75,5.97,5.95,6.0,5.66,20321000.0,117403671.0,-3.685,-0.22
000702,正虹科技,6.36,6.35,6.36,6.3,6.3,6.59,6.1,11360569.0,71874659.0,0.952,0.06
000703,恒逸石化,13.14,13.14,13.15,13.65,13.58,13.64,12.92,42810855.0,562621137.0,-3.736,-0.51
000705,浙江震元,6.96,6.96,6.97,7.07,7.1,7.11,6.89,6117353.0,42709993.0,-1.556,-0.11
000707,双环科技,4.92,4.92,4.93,5.09,5.07,5.07,4.85,12786806.0,63030691.0,-3.34,-0.17
000708,中信特钢,14.23,14.23,14.24,14.55,14.5,14.67,14.1,14455187.0,206515978.0,-2.199,-0.32
000709,河钢股份,2.2,2.2,2.21,2.26,2.25,2.27,2.2,81104745.0,180393464.0,-2.655,-0.06
000710,贝瑞基因,8.77,8.77,8.78,9.14,9.1,9.14,8.7,9653300.0,85213032.0,-4.048,-0.37
000711,ST京蓝,6.6,6.6,6.61,6.38,6.31,6.69,6.13,155023463.0,1007395746.0,3.448,0.22
000712,锦龙股份,11.02,11.01,11.02,11.26,11.11,11.36,10.95,57421416.0,638295426.0,-2.131,-0.24
000713,国投丰乐,5.93,5.93,5.94,5.85,5.86,5.98,5.71,7868397.0,45867848.0,1.368,0.08
000715,中兴商业,5.14,5.14,5.15,5.18,5.15,5.19,5.03,8677459.0,44380679.0,-0.772,-0.04
000716,黑芝麻,5.85,5.84,5.85,5.59,5.51,5.98,5.36,72741141.0,413084426.0,4.651,0.26
000717,中南股份,2.18,2.18,2.19,2.25,2.24,2.26,2.16,19683685.0,43360602.0,-3.111,-0.07
000718,苏宁环球,1.94,1.93,1.94,2.0,1.99,2.01,1.91,27072460.0,52838446.0,-3.0,-0.06
000719,中原传媒,13.0,13.0,13.01,13.13,13.15,13.19,12.89,3101200.0,40328582.0,-0.99,-0.13
000720,新能泰山,4.61,4.6,4.61,4.71,4.65,4.75,4.55,52590499.0,243541830.0,-2.123,-0.1
000721,西安饮食,6.55,6.55,6.56,6.51,6.51,6.75,6.35,14980600.0,97813979.0,0.614,0.04
000722,湖南发展,13.6,13.6,13.61,13.53,13.35,13.97,13.32,16946959.0,231456824.0,0.517,0.07
000723,美锦能源,4.13,4.12,4.13,4.18,4.15,4.23,4.1,69473754.0,289283922.0,-1.196,-0.05
000725,京东方Ａ,5.72,5.72,5.73,5.77,5.8,6.09,5.53,5018521556.0,29012705322.0,-0.867,-0.05
000726,鲁 泰Ａ,5.91,5.91,5.92,5.98,5.99,5.99,5.86,4286740.0,25328686.0,-1.171,-0.07
000727,冠捷科技,2.95,2.94,2.95,3.0,3.0,3.11,2.9,300159502.0,901571109.0,-1.667,-0.05
000728,国元证券,7.22,7.21,7.22,7.23,7.2,7.39,7.14,50779387.0,367383683.0,-0.138,-0.01
000729,燕京啤酒,12.35,12.35,12.36,12.17,12.11,12.47,12.0,38638439.0,473157193.0,1.479,0.18
000731,四川美丰,6.0,6.0,6.01,6.06,6.09,6.09,5.92,7139762.0,42747107.0,-0.99,-0.06
000733,振华科技,50.34,50.33,50.34,50.34,50.34,53.0,49.91,33662418.0,1721942431.0,0.0,0.0
000735,罗 牛 山,5.6,5.59,5.6,5.74,5.74,5.76,5.56,19815194.0,111304179.0,-2.439,-0.14
000736,*ST中地,5.32,5.32,5.33,5.4,5.4,5.4,5.26,5700133.0,30401363.0,-1.481,-0.08
000737,北方铜业,14.02,14.02,14.03,14.7,14.48,14.7,13.9,50773745.0,722476821.0,-4.626,-0.68
000738,航发控制,19.89,19.88,19.89,20.63,20.56,20.76,19.8,20246593.0,407737741.0,-3.587,-0.74
000739,普洛药业,16.79,16.79,16.8,17.22,17.14,17.15,16.55,12085007.0,203137941.0,-2.497,-0.43
000750,国海证券,3.74,3.74,3.75,3.78,3.77,3.83,3.73,48547992.0,182967521.0,-1.058,-0.04
000751,锌业股份,5.24,5.23,5.24,5.54,5.5,5.58,5.21,58675260.0,312626884.0,-5.415,-0.3
000752,*ST西发,8.79,8.79,8.8,8.68,8.64,8.9,8.46,4429148.0,38304737.0,1.267,0.11
000753,漳州发展,5.38,5.37,5.38,5.56,5.54,5.54,5.32,20542610.0,111052144.0,-3.237,-0.18
000755,山西高速,5.27,5.26,5.27,5.22,5.21,5.35,5.17,12359211.0,65231864.0,0.958,0.05
000756,新华制药,13.36,13.35,13.36,13.66,13.66,13.67,13.21,6830963.0,91290147.0,-2.196,-0.3
000757,浩物股份,4.13,4.12,4.13,4.27,4.25,4.26,4.08,13518536.0,55867784.0,-3.279,-0.14
000758,中色股份,6.75,6.74,6.75,7.17,7.11,7.12,6.7,60801493.0,416955420.0,-5.858,-0.42
000759,中百集团,6.07,6.07,0.0,5.52,5.59,6.07,5.37,135314166.0,779076663.0,9.964,0.55
000761,本钢板材,2.51,2.51,2.52,2.62,2.58,2.64,2.49,17087000.0,43385005.0,-4.198,-0.11
000762,西藏矿业,30.39,30.38,30.39,31.2,31.04,31.78,30.24,18276466.0,565693618.0,-2.596,-0.81
000766,通化金马,23.05,23.05,23.07,23.57,23.42,23.45,22.85,11235684.0,259419791.0,-2.206,-0.52
000767,晋控电力,5.15,5.15,5.16,4.98,4.94,5.21,4.91,433002083.0,2219238104.0,3.414,0.17
000768,中航西飞,21.74,21.74,21.75,22.32,22.1,22.2,21.71,23994017.0,525405489.0,-2.599,-0.58
000776,广发证券,18.87,18.86,18.87,19.15,19.0,19.39,18.6,57868541.0,1094503339.0,-1.462,-0.28
000777,中核科技,17.84,17.83,17.84,18.06,17.95,18.26,17.79,7651701.0,137705079.0,-1.218,-0.22
000778,新兴铸管,4.22,4.22,4.23,4.3,4.26,4.32,4.2,38913128.0,164970623.0,-1.86,-0.08
000779,甘咨询,7.3,7.3,7.31,7.52,7.51,7.53,7.18,8259526.0,60328193.0,-2.926,-0.22
000782,恒申新材,7.76,7.75,7.76,8.04,8.03,8.33,7.71,27281201.0,215744228.0,-3.483,-0.28
000783,长江证券,8.24,8.23,8.24,8.4,8.31,8.49,8.21,88077846.0,732174181.0,-1.905,-0.16
000785,居然智家,2.35,2.35,2.36,2.41,2.4,2.42,2.33,39917949.0,94285585.0,-2.49,-0.06
000786,北新建材,22.09,22.08,22.09,23.09,23.1,23.18,21.86,23201459.0,514148831.0,-4.331,-1.0
000788,北大医药,5.28,5.28,5.29,5.41,5.4,5.4,5.24,13684700.0,72536335.0,-2.403,-0.13
000789,万年青,4.43,4.43,4.44,4.49,4.49,4.51,4.39,4256620.0,18845015.0,-1.336,-0.06
000790,华神科技,4.01,4.01,4.02,4.11,4.11,4.12,3.97,16173813.0,65158382.0,-2.433,-0.1
000791,甘肃能源,8.8,8.79,8.8,8.81,8.76,9.03,8.65,64726937.0,573951243.0,-0.114,-0.01
000792,盐湖股份,31.38,31.37,31.38,32.53,32.4,32.76,31.23,71561831.0,2279238701.0,-3.535,-1.15
000793,*ST华闻,2.67,2.67,2.68,2.73,2.71,2.72,2.66,18269600.0,48959228.0,-2.198,-0.06
000795,英洛华,8.79,8.78,8.79,9.07,9.02,9.11,8.74,15204000.0,134716640.0,-3.087,-0.28
000796,凯撒旅业,4.68,4.67,4.68,4.76,4.72,4.78,4.63,33245877.0,155748231.0,-1.681,-0.08
000797,中国武夷,2.49,2.48,2.49,2.57,2.58,2.58,2.47,24027431.0,59964608.0,-3.113,-0.08
000798,中水渔业,8.37,8.36,8.37,8.52,8.52,8.57,8.27,6256200.0,52167481.0,-1.761,-0.15
000799,酒鬼酒,42.77,42.76,42.77,40.35,40.0,44.0,39.73,21326707.0,898273136.0,5.998,2.42
000800,一汽解放,6.04,6.04,6.05,6.13,6.13,6.19,6.02,17014277.0,103229743.0,-1.468,-0.09
000801,四川九洲,13.12,13.12,13.13,13.56,13.42,13.47,13.07,15547000.0,205102033.0,-3.245,-0.44
000802,北京文化,5.09,5.08,5.09,5.06,5.1,5.18,5.0,34872002.0,176868875.0,0.593,0.03
000803,山高环能,8.13,8.12,8.13,7.62,7.74,8.25,7.64,27605300.0,220444136.0,6.693,0.51
000807,云铝股份,29.84,29.83,29.84,31.69,31.36,31.44,29.66,94976440.0,2873864028.0,-5.838,-1.85
000809,和展能源,4.09,4.09,4.1,4.11,4.03,4.22,3.9,62240049.0,254274749.0,-0.487,-0.02
000810,创维数字,11.78,11.77,11.78,12.06,12.04,12.19,11.69,13463597.0,160209478.0,-2.322,-0.28
000811,冰轮环境,33.76,33.75,33.76,32.17,32.81,35.39,32.73,81147452.0,2808516880.0,4.942,1.59
000812,陕西金叶,3.72,3.72,3.73,3.8,3.78,3.78,3.67,15811238.0,58886511.0,-2.105,-0.08
000813,德展健康,3.32,3.31,3.32,3.28,3.3,3.36,3.28,40689319.0,134828196.0,1.22,0.04
000815,美利云,16.52,16.52,16.53,17.64,17.41,17.42,16.41,66580597.0,1116680140.0,-6.349,-1.12
000816,智慧农业,2.63,2.62,2.63,2.71,2.73,2.73,2.59,29281750.0,77143271.0,-2.952,-0.08
000818,航锦科技,15.01,15.0,15.01,15.67,15.7,15.75,14.89,28503170.0,431871987.0,-4.212,-0.66
000819,岳阳兴长,15.84,15.84,15.85,16.3,16.25,16.43,15.62,14437826.0,230408326.0,-2.822,-0.46
000820,*ST节能,3.72,3.72,3.75,3.78,3.79,3.82,3.71,3952849.0,14850806.0,-1.587,-0.06
000821,ST京机,9.2,9.19,9.2,9.45,9.45,9.65,9.15,13095000.0,122424430.0,-2.646,-0.25
000822,山东海化,4.86,4.86,4.87,5.02,5.02,5.04,4.81,14569200.0,71288748.0,-3.187,-0.16
000823,超声电子,16.26,16.26,16.27,16.87,16.68,16.68,15.8,63485099.0,1032642640.0,-3.616,-0.61
000825,太钢不锈,3.89,3.89,3.9,4.0,3.99,4.04,3.87,32063419.0,126071562.0,-2.75,-0.11
000826,*ST启环,2.27,2.27,2.28,2.28,2.3,2.31,2.19,39106637.0,88071041.0,-0.439,-0.01
000828,东莞控股,10.07,10.05,10.07,10.23,10.15,10.27,10.0,4719473.0,47632706.0,-1.564,-0.16
000829,天音控股,8.59,8.59,8.6,9.13,9.15,9.15,8.55,38056400.0,333100776.0,-5.915,-0.54
000830,鲁西化工,13.34,13.33,13.34,13.51,13.46,13.71,13.2,30004000.0,402714440.0,-1.258,-0.17
000831,中国稀土,49.33,49.32,49.33,51.23,51.0,51.65,49.04,26277998.0,1312684722.0,-3.709,-1.9
000833,粤桂股份,23.66,23.66,23.67,24.0,23.99,24.3,23.35,21743471.0,517376755.0,-1.417,-0.34
000837,秦川机床,12.05,12.04,12.05,12.52,12.42,12.5,11.94,32392327.0,393639930.0,-3.754,-0.47
000838,*ST发展,1.8,1.8,1.81,1.82,1.79,1.83,1.77,29471500.0,53003579.0,-1.099,-0.02
000839,国安股份,3.03,3.03,3.04,3.06,3.04,3.12,3.02,79687929.0,243658933.0,-0.98,-0.03
000848,承德露露,8.69,8.69,8.7,8.78,8.76,8.78,8.56,12505496.0,108327272.0,-1.025,-0.09
000850,华茂股份,4.02,4.02,4.03,4.13,4.15,4.16,3.99,10049202.0,40582859.0,-2.663,-0.11
000852,石化机械,5.9,5.9,5.91,6.09,6.17,6.17,5.83,15757025.0,93487804.0,-3.12,-0.19
000856,冀东装备,9.37,9.37,9.38,9.84,9.75,9.93,9.33,12228445.0,116513522.0,-4.776,-0.47
000858,五 粮 液,83.89,83.89,83.9,83.36,83.0,86.25,81.7,60380066.0,5045124429.0,0.636,0.53
000859,国风新材,9.74,9.74,9.75,10.41,10.2,10.5,9.7,67645989.0,671920096.0,-6.436,-0.67
000860,顺鑫农业,11.35,11.34,11.35,11.2,11.15,11.68,10.95,18061114.0,203666608.0,1.339,0.15
000862,银星能源,6.7,6.69,6.7,6.64,6.59,6.83,6.51,40101660.0,268682525.0,0.904,0.06
000863,三湘印象,5.28,5.28,5.29,5.39,5.38,5.45,5.24,21363400.0,113409213.0,-2.041,-0.11
000868,安凯客车,3.92,3.91,3.92,4.03,4.0,4.02,3.89,12927385.0,50932400.0,-2.73,-0.11
000869,张 裕Ａ,18.12,18.11,18.12,18.36,18.35,18.44,17.85,1699705.0,30803660.0,-1.307,-0.24
000875,电投绿能,6.94,6.94,6.95,7.02,6.96,7.08,6.89,102837784.0,718646796.0,-1.14,-0.08
000876,新 希 望,7.95,7.95,7.96,8.01,8.0,8.01,7.83,24567226.0,194252454.0,-0.749,-0.06
000877,天山股份,4.36,4.35,4.36,4.44,4.43,4.45,4.33,10228800.0,44639304.0,-1.802,-0.08
000878,云南铜业,17.78,17.78,17.79,18.64,18.59,18.8,17.74,47815557.0,864125088.0,-4.614,-0.86
000880,潍柴重机,32.22,32.21,32.22,33.31,32.47,33.93,31.65,33812956.0,1103753409.0,-3.272,-1.09
000881,中广核技,7.52,7.51,7.52,7.74,7.72,7.77,7.45,12137389.0,91648430.0,-2.842,-0.22
000882,华联股份,1.47,1.47,1.48,1.48,1.48,1.49,1.44,59730100.0,87433546.0,-0.676,-0.01
000883,湖北能源,5.14,5.14,5.15,5.11,5.08,5.18,5.06,62341985.0,319867360.0,0.587,0.03
000885,城发环境,13.06,13.05,13.06,13.33,13.33,13.33,13.01,4404650.0,57809359.0,-2.026,-0.27
000886,海南高速,4.78,4.78,4.79,4.93,4.95,4.95,4.75,15478500.0,74490166.0,-3.043,-0.15
000887,中鼎股份,19.68,19.68,19.69,21.07,20.55,20.8,19.62,67261773.0,1350874581.0,-6.597,-1.39
000888,峨眉山Ａ,10.31,10.31,10.32,10.47,10.41,10.54,10.25,6380789.0,66046569.0,-1.528,-0.16
000889,中嘉博创,3.91,3.91,3.92,3.94,3.94,3.97,3.77,54400065.0,209005162.0,-0.761,-0.03
000890,法尔胜,10.44,10.43,10.44,10.67,10.72,10.86,10.34,29932635.0,314102048.0,-2.156,-0.23
000892,欢瑞世纪,4.5,4.5,0.0,4.09,4.4,4.5,4.1,62160400.0,270954159.0,10.024,0.41
000893,亚钾国际,46.77,46.77,46.8,49.4,49.2,49.6,46.7,11362584.0,542207288.0,-5.324,-2.63
000895,双汇发展,24.68,24.68,24.69,24.52,24.2,24.73,23.89,17903826.0,436939955.0,0.653,0.16
000897,津滨发展,1.91,1.9,1.91,1.97,1.97,1.97,1.88,32557092.0,62105717.0,-3.046,-0.06
000898,鞍钢股份,2.02,2.01,2.02,2.07,2.06,2.08,2.01,37459606.0,76131964.0,-2.415,-0.05
000899,赣能股份,12.8,12.79,12.8,12.83,12.68,13.05,12.53,23626840.0,302722518.0,-0.234,-0.03
000900,现代投资,3.9,3.89,3.9,3.92,3.92,3.92,3.84,15777506.0,61236998.0,-0.51,-0.02
000901,航天科技,19.29,19.28,19.29,19.92,20.0,20.17,19.13,20347118.0,398267979.0,-3.163,-0.63
000902,新洋丰,13.41,13.41,13.42,13.84,13.84,14.0,13.35,13680352.0,185122905.0,-3.107,-0.43
000903,ST云动,1.71,1.7,1.71,1.79,1.79,1.8,1.7,45092540.0,77472672.0,-4.469,-0.08
000905,厦门港务,9.38,9.37,9.38,9.63,9.58,9.62,9.31,11269941.0,105853106.0,-2.596,-0.25
000906,浙商中拓,6.37,6.36,6.37,6.56,6.52,6.56,6.31,12628572.0,80717336.0,-2.896,-0.19
000908,ST景峰,7.19,7.18,7.19,7.25,7.2,7.31,7.11,10239155.0,73783793.0,-0.828,-0.06
000909,*ST数源,4.53,4.53,4.55,4.73,4.73,4.74,4.49,8957400.0,40553434.0,-4.228,-0.2
000910,大亚圣象,6.37,6.37,6.38,6.77,6.73,6.77,6.33,14060278.0,90990943.0,-5.908,-0.4
000911,*ST广糖,5.5,5.5,5.51,5.65,5.64,5.69,5.45,4857301.0,26798378.0,-2.655,-0.15
000912,泸天化,3.75,3.75,3.76,3.84,3.83,3.86,3.72,24966948.0,94061614.0,-2.344,-0.09
000913,钱江摩托,11.36,11.35,11.36,11.69,11.71,11.71,11.33,5667991.0,64834148.0,-2.823,-0.33
000915,华特达因,27.24,27.24,27.26,27.49,27.46,27.54,27.11,1751921.0,47823429.0,-0.909,-0.25
000917,电广传媒,7.72,7.72,7.73,7.94,7.95,8.06,7.65,26535444.0,208111948.0,-2.771,-0.22
000919,金陵药业,6.22,6.21,6.22,6.37,6.39,6.39,6.2,10919297.0,68247617.0,-2.355,-0.15
000920,沃顿科技,11.71,11.71,11.72,11.78,11.79,11.94,11.55,12187207.0,143247407.0,-0.594,-0.07
000921,海信家电,24.54,24.52,24.54,24.57,24.59,24.89,24.2,6851250.0,167730940.0,-0.122,-0.03
000922,佳电股份,13.58,13.57,13.58,13.71,13.68,14.0,13.39,21454506.0,293860289.0,-0.948,-0.13
000923,河钢资源,15.93,15.92,15.93,16.7,16.62,16.97,15.84,14677791.0,237913062.0,-4.611,-0.77
000925,众合科技,7.79,7.79,7.8,8.06,8.03,8.12,7.75,45617520.0,359685204.0,-3.35,-0.27
000926,福星股份,2.28,2.28,2.29,2.37,2.3,2.31,2.23,84366482.0,191526551.0,-3.797,-0.09
000927,中国铁物,2.67,2.66,2.67,2.75,2.73,2.74,2.64,76080016.0,204071773.0,-2.909,-0.08
000928,中钢国际,5.98,5.97,5.98,6.16,6.13,6.17,5.93,18072096.0,108740645.0,-2.922,-0.18
000929,*ST兰黄,10.36,10.35,10.36,10.48,10.59,10.61,10.05,3281700.0,33953439.0,-1.145,-0.12
000930,中粮科技,5.1,5.09,5.1,5.22,5.22,5.23,5.04,17796389.0,90879535.0,-2.299,-0.12
000931,中 关 村,4.18,4.17,4.18,4.29,4.29,4.3,4.12,8667244.0,36221256.0,-2.564,-0.11
000932,华菱钢铁,4.05,4.04,4.05,4.13,4.12,4.21,4.01,86571454.0,353501310.0,-1.937,-0.08
000933,神火股份,30.61,30.61,30.62,32.19,31.98,32.25,30.51,59914585.0,1854892726.0,-4.908,-1.58
000935,四川双马,32.12,32.12,32.18,32.55,32.43,32.6,31.6,5343719.0,171295536.0,-1.321,-0.43
000936,华西股份,6.54,6.53,6.54,6.93,6.93,6.93,6.49,27779736.0,184472052.0,-5.628,-0.39
000937,冀中能源,5.34,5.34,5.35,5.45,5.41,5.44,5.31,18266710.0,97894158.0,-2.018,-0.11
000938,紫光股份,28.02,28.01,28.02,28.9,28.78,29.44,27.78,152357186.0,4347242839.0,-3.045,-0.88
000948,南天信息,13.3,13.3,13.31,13.74,13.87,13.89,13.3,4937697.0,66667972.0,-3.202,-0.44
000949,新乡化纤,7.09,7.09,7.1,7.46,7.43,7.51,7.01,48900367.0,352620579.0,-4.96,-0.37
000950,重药控股,5.86,5.85,5.86,6.04,6.03,6.04,5.79,34017780.0,199550884.0,-2.98,-0.18
000951,中国重汽,21.03,21.02,21.03,21.45,21.44,21.55,20.75,11328734.0,238563297.0,-1.958,-0.42
000952,广济药业,6.89,6.88,6.89,6.97,6.96,7.0,6.79,5688960.0,39126081.0,-1.148,-0.08
000953,河化股份,6.85,6.85,6.86,6.75,6.8,6.91,6.75,8882291.0,60674400.0,1.481,0.1
000955,欣龙控股,4.26,4.26,4.28,4.37,4.37,4.41,4.21,11812100.0,50332007.0,-2.517,-0.11
000957,中通客车,10.43,10.42,10.43,10.88,10.85,10.87,10.41,17449056.0,184240655.0,-4.136,-0.45
000958,电投产融,5.88,5.88,5.89,6.05,6.04,6.06,5.87,29551680.0,175422744.0,-2.81,-0.17
000959,首钢股份,3.65,3.65,3.66,3.76,3.75,3.77,3.61,44929623.0,165004718.0,-2.926,-0.11
000960,锡业股份,39.08,39.07,39.08,41.74,41.51,42.19,38.82,78120040.0,3113657930.0,-6.373,-2.66
000962,东方钽业,64.12,64.11,64.12,66.46,66.47,68.9,63.78,25990660.0,1718468745.0,-3.521,-2.34
000963,华东医药,29.39,29.39,29.4,29.2,29.05,29.62,28.72,12696001.0,370042076.0,0.651,0.19
000965,天保基建,3.23,3.22,3.23,3.35,3.34,3.35,3.2,20040690.0,65158657.0,-3.582,-0.12
000966,长源电力,5.24,5.24,5.25,5.13,5.13,5.37,5.12,198161682.0,1042112716.0,2.144,0.11
000967,盈峰环境,10.97,10.96,10.97,11.78,11.64,11.8,10.85,199469765.0,2235633557.0,-6.876,-0.81
000968,蓝焰控股,7.43,7.42,7.43,7.62,7.58,7.6,7.36,25448383.0,189498650.0,-2.493,-0.19
000969,安泰科技,24.36,24.36,24.37,23.44,23.59,24.92,23.41,89348160.0,2163939664.0,3.925,0.92
000970,中科三环,11.65,11.65,11.66,11.97,11.9,12.07,11.56,21880737.0,257016228.0,-2.673,-0.32
000972,*ST中基,3.53,3.53,3.54,3.58,3.58,3.6,3.48,7874620.0,27790504.0,-1.397,-0.05
000973,佛塑科技,15.03,15.03,15.04,14.98,14.86,15.5,14.8,61654838.0,936726408.0,0.334,0.05
000975,山金国际,23.88,23.87,23.88,25.37,25.01,25.5,23.66,52965366.0,1276035366.0,-5.873,-1.49
000977,浪潮信息,64.52,64.52,64.53,67.3,66.94,67.86,64.3,71199678.0,4693629414.0,-4.131,-2.78
000978,桂林旅游,6.58,6.57,6.58,6.56,6.55,6.6,6.48,14543300.0,94992606.0,0.305,0.02
000980,众泰汽车,2.71,2.71,2.72,2.83,2.84,2.87,2.67,211648332.0,579792832.0,-4.24,-0.12
000981,山子高科,3.73,3.72,3.73,3.88,3.81,3.84,3.71,307947219.0,1157757162.0,-3.866,-0.15
000983,山西焦煤,6.59,6.58,6.59,6.56,6.5,6.74,6.42,90569357.0,593723667.0,0.457,0.03
000985,大庆华科,17.06,17.05,17.06,17.48,17.48,17.48,16.63,1708400.0,29128363.0,-2.403,-0.42
000987,越秀资本,8.03,8.03,8.04,8.22,8.17,8.31,7.96,38588396.0,311510481.0,-2.311,-0.19
000988,华工科技,159.88,159.88,159.89,170.32,166.95,170.99,159.0,107028921.0,17594636620.0,-6.13,-10.44
000989,九芝堂,8.11,8.1,8.11,8.11,8.11,8.14,8.0,8676129.0,69894106.0,0.0,0.0
000990,诚志股份,9.69,9.68,9.69,9.86,9.86,9.93,9.63,21372106.0,208128849.0,-1.724,-0.17
000993,闽东电力,14.04,14.04,14.05,13.72,13.45,14.21,13.4,38513791.0,538556473.0,2.332,0.32
000995,皇台酒业,14.24,14.23,14.24,13.7,13.7,14.89,13.42,36424165.0,511692908.0,3.942,0.54
000997,新 大 陆,23.41,23.41,23.42,24.59,24.68,24.75,23.15,46549338.0,1105348545.0,-4.799,-1.18
000998,隆平高科,8.69,8.69,8.7,8.42,8.42,8.8,8.25,24804299.0,211911149.0,3.207,0.27
000999,华润三九,24.53,24.53,24.54,24.21,24.12,24.56,24.01,10960050.0,266400432.0,1.322,0.32
001201,东瑞股份,11.92,11.92,11.93,12.23,12.2,12.25,11.82,3011176.0,36062637.0,-2.535,-0.31
001202,炬申股份,15.81,15.81,15.82,16.07,16.0,16.31,14.46,2511460.0,39648667.0,-1.618,-0.26
001203,大中矿业,38.51,38.51,38.52,40.08,40.38,41.58,38.0,26241269.0,1028660669.0,-3.917,-1.57
001205,盛航股份,14.07,14.07,14.09,14.34,14.54,14.54,13.92,3785182.0,53324223.0,-1.883,-0.27
001206,依依股份,16.9,16.9,16.91,17.37,17.66,17.66,16.76,2587056.0,43807005.0,-2.706,-0.47
001207,联科科技,19.69,19.68,19.69,20.32,20.23,20.42,19.53,8531850.0,169623145.0,-3.1,-0.63
001208,华菱线缆,16.17,16.17,16.18,16.58,16.55,16.7,16.1,13592600.0,222291584.0,-2.473,-0.41
001209,洪兴股份,21.33,21.33,21.34,21.08,21.11,21.64,20.61,3398388.0,71556628.0,1.186,0.25
001210,金房能源,28.61,28.6,28.61,28.67,28.31,28.98,27.55,7960495.0,223971581.0,-0.209,-0.06
001211,双枪科技,44.13,44.13,44.18,44.59,44.4,47.54,43.18,6220962.0,277445932.0,-1.032,-0.46
001212,中旗新材,54.05,54.05,54.08,56.12,55.79,56.86,53.9,7865687.0,430616712.0,-3.689,-2.07
001213,中铁特货,3.78,3.77,3.78,3.81,3.81,3.83,3.73,11120063.0,41929706.0,-0.787,-0.03
001215,千味央厨,41.83,41.83,41.84,42.45,42.25,42.54,40.2,3654400.0,150694282.0,-1.461,-0.62
001216,华瓷股份,16.37,16.37,16.4,16.63,16.56,16.7,16.12,2723772.0,44512158.0,-1.563,-0.26
001217,华尔泰,9.94,9.94,9.95,10.2,10.2,10.27,9.85,4216700.0,42072462.0,-2.549,-0.26
001218,丽臣实业,24.43,24.38,24.43,25.04,25.1,25.11,24.29,2049960.0,50432348.0,-2.436,-0.61
001219,青岛食品,13.54,13.54,13.55,13.42,13.43,13.6,13.18,4055062.0,54231249.0,0.894,0.12
001220,世盟股份,32.73,32.72,32.73,33.72,33.47,33.73,32.43,1299032.0,42752702.0,-2.936,-0.99
001221,悍高集团,52.13,52.13,52.14,53.98,53.77,54.23,51.89,1194081.0,62777213.0,-3.427,-1.85
001222,源飞宠物,16.37,16.35,16.37,16.75,16.79,16.79,16.22,1604300.0,26355889.0,-2.269,-0.38
001223,欧克科技,60.57,60.57,60.6,61.95,62.36,63.88,60.0,1473846.0,91181197.0,-2.228,-1.38
001225,和泰机电,56.97,0.0,56.97,63.3,60.14,60.3,56.97,2111500.0,121642992.0,-10.0,-6.33
001226,拓山重工,47.77,47.77,47.8,49.27,50.0,50.0,47.36,952800.0,45869943.0,-3.044,-1.5
001227,兰州银行,2.11,2.1,2.11,2.12,2.11,2.13,2.1,33259114.0,70255689.0,-0.472,-0.01
001228,永泰运,30.47,30.47,30.5,31.17,30.9,32.38,30.4,2571791.0,80807488.0,-2.246,-0.7
001229,魅视科技,34.74,34.73,34.74,35.15,35.2,35.78,34.64,1041934.0,36493686.0,-1.166,-0.41
001230,劲旅环境,25.59,25.57,25.59,25.36,25.36,26.81,25.13,3526640.0,91093285.0,0.907,0.23
001231,农心科技,22.42,22.41,22.42,23.1,23.36,23.39,22.07,1417100.0,31783554.0,-2.944,-0.68
001233,海安集团,54.97,54.97,55.0,56.92,56.4,57.16,54.87,1947150.0,108155514.0,-3.426,-1.95
001234,泰慕士,24.18,24.18,24.25,24.65,24.65,24.75,24.08,1561200.0,37997488.0,-1.907,-0.47
001236,弘业期货,8.34,8.34,8.35,8.71,8.67,8.74,8.28,11371300.0,95680082.0,-4.248,-0.37
001237,C惠康,78.5,78.5,78.51,89.18,84.62,86.2,78.0,9794417.0,806992327.0,-11.976,-10.68
001238,浙江正特,42.0,41.83,42.0,43.05,42.62,43.06,41.51,456285.0,19150895.0,-2.439,-1.05
001239,永达股份,13.77,13.77,13.78,14.15,14.26,14.26,13.77,2461300.0,34259784.0,-2.686,-0.38
001255,博菲电气,32.68,32.64,32.68,33.2,33.33,34.15,31.59,3887385.0,128225806.0,-1.566,-0.52
001256,炜冈科技,23.63,23.49,23.63,24.14,24.19,24.21,23.33,2804033.0,66244273.0,-2.113,-0.51
001257,盛龙股份,28.41,28.41,0.0,25.83,26.93,28.41,26.8,39928775.0,1115464811.0,9.988,2.58
001258,立新能源,10.26,10.26,10.27,9.99,9.74,10.26,9.64,47954400.0,477711483.0,2.703,0.27
001259,利仁科技,74.8,74.8,74.81,73.41,71.03,76.65,70.18,5563231.0,410710308.0,1.893,1.39
001260,坤泰股份,19.34,19.34,19.36,20.29,20.2,20.2,19.16,1663700.0,32419180.0,-4.682,-0.95
001266,宏英智能,48.86,48.86,48.88,51.65,51.77,52.79,48.42,8874242.0,442746779.0,-5.402,-2.79
001267,汇绿生态,56.77,56.76,56.77,58.17,57.9,58.74,55.3,36704143.0,2088200868.0,-2.407,-1.4
001268,联合精密,42.21,42.21,42.39,43.92,43.75,46.49,41.22,4806400.0,209502200.0,-3.893,-1.71
001269,欧晶科技,23.4,23.4,23.41,24.25,23.96,24.93,23.27,4498460.0,107127790.0,-3.505,-0.85
001270,铖昌科技,154.03,154.03,154.04,143.35,146.07,157.69,146.07,18211831.0,2803506031.0,7.45,10.68
001277,速达股份,32.75,32.71,32.75,33.81,33.81,34.19,32.18,1260000.0,41348186.0,-3.135,-1.06
001278,一彬科技,18.92,18.91,18.92,19.77,19.79,19.83,18.45,3022300.0,57548693.0,-4.299,-0.85
001279,强邦新材,30.18,30.14,30.18,30.28,30.4,30.49,29.68,1163069.0,34846041.0,-0.33,-0.1
001280,中国铀业,73.44,73.43,73.44,75.98,75.88,75.88,73.18,6639021.0,492785743.0,-3.343,-2.54
001282,三联锻造,18.82,18.82,18.87,19.81,19.78,19.85,18.68,4143225.0,78805402.0,-4.997,-0.99
001283,豪鹏科技,60.71,60.7,60.71,61.38,61.3,62.88,60.01,5870807.0,359032087.0,-1.092,-0.67
001285,瑞立科密,48.12,48.12,48.13,49.11,49.02,49.62,48.0,1540683.0,74876751.0,-2.016,-0.99
001286,陕西能源,12.02,12.01,12.02,11.9,11.83,12.1,11.77,25033916.0,299358935.0,1.008,0.12
001287,中电港,26.4,26.4,26.41,27.02,26.87,27.38,26.3,30919071.0,831763083.0,-2.295,-0.62
001288,运机集团,26.6,26.6,26.65,27.78,27.75,27.78,26.39,5359316.0,143869309.0,-4.248,-1.18
001289,龙源电力,17.9,17.89,17.9,17.74,17.7,18.08,17.53,9269585.0,165194790.0,0.902,0.16
001296,长江材料,20.55,20.55,20.56,20.73,20.73,20.83,20.36,1746896.0,35869483.0,-0.868,-0.18
001298,好上好,22.42,22.42,22.43,22.77,22.79,23.1,22.33,12968454.0,295093550.0,-1.537,-0.35
001299,美能能源,13.07,13.07,0.0,11.88,11.95,13.07,11.92,17697843.0,224423459.0,10.017,1.19
001300,三柏硕,16.02,16.01,16.02,16.29,16.39,16.41,15.88,2988100.0,47939409.0,-1.657,-0.27
001301,尚太科技,93.53,93.52,93.53,90.28,89.54,94.98,89.54,9078865.0,844418154.0,3.6,3.25
001306,夏厦精密,67.5,67.5,67.57,70.42,70.5,70.7,67.18,1032100.0,70687570.0,-4.147,-2.92
001308,康冠科技,22.02,22.01,22.02,22.37,22.0,22.72,21.6,10240090.0,226951625.0,-1.565,-0.35
001309,德明利,665.0,665.0,665.02,659.1,680.0,703.0,660.8,15884501.0,10816617189.0,0.895,5.9
001311,多利科技,21.2,21.19,21.2,22.06,21.9,22.15,21.03,4810338.0,103184049.0,-3.898,-0.86
001312,福恩股份,21.81,21.81,21.82,21.63,21.43,22.14,21.43,4031508.0,87990012.0,0.832,0.18
001313,粤海饲料,8.63,8.63,8.64,8.6,8.6,8.88,8.46,19138896.0,166030996.0,0.349,0.03
001314,亿道信息,57.3,57.3,57.32,60.02,61.0,61.5,56.77,7204059.0,421600618.0,-4.532,-2.72
001316,润贝航科,37.69,37.67,37.69,38.44,38.38,39.16,37.26,3866562.0,147790392.0,-1.951,-0.75
001317,三羊马,53.33,53.32,53.33,54.87,54.8,55.28,52.99,3050445.0,163895096.0,-2.807,-1.54
001318,阳光乳业,12.18,12.17,12.18,11.94,12.07,12.61,11.59,6384200.0,77329396.0,2.01,0.24
001319,铭科精技,24.91,24.91,24.92,25.59,25.4,25.96,24.7,5353551.0,135363209.0,-2.657,-0.68
001322,箭牌家居,6.72,6.72,6.73,6.94,6.92,6.98,6.66,4426600.0,29951666.0,-3.17,-0.22
001323,慕思股份,20.43,20.43,20.44,20.7,20.8,20.88,20.07,1231560.0,25030472.0,-1.304,-0.27
001324,长青科技,18.97,18.97,18.99,19.65,19.68,19.99,18.86,3422700.0,65679493.0,-3.461,-0.68
001325,元创股份,41.99,41.99,42.0,43.9,43.9,44.18,41.7,1702600.0,72442039.0,-4.351,-1.91
001326,联域股份,68.26,68.26,68.28,70.65,70.0,70.65,67.0,1931514.0,133341606.0,-3.383,-2.39
001328,登康口腔,29.84,29.84,29.85,28.9,28.93,30.5,28.81,2234774.0,66838879.0,3.253,0.94
001330,博纳影业,9.31,9.31,9.32,9.3,9.36,9.79,9.15,147496655.0,1389441170.0,0.108,0.01
001331,胜通能源,69.78,69.78,69.79,67.83,69.86,72.56,69.25,14577589.0,1030435432.0,2.875,1.95
001332,锡装股份,64.82,64.8,64.82,65.81,65.29,67.5,64.05,2264085.0,148102281.0,-1.504,-0.99
001333,光华股份,23.95,23.94,23.95,25.08,25.02,25.3,23.68,3614500.0,87553766.0,-4.506,-1.13
001335,信凯科技,46.2,46.2,46.29,47.85,47.53,48.19,46.2,888908.0,41607652.0,-3.448,-1.65
001336,楚环科技,27.73,27.68,27.74,28.76,29.26,29.26,27.06,2481011.0,68551357.0,-3.581,-1.03
001337,四川黄金,52.45,52.45,52.46,57.17,56.64,57.0,52.3,13644326.0,730158954.0,-8.256,-4.72
001338,永顺泰,11.05,11.05,11.06,11.3,11.3,11.3,10.89,8118414.0,89774853.0,-2.212,-0.25
001339,智微智能,102.62,102.62,102.63,105.97,105.32,106.36,102.0,8685708.0,902366452.0,-3.161,-3.35
001356,富岭股份,9.95,9.95,9.96,10.22,10.26,10.26,9.88,3321610.0,33197325.0,-2.642,-0.27
001358,兴欣新材,26.36,26.25,26.36,27.0,26.99,27.08,26.02,1241760.0,32763724.0,-2.37,-0.64
001359,平安电工,99.33,99.33,99.34,105.9,104.86,108.9,98.6,3341562.0,341327080.0,-6.204,-6.57
001360,南矿集团,23.22,23.22,0.0,21.11,20.97,23.22,20.86,7931440.0,179650747.0,9.995,2.11
001365,天海电子,47.59,47.59,47.6,49.0,49.98,50.48,47.51,12600486.0,610663013.0,-2.878,-1.41
001366,播恩集团,16.75,0.0,16.75,18.61,16.75,17.71,16.75,13036100.0,218842129.0,-9.995,-1.86
001367,海森药业,21.12,21.12,21.13,21.36,21.38,21.38,20.81,1429579.0,30025854.0,-1.124,-0.24
001368,通达创智,25.5,25.5,25.51,26.19,26.12,26.31,25.21,1501969.0,38401191.0,-2.635,-0.69
001369,双欣材料,14.18,14.18,14.19,14.6,14.53,14.64,14.13,11556742.0,165067334.0,-2.877,-0.42
001373,翔腾新材,38.55,38.52,38.55,40.01,40.31,40.46,38.27,1451800.0,56607450.0,-3.649,-1.46
001376,百通能源,15.0,14.99,15.0,15.28,15.49,15.6,14.92,35595600.0,540123798.0,-1.832,-0.28
001378,德冠新材,20.1,20.09,20.1,20.82,20.62,20.81,19.86,3638541.0,73276396.0,-3.458,-0.72
001379,腾达科技,19.39,19.39,19.4,20.14,19.95,20.4,19.29,3132313.0,61540505.0,-3.724,-0.75
001380,华纬科技,18.2,18.2,18.23,19.11,19.0,19.24,18.15,3336320.0,61658217.0,-4.762,-0.91
001382,新亚电缆,20.29,20.28,20.29,20.13,20.2,20.41,20.05,2707300.0,54692366.0,0.795,0.16
001386,马可波罗,16.34,16.34,16.35,16.82,16.82,16.82,16.2,3839592.0,63018395.0,-2.854,-0.48
001387,雪祺电气,12.86,12.86,12.87,13.52,13.6,13.6,12.64,6684690.0,86272343.0,-4.882,-0.66
001388,信通电子,35.1,35.1,35.13,36.29,36.31,36.78,34.84,1279221.0,45471367.0,-3.279,-1.19
001389,广合科技,182.09,182.0,182.09,193.41,191.95,194.8,179.5,10340901.0,1925665244.0,-5.853,-11.32
001390,古麒绒材,17.59,17.59,17.6,17.99,17.98,18.2,17.39,2837858.0,50229309.0,-2.223,-0.4
001391,国货航,5.19,5.18,5.19,5.23,5.21,5.24,5.17,13963668.0,72498034.0,-0.765,-0.04
001393,维通利,73.5,73.49,73.5,73.51,71.55,75.8,71.06,9089080.0,667748286.0,-0.014,-0.01
001395,亚联机械,35.99,35.97,35.99,36.59,36.59,36.98,35.9,599880.0,21712091.0,-1.64,-0.6
001396,誉帆科技,44.0,43.98,44.0,45.37,45.21,45.39,43.62,1217960.0,53996589.0,-3.02,-1.37
001400,江顺科技,160.62,160.62,160.74,159.85,159.9,162.5,154.47,1417830.0,225488122.0,0.482,0.77
001696,宗申动力,15.26,15.25,15.26,15.68,15.6,15.79,15.18,20921073.0,321588415.0,-2.679,-0.42
001872,招商港口,22.04,22.02,22.05,22.42,22.4,22.49,21.88,2001047.0,44127686.0,-1.695,-0.38
001896,豫能控股,15.74,15.74,15.75,16.55,15.0,16.33,15.0,180705554.0,2824905073.0,-4.894,-0.81
001914,招商积余,9.54,9.53,9.54,9.76,9.76,9.76,9.38,8933605.0,85175862.0,-2.254,-0.22
001965,招商公路,10.11,10.11,10.12,10.19,10.2,10.21,10.01,11261738.0,113718585.0,-0.785,-0.08
001979,招商蛇口,8.34,8.34,8.35,8.7,8.68,8.68,8.24,86963609.0,727807693.0,-4.138,-0.36
002001,新 和 成,30.66,30.66,30.67,31.59,31.3,31.4,30.3,34065546.0,1043108759.0,-2.944,-0.93
002003,伟星股份,8.92,8.92,8.93,8.82,8.85,8.95,8.48,14370330.0,125040372.0,1.134,0.1
002004,华邦健康,4.51,4.5,4.51,4.6,4.6,4.61,4.47,21649100.0,97976969.0,-1.957,-0.09
002005,ST德豪,2.92,2.92,2.93,2.97,2.97,2.97,2.89,11709300.0,34092421.0,-1.684,-0.05
002006,精工科技,17.69,17.69,17.7,18.62,18.45,18.54,17.67,14667436.0,264758750.0,-4.995,-0.93
002007,华兰生物,13.5,13.5,13.51,13.6,13.54,13.63,13.31,10875012.0,146232606.0,-0.735,-0.1
002008,大族激光,131.31,131.31,131.35,135.45,134.01,138.0,129.0,48271582.0,6444488219.0,-3.056,-4.14
002009,天奇股份,23.04,23.03,23.04,24.6,24.24,24.5,22.81,36013632.0,843900622.0,-6.341,-1.56
002010,传化智联,5.45,5.44,5.45,5.54,5.51,5.61,5.38,25134739.0,137591418.0,-1.625,-0.09
002011,盾安环境,12.56,12.56,12.57,12.82,12.7,12.9,12.51,15831971.0,200849905.0,-2.028,-0.26
002012,凯恩股份,9.65,9.65,0.0,8.77,8.6,9.65,8.45,76221085.0,701307056.0,10.034,0.88
002014,永新股份,11.04,11.04,11.05,10.94,10.99,11.07,10.73,1972731.0,21439852.0,0.914,0.1
002015,协鑫能科,21.7,21.69,21.7,21.53,21.11,22.49,20.91,144132335.0,3157062046.0,0.79,0.17
002016,世荣兆业,4.66,4.65,4.66,4.75,4.75,4.75,4.58,11531640.0,53825175.0,-1.895,-0.09
002017,东信和平,16.82,16.81,16.82,17.6,17.45,17.63,16.75,13040971.0,222284950.0,-4.432,-0.78
002019,亿帆医药,10.1,10.1,10.11,10.19,10.22,10.34,10.07,9336435.0,94954359.0,-0.883,-0.09
002020,京新药业,13.46,13.46,13.47,13.64,13.6,13.65,13.13,11125520.0,148596766.0,-1.32,-0.18
002021,中捷资源,2.8,2.8,2.81,2.92,2.9,2.91,2.76,37622697.0,106142820.0,-4.11,-0.12
002022,科华生物,5.44,5.44,5.45,5.64,5.65,5.67,5.38,9341000.0,51010472.0,-3.546,-0.2
002023,海特高新,11.1,11.09,11.1,11.6,11.6,11.74,11.05,23046152.0,260603617.0,-4.31,-0.5
002024,ST易购,1.22,1.22,0.0,1.16,1.19,1.22,1.19,53749663.0,65348854.0,5.172,0.06
002025,航天电器,69.49,69.49,69.5,73.5,73.54,76.3,69.18,26534176.0,1928777914.0,-5.456,-4.01
002026,山东威达,12.25,12.24,12.25,12.5,12.48,12.57,12.18,6726588.0,82802368.0,-2.0,-0.25
002027,分众传媒,5.48,5.48,5.49,5.53,5.55,5.56,5.42,144415693.0,791204327.0,-0.904,-0.05
002028,思源电气,197.82,197.81,197.82,194.1,196.19,206.91,194.6,12723127.0,2557276926.0,1.917,3.72
002029,七 匹 狼,8.69,8.69,8.7,8.84,8.84,8.88,8.55,17760155.0,153793587.0,-1.697,-0.15
002030,达安基因,6.75,6.75,6.76,6.97,6.82,6.94,6.7,79764210.0,541674726.0,-3.156,-0.22
002031,巨轮智能,6.59,0.0,6.59,7.32,7.11,7.31,6.59,286306894.0,1947817859.0,-9.973,-0.73
002032,苏 泊 尔,50.04,50.04,50.05,49.71,49.6,50.24,49.2,2472463.0,123034195.0,0.664,0.33
002033,丽江股份,8.61,8.61,8.62,8.7,8.66,8.74,8.53,11952600.0,102865579.0,-1.034,-0.09
002034,旺能环境,21.26,21.25,21.26,21.26,21.37,22.06,21.05,28808107.0,618475345.0,0.0,0.0
002035,华帝股份,5.11,5.1,5.11,5.22,5.17,5.22,5.08,8531280.0,43725769.0,-2.107,-0.11
002036,联创电子,10.02,10.01,10.02,10.78,10.44,10.83,9.86,156581332.0,1604031065.0,-7.05,-0.76
002037,保利联合,7.35,7.35,7.37,7.59,7.57,7.63,7.3,5822109.0,43131635.0,-3.162,-0.24
002038,双鹭药业,5.84,5.83,5.84,5.94,5.94,5.94,5.75,18802350.0,109487728.0,-1.684,-0.1
002039,黔源电力,21.3,21.29,21.3,20.88,20.69,21.58,20.65,15850254.0,336837660.0,2.011,0.42
002040,南 京 港,9.08,9.08,9.09,9.49,9.45,9.45,9.04,10757890.0,98732720.0,-4.32,-0.41
002041,登海种业,8.88,8.88,8.89,8.8,8.81,8.95,8.7,15807949.0,139476562.0,0.909,0.08
002042,华孚时尚,4.35,4.34,4.35,4.62,4.58,4.63,4.33,57065170.0,253837265.0,-5.844,-0.27
002043,兔 宝 宝,12.96,12.95,12.96,13.43,13.4,13.49,12.76,10188240.0,132069268.0,-3.5,-0.47
002044,美年健康,5.49,5.48,5.49,5.6,5.55,5.7,5.46,106274510.0,590380177.0,-1.964,-0.11
002045,国光电器,9.36,9.36,9.37,9.77,9.68,9.88,9.3,24421972.0,232378483.0,-4.197,-0.41
002046,国机精工,51.61,51.61,51.62,54.66,54.38,54.54,50.93,17214632.0,899974868.0,-5.58,-3.05
002047,宝鹰股份,5.04,5.03,5.04,4.94,4.9,5.31,4.85,56784920.0,289666010.0,2.024,0.1
002048,宁波华翔,28.51,28.51,28.53,30.1,29.62,30.07,28.41,23642203.0,687994991.0,-5.282,-1.59
002049,紫光国微,85.06,85.05,85.06,82.95,83.5,89.53,83.45,82776050.0,7192128113.0,2.544,2.11
002050,三花智控,51.02,51.02,51.03,54.44,53.03,53.48,50.9,218846573.0,11407670101.0,-6.282,-3.42
002051,中工国际,11.09,11.08,11.09,11.43,11.29,11.6,11.01,67201563.0,751889649.0,-2.975,-0.34
002052,同洲电子,10.17,10.16,10.17,10.47,10.5,10.55,10.05,14210160.0,146357243.0,-2.865,-0.3
002053,云南能投,11.42,11.41,11.42,11.62,11.57,11.62,11.31,8353100.0,95422224.0,-1.721,-0.2
002054,德美化工,7.77,7.77,7.78,8.0,8.0,8.03,7.73,13018097.0,102534340.0,-2.875,-0.23
002055,ST得润,7.52,7.51,7.52,7.91,8.31,8.31,7.51,125878237.0,1007937460.0,-4.93,-0.39
002056,横店东磁,24.52,24.52,24.53,23.45,23.39,25.25,23.26,97997349.0,2396919158.0,4.563,1.07
002057,中钢天源,9.09,9.09,9.1,9.4,9.41,9.55,9.06,16291525.0,150940133.0,-3.298,-0.31
002058,*ST威尔,26.86,26.85,26.86,25.83,25.88,26.98,25.5,2098100.0,55387326.0,3.988,1.03
002059,云南旅游,4.49,4.49,4.5,4.43,4.43,4.49,4.35,12713300.0,56289373.0,1.354,0.06
002060,广东建工,3.42,3.42,3.43,3.49,3.48,3.49,3.41,16921193.0,58187469.0,-2.006,-0.07
002061,浙江交科,3.69,3.68,3.69,3.72,3.71,3.75,3.66,14053280.0,51899106.0,-0.806,-0.03
002062,宏润建设,8.34,8.34,8.35,8.76,8.7,8.7,8.27,22700500.0,191002321.0,-4.795,-0.42
002063,远光软件,6.12,6.11,6.12,6.3,6.24,6.3,6.09,36464199.0,224636313.0,-2.857,-0.18
002064,华峰化学,10.48,10.48,10.49,10.76,10.7,10.9,10.33,32216797.0,339992617.0,-2.602,-0.28
002065,东华软件,7.72,7.72,7.73,7.97,7.94,7.99,7.71,36763952.0,287331177.0,-3.137,-0.25
002066,瑞泰科技,25.28,25.26,25.3,25.6,25.61,26.05,25.15,6040671.0,154809983.0,-1.25,-0.32
002067,景兴纸业,5.22,5.21,5.22,5.41,5.26,5.46,5.18,114576958.0,606699665.0,-3.512,-0.19
002068,黑猫股份,9.84,9.84,9.85,10.25,10.21,10.46,9.75,27502624.0,273497961.0,-4.0,-0.41
002069,獐子岛,3.45,3.44,3.45,3.51,3.51,3.52,3.4,8339650.0,28682907.0,-1.709,-0.06
002072,凯瑞德,8.53,8.53,0.0,7.75,7.72,8.53,7.72,23554888.0,198815480.0,10.065,0.78
002073,软控股份,5.71,5.7,5.71,5.89,5.89,5.92,5.68,21892997.0,125899123.0,-3.056,-0.18
002074,国轩高科,34.28,34.28,34.29,34.26,34.32,35.28,34.06,36283671.0,1259119478.0,0.058,0.02
002075,沙钢股份,4.0,4.0,4.01,4.11,4.12,4.14,3.99,25092858.0,101407742.0,-2.676,-0.11
002076,*ST星光,2.69,2.69,2.7,2.74,2.74,2.76,2.65,46532200.0,125411963.0,-1.825,-0.05
002077,大港股份,18.45,18.44,18.45,18.46,18.47,19.38,18.3,77498810.0,1456896571.0,-0.054,-0.01
002078,太阳纸业,13.84,13.84,13.85,13.53,13.59,13.97,13.49,33919201.0,468107616.0,2.291,0.31
002079,苏州固锝,13.54,13.54,13.55,12.87,12.88,14.16,12.8,159537874.0,2193302237.0,5.206,0.67
002080,中材科技,70.75,70.73,70.75,74.24,75.06,75.29,70.21,43843135.0,3170780470.0,-4.701,-3.49
002081,金 螳 螂,5.46,5.46,5.47,5.54,5.56,5.63,5.29,243425923.0,1323604063.0,-1.444,-0.08
002082,ST万邦,15.38,15.38,0.0,14.65,14.66,15.38,14.02,24146220.0,360770903.0,4.983,0.73
002083,孚日股份,10.04,10.03,10.04,10.21,10.15,10.3,9.96,22411359.0,226526208.0,-1.665,-0.17
002084,海鸥住工,3.33,3.33,3.35,3.45,3.46,3.46,3.28,16998196.0,56624641.0,-3.478,-0.12
002085,万丰奥威,12.39,12.38,12.39,12.74,12.7,12.96,12.3,33953317.0,426029106.0,-2.747,-0.35
002086,东方海洋,1.9,1.89,1.9,1.83,1.83,1.95,1.8,71719200.0,134207152.0,3.825,0.07
002088,鲁阳节能,8.72,8.72,8.73,9.02,9.01,9.01,8.66,2710686.0,23787718.0,-3.326,-0.3
002090,金智科技,10.76,10.76,10.77,10.91,10.88,11.03,10.7,10030570.0,108364641.0,-1.375,-0.15
002091,江苏国泰,8.89,8.89,8.9,9.03,9.03,9.06,8.82,17134116.0,152826220.0,-1.55,-0.14
002092,中泰化学,4.59,4.59,4.6,4.77,4.73,4.77,4.54,78513667.0,362341007.0,-3.774,-0.18
002093,国脉科技,7.5,7.5,7.51,7.72,7.72,7.79,7.44,12842381.0,96984637.0,-2.85,-0.22
002094,青岛金王,5.28,5.27,5.28,5.47,5.47,5.47,5.25,17069310.0,90795777.0,-3.473,-0.19
002095,生 意 宝,14.28,14.27,14.28,14.57,14.65,14.69,14.19,2595020.0,37222869.0,-1.99,-0.29
002096,易普力,10.18,10.17,10.18,10.21,10.15,10.29,10.08,5438900.0,55204320.0,-0.294,-0.03
002097,山河智能,8.75,8.75,8.76,8.96,8.92,9.01,8.7,17631200.0,155359302.0,-2.344,-0.21
002098,浔兴股份,7.45,7.44,7.45,7.71,7.69,7.69,7.34,4300200.0,31977580.0,-3.372,-0.26
002099,海翔药业,5.35,5.35,5.36,5.48,5.48,5.51,5.33,13750200.0,74094191.0,-2.372,-0.13
002100,天康生物,6.72,6.71,6.72,6.93,6.94,6.94,6.67,22321242.0,151098981.0,-3.03,-0.21
002101,广东鸿图,9.02,9.01,9.02,9.23,9.22,9.28,8.98,6376051.0,57826695.0,-2.275,-0.21
002102,ST能特,2.18,2.18,2.19,2.29,2.3,2.3,2.18,33922700.0,75169022.0,-4.803,-0.11
002103,广博股份,7.06,7.06,7.07,7.22,7.23,7.25,7.04,5683940.0,40456956.0,-2.216,-0.16
002104,恒宝股份,12.46,12.46,12.47,12.95,12.83,12.96,12.33,23763490.0,298141038.0,-3.784,-0.49
002105,信隆健康,5.96,5.96,5.97,6.12,6.12,6.14,5.82,8658387.0,51437355.0,-2.614,-0.16
002106,莱宝高科,12.27,12.27,12.28,11.95,11.98,12.33,11.68,46238470.0,555079313.0,2.678,0.32
002107,沃华医药,6.42,6.41,6.42,6.55,6.54,6.55,6.38,9146600.0,58862697.0,-1.985,-0.13
002108,沧州明珠,4.99,4.99,5.0,5.15,5.14,5.18,4.96,52968965.0,266859801.0,-3.107,-0.16
002109,ST兴化,2.8,2.8,2.81,2.89,2.87,2.92,2.75,15778690.0,44272566.0,-3.114,-0.09
002110,三钢闽光,3.11,3.1,3.11,3.21,3.21,3.24,3.09,22632201.0,70941415.0,-3.115,-0.1
002111,威海广泰,10.5,10.49,10.5,10.76,10.84,10.84,10.41,9334800.0,98501655.0,-2.416,-0.26
002112,三变科技,18.51,18.51,18.52,18.45,18.31,19.4,18.21,19672917.0,368607243.0,0.325,0.06
002114,罗平锌电,8.13,8.13,8.14,8.71,8.68,8.68,8.12,14938800.0,124250526.0,-6.659,-0.58
002115,三维通信,12.65,12.64,12.65,13.09,13.09,13.17,12.52,40032733.0,511902394.0,-3.361,-0.44
002116,中国海诚,8.9,8.9,8.91,9.07,9.04,9.06,8.84,2617400.0,23348003.0,-1.874,-0.17
002117,东港股份,9.39,9.39,9.4,9.77,9.7,9.75,9.35,9573800.0,90706748.0,-3.889,-0.38
002119,康强电子,25.76,25.76,25.77,25.31,25.32,26.75,24.9,67553792.0,1752977419.0,1.778,0.45
002120,韵达股份,6.92,6.92,6.93,7.03,7.01,7.09,6.9,28678909.0,199508391.0,-1.565,-0.11
002121,科陆电子,8.1,8.09,8.1,8.25,8.1,8.4,8.02,94554769.0,775771070.0,-1.818,-0.15
002122,ST汇洲,2.76,2.76,2.77,2.82,2.81,2.82,2.75,16410700.0,45522309.0,-2.128,-0.06
002123,梦网科技,9.2,9.19,9.2,9.51,9.42,9.49,9.17,18637555.0,172911071.0,-3.26,-0.31
002124,天邦食品,2.57,2.57,2.58,2.72,2.7,2.7,2.56,135116224.0,352068909.0,-5.515,-0.15
002125,湘潭电化,14.15,14.15,14.16,14.45,14.35,14.75,14.12,23636124.0,340700922.0,-2.076,-0.3
002126,银轮股份,54.22,54.21,54.22,56.48,56.0,57.24,53.2,27254861.0,1498835829.0,-4.001,-2.26
002127,南极电商,3.05,3.05,3.06,3.12,3.14,3.2,3.02,46309222.0,143268261.0,-2.244,-0.07
002128,电投能源,30.06,30.05,30.06,30.94,30.62,30.89,29.42,17055504.0,511103405.0,-2.844,-0.88
002129,TCL中环,9.93,9.93,0.0,9.03,9.0,9.93,9.0,225409321.0,2224755669.0,9.967,0.9
002130,沃尔核材,22.0,22.0,22.01,21.52,21.34,22.85,21.34,73452880.0,1635061501.0,2.23,0.48
002131,利欧股份,5.93,5.93,5.94,6.2,6.12,6.18,5.88,335861688.0,2014411968.0,-4.355,-0.27
002132,恒星科技,5.06,5.06,5.07,5.2,5.15,5.24,4.98,58788950.0,299262794.0,-2.692,-0.14
002133,广宇集团,2.89,2.88,2.89,2.94,2.93,2.94,2.81,20796800.0,59575054.0,-1.701,-0.05
002134,天津普林,30.38,30.38,30.4,32.82,32.28,32.61,29.9,23578681.0,734052699.0,-7.434,-2.44
002135,东南网架,7.92,7.92,7.93,8.19,8.19,8.33,7.81,40281091.0,321901505.0,-3.297,-0.27
002136,安 纳 达,13.67,13.67,13.68,14.04,14.13,14.13,13.52,5447024.0,74651145.0,-2.635,-0.37
002137,实益达,8.89,8.88,8.89,8.81,8.81,9.08,8.74,28548488.0,254064222.0,0.908,0.08
002138,顺络电子,48.6,48.51,48.6,45.15,45.55,49.49,45.52,66708589.0,3221940427.0,7.641,3.45
002139,拓邦股份,11.09,11.09,11.1,11.41,11.32,11.5,11.04,29639302.0,332216595.0,-2.805,-0.32
002140,东华科技,10.2,10.19,10.2,10.47,10.49,10.49,10.1,6833532.0,69936983.0,-2.579,-0.27
002141,贤丰控股,3.49,3.49,3.5,3.54,3.55,3.55,3.48,13560500.0,47493540.0,-1.412,-0.05
002142,宁波银行,30.68,30.68,30.7,30.93,30.96,31.0,30.53,15473227.0,475580483.0,-0.808,-0.25
002144,宏达高科,12.31,12.31,12.34,12.71,12.64,12.65,12.15,4799501.0,59175878.0,-3.147,-0.4
002145,钛能化学,4.45,4.44,4.45,4.56,4.6,4.69,4.35,74044567.0,333172235.0,-2.412,-0.11
002146,荣盛发展,1.23,1.22,1.23,1.25,1.24,1.25,1.21,65570302.0,80634813.0,-1.6,-0.02
002148,北纬科技,6.81,6.8,6.81,7.07,7.05,7.12,6.76,13282540.0,90907776.0,-3.678,-0.26
002149,西部材料,65.6,65.59,65.6,63.6,63.99,66.12,59.6,77154937.0,4849371933.0,3.145,2.0
002150,正泰电源,35.47,35.47,35.48,33.0,32.5,36.3,32.28,52162126.0,1834064299.0,7.485,2.47
002151,北斗星通,36.8,36.8,36.81,37.67,37.61,38.21,36.43,14691550.0,547498150.0,-2.31,-0.87
002152,广电运通,10.93,10.92,10.93,11.3,11.24,11.35,10.9,26518587.0,293785984.0,-3.274,-0.37
002153,石基信息,8.3,8.3,8.31,8.63,8.59,8.64,8.27,22073865.0,185348434.0,-3.824,-0.33
002154,报 喜 鸟,4.21,4.2,4.21,4.27,4.26,4.29,4.16,28399576.0,119414918.0,-1.405,-0.06
002155,湖南黄金,24.87,24.86,24.87,26.04,25.69,25.89,24.77,43391837.0,1091530399.0,-4.493,-1.17
002156,通富微电,71.52,71.51,71.52,75.39,72.97,78.56,71.43,283496432.0,21114037309.0,-5.133,-3.87
002157,正邦科技,3.19,3.19,3.2,3.31,3.29,3.3,3.17,218021579.0,702060183.0,-3.625,-0.12
002158,汉钟精机,32.03,32.03,32.04,31.36,30.97,33.4,30.33,22139244.0,717345842.0,2.136,0.67
002159,三特索道,15.18,15.18,15.19,15.36,15.38,15.67,15.06,3371550.0,51386223.0,-1.172,-0.18
002160,常铝股份,4.61,4.61,4.62,4.89,4.85,4.85,4.57,46535802.0,217008550.0,-5.726,-0.28
002161,远 望 谷,6.43,6.43,6.45,6.52,6.5,6.54,6.32,16441800.0,105687333.0,-1.38,-0.09
002162,悦心健康,3.86,3.85,3.86,3.98,3.97,3.98,3.84,15118240.0,58713367.0,-3.015,-0.12
002163,海南发展,10.36,10.36,10.37,10.66,10.59,10.74,10.33,21703688.0,226931088.0,-2.814,-0.3
002164,宁波东力,13.12,13.12,13.13,14.07,13.8,13.88,13.07,26990088.0,358633384.0,-6.752,-0.95
002165,红 宝 丽,7.08,7.08,7.09,7.38,7.38,7.42,7.04,45173029.0,323784376.0,-4.065,-0.3
002166,莱茵生物,8.44,8.44,8.45,8.57,8.61,8.61,8.32,8812198.0,74246339.0,-1.517,-0.13
002167,东方锆业,13.11,13.1,13.11,13.0,12.86,13.49,12.83,50070519.0,660009583.0,0.846,0.11
002168,ST惠程,3.8,3.79,3.8,3.87,3.88,3.89,3.78,5800400.0,22128484.0,-1.809,-0.07
002169,智光电气,18.14,18.14,18.15,18.31,18.44,18.74,17.8,46764755.0,851675558.0,-0.928,-0.17
002170,芭田股份,11.63,11.58,11.63,11.91,11.88,12.1,11.53,18323880.0,215116512.0,-2.351,-0.28
002171,楚江新材,11.68,11.68,11.69,11.57,11.46,11.99,11.46,65121455.0,767792839.0,0.951,0.11
002172,澳洋健康,3.32,3.32,3.33,3.41,3.41,3.41,3.29,13837697.0,46129431.0,-2.639,-0.09
002173,创新医疗,20.99,20.99,21.0,21.82,22.06,22.1,20.9,20740550.0,442542414.0,-3.804,-0.83
002174,游族网络,11.62,11.61,11.62,11.64,11.65,11.95,11.38,41981411.0,487575360.0,-0.172,-0.02
002175,*ST东智,2.66,2.65,2.66,2.78,2.73,2.79,2.64,50137800.0,135224776.0,-4.317,-0.12
002176,江特电机,12.03,12.02,12.03,12.54,12.45,12.66,11.9,96714490.0,1178839478.0,-4.067,-0.51
002177,御银股份,7.28,7.28,7.29,7.72,7.67,7.95,7.28,54456515.0,410958943.0,-5.699,-0.44
002178,延华智能,6.04,6.03,6.04,6.16,6.16,6.42,6.04,35813175.0,220317541.0,-1.948,-0.12
002179,中航光电,38.71,38.7,38.71,39.48,39.69,40.7,38.5,43677147.0,1729959674.0,-1.95,-0.77
002180,奔图科技,16.5,16.49,16.5,17.1,17.12,17.54,16.37,17194670.0,289064515.0,-3.509,-0.6
002181,粤 传 媒,15.0,15.0,15.01,14.49,14.51,15.87,13.9,160941995.0,2384679683.0,3.52,0.51
002182,宝武镁业,15.11,15.11,15.12,16.03,15.91,15.97,15.06,30858542.0,475556570.0,-5.739,-0.92
002183,怡 亚 通,6.48,6.47,6.48,6.69,6.8,7.02,6.4,143589174.0,960774206.0,-3.139,-0.21
002184,海得控制,12.5,12.5,12.51,12.83,12.71,12.86,12.44,23763173.0,300578881.0,-2.572,-0.33
002185,华天科技,20.15,20.14,20.15,18.67,19.75,20.54,19.4,1210651571.0,24447552828.0,7.927,1.48
002186,全 聚 德,9.61,9.61,9.62,9.72,9.69,9.72,9.46,3472499.0,33255382.0,-1.132,-0.11
002187,广百股份,5.63,5.63,5.64,5.65,5.6,5.72,5.47,19041600.0,106591516.0,-0.354,-0.02
002188,中天服务,6.3,6.3,6.31,6.43,6.43,6.49,6.01,12406577.0,77671465.0,-2.022,-0.13
002189,中光学,22.3,22.3,22.31,22.62,22.42,22.98,22.18,3735000.0,84044156.0,-1.415,-0.32
002190,成飞集成,27.67,27.67,27.68,28.34,28.34,28.59,27.6,5050981.0,141579510.0,-2.364,-0.67
002191,劲嘉股份,3.63,3.62,3.63,3.71,3.68,3.72,3.58,16044168.0,58161296.0,-2.156,-0.08
002192,融捷股份,82.84,82.83,82.84,83.1,83.0,87.2,82.01,26010943.0,2198186079.0,-0.313,-0.26
002193,ST如意,4.68,4.68,4.7,4.89,4.9,4.91,4.65,10341601.0,48748132.0,-4.294,-0.21
002194,武汉凡谷,11.22,11.22,11.23,11.79,11.62,11.78,11.12,32922537.0,375465751.0,-4.835,-0.57
002195,岩山科技,7.86,7.85,7.86,8.18,8.1,8.1,7.84,146103853.0,1159615106.0,-3.912,-0.32
002196,方正电机,14.65,14.65,14.66,16.25,15.78,15.97,14.63,81848699.0,1241423352.0,-9.846,-1.6
002197,证通电子,6.85,6.84,6.85,7.08,7.09,7.11,6.82,16740200.0,115638742.0,-3.249,-0.23
002198,ST嘉应,3.77,3.76,3.77,3.63,3.65,3.81,3.64,14736618.0,55665590.0,3.857,0.14
002199,*ST东晶,15.48,15.48,0.0,14.74,14.66,15.48,14.65,11794751.0,179799808.0,5.02,0.74
002200,*ST交投,7.27,7.26,7.27,7.35,7.35,7.36,7.17,1768465.0,12872672.0,-1.088,-0.08
002201,九鼎新材,11.38,11.37,11.38,11.88,11.87,12.13,11.18,37063090.0,427067978.0,-4.209,-0.5
002202,金风科技,23.6,23.6,23.61,24.51,24.67,24.96,23.45,138265418.0,3325138801.0,-3.713,-0.91
002203,海亮股份,19.06,19.06,19.09,19.75,19.76,20.13,18.95,43644373.0,841051829.0,-3.494,-0.69
002204,大连重工,6.1,6.09,6.1,6.29,6.25,6.31,6.07,23720705.0,146011506.0,-3.021,-0.19
002205,国统股份,12.82,12.82,12.85,13.33,13.44,13.44,12.64,3429500.0,44231818.0,-3.826,-0.51
002206,海 利 得,5.27,5.27,5.28,5.43,5.43,5.45,5.24,14420749.0,76607663.0,-2.947,-0.16
002207,*ST准油,8.27,0.0,8.27,8.71,8.33,8.48,8.27,27658600.0,229498348.0,-5.052,-0.44
002208,合肥城建,18.4,18.4,18.41,18.9,19.01,19.57,18.16,93094277.0,1750531112.0,-2.646,-0.5
002209,达 意 隆,12.2,12.2,12.21,12.51,12.5,12.55,12.07,6226701.0,76203085.0,-2.478,-0.31
002210,飞马国际,2.59,2.59,2.6,2.68,2.66,2.67,2.58,57412426.0,150096734.0,-3.358,-0.09
002211,ST宏达,3.78,3.78,3.79,3.68,3.73,3.84,3.69,11102100.0,41947645.0,2.717,0.1
002212,天融信,6.89,6.89,6.9,7.18,7.17,7.2,6.88,31617169.0,221024131.0,-4.039,-0.29
002213,大为股份,35.78,35.78,35.79,37.24,38.11,38.38,35.61,17801300.0,656606519.0,-3.921,-1.46
002214,*ST大立,16.47,0.0,16.47,17.34,16.47,16.47,16.47,3680600.0,60619482.0,-5.017,-0.87
002215,诺 普 信,9.18,9.17,9.18,9.27,9.27,9.35,9.04,12484874.0,114232730.0,-0.971,-0.09
002216,三全食品,13.14,13.13,13.14,13.16,13.11,13.25,12.78,7218600.0,94049342.0,-0.152,-0.02
002217,合力泰,2.59,2.59,2.6,2.69,2.67,2.78,2.56,424309952.0,1125298393.0,-3.717,-0.1
002218,拓日新能,4.5,4.5,4.51,4.66,4.59,4.73,4.46,62389095.0,283736889.0,-3.433,-0.16
002219,新里程,2.13,2.13,2.14,2.18,2.17,2.18,2.13,49715115.0,106727121.0,-2.294,-0.05
002221,东华能源,6.74,6.74,6.75,7.27,7.15,7.18,6.73,32103706.0,220756205.0,-7.29,-0.53
002222,福晶科技,100.25,100.24,100.25,104.0,102.2,106.27,98.67,38947680.0,3974810958.0,-3.606,-3.75
002223,鱼跃医疗,27.48,27.47,27.48,27.51,27.35,27.77,27.11,11084079.0,303691555.0,-0.109,-0.03
002224,三 力 士,3.68,3.68,3.69,3.77,3.77,3.78,3.67,13228936.0,49082184.0,-2.387,-0.09
002225,濮耐股份,3.84,3.84,3.86,3.98,3.95,3.99,3.82,25689623.0,99615032.0,-3.518,-0.14
002226,江南化工,5.31,5.3,5.31,5.52,5.51,5.55,5.27,44201960.0,237625141.0,-3.804,-0.21
002227,*ST特迅,8.12,8.09,8.12,8.35,8.32,8.33,8.03,3378800.0,27438662.0,-2.754,-0.23
002228,合兴包装,3.4,3.4,3.41,3.48,3.49,3.51,3.38,18952903.0,64691313.0,-2.299,-0.08
002229,鸿博股份,13.32,13.31,13.32,13.92,13.8,13.89,13.23,41617176.0,560411864.0,-4.31,-0.6
002230,科大讯飞,50.25,50.25,50.26,49.25,49.24,50.99,48.7,108408481.0,5435962111.0,2.03,1.0
002232,启明信息,16.42,16.41,16.42,17.18,17.09,17.14,16.39,6918792.0,115156311.0,-4.424,-0.76
002233,塔牌集团,8.07,8.07,8.08,8.21,8.21,8.25,8.05,5141600.0,41721776.0,-1.705,-0.14
002234,民和股份,7.53,7.53,7.54,7.65,7.65,7.72,7.46,6078700.0,45852244.0,-1.569,-0.12
002235,安妮股份,10.24,10.23,10.24,10.46,10.48,10.54,10.11,29294624.0,301469580.0,-2.103,-0.22
002236,大华股份,17.71,17.71,17.72,17.79,17.71,18.3,17.66,46066443.0,825327286.0,-0.45,-0.08
002237,恒邦股份,13.76,13.75,13.76,14.53,14.48,14.48,13.67,32632947.0,454199289.0,-5.299,-0.77
002238,天威视讯,6.89,6.89,6.9,6.77,6.8,7.36,6.75,14631520.0,101917088.0,1.773,0.12
002239,奥特佳,2.74,2.74,2.75,2.65,2.65,2.81,2.64,111766888.0,306437985.0,3.396,0.09
002240,盛新锂能,47.74,47.73,47.74,49.23,49.18,49.99,47.35,41743261.0,2028937129.0,-3.027,-1.49
002241,歌尔股份,28.27,28.27,28.28,27.3,27.28,28.98,27.0,396568884.0,11191682665.0,3.553,0.97
002242,九阳股份,8.94,8.94,8.95,9.08,9.06,9.1,8.78,11309136.0,100753598.0,-1.542,-0.14
002243,力合科创,8.55,8.55,8.56,8.95,8.93,9.2,8.52,21882526.0,191635918.0,-4.469,-0.4
002244,滨江集团,10.23,10.23,10.24,10.49,10.42,10.48,10.01,39543083.0,404146712.0,-2.479,-0.26
002245,蔚蓝锂芯,22.78,22.77,22.78,22.35,22.0,23.21,22.0,221977953.0,5019098559.0,1.924,0.43
002246,北化股份,22.64,22.64,22.65,23.24,23.18,24.2,22.56,29209546.0,683023248.0,-2.582,-0.6
002247,聚力文化,2.58,2.58,2.59,2.69,2.69,2.7,2.54,29679500.0,76910004.0,-4.089,-0.11
002248,华东数控,10.69,10.69,10.7,11.5,11.39,11.44,10.61,20363100.0,221394931.0,-7.043,-0.81
002249,大洋电机,9.02,9.01,9.02,9.39,9.26,9.38,8.98,66715726.0,608190760.0,-3.94,-0.37
002250,联化科技,14.78,14.78,14.79,15.14,15.01,15.25,14.62,12981265.0,192597777.0,-2.378,-0.36
002251,步步高,4.57,4.57,0.0,4.15,4.08,4.57,4.02,285214453.0,1226781057.0,10.12,0.42
002252,上海莱士,5.18,5.18,5.19,5.26,5.26,5.29,5.13,33567589.0,174290286.0,-1.521,-0.08
002253,*ST智胜,11.96,11.96,11.97,11.92,11.84,12.13,11.73,7095553.0,84946060.0,0.336,0.04
002254,泰和新材,14.44,14.43,14.44,15.09,14.81,15.28,14.3,46225255.0,677603260.0,-4.307,-0.65
002255,海陆重工,10.03,10.03,10.04,9.98,9.97,10.33,9.91,24246336.0,245358045.0,0.501,0.05
002256,兆新股份,4.28,4.28,4.29,4.42,4.39,4.5,4.26,77005400.0,336324599.0,-3.167,-0.14
002258,利尔化学,12.5,12.49,12.5,12.75,12.75,12.95,12.38,15347332.0,193337054.0,-1.961,-0.25
002259,升达林业,5.05,5.05,5.06,5.17,5.16,5.18,4.98,17978612.0,90998806.0,-2.321,-0.12
002261,拓维信息,30.55,30.55,30.56,32.25,32.0,32.0,30.46,71871892.0,2231177585.0,-5.271,-1.7
002262,恩华药业,20.54,20.54,20.55,20.14,20.0,20.55,19.65,10528794.0,213075977.0,1.986,0.4
002263,大东南,3.57,3.56,3.57,3.72,3.71,3.74,3.54,75813466.0,273013237.0,-4.032,-0.15
002264,新 华 都,6.72,6.71,6.72,6.86,6.84,6.87,6.65,13619800.0,91588740.0,-2.041,-0.14
002265,建设工业,20.82,20.82,20.83,21.7,21.57,21.77,20.7,8604652.0,181305514.0,-4.055,-0.88
002266,浙富控股,5.32,5.32,5.33,5.41,5.4,5.47,5.31,103425640.0,555805919.0,-1.664,-0.09
002267,陕天然气,7.32,7.3,7.32,7.41,7.41,7.45,7.25,5707900.0,41811452.0,-1.215,-0.09
002268,电科网安,14.53,14.53,14.54,14.96,14.94,15.05,14.48,10093033.0,148329090.0,-2.874,-0.43
002269,美邦服饰,1.52,1.52,1.53,1.56,1.56,1.56,1.51,48515950.0,74057522.0,-2.564,-0.04
002270,华明装备,23.25,23.25,23.26,23.26,23.37,24.15,23.1,18716002.0,441086445.0,-0.043,-0.01
002271,东方雨虹,13.76,13.76,13.77,14.04,13.96,14.08,13.66,41885705.0,580399839.0,-1.994,-0.28
002272,川润股份,21.03,21.03,21.04,22.04,21.69,21.97,20.75,63413396.0,1347917318.0,-4.583,-1.01
002273,水晶光电,42.05,42.05,42.06,39.3,39.3,42.88,39.0,125327329.0,5199820510.0,6.997,2.75
002274,华昌化工,5.75,5.74,5.76,5.83,5.83,5.85,5.66,14764663.0,84472010.0,-1.372,-0.08
002275,桂林三金,13.43,13.43,13.44,13.42,13.4,13.46,13.21,2005294.0,26776994.0,0.075,0.01
002276,万马股份,12.33,12.33,12.34,12.8,12.74,12.9,12.32,22554327.0,282052108.0,-3.672,-0.47
002277,友阿股份,7.43,7.43,7.44,7.07,7.07,7.56,6.97,76887178.0,560717851.0,5.092,0.36
002278,神开股份,8.87,8.86,8.87,9.17,9.16,9.2,8.82,12562515.0,112144352.0,-3.272,-0.3
002279,久其软件,6.72,6.72,6.73,6.93,6.94,7.05,6.71,23826670.0,163321372.0,-3.03,-0.21
002281,光迅科技,202.7,202.69,202.7,206.72,202.0,213.72,200.1,56291427.0,11585867348.0,-1.945,-4.02
002282,博深股份,6.22,6.21,6.22,6.34,6.33,6.36,6.14,5556500.0,34517802.0,-1.893,-0.12
002283,天润工业,11.89,11.88,11.89,12.29,12.2,12.35,11.72,31827399.0,380962392.0,-3.255,-0.4
002284,亚太股份,12.26,12.26,12.27,12.66,12.62,12.83,12.18,18459995.0,228816750.0,-3.16,-0.4
002285,世联行,2.59,2.58,2.59,2.73,2.72,2.73,2.56,48140560.0,126208287.0,-5.128,-0.14
002286,保龄宝,9.12,9.11,9.12,9.04,8.98,9.25,8.8,11235600.0,101342354.0,0.885,0.08
002287,奇正藏药,21.09,21.08,21.09,21.51,21.41,21.54,20.83,2339960.0,49317869.0,-1.953,-0.42
002289,*ST宇顺,38.95,38.95,38.98,40.24,40.24,40.79,38.23,4334513.0,168078275.0,-3.206,-1.29
002290,禾盛新材,94.82,94.82,94.87,99.8,100.17,102.8,94.0,11696378.0,1139795303.0,-4.99,-4.98
002291,遥望科技,6.07,6.07,6.08,6.1,6.11,6.2,5.99,32603469.0,197639583.0,-0.492,-0.03
002292,奥飞娱乐,7.57,7.56,7.57,7.54,7.59,7.95,7.53,34281013.0,263054135.0,0.398,0.03
002293,罗莱生活,9.9,9.9,9.91,9.96,9.91,9.94,9.63,6678724.0,65432972.0,-0.602,-0.06
002294,信立泰,33.52,33.52,33.53,34.54,34.32,34.32,32.98,23961780.0,801945999.0,-2.953,-1.02
002295,精艺股份,10.27,10.27,10.28,10.55,10.52,10.63,10.11,4967700.0,50995665.0,-2.654,-0.28
002296,辉煌科技,10.09,10.08,10.09,10.4,10.35,10.39,10.02,9632742.0,97885278.0,-2.981,-0.31
002297,博云新材,23.69,0.0,23.69,26.32,23.69,23.69,23.69,9995100.0,236783919.0,-9.992,-2.63
002298,中电鑫龙,9.73,9.73,9.74,9.99,9.9,10.05,9.69,35670987.0,352027268.0,-2.603,-0.26
002299,圣农发展,17.05,17.05,17.06,17.11,17.12,17.4,16.92,10846541.0,186085817.0,-0.351,-0.06
002300,太阳电缆,8.5,8.49,8.5,8.79,8.7,8.87,8.45,25967780.0,223066807.0,-3.299,-0.29
002301,齐心集团,7.94,7.94,7.95,8.19,8.14,8.24,7.89,17494644.0,139780035.0,-3.053,-0.25
002302,西部建设,5.13,5.12,5.13,5.25,5.23,5.28,5.08,7640100.0,39294653.0,-2.286,-0.12
002303,美盈森,3.33,3.33,3.34,3.39,3.38,3.4,3.29,13584074.0,45258051.0,-1.77,-0.06
002304,洋河股份,45.21,45.21,45.22,44.19,44.0,46.21,43.41,12688630.0,568525088.0,2.308,1.02
002305,*ST南置,2.35,2.35,2.36,2.41,2.41,2.42,2.34,26855594.0,63700881.0,-2.49,-0.06
002306,*ST云网,2.11,2.11,2.12,2.09,2.08,2.14,2.07,10393767.0,22038909.0,0.957,0.02
002307,北新路桥,3.93,3.92,3.93,4.06,4.02,4.05,3.92,16326045.0,64675871.0,-3.202,-0.13
002309,中利集团,3.54,3.53,3.54,3.59,3.56,3.67,3.49,148300400.0,529142018.0,-1.393,-0.05
002310,东方新能,2.82,2.82,2.83,2.83,2.8,2.85,2.76,122742983.0,345623006.0,-0.353,-0.01
002311,海大集团,46.43,46.42,46.45,47.1,47.12,47.2,46.14,6891645.0,320097331.0,-1.423,-0.67
002312,川发龙蟒,9.17,9.17,9.18,9.55,9.55,9.63,9.14,28867022.0,268933628.0,-3.979,-0.38
002313,日海智能,9.41,9.4,9.41,9.48,9.41,9.69,9.3,7953900.0,75038401.0,-0.738,-0.07
002314,南山控股,2.2,2.2,2.21,2.27,2.26,2.27,2.2,14281100.0,31710757.0,-3.084,-0.07
002315,焦点科技,27.3,27.29,27.3,27.28,27.2,27.84,27.07,7745160.0,212202593.0,0.073,0.02
002316,亚联发展,5.28,5.28,5.29,5.49,5.49,5.63,5.19,29416200.0,157227897.0,-3.825,-0.21
002317,众生药业,23.34,23.33,23.34,23.8,23.9,24.85,22.56,46281516.0,1080197649.0,-1.933,-0.46
002318,久立特材,25.2,25.19,25.2,26.0,25.81,25.86,24.7,14255501.0,359104132.0,-3.077,-0.8
002319,乐通股份,11.7,11.69,11.7,12.02,12.04,12.18,11.44,8516900.0,99701770.0,-2.662,-0.32
002320,海峡股份,7.59,7.59,7.6,7.82,7.8,7.83,7.56,17930826.0,137225962.0,-2.941,-0.23
002321,华英农业,1.88,1.88,1.89,1.92,1.91,1.92,1.86,21302300.0,40095476.0,-2.083,-0.04
002322,理工能科,11.2,11.2,11.21,11.53,11.53,11.56,11.16,4577100.0,51576541.0,-2.862,-0.33
002323,*ST雅博,1.33,1.33,0.0,1.27,1.33,1.33,1.31,231280374.0,307510870.0,4.724,0.06
002324,普利特,12.9,12.9,12.91,13.37,13.35,13.44,12.83,18879439.0,246803319.0,-3.515,-0.47
002326,永太科技,21.7,21.7,21.71,22.08,22.05,22.63,21.61,30665204.0,677826460.0,-1.721,-0.38
002327,富安娜,6.82,6.82,6.83,6.87,6.87,6.88,6.76,8126370.0,55308485.0,-0.728,-0.05
002328,新朋股份,9.68,9.68,9.69,9.98,9.95,10.15,9.61,36862146.0,361731208.0,-3.006,-0.3
002329,皇氏集团,4.19,4.19,4.2,4.3,4.31,4.38,4.14,21844322.0,91915839.0,-2.558,-0.11
002330,得利斯,4.1,4.1,4.11,4.18,4.15,4.19,4.0,14281283.0,58491108.0,-1.914,-0.08
002331,皖通科技,8.43,8.42,8.43,8.86,8.8,8.84,8.35,16339850.0,139393624.0,-4.853,-0.43
002332,仙琚制药,8.43,8.43,8.44,8.57,8.53,8.57,8.42,6905100.0,58461154.0,-1.634,-0.14
002333,罗普斯金,5.14,5.13,5.14,5.2,5.2,5.25,5.11,5633400.0,29050471.0,-1.154,-0.06
002334,英威腾,9.12,9.11,9.12,9.05,9.07,9.39,8.91,55646517.0,508666366.0,0.773,0.07
002335,科华数据,60.23,60.22,60.23,61.26,61.28,62.97,59.7,23979303.0,1471588351.0,-1.681,-1.03
002337,赛象科技,5.31,5.31,5.32,5.48,5.43,5.47,5.28,10686811.0,57113495.0,-3.102,-0.17
002338,奥普光电,59.47,59.47,59.48,62.2,62.68,62.7,59.1,7127272.0,432643196.0,-4.389,-2.73
002339,积成电子,8.77,8.77,8.78,8.97,8.88,9.07,8.71,12171321.0,107666755.0,-2.23,-0.2
002340,格林美,8.11,8.1,8.11,8.26,8.26,8.42,8.08,160161515.0,1320401946.0,-1.816,-0.15
002342,巨力索具,11.56,11.56,11.57,12.14,12.38,12.4,11.46,121642429.0,1429113445.0,-4.778,-0.58
002343,慈文传媒,5.37,5.37,5.38,5.31,5.39,5.59,5.25,22449650.0,121825509.0,1.13,0.06
002344,海宁皮城,3.95,3.95,3.96,4.11,4.09,4.1,3.92,14554350.0,57966676.0,-3.893,-0.16
002345,潮宏基,9.0,8.99,9.0,9.34,9.24,9.27,8.91,17257978.0,155582005.0,-3.64,-0.34
002346,柘中股份,22.12,22.11,22.12,22.12,21.91,22.83,21.68,10726190.0,238093727.0,0.0,0.0
002347,泰尔股份,7.31,7.3,7.31,7.73,7.75,7.84,7.22,23639600.0,175401465.0,-5.433,-0.42
002348,高乐股份,13.3,13.29,13.3,12.91,12.9,13.39,12.66,27059645.0,354865974.0,3.021,0.39
002349,精华制药,7.03,7.03,7.04,6.93,6.93,7.05,6.9,9095240.0,63386958.0,1.443,0.1
002350,北京科锐,15.62,15.62,15.63,15.55,15.45,15.87,15.26,15965005.0,248412382.0,0.45,0.07
002351,漫步者,11.17,11.17,11.18,11.29,11.08,11.43,11.02,19803051.0,221356788.0,-1.063,-0.12
002352,顺丰控股,35.73,35.73,35.74,35.93,35.75,36.0,35.36,22052928.0,786883451.0,-0.557,-0.2
002353,杰瑞股份,141.46,141.45,141.47,134.05,138.0,144.75,138.0,24547363.0,3490177898.0,5.528,7.41
002354,天娱数科,7.07,7.06,7.07,7.15,7.0,7.27,6.96,185584362.0,1317146538.0,-1.119,-0.08
002355,兴民智通,5.73,5.73,5.74,5.85,5.85,6.07,5.7,21677102.0,126549251.0,-2.051,-0.12
002356,赫美集团,2.91,2.91,2.92,3.03,3.03,3.04,2.89,28776750.0,84760831.0,-3.96,-0.12
002357,富临运业,10.97,10.97,10.98,11.34,11.37,11.44,10.87,8870003.0,97898814.0,-3.263,-0.37
002358,森源电气,6.5,6.5,6.51,6.57,6.53,6.64,6.46,20861500.0,136430733.0,-1.065,-0.07
002360,ST同德,5.84,5.83,5.84,5.89,5.9,6.12,5.8,9226900.0,54500601.0,-0.849,-0.05
002361,神剑股份,15.83,15.83,15.84,16.92,16.98,17.05,15.65,130446476.0,2099958160.0,-6.442,-1.09
002362,汉王科技,17.21,17.2,17.21,17.54,17.53,17.96,17.12,4847165.0,84456269.0,-1.881,-0.33
002363,隆基机械,7.27,7.25,7.27,7.45,7.44,7.49,7.18,7960550.0,57848153.0,-2.416,-0.18
002364,中恒电气,56.77,56.76,56.77,53.7,53.97,59.07,53.97,82398257.0,4754690370.0,5.717,3.07
002365,永安药业,11.79,11.78,11.79,12.0,12.0,12.06,11.62,7786500.0,91485845.0,-1.75,-0.21
002366,融发核电,6.87,6.86,6.87,6.83,6.79,7.03,6.74,46231684.0,319805120.0,0.586,0.04
002367,康力电梯,5.59,5.59,5.6,5.77,5.77,5.78,5.58,7857100.0,44259287.0,-3.12,-0.18
002368,太极股份,15.72,15.71,15.72,15.81,15.75,16.2,15.41,14624679.0,230484006.0,-0.569,-0.09
002369,卓翼科技,6.71,6.71,6.72,6.92,6.89,7.0,6.65,20550160.0,139370645.0,-3.035,-0.21
002370,亚太药业,5.63,5.62,5.63,5.77,5.77,5.77,5.58,17256475.0,97532033.0,-2.426,-0.14
002371,北方华创,654.77,654.75,654.77,670.25,675.0,692.0,650.6,13867015.0,9316824887.0,-2.31,-15.48
002372,伟星新材,9.51,9.5,9.51,9.78,9.78,9.79,9.48,8404153.0,80261415.0,-2.761,-0.27
002373,千方科技,8.38,8.37,8.38,8.56,8.55,8.67,8.35,20995904.0,178523328.0,-2.103,-0.18
002374,中锐股份,3.52,3.51,3.52,3.74,3.71,3.72,3.5,58682890.0,209146277.0,-5.882,-0.22
002375,亚厦股份,4.09,4.09,4.1,4.26,4.26,4.28,4.03,34521743.0,142213740.0,-3.991,-0.17
002376,新北洋,6.94,6.94,6.95,6.99,6.97,7.16,6.85,19797535.0,138398244.0,-0.715,-0.05
002377,国创高新,2.96,2.96,2.97,3.03,3.04,3.05,2.95,20915235.0,62504457.0,-2.31,-0.07
002378,章源钨业,27.82,27.82,27.83,29.16,29.38,29.38,27.51,38956940.0,1099713761.0,-4.595,-1.34
002379,宏桥控股,21.65,21.65,21.66,22.45,22.45,22.84,21.5,41343904.0,909084507.0,-3.563,-0.8
002380,科远智慧,45.0,45.0,45.02,44.67,44.66,46.61,44.06,12373947.0,562641516.0,0.739,0.33
002381,双箭股份,5.81,5.81,5.82,5.97,5.97,5.98,5.75,6505500.0,37888729.0,-2.68,-0.16
002382,蓝帆医疗,6.79,6.79,6.8,6.94,6.93,7.05,6.76,17152582.0,117641813.0,-2.161,-0.15
002383,合众思壮,7.92,7.91,7.92,8.22,8.22,8.27,7.89,13207692.0,106010908.0,-3.65,-0.3
002384,东山精密,223.37,223.37,223.38,221.2,216.78,234.0,212.6,86902989.0,19508633554.0,0.981,2.17
002385,大北农,3.32,3.31,3.32,3.39,3.38,3.4,3.27,89063745.0,295438138.0,-2.065,-0.07
002386,天原股份,5.76,5.76,5.77,5.96,5.95,5.95,5.72,20983420.0,121762762.0,-3.356,-0.2
002387,维信诺,8.51,8.51,8.52,8.75,8.67,8.9,8.44,28680378.0,247814331.0,-2.743,-0.24
002388,新亚制程,6.16,6.16,6.17,6.44,6.66,6.99,6.16,216614618.0,1425504182.0,-4.348,-0.28
002389,航天彩虹,19.61,19.6,19.61,20.54,20.45,20.59,19.59,26363761.0,524224307.0,-4.528,-0.93
002390,信邦制药,3.0,2.99,3.0,3.04,3.05,3.05,2.96,22273786.0,66771196.0,-1.316,-0.04
002391,长青股份,5.61,5.61,5.62,5.77,5.79,5.81,5.55,8535600.0,48035060.0,-2.773,-0.16
002392,北京利尔,8.42,8.42,8.43,8.86,8.83,8.88,8.33,36903800.0,313871380.0,-4.966,-0.44
002393,力生制药,14.71,14.71,14.73,14.91,14.9,14.96,14.58,2116304.0,31126513.0,-1.341,-0.2
002394,联发股份,10.37,10.37,10.39,10.51,10.51,10.74,10.28,6511050.0,67859868.0,-1.332,-0.14
002395,双象股份,14.26,14.26,14.27,14.76,14.66,14.68,14.13,9525683.0,136757106.0,-3.388,-0.5
002396,星网锐捷,23.55,23.54,23.55,23.22,23.17,24.87,22.46,50475468.0,1199864782.0,1.421,0.33
002397,梦洁股份,4.5,4.49,4.5,4.61,4.67,4.69,4.45,22927417.0,104181213.0,-2.386,-0.11
002398,垒知集团,4.45,4.44,4.45,4.59,4.59,4.61,4.43,12858147.0,57629378.0,-3.05,-0.14
002399,海普瑞,9.9,9.9,9.91,10.0,9.99,10.05,9.77,4333800.0,42811911.0,-1.0,-0.1
002400,省广集团,8.0,7.99,8.0,8.05,8.13,8.2,7.94,74113445.0,596957294.0,-0.621,-0.05
002401,中远海科,13.2,13.19,13.2,13.72,13.72,13.8,13.13,5374317.0,71596306.0,-3.79,-0.52
002402,和而泰,29.43,29.42,29.43,30.34,30.34,30.78,29.33,36424485.0,1092856279.0,-2.999,-0.91
002403,爱仕达,10.82,10.82,10.83,11.2,11.12,11.21,10.7,5790800.0,62858300.0,-3.393,-0.38
002404,嘉欣丝绸,6.06,6.05,6.06,6.23,6.26,6.26,6.0,8744660.0,53043908.0,-2.729,-0.17
002405,四维图新,9.36,9.35,9.36,9.42,9.35,9.85,9.31,101004413.0,966899487.0,-0.637,-0.06
002406,远东传动,8.95,8.94,8.95,8.51,8.27,9.19,8.27,145336472.0,1265758832.0,5.17,0.44
002407,多氟多,35.79,35.79,35.8,36.28,36.03,37.28,35.56,152738854.0,5560007018.0,-1.351,-0.49
002408,齐翔腾达,5.26,5.26,5.27,5.43,5.43,5.44,5.2,37075122.0,195374979.0,-3.131,-0.17
002409,雅克科技,118.41,118.41,118.45,123.21,125.0,127.48,117.3,30655637.0,3757295651.0,-3.896,-4.8
002410,广联达,9.78,9.78,9.79,9.94,9.9,10.04,9.75,26856555.0,264905663.0,-1.61,-0.16
002412,汉森制药,6.59,6.57,6.59,6.62,6.61,6.71,6.48,8796200.0,57869022.0,-0.453,-0.03
002413,雷科防务,10.62,10.61,10.62,10.95,10.96,11.07,10.51,61224285.0,656505256.0,-3.014,-0.33
002414,高德红外,13.21,13.2,13.21,13.55,13.55,13.73,13.11,53290132.0,714544695.0,-2.509,-0.34
002415,海康威视,31.65,31.64,31.65,32.0,31.92,32.54,31.46,58235093.0,1857668920.0,-1.094,-0.35
002416,爱施德,11.69,11.69,11.7,11.85,11.8,11.92,11.55,18721951.0,219030813.0,-1.35,-0.16
002418,康盛股份,4.75,4.75,4.76,5.02,4.95,4.96,4.72,69215900.0,333752584.0,-5.378,-0.27
002419,天虹股份,4.85,4.84,4.85,4.85,4.83,4.89,4.71,15682857.0,75251409.0,0.0,0.0
002420,毅昌科技,6.19,6.18,6.19,6.39,6.41,6.42,6.12,11381500.0,70690773.0,-3.13,-0.2
002421,达实智能,4.58,4.58,4.59,4.65,4.7,4.84,4.44,634431368.0,2929171230.0,-1.505,-0.07
002422,科伦药业,35.68,35.67,35.68,35.23,35.02,35.8,34.71,17403403.0,613214095.0,1.277,0.45
002423,中粮资本,9.05,9.05,9.07,9.24,9.22,9.31,9.0,12938116.0,118046562.0,-2.056,-0.19
002424,ST百灵,4.58,4.57,4.58,4.68,4.65,4.65,4.56,8042900.0,36921969.0,-2.137,-0.1
002425,凯撒文化,3.17,3.17,3.18,3.15,3.16,3.23,3.12,19115622.0,60765673.0,0.635,0.02
002426,胜利精密,3.45,3.45,3.46,3.6,3.59,3.64,3.43,123555500.0,434503352.0,-4.167,-0.15
002427,尤夫股份,4.67,4.66,4.67,4.75,4.71,4.78,4.62,13051587.0,61078269.0,-1.684,-0.08
002428,云南锗业,81.68,81.68,81.69,83.1,81.85,85.77,80.13,81980945.0,6781283004.0,-1.709,-1.42
002429,兆驰股份,12.34,12.34,12.35,12.63,12.62,12.88,12.28,117602546.0,1476998168.0,-2.296,-0.29
002430,杭氧股份,25.62,25.61,25.62,26.49,26.33,26.66,25.45,16703397.0,433590354.0,-3.284,-0.87
002431,ST棕榈,1.5,1.5,1.51,1.56,1.55,1.59,1.48,31070384.0,46972875.0,-3.846,-0.06
002432,九安医疗,84.54,84.54,84.55,91.58,91.0,92.0,83.69,32671540.0,2818748031.0,-7.687,-7.04
002434,万里扬,7.07,7.07,7.08,7.4,7.34,7.4,7.02,23090196.0,164797489.0,-4.459,-0.33
002436,兴森科技,37.02,37.01,37.02,38.11,37.83,38.45,36.19,164631726.0,6145627274.0,-2.86,-1.09
002437,誉衡药业,2.97,2.97,2.98,3.02,3.02,3.04,2.95,42814549.0,127923203.0,-1.656,-0.05
002438,江苏神通,17.65,17.64,17.65,17.73,17.9,18.27,17.64,18729217.0,336171397.0,-0.451,-0.08
002439,启明星辰,14.72,14.71,14.72,15.23,15.15,15.26,14.65,28195845.0,419266393.0,-3.349,-0.51
002440,闰土股份,9.49,9.49,9.5,9.79,9.7,9.84,9.39,37791973.0,361458283.0,-3.064,-0.3
002441,众业达,9.72,9.72,9.74,9.89,9.89,10.02,9.6,9720901.0,94755016.0,-1.719,-0.17
002442,龙星科技,7.3,7.29,7.3,7.39,7.21,7.98,7.03,105257990.0,779081483.0,-1.218,-0.09
002443,金洲管道,11.78,11.78,11.79,11.99,12.0,12.08,11.5,29062191.0,342204216.0,-1.751,-0.21
002444,巨星科技,33.36,33.36,33.37,33.97,33.88,34.11,33.0,11581801.0,387243124.0,-1.796,-0.61
002445,中南文化,3.49,3.48,3.49,3.5,3.52,3.62,3.47,101355513.0,358264808.0,-0.286,-0.01
002446,盛路通信,9.86,9.86,9.87,10.09,10.18,10.35,9.78,35345934.0,354753900.0,-2.279,-0.23
002448,中原内配,13.76,13.76,13.78,14.01,13.95,14.11,13.65,23437485.0,324854696.0,-1.784,-0.25
002449,国星光电,8.61,8.61,8.62,8.6,8.56,8.94,8.53,36533900.0,318205086.0,0.116,0.01
002451,摩恩电气,8.45,8.45,8.47,8.67,8.63,8.75,8.41,9645256.0,82373184.0,-2.537,-0.22
002452,长高电新,12.33,12.33,12.34,12.01,12.03,12.6,11.94,50374459.0,621003393.0,2.664,0.32
002453,华软科技,6.05,6.05,6.06,6.25,6.24,6.25,5.96,24269390.0,147698895.0,-3.2,-0.2
002454,松芝股份,5.98,5.98,5.99,6.18,6.18,6.19,5.95,16244400.0,98006863.0,-3.236,-0.2
002455,百川股份,8.83,8.83,8.84,9.12,9.12,9.18,8.78,32641529.0,291240460.0,-3.18,-0.29
002456,欧菲光,9.37,9.36,9.37,9.27,9.21,9.49,9.16,150230986.0,1403775658.0,1.079,0.1
002457,青龙管业,11.15,11.15,11.16,11.86,11.73,11.87,11.0,34010500.0,385757567.0,-5.987,-0.71
002458,益生股份,8.36,8.36,8.37,8.4,8.4,8.58,8.3,17130633.0,143957793.0,-0.476,-0.04
002459,晶澳科技,9.36,9.36,9.37,9.47,9.45,9.79,9.31,61359949.0,583395738.0,-1.162,-0.11
002460,赣锋锂业,73.3,73.29,73.3,75.0,75.25,77.0,73.08,49185074.0,3694737218.0,-2.267,-1.7
002461,珠江啤酒,9.55,9.54,9.55,9.43,9.34,9.6,9.3,13337578.0,126127472.0,1.273,0.12
002462,嘉事堂,13.91,13.91,13.92,14.01,14.07,14.07,13.77,8318600.0,115731211.0,-0.714,-0.1
002463,沪电股份,128.29,128.29,128.3,133.36,130.21,134.5,127.1,101037011.0,13177325852.0,-3.802,-5.07
002465,海格通信,17.65,17.64,17.65,17.4,17.51,18.5,17.38,213055887.0,3818642911.0,1.437,0.25
002466,天齐锂业,64.48,64.48,64.49,66.4,66.47,67.8,64.2,59537235.0,3931337331.0,-2.892,-1.92
002467,二六三,5.67,5.66,5.67,5.95,5.94,5.98,5.66,54530316.0,315326507.0,-4.706,-0.28
002468,申通快递,15.08,15.08,15.09,15.12,15.02,15.38,14.82,17310382.0,260668247.0,-0.265,-0.04
002469,三维化学,6.3,6.3,6.31,6.5,6.51,6.52,6.25,8083879.0,51260531.0,-3.077,-0.2
002470,金正大,2.33,2.32,2.33,2.41,2.39,2.41,2.3,115460209.0,269528712.0,-3.32,-0.08
002471,中超控股,7.47,7.47,7.48,7.39,7.35,7.77,7.15,85527232.0,634993489.0,1.083,0.08
002472,双环传动,42.5,42.49,42.5,44.72,43.5,44.25,42.3,42096956.0,1819094331.0,-4.964,-2.22
002474,榕基软件,6.87,6.87,6.88,7.28,7.23,7.27,6.85,33278541.0,233320948.0,-5.632,-0.41
002475,立讯精密,71.59,71.58,71.59,72.45,72.15,74.29,70.69,165224776.0,11955068270.0,-1.187,-0.86
002476,宝莫股份,5.35,5.35,5.36,5.6,5.6,5.62,5.31,12827373.0,69445063.0,-4.464,-0.25
002478,常宝股份,7.52,7.51,7.52,7.79,7.75,7.83,7.45,25507287.0,193965064.0,-3.466,-0.27
002479,富春环保,5.18,5.17,5.18,5.25,5.22,5.27,5.13,14873700.0,76941287.0,-1.333,-0.07
002480,新筑股份,5.93,5.93,5.94,6.01,5.99,6.0,5.82,11350503.0,66937581.0,-1.331,-0.08
002481,双塔食品,4.17,4.16,4.17,4.14,4.14,4.26,4.09,13073078.0,54544795.0,0.725,0.03
002482,广田集团,1.48,1.48,1.49,1.53,1.53,1.53,1.48,43080413.0,64399181.0,-3.268,-0.05
002483,润邦股份,5.8,5.79,5.8,5.87,5.88,5.92,5.74,11882153.0,68896374.0,-1.193,-0.07
002484,江海股份,67.6,67.6,0.0,61.45,67.6,67.6,67.6,14006218.0,946820337.0,10.008,6.15
002485,ST雪发,4.54,4.52,4.55,4.51,4.52,4.58,4.46,2462400.0,11132828.0,0.665,0.03
002486,嘉麟杰,2.49,2.48,2.49,2.57,2.58,2.58,2.44,25001201.0,62114924.0,-3.113,-0.08
002487,大金重工,74.71,74.71,74.78,77.6,77.61,78.24,73.99,15728276.0,1189219545.0,-3.724,-2.89
002488,金固股份,10.6,10.6,10.61,10.83,10.83,11.02,10.51,17502716.0,187223406.0,-2.124,-0.23
002489,浙江永强,3.72,3.72,3.73,3.9,3.88,3.89,3.7,52056453.0,196108226.0,-4.615,-0.18
002490,山东墨龙,7.73,7.72,7.73,8.0,7.92,7.96,7.64,23582636.0,182782262.0,-3.375,-0.27
002491,通鼎互联,21.24,21.23,21.24,21.75,21.61,22.22,20.81,127567660.0,2738253889.0,-2.345,-0.51
002492,恒基达鑫,6.47,6.46,6.47,6.68,6.7,6.7,6.37,9441800.0,61051437.0,-3.144,-0.21
002493,荣盛石化,11.53,11.53,11.54,11.74,11.6,11.71,11.31,38360049.0,441744249.0,-1.789,-0.21
002494,华斯股份,5.48,5.48,5.49,5.6,5.6,5.67,5.31,14843186.0,80661077.0,-2.143,-0.12
002495,佳隆股份,2.44,2.43,2.44,2.48,2.48,2.49,2.39,24717000.0,60114938.0,-1.613,-0.04
002496,*ST辉丰,2.63,2.63,2.64,2.75,2.72,2.77,2.61,41039756.0,109096498.0,-4.364,-0.12
002497,雅化集团,24.14,24.14,24.15,25.26,25.32,25.84,24.01,48637208.0,1199180020.0,-4.434,-1.12
002498,汉缆股份,8.8,8.8,8.81,8.87,8.67,8.97,8.59,109960001.0,971052923.0,-0.789,-0.07
002500,山西证券,5.25,5.24,5.25,5.23,5.22,5.32,5.18,32080071.0,168141240.0,0.382,0.02
002501,*ST利源,1.45,1.44,1.45,1.44,1.44,1.5,1.42,45579300.0,66515000.0,0.694,0.01
002506,协鑫集成,3.56,3.56,3.57,3.68,3.64,3.77,3.53,296457137.0,1076687654.0,-3.261,-0.12
002507,涪陵榨菜,11.6,11.59,11.6,11.67,11.66,11.74,11.49,11408325.0,132237705.0,-0.6,-0.07
002508,老板电器,17.38,17.38,17.39,17.7,17.7,17.73,17.2,4278500.0,74349459.0,-1.808,-0.32
002510,天汽模,6.84,6.84,6.85,6.75,6.79,6.85,6.62,25308880.0,171086853.0,1.333,0.09
002511,中顺洁柔,7.35,7.34,7.35,7.55,7.55,7.58,7.23,16762726.0,123544173.0,-2.649,-0.2
002512,ST达华,4.73,4.72,4.73,4.66,4.61,4.83,4.53,44974710.0,210781647.0,1.502,0.07
002513,蓝丰生化,5.9,5.9,5.91,6.1,6.14,6.14,5.8,9689700.0,57122938.0,-3.279,-0.2
002514,*ST宝馨,4.82,4.81,4.82,4.71,4.55,4.95,4.47,63453079.0,292861983.0,2.335,0.11
002515,金字火腿,6.49,6.49,6.5,6.68,6.67,6.87,6.29,60528360.0,393603945.0,-2.844,-0.19
002516,旷达科技,6.38,6.37,6.38,6.55,6.51,6.66,6.34,45452820.0,292840248.0,-2.595,-0.17
002517,恺英网络,16.24,16.23,16.24,16.39,16.4,16.88,16.15,55542980.0,915504193.0,-0.915,-0.15
002518,科士达,56.0,55.98,56.0,57.02,57.45,59.5,55.4,15882654.0,908091369.0,-1.789,-1.02
002519,银河电子,6.78,6.77,6.78,7.01,7.0,7.08,6.7,42123364.0,288792967.0,-3.281,-0.23
002520,日发精机,5.95,5.95,5.96,6.25,6.21,6.21,5.9,37725922.0,227542709.0,-4.8,-0.3
002521,齐峰新材,7.8,7.8,7.81,7.71,7.71,7.85,7.56,5275229.0,40465284.0,1.167,0.09
002522,浙江众成,6.64,6.63,6.64,6.59,6.52,6.98,6.52,57048395.0,380215625.0,0.759,0.05
002523,天桥起重,3.5,3.5,3.51,3.6,3.61,3.62,3.48,19591475.0,69258585.0,-2.778,-0.1
002524,光正眼科,3.86,3.86,3.87,3.98,3.98,3.99,3.78,20206892.0,77695693.0,-3.015,-0.12
002526,山东矿机,3.14,3.14,3.15,3.26,3.26,3.3,3.13,62296180.0,199553502.0,-3.681,-0.12
002527,新时达,13.61,13.61,13.62,14.4,14.26,14.26,13.58,20872325.0,289289266.0,-5.486,-0.79
002528,*ST英飞,4.58,4.58,0.0,4.36,4.29,4.58,4.18,21068305.0,93571042.0,5.046,0.22
002529,*ST海源,8.12,8.07,8.12,8.18,8.1,8.23,7.82,7312400.0,58436680.0,-0.733,-0.06
002530,金财互联,7.9,7.89,7.9,8.23,8.19,8.26,7.85,16311291.0,130281654.0,-4.01,-0.33
002531,天顺风能,11.89,11.89,11.91,12.17,12.22,12.28,11.64,53942856.0,644331016.0,-2.301,-0.28
002532,天山铝业,15.6,15.59,15.6,16.47,16.26,16.41,15.45,99960891.0,1575099132.0,-5.282,-0.87
002533,金杯电工,12.48,12.48,12.49,13.05,12.99,13.06,12.36,20171717.0,254882120.0,-4.368,-0.57
002534,西子洁能,21.53,21.53,21.54,20.4,20.69,21.99,20.52,31928783.0,685078834.0,5.539,1.13
002535,林州重机,2.72,0.0,2.72,3.02,2.72,2.72,2.72,3088900.0,8401808.0,-9.934,-0.3
002536,飞龙股份,40.96,40.96,40.97,42.65,42.58,43.12,40.65,28673342.0,1193969208.0,-3.962,-1.69
002537,海联金汇,6.5,6.49,6.5,6.73,6.68,6.75,6.47,21931300.0,143991945.0,-3.418,-0.23
002538,ST司特,6.11,6.11,6.12,6.43,6.43,6.47,6.11,22161600.0,137046671.0,-4.977,-0.32
002539,云图控股,13.15,13.15,13.16,12.97,12.95,13.67,12.88,34505412.0,459504388.0,1.388,0.18
002540,亚太科技,5.49,5.49,5.51,5.68,5.66,5.67,5.45,12824200.0,70824158.0,-3.345,-0.19
002541,鸿路钢构,18.44,18.44,18.45,19.57,19.49,19.5,18.27,8714209.0,162834996.0,-5.774,-1.13
002542,*ST中岩,1.53,1.52,1.53,1.52,1.52,1.55,1.48,36837500.0,55972677.0,0.658,0.01
002543,万和电气,7.56,7.56,7.57,7.78,7.78,7.79,7.53,4569659.0,34762294.0,-2.828,-0.22
002544,普天科技,22.65,22.64,22.65,23.25,23.26,23.54,22.57,11535673.0,265131665.0,-2.581,-0.6
002545,东方铁塔,23.7,23.69,23.7,24.27,24.17,24.81,23.63,15297525.0,366342091.0,-2.349,-0.57
002546,新联电子,7.68,7.68,7.69,7.8,7.75,7.87,7.64,13059600.0,100830174.0,-1.538,-0.12
002547,*ST春兴,3.56,3.55,3.56,3.51,3.58,3.68,3.46,64138900.0,229143864.0,1.425,0.05
002548,金新农,4.2,4.2,4.21,4.31,4.3,4.33,4.18,17767440.0,75129961.0,-2.552,-0.11
002549,凯美特气,16.04,16.04,16.05,17.1,17.03,17.1,16.02,29636633.0,486879404.0,-6.199,-1.06
002550,千红制药,6.37,6.36,6.37,6.48,6.47,6.48,6.31,10786001.0,68692456.0,-1.698,-0.11
002551,尚荣医疗,3.08,3.08,3.09,3.2,3.2,3.2,3.04,15009909.0,46432023.0,-3.75,-0.12
002552,宝鼎科技,50.53,50.52,50.53,48.18,48.0,53.0,46.0,49011002.0,2460614764.0,4.878,2.35
002553,南方精工,19.28,19.27,19.28,20.06,20.06,20.16,19.19,8219773.0,160353198.0,-3.888,-0.78
002554,惠博普,3.1,3.1,3.11,3.15,3.16,3.17,3.07,20247200.0,63023414.0,-1.587,-0.05
002555,三七互娱,19.52,19.51,19.52,19.65,19.66,20.02,19.39,30357012.0,597839580.0,-0.662,-0.13
002556,辉隆股份,5.2,5.19,5.2,5.28,5.3,5.31,5.16,8903200.0,46423915.0,-1.515,-0.08
002557,洽洽食品,21.19,21.18,21.2,21.21,21.06,21.45,20.63,8400419.0,176414853.0,-0.094,-0.02
002558,巨人网络,26.57,26.57,26.58,26.86,26.81,27.49,26.44,37297657.0,1005352869.0,-1.08,-0.29
002559,亚威股份,10.16,10.15,10.16,10.46,10.67,11.18,10.1,37796100.0,399505831.0,-2.868,-0.3
002560,通达股份,8.84,8.83,8.84,9.04,9.0,9.1,8.71,45521999.0,403663999.0,-2.212,-0.2
002561,徐家汇,7.32,7.31,7.32,7.27,7.24,7.38,7.11,7472793.0,54238666.0,0.688,0.05
002562,兄弟科技,5.14,5.13,5.14,5.31,5.32,5.36,5.12,24655949.0,128039393.0,-3.202,-0.17
002563,森马服饰,5.46,5.45,5.46,5.61,5.6,5.62,5.4,13563800.0,74195441.0,-2.674,-0.15
002564,天沃科技,5.33,5.33,5.34,5.5,5.46,5.5,5.3,12421500.0,66616789.0,-3.091,-0.17
002565,顺灏股份,14.98,14.98,14.99,15.55,15.68,15.82,14.81,70849603.0,1074332529.0,-3.666,-0.57
002566,益盛药业,7.19,7.17,7.19,7.34,7.36,7.44,7.05,8334500.0,59790586.0,-2.044,-0.15
002567,唐人神,3.71,3.71,3.72,3.8,3.8,3.8,3.68,21776798.0,80839739.0,-2.368,-0.09
002568,百润股份,18.88,18.88,18.89,18.19,18.17,19.52,17.76,33334479.0,619111257.0,3.793,0.69
002569,*ST步森,16.67,16.67,16.77,16.88,17.29,17.72,16.52,4009550.0,69280493.0,-1.244,-0.21
002570,贝因美,4.89,4.88,4.89,4.85,4.81,4.93,4.75,26557647.0,128897342.0,0.825,0.04
002571,德力股份,12.23,12.23,12.24,12.54,12.54,12.7,12.13,8427100.0,104580008.0,-2.472,-0.31
002572,索菲亚,9.38,9.37,9.38,9.66,9.66,9.68,9.29,11636597.0,109588838.0,-2.899,-0.28
002573,清新环境,3.37,3.37,3.38,3.4,3.39,3.42,3.36,6322560.0,21354167.0,-0.882,-0.03
002574,明牌珠宝,5.03,5.03,5.04,5.18,5.18,5.2,4.98,9454217.0,47762024.0,-2.896,-0.15
002575,群兴玩具,5.69,5.69,5.7,5.85,5.87,5.87,5.63,28210953.0,161424168.0,-2.735,-0.16
002576,通达动力,19.15,19.15,19.17,20.21,19.92,20.07,18.99,15121601.0,295091546.0,-5.245,-1.06
002577,雷柏科技,18.21,18.2,18.21,18.32,18.34,19.29,18.16,4152000.0,77141726.0,-0.6,-0.11
002578,闽发铝业,4.07,4.07,4.08,4.15,4.08,4.18,4.02,58952824.0,240941239.0,-1.928,-0.08
002579,中京电子,16.54,16.54,0.0,15.04,16.54,16.54,15.99,102482708.0,1691048195.0,9.973,1.5
002580,圣阳股份,23.03,23.03,23.04,23.32,23.33,23.85,22.72,51974801.0,1210163540.0,-1.244,-0.29
002581,*ST未名,4.21,4.21,4.22,4.38,4.39,4.39,4.16,9905100.0,41962371.0,-3.881,-0.17
002582,好想你,11.31,11.3,11.31,10.99,10.96,11.39,10.95,25737380.0,289074043.0,2.912,0.32
002583,海能达,8.58,8.58,8.59,8.92,8.84,8.94,8.54,27292232.0,237024660.0,-3.812,-0.34
002584,西陇科学,7.96,7.95,7.96,8.27,8.22,8.4,7.92,29719581.0,240677313.0,-3.748,-0.31
002585,双星新材,10.75,10.75,10.76,10.87,10.43,11.23,10.25,252787181.0,2693553502.0,-1.104,-0.12
002586,ST围海,4.4,4.4,4.42,4.39,4.4,4.5,4.33,7693464.0,34022354.0,0.228,0.01
002587,奥拓电子,7.04,7.03,7.04,7.12,7.12,7.28,6.98,31068055.0,220521894.0,-1.124,-0.08
002588,史丹利,9.25,9.25,9.26,9.51,9.45,9.56,9.15,13367785.0,124314446.0,-2.734,-0.26
002589,瑞康医药,2.8,2.8,2.81,2.88,2.87,2.88,2.79,28923774.0,81682027.0,-2.778,-0.08
002590,万安科技,12.45,12.45,12.46,12.81,12.71,12.96,12.3,11057513.0,139151799.0,-2.81,-0.36
002591,恒大高新,7.9,7.9,7.91,8.08,8.05,8.23,7.81,15573900.0,123736303.0,-2.228,-0.18
002592,ST八菱,7.06,7.05,7.06,7.12,7.13,7.17,6.92,3285370.0,23072044.0,-0.843,-0.06
002593,日上集团,4.74,4.74,4.75,4.85,4.85,4.88,4.69,13239315.0,62972507.0,-2.268,-0.11
002594,比亚迪,95.22,95.22,95.23,96.55,96.0,97.27,94.66,36237356.0,3467882770.0,-1.378,-1.33
002595,豪迈科技,53.08,53.07,53.08,54.15,54.17,54.98,52.5,5653221.0,301866155.0,-1.976,-1.07
002596,海南瑞泽,3.67,3.67,3.68,3.78,3.77,3.78,3.65,22314000.0,82350534.0,-2.91,-0.11
002597,金禾实业,21.14,21.14,21.15,20.84,21.75,21.86,20.63,7390703.0,155846346.0,1.44,0.3
002598,ST章鼓,7.36,7.36,7.37,7.73,7.7,7.76,7.34,10852001.0,80466972.0,-4.787,-0.37
002599,盛通股份,6.54,6.54,6.55,6.78,6.75,6.75,6.5,12231384.0,80479017.0,-3.54,-0.24
002600,领益智造,15.52,15.52,15.53,15.82,15.75,16.1,15.3,213061732.0,3341401597.0,-1.896,-0.3
002601,龙佰集团,14.72,14.72,14.73,15.33,15.34,15.38,14.6,37228400.0,552115561.0,-3.979,-0.61
002602,世纪华通,14.82,14.82,14.83,15.0,14.99,15.46,14.74,101161425.0,1526140188.0,-1.2,-0.18
002603,以岭药业,16.42,16.42,16.43,16.15,16.15,16.66,16.04,21036970.0,345057689.0,1.672,0.27
002605,姚记科技,18.51,18.5,18.51,18.68,18.68,19.0,18.45,5626500.0,104922906.0,-0.91,-0.17
002606,大连电瓷,16.8,16.8,16.81,16.22,16.07,16.95,15.92,56577660.0,933732341.0,3.576,0.58
002607,中公教育,2.48,2.48,2.49,2.58,2.56,2.57,2.46,146935870.0,367223822.0,-3.876,-0.1
002608,江苏国信,8.21,8.21,8.22,8.25,8.2,8.32,8.13,33525775.0,275803619.0,-0.485,-0.04
002609,捷顺科技,8.02,8.02,8.03,8.28,8.27,8.3,7.96,11884764.0,95750949.0,-3.14,-0.26
002611,东方精工,18.02,18.01,18.02,18.98,18.92,19.04,17.84,58662381.0,1076166452.0,-5.058,-0.96
002612,朗姿股份,13.77,13.76,13.77,14.83,14.84,14.92,13.72,10468508.0,146848487.0,-7.148,-1.06
002613,北玻股份,4.47,4.46,4.47,4.6,4.59,4.7,4.42,115362137.0,522840267.0,-2.826,-0.13
002614,奥佳华,5.21,5.21,5.22,5.28,5.25,5.29,5.17,8304601.0,43234293.0,-1.326,-0.07
002615,哈尔斯,7.72,7.72,7.73,7.92,8.05,8.05,7.67,8662434.0,67369743.0,-2.525,-0.2
002616,长青集团,5.53,5.53,5.54,5.64,5.59,5.63,5.51,12617686.0,70179507.0,-1.95,-0.11
002617,露笑科技,10.46,10.45,10.46,9.99,9.9,10.87,9.82,408862403.0,4247921338.0,4.705,0.47
002620,*ST瑞和,7.39,7.39,7.4,7.45,7.25,7.64,7.11,22399384.0,164952079.0,-0.805,-0.06
002622,皓宸医疗,2.57,2.56,2.57,2.62,2.65,2.65,2.51,17838700.0,45730242.0,-1.908,-0.05
002623,亚玛顿,20.1,20.1,20.11,20.0,20.01,20.6,19.3,8300420.0,165187996.0,0.5,0.1
002624,完美世界,13.91,13.91,13.92,14.28,14.21,14.44,13.87,45131367.0,636936874.0,-2.591,-0.37
002625,光启技术,41.34,41.34,41.35,39.59,39.8,42.4,39.6,75167135.0,3120863208.0,4.42,1.75
002626,金达威,15.28,15.28,15.29,15.52,15.53,15.61,15.23,3024746.0,46432547.0,-1.546,-0.24
002627,三峡旅游,7.46,7.46,7.47,7.27,7.34,7.49,7.2,45737955.0,336266434.0,2.613,0.19
002628,成都路桥,5.2,5.19,5.2,5.33,5.35,5.39,5.16,18499700.0,96673558.0,-2.439,-0.13
002629,仁智股份,5.54,5.54,5.55,5.78,5.72,5.8,5.49,31346704.0,174898872.0,-4.152,-0.24
002630,*ST华西,1.71,1.7,1.71,1.65,1.64,1.72,1.63,27751080.0,46611311.0,3.636,0.06
002631,德尔未来,7.22,7.22,7.23,7.59,7.46,7.66,7.15,20993895.0,153919709.0,-4.875,-0.37
002632,道明光学,10.22,10.21,10.22,10.59,10.59,10.72,10.13,11254535.0,116344345.0,-3.494,-0.37
002633,申科股份,18.12,18.12,18.13,18.38,18.38,18.41,17.91,2442900.0,44289557.0,-1.415,-0.26
002634,*ST棒杰,4.34,4.34,4.35,4.47,4.46,4.48,4.25,13327004.0,57339516.0,-2.908,-0.13
002635,安洁科技,18.02,18.01,18.02,18.37,18.21,18.67,17.74,34232561.0,622001278.0,-1.905,-0.35
002636,金安国纪,48.76,48.76,48.77,47.55,47.08,50.68,46.08,57476138.0,2796144646.0,2.545,1.21
002637,赞宇科技,10.62,10.62,10.63,10.83,10.73,10.9,10.52,14679420.0,156068262.0,-1.939,-0.21
002638,勤上股份,4.52,4.51,4.52,4.29,4.27,4.7,4.22,93445508.0,421009885.0,5.361,0.23
002639,雪人集团,15.04,15.04,15.05,14.95,14.88,15.65,14.75,56344817.0,858365373.0,0.602,0.09
002640,跨境通,3.52,3.51,3.52,3.6,3.58,3.61,3.49,62932335.0,222596577.0,-2.222,-0.08
002641,公元股份,4.01,4.01,4.02,4.1,4.1,4.11,4.0,10931100.0,44153282.0,-2.195,-0.09
002642,荣联科技,8.95,8.94,8.95,8.85,8.71,8.95,8.68,29781873.0,263034629.0,1.13,0.1
002643,万润股份,16.57,16.56,16.57,17.23,17.26,17.64,16.47,33611000.0,572278778.0,-3.831,-0.66
002644,佛慈制药,7.51,7.51,7.52,7.54,7.54,7.6,7.38,3520188.0,26218387.0,-0.398,-0.03
002645,华宏科技,30.97,30.97,30.98,32.59,32.6,32.82,30.71,35047531.0,1104192159.0,-4.971,-1.62
002646,天佑德酒,7.73,7.73,7.74,7.63,7.57,7.91,7.42,11185806.0,85756228.0,1.311,0.1
002647,仁东控股,11.51,11.51,11.52,11.3,11.35,11.77,11.21,29135800.0,333796633.0,1.858,0.21
002648,卫星化学,23.75,23.75,23.76,23.92,23.92,24.12,23.45,35769094.0,847878969.0,-0.711,-0.17
002649,博彦科技,9.72,9.71,9.72,10.14,10.07,10.13,9.66,13160412.0,129551412.0,-4.142,-0.42
002650,ST加加,7.48,7.47,7.48,7.61,7.58,7.58,7.32,5626200.0,41839280.0,-1.708,-0.13
002651,利君股份,8.22,8.22,8.23,8.48,8.46,8.52,8.18,7063900.0,58430963.0,-3.066,-0.26
002652,扬子新材,5.85,5.85,5.86,6.07,5.99,6.07,5.78,30907640.0,181543699.0,-3.624,-0.22
002653,海思科,50.83,50.83,50.85,50.01,49.81,51.47,49.59,3524521.0,178656187.0,1.64,0.82
002654,万润科技,16.42,16.41,16.42,16.8,17.23,17.78,16.3,96587404.0,1649237618.0,-2.262,-0.38
002655,共达电声,38.88,38.87,38.88,36.97,36.31,39.5,36.0,54787714.0,2093342395.0,5.166,1.91
002656,*ST摩登,3.46,3.46,3.47,3.53,3.55,3.55,3.41,12653300.0,43820389.0,-1.983,-0.07
002657,中科金财,18.34,18.33,18.34,19.29,19.27,19.29,18.23,11504143.0,214032255.0,-4.925,-0.95
002658,雪迪龙,8.05,8.05,8.06,8.3,8.31,8.38,8.03,12233600.0,100126765.0,-3.012,-0.25
002659,凯文教育,4.43,4.42,4.43,4.54,4.54,4.55,4.38,11015100.0,48888827.0,-2.423,-0.11
002660,茂硕电源,7.96,7.96,7.97,8.22,8.23,8.28,7.91,7181300.0,57689167.0,-3.163,-0.26
002661,克明食品,7.82,7.82,7.83,7.89,7.87,7.91,7.63,4232117.0,32748936.0,-0.887,-0.07
002662,峰璟股份,3.57,3.56,3.57,3.63,3.62,3.65,3.55,14275600.0,51052082.0,-1.653,-0.06
002663,普邦股份,1.93,1.93,1.94,2.02,2.01,2.02,1.92,53900787.0,105497948.0,-4.455,-0.09
002664,信质集团,20.63,20.63,20.64,22.6,22.3,22.53,20.5,18282311.0,387501176.0,-8.717,-1.97
002666,德联集团,4.6,4.6,4.61,4.79,4.78,4.78,4.55,12210240.0,56435389.0,-3.967,-0.19
002667,*ST威领,20.63,20.63,20.64,21.26,22.32,22.32,20.2,38495802.0,827569575.0,-2.963,-0.63
002668,TCL智家,9.33,9.32,9.33,9.42,9.4,9.48,9.27,6903936.0,64625353.0,-0.955,-0.09
002669,康达新材,15.97,15.96,15.97,15.01,15.0,16.51,14.84,67619120.0,1063306014.0,6.396,0.96
002670,国盛证券,11.68,11.68,11.69,11.92,11.93,11.99,11.66,13868808.0,163153545.0,-2.013,-0.24
002671,龙泉股份,4.39,4.39,4.4,4.52,4.52,4.66,4.35,23089260.0,102053888.0,-2.876,-0.13
002672,东江环保,3.76,3.75,3.76,3.82,3.85,3.85,3.72,8530700.0,32152898.0,-1.571,-0.06
002673,西部证券,6.83,6.83,6.84,6.91,6.87,7.0,6.81,29068944.0,200222495.0,-1.158,-0.08
002674,兴业科技,15.21,15.21,15.22,15.81,15.89,16.3,15.09,15723082.0,244055997.0,-3.795,-0.6
002675,东诚药业,12.61,12.6,12.61,12.53,12.49,12.72,12.28,11586666.0,144854632.0,0.638,0.08
002676,顺威股份,5.43,5.43,5.44,5.6,5.61,5.64,5.39,16326600.0,89636321.0,-3.036,-0.17
002677,浙江美大,7.22,7.22,7.23,7.53,7.5,7.5,7.2,7218700.0,52695257.0,-4.117,-0.31
002678,珠江钢琴,5.7,5.7,5.71,5.81,5.81,5.84,5.59,16251910.0,92646881.0,-1.893,-0.11
002679,福建金森,9.52,9.5,9.52,9.82,9.79,9.91,9.27,6165420.0,58885016.0,-3.055,-0.3
002681,奋达科技,5.62,5.61,5.62,5.89,5.82,5.89,5.58,64447305.0,367881326.0,-4.584,-0.27
002682,龙洲股份,5.17,5.17,5.18,5.29,5.29,5.34,5.12,15161000.0,78550158.0,-2.268,-0.12
002683,广东宏大,33.83,33.81,33.83,35.04,35.0,35.09,33.71,14099928.0,481230243.0,-3.453,-1.21
002685,华东重机,8.39,8.38,8.39,8.57,8.55,8.74,8.34,51090594.0,433803130.0,-2.1,-0.18
002686,亿利达,6.6,6.59,6.6,6.8,6.79,6.85,6.52,12718500.0,84292985.0,-2.941,-0.2
002687,乔治白,4.37,4.37,4.38,4.51,4.51,4.53,4.31,10952530.0,47938494.0,-3.104,-0.14
002688,金河生物,5.41,5.41,5.42,5.54,5.54,5.54,5.4,8019900.0,43521741.0,-2.347,-0.13
002689,ST远智,3.15,3.15,3.16,3.22,3.21,3.26,3.14,6231782.0,19824955.0,-2.174,-0.07
002690,美亚光电,15.6,15.59,15.6,15.8,15.87,15.93,15.45,4739250.0,73947324.0,-1.266,-0.2
002691,*ST冀凯,5.13,0.0,5.13,5.4,5.25,5.28,5.13,7851100.0,40467841.0,-5.0,-0.27
002692,远程股份,4.72,4.72,4.73,4.9,4.88,4.91,4.7,20211600.0,96186368.0,-3.673,-0.18
002693,双成药业,10.74,10.74,10.75,11.5,11.16,11.44,10.5,36092949.0,390152888.0,-6.609,-0.76
002694,*ST顾地,2.27,2.27,2.28,2.32,2.31,2.35,2.2,13001871.0,29433940.0,-2.155,-0.05
002695,煌上煌,12.04,12.03,12.04,11.98,11.98,12.2,11.71,8237183.0,98343282.0,0.501,0.06
002696,百洋股份,6.01,6.01,6.02,6.13,6.15,6.15,5.87,9177110.0,54763188.0,-1.958,-0.12
002697,红旗连锁,4.95,4.95,4.96,4.81,4.77,4.98,4.73,37579201.0,183192272.0,2.911,0.14
002698,博实股份,13.19,13.18,13.19,13.88,13.76,13.87,13.15,16811211.0,224906494.0,-4.971,-0.69
002700,万憬能源,6.95,6.95,6.97,7.2,7.17,7.19,6.76,11512518.0,79900707.0,-3.472,-0.25
002701,奥瑞金,4.98,4.98,4.99,4.99,5.01,5.04,4.92,22370216.0,111144577.0,-0.2,-0.01
002702,海欣食品,5.34,5.33,5.34,5.37,5.37,5.39,5.21,14028260.0,74346450.0,-0.559,-0.03
002703,浙江世宝,20.64,20.63,20.64,21.5,21.36,22.0,20.52,62312086.0,1317206762.0,-4.0,-0.86
002705,新宝股份,12.43,12.43,12.44,12.69,12.68,12.68,12.33,9696254.0,120781533.0,-2.049,-0.26
002706,良信股份,14.82,14.82,0.0,13.47,13.5,14.82,13.41,84481557.0,1231310287.0,10.022,1.35
002707,众信旅游,5.7,5.7,5.71,5.77,5.76,5.81,5.66,10702000.0,61139014.0,-1.213,-0.07
002708,光洋股份,15.12,15.12,15.13,15.75,15.65,15.68,15.05,22200600.0,339816810.0,-4.0,-0.63
002709,天赐材料,53.46,53.46,53.47,51.99,52.66,55.17,52.66,107095061.0,5767777410.0,2.827,1.47
002712,思美传媒,5.15,5.15,5.17,5.22,5.23,5.33,5.1,13263518.0,68859351.0,-1.341,-0.07
002713,*ST东易,12.39,0.0,12.39,13.04,12.93,12.99,12.39,15923695.0,199171294.0,-4.985,-0.65
002714,牧原股份,37.76,37.76,37.77,38.29,38.21,38.25,37.5,41050177.0,1550980157.0,-1.384,-0.53
002715,登云股份,16.15,16.13,16.15,16.4,16.35,16.48,15.89,5432700.0,87783838.0,-1.524,-0.25
002716,湖南白银,9.65,9.65,9.66,10.28,10.11,10.17,9.61,141961909.0,1392353337.0,-6.128,-0.63
002717,*ST岭南,0.9,0.0,0.9,0.95,0.9,0.9,0.9,12758400.0,11482560.0,-5.263,-0.05
002718,友邦吊顶,88.54,88.5,88.54,90.61,93.71,94.98,86.5,2466885.0,221528436.0,-2.285,-2.07
002719,ST麦趣,7.38,7.38,7.39,7.54,7.52,7.52,7.28,4867880.0,35790108.0,-2.122,-0.16
002721,金一文化,2.74,2.74,2.75,2.84,2.83,2.84,2.73,44620600.0,123197110.0,-3.521,-0.1
002722,物产金轮,13.83,13.8,13.83,14.19,14.11,14.2,13.66,4455978.0,61512996.0,-2.537,-0.36
002723,小崧股份,9.13,9.13,9.14,9.0,8.93,9.27,8.93,15423860.0,140575287.0,1.444,0.13
002724,海洋王,5.48,5.48,5.49,5.61,5.62,5.63,5.45,7648620.0,42112530.0,-2.317,-0.13
002725,跃岭股份,15.16,15.16,15.17,15.44,15.61,15.96,15.08,9387384.0,144114862.0,-1.813,-0.28
002726,ST龙大,1.65,1.65,0.0,1.57,1.57,1.65,1.56,65429658.0,106508296.0,5.096,0.08
002727,一心堂,11.54,11.54,11.55,11.56,11.52,11.62,11.34,5889843.0,67737246.0,-0.173,-0.02
002728,特一药业,8.67,8.67,8.68,8.75,8.8,8.8,8.55,8856732.0,76696838.0,-0.914,-0.08
002729,好利科技,19.44,19.44,19.45,20.13,20.03,20.5,19.35,9565814.0,189424809.0,-3.428,-0.69
002730,电光科技,29.73,29.73,29.74,31.05,31.05,31.56,28.99,14830867.0,444725830.0,-4.251,-1.32
002731,ST萃华,4.35,0.0,0.0,4.35,0.0,0.0,0.0,0.0,0.0,0.0,0.0
002732,燕塘乳业,14.75,14.74,14.75,14.87,14.84,14.98,14.35,2143700.0,31346352.0,-0.807,-0.12
002733,雄韬股份,33.8,33.8,33.81,32.25,32.45,35.0,32.03,55115065.0,1838803480.0,4.806,1.55
002734,利民股份,16.71,16.7,16.71,17.02,17.03,17.08,16.61,10196854.0,171479454.0,-1.821,-0.31
002735,王子新材,14.98,14.98,14.99,14.05,14.04,15.4,13.92,48486541.0,712589580.0,6.619,0.93
002736,国信证券,10.13,10.13,10.14,10.24,10.23,10.33,10.08,24239370.0,246242321.0,-1.074,-0.11
002737,葵花药业,12.81,12.81,12.82,12.94,12.92,13.02,12.66,3318400.0,42523650.0,-1.005,-0.13
002738,中矿资源,64.61,64.61,64.62,67.2,67.2,68.7,64.32,26858000.0,1777871092.0,-3.854,-2.59
002739,儒意电影,9.21,9.2,9.21,9.3,9.29,9.44,9.16,28747474.0,266679032.0,-0.968,-0.09
002741,光华科技,29.95,29.95,29.96,28.13,27.81,30.23,27.48,85966687.0,2486252665.0,6.47,1.82
002742,三圣股份,4.24,4.24,4.25,4.33,4.31,4.34,4.21,6560850.0,28001107.0,-2.079,-0.09
002743,富煌钢构,4.78,4.78,4.79,4.87,4.9,4.95,4.7,7179700.0,34282059.0,-1.848,-0.09
002745,木林森,11.0,11.0,11.01,10.46,10.75,11.2,10.67,139710117.0,1524769704.0,5.163,0.54
002746,仙坛股份,6.05,6.04,6.05,6.13,6.15,6.17,5.97,12899471.0,77988322.0,-1.305,-0.08
002747,埃斯顿,28.43,28.43,28.44,30.03,28.9,30.18,28.25,94035752.0,2723162342.0,-5.328,-1.6
002748,世龙实业,11.19,11.18,11.19,11.48,11.5,11.51,11.05,4439500.0,49768228.0,-2.526,-0.29
002749,国光股份,9.23,9.22,9.23,9.51,9.42,9.47,9.06,3573071.0,32906632.0,-2.944,-0.28
002752,昇兴股份,6.77,6.77,6.78,7.08,7.09,7.09,6.73,20910070.0,142612145.0,-4.379,-0.31
002753,永东股份,6.75,6.75,6.78,6.86,6.87,6.97,6.67,9887800.0,66917232.0,-1.603,-0.11
002755,奥赛康,15.89,15.88,15.89,15.97,15.8,15.99,15.21,21155343.0,328659358.0,-0.501,-0.08
002756,永兴材料,64.15,64.15,64.16,66.72,66.29,67.88,63.8,14027479.0,917579694.0,-3.852,-2.57
002757,南兴股份,24.27,24.26,24.27,25.96,25.82,26.28,24.05,17599940.0,437050437.0,-6.51,-1.69
002758,浙农股份,8.3,8.3,8.31,8.38,8.38,8.4,8.2,4617402.0,38184080.0,-0.955,-0.08
002759,天际股份,30.23,30.23,30.24,31.16,30.82,31.58,30.09,36923758.0,1139025288.0,-2.985,-0.93
002760,凤形股份,19.84,19.84,19.85,21.21,20.28,20.77,19.52,12871864.0,257249695.0,-6.459,-1.37
002761,浙江建投,7.6,7.59,7.6,7.75,7.72,7.8,7.54,10038300.0,76594138.0,-1.935,-0.15
002762,*ST金比,9.54,9.54,9.63,9.78,9.7,9.89,9.45,4734300.0,45402645.0,-2.454,-0.24
002763,汇洁股份,7.85,7.84,7.85,8.12,8.09,8.09,7.8,7301105.0,57507742.0,-3.325,-0.27
002765,蓝黛科技,8.6,8.6,8.61,8.94,8.9,8.98,8.56,12857960.0,111939299.0,-3.803,-0.34
002766,索菱股份,5.21,5.21,5.22,5.33,5.33,5.48,5.16,58423164.0,310867004.0,-2.251,-0.12
002767,先锋电子,17.98,17.98,17.99,18.33,18.36,18.6,17.85,2501000.0,45308896.0,-1.909,-0.35
002768,国恩股份,63.92,63.9,63.92,61.95,60.9,64.29,60.9,6835827.0,429523799.0,3.18,1.97
002769,普路通,7.8,7.8,7.81,8.02,8.0,8.15,7.77,9640990.0,75988575.0,-2.743,-0.22
002771,真视通,16.49,16.49,0.0,14.99,15.31,16.49,15.1,35071552.0,569485265.0,10.007,1.5
002772,众兴菌业,13.83,13.82,13.83,14.07,14.06,14.09,13.69,5678500.0,78651442.0,-1.706,-0.24
002773,康弘药业,21.23,21.23,21.24,21.27,21.18,21.7,20.72,9761870.0,206222517.0,-0.188,-0.04
002774,快意电梯,12.03,12.03,12.05,12.8,12.74,12.85,11.95,9494100.0,116621869.0,-6.016,-0.77
002775,文科股份,4.09,4.08,4.09,4.33,4.3,4.3,4.0,42416606.0,175112064.0,-5.543,-0.24
002777,久远银海,14.32,14.32,14.33,14.84,14.83,14.93,14.28,7815055.0,113383294.0,-3.504,-0.52
002778,中晟高科,19.77,19.76,19.79,20.35,20.35,20.36,19.3,5279194.0,104287500.0,-2.85,-0.58
002779,中坚科技,73.63,73.62,73.63,76.65,76.26,77.43,73.01,2976558.0,222328515.0,-3.94,-3.02
002780,三夫户外,14.1,14.1,14.11,14.25,14.4,14.47,13.79,6115100.0,86114142.0,-1.053,-0.15
002782,可立克,30.14,30.14,30.15,28.54,28.54,31.23,28.11,46162336.0,1381454630.0,5.606,1.6
002783,凯龙股份,7.83,7.83,7.84,7.89,7.88,7.99,7.7,8773402.0,68459732.0,-0.76,-0.06
002785,万里石,46.79,46.78,46.79,48.6,48.08,49.44,46.0,7217200.0,342948628.0,-3.724,-1.81
002786,银宝山新,9.36,9.36,9.37,9.5,9.22,9.4,9.11,36387900.0,336633135.0,-1.474,-0.14
002787,华源控股,24.12,24.11,24.12,25.27,25.3,25.48,24.06,20774238.0,512910851.0,-4.551,-1.15
002788,鹭燕医药,11.74,11.74,11.75,11.91,11.9,12.0,11.64,11957655.0,140654728.0,-1.427,-0.17
002789,*ST建艺,12.4,12.4,12.43,12.23,12.39,12.7,11.87,3093200.0,38322426.0,1.39,0.17
002790,瑞尔特,6.43,6.43,6.45,6.62,6.61,6.65,6.4,4596900.0,29757449.0,-2.87,-0.19
002791,坚朗五金,15.56,15.56,15.57,16.04,15.91,16.0,15.28,7263741.0,112946607.0,-2.993,-0.48
002792,通宇通讯,45.47,45.46,45.47,46.19,47.02,47.8,44.32,30541343.0,1409029076.0,-1.559,-0.72
002793,罗欣药业,4.27,4.26,4.27,4.37,4.37,4.37,4.22,18175770.0,77519884.0,-2.288,-0.1
002795,永和智控,8.19,8.18,8.19,8.68,8.6,8.69,8.12,23941684.0,199210874.0,-5.645,-0.49
002796,世嘉科技,49.76,49.75,49.76,53.01,52.7,54.74,49.33,16516109.0,852114953.0,-6.131,-3.25
002797,第一创业,7.19,7.19,7.2,7.38,7.31,7.53,7.17,130532010.0,952754980.0,-2.575,-0.19
002798,帝欧水华,7.47,0.0,7.47,8.3,8.31,8.52,7.47,27638280.0,216839948.0,-10.0,-0.83
002799,环球印务,7.58,7.57,7.58,7.71,7.71,7.77,7.42,6477953.0,48841312.0,-1.686,-0.13
002800,天顺股份,17.25,17.24,17.27,17.63,17.58,17.63,17.13,3229208.0,55725021.0,-2.155,-0.38
002801,微光股份,32.9,32.9,32.91,35.04,34.78,34.81,32.6,6155548.0,206017093.0,-6.107,-2.14
002802,洪汇新材,13.15,13.13,13.15,13.6,13.59,13.72,12.96,4765005.0,62761881.0,-3.309,-0.45
002803,吉宏股份,22.0,22.0,22.02,22.17,22.1,22.65,21.83,9212600.0,204182134.0,-0.767,-0.17
002805,丰元股份,21.36,21.36,21.37,21.9,21.68,22.33,21.2,12305219.0,267240554.0,-2.466,-0.54
002806,华锋股份,15.28,15.27,15.28,15.85,16.18,16.8,15.12,21613667.0,339806520.0,-3.596,-0.57
002807,江阴银行,4.41,4.41,4.42,4.43,4.44,4.45,4.4,16439760.0,72675356.0,-0.451,-0.02
002808,*ST恒久,2.83,0.0,0.0,2.83,0.0,0.0,0.0,0.0,0.0,0.0,0.0
002809,红墙股份,9.13,9.12,9.13,9.38,9.37,9.42,9.02,9252680.0,84740917.0,-2.665,-0.25
002810,山东赫达,24.2,24.2,24.24,24.81,24.86,24.86,23.95,9292244.0,225353863.0,-2.459,-0.61
002811,郑中设计,11.98,11.98,11.99,12.48,12.46,12.48,11.91,8858750.0,106849428.0,-4.006,-0.5
002812,恩捷股份,72.04,72.03,72.04,70.32,70.0,72.97,69.58,37217656.0,2672493779.0,2.446,1.72
002813,路畅科技,23.04,23.02,23.07,23.74,23.73,24.0,22.9,1730700.0,40337933.0,-2.949,-0.7
002815,崇达技术,16.77,16.76,16.77,17.08,17.0,17.28,16.43,56643155.0,950070237.0,-1.815,-0.31
002816,*ST和科,25.4,25.39,25.45,25.5,25.68,25.89,24.96,2826527.0,71735466.0,-0.392,-0.1
002817,黄山胶囊,7.02,7.02,7.04,7.24,7.25,7.25,6.9,6897604.0,48441622.0,-3.039,-0.22
002818,富森美,11.2,11.19,11.2,11.07,11.08,11.22,11.0,4552770.0,50543516.0,1.174,0.13
002819,东方中科,24.26,24.26,24.28,25.18,25.32,25.42,24.05,3237800.0,79457372.0,-3.654,-0.92
002820,桂发祥,10.3,10.3,10.32,10.51,10.51,10.52,10.0,6760400.0,69099711.0,-1.998,-0.21
002821,凯莱英,122.16,122.15,122.16,123.49,122.97,123.72,118.0,7015540.0,848067295.0,-1.077,-1.33
002822,ST中装,2.99,2.99,3.0,2.99,3.0,3.02,2.97,5480163.0,16392774.0,0.0,0.0
002823,凯中精密,17.43,17.42,17.43,18.2,18.2,18.2,17.31,20224409.0,355860983.0,-4.231,-0.77
002824,和胜股份,23.09,23.09,23.1,23.7,23.89,23.89,22.17,14513921.0,330175792.0,-2.574,-0.61
002825,纳尔股份,10.6,10.59,10.6,10.87,10.87,10.9,10.51,5371375.0,57144431.0,-2.484,-0.27
002826,易明医药,18.31,18.3,18.31,18.54,18.73,19.05,18.26,5915450.0,109821859.0,-1.241,-0.23
002827,高争民爆,29.75,29.75,29.77,30.68,30.68,30.98,29.71,3242750.0,97506352.0,-3.031,-0.93
002828,贝肯能源,9.53,9.53,9.56,9.79,9.79,9.86,9.44,9368313.0,89348542.0,-2.656,-0.26
002829,星网宇达,26.21,26.2,26.21,27.47,27.38,27.38,25.8,12070340.0,319439776.0,-4.587,-1.26
002830,名雕股份,21.27,21.27,21.29,22.1,22.05,22.08,20.92,2644685.0,56138235.0,-3.756,-0.83
002831,裕同科技,40.25,40.25,40.26,39.86,39.47,41.18,39.01,13803529.0,551748516.0,0.978,0.39
002832,比音勒芬,19.81,19.8,19.81,20.28,20.11,20.27,19.36,11601004.0,228140607.0,-2.318,-0.47
002833,弘亚数控,18.76,18.76,18.77,18.9,18.9,19.09,18.4,8167887.0,153263977.0,-0.741,-0.14
002835,同为股份,13.5,13.43,13.5,13.82,13.9,13.9,13.33,3059300.0,41381490.0,-2.315,-0.32
002836,新宏泽,11.56,11.55,11.56,11.84,11.84,11.84,11.3,3299836.0,37950495.0,-2.365,-0.28
002837,英维克,95.02,95.02,95.03,98.57,97.5,99.34,94.11,47545366.0,4588065885.0,-3.602,-3.55
002838,道恩股份,35.57,35.57,35.59,36.31,36.1,36.2,35.26,4085834.0,145741048.0,-2.038,-0.74
002839,张家港行,4.21,4.21,4.22,4.23,4.23,4.26,4.2,12909540.0,54492369.0,-0.473,-0.02
002840,华统股份,9.37,9.37,9.38,9.46,9.44,9.52,9.28,13805269.0,129303893.0,-0.951,-0.09
002841,视源股份,38.35,38.31,38.35,38.76,38.55,39.3,38.13,4136467.0,159646982.0,-1.058,-0.41
002842,翔鹭钨业,32.05,32.04,32.05,33.59,33.5,33.99,31.71,31254600.0,1018612442.0,-4.585,-1.54
002843,泰嘉股份,23.44,23.44,23.46,24.79,24.69,24.76,23.29,15167603.0,362516296.0,-5.446,-1.35
002845,同兴达,15.95,15.94,15.95,16.39,16.54,16.77,15.8,23818257.0,384929139.0,-2.685,-0.44
002846,英联股份,12.65,12.64,12.65,13.13,13.07,13.15,12.54,7288500.0,92939273.0,-3.656,-0.48
002847,盐津铺子,57.23,57.23,57.24,56.56,56.24,58.0,55.0,3453147.0,195116091.0,1.185,0.67
002848,*ST高斯,17.31,17.3,17.31,17.46,17.47,17.92,16.9,7651100.0,132553685.0,-0.859,-0.15
002849,威星智能,16.9,16.9,16.94,17.22,17.22,17.36,16.76,7997240.0,136415445.0,-1.858,-0.32
002850,科达利,190.19,190.19,190.2,196.49,194.81,198.59,188.84,4556140.0,879026350.0,-3.206,-6.3
002851,麦格米特,135.86,135.81,135.86,137.99,137.89,145.38,135.0,32647607.0,4570071865.0,-1.544,-2.13
002852,道道全,8.05,8.04,8.05,8.24,8.21,8.22,7.96,6485800.0,52191773.0,-2.306,-0.19
002853,皮阿诺,24.72,24.71,24.72,25.26,25.26,25.28,24.3,2445000.0,60356220.0,-2.138,-0.54
002855,捷荣技术,12.24,12.24,12.25,12.63,12.53,12.83,12.14,8760600.0,108898834.0,-3.088,-0.39
002856,*ST美芝,21.01,21.01,0.0,20.01,20.68,21.01,20.02,8803724.0,182201667.0,4.998,1.0
002857,三晖电气,19.98,19.98,20.03,20.07,20.03,20.47,19.45,3870500.0,76825051.0,-0.448,-0.09
002858,力盛体育,13.51,13.5,13.51,13.84,13.9,13.92,13.35,6165100.0,83473965.0,-2.384,-0.33
002859,洁美科技,63.59,63.58,63.6,63.17,63.41,65.3,62.3,17148462.0,1090658215.0,0.665,0.42
002860,星帅尔,13.7,13.7,13.71,14.14,14.08,14.39,13.6,11623804.0,161074089.0,-3.112,-0.44
002861,瀛通通讯,18.24,18.24,18.25,18.98,18.94,18.96,18.15,4584143.0,84614494.0,-3.899,-0.74
002862,实丰文化,16.74,16.74,16.77,16.99,16.99,17.19,16.66,3218997.0,54410878.0,-1.471,-0.25
002863,今飞凯达,5.03,5.02,5.03,5.21,5.21,5.22,4.97,13190438.0,66546466.0,-3.455,-0.18
002864,盘龙药业,28.45,28.44,28.45,28.56,28.55,28.72,28.0,1713800.0,48643332.0,-0.385,-0.11
002865,钧达股份,85.65,85.65,85.66,88.0,87.31,89.98,84.0,13137280.0,1147055382.0,-2.67,-2.35
002866,传艺科技,20.32,20.31,20.32,20.78,20.68,20.95,20.18,8462000.0,173819828.0,-2.214,-0.46
002867,周大生,12.33,12.32,12.33,12.43,12.39,12.42,12.27,5856827.0,72212703.0,-0.805,-0.1
002868,绿康生化,30.71,30.7,30.71,31.04,30.68,32.04,30.2,2827950.0,87501397.0,-1.063,-0.33
002869,金溢科技,18.13,18.12,18.13,18.44,18.29,18.54,17.98,2786044.0,50683463.0,-1.681,-0.31
002870,香山股份,42.95,42.94,42.95,41.22,41.11,44.14,40.8,7602970.0,327215124.0,4.197,1.73
002871,伟隆股份,18.95,18.95,18.96,20.2,20.2,20.39,18.8,6938600.0,133950671.0,-6.188,-1.25
002872,ST天圣,5.48,5.47,5.48,5.45,5.44,5.53,5.31,5482974.0,29660674.0,0.55,0.03
002873,新天药业,8.77,8.77,8.8,8.93,8.96,8.99,8.65,6230836.0,54735151.0,-1.792,-0.16
002875,安奈儿,21.87,21.85,21.87,22.59,22.57,22.79,21.55,5236709.0,115178078.0,-3.187,-0.72
002876,三利谱,29.04,29.04,29.08,29.87,29.61,30.15,28.47,6614378.0,192825871.0,-2.779,-0.83
002877,智能自控,8.2,8.19,8.2,8.52,8.52,8.56,8.15,9581157.0,79318034.0,-3.756,-0.32
002878,元隆雅图,14.27,14.26,14.27,14.73,14.59,14.77,14.23,11661266.0,167879027.0,-3.123,-0.46
002879,长缆科技,15.99,15.98,15.99,16.23,16.25,16.46,15.9,4904760.0,78894789.0,-1.479,-0.24
002880,卫光生物,25.1,25.1,25.11,25.53,25.59,25.59,25.02,1017600.0,25702151.0,-1.684,-0.43
002881,美格智能,49.79,49.79,0.0,45.26,44.81,49.79,44.55,33389261.0,1626776329.0,10.009,4.53
002882,金龙羽,22.99,22.99,23.0,23.56,23.75,23.9,22.8,4420051.0,102516407.0,-2.419,-0.57
002883,*ST中设,9.45,9.45,9.47,9.77,9.74,9.79,9.32,4075576.0,38647169.0,-3.275,-0.32
002884,凌霄泵业,16.27,16.26,16.27,16.59,16.54,16.62,16.21,2247281.0,36795309.0,-1.929,-0.32
002885,京泉华,48.11,48.1,48.11,47.58,47.58,51.32,46.49,30470621.0,1491473339.0,1.114,0.53
002886,沃特股份,29.6,29.6,29.61,31.59,34.75,34.75,29.4,61667478.0,1923175649.0,-6.299,-1.99
002887,绿茵生态,13.56,13.55,13.56,13.5,13.41,14.4,13.38,6270730.0,86330230.0,0.444,0.06
002888,惠威科技,19.34,19.33,19.34,19.9,19.91,20.6,19.18,7993534.0,157874168.0,-2.814,-0.56
002889,东方嘉盛,11.9,11.89,11.9,12.37,12.24,12.4,11.81,3183284.0,38179356.0,-3.8,-0.47
002890,弘宇股份,15.5,15.5,15.56,16.04,15.94,16.17,15.34,2725540.0,42608757.0,-3.367,-0.54
002891,中宠股份,30.04,30.03,30.04,30.2,29.98,30.29,29.1,9491205.0,282048211.0,-0.53,-0.16
002892,科力尔,12.08,12.07,12.08,12.35,12.0,12.1,11.61,30638513.0,364505094.0,-2.186,-0.27
002893,京能热力,11.78,11.78,11.79,11.93,11.72,12.08,11.68,23407832.0,277150823.0,-1.257,-0.15
002895,川恒股份,34.12,34.11,34.12,33.72,34.2,35.84,33.62,12956632.0,448664901.0,1.186,0.4
002896,中大力德,86.11,86.11,86.14,89.68,87.01,92.2,84.86,27571311.0,2426409553.0,-3.981,-3.57
002897,意华股份,79.99,79.99,80.0,81.3,81.58,83.0,78.38,26058732.0,2100859576.0,-1.611,-1.31
002898,*ST赛隆,8.3,0.0,0.0,8.3,0.0,0.0,0.0,0.0,0.0,0.0,0.0
002899,英派斯,27.59,27.59,27.6,28.26,28.42,28.52,27.3,4238987.0,117493465.0,-2.371,-0.67
002900,哈三联,10.14,10.14,10.16,10.35,10.38,10.38,10.0,4272400.0,43300302.0,-2.029,-0.21
002901,大博医疗,41.13,41.12,41.13,41.8,41.64,42.2,41.1,1606077.0,66638248.0,-1.603,-0.67
002902,铭普光磁,33.71,33.71,33.72,34.73,35.03,35.31,33.03,21829303.0,741256791.0,-2.937,-1.02
002903,宇环数控,42.05,42.05,42.09,43.09,43.16,43.59,41.28,7145991.0,301168217.0,-2.414,-1.04
002905,金逸影视,8.41,8.41,8.42,8.44,8.46,8.77,8.31,7956120.0,67529058.0,-0.355,-0.03
002906,华阳集团,31.48,31.47,31.48,32.02,31.99,32.55,31.34,10987600.0,350644185.0,-1.686,-0.54
002907,华森制药,12.24,12.23,12.25,12.34,12.4,12.4,12.0,2403000.0,29189398.0,-0.81,-0.1
002908,德生科技,7.52,7.52,7.53,7.76,7.72,7.79,7.47,5643462.0,42746760.0,-3.093,-0.24
002909,集泰股份,6.03,6.03,6.04,6.3,6.28,6.34,5.95,15388000.0,93251020.0,-4.286,-0.27
002910,庄园牧场,10.04,10.04,10.08,10.2,10.22,10.25,9.66,6439000.0,63929671.0,-1.569,-0.16
002911,佛燃能源,11.45,11.45,11.46,11.7,11.67,11.73,11.38,5269698.0,60501752.0,-2.137,-0.25
002912,中新赛克,22.29,22.29,22.3,22.85,22.75,23.23,22.14,3072506.0,69212608.0,-2.451,-0.56
002913,奥士康,54.6,54.58,54.6,57.51,57.0,57.57,53.84,6950865.0,386180312.0,-5.06,-2.91
002915,中欣氟材,20.0,20.0,20.02,21.06,20.6,21.2,19.88,14176977.0,289754571.0,-5.033,-1.06
002916,深南电路,396.05,396.05,396.21,419.5,410.15,418.0,390.01,19071624.0,7711739456.0,-5.59,-23.45
002917,金奥博,14.29,14.29,14.3,14.75,14.66,14.78,14.13,11416844.0,164751802.0,-3.119,-0.46
002918,蒙娜丽莎,13.6,13.6,13.63,14.02,14.0,14.02,13.28,25530975.0,346140328.0,-2.996,-0.42
002919,名臣健康,23.66,23.65,23.66,24.11,24.0,24.18,23.29,5479756.0,129169753.0,-1.866,-0.45
002920,德赛西威,112.04,112.04,112.05,109.69,110.0,114.96,108.92,22250328.0,2504416923.0,2.142,2.35
002921,联诚精密,27.55,27.55,27.67,28.6,28.6,29.17,26.88,7266958.0,201002932.0,-3.671,-1.05
002922,伊戈尔,45.6,45.59,45.6,44.19,44.0,47.2,44.0,50899378.0,2346323978.0,3.191,1.41
002923,润都股份,10.75,10.75,10.76,11.05,11.08,11.08,10.69,6122100.0,66086770.0,-2.715,-0.3
002925,盈趣科技,20.29,20.28,20.29,20.7,20.69,20.92,20.21,10422866.0,214350813.0,-1.981,-0.41
002926,华西证券,8.25,8.24,8.25,8.23,8.2,8.35,8.16,16777625.0,138205609.0,0.243,0.02
002927,泰永长征,23.6,23.6,0.0,21.45,21.41,23.6,21.25,22071475.0,510429656.0,10.023,2.15
002928,华夏航空,7.79,7.78,7.79,7.87,7.83,7.98,7.75,34771753.0,273287307.0,-1.017,-0.08
002929,润建股份,77.81,77.8,77.81,85.09,84.54,84.96,77.2,37946107.0,3041740947.0,-8.556,-7.28
002930,宏川智慧,12.4,12.4,12.41,13.22,13.2,13.33,11.97,15101660.0,191108610.0,-6.203,-0.82
002931,锋龙股份,59.94,0.0,59.94,66.6,64.5,67.6,59.94,22833513.0,1448176328.0,-10.0,-6.66
002932,*ST明德,15.92,15.91,15.92,16.17,16.13,16.22,15.88,2821535.0,45142242.0,-1.546,-0.25
002933,新兴装备,28.38,28.37,28.38,29.18,29.27,29.55,28.3,1673412.0,47994541.0,-2.742,-0.8
002935,天奥电子,20.77,20.76,20.77,21.23,21.27,21.32,20.21,10313966.0,213569464.0,-2.167,-0.46
002936,郑州银行,1.79,1.79,1.8,1.77,1.77,1.83,1.76,114303532.0,204256515.0,1.13,0.02
002937,兴瑞科技,32.93,32.93,32.96,34.3,34.29,34.75,32.66,10846099.0,362331771.0,-3.994,-1.37
002938,鹏鼎控股,105.91,105.91,105.97,116.0,110.2,113.2,105.18,72541910.0,7878923584.0,-8.698,-10.09
002939,长城证券,8.57,8.56,8.57,8.82,8.75,8.91,8.54,36917505.0,320360670.0,-2.834,-0.25
002940,昂利康,36.88,36.87,36.88,35.96,35.95,38.99,35.24,21006565.0,786695111.0,2.558,0.92
002941,新疆交建,12.33,12.32,12.33,12.75,12.72,12.81,12.24,11885646.0,147806645.0,-3.294,-0.42
002942,新农股份,17.46,17.44,17.46,18.02,18.01,18.01,17.23,2278015.0,39975044.0,-3.108,-0.56
002943,宇晶股份,81.0,80.98,81.0,78.11,78.0,81.95,74.28,12767885.0,996783701.0,3.7,2.89
002945,华林证券,15.19,15.19,15.2,15.07,15.08,15.6,14.93,17108203.0,261214390.0,0.796,0.12
002946,新乳业,18.0,18.0,18.01,17.56,17.54,18.21,17.18,6892300.0,122123748.0,2.506,0.44
002947,恒铭达,95.68,95.68,95.69,101.81,101.0,102.48,93.6,14640081.0,1429394375.0,-6.021,-6.13
002948,青岛银行,5.55,5.54,5.55,5.62,5.64,5.64,5.46,34034824.0,188503217.0,-1.246,-0.07
002949,华阳国际,12.42,12.4,12.42,12.9,12.98,12.99,12.2,4391600.0,54805067.0,-3.721,-0.48
002950,奥美医疗,10.21,10.2,10.22,10.53,10.52,10.57,10.18,9631727.0,99101122.0,-3.039,-0.32
002951,金时科技,15.9,15.9,15.91,16.65,16.49,17.1,15.82,10940200.0,176796884.0,-4.505,-0.75
002952,亚世光电,29.0,0.0,29.0,32.22,30.07,31.8,29.0,17574351.0,539444181.0,-9.994,-3.22
002953,日丰股份,10.67,10.67,10.68,10.92,10.89,11.0,10.61,5628730.0,60384115.0,-2.289,-0.25
002955,鸿合科技,23.88,23.88,23.9,24.62,24.64,24.98,23.6,3106620.0,74754578.0,-3.006,-0.74
002956,西麦食品,22.3,22.3,22.31,21.53,21.49,22.58,21.12,6513699.0,143003557.0,3.576,0.77
002957,科瑞技术,56.33,56.32,56.33,52.82,52.58,58.09,52.0,59541173.0,3343411341.0,6.645,3.51
002958,青农商行,2.86,2.85,2.86,2.87,2.86,2.87,2.85,22364606.0,63868047.0,-0.348,-0.01
002959,小熊电器,39.41,39.41,39.43,39.69,39.65,39.65,38.98,915000.0,35951390.0,-0.705,-0.28
002960,青鸟智控,8.58,8.57,8.58,8.99,8.98,9.09,8.53,18034589.0,157324203.0,-4.561,-0.41
002961,瑞达期货,22.17,22.17,22.18,22.94,22.83,23.12,22.0,5546778.0,124206400.0,-3.357,-0.77
002962,五方光电,19.88,19.87,19.88,19.72,19.71,20.87,19.32,41392198.0,831001277.0,0.811,0.16
002963,豪尔赛,17.53,17.53,17.56,17.73,17.75,18.38,17.45,4000205.0,71109459.0,-1.128,-0.2
002965,祥鑫科技,34.08,34.07,34.08,35.37,35.37,35.65,33.88,8681753.0,300098932.0,-3.647,-1.29
002966,苏州银行,8.13,8.13,8.14,8.25,8.26,8.31,8.1,28199012.0,230617312.0,-1.455,-0.12
002967,广电计量,21.73,21.72,21.73,22.17,22.06,22.33,21.68,10435280.0,229342057.0,-1.985,-0.44
002968,新大正,10.04,10.03,10.04,10.32,10.32,10.36,9.84,5071870.0,50772600.0,-2.713,-0.28
002969,嘉美包装,19.56,19.56,19.57,20.38,20.2,21.1,19.51,77530320.0,1566348000.0,-4.024,-0.82
002970,锐明技术,66.6,66.58,66.65,67.25,68.7,69.44,66.19,6442400.0,437236342.0,-0.967,-0.65
002971,和远气体,35.09,35.09,0.0,31.9,31.89,35.09,31.66,12687960.0,427914206.0,10.0,3.19
002972,科安达,11.78,11.78,11.83,12.1,12.15,12.18,11.68,4311300.0,51006005.0,-2.645,-0.32
002973,侨银股份,12.91,12.91,12.92,13.55,13.44,13.52,12.85,5497500.0,71897819.0,-4.723,-0.64
002975,博杰股份,122.07,122.07,122.08,126.95,126.06,127.2,121.3,14743941.0,1826973954.0,-3.844,-4.88
002976,瑞玛精密,35.1,35.08,35.1,35.6,36.5,36.65,34.66,6049140.0,214605904.0,-1.404,-0.5
002977,*ST天箭,26.82,26.82,26.87,27.13,27.27,27.4,26.49,1628692.0,43578807.0,-1.143,-0.31
002978,安宁股份,27.51,27.51,27.53,28.41,28.28,28.47,27.43,3908300.0,108535439.0,-3.168,-0.9
002979,雷赛智能,56.35,56.34,56.35,59.24,58.55,60.28,55.96,27862527.0,1597699370.0,-4.878,-2.89
002980,华盛昌,117.72,117.7,117.72,115.5,111.01,123.0,107.67,18137430.0,2113483060.0,1.922,2.22
002981,朝阳科技,25.83,25.83,25.85,25.84,25.58,26.02,25.3,4419520.0,113433266.0,-0.039,-0.01
002982,湘佳股份,12.86,12.85,12.86,13.02,13.01,13.25,12.71,3707132.0,47811606.0,-1.229,-0.16
002983,芯瑞达,27.48,27.47,27.48,26.78,26.6,27.5,26.1,11365631.0,307203730.0,2.614,0.7
002984,森麒麟,15.83,15.82,15.83,15.89,15.78,15.96,15.57,13116311.0,206453342.0,-0.378,-0.06
002985,北摩高科,31.43,31.42,31.43,32.18,32.17,32.4,31.2,4150580.0,131353541.0,-2.331,-0.75
002986,宇新股份,12.29,12.29,12.3,12.35,12.35,12.53,12.17,5918801.0,72850393.0,-0.486,-0.06
002987,京北方,11.97,11.96,11.97,12.53,12.46,12.55,11.92,12424291.0,150520752.0,-4.469,-0.56
002988,豪美新材,31.05,31.0,31.05,32.39,32.4,33.1,30.66,5137900.0,162074143.0,-4.137,-1.34
002989,中天精装,30.68,30.65,30.68,31.15,31.43,33.5,29.91,9600875.0,302982240.0,-1.509,-0.47
002990,盛视科技,52.31,52.31,52.33,57.4,59.52,60.08,51.66,22080000.0,1190837654.0,-8.868,-5.09
002991,甘源食品,46.2,46.19,46.2,46.55,46.98,46.98,45.0,861900.0,39629997.0,-0.752,-0.35
002992,宝明科技,45.28,45.27,45.28,44.5,45.3,46.99,44.5,2313850.0,105836954.0,1.753,0.78
002993,奥海科技,67.0,67.0,67.01,66.89,66.92,69.9,66.68,10053607.0,684836040.0,0.164,0.11
002995,天地在线,18.86,18.86,18.87,19.03,19.03,19.32,18.71,5732183.0,108580515.0,-0.893,-0.17
002996,顺博合金,6.9,6.9,6.91,7.23,7.18,7.25,6.86,14629950.0,102395406.0,-4.564,-0.33
002997,瑞鹄模具,31.44,31.43,31.44,31.37,31.23,32.2,30.89,6223000.0,195981267.0,0.223,0.07
002998,优彩资源,8.37,8.37,8.38,8.71,8.75,8.76,8.31,8502060.0,71889051.0,-3.904,-0.34
002999,天禾股份,6.36,6.35,6.36,6.48,6.47,6.5,6.23,7640238.0,48295164.0,-1.852,-0.12
003000,劲仔食品,10.66,10.66,10.67,10.75,10.7,10.8,10.44,3889397.0,41329967.0,-0.837,-0.09
003001,中岩大地,19.38,19.38,19.39,20.42,20.38,20.85,19.23,9809660.0,193732233.0,-5.093,-1.04
003002,壶化股份,23.15,23.14,23.15,24.2,24.16,24.46,22.9,3012575.0,70852799.0,-4.339,-1.05
003003,天元股份,12.19,12.19,12.22,12.57,12.56,12.68,11.89,5203000.0,63013502.0,-3.023,-0.38
003004,声迅股份,54.91,54.91,54.93,54.74,53.56,60.18,52.1,6915568.0,385127558.0,0.311,0.17
003005,竞业达,16.01,16.01,16.02,16.27,16.23,16.26,15.94,2274840.0,36550808.0,-1.598,-0.26
003006,百亚股份,16.07,16.06,16.07,15.09,15.36,16.16,15.36,12818449.0,203268159.0,6.494,0.98
003007,直真科技,43.68,43.68,43.69,45.99,45.58,46.15,43.14,5853830.0,259832427.0,-5.023,-2.31
003008,开普检测,20.18,20.18,20.2,20.82,20.82,20.89,19.99,2327430.0,47148544.0,-3.074,-0.64
003009,中天火箭,52.35,52.35,52.36,53.8,53.98,54.8,51.73,3333386.0,176383447.0,-2.695,-1.45
003010,若羽臣,25.87,25.87,25.88,26.06,26.07,26.2,25.26,5338587.0,137545317.0,-0.729,-0.19
003011,海象新材,22.19,22.18,22.19,22.85,22.89,23.12,21.96,3344320.0,74741247.0,-2.888,-0.66
003012,东鹏控股,5.28,5.28,5.29,5.32,5.32,5.37,5.21,9137650.0,48122010.0,-0.752,-0.04
003013,地铁设计,14.46,14.46,14.47,14.88,14.88,15.08,14.06,4613644.0,66820298.0,-2.823,-0.42
003015,日久光电,13.02,13.02,13.03,13.38,13.32,13.48,12.89,5872300.0,76996026.0,-2.691,-0.36
003016,欣贺股份,7.35,7.35,7.36,7.52,7.5,7.55,7.22,4472821.0,32744444.0,-2.261,-0.17
003017,大洋生物,28.35,28.34,28.35,29.02,29.06,29.18,28.18,2345467.0,66930297.0,-2.309,-0.67
003018,金富科技,58.71,58.71,58.72,63.75,63.6,64.0,58.29,13315668.0,803043477.0,-7.906,-5.04
003019,宸展光电,44.17,44.17,44.18,44.26,44.11,47.49,43.62,16787595.0,764234823.0,-0.203,-0.09
003020,立方制药,19.81,19.8,19.81,20.25,20.2,20.2,19.58,2180620.0,43053086.0,-2.173,-0.44
003021,兆威机电,106.09,106.09,106.1,114.4,111.6,112.21,106.06,8486489.0,922255577.0,-7.264,-8.31
003022,联泓新科,24.0,24.0,24.01,24.42,24.33,24.92,23.73,24020863.0,584803793.0,-1.72,-0.42
003023,彩虹集团,24.5,24.5,24.57,26.99,27.02,27.13,24.37,6897681.0,173098833.0,-9.226,-2.49
003025,思进智能,15.7,15.67,15.7,15.5,15.48,16.48,15.41,16271206.0,260241790.0,1.29,0.2
003026,中晶科技,43.9,43.89,43.9,44.11,43.9,45.36,43.7,7945543.0,353554735.0,-0.476,-0.21
003027,同兴科技,22.05,22.05,22.11,22.61,22.54,22.93,21.97,3979250.0,88866513.0,-2.477,-0.56
003028,振邦智能,29.39,29.39,29.4,31.39,31.28,31.9,28.91,7562174.0,227706811.0,-6.371,-2.0
003029,吉大正元,19.34,19.33,19.34,20.15,20.01,20.1,19.31,3605800.0,70505358.0,-4.02,-0.81
003030,祖名股份,25.33,25.32,25.33,25.74,25.9,25.9,25.2,2538700.0,64899527.0,-1.593,-0.41
003031,中瓷电子,147.2,147.2,147.21,149.66,149.6,153.33,145.61,13282647.0,1981198681.0,-1.644,-2.46
003032,*ST传智,7.19,7.19,7.2,7.52,7.5,7.51,7.14,8738637.0,63407058.0,-4.388,-0.33
003033,征和工业,58.3,58.28,58.3,56.74,56.5,59.47,55.91,2951605.0,171339469.0,2.749,1.56
003035,南网能源,6.94,6.94,6.95,6.9,6.81,7.1,6.8,51667067.0,360485456.0,0.58,0.04
003036,泰坦股份,64.87,64.86,64.87,61.58,60.12,66.58,60.12,16922255.0,1075277998.0,5.343,3.29
003037,三和管桩,7.07,7.07,7.08,7.3,7.19,7.23,7.05,10496300.0,74825635.0,-3.151,-0.23
003038,鑫铂股份,12.68,12.67,12.68,13.07,13.01,13.18,12.6,3891220.0,49693478.0,-2.984,-0.39
003039,顺控发展,12.97,12.96,12.97,13.2,13.08,13.25,12.9,3599000.0,46826907.0,-1.742,-0.23
003040,楚天龙,13.37,13.36,13.37,13.9,13.85,13.87,13.25,6873256.0,92429629.0,-3.813,-0.53
003041,真爱美家,54.27,54.27,54.28,56.67,56.74,57.0,53.94,2146940.0,117974212.0,-4.235,-2.4
003042,中农联合,14.82,14.82,14.83,15.21,15.25,15.26,14.58,4213400.0,62436162.0,-2.564,-0.39
003043,华亚智能,59.12,59.1,59.15,61.87,61.8,61.8,58.66,4886580.0,292802044.0,-4.445,-2.75
003816,中国广核,4.5,4.5,4.51,4.61,4.61,4.61,4.47,105603153.0,477189596.0,-2.386,-0.11
300001,特锐德,38.33,38.33,38.34,37.7,37.5,40.13,37.5,29495561.0,1151708235.0,1.671,0.63
300002,神州泰岳,8.15,8.15,8.16,8.39,8.39,8.51,8.11,43966980.0,364410255.0,-2.861,-0.24
300003,乐普医疗,12.57,12.57,12.58,12.69,12.76,12.86,12.53,21300598.0,269219314.0,-0.946,-0.12
300004,南风股份,15.53,15.52,15.53,16.36,16.43,17.3,15.31,35258203.0,572442029.0,-5.073,-0.83
300005,探路者,15.19,15.18,15.19,14.72,14.77,15.35,14.4,40562499.0,605169145.0,3.193,0.47
300006,莱美药业,5.78,5.78,5.79,5.56,5.61,5.89,5.51,34758805.0,199375015.0,3.957,0.22
300007,汉威科技,47.52,47.52,47.53,50.98,50.0,50.11,47.0,26242713.0,1273408622.0,-6.787,-3.46
300008,天海防务,6.57,6.56,6.57,6.75,6.74,6.83,6.52,52943152.0,353283470.0,-2.667,-0.18
300009,安科生物,8.27,8.26,8.27,8.23,8.19,8.35,8.1,11534918.0,94818232.0,0.486,0.04
300010,ST豆神,2.77,2.77,2.78,2.78,2.77,2.86,2.73,37981479.0,105789664.0,-0.36,-0.01
300011,鼎汉技术,6.64,6.63,6.64,6.81,6.76,6.8,6.56,7262200.0,48260367.0,-2.496,-0.17
300012,华测检测,14.66,14.66,14.67,14.83,14.84,15.18,14.6,29708072.0,441112602.0,-1.146,-0.17
300013,新宁物流,4.51,4.51,4.52,4.67,4.64,4.67,4.47,26164374.0,118734460.0,-3.426,-0.16
300014,亿纬锂能,64.73,64.72,64.73,63.36,63.8,66.45,63.8,86766475.0,5679047363.0,2.162,1.37
300015,爱尔眼科,9.19,9.19,9.2,9.07,9.02,9.29,8.95,97544978.0,890764303.0,1.323,0.12
300016,北陆药业,8.31,8.3,8.31,8.34,8.34,8.46,8.26,9976350.0,83276681.0,-0.36,-0.03
300017,网宿科技,15.78,15.78,15.79,16.54,16.45,16.54,15.67,136696204.0,2195071317.0,-4.595,-0.76
300018,中元股份,14.01,14.0,14.01,14.34,14.59,14.69,13.73,18978413.0,267306820.0,-2.301,-0.33
300019,硅宝科技,18.72,18.71,18.72,19.26,19.26,19.28,18.67,12053364.0,227409150.0,-2.804,-0.54
300020,ST银江,3.19,3.19,3.2,3.27,3.24,3.28,3.18,7861700.0,25326135.0,-2.446,-0.08
300021,大禹节水,3.93,3.93,3.94,4.04,4.02,4.04,3.89,15742605.0,61965919.0,-2.723,-0.11
300022,吉峰科技,8.8,8.8,8.81,8.9,8.83,8.91,8.65,12305810.0,107783976.0,-1.124,-0.1
300024,机器人,16.47,16.47,16.48,17.04,16.6,16.85,16.29,61583319.0,1014119391.0,-3.345,-0.57
300025,华星创业,5.2,5.2,5.21,5.38,5.37,5.42,5.17,13534800.0,71121483.0,-3.346,-0.18
300026,红日药业,3.21,3.2,3.21,3.22,3.21,3.22,3.17,21626466.0,69127600.0,-0.311,-0.01
300027,ST华谊,1.77,1.77,1.78,1.82,1.82,1.83,1.76,51641136.0,92587374.0,-2.747,-0.05
300029,*ST天龙,2.77,0.0,0.0,2.77,0.0,0.0,0.0,0.0,0.0,0.0,0.0
300030,阳普医疗,7.03,7.03,7.04,7.25,7.3,7.3,6.91,9492700.0,67036417.0,-3.034,-0.22
300031,宝通科技,24.61,24.61,24.62,25.57,25.47,25.54,24.31,25200230.0,625487278.0,-3.754,-0.96
300032,金龙机电,4.5,4.49,4.5,4.65,4.65,4.69,4.45,23591505.0,107197527.0,-3.226,-0.15
300033,同花顺,238.99,238.98,238.99,241.91,239.75,246.85,238.05,20360815.0,4935967247.0,-1.207,-2.92
300034,钢研高纳,18.81,18.81,18.82,19.39,19.49,19.69,18.71,16965847.0,324281152.0,-2.991,-0.58
300035,中科电气,17.28,17.27,17.28,17.77,17.77,18.06,17.08,23454219.0,411502264.0,-2.757,-0.49
300036,超图软件,13.64,13.64,13.65,14.11,14.1,14.19,13.56,10867639.0,149883687.0,-3.331,-0.47
300037,新宙邦,74.72,74.72,74.73,69.58,70.02,75.88,70.02,52397649.0,3838478683.0,7.387,5.14
300039,上海凯宝,5.34,5.34,5.35,5.41,5.43,5.44,5.3,7566410.0,40500749.0,-1.294,-0.07
300040,九洲集团,7.09,7.08,7.09,7.1,7.03,7.23,6.92,35602900.0,252919911.0,-0.141,-0.01
300041,回天新材,15.16,15.15,15.16,14.86,14.82,15.67,14.82,95354676.0,1459481619.0,2.019,0.3
300042,朗科科技,61.41,61.41,61.42,64.53,66.67,67.2,60.9,32512587.0,2095152095.0,-4.835,-3.12
300043,星辉娱乐,4.73,4.72,4.73,4.75,4.78,4.9,4.7,32849500.0,157482122.0,-0.421,-0.02
300044,*ST赛为,5.95,5.95,5.96,6.17,6.13,6.17,5.9,19395140.0,116989918.0,-3.566,-0.22
300045,华力创通,20.15,20.14,20.15,21.26,21.35,21.44,20.07,24017024.0,496003563.0,-5.221,-1.11
300046,台基股份,34.83,34.83,34.84,33.16,33.02,37.6,32.97,22176696.0,783641190.0,5.036,1.67
300047,天源迪科,11.9,11.9,11.91,12.36,12.25,12.55,11.86,20181054.0,243865824.0,-3.722,-0.46
300048,合康新能,5.86,5.85,5.86,5.87,5.89,6.03,5.82,16278200.0,96442820.0,-0.17,-0.01
300049,福瑞医科,46.38,46.35,46.38,49.75,49.5,49.75,46.1,10865465.0,512141893.0,-6.774,-3.37
300050,世纪鼎利,6.74,6.74,6.75,7.0,6.97,6.97,6.6,34400700.0,230660324.0,-3.714,-0.26
300051,琏升科技,11.7,11.69,11.7,11.95,12.28,12.3,11.55,19920004.0,235405991.0,-2.092,-0.25
300052,中青宝,12.54,12.54,12.55,13.42,13.5,13.7,12.46,31196695.0,399601821.0,-6.557,-0.88
300053,航宇微,16.79,16.79,16.8,17.16,17.22,17.6,16.67,24726547.0,424752243.0,-2.156,-0.37
300054,鼎龙股份,73.4,73.4,73.41,79.55,79.02,79.24,73.38,48529597.0,3708450107.0,-7.731,-6.15
300055,万邦达,8.45,8.45,8.46,9.42,9.47,9.47,8.2,47542008.0,414560424.0,-10.297,-0.97
300056,中创环保,10.25,10.25,10.27,10.74,10.68,10.82,10.21,18087796.0,188318822.0,-4.562,-0.49
300057,万顺新材,8.38,8.38,8.39,8.71,8.6,8.74,8.3,60164638.0,510197284.0,-3.789,-0.33
300058,蓝色光标,15.77,15.77,15.78,16.25,16.35,16.65,15.74,293626117.0,4747960043.0,-2.954,-0.48
300059,东方财富,19.61,19.6,19.61,20.05,19.8,20.19,19.58,326043329.0,6461372005.0,-2.195,-0.44
300061,旗天科技,11.28,11.27,11.28,11.55,11.25,11.95,11.14,52671975.0,606972135.0,-2.338,-0.27
300062,中能电气,7.11,7.11,7.12,7.2,7.16,7.33,7.0,17554808.0,125578129.0,-1.25,-0.09
300063,天龙集团,10.23,10.22,10.23,10.54,10.6,10.8,10.17,41520000.0,434222869.0,-2.941,-0.31
300065,海兰信,22.31,22.3,22.31,23.37,23.32,23.57,22.29,37870571.0,862255057.0,-4.536,-1.06
300066,三川智慧,5.46,5.46,5.47,5.71,5.72,5.74,5.43,19307842.0,106953252.0,-4.378,-0.25
300067,安诺其,6.04,6.04,6.05,6.27,6.23,6.26,6.0,54311296.0,331562604.0,-3.668,-0.23
300068,ST南都,4.38,4.37,4.38,4.61,4.51,4.55,4.35,55590889.0,246744031.0,-4.989,-0.23
300069,金利华电,53.99,53.99,54.0,51.26,50.5,55.5,49.56,27571365.0,1456315018.0,5.326,2.73
300070,碧水源,3.52,3.52,3.53,3.6,3.59,3.62,3.49,30870591.0,109148311.0,-2.222,-0.08
300071,福石控股,4.2,4.2,4.21,4.31,4.31,4.39,4.18,29136300.0,124285788.0,-2.552,-0.11
300072,海新能科,3.89,3.89,3.9,3.97,3.96,4.03,3.86,28265330.0,111146921.0,-2.015,-0.08
300073,当升科技,57.57,57.56,57.57,57.83,57.6,59.34,57.35,17095499.0,997353747.0,-0.45,-0.26
300074,华平股份,4.29,4.29,4.3,4.41,4.41,4.43,4.25,15356700.0,66155041.0,-2.721,-0.12
300075,数字政通,13.0,13.0,13.01,13.47,13.43,13.46,12.89,11073698.0,145295488.0,-3.489,-0.47
300076,*ST宁视,4.85,4.85,4.86,4.84,4.87,4.94,4.78,8021600.0,38992429.0,0.207,0.01
300077,国民技术,24.97,24.97,24.98,26.0,25.89,26.24,24.61,58036924.0,1472413596.0,-3.962,-1.03
300078,思创智联,3.39,3.38,3.39,3.5,3.48,3.53,3.34,27722263.0,94641651.0,-3.143,-0.11
300079,数码视讯,5.3,5.29,5.3,5.46,5.44,5.55,5.27,34243626.0,184462235.0,-2.93,-0.16
300080,易成新能,4.04,4.03,4.04,4.07,4.04,4.19,3.98,22975834.0,93298649.0,-0.737,-0.03
300081,ST恒信,3.86,3.86,3.87,3.97,4.0,4.03,3.86,9798900.0,38373921.0,-2.771,-0.11
300082,奥克股份,10.03,10.03,10.05,10.5,10.67,10.85,9.97,17128389.0,176799156.0,-4.476,-0.47
300083,创世纪,10.57,10.56,10.57,10.88,10.65,11.14,10.46,131428059.0,1413073450.0,-2.849,-0.31
300084,海默科技,12.7,12.69,12.7,12.96,13.04,13.08,12.61,18249820.0,232742216.0,-2.006,-0.26
300085,银之杰,37.71,37.71,37.72,39.59,39.09,39.74,37.5,29976997.0,1148107590.0,-4.749,-1.88
300086,康芝药业,6.58,6.57,6.58,6.7,6.71,6.74,6.5,11740800.0,77294451.0,-1.791,-0.12
300087,荃银高科,7.33,7.32,7.33,7.38,7.42,7.54,7.21,14986705.0,109884015.0,-0.678,-0.05
300088,长信科技,7.89,7.89,7.9,7.34,7.38,8.0,7.35,407172129.0,3177917522.0,7.493,0.55
300091,*ST金灵,2.92,2.91,2.92,2.86,2.88,2.96,2.87,12014500.0,35030236.0,2.098,0.06
300092,科新机电,14.21,14.2,14.21,14.6,14.65,14.83,14.06,5145700.0,73781867.0,-2.671,-0.39
300093,*ST金刚,22.3,22.29,22.3,20.6,20.9,22.5,20.6,6862133.0,148716400.0,8.252,1.7
300094,国联水产,2.89,2.88,2.89,2.93,2.94,2.95,2.86,25344180.0,73198156.0,-1.365,-0.04
300095,华伍股份,9.26,9.26,9.27,9.54,9.52,9.58,9.17,12742000.0,118519016.0,-2.935,-0.28
300096,ST易联众,8.99,8.99,9.01,9.12,9.24,9.24,8.94,2797182.0,25178577.0,-1.425,-0.13
300097,智云股份,9.92,9.91,9.92,9.76,9.95,10.01,9.62,10970700.0,108046585.0,1.639,0.16
300098,高新兴,5.63,5.63,5.64,5.7,5.68,5.86,5.6,65578649.0,373870537.0,-1.228,-0.07
300099,尤洛卡,8.0,7.99,8.0,8.23,8.19,8.19,7.93,18248887.0,147011250.0,-2.795,-0.23
300100,双林股份,35.44,35.44,35.45,35.2,34.12,36.37,33.88,30152867.0,1064348580.0,0.682,0.24
300101,振芯科技,18.0,18.0,18.01,18.24,18.24,18.83,17.96,14713117.0,268345943.0,-1.316,-0.24
300102,乾照光电,25.44,25.44,25.45,26.17,26.25,26.38,25.18,31924720.0,821699622.0,-2.789,-0.73
300103,达刚控股,8.34,8.33,8.34,8.49,8.65,8.65,8.23,10415750.0,87115393.0,-1.767,-0.15
300105,龙源技术,6.23,6.23,6.24,6.4,6.39,6.44,6.16,8640780.0,54007309.0,-2.656,-0.17
300106,西部牧业,13.87,13.85,13.87,14.11,14.22,14.3,13.7,12004787.0,167257207.0,-1.701,-0.24
300107,建新股份,6.76,6.76,6.78,7.13,7.1,7.1,6.75,13864505.0,95385876.0,-5.189,-0.37
300109,新开源,17.24,17.24,17.26,17.44,17.58,17.78,17.11,6645350.0,115445215.0,-1.147,-0.2
300110,华仁药业,2.77,2.76,2.77,2.82,2.83,2.83,2.73,19976000.0,55324809.0,-1.773,-0.05
300111,向日葵,3.39,3.38,3.39,3.48,3.48,3.54,3.36,22139830.0,75654333.0,-2.586,-0.09
300112,万讯自控,7.33,7.33,7.36,7.7,7.66,7.69,7.28,10593800.0,78390518.0,-4.805,-0.37
300113,顺网科技,22.49,22.49,22.5,23.87,23.52,23.8,22.4,38732269.0,887370792.0,-5.781,-1.38
300115,长盈精密,36.11,36.11,36.12,37.86,36.8,38.18,36.02,81381286.0,2999495487.0,-4.622,-1.75
300118,东方日升,15.37,15.37,15.38,15.96,16.01,16.69,15.21,51680702.0,820511817.0,-3.697,-0.59
300119,瑞普生物,15.84,15.82,15.84,16.1,16.09,16.14,15.68,3251200.0,51537414.0,-1.615,-0.26
300120,经纬辉开,7.14,7.14,7.15,7.11,7.31,7.56,7.08,25206037.0,183483465.0,0.422,0.03
300121,阳谷华泰,11.6,11.6,11.61,12.08,12.0,12.12,11.5,14200500.0,166544846.0,-3.974,-0.48
300122,智飞生物,13.78,13.78,13.79,13.38,13.39,13.87,13.11,30543563.0,410864571.0,2.99,0.4
300123,ST亚光,4.16,4.16,4.17,4.33,4.26,4.33,4.06,46080400.0,193222289.0,-3.926,-0.17
300124,汇川技术,78.1,78.09,78.1,80.88,79.85,80.43,77.79,50829218.0,4018721157.0,-3.437,-2.78
300125,*ST聆达,10.92,10.91,10.92,11.14,11.1,11.25,10.9,6648200.0,73440276.0,-1.975,-0.22
300126,锐奇股份,7.2,7.19,7.2,7.62,7.54,7.61,7.1,8615700.0,62537190.0,-5.512,-0.42
300127,银河磁体,30.0,29.98,30.0,31.27,31.13,31.43,29.8,5393886.0,163737650.0,-4.061,-1.27
300128,锦富技术,7.69,7.69,7.7,7.94,7.93,8.15,7.59,64739732.0,503713715.0,-3.149,-0.25
300129,泰胜风能,10.28,10.27,10.28,10.67,10.66,10.97,10.21,22393075.0,235460142.0,-3.655,-0.39
300130,新国都,24.36,24.36,24.37,24.55,24.43,24.99,24.0,17707053.0,433480026.0,-0.774,-0.19
300131,英唐智控,17.94,17.93,17.94,18.75,18.72,18.81,17.76,99649961.0,1814799351.0,-4.32,-0.81
300132,青松股份,8.04,8.04,8.05,8.46,8.38,8.45,8.01,15132773.0,123229121.0,-4.965,-0.42
300133,华策影视,8.7,8.7,8.71,8.87,9.12,9.34,8.63,139781382.0,1256097269.0,-1.917,-0.17
300134,大富科技,10.52,10.51,10.52,10.88,10.88,11.05,10.38,14022940.0,149332161.0,-3.309,-0.36
300135,宝利国际,3.49,3.49,3.5,3.6,3.57,3.61,3.46,18708011.0,65786492.0,-3.056,-0.11
300136,信维通信,111.98,111.98,111.99,110.33,113.7,114.99,107.01,91188818.0,10191817250.0,1.496,1.65
300137,先河环保,19.2,19.19,19.2,19.28,19.09,19.5,18.78,24356040.0,465799539.0,-0.415,-0.08
300138,晨光生物,10.27,10.27,10.28,10.33,10.28,10.35,10.14,4606100.0,47202969.0,-0.581,-0.06
300139,晓程科技,46.69,46.69,46.7,50.57,49.0,49.0,46.5,29374104.0,1396940944.0,-7.673,-3.88
300140,节能环境,6.0,6.0,6.01,6.11,6.11,6.17,5.94,17730100.0,106814745.0,-1.8,-0.11
300141,和顺电气,11.74,11.74,11.75,11.82,11.86,12.06,11.61,5173100.0,60879482.0,-0.677,-0.08
300142,沃森生物,13.25,13.24,13.25,13.93,13.75,13.84,13.2,89447042.0,1197241915.0,-4.882,-0.68
300143,盈康生命,10.18,10.17,10.18,10.39,10.39,10.49,10.11,7970900.0,81423019.0,-2.021,-0.21
300144,宋城演艺,6.72,6.71,6.72,6.82,6.81,6.87,6.6,31429990.0,210912942.0,-1.466,-0.1
300145,南方泵业,4.51,4.51,4.52,4.68,4.66,4.73,4.48,57088401.0,262150056.0,-3.632,-0.17
300146,汤臣倍健,9.71,9.7,9.71,9.77,9.79,9.81,9.58,13203605.0,127951264.0,-0.614,-0.06
300147,*ST香雪,9.84,9.83,9.84,10.17,10.0,10.1,9.75,8977292.0,89069338.0,-3.245,-0.33
300148,天舟文化,3.61,3.6,3.61,3.68,3.67,3.74,3.58,20340600.0,74235796.0,-1.902,-0.07
300149,睿智医药,8.46,8.45,8.46,8.56,8.55,8.58,8.35,8228266.0,69485980.0,-1.168,-0.1
300150,世纪瑞尔,4.45,4.45,4.46,4.57,4.57,4.58,4.39,11253800.0,50141602.0,-2.626,-0.12
300151,昌红科技,23.2,23.2,23.21,23.95,23.91,24.75,22.8,31044683.0,736658519.0,-3.132,-0.75
300152,*ST动力,1.78,1.78,1.79,1.82,1.81,1.87,1.76,26239468.0,47369815.0,-2.198,-0.04
300153,科泰电源,28.14,28.14,28.15,29.11,28.97,29.49,27.94,14206160.0,405304736.0,-3.332,-0.97
300154,瑞凌股份,10.19,10.18,10.19,10.55,10.44,10.66,10.08,9664060.0,99806277.0,-3.412,-0.36
300155,安居宝,4.77,4.77,4.78,4.86,4.84,4.88,4.7,8144140.0,38887702.0,-1.852,-0.09
300157,新锦动力,4.58,4.57,4.58,4.71,4.73,4.73,4.5,31841289.0,146057709.0,-2.76,-0.13
300158,振东制药,4.95,4.95,4.96,5.12,5.11,5.14,4.94,16683200.0,83403566.0,-3.32,-0.17
300159,*ST新研,3.78,3.78,3.79,4.02,3.99,4.03,3.7,61718299.0,237047159.0,-5.97,-0.24
300160,秀强股份,4.77,4.76,4.77,4.88,4.88,4.9,4.72,7349000.0,35170816.0,-2.254,-0.11
300161,华中数控,34.47,34.46,34.47,36.54,36.18,36.54,34.31,7270600.0,253109943.0,-5.665,-2.07
300162,雷曼光电,11.19,11.18,11.19,11.4,11.45,11.91,10.9,98814680.0,1119855967.0,-1.842,-0.21
300163,先锋新材,6.07,6.06,6.07,6.45,6.45,6.66,5.95,54804066.0,336829843.0,-5.891,-0.38
300164,通源石油,10.0,10.0,10.01,10.43,10.3,10.45,9.91,66484001.0,670801223.0,-4.123,-0.43
300165,天瑞仪器,6.48,6.48,6.49,6.4,6.34,6.71,6.3,23862920.0,155547130.0,1.25,0.08
300166,东方国信,16.97,16.96,16.97,17.68,17.56,17.69,16.7,100998763.0,1728222467.0,-4.016,-0.71
300167,ST迪威迅,5.27,5.26,5.27,5.33,5.35,5.35,5.18,3766600.0,19770895.0,-1.126,-0.06
300168,万达信息,5.38,5.38,5.39,5.55,5.53,5.58,5.36,19487173.0,105890769.0,-3.063,-0.17
300169,天晟新材,5.7,5.69,5.7,5.97,5.98,6.01,5.65,11193800.0,64200267.0,-4.523,-0.27
300170,汉得信息,18.86,18.85,18.86,19.65,19.58,19.83,18.82,45223628.0,869748406.0,-4.02,-0.79
300171,东富龙,11.87,11.87,11.88,12.02,12.02,12.24,11.8,6668194.0,79919117.0,-1.248,-0.15
300172,中电环保,4.8,4.79,4.8,4.88,4.86,4.87,4.76,12966855.0,62223622.0,-1.639,-0.08
300173,ST福能,3.62,3.61,3.62,3.65,3.66,3.74,3.58,10409400.0,38155673.0,-0.822,-0.03
300174,元力股份,23.6,23.59,23.6,21.66,21.67,24.03,21.67,57040295.0,1322883274.0,8.957,1.94
300175,ST朗源,6.36,6.36,6.37,6.54,6.58,6.58,6.27,7235400.0,46082388.0,-2.752,-0.18
300176,鸿特科技,5.91,5.9,5.91,6.08,6.06,6.12,5.86,10546020.0,62728434.0,-2.796,-0.17
300177,中海达,7.88,7.88,7.89,8.14,8.09,8.2,7.83,10935905.0,87422521.0,-3.194,-0.26
300179,四方达,35.94,35.94,35.95,38.17,37.05,37.67,35.56,63090591.0,2277840431.0,-5.842,-2.23
300180,华峰超纤,5.19,5.18,5.19,5.38,5.3,5.3,5.12,61306947.0,318574247.0,-3.532,-0.19
300181,佐力药业,14.22,14.21,14.22,13.93,13.95,14.41,13.89,12969711.0,184604103.0,2.082,0.29
300182,捷成股份,5.82,5.81,5.82,5.46,5.71,6.17,5.71,329037190.0,1947679653.0,6.593,0.36
300183,东软载波,12.86,12.84,12.86,13.33,13.2,13.36,12.74,8767026.0,113843787.0,-3.526,-0.47
300184,力源信息,15.06,15.06,15.07,15.76,16.0,16.17,14.94,123528052.0,1909866535.0,-4.442,-0.7
300185,通裕重工,2.81,2.8,2.81,2.9,2.89,2.92,2.79,96390405.0,273767409.0,-3.103,-0.09
300187,永清环保,5.68,5.67,5.68,5.77,5.72,5.77,5.58,15283703.0,86554317.0,-1.56,-0.09
300188,国投智能,11.49,11.48,11.49,11.82,11.76,11.96,11.4,13697636.0,159162978.0,-2.792,-0.33
300189,神农种业,5.11,5.11,5.12,5.25,5.21,5.32,5.06,65756540.0,338587118.0,-2.667,-0.14
300190,维尔利,4.3,4.29,4.3,4.31,4.32,4.4,4.24,23790106.0,102320999.0,-0.232,-0.01
300191,潜能恒信,32.6,32.59,32.6,33.81,33.72,33.76,31.7,13452348.0,436141509.0,-3.579,-1.21
300192,科德教育,17.27,17.26,17.27,17.95,17.89,18.09,17.21,8792500.0,154640821.0,-3.788,-0.68
300193,佳士科技,7.76,7.75,7.76,7.93,7.91,7.98,7.7,6119500.0,47701407.0,-2.144,-0.17
300194,福安药业,3.84,3.83,3.84,3.83,3.82,3.86,3.78,8052100.0,30704875.0,0.261,0.01
300195,长荣股份,6.06,6.06,6.07,6.24,6.22,6.27,5.99,10101400.0,61388741.0,-2.885,-0.18
300196,长海股份,23.93,23.92,23.93,24.75,24.28,25.21,23.39,33227875.0,801126115.0,-3.313,-0.82
300197,节能铁汉,1.6,1.59,1.6,1.61,1.61,1.67,1.59,48562283.0,78763152.0,-0.621,-0.01
300198,*ST纳川,2.2,2.2,2.21,2.32,2.31,2.31,2.19,19790520.0,44237924.0,-5.172,-0.12
300199,翰宇药业,24.62,24.61,24.62,25.34,25.09,25.45,24.53,39565143.0,983488356.0,-2.841,-0.72
300200,高盟新材,9.81,9.81,9.82,10.47,10.38,10.4,9.7,21103800.0,210307700.0,-6.304,-0.66
300201,海伦哲,19.85,19.85,19.86,19.69,19.51,20.35,18.9,79065340.0,1561284429.0,0.813,0.16
300203,聚光科技,13.56,13.54,13.56,14.61,14.54,14.55,13.3,31377700.0,431582795.0,-7.187,-1.05
300204,舒泰神,23.92,23.89,23.93,24.2,24.6,24.6,23.57,12648107.0,301740832.0,-1.157,-0.28
300205,*ST天喻,5.72,5.71,5.72,5.69,5.67,5.86,5.67,2636600.0,15154845.0,0.527,0.03
300206,理邦仪器,13.99,13.99,14.0,13.75,13.81,14.11,13.64,10213725.0,141848310.0,1.745,0.24
300207,欣旺达,24.09,24.08,24.09,23.78,23.94,24.8,23.82,75973451.0,1846941667.0,1.304,0.31
300209,行云科技,25.53,25.53,25.54,26.11,26.41,27.41,25.25,79051931.0,2057690323.0,-2.221,-0.58
300210,森远股份,11.03,11.02,11.03,10.77,10.68,11.57,10.38,39570140.0,432271827.0,2.414,0.26
300211,*ST亿通,8.67,8.66,8.67,8.75,8.8,8.8,8.53,4710600.0,40733533.0,-0.914,-0.08
300212,*ST易录,9.56,9.55,9.56,8.9,8.95,9.78,8.78,52291593.0,487835966.0,7.416,0.66
300213,佳讯飞鸿,7.68,7.68,7.7,7.92,7.86,7.95,7.66,10549000.0,81902836.0,-3.03,-0.24
300214,日科化学,8.23,8.22,8.23,8.25,8.21,8.44,7.97,14410700.0,118075571.0,-0.242,-0.02
300215,电科院,9.35,9.35,9.36,9.13,9.07,9.35,8.89,33272104.0,305583215.0,2.41,0.22
300217,东方电热,5.45,5.45,5.46,5.61,5.56,5.69,5.42,69392669.0,385049472.0,-2.852,-0.16
300218,安利股份,13.72,13.71,13.72,13.95,13.99,14.25,13.7,3339000.0,46478460.0,-1.649,-0.23
300219,鸿利智汇,8.81,8.81,8.82,9.43,9.75,9.75,8.72,100823782.0,908820366.0,-6.575,-0.62
300220,金运激光,13.08,13.08,13.09,13.36,13.37,13.53,12.85,3398100.0,44573107.0,-2.096,-0.28
300221,银禧科技,14.14,14.13,14.14,13.25,13.69,14.88,13.47,86050176.0,1218519985.0,6.717,0.89
300222,科大智能,16.58,16.57,16.58,16.57,16.28,17.32,16.1,107803505.0,1788219919.0,0.06,0.01
300223,北京君正,160.01,160.0,160.01,149.6,172.25,175.98,158.5,84197220.0,14016018420.0,6.959,10.41
300224,正海磁材,12.75,12.75,12.76,13.19,13.15,13.31,12.69,21039115.0,271889056.0,-3.336,-0.44
300225,*ST金泰,9.1,9.08,9.1,9.81,9.95,10.17,8.62,45094793.0,427390984.0,-7.238,-0.71
300226,上海钢联,22.39,22.39,22.4,23.72,23.6,23.85,22.26,10764730.0,246157638.0,-5.607,-1.33
300227,光韵达,10.3,10.28,10.3,10.5,10.49,10.63,10.21,19138022.0,198558591.0,-1.905,-0.2
300228,富瑞特装,8.41,8.41,8.42,8.33,8.37,8.56,8.37,25765498.0,217840709.0,0.96,0.08
300229,拓尔思,17.33,17.33,17.34,17.97,17.96,18.15,17.31,20402118.0,361134548.0,-3.561,-0.64
300230,永利股份,4.91,4.91,4.93,5.13,5.11,5.13,4.87,20725722.0,102960393.0,-4.288,-0.22
300231,银信科技,9.7,9.69,9.7,10.14,10.12,10.2,9.68,15218716.0,150245401.0,-4.339,-0.44
300232,洲明科技,6.19,6.18,6.19,6.33,6.33,6.5,6.13,35022970.0,219875809.0,-2.212,-0.14
300233,金城医药,13.31,13.3,13.31,13.66,13.67,13.68,13.09,9029042.0,120398946.0,-2.562,-0.35
300234,开尔新材,8.72,8.71,8.72,8.53,8.45,9.2,8.3,52630230.0,463169934.0,2.227,0.19
300235,方直科技,13.2,13.19,13.2,13.11,13.07,13.5,13.0,6737800.0,89443779.0,0.686,0.09
300236,上海新阳,97.93,97.93,97.94,105.33,105.87,107.13,97.6,19370937.0,1971031696.0,-7.026,-7.4
300237,ST美晨,2.28,2.27,2.28,2.29,2.29,2.31,2.26,19612749.0,44692515.0,-0.437,-0.01
300238,冠昊生物,12.04,12.04,12.05,12.3,12.26,12.43,11.93,4222100.0,50949001.0,-2.114,-0.26
300239,东宝生物,4.97,4.97,4.98,5.08,5.09,5.1,4.92,8198300.0,40815701.0,-2.165,-0.11
300240,飞力达,6.09,6.09,6.1,6.22,6.18,6.21,6.01,8368100.0,51076468.0,-2.09,-0.13
300241,瑞丰光电,7.59,7.59,7.6,7.55,7.52,7.71,7.38,96956863.0,729656999.0,0.53,0.04
300242,佳云科技,5.13,5.13,5.14,5.22,5.23,5.36,5.09,29467100.0,153528394.0,-1.724,-0.09
300243,瑞丰高材,18.67,18.67,18.68,20.39,20.6,20.63,18.38,38920011.0,744065503.0,-8.436,-1.72
300244,迪安诊断,17.61,17.61,17.62,18.08,18.0,18.08,17.49,18226825.0,323522437.0,-2.6,-0.47
300245,ST天玑,6.31,6.3,6.31,6.2,6.22,6.32,5.97,15119641.0,92807931.0,1.774,0.11
300246,宝莱特,18.25,18.25,18.27,19.06,19.0,19.21,18.14,17605948.0,325311656.0,-4.25,-0.81
300247,融捷健康,4.4,4.39,4.4,4.57,4.52,4.55,4.33,24601800.0,108378794.0,-3.72,-0.17
300248,新开普,9.15,9.14,9.15,9.66,9.65,9.65,9.1,12786651.0,118299440.0,-5.28,-0.51
300249,依米康,16.04,16.03,16.04,16.64,16.59,16.92,15.91,21636411.0,353491938.0,-3.606,-0.6
300250,初灵信息,16.98,16.97,16.98,17.83,17.79,17.79,16.91,6798900.0,116741662.0,-4.767,-0.85
300251,光线传媒,13.35,13.34,13.35,13.09,13.03,13.6,13.03,72049446.0,963711442.0,1.986,0.26
300252,金信诺,14.7,14.7,14.71,15.46,15.34,15.52,14.59,27925402.0,418210909.0,-4.916,-0.76
300253,卫宁健康,8.04,8.03,8.04,8.38,8.35,8.41,8.02,58678706.0,479988525.0,-4.057,-0.34
300254,仟源医药,11.49,11.48,11.49,11.87,11.94,12.2,11.32,13610300.0,158856123.0,-3.201,-0.38
300255,常山药业,39.0,39.0,39.01,39.98,39.99,40.1,38.93,13547134.0,533066038.0,-2.451,-0.98
300256,星星科技,3.26,3.26,3.27,3.38,3.33,3.43,3.25,37237443.0,124068512.0,-3.55,-0.12
300257,开山股份,29.41,29.41,29.42,30.7,30.62,30.7,28.99,14515485.0,430319595.0,-4.202,-1.29
300258,精锻科技,14.34,14.33,14.34,14.76,14.51,14.79,13.93,37947132.0,544424697.0,-2.846,-0.42
300259,新天科技,6.99,6.99,7.0,6.54,6.92,7.45,6.63,119605727.0,843501498.0,6.881,0.45
300260,新莱应材,57.06,57.06,57.07,61.36,60.54,61.49,56.75,29023064.0,1693272486.0,-7.008,-4.3
300261,雅本化学,5.09,5.08,5.09,5.19,5.2,5.25,5.05,8267841.0,42323948.0,-1.927,-0.1
300263,隆华科技,12.58,12.58,12.59,13.14,13.29,13.4,12.44,76467974.0,982507963.0,-4.262,-0.56
300264,佳创视讯,8.77,8.77,8.78,9.28,9.2,9.37,8.58,21725542.0,192176338.0,-5.496,-0.51
300265,通光线缆,20.45,20.44,20.45,20.49,20.5,20.9,19.9,36685508.0,747428734.0,-0.195,-0.04
300266,兴源环境,2.02,2.02,2.03,2.01,1.99,2.04,1.96,24260800.0,48433234.0,0.498,0.01
300267,尔康制药,3.95,3.95,3.96,4.11,4.1,4.13,3.91,54296700.0,217839568.0,-3.893,-0.16
300268,佳沃食品,13.14,13.13,13.14,12.99,12.98,13.26,12.71,2337264.0,30229962.0,1.155,0.15
300269,联建光电,5.51,5.5,5.51,5.72,5.67,5.89,5.43,34999550.0,196280745.0,-3.671,-0.21
300270,中威电子,12.67,12.67,12.69,13.04,13.06,13.12,12.57,7763600.0,99271982.0,-2.837,-0.37
300271,华宇软件,5.69,5.68,5.69,5.84,5.87,5.87,5.64,9666850.0,55231583.0,-2.568,-0.15
300272,开能健康,6.3,6.29,6.3,6.48,6.5,6.5,6.23,8904579.0,56406476.0,-2.778,-0.18
300274,阳光电源,184.09,184.08,184.09,178.99,182.6,191.71,180.82,113353605.0,21187475247.0,2.849,5.1
300275,梅安森,10.02,10.02,10.03,10.66,10.4,10.55,9.96,23813260.0,242311265.0,-6.004,-0.64
300276,三丰智能,9.13,9.13,9.14,9.55,9.2,9.9,8.89,145147964.0,1361428227.0,-4.398,-0.42
300277,汽轮科技,16.4,16.39,16.4,15.9,15.92,17.35,15.86,49297833.0,821646844.0,3.145,0.5
300278,华昌达,4.72,4.71,4.72,4.99,4.93,4.98,4.68,42184790.0,202013318.0,-5.411,-0.27
300279,和晶科技,7.35,7.35,7.36,7.31,7.29,7.54,7.21,15234000.0,111988797.0,0.547,0.04
300281,金明精机,7.5,7.49,7.5,7.71,7.69,7.79,7.42,11124988.0,83940588.0,-2.724,-0.21
300283,温州宏丰,17.08,17.07,17.08,17.7,17.01,17.44,16.65,62994773.0,1074490787.0,-3.503,-0.62
300284,苏交科,5.95,5.95,5.96,6.09,6.1,6.14,5.88,11374400.0,67766441.0,-2.299,-0.14
300285,国瓷材料,48.93,48.93,48.94,49.65,50.5,53.15,48.36,93301485.0,4722820717.0,-1.45,-0.72
300286,安科瑞,34.13,34.13,34.18,35.65,35.43,36.18,33.72,25304240.0,881005837.0,-4.264,-1.52
300287,飞利信,4.12,4.12,4.13,4.22,4.19,4.26,4.11,25556141.0,106500702.0,-2.37,-0.1
300288,朗玛信息,10.42,10.42,10.43,10.76,10.73,10.78,10.4,4544269.0,47837285.0,-3.16,-0.34
300289,利德曼,6.04,6.03,6.04,6.15,6.15,6.2,6.01,4281025.0,25986161.0,-1.789,-0.11
300290,荣科科技,12.74,12.73,12.74,13.73,13.69,13.69,12.7,29242708.0,382918845.0,-7.21,-0.99
300291,百纳千成,6.71,6.71,0.0,5.59,5.75,6.71,5.72,75929223.0,487683803.0,20.036,1.12
300292,吴通控股,5.31,5.31,5.32,5.58,5.6,5.64,5.26,79856613.0,432137145.0,-4.839,-0.27
300293,蓝英装备,18.4,18.4,18.41,19.37,19.21,19.43,18.25,9971227.0,186334231.0,-5.008,-0.97
300294,博雅生物,15.32,15.32,15.33,15.61,15.58,15.64,15.12,7211377.0,110412827.0,-1.858,-0.29
300295,*ST三六,11.63,11.61,11.63,11.63,11.52,11.8,11.33,2945620.0,34066187.0,0.0,0.0
300296,利亚德,7.03,7.03,7.04,7.0,6.98,7.28,6.94,195328781.0,1387808544.0,0.429,0.03
300298,三诺生物,15.78,15.78,15.79,16.05,16.01,16.06,15.58,4742522.0,74936949.0,-1.682,-0.27
300299,富春股份,5.68,5.67,5.68,5.71,5.73,5.87,5.66,14290300.0,82123228.0,-0.525,-0.03
300300,海峡创新,9.65,9.65,9.66,10.02,9.96,10.03,9.51,53835844.0,523373152.0,-3.693,-0.37
300301,ST长方,3.27,3.26,3.27,3.3,3.35,3.39,3.18,11785916.0,38756164.0,-0.909,-0.03
300302,同有科技,45.6,45.6,45.61,45.6,47.8,49.79,45.3,45105409.0,2144841248.0,0.0,0.0
300303,聚飞光电,9.3,9.3,9.31,9.48,9.58,10.02,9.2,132299436.0,1277577325.0,-1.899,-0.18
300304,云意电气,13.43,13.43,13.44,13.69,13.62,13.99,13.3,22449135.0,305814981.0,-1.899,-0.26
300305,裕兴股份,6.67,6.67,6.68,6.87,7.02,7.27,6.56,23232300.0,157633497.0,-2.911,-0.2
300306,远方信息,11.2,11.2,11.21,11.6,11.61,11.78,11.1,3995260.0,44979324.0,-3.448,-0.4
300307,慈星股份,6.99,6.98,6.99,7.14,7.1,7.17,6.96,12745800.0,89540000.0,-2.101,-0.15
300308,中际旭创,1111.37,1111.32,1111.37,1103.0,1090.0,1147.0,1088.67,25068811.0,28064034997.0,0.759,8.37
300310,宜通世纪,5.97,5.96,5.97,6.26,6.15,6.3,5.93,65984481.0,403102672.0,-4.633,-0.29
300311,ST任子行,5.31,5.31,5.32,5.49,5.47,5.48,5.28,11153377.0,59913316.0,-3.279,-0.18
300313,*ST天山,9.26,9.26,9.3,9.38,9.31,9.42,8.88,3702100.0,33814305.0,-1.279,-0.12
300314,戴维医疗,10.41,10.4,10.41,10.65,10.6,10.65,10.25,3222600.0,33478256.0,-2.254,-0.24
300315,掌趣科技,4.56,4.56,4.57,4.59,4.59,4.7,4.53,56381400.0,259841007.0,-0.654,-0.03
300316,晶盛机电,54.0,54.0,54.01,53.8,53.8,56.92,53.7,43286157.0,2392908172.0,0.372,0.2
300317,珈伟新能,4.95,4.95,4.96,4.95,4.91,5.04,4.88,46731181.0,232209713.0,0.0,0.0
300318,博晖创新,4.95,4.94,4.95,5.11,5.11,5.11,4.88,8370600.0,41468288.0,-3.131,-0.16
300319,麦捷科技,14.58,14.58,14.59,14.6,14.6,15.02,14.3,83519259.0,1224437854.0,-0.137,-0.02
300320,海达股份,8.95,8.94,8.95,9.1,9.1,9.16,8.9,8125300.0,73051768.0,-1.648,-0.15
300321,同大股份,41.36,41.36,41.37,39.67,39.13,42.5,38.2,4122726.0,167438945.0,4.26,1.69
300322,硕贝德,33.15,33.14,33.15,33.75,33.42,35.06,32.72,42946305.0,1461847965.0,-1.778,-0.6
300323,华灿光电,16.92,16.91,16.92,17.06,16.9,17.95,16.54,161805719.0,2793388564.0,-0.821,-0.14
300324,旋极信息,4.59,4.58,4.59,4.73,4.76,4.8,4.55,43382509.0,202402380.0,-2.96,-0.14
300326,ST凯利,6.75,6.74,6.75,6.79,6.77,6.88,6.72,5088099.0,34417274.0,-0.589,-0.04
300327,中颖电子,29.59,29.58,29.59,28.05,28.13,30.48,28.13,48036209.0,1428255858.0,5.49,1.54
300328,宜安科技,19.01,19.0,19.01,19.24,19.0,19.65,18.63,43470226.0,828032311.0,-1.195,-0.23
300329,海伦钢琴,12.7,12.69,12.7,12.9,12.9,12.96,12.49,4077900.0,51708733.0,-1.55,-0.2
300331,苏大维格,53.57,53.47,53.57,54.34,54.42,56.14,52.9,13854302.0,756088065.0,-1.417,-0.77
300332,天壕能源,5.04,5.03,5.04,5.2,5.16,5.19,4.99,20295498.0,102602658.0,-3.077,-0.16
300333,兆日科技,11.09,11.09,11.1,11.66,11.51,11.64,11.02,17180760.0,192086895.0,-4.889,-0.57
300334,津膜科技,7.73,7.72,7.75,7.92,7.92,7.95,7.61,6241800.0,48332202.0,-2.399,-0.19
300335,迪森股份,5.9,5.89,5.9,5.94,5.94,6.08,5.86,15350028.0,91383755.0,-0.673,-0.04
300337,银邦股份,12.96,12.96,12.97,12.88,12.99,13.54,12.84,51131556.0,673328318.0,0.621,0.08
300338,*ST开元,3.06,3.05,3.06,3.13,3.14,3.14,3.01,6911608.0,21173840.0,-2.236,-0.07
300339,润和软件,43.3,43.3,43.31,45.42,44.69,45.46,43.25,35315646.0,1561252342.0,-4.668,-2.12
300340,科恒股份,9.78,9.77,9.78,10.05,10.04,10.18,9.66,6242600.0,61151147.0,-2.687,-0.27
300341,麦克奥迪,15.01,15.0,15.01,15.41,15.24,15.41,14.86,6991184.0,105140992.0,-2.596,-0.4
300342,天银机电,53.63,53.62,53.63,52.81,53.33,54.5,51.72,35716115.0,1891711980.0,1.553,0.82
300343,ST联创,6.45,6.44,6.45,6.57,6.48,6.58,6.39,18609100.0,120457233.0,-1.826,-0.12
300345,华民股份,6.2,6.19,6.2,6.14,6.15,6.48,6.1,29477720.0,185236256.0,0.977,0.06
300346,南大光电,56.22,56.21,56.22,59.48,59.88,59.88,56.21,54149025.0,3141480643.0,-5.481,-3.26
300347,泰格医药,39.7,39.7,39.71,40.87,40.87,40.87,38.8,20965964.0,830027634.0,-2.863,-1.17
300348,长亮科技,10.57,10.57,10.58,10.99,10.97,11.04,10.55,15994200.0,170904964.0,-3.822,-0.42
300349,金卡智能,13.98,13.97,13.98,15.57,15.44,15.58,13.8,32552791.0,471161053.0,-10.212,-1.59
300350,华鹏飞,4.62,4.62,4.63,4.74,4.75,4.79,4.58,14057280.0,65314356.0,-2.532,-0.12
300351,永贵电器,19.86,19.86,19.87,20.96,20.96,21.03,19.65,24692717.0,498346198.0,-5.248,-1.1
300352,ST信源,3.03,3.03,3.04,3.14,3.12,3.18,2.99,46727192.0,142978378.0,-3.503,-0.11
300353,东土科技,21.4,21.4,21.41,21.84,21.63,21.77,20.93,28503279.0,607924716.0,-2.015,-0.44
300354,东华测试,34.65,34.65,34.67,36.49,36.4,36.78,34.48,3443881.0,121419656.0,-5.042,-1.84
300355,蒙草生态,3.15,3.15,3.16,3.19,3.18,3.23,3.15,20563700.0,65420991.0,-1.254,-0.04
300357,我武生物,22.5,22.48,22.5,22.55,22.55,22.7,22.11,6305403.0,141206069.0,-0.222,-0.05
300358,楚天科技,8.61,8.6,8.61,8.79,8.75,8.85,8.58,13309767.0,115654551.0,-2.048,-0.18
300359,全通教育,4.18,4.18,4.19,4.31,4.29,4.3,4.13,10576550.0,44317568.0,-3.016,-0.13
300360,炬华科技,14.47,14.47,14.48,14.6,14.58,14.76,14.43,4399964.0,64079638.0,-0.89,-0.13
300363,博腾股份,14.76,14.76,14.77,15.11,15.06,15.09,14.61,10920274.0,161557430.0,-2.316,-0.35
300364,中文在线,26.41,26.4,26.41,25.61,27.52,28.66,26.21,105217788.0,2874984053.0,3.124,0.8
300365,恒华科技,5.67,5.66,5.67,5.84,5.81,5.87,5.61,15743300.0,89917039.0,-2.911,-0.17
300366,ST创意,5.35,5.35,5.36,5.44,5.49,5.51,5.31,7390800.0,39783690.0,-1.654,-0.09
300368,汇金股份,10.17,10.17,10.18,10.6,10.51,10.67,10.09,18769300.0,192680282.0,-4.057,-0.43
300369,绿盟科技,6.9,6.89,6.9,6.85,6.86,7.17,6.73,39173392.0,271533837.0,0.73,0.05
300370,安控科技,2.36,2.35,2.36,2.44,2.43,2.44,2.34,23492500.0,55794416.0,-3.279,-0.08
300371,汇中股份,11.87,11.87,11.88,12.32,12.24,12.32,11.71,3372600.0,40158127.0,-3.653,-0.45
300373,扬杰科技,110.02,110.01,110.02,97.9,101.9,114.86,101.2,51659590.0,5659922375.0,12.38,12.12
300374,中铁装配,12.17,12.17,12.19,12.53,12.5,12.57,12.06,3849640.0,47050172.0,-2.873,-0.36
300375,鹏翎股份,4.4,4.4,4.41,4.59,4.59,4.61,4.4,14111858.0,63059976.0,-4.139,-0.19
300376,易事特,5.29,5.29,5.3,5.21,5.22,5.45,5.11,38422388.0,202620138.0,1.536,0.08
300377,赢时胜,13.97,13.97,13.98,14.81,14.73,14.83,13.94,29352098.0,417853269.0,-5.672,-0.84
300378,鼎捷数智,37.15,37.15,37.16,38.5,38.5,39.06,36.92,10128326.0,384164873.0,-3.506,-1.35
300380,安硕信息,34.02,34.0,34.02,35.34,35.04,35.46,33.72,2746600.0,94228566.0,-3.735,-1.32
300381,溢多利,6.56,6.56,6.6,6.66,6.67,6.71,6.49,8678500.0,57091955.0,-1.502,-0.1
300382,斯莱克,17.17,17.16,17.17,16.55,16.38,17.9,16.38,50918774.0,873945434.0,3.746,0.62
300383,光环新网,14.37,14.36,14.37,15.16,15.1,15.2,14.27,85332222.0,1249949892.0,-5.211,-0.79
300384,三联虹普,12.97,12.96,12.97,13.25,13.35,13.4,12.88,3882206.0,50617580.0,-2.113,-0.28
300385,ST雪浪,13.38,13.36,13.38,14.03,14.01,14.08,13.15,12406404.0,167965809.0,-4.633,-0.65
300386,飞天诚信,11.35,11.33,11.35,11.85,11.78,11.87,11.25,5982060.0,68474571.0,-4.219,-0.5
300387,富邦科技,7.85,7.85,7.86,8.07,8.13,8.13,7.74,7670480.0,60335322.0,-2.726,-0.22
300388,节能国祯,7.44,7.44,7.45,7.7,7.66,7.73,7.32,7758180.0,57900480.0,-3.377,-0.26
300389,艾比森,14.7,14.7,14.72,15.03,15.1,15.41,14.7,7133700.0,106987391.0,-2.196,-0.33
300390,天华新能,92.91,92.9,92.91,92.22,92.01,96.85,91.5,68139395.0,6413599361.0,0.748,0.69
300393,中来股份,9.83,9.83,9.84,10.17,10.21,10.4,9.69,40241742.0,401424025.0,-3.343,-0.34
300394,天孚通信,428.61,428.61,428.62,406.76,403.95,444.64,401.83,51827703.0,22153139734.0,5.372,21.85
300395,菲利华,139.4,139.4,139.41,148.29,148.5,149.4,138.62,41873333.0,5990604384.0,-5.995,-8.89
300396,ST迪瑞,7.74,7.73,7.75,7.7,7.77,7.97,7.61,3757660.0,29158855.0,0.519,0.04
300397,天和防务,13.8,13.79,13.8,14.21,14.15,14.3,13.66,22585071.0,314682585.0,-2.885,-0.41
300398,飞凯材料,38.06,38.05,38.06,40.15,40.12,40.48,37.51,61161622.0,2376279953.0,-5.205,-2.09
300399,天利科技,21.27,21.26,21.27,22.19,22.14,22.63,21.15,5533247.0,119420752.0,-4.146,-0.92
300400,劲拓股份,30.5,30.5,30.51,31.1,30.81,32.0,29.76,13577500.0,419159530.0,-1.929,-0.6
300401,花园生物,12.39,12.39,12.4,12.9,12.98,13.0,12.34,13545344.0,170243135.0,-3.953,-0.51
300402,宝色股份,16.06,16.05,16.06,16.56,16.57,16.69,15.95,4395800.0,71188802.0,-3.019,-0.5
300403,汉宇集团,11.41,11.4,11.41,12.12,11.91,11.98,11.32,22056137.0,256124704.0,-5.858,-0.71
300404,博济医药,10.33,10.33,10.34,10.35,10.35,10.48,10.08,11564264.0,119048483.0,-0.193,-0.02
300405,科隆股份,6.77,6.77,6.78,6.89,6.92,6.92,6.59,8841076.0,59314834.0,-1.742,-0.12
300406,九强生物,12.51,12.51,12.55,12.75,12.75,12.8,12.3,4436100.0,55596586.0,-1.882,-0.24
300407,凯发电气,13.11,13.1,13.12,13.5,13.38,13.52,13.0,6563200.0,86678825.0,-2.889,-0.39
300408,三环集团,122.99,122.99,123.0,116.93,119.03,129.28,119.03,79147879.0,9754014310.0,5.183,6.06
300409,道氏技术,24.88,24.86,24.88,25.0,24.83,25.55,24.63,25362005.0,637181072.0,-0.48,-0.12
300410,正业科技,11.19,11.19,11.2,11.58,11.82,12.09,11.06,53546180.0,607530251.0,-3.368,-0.39
300411,金盾股份,8.06,8.06,8.07,8.36,8.28,8.37,8.02,8332548.0,67775216.0,-3.589,-0.3
300412,迦南科技,4.62,4.62,4.63,4.77,4.77,4.77,4.58,12499700.0,58007796.0,-3.145,-0.15
300413,芒果超媒,17.74,17.74,17.75,17.72,17.72,18.07,17.58,17404870.0,310210753.0,0.113,0.02
300414,中光防雷,12.11,12.09,12.11,12.38,12.4,12.55,11.97,6559452.0,80077574.0,-2.181,-0.27
300415,伊之密,23.74,23.74,23.76,24.69,24.6,24.87,23.6,9741398.0,234492137.0,-3.848,-0.95
300416,苏试试验,19.01,19.01,19.02,19.0,19.18,20.28,18.93,48954156.0,957998879.0,0.053,0.01
300417,南华仪器,13.75,13.75,13.77,14.2,14.17,14.25,13.24,5046840.0,68761470.0,-3.169,-0.45
300418,昆仑万维,45.8,45.8,45.81,46.45,48.0,48.9,45.5,76162305.0,3602829430.0,-1.399,-0.65
300419,ST浩丰,6.73,6.72,6.73,6.95,6.95,6.97,6.71,6744152.0,45966746.0,-3.165,-0.22
300420,五洋自控,4.61,4.61,4.62,4.77,4.78,4.85,4.58,54356225.0,254308116.0,-3.354,-0.16
300421,力星股份,24.22,24.22,24.23,26.38,26.02,26.48,24.13,21367791.0,532562893.0,-8.188,-2.16
300422,博世科,5.4,5.39,5.4,5.51,5.53,5.53,5.32,13146600.0,70864645.0,-1.996,-0.11
300423,昇辉科技,6.74,6.74,6.75,6.74,6.82,7.2,6.65,15090855.0,102897837.0,0.0,0.0
300424,航新科技,21.2,21.18,21.2,20.81,20.79,22.18,20.68,20845433.0,448740703.0,1.874,0.39
300425,中建环能,4.31,4.31,4.32,4.41,4.4,4.43,4.27,9747245.0,42123375.0,-2.268,-0.1
300426,华智数媒,6.76,6.76,6.77,6.78,6.82,7.03,6.66,9184800.0,62436124.0,-0.295,-0.02
300427,红相股份,9.26,9.26,9.27,9.51,9.5,9.6,9.19,16543700.0,154661515.0,-2.629,-0.25
300428,立中集团,22.01,22.01,22.02,22.4,22.4,22.55,21.82,9216499.0,204047009.0,-1.741,-0.39
300429,强力新材,15.14,15.14,15.15,15.7,16.01,16.18,14.94,35434513.0,545634014.0,-3.567,-0.56
300430,*ST益通,5.11,5.11,5.12,5.37,5.29,5.32,5.06,19304552.0,99691775.0,-4.842,-0.26
300432,富临精工,24.09,24.08,24.09,24.03,24.23,24.77,23.75,44691483.0,1084503213.0,0.25,0.06
300433,蓝思科技,40.28,40.27,40.28,38.48,38.1,41.0,37.45,216389646.0,8463095933.0,4.678,1.8
300434,金石亚药,10.05,10.05,10.06,10.28,10.35,10.35,9.91,9099500.0,91501130.0,-2.237,-0.23
300435,中泰股份,19.12,19.11,19.13,19.66,19.67,19.78,19.01,9432338.0,182274450.0,-2.747,-0.54
300436,广生堂,116.77,116.75,116.78,117.5,117.65,122.48,115.6,7710947.0,913970426.0,-0.621,-0.73
300437,清水源,12.63,12.62,12.63,13.18,13.18,13.29,12.47,10810714.0,137566345.0,-4.173,-0.55
300438,鹏辉能源,81.09,81.08,81.09,78.52,78.52,83.29,78.5,30992197.0,2514293573.0,3.273,2.57
300439,美康生物,9.03,9.03,9.04,9.2,9.21,9.21,8.94,3878600.0,35088862.0,-1.848,-0.17
300440,运达科技,18.55,18.55,18.56,18.98,18.88,18.93,18.28,12819000.0,237187837.0,-2.266,-0.43
300441,鲍斯股份,6.23,6.23,6.25,6.41,6.41,6.41,6.18,5593700.0,34978815.0,-2.808,-0.18
300442,润泽科技,84.47,84.46,84.47,89.01,87.81,88.56,84.0,54740361.0,4700367389.0,-5.101,-4.54
300443,金雷股份,27.63,27.62,27.63,28.18,28.04,28.84,27.38,8262163.0,230927175.0,-1.952,-0.55
300444,双杰电气,14.97,14.96,14.97,14.73,14.55,15.27,14.52,50639958.0,759758464.0,1.629,0.24
300445,康斯特,24.56,24.56,24.59,24.7,24.5,25.17,24.35,5514300.0,136292848.0,-0.567,-0.14
300446,航天智造,16.75,16.74,16.75,17.32,17.28,17.45,16.6,10321195.0,174646783.0,-3.291,-0.57
300447,全信股份,16.28,16.27,16.28,16.77,16.76,16.9,16.18,5345520.0,88045927.0,-2.922,-0.49
300448,浩云科技,7.86,7.85,7.86,8.16,8.12,8.17,7.8,20936042.0,165852497.0,-3.676,-0.3
300449,汉邦高科,8.04,8.03,8.04,8.26,8.2,8.35,7.9,24406300.0,197475251.0,-2.663,-0.22
300450,先导智能,49.44,49.43,49.44,49.35,49.44,51.67,49.17,55050821.0,2780581025.0,0.182,0.09
300451,创业慧康,3.88,3.88,3.89,3.98,3.98,4.02,3.87,22881009.0,89758909.0,-2.513,-0.1
300452,山河药辅,12.38,12.38,12.39,12.55,12.58,12.59,12.26,4049307.0,50129263.0,-1.355,-0.17
300453,三鑫医疗,9.46,9.46,9.47,9.5,9.48,9.54,9.33,6831210.0,64411565.0,-0.421,-0.04
300454,深信服,109.31,109.31,109.32,112.93,112.4,114.86,108.2,10856686.0,1209260168.0,-3.206,-3.62
300455,航天智装,23.15,23.15,23.16,23.82,23.98,24.25,22.95,9146978.0,214611116.0,-2.813,-0.67
300456,赛微电子,44.78,44.78,44.79,46.29,45.8,46.53,44.28,35347977.0,1608733842.0,-3.262,-1.51
300457,赢合科技,27.6,27.6,27.61,27.85,27.6,28.47,27.2,19681992.0,548279742.0,-0.898,-0.25
300458,全志科技,37.9,37.9,37.91,37.59,37.56,39.88,37.56,80910309.0,3135273713.0,0.825,0.31
300459,汤姆猫,3.94,3.93,3.94,3.95,3.96,4.05,3.92,79366388.0,315205766.0,-0.253,-0.01
300460,ST惠伦,9.95,9.95,9.96,10.14,10.14,10.47,9.93,8144940.0,82691098.0,-1.874,-0.19
300461,田中精机,50.58,50.57,50.59,49.4,49.0,53.98,48.99,12415568.0,644536361.0,2.389,1.18
300462,ST华铭,12.61,12.61,12.62,12.94,12.95,13.08,12.61,2403600.0,31005454.0,-2.55,-0.33
300463,迈克生物,9.45,9.44,9.45,9.61,9.57,9.63,9.27,8088771.0,76106828.0,-1.665,-0.16
300464,星徽股份,10.2,10.19,10.2,9.92,9.88,11.03,9.8,52143500.0,544482864.0,2.823,0.28
300465,高伟达,14.76,14.76,14.77,15.38,15.38,15.53,14.63,22963437.0,344543728.0,-4.031,-0.62
300466,赛摩智能,8.54,8.53,8.54,8.86,8.78,8.88,8.48,8140100.0,70126849.0,-3.612,-0.32
300467,迅游科技,35.45,35.42,35.45,35.85,36.0,37.57,34.9,5735000.0,207397701.0,-1.116,-0.4
300468,四方精创,24.91,24.9,24.91,26.25,26.12,26.31,24.8,21337064.0,539629953.0,-5.105,-1.34
300469,信息发展,49.82,49.81,49.82,52.92,52.98,52.98,49.2,7308084.0,371024454.0,-5.858,-3.1
300470,中密控股,31.05,31.05,31.06,31.95,31.96,32.22,30.91,3367980.0,105540217.0,-2.817,-0.9
300471,厚普股份,10.16,10.16,10.17,10.42,10.42,10.5,10.06,8172092.0,83549412.0,-2.495,-0.26
300472,*ST新元,8.34,8.33,8.34,8.9,9.0,9.13,8.17,9242700.0,78314091.0,-6.292,-0.56
300473,德尔股份,36.0,35.99,36.0,37.21,36.88,38.15,35.85,7238300.0,266670732.0,-3.252,-1.21
300474,景嘉微,63.22,63.21,63.22,64.54,64.61,66.45,63.15,15678147.0,1019807828.0,-2.045,-1.32
300475,香农芯创,192.72,192.71,192.72,194.93,203.5,204.99,191.87,45279564.0,9006945912.0,-1.134,-2.21
300476,胜宏科技,379.3,379.3,379.4,392.95,385.88,402.6,376.89,58679093.0,22755821446.0,-3.474,-13.65
300477,ST合纵,2.62,2.62,2.63,2.73,2.73,2.75,2.6,31763100.0,83895471.0,-4.029,-0.11
300478,杭州高新,43.3,43.3,43.32,43.2,43.34,45.25,42.98,6710490.0,295087696.0,0.231,0.1
300479,神思电子,15.18,15.17,15.18,15.63,15.65,15.72,14.98,4236733.0,64719015.0,-2.879,-0.45
300480,光力科技,33.83,33.82,33.83,35.42,36.66,36.96,33.5,30337483.0,1062220453.0,-4.489,-1.59
300481,濮阳惠成,15.72,15.71,15.72,16.43,16.32,16.54,15.55,16703630.0,267296957.0,-4.321,-0.71
300482,万孚生物,18.22,18.22,18.23,18.68,18.36,18.58,18.1,6492572.0,118703913.0,-2.463,-0.46
300483,首华燃气,18.37,18.36,18.37,19.88,19.4,19.82,18.22,19990500.0,374904352.0,-7.596,-1.51
300484,蓝海华腾,16.67,16.66,16.67,17.63,17.5,17.73,16.6,7302090.0,123853817.0,-5.445,-0.96
300485,赛升药业,8.67,8.66,8.67,8.62,8.75,8.8,8.45,6231962.0,53710641.0,0.58,0.05
300486,东杰智能,20.76,20.75,20.76,21.67,21.63,21.63,20.43,15178135.0,317272137.0,-4.199,-0.91
300487,蓝晓科技,59.87,59.87,59.88,60.35,61.01,61.77,59.46,3680340.0,222421253.0,-0.795,-0.48
300488,恒锋工具,33.63,33.63,33.64,34.94,34.72,34.73,33.43,6268517.0,212444599.0,-3.749,-1.31
300489,光智科技,116.68,116.68,116.8,118.92,114.39,123.45,114.39,10455393.0,1244882903.0,-1.884,-2.24
300490,华自科技,16.12,16.11,16.12,16.61,16.64,16.85,15.94,18897108.0,307694001.0,-2.95,-0.49
300491,通合科技,32.38,32.38,32.39,28.0,28.11,33.29,28.01,29494416.0,922493449.0,15.643,4.38
300492,华图山鼎,44.35,44.35,44.42,45.96,46.09,46.31,44.1,2050257.0,91751796.0,-3.503,-1.61
300493,润欣科技,18.54,18.54,18.55,18.17,18.02,18.62,17.82,51666763.0,946865349.0,2.036,0.37
300494,盛天网络,9.42,9.41,9.42,9.62,9.69,9.82,9.39,8054558.0,77109405.0,-2.079,-0.2
300496,中科创达,73.38,73.37,73.38,74.3,73.5,74.74,72.68,26986531.0,1986776123.0,-1.238,-0.92
300497,富祥股份,15.5,15.5,15.51,15.54,15.5,15.98,15.36,16906691.0,263796270.0,-0.257,-0.04
300498,温氏股份,13.62,13.62,13.63,13.88,13.9,13.96,13.57,45160860.0,618188255.0,-1.873,-0.26
300499,高澜股份,40.92,40.91,40.92,43.85,43.02,43.58,40.28,39696958.0,1656066874.0,-6.682,-2.93
300500,启迪设计,11.14,11.14,11.16,11.41,11.36,11.41,10.91,3469000.0,38425051.0,-2.366,-0.27
300501,海顺新材,14.02,14.01,14.02,13.82,13.85,14.15,13.41,7652324.0,105417359.0,1.447,0.2
300502,新易盛,695.0,695.0,695.11,700.0,690.53,715.0,683.83,35137853.0,24509321995.0,-0.714,-5.0
300503,昊志机电,79.79,79.78,79.79,84.4,82.5,84.0,79.05,32818177.0,2674387506.0,-5.462,-4.61
300504,天邑股份,18.36,18.35,18.38,18.9,18.97,19.06,18.12,8909000.0,164429594.0,-2.857,-0.54
300505,川金诺,21.59,21.58,21.59,22.17,22.36,22.36,21.4,9335544.0,202763524.0,-2.616,-0.58
300506,ST名家汇,4.94,4.93,4.94,5.02,4.98,5.05,4.92,8234820.0,40832790.0,-1.594,-0.08
300507,苏奥传感,8.21,8.21,8.22,8.63,8.59,8.67,8.18,18563712.0,154841776.0,-4.867,-0.42
300508,维宏股份,46.41,46.4,46.41,45.59,45.76,49.25,45.17,4844503.0,230694892.0,1.799,0.82
300509,新美星,9.96,9.94,9.96,10.3,10.31,10.36,9.86,7302536.0,72968620.0,-3.301,-0.34
300510,金冠股份,3.77,3.77,3.78,3.88,3.86,3.93,3.75,16274800.0,62073091.0,-2.835,-0.11
300511,雪榕生物,6.08,6.08,6.09,6.1,6.1,6.19,5.98,18667510.0,112899617.0,-0.328,-0.02
300512,中亚股份,8.25,8.25,8.26,8.5,8.47,8.58,8.14,5883480.0,48627262.0,-2.941,-0.25
300513,恒实科技,8.35,8.34,8.35,8.73,8.73,8.8,8.28,7414932.0,62372548.0,-4.353,-0.38
300514,友讯达,11.27,11.27,11.3,11.53,11.49,11.6,11.13,3905700.0,44064671.0,-2.255,-0.26
300515,三德科技,16.45,16.45,16.46,17.37,17.35,17.35,16.4,4627000.0,77473037.0,-5.296,-0.92
300516,久之洋,34.47,34.46,34.47,36.14,36.16,36.48,34.21,4082633.0,143362414.0,-4.621,-1.67
300517,海波重科,11.99,11.99,12.04,12.55,12.53,13.19,11.91,9755140.0,120461599.0,-4.462,-0.56
300518,新迅达,31.56,31.55,31.56,31.79,31.79,32.31,30.6,10064536.0,317028568.0,-0.723,-0.23
300519,新光药业,14.28,14.28,14.3,14.54,14.59,14.63,14.02,3104300.0,44183547.0,-1.788,-0.26
300520,科大国创,37.48,37.47,37.48,39.34,38.84,39.32,37.25,20598574.0,787329886.0,-4.728,-1.86
300521,爱司凯,24.97,24.97,24.98,25.0,24.94,26.3,24.68,6918000.0,174966611.0,-0.12,-0.03
300522,世名科技,12.93,12.92,12.93,13.4,13.41,13.86,12.82,7502728.0,98305386.0,-3.507,-0.47
300523,辰安科技,21.99,21.96,22.0,23.04,23.03,23.27,21.86,4351450.0,97709100.0,-4.557,-1.05
300525,博思软件,8.94,8.93,8.94,9.21,9.19,9.24,8.88,13484840.0,121356604.0,-2.932,-0.27
300527,ST应急,7.55,7.54,7.55,7.78,7.75,7.82,7.5,12502994.0,95387940.0,-2.956,-0.23
300528,幸福蓝海,18.0,18.0,18.01,17.71,17.61,18.28,17.55,26856705.0,481592074.0,1.637,0.29
300529,健帆生物,18.13,18.12,18.13,18.36,18.3,18.49,17.91,5327425.0,96648052.0,-1.253,-0.23
300530,领湃科技,22.24,22.24,22.25,22.45,22.32,23.18,21.96,1966700.0,44192950.0,-0.935,-0.21
300531,优博讯,16.33,16.33,16.34,16.91,16.94,17.05,16.16,12300697.0,203015979.0,-3.43,-0.58
300532,今天国际,7.22,7.21,7.22,7.46,7.48,7.49,7.15,9174101.0,66597965.0,-3.217,-0.24
300533,冰川网络,16.52,16.52,16.54,17.5,17.65,17.71,16.5,8298535.0,140767896.0,-5.6,-0.98
300534,陇神戎发,8.13,8.13,8.14,8.23,8.22,8.26,7.98,4371200.0,35381506.0,-1.215,-0.1
300535,达威股份,16.83,16.83,16.86,17.33,17.42,17.42,16.34,3160235.0,52915889.0,-2.885,-0.5
300536,农尚环境,11.38,11.38,11.39,12.18,12.23,12.23,11.27,20931445.0,241436389.0,-6.568,-0.8
300537,广信材料,28.32,28.3,28.32,30.35,30.11,30.29,28.2,22470612.0,650234998.0,-6.689,-2.03
300538,同益股份,17.51,17.5,17.51,18.61,18.31,18.48,17.3,19828250.0,352721355.0,-5.911,-1.1
300539,横河精密,26.34,26.33,26.34,28.12,28.04,28.11,26.0,10103575.0,270324933.0,-6.33,-1.78
300540,蜀道装备,26.32,26.31,26.32,26.98,26.98,27.19,26.03,7680100.0,203933238.0,-2.446,-0.66
300541,先进数通,11.11,11.1,11.11,11.67,11.54,11.66,11.03,13400376.0,150872658.0,-4.799,-0.56
300542,新晨科技,13.49,13.48,13.49,14.1,14.01,14.1,13.04,8543711.0,114993862.0,-4.326,-0.61
300543,朗科智能,8.92,8.92,8.93,9.51,9.37,9.37,8.85,13337209.0,121351244.0,-6.204,-0.59
300545,联得装备,34.76,34.75,34.76,36.24,36.31,36.62,34.42,10392600.0,367246296.0,-4.084,-1.48
300546,雄帝科技,18.04,18.04,18.05,18.79,18.8,18.86,17.91,4967930.0,90473289.0,-3.991,-0.75
300547,川环科技,37.71,37.69,37.71,39.39,39.21,39.76,37.32,10463086.0,401684032.0,-4.265,-1.68
300548,长芯博创,230.96,230.96,230.97,236.13,235.87,239.98,227.64,11710997.0,2746192461.0,-2.189,-5.17
300549,优德精密,16.32,16.3,16.32,16.75,16.64,16.98,16.06,3212200.0,52620321.0,-2.567,-0.43
300550,和仁科技,15.12,0.0,0.0,15.12,0.0,0.0,0.0,0.0,0.0,0.0,0.0
300551,古鳌科技,12.32,12.31,12.32,12.85,12.86,13.11,12.27,10925115.0,137795711.0,-4.125,-0.53
300552,万集科技,32.03,32.02,32.03,31.4,31.0,32.6,30.61,15252653.0,487015372.0,2.006,0.63
300553,集智股份,63.31,63.3,63.31,65.4,65.41,66.0,62.24,3722555.0,236669952.0,-3.196,-2.09
300554,三超新材,28.55,28.52,28.55,29.47,29.28,29.83,28.06,6761700.0,194273409.0,-3.122,-0.92
300555,ST路通,13.4,13.4,13.43,13.72,13.6,13.82,13.22,1873350.0,25234908.0,-2.332,-0.32
300556,丝路视觉,19.91,19.9,19.91,20.55,20.57,20.64,19.78,6777200.0,135938440.0,-3.114,-0.64
300557,理工光科,34.5,34.48,34.5,36.03,35.64,36.02,34.17,4429845.0,154834429.0,-4.246,-1.53
300558,贝达药业,49.97,49.97,49.98,48.1,48.15,51.2,47.16,14344559.0,706203543.0,3.888,1.87
300559,佳发教育,11.88,11.88,11.9,12.4,12.36,12.42,11.81,10962775.0,132376476.0,-4.194,-0.52
300560,中富通,18.52,18.51,18.52,19.25,19.0,19.94,18.3,29370574.0,552462857.0,-3.792,-0.73
300561,*ST汇科,19.39,0.0,0.0,19.39,0.0,0.0,0.0,0.0,0.0,0.0,0.0
300562,乐心医疗,12.43,12.42,12.43,12.75,12.75,12.83,12.23,5432100.0,67860183.0,-2.51,-0.32
300563,神宇股份,29.62,29.6,29.62,30.18,30.19,30.68,29.4,4656996.0,139576196.0,-1.856,-0.56
300564,筑博设计,14.79,14.78,14.79,15.36,15.42,15.49,14.44,3522800.0,51981895.0,-3.711,-0.57
300565,科信技术,13.63,13.63,13.65,14.11,14.09,14.28,13.59,16038820.0,222003138.0,-3.402,-0.48
300566,激智科技,22.37,22.37,22.38,22.9,22.74,23.32,22.2,20115606.0,454699592.0,-2.314,-0.53
300567,精测电子,209.79,209.79,209.8,218.01,215.0,229.86,209.57,13413244.0,2940827617.0,-3.77,-8.22
300568,星源材质,17.05,17.05,17.06,17.52,17.35,17.85,16.9,83924797.0,1458495365.0,-2.683,-0.47
300569,天能重工,5.45,5.44,5.45,5.58,5.56,5.65,5.39,18623840.0,102361736.0,-2.33,-0.13
300570,太辰光,161.96,161.96,161.98,161.67,158.01,166.18,153.3,25586301.0,4129911066.0,0.179,0.29
300571,平治信息,49.95,49.95,49.97,54.01,53.9,54.27,49.25,21636251.0,1104353871.0,-7.517,-4.06
300572,安车检测,30.1,30.1,30.12,31.94,31.85,32.58,29.84,7906052.0,241482761.0,-5.761,-1.84
300573,兴齐眼药,40.19,40.19,40.2,41.9,41.79,42.08,39.41,10185012.0,414280605.0,-4.081,-1.71
300575,中旗股份,6.16,6.16,6.17,6.34,6.37,6.41,6.11,10147975.0,62890278.0,-2.839,-0.18
300576,容大感光,45.35,45.35,45.36,48.24,48.25,48.26,45.0,41291533.0,1922671055.0,-5.991,-2.89
300577,开润股份,17.7,17.68,17.7,18.06,18.01,18.06,17.41,2979400.0,52696421.0,-1.993,-0.36
300578,会畅科技,18.67,18.66,18.67,19.14,18.99,19.1,18.35,5817739.0,108620371.0,-2.456,-0.47
300579,数字认证,23.87,23.87,23.88,24.86,24.66,24.91,23.62,3901579.0,93960074.0,-3.982,-0.99
300580,贝斯特,26.33,26.33,26.34,27.46,27.23,27.44,26.13,11740529.0,312744792.0,-4.115,-1.13
300581,晨曦航空,11.22,11.22,11.23,11.56,11.8,11.81,11.12,7798030.0,88367088.0,-2.941,-0.34
300582,英飞特,15.67,15.66,15.67,16.06,16.09,16.38,15.41,11989875.0,188954859.0,-2.428,-0.39
300583,赛托生物,13.1,13.08,13.1,13.5,13.5,13.5,12.82,4633820.0,60560288.0,-2.963,-0.4
300584,海辰药业,34.57,34.57,34.58,35.1,35.1,35.3,34.28,2039100.0,70667125.0,-1.51,-0.53
300585,奥联电子,19.17,19.17,19.18,19.43,19.38,19.72,18.9,6188600.0,119022193.0,-1.338,-0.26
300586,美联新材,12.07,12.07,12.08,12.59,12.62,12.87,11.83,55047767.0,668586073.0,-4.13,-0.52
300587,天铁科技,5.28,5.28,5.29,5.38,5.38,5.49,5.21,27890200.0,147794325.0,-1.859,-0.1
300588,熙菱信息,19.34,19.31,19.38,20.05,20.05,20.05,19.27,2626060.0,51151576.0,-3.541,-0.71
300589,江龙船艇,13.83,13.82,13.83,14.09,14.03,14.26,13.64,9264185.0,128722223.0,-1.845,-0.26
300590,移为通信,15.26,15.25,15.26,15.26,15.08,15.69,15.08,24239327.0,372227474.0,0.0,0.0
300591,万里马,7.96,7.96,7.97,8.15,8.16,8.18,7.85,14595400.0,116428941.0,-2.331,-0.19
300592,华凯易佰,12.03,12.03,12.07,12.16,12.15,12.36,11.98,8684720.0,105371674.0,-1.069,-0.13
300593,新雷能,38.67,38.67,38.68,40.43,40.65,42.43,37.92,62109962.0,2486501803.0,-4.353,-1.76
300594,ST朗进,17.24,17.24,17.25,17.4,17.29,17.35,16.82,2139800.0,36511882.0,-0.92,-0.16
300595,欧普康视,12.08,12.07,12.08,12.21,12.19,12.28,11.86,9491774.0,114510019.0,-1.065,-0.13
300596,利安隆,45.47,45.47,45.48,42.7,42.5,45.73,42.5,9264475.0,410649749.0,6.487,2.77
300597,吉大通信,9.02,9.01,9.02,9.44,9.45,9.49,8.91,9908000.0,89760636.0,-4.449,-0.42
300598,诚迈科技,33.71,33.7,33.71,36.13,35.99,36.33,33.59,9174389.0,315068491.0,-6.698,-2.42
300599,雄塑科技,12.65,12.65,12.67,13.31,13.3,13.8,12.56,15075100.0,194270021.0,-4.959,-0.66
300600,国瑞科技,11.04,11.04,11.05,11.28,11.25,11.43,10.93,4127800.0,45803933.0,-2.128,-0.24
300601,康泰生物,12.86,12.86,12.87,13.19,13.24,13.24,12.73,14506203.0,187742662.0,-2.502,-0.33
300602,飞荣达,44.83,44.83,44.85,46.73,46.15,47.83,44.5,45711771.0,2105282009.0,-4.066,-1.9
300603,立昂技术,9.99,9.98,9.99,10.52,10.42,10.63,9.97,28934299.0,295169572.0,-5.038,-0.53
300604,长川科技,220.2,220.2,220.23,235.1,234.0,236.0,219.16,34339677.0,7805080600.0,-6.338,-14.9
300605,恒锋信息,11.17,11.17,11.2,11.52,11.52,11.58,10.89,6102662.0,68003311.0,-3.038,-0.35
300606,金太阳,39.2,39.2,39.21,41.03,41.23,41.45,39.03,11962295.0,475326090.0,-4.46,-1.83
300607,拓斯达,32.65,32.65,32.66,33.6,32.96,34.13,32.5,35207399.0,1167826842.0,-2.827,-0.95
300608,思特奇,12.96,12.96,12.97,14.15,14.12,14.15,12.86,37521767.0,498799958.0,-8.41,-1.19
300609,汇纳科技,35.9,35.9,35.91,38.05,38.05,38.11,35.71,4634900.0,169836423.0,-5.65,-2.15
300610,晨化股份,11.19,11.19,11.2,11.52,11.46,11.65,11.06,4493300.0,50430027.0,-2.865,-0.33
300611,美力科技,27.51,27.5,27.51,27.7,27.4,28.1,27.17,8026773.0,222194130.0,-0.686,-0.19
300612,宣亚国际,12.95,12.94,12.95,13.29,13.37,13.45,12.86,5881520.0,76827533.0,-2.558,-0.34
300613,富瀚微,62.37,62.36,62.37,62.82,63.37,65.8,62.01,19499243.0,1247241286.0,-0.716,-0.45
300614,百川畅银,12.13,12.13,12.14,12.41,12.38,12.62,11.86,4535649.0,54953382.0,-2.256,-0.28
300615,欣天科技,12.41,12.4,12.41,12.82,12.69,12.95,12.27,7208900.0,90475580.0,-3.198,-0.41
300616,尚品宅配,15.75,15.75,15.76,16.76,16.54,16.68,15.31,13808402.0,219260693.0,-6.026,-1.01
300617,安靠智电,66.53,66.53,66.54,61.87,61.76,69.86,60.8,19689571.0,1306056474.0,7.532,4.66
300618,寒锐钴业,40.57,40.56,40.57,42.17,42.0,42.1,40.54,7560323.0,311145714.0,-3.794,-1.6
300619,金银河,41.99,41.99,42.0,42.67,42.73,43.64,41.47,5053120.0,215194106.0,-1.594,-0.68
300620,光库科技,259.84,259.84,259.85,252.98,249.22,273.5,245.13,20288949.0,5289613151.0,2.712,6.86
300621,维业股份,7.87,7.87,7.89,8.13,8.11,8.15,7.69,5824665.0,45748805.0,-3.198,-0.26
300622,博士眼镜,24.49,24.49,24.5,24.79,24.51,25.39,24.3,6904440.0,171536091.0,-1.21,-0.3
300623,捷捷微电,36.17,36.16,36.17,35.25,35.2,38.38,35.03,72398248.0,2681540309.0,2.61,0.92
300624,万兴科技,61.29,61.29,61.3,62.53,64.35,64.35,61.23,8187503.0,514085773.0,-1.983,-1.24
300625,三雄极光,11.93,11.92,11.93,12.31,12.26,12.39,11.79,3467090.0,41660415.0,-3.087,-0.38
300626,华瑞股份,42.12,42.12,42.15,42.72,42.71,43.0,40.48,21358410.0,902093601.0,-1.404,-0.6
300627,华测导航,28.52,28.51,28.52,29.37,29.44,29.75,28.5,10455037.0,302719077.0,-2.894,-0.85
300628,亿联网络,37.81,37.81,37.83,37.87,37.58,38.05,37.21,8439894.0,318147885.0,-0.158,-0.06
300629,新劲刚,24.46,24.46,24.47,25.78,25.42,26.3,24.3,14267383.0,357061623.0,-5.12,-1.32
300631,久吾高科,25.6,25.59,25.6,26.34,26.28,26.56,25.48,2645200.0,68370482.0,-2.809,-0.74
300632,光莆股份,31.33,31.33,31.35,32.66,32.1,33.09,30.64,47265074.0,1494663570.0,-4.072,-1.33
300633,开立医疗,21.16,21.16,21.17,21.59,21.7,21.72,21.05,4058972.0,86300462.0,-1.992,-0.43
300634,彩讯股份,26.24,26.23,26.24,27.49,27.24,28.17,26.06,29324063.0,795004374.0,-4.547,-1.25
300635,中达安,13.78,13.78,13.8,14.22,14.35,14.35,13.51,3933300.0,54193796.0,-3.094,-0.44
300636,同和药业,6.91,6.91,6.92,7.01,7.03,7.06,6.81,4841510.0,33398115.0,-1.427,-0.1
300637,扬帆新材,10.56,10.56,10.57,11.02,11.01,11.17,10.45,9394319.0,100737781.0,-4.174,-0.46
300638,广和通,23.06,23.06,23.07,23.53,23.09,24.68,22.81,28171849.0,666813696.0,-1.997,-0.47
300639,凯普生物,5.94,5.94,5.95,6.16,6.12,6.12,5.93,17127007.0,102797983.0,-3.571,-0.22
300640,德艺文创,6.99,6.99,7.0,7.12,7.15,7.26,6.89,10831300.0,76629851.0,-1.826,-0.13
300641,正丹股份,15.52,15.52,15.53,16.06,16.01,16.15,15.41,7577872.0,119088356.0,-3.362,-0.54
300642,透景生命,14.23,14.22,14.23,14.54,14.66,14.69,14.0,3497700.0,49727996.0,-2.132,-0.31
300643,万通智控,17.26,17.26,17.28,17.37,17.37,17.97,16.86,6028800.0,104391948.0,-0.633,-0.11
300644,南京聚隆,26.45,26.43,26.45,28.4,28.0,28.38,26.19,6988690.0,188573673.0,-6.866,-1.95
300645,正元智慧,14.24,14.24,14.25,14.61,14.61,14.75,14.01,4707500.0,67016316.0,-2.533,-0.37
300647,超频三,6.41,6.41,6.42,6.66,6.61,6.69,6.37,16876418.0,109268111.0,-3.754,-0.25
300648,星云股份,54.45,54.25,54.45,54.39,54.43,56.1,52.8,3530980.0,192199312.0,0.11,0.06
300649,杭州园林,20.75,20.75,20.8,21.12,21.27,21.43,20.49,4250200.0,88762777.0,-1.752,-0.37
300650,太龙股份,14.96,14.95,14.96,15.43,15.55,15.65,14.79,7859084.0,119166678.0,-3.046,-0.47
300651,金陵体育,25.23,25.23,25.24,25.64,24.82,26.85,24.29,16137063.0,407527224.0,-1.599,-0.41
300652,雷迪克,49.0,49.0,49.01,52.38,52.33,52.33,47.6,6856209.0,341772612.0,-6.453,-3.38
300653,正海生物,16.02,16.02,16.06,16.11,16.23,16.3,15.85,1177000.0,18873683.0,-0.559,-0.09
300654,世纪天鸿,9.65,9.65,9.66,9.95,9.98,10.1,9.56,9600400.0,93804984.0,-3.015,-0.3
300655,晶瑞电材,16.75,16.74,16.75,17.21,17.2,17.58,16.46,73937389.0,1264947679.0,-2.673,-0.46
300656,民德电子,33.58,33.55,33.58,32.96,33.23,35.0,32.5,9032780.0,304642179.0,1.881,0.62
300657,弘信电子,43.73,43.71,43.73,46.55,45.57,46.03,43.28,84456366.0,3755192218.0,-6.058,-2.82
300658,延江股份,12.27,12.27,12.28,12.32,12.62,12.75,12.2,12542880.0,156490441.0,-0.406,-0.05
300659,中孚信息,11.27,11.26,11.27,11.74,11.7,11.75,11.26,5966980.0,68034471.0,-4.003,-0.47
300660,江苏雷利,47.0,47.0,47.01,48.54,47.5,47.93,46.8,12149545.0,574336352.0,-3.173,-1.54
300661,圣邦股份,119.39,119.39,119.4,116.66,119.8,127.77,117.04,30733324.0,3761924420.0,2.34,2.73
300662,科锐国际,21.46,21.46,21.47,22.32,22.39,22.62,21.32,4070865.0,88826339.0,-3.853,-0.86
300663,科蓝软件,7.98,7.97,7.98,8.26,8.25,8.32,7.91,18484257.0,149015060.0,-3.39,-0.28
300664,鹏鹞环保,5.01,5.0,5.01,5.09,5.1,5.11,4.95,10432400.0,52283766.0,-1.572,-0.08
300665,飞鹿股份,9.5,9.5,9.51,9.84,9.84,9.84,9.4,8887286.0,84841929.0,-3.455,-0.34
300666,江丰电子,183.4,183.4,183.41,197.09,195.0,197.99,182.24,16411802.0,3116623253.0,-6.946,-13.69
300667,必创科技,17.4,17.39,17.4,18.37,18.36,18.36,17.29,8643525.0,153083455.0,-5.28,-0.97
300668,杰恩股份,58.2,58.2,58.21,58.88,59.48,61.66,56.01,6629300.0,391333096.0,-1.155,-0.68
300669,沪宁股份,32.15,32.15,32.16,33.05,33.38,33.79,31.9,2543050.0,82722871.0,-2.723,-0.9
300670,大烨智能,6.75,6.75,6.76,6.56,6.69,7.15,6.34,21174000.0,141646149.0,2.896,0.19
300671,富满微,49.0,49.0,49.01,49.58,49.6,51.63,48.78,12325467.0,619193629.0,-1.17,-0.58
300672,国科微,351.0,351.0,351.01,331.92,348.28,376.8,340.0,13768226.0,4930314641.0,5.748,19.08
300673,佩蒂股份,15.76,15.75,15.76,16.27,16.25,16.33,15.65,4566200.0,72882416.0,-3.135,-0.51
300674,宇信科技,17.23,17.22,17.23,17.91,17.89,18.03,17.2,10703320.0,187387401.0,-3.797,-0.68
300675,建科院,14.45,14.45,14.46,14.83,14.83,14.83,14.17,2558300.0,36871650.0,-2.562,-0.38
300676,华大基因,36.73,36.72,36.73,37.77,37.61,37.87,36.63,6170900.0,228776594.0,-2.754,-1.04
300677,英科医疗,44.7,44.7,44.71,45.72,45.9,45.9,44.12,13793352.0,615169879.0,-2.231,-1.02
300678,中科信息,25.55,25.55,25.57,26.01,26.0,26.18,25.33,5357818.0,137877223.0,-1.769,-0.46
300679,电连技术,52.85,52.85,52.88,55.01,55.38,57.75,52.58,21095255.0,1143453515.0,-3.927,-2.16
300680,隆盛科技,39.97,39.96,39.97,42.68,42.22,42.95,39.82,12138250.0,499209589.0,-6.35,-2.71
300681,英搏尔,31.12,31.12,31.13,32.2,32.01,32.36,30.8,14168477.0,446053283.0,-3.354,-1.08
300682,朗新科技,13.68,13.67,13.68,14.0,13.94,14.13,13.59,15608924.0,215766123.0,-2.286,-0.32
300683,海特生物,28.37,28.37,28.4,29.46,29.44,29.44,28.21,4631100.0,132295471.0,-3.7,-1.09
300684,中石科技,62.98,62.97,62.98,63.73,65.3,66.55,62.05,18165563.0,1169658226.0,-1.177,-0.75
300685,艾德生物,20.64,20.63,20.64,18.42,18.46,20.71,18.46,26239163.0,531204163.0,12.052,2.22
300686,智动力,16.6,16.6,16.64,17.2,17.21,17.56,16.43,7188900.0,121384507.0,-3.488,-0.6
300687,赛意信息,28.46,28.45,28.46,31.9,31.65,31.88,28.06,34676969.0,1021635921.0,-10.784,-3.44
300688,创业黑马,25.65,25.64,25.65,25.99,26.25,26.5,25.48,4877711.0,126097845.0,-1.308,-0.34
300689,澄天伟业,55.41,55.41,55.42,58.11,58.11,58.5,54.05,2287800.0,127171901.0,-4.646,-2.7
300690,双一科技,25.21,25.2,25.21,26.0,26.0,26.26,25.07,3602799.0,91815351.0,-3.038,-0.79
300691,联合光电,17.58,17.58,17.59,18.11,18.02,18.28,17.37,7803064.0,138097805.0,-2.927,-0.53
300692,中赋科技,8.25,8.24,8.25,8.33,8.33,8.37,8.09,10567961.0,86952750.0,-0.96,-0.08
300693,盛弘股份,54.47,54.47,54.48,55.4,55.78,57.52,54.16,17281068.0,962473954.0,-1.679,-0.93
300694,蠡湖股份,10.67,10.67,10.68,11.08,11.14,11.14,10.52,6107419.0,65329679.0,-3.7,-0.41
300695,兆丰股份,65.73,65.73,65.76,67.83,67.03,68.97,65.11,1479700.0,98531770.0,-3.096,-2.1
300696,爱乐达,31.73,31.73,31.74,32.5,32.62,32.78,31.37,6988058.0,222651385.0,-2.369,-0.77
300697,电工合金,16.77,16.76,16.78,17.31,17.31,17.32,16.54,9237713.0,155765500.0,-3.12,-0.54
300698,万马科技,36.78,36.77,36.78,38.47,38.28,38.9,36.49,5002200.0,186674795.0,-4.393,-1.69
300699,光威复材,32.0,31.99,32.0,33.21,33.14,33.55,31.86,21914468.0,714032803.0,-3.643,-1.21
300700,岱勒新材,19.67,19.67,19.68,19.92,19.76,20.07,19.46,8948100.0,176312145.0,-1.255,-0.25
300701,森霸传感,11.59,11.59,11.6,12.03,12.06,12.25,11.47,8383137.0,98082218.0,-3.658,-0.44
300702,天宇股份,19.3,19.3,19.31,20.59,20.58,20.58,19.06,5065611.0,98901714.0,-6.265,-1.29
300703,创源股份,15.74,15.74,15.75,16.21,16.39,16.49,15.6,5926219.0,93566966.0,-2.899,-0.47
300705,九典制药,12.11,12.1,12.11,11.77,11.77,12.44,11.73,10783283.0,130992275.0,2.889,0.34
300706,阿石创,47.87,47.87,47.89,49.29,49.31,50.74,47.5,10512980.0,516690230.0,-2.881,-1.42
300707,威唐工业,13.12,13.12,13.13,13.5,13.47,13.56,13.0,5374300.0,70705627.0,-2.815,-0.38
300708,聚灿光电,10.04,10.04,10.05,9.74,9.63,10.04,9.61,81598362.0,808183303.0,3.08,0.3
300709,精研科技,46.88,46.88,46.96,47.68,47.79,48.68,46.34,7943670.0,374181164.0,-1.678,-0.8
300710,万隆光电,39.03,39.03,39.04,37.26,37.42,39.16,35.8,8585975.0,321578786.0,4.75,1.77
300711,广哈通信,19.8,19.75,19.8,20.2,20.28,20.45,19.55,3239569.0,64469499.0,-1.98,-0.4
300712,永福股份,22.99,22.95,22.99,22.86,22.86,23.15,22.47,3051321.0,69758970.0,0.569,0.13
300713,英可瑞,16.9,16.89,16.9,16.94,17.0,17.36,16.56,3551500.0,60297240.0,-0.236,-0.04
300715,凯伦股份,22.06,22.05,22.06,21.62,20.99,23.0,20.99,26976530.0,601838897.0,2.035,0.44
300716,*ST泉为,15.15,15.14,15.15,15.37,15.64,15.64,15.0,2217300.0,33924434.0,-1.431,-0.22
300717,华信新材,19.29,19.26,19.29,19.93,19.93,19.93,18.82,2221797.0,42759372.0,-3.211,-0.64
300718,长盛轴承,81.32,81.32,81.33,86.49,82.03,86.2,80.71,23151434.0,1922728484.0,-5.978,-5.17
300719,安达维尔,12.67,12.66,12.67,13.14,13.15,13.24,12.63,4885050.0,62618021.0,-3.577,-0.47
300720,海川智能,63.25,63.24,63.25,65.43,65.0,65.77,62.22,6531334.0,414898431.0,-3.332,-2.18
300721,怡达股份,29.8,29.7,29.8,28.54,28.01,31.25,27.94,22995720.0,686648605.0,4.415,1.26
300722,新余国科,24.08,24.05,24.08,24.98,24.99,25.25,23.92,3690805.0,89869840.0,-3.603,-0.9
300723,一品红,41.55,41.55,41.56,39.86,39.59,41.8,38.11,19462983.0,794936632.0,4.24,1.69
300724,捷佳伟创,87.39,87.38,87.39,90.33,90.33,91.99,87.0,17264967.0,1545056709.0,-3.255,-2.94
300725,药石科技,36.4,36.4,36.43,36.88,36.8,37.0,35.9,5661003.0,206199985.0,-1.302,-0.48
300726,宏达电子,60.2,60.19,60.2,61.37,61.85,64.66,60.01,18208208.0,1134135208.0,-1.906,-1.17
300727,润禾材料,36.88,36.88,36.89,36.62,36.29,37.84,35.89,11952107.0,441392732.0,0.71,0.26
300729,乐歌股份,11.81,11.81,11.82,11.83,11.83,11.98,11.56,4018751.0,47181713.0,-0.169,-0.02
300730,科创信息,15.3,15.3,15.31,16.0,15.94,15.98,15.16,12624800.0,194768092.0,-4.375,-0.7
300731,科创新源,91.28,91.28,91.3,90.98,91.38,94.98,89.44,7116531.0,655585426.0,0.33,0.3
300732,设研院,6.92,6.92,6.93,7.12,7.12,7.13,6.83,6342755.0,44069797.0,-2.809,-0.2
300733,西菱动力,16.85,16.84,16.85,17.0,16.86,17.18,16.2,10119939.0,168532832.0,-0.882,-0.15
300735,光弘科技,23.4,23.4,23.41,24.57,24.45,24.8,23.16,34941084.0,829394024.0,-4.762,-1.17
300736,百邦科技,35.37,35.37,35.38,37.18,37.55,37.58,35.18,6675500.0,240173153.0,-4.868,-1.81
300737,科顺股份,7.26,7.26,7.27,7.42,7.33,7.38,7.07,25980705.0,188131790.0,-2.156,-0.16
300738,奥飞数据,22.87,22.87,22.88,23.94,23.8,23.94,22.73,55480069.0,1289307162.0,-4.47,-1.07
300739,明阳电路,35.99,35.99,36.0,33.84,33.38,36.0,32.52,42302966.0,1448198404.0,6.353,2.15
300740,水羊股份,25.25,25.25,25.26,25.76,25.8,25.85,24.93,8958128.0,227277082.0,-1.98,-0.51
300741,华宝股份,14.5,14.49,14.5,14.59,14.68,14.69,14.23,1889700.0,27308065.0,-0.617,-0.09
300743,天地数码,17.51,17.51,17.52,18.1,18.05,18.2,17.37,3315359.0,58365324.0,-3.26,-0.59
300745,欣锐科技,45.43,45.42,45.43,46.41,46.99,46.99,44.6,7301636.0,333042823.0,-2.112,-0.98
300746,汉嘉数智,11.82,11.82,11.85,12.19,12.28,12.48,11.66,4247400.0,50819785.0,-3.035,-0.37
300747,锐科激光,36.21,36.21,36.22,38.08,39.23,41.48,36.06,47120871.0,1818842701.0,-4.911,-1.87
300748,金力永磁,33.1,33.1,33.11,34.63,34.6,34.71,32.93,35592503.0,1195968309.0,-4.418,-1.53
300749,顶固集创,22.45,22.45,22.46,22.57,22.51,22.72,21.69,6533720.0,145319333.0,-0.532,-0.12
300750,宁德时代,414.8,414.8,414.81,402.5,413.92,428.9,411.29,53372888.0,22373358897.0,3.056,12.3
300751,迈为股份,269.65,269.59,269.65,290.2,291.01,293.37,268.88,13003954.0,3634652301.0,-7.081,-20.55
300752,隆利科技,21.12,21.12,21.13,20.51,20.77,21.58,20.4,16526382.0,346218978.0,2.974,0.61
300753,爱朋医疗,23.25,23.24,23.25,23.8,23.8,24.22,23.06,3400258.0,79515357.0,-2.311,-0.55
300755,华致酒行,16.03,16.0,16.03,16.49,16.44,16.7,15.7,12694980.0,204020110.0,-2.79,-0.46
300756,金马游乐,46.63,46.63,46.64,48.7,48.1,49.36,46.3,3071330.0,145727227.0,-4.251,-2.07
300757,罗博特科,633.01,633.0,633.01,597.0,625.0,668.88,625.0,11007218.0,7115485434.0,6.032,36.01
300758,七彩化学,15.2,15.19,15.2,15.71,15.4,15.53,14.82,32010572.0,487657166.0,-3.246,-0.51
300759,康龙化成,25.31,25.31,25.32,25.5,25.5,25.72,25.02,26173765.0,664657480.0,-0.745,-0.19
300760,迈瑞医疗,154.0,153.99,154.0,153.15,152.8,155.68,150.1,10933653.0,1668289245.0,0.555,0.85
300761,立华股份,19.83,19.83,19.85,20.22,20.31,20.5,19.73,8065519.0,161279545.0,-1.929,-0.39
300762,上海瀚讯,36.18,36.18,36.19,37.33,38.07,38.25,35.81,25260593.0,930305411.0,-3.081,-1.15
300763,锦浪科技,119.9,119.89,119.9,107.56,107.44,123.78,107.28,35500509.0,4109344358.0,11.473,12.34
300765,新诺威,27.29,27.28,27.29,27.85,27.76,28.06,26.91,9611483.0,262895864.0,-2.011,-0.56
300766,每日互动,25.15,25.14,25.15,26.16,26.15,26.3,24.95,18422011.0,469060785.0,-3.861,-1.01
300767,震安科技,20.08,20.07,20.08,20.64,20.53,20.93,19.72,8392575.0,169205583.0,-2.713,-0.56
300768,迪普科技,16.99,16.95,16.99,17.44,17.29,17.59,16.86,5848490.0,100517560.0,-2.58,-0.45
300769,德方纳米,68.3,68.3,68.31,67.95,67.7,71.27,67.7,23298075.0,1617849847.0,0.515,0.35
300770,新媒股份,35.0,34.99,35.0,35.5,35.5,36.03,34.9,2137978.0,75658053.0,-1.408,-0.5
300771,智莱科技,11.97,11.96,11.97,12.51,12.42,12.49,11.87,6948150.0,83742326.0,-4.317,-0.54
300772,运达股份,15.9,15.89,15.9,16.14,16.0,16.58,15.82,19788094.0,321135284.0,-1.487,-0.24
300773,拉卡拉,25.59,25.59,25.6,26.53,26.36,26.61,25.54,36126695.0,937587868.0,-3.543,-0.94
300774,倍杰特,14.43,14.43,14.44,15.33,15.48,15.51,14.34,12854436.0,190450194.0,-5.871,-0.9
300775,三角防务,25.59,25.59,25.6,26.47,26.6,26.66,25.34,19219440.0,496837485.0,-3.325,-0.88
300776,帝尔激光,171.0,170.99,171.0,155.5,165.0,186.0,164.89,24589878.0,4315850724.0,9.968,15.5
300777,中简科技,36.47,36.47,36.5,38.1,37.96,38.39,36.35,14693700.0,547396123.0,-4.278,-1.63
300778,新城市,12.96,12.95,12.96,13.4,13.3,13.42,12.86,3670360.0,47778075.0,-3.284,-0.44
300779,惠城环保,89.23,89.22,89.27,92.15,91.93,93.5,88.66,14277334.0,1297730796.0,-3.169,-2.92
300780,德恩精工,29.55,29.55,29.57,31.26,31.21,31.4,29.19,8083300.0,243404319.0,-5.47,-1.71
300781,因赛集团,32.17,32.14,32.17,32.55,33.33,34.2,32.08,5967824.0,196947351.0,-1.167,-0.38
300782,卓胜微,116.97,116.97,116.98,117.91,117.91,122.8,114.0,26511644.0,3142253268.0,-0.797,-0.94
300783,三只松鼠,18.17,18.17,18.18,17.96,17.85,18.49,17.34,11596800.0,207611743.0,1.169,0.21
300784,利安科技,46.15,45.91,46.15,49.16,49.16,49.56,45.51,1799891.0,83954670.0,-6.123,-3.01
300785,值得买,45.95,45.94,45.95,45.62,46.12,47.2,44.78,7379407.0,340987642.0,0.723,0.33
300786,国林科技,18.8,18.78,18.8,19.46,19.23,19.5,18.6,12348951.0,233647283.0,-3.392,-0.66
300787,海能实业,10.13,10.1,10.13,10.35,10.35,10.41,10.0,6123390.0,62236569.0,-2.126,-0.22
300788,中信出版,27.83,27.83,27.85,28.47,28.57,28.88,27.65,3271390.0,92159896.0,-2.248,-0.64
300789,唐源电气,22.72,22.72,22.73,22.34,22.59,23.69,22.15,4127303.0,95014058.0,1.701,0.38
300790,宇瞳光学,34.51,34.5,34.51,34.63,35.2,36.6,34.1,24430823.0,863352400.0,-0.347,-0.12
300791,仙乐健康,17.47,17.47,17.48,17.81,17.68,17.8,17.14,1577207.0,27480714.0,-1.909,-0.34
300792,壹网壹创,31.61,31.61,31.62,32.72,33.0,33.07,31.4,6312500.0,202142608.0,-3.392,-1.11
300793,佳禾智能,14.2,14.2,14.21,14.7,14.6,15.05,14.18,9563068.0,139300752.0,-3.401,-0.5
300795,米奥会展,11.56,11.55,11.56,12.31,12.66,12.99,11.1,30713143.0,373006457.0,-6.093,-0.75
300796,贝斯美,7.52,7.52,7.53,7.63,7.58,7.75,7.48,5547432.0,41876927.0,-1.442,-0.11
300797,钢研纳克,14.32,14.32,14.33,14.75,14.65,14.9,14.28,2514550.0,36432584.0,-2.915,-0.43
300798,锦鸡股份,8.09,8.08,8.09,8.41,8.38,8.41,8.02,15005356.0,122819297.0,-3.805,-0.32
300800,力合科技,11.02,11.02,11.03,11.44,11.5,11.5,10.87,4728203.0,52289016.0,-3.671,-0.42
300801,泰和科技,27.51,27.48,27.51,28.62,28.37,28.62,27.15,6549580.0,181572798.0,-3.878,-1.11
300802,矩子科技,23.04,23.03,23.04,23.3,23.11,23.76,22.63,13083413.0,302488603.0,-1.116,-0.26
300803,指南针,97.14,97.14,97.15,100.81,99.65,101.5,96.82,20662338.0,2039448959.0,-3.641,-3.67
300804,广康生化,39.52,39.51,39.53,41.32,41.0,41.86,39.29,1531583.0,61155970.0,-4.356,-1.8
300805,电声股份,8.75,8.74,8.75,8.95,9.05,9.07,8.67,7432500.0,65532622.0,-2.235,-0.2
300806,斯迪克,79.21,79.21,79.25,82.01,84.0,84.77,78.84,20125740.0,1631892021.0,-3.414,-2.8
300807,天迈科技,46.97,46.96,46.97,46.95,46.94,48.18,46.63,1748100.0,82748082.0,0.043,0.02
300808,久量股份,24.31,24.31,24.39,24.98,25.49,25.49,24.1,2424100.0,59281821.0,-2.682,-0.67
300809,华辰装备,39.3,39.3,39.31,42.1,41.0,41.79,39.1,16213120.0,654410260.0,-6.651,-2.8
300810,中科海讯,28.08,28.08,28.09,29.08,29.05,29.35,27.8,2216500.0,62918529.0,-3.439,-1.0
300811,铂科新材,86.38,86.38,86.39,88.78,90.11,92.4,82.0,23087838.0,2040924987.0,-2.703,-2.4
300812,易天股份,43.27,43.27,43.28,44.5,44.0,44.89,42.15,12411480.0,542283621.0,-2.764,-1.23
300813,泰林生物,22.19,22.19,22.2,22.8,22.57,22.87,21.76,2516870.0,55686354.0,-2.675,-0.61
300814,中富电路,156.0,155.91,156.0,145.59,148.19,159.66,147.12,12103918.0,1858883407.0,7.15,10.41
300815,玉禾田,21.06,21.06,21.07,22.14,22.02,22.03,20.95,7275186.0,155740408.0,-4.878,-1.08
300816,艾可蓝,94.78,94.78,94.85,88.02,89.45,102.9,88.88,6819629.0,665322450.0,7.68,6.76
300817,双飞集团,19.4,19.4,19.41,20.2,20.21,20.21,19.18,4974232.0,97106546.0,-3.96,-0.8
300818,耐普矿机,24.86,24.85,24.86,25.73,25.58,27.06,24.7,7720003.0,198404555.0,-3.381,-0.87
300819,聚杰微纤,70.53,70.53,70.54,79.93,78.66,78.87,69.28,14022200.0,1017900426.0,-11.76,-9.4
300820,英杰电气,63.7,63.7,63.73,64.92,64.51,68.49,63.4,7102267.0,465742064.0,-1.879,-1.22
300821,东岳硅材,16.27,16.26,16.27,15.94,15.81,16.49,15.69,98974522.0,1595655039.0,2.07,0.33
300822,贝仕达克,14.25,14.25,14.27,14.74,14.73,14.78,14.12,3143151.0,45088923.0,-3.324,-0.49
300823,建科智能,17.44,17.44,17.45,17.9,17.9,17.96,17.11,4089080.0,71017081.0,-2.57,-0.46
300824,北鼎股份,8.51,8.51,8.53,8.76,8.76,8.77,8.45,3332240.0,28493272.0,-2.854,-0.25
300825,阿尔特,13.0,12.99,13.0,12.96,12.76,13.28,12.54,44514649.0,574305791.0,0.309,0.04
300826,测绘股份,16.4,16.39,16.4,16.39,16.33,16.5,16.11,3753380.0,61282857.0,0.061,0.01
300827,上能电气,36.65,36.65,36.66,36.28,36.1,37.79,36.02,22701653.0,840866528.0,1.02,0.37
300828,锐新科技,19.62,19.62,19.64,20.18,20.13,20.5,19.43,4455750.0,87443052.0,-2.775,-0.56
300829,金丹科技,19.52,19.52,19.53,19.99,19.7,20.29,19.42,10314295.0,203600255.0,-2.351,-0.47
300830,金现代,9.76,9.75,9.76,10.19,10.17,10.2,9.69,14659195.0,145090748.0,-4.22,-0.43
300831,派瑞股份,26.42,26.41,26.42,24.9,24.8,26.58,24.0,44964108.0,1139569834.0,6.104,1.52
300832,新产业,47.6,47.6,47.62,46.52,46.08,47.89,45.64,6835399.0,320692641.0,2.322,1.08
300833,浩洋股份,36.4,36.4,36.43,37.17,36.71,37.42,36.2,985300.0,36033558.0,-2.072,-0.77
300834,星辉环材,50.25,50.2,50.25,50.18,50.04,51.63,48.68,6007876.0,301275582.0,0.139,0.07
300835,龙磁科技,171.29,171.28,171.29,163.29,169.39,175.0,163.0,7354264.0,1240853017.0,4.899,8.0
300836,佰奥智能,75.24,75.22,75.25,77.6,77.6,78.77,74.68,2253994.0,171645055.0,-3.041,-2.36
300837,浙矿股份,31.0,31.0,31.01,31.86,31.87,31.88,30.17,4223300.0,131035980.0,-2.699,-0.86
300838,浙江力诺,18.4,18.4,18.41,19.47,19.48,19.57,18.04,6634463.0,124523300.0,-5.496,-1.07
300839,博汇股份,16.98,16.98,16.99,17.58,17.42,17.77,16.79,8028952.0,137516635.0,-3.413,-0.6
300840,酷特智能,23.28,23.28,23.3,24.61,24.6,24.75,23.11,11255790.0,264420135.0,-5.404,-1.33
300841,康华生物,47.41,47.41,47.43,49.39,49.21,49.64,47.2,3693770.0,176998227.0,-4.009,-1.98
300842,帝科股份,95.26,95.26,95.3,99.27,101.14,102.65,94.45,8002868.0,784326292.0,-4.039,-4.01
300843,胜蓝股份,93.42,93.39,93.42,93.57,93.57,96.0,91.3,5671882.0,530885871.0,-0.16,-0.15
300844,山水比德,27.0,27.0,27.05,28.26,28.3,29.7,26.67,2328520.0,63789852.0,-4.459,-1.26
300845,捷安高科,14.46,14.46,14.47,14.79,14.68,14.9,14.35,6358330.0,92708060.0,-2.231,-0.33
300846,首都在线,25.04,25.04,25.05,26.9,26.77,26.97,24.89,31566537.0,810278836.0,-6.914,-1.86
300847,中船汉光,14.46,14.46,14.47,14.82,14.89,14.97,14.3,3204994.0,46466040.0,-2.429,-0.36
300848,美瑞新材,14.96,14.96,14.97,15.47,15.47,15.64,14.85,5638340.0,85110369.0,-3.297,-0.51
300849,锦盛新材,20.32,20.32,20.33,20.68,20.71,21.59,19.98,4019024.0,82339909.0,-1.741,-0.36
300850,新强联,32.51,32.51,32.52,33.28,33.28,34.11,32.02,10501301.0,345815149.0,-2.314,-0.77
300851,交大思诺,31.9,31.9,31.92,34.6,32.58,34.43,31.2,8480865.0,272035799.0,-7.803,-2.7
300852,四会富仕,52.99,52.98,52.99,55.14,55.0,55.5,52.41,9344072.0,502352867.0,-3.899,-2.15
300853,申昊科技,36.99,36.98,36.99,37.74,36.93,37.8,35.66,12435669.0,456649933.0,-1.987,-0.75
300854,中兰环保,42.57,42.57,42.59,41.15,41.41,43.78,41.0,8802156.0,373330496.0,3.451,1.42
300855,图南股份,38.15,38.15,38.16,37.21,37.21,40.33,37.21,13953302.0,547003144.0,2.526,0.94
300856,科思股份,12.87,12.86,12.87,13.21,13.21,13.36,12.77,4962060.0,64176600.0,-2.574,-0.34
300857,协创数据,246.02,246.02,246.3,258.01,260.84,261.98,243.08,23718964.0,5970317380.0,-4.647,-11.99
300858,科拓生物,16.45,16.45,16.46,16.88,16.86,17.0,16.33,6480486.0,107020057.0,-2.547,-0.43
300859,西域旅游,28.94,28.94,28.95,29.2,29.14,29.3,28.65,2700149.0,77971645.0,-0.89,-0.26
300860,锋尚文化,25.5,25.5,25.56,25.4,25.52,25.7,25.14,1870875.0,47571510.0,0.394,0.1
300861,美畅股份,20.98,20.97,20.98,21.03,20.92,21.7,20.7,18321412.0,386781714.0,-0.238,-0.05
300862,蓝盾光电,24.05,24.05,24.06,25.32,25.15,25.49,23.8,5148247.0,126109722.0,-5.016,-1.27
300863,卡倍亿,78.3,78.3,78.35,74.85,73.74,80.37,72.98,14857430.0,1149822599.0,4.609,3.45
300864,南大环境,22.36,22.32,22.36,22.7,22.92,22.94,22.1,2427535.0,54251406.0,-1.498,-0.34
300865,大宏立,28.41,28.4,28.41,29.41,29.37,29.48,28.15,2494375.0,71235826.0,-3.4,-1.0
300866,安克创新,124.0,123.97,124.0,120.71,121.22,126.48,120.81,4642063.0,577266078.0,2.726,3.29
300867,圣元环保,20.1,20.09,20.1,21.07,20.91,21.03,20.02,7943301.0,161701214.0,-4.604,-0.97
300868,杰美特,114.0,114.0,114.01,119.28,121.42,124.18,112.81,4673548.0,539888981.0,-4.427,-5.28
300869,康泰医学,11.56,11.55,11.56,11.79,11.77,11.85,11.45,3169162.0,36724964.0,-1.951,-0.23
300870,欧陆通,417.0,417.0,417.1,424.94,429.98,445.14,411.2,3606083.0,1532227016.0,-1.868,-7.94
300871,回盛生物,21.38,21.37,21.38,21.55,21.55,21.63,21.13,4158595.0,88742068.0,-0.789,-0.17
300872,天阳科技,18.87,18.86,18.87,20.22,20.25,20.25,18.78,18808963.0,361750442.0,-6.677,-1.35
300873,海晨股份,23.26,23.25,23.26,23.4,23.18,23.53,22.82,3952000.0,91690555.0,-0.598,-0.14
300875,捷强装备,33.81,33.81,33.83,34.68,34.68,34.68,33.24,3294731.0,111358953.0,-2.509,-0.87
300876,蒙泰高新,26.77,26.77,26.84,27.58,27.69,27.69,26.01,3204040.0,85888716.0,-2.937,-0.81
300877,金春股份,31.6,31.58,31.6,31.47,31.48,33.15,31.39,3271279.0,105416325.0,0.413,0.13
300878,维康药业,32.15,32.15,32.16,32.51,32.61,32.7,31.38,2781320.0,88781928.0,-1.107,-0.36
300879,大叶股份,20.2,20.19,20.2,19.48,19.46,21.23,19.17,8896356.0,180548632.0,3.696,0.72
300880,迦南智能,21.62,21.61,21.62,20.75,20.88,22.29,20.7,8003317.0,172851474.0,4.193,0.87
300881,盛德鑫泰,52.9,52.9,53.0,54.45,54.6,54.7,52.71,1796515.0,96420931.0,-2.847,-1.55
300882,万胜智能,17.31,17.3,17.31,17.61,17.48,17.79,17.18,3540978.0,61629746.0,-1.704,-0.3
300883,龙利得,6.83,6.83,6.84,6.91,6.96,7.0,6.78,26125794.0,178962225.0,-1.158,-0.08
300884,狄耐克,11.54,11.53,11.54,11.97,11.97,12.03,11.45,5437140.0,63151754.0,-3.592,-0.43
300885,海昌新材,29.82,29.82,29.83,29.51,29.0,29.92,27.6,17177490.0,492958164.0,1.05,0.31
300886,华业香料,25.13,25.12,25.13,25.91,25.91,26.01,24.54,2087830.0,52207903.0,-3.01,-0.78
300887,谱尼测试,8.42,8.42,8.43,8.72,8.7,8.81,8.36,11392584.0,97145916.0,-3.44,-0.3
300888,稳健医疗,29.36,29.36,29.37,29.99,29.84,30.04,29.22,3048741.0,89901588.0,-2.101,-0.63
300889,爱克股份,23.25,23.25,23.31,23.81,23.86,23.93,22.9,7179607.0,166946182.0,-2.352,-0.56
300890,翔丰华,35.23,35.22,35.23,35.76,35.51,36.3,34.89,6087604.0,216897172.0,-1.482,-0.53
300891,惠云钛业,7.33,7.33,7.34,7.58,7.58,7.62,7.26,5841469.0,42976633.0,-3.298,-0.25
300892,品渥食品,24.55,24.55,24.56,24.0,24.1,25.6,23.17,5537234.0,135339852.0,2.292,0.55
300893,松原安全,22.38,22.38,22.41,23.01,23.0,23.19,22.25,2698460.0,60870829.0,-2.738,-0.63
300894,火星人,9.36,9.35,9.36,9.85,9.83,9.83,9.29,6995760.0,65920899.0,-4.975,-0.49
300895,铜牛信息,64.48,64.48,64.49,68.08,67.4,67.45,63.5,7239374.0,473258040.0,-5.288,-3.6
300896,爱美客,102.2,102.2,102.21,101.93,101.49,103.99,99.69,3928552.0,399411574.0,0.265,0.27
300897,山科智能,18.3,18.26,18.3,18.72,19.0,19.0,18.01,2306266.0,42361115.0,-2.244,-0.42
300898,熊猫乳品,22.65,22.65,22.66,21.86,21.65,23.48,21.12,7366465.0,163271244.0,3.614,0.79
300899,上海凯鑫,34.45,34.45,34.69,34.45,34.39,37.37,33.9,1799300.0,64231026.0,0.0,0.0
300900,广联航空,37.07,37.07,37.08,37.47,38.1,38.54,36.37,22291451.0,834698808.0,-1.068,-0.4
300901,中胤时尚,16.36,16.36,16.37,15.73,15.75,16.4,15.35,7338105.0,117521141.0,4.005,0.63
300902,国安达,16.18,16.18,16.19,17.25,17.15,17.25,16.08,5598559.0,92247718.0,-6.203,-1.07
300903,科翔股份,74.32,74.31,74.32,79.97,79.97,80.5,72.72,31557842.0,2374367727.0,-7.065,-5.65
300904,威力传动,53.49,53.48,53.49,56.0,57.0,60.88,53.08,2817891.0,157974090.0,-4.482,-2.51
300905,宝丽迪,68.45,68.44,68.45,65.94,66.0,73.44,64.86,13422243.0,935109793.0,3.806,2.51
300906,日月明,32.11,32.11,32.16,32.26,32.03,32.8,31.28,2003000.0,64314676.0,-0.465,-0.15
300907,康平科技,41.35,41.31,41.35,41.36,41.36,42.6,40.52,5986307.0,249026088.0,-0.024,-0.01
300908,仲景食品,24.34,24.33,24.34,25.14,25.14,25.14,24.34,2363327.0,58119820.0,-3.182,-0.8
300909,汇创达,49.7,49.66,49.7,48.0,48.0,50.34,47.14,7203415.0,353621797.0,3.542,1.7
300910,瑞丰新材,45.83,45.83,45.84,47.5,47.34,47.34,45.68,4715305.0,218291638.0,-3.516,-1.67
300911,亿田智能,27.33,27.33,27.35,28.86,28.8,28.92,27.08,5319550.0,147829539.0,-5.301,-1.53
300912,凯龙高科,27.51,27.51,27.52,28.35,28.11,28.48,27.18,6478530.0,178386518.0,-2.963,-0.84
300913,兆龙互连,51.2,51.19,51.2,53.85,53.53,53.68,50.59,6583980.0,342174444.0,-4.921,-2.65
300915,海融科技,24.12,24.1,24.12,24.24,24.24,24.37,23.67,1567233.0,37708253.0,-0.495,-0.12
300916,朗特智能,35.13,35.13,35.19,36.26,36.26,36.26,34.98,2581538.0,91526317.0,-3.116,-1.13
300917,特发服务,29.18,29.18,29.19,30.02,29.89,30.15,28.82,4491861.0,131448186.0,-2.798,-0.84
300918,南山智尚,13.41,13.41,13.43,14.2,14.18,14.33,13.33,10247230.0,139878919.0,-5.563,-0.79
300919,中伟新材,54.93,54.92,54.93,54.4,54.95,56.58,54.5,21432447.0,1188921911.0,0.974,0.53
300920,润阳科技,46.77,46.77,46.85,47.98,48.0,48.94,46.45,1884709.0,89178521.0,-2.522,-1.21
300921,南凌科技,27.64,27.64,27.65,28.82,28.6,28.75,27.2,10095109.0,281102423.0,-4.094,-1.18
300922,天秦装备,22.28,22.27,22.28,22.56,22.31,22.62,21.83,6211620.0,137596484.0,-1.241,-0.28
300923,研奥股份,24.4,24.36,24.4,25.25,25.26,25.47,23.9,2271830.0,55276553.0,-3.366,-0.85
300925,法本信息,16.78,16.78,16.79,17.54,17.33,17.59,16.69,9824249.0,167284476.0,-4.333,-0.76
300926,博俊科技,20.37,20.36,20.37,21.0,20.83,20.98,20.29,4753805.0,97500501.0,-3.0,-0.63
300927,江天化学,24.55,24.55,24.56,25.49,25.48,25.48,24.25,3924219.0,96744855.0,-3.688,-0.94
300928,华安鑫创,33.0,33.0,33.07,34.0,34.0,34.33,32.76,1911500.0,63738241.0,-2.941,-1.0
300929,华骐环保,12.7,12.7,12.71,13.09,13.15,13.22,12.43,4203180.0,53285350.0,-2.979,-0.39
300930,屹通新材,32.55,32.54,32.55,33.81,33.81,34.5,32.31,2398151.0,79132293.0,-3.727,-1.26
300931,通用电梯,15.72,15.72,15.74,15.99,15.91,16.06,15.51,4388772.0,69177544.0,-1.689,-0.27
300932,三友联众,10.58,10.57,10.58,10.29,10.22,10.7,10.03,29391298.0,307222703.0,2.818,0.29
300933,中辰股份,7.97,7.97,7.99,8.17,8.17,8.32,7.91,15559803.0,125649639.0,-2.448,-0.2
300935,盈建科,39.97,39.97,39.98,41.58,41.26,41.39,39.52,3727321.0,149833514.0,-3.872,-1.61
300936,中英科技,93.5,93.46,93.5,92.15,91.23,94.48,89.05,3455972.0,317940711.0,1.465,1.35
300937,药易购,23.1,23.09,23.1,23.9,23.9,24.06,22.94,2928500.0,67920486.0,-3.347,-0.8
300938,信测标准,56.3,56.28,56.3,55.43,55.89,57.92,54.5,13923145.0,785896809.0,1.57,0.87
300939,秋田微,73.55,73.53,73.55,71.0,69.92,73.6,67.17,15856315.0,1105854809.0,3.592,2.55
300940,南极光,18.67,18.67,18.68,19.69,19.65,20.06,18.37,9951849.0,189626904.0,-5.18,-1.02
300941,创识科技,15.87,15.84,15.87,16.4,16.69,16.69,15.71,3700404.0,58943019.0,-3.232,-0.53
300942,易瑞生物,6.91,6.9,6.91,7.07,7.04,7.07,6.79,5616900.0,38718762.0,-2.263,-0.16
300943,春晖智控,39.75,39.75,39.77,40.46,40.0,41.86,39.59,10523425.0,427702557.0,-1.755,-0.71
300945,曼卡龙,12.92,12.91,12.92,13.44,13.33,13.4,12.83,6927498.0,89990841.0,-3.869,-0.52
300946,恒而达,50.11,50.1,50.11,52.99,52.99,52.99,49.88,2592076.0,131802647.0,-5.435,-2.88
300947,德必集团,15.4,15.4,15.42,15.9,15.73,15.91,15.13,3022351.0,46710305.0,-3.145,-0.5
300948,冠中生态,27.35,27.34,27.35,27.8,28.48,28.8,26.9,7187913.0,198969152.0,-1.619,-0.45
300949,奥雅股份,36.0,35.98,36.0,36.97,36.97,37.13,35.01,969100.0,34881127.0,-2.624,-0.97
300950,德固特,19.5,19.49,19.5,20.15,20.2,20.36,19.16,3168648.0,61958437.0,-3.226,-0.65
300951,博硕科技,39.37,39.37,39.38,39.45,39.15,39.78,38.67,3516698.0,137671163.0,-0.203,-0.08
300952,恒辉安防,26.72,26.72,26.73,28.25,27.7,28.46,26.5,10461002.0,284026893.0,-5.416,-1.53
300953,震裕科技,234.88,234.88,234.89,245.0,244.0,247.45,229.0,7399954.0,1764898734.0,-4.131,-10.12
300955,嘉亨家化,47.76,47.76,47.79,47.61,47.36,48.49,45.0,3951159.0,186927721.0,0.315,0.15
300956,英力股份,14.05,14.03,14.05,14.5,14.51,14.59,13.87,4896444.0,69323579.0,-3.103,-0.45
300957,贝泰妮,37.54,37.52,37.54,37.87,37.83,38.32,37.15,5115429.0,193022063.0,-0.871,-0.33
300958,建工修复,13.01,13.01,13.02,13.42,13.46,13.48,12.77,4782800.0,62222892.0,-3.055,-0.41
300959,线上线下,226.99,226.94,226.99,218.99,207.31,231.69,206.0,9197489.0,2007107860.0,3.653,8.0
300960,通业科技,19.02,19.01,19.03,19.45,19.41,19.73,18.88,1555791.0,29764958.0,-2.211,-0.43
300961,深水海纳,12.41,12.41,12.42,12.92,12.85,12.92,12.22,5613633.0,70096655.0,-3.947,-0.51
300962,中金辐照,13.61,13.58,13.61,13.93,13.96,14.03,13.51,3119432.0,42747179.0,-2.297,-0.32
300963,中洲特材,15.46,15.46,15.47,15.65,15.5,16.03,15.39,9583733.0,150492786.0,-1.214,-0.19
300964,本川智能,85.0,85.0,85.04,90.9,89.0,90.61,83.74,5518177.0,480181010.0,-6.491,-5.9
300965,恒宇信通,63.3,63.3,63.31,66.0,65.69,66.01,63.2,1779768.0,114140714.0,-4.091,-2.7
300966,共同药业,27.03,27.02,27.03,27.23,27.24,27.4,26.3,3186700.0,85996168.0,-0.734,-0.2
300967,晓鸣股份,17.49,17.49,17.5,16.54,16.96,18.0,16.83,12157114.0,211438043.0,5.744,0.95
300968,格林精密,11.55,11.55,11.57,11.88,11.88,12.13,11.48,7163060.0,84148668.0,-2.778,-0.33
300969,恒帅股份,159.7,159.7,159.79,163.53,164.6,170.51,157.53,3295228.0,535999376.0,-2.342,-3.83
300970,华绿生物,29.12,29.12,29.14,29.89,29.95,30.41,28.98,4118176.0,121156782.0,-2.576,-0.77
300971,博亚精工,22.32,22.31,22.32,23.06,23.01,23.11,22.2,3038886.0,68415357.0,-3.209,-0.74
300972,万辰集团,190.0,189.98,190.0,202.4,195.7,198.88,182.49,5668606.0,1091442207.0,-6.126,-12.4
300973,立高食品,27.92,27.91,27.92,26.97,26.97,28.45,26.22,5640901.0,154692807.0,3.522,0.95
300975,商络电子,31.3,31.3,31.31,29.06,28.93,32.66,28.9,108985549.0,3380311808.0,7.708,2.24
300976,达瑞电子,91.86,91.85,91.86,91.5,90.82,93.98,89.75,4998873.0,459525506.0,0.393,0.36
300977,深圳瑞捷,20.02,20.01,20.02,20.71,20.71,21.12,19.91,2082833.0,42080636.0,-3.332,-0.69
300978,东箭科技,10.13,10.13,10.14,10.44,10.44,10.49,10.1,4328860.0,44247048.0,-2.969,-0.31
300979,华利集团,34.25,34.21,34.25,34.66,34.6,34.75,33.79,2269701.0,77640965.0,-1.183,-0.41
300980,祥源新材,28.69,28.69,28.74,28.92,29.25,29.49,28.2,4975850.0,144005188.0,-0.795,-0.23
300981,中红医疗,13.21,13.21,13.22,13.63,13.67,13.74,13.04,8242246.0,109968539.0,-3.081,-0.42
300982,苏文电能,22.98,22.97,22.98,21.89,22.17,23.68,22.17,13074262.0,302704742.0,4.979,1.09
300983,尤安设计,36.1,36.07,36.1,36.94,37.27,37.27,35.52,1944918.0,70227867.0,-2.274,-0.84
300984,金沃股份,64.39,64.38,64.44,68.1,68.0,68.25,63.98,3218993.0,211017032.0,-5.448,-3.71
300985,致远新能,20.86,20.86,20.88,21.53,21.56,21.96,20.7,2367516.0,50051277.0,-3.112,-0.67
300986,志特新材,19.62,19.61,19.62,20.16,20.26,20.37,19.38,12955745.0,255845142.0,-2.679,-0.54
300987,川网传媒,14.67,14.65,14.67,14.91,15.0,15.16,14.51,4275100.0,63105412.0,-1.61,-0.24
300988,津荣天宇,26.38,26.38,26.39,27.48,27.35,27.8,26.14,5036580.0,135041447.0,-4.003,-1.1
300989,蕾奥规划,14.6,14.6,14.67,14.24,14.31,15.1,13.72,6128073.0,89070351.0,2.528,0.36
300990,同飞股份,86.6,86.6,86.62,93.0,92.28,93.8,85.5,7772921.0,692357188.0,-6.882,-6.4
300991,创益通,42.79,42.74,42.79,41.57,41.46,43.39,39.7,7120508.0,298068495.0,2.935,1.22
300992,泰福泵业,27.85,27.85,27.9,28.55,28.55,28.55,27.23,2507669.0,69504091.0,-2.452,-0.7
300993,玉马科技,10.95,10.95,10.96,11.68,11.53,11.55,10.82,8841798.0,97591640.0,-6.25,-0.73
300994,久祺股份,12.63,12.63,12.69,13.0,13.04,13.05,12.57,2385880.0,30413985.0,-2.846,-0.37
300995,奇德新材,35.01,35.0,35.01,36.7,36.83,36.83,34.59,2602000.0,91730876.0,-4.605,-1.69
300996,普联软件,12.05,12.04,12.05,12.59,12.52,12.8,11.96,11835898.0,144831227.0,-4.289,-0.54
300997,欢乐家,18.44,18.44,18.45,17.1,16.95,19.67,16.67,21060507.0,381101658.0,7.836,1.34
300998,宁波方正,29.28,29.28,29.31,29.28,29.0,29.98,28.77,3528500.0,103175551.0,0.0,0.0
300999,金龙鱼,27.02,27.02,27.03,26.41,26.22,27.34,25.93,18077335.0,481994130.0,2.31,0.61
301000,肇民科技,33.46,33.46,33.47,35.34,34.63,35.39,32.76,12260479.0,415038797.0,-5.32,-1.88
301001,凯淳股份,27.17,27.17,27.18,27.75,27.96,28.1,26.44,1518000.0,41026210.0,-2.09,-0.58
301002,崧盛股份,56.8,56.8,56.81,59.18,59.0,59.36,55.3,7981713.0,456807789.0,-4.022,-2.38
301003,江苏博云,53.47,53.47,53.49,52.57,52.45,53.97,51.3,2720698.0,143697322.0,1.712,0.9
301004,嘉益股份,38.83,38.81,38.83,40.06,39.91,40.4,38.54,573660.0,22381577.0,-3.07,-1.23
301005,超捷股份,150.51,150.51,150.56,152.91,155.5,156.55,148.18,5288144.0,802231497.0,-1.57,-2.4
301006,迈拓股份,15.84,15.84,15.85,16.54,16.5,16.97,15.58,3361473.0,53560097.0,-4.232,-0.7
301007,德迈仕,37.33,37.33,37.35,39.39,39.02,39.47,37.18,5340883.0,203992189.0,-5.23,-2.06
301008,宏昌科技,28.3,28.3,28.31,28.04,27.8,28.98,27.52,4649015.0,131066760.0,0.927,0.26
301009,可靠股份,9.83,9.78,9.83,9.99,9.98,10.0,9.6,3016500.0,29426910.0,-1.602,-0.16
301010,晶雪节能,20.54,20.5,20.54,21.24,21.37,21.59,20.1,3296000.0,67809263.0,-3.296,-0.7
301011,华立科技,16.92,16.91,16.92,17.7,17.72,17.72,16.81,3944818.0,67568828.0,-4.407,-0.78
301012,扬电科技,35.29,35.29,35.3,36.58,36.68,37.0,34.63,13307286.0,473290700.0,-3.527,-1.29
301013,利和兴,43.91,43.91,43.92,45.99,45.04,48.5,43.73,61508736.0,2781787820.0,-4.523,-2.08
301015,百洋医药,23.37,23.36,23.37,23.07,23.03,23.43,22.61,6025220.0,139134276.0,1.3,0.3
301016,雷尔伟,16.76,16.75,16.76,17.33,17.33,17.33,16.42,5289085.0,88842491.0,-3.289,-0.57
301017,漱玉平民,13.36,13.36,13.37,13.05,12.97,13.7,12.86,8793587.0,117259398.0,2.375,0.31
301018,申菱环境,152.03,152.0,152.03,156.61,155.89,159.99,150.1,7777927.0,1204305273.0,-2.924,-4.58
301019,宁波色母,21.92,21.9,21.92,22.39,22.35,22.58,21.64,1663896.0,36568453.0,-2.099,-0.47
301020,密封科技,27.1,27.1,27.11,28.36,28.0,29.1,26.88,8886100.0,246164941.0,-4.443,-1.26
301021,英诺激光,90.48,90.48,90.5,84.67,87.06,95.58,87.0,17023102.0,1566970199.0,6.862,5.81
301022,海泰科,29.05,29.04,29.06,30.37,30.01,30.71,28.73,3286669.0,96256906.0,-4.346,-1.32
301023,奕帆传动,43.39,43.39,43.42,50.56,49.02,49.2,43.22,7892518.0,359638919.0,-14.181,-7.17
301024,霍普股份,45.33,45.32,45.33,46.7,47.55,48.55,45.02,1151650.0,52992736.0,-2.934,-1.37
301025,读客文化,9.74,9.74,9.75,9.9,9.98,10.14,9.65,5660595.0,55770379.0,-1.616,-0.16
301026,浩通科技,33.91,33.9,33.91,35.95,35.5,35.97,33.55,7772055.0,266785661.0,-5.675,-2.04
301027,华蓝集团,21.26,21.26,21.28,22.08,21.94,22.25,21.0,5188300.0,111425707.0,-3.714,-0.82
301028,鼎熔岩,20.53,20.53,20.54,19.54,19.18,21.19,18.66,26191700.0,518541026.0,5.067,0.99
301029,怡合达,29.21,29.2,29.21,30.07,30.07,30.42,29.03,14318631.0,424410279.0,-2.86,-0.86
301030,*ST仕净,13.2,13.19,13.2,12.49,12.56,13.39,12.33,13557156.0,173682907.0,5.685,0.71
301031,中熔电气,168.37,168.18,168.37,170.03,169.43,176.3,165.38,3371847.0,576390861.0,-0.976,-1.66
301032,新柴股份,11.73,11.72,11.73,12.25,12.22,12.27,11.66,4393100.0,52010375.0,-4.245,-0.52
301033,迈普医学,51.24,51.24,51.25,51.52,51.66,52.88,50.65,906040.0,46623748.0,-0.543,-0.28
301035,润丰股份,69.72,69.5,69.86,70.61,70.94,71.3,68.87,802773.0,56029737.0,-1.26,-0.89
301036,双乐股份,25.19,25.19,25.2,26.58,26.5,26.68,24.92,2234350.0,56867553.0,-5.229,-1.39
301037,保立佳,15.8,15.8,15.88,16.52,16.53,16.88,15.53,2652248.0,42150809.0,-4.358,-0.72
301038,深水规院,18.37,18.33,18.37,19.44,19.37,19.37,18.21,5089047.0,94351731.0,-5.504,-1.07
301039,中集车辆,7.96,7.95,7.96,8.06,8.0,8.09,7.88,10180530.0,81037121.0,-1.241,-0.1
301040,中环海陆,30.86,30.75,30.86,32.7,32.98,34.53,30.2,6761490.0,215919861.0,-5.627,-1.84
301041,金百泽,33.33,33.22,33.33,34.7,34.27,34.57,32.78,8581361.0,288278191.0,-3.948,-1.37
301042,安联锐视,99.7,99.14,99.7,99.99,99.7,99.7,97.2,463400.0,45705042.0,-0.29,-0.29
301043,绿岛风,46.82,46.81,46.82,48.47,46.78,49.64,46.31,1233737.0,58230569.0,-3.404,-1.65
301045,天禄科技,61.02,61.0,61.02,61.85,61.72,64.75,60.06,6995067.0,433951779.0,-1.342,-0.83
301046,能辉科技,27.93,27.93,27.98,29.0,28.98,29.0,27.8,4566458.0,129139405.0,-3.69,-1.07
301047,义翘神州,64.85,64.65,64.85,65.4,65.02,65.53,64.0,677295.0,43766449.0,-0.841,-0.55
301048,金鹰重工,9.8,9.79,9.8,10.11,10.1,10.3,9.73,5606500.0,55449047.0,-3.066,-0.31
301049,超越科技,22.09,22.09,22.19,22.66,22.71,22.83,21.73,1694800.0,37429358.0,-2.515,-0.57
301050,雷电微力,40.67,40.66,40.67,40.95,40.33,41.8,39.71,12598017.0,514118529.0,-0.684,-0.28
301051,信濠光电,25.18,25.18,25.19,25.95,26.0,26.13,24.91,5286223.0,133620989.0,-2.967,-0.77
301052,果麦文化,28.04,28.01,28.04,28.41,28.68,29.18,27.8,3140163.0,88982949.0,-1.302,-0.37
301053,远信工业,51.75,51.68,51.75,53.58,53.23,53.39,51.35,1951502.0,101987289.0,-3.415,-1.83
301055,张小泉,35.82,35.82,35.84,36.06,36.06,36.34,35.38,3465430.0,123984958.0,-0.666,-0.24
301056,森赫股份,13.38,13.38,13.4,13.8,13.83,13.83,13.28,2521700.0,33893713.0,-3.043,-0.42
301057,汇隆新材,30.51,30.49,30.51,32.55,32.46,32.75,30.4,2847882.0,88204011.0,-6.267,-2.04
301058,中粮科工,8.81,8.8,8.81,8.87,8.89,8.92,8.74,4293375.0,37860993.0,-0.676,-0.06
301059,金三江,14.17,14.16,14.17,14.5,14.58,14.61,14.05,2861630.0,40761107.0,-2.276,-0.33
301060,兰卫医学,9.97,9.96,9.97,10.38,10.33,10.33,9.88,6942500.0,69629084.0,-3.95,-0.41
301061,匠心家居,44.11,44.11,44.14,45.17,45.09,45.37,43.66,1767375.0,78363424.0,-2.347,-1.06
301062,上海艾录,7.15,7.15,7.16,7.04,7.05,7.29,6.95,9042325.0,64457355.0,1.563,0.11
301063,海锅股份,20.67,20.64,20.67,21.04,21.06,21.28,20.41,2199182.0,45546207.0,-1.759,-0.37
301065,本立科技,21.34,21.34,21.39,22.05,21.86,22.03,20.99,1984150.0,42446794.0,-3.22,-0.71
301066,万事利,14.53,14.52,14.53,15.1,14.95,15.02,14.3,4919803.0,71588990.0,-3.775,-0.57
301067,显盈科技,34.29,34.28,34.29,34.9,35.35,37.82,34.07,7190316.0,254629251.0,-1.748,-0.61
301068,大地海洋,29.93,29.9,29.93,31.32,31.85,31.85,29.58,1274250.0,38605335.0,-4.438,-1.39
301069,凯盛新材,20.95,20.95,20.96,22.01,21.85,22.19,20.85,14689782.0,314804462.0,-4.816,-1.06
301070,开勒股份,97.29,97.27,97.29,95.43,95.5,99.44,93.5,4141811.0,402329662.0,1.949,1.86
301071,力量钻石,73.14,73.14,73.15,80.15,76.29,79.41,72.98,32475389.0,2430278191.0,-8.746,-7.01
301072,中捷精工,22.8,22.8,22.89,23.64,23.55,23.63,22.5,1590198.0,36623335.0,-3.553,-0.84
301073,君亭酒店,23.27,23.26,23.27,23.77,23.69,23.85,23.1,4110741.0,95984626.0,-2.103,-0.5
301075,多瑞医药,76.24,76.24,76.48,76.38,76.39,78.88,75.01,1804796.0,139020253.0,-0.183,-0.14
301076,新瀚新材,31.79,31.78,31.79,33.79,33.0,33.83,31.6,11067844.0,360641294.0,-5.919,-2.0
301077,星华新材,27.48,27.47,27.49,28.05,28.0,28.38,27.33,2458153.0,68065925.0,-2.032,-0.57
301078,孩子王,9.46,9.45,9.46,9.7,9.59,9.74,9.4,41172676.0,391275521.0,-2.474,-0.24
301079,邵阳液压,36.48,36.47,36.48,37.03,37.05,37.76,36.1,4173130.0,153227623.0,-1.485,-0.55
301080,百普赛斯,41.79,41.78,41.8,41.6,41.7,42.89,41.18,2550358.0,107262013.0,0.457,0.19
301081,严牌股份,19.96,19.96,19.97,21.68,21.77,22.18,19.3,16629517.0,339692208.0,-7.934,-1.72
301082,久盛电气,10.79,10.79,10.8,10.93,10.96,11.15,10.66,6976530.0,75819621.0,-1.281,-0.14
301083,百胜智能,15.55,15.55,15.57,15.9,15.84,16.16,15.42,2430700.0,38106966.0,-2.201,-0.35
301085,亚康股份,74.55,74.55,74.59,78.38,77.81,78.41,74.04,3294085.0,249265858.0,-4.886,-3.83
301086,鸿富瀚,229.46,229.46,229.9,233.0,233.35,234.0,221.04,2262527.0,517485163.0,-1.519,-3.54
301087,可孚医疗,48.48,48.48,48.5,47.7,47.7,49.29,46.84,2925180.0,140455454.0,1.635,0.78
301088,戎美股份,15.65,15.65,15.66,16.17,16.46,16.46,15.43,2512400.0,39441610.0,-3.216,-0.52
301089,拓新药业,23.75,23.75,23.76,24.44,24.39,24.4,23.53,1822972.0,43460745.0,-2.823,-0.69
301090,华润材料,7.22,7.21,7.22,7.43,7.42,7.49,7.16,7648600.0,55688540.0,-2.826,-0.21
301091,深城交,18.72,18.72,18.73,19.79,19.89,19.9,18.64,8207965.0,156165504.0,-5.407,-1.07
301092,争光股份,50.68,50.67,50.68,47.06,48.2,51.97,47.48,7662683.0,385955340.0,7.692,3.62
301093,华兰股份,126.0,125.97,126.0,128.7,128.02,129.96,123.28,3320404.0,419731742.0,-2.098,-2.7
301095,广立微,100.48,100.48,100.5,104.39,104.35,105.2,99.5,10714294.0,1096590267.0,-3.746,-3.91
301096,百诚医药,64.6,0.0,0.0,64.6,0.0,0.0,0.0,0.0,0.0,0.0,0.0
301097,天益医疗,56.05,56.0,56.05,57.9,57.98,57.98,55.28,1178652.0,66029896.0,-3.195,-1.85
301098,金埔园林,10.27,10.27,10.28,10.2,10.2,10.32,9.9,8911276.0,90144170.0,0.686,0.07
301099,雅创电子,65.5,65.48,65.5,67.44,67.39,68.58,65.08,7540924.0,500212407.0,-2.877,-1.94
301100,风光股份,16.74,16.74,16.75,17.15,16.97,17.19,16.51,1565600.0,26202580.0,-2.391,-0.41
301101,明月镜片,34.04,34.0,34.05,33.83,33.9,34.93,33.67,2138300.0,73307985.0,0.621,0.21
301102,兆讯传媒,10.11,10.11,10.12,10.49,10.49,10.68,10.03,3561496.0,36598495.0,-3.622,-0.38
301103,何氏眼科,17.19,17.19,17.2,17.68,17.58,17.7,16.95,2546639.0,43803330.0,-2.771,-0.49
301105,鸿铭股份,54.35,54.35,54.54,52.35,52.81,56.29,52.41,1118913.0,60775750.0,3.82,2.0
301106,骏成科技,33.67,33.67,33.72,35.11,35.53,35.54,33.23,2868610.0,97178768.0,-4.101,-1.44
301107,瑜欣电子,28.04,28.02,28.04,29.51,29.52,29.53,27.83,3276034.0,93416452.0,-4.981,-1.47
301108,洁雅股份,23.35,23.35,23.39,23.65,23.64,23.86,22.91,1576400.0,36627931.0,-1.268,-0.3
301109,军信股份,14.46,14.46,14.47,14.78,14.85,14.89,14.37,5988183.0,87084659.0,-2.165,-0.32
301110,青木科技,59.0,58.99,59.0,59.43,58.99,60.17,58.38,3612806.0,213879618.0,-0.724,-0.43
301111,粤万年青,28.6,28.6,28.62,27.76,27.76,29.33,27.55,9374305.0,267885194.0,3.026,0.84
301112,信邦智能,34.48,34.46,34.48,35.81,36.2,36.2,34.12,1687500.0,58731827.0,-3.714,-1.33
301113,雅艺科技,18.77,18.75,18.77,19.32,19.3,19.67,18.38,1931544.0,36310081.0,-2.847,-0.55
301115,联检科技,31.98,31.98,31.99,31.0,31.55,32.66,31.5,7743877.0,248469353.0,3.161,0.98
301116,益客食品,9.49,9.49,9.5,9.59,9.66,9.66,9.24,3819300.0,36062959.0,-1.043,-0.1
301117,佳缘科技,27.64,27.63,27.64,27.38,27.32,29.14,27.1,7882380.0,223541216.0,0.95,0.26
301118,恒光股份,29.99,29.99,30.02,30.8,30.37,31.48,29.75,6143239.0,186974841.0,-2.63,-0.81
301119,正强股份,35.93,35.92,35.93,37.94,37.24,39.62,35.46,2250718.0,81903776.0,-5.298,-2.01
301120,新特电气,24.02,24.02,24.03,22.8,22.69,24.27,22.5,43573972.0,1039798101.0,5.351,1.22
301121,紫建电子,38.77,38.68,38.77,39.51,39.56,39.76,38.3,1831180.0,71189613.0,-1.873,-0.74
301122,采纳股份,28.12,28.12,28.15,28.75,28.93,29.31,27.98,2218100.0,62944578.0,-2.191,-0.63
301123,奕东电子,79.5,79.47,79.5,77.0,80.0,84.77,77.01,18489737.0,1496138646.0,3.247,2.5
301125,腾亚精工,22.36,22.36,22.38,23.32,23.32,23.32,21.98,3170904.0,71011811.0,-4.117,-0.96
301126,达嘉维康,10.5,10.5,10.51,10.79,10.78,10.79,10.33,4438600.0,46511871.0,-2.688,-0.29
301127,武汉天源,14.84,14.83,14.84,15.42,15.56,15.79,14.76,17878462.0,271141381.0,-3.761,-0.58
301128,强瑞技术,124.99,124.96,124.99,131.33,132.4,134.0,123.96,8552449.0,1095285615.0,-4.828,-6.34
301129,瑞纳智能,27.51,27.51,27.52,28.4,28.4,28.41,27.21,3636236.0,100513495.0,-3.134,-0.89
301130,西点药业,28.93,28.93,29.05,29.18,29.18,29.31,28.71,1161500.0,33670920.0,-0.857,-0.25
301131,聚赛龙,38.68,38.68,38.75,39.87,39.96,40.07,38.3,1164500.0,45318402.0,-2.985,-1.19
301132,满坤科技,39.21,39.18,39.21,40.09,39.73,41.6,38.83,6876243.0,273311923.0,-2.195,-0.88
301133,金钟股份,43.83,43.83,43.85,43.61,43.51,44.32,41.8,2550641.0,109763595.0,0.504,0.22
301135,瑞德智能,24.76,24.75,24.76,25.56,25.44,25.61,24.56,1647200.0,40975908.0,-3.13,-0.8
301136,招标股份,13.37,13.37,13.38,13.77,13.76,13.85,13.25,4524400.0,60883207.0,-2.905,-0.4
301137,哈焊华通,40.56,40.55,40.56,39.87,39.6,41.87,39.3,5392220.0,220908315.0,1.731,0.69
301138,华研精机,29.71,29.7,29.71,30.7,30.51,30.81,29.63,1223452.0,36653430.0,-3.225,-0.99
301139,*ST元道,5.01,5.01,5.02,5.18,4.99,5.49,4.89,21315675.0,110396613.0,-3.282,-0.17
301141,中科磁业,50.58,50.55,50.58,53.2,53.27,53.63,49.83,2699949.0,137586009.0,-4.925,-2.62
301148,嘉戎技术,75.06,75.06,75.2,73.18,75.0,87.0,74.45,6738549.0,524099356.0,2.569,1.88
301149,隆华新材,11.96,11.96,11.98,12.35,12.35,12.46,11.85,9246560.0,111832732.0,-3.158,-0.39
301150,中一科技,63.46,63.46,63.47,68.4,68.0,68.0,62.39,13657848.0,877529629.0,-7.222,-4.94
301151,冠龙节能,15.91,15.9,15.91,16.49,16.55,16.55,15.77,2275685.0,36352758.0,-3.517,-0.58
301152,天力锂能,28.09,28.09,28.1,28.8,28.74,29.36,27.88,4325343.0,122924070.0,-2.465,-0.71
301153,中科江南,19.14,19.13,19.14,19.49,19.58,19.75,19.03,4370995.0,84333335.0,-1.796,-0.35
301155,海力风电,64.92,64.92,64.93,66.5,66.36,69.0,64.33,4636300.0,305344000.0,-2.376,-1.58
301156,美农生物,18.34,18.32,18.34,19.0,18.95,19.07,17.9,2522090.0,46175527.0,-3.474,-0.66
301157,华塑科技,71.19,71.19,71.26,72.12,72.09,72.55,69.85,1207090.0,85881150.0,-1.29,-0.93
301158,德石股份,21.94,21.93,21.94,22.8,22.79,22.79,21.76,4221154.0,93078938.0,-3.772,-0.86
301159,三维天地,35.28,35.23,35.28,36.69,36.76,36.8,35.0,1814000.0,64751098.0,-3.843,-1.41
301160,翔楼新材,57.84,57.84,57.88,59.7,59.11,59.59,57.38,2279678.0,132571909.0,-3.116,-1.86
301161,唯万密封,32.6,32.6,32.65,33.4,33.39,34.17,32.4,3617393.0,119739535.0,-2.395,-0.8
301162,国能日新,49.27,49.26,49.27,50.17,49.85,52.01,48.88,4275583.0,216325574.0,-1.794,-0.9
301163,宏德股份,27.26,27.23,27.3,28.09,28.08,28.08,26.9,1842100.0,50236004.0,-2.955,-0.83
301165,锐捷网络,66.54,66.53,66.54,68.56,68.63,70.58,66.0,12018040.0,820464270.0,-2.946,-2.02
301166,优宁维,28.69,28.66,28.69,29.28,29.44,29.46,28.27,1166900.0,33493831.0,-2.015,-0.59
301167,建研设计,15.66,15.66,15.69,16.05,16.01,16.1,15.26,4104620.0,63794890.0,-2.43,-0.39
301168,通灵股份,40.18,40.18,40.3,42.21,42.63,43.1,39.97,3049500.0,125090636.0,-4.809,-2.03
301169,零点有数,86.75,86.74,86.75,90.89,90.87,91.79,86.54,1557030.0,137370747.0,-4.555,-4.14
301170,锡南科技,26.42,26.29,26.42,26.84,26.78,27.07,26.13,1557100.0,41182744.0,-1.565,-0.42
301171,易点天下,37.99,37.99,38.0,39.8,40.55,40.79,37.69,53665758.0,2089710066.0,-4.548,-1.81
301172,君逸数码,35.03,35.03,35.04,36.05,36.01,36.68,34.76,6263228.0,222217200.0,-2.829,-1.02
301173,毓恬冠佳,36.21,36.21,36.29,37.77,37.41,38.09,36.01,824797.0,30166670.0,-4.13,-1.56
301175,中科环保,5.72,5.71,5.72,5.78,5.76,5.82,5.71,14849026.0,85397592.0,-1.038,-0.06
301176,逸豪新材,44.02,44.02,44.05,46.22,46.06,46.33,43.1,10946254.0,483164252.0,-4.76,-2.2
301177,迪阿股份,26.34,26.34,26.35,27.66,27.6,27.61,26.23,1648653.0,44033171.0,-4.772,-1.32
301178,天亿马,50.68,50.61,50.68,53.2,53.01,53.85,50.35,1786147.0,92228633.0,-4.737,-2.52
301179,泽宇智能,23.0,22.98,23.0,24.9,24.55,24.57,22.75,13573307.0,318152371.0,-7.631,-1.9
301180,万祥科技,15.67,15.67,15.68,16.19,16.19,16.33,15.46,4610083.0,72849828.0,-3.212,-0.52
301181,标榜股份,31.38,31.38,31.39,32.33,32.19,32.46,30.94,2286350.0,71991945.0,-2.938,-0.95
301182,凯旺科技,85.02,85.01,85.02,89.27,88.0,90.89,84.27,3828053.0,330991119.0,-4.761,-4.25
301183,东田微,250.05,250.05,250.06,244.95,240.01,258.8,236.88,7587809.0,1885587066.0,2.082,5.1
301185,鸥玛软件,16.19,16.19,16.2,16.61,16.6,16.65,15.92,2911900.0,47069393.0,-2.529,-0.42
301186,超达装备,64.8,64.8,64.81,65.65,65.1,66.93,63.7,1294093.0,83923260.0,-1.295,-0.85
301187,欧圣电气,19.26,19.26,19.32,19.62,19.7,20.09,19.22,2348244.0,45932477.0,-1.835,-0.36
301188,力诺药包,43.86,43.86,43.88,44.9,43.99,47.02,43.0,23230857.0,1039605154.0,-2.316,-1.04
301189,奥尼电子,98.8,98.8,98.99,102.1,102.21,103.77,97.62,4520269.0,451461400.0,-3.232,-3.3
301190,善水科技,23.35,23.35,23.38,22.58,22.4,23.45,22.4,3681654.0,84869756.0,3.41,0.77
301191,菲菱科思,160.7,160.7,160.73,167.22,169.0,170.98,159.03,5889462.0,970527506.0,-3.899,-6.52
301192,泰祥股份,23.83,23.83,23.84,24.28,24.17,24.44,23.25,1690700.0,40079110.0,-1.853,-0.45
301193,家联科技,22.77,22.77,22.79,24.15,24.02,24.98,22.6,10327712.0,239930552.0,-5.714,-1.38
301195,北路智控,30.45,30.45,30.47,31.56,31.88,32.37,30.38,3300470.0,102468467.0,-3.517,-1.11
301196,唯科科技,135.46,135.36,135.46,141.25,141.26,142.5,133.83,3157560.0,434080368.0,-4.099,-5.79
301197,工大科雅,30.58,30.58,30.59,31.39,31.9,31.9,30.24,3123230.0,96054769.0,-2.58,-0.81
301198,喜悦智行,17.89,17.89,17.91,19.08,19.0,19.03,17.58,7713047.0,139466352.0,-6.237,-1.19
301199,迈赫股份,20.83,20.82,20.83,22.26,22.2,22.21,20.77,3035520.0,64485553.0,-6.424,-1.43
301200,大族数控,303.0,303.0,303.08,285.36,280.0,309.49,271.0,9391563.0,2703426598.0,6.182,17.64
301201,诚达药业,33.49,33.48,33.49,34.59,34.39,34.73,33.26,4481920.0,151195725.0,-3.18,-1.1
301202,朗威股份,43.49,43.49,43.5,42.87,42.63,44.39,40.65,5145338.0,220575419.0,1.446,0.62
301203,国泰环保,45.84,45.61,45.84,46.08,46.0,46.19,44.2,1158446.0,52453019.0,-0.521,-0.24
301205,联特科技,244.0,243.88,244.0,254.7,252.91,254.13,239.0,7511754.0,1852890658.0,-4.201,-10.7
301206,三元生物,25.24,25.24,25.26,25.69,25.7,25.83,24.98,1415300.0,35870683.0,-1.752,-0.45
301207,华兰疫苗,18.15,18.14,18.15,18.58,18.56,18.59,17.93,5643305.0,102550226.0,-2.314,-0.43
301208,中亦科技,30.11,30.11,30.12,31.53,31.34,31.55,30.01,2007820.0,60978092.0,-4.504,-1.42
301209,联合化学,87.38,87.1,87.38,89.12,88.5,88.72,86.02,1074074.0,93555487.0,-1.952,-1.74
301210,金杨精密,41.7,41.7,41.71,42.23,42.01,43.0,41.26,2909630.0,122040733.0,-1.255,-0.53
301211,亨迪药业,10.05,10.05,10.09,10.29,10.29,10.29,9.94,4215444.0,42403890.0,-2.332,-0.24
301212,联盛化学,31.8,31.76,31.81,32.46,32.47,32.97,31.52,1539800.0,49236710.0,-2.033,-0.66
301213,观想科技,66.33,66.32,66.33,69.21,69.21,69.8,65.95,1608750.0,107865451.0,-4.161,-2.88
301215,中汽股份,5.95,5.95,5.96,6.07,6.07,6.12,5.92,9207614.0,55137277.0,-1.977,-0.12
301216,万凯新材,25.89,25.88,25.89,27.08,27.18,27.72,25.65,9411758.0,247599107.0,-4.394,-1.19
301217,铜冠铜箔,101.92,101.91,101.92,102.45,100.0,106.6,95.0,36632466.0,3682499869.0,-0.517,-0.53
301218,华是科技,34.79,34.79,34.8,35.99,35.89,36.58,34.43,3911319.0,138310444.0,-3.334,-1.2
301219,腾远钴业,79.49,79.47,79.49,82.68,82.31,82.85,78.91,7251909.0,584319391.0,-3.858,-3.19
301220,亚香股份,37.77,37.77,37.78,39.19,39.19,39.43,37.55,1948100.0,74259890.0,-3.623,-1.42
301221,光庭信息,35.85,35.85,35.86,37.2,37.0,37.79,35.4,3456315.0,125236392.0,-3.629,-1.35
301222,浙江恒威,31.55,31.54,31.55,31.21,31.1,32.97,30.86,4205108.0,132916430.0,1.089,0.34
301223,中荣股份,17.17,17.15,17.17,17.36,17.36,17.41,17.01,1538560.0,26357851.0,-1.094,-0.19
301225,恒勃股份,104.8,104.8,104.81,118.49,118.0,118.82,104.59,2972394.0,325000932.0,-11.554,-13.69
301226,祥明智能,39.71,39.71,39.74,39.35,39.15,41.2,38.88,5343303.0,215773063.0,0.915,0.36
301227,森鹰窗业,30.31,30.31,30.37,32.03,32.0,32.21,30.1,1837300.0,56631472.0,-5.37,-1.72
301228,实朴检测,62.9,62.9,62.91,66.22,65.82,67.27,56.0,5069005.0,318789708.0,-5.014,-3.32
301229,纽泰格,15.16,15.15,15.16,15.5,15.48,15.55,14.92,3163509.0,47892311.0,-2.194,-0.34
301230,泓博医药,35.7,35.7,35.71,35.91,36.11,36.2,35.1,4462582.0,159085811.0,-0.585,-0.21
301231,荣信文化,29.91,29.91,29.96,30.9,32.29,32.29,29.56,5988958.0,185893478.0,-3.204,-0.99
301232,飞沃科技,139.57,139.57,139.61,133.97,139.0,142.79,129.69,8731876.0,1190155209.0,4.18,5.6
301233,盛帮股份,65.54,65.54,65.68,63.49,63.12,67.0,61.65,3567384.0,228068145.0,3.229,2.05
301234,五洲医疗,36.51,36.3,36.51,37.51,37.26,38.12,36.26,1526800.0,56420744.0,-2.666,-1.0
301235,华康洁净,65.6,65.56,65.6,67.0,67.0,68.41,64.64,4399149.0,291749817.0,-2.09,-1.4
301236,软通动力,36.5,36.5,36.51,38.45,38.0,38.26,36.45,22887556.0,851879269.0,-5.072,-1.95
301237,和顺科技,73.78,73.76,73.78,74.55,74.77,75.88,72.1,2208256.0,163127092.0,-1.033,-0.77
301238,瑞泰新材,23.0,23.0,23.01,23.14,23.01,23.35,22.57,17501860.0,402023168.0,-0.605,-0.14
301239,普瑞眼科,38.83,38.82,38.83,39.74,39.94,40.08,38.48,2441220.0,95091853.0,-2.29,-0.91
301246,宏源药业,31.39,31.39,31.4,30.97,30.76,33.0,30.53,19505290.0,626263759.0,1.356,0.42
301248,杰创智能,77.08,77.08,77.09,80.78,81.0,81.0,75.98,7573945.0,592758908.0,-4.58,-3.7
301251,威尔高,72.45,72.4,72.45,73.84,73.21,75.35,71.21,6785794.0,496842945.0,-1.882,-1.39
301252,同星科技,35.42,35.42,35.43,37.26,37.29,38.18,34.9,5253311.0,190770522.0,-4.938,-1.84
301255,通力科技,27.47,27.47,27.48,31.6,30.81,31.28,27.21,7535913.0,216492402.0,-13.07,-4.13
301256,华融化学,12.16,12.15,12.16,12.86,12.84,12.92,12.09,9664600.0,119592750.0,-5.443,-0.7
301257,普蕊斯,44.62,44.62,44.65,45.46,46.0,46.1,43.94,1786492.0,79549502.0,-1.848,-0.84
301258,富士莱,27.1,27.1,27.12,27.69,27.69,27.85,26.65,1100700.0,29776795.0,-2.131,-0.59
301259,艾布鲁,34.18,34.17,34.18,35.71,36.07,36.17,33.8,4293200.0,148763502.0,-4.285,-1.53
301260,格力博,16.4,16.39,16.4,16.9,16.89,16.9,16.29,5883793.0,97133429.0,-2.959,-0.5
301261,恒工精密,97.1,97.08,97.1,101.17,99.18,103.72,96.0,4435508.0,438713116.0,-4.023,-4.07
301262,海看股份,21.98,21.97,21.98,21.58,22.5,23.33,21.97,6836535.0,154063598.0,1.854,0.4
301263,泰恩康,25.39,25.38,25.39,25.05,25.13,26.18,24.89,5162114.0,131395148.0,1.357,0.34
301265,华新科技,27.88,27.87,27.89,27.96,28.23,28.8,27.4,10110970.0,281489273.0,-0.286,-0.08
301266,宇邦新材,26.21,26.2,26.21,26.45,26.63,27.15,25.95,3498569.0,92725195.0,-0.907,-0.24
301267,华厦眼科,17.41,17.41,17.42,17.72,17.7,17.97,17.21,5146242.0,90207034.0,-1.749,-0.31
301268,铭利达,17.99,17.95,17.99,18.81,18.8,18.82,17.72,4895800.0,88582805.0,-4.359,-0.82
301269,华大九天,127.42,127.42,127.5,135.0,130.0,132.3,125.0,39948285.0,5135138518.0,-5.615,-7.58
301270,汉仪股份,28.48,28.47,28.48,29.93,29.94,30.19,28.19,2872144.0,82913277.0,-4.845,-1.45
301272,英华特,42.11,42.11,42.16,43.48,43.65,43.8,41.62,1133500.0,47983046.0,-3.151,-1.37
301273,瑞晨环保,40.99,40.98,41.0,42.27,42.28,42.54,40.23,1714019.0,70590975.0,-3.028,-1.28
301275,汉朔科技,43.03,43.03,43.04,45.73,45.65,45.85,42.95,8816076.0,388573596.0,-5.904,-2.7
301276,嘉曼服饰,24.2,24.09,24.2,24.53,24.63,24.82,24.0,1817784.0,44034229.0,-1.345,-0.33
301277,新天地,9.98,9.98,10.0,10.19,10.13,10.19,9.79,2676664.0,26668682.0,-2.061,-0.21
301278,快可电子,36.1,36.09,36.1,37.43,37.67,38.4,36.0,2559037.0,94493547.0,-3.553,-1.33
301279,金道科技,24.11,24.11,24.17,25.58,26.01,26.16,23.81,3237255.0,79208314.0,-5.747,-1.47
301280,珠城科技,44.02,44.01,44.02,46.3,46.09,46.09,42.62,4925953.0,217044421.0,-4.924,-2.28
301281,科源制药,39.97,39.88,39.97,41.47,41.5,41.53,39.17,3008973.0,121039707.0,-3.617,-1.5
301282,金禄电子,27.51,27.5,27.51,28.95,28.84,28.99,27.09,12351646.0,343992114.0,-4.974,-1.44
301283,聚胶股份,28.07,28.06,28.07,29.62,29.58,29.68,27.87,1596470.0,45342582.0,-5.233,-1.55
301285,鸿日达,114.0,113.99,114.0,115.1,113.25,117.88,110.0,6339344.0,718157768.0,-0.956,-1.1
301286,侨源股份,56.36,56.35,56.36,58.45,58.02,58.73,56.08,2508968.0,143038956.0,-3.576,-2.09
301287,康力源,38.06,38.0,38.06,39.23,39.23,39.77,37.58,1140968.0,43592642.0,-2.982,-1.17
301288,清研环境,17.78,17.78,17.86,18.53,18.48,18.59,17.33,2740800.0,48828310.0,-4.047,-0.75
301289,国缆检测,52.01,51.84,52.01,51.61,51.61,52.35,50.8,902490.0,46506347.0,0.775,0.4
301290,东星医疗,29.1,29.08,29.1,30.39,30.37,30.43,28.79,2853100.0,83830977.0,-4.245,-1.29
301291,明阳电气,59.69,59.69,59.7,57.58,58.0,64.15,57.69,18184598.0,1109149034.0,3.664,2.11
301292,海科新源,70.91,70.9,70.92,71.63,71.45,73.1,70.17,7391885.0,529792582.0,-1.005,-0.72
301293,三博脑科,60.75,60.75,60.76,61.99,61.92,62.3,60.48,5301602.0,324240283.0,-2.0,-1.24
301295,美硕科技,45.96,45.96,46.13,47.88,48.33,48.33,45.22,1875660.0,86496010.0,-4.01,-1.92
301296,新巨丰,6.9,6.89,6.9,6.97,7.0,7.01,6.81,3046800.0,21004460.0,-1.004,-0.07
301297,富乐德,44.98,44.96,44.98,46.79,46.67,47.56,44.79,18500113.0,849676333.0,-3.868,-1.81
301298,东利机械,14.49,14.49,14.51,14.9,14.92,14.99,14.26,3001491.0,43461435.0,-2.752,-0.41
301299,卓创资讯,52.89,52.88,52.89,56.18,56.25,56.25,52.0,2496174.0,133534091.0,-5.856,-3.29
301300,远翔新材,36.71,36.71,36.73,37.46,37.37,37.83,36.45,865731.0,31949948.0,-2.002,-0.75
301301,川宁生物,8.98,8.97,8.98,9.17,9.17,9.18,8.92,9024696.0,81254588.0,-2.072,-0.19
301302,华如科技,26.38,26.38,26.39,27.27,27.14,27.58,26.1,7722600.0,206166200.0,-3.264,-0.89
301303,真兰仪表,13.85,13.85,13.88,13.96,13.96,14.17,13.74,3217283.0,44668783.0,-0.788,-0.11
301305,朗坤科技,30.0,29.99,30.0,27.58,29.29,31.45,28.1,30559414.0,910450937.0,8.774,2.42
301306,西测测试,133.97,133.97,133.98,136.14,136.81,138.88,131.66,2453148.0,328961020.0,-1.594,-2.17
301307,美利信,55.58,55.58,55.59,57.89,58.68,61.0,54.49,14034030.0,799347041.0,-3.99,-2.31
301308,江波龙,551.59,551.58,551.59,538.95,565.16,585.99,546.0,25200450.0,14357021420.0,2.345,12.64
301309,万得凯,32.98,32.95,32.98,33.75,33.74,33.74,32.8,1590316.0,52693415.0,-2.281,-0.77
301310,鑫宏业,29.56,29.55,29.56,28.32,28.2,30.36,27.88,8454519.0,246991625.0,4.379,1.24
301311,昆船智能,15.09,15.08,15.09,15.46,15.53,15.66,15.04,2779000.0,42400673.0,-2.393,-0.37
301312,智立方,135.42,135.42,135.49,144.5,143.06,146.0,131.41,6735304.0,928275506.0,-6.284,-9.08
301313,凡拓数创,48.6,48.6,48.61,50.7,50.0,51.15,47.7,12081832.0,589741143.0,-4.142,-2.1
301314,科瑞思,47.48,47.47,47.64,49.12,49.22,49.38,46.35,1088830.0,51884119.0,-3.339,-1.64
301315,威士顿,46.71,46.69,46.71,48.73,48.48,49.17,46.43,1560142.0,73758975.0,-4.145,-2.02
301316,慧博云通,48.0,47.99,48.0,49.94,49.2,49.56,47.58,14712954.0,711273751.0,-3.885,-1.94
301317,鑫磊股份,67.73,67.72,67.73,72.77,71.9,73.33,66.7,5143427.0,354508588.0,-6.926,-5.04
301318,维海德,23.42,23.41,23.43,23.22,23.22,23.49,22.23,2975414.0,68090258.0,0.861,0.2
301319,唯特偶,100.18,100.18,100.19,88.43,87.95,101.8,87.01,12317943.0,1197018013.0,13.287,11.75
301320,豪江智能,14.88,14.86,14.88,15.36,15.28,15.38,14.79,2502627.0,37421222.0,-3.125,-0.48
301321,翰博高新,31.55,31.53,31.55,29.06,29.4,32.99,29.35,14137366.0,449508454.0,8.568,2.49
301322,绿通科技,53.5,53.48,53.5,51.91,50.18,53.85,49.0,15386149.0,792110647.0,3.063,1.59
301323,新莱福,84.83,84.82,84.83,88.89,88.24,88.84,84.32,2836195.0,244524774.0,-4.567,-4.06
301325,曼恩斯特,45.97,45.97,45.98,47.44,46.97,48.62,45.28,6655539.0,309677049.0,-3.099,-1.47
301326,捷邦科技,165.5,165.4,165.5,171.81,172.02,172.9,160.0,2160548.0,357958341.0,-3.673,-6.31
301327,华宝新能,57.13,57.05,57.13,56.17,55.87,59.0,55.87,3285663.0,189982277.0,1.709,0.96
301328,维峰电子,60.39,60.39,60.45,60.3,59.82,61.75,59.33,4242596.0,257299130.0,0.149,0.09
301329,信音电子,25.53,25.53,25.61,26.69,26.59,26.59,25.2,5985447.0,154108795.0,-4.346,-1.16
301330,熵基科技,28.13,28.13,28.15,28.84,28.75,29.0,27.93,2896743.0,82110188.0,-2.462,-0.71
301331,恩威医药,27.81,27.8,27.81,29.8,29.74,30.48,27.74,4377586.0,125928778.0,-6.678,-1.99
301332,德尔玛,8.62,8.62,8.63,8.75,8.72,8.78,8.55,2866150.0,24685377.0,-1.486,-0.13
301333,诺思格,50.41,50.41,50.42,49.8,49.59,51.04,48.52,2015000.0,100360580.0,1.225,0.61
301335,天元宠物,22.81,22.81,22.82,22.79,23.07,23.22,22.49,1398444.0,31893400.0,0.088,0.02
301336,趣睡科技,52.18,52.17,52.18,53.77,53.77,53.77,51.3,1089486.0,56929386.0,-2.957,-1.59
301337,亚华电子,27.23,27.23,27.25,27.75,27.38,28.21,27.0,2124889.0,58367130.0,-1.874,-0.52
301338,凯格精机,210.6,210.6,210.62,209.4,210.21,221.88,207.0,4491527.0,964866641.0,0.573,1.2
301339,通行宝,11.87,11.86,11.87,12.26,12.25,12.36,11.81,4413410.0,52907361.0,-3.181,-0.39
301345,涛涛车业,217.39,217.26,217.39,223.13,222.49,223.5,215.5,1273380.0,277727212.0,-2.572,-5.74
301348,蓝箭电子,27.86,27.86,27.87,30.4,30.1,30.86,27.86,24386232.0,716241535.0,-8.355,-2.54
301349,信德新材,59.3,59.3,59.31,58.73,58.07,60.81,56.73,11137933.0,653007175.0,0.971,0.57
301353,普莱得,26.44,26.41,26.44,27.15,27.0,27.29,26.01,1618441.0,42775699.0,-2.615,-0.71
301355,南王科技,11.34,11.34,11.35,11.63,11.62,11.65,11.22,4261100.0,48391866.0,-2.494,-0.29
301356,天振股份,26.5,26.48,26.5,25.8,25.63,26.7,25.27,4810974.0,126600038.0,2.713,0.7
301357,北方长龙,93.16,93.16,93.2,95.2,95.22,96.66,92.32,1343705.0,126221664.0,-2.143,-2.04
301358,湖南裕能,87.79,87.78,87.79,87.46,88.25,90.99,86.83,23586957.0,2101247742.0,0.377,0.33
301359,东南电子,21.61,21.56,21.61,22.51,22.7,22.71,21.39,2186040.0,47403925.0,-3.998,-0.9
301360,荣旗科技,64.05,64.05,64.29,65.67,66.8,67.01,63.81,1709579.0,111660525.0,-2.467,-1.62
301361,众智科技,38.71,38.7,38.71,40.2,40.0,40.58,38.44,3791982.0,148909943.0,-3.706,-1.49
301362,民爆光电,240.11,240.11,240.31,247.54,247.53,250.98,235.18,3218415.0,781833684.0,-3.002,-7.43
301363,美好医疗,26.26,26.25,26.26,27.23,27.0,27.34,26.13,8009574.0,212716390.0,-3.562,-0.97
301365,矩阵股份,35.58,35.58,35.7,35.45,35.41,35.95,34.75,3419724.0,121200412.0,0.367,0.13
301366,一博科技,47.38,47.38,47.42,48.07,48.8,51.01,46.63,14801212.0,712010254.0,-1.435,-0.69
301367,瑞迈特,65.06,65.06,65.07,66.4,66.3,66.46,64.75,915400.0,59815739.0,-2.018,-1.34
301368,丰立智能,51.39,51.39,51.47,54.0,53.5,53.99,51.1,3891198.0,203365529.0,-4.833,-2.61
301369,联动科技,201.4,201.4,201.49,209.25,208.49,211.19,198.22,2772900.0,567874753.0,-3.751,-7.85
301370,国科恒泰,9.09,9.09,9.11,9.29,9.33,9.33,9.03,3416257.0,31136343.0,-2.153,-0.2
301371,敷尔佳,29.91,29.91,29.92,30.28,30.49,30.68,29.08,2720944.0,81210373.0,-1.222,-0.37
301372,科净源,35.47,35.47,35.56,36.25,36.16,36.51,35.02,1664156.0,59095630.0,-2.152,-0.78
301373,凌玮科技,118.6,118.6,118.7,130.18,126.5,127.0,116.0,6722143.0,810849760.0,-8.895,-11.58
301376,致欧科技,17.57,17.56,17.57,18.41,18.29,18.3,17.46,5780400.0,102424378.0,-4.563,-0.84
301377,鼎泰高科,347.08,347.0,347.08,327.23,326.94,354.98,322.01,9106311.0,3109919628.0,6.066,19.85
301378,通达海,30.47,30.47,30.48,31.93,31.88,32.01,30.27,2889950.0,89250701.0,-4.573,-1.46
301379,天山电子,31.99,31.98,31.99,33.16,33.55,34.34,31.79,20420236.0,678983043.0,-3.528,-1.17
301380,挖金客,31.99,31.99,32.02,33.6,33.31,33.92,31.8,2325150.0,75589847.0,-4.792,-1.61
301381,赛维时代,19.44,19.44,19.45,19.88,19.9,20.2,19.3,5020062.0,98540581.0,-2.213,-0.44
301382,蜂助手,45.95,45.95,45.96,49.74,49.77,49.96,45.66,15585264.0,735204498.0,-7.62,-3.79
301383,天键股份,29.0,28.99,29.0,30.0,29.91,31.0,28.86,2382717.0,70532372.0,-3.333,-1.0
301386,未来电器,23.86,23.86,23.89,24.48,24.58,24.68,23.78,1850466.0,44388319.0,-2.533,-0.62
301387,光大同创,102.38,102.37,102.38,110.0,108.93,113.0,100.04,6328774.0,666639582.0,-6.927,-7.62
301388,欣灵电气,29.29,29.25,29.33,29.95,30.05,30.28,28.9,1272100.0,37457159.0,-2.204,-0.66
301389,隆扬电子,82.2,82.18,82.2,82.42,82.68,88.82,81.61,15673945.0,1330889793.0,-0.267,-0.22
301390,经纬股份,34.36,34.36,34.44,36.07,35.98,36.2,33.61,1773800.0,61015119.0,-4.741,-1.71
301391,卡莱特,69.46,69.45,69.46,70.66,71.34,73.75,68.86,2615208.0,186776423.0,-1.698,-1.2
301392,汇成真空,182.05,182.05,182.1,197.5,197.88,200.01,178.74,5568611.0,1038226806.0,-7.823,-15.45
301393,昊帆生物,56.02,56.02,56.03,59.59,59.57,59.57,55.6,3651289.0,208817649.0,-5.991,-3.57
301395,仁信新材,12.11,12.11,12.12,12.47,12.47,12.75,12.02,3417036.0,41880147.0,-2.887,-0.36
301396,宏景科技,257.0,256.98,257.0,271.3,271.3,274.77,254.1,8379781.0,2187781744.0,-5.271,-14.3
301397,溯联股份,34.63,34.63,34.64,35.62,35.61,35.95,34.2,3902129.0,136168277.0,-2.779,-0.99
301398,星源卓镁,44.1,44.09,44.1,45.0,45.0,45.9,43.6,1847287.0,81478772.0,-2.0,-0.9
301399,英特科技,19.25,19.25,19.27,19.91,19.9,20.01,19.08,2656125.0,51557329.0,-3.315,-0.66
301408,华人健康,16.78,16.78,16.79,16.68,16.6,16.88,16.37,13237315.0,220479718.0,0.6,0.1
301413,安培龙,127.83,127.83,127.89,136.05,133.76,135.65,126.82,6558647.0,854940782.0,-6.042,-8.22
301418,协昌科技,41.15,41.15,41.2,42.44,42.54,42.54,40.87,1854534.0,76688122.0,-3.04,-1.29
301419,阿莱德,49.5,49.49,49.5,47.33,47.05,50.95,46.87,10947163.0,534989498.0,4.585,2.17
301421,波长光电,108.32,108.32,108.33,119.53,117.0,119.0,108.0,9333455.0,1050016378.0,-9.378,-11.21
301428,世纪恒通,31.89,31.88,31.89,32.91,32.92,33.16,31.82,2965744.0,95697827.0,-3.099,-1.02
301429,森泰股份,20.9,20.87,20.9,21.67,21.4,21.7,20.53,1893200.0,39768978.0,-3.553,-0.77
301439,泓淋电力,16.02,16.02,16.03,16.46,16.59,16.63,15.9,5754130.0,92476895.0,-2.673,-0.44
301446,福事特,46.21,46.21,46.22,45.97,45.81,47.35,42.97,4912329.0,222533871.0,0.522,0.24
301448,开创电气,35.61,35.6,35.73,35.83,35.71,37.2,34.8,1364391.0,48706048.0,-0.614,-0.22
301449,天溯计量,62.6,62.57,62.6,65.1,64.77,65.65,62.32,911960.0,57855150.0,-3.84,-2.5
301456,盘古智能,29.4,29.39,29.4,30.56,30.27,30.78,29.26,1859747.0,55214910.0,-3.796,-1.16
301458,钧崴电子,45.59,45.58,45.59,46.9,46.96,47.85,45.3,10185044.0,474926752.0,-2.793,-1.31
301459,丰茂股份,37.21,37.21,37.22,39.54,39.22,39.5,36.9,2335783.0,88703515.0,-5.893,-2.33
301468,博盈特焊,50.32,50.32,50.35,52.3,52.3,54.86,49.95,6106492.0,318985822.0,-3.786,-1.98
301469,恒达新材,34.82,34.8,34.82,35.1,35.35,35.65,34.43,1492400.0,51929379.0,-0.798,-0.28
301479,弘景光电,75.76,75.76,75.9,83.27,82.55,82.55,74.36,5214932.0,405290144.0,-9.019,-7.51
301486,致尚科技,278.3,278.3,278.31,284.75,282.7,299.9,275.0,9066841.0,2603384382.0,-2.265,-6.45
301487,盟固利,26.05,26.04,26.05,26.52,26.5,26.96,25.62,21932853.0,574676295.0,-1.772,-0.47
301488,豪恩汽电,148.71,148.71,148.79,151.63,153.33,160.88,146.46,3255714.0,501724246.0,-1.926,-2.92
301489,思泉新材,249.58,249.55,249.58,248.89,250.0,261.99,245.0,3917890.0,987498991.0,0.277,0.69
301491,汉桑科技,45.21,45.21,45.22,46.25,46.4,46.45,45.02,606822.0,27615758.0,-2.249,-1.04
301498,乖宝宠物,44.61,44.61,44.62,44.97,44.8,45.3,43.58,5097192.0,225756203.0,-0.801,-0.36
301499,维科精密,34.18,34.18,34.29,35.24,35.44,35.53,34.0,2645312.0,91113111.0,-3.008,-1.06
301500,飞南资源,25.81,25.77,25.81,26.7,26.55,26.75,25.68,9887966.0,257406448.0,-3.333,-0.89
301501,恒鑫生活,28.74,28.72,28.74,29.57,29.59,29.59,28.44,1136009.0,32742607.0,-2.807,-0.83
301502,华阳智能,88.99,88.99,89.0,86.39,85.58,89.87,84.08,2661501.0,233604021.0,3.01,2.6
301503,智迪科技,32.1,32.01,32.1,33.12,33.46,33.5,31.51,1227000.0,39516200.0,-3.08,-1.02
301505,苏州规划,20.32,20.32,20.33,21.05,21.14,21.47,20.15,3234341.0,66149527.0,-3.468,-0.73
301507,民生健康,12.9,12.9,12.92,13.16,13.25,13.25,12.77,3147800.0,40656905.0,-1.976,-0.26
301508,中机认检,26.83,26.81,26.83,27.26,27.18,27.35,26.63,1613134.0,43360654.0,-1.577,-0.43
301509,金凯生科,29.72,29.72,29.73,30.23,30.22,30.57,29.57,1707940.0,51125944.0,-1.687,-0.51
301510,固高科技,36.43,36.43,36.44,38.43,38.35,38.37,36.15,13927507.0,516018318.0,-5.204,-2.0
301511,德福科技,105.3,105.29,105.3,107.32,110.99,111.68,103.6,32224531.0,3452331943.0,-1.882,-2.02
301512,智信精密,54.8,54.79,54.8,57.35,57.0,57.02,54.71,2087288.0,115876482.0,-4.446,-2.55
301513,尚水智能,73.0,73.0,73.01,73.91,73.5,75.3,72.5,2264943.0,167640607.0,-1.231,-0.91
301515,港通医疗,21.73,21.7,21.73,22.3,22.42,22.42,21.31,1880060.0,40690647.0,-2.556,-0.57
301516,中远通,18.99,18.98,18.99,19.68,19.71,19.75,18.7,6721400.0,128506640.0,-3.506,-0.69
301517,陕西华达,57.89,57.89,57.9,60.33,60.5,61.46,57.27,3427066.0,201419184.0,-4.044,-2.44
301518,长华化学,31.89,31.84,31.89,33.1,33.46,33.46,31.45,1816597.0,58181005.0,-3.656,-1.21
301519,舜禹股份,14.05,14.05,14.08,14.53,14.48,14.57,13.8,2536800.0,35727799.0,-3.304,-0.48
301520,万邦医药,37.78,37.78,37.88,38.65,38.63,38.63,37.2,786600.0,29697257.0,-2.251,-0.87
301522,上大股份,28.43,28.42,28.43,30.14,30.0,30.35,28.29,7774592.0,226458323.0,-5.674,-1.71
301525,儒竞科技,82.0,82.0,82.01,81.12,80.9,88.0,80.88,5314923.0,445506181.0,1.085,0.88
301526,国际复材,21.58,21.58,21.59,22.8,22.1,22.79,21.32,161019611.0,3538366771.0,-5.351,-1.22
301528,多浦乐,68.0,67.77,68.09,70.16,70.16,70.28,67.62,1295416.0,88528499.0,-3.079,-2.16
301529,福赛科技,125.82,125.8,125.82,120.71,120.69,132.78,118.0,4346878.0,545520829.0,4.233,5.11
301531,春光集团,76.38,76.38,76.4,84.94,83.5,84.88,76.33,11361619.0,903113083.0,-10.078,-8.56
301533,威马农机,28.21,28.21,28.22,29.12,29.11,29.38,28.02,1157480.0,32804655.0,-3.125,-0.91
301535,浙江华远,17.13,17.13,17.14,17.48,17.48,17.6,16.79,3293368.0,56259405.0,-2.002,-0.35
301536,星宸科技,88.5,88.49,88.5,89.64,89.58,93.48,88.04,8844084.0,803734014.0,-1.272,-1.14
301538,骏鼎达,97.84,97.84,97.86,101.33,101.0,103.36,96.51,2174518.0,217128892.0,-3.444,-3.49
301539,宏鑫科技,15.95,15.95,15.97,16.54,16.38,16.54,15.72,2558061.0,40856181.0,-3.567,-0.59
301548,崇德科技,82.01,82.0,82.21,83.14,82.99,85.28,80.14,1690222.0,140821989.0,-1.359,-1.13
301550,斯菱智驱,180.98,180.98,180.99,186.51,185.94,186.5,174.35,6501205.0,1177352756.0,-2.965,-5.53
301551,无线传媒,25.76,25.75,25.76,24.84,24.73,26.33,24.5,10007035.0,254227986.0,3.704,0.92
301552,科力装备,27.44,27.33,27.44,28.49,28.48,28.5,27.19,1397086.0,38588240.0,-3.686,-1.05
301555,惠柏新材,43.66,43.66,43.67,42.37,42.0,43.8,40.0,6957125.0,291960163.0,3.045,1.29
301556,托普云农,71.7,71.63,71.7,74.44,74.41,74.42,71.3,1261892.0,91185469.0,-3.681,-2.74
301557,常友科技,113.49,113.22,113.5,114.89,114.47,115.46,112.2,782036.0,88803101.0,-1.219,-1.4
301558,三态股份,7.13,7.13,7.14,7.32,7.31,7.36,7.11,6033629.0,43342032.0,-2.596,-0.19
301559,中集环科,14.8,14.77,14.8,15.25,15.25,15.4,14.68,2575306.0,38347038.0,-2.951,-0.45
301560,众捷汽车,35.69,35.63,35.69,36.22,36.69,36.69,34.63,3255480.0,115636182.0,-1.463,-0.53
301563,云汉芯城,210.0,209.99,210.0,199.4,199.4,218.0,190.0,6133411.0,1243112605.0,5.316,10.6
301565,中仑新材,23.33,23.33,23.34,22.69,23.15,23.57,22.91,8697100.0,201779998.0,2.821,0.64
301566,达利凯普,32.94,32.93,32.94,33.77,34.37,34.73,32.67,27552494.0,926990094.0,-2.458,-0.83
301567,贝隆精密,45.62,45.45,45.63,46.55,46.86,46.96,45.35,1326700.0,61011293.0,-1.998,-0.93
301568,思泰克,75.98,75.97,75.98,70.53,71.02,79.89,71.02,10087003.0,763839644.0,7.727,5.45
301571,国科天成,63.0,63.0,63.09,60.78,61.3,64.12,60.57,5893231.0,368022931.0,3.653,2.22
301575,艾芬达,44.12,44.1,44.12,45.62,45.79,45.79,43.91,699333.0,31098727.0,-3.288,-1.5
301577,美信科技,70.35,70.28,70.35,73.13,74.0,74.0,70.02,1559089.0,111526402.0,-3.801,-2.78
301578,辰奕智能,32.8,32.78,32.8,34.15,34.2,34.2,32.52,1230159.0,40539863.0,-3.953,-1.35
301580,爱迪特,59.52,59.52,59.55,60.42,60.85,60.95,58.63,2387460.0,142281498.0,-1.49,-0.9
301581,黄山谷捷,51.21,51.21,51.22,47.82,47.81,52.38,46.53,3524178.0,176648811.0,7.089,3.39
301584,建发致新,22.91,22.9,22.91,23.68,23.8,23.8,22.71,2226139.0,51292299.0,-3.252,-0.77
301585,蓝宇股份,26.15,26.12,26.15,27.22,26.96,27.3,25.96,1253858.0,32979512.0,-3.931,-1.07
301586,佳力奇,38.45,38.45,38.63,39.8,40.14,40.14,38.21,1008268.0,39138957.0,-3.392,-1.35
301587,中瑞股份,27.79,27.79,27.8,29.32,28.92,29.58,27.56,6797717.0,191852474.0,-5.218,-1.53
301588,美新科技,41.29,41.26,41.29,41.0,41.53,42.49,39.8,10083781.0,412967603.0,0.707,0.29
301589,诺瓦星云,167.22,167.06,167.22,176.39,175.0,179.39,165.5,1324427.0,227329247.0,-5.199,-9.17
301590,优优绿能,180.3,180.3,180.39,182.0,180.0,191.0,179.5,862211.0,159253583.0,-0.934,-1.7
301591,肯特股份,40.6,40.6,40.61,45.09,48.97,49.9,40.53,21051329.0,949557452.0,-9.958,-4.49
301592,六九一二,115.5,115.29,115.5,118.42,118.42,120.63,114.2,1073149.0,125136680.0,-2.466,-2.92
301595,太力科技,46.08,46.08,46.09,48.72,48.01,48.33,45.9,2298186.0,107602655.0,-5.419,-2.64
301596,瑞迪智驱,81.87,81.87,81.88,87.0,84.0,86.41,81.1,2977932.0,248014967.0,-5.897,-5.13
301598,博科测试,61.2,61.18,61.2,63.91,63.91,64.58,60.92,691700.0,42842195.0,-4.24,-2.71
301599,理奇智能,59.46,59.45,59.46,66.7,65.02,65.5,59.43,15777491.0,970168613.0,-10.855,-7.24
301600,慧翰股份,102.17,102.17,102.18,107.49,107.48,109.26,101.5,1352446.0,141158367.0,-4.949,-5.32
301601,惠通科技,19.28,19.26,19.28,20.04,19.98,20.3,19.05,1820942.0,35208223.0,-3.792,-0.76
301602,超研股份,16.81,16.8,16.81,17.2,17.2,17.25,16.62,1811958.0,30517179.0,-2.267,-0.39
301603,乔锋智能,124.52,124.52,124.61,130.44,130.37,130.45,123.13,4407787.0,556858775.0,-4.538,-5.92
301606,绿联科技,70.96,70.96,70.97,73.78,74.27,74.3,70.31,5671402.0,406868459.0,-3.822,-2.82
301607,富特科技,51.78,51.77,51.78,52.73,52.87,54.09,51.49,4976844.0,262167157.0,-1.802,-0.95
301608,博实结,58.3,58.21,58.3,62.23,62.5,62.5,57.51,3039000.0,179946748.0,-6.315,-3.93
301609,山大电力,46.55,46.55,46.56,45.95,45.43,46.7,45.15,2392412.0,110560236.0,1.306,0.6
301611,珂玛科技,97.5,97.5,97.54,103.55,103.55,104.49,96.67,13865104.0,1387213858.0,-5.843,-6.05
301613,新铝时代,42.48,42.48,42.51,42.89,43.22,43.63,42.4,1219452.0,52175885.0,-0.956,-0.41
301616,浙江华业,40.1,40.1,40.17,41.62,41.8,41.8,39.99,730800.0,29630109.0,-3.652,-1.52
301617,博苑新材,51.89,51.82,51.89,53.33,53.04,53.96,51.15,3412222.0,178761721.0,-2.7,-1.44
301618,长联科技,55.4,55.4,55.41,53.52,53.56,56.1,53.53,2648855.0,145983238.0,3.513,1.88
301622,英思特,58.62,58.62,58.67,59.06,59.59,59.59,58.21,1712704.0,100609432.0,-0.745,-0.44
301626,苏州天脉,333.04,333.04,333.19,325.8,327.17,347.0,327.17,3602393.0,1213807662.0,2.222,7.24
301628,强达电路,131.11,131.1,131.11,144.0,137.99,139.0,130.59,6025367.0,809751477.0,-8.951,-12.89
301629,矽电股份,360.0,359.31,360.0,382.06,382.0,387.0,351.0,1855161.0,685422218.0,-5.774,-22.06
301630,同宇新材,271.5,271.36,271.5,261.45,272.51,289.0,262.21,2159292.0,588323836.0,3.844,10.05
301631,壹连科技,130.33,130.32,130.41,131.44,130.2,135.16,127.96,2840503.0,373175320.0,-0.844,-1.11
301632,广东建科,17.21,17.21,17.22,17.99,17.93,18.0,17.12,3103438.0,53980633.0,-4.336,-0.78
301633,港迪技术,54.07,53.97,54.07,55.2,55.01,55.79,53.71,445800.0,24197150.0,-2.047,-1.13
301636,泽润新能,54.07,54.07,54.1,54.85,54.8,59.48,53.8,2164872.0,120558458.0,-1.422,-0.78
301638,南网数字,26.42,26.42,26.43,27.21,27.25,27.25,26.38,18107606.0,484209394.0,-2.903,-0.79
301656,联合动力,18.58,18.57,18.58,19.4,19.32,19.5,18.54,10960874.0,206624365.0,-4.227,-0.82
301658,首航新能,39.13,39.13,39.14,38.61,38.66,43.22,38.66,18342259.0,749316986.0,1.347,0.52
301662,宏工科技,154.09,154.08,154.09,157.83,160.8,163.5,152.04,1820938.0,286411893.0,-2.37,-3.74
301665,泰禾股份,23.82,23.81,23.82,24.63,24.63,24.82,23.71,2579100.0,61944035.0,-3.289,-0.81
301666,大普微,733.17,733.17,733.2,713.0,750.0,784.9,725.0,6494414.0,4894613606.0,2.829,20.17
301667,纳百川,101.79,101.79,101.8,109.1,107.91,109.5,99.99,4795625.0,499417158.0,-6.7,-7.31
301668,昊创瑞通,39.55,39.55,39.56,40.42,40.03,40.8,39.23,1232199.0,48988067.0,-2.152,-0.87
301678,新恒汇,62.95,62.95,62.96,63.39,63.2,66.52,62.73,3231654.0,207335725.0,-0.694,-0.44
301680,固德电材,121.45,121.45,121.46,106.36,105.88,123.5,105.2,6262790.0,738405184.0,14.188,15.09
301682,宏明电子,161.79,161.79,161.8,163.3,162.99,165.88,160.58,3926813.0,639305125.0,-0.925,-1.51
301683,慧谷新材,130.28,130.28,130.32,129.75,129.29,137.5,128.0,2342137.0,309930335.0,0.408,0.53
301687,新广益,61.8,61.8,61.81,64.25,63.5,64.23,60.6,3972534.0,247529220.0,-3.813,-2.45
301696,三瑞智能,134.14,134.14,134.15,148.02,137.01,144.43,134.0,9802278.0,1355035901.0,-9.377,-13.88
302132,中航成飞,61.7,61.69,61.7,63.21,63.0,63.32,61.0,7162855.0,444489244.0,-2.389,-1.51
