代码,名称,最新价,买入,卖出,昨收,今开,最高,最低,成交量,成交额,涨跌幅,涨跌额,现价,半年线,半年线乖离率,价格达标,价格数据日期,市盈率,市净率,市盈率10年分位,市净率10年分位,估值分位达标,估值数据日期,总市值_估值源,价格错误,估值错误,价格估值错误,数据状态,总市值,股息率,股息率达标,股息数据日期,股息错误,所属行业,行业错误
000030,富奥股份,4.29,4.28,4.29,4.47,4.42,4.46,4.25,24929554.0,107454758.0,-4.027,-0.18,4.29,5.2482500000000005,-18.258467108083654,True,2026-06-11,11.106986301369869,0.8647162426614475,22.662750856583454,0.048947626040137054,True,2026-06-11,7377988525.09197,,,,正常,7377988525.09197,3.4965034965034962,True,2025-06-30,,底盘与发动机系统,
000157,中联重科,7.29,7.28,7.29,7.38,7.34,7.41,7.15,69000057.0,500038800.0,-1.22,-0.09,7.29,8.486416666666667,-14.098019383917437,True,2026-06-11,14.55188946015424,1.0775706940874048,33.57807146353402,43.71023005384239,False,2026-06-11,63047821870.36503,,,,正常,63047821870.36503,6.858710562414267,True,2026-01-09,,工程机械整机,
000401,金隅冀东,3.8,3.79,3.8,3.85,3.81,3.85,3.79,6666935.0,25362008.0,-1.299,-0.05,3.8,4.639833333333333,-18.1005064837099,True,2026-06-11,103.73911007025761,0.3826697892271658,96.72862453531599,0.04889975550122249,True,2026-06-11,10101225492.599522,,,,正常,10101225492.599522,5.2631578947368425,True,2026-05-29,,水泥制造,
000419,通程控股,4.87,4.86,4.87,4.9,4.85,4.93,4.76,5466600.0,26438394.0,-0.612,-0.03,4.87,6.037416666666667,-19.336360750320924,True,2026-06-11,18.569485420240156,0.776861063464837,50.95447870778267,16.78903573176701,True,2026-06-11,2647247530.1423693,,,,正常,2647247530.1423693,3.0800821355236137,True,2025-08-08,,多业态零售,
000498,山东路桥,5.02,5.02,5.03,5.08,5.06,5.09,5.0,4970000.0,24970722.0,-1.181,-0.06,5.02,5.858333333333333,-14.310099573257473,True,2026-06-11,3.632064631956911,0.4686535008976651,7.394711067580803,0.04897159647404505,True,2026-06-11,7793256134.427287,,,,正常,7793256134.427287,4.083665338645418,True,2025-12-24,,基建市政工程,
000501,武商集团,7.1,7.1,7.11,7.24,7.18,7.29,7.05,5027530.0,35807669.0,-1.934,-0.14,7.1,9.099916666666667,-21.977307484500784,True,2026-06-11,33.86088516746411,0.49258373205741635,84.10757946210269,3.1295843520782394,True,2026-06-11,5459848389.964113,,,,正常,5459848389.964113,5.633802816901409,True,2026-05-22,,百货,
000528,柳 工,8.21,8.2,8.21,8.52,8.53,8.53,8.13,43090349.0,355456405.0,-3.638,-0.31,8.21,10.573583333333334,-22.35366439948614,True,2026-06-11,10.732908530318605,0.8775334018499483,21.222493887530565,20.831295843520785,True,2026-06-11,16722506210.145956,,,,正常,16722506210.145956,7.283561510353227,True,2026-06-04,,工程机械整机,
000563,陕国投Ａ,2.84,2.84,2.85,2.89,2.88,2.91,2.82,31893132.0,91128673.0,-1.73,-0.05,2.84,3.339916666666667,-14.967938321814422,True,2026-06-11,10.870646153846149,0.7777230769230771,0.048947626040137054,0.048947626040137054,True,2026-06-11,14523675817.156921,,,,正常,14523675817.156921,3.169014084507042,True,2026-04-28,,信托,
000568,泸州老窖,85.48,85.48,85.49,85.41,84.51,85.98,84.36,9364052.0,798185680.0,0.082,0.07,85.48,106.53766666666667,-19.76546636088019,True,2026-06-11,12.647148569670877,2.4365261970675687,6.112469437652812,0.19559902200488996,True,2026-06-11,125821598996.89816,,,,正常,125821598996.89816,6.960692559663078,True,2026-01-30,,白酒Ⅲ,
000581,威孚高科,17.49,17.48,17.5,17.88,17.85,17.92,17.41,10652121.0,187100574.0,-2.181,-0.39,17.49,20.81683333333334,-15.98145731419287,True,2026-06-11,15.538889444722358,0.8311905952976488,92.4123495552067,3.451676528599606,True,2026-06-11,16909081770.508753,,,,正常,16909081770.508753,5.717552887364208,True,2025-10-15,,底盘与发动机系统,
000596,古井贡酒,87.17,87.16,87.17,87.21,86.55,88.15,85.71,2127200.0,184749546.0,-0.046,-0.04,87.17,116.21383333333333,-24.9917178534397,True,2026-06-11,16.301347311019175,1.7620863106431004,12.860635696821515,0.1466992665036675,True,2026-06-11,46078062000.0,,,,正常,46078062000.0,6.883101984627739,True,2026-02-10,,白酒Ⅲ,
000612,焦作万方,10.58,10.57,10.58,10.55,10.51,10.74,10.45,24594360.0,260308626.0,0.284,0.03,10.58,12.251833333333332,-13.645576852443842,True,2026-06-11,8.876643990929704,1.6393801965230534,1.5188335358444713,70.4837117472853,True,2026-06-11,12613469588.823881,,,,正常,12613469588.823881,3.071833648393195,True,2026-05-26,,铝,
000625,长安汽车,7.44,7.44,7.45,7.47,7.4,7.48,7.32,78383412.0,580496009.0,-0.402,-0.03,7.44,10.398916666666667,-28.454085762138682,True,2026-06-11,24.00180839612488,0.9530247578040906,61.35480288728484,16.82151589242054,True,2026-06-11,73752155392.89557,,,,正常,73752155392.89557,4.637096774193548,True,2025-11-28,,综合乘用车,
000655,金岭矿业,6.95,6.94,6.95,6.89,6.84,7.01,6.84,5654466.0,39189166.0,0.871,0.06,6.95,9.1425,-23.981405523653265,True,2026-06-11,16.28594497607657,1.172188995215312,18.21493624772313,23.86308068459658,True,2026-06-11,4137614598.666267,,,,正常,4137614598.666267,3.0215827338129495,True,2025-11-27,,铁矿石,
000661,长春高新,64.32,64.32,64.33,66.16,65.5,66.33,64.07,7319045.0,473182979.0,-2.781,-1.84,64.32,88.43766666666667,-27.270808441350415,True,2026-06-11,27.358807857431497,1.1810694075528356,45.24864598719843,0.04899559039686428,True,2026-06-11,26238541865.19832,,,,正常,26238541865.19832,4.291044776119404,True,2026-05-25,,其他生物制品,
000683,博源化工,6.69,6.68,6.69,6.71,6.69,6.76,6.56,29342000.0,195150454.0,-0.298,-0.02,6.69,8.18525,-18.267615527931337,True,2026-06-11,24.30339491916861,1.908117782909931,85.51724137931035,70.88047220855877,False,2026-06-11,24865603136.709003,,,,正常,24865603136.709003,4.484304932735426,True,2025-06-17,,纯碱,
000686,东北证券,7.4,7.4,7.41,7.56,7.53,7.62,7.34,20870459.0,155472455.0,-2.116,-0.16,7.4,8.68125,-14.758819294456437,True,2026-06-11,10.438979118329463,0.8412993039443153,0.14727540500736377,6.431026018654884,True,2026-06-11,17319351570.74246,,,,正常,17319351570.74246,3.378378378378378,True,2026-05-28,,证券,
000707,双环科技,4.63,4.62,4.63,4.65,4.64,4.69,4.54,7673075.0,35313538.0,-0.43,-0.02,4.63,6.03675,-23.30310183459643,True,2026-06-11,20.411646784904853,0.9814017094017091,79.4280442804428,0.05770340450086555,True,2026-06-11,2707240603.55043,,,,正常,2707240603.55043,3.9200863930885532,True,2025-06-17,,纯碱,
000718,苏宁环球,1.99,1.99,2.0,2.05,2.04,2.16,1.99,90843763.0,185067761.0,-2.927,-0.06,1.99,2.2218333333333335,-10.434326007051242,True,2026-06-11,324.7568019923257,0.6633333333333334,99.11319770474701,5.628976994615761,True,2026-06-11,6038926403.754629,,,,正常,6038926403.754629,3.5175879396984926,True,2025-12-11,,房地产开发,
000726,鲁 泰Ａ,5.8,5.8,5.81,5.84,5.83,5.87,5.75,2921088.0,16957728.0,-0.685,-0.04,5.8,6.970416666666667,-16.791200908601834,True,2026-06-11,8.796666666666674,0.4833333333333327,14.292706803720021,1.2236906510034264,True,2026-06-11,4741648520.424241,,,,正常,4741648520.424241,3.4482758620689653,True,2025-10-23,,棉纺,
000731,四川美丰,5.88,5.88,5.89,5.78,5.78,5.94,5.74,8439900.0,49238461.0,1.73,0.1,5.88,6.914833333333333,-14.965412518980937,True,2026-06-11,42.989659309044946,0.8436521739130439,81.4459049544995,0.196174595389897,True,2026-06-11,3227096291.9999995,,,,正常,3227096291.9999995,4.591836734693878,True,2025-10-20,,氮肥,
000739,普洛药业,15.41,15.41,15.42,15.63,15.5,15.62,15.19,6842355.0,104919964.0,-1.408,-0.22,15.41,17.308083333333336,-10.966455943032416,True,2026-06-11,20.027722602739722,2.7178595890410957,28.39506172839506,21.086419753086417,True,2026-06-11,17851615506.582195,,,,正常,17851615506.582195,3.8049967553536663,True,2026-04-29,,化学原料药,
000755,山西高速,4.6,4.59,4.6,4.7,4.68,4.7,4.53,6636978.0,30481463.0,-2.128,-0.1,4.6,5.202166666666667,-11.575305161311,True,2026-06-11,14.348707753479125,1.1980119284294233,33.83416805787424,2.4679170779861797,True,2026-06-11,6749626901.709741,,,,正常,6749626901.709741,4.347826086956522,True,2025-06-19,,高速公路,
000786,北新建材,21.05,21.04,21.05,21.45,21.4,21.45,20.87,11491630.0,242765149.0,-1.865,-0.4,21.05,25.746166666666667,-18.240255830965125,True,2026-06-11,12.496425840978583,1.2794151376146792,20.245700245700245,0.04914004914004914,True,2026-06-11,35832068684.325294,,,,正常,35832068684.325294,4.109263657957245,True,2025-06-13,,其他建材,
000788,北大医药,5.07,5.07,5.08,5.14,5.11,5.17,5.01,10272382.0,51934457.0,-1.362,-0.07,5.07,6.081333333333333,-16.63012497259372,True,2026-06-11,47.03651612903228,2.0280000000000014,22.918707149853084,1.0773751224289911,True,2026-06-11,3021656244.750001,,,,正常,3021656244.750001,4.497041420118342,True,2026-03-10,,化学制剂,
000789,万年青,4.31,4.31,4.32,4.38,4.34,4.38,4.3,2756046.0,11937166.0,-1.598,-0.07,4.31,5.240833333333332,-17.761170297344552,True,2026-06-11,118.44255885768318,0.5322064777327936,92.40170031880977,2.0558002936857562,True,2026-06-11,3436829997.2246966,,,,正常,3436829997.2246966,3.480278422273782,True,2025-07-10,,水泥制造,
000807,云铝股份,27.23,27.22,27.23,26.65,26.5,27.47,26.45,50614376.0,1368783968.0,2.176,0.58,27.23,31.578416666666666,-13.77021752726677,True,2026-06-11,10.876449873096446,2.6521605329949254,24.03361344537815,85.93981253083375,True,2026-06-11,94432480138.49557,,,,正常,94432480138.49557,3.2280572897539472,True,2026-06-10,,铝,
000858,五 粮 液,79.79,79.78,79.79,79.14,78.78,79.98,77.65,37819589.0,2978558093.0,0.821,0.65,79.79,100.34141666666666,-20.481489448109237,True,2026-06-11,24.578749592966492,2.416304135460763,37.70171149144254,0.1466992665036675,True,2026-06-11,309713502719.25323,,,,正常,309713502719.25323,7.202656974558215,True,2025-12-18,,白酒Ⅲ,
000888,峨眉山Ａ,9.56,9.56,9.57,9.81,9.75,9.76,9.51,7343184.0,70412985.0,-2.548,-0.25,9.56,12.550416666666667,-23.827230171641045,True,2026-06-11,22.864125326370765,1.8471018276762408,26.82926829268293,51.78484107579462,True,2026-06-11,5037289255.136642,,,,正常,5037289255.136642,3.4518828451882837,True,2025-12-26,,自然景区,
000897,津滨发展,1.85,1.85,1.86,1.87,1.86,1.87,1.83,20350292.0,37625260.0,-1.07,-0.02,1.85,2.1740833333333334,-14.906665644524509,True,2026-06-11,19.264924015402844,0.9974654377880183,69.7272122421823,0.04904364884747425,True,2026-06-11,2991953633.087557,,,,正常,2991953633.087557,5.135135135135135,True,2025-07-28,,房地产开发,
000910,大亚圣象,5.81,5.8,5.81,5.92,5.9,5.94,5.78,2738713.0,15951443.0,-1.858,-0.11,5.81,7.203583333333333,-19.345696007773906,True,2026-06-11,238.46220854760014,0.4855865102639297,97.94117647058823,0.6356968215158924,True,2026-06-11,3180379475.0,,,,正常,3180379475.0,3.2702237521514634,True,2026-05-15,,瓷砖地板,
000913,钱江摩托,11.12,11.12,11.15,11.23,11.23,11.39,11.07,2740200.0,30546268.0,-0.98,-0.11,11.12,14.589500000000003,-23.780801261181004,True,2026-06-11,6.873124065769809,1.0970403587443947,0.1466992665036675,0.19559902200488996,True,2026-06-11,5853690319.999996,,,,正常,5853690319.999996,9.892086330935253,True,2026-05-27,,摩托车,
000915,华特达因,27.23,27.23,27.26,26.95,26.78,27.29,26.68,1966858.0,52974690.0,1.039,0.28,27.23,31.130666666666666,-12.529981154702751,True,2026-06-11,13.774844613259674,2.143798342541438,19.569471624266143,3.767123287671233,True,2026-06-11,6380846336.9261055,,,,正常,6380846336.9261055,9.18105031215571,True,2025-10-17,,化学制剂,
000923,河钢资源,13.92,13.92,13.93,13.98,13.87,14.12,13.73,11014000.0,153398282.0,-0.429,-0.06,13.92,19.930416666666666,-30.157004578429113,True,2026-06-11,19.5851162790698,0.9017940199335547,54.86552567237164,5.623471882640587,True,2026-06-11,9085987137.382067,,,,正常,9085987137.382067,3.5919540229885056,True,2025-06-25,,铁矿石,
000928,中钢国际,5.44,5.44,5.45,5.65,5.61,5.66,5.42,15774476.0,86711556.0,-3.717,-0.21,5.44,6.63375,-17.99510081025061,True,2026-06-11,17.23340267459139,0.9053194650817231,90.36381514257621,0.049164208456243856,True,2026-06-11,7804466737.973254,,,,正常,7804466737.973254,9.356617647058824,True,2026-06-05,,国际工程承包,
000963,华东医药,29.13,29.11,29.13,28.62,28.38,29.35,28.28,17002925.0,492279137.0,1.782,0.51,29.13,35.28083333333334,-17.433923046035403,True,2026-06-11,14.591274804570045,1.9881268791340934,6.014669926650367,0.5378973105134475,True,2026-06-11,51086354381.8196,,,,正常,51086354381.8196,3.192584963954686,True,2026-06-10,,化学制剂,
000987,越秀资本,7.23,7.23,7.24,7.39,7.33,7.41,7.17,25646024.0,186054275.0,-2.165,-0.16,7.23,8.835,-18.166383701188458,True,2026-06-11,8.719966216216214,1.0910135135135142,4.832347140039447,14.497041420118343,True,2026-06-11,36273867700.618256,,,,正常,36273867700.618256,3.5961272475795294,True,2025-11-12,,金融控股,
000989,九芝堂,7.79,7.78,7.79,7.98,7.9,7.97,7.73,7618500.0,59405970.0,-2.381,-0.19,7.79,8.732666666666667,-10.794717153981226,True,2026-06-11,24.601270661157034,1.7221694214876033,26.50957290132548,8.296514482081491,True,2026-06-11,6667788273.351236,,,,正常,6667788273.351236,3.8510911424903718,True,2026-05-14,,中药,
000999,华润三九,24.7,24.69,24.7,24.48,24.41,24.83,24.32,12028526.0,296573565.0,0.899,0.22,24.7,27.619333333333334,-10.56989065630356,True,2026-06-11,12.735035074045205,1.7711613406079507,4.4520547945205475,6.996086105675146,True,2026-06-11,41106181092.33047,,,,正常,41106181092.33047,4.210526315789474,True,2026-05-29,,中药,
001206,依依股份,15.66,15.64,15.66,15.66,15.65,15.8,15.41,1979774.0,30845789.0,0.0,0.0,15.66,23.003333333333334,-31.92290972322852,True,2026-06-11,18.4858034321373,1.5554134165366618,18.485342019543975,19.706840390879478,True,2026-06-11,2895437033.410296,,,,正常,2895437033.410296,4.853128991060025,True,2026-05-18,,生活用纸,
001207,联科科技,17.16,17.16,17.18,17.75,17.46,17.73,16.9,5297660.0,91167559.0,-3.324,-0.59,17.16,19.08075,-10.066428206438417,True,2026-06-11,18.929268292682927,1.5314634146341475,39.900249376558605,2.4106400665004157,True,2026-06-11,5201843687.268294,,,,正常,5201843687.268294,4.662004662004662,True,2026-04-08,,炭黑,
001229,魅视科技,26.3,26.3,26.31,26.89,26.67,26.69,25.81,1873367.0,49314147.0,-2.194,-0.59,26.3,37.85608333333333,-30.52635749868471,True,2026-06-11,45.7199475753604,2.6610222804718218,71.8004338394794,6.941431670281996,True,2026-06-11,2694474450.000001,,,,正常,2694474450.000001,3.4220532319391634,True,2026-06-09,,其他计算机设备,
001323,慕思股份,18.4,18.39,18.4,18.6,18.36,18.67,18.1,820889.0,15067254.0,-1.075,-0.2,18.4,24.97375,-26.32263877070925,True,2026-06-11,15.82548387096775,1.736129032258065,21.73458725182863,0.10449320794148381,True,2026-06-11,8005486057.451612,,,,正常,8005486057.451612,7.880434782608696,True,2026-06-08,,成品家居,
001328,登康口腔,29.4,29.4,29.44,28.65,28.7,30.21,28.5,1520715.0,44614598.0,2.618,0.75,29.4,35.5065,-17.198259473617515,True,2026-06-11,26.678782287822873,3.218450184501846,3.129074315514994,22.294654498044327,True,2026-06-11,5061909719.999999,,,,正常,5061909719.999999,5.4421768707483,True,2026-06-05,,洗护用品,
001338,永顺泰,9.86,9.86,9.91,10.23,10.09,10.14,9.74,8402300.0,83090697.0,-3.617,-0.37,9.86,12.48625,-21.033136450095114,True,2026-06-11,24.87560390097526,1.3240360090022503,53.458382180539274,3.048065650644783,True,2026-06-11,4947066023.0772705,,,,正常,4947066023.0772705,3.0425963488843815,True,2025-06-19,,其他农产品加工,
001368,通达创智,22.93,22.93,23.03,23.14,22.99,23.36,22.63,1123900.0,25752943.0,-0.908,-0.21,22.93,26.662916666666668,-14.000406307136949,True,2026-06-11,25.502154404486966,1.8458990432200582,56.566970091027315,39.27178153446034,False,2026-06-11,2610281126.1923456,,,,正常,2610281126.1923456,3.270824247710423,True,2026-05-13,,娱乐用品,
001386,马可波罗,15.44,15.43,15.44,15.38,15.25,15.47,15.08,3713848.0,56783060.0,0.39,0.06,15.44,21.276,-27.429968039105102,True,2026-06-11,15.739256155055001,1.5124567836563643,1.948051948051948,1.948051948051948,True,2026-06-11,18449564800.0,,,,正常,18449564800.0,3.8860103626943006,True,2026-06-10,,瓷砖地板,
002004,华邦健康,4.55,4.54,4.55,4.55,4.54,4.57,4.48,18814289.0,85438580.0,0.0,0.0,4.55,5.102333333333333,-10.825112693538907,True,2026-06-11,13.173511293634496,0.8688911704312116,8.690807799442897,11.045655375552283,True,2026-06-11,9008632318.891176,,,,正常,9008632318.891176,4.395604395604396,True,2025-09-16,,化学制剂,
002007,华兰生物,13.19,13.18,13.19,13.36,13.31,13.36,13.13,6865423.0,90850706.0,-1.272,-0.17,13.19,14.893999999999998,-11.44084866389149,True,2026-06-11,28.103590096286112,2.05923658872077,26.080550098231825,0.14734774066797643,True,2026-06-11,24104153424.86658,,,,正常,24104153424.86658,5.307050796057619,True,2025-10-27,,疫苗,
002027,分众传媒,5.34,5.34,5.35,5.39,5.37,5.39,5.27,128580132.0,684976999.0,-0.928,-0.05,5.34,6.667166666666668,-19.90600704947131,True,2026-06-11,21.419808,4.9896959999999995,51.24694376528117,12.567237163814182,True,2026-06-11,77121346537.26718,,,,正常,77121346537.26718,7.116104868913858,True,2025-11-25,,广告媒体,
002035,华帝股份,4.91,4.91,4.92,4.9,4.86,4.92,4.83,8884502.0,43279405.0,0.204,0.01,4.91,6.0168333333333335,-18.395612309908316,True,2026-06-11,14.071443123938883,1.0837011884550092,45.73947110675808,0.14691478942213515,True,2026-06-11,4161979264.363329,,,,正常,4161979264.363329,8.146639511201629,True,2026-02-04,,厨房电器,
002043,兔 宝 宝,11.55,11.55,11.56,11.99,11.89,11.94,10.96,21248821.0,241534309.0,-3.67,-0.44,11.55,14.657916666666669,-21.202990420421276,True,2026-06-11,12.7909708737864,2.7809708737864103,25.171736997055937,22.718351324828262,True,2026-06-11,9583664244.0,,,,正常,9583664244.0,5.125541125541125,True,2026-06-01,,其他建材,
002060,广东建工,3.21,3.21,3.22,3.27,3.25,3.27,3.2,14843724.0,47885637.0,-1.835,-0.06,3.21,3.6396666666666664,-11.805110358091397,True,2026-06-11,11.18866141732284,0.8340944881889761,19.124877089478858,0.4424778761061947,True,2026-06-11,12051602306.803144,,,,正常,12051602306.803144,4.361370716510903,True,2026-05-22,,电能综合服务,
002088,鲁阳节能,8.14,8.13,8.14,8.15,8.08,8.19,7.9,2812036.0,22583583.0,-0.123,-0.01,8.14,10.63725,-23.476462431549507,True,2026-06-11,17.272200426474544,1.6490168818272095,61.42156862745098,7.481662591687041,True,2026-06-11,4176817850.0238366,,,,正常,4176817850.0238366,9.828009828009828,True,2025-06-13,,耐火材料,
002091,江苏国泰,7.5,7.5,7.51,7.5,7.5,7.59,7.32,21157612.0,157542321.0,0.0,0.0,7.5,8.720916666666666,-13.999866222014113,True,2026-06-11,9.660367722165471,0.7660878447395302,38.79565646594275,6.712734452122408,True,2026-06-11,12207866999.999998,,,,正常,12207866999.999998,10.266637333333332,True,2026-06-08,,贸易,
002101,广东鸿图,8.38,8.37,8.38,8.57,8.53,8.57,8.34,4722000.0,39716807.0,-2.217,-0.19,8.38,11.19375,-25.136795086543817,True,2026-06-11,17.91328712871288,0.6969504950495053,38.62894450489663,0.24449877750611246,True,2026-06-11,5554456832.097029,,,,正常,5554456832.097029,3.73508353221957,True,2025-07-07,,其他汽车零部件,
002107,沃华医药,5.91,5.91,5.92,5.92,5.88,5.97,5.83,7245044.0,42659326.0,-0.169,-0.01,5.91,6.84475,-13.656452025274845,True,2026-06-11,31.15597826086956,5.042771739130434,25.172754195459035,54.88647581441264,True,2026-06-11,3411308736.0,,,,正常,3411308736.0,4.500846023688664,True,2026-03-05,,中药,
002116,中国海诚,8.81,8.8,8.81,8.89,8.86,8.88,8.62,2685120.0,23427634.0,-0.9,-0.08,8.81,10.277083333333334,-14.275288870869652,True,2026-06-11,12.20878172588833,1.4578984771573598,0.8744855967078189,0.04897159647404505,True,2026-06-11,4103645572.0030475,,,,正常,4103645572.0030475,3.5116799091940973,True,2025-06-26,,其他专业工程,
002117,东港股份,8.9,8.9,8.92,9.3,9.24,9.24,8.8,9243952.0,82988429.0,-4.301,-0.4,8.9,11.085916666666666,-19.717960475377915,True,2026-06-11,30.903010348071522,3.1480714957666986,70.4645476772616,37.946210268948654,False,2026-06-11,4661116499.793039,,,,正常,4661116499.793039,3.3707865168539324,True,2026-05-15,,印刷,
002152,广电运通,9.56,9.55,9.56,9.89,9.78,9.87,9.48,21335121.0,204453783.0,-3.337,-0.33,9.56,12.287583333333334,-22.197882686451777,True,2026-06-11,28.042666666666683,1.8647901234567912,35.91756624141315,13.3954857703631,True,2026-06-11,23741140505.11608,,,,正常,23741140505.11608,3.8702928870292883,True,2026-05-28,,其他计算机设备,
002159,三特索道,13.49,13.49,13.51,13.79,13.71,13.8,13.3,3007101.0,40475318.0,-2.175,-0.3,13.49,16.809833333333334,-19.749353057238327,True,2026-06-11,17.866941176470597,1.6121176470588243,19.810633648943917,24.63126843657817,True,2026-06-11,2391794874.458826,,,,正常,2391794874.458826,3.9288361749444034,True,2026-06-10,,自然景区,
002170,芭田股份,11.08,11.08,11.09,10.9,10.88,11.19,10.86,15855600.0,175591621.0,1.651,0.18,11.08,12.43866666666667,-10.922928502519047,True,2026-06-11,10.600733137829904,2.656275659824048,0.1707455890722823,75.34381139489194,True,2026-06-11,10751496913.170086,,,,正常,10751496913.170086,9.115523465703973,True,2026-05-15,,复合肥,
002206,海 利 得,5.16,5.15,5.16,5.26,5.23,5.27,5.08,12898786.0,66327698.0,-1.901,-0.1,5.16,6.088833333333333,-15.254701229025802,True,2026-06-11,12.045584415584418,1.4575324675324668,3.9254170755642788,16.830225711481845,True,2026-06-11,5996989255.032468,,,,正常,5996989255.032468,3.875968992248062,True,2026-05-21,,涤纶,
002215,诺 普 信,8.71,8.7,8.71,8.79,8.71,8.8,8.6,7813252.0,68006244.0,-0.91,-0.08,8.71,10.588083333333335,-17.73770827266503,True,2026-06-11,11.277592417061618,1.7915355450236954,0.049019607843137254,9.362745098039216,True,2026-06-11,8750360485.512794,,,,正常,8750360485.512794,3.4443168771526977,True,2026-06-01,,其他种植业,
002223,鱼跃医疗,25.32,25.32,25.33,25.45,25.39,25.61,25.25,6868496.0,174556874.0,-0.511,-0.13,25.32,34.631416666666674,-26.887195393392815,True,2026-06-11,19.749600000000008,1.8567999999999996,35.74572127139364,0.1466992665036675,True,2026-06-11,25382715842.280003,,,,正常,25382715842.280003,3.949447077409163,True,2026-05-26,,医疗设备,
002228,合兴包装,3.15,3.14,3.15,3.19,3.16,3.2,3.1,14980500.0,47042950.0,-1.254,-0.04,3.15,4.159583333333333,-24.2712611439447,True,2026-06-11,40.48304020100503,1.2663316582914586,90.51344743276285,34.1320293398533,False,2026-06-11,3822164731.0175886,,,,正常,3822164731.0175886,8.888888888888888,True,2026-01-08,,纸包装,
002233,塔牌集团,7.49,7.49,7.5,7.7,7.7,7.7,7.4,13810739.0,103405810.0,-2.727,-0.21,7.49,8.802249999999999,-14.90812008293333,True,2026-06-11,14.27754802259887,0.7193785310734463,66.2414131501472,5.446516192345436,True,2026-06-11,8794387305.089268,,,,正常,8794387305.089268,6.408544726301734,True,2026-04-30,,水泥制造,
002236,大华股份,15.84,15.83,15.84,16.24,16.19,16.21,15.78,36450014.0,581326474.0,-2.463,-0.4,15.84,18.007916666666667,-12.038686688724864,True,2026-06-11,13.268288387451848,1.351238304898184,14.0748031496063,2.4606299212598426,True,2026-06-11,51785111252.52612,,,,正常,51785111252.52612,3.5037878787878793,True,2026-05-26,,安防设备,
002249,大洋电机,7.85,7.84,7.85,8.02,7.97,7.98,7.7,42924352.0,335377144.0,-2.12,-0.17,7.85,9.78825,-19.801803182387047,True,2026-06-11,17.638469387755105,1.9064285714285698,9.318323952470294,82.10422812192724,True,2026-06-11,19354640536.239796,,,,正常,19354640536.239796,5.426751592356688,True,2026-05-20,,电机Ⅲ,
002264,新 华 都,6.22,6.22,6.24,6.36,6.26,6.32,6.15,12842900.0,79862472.0,-2.201,-0.14,6.22,8.935083333333333,-30.386771248169666,True,2026-06-11,27.964948216340634,2.1472957422324512,65.27229676400947,6.363191385217817,True,2026-06-11,4477226286.0,,,,正常,4477226286.0,3.2154340836012865,True,2026-06-04,,营销代理,
002270,华明装备,18.3,18.29,18.3,19.02,18.83,18.98,18.2,17014370.0,314085595.0,-3.785,-0.72,18.3,27.53375,-33.53611476823898,True,2026-06-11,23.380032467532455,5.250852272727272,59.86294664708761,86.68624571708273,False,2026-06-11,16400925387.41882,,,,正常,16400925387.41882,4.53551912568306,True,2026-04-30,,输变电设备,
002271,东方雨虹,12.13,12.13,12.14,12.06,12.0,12.25,11.96,30208974.0,366312982.0,0.58,0.07,12.13,15.303083333333332,-20.73492814628859,True,2026-06-11,89.77845252774353,1.4134217016029593,96.55364091161756,17.658632562715198,True,2026-06-11,28974929374.938965,,,,正常,28974929374.938965,7.625721352019786,True,2025-08-27,,防水材料,
002303,美盈森,3.08,3.08,3.09,3.1,3.09,3.11,3.03,10268900.0,31466732.0,-0.645,-0.02,3.08,3.754916666666667,-17.974211589249656,True,2026-06-11,19.49500000000001,1.0500000000000003,33.643486777668954,16.307541625857002,True,2026-06-11,4716476949.625,,,,正常,4716476949.625,6.396103896103897,True,2025-11-25,,纸包装,
002304,洋河股份,43.36,43.36,43.37,43.24,42.96,43.58,42.8,5012240.0,216725553.0,0.278,0.12,43.36,53.12258333333333,-18.377463445395946,True,2026-06-11,64.32182194616978,1.3286293995859213,98.87530562347189,0.293398533007335,True,2026-06-11,65319458408.460464,,,,正常,65319458408.460464,5.343634686346864,True,2025-06-27,,白酒Ⅲ,
002315,焦点科技,24.1,24.09,24.1,24.91,24.98,25.05,24.01,6768559.0,164289272.0,-3.252,-0.81,24.1,33.017916666666665,-27.009325744860735,True,2026-06-11,20.30593788063339,2.6565773447015832,14.91442542787286,52.42053789731052,True,2026-06-11,9938999758.635803,,,,正常,9938999758.635803,5.394190871369294,True,2026-04-23,,跨境电商,
002318,久立特材,22.03,22.03,22.04,22.18,22.19,22.35,21.8,6569152.0,144570100.0,-0.676,-0.15,22.03,29.679583333333333,-25.773890581348002,True,2026-06-11,14.209091518605442,2.3632584646329216,28.85181550539745,32.18842001962708,True,2026-06-11,21527070961.895424,,,,正常,21527070961.895424,4.5392646391284615,True,2026-05-28,,特钢Ⅲ,
002322,理工能科,10.47,10.47,10.5,10.54,10.5,10.61,10.39,3128800.0,32767876.0,-0.664,-0.07,10.47,12.651,-17.239743893763336,True,2026-06-11,18.633341523341514,1.3462653562653562,52.56975036710719,26.333822809593734,True,2026-06-11,3827077846.1572495,,,,正常,3827077846.1572495,5.826170009551098,True,2026-04-30,,垂直应用软件,
002345,潮宏基,8.87,8.87,8.88,8.65,8.55,9.0,8.37,23080090.0,200968363.0,2.543,0.22,8.87,11.335500000000001,-21.750253627982907,True,2026-06-11,13.782745471877984,1.9617159199237362,18.16702819956616,78.239608801956,True,2026-06-11,7881107710.726398,,,,正常,7881107710.726398,5.073280721533259,True,2026-05-21,,钟表珠宝,
002346,柘中股份,15.94,15.94,15.95,16.71,16.63,16.66,15.86,5070442.0,81606636.0,-4.608,-0.77,15.94,19.78516666666667,-19.434593255890363,True,2026-06-11,25.23905959540733,2.431525423728813,56.30205441421433,55.18262586377097,False,2026-06-11,7038712131.353745,,,,正常,7038712131.353745,3.136762860727729,True,2025-06-13,,配电设备,
002351,漫步者,9.83,9.83,9.84,10.02,9.99,10.09,9.75,7812650.0,77455040.0,-1.896,-0.19,9.83,11.536083333333334,-14.789103754162669,True,2026-06-11,20.273295254833034,2.8418892794376105,1.332675222112537,20.829220138203354,True,2026-06-11,8739921809.999998,,,,正常,8739921809.999998,4.5778229908443535,True,2026-05-21,,品牌消费电子,
002372,伟星新材,9.16,9.15,9.16,9.46,9.45,9.45,9.08,8385366.0,76978980.0,-3.171,-0.3,9.16,10.621,-13.75576687694191,True,2026-06-11,19.533765490943757,2.916530028598667,26.44749754661433,0.04906771344455348,True,2026-06-11,14583067969.975208,,,,正常,14583067969.975208,4.9126637554585155,True,2026-05-08,,管材,
002376,新北洋,6.04,6.03,6.04,6.19,6.12,6.16,5.85,15182700.0,90881666.0,-2.423,-0.15,6.04,7.180166666666666,-15.87938998630486,True,2026-06-11,61.360539083557974,1.2861455525606476,65.24902070509233,6.3484251968503935,True,2026-06-11,4895797747.460918,,,,正常,4895797747.460918,3.3112582781456954,True,2026-05-29,,其他计算机设备,
002390,信邦制药,2.89,2.89,2.9,2.93,2.91,2.92,2.86,15486337.0,44742699.0,-1.365,-0.04,2.89,3.2128333333333337,-10.048244021372621,True,2026-06-11,43.99222222222223,0.8244744744744739,51.36642498605689,0.04906771344455348,True,2026-06-11,5617731898.138141,,,,正常,5617731898.138141,3.1141868512110724,True,2026-05-21,,中药,
002393,力生制药,14.0,14.0,14.01,14.11,13.96,14.11,13.78,2074558.0,28857538.0,-0.78,-0.11,14.0,17.242416666666667,-18.80488523940477,True,2026-06-11,10.478787878787879,0.7806060606060605,1.075794621026895,4.009779951100245,True,2026-06-11,4325499010.424243,,,,正常,4325499010.424243,6.42857142857143,True,2026-04-28,,化学制剂,
002394,联发股份,9.3,9.28,9.3,9.42,9.31,9.51,9.09,5631790.0,51961762.0,-1.274,-0.12,9.3,13.925416666666667,-33.215642859280095,True,2026-06-11,12.43812451960031,0.6933897002305924,64.49877750611248,42.49388753056235,False,2026-06-11,3010410000.0000005,,,,正常,3010410000.0000005,5.376344086021505,True,2026-05-25,,棉纺,
002398,垒知集团,4.12,4.12,4.13,4.18,4.12,4.2,4.05,11168901.0,45917457.0,-1.435,-0.06,4.12,5.388,-23.533778767631773,True,2026-06-11,63.530078125000024,0.796640625,86.84596577017115,6.308068459657703,True,2026-06-11,2875916069.9453115,,,,正常,2875916069.9453115,3.8834951456310676,True,2026-06-10,,其他建材,
002416,爱施德,10.27,10.27,10.28,10.14,10.07,10.34,9.69,30473298.0,304486091.0,1.282,0.13,10.27,12.267416666666664,-16.28229252287563,True,2026-06-11,33.828422939068105,2.127620071684591,84.88247863247864,62.666010821446136,False,2026-06-11,12727424147.840853,,,,正常,12727424147.840853,4.868549172346641,True,2026-05-28,,专业连锁Ⅲ,
002441,众业达,8.2,8.2,8.21,8.35,8.28,8.34,8.11,5724200.0,46886773.0,-1.796,-0.15,8.2,9.960583333333334,-17.67550427936786,True,2026-06-11,24.1595703125,0.9849609374999996,78.2544378698225,15.680473372781064,True,2026-06-11,4465257593.671875,,,,正常,4465257593.671875,6.097560975609757,True,2025-12-16,,配电设备,
002454,松芝股份,5.25,5.25,5.26,5.33,5.32,5.34,5.17,9090870.0,47630295.0,-1.501,-0.08,5.25,6.394499999999999,-17.898193760262714,True,2026-06-11,14.627737226277365,0.8102189781021897,24.20225822287678,1.0309278350515463,True,2026-06-11,3300053400.0000005,,,,正常,3300053400.0000005,8.571428571428571,True,2026-05-22,,汽车电子电气系统,
002469,三维化学,6.93,6.93,0.0,6.3,6.49,6.93,6.46,28578066.0,194467890.0,10.0,0.63,6.93,8.30975,-16.603989289689814,True,2026-06-11,33.567187499999996,1.6931250000000015,70.12224938875306,41.66259168704157,False,2026-06-11,4496618025.703125,,,,正常,4496618025.703125,4.329004329004329,True,2026-05-22,,化学工程,
002508,老板电器,16.41,16.41,16.42,16.48,16.48,16.76,16.41,7011594.0,116390091.0,-0.425,-0.07,16.41,19.549249999999997,-16.058160799007627,True,2026-06-11,12.682076086956522,1.3110163043478258,17.72771792360431,0.1958863858961802,True,2026-06-11,15506447611.20326,,,,正常,15506447611.20326,6.0938452163315056,True,2026-06-03,,厨房电器,
002521,齐峰新材,6.91,6.91,6.92,7.08,7.06,7.08,6.85,3431724.0,23728021.0,-2.401,-0.17,6.91,8.079416666666667,-14.474023495920708,True,2026-06-11,21.867621951219515,0.9690853658536591,31.400718317085683,61.212419911286354,False,2026-06-11,3870021855.5000014,,,,正常,3870021855.5000014,3.9073806078147615,True,2026-06-01,,特种纸,
002532,天山铝业,13.41,13.41,13.42,13.39,13.32,13.59,13.18,68687814.0,920136591.0,0.149,0.02,13.41,16.69175,-19.660910329953417,True,2026-06-11,10.383493397358944,1.980108043217288,17.8343949044586,56.78588926996571,True,2026-06-11,62071368735.2305,,,,正常,62071368735.2305,4.101416853094706,True,2026-05-15,,铝,
002533,金杯电工,10.84,10.83,10.84,11.01,10.98,11.04,10.65,8727050.0,94503485.0,-1.544,-0.17,10.84,13.195833333333331,-17.852857593937465,True,2026-06-11,13.367501810282404,1.7582621288921079,21.95362604834731,71.68228909718796,True,2026-06-11,7955921111.907313,,,,正常,7955921111.907313,4.1512915129151295,True,2026-05-21,,线缆部件及其他,
002543,万和电气,7.03,7.03,7.04,7.15,7.18,7.18,6.96,3977622.0,27943184.0,-1.678,-0.12,7.03,9.032166666666667,-22.167069547727568,True,2026-06-11,45.072247324613556,1.078323424494651,98.63080684596576,0.19559902200488996,True,2026-06-11,5227508000.0,,,,正常,5227508000.0,3.698435277382646,True,2025-09-12,,卫浴电器,
002555,三七互娱,17.61,17.6,17.61,18.17,18.1,18.15,17.5,41264069.0,729747699.0,-3.082,-0.56,17.61,23.04225,-23.575171695472452,True,2026-06-11,12.078805369127519,2.686805369127519,7.496325330720236,8.623223909848114,True,2026-06-11,38957505562.13422,,,,正常,38957505562.13422,5.848949460533786,True,2026-06-02,,游戏Ⅲ,
002572,索菲亚,8.47,8.47,8.48,8.51,8.45,8.53,8.31,6583300.0,55463133.0,-0.47,-0.04,8.47,12.765333333333334,-33.648422811781906,True,2026-06-11,9.585766362883186,1.1087489643744828,0.4889975550122249,0.09779951100244498,True,2026-06-11,8157009478.743166,,,,正常,8157009478.743166,9.445100354191263,True,2026-05-21,,定制家居,
002582,好想你,9.32,9.31,9.32,9.32,9.25,9.4,9.05,13601200.0,125641294.0,0.0,0.0,9.32,11.12625,-16.234130996517248,True,2026-06-11,2.150186839967505,0.817676685621446,3.7254901960784315,22.796651895617924,True,2026-06-11,4172637543.961008,,,,正常,4172637543.961008,6.437768240343347,True,2026-06-01,,零食,
002588,史丹利,8.56,8.56,8.57,8.56,8.61,8.68,8.39,12175283.0,103668033.0,0.0,0.0,8.56,10.308083333333334,-16.958374091530114,True,2026-06-11,9.077100371747214,1.2489962825278806,0.04911591355599214,35.510805500982315,True,2026-06-11,9860195348.9591,,,,正常,9860195348.9591,3.679906542056075,True,2026-06-11,,复合肥,
002601,龙佰集团,14.41,14.4,14.41,14.99,14.93,14.99,14.3,31230567.0,452866343.0,-3.869,-0.58,14.41,18.591166666666666,-22.49007144970281,True,2026-06-11,46.092971188475374,1.50500600240096,99.06953966699315,0.3428011753183154,True,2026-06-11,34357014486.994614,,,,正常,34357014486.994614,4.1637751561415675,True,2025-12-17,,钛白粉,
002612,朗姿股份,11.86,11.85,11.86,12.11,11.96,12.11,11.76,3896382.0,46236465.0,-2.064,-0.25,11.86,17.569416666666665,-32.4963359625865,True,2026-06-11,5.51424354243542,1.5682041820418202,0.05200208008320333,25.623471882640587,True,2026-06-11,5247402147.8646965,,,,正常,5247402147.8646965,10.118043844856661,True,2026-05-26,,非运动服装,
002616,长青集团,4.84,4.83,4.84,4.91,4.85,4.91,4.79,11865929.0,57457068.0,-1.426,-0.07,4.84,5.6065,-13.671631142423967,True,2026-06-11,13.92430769230769,1.116923076923077,3.211517165005537,0.4442250740375123,True,2026-06-11,4158607221.2854705,,,,正常,4158607221.2854705,8.264462809917356,True,2026-05-08,,其他能源发电,
002626,金达威,14.02,14.02,14.05,14.2,14.18,14.26,13.98,2663900.0,37484860.0,-1.268,-0.18,14.02,17.91283333333333,-21.732091517254847,True,2026-06-11,30.12993788819872,1.9419006211180128,63.66748166259168,0.3422982885085574,True,2026-06-11,8551299410.931675,,,,正常,8551299410.931675,5.706134094151213,True,2026-06-10,,保健品,
002632,道明光学,9.69,9.69,9.7,9.99,9.9,9.97,9.6,11224100.0,108993389.0,-3.003,-0.3,9.69,12.035499999999997,-19.488180798471177,True,2026-06-11,28.65447684391082,2.7175214408233295,50.39177277179236,79.82370225269344,False,2026-06-11,6052365181.767579,,,,正常,6052365181.767579,3.0959752321981426,True,2026-05-11,,膜材料,
002661,克明食品,7.7,7.69,7.7,7.94,7.93,7.93,7.62,3872200.0,29906475.0,-3.023,-0.24,7.7,8.975916666666667,-14.214889844119917,True,2026-06-11,63.44660633484163,1.1236425339366511,94.47453954496208,5.394801373222167,True,2026-06-11,2565160613.156109,,,,正常,2565160613.156109,3.896103896103896,True,2026-06-04,,预加工食品,
002673,西部证券,6.22,6.21,6.22,6.36,6.32,6.38,6.16,28585208.0,178042423.0,-2.201,-0.14,6.22,7.5034166666666655,-17.10443020401816,True,2026-06-11,15.916643550624135,0.9144521497919553,0.0979431929480901,0.14691478942213515,True,2026-06-11,27800798205.056847,,,,正常,27800798205.056847,3.054662379421222,True,2026-06-05,,证券,
002690,美亚光电,14.19,14.19,14.2,14.28,14.25,14.31,14.08,3953960.0,55991346.0,-0.63,-0.09,14.19,18.126416666666668,-21.71646354078073,True,2026-06-11,17.23182565789474,4.138750000000004,1.076847772883015,0.048947626040137054,True,2026-06-11,12518828091.000002,,,,正常,12518828091.000002,4.933051444679352,True,2026-05-14,,其它专用机械,
002701,奥瑞金,4.49,4.49,4.5,4.63,4.63,4.63,4.46,22585036.0,102014424.0,-3.024,-0.14,4.49,5.4855,-18.147844316835293,True,2026-06-11,13.378874538745386,1.1183579335793359,17.958783120706574,0.19627085377821393,True,2026-06-11,11493324505.826567,,,,正常,11493324505.826567,5.345211581291759,True,2026-06-05,,金属包装,
002705,新宝股份,11.95,11.95,11.96,12.19,12.18,12.19,11.88,7659892.0,91788439.0,-1.969,-0.24,11.95,14.340499999999999,-16.669572190648864,True,2026-06-11,11.667016238159679,1.115764546684709,16.151202749140893,0.049091801669121256,True,2026-06-11,9701915570.67659,,,,正常,9701915570.67659,5.02092050209205,True,2025-10-17,,厨房小家电,
002714,牧原股份,34.16,34.15,34.16,34.43,34.44,34.67,33.88,36398484.0,1241341590.0,-0.784,-0.27,34.16,45.01883333333333,-24.120645803793238,True,2026-06-11,20.161544472535056,2.2846609974718457,49.905601006922595,0.09784735812133072,True,2026-06-11,197205500557.54343,,,,正常,197205500557.54343,5.646341334894616,True,2026-05-27,,生猪养殖,
002727,一心堂,10.83,10.82,10.83,11.03,10.92,11.04,10.72,4352393.0,47174038.0,-1.813,-0.2,10.83,12.890416666666665,-15.984096712674134,True,2026-06-11,22.719272300469484,0.8474178403755876,38.24251350024546,0.049091801669121256,True,2026-06-11,6342092674.17371,,,,正常,6342092674.17371,3.6934441366574333,True,2026-05-29,,线下药店,
002736,国信证券,10.03,10.02,10.03,10.04,10.0,10.11,9.87,25897341.0,258277079.0,-0.1,-0.01,10.03,11.823083333333333,-15.165953607702454,True,2026-06-11,9.470186046511627,1.0263255813953491,1.6136919315403422,6.06356968215159,True,2026-06-11,102724682891.79996,,,,正常,102724682891.79996,4.48654037886341,True,2026-02-11,,证券,
002737,葵花药业,12.16,12.16,12.17,12.45,12.44,12.52,12.12,4034100.0,49323730.0,-2.329,-0.29,12.16,13.580833333333334,-10.462048229735544,True,2026-06-11,81.60457523835053,1.7998232695139897,97.79063650710152,0.19723865877712032,True,2026-06-11,7101440000.0,,,,正常,7101440000.0,4.111842105263158,True,2025-07-18,,中药,
002749,国光股份,8.59,8.59,8.62,8.68,8.63,8.75,8.45,1569323.0,13446580.0,-1.037,-0.09,8.59,12.795833333333333,-32.86877238684467,True,2026-06-11,13.640538827258318,2.144096671949288,0.0979431929480901,0.04897159647404505,True,2026-06-11,4006019944.5000014,,,,正常,4006019944.5000014,10.477299185098952,True,2026-05-22,,农药,
002752,昇兴股份,5.96,5.95,5.96,6.04,5.98,6.05,5.88,10927035.0,64864905.0,-1.325,-0.08,5.96,6.73475,-11.503767771632212,True,2026-06-11,15.91670588235294,1.5815424836601304,18.148342977380327,13.191699604743082,True,2026-06-11,5822434069.124183,,,,正常,5822434069.124183,3.3557046979865772,True,2026-05-19,,金属包装,
002753,永东股份,6.31,6.31,6.32,6.44,6.43,6.47,6.28,3864700.0,24466422.0,-2.019,-0.13,6.31,7.344416666666666,-14.08439517547343,True,2026-06-11,254.98214092140933,1.0174661246612469,99.19839679358718,6.981317600786626,True,2026-06-11,2704956994.096206,,,,正常,2704956994.096206,3.106180665610143,True,2026-06-08,,炭黑,
002772,众兴菌业,12.74,12.73,12.74,13.19,13.04,13.22,12.54,9243613.0,117826090.0,-3.412,-0.45,12.74,15.717916666666667,-18.946001113379108,True,2026-06-11,10.624143192488265,1.3158685446009386,2.5587467362924285,74.987714987715,True,2026-06-11,4774219870.180751,,,,正常,4774219870.180751,3.5321821036106753,True,2026-05-19,,食用菌,
002773,康弘药业,19.91,19.9,19.91,20.01,19.97,20.15,19.63,5831583.0,116042880.0,-0.5,-0.1,19.91,27.540083333333335,-27.705374892959057,True,2026-06-11,17.132624845233185,1.9063640115559226,17.329545454545457,1.9559902200488997,True,2026-06-11,18343500193.794884,,,,正常,18343500193.794884,3.515821195379206,True,2026-06-09,,其他生物制品,
002788,鹭燕医药,11.06,11.06,11.07,11.26,11.18,11.28,10.91,11098686.0,122553219.0,-1.776,-0.2,11.06,15.608749999999999,-29.142308000320327,True,2026-06-11,15.48556104446013,1.2722512350035293,82.37885462555066,44.73813020068527,False,2026-06-11,4296995100.066338,,,,正常,4296995100.066338,3.164556962025316,True,2025-07-10,,医药流通,
002790,瑞尔特,6.02,6.01,6.02,5.99,5.93,6.05,5.85,4207516.0,25078534.0,0.501,0.03,6.02,7.932916666666667,-24.113661431797894,True,2026-06-11,21.632963464755782,1.2168942436412307,74.00686611083864,0.09779951100244498,True,2026-06-11,2515591246.0,,,,正常,2515591246.0,3.322259136212625,True,2025-06-19,,卫浴制品,
002809,红墙股份,9.01,9.01,9.02,8.98,9.04,9.46,8.36,30942471.0,275008264.0,0.334,0.03,9.01,11.398666666666665,-20.955667329512217,True,2026-06-11,874.3643193268538,1.2252266419981506,93.52306182531895,14.718826405867972,True,2026-06-11,2164744519.521738,,,,正常,2164744519.521738,3.3296337402885685,True,2025-06-19,,其他化学制品,
002852,道道全,7.6,7.6,7.62,7.67,7.62,7.71,7.51,3544800.0,26898489.0,-0.913,-0.07,7.6,10.005,-24.037981009495258,True,2026-06-11,18.037444933920707,1.1550660792951548,29.632525410476934,1.3691931540342297,True,2026-06-11,2614159117.6651998,,,,正常,2614159117.6651998,3.8947368421052633,True,2026-04-21,,粮油加工,
002879,长缆科技,14.33,14.33,14.34,14.44,14.37,14.55,14.11,3469100.0,49596344.0,-0.762,-0.11,14.33,19.55708333333333,-26.727315337580148,True,2026-06-11,20.85554301075268,1.556268817204302,20.959843290891282,9.157688540646426,True,2026-06-11,2767232481.2000017,,,,正常,2767232481.2000017,3.4891835310537336,True,2026-04-21,,线缆部件及其他,
002895,川恒股份,31.2,31.19,31.2,30.34,30.88,31.38,30.39,9795900.0,303346305.0,2.835,0.86,31.2,37.51766666666667,-16.839177987259347,True,2026-06-11,15.158073654390936,2.386402266288952,28.046989720998532,39.20704845814978,True,2026-06-11,18904279149.6884,,,,正常,18904279149.6884,9.615384615384617,True,2026-05-21,,磷肥及磷化工,
002911,佛燃能源,10.38,10.38,10.4,10.53,10.55,10.56,10.33,3922506.0,40814020.0,-1.425,-0.15,10.38,13.007916666666665,-20.202440821294708,True,2026-06-11,13.053372483221471,3.1871476510067125,0.1466992665036675,56.919315403422985,True,2026-06-11,13475065115.7483,,,,正常,13475065115.7483,5.009633911368015,True,2026-04-24,,燃气,
002942,新农股份,16.17,16.16,16.19,16.22,16.18,16.32,15.82,1126320.0,18066275.0,-0.308,-0.05,16.17,19.919083333333333,-18.82156558409229,True,2026-06-11,25.257004515805317,1.9715554440541907,51.86480186480187,11.527854384997243,True,2026-06-11,2520222728.1811347,,,,正常,2520222728.1811347,4.329004329004328,True,2026-06-05,,农药,
002946,新乳业,16.09,16.09,16.1,16.34,16.33,16.44,16.02,3129900.0,50589862.0,-1.53,-0.25,16.09,17.91258333333333,-10.174877065005495,True,2026-06-11,17.65620744680851,3.62025,3.9660056657223794,8.895184135977336,True,2026-06-11,13848296100.07234,,,,正常,13848296100.07234,4.350528278433809,True,2026-06-09,,乳品,
002959,小熊电器,33.76,33.76,33.77,34.7,34.38,34.9,33.66,1021234.0,34734939.0,-2.709,-0.94,33.76,42.503249999999994,-20.57077988153846,True,2026-06-11,15.370205278592366,1.7160508308895404,0.48721071863580995,0.06090133982947624,True,2026-06-11,5260939702.521994,,,,正常,5260939702.521994,6.812796208530806,True,2026-05-28,,厨房小家电,
002984,森麒麟,14.02,14.02,14.03,14.47,14.39,14.45,14.01,8165788.0,115361724.0,-3.11,-0.45,14.02,18.80825,-25.458243058232433,True,2026-06-11,14.931258199165164,1.0701013714967207,29.661627069834413,0.07199424046076314,True,2026-06-11,14528741931.695896,,,,正常,14528741931.695896,4.20827389443652,True,2025-11-10,,轮胎轮毂,
002991,甘源食品,42.45,42.44,42.45,43.22,43.17,43.59,41.91,693126.0,29424268.0,-1.782,-0.77,42.45,53.84474999999999,-21.162230301004257,True,2026-06-11,17.82408301158303,2.2208397683397703,13.671599718111347,0.07047216349541931,True,2026-06-11,3957012026.1139007,,,,正常,3957012026.1139007,7.955241460541814,True,2026-06-04,,零食,
002998,优彩资源,7.29,7.28,7.29,7.4,7.36,7.41,7.17,5840900.0,42442823.0,-1.486,-0.11,7.29,8.313916666666666,-12.315695570679674,True,2026-06-11,37.72342492639843,1.473738959764475,83.44370860927152,35.099337748344375,False,2026-06-11,2586592252.1658487,,,,正常,2586592252.1658487,9.465020576131689,True,2026-05-20,,涤纶,
002999,天禾股份,5.95,5.94,5.95,5.98,5.93,6.05,5.79,5837600.0,34466113.0,-0.502,-0.03,5.95,7.042000000000001,-15.506958250497027,True,2026-06-11,38.31138888888888,1.6775694444444456,71.53179190751445,9.320809248554914,True,2026-06-11,2068172399.9999998,,,,正常,2068172399.9999998,3.2605042016806722,True,2026-06-02,,复合肥,
003008,开普检测,18.36,18.36,18.38,18.66,18.5,18.85,18.03,1653575.0,30368446.0,-1.608,-0.3,18.36,22.614333333333335,-18.812552510944393,True,2026-06-11,24.190540540540525,1.7832770270270277,3.9416058394160585,14.890510948905108,True,2026-06-11,1909440000.0,,,,正常,1909440000.0,5.446623093681917,True,2026-06-03,,未知,所属行业批量超时
003012,东鹏控股,4.72,4.72,4.73,4.82,4.82,4.84,4.67,9127729.0,43108452.0,-2.075,-0.1,4.72,6.393083333333333,-26.170209992570094,True,2026-06-11,16.42826855123675,0.7255123674911659,23.87687188019967,0.07304601899196494,True,2026-06-11,5460951065.5265045,,,,正常,5460951065.5265045,5.296610169491526,True,2026-06-01,,未知,所属行业批量超时
003020,立方制药,15.31,15.31,15.36,15.53,15.31,15.54,15.11,1361812.0,20797725.0,-1.417,-0.22,15.31,24.19383333333333,-36.71941197137011,True,2026-06-11,17.948517880224042,1.5765144334338643,9.41265060240964,0.07530120481927711,True,2026-06-11,2911689206.274884,,,,正常,2911689206.274884,3.2658393207054215,True,2026-05-29,,未知,所属行业批量超时
300009,安科生物,7.69,7.69,7.7,7.83,7.82,7.83,7.63,10741127.0,82712559.0,-1.788,-0.14,7.69,9.469249999999999,-18.789766876996584,True,2026-06-11,18.521963882618515,2.707990970654628,6.607929515418502,0.048947626040137054,True,2026-06-11,12852456244.624159,,,,正常,12852456244.624159,3.2509752925877757,True,2026-05-29,,未知,所属行业批量超时
300138,晨光生物,9.6,9.6,9.62,9.71,9.67,9.76,9.49,3272380.0,31408593.0,-1.133,-0.11,9.6,12.539250000000001,-23.440397152939774,True,2026-06-11,13.024364592462748,1.337773882559157,5.770171149144254,4.10757946210269,True,2026-06-11,4637760892.690621,,,,正常,4637760892.690621,3.125,True,2026-05-21,,未知,所属行业批量超时
300140,节能环境,5.34,5.34,5.35,5.45,5.4,5.46,5.3,12516400.0,66938703.0,-2.018,-0.11,5.34,6.868833333333333,-22.25754009657147,True,2026-06-11,18.18508320726174,1.1552496217851744,0.09718172983479105,2.5552825552825555,True,2026-06-11,16549017865.633888,,,,正常,16549017865.633888,3.3707865168539324,True,2026-06-04,,未知,所属行业批量超时
300144,宋城演艺,6.42,6.42,6.43,6.6,6.6,6.6,6.38,27867860.0,179868813.0,-2.727,-0.18,6.42,7.88975,-18.628600399252193,True,2026-06-11,21.597625329815287,2.1512928759894465,2.682926829268293,0.09789525208027411,True,2026-06-11,16850447782.630604,,,,正常,16850447782.630604,3.1152647975077885,True,2025-06-30,,未知,所属行业批量超时
300146,汤臣倍健,9.63,9.63,9.64,9.6,9.6,9.84,9.55,18336057.0,177785710.0,0.313,0.03,9.63,10.98625,-12.344976675389685,True,2026-06-11,22.333210227272733,1.413494318181818,31.49693934335003,0.3422982885085574,True,2026-06-11,16290849808.201698,,,,正常,16290849808.201698,4.672897196261682,True,2026-04-21,,未知,所属行业批量超时
300251,光线传媒,10.99,10.99,11.0,11.48,11.4,11.45,10.95,52207651.0,578400412.0,-4.268,-0.49,10.99,16.341,-32.74585398690411,True,2026-06-11,14.879354409911041,3.2158657718120827,15.43726235741445,56.5281173594132,True,2026-06-11,32240136867.82751,,,,正常,32240136867.82751,3.1847133757961785,True,2026-05-29,,未知,所属行业批量超时
300306,远方信息,10.29,10.28,10.29,10.37,10.33,10.39,10.11,2614900.0,26758507.0,-0.771,-0.08,10.29,12.873916666666668,-20.070944480765384,True,2026-06-11,39.23012451361867,1.8497976653696504,69.81026785714286,31.992149165848872,False,2026-06-11,2767585825.379767,,,,正常,2767585825.379767,3.6151603498542273,True,2026-05-19,,未知,所属行业批量超时
300360,炬华科技,12.42,12.42,12.43,12.72,12.73,12.73,12.38,4086610.0,50961993.0,-2.358,-0.3,12.42,16.496083333333335,-24.709400716331665,True,2026-06-11,13.10397582269981,1.5014103425117526,23.765281173594133,9.682151589242054,True,2026-06-11,6386204104.803226,,,,正常,6386204104.803226,4.830917874396135,True,2026-06-03,,未知,所属行业批量超时
300452,山河药辅,11.92,11.91,11.92,12.1,12.07,12.13,11.76,2346311.0,27932755.0,-1.488,-0.18,11.92,14.354083333333334,-16.95742790959599,True,2026-06-11,15.84260992907801,2.7306099290780153,2.060843964671246,0.04906771344455348,True,2026-06-11,2794693396.1418467,,,,正常,2794693396.1418467,5.033557046979865,True,2026-06-10,,未知,所属行业批量超时
300470,中密控股,30.73,30.73,30.74,30.42,30.08,30.74,30.0,1727290.0,52606931.0,1.019,0.31,30.73,36.19591666666667,-15.10092068396297,True,2026-06-11,17.87384819064432,2.1517328626066483,0.8321096426823299,0.19579050416054822,True,2026-06-11,6390664178.344517,,,,正常,6390664178.344517,3.254149040026033,True,2025-10-20,,未知,所属行业批量超时
300515,三德科技,14.51,14.5,14.52,14.75,14.69,14.78,14.24,2043300.0,29532769.0,-1.627,-0.24,14.51,18.681,-22.327498527916067,True,2026-06-11,15.823765859284897,3.0961361014994244,0.04889975550122249,11.442542787286063,True,2026-06-11,2985497795.000001,,,,正常,2985497795.000001,4.824259131633355,True,2026-06-04,,未知,所属行业批量超时
300529,健帆生物,16.5,16.5,16.51,16.7,16.69,16.88,16.3,4706025.0,77587308.0,-1.198,-0.2,16.5,18.59258333333333,-11.254935883932193,True,2026-06-11,23.341875961045613,3.678882624295232,5.621301775147929,0.09861932938856016,True,2026-06-11,13176987037.288572,,,,正常,13176987037.288572,3.151515151515152,True,2026-06-01,,未知,所属行业批量超时
300532,今天国际,6.58,6.57,6.58,6.74,6.68,6.73,6.48,7646828.0,50143817.0,-2.374,-0.16,6.58,8.086916666666667,-18.63400760487619,True,2026-06-11,19.271730061349693,1.6227975460122692,22.900763358778626,0.04889975550122249,True,2026-06-11,4182513174.0000024,,,,正常,4182513174.0000024,7.598784194528875,True,2026-05-06,,未知,所属行业批量超时
300533,冰川网络,14.81,14.81,14.83,15.61,15.34,15.64,14.7,8126490.0,121508902.0,-5.125,-0.8,14.81,30.176583333333333,-50.92221065450859,True,2026-06-11,12.188306143700114,2.2824158278375566,3.6645962732919255,31.491442542787283,True,2026-06-11,3472381775.8542185,,,,正常,3472381775.8542185,13.504388926401079,True,2026-05-26,,未知,所属行业批量超时
300564,筑博设计,12.19,12.19,12.22,12.59,12.5,12.65,12.03,5221700.0,63923328.0,-3.177,-0.4,12.19,15.559249999999999,-21.65432138438549,True,2026-06-11,42.30689614243325,1.5843382789317504,77.15189873417721,23.354430379746834,True,2026-06-11,1966432287.9999998,,,,正常,1966432287.9999998,4.1017227235438884,True,2025-06-27,,未知,所属行业批量超时
300573,兴齐眼药,36.3,36.29,36.3,35.88,35.71,36.65,35.57,6251182.0,225671689.0,1.171,0.42,36.3,46.426083333333324,-21.811194497346133,True,2026-06-11,11.826174210076857,4.0918872758326215,0.19636720667648502,15.414825724104075,True,2026-06-11,8945391830.089672,,,,正常,8945391830.089672,4.683195592286501,True,2026-05-22,,未知,所属行业批量超时
300625,三雄极光,10.0,10.0,10.01,10.16,10.08,10.18,9.89,2209700.0,22101650.0,-1.575,-0.16,10.0,12.070833333333333,-17.15567828788401,True,2026-06-11,150.35446699135903,1.4509480626545757,92.92532285233015,6.604238541153277,True,2026-06-11,2793310000.0,,,,正常,2793310000.0,5.500000000000001,True,2026-06-09,,未知,所属行业批量超时
300627,华测导航,30.15,30.14,30.15,30.93,30.63,30.88,29.69,12881171.0,387095760.0,-2.522,-0.78,30.15,34.51883333333333,-12.656375987987234,True,2026-06-11,35.51438559952396,5.427179410889613,13.85896180215475,21.155729676787463,True,2026-06-11,23724807397.55131,,,,正常,23724807397.55131,3.150912106135987,True,2026-05-19,,未知,所属行业批量超时
300638,广和通,19.4,19.4,19.41,20.49,20.38,20.49,19.31,16353579.0,320785118.0,-5.32,-1.09,19.4,26.79566666666667,-27.60023386866036,True,2026-06-11,73.0202467035304,2.789111016588686,85.96577017114915,1.7114914425427872,True,2026-06-11,17445757373.236923,,,,正常,17445757373.236923,3.0103092783505154,True,2026-06-09,,未知,所属行业批量超时
300664,鹏鹞环保,4.71,4.7,4.71,4.79,4.75,4.78,4.66,6507000.0,30637892.0,-1.67,-0.08,4.71,5.646083333333333,-16.579339660236446,True,2026-06-11,32.710657193605684,0.8114920071047954,85.6019656019656,3.2432432432432434,True,2026-06-11,3561967323.5861454,,,,正常,3561967323.5861454,3.1847133757961785,True,2026-05-28,,未知,所属行业批量超时
300705,九典制药,10.52,10.52,10.53,10.81,10.84,10.85,10.36,4137220.0,43563137.0,-2.683,-0.29,10.52,14.214333333333334,-25.990197687779947,True,2026-06-11,13.036006191950472,1.986749226006191,0.04889975550122249,0.04889975550122249,True,2026-06-11,5263062645.585142,,,,正常,5263062645.585142,3.8022813688212933,True,2026-05-28,,未知,所属行业批量超时
300770,新媒股份,33.84,33.81,33.84,33.4,33.41,33.95,32.46,2396953.0,79296922.0,1.317,0.44,33.84,41.153666666666666,-17.771603988303987,True,2026-06-11,11.99907834101382,2.079262672811061,10.584152689415847,3.1231925968768075,True,2026-06-11,7710057919.041475,,,,正常,7710057919.041475,8.274231678486995,True,2026-05-22,,未知,所属行业批量超时
300833,浩洋股份,31.59,31.59,31.62,32.26,31.85,32.29,31.32,545951.0,17270909.0,-2.077,-0.67,31.59,38.74708333333333,-18.471282784725716,True,2026-06-11,24.91217547460236,1.6046228835300158,44.8489010989011,0.27472527472527475,True,2026-06-11,3995834895.0,,,,正常,3995834895.0,6.331117442228554,True,2026-06-09,,未知,所属行业批量超时
300898,熊猫乳品,19.82,19.82,19.84,19.98,19.8,20.02,19.45,1945000.0,38347535.0,-0.801,-0.16,19.82,25.472083333333334,-22.189324914530616,True,2026-06-11,22.084231697506052,2.359903459372486,7.827359180687638,6.510607168983175,True,2026-06-11,2457680000.0,,,,正常,2457680000.0,3.027245206861756,True,2026-05-29,,未知,所属行业批量超时
300908,仲景食品,23.7,23.69,23.77,23.93,23.99,23.99,23.48,989575.0,23391273.0,-0.961,-0.23,23.7,26.843916666666665,-11.711840361099812,True,2026-06-11,17.5528125,1.868020833333334,0.149812734082397,0.22471910112359553,True,2026-06-11,3460200000.0,,,,正常,3460200000.0,4.219409282700422,True,2026-05-15,,未知,所属行业批量超时
300910,瑞丰新材,31.18,31.18,31.19,33.1,32.8,33.72,30.6,7891913.0,249657229.0,-5.801,-1.92,31.18,51.600333333333325,-39.574033759471824,True,2026-06-11,13.542634706002872,2.3316328621184184,0.0746268656716418,0.0746268656716418,True,2026-06-11,9227261967.92502,,,,正常,9227261967.92502,4.810776138550353,True,2026-05-29,,未知,所属行业批量超时
300979,华利集团,32.8,32.8,32.85,33.21,33.0,33.26,32.55,2582176.0,85090317.0,-1.235,-0.41,32.8,45.33741666666666,-27.65357532134054,True,2026-06-11,13.531296101159121,2.3329820864067456,0.08058017727639001,0.08058017727639001,True,2026-06-11,38277600000.0,,,,正常,38277600000.0,6.402439024390244,True,2026-05-22,,未知,所属行业批量超时
300981,中红医疗,10.94,10.94,10.96,11.02,10.9,11.04,10.74,2785015.0,30307274.0,-0.726,-0.08,10.94,13.255666666666665,-17.469258430356817,True,2026-06-11,114.19028102858931,0.888828706838185,74.38825448613376,19.362745098039216,True,2026-06-11,4691782651.141503,,,,正常,4691782651.141503,5.484460694698354,True,2026-05-27,,未知,所属行业批量超时
300994,久祺股份,11.94,11.94,11.99,12.38,12.28,12.4,11.82,4595154.0,55104876.0,-3.554,-0.44,11.94,15.282916666666667,-21.873551623544806,True,2026-06-11,22.4026369168357,2.260446247464502,27.420736932305058,12.510711225364183,True,2026-06-11,2783070720.0000014,,,,正常,2783070720.0000014,8.040201005025125,True,2026-06-11,,未知,所属行业批量超时
301019,宁波色母,19.59,19.59,19.6,19.86,19.81,20.02,19.45,1181591.0,23177913.0,-1.36,-0.27,19.59,22.761333333333333,-13.932985765333017,True,2026-06-11,28.32259038706934,2.8330923011484472,72.7810650887574,68.63905325443787,False,2026-06-11,3231632829.348363,,,,正常,3231632829.348363,3.0627871362940278,True,2025-07-07,,未知,所属行业批量超时
301035,润丰股份,51.1,51.1,51.15,51.01,51.28,51.5,49.57,1790270.0,90603447.0,0.176,0.09,51.1,57.57266666666667,-11.24260355029586,True,2026-06-11,15.053313138962507,1.8639278051243224,12.371134020618557,6.185567010309279,True,2026-06-11,14347396771.387098,,,,正常,14347396771.387098,3.0332681017612524,True,2026-06-01,,未知,所属行业批量超时
301039,中集车辆,7.67,7.67,7.68,7.73,7.71,7.73,7.6,9032510.0,69130202.0,-0.776,-0.06,7.67,9.203749999999998,-16.664403096563884,True,2026-06-11,16.29875,0.9761818181818179,32.04697986577181,0.08389261744966443,True,2026-06-11,14374534301.399998,,,,正常,14374534301.399998,3.650586701434159,True,2025-06-11,,未知,所属行业批量超时
301047,义翘神州,59.2,59.19,59.2,59.9,59.92,59.92,58.53,607451.0,35882548.0,-1.169,-0.7,59.2,69.80291666666666,-15.189790302458695,True,2026-06-11,45.79204876021609,1.3448954148774075,59.583694709453596,14.397224631396357,True,2026-06-11,7200895126.416404,,,,正常,7200895126.416404,8.783783783783784,True,2026-05-15,,未知,所属行业批量超时
301056,森赫股份,12.29,12.29,12.34,12.2,12.22,12.46,11.88,2451844.0,29867046.0,0.738,0.09,12.29,14.778833333333333,-16.840526428563372,True,2026-06-11,47.834773351648344,4.127616758241758,89.85890652557319,84.5679012345679,False,2026-06-11,3278808137.835165,,,,正常,3278808137.835165,4.882017900732303,True,2025-12-11,,未知,所属行业批量超时
301058,中粮科工,8.28,8.28,8.29,8.45,8.45,8.47,8.24,3620431.0,30099544.0,-2.012,-0.17,8.28,10.421166666666666,-20.546323988037173,True,2026-06-11,18.18512266928361,1.8120117762512267,0.17497812773403326,0.08748906386701663,True,2026-06-11,4241630748.9656515,,,,正常,4241630748.9656515,3.6231884057971016,True,2026-06-04,,未知,所属行业批量超时
301087,可孚医疗,43.67,43.67,43.72,44.85,44.41,44.5,42.98,1804463.0,78563002.0,-2.631,-1.18,43.67,52.00991666666667,-16.03524327892597,True,2026-06-11,26.602562313060815,1.9244406779661025,45.709123757904244,73.17073170731707,False,2026-06-11,10301621990.0,,,,正常,10301621990.0,4.12182276162125,True,2026-04-10,,未知,所属行业批量超时
301088,戎美股份,13.11,13.11,13.12,13.3,13.1,13.25,12.82,1324900.0,17215165.0,-1.429,-0.19,13.11,15.056166666666664,-12.926043592326497,True,2026-06-11,41.81723984771575,1.1812309644670043,94.1016333938294,21.234119782214155,True,2026-06-11,2987769000.0,,,,正常,2987769000.0,8.375286041189932,True,2026-06-01,,未知,所属行业批量超时
301109,军信股份,13.0,13.0,13.02,13.34,13.37,13.37,12.96,6117317.0,80059520.0,-2.549,-0.34,13.0,15.282083333333334,-14.933064318237587,True,2026-06-11,13.440023752969118,1.3277909738717344,29.939516129032256,32.056451612903224,True,2026-06-11,10258310945.783854,,,,正常,10258310945.783854,11.946153846153848,True,2026-05-11,,未知,所属行业批量超时
301156,美农生物,12.4,12.4,12.44,12.56,12.57,12.62,12.16,2284510.0,28249964.0,-1.274,-0.16,12.4,14.406666666666668,-13.928736695974086,True,2026-06-11,29.39695817490494,2.33384030418251,12.605042016806722,15.021008403361344,True,2026-06-11,1745729970.0000007,,,,正常,1745729970.0000007,5.0,True,2026-05-29,,未知,所属行业批量超时
301160,翔楼新材,42.21,42.21,42.3,43.35,42.56,43.65,41.8,3988349.0,169097520.0,-2.63,-1.14,42.21,62.098083333333335,-32.0268875716776,True,2026-06-11,23.531095100864565,2.5747694524495683,56.399583766909466,52.13319458896982,False,2026-06-11,4793191077.590778,,,,正常,4793191077.590778,4.0274816394219375,True,2026-06-05,,未知,所属行业批量超时
301175,中科环保,5.21,5.2,5.21,5.31,5.32,5.33,5.18,13002400.0,67921136.0,-1.883,-0.1,5.21,6.13725,-15.108558393417248,True,2026-06-11,19.661450858034318,2.0157254290171607,0.10741138560687433,9.989258861439312,True,2026-06-11,7668494800.000002,,,,正常,7668494800.000002,3.0710172744721693,True,2026-05-14,,未知,所属行业批量超时
301177,迪阿股份,25.28,25.26,25.28,25.03,24.8,25.41,24.32,1934300.0,48106658.0,0.999,0.25,25.28,29.686833333333333,-14.844403523447536,True,2026-06-11,64.87528164347249,1.6082703777335996,44.28715874620829,23.649906890130353,True,2026-06-11,10118940624.000002,,,,正常,10118940624.000002,3.9556962025316453,True,2026-06-05,,未知,所属行业批量超时
301207,华兰疫苗,16.86,16.86,16.87,17.26,17.26,17.42,16.77,3186093.0,53981832.0,-2.317,-0.4,16.86,19.736416666666667,-14.574158598529795,True,2026-06-11,54.04111373289291,1.7663614912694667,79.96127783155856,16.16650532429816,True,2026-06-11,10133323650.0,,,,正常,10133323650.0,4.744958481613287,True,2025-10-27,,未知,所属行业批量超时
301215,中汽股份,5.03,5.03,5.04,5.58,5.21,5.25,4.98,32148763.0,162895954.0,-9.857,-0.55,5.03,6.501166666666666,-22.629271669187577,True,2026-06-11,30.475882352941177,2.2424767801857577,0.0979431929480901,0.3917727717923604,True,2026-06-11,6659216999.999998,,,,正常,6659216999.999998,3.000815109343936,True,2026-06-01,,未知,所属行业批量超时
301262,海看股份,19.38,19.38,19.39,19.97,19.83,19.94,19.2,2930500.0,56917098.0,-2.954,-0.59,19.38,24.487583333333337,-20.857849726562115,True,2026-06-11,20.83785772690108,2.1234014717906784,4.073033707865169,0.1404494382022472,True,2026-06-11,8081460000.0,,,,正常,8081460000.0,3.1991744066047474,True,2026-01-13,,未知,所属行业批量超时
301283,聚胶股份,25.77,25.77,25.81,26.0,26.01,26.22,25.39,702407.0,18082101.0,-0.885,-0.23,25.77,31.877999999999997,-19.1605495953322,True,2026-06-11,10.601914460285133,1.20714867617108,0.22148394241417496,2.8792912513842746,True,2026-06-11,2072367272.8350317,,,,正常,2072367272.8350317,6.596818005432674,True,2026-05-21,,未知,所属行业批量超时
301298,东利机械,13.01,13.01,13.05,13.21,13.15,13.28,12.78,2170050.0,28207314.0,-1.514,-0.2,13.01,15.810333333333334,-17.712044865172572,True,2026-06-11,38.660703725606176,2.000354819633353,56.69781931464174,3.2191069574247146,True,2026-06-11,1909867999.9999998,,,,正常,1909867999.9999998,4.611837048424289,True,2026-05-18,,未知,所属行业批量超时
301299,卓创资讯,47.08,47.07,47.08,48.11,48.0,48.22,46.05,1113200.0,52207042.0,-2.141,-1.03,47.08,59.898916666666665,-21.400915709382616,True,2026-06-11,43.47629029696679,4.672860092107355,11.582568807339449,29.357798165137616,True,2026-06-11,2855996149.300935,,,,正常,2855996149.300935,5.310110450297366,True,2026-05-12,,未知,所属行业批量超时
301300,远翔新材,33.93,33.88,33.93,34.0,34.27,34.34,33.0,643382.0,21595585.0,-0.206,-0.07,33.93,43.376416666666664,-21.777770946962338,True,2026-06-11,25.731774080149982,2.6161167096320592,0.21810250817884408,59.43293347873501,True,2026-06-11,2201649840.0000005,,,,正常,2201649840.0000005,3.241968759210139,True,2026-05-29,,未知,所属行业批量超时
301331,恩威医药,21.9,21.89,21.9,22.19,22.04,22.41,21.52,1625604.0,35664512.0,-1.307,-0.29,21.9,26.532,-17.45816372682045,True,2026-06-11,46.805724770642186,2.073467889908257,53.333333333333336,0.903954802259887,True,2026-06-11,2253332325.500918,,,,正常,2253332325.500918,4.703196347031964,True,2026-05-28,,未知,所属行业批量超时
301509,金凯生科,26.42,26.41,26.42,26.86,26.5,26.97,26.0,1558933.0,41112723.0,-1.638,-0.44,26.42,36.60958333333333,-27.833103809339534,True,2026-06-10,42.983019830028354,1.4295240793201147,44.606413994169095,5.393586005830904,True,2026-06-10,3182200995.204533,,,,沿用上一版：当前数据待补齐,3182200995.204533,3.4065102195306585,True,2026-06-02,,未知,所属行业批量超时
301552,科力装备,25.12,25.05,25.12,25.47,25.46,25.47,24.51,834043.0,20780732.0,-1.374,-0.35,25.12,29.43183333333333,-14.650236988294974,True,2026-06-10,16.69528439933917,1.980193533160256,0.2197802197802197,0.2197802197802197,True,2026-06-10,2391424000.0,,,,沿用上一版：当前数据待补齐,2391424000.0,5.971337579617835,True,2026-05-11,,未知,所属行业批量超时
301578,辰奕智能,22.58,22.55,22.58,22.73,22.88,22.88,22.06,1060593.0,23742680.0,-0.66,-0.15,22.58,34.134,-33.84894826272925,True,2026-06-10,141.58899414878795,1.9755140707718024,98.08027923211168,0.3490401396160558,True,2026-06-10,1839940128.7862904,,,,沿用上一版：当前数据待补齐,1839940128.7862904,3.3215234720992037,True,2026-06-04,,未知,所属行业批量超时
301598,博科测试,51.95,51.89,51.95,53.43,52.91,53.28,51.0,568900.0,29476883.0,-2.77,-1.48,51.95,62.32775,-16.650288194263386,True,2026-06-10,24.63567637245981,3.0410524719441927,0.591715976331361,0.2958579881656805,True,2026-06-10,3059710735.1493783,,,,沿用上一版：当前数据待补齐,3059710735.1493783,3.272377285851781,True,2026-05-21,,未知,所属行业批量超时
301633,港迪技术,48.1,48.1,48.11,49.45,49.01,49.44,47.08,675100.0,32326221.0,-2.73,-1.35,48.1,64.34591666666667,-25.24778184577887,True,2026-06-10,40.94538133585976,2.8785567661455875,7.936507936507936,0.2645502645502645,True,2026-06-10,2678208000.0,,,,沿用上一版：当前数据待补齐,2678208000.0,3.1185031185031185,True,2026-06-03,,未知,所属行业批量超时
600017,日照港,2.69,2.69,2.7,2.7,2.69,2.7,2.64,27848868.0,74222137.0,-0.37,-0.01,2.69,3.028,-11.16248348745047,True,2026-06-10,18.866107382550325,0.5867449664429529,90.60501721593704,0.0983767830791933,True,2026-06-10,8273508958.503355,,,,沿用上一版：当前数据待补齐,8273508958.503355,4.4237918215613385,True,2025-10-31,,未知,所属行业批量超时
600019,宝钢股份,5.74,5.74,5.75,5.65,5.64,5.78,5.62,129116256.0,738398788.0,1.593,0.09,5.74,6.726083333333333,-14.660587513783408,True,2026-06-10,12.330702028081134,0.5999687987519501,61.63645271925526,3.870651641352278,True,2026-06-10,125029166459.17944,,,,沿用上一版：当前数据待补齐,125029166459.17944,3.8327526132404186,True,2025-09-24,,未知,所属行业批量超时
600028,中国石化,4.78,4.77,4.78,4.79,4.77,4.8,4.75,175138166.0,835768434.0,-0.209,-0.01,4.78,5.865583333333333,-18.50767897481068,True,2026-06-10,16.262988505747135,0.6959386973180075,84.1976516634051,25.048923679060664,True,2026-06-10,578023957981.3066,,,,沿用上一版：当前数据待补齐,578023957981.3066,4.769874476987448,True,2025-09-12,,未知,所属行业批量超时
600031,三一重工,18.85,18.85,18.86,19.92,19.92,19.99,18.68,125417611.0,2396779068.0,-5.371,-1.07,18.85,20.946416666666664,-10.0084740031111,True,2026-06-10,20.58533852898198,1.909790550414028,45.31173294059892,9.32744231713304,True,2026-06-10,173325833637.8081,,,,沿用上一版：当前数据待补齐,173325833637.8081,3.5543766578249336,True,2025-10-15,,未知,所属行业批量超时
600039,四川路桥,8.31,8.31,8.32,8.36,8.32,8.38,8.27,11633844.0,96752023.0,-0.598,-0.05,8.31,9.490916666666664,-12.44259862500108,True,2026-06-10,10.300296296296288,1.3644814814814814,62.91585127201566,47.74951076320939,False,2026-06-10,72260358260.46301,,,,沿用上一版：当前数据待补齐,72260358260.46301,4.921780986762936,True,2025-10-23,,未知,所属行业批量超时
600048,保利发展,5.19,5.18,5.19,5.17,5.14,5.2,5.13,75563199.0,390476042.0,0.387,0.02,5.19,6.238916666666667,-16.812480799284067,True,2026-06-10,60.04321722108996,0.3228615863141523,93.02798982188295,0.0983767830791933,True,2026-06-10,62126601339.62989,,,,沿用上一版：当前数据待补齐,62126601339.62989,3.27552986512524,True,2025-08-20,,未知,所属行业批量超时
600057,厦门象屿,5.97,5.96,5.97,5.84,5.79,6.01,5.79,21199117.0,125064235.0,2.226,0.13,5.97,7.837333333333333,-23.826131337189526,True,2026-06-10,12.990042553191492,1.0754468085106377,88.20939334637966,30.82191780821918,False,2026-06-10,16958318353.872356,,,,沿用上一版：当前数据待补齐,16958318353.872356,5.8626465661641545,True,2025-11-25,,未知,所属行业批量超时
600064,南京高科,7.28,7.27,7.28,7.14,7.14,7.31,7.12,16271282.0,117956615.0,1.961,0.14,7.28,8.381499999999999,-13.142039014496198,True,2026-06-10,7.14,0.6387500000000003,63.57843137254902,12.745098039215684,True,2026-06-10,12596872608.249994,,,,沿用上一版：当前数据待补齐,12596872608.249994,4.12087912087912,True,2025-07-23,,未知,所属行业批量超时
600067,冠城新材,2.87,2.87,2.88,2.89,2.89,2.9,2.82,18322981.0,52364136.0,-0.692,-0.02,2.87,3.9739166666666663,-27.77905928240401,True,2026-06-10,207.0328212290503,0.7134916201117321,97.62131303520457,50.293542074364,False,2026-06-10,3994089281.234639,,,,沿用上一版：当前数据待补齐,3994089281.234639,8.710801393728222,True,2026-06-05,,未知,所属行业批量超时
600096,云天化,28.7,28.69,28.7,28.77,28.3,29.1,28.3,24265505.0,695249279.0,-0.243,-0.07,28.7,33.781666666666666,-15.042676007696487,True,2026-06-10,9.888582111015246,2.005780845556517,40.03021148036254,55.811672388425706,False,2026-06-10,52319833979.8073,,,,沿用上一版：当前数据待补齐,52319833979.8073,4.878048780487805,True,2026-05-14,,未知,所属行业批量超时
600120,浙江东方,4.52,4.52,4.53,4.54,4.52,4.53,4.44,27040398.0,121261092.0,-0.441,-0.02,4.52,5.948083333333333,-24.00913459517772,True,2026-06-10,16.671478873239433,0.9390140845070416,39.3538913362702,41.116005873715125,False,2026-06-10,15437524344.190136,,,,沿用上一版：当前数据待补齐,15437524344.190136,3.7168141592920354,True,2026-06-05,,未知,所属行业批量超时
600167,联美控股,5.87,5.87,5.88,5.91,5.88,5.89,5.75,12262250.0,71241249.0,-0.677,-0.04,5.87,6.9165833333333335,-15.131507608525409,True,2026-06-10,22.11429190751446,1.1112283236994218,89.78282329713721,3.2082922013820334,True,2026-06-10,13282873517.84393,,,,沿用上一版：当前数据待补齐,13282873517.84393,3.4071550255536627,True,2025-06-17,,未知,所属行业批量超时
600197,伊力特,10.71,10.7,10.71,10.84,10.81,10.89,10.6,6967150.0,74671096.0,-1.199,-0.13,10.71,12.941333333333334,-17.241912219245826,True,2026-06-10,28.621551724137937,1.2750000000000006,50.8565834557024,0.048947626040137,True,2026-06-10,5067701219.017243,,,,沿用上一版：当前数据待补齐,5067701219.017243,4.201680672268907,True,2025-07-03,,未知,所属行业批量超时
600210,紫江企业,6.44,6.43,6.44,6.41,6.4,6.45,6.36,10010156.0,64111025.0,0.468,0.03,6.44,7.1905,-10.43738265767331,True,2026-06-10,8.991873198847262,1.4104899135446691,3.149606299212598,45.12795275590551,True,2026-06-10,9767780857.965414,,,,沿用上一版：当前数据待补齐,9767780857.965414,4.658385093167702,True,2025-07-18,,未知,所属行业批量超时
600211,西藏药业,36.04,36.03,36.04,35.6,35.25,36.09,35.12,3172095.0,112821559.0,1.236,0.44,36.04,40.98866666666667,-12.07325602198982,True,2026-06-10,12.004740104911775,2.9818502622794467,3.789370078740158,31.840551181102363,True,2026-06-10,11616383823.63376,,,,沿用上一版：当前数据待补齐,11616383823.63376,4.875138734739179,True,2026-05-22,,未知,所属行业批量超时
600216,浙江医药,11.9,11.89,11.9,11.88,11.87,11.93,11.71,9637400.0,113960335.0,0.168,0.02,11.9,14.736416666666663,-19.247668757103988,True,2026-06-10,15.233333333333333,1.0166666666666664,27.81326781326781,4.61916461916462,True,2026-06-10,11443489224.999996,,,,沿用上一版：当前数据待补齐,11443489224.999996,3.109243697478991,True,2025-07-21,,未知,所属行业批量超时
600219,南山铝业,4.56,4.56,4.57,4.59,4.51,4.59,4.45,141765011.0,640116303.0,-0.654,-0.03,4.56,6.001833333333334,-24.023215128710685,True,2026-06-10,12.671223021582732,1.025179856115108,43.50808427241548,77.46202841744243,False,2026-06-10,52365679109.00719,,,,沿用上一版：当前数据待补齐,52365679109.00719,9.526315789473683,True,2026-05-20,,未知,所属行业批量超时
600273,嘉化能源,6.97,6.97,6.98,7.0,6.96,7.06,6.93,15600212.0,108938036.0,-0.429,-0.03,6.97,9.273583333333333,-24.840272099062744,True,2026-06-10,11.207344913151363,0.9252977667493792,60.42074363992173,0.0978473581213307,True,2026-06-10,9139824580.063276,,,,沿用上一版：当前数据待补齐,9139824580.063276,6.456241032998565,True,2026-05-25,,未知,所属行业批量超时
600283,钱江水利,8.21,8.21,8.22,8.38,8.31,8.36,8.18,2317340.0,19104391.0,-2.029,-0.17,8.21,9.204333333333333,-10.802882700177442,True,2026-06-10,23.018275488069413,1.45144251626898,26.07296137339056,0.0494071146245059,True,2026-06-10,4604372412.971801,,,,沿用上一版：当前数据待补齐,4604372412.971801,3.045066991473812,True,2025-07-10,,未知,所属行业批量超时
600298,安琪酵母,35.45,35.45,35.46,35.09,34.9,35.58,34.43,9317422.0,327178146.0,1.026,0.36,35.45,40.8825,-13.288081697547849,True,2026-06-10,19.224451697127936,2.471318537859011,0.3424657534246575,1.2720156555772992,True,2026-06-10,30768071386.67232,,,,沿用上一版：当前数据待补齐,30768071386.67232,3.1029619181946404,True,2026-06-08,,未知,所属行业批量超时
600300,维维股份,3.04,3.03,3.04,3.07,3.05,3.07,3.01,20856100.0,63315952.0,-0.977,-0.03,3.04,3.4581666666666666,-12.092149019229836,True,2026-06-10,14.133480662983422,1.3268508287292806,6.151574803149607,4.724409448818897,True,2026-06-10,4916112227.535912,,,,沿用上一版：当前数据待补齐,4916112227.535912,3.421052631578948,True,2026-05-28,,未知,所属行业批量超时
600332,白云山,21.5,21.49,21.5,21.04,21.0,21.53,20.87,10328011.0,219399008.0,2.186,0.46,21.5,24.074166666666667,-10.692651182110836,True,2026-06-10,11.86565523306949,0.8792875989445915,12.83684468397844,0.3429691327780499,True,2026-06-10,34954505403.25419,,,,沿用上一版：当前数据待补齐,34954505403.25419,3.72093023255814,True,2025-09-12,,未知,所属行业批量超时
600346,恒力石化,16.38,16.37,16.38,16.31,16.22,16.62,16.03,28545892.0,464508872.0,0.429,0.07,16.38,22.186416666666663,-26.171043093183897,True,2026-06-10,12.905011165698967,1.6314158106297438,31.474726420010423,9.955860716037272,True,2026-06-10,115300454495.01662,,,,沿用上一版：当前数据待补齐,115300454495.01662,5.006105006105006,True,2026-06-02,,未知,所属行业批量超时
600352,浙江龙盛,10.79,10.79,10.8,10.84,10.99,11.3,10.58,57098195.0,616790160.0,-0.461,-0.05,10.79,12.87525,-16.195802023261695,True,2026-06-10,17.81724522292993,1.0566640127388538,89.78890525282279,40.54982817869416,False,2026-06-10,35103450769.74364,,,,沿用上一版：当前数据待补齐,35103450769.74364,4.170528266913809,True,2025-09-24,,未知,所属行业批量超时
600371,万向德农,7.1,7.1,7.11,7.13,7.1,7.22,7.01,3211230.0,22740450.0,-0.421,-0.03,7.1,8.77375,-19.076791565750103,True,2026-06-10,374.7680913577367,3.875688073394497,98.91678975873953,13.25478645066274,True,2026-06-10,2077303800.0,,,,沿用上一版：当前数据待补齐,2077303800.0,3.5211267605633805,True,2026-05-26,,未知,所属行业批量超时
600373,中文传媒,7.93,7.92,7.93,7.82,7.78,8.15,7.77,18393173.0,147292683.0,1.407,0.11,7.93,8.876833333333334,-10.666341225286802,True,2026-06-10,50.144756242568384,0.5940428061831156,99.46183953033268,0.7338551859099804,True,2026-06-10,10684554641.868011,,,,沿用上一版：当前数据待补齐,10684554641.868011,5.044136191677176,True,2025-06-13,,未知,所属行业批量超时
600420,国药现代,8.7,8.7,8.71,8.7,8.66,8.74,8.57,5627300.0,48638895.0,0.0,0.0,8.7,10.1405,-14.205413934224165,True,2026-06-10,16.241207075962535,0.8419354838709682,52.86624203821656,0.0979911807937285,True,2026-06-10,11668202420.29137,,,,沿用上一版：当前数据待补齐,11668202420.29137,5.74712643678161,True,2026-06-03,,未知,所属行业批量超时
600422,昆药集团,8.43,8.42,8.43,8.3,8.3,8.43,8.13,8868301.0,73516053.0,1.566,0.13,8.43,11.350833333333334,-25.732325086263863,True,2026-06-10,54.22853968253971,1.2221269841269833,98.82583170254404,0.2446183953033268,True,2026-06-10,6381305631.82222,,,,沿用上一版：当前数据待补齐,6381305631.82222,3.558718861209964,True,2025-07-30,,未知,所属行业批量超时
600475,华光环能,14.07,14.06,14.07,14.55,14.32,14.39,13.84,11172411.0,157239018.0,-3.299,-0.48,14.07,18.995,-25.927875756778107,True,2026-06-10,35.90275862068966,1.5509609949123797,98.06418746816098,87.56145526057031,False,2026-06-10,13450437807.02204,,,,沿用上一版：当前数据待补齐,13450437807.02204,3.1982942430703627,True,2025-11-21,,未知,所属行业批量超时
600480,凌云股份,9.82,9.82,9.83,10.15,10.1,10.19,9.7,20292344.0,199835988.0,-3.251,-0.33,9.82,10.979583333333332,-10.561269022048492,True,2026-06-10,15.52084409991387,1.4548148148148148,22.334455667789,65.77777777777779,True,2026-06-10,12002272390.496124,,,,沿用上一版：当前数据待补齐,12002272390.496124,7.128309572301425,True,2026-06-04,,未知,所属行业批量超时
600507,方大特钢,4.31,4.3,4.31,4.36,4.34,4.36,4.25,23737386.0,101852796.0,-1.147,-0.05,4.31,5.85,-26.32478632478633,True,2026-06-10,12.46201401050788,0.9737127845884408,62.89769946157612,3.1326480665687715,True,2026-06-10,9969839805.975489,,,,沿用上一版：当前数据待补齐,9969839805.975489,4.640371229698377,True,2026-05-29,,未知,所属行业批量超时
600559,老白干酒,11.9,11.89,11.9,11.7,11.71,11.96,11.66,11742226.0,138847483.0,1.709,0.2,11.9,14.658916666666666,-18.82074050492589,True,2026-06-10,24.578749999999975,1.9862500000000007,23.92367906066536,0.0978473581213307,True,2026-06-10,10885494583.249998,,,,沿用上一版：当前数据待补齐,10885494583.249998,4.621848739495799,True,2025-06-20,,未知,所属行业批量超时
600585,海螺水泥,18.78,18.77,18.78,19.0,18.85,19.01,18.71,22430751.0,421980262.0,-1.158,-0.22,18.78,22.637833333333333,-17.04153077075986,True,2026-06-10,12.808602661596948,0.5176996197718634,73.00342969132778,0.0489955903968642,True,2026-06-10,99520902433.47716,,,,沿用上一版：当前数据待补齐,99520902433.47716,5.058572949946751,True,2025-09-30,,未知,所属行业批量超时
600587,新华医疗,12.66,12.66,12.67,12.72,12.61,12.7,12.44,4941300.0,62044275.0,-0.472,-0.06,12.66,14.674416666666668,-13.727405405098448,True,2026-06-10,15.675163874726866,0.9773925710123812,30.65173116089613,0.0489955903968642,True,2026-06-10,7680119990.552076,,,,沿用上一版：当前数据待补齐,7680119990.552076,3.949447077409163,True,2025-10-24,,未知,所属行业批量超时
600612,老凤祥,35.28,35.26,35.28,34.66,34.7,35.46,34.51,1117200.0,39144390.0,1.789,0.62,35.28,42.14925,-16.29744301500027,True,2026-06-10,10.930058598726118,1.348280254777071,0.5870841487279843,0.146771037181996,True,2026-06-10,18455594713.92001,,,,沿用上一版：当前数据待补齐,18455594713.92001,5.810657596371882,True,2025-09-26,,未知,所属行业批量超时
600648,外高桥,8.9,8.89,8.9,8.96,8.99,8.99,8.86,2053415.0,18266941.0,-0.67,-0.06,8.9,10.251916666666666,-13.18696503905773,True,2026-06-10,13.305853174603174,0.7593253968253969,23.72964972866305,0.0493339911198816,True,2026-06-10,12103218739.811508,,,,沿用上一版：当前数据待补齐,12103218739.811508,3.932584269662921,True,2025-06-12,,未知,所属行业批量超时
600655,豫园股份,4.43,4.43,4.44,4.42,4.4,4.45,4.34,12492600.0,54872282.0,0.226,0.01,4.43,4.9824166666666665,-11.087323755205814,True,2026-06-10,137.82307833233216,0.5774338085539714,97.93296089385476,3.190967108492881,True,2026-06-10,17243590149.002033,,,,沿用上一版：当前数据待补齐,17243590149.002033,4.288939051918736,True,2025-06-18,,未知,所属行业批量超时
600662,外服控股,4.34,4.33,4.34,4.25,4.24,4.35,4.22,15180820.0,65392806.0,2.118,0.09,4.34,5.259,-17.474805096025857,True,2026-06-10,14.618495049504956,1.8305346534653453,13.426423200859292,27.094561489465946,True,2026-06-10,9910205007.714855,,,,沿用上一版：当前数据待补齐,9910205007.714855,5.529953917050691,True,2025-08-15,,未知,所属行业批量超时
600681,百川能源,3.5,3.5,3.51,3.55,3.54,3.54,3.45,15675400.0,54713311.0,-1.408,-0.05,3.5,4.1665,-15.99663986559463,True,2026-06-10,19.153012048192785,1.2734939759036152,96.41629847815416,9.081983308787432,True,2026-06-10,4692991835.421686,,,,沿用上一版：当前数据待补齐,4692991835.421686,4.285714285714286,True,2026-06-04,,未知,所属行业批量超时
600690,海尔智家,20.42,20.42,20.43,20.07,20.08,20.69,20.02,57616553.0,1176163048.0,1.744,0.35,20.42,23.75633333333333,-14.043974238448676,True,2026-06-10,10.233866292660124,1.5274427302477789,1.3209393346379648,0.4892367906066536,True,2026-06-10,191491197453.47745,,,,沿用上一版：当前数据待补齐,191491197453.47745,6.044270323212536,True,2025-11-07,,未知,所属行业批量超时
600704,物产中大,4.72,4.71,4.72,4.69,4.68,4.72,4.65,38554303.0,180572664.0,0.64,0.03,4.72,5.366,-12.03876257920239,True,2026-06-10,6.757148362235068,0.5820423892100194,20.93137254901961,0.1470588235294117,True,2026-06-10,24407969080.70904,,,,沿用上一版：当前数据待补齐,24407969080.70904,6.567796610169492,True,2026-01-30,,未知,所属行业批量超时
600720,中交设计,5.62,5.62,5.63,5.69,5.69,5.7,5.57,8548815.0,47997246.0,-1.23,-0.07,5.62,6.982333333333333,-19.51114718098057,True,2026-06-10,8.998740629685159,0.8088755622188901,31.60215580597746,0.0489955903968642,True,2026-06-10,12895627075.679165,,,,沿用上一版：当前数据待补齐,12895627075.679165,4.07473309608541,True,2025-08-18,,未知,所属行业批量超时
600729,重百集团,19.31,19.31,19.32,19.23,19.15,19.4,19.02,2484670.0,47754286.0,0.416,0.08,19.31,23.21758333333333,-16.830275904397162,True,2026-06-10,10.012928202721728,1.04206945096199,32.63209393346379,0.3424657534246575,True,2026-06-10,8505148916.987795,,,,沿用上一版：当前数据待补齐,8505148916.987795,7.877058518902125,True,2026-01-16,,未知,所属行业批量超时
600731,湖南海利,5.5,5.49,5.5,5.44,5.41,5.54,5.36,8244960.0,44901011.0,1.103,0.06,5.5,6.933583333333333,-20.6759371657272,True,2026-06-10,13.267113095238097,0.9575892857142856,39.128305582762,4.3095004897159646,True,2026-06-10,3073083288.3928604,,,,沿用上一版：当前数据待补齐,3073083288.3928604,3.6363636363636367,True,2025-07-04,,未知,所属行业批量超时
600737,中粮糖业,12.97,12.97,12.98,13.48,13.47,13.47,12.9,23458300.0,306653092.0,-3.783,-0.51,12.97,15.658,-17.16694341550644,True,2026-06-10,28.018204633204626,2.3870141570141565,58.86107020127639,82.62150220913107,False,2026-06-10,27740861517.059868,,,,沿用上一版：当前数据待补齐,27740861517.059868,3.1611410948342327,True,2025-08-13,,未知,所属行业批量超时
600741,华域汽车,16.6,16.6,16.61,16.72,16.67,16.73,16.46,13515405.0,224096648.0,-0.718,-0.12,16.6,19.09725,-13.076490070559888,True,2026-06-10,7.294213973799128,0.7701965065502184,8.970588235294118,0.5392156862745098,True,2026-06-10,52335218134.508736,,,,沿用上一版：当前数据待补齐,52335218134.508736,4.819277108433735,True,2025-07-25,,未知,所属行业批量超时
600742,富维股份,7.83,7.82,7.83,7.81,7.8,7.84,7.66,4499300.0,34800509.0,0.256,0.02,7.83,9.708916666666669,-19.352485258396516,True,2026-06-10,12.98555555555555,0.6847222222222223,61.01860920666014,2.3016650342801177,True,2026-06-10,5818143200.722221,,,,沿用上一版：当前数据待补齐,5818143200.722221,9.83397190293742,True,2026-05-29,,未知,所属行业批量超时
600754,锦江酒店,19.6,19.6,19.62,19.46,19.47,19.76,19.35,10494580.0,205891722.0,0.719,0.14,19.6,25.460833333333333,-23.019016135895,True,2026-06-10,20.366389351081548,1.296339434276207,7.442641298265248,0.0978473581213307,True,2026-06-10,20899449502.59568,,,,沿用上一版：当前数据待补齐,20899449502.59568,4.540816326530611,True,2026-05-21,,未知,所属行业批量超时
600755,厦门国贸,5.6,5.6,5.61,5.61,5.61,5.62,5.55,14280476.0,79816843.0,-0.178,-0.01,5.6,6.486750000000001,-13.670173815855414,True,2026-06-10,35.017834394904455,0.6242038216560509,97.39301524840138,0.9345794392523364,True,2026-06-10,11970678143.057318,,,,沿用上一版：当前数据待补齐,11970678143.057318,4.821428571428572,True,2026-02-04,,未知,所属行业批量超时
600761,安徽合力,16.38,16.37,16.38,16.75,16.66,16.73,16.19,10604575.0,173404285.0,-2.209,-0.37,16.38,19.8225,-17.366628830874,True,2026-06-10,12.0023663725999,1.3090399584846912,31.677324151500247,4.377766847024103,True,2026-06-10,14589547424.780483,,,,沿用上一版：当前数据待补齐,14589547424.780483,3.6630036630036633,True,2026-06-02,,未知,所属行业批量超时
600779,水井坊,29.55,29.54,29.55,29.49,29.53,30.02,29.45,4898519.0,145606318.0,0.203,0.06,29.55,35.75233333333334,-17.34805187540208,True,2026-06-10,37.2618292682927,2.729771341463417,65.60665362035225,0.0978473581213307,True,2026-06-10,14405719500.539644,,,,沿用上一版：当前数据待补齐,14405719500.539644,3.282571912013536,True,2025-08-12,,未知,所属行业批量超时
600782,新钢股份,2.59,2.58,2.59,2.62,2.61,2.62,2.56,39543322.0,101892290.0,-1.145,-0.03,2.59,3.6011666666666664,-28.07886333132781,True,2026-06-10,8.487283909199995,0.325786163522012,69.56274843838727,0.3913894324853229,True,2026-06-10,8246617366.056607,,,,沿用上一版：当前数据待补齐,8246617366.056607,5.5984555984556,True,2026-06-05,,未知,所属行业批量超时
600801,华新建材,18.35,18.33,18.35,18.31,18.14,18.42,18.05,10740863.0,196275486.0,0.218,0.04,18.35,22.4765,-18.35917513847797,True,2026-06-10,11.740147900763368,1.1643845419847323,72.62487757100882,30.264446620959845,False,2026-06-10,38149570159.11499,,,,沿用上一版：当前数据待补齐,38149570159.11499,4.35967302452316,True,2025-12-04,,未知,所属行业批量超时
600803,新奥股份,17.97,17.97,17.99,18.28,18.2,18.32,17.9,8274006.0,149327766.0,-1.696,-0.31,17.97,20.755416666666665,-13.420191516270853,True,2026-06-10,12.759763313609469,2.294985207100591,49.65415019762846,29.347826086956523,True,2026-06-10,55631258372.82543,,,,沿用上一版：当前数据待补齐,55631258372.82543,6.733444629938788,True,2025-10-16,,未知,所属行业批量超时
600809,山西汾酒,118.79,118.78,118.79,116.85,116.0,119.93,115.82,11864446.0,1410299266.0,1.66,1.94,118.79,154.64983333333336,-23.18776073689055,True,2026-06-10,13.1960925141243,3.2214237288135594,0.146771037181996,0.146771037181996,True,2026-06-10,144919549931.21234,,,,沿用上一版：当前数据待补齐,144919549931.21234,3.030558127788534,True,2025-07-07,,未知,所属行业批量超时
600817,宇通重工,9.82,9.8,9.82,9.92,9.86,9.96,9.73,1700949.0,16669252.0,-1.008,-0.1,9.82,11.434916666666668,-14.12267980381726,True,2026-06-10,17.31644214162349,2.0097927461139893,19.442761962447,6.283750613647521,True,2026-06-10,5237048677.991362,,,,沿用上一版：当前数据待补齐,5237048677.991362,3.8696537678207736,True,2025-10-17,,未知,所属行业批量超时
600820,隧道股份,5.46,5.45,5.46,5.47,5.46,5.47,5.41,11982700.0,65127087.0,-0.183,-0.01,5.46,6.259166666666667,-12.767940354147257,True,2026-06-10,7.872344013490726,0.5340303541315344,52.67025967662911,0.0979911807937285,True,2026-06-10,17166764672.85329,,,,沿用上一版：当前数据待补齐,17166764672.85329,5.494505494505495,True,2025-10-24,,未知,所属行业批量超时
600861,北京人力,14.25,14.25,14.26,14.11,14.11,14.35,14.06,1540424.0,21934056.0,0.992,0.14,14.25,17.010916666666667,-16.23026389916279,True,2026-06-05,9.583437892095356,1.0638331242158092,16.029822926374653,10.637254901960784,True,2026-06-05,8067106231.571514,,,,沿用上一版：当前数据待补齐,8067106231.571514,4.905263157894738,True,2025-06-27,,未知,所属行业批量超时
600866,星湖科技,4.82,4.82,4.83,4.79,4.83,4.87,4.78,21917600.0,105779256.0,0.626,0.03,4.82,6.825833333333334,-29.38591136613356,True,2026-06-05,17.49245033112586,0.981556291390728,40.711009174311926,3.0377266046055853,True,2026-06-05,8008298009.407284,,,,沿用上一版：当前数据待补齐,8008298009.407284,7.883817427385892,True,2025-06-23,,未知,所属行业批量超时
600916,中国黄金,7.76,7.75,7.76,7.81,7.81,7.85,7.73,21360500.0,166451584.0,-0.64,-0.05,7.76,9.291,-16.478312345280386,True,2026-06-05,42.79860262008731,1.787510917030568,93.37490257209666,0.2338269680436477,True,2026-06-05,13036800000.0,,,,沿用上一版：当前数据待补齐,13036800000.0,4.510309278350515,True,2025-06-10,,未知,所属行业批量超时
600970,中材国际,9.05,9.04,9.05,9.0,9.0,9.19,8.97,26346543.0,239795950.0,0.556,0.05,9.05,10.174499999999998,-11.05214015430731,True,2026-06-05,8.942494600431964,1.0164146868250548,39.19647231749143,4.850563449289564,True,2026-06-05,23727466691.96544,,,,沿用上一版：当前数据待补齐,23727466691.96544,4.972375690607735,True,2025-06-12,,未知,所属行业批量超时
600976,健民集团,28.07,28.07,28.1,27.62,28.0,28.39,27.65,1591991.0,44740617.0,1.629,0.45,28.07,32.533750000000005,-13.720367310869497,True,2026-06-05,12.763024044389644,1.566174475955611,0.7850834151128557,0.1472031403336604,True,2026-06-05,4305898702.000001,,,,沿用上一版：当前数据待补齐,4305898702.000001,3.206270039187745,True,2026-04-28,,未知,所属行业批量超时
600983,惠而浦,8.61,8.61,8.62,8.57,8.58,8.69,8.55,2117932.0,18239896.0,0.467,0.04,8.61,10.368666666666666,-16.96135793737542,True,2026-06-05,13.223486631016042,2.145593582887701,1.7346938775510203,68.88780009799117,True,2026-06-05,6599039789.999999,,,,沿用上一版：当前数据待补齐,6599039789.999999,3.368176538908246,True,2025-06-27,,未知,所属行业批量超时
601058,XD赛轮轮,12.42,12.41,12.42,12.17,12.3,12.6,12.17,32886441.0,407622707.0,2.054,0.25,12.42,14.805833333333332,-16.1141441999212,True,2026-06-05,11.536719883889692,1.8206386066763416,32.68005879470848,33.806957373836354,False,2026-06-05,40838205216.76197,,,,沿用上一版：当前数据待补齐,40838205216.76197,4.508856682769726,True,2026-06-05,,未知,所属行业批量超时
601117,中国化学,7.46,7.45,7.46,7.53,7.52,7.63,7.43,79023652.0,595359780.0,-0.93,-0.07,7.46,8.3915,-11.100518381695768,True,2026-06-05,6.9470687575392045,0.6659107358262968,0.7411067193675889,1.6304347826086956,True,2026-06-05,45555729568.538,,,,沿用上一版：当前数据待补齐,45555729568.538,3.8337801608579096,True,2026-01-30,,未知,所属行业批量超时
601186,中国铁建,6.36,6.35,6.36,6.31,6.31,6.41,6.31,40360401.0,257239029.0,0.792,0.05,6.36,7.1810833333333335,-11.433975839300016,True,2026-06-05,4.908977777777779,0.3109333333333327,39.99018645731109,0.2944062806673209,True,2026-06-05,86365883939.99995,,,,沿用上一版：当前数据待补齐,86365883939.99995,4.716981132075471,True,2025-07-22,,未知,所属行业批量超时
601236,红塔证券,6.82,6.81,6.82,6.93,6.86,6.92,6.8,10635002.0,72906746.0,-1.587,-0.11,6.82,7.908583333333333,-13.764580677112416,True,2026-06-05,28.880426666666686,1.2548799999999998,1.1356843992827257,0.2390914524805737,True,2026-06-05,32168492400.440014,,,,沿用上一版：当前数据待补齐,32168492400.440014,3.0791788856304985,True,2026-05-28,,未知,所属行业批量超时
601311,骆驼股份,8.4,8.4,8.41,8.36,8.37,8.51,8.28,13561518.0,114016329.0,0.478,0.04,8.4,9.477416666666668,-11.368252600480089,True,2026-06-05,12.959266802443992,0.966598778004073,4.3478260869565215,5.286561264822135,True,2026-06-05,9854427391.405296,,,,沿用上一版：当前数据待补齐,9854427391.405296,3.452380952380952,True,2025-07-04,,未知,所属行业批量超时
601318,中国平安,53.48,53.47,53.48,53.23,53.3,54.58,53.24,93716510.0,5047248522.0,0.47,0.25,53.48,61.95716666666667,-13.682302020481906,True,2026-06-05,7.292727272727264,0.9527738927738928,5.053974484789009,18.30225711481845,True,2026-06-05,968396693892.8676,,,,沿用上一版：当前数据待补齐,968396693892.8676,4.805534779356769,True,2025-10-24,,未知,所属行业批量超时
601336,新华保险,56.35,56.34,56.35,56.03,56.24,58.77,56.15,31945185.0,1836268520.0,0.571,0.32,56.35,69.55333333333333,-18.983034601744453,True,2026-06-05,4.7594076923076925,1.4217538461538468,0.0980872976949485,39.921530161844046,True,2026-06-05,175786450910.0001,,,,沿用上一版：当前数据待补齐,175786450910.0001,4.720496894409938,True,2025-12-12,,未知,所属行业批量超时
601369,陕鼓动力,8.83,8.82,8.83,9.11,9.1,9.18,8.78,16246220.0,145232732.0,-3.074,-0.28,8.83,10.172249999999998,-13.195212465285444,True,2026-06-05,21.99420882669538,1.6728525296017225,63.47569955817378,35.98429062346588,False,2026-06-05,15218279764.66416,,,,沿用上一版：当前数据待补齐,15218279764.66416,6.568516421291054,True,2026-06-03,,未知,所属行业批量超时
601390,中国中铁,4.69,4.68,4.69,4.66,4.65,4.72,4.65,84155928.0,394947025.0,0.644,0.03,4.69,5.390916666666667,-13.00180859779566,True,2026-06-05,5.4547740667976425,0.3593516699410606,49.8772704958272,0.1472754050073637,True,2026-06-05,115778380847.36932,,,,沿用上一版：当前数据待补齐,115778380847.36932,5.543710021321961,True,2025-12-23,,未知,所属行业批量超时
601555,东吴证券,7.51,7.51,7.52,7.55,7.55,7.66,7.49,33804598.0,256116030.0,-0.53,-0.04,7.51,8.678749999999999,-13.466801094627678,True,2026-06-05,11.064975786924936,0.8546489104116222,0.0983767830791933,8.21446138711264,True,2026-06-05,37314958306.21549,,,,沿用上一版：当前数据待补齐,37314958306.21549,4.993342210386152,True,2025-10-15,,未知,所属行业批量超时
601567,三星电气,15.34,15.33,15.34,15.41,15.37,15.63,15.07,18295809.0,280856240.0,-0.454,-0.07,15.34,23.92075,-35.87157593302885,True,2026-06-05,22.640314561136496,1.8445357686453565,79.37285644292014,45.61489465948065,False,2026-06-05,21555912196.000004,,,,沿用上一版：当前数据待补齐,21555912196.000004,8.963494132985659,True,2025-10-20,,未知,所属行业批量超时
601601,中国太保,31.05,31.05,31.06,31.02,31.12,31.95,30.95,49712066.0,1558621744.0,0.097,0.03,31.05,39.44433333333333,-21.28146839850252,True,2026-06-05,5.536829268292682,0.9340243902439028,0.0980392156862745,8.333333333333332,True,2026-06-05,298711602178.1707,,,,沿用上一版：当前数据待补齐,298711602178.1707,3.4782608695652173,True,2025-07-18,,未知,所属行业批量超时
601686,友发集团,5.26,5.26,5.27,5.33,5.3,5.33,5.24,16267132.0,85882043.0,-1.313,-0.07,5.26,5.937083333333334,-11.404309074321016,True,2026-06-05,11.442146690518785,1.1573881932021468,8.564988730277987,2.2539444027047333,True,2026-06-05,7740337430.776389,,,,沿用上一版：当前数据待补齐,7740337430.776389,8.55513307984791,True,2026-01-21,,未知,所属行业批量超时
601717,中创智领,18.08,18.07,18.08,18.43,18.4,18.4,18.01,15521008.0,281854827.0,-1.899,-0.35,18.08,22.23,-18.6684660368871,True,2026-06-05,7.874668129456933,1.289303346132748,17.197452229299362,56.14894659480647,True,2026-06-05,32280030734.499195,,,,沿用上一版：当前数据待补齐,32280030734.499195,6.1946902654867255,True,2025-07-25,,未知,所属行业批量超时
601800,中国交建,6.28,6.28,6.29,6.28,6.25,6.39,6.25,47391844.0,299934628.0,0.0,0.0,6.28,7.736833333333334,-18.82983994312919,True,2026-06-05,7.63611594202898,0.3549565217391299,63.302302792748655,0.1469867711905928,True,2026-06-05,102204765733.45508,,,,沿用上一版：当前数据待补齐,102204765733.45508,4.449203821656051,True,2026-01-09,,未知,所属行业批量超时
601801,皖新传媒,5.6,5.59,5.6,5.55,5.56,5.66,5.55,6059000.0,34037257.0,0.901,0.05,5.6,6.422166666666666,-12.80201385825136,True,2026-06-05,14.624262295081968,0.8996721311475404,32.5,17.45098039215686,True,2026-06-05,10964414927.47541,,,,沿用上一版：当前数据待补齐,10964414927.47541,3.571428571428572,True,2026-01-09,,未知,所属行业批量超时
601877,XD正泰电,27.09,27.09,27.1,27.49,27.53,27.62,26.96,19887517.0,542742550.0,-1.455,-0.4,27.09,31.594916666666663,-14.258359071475091,True,2026-06-05,12.643098206141683,1.276664639708118,26.679841897233203,21.14624505928854,True,2026-06-05,58215569560.13652,,,,沿用上一版：当前数据待补齐,58215569560.13652,4.4296788482834994,True,2026-06-05,,未知,所属行业批量超时
601900,南方传媒,11.79,11.78,11.79,11.74,11.79,11.95,11.75,3497394.0,41436920.0,0.426,0.05,11.79,13.620083333333332,-13.43665298180995,True,2026-06-05,10.163148295003966,1.140666137985726,27.290543851053407,26.555609995100443,True,2026-06-05,10398427407.942112,,,,沿用上一版：当前数据待补齐,10398427407.942112,4.664970313825276,True,2025-07-28,,未知,所属行业批量超时
601992,金隅集团,1.6,1.59,1.6,1.57,1.57,1.61,1.56,70320800.0,111760604.0,1.911,0.03,1.6,1.7989166666666667,-11.05758095149858,True,2026-06-05,676.2676536203049,0.4355029585798812,98.36415362731152,14.278704612365065,True,2026-06-05,17084433813.964502,,,,沿用上一版：当前数据待补齐,17084433813.964502,3.125,True,2025-07-09,,未知,所属行业批量超时
603027,千禾味业,7.75,7.74,7.75,7.65,7.64,7.82,7.62,10303852.0,79844097.0,1.307,0.1,7.75,9.455833333333333,-18.0400105754825,True,2026-06-05,30.826038159371507,2.939955106621775,32.48407643312102,0.3919647231749142,True,2026-06-05,10331721943.069582,,,,沿用上一版：当前数据待补齐,10331721943.069582,7.741935483870968,True,2025-10-23,,未知,所属行业批量超时
603043,广州酒家,14.52,14.52,14.53,14.48,14.53,14.83,14.42,4013260.0,58574905.0,0.276,0.04,14.52,16.505083333333335,-12.027102761270523,True,2026-06-05,16.861935483870973,2.064726793943386,4.948554630083293,0.7349338559529642,True,2026-06-05,8258552088.647795,,,,沿用上一版：当前数据待补齐,8258552088.647795,3.443526170798898,True,2026-05-29,,未知,所属行业批量超时
603062,麦加芯彩,42.6,42.6,42.8,42.99,42.98,43.66,42.1,625037.0,26889125.0,-0.907,-0.39,42.6,48.62675,-12.393898420108274,True,2026-06-05,27.043820224719088,2.1838483146067422,71.47540983606558,38.0327868852459,False,2026-06-05,4600800000.0,,,,沿用上一版：当前数据待补齐,4600800000.0,4.014084507042254,True,2026-05-15,,未知,所属行业批量超时
603087,甘李药业,54.58,54.58,54.59,53.71,54.44,55.2,54.36,5922844.0,323997349.0,1.62,0.87,54.58,63.514,-14.06619013130964,True,2026-06-05,31.827745261057537,2.758949118722979,20.1848998459168,50.278164116828926,True,2026-06-05,32600905208.32859,,,,沿用上一版：当前数据待补齐,32600905208.32859,3.6643459142543056,True,2026-05-29,,未知,所属行业批量超时
603096,XD新经典,15.46,15.45,15.46,15.11,15.19,15.59,15.0,1961242.0,29949121.0,2.316,0.35,15.46,18.001916666666663,-14.120255713511964,True,2026-06-05,32.59628556092325,1.2696618357487928,70.85798816568047,0.4437869822485207,True,2026-06-05,2384467286.9404206,,,,沿用上一版：当前数据待补齐,2384467286.9404206,3.880983182406209,True,2026-06-05,,未知,所属行业批量超时
603100,川仪股份,18.62,18.62,18.63,18.6,18.65,19.05,18.32,4039961.0,75324173.0,0.108,0.02,18.62,21.964416666666672,-15.226521684694582,True,2026-06-05,14.896000000000004,1.991049504950495,46.15384615384615,38.559529642332194,False,2026-06-05,9555284536.935652,,,,沿用上一版：当前数据待补齐,9555284536.935652,4.215896885069817,True,2026-05-25,,未知,所属行业批量超时
603113,金能科技,5.07,5.07,5.08,5.05,5.0,5.13,5.0,7828936.0,39726124.0,0.396,0.02,5.07,6.627,-23.494794024445444,True,2026-06-05,195.19303545326176,0.5866839378238342,93.24721080446272,7.790298873101421,True,2026-06-05,4301847423.435232,,,,沿用上一版：当前数据待补齐,4301847423.435232,7.001972386587771,True,2025-09-17,,未知,所属行业批量超时
603170,宝立食品,12.17,12.14,12.17,11.96,12.03,12.33,12.03,1516500.0,18412883.0,1.756,0.21,12.17,13.729250000000002,-11.357138955150514,True,2026-06-05,18.03751330798477,3.146615969581752,7.036247334754798,0.3198294243070362,True,2026-06-05,4868121700.0,,,,沿用上一版：当前数据待补齐,4868121700.0,3.61544782251438,True,2026-06-02,,未知,所属行业批量超时
603187,海容冷链,12.83,12.83,12.84,12.75,12.75,13.05,12.74,3696048.0,47621181.0,0.627,0.08,12.83,15.055,-14.779143141813345,True,2026-06-05,12.743776881720429,1.1553897849462365,7.158590308370044,15.033039647577093,True,2026-06-05,4957718652.672041,,,,沿用上一版：当前数据待补齐,4957718652.672041,6.235385814497272,True,2026-01-23,,未知,所属行业批量超时
603202,天有为,64.56,64.56,64.57,64.5,64.49,65.35,63.9,676000.0,43624894.0,0.093,0.06,64.56,88.52508333333334,-27.07151739478736,True,2026-06-05,12.772516015575937,1.5002637859565373,1.1152416356877324,1.1152416356877324,True,2026-06-05,10329600000.0,,,,沿用上一版：当前数据待补齐,10329600000.0,5.405824039653036,True,2025-10-16,,未知,所属行业批量超时
603207,小方制药,22.77,22.71,22.77,22.49,22.52,22.97,22.45,862900.0,19600724.0,1.245,0.28,22.77,27.953416666666666,-18.54305228043084,True,2026-06-05,17.98351351351352,3.1795945945945947,2.823529411764706,1.8823529411764703,True,2026-06-05,3661871400.0000014,,,,沿用上一版：当前数据待补齐,3661871400.0000014,9.661835748792273,True,2025-10-20,,未知,所属行业批量超时
603218,日月股份,11.14,11.13,11.14,11.19,11.1,11.34,11.03,7946779.0,88877535.0,-0.447,-0.05,11.14,13.571416666666668,-17.915717469927607,True,2026-06-05,22.183283346487794,1.0990528808208373,17.59213759213759,4.0294840294840295,True,2026-06-05,11478001525.43962,,,,沿用上一版：当前数据待补齐,11478001525.43962,3.141831238779174,True,2025-07-16,,未知,所属行业批量超时
603230,内蒙新华,9.9,9.89,9.9,9.7,9.7,9.97,9.69,1817700.0,17883640.0,2.062,0.2,9.9,11.856916666666669,-16.50443130943261,True,2026-06-05,42.450548446069455,1.239762340036564,98.23091247672254,0.5586592178770949,True,2026-06-05,3499877700.0000043,,,,沿用上一版：当前数据待补齐,3499877700.0000043,4.848484848484848,True,2025-06-19,,未知,所属行业批量超时
603233,大参林,15.93,15.92,15.93,16.08,16.19,16.39,15.88,6286822.0,101216222.0,-0.933,-0.15,15.93,18.34358333333333,-13.157643681032882,True,2026-06-05,14.100840970350406,2.3615902964959585,1.5270935960591134,3.596059113300493,True,2026-06-05,18141849707.438816,,,,沿用上一版：当前数据待补齐,18141849707.438816,4.080351537978657,True,2025-11-06,,未知,所属行业批量超时
603277,XD银都股,11.44,11.43,11.44,11.18,11.29,11.5,11.15,1325855.0,15031064.0,2.326,0.26,11.44,15.14575,-24.467259792351005,True,2026-06-05,21.379672131147544,2.4636065573770507,70.5046545810877,25.477707006369428,True,2026-06-05,7020720049.114753,,,,沿用上一版：当前数据待补齐,7020720049.114753,10.48951048951049,True,2026-06-05,,未知,所属行业批量超时
603279,景津装备,14.02,14.02,14.03,13.98,14.01,14.32,13.8,8700337.0,122315661.0,0.286,0.04,14.02,17.34625,-19.175614325862945,True,2026-06-05,16.931619348054685,1.7396004206098858,39.201451905626136,0.1209921355111917,True,2026-06-05,8080749460.000001,,,,沿用上一版：当前数据待补齐,8080749460.000001,5.706134094151213,True,2026-06-01,,未知,所属行业批量超时
603309,维力医疗,11.57,11.56,11.57,11.49,11.54,11.65,11.51,3863936.0,44763344.0,0.696,0.08,11.57,14.086583333333332,-17.865108051988,True,2026-06-05,43.65638028169016,1.849570422535212,86.4039408866995,8.916256157635468,True,2026-06-05,3376952306.585917,,,,沿用上一版：当前数据待补齐,3376952306.585917,4.32152117545376,True,2026-05-28,,未知,所属行业批量超时
603321,梅轮电梯,6.59,6.59,6.6,6.43,6.42,6.68,6.35,4546400.0,29693021.0,2.488,0.16,6.59,7.665416666666666,-14.029461325216063,True,2026-06-05,66.54355468750002,1.5874348958333326,89.97050147492625,2.409046214355949,True,2026-06-05,2299181600.778645,,,,沿用上一版：当前数据待补齐,2299181600.778645,3.0349013657056148,True,2025-06-23,,未知,所属行业批量超时
603326,我乐家居,7.3,7.29,7.3,7.16,7.17,7.37,7.1,2670600.0,19377832.0,1.955,0.14,7.3,9.00325,-18.918168439174742,True,2026-06-05,16.2668618266979,1.9574941451990613,30.17193566278425,10.87702106810387,True,2026-06-05,2329991588.829041,,,,沿用上一版：当前数据待补齐,2329991588.829041,9.58904109589041,True,2026-05-22,,未知,所属行业批量超时
603350,安乃达,30.67,30.67,30.69,29.78,29.77,31.14,29.24,1016299.0,30803368.0,2.989,0.89,30.67,36.159416666666665,-15.181153825766913,True,2026-06-05,32.289537953795374,2.614878987898792,31.208791208791208,10.10989010989011,True,2026-06-05,3572870980.0000014,,,,沿用上一版：当前数据待补齐,3572870980.0000014,3.2605151613955003,True,2026-05-20,,未知,所属行业批量超时
603357,设计总院,6.91,6.91,6.92,6.86,6.86,6.97,6.84,2545520.0,17581286.0,0.729,0.05,6.91,8.004333333333333,-13.67176112938825,True,2026-06-05,12.90597883597884,0.968862433862434,64.42590775269872,0.2453385672227674,True,2026-06-05,3873593351.153439,,,,沿用上一版：当前数据待补齐,3873593351.153439,5.065123010130246,True,2025-10-27,,未知,所属行业批量超时
603367,辰欣药业,13.46,13.46,13.47,13.31,13.41,13.6,13.37,3952900.0,53324090.0,1.127,0.15,13.46,16.713583333333336,-19.46670123602061,True,2026-06-05,14.92024250159541,0.9620421186981496,51.78833904948554,0.7839294463498285,True,2026-06-05,6094070575.970649,,,,沿用上一版：当前数据待补齐,6094070575.970649,4.219910846953937,True,2026-06-03,,未知,所属行业批量超时
603369,今世缘,25.93,25.93,25.94,26.76,27.01,27.49,25.85,17789323.0,468210042.0,-3.102,-0.83,25.93,30.75658333333333,-15.69284624700944,True,2026-06-05,13.790003554923574,1.7974937788837544,3.625673689367957,0.2449779519843214,True,2026-06-05,32329524959.58514,,,,沿用上一版：当前数据待补齐,32329524959.58514,9.255688391824142,True,2026-06-04,,未知,所属行业批量超时
603381,永臻股份,18.45,18.44,18.45,18.46,18.36,18.71,17.92,4319638.0,79275313.0,-0.054,-0.01,18.45,23.07625,-20.04766805698499,True,2026-06-05,47.633391498533065,1.3064635652531904,72.54464285714286,5.470459518599562,True,2026-06-05,4377379215.049404,,,,沿用上一版：当前数据待补齐,4377379215.049404,3.0352303523035227,True,2025-06-20,,未知,所属行业批量超时
603408,建霖家居,10.17,10.15,10.17,10.1,10.1,10.26,10.06,2270600.0,23065711.0,0.693,0.07,10.17,12.462666666666667,-18.396276880282446,True,2026-06-05,11.058060453400495,1.29793450881612,16.348195329087048,0.1415428167020523,True,2026-06-05,4551817410.0,,,,沿用上一版：当前数据待补齐,4551817410.0,11.2094395280236,True,2026-06-03,,未知,所属行业批量超时
603444,吉比特,334.97,334.97,334.98,328.3,329.78,345.0,328.3,1640260.0,553538496.0,2.032,6.67,334.97,407.17983333333336,-17.73413794641925,True,2026-06-05,11.900393959950756,4.014489334438833,4.909180166912126,25.96956308296515,True,2026-06-05,24131607601.961582,,,,沿用上一版：当前数据待补齐,24131607601.961582,5.851270263008628,True,2026-05-21,,未知,所属行业批量超时
603456,九洲药业,12.35,12.35,12.36,12.34,12.45,12.55,12.32,8983667.0,111508414.0,0.081,0.01,12.35,16.68,-25.95923261390888,True,2026-06-05,16.85157048940832,1.235902118334551,9.897109260166586,0.0979911807937285,True,2026-06-05,10984658445.511324,,,,沿用上一版：当前数据待补齐,10984658445.511324,4.048582995951417,True,2025-09-08,,未知,所属行业批量超时
603508,思维列控,22.31,22.31,22.32,22.06,22.24,22.52,22.0,2763857.0,61589379.0,1.133,0.25,22.31,25.7555,-13.377725146085297,True,2026-06-05,14.419570621468916,2.041932203389832,15.590809628008753,57.332677165354326,True,2026-06-05,8506231350.575891,,,,沿用上一版：当前数据待补齐,8506231350.575891,17.090004482294937,True,2026-05-21,,未知,所属行业批量超时
603511,XD爱慕股,13.05,13.02,13.05,12.89,12.88,13.16,12.83,1552300.0,20181151.0,1.241,0.16,13.05,14.97725,-12.86784957185063,True,2026-06-05,32.90246913580248,1.1814814814814816,74.00332225913621,13.372093023255813,True,2026-06-05,5272860486.635802,,,,沿用上一版：当前数据待补齐,5272860486.635802,5.900383141762452,True,2026-06-05,,未知,所属行业批量超时
603529,爱玛科技,21.56,21.5,21.56,20.73,20.74,22.02,20.74,9546789.0,204723369.0,4.004,0.83,21.56,28.004,-23.010998428795894,True,2026-06-05,11.504822269807278,1.892847965738756,12.614107883817429,0.9128630705394192,True,2026-06-05,18711772692.197014,,,,沿用上一版：当前数据待补齐,18711772692.197014,8.181818181818182,True,2026-05-28,,未知,所属行业批量超时
603566,普莱柯,10.43,10.43,10.44,10.35,10.34,10.51,10.29,2033005.0,21178849.0,0.773,0.08,10.43,12.732833333333334,-18.08578870898072,True,2026-06-05,20.88676646706589,1.3650898203592814,1.9598236158745712,0.0979911807937285,True,2026-06-05,3609429507.059885,,,,沿用上一版：当前数据待补齐,3609429507.059885,5.752636625119846,True,2025-10-17,,未知,所属行业批量超时
603568,伟明环保,14.99,14.99,15.0,14.46,14.45,15.3,14.18,15039276.0,222270695.0,3.665,0.53,14.99,24.07883333333333,-37.746153260470805,True,2026-06-05,13.236000939849628,1.6765131578947357,9.015188633023028,0.1959823615874571,True,2026-06-05,25634819604.74811,,,,沿用上一版：当前数据待补齐,25634819604.74811,7.204803202134757,True,2026-05-26,,未知,所属行业批量超时
603569,长久物流,6.0,5.99,6.0,5.86,5.88,6.06,5.85,5297883.0,31597900.0,2.389,0.14,6.0,7.146083333333333,-16.037922871503042,True,2026-06-05,54.13943884785821,1.3660714285714282,46.45669291338583,1.2738853503184715,True,2026-06-05,3621043506.25,,,,沿用上一版：当前数据待补齐,3621043506.25,6.0,True,2025-10-22,,未知,所属行业批量超时
603589,口子窖,20.3,20.3,20.31,20.47,20.68,21.1,20.28,7031188.0,144658013.0,-0.83,-0.17,20.3,26.761916666666668,-24.14594121621833,True,2026-06-05,31.01292662116042,1.134513651877133,96.37432631063204,0.0489955903968642,True,2026-06-05,12141825281.877125,,,,沿用上一版：当前数据待补齐,12141825281.877125,6.403940886699508,True,2025-07-07,,未知,所属行业批量超时
603611,诺力股份,18.41,18.41,18.43,17.94,17.95,18.74,17.94,3596189.0,66291940.0,2.62,0.47,18.41,21.3315,-13.695708224925584,True,2026-06-05,12.43844544095665,1.4676631788739414,26.555609995100443,3.2337089661930425,True,2026-06-05,4742430561.970605,,,,沿用上一版：当前数据待补齐,4742430561.970605,4.524714828897338,True,2026-05-08,,未知,所属行业批量超时
603639,海利尔,11.04,11.03,11.04,11.14,11.16,11.18,10.98,2099905.0,23246012.0,-0.898,-0.1,11.04,13.166583333333332,-16.15136804663321,True,2026-05-29,25.3359548751007,1.1031103948428689,93.713163064833,2.013752455795678,True,2026-05-29,3860116525.653504,,,,沿用上一版：当前数据待补齐,3860116525.653504,4.528985507246378,True,2025-07-18,,未知,所属行业批量超时
603676,卫信康,9.23,9.23,9.25,9.22,9.2,9.31,9.11,1744100.0,16079056.0,0.108,0.01,9.23,10.746333333333332,-14.110239151338432,True,2026-05-29,18.539039010466222,2.599505233111323,14.320866141732283,5.31496062992126,True,2026-05-29,4016540645.0000014,,,,沿用上一版：当前数据待补齐,4016540645.0000014,3.542795232936078,True,2025-11-26,,未知,所属行业批量超时
603801,志邦家居,7.45,7.44,7.45,7.51,7.56,7.68,7.41,2885300.0,21714125.0,-0.799,-0.06,7.45,9.146916666666666,-18.551788854167604,True,2026-05-29,47.38546511627909,1.0308720930232564,98.96653543307087,0.0492125984251968,True,2026-05-29,3235917907.4767456,,,,沿用上一版：当前数据待补齐,3235917907.4767456,8.053691275167784,True,2025-06-18,,未知,所属行业批量超时
603833,欧派家居,39.18,39.18,39.19,37.77,37.83,39.38,37.83,4545169.0,176688933.0,3.733,1.41,39.18,52.34666666666667,-25.1528273051452,True,2026-05-29,12.9464347826087,1.2879957582184514,10.368550368550368,0.2457002457002457,True,2026-05-29,23866609329.01845,,,,沿用上一版：当前数据待补齐,23866609329.01845,9.494640122511486,True,2026-01-09,,未知,所属行业批量超时
603899,晨光股份,23.05,23.05,23.06,22.32,22.55,23.36,22.39,8458705.0,194938710.0,3.271,0.73,23.05,26.23025,-12.124360232937171,True,2026-05-29,15.970556227327693,2.2018742442563486,1.6224188790560472,0.4916420845624385,True,2026-05-29,21228367189.506256,,,,沿用上一版：当前数据待补齐,21228367189.506256,4.338394793926248,True,2026-05-20,,未知,所属行业批量超时
603983,丸美生物,23.68,23.67,23.68,22.68,22.7,24.15,22.48,3791200.0,89049351.0,4.409,1.0,23.68,29.367,-19.36527394694726,True,2026-05-29,44.53170960187353,2.763590944574553,39.64996982498491,2.715751357875679,True,2026-05-29,9495680000.0,,,,沿用上一版：当前数据待补齐,9495680000.0,3.16722972972973,True,2025-11-14,,未知,所属行业批量超时
603998,XD方盛制,9.9,9.9,9.91,9.77,9.85,10.0,9.8,4903000.0,48613723.0,1.331,0.13,9.9,11.331583333333333,-12.633568418652874,True,2026-05-29,14.185479452054794,2.504383561643836,4.334975369458128,33.34975369458128,True,2026-05-29,4346905464.0,,,,沿用上一版：当前数据待补齐,4346905464.0,6.565656565656567,True,2026-05-29,,未知,所属行业批量超时
605001,威奥股份,6.39,6.37,6.39,6.54,6.52,6.61,6.35,6211919.0,40199397.0,-2.294,-0.15,6.39,7.602749999999999,-15.951464930452795,True,2026-05-29,30.751875,0.9177127659574472,56.46817248459959,14.610613370089592,True,2026-05-29,2510541540.0000005,,,,沿用上一版：当前数据待补齐,2510541540.0000005,3.129890453834116,True,2025-09-26,,未知,所属行业批量超时
605009,豪悦护理,25.25,25.25,25.26,25.01,24.99,25.26,24.61,2066333.0,51508896.0,0.96,0.24,25.25,29.91133333333333,-15.58383667283304,True,2026-05-29,24.149536719286207,1.55971173644475,79.5355587808418,1.161103047895501,True,2026-05-29,5429708489.653396,,,,沿用上一版：当前数据待补齐,5429708489.653396,3.3663366336633667,True,2025-06-12,,未知,所属行业批量超时
605028,世茂能源,23.1,23.1,23.16,23.3,23.3,23.59,22.96,1233600.0,28718958.0,-0.858,-0.2,23.1,27.392666666666667,-15.670860814329869,True,2026-05-29,26.03801020408164,2.685459183673472,88.20033955857386,60.78098471986417,False,2026-05-29,3696000000.0,,,,沿用上一版：当前数据待补齐,3696000000.0,3.896103896103896,True,2026-04-24,,未知,所属行业批量超时
605050,福然德,10.82,10.82,10.83,10.96,11.08,11.08,10.78,2380300.0,25905147.0,-1.277,-0.14,10.82,13.006666666666668,-16.81189133777551,True,2026-05-29,14.36201091192517,1.197537022603273,25.38405267008047,13.97220190197513,True,2026-05-29,5332411738.226031,,,,沿用上一版：当前数据待补齐,5332411738.226031,3.234750462107209,True,2026-02-05,,未知,所属行业批量超时
605090,九丰能源,36.33,36.33,36.34,37.66,37.5,37.58,36.06,12560000.0,459651623.0,-3.532,-1.33,36.33,42.37308333333333,-14.261608686331927,True,2026-05-29,18.211178645712963,2.182990524612896,78.43463780183181,55.28726061615321,False,2026-05-29,25645938016.137737,,,,沿用上一版：当前数据待补齐,25645938016.137737,3.3875034406826314,True,2025-09-10,,未知,所属行业批量超时
605337,李子园,9.93,9.92,9.93,9.72,9.6,10.08,9.6,5177673.0,51369656.0,2.16,0.21,9.93,11.576166666666666,-14.22030896813855,True,2026-05-29,21.09319740500463,2.3191473586654308,20.921155347384857,3.9812646370023423,True,2026-05-29,3873716106.806302,,,,沿用上一版：当前数据待补齐,3873716106.806302,7.452165156092648,True,2025-10-17,,未知,所属行业批量超时
605338,巴比食品,21.31,21.31,21.32,20.11,20.03,21.51,20.03,4052070.0,85480834.0,5.967,1.2,21.31,26.99125,-21.048487935905147,True,2026-05-29,18.032962641181584,2.138405734144224,21.611721611721613,26.73992673992674,True,2026-05-29,5105165566.997827,,,,沿用上一版：当前数据待补齐,5105165566.997827,5.631159080244017,True,2026-05-19,,未知,所属行业批量超时
605368,蓝天燃气,6.94,6.93,6.94,6.86,6.88,6.99,6.83,4722440.0,32741772.0,1.166,0.08,6.94,8.170499999999999,-15.060277828774227,True,2026-05-29,21.03631168831169,1.4961558441558436,92.05607476635514,0.233644859813084,True,2026-05-29,4959573250.550649,,,,沿用上一版：当前数据待补齐,4959573250.550649,5.763688760806916,True,2025-09-29,,未知,所属行业批量超时
605378,野马电池,16.61,16.6,16.61,17.15,17.18,17.22,16.52,2393960.0,40066973.0,-3.149,-0.54,16.61,21.131000000000004,-21.39510671525249,True,2026-05-29,111.51960552268238,3.489082840236687,98.47020933977456,67.7133655394525,False,2026-05-29,4340963704.0,,,,沿用上一版：当前数据待补齐,4340963704.0,3.0102347983142685,True,2025-06-04,,未知,所属行业批量超时
605499,东鹏饮料,142.44,142.44,142.49,141.01,140.25,146.5,137.55,8981008.0,1276164295.0,1.014,1.43,142.44,232.52941666666663,-38.7432342789604,True,2026-05-29,17.144368436843695,3.93173717371737,0.4125412541254125,0.4125412541254125,True,2026-05-29,80445653627.99995,,,,沿用上一版：当前数据待补齐,80445653627.99995,3.5102499297950014,True,2026-05-18,,未知,所属行业批量超时
605507,DR国邦医,15.31,15.3,15.31,15.13,15.15,15.39,14.9,4447614.0,67686802.0,1.19,0.18,15.31,25.106583333333333,-39.01997815977881,True,2026-05-29,11.165194300518138,0.9849697754749572,0.1721170395869191,0.0860585197934595,True,2026-05-29,8555587784.999997,,,,沿用上一版：当前数据待补齐,8555587784.999997,7.876094056172437,True,2026-05-29,,未知,所属行业批量超时
605599,菜百股份,16.01,16.0,16.02,15.85,15.93,16.2,15.84,5690296.0,91118553.0,1.009,0.16,16.01,20.12133333333333,-20.43270823669736,True,2026-05-29,10.278660235798494,2.4624169346195104,0.2636203866432337,33.391915641476274,True,2026-05-29,12452222578.000002,,,,沿用上一版：当前数据待补齐,12452222578.000002,4.497189256714553,True,2025-06-16,,未知,所属行业批量超时
688013,天臣医疗,29.03,29.03,29.04,29.91,29.76,30.09,29.03,1023539.0,30019049.0,-2.942,-0.88,29.03,41.85108333333333,-30.635009448182338,True,2026-05-29,28.843494413407807,4.086905027932964,14.609203798392986,65.44923301680059,True,2026-05-29,2355947068.0000005,,,,沿用上一版：当前数据待补齐,2355947068.0000005,3.4447123665173955,True,2025-10-16,,未知,所属行业批量超时
688032,禾迈股份,96.07,95.93,96.07,100.33,100.32,100.63,94.96,1668288.0,161218294.0,-4.246,-4.26,96.07,108.95366666666663,-11.824904164155392,True,2026-05-29,301.8371075861739,2.103662646480198,92.89940828402366,10.849056603773583,True,2026-05-29,11919745468.191088,,,,沿用上一版：当前数据待补齐,11919745468.191088,3.330904548766525,True,2025-06-19,,未知,所属行业批量超时
688208,道通科技,30.31,30.3,30.31,34.3,34.5,34.8,30.06,35850345.0,1129087114.0,-11.633,-3.99,30.31,35.10675,-13.663326853098043,True,2026-05-29,21.81965497076024,5.273230994152047,0.1984126984126984,38.35978835978836,True,2026-05-29,20313269705.3345,,,,沿用上一版：当前数据待补齐,20313269705.3345,3.563180468492247,True,2026-05-15,,未知,所属行业批量超时
688289,圣湘生物,16.39,16.39,16.4,16.2,16.6,16.61,16.2,4250977.0,69449860.0,1.173,0.19,16.39,18.825666666666667,-12.93801016342936,True,2026-05-29,60.50370309050773,1.3296523178807946,99.63741841914432,2.4655547498187094,True,2026-05-29,9496169418.593266,,,,沿用上一版：当前数据待补齐,9496169418.593266,3.2763880414887128,True,2025-09-23,,未知,所属行业批量超时
688399,硕世生物,55.33,55.32,55.33,55.99,56.64,56.64,54.1,1151944.0,63718122.0,-1.179,-0.66,55.33,64.667,-14.438585368116662,True,2026-05-28,117.80572844291171,1.5714825218476909,95.71984435797664,41.7948717948718,False,2026-05-28,4640622323.206305,,,,沿用上一版：当前数据待补齐,4640622323.206305,6.144948490872944,True,2025-09-11,,未知,所属行业批量超时
688526,科前生物,13.04,13.03,13.04,13.16,13.17,13.33,12.77,1622748.0,21109503.0,-0.912,-0.12,13.04,14.80175,-11.902308848615885,True,2026-05-28,15.598924731182796,1.4109139784946236,1.2481644640234948,0.3671071953010278,True,2026-05-28,6078309849.994622,,,,沿用上一版：当前数据待补齐,6078309849.994622,8.205521472392638,True,2026-05-26,,未知,所属行业批量超时
688543,国科军工,45.57,45.56,45.57,44.99,45.01,45.89,44.26,4482700.0,202252322.0,1.289,0.58,45.57,64.70491666666666,-29.57258528782588,True,2026-05-28,40.04551813868054,3.892248584111434,3.9942938659058487,51.06990014265336,True,2026-05-28,9516931215.792591,,,,沿用上一版：当前数据待补齐,9516931215.792591,3.949967083607637,True,2026-05-22,,未知,所属行业批量超时
688606,奥泰生物,48.16,48.16,48.28,48.61,48.45,48.88,47.8,455306.0,21930454.0,-0.926,-0.45,48.16,63.02258333333334,-23.58294844044001,True,2026-05-27,21.40915492957745,0.9835492957746482,77.79735682819383,0.9592326139088728,True,2026-05-27,3818165976.8,,,,沿用上一版：当前数据待补齐,3818165976.8,5.191029900332227,True,2025-10-16,,未知,所属行业批量超时
688739,成大生物,21.45,21.45,21.46,21.89,21.89,22.03,21.28,2322274.0,49993125.0,-2.01,-0.44,21.45,25.263916666666667,-15.096300059043363,True,2026-05-27,154.91065573770493,0.9557377049180326,98.82352941176472,0.090497737556561,True,2026-05-27,8932852500.0,,,,沿用上一版：当前数据待补齐,8932852500.0,3.7296037296037294,True,2025-06-10,,未知,所属行业批量超时
