代码,名称,最新价,买入,卖出,昨收,今开,最高,最低,成交量,成交额,涨跌幅,涨跌额,现价,半年线,半年线乖离率,价格达标,价格数据日期,市盈率,市净率,市盈率10年分位,市净率10年分位,估值分位达标,估值数据日期,总市值_估值源,价格错误,估值错误,价格估值错误,数据状态,总市值,股息率,股息率达标,股息数据日期,股息错误,所属行业,行业错误,振幅,换手率,市盈率-动态,量比,流通市值,市净率_x,60日涨跌幅,年初至今涨跌幅,市盈率TTM,市净率_y
000028,国药一致,20.44,20.44,20.45,21.13,21.1,21.12,20.38,3232100.0,66572035.0,-3.265,-0.69,20.44,24.54866666666667,-16.73682209488635,True,2026-07-07,11.425163636363637,0.6795636363636364,34.946236559139784,1.1241446725317694,True,2026-07-07,12513809176.96,,,,正常,12513809176.96,3.013698630136986,True,2026-06-24,,医药流通,,,,,,,,,,,
000030,富奥股份,4.0,4.0,4.01,4.09,4.07,4.12,3.99,8676200.0,34934844.0,-2.2,-0.09,4.0,5.01975,-20.31475671099159,True,2026-07-07,10.363636363636363,0.8282828282828283,15.089762251334305,0.2911208151382824,True,2026-07-07,6879243379.79798,,,,正常,6879243379.79798,3.75,True,2026-06-26,,底盘与发动机系统,,,,,,,,,,,
000090,天健集团,3.04,3.03,3.04,3.1,3.09,3.11,3.02,14597100.0,44549603.0,-1.935,-0.06,3.04,3.637083333333334,-16.41654255928515,True,2026-07-07,35.5453721682848,0.501747572815534,96.69902912621359,0.0970873786407767,True,2026-07-07,5680378119.300971,,,,正常,5680378119.300971,3.289473684210526,True,2025-07-11,,房地产开发,,,,,,,,,,,
000157,中联重科,7.42,7.42,7.43,7.29,7.41,7.65,7.4,111128439.0,830736865.0,1.783,0.13,7.42,8.339666666666666,-11.027619009552737,True,2026-07-07,14.8082,1.1024000000000005,34.885977680737504,49.34497816593886,False,2026-07-07,64172131451.12,,,,正常,64172131451.12,6.738544474393531,True,2026-01-09,,工程机械整机,,,,,,,,,,,
000408,藏格矿业,73.05,73.02,73.05,74.72,75.68,75.89,72.78,11332425.0,841831115.0,-2.235,-1.67,73.05,81.58333333333331,-10.459652706843702,True,2026-07-07,24.496128512880556,7.4953234777517554,55.130890052356015,94.8301329394387,False,2026-07-07,114609222779.40062,,,,正常,114609222779.40062,3.4223134839151266,True,2026-04-17,,钾肥,,,,,,,,,,,
000419,通程控股,4.65,4.65,4.66,4.78,4.79,4.79,4.62,6127100.0,28634339.0,-2.72,-0.13,4.65,5.773416666666666,-19.458437378213343,True,2026-07-07,17.7318669527897,0.738412017167382,43.03736050460941,7.375060650169821,True,2026-07-07,2527659345.450644,,,,正常,2527659345.450644,3.225806451612903,True,2025-08-08,,多业态零售,,,,,,,,,,,
000425,徐工机械,8.78,8.77,8.78,8.46,8.79,9.29,8.7,197688915.0,1760956562.0,3.783,0.32,8.78,10.378333333333334,-15.400674482094113,True,2026-07-07,15.605289052890525,1.706322263222632,49.927149101505584,85.91549295774648,False,2026-07-07,102824427741.82036,,,,正常,102824427741.82036,4.328018223234625,True,2026-07-03,,工程机械整机,,,,,,,,,,,
000498,山东路桥,4.83,4.83,4.84,4.89,4.89,4.91,4.82,6676400.0,32315509.0,-1.227,-0.06,4.83,5.699333333333333,-15.253245993683462,True,2026-07-07,3.4927685950413223,0.4590495867768594,2.2815533980582523,0.2912621359223301,True,2026-07-07,7498294975.76033,,,,正常,7498294975.76033,8.115939958592131,True,2026-07-06,,基建市政工程,,,,,,,,,,,
000528,柳 工,8.16,8.16,8.17,8.27,8.39,8.58,8.15,46218011.0,384599796.0,-1.33,-0.11,8.16,9.914666666666667,-17.697686928456157,True,2026-07-07,10.665077720207252,0.9090155440414508,20.552593310712556,25.49684924866699,True,2026-07-07,16623978686.6114,,,,正常,16623978686.6114,3.9826078431372545,True,2026-06-04,,工程机械整机,,,,,,,,,,,
000541,佛山照明,5.04,5.03,5.04,5.18,5.15,5.16,5.01,9671200.0,49040415.0,-2.703,-0.14,5.04,5.70425,-11.644826226059513,True,2026-07-07,43.91865420560748,1.13988785046729,98.3495145631068,5.922330097087379,True,2026-07-07,7740322279.671029,,,,正常,7740322279.671029,3.373015873015873,True,2026-06-30,,照明设备Ⅲ,,,,,,,,,,,
000544,中原环保,7.15,7.14,7.15,7.2,7.2,7.2,7.08,4030641.0,28717671.0,-0.694,-0.05,7.15,8.287,-13.720284783395687,True,2026-07-07,6.54747191011236,0.7632022471910112,0.39196472317491426,3.282704556589907,True,2026-07-07,6968994089.641853,,,,正常,6968994089.641853,3.7762237762237763,True,2026-06-18,,水务及水治理,,,,,,,,,,,
000563,陕国投Ａ,2.84,2.84,2.85,2.89,2.88,2.92,2.82,32618274.0,93177786.0,-1.73,-0.05,2.84,3.2616666666666663,-12.927950945324474,True,2026-07-07,10.873426573426574,0.7844755244755245,0.2911208151382824,0.43668122270742354,True,2026-07-07,14523675816.839159,,,,正常,14523675816.839159,3.169014084507042,True,2026-04-28,,信托,,,,,,,,,,,
000568,泸州老窖,76.2,76.18,76.2,78.23,78.0,78.66,76.09,8981956.0,689796472.0,-2.595,-2.03,76.2,100.56275000000001,-24.226415844833205,True,2026-07-07,11.276583739420364,2.1693254680687355,0.5332040717401841,0.09694619486185167,True,2026-07-07,112158891480.85406,,,,正常,112158891480.85406,7.808398950131233,True,2026-01-30,,白酒Ⅲ,,,,,,,,,,,
000612,焦作万方,10.36,10.35,10.36,10.57,10.48,10.59,10.3,23823423.0,247832186.0,-1.987,-0.21,10.36,12.398583333333335,-16.442066633956852,True,2026-07-07,8.693774834437086,1.685827814569536,1.0817307692307692,73.38551859099805,True,2026-07-07,12351185722.251656,,,,正常,12351185722.251656,3.137065637065637,True,2026-05-26,,铝,,,,,,,,,,,
000625,长安汽车,7.07,7.06,7.07,7.18,7.17,7.21,7.04,61213587.0,434107482.0,-1.532,-0.11,7.07,9.7145,-27.222193628081726,True,2026-07-07,22.802962447844234,0.9046453407510436,57.77899945024739,14.638875424139602,True,2026-07-07,70084242224.242,,,,正常,70084242224.242,4.879773691654879,True,2025-11-28,,综合乘用车,,,,,,,,,,,
000655,金岭矿业,6.43,6.42,6.43,6.57,6.55,6.62,6.38,4383560.0,28360253.0,-2.131,-0.14,6.43,8.77125,-26.692318654695747,True,2026-07-07,15.060000000000002,1.11,11.411411411411411,18.128938439166262,True,2026-07-07,3828037679.0,,,,正常,3828037679.0,5.225505443234837,True,2026-06-25,,铁矿石,,,,,,,,,,,
000683,博源化工,5.6,5.59,5.6,5.76,5.82,5.84,5.52,72173440.0,407396227.0,-2.778,-0.16,5.6,8.04425,-30.385057649874135,True,2026-07-07,20.341880341880337,1.7517948717948724,80.45191802417236,62.701121404193074,False,2026-07-07,20814256736.0,,,,正常,20814256736.0,5.357142857142858,True,2026-07-07,,纯碱,,,,,,,,,,,
000708,中信特钢,12.88,12.88,12.89,13.5,13.56,13.58,12.84,19636427.0,256291950.0,-4.593,-0.62,12.88,15.061499999999999,-14.483949141851726,True,2026-07-07,10.729968652037623,1.5342946708463956,11.186770428015565,27.577821011673155,True,2026-07-07,65007403128.357376,,,,正常,65007403128.357376,5.013939440993789,True,2026-05-21,,特钢Ⅲ,,,,,,,,,,,
000718,苏宁环球,1.73,1.73,1.74,1.76,1.76,1.77,1.71,21557603.0,37373528.0,-1.705,-0.03,1.73,2.1465833333333335,-19.406809270546223,True,2026-07-07,282.32626504860485,0.5701136363636363,98.18934299017072,3.2023289665211063,True,2026-07-07,5249920944.477273,,,,正常,5249920944.477273,4.0462427745664735,True,2025-12-11,,房地产开发,,,,,,,,,,,
000726,鲁 泰Ａ,5.65,5.63,5.65,5.76,5.72,5.76,5.6,4273501.0,24173992.0,-1.91,-0.11,5.65,6.76175,-16.441749547084704,True,2026-07-07,8.570677361853832,0.4733511586452761,13.24599708879185,0.9704027171276078,True,2026-07-07,4619019679.278075,,,,正常,4619019679.278075,4.424778761061947,True,2026-06-18,,棉纺,,,,,,,,,,,
000755,山西高速,4.5,4.5,4.51,4.65,4.64,4.65,4.47,4172115.0,18866056.0,-3.226,-0.15,4.5,5.108416666666667,-11.910083032903218,True,2026-07-07,14.040415704387996,1.2367205542725173,28.98071625344353,6.2133072407045,True,2026-07-07,6602895882.332563,,,,正常,6602895882.332563,4.444444444444445,True,2026-06-24,,高速公路,,,,,,,,,,,
000786,北新建材,17.68,17.67,17.68,18.65,18.54,18.78,17.61,21853915.0,391572630.0,-5.201,-0.97,17.68,24.86675,-28.901042556827893,True,2026-07-07,10.491428571428573,1.1268571428571426,5.942523136872869,0.14612761811982464,True,2026-07-07,30095533222.171432,,,,正常,30095533222.171432,3.874434389140271,True,2026-06-12,,其他建材,,,,,,,,,,,
000788,北大医药,5.06,5.06,5.07,5.29,5.29,5.29,5.06,13879000.0,71198543.0,-4.348,-0.23,5.06,5.925166666666667,-14.601558324660358,True,2026-07-07,46.94335937499999,2.0259765625,22.815533980582526,1.262135922330097,True,2026-07-07,3015696370.5,,,,正常,3015696370.5,3.91304347826087,True,2026-03-10,,化学制剂,,,,,,,,,,,
000789,万年青,3.87,3.87,3.88,3.96,3.98,3.98,3.84,2967350.0,11514085.0,-2.273,-0.09,3.87,5.041083333333333,-23.230787033210444,True,2026-07-07,106.35097512279204,0.49,91.6754478398314,0.2911208151382824,True,2026-07-07,3086016232.000001,,,,正常,3086016232.000001,7.751937984496124,True,2026-06-12,,水泥制造,,,,,,,,,,,
000807,云铝股份,22.39,22.39,22.4,22.88,22.57,22.74,22.13,58075309.0,1301923764.0,-2.142,-0.49,22.39,30.739250000000002,-27.161528013858504,True,2026-07-07,8.945729357798164,2.25954128440367,4.270660011092623,76.0880195599022,True,2026-07-07,77647566297.95001,,,,正常,77647566297.95001,3.1219294327824927,True,2026-06-10,,铝,,,,,,,,,,,
000858,五 粮 液,71.72,71.71,71.72,73.76,73.59,73.6,71.68,35673127.0,2580655043.0,-2.766,-2.04,71.72,95.23533333333333,-24.691816062665815,True,2026-07-07,22.097305421363394,2.1750831991411714,28.647600581677167,0.048473097430925836,True,2026-07-07,278388926118.985,,,,正常,278388926118.985,8.013106525376463,True,2025-12-18,,白酒Ⅲ,,,,,,,,,,,
000888,峨眉山Ａ,9.23,9.23,9.24,9.5,9.47,9.47,9.19,7235702.0,67130330.0,-2.842,-0.27,9.23,12.013416666666668,-23.169234397652627,True,2026-07-07,22.068645374449343,1.7890748898678417,26.662742789876397,51.04217159476491,True,2026-07-07,4863407931.297357,,,,正常,4863407931.297357,3.5752979414951236,True,2025-12-26,,自然景区,,,,,,,,,,,
000897,津滨发展,1.65,1.64,1.65,1.68,1.68,1.68,1.63,20877800.0,34395140.0,-1.786,-0.03,1.65,2.0882500000000004,-20.986471926254058,True,2026-07-07,17.18222952725118,0.8884615384615386,66.95194206714945,0.04861448711716091,True,2026-07-07,2668499185.6508884,,,,正常,2668499185.6508884,5.757575757575758,True,2025-07-28,,房地产开发,,,,,,,,,,,
000899,赣能股份,9.85,9.85,9.88,10.1,10.04,10.08,9.78,10117787.0,99807374.0,-2.475,-0.25,9.85,11.935,-17.469627147046506,True,2026-07-07,9.466999002991027,1.571286141575274,0.1749271137026239,71.16141732283464,True,2026-07-07,9610425936.196417,,,,正常,9610425936.196417,5.756345177664975,True,2026-06-15,,火电,,,,,,,,,,,
000910,大亚圣象,5.4,5.39,5.4,5.43,5.43,5.6,5.31,4910501.0,26634617.0,-0.552,-0.03,5.4,6.906083333333333,-21.808067766341267,True,2026-07-07,221.63441069828585,0.4569230769230769,97.37354085603113,0.3877847794474067,True,2026-07-07,2955946500.0000005,,,,正常,2955946500.0000005,3.518518518518518,True,2026-05-15,,瓷砖地板,,,,,,,,,,,
000913,钱江摩托,10.32,10.32,10.33,10.5,10.56,10.6,10.23,2961300.0,30682268.0,-1.714,-0.18,10.32,13.931416666666667,-25.922824311956795,True,2026-07-07,6.384322766570607,1.0805763688760808,0.09694619486185167,0.290838584585555,True,2026-07-07,5432561519.999999,,,,正常,5432561519.999999,10.658914728682172,True,2026-05-27,,摩托车,,,,,,,,,,,
000915,华特达因,24.78,24.76,24.78,25.43,25.37,25.37,24.63,2554906.0,63660967.0,-2.556,-0.65,24.78,30.19291666666667,-17.927770034362368,True,2026-07-07,12.534181536074476,2.3165166795965866,6.595538312318137,15.664403491755577,True,2026-07-07,5806734198.011638,,,,正常,5806734198.011638,10.088781275221953,True,2026-07-01,,化学制剂,,,,,,,,,,,
000919,金陵药业,5.98,5.98,5.99,6.23,6.19,6.22,5.97,11182200.0,67597867.0,-4.013,-0.25,5.98,7.136333333333332,-16.20346583212665,True,2026-07-07,63.10238805970149,0.9917081260364843,83.75136314067612,2.13903743315508,True,2026-07-07,3719108677.5986733,,,,正常,3719108677.5986733,3.3444816053511706,True,2026-06-17,,化学制剂,,,,,,,,,,,
000923,河钢资源,12.81,12.8,12.81,13.01,13.0,13.15,12.77,10788871.0,139678360.0,-1.537,-0.2,12.81,18.94425,-32.38053763015163,True,2026-07-07,18.019129746835443,0.8614319620253164,50.315075133301015,3.3931168201648085,True,2026-07-07,8361457990.369459,,,,正常,8361457990.369459,4.68384074941452,True,2026-06-15,,铁矿石,,,,,,,,,,,
000928,中钢国际,4.84,4.84,4.85,5.0,4.99,5.0,4.82,16123000.0,78672777.0,-3.2,-0.16,4.84,6.460666666666667,-25.08513053348468,True,2026-07-07,15.843512974051894,0.8404790419161675,80.26315789473685,0.04873294346978557,True,2026-07-07,6943679965.437124,,,,正常,6943679965.437124,4.338842975206612,True,2026-06-05,,国际工程承包,,,,,,,,,,,
000932,华菱钢铁,3.47,3.46,3.47,3.57,3.57,3.59,3.45,109970734.0,385376211.0,-2.801,-0.1,3.47,5.02175,-30.900582466271707,True,2026-07-07,10.585943661971827,0.4300845070422534,80.51381483276782,0.09694619486185167,True,2026-07-07,23778553785.2,,,,正常,23778553785.2,4.610951008645533,True,2026-06-26,,板材,,,,,,,,,,,
000933,神火股份,21.78,21.77,21.78,22.52,22.17,22.34,21.66,45868801.0,1007291695.0,-3.286,-0.74,21.78,29.875999999999998,-27.098674521354926,True,2026-07-07,8.769777356702987,1.9499857887257224,50.35852178709321,45.156555772994125,False,2026-07-07,48983315810.3335,,,,正常,48983315810.3335,3.6730945821854912,True,2026-05-29,,铝,,,,,,,,,,,
000963,华东医药,29.23,29.23,29.24,30.44,30.28,30.3,29.11,25270479.0,747576159.0,-3.975,-1.21,29.23,33.57058333333334,-12.92972269869207,True,2026-07-07,14.63971254649983,2.075853905985797,6.883179835191469,1.5996122152205527,True,2026-07-07,51261728066.684135,,,,正常,51261728066.684135,3.1816626753335617,True,2026-06-10,,化学制剂,,,,,,,,,,,
000983,山西焦煤,6.16,6.16,6.17,6.44,6.44,6.44,6.13,63184012.0,394605647.0,-4.348,-0.28,6.16,6.859750000000001,-10.200809067385851,True,2026-07-07,26.33682804674457,0.946110183639399,99.65534219596258,19.547021171836533,True,2026-07-07,34970942523.01837,,,,正常,34970942523.01837,4.1558441558441555,True,2025-10-29,,焦煤,,,,,,,,,,,
000999,华润三九,23.6,23.59,23.6,24.28,24.05,24.12,23.45,11559403.0,273254673.0,-2.801,-0.68,23.6,26.886083333333332,-12.222246329420727,True,2026-07-07,12.170813603099441,1.7677141627206199,1.1639185257032008,7.419980601357905,True,2026-07-07,39275541448.4546,,,,正常,39275541448.4546,4.406779661016949,True,2026-05-29,,中药,,,,,,,,,,,
001207,联科科技,14.8,14.8,14.81,14.85,14.85,15.12,14.46,4081153.0,59831165.0,-0.337,-0.05,14.8,18.926833333333335,-21.804140505983572,True,2026-07-07,16.32767915844839,1.8487836949375416,23.34152334152334,15.88861588861589,True,2026-07-07,4486438610.966469,,,,正常,4486438610.966469,5.405405405405405,True,2026-04-08,,炭黑,,,,,,,,,,,
001316,润贝航科,31.08,31.07,31.08,32.54,32.54,32.9,30.94,2530302.0,79694491.0,-4.487,-1.46,31.08,35.72191666666666,-12.99459015590334,True,2026-07-07,23.80171201467441,3.810174258636502,13.223140495867769,91.73553719008265,True,2026-07-07,5008902154.583919,,,,正常,5008902154.583919,3.696911196911197,True,2026-05-20,,油品石化贸易,,,,,,,,,,,
001323,慕思股份,16.4,16.4,16.47,16.89,16.93,16.93,16.36,1168930.0,19293907.0,-2.901,-0.49,16.4,23.64041666666667,-30.627280258032698,True,2026-07-07,14.104400977995107,1.7141809290953542,7.076923076923077,1.2307692307692308,True,2026-07-07,7135324529.559902,,,,正常,7135324529.559902,8.841463414634147,True,2026-06-08,,成品家居,,,,,,,,,,,
001328,登康口腔,26.84,26.83,26.84,27.26,27.26,27.47,26.79,783010.0,21171277.0,-1.541,-0.42,26.84,33.84875,-20.70608220392186,True,2026-07-07,24.361846612062543,3.2375874906924795,1.019108280254777,23.821656050955415,True,2026-07-07,4621144792.0,,,,正常,4621144792.0,3.166915052160954,True,2026-06-05,,洗护用品,,,,,,,,,,,
001368,通达创智,21.81,21.81,21.82,22.06,22.02,22.02,21.2,1958482.0,42315907.0,-1.133,-0.25,21.81,26.202083333333334,-16.762343961199022,True,2026-07-07,24.25795355587808,1.7726560232220605,47.14104193138501,31.893265565438373,False,2026-07-07,2482783748.1335263,,,,正常,2482783748.1335263,3.4387895460797804,True,2026-05-13,,娱乐用品,,,,,,,,,,,
001386,马可波罗,14.31,14.31,14.32,14.76,14.65,14.9,14.26,2650645.0,38285420.0,-3.049,-0.45,14.31,20.010916666666667,-28.489033069449587,True,2026-07-07,14.586903939184522,1.443856254319281,1.744186046511628,1.744186046511628,True,2026-07-07,17099305200.0,,,,正常,17099305200.0,4.192872117400419,True,2026-06-10,,瓷砖地板,,,,,,,,,,,
001391,国货航,4.15,4.15,4.16,4.28,4.28,4.29,4.13,25060996.0,104743997.0,-3.037,-0.13,4.15,5.357166666666668,-22.533677628099447,True,2026-07-07,20.442959427207636,1.9313842482100243,0.8333333333333334,1.6666666666666667,True,2026-07-07,50666857083.99761,,,,正常,50666857083.99761,3.662650602409638,True,2026-07-02,,跨境物流,,,,,,,,,,,
001395,亚联机械,24.02,24.02,24.03,24.61,24.59,24.74,23.93,569924.0,13785743.0,-2.397,-0.59,24.02,38.52891666666666,-37.6572141703093,True,2026-07-07,15.434866128346792,2.347896302592434,4.057971014492753,4.057971014492753,True,2026-07-07,2724156239.999999,,,,正常,2724156239.999999,4.163197335553705,True,2026-06-16,,其他专用设备,,,,,,,,,,,
001979,招商蛇口,6.45,6.44,6.45,6.72,6.7,6.72,6.41,56413750.0,367778678.0,-4.018,-0.27,6.45,8.860416666666667,-27.20432635786504,True,2026-07-07,94.17785388127852,0.5988584474885843,98.82583170254404,0.14677103718199608,True,2026-07-07,58153407502.48856,,,,正常,58153407502.48856,3.0091612403100774,True,2025-07-17,,商业地产,,,,,,,,,,,
002004,华邦健康,4.1,4.1,4.11,4.19,4.18,4.18,4.06,15895700.0,65238665.0,-2.148,-0.09,4.1,5.00925,-18.15141987323452,True,2026-07-07,11.872704714640196,0.8240694789081885,1.26861555432984,5.109489051094891,True,2026-07-07,8117668683.374687,,,,正常,8117668683.374687,10.975609756097562,True,2026-06-16,,化学制剂,,,,,,,,,,,
002007,华兰生物,12.68,12.67,12.68,13.1,13.01,13.02,12.66,10341400.0,132093274.0,-3.206,-0.42,12.68,14.51775,-12.658642007198084,True,2026-07-07,26.99028571428572,2.143523809523809,22.541382667964946,1.2171372930866602,True,2026-07-07,23149761702.88254,,,,正常,23149761702.88254,7.886435331230284,True,2026-06-15,,疫苗,,,,,,,,,,,
002010,传化智联,4.59,4.59,4.6,4.74,4.72,4.74,4.55,18499154.0,85365734.0,-3.165,-0.15,4.59,5.817666666666667,-21.102389274050314,True,2026-07-07,19.251943231441043,0.7115502183406112,44.25036390101892,8.054342552159147,True,2026-07-07,12686901868.080786,,,,正常,12686901868.080786,3.2679738562091507,True,2026-06-30,,公路货运,,,,,,,,,,,
002027,分众传媒,4.96,4.95,4.96,5.06,5.04,5.11,4.93,164785365.0,825844080.0,-1.976,-0.1,4.96,6.331916666666667,-21.666688601397688,True,2026-07-07,19.89113402061857,5.634969072164949,41.49297140087251,31.749878817256423,False,2026-07-07,71633310640.85773,,,,正常,71633310640.85773,7.661290322580645,True,2025-11-25,,广告媒体,,,,,,,,,,,
002034,旺能环境,14.81,14.81,14.82,15.8,15.78,15.88,14.75,10015986.0,151524961.0,-6.266,-0.99,14.81,17.89216666666667,-17.22634672528949,True,2026-07-07,10.604931147540984,0.9031672131147545,19.21182266009852,3.152709359605911,True,2026-07-07,7652344816.672788,,,,正常,7652344816.672788,3.381796758946657,True,2025-10-21,,固废治理,,,,,,,,,,,
002035,华帝股份,4.54,4.54,4.55,4.69,4.69,4.7,4.52,7547000.0,34523926.0,-3.198,-0.15,4.54,5.815166666666666,-21.928290963285658,True,2026-07-07,13.006753812636166,1.0187799564270157,32.5242718446602,0.1941747572815534,True,2026-07-07,3848347426.095861,,,,正常,3848347426.095861,4.405286343612335,True,2026-06-18,,厨房电器,,,,,,,,,,,
002043,兔 宝 宝,11.76,11.76,11.77,11.56,11.56,11.94,11.49,10632846.0,124592289.0,1.73,0.2,11.76,14.307750000000002,-17.806783037165186,True,2026-07-07,13.028235294117644,3.0605347593582892,27.772373540856034,36.964980544747085,True,2026-07-07,9757912685.219252,,,,正常,9757912685.219252,5.034013605442176,True,2026-06-01,,其他建材,,,,,,,,,,,
002060,广东建工,3.12,3.12,3.13,3.15,3.15,3.16,3.07,15957700.0,49589825.0,-0.952,-0.03,3.12,3.5849166666666665,-12.968688254027283,True,2026-07-07,10.874267100977198,0.8435179153094463,17.348927875243664,1.364522417153996,True,2026-07-07,11713706915.10098,,,,正常,11713706915.10098,4.487179487179486,True,2026-05-22,,基建市政工程,,,,,,,,,,,
002078,太阳纸业,12.86,12.85,12.86,12.85,12.8,13.0,12.68,20699193.0,265785885.0,0.078,0.01,12.86,14.816916666666668,-13.207313712367064,True,2026-07-07,10.982854838709672,1.1719193548387097,28.7378640776699,0.9708737864077669,True,2026-07-07,35937721630.75484,,,,正常,35937721630.75484,4.665629860031104,True,2026-07-06,,大宗用纸,,,,,,,,,,,
002083,孚日股份,9.87,9.87,9.88,9.98,10.15,10.67,9.8,40817599.0,412816966.0,-1.102,-0.11,9.87,11.302583333333333,-12.674830975219532,True,2026-07-07,19.413937500000007,2.026875,84.87354085603113,94.01750972762646,False,2026-07-07,9343327048.087498,,,,正常,9343327048.087498,3.0395136778115504,True,2026-06-18,,棉纺,,,,,,,,,,,
002088,鲁阳节能,7.66,7.66,7.7,7.95,7.9,7.95,7.63,2535640.0,19578872.0,-3.648,-0.29,7.66,10.287,-25.537085642072523,True,2026-07-07,16.253692293218055,1.644241645244216,54.37743190661478,7.367910809500727,True,2026-07-07,3903774884.6812334,,,,正常,3903774884.6812334,3.9164490861618795,True,2026-07-01,,耐火材料,,,,,,,,,,,
002091,江苏国泰,7.55,7.54,7.55,7.4,7.41,7.59,7.36,16751287.0,125461441.0,2.027,0.15,7.55,8.550833333333333,-11.704512230776732,True,2026-07-07,9.729488950276242,0.7925414364640884,39.87279843444227,12.67123287671233,True,2026-07-07,12289344391.53315,,,,正常,12289344391.53315,6.225136423841059,True,2026-06-08,,贸易,,,,,,,,,,,
002101,广东鸿图,9.18,9.17,9.18,9.26,9.28,9.33,9.13,5634400.0,51882493.0,-0.864,-0.08,9.18,10.709750000000001,-14.28371343868906,True,2026-07-07,19.618860759493668,0.7649999999999999,46.2823275862069,2.8114396509936985,True,2026-07-07,6084715240.70886,,,,正常,6084715240.70886,3.4095860566448803,True,2025-07-07,,其他汽车零部件,,,,,,,,,,,
002116,中国海诚,6.82,6.82,6.83,6.99,7.0,7.03,6.8,2415340.0,16592015.0,-2.432,-0.17,6.82,9.8705,-30.905222633098628,True,2026-07-07,11.343469387755103,1.4017784256559762,0.3567787971457696,0.33980582524271846,True,2026-07-07,3812058491.6793013,,,,正常,3812058491.6793013,3.215674486803519,True,2026-06-22,,其他专业工程,,,,,,,,,,,
002117,东港股份,8.06,8.05,8.06,8.17,8.15,8.19,7.97,5844000.0,47040579.0,-1.346,-0.11,8.06,10.354083333333332,-22.156315141369333,True,2026-07-07,27.98188679245283,3.1834465408805035,59.04023267086767,39.11778962675715,False,2026-07-07,4221190897.0465407,,,,正常,4221190897.0465407,3.722084367245657,True,2026-05-15,,印刷,,,,,,,,,,,
002128,电投能源,24.11,24.1,24.11,24.79,24.79,24.82,23.85,13325500.0,321620062.0,-2.743,-0.68,24.11,28.949,-16.715603302359327,True,2026-07-07,12.14926151172893,1.5081841876629016,94.11187438665358,87.09519136408244,False,2026-07-07,71206477544.23286,,,,正常,71206477544.23286,8.710078805474907,True,2026-05-20,,动力煤,,,,,,,,,,,
002152,广电运通,9.16,9.16,9.17,9.4,9.4,9.41,9.13,14290220.0,132122035.0,-2.553,-0.24,9.16,11.873083333333334,-22.850705727942056,True,2026-07-07,26.871265822784803,1.8648523206751053,30.544747081712064,13.326848249027238,True,2026-07-07,22747787345.641357,,,,正常,22747787345.641357,4.039301310043668,True,2026-05-28,,其他计算机设备,,,,,,,,,,,
002170,芭田股份,11.1,11.09,11.1,11.4,11.4,11.42,11.06,15508800.0,173130566.0,-2.632,-0.3,11.1,12.401083333333334,-10.49169091410026,True,2026-07-07,10.618699186991872,3.0783197831978315,0.6197183098591549,91.23661148977604,True,2026-07-07,10770903947.208675,,,,正常,10770903947.208675,6.576576576576578,True,2026-05-15,,复合肥,,,,,,,,,,,
002206,海 利 得,5.3,5.3,5.31,5.43,5.43,5.47,5.26,11157950.0,59389459.0,-2.394,-0.13,5.3,6.0655,-12.620558898689316,True,2026-07-07,12.37653631284916,1.579143389199255,6.857976653696499,24.027237354085603,True,2026-07-07,6159698265.605214,,,,正常,6159698265.605214,3.773584905660378,True,2026-05-21,,涤纶,,,,,,,,,,,
002215,诺 普 信,8.6,8.59,8.6,8.83,8.83,8.84,8.55,10884464.0,94133133.0,-2.605,-0.23,8.6,10.332666666666666,-16.768823795083556,True,2026-07-07,11.131775700934575,1.888785046728972,0.24295432458697766,18.27016520894072,True,2026-07-07,8639850766.401867,,,,正常,8639850766.401867,3.488372093023256,True,2026-06-01,,其他种植业,,,,,,,,,,,
002223,鱼跃医疗,25.99,25.98,25.99,26.45,26.43,26.44,25.53,11637117.0,301208965.0,-1.739,-0.46,25.99,32.917833333333334,-21.045836350104054,True,2026-07-07,20.269808282208587,1.9930981595092023,42.17159476490548,1.16335433834222,True,2026-07-07,26054375384.391094,,,,正常,26054375384.391094,3.8476337052712584,True,2026-05-26,,医疗设备,,,,,,,,,,,
002228,合兴包装,3.09,3.09,3.1,3.03,3.03,3.14,3.02,33984080.0,104916372.0,1.98,0.06,3.09,3.9044999999999996,-20.860545524394926,True,2026-07-07,39.71409836065575,1.2765245901639346,88.51187590887058,36.54871546291808,False,2026-07-07,3749361593.1541,,,,正常,3749361593.1541,11.003236245954692,True,2026-06-26,,纸包装,,,,,,,,,,,
002233,塔牌集团,7.59,7.59,7.62,7.8,7.83,7.84,7.47,8511141.0,64573889.0,-2.692,-0.21,7.59,8.592833333333333,-11.670578195007463,True,2026-07-07,14.465152354570636,0.7674099722991689,68.19066147859922,17.752918287937742,True,2026-07-07,8911802355.9723,,,,正常,8911802355.9723,6.324110671936759,True,2026-04-30,,水泥制造,,,,,,,,,,,
002249,大洋电机,8.29,8.29,8.3,8.67,8.5,8.78,8.29,100393295.0,848579330.0,-4.383,-0.38,8.29,9.442916666666665,-12.209327979526098,True,2026-07-07,18.62486666666667,2.1111866666666663,15.584415584415584,87.23196881091619,True,2026-07-07,20441098289.06,,,,正常,20441098289.06,3.5705669481302778,True,2026-05-20,,电机Ⅲ,,,,,,,,,,,
002264,新 华 都,5.87,5.86,5.87,6.03,6.0,6.03,5.82,11206900.0,66129881.0,-2.653,-0.16,5.87,8.446333333333333,-30.502387623820994,True,2026-07-07,26.384948805460752,2.1035836177474407,62.4124513618677,5.531295487627365,True,2026-07-07,4225292331.0,,,,正常,4225292331.0,3.4071550255536627,True,2026-06-04,,营销代理,,,,,,,,,,,
002270,华明装备,18.89,18.88,18.89,19.86,19.86,20.32,18.76,20812951.0,402359825.0,-4.884,-0.97,18.89,26.765083333333337,-29.422973339020686,True,2026-07-07,24.138917609046853,5.421847065158858,66.22998544395924,87.96700630761765,False,2026-07-07,16929698391.925688,,,,正常,16929698391.925688,4.393859184753839,True,2026-04-30,,输变电设备,,,,,,,,,,,
002271,东方雨虹,11.54,11.54,11.55,12.33,12.54,12.55,11.53,64977900.0,769063862.0,-6.407,-0.79,11.54,15.100666666666665,-23.579532912454194,True,2026-07-07,85.40930807248765,1.3403130148270186,95.48706659328565,15.894685519258896,True,2026-07-07,27565596453.41187,,,,正常,27565596453.41187,8.015597920277298,True,2025-08-27,,防水材料,,,,,,,,,,,
002287,奇正藏药,20.05,20.05,20.07,20.7,20.5,20.51,20.02,2518168.0,50835714.0,-3.14,-0.65,20.05,22.753333333333334,-11.881043070612362,True,2026-07-07,17.17541109969168,2.390339157245632,5.616850551654965,1.2177301509985388,True,2026-07-07,11470969969.75848,,,,正常,11470969969.75848,5.037406483790523,True,2026-06-17,,中药,,,,,,,,,,,
002304,洋河股份,37.92,37.92,37.93,39.19,39.09,39.09,37.8,6225427.0,238159937.0,-3.241,-1.27,37.92,49.83208333333333,-23.90444576368972,True,2026-07-07,56.256348096348106,1.2178399378399378,97.77023751817741,0.048473097430925836,True,2026-07-07,57124397205.94252,,,,正常,57124397205.94252,3.8765822784810124,True,2026-06-30,,白酒Ⅲ,,,,,,,,,,,
002315,焦点科技,23.3,23.3,23.31,23.88,23.89,24.0,23.21,4034331.0,95144921.0,-2.429,-0.58,23.3,31.65966666666667,-26.404784215458154,True,2026-07-07,19.625657071339177,3.6160200250312897,13.03926320891905,67.57149781871061,True,2026-07-07,9609074455.573635,,,,正常,9609074455.573635,5.579399141630901,True,2026-04-23,,跨境电商,,,,,,,,,,,
002318,久立特材,21.81,21.8,21.81,23.44,23.5,23.5,21.76,12440400.0,277661766.0,-6.954,-1.63,21.81,29.19725,-25.30118418686692,True,2026-07-07,14.063879093198985,2.618664987405542,26.459143968871597,46.30350194552529,True,2026-07-07,21312093402.833755,,,,正常,21312093402.833755,4.5850527281063735,True,2026-05-28,,特钢Ⅲ,,,,,,,,,,,
002322,理工能科,9.82,9.82,9.84,10.15,10.14,10.15,9.82,2679473.0,26590449.0,-3.251,-0.33,9.82,12.415833333333332,-20.907443452580697,True,2026-07-07,17.475591836734694,1.3126734693877553,34.30373605046094,22.464822901504125,True,2026-07-07,3589484665.400001,,,,正常,3589484665.400001,6.211812627291242,True,2026-04-30,,垂直应用软件,,,,,,,,,,,
002372,伟星新材,8.48,8.48,8.49,8.6,8.63,8.69,8.38,8115519.0,69048441.0,-1.395,-0.12,8.48,10.366999999999999,-18.201987074370585,True,2026-07-07,18.08657004830918,3.0314975845410634,14.056420233463035,1.1186770428015564,True,2026-07-07,13500482138.608698,,,,正常,13500482138.608698,5.306603773584905,True,2026-05-08,,管材,,,,,,,,,,,
002375,亚厦股份,3.31,3.3,3.31,3.38,3.38,3.38,3.29,10063615.0,33464560.0,-2.071,-0.07,3.31,4.0728333333333335,-18.729794983017555,True,2026-07-07,13.490174418604653,0.5484593023255814,0.055772448410485224,2.013752455795678,True,2026-07-07,4435388408.264535,,,,正常,4435388408.264535,3.8670694864048336,True,2026-07-03,,装修装饰,,,,,,,,,,,
002376,新北洋,5.79,5.79,5.8,5.87,5.85,5.89,5.77,8083225.0,47020699.0,-1.363,-0.08,5.79,6.9777499999999995,-17.02196266704883,True,2026-07-07,58.82479166666666,1.2866666666666664,63.933518005540165,6.634146341463415,True,2026-07-07,4693157112.229167,,,,正常,4693157112.229167,3.454231433506045,True,2026-05-29,,其他计算机设备,,,,,,,,,,,
002390,信邦制药,2.7,2.7,2.71,2.77,2.77,2.77,2.69,18922205.0,51340965.0,-2.527,-0.07,2.7,3.1294999999999997,-13.72423709857803,True,2026-07-07,41.1,0.78,44.83710657095527,0.2918287937743191,True,2026-07-07,5248400044.0,,,,正常,5248400044.0,3.3333333333333335,True,2026-05-21,,中药,,,,,,,,,,,
002391,长青股份,5.13,5.12,5.13,5.24,5.28,5.28,5.1,4861400.0,25036738.0,-2.099,-0.11,5.13,6.0648333333333335,-15.413998735881728,True,2026-07-07,61.06322134387352,0.8009288537549407,98.02043422733078,14.327485380116958,True,2026-07-07,3332409781.5,,,,正常,3332409781.5,3.8986354775828467,True,2026-06-16,,农药,,,,,,,,,,,
002393,力生制药,14.53,14.53,14.54,15.16,15.06,15.07,14.52,3160937.0,46345388.0,-4.156,-0.63,14.53,16.90683333333333,-14.058418193826949,True,2026-07-07,10.867806539509536,1.0095776566757493,2.956858943286476,54.77460009694619,True,2026-07-07,4489250043.752043,,,,正常,4489250043.752043,6.194081211286993,True,2026-04-28,,化学制剂,,,,,,,,,,,
002394,联发股份,10.01,10.01,10.03,10.44,10.44,10.72,9.96,6603000.0,67527613.0,-4.119,-0.43,10.01,13.15425,-23.902921109147236,True,2026-07-07,13.39133882595263,0.7731719876416064,73.38826951042171,51.672321861366946,False,2026-07-07,3240237000.0,,,,正常,3240237000.0,4.9950049950049955,True,2026-05-25,,棉纺,,,,,,,,,,,
002399,海普瑞,9.35,9.35,9.36,9.65,9.64,9.64,9.35,4534847.0,42867720.0,-3.109,-0.3,9.35,10.923166666666667,-14.402111719739397,True,2026-07-07,36.0614101184069,1.1473627556512378,47.25274725274725,5.434255215914605,True,2026-07-07,13719219507.23897,,,,正常,13719219507.23897,4.224598930481284,True,2026-06-18,,化学制剂,,,,,,,,,,,
002404,嘉欣丝绸,5.77,5.77,5.78,5.87,5.87,5.89,5.7,9749904.0,56320048.0,-1.704,-0.1,5.77,6.643666666666666,-13.15036877226431,True,2026-07-07,17.41980968858131,1.6970588235294122,24.354603019970774,12.372138334145154,True,2026-07-07,3231497391.5899644,,,,正常,3231497391.5899644,5.1993067590987865,True,2026-04-30,,非运动服装,,,,,,,,,,,
002412,汉森制药,5.88,5.87,5.88,6.14,6.1,6.1,5.86,9059547.0,53758759.0,-4.235,-0.26,5.88,6.719333333333333,-12.491318583192779,True,2026-07-07,13.137482517482514,1.3055244755244757,4.45859872611465,4.507594316511514,True,2026-07-07,2958816000.0,,,,正常,2958816000.0,5.1020408163265305,True,2026-06-16,,中药,,,,,,,,,,,
002416,爱施德,8.73,8.73,8.74,9.06,9.07,9.07,8.72,14514117.0,128357040.0,-3.642,-0.33,8.73,12.013833333333332,-27.333768017424354,True,2026-07-07,28.75764705882353,2.015360710321865,80.31746031746032,55.48512920526573,False,2026-07-07,10818930166.32186,,,,正常,10818930166.32186,5.72737686139748,True,2026-05-28,,专业连锁Ⅲ,,,,,,,,,,,
002441,众业达,7.72,7.72,7.73,7.95,7.93,7.97,7.71,4414000.0,34413731.0,-2.893,-0.23,7.72,9.827416666666666,-21.44425883370502,True,2026-07-07,22.74244025157233,0.9613584905660376,74.43792766373411,11.094819159335287,True,2026-07-07,4203876661.9169807,,,,正常,4203876661.9169807,6.476683937823835,True,2026-06-25,,配电设备,,,,,,,,,,,
002454,松芝股份,4.88,4.88,4.89,5.06,5.08,5.13,4.83,10747266.0,52933913.0,-3.557,-0.18,4.88,6.253583333333333,-21.964740215609712,True,2026-07-07,19.01377593360996,1.0833195020746884,33.62530413625304,48.175182481751825,False,2026-07-07,4289879558.80498,,,,正常,4289879558.80498,7.172131147540983,True,2026-05-22,,汽车电子电气系统,,,,,,,,,,,
002469,三维化学,5.66,5.66,5.67,5.89,5.86,5.88,5.61,8728806.0,49678261.0,-3.905,-0.23,5.66,7.989000000000001,-29.15258480410565,True,2026-07-07,27.410431778929187,1.4565457685664942,60.05816771691711,12.603005332040718,True,2026-07-07,3672562486.093264,,,,正常,3672562486.093264,5.300353356890459,True,2026-05-22,,化学工程,,,,,,,,,,,
002478,常宝股份,6.02,6.01,6.02,6.2,6.21,6.24,6.0,16514879.0,100302474.0,-2.903,-0.18,6.02,9.390166666666667,-35.89038178236099,True,2026-07-07,12.37766025641026,0.9165064102564102,61.059190031152646,23.703344643722733,True,2026-07-07,5422841452.830127,,,,正常,5422841452.830127,3.322259136212625,True,2026-06-26,,特钢Ⅲ,,,,,,,,,,,
002507,涪陵榨菜,11.11,11.11,11.13,11.29,11.23,11.29,11.07,6903950.0,76926286.0,-1.594,-0.18,11.11,12.390083333333333,-10.331515122981417,True,2026-07-07,16.68505415162455,1.463953068592058,1.364522417153996,0.7309941520467835,True,2026-07-07,12820040400.839342,,,,正常,12820040400.839342,3.7803780378037812,True,2026-05-28,,调味发酵品Ⅲ,,,,,,,,,,,
002508,老板电器,14.85,14.85,14.86,15.32,15.42,15.42,14.83,5442498.0,81483687.0,-3.068,-0.47,14.85,18.911083333333334,-21.474620262368195,True,2026-07-07,11.482675585284282,1.2416387959866215,2.912621359223301,0.4368932038834952,True,2026-07-07,14032342902.401337,,,,正常,14032342902.401337,6.7340067340067336,True,2026-06-03,,厨房电器,,,,,,,,,,,
002532,天山铝业,11.36,11.35,11.36,11.61,11.63,11.64,11.29,105619082.0,1205951290.0,-2.153,-0.25,11.36,16.301916666666667,-30.3149425169842,True,2026-07-07,8.79822550831793,1.7428465804066546,7.430791646430306,41.52501214181641,True,2026-07-07,52582457034.08501,,,,正常,52582457034.08501,4.841549295774648,True,2026-05-15,,铝,,,,,,,,,,,
002533,金杯电工,10.58,10.58,10.59,11.13,11.15,11.15,10.54,8912375.0,96065666.0,-4.942,-0.55,10.58,13.038,-18.852584752262615,True,2026-07-07,13.043699530516433,1.8577089201877937,18.87530562347188,81.90709046454768,True,2026-07-07,7765096435.661974,,,,正常,7765096435.661974,4.253308128544424,True,2026-05-21,,线缆部件及其他,,,,,,,,,,,
002540,亚太科技,4.81,4.81,4.82,4.89,4.89,4.89,4.76,10275517.0,49444220.0,-1.636,-0.08,4.81,6.399916666666666,-24.842771390252473,True,2026-07-07,16.2036875,1.0922708333333335,47.40668928744547,1.3087736306349975,True,2026-07-07,6018002938.620832,,,,正常,6018002938.620832,3.7422037422037424,True,2026-07-06,,铝,,,,,,,,,,,
002543,万和电气,6.39,6.39,6.4,6.65,6.62,6.63,6.35,5751386.0,37014864.0,-3.91,-0.26,6.39,8.496166666666666,-24.78961100103968,True,2026-07-07,40.96699999999999,1.0244285714285717,98.1095492001939,0.6301502666020359,True,2026-07-07,4751604000.0,,,,正常,4751604000.0,4.068857589984351,True,2026-06-12,,卫浴电器,,,,,,,,,,,
002555,三七互娱,19.43,19.43,19.44,18.92,18.85,20.06,18.8,78607441.0,1543593379.0,2.696,0.51,19.43,22.437749999999998,-13.404864569754093,True,2026-07-07,13.331532846715325,3.2721011470281547,16.41573579407479,22.535211267605636,True,2026-07-07,42983778142.25547,,,,正常,42983778142.25547,5.30108080288214,True,2026-06-02,,游戏Ⅲ,,,,,,,,,,,
002556,辉隆股份,4.61,4.6,4.61,4.71,4.71,4.72,4.55,7756010.0,35725319.0,-2.123,-0.1,4.61,5.912083333333333,-22.024103178518562,True,2026-07-07,26.38618421052632,1.223267543859649,33.59261059795819,4.035002430724355,True,2026-07-07,4363448349.002193,,,,正常,4363448349.002193,3.2537960954446854,True,2026-06-11,,农业综合Ⅲ,,,,,,,,,,,
002572,索菲亚,7.76,7.76,7.77,7.96,7.9,7.98,7.72,9081700.0,70964722.0,-2.513,-0.2,7.76,11.888333333333332,-34.72592177204542,True,2026-07-07,8.787208387942336,1.1289121887287026,0.3393116820164809,0.9209888511875909,True,2026-07-07,7473245992.314548,,,,正常,7473245992.314548,10.309278350515465,True,2026-05-21,,定制家居,,,,,,,,,,,
002582,好想你,8.81,8.81,8.82,9.08,8.99,9.05,8.79,12165538.0,107873291.0,-2.974,-0.27,8.81,10.958166666666667,-19.603339974752465,True,2026-07-07,2.039258836944128,0.8136944127708097,3.8535645472061653,22.49877989263055,True,2026-07-07,3944306519.6396813,,,,正常,3944306519.6396813,6.81044267877412,True,2026-06-01,,零食,,,,,,,,,,,
002588,史丹利,8.27,8.27,8.28,8.59,8.46,8.57,8.21,11822204.0,98241963.0,-3.725,-0.32,8.27,10.118583333333333,-18.269191174653898,True,2026-07-07,8.763580998781972,1.2591352009744212,0.2921129503407984,38.169425511197666,True,2026-07-07,9526146674.80146,,,,正常,9526146674.80146,3.8089480048367603,True,2026-06-11,,复合肥,,,,,,,,,,,
002612,朗姿股份,11.03,11.02,11.03,12.04,11.55,11.74,10.89,10470949.0,116746036.0,-8.389,-1.01,11.03,16.37591666666667,-32.64499188340603,True,2026-07-07,5.130008726003489,1.732460732984293,0.05151983513652757,29.520116335433833,True,2026-07-07,4880172486.731238,,,,正常,4880172486.731238,10.879419764279238,True,2026-05-26,,非运动服装,,,,,,,,,,,
002616,长青集团,4.54,4.53,4.54,4.61,4.61,4.61,4.47,8512671.0,38512768.0,-1.518,-0.07,4.54,5.506333333333333,-17.549488467824926,True,2026-07-07,13.067566371681416,1.1149115044247793,0.4934210526315789,0.9295499021526419,True,2026-07-07,3900842310.358409,,,,正常,3900842310.358409,8.81057268722467,True,2026-05-08,,其他能源发电,,,,,,,,,,,
002632,道明光学,8.51,8.51,8.52,8.69,8.66,8.77,8.48,9331104.0,80012965.0,-2.071,-0.18,8.51,11.56425,-26.411137773742354,True,2026-07-07,25.167466367713008,2.509114349775784,38.543689320388346,67.91262135922331,False,2026-07-07,5315338256.090807,,,,正常,5315338256.090807,3.525264394829612,True,2026-05-11,,膜材料,,,,,,,,,,,
002661,克明食品,7.31,7.3,7.31,7.55,7.53,7.54,7.25,3150600.0,23166890.0,-3.179,-0.24,7.31,8.696083333333332,-15.939168016252525,True,2026-07-07,60.23358437935845,1.090892608089261,93.24034334763948,4.375303840544483,True,2026-07-07,2435236893.877266,,,,正常,2435236893.877266,4.1039671682626535,True,2026-06-04,,预加工食品,,,,,,,,,,,
002690,美亚光电,14.55,14.52,14.55,14.82,14.77,14.85,14.5,4032576.0,59012481.0,-1.822,-0.27,14.55,17.310166666666667,-15.945350035143125,True,2026-07-07,17.66858037578288,5.325887265135699,1.7952450266860747,13.003396409509946,True,2026-07-07,12836430494.999998,,,,正常,12836430494.999998,4.810996563573883,True,2026-05-14,,其它专用机械,,,,,,,,,,,
002705,新宝股份,11.38,11.38,11.39,11.66,11.65,11.77,11.34,6595900.0,75726016.0,-2.401,-0.28,11.38,13.910166666666669,-18.18933394040331,True,2026-07-07,11.116292335115864,1.0954010695187166,13.138686131386862,0.583941605839416,True,2026-07-07,9239146376.805704,,,,正常,9239146376.805704,3.9543057996485063,True,2026-06-18,,厨房小家电,,,,,,,,,,,
002714,牧原股份,38.49,38.49,38.5,38.68,38.5,38.94,37.74,83964055.0,3212247242.0,-0.491,-0.19,38.49,42.88258333333333,-10.24328058594105,True,2026-07-07,22.72138182801514,2.654123850730125,58.867454884878654,1.6488845780795343,True,2026-07-07,222202618927.27045,,,,正常,222202618927.27045,3.5191512081060012,True,2026-05-27,,生猪养殖,,,,,,,,,,,
002727,一心堂,10.19,10.19,10.2,10.45,10.45,10.47,10.16,6370700.0,65502102.0,-2.488,-0.26,10.19,12.476750000000001,-18.328090247861027,True,2026-07-07,21.37167825223436,0.8095332671300894,30.316301703163017,0.34063260340632606,True,2026-07-07,5967306034.002978,,,,正常,5967306034.002978,3.9254170755642788,True,2026-05-29,,线下药店,,,,,,,,,,,
002749,国光股份,7.87,7.87,7.89,8.25,8.2,8.23,7.85,4237731.0,33691945.0,-4.606,-0.38,7.87,11.962166666666667,-34.209243030108816,True,2026-07-07,14.904419753086415,2.467876543209876,1.0194174757281553,1.2135922330097086,True,2026-07-07,4379431082.954323,,,,正常,4379431082.954323,11.435832274459974,True,2026-05-22,,农药,,,,,,,,,,,
002772,众兴菌业,12.64,12.64,12.65,13.11,13.1,13.44,12.59,13549626.0,174709407.0,-3.585,-0.47,12.64,15.568166666666666,-18.80868010577139,True,2026-07-07,10.540367278798,1.3399666110183637,3.0005173305742368,76.47345348270824,True,2026-07-07,4736745616.761269,,,,正常,4736745616.761269,3.5601265822784813,True,2026-05-19,,食用菌,,,,,,,,,,,
002788,鹭燕医药,10.21,10.21,10.22,10.91,10.78,10.79,10.2,15684667.0,163294366.0,-6.416,-0.7,10.21,14.7005,-30.546580048297667,True,2026-07-07,14.295922787193978,1.1729001883239174,78.36001940805434,27.510917030567683,True,2026-07-07,3966755874.252354,,,,正常,3966755874.252354,3.4280117531831538,True,2025-07-10,,医药流通,,,,,,,,,,,
002811,郑中设计,10.91,10.9,10.91,11.25,11.25,11.46,10.91,4214900.0,46917314.0,-3.022,-0.34,10.91,13.766583333333333,-20.7501256060872,True,2026-07-07,20.34952173913043,2.362252173913044,7.111935683364255,78.3665532328634,True,2026-07-07,3359952755.024348,,,,正常,3359952755.024348,3.208065994500458,True,2026-05-28,,装修装饰,,,,,,,,,,,
002835,同为股份,11.46,11.45,11.46,11.87,11.86,11.89,11.45,2021100.0,23447932.0,-3.454,-0.41,11.46,15.292416666666666,-25.0608961958269,True,2026-07-07,21.862449664429544,2.067030201342282,22.86302780638517,0.19445794846864364,True,2026-07-07,2515400449.721477,,,,正常,2515400449.721477,5.235602094240837,True,2026-06-25,,安防设备,,,,,,,,,,,
002847,盐津铺子,46.3,46.3,46.39,47.47,47.48,47.49,46.18,1766340.0,82392046.0,-2.465,-1.17,46.3,59.669666666666664,-22.406136004334975,True,2026-07-07,15.622882999353587,6.584356819650937,0.19389238972370335,23.897237033446437,True,2026-07-07,12509678425.709976,,,,正常,12509678425.709976,5.183585313174946,True,2026-06-26,,零食,,,,,,,,,,,
002852,道道全,7.37,7.36,7.37,7.56,7.56,7.56,7.31,3379512.0,24998837.0,-2.513,-0.19,7.37,9.549249999999999,-22.821163965756462,True,2026-07-07,17.492407660738714,1.1392749658002734,28.064764841942946,1.5996122152205527,True,2026-07-07,2535046408.3036942,,,,正常,2535046408.3036942,4.016282225237449,True,2026-04-21,,粮油加工,,,,,,,,,,,
002879,长缆科技,13.3,13.3,13.31,14.04,14.09,14.14,13.3,6458900.0,87706563.0,-5.271,-0.74,13.3,18.985500000000002,-29.94653814753365,True,2026-07-07,19.362649700598805,1.5231287425149702,10.29126213592233,7.233009708737864,True,2026-07-07,2568331611.6017966,,,,正常,2568331611.6017966,3.7593984962406015,True,2026-04-21,,线缆部件及其他,,,,,,,,,,,
002895,川恒股份,30.52,30.48,30.52,31.56,31.63,31.66,30.42,5806699.0,178607983.0,-3.295,-1.04,30.52,36.712,-16.8664196992809,True,2026-07-07,14.831124183006535,2.6330980392156857,26.92867540029112,53.17806889859291,True,2026-07-07,18492262809.35947,,,,正常,18492262809.35947,5.897771952817825,True,2026-05-21,,磷肥及磷化工,,,,,,,,,,,
002911,佛燃能源,10.01,10.01,10.02,10.39,10.4,10.41,9.98,5559093.0,56036981.0,-3.657,-0.38,10.01,12.775416666666667,-21.646391180979098,True,2026-07-07,12.593225806451612,3.3501209677419355,0.3393116820164809,70.09209888511876,True,2026-07-07,12994740058.703629,,,,正常,12994740058.703629,5.194805194805195,True,2026-04-24,,燃气,,,,,,,,,,,
002946,新乳业,14.55,14.5,14.55,14.64,14.64,14.8,14.34,5838050.0,84891969.0,-0.615,-0.09,14.55,17.500083333333333,-16.85753877362488,True,2026-07-07,15.968754448398581,3.2724555160142352,2.467750981491868,4.711160964666293,True,2026-07-07,12522937474.985762,,,,正常,12522937474.985762,3.092783505154639,True,2026-06-09,,乳品,,,,,,,,,,,
002959,小熊电器,32.42,32.42,32.43,33.35,33.35,33.38,32.3,729994.0,23877313.0,-2.789,-0.93,32.42,40.98633333333334,-20.900462755877992,True,2026-07-07,14.760811059907835,1.762930875576037,0.3614457831325301,0.9036144578313252,True,2026-07-07,5052123496.2808,,,,正常,5052123496.2808,4.009870450339297,True,2026-05-28,,厨房小家电,,,,,,,,,,,
002991,甘源食品,41.64,41.6,41.64,42.21,42.21,42.21,41.09,691400.0,28632709.0,-1.35,-0.57,41.64,51.35041666666666,-18.91010296897947,True,2026-07-07,17.482442748091604,2.296813592711155,13.082811412665274,1.5309672929714684,True,2026-07-07,3881507202.932284,,,,正常,3881507202.932284,3.8256484149855905,True,2026-06-04,,零食,,,,,,,,,,,
002998,优彩资源,7.0,7.0,7.02,7.26,7.24,7.56,6.99,21197727.0,151756969.0,-3.581,-0.26,7.0,8.269166666666667,-15.348180993651116,True,2026-07-07,36.218705035971226,1.4604316546762584,81.69934640522875,34.20479302832244,False,2026-07-07,2483712903.453238,,,,正常,2483712903.453238,4.142857142857142,True,2026-05-20,,涤纶,,,,,,,,,,,
003008,开普检测,17.52,17.52,17.53,17.96,17.95,18.07,17.47,1223930.0,21575806.0,-2.45,-0.44,17.52,22.029583333333335,-20.470579334606875,True,2026-07-07,23.08588437321122,1.7951230681167718,1.2968299711815563,16.42651296829971,True,2026-07-07,1822080000.0,,,,正常,1822080000.0,5.707762557077626,True,2026-06-03,,检测服务,,,,,,,,,,,
003011,海象新材,18.89,18.88,18.89,19.75,19.7,20.86,18.77,3763480.0,73279039.0,-4.354,-0.86,18.89,23.21833333333333,-18.641877826430253,True,2026-07-07,22.521077777777773,1.4272444444444448,66.02282704126426,27.950760318609703,True,2026-07-07,1939549639.9999998,,,,正常,1939549639.9999998,3.1762837480148223,True,2026-07-01,,瓷砖地板,,,,,,,,,,,
003012,东鹏控股,4.52,4.52,4.53,4.64,4.64,4.64,4.49,6414536.0,29072688.0,-2.586,-0.12,4.52,6.066666666666666,-25.494505494505503,True,2026-07-07,15.728789237668158,0.7195515695067263,21.393442622950822,0.7930785868781542,True,2026-07-07,5229554834.484305,,,,正常,5229554834.484305,5.530973451327434,True,2026-06-01,,瓷砖地板,,,,,,,,,,,
003020,立方制药,15.84,15.84,15.85,16.38,16.21,16.29,15.78,4481900.0,71633806.0,-3.297,-0.54,15.84,22.50116666666667,-29.603650181101727,True,2026-07-07,22.279900990099,2.0192079207920792,46.43387815750371,9.955423476968797,True,2026-07-07,3614982909.2376246,,,,正常,3614982909.2376246,3.1565656565656566,True,2026-05-29,,未知,所属行业批量超时,,,,,,,,,,
300009,安科生物,8.14,8.14,8.15,8.39,8.25,8.29,8.06,20120328.0,163693811.0,-2.98,-0.25,8.14,9.184166666666666,-11.369204246438603,True,2026-07-07,19.60183823529412,3.1422794117647057,12.615235322658904,2.134885977680738,True,2026-07-07,13599503762.840689,,,,正常,13599503762.840689,3.071253071253071,True,2026-05-29,,未知,所属行业批量超时,,,,,,,,,,
300099,尤洛卡,5.85,5.85,5.86,6.08,6.09,6.16,5.85,14691699.0,87639900.0,-3.783,-0.23,5.85,8.27975,-29.345692804734448,True,2026-07-07,23.418396226415087,1.8764150943396227,3.80859375,16.552734375,True,2026-07-07,4313001741.933962,,,,正常,4313001741.933962,3.282051282051282,True,2026-04-30,,未知,所属行业批量超时,,,,,,,,,,
300130,新国都,18.23,18.22,18.23,19.25,19.2,19.31,18.07,14452179.0,268746607.0,-5.299,-1.02,18.23,24.310166666666664,-25.010797951474338,True,2026-07-07,24.678128791413904,2.3818945403639757,20.038816108685104,21.63998059194566,True,2026-07-07,10341978062.14326,,,,正常,10341978062.14326,3.291278113000548,True,2026-07-02,,未知,所属行业批量超时,,,,,,,,,,
300138,晨光生物,9.71,9.71,9.73,10.01,9.94,10.0,9.66,5546966.0,54130351.0,-2.997,-0.3,9.71,12.066,-19.525940659704954,True,2026-07-07,13.172642320085927,1.4080021482277123,6.64081434803684,7.804168686379059,True,2026-07-07,4690901903.207307,,,,正常,4690901903.207307,3.0895983522142116,True,2026-05-21,,未知,所属行业批量超时,,,,,,,,,,
300140,节能环境,5.11,5.11,5.12,5.28,5.27,5.3,5.08,12462102.0,64194963.0,-3.22,-0.17,5.11,6.647083333333334,-23.124177270732783,True,2026-07-07,17.402165354330712,1.1165551181102369,0.6685768863419294,2.581587920116902,True,2026-07-07,15836232451.478342,,,,正常,15836232451.478342,3.522504892367906,True,2026-06-04,,未知,所属行业批量超时,,,,,,,,,,
300144,宋城演艺,5.78,5.78,5.79,5.97,5.95,5.97,5.77,28541985.0,166527973.0,-3.183,-0.19,5.78,7.564083333333333,-23.586246405711186,True,2026-07-07,19.443605442176867,2.11343537414966,0.12062726176115801,0.4852013585638039,True,2026-07-07,15170649301.9966,,,,正常,15170649301.9966,4.325259515570934,True,2026-06-12,,未知,所属行业批量超时,,,,,,,,,,
300146,汤臣倍健,9.1,9.09,9.1,9.27,9.27,9.29,9.08,7744032.0,70732993.0,-1.834,-0.17,9.1,10.69825,-14.939359240997362,True,2026-07-07,21.104885993485333,1.432681867535287,24.628099173553718,0.6786233640329618,True,2026-07-07,15394260982.584145,,,,正常,15394260982.584145,4.945054945054945,True,2026-04-21,,未知,所属行业批量超时,,,,,,,,,,
300193,佳士科技,7.84,7.83,7.84,7.9,7.85,7.94,7.72,4344280.0,33913495.0,-0.759,-0.06,7.84,8.777666666666667,-10.682413701439264,True,2026-07-07,21.136791314837154,1.6644632086851625,55.18753044325378,26.595226497808085,True,2026-07-07,3733798470.7744274,,,,正常,3733798470.7744274,3.826530612244898,True,2026-07-06,,未知,所属行业批量超时,,,,,,,,,,
300230,永利股份,4.16,4.15,4.16,4.24,4.25,4.25,4.1,8031593.0,33340120.0,-1.887,-0.08,4.16,4.921666666666667,-15.47578733491365,True,2026-07-07,18.972710280373832,1.0788785046728973,87.14365567356064,14.32791728212703,True,2026-07-07,3382967914.093458,,,,正常,3382967914.093458,4.447115384615384,True,2026-06-30,,未知,所属行业批量超时,,,,,,,,,,
300272,开能健康,5.32,5.32,5.33,5.54,5.54,5.55,5.31,7679481.0,41409619.0,-3.971,-0.22,5.32,7.244583333333333,-26.56582504169781,True,2026-07-07,80.27288888888889,2.6402962962962966,89.4455252918288,27.042801556420233,True,2026-07-07,3253017591.237037,,,,正常,3253017591.237037,3.3834586466165413,True,2026-06-16,,未知,所属行业批量超时,,,,,,,,,,
300306,远方信息,9.41,9.41,9.42,9.52,9.56,9.6,9.22,3780400.0,35461775.0,-1.155,-0.11,9.41,12.304916666666667,-23.526503633371487,True,2026-07-07,35.879233128834365,1.7703885480572592,53.204419889502766,25.2431906614786,True,2026-07-07,2530902101.133947,,,,正常,2530902101.133947,3.953241232731137,True,2026-05-19,,未知,所属行业批量超时,,,,,,,,,,
300360,炬华科技,11.56,11.56,11.58,11.87,11.87,11.9,11.52,3566323.0,41579931.0,-2.612,-0.31,11.56,15.761916666666666,-26.658665665660365,True,2026-07-07,12.201682085786375,1.448645920941968,14.008725157537565,6.931652932622395,True,2026-07-07,5944003176.423887,,,,正常,5944003176.423887,5.190311418685121,True,2026-06-03,,未知,所属行业批量超时,,,,,,,,,,
300470,中密控股,29.24,29.2,29.24,30.14,30.08,30.38,29.14,1498700.0,44187111.0,-2.986,-0.9,29.24,35.16508333333333,-16.849336818482342,True,2026-07-07,17.006023850085185,2.122017035775128,0.24260067928190196,0.5337214944201845,True,2026-07-07,6080801189.929812,,,,正常,6080801189.929812,3.4199726402188784,True,2026-06-15,,未知,所属行业批量超时,,,,,,,,,,
300498,温氏股份,13.65,13.65,13.66,13.73,13.6,13.72,13.43,58817221.0,797569026.0,-0.583,-0.08,13.65,15.325166666666668,-10.930821850768346,True,2026-07-07,41.60495049504951,2.370297029702971,80.73278584965256,7.867897037396794,True,2026-07-07,90826135013.61388,,,,正常,90826135013.61388,3.6630036630036633,True,2026-06-24,,未知,所属行业批量超时,,,,,,,,,,
300514,友讯达,9.16,9.16,9.17,9.37,9.33,9.46,9.04,2416274.0,22225312.0,-2.241,-0.21,9.16,12.701500000000001,-27.882533559028467,True,2026-07-07,63.34781875658589,1.7953213909378296,87.66990291262135,0.04854368932038835,True,2026-07-07,1832000000.0,,,,正常,1832000000.0,3.2751091703056767,True,2025-07-24,,未知,所属行业批量超时,,,,,,,,,,
300515,三德科技,13.19,13.18,13.19,13.64,13.6,13.63,13.12,3272500.0,43442928.0,-3.299,-0.45,13.19,17.860916666666665,-26.151606627132796,True,2026-07-07,14.38370979805535,3.068130142109199,0.19389238972370335,10.954920019389238,True,2026-07-07,2713901855.0,,,,正常,2713901855.0,3.0326004548900687,True,2026-06-04,,未知,所属行业批量超时,,,,,,,,,,
300529,健帆生物,16.21,16.21,16.23,16.67,16.62,16.62,16.18,5176100.0,84638993.0,-2.759,-0.46,16.21,18.088833333333334,-10.386702661863211,True,2026-07-07,22.93048004987532,4.072711970074813,5.425219941348973,1.8084066471163247,True,2026-07-07,12945391507.749998,,,,正常,12945391507.749998,3.2078963602714374,True,2026-06-01,,未知,所属行业批量超时,,,,,,,,,,
300532,今天国际,6.36,6.36,6.37,6.53,6.5,6.52,6.33,6372610.0,40770428.0,-2.603,-0.17,6.36,7.836833333333333,-18.844771485081125,True,2026-07-07,18.63211267605634,2.309107981220658,21.381744831064044,4.701890450799806,True,2026-07-07,4042672308.000001,,,,正常,4042672308.000001,7.861635220125786,True,2026-05-06,,未知,所属行业批量超时,,,,,,,,,,
300533,冰川网络,17.05,17.05,17.06,15.89,15.7,17.71,15.65,23028735.0,388577428.0,7.3,1.16,17.05,27.34708333333333,-37.65331464354821,True,2026-07-07,19.640526634382574,4.345066585956417,17.69041769041769,82.21037324285022,True,2026-07-07,5596607223.734865,,,,正常,5596607223.734865,11.730205278592374,True,2026-05-26,,未知,所属行业批量超时,,,,,,,,,,
300625,三雄极光,8.94,8.94,8.96,9.22,9.22,9.23,8.91,1583100.0,14270118.0,-3.037,-0.28,8.94,11.704166666666667,-23.61694553221788,True,2026-07-07,134.41689349027493,1.3448701298701295,92.09794101279911,2.4914509037616024,True,2026-07-07,2497219139.9999995,,,,正常,2497219139.9999995,6.152125279642059,True,2026-06-09,,未知,所属行业批量超时,,,,,,,,,,
300641,正丹股份,14.96,14.96,14.97,15.5,15.55,15.66,14.95,8863666.0,134264171.0,-3.484,-0.54,14.96,18.6505,-19.78767325272781,True,2026-07-07,20.016499045194145,2.609191597708466,18.225884634028112,65.58410082404265,True,2026-07-07,7862150357.504775,,,,正常,7862150357.504775,5.347593582887701,True,2026-06-18,,未知,所属行业批量超时,,,,,,,,,,
300705,九典制药,10.31,10.31,10.32,10.77,10.8,10.8,10.3,8307500.0,86564604.0,-4.271,-0.46,10.31,13.441083333333333,-23.29487330510314,True,2026-07-07,12.774341463414633,2.102234146341464,0.5332040717401841,0.9209888511875909,True,2026-07-07,5158001509.562927,,,,正常,5158001509.562927,3.87972841901067,True,2026-05-28,,未知,所属行业批量超时,,,,,,,,,,
300729,乐歌股份,9.82,9.81,9.82,10.07,10.14,10.14,9.74,2171078.0,21386129.0,-2.483,-0.25,9.82,12.5805,-21.94268908230993,True,2026-07-07,16.089152196118487,0.9428804902962211,25.13368983957219,0.3403014098201264,True,2026-07-07,3354643637.150153,,,,正常,3354643637.150153,3.054989816700611,True,2026-05-28,,未知,所属行业批量超时,,,,,,,,,,
300743,天地数码,14.56,14.56,14.57,15.07,14.93,15.1,14.5,2448800.0,35983313.0,-3.384,-0.51,14.56,18.729333333333333,-22.260980992382706,True,2026-07-07,19.04149233844104,3.792778147901401,0.05060728744939271,19.686234817813766,True,2026-07-07,2201534942.656896,,,,正常,2201534942.656896,4.464285714285714,True,2026-06-30,,未知,所属行业批量超时,,,,,,,,,,
300760,迈瑞医疗,138.17,138.17,138.18,140.6,139.12,139.88,137.37,8305582.0,1147918636.0,-1.728,-2.43,138.17,167.755,-17.635837978003643,True,2026-07-07,21.373933662667607,4.387896965419901,1.0672358591248665,0.96051227321238,True,2026-07-07,167523027409.175,,,,正常,167523027409.175,3.0542085836288635,True,2026-05-28,,未知,所属行业批量超时,,,,,,,,,,
300770,新媒股份,31.95,31.95,31.96,32.56,32.56,32.68,31.84,1599324.0,51502171.0,-1.873,-0.61,31.95,39.811416666666666,-19.746638841035967,True,2026-07-07,11.322281249999998,2.0467968750000005,4.751001717229536,2.404121350887235,True,2026-07-07,7279442982.45,,,,正常,7279442982.45,8.763693270735525,True,2026-05-22,,未知,所属行业批量超时,,,,,,,,,,
300773,拉卡拉,14.52,14.51,14.52,15.2,15.08,15.2,14.48,29765060.0,440082588.0,-4.474,-0.68,14.52,25.210500000000003,-42.404950318319756,True,2026-07-07,9.48579310344828,3.459310344827587,0.33557046979865773,22.65353418308227,True,2026-07-07,15788044929.268969,,,,正常,15788044929.268969,4.132231404958678,True,2026-06-22,,未知,所属行业批量超时,,,,,,,,,,
300795,米奥会展,8.3,8.3,8.31,8.79,8.81,8.82,8.29,3930860.0,33275629.0,-5.575,-0.49,8.3,11.600833333333332,-28.45341570289489,True,2026-07-07,16.666704936854188,4.364408725602757,0.1034126163391934,10.694529809465275,True,2026-07-07,2480819121.285878,,,,正常,2480819121.285878,3.216867469879518,True,2026-04-30,,未知,所属行业批量超时,,,,,,,,,,
300832,新产业,39.45,39.45,39.46,40.97,38.19,40.81,37.5,20490713.0,812343064.0,-3.71,-1.52,39.45,49.47275,-20.259132552768943,True,2026-07-07,19.08115727002968,3.62893175074184,0.0670690811535882,1.0060362173038229,True,2026-07-07,30996606068.38508,,,,正常,30996606068.38508,3.041825095057034,True,2026-05-27,,未知,所属行业批量超时,,,,,,,,,,
300851,交大思诺,22.31,22.31,22.32,23.25,23.17,23.4,22.22,1306400.0,29492963.0,-4.043,-0.94,22.31,27.920666666666662,-20.095031159714416,True,2026-07-07,23.769898989898987,1.518686868686868,26.923076923076923,2.6573426573426575,True,2026-07-07,1939484154.0,,,,正常,1939484154.0,3.047960555804572,True,2026-05-29,,未知,所属行业批量超时,,,,,,,,,,
300898,熊猫乳品,18.51,18.51,18.52,19.02,18.98,19.0,18.4,1913600.0,35677226.0,-2.681,-0.51,18.51,24.200249999999997,-23.513186847243293,True,2026-07-07,20.62825668449198,2.3756149732620324,6.425992779783393,7.36462093862816,True,2026-07-07,2295240000.0,,,,正常,2295240000.0,3.2414910858995136,True,2026-05-29,,未知,所属行业批量超时,,,,,,,,,,
300910,瑞丰新材,29.35,29.35,29.4,28.98,28.73,29.9,28.71,6169320.0,181156819.0,1.277,0.37,29.35,47.97883333333333,-38.82719115721168,True,2026-07-02,16.497981366459626,3.190217391304348,3.763837638376384,3.837638376383764,True,2026-07-02,11242290829.484129,,,,沿用上一版：当前数据待补齐,11242290829.484129,5.110732538330494,True,2026-05-29,,未知,所属行业批量超时,,,,,,,,,,
300978,东箭科技,8.2,8.2,8.21,8.26,8.26,8.49,8.17,5348969.0,44614033.0,-0.726,-0.06,8.2,11.162833333333332,-26.541947235618203,True,2026-07-02,27.786682808716705,2.2435835351089586,5.924739791833467,0.8807045636509208,True,2026-07-02,3466162459.661017,,,,沿用上一版：当前数据待补齐,3466162459.661017,4.878048780487806,True,2026-06-17,,未知,所属行业批量超时,,,,,,,,,,
300979,华利集团,31.38,31.36,31.38,30.64,30.81,31.78,30.5,2844502.0,88653512.0,2.415,0.74,31.38,42.38383333333333,-25.96233626815255,True,2026-07-02,12.945274151436031,2.427238903394256,0.8757961783439491,1.751592356687898,True,2026-07-02,36620460000.0,,,,沿用上一版：当前数据待补齐,36620460000.0,6.692160611854685,True,2026-05-22,,未知,所属行业批量超时,,,,,,,,,,
300981,中红医疗,10.1,10.09,10.1,10.0,9.99,10.26,9.93,4828438.0,48770909.0,1.0,0.1,10.1,12.934500000000002,-21.914260311569844,True,2026-07-02,105.42247151633934,0.8484,64.05750798722045,14.931396287328491,True,2026-07-02,4331536085.9,,,,沿用上一版：当前数据待补齐,4331536085.9,3.465346534653465,True,2026-05-27,,未知,所属行业批量超时,,,,,,,,,,
300994,久祺股份,11.37,11.37,11.39,11.52,11.42,11.58,11.25,2159860.0,24606569.0,-1.302,-0.15,11.37,15.0885,-24.644596878417342,True,2026-06-19,21.33316430020284,2.152535496957403,20.801364023870416,8.184143222506394,True,2026-06-19,2650210560.000001,,,,沿用上一版：当前数据待补齐,2650210560.000001,8.443271767810026,True,2026-06-11,,未知,所属行业批量超时,,,,,,,,,,
301035,润丰股份,49.81,49.55,49.81,50.0,50.49,50.85,48.7,1608674.0,79832511.0,-0.38,-0.19,49.81,57.407833333333336,-13.23483728991688,True,2026-06-19,14.673297993184397,1.8168736589675645,10.0,5.641025641025641,True,2026-06-19,13985202214.927423,,,,沿用上一版：当前数据待补齐,13985202214.927423,3.111824934752058,True,2026-06-01,,未知,所属行业批量超时,,,,,,,,,,
301056,森赫股份,11.94,11.94,11.97,11.95,11.99,12.25,11.86,2817898.0,33836486.0,-0.084,-0.01,11.94,14.8385,-19.533645584122382,True,2026-06-19,46.47251373626373,4.010068681318683,87.80701754385964,81.75438596491227,False,2026-06-19,3185432804.3736267,,,,沿用上一版：当前数据待补齐,3185432804.3736267,5.025125628140704,True,2025-12-11,,未知,所属行业批量超时,,,,,,,,,,
301088,戎美股份,12.74,12.74,12.76,12.96,12.96,13.08,12.68,1175200.0,15032600.0,-1.698,-0.22,12.74,15.014666666666669,-15.149631471450142,True,2026-06-19,40.63704314720814,1.1478934010152275,91.69675090252709,17.509025270758123,True,2026-06-19,2903446000.0,,,,沿用上一版：当前数据待补齐,2903446000.0,8.618524332810047,True,2026-06-01,,未知,所属行业批量超时,,,,,,,,,,
301109,军信股份,13.47,13.47,13.48,13.49,13.55,13.72,13.36,4891706.0,65970357.0,-0.148,-0.02,13.47,15.19775,-11.3684591469132,True,2026-06-19,13.925932304038003,1.3757957244655588,37.37474949899799,44.88977955911824,False,2026-06-19,10629188341.516035,,,,沿用上一版：当前数据待补齐,10629188341.516035,4.847809948032665,True,2026-05-11,,未知,所属行业批量超时,,,,,,,,,,
301175,中科环保,5.24,5.24,5.25,5.3,5.26,5.3,5.21,12942433.0,67837712.0,-1.132,-0.06,5.24,6.117583333333333,-14.3452616092956,True,2026-06-19,19.77466458658347,2.027332293291732,0.3201707577374599,10.992529348986126,True,2026-06-19,7712651200.000003,,,,沿用上一版：当前数据待补齐,7712651200.000003,3.0534351145038165,True,2026-05-14,,未知,所属行业批量超时,,,,,,,,,,
301207,华兰疫苗,16.48,16.47,16.48,16.39,16.33,16.71,16.12,3557500.0,58528243.0,0.549,0.09,16.48,19.56883333333333,-15.784453169580882,True,2026-06-19,52.82310523832,1.7265502595563953,78.34456207892204,11.357074109720886,True,2026-06-19,9904933200.0,,,,沿用上一版：当前数据待补齐,9904933200.0,8.49514563106796,True,2026-06-15,,未知,所属行业批量超时,,,,,,,,,,
301262,海看股份,19.62,19.62,19.63,19.51,19.45,19.98,19.32,2631800.0,51803783.0,0.564,0.11,19.62,24.292666666666666,-19.234885699388016,True,2026-06-19,21.095911692559305,2.149697465249386,5.8495821727019495,0.5571030640668524,True,2026-06-19,8181540000.000003,,,,沿用上一版：当前数据待补齐,8181540000.000003,3.1600407747196737,True,2026-01-13,,未知,所属行业批量超时,,,,,,,,,,
301283,聚胶股份,27.77,27.77,27.79,26.69,26.38,28.44,26.2,2269074.0,62201898.0,4.046,1.08,27.77,31.67408333333333,-12.325797379034908,True,2026-06-19,11.424725050916496,1.300835030549898,1.54015401540154,6.380638063806381,True,2026-06-19,2233202916.826885,,,,沿用上一版：当前数据待补齐,2233202916.826885,6.121714079942383,True,2026-05-21,,未知,所属行业批量超时,,,,,,,,,,
301299,卓创资讯,49.9,49.9,49.95,50.42,50.38,50.67,49.4,722700.0,36153743.0,-1.031,-0.52,49.9,59.78925,-16.54018071810569,True,2026-06-19,46.08043512783863,4.952755280292204,14.009111617312072,32.46013667425968,True,2026-06-19,3027064737.6830206,,,,沿用上一版：当前数据待补齐,3027064737.6830206,3.0060120240480965,True,2026-05-12,,未知,所属行业批量超时,,,,,,,,,,
301300,远翔新材,33.82,33.82,33.86,33.95,33.8,34.17,33.1,789400.0,26617017.0,-0.383,-0.13,33.82,42.840916666666665,-21.05677788562725,True,2026-06-19,25.648352472463085,2.6076353409889843,0.3250270855904659,58.93824485373781,True,2026-06-19,2194512160.0000005,,,,沿用上一版：当前数据待补齐,2194512160.0000005,3.252513305736251,True,2026-05-29,,未知,所属行业批量超时,,,,,,,,,,
301509,金凯生科,27.24,27.24,27.25,26.98,27.0,27.62,26.52,1613200.0,43828854.0,0.964,0.26,27.24,36.25608333333333,-24.867780809197537,True,2026-06-19,44.31708781869691,1.4738923512747888,50.505050505050505,10.533910533910534,True,2026-06-19,3280967263.791501,,,,沿用上一版：当前数据待补齐,3280967263.791501,3.303964757709251,True,2026-06-02,,未知,所属行业批量超时,,,,,,,,,,
301552,科力装备,24.5,24.46,24.5,24.69,24.55,24.87,24.1,834682.0,20466014.0,-0.77,-0.19,24.5,29.24075,-16.212819438625882,True,2026-06-19,16.28321925890962,1.931319329714422,0.4329004329004329,0.4329004329004329,True,2026-06-19,2332400000.0,,,,沿用上一版：当前数据待补齐,2332400000.0,6.122448979591836,True,2026-05-11,,未知,所属行业批量超时,,,,,,,,,,
301598,博科测试,53.8,53.8,53.82,54.54,53.88,54.68,53.17,796582.0,42730485.0,-1.357,-0.74,53.8,61.92391666666666,-13.119190619671716,True,2026-06-19,25.512981498331808,3.1493478920230515,3.188405797101449,2.898550724637681,True,2026-06-19,3168670597.71004,,,,沿用上一版：当前数据待补齐,3168670597.71004,3.1598513011152414,True,2026-05-21,,未知,所属行业批量超时,,,,,,,,,,
301633,港迪技术,46.15,46.14,46.15,46.15,46.11,46.68,45.21,437135.0,20169040.0,0.0,0.0,46.15,63.22208333333333,-27.00335457678949,True,2026-06-19,39.28543344386545,2.7618585188694147,5.714285714285714,0.7792207792207793,True,2026-06-19,2569632000.0,,,,沿用上一版：当前数据待补齐,2569632000.0,3.2502708559046587,True,2026-06-03,,未知,所属行业批量超时,,,,,,,,,,
600028,中国石化,4.71,4.71,4.72,4.85,4.85,4.85,4.71,232692301.0,1107934262.0,-2.887,-0.14,4.71,5.808166666666667,-18.90728571838504,True,2026-06-19,16.0248275862069,0.6857471264367816,82.74012676743052,21.550463188688447,True,2026-06-19,569559171985.7645,,,,沿用上一版：当前数据待补齐,569559171985.7645,4.246284501061572,True,2026-06-17,,未知,所属行业批量超时,,,,,,,,,,
600048,保利发展,4.92,4.92,4.93,5.08,5.05,5.06,4.92,116148187.0,578532588.0,-3.15,-0.16,4.92,6.162416666666667,-20.161192172984087,True,2026-06-19,56.919581643114185,0.3060653188180401,92.69776876267748,0.0980392156862745,True,2026-06-19,58894581616.75895,,,,沿用上一版：当前数据待补齐,58894581616.75895,3.4552845528455287,True,2025-08-20,,未知,所属行业批量超时,,,,,,,,,,
600057,厦门象屿,5.86,5.86,5.87,5.94,5.88,5.96,5.85,13030056.0,76791777.0,-1.347,-0.08,5.86,7.686166666666666,-23.759134375609847,True,2026-06-19,12.750695035460987,1.055631205673759,84.93417844953682,28.230131643100925,True,2026-06-19,16645853526.58158,,,,沿用上一版：当前数据待补齐,16645853526.58158,3.754266211604096,True,2026-06-17,,未知,所属行业批量超时,,,,,,,,,,
600067,冠城新材,3.39,3.38,3.39,3.38,3.39,3.43,3.28,46030900.0,155181053.0,0.296,0.01,3.39,3.924333333333333,-13.615900789943067,True,2026-06-19,244.5439944134078,0.8427653631284919,99.14933837429112,79.71721111652852,False,2026-06-19,4717757025.569834,,,,沿用上一版：当前数据待补齐,4717757025.569834,7.374631268436578,True,2026-06-05,,未知,所属行业批量超时,,,,,,,,,,
600120,浙江东方,4.57,4.57,4.58,4.54,4.55,4.69,4.46,46773768.0,214624273.0,0.661,0.03,4.57,5.858833333333333,-21.99812249310158,True,2026-06-19,16.85589788732394,0.9494014084507036,42.09756097560975,42.97560975609756,False,2026-06-19,15608293418.794008,,,,沿用上一版：当前数据待补齐,15608293418.794008,3.6761487964989055,True,2026-06-05,,未知,所属行业批量超时,,,,,,,,,,
600125,铁龙物流,5.38,5.38,5.39,5.42,5.42,5.43,5.33,8779942.0,47187768.0,-0.738,-0.04,5.38,6.257333333333334,-14.020882164926496,True,2026-06-19,13.032739273927382,0.8966666666666673,0.196078431372549,0.0980392156862745,True,2026-06-19,7023707681.729368,,,,沿用上一版：当前数据待补齐,7023707681.729368,3.9219330855018586,True,2026-06-12,,未知,所属行业批量超时,,,,,,,,,,
600132,重庆啤酒,47.1,47.1,47.11,48.36,48.38,48.6,46.91,4571173.0,216322755.0,-2.605,-1.26,47.1,53.85958333333333,-12.550381779782304,True,2026-06-17,19.05719598363704,12.46249535143176,1.0349926071956628,10.202069985214392,True,2026-06-17,22795043425.41466,,,,沿用上一版：当前数据待补齐,22795043425.41466,4.670912951167729,True,2025-12-18,,未知,所属行业批量超时,,,,,,,,,,
600167,联美控股,5.88,5.87,5.88,6.11,6.09,6.11,5.85,9946305.0,58901741.0,-3.764,-0.23,5.88,6.853833333333333,-14.208593731002118,True,2026-06-17,22.15196531791908,1.113121387283237,89.75873953717381,3.4958148695224027,True,2026-06-17,13305501922.473986,,,,沿用上一版：当前数据待补齐,13305501922.473986,3.401360544217688,True,2025-06-17,,未知,所属行业批量超时,,,,,,,,,,
600197,伊力特,10.03,10.03,10.04,10.3,10.3,10.31,9.98,8857173.0,89030920.0,-2.621,-0.27,10.03,12.788083333333336,-21.56760525749885,True,2026-06-17,26.80431034482758,1.194047619047619,43.798828125,0.048828125,True,2026-06-17,4745942411.460593,,,,沿用上一版：当前数据待补齐,4745942411.460593,4.48654037886341,True,2025-07-03,,未知,所属行业批量超时,,,,,,,,,,
600216,浙江医药,11.77,11.77,11.78,11.96,11.95,11.96,11.75,15165885.0,179300101.0,-1.589,-0.19,11.77,14.656,-19.69159388646289,True,2026-06-17,15.066918767507,1.005560224089635,26.12745098039216,4.313725490196078,True,2026-06-17,11318476317.499992,,,,沿用上一版：当前数据待补齐,11318476317.499992,3.143585386576041,True,2025-07-21,,未知,所属行业批量超时,,,,,,,,,,
600219,南山铝业,4.63,4.62,4.63,4.69,4.67,4.72,4.59,140938373.0,655238271.0,-1.279,-0.06,4.63,6.001250000000001,-22.849406373672167,True,2026-06-17,12.86573741007194,1.040917266187051,44.18377321603128,78.88563049853371,False,2026-06-17,53169538218.13669,,,,沿用上一版：当前数据待补齐,53169538218.13669,9.382289416846652,True,2026-05-20,,未知,所属行业批量超时,,,,,,,,,,
600248,陕建股份,2.93,2.92,2.93,2.95,2.95,2.96,2.86,18860805.0,54894560.0,-0.678,-0.02,2.93,3.473333333333333,-15.6429942418426,True,2026-06-17,9.890376100198305,0.3957183908045975,53.73647984267453,0.0490677134445534,True,2026-06-17,10957424387.744246,,,,沿用上一版：当前数据待补齐,10957424387.744246,3.071672354948805,True,2025-07-17,,未知,所属行业批量超时,,,,,,,,,,
600273,嘉化能源,6.95,6.95,6.96,7.04,7.0,7.04,6.92,13625439.0,94681496.0,-1.278,-0.09,6.95,9.222833333333334,-24.64354771671757,True,2026-06-17,11.17518610421836,0.9226426799007438,59.88286969253295,0.1464128843338213,True,2026-06-17,9113598397.624071,,,,沿用上一版：当前数据待补齐,9113598397.624071,6.474820143884892,True,2026-05-25,,未知,所属行业批量超时,,,,,,,,,,
600300,维维股份,3.0,3.0,3.01,3.07,3.06,3.07,2.98,21378700.0,64252848.0,-2.28,-0.07,3.0,3.44275,-12.86035872485658,True,2026-06-17,13.947513812154694,1.3093922651933696,5.154639175257731,4.418262150220913,True,2026-06-17,4851426540.331491,,,,沿用上一版：当前数据待补齐,4851426540.331491,3.4666666666666672,True,2026-05-28,,未知,所属行业批量超时,,,,,,,,,,
600346,恒力石化,17.82,17.81,17.82,17.77,17.52,18.4,17.5,46359301.0,829623987.0,0.281,0.05,17.82,22.137833333333333,-19.504317646261683,True,2026-06-17,14.03951764180437,1.7748369807949964,40.8004158004158,22.06457925636008,True,2026-06-17,125436758186.88625,,,,沿用上一版：当前数据待补齐,125436758186.88625,4.601571268237935,True,2026-06-02,,未知,所属行业批量超时,,,,,,,,,,
600371,万向德农,6.66,6.66,6.67,6.89,6.88,6.88,6.65,4696930.0,31503264.0,-3.338,-0.23,6.66,8.683249999999997,-23.30060749143464,True,2026-06-17,351.54302654120096,3.635504587155965,98.6738703339882,8.9128305582762,True,2026-06-17,1948569480.0,,,,沿用上一版：当前数据待补齐,1948569480.0,3.7537537537537538,True,2026-05-26,,未知,所属行业批量超时,,,,,,,,,,
600422,昆药集团,8.2,8.19,8.2,8.38,8.39,8.39,8.18,5366934.0,44203908.0,-2.148,-0.18,8.2,11.169416666666669,-26.5852439324644,True,2026-06-17,52.74899470899473,1.1887830687830678,98.38945827232796,0.0488042947779404,True,2026-06-17,6207201207.703701,,,,沿用上一版：当前数据待补齐,6207201207.703701,3.6585365853658542,True,2025-07-30,,未知,所属行业批量超时,,,,,,,,,,
600475,XD华光环,15.48,15.47,15.48,15.92,15.96,15.96,15.41,8763810.0,136616097.0,-2.764,-0.44,15.48,18.87725,-17.996530214941263,True,2026-06-17,39.50068965517242,1.7063877897117017,99.13617886178862,90.14222658165768,False,2026-06-17,14798349484.911242,,,,沿用上一版：当前数据待补齐,14798349484.911242,4.521963824289405,True,2026-06-17,,未知,所属行业批量超时,,,,,,,,,,
600496,精工钢构,3.45,3.44,3.45,3.48,3.49,3.5,3.4,24917420.0,85520538.0,-0.862,-0.03,3.45,4.217083333333333,-18.18990218357869,True,2026-06-17,10.85807600950119,0.7375296912114016,14.997533300444005,17.809570794277256,True,2026-06-17,6865931846.579574,,,,沿用上一版：当前数据待补齐,6865931846.579574,8.695652173913043,True,2026-06-15,,未知,所属行业批量超时,,,,,,,,,,
600507,方大特钢,4.11,4.11,4.12,4.18,4.18,4.2,4.09,22642073.0,93316117.0,-1.675,-0.07,4.11,5.789,-29.003282086716176,True,2026-06-17,11.883730297723291,0.928528896672504,61.328125,0.830078125,True,2026-06-17,9507202227.971989,,,,沿用上一版：当前数据待补齐,9507202227.971989,4.8661800486618,True,2026-05-29,,未知,所属行业批量超时,,,,,,,,,,
600519,贵州茅台,1240.0,1240.0,1240.02,1255.67,1258.0,1259.77,1238.56,4480330.0,5581256291.0,-1.248,-15.67,1240.0,1394.50475,-11.07954275523264,True,2026-06-17,18.776247459923223,5.734928877850532,0.2942618930848455,0.0490436488474742,True,2026-06-17,1552815066600.1345,,,,沿用上一版：当前数据待补齐,1552815066600.1345,4.163709677419355,True,2025-12-19,,未知,所属行业批量超时,,,,,,,,,,
600559,老白干酒,12.1,12.1,12.11,12.25,12.3,12.35,11.97,7761984.0,93768279.0,-1.224,-0.15,12.1,14.49575,-16.527257989410682,True,2026-06-17,24.99183823529409,2.019632352941178,24.89019033674964,0.1952171791117618,True,2026-06-17,11068444072.044115,,,,沿用上一版：当前数据待补齐,11068444072.044115,4.545454545454546,True,2025-06-20,,未知,所属行业批量超时,,,,,,,,,,
600585,海螺水泥,18.24,18.23,18.24,18.23,18.23,18.44,18.08,32215433.0,587462619.0,0.055,0.01,18.24,22.48133333333333,-18.86602218136529,True,2026-06-17,12.440304182509491,0.5028136882129279,72.67839687194527,0.0977517106549364,True,2026-06-17,96659279040.82124,,,,沿用上一版：当前数据待补齐,96659279040.82124,5.208333333333334,True,2025-09-30,,未知,所属行业批量超时,,,,,,,,,,
600587,新华医疗,12.19,12.18,12.19,12.44,12.44,12.44,12.16,6289466.0,76916694.0,-2.01,-0.25,12.19,14.584666666666667,-16.4190702564337,True,2026-06-17,15.093226511289137,0.9411070648215586,25.24123920771966,0.0488758553274682,True,2026-06-17,7394997052.514202,,,,沿用上一版：当前数据待补齐,7394997052.514202,4.101722723543888,True,2025-10-24,,未知,所属行业批量超时,,,,,,,,,,
600612,老凤祥,34.87,34.87,34.95,35.3,35.3,35.3,34.75,899532.0,31388323.0,-1.218,-0.43,34.87,41.76575,-16.510537940776835,True,2026-06-17,10.803036942675158,1.3326114649681535,0.3416300634455832,0.1952171791117618,True,2026-06-17,18241116430.680004,,,,沿用上一版：当前数据待补齐,18241116430.680004,5.878979065098939,True,2025-09-26,,未知,所属行业批量超时,,,,,,,,,,
600662,外服控股,4.24,4.24,4.25,4.25,4.24,4.25,4.19,8635239.0,36405239.0,-0.235,-0.01,4.24,5.221,-18.78950392645087,True,2026-06-17,14.28166336633664,1.7883564356435626,13.28334226031066,25.65982404692082,True,2026-06-17,9681859270.209902,,,,沿用上一版：当前数据待补齐,9681859270.209902,5.660377358490566,True,2025-08-15,,未知,所属行业批量超时,,,,,,,,,,
600663,陆家嘴,6.79,6.79,6.8,6.72,6.72,6.86,6.6,9077179.0,61178049.0,1.042,0.07,6.79,7.850583333333333,-13.509611812285703,True,2026-06-17,43.037908343125736,1.356404230317274,82.72148800783162,0.2936857562408223,True,2026-06-17,34188693480.178627,,,,沿用上一版：当前数据待补齐,34188693480.178627,3.096612665684831,True,2026-06-16,,未知,所属行业批量超时,,,,,,,,,,
600681,百川能源,3.41,3.41,3.42,3.46,3.45,3.46,3.39,12078840.0,41180752.0,-1.445,-0.05,3.41,4.142833333333333,-17.689182121736323,True,2026-06-17,18.6605060240964,1.2407469879518085,95.2007835455436,6.072477962781587,True,2026-06-17,4572314902.510843,,,,沿用上一版：当前数据待补齐,4572314902.510843,4.39882697947214,True,2026-06-04,,未知,所属行业批量超时,,,,,,,,,,
600720,中交设计,5.43,5.42,5.43,5.47,5.47,5.49,5.32,13384503.0,72172301.0,-0.731,-0.04,5.43,6.902166666666667,-21.32905126409582,True,2026-06-17,8.694512743628186,0.7815292353823085,28.59237536656892,0.0488758553274682,True,2026-06-17,12459653918.316343,,,,沿用上一版：当前数据待补齐,12459653918.316343,4.21731123388582,True,2025-08-18,,未知,所属行业批量超时,,,,,,,,,,
600729,重百集团,19.97,19.96,19.97,20.66,20.66,20.78,19.91,3397869.0,68799896.0,-3.34,-0.69,19.97,22.98208333333333,-13.10622405134434,True,2026-06-17,10.355161895823557,1.0776865321445337,39.23865300146413,0.7808687164470474,True,2026-06-17,8795847947.811821,,,,沿用上一版：当前数据待补齐,8795847947.811821,7.616725087631448,True,2026-01-16,,未知,所属行业批量超时,,,,,,,,,,
600731,湖南海利,5.41,5.41,5.42,5.51,5.48,5.52,5.37,7299700.0,39517467.0,-1.815,-0.1,5.41,6.88125,-21.380563124432328,True,2026-06-17,13.050014880952382,0.941919642857143,36.54127992183683,4.103566194430874,True,2026-06-17,3022796470.9464307,,,,沿用上一版：当前数据待补齐,3022796470.9464307,3.696857670979667,True,2025-07-04,,未知,所属行业批量超时,,,,,,,,,,
600737,中粮糖业,13.27,13.26,13.27,13.24,13.3,13.55,13.11,17339558.0,229753655.0,0.227,0.03,13.27,15.48625,-14.311082411816932,True,2026-06-17,28.66627413127412,2.442226512226513,61.94906953966699,85.30852105778648,False,2026-06-17,28382515985.45754,,,,沿用上一版：当前数据待补齐,28382515985.45754,3.089675960813865,True,2025-08-13,,未知,所属行业批量超时,,,,,,,,,,
600741,华域汽车,16.24,16.23,16.24,16.49,16.48,16.58,16.14,20353281.0,330422344.0,-1.516,-0.25,16.24,18.96475,-14.367444864814994,True,2026-06-17,7.136026200873362,0.7534934497816594,6.552567237163815,0.3911980440097799,True,2026-06-17,51200237500.266365,,,,沿用上一版：当前数据待补齐,51200237500.266365,4.9261083743842375,True,2025-07-25,,未知,所属行业批量超时,,,,,,,,,,
600742,富维股份,7.72,7.71,7.72,7.99,7.94,7.95,7.71,4778918.0,37284597.0,-3.379,-0.27,7.72,9.620583333333334,-19.755385588192,True,2026-06-17,12.803127572016454,0.6751028806584362,58.13385442110406,1.6609672691744015,True,2026-06-17,5736406833.917694,,,,沿用上一版：当前数据待补齐,5736406833.917694,9.974093264248705,True,2026-05-29,,未知,所属行业批量超时,,,,,,,,,,
600754,锦江酒店,19.8,19.8,19.81,20.04,20.02,20.11,19.65,7167668.0,141873271.0,-1.198,-0.24,19.8,25.287750000000003,-21.70121896965923,True,2026-06-17,20.57420965058237,1.3095673876871887,8.370535714285714,0.2928257686676427,True,2026-06-17,21112709191.39768,,,,沿用上一版：当前数据待补齐,21112709191.39768,4.494949494949494,True,2026-05-21,,未知,所属行业批量超时,,,,,,,,,,
600757,XD长江传,7.55,7.55,7.56,7.64,7.64,7.65,7.44,8283890.0,62184399.0,-1.178,-0.09,7.55,8.767833333333332,-13.889786530309644,True,2026-06-17,9.660846867749418,0.8846287703016243,34.24791768740813,30.279274865262128,False,2026-06-17,9163059560.922268,,,,沿用上一版：当前数据待补齐,9163059560.922268,5.43046357615894,True,2026-06-17,,未知,所属行业批量超时,,,,,,,,,,
600779,水井坊,28.81,28.8,28.81,29.13,29.1,29.29,28.4,4082819.0,117010290.0,-1.099,-0.32,28.81,35.38999999999999,-18.592822831308265,True,2026-06-17,36.32870731707318,2.6614115853658564,62.664714494875554,0.0976085895558809,True,2026-06-17,14044967134.028667,,,,沿用上一版：当前数据待补齐,14044967134.028667,3.366886497743838,True,2025-08-12,,未知,所属行业批量超时,,,,,,,,,,
600782,新钢股份,2.59,2.59,2.6,2.65,2.65,2.65,2.58,28041843.0,72908072.0,-2.264,-0.06,2.59,3.5549166666666667,-27.14315853629949,True,2026-06-17,8.487283909199995,0.3257861635220118,69.47904869762175,0.3904343582235237,True,2026-06-17,8246617366.056606,,,,沿用上一版：当前数据待补齐,8246617366.056606,5.5984555984556,True,2026-06-05,,未知,所属行业批量超时,,,,,,,,,,
600801,华新建材,19.0,19.0,19.02,19.06,19.05,19.54,18.63,19748673.0,375284465.0,-0.315,-0.06,19.0,22.292916666666667,-14.771134328916135,True,2026-06-17,12.156011450381689,1.2056297709923658,78.21201758671225,32.82852955544699,False,2026-06-17,39500917330.96375,,,,沿用上一版：当前数据待补齐,39500917330.96375,5.315789473684211,True,2026-06-16,,未知,所属行业批量超时,,,,,,,,,,
600803,新奥股份,16.59,16.58,16.59,16.89,16.9,17.05,16.53,14579329.0,243882802.0,-1.776,-0.3,16.59,20.57483333333333,-19.36751209001288,True,2026-06-17,11.779881656804738,2.1187426035502965,45.04682109413504,26.02267126663381,True,2026-06-17,51359074925.162735,,,,沿用上一版：当前数据待补齐,51359074925.162735,7.293550331525016,True,2025-10-16,,未知,所属行业批量超时,,,,,,,,,,
600809,山西汾酒,117.7,117.69,117.7,117.35,117.41,119.96,115.54,8967680.0,1050504107.0,0.298,0.35,117.7,152.10475,-22.61911610255433,True,2026-06-17,13.075007062146902,3.1918644067796613,0.1464128843338213,0.1464128843338213,True,2026-06-17,143589788929.23392,,,,沿用上一版：当前数据待补齐,143589788929.23392,3.058623619371283,True,2025-07-07,,未知,所属行业批量超时,,,,,,,,,,
600817,宇通重工,9.12,9.12,9.14,9.14,9.12,9.17,8.99,2509600.0,22741570.0,-0.219,-0.02,9.12,11.37275,-19.80831373238663,True,2026-06-17,16.082072538860103,1.866528497409327,9.359903381642512,2.840352595494613,True,2026-06-17,4863735635.772017,,,,沿用上一版：当前数据待补齐,4863735635.772017,8.55263157894737,True,2026-06-15,,未知,所属行业批量超时,,,,,,,,,,
600820,隧道股份,5.45,5.45,5.46,5.43,5.43,5.5,5.37,17540613.0,95082808.0,0.368,0.02,5.45,6.223416666666666,-12.427525073311807,True,2026-06-17,7.857925801011805,0.5330522765598649,52.49266862170088,0.1955034213098729,True,2026-06-17,17135323711.914,,,,沿用上一版：当前数据待补齐,17135323711.914,5.504587155963303,True,2025-10-24,,未知,所属行业批量超时,,,,,,,,,,
600861,XD北京人,13.03,13.02,13.03,13.27,13.26,13.3,12.97,4130921.0,53990164.0,-1.809,-0.24,13.03,16.741,-22.167134579774206,True,2026-06-17,8.762961104140523,0.972754077791719,3.977798334875116,6.884765625,True,2026-06-17,7376448715.605391,,,,沿用上一版：当前数据待补齐,7376448715.605391,13.29470452801228,True,2026-06-17,,未知,所属行业批量超时,,,,,,,,,,
600866,星湖科技,4.82,4.81,4.82,4.79,4.8,4.87,4.7,20712569.0,98900318.0,0.626,0.03,4.82,6.68925,-27.94408939716709,True,2026-06-17,17.492450331125863,0.981556291390728,40.98173515981735,3.4163006344558324,True,2026-06-17,8008298009.407282,,,,沿用上一版：当前数据待补齐,8008298009.407282,7.883817427385892,True,2025-06-23,,未知,所属行业批量超时,,,,,,,,,,
600933,爱柯迪,15.44,15.44,15.45,14.79,14.8,16.0,14.67,23673183.0,363455639.0,4.395,0.65,15.44,17.770500000000002,-13.11443122028082,True,2026-06-17,14.04029099048685,1.6157134862898714,5.056455571919489,2.503681885125184,True,2026-06-17,15905258228.8976,,,,沿用上一版：当前数据待补齐,15905258228.8976,4.533678756476684,True,2026-06-16,,未知,所属行业批量超时,,,,,,,,,,
600968,海油发展,3.8,3.8,3.81,3.83,3.83,3.83,3.78,29512594.0,112158500.0,-0.783,-0.03,3.8,4.2665,-10.934020860189852,True,2026-06-17,9.831026252983296,1.2787589498806682,0.059880239520958,15.149700598802395,True,2026-06-17,38627395956.37231,,,,沿用上一版：当前数据待补齐,38627395956.37231,3.552631578947369,True,2025-06-26,,未知,所属行业批量超时,,,,,,,,,,
600970,中材国际,8.58,8.58,8.59,8.62,8.62,8.69,8.41,25072344.0,213909185.0,-0.464,-0.04,8.58,10.119583333333336,-15.21390044056492,True,2026-06-17,8.478077753779695,0.9636285097192232,33.57735480722304,1.4153245485602732,True,2026-06-17,22495211515.697628,,,,沿用上一版：当前数据待补齐,22495211515.697628,5.594405594405594,True,2026-06-11,,未知,所属行业批量超时,,,,,,,,,,
600983,惠而浦,8.97,8.97,8.98,8.79,8.8,8.97,8.75,6562400.0,58134572.0,2.048,0.18,8.97,10.26775,-12.63908840787903,True,2026-06-17,13.776385026737964,2.235304812834225,6.275303643724696,73.40165934602246,True,2026-06-17,6874957829.999999,,,,沿用上一版：当前数据待补齐,6874957829.999999,3.232998885172797,True,2025-06-27,,未知,所属行业批量超时,,,,,,,,,,
601018,宁波港,3.34,3.34,3.35,3.32,3.32,3.35,3.29,43131254.0,143445299.0,0.602,0.02,3.34,3.741,-10.719059075113602,True,2026-06-17,12.587180851063827,0.7905851063829786,0.7850834151128557,0.2944062806673209,True,2026-06-17,64977657252.44679,,,,沿用上一版：当前数据待补齐,64977657252.44679,3.592814371257485,True,2026-05-25,,未知,所属行业批量超时,,,,,,,,,,
601065,江盐集团,7.23,7.23,7.24,7.29,7.3,7.31,7.2,2463400.0,17840942.0,-0.823,-0.06,7.23,8.334750000000001,-13.254746693062192,True,2026-06-17,22.963317249698445,1.0291194209891437,97.10144927536231,0.1317523056653491,True,2026-06-17,4647271051.248492,,,,沿用上一版：当前数据待补齐,4647271051.248492,3.042876901798064,True,2025-06-23,,未知,所属行业批量超时,,,,,,,,,,
601311,骆驼股份,8.25,8.25,8.26,8.43,8.35,8.39,8.21,12582986.0,104156937.0,-2.135,-0.18,8.25,9.415166666666666,-12.375422633693857,True,2026-06-17,12.72785132382892,0.9493380855397144,3.0511811023622046,4.7736220472440944,True,2026-06-17,9678455473.701632,,,,沿用上一版：当前数据待补齐,9678455473.701632,3.5151515151515147,True,2025-07-04,,未知,所属行业批量超时,,,,,,,,,,
601318,中国平安,52.76,52.76,52.79,52.99,53.24,53.34,52.5,65390576.0,3453554961.0,-0.434,-0.23,52.76,61.32966666666666,-13.973117958138792,True,2026-06-17,7.1945454545454455,0.93994671994672,4.105571847507331,17.008797653958943,True,2026-06-17,955359191656.4644,,,,沿用上一版：当前数据待补齐,955359191656.4644,8.188021228203185,True,2026-06-10,,未知,所属行业批量超时,,,,,,,,,,
601390,中国中铁,4.68,4.68,4.69,4.57,4.57,4.74,4.54,236001600.0,1094618074.0,2.407,0.11,4.68,5.337000000000001,-12.310286677908955,True,2026-06-17,5.443143418467586,0.3585854616895869,49.1442542787286,0.4889975550122249,True,2026-06-17,115531518628.07857,,,,沿用上一版：当前数据待补齐,115531518628.07857,5.555555555555556,True,2025-12-23,,未知,所属行业批量超时,,,,,,,,,,
601566,九牧王,9.24,9.24,9.25,9.65,9.56,9.59,9.21,11638700.0,108581282.0,-4.249,-0.41,9.24,11.776833333333336,-21.54087827797514,True,2026-06-17,30.847773722627743,1.2983211678832125,63.39677891654466,26.35431918008785,True,2026-06-17,5309647265.999997,,,,沿用上一版：当前数据待补齐,5309647265.999997,5.411255411255411,True,2026-06-04,,未知,所属行业批量超时,,,,,,,,,,
601567,三星电气,15.38,15.37,15.38,15.35,15.29,15.44,15.08,18296007.0,278334266.0,0.195,0.03,15.38,23.364916666666662,-34.17481337760674,True,2026-06-17,22.699350583460213,1.8493455098934544,79.64860907759883,46.12005856515373,False,2026-06-17,21612120572.000004,,,,沿用上一版：当前数据待补齐,21612120572.000004,4.096228868660598,True,2026-06-10,,未知,所属行业批量超时,,,,,,,,,,
601601,中国太保,32.19,32.18,32.19,32.5,32.7,32.91,31.89,50004454.0,1611494787.0,-0.954,-0.31,32.19,39.08075,-17.632082291153583,True,2026-06-17,5.740113821138209,0.9683170731707322,0.537109375,10.7421875,True,2026-06-17,309678791436.88617,,,,沿用上一版：当前数据待补齐,309678791436.88617,3.355079217148184,True,2025-07-18,,未知,所属行业批量超时,,,,,,,,,,
601686,友发集团,5.01,5.01,5.03,5.08,5.05,5.08,4.99,4373659.0,21955211.0,-1.378,-0.07,5.01,5.862416666666666,-14.540363047093772,True,2026-06-17,10.898318425760287,1.1023792486583182,2.763256161314413,0.2987303958177745,True,2026-06-17,7372450670.758502,,,,沿用上一版：当前数据待补齐,7372450670.758502,5.9880239520958085,True,2026-01-21,,未知,所属行业批量超时,,,,,,,,,,
601717,中创智领,17.85,17.85,17.86,17.95,17.94,18.02,17.72,19821469.0,353771851.0,-0.557,-0.1,17.85,21.77925,-18.04125486414821,True,2026-06-17,7.774492594624241,1.2729018102029623,16.642264519277695,55.05124450951684,True,2026-06-17,31869388750.59793,,,,沿用上一版：当前数据待补齐,31869388750.59793,6.274509803921567,True,2025-07-25,,未知,所属行业批量超时,,,,,,,,,,
601800,中国交建,6.39,6.38,6.39,6.17,6.16,6.53,6.05,124537159.0,781520692.0,3.566,0.22,6.39,7.5955,-15.871239549733406,True,2026-06-17,7.769869565217387,0.3611739130434775,65.00732064421669,0.7808687164470474,True,2026-06-17,103994976598.21304,,,,沿用上一版：当前数据待补齐,103994976598.21304,4.372613458528953,True,2026-01-09,,未知,所属行业批量超时,,,,,,,,,,
601801,皖新传媒,5.2,5.2,5.21,5.23,5.23,5.23,5.15,11637283.0,60335828.0,-0.574,-0.03,5.2,6.349083333333334,-18.098413156754912,True,2026-06-17,13.579672131147548,0.8354098360655731,16.650390625,3.955078125,True,2026-06-17,10181242432.655745,,,,沿用上一版：当前数据待补齐,10181242432.655745,3.8461538461538463,True,2026-01-09,,未知,所属行业批量超时,,,,,,,,,,
601811,新华文轩,11.72,11.72,11.73,11.86,11.86,11.86,11.61,2482000.0,29058183.0,-1.18,-0.14,11.72,13.85925,-15.435539441167446,True,2026-06-17,9.232906976744186,0.9284011627906984,17.760236803157376,1.3813517513566849,True,2026-06-17,14460616520.000002,,,,沿用上一版：当前数据待补齐,14460616520.000002,5.2047781569965865,True,2026-06-12,,未知,所属行业批量超时,,,,,,,,,,
601857,中国石油,9.77,9.77,9.78,9.95,9.91,9.93,9.73,140183385.0,1376442353.0,-1.809,-0.18,9.77,11.085166666666664,-11.864202913803712,True,2026-06-17,11.307544964028777,1.0982464028776977,46.9758064516129,72.61492832427089,False,2026-06-17,1788114953281.7195,,,,沿用上一版：当前数据待补齐,1788114953281.7195,4.810644831115661,True,2025-09-17,,未知,所属行业批量超时,,,,,,,,,,
601900,南方传媒,11.61,11.61,11.62,11.78,11.74,11.74,11.58,3609852.0,42011583.0,-1.443,-0.17,11.61,13.499,-13.993629157715382,True,2026-06-17,10.007985725614592,1.1232513877874706,24.89019033674964,26.061493411420205,True,2026-06-17,10239672791.026966,,,,沿用上一版：当前数据待补齐,10239672791.026966,4.737295434969854,True,2025-07-28,,未知,所属行业批量超时,,,,,,,,,,
601952,苏垦农发,8.24,8.24,8.25,8.34,8.34,8.35,8.22,6675404.0,55062539.0,-1.199,-0.1,8.24,9.489833333333335,-13.170234812694304,True,2026-06-17,22.066873065015468,1.607182662538699,64.78942213516162,2.007835455435848,True,2026-06-17,11354720000.000002,,,,沿用上一版：当前数据待补齐,11354720000.000002,3.2766990291262137,True,2025-10-17,,未知,所属行业批量超时,,,,,,,,,,
601992,金隅集团,1.5,1.5,1.51,1.52,1.52,1.52,1.5,32284848.0,48577043.0,-1.316,-0.02,1.5,1.7895,-16.177703269069575,True,2026-06-17,634.0009252690359,0.4082840236686385,97.17114568599716,7.380254154447703,True,2026-06-17,16016656700.591722,,,,沿用上一版：当前数据待补齐,16016656700.591722,3.333333333333333,True,2025-07-09,,未知,所属行业批量超时,,,,,,,,,,
603017,中衡设计,11.07,11.06,11.07,10.88,10.8,11.45,10.73,13627200.0,151157062.0,1.746,0.19,11.07,12.958166666666669,-14.571248504803924,True,2026-06-17,62.86486518873576,2.049508687837028,89.19977616116395,81.90335305719921,False,2026-06-17,3057426543.397245,,,,沿用上一版：当前数据待补齐,3057426543.397245,3.161698283649503,True,2026-06-11,,未知,所属行业批量超时,,,,,,,,,,
603027,千禾味业,7.74,7.74,7.75,7.85,7.84,7.87,7.74,8006660.0,62175201.0,-1.401,-0.11,7.74,9.362666666666666,-17.331244659641122,True,2026-06-17,30.78626262626264,2.936161616161619,32.25963884821864,0.4880429477794046,True,2026-06-17,10318390688.949488,,,,沿用上一版：当前数据待补齐,10318390688.949488,7.751937984496124,True,2025-10-23,,未知,所属行业批量超时,,,,,,,,,,
603035,常熟汽饰,11.08,11.08,11.09,11.49,11.45,11.47,10.96,7310804.0,81490258.0,-3.568,-0.41,11.08,14.289166666666668,-22.45873913804165,True,2026-06-17,12.29659543109802,0.7511864406779664,38.213762811127374,0.0488042947779404,True,2026-06-17,4059125646.7266026,,,,沿用上一版：当前数据待补齐,4059125646.7266026,4.601263537906138,True,2026-06-09,,未知,所属行业批量超时,,,,,,,,,,
603037,凯众股份,11.4,11.4,11.41,11.66,11.69,11.74,11.35,5203872.0,59524063.0,-2.23,-0.26,11.4,14.73525,-22.63449890568535,True,2026-06-17,43.10722070844688,3.05967302452316,94.00785854616896,74.41060903732809,False,2026-06-17,3042902820.0000014,,,,沿用上一版：当前数据待补齐,3042902820.0000014,4.824561403508772,True,2026-06-12,,未知,所属行业批量超时,,,,,,,,,,
603043,广州酒家,13.39,13.38,13.39,13.71,13.71,13.83,13.39,2687291.0,36236914.0,-2.334,-0.32,13.39,16.28258333333333,-17.76489193463362,True,2026-06-17,15.549677419354843,1.904042132982227,1.07369448511469,0.0488042947779404,True,2026-06-17,7615841078.994076,,,,沿用上一版：当前数据待补齐,7615841078.994076,3.734129947722181,True,2026-05-29,,未知,所属行业批量超时,,,,,,,,,,
603062,麦加芯彩,41.4,41.38,41.4,41.46,41.72,41.72,41.05,415500.0,17151294.0,-0.145,-0.06,41.4,48.44624999999999,-14.544469386175384,True,2026-06-17,26.282022471910093,2.122331460674159,66.18122977346277,34.46601941747573,False,2026-06-17,4471200000.0,,,,沿用上一版：当前数据待补齐,4471200000.0,4.130434782608696,True,2026-05-15,,未知,所属行业批量超时,,,,,,,,,,
603096,新经典,15.0,15.0,15.01,15.11,15.26,15.35,14.87,1437020.0,21696048.0,-0.728,-0.11,15.0,17.8645,-16.03459374737608,True,2026-06-15,31.626409017713367,1.2318840579710149,66.12586037364798,0.344149459193707,True,2026-06-15,2313519359.903384,,,,沿用上一版：当前数据待补齐,2313519359.903384,4.0,True,2026-06-05,,未知,所属行业批量超时,,,,,,,,,,
603100,川仪股份,18.0,18.0,18.01,18.27,18.26,18.52,17.85,5566058.0,100856325.0,-1.478,-0.27,18.0,21.73858333333333,-17.19791614755638,True,2026-06-15,14.400000000000002,1.924752475247524,40.84025403028823,35.36883243771373,False,2026-06-15,9237117167.821796,,,,沿用上一版：当前数据待补齐,9237117167.821796,4.361111111111111,True,2026-05-25,,未知,所属行业批量超时,,,,,,,,,,
603113,XD金能科,4.84,4.84,4.85,4.83,4.88,4.93,4.81,7226566.0,35088691.0,0.207,0.01,4.84,6.537166666666667,-25.9618081227851,True,2026-06-15,186.3381245747114,0.56006908462867,92.97834991222938,5.5202735710796285,True,2026-06-15,4106694581.740932,,,,沿用上一版：当前数据待补齐,4106694581.740932,8.326446280991734,True,2026-06-15,,未知,所属行业批量超时,,,,,,,,,,
603170,宝立食品,12.23,12.23,12.24,12.17,12.25,12.39,12.12,3259600.0,39934533.0,0.493,0.06,12.23,13.607833333333334,-10.125295479319508,True,2026-06-15,18.126441064638765,3.162129277566542,8.050847457627118,0.9533898305084746,True,2026-06-15,4892122300.0,,,,沿用上一版：当前数据待补齐,4892122300.0,3.597710547833197,True,2026-06-02,,未知,所属行业批量超时,,,,,,,,,,
603187,海容冷链,12.54,12.54,12.55,12.38,12.52,12.61,12.41,3918712.0,48983656.0,1.292,0.16,12.54,14.941666666666666,-16.07361963190185,True,2026-06-15,12.455725806451603,1.129274193548387,6.421514818880351,14.1602634467618,True,2026-06-15,4845657981.645161,,,,沿用上一版：当前数据待补齐,4845657981.645161,8.373205741626794,True,2026-06-11,,未知,所属行业批量超时,,,,,,,,,,
603202,天有为,64.56,64.56,64.57,64.5,64.49,65.35,63.9,676000.0,43624894.0,0.093,0.06,64.56,88.52508333333334,-27.07151739478736,True,2026-06-05,12.772516015575937,1.5002637859565373,1.1152416356877324,1.1152416356877324,True,2026-06-05,10329600000.0,,,,沿用上一版：当前数据待补齐,10329600000.0,5.405824039653036,True,2025-10-16,,未知,所属行业批量超时,,,,,,,,,,
603207,小方制药,22.77,22.71,22.77,22.49,22.52,22.97,22.45,862900.0,19600724.0,1.245,0.28,22.77,27.953416666666666,-18.54305228043084,True,2026-06-05,17.98351351351352,3.1795945945945947,2.823529411764706,1.8823529411764703,True,2026-06-05,3661871400.0000014,,,,沿用上一版：当前数据待补齐,3661871400.0000014,9.661835748792273,True,2025-10-20,,未知,所属行业批量超时,,,,,,,,,,
603218,日月股份,11.14,11.13,11.14,11.19,11.1,11.34,11.03,7946779.0,88877535.0,-0.447,-0.05,11.14,13.571416666666668,-17.915717469927607,True,2026-06-05,22.183283346487794,1.0990528808208373,17.59213759213759,4.0294840294840295,True,2026-06-05,11478001525.43962,,,,沿用上一版：当前数据待补齐,11478001525.43962,3.141831238779174,True,2025-07-16,,未知,所属行业批量超时,,,,,,,,,,
603230,内蒙新华,9.9,9.89,9.9,9.7,9.7,9.97,9.69,1817700.0,17883640.0,2.062,0.2,9.9,11.856916666666669,-16.50443130943261,True,2026-06-05,42.450548446069455,1.239762340036564,98.23091247672254,0.5586592178770949,True,2026-06-05,3499877700.0000043,,,,沿用上一版：当前数据待补齐,3499877700.0000043,4.848484848484848,True,2025-06-19,,未知,所属行业批量超时,,,,,,,,,,
603277,XD银都股,11.44,11.43,11.44,11.18,11.29,11.5,11.15,1325855.0,15031064.0,2.326,0.26,11.44,15.14575,-24.467259792351005,True,2026-06-05,21.379672131147544,2.4636065573770507,70.5046545810877,25.477707006369428,True,2026-06-05,7020720049.114753,,,,沿用上一版：当前数据待补齐,7020720049.114753,10.48951048951049,True,2026-06-05,,未知,所属行业批量超时,,,,,,,,,,
603279,景津装备,14.02,14.02,14.03,13.98,14.01,14.32,13.8,8700337.0,122315661.0,0.286,0.04,14.02,17.34625,-19.175614325862945,True,2026-06-05,16.931619348054685,1.7396004206098858,39.201451905626136,0.1209921355111917,True,2026-06-05,8080749460.000001,,,,沿用上一版：当前数据待补齐,8080749460.000001,5.706134094151213,True,2026-06-01,,未知,所属行业批量超时,,,,,,,,,,
603309,维力医疗,11.57,11.56,11.57,11.49,11.54,11.65,11.51,3863936.0,44763344.0,0.696,0.08,11.57,14.086583333333332,-17.865108051988,True,2026-06-05,43.65638028169016,1.849570422535212,86.4039408866995,8.916256157635468,True,2026-06-05,3376952306.585917,,,,沿用上一版：当前数据待补齐,3376952306.585917,4.32152117545376,True,2026-05-28,,未知,所属行业批量超时,,,,,,,,,,
603321,梅轮电梯,6.59,6.59,6.6,6.43,6.42,6.68,6.35,4546400.0,29693021.0,2.488,0.16,6.59,7.665416666666666,-14.029461325216063,True,2026-06-05,66.54355468750002,1.5874348958333326,89.97050147492625,2.409046214355949,True,2026-06-05,2299181600.778645,,,,沿用上一版：当前数据待补齐,2299181600.778645,3.0349013657056148,True,2025-06-23,,未知,所属行业批量超时,,,,,,,,,,
603326,我乐家居,7.3,7.29,7.3,7.16,7.17,7.37,7.1,2670600.0,19377832.0,1.955,0.14,7.3,9.00325,-18.918168439174742,True,2026-06-05,16.2668618266979,1.9574941451990613,30.17193566278425,10.87702106810387,True,2026-06-05,2329991588.829041,,,,沿用上一版：当前数据待补齐,2329991588.829041,9.58904109589041,True,2026-05-22,,未知,所属行业批量超时,,,,,,,,,,
603357,设计总院,6.91,6.91,6.92,6.86,6.86,6.97,6.84,2545520.0,17581286.0,0.729,0.05,6.91,8.004333333333333,-13.67176112938825,True,2026-06-05,12.90597883597884,0.968862433862434,64.42590775269872,0.2453385672227674,True,2026-06-05,3873593351.153439,,,,沿用上一版：当前数据待补齐,3873593351.153439,5.065123010130246,True,2025-10-27,,未知,所属行业批量超时,,,,,,,,,,
603367,辰欣药业,13.46,13.46,13.47,13.31,13.41,13.6,13.37,3952900.0,53324090.0,1.127,0.15,13.46,16.713583333333336,-19.46670123602061,True,2026-06-05,14.92024250159541,0.9620421186981496,51.78833904948554,0.7839294463498285,True,2026-06-05,6094070575.970649,,,,沿用上一版：当前数据待补齐,6094070575.970649,4.219910846953937,True,2026-06-03,,未知,所属行业批量超时,,,,,,,,,,
603369,今世缘,25.93,25.93,25.94,26.76,27.01,27.49,25.85,17789323.0,468210042.0,-3.102,-0.83,25.93,30.75658333333333,-15.69284624700944,True,2026-06-05,13.790003554923574,1.7974937788837544,3.625673689367957,0.2449779519843214,True,2026-06-05,32329524959.58514,,,,沿用上一版：当前数据待补齐,32329524959.58514,9.255688391824142,True,2026-06-04,,未知,所属行业批量超时,,,,,,,,,,
603381,永臻股份,18.45,18.44,18.45,18.46,18.36,18.71,17.92,4319638.0,79275313.0,-0.054,-0.01,18.45,23.07625,-20.04766805698499,True,2026-06-05,47.633391498533065,1.3064635652531904,72.54464285714286,5.470459518599562,True,2026-06-05,4377379215.049404,,,,沿用上一版：当前数据待补齐,4377379215.049404,3.0352303523035227,True,2025-06-20,,未知,所属行业批量超时,,,,,,,,,,
603408,建霖家居,10.17,10.15,10.17,10.1,10.1,10.26,10.06,2270600.0,23065711.0,0.693,0.07,10.17,12.462666666666667,-18.396276880282446,True,2026-06-05,11.058060453400495,1.29793450881612,16.348195329087048,0.1415428167020523,True,2026-06-05,4551817410.0,,,,沿用上一版：当前数据待补齐,4551817410.0,11.2094395280236,True,2026-06-03,,未知,所属行业批量超时,,,,,,,,,,
603511,XD爱慕股,13.05,13.02,13.05,12.89,12.88,13.16,12.83,1552300.0,20181151.0,1.241,0.16,13.05,14.97725,-12.86784957185063,True,2026-06-05,32.90246913580248,1.1814814814814816,74.00332225913621,13.372093023255813,True,2026-06-05,5272860486.635802,,,,沿用上一版：当前数据待补齐,5272860486.635802,5.900383141762452,True,2026-06-05,,未知,所属行业批量超时,,,,,,,,,,
603529,爱玛科技,21.56,21.5,21.56,20.73,20.74,22.02,20.74,9546789.0,204723369.0,4.004,0.83,21.56,28.004,-23.010998428795894,True,2026-06-05,11.504822269807278,1.892847965738756,12.614107883817429,0.9128630705394192,True,2026-06-05,18711772692.197014,,,,沿用上一版：当前数据待补齐,18711772692.197014,8.181818181818182,True,2026-05-28,,未知,所属行业批量超时,,,,,,,,,,
603566,普莱柯,10.43,10.43,10.44,10.35,10.34,10.51,10.29,2033005.0,21178849.0,0.773,0.08,10.43,12.732833333333334,-18.08578870898072,True,2026-06-05,20.88676646706589,1.3650898203592814,1.9598236158745712,0.0979911807937285,True,2026-06-05,3609429507.059885,,,,沿用上一版：当前数据待补齐,3609429507.059885,5.752636625119846,True,2025-10-17,,未知,所属行业批量超时,,,,,,,,,,
603568,伟明环保,14.99,14.99,15.0,14.46,14.45,15.3,14.18,15039276.0,222270695.0,3.665,0.53,14.99,24.07883333333333,-37.746153260470805,True,2026-06-05,13.236000939849628,1.6765131578947357,9.015188633023028,0.1959823615874571,True,2026-06-05,25634819604.74811,,,,沿用上一版：当前数据待补齐,25634819604.74811,7.204803202134757,True,2026-05-26,,未知,所属行业批量超时,,,,,,,,,,
603569,长久物流,6.0,5.99,6.0,5.86,5.88,6.06,5.85,5297883.0,31597900.0,2.389,0.14,6.0,7.146083333333333,-16.037922871503042,True,2026-06-05,54.13943884785821,1.3660714285714282,46.45669291338583,1.2738853503184715,True,2026-06-05,3621043506.25,,,,沿用上一版：当前数据待补齐,3621043506.25,6.0,True,2025-10-22,,未知,所属行业批量超时,,,,,,,,,,
603589,口子窖,20.3,20.3,20.31,20.47,20.68,21.1,20.28,7031188.0,144658013.0,-0.83,-0.17,20.3,26.761916666666668,-24.14594121621833,True,2026-06-05,31.01292662116042,1.134513651877133,96.37432631063204,0.0489955903968642,True,2026-06-05,12141825281.877125,,,,沿用上一版：当前数据待补齐,12141825281.877125,6.403940886699508,True,2025-07-07,,未知,所属行业批量超时,,,,,,,,,,
603611,诺力股份,18.41,18.41,18.43,17.94,17.95,18.74,17.94,3596189.0,66291940.0,2.62,0.47,18.41,21.3315,-13.695708224925584,True,2026-06-05,12.43844544095665,1.4676631788739414,26.555609995100443,3.2337089661930425,True,2026-06-05,4742430561.970605,,,,沿用上一版：当前数据待补齐,4742430561.970605,4.524714828897338,True,2026-05-08,,未知,所属行业批量超时,,,,,,,,,,
603639,海利尔,11.04,11.03,11.04,11.14,11.16,11.18,10.98,2099905.0,23246012.0,-0.898,-0.1,11.04,13.166583333333332,-16.15136804663321,True,2026-05-29,25.3359548751007,1.1031103948428689,93.713163064833,2.013752455795678,True,2026-05-29,3860116525.653504,,,,沿用上一版：当前数据待补齐,3860116525.653504,4.528985507246378,True,2025-07-18,,未知,所属行业批量超时,,,,,,,,,,
603676,卫信康,9.23,9.23,9.25,9.22,9.2,9.31,9.11,1744100.0,16079056.0,0.108,0.01,9.23,10.746333333333332,-14.110239151338432,True,2026-05-29,18.539039010466222,2.599505233111323,14.320866141732283,5.31496062992126,True,2026-05-29,4016540645.0000014,,,,沿用上一版：当前数据待补齐,4016540645.0000014,3.542795232936078,True,2025-11-26,,未知,所属行业批量超时,,,,,,,,,,
603801,志邦家居,7.45,7.44,7.45,7.51,7.56,7.68,7.41,2885300.0,21714125.0,-0.799,-0.06,7.45,9.146916666666666,-18.551788854167604,True,2026-05-29,47.38546511627909,1.0308720930232564,98.96653543307087,0.0492125984251968,True,2026-05-29,3235917907.4767456,,,,沿用上一版：当前数据待补齐,3235917907.4767456,8.053691275167784,True,2025-06-18,,未知,所属行业批量超时,,,,,,,,,,
603833,欧派家居,39.18,39.18,39.19,37.77,37.83,39.38,37.83,4545169.0,176688933.0,3.733,1.41,39.18,52.34666666666667,-25.1528273051452,True,2026-05-29,12.9464347826087,1.2879957582184514,10.368550368550368,0.2457002457002457,True,2026-05-29,23866609329.01845,,,,沿用上一版：当前数据待补齐,23866609329.01845,9.494640122511486,True,2026-01-09,,未知,所属行业批量超时,,,,,,,,,,
603899,晨光股份,23.05,23.05,23.06,22.32,22.55,23.36,22.39,8458705.0,194938710.0,3.271,0.73,23.05,26.23025,-12.124360232937171,True,2026-05-29,15.970556227327693,2.2018742442563486,1.6224188790560472,0.4916420845624385,True,2026-05-29,21228367189.506256,,,,沿用上一版：当前数据待补齐,21228367189.506256,4.338394793926248,True,2026-05-20,,未知,所属行业批量超时,,,,,,,,,,
603998,XD方盛制,9.9,9.9,9.91,9.77,9.85,10.0,9.8,4903000.0,48613723.0,1.331,0.13,9.9,11.331583333333333,-12.633568418652874,True,2026-05-29,14.185479452054794,2.504383561643836,4.334975369458128,33.34975369458128,True,2026-05-29,4346905464.0,,,,沿用上一版：当前数据待补齐,4346905464.0,6.565656565656567,True,2026-05-29,,未知,所属行业批量超时,,,,,,,,,,
605001,威奥股份,6.39,6.37,6.39,6.54,6.52,6.61,6.35,6211919.0,40199397.0,-2.294,-0.15,6.39,7.602749999999999,-15.951464930452795,True,2026-05-29,30.751875,0.9177127659574472,56.46817248459959,14.610613370089592,True,2026-05-29,2510541540.0000005,,,,沿用上一版：当前数据待补齐,2510541540.0000005,3.129890453834116,True,2025-09-26,,未知,所属行业批量超时,,,,,,,,,,
605050,福然德,10.82,10.82,10.83,10.96,11.08,11.08,10.78,2380300.0,25905147.0,-1.277,-0.14,10.82,13.006666666666668,-16.81189133777551,True,2026-05-29,14.36201091192517,1.197537022603273,25.38405267008047,13.97220190197513,True,2026-05-29,5332411738.226031,,,,沿用上一版：当前数据待补齐,5332411738.226031,3.234750462107209,True,2026-02-05,,未知,所属行业批量超时,,,,,,,,,,
605090,九丰能源,36.33,36.33,36.34,37.66,37.5,37.58,36.06,12560000.0,459651623.0,-3.532,-1.33,36.33,42.37308333333333,-14.261608686331927,True,2026-05-29,18.211178645712963,2.182990524612896,78.43463780183181,55.28726061615321,False,2026-05-29,25645938016.137737,,,,沿用上一版：当前数据待补齐,25645938016.137737,3.3875034406826314,True,2025-09-10,,未知,所属行业批量超时,,,,,,,,,,
605337,李子园,9.93,9.92,9.93,9.72,9.6,10.08,9.6,5177673.0,51369656.0,2.16,0.21,9.93,11.576166666666666,-14.22030896813855,True,2026-05-29,21.09319740500463,2.3191473586654308,20.921155347384857,3.9812646370023423,True,2026-05-29,3873716106.806302,,,,沿用上一版：当前数据待补齐,3873716106.806302,7.452165156092648,True,2025-10-17,,未知,所属行业批量超时,,,,,,,,,,
605338,巴比食品,21.31,21.31,21.32,20.11,20.03,21.51,20.03,4052070.0,85480834.0,5.967,1.2,21.31,26.99125,-21.048487935905147,True,2026-05-29,18.032962641181584,2.138405734144224,21.611721611721613,26.73992673992674,True,2026-05-29,5105165566.997827,,,,沿用上一版：当前数据待补齐,5105165566.997827,5.631159080244017,True,2026-05-19,,未知,所属行业批量超时,,,,,,,,,,
605378,野马电池,16.61,16.6,16.61,17.15,17.18,17.22,16.52,2393960.0,40066973.0,-3.149,-0.54,16.61,21.131000000000004,-21.39510671525249,True,2026-05-29,111.51960552268238,3.489082840236687,98.47020933977456,67.7133655394525,False,2026-05-29,4340963704.0,,,,沿用上一版：当前数据待补齐,4340963704.0,3.0102347983142685,True,2025-06-04,,未知,所属行业批量超时,,,,,,,,,,
605499,东鹏饮料,142.44,142.44,142.49,141.01,140.25,146.5,137.55,8981008.0,1276164295.0,1.014,1.43,142.44,232.52941666666663,-38.7432342789604,True,2026-05-29,17.144368436843695,3.93173717371737,0.4125412541254125,0.4125412541254125,True,2026-05-29,80445653627.99995,,,,沿用上一版：当前数据待补齐,80445653627.99995,3.5102499297950014,True,2026-05-18,,未知,所属行业批量超时,,,,,,,,,,
605507,DR国邦医,15.31,15.3,15.31,15.13,15.15,15.39,14.9,4447614.0,67686802.0,1.19,0.18,15.31,25.106583333333333,-39.01997815977881,True,2026-05-29,11.165194300518138,0.9849697754749572,0.1721170395869191,0.0860585197934595,True,2026-05-29,8555587784.999997,,,,沿用上一版：当前数据待补齐,8555587784.999997,7.876094056172437,True,2026-05-29,,未知,所属行业批量超时,,,,,,,,,,
605599,菜百股份,16.01,16.0,16.02,15.85,15.93,16.2,15.84,5690296.0,91118553.0,1.009,0.16,16.01,20.12133333333333,-20.43270823669736,True,2026-05-29,10.278660235798494,2.4624169346195104,0.2636203866432337,33.391915641476274,True,2026-05-29,12452222578.000002,,,,沿用上一版：当前数据待补齐,12452222578.000002,4.497189256714553,True,2025-06-16,,未知,所属行业批量超时,,,,,,,,,,
688013,天臣医疗,29.03,29.03,29.04,29.91,29.76,30.09,29.03,1023539.0,30019049.0,-2.942,-0.88,29.03,41.85108333333333,-30.635009448182338,True,2026-05-29,28.843494413407807,4.086905027932964,14.609203798392986,65.44923301680059,True,2026-05-29,2355947068.0000005,,,,沿用上一版：当前数据待补齐,2355947068.0000005,3.4447123665173955,True,2025-10-16,,未知,所属行业批量超时,,,,,,,,,,
688032,禾迈股份,96.07,95.93,96.07,100.33,100.32,100.63,94.96,1668288.0,161218294.0,-4.246,-4.26,96.07,108.95366666666663,-11.824904164155392,True,2026-05-29,301.8371075861739,2.103662646480198,92.89940828402366,10.849056603773583,True,2026-05-29,11919745468.191088,,,,沿用上一版：当前数据待补齐,11919745468.191088,3.330904548766525,True,2025-06-19,,未知,所属行业批量超时,,,,,,,,,,
688208,道通科技,30.31,30.3,30.31,34.3,34.5,34.8,30.06,35850345.0,1129087114.0,-11.633,-3.99,30.31,35.10675,-13.663326853098043,True,2026-05-29,21.81965497076024,5.273230994152047,0.1984126984126984,38.35978835978836,True,2026-05-29,20313269705.3345,,,,沿用上一版：当前数据待补齐,20313269705.3345,3.563180468492247,True,2026-05-15,,未知,所属行业批量超时,,,,,,,,,,
688289,圣湘生物,16.39,16.39,16.4,16.2,16.6,16.61,16.2,4250977.0,69449860.0,1.173,0.19,16.39,18.825666666666667,-12.93801016342936,True,2026-05-29,60.50370309050773,1.3296523178807946,99.63741841914432,2.4655547498187094,True,2026-05-29,9496169418.593266,,,,沿用上一版：当前数据待补齐,9496169418.593266,3.2763880414887128,True,2025-09-23,,未知,所属行业批量超时,,,,,,,,,,
688399,硕世生物,55.33,55.32,55.33,55.99,56.64,56.64,54.1,1151944.0,63718122.0,-1.179,-0.66,55.33,64.667,-14.438585368116662,True,2026-05-28,117.80572844291171,1.5714825218476909,95.71984435797664,41.7948717948718,False,2026-05-28,4640622323.206305,,,,沿用上一版：当前数据待补齐,4640622323.206305,6.144948490872944,True,2025-09-11,,未知,所属行业批量超时,,,,,,,,,,
688543,国科军工,45.57,45.56,45.57,44.99,45.01,45.89,44.26,4482700.0,202252322.0,1.289,0.58,45.57,64.70491666666666,-29.57258528782588,True,2026-05-28,40.04551813868054,3.892248584111434,3.9942938659058487,51.06990014265336,True,2026-05-28,9516931215.792591,,,,沿用上一版：当前数据待补齐,9516931215.792591,3.949967083607637,True,2026-05-22,,未知,所属行业批量超时,,,,,,,,,,
688606,奥泰生物,48.16,48.16,48.28,48.61,48.45,48.88,47.8,455306.0,21930454.0,-0.926,-0.45,48.16,63.02258333333334,-23.58294844044001,True,2026-05-27,21.40915492957745,0.9835492957746482,77.79735682819383,0.9592326139088728,True,2026-05-27,3818165976.8,,,,沿用上一版：当前数据待补齐,3818165976.8,5.191029900332227,True,2025-10-16,,未知,所属行业批量超时,,,,,,,,,,
688739,成大生物,21.45,21.45,21.46,21.89,21.89,22.03,21.28,2322274.0,49993125.0,-2.01,-0.44,21.45,25.263916666666667,-15.096300059043363,True,2026-05-27,154.91065573770493,0.9557377049180326,98.82352941176472,0.090497737556561,True,2026-05-27,8932852500.0,,,,沿用上一版：当前数据待补齐,8932852500.0,3.7296037296037294,True,2025-06-10,,未知,所属行业批量超时,,,,,,,,,,
